2026-08-13 13:36:40.457 | INFO    |comum.dados.repositorio_cache:__init__:77 - Inicializando conexão com o banco no ambiente [dev]
2026-08-13 13:36:40.458 | INFO    |comum.dados.repositorio_cache:__init__:77 - Utilizando SQLite local [C:\Users\BTIMES~1\AppData\Local\Temp\detraf_comum_teste_at7piv4o\TABELAS_DETRAF_TESTE.db]
2026-08-13 13:36:43.451 | INFO    |tests.test_area_de_trabalho:test_a_copia_tem_o_mesmo_conteudo_e_fica_fora_da_origem:36 - Área de trabalho em [C:\Users\Btime Soluções\AppData\Local\Temp\pytest-of-Btime Soluções\pytest-15\test_a_copia_tem_o_mesmo_conte0\_TEMP\202603]: 1 arquivo(s) copiado(s). O insumo original não será tocado.
2026-08-13 13:36:43.464 | INFO    |tests.test_area_de_trabalho:test_escrever_na_copia_nao_altera_o_original:44 - Área de trabalho em [C:\Users\Btime Soluções\AppData\Local\Temp\pytest-of-Btime Soluções\pytest-15\test_escrever_na_copia_nao_alt0\_TEMP\202603]: 1 arquivo(s) copiado(s). O insumo original não será tocado.
2026-08-13 13:36:43.476 | INFO    |tests.test_area_de_trabalho:test_renomear_a_copia_nao_renomeia_o_original:51 - Área de trabalho em [C:\Users\Btime Soluções\AppData\Local\Temp\pytest-of-Btime Soluções\pytest-15\test_renomear_a_copia_nao_reno0\_TEMP\202603]: 1 arquivo(s) copiado(s). O insumo original não será tocado.
2026-08-13 13:36:43.485 | ERROR   |tests.test_area_de_trabalho:test_o_que_nao_pode_ser_copiado_fica_de_fora_da_execucao:66 - Não foi possível copiar [sumiu.csv] para a área de trabalho: [WinError 2] O sistema não pode encontrar o arquivo especificado. O arquivo fica FORA desta execução — processá-lo na origem arriscaria o insumo.
2026-08-13 13:36:43.497 | INFO    |tests.test_area_de_trabalho:test_o_artefato_volta_para_a_pasta_de_origem:71 - Área de trabalho em [C:\Users\Btime Soluções\AppData\Local\Temp\pytest-of-Btime Soluções\pytest-15\test_o_artefato_volta_para_a_p0\_TEMP\202603]: 1 arquivo(s) copiado(s). O insumo original não será tocado.
2026-08-13 13:36:43.500 | INFO    |tests.test_area_de_trabalho:test_o_artefato_volta_para_a_pasta_de_origem:74 - 1 artefato(s) promovido(s) da área de trabalho para as pastas de origem.
2026-08-13 13:36:43.511 | INFO    |tests.test_area_de_trabalho:test_a_copia_de_trabalho_nao_volta:86 - Área de trabalho em [C:\Users\Btime Soluções\AppData\Local\Temp\pytest-of-Btime Soluções\pytest-15\test_a_copia_de_trabalho_nao_v0\_TEMP\202603]: 1 arquivo(s) copiado(s). O insumo original não será tocado.
2026-08-13 13:36:43.512 | INFO    |tests.test_area_de_trabalho:test_a_copia_de_trabalho_nao_volta:89 - Nenhum artefato a promover — a etapa não produziu arquivo novo.
2026-08-13 13:36:43.524 | INFO    |tests.test_area_de_trabalho:test_a_copia_renomeada_volta_com_o_nome_novo:94 - Área de trabalho em [C:\Users\Btime Soluções\AppData\Local\Temp\pytest-of-Btime Soluções\pytest-15\test_a_copia_renomeada_volta_c0\_TEMP\202603]: 1 arquivo(s) copiado(s). O insumo original não será tocado.
2026-08-13 13:36:43.527 | INFO    |tests.test_area_de_trabalho:test_a_copia_renomeada_volta_com_o_nome_novo:98 - 1 artefato(s) promovido(s) da área de trabalho para as pastas de origem.
2026-08-13 13:36:43.541 | INFO    |tests.test_area_de_trabalho:test_sem_artefato_nada_volta:106 - Área de trabalho em [C:\Users\Btime Soluções\AppData\Local\Temp\pytest-of-Btime Soluções\pytest-15\test_sem_artefato_nada_volta0\_TEMP\202603]: 1 arquivo(s) copiado(s). O insumo original não será tocado.
2026-08-13 13:36:43.542 | INFO    |tests.test_area_de_trabalho:test_sem_artefato_nada_volta:108 - Nenhum artefato a promover — a etapa não produziu arquivo novo.
2026-08-13 13:36:43.554 | INFO    |tests.test_area_de_trabalho:test_origem_de_devolve_o_insumo:114 - Área de trabalho em [C:\Users\Btime Soluções\AppData\Local\Temp\pytest-of-Btime Soluções\pytest-15\test_origem_de_devolve_o_insum0\_TEMP\202603]: 1 arquivo(s) copiado(s). O insumo original não será tocado.
2026-08-13 13:36:43.571 | INFO    |tests.test_area_de_trabalho:test_origens_preserva_a_ordem:131 - Área de trabalho em [C:\Users\Btime Soluções\AppData\Local\Temp\pytest-of-Btime Soluções\pytest-15\test_origens_preserva_a_ordem0\_TEMP\202603]: 2 arquivo(s) copiado(s). O insumo original não será tocado.
2026-08-13 13:36:43.588 | INFO    |tests.test_area_de_trabalho:test_arquivos_de_mesmo_nome_em_pastas_diferentes_nao_colidem:151 - Área de trabalho em [C:\Users\Btime Soluções\AppData\Local\Temp\pytest-of-Btime Soluções\pytest-15\test_arquivos_de_mesmo_nome_em0\_TEMP\202603]: 2 arquivo(s) copiado(s). O insumo original não será tocado.
2026-08-13 13:36:43.603 | INFO    |tests.test_area_de_trabalho:test_cada_artefato_volta_para_a_sua_pasta:164 - Área de trabalho em [C:\Users\Btime Soluções\AppData\Local\Temp\pytest-of-Btime Soluções\pytest-15\test_cada_artefato_volta_para_0\_TEMP\202603]: 2 arquivo(s) copiado(s). O insumo original não será tocado.
2026-08-13 13:36:43.608 | INFO    |tests.test_area_de_trabalho:test_cada_artefato_volta_para_a_sua_pasta:168 - 2 artefato(s) promovido(s) da área de trabalho para as pastas de origem.
2026-08-13 13:36:43.620 | INFO    |tests.test_area_de_trabalho:test_o_artefato_vai_para_a_saida_e_nao_para_a_origem:188 - Área de trabalho em [C:\Users\Btime Soluções\AppData\Local\Temp\pytest-of-Btime Soluções\pytest-15\test_o_artefato_vai_para_a_sai0\_TEMP\202603]: 1 arquivo(s) copiado(s). O insumo original não será tocado.
2026-08-13 13:36:43.624 | INFO    |tests.test_area_de_trabalho:test_o_artefato_vai_para_a_saida_e_nao_para_a_origem:191 - 1 artefato(s) promovido(s) da área de trabalho para as pastas de origem.
2026-08-13 13:36:43.633 | INFO    |tests.test_area_de_trabalho:test_a_pasta_de_saida_e_criada_se_nao_existir:201 - Área de trabalho em [C:\Users\Btime Soluções\AppData\Local\Temp\pytest-of-Btime Soluções\pytest-15\test_a_pasta_de_saida_e_criada0\_TEMP\202603]: 1 arquivo(s) copiado(s). O insumo original não será tocado.
2026-08-13 13:36:43.637 | INFO    |tests.test_area_de_trabalho:test_a_pasta_de_saida_e_criada_se_nao_existir:204 - 1 artefato(s) promovido(s) da área de trabalho para as pastas de origem.
2026-08-13 13:36:43.646 | INFO    |tests.test_area_de_trabalho:test_destino_desconhecido_deixa_o_artefato_na_area:215 - Área de trabalho em [C:\Users\Btime Soluções\AppData\Local\Temp\pytest-of-Btime Soluções\pytest-15\test_destino_desconhecido_deix0\_TEMP\202603]: 1 arquivo(s) copiado(s). O insumo original não será tocado.
2026-08-13 13:36:43.647 | ERROR   |comum.arquivos.area_de_trabalho:promover:169 - Não sei para onde entregar os artefatos de [C:\Users\Btime Soluções\AppData\Local\Temp\pytest-of-Btime Soluções\pytest-15\test_destino_desconhecido_deix0\Expectativa\Vivo]: ela não está sob nenhuma das raízes conhecidas. Eles ficam em [C:\Users\Btime Soluções\AppData\Local\Temp\pytest-of-Btime Soluções\pytest-15\test_destino_desconhecido_deix0\_TEMP\202603] — nada foi perdido, mas ninguém vai lê-los.
2026-08-13 13:36:43.648 | INFO    |tests.test_area_de_trabalho:test_destino_desconhecido_deixa_o_artefato_na_area:219 - Nenhum artefato a promover — a etapa não produziu arquivo novo.
2026-08-13 13:36:43.659 | INFO    |tests.test_area_de_trabalho:test_a_area_fica_no_disco_depois_da_promocao:230 - Área de trabalho em [C:\Users\Btime Soluções\AppData\Local\Temp\pytest-of-Btime Soluções\pytest-15\test_a_area_fica_no_disco_depo0\_TEMP\202603]: 1 arquivo(s) copiado(s). O insumo original não será tocado.
2026-08-13 13:36:43.661 | INFO    |tests.test_area_de_trabalho:test_a_area_fica_no_disco_depois_da_promocao:233 - 1 artefato(s) promovido(s) da área de trabalho para as pastas de origem.
2026-08-13 13:36:43.669 | INFO    |tests.test_area_de_trabalho:test_a_area_separa_por_referencia:240 - Área de trabalho em [C:\Users\Btime Soluções\AppData\Local\Temp\pytest-of-Btime Soluções\pytest-15\test_a_area_separa_por_referen0\_TEMP\202603]: 1 arquivo(s) copiado(s). O insumo original não será tocado.
2026-08-13 13:36:44.525 | INFO    |comum.dados.repositorio_cache:__init__:77 - Inicializando conexão com o banco no ambiente [dev]
2026-08-13 13:36:44.525 | INFO    |comum.dados.repositorio_cache:__init__:77 - Utilizando SQLite local [C:\Users\BTIMES~1\AppData\Local\Temp\detraf_comum_teste_at7piv4o\TABELAS_DETRAF_TESTE.db]
2026-08-13 13:36:44.531 | INFO    |comum.dados.repositorio_cache:obter_tabela:214 - Carregando tabela [tbl_anexo5_processado]
2026-08-13 13:36:44.537 | INFO    |comum.dados.repositorio_cache:obter_tabela:214 - Tabela [tbl_anexo5_processado] carregada | Linhas: 4 | Colunas: 6
2026-08-13 13:36:44.570 | INFO    |comum.dados.repositorio_cache:obter_tabela:214 - Carregando tabela [tbl_detraf_tarifas]
2026-08-13 13:36:44.572 | INFO    |comum.dados.repositorio_cache:obter_tabela:214 - Tabela [tbl_detraf_tarifas] carregada | Linhas: 3 | Colunas: 8
2026-08-13 13:36:44.585 | INFO    |comum.dominio.validacao_colunas:validar_tudo_detalhado:267 - DataFrame reprovado na validação da Coluna 8 (GH). Valores fora das opções {'D', 'R', 'S', 'N'} detectados.
2026-08-13 13:36:44.592 | INFO    |tests.test_diagnostico_de_recusa:test_colunas_produz_diagnostico:32 - Resultado das validações para o arquivo do tipo 'detraf': {'v_col1_2': True, 'v_col2_vivo': True, 'v_col3': True, 'v_col4': True, 'v_col8': False, 'v_col9': True, 'v_col10': True, 'v_col11': True, 'v_col12_15': True, 'v_tarifas_remuneradas': True}
2026-08-13 13:36:44.602 | INFO    |tests.test_diagnostico_de_recusa:test_aceita_um_resultado_de_layout:61 - [Layout] Motivo da recusa gravado em [DETRAF_RECUSADO.md].
2026-08-13 13:36:44.607 | INFO    |comum.dados.repositorio_cache:__init__:77 - Inicializando conexão com o banco no ambiente [dev]
2026-08-13 13:36:44.608 | INFO    |comum.dados.repositorio_cache:__init__:77 - Utilizando SQLite local [C:\Users\BTIMES~1\AppData\Local\Temp\detraf_comum_teste_at7piv4o\TABELAS_DETRAF_TESTE.db]
2026-08-13 13:36:44.626 | INFO    |comum.dominio.validacao_colunas:validar_tudo_detalhado:267 - DataFrame reprovado na validação da Coluna 8 (GH). Valores fora das opções {'D', 'R', 'S', 'N'} detectados.
2026-08-13 13:36:44.630 | INFO    |tests.test_diagnostico_de_recusa:test_aceita_um_resultado_de_colunas:70 - Resultado das validações para o arquivo do tipo 'detraf': {'v_col1_2': True, 'v_col2_vivo': True, 'v_col3': True, 'v_col4': True, 'v_col8': False, 'v_col9': True, 'v_col10': True, 'v_col11': True, 'v_col12_15': True, 'v_tarifas_remuneradas': True}
2026-08-13 13:36:44.632 | INFO    |tests.test_diagnostico_de_recusa:test_aceita_um_resultado_de_colunas:74 - [Layout] Motivo da recusa gravado em [DETRAF_RECUSADO.md].
2026-08-13 13:36:44.640 | INFO    |tests.test_diagnostico_de_recusa:test_aceita_um_diagnostico_pronto:82 - [Layout] Motivo da recusa gravado em [DETRAF_RECUSADO.md].
2026-08-13 13:36:44.647 | INFO    |comum.dados.repositorio_cache:__init__:77 - Inicializando conexão com o banco no ambiente [dev]
2026-08-13 13:36:44.648 | INFO    |comum.dados.repositorio_cache:__init__:77 - Utilizando SQLite local [C:\Users\BTIMES~1\AppData\Local\Temp\detraf_comum_teste_at7piv4o\TABELAS_DETRAF_TESTE.db]
2026-08-13 13:36:44.671 | INFO    |comum.dominio.validacao_colunas:validar_tudo_detalhado:267 - DataFrame reprovado na validação da Coluna 8 (GH). Valores fora das opções {'D', 'R', 'S', 'N'} detectados.
2026-08-13 13:36:44.675 | INFO    |tests.test_diagnostico_de_recusa:test_os_motivos_cabem_no_corpo:113 - Resultado das validações para o arquivo do tipo 'detraf': {'v_col1_2': True, 'v_col2_vivo': True, 'v_col3': True, 'v_col4': True, 'v_col8': False, 'v_col9': True, 'v_col10': True, 'v_col11': True, 'v_col12_15': True, 'v_tarifas_remuneradas': True}
2026-08-13 13:36:44.747 | INFO    |tests.test_diagnostico_execucao:test_grava_e_devolve_o_caminho:159 - [Diagnóstico] Etapas desta execução em [C:\Users\Btime Soluções\AppData\Local\Temp\pytest-of-Btime Soluções\pytest-15\test_grava_e_devolve_o_caminho0\DESKTOP-64TNDKM\rpa2_validacao_apuracao\diagnosticos\2026-08-13_13-36-44.txt].
2026-08-13 13:36:44.755 | INFO    |tests.test_diagnostico_execucao:test_grava_mesmo_quando_tudo_deu_certo:171 - [Diagnóstico] Etapas desta execução em [C:\Users\Btime Soluções\AppData\Local\Temp\pytest-of-Btime Soluções\pytest-15\test_grava_mesmo_quando_tudo_d0\DESKTOP-64TNDKM\rpa2_validacao_apuracao\diagnosticos\2026-08-13_13-36-44.txt].
2026-08-13 13:36:44.762 | INFO    |tests.test_diagnostico_execucao:test_o_cabecalho_traz_ambiente_e_desfecho:177 - [Diagnóstico] Etapas desta execução em [C:\Users\Btime Soluções\AppData\Local\Temp\pytest-of-Btime Soluções\pytest-15\test_o_cabecalho_traz_ambiente0\DESKTOP-64TNDKM\rpa2_validacao_apuracao\diagnosticos\2026-08-13_13-36-44.txt].
2026-08-13 13:36:44.772 | INFO    |tests.test_diagnostico_execucao:test_aponta_para_o_log_completo:188 - [Diagnóstico] Etapas desta execução em [C:\Users\Btime Soluções\AppData\Local\Temp\pytest-of-Btime Soluções\pytest-15\test_aponta_para_o_log_complet0\DESKTOP-64TNDKM\rpa2_validacao_apuracao\diagnosticos\2026-08-13_13-36-44.txt].
2026-08-13 13:36:44.779 | WARNING |tests.test_diagnostico_execucao:test_falha_ao_gravar_nao_levanta:199 - [Diagnóstico] Não foi possível gravar [C:\Users\Btime Soluções\AppData\Local\Temp\pytest-of-Btime Soluções\pytest-15\test_falha_ao_gravar_nao_levan0\ocupado\DESKTOP-64TNDKM\rpa2_validacao_apuracao\diagnosticos\2026-08-13_13-36-44.txt]: [WinError 183] Não é possível criar um arquivo já existente: 'C:\\Users\\Btime Soluções\\AppData\\Local\\Temp\\pytest-of-Btime Soluções\\pytest-15\\test_falha_ao_gravar_nao_levan0\\ocupado'. O log completo da execução continua disponível.
2026-08-13 13:36:44.791 | INFO    |tests.test_diagnostico_execucao:test_nao_estoura_e_diz_o_que_houve:209 - [Diagnóstico] Etapas desta execução em [C:\Users\Btime Soluções\AppData\Local\Temp\pytest-of-Btime Soluções\pytest-15\test_nao_estoura_e_diz_o_que_h0\DESKTOP-64TNDKM\rpa2_validacao_apuracao\diagnosticos\2026-08-13_13-36-44.txt].
2026-08-13 13:36:44.838 | ERROR   |tests.test_erros_nao_silenciados:test_json_corrompido_e_preservado_e_nao_apagado:49 - Histórico de arquivos processados ilegível em [C:\Users\Btime Soluções\AppData\Local\Temp\pytest-of-Btime Soluções\pytest-15\test_json_corrompido_e_preserv0\historico_arquivos_processados\arquivos_validados_202507.json]: Expecting property name enclosed in double quotes: line 1 column 2 (char 1). O arquivo foi preservado em [arquivos_validados_202507.corrompido-20260813_133644.json]. ATENÇÃO: sem histórico, os arquivos deste mês serão tratados como novos e REPROCESSADOS.
2026-08-13 13:36:44.846 | ERROR   |tests.test_erros_nao_silenciados:test_o_reprocessamento_e_anunciado:61 - Histórico de arquivos processados ilegível em [C:\Users\Btime Soluções\AppData\Local\Temp\pytest-of-Btime Soluções\pytest-15\test_o_reprocessamento_e_anunc0\historico_arquivos_processados\arquivos_validados_202507.json]: Expecting property name enclosed in double quotes: line 1 column 2 (char 1). O arquivo foi preservado em [arquivos_validados_202507.corrompido-20260813_133644.json]. ATENÇÃO: sem histórico, os arquivos deste mês serão tratados como novos e REPROCESSADOS.
2026-08-13 13:36:44.870 | WARNING |tests.test_erros_nao_silenciados:test_csv_ilegivel_devolve_none_e_avisa:106 - Não foi possível contar as linhas de [nao_existe.csv]: [Errno 2] No such file or directory: 'C:\\Users\\Btime Soluções\\AppData\\Local\\Temp\\pytest-of-Btime Soluções\\pytest-15\\test_csv_ilegivel_devolve_none0\\nao_existe.csv'. O histórico fica sem esse metadado.
2026-08-13 13:36:44.878 | WARNING |tests.test_erros_nao_silenciados:test_planilha_ilegivel_devolve_none_e_avisa:117 - Não foi possível contar as linhas de [falso.xlsx]: File is not a zip file. O histórico fica sem esse metadado.
2026-08-13 13:36:44.900 | INFO    |tests.test_erros_nao_silenciados:test_lote_registra_a_falha_sem_zerar_a_volumetria:185 - Iniciando transformação de lote tipo [DETRAF_SUCESSO] com 1 arquivo(s).
2026-08-13 13:36:44.900 | ERROR   |tests.test_erros_nao_silenciados:test_lote_registra_a_falha_sem_zerar_a_volumetria:185 - [DETRAF_SUCESSO] Não foi possível ler o arquivo [inexistente.csv]: O arquivo não foi encontrado: C:\Users\Btime Soluções\AppData\Local\Temp\pytest-of-Btime Soluções\pytest-15\test_lote_registra_a_falha_sem0\inexistente.csv — registrando como não validado (ERR_LEITURA_ARQUIVO), sem volumetria.
2026-08-13 13:36:44.920 | WARNING |comum.arquivos.gerenciador:carregar_dados:120 - Nenhum separador reconhecido nas primeiras 20 linhas de [C:\Users\Btime Soluções\AppData\Local\Temp\pytest-of-Btime Soluções\pytest-15\test_arquivo_sem_separador_rec0\sem_separador.csv] — assumindo ';'. Se o arquivo usar outro, ele será lido como coluna única e reprovado na validação.
2026-08-13 13:36:45.117 | INFO    |tests.test_historico_reenvio:test_o_mesmo_arquivo_nao_e_reprocessado:52 - Histórico atualizado com sucesso. Lote finalizado com 1 arquivo(s) salvo(s) como 'Válido'.
2026-08-13 13:36:45.133 | INFO    |tests.test_historico_reenvio:test_filtrar_remove_o_ja_processado:60 - Histórico atualizado com sucesso. Lote finalizado com 1 arquivo(s) salvo(s) como 'Válido'.
2026-08-13 13:36:45.134 | INFO    |tests.test_historico_reenvio:test_filtrar_remove_o_ja_processado:62 - Filtro de Histórico concluído para o período 202603.
2026-08-13 13:36:45.134 | INFO    |tests.test_historico_reenvio:test_filtrar_remove_o_ja_processado:62 - Arquivos originais recebidos: 1
2026-08-13 13:36:45.134 | INFO    |tests.test_historico_reenvio:test_filtrar_remove_o_ja_processado:62 - Arquivos já processados anteriormente (encontrados no JSON): 1
2026-08-13 13:36:45.135 | INFO    |tests.test_historico_reenvio:test_filtrar_remove_o_ja_processado:62 - Novos arquivos retornados para execução: 0
2026-08-13 13:36:45.144 | INFO    |tests.test_historico_reenvio:test_conteudo_diferente_volta_a_ser_processado:68 - Histórico atualizado com sucesso. Lote finalizado com 1 arquivo(s) salvo(s) como 'Inválido'.
2026-08-13 13:36:45.145 | INFO    |tests.test_historico_reenvio:test_conteudo_diferente_volta_a_ser_processado:71 - [DETRAF_ALGAR.csv] está no histórico, mas o arquivo mudou (16 -> 34 bytes). Será processado de novo — é o reenvio previsto na HU-03.
2026-08-13 13:36:45.155 | INFO    |tests.test_historico_reenvio:test_o_filtro_devolve_o_arquivo_corrigido:74 - Histórico atualizado com sucesso. Lote finalizado com 1 arquivo(s) salvo(s) como 'Inválido'.
2026-08-13 13:36:45.156 | INFO    |comum.arquivos.historico:filtrar_arquivos_novos:282 - [DETRAF_ALGAR.csv] está no histórico, mas o arquivo mudou (16 -> 31 bytes). Será processado de novo — é o reenvio previsto na HU-03.
2026-08-13 13:36:45.156 | INFO    |tests.test_historico_reenvio:test_o_filtro_devolve_o_arquivo_corrigido:77 - Filtro de Histórico concluído para o período 202603.
2026-08-13 13:36:45.157 | INFO    |tests.test_historico_reenvio:test_o_filtro_devolve_o_arquivo_corrigido:77 - Arquivos originais recebidos: 1
2026-08-13 13:36:45.157 | INFO    |tests.test_historico_reenvio:test_o_filtro_devolve_o_arquivo_corrigido:77 - Arquivos já processados anteriormente (encontrados no JSON): 0
2026-08-13 13:36:45.157 | INFO    |tests.test_historico_reenvio:test_o_filtro_devolve_o_arquivo_corrigido:77 - Novos arquivos retornados para execução: 1
2026-08-13 13:36:45.165 | INFO    |tests.test_historico_reenvio:test_mesmo_tamanho_mas_data_diferente_reprocessa:84 - Histórico atualizado com sucesso. Lote finalizado com 1 arquivo(s) salvo(s) como 'Válido'.
2026-08-13 13:36:45.167 | INFO    |tests.test_historico_reenvio:test_mesmo_tamanho_mas_data_diferente_reprocessa:88 - [DETRAF_ALGAR.csv] está no histórico, mas o arquivo mudou (16 -> 16 bytes). Será processado de novo — é o reenvio previsto na HU-03.
2026-08-13 13:36:45.176 | INFO    |tests.test_historico_reenvio:test_reprocessar_avisa_no_log:95 - Histórico atualizado com sucesso. Lote finalizado com 1 arquivo(s) salvo(s) como 'Válido'.
2026-08-13 13:36:45.178 | INFO    |tests.test_historico_reenvio:test_reprocessar_avisa_no_log:98 - [DETRAF_ALGAR.csv] está no histórico, mas o arquivo mudou (16 -> 27 bytes). Será processado de novo — é o reenvio previsto na HU-03.
2026-08-13 13:36:45.186 | INFO    |tests.test_historico_reenvio:test_arquivo_que_sumiu_do_disco_nao_volta:109 - Histórico atualizado com sucesso. Lote finalizado com 1 arquivo(s) salvo(s) como 'Válido'.
2026-08-13 13:36:45.195 | INFO    |tests.test_historico_reenvio:test_registro_antigo_sem_assinatura_continua_valendo:122 - Histórico atualizado com sucesso. Lote finalizado com 1 arquivo(s) salvo(s) como 'Válido'.
2026-08-13 13:36:45.197 | INFO    |tests.test_historico_reenvio:test_registro_antigo_sem_assinatura_continua_valendo:129 - [DETRAF_ALGAR.csv] está no histórico, mas o arquivo mudou (16 -> 24 bytes). Será processado de novo — é o reenvio previsto na HU-03.
2026-08-13 13:36:45.206 | INFO    |tests.test_historico_reenvio:test_registro_sem_tamanho_nem_data_e_tratado_como_processado:135 - Histórico atualizado com sucesso. Lote finalizado com 1 arquivo(s) salvo(s) como 'Válido'.
2026-08-13 13:36:45.303 | INFO    |comum.dados.repositorio_cache:__init__:77 - Inicializando conexão com o banco no ambiente [dev]
2026-08-13 13:36:45.304 | INFO    |comum.dados.repositorio_cache:__init__:77 - Utilizando SQLite local [C:\Users\BTIMES~1\AppData\Local\Temp\detraf_comum_teste_at7piv4o\TABELAS_DETRAF_TESTE.db]
2026-08-13 13:36:45.326 | INFO    |tests.test_motivos_da_validacao:test_linha_valida_concorda:56 - Resultado das validações para o arquivo do tipo 'detraf': {'v_col1_2': True, 'v_col2_vivo': True, 'v_col3': True, 'v_col4': True, 'v_col8': True, 'v_col9': True, 'v_col10': True, 'v_col11': True, 'v_col12_15': True, 'v_tarifas_remuneradas': True}
2026-08-13 13:36:45.345 | INFO    |comum.dominio.validacao_colunas:validar_tudo:298 - Resultado das validações para o arquivo do tipo 'detraf': {'v_col1_2': True, 'v_col2_vivo': True, 'v_col3': True, 'v_col4': True, 'v_col8': True, 'v_col9': True, 'v_col10': True, 'v_col11': True, 'v_col12_15': True, 'v_tarifas_remuneradas': True}
2026-08-13 13:36:45.348 | INFO    |comum.dados.repositorio_cache:__init__:77 - Inicializando conexão com o banco no ambiente [dev]
2026-08-13 13:36:45.349 | INFO    |comum.dados.repositorio_cache:__init__:77 - Utilizando SQLite local [C:\Users\BTIMES~1\AppData\Local\Temp\detraf_comum_teste_at7piv4o\TABELAS_DETRAF_TESTE.db]
2026-08-13 13:36:45.366 | INFO    |comum.dominio.validacao_colunas:validar_tudo_detalhado:269 - DataFrame reprovado na validação da Coluna 10 (Minutos). Encontrados valores com mais de 1 casa decimal.
2026-08-13 13:36:45.370 | INFO    |comum.dominio.validacao_colunas:validar_tudo:298 - Resultado das validações para o arquivo do tipo 'detraf': {'v_col1_2': True, 'v_col2_vivo': True, 'v_col3': True, 'v_col4': True, 'v_col8': True, 'v_col9': True, 'v_col10': False, 'v_col11': True, 'v_col12_15': True, 'v_tarifas_remuneradas': True}
2026-08-13 13:36:45.384 | INFO    |comum.dominio.validacao_colunas:validar_tudo_detalhado:269 - DataFrame reprovado na validação da Coluna 10 (Minutos). Encontrados valores com mais de 1 casa decimal.
2026-08-13 13:36:45.388 | INFO    |tests.test_motivos_da_validacao:test_cada_desvio_concorda:67 - Resultado das validações para o arquivo do tipo 'detraf': {'v_col1_2': True, 'v_col2_vivo': True, 'v_col3': True, 'v_col4': True, 'v_col8': True, 'v_col9': True, 'v_col10': False, 'v_col11': True, 'v_col12_15': True, 'v_tarifas_remuneradas': True}
2026-08-13 13:36:45.391 | INFO    |comum.dados.repositorio_cache:__init__:77 - Inicializando conexão com o banco no ambiente [dev]
2026-08-13 13:36:45.392 | INFO    |comum.dados.repositorio_cache:__init__:77 - Utilizando SQLite local [C:\Users\BTIMES~1\AppData\Local\Temp\detraf_comum_teste_at7piv4o\TABELAS_DETRAF_TESTE.db]
2026-08-13 13:36:45.410 | INFO    |comum.dominio.validacao_colunas:validar_tudo_detalhado:252 - Validação de tarifas concluída | Total: 1 | Válidas: 0 | Inválidas: 1 | Resultado final: False
2026-08-13 13:36:45.413 | INFO    |comum.dominio.validacao_colunas:validar_tudo_detalhado:270 - DataFrame reprovado na validação da Coluna 11 (Tarifa). Encontrada tarifa zerada (0), o que não é permitido.
2026-08-13 13:36:45.416 | INFO    |comum.dominio.validacao_colunas:validar_tudo:298 - Resultado das validações para o arquivo do tipo 'detraf': {'v_col1_2': True, 'v_col2_vivo': True, 'v_col3': True, 'v_col4': True, 'v_col8': True, 'v_col9': True, 'v_col10': True, 'v_col11': False, 'v_col12_15': True, 'v_tarifas_remuneradas': False}
2026-08-13 13:36:45.438 | INFO    |comum.dominio.validacao_colunas:validar_tudo_detalhado:252 - Validação de tarifas concluída | Total: 1 | Válidas: 0 | Inválidas: 1 | Resultado final: False
2026-08-13 13:36:45.441 | INFO    |comum.dominio.validacao_colunas:validar_tudo_detalhado:270 - DataFrame reprovado na validação da Coluna 11 (Tarifa). Encontrada tarifa zerada (0), o que não é permitido.
2026-08-13 13:36:45.444 | INFO    |tests.test_motivos_da_validacao:test_cada_desvio_concorda:67 - Resultado das validações para o arquivo do tipo 'detraf': {'v_col1_2': True, 'v_col2_vivo': True, 'v_col3': True, 'v_col4': True, 'v_col8': True, 'v_col9': True, 'v_col10': True, 'v_col11': False, 'v_col12_15': True, 'v_tarifas_remuneradas': False}
2026-08-13 13:36:45.448 | INFO    |comum.dados.repositorio_cache:__init__:77 - Inicializando conexão com o banco no ambiente [dev]
2026-08-13 13:36:45.449 | INFO    |comum.dados.repositorio_cache:__init__:77 - Utilizando SQLite local [C:\Users\BTIMES~1\AppData\Local\Temp\detraf_comum_teste_at7piv4o\TABELAS_DETRAF_TESTE.db]
2026-08-13 13:36:45.473 | INFO    |comum.dominio.validacao_colunas:validar_tudo_detalhado:271 - DataFrame reprovado na validação das Colunas Financeiras (12-15). Encontrados valores monetários com mais de 2 casas decimais.
2026-08-13 13:36:45.474 | INFO    |comum.dominio.validacao_colunas:validar_tudo:298 - Resultado das validações para o arquivo do tipo 'detraf': {'v_col1_2': True, 'v_col2_vivo': True, 'v_col3': True, 'v_col4': True, 'v_col8': True, 'v_col9': True, 'v_col10': True, 'v_col11': True, 'v_col12_15': False, 'v_tarifas_remuneradas': True}
2026-08-13 13:36:45.491 | INFO    |comum.dominio.validacao_colunas:validar_tudo_detalhado:271 - DataFrame reprovado na validação das Colunas Financeiras (12-15). Encontrados valores monetários com mais de 2 casas decimais.
2026-08-13 13:36:45.492 | INFO    |tests.test_motivos_da_validacao:test_cada_desvio_concorda:67 - Resultado das validações para o arquivo do tipo 'detraf': {'v_col1_2': True, 'v_col2_vivo': True, 'v_col3': True, 'v_col4': True, 'v_col8': True, 'v_col9': True, 'v_col10': True, 'v_col11': True, 'v_col12_15': False, 'v_tarifas_remuneradas': True}
2026-08-13 13:36:45.494 | INFO    |comum.dados.repositorio_cache:__init__:77 - Inicializando conexão com o banco no ambiente [dev]
2026-08-13 13:36:45.495 | INFO    |comum.dados.repositorio_cache:__init__:77 - Utilizando SQLite local [C:\Users\BTIMES~1\AppData\Local\Temp\detraf_comum_teste_at7piv4o\TABELAS_DETRAF_TESTE.db]
2026-08-13 13:36:45.498 | INFO    |comum.dominio.validacao_colunas:_validar_col_1_2_eot:548 - DataFrame reprovado na validação de EOT (Índice Coluna: 0). Encontrados códigos de operadoras que não existem no Anexo 5 cadastrado.
2026-08-13 13:36:45.500 | INFO    |comum.dominio.validacao_colunas:validar_tudo_detalhado:248 - DataFrame reprovado na validação da Coluna 1 (EOT). Encontrados códigos de operadoras que não existem no Anexo 5 cadastrado.
2026-08-13 13:36:45.517 | INFO    |comum.dominio.validacao_colunas:validar_tudo:298 - Resultado das validações para o arquivo do tipo 'detraf': {'v_col1_2': False, 'v_col2_vivo': True, 'v_col3': True, 'v_col4': True, 'v_col8': True, 'v_col9': True, 'v_col10': True, 'v_col11': True, 'v_col12_15': True, 'v_tarifas_remuneradas': True}
2026-08-13 13:36:45.519 | INFO    |comum.dominio.validacao_colunas:_validar_col_1_2_eot:548 - DataFrame reprovado na validação de EOT (Índice Coluna: 0). Encontrados códigos de operadoras que não existem no Anexo 5 cadastrado.
2026-08-13 13:36:45.521 | INFO    |comum.dominio.validacao_colunas:validar_tudo_detalhado:248 - DataFrame reprovado na validação da Coluna 1 (EOT). Encontrados códigos de operadoras que não existem no Anexo 5 cadastrado.
2026-08-13 13:36:45.540 | INFO    |tests.test_motivos_da_validacao:test_cada_desvio_concorda:67 - Resultado das validações para o arquivo do tipo 'detraf': {'v_col1_2': False, 'v_col2_vivo': True, 'v_col3': True, 'v_col4': True, 'v_col8': True, 'v_col9': True, 'v_col10': True, 'v_col11': True, 'v_col12_15': True, 'v_tarifas_remuneradas': True}
2026-08-13 13:36:45.543 | INFO    |comum.dados.repositorio_cache:__init__:77 - Inicializando conexão com o banco no ambiente [dev]
2026-08-13 13:36:45.544 | INFO    |comum.dados.repositorio_cache:__init__:77 - Utilizando SQLite local [C:\Users\BTIMES~1\AppData\Local\Temp\detraf_comum_teste_at7piv4o\TABELAS_DETRAF_TESTE.db]
2026-08-13 13:36:45.549 | INFO    |comum.dominio.validacao_colunas:validar_tudo_detalhado:249 - DataFrame reprovado na validação da Coluna 2 (EOT Vivo). Encontrados códigos de operadoras que não correspondem aos nomes fantasia da Vivo.
2026-08-13 13:36:45.565 | INFO    |comum.dominio.validacao_colunas:validar_tudo:298 - Resultado das validações para o arquivo do tipo 'detraf': {'v_col1_2': True, 'v_col2_vivo': False, 'v_col3': True, 'v_col4': True, 'v_col8': True, 'v_col9': True, 'v_col10': True, 'v_col11': True, 'v_col12_15': True, 'v_tarifas_remuneradas': True}
2026-08-13 13:36:45.573 | INFO    |comum.dominio.validacao_colunas:validar_tudo_detalhado:249 - DataFrame reprovado na validação da Coluna 2 (EOT Vivo). Encontrados códigos de operadoras que não correspondem aos nomes fantasia da Vivo.
2026-08-13 13:36:45.596 | INFO    |tests.test_motivos_da_validacao:test_cada_desvio_concorda:67 - Resultado das validações para o arquivo do tipo 'detraf': {'v_col1_2': True, 'v_col2_vivo': False, 'v_col3': True, 'v_col4': True, 'v_col8': True, 'v_col9': True, 'v_col10': True, 'v_col11': True, 'v_col12_15': True, 'v_tarifas_remuneradas': True}
2026-08-13 13:36:45.600 | INFO    |comum.dados.repositorio_cache:__init__:77 - Inicializando conexão com o banco no ambiente [dev]
2026-08-13 13:36:45.601 | INFO    |comum.dados.repositorio_cache:__init__:77 - Utilizando SQLite local [C:\Users\BTIMES~1\AppData\Local\Temp\detraf_comum_teste_at7piv4o\TABELAS_DETRAF_TESTE.db]
2026-08-13 13:36:45.622 | INFO    |comum.dominio.validacao_colunas:validar_tudo_detalhado:265 - DataFrame reprovado na validação da Coluna 3 (Referência). Esperado apenas: 202507
2026-08-13 13:36:45.630 | INFO    |comum.dominio.validacao_colunas:validar_tudo:298 - Resultado das validações para o arquivo do tipo 'detraf': {'v_col1_2': True, 'v_col2_vivo': True, 'v_col3': False, 'v_col4': True, 'v_col8': True, 'v_col9': True, 'v_col10': True, 'v_col11': True, 'v_col12_15': True, 'v_tarifas_remuneradas': True}
2026-08-13 13:36:45.644 | INFO    |comum.dominio.validacao_colunas:validar_tudo_detalhado:265 - DataFrame reprovado na validação da Coluna 3 (Referência). Esperado apenas: 202507
2026-08-13 13:36:45.648 | INFO    |tests.test_motivos_da_validacao:test_cada_desvio_concorda:67 - Resultado das validações para o arquivo do tipo 'detraf': {'v_col1_2': True, 'v_col2_vivo': True, 'v_col3': False, 'v_col4': True, 'v_col8': True, 'v_col9': True, 'v_col10': True, 'v_col11': True, 'v_col12_15': True, 'v_tarifas_remuneradas': True}
2026-08-13 13:36:45.654 | INFO    |comum.dados.repositorio_cache:__init__:77 - Inicializando conexão com o banco no ambiente [dev]
2026-08-13 13:36:45.654 | INFO    |comum.dados.repositorio_cache:__init__:77 - Utilizando SQLite local [C:\Users\BTIMES~1\AppData\Local\Temp\detraf_comum_teste_at7piv4o\TABELAS_DETRAF_TESTE.db]
2026-08-13 13:36:45.674 | INFO    |comum.dominio.validacao_colunas:validar_tudo_detalhado:252 - Validação de tarifas concluída | Total: 1 | Válidas: 0 | Inválidas: 1 | Resultado final: False
2026-08-13 13:36:45.676 | INFO    |comum.dominio.validacao_colunas:validar_tudo_detalhado:266 - DataFrame reprovado na validação da Coluna 4 (Tráfego). Valores permitidos: {'202506', '202505', '202507'}
2026-08-13 13:36:45.683 | INFO    |comum.dominio.validacao_colunas:validar_tudo:298 - Resultado das validações para o arquivo do tipo 'detraf': {'v_col1_2': True, 'v_col2_vivo': True, 'v_col3': True, 'v_col4': False, 'v_col8': True, 'v_col9': True, 'v_col10': True, 'v_col11': True, 'v_col12_15': True, 'v_tarifas_remuneradas': False}
2026-08-13 13:36:45.699 | INFO    |comum.dominio.validacao_colunas:validar_tudo_detalhado:252 - Validação de tarifas concluída | Total: 1 | Válidas: 0 | Inválidas: 1 | Resultado final: False
2026-08-13 13:36:45.700 | INFO    |comum.dominio.validacao_colunas:validar_tudo_detalhado:266 - DataFrame reprovado na validação da Coluna 4 (Tráfego). Valores permitidos: {'202506', '202505', '202507'}
2026-08-13 13:36:45.705 | INFO    |tests.test_motivos_da_validacao:test_cada_desvio_concorda:67 - Resultado das validações para o arquivo do tipo 'detraf': {'v_col1_2': True, 'v_col2_vivo': True, 'v_col3': True, 'v_col4': False, 'v_col8': True, 'v_col9': True, 'v_col10': True, 'v_col11': True, 'v_col12_15': True, 'v_tarifas_remuneradas': False}
2026-08-13 13:36:45.708 | INFO    |comum.dados.repositorio_cache:__init__:77 - Inicializando conexão com o banco no ambiente [dev]
2026-08-13 13:36:45.709 | INFO    |comum.dados.repositorio_cache:__init__:77 - Utilizando SQLite local [C:\Users\BTIMES~1\AppData\Local\Temp\detraf_comum_teste_at7piv4o\TABELAS_DETRAF_TESTE.db]
2026-08-13 13:36:45.729 | INFO    |comum.dominio.validacao_colunas:validar_tudo_detalhado:267 - DataFrame reprovado na validação da Coluna 8 (GH). Valores fora das opções {'D', 'R', 'S', 'N'} detectados.
2026-08-13 13:36:45.733 | INFO    |comum.dominio.validacao_colunas:validar_tudo:298 - Resultado das validações para o arquivo do tipo 'detraf': {'v_col1_2': True, 'v_col2_vivo': True, 'v_col3': True, 'v_col4': True, 'v_col8': False, 'v_col9': True, 'v_col10': True, 'v_col11': True, 'v_col12_15': True, 'v_tarifas_remuneradas': True}
2026-08-13 13:36:45.763 | INFO    |comum.dominio.validacao_colunas:validar_tudo_detalhado:267 - DataFrame reprovado na validação da Coluna 8 (GH). Valores fora das opções {'D', 'R', 'S', 'N'} detectados.
2026-08-13 13:36:45.770 | INFO    |tests.test_motivos_da_validacao:test_cada_desvio_concorda:67 - Resultado das validações para o arquivo do tipo 'detraf': {'v_col1_2': True, 'v_col2_vivo': True, 'v_col3': True, 'v_col4': True, 'v_col8': False, 'v_col9': True, 'v_col10': True, 'v_col11': True, 'v_col12_15': True, 'v_tarifas_remuneradas': True}
2026-08-13 13:36:45.777 | INFO    |comum.dados.repositorio_cache:__init__:77 - Inicializando conexão com o banco no ambiente [dev]
2026-08-13 13:36:45.778 | INFO    |comum.dados.repositorio_cache:__init__:77 - Utilizando SQLite local [C:\Users\BTIMES~1\AppData\Local\Temp\detraf_comum_teste_at7piv4o\TABELAS_DETRAF_TESTE.db]
2026-08-13 13:36:45.811 | INFO    |comum.dominio.validacao_colunas:validar_tudo_detalhado:268 - DataFrame reprovado na validação da Coluna 9 (Chamadas). Encontrados valores não numéricos ou vazios.
2026-08-13 13:36:45.819 | INFO    |comum.dominio.validacao_colunas:validar_tudo:298 - Resultado das validações para o arquivo do tipo 'detraf': {'v_col1_2': True, 'v_col2_vivo': True, 'v_col3': True, 'v_col4': True, 'v_col8': True, 'v_col9': False, 'v_col10': True, 'v_col11': True, 'v_col12_15': True, 'v_tarifas_remuneradas': True}
2026-08-13 13:36:45.839 | INFO    |comum.dominio.validacao_colunas:validar_tudo_detalhado:268 - DataFrame reprovado na validação da Coluna 9 (Chamadas). Encontrados valores não numéricos ou vazios.
2026-08-13 13:36:45.843 | INFO    |tests.test_motivos_da_validacao:test_cada_desvio_concorda:67 - Resultado das validações para o arquivo do tipo 'detraf': {'v_col1_2': True, 'v_col2_vivo': True, 'v_col3': True, 'v_col4': True, 'v_col8': True, 'v_col9': False, 'v_col10': True, 'v_col11': True, 'v_col12_15': True, 'v_tarifas_remuneradas': True}
2026-08-13 13:36:45.846 | INFO    |comum.dados.repositorio_cache:__init__:77 - Inicializando conexão com o banco no ambiente [dev]
2026-08-13 13:36:45.846 | INFO    |comum.dados.repositorio_cache:__init__:77 - Utilizando SQLite local [C:\Users\BTIMES~1\AppData\Local\Temp\detraf_comum_teste_at7piv4o\TABELAS_DETRAF_TESTE.db]
2026-08-13 13:36:45.865 | INFO    |comum.dominio.validacao_colunas:validar_tudo_detalhado:252 - Validação de tarifas concluída | Total: 1 | Válidas: 0 | Inválidas: 1 | Resultado final: False
2026-08-13 13:36:45.871 | INFO    |comum.dominio.validacao_colunas:validar_tudo:298 - Resultado das validações para o arquivo do tipo 'detraf': {'v_col1_2': True, 'v_col2_vivo': True, 'v_col3': True, 'v_col4': True, 'v_col8': True, 'v_col9': True, 'v_col10': True, 'v_col11': True, 'v_col12_15': True, 'v_tarifas_remuneradas': False}
2026-08-13 13:36:45.893 | INFO    |comum.dominio.validacao_colunas:validar_tudo_detalhado:252 - Validação de tarifas concluída | Total: 1 | Válidas: 0 | Inválidas: 1 | Resultado final: False
2026-08-13 13:36:45.900 | INFO    |tests.test_motivos_da_validacao:test_cada_desvio_concorda:67 - Resultado das validações para o arquivo do tipo 'detraf': {'v_col1_2': True, 'v_col2_vivo': True, 'v_col3': True, 'v_col4': True, 'v_col8': True, 'v_col9': True, 'v_col10': True, 'v_col11': True, 'v_col12_15': True, 'v_tarifas_remuneradas': False}
2026-08-13 13:36:45.904 | INFO    |comum.dados.repositorio_cache:__init__:77 - Inicializando conexão com o banco no ambiente [dev]
2026-08-13 13:36:45.905 | INFO    |comum.dados.repositorio_cache:__init__:77 - Utilizando SQLite local [C:\Users\BTIMES~1\AppData\Local\Temp\detraf_comum_teste_at7piv4o\TABELAS_DETRAF_TESTE.db]
2026-08-13 13:36:45.922 | INFO    |comum.dominio.validacao_colunas:validar_tudo_detalhado:269 - DataFrame reprovado na validação da Coluna 10 (Minutos). Encontrados valores com mais de 1 casa decimal.
2026-08-13 13:36:45.925 | INFO    |tests.test_motivos_da_validacao:test_a_regra_desviada_aparece_nas_falhas:76 - Resultado das validações para o arquivo do tipo 'detraf': {'v_col1_2': True, 'v_col2_vivo': True, 'v_col3': True, 'v_col4': True, 'v_col8': True, 'v_col9': True, 'v_col10': False, 'v_col11': True, 'v_col12_15': True, 'v_tarifas_remuneradas': True}
2026-08-13 13:36:45.928 | INFO    |comum.dados.repositorio_cache:__init__:77 - Inicializando conexão com o banco no ambiente [dev]
2026-08-13 13:36:45.928 | INFO    |comum.dados.repositorio_cache:__init__:77 - Utilizando SQLite local [C:\Users\BTIMES~1\AppData\Local\Temp\detraf_comum_teste_at7piv4o\TABELAS_DETRAF_TESTE.db]
2026-08-13 13:36:45.944 | INFO    |comum.dominio.validacao_colunas:validar_tudo_detalhado:252 - Validação de tarifas concluída | Total: 1 | Válidas: 0 | Inválidas: 1 | Resultado final: False
2026-08-13 13:36:45.947 | INFO    |comum.dominio.validacao_colunas:validar_tudo_detalhado:270 - DataFrame reprovado na validação da Coluna 11 (Tarifa). Encontrada tarifa zerada (0), o que não é permitido.
2026-08-13 13:36:45.949 | INFO    |tests.test_motivos_da_validacao:test_a_regra_desviada_aparece_nas_falhas:76 - Resultado das validações para o arquivo do tipo 'detraf': {'v_col1_2': True, 'v_col2_vivo': True, 'v_col3': True, 'v_col4': True, 'v_col8': True, 'v_col9': True, 'v_col10': True, 'v_col11': False, 'v_col12_15': True, 'v_tarifas_remuneradas': False}
2026-08-13 13:36:45.952 | INFO    |comum.dados.repositorio_cache:__init__:77 - Inicializando conexão com o banco no ambiente [dev]
2026-08-13 13:36:45.953 | INFO    |comum.dados.repositorio_cache:__init__:77 - Utilizando SQLite local [C:\Users\BTIMES~1\AppData\Local\Temp\detraf_comum_teste_at7piv4o\TABELAS_DETRAF_TESTE.db]
2026-08-13 13:36:45.972 | INFO    |comum.dominio.validacao_colunas:validar_tudo_detalhado:271 - DataFrame reprovado na validação das Colunas Financeiras (12-15). Encontrados valores monetários com mais de 2 casas decimais.
2026-08-13 13:36:45.973 | INFO    |tests.test_motivos_da_validacao:test_a_regra_desviada_aparece_nas_falhas:76 - Resultado das validações para o arquivo do tipo 'detraf': {'v_col1_2': True, 'v_col2_vivo': True, 'v_col3': True, 'v_col4': True, 'v_col8': True, 'v_col9': True, 'v_col10': True, 'v_col11': True, 'v_col12_15': False, 'v_tarifas_remuneradas': True}
2026-08-13 13:36:45.976 | INFO    |comum.dados.repositorio_cache:__init__:77 - Inicializando conexão com o banco no ambiente [dev]
2026-08-13 13:36:45.977 | INFO    |comum.dados.repositorio_cache:__init__:77 - Utilizando SQLite local [C:\Users\BTIMES~1\AppData\Local\Temp\detraf_comum_teste_at7piv4o\TABELAS_DETRAF_TESTE.db]
2026-08-13 13:36:45.980 | INFO    |comum.dominio.validacao_colunas:_validar_col_1_2_eot:548 - DataFrame reprovado na validação de EOT (Índice Coluna: 0). Encontrados códigos de operadoras que não existem no Anexo 5 cadastrado.
2026-08-13 13:36:45.981 | INFO    |comum.dominio.validacao_colunas:validar_tudo_detalhado:248 - DataFrame reprovado na validação da Coluna 1 (EOT). Encontrados códigos de operadoras que não existem no Anexo 5 cadastrado.
2026-08-13 13:36:45.999 | INFO    |tests.test_motivos_da_validacao:test_a_regra_desviada_aparece_nas_falhas:76 - Resultado das validações para o arquivo do tipo 'detraf': {'v_col1_2': False, 'v_col2_vivo': True, 'v_col3': True, 'v_col4': True, 'v_col8': True, 'v_col9': True, 'v_col10': True, 'v_col11': True, 'v_col12_15': True, 'v_tarifas_remuneradas': True}
2026-08-13 13:36:46.004 | INFO    |comum.dados.repositorio_cache:__init__:77 - Inicializando conexão com o banco no ambiente [dev]
2026-08-13 13:36:46.005 | INFO    |comum.dados.repositorio_cache:__init__:77 - Utilizando SQLite local [C:\Users\BTIMES~1\AppData\Local\Temp\detraf_comum_teste_at7piv4o\TABELAS_DETRAF_TESTE.db]
2026-08-13 13:36:46.013 | INFO    |comum.dominio.validacao_colunas:validar_tudo_detalhado:249 - DataFrame reprovado na validação da Coluna 2 (EOT Vivo). Encontrados códigos de operadoras que não correspondem aos nomes fantasia da Vivo.
2026-08-13 13:36:46.034 | INFO    |tests.test_motivos_da_validacao:test_a_regra_desviada_aparece_nas_falhas:76 - Resultado das validações para o arquivo do tipo 'detraf': {'v_col1_2': True, 'v_col2_vivo': False, 'v_col3': True, 'v_col4': True, 'v_col8': True, 'v_col9': True, 'v_col10': True, 'v_col11': True, 'v_col12_15': True, 'v_tarifas_remuneradas': True}
2026-08-13 13:36:46.038 | INFO    |comum.dados.repositorio_cache:__init__:77 - Inicializando conexão com o banco no ambiente [dev]
2026-08-13 13:36:46.038 | INFO    |comum.dados.repositorio_cache:__init__:77 - Utilizando SQLite local [C:\Users\BTIMES~1\AppData\Local\Temp\detraf_comum_teste_at7piv4o\TABELAS_DETRAF_TESTE.db]
2026-08-13 13:36:46.053 | INFO    |comum.dominio.validacao_colunas:validar_tudo_detalhado:265 - DataFrame reprovado na validação da Coluna 3 (Referência). Esperado apenas: 202507
2026-08-13 13:36:46.057 | INFO    |tests.test_motivos_da_validacao:test_a_regra_desviada_aparece_nas_falhas:76 - Resultado das validações para o arquivo do tipo 'detraf': {'v_col1_2': True, 'v_col2_vivo': True, 'v_col3': False, 'v_col4': True, 'v_col8': True, 'v_col9': True, 'v_col10': True, 'v_col11': True, 'v_col12_15': True, 'v_tarifas_remuneradas': True}
2026-08-13 13:36:46.060 | INFO    |comum.dados.repositorio_cache:__init__:77 - Inicializando conexão com o banco no ambiente [dev]
2026-08-13 13:36:46.061 | INFO    |comum.dados.repositorio_cache:__init__:77 - Utilizando SQLite local [C:\Users\BTIMES~1\AppData\Local\Temp\detraf_comum_teste_at7piv4o\TABELAS_DETRAF_TESTE.db]
2026-08-13 13:36:46.074 | INFO    |comum.dominio.validacao_colunas:validar_tudo_detalhado:252 - Validação de tarifas concluída | Total: 1 | Válidas: 0 | Inválidas: 1 | Resultado final: False
2026-08-13 13:36:46.075 | INFO    |comum.dominio.validacao_colunas:validar_tudo_detalhado:266 - DataFrame reprovado na validação da Coluna 4 (Tráfego). Valores permitidos: {'202506', '202505', '202507'}
2026-08-13 13:36:46.079 | INFO    |tests.test_motivos_da_validacao:test_a_regra_desviada_aparece_nas_falhas:76 - Resultado das validações para o arquivo do tipo 'detraf': {'v_col1_2': True, 'v_col2_vivo': True, 'v_col3': True, 'v_col4': False, 'v_col8': True, 'v_col9': True, 'v_col10': True, 'v_col11': True, 'v_col12_15': True, 'v_tarifas_remuneradas': False}
2026-08-13 13:36:46.082 | INFO    |comum.dados.repositorio_cache:__init__:77 - Inicializando conexão com o banco no ambiente [dev]
2026-08-13 13:36:46.082 | INFO    |comum.dados.repositorio_cache:__init__:77 - Utilizando SQLite local [C:\Users\BTIMES~1\AppData\Local\Temp\detraf_comum_teste_at7piv4o\TABELAS_DETRAF_TESTE.db]
2026-08-13 13:36:46.097 | INFO    |comum.dominio.validacao_colunas:validar_tudo_detalhado:267 - DataFrame reprovado na validação da Coluna 8 (GH). Valores fora das opções {'D', 'R', 'S', 'N'} detectados.
2026-08-13 13:36:46.101 | INFO    |tests.test_motivos_da_validacao:test_a_regra_desviada_aparece_nas_falhas:76 - Resultado das validações para o arquivo do tipo 'detraf': {'v_col1_2': True, 'v_col2_vivo': True, 'v_col3': True, 'v_col4': True, 'v_col8': False, 'v_col9': True, 'v_col10': True, 'v_col11': True, 'v_col12_15': True, 'v_tarifas_remuneradas': True}
2026-08-13 13:36:46.104 | INFO    |comum.dados.repositorio_cache:__init__:77 - Inicializando conexão com o banco no ambiente [dev]
2026-08-13 13:36:46.104 | INFO    |comum.dados.repositorio_cache:__init__:77 - Utilizando SQLite local [C:\Users\BTIMES~1\AppData\Local\Temp\detraf_comum_teste_at7piv4o\TABELAS_DETRAF_TESTE.db]
2026-08-13 13:36:46.125 | INFO    |comum.dominio.validacao_colunas:validar_tudo_detalhado:268 - DataFrame reprovado na validação da Coluna 9 (Chamadas). Encontrados valores não numéricos ou vazios.
2026-08-13 13:36:46.129 | INFO    |tests.test_motivos_da_validacao:test_a_regra_desviada_aparece_nas_falhas:76 - Resultado das validações para o arquivo do tipo 'detraf': {'v_col1_2': True, 'v_col2_vivo': True, 'v_col3': True, 'v_col4': True, 'v_col8': True, 'v_col9': False, 'v_col10': True, 'v_col11': True, 'v_col12_15': True, 'v_tarifas_remuneradas': True}
2026-08-13 13:36:46.132 | INFO    |comum.dados.repositorio_cache:__init__:77 - Inicializando conexão com o banco no ambiente [dev]
2026-08-13 13:36:46.133 | INFO    |comum.dados.repositorio_cache:__init__:77 - Utilizando SQLite local [C:\Users\BTIMES~1\AppData\Local\Temp\detraf_comum_teste_at7piv4o\TABELAS_DETRAF_TESTE.db]
2026-08-13 13:36:46.152 | INFO    |comum.dominio.validacao_colunas:validar_tudo_detalhado:252 - Validação de tarifas concluída | Total: 1 | Válidas: 0 | Inválidas: 1 | Resultado final: False
2026-08-13 13:36:46.160 | INFO    |tests.test_motivos_da_validacao:test_a_regra_desviada_aparece_nas_falhas:76 - Resultado das validações para o arquivo do tipo 'detraf': {'v_col1_2': True, 'v_col2_vivo': True, 'v_col3': True, 'v_col4': True, 'v_col8': True, 'v_col9': True, 'v_col10': True, 'v_col11': True, 'v_col12_15': True, 'v_tarifas_remuneradas': False}
2026-08-13 13:36:46.164 | INFO    |comum.dados.repositorio_cache:__init__:77 - Inicializando conexão com o banco no ambiente [dev]
2026-08-13 13:36:46.164 | INFO    |comum.dados.repositorio_cache:__init__:77 - Utilizando SQLite local [C:\Users\BTIMES~1\AppData\Local\Temp\detraf_comum_teste_at7piv4o\TABELAS_DETRAF_TESTE.db]
2026-08-13 13:36:46.188 | INFO    |comum.dominio.validacao_colunas:validar_tudo_detalhado:267 - DataFrame reprovado na validação da Coluna 8 (GH). Valores fora das opções {'D', 'R', 'S', 'N'} detectados.
2026-08-13 13:36:46.193 | INFO    |tests.test_motivos_da_validacao:test_o_motivo_nomeia_a_coluna_e_e_legivel:87 - Resultado das validações para o arquivo do tipo 'detraf': {'v_col1_2': True, 'v_col2_vivo': True, 'v_col3': True, 'v_col4': True, 'v_col8': False, 'v_col9': True, 'v_col10': True, 'v_col11': True, 'v_col12_15': True, 'v_tarifas_remuneradas': True}
2026-08-13 13:36:46.196 | INFO    |comum.dados.repositorio_cache:__init__:77 - Inicializando conexão com o banco no ambiente [dev]
2026-08-13 13:36:46.196 | INFO    |comum.dados.repositorio_cache:__init__:77 - Utilizando SQLite local [C:\Users\BTIMES~1\AppData\Local\Temp\detraf_comum_teste_at7piv4o\TABELAS_DETRAF_TESTE.db]
2026-08-13 13:36:46.200 | INFO    |comum.dominio.validacao_colunas:_validar_col_1_2_eot:548 - DataFrame reprovado na validação de EOT (Índice Coluna: 0). Encontrados códigos de operadoras que não existem no Anexo 5 cadastrado.
2026-08-13 13:36:46.201 | INFO    |comum.dominio.validacao_colunas:validar_tudo_detalhado:248 - DataFrame reprovado na validação da Coluna 1 (EOT). Encontrados códigos de operadoras que não existem no Anexo 5 cadastrado.
2026-08-13 13:36:46.220 | INFO    |tests.test_motivos_da_validacao:test_nenhum_motivo_fica_com_placeholder_por_substituir:98 - Resultado das validações para o arquivo do tipo 'detraf': {'v_col1_2': False, 'v_col2_vivo': True, 'v_col3': True, 'v_col4': True, 'v_col8': True, 'v_col9': True, 'v_col10': True, 'v_col11': True, 'v_col12_15': True, 'v_tarifas_remuneradas': True}
2026-08-13 13:36:46.225 | INFO    |comum.dominio.validacao_colunas:validar_tudo_detalhado:249 - DataFrame reprovado na validação da Coluna 2 (EOT Vivo). Encontrados códigos de operadoras que não correspondem aos nomes fantasia da Vivo.
2026-08-13 13:36:46.243 | INFO    |tests.test_motivos_da_validacao:test_nenhum_motivo_fica_com_placeholder_por_substituir:98 - Resultado das validações para o arquivo do tipo 'detraf': {'v_col1_2': True, 'v_col2_vivo': False, 'v_col3': True, 'v_col4': True, 'v_col8': True, 'v_col9': True, 'v_col10': True, 'v_col11': True, 'v_col12_15': True, 'v_tarifas_remuneradas': True}
2026-08-13 13:36:46.264 | INFO    |comum.dominio.validacao_colunas:validar_tudo_detalhado:265 - DataFrame reprovado na validação da Coluna 3 (Referência). Esperado apenas: 202507
2026-08-13 13:36:46.271 | INFO    |tests.test_motivos_da_validacao:test_nenhum_motivo_fica_com_placeholder_por_substituir:98 - Resultado das validações para o arquivo do tipo 'detraf': {'v_col1_2': True, 'v_col2_vivo': True, 'v_col3': False, 'v_col4': True, 'v_col8': True, 'v_col9': True, 'v_col10': True, 'v_col11': True, 'v_col12_15': True, 'v_tarifas_remuneradas': True}
2026-08-13 13:36:46.288 | INFO    |comum.dominio.validacao_colunas:validar_tudo_detalhado:252 - Validação de tarifas concluída | Total: 1 | Válidas: 0 | Inválidas: 1 | Resultado final: False
2026-08-13 13:36:46.290 | INFO    |comum.dominio.validacao_colunas:validar_tudo_detalhado:266 - DataFrame reprovado na validação da Coluna 4 (Tráfego). Valores permitidos: {'202506', '202505', '202507'}
2026-08-13 13:36:46.294 | INFO    |tests.test_motivos_da_validacao:test_nenhum_motivo_fica_com_placeholder_por_substituir:98 - Resultado das validações para o arquivo do tipo 'detraf': {'v_col1_2': True, 'v_col2_vivo': True, 'v_col3': True, 'v_col4': False, 'v_col8': True, 'v_col9': True, 'v_col10': True, 'v_col11': True, 'v_col12_15': True, 'v_tarifas_remuneradas': False}
2026-08-13 13:36:46.312 | INFO    |comum.dominio.validacao_colunas:validar_tudo_detalhado:267 - DataFrame reprovado na validação da Coluna 8 (GH). Valores fora das opções {'D', 'R', 'S', 'N'} detectados.
2026-08-13 13:36:46.315 | INFO    |tests.test_motivos_da_validacao:test_nenhum_motivo_fica_com_placeholder_por_substituir:98 - Resultado das validações para o arquivo do tipo 'detraf': {'v_col1_2': True, 'v_col2_vivo': True, 'v_col3': True, 'v_col4': True, 'v_col8': False, 'v_col9': True, 'v_col10': True, 'v_col11': True, 'v_col12_15': True, 'v_tarifas_remuneradas': True}
2026-08-13 13:36:46.332 | INFO    |comum.dominio.validacao_colunas:validar_tudo_detalhado:268 - DataFrame reprovado na validação da Coluna 9 (Chamadas). Encontrados valores não numéricos ou vazios.
2026-08-13 13:36:46.338 | INFO    |tests.test_motivos_da_validacao:test_nenhum_motivo_fica_com_placeholder_por_substituir:98 - Resultado das validações para o arquivo do tipo 'detraf': {'v_col1_2': True, 'v_col2_vivo': True, 'v_col3': True, 'v_col4': True, 'v_col8': True, 'v_col9': False, 'v_col10': True, 'v_col11': True, 'v_col12_15': True, 'v_tarifas_remuneradas': True}
2026-08-13 13:36:46.366 | INFO    |comum.dominio.validacao_colunas:validar_tudo_detalhado:269 - DataFrame reprovado na validação da Coluna 10 (Minutos). Encontrados valores com mais de 1 casa decimal.
2026-08-13 13:36:46.375 | INFO    |tests.test_motivos_da_validacao:test_nenhum_motivo_fica_com_placeholder_por_substituir:98 - Resultado das validações para o arquivo do tipo 'detraf': {'v_col1_2': True, 'v_col2_vivo': True, 'v_col3': True, 'v_col4': True, 'v_col8': True, 'v_col9': True, 'v_col10': False, 'v_col11': True, 'v_col12_15': True, 'v_tarifas_remuneradas': True}
2026-08-13 13:36:46.394 | INFO    |comum.dominio.validacao_colunas:validar_tudo_detalhado:252 - Validação de tarifas concluída | Total: 1 | Válidas: 0 | Inválidas: 1 | Resultado final: False
2026-08-13 13:36:46.397 | INFO    |comum.dominio.validacao_colunas:validar_tudo_detalhado:270 - DataFrame reprovado na validação da Coluna 11 (Tarifa). Encontrada tarifa zerada (0), o que não é permitido.
2026-08-13 13:36:46.400 | INFO    |tests.test_motivos_da_validacao:test_nenhum_motivo_fica_com_placeholder_por_substituir:98 - Resultado das validações para o arquivo do tipo 'detraf': {'v_col1_2': True, 'v_col2_vivo': True, 'v_col3': True, 'v_col4': True, 'v_col8': True, 'v_col9': True, 'v_col10': True, 'v_col11': False, 'v_col12_15': True, 'v_tarifas_remuneradas': False}
2026-08-13 13:36:46.431 | INFO    |comum.dominio.validacao_colunas:validar_tudo_detalhado:271 - DataFrame reprovado na validação das Colunas Financeiras (12-15). Encontrados valores monetários com mais de 2 casas decimais.
2026-08-13 13:36:46.431 | INFO    |tests.test_motivos_da_validacao:test_nenhum_motivo_fica_com_placeholder_por_substituir:98 - Resultado das validações para o arquivo do tipo 'detraf': {'v_col1_2': True, 'v_col2_vivo': True, 'v_col3': True, 'v_col4': True, 'v_col8': True, 'v_col9': True, 'v_col10': True, 'v_col11': True, 'v_col12_15': False, 'v_tarifas_remuneradas': True}
2026-08-13 13:36:46.451 | INFO    |comum.dominio.validacao_colunas:validar_tudo_detalhado:252 - Validação de tarifas concluída | Total: 1 | Válidas: 0 | Inválidas: 1 | Resultado final: False
2026-08-13 13:36:46.456 | INFO    |tests.test_motivos_da_validacao:test_nenhum_motivo_fica_com_placeholder_por_substituir:98 - Resultado das validações para o arquivo do tipo 'detraf': {'v_col1_2': True, 'v_col2_vivo': True, 'v_col3': True, 'v_col4': True, 'v_col8': True, 'v_col9': True, 'v_col10': True, 'v_col11': True, 'v_col12_15': True, 'v_tarifas_remuneradas': False}
2026-08-13 13:36:46.461 | INFO    |comum.dados.repositorio_cache:__init__:77 - Inicializando conexão com o banco no ambiente [dev]
2026-08-13 13:36:46.462 | INFO    |comum.dados.repositorio_cache:__init__:77 - Utilizando SQLite local [C:\Users\BTIMES~1\AppData\Local\Temp\detraf_comum_teste_at7piv4o\TABELAS_DETRAF_TESTE.db]
2026-08-13 13:36:46.477 | INFO    |comum.dominio.validacao_colunas:validar_tudo_detalhado:265 - DataFrame reprovado na validação da Coluna 3 (Referência). Esperado apenas: 202507
2026-08-13 13:36:46.482 | INFO    |tests.test_motivos_da_validacao:test_o_motivo_cita_a_referencia_exigida:119 - Resultado das validações para o arquivo do tipo 'detraf': {'v_col1_2': True, 'v_col2_vivo': True, 'v_col3': False, 'v_col4': True, 'v_col8': True, 'v_col9': True, 'v_col10': True, 'v_col11': True, 'v_col12_15': True, 'v_tarifas_remuneradas': True}
2026-08-13 13:36:46.488 | INFO    |tests.test_motivos_da_validacao:test_o_log_tambem_cita_a_referencia_exigida:129 - DataFrame reprovado na validação da Coluna 3 (Referência). Esperado apenas: 202507
2026-08-13 13:36:46.492 | INFO    |comum.dados.repositorio_cache:__init__:77 - Inicializando conexão com o banco no ambiente [dev]
2026-08-13 13:36:46.492 | INFO    |comum.dados.repositorio_cache:__init__:77 - Utilizando SQLite local [C:\Users\BTIMES~1\AppData\Local\Temp\detraf_comum_teste_at7piv4o\TABELAS_DETRAF_TESTE.db]
2026-08-13 13:36:46.495 | INFO    |tests.test_motivos_da_validacao:test_a_referencia_informada_e_a_exigida:153 - DataFrame reprovado na validação da Coluna 3 (Referência). Esperado apenas: 202401
2026-08-13 13:36:46.517 | INFO    |comum.integracoes.outlook:send_email:341 - E-mail enviado para 'operadora@exemplo.com' — assunto 'Assunto', 0 anexo(s).
2026-08-13 13:36:46.520 | INFO    |comum.integracoes.outlook:send_email:341 - E-mail enviado para '['a@x.com', 'b@x.com']' — assunto 's', 0 anexo(s).
2026-08-13 13:36:46.523 | INFO    |comum.integracoes.outlook:send_email:341 - E-mail enviado para 'a@x.com' — assunto 's', 0 anexo(s).
2026-08-13 13:36:46.526 | INFO    |comum.integracoes.outlook:send_email:341 - E-mail enviado para 'a@x.com' — assunto 's', 0 anexo(s).
2026-08-13 13:36:46.550 | INFO    |tests.test_outlook_comum:test_anexa_cada_arquivo_antes_de_enviar:110 - E-mail enviado para 'a@x.com' — assunto 's', 2 anexo(s).
2026-08-13 13:36:46.581 | INFO    |tests.test_outlook_comum:test_envio_sem_anexo_e_valido:154 - E-mail enviado para 'a@x.com' — assunto 's', 0 anexo(s).
2026-08-13 13:36:46.585 | INFO    |tests.test_outlook_comum:test_rascunho_e_o_default:177 - Resposta salva como rascunho para o e-mail 'ABC123'.
2026-08-13 13:36:46.590 | INFO    |tests.test_outlook_comum:test_envia_quando_pedido_explicitamente:183 - Resposta enviada para o e-mail 'ABC123'.
2026-08-13 13:36:46.594 | INFO    |tests.test_outlook_comum:test_assunto_prefixado_e_corpo_preenchido:189 - Resposta salva como rascunho para o e-mail 'ABC123'.
2026-08-13 13:36:46.598 | INFO    |comum.integracoes.outlook:create_reply_draft:311 - Resposta salva como rascunho para o e-mail 'ABC123'.
2026-08-13 13:36:46.618 | INFO    |tests.test_pausa:_pausar:116 - [t] linha
2026-08-13 13:36:46.619 | INFO    |tests.test_pausa:_pausar:116 - [t] ────────────────────────────────────────────────────────────
2026-08-13 13:36:46.619 | INFO    |tests.test_pausa:_pausar:116 - [t] Esta é a última etapa da execução.
2026-08-13 13:36:46.620 | INFO    |tests.test_pausa:_pausar:116 - [PAUSA] 't' confirmada pelo operador — seguindo.
2026-08-13 13:36:46.623 | INFO    |tests.test_pausa:_pausar:116 - [etapa 1] x
2026-08-13 13:36:46.624 | INFO    |tests.test_pausa:_pausar:116 - [etapa 1] ────────────────────────────────────────────────────────────
2026-08-13 13:36:46.624 | INFO    |tests.test_pausa:_pausar:116 - [etapa 1] Esta é a última etapa da execução.
2026-08-13 13:36:46.627 | INFO    |tests.test_pausa:test_desligada_nao_chama_a_caixa:139 - [t] x
2026-08-13 13:36:46.627 | INFO    |tests.test_pausa:test_desligada_nao_chama_a_caixa:139 - [t] ────────────────────────────────────────────────────────────
2026-08-13 13:36:46.628 | INFO    |tests.test_pausa:test_desligada_nao_chama_a_caixa:139 - [t] Esta é a última etapa da execução.
2026-08-13 13:36:46.631 | INFO    |tests.test_pausa:test_o_conteudo_vai_para_o_log_mesmo_desligada:155 - [etapa 1] 3 operadoras
2026-08-13 13:36:46.631 | INFO    |tests.test_pausa:test_o_conteudo_vai_para_o_log_mesmo_desligada:155 - [etapa 1] 2 ok
2026-08-13 13:36:46.631 | INFO    |tests.test_pausa:test_o_conteudo_vai_para_o_log_mesmo_desligada:155 - [etapa 1] ────────────────────────────────────────────────────────────
2026-08-13 13:36:46.632 | INFO    |tests.test_pausa:test_o_conteudo_vai_para_o_log_mesmo_desligada:155 - [etapa 1] Esta é a última etapa da execução.
2026-08-13 13:36:46.662 | WARNING |tests.test_pausa:test_pasta_inexistente_nao_derruba:191 - [PAUSA] Não foi possível abrir [C:\Users\Btime Soluções\AppData\Local\Temp\pytest-of-Btime Soluções\pytest-15\test_pasta_inexistente_nao_der0\nao-existe]: [WinError 2] O sistema não pode encontrar o arquivo especificado: 'C:\\Users\\Btime Soluções\\AppData\\Local\\Temp\\pytest-of-Btime Soluções\\pytest-15\\test_pasta_inexistente_nao_der0\\nao-existe'
2026-08-13 13:36:46.752 | INFO    |tests.test_relatorio_execucao:test_uma_linha_por_operadora:54 - [Relatório] Resumo da execução em [C:\Users\Btime Soluções\AppData\Local\Temp\pytest-of-Btime Soluções\pytest-15\test_uma_linha_por_operadora0\DESKTOP-64TNDKM\rpa3_contestacao_agi_ec\execucoes\2026-08-13_13-36-46.md].
2026-08-13 13:36:46.762 | INFO    |tests.test_relatorio_execucao:test_o_motivo_do_pulo_aparece:65 - [Relatório] Resumo da execução em [C:\Users\Btime Soluções\AppData\Local\Temp\pytest-of-Btime Soluções\pytest-15\test_o_motivo_do_pulo_aparece0\DESKTOP-64TNDKM\rpa3_contestacao_agi_ec\execucoes\2026-08-13_13-36-46.md].
2026-08-13 13:36:46.770 | INFO    |tests.test_relatorio_execucao:test_o_erro_e_destacado:72 - [Relatório] Resumo da execução em [C:\Users\Btime Soluções\AppData\Local\Temp\pytest-of-Btime Soluções\pytest-15\test_o_erro_e_destacado0\DESKTOP-64TNDKM\rpa3_contestacao_agi_ec\execucoes\2026-08-13_13-36-46.md].
2026-08-13 13:36:46.778 | INFO    |tests.test_relatorio_execucao:test_traz_o_modo_e_os_efeitos_externos:78 - [Relatório] Resumo da execução em [C:\Users\Btime Soluções\AppData\Local\Temp\pytest-of-Btime Soluções\pytest-15\test_traz_o_modo_e_os_efeitos_0\DESKTOP-64TNDKM\rpa3_contestacao_agi_ec\execucoes\2026-08-13_13-36-46.md].
2026-08-13 13:36:46.787 | INFO    |tests.test_relatorio_execucao:test_execucao_sem_operadora_nao_quebra:84 - [Relatório] Resumo da execução em [C:\Users\Btime Soluções\AppData\Local\Temp\pytest-of-Btime Soluções\pytest-15\test_execucao_sem_operadora_na0\DESKTOP-64TNDKM\rpa3_contestacao_agi_ec\execucoes\2026-08-13_13-36-46.md].
2026-08-13 13:36:46.795 | INFO    |tests.test_relatorio_execucao:test_as_colunas_sao_a_uniao_do_que_saiu:93 - [Relatório] Resumo da execução em [C:\Users\Btime Soluções\AppData\Local\Temp\pytest-of-Btime Soluções\pytest-15\test_as_colunas_sao_a_uniao_do0\DESKTOP-64TNDKM\rpa3_contestacao_agi_ec\execucoes\2026-08-13_13-36-46.md].
2026-08-13 13:36:46.803 | INFO    |tests.test_relatorio_execucao:test_um_arquivo_por_execucao:100 - [Relatório] Resumo da execução em [C:\Users\Btime Soluções\AppData\Local\Temp\pytest-of-Btime Soluções\pytest-15\test_um_arquivo_por_execucao1\DESKTOP-64TNDKM\rpa3_contestacao_agi_ec\execucoes\2026-08-13_13-36-46.md].
2026-08-13 13:36:46.811 | WARNING |tests.test_relatorio_execucao:test_falha_ao_gravar_nao_derruba:113 - [Relatório] Não foi possível gravar [C:\Users\Btime Soluções\AppData\Local\Temp\pytest-of-Btime Soluções\pytest-15\test_falha_ao_gravar_nao_derru0\DESKTOP-64TNDKM\rpa3_contestacao_agi_ec\execucoes\2026-08-13_13-36-46.md]: . O log completo da execução continua disponível.
2026-08-13 13:36:46.845 | INFO    |comum.dados.repositorio_cache:__init__:77 - Inicializando conexão com o banco no ambiente [dev]
2026-08-13 13:36:46.845 | INFO    |comum.dados.repositorio_cache:__init__:77 - Utilizando SQLite local [C:\projetos\MVP2\MVP2\MVP2\DETRAF-UNIFICADO\unificado\banco_de_dados\TABELAS_DETRAF_espelho.db]
2026-08-13 13:36:46.849 | INFO    |comum.dados.repositorio_cache:__init__:77 - Inicializando conexão com o banco no ambiente [dev]
2026-08-13 13:36:46.849 | INFO    |comum.dados.repositorio_cache:__init__:77 - Utilizando SQLite local [C:\projetos\MVP2\MVP2\MVP2\DETRAF-UNIFICADO\unificado\banco_de_dados\TABELAS_DETRAF_espelho.db]
2026-08-13 13:36:46.850 | INFO    |comum.dados.repositorio_cache:obter_tabela:214 - Carregando tabela [tbl_anexo5_processado]
2026-08-13 13:36:46.875 | INFO    |comum.dados.repositorio_cache:obter_tabela:214 - Tabela [tbl_anexo5_processado] carregada | Linhas: 2656 | Colunas: 18
2026-08-13 13:36:46.880 | INFO    |comum.dados.repositorio_cache:__init__:77 - Inicializando conexão com o banco no ambiente [dev]
2026-08-13 13:36:46.880 | INFO    |comum.dados.repositorio_cache:__init__:77 - Utilizando SQLite local [C:\projetos\MVP2\MVP2\MVP2\DETRAF-UNIFICADO\unificado\banco_de_dados\TABELAS_DETRAF_espelho.db]
2026-08-13 13:36:46.881 | INFO    |comum.dados.repositorio_cache:obter_tabela:214 - Carregando tabela [tbl_anexo5_processado]
2026-08-13 13:36:46.904 | INFO    |comum.dados.repositorio_cache:obter_tabela:214 - Tabela [tbl_anexo5_processado] carregada | Linhas: 2656 | Colunas: 18
2026-08-13 13:36:46.908 | INFO    |comum.dados.repositorio_cache:__init__:77 - Inicializando conexão com o banco no ambiente [dev]
2026-08-13 13:36:46.909 | INFO    |comum.dados.repositorio_cache:__init__:77 - Utilizando SQLite local [C:\projetos\MVP2\MVP2\MVP2\DETRAF-UNIFICADO\unificado\banco_de_dados\TABELAS_DETRAF_espelho.db]
2026-08-13 13:36:46.912 | INFO    |comum.dados.repositorio_cache:__init__:77 - Inicializando conexão com o banco no ambiente [dev]
2026-08-13 13:36:46.912 | INFO    |comum.dados.repositorio_cache:__init__:77 - Utilizando SQLite local [C:\projetos\MVP2\MVP2\MVP2\DETRAF-UNIFICADO\unificado\banco_de_dados\TABELAS_DETRAF_espelho.db]
2026-08-13 13:36:46.913 | INFO    |comum.dados.repositorio_cache:obter_tabela:214 - Carregando tabela [tbl_anexo5_processado]
2026-08-13 13:36:46.936 | INFO    |comum.dados.repositorio_cache:obter_tabela:214 - Tabela [tbl_anexo5_processado] carregada | Linhas: 2656 | Colunas: 18
2026-08-13 13:36:46.942 | INFO    |comum.dados.repositorio_cache:__init__:77 - Inicializando conexão com o banco no ambiente [dev]
2026-08-13 13:36:46.943 | INFO    |comum.dados.repositorio_cache:__init__:77 - Utilizando SQLite local [C:\projetos\MVP2\MVP2\MVP2\DETRAF-UNIFICADO\unificado\banco_de_dados\TABELAS_DETRAF_espelho.db]
2026-08-13 13:36:46.944 | INFO    |comum.dados.repositorio_cache:obter_tabela:214 - Carregando tabela [tbl_anexo5_processado]
2026-08-13 13:36:46.967 | INFO    |comum.dados.repositorio_cache:obter_tabela:214 - Tabela [tbl_anexo5_processado] carregada | Linhas: 2656 | Colunas: 18
2026-08-13 13:36:46.970 | INFO    |tests.test_repositorio_tabelas:test_buscar_nome_fantasia_por_eot_inexistente:127 - Nome Fantasia não encontrado para o EOT [999999]
2026-08-13 13:36:46.976 | INFO    |comum.dados.repositorio_cache:__init__:77 - Inicializando conexão com o banco no ambiente [dev]
2026-08-13 13:36:46.977 | INFO    |comum.dados.repositorio_cache:__init__:77 - Utilizando SQLite local [C:\projetos\MVP2\MVP2\MVP2\DETRAF-UNIFICADO\unificado\banco_de_dados\TABELAS_DETRAF_espelho.db]
2026-08-13 13:36:46.979 | INFO    |comum.dados.repositorio_cache:obter_tabela:214 - Carregando tabela [tbl_anexo5_processado]
2026-08-13 13:36:47.003 | INFO    |comum.dados.repositorio_cache:obter_tabela:214 - Tabela [tbl_anexo5_processado] carregada | Linhas: 2656 | Colunas: 18
2026-08-13 13:36:47.011 | INFO    |comum.dados.repositorio_cache:__init__:77 - Inicializando conexão com o banco no ambiente [dev]
2026-08-13 13:36:47.012 | INFO    |comum.dados.repositorio_cache:__init__:77 - Utilizando SQLite local [C:\projetos\MVP2\MVP2\MVP2\DETRAF-UNIFICADO\unificado\banco_de_dados\TABELAS_DETRAF_espelho.db]
2026-08-13 13:36:47.013 | INFO    |comum.dados.repositorio_cache:obter_tabela:214 - Carregando tabela [tbl_anexo5_processado]
2026-08-13 13:36:47.040 | INFO    |comum.dados.repositorio_cache:obter_tabela:214 - Tabela [tbl_anexo5_processado] carregada | Linhas: 2656 | Colunas: 18
2026-08-13 13:36:47.045 | INFO    |comum.dados.repositorio_cache:__init__:77 - Inicializando conexão com o banco no ambiente [dev]
2026-08-13 13:36:47.045 | INFO    |comum.dados.repositorio_cache:__init__:77 - Utilizando SQLite local [C:\projetos\MVP2\MVP2\MVP2\DETRAF-UNIFICADO\unificado\banco_de_dados\TABELAS_DETRAF_espelho.db]
2026-08-13 13:36:47.047 | INFO    |comum.dados.repositorio_cache:obter_tabela:214 - Carregando tabela [tbl_anexo5_processado]
2026-08-13 13:36:47.075 | INFO    |comum.dados.repositorio_cache:obter_tabela:214 - Tabela [tbl_anexo5_processado] carregada | Linhas: 2656 | Colunas: 18
2026-08-13 13:36:47.081 | INFO    |comum.dados.repositorio_cache:__init__:77 - Inicializando conexão com o banco no ambiente [dev]
2026-08-13 13:36:47.082 | INFO    |comum.dados.repositorio_cache:__init__:77 - Utilizando SQLite local [C:\projetos\MVP2\MVP2\MVP2\DETRAF-UNIFICADO\unificado\banco_de_dados\TABELAS_DETRAF_espelho.db]
2026-08-13 13:36:47.083 | INFO    |comum.dados.repositorio_cache:obter_tabela:214 - Carregando tabela [tbl_anexo5_processado]
2026-08-13 13:36:47.103 | INFO    |comum.dados.repositorio_cache:obter_tabela:214 - Tabela [tbl_anexo5_processado] carregada | Linhas: 2656 | Colunas: 18
2026-08-13 13:36:47.109 | INFO    |comum.dados.repositorio_cache:__init__:77 - Inicializando conexão com o banco no ambiente [dev]
2026-08-13 13:36:47.110 | INFO    |comum.dados.repositorio_cache:__init__:77 - Utilizando SQLite local [C:\projetos\MVP2\MVP2\MVP2\DETRAF-UNIFICADO\unificado\banco_de_dados\TABELAS_DETRAF_espelho.db]
2026-08-13 13:36:47.111 | INFO    |comum.dados.repositorio_cache:obter_tabela:214 - Carregando tabela [tbl_anexo5_processado]
2026-08-13 13:36:47.132 | INFO    |comum.dados.repositorio_cache:obter_tabela:214 - Tabela [tbl_anexo5_processado] carregada | Linhas: 2656 | Colunas: 18
2026-08-13 13:36:47.145 | INFO    |comum.dados.repositorio_cache:__init__:77 - Inicializando conexão com o banco no ambiente [dev]
2026-08-13 13:36:47.145 | INFO    |comum.dados.repositorio_cache:__init__:77 - Utilizando SQLite local [C:\projetos\MVP2\MVP2\MVP2\DETRAF-UNIFICADO\unificado\banco_de_dados\TABELAS_DETRAF_espelho.db]
2026-08-13 13:36:47.146 | INFO    |comum.dados.repositorio_cache:obter_tabela:214 - Carregando tabela [tbl_detraf_tarifas]
2026-08-13 13:36:47.151 | INFO    |comum.dados.repositorio_cache:obter_tabela:214 - Tabela [tbl_detraf_tarifas] carregada | Linhas: 110 | Colunas: 21
2026-08-13 13:36:47.155 | INFO    |comum.dados.repositorio_cache:__init__:77 - Inicializando conexão com o banco no ambiente [dev]
2026-08-13 13:36:47.155 | INFO    |comum.dados.repositorio_cache:__init__:77 - Utilizando SQLite local [C:\projetos\MVP2\MVP2\MVP2\DETRAF-UNIFICADO\unificado\banco_de_dados\TABELAS_DETRAF_espelho.db]
2026-08-13 13:36:47.157 | INFO    |comum.dados.repositorio_cache:obter_tabela:214 - Carregando tabela [tbl_detraf_mapeamento_descritores]
2026-08-13 13:36:47.160 | INFO    |comum.dados.repositorio_cache:obter_tabela:214 - Tabela [tbl_detraf_mapeamento_descritores] carregada | Linhas: 25 | Colunas: 8
2026-08-13 13:36:47.163 | INFO    |comum.dados.repositorio_cache:__init__:77 - Inicializando conexão com o banco no ambiente [dev]
2026-08-13 13:36:47.164 | INFO    |comum.dados.repositorio_cache:__init__:77 - Utilizando SQLite local [C:\projetos\MVP2\MVP2\MVP2\DETRAF-UNIFICADO\unificado\banco_de_dados\TABELAS_DETRAF_espelho.db]
2026-08-13 13:36:47.175 | INFO    |tests.test_validacao_colunas:test_mes_corrente_menos_1_passa:29 - DataFrame reprovado na validação da Coluna 3 (Referência). Esperado apenas: 202607
2026-08-13 13:36:47.429 | INFO    |tests.test_validacao_colunas:test_qualquer_outro_reprova:33 - DataFrame reprovado na validação da Coluna 3 (Referência). Esperado apenas: 202607
2026-08-13 13:36:47.433 | INFO    |tests.test_validacao_colunas:test_qualquer_outro_reprova:33 - DataFrame reprovado na validação da Coluna 3 (Referência). Esperado apenas: 202607
2026-08-13 13:36:47.440 | INFO    |tests.test_validacao_colunas:test_qualquer_outro_reprova:33 - DataFrame reprovado na validação da Coluna 3 (Referência). Esperado apenas: 202607
2026-08-13 13:36:47.444 | INFO    |tests.test_validacao_colunas:test_qualquer_outro_reprova:33 - DataFrame reprovado na validação da Coluna 3 (Referência). Esperado apenas: 202607
2026-08-13 13:36:47.448 | INFO    |tests.test_validacao_colunas:test_qualquer_outro_reprova:33 - DataFrame reprovado na validação da Coluna 3 (Referência). Esperado apenas: 202607
2026-08-13 13:36:47.453 | INFO    |tests.test_validacao_colunas:test_espaco_em_volta_nao_reprova:37 - DataFrame reprovado na validação da Coluna 3 (Referência). Esperado apenas: 202607
2026-08-13 13:36:47.475 | INFO    |tests.test_validacao_colunas:test_a_janela_de_tres_meses_passa:49 - DataFrame reprovado na validação da Coluna 4 (Tráfego). Valores permitidos: {'202606', '202605', '202607'}
2026-08-13 13:36:47.498 | INFO    |tests.test_validacao_colunas:test_a_janela_de_tres_meses_passa:49 - DataFrame reprovado na validação da Coluna 4 (Tráfego). Valores permitidos: {'202606', '202605', '202607'}
2026-08-13 13:36:47.532 | INFO    |tests.test_validacao_colunas:test_a_janela_de_tres_meses_passa:49 - DataFrame reprovado na validação da Coluna 4 (Tráfego). Valores permitidos: {'202606', '202605', '202607'}
2026-08-13 13:36:47.554 | INFO    |tests.test_validacao_colunas:test_fora_da_janela_reprova:54 - DataFrame reprovado na validação da Coluna 4 (Tráfego). Valores permitidos: {'202606', '202605', '202607'}
2026-08-13 13:36:47.558 | INFO    |tests.test_validacao_colunas:test_fora_da_janela_reprova:54 - DataFrame reprovado na validação da Coluna 4 (Tráfego). Valores permitidos: {'202606', '202605', '202607'}
2026-08-13 13:36:47.562 | INFO    |tests.test_validacao_colunas:test_fora_da_janela_reprova:54 - DataFrame reprovado na validação da Coluna 4 (Tráfego). Valores permitidos: {'202606', '202605', '202607'}
2026-08-13 13:36:47.565 | INFO    |tests.test_validacao_colunas:test_fora_da_janela_reprova:54 - DataFrame reprovado na validação da Coluna 4 (Tráfego). Valores permitidos: {'202606', '202605', '202607'}
2026-08-13 13:36:47.590 | INFO    |tests.test_validacao_colunas:test_qualquer_outra_reprova:67 - DataFrame reprovado na validação da Coluna 8 (GH). Valores fora das opções {'D', 'R', 'S', 'N'} detectados.
2026-08-13 13:36:47.597 | INFO    |tests.test_validacao_colunas:test_qualquer_outra_reprova:67 - DataFrame reprovado na validação da Coluna 8 (GH). Valores fora das opções {'D', 'R', 'S', 'N'} detectados.
2026-08-13 13:36:47.604 | INFO    |tests.test_validacao_colunas:test_qualquer_outra_reprova:67 - DataFrame reprovado na validação da Coluna 8 (GH). Valores fora das opções {'D', 'R', 'S', 'N'} detectados.
2026-08-13 13:36:47.610 | INFO    |tests.test_validacao_colunas:test_qualquer_outra_reprova:67 - DataFrame reprovado na validação da Coluna 8 (GH). Valores fora das opções {'D', 'R', 'S', 'N'} detectados.
2026-08-13 13:36:47.620 | INFO    |tests.test_validacao_colunas:test_decimal_reprova:77 - DataFrame reprovado na validação da Coluna 9 (Chamadas). Encontrados números decimais onde deveriam ser apenas inteiros.
2026-08-13 13:36:47.625 | INFO    |tests.test_validacao_colunas:test_nao_numerico_reprova:81 - DataFrame reprovado na validação da Coluna 9 (Chamadas). Encontrados valores não numéricos ou vazios.
2026-08-13 13:36:47.629 | INFO    |tests.test_validacao_colunas:test_nao_numerico_reprova:81 - DataFrame reprovado na validação da Coluna 9 (Chamadas). Encontrados valores não numéricos ou vazios.
2026-08-13 13:36:47.634 | INFO    |tests.test_validacao_colunas:test_nao_numerico_reprova:81 - DataFrame reprovado na validação da Coluna 9 (Chamadas). Encontrados valores não numéricos ou vazios.
2026-08-13 13:36:47.656 | INFO    |tests.test_validacao_colunas:test_mais_de_uma_casa_reprova:97 - DataFrame reprovado na validação da Coluna 10 (Minutos). Encontrados valores com mais de 1 casa decimal.
2026-08-13 13:36:47.660 | INFO    |tests.test_validacao_colunas:test_mais_de_uma_casa_reprova:97 - DataFrame reprovado na validação da Coluna 10 (Minutos). Encontrados valores com mais de 1 casa decimal.
2026-08-13 13:36:47.670 | INFO    |tests.test_validacao_colunas:test_vazio_reprova:104 - DataFrame reprovado na validação da Coluna 10 (Minutos). Valores nulos ou não numéricos detectados.
2026-08-13 13:36:47.689 | INFO    |tests.test_validacao_colunas:test_seis_casas_reprova:118 - DataFrame reprovado na validação da Coluna 11 (Tarifa). Encontrados valores com mais de 5 casas decimais.
2026-08-13 13:36:47.694 | INFO    |tests.test_validacao_colunas:test_tarifa_zero_reprova:123 - DataFrame reprovado na validação da Coluna 11 (Tarifa). Encontrada tarifa zerada (0), o que não é permitido.
2026-08-13 13:36:47.699 | INFO    |tests.test_validacao_colunas:test_tarifa_zero_reprova:123 - DataFrame reprovado na validação da Coluna 11 (Tarifa). Encontrada tarifa zerada (0), o que não é permitido.
2026-08-13 13:36:47.703 | INFO    |tests.test_validacao_colunas:test_tarifa_zero_reprova:123 - DataFrame reprovado na validação da Coluna 11 (Tarifa). Encontrada tarifa zerada (0), o que não é permitido.
2026-08-13 13:36:47.708 | INFO    |tests.test_validacao_colunas:test_nao_numerico_reprova:127 - DataFrame reprovado na validação da Coluna 11 (Tarifa). Valores inválidos ou não numéricos detectados.
2026-08-13 13:36:47.712 | INFO    |tests.test_validacao_colunas:test_nao_numerico_reprova:127 - DataFrame reprovado na validação da Coluna 11 (Tarifa). Valores inválidos ou não numéricos detectados.
2026-08-13 13:36:47.722 | INFO    |tests.test_validacao_colunas:test_tres_casas_reprova_em_qualquer_uma_delas:144 - DataFrame reprovado na validação das Colunas Financeiras (12-15). Encontrados valores monetários com mais de 2 casas decimais.
2026-08-13 13:36:47.728 | INFO    |tests.test_validacao_colunas:test_tres_casas_reprova_em_qualquer_uma_delas:144 - DataFrame reprovado na validação das Colunas Financeiras (12-15). Encontrados valores monetários com mais de 2 casas decimais.
2026-08-13 13:36:47.733 | INFO    |tests.test_validacao_colunas:test_tres_casas_reprova_em_qualquer_uma_delas:144 - DataFrame reprovado na validação das Colunas Financeiras (12-15). Encontrados valores monetários com mais de 2 casas decimais.
2026-08-13 13:36:47.739 | INFO    |tests.test_validacao_colunas:test_tres_casas_reprova_em_qualquer_uma_delas:144 - DataFrame reprovado na validação das Colunas Financeiras (12-15). Encontrados valores monetários com mais de 2 casas decimais.
2026-08-13 13:36:47.753 | INFO    |comum.dominio.validacao_colunas:_validar_col_1_2_eot:548 - DataFrame reprovado na validação de EOT (Índice Coluna: 0). Encontrados códigos de operadoras que não existem no Anexo 5 cadastrado.
2026-08-13 13:36:47.755 | INFO    |tests.test_validacao_colunas:test_eot_fora_do_anexo5_reprova:166 - DataFrame reprovado na validação da Coluna 1 (EOT). Encontrados códigos de operadoras que não existem no Anexo 5 cadastrado.
2026-08-13 13:36:47.761 | INFO    |tests.test_validacao_colunas:test_devedora_precisa_ser_da_vivo:174 - DataFrame reprovado na validação da Coluna 2 (EOT Vivo). Encontrados códigos de operadoras que não correspondem aos nomes fantasia da Vivo.
2026-08-13 13:36:47.798 | INFO    |tests.test_validacao_colunas:test_tarifa_diferente_da_tabela_reprova:193 - Validação de tarifas concluída | Total: 1 | Válidas: 0 | Inválidas: 1 | Resultado final: False
2026-08-13 13:36:47.811 | INFO    |comum.dados.repositorio_cache:__init__:77 - Inicializando conexão com o banco no ambiente [dev]
2026-08-13 13:36:47.812 | INFO    |comum.dados.repositorio_cache:__init__:77 - Utilizando SQLite local [C:\Users\BTIMES~1\AppData\Local\Temp\detraf_comum_teste_at7piv4o\TABELAS_DETRAF_TESTE.db]
2026-08-13 13:36:47.838 | INFO    |comum.dados.repositorio_cache:recarregar_cache_local:375 - Carregando tabela [tbl_detraf_tarifas]
2026-08-13 13:36:47.841 | INFO    |comum.dados.repositorio_cache:recarregar_cache_local:375 - Tabela [tbl_detraf_tarifas] carregada | Linhas: 3 | Colunas: 8
2026-08-13 13:36:47.859 | INFO    |comum.dados.repositorio_cache:recarregar_cache_local:375 - Carregando tabela [tbl_detraf_tarifas]
2026-08-13 13:36:47.862 | INFO    |comum.dados.repositorio_cache:recarregar_cache_local:375 - Tabela [tbl_detraf_tarifas] carregada | Linhas: 3 | Colunas: 8
2026-08-13 13:36:47.900 | INFO    |comum.dominio.validacao_colunas:validar_tudo_detalhado:265 - DataFrame reprovado na validação da Coluna 3 (Referência). Esperado apenas: 202607
2026-08-13 13:36:47.901 | INFO    |comum.dominio.validacao_colunas:validar_tudo_detalhado:266 - DataFrame reprovado na validação da Coluna 4 (Tráfego). Valores permitidos: {'202606', '202605', '202607'}
2026-08-13 13:36:47.907 | INFO    |comum.dominio.validacao_colunas:validar_tudo:298 - Resultado das validações para o arquivo do tipo 'DETRAF': {'v_col1_2': True, 'v_col2_vivo': True, 'v_col3': False, 'v_col4': False, 'v_col8': True, 'v_col9': True, 'v_col10': True, 'v_col11': True, 'v_col12_15': True, 'v_tarifas_remuneradas': True}
2026-08-13 13:36:47.957 | INFO    |comum.dominio.validacao_colunas:validar_tudo_detalhado:265 - DataFrame reprovado na validação da Coluna 3 (Referência). Esperado apenas: 202607
2026-08-13 13:36:47.958 | INFO    |comum.dominio.validacao_colunas:validar_tudo_detalhado:266 - DataFrame reprovado na validação da Coluna 4 (Tráfego). Valores permitidos: {'202606', '202605', '202607'}
2026-08-13 13:36:47.958 | INFO    |comum.dominio.validacao_colunas:validar_tudo_detalhado:267 - DataFrame reprovado na validação da Coluna 8 (GH). Valores fora das opções {'D', 'R', 'S', 'N'} detectados.
2026-08-13 13:36:47.962 | INFO    |comum.dominio.validacao_colunas:validar_tudo:298 - Resultado das validações para o arquivo do tipo 'DETRAF': {'v_col1_2': True, 'v_col2_vivo': True, 'v_col3': False, 'v_col4': False, 'v_col8': False, 'v_col9': True, 'v_col10': True, 'v_col11': True, 'v_col12_15': True, 'v_tarifas_remuneradas': True}
2026-08-13 13:36:47.984 | INFO    |comum.dominio.validacao_colunas:validar_tudo_detalhado:252 - Validação de tarifas concluída | Total: 1 | Válidas: 0 | Inválidas: 1 | Resultado final: False
2026-08-13 13:36:47.985 | INFO    |comum.dominio.validacao_colunas:validar_tudo_detalhado:265 - DataFrame reprovado na validação da Coluna 3 (Referência). Esperado apenas: 202607
2026-08-13 13:36:47.986 | INFO    |comum.dominio.validacao_colunas:validar_tudo_detalhado:266 - DataFrame reprovado na validação da Coluna 4 (Tráfego). Valores permitidos: {'202606', '202605', '202607'}
2026-08-13 13:36:47.988 | INFO    |comum.dominio.validacao_colunas:validar_tudo_detalhado:267 - DataFrame reprovado na validação da Coluna 8 (GH). Valores fora das opções {'D', 'R', 'S', 'N'} detectados.
2026-08-13 13:36:47.988 | INFO    |comum.dominio.validacao_colunas:validar_tudo_detalhado:268 - DataFrame reprovado na validação da Coluna 9 (Chamadas). Encontrados valores não numéricos ou vazios.
2026-08-13 13:36:47.990 | INFO    |comum.dominio.validacao_colunas:validar_tudo_detalhado:270 - DataFrame reprovado na validação da Coluna 11 (Tarifa). Encontrada tarifa zerada (0), o que não é permitido.
2026-08-13 13:36:47.992 | INFO    |comum.dominio.validacao_colunas:validar_tudo:298 - Resultado das validações para o arquivo do tipo 'DETRAF': {'v_col1_2': True, 'v_col2_vivo': True, 'v_col3': False, 'v_col4': False, 'v_col8': False, 'v_col9': False, 'v_col10': True, 'v_col11': False, 'v_col12_15': True, 'v_tarifas_remuneradas': False}
2026-08-13 13:36:48.066 | INFO    |comum.dominio.validacao_colunas:validar_tudo_detalhado:265 - DataFrame reprovado na validação da Coluna 3 (Referência). Esperado apenas: 202607
2026-08-13 13:36:48.071 | INFO    |comum.dominio.validacao_colunas:validar_tudo_detalhado:266 - DataFrame reprovado na validação da Coluna 4 (Tráfego). Valores permitidos: {'202606', '202605', '202607'}
2026-08-13 13:36:48.076 | INFO    |comum.dominio.validacao_colunas:validar_tudo_detalhado:267 - DataFrame reprovado na validação da Coluna 8 (GH). Valores fora das opções {'D', 'R', 'S', 'N'} detectados.
2026-08-13 13:36:48.097 | INFO    |comum.dominio.validacao_colunas:validar_tudo:298 - Resultado das validações para o arquivo do tipo 'DETRAF': {'v_col1_2': True, 'v_col2_vivo': True, 'v_col3': False, 'v_col4': False, 'v_col8': False, 'v_col9': True, 'v_col10': True, 'v_col11': True, 'v_col12_15': True, 'v_tarifas_remuneradas': True}
2026-08-13 13:37:06.339 | INFO    |comum.dados.repositorio_cache:__init__:77 - Inicializando conexão com o banco no ambiente [dev]
2026-08-13 13:37:06.340 | INFO    |comum.dados.repositorio_cache:__init__:77 - Utilizando SQLite local [C:\Users\BTIMES~1\AppData\Local\Temp\detraf_comum_teste_x_82p3si\TABELAS_DETRAF_TESTE.db]
2026-08-13 13:37:06.393 | INFO    |tests.test_validacao_colunas:test_qualquer_outro_reprova:33 - DataFrame reprovado na validação da Coluna 3 (Referência). Esperado apenas: 202507
2026-08-13 13:37:06.399 | INFO    |tests.test_validacao_colunas:test_qualquer_outro_reprova:33 - DataFrame reprovado na validação da Coluna 3 (Referência). Esperado apenas: 202507
2026-08-13 13:37:06.404 | INFO    |tests.test_validacao_colunas:test_qualquer_outro_reprova:33 - DataFrame reprovado na validação da Coluna 3 (Referência). Esperado apenas: 202507
2026-08-13 13:37:06.409 | INFO    |tests.test_validacao_colunas:test_qualquer_outro_reprova:33 - DataFrame reprovado na validação da Coluna 3 (Referência). Esperado apenas: 202507
2026-08-13 13:37:06.414 | INFO    |tests.test_validacao_colunas:test_qualquer_outro_reprova:33 - DataFrame reprovado na validação da Coluna 3 (Referência). Esperado apenas: 202507
2026-08-13 13:37:06.431 | INFO    |tests.test_validacao_colunas:test_fora_da_janela_reprova:54 - DataFrame reprovado na validação da Coluna 4 (Tráfego). Valores permitidos: {'202505', '202507', '202506'}
2026-08-13 13:37:06.436 | INFO    |tests.test_validacao_colunas:test_fora_da_janela_reprova:54 - DataFrame reprovado na validação da Coluna 4 (Tráfego). Valores permitidos: {'202505', '202507', '202506'}
2026-08-13 13:37:06.440 | INFO    |tests.test_validacao_colunas:test_fora_da_janela_reprova:54 - DataFrame reprovado na validação da Coluna 4 (Tráfego). Valores permitidos: {'202505', '202507', '202506'}
2026-08-13 13:37:06.444 | INFO    |tests.test_validacao_colunas:test_fora_da_janela_reprova:54 - DataFrame reprovado na validação da Coluna 4 (Tráfego). Valores permitidos: {'202505', '202507', '202506'}
2026-08-13 13:37:06.463 | INFO    |tests.test_validacao_colunas:test_qualquer_outra_reprova:67 - DataFrame reprovado na validação da Coluna 8 (GH). Valores fora das opções {'D', 'S', 'N', 'R'} detectados.
2026-08-13 13:37:06.467 | INFO    |tests.test_validacao_colunas:test_qualquer_outra_reprova:67 - DataFrame reprovado na validação da Coluna 8 (GH). Valores fora das opções {'D', 'S', 'N', 'R'} detectados.
2026-08-13 13:37:06.471 | INFO    |tests.test_validacao_colunas:test_qualquer_outra_reprova:67 - DataFrame reprovado na validação da Coluna 8 (GH). Valores fora das opções {'D', 'S', 'N', 'R'} detectados.
2026-08-13 13:37:06.476 | INFO    |tests.test_validacao_colunas:test_qualquer_outra_reprova:67 - DataFrame reprovado na validação da Coluna 8 (GH). Valores fora das opções {'D', 'S', 'N', 'R'} detectados.
2026-08-13 13:37:06.483 | INFO    |tests.test_validacao_colunas:test_decimal_reprova:77 - DataFrame reprovado na validação da Coluna 9 (Chamadas). Encontrados números decimais onde deveriam ser apenas inteiros.
2026-08-13 13:37:06.489 | INFO    |tests.test_validacao_colunas:test_nao_numerico_reprova:81 - DataFrame reprovado na validação da Coluna 9 (Chamadas). Encontrados valores não numéricos ou vazios.
2026-08-13 13:37:06.493 | INFO    |tests.test_validacao_colunas:test_nao_numerico_reprova:81 - DataFrame reprovado na validação da Coluna 9 (Chamadas). Encontrados valores não numéricos ou vazios.
2026-08-13 13:37:06.497 | INFO    |tests.test_validacao_colunas:test_nao_numerico_reprova:81 - DataFrame reprovado na validação da Coluna 9 (Chamadas). Encontrados valores não numéricos ou vazios.
2026-08-13 13:37:06.525 | INFO    |tests.test_validacao_colunas:test_mais_de_uma_casa_reprova:97 - DataFrame reprovado na validação da Coluna 10 (Minutos). Encontrados valores com mais de 1 casa decimal.
2026-08-13 13:37:06.530 | INFO    |tests.test_validacao_colunas:test_mais_de_uma_casa_reprova:97 - DataFrame reprovado na validação da Coluna 10 (Minutos). Encontrados valores com mais de 1 casa decimal.
2026-08-13 13:37:06.538 | INFO    |tests.test_validacao_colunas:test_vazio_reprova:104 - DataFrame reprovado na validação da Coluna 10 (Minutos). Valores nulos ou não numéricos detectados.
2026-08-13 13:37:06.555 | INFO    |tests.test_validacao_colunas:test_seis_casas_reprova:118 - DataFrame reprovado na validação da Coluna 11 (Tarifa). Encontrados valores com mais de 5 casas decimais.
2026-08-13 13:37:06.559 | INFO    |tests.test_validacao_colunas:test_tarifa_zero_reprova:123 - DataFrame reprovado na validação da Coluna 11 (Tarifa). Encontrada tarifa zerada (0), o que não é permitido.
2026-08-13 13:37:06.563 | INFO    |tests.test_validacao_colunas:test_tarifa_zero_reprova:123 - DataFrame reprovado na validação da Coluna 11 (Tarifa). Encontrada tarifa zerada (0), o que não é permitido.
2026-08-13 13:37:06.567 | INFO    |tests.test_validacao_colunas:test_tarifa_zero_reprova:123 - DataFrame reprovado na validação da Coluna 11 (Tarifa). Encontrada tarifa zerada (0), o que não é permitido.
2026-08-13 13:37:06.571 | INFO    |tests.test_validacao_colunas:test_nao_numerico_reprova:127 - DataFrame reprovado na validação da Coluna 11 (Tarifa). Valores inválidos ou não numéricos detectados.
2026-08-13 13:37:06.575 | INFO    |tests.test_validacao_colunas:test_nao_numerico_reprova:127 - DataFrame reprovado na validação da Coluna 11 (Tarifa). Valores inválidos ou não numéricos detectados.
2026-08-13 13:37:06.587 | INFO    |tests.test_validacao_colunas:test_tres_casas_reprova_em_qualquer_uma_delas:144 - DataFrame reprovado na validação das Colunas Financeiras (12-15). Encontrados valores monetários com mais de 2 casas decimais.
2026-08-13 13:37:06.593 | INFO    |tests.test_validacao_colunas:test_tres_casas_reprova_em_qualquer_uma_delas:144 - DataFrame reprovado na validação das Colunas Financeiras (12-15). Encontrados valores monetários com mais de 2 casas decimais.
2026-08-13 13:37:06.599 | INFO    |tests.test_validacao_colunas:test_tres_casas_reprova_em_qualquer_uma_delas:144 - DataFrame reprovado na validação das Colunas Financeiras (12-15). Encontrados valores monetários com mais de 2 casas decimais.
2026-08-13 13:37:06.606 | INFO    |tests.test_validacao_colunas:test_tres_casas_reprova_em_qualquer_uma_delas:144 - DataFrame reprovado na validação das Colunas Financeiras (12-15). Encontrados valores monetários com mais de 2 casas decimais.
2026-08-13 13:37:06.614 | INFO    |comum.dados.repositorio_cache:obter_tabela:214 - Carregando tabela [tbl_anexo5_processado]
2026-08-13 13:37:06.617 | INFO    |comum.dados.repositorio_cache:obter_tabela:214 - Tabela [tbl_anexo5_processado] carregada | Linhas: 4 | Colunas: 6
2026-08-13 13:37:06.625 | INFO    |comum.dominio.validacao_colunas:_validar_col_1_2_eot:548 - DataFrame reprovado na validação de EOT (Índice Coluna: 0). Encontrados códigos de operadoras que não existem no Anexo 5 cadastrado.
2026-08-13 13:37:06.626 | INFO    |tests.test_validacao_colunas:test_eot_fora_do_anexo5_reprova:166 - DataFrame reprovado na validação da Coluna 1 (EOT). Encontrados códigos de operadoras que não existem no Anexo 5 cadastrado.
2026-08-13 13:37:06.632 | INFO    |tests.test_validacao_colunas:test_devedora_precisa_ser_da_vivo:174 - DataFrame reprovado na validação da Coluna 2 (EOT Vivo). Encontrados códigos de operadoras que não correspondem aos nomes fantasia da Vivo.
2026-08-13 13:37:06.648 | INFO    |comum.dados.repositorio_cache:obter_tabela:214 - Carregando tabela [tbl_detraf_tarifas]
2026-08-13 13:37:06.650 | INFO    |comum.dados.repositorio_cache:obter_tabela:214 - Tabela [tbl_detraf_tarifas] carregada | Linhas: 3 | Colunas: 8
2026-08-13 13:37:06.677 | INFO    |tests.test_validacao_colunas:test_tarifa_diferente_da_tabela_reprova:193 - Validação de tarifas concluída | Total: 1 | Válidas: 0 | Inválidas: 1 | Resultado final: False
2026-08-13 13:37:06.685 | INFO    |comum.dados.repositorio_cache:__init__:77 - Inicializando conexão com o banco no ambiente [dev]
2026-08-13 13:37:06.686 | INFO    |comum.dados.repositorio_cache:__init__:77 - Utilizando SQLite local [C:\Users\BTIMES~1\AppData\Local\Temp\detraf_comum_teste_x_82p3si\TABELAS_DETRAF_TESTE.db]
2026-08-13 13:37:06.710 | INFO    |comum.dados.repositorio_cache:recarregar_cache_local:375 - Carregando tabela [tbl_detraf_tarifas]
2026-08-13 13:37:06.713 | INFO    |comum.dados.repositorio_cache:recarregar_cache_local:375 - Tabela [tbl_detraf_tarifas] carregada | Linhas: 3 | Colunas: 8
2026-08-13 13:37:06.732 | INFO    |comum.dados.repositorio_cache:recarregar_cache_local:375 - Carregando tabela [tbl_detraf_tarifas]
2026-08-13 13:37:06.735 | INFO    |comum.dados.repositorio_cache:recarregar_cache_local:375 - Tabela [tbl_detraf_tarifas] carregada | Linhas: 3 | Colunas: 8
2026-08-13 13:37:06.780 | INFO    |comum.dominio.validacao_colunas:validar_tudo:298 - Resultado das validações para o arquivo do tipo 'DETRAF': {'v_col1_2': True, 'v_col2_vivo': True, 'v_col3': True, 'v_col4': True, 'v_col8': True, 'v_col9': True, 'v_col10': True, 'v_col11': True, 'v_col12_15': True, 'v_tarifas_remuneradas': True}
2026-08-13 13:37:06.801 | INFO    |comum.dominio.validacao_colunas:validar_tudo_detalhado:267 - DataFrame reprovado na validação da Coluna 8 (GH). Valores fora das opções {'D', 'S', 'N', 'R'} detectados.
2026-08-13 13:37:06.806 | INFO    |comum.dominio.validacao_colunas:validar_tudo:298 - Resultado das validações para o arquivo do tipo 'DETRAF': {'v_col1_2': True, 'v_col2_vivo': True, 'v_col3': True, 'v_col4': True, 'v_col8': False, 'v_col9': True, 'v_col10': True, 'v_col11': True, 'v_col12_15': True, 'v_tarifas_remuneradas': True}
2026-08-13 13:37:06.822 | INFO    |comum.dominio.validacao_colunas:validar_tudo_detalhado:252 - Validação de tarifas concluída | Total: 1 | Válidas: 0 | Inválidas: 1 | Resultado final: False
2026-08-13 13:37:06.824 | INFO    |comum.dominio.validacao_colunas:validar_tudo_detalhado:267 - DataFrame reprovado na validação da Coluna 8 (GH). Valores fora das opções {'D', 'S', 'N', 'R'} detectados.
2026-08-13 13:37:06.825 | INFO    |comum.dominio.validacao_colunas:validar_tudo_detalhado:268 - DataFrame reprovado na validação da Coluna 9 (Chamadas). Encontrados valores não numéricos ou vazios.
2026-08-13 13:37:06.826 | INFO    |comum.dominio.validacao_colunas:validar_tudo_detalhado:270 - DataFrame reprovado na validação da Coluna 11 (Tarifa). Encontrada tarifa zerada (0), o que não é permitido.
2026-08-13 13:37:06.829 | INFO    |comum.dominio.validacao_colunas:validar_tudo:298 - Resultado das validações para o arquivo do tipo 'DETRAF': {'v_col1_2': True, 'v_col2_vivo': True, 'v_col3': True, 'v_col4': True, 'v_col8': False, 'v_col9': False, 'v_col10': True, 'v_col11': False, 'v_col12_15': True, 'v_tarifas_remuneradas': False}
2026-08-13 13:37:06.849 | INFO    |comum.dominio.validacao_colunas:validar_tudo_detalhado:267 - DataFrame reprovado na validação da Coluna 8 (GH). Valores fora das opções {'D', 'S', 'N', 'R'} detectados.
2026-08-13 13:37:06.854 | INFO    |comum.dominio.validacao_colunas:validar_tudo:298 - Resultado das validações para o arquivo do tipo 'DETRAF': {'v_col1_2': True, 'v_col2_vivo': True, 'v_col3': True, 'v_col4': True, 'v_col8': False, 'v_col9': True, 'v_col10': True, 'v_col11': True, 'v_col12_15': True, 'v_tarifas_remuneradas': True}
2026-08-13 13:37:47.689 | INFO    |comum.dados.repositorio_cache:__init__:77 - Inicializando conexão com o banco no ambiente [dev]
2026-08-13 13:37:47.690 | INFO    |comum.dados.repositorio_cache:__init__:77 - Utilizando SQLite local [C:\Users\BTIMES~1\AppData\Local\Temp\detraf_epico4_teste_902f_1_n\TABELAS_DETRAF_TESTE.db]
2026-08-13 13:38:05.730 | INFO    |comum.dados.repositorio_cache:__init__:77 - Inicializando conexão com o banco no ambiente [dev]
2026-08-13 13:38:05.731 | INFO    |comum.dados.repositorio_cache:__init__:77 - Utilizando SQLite local [C:\Users\BTIMES~1\AppData\Local\Temp\detraf_test_qjowyr84.db]
2026-08-13 13:38:05.893 | ERROR   |src.services.notificacao_operadora:notificar_arquivos_recusados:59 - CAMINHO_TEMPLATE_EMAIL_DETRAF_INVALIDO não está configurada — a operadora NÃO será avisada dos arquivos recusados. Eles continuam na quarentena, com o diagnóstico ao lado.
2026-08-13 13:38:05.897 | ERROR   |src.services.notificacao_operadora:notificar_arquivos_recusados:59 - Template do e-mail não encontrado em [C:\Users\Btime Soluções\AppData\Local\Temp\pytest-of-Btime Soluções\pytest-16\test_template_inexistente_devo0\nao-existe.txt] — a operadora NÃO será avisada dos arquivos recusados.
2026-08-13 13:38:05.915 | WARNING |src.services.operadora_service:_extrair_eot_csv:77 - Nenhum separador reconhecido nas primeiras 20 linhas de [C:\Users\Btime Soluções\AppData\Local\Temp\pytest-of-Btime Soluções\pytest-16\test_extrair_eot_csv_fallback_0\arquivo.csv] — assumindo ';'. Se o arquivo usar outro, ele será lido como coluna única e reprovado na validação.
2026-08-13 13:38:05.920 | WARNING |src.services.operadora_service:_extrair_eot_csv:77 - Nenhum separador reconhecido nas primeiras 20 linhas de [C:\Users\Btime Soluções\AppData\Local\Temp\pytest-of-Btime Soluções\pytest-16\test_extrair_eot_csv_vazio_ret0\arquivo.csv] — assumindo ';'. Se o arquivo usar outro, ele será lido como coluna única e reprovado na validação.
2026-08-13 13:38:05.945 | INFO    |comum.dados.repositorio_cache:obter_tabela:214 - Carregando tabela [tbl_anexo5_processado]
2026-08-13 13:38:05.948 | INFO    |comum.dados.repositorio_cache:obter_tabela:214 - Tabela [tbl_anexo5_processado] carregada | Linhas: 3 | Colunas: 6
2026-08-13 13:38:05.956 | WARNING |src.services.operadora_service:_extrair_eot_csv:77 - Nenhum separador reconhecido nas primeiras 20 linhas de [C:\Users\Btime Soluções\AppData\Local\Temp\pytest-of-Btime Soluções\pytest-16\test_obter_operadora_identific1\arquivo.csv] — assumindo ';'. Se o arquivo usar outro, ele será lido como coluna única e reprovado na validação.
2026-08-13 13:38:05.958 | INFO    |src.services.operadora_service:obter_operadora:159 - Nome Fantasia não encontrado para o EOT [999]
2026-08-13 13:38:05.966 | WARNING |src.services.operadora_service:_extrair_eot_csv:77 - Nenhum separador reconhecido nas primeiras 20 linhas de [C:\Users\Btime Soluções\AppData\Local\Temp\pytest-of-Btime Soluções\pytest-16\test_obter_operadora_nao_ident0\arquivo.csv] — assumindo ';'. Se o arquivo usar outro, ele será lido como coluna única e reprovado na validação.
2026-08-13 13:38:05.967 | INFO    |src.services.operadora_service:obter_operadora:159 - Nome Fantasia não encontrado para o EOT [999]
2026-08-13 13:38:05.968 | INFO    |src.services.operadora_service:obter_operadora:169 - Nome Fantasia não encontrado para o texto [empresainexistente999]
2026-08-13 13:38:05.969 | WARNING |test_operadora_service:test_obter_operadora_nao_identificada:87 - Operadora não identificada para 'arquivo.csv' (eot='999', dominio='empresainexistente999.com.br', texto_busca='empresainexistente999')
2026-08-13 13:38:05.976 | INFO    |test_organizar_caixa_de_entrada:test_email_de_despesa_e_movido_para_detraf_despesas:76 - Organização da Caixa de Entrada: 1 e-mail(s) lido(s), 1 movido(s) para 'Detraf Despesas'.
2026-08-13 13:38:05.982 | INFO    |test_organizar_caixa_de_entrada:test_email_de_contestacao_nao_e_movido:86 - Organização da Caixa de Entrada: 1 e-mail(s) lido(s), 0 movido(s) para 'Detraf Despesas'.
2026-08-13 13:38:05.987 | INFO    |test_organizar_caixa_de_entrada:test_email_sem_anexo_relevante_nao_e_movido:96 - Organização da Caixa de Entrada: 2 e-mail(s) lido(s), 0 movido(s) para 'Detraf Despesas'.
2026-08-13 13:38:05.993 | ERROR   |test_organizar_caixa_de_entrada:test_uma_falha_ao_mover_nao_impede_as_seguintes:110 - Falha ao mover e-mail 'e1' (assunto: 'Detraf 1') da Caixa de Entrada para 'Detraf Despesas': falha simulada ao mover 'e1'
2026-08-13 13:38:05.994 | INFO    |test_organizar_caixa_de_entrada:test_uma_falha_ao_mover_nao_impede_as_seguintes:110 - Organização da Caixa de Entrada: 2 e-mail(s) lido(s), 1 movido(s) para 'Detraf Despesas'.
2026-08-13 13:38:05.999 | INFO    |test_organizar_caixa_de_entrada:test_caixa_de_entrada_vazia_nao_move_nada:117 - Organização da Caixa de Entrada: 0 e-mail(s) lido(s), 0 movido(s) para 'Detraf Despesas'.
2026-08-13 13:38:06.006 | INFO    |test_outlook_service_anexos:test_baixa_apenas_csv_e_excel:81 - E-mail 'ABC123': 3 anexo(s) ignorado(s) por extensão não permitida — carta_apresentacao.pdf, contrato.docx, assinatura.png
2026-08-13 13:38:06.006 | INFO    |test_outlook_service_anexos:test_baixa_apenas_csv_e_excel:81 - E-mail 'ABC123': 2 anexo(s) baixado(s) para 'C:\Users\Btime Soluções\AppData\Local\Temp\pytest-of-Btime Soluções\pytest-16\test_baixa_apenas_csv_e_excel0'.
2026-08-13 13:38:06.013 | INFO    |test_outlook_service_anexos:test_anexos_ignorados_nao_chegam_ao_disco:94 - E-mail 'ABC123': 1 anexo(s) ignorado(s) por extensão não permitida — carta.pdf
2026-08-13 13:38:06.013 | INFO    |test_outlook_service_anexos:test_anexos_ignorados_nao_chegam_ao_disco:94 - E-mail 'ABC123': 1 anexo(s) baixado(s) para 'C:\Users\Btime Soluções\AppData\Local\Temp\pytest-of-Btime Soluções\pytest-16\test_anexos_ignorados_nao_cheg0'.
2026-08-13 13:38:06.019 | INFO    |test_outlook_service_anexos:test_anexos_inline_continuam_ignorados:107 - E-mail 'ABC123': 1 anexo(s) baixado(s) para 'C:\Users\Btime Soluções\AppData\Local\Temp\pytest-of-Btime Soluções\pytest-16\test_anexos_inline_continuam_i0'.
2026-08-13 13:38:06.024 | INFO    |test_outlook_service_anexos:test_email_so_com_anexos_irrelevantes_devolve_lista_vazia:121 - E-mail 'ABC123': 1 anexo(s) ignorado(s) por extensão não permitida — apenas_um_pdf.pdf
2026-08-13 13:38:06.024 | INFO    |test_outlook_service_anexos:test_email_so_com_anexos_irrelevantes_devolve_lista_vazia:121 - E-mail 'ABC123': 0 anexo(s) baixado(s) para 'C:\Users\Btime Soluções\AppData\Local\Temp\pytest-of-Btime Soluções\pytest-16\test_email_so_com_anexos_irrel0'.
2026-08-13 13:38:06.031 | INFO    |test_outlook_service_anexos:test_extensao_e_avaliada_sem_distinguir_caixa:128 - E-mail 'ABC123': 2 anexo(s) baixado(s) para 'C:\Users\Btime Soluções\AppData\Local\Temp\pytest-of-Btime Soluções\pytest-16\test_extensao_e_avaliada_sem_d0'.
2026-08-13 13:38:06.038 | INFO    |test_outlook_service_anexos:test_o_filtro_usa_a_configuracao_e_nao_uma_lista_fixa:140 - E-mail 'ABC123': 1 anexo(s) ignorado(s) por extensão não permitida — planilha.xlsx
2026-08-13 13:38:06.038 | INFO    |test_outlook_service_anexos:test_o_filtro_usa_a_configuracao_e_nao_uma_lista_fixa:140 - E-mail 'ABC123': 1 anexo(s) baixado(s) para 'C:\Users\Btime Soluções\AppData\Local\Temp\pytest-of-Btime Soluções\pytest-16\test_o_filtro_usa_a_configurac0'.
2026-08-13 13:38:06.045 | INFO    |test_processamento_service:test_executar_sucesso_identifica_operadora_e_salva:103 - Iniciando fluxo de processamento
2026-08-13 13:38:06.045 | INFO    |test_processamento_service:test_executar_sucesso_identifica_operadora_e_salva:103 - Competência: 202507 | Ano: 2025
2026-08-13 13:38:06.045 | INFO    |test_processamento_service:test_executar_sucesso_identifica_operadora_e_salva:103 - Total de arquivos a processar: 1
2026-08-13 13:38:06.068 | INFO    |comum.dados.repositorio_cache:obter_tabela:214 - Carregando tabela [tbl_detraf_tarifas]
2026-08-13 13:38:06.069 | INFO    |comum.dados.repositorio_cache:obter_tabela:214 - Tabela [tbl_detraf_tarifas] carregada | Linhas: 3 | Colunas: 8
2026-08-13 13:38:06.083 | INFO    |src.services.processamento_service:_validar:482 - Resultado das validações para o arquivo do tipo 'detraf': {'v_col1_2': True, 'v_col2_vivo': True, 'v_col3': True, 'v_col4': True, 'v_col8': True, 'v_col9': True, 'v_col10': True, 'v_col11': True, 'v_col12_15': True, 'v_tarifas_remuneradas': True}
2026-08-13 13:38:06.086 | WARNING |src.services.processamento_service:_processar_arquivo:297 - Estrutura do mês anterior não encontrada em 'C:\Users\Btime Soluções\AppData\Local\Temp\pytest-of-Btime Soluções\pytest-16\test_executar_sucesso_identifi0\operadoras\Megatelecom Telecomunicacoes S.A.\2025\202506' — criando 'C:\Users\Btime Soluções\AppData\Local\Temp\pytest-of-Btime Soluções\pytest-16\test_executar_sucesso_identifi0\operadoras\Megatelecom Telecomunicacoes S.A.\2025\202507' vazio.
2026-08-13 13:38:06.088 | INFO    |src.services.processamento_service:executar:145 - Processado com sucesso: sucesso_eot112.csv (operadora identificada via 'eot')
2026-08-13 13:38:06.089 | INFO    |src.services.processamento_service:executar:153 - Resumo — Sucesso: 1 | Reprovados: 0 | Não identificados: 0 | Erros: 0
2026-08-13 13:38:06.097 | INFO    |test_processamento_service:test_executar_nao_identificado_vai_para_pasta_excecao:158 - Iniciando fluxo de processamento
2026-08-13 13:38:06.098 | INFO    |test_processamento_service:test_executar_nao_identificado_vai_para_pasta_excecao:158 - Competência: 202507 | Ano: 2025
2026-08-13 13:38:06.098 | INFO    |test_processamento_service:test_executar_nao_identificado_vai_para_pasta_excecao:158 - Total de arquivos a processar: 1
2026-08-13 13:38:06.120 | INFO    |src.services.processamento_service:_validar:482 - Resultado das validações para o arquivo do tipo 'detraf': {'v_col1_2': True, 'v_col2_vivo': True, 'v_col3': True, 'v_col4': True, 'v_col8': True, 'v_col9': True, 'v_col10': True, 'v_col11': True, 'v_col12_15': True, 'v_tarifas_remuneradas': True}
2026-08-13 13:38:06.123 | WARNING |src.services.processamento_service:_processar_arquivo:279 - Operadora não identificada para 'nao_identificado.csv' (remetente: 'contato@empresainexistente999.com.br') — copiado para 'C:\Users\Btime Soluções\AppData\Local\Temp\pytest-of-Btime Soluções\pytest-16\test_executar_nao_identificado0\_NAO_IDENTIFICADOS\202507'
2026-08-13 13:38:06.125 | INFO    |comum.dados.repositorio_cache:salvar_dados_tabela_despesa:262 - Inserindo 1 registro(s) em [tbl_rpa_log_detraf_despesa_arquivos].
2026-08-13 13:38:06.134 | INFO    |comum.dados.repositorio_cache:salvar_dados_tabela_despesa:262 - 1 registro(s) persistidos em [tbl_rpa_log_detraf_despesa_arquivos].
2026-08-13 13:38:06.135 | INFO    |src.services.processamento_service:executar:153 - Resumo — Sucesso: 0 | Reprovados: 0 | Não identificados: 1 | Erros: 0
2026-08-13 13:38:06.145 | INFO    |test_processamento_service:test_executar_clona_estrutura_do_mes_anterior:192 - Iniciando fluxo de processamento
2026-08-13 13:38:06.146 | INFO    |test_processamento_service:test_executar_clona_estrutura_do_mes_anterior:192 - Competência: 202507 | Ano: 2025
2026-08-13 13:38:06.146 | INFO    |test_processamento_service:test_executar_clona_estrutura_do_mes_anterior:192 - Total de arquivos a processar: 1
2026-08-13 13:38:06.172 | INFO    |src.services.processamento_service:_validar:482 - Resultado das validações para o arquivo do tipo 'detraf': {'v_col1_2': True, 'v_col2_vivo': True, 'v_col3': True, 'v_col4': True, 'v_col8': True, 'v_col9': True, 'v_col10': True, 'v_col11': True, 'v_col12_15': True, 'v_tarifas_remuneradas': True}
2026-08-13 13:38:06.178 | INFO    |src.services.processamento_service:executar:145 - Processado com sucesso: clonagem.csv (operadora identificada via 'eot')
2026-08-13 13:38:06.179 | INFO    |src.services.processamento_service:executar:153 - Resumo — Sucesso: 1 | Reprovados: 0 | Não identificados: 0 | Erros: 0
2026-08-13 13:38:06.185 | INFO    |test_processamento_service:test_executar_sem_argumentos_lista_diretorio_entrada:207 - Iniciando fluxo de processamento
2026-08-13 13:38:06.186 | INFO    |test_processamento_service:test_executar_sem_argumentos_lista_diretorio_entrada:207 - Competência: 202507 | Ano: 2025
2026-08-13 13:38:06.187 | INFO    |src.services.processamento_service:executar:140 - [RPA 1] 1 arquivo(s) em [C:\Users\Btime Soluções\AppData\Local\Temp\pytest-of-Btime Soluções\pytest-16\test_executar_sem_argumentos_l0\entrada] (busca recursiva); 0 com remetente recuperado do rastreamento.
2026-08-13 13:38:06.187 | WARNING |src.services.processamento_service:executar:140 - [RPA 1] Nenhum arquivo tem rastreamento: a identificação vai depender só da EOT credora dentro do arquivo, sem o fallback por domínio do remetente. É o esperado numa pasta preparada à mão; se veio de uma captura, confira RASTREAMENTO_ARQUIVO_PATH.
2026-08-13 13:38:06.187 | INFO    |test_processamento_service:test_executar_sem_argumentos_lista_diretorio_entrada:207 - Total de arquivos a processar: 1
2026-08-13 13:38:06.210 | INFO    |src.services.processamento_service:_validar:482 - Resultado das validações para o arquivo do tipo 'detraf': {'v_col1_2': True, 'v_col2_vivo': True, 'v_col3': True, 'v_col4': True, 'v_col8': True, 'v_col9': True, 'v_col10': True, 'v_col11': True, 'v_col12_15': True, 'v_tarifas_remuneradas': True}
2026-08-13 13:38:06.214 | WARNING |src.services.processamento_service:_processar_arquivo:297 - Estrutura do mês anterior não encontrada em 'C:\Users\Btime Soluções\AppData\Local\Temp\pytest-of-Btime Soluções\pytest-16\test_executar_sem_argumentos_l0\operadoras\Megatelecom Telecomunicacoes S.A.\2025\202506' — criando 'C:\Users\Btime Soluções\AppData\Local\Temp\pytest-of-Btime Soluções\pytest-16\test_executar_sem_argumentos_l0\operadoras\Megatelecom Telecomunicacoes S.A.\2025\202507' vazio.
2026-08-13 13:38:06.216 | INFO    |src.services.processamento_service:executar:145 - Processado com sucesso: arquivo_solto.csv (operadora identificada via 'eot')
2026-08-13 13:38:06.217 | INFO    |src.services.processamento_service:executar:153 - Resumo — Sucesso: 1 | Reprovados: 0 | Não identificados: 0 | Erros: 0
2026-08-13 13:38:06.223 | INFO    |test_processamento_service:test_arquivo_em_subpasta_e_encontrado:267 - [RPA 1] 1 arquivo(s) em [C:\Users\Btime Soluções\AppData\Local\Temp\pytest-of-Btime Soluções\pytest-16\test_arquivo_em_subpasta_e_enc0\entrada] (busca recursiva); 0 com remetente recuperado do rastreamento.
2026-08-13 13:38:06.224 | WARNING |test_processamento_service:test_arquivo_em_subpasta_e_encontrado:267 - [RPA 1] Nenhum arquivo tem rastreamento: a identificação vai depender só da EOT credora dentro do arquivo, sem o fallback por domínio do remetente. É o esperado numa pasta preparada à mão; se veio de uma captura, confira RASTREAMENTO_ARQUIVO_PATH.
2026-08-13 13:38:06.232 | INFO    |test_processamento_service:test_o_remetente_vem_do_rastreamento:281 - [RPA 1] 1 arquivo(s) em [C:\Users\Btime Soluções\AppData\Local\Temp\pytest-of-Btime Soluções\pytest-16\test_o_remetente_vem_do_rastre0\entrada] (busca recursiva); 1 com remetente recuperado do rastreamento.
2026-08-13 13:38:06.240 | INFO    |test_processamento_service:test_arquivo_sem_rastreamento_nao_quebra:294 - [RPA 1] 1 arquivo(s) em [C:\Users\Btime Soluções\AppData\Local\Temp\pytest-of-Btime Soluções\pytest-16\test_arquivo_sem_rastreamento_0\entrada] (busca recursiva); 0 com remetente recuperado do rastreamento.
2026-08-13 13:38:06.240 | WARNING |test_processamento_service:test_arquivo_sem_rastreamento_nao_quebra:294 - [RPA 1] Nenhum arquivo tem rastreamento: a identificação vai depender só da EOT credora dentro do arquivo, sem o fallback por domínio do remetente. É o esperado numa pasta preparada à mão; se veio de uma captura, confira RASTREAMENTO_ARQUIVO_PATH.
2026-08-13 13:38:06.248 | INFO    |test_processamento_service:test_extensao_nao_permitida_e_ignorada:304 - [RPA 1] 1 arquivo(s) em [C:\Users\Btime Soluções\AppData\Local\Temp\pytest-of-Btime Soluções\pytest-16\test_extensao_nao_permitida_e_0\entrada] (busca recursiva); 0 com remetente recuperado do rastreamento.
2026-08-13 13:38:06.248 | WARNING |test_processamento_service:test_extensao_nao_permitida_e_ignorada:304 - [RPA 1] Nenhum arquivo tem rastreamento: a identificação vai depender só da EOT credora dentro do arquivo, sem o fallback por domínio do remetente. É o esperado numa pasta preparada à mão; se veio de uma captura, confira RASTREAMENTO_ARQUIVO_PATH.
2026-08-13 13:38:06.262 | INFO    |test_processamento_service:test_dividido_produz_o_mesmo_que_a_execucao_unica:332 - Iniciando fluxo de processamento
2026-08-13 13:38:06.262 | INFO    |test_processamento_service:test_dividido_produz_o_mesmo_que_a_execucao_unica:332 - Competência: 202507 | Ano: 2025
2026-08-13 13:38:06.264 | INFO    |src.services.processamento_service:executar:140 - [RPA 1] 1 arquivo(s) em [C:\Users\Btime Soluções\AppData\Local\Temp\pytest-of-Btime Soluções\pytest-16\test_dividido_produz_o_mesmo_q0\entrada] (busca recursiva); 1 com remetente recuperado do rastreamento.
2026-08-13 13:38:06.264 | INFO    |test_processamento_service:test_dividido_produz_o_mesmo_que_a_execucao_unica:332 - Total de arquivos a processar: 1
2026-08-13 13:38:06.287 | INFO    |src.services.processamento_service:_validar:482 - Resultado das validações para o arquivo do tipo 'detraf': {'v_col1_2': True, 'v_col2_vivo': True, 'v_col3': True, 'v_col4': True, 'v_col8': True, 'v_col9': True, 'v_col10': True, 'v_col11': True, 'v_col12_15': True, 'v_tarifas_remuneradas': True}
2026-08-13 13:38:06.290 | WARNING |src.services.processamento_service:_processar_arquivo:297 - Estrutura do mês anterior não encontrada em 'C:\Users\Btime Soluções\AppData\Local\Temp\pytest-of-Btime Soluções\pytest-16\test_dividido_produz_o_mesmo_q0\operadoras\Megatelecom Telecomunicacoes S.A.\2025\202506' — criando 'C:\Users\Btime Soluções\AppData\Local\Temp\pytest-of-Btime Soluções\pytest-16\test_dividido_produz_o_mesmo_q0\operadoras\Megatelecom Telecomunicacoes S.A.\2025\202507' vazio.
2026-08-13 13:38:06.293 | INFO    |src.services.processamento_service:executar:145 - Processado com sucesso: detraf.csv (operadora identificada via 'eot')
2026-08-13 13:38:06.294 | INFO    |src.services.processamento_service:executar:153 - Resumo — Sucesso: 1 | Reprovados: 0 | Não identificados: 0 | Erros: 0
2026-08-13 13:38:06.360 | WARNING |test_repositorio_arquivos:test_clonar_estrutura_mes_anterior_origem_inexistente_degrada:74 - Estrutura do mês anterior não encontrada em 'C:\Users\Btime Soluções\AppData\Local\Temp\pytest-of-Btime Soluções\pytest-16\test_clonar_estrutura_mes_ante2\nao_existe' — criando 'C:\Users\Btime Soluções\AppData\Local\Temp\pytest-of-Btime Soluções\pytest-16\test_clonar_estrutura_mes_ante2\202606' vazio.
2026-08-13 13:38:06.366 | INFO    |test_repositorio_tabelas:test_buscar_nome_fantasia_por_eot_nao_encontrado:12 - Nome Fantasia não encontrado para o EOT [999]
2026-08-13 13:38:06.376 | INFO    |test_repositorio_tabelas:test_buscar_nome_fantasia_nao_encontrado:20 - Nome Fantasia não encontrado para o texto [naoexisteoperadora]
2026-08-13 13:38:06.381 | INFO    |comum.dados.repositorio_cache:salvar_dados_tabela_despesa:262 - Inserindo 1 registro(s) em [tbl_rpa_log_detraf_despesa_arquivos].
2026-08-13 13:38:06.391 | INFO    |comum.dados.repositorio_cache:salvar_dados_tabela_despesa:262 - 1 registro(s) persistidos em [tbl_rpa_log_detraf_despesa_arquivos].
2026-08-13 13:38:06.398 | INFO    |comum.dados.repositorio_cache:salvar_dados_tabela_despesa:262 - Nenhum registro para inserir em [tbl_rpa_log_detraf_despesa_arquivos].
2026-08-13 13:38:06.444 | INFO    |test_validacao_na_captura:test_layout_quebrado_nao_cria_nada_em_operadoras:93 - Iniciando fluxo de processamento
2026-08-13 13:38:06.444 | INFO    |test_validacao_na_captura:test_layout_quebrado_nao_cria_nada_em_operadoras:93 - Competência: 202507 | Ano: 2025
2026-08-13 13:38:06.445 | INFO    |test_validacao_na_captura:test_layout_quebrado_nao_cria_nada_em_operadoras:93 - Total de arquivos a processar: 1
2026-08-13 13:38:06.448 | WARNING |src.services.processamento_service:_processar_arquivo:262 - Arquivo [quebrado.csv] rejeitado: layout fora do padrão da V2.
  esperadas ao menos 15 colunas, encontradas 2.
2026-08-13 13:38:06.456 | INFO    |src.services.processamento_service:_reprovar:533 - [Layout] Motivo da recusa gravado em [quebrado_RECUSADO.md].
2026-08-13 13:38:06.458 | INFO    |comum.dados.repositorio_cache:salvar_dados_tabela_despesa:262 - Inserindo 1 registro(s) em [tbl_rpa_log_detraf_despesa_arquivos].
2026-08-13 13:38:06.471 | INFO    |comum.dados.repositorio_cache:salvar_dados_tabela_despesa:262 - 1 registro(s) persistidos em [tbl_rpa_log_detraf_despesa_arquivos].
2026-08-13 13:38:06.472 | WARNING |src.services.processamento_service:_processar_arquivo:264 - [RPA 1] 'quebrado.csv' REPROVADO na validação — quarentena em [C:\Users\Btime Soluções\AppData\Local\Temp\pytest-of-Btime Soluções\pytest-16\test_layout_quebrado_nao_cria_0\_QUARENTENA\202507\ENTRY-1].
2026-08-13 13:38:06.472 | INFO    |src.services.processamento_service:executar:151 - [RPA 1] E-mail de origem de 'quebrado.csv': 1 arquivo(s) recusado(s), operadora notificada.
2026-08-13 13:38:06.474 | INFO    |src.services.processamento_service:executar:153 - Resumo — Sucesso: 0 | Reprovados: 1 | Não identificados: 0 | Erros: 0
2026-08-13 13:38:06.484 | INFO    |test_validacao_na_captura:test_regra_de_coluna_quebrada_tambem_nao:109 - Iniciando fluxo de processamento
2026-08-13 13:38:06.485 | INFO    |test_validacao_na_captura:test_regra_de_coluna_quebrada_tambem_nao:109 - Competência: 202507 | Ano: 2025
2026-08-13 13:38:06.486 | INFO    |test_validacao_na_captura:test_regra_de_coluna_quebrada_tambem_nao:109 - Total de arquivos a processar: 1
2026-08-13 13:38:06.532 | INFO    |comum.dominio.validacao_colunas:validar_tudo_detalhado:252 - Validação de tarifas concluída | Total: 1 | Válidas: 0 | Inválidas: 1 | Resultado final: False
2026-08-13 13:38:06.536 | INFO    |comum.dominio.validacao_colunas:validar_tudo_detalhado:270 - DataFrame reprovado na validação da Coluna 11 (Tarifa). Encontrada tarifa zerada (0), o que não é permitido.
2026-08-13 13:38:06.539 | INFO    |src.services.processamento_service:_validar:482 - Resultado das validações para o arquivo do tipo 'detraf': {'v_col1_2': True, 'v_col2_vivo': True, 'v_col3': True, 'v_col4': True, 'v_col8': True, 'v_col9': True, 'v_col10': True, 'v_col11': False, 'v_col12_15': True, 'v_tarifas_remuneradas': False}
2026-08-13 13:38:06.540 | WARNING |src.services.processamento_service:_processar_arquivo:262 - Arquivo [tarifa_zero.csv] rejeitado: regras de coluna não atendidas.
  Coluna 11 (Tarifa): a tarifa admite no máximo 5 casas decimais e não pode ser zero.
  Tarifas remuneradas: há linhas cuja tarifa não corresponde à tarifa regulada vigente para a região, o grupo horário e o mês de tráfego da linha.
2026-08-13 13:38:06.547 | INFO    |src.services.processamento_service:_reprovar:533 - [Layout] Motivo da recusa gravado em [tarifa_zero_RECUSADO.md].
2026-08-13 13:38:06.548 | INFO    |comum.dados.repositorio_cache:salvar_dados_tabela_despesa:262 - Inserindo 1 registro(s) em [tbl_rpa_log_detraf_despesa_arquivos].
2026-08-13 13:38:06.558 | INFO    |comum.dados.repositorio_cache:salvar_dados_tabela_despesa:262 - 1 registro(s) persistidos em [tbl_rpa_log_detraf_despesa_arquivos].
2026-08-13 13:38:06.559 | WARNING |src.services.processamento_service:_processar_arquivo:264 - [RPA 1] 'tarifa_zero.csv' REPROVADO na validação — quarentena em [C:\Users\Btime Soluções\AppData\Local\Temp\pytest-of-Btime Soluções\pytest-16\test_regra_de_coluna_quebrada_0\_QUARENTENA\202507\ENTRY-1].
2026-08-13 13:38:06.559 | INFO    |src.services.processamento_service:executar:151 - [RPA 1] E-mail de origem de 'tarifa_zero.csv': 1 arquivo(s) recusado(s), operadora notificada.
2026-08-13 13:38:06.561 | INFO    |src.services.processamento_service:executar:153 - Resumo — Sucesso: 0 | Reprovados: 1 | Não identificados: 0 | Erros: 0
2026-08-13 13:38:06.569 | INFO    |test_validacao_na_captura:test_arquivo_valido_continua_entrando:119 - Iniciando fluxo de processamento
2026-08-13 13:38:06.570 | INFO    |test_validacao_na_captura:test_arquivo_valido_continua_entrando:119 - Competência: 202507 | Ano: 2025
2026-08-13 13:38:06.570 | INFO    |test_validacao_na_captura:test_arquivo_valido_continua_entrando:119 - Total de arquivos a processar: 1
2026-08-13 13:38:06.600 | INFO    |src.services.processamento_service:_validar:482 - Resultado das validações para o arquivo do tipo 'detraf': {'v_col1_2': True, 'v_col2_vivo': True, 'v_col3': True, 'v_col4': True, 'v_col8': True, 'v_col9': True, 'v_col10': True, 'v_col11': True, 'v_col12_15': True, 'v_tarifas_remuneradas': True}
2026-08-13 13:38:06.603 | WARNING |src.services.processamento_service:_processar_arquivo:297 - Estrutura do mês anterior não encontrada em 'C:\Users\Btime Soluções\AppData\Local\Temp\pytest-of-Btime Soluções\pytest-16\test_arquivo_valido_continua_e0\operadoras\Megatelecom Telecomunicacoes S.A.\2025\202506' — criando 'C:\Users\Btime Soluções\AppData\Local\Temp\pytest-of-Btime Soluções\pytest-16\test_arquivo_valido_continua_e0\operadoras\Megatelecom Telecomunicacoes S.A.\2025\202507' vazio.
2026-08-13 13:38:06.605 | INFO    |src.services.processamento_service:executar:145 - Processado com sucesso: bom.csv (operadora identificada via 'eot')
2026-08-13 13:38:06.606 | INFO    |src.services.processamento_service:executar:153 - Resumo — Sucesso: 1 | Reprovados: 0 | Não identificados: 0 | Erros: 0
2026-08-13 13:38:06.614 | INFO    |test_validacao_na_captura:test_arquivo_com_linha_de_total_e_APROVADO:164 - Iniciando fluxo de processamento
2026-08-13 13:38:06.615 | INFO    |test_validacao_na_captura:test_arquivo_com_linha_de_total_e_APROVADO:164 - Competência: 202507 | Ano: 2025
2026-08-13 13:38:06.615 | INFO    |test_validacao_na_captura:test_arquivo_com_linha_de_total_e_APROVADO:164 - Total de arquivos a processar: 1
2026-08-13 13:38:06.638 | INFO    |src.services.processamento_service:_validar:482 - Resultado das validações para o arquivo do tipo 'detraf': {'v_col1_2': True, 'v_col2_vivo': True, 'v_col3': True, 'v_col4': True, 'v_col8': True, 'v_col9': True, 'v_col10': True, 'v_col11': True, 'v_col12_15': True, 'v_tarifas_remuneradas': True}
2026-08-13 13:38:06.641 | WARNING |src.services.processamento_service:_processar_arquivo:297 - Estrutura do mês anterior não encontrada em 'C:\Users\Btime Soluções\AppData\Local\Temp\pytest-of-Btime Soluções\pytest-16\test_arquivo_com_linha_de_tota0\operadoras\Megatelecom Telecomunicacoes S.A.\2025\202506' — criando 'C:\Users\Btime Soluções\AppData\Local\Temp\pytest-of-Btime Soluções\pytest-16\test_arquivo_com_linha_de_tota0\operadoras\Megatelecom Telecomunicacoes S.A.\2025\202507' vazio.
2026-08-13 13:38:06.643 | INFO    |src.services.processamento_service:executar:145 - Processado com sucesso: com_total.csv (operadora identificada via 'eot')
2026-08-13 13:38:06.644 | INFO    |src.services.processamento_service:executar:153 - Resumo — Sucesso: 1 | Reprovados: 0 | Não identificados: 0 | Erros: 0
2026-08-13 13:38:06.650 | INFO    |test_validacao_na_captura:test_a_operadora_nao_e_notificada_por_causa_do_total:178 - Iniciando fluxo de processamento
2026-08-13 13:38:06.651 | INFO    |test_validacao_na_captura:test_a_operadora_nao_e_notificada_por_causa_do_total:178 - Competência: 202507 | Ano: 2025
2026-08-13 13:38:06.651 | INFO    |test_validacao_na_captura:test_a_operadora_nao_e_notificada_por_causa_do_total:178 - Total de arquivos a processar: 1
2026-08-13 13:38:06.676 | INFO    |src.services.processamento_service:_validar:482 - Resultado das validações para o arquivo do tipo 'detraf': {'v_col1_2': True, 'v_col2_vivo': True, 'v_col3': True, 'v_col4': True, 'v_col8': True, 'v_col9': True, 'v_col10': True, 'v_col11': True, 'v_col12_15': True, 'v_tarifas_remuneradas': True}
2026-08-13 13:38:06.679 | WARNING |src.services.processamento_service:_processar_arquivo:297 - Estrutura do mês anterior não encontrada em 'C:\Users\Btime Soluções\AppData\Local\Temp\pytest-of-Btime Soluções\pytest-16\test_a_operadora_nao_e_notific0\operadoras\Megatelecom Telecomunicacoes S.A.\2025\202506' — criando 'C:\Users\Btime Soluções\AppData\Local\Temp\pytest-of-Btime Soluções\pytest-16\test_a_operadora_nao_e_notific0\operadoras\Megatelecom Telecomunicacoes S.A.\2025\202507' vazio.
2026-08-13 13:38:06.681 | INFO    |src.services.processamento_service:executar:145 - Processado com sucesso: com_total.csv (operadora identificada via 'eot')
2026-08-13 13:38:06.682 | INFO    |src.services.processamento_service:executar:153 - Resumo — Sucesso: 1 | Reprovados: 0 | Não identificados: 0 | Erros: 0
2026-08-13 13:38:06.689 | INFO    |test_validacao_na_captura:test_uma_linha_de_dados_ruim_continua_reprovando:200 - Iniciando fluxo de processamento
2026-08-13 13:38:06.689 | INFO    |test_validacao_na_captura:test_uma_linha_de_dados_ruim_continua_reprovando:200 - Competência: 202507 | Ano: 2025
2026-08-13 13:38:06.689 | INFO    |test_validacao_na_captura:test_uma_linha_de_dados_ruim_continua_reprovando:200 - Total de arquivos a processar: 1
2026-08-13 13:38:06.710 | INFO    |comum.dominio.validacao_colunas:validar_tudo_detalhado:252 - Validação de tarifas concluída | Total: 1 | Válidas: 0 | Inválidas: 1 | Resultado final: False
2026-08-13 13:38:06.713 | INFO    |comum.dominio.validacao_colunas:validar_tudo_detalhado:270 - DataFrame reprovado na validação da Coluna 11 (Tarifa). Encontrada tarifa zerada (0), o que não é permitido.
2026-08-13 13:38:06.715 | INFO    |src.services.processamento_service:_validar:482 - Resultado das validações para o arquivo do tipo 'detraf': {'v_col1_2': True, 'v_col2_vivo': True, 'v_col3': True, 'v_col4': True, 'v_col8': True, 'v_col9': True, 'v_col10': True, 'v_col11': False, 'v_col12_15': True, 'v_tarifas_remuneradas': False}
2026-08-13 13:38:06.716 | WARNING |src.services.processamento_service:_processar_arquivo:262 - Arquivo [ruim_com_total.csv] rejeitado: regras de coluna não atendidas.
  Coluna 11 (Tarifa): a tarifa admite no máximo 5 casas decimais e não pode ser zero.
  Tarifas remuneradas: há linhas cuja tarifa não corresponde à tarifa regulada vigente para a região, o grupo horário e o mês de tráfego da linha.
2026-08-13 13:38:06.721 | INFO    |src.services.processamento_service:_reprovar:533 - [Layout] Motivo da recusa gravado em [ruim_com_total_RECUSADO.md].
2026-08-13 13:38:06.722 | INFO    |comum.dados.repositorio_cache:salvar_dados_tabela_despesa:262 - Inserindo 1 registro(s) em [tbl_rpa_log_detraf_despesa_arquivos].
2026-08-13 13:38:06.749 | INFO    |comum.dados.repositorio_cache:salvar_dados_tabela_despesa:262 - 1 registro(s) persistidos em [tbl_rpa_log_detraf_despesa_arquivos].
2026-08-13 13:38:06.749 | WARNING |src.services.processamento_service:_processar_arquivo:264 - [RPA 1] 'ruim_com_total.csv' REPROVADO na validação — quarentena em [C:\Users\Btime Soluções\AppData\Local\Temp\pytest-of-Btime Soluções\pytest-16\test_uma_linha_de_dados_ruim_c0\_QUARENTENA\202507\ENTRY-1].
2026-08-13 13:38:06.750 | INFO    |src.services.processamento_service:executar:151 - [RPA 1] E-mail de origem de 'ruim_com_total.csv': 1 arquivo(s) recusado(s), operadora notificada.
2026-08-13 13:38:06.751 | INFO    |src.services.processamento_service:executar:153 - Resumo — Sucesso: 0 | Reprovados: 1 | Não identificados: 0 | Erros: 0
2026-08-13 13:38:06.761 | INFO    |test_validacao_na_captura:test_o_arquivo_vai_para_a_quarentena_do_mes:212 - Iniciando fluxo de processamento
2026-08-13 13:38:06.762 | INFO    |test_validacao_na_captura:test_o_arquivo_vai_para_a_quarentena_do_mes:212 - Competência: 202507 | Ano: 2025
2026-08-13 13:38:06.762 | INFO    |test_validacao_na_captura:test_o_arquivo_vai_para_a_quarentena_do_mes:212 - Total de arquivos a processar: 1
2026-08-13 13:38:06.766 | WARNING |src.services.processamento_service:_processar_arquivo:262 - Arquivo [gh_invalido.csv] rejeitado: layout fora do padrão da V2.
  posição 7 (GH): esperado S, R, N ou D, encontrado "X" [0/1 válidos]
2026-08-13 13:38:06.773 | INFO    |src.services.processamento_service:_reprovar:533 - [Layout] Motivo da recusa gravado em [gh_invalido_RECUSADO.md].
2026-08-13 13:38:06.774 | INFO    |comum.dados.repositorio_cache:salvar_dados_tabela_despesa:262 - Inserindo 1 registro(s) em [tbl_rpa_log_detraf_despesa_arquivos].
2026-08-13 13:38:06.784 | INFO    |comum.dados.repositorio_cache:salvar_dados_tabela_despesa:262 - 1 registro(s) persistidos em [tbl_rpa_log_detraf_despesa_arquivos].
2026-08-13 13:38:06.785 | WARNING |src.services.processamento_service:_processar_arquivo:264 - [RPA 1] 'gh_invalido.csv' REPROVADO na validação — quarentena em [C:\Users\Btime Soluções\AppData\Local\Temp\pytest-of-Btime Soluções\pytest-16\test_o_arquivo_vai_para_a_quar0\_QUARENTENA\202507\ENTRY-1].
2026-08-13 13:38:06.785 | INFO    |src.services.processamento_service:executar:151 - [RPA 1] E-mail de origem de 'gh_invalido.csv': 1 arquivo(s) recusado(s), operadora notificada.
2026-08-13 13:38:06.786 | INFO    |src.services.processamento_service:executar:153 - Resumo — Sucesso: 0 | Reprovados: 1 | Não identificados: 0 | Erros: 0
2026-08-13 13:38:06.795 | INFO    |test_validacao_na_captura:test_o_diagnostico_fica_ao_lado_da_copia:225 - Iniciando fluxo de processamento
2026-08-13 13:38:06.795 | INFO    |test_validacao_na_captura:test_o_diagnostico_fica_ao_lado_da_copia:225 - Competência: 202507 | Ano: 2025
2026-08-13 13:38:06.796 | INFO    |test_validacao_na_captura:test_o_diagnostico_fica_ao_lado_da_copia:225 - Total de arquivos a processar: 1
2026-08-13 13:38:06.813 | INFO    |comum.dominio.validacao_colunas:validar_tudo_detalhado:252 - Validação de tarifas concluída | Total: 1 | Válidas: 0 | Inválidas: 1 | Resultado final: False
2026-08-13 13:38:06.816 | INFO    |comum.dominio.validacao_colunas:validar_tudo_detalhado:270 - DataFrame reprovado na validação da Coluna 11 (Tarifa). Encontrada tarifa zerada (0), o que não é permitido.
2026-08-13 13:38:06.818 | INFO    |src.services.processamento_service:_validar:482 - Resultado das validações para o arquivo do tipo 'detraf': {'v_col1_2': True, 'v_col2_vivo': True, 'v_col3': True, 'v_col4': True, 'v_col8': True, 'v_col9': True, 'v_col10': True, 'v_col11': False, 'v_col12_15': True, 'v_tarifas_remuneradas': False}
2026-08-13 13:38:06.819 | WARNING |src.services.processamento_service:_processar_arquivo:262 - Arquivo [tarifa_zero.csv] rejeitado: regras de coluna não atendidas.
  Coluna 11 (Tarifa): a tarifa admite no máximo 5 casas decimais e não pode ser zero.
  Tarifas remuneradas: há linhas cuja tarifa não corresponde à tarifa regulada vigente para a região, o grupo horário e o mês de tráfego da linha.
2026-08-13 13:38:06.825 | INFO    |src.services.processamento_service:_reprovar:533 - [Layout] Motivo da recusa gravado em [tarifa_zero_RECUSADO.md].
2026-08-13 13:38:06.826 | INFO    |comum.dados.repositorio_cache:salvar_dados_tabela_despesa:262 - Inserindo 1 registro(s) em [tbl_rpa_log_detraf_despesa_arquivos].
2026-08-13 13:38:06.834 | INFO    |comum.dados.repositorio_cache:salvar_dados_tabela_despesa:262 - 1 registro(s) persistidos em [tbl_rpa_log_detraf_despesa_arquivos].
2026-08-13 13:38:06.834 | WARNING |src.services.processamento_service:_processar_arquivo:264 - [RPA 1] 'tarifa_zero.csv' REPROVADO na validação — quarentena em [C:\Users\Btime Soluções\AppData\Local\Temp\pytest-of-Btime Soluções\pytest-16\test_o_diagnostico_fica_ao_lad0\_QUARENTENA\202507\ENTRY-1].
2026-08-13 13:38:06.835 | INFO    |src.services.processamento_service:executar:151 - [RPA 1] E-mail de origem de 'tarifa_zero.csv': 1 arquivo(s) recusado(s), operadora notificada.
2026-08-13 13:38:06.835 | INFO    |src.services.processamento_service:executar:153 - Resumo — Sucesso: 0 | Reprovados: 1 | Não identificados: 0 | Erros: 0
2026-08-13 13:38:06.842 | INFO    |test_validacao_na_captura:test_o_diagnostico_de_layout_traz_a_posicao:243 - Iniciando fluxo de processamento
2026-08-13 13:38:06.843 | INFO    |test_validacao_na_captura:test_o_diagnostico_de_layout_traz_a_posicao:243 - Competência: 202507 | Ano: 2025
2026-08-13 13:38:06.843 | INFO    |test_validacao_na_captura:test_o_diagnostico_de_layout_traz_a_posicao:243 - Total de arquivos a processar: 1
2026-08-13 13:38:06.846 | WARNING |src.services.processamento_service:_processar_arquivo:262 - Arquivo [quebrado.csv] rejeitado: layout fora do padrão da V2.
  esperadas ao menos 15 colunas, encontradas 2.
2026-08-13 13:38:06.851 | INFO    |src.services.processamento_service:_reprovar:533 - [Layout] Motivo da recusa gravado em [quebrado_RECUSADO.md].
2026-08-13 13:38:06.853 | INFO    |comum.dados.repositorio_cache:salvar_dados_tabela_despesa:262 - Inserindo 1 registro(s) em [tbl_rpa_log_detraf_despesa_arquivos].
2026-08-13 13:38:06.860 | INFO    |comum.dados.repositorio_cache:salvar_dados_tabela_despesa:262 - 1 registro(s) persistidos em [tbl_rpa_log_detraf_despesa_arquivos].
2026-08-13 13:38:06.861 | WARNING |src.services.processamento_service:_processar_arquivo:264 - [RPA 1] 'quebrado.csv' REPROVADO na validação — quarentena em [C:\Users\Btime Soluções\AppData\Local\Temp\pytest-of-Btime Soluções\pytest-16\test_o_diagnostico_de_layout_t0\_QUARENTENA\202507\ENTRY-1].
2026-08-13 13:38:06.861 | INFO    |src.services.processamento_service:executar:151 - [RPA 1] E-mail de origem de 'quebrado.csv': 1 arquivo(s) recusado(s), operadora notificada.
2026-08-13 13:38:06.862 | INFO    |src.services.processamento_service:executar:153 - Resumo — Sucesso: 0 | Reprovados: 1 | Não identificados: 0 | Erros: 0
2026-08-13 13:38:06.869 | INFO    |test_validacao_na_captura:test_dois_arquivos_de_mesmo_nome_nao_se_sobrescrevem:260 - Iniciando fluxo de processamento
2026-08-13 13:38:06.870 | INFO    |test_validacao_na_captura:test_dois_arquivos_de_mesmo_nome_nao_se_sobrescrevem:260 - Competência: 202507 | Ano: 2025
2026-08-13 13:38:06.870 | INFO    |test_validacao_na_captura:test_dois_arquivos_de_mesmo_nome_nao_se_sobrescrevem:260 - Total de arquivos a processar: 2
2026-08-13 13:38:06.873 | WARNING |src.services.processamento_service:_processar_arquivo:262 - Arquivo [DETRAF.csv] rejeitado: layout fora do padrão da V2.
  posição 7 (GH): esperado S, R, N ou D, encontrado "X" [0/1 válidos]
2026-08-13 13:38:06.884 | INFO    |src.services.processamento_service:_reprovar:533 - [Layout] Motivo da recusa gravado em [DETRAF_RECUSADO.md].
2026-08-13 13:38:06.886 | INFO    |comum.dados.repositorio_cache:salvar_dados_tabela_despesa:262 - Inserindo 1 registro(s) em [tbl_rpa_log_detraf_despesa_arquivos].
2026-08-13 13:38:06.898 | INFO    |comum.dados.repositorio_cache:salvar_dados_tabela_despesa:262 - 1 registro(s) persistidos em [tbl_rpa_log_detraf_despesa_arquivos].
2026-08-13 13:38:06.899 | WARNING |src.services.processamento_service:_processar_arquivo:264 - [RPA 1] 'DETRAF.csv' REPROVADO na validação — quarentena em [C:\Users\Btime Soluções\AppData\Local\Temp\pytest-of-Btime Soluções\pytest-16\test_dois_arquivos_de_mesmo_no0\_QUARENTENA\202507\ENTRY-A].
2026-08-13 13:38:06.902 | WARNING |src.services.processamento_service:_processar_arquivo:262 - Arquivo [DETRAF.csv] rejeitado: layout fora do padrão da V2.
  posição 7 (GH): esperado S, R, N ou D, encontrado "X" [0/1 válidos]
2026-08-13 13:38:06.910 | INFO    |src.services.processamento_service:_reprovar:533 - [Layout] Motivo da recusa gravado em [DETRAF_RECUSADO.md].
2026-08-13 13:38:06.912 | INFO    |comum.dados.repositorio_cache:salvar_dados_tabela_despesa:262 - Inserindo 1 registro(s) em [tbl_rpa_log_detraf_despesa_arquivos].
2026-08-13 13:38:06.928 | INFO    |comum.dados.repositorio_cache:salvar_dados_tabela_despesa:262 - 1 registro(s) persistidos em [tbl_rpa_log_detraf_despesa_arquivos].
2026-08-13 13:38:06.928 | WARNING |src.services.processamento_service:_processar_arquivo:264 - [RPA 1] 'DETRAF.csv' REPROVADO na validação — quarentena em [C:\Users\Btime Soluções\AppData\Local\Temp\pytest-of-Btime Soluções\pytest-16\test_dois_arquivos_de_mesmo_no0\_QUARENTENA\202507\ENTRY-B].
2026-08-13 13:38:06.928 | INFO    |src.services.processamento_service:executar:151 - [RPA 1] E-mail de origem de 'DETRAF.csv': 1 arquivo(s) recusado(s), operadora notificada.
2026-08-13 13:38:06.929 | INFO    |src.services.processamento_service:executar:151 - [RPA 1] E-mail de origem de 'DETRAF.csv': 1 arquivo(s) recusado(s), operadora notificada.
2026-08-13 13:38:06.930 | INFO    |src.services.processamento_service:executar:153 - Resumo — Sucesso: 0 | Reprovados: 2 | Não identificados: 0 | Erros: 0
2026-08-13 13:38:06.936 | INFO    |test_validacao_na_captura:test_o_reprovado_entra_no_log_de_despesa:278 - Iniciando fluxo de processamento
2026-08-13 13:38:06.937 | INFO    |test_validacao_na_captura:test_o_reprovado_entra_no_log_de_despesa:278 - Competência: 202507 | Ano: 2025
2026-08-13 13:38:06.937 | INFO    |test_validacao_na_captura:test_o_reprovado_entra_no_log_de_despesa:278 - Total de arquivos a processar: 1
2026-08-13 13:38:06.942 | WARNING |src.services.processamento_service:_processar_arquivo:262 - Arquivo [reprovado_log.csv] rejeitado: layout fora do padrão da V2.
  posição 7 (GH): esperado S, R, N ou D, encontrado "X" [0/1 válidos]
2026-08-13 13:38:06.950 | INFO    |src.services.processamento_service:_reprovar:533 - [Layout] Motivo da recusa gravado em [reprovado_log_RECUSADO.md].
2026-08-13 13:38:06.951 | INFO    |comum.dados.repositorio_cache:salvar_dados_tabela_despesa:262 - Inserindo 1 registro(s) em [tbl_rpa_log_detraf_despesa_arquivos].
2026-08-13 13:38:06.960 | INFO    |comum.dados.repositorio_cache:salvar_dados_tabela_despesa:262 - 1 registro(s) persistidos em [tbl_rpa_log_detraf_despesa_arquivos].
2026-08-13 13:38:06.960 | WARNING |src.services.processamento_service:_processar_arquivo:264 - [RPA 1] 'reprovado_log.csv' REPROVADO na validação — quarentena em [C:\Users\Btime Soluções\AppData\Local\Temp\pytest-of-Btime Soluções\pytest-16\test_o_reprovado_entra_no_log_0\_QUARENTENA\202507\ENTRY-1].
2026-08-13 13:38:06.961 | INFO    |src.services.processamento_service:executar:151 - [RPA 1] E-mail de origem de 'reprovado_log.csv': 1 arquivo(s) recusado(s), operadora notificada.
2026-08-13 13:38:06.961 | INFO    |src.services.processamento_service:executar:153 - Resumo — Sucesso: 0 | Reprovados: 1 | Não identificados: 0 | Erros: 0
2026-08-13 13:38:06.969 | INFO    |test_validacao_na_captura:test_invalido_e_nao_identificavel_ainda_gera_resposta:299 - Iniciando fluxo de processamento
2026-08-13 13:38:06.969 | INFO    |test_validacao_na_captura:test_invalido_e_nao_identificavel_ainda_gera_resposta:299 - Competência: 202507 | Ano: 2025
2026-08-13 13:38:06.970 | INFO    |test_validacao_na_captura:test_invalido_e_nao_identificavel_ainda_gera_resposta:299 - Total de arquivos a processar: 1
2026-08-13 13:38:06.973 | WARNING |src.services.processamento_service:_processar_arquivo:262 - Arquivo [orfao.csv] rejeitado: layout fora do padrão da V2.
  posição 7 (GH): esperado S, R, N ou D, encontrado "X" [0/1 válidos]
2026-08-13 13:38:06.976 | INFO    |src.services.operadora_service:obter_operadora:159 - Nome Fantasia não encontrado para o EOT [999]
2026-08-13 13:38:06.977 | INFO    |src.services.operadora_service:obter_operadora:169 - Nome Fantasia não encontrado para o texto [dominio-desconhecido-999]
2026-08-13 13:38:06.977 | WARNING |src.services.processamento_service:_reprovar:509 - Operadora não identificada para 'orfao.csv' (eot='999', dominio='dominio-desconhecido-999.com', texto_busca='dominio-desconhecido-999')
2026-08-13 13:38:06.981 | INFO    |src.services.processamento_service:_reprovar:533 - [Layout] Motivo da recusa gravado em [orfao_RECUSADO.md].
2026-08-13 13:38:06.982 | INFO    |comum.dados.repositorio_cache:salvar_dados_tabela_despesa:262 - Inserindo 1 registro(s) em [tbl_rpa_log_detraf_despesa_arquivos].
2026-08-13 13:38:06.989 | INFO    |comum.dados.repositorio_cache:salvar_dados_tabela_despesa:262 - 1 registro(s) persistidos em [tbl_rpa_log_detraf_despesa_arquivos].
2026-08-13 13:38:06.989 | WARNING |src.services.processamento_service:_processar_arquivo:264 - [RPA 1] 'orfao.csv' REPROVADO na validação — quarentena em [C:\Users\Btime Soluções\AppData\Local\Temp\pytest-of-Btime Soluções\pytest-16\test_invalido_e_nao_identifica0\_QUARENTENA\202507\ENTRY-1].
2026-08-13 13:38:06.990 | INFO    |src.services.processamento_service:executar:151 - [RPA 1] E-mail de origem de 'orfao.csv': 1 arquivo(s) recusado(s), operadora notificada.
2026-08-13 13:38:06.991 | INFO    |src.services.processamento_service:executar:153 - Resumo — Sucesso: 0 | Reprovados: 1 | Não identificados: 0 | Erros: 0
2026-08-13 13:38:06.999 | INFO    |test_validacao_na_captura:test_valido_e_nao_identificado_NAO_gera_resposta:331 - Iniciando fluxo de processamento
2026-08-13 13:38:06.999 | INFO    |test_validacao_na_captura:test_valido_e_nao_identificado_NAO_gera_resposta:331 - Competência: 202507 | Ano: 2025
2026-08-13 13:38:07.000 | INFO    |test_validacao_na_captura:test_valido_e_nao_identificado_NAO_gera_resposta:331 - Total de arquivos a processar: 1
2026-08-13 13:38:07.024 | INFO    |src.services.processamento_service:_validar:482 - Resultado das validações para o arquivo do tipo 'detraf': {'v_col1_2': True, 'v_col2_vivo': True, 'v_col3': True, 'v_col4': True, 'v_col8': True, 'v_col9': True, 'v_col10': True, 'v_col11': True, 'v_col12_15': True, 'v_tarifas_remuneradas': True}
2026-08-13 13:38:07.028 | WARNING |src.services.processamento_service:_processar_arquivo:279 - Operadora não identificada para 'sem_cadastro.csv' (remetente: 'ops@megatelecom.com.br') — copiado para 'C:\Users\Btime Soluções\AppData\Local\Temp\pytest-of-Btime Soluções\pytest-16\test_valido_e_nao_identificado0\_NAO_IDENTIFICADOS\202507'
2026-08-13 13:38:07.029 | INFO    |comum.dados.repositorio_cache:salvar_dados_tabela_despesa:262 - Inserindo 1 registro(s) em [tbl_rpa_log_detraf_despesa_arquivos].
2026-08-13 13:38:07.036 | INFO    |comum.dados.repositorio_cache:salvar_dados_tabela_despesa:262 - 1 registro(s) persistidos em [tbl_rpa_log_detraf_despesa_arquivos].
2026-08-13 13:38:07.036 | INFO    |src.services.processamento_service:executar:153 - Resumo — Sucesso: 0 | Reprovados: 0 | Não identificados: 1 | Erros: 0
2026-08-13 13:38:07.043 | INFO    |test_validacao_na_captura:test_os_motivos_chegam_a_notificacao:344 - Iniciando fluxo de processamento
2026-08-13 13:38:07.043 | INFO    |test_validacao_na_captura:test_os_motivos_chegam_a_notificacao:344 - Competência: 202507 | Ano: 2025
2026-08-13 13:38:07.043 | INFO    |test_validacao_na_captura:test_os_motivos_chegam_a_notificacao:344 - Total de arquivos a processar: 1
2026-08-13 13:38:07.064 | INFO    |comum.dominio.validacao_colunas:validar_tudo_detalhado:252 - Validação de tarifas concluída | Total: 1 | Válidas: 0 | Inválidas: 1 | Resultado final: False
2026-08-13 13:38:07.067 | INFO    |comum.dominio.validacao_colunas:validar_tudo_detalhado:270 - DataFrame reprovado na validação da Coluna 11 (Tarifa). Encontrada tarifa zerada (0), o que não é permitido.
2026-08-13 13:38:07.070 | INFO    |src.services.processamento_service:_validar:482 - Resultado das validações para o arquivo do tipo 'detraf': {'v_col1_2': True, 'v_col2_vivo': True, 'v_col3': True, 'v_col4': True, 'v_col8': True, 'v_col9': True, 'v_col10': True, 'v_col11': False, 'v_col12_15': True, 'v_tarifas_remuneradas': False}
2026-08-13 13:38:07.070 | WARNING |src.services.processamento_service:_processar_arquivo:262 - Arquivo [tarifa_zero.csv] rejeitado: regras de coluna não atendidas.
  Coluna 11 (Tarifa): a tarifa admite no máximo 5 casas decimais e não pode ser zero.
  Tarifas remuneradas: há linhas cuja tarifa não corresponde à tarifa regulada vigente para a região, o grupo horário e o mês de tráfego da linha.
2026-08-13 13:38:07.076 | INFO    |src.services.processamento_service:_reprovar:533 - [Layout] Motivo da recusa gravado em [tarifa_zero_RECUSADO.md].
2026-08-13 13:38:07.077 | INFO    |comum.dados.repositorio_cache:salvar_dados_tabela_despesa:262 - Inserindo 1 registro(s) em [tbl_rpa_log_detraf_despesa_arquivos].
2026-08-13 13:38:07.085 | INFO    |comum.dados.repositorio_cache:salvar_dados_tabela_despesa:262 - 1 registro(s) persistidos em [tbl_rpa_log_detraf_despesa_arquivos].
2026-08-13 13:38:07.085 | WARNING |src.services.processamento_service:_processar_arquivo:264 - [RPA 1] 'tarifa_zero.csv' REPROVADO na validação — quarentena em [C:\Users\Btime Soluções\AppData\Local\Temp\pytest-of-Btime Soluções\pytest-16\test_os_motivos_chegam_a_notif0\_QUARENTENA\202507\ENTRY-1].
2026-08-13 13:38:07.085 | INFO    |src.services.processamento_service:executar:151 - [RPA 1] E-mail de origem de 'tarifa_zero.csv': 1 arquivo(s) recusado(s), operadora notificada.
2026-08-13 13:38:07.086 | INFO    |src.services.processamento_service:executar:153 - Resumo — Sucesso: 0 | Reprovados: 1 | Não identificados: 0 | Erros: 0
2026-08-13 13:38:07.094 | INFO    |test_validacao_na_captura:test_falha_ao_notificar_nao_impede_o_proximo_email:361 - Iniciando fluxo de processamento
2026-08-13 13:38:07.095 | INFO    |test_validacao_na_captura:test_falha_ao_notificar_nao_impede_o_proximo_email:361 - Competência: 202507 | Ano: 2025
2026-08-13 13:38:07.095 | INFO    |test_validacao_na_captura:test_falha_ao_notificar_nao_impede_o_proximo_email:361 - Total de arquivos a processar: 2
2026-08-13 13:38:07.098 | WARNING |src.services.processamento_service:_processar_arquivo:262 - Arquivo [um.csv] rejeitado: layout fora do padrão da V2.
  posição 7 (GH): esperado S, R, N ou D, encontrado "X" [0/1 válidos]
2026-08-13 13:38:07.106 | INFO    |src.services.processamento_service:_reprovar:533 - [Layout] Motivo da recusa gravado em [um_RECUSADO.md].
2026-08-13 13:38:07.108 | INFO    |comum.dados.repositorio_cache:salvar_dados_tabela_despesa:262 - Inserindo 1 registro(s) em [tbl_rpa_log_detraf_despesa_arquivos].
2026-08-13 13:38:07.119 | INFO    |comum.dados.repositorio_cache:salvar_dados_tabela_despesa:262 - 1 registro(s) persistidos em [tbl_rpa_log_detraf_despesa_arquivos].
2026-08-13 13:38:07.120 | WARNING |src.services.processamento_service:_processar_arquivo:264 - [RPA 1] 'um.csv' REPROVADO na validação — quarentena em [C:\Users\Btime Soluções\AppData\Local\Temp\pytest-of-Btime Soluções\pytest-16\test_falha_ao_notificar_nao_im0\_QUARENTENA\202507\E1].
2026-08-13 13:38:07.130 | WARNING |src.services.processamento_service:_processar_arquivo:262 - Arquivo [dois.csv] rejeitado: layout fora do padrão da V2.
  posição 7 (GH): esperado S, R, N ou D, encontrado "X" [0/1 válidos]
2026-08-13 13:38:07.140 | INFO    |src.services.processamento_service:_reprovar:533 - [Layout] Motivo da recusa gravado em [dois_RECUSADO.md].
2026-08-13 13:38:07.142 | INFO    |comum.dados.repositorio_cache:salvar_dados_tabela_despesa:262 - Inserindo 1 registro(s) em [tbl_rpa_log_detraf_despesa_arquivos].
2026-08-13 13:38:07.155 | INFO    |comum.dados.repositorio_cache:salvar_dados_tabela_despesa:262 - 1 registro(s) persistidos em [tbl_rpa_log_detraf_despesa_arquivos].
2026-08-13 13:38:07.156 | WARNING |src.services.processamento_service:_processar_arquivo:264 - [RPA 1] 'dois.csv' REPROVADO na validação — quarentena em [C:\Users\Btime Soluções\AppData\Local\Temp\pytest-of-Btime Soluções\pytest-16\test_falha_ao_notificar_nao_im0\_QUARENTENA\202507\E2].
2026-08-13 13:38:07.157 | ERROR   |src.services.processamento_service:executar:151 - [RPA 1] Falha ao responder o e-mail de origem de 'um.csv': COM caiu
Traceback (most recent call last):
  File "<string>", line 5, in <module>
  File "C:\Users\Btime Soluções\AppData\Local\Programs\Python\Python314\Lib\site-packages\_pytest\config\__init__.py", line 201, in main
    return _main(args=args, plugins=plugins, prog="pytest.main()")
  File "C:\Users\Btime Soluções\AppData\Local\Programs\Python\Python314\Lib\site-packages\_pytest\config\__init__.py", line 229, in _main
    ret: ExitCode | int = config.hook.pytest_cmdline_main(config=config)
  File "C:\Users\Btime Soluções\AppData\Local\Programs\Python\Python314\Lib\site-packages\pluggy\_hooks.py", line 512, in __call__
    return self._hookexec(self.name, self._hookimpls.copy(), kwargs, firstresult)
  File "C:\Users\Btime Soluções\AppData\Local\Programs\Python\Python314\Lib\site-packages\pluggy\_manager.py", line 120, in _hookexec
    return self._inner_hookexec(hook_name, methods, kwargs, firstresult)
  File "C:\Users\Btime Soluções\AppData\Local\Programs\Python\Python314\Lib\site-packages\pluggy\_callers.py", line 121, in _multicall
    res = hook_impl.function(*args)
  File "C:\Users\Btime Soluções\AppData\Local\Programs\Python\Python314\Lib\site-packages\_pytest\main.py", line 377, in pytest_cmdline_main
    return wrap_session(config, _main)
  File "C:\Users\Btime Soluções\AppData\Local\Programs\Python\Python314\Lib\site-packages\_pytest\main.py", line 330, in wrap_session
    session.exitstatus = doit(config, session) or 0
  File "C:\Users\Btime Soluções\AppData\Local\Programs\Python\Python314\Lib\site-packages\_pytest\main.py", line 384, in _main
    config.hook.pytest_runtestloop(session=session)
  File "C:\Users\Btime Soluções\AppData\Local\Programs\Python\Python314\Lib\site-packages\pluggy\_hooks.py", line 512, in __call__
    return self._hookexec(self.name, self._hookimpls.copy(), kwargs, firstresult)
  File "C:\Users\Btime Soluções\AppData\Local\Programs\Python\Python314\Lib\site-packages\pluggy\_manager.py", line 120, in _hookexec
    return self._inner_hookexec(hook_name, methods, kwargs, firstresult)
  File "C:\Users\Btime Soluções\AppData\Local\Programs\Python\Python314\Lib\site-packages\pluggy\_callers.py", line 121, in _multicall
    res = hook_impl.function(*args)
  File "C:\Users\Btime Soluções\AppData\Local\Programs\Python\Python314\Lib\site-packages\_pytest\main.py", line 408, in pytest_runtestloop
    item.config.hook.pytest_runtest_protocol(item=item, nextitem=nextitem)
  File "C:\Users\Btime Soluções\AppData\Local\Programs\Python\Python314\Lib\site-packages\pluggy\_hooks.py", line 512, in __call__
    return self._hookexec(self.name, self._hookimpls.copy(), kwargs, firstresult)
  File "C:\Users\Btime Soluções\AppData\Local\Programs\Python\Python314\Lib\site-packages\pluggy\_manager.py", line 120, in _hookexec
    return self._inner_hookexec(hook_name, methods, kwargs, firstresult)
  File "C:\Users\Btime Soluções\AppData\Local\Programs\Python\Python314\Lib\site-packages\pluggy\_callers.py", line 121, in _multicall
    res = hook_impl.function(*args)
  File "C:\Users\Btime Soluções\AppData\Local\Programs\Python\Python314\Lib\site-packages\_pytest\runner.py", line 118, in pytest_runtest_protocol
    runtestprotocol(item, nextitem=nextitem)
  File "C:\Users\Btime Soluções\AppData\Local\Programs\Python\Python314\Lib\site-packages\_pytest\runner.py", line 139, in runtestprotocol
    reports.append(call_and_report(item, "call", log))
  File "C:\Users\Btime Soluções\AppData\Local\Programs\Python\Python314\Lib\site-packages\_pytest\runner.py", line 249, in call_and_report
    call = CallInfo.from_call(
  File "C:\Users\Btime Soluções\AppData\Local\Programs\Python\Python314\Lib\site-packages\_pytest\runner.py", line 361, in from_call
    result: TResult | None = func()
  File "C:\Users\Btime Soluções\AppData\Local\Programs\Python\Python314\Lib\site-packages\_pytest\runner.py", line 250, in <lambda>
    lambda: runtest_hook(item=item, **kwds),
  File "C:\Users\Btime Soluções\AppData\Local\Programs\Python\Python314\Lib\site-packages\pluggy\_hooks.py", line 512, in __call__
    return self._hookexec(self.name, self._hookimpls.copy(), kwargs, firstresult)
  File "C:\Users\Btime Soluções\AppData\Local\Programs\Python\Python314\Lib\site-packages\pluggy\_manager.py", line 120, in _hookexec
    return self._inner_hookexec(hook_name, methods, kwargs, firstresult)
  File "C:\Users\Btime Soluções\AppData\Local\Programs\Python\Python314\Lib\site-packages\pluggy\_callers.py", line 121, in _multicall
    res = hook_impl.function(*args)
  File "C:\Users\Btime Soluções\AppData\Local\Programs\Python\Python314\Lib\site-packages\_pytest\runner.py", line 184, in pytest_runtest_call
    item.runtest()
  File "C:\Users\Btime Soluções\AppData\Local\Programs\Python\Python314\Lib\site-packages\_pytest\python.py", line 1707, in runtest
    self.ihook.pytest_pyfunc_call(pyfuncitem=self)
  File "C:\Users\Btime Soluções\AppData\Local\Programs\Python\Python314\Lib\site-packages\pluggy\_hooks.py", line 512, in __call__
    return self._hookexec(self.name, self._hookimpls.copy(), kwargs, firstresult)
  File "C:\Users\Btime Soluções\AppData\Local\Programs\Python\Python314\Lib\site-packages\pluggy\_manager.py", line 120, in _hookexec
    return self._inner_hookexec(hook_name, methods, kwargs, firstresult)
  File "C:\Users\Btime Soluções\AppData\Local\Programs\Python\Python314\Lib\site-packages\pluggy\_callers.py", line 121, in _multicall
    res = hook_impl.function(*args)
  File "C:\Users\Btime Soluções\AppData\Local\Programs\Python\Python314\Lib\site-packages\_pytest\python.py", line 167, in pytest_pyfunc_call
    result = testfunction(**testargs)
  File "C:\projetos\MVP2\MVP2\MVP2\DETRAF-UNIFICADO\unificado\rpa1_captura\tests\test_validacao_na_captura.py", line 361, in test_falha_ao_notificar_nao_impede_o_proximo_email
    servico.executar([
  File "C:\projetos\MVP2\MVP2\MVP2\DETRAF-UNIFICADO\unificado\rpa1_captura\src\services\processamento_service.py", line 151, in executar
    self._notificar_reprovados()
> File "C:\projetos\MVP2\MVP2\MVP2\DETRAF-UNIFICADO\unificado\rpa1_captura\src\services\processamento_service.py", line 588, in _notificar_reprovados
    sucesso = bool(self._notificar_externo(pacote, recusas))
  File "C:\projetos\MVP2\MVP2\MVP2\DETRAF-UNIFICADO\unificado\rpa1_captura\tests\test_validacao_na_captura.py", line 61, in __call__
    raise self._erro
RuntimeError: COM caiu
2026-08-13 13:38:07.184 | INFO    |src.services.processamento_service:executar:151 - [RPA 1] E-mail de origem de 'um.csv': 1 arquivo(s) recusado(s), operadora NÃO notificada.
2026-08-13 13:38:07.184 | ERROR   |src.services.processamento_service:executar:151 - [RPA 1] Falha ao responder o e-mail de origem de 'dois.csv': COM caiu
Traceback (most recent call last):
  File "<string>", line 5, in <module>
  File "C:\Users\Btime Soluções\AppData\Local\Programs\Python\Python314\Lib\site-packages\_pytest\config\__init__.py", line 201, in main
    return _main(args=args, plugins=plugins, prog="pytest.main()")
  File "C:\Users\Btime Soluções\AppData\Local\Programs\Python\Python314\Lib\site-packages\_pytest\config\__init__.py", line 229, in _main
    ret: ExitCode | int = config.hook.pytest_cmdline_main(config=config)
  File "C:\Users\Btime Soluções\AppData\Local\Programs\Python\Python314\Lib\site-packages\pluggy\_hooks.py", line 512, in __call__
    return self._hookexec(self.name, self._hookimpls.copy(), kwargs, firstresult)
  File "C:\Users\Btime Soluções\AppData\Local\Programs\Python\Python314\Lib\site-packages\pluggy\_manager.py", line 120, in _hookexec
    return self._inner_hookexec(hook_name, methods, kwargs, firstresult)
  File "C:\Users\Btime Soluções\AppData\Local\Programs\Python\Python314\Lib\site-packages\pluggy\_callers.py", line 121, in _multicall
    res = hook_impl.function(*args)
  File "C:\Users\Btime Soluções\AppData\Local\Programs\Python\Python314\Lib\site-packages\_pytest\main.py", line 377, in pytest_cmdline_main
    return wrap_session(config, _main)
  File "C:\Users\Btime Soluções\AppData\Local\Programs\Python\Python314\Lib\site-packages\_pytest\main.py", line 330, in wrap_session
    session.exitstatus = doit(config, session) or 0
  File "C:\Users\Btime Soluções\AppData\Local\Programs\Python\Python314\Lib\site-packages\_pytest\main.py", line 384, in _main
    config.hook.pytest_runtestloop(session=session)
  File "C:\Users\Btime Soluções\AppData\Local\Programs\Python\Python314\Lib\site-packages\pluggy\_hooks.py", line 512, in __call__
    return self._hookexec(self.name, self._hookimpls.copy(), kwargs, firstresult)
  File "C:\Users\Btime Soluções\AppData\Local\Programs\Python\Python314\Lib\site-packages\pluggy\_manager.py", line 120, in _hookexec
    return self._inner_hookexec(hook_name, methods, kwargs, firstresult)
  File "C:\Users\Btime Soluções\AppData\Local\Programs\Python\Python314\Lib\site-packages\pluggy\_callers.py", line 121, in _multicall
    res = hook_impl.function(*args)
  File "C:\Users\Btime Soluções\AppData\Local\Programs\Python\Python314\Lib\site-packages\_pytest\main.py", line 408, in pytest_runtestloop
    item.config.hook.pytest_runtest_protocol(item=item, nextitem=nextitem)
  File "C:\Users\Btime Soluções\AppData\Local\Programs\Python\Python314\Lib\site-packages\pluggy\_hooks.py", line 512, in __call__
    return self._hookexec(self.name, self._hookimpls.copy(), kwargs, firstresult)
  File "C:\Users\Btime Soluções\AppData\Local\Programs\Python\Python314\Lib\site-packages\pluggy\_manager.py", line 120, in _hookexec
    return self._inner_hookexec(hook_name, methods, kwargs, firstresult)
  File "C:\Users\Btime Soluções\AppData\Local\Programs\Python\Python314\Lib\site-packages\pluggy\_callers.py", line 121, in _multicall
    res = hook_impl.function(*args)
  File "C:\Users\Btime Soluções\AppData\Local\Programs\Python\Python314\Lib\site-packages\_pytest\runner.py", line 118, in pytest_runtest_protocol
    runtestprotocol(item, nextitem=nextitem)
  File "C:\Users\Btime Soluções\AppData\Local\Programs\Python\Python314\Lib\site-packages\_pytest\runner.py", line 139, in runtestprotocol
    reports.append(call_and_report(item, "call", log))
  File "C:\Users\Btime Soluções\AppData\Local\Programs\Python\Python314\Lib\site-packages\_pytest\runner.py", line 249, in call_and_report
    call = CallInfo.from_call(
  File "C:\Users\Btime Soluções\AppData\Local\Programs\Python\Python314\Lib\site-packages\_pytest\runner.py", line 361, in from_call
    result: TResult | None = func()
  File "C:\Users\Btime Soluções\AppData\Local\Programs\Python\Python314\Lib\site-packages\_pytest\runner.py", line 250, in <lambda>
    lambda: runtest_hook(item=item, **kwds),
  File "C:\Users\Btime Soluções\AppData\Local\Programs\Python\Python314\Lib\site-packages\pluggy\_hooks.py", line 512, in __call__
    return self._hookexec(self.name, self._hookimpls.copy(), kwargs, firstresult)
  File "C:\Users\Btime Soluções\AppData\Local\Programs\Python\Python314\Lib\site-packages\pluggy\_manager.py", line 120, in _hookexec
    return self._inner_hookexec(hook_name, methods, kwargs, firstresult)
  File "C:\Users\Btime Soluções\AppData\Local\Programs\Python\Python314\Lib\site-packages\pluggy\_callers.py", line 121, in _multicall
    res = hook_impl.function(*args)
  File "C:\Users\Btime Soluções\AppData\Local\Programs\Python\Python314\Lib\site-packages\_pytest\runner.py", line 184, in pytest_runtest_call
    item.runtest()
  File "C:\Users\Btime Soluções\AppData\Local\Programs\Python\Python314\Lib\site-packages\_pytest\python.py", line 1707, in runtest
    self.ihook.pytest_pyfunc_call(pyfuncitem=self)
  File "C:\Users\Btime Soluções\AppData\Local\Programs\Python\Python314\Lib\site-packages\pluggy\_hooks.py", line 512, in __call__
    return self._hookexec(self.name, self._hookimpls.copy(), kwargs, firstresult)
  File "C:\Users\Btime Soluções\AppData\Local\Programs\Python\Python314\Lib\site-packages\pluggy\_manager.py", line 120, in _hookexec
    return self._inner_hookexec(hook_name, methods, kwargs, firstresult)
  File "C:\Users\Btime Soluções\AppData\Local\Programs\Python\Python314\Lib\site-packages\pluggy\_callers.py", line 121, in _multicall
    res = hook_impl.function(*args)
  File "C:\Users\Btime Soluções\AppData\Local\Programs\Python\Python314\Lib\site-packages\_pytest\python.py", line 167, in pytest_pyfunc_call
    result = testfunction(**testargs)
  File "C:\projetos\MVP2\MVP2\MVP2\DETRAF-UNIFICADO\unificado\rpa1_captura\tests\test_validacao_na_captura.py", line 361, in test_falha_ao_notificar_nao_impede_o_proximo_email
    servico.executar([
  File "C:\projetos\MVP2\MVP2\MVP2\DETRAF-UNIFICADO\unificado\rpa1_captura\src\services\processamento_service.py", line 151, in executar
    self._notificar_reprovados()
> File "C:\projetos\MVP2\MVP2\MVP2\DETRAF-UNIFICADO\unificado\rpa1_captura\src\services\processamento_service.py", line 588, in _notificar_reprovados
    sucesso = bool(self._notificar_externo(pacote, recusas))
  File "C:\projetos\MVP2\MVP2\MVP2\DETRAF-UNIFICADO\unificado\rpa1_captura\tests\test_validacao_na_captura.py", line 61, in __call__
    raise self._erro
  File "C:\projetos\MVP2\MVP2\MVP2\DETRAF-UNIFICADO\unificado\rpa1_captura\src\services\processamento_service.py", line 588, in _notificar_reprovados
    sucesso = bool(self._notificar_externo(pacote, recusas))
  File "C:\projetos\MVP2\MVP2\MVP2\DETRAF-UNIFICADO\unificado\rpa1_captura\tests\test_validacao_na_captura.py", line 61, in __call__
    raise self._erro
RuntimeError: COM caiu
2026-08-13 13:38:07.201 | INFO    |src.services.processamento_service:executar:151 - [RPA 1] E-mail de origem de 'dois.csv': 1 arquivo(s) recusado(s), operadora NÃO notificada.
2026-08-13 13:38:07.203 | INFO    |src.services.processamento_service:executar:153 - Resumo — Sucesso: 0 | Reprovados: 2 | Não identificados: 0 | Erros: 0
2026-08-13 13:38:07.216 | INFO    |test_validacao_na_captura:test_sem_notificador_o_arquivo_ainda_vai_para_a_quarentena:376 - Iniciando fluxo de processamento
2026-08-13 13:38:07.217 | INFO    |test_validacao_na_captura:test_sem_notificador_o_arquivo_ainda_vai_para_a_quarentena:376 - Competência: 202507 | Ano: 2025
2026-08-13 13:38:07.217 | INFO    |test_validacao_na_captura:test_sem_notificador_o_arquivo_ainda_vai_para_a_quarentena:376 - Total de arquivos a processar: 1
2026-08-13 13:38:07.225 | WARNING |src.services.processamento_service:_processar_arquivo:262 - Arquivo [gh_invalido.csv] rejeitado: layout fora do padrão da V2.
  posição 7 (GH): esperado S, R, N ou D, encontrado "X" [0/1 válidos]
2026-08-13 13:38:07.239 | INFO    |src.services.processamento_service:_reprovar:533 - [Layout] Motivo da recusa gravado em [gh_invalido_RECUSADO.md].
2026-08-13 13:38:07.242 | INFO    |comum.dados.repositorio_cache:salvar_dados_tabela_despesa:262 - Inserindo 1 registro(s) em [tbl_rpa_log_detraf_despesa_arquivos].
2026-08-13 13:38:07.257 | INFO    |comum.dados.repositorio_cache:salvar_dados_tabela_despesa:262 - 1 registro(s) persistidos em [tbl_rpa_log_detraf_despesa_arquivos].
2026-08-13 13:38:07.258 | WARNING |src.services.processamento_service:_processar_arquivo:264 - [RPA 1] 'gh_invalido.csv' REPROVADO na validação — quarentena em [C:\Users\Btime Soluções\AppData\Local\Temp\pytest-of-Btime Soluções\pytest-16\test_sem_notificador_o_arquivo0\_QUARENTENA\202507\ENTRY-1].
2026-08-13 13:38:07.258 | WARNING |src.services.processamento_service:executar:151 - [RPA 1] 1 arquivo(s) reprovado(s), mas não há como responder aos e-mails (execução sem Outlook). Eles estão na quarentena, com o diagnóstico ao lado.
2026-08-13 13:38:07.260 | INFO    |src.services.processamento_service:executar:153 - Resumo — Sucesso: 0 | Reprovados: 1 | Não identificados: 0 | Erros: 0
2026-08-13 13:38:07.275 | INFO    |test_validacao_na_captura:test_tres_reprovados_geram_UMA_resposta:410 - Iniciando fluxo de processamento
2026-08-13 13:38:07.276 | INFO    |test_validacao_na_captura:test_tres_reprovados_geram_UMA_resposta:410 - Competência: 202507 | Ano: 2025
2026-08-13 13:38:07.277 | INFO    |test_validacao_na_captura:test_tres_reprovados_geram_UMA_resposta:410 - Total de arquivos a processar: 3
2026-08-13 13:38:07.314 | INFO    |comum.dominio.validacao_colunas:validar_tudo_detalhado:252 - Validação de tarifas concluída | Total: 1 | Válidas: 0 | Inválidas: 1 | Resultado final: False
2026-08-13 13:38:07.319 | INFO    |comum.dominio.validacao_colunas:validar_tudo_detalhado:270 - DataFrame reprovado na validação da Coluna 11 (Tarifa). Encontrada tarifa zerada (0), o que não é permitido.
2026-08-13 13:38:07.323 | INFO    |src.services.processamento_service:_validar:482 - Resultado das validações para o arquivo do tipo 'detraf': {'v_col1_2': True, 'v_col2_vivo': True, 'v_col3': True, 'v_col4': True, 'v_col8': True, 'v_col9': True, 'v_col10': True, 'v_col11': False, 'v_col12_15': True, 'v_tarifas_remuneradas': False}
2026-08-13 13:38:07.324 | WARNING |src.services.processamento_service:_processar_arquivo:262 - Arquivo [A.csv] rejeitado: regras de coluna não atendidas.
  Coluna 11 (Tarifa): a tarifa admite no máximo 5 casas decimais e não pode ser zero.
  Tarifas remuneradas: há linhas cuja tarifa não corresponde à tarifa regulada vigente para a região, o grupo horário e o mês de tráfego da linha.
2026-08-13 13:38:07.335 | INFO    |src.services.processamento_service:_reprovar:533 - [Layout] Motivo da recusa gravado em [A_RECUSADO.md].
2026-08-13 13:38:07.337 | INFO    |comum.dados.repositorio_cache:salvar_dados_tabela_despesa:262 - Inserindo 1 registro(s) em [tbl_rpa_log_detraf_despesa_arquivos].
2026-08-13 13:38:07.351 | INFO    |comum.dados.repositorio_cache:salvar_dados_tabela_despesa:262 - 1 registro(s) persistidos em [tbl_rpa_log_detraf_despesa_arquivos].
2026-08-13 13:38:07.352 | WARNING |src.services.processamento_service:_processar_arquivo:264 - [RPA 1] 'A.csv' REPROVADO na validação — quarentena em [C:\Users\Btime Soluções\AppData\Local\Temp\pytest-of-Btime Soluções\pytest-16\test_tres_reprovados_geram_UMA0\_QUARENTENA\202507\MESMO-EMAIL].
2026-08-13 13:38:07.385 | INFO    |comum.dominio.validacao_colunas:validar_tudo_detalhado:252 - Validação de tarifas concluída | Total: 1 | Válidas: 0 | Inválidas: 1 | Resultado final: False
2026-08-13 13:38:07.390 | INFO    |comum.dominio.validacao_colunas:validar_tudo_detalhado:270 - DataFrame reprovado na validação da Coluna 11 (Tarifa). Encontrada tarifa zerada (0), o que não é permitido.
2026-08-13 13:38:07.396 | INFO    |src.services.processamento_service:_validar:482 - Resultado das validações para o arquivo do tipo 'detraf': {'v_col1_2': True, 'v_col2_vivo': True, 'v_col3': True, 'v_col4': True, 'v_col8': True, 'v_col9': True, 'v_col10': True, 'v_col11': False, 'v_col12_15': True, 'v_tarifas_remuneradas': False}
2026-08-13 13:38:07.397 | WARNING |src.services.processamento_service:_processar_arquivo:262 - Arquivo [B.csv] rejeitado: regras de coluna não atendidas.
  Coluna 11 (Tarifa): a tarifa admite no máximo 5 casas decimais e não pode ser zero.
  Tarifas remuneradas: há linhas cuja tarifa não corresponde à tarifa regulada vigente para a região, o grupo horário e o mês de tráfego da linha.
2026-08-13 13:38:07.406 | INFO    |src.services.processamento_service:_reprovar:533 - [Layout] Motivo da recusa gravado em [B_RECUSADO.md].
2026-08-13 13:38:07.409 | INFO    |comum.dados.repositorio_cache:salvar_dados_tabela_despesa:262 - Inserindo 1 registro(s) em [tbl_rpa_log_detraf_despesa_arquivos].
2026-08-13 13:38:07.423 | INFO    |comum.dados.repositorio_cache:salvar_dados_tabela_despesa:262 - 1 registro(s) persistidos em [tbl_rpa_log_detraf_despesa_arquivos].
2026-08-13 13:38:07.423 | WARNING |src.services.processamento_service:_processar_arquivo:264 - [RPA 1] 'B.csv' REPROVADO na validação — quarentena em [C:\Users\Btime Soluções\AppData\Local\Temp\pytest-of-Btime Soluções\pytest-16\test_tres_reprovados_geram_UMA0\_QUARENTENA\202507\MESMO-EMAIL].
2026-08-13 13:38:07.456 | INFO    |comum.dominio.validacao_colunas:validar_tudo_detalhado:252 - Validação de tarifas concluída | Total: 1 | Válidas: 0 | Inválidas: 1 | Resultado final: False
2026-08-13 13:38:07.463 | INFO    |comum.dominio.validacao_colunas:validar_tudo_detalhado:270 - DataFrame reprovado na validação da Coluna 11 (Tarifa). Encontrada tarifa zerada (0), o que não é permitido.
2026-08-13 13:38:07.470 | INFO    |src.services.processamento_service:_validar:482 - Resultado das validações para o arquivo do tipo 'detraf': {'v_col1_2': True, 'v_col2_vivo': True, 'v_col3': True, 'v_col4': True, 'v_col8': True, 'v_col9': True, 'v_col10': True, 'v_col11': False, 'v_col12_15': True, 'v_tarifas_remuneradas': False}
2026-08-13 13:38:07.471 | WARNING |src.services.processamento_service:_processar_arquivo:262 - Arquivo [C.csv] rejeitado: regras de coluna não atendidas.
  Coluna 11 (Tarifa): a tarifa admite no máximo 5 casas decimais e não pode ser zero.
  Tarifas remuneradas: há linhas cuja tarifa não corresponde à tarifa regulada vigente para a região, o grupo horário e o mês de tráfego da linha.
2026-08-13 13:38:07.481 | INFO    |src.services.processamento_service:_reprovar:533 - [Layout] Motivo da recusa gravado em [C_RECUSADO.md].
2026-08-13 13:38:07.482 | INFO    |comum.dados.repositorio_cache:salvar_dados_tabela_despesa:262 - Inserindo 1 registro(s) em [tbl_rpa_log_detraf_despesa_arquivos].
2026-08-13 13:38:07.496 | INFO    |comum.dados.repositorio_cache:salvar_dados_tabela_despesa:262 - 1 registro(s) persistidos em [tbl_rpa_log_detraf_despesa_arquivos].
2026-08-13 13:38:07.497 | WARNING |src.services.processamento_service:_processar_arquivo:264 - [RPA 1] 'C.csv' REPROVADO na validação — quarentena em [C:\Users\Btime Soluções\AppData\Local\Temp\pytest-of-Btime Soluções\pytest-16\test_tres_reprovados_geram_UMA0\_QUARENTENA\202507\MESMO-EMAIL].
2026-08-13 13:38:07.498 | INFO    |src.services.processamento_service:executar:151 - [RPA 1] E-mail de origem de 'A.csv': 3 arquivo(s) recusado(s), operadora notificada.
2026-08-13 13:38:07.500 | INFO    |src.services.processamento_service:executar:153 - Resumo — Sucesso: 0 | Reprovados: 3 | Não identificados: 0 | Erros: 0
2026-08-13 13:38:07.514 | INFO    |test_validacao_na_captura:test_a_resposta_traz_os_motivos_de_cada_arquivo:430 - Iniciando fluxo de processamento
2026-08-13 13:38:07.515 | INFO    |test_validacao_na_captura:test_a_resposta_traz_os_motivos_de_cada_arquivo:430 - Competência: 202507 | Ano: 2025
2026-08-13 13:38:07.515 | INFO    |test_validacao_na_captura:test_a_resposta_traz_os_motivos_de_cada_arquivo:430 - Total de arquivos a processar: 2
2026-08-13 13:38:07.553 | INFO    |comum.dominio.validacao_colunas:validar_tudo_detalhado:252 - Validação de tarifas concluída | Total: 1 | Válidas: 0 | Inválidas: 1 | Resultado final: False
2026-08-13 13:38:07.559 | INFO    |comum.dominio.validacao_colunas:validar_tudo_detalhado:270 - DataFrame reprovado na validação da Coluna 11 (Tarifa). Encontrada tarifa zerada (0), o que não é permitido.
2026-08-13 13:38:07.564 | INFO    |src.services.processamento_service:_validar:482 - Resultado das validações para o arquivo do tipo 'detraf': {'v_col1_2': True, 'v_col2_vivo': True, 'v_col3': True, 'v_col4': True, 'v_col8': True, 'v_col9': True, 'v_col10': True, 'v_col11': False, 'v_col12_15': True, 'v_tarifas_remuneradas': False}
2026-08-13 13:38:07.565 | WARNING |src.services.processamento_service:_processar_arquivo:262 - Arquivo [A.csv] rejeitado: regras de coluna não atendidas.
  Coluna 11 (Tarifa): a tarifa admite no máximo 5 casas decimais e não pode ser zero.
  Tarifas remuneradas: há linhas cuja tarifa não corresponde à tarifa regulada vigente para a região, o grupo horário e o mês de tráfego da linha.
2026-08-13 13:38:07.575 | INFO    |src.services.processamento_service:_reprovar:533 - [Layout] Motivo da recusa gravado em [A_RECUSADO.md].
2026-08-13 13:38:07.577 | INFO    |comum.dados.repositorio_cache:salvar_dados_tabela_despesa:262 - Inserindo 1 registro(s) em [tbl_rpa_log_detraf_despesa_arquivos].
2026-08-13 13:38:07.594 | INFO    |comum.dados.repositorio_cache:salvar_dados_tabela_despesa:262 - 1 registro(s) persistidos em [tbl_rpa_log_detraf_despesa_arquivos].
2026-08-13 13:38:07.595 | WARNING |src.services.processamento_service:_processar_arquivo:264 - [RPA 1] 'A.csv' REPROVADO na validação — quarentena em [C:\Users\Btime Soluções\AppData\Local\Temp\pytest-of-Btime Soluções\pytest-16\test_a_resposta_traz_os_motivo0\_QUARENTENA\202507\MESMO-EMAIL].
2026-08-13 13:38:07.602 | WARNING |src.services.processamento_service:_processar_arquivo:262 - Arquivo [B.csv] rejeitado: layout fora do padrão da V2.
  posição 7 (GH): esperado S, R, N ou D, encontrado "X" [0/1 válidos]
2026-08-13 13:38:07.610 | INFO    |src.services.processamento_service:_reprovar:533 - [Layout] Motivo da recusa gravado em [B_RECUSADO.md].
2026-08-13 13:38:07.612 | INFO    |comum.dados.repositorio_cache:salvar_dados_tabela_despesa:262 - Inserindo 1 registro(s) em [tbl_rpa_log_detraf_despesa_arquivos].
2026-08-13 13:38:07.627 | INFO    |comum.dados.repositorio_cache:salvar_dados_tabela_despesa:262 - 1 registro(s) persistidos em [tbl_rpa_log_detraf_despesa_arquivos].
2026-08-13 13:38:07.628 | WARNING |src.services.processamento_service:_processar_arquivo:264 - [RPA 1] 'B.csv' REPROVADO na validação — quarentena em [C:\Users\Btime Soluções\AppData\Local\Temp\pytest-of-Btime Soluções\pytest-16\test_a_resposta_traz_os_motivo0\_QUARENTENA\202507\MESMO-EMAIL].
2026-08-13 13:38:07.629 | INFO    |src.services.processamento_service:executar:151 - [RPA 1] E-mail de origem de 'A.csv': 2 arquivo(s) recusado(s), operadora notificada.
2026-08-13 13:38:07.630 | INFO    |src.services.processamento_service:executar:153 - Resumo — Sucesso: 0 | Reprovados: 2 | Não identificados: 0 | Erros: 0
2026-08-13 13:38:07.643 | INFO    |test_validacao_na_captura:test_emails_diferentes_geram_respostas_diferentes:446 - Iniciando fluxo de processamento
2026-08-13 13:38:07.644 | INFO    |test_validacao_na_captura:test_emails_diferentes_geram_respostas_diferentes:446 - Competência: 202507 | Ano: 2025
2026-08-13 13:38:07.645 | INFO    |test_validacao_na_captura:test_emails_diferentes_geram_respostas_diferentes:446 - Total de arquivos a processar: 3
2026-08-13 13:38:07.678 | INFO    |comum.dominio.validacao_colunas:validar_tudo_detalhado:252 - Validação de tarifas concluída | Total: 1 | Válidas: 0 | Inválidas: 1 | Resultado final: False
2026-08-13 13:38:07.683 | INFO    |comum.dominio.validacao_colunas:validar_tudo_detalhado:270 - DataFrame reprovado na validação da Coluna 11 (Tarifa). Encontrada tarifa zerada (0), o que não é permitido.
2026-08-13 13:38:07.688 | INFO    |src.services.processamento_service:_validar:482 - Resultado das validações para o arquivo do tipo 'detraf': {'v_col1_2': True, 'v_col2_vivo': True, 'v_col3': True, 'v_col4': True, 'v_col8': True, 'v_col9': True, 'v_col10': True, 'v_col11': False, 'v_col12_15': True, 'v_tarifas_remuneradas': False}
2026-08-13 13:38:07.689 | WARNING |src.services.processamento_service:_processar_arquivo:262 - Arquivo [A.csv] rejeitado: regras de coluna não atendidas.
  Coluna 11 (Tarifa): a tarifa admite no máximo 5 casas decimais e não pode ser zero.
  Tarifas remuneradas: há linhas cuja tarifa não corresponde à tarifa regulada vigente para a região, o grupo horário e o mês de tráfego da linha.
2026-08-13 13:38:07.700 | INFO    |src.services.processamento_service:_reprovar:533 - [Layout] Motivo da recusa gravado em [A_RECUSADO.md].
2026-08-13 13:38:07.701 | INFO    |comum.dados.repositorio_cache:salvar_dados_tabela_despesa:262 - Inserindo 1 registro(s) em [tbl_rpa_log_detraf_despesa_arquivos].
2026-08-13 13:38:07.716 | INFO    |comum.dados.repositorio_cache:salvar_dados_tabela_despesa:262 - 1 registro(s) persistidos em [tbl_rpa_log_detraf_despesa_arquivos].
2026-08-13 13:38:07.717 | WARNING |src.services.processamento_service:_processar_arquivo:264 - [RPA 1] 'A.csv' REPROVADO na validação — quarentena em [C:\Users\Btime Soluções\AppData\Local\Temp\pytest-of-Btime Soluções\pytest-16\test_emails_diferentes_geram_r0\_QUARENTENA\202507\EMAIL-1].
2026-08-13 13:38:07.752 | INFO    |comum.dominio.validacao_colunas:validar_tudo_detalhado:252 - Validação de tarifas concluída | Total: 1 | Válidas: 0 | Inválidas: 1 | Resultado final: False
2026-08-13 13:38:07.756 | INFO    |comum.dominio.validacao_colunas:validar_tudo_detalhado:270 - DataFrame reprovado na validação da Coluna 11 (Tarifa). Encontrada tarifa zerada (0), o que não é permitido.
2026-08-13 13:38:07.762 | INFO    |src.services.processamento_service:_validar:482 - Resultado das validações para o arquivo do tipo 'detraf': {'v_col1_2': True, 'v_col2_vivo': True, 'v_col3': True, 'v_col4': True, 'v_col8': True, 'v_col9': True, 'v_col10': True, 'v_col11': False, 'v_col12_15': True, 'v_tarifas_remuneradas': False}
2026-08-13 13:38:07.763 | WARNING |src.services.processamento_service:_processar_arquivo:262 - Arquivo [B.csv] rejeitado: regras de coluna não atendidas.
  Coluna 11 (Tarifa): a tarifa admite no máximo 5 casas decimais e não pode ser zero.
  Tarifas remuneradas: há linhas cuja tarifa não corresponde à tarifa regulada vigente para a região, o grupo horário e o mês de tráfego da linha.
2026-08-13 13:38:07.773 | INFO    |src.services.processamento_service:_reprovar:533 - [Layout] Motivo da recusa gravado em [B_RECUSADO.md].
2026-08-13 13:38:07.776 | INFO    |comum.dados.repositorio_cache:salvar_dados_tabela_despesa:262 - Inserindo 1 registro(s) em [tbl_rpa_log_detraf_despesa_arquivos].
2026-08-13 13:38:07.787 | INFO    |comum.dados.repositorio_cache:salvar_dados_tabela_despesa:262 - 1 registro(s) persistidos em [tbl_rpa_log_detraf_despesa_arquivos].
2026-08-13 13:38:07.788 | WARNING |src.services.processamento_service:_processar_arquivo:264 - [RPA 1] 'B.csv' REPROVADO na validação — quarentena em [C:\Users\Btime Soluções\AppData\Local\Temp\pytest-of-Btime Soluções\pytest-16\test_emails_diferentes_geram_r0\_QUARENTENA\202507\EMAIL-1].
2026-08-13 13:38:07.821 | INFO    |comum.dominio.validacao_colunas:validar_tudo_detalhado:252 - Validação de tarifas concluída | Total: 1 | Válidas: 0 | Inválidas: 1 | Resultado final: False
2026-08-13 13:38:07.827 | INFO    |comum.dominio.validacao_colunas:validar_tudo_detalhado:270 - DataFrame reprovado na validação da Coluna 11 (Tarifa). Encontrada tarifa zerada (0), o que não é permitido.
2026-08-13 13:38:07.832 | INFO    |src.services.processamento_service:_validar:482 - Resultado das validações para o arquivo do tipo 'detraf': {'v_col1_2': True, 'v_col2_vivo': True, 'v_col3': True, 'v_col4': True, 'v_col8': True, 'v_col9': True, 'v_col10': True, 'v_col11': False, 'v_col12_15': True, 'v_tarifas_remuneradas': False}
2026-08-13 13:38:07.833 | WARNING |src.services.processamento_service:_processar_arquivo:262 - Arquivo [C.csv] rejeitado: regras de coluna não atendidas.
  Coluna 11 (Tarifa): a tarifa admite no máximo 5 casas decimais e não pode ser zero.
  Tarifas remuneradas: há linhas cuja tarifa não corresponde à tarifa regulada vigente para a região, o grupo horário e o mês de tráfego da linha.
2026-08-13 13:38:07.842 | INFO    |src.services.processamento_service:_reprovar:533 - [Layout] Motivo da recusa gravado em [C_RECUSADO.md].
2026-08-13 13:38:07.844 | INFO    |comum.dados.repositorio_cache:salvar_dados_tabela_despesa:262 - Inserindo 1 registro(s) em [tbl_rpa_log_detraf_despesa_arquivos].
2026-08-13 13:38:07.856 | INFO    |comum.dados.repositorio_cache:salvar_dados_tabela_despesa:262 - 1 registro(s) persistidos em [tbl_rpa_log_detraf_despesa_arquivos].
2026-08-13 13:38:07.856 | WARNING |src.services.processamento_service:_processar_arquivo:264 - [RPA 1] 'C.csv' REPROVADO na validação — quarentena em [C:\Users\Btime Soluções\AppData\Local\Temp\pytest-of-Btime Soluções\pytest-16\test_emails_diferentes_geram_r0\_QUARENTENA\202507\EMAIL-2].
2026-08-13 13:38:07.857 | INFO    |src.services.processamento_service:executar:151 - [RPA 1] E-mail de origem de 'A.csv': 2 arquivo(s) recusado(s), operadora notificada.
2026-08-13 13:38:07.858 | INFO    |src.services.processamento_service:executar:151 - [RPA 1] E-mail de origem de 'C.csv': 1 arquivo(s) recusado(s), operadora notificada.
2026-08-13 13:38:07.858 | INFO    |src.services.processamento_service:executar:153 - Resumo — Sucesso: 0 | Reprovados: 3 | Não identificados: 0 | Erros: 0
2026-08-13 13:38:07.872 | INFO    |test_validacao_na_captura:test_o_anexo_valido_do_mesmo_email_nao_entra_na_resposta:468 - Iniciando fluxo de processamento
2026-08-13 13:38:07.872 | INFO    |test_validacao_na_captura:test_o_anexo_valido_do_mesmo_email_nao_entra_na_resposta:468 - Competência: 202507 | Ano: 2025
2026-08-13 13:38:07.873 | INFO    |test_validacao_na_captura:test_o_anexo_valido_do_mesmo_email_nao_entra_na_resposta:468 - Total de arquivos a processar: 2
2026-08-13 13:38:07.916 | INFO    |src.services.processamento_service:_validar:482 - Resultado das validações para o arquivo do tipo 'detraf': {'v_col1_2': True, 'v_col2_vivo': True, 'v_col3': True, 'v_col4': True, 'v_col8': True, 'v_col9': True, 'v_col10': True, 'v_col11': True, 'v_col12_15': True, 'v_tarifas_remuneradas': True}
2026-08-13 13:38:07.921 | WARNING |src.services.processamento_service:_processar_arquivo:297 - Estrutura do mês anterior não encontrada em 'C:\Users\Btime Soluções\AppData\Local\Temp\pytest-of-Btime Soluções\pytest-16\test_o_anexo_valido_do_mesmo_e0\operadoras\Megatelecom Telecomunicacoes S.A.\2025\202506' — criando 'C:\Users\Btime Soluções\AppData\Local\Temp\pytest-of-Btime Soluções\pytest-16\test_o_anexo_valido_do_mesmo_e0\operadoras\Megatelecom Telecomunicacoes S.A.\2025\202507' vazio.
2026-08-13 13:38:07.925 | INFO    |src.services.processamento_service:executar:145 - Processado com sucesso: bom.csv (operadora identificada via 'eot')
2026-08-13 13:38:07.960 | INFO    |comum.dominio.validacao_colunas:validar_tudo_detalhado:252 - Validação de tarifas concluída | Total: 1 | Válidas: 0 | Inválidas: 1 | Resultado final: False
2026-08-13 13:38:07.965 | INFO    |comum.dominio.validacao_colunas:validar_tudo_detalhado:270 - DataFrame reprovado na validação da Coluna 11 (Tarifa). Encontrada tarifa zerada (0), o que não é permitido.
2026-08-13 13:38:07.970 | INFO    |src.services.processamento_service:_validar:482 - Resultado das validações para o arquivo do tipo 'detraf': {'v_col1_2': True, 'v_col2_vivo': True, 'v_col3': True, 'v_col4': True, 'v_col8': True, 'v_col9': True, 'v_col10': True, 'v_col11': False, 'v_col12_15': True, 'v_tarifas_remuneradas': False}
2026-08-13 13:38:07.971 | WARNING |src.services.processamento_service:_processar_arquivo:262 - Arquivo [ruim.csv] rejeitado: regras de coluna não atendidas.
  Coluna 11 (Tarifa): a tarifa admite no máximo 5 casas decimais e não pode ser zero.
  Tarifas remuneradas: há linhas cuja tarifa não corresponde à tarifa regulada vigente para a região, o grupo horário e o mês de tráfego da linha.
2026-08-13 13:38:07.984 | INFO    |src.services.processamento_service:_reprovar:533 - [Layout] Motivo da recusa gravado em [ruim_RECUSADO.md].
2026-08-13 13:38:07.986 | INFO    |comum.dados.repositorio_cache:salvar_dados_tabela_despesa:262 - Inserindo 1 registro(s) em [tbl_rpa_log_detraf_despesa_arquivos].
2026-08-13 13:38:08.016 | INFO    |comum.dados.repositorio_cache:salvar_dados_tabela_despesa:262 - 1 registro(s) persistidos em [tbl_rpa_log_detraf_despesa_arquivos].
2026-08-13 13:38:08.017 | WARNING |src.services.processamento_service:_processar_arquivo:264 - [RPA 1] 'ruim.csv' REPROVADO na validação — quarentena em [C:\Users\Btime Soluções\AppData\Local\Temp\pytest-of-Btime Soluções\pytest-16\test_o_anexo_valido_do_mesmo_e0\_QUARENTENA\202507\MESMO-EMAIL].
2026-08-13 13:38:08.018 | INFO    |src.services.processamento_service:executar:151 - [RPA 1] E-mail de origem de 'ruim.csv': 1 arquivo(s) recusado(s), operadora notificada.
2026-08-13 13:38:08.019 | INFO    |src.services.processamento_service:executar:153 - Resumo — Sucesso: 1 | Reprovados: 1 | Não identificados: 0 | Erros: 0
2026-08-13 13:38:08.034 | INFO    |test_validacao_na_captura:test_todos_do_grupo_ficam_marcados_no_resumo:485 - Iniciando fluxo de processamento
2026-08-13 13:38:08.035 | INFO    |test_validacao_na_captura:test_todos_do_grupo_ficam_marcados_no_resumo:485 - Competência: 202507 | Ano: 2025
2026-08-13 13:38:08.035 | INFO    |test_validacao_na_captura:test_todos_do_grupo_ficam_marcados_no_resumo:485 - Total de arquivos a processar: 3
2026-08-13 13:38:08.072 | INFO    |comum.dominio.validacao_colunas:validar_tudo_detalhado:252 - Validação de tarifas concluída | Total: 1 | Válidas: 0 | Inválidas: 1 | Resultado final: False
2026-08-13 13:38:08.080 | INFO    |comum.dominio.validacao_colunas:validar_tudo_detalhado:270 - DataFrame reprovado na validação da Coluna 11 (Tarifa). Encontrada tarifa zerada (0), o que não é permitido.
2026-08-13 13:38:08.085 | INFO    |src.services.processamento_service:_validar:482 - Resultado das validações para o arquivo do tipo 'detraf': {'v_col1_2': True, 'v_col2_vivo': True, 'v_col3': True, 'v_col4': True, 'v_col8': True, 'v_col9': True, 'v_col10': True, 'v_col11': False, 'v_col12_15': True, 'v_tarifas_remuneradas': False}
2026-08-13 13:38:08.086 | WARNING |src.services.processamento_service:_processar_arquivo:262 - Arquivo [A.csv] rejeitado: regras de coluna não atendidas.
  Coluna 11 (Tarifa): a tarifa admite no máximo 5 casas decimais e não pode ser zero.
  Tarifas remuneradas: há linhas cuja tarifa não corresponde à tarifa regulada vigente para a região, o grupo horário e o mês de tráfego da linha.
2026-08-13 13:38:08.096 | INFO    |src.services.processamento_service:_reprovar:533 - [Layout] Motivo da recusa gravado em [A_RECUSADO.md].
2026-08-13 13:38:08.099 | INFO    |comum.dados.repositorio_cache:salvar_dados_tabela_despesa:262 - Inserindo 1 registro(s) em [tbl_rpa_log_detraf_despesa_arquivos].
2026-08-13 13:38:08.111 | INFO    |comum.dados.repositorio_cache:salvar_dados_tabela_despesa:262 - 1 registro(s) persistidos em [tbl_rpa_log_detraf_despesa_arquivos].
2026-08-13 13:38:08.112 | WARNING |src.services.processamento_service:_processar_arquivo:264 - [RPA 1] 'A.csv' REPROVADO na validação — quarentena em [C:\Users\Btime Soluções\AppData\Local\Temp\pytest-of-Btime Soluções\pytest-16\test_todos_do_grupo_ficam_marc0\_QUARENTENA\202507\MESMO-EMAIL].
2026-08-13 13:38:08.146 | INFO    |comum.dominio.validacao_colunas:validar_tudo_detalhado:252 - Validação de tarifas concluída | Total: 1 | Válidas: 0 | Inválidas: 1 | Resultado final: False
2026-08-13 13:38:08.150 | INFO    |comum.dominio.validacao_colunas:validar_tudo_detalhado:270 - DataFrame reprovado na validação da Coluna 11 (Tarifa). Encontrada tarifa zerada (0), o que não é permitido.
2026-08-13 13:38:08.155 | INFO    |src.services.processamento_service:_validar:482 - Resultado das validações para o arquivo do tipo 'detraf': {'v_col1_2': True, 'v_col2_vivo': True, 'v_col3': True, 'v_col4': True, 'v_col8': True, 'v_col9': True, 'v_col10': True, 'v_col11': False, 'v_col12_15': True, 'v_tarifas_remuneradas': False}
2026-08-13 13:38:08.156 | WARNING |src.services.processamento_service:_processar_arquivo:262 - Arquivo [B.csv] rejeitado: regras de coluna não atendidas.
  Coluna 11 (Tarifa): a tarifa admite no máximo 5 casas decimais e não pode ser zero.
  Tarifas remuneradas: há linhas cuja tarifa não corresponde à tarifa regulada vigente para a região, o grupo horário e o mês de tráfego da linha.
2026-08-13 13:38:08.166 | INFO    |src.services.processamento_service:_reprovar:533 - [Layout] Motivo da recusa gravado em [B_RECUSADO.md].
2026-08-13 13:38:08.167 | INFO    |comum.dados.repositorio_cache:salvar_dados_tabela_despesa:262 - Inserindo 1 registro(s) em [tbl_rpa_log_detraf_despesa_arquivos].
2026-08-13 13:38:08.181 | INFO    |comum.dados.repositorio_cache:salvar_dados_tabela_despesa:262 - 1 registro(s) persistidos em [tbl_rpa_log_detraf_despesa_arquivos].
2026-08-13 13:38:08.182 | WARNING |src.services.processamento_service:_processar_arquivo:264 - [RPA 1] 'B.csv' REPROVADO na validação — quarentena em [C:\Users\Btime Soluções\AppData\Local\Temp\pytest-of-Btime Soluções\pytest-16\test_todos_do_grupo_ficam_marc0\_QUARENTENA\202507\MESMO-EMAIL].
2026-08-13 13:38:08.228 | INFO    |comum.dominio.validacao_colunas:validar_tudo_detalhado:252 - Validação de tarifas concluída | Total: 1 | Válidas: 0 | Inválidas: 1 | Resultado final: False
2026-08-13 13:38:08.239 | INFO    |comum.dominio.validacao_colunas:validar_tudo_detalhado:270 - DataFrame reprovado na validação da Coluna 11 (Tarifa). Encontrada tarifa zerada (0), o que não é permitido.
2026-08-13 13:38:08.249 | INFO    |src.services.processamento_service:_validar:482 - Resultado das validações para o arquivo do tipo 'detraf': {'v_col1_2': True, 'v_col2_vivo': True, 'v_col3': True, 'v_col4': True, 'v_col8': True, 'v_col9': True, 'v_col10': True, 'v_col11': False, 'v_col12_15': True, 'v_tarifas_remuneradas': False}
2026-08-13 13:38:08.250 | WARNING |src.services.processamento_service:_processar_arquivo:262 - Arquivo [C.csv] rejeitado: regras de coluna não atendidas.
  Coluna 11 (Tarifa): a tarifa admite no máximo 5 casas decimais e não pode ser zero.
  Tarifas remuneradas: há linhas cuja tarifa não corresponde à tarifa regulada vigente para a região, o grupo horário e o mês de tráfego da linha.
2026-08-13 13:38:08.262 | INFO    |src.services.processamento_service:_reprovar:533 - [Layout] Motivo da recusa gravado em [C_RECUSADO.md].
2026-08-13 13:38:08.265 | INFO    |comum.dados.repositorio_cache:salvar_dados_tabela_despesa:262 - Inserindo 1 registro(s) em [tbl_rpa_log_detraf_despesa_arquivos].
2026-08-13 13:38:08.282 | INFO    |comum.dados.repositorio_cache:salvar_dados_tabela_despesa:262 - 1 registro(s) persistidos em [tbl_rpa_log_detraf_despesa_arquivos].
2026-08-13 13:38:08.283 | WARNING |src.services.processamento_service:_processar_arquivo:264 - [RPA 1] 'C.csv' REPROVADO na validação — quarentena em [C:\Users\Btime Soluções\AppData\Local\Temp\pytest-of-Btime Soluções\pytest-16\test_todos_do_grupo_ficam_marc0\_QUARENTENA\202507\MESMO-EMAIL].
2026-08-13 13:38:08.284 | INFO    |src.services.processamento_service:executar:151 - [RPA 1] E-mail de origem de 'A.csv': 3 arquivo(s) recusado(s), operadora notificada.
2026-08-13 13:38:08.286 | INFO    |src.services.processamento_service:executar:153 - Resumo — Sucesso: 0 | Reprovados: 3 | Não identificados: 0 | Erros: 0
2026-08-13 13:38:08.312 | INFO    |test_validacao_na_captura:test_falha_no_envio_marca_os_tres_como_nao_avisados:496 - Iniciando fluxo de processamento
2026-08-13 13:38:08.314 | INFO    |test_validacao_na_captura:test_falha_no_envio_marca_os_tres_como_nao_avisados:496 - Competência: 202507 | Ano: 2025
2026-08-13 13:38:08.315 | INFO    |test_validacao_na_captura:test_falha_no_envio_marca_os_tres_como_nao_avisados:496 - Total de arquivos a processar: 3
2026-08-13 13:38:08.372 | INFO    |comum.dominio.validacao_colunas:validar_tudo_detalhado:252 - Validação de tarifas concluída | Total: 1 | Válidas: 0 | Inválidas: 1 | Resultado final: False
2026-08-13 13:38:08.383 | INFO    |comum.dominio.validacao_colunas:validar_tudo_detalhado:270 - DataFrame reprovado na validação da Coluna 11 (Tarifa). Encontrada tarifa zerada (0), o que não é permitido.
2026-08-13 13:38:08.388 | INFO    |src.services.processamento_service:_validar:482 - Resultado das validações para o arquivo do tipo 'detraf': {'v_col1_2': True, 'v_col2_vivo': True, 'v_col3': True, 'v_col4': True, 'v_col8': True, 'v_col9': True, 'v_col10': True, 'v_col11': False, 'v_col12_15': True, 'v_tarifas_remuneradas': False}
2026-08-13 13:38:08.389 | WARNING |src.services.processamento_service:_processar_arquivo:262 - Arquivo [A.csv] rejeitado: regras de coluna não atendidas.
  Coluna 11 (Tarifa): a tarifa admite no máximo 5 casas decimais e não pode ser zero.
  Tarifas remuneradas: há linhas cuja tarifa não corresponde à tarifa regulada vigente para a região, o grupo horário e o mês de tráfego da linha.
2026-08-13 13:38:08.406 | INFO    |src.services.processamento_service:_reprovar:533 - [Layout] Motivo da recusa gravado em [A_RECUSADO.md].
2026-08-13 13:38:08.409 | INFO    |comum.dados.repositorio_cache:salvar_dados_tabela_despesa:262 - Inserindo 1 registro(s) em [tbl_rpa_log_detraf_despesa_arquivos].
2026-08-13 13:38:08.426 | INFO    |comum.dados.repositorio_cache:salvar_dados_tabela_despesa:262 - 1 registro(s) persistidos em [tbl_rpa_log_detraf_despesa_arquivos].
2026-08-13 13:38:08.427 | WARNING |src.services.processamento_service:_processar_arquivo:264 - [RPA 1] 'A.csv' REPROVADO na validação — quarentena em [C:\Users\Btime Soluções\AppData\Local\Temp\pytest-of-Btime Soluções\pytest-16\test_falha_no_envio_marca_os_t0\_QUARENTENA\202507\MESMO-EMAIL].
2026-08-13 13:38:08.463 | INFO    |comum.dominio.validacao_colunas:validar_tudo_detalhado:252 - Validação de tarifas concluída | Total: 1 | Válidas: 0 | Inválidas: 1 | Resultado final: False
2026-08-13 13:38:08.467 | INFO    |comum.dominio.validacao_colunas:validar_tudo_detalhado:270 - DataFrame reprovado na validação da Coluna 11 (Tarifa). Encontrada tarifa zerada (0), o que não é permitido.
2026-08-13 13:38:08.472 | INFO    |src.services.processamento_service:_validar:482 - Resultado das validações para o arquivo do tipo 'detraf': {'v_col1_2': True, 'v_col2_vivo': True, 'v_col3': True, 'v_col4': True, 'v_col8': True, 'v_col9': True, 'v_col10': True, 'v_col11': False, 'v_col12_15': True, 'v_tarifas_remuneradas': False}
2026-08-13 13:38:08.473 | WARNING |src.services.processamento_service:_processar_arquivo:262 - Arquivo [B.csv] rejeitado: regras de coluna não atendidas.
  Coluna 11 (Tarifa): a tarifa admite no máximo 5 casas decimais e não pode ser zero.
  Tarifas remuneradas: há linhas cuja tarifa não corresponde à tarifa regulada vigente para a região, o grupo horário e o mês de tráfego da linha.
2026-08-13 13:38:08.485 | INFO    |src.services.processamento_service:_reprovar:533 - [Layout] Motivo da recusa gravado em [B_RECUSADO.md].
2026-08-13 13:38:08.487 | INFO    |comum.dados.repositorio_cache:salvar_dados_tabela_despesa:262 - Inserindo 1 registro(s) em [tbl_rpa_log_detraf_despesa_arquivos].
2026-08-13 13:38:08.507 | INFO    |comum.dados.repositorio_cache:salvar_dados_tabela_despesa:262 - 1 registro(s) persistidos em [tbl_rpa_log_detraf_despesa_arquivos].
2026-08-13 13:38:08.508 | WARNING |src.services.processamento_service:_processar_arquivo:264 - [RPA 1] 'B.csv' REPROVADO na validação — quarentena em [C:\Users\Btime Soluções\AppData\Local\Temp\pytest-of-Btime Soluções\pytest-16\test_falha_no_envio_marca_os_t0\_QUARENTENA\202507\MESMO-EMAIL].
2026-08-13 13:38:08.545 | INFO    |comum.dominio.validacao_colunas:validar_tudo_detalhado:252 - Validação de tarifas concluída | Total: 1 | Válidas: 0 | Inválidas: 1 | Resultado final: False
2026-08-13 13:38:08.550 | INFO    |comum.dominio.validacao_colunas:validar_tudo_detalhado:270 - DataFrame reprovado na validação da Coluna 11 (Tarifa). Encontrada tarifa zerada (0), o que não é permitido.
2026-08-13 13:38:08.554 | INFO    |src.services.processamento_service:_validar:482 - Resultado das validações para o arquivo do tipo 'detraf': {'v_col1_2': True, 'v_col2_vivo': True, 'v_col3': True, 'v_col4': True, 'v_col8': True, 'v_col9': True, 'v_col10': True, 'v_col11': False, 'v_col12_15': True, 'v_tarifas_remuneradas': False}
2026-08-13 13:38:08.555 | WARNING |src.services.processamento_service:_processar_arquivo:262 - Arquivo [C.csv] rejeitado: regras de coluna não atendidas.
  Coluna 11 (Tarifa): a tarifa admite no máximo 5 casas decimais e não pode ser zero.
  Tarifas remuneradas: há linhas cuja tarifa não corresponde à tarifa regulada vigente para a região, o grupo horário e o mês de tráfego da linha.
2026-08-13 13:38:08.565 | INFO    |src.services.processamento_service:_reprovar:533 - [Layout] Motivo da recusa gravado em [C_RECUSADO.md].
2026-08-13 13:38:08.567 | INFO    |comum.dados.repositorio_cache:salvar_dados_tabela_despesa:262 - Inserindo 1 registro(s) em [tbl_rpa_log_detraf_despesa_arquivos].
2026-08-13 13:38:08.580 | INFO    |comum.dados.repositorio_cache:salvar_dados_tabela_despesa:262 - 1 registro(s) persistidos em [tbl_rpa_log_detraf_despesa_arquivos].
2026-08-13 13:38:08.581 | WARNING |src.services.processamento_service:_processar_arquivo:264 - [RPA 1] 'C.csv' REPROVADO na validação — quarentena em [C:\Users\Btime Soluções\AppData\Local\Temp\pytest-of-Btime Soluções\pytest-16\test_falha_no_envio_marca_os_t0\_QUARENTENA\202507\MESMO-EMAIL].
2026-08-13 13:38:08.582 | ERROR   |src.services.processamento_service:executar:151 - [RPA 1] Falha ao responder o e-mail de origem de 'A.csv': COM caiu
Traceback (most recent call last):
  File "<string>", line 5, in <module>
  File "C:\Users\Btime Soluções\AppData\Local\Programs\Python\Python314\Lib\site-packages\_pytest\config\__init__.py", line 201, in main
    return _main(args=args, plugins=plugins, prog="pytest.main()")
  File "C:\Users\Btime Soluções\AppData\Local\Programs\Python\Python314\Lib\site-packages\_pytest\config\__init__.py", line 229, in _main
    ret: ExitCode | int = config.hook.pytest_cmdline_main(config=config)
  File "C:\Users\Btime Soluções\AppData\Local\Programs\Python\Python314\Lib\site-packages\pluggy\_hooks.py", line 512, in __call__
    return self._hookexec(self.name, self._hookimpls.copy(), kwargs, firstresult)
  File "C:\Users\Btime Soluções\AppData\Local\Programs\Python\Python314\Lib\site-packages\pluggy\_manager.py", line 120, in _hookexec
    return self._inner_hookexec(hook_name, methods, kwargs, firstresult)
  File "C:\Users\Btime Soluções\AppData\Local\Programs\Python\Python314\Lib\site-packages\pluggy\_callers.py", line 121, in _multicall
    res = hook_impl.function(*args)
  File "C:\Users\Btime Soluções\AppData\Local\Programs\Python\Python314\Lib\site-packages\_pytest\main.py", line 377, in pytest_cmdline_main
    return wrap_session(config, _main)
  File "C:\Users\Btime Soluções\AppData\Local\Programs\Python\Python314\Lib\site-packages\_pytest\main.py", line 330, in wrap_session
    session.exitstatus = doit(config, session) or 0
  File "C:\Users\Btime Soluções\AppData\Local\Programs\Python\Python314\Lib\site-packages\_pytest\main.py", line 384, in _main
    config.hook.pytest_runtestloop(session=session)
  File "C:\Users\Btime Soluções\AppData\Local\Programs\Python\Python314\Lib\site-packages\pluggy\_hooks.py", line 512, in __call__
    return self._hookexec(self.name, self._hookimpls.copy(), kwargs, firstresult)
  File "C:\Users\Btime Soluções\AppData\Local\Programs\Python\Python314\Lib\site-packages\pluggy\_manager.py", line 120, in _hookexec
    return self._inner_hookexec(hook_name, methods, kwargs, firstresult)
  File "C:\Users\Btime Soluções\AppData\Local\Programs\Python\Python314\Lib\site-packages\pluggy\_callers.py", line 121, in _multicall
    res = hook_impl.function(*args)
  File "C:\Users\Btime Soluções\AppData\Local\Programs\Python\Python314\Lib\site-packages\_pytest\main.py", line 408, in pytest_runtestloop
    item.config.hook.pytest_runtest_protocol(item=item, nextitem=nextitem)
  File "C:\Users\Btime Soluções\AppData\Local\Programs\Python\Python314\Lib\site-packages\pluggy\_hooks.py", line 512, in __call__
    return self._hookexec(self.name, self._hookimpls.copy(), kwargs, firstresult)
  File "C:\Users\Btime Soluções\AppData\Local\Programs\Python\Python314\Lib\site-packages\pluggy\_manager.py", line 120, in _hookexec
    return self._inner_hookexec(hook_name, methods, kwargs, firstresult)
  File "C:\Users\Btime Soluções\AppData\Local\Programs\Python\Python314\Lib\site-packages\pluggy\_callers.py", line 121, in _multicall
    res = hook_impl.function(*args)
  File "C:\Users\Btime Soluções\AppData\Local\Programs\Python\Python314\Lib\site-packages\_pytest\runner.py", line 118, in pytest_runtest_protocol
    runtestprotocol(item, nextitem=nextitem)
  File "C:\Users\Btime Soluções\AppData\Local\Programs\Python\Python314\Lib\site-packages\_pytest\runner.py", line 139, in runtestprotocol
    reports.append(call_and_report(item, "call", log))
  File "C:\Users\Btime Soluções\AppData\Local\Programs\Python\Python314\Lib\site-packages\_pytest\runner.py", line 249, in call_and_report
    call = CallInfo.from_call(
  File "C:\Users\Btime Soluções\AppData\Local\Programs\Python\Python314\Lib\site-packages\_pytest\runner.py", line 361, in from_call
    result: TResult | None = func()
  File "C:\Users\Btime Soluções\AppData\Local\Programs\Python\Python314\Lib\site-packages\_pytest\runner.py", line 250, in <lambda>
    lambda: runtest_hook(item=item, **kwds),
  File "C:\Users\Btime Soluções\AppData\Local\Programs\Python\Python314\Lib\site-packages\pluggy\_hooks.py", line 512, in __call__
    return self._hookexec(self.name, self._hookimpls.copy(), kwargs, firstresult)
  File "C:\Users\Btime Soluções\AppData\Local\Programs\Python\Python314\Lib\site-packages\pluggy\_manager.py", line 120, in _hookexec
    return self._inner_hookexec(hook_name, methods, kwargs, firstresult)
  File "C:\Users\Btime Soluções\AppData\Local\Programs\Python\Python314\Lib\site-packages\pluggy\_callers.py", line 121, in _multicall
    res = hook_impl.function(*args)
  File "C:\Users\Btime Soluções\AppData\Local\Programs\Python\Python314\Lib\site-packages\_pytest\runner.py", line 184, in pytest_runtest_call
    item.runtest()
  File "C:\Users\Btime Soluções\AppData\Local\Programs\Python\Python314\Lib\site-packages\_pytest\python.py", line 1707, in runtest
    self.ihook.pytest_pyfunc_call(pyfuncitem=self)
  File "C:\Users\Btime Soluções\AppData\Local\Programs\Python\Python314\Lib\site-packages\pluggy\_hooks.py", line 512, in __call__
    return self._hookexec(self.name, self._hookimpls.copy(), kwargs, firstresult)
  File "C:\Users\Btime Soluções\AppData\Local\Programs\Python\Python314\Lib\site-packages\pluggy\_manager.py", line 120, in _hookexec
    return self._inner_hookexec(hook_name, methods, kwargs, firstresult)
  File "C:\Users\Btime Soluções\AppData\Local\Programs\Python\Python314\Lib\site-packages\pluggy\_callers.py", line 121, in _multicall
    res = hook_impl.function(*args)
  File "C:\Users\Btime Soluções\AppData\Local\Programs\Python\Python314\Lib\site-packages\_pytest\python.py", line 167, in pytest_pyfunc_call
    result = testfunction(**testargs)
  File "C:\projetos\MVP2\MVP2\MVP2\DETRAF-UNIFICADO\unificado\rpa1_captura\tests\test_validacao_na_captura.py", line 496, in test_falha_no_envio_marca_os_tres_como_nao_avisados
    servico.executar([_pacote(c, entry_id="MESMO-EMAIL") for c in caminhos])
  File "C:\projetos\MVP2\MVP2\MVP2\DETRAF-UNIFICADO\unificado\rpa1_captura\src\services\processamento_service.py", line 151, in executar
    self._notificar_reprovados()
> File "C:\projetos\MVP2\MVP2\MVP2\DETRAF-UNIFICADO\unificado\rpa1_captura\src\services\processamento_service.py", line 588, in _notificar_reprovados
    sucesso = bool(self._notificar_externo(pacote, recusas))
  File "C:\projetos\MVP2\MVP2\MVP2\DETRAF-UNIFICADO\unificado\rpa1_captura\tests\test_validacao_na_captura.py", line 61, in __call__
    raise self._erro
RuntimeError: COM caiu
2026-08-13 13:38:08.596 | INFO    |src.services.processamento_service:executar:151 - [RPA 1] E-mail de origem de 'A.csv': 3 arquivo(s) recusado(s), operadora NÃO notificada.
2026-08-13 13:38:08.597 | INFO    |src.services.processamento_service:executar:153 - Resumo — Sucesso: 0 | Reprovados: 3 | Não identificados: 0 | Erros: 0
2026-08-13 13:38:08.611 | INFO    |test_validacao_na_captura:test_sem_entry_id_cada_arquivo_e_o_seu_proprio_grupo:510 - Iniciando fluxo de processamento
2026-08-13 13:38:08.612 | INFO    |test_validacao_na_captura:test_sem_entry_id_cada_arquivo_e_o_seu_proprio_grupo:510 - Competência: 202507 | Ano: 2025
2026-08-13 13:38:08.613 | INFO    |test_validacao_na_captura:test_sem_entry_id_cada_arquivo_e_o_seu_proprio_grupo:510 - Total de arquivos a processar: 3
2026-08-13 13:38:08.649 | INFO    |comum.dominio.validacao_colunas:validar_tudo_detalhado:252 - Validação de tarifas concluída | Total: 1 | Válidas: 0 | Inválidas: 1 | Resultado final: False
2026-08-13 13:38:08.654 | INFO    |comum.dominio.validacao_colunas:validar_tudo_detalhado:270 - DataFrame reprovado na validação da Coluna 11 (Tarifa). Encontrada tarifa zerada (0), o que não é permitido.
2026-08-13 13:38:08.660 | INFO    |src.services.processamento_service:_validar:482 - Resultado das validações para o arquivo do tipo 'detraf': {'v_col1_2': True, 'v_col2_vivo': True, 'v_col3': True, 'v_col4': True, 'v_col8': True, 'v_col9': True, 'v_col10': True, 'v_col11': False, 'v_col12_15': True, 'v_tarifas_remuneradas': False}
2026-08-13 13:38:08.661 | WARNING |src.services.processamento_service:_processar_arquivo:262 - Arquivo [A.csv] rejeitado: regras de coluna não atendidas.
  Coluna 11 (Tarifa): a tarifa admite no máximo 5 casas decimais e não pode ser zero.
  Tarifas remuneradas: há linhas cuja tarifa não corresponde à tarifa regulada vigente para a região, o grupo horário e o mês de tráfego da linha.
2026-08-13 13:38:08.672 | INFO    |src.services.processamento_service:_reprovar:533 - [Layout] Motivo da recusa gravado em [A_RECUSADO.md].
2026-08-13 13:38:08.674 | INFO    |comum.dados.repositorio_cache:salvar_dados_tabela_despesa:262 - Inserindo 1 registro(s) em [tbl_rpa_log_detraf_despesa_arquivos].
2026-08-13 13:38:08.688 | INFO    |comum.dados.repositorio_cache:salvar_dados_tabela_despesa:262 - 1 registro(s) persistidos em [tbl_rpa_log_detraf_despesa_arquivos].
2026-08-13 13:38:08.690 | WARNING |src.services.processamento_service:_processar_arquivo:264 - [RPA 1] 'A.csv' REPROVADO na validação — quarentena em [C:\Users\Btime Soluções\AppData\Local\Temp\pytest-of-Btime Soluções\pytest-16\test_sem_entry_id_cada_arquivo0\_QUARENTENA\202507\A].
2026-08-13 13:38:08.725 | INFO    |comum.dominio.validacao_colunas:validar_tudo_detalhado:252 - Validação de tarifas concluída | Total: 1 | Válidas: 0 | Inválidas: 1 | Resultado final: False
2026-08-13 13:38:08.732 | INFO    |comum.dominio.validacao_colunas:validar_tudo_detalhado:270 - DataFrame reprovado na validação da Coluna 11 (Tarifa). Encontrada tarifa zerada (0), o que não é permitido.
2026-08-13 13:38:08.736 | INFO    |src.services.processamento_service:_validar:482 - Resultado das validações para o arquivo do tipo 'detraf': {'v_col1_2': True, 'v_col2_vivo': True, 'v_col3': True, 'v_col4': True, 'v_col8': True, 'v_col9': True, 'v_col10': True, 'v_col11': False, 'v_col12_15': True, 'v_tarifas_remuneradas': False}
2026-08-13 13:38:08.737 | WARNING |src.services.processamento_service:_processar_arquivo:262 - Arquivo [B.csv] rejeitado: regras de coluna não atendidas.
  Coluna 11 (Tarifa): a tarifa admite no máximo 5 casas decimais e não pode ser zero.
  Tarifas remuneradas: há linhas cuja tarifa não corresponde à tarifa regulada vigente para a região, o grupo horário e o mês de tráfego da linha.
2026-08-13 13:38:08.747 | INFO    |src.services.processamento_service:_reprovar:533 - [Layout] Motivo da recusa gravado em [B_RECUSADO.md].
2026-08-13 13:38:08.749 | INFO    |comum.dados.repositorio_cache:salvar_dados_tabela_despesa:262 - Inserindo 1 registro(s) em [tbl_rpa_log_detraf_despesa_arquivos].
2026-08-13 13:38:08.762 | INFO    |comum.dados.repositorio_cache:salvar_dados_tabela_despesa:262 - 1 registro(s) persistidos em [tbl_rpa_log_detraf_despesa_arquivos].
2026-08-13 13:38:08.763 | WARNING |src.services.processamento_service:_processar_arquivo:264 - [RPA 1] 'B.csv' REPROVADO na validação — quarentena em [C:\Users\Btime Soluções\AppData\Local\Temp\pytest-of-Btime Soluções\pytest-16\test_sem_entry_id_cada_arquivo0\_QUARENTENA\202507\B].
2026-08-13 13:38:08.800 | INFO    |comum.dominio.validacao_colunas:validar_tudo_detalhado:252 - Validação de tarifas concluída | Total: 1 | Válidas: 0 | Inválidas: 1 | Resultado final: False
2026-08-13 13:38:08.804 | INFO    |comum.dominio.validacao_colunas:validar_tudo_detalhado:270 - DataFrame reprovado na validação da Coluna 11 (Tarifa). Encontrada tarifa zerada (0), o que não é permitido.
2026-08-13 13:38:08.810 | INFO    |src.services.processamento_service:_validar:482 - Resultado das validações para o arquivo do tipo 'detraf': {'v_col1_2': True, 'v_col2_vivo': True, 'v_col3': True, 'v_col4': True, 'v_col8': True, 'v_col9': True, 'v_col10': True, 'v_col11': False, 'v_col12_15': True, 'v_tarifas_remuneradas': False}
2026-08-13 13:38:08.811 | WARNING |src.services.processamento_service:_processar_arquivo:262 - Arquivo [C.csv] rejeitado: regras de coluna não atendidas.
  Coluna 11 (Tarifa): a tarifa admite no máximo 5 casas decimais e não pode ser zero.
  Tarifas remuneradas: há linhas cuja tarifa não corresponde à tarifa regulada vigente para a região, o grupo horário e o mês de tráfego da linha.
2026-08-13 13:38:08.820 | INFO    |src.services.processamento_service:_reprovar:533 - [Layout] Motivo da recusa gravado em [C_RECUSADO.md].
2026-08-13 13:38:08.822 | INFO    |comum.dados.repositorio_cache:salvar_dados_tabela_despesa:262 - Inserindo 1 registro(s) em [tbl_rpa_log_detraf_despesa_arquivos].
2026-08-13 13:38:08.836 | INFO    |comum.dados.repositorio_cache:salvar_dados_tabela_despesa:262 - 1 registro(s) persistidos em [tbl_rpa_log_detraf_despesa_arquivos].
2026-08-13 13:38:08.836 | WARNING |src.services.processamento_service:_processar_arquivo:264 - [RPA 1] 'C.csv' REPROVADO na validação — quarentena em [C:\Users\Btime Soluções\AppData\Local\Temp\pytest-of-Btime Soluções\pytest-16\test_sem_entry_id_cada_arquivo0\_QUARENTENA\202507\C].
2026-08-13 13:38:08.837 | INFO    |src.services.processamento_service:executar:151 - [RPA 1] E-mail de origem de 'A.csv': 1 arquivo(s) recusado(s), operadora notificada.
2026-08-13 13:38:08.838 | INFO    |src.services.processamento_service:executar:151 - [RPA 1] E-mail de origem de 'B.csv': 1 arquivo(s) recusado(s), operadora notificada.
2026-08-13 13:38:08.838 | INFO    |src.services.processamento_service:executar:151 - [RPA 1] E-mail de origem de 'C.csv': 1 arquivo(s) recusado(s), operadora notificada.
2026-08-13 13:38:08.839 | INFO    |src.services.processamento_service:executar:153 - Resumo — Sucesso: 0 | Reprovados: 3 | Não identificados: 0 | Erros: 0
2026-08-13 13:38:08.852 | INFO    |test_validacao_na_captura:test_nao_notifica_ninguem:538 - Iniciando fluxo de processamento
2026-08-13 13:38:08.853 | INFO    |test_validacao_na_captura:test_nao_notifica_ninguem:538 - Competência: 202507 | Ano: 2025
2026-08-13 13:38:08.853 | INFO    |test_validacao_na_captura:test_nao_notifica_ninguem:538 - Total de arquivos a processar: 1
2026-08-13 13:38:08.862 | ERROR   |src.services.processamento_service:executar:145 - [RPA 1] 'bom.csv' NÃO foi validado: não foi possível concluir a validação das regras que consultam o banco (Anexo 5 e tabela de tarifas): Can't connect to MySQL server. O arquivo continua na entrada e será retentado. Nenhuma operadora foi notificada.
2026-08-13 13:38:08.863 | INFO    |src.services.processamento_service:executar:153 - Resumo — Sucesso: 0 | Reprovados: 0 | Não identificados: 0 | Erros: 1
2026-08-13 13:38:08.878 | INFO    |test_validacao_na_captura:test_nao_poe_em_quarentena_e_conta_como_erro:548 - Iniciando fluxo de processamento
2026-08-13 13:38:08.879 | INFO    |test_validacao_na_captura:test_nao_poe_em_quarentena_e_conta_como_erro:548 - Competência: 202507 | Ano: 2025
2026-08-13 13:38:08.879 | INFO    |test_validacao_na_captura:test_nao_poe_em_quarentena_e_conta_como_erro:548 - Total de arquivos a processar: 1
2026-08-13 13:38:08.886 | ERROR   |src.services.processamento_service:executar:145 - [RPA 1] 'bom.csv' NÃO foi validado: não foi possível concluir a validação das regras que consultam o banco (Anexo 5 e tabela de tarifas): Can't connect to MySQL server. O arquivo continua na entrada e será retentado. Nenhuma operadora foi notificada.
2026-08-13 13:38:08.887 | INFO    |src.services.processamento_service:executar:153 - Resumo — Sucesso: 0 | Reprovados: 0 | Não identificados: 0 | Erros: 1
2026-08-13 13:38:08.899 | INFO    |test_validacao_na_captura:test_o_arquivo_continua_na_entrada_para_a_proxima_execucao:563 - Iniciando fluxo de processamento
2026-08-13 13:38:08.900 | INFO    |test_validacao_na_captura:test_o_arquivo_continua_na_entrada_para_a_proxima_execucao:563 - Competência: 202507 | Ano: 2025
2026-08-13 13:38:08.901 | INFO    |test_validacao_na_captura:test_o_arquivo_continua_na_entrada_para_a_proxima_execucao:563 - Total de arquivos a processar: 1
2026-08-13 13:38:08.908 | ERROR   |src.services.processamento_service:executar:145 - [RPA 1] 'bom.csv' NÃO foi validado: não foi possível concluir a validação das regras que consultam o banco (Anexo 5 e tabela de tarifas): Can't connect to MySQL server. O arquivo continua na entrada e será retentado. Nenhuma operadora foi notificada.
2026-08-13 13:38:08.910 | INFO    |src.services.processamento_service:executar:153 - Resumo — Sucesso: 0 | Reprovados: 0 | Não identificados: 0 | Erros: 1
2026-08-13 13:38:08.922 | INFO    |test_validacao_na_captura:test_vira_recusa_com_motivo_e_nao_erro:580 - Iniciando fluxo de processamento
2026-08-13 13:38:08.922 | INFO    |test_validacao_na_captura:test_vira_recusa_com_motivo_e_nao_erro:580 - Competência: 202507 | Ano: 2025
2026-08-13 13:38:08.923 | INFO    |test_validacao_na_captura:test_vira_recusa_com_motivo_e_nao_erro:580 - Total de arquivos a processar: 1
2026-08-13 13:38:08.924 | WARNING |comum.arquivos.gerenciador:carregar_dados:120 - Nenhum separador reconhecido nas primeiras 20 linhas de [C:\Users\Btime Soluções\AppData\Local\Temp\pytest-of-Btime Soluções\pytest-16\test_vira_recusa_com_motivo_e_0\entrada\corrompido.csv] — assumindo ';'. Se o arquivo usar outro, ele será lido como coluna única e reprovado na validação.
2026-08-13 13:38:08.927 | WARNING |src.services.processamento_service:_processar_arquivo:261 - [RPA 1] Não foi possível ler [corrompido.csv]: Erro ao processar a leitura do arquivo C:\Users\Btime Soluções\AppData\Local\Temp\pytest-of-Btime Soluções\pytest-16\test_vira_recusa_com_motivo_e_0\entrada\corrompido.csv: 'utf-8' codec can't decode byte 0xff in position 22: invalid start byte
2026-08-13 13:38:08.928 | WARNING |src.services.operadora_service:_extrair_eot_csv:77 - Nenhum separador reconhecido nas primeiras 20 linhas de [C:\Users\Btime Soluções\AppData\Local\Temp\pytest-of-Btime Soluções\pytest-16\test_vira_recusa_com_motivo_e_0\entrada\corrompido.csv] — assumindo ';'. Se o arquivo usar outro, ele será lido como coluna única e reprovado na validação.
2026-08-13 13:38:08.936 | INFO    |src.services.processamento_service:_reprovar:533 - [Layout] Motivo da recusa gravado em [corrompido_RECUSADO.md].
2026-08-13 13:38:08.938 | INFO    |comum.dados.repositorio_cache:salvar_dados_tabela_despesa:262 - Inserindo 1 registro(s) em [tbl_rpa_log_detraf_despesa_arquivos].
2026-08-13 13:38:08.953 | INFO    |comum.dados.repositorio_cache:salvar_dados_tabela_despesa:262 - 1 registro(s) persistidos em [tbl_rpa_log_detraf_despesa_arquivos].
2026-08-13 13:38:08.954 | WARNING |src.services.processamento_service:_processar_arquivo:264 - [RPA 1] 'corrompido.csv' REPROVADO na validação — quarentena em [C:\Users\Btime Soluções\AppData\Local\Temp\pytest-of-Btime Soluções\pytest-16\test_vira_recusa_com_motivo_e_0\_QUARENTENA\202507\ENTRY-1].
2026-08-13 13:38:08.954 | INFO    |src.services.processamento_service:executar:151 - [RPA 1] E-mail de origem de 'corrompido.csv': 1 arquivo(s) recusado(s), operadora notificada.
2026-08-13 13:38:08.955 | INFO    |src.services.processamento_service:executar:153 - Resumo — Sucesso: 0 | Reprovados: 1 | Não identificados: 0 | Erros: 0
2026-08-13 13:38:08.971 | INFO    |test_validacao_na_captura:test_conta_os_reprovados_separadamente:598 - Iniciando fluxo de processamento
2026-08-13 13:38:08.972 | INFO    |test_validacao_na_captura:test_conta_os_reprovados_separadamente:598 - Competência: 202507 | Ano: 2025
2026-08-13 13:38:08.973 | INFO    |test_validacao_na_captura:test_conta_os_reprovados_separadamente:598 - Total de arquivos a processar: 2
2026-08-13 13:38:09.026 | INFO    |src.services.processamento_service:_validar:482 - Resultado das validações para o arquivo do tipo 'detraf': {'v_col1_2': True, 'v_col2_vivo': True, 'v_col3': True, 'v_col4': True, 'v_col8': True, 'v_col9': True, 'v_col10': True, 'v_col11': True, 'v_col12_15': True, 'v_tarifas_remuneradas': True}
2026-08-13 13:38:09.036 | WARNING |src.services.processamento_service:_processar_arquivo:297 - Estrutura do mês anterior não encontrada em 'C:\Users\Btime Soluções\AppData\Local\Temp\pytest-of-Btime Soluções\pytest-16\test_conta_os_reprovados_separ0\operadoras\Megatelecom Telecomunicacoes S.A.\2025\202506' — criando 'C:\Users\Btime Soluções\AppData\Local\Temp\pytest-of-Btime Soluções\pytest-16\test_conta_os_reprovados_separ0\operadoras\Megatelecom Telecomunicacoes S.A.\2025\202507' vazio.
2026-08-13 13:38:09.040 | INFO    |src.services.processamento_service:executar:145 - Processado com sucesso: bom.csv (operadora identificada via 'eot')
2026-08-13 13:38:09.048 | WARNING |src.services.processamento_service:_processar_arquivo:262 - Arquivo [ruim.csv] rejeitado: layout fora do padrão da V2.
  posição 7 (GH): esperado S, R, N ou D, encontrado "X" [0/1 válidos]
2026-08-13 13:38:09.062 | INFO    |src.services.processamento_service:_reprovar:533 - [Layout] Motivo da recusa gravado em [ruim_RECUSADO.md].
2026-08-13 13:38:09.064 | INFO    |comum.dados.repositorio_cache:salvar_dados_tabela_despesa:262 - Inserindo 1 registro(s) em [tbl_rpa_log_detraf_despesa_arquivos].
2026-08-13 13:38:09.082 | INFO    |comum.dados.repositorio_cache:salvar_dados_tabela_despesa:262 - 1 registro(s) persistidos em [tbl_rpa_log_detraf_despesa_arquivos].
2026-08-13 13:38:09.082 | WARNING |src.services.processamento_service:_processar_arquivo:264 - [RPA 1] 'ruim.csv' REPROVADO na validação — quarentena em [C:\Users\Btime Soluções\AppData\Local\Temp\pytest-of-Btime Soluções\pytest-16\test_conta_os_reprovados_separ0\_QUARENTENA\202507\E2].
2026-08-13 13:38:09.083 | INFO    |src.services.processamento_service:executar:151 - [RPA 1] E-mail de origem de 'ruim.csv': 1 arquivo(s) recusado(s), operadora notificada.
2026-08-13 13:38:09.084 | INFO    |src.services.processamento_service:executar:153 - Resumo — Sucesso: 1 | Reprovados: 1 | Não identificados: 0 | Erros: 0
2026-08-13 13:38:18.366 | INFO    |comum.dados.repositorio_cache:__init__:77 - Inicializando conexão com o banco no ambiente [dev]
2026-08-13 13:38:18.367 | INFO    |comum.dados.repositorio_cache:__init__:77 - Utilizando SQLite local [C:\Users\BTIMES~1\AppData\Local\Temp\detraf_rpa2_teste_3tgy89eu\TABELAS_DETRAF_TESTE.db]
2026-08-13 13:38:18.719 | WARNING |src.services.captacao_expectativa:executar:181 - [MODO SEGURO] PERMITIR_DOWNLOAD_SFTP está desligado — nada foi baixado. A validação segue com o que já está em [C:\Users\Btime Soluções\AppData\Local\Temp\pytest-of-Btime Soluções\pytest-17\test_desligado_nao_conecta0\Expectativa].
2026-08-13 13:38:18.727 | WARNING |src.services.captacao_expectativa:executar:181 - [MODO SEGURO] PERMITIR_DOWNLOAD_SFTP está desligado — nada foi baixado. A validação segue com o que já está em [C:\Users\Btime Soluções\AppData\Local\Temp\pytest-of-Btime Soluções\pytest-17\test_desligado_avisa_no_log0\Expectativa].
2026-08-13 13:38:18.736 | INFO    |test_captacao_expectativa:test_de_pasta_funciona_com_o_switch_desligado:147 - [Expectativa] Procurando os arquivos _D de 202603 em 5 pasta(s) de origem.
2026-08-13 13:38:18.737 | INFO    |src.services.captacao_expectativa:executar:191 - [Expectativa] Origem simulada em disco: [C:\Users\Btime Soluções\AppData\Local\Temp\pytest-of-Btime Soluções\pytest-17\test_de_pasta_funciona_com_o_s0\origem]
2026-08-13 13:38:18.738 | INFO    |src.services.captacao_expectativa:_origens_de:218 - [Expectativa] A origem é um diretório plano — o destino de cada arquivo sai do nome dele.
2026-08-13 13:38:18.739 | INFO    |src.services.captacao_expectativa:executar:199 - [Expectativa] C:\Users\Btime Soluções\AppData\Local\Temp\pytest-of-Btime Soluções\pytest-17\test_de_pasta_funciona_com_o_s0\origem -> pelo nome: 1 de 1 arquivo(s) casam com o filtro.
2026-08-13 13:38:18.743 | INFO    |src.services.captacao_expectativa:executar:199 - [Expectativa] Baixado: Vivo/DETRAF_202603_VIVO_D.csv
2026-08-13 13:38:18.750 | INFO    |test_captacao_expectativa:test_cada_origem_cai_na_subpasta_certa:163 - [Expectativa] Procurando os arquivos _D de 202603 em 5 pasta(s) de origem.
2026-08-13 13:38:18.750 | INFO    |src.services.captacao_expectativa:executar:199 - [Expectativa] /interfaces/GERACAO_DETRAF_SMS_ITF -> Vivo: 0 de 0 arquivo(s) casam com o filtro.
2026-08-13 13:38:18.751 | INFO    |src.services.captacao_expectativa:executar:199 - [Expectativa] /interfaces/GERACAO_DETRAF_VIVO -> Vivo: 1 de 1 arquivo(s) casam com o filtro.
2026-08-13 13:38:18.752 | INFO    |src.services.captacao_expectativa:executar:199 - [Expectativa] Baixado: Vivo/A_202603_D.csv
2026-08-13 13:38:18.752 | INFO    |src.services.captacao_expectativa:executar:199 - [Expectativa] /interfaces/GERACAO_DETRAF_TELEFONICA -> TLF: 1 de 1 arquivo(s) casam com o filtro.
2026-08-13 13:38:18.754 | INFO    |src.services.captacao_expectativa:executar:199 - [Expectativa] Baixado: TLF/B_202603_D.csv
2026-08-13 13:38:18.754 | INFO    |src.services.captacao_expectativa:executar:199 - [Expectativa] /interfaces/MVNO/NEXTEL/DESMP -> MVNO: 1 de 1 arquivo(s) casam com o filtro.
2026-08-13 13:38:18.755 | INFO    |src.services.captacao_expectativa:executar:199 - [Expectativa] Baixado: MVNO/C_202603_D.csv
2026-08-13 13:38:18.756 | INFO    |src.services.captacao_expectativa:executar:199 - [Expectativa] /interfaces/GERACAO_DETRAF_TRP -> Detraf TRP: 1 de 1 arquivo(s) casam com o filtro.
2026-08-13 13:38:18.757 | INFO    |src.services.captacao_expectativa:executar:199 - [Expectativa] Baixado: Detraf TRP/D_202603_D.csv
2026-08-13 13:38:18.763 | INFO    |test_captacao_expectativa:test_as_duas_origens_da_vivo_caem_na_mesma_pasta:177 - [Expectativa] Procurando os arquivos _D de 202603 em 5 pasta(s) de origem.
2026-08-13 13:38:18.764 | INFO    |src.services.captacao_expectativa:executar:199 - [Expectativa] /interfaces/GERACAO_DETRAF_SMS_ITF -> Vivo: 1 de 1 arquivo(s) casam com o filtro.
2026-08-13 13:38:18.765 | INFO    |src.services.captacao_expectativa:executar:199 - [Expectativa] Baixado: Vivo/SMS_202603_D.csv
2026-08-13 13:38:18.765 | INFO    |src.services.captacao_expectativa:executar:199 - [Expectativa] /interfaces/GERACAO_DETRAF_VIVO -> Vivo: 1 de 1 arquivo(s) casam com o filtro.
2026-08-13 13:38:18.766 | INFO    |src.services.captacao_expectativa:executar:199 - [Expectativa] Baixado: Vivo/VIVO_202603_D.csv
2026-08-13 13:38:18.767 | INFO    |src.services.captacao_expectativa:executar:199 - [Expectativa] /interfaces/GERACAO_DETRAF_TELEFONICA -> TLF: 0 de 0 arquivo(s) casam com o filtro.
2026-08-13 13:38:18.767 | INFO    |src.services.captacao_expectativa:executar:199 - [Expectativa] /interfaces/MVNO/NEXTEL/DESMP -> MVNO: 0 de 0 arquivo(s) casam com o filtro.
2026-08-13 13:38:18.767 | INFO    |src.services.captacao_expectativa:executar:199 - [Expectativa] /interfaces/GERACAO_DETRAF_TRP -> Detraf TRP: 0 de 0 arquivo(s) casam com o filtro.
2026-08-13 13:38:18.775 | INFO    |test_captacao_expectativa:test_pasta_remota_indisponivel_nao_derruba_as_outras:207 - [Expectativa] Procurando os arquivos _D de 202603 em 5 pasta(s) de origem.
2026-08-13 13:38:18.776 | INFO    |src.services.captacao_expectativa:executar:199 - [Expectativa] /interfaces/GERACAO_DETRAF_SMS_ITF -> Vivo: 0 de 0 arquivo(s) casam com o filtro.
2026-08-13 13:38:18.776 | INFO    |src.services.captacao_expectativa:executar:199 - [Expectativa] /interfaces/GERACAO_DETRAF_VIVO -> Vivo: 0 de 0 arquivo(s) casam com o filtro.
2026-08-13 13:38:18.776 | INFO    |src.services.captacao_expectativa:executar:199 - [Expectativa] /interfaces/GERACAO_DETRAF_TELEFONICA -> TLF: 1 de 1 arquivo(s) casam com o filtro.
2026-08-13 13:38:18.778 | INFO    |src.services.captacao_expectativa:executar:199 - [Expectativa] Baixado: TLF/B_202603_D.csv
2026-08-13 13:38:18.778 | INFO    |src.services.captacao_expectativa:executar:199 - [Expectativa] /interfaces/MVNO/NEXTEL/DESMP -> MVNO: 0 de 0 arquivo(s) casam com o filtro.
2026-08-13 13:38:18.778 | INFO    |src.services.captacao_expectativa:executar:199 - [Expectativa] /interfaces/GERACAO_DETRAF_TRP -> Detraf TRP: 0 de 0 arquivo(s) casam com o filtro.
2026-08-13 13:38:18.785 | INFO    |test_captacao_expectativa:test_falha_num_arquivo_nao_derruba_os_demais:224 - [Expectativa] Procurando os arquivos _D de 202603 em 5 pasta(s) de origem.
2026-08-13 13:38:18.785 | INFO    |src.services.captacao_expectativa:executar:199 - [Expectativa] /interfaces/GERACAO_DETRAF_SMS_ITF -> Vivo: 0 de 0 arquivo(s) casam com o filtro.
2026-08-13 13:38:18.785 | INFO    |src.services.captacao_expectativa:executar:199 - [Expectativa] /interfaces/GERACAO_DETRAF_VIVO -> Vivo: 2 de 2 arquivo(s) casam com o filtro.
2026-08-13 13:38:18.785 | ERROR   |src.services.captacao_expectativa:executar:199 - [Expectativa] Falhou [A_202603_D.csv]: disco cheio
2026-08-13 13:38:18.787 | INFO    |src.services.captacao_expectativa:executar:199 - [Expectativa] Baixado: Vivo/B_202603_D.csv
2026-08-13 13:38:18.787 | INFO    |src.services.captacao_expectativa:executar:199 - [Expectativa] /interfaces/GERACAO_DETRAF_TELEFONICA -> TLF: 0 de 0 arquivo(s) casam com o filtro.
2026-08-13 13:38:18.788 | INFO    |src.services.captacao_expectativa:executar:199 - [Expectativa] /interfaces/MVNO/NEXTEL/DESMP -> MVNO: 0 de 0 arquivo(s) casam com o filtro.
2026-08-13 13:38:18.788 | INFO    |src.services.captacao_expectativa:executar:199 - [Expectativa] /interfaces/GERACAO_DETRAF_TRP -> Detraf TRP: 0 de 0 arquivo(s) casam com o filtro.
2026-08-13 13:38:18.794 | INFO    |test_captacao_expectativa:test_a_sessao_e_fechada_mesmo_sem_nada_para_baixar:232 - [Expectativa] Procurando os arquivos _D de 202603 em 5 pasta(s) de origem.
2026-08-13 13:38:18.794 | INFO    |src.services.captacao_expectativa:executar:199 - [Expectativa] /interfaces/GERACAO_DETRAF_SMS_ITF -> Vivo: 0 de 0 arquivo(s) casam com o filtro.
2026-08-13 13:38:18.795 | INFO    |src.services.captacao_expectativa:executar:199 - [Expectativa] /interfaces/GERACAO_DETRAF_VIVO -> Vivo: 0 de 0 arquivo(s) casam com o filtro.
2026-08-13 13:38:18.795 | INFO    |src.services.captacao_expectativa:executar:199 - [Expectativa] /interfaces/GERACAO_DETRAF_TELEFONICA -> TLF: 0 de 0 arquivo(s) casam com o filtro.
2026-08-13 13:38:18.795 | INFO    |src.services.captacao_expectativa:executar:199 - [Expectativa] /interfaces/MVNO/NEXTEL/DESMP -> MVNO: 0 de 0 arquivo(s) casam com o filtro.
2026-08-13 13:38:18.795 | INFO    |src.services.captacao_expectativa:executar:199 - [Expectativa] /interfaces/GERACAO_DETRAF_TRP -> Detraf TRP: 0 de 0 arquivo(s) casam com o filtro.
2026-08-13 13:38:18.796 | WARNING |test_captacao_expectativa:test_a_sessao_e_fechada_mesmo_sem_nada_para_baixar:232 - [Expectativa] Nenhum arquivo _D de 202603 foi trazido. A validação vai seguir com o que já estiver na pasta — confira se o período está certo antes de tratar como defeito.
2026-08-13 13:38:18.801 | INFO    |test_captacao_expectativa:test_nada_encontrado_avisa_sem_falhar:241 - [Expectativa] Procurando os arquivos _D de 202603 em 5 pasta(s) de origem.
2026-08-13 13:38:18.801 | INFO    |src.services.captacao_expectativa:executar:199 - [Expectativa] /interfaces/GERACAO_DETRAF_SMS_ITF -> Vivo: 0 de 0 arquivo(s) casam com o filtro.
2026-08-13 13:38:18.801 | INFO    |src.services.captacao_expectativa:executar:199 - [Expectativa] /interfaces/GERACAO_DETRAF_VIVO -> Vivo: 0 de 0 arquivo(s) casam com o filtro.
2026-08-13 13:38:18.801 | INFO    |src.services.captacao_expectativa:executar:199 - [Expectativa] /interfaces/GERACAO_DETRAF_TELEFONICA -> TLF: 0 de 0 arquivo(s) casam com o filtro.
2026-08-13 13:38:18.802 | INFO    |src.services.captacao_expectativa:executar:199 - [Expectativa] /interfaces/MVNO/NEXTEL/DESMP -> MVNO: 0 de 0 arquivo(s) casam com o filtro.
2026-08-13 13:38:18.802 | INFO    |src.services.captacao_expectativa:executar:199 - [Expectativa] /interfaces/GERACAO_DETRAF_TRP -> Detraf TRP: 0 de 0 arquivo(s) casam com o filtro.
2026-08-13 13:38:18.802 | WARNING |test_captacao_expectativa:test_nada_encontrado_avisa_sem_falhar:241 - [Expectativa] Nenhum arquivo _D de 202603 foi trazido. A validação vai seguir com o que já estiver na pasta — confira se o período está certo antes de tratar como defeito.
2026-08-13 13:38:18.807 | INFO    |test_captacao_expectativa:test_referencia_explicita_manda:255 - [Expectativa] Procurando os arquivos _D de 202601 em 5 pasta(s) de origem.
2026-08-13 13:38:18.807 | INFO    |src.services.captacao_expectativa:executar:199 - [Expectativa] /interfaces/GERACAO_DETRAF_SMS_ITF -> Vivo: 0 de 0 arquivo(s) casam com o filtro.
2026-08-13 13:38:18.808 | INFO    |src.services.captacao_expectativa:executar:199 - [Expectativa] /interfaces/GERACAO_DETRAF_VIVO -> Vivo: 1 de 2 arquivo(s) casam com o filtro.
2026-08-13 13:38:18.809 | INFO    |src.services.captacao_expectativa:executar:199 - [Expectativa] Baixado: Vivo/A_202601_D.csv
2026-08-13 13:38:18.810 | INFO    |src.services.captacao_expectativa:executar:199 - [Expectativa] /interfaces/GERACAO_DETRAF_TELEFONICA -> TLF: 0 de 0 arquivo(s) casam com o filtro.
2026-08-13 13:38:18.810 | INFO    |src.services.captacao_expectativa:executar:199 - [Expectativa] /interfaces/MVNO/NEXTEL/DESMP -> MVNO: 0 de 0 arquivo(s) casam com o filtro.
2026-08-13 13:38:18.811 | INFO    |src.services.captacao_expectativa:executar:199 - [Expectativa] /interfaces/GERACAO_DETRAF_TRP -> Detraf TRP: 0 de 0 arquivo(s) casam com o filtro.
2026-08-13 13:38:18.817 | INFO    |test_captacao_expectativa:test_sem_referencia_usa_a_competencia_do_ambiente:269 - [Expectativa] Procurando os arquivos _D de 202507 em 5 pasta(s) de origem.
2026-08-13 13:38:18.817 | INFO    |src.services.captacao_expectativa:executar:199 - [Expectativa] /interfaces/GERACAO_DETRAF_SMS_ITF -> Vivo: 0 de 0 arquivo(s) casam com o filtro.
2026-08-13 13:38:18.817 | INFO    |src.services.captacao_expectativa:executar:199 - [Expectativa] /interfaces/GERACAO_DETRAF_VIVO -> Vivo: 1 de 2 arquivo(s) casam com o filtro.
2026-08-13 13:38:18.818 | INFO    |src.services.captacao_expectativa:executar:199 - [Expectativa] Baixado: Vivo/A_202507_D.csv
2026-08-13 13:38:18.819 | INFO    |src.services.captacao_expectativa:executar:199 - [Expectativa] /interfaces/GERACAO_DETRAF_TELEFONICA -> TLF: 0 de 0 arquivo(s) casam com o filtro.
2026-08-13 13:38:18.819 | INFO    |src.services.captacao_expectativa:executar:199 - [Expectativa] /interfaces/MVNO/NEXTEL/DESMP -> MVNO: 0 de 0 arquivo(s) casam com o filtro.
2026-08-13 13:38:18.819 | INFO    |src.services.captacao_expectativa:executar:199 - [Expectativa] /interfaces/GERACAO_DETRAF_TRP -> Detraf TRP: 0 de 0 arquivo(s) casam com o filtro.
2026-08-13 13:38:18.827 | INFO    |test_captacao_expectativa:test_pasta_plana_roteia_pelo_nome:290 - [Expectativa] Procurando os arquivos _D de 202603 em 5 pasta(s) de origem.
2026-08-13 13:38:18.828 | INFO    |src.services.captacao_expectativa:executar:191 - [Expectativa] Origem simulada em disco: [C:\Users\Btime Soluções\AppData\Local\Temp\pytest-of-Btime Soluções\pytest-17\test_pasta_plana_roteia_pelo_n0\origem]
2026-08-13 13:38:18.829 | INFO    |src.services.captacao_expectativa:_origens_de:218 - [Expectativa] A origem é um diretório plano — o destino de cada arquivo sai do nome dele.
2026-08-13 13:38:18.829 | INFO    |src.services.captacao_expectativa:executar:199 - [Expectativa] C:\Users\Btime Soluções\AppData\Local\Temp\pytest-of-Btime Soluções\pytest-17\test_pasta_plana_roteia_pelo_n0\origem -> pelo nome: 2 de 3 arquivo(s) casam com o filtro.
2026-08-13 13:38:18.831 | INFO    |src.services.captacao_expectativa:executar:199 - [Expectativa] Baixado: Vivo/A_202603_SMP_VIVO_D.csv
2026-08-13 13:38:18.833 | INFO    |src.services.captacao_expectativa:executar:199 - [Expectativa] Baixado: TLF/B_202603_STF_TLF_D.csv
2026-08-13 13:38:18.839 | INFO    |test_captacao_expectativa:test_arquivo_sem_pasta_no_nome_falha_dizendo:310 - [Expectativa] Procurando os arquivos _D de 202603 em 5 pasta(s) de origem.
2026-08-13 13:38:18.840 | INFO    |src.services.captacao_expectativa:executar:191 - [Expectativa] Origem simulada em disco: [C:\Users\Btime Soluções\AppData\Local\Temp\pytest-of-Btime Soluções\pytest-17\test_arquivo_sem_pasta_no_nome0\origem]
2026-08-13 13:38:18.840 | INFO    |src.services.captacao_expectativa:_origens_de:218 - [Expectativa] A origem é um diretório plano — o destino de cada arquivo sai do nome dele.
2026-08-13 13:38:18.841 | INFO    |src.services.captacao_expectativa:executar:199 - [Expectativa] C:\Users\Btime Soluções\AppData\Local\Temp\pytest-of-Btime Soluções\pytest-17\test_arquivo_sem_pasta_no_nome0\origem -> pelo nome: 1 de 1 arquivo(s) casam com o filtro.
2026-08-13 13:38:18.842 | ERROR   |src.services.captacao_expectativa:executar:199 - [Expectativa] Não sei em qual pasta [SEM_PASTA_202603_D.csv] entra — nenhuma de ['Vivo', 'TLF', 'MVNO', 'Detraf TRP'] aparece no nome. Não foi copiado.
2026-08-13 13:38:18.842 | WARNING |test_captacao_expectativa:test_arquivo_sem_pasta_no_nome_falha_dizendo:310 - [Expectativa] Nenhum arquivo _D de 202603 foi trazido. A validação vai seguir com o que já estiver na pasta — confira se o período está certo antes de tratar como defeito.
2026-08-13 13:38:18.849 | INFO    |test_captacao_expectativa:test_le_da_subpasta_quando_a_arvore_esta_espelhada:324 - [Expectativa] Procurando os arquivos _D de 202603 em 5 pasta(s) de origem.
2026-08-13 13:38:18.850 | INFO    |src.services.captacao_expectativa:executar:191 - [Expectativa] Origem simulada em disco: [C:\Users\Btime Soluções\AppData\Local\Temp\pytest-of-Btime Soluções\pytest-17\test_le_da_subpasta_quando_a_a0\origem]
2026-08-13 13:38:18.851 | INFO    |src.services.captacao_expectativa:executar:199 - [Expectativa] /interfaces/GERACAO_DETRAF_VIVO -> Vivo: 1 de 1 arquivo(s) casam com o filtro.
2026-08-13 13:38:18.852 | INFO    |src.services.captacao_expectativa:executar:199 - [Expectativa] Baixado: Vivo/V_202603_D.csv
2026-08-13 13:38:18.858 | INFO    |test_captacao_expectativa:test_pasta_inexistente_falha_com_o_motivo:333 - [Expectativa] Procurando os arquivos _D de 202603 em 5 pasta(s) de origem.
2026-08-13 13:38:18.858 | ERROR   |test_captacao_expectativa:test_pasta_inexistente_falha_com_o_motivo:333 - [Expectativa] [--de-pasta] O diretório [C:\Users\Btime Soluções\AppData\Local\Temp\pytest-of-Btime Soluções\pytest-17\test_pasta_inexistente_falha_c0\nao_existe] não existe.
2026-08-13 13:38:18.864 | INFO    |test_captacao_expectativa:test_o_resumo_diz_a_origem_e_o_periodo:343 - [Expectativa] Procurando os arquivos _D de 202603 em 5 pasta(s) de origem.
2026-08-13 13:38:18.865 | INFO    |src.services.captacao_expectativa:executar:199 - [Expectativa] /interfaces/GERACAO_DETRAF_SMS_ITF -> Vivo: 0 de 0 arquivo(s) casam com o filtro.
2026-08-13 13:38:18.865 | INFO    |src.services.captacao_expectativa:executar:199 - [Expectativa] /interfaces/GERACAO_DETRAF_VIVO -> Vivo: 1 de 1 arquivo(s) casam com o filtro.
2026-08-13 13:38:18.866 | INFO    |src.services.captacao_expectativa:executar:199 - [Expectativa] Baixado: Vivo/A_202603_D.csv
2026-08-13 13:38:18.867 | INFO    |src.services.captacao_expectativa:executar:199 - [Expectativa] /interfaces/GERACAO_DETRAF_TELEFONICA -> TLF: 0 de 0 arquivo(s) casam com o filtro.
2026-08-13 13:38:18.868 | INFO    |src.services.captacao_expectativa:executar:199 - [Expectativa] /interfaces/MVNO/NEXTEL/DESMP -> MVNO: 0 de 0 arquivo(s) casam com o filtro.
2026-08-13 13:38:18.868 | INFO    |src.services.captacao_expectativa:executar:199 - [Expectativa] /interfaces/GERACAO_DETRAF_TRP -> Detraf TRP: 0 de 0 arquivo(s) casam com o filtro.
2026-08-13 13:38:18.883 | ERROR   |test_criacao_arquivo_contestacao:test_valor_ilegivel_vira_zero:54 - [coluna numérica] 1 valor(es) não puderam ser convertidos para número e viraram ZERO: ['abc']. A causa mais comum é separador de milhar ('1.234,56'), que a V2 não define para estes campos. Um valor zerado aqui vira diferença inventada na contestação — confira o arquivo antes de aceitar a apuração.
2026-08-13 13:38:18.888 | ERROR   |test_criacao_arquivo_contestacao:test_separador_de_milhar_vira_zero:78 - [coluna numérica] 1 valor(es) não puderam ser convertidos para número e viraram ZERO: ['1.234,56']. A causa mais comum é separador de milhar ('1.234,56'), que a V2 não define para estes campos. Um valor zerado aqui vira diferença inventada na contestação — confira o arquivo antes de aceitar a apuração.
2026-08-13 13:38:18.893 | INFO    |comum.dados.repositorio_cache:obter_tabela:214 - Carregando tabela [tbl_anexo5_processado]
2026-08-13 13:38:18.896 | INFO    |comum.dados.repositorio_cache:obter_tabela:214 - Tabela [tbl_anexo5_processado] carregada | Linhas: 4 | Colunas: 6
2026-08-13 13:38:18.900 | INFO    |comum.dados.repositorio_cache:obter_tabela:214 - Carregando tabela [tbl_detraf_mapeamento_descritores]
2026-08-13 13:38:18.901 | INFO    |comum.dados.repositorio_cache:obter_tabela:214 - Tabela [tbl_detraf_mapeamento_descritores] carregada | Linhas: 4 | Colunas: 5
2026-08-13 13:38:19.002 | ERROR   |test_criacao_arquivo_contestacao:_converter:287 - [R$_Bruto (coluna 15)] 1 valor(es) não puderam ser convertidos para número e viraram ZERO: ['1.234,56']. A causa mais comum é separador de milhar ('1.234,56'), que a V2 não define para estes campos. Um valor zerado aqui vira diferença inventada na contestação — confira o arquivo antes de aceitar a apuração.
2026-08-13 13:38:19.007 | ERROR   |test_criacao_arquivo_contestacao:_converter:287 - [R$_Bruto (coluna 15)] 2 valor(es) não puderam ser convertidos para número e viraram ZERO: ['1.234,56', '2.000,00']. A causa mais comum é separador de milhar ('1.234,56'), que a V2 não define para estes campos. Um valor zerado aqui vira diferença inventada na contestação — confira o arquivo antes de aceitar a apuração.
2026-08-13 13:38:19.019 | INFO    |comum.dados.repositorio_cache:__init__:77 - Inicializando conexão com o banco no ambiente [dev]
2026-08-13 13:38:19.020 | INFO    |comum.dados.repositorio_cache:__init__:77 - Utilizando SQLite local [C:\Users\BTIMES~1\AppData\Local\Temp\detraf_rpa2_teste_3tgy89eu\TABELAS_DETRAF_TESTE.db]
2026-08-13 13:38:19.031 | INFO    |comum.dados.repositorio_cache:__init__:77 - Inicializando conexão com o banco no ambiente [dev]
2026-08-13 13:38:19.031 | INFO    |comum.dados.repositorio_cache:__init__:77 - Utilizando SQLite local [C:\Users\BTIMES~1\AppData\Local\Temp\detraf_rpa2_teste_3tgy89eu\TABELAS_DETRAF_TESTE.db]
2026-08-13 13:38:19.049 | INFO    |comum.dados.repositorio_cache:__init__:77 - Inicializando conexão com o banco no ambiente [dev]
2026-08-13 13:38:19.050 | INFO    |comum.dados.repositorio_cache:__init__:77 - Utilizando SQLite local [C:\Users\BTIMES~1\AppData\Local\Temp\detraf_rpa2_teste_3tgy89eu\TABELAS_DETRAF_TESTE.db]
2026-08-13 13:38:19.061 | WARNING |test_criacao_arquivo_contestacao:test_descritor_fora_do_catalogo_e_nomeado_no_log:385 - [HU-09] 1 linha(s) com descritor sem remuneração na tabela `tbl_detraf_mapeamento_descritores`: ['XXZ']. Elas ficam sem `remuneracao` e não serão encontradas pelo RPA 3 — confira se falta linha na tabela.
2026-08-13 13:38:19.125 | INFO    |test_limpeza_e_resultado:test_falha_de_leitura_vira_registro_nao_validado:147 - Iniciando transformação de lote tipo [DETRAF_SUCESSO] com 1 arquivo(s).
2026-08-13 13:38:19.126 | ERROR   |test_limpeza_e_resultado:test_falha_de_leitura_vira_registro_nao_validado:147 - [DETRAF_SUCESSO] Não foi possível ler o arquivo [inexistente.csv]: O arquivo não foi encontrado: C:\Users\Btime Soluções\AppData\Local\Temp\pytest-of-Btime Soluções\pytest-17\test_falha_de_leitura_vira_reg0\inexistente.csv — registrando como não validado (ERR_LEITURA_ARQUIVO), sem volumetria.
2026-08-13 13:38:19.133 | INFO    |test_limpeza_e_resultado:test_volumetria_nula_nao_zerada_quando_a_leitura_falha:158 - Iniciando transformação de lote tipo [DETRAF_SUCESSO] com 1 arquivo(s).
2026-08-13 13:38:19.133 | ERROR   |test_limpeza_e_resultado:test_volumetria_nula_nao_zerada_quando_a_leitura_falha:158 - [DETRAF_SUCESSO] Não foi possível ler o arquivo [inexistente.csv]: O arquivo não foi encontrado: C:\Users\Btime Soluções\AppData\Local\Temp\pytest-of-Btime Soluções\pytest-17\test_volumetria_nula_nao_zerad0\inexistente.csv — registrando como não validado (ERR_LEITURA_ARQUIVO), sem volumetria.
2026-08-13 13:38:19.156 | INFO    |test_limpeza_e_resultado:test_arquivo_valido_entra_como_validado:169 - Iniciando transformação de lote tipo [DETRAF_SUCESSO] com 1 arquivo(s).
2026-08-13 13:38:19.173 | INFO    |test_limpeza_e_resultado:test_lote_de_erro_recebe_codigo:179 - Iniciando transformação de lote tipo [EXPECTATIVA_ERRO] com 1 arquivo(s).
2026-08-13 13:38:19.190 | INFO    |test_limpeza_e_resultado:test_tipo_de_lote_desconhecido_e_ignorado_com_aviso:188 - Iniciando transformação de lote tipo [TIPO_INVENTADO] com 1 arquivo(s).
2026-08-13 13:38:19.190 | WARNING |test_limpeza_e_resultado:test_tipo_de_lote_desconhecido_e_ignorado_com_aviso:188 - Tipo de lote desconhecido: TIPO_INVENTADO. Ignorando arquivo.
2026-08-13 13:38:19.198 | INFO    |test_limpeza_e_resultado:test_um_arquivo_ruim_nao_impede_os_demais:198 - Iniciando transformação de lote tipo [DETRAF_SUCESSO] com 2 arquivo(s).
2026-08-13 13:38:19.199 | ERROR   |test_limpeza_e_resultado:test_um_arquivo_ruim_nao_impede_os_demais:198 - [DETRAF_SUCESSO] Não foi possível ler o arquivo [inexistente.csv]: O arquivo não foi encontrado: C:\Users\Btime Soluções\AppData\Local\Temp\pytest-of-Btime Soluções\pytest-17\test_um_arquivo_ruim_nao_imped0\inexistente.csv — registrando como não validado (ERR_LEITURA_ARQUIVO), sem volumetria.
2026-08-13 13:38:19.216 | INFO    |test_limpeza_e_resultado:test_cada_tipo_de_lote_vira_um_valor_do_enum:253 - Iniciando transformação de lote tipo [DETRAF_SUCESSO] com 1 arquivo(s).
2026-08-13 13:38:19.232 | INFO    |test_limpeza_e_resultado:test_cada_tipo_de_lote_vira_um_valor_do_enum:253 - Iniciando transformação de lote tipo [DETRAF_ERRO] com 1 arquivo(s).
2026-08-13 13:38:19.248 | INFO    |test_limpeza_e_resultado:test_cada_tipo_de_lote_vira_um_valor_do_enum:253 - Iniciando transformação de lote tipo [EXPECTATIVA_SUCESSO] com 1 arquivo(s).
2026-08-13 13:38:19.265 | INFO    |test_limpeza_e_resultado:test_cada_tipo_de_lote_vira_um_valor_do_enum:253 - Iniciando transformação de lote tipo [EXPECTATIVA_ERRO] com 1 arquivo(s).
2026-08-13 13:38:19.282 | INFO    |test_limpeza_e_resultado:test_detraf_reprovado_nao_vira_erro:269 - Iniciando transformação de lote tipo [DETRAF_ERRO] com 1 arquivo(s).
2026-08-13 13:38:19.329 | INFO    |test_nao_responde_mais_email:test_continua_renomeando_o_invalido_para_erro:62 - Renomeando 1 arquivos inválidos adicionando _ERRO
2026-08-13 13:38:19.339 | INFO    |test_varredura_de_arquivos:test_expectativa_none_acusa_a_variavel:46 - [STEP] Iniciando: ValidacaoDetrafsService._preparar_arquivos_expectativa
2026-08-13 13:38:19.339 | INFO    |comum.utils.decoradores:wrapper:22 - Preparando os arquivos de expectativa para validação...
2026-08-13 13:38:19.340 | INFO    |test_varredura_de_arquivos:test_expectativa_none_acusa_a_variavel:46 - [STEP] Finalizando: ValidacaoDetrafsService._preparar_arquivos_expectativa | Tempo gasto: 0.0s
2026-08-13 13:38:19.345 | INFO    |test_varredura_de_arquivos:test_expectativa_none_tambem_no_batimento:55 - Preparando os arquivos de expectativa para validação...
2026-08-13 13:38:19.351 | INFO    |test_varredura_de_arquivos:test_raiz_apontando_para_lugar_inexistente_e_erro:65 - [STEP] Iniciando: ValidacaoDetrafsService._preparar_arquivos_expectativa
2026-08-13 13:38:19.351 | INFO    |comum.utils.decoradores:wrapper:22 - Preparando os arquivos de expectativa para validação...
2026-08-13 13:38:19.352 | INFO    |test_varredura_de_arquivos:test_raiz_apontando_para_lugar_inexistente_e_erro:65 - [STEP] Finalizando: ValidacaoDetrafsService._preparar_arquivos_expectativa | Tempo gasto: 0.0s
2026-08-13 13:38:19.360 | INFO    |test_varredura_de_arquivos:test_encontra_o_arquivo_na_subpasta_correta:81 - [STEP] Iniciando: ValidacaoDetrafsService._preparar_arquivos_detrafs
2026-08-13 13:38:19.360 | INFO    |comum.utils.decoradores:wrapper:22 - Preparando os detrafs para validação...
2026-08-13 13:38:19.361 | INFO    |comum.utils.decoradores:wrapper:22 - Iniciando busca de arquivos para o período 202507 no diretório: 'C:\Users\Btime Soluções\AppData\Local\Temp\pytest-of-Btime Soluções\pytest-17\test_encontra_o_arquivo_na_sub0\Operadoras'
2026-08-13 13:38:19.362 | INFO    |comum.utils.decoradores:wrapper:22 - Varrendo arquivos da operadora: [CLARO]
2026-08-13 13:38:19.363 | INFO    |comum.utils.decoradores:wrapper:22 - Mapeamento concluído com sucesso. Total de operadoras processadas com dados: 1. Total geral de arquivos encontrados: 1
2026-08-13 13:38:19.363 | INFO    |comum.utils.decoradores:wrapper:22 - -> Operadora [CLARO]: 1 arquivo(s) encontrado(s)
2026-08-13 13:38:19.364 | INFO    |src.services.validacao_detrafs:_preparar_arquivos_detrafs:170 - Filtro de Histórico concluído para o período 202507.
2026-08-13 13:38:19.364 | INFO    |src.services.validacao_detrafs:_preparar_arquivos_detrafs:170 - Arquivos originais recebidos: 1
2026-08-13 13:38:19.365 | INFO    |src.services.validacao_detrafs:_preparar_arquivos_detrafs:170 - Arquivos já processados anteriormente (encontrados no JSON): 0
2026-08-13 13:38:19.365 | INFO    |src.services.validacao_detrafs:_preparar_arquivos_detrafs:170 - Novos arquivos retornados para execução: 1
2026-08-13 13:38:19.365 | INFO    |test_varredura_de_arquivos:test_encontra_o_arquivo_na_subpasta_correta:81 - [STEP] Finalizando: ValidacaoDetrafsService._preparar_arquivos_detrafs | Tempo gasto: 0.01s
2026-08-13 13:38:19.372 | INFO    |test_varredura_de_arquivos:test_arquivo_fora_da_subpasta_nao_conta:94 - [STEP] Iniciando: ValidacaoDetrafsService._preparar_arquivos_detrafs
2026-08-13 13:38:19.373 | INFO    |comum.utils.decoradores:wrapper:22 - Preparando os detrafs para validação...
2026-08-13 13:38:19.373 | INFO    |comum.utils.decoradores:wrapper:22 - Iniciando busca de arquivos para o período 202507 no diretório: 'C:\Users\Btime Soluções\AppData\Local\Temp\pytest-of-Btime Soluções\pytest-17\test_arquivo_fora_da_subpasta_0\Operadoras'
2026-08-13 13:38:19.374 | INFO    |comum.utils.decoradores:wrapper:22 - Mapeamento concluído com sucesso. Total de operadoras processadas com dados: 0. Total geral de arquivos encontrados: 0
2026-08-13 13:38:19.375 | INFO    |src.services.validacao_detrafs:_preparar_arquivos_detrafs:170 - Filtro de Histórico concluído para o período 202507.
2026-08-13 13:38:19.375 | INFO    |src.services.validacao_detrafs:_preparar_arquivos_detrafs:170 - Arquivos originais recebidos: 0
2026-08-13 13:38:19.375 | INFO    |src.services.validacao_detrafs:_preparar_arquivos_detrafs:170 - Arquivos já processados anteriormente (encontrados no JSON): 0
2026-08-13 13:38:19.375 | INFO    |src.services.validacao_detrafs:_preparar_arquivos_detrafs:170 - Novos arquivos retornados para execução: 0
2026-08-13 13:38:19.376 | INFO    |test_varredura_de_arquivos:test_arquivo_fora_da_subpasta_nao_conta:94 - [STEP] Finalizando: ValidacaoDetrafsService._preparar_arquivos_detrafs | Tempo gasto: 0.0s
2026-08-13 13:38:19.386 | INFO    |test_varredura_de_arquivos:test_operadora_sem_o_mes_e_registrada_como_sem_detraf:100 - [STEP] Iniciando: ValidacaoDetrafsService._preparar_arquivos_detrafs
2026-08-13 13:38:19.387 | INFO    |comum.utils.decoradores:wrapper:22 - Preparando os detrafs para validação...
2026-08-13 13:38:19.387 | INFO    |comum.utils.decoradores:wrapper:22 - Iniciando busca de arquivos para o período 202507 no diretório: 'C:\Users\Btime Soluções\AppData\Local\Temp\pytest-of-Btime Soluções\pytest-17\test_operadora_sem_o_mes_e_reg0\Operadoras'
2026-08-13 13:38:19.388 | INFO    |comum.utils.decoradores:wrapper:22 - Mapeamento concluído com sucesso. Total de operadoras processadas com dados: 0. Total geral de arquivos encontrados: 0
2026-08-13 13:38:19.388 | INFO    |src.services.validacao_detrafs:_preparar_arquivos_detrafs:170 - Filtro de Histórico concluído para o período 202507.
2026-08-13 13:38:19.388 | INFO    |src.services.validacao_detrafs:_preparar_arquivos_detrafs:170 - Arquivos originais recebidos: 0
2026-08-13 13:38:19.388 | INFO    |src.services.validacao_detrafs:_preparar_arquivos_detrafs:170 - Arquivos já processados anteriormente (encontrados no JSON): 0
2026-08-13 13:38:19.388 | INFO    |src.services.validacao_detrafs:_preparar_arquivos_detrafs:170 - Novos arquivos retornados para execução: 0
2026-08-13 13:38:19.389 | INFO    |test_varredura_de_arquivos:test_operadora_sem_o_mes_e_registrada_como_sem_detraf:100 - [STEP] Finalizando: ValidacaoDetrafsService._preparar_arquivos_detrafs | Tempo gasto: 0.0s
2026-08-13 13:38:19.398 | INFO    |test_varredura_de_arquivos:test_extensao_nao_permitida_e_ignorada:111 - [STEP] Iniciando: ValidacaoDetrafsService._preparar_arquivos_detrafs
2026-08-13 13:38:19.399 | INFO    |comum.utils.decoradores:wrapper:22 - Preparando os detrafs para validação...
2026-08-13 13:38:19.399 | INFO    |comum.utils.decoradores:wrapper:22 - Iniciando busca de arquivos para o período 202507 no diretório: 'C:\Users\Btime Soluções\AppData\Local\Temp\pytest-of-Btime Soluções\pytest-17\test_extensao_nao_permitida_e_0\Operadoras'
2026-08-13 13:38:19.400 | INFO    |comum.utils.decoradores:wrapper:22 - Varrendo arquivos da operadora: [CLARO]
2026-08-13 13:38:19.401 | INFO    |comum.utils.decoradores:wrapper:22 - Mapeamento concluído com sucesso. Total de operadoras processadas com dados: 1. Total geral de arquivos encontrados: 0
2026-08-13 13:38:19.401 | INFO    |comum.utils.decoradores:wrapper:22 - -> Operadora [CLARO]: 0 arquivo(s) encontrado(s)
2026-08-13 13:38:19.402 | INFO    |src.services.validacao_detrafs:_preparar_arquivos_detrafs:170 - Filtro de Histórico concluído para o período 202507.
2026-08-13 13:38:19.402 | INFO    |src.services.validacao_detrafs:_preparar_arquivos_detrafs:170 - Arquivos originais recebidos: 0
2026-08-13 13:38:19.402 | INFO    |src.services.validacao_detrafs:_preparar_arquivos_detrafs:170 - Arquivos já processados anteriormente (encontrados no JSON): 0
2026-08-13 13:38:19.402 | INFO    |src.services.validacao_detrafs:_preparar_arquivos_detrafs:170 - Novos arquivos retornados para execução: 0
2026-08-13 13:38:19.403 | INFO    |test_varredura_de_arquivos:test_extensao_nao_permitida_e_ignorada:111 - [STEP] Finalizando: ValidacaoDetrafsService._preparar_arquivos_detrafs | Tempo gasto: 0.0s
2026-08-13 13:38:19.409 | INFO    |test_varredura_de_arquivos:test_raiz_vazia_devolve_lista_vazia_sem_erro:115 - [STEP] Iniciando: ValidacaoDetrafsService._preparar_arquivos_detrafs
2026-08-13 13:38:19.410 | INFO    |comum.utils.decoradores:wrapper:22 - Preparando os detrafs para validação...
2026-08-13 13:38:19.411 | INFO    |comum.utils.decoradores:wrapper:22 - Iniciando busca de arquivos para o período 202507 no diretório: 'C:\Users\Btime Soluções\AppData\Local\Temp\pytest-of-Btime Soluções\pytest-17\test_raiz_vazia_devolve_lista_0\Operadoras'
2026-08-13 13:38:19.412 | INFO    |comum.utils.decoradores:wrapper:22 - Mapeamento concluído com sucesso. Total de operadoras processadas com dados: 0. Total geral de arquivos encontrados: 0
2026-08-13 13:38:19.412 | INFO    |src.services.validacao_detrafs:_preparar_arquivos_detrafs:170 - Filtro de Histórico concluído para o período 202507.
2026-08-13 13:38:19.413 | INFO    |src.services.validacao_detrafs:_preparar_arquivos_detrafs:170 - Arquivos originais recebidos: 0
2026-08-13 13:38:19.413 | INFO    |src.services.validacao_detrafs:_preparar_arquivos_detrafs:170 - Arquivos já processados anteriormente (encontrados no JSON): 0
2026-08-13 13:38:19.413 | INFO    |src.services.validacao_detrafs:_preparar_arquivos_detrafs:170 - Novos arquivos retornados para execução: 0
2026-08-13 13:38:19.413 | INFO    |test_varredura_de_arquivos:test_raiz_vazia_devolve_lista_vazia_sem_erro:115 - [STEP] Finalizando: ValidacaoDetrafsService._preparar_arquivos_detrafs | Tempo gasto: 0.0s
2026-08-13 13:38:19.424 | INFO    |test_varredura_de_arquivos:test_varre_todas_as_operadoras:121 - [STEP] Iniciando: ValidacaoDetrafsService._preparar_arquivos_detrafs
2026-08-13 13:38:19.424 | INFO    |comum.utils.decoradores:wrapper:22 - Preparando os detrafs para validação...
2026-08-13 13:38:19.425 | INFO    |comum.utils.decoradores:wrapper:22 - Iniciando busca de arquivos para o período 202507 no diretório: 'C:\Users\Btime Soluções\AppData\Local\Temp\pytest-of-Btime Soluções\pytest-17\test_varre_todas_as_operadoras0\Operadoras'
2026-08-13 13:38:19.426 | INFO    |comum.utils.decoradores:wrapper:22 - Varrendo arquivos da operadora: [ALGAR]
2026-08-13 13:38:19.427 | INFO    |comum.utils.decoradores:wrapper:22 - Varrendo arquivos da operadora: [CLARO]
2026-08-13 13:38:19.427 | INFO    |comum.utils.decoradores:wrapper:22 - Mapeamento concluído com sucesso. Total de operadoras processadas com dados: 2. Total geral de arquivos encontrados: 2
2026-08-13 13:38:19.427 | INFO    |comum.utils.decoradores:wrapper:22 - -> Operadora [ALGAR]: 1 arquivo(s) encontrado(s)
2026-08-13 13:38:19.427 | INFO    |comum.utils.decoradores:wrapper:22 - -> Operadora [CLARO]: 1 arquivo(s) encontrado(s)
2026-08-13 13:38:19.428 | INFO    |src.services.validacao_detrafs:_preparar_arquivos_detrafs:170 - Filtro de Histórico concluído para o período 202507.
2026-08-13 13:38:19.429 | INFO    |src.services.validacao_detrafs:_preparar_arquivos_detrafs:170 - Arquivos originais recebidos: 2
2026-08-13 13:38:19.429 | INFO    |src.services.validacao_detrafs:_preparar_arquivos_detrafs:170 - Arquivos já processados anteriormente (encontrados no JSON): 0
2026-08-13 13:38:19.429 | INFO    |src.services.validacao_detrafs:_preparar_arquivos_detrafs:170 - Novos arquivos retornados para execução: 2
2026-08-13 13:38:19.429 | INFO    |test_varredura_de_arquivos:test_varre_todas_as_operadoras:121 - [STEP] Finalizando: ValidacaoDetrafsService._preparar_arquivos_detrafs | Tempo gasto: 0.01s
2026-08-13 13:38:19.434 | INFO    |test_varredura_de_arquivos:test_agrupa_pelo_eot_credora:145 - Iniciando mapeamento de operadoras para 1 arquivo(s).
2026-08-13 13:38:19.442 | INFO    |test_varredura_de_arquivos:test_arquivo_de_zero_byte_vai_para_nao_identificada:166 - Iniciando mapeamento de operadoras para 1 arquivo(s).
2026-08-13 13:38:19.443 | WARNING |comum.arquivos.gerenciador:carregar_dados:120 - Nenhum separador reconhecido nas primeiras 20 linhas de [C:\Users\Btime Soluções\AppData\Local\Temp\pytest-of-Btime Soluções\pytest-17\test_arquivo_de_zero_byte_vai_0\vazio.csv] — assumindo ';'. Se o arquivo usar outro, ele será lido como coluna única e reprovado na validação.
2026-08-13 13:38:19.445 | ERROR   |test_varredura_de_arquivos:test_arquivo_de_zero_byte_vai_para_nao_identificada:166 - Erro crítico ao tentar mapear operadora do arquivo vazio.csv: Erro ao processar a leitura do arquivo C:\Users\Btime Soluções\AppData\Local\Temp\pytest-of-Btime Soluções\pytest-17\test_arquivo_de_zero_byte_vai_0\vazio.csv: No columns to parse from file
Traceback (most recent call last):
  File "C:\projetos\MVP2\MVP2\MVP2\DETRAF-UNIFICADO\unificado\comum\arquivos\gerenciador.py", line 121, in carregar_dados
    df = pd.read_csv(
  File "C:\Users\Btime Soluções\AppData\Local\Programs\Python\Python314\Lib\site-packages\pandas\io\parsers\readers.py", line 873, in read_csv
    return _read(filepath_or_buffer, kwds)
  File "C:\Users\Btime Soluções\AppData\Local\Programs\Python\Python314\Lib\site-packages\pandas\io\parsers\readers.py", line 300, in _read
    parser = TextFileReader(filepath_or_buffer, **kwds)
  File "C:\Users\Btime Soluções\AppData\Local\Programs\Python\Python314\Lib\site-packages\pandas\io\parsers\readers.py", line 1645, in __init__
    self._engine = self._make_engine(f, self.engine)
  File "C:\Users\Btime Soluções\AppData\Local\Programs\Python\Python314\Lib\site-packages\pandas\io\parsers\readers.py", line 1922, in _make_engine
    return mapping[engine](f, **self.options)
  File "C:\Users\Btime Soluções\AppData\Local\Programs\Python\Python314\Lib\site-packages\pandas\io\parsers\c_parser_wrapper.py", line 95, in __init__
    self._reader = parsers.TextReader(src, **kwds)
  File "pandas/_libs/parsers.pyx", line 575, in pandas._libs.parsers.TextReader.__cinit__
pandas.errors.EmptyDataError: No columns to parse from file

During handling of the above exception, another exception occurred:

Traceback (most recent call last):
  File "<string>", line 5, in <module>
  File "C:\Users\Btime Soluções\AppData\Local\Programs\Python\Python314\Lib\site-packages\_pytest\config\__init__.py", line 201, in main
    return _main(args=args, plugins=plugins, prog="pytest.main()")
  File "C:\Users\Btime Soluções\AppData\Local\Programs\Python\Python314\Lib\site-packages\_pytest\config\__init__.py", line 229, in _main
    ret: ExitCode | int = config.hook.pytest_cmdline_main(config=config)
  File "C:\Users\Btime Soluções\AppData\Local\Programs\Python\Python314\Lib\site-packages\pluggy\_hooks.py", line 512, in __call__
    return self._hookexec(self.name, self._hookimpls.copy(), kwargs, firstresult)
  File "C:\Users\Btime Soluções\AppData\Local\Programs\Python\Python314\Lib\site-packages\pluggy\_manager.py", line 120, in _hookexec
    return self._inner_hookexec(hook_name, methods, kwargs, firstresult)
  File "C:\Users\Btime Soluções\AppData\Local\Programs\Python\Python314\Lib\site-packages\pluggy\_callers.py", line 121, in _multicall
    res = hook_impl.function(*args)
  File "C:\Users\Btime Soluções\AppData\Local\Programs\Python\Python314\Lib\site-packages\_pytest\main.py", line 377, in pytest_cmdline_main
    return wrap_session(config, _main)
  File "C:\Users\Btime Soluções\AppData\Local\Programs\Python\Python314\Lib\site-packages\_pytest\main.py", line 330, in wrap_session
    session.exitstatus = doit(config, session) or 0
  File "C:\Users\Btime Soluções\AppData\Local\Programs\Python\Python314\Lib\site-packages\_pytest\main.py", line 384, in _main
    config.hook.pytest_runtestloop(session=session)
  File "C:\Users\Btime Soluções\AppData\Local\Programs\Python\Python314\Lib\site-packages\pluggy\_hooks.py", line 512, in __call__
    return self._hookexec(self.name, self._hookimpls.copy(), kwargs, firstresult)
  File "C:\Users\Btime Soluções\AppData\Local\Programs\Python\Python314\Lib\site-packages\pluggy\_manager.py", line 120, in _hookexec
    return self._inner_hookexec(hook_name, methods, kwargs, firstresult)
  File "C:\Users\Btime Soluções\AppData\Local\Programs\Python\Python314\Lib\site-packages\pluggy\_callers.py", line 121, in _multicall
    res = hook_impl.function(*args)
  File "C:\Users\Btime Soluções\AppData\Local\Programs\Python\Python314\Lib\site-packages\_pytest\main.py", line 408, in pytest_runtestloop
    item.config.hook.pytest_runtest_protocol(item=item, nextitem=nextitem)
  File "C:\Users\Btime Soluções\AppData\Local\Programs\Python\Python314\Lib\site-packages\pluggy\_hooks.py", line 512, in __call__
    return self._hookexec(self.name, self._hookimpls.copy(), kwargs, firstresult)
  File "C:\Users\Btime Soluções\AppData\Local\Programs\Python\Python314\Lib\site-packages\pluggy\_manager.py", line 120, in _hookexec
    return self._inner_hookexec(hook_name, methods, kwargs, firstresult)
  File "C:\Users\Btime Soluções\AppData\Local\Programs\Python\Python314\Lib\site-packages\pluggy\_callers.py", line 121, in _multicall
    res = hook_impl.function(*args)
  File "C:\Users\Btime Soluções\AppData\Local\Programs\Python\Python314\Lib\site-packages\_pytest\runner.py", line 118, in pytest_runtest_protocol
    runtestprotocol(item, nextitem=nextitem)
  File "C:\Users\Btime Soluções\AppData\Local\Programs\Python\Python314\Lib\site-packages\_pytest\runner.py", line 139, in runtestprotocol
    reports.append(call_and_report(item, "call", log))
  File "C:\Users\Btime Soluções\AppData\Local\Programs\Python\Python314\Lib\site-packages\_pytest\runner.py", line 249, in call_and_report
    call = CallInfo.from_call(
  File "C:\Users\Btime Soluções\AppData\Local\Programs\Python\Python314\Lib\site-packages\_pytest\runner.py", line 361, in from_call
    result: TResult | None = func()
  File "C:\Users\Btime Soluções\AppData\Local\Programs\Python\Python314\Lib\site-packages\_pytest\runner.py", line 250, in <lambda>
    lambda: runtest_hook(item=item, **kwds),
  File "C:\Users\Btime Soluções\AppData\Local\Programs\Python\Python314\Lib\site-packages\pluggy\_hooks.py", line 512, in __call__
    return self._hookexec(self.name, self._hookimpls.copy(), kwargs, firstresult)
  File "C:\Users\Btime Soluções\AppData\Local\Programs\Python\Python314\Lib\site-packages\pluggy\_manager.py", line 120, in _hookexec
    return self._inner_hookexec(hook_name, methods, kwargs, firstresult)
  File "C:\Users\Btime Soluções\AppData\Local\Programs\Python\Python314\Lib\site-packages\pluggy\_callers.py", line 121, in _multicall
    res = hook_impl.function(*args)
  File "C:\Users\Btime Soluções\AppData\Local\Programs\Python\Python314\Lib\site-packages\_pytest\runner.py", line 184, in pytest_runtest_call
    item.runtest()
  File "C:\Users\Btime Soluções\AppData\Local\Programs\Python\Python314\Lib\site-packages\_pytest\python.py", line 1707, in runtest
    self.ihook.pytest_pyfunc_call(pyfuncitem=self)
  File "C:\Users\Btime Soluções\AppData\Local\Programs\Python\Python314\Lib\site-packages\pluggy\_hooks.py", line 512, in __call__
    return self._hookexec(self.name, self._hookimpls.copy(), kwargs, firstresult)
  File "C:\Users\Btime Soluções\AppData\Local\Programs\Python\Python314\Lib\site-packages\pluggy\_manager.py", line 120, in _hookexec
    return self._inner_hookexec(hook_name, methods, kwargs, firstresult)
  File "C:\Users\Btime Soluções\AppData\Local\Programs\Python\Python314\Lib\site-packages\pluggy\_callers.py", line 121, in _multicall
    res = hook_impl.function(*args)
  File "C:\Users\Btime Soluções\AppData\Local\Programs\Python\Python314\Lib\site-packages\_pytest\python.py", line 167, in pytest_pyfunc_call
    result = testfunction(**testargs)
  File "C:\projetos\MVP2\MVP2\MVP2\DETRAF-UNIFICADO\unificado\rpa2_validacao_apuracao\tests\test_varredura_de_arquivos.py", line 166, in test_arquivo_de_zero_byte_vai_para_nao_identificada
    mapa = batimento._mapear_arquivos_por_operadora([caminho])
> File "C:\projetos\MVP2\MVP2\MVP2\DETRAF-UNIFICADO\unificado\rpa2_validacao_apuracao\src\services\batimento_detraf.py", line 175, in _mapear_arquivos_por_operadora
    df = carregar_dados(caminho_arq)
  File "C:\projetos\MVP2\MVP2\MVP2\DETRAF-UNIFICADO\unificado\comum\arquivos\gerenciador.py", line 160, in carregar_dados
    raise RuntimeError(
RuntimeError: Erro ao processar a leitura do arquivo C:\Users\Btime Soluções\AppData\Local\Temp\pytest-of-Btime Soluções\pytest-17\test_arquivo_de_zero_byte_vai_0\vazio.csv: No columns to parse from file
2026-08-13 13:38:19.469 | INFO    |test_varredura_de_arquivos:test_eot_desconhecida_vai_para_nao_identificada:181 - Iniciando mapeamento de operadoras para 1 arquivo(s).
2026-08-13 13:38:19.474 | INFO    |src.services.batimento_detraf:_mapear_arquivos_por_operadora:196 - EOT não encontrado [999]
2026-08-13 13:38:19.474 | ERROR   |test_varredura_de_arquivos:test_eot_desconhecida_vai_para_nao_identificada:181 - Nenhum EOT válido encontrado para o arquivo: desconhecida.csv
2026-08-13 13:38:19.482 | INFO    |test_varredura_de_arquivos:test_pasta_inexistente_e_acusada_pelo_nome:214 - [STEP] Iniciando: ValidacaoDetrafsService._preparar_arquivos_expectativa
2026-08-13 13:38:19.483 | INFO    |comum.utils.decoradores:wrapper:22 - Preparando os arquivos de expectativa para validação...
2026-08-13 13:38:19.483 | ERROR   |src.services.validacao_detrafs:_preparar_arquivos_expectativa:269 - [Q21] Sem expectativa Vivo em [C:\Users\Btime Soluções\AppData\Local\Temp\pytest-of-Btime Soluções\pytest-17\test_pasta_inexistente_e_acusa0\Expectativa\VIVO SP]: não existe. As operadoras desta pasta ficam sem comparação — a variação daria 100% e elas seriam contestadas indevidamente. Confira o conteúdo da pasta antes de considerar a apuração deste mês concluída.
2026-08-13 13:38:19.484 | INFO    |comum.utils.decoradores:wrapper:22 - Mapeamento de expectativa concluído. Total geral de arquivos válidos: 0
2026-08-13 13:38:19.484 | INFO    |src.services.validacao_detrafs:_preparar_arquivos_expectativa:280 - Filtro de Histórico concluído para o período 202507.
2026-08-13 13:38:19.484 | INFO    |src.services.validacao_detrafs:_preparar_arquivos_expectativa:280 - Arquivos originais recebidos: 0
2026-08-13 13:38:19.485 | INFO    |src.services.validacao_detrafs:_preparar_arquivos_expectativa:280 - Arquivos já processados anteriormente (encontrados no JSON): 0
2026-08-13 13:38:19.485 | INFO    |src.services.validacao_detrafs:_preparar_arquivos_expectativa:280 - Novos arquivos retornados para execução: 0
2026-08-13 13:38:19.485 | INFO    |test_varredura_de_arquivos:test_pasta_inexistente_e_acusada_pelo_nome:214 - [STEP] Finalizando: ValidacaoDetrafsService._preparar_arquivos_expectativa | Tempo gasto: 0.0s
2026-08-13 13:38:19.493 | INFO    |test_varredura_de_arquivos:test_pasta_existente_mas_sem_arquivo_valido_tambem_acusa:229 - [STEP] Iniciando: ValidacaoDetrafsService._preparar_arquivos_expectativa
2026-08-13 13:38:19.494 | INFO    |comum.utils.decoradores:wrapper:22 - Preparando os arquivos de expectativa para validação...
2026-08-13 13:38:19.495 | INFO    |comum.utils.decoradores:wrapper:22 - Pasta [VIVO SP] processada -> Válidos: 0 | Inválidos/Ignorados: 1
2026-08-13 13:38:19.495 | ERROR   |src.services.validacao_detrafs:_preparar_arquivos_expectativa:263 - [Q21] Sem expectativa Vivo em [C:\Users\Btime Soluções\AppData\Local\Temp\pytest-of-Btime Soluções\pytest-17\test_pasta_existente_mas_sem_a0\Expectativa\VIVO SP]: existe, mas nenhum dos 1 arquivo(s) passou nos filtros. As operadoras desta pasta ficam sem comparação — a variação daria 100% e elas seriam contestadas indevidamente. Confira o conteúdo da pasta antes de considerar a apuração deste mês concluída.
2026-08-13 13:38:19.496 | INFO    |comum.utils.decoradores:wrapper:22 - Mapeamento de expectativa concluído. Total geral de arquivos válidos: 0
2026-08-13 13:38:19.496 | INFO    |src.services.validacao_detrafs:_preparar_arquivos_expectativa:280 - Filtro de Histórico concluído para o período 202507.
2026-08-13 13:38:19.496 | INFO    |src.services.validacao_detrafs:_preparar_arquivos_expectativa:280 - Arquivos originais recebidos: 0
2026-08-13 13:38:19.497 | INFO    |src.services.validacao_detrafs:_preparar_arquivos_expectativa:280 - Arquivos já processados anteriormente (encontrados no JSON): 0
2026-08-13 13:38:19.497 | INFO    |src.services.validacao_detrafs:_preparar_arquivos_expectativa:280 - Novos arquivos retornados para execução: 0
2026-08-13 13:38:19.497 | INFO    |test_varredura_de_arquivos:test_pasta_existente_mas_sem_arquivo_valido_tambem_acusa:229 - [STEP] Finalizando: ValidacaoDetrafsService._preparar_arquivos_expectativa | Tempo gasto: 0.0s
2026-08-13 13:38:19.505 | INFO    |test_varredura_de_arquivos:test_o_batimento_acusa_do_mesmo_jeito:246 - Preparando os arquivos de expectativa para validação...
2026-08-13 13:38:19.506 | ERROR   |src.services.batimento_detraf:_preparar_arquivos_expectativa:329 - [Q21] Sem expectativa Vivo em [C:\Users\Btime Soluções\AppData\Local\Temp\pytest-of-Btime Soluções\pytest-17\test_o_batimento_acusa_do_mesm0\Expectativa\VIVO SP]: não tem nenhum arquivo aprovado pela validação. As operadoras desta pasta ficam sem comparação — a variação daria 100% e elas seriam contestadas indevidamente. Confira o conteúdo da pasta antes de considerar a apuração deste mês concluída.
2026-08-13 13:38:19.506 | INFO    |test_varredura_de_arquivos:test_o_batimento_acusa_do_mesmo_jeito:246 - Mapeamento de expectativa concluído. Total geral de arquivos válidos: 0
2026-08-13 13:38:19.506 | INFO    |src.services.batimento_detraf:_preparar_arquivos_expectativa:343 - Filtro de Histórico concluído para o período 202507.
2026-08-13 13:38:19.507 | INFO    |src.services.batimento_detraf:_preparar_arquivos_expectativa:343 - Arquivos originais recebidos: 0
2026-08-13 13:38:19.507 | INFO    |src.services.batimento_detraf:_preparar_arquivos_expectativa:343 - Arquivos já processados anteriormente (encontrados no JSON): 0
2026-08-13 13:38:19.507 | INFO    |src.services.batimento_detraf:_preparar_arquivos_expectativa:343 - Novos arquivos retornados para execução: 0
2026-08-13 13:38:19.518 | INFO    |test_varredura_de_arquivos:test_pasta_com_arquivo_valido_nao_acusa:257 - [STEP] Iniciando: ValidacaoDetrafsService._preparar_arquivos_expectativa
2026-08-13 13:38:19.518 | INFO    |comum.utils.decoradores:wrapper:22 - Preparando os arquivos de expectativa para validação...
2026-08-13 13:38:19.519 | INFO    |comum.utils.decoradores:wrapper:22 - Pasta [VIVO SP] processada -> Válidos: 1 | Inválidos/Ignorados: 0
2026-08-13 13:38:19.519 | INFO    |comum.utils.decoradores:wrapper:22 - Mapeamento de expectativa concluído. Total geral de arquivos válidos: 1
2026-08-13 13:38:19.521 | INFO    |src.services.validacao_detrafs:_preparar_arquivos_expectativa:280 - Filtro de Histórico concluído para o período 202507.
2026-08-13 13:38:19.521 | INFO    |src.services.validacao_detrafs:_preparar_arquivos_expectativa:280 - Arquivos originais recebidos: 1
2026-08-13 13:38:19.522 | INFO    |src.services.validacao_detrafs:_preparar_arquivos_expectativa:280 - Arquivos já processados anteriormente (encontrados no JSON): 0
2026-08-13 13:38:19.522 | INFO    |src.services.validacao_detrafs:_preparar_arquivos_expectativa:280 - Novos arquivos retornados para execução: 1
2026-08-13 13:38:19.522 | INFO    |test_varredura_de_arquivos:test_pasta_com_arquivo_valido_nao_acusa:257 - [STEP] Finalizando: ValidacaoDetrafsService._preparar_arquivos_expectativa | Tempo gasto: 0.0s
2026-08-13 13:38:19.533 | INFO    |test_varredura_de_arquivos:test_grava_o_motivo_ao_lado_do_arquivo:286 - [Layout] Motivo da recusa gravado em [DETRAF_D_CLARO_202507_RECUSADO.md].
2026-08-13 13:38:19.544 | INFO    |test_varredura_de_arquivos:test_o_diagnostico_traz_as_linhas_do_arquivo:296 - [Layout] Motivo da recusa gravado em [DETRAF_D_CLARO_202507_RECUSADO.md].
2026-08-13 13:38:19.554 | INFO    |test_varredura_de_arquivos:test_o_diagnostico_cita_a_n3_para_a_expectativa:309 - [Layout] Motivo da recusa gravado em [DETRAF_D_CLARO_202507_RECUSADO.md].
2026-08-13 13:38:19.564 | WARNING |test_varredura_de_arquivos:test_falha_ao_gravar_nao_derruba_a_validacao:327 - [Layout] Não foi possível gravar o diagnóstico da recusa em [C:\Users\Btime Soluções\AppData\Local\Temp\pytest-of-Btime Soluções\pytest-17\test_falha_ao_gravar_nao_derru0\DETRAF_D_CLARO_202507_RECUSADO.md]: pasta somente leitura. O motivo continua no log.
2026-08-13 13:38:28.063 | INFO    |comum.dados.repositorio_cache:__init__:77 - Inicializando conexão com o banco no ambiente [dev]
2026-08-13 13:38:28.064 | INFO    |comum.dados.repositorio_cache:__init__:77 - Utilizando SQLite local [C:\Users\BTIMES~1\AppData\Local\Temp\detraf_epico4_teste_9l21xs1s\TABELAS_DETRAF_TESTE.db]
2026-08-13 13:38:28.345 | INFO    |comum.integracoes.agi:inicializar:355 - [AGI] Encerrando processo em execução: adl.exe (pid 1).
2026-08-13 13:38:28.346 | WARNING |comum.integracoes.agi:inicializar:355 - [AGI] Processos do Portal AIR ainda vivos após 10s: adl.exe.
2026-08-13 13:38:28.346 | INFO    |test_agi_ciclo_de_vida:test_nao_trava_quando_o_lancador_sai:147 - [AGI] Aplicativo aberto a partir de [C:\Users\Btime Soluções\AppData\Local\Temp\pytest-of-Btime Soluções\pytest-18\test_nao_trava_quando_o_lancad0\portal_air_vivo.exe].
2026-08-13 13:38:28.361 | INFO    |test_agi_ciclo_de_vida:test_mata_os_dois_processos_do_portal:184 - [AGI] Encerrando processo em execução: adl.exe (pid 1).
2026-08-13 13:38:28.361 | INFO    |test_agi_ciclo_de_vida:test_mata_os_dois_processos_do_portal:184 - [AGI] Encerrando processo em execução: portal_air_vivo.exe (pid 1).
2026-08-13 13:38:28.370 | INFO    |test_agi_ciclo_de_vida:test_avisa_quando_o_processo_sobrevive_ao_taskkill:203 - [AGI] Encerrando processo em execução: adl.exe (pid 1).
2026-08-13 13:38:28.371 | WARNING |test_agi_ciclo_de_vida:test_avisa_quando_o_processo_sobrevive_ao_taskkill:203 - [AGI] Processos do Portal AIR ainda vivos após 2s: adl.exe.
2026-08-13 13:38:28.382 | INFO    |comum.dados.repositorio_cache:__init__:77 - Inicializando conexão com o banco no ambiente [dev]
2026-08-13 13:38:28.382 | INFO    |comum.dados.repositorio_cache:__init__:77 - Utilizando SQLite local [C:\Users\BTIMES~1\AppData\Local\Temp\detraf_epico4_teste_9l21xs1s\TABELAS_DETRAF_TESTE.db]
2026-08-13 13:38:28.383 | INFO    |comum.dados.repositorio_cache:obter_tabela:214 - Carregando tabela [tbl_anexo5_processado]
2026-08-13 13:38:28.387 | INFO    |comum.dados.repositorio_cache:obter_tabela:214 - Tabela [tbl_anexo5_processado] carregada | Linhas: 3 | Colunas: 6
2026-08-13 13:38:28.387 | INFO    |comum.dados.repositorio_cache:obter_tabela:214 - Carregando tabela [tbl_detraf_tarifas]
2026-08-13 13:38:28.389 | INFO    |comum.dados.repositorio_cache:obter_tabela:214 - Tabela [tbl_detraf_tarifas] carregada | Linhas: 2 | Colunas: 8
2026-08-13 13:38:28.389 | INFO    |comum.dados.repositorio_cache:obter_tabela:214 - Carregando tabela [tbl_rpa_log_detraf_despesa_contestacao]
2026-08-13 13:38:28.391 | INFO    |comum.dados.repositorio_cache:obter_tabela:214 - Tabela [tbl_rpa_log_detraf_despesa_contestacao] carregada | Linhas: 2 | Colunas: 19
2026-08-13 13:38:28.399 | INFO    |comum.dados.repositorio_cache:__init__:77 - Inicializando conexão com o banco no ambiente [dev]
2026-08-13 13:38:28.399 | INFO    |comum.dados.repositorio_cache:__init__:77 - Utilizando SQLite local [C:\Users\BTIMES~1\AppData\Local\Temp\detraf_epico4_teste_9l21xs1s\TABELAS_DETRAF_TESTE.db]
2026-08-13 13:38:28.401 | INFO    |comum.dados.repositorio_cache:obter_tabela:214 - Carregando tabela [tbl_anexo5_processado]
2026-08-13 13:38:28.403 | INFO    |comum.dados.repositorio_cache:obter_tabela:214 - Tabela [tbl_anexo5_processado] carregada | Linhas: 3 | Colunas: 6
2026-08-13 13:38:28.407 | INFO    |test_configuracao_ambiente:test_repositorio_tabelas_valida_eot:41 - EOT não encontrado [999]
2026-08-13 13:38:28.413 | INFO    |comum.dados.repositorio_cache:__init__:77 - Inicializando conexão com o banco no ambiente [dev]
2026-08-13 13:38:28.413 | INFO    |comum.dados.repositorio_cache:__init__:77 - Utilizando SQLite local [C:\Users\BTIMES~1\AppData\Local\Temp\detraf_epico4_teste_9l21xs1s\TABELAS_DETRAF_TESTE.db]
2026-08-13 13:38:28.415 | INFO    |comum.dados.repositorio_cache:obter_tabela:214 - Carregando tabela [tbl_anexo5_processado]
2026-08-13 13:38:28.417 | INFO    |comum.dados.repositorio_cache:obter_tabela:214 - Tabela [tbl_anexo5_processado] carregada | Linhas: 3 | Colunas: 6
2026-08-13 13:38:28.419 | INFO    |test_configuracao_ambiente:test_repositorio_tabelas_obtem_endereco_por_eot:49 - EOT não encontrado para busca de endereço [999]
2026-08-13 13:38:28.430 | WARNING |test_consolidacao:test_listar_arquivos_pasta_inexistente:39 - Pasta de Detrafs inexistente: [C:\Users\Btime Soluções\AppData\Local\Temp\pytest-of-Btime Soluções\pytest-18\test_listar_arquivos_pasta_ine0\nao_existe]
2026-08-13 13:38:28.437 | INFO    |test_consolidacao:test_consolida_e_remove_totais:43 - [STEP] Iniciando: consolidar_detrafs_operadora
2026-08-13 13:38:28.438 | INFO    |src.services.consolidacao_contestacao:consolidar_detrafs_operadora:174 - [Consolidação] 2 arquivo(s) encontrado(s) em [C:\Users\Btime Soluções\AppData\Local\Temp\pytest-of-Btime Soluções\pytest-18\test_consolida_e_remove_totais0\Detrafs Recebidos].
2026-08-13 13:38:28.443 | INFO    |src.services.consolidacao_contestacao:consolidar_detrafs_operadora:177 - [Consolidação] [algar_smp.csv]: 5 linha(s) -> 4 após remover totais.
2026-08-13 13:38:28.449 | INFO    |src.services.consolidacao_contestacao:consolidar_detrafs_operadora:177 - [Consolidação] [algar_stfc.csv]: 4 linha(s) -> 3 após remover totais.
2026-08-13 13:38:28.450 | INFO    |src.services.consolidacao_contestacao:consolidar_detrafs_operadora:177 - [Consolidação] Consolidado: 7 linha(s) de 2 arquivo(s).
2026-08-13 13:38:28.451 | INFO    |test_consolidacao:test_consolida_e_remove_totais:43 - [STEP] Finalizando: consolidar_detrafs_operadora | Tempo gasto: 0.01s
2026-08-13 13:38:28.457 | INFO    |test_consolidacao:test_pasta_vazia_retorna_df_vazio:57 - [STEP] Iniciando: consolidar_detrafs_operadora
2026-08-13 13:38:28.457 | INFO    |src.services.consolidacao_contestacao:consolidar_detrafs_operadora:174 - [Consolidação] 0 arquivo(s) encontrado(s) em [C:\Users\Btime Soluções\AppData\Local\Temp\pytest-of-Btime Soluções\pytest-18\test_pasta_vazia_retorna_df_va0\vazia].
2026-08-13 13:38:28.458 | INFO    |test_consolidacao:test_pasta_vazia_retorna_df_vazio:57 - [STEP] Finalizando: consolidar_detrafs_operadora | Tempo gasto: 0.0s
2026-08-13 13:38:28.464 | INFO    |test_consolidacao:test_fail_fast_colunas_insuficientes:66 - [STEP] Iniciando: consolidar_detrafs_operadora
2026-08-13 13:38:28.465 | INFO    |src.services.consolidacao_contestacao:consolidar_detrafs_operadora:174 - [Consolidação] 1 arquivo(s) encontrado(s) em [C:\Users\Btime Soluções\AppData\Local\Temp\pytest-of-Btime Soluções\pytest-18\test_fail_fast_colunas_insufic0\Detrafs Recebidos].
2026-08-13 13:38:28.465 | WARNING |comum.arquivos.gerenciador:carregar_dados:120 - Nenhum separador reconhecido nas primeiras 20 linhas de [C:\Users\Btime Soluções\AppData\Local\Temp\pytest-of-Btime Soluções\pytest-18\test_fail_fast_colunas_insufic0\Detrafs Recebidos\curto.csv] — assumindo ';'. Se o arquivo usar outro, ele será lido como coluna única e reprovado na validação.
2026-08-13 13:38:28.467 | INFO    |test_consolidacao:test_fail_fast_colunas_insuficientes:66 - [STEP] Finalizando: consolidar_detrafs_operadora | Tempo gasto: 0.0s
2026-08-13 13:38:28.476 | INFO    |test_consolidacao:test_consolida_expectativa_filtra_D_e_remove_totais:94 - [STEP] Iniciando: consolidar_expectativa_vivo
2026-08-13 13:38:28.477 | INFO    |src.services.consolidacao_contestacao:consolidar_expectativa_vivo:207 - [Consolidação] 2 arquivo(s) encontrado(s) em [C:\Users\Btime Soluções\AppData\Local\Temp\pytest-of-Btime Soluções\pytest-18\test_consolida_expectativa_fil0\Detrafs Enviados].
2026-08-13 13:38:28.481 | INFO    |src.services.consolidacao_contestacao:consolidar_expectativa_vivo:211 - [Consolidação] [DETRAF_FINAL_TRP_202605_CTB_STF_VIVO_D.csv]: 4 linha(s) -> 3 após remover totais.
2026-08-13 13:38:28.482 | INFO    |src.services.consolidacao_contestacao:consolidar_expectativa_vivo:211 - [Consolidação] Consolidado: 3 linha(s) de 1 arquivo(s).
2026-08-13 13:38:28.482 | INFO    |test_consolidacao:test_consolida_expectativa_filtra_D_e_remove_totais:94 - [STEP] Finalizando: consolidar_expectativa_vivo | Tempo gasto: 0.01s
2026-08-13 13:38:28.489 | INFO    |test_consolidacao:test_expectativa_truncamento_ate_coluna:103 - [STEP] Iniciando: consolidar_expectativa_vivo
2026-08-13 13:38:28.490 | INFO    |src.services.consolidacao_contestacao:consolidar_expectativa_vivo:207 - [Consolidação] 2 arquivo(s) encontrado(s) em [C:\Users\Btime Soluções\AppData\Local\Temp\pytest-of-Btime Soluções\pytest-18\test_expectativa_truncamento_a0\Detrafs Enviados].
2026-08-13 13:38:28.495 | INFO    |src.services.consolidacao_contestacao:consolidar_expectativa_vivo:211 - [Consolidação] [DETRAF_FINAL_TRP_202605_CTB_STF_VIVO_D.csv]: 4 linha(s) -> 3 após remover totais.
2026-08-13 13:38:28.495 | INFO    |src.services.consolidacao_contestacao:consolidar_expectativa_vivo:211 - [Consolidação] Consolidado: 3 linha(s) de 1 arquivo(s).
2026-08-13 13:38:28.496 | INFO    |test_consolidacao:test_expectativa_truncamento_ate_coluna:103 - [STEP] Finalizando: consolidar_expectativa_vivo | Tempo gasto: 0.01s
2026-08-13 13:38:28.502 | INFO    |test_consolidacao:test_expectativa_sem_arquivo_D_retorna_vazio:114 - [STEP] Iniciando: consolidar_expectativa_vivo
2026-08-13 13:38:28.503 | INFO    |src.services.consolidacao_contestacao:consolidar_expectativa_vivo:207 - [Consolidação] 1 arquivo(s) encontrado(s) em [C:\Users\Btime Soluções\AppData\Local\Temp\pytest-of-Btime Soluções\pytest-18\test_expectativa_sem_arquivo_D0\Detrafs Enviados].
2026-08-13 13:38:28.503 | WARNING |comum.utils.decoradores:wrapper:22 - [Consolidação] Nenhum arquivo de expectativa (_D_) em [C:\Users\Btime Soluções\AppData\Local\Temp\pytest-of-Btime Soluções\pytest-18\test_expectativa_sem_arquivo_D0\Detrafs Enviados].
2026-08-13 13:38:28.503 | INFO    |test_consolidacao:test_expectativa_sem_arquivo_D_retorna_vazio:114 - [STEP] Finalizando: consolidar_expectativa_vivo | Tempo gasto: 0.0s
2026-08-13 13:38:28.507 | INFO    |test_consolidacao:test_montar_resumo_agrupa_por_referencia_e_trafego:134 - [STEP] Iniciando: montar_resumo
2026-08-13 13:38:28.517 | INFO    |comum.utils.decoradores:wrapper:22 - [Consolidação] RESUMO: 2 combinação(ões) Referência/Tráfego.
2026-08-13 13:38:28.517 | INFO    |test_consolidacao:test_montar_resumo_agrupa_por_referencia_e_trafego:134 - [STEP] Finalizando: montar_resumo | Tempo gasto: 0.01s
2026-08-13 13:38:28.521 | INFO    |test_consolidacao:test_montar_resumo_vazio_retorna_df_vazio_com_colunas:142 - [STEP] Iniciando: montar_resumo
2026-08-13 13:38:28.522 | INFO    |test_consolidacao:test_montar_resumo_vazio_retorna_df_vazio_com_colunas:142 - [STEP] Finalizando: montar_resumo | Tempo gasto: 0.0s
2026-08-13 13:38:28.526 | INFO    |comum.dados.repositorio_cache:__init__:77 - Inicializando conexão com o banco no ambiente [dev]
2026-08-13 13:38:28.527 | INFO    |comum.dados.repositorio_cache:__init__:77 - Utilizando SQLite local [C:\Users\BTIMES~1\AppData\Local\Temp\detraf_epico4_teste_9l21xs1s\TABELAS_DETRAF_TESTE.db]
2026-08-13 13:38:28.528 | INFO    |comum.dados.repositorio_cache:obter_tabela:214 - Carregando tabela [tbl_detraf_mapeamento_descritores]
2026-08-13 13:38:28.530 | INFO    |comum.dados.repositorio_cache:obter_tabela:214 - Tabela [tbl_detraf_mapeamento_descritores] carregada | Linhas: 25 | Colunas: 5
2026-08-13 13:38:28.536 | INFO    |test_consolidacao:test_montar_contest_bate_com_exemplo_real_da_carta:176 - [STEP] Iniciando: montar_contest
2026-08-13 13:38:28.560 | INFO    |comum.utils.decoradores:wrapper:22 - [Consolidação] Contest: 1 combinação(ões) analisada(s).
2026-08-13 13:38:28.561 | INFO    |test_consolidacao:test_montar_contest_bate_com_exemplo_real_da_carta:176 - [STEP] Finalizando: montar_contest | Tempo gasto: 0.02s
2026-08-13 13:38:28.567 | INFO    |comum.dados.repositorio_cache:__init__:77 - Inicializando conexão com o banco no ambiente [dev]
2026-08-13 13:38:28.567 | INFO    |comum.dados.repositorio_cache:__init__:77 - Utilizando SQLite local [C:\Users\BTIMES~1\AppData\Local\Temp\detraf_epico4_teste_9l21xs1s\TABELAS_DETRAF_TESTE.db]
2026-08-13 13:38:28.568 | INFO    |comum.dados.repositorio_cache:obter_tabela:214 - Carregando tabela [tbl_detraf_mapeamento_descritores]
2026-08-13 13:38:28.570 | INFO    |comum.dados.repositorio_cache:obter_tabela:214 - Tabela [tbl_detraf_mapeamento_descritores] carregada | Linhas: 25 | Colunas: 5
2026-08-13 13:38:28.576 | INFO    |test_consolidacao:test_montar_contest_variacao_abaixo_do_limiar_marca_N:202 - [STEP] Iniciando: montar_contest
2026-08-13 13:38:28.594 | INFO    |comum.utils.decoradores:wrapper:22 - [Consolidação] Contest: 1 combinação(ões) analisada(s).
2026-08-13 13:38:28.594 | INFO    |test_consolidacao:test_montar_contest_variacao_abaixo_do_limiar_marca_N:202 - [STEP] Finalizando: montar_contest | Tempo gasto: 0.02s
2026-08-13 13:38:28.600 | INFO    |comum.dados.repositorio_cache:__init__:77 - Inicializando conexão com o banco no ambiente [dev]
2026-08-13 13:38:28.601 | INFO    |comum.dados.repositorio_cache:__init__:77 - Utilizando SQLite local [C:\Users\BTIMES~1\AppData\Local\Temp\detraf_epico4_teste_9l21xs1s\TABELAS_DETRAF_TESTE.db]
2026-08-13 13:38:28.601 | INFO    |comum.dados.repositorio_cache:obter_tabela:214 - Carregando tabela [tbl_detraf_mapeamento_descritores]
2026-08-13 13:38:28.604 | INFO    |comum.dados.repositorio_cache:obter_tabela:214 - Tabela [tbl_detraf_mapeamento_descritores] carregada | Linhas: 25 | Colunas: 5
2026-08-13 13:38:28.609 | INFO    |test_consolidacao:test_montar_contest_par_ausente_lado_zerado:217 - [STEP] Iniciando: montar_contest
2026-08-13 13:38:28.623 | INFO    |comum.utils.decoradores:wrapper:22 - [Consolidação] Contest: 1 combinação(ões) analisada(s).
2026-08-13 13:38:28.623 | INFO    |test_consolidacao:test_montar_contest_par_ausente_lado_zerado:217 - [STEP] Finalizando: montar_contest | Tempo gasto: 0.01s
2026-08-13 13:38:28.634 | INFO    |comum.dados.repositorio_cache:__init__:77 - Inicializando conexão com o banco no ambiente [dev]
2026-08-13 13:38:28.635 | INFO    |comum.dados.repositorio_cache:__init__:77 - Utilizando SQLite local [C:\Users\BTIMES~1\AppData\Local\Temp\detraf_epico4_teste_9l21xs1s\TABELAS_DETRAF_TESTE.db]
2026-08-13 13:38:28.635 | INFO    |comum.dados.repositorio_cache:obter_tabela:214 - Carregando tabela [tbl_detraf_mapeamento_descritores]
2026-08-13 13:38:28.638 | INFO    |comum.dados.repositorio_cache:obter_tabela:214 - Tabela [tbl_detraf_mapeamento_descritores] carregada | Linhas: 25 | Colunas: 5
2026-08-13 13:38:28.644 | INFO    |test_consolidacao:test_montar_contest_descritor_nao_mapeado_e_ignorado:232 - [STEP] Iniciando: montar_contest
2026-08-13 13:38:28.646 | INFO    |src.services.consolidacao_contestacao:montar_contest:385 - [Consolidação] 1 linha(s) com descritor não mapeado — ignoradas na aba Contest (AI/09 §7).
2026-08-13 13:38:28.656 | INFO    |comum.utils.decoradores:wrapper:22 - [Consolidação] Contest: 0 combinação(ões) analisada(s).
2026-08-13 13:38:28.656 | INFO    |test_consolidacao:test_montar_contest_descritor_nao_mapeado_e_ignorado:232 - [STEP] Finalizando: montar_contest | Tempo gasto: 0.01s
2026-08-13 13:38:28.663 | INFO    |comum.dados.repositorio_cache:__init__:77 - Inicializando conexão com o banco no ambiente [dev]
2026-08-13 13:38:28.664 | INFO    |comum.dados.repositorio_cache:__init__:77 - Utilizando SQLite local [C:\Users\BTIMES~1\AppData\Local\Temp\detraf_epico4_teste_9l21xs1s\TABELAS_DETRAF_TESTE.db]
2026-08-13 13:38:28.664 | INFO    |comum.dados.repositorio_cache:obter_tabela:214 - Carregando tabela [tbl_detraf_mapeamento_descritores]
2026-08-13 13:38:28.667 | INFO    |comum.dados.repositorio_cache:obter_tabela:214 - Tabela [tbl_detraf_mapeamento_descritores] carregada | Linhas: 25 | Colunas: 5
2026-08-13 13:38:28.672 | INFO    |test_consolidacao:test_montar_contest_descritor_antes_ambiguo_agora_resolvido:246 - [STEP] Iniciando: montar_contest
2026-08-13 13:38:28.685 | INFO    |comum.utils.decoradores:wrapper:22 - [Consolidação] Contest: 1 combinação(ões) analisada(s).
2026-08-13 13:38:28.685 | INFO    |test_consolidacao:test_montar_contest_descritor_antes_ambiguo_agora_resolvido:246 - [STEP] Finalizando: montar_contest | Tempo gasto: 0.01s
2026-08-13 13:38:28.691 | INFO    |comum.dados.repositorio_cache:__init__:77 - Inicializando conexão com o banco no ambiente [dev]
2026-08-13 13:38:28.691 | INFO    |comum.dados.repositorio_cache:__init__:77 - Utilizando SQLite local [C:\Users\BTIMES~1\AppData\Local\Temp\detraf_epico4_teste_9l21xs1s\TABELAS_DETRAF_TESTE.db]
2026-08-13 13:38:28.692 | INFO    |comum.dados.repositorio_cache:obter_tabela:214 - Carregando tabela [tbl_detraf_mapeamento_descritores]
2026-08-13 13:38:28.695 | INFO    |comum.dados.repositorio_cache:obter_tabela:214 - Tabela [tbl_detraf_mapeamento_descritores] carregada | Linhas: 25 | Colunas: 5
2026-08-13 13:38:28.701 | INFO    |test_consolidacao:test_montar_contest_tipo_operacao_opcional:258 - [STEP] Iniciando: montar_contest
2026-08-13 13:38:28.715 | INFO    |comum.utils.decoradores:wrapper:22 - [Consolidação] Contest: 1 combinação(ões) analisada(s).
2026-08-13 13:38:28.715 | INFO    |test_consolidacao:test_montar_contest_tipo_operacao_opcional:258 - [STEP] Finalizando: montar_contest | Tempo gasto: 0.01s
2026-08-13 13:38:28.721 | INFO    |comum.dados.repositorio_cache:__init__:77 - Inicializando conexão com o banco no ambiente [dev]
2026-08-13 13:38:28.722 | INFO    |comum.dados.repositorio_cache:__init__:77 - Utilizando SQLite local [C:\Users\BTIMES~1\AppData\Local\Temp\detraf_epico4_teste_9l21xs1s\TABELAS_DETRAF_TESTE.db]
2026-08-13 13:38:28.723 | INFO    |comum.dados.repositorio_cache:obter_tabela:214 - Carregando tabela [tbl_rpa_log_detraf_despesa_contestacao]
2026-08-13 13:38:28.725 | INFO    |comum.dados.repositorio_cache:obter_tabela:214 - Tabela [tbl_rpa_log_detraf_despesa_contestacao] carregada | Linhas: 2 | Colunas: 19
2026-08-13 13:38:28.770 | INFO    |comum.dados.repositorio_cache:__init__:77 - Inicializando conexão com o banco no ambiente [dev]
2026-08-13 13:38:28.770 | INFO    |comum.dados.repositorio_cache:__init__:77 - Utilizando SQLite local [C:\Users\BTIMES~1\AppData\Local\Temp\detraf_epico4_teste_9l21xs1s\TABELAS_DETRAF_TESTE.db]
2026-08-13 13:38:28.772 | INFO    |comum.dados.repositorio_cache:obter_tabela:214 - Carregando tabela [tbl_rpa_log_detraf_despesa_contestacao]
2026-08-13 13:38:28.775 | INFO    |comum.dados.repositorio_cache:obter_tabela:214 - Tabela [tbl_rpa_log_detraf_despesa_contestacao] carregada | Linhas: 2 | Colunas: 19
2026-08-13 13:38:28.787 | INFO    |comum.dados.repositorio_cache:__init__:77 - Inicializando conexão com o banco no ambiente [dev]
2026-08-13 13:38:28.787 | INFO    |comum.dados.repositorio_cache:__init__:77 - Utilizando SQLite local [C:\Users\BTIMES~1\AppData\Local\Temp\detraf_epico4_teste_9l21xs1s\TABELAS_DETRAF_TESTE.db]
2026-08-13 13:38:28.789 | INFO    |comum.dados.repositorio_cache:obter_tabela:214 - Carregando tabela [tbl_rpa_log_detraf_despesa_contestacao]
2026-08-13 13:38:28.792 | INFO    |comum.dados.repositorio_cache:obter_tabela:214 - Tabela [tbl_rpa_log_detraf_despesa_contestacao] carregada | Linhas: 2 | Colunas: 19
2026-08-13 13:38:28.797 | INFO    |test_contestacao_sinal:test_nao_encontrado_retorna_none:31 - Sinal de contestação não encontrado para [operadora=999, tbra=011, referencia=202507, trafego=202507, remuneracao=TU-RL] — tratado como sem contestação.
2026-08-13 13:38:28.805 | INFO    |comum.dados.repositorio_cache:__init__:77 - Inicializando conexão com o banco no ambiente [dev]
2026-08-13 13:38:28.805 | INFO    |comum.dados.repositorio_cache:__init__:77 - Utilizando SQLite local [C:\Users\BTIMES~1\AppData\Local\Temp\detraf_epico4_teste_9l21xs1s\TABELAS_DETRAF_TESTE.db]
2026-08-13 13:38:28.807 | INFO    |comum.dados.repositorio_cache:obter_tabela:214 - Carregando tabela [tbl_rpa_log_detraf_despesa_contestacao]
2026-08-13 13:38:28.811 | INFO    |comum.dados.repositorio_cache:obter_tabela:214 - Tabela [tbl_rpa_log_detraf_despesa_contestacao] carregada | Linhas: 2 | Colunas: 19
2026-08-13 13:38:28.815 | INFO    |test_contestacao_sinal:test_remuneracao_diferente_nao_encontra:42 - Sinal de contestação não encontrado para [operadora=021, tbra=011, referencia=202507, trafego=202507, remuneracao=OUTRA-REMUNERACAO] — tratado como sem contestação.
2026-08-13 13:38:28.821 | INFO    |comum.dados.repositorio_cache:__init__:77 - Inicializando conexão com o banco no ambiente [dev]
2026-08-13 13:38:28.822 | INFO    |comum.dados.repositorio_cache:__init__:77 - Utilizando SQLite local [C:\Users\BTIMES~1\AppData\Local\Temp\detraf_epico4_teste_9l21xs1s\TABELAS_DETRAF_TESTE.db]
2026-08-13 13:38:28.823 | INFO    |comum.dados.repositorio_cache:obter_tabela:214 - Carregando tabela [tbl_rpa_log_detraf_despesa_contestacao]
2026-08-13 13:38:28.827 | INFO    |comum.dados.repositorio_cache:obter_tabela:214 - Tabela [tbl_rpa_log_detraf_despesa_contestacao] carregada | Linhas: 2 | Colunas: 19
2026-08-13 13:38:28.836 | INFO    |test_encontro_contas:test_preparar_atualizacoes_vazio_retorna_vazio:57 - [STEP] Iniciando: preparar_atualizacoes_despesa_contestacao
2026-08-13 13:38:28.837 | INFO    |test_encontro_contas:test_preparar_atualizacoes_vazio_retorna_vazio:57 - [STEP] Finalizando: preparar_atualizacoes_despesa_contestacao | Tempo gasto: 0.0s
2026-08-13 13:38:28.841 | INFO    |test_encontro_contas:test_preparar_atualizacoes_inclui_todas_independente_de_contestacao_a_enviar:73 - [STEP] Iniciando: preparar_atualizacoes_despesa_contestacao
2026-08-13 13:38:28.844 | INFO    |comum.utils.decoradores:wrapper:22 - [HU-19 Despesa Contestação] 2 atualização(ões) preparada(s).
2026-08-13 13:38:28.845 | INFO    |test_encontro_contas:test_preparar_atualizacoes_inclui_todas_independente_de_contestacao_a_enviar:73 - [STEP] Finalizando: preparar_atualizacoes_despesa_contestacao | Tempo gasto: 0.0s
2026-08-13 13:38:28.849 | INFO    |test_encontro_contas:test_preparar_atualizacoes_monta_a_chave_da_linha:81 - [STEP] Iniciando: preparar_atualizacoes_despesa_contestacao
2026-08-13 13:38:28.851 | INFO    |comum.utils.decoradores:wrapper:22 - [HU-19 Despesa Contestação] 1 atualização(ões) preparada(s).
2026-08-13 13:38:28.851 | INFO    |test_encontro_contas:test_preparar_atualizacoes_monta_a_chave_da_linha:81 - [STEP] Finalizando: preparar_atualizacoes_despesa_contestacao | Tempo gasto: 0.0s
2026-08-13 13:38:28.855 | INFO    |test_encontro_contas:test_preparar_atualizacoes_vb_operadora_e_vb_diferenca_sempre_negativos:101 - [STEP] Iniciando: preparar_atualizacoes_despesa_contestacao
2026-08-13 13:38:28.857 | INFO    |comum.utils.decoradores:wrapper:22 - [HU-19 Despesa Contestação] 2 atualização(ões) preparada(s).
2026-08-13 13:38:28.857 | INFO    |test_encontro_contas:test_preparar_atualizacoes_vb_operadora_e_vb_diferenca_sempre_negativos:101 - [STEP] Finalizando: preparar_atualizacoes_despesa_contestacao | Tempo gasto: 0.0s
2026-08-13 13:38:28.862 | INFO    |test_encontro_contas:test_preparar_atualizacoes_nao_escreve_campos_de_outras_hus:116 - [STEP] Iniciando: preparar_atualizacoes_despesa_contestacao
2026-08-13 13:38:28.864 | INFO    |comum.utils.decoradores:wrapper:22 - [HU-19 Despesa Contestação] 1 atualização(ões) preparada(s).
2026-08-13 13:38:28.865 | INFO    |test_encontro_contas:test_preparar_atualizacoes_nao_escreve_campos_de_outras_hus:116 - [STEP] Finalizando: preparar_atualizacoes_despesa_contestacao | Tempo gasto: 0.0s
2026-08-13 13:38:28.868 | INFO    |test_encontro_contas:test_preparar_atualizacoes_atualiza_os_seis_campos_da_v2_mais_o_942:137 - [STEP] Iniciando: preparar_atualizacoes_despesa_contestacao
2026-08-13 13:38:28.870 | INFO    |comum.utils.decoradores:wrapper:22 - [HU-19 Despesa Contestação] 1 atualização(ões) preparada(s).
2026-08-13 13:38:28.871 | INFO    |test_encontro_contas:test_preparar_atualizacoes_atualiza_os_seis_campos_da_v2_mais_o_942:137 - [STEP] Finalizando: preparar_atualizacoes_despesa_contestacao | Tempo gasto: 0.0s
2026-08-13 13:38:28.874 | INFO    |test_encontro_contas:test_vb_contestacao_so_e_preenchido_na_linha_com_retencao:176 - [STEP] Iniciando: preparar_atualizacoes_despesa_contestacao
2026-08-13 13:38:28.879 | INFO    |comum.utils.decoradores:wrapper:22 - [HU-19 Despesa Contestação] 2 atualização(ões) preparada(s).
2026-08-13 13:38:28.879 | INFO    |test_encontro_contas:test_vb_contestacao_so_e_preenchido_na_linha_com_retencao:176 - [STEP] Finalizando: preparar_atualizacoes_despesa_contestacao | Tempo gasto: 0.0s
2026-08-13 13:38:28.884 | INFO    |test_encontro_contas:test_vb_contestacao_e_negativo_como_o_resto_da_despesa:195 - [STEP] Iniciando: preparar_atualizacoes_despesa_contestacao
2026-08-13 13:38:28.887 | INFO    |comum.utils.decoradores:wrapper:22 - [HU-19 Despesa Contestação] 1 atualização(ões) preparada(s).
2026-08-13 13:38:28.887 | INFO    |test_encontro_contas:test_vb_contestacao_e_negativo_como_o_resto_da_despesa:195 - [STEP] Finalizando: preparar_atualizacoes_despesa_contestacao | Tempo gasto: 0.0s
2026-08-13 13:38:28.891 | INFO    |test_encontro_contas:test_sem_a_leitura_do_sinal_a_coluna_sai_vazia:208 - [STEP] Iniciando: preparar_atualizacoes_despesa_contestacao
2026-08-13 13:38:28.894 | INFO    |comum.utils.decoradores:wrapper:22 - [HU-19 Despesa Contestação] 1 atualização(ões) preparada(s).
2026-08-13 13:38:28.894 | INFO    |test_encontro_contas:test_sem_a_leitura_do_sinal_a_coluna_sai_vazia:208 - [STEP] Finalizando: preparar_atualizacoes_despesa_contestacao | Tempo gasto: 0.0s
2026-08-13 13:38:28.899 | INFO    |test_encontro_contas:test_linha_sem_sinal_algum_nao_recebe_valor:218 - [STEP] Iniciando: preparar_atualizacoes_despesa_contestacao
2026-08-13 13:38:28.902 | INFO    |comum.utils.decoradores:wrapper:22 - [HU-19 Despesa Contestação] 1 atualização(ões) preparada(s).
2026-08-13 13:38:28.902 | INFO    |test_encontro_contas:test_linha_sem_sinal_algum_nao_recebe_valor:218 - [STEP] Finalizando: preparar_atualizacoes_despesa_contestacao | Tempo gasto: 0.0s
2026-08-13 13:38:28.975 | WARNING |test_envio_email_contestacao:test_pasta_inexistente_devolve_nada_sem_levantar:76 - [HU-15] Pasta de contestações não encontrada para OPERADORA_SEM_PASTA/202507: [C:\Users\Btime Soluções\AppData\Local\Temp\pytest-of-Btime Soluções\pytest-18\test_pasta_inexistente_devolve0\Operadoras\OPERADORA_SEM_PASTA\2025\202507\Contestações].
2026-08-13 13:38:28.984 | WARNING |test_envio_email_contestacao:test_env_de_outro_mes_nao_e_confundido:87 - [HU-15] Arquivo _EXP não encontrado: [C:\Users\Btime Soluções\AppData\Local\Temp\pytest-of-Btime Soluções\pytest-18\test_env_de_outro_mes_nao_e_co0\Operadoras\CLARO\2025\202507\Contestações\Base Contestação_CLARO_202507_EXP.xlsx].
2026-08-13 13:38:28.985 | WARNING |test_envio_email_contestacao:test_env_de_outro_mes_nao_e_confundido:87 - [HU-15] Carta CT não encontrada em [C:\Users\Btime Soluções\AppData\Local\Temp\pytest-of-Btime Soluções\pytest-18\test_env_de_outro_mes_nao_e_co0\Operadoras\CLARO\2025\202507\Contestações].
2026-08-13 13:38:28.997 | INFO    |test_envio_email_contestacao:test_duas_cartas_vao_as_duas:103 - [HU-15] 2 cartas para CLARO/202507 — uma por cenário de contestação (Q25). Todas vão anexadas: ['CT - 363.docx', 'CT - 364.docx'].
2026-08-13 13:38:29.009 | INFO    |test_envio_email_contestacao:test_as_duas_cartas_e_o_env_sao_anexados:120 - [STEP] Iniciando: enviar_contestacao
2026-08-13 13:38:29.011 | INFO    |src.services.envio_email_contestacao:enviar_contestacao:349 - [HU-15] 2 cartas para CLARO/202507 — uma por cenário de contestação (Q25). Todas vão anexadas: ['CT - 363.docx', 'CT - 364.docx'].
2026-08-13 13:38:29.012 | INFO    |comum.utils.decoradores:wrapper:22 - [HU-15] Contestação de CLARO/202507 enviada para ['op@exemplo.com'].
2026-08-13 13:38:29.012 | INFO    |test_envio_email_contestacao:test_as_duas_cartas_e_o_env_sao_anexados:120 - [STEP] Finalizando: enviar_contestacao | Tempo gasto: 0.0s
2026-08-13 13:38:29.017 | WARNING |test_envio_email_contestacao:test_sem_arquivo_de_contatos_a_q16_continua_bloqueando:133 - [HU-15] Contatos de 'CLARO' indisponíveis: a tabela de contatos do WebFat ainda não foi informada pelo cliente (pendência Q16), e CAMINHO_CONTATOS_OPERADORAS não está configurado.
2026-08-13 13:38:29.021 | WARNING |test_envio_email_contestacao:test_busca_de_sinalizadas_nao_devolve_nada_sem_controle_de_reenvio:136 - [HU-15] Busca de contestações sinalizadas ainda não ligada: falta a coluna que marca o e-mail como enviado, sem a qual não há proteção contra reenvio.
2026-08-13 13:38:29.029 | INFO    |test_envio_email_contestacao:test_le_os_emails_da_operadora:168 - [HU-15] CLARO: 2 destinatário(s), 0 em cópia.
2026-08-13 13:38:29.035 | INFO    |test_envio_email_contestacao:test_a_grafia_da_pasta_nao_precisa_bater:177 - [HU-15]   claro : 1 destinatário(s), 0 em cópia.
2026-08-13 13:38:29.041 | INFO    |test_envio_email_contestacao:test_comentario_e_linha_em_branco_sao_ignorados:188 - [HU-15] CLARO: 1 destinatário(s), 0 em cópia.
2026-08-13 13:38:29.047 | WARNING |test_envio_email_contestacao:test_operadora_ausente_no_arquivo_nao_envia:194 - [HU-15] 'ALGAR' não tem destinatário em [C:\Users\Btime Soluções\AppData\Local\Temp\pytest-of-Btime Soluções\pytest-18\test_operadora_ausente_no_arqu0\contatos.csv]. O e-mail da contestação não será enviado (pendência Q16).
2026-08-13 13:38:29.052 | ERROR   |test_envio_email_contestacao:test_arquivo_configurado_mas_inexistente_e_erro:208 - [HU-15] Arquivo de contatos não encontrado em [C:\Users\Btime Soluções\AppData\Local\Temp\pytest-of-Btime Soluções\pytest-18\test_arquivo_configurado_mas_i0\nao-existe.csv]. Nenhum e-mail será enviado — confira CAMINHO_CONTATOS_OPERADORAS.
2026-08-13 13:38:29.059 | INFO    |test_envio_email_contestacao:test_com_contato_e_kill_switch_ligado_o_envio_acontece:220 - [STEP] Iniciando: enviar_contestacao
2026-08-13 13:38:29.061 | INFO    |src.services.envio_email_contestacao:enviar_contestacao:348 - [HU-15] CLARO: 1 destinatário(s), 0 em cópia.
2026-08-13 13:38:29.062 | INFO    |comum.utils.decoradores:wrapper:22 - [HU-15] Contestação de CLARO/202507 enviada para ['contestacao@claro.com.br'].
2026-08-13 13:38:29.062 | INFO    |test_envio_email_contestacao:test_com_contato_e_kill_switch_ligado_o_envio_acontece:220 - [STEP] Finalizando: enviar_contestacao | Tempo gasto: 0.0s
2026-08-13 13:38:29.069 | INFO    |test_envio_email_contestacao:test_sem_destinatario_nao_envia_e_acusa:235 - [STEP] Iniciando: enviar_contestacao
2026-08-13 13:38:29.069 | WARNING |src.services.envio_email_contestacao:enviar_contestacao:348 - [HU-15] Contatos de 'CLARO' indisponíveis: a tabela de contatos do WebFat ainda não foi informada pelo cliente (pendência Q16), e CAMINHO_CONTATOS_OPERADORAS não está configurado.
2026-08-13 13:38:29.070 | INFO    |test_envio_email_contestacao:test_sem_destinatario_nao_envia_e_acusa:235 - [STEP] Finalizando: enviar_contestacao | Tempo gasto: 0.0s
2026-08-13 13:38:29.079 | INFO    |test_envio_email_contestacao:test_falta_de_anexo_e_nomeada_no_erro:249 - [STEP] Iniciando: enviar_contestacao
2026-08-13 13:38:29.080 | WARNING |src.services.envio_email_contestacao:enviar_contestacao:349 - [HU-15] Arquivo _EXP não encontrado: [C:\Users\Btime Soluções\AppData\Local\Temp\pytest-of-Btime Soluções\pytest-18\test_falta_de_anexo_e_nomeada_0\Operadoras\CLARO\2025\202507\Contestações\Base Contestação_CLARO_202507_EXP.xlsx].
2026-08-13 13:38:29.081 | WARNING |src.services.envio_email_contestacao:enviar_contestacao:349 - [HU-15] Carta CT não encontrada em [C:\Users\Btime Soluções\AppData\Local\Temp\pytest-of-Btime Soluções\pytest-18\test_falta_de_anexo_e_nomeada_0\Operadoras\CLARO\2025\202507\Contestações].
2026-08-13 13:38:29.081 | INFO    |test_envio_email_contestacao:test_falta_de_anexo_e_nomeada_no_erro:249 - [STEP] Finalizando: enviar_contestacao | Tempo gasto: 0.0s
2026-08-13 13:38:29.088 | INFO    |test_envio_email_contestacao:test_kill_switch_desligado_monta_e_nao_envia:263 - [STEP] Iniciando: enviar_contestacao
2026-08-13 13:38:29.089 | INFO    |comum.utils.decoradores:wrapper:22 - [MODO SEGURO] PERMITIR_ENVIO_EMAIL=false — e-mail montado e não enviado: 'CONTESTAÇÃO_TBRA|CLARO_202507' para ['op@exemplo.com'], anexos ['CT - 363.docx', 'Base Contestação_CLARO_202507_EXP.xlsx'].
2026-08-13 13:38:29.089 | INFO    |test_envio_email_contestacao:test_kill_switch_desligado_monta_e_nao_envia:263 - [STEP] Finalizando: enviar_contestacao | Tempo gasto: 0.0s
2026-08-13 13:38:29.098 | INFO    |test_envio_email_contestacao:test_com_tudo_pronto_envia_carta_e_env:277 - [STEP] Iniciando: enviar_contestacao
2026-08-13 13:38:29.099 | INFO    |comum.utils.decoradores:wrapper:22 - [HU-15] Contestação de CLARO/202507 enviada para ['op@exemplo.com'].
2026-08-13 13:38:29.100 | INFO    |test_envio_email_contestacao:test_com_tudo_pronto_envia_carta_e_env:277 - [STEP] Finalizando: enviar_contestacao | Tempo gasto: 0.0s
2026-08-13 13:38:29.105 | INFO    |test_envio_email_contestacao:test_para_e_cc_sao_separados:316 - [HU-15] CLARO: 2 destinatário(s), 1 em cópia.
2026-08-13 13:38:29.113 | INFO    |test_envio_email_contestacao:test_a_copia_fixa_entra_em_todos:330 - [HU-15] CLARO: 1 destinatário(s), 1 em cópia.
2026-08-13 13:38:29.114 | INFO    |test_envio_email_contestacao:test_a_copia_fixa_entra_em_todos:331 - [HU-15] TIM: 1 destinatário(s), 1 em cópia.
2026-08-13 13:38:29.119 | INFO    |test_envio_email_contestacao:test_a_copia_fixa_nunca_vai_para_o_para:345 - [HU-15] CLARO: 1 destinatário(s), 1 em cópia.
2026-08-13 13:38:29.128 | INFO    |test_envio_email_contestacao:test_o_formato_antigo_de_uma_coluna_continua_valendo:354 - [HU-15] CLARO: 2 destinatário(s), 0 em cópia.
2026-08-13 13:38:29.136 | INFO    |test_envio_email_contestacao:test_endereco_repetido_em_para_e_cc_nao_duplica:363 - [HU-15] CLARO: 1 destinatário(s), 0 em cópia.
2026-08-13 13:38:29.142 | WARNING |test_envio_email_contestacao:test_so_copia_fixa_nao_basta_para_enviar:375 - [HU-15] 'CLARO' não tem destinatário em [C:\Users\Btime Soluções\AppData\Local\Temp\pytest-of-Btime Soluções\pytest-18\test_so_copia_fixa_nao_basta_p0\contatos.csv]. O e-mail da contestação não será enviado (pendência Q16).
2026-08-13 13:38:29.152 | INFO    |test_envio_email_contestacao:test_o_cc_chega_ao_outlook:388 - [STEP] Iniciando: enviar_contestacao
2026-08-13 13:38:29.153 | INFO    |src.services.envio_email_contestacao:enviar_contestacao:348 - [HU-15] CLARO: 1 destinatário(s), 2 em cópia.
2026-08-13 13:38:29.154 | INFO    |comum.utils.decoradores:wrapper:22 - [HU-15] Contestação de CLARO/202507 enviada para ['contestacao@claro.com.br'], em cópia ['gestor@claro.com.br', 'atacado@exemplo.com.br'].
2026-08-13 13:38:29.155 | INFO    |test_envio_email_contestacao:test_o_cc_chega_ao_outlook:388 - [STEP] Finalizando: enviar_contestacao | Tempo gasto: 0.0s
2026-08-13 13:38:29.237 | INFO    |comum.dados.repositorio_cache:__init__:77 - Inicializando conexão com o banco no ambiente [dev]
2026-08-13 13:38:29.237 | INFO    |comum.dados.repositorio_cache:__init__:77 - Utilizando SQLite local [C:\Users\BTIMES~1\AppData\Local\Temp\detraf_epico4_teste_9l21xs1s\TABELAS_DETRAF_TESTE.db]
2026-08-13 13:38:29.246 | INFO    |test_geracao_agi_controller:test_gerar_cont_proc_grava_arquivo_e_regrava_o_sinal:50 - [STEP] Iniciando: GeracaoAgiController.gerar_cont_proc
2026-08-13 13:38:29.247 | INFO    |src.controllers.geracao_agi_controller:gerar_cont_proc:1030 - [STEP] Iniciando: montar_linhas_cont_proc
2026-08-13 13:38:29.247 | INFO    |src.services.geracao_cont_proc:montar_linhas_cont_proc:224 - [STEP] Iniciando: selecionar_linhas_contestadas
2026-08-13 13:38:29.250 | INFO    |comum.dados.repositorio_cache:obter_tabela:214 - Carregando tabela [tbl_rpa_log_detraf_despesa_contestacao]
2026-08-13 13:38:29.255 | INFO    |comum.dados.repositorio_cache:obter_tabela:214 - Tabela [tbl_rpa_log_detraf_despesa_contestacao] carregada | Linhas: 2 | Colunas: 19
2026-08-13 13:38:29.263 | INFO    |comum.utils.decoradores:wrapper:22 - [HU-16 CONT_PROC] 1 linha(s) contestada(s).
2026-08-13 13:38:29.264 | INFO    |src.services.geracao_cont_proc:montar_linhas_cont_proc:224 - [STEP] Finalizando: selecionar_linhas_contestadas | Tempo gasto: 0.02s
2026-08-13 13:38:29.267 | INFO    |comum.utils.decoradores:wrapper:22 - [HU-16 CONT_PROC] 1 linha(s) montada(s) (T-100+T-101 completos).
2026-08-13 13:38:29.267 | INFO    |src.controllers.geracao_agi_controller:gerar_cont_proc:1030 - [STEP] Finalizando: montar_linhas_cont_proc | Tempo gasto: 0.02s
2026-08-13 13:38:29.268 | INFO    |src.controllers.geracao_agi_controller:gerar_cont_proc:1036 - [STEP] Iniciando: gerar_arquivo_cont_proc
2026-08-13 13:38:29.764 | INFO    |comum.utils.decoradores:wrapper:22 - [HU-16 CONT_PROC] Arquivo gravado em [C:\Users\Btime Soluções\AppData\Local\Temp\pytest-of-Btime Soluções\pytest-18\test_gerar_cont_proc_grava_arq0\Claro\2025\202507\AGI\CONT_PROC_MASCARA_Claro_202507.xlsx].
2026-08-13 13:38:29.765 | INFO    |src.controllers.geracao_agi_controller:gerar_cont_proc:1036 - [STEP] Finalizando: gerar_arquivo_cont_proc | Tempo gasto: 0.5s
2026-08-13 13:38:29.765 | INFO    |src.controllers.geracao_agi_controller:gerar_cont_proc:1046 - [STEP] Iniciando: selecionar_linhas_contestadas
2026-08-13 13:38:29.776 | INFO    |comum.utils.decoradores:wrapper:22 - [HU-16 CONT_PROC] 1 linha(s) contestada(s).
2026-08-13 13:38:29.777 | INFO    |src.controllers.geracao_agi_controller:gerar_cont_proc:1046 - [STEP] Finalizando: selecionar_linhas_contestadas | Tempo gasto: 0.01s
2026-08-13 13:38:29.789 | INFO    |comum.dados.repositorio_tabelas:_atualizar_contestacao_em_lote:976 - 1 linha(s) atualizada(s) em [tbl_rpa_log_detraf_despesa_contestacao].
2026-08-13 13:38:29.790 | INFO    |comum.dados.repositorio_cache:recarregar_cache_local:375 - Carregando tabela [tbl_rpa_log_detraf_despesa_contestacao]
2026-08-13 13:38:29.796 | INFO    |comum.dados.repositorio_cache:recarregar_cache_local:375 - Tabela [tbl_rpa_log_detraf_despesa_contestacao] carregada | Linhas: 2 | Colunas: 19
2026-08-13 13:38:29.796 | INFO    |comum.dados.repositorio_tabelas:atualizar_tipo_contestacao:1046 - [HU-16 Writeback tipo_contestacao] 1 linha(s) atualizada(s), 0 chave(s) ausente(s).
2026-08-13 13:38:29.797 | INFO    |test_geracao_agi_controller:test_gerar_cont_proc_grava_arquivo_e_regrava_o_sinal:50 - [STEP] Finalizando: GeracaoAgiController.gerar_cont_proc | Tempo gasto: 0.55s
2026-08-13 13:38:29.818 | INFO    |comum.dados.repositorio_cache:__init__:77 - Inicializando conexão com o banco no ambiente [dev]
2026-08-13 13:38:29.819 | INFO    |comum.dados.repositorio_cache:__init__:77 - Utilizando SQLite local [C:\Users\BTIMES~1\AppData\Local\Temp\detraf_epico4_teste_9l21xs1s\TABELAS_DETRAF_TESTE.db]
2026-08-13 13:38:29.828 | INFO    |test_geracao_agi_controller:test_gerar_cont_proc_sem_contestacao_nao_gera_nem_regrava:67 - [STEP] Iniciando: GeracaoAgiController.gerar_cont_proc
2026-08-13 13:38:29.829 | INFO    |src.controllers.geracao_agi_controller:gerar_cont_proc:1030 - [STEP] Iniciando: montar_linhas_cont_proc
2026-08-13 13:38:29.830 | INFO    |src.services.geracao_cont_proc:montar_linhas_cont_proc:224 - [STEP] Iniciando: selecionar_linhas_contestadas
2026-08-13 13:38:29.833 | INFO    |comum.dados.repositorio_cache:obter_tabela:214 - Carregando tabela [tbl_rpa_log_detraf_despesa_contestacao]
2026-08-13 13:38:29.838 | INFO    |comum.dados.repositorio_cache:obter_tabela:214 - Tabela [tbl_rpa_log_detraf_despesa_contestacao] carregada | Linhas: 2 | Colunas: 19
2026-08-13 13:38:29.845 | INFO    |src.services.geracao_cont_proc:selecionar_linhas_contestadas:144 - Sinal de contestação não encontrado para [operadora=999, tbra=011, referencia=202507, trafego=202507, remuneracao=TU-COM] — tratado como sem contestação.
2026-08-13 13:38:29.848 | INFO    |comum.utils.decoradores:wrapper:22 - [HU-16 CONT_PROC] Nenhuma combinação com sinal do analista (todas 'sem contestação' apesar da variação).
2026-08-13 13:38:29.850 | INFO    |src.services.geracao_cont_proc:montar_linhas_cont_proc:224 - [STEP] Finalizando: selecionar_linhas_contestadas | Tempo gasto: 0.02s
2026-08-13 13:38:29.851 | INFO    |src.controllers.geracao_agi_controller:gerar_cont_proc:1030 - [STEP] Finalizando: montar_linhas_cont_proc | Tempo gasto: 0.02s
2026-08-13 13:38:29.852 | INFO    |src.controllers.geracao_agi_controller:gerar_cont_proc:1036 - [STEP] Iniciando: gerar_arquivo_cont_proc
2026-08-13 13:38:29.852 | INFO    |comum.utils.decoradores:wrapper:22 - [HU-16 CONT_PROC] Nada a gravar (nenhuma linha a contestar).
2026-08-13 13:38:29.853 | INFO    |src.controllers.geracao_agi_controller:gerar_cont_proc:1036 - [STEP] Finalizando: gerar_arquivo_cont_proc | Tempo gasto: 0.0s
2026-08-13 13:38:29.853 | INFO    |test_geracao_agi_controller:test_gerar_cont_proc_sem_contestacao_nao_gera_nem_regrava:67 - [STEP] Finalizando: GeracaoAgiController.gerar_cont_proc | Tempo gasto: 0.03s
2026-08-13 13:38:29.864 | INFO    |comum.dados.repositorio_cache:__init__:77 - Inicializando conexão com o banco no ambiente [dev]
2026-08-13 13:38:29.865 | INFO    |comum.dados.repositorio_cache:__init__:77 - Utilizando SQLite local [C:\Users\BTIMES~1\AppData\Local\Temp\detraf_epico4_teste_9l21xs1s\TABELAS_DETRAF_TESTE.db]
2026-08-13 13:38:29.869 | INFO    |test_geracao_agi_controller:test_atualizar_despesa_contestacao_delega_e_devolve_o_resumo:78 - [STEP] Iniciando: GeracaoAgiController.atualizar_despesa_contestacao
2026-08-13 13:38:29.870 | INFO    |src.controllers.geracao_agi_controller:atualizar_despesa_contestacao:1066 - [STEP] Iniciando: preparar_atualizacoes_despesa_contestacao
2026-08-13 13:38:29.871 | INFO    |comum.dados.repositorio_cache:obter_tabela:214 - Carregando tabela [tbl_rpa_log_detraf_despesa_contestacao]
2026-08-13 13:38:29.877 | INFO    |comum.dados.repositorio_cache:obter_tabela:214 - Tabela [tbl_rpa_log_detraf_despesa_contestacao] carregada | Linhas: 2 | Colunas: 19
2026-08-13 13:38:29.885 | INFO    |comum.utils.decoradores:wrapper:22 - [HU-19 Despesa Contestação] 1 atualização(ões) preparada(s).
2026-08-13 13:38:29.886 | INFO    |src.controllers.geracao_agi_controller:atualizar_despesa_contestacao:1066 - [STEP] Finalizando: preparar_atualizacoes_despesa_contestacao | Tempo gasto: 0.02s
2026-08-13 13:38:29.886 | WARNING |comum.dados.repositorio_tabelas:atualizar_despesa_contestacao:1019 - [HU-19 Despesa Contestação] A tabela 'tbl_rpa_log_detraf_despesa_contestacao' não tem a(s) coluna(s) vb_contestacao — NÃO gravada(s). As demais seguem normalmente. Um ALTER TABLE resolve; ver pendencias-para-o-cliente.md (Q24).
2026-08-13 13:38:29.931 | INFO    |comum.dados.repositorio_tabelas:_atualizar_contestacao_em_lote:976 - 1 linha(s) atualizada(s) em [tbl_rpa_log_detraf_despesa_contestacao].
2026-08-13 13:38:29.932 | INFO    |comum.dados.repositorio_cache:recarregar_cache_local:375 - Carregando tabela [tbl_rpa_log_detraf_despesa_contestacao]
2026-08-13 13:38:29.936 | INFO    |comum.dados.repositorio_cache:recarregar_cache_local:375 - Tabela [tbl_rpa_log_detraf_despesa_contestacao] carregada | Linhas: 2 | Colunas: 19
2026-08-13 13:38:29.937 | INFO    |comum.dados.repositorio_tabelas:atualizar_despesa_contestacao:1019 - [HU-19 Despesa Contestação] 1 linha(s) atualizada(s), 0 chave(s) ausente(s).
2026-08-13 13:38:29.937 | INFO    |test_geracao_agi_controller:test_atualizar_despesa_contestacao_delega_e_devolve_o_resumo:78 - [STEP] Finalizando: GeracaoAgiController.atualizar_despesa_contestacao | Tempo gasto: 0.07s
2026-08-13 13:38:29.948 | INFO    |test_geracao_cont_proc:test_df_vazio_retorna_vazio:48 - [STEP] Iniciando: montar_linhas_cont_proc
2026-08-13 13:38:29.949 | INFO    |src.services.geracao_cont_proc:montar_linhas_cont_proc:224 - [STEP] Iniciando: selecionar_linhas_contestadas
2026-08-13 13:38:29.951 | INFO    |src.services.geracao_cont_proc:montar_linhas_cont_proc:224 - [STEP] Finalizando: selecionar_linhas_contestadas | Tempo gasto: 0.0s
2026-08-13 13:38:29.952 | INFO    |test_geracao_cont_proc:test_df_vazio_retorna_vazio:48 - [STEP] Finalizando: montar_linhas_cont_proc | Tempo gasto: 0.0s
2026-08-13 13:38:29.958 | INFO    |test_geracao_cont_proc:test_exclui_linhas_sem_contestacao_a_enviar:56 - [STEP] Iniciando: montar_linhas_cont_proc
2026-08-13 13:38:29.959 | INFO    |src.services.geracao_cont_proc:montar_linhas_cont_proc:224 - [STEP] Iniciando: selecionar_linhas_contestadas
2026-08-13 13:38:29.961 | INFO    |comum.utils.decoradores:wrapper:22 - [HU-16 CONT_PROC] Nenhuma combinação com 'contestacao_a_enviar'=S.
2026-08-13 13:38:29.963 | INFO    |src.services.geracao_cont_proc:montar_linhas_cont_proc:224 - [STEP] Finalizando: selecionar_linhas_contestadas | Tempo gasto: 0.0s
2026-08-13 13:38:29.964 | INFO    |test_geracao_cont_proc:test_exclui_linhas_sem_contestacao_a_enviar:56 - [STEP] Finalizando: montar_linhas_cont_proc | Tempo gasto: 0.01s
2026-08-13 13:38:29.970 | INFO    |test_geracao_cont_proc:test_exclui_linha_com_flag_s_mas_sem_sinal_do_analista:65 - [STEP] Iniciando: montar_linhas_cont_proc
2026-08-13 13:38:29.971 | INFO    |src.services.geracao_cont_proc:montar_linhas_cont_proc:224 - [STEP] Iniciando: selecionar_linhas_contestadas
2026-08-13 13:38:29.975 | INFO    |comum.utils.decoradores:wrapper:22 - [HU-16 CONT_PROC] Nenhuma combinação com sinal do analista (todas 'sem contestação' apesar da variação).
2026-08-13 13:38:29.976 | INFO    |src.services.geracao_cont_proc:montar_linhas_cont_proc:224 - [STEP] Finalizando: selecionar_linhas_contestadas | Tempo gasto: 0.01s
2026-08-13 13:38:29.978 | INFO    |test_geracao_cont_proc:test_exclui_linha_com_flag_s_mas_sem_sinal_do_analista:65 - [STEP] Finalizando: montar_linhas_cont_proc | Tempo gasto: 0.01s
2026-08-13 13:38:29.985 | INFO    |test_geracao_cont_proc:test_flag_pag_rec_com_retencao:73 - [STEP] Iniciando: montar_linhas_cont_proc
2026-08-13 13:38:29.985 | INFO    |src.services.geracao_cont_proc:montar_linhas_cont_proc:224 - [STEP] Iniciando: selecionar_linhas_contestadas
2026-08-13 13:38:29.989 | INFO    |comum.utils.decoradores:wrapper:22 - [HU-16 CONT_PROC] 1 linha(s) contestada(s).
2026-08-13 13:38:29.990 | INFO    |src.services.geracao_cont_proc:montar_linhas_cont_proc:224 - [STEP] Finalizando: selecionar_linhas_contestadas | Tempo gasto: 0.0s
2026-08-13 13:38:29.994 | INFO    |comum.utils.decoradores:wrapper:22 - [HU-16 CONT_PROC] 1 linha(s) montada(s) (T-100+T-101 completos).
2026-08-13 13:38:29.995 | INFO    |test_geracao_cont_proc:test_flag_pag_rec_com_retencao:73 - [STEP] Finalizando: montar_linhas_cont_proc | Tempo gasto: 0.01s
2026-08-13 13:38:30.003 | INFO    |test_geracao_cont_proc:test_flag_pag_rec_sem_retencao:89 - [STEP] Iniciando: montar_linhas_cont_proc
2026-08-13 13:38:30.003 | INFO    |src.services.geracao_cont_proc:montar_linhas_cont_proc:224 - [STEP] Iniciando: selecionar_linhas_contestadas
2026-08-13 13:38:30.007 | INFO    |comum.utils.decoradores:wrapper:22 - [HU-16 CONT_PROC] 1 linha(s) contestada(s).
2026-08-13 13:38:30.008 | INFO    |src.services.geracao_cont_proc:montar_linhas_cont_proc:224 - [STEP] Finalizando: selecionar_linhas_contestadas | Tempo gasto: 0.0s
2026-08-13 13:38:30.013 | INFO    |comum.utils.decoradores:wrapper:22 - [HU-16 CONT_PROC] 1 linha(s) montada(s) (T-100+T-101 completos).
2026-08-13 13:38:30.013 | INFO    |test_geracao_cont_proc:test_flag_pag_rec_sem_retencao:89 - [STEP] Finalizando: montar_linhas_cont_proc | Tempo gasto: 0.01s
2026-08-13 13:38:30.020 | INFO    |test_geracao_cont_proc:test_multiplas_linhas_mistas:105 - [STEP] Iniciando: montar_linhas_cont_proc
2026-08-13 13:38:30.021 | INFO    |src.services.geracao_cont_proc:montar_linhas_cont_proc:224 - [STEP] Iniciando: selecionar_linhas_contestadas
2026-08-13 13:38:30.026 | INFO    |comum.utils.decoradores:wrapper:22 - [HU-16 CONT_PROC] 1 linha(s) contestada(s).
2026-08-13 13:38:30.027 | INFO    |src.services.geracao_cont_proc:montar_linhas_cont_proc:224 - [STEP] Finalizando: selecionar_linhas_contestadas | Tempo gasto: 0.01s
2026-08-13 13:38:30.031 | INFO    |comum.utils.decoradores:wrapper:22 - [HU-16 CONT_PROC] 1 linha(s) montada(s) (T-100+T-101 completos).
2026-08-13 13:38:30.032 | INFO    |test_geracao_cont_proc:test_multiplas_linhas_mistas:105 - [STEP] Finalizando: montar_linhas_cont_proc | Tempo gasto: 0.01s
2026-08-13 13:38:30.040 | INFO    |test_geracao_cont_proc:test_duracao_e_vlr_bruto_sao_negativos_da_diferenca:133 - [STEP] Iniciando: montar_linhas_cont_proc
2026-08-13 13:38:30.041 | INFO    |src.services.geracao_cont_proc:montar_linhas_cont_proc:224 - [STEP] Iniciando: selecionar_linhas_contestadas
2026-08-13 13:38:30.047 | INFO    |comum.utils.decoradores:wrapper:22 - [HU-16 CONT_PROC] 1 linha(s) contestada(s).
2026-08-13 13:38:30.048 | INFO    |src.services.geracao_cont_proc:montar_linhas_cont_proc:224 - [STEP] Finalizando: selecionar_linhas_contestadas | Tempo gasto: 0.01s
2026-08-13 13:38:30.052 | INFO    |comum.utils.decoradores:wrapper:22 - [HU-16 CONT_PROC] 1 linha(s) montada(s) (T-100+T-101 completos).
2026-08-13 13:38:30.052 | INFO    |test_geracao_cont_proc:test_duracao_e_vlr_bruto_sao_negativos_da_diferenca:133 - [STEP] Finalizando: montar_linhas_cont_proc | Tempo gasto: 0.01s
2026-08-13 13:38:30.061 | INFO    |test_geracao_cont_proc:test_remuneracao_fixa_vem_do_contest:145 - [STEP] Iniciando: montar_linhas_cont_proc
2026-08-13 13:38:30.062 | INFO    |src.services.geracao_cont_proc:montar_linhas_cont_proc:224 - [STEP] Iniciando: selecionar_linhas_contestadas
2026-08-13 13:38:30.068 | INFO    |comum.utils.decoradores:wrapper:22 - [HU-16 CONT_PROC] 1 linha(s) contestada(s).
2026-08-13 13:38:30.069 | INFO    |src.services.geracao_cont_proc:montar_linhas_cont_proc:224 - [STEP] Finalizando: selecionar_linhas_contestadas | Tempo gasto: 0.01s
2026-08-13 13:38:30.072 | INFO    |comum.utils.decoradores:wrapper:22 - [HU-16 CONT_PROC] 1 linha(s) montada(s) (T-100+T-101 completos).
2026-08-13 13:38:30.073 | INFO    |test_geracao_cont_proc:test_remuneracao_fixa_vem_do_contest:145 - [STEP] Finalizando: montar_linhas_cont_proc | Tempo gasto: 0.01s
2026-08-13 13:38:30.081 | INFO    |test_geracao_cont_proc:test_id_modalidade_e_sempre_00:156 - [STEP] Iniciando: montar_linhas_cont_proc
2026-08-13 13:38:30.082 | INFO    |src.services.geracao_cont_proc:montar_linhas_cont_proc:224 - [STEP] Iniciando: selecionar_linhas_contestadas
2026-08-13 13:38:30.087 | INFO    |comum.utils.decoradores:wrapper:22 - [HU-16 CONT_PROC] 1 linha(s) contestada(s).
2026-08-13 13:38:30.088 | INFO    |src.services.geracao_cont_proc:montar_linhas_cont_proc:224 - [STEP] Finalizando: selecionar_linhas_contestadas | Tempo gasto: 0.01s
2026-08-13 13:38:30.092 | INFO    |comum.utils.decoradores:wrapper:22 - [HU-16 CONT_PROC] 1 linha(s) montada(s) (T-100+T-101 completos).
2026-08-13 13:38:30.093 | INFO    |test_geracao_cont_proc:test_id_modalidade_e_sempre_00:156 - [STEP] Finalizando: montar_linhas_cont_proc | Tempo gasto: 0.01s
2026-08-13 13:38:30.103 | INFO    |test_geracao_cont_proc:test_gerar_arquivo_nao_grava_quando_vazio:165 - [STEP] Iniciando: gerar_arquivo_cont_proc
2026-08-13 13:38:30.104 | INFO    |comum.utils.decoradores:wrapper:22 - [HU-16 CONT_PROC] Nada a gravar (nenhuma linha a contestar).
2026-08-13 13:38:30.104 | INFO    |test_geracao_cont_proc:test_gerar_arquivo_nao_grava_quando_vazio:165 - [STEP] Finalizando: gerar_arquivo_cont_proc | Tempo gasto: 0.0s
2026-08-13 13:38:30.116 | INFO    |test_geracao_cont_proc:test_gerar_arquivo_grava_no_caminho_e_nome_corretos:175 - [STEP] Iniciando: montar_linhas_cont_proc
2026-08-13 13:38:30.116 | INFO    |src.services.geracao_cont_proc:montar_linhas_cont_proc:224 - [STEP] Iniciando: selecionar_linhas_contestadas
2026-08-13 13:38:30.122 | INFO    |comum.utils.decoradores:wrapper:22 - [HU-16 CONT_PROC] 1 linha(s) contestada(s).
2026-08-13 13:38:30.123 | INFO    |src.services.geracao_cont_proc:montar_linhas_cont_proc:224 - [STEP] Finalizando: selecionar_linhas_contestadas | Tempo gasto: 0.01s
2026-08-13 13:38:30.127 | INFO    |comum.utils.decoradores:wrapper:22 - [HU-16 CONT_PROC] 1 linha(s) montada(s) (T-100+T-101 completos).
2026-08-13 13:38:30.128 | INFO    |test_geracao_cont_proc:test_gerar_arquivo_grava_no_caminho_e_nome_corretos:175 - [STEP] Finalizando: montar_linhas_cont_proc | Tempo gasto: 0.01s
2026-08-13 13:38:30.128 | INFO    |test_geracao_cont_proc:test_gerar_arquivo_grava_no_caminho_e_nome_corretos:177 - [STEP] Iniciando: gerar_arquivo_cont_proc
2026-08-13 13:38:30.165 | INFO    |comum.utils.decoradores:wrapper:22 - [HU-16 CONT_PROC] Arquivo gravado em [C:\Users\Btime Soluções\AppData\Local\Temp\pytest-of-Btime Soluções\pytest-18\test_gerar_arquivo_grava_no_ca0\Claro\2025\202507\AGI\CONT_PROC_MASCARA_Claro_202507.xlsx].
2026-08-13 13:38:30.166 | INFO    |test_geracao_cont_proc:test_gerar_arquivo_grava_no_caminho_e_nome_corretos:177 - [STEP] Finalizando: gerar_arquivo_cont_proc | Tempo gasto: 0.04s
2026-08-13 13:38:30.172 | INFO    |test_geracao_cont_proc:test_gate_df_vazio_retorna_vazio_com_o_schema_da_chave:203 - [STEP] Iniciando: selecionar_linhas_contestadas
2026-08-13 13:38:30.173 | INFO    |test_geracao_cont_proc:test_gate_df_vazio_retorna_vazio_com_o_schema_da_chave:203 - [STEP] Finalizando: selecionar_linhas_contestadas | Tempo gasto: 0.0s
2026-08-13 13:38:30.181 | INFO    |test_geracao_cont_proc:test_gate_cenario_sem_contestacao_exclui_linha:215 - [STEP] Iniciando: selecionar_linhas_contestadas
2026-08-13 13:38:30.184 | INFO    |comum.utils.decoradores:wrapper:22 - [HU-16 CONT_PROC] Nenhuma combinação com 'contestacao_a_enviar'=S.
2026-08-13 13:38:30.185 | INFO    |test_geracao_cont_proc:test_gate_cenario_sem_contestacao_exclui_linha:215 - [STEP] Finalizando: selecionar_linhas_contestadas | Tempo gasto: 0.0s
2026-08-13 13:38:30.191 | INFO    |test_geracao_cont_proc:test_gate_flag_s_sem_sinal_do_analista_exclui_linha:223 - [STEP] Iniciando: selecionar_linhas_contestadas
2026-08-13 13:38:30.197 | INFO    |comum.utils.decoradores:wrapper:22 - [HU-16 CONT_PROC] Nenhuma combinação com sinal do analista (todas 'sem contestação' apesar da variação).
2026-08-13 13:38:30.199 | INFO    |test_geracao_cont_proc:test_gate_flag_s_sem_sinal_do_analista_exclui_linha:223 - [STEP] Finalizando: selecionar_linhas_contestadas | Tempo gasto: 0.01s
2026-08-13 13:38:30.206 | INFO    |test_geracao_cont_proc:test_gate_cenarios_sem_e_com_retencao_selecionam_a_linha:231 - [STEP] Iniciando: selecionar_linhas_contestadas
2026-08-13 13:38:30.213 | INFO    |comum.utils.decoradores:wrapper:22 - [HU-16 CONT_PROC] 1 linha(s) contestada(s).
2026-08-13 13:38:30.213 | INFO    |test_geracao_cont_proc:test_gate_cenarios_sem_e_com_retencao_selecionam_a_linha:231 - [STEP] Finalizando: selecionar_linhas_contestadas | Tempo gasto: 0.01s
2026-08-13 13:38:30.220 | INFO    |test_geracao_cont_proc:test_gate_cenarios_sem_e_com_retencao_selecionam_a_linha:231 - [STEP] Iniciando: selecionar_linhas_contestadas
2026-08-13 13:38:30.224 | INFO    |comum.utils.decoradores:wrapper:22 - [HU-16 CONT_PROC] 1 linha(s) contestada(s).
2026-08-13 13:38:30.224 | INFO    |test_geracao_cont_proc:test_gate_cenarios_sem_e_com_retencao_selecionam_a_linha:231 - [STEP] Finalizando: selecionar_linhas_contestadas | Tempo gasto: 0.0s
2026-08-13 13:38:30.232 | INFO    |test_geracao_cont_proc:test_gate_preserva_o_indice_do_contest:255 - [STEP] Iniciando: selecionar_linhas_contestadas
2026-08-13 13:38:30.237 | INFO    |comum.utils.decoradores:wrapper:22 - [HU-16 CONT_PROC] 1 linha(s) contestada(s).
2026-08-13 13:38:30.237 | INFO    |test_geracao_cont_proc:test_gate_preserva_o_indice_do_contest:255 - [STEP] Finalizando: selecionar_linhas_contestadas | Tempo gasto: 0.01s
2026-08-13 13:38:30.244 | INFO    |test_geracao_cont_proc:test_gate_consulta_o_sinal_uma_vez_por_chave_unica:285 - [STEP] Iniciando: selecionar_linhas_contestadas
2026-08-13 13:38:30.249 | INFO    |comum.utils.decoradores:wrapper:22 - [HU-16 CONT_PROC] 3 linha(s) contestada(s).
2026-08-13 13:38:30.250 | INFO    |test_geracao_cont_proc:test_gate_consulta_o_sinal_uma_vez_por_chave_unica:285 - [STEP] Finalizando: selecionar_linhas_contestadas | Tempo gasto: 0.01s
2026-08-13 13:38:30.258 | INFO    |test_geracao_env_carta:test_pasta_inexistente_levanta_erro:31 - [STEP] Iniciando: obter_proximo_numero_carta
2026-08-13 13:38:30.260 | INFO    |test_geracao_env_carta:test_pasta_inexistente_levanta_erro:31 - [STEP] Finalizando: obter_proximo_numero_carta | Tempo gasto: 0.0s
2026-08-13 13:38:30.269 | INFO    |test_geracao_env_carta:test_pasta_vazia_levanta_erro:39 - [STEP] Iniciando: obter_proximo_numero_carta
2026-08-13 13:38:30.271 | INFO    |test_geracao_env_carta:test_pasta_vazia_levanta_erro:39 - [STEP] Finalizando: obter_proximo_numero_carta | Tempo gasto: 0.0s
2026-08-13 13:38:30.282 | INFO    |test_geracao_env_carta:test_pasta_sem_carta_reconhecivel_levanta_erro:50 - [STEP] Iniciando: obter_proximo_numero_carta
2026-08-13 13:38:30.284 | INFO    |test_geracao_env_carta:test_pasta_sem_carta_reconhecivel_levanta_erro:50 - [STEP] Finalizando: obter_proximo_numero_carta | Tempo gasto: 0.0s
2026-08-13 13:38:30.310 | INFO    |test_geracao_env_carta:test_pasta_vazia_com_numero_inicial_configurado:65 - [STEP] Iniciando: obter_proximo_numero_carta
2026-08-13 13:38:30.311 | WARNING |comum.utils.decoradores:wrapper:22 - [HU-14] Nenhuma carta CT em [C:\Users\Btime Soluções\AppData\Local\Temp\pytest-of-Btime Soluções\pytest-18\test_pasta_vazia_com_numero_in0\CT\2026] — iniciando a sequência em 500 (CT_NUMERO_INICIAL).
2026-08-13 13:38:30.312 | INFO    |test_geracao_env_carta:test_pasta_vazia_com_numero_inicial_configurado:65 - [STEP] Finalizando: obter_proximo_numero_carta | Tempo gasto: 0.0s
2026-08-13 13:38:30.322 | INFO    |test_geracao_env_carta:test_numero_inicial_nao_sobrepoe_sequencia_existente:78 - [STEP] Iniciando: obter_proximo_numero_carta
2026-08-13 13:38:30.323 | INFO    |comum.utils.decoradores:wrapper:22 - [HU-14] Último número CT encontrado: 362. Próximo: 363.
2026-08-13 13:38:30.323 | INFO    |test_geracao_env_carta:test_numero_inicial_nao_sobrepoe_sequencia_existente:78 - [STEP] Finalizando: obter_proximo_numero_carta | Tempo gasto: 0.0s
2026-08-13 13:38:30.338 | INFO    |test_geracao_env_carta:test_encontra_maior_numero_e_soma_um:87 - [STEP] Iniciando: obter_proximo_numero_carta
2026-08-13 13:38:30.339 | INFO    |comum.utils.decoradores:wrapper:22 - [HU-14] Último número CT encontrado: 362. Próximo: 363.
2026-08-13 13:38:30.340 | INFO    |test_geracao_env_carta:test_encontra_maior_numero_e_soma_um:87 - [STEP] Finalizando: obter_proximo_numero_carta | Tempo gasto: 0.0s
2026-08-13 13:38:30.352 | INFO    |test_geracao_env_carta:test_tolera_variacoes_de_grafia:98 - [STEP] Iniciando: obter_proximo_numero_carta
2026-08-13 13:38:30.354 | INFO    |comum.utils.decoradores:wrapper:22 - [HU-14] Último número CT encontrado: 334. Próximo: 335.
2026-08-13 13:38:30.354 | INFO    |test_geracao_env_carta:test_tolera_variacoes_de_grafia:98 - [STEP] Finalizando: obter_proximo_numero_carta | Tempo gasto: 0.0s
2026-08-13 13:38:30.365 | INFO    |test_geracao_env_carta:test_ignora_arquivos_sem_padrao_ct:107 - [STEP] Iniciando: obter_proximo_numero_carta
2026-08-13 13:38:30.367 | INFO    |comum.utils.decoradores:wrapper:22 - [HU-14] Último número CT encontrado: 100. Próximo: 101.
2026-08-13 13:38:30.367 | INFO    |test_geracao_env_carta:test_ignora_arquivos_sem_padrao_ct:107 - [STEP] Finalizando: obter_proximo_numero_carta | Tempo gasto: 0.0s
2026-08-13 13:38:30.378 | INFO    |src.services.geracao_env_carta:nome_proxima_carta:272 - [STEP] Iniciando: obter_proximo_numero_carta
2026-08-13 13:38:30.379 | INFO    |comum.utils.decoradores:wrapper:22 - [HU-14] Último número CT encontrado: 362. Próximo: 363.
2026-08-13 13:38:30.380 | INFO    |src.services.geracao_env_carta:nome_proxima_carta:272 - [STEP] Finalizando: obter_proximo_numero_carta | Tempo gasto: 0.0s
2026-08-13 13:38:30.386 | INFO    |comum.dados.repositorio_cache:__init__:77 - Inicializando conexão com o banco no ambiente [dev]
2026-08-13 13:38:30.387 | INFO    |comum.dados.repositorio_cache:__init__:77 - Utilizando SQLite local [C:\Users\BTIMES~1\AppData\Local\Temp\detraf_epico4_teste_9l21xs1s\TABELAS_DETRAF_TESTE.db]
2026-08-13 13:38:30.389 | INFO    |comum.dados.repositorio_cache:obter_tabela:214 - Carregando tabela [tbl_detraf_mapeamento_descritores]
2026-08-13 13:38:30.393 | INFO    |comum.dados.repositorio_cache:obter_tabela:214 - Tabela [tbl_detraf_mapeamento_descritores] carregada | Linhas: 25 | Colunas: 5
2026-08-13 13:38:30.403 | INFO    |test_geracao_env_carta:test_montar_abas_env_vazio_quando_sem_contestacao:168 - [STEP] Iniciando: montar_abas_env
2026-08-13 13:38:30.406 | INFO    |comum.utils.decoradores:wrapper:22 - [HU-14 _EXP] Nenhuma linha contestada — abas ficam vazias.
2026-08-13 13:38:30.407 | INFO    |test_geracao_env_carta:test_montar_abas_env_vazio_quando_sem_contestacao:168 - [STEP] Finalizando: montar_abas_env | Tempo gasto: 0.0s
2026-08-13 13:38:30.418 | INFO    |comum.dados.repositorio_cache:__init__:77 - Inicializando conexão com o banco no ambiente [dev]
2026-08-13 13:38:30.419 | INFO    |comum.dados.repositorio_cache:__init__:77 - Utilizando SQLite local [C:\Users\BTIMES~1\AppData\Local\Temp\detraf_epico4_teste_9l21xs1s\TABELAS_DETRAF_TESTE.db]
2026-08-13 13:38:30.420 | INFO    |comum.dados.repositorio_cache:obter_tabela:214 - Carregando tabela [tbl_detraf_mapeamento_descritores]
2026-08-13 13:38:30.424 | INFO    |comum.dados.repositorio_cache:obter_tabela:214 - Tabela [tbl_detraf_mapeamento_descritores] carregada | Linhas: 25 | Colunas: 5
2026-08-13 13:38:30.434 | INFO    |test_geracao_env_carta:test_montar_abas_env_exclui_sem_sinal_do_analista:181 - [STEP] Iniciando: montar_abas_env
2026-08-13 13:38:30.439 | INFO    |comum.utils.decoradores:wrapper:22 - [HU-14 _EXP] Nenhuma linha contestada — abas ficam vazias.
2026-08-13 13:38:30.440 | INFO    |test_geracao_env_carta:test_montar_abas_env_exclui_sem_sinal_do_analista:181 - [STEP] Finalizando: montar_abas_env | Tempo gasto: 0.01s
2026-08-13 13:38:30.451 | INFO    |comum.dados.repositorio_cache:__init__:77 - Inicializando conexão com o banco no ambiente [dev]
2026-08-13 13:38:30.452 | INFO    |comum.dados.repositorio_cache:__init__:77 - Utilizando SQLite local [C:\Users\BTIMES~1\AppData\Local\Temp\detraf_epico4_teste_9l21xs1s\TABELAS_DETRAF_TESTE.db]
2026-08-13 13:38:30.454 | INFO    |comum.dados.repositorio_cache:obter_tabela:214 - Carregando tabela [tbl_detraf_mapeamento_descritores]
2026-08-13 13:38:30.459 | INFO    |comum.dados.repositorio_cache:obter_tabela:214 - Tabela [tbl_detraf_mapeamento_descritores] carregada | Linhas: 25 | Colunas: 5
2026-08-13 13:38:30.472 | INFO    |test_geracao_env_carta:test_montar_abas_env_filtra_contest_e_tbra_corretamente:204 - [STEP] Iniciando: montar_abas_env
2026-08-13 13:38:30.489 | INFO    |comum.utils.decoradores:wrapper:22 - [HU-14 _EXP] Contest: 1 linha(s) contestada(s); TBRA: 1 linha(s) correspondente(s).
2026-08-13 13:38:30.490 | INFO    |test_geracao_env_carta:test_montar_abas_env_filtra_contest_e_tbra_corretamente:204 - [STEP] Finalizando: montar_abas_env | Tempo gasto: 0.02s
2026-08-13 13:38:30.505 | INFO    |test_geracao_env_carta:test_gerar_arquivo_env_nao_grava_quando_vazio:216 - [STEP] Iniciando: gerar_arquivo_env
2026-08-13 13:38:30.505 | INFO    |comum.utils.decoradores:wrapper:22 - [HU-14 _EXP] Nada a gravar (nenhuma linha contestada).
2026-08-13 13:38:30.506 | INFO    |test_geracao_env_carta:test_gerar_arquivo_env_nao_grava_quando_vazio:216 - [STEP] Finalizando: gerar_arquivo_env | Tempo gasto: 0.0s
2026-08-13 13:38:30.517 | INFO    |comum.dados.repositorio_cache:__init__:77 - Inicializando conexão com o banco no ambiente [dev]
2026-08-13 13:38:30.518 | INFO    |comum.dados.repositorio_cache:__init__:77 - Utilizando SQLite local [C:\Users\BTIMES~1\AppData\Local\Temp\detraf_epico4_teste_9l21xs1s\TABELAS_DETRAF_TESTE.db]
2026-08-13 13:38:30.519 | INFO    |comum.dados.repositorio_cache:obter_tabela:214 - Carregando tabela [tbl_detraf_mapeamento_descritores]
2026-08-13 13:38:30.524 | INFO    |comum.dados.repositorio_cache:obter_tabela:214 - Tabela [tbl_detraf_mapeamento_descritores] carregada | Linhas: 25 | Colunas: 5
2026-08-13 13:38:30.539 | INFO    |test_geracao_env_carta:test_gerar_arquivo_env_grava_no_caminho_e_nome_corretos:228 - [STEP] Iniciando: montar_abas_env
2026-08-13 13:38:30.553 | INFO    |comum.utils.decoradores:wrapper:22 - [HU-14 _EXP] Contest: 1 linha(s) contestada(s); TBRA: 1 linha(s) correspondente(s).
2026-08-13 13:38:30.554 | INFO    |test_geracao_env_carta:test_gerar_arquivo_env_grava_no_caminho_e_nome_corretos:228 - [STEP] Finalizando: montar_abas_env | Tempo gasto: 0.02s
2026-08-13 13:38:30.554 | INFO    |test_geracao_env_carta:test_gerar_arquivo_env_grava_no_caminho_e_nome_corretos:231 - [STEP] Iniciando: gerar_arquivo_env
2026-08-13 13:38:30.590 | INFO    |comum.utils.decoradores:wrapper:22 - [HU-14 _EXP] Arquivo gravado em [C:\Users\Btime Soluções\AppData\Local\Temp\pytest-of-Btime Soluções\pytest-18\test_gerar_arquivo_env_grava_n0\Claro\2025\202507\Contestações\Base Contestação_Claro_202507_EXP.xlsx].
2026-08-13 13:38:30.590 | INFO    |test_geracao_env_carta:test_gerar_arquivo_env_grava_no_caminho_e_nome_corretos:231 - [STEP] Finalizando: gerar_arquivo_env | Tempo gasto: 0.04s
2026-08-13 13:38:30.622 | INFO    |test_geracao_env_carta:test_montar_tabelas_carta_vazio:280 - [STEP] Iniciando: montar_tabelas_carta
2026-08-13 13:38:30.623 | INFO    |test_geracao_env_carta:test_montar_tabelas_carta_vazio:280 - [STEP] Finalizando: montar_tabelas_carta | Tempo gasto: 0.0s
2026-08-13 13:38:30.629 | INFO    |test_geracao_env_carta:test_montar_tabelas_carta_agrupa_por_remuneracao:291 - [STEP] Iniciando: montar_tabelas_carta
2026-08-13 13:38:30.639 | INFO    |comum.utils.decoradores:wrapper:22 - [HU-14 Carta] 2 tabela(s) de remuneração montada(s).
2026-08-13 13:38:30.639 | INFO    |test_geracao_env_carta:test_montar_tabelas_carta_agrupa_por_remuneracao:291 - [STEP] Finalizando: montar_tabelas_carta | Tempo gasto: 0.01s
2026-08-13 13:38:30.648 | INFO    |test_geracao_env_carta:test_montar_tabelas_carta_linha_total_soma_valores_numericos:306 - [STEP] Iniciando: montar_tabelas_carta
2026-08-13 13:38:30.656 | INFO    |comum.utils.decoradores:wrapper:22 - [HU-14 Carta] 1 tabela(s) de remuneração montada(s).
2026-08-13 13:38:30.656 | INFO    |test_geracao_env_carta:test_montar_tabelas_carta_linha_total_soma_valores_numericos:306 - [STEP] Finalizando: montar_tabelas_carta | Tempo gasto: 0.01s
2026-08-13 13:38:30.665 | INFO    |test_geracao_env_carta:test_montar_tabelas_carta_variacao_perc_em_branco_no_total:317 - [STEP] Iniciando: montar_tabelas_carta
2026-08-13 13:38:30.672 | INFO    |comum.utils.decoradores:wrapper:22 - [HU-14 Carta] 1 tabela(s) de remuneração montada(s).
2026-08-13 13:38:30.673 | INFO    |test_geracao_env_carta:test_montar_tabelas_carta_variacao_perc_em_branco_no_total:317 - [STEP] Finalizando: montar_tabelas_carta | Tempo gasto: 0.01s
2026-08-13 13:38:30.681 | INFO    |test_geracao_env_carta:test_montar_tabelas_carta_nao_inclui_coluna_contestacao_a_enviar:327 - [STEP] Iniciando: montar_tabelas_carta
2026-08-13 13:38:30.688 | INFO    |comum.utils.decoradores:wrapper:22 - [HU-14 Carta] 1 tabela(s) de remuneração montada(s).
2026-08-13 13:38:30.689 | INFO    |test_geracao_env_carta:test_montar_tabelas_carta_nao_inclui_coluna_contestacao_a_enviar:327 - [STEP] Finalizando: montar_tabelas_carta | Tempo gasto: 0.01s
2026-08-13 13:38:30.697 | INFO    |test_geracao_env_carta:test_montar_tabelas_carta_expoe_tipo_operacao_quando_uniforme:337 - [STEP] Iniciando: montar_tabelas_carta
2026-08-13 13:38:30.703 | INFO    |comum.utils.decoradores:wrapper:22 - [HU-14 Carta] 1 tabela(s) de remuneração montada(s).
2026-08-13 13:38:30.704 | INFO    |test_geracao_env_carta:test_montar_tabelas_carta_expoe_tipo_operacao_quando_uniforme:337 - [STEP] Finalizando: montar_tabelas_carta | Tempo gasto: 0.01s
2026-08-13 13:38:30.721 | INFO    |test_geracao_env_carta:test_renderizar_carta_conteudo_basico:363 - [STEP] Iniciando: montar_tabelas_carta
2026-08-13 13:38:30.729 | INFO    |comum.utils.decoradores:wrapper:22 - [HU-14 Carta] 1 tabela(s) de remuneração montada(s).
2026-08-13 13:38:30.730 | INFO    |test_geracao_env_carta:test_renderizar_carta_conteudo_basico:363 - [STEP] Finalizando: montar_tabelas_carta | Tempo gasto: 0.01s
2026-08-13 13:38:30.731 | INFO    |test_geracao_env_carta:test_renderizar_carta_conteudo_basico:367 - [STEP] Iniciando: renderizar_carta
2026-08-13 13:38:30.771 | INFO    |comum.utils.decoradores:wrapper:22 - [HU-14 Carta] Carta CT-363 renderizada (1 tabela(s)).
2026-08-13 13:38:30.772 | INFO    |test_geracao_env_carta:test_renderizar_carta_conteudo_basico:367 - [STEP] Finalizando: renderizar_carta | Tempo gasto: 0.04s
2026-08-13 13:38:30.781 | INFO    |test_geracao_env_carta:test_renderizar_carta_texto_com_retencao:386 - [STEP] Iniciando: montar_tabelas_carta
2026-08-13 13:38:30.787 | INFO    |comum.utils.decoradores:wrapper:22 - [HU-14 Carta] 1 tabela(s) de remuneração montada(s).
2026-08-13 13:38:30.788 | INFO    |test_geracao_env_carta:test_renderizar_carta_texto_com_retencao:386 - [STEP] Finalizando: montar_tabelas_carta | Tempo gasto: 0.01s
2026-08-13 13:38:30.789 | INFO    |test_geracao_env_carta:test_renderizar_carta_texto_com_retencao:390 - [STEP] Iniciando: renderizar_carta
2026-08-13 13:38:30.830 | INFO    |comum.utils.decoradores:wrapper:22 - [HU-14 Carta] Carta CT-1 renderizada (1 tabela(s)).
2026-08-13 13:38:30.831 | INFO    |test_geracao_env_carta:test_renderizar_carta_texto_com_retencao:390 - [STEP] Finalizando: renderizar_carta | Tempo gasto: 0.04s
2026-08-13 13:38:30.839 | INFO    |test_geracao_env_carta:test_renderizar_carta_sem_cidade_usa_padrao_sao_paulo:406 - [STEP] Iniciando: montar_tabelas_carta
2026-08-13 13:38:30.847 | INFO    |comum.utils.decoradores:wrapper:22 - [HU-14 Carta] 1 tabela(s) de remuneração montada(s).
2026-08-13 13:38:30.847 | INFO    |test_geracao_env_carta:test_renderizar_carta_sem_cidade_usa_padrao_sao_paulo:406 - [STEP] Finalizando: montar_tabelas_carta | Tempo gasto: 0.01s
2026-08-13 13:38:30.848 | INFO    |test_geracao_env_carta:test_renderizar_carta_sem_cidade_usa_padrao_sao_paulo:410 - [STEP] Iniciando: renderizar_carta
2026-08-13 13:38:30.883 | INFO    |comum.utils.decoradores:wrapper:22 - [HU-14 Carta] Carta CT-1 renderizada (1 tabela(s)).
2026-08-13 13:38:30.884 | INFO    |test_geracao_env_carta:test_renderizar_carta_sem_cidade_usa_padrao_sao_paulo:410 - [STEP] Finalizando: renderizar_carta | Tempo gasto: 0.04s
2026-08-13 13:38:30.892 | INFO    |test_geracao_env_carta:test_renderizar_carta_aceita_override_de_cidade:424 - [STEP] Iniciando: montar_tabelas_carta
2026-08-13 13:38:30.900 | INFO    |comum.utils.decoradores:wrapper:22 - [HU-14 Carta] 1 tabela(s) de remuneração montada(s).
2026-08-13 13:38:30.901 | INFO    |test_geracao_env_carta:test_renderizar_carta_aceita_override_de_cidade:424 - [STEP] Finalizando: montar_tabelas_carta | Tempo gasto: 0.01s
2026-08-13 13:38:30.902 | INFO    |test_geracao_env_carta:test_renderizar_carta_aceita_override_de_cidade:428 - [STEP] Iniciando: renderizar_carta
2026-08-13 13:38:30.937 | INFO    |comum.utils.decoradores:wrapper:22 - [HU-14 Carta] Carta CT-1 renderizada (1 tabela(s)).
2026-08-13 13:38:30.937 | INFO    |test_geracao_env_carta:test_renderizar_carta_aceita_override_de_cidade:428 - [STEP] Finalizando: renderizar_carta | Tempo gasto: 0.04s
2026-08-13 13:38:30.950 | INFO    |test_geracao_env_carta:test_gerar_arquivo_carta_grava_no_caminho_e_nome_corretos:446 - [STEP] Iniciando: montar_tabelas_carta
2026-08-13 13:38:30.956 | INFO    |comum.utils.decoradores:wrapper:22 - [HU-14 Carta] 1 tabela(s) de remuneração montada(s).
2026-08-13 13:38:30.957 | INFO    |test_geracao_env_carta:test_gerar_arquivo_carta_grava_no_caminho_e_nome_corretos:446 - [STEP] Finalizando: montar_tabelas_carta | Tempo gasto: 0.01s
2026-08-13 13:38:30.957 | INFO    |test_geracao_env_carta:test_gerar_arquivo_carta_grava_no_caminho_e_nome_corretos:449 - [STEP] Iniciando: renderizar_carta
2026-08-13 13:38:30.993 | INFO    |comum.utils.decoradores:wrapper:22 - [HU-14 Carta] Carta CT-363 renderizada (1 tabela(s)).
2026-08-13 13:38:30.994 | INFO    |test_geracao_env_carta:test_gerar_arquivo_carta_grava_no_caminho_e_nome_corretos:449 - [STEP] Finalizando: renderizar_carta | Tempo gasto: 0.04s
2026-08-13 13:38:30.995 | INFO    |test_geracao_env_carta:test_gerar_arquivo_carta_grava_no_caminho_e_nome_corretos:459 - [STEP] Iniciando: gerar_arquivo_carta
2026-08-13 13:38:31.025 | INFO    |comum.utils.decoradores:wrapper:22 - [HU-14 Carta] Carta gravada em [C:\Users\Btime Soluções\AppData\Local\Temp\pytest-of-Btime Soluções\pytest-18\test_gerar_arquivo_carta_grava0\operadoras\Claro\2026\202606\Contestações\CT - 363.docx], cópia em [C:\Users\Btime Soluções\AppData\Local\Temp\pytest-of-Btime Soluções\pytest-18\test_gerar_arquivo_carta_grava0\controle_ct\2026\CT - 363.docx].
2026-08-13 13:38:31.026 | INFO    |test_geracao_env_carta:test_gerar_arquivo_carta_grava_no_caminho_e_nome_corretos:459 - [STEP] Finalizando: gerar_arquivo_carta | Tempo gasto: 0.03s
2026-08-13 13:38:31.036 | INFO    |test_geracao_env_carta:test_gerar_arquivo_carta_salva_copia_em_controle_ct:474 - [STEP] Iniciando: montar_tabelas_carta
2026-08-13 13:38:31.044 | INFO    |comum.utils.decoradores:wrapper:22 - [HU-14 Carta] 1 tabela(s) de remuneração montada(s).
2026-08-13 13:38:31.045 | INFO    |test_geracao_env_carta:test_gerar_arquivo_carta_salva_copia_em_controle_ct:474 - [STEP] Finalizando: montar_tabelas_carta | Tempo gasto: 0.01s
2026-08-13 13:38:31.046 | INFO    |test_geracao_env_carta:test_gerar_arquivo_carta_salva_copia_em_controle_ct:477 - [STEP] Iniciando: renderizar_carta
2026-08-13 13:38:31.081 | INFO    |comum.utils.decoradores:wrapper:22 - [HU-14 Carta] Carta CT-363 renderizada (1 tabela(s)).
2026-08-13 13:38:31.082 | INFO    |test_geracao_env_carta:test_gerar_arquivo_carta_salva_copia_em_controle_ct:477 - [STEP] Finalizando: renderizar_carta | Tempo gasto: 0.04s
2026-08-13 13:38:31.082 | INFO    |test_geracao_env_carta:test_gerar_arquivo_carta_salva_copia_em_controle_ct:487 - [STEP] Iniciando: gerar_arquivo_carta
2026-08-13 13:38:31.115 | INFO    |comum.utils.decoradores:wrapper:22 - [HU-14 Carta] Carta gravada em [C:\Users\Btime Soluções\AppData\Local\Temp\pytest-of-Btime Soluções\pytest-18\test_gerar_arquivo_carta_salva0\operadoras\Claro\2026\202606\Contestações\CT - 363.docx], cópia em [C:\Users\Btime Soluções\AppData\Local\Temp\pytest-of-Btime Soluções\pytest-18\test_gerar_arquivo_carta_salva0\controle_ct\2026\CT - 363.docx].
2026-08-13 13:38:31.116 | INFO    |test_geracao_env_carta:test_gerar_arquivo_carta_salva_copia_em_controle_ct:487 - [STEP] Finalizando: gerar_arquivo_carta | Tempo gasto: 0.03s
2026-08-13 13:38:31.276 | WARNING |contextlib:__enter__:141 - [HU-14] A trava [.numeracao-ct.lock] continua presa após 0s. Prosseguindo sem ela — provavelmente é resíduo de uma execução interrompida. Se houver outro robô emitindo carta agora, há risco de numeração duplicada.
2026-08-13 13:38:31.289 | INFO    |test_geracao_env_carta:test_a_trava_nao_entra_na_contagem_do_numero:559 - [STEP] Iniciando: obter_proximo_numero_carta
2026-08-13 13:38:31.291 | INFO    |comum.utils.decoradores:wrapper:22 - [HU-14] Último número CT encontrado: 362. Próximo: 363.
2026-08-13 13:38:31.291 | INFO    |test_geracao_env_carta:test_a_trava_nao_entra_na_contagem_do_numero:559 - [STEP] Finalizando: obter_proximo_numero_carta | Tempo gasto: 0.0s
2026-08-13 13:38:31.311 | INFO    |comum.dados.repositorio_cache:__init__:77 - Inicializando conexão com o banco no ambiente [dev]
2026-08-13 13:38:31.312 | INFO    |comum.dados.repositorio_cache:__init__:77 - Utilizando SQLite local [C:\Users\BTIMES~1\AppData\Local\Temp\detraf_epico4_teste_9l21xs1s\TABELAS_DETRAF_TESTE.db]
2026-08-13 13:38:31.314 | INFO    |comum.dados.repositorio_cache:obter_tabela:214 - Carregando tabela [tbl_detraf_mapeamento_descritores]
2026-08-13 13:38:31.318 | INFO    |comum.dados.repositorio_cache:obter_tabela:214 - Tabela [tbl_detraf_mapeamento_descritores] carregada | Linhas: 25 | Colunas: 5
2026-08-13 13:38:31.327 | INFO    |test_geracao_ext:test_montar_linhas_ext_vazio_retorna_vazio:44 - [STEP] Iniciando: montar_linhas_ext
2026-08-13 13:38:31.328 | INFO    |test_geracao_ext:test_montar_linhas_ext_vazio_retorna_vazio:44 - [STEP] Finalizando: montar_linhas_ext | Tempo gasto: 0.0s
2026-08-13 13:38:31.339 | INFO    |comum.dados.repositorio_cache:__init__:77 - Inicializando conexão com o banco no ambiente [dev]
2026-08-13 13:38:31.340 | INFO    |comum.dados.repositorio_cache:__init__:77 - Utilizando SQLite local [C:\Users\BTIMES~1\AppData\Local\Temp\detraf_epico4_teste_9l21xs1s\TABELAS_DETRAF_TESTE.db]
2026-08-13 13:38:31.342 | INFO    |comum.dados.repositorio_cache:obter_tabela:214 - Carregando tabela [tbl_detraf_mapeamento_descritores]
2026-08-13 13:38:31.348 | INFO    |comum.dados.repositorio_cache:obter_tabela:214 - Tabela [tbl_detraf_mapeamento_descritores] carregada | Linhas: 25 | Colunas: 5
2026-08-13 13:38:31.359 | INFO    |test_geracao_ext:test_montar_linhas_ext_cenario_sem_contestacao:54 - [STEP] Iniciando: montar_linhas_ext
2026-08-13 13:38:31.388 | INFO    |comum.utils.decoradores:wrapper:22 - [HU-12 EXT] 1 linha(s) montada(s).
2026-08-13 13:38:31.389 | INFO    |test_geracao_ext:test_montar_linhas_ext_cenario_sem_contestacao:54 - [STEP] Finalizando: montar_linhas_ext | Tempo gasto: 0.03s
2026-08-13 13:38:31.399 | INFO    |comum.dados.repositorio_cache:__init__:77 - Inicializando conexão com o banco no ambiente [dev]
2026-08-13 13:38:31.400 | INFO    |comum.dados.repositorio_cache:__init__:77 - Utilizando SQLite local [C:\Users\BTIMES~1\AppData\Local\Temp\detraf_epico4_teste_9l21xs1s\TABELAS_DETRAF_TESTE.db]
2026-08-13 13:38:31.401 | INFO    |comum.dados.repositorio_cache:obter_tabela:214 - Carregando tabela [tbl_detraf_mapeamento_descritores]
2026-08-13 13:38:31.406 | INFO    |comum.dados.repositorio_cache:obter_tabela:214 - Tabela [tbl_detraf_mapeamento_descritores] carregada | Linhas: 25 | Colunas: 5
2026-08-13 13:38:31.416 | INFO    |test_geracao_ext:test_montar_linhas_ext_cenario_sem_retencao:69 - [STEP] Iniciando: montar_linhas_ext
2026-08-13 13:38:31.425 | INFO    |comum.utils.decoradores:wrapper:22 - [HU-12 EXT] 1 linha(s) montada(s).
2026-08-13 13:38:31.426 | INFO    |test_geracao_ext:test_montar_linhas_ext_cenario_sem_retencao:69 - [STEP] Finalizando: montar_linhas_ext | Tempo gasto: 0.01s
2026-08-13 13:38:31.436 | INFO    |comum.dados.repositorio_cache:__init__:77 - Inicializando conexão com o banco no ambiente [dev]
2026-08-13 13:38:31.437 | INFO    |comum.dados.repositorio_cache:__init__:77 - Utilizando SQLite local [C:\Users\BTIMES~1\AppData\Local\Temp\detraf_epico4_teste_9l21xs1s\TABELAS_DETRAF_TESTE.db]
2026-08-13 13:38:31.438 | INFO    |comum.dados.repositorio_cache:obter_tabela:214 - Carregando tabela [tbl_detraf_mapeamento_descritores]
2026-08-13 13:38:31.443 | INFO    |comum.dados.repositorio_cache:obter_tabela:214 - Tabela [tbl_detraf_mapeamento_descritores] carregada | Linhas: 25 | Colunas: 5
2026-08-13 13:38:31.453 | INFO    |test_geracao_ext:test_montar_linhas_ext_cenario_com_retencao:80 - [STEP] Iniciando: montar_linhas_ext
2026-08-13 13:38:31.463 | INFO    |comum.utils.decoradores:wrapper:22 - [HU-12 EXT] 1 linha(s) montada(s).
2026-08-13 13:38:31.464 | INFO    |test_geracao_ext:test_montar_linhas_ext_cenario_com_retencao:80 - [STEP] Finalizando: montar_linhas_ext | Tempo gasto: 0.01s
2026-08-13 13:38:31.473 | INFO    |comum.dados.repositorio_cache:__init__:77 - Inicializando conexão com o banco no ambiente [dev]
2026-08-13 13:38:31.474 | INFO    |comum.dados.repositorio_cache:__init__:77 - Utilizando SQLite local [C:\Users\BTIMES~1\AppData\Local\Temp\detraf_epico4_teste_9l21xs1s\TABELAS_DETRAF_TESTE.db]
2026-08-13 13:38:31.476 | INFO    |comum.dados.repositorio_cache:obter_tabela:214 - Carregando tabela [tbl_detraf_mapeamento_descritores]
2026-08-13 13:38:31.482 | INFO    |comum.dados.repositorio_cache:obter_tabela:214 - Tabela [tbl_detraf_mapeamento_descritores] carregada | Linhas: 25 | Colunas: 5
2026-08-13 13:38:31.494 | INFO    |test_geracao_ext:test_montar_linhas_ext_descritor_nao_mapeado_mantem_linha:93 - [STEP] Iniciando: montar_linhas_ext
2026-08-13 13:38:31.505 | INFO    |comum.utils.decoradores:wrapper:22 - [HU-12 EXT] 1 linha(s) montada(s).
2026-08-13 13:38:31.506 | INFO    |test_geracao_ext:test_montar_linhas_ext_descritor_nao_mapeado_mantem_linha:93 - [STEP] Finalizando: montar_linhas_ext | Tempo gasto: 0.01s
2026-08-13 13:38:31.517 | INFO    |comum.dados.repositorio_cache:__init__:77 - Inicializando conexão com o banco no ambiente [dev]
2026-08-13 13:38:31.517 | INFO    |comum.dados.repositorio_cache:__init__:77 - Utilizando SQLite local [C:\Users\BTIMES~1\AppData\Local\Temp\detraf_epico4_teste_9l21xs1s\TABELAS_DETRAF_TESTE.db]
2026-08-13 13:38:31.519 | INFO    |comum.dados.repositorio_cache:obter_tabela:214 - Carregando tabela [tbl_detraf_mapeamento_descritores]
2026-08-13 13:38:31.523 | INFO    |comum.dados.repositorio_cache:obter_tabela:214 - Tabela [tbl_detraf_mapeamento_descritores] carregada | Linhas: 25 | Colunas: 5
2026-08-13 13:38:31.535 | INFO    |test_geracao_ext:test_montar_linhas_ext_mesmo_grupo_compartilha_expectativa:114 - [STEP] Iniciando: montar_linhas_ext
2026-08-13 13:38:31.545 | INFO    |comum.utils.decoradores:wrapper:22 - [HU-12 EXT] 2 linha(s) montada(s).
2026-08-13 13:38:31.546 | INFO    |test_geracao_ext:test_montar_linhas_ext_mesmo_grupo_compartilha_expectativa:114 - [STEP] Finalizando: montar_linhas_ext | Tempo gasto: 0.01s
2026-08-13 13:38:31.575 | INFO    |comum.dados.repositorio_cache:__init__:77 - Inicializando conexão com o banco no ambiente [dev]
2026-08-13 13:38:31.575 | INFO    |comum.dados.repositorio_cache:__init__:77 - Utilizando SQLite local [C:\Users\BTIMES~1\AppData\Local\Temp\detraf_epico4_teste_9l21xs1s\TABELAS_DETRAF_TESTE.db]
2026-08-13 13:38:31.577 | INFO    |comum.dados.repositorio_cache:obter_tabela:214 - Carregando tabela [tbl_detraf_mapeamento_descritores]
2026-08-13 13:38:31.582 | INFO    |comum.dados.repositorio_cache:obter_tabela:214 - Tabela [tbl_detraf_mapeamento_descritores] carregada | Linhas: 25 | Colunas: 5
2026-08-13 13:38:31.592 | INFO    |test_geracao_ext:test_gerar_arquivo_ext_grava_no_caminho_e_nome_corretos:121 - [STEP] Iniciando: montar_linhas_ext
2026-08-13 13:38:31.602 | INFO    |comum.utils.decoradores:wrapper:22 - [HU-12 EXT] 1 linha(s) montada(s).
2026-08-13 13:38:31.603 | INFO    |test_geracao_ext:test_gerar_arquivo_ext_grava_no_caminho_e_nome_corretos:121 - [STEP] Finalizando: montar_linhas_ext | Tempo gasto: 0.01s
2026-08-13 13:38:31.603 | INFO    |test_geracao_ext:test_gerar_arquivo_ext_grava_no_caminho_e_nome_corretos:125 - [STEP] Iniciando: gerar_arquivo_ext
2026-08-13 13:38:31.626 | INFO    |comum.utils.decoradores:wrapper:22 - [HU-12 EXT] Arquivo gravado em [C:\Users\Btime Soluções\AppData\Local\Temp\pytest-of-Btime Soluções\pytest-18\test_gerar_arquivo_ext_grava_n0\Claro\2025\202507\AGI\DE_AGI_D_202507_TBRA_X_CLARO_EXT.xlsx].
2026-08-13 13:38:31.627 | INFO    |test_geracao_ext:test_gerar_arquivo_ext_grava_no_caminho_e_nome_corretos:125 - [STEP] Finalizando: gerar_arquivo_ext | Tempo gasto: 0.02s
2026-08-13 13:38:31.650 | INFO    |comum.dados.repositorio_cache:__init__:77 - Inicializando conexão com o banco no ambiente [dev]
2026-08-13 13:38:31.651 | INFO    |comum.dados.repositorio_cache:__init__:77 - Utilizando SQLite local [C:\Users\BTIMES~1\AppData\Local\Temp\detraf_epico4_teste_9l21xs1s\TABELAS_DETRAF_TESTE.db]
2026-08-13 13:38:31.652 | INFO    |comum.dados.repositorio_cache:obter_tabela:214 - Carregando tabela [tbl_detraf_mapeamento_descritores]
2026-08-13 13:38:31.657 | INFO    |comum.dados.repositorio_cache:obter_tabela:214 - Tabela [tbl_detraf_mapeamento_descritores] carregada | Linhas: 25 | Colunas: 5
2026-08-13 13:38:31.666 | INFO    |test_geracao_int:test_montar_linhas_int_vazio_retorna_vazio:43 - [STEP] Iniciando: montar_linhas_int
2026-08-13 13:38:31.667 | INFO    |test_geracao_int:test_montar_linhas_int_vazio_retorna_vazio:43 - [STEP] Finalizando: montar_linhas_int | Tempo gasto: 0.0s
2026-08-13 13:38:31.678 | INFO    |comum.dados.repositorio_cache:__init__:77 - Inicializando conexão com o banco no ambiente [dev]
2026-08-13 13:38:31.679 | INFO    |comum.dados.repositorio_cache:__init__:77 - Utilizando SQLite local [C:\Users\BTIMES~1\AppData\Local\Temp\detraf_epico4_teste_9l21xs1s\TABELAS_DETRAF_TESTE.db]
2026-08-13 13:38:31.681 | INFO    |comum.dados.repositorio_cache:obter_tabela:214 - Carregando tabela [tbl_detraf_mapeamento_descritores]
2026-08-13 13:38:31.685 | INFO    |comum.dados.repositorio_cache:obter_tabela:214 - Tabela [tbl_detraf_mapeamento_descritores] carregada | Linhas: 25 | Colunas: 5
2026-08-13 13:38:31.697 | INFO    |test_geracao_int:test_montar_linhas_int_cenario_sem_contestacao_fica_vazio:53 - [STEP] Iniciando: montar_linhas_int
2026-08-13 13:38:31.704 | INFO    |comum.utils.decoradores:wrapper:22 - [HU-13 INT] Nenhuma linha COM retenção — INT não se aplica a este cenário.
2026-08-13 13:38:31.704 | INFO    |test_geracao_int:test_montar_linhas_int_cenario_sem_contestacao_fica_vazio:53 - [STEP] Finalizando: montar_linhas_int | Tempo gasto: 0.01s
2026-08-13 13:38:31.715 | INFO    |comum.dados.repositorio_cache:__init__:77 - Inicializando conexão com o banco no ambiente [dev]
2026-08-13 13:38:31.715 | INFO    |comum.dados.repositorio_cache:__init__:77 - Utilizando SQLite local [C:\Users\BTIMES~1\AppData\Local\Temp\detraf_epico4_teste_9l21xs1s\TABELAS_DETRAF_TESTE.db]
2026-08-13 13:38:31.717 | INFO    |comum.dados.repositorio_cache:obter_tabela:214 - Carregando tabela [tbl_detraf_mapeamento_descritores]
2026-08-13 13:38:31.721 | INFO    |comum.dados.repositorio_cache:obter_tabela:214 - Tabela [tbl_detraf_mapeamento_descritores] carregada | Linhas: 25 | Colunas: 5
2026-08-13 13:38:31.732 | INFO    |test_geracao_int:test_montar_linhas_int_cenario_sem_retencao_fica_vazio:62 - [STEP] Iniciando: montar_linhas_int
2026-08-13 13:38:31.740 | INFO    |comum.utils.decoradores:wrapper:22 - [HU-13 INT] Nenhuma linha COM retenção — INT não se aplica a este cenário.
2026-08-13 13:38:31.741 | INFO    |test_geracao_int:test_montar_linhas_int_cenario_sem_retencao_fica_vazio:62 - [STEP] Finalizando: montar_linhas_int | Tempo gasto: 0.01s
2026-08-13 13:38:31.752 | INFO    |comum.dados.repositorio_cache:__init__:77 - Inicializando conexão com o banco no ambiente [dev]
2026-08-13 13:38:31.752 | INFO    |comum.dados.repositorio_cache:__init__:77 - Utilizando SQLite local [C:\Users\BTIMES~1\AppData\Local\Temp\detraf_epico4_teste_9l21xs1s\TABELAS_DETRAF_TESTE.db]
2026-08-13 13:38:31.754 | INFO    |comum.dados.repositorio_cache:obter_tabela:214 - Carregando tabela [tbl_detraf_mapeamento_descritores]
2026-08-13 13:38:31.758 | INFO    |comum.dados.repositorio_cache:obter_tabela:214 - Tabela [tbl_detraf_mapeamento_descritores] carregada | Linhas: 25 | Colunas: 5
2026-08-13 13:38:31.768 | INFO    |test_geracao_int:test_montar_linhas_int_cenario_com_retencao_preenche_linhas:71 - [STEP] Iniciando: montar_linhas_int
2026-08-13 13:38:31.778 | INFO    |comum.utils.decoradores:wrapper:22 - [HU-13 INT] 1 linha(s) montada(s) (COM retenção).
2026-08-13 13:38:31.779 | INFO    |test_geracao_int:test_montar_linhas_int_cenario_com_retencao_preenche_linhas:71 - [STEP] Finalizando: montar_linhas_int | Tempo gasto: 0.01s
2026-08-13 13:38:31.790 | INFO    |comum.dados.repositorio_cache:__init__:77 - Inicializando conexão com o banco no ambiente [dev]
2026-08-13 13:38:31.790 | INFO    |comum.dados.repositorio_cache:__init__:77 - Utilizando SQLite local [C:\Users\BTIMES~1\AppData\Local\Temp\detraf_epico4_teste_9l21xs1s\TABELAS_DETRAF_TESTE.db]
2026-08-13 13:38:31.792 | INFO    |comum.dados.repositorio_cache:obter_tabela:214 - Carregando tabela [tbl_detraf_mapeamento_descritores]
2026-08-13 13:38:31.798 | INFO    |comum.dados.repositorio_cache:obter_tabela:214 - Tabela [tbl_detraf_mapeamento_descritores] carregada | Linhas: 25 | Colunas: 5
2026-08-13 13:38:31.807 | INFO    |test_geracao_int:test_montar_linhas_int_filtra_apenas_com_retencao:95 - [STEP] Iniciando: montar_linhas_int
2026-08-13 13:38:31.821 | INFO    |comum.utils.decoradores:wrapper:22 - [HU-13 INT] 1 linha(s) montada(s) (COM retenção).
2026-08-13 13:38:31.822 | INFO    |test_geracao_int:test_montar_linhas_int_filtra_apenas_com_retencao:95 - [STEP] Finalizando: montar_linhas_int | Tempo gasto: 0.01s
2026-08-13 13:38:31.835 | INFO    |test_geracao_int:test_gerar_arquivo_int_nao_grava_quando_vazio:102 - [STEP] Iniciando: gerar_arquivo_int
2026-08-13 13:38:31.836 | INFO    |comum.utils.decoradores:wrapper:22 - [HU-13 INT] Nada a gravar (sem linhas COM retenção) — arquivo não criado.
2026-08-13 13:38:31.837 | INFO    |test_geracao_int:test_gerar_arquivo_int_nao_grava_quando_vazio:102 - [STEP] Finalizando: gerar_arquivo_int | Tempo gasto: 0.0s
2026-08-13 13:38:31.850 | INFO    |comum.dados.repositorio_cache:__init__:77 - Inicializando conexão com o banco no ambiente [dev]
2026-08-13 13:38:31.851 | INFO    |comum.dados.repositorio_cache:__init__:77 - Utilizando SQLite local [C:\Users\BTIMES~1\AppData\Local\Temp\detraf_epico4_teste_9l21xs1s\TABELAS_DETRAF_TESTE.db]
2026-08-13 13:38:31.853 | INFO    |comum.dados.repositorio_cache:obter_tabela:214 - Carregando tabela [tbl_detraf_mapeamento_descritores]
2026-08-13 13:38:31.858 | INFO    |comum.dados.repositorio_cache:obter_tabela:214 - Tabela [tbl_detraf_mapeamento_descritores] carregada | Linhas: 25 | Colunas: 5
2026-08-13 13:38:31.871 | INFO    |test_geracao_int:test_gerar_arquivo_int_grava_no_caminho_e_nome_corretos:110 - [STEP] Iniciando: montar_linhas_int
2026-08-13 13:38:31.883 | INFO    |comum.utils.decoradores:wrapper:22 - [HU-13 INT] 1 linha(s) montada(s) (COM retenção).
2026-08-13 13:38:31.884 | INFO    |test_geracao_int:test_gerar_arquivo_int_grava_no_caminho_e_nome_corretos:110 - [STEP] Finalizando: montar_linhas_int | Tempo gasto: 0.01s
2026-08-13 13:38:31.884 | INFO    |test_geracao_int:test_gerar_arquivo_int_grava_no_caminho_e_nome_corretos:112 - [STEP] Iniciando: gerar_arquivo_int
2026-08-13 13:38:31.921 | INFO    |comum.utils.decoradores:wrapper:22 - [HU-13 INT] Arquivo gravado em [C:\Users\Btime Soluções\AppData\Local\Temp\pytest-of-Btime Soluções\pytest-18\test_gerar_arquivo_int_grava_n0\Claro\2025\202507\AGI\DE_AGI_D_202507_TBRA_X_CLARO_INT.xlsx].
2026-08-13 13:38:31.922 | INFO    |test_geracao_int:test_gerar_arquivo_int_grava_no_caminho_e_nome_corretos:112 - [STEP] Finalizando: gerar_arquivo_int | Tempo gasto: 0.04s
2026-08-13 13:38:32.023 | INFO    |comum.dados.repositorio_cache:__init__:77 - Inicializando conexão com o banco no ambiente [dev]
2026-08-13 13:38:32.024 | INFO    |comum.dados.repositorio_cache:__init__:77 - Utilizando SQLite local [C:\Users\BTIMES~1\AppData\Local\Temp\detraf_epico4_teste_9l21xs1s\TABELAS_DETRAF_TESTE.db]
2026-08-13 13:38:32.027 | INFO    |comum.dados.repositorio_cache:obter_tabela:214 - Carregando tabela [tbl_detraf_mapeamento_descritores]
2026-08-13 13:38:32.031 | INFO    |comum.dados.repositorio_cache:obter_tabela:214 - Tabela [tbl_detraf_mapeamento_descritores] carregada | Linhas: 25 | Colunas: 5
2026-08-13 13:38:32.051 | INFO    |comum.dados.repositorio_cache:__init__:77 - Inicializando conexão com o banco no ambiente [dev]
2026-08-13 13:38:32.052 | INFO    |comum.dados.repositorio_cache:__init__:77 - Utilizando SQLite local [C:\Users\BTIMES~1\AppData\Local\Temp\detraf_epico4_teste_9l21xs1s\TABELAS_DETRAF_TESTE.db]
2026-08-13 13:38:32.053 | INFO    |comum.dados.repositorio_cache:obter_tabela:214 - Carregando tabela [tbl_detraf_mapeamento_descritores]
2026-08-13 13:38:32.058 | INFO    |comum.dados.repositorio_cache:obter_tabela:214 - Tabela [tbl_detraf_mapeamento_descritores] carregada | Linhas: 25 | Colunas: 5
2026-08-13 13:38:32.077 | INFO    |comum.dados.repositorio_cache:__init__:77 - Inicializando conexão com o banco no ambiente [dev]
2026-08-13 13:38:32.078 | INFO    |comum.dados.repositorio_cache:__init__:77 - Utilizando SQLite local [C:\Users\BTIMES~1\AppData\Local\Temp\detraf_epico4_teste_9l21xs1s\TABELAS_DETRAF_TESTE.db]
2026-08-13 13:38:32.080 | INFO    |comum.dados.repositorio_cache:obter_tabela:214 - Carregando tabela [tbl_detraf_mapeamento_descritores]
2026-08-13 13:38:32.085 | INFO    |comum.dados.repositorio_cache:obter_tabela:214 - Tabela [tbl_detraf_mapeamento_descritores] carregada | Linhas: 25 | Colunas: 5
2026-08-13 13:38:32.105 | INFO    |comum.dados.repositorio_cache:__init__:77 - Inicializando conexão com o banco no ambiente [dev]
2026-08-13 13:38:32.106 | INFO    |comum.dados.repositorio_cache:__init__:77 - Utilizando SQLite local [C:\Users\BTIMES~1\AppData\Local\Temp\detraf_epico4_teste_9l21xs1s\TABELAS_DETRAF_TESTE.db]
2026-08-13 13:38:32.108 | INFO    |comum.dados.repositorio_cache:obter_tabela:214 - Carregando tabela [tbl_detraf_mapeamento_descritores]
2026-08-13 13:38:32.113 | INFO    |comum.dados.repositorio_cache:obter_tabela:214 - Tabela [tbl_detraf_mapeamento_descritores] carregada | Linhas: 25 | Colunas: 5
2026-08-13 13:38:32.137 | INFO    |comum.dados.repositorio_cache:__init__:77 - Inicializando conexão com o banco no ambiente [dev]
2026-08-13 13:38:32.137 | INFO    |comum.dados.repositorio_cache:__init__:77 - Utilizando SQLite local [C:\Users\BTIMES~1\AppData\Local\Temp\detraf_epico4_teste_9l21xs1s\TABELAS_DETRAF_TESTE.db]
2026-08-13 13:38:32.139 | INFO    |comum.dados.repositorio_cache:obter_tabela:214 - Carregando tabela [tbl_detraf_mapeamento_descritores]
2026-08-13 13:38:32.145 | INFO    |comum.dados.repositorio_cache:obter_tabela:214 - Tabela [tbl_detraf_mapeamento_descritores] carregada | Linhas: 25 | Colunas: 5
2026-08-13 13:38:32.164 | INFO    |comum.dados.repositorio_cache:__init__:77 - Inicializando conexão com o banco no ambiente [dev]
2026-08-13 13:38:32.165 | INFO    |comum.dados.repositorio_cache:__init__:77 - Utilizando SQLite local [C:\Users\BTIMES~1\AppData\Local\Temp\detraf_epico4_teste_9l21xs1s\TABELAS_DETRAF_TESTE.db]
2026-08-13 13:38:32.166 | INFO    |comum.dados.repositorio_cache:obter_tabela:214 - Carregando tabela [tbl_detraf_mapeamento_descritores]
2026-08-13 13:38:32.171 | INFO    |comum.dados.repositorio_cache:obter_tabela:214 - Tabela [tbl_detraf_mapeamento_descritores] carregada | Linhas: 25 | Colunas: 5
2026-08-13 13:38:32.192 | INFO    |comum.dados.repositorio_cache:__init__:77 - Inicializando conexão com o banco no ambiente [dev]
2026-08-13 13:38:32.193 | INFO    |comum.dados.repositorio_cache:__init__:77 - Utilizando SQLite local [C:\Users\BTIMES~1\AppData\Local\Temp\detraf_epico4_teste_9l21xs1s\TABELAS_DETRAF_TESTE.db]
2026-08-13 13:38:32.195 | INFO    |comum.dados.repositorio_cache:obter_tabela:214 - Carregando tabela [tbl_detraf_mapeamento_descritores]
2026-08-13 13:38:32.199 | INFO    |comum.dados.repositorio_cache:obter_tabela:214 - Tabela [tbl_detraf_mapeamento_descritores] carregada | Linhas: 25 | Colunas: 5
2026-08-13 13:38:32.218 | INFO    |comum.dados.repositorio_cache:__init__:77 - Inicializando conexão com o banco no ambiente [dev]
2026-08-13 13:38:32.219 | INFO    |comum.dados.repositorio_cache:__init__:77 - Utilizando SQLite local [C:\Users\BTIMES~1\AppData\Local\Temp\detraf_epico4_teste_9l21xs1s\TABELAS_DETRAF_TESTE.db]
2026-08-13 13:38:32.220 | INFO    |comum.dados.repositorio_cache:obter_tabela:214 - Carregando tabela [tbl_detraf_mapeamento_descritores]
2026-08-13 13:38:32.224 | INFO    |comum.dados.repositorio_cache:obter_tabela:214 - Tabela [tbl_detraf_mapeamento_descritores] carregada | Linhas: 25 | Colunas: 5
2026-08-13 13:38:32.242 | INFO    |comum.dados.repositorio_cache:__init__:77 - Inicializando conexão com o banco no ambiente [dev]
2026-08-13 13:38:32.243 | INFO    |comum.dados.repositorio_cache:__init__:77 - Utilizando SQLite local [C:\Users\BTIMES~1\AppData\Local\Temp\detraf_epico4_teste_9l21xs1s\TABELAS_DETRAF_TESTE.db]
2026-08-13 13:38:32.245 | INFO    |comum.dados.repositorio_cache:obter_tabela:214 - Carregando tabela [tbl_detraf_mapeamento_descritores]
2026-08-13 13:38:32.250 | INFO    |comum.dados.repositorio_cache:obter_tabela:214 - Tabela [tbl_detraf_mapeamento_descritores] carregada | Linhas: 25 | Colunas: 5
2026-08-13 13:38:32.268 | INFO    |comum.dados.repositorio_cache:__init__:77 - Inicializando conexão com o banco no ambiente [dev]
2026-08-13 13:38:32.268 | INFO    |comum.dados.repositorio_cache:__init__:77 - Utilizando SQLite local [C:\Users\BTIMES~1\AppData\Local\Temp\detraf_epico4_teste_9l21xs1s\TABELAS_DETRAF_TESTE.db]
2026-08-13 13:38:32.270 | INFO    |comum.dados.repositorio_cache:obter_tabela:214 - Carregando tabela [tbl_detraf_mapeamento_descritores]
2026-08-13 13:38:32.274 | INFO    |comum.dados.repositorio_cache:obter_tabela:214 - Tabela [tbl_detraf_mapeamento_descritores] carregada | Linhas: 25 | Colunas: 5
2026-08-13 13:38:32.291 | INFO    |comum.dados.repositorio_cache:__init__:77 - Inicializando conexão com o banco no ambiente [dev]
2026-08-13 13:38:32.292 | INFO    |comum.dados.repositorio_cache:__init__:77 - Utilizando SQLite local [C:\Users\BTIMES~1\AppData\Local\Temp\detraf_epico4_teste_9l21xs1s\TABELAS_DETRAF_TESTE.db]
2026-08-13 13:38:32.294 | INFO    |comum.dados.repositorio_cache:obter_tabela:214 - Carregando tabela [tbl_detraf_mapeamento_descritores]
2026-08-13 13:38:32.299 | INFO    |comum.dados.repositorio_cache:obter_tabela:214 - Tabela [tbl_detraf_mapeamento_descritores] carregada | Linhas: 25 | Colunas: 5
2026-08-13 13:38:32.316 | INFO    |comum.dados.repositorio_cache:__init__:77 - Inicializando conexão com o banco no ambiente [dev]
2026-08-13 13:38:32.317 | INFO    |comum.dados.repositorio_cache:__init__:77 - Utilizando SQLite local [C:\Users\BTIMES~1\AppData\Local\Temp\detraf_epico4_teste_9l21xs1s\TABELAS_DETRAF_TESTE.db]
2026-08-13 13:38:32.318 | INFO    |comum.dados.repositorio_cache:obter_tabela:214 - Carregando tabela [tbl_detraf_mapeamento_descritores]
2026-08-13 13:38:32.322 | INFO    |comum.dados.repositorio_cache:obter_tabela:214 - Tabela [tbl_detraf_mapeamento_descritores] carregada | Linhas: 25 | Colunas: 5
2026-08-13 13:38:32.347 | INFO    |comum.dados.repositorio_cache:__init__:77 - Inicializando conexão com o banco no ambiente [dev]
2026-08-13 13:38:32.348 | INFO    |comum.dados.repositorio_cache:__init__:77 - Utilizando SQLite local [C:\Users\BTIMES~1\AppData\Local\Temp\detraf_epico4_teste_9l21xs1s\TABELAS_DETRAF_TESTE.db]
2026-08-13 13:38:32.350 | INFO    |comum.dados.repositorio_cache:obter_tabela:214 - Carregando tabela [tbl_detraf_mapeamento_descritores]
2026-08-13 13:38:32.354 | INFO    |comum.dados.repositorio_cache:obter_tabela:214 - Tabela [tbl_detraf_mapeamento_descritores] carregada | Linhas: 25 | Colunas: 5
2026-08-13 13:38:32.485 | INFO    |comum.dados.repositorio_cache:__init__:77 - Inicializando conexão com o banco no ambiente [dev]
2026-08-13 13:38:32.485 | INFO    |comum.dados.repositorio_cache:__init__:77 - Utilizando SQLite local [C:\Users\BTIMES~1\AppData\Local\Temp\detraf_epico4_teste_9l21xs1s\TABELAS_DETRAF_TESTE.db]
2026-08-13 13:38:32.500 | INFO    |test_orquestracao_rpa3:test_varre_a_raiz_quando_nenhuma_e_informada:137 - [STEP] Iniciando: GeracaoAgiController.gerar_artefatos
2026-08-13 13:38:32.502 | INFO    |comum.utils.decoradores:wrapper:22 - [RPA 3] 1 operadora(s) em 202507: CLARO.
2026-08-13 13:38:32.502 | INFO    |comum.dados.repositorio_cache:obter_tabela:214 - Carregando tabela [tbl_detraf_mapeamento_descritores]
2026-08-13 13:38:32.506 | INFO    |comum.dados.repositorio_cache:obter_tabela:214 - Tabela [tbl_detraf_mapeamento_descritores] carregada | Linhas: 25 | Colunas: 5
2026-08-13 13:38:32.515 | INFO    |src.controllers.geracao_agi_controller:_gerar_para_operadora:558 - [STEP] Iniciando: consolidar_detrafs_operadora
2026-08-13 13:38:32.516 | INFO    |src.services.consolidacao_contestacao:consolidar_detrafs_operadora:174 - [Consolidação] 1 arquivo(s) encontrado(s) em [C:\Users\Btime Soluções\AppData\Local\Temp\pytest-of-Btime Soluções\pytest-18\test_varre_a_raiz_quando_nenhu0\Operadoras\CLARO\2025\202507\Detrafs Recebidos].
2026-08-13 13:38:32.521 | INFO    |src.services.consolidacao_contestacao:consolidar_detrafs_operadora:177 - [Consolidação] [DETRAF_D_CLARO_202507.csv]: 1 linha(s) -> 1 após remover totais.
2026-08-13 13:38:32.522 | INFO    |src.services.consolidacao_contestacao:consolidar_detrafs_operadora:177 - [Consolidação] Consolidado: 1 linha(s) de 1 arquivo(s).
2026-08-13 13:38:32.522 | INFO    |src.controllers.geracao_agi_controller:_gerar_para_operadora:558 - [STEP] Finalizando: consolidar_detrafs_operadora | Tempo gasto: 0.01s
2026-08-13 13:38:32.523 | INFO    |src.controllers.geracao_agi_controller:_gerar_para_operadora:574 - [STEP] Iniciando: consolidar_expectativa_vivo
2026-08-13 13:38:32.524 | INFO    |src.services.consolidacao_contestacao:consolidar_expectativa_vivo:207 - [Consolidação] 1 arquivo(s) encontrado(s) em [C:\Users\Btime Soluções\AppData\Local\Temp\pytest-of-Btime Soluções\pytest-18\test_varre_a_raiz_quando_nenhu0\Operadoras\CLARO\2025\202507\Detrafs Enviados].
2026-08-13 13:38:32.530 | INFO    |src.services.consolidacao_contestacao:consolidar_expectativa_vivo:211 - [Consolidação] [DE_D_TBRA_CLARO_202507.csv]: 1 linha(s) -> 1 após remover totais.
2026-08-13 13:38:32.531 | INFO    |src.services.consolidacao_contestacao:consolidar_expectativa_vivo:211 - [Consolidação] Consolidado: 1 linha(s) de 1 arquivo(s).
2026-08-13 13:38:32.532 | INFO    |src.controllers.geracao_agi_controller:_gerar_para_operadora:574 - [STEP] Finalizando: consolidar_expectativa_vivo | Tempo gasto: 0.01s
2026-08-13 13:38:32.532 | INFO    |src.controllers.geracao_agi_controller:_gerar_para_operadora:586 - [STEP] Iniciando: montar_contest
2026-08-13 13:38:32.571 | INFO    |comum.utils.decoradores:wrapper:22 - [Consolidação] Contest: 1 combinação(ões) analisada(s).
2026-08-13 13:38:32.571 | INFO    |src.controllers.geracao_agi_controller:_gerar_para_operadora:586 - [STEP] Finalizando: montar_contest | Tempo gasto: 0.04s
2026-08-13 13:38:32.572 | INFO    |src.controllers.geracao_agi_controller:_gerar_para_operadora:595 - [STEP] Iniciando: GeracaoAgiController.atualizar_despesa_contestacao
2026-08-13 13:38:32.572 | INFO    |src.controllers.geracao_agi_controller:atualizar_despesa_contestacao:1066 - [STEP] Iniciando: preparar_atualizacoes_despesa_contestacao
2026-08-13 13:38:32.575 | INFO    |comum.dados.repositorio_cache:obter_tabela:214 - Carregando tabela [tbl_rpa_log_detraf_despesa_contestacao]
2026-08-13 13:38:32.579 | INFO    |comum.dados.repositorio_cache:obter_tabela:214 - Tabela [tbl_rpa_log_detraf_despesa_contestacao] carregada | Linhas: 2 | Colunas: 19
2026-08-13 13:38:32.587 | INFO    |comum.utils.decoradores:wrapper:22 - [HU-19 Despesa Contestação] 1 atualização(ões) preparada(s).
2026-08-13 13:38:32.588 | INFO    |src.controllers.geracao_agi_controller:atualizar_despesa_contestacao:1066 - [STEP] Finalizando: preparar_atualizacoes_despesa_contestacao | Tempo gasto: 0.02s
2026-08-13 13:38:32.588 | WARNING |comum.dados.repositorio_tabelas:atualizar_despesa_contestacao:1019 - [HU-19 Despesa Contestação] A tabela 'tbl_rpa_log_detraf_despesa_contestacao' não tem a(s) coluna(s) vb_contestacao — NÃO gravada(s). As demais seguem normalmente. Um ALTER TABLE resolve; ver pendencias-para-o-cliente.md (Q24).
2026-08-13 13:38:32.620 | INFO    |comum.dados.repositorio_tabelas:_atualizar_contestacao_em_lote:976 - 1 linha(s) atualizada(s) em [tbl_rpa_log_detraf_despesa_contestacao].
2026-08-13 13:38:32.621 | INFO    |comum.dados.repositorio_cache:recarregar_cache_local:375 - Carregando tabela [tbl_rpa_log_detraf_despesa_contestacao]
2026-08-13 13:38:32.625 | INFO    |comum.dados.repositorio_cache:recarregar_cache_local:375 - Tabela [tbl_rpa_log_detraf_despesa_contestacao] carregada | Linhas: 2 | Colunas: 19
2026-08-13 13:38:32.625 | INFO    |comum.dados.repositorio_tabelas:atualizar_despesa_contestacao:1019 - [HU-19 Despesa Contestação] 1 linha(s) atualizada(s), 0 chave(s) ausente(s).
2026-08-13 13:38:32.626 | INFO    |src.controllers.geracao_agi_controller:_gerar_para_operadora:595 - [STEP] Finalizando: GeracaoAgiController.atualizar_despesa_contestacao | Tempo gasto: 0.05s
2026-08-13 13:38:32.627 | INFO    |src.controllers.geracao_agi_controller:_gerar_ext:633 - [STEP] Iniciando: montar_linhas_ext
2026-08-13 13:38:32.640 | INFO    |comum.utils.decoradores:wrapper:22 - [HU-12 EXT] 1 linha(s) montada(s).
2026-08-13 13:38:32.641 | INFO    |src.controllers.geracao_agi_controller:_gerar_ext:633 - [STEP] Finalizando: montar_linhas_ext | Tempo gasto: 0.01s
2026-08-13 13:38:32.641 | INFO    |src.controllers.geracao_agi_controller:_gerar_ext:639 - [STEP] Iniciando: gerar_arquivo_ext
2026-08-13 13:38:32.662 | INFO    |comum.utils.decoradores:wrapper:22 - [HU-12 EXT] Arquivo gravado em [C:\Users\Btime Soluções\AppData\Local\Temp\pytest-of-Btime Soluções\pytest-18\test_varre_a_raiz_quando_nenhu0\Operadoras\CLARO\2025\202507\AGI\DE_AGI_D_202507_TBRA_X_CLARO_EXT.xlsx].
2026-08-13 13:38:32.663 | INFO    |src.controllers.geracao_agi_controller:_gerar_ext:639 - [STEP] Finalizando: gerar_arquivo_ext | Tempo gasto: 0.02s
2026-08-13 13:38:32.664 | INFO    |src.controllers.geracao_agi_controller:_gerar_int:648 - [STEP] Iniciando: montar_linhas_int
2026-08-13 13:38:32.679 | INFO    |comum.utils.decoradores:wrapper:22 - [HU-13 INT] 1 linha(s) montada(s) (COM retenção).
2026-08-13 13:38:32.680 | INFO    |src.controllers.geracao_agi_controller:_gerar_int:648 - [STEP] Finalizando: montar_linhas_int | Tempo gasto: 0.02s
2026-08-13 13:38:32.681 | INFO    |src.controllers.geracao_agi_controller:_gerar_int:654 - [STEP] Iniciando: gerar_arquivo_int
2026-08-13 13:38:32.700 | INFO    |comum.utils.decoradores:wrapper:22 - [HU-13 INT] Arquivo gravado em [C:\Users\Btime Soluções\AppData\Local\Temp\pytest-of-Btime Soluções\pytest-18\test_varre_a_raiz_quando_nenhu0\Operadoras\CLARO\2025\202507\AGI\DE_AGI_D_202507_TBRA_X_CLARO_INT.xlsx].
2026-08-13 13:38:32.701 | INFO    |src.controllers.geracao_agi_controller:_gerar_int:654 - [STEP] Finalizando: gerar_arquivo_int | Tempo gasto: 0.02s
2026-08-13 13:38:32.702 | INFO    |src.controllers.geracao_agi_controller:_gerar_env_e_carta:682 - [STEP] Iniciando: montar_abas_env
2026-08-13 13:38:32.724 | INFO    |comum.utils.decoradores:wrapper:22 - [HU-14 _EXP] Contest: 1 linha(s) contestada(s); TBRA: 1 linha(s) correspondente(s).
2026-08-13 13:38:32.725 | INFO    |src.controllers.geracao_agi_controller:_gerar_env_e_carta:682 - [STEP] Finalizando: montar_abas_env | Tempo gasto: 0.02s
2026-08-13 13:38:32.726 | INFO    |src.controllers.geracao_agi_controller:_gerar_env_e_carta:690 - [STEP] Iniciando: gerar_arquivo_env
2026-08-13 13:38:32.756 | INFO    |comum.utils.decoradores:wrapper:22 - [HU-14 _EXP] Arquivo gravado em [C:\Users\Btime Soluções\AppData\Local\Temp\pytest-of-Btime Soluções\pytest-18\test_varre_a_raiz_quando_nenhu0\Operadoras\CLARO\2025\202507\Contestações\Base Contestação_CLARO_202507_EXP.xlsx].
2026-08-13 13:38:32.756 | INFO    |src.controllers.geracao_agi_controller:_gerar_env_e_carta:690 - [STEP] Finalizando: gerar_arquivo_env | Tempo gasto: 0.03s
2026-08-13 13:38:32.772 | ERROR   |src.controllers.geracao_agi_controller:_gerar_para_operadora:606 - [RPA 3] Numeração CT indisponível: CAMINHO_CONTROLE_CT não está configurado. É a pasta '...\Correspondências Enviadas\CT', de onde sai o último número de carta emitido — sem ela a HU-14 não pode gerar carta sem arriscar duplicar a numeração. A geração de CARTA fica desabilitada para toda esta execução — os demais artefatos continuam sendo gerados.
2026-08-13 13:38:32.773 | INFO    |src.controllers.geracao_agi_controller:_gerar_para_operadora:617 - [STEP] Iniciando: GeracaoAgiController.gerar_cont_proc
2026-08-13 13:38:32.774 | INFO    |src.controllers.geracao_agi_controller:gerar_cont_proc:1030 - [STEP] Iniciando: montar_linhas_cont_proc
2026-08-13 13:38:32.774 | INFO    |src.services.geracao_cont_proc:montar_linhas_cont_proc:224 - [STEP] Iniciando: selecionar_linhas_contestadas
2026-08-13 13:38:32.789 | INFO    |comum.utils.decoradores:wrapper:22 - [HU-16 CONT_PROC] 1 linha(s) contestada(s).
2026-08-13 13:38:32.790 | INFO    |src.services.geracao_cont_proc:montar_linhas_cont_proc:224 - [STEP] Finalizando: selecionar_linhas_contestadas | Tempo gasto: 0.02s
2026-08-13 13:38:32.795 | INFO    |comum.utils.decoradores:wrapper:22 - [HU-16 CONT_PROC] 1 linha(s) montada(s) (T-100+T-101 completos).
2026-08-13 13:38:32.796 | INFO    |src.controllers.geracao_agi_controller:gerar_cont_proc:1030 - [STEP] Finalizando: montar_linhas_cont_proc | Tempo gasto: 0.02s
2026-08-13 13:38:32.796 | INFO    |src.controllers.geracao_agi_controller:gerar_cont_proc:1036 - [STEP] Iniciando: gerar_arquivo_cont_proc
2026-08-13 13:38:32.816 | INFO    |comum.utils.decoradores:wrapper:22 - [HU-16 CONT_PROC] Arquivo gravado em [C:\Users\Btime Soluções\AppData\Local\Temp\pytest-of-Btime Soluções\pytest-18\test_varre_a_raiz_quando_nenhu0\Operadoras\CLARO\2025\202507\AGI\CONT_PROC_MASCARA_CLARO_202507.xlsx].
2026-08-13 13:38:32.817 | INFO    |src.controllers.geracao_agi_controller:gerar_cont_proc:1036 - [STEP] Finalizando: gerar_arquivo_cont_proc | Tempo gasto: 0.02s
2026-08-13 13:38:32.817 | INFO    |src.controllers.geracao_agi_controller:gerar_cont_proc:1046 - [STEP] Iniciando: selecionar_linhas_contestadas
2026-08-13 13:38:32.831 | INFO    |comum.utils.decoradores:wrapper:22 - [HU-16 CONT_PROC] 1 linha(s) contestada(s).
2026-08-13 13:38:32.831 | INFO    |src.controllers.geracao_agi_controller:gerar_cont_proc:1046 - [STEP] Finalizando: selecionar_linhas_contestadas | Tempo gasto: 0.01s
2026-08-13 13:38:32.841 | INFO    |comum.dados.repositorio_tabelas:_atualizar_contestacao_em_lote:976 - 1 linha(s) atualizada(s) em [tbl_rpa_log_detraf_despesa_contestacao].
2026-08-13 13:38:32.842 | INFO    |comum.dados.repositorio_cache:recarregar_cache_local:375 - Carregando tabela [tbl_rpa_log_detraf_despesa_contestacao]
2026-08-13 13:38:32.846 | INFO    |comum.dados.repositorio_cache:recarregar_cache_local:375 - Tabela [tbl_rpa_log_detraf_despesa_contestacao] carregada | Linhas: 2 | Colunas: 19
2026-08-13 13:38:32.847 | INFO    |comum.dados.repositorio_tabelas:atualizar_tipo_contestacao:1046 - [HU-16 Writeback tipo_contestacao] 1 linha(s) atualizada(s), 0 chave(s) ausente(s).
2026-08-13 13:38:32.848 | INFO    |src.controllers.geracao_agi_controller:_gerar_para_operadora:617 - [STEP] Finalizando: GeracaoAgiController.gerar_cont_proc | Tempo gasto: 0.07s
2026-08-13 13:38:32.848 | INFO    |src.controllers.geracao_agi_controller:_pausar_apos_artefatos:530 - [RPA 3 — etapa 1/4: artefatos] 1 operadora(s) em 202507:
2026-08-13 13:38:32.849 | INFO    |src.controllers.geracao_agi_controller:_pausar_apos_artefatos:530 - [RPA 3 — etapa 1/4: artefatos]   CLARO                EXT · INT · _EXP · CONT_PROC
2026-08-13 13:38:32.849 | INFO    |src.controllers.geracao_agi_controller:_pausar_apos_artefatos:530 - [RPA 3 — etapa 1/4: artefatos]                        pulado: carta desabilitada nesta execução (numeração CT)
2026-08-13 13:38:32.850 | INFO    |src.controllers.geracao_agi_controller:_pausar_apos_artefatos:530 - [RPA 3 — etapa 1/4: artefatos] Pasta: C:\Users\Btime Soluções\AppData\Local\Temp\pytest-of-Btime Soluções\pytest-18\test_varre_a_raiz_quando_nenhu0\Operadoras
2026-08-13 13:38:32.850 | INFO    |src.controllers.geracao_agi_controller:_pausar_apos_artefatos:530 - [RPA 3 — etapa 1/4: artefatos] ────────────────────────────────────────────────────────────
2026-08-13 13:38:32.850 | INFO    |src.controllers.geracao_agi_controller:_pausar_apos_artefatos:530 - [RPA 3 — etapa 1/4: artefatos] PRÓXIMA ETAPA: carga no AGI (HU-17/HU-18) — ESCREVE NO AGI
2026-08-13 13:38:32.851 | INFO    |src.controllers.geracao_agi_controller:gerar_artefatos:332 - [RPA 3 — etapa 2/4: carga no AGI] 1 operadora(s) na lista de carga.
2026-08-13 13:38:32.851 | INFO    |src.controllers.geracao_agi_controller:gerar_artefatos:332 - [RPA 3 — etapa 2/4: carga no AGI] Upload no AGI: desligado — nada foi enviado, só registrado no log.
2026-08-13 13:38:32.852 | INFO    |src.controllers.geracao_agi_controller:gerar_artefatos:332 - [RPA 3 — etapa 2/4: carga no AGI] Confira no AGI se a carga entrou, e o campo `carga_agi` na tabela de contestação.
2026-08-13 13:38:32.852 | INFO    |src.controllers.geracao_agi_controller:gerar_artefatos:332 - [RPA 3 — etapa 2/4: carga no AGI] ────────────────────────────────────────────────────────────
2026-08-13 13:38:32.852 | INFO    |src.controllers.geracao_agi_controller:gerar_artefatos:332 - [RPA 3 — etapa 2/4: carga no AGI] PRÓXIMA ETAPA: e-mail de contestação à operadora (HU-15) — SAI DA EMPRESA
2026-08-13 13:38:32.853 | INFO    |src.controllers.geracao_agi_controller:gerar_artefatos:368 - [RPA 3 — etapa 3/4: e-mail de contestação] Envio de e-mail: desligado — o e-mail foi montado e registrado, não enviado.
2026-08-13 13:38:32.853 | INFO    |src.controllers.geracao_agi_controller:gerar_artefatos:368 - [RPA 3 — etapa 3/4: e-mail de contestação] Contatos: não configurados (pendência Q16) — nada é enviado
2026-08-13 13:38:32.854 | INFO    |src.controllers.geracao_agi_controller:gerar_artefatos:368 - [RPA 3 — etapa 3/4: e-mail de contestação] ────────────────────────────────────────────────────────────
2026-08-13 13:38:32.854 | INFO    |src.controllers.geracao_agi_controller:gerar_artefatos:368 - [RPA 3 — etapa 3/4: e-mail de contestação] PRÓXIMA ETAPA: conferência do relatório contra o EC (HU-20)
2026-08-13 13:38:32.855 | INFO    |src.controllers.geracao_agi_controller:_verificar_relatorio:895 - [STEP] Iniciando: VerificacaoRelatorio.executar
2026-08-13 13:38:32.855 | INFO    |comum.utils.decoradores:wrapper:22 - [MODO SEGURO] PERMITIR_ACESSO_AGI=false — o AGI não será aberto. A verificação usa o relatório já em [C:\projetos\MVP2\MVP2\MVP2\DETRAF-UNIFICADO\unificado\logs\relatorio_agi\remessa_baixada.csv].
2026-08-13 13:38:32.855 | INFO    |src.controllers.geracao_agi_controller:_verificar_relatorio:895 - [STEP] Finalizando: VerificacaoRelatorio.executar | Tempo gasto: 0.0s
2026-08-13 13:38:32.856 | WARNING |src.controllers.geracao_agi_controller:gerar_artefatos:398 - [RPA 3] HU-20 não executada: Relatório do AGI não encontrado em [C:\projetos\MVP2\MVP2\MVP2\DETRAF-UNIFICADO\unificado\logs\relatorio_agi\remessa_baixada.csv]. Com PERMITIR_ACESSO_AGI desligado, é preciso baixá-lo antes.
2026-08-13 13:38:32.856 | INFO    |src.controllers.geracao_agi_controller:gerar_artefatos:402 - [RPA 3 — etapa 4/4: conferência do relatório] A conferência compara o relatório do AGI com o Encontro de Contas do banco.
2026-08-13 13:38:32.857 | INFO    |src.controllers.geracao_agi_controller:gerar_artefatos:402 - [RPA 3 — etapa 4/4: conferência do relatório] A planilha de inconsistências só é gravada quando há divergência — nenhum arquivo significa nenhuma divergência.
2026-08-13 13:38:32.857 | INFO    |src.controllers.geracao_agi_controller:gerar_artefatos:402 - [RPA 3 — etapa 4/4: conferência do relatório] Pasta: C:\projetos\MVP2\MVP2\MVP2\DETRAF-UNIFICADO\unificado\logs\inconsistencias
2026-08-13 13:38:32.857 | INFO    |src.controllers.geracao_agi_controller:gerar_artefatos:402 - [RPA 3 — etapa 4/4: conferência do relatório] ────────────────────────────────────────────────────────────
2026-08-13 13:38:32.858 | INFO    |src.controllers.geracao_agi_controller:gerar_artefatos:402 - [RPA 3 — etapa 4/4: conferência do relatório] Esta é a última etapa da execução.
2026-08-13 13:38:32.858 | INFO    |src.controllers.geracao_agi_controller:gerar_artefatos:415 - [RPA 3] Resumo de 202507 — 1 operadora(s): EXT 1, INT 1, _EXP 1, carta 0, CONT_PROC 1.
2026-08-13 13:38:32.859 | INFO    |src.controllers.geracao_agi_controller:gerar_artefatos:415 - [RPA 3]   CLARO: carta desabilitada nesta execução (numeração CT).
2026-08-13 13:38:32.859 | WARNING |src.controllers.geracao_agi_controller:gerar_artefatos:415 - [RPA 3] HU-15 sem destinatários: a tabela de contatos do WebFat continua sem resposta do cliente (pendência Q16). A ponte é apontar CAMINHO_CONTATOS_OPERADORAS para um CSV `operadora;emails`.
2026-08-13 13:38:32.864 | INFO    |src.controllers.geracao_agi_controller:_gravar_relatorio:956 - [Relatório] Resumo da execução em [C:\projetos\MVP2\MVP2\MVP2\DETRAF-UNIFICADO\unificado\logs\DESKTOP-64TNDKM\rpa3_contestacao_agi_ec\execucoes\2026-08-13_13-38-32.md].
2026-08-13 13:38:32.865 | INFO    |test_orquestracao_rpa3:test_varre_a_raiz_quando_nenhuma_e_informada:137 - [STEP] Finalizando: GeracaoAgiController.gerar_artefatos | Tempo gasto: 0.36s
2026-08-13 13:38:32.875 | INFO    |comum.dados.repositorio_cache:__init__:77 - Inicializando conexão com o banco no ambiente [dev]
2026-08-13 13:38:32.875 | INFO    |comum.dados.repositorio_cache:__init__:77 - Utilizando SQLite local [C:\Users\BTIMES~1\AppData\Local\Temp\detraf_epico4_teste_9l21xs1s\TABELAS_DETRAF_TESTE.db]
2026-08-13 13:38:32.884 | INFO    |test_orquestracao_rpa3:test_mes_sem_nenhuma_operadora_nao_e_erro:146 - [STEP] Iniciando: GeracaoAgiController.gerar_artefatos
2026-08-13 13:38:32.885 | WARNING |comum.utils.decoradores:wrapper:22 - [RPA 3] Nenhuma operadora com Detraf recebido em 202507. Nada a fazer.
2026-08-13 13:38:32.885 | INFO    |test_orquestracao_rpa3:test_mes_sem_nenhuma_operadora_nao_e_erro:146 - [STEP] Finalizando: GeracaoAgiController.gerar_artefatos | Tempo gasto: 0.0s
2026-08-13 13:38:32.895 | INFO    |comum.dados.repositorio_cache:__init__:77 - Inicializando conexão com o banco no ambiente [dev]
2026-08-13 13:38:32.896 | INFO    |comum.dados.repositorio_cache:__init__:77 - Utilizando SQLite local [C:\Users\BTIMES~1\AppData\Local\Temp\detraf_epico4_teste_9l21xs1s\TABELAS_DETRAF_TESTE.db]
2026-08-13 13:38:32.912 | INFO    |test_orquestracao_rpa3:test_lista_explicita_permite_reprocessar_uma_operadora:161 - [STEP] Iniciando: GeracaoAgiController.gerar_artefatos
2026-08-13 13:38:32.913 | INFO    |comum.utils.decoradores:wrapper:22 - [RPA 3] 1 operadora(s) em 202507: CLARO.
2026-08-13 13:38:32.913 | INFO    |comum.dados.repositorio_cache:obter_tabela:214 - Carregando tabela [tbl_detraf_mapeamento_descritores]
2026-08-13 13:38:32.918 | INFO    |comum.dados.repositorio_cache:obter_tabela:214 - Tabela [tbl_detraf_mapeamento_descritores] carregada | Linhas: 25 | Colunas: 5
2026-08-13 13:38:32.925 | INFO    |src.controllers.geracao_agi_controller:_gerar_para_operadora:558 - [STEP] Iniciando: consolidar_detrafs_operadora
2026-08-13 13:38:32.927 | INFO    |src.services.consolidacao_contestacao:consolidar_detrafs_operadora:174 - [Consolidação] 1 arquivo(s) encontrado(s) em [C:\Users\Btime Soluções\AppData\Local\Temp\pytest-of-Btime Soluções\pytest-18\test_lista_explicita_permite_r0\Operadoras\CLARO\2025\202507\Detrafs Recebidos].
2026-08-13 13:38:32.933 | INFO    |src.services.consolidacao_contestacao:consolidar_detrafs_operadora:177 - [Consolidação] [DETRAF_D_CLARO_202507.csv]: 1 linha(s) -> 1 após remover totais.
2026-08-13 13:38:32.934 | INFO    |src.services.consolidacao_contestacao:consolidar_detrafs_operadora:177 - [Consolidação] Consolidado: 1 linha(s) de 1 arquivo(s).
2026-08-13 13:38:32.935 | INFO    |src.controllers.geracao_agi_controller:_gerar_para_operadora:558 - [STEP] Finalizando: consolidar_detrafs_operadora | Tempo gasto: 0.01s
2026-08-13 13:38:32.935 | INFO    |src.controllers.geracao_agi_controller:_gerar_para_operadora:574 - [STEP] Iniciando: consolidar_expectativa_vivo
2026-08-13 13:38:32.936 | INFO    |src.services.consolidacao_contestacao:consolidar_expectativa_vivo:207 - [Consolidação] 1 arquivo(s) encontrado(s) em [C:\Users\Btime Soluções\AppData\Local\Temp\pytest-of-Btime Soluções\pytest-18\test_lista_explicita_permite_r0\Operadoras\CLARO\2025\202507\Detrafs Enviados].
2026-08-13 13:38:32.942 | INFO    |src.services.consolidacao_contestacao:consolidar_expectativa_vivo:211 - [Consolidação] [DE_D_TBRA_CLARO_202507.csv]: 1 linha(s) -> 1 após remover totais.
2026-08-13 13:38:32.943 | INFO    |src.services.consolidacao_contestacao:consolidar_expectativa_vivo:211 - [Consolidação] Consolidado: 1 linha(s) de 1 arquivo(s).
2026-08-13 13:38:32.944 | INFO    |src.controllers.geracao_agi_controller:_gerar_para_operadora:574 - [STEP] Finalizando: consolidar_expectativa_vivo | Tempo gasto: 0.01s
2026-08-13 13:38:32.945 | INFO    |src.controllers.geracao_agi_controller:_gerar_para_operadora:586 - [STEP] Iniciando: montar_contest
2026-08-13 13:38:32.986 | INFO    |comum.utils.decoradores:wrapper:22 - [Consolidação] Contest: 1 combinação(ões) analisada(s).
2026-08-13 13:38:32.986 | INFO    |src.controllers.geracao_agi_controller:_gerar_para_operadora:586 - [STEP] Finalizando: montar_contest | Tempo gasto: 0.04s
2026-08-13 13:38:32.987 | INFO    |src.controllers.geracao_agi_controller:_gerar_para_operadora:595 - [STEP] Iniciando: GeracaoAgiController.atualizar_despesa_contestacao
2026-08-13 13:38:32.987 | INFO    |src.controllers.geracao_agi_controller:atualizar_despesa_contestacao:1066 - [STEP] Iniciando: preparar_atualizacoes_despesa_contestacao
2026-08-13 13:38:32.989 | INFO    |comum.dados.repositorio_cache:obter_tabela:214 - Carregando tabela [tbl_rpa_log_detraf_despesa_contestacao]
2026-08-13 13:38:32.995 | INFO    |comum.dados.repositorio_cache:obter_tabela:214 - Tabela [tbl_rpa_log_detraf_despesa_contestacao] carregada | Linhas: 2 | Colunas: 19
2026-08-13 13:38:33.005 | INFO    |comum.utils.decoradores:wrapper:22 - [HU-19 Despesa Contestação] 1 atualização(ões) preparada(s).
2026-08-13 13:38:33.006 | INFO    |src.controllers.geracao_agi_controller:atualizar_despesa_contestacao:1066 - [STEP] Finalizando: preparar_atualizacoes_despesa_contestacao | Tempo gasto: 0.02s
2026-08-13 13:38:33.007 | WARNING |comum.dados.repositorio_tabelas:atualizar_despesa_contestacao:1019 - [HU-19 Despesa Contestação] A tabela 'tbl_rpa_log_detraf_despesa_contestacao' não tem a(s) coluna(s) vb_contestacao — NÃO gravada(s). As demais seguem normalmente. Um ALTER TABLE resolve; ver pendencias-para-o-cliente.md (Q24).
2026-08-13 13:38:33.042 | INFO    |comum.dados.repositorio_tabelas:_atualizar_contestacao_em_lote:976 - 1 linha(s) atualizada(s) em [tbl_rpa_log_detraf_despesa_contestacao].
2026-08-13 13:38:33.043 | INFO    |comum.dados.repositorio_cache:recarregar_cache_local:375 - Carregando tabela [tbl_rpa_log_detraf_despesa_contestacao]
2026-08-13 13:38:33.047 | INFO    |comum.dados.repositorio_cache:recarregar_cache_local:375 - Tabela [tbl_rpa_log_detraf_despesa_contestacao] carregada | Linhas: 2 | Colunas: 19
2026-08-13 13:38:33.048 | INFO    |comum.dados.repositorio_tabelas:atualizar_despesa_contestacao:1019 - [HU-19 Despesa Contestação] 1 linha(s) atualizada(s), 0 chave(s) ausente(s).
2026-08-13 13:38:33.048 | INFO    |src.controllers.geracao_agi_controller:_gerar_para_operadora:595 - [STEP] Finalizando: GeracaoAgiController.atualizar_despesa_contestacao | Tempo gasto: 0.06s
2026-08-13 13:38:33.049 | INFO    |src.controllers.geracao_agi_controller:_gerar_ext:633 - [STEP] Iniciando: montar_linhas_ext
2026-08-13 13:38:33.064 | INFO    |comum.utils.decoradores:wrapper:22 - [HU-12 EXT] 1 linha(s) montada(s).
2026-08-13 13:38:33.065 | INFO    |src.controllers.geracao_agi_controller:_gerar_ext:633 - [STEP] Finalizando: montar_linhas_ext | Tempo gasto: 0.02s
2026-08-13 13:38:33.065 | INFO    |src.controllers.geracao_agi_controller:_gerar_ext:639 - [STEP] Iniciando: gerar_arquivo_ext
2026-08-13 13:38:33.084 | INFO    |comum.utils.decoradores:wrapper:22 - [HU-12 EXT] Arquivo gravado em [C:\Users\Btime Soluções\AppData\Local\Temp\pytest-of-Btime Soluções\pytest-18\test_lista_explicita_permite_r0\Operadoras\CLARO\2025\202507\AGI\DE_AGI_D_202507_TBRA_X_CLARO_EXT.xlsx].
2026-08-13 13:38:33.085 | INFO    |src.controllers.geracao_agi_controller:_gerar_ext:639 - [STEP] Finalizando: gerar_arquivo_ext | Tempo gasto: 0.02s
2026-08-13 13:38:33.086 | INFO    |src.controllers.geracao_agi_controller:_gerar_int:648 - [STEP] Iniciando: montar_linhas_int
2026-08-13 13:38:33.101 | INFO    |comum.utils.decoradores:wrapper:22 - [HU-13 INT] 1 linha(s) montada(s) (COM retenção).
2026-08-13 13:38:33.101 | INFO    |src.controllers.geracao_agi_controller:_gerar_int:648 - [STEP] Finalizando: montar_linhas_int | Tempo gasto: 0.02s
2026-08-13 13:38:33.102 | INFO    |src.controllers.geracao_agi_controller:_gerar_int:654 - [STEP] Iniciando: gerar_arquivo_int
2026-08-13 13:38:33.120 | INFO    |comum.utils.decoradores:wrapper:22 - [HU-13 INT] Arquivo gravado em [C:\Users\Btime Soluções\AppData\Local\Temp\pytest-of-Btime Soluções\pytest-18\test_lista_explicita_permite_r0\Operadoras\CLARO\2025\202507\AGI\DE_AGI_D_202507_TBRA_X_CLARO_INT.xlsx].
2026-08-13 13:38:33.120 | INFO    |src.controllers.geracao_agi_controller:_gerar_int:654 - [STEP] Finalizando: gerar_arquivo_int | Tempo gasto: 0.02s
2026-08-13 13:38:33.121 | INFO    |src.controllers.geracao_agi_controller:_gerar_env_e_carta:682 - [STEP] Iniciando: montar_abas_env
2026-08-13 13:38:33.139 | INFO    |comum.utils.decoradores:wrapper:22 - [HU-14 _EXP] Contest: 1 linha(s) contestada(s); TBRA: 1 linha(s) correspondente(s).
2026-08-13 13:38:33.140 | INFO    |src.controllers.geracao_agi_controller:_gerar_env_e_carta:682 - [STEP] Finalizando: montar_abas_env | Tempo gasto: 0.02s
2026-08-13 13:38:33.141 | INFO    |src.controllers.geracao_agi_controller:_gerar_env_e_carta:690 - [STEP] Iniciando: gerar_arquivo_env
2026-08-13 13:38:33.170 | INFO    |comum.utils.decoradores:wrapper:22 - [HU-14 _EXP] Arquivo gravado em [C:\Users\Btime Soluções\AppData\Local\Temp\pytest-of-Btime Soluções\pytest-18\test_lista_explicita_permite_r0\Operadoras\CLARO\2025\202507\Contestações\Base Contestação_CLARO_202507_EXP.xlsx].
2026-08-13 13:38:33.171 | INFO    |src.controllers.geracao_agi_controller:_gerar_env_e_carta:690 - [STEP] Finalizando: gerar_arquivo_env | Tempo gasto: 0.03s
2026-08-13 13:38:33.185 | ERROR   |src.controllers.geracao_agi_controller:_gerar_para_operadora:606 - [RPA 3] Numeração CT indisponível: CAMINHO_CONTROLE_CT não está configurado. É a pasta '...\Correspondências Enviadas\CT', de onde sai o último número de carta emitido — sem ela a HU-14 não pode gerar carta sem arriscar duplicar a numeração. A geração de CARTA fica desabilitada para toda esta execução — os demais artefatos continuam sendo gerados.
2026-08-13 13:38:33.186 | INFO    |src.controllers.geracao_agi_controller:_gerar_para_operadora:617 - [STEP] Iniciando: GeracaoAgiController.gerar_cont_proc
2026-08-13 13:38:33.187 | INFO    |src.controllers.geracao_agi_controller:gerar_cont_proc:1030 - [STEP] Iniciando: montar_linhas_cont_proc
2026-08-13 13:38:33.187 | INFO    |src.services.geracao_cont_proc:montar_linhas_cont_proc:224 - [STEP] Iniciando: selecionar_linhas_contestadas
2026-08-13 13:38:33.200 | INFO    |comum.utils.decoradores:wrapper:22 - [HU-16 CONT_PROC] 1 linha(s) contestada(s).
2026-08-13 13:38:33.201 | INFO    |src.services.geracao_cont_proc:montar_linhas_cont_proc:224 - [STEP] Finalizando: selecionar_linhas_contestadas | Tempo gasto: 0.01s
2026-08-13 13:38:33.204 | INFO    |comum.utils.decoradores:wrapper:22 - [HU-16 CONT_PROC] 1 linha(s) montada(s) (T-100+T-101 completos).
2026-08-13 13:38:33.205 | INFO    |src.controllers.geracao_agi_controller:gerar_cont_proc:1030 - [STEP] Finalizando: montar_linhas_cont_proc | Tempo gasto: 0.02s
2026-08-13 13:38:33.205 | INFO    |src.controllers.geracao_agi_controller:gerar_cont_proc:1036 - [STEP] Iniciando: gerar_arquivo_cont_proc
2026-08-13 13:38:33.223 | INFO    |comum.utils.decoradores:wrapper:22 - [HU-16 CONT_PROC] Arquivo gravado em [C:\Users\Btime Soluções\AppData\Local\Temp\pytest-of-Btime Soluções\pytest-18\test_lista_explicita_permite_r0\Operadoras\CLARO\2025\202507\AGI\CONT_PROC_MASCARA_CLARO_202507.xlsx].
2026-08-13 13:38:33.223 | INFO    |src.controllers.geracao_agi_controller:gerar_cont_proc:1036 - [STEP] Finalizando: gerar_arquivo_cont_proc | Tempo gasto: 0.02s
2026-08-13 13:38:33.224 | INFO    |src.controllers.geracao_agi_controller:gerar_cont_proc:1046 - [STEP] Iniciando: selecionar_linhas_contestadas
2026-08-13 13:38:33.235 | INFO    |comum.utils.decoradores:wrapper:22 - [HU-16 CONT_PROC] 1 linha(s) contestada(s).
2026-08-13 13:38:33.236 | INFO    |src.controllers.geracao_agi_controller:gerar_cont_proc:1046 - [STEP] Finalizando: selecionar_linhas_contestadas | Tempo gasto: 0.01s
2026-08-13 13:38:33.243 | INFO    |comum.dados.repositorio_tabelas:_atualizar_contestacao_em_lote:976 - 1 linha(s) atualizada(s) em [tbl_rpa_log_detraf_despesa_contestacao].
2026-08-13 13:38:33.244 | INFO    |comum.dados.repositorio_cache:recarregar_cache_local:375 - Carregando tabela [tbl_rpa_log_detraf_despesa_contestacao]
2026-08-13 13:38:33.249 | INFO    |comum.dados.repositorio_cache:recarregar_cache_local:375 - Tabela [tbl_rpa_log_detraf_despesa_contestacao] carregada | Linhas: 2 | Colunas: 19
2026-08-13 13:38:33.250 | INFO    |comum.dados.repositorio_tabelas:atualizar_tipo_contestacao:1046 - [HU-16 Writeback tipo_contestacao] 1 linha(s) atualizada(s), 0 chave(s) ausente(s).
2026-08-13 13:38:33.250 | INFO    |src.controllers.geracao_agi_controller:_gerar_para_operadora:617 - [STEP] Finalizando: GeracaoAgiController.gerar_cont_proc | Tempo gasto: 0.06s
2026-08-13 13:38:33.251 | INFO    |src.controllers.geracao_agi_controller:_pausar_apos_artefatos:530 - [RPA 3 — etapa 1/4: artefatos] 1 operadora(s) em 202507:
2026-08-13 13:38:33.251 | INFO    |src.controllers.geracao_agi_controller:_pausar_apos_artefatos:530 - [RPA 3 — etapa 1/4: artefatos]   CLARO                EXT · INT · _EXP · CONT_PROC
2026-08-13 13:38:33.252 | INFO    |src.controllers.geracao_agi_controller:_pausar_apos_artefatos:530 - [RPA 3 — etapa 1/4: artefatos]                        pulado: carta desabilitada nesta execução (numeração CT)
2026-08-13 13:38:33.252 | INFO    |src.controllers.geracao_agi_controller:_pausar_apos_artefatos:530 - [RPA 3 — etapa 1/4: artefatos] Pasta: C:\Users\Btime Soluções\AppData\Local\Temp\pytest-of-Btime Soluções\pytest-18\test_lista_explicita_permite_r0\Operadoras
2026-08-13 13:38:33.253 | INFO    |src.controllers.geracao_agi_controller:_pausar_apos_artefatos:530 - [RPA 3 — etapa 1/4: artefatos] ────────────────────────────────────────────────────────────
2026-08-13 13:38:33.253 | INFO    |src.controllers.geracao_agi_controller:_pausar_apos_artefatos:530 - [RPA 3 — etapa 1/4: artefatos] PRÓXIMA ETAPA: carga no AGI (HU-17/HU-18) — ESCREVE NO AGI
2026-08-13 13:38:33.253 | INFO    |src.controllers.geracao_agi_controller:gerar_artefatos:332 - [RPA 3 — etapa 2/4: carga no AGI] 1 operadora(s) na lista de carga.
2026-08-13 13:38:33.254 | INFO    |src.controllers.geracao_agi_controller:gerar_artefatos:332 - [RPA 3 — etapa 2/4: carga no AGI] Upload no AGI: desligado — nada foi enviado, só registrado no log.
2026-08-13 13:38:33.254 | INFO    |src.controllers.geracao_agi_controller:gerar_artefatos:332 - [RPA 3 — etapa 2/4: carga no AGI] Confira no AGI se a carga entrou, e o campo `carga_agi` na tabela de contestação.
2026-08-13 13:38:33.255 | INFO    |src.controllers.geracao_agi_controller:gerar_artefatos:332 - [RPA 3 — etapa 2/4: carga no AGI] ────────────────────────────────────────────────────────────
2026-08-13 13:38:33.255 | INFO    |src.controllers.geracao_agi_controller:gerar_artefatos:332 - [RPA 3 — etapa 2/4: carga no AGI] PRÓXIMA ETAPA: e-mail de contestação à operadora (HU-15) — SAI DA EMPRESA
2026-08-13 13:38:33.255 | INFO    |src.controllers.geracao_agi_controller:gerar_artefatos:368 - [RPA 3 — etapa 3/4: e-mail de contestação] Envio de e-mail: desligado — o e-mail foi montado e registrado, não enviado.
2026-08-13 13:38:33.256 | INFO    |src.controllers.geracao_agi_controller:gerar_artefatos:368 - [RPA 3 — etapa 3/4: e-mail de contestação] Contatos: não configurados (pendência Q16) — nada é enviado
2026-08-13 13:38:33.256 | INFO    |src.controllers.geracao_agi_controller:gerar_artefatos:368 - [RPA 3 — etapa 3/4: e-mail de contestação] ────────────────────────────────────────────────────────────
2026-08-13 13:38:33.257 | INFO    |src.controllers.geracao_agi_controller:gerar_artefatos:368 - [RPA 3 — etapa 3/4: e-mail de contestação] PRÓXIMA ETAPA: conferência do relatório contra o EC (HU-20)
2026-08-13 13:38:33.257 | INFO    |src.controllers.geracao_agi_controller:_verificar_relatorio:895 - [STEP] Iniciando: VerificacaoRelatorio.executar
2026-08-13 13:38:33.257 | INFO    |comum.utils.decoradores:wrapper:22 - [MODO SEGURO] PERMITIR_ACESSO_AGI=false — o AGI não será aberto. A verificação usa o relatório já em [C:\projetos\MVP2\MVP2\MVP2\DETRAF-UNIFICADO\unificado\logs\relatorio_agi\remessa_baixada.csv].
2026-08-13 13:38:33.258 | INFO    |src.controllers.geracao_agi_controller:_verificar_relatorio:895 - [STEP] Finalizando: VerificacaoRelatorio.executar | Tempo gasto: 0.0s
2026-08-13 13:38:33.258 | WARNING |src.controllers.geracao_agi_controller:gerar_artefatos:398 - [RPA 3] HU-20 não executada: Relatório do AGI não encontrado em [C:\projetos\MVP2\MVP2\MVP2\DETRAF-UNIFICADO\unificado\logs\relatorio_agi\remessa_baixada.csv]. Com PERMITIR_ACESSO_AGI desligado, é preciso baixá-lo antes.
2026-08-13 13:38:33.259 | INFO    |src.controllers.geracao_agi_controller:gerar_artefatos:402 - [RPA 3 — etapa 4/4: conferência do relatório] A conferência compara o relatório do AGI com o Encontro de Contas do banco.
2026-08-13 13:38:33.259 | INFO    |src.controllers.geracao_agi_controller:gerar_artefatos:402 - [RPA 3 — etapa 4/4: conferência do relatório] A planilha de inconsistências só é gravada quando há divergência — nenhum arquivo significa nenhuma divergência.
2026-08-13 13:38:33.260 | INFO    |src.controllers.geracao_agi_controller:gerar_artefatos:402 - [RPA 3 — etapa 4/4: conferência do relatório] Pasta: C:\projetos\MVP2\MVP2\MVP2\DETRAF-UNIFICADO\unificado\logs\inconsistencias
2026-08-13 13:38:33.261 | INFO    |src.controllers.geracao_agi_controller:gerar_artefatos:402 - [RPA 3 — etapa 4/4: conferência do relatório] ────────────────────────────────────────────────────────────
2026-08-13 13:38:33.262 | INFO    |src.controllers.geracao_agi_controller:gerar_artefatos:402 - [RPA 3 — etapa 4/4: conferência do relatório] Esta é a última etapa da execução.
2026-08-13 13:38:33.263 | INFO    |src.controllers.geracao_agi_controller:gerar_artefatos:415 - [RPA 3] Resumo de 202507 — 1 operadora(s): EXT 1, INT 1, _EXP 1, carta 0, CONT_PROC 1.
2026-08-13 13:38:33.263 | INFO    |src.controllers.geracao_agi_controller:gerar_artefatos:415 - [RPA 3]   CLARO: carta desabilitada nesta execução (numeração CT).
2026-08-13 13:38:33.263 | WARNING |src.controllers.geracao_agi_controller:gerar_artefatos:415 - [RPA 3] HU-15 sem destinatários: a tabela de contatos do WebFat continua sem resposta do cliente (pendência Q16). A ponte é apontar CAMINHO_CONTATOS_OPERADORAS para um CSV `operadora;emails`.
2026-08-13 13:38:33.266 | INFO    |src.controllers.geracao_agi_controller:_gravar_relatorio:956 - [Relatório] Resumo da execução em [C:\projetos\MVP2\MVP2\MVP2\DETRAF-UNIFICADO\unificado\logs\DESKTOP-64TNDKM\rpa3_contestacao_agi_ec\execucoes\2026-08-13_13-38-33.md].
2026-08-13 13:38:33.266 | INFO    |test_orquestracao_rpa3:test_lista_explicita_permite_reprocessar_uma_operadora:161 - [STEP] Finalizando: GeracaoAgiController.gerar_artefatos | Tempo gasto: 0.35s
2026-08-13 13:38:33.278 | INFO    |comum.dados.repositorio_cache:__init__:77 - Inicializando conexão com o banco no ambiente [dev]
2026-08-13 13:38:33.279 | INFO    |comum.dados.repositorio_cache:__init__:77 - Utilizando SQLite local [C:\Users\BTIMES~1\AppData\Local\Temp\detraf_epico4_teste_9l21xs1s\TABELAS_DETRAF_TESTE.db]
2026-08-13 13:38:33.292 | INFO    |test_orquestracao_rpa3:test_cenario_com_retencao_gera_os_cinco_artefatos:180 - [STEP] Iniciando: GeracaoAgiController.gerar_artefatos
2026-08-13 13:38:33.294 | INFO    |comum.utils.decoradores:wrapper:22 - [RPA 3] 1 operadora(s) em 202507: CLARO.
2026-08-13 13:38:33.295 | INFO    |comum.dados.repositorio_cache:obter_tabela:214 - Carregando tabela [tbl_detraf_mapeamento_descritores]
2026-08-13 13:38:33.300 | INFO    |comum.dados.repositorio_cache:obter_tabela:214 - Tabela [tbl_detraf_mapeamento_descritores] carregada | Linhas: 25 | Colunas: 5
2026-08-13 13:38:33.307 | INFO    |src.controllers.geracao_agi_controller:_gerar_para_operadora:558 - [STEP] Iniciando: consolidar_detrafs_operadora
2026-08-13 13:38:33.308 | INFO    |src.services.consolidacao_contestacao:consolidar_detrafs_operadora:174 - [Consolidação] 1 arquivo(s) encontrado(s) em [C:\Users\Btime Soluções\AppData\Local\Temp\pytest-of-Btime Soluções\pytest-18\test_cenario_com_retencao_gera0\Operadoras\CLARO\2025\202507\Detrafs Recebidos].
2026-08-13 13:38:33.314 | INFO    |src.services.consolidacao_contestacao:consolidar_detrafs_operadora:177 - [Consolidação] [DETRAF_D_CLARO_202507.csv]: 1 linha(s) -> 1 após remover totais.
2026-08-13 13:38:33.315 | INFO    |src.services.consolidacao_contestacao:consolidar_detrafs_operadora:177 - [Consolidação] Consolidado: 1 linha(s) de 1 arquivo(s).
2026-08-13 13:38:33.316 | INFO    |src.controllers.geracao_agi_controller:_gerar_para_operadora:558 - [STEP] Finalizando: consolidar_detrafs_operadora | Tempo gasto: 0.01s
2026-08-13 13:38:33.316 | INFO    |src.controllers.geracao_agi_controller:_gerar_para_operadora:574 - [STEP] Iniciando: consolidar_expectativa_vivo
2026-08-13 13:38:33.318 | INFO    |src.services.consolidacao_contestacao:consolidar_expectativa_vivo:207 - [Consolidação] 1 arquivo(s) encontrado(s) em [C:\Users\Btime Soluções\AppData\Local\Temp\pytest-of-Btime Soluções\pytest-18\test_cenario_com_retencao_gera0\Operadoras\CLARO\2025\202507\Detrafs Enviados].
2026-08-13 13:38:33.322 | INFO    |src.services.consolidacao_contestacao:consolidar_expectativa_vivo:211 - [Consolidação] [DE_D_TBRA_CLARO_202507.csv]: 1 linha(s) -> 1 após remover totais.
2026-08-13 13:38:33.323 | INFO    |src.services.consolidacao_contestacao:consolidar_expectativa_vivo:211 - [Consolidação] Consolidado: 1 linha(s) de 1 arquivo(s).
2026-08-13 13:38:33.323 | INFO    |src.controllers.geracao_agi_controller:_gerar_para_operadora:574 - [STEP] Finalizando: consolidar_expectativa_vivo | Tempo gasto: 0.01s
2026-08-13 13:38:33.324 | INFO    |src.controllers.geracao_agi_controller:_gerar_para_operadora:586 - [STEP] Iniciando: montar_contest
2026-08-13 13:38:33.363 | INFO    |comum.utils.decoradores:wrapper:22 - [Consolidação] Contest: 1 combinação(ões) analisada(s).
2026-08-13 13:38:33.364 | INFO    |src.controllers.geracao_agi_controller:_gerar_para_operadora:586 - [STEP] Finalizando: montar_contest | Tempo gasto: 0.04s
2026-08-13 13:38:33.364 | INFO    |src.controllers.geracao_agi_controller:_gerar_para_operadora:595 - [STEP] Iniciando: GeracaoAgiController.atualizar_despesa_contestacao
2026-08-13 13:38:33.365 | INFO    |src.controllers.geracao_agi_controller:atualizar_despesa_contestacao:1066 - [STEP] Iniciando: preparar_atualizacoes_despesa_contestacao
2026-08-13 13:38:33.366 | INFO    |comum.dados.repositorio_cache:obter_tabela:214 - Carregando tabela [tbl_rpa_log_detraf_despesa_contestacao]
2026-08-13 13:38:33.370 | INFO    |comum.dados.repositorio_cache:obter_tabela:214 - Tabela [tbl_rpa_log_detraf_despesa_contestacao] carregada | Linhas: 2 | Colunas: 19
2026-08-13 13:38:33.379 | INFO    |comum.utils.decoradores:wrapper:22 - [HU-19 Despesa Contestação] 1 atualização(ões) preparada(s).
2026-08-13 13:38:33.380 | INFO    |src.controllers.geracao_agi_controller:atualizar_despesa_contestacao:1066 - [STEP] Finalizando: preparar_atualizacoes_despesa_contestacao | Tempo gasto: 0.01s
2026-08-13 13:38:33.380 | WARNING |comum.dados.repositorio_tabelas:atualizar_despesa_contestacao:1019 - [HU-19 Despesa Contestação] A tabela 'tbl_rpa_log_detraf_despesa_contestacao' não tem a(s) coluna(s) vb_contestacao — NÃO gravada(s). As demais seguem normalmente. Um ALTER TABLE resolve; ver pendencias-para-o-cliente.md (Q24).
2026-08-13 13:38:33.394 | INFO    |comum.dados.repositorio_tabelas:_atualizar_contestacao_em_lote:976 - 1 linha(s) atualizada(s) em [tbl_rpa_log_detraf_despesa_contestacao].
2026-08-13 13:38:33.394 | INFO    |comum.dados.repositorio_cache:recarregar_cache_local:375 - Carregando tabela [tbl_rpa_log_detraf_despesa_contestacao]
2026-08-13 13:38:33.399 | INFO    |comum.dados.repositorio_cache:recarregar_cache_local:375 - Tabela [tbl_rpa_log_detraf_despesa_contestacao] carregada | Linhas: 2 | Colunas: 19
2026-08-13 13:38:33.400 | INFO    |comum.dados.repositorio_tabelas:atualizar_despesa_contestacao:1019 - [HU-19 Despesa Contestação] 1 linha(s) atualizada(s), 0 chave(s) ausente(s).
2026-08-13 13:38:33.400 | INFO    |src.controllers.geracao_agi_controller:_gerar_para_operadora:595 - [STEP] Finalizando: GeracaoAgiController.atualizar_despesa_contestacao | Tempo gasto: 0.04s
2026-08-13 13:38:33.401 | INFO    |src.controllers.geracao_agi_controller:_gerar_ext:633 - [STEP] Iniciando: montar_linhas_ext
2026-08-13 13:38:33.418 | INFO    |comum.utils.decoradores:wrapper:22 - [HU-12 EXT] 1 linha(s) montada(s).
2026-08-13 13:38:33.419 | INFO    |src.controllers.geracao_agi_controller:_gerar_ext:633 - [STEP] Finalizando: montar_linhas_ext | Tempo gasto: 0.02s
2026-08-13 13:38:33.420 | INFO    |src.controllers.geracao_agi_controller:_gerar_ext:639 - [STEP] Iniciando: gerar_arquivo_ext
2026-08-13 13:38:33.438 | INFO    |comum.utils.decoradores:wrapper:22 - [HU-12 EXT] Arquivo gravado em [C:\Users\Btime Soluções\AppData\Local\Temp\pytest-of-Btime Soluções\pytest-18\test_cenario_com_retencao_gera0\Operadoras\CLARO\2025\202507\AGI\DE_AGI_D_202507_TBRA_X_CLARO_EXT.xlsx].
2026-08-13 13:38:33.439 | INFO    |src.controllers.geracao_agi_controller:_gerar_ext:639 - [STEP] Finalizando: gerar_arquivo_ext | Tempo gasto: 0.02s
2026-08-13 13:38:33.439 | INFO    |src.controllers.geracao_agi_controller:_gerar_int:648 - [STEP] Iniciando: montar_linhas_int
2026-08-13 13:38:33.456 | INFO    |comum.utils.decoradores:wrapper:22 - [HU-13 INT] 1 linha(s) montada(s) (COM retenção).
2026-08-13 13:38:33.456 | INFO    |src.controllers.geracao_agi_controller:_gerar_int:648 - [STEP] Finalizando: montar_linhas_int | Tempo gasto: 0.02s
2026-08-13 13:38:33.457 | INFO    |src.controllers.geracao_agi_controller:_gerar_int:654 - [STEP] Iniciando: gerar_arquivo_int
2026-08-13 13:38:33.475 | INFO    |comum.utils.decoradores:wrapper:22 - [HU-13 INT] Arquivo gravado em [C:\Users\Btime Soluções\AppData\Local\Temp\pytest-of-Btime Soluções\pytest-18\test_cenario_com_retencao_gera0\Operadoras\CLARO\2025\202507\AGI\DE_AGI_D_202507_TBRA_X_CLARO_INT.xlsx].
2026-08-13 13:38:33.476 | INFO    |src.controllers.geracao_agi_controller:_gerar_int:654 - [STEP] Finalizando: gerar_arquivo_int | Tempo gasto: 0.02s
2026-08-13 13:38:33.477 | INFO    |src.controllers.geracao_agi_controller:_gerar_env_e_carta:682 - [STEP] Iniciando: montar_abas_env
2026-08-13 13:38:33.497 | INFO    |comum.utils.decoradores:wrapper:22 - [HU-14 _EXP] Contest: 1 linha(s) contestada(s); TBRA: 1 linha(s) correspondente(s).
2026-08-13 13:38:33.498 | INFO    |src.controllers.geracao_agi_controller:_gerar_env_e_carta:682 - [STEP] Finalizando: montar_abas_env | Tempo gasto: 0.02s
2026-08-13 13:38:33.498 | INFO    |src.controllers.geracao_agi_controller:_gerar_env_e_carta:690 - [STEP] Iniciando: gerar_arquivo_env
2026-08-13 13:38:33.531 | INFO    |comum.utils.decoradores:wrapper:22 - [HU-14 _EXP] Arquivo gravado em [C:\Users\Btime Soluções\AppData\Local\Temp\pytest-of-Btime Soluções\pytest-18\test_cenario_com_retencao_gera0\Operadoras\CLARO\2025\202507\Contestações\Base Contestação_CLARO_202507_EXP.xlsx].
2026-08-13 13:38:33.532 | INFO    |src.controllers.geracao_agi_controller:_gerar_env_e_carta:690 - [STEP] Finalizando: gerar_arquivo_env | Tempo gasto: 0.03s
2026-08-13 13:38:33.545 | INFO    |src.controllers.geracao_agi_controller:_emitir_cartas:756 - [STEP] Iniciando: obter_proximo_numero_carta
2026-08-13 13:38:33.547 | INFO    |comum.utils.decoradores:wrapper:22 - [HU-14] Último número CT encontrado: 362. Próximo: 363.
2026-08-13 13:38:33.547 | INFO    |src.controllers.geracao_agi_controller:_emitir_cartas:756 - [STEP] Finalizando: obter_proximo_numero_carta | Tempo gasto: 0.0s
2026-08-13 13:38:33.548 | INFO    |src.controllers.geracao_agi_controller:_emitir_cartas:764 - [STEP] Iniciando: montar_tabelas_carta
2026-08-13 13:38:33.555 | INFO    |comum.utils.decoradores:wrapper:22 - [HU-14 Carta] 1 tabela(s) de remuneração montada(s).
2026-08-13 13:38:33.556 | INFO    |src.controllers.geracao_agi_controller:_emitir_cartas:764 - [STEP] Finalizando: montar_tabelas_carta | Tempo gasto: 0.01s
2026-08-13 13:38:33.556 | INFO    |src.controllers.geracao_agi_controller:_emitir_cartas:758 - [STEP] Iniciando: renderizar_carta
2026-08-13 13:38:33.604 | INFO    |comum.utils.decoradores:wrapper:22 - [HU-14 Carta] Carta CT-363 renderizada (1 tabela(s)).
2026-08-13 13:38:33.604 | INFO    |src.controllers.geracao_agi_controller:_emitir_cartas:758 - [STEP] Finalizando: renderizar_carta | Tempo gasto: 0.05s
2026-08-13 13:38:33.605 | INFO    |src.controllers.geracao_agi_controller:_emitir_cartas:768 - [STEP] Iniciando: gerar_arquivo_carta
2026-08-13 13:38:33.637 | INFO    |comum.utils.decoradores:wrapper:22 - [HU-14 Carta] Carta gravada em [C:\Users\Btime Soluções\AppData\Local\Temp\pytest-of-Btime Soluções\pytest-18\test_cenario_com_retencao_gera0\Operadoras\CLARO\2025\202507\Contestações\CT - 363.docx], cópia em [C:\Users\Btime Soluções\AppData\Local\Temp\pytest-of-Btime Soluções\pytest-18\test_cenario_com_retencao_gera0\CT\2025\CT - 363.docx].
2026-08-13 13:38:33.637 | INFO    |src.controllers.geracao_agi_controller:_emitir_cartas:768 - [STEP] Finalizando: gerar_arquivo_carta | Tempo gasto: 0.03s
2026-08-13 13:38:33.638 | INFO    |src.controllers.geracao_agi_controller:_gerar_env_e_carta:710 - [RPA 3] CLARO: carta CT 363 — COM retenção.
2026-08-13 13:38:33.639 | INFO    |src.controllers.geracao_agi_controller:_gerar_para_operadora:617 - [STEP] Iniciando: GeracaoAgiController.gerar_cont_proc
2026-08-13 13:38:33.639 | INFO    |src.controllers.geracao_agi_controller:gerar_cont_proc:1030 - [STEP] Iniciando: montar_linhas_cont_proc
2026-08-13 13:38:33.640 | INFO    |src.services.geracao_cont_proc:montar_linhas_cont_proc:224 - [STEP] Iniciando: selecionar_linhas_contestadas
2026-08-13 13:38:33.651 | INFO    |comum.utils.decoradores:wrapper:22 - [HU-16 CONT_PROC] 1 linha(s) contestada(s).
2026-08-13 13:38:33.652 | INFO    |src.services.geracao_cont_proc:montar_linhas_cont_proc:224 - [STEP] Finalizando: selecionar_linhas_contestadas | Tempo gasto: 0.01s
2026-08-13 13:38:33.656 | INFO    |comum.utils.decoradores:wrapper:22 - [HU-16 CONT_PROC] 1 linha(s) montada(s) (T-100+T-101 completos).
2026-08-13 13:38:33.656 | INFO    |src.controllers.geracao_agi_controller:gerar_cont_proc:1030 - [STEP] Finalizando: montar_linhas_cont_proc | Tempo gasto: 0.02s
2026-08-13 13:38:33.657 | INFO    |src.controllers.geracao_agi_controller:gerar_cont_proc:1036 - [STEP] Iniciando: gerar_arquivo_cont_proc
2026-08-13 13:38:33.678 | INFO    |comum.utils.decoradores:wrapper:22 - [HU-16 CONT_PROC] Arquivo gravado em [C:\Users\Btime Soluções\AppData\Local\Temp\pytest-of-Btime Soluções\pytest-18\test_cenario_com_retencao_gera0\Operadoras\CLARO\2025\202507\AGI\CONT_PROC_MASCARA_CLARO_202507.xlsx].
2026-08-13 13:38:33.679 | INFO    |src.controllers.geracao_agi_controller:gerar_cont_proc:1036 - [STEP] Finalizando: gerar_arquivo_cont_proc | Tempo gasto: 0.02s
2026-08-13 13:38:33.679 | INFO    |src.controllers.geracao_agi_controller:gerar_cont_proc:1046 - [STEP] Iniciando: selecionar_linhas_contestadas
2026-08-13 13:38:33.688 | INFO    |comum.utils.decoradores:wrapper:22 - [HU-16 CONT_PROC] 1 linha(s) contestada(s).
2026-08-13 13:38:33.689 | INFO    |src.controllers.geracao_agi_controller:gerar_cont_proc:1046 - [STEP] Finalizando: selecionar_linhas_contestadas | Tempo gasto: 0.01s
2026-08-13 13:38:33.699 | INFO    |comum.dados.repositorio_tabelas:_atualizar_contestacao_em_lote:976 - 1 linha(s) atualizada(s) em [tbl_rpa_log_detraf_despesa_contestacao].
2026-08-13 13:38:33.700 | INFO    |comum.dados.repositorio_cache:recarregar_cache_local:375 - Carregando tabela [tbl_rpa_log_detraf_despesa_contestacao]
2026-08-13 13:38:33.703 | INFO    |comum.dados.repositorio_cache:recarregar_cache_local:375 - Tabela [tbl_rpa_log_detraf_despesa_contestacao] carregada | Linhas: 2 | Colunas: 19
2026-08-13 13:38:33.704 | INFO    |comum.dados.repositorio_tabelas:atualizar_tipo_contestacao:1046 - [HU-16 Writeback tipo_contestacao] 1 linha(s) atualizada(s), 0 chave(s) ausente(s).
2026-08-13 13:38:33.705 | INFO    |src.controllers.geracao_agi_controller:_gerar_para_operadora:617 - [STEP] Finalizando: GeracaoAgiController.gerar_cont_proc | Tempo gasto: 0.07s
2026-08-13 13:38:33.705 | INFO    |src.controllers.geracao_agi_controller:_pausar_apos_artefatos:530 - [RPA 3 — etapa 1/4: artefatos] 1 operadora(s) em 202507:
2026-08-13 13:38:33.706 | INFO    |src.controllers.geracao_agi_controller:_pausar_apos_artefatos:530 - [RPA 3 — etapa 1/4: artefatos]   CLARO                EXT · INT · _EXP · 1 carta(s) · CONT_PROC
2026-08-13 13:38:33.706 | INFO    |src.controllers.geracao_agi_controller:_pausar_apos_artefatos:530 - [RPA 3 — etapa 1/4: artefatos] Pasta: C:\Users\Btime Soluções\AppData\Local\Temp\pytest-of-Btime Soluções\pytest-18\test_cenario_com_retencao_gera0\Operadoras
2026-08-13 13:38:33.707 | INFO    |src.controllers.geracao_agi_controller:_pausar_apos_artefatos:530 - [RPA 3 — etapa 1/4: artefatos] ────────────────────────────────────────────────────────────
2026-08-13 13:38:33.707 | INFO    |src.controllers.geracao_agi_controller:_pausar_apos_artefatos:530 - [RPA 3 — etapa 1/4: artefatos] PRÓXIMA ETAPA: carga no AGI (HU-17/HU-18) — ESCREVE NO AGI
2026-08-13 13:38:33.708 | INFO    |src.controllers.geracao_agi_controller:gerar_artefatos:332 - [RPA 3 — etapa 2/4: carga no AGI] 1 operadora(s) na lista de carga.
2026-08-13 13:38:33.708 | INFO    |src.controllers.geracao_agi_controller:gerar_artefatos:332 - [RPA 3 — etapa 2/4: carga no AGI] Upload no AGI: desligado — nada foi enviado, só registrado no log.
2026-08-13 13:38:33.708 | INFO    |src.controllers.geracao_agi_controller:gerar_artefatos:332 - [RPA 3 — etapa 2/4: carga no AGI] Confira no AGI se a carga entrou, e o campo `carga_agi` na tabela de contestação.
2026-08-13 13:38:33.708 | INFO    |src.controllers.geracao_agi_controller:gerar_artefatos:332 - [RPA 3 — etapa 2/4: carga no AGI] ────────────────────────────────────────────────────────────
2026-08-13 13:38:33.709 | INFO    |src.controllers.geracao_agi_controller:gerar_artefatos:332 - [RPA 3 — etapa 2/4: carga no AGI] PRÓXIMA ETAPA: e-mail de contestação à operadora (HU-15) — SAI DA EMPRESA
2026-08-13 13:38:33.709 | WARNING |src.controllers.geracao_agi_controller:<genexpr>:840 - [HU-15] Contatos de 'CLARO' indisponíveis: a tabela de contatos do WebFat ainda não foi informada pelo cliente (pendência Q16), e CAMINHO_CONTATOS_OPERADORAS não está configurado.
2026-08-13 13:38:33.710 | WARNING |src.controllers.geracao_agi_controller:gerar_artefatos:360 - [RPA 3] Nenhum destinatário para as 1 contestação(ões) do mês — o Outlook nem chega a ser aberto. Pendência Q16.
2026-08-13 13:38:33.711 | INFO    |src.controllers.geracao_agi_controller:gerar_artefatos:368 - [RPA 3 — etapa 3/4: e-mail de contestação] Envio de e-mail: desligado — o e-mail foi montado e registrado, não enviado.
2026-08-13 13:38:33.712 | INFO    |src.controllers.geracao_agi_controller:gerar_artefatos:368 - [RPA 3 — etapa 3/4: e-mail de contestação] Contatos: não configurados (pendência Q16) — nada é enviado
2026-08-13 13:38:33.712 | INFO    |src.controllers.geracao_agi_controller:gerar_artefatos:368 - [RPA 3 — etapa 3/4: e-mail de contestação] ────────────────────────────────────────────────────────────
2026-08-13 13:38:33.713 | INFO    |src.controllers.geracao_agi_controller:gerar_artefatos:368 - [RPA 3 — etapa 3/4: e-mail de contestação] PRÓXIMA ETAPA: conferência do relatório contra o EC (HU-20)
2026-08-13 13:38:33.713 | INFO    |src.controllers.geracao_agi_controller:_verificar_relatorio:895 - [STEP] Iniciando: VerificacaoRelatorio.executar
2026-08-13 13:38:33.714 | INFO    |comum.utils.decoradores:wrapper:22 - [MODO SEGURO] PERMITIR_ACESSO_AGI=false — o AGI não será aberto. A verificação usa o relatório já em [C:\projetos\MVP2\MVP2\MVP2\DETRAF-UNIFICADO\unificado\logs\relatorio_agi\remessa_baixada.csv].
2026-08-13 13:38:33.714 | INFO    |src.controllers.geracao_agi_controller:_verificar_relatorio:895 - [STEP] Finalizando: VerificacaoRelatorio.executar | Tempo gasto: 0.0s
2026-08-13 13:38:33.715 | WARNING |src.controllers.geracao_agi_controller:gerar_artefatos:398 - [RPA 3] HU-20 não executada: Relatório do AGI não encontrado em [C:\projetos\MVP2\MVP2\MVP2\DETRAF-UNIFICADO\unificado\logs\relatorio_agi\remessa_baixada.csv]. Com PERMITIR_ACESSO_AGI desligado, é preciso baixá-lo antes.
2026-08-13 13:38:33.715 | INFO    |src.controllers.geracao_agi_controller:gerar_artefatos:402 - [RPA 3 — etapa 4/4: conferência do relatório] A conferência compara o relatório do AGI com o Encontro de Contas do banco.
2026-08-13 13:38:33.716 | INFO    |src.controllers.geracao_agi_controller:gerar_artefatos:402 - [RPA 3 — etapa 4/4: conferência do relatório] A planilha de inconsistências só é gravada quando há divergência — nenhum arquivo significa nenhuma divergência.
2026-08-13 13:38:33.716 | INFO    |src.controllers.geracao_agi_controller:gerar_artefatos:402 - [RPA 3 — etapa 4/4: conferência do relatório] Pasta: C:\projetos\MVP2\MVP2\MVP2\DETRAF-UNIFICADO\unificado\logs\inconsistencias
2026-08-13 13:38:33.716 | INFO    |src.controllers.geracao_agi_controller:gerar_artefatos:402 - [RPA 3 — etapa 4/4: conferência do relatório] ────────────────────────────────────────────────────────────
2026-08-13 13:38:33.717 | INFO    |src.controllers.geracao_agi_controller:gerar_artefatos:402 - [RPA 3 — etapa 4/4: conferência do relatório] Esta é a última etapa da execução.
2026-08-13 13:38:33.717 | INFO    |src.controllers.geracao_agi_controller:gerar_artefatos:415 - [RPA 3] Resumo de 202507 — 1 operadora(s): EXT 1, INT 1, _EXP 1, carta 1, CONT_PROC 1.
2026-08-13 13:38:33.718 | INFO    |src.controllers.geracao_agi_controller:gerar_artefatos:415 - [RPA 3]   CLARO: e-mail de contestação não enviado.
2026-08-13 13:38:33.718 | WARNING |src.controllers.geracao_agi_controller:gerar_artefatos:415 - [RPA 3] HU-15 sem destinatários: a tabela de contatos do WebFat continua sem resposta do cliente (pendência Q16). A ponte é apontar CAMINHO_CONTATOS_OPERADORAS para um CSV `operadora;emails`.
2026-08-13 13:38:33.721 | INFO    |src.controllers.geracao_agi_controller:_gravar_relatorio:956 - [Relatório] Resumo da execução em [C:\projetos\MVP2\MVP2\MVP2\DETRAF-UNIFICADO\unificado\logs\DESKTOP-64TNDKM\rpa3_contestacao_agi_ec\execucoes\2026-08-13_13-38-33.md].
2026-08-13 13:38:33.722 | INFO    |test_orquestracao_rpa3:test_cenario_com_retencao_gera_os_cinco_artefatos:180 - [STEP] Finalizando: GeracaoAgiController.gerar_artefatos | Tempo gasto: 0.43s
2026-08-13 13:38:33.736 | INFO    |comum.dados.repositorio_cache:__init__:77 - Inicializando conexão com o banco no ambiente [dev]
2026-08-13 13:38:33.737 | INFO    |comum.dados.repositorio_cache:__init__:77 - Utilizando SQLite local [C:\Users\BTIMES~1\AppData\Local\Temp\detraf_epico4_teste_9l21xs1s\TABELAS_DETRAF_TESTE.db]
2026-08-13 13:38:33.755 | INFO    |test_orquestracao_rpa3:test_a_carta_recebe_o_proximo_numero_ct:199 - [STEP] Iniciando: GeracaoAgiController.gerar_artefatos
2026-08-13 13:38:33.756 | INFO    |comum.utils.decoradores:wrapper:22 - [RPA 3] 1 operadora(s) em 202507: CLARO.
2026-08-13 13:38:33.757 | INFO    |comum.dados.repositorio_cache:obter_tabela:214 - Carregando tabela [tbl_detraf_mapeamento_descritores]
2026-08-13 13:38:33.761 | INFO    |comum.dados.repositorio_cache:obter_tabela:214 - Tabela [tbl_detraf_mapeamento_descritores] carregada | Linhas: 25 | Colunas: 5
2026-08-13 13:38:33.768 | INFO    |src.controllers.geracao_agi_controller:_gerar_para_operadora:558 - [STEP] Iniciando: consolidar_detrafs_operadora
2026-08-13 13:38:33.770 | INFO    |src.services.consolidacao_contestacao:consolidar_detrafs_operadora:174 - [Consolidação] 1 arquivo(s) encontrado(s) em [C:\Users\Btime Soluções\AppData\Local\Temp\pytest-of-Btime Soluções\pytest-18\test_a_carta_recebe_o_proximo_0\Operadoras\CLARO\2025\202507\Detrafs Recebidos].
2026-08-13 13:38:33.776 | INFO    |src.services.consolidacao_contestacao:consolidar_detrafs_operadora:177 - [Consolidação] [DETRAF_D_CLARO_202507.csv]: 1 linha(s) -> 1 após remover totais.
2026-08-13 13:38:33.776 | INFO    |src.services.consolidacao_contestacao:consolidar_detrafs_operadora:177 - [Consolidação] Consolidado: 1 linha(s) de 1 arquivo(s).
2026-08-13 13:38:33.777 | INFO    |src.controllers.geracao_agi_controller:_gerar_para_operadora:558 - [STEP] Finalizando: consolidar_detrafs_operadora | Tempo gasto: 0.01s
2026-08-13 13:38:33.778 | INFO    |src.controllers.geracao_agi_controller:_gerar_para_operadora:574 - [STEP] Iniciando: consolidar_expectativa_vivo
2026-08-13 13:38:33.779 | INFO    |src.services.consolidacao_contestacao:consolidar_expectativa_vivo:207 - [Consolidação] 1 arquivo(s) encontrado(s) em [C:\Users\Btime Soluções\AppData\Local\Temp\pytest-of-Btime Soluções\pytest-18\test_a_carta_recebe_o_proximo_0\Operadoras\CLARO\2025\202507\Detrafs Enviados].
2026-08-13 13:38:33.785 | INFO    |src.services.consolidacao_contestacao:consolidar_expectativa_vivo:211 - [Consolidação] [DE_D_TBRA_CLARO_202507.csv]: 1 linha(s) -> 1 após remover totais.
2026-08-13 13:38:33.786 | INFO    |src.services.consolidacao_contestacao:consolidar_expectativa_vivo:211 - [Consolidação] Consolidado: 1 linha(s) de 1 arquivo(s).
2026-08-13 13:38:33.786 | INFO    |src.controllers.geracao_agi_controller:_gerar_para_operadora:574 - [STEP] Finalizando: consolidar_expectativa_vivo | Tempo gasto: 0.01s
2026-08-13 13:38:33.787 | INFO    |src.controllers.geracao_agi_controller:_gerar_para_operadora:586 - [STEP] Iniciando: montar_contest
2026-08-13 13:38:33.823 | INFO    |comum.utils.decoradores:wrapper:22 - [Consolidação] Contest: 1 combinação(ões) analisada(s).
2026-08-13 13:38:33.823 | INFO    |src.controllers.geracao_agi_controller:_gerar_para_operadora:586 - [STEP] Finalizando: montar_contest | Tempo gasto: 0.04s
2026-08-13 13:38:33.824 | INFO    |src.controllers.geracao_agi_controller:_gerar_para_operadora:595 - [STEP] Iniciando: GeracaoAgiController.atualizar_despesa_contestacao
2026-08-13 13:38:33.824 | INFO    |src.controllers.geracao_agi_controller:atualizar_despesa_contestacao:1066 - [STEP] Iniciando: preparar_atualizacoes_despesa_contestacao
2026-08-13 13:38:33.827 | INFO    |comum.dados.repositorio_cache:obter_tabela:214 - Carregando tabela [tbl_rpa_log_detraf_despesa_contestacao]
2026-08-13 13:38:33.831 | INFO    |comum.dados.repositorio_cache:obter_tabela:214 - Tabela [tbl_rpa_log_detraf_despesa_contestacao] carregada | Linhas: 2 | Colunas: 19
2026-08-13 13:38:33.838 | INFO    |comum.utils.decoradores:wrapper:22 - [HU-19 Despesa Contestação] 1 atualização(ões) preparada(s).
2026-08-13 13:38:33.839 | INFO    |src.controllers.geracao_agi_controller:atualizar_despesa_contestacao:1066 - [STEP] Finalizando: preparar_atualizacoes_despesa_contestacao | Tempo gasto: 0.01s
2026-08-13 13:38:33.840 | WARNING |comum.dados.repositorio_tabelas:atualizar_despesa_contestacao:1019 - [HU-19 Despesa Contestação] A tabela 'tbl_rpa_log_detraf_despesa_contestacao' não tem a(s) coluna(s) vb_contestacao — NÃO gravada(s). As demais seguem normalmente. Um ALTER TABLE resolve; ver pendencias-para-o-cliente.md (Q24).
2026-08-13 13:38:33.865 | INFO    |comum.dados.repositorio_tabelas:_atualizar_contestacao_em_lote:976 - 1 linha(s) atualizada(s) em [tbl_rpa_log_detraf_despesa_contestacao].
2026-08-13 13:38:33.866 | INFO    |comum.dados.repositorio_cache:recarregar_cache_local:375 - Carregando tabela [tbl_rpa_log_detraf_despesa_contestacao]
2026-08-13 13:38:33.869 | INFO    |comum.dados.repositorio_cache:recarregar_cache_local:375 - Tabela [tbl_rpa_log_detraf_despesa_contestacao] carregada | Linhas: 2 | Colunas: 19
2026-08-13 13:38:33.870 | INFO    |comum.dados.repositorio_tabelas:atualizar_despesa_contestacao:1019 - [HU-19 Despesa Contestação] 1 linha(s) atualizada(s), 0 chave(s) ausente(s).
2026-08-13 13:38:33.871 | INFO    |src.controllers.geracao_agi_controller:_gerar_para_operadora:595 - [STEP] Finalizando: GeracaoAgiController.atualizar_despesa_contestacao | Tempo gasto: 0.05s
2026-08-13 13:38:33.871 | INFO    |src.controllers.geracao_agi_controller:_gerar_ext:633 - [STEP] Iniciando: montar_linhas_ext
2026-08-13 13:38:33.885 | INFO    |comum.utils.decoradores:wrapper:22 - [HU-12 EXT] 1 linha(s) montada(s).
2026-08-13 13:38:33.886 | INFO    |src.controllers.geracao_agi_controller:_gerar_ext:633 - [STEP] Finalizando: montar_linhas_ext | Tempo gasto: 0.02s
2026-08-13 13:38:33.887 | INFO    |src.controllers.geracao_agi_controller:_gerar_ext:639 - [STEP] Iniciando: gerar_arquivo_ext
2026-08-13 13:38:33.908 | INFO    |comum.utils.decoradores:wrapper:22 - [HU-12 EXT] Arquivo gravado em [C:\Users\Btime Soluções\AppData\Local\Temp\pytest-of-Btime Soluções\pytest-18\test_a_carta_recebe_o_proximo_0\Operadoras\CLARO\2025\202507\AGI\DE_AGI_D_202507_TBRA_X_CLARO_EXT.xlsx].
2026-08-13 13:38:33.908 | INFO    |src.controllers.geracao_agi_controller:_gerar_ext:639 - [STEP] Finalizando: gerar_arquivo_ext | Tempo gasto: 0.02s
2026-08-13 13:38:33.909 | INFO    |src.controllers.geracao_agi_controller:_gerar_int:648 - [STEP] Iniciando: montar_linhas_int
2026-08-13 13:38:33.928 | INFO    |comum.utils.decoradores:wrapper:22 - [HU-13 INT] 1 linha(s) montada(s) (COM retenção).
2026-08-13 13:38:33.929 | INFO    |src.controllers.geracao_agi_controller:_gerar_int:648 - [STEP] Finalizando: montar_linhas_int | Tempo gasto: 0.02s
2026-08-13 13:38:33.929 | INFO    |src.controllers.geracao_agi_controller:_gerar_int:654 - [STEP] Iniciando: gerar_arquivo_int
2026-08-13 13:38:33.948 | INFO    |comum.utils.decoradores:wrapper:22 - [HU-13 INT] Arquivo gravado em [C:\Users\Btime Soluções\AppData\Local\Temp\pytest-of-Btime Soluções\pytest-18\test_a_carta_recebe_o_proximo_0\Operadoras\CLARO\2025\202507\AGI\DE_AGI_D_202507_TBRA_X_CLARO_INT.xlsx].
2026-08-13 13:38:33.948 | INFO    |src.controllers.geracao_agi_controller:_gerar_int:654 - [STEP] Finalizando: gerar_arquivo_int | Tempo gasto: 0.02s
2026-08-13 13:38:33.949 | INFO    |src.controllers.geracao_agi_controller:_gerar_env_e_carta:682 - [STEP] Iniciando: montar_abas_env
2026-08-13 13:38:33.966 | INFO    |comum.utils.decoradores:wrapper:22 - [HU-14 _EXP] Contest: 1 linha(s) contestada(s); TBRA: 1 linha(s) correspondente(s).
2026-08-13 13:38:33.966 | INFO    |src.controllers.geracao_agi_controller:_gerar_env_e_carta:682 - [STEP] Finalizando: montar_abas_env | Tempo gasto: 0.02s
2026-08-13 13:38:33.967 | INFO    |src.controllers.geracao_agi_controller:_gerar_env_e_carta:690 - [STEP] Iniciando: gerar_arquivo_env
2026-08-13 13:38:33.994 | INFO    |comum.utils.decoradores:wrapper:22 - [HU-14 _EXP] Arquivo gravado em [C:\Users\Btime Soluções\AppData\Local\Temp\pytest-of-Btime Soluções\pytest-18\test_a_carta_recebe_o_proximo_0\Operadoras\CLARO\2025\202507\Contestações\Base Contestação_CLARO_202507_EXP.xlsx].
2026-08-13 13:38:33.995 | INFO    |src.controllers.geracao_agi_controller:_gerar_env_e_carta:690 - [STEP] Finalizando: gerar_arquivo_env | Tempo gasto: 0.03s
2026-08-13 13:38:34.009 | INFO    |src.controllers.geracao_agi_controller:_emitir_cartas:756 - [STEP] Iniciando: obter_proximo_numero_carta
2026-08-13 13:38:34.010 | INFO    |comum.utils.decoradores:wrapper:22 - [HU-14] Último número CT encontrado: 362. Próximo: 363.
2026-08-13 13:38:34.011 | INFO    |src.controllers.geracao_agi_controller:_emitir_cartas:756 - [STEP] Finalizando: obter_proximo_numero_carta | Tempo gasto: 0.0s
2026-08-13 13:38:34.012 | INFO    |src.controllers.geracao_agi_controller:_emitir_cartas:764 - [STEP] Iniciando: montar_tabelas_carta
2026-08-13 13:38:34.018 | INFO    |comum.utils.decoradores:wrapper:22 - [HU-14 Carta] 1 tabela(s) de remuneração montada(s).
2026-08-13 13:38:34.019 | INFO    |src.controllers.geracao_agi_controller:_emitir_cartas:764 - [STEP] Finalizando: montar_tabelas_carta | Tempo gasto: 0.01s
2026-08-13 13:38:34.020 | INFO    |src.controllers.geracao_agi_controller:_emitir_cartas:758 - [STEP] Iniciando: renderizar_carta
2026-08-13 13:38:34.057 | INFO    |comum.utils.decoradores:wrapper:22 - [HU-14 Carta] Carta CT-363 renderizada (1 tabela(s)).
2026-08-13 13:38:34.058 | INFO    |src.controllers.geracao_agi_controller:_emitir_cartas:758 - [STEP] Finalizando: renderizar_carta | Tempo gasto: 0.04s
2026-08-13 13:38:34.059 | INFO    |src.controllers.geracao_agi_controller:_emitir_cartas:768 - [STEP] Iniciando: gerar_arquivo_carta
2026-08-13 13:38:34.090 | INFO    |comum.utils.decoradores:wrapper:22 - [HU-14 Carta] Carta gravada em [C:\Users\Btime Soluções\AppData\Local\Temp\pytest-of-Btime Soluções\pytest-18\test_a_carta_recebe_o_proximo_0\Operadoras\CLARO\2025\202507\Contestações\CT - 363.docx], cópia em [C:\Users\Btime Soluções\AppData\Local\Temp\pytest-of-Btime Soluções\pytest-18\test_a_carta_recebe_o_proximo_0\CT\2025\CT - 363.docx].
2026-08-13 13:38:34.091 | INFO    |src.controllers.geracao_agi_controller:_emitir_cartas:768 - [STEP] Finalizando: gerar_arquivo_carta | Tempo gasto: 0.03s
2026-08-13 13:38:34.091 | INFO    |src.controllers.geracao_agi_controller:_gerar_env_e_carta:710 - [RPA 3] CLARO: carta CT 363 — COM retenção.
2026-08-13 13:38:34.092 | INFO    |src.controllers.geracao_agi_controller:_gerar_para_operadora:617 - [STEP] Iniciando: GeracaoAgiController.gerar_cont_proc
2026-08-13 13:38:34.092 | INFO    |src.controllers.geracao_agi_controller:gerar_cont_proc:1030 - [STEP] Iniciando: montar_linhas_cont_proc
2026-08-13 13:38:34.094 | INFO    |src.services.geracao_cont_proc:montar_linhas_cont_proc:224 - [STEP] Iniciando: selecionar_linhas_contestadas
2026-08-13 13:38:34.106 | INFO    |comum.utils.decoradores:wrapper:22 - [HU-16 CONT_PROC] 1 linha(s) contestada(s).
2026-08-13 13:38:34.107 | INFO    |src.services.geracao_cont_proc:montar_linhas_cont_proc:224 - [STEP] Finalizando: selecionar_linhas_contestadas | Tempo gasto: 0.01s
2026-08-13 13:38:34.111 | INFO    |comum.utils.decoradores:wrapper:22 - [HU-16 CONT_PROC] 1 linha(s) montada(s) (T-100+T-101 completos).
2026-08-13 13:38:34.112 | INFO    |src.controllers.geracao_agi_controller:gerar_cont_proc:1030 - [STEP] Finalizando: montar_linhas_cont_proc | Tempo gasto: 0.02s
2026-08-13 13:38:34.112 | INFO    |src.controllers.geracao_agi_controller:gerar_cont_proc:1036 - [STEP] Iniciando: gerar_arquivo_cont_proc
2026-08-13 13:38:34.136 | INFO    |comum.utils.decoradores:wrapper:22 - [HU-16 CONT_PROC] Arquivo gravado em [C:\Users\Btime Soluções\AppData\Local\Temp\pytest-of-Btime Soluções\pytest-18\test_a_carta_recebe_o_proximo_0\Operadoras\CLARO\2025\202507\AGI\CONT_PROC_MASCARA_CLARO_202507.xlsx].
2026-08-13 13:38:34.137 | INFO    |src.controllers.geracao_agi_controller:gerar_cont_proc:1036 - [STEP] Finalizando: gerar_arquivo_cont_proc | Tempo gasto: 0.02s
2026-08-13 13:38:34.137 | INFO    |src.controllers.geracao_agi_controller:gerar_cont_proc:1046 - [STEP] Iniciando: selecionar_linhas_contestadas
2026-08-13 13:38:34.149 | INFO    |comum.utils.decoradores:wrapper:22 - [HU-16 CONT_PROC] 1 linha(s) contestada(s).
2026-08-13 13:38:34.150 | INFO    |src.controllers.geracao_agi_controller:gerar_cont_proc:1046 - [STEP] Finalizando: selecionar_linhas_contestadas | Tempo gasto: 0.01s
2026-08-13 13:38:34.157 | INFO    |comum.dados.repositorio_tabelas:_atualizar_contestacao_em_lote:976 - 1 linha(s) atualizada(s) em [tbl_rpa_log_detraf_despesa_contestacao].
2026-08-13 13:38:34.158 | INFO    |comum.dados.repositorio_cache:recarregar_cache_local:375 - Carregando tabela [tbl_rpa_log_detraf_despesa_contestacao]
2026-08-13 13:38:34.163 | INFO    |comum.dados.repositorio_cache:recarregar_cache_local:375 - Tabela [tbl_rpa_log_detraf_despesa_contestacao] carregada | Linhas: 2 | Colunas: 19
2026-08-13 13:38:34.164 | INFO    |comum.dados.repositorio_tabelas:atualizar_tipo_contestacao:1046 - [HU-16 Writeback tipo_contestacao] 1 linha(s) atualizada(s), 0 chave(s) ausente(s).
2026-08-13 13:38:34.164 | INFO    |src.controllers.geracao_agi_controller:_gerar_para_operadora:617 - [STEP] Finalizando: GeracaoAgiController.gerar_cont_proc | Tempo gasto: 0.07s
2026-08-13 13:38:34.165 | INFO    |src.controllers.geracao_agi_controller:_pausar_apos_artefatos:530 - [RPA 3 — etapa 1/4: artefatos] 1 operadora(s) em 202507:
2026-08-13 13:38:34.166 | INFO    |src.controllers.geracao_agi_controller:_pausar_apos_artefatos:530 - [RPA 3 — etapa 1/4: artefatos]   CLARO                EXT · INT · _EXP · 1 carta(s) · CONT_PROC
2026-08-13 13:38:34.167 | INFO    |src.controllers.geracao_agi_controller:_pausar_apos_artefatos:530 - [RPA 3 — etapa 1/4: artefatos] Pasta: C:\Users\Btime Soluções\AppData\Local\Temp\pytest-of-Btime Soluções\pytest-18\test_a_carta_recebe_o_proximo_0\Operadoras
2026-08-13 13:38:34.167 | INFO    |src.controllers.geracao_agi_controller:_pausar_apos_artefatos:530 - [RPA 3 — etapa 1/4: artefatos] ────────────────────────────────────────────────────────────
2026-08-13 13:38:34.167 | INFO    |src.controllers.geracao_agi_controller:_pausar_apos_artefatos:530 - [RPA 3 — etapa 1/4: artefatos] PRÓXIMA ETAPA: carga no AGI (HU-17/HU-18) — ESCREVE NO AGI
2026-08-13 13:38:34.168 | INFO    |src.controllers.geracao_agi_controller:gerar_artefatos:332 - [RPA 3 — etapa 2/4: carga no AGI] 1 operadora(s) na lista de carga.
2026-08-13 13:38:34.168 | INFO    |src.controllers.geracao_agi_controller:gerar_artefatos:332 - [RPA 3 — etapa 2/4: carga no AGI] Upload no AGI: desligado — nada foi enviado, só registrado no log.
2026-08-13 13:38:34.168 | INFO    |src.controllers.geracao_agi_controller:gerar_artefatos:332 - [RPA 3 — etapa 2/4: carga no AGI] Confira no AGI se a carga entrou, e o campo `carga_agi` na tabela de contestação.
2026-08-13 13:38:34.169 | INFO    |src.controllers.geracao_agi_controller:gerar_artefatos:332 - [RPA 3 — etapa 2/4: carga no AGI] ────────────────────────────────────────────────────────────
2026-08-13 13:38:34.169 | INFO    |src.controllers.geracao_agi_controller:gerar_artefatos:332 - [RPA 3 — etapa 2/4: carga no AGI] PRÓXIMA ETAPA: e-mail de contestação à operadora (HU-15) — SAI DA EMPRESA
2026-08-13 13:38:34.169 | WARNING |src.controllers.geracao_agi_controller:<genexpr>:840 - [HU-15] Contatos de 'CLARO' indisponíveis: a tabela de contatos do WebFat ainda não foi informada pelo cliente (pendência Q16), e CAMINHO_CONTATOS_OPERADORAS não está configurado.
2026-08-13 13:38:34.170 | WARNING |src.controllers.geracao_agi_controller:gerar_artefatos:360 - [RPA 3] Nenhum destinatário para as 1 contestação(ões) do mês — o Outlook nem chega a ser aberto. Pendência Q16.
2026-08-13 13:38:34.170 | INFO    |src.controllers.geracao_agi_controller:gerar_artefatos:368 - [RPA 3 — etapa 3/4: e-mail de contestação] Envio de e-mail: desligado — o e-mail foi montado e registrado, não enviado.
2026-08-13 13:38:34.171 | INFO    |src.controllers.geracao_agi_controller:gerar_artefatos:368 - [RPA 3 — etapa 3/4: e-mail de contestação] Contatos: não configurados (pendência Q16) — nada é enviado
2026-08-13 13:38:34.171 | INFO    |src.controllers.geracao_agi_controller:gerar_artefatos:368 - [RPA 3 — etapa 3/4: e-mail de contestação] ────────────────────────────────────────────────────────────
2026-08-13 13:38:34.171 | INFO    |src.controllers.geracao_agi_controller:gerar_artefatos:368 - [RPA 3 — etapa 3/4: e-mail de contestação] PRÓXIMA ETAPA: conferência do relatório contra o EC (HU-20)
2026-08-13 13:38:34.172 | INFO    |src.controllers.geracao_agi_controller:_verificar_relatorio:895 - [STEP] Iniciando: VerificacaoRelatorio.executar
2026-08-13 13:38:34.172 | INFO    |comum.utils.decoradores:wrapper:22 - [MODO SEGURO] PERMITIR_ACESSO_AGI=false — o AGI não será aberto. A verificação usa o relatório já em [C:\projetos\MVP2\MVP2\MVP2\DETRAF-UNIFICADO\unificado\logs\relatorio_agi\remessa_baixada.csv].
2026-08-13 13:38:34.173 | INFO    |src.controllers.geracao_agi_controller:_verificar_relatorio:895 - [STEP] Finalizando: VerificacaoRelatorio.executar | Tempo gasto: 0.0s
2026-08-13 13:38:34.173 | WARNING |src.controllers.geracao_agi_controller:gerar_artefatos:398 - [RPA 3] HU-20 não executada: Relatório do AGI não encontrado em [C:\projetos\MVP2\MVP2\MVP2\DETRAF-UNIFICADO\unificado\logs\relatorio_agi\remessa_baixada.csv]. Com PERMITIR_ACESSO_AGI desligado, é preciso baixá-lo antes.
2026-08-13 13:38:34.174 | INFO    |src.controllers.geracao_agi_controller:gerar_artefatos:402 - [RPA 3 — etapa 4/4: conferência do relatório] A conferência compara o relatório do AGI com o Encontro de Contas do banco.
2026-08-13 13:38:34.174 | INFO    |src.controllers.geracao_agi_controller:gerar_artefatos:402 - [RPA 3 — etapa 4/4: conferência do relatório] A planilha de inconsistências só é gravada quando há divergência — nenhum arquivo significa nenhuma divergência.
2026-08-13 13:38:34.175 | INFO    |src.controllers.geracao_agi_controller:gerar_artefatos:402 - [RPA 3 — etapa 4/4: conferência do relatório] Pasta: C:\projetos\MVP2\MVP2\MVP2\DETRAF-UNIFICADO\unificado\logs\inconsistencias
2026-08-13 13:38:34.175 | INFO    |src.controllers.geracao_agi_controller:gerar_artefatos:402 - [RPA 3 — etapa 4/4: conferência do relatório] ────────────────────────────────────────────────────────────
2026-08-13 13:38:34.175 | INFO    |src.controllers.geracao_agi_controller:gerar_artefatos:402 - [RPA 3 — etapa 4/4: conferência do relatório] Esta é a última etapa da execução.
2026-08-13 13:38:34.176 | INFO    |src.controllers.geracao_agi_controller:gerar_artefatos:415 - [RPA 3] Resumo de 202507 — 1 operadora(s): EXT 1, INT 1, _EXP 1, carta 1, CONT_PROC 1.
2026-08-13 13:38:34.176 | INFO    |src.controllers.geracao_agi_controller:gerar_artefatos:415 - [RPA 3]   CLARO: e-mail de contestação não enviado.
2026-08-13 13:38:34.177 | WARNING |src.controllers.geracao_agi_controller:gerar_artefatos:415 - [RPA 3] HU-15 sem destinatários: a tabela de contatos do WebFat continua sem resposta do cliente (pendência Q16). A ponte é apontar CAMINHO_CONTATOS_OPERADORAS para um CSV `operadora;emails`.
2026-08-13 13:38:34.181 | INFO    |src.controllers.geracao_agi_controller:_gravar_relatorio:956 - [Relatório] Resumo da execução em [C:\projetos\MVP2\MVP2\MVP2\DETRAF-UNIFICADO\unificado\logs\DESKTOP-64TNDKM\rpa3_contestacao_agi_ec\execucoes\2026-08-13_13-38-34.md].
2026-08-13 13:38:34.181 | INFO    |test_orquestracao_rpa3:test_a_carta_recebe_o_proximo_numero_ct:199 - [STEP] Finalizando: GeracaoAgiController.gerar_artefatos | Tempo gasto: 0.43s
2026-08-13 13:38:34.192 | INFO    |comum.dados.repositorio_cache:__init__:77 - Inicializando conexão com o banco no ambiente [dev]
2026-08-13 13:38:34.193 | INFO    |comum.dados.repositorio_cache:__init__:77 - Utilizando SQLite local [C:\Users\BTIMES~1\AppData\Local\Temp\detraf_epico4_teste_9l21xs1s\TABELAS_DETRAF_TESTE.db]
2026-08-13 13:38:34.207 | INFO    |test_orquestracao_rpa3:test_operadora_sem_detraf_e_pulada_sem_gerar_ext_vazio:218 - [STEP] Iniciando: GeracaoAgiController.gerar_artefatos
2026-08-13 13:38:34.209 | INFO    |comum.utils.decoradores:wrapper:22 - [RPA 3] 1 operadora(s) em 202507: VAZIA.
2026-08-13 13:38:34.209 | INFO    |comum.dados.repositorio_cache:obter_tabela:214 - Carregando tabela [tbl_detraf_mapeamento_descritores]
2026-08-13 13:38:34.214 | INFO    |comum.dados.repositorio_cache:obter_tabela:214 - Tabela [tbl_detraf_mapeamento_descritores] carregada | Linhas: 25 | Colunas: 5
2026-08-13 13:38:34.224 | INFO    |src.controllers.geracao_agi_controller:_gerar_para_operadora:558 - [STEP] Iniciando: consolidar_detrafs_operadora
2026-08-13 13:38:34.226 | INFO    |src.services.consolidacao_contestacao:consolidar_detrafs_operadora:174 - [Consolidação] 0 arquivo(s) encontrado(s) em [C:\Users\Btime Soluções\AppData\Local\Temp\pytest-of-Btime Soluções\pytest-18\test_operadora_sem_detraf_e_pu0\Operadoras\VAZIA\2025\202507\Detrafs Recebidos].
2026-08-13 13:38:34.227 | INFO    |src.controllers.geracao_agi_controller:_gerar_para_operadora:558 - [STEP] Finalizando: consolidar_detrafs_operadora | Tempo gasto: 0.0s
2026-08-13 13:38:34.227 | WARNING |src.controllers.geracao_agi_controller:_gerar_todos:269 - [RPA 3] VAZIA: nenhum Detraf em 202507 — operadora pulada.
2026-08-13 13:38:34.228 | INFO    |src.controllers.geracao_agi_controller:_pausar_apos_artefatos:530 - [RPA 3 — etapa 1/4: artefatos] 1 operadora(s) em 202507:
2026-08-13 13:38:34.229 | INFO    |src.controllers.geracao_agi_controller:_pausar_apos_artefatos:530 - [RPA 3 — etapa 1/4: artefatos]   VAZIA                nada gerado
2026-08-13 13:38:34.229 | INFO    |src.controllers.geracao_agi_controller:_pausar_apos_artefatos:530 - [RPA 3 — etapa 1/4: artefatos]                        pulado: sem Detraf recebido
2026-08-13 13:38:34.230 | INFO    |src.controllers.geracao_agi_controller:_pausar_apos_artefatos:530 - [RPA 3 — etapa 1/4: artefatos] Pasta: C:\Users\Btime Soluções\AppData\Local\Temp\pytest-of-Btime Soluções\pytest-18\test_operadora_sem_detraf_e_pu0\Operadoras
2026-08-13 13:38:34.230 | INFO    |src.controllers.geracao_agi_controller:_pausar_apos_artefatos:530 - [RPA 3 — etapa 1/4: artefatos] ────────────────────────────────────────────────────────────
2026-08-13 13:38:34.230 | INFO    |src.controllers.geracao_agi_controller:_pausar_apos_artefatos:530 - [RPA 3 — etapa 1/4: artefatos] PRÓXIMA ETAPA: carga no AGI (HU-17/HU-18) — ESCREVE NO AGI
2026-08-13 13:38:34.231 | INFO    |src.controllers.geracao_agi_controller:gerar_artefatos:321 - [RPA 3] Nenhum artefato gerado — nada a carregar no AGI.
2026-08-13 13:38:34.231 | INFO    |src.controllers.geracao_agi_controller:gerar_artefatos:332 - [RPA 3 — etapa 2/4: carga no AGI] 0 operadora(s) na lista de carga.
2026-08-13 13:38:34.232 | INFO    |src.controllers.geracao_agi_controller:gerar_artefatos:332 - [RPA 3 — etapa 2/4: carga no AGI] Upload no AGI: desligado — nada foi enviado, só registrado no log.
2026-08-13 13:38:34.232 | INFO    |src.controllers.geracao_agi_controller:gerar_artefatos:332 - [RPA 3 — etapa 2/4: carga no AGI] Confira no AGI se a carga entrou, e o campo `carga_agi` na tabela de contestação.
2026-08-13 13:38:34.232 | INFO    |src.controllers.geracao_agi_controller:gerar_artefatos:332 - [RPA 3 — etapa 2/4: carga no AGI] ────────────────────────────────────────────────────────────
2026-08-13 13:38:34.233 | INFO    |src.controllers.geracao_agi_controller:gerar_artefatos:332 - [RPA 3 — etapa 2/4: carga no AGI] PRÓXIMA ETAPA: e-mail de contestação à operadora (HU-15) — SAI DA EMPRESA
2026-08-13 13:38:34.233 | INFO    |src.controllers.geracao_agi_controller:gerar_artefatos:368 - [RPA 3 — etapa 3/4: e-mail de contestação] Envio de e-mail: desligado — o e-mail foi montado e registrado, não enviado.
2026-08-13 13:38:34.233 | INFO    |src.controllers.geracao_agi_controller:gerar_artefatos:368 - [RPA 3 — etapa 3/4: e-mail de contestação] Contatos: não configurados (pendência Q16) — nada é enviado
2026-08-13 13:38:34.234 | INFO    |src.controllers.geracao_agi_controller:gerar_artefatos:368 - [RPA 3 — etapa 3/4: e-mail de contestação] ────────────────────────────────────────────────────────────
2026-08-13 13:38:34.234 | INFO    |src.controllers.geracao_agi_controller:gerar_artefatos:368 - [RPA 3 — etapa 3/4: e-mail de contestação] PRÓXIMA ETAPA: conferência do relatório contra o EC (HU-20)
2026-08-13 13:38:34.234 | INFO    |src.controllers.geracao_agi_controller:_verificar_relatorio:895 - [STEP] Iniciando: VerificacaoRelatorio.executar
2026-08-13 13:38:34.235 | INFO    |comum.utils.decoradores:wrapper:22 - [MODO SEGURO] PERMITIR_ACESSO_AGI=false — o AGI não será aberto. A verificação usa o relatório já em [C:\projetos\MVP2\MVP2\MVP2\DETRAF-UNIFICADO\unificado\logs\relatorio_agi\remessa_baixada.csv].
2026-08-13 13:38:34.235 | INFO    |src.controllers.geracao_agi_controller:_verificar_relatorio:895 - [STEP] Finalizando: VerificacaoRelatorio.executar | Tempo gasto: 0.0s
2026-08-13 13:38:34.236 | WARNING |src.controllers.geracao_agi_controller:gerar_artefatos:398 - [RPA 3] HU-20 não executada: Relatório do AGI não encontrado em [C:\projetos\MVP2\MVP2\MVP2\DETRAF-UNIFICADO\unificado\logs\relatorio_agi\remessa_baixada.csv]. Com PERMITIR_ACESSO_AGI desligado, é preciso baixá-lo antes.
2026-08-13 13:38:34.236 | INFO    |src.controllers.geracao_agi_controller:gerar_artefatos:402 - [RPA 3 — etapa 4/4: conferência do relatório] A conferência compara o relatório do AGI com o Encontro de Contas do banco.
2026-08-13 13:38:34.236 | INFO    |src.controllers.geracao_agi_controller:gerar_artefatos:402 - [RPA 3 — etapa 4/4: conferência do relatório] A planilha de inconsistências só é gravada quando há divergência — nenhum arquivo significa nenhuma divergência.
2026-08-13 13:38:34.237 | INFO    |src.controllers.geracao_agi_controller:gerar_artefatos:402 - [RPA 3 — etapa 4/4: conferência do relatório] Pasta: C:\projetos\MVP2\MVP2\MVP2\DETRAF-UNIFICADO\unificado\logs\inconsistencias
2026-08-13 13:38:34.237 | INFO    |src.controllers.geracao_agi_controller:gerar_artefatos:402 - [RPA 3 — etapa 4/4: conferência do relatório] ────────────────────────────────────────────────────────────
2026-08-13 13:38:34.237 | INFO    |src.controllers.geracao_agi_controller:gerar_artefatos:402 - [RPA 3 — etapa 4/4: conferência do relatório] Esta é a última etapa da execução.
2026-08-13 13:38:34.238 | INFO    |src.controllers.geracao_agi_controller:gerar_artefatos:415 - [RPA 3] Resumo de 202507 — 1 operadora(s): EXT 0, INT 0, _EXP 0, carta 0, CONT_PROC 0.
2026-08-13 13:38:34.238 | INFO    |src.controllers.geracao_agi_controller:gerar_artefatos:415 - [RPA 3]   VAZIA: sem Detraf recebido.
2026-08-13 13:38:34.239 | WARNING |src.controllers.geracao_agi_controller:gerar_artefatos:415 - [RPA 3] HU-15 sem destinatários: a tabela de contatos do WebFat continua sem resposta do cliente (pendência Q16). A ponte é apontar CAMINHO_CONTATOS_OPERADORAS para um CSV `operadora;emails`.
2026-08-13 13:38:34.242 | INFO    |src.controllers.geracao_agi_controller:_gravar_relatorio:956 - [Relatório] Resumo da execução em [C:\projetos\MVP2\MVP2\MVP2\DETRAF-UNIFICADO\unificado\logs\DESKTOP-64TNDKM\rpa3_contestacao_agi_ec\execucoes\2026-08-13_13-38-34.md].
2026-08-13 13:38:34.242 | INFO    |test_orquestracao_rpa3:test_operadora_sem_detraf_e_pulada_sem_gerar_ext_vazio:218 - [STEP] Finalizando: GeracaoAgiController.gerar_artefatos | Tempo gasto: 0.04s
2026-08-13 13:38:34.254 | INFO    |comum.dados.repositorio_cache:__init__:77 - Inicializando conexão com o banco no ambiente [dev]
2026-08-13 13:38:34.255 | INFO    |comum.dados.repositorio_cache:__init__:77 - Utilizando SQLite local [C:\Users\BTIMES~1\AppData\Local\Temp\detraf_epico4_teste_9l21xs1s\TABELAS_DETRAF_TESTE.db]
2026-08-13 13:38:34.270 | INFO    |test_orquestracao_rpa3:test_ext_int_sobem_antes_do_cont_proc:239 - [STEP] Iniciando: GeracaoAgiController.gerar_artefatos
2026-08-13 13:38:34.271 | INFO    |comum.utils.decoradores:wrapper:22 - [RPA 3] 1 operadora(s) em 202507: CLARO.
2026-08-13 13:38:34.272 | INFO    |comum.dados.repositorio_cache:obter_tabela:214 - Carregando tabela [tbl_detraf_mapeamento_descritores]
2026-08-13 13:38:34.276 | INFO    |comum.dados.repositorio_cache:obter_tabela:214 - Tabela [tbl_detraf_mapeamento_descritores] carregada | Linhas: 25 | Colunas: 5
2026-08-13 13:38:34.284 | INFO    |src.controllers.geracao_agi_controller:_gerar_para_operadora:558 - [STEP] Iniciando: consolidar_detrafs_operadora
2026-08-13 13:38:34.286 | INFO    |src.services.consolidacao_contestacao:consolidar_detrafs_operadora:174 - [Consolidação] 1 arquivo(s) encontrado(s) em [C:\Users\Btime Soluções\AppData\Local\Temp\pytest-of-Btime Soluções\pytest-18\test_ext_int_sobem_antes_do_co0\Operadoras\CLARO\2025\202507\Detrafs Recebidos].
2026-08-13 13:38:34.291 | INFO    |src.services.consolidacao_contestacao:consolidar_detrafs_operadora:177 - [Consolidação] [DETRAF_D_CLARO_202507.csv]: 1 linha(s) -> 1 após remover totais.
2026-08-13 13:38:34.291 | INFO    |src.services.consolidacao_contestacao:consolidar_detrafs_operadora:177 - [Consolidação] Consolidado: 1 linha(s) de 1 arquivo(s).
2026-08-13 13:38:34.292 | INFO    |src.controllers.geracao_agi_controller:_gerar_para_operadora:558 - [STEP] Finalizando: consolidar_detrafs_operadora | Tempo gasto: 0.01s
2026-08-13 13:38:34.293 | INFO    |src.controllers.geracao_agi_controller:_gerar_para_operadora:574 - [STEP] Iniciando: consolidar_expectativa_vivo
2026-08-13 13:38:34.295 | INFO    |src.services.consolidacao_contestacao:consolidar_expectativa_vivo:207 - [Consolidação] 1 arquivo(s) encontrado(s) em [C:\Users\Btime Soluções\AppData\Local\Temp\pytest-of-Btime Soluções\pytest-18\test_ext_int_sobem_antes_do_co0\Operadoras\CLARO\2025\202507\Detrafs Enviados].
2026-08-13 13:38:34.300 | INFO    |src.services.consolidacao_contestacao:consolidar_expectativa_vivo:211 - [Consolidação] [DE_D_TBRA_CLARO_202507.csv]: 1 linha(s) -> 1 após remover totais.
2026-08-13 13:38:34.301 | INFO    |src.services.consolidacao_contestacao:consolidar_expectativa_vivo:211 - [Consolidação] Consolidado: 1 linha(s) de 1 arquivo(s).
2026-08-13 13:38:34.301 | INFO    |src.controllers.geracao_agi_controller:_gerar_para_operadora:574 - [STEP] Finalizando: consolidar_expectativa_vivo | Tempo gasto: 0.01s
2026-08-13 13:38:34.302 | INFO    |src.controllers.geracao_agi_controller:_gerar_para_operadora:586 - [STEP] Iniciando: montar_contest
2026-08-13 13:38:34.336 | INFO    |comum.utils.decoradores:wrapper:22 - [Consolidação] Contest: 1 combinação(ões) analisada(s).
2026-08-13 13:38:34.337 | INFO    |src.controllers.geracao_agi_controller:_gerar_para_operadora:586 - [STEP] Finalizando: montar_contest | Tempo gasto: 0.04s
2026-08-13 13:38:34.337 | INFO    |src.controllers.geracao_agi_controller:_gerar_para_operadora:595 - [STEP] Iniciando: GeracaoAgiController.atualizar_despesa_contestacao
2026-08-13 13:38:34.338 | INFO    |src.controllers.geracao_agi_controller:atualizar_despesa_contestacao:1066 - [STEP] Iniciando: preparar_atualizacoes_despesa_contestacao
2026-08-13 13:38:34.339 | INFO    |comum.dados.repositorio_cache:obter_tabela:214 - Carregando tabela [tbl_rpa_log_detraf_despesa_contestacao]
2026-08-13 13:38:34.344 | INFO    |comum.dados.repositorio_cache:obter_tabela:214 - Tabela [tbl_rpa_log_detraf_despesa_contestacao] carregada | Linhas: 2 | Colunas: 19
2026-08-13 13:38:34.352 | INFO    |comum.utils.decoradores:wrapper:22 - [HU-19 Despesa Contestação] 1 atualização(ões) preparada(s).
2026-08-13 13:38:34.353 | INFO    |src.controllers.geracao_agi_controller:atualizar_despesa_contestacao:1066 - [STEP] Finalizando: preparar_atualizacoes_despesa_contestacao | Tempo gasto: 0.01s
2026-08-13 13:38:34.353 | WARNING |comum.dados.repositorio_tabelas:atualizar_despesa_contestacao:1019 - [HU-19 Despesa Contestação] A tabela 'tbl_rpa_log_detraf_despesa_contestacao' não tem a(s) coluna(s) vb_contestacao — NÃO gravada(s). As demais seguem normalmente. Um ALTER TABLE resolve; ver pendencias-para-o-cliente.md (Q24).
2026-08-13 13:38:34.387 | INFO    |comum.dados.repositorio_tabelas:_atualizar_contestacao_em_lote:976 - 1 linha(s) atualizada(s) em [tbl_rpa_log_detraf_despesa_contestacao].
2026-08-13 13:38:34.387 | INFO    |comum.dados.repositorio_cache:recarregar_cache_local:375 - Carregando tabela [tbl_rpa_log_detraf_despesa_contestacao]
2026-08-13 13:38:34.391 | INFO    |comum.dados.repositorio_cache:recarregar_cache_local:375 - Tabela [tbl_rpa_log_detraf_despesa_contestacao] carregada | Linhas: 2 | Colunas: 19
2026-08-13 13:38:34.391 | INFO    |comum.dados.repositorio_tabelas:atualizar_despesa_contestacao:1019 - [HU-19 Despesa Contestação] 1 linha(s) atualizada(s), 0 chave(s) ausente(s).
2026-08-13 13:38:34.392 | INFO    |src.controllers.geracao_agi_controller:_gerar_para_operadora:595 - [STEP] Finalizando: GeracaoAgiController.atualizar_despesa_contestacao | Tempo gasto: 0.05s
2026-08-13 13:38:34.392 | INFO    |src.controllers.geracao_agi_controller:_gerar_ext:633 - [STEP] Iniciando: montar_linhas_ext
2026-08-13 13:38:34.407 | INFO    |comum.utils.decoradores:wrapper:22 - [HU-12 EXT] 1 linha(s) montada(s).
2026-08-13 13:38:34.408 | INFO    |src.controllers.geracao_agi_controller:_gerar_ext:633 - [STEP] Finalizando: montar_linhas_ext | Tempo gasto: 0.02s
2026-08-13 13:38:34.408 | INFO    |src.controllers.geracao_agi_controller:_gerar_ext:639 - [STEP] Iniciando: gerar_arquivo_ext
2026-08-13 13:38:34.427 | INFO    |comum.utils.decoradores:wrapper:22 - [HU-12 EXT] Arquivo gravado em [C:\Users\Btime Soluções\AppData\Local\Temp\pytest-of-Btime Soluções\pytest-18\test_ext_int_sobem_antes_do_co0\Operadoras\CLARO\2025\202507\AGI\DE_AGI_D_202507_TBRA_X_CLARO_EXT.xlsx].
2026-08-13 13:38:34.427 | INFO    |src.controllers.geracao_agi_controller:_gerar_ext:639 - [STEP] Finalizando: gerar_arquivo_ext | Tempo gasto: 0.02s
2026-08-13 13:38:34.428 | INFO    |src.controllers.geracao_agi_controller:_gerar_int:648 - [STEP] Iniciando: montar_linhas_int
2026-08-13 13:38:34.443 | INFO    |comum.utils.decoradores:wrapper:22 - [HU-13 INT] 1 linha(s) montada(s) (COM retenção).
2026-08-13 13:38:34.444 | INFO    |src.controllers.geracao_agi_controller:_gerar_int:648 - [STEP] Finalizando: montar_linhas_int | Tempo gasto: 0.02s
2026-08-13 13:38:34.445 | INFO    |src.controllers.geracao_agi_controller:_gerar_int:654 - [STEP] Iniciando: gerar_arquivo_int
2026-08-13 13:38:34.465 | INFO    |comum.utils.decoradores:wrapper:22 - [HU-13 INT] Arquivo gravado em [C:\Users\Btime Soluções\AppData\Local\Temp\pytest-of-Btime Soluções\pytest-18\test_ext_int_sobem_antes_do_co0\Operadoras\CLARO\2025\202507\AGI\DE_AGI_D_202507_TBRA_X_CLARO_INT.xlsx].
2026-08-13 13:38:34.465 | INFO    |src.controllers.geracao_agi_controller:_gerar_int:654 - [STEP] Finalizando: gerar_arquivo_int | Tempo gasto: 0.02s
2026-08-13 13:38:34.466 | INFO    |src.controllers.geracao_agi_controller:_gerar_env_e_carta:682 - [STEP] Iniciando: montar_abas_env
2026-08-13 13:38:34.483 | INFO    |comum.utils.decoradores:wrapper:22 - [HU-14 _EXP] Contest: 1 linha(s) contestada(s); TBRA: 1 linha(s) correspondente(s).
2026-08-13 13:38:34.484 | INFO    |src.controllers.geracao_agi_controller:_gerar_env_e_carta:682 - [STEP] Finalizando: montar_abas_env | Tempo gasto: 0.02s
2026-08-13 13:38:34.484 | INFO    |src.controllers.geracao_agi_controller:_gerar_env_e_carta:690 - [STEP] Iniciando: gerar_arquivo_env
2026-08-13 13:38:34.517 | INFO    |comum.utils.decoradores:wrapper:22 - [HU-14 _EXP] Arquivo gravado em [C:\Users\Btime Soluções\AppData\Local\Temp\pytest-of-Btime Soluções\pytest-18\test_ext_int_sobem_antes_do_co0\Operadoras\CLARO\2025\202507\Contestações\Base Contestação_CLARO_202507_EXP.xlsx].
2026-08-13 13:38:34.518 | INFO    |src.controllers.geracao_agi_controller:_gerar_env_e_carta:690 - [STEP] Finalizando: gerar_arquivo_env | Tempo gasto: 0.03s
2026-08-13 13:38:34.536 | ERROR   |src.controllers.geracao_agi_controller:_gerar_para_operadora:606 - [RPA 3] Numeração CT indisponível: [HU-14] Pasta de controle de numeração CT não encontrada: [C:\Users\Btime Soluções\AppData\Local\Temp\pytest-of-Btime Soluções\pytest-18\test_ext_int_sobem_antes_do_co0\CT\2025]. A geração de CARTA fica desabilitada para toda esta execução — os demais artefatos continuam sendo gerados.
2026-08-13 13:38:34.537 | INFO    |src.controllers.geracao_agi_controller:_gerar_para_operadora:617 - [STEP] Iniciando: GeracaoAgiController.gerar_cont_proc
2026-08-13 13:38:34.538 | INFO    |src.controllers.geracao_agi_controller:gerar_cont_proc:1030 - [STEP] Iniciando: montar_linhas_cont_proc
2026-08-13 13:38:34.539 | INFO    |src.services.geracao_cont_proc:montar_linhas_cont_proc:224 - [STEP] Iniciando: selecionar_linhas_contestadas
2026-08-13 13:38:34.557 | INFO    |comum.utils.decoradores:wrapper:22 - [HU-16 CONT_PROC] 1 linha(s) contestada(s).
2026-08-13 13:38:34.558 | INFO    |src.services.geracao_cont_proc:montar_linhas_cont_proc:224 - [STEP] Finalizando: selecionar_linhas_contestadas | Tempo gasto: 0.02s
2026-08-13 13:38:34.565 | INFO    |comum.utils.decoradores:wrapper:22 - [HU-16 CONT_PROC] 1 linha(s) montada(s) (T-100+T-101 completos).
2026-08-13 13:38:34.566 | INFO    |src.controllers.geracao_agi_controller:gerar_cont_proc:1030 - [STEP] Finalizando: montar_linhas_cont_proc | Tempo gasto: 0.03s
2026-08-13 13:38:34.567 | INFO    |src.controllers.geracao_agi_controller:gerar_cont_proc:1036 - [STEP] Iniciando: gerar_arquivo_cont_proc
2026-08-13 13:38:34.595 | INFO    |comum.utils.decoradores:wrapper:22 - [HU-16 CONT_PROC] Arquivo gravado em [C:\Users\Btime Soluções\AppData\Local\Temp\pytest-of-Btime Soluções\pytest-18\test_ext_int_sobem_antes_do_co0\Operadoras\CLARO\2025\202507\AGI\CONT_PROC_MASCARA_CLARO_202507.xlsx].
2026-08-13 13:38:34.596 | INFO    |src.controllers.geracao_agi_controller:gerar_cont_proc:1036 - [STEP] Finalizando: gerar_arquivo_cont_proc | Tempo gasto: 0.03s
2026-08-13 13:38:34.597 | INFO    |src.controllers.geracao_agi_controller:gerar_cont_proc:1046 - [STEP] Iniciando: selecionar_linhas_contestadas
2026-08-13 13:38:34.610 | INFO    |comum.utils.decoradores:wrapper:22 - [HU-16 CONT_PROC] 1 linha(s) contestada(s).
2026-08-13 13:38:34.611 | INFO    |src.controllers.geracao_agi_controller:gerar_cont_proc:1046 - [STEP] Finalizando: selecionar_linhas_contestadas | Tempo gasto: 0.01s
2026-08-13 13:38:34.621 | INFO    |comum.dados.repositorio_tabelas:_atualizar_contestacao_em_lote:976 - 1 linha(s) atualizada(s) em [tbl_rpa_log_detraf_despesa_contestacao].
2026-08-13 13:38:34.622 | INFO    |comum.dados.repositorio_cache:recarregar_cache_local:375 - Carregando tabela [tbl_rpa_log_detraf_despesa_contestacao]
2026-08-13 13:38:34.625 | INFO    |comum.dados.repositorio_cache:recarregar_cache_local:375 - Tabela [tbl_rpa_log_detraf_despesa_contestacao] carregada | Linhas: 2 | Colunas: 19
2026-08-13 13:38:34.626 | INFO    |comum.dados.repositorio_tabelas:atualizar_tipo_contestacao:1046 - [HU-16 Writeback tipo_contestacao] 1 linha(s) atualizada(s), 0 chave(s) ausente(s).
2026-08-13 13:38:34.627 | INFO    |src.controllers.geracao_agi_controller:_gerar_para_operadora:617 - [STEP] Finalizando: GeracaoAgiController.gerar_cont_proc | Tempo gasto: 0.09s
2026-08-13 13:38:34.629 | INFO    |src.controllers.geracao_agi_controller:_pausar_apos_artefatos:530 - [RPA 3 — etapa 1/4: artefatos] 1 operadora(s) em 202507:
2026-08-13 13:38:34.630 | INFO    |src.controllers.geracao_agi_controller:_pausar_apos_artefatos:530 - [RPA 3 — etapa 1/4: artefatos]   CLARO                EXT · INT · _EXP · CONT_PROC
2026-08-13 13:38:34.631 | INFO    |src.controllers.geracao_agi_controller:_pausar_apos_artefatos:530 - [RPA 3 — etapa 1/4: artefatos]                        pulado: carta desabilitada nesta execução (numeração CT)
2026-08-13 13:38:34.632 | INFO    |src.controllers.geracao_agi_controller:_pausar_apos_artefatos:530 - [RPA 3 — etapa 1/4: artefatos] Pasta: C:\Users\Btime Soluções\AppData\Local\Temp\pytest-of-Btime Soluções\pytest-18\test_ext_int_sobem_antes_do_co0\Operadoras
2026-08-13 13:38:34.633 | INFO    |src.controllers.geracao_agi_controller:_pausar_apos_artefatos:530 - [RPA 3 — etapa 1/4: artefatos] ────────────────────────────────────────────────────────────
2026-08-13 13:38:34.634 | INFO    |src.controllers.geracao_agi_controller:_pausar_apos_artefatos:530 - [RPA 3 — etapa 1/4: artefatos] PRÓXIMA ETAPA: carga no AGI (HU-17/HU-18) — ESCREVE NO AGI
2026-08-13 13:38:34.635 | INFO    |src.controllers.geracao_agi_controller:gerar_artefatos:332 - [RPA 3 — etapa 2/4: carga no AGI] 1 operadora(s) na lista de carga.
2026-08-13 13:38:34.636 | INFO    |src.controllers.geracao_agi_controller:gerar_artefatos:332 - [RPA 3 — etapa 2/4: carga no AGI] Upload no AGI: desligado — nada foi enviado, só registrado no log.
2026-08-13 13:38:34.637 | INFO    |src.controllers.geracao_agi_controller:gerar_artefatos:332 - [RPA 3 — etapa 2/4: carga no AGI] Confira no AGI se a carga entrou, e o campo `carga_agi` na tabela de contestação.
2026-08-13 13:38:34.638 | INFO    |src.controllers.geracao_agi_controller:gerar_artefatos:332 - [RPA 3 — etapa 2/4: carga no AGI] ────────────────────────────────────────────────────────────
2026-08-13 13:38:34.638 | INFO    |src.controllers.geracao_agi_controller:gerar_artefatos:332 - [RPA 3 — etapa 2/4: carga no AGI] PRÓXIMA ETAPA: e-mail de contestação à operadora (HU-15) — SAI DA EMPRESA
2026-08-13 13:38:34.640 | INFO    |src.controllers.geracao_agi_controller:gerar_artefatos:368 - [RPA 3 — etapa 3/4: e-mail de contestação] Envio de e-mail: desligado — o e-mail foi montado e registrado, não enviado.
2026-08-13 13:38:34.641 | INFO    |src.controllers.geracao_agi_controller:gerar_artefatos:368 - [RPA 3 — etapa 3/4: e-mail de contestação] Contatos: não configurados (pendência Q16) — nada é enviado
2026-08-13 13:38:34.641 | INFO    |src.controllers.geracao_agi_controller:gerar_artefatos:368 - [RPA 3 — etapa 3/4: e-mail de contestação] ────────────────────────────────────────────────────────────
2026-08-13 13:38:34.642 | INFO    |src.controllers.geracao_agi_controller:gerar_artefatos:368 - [RPA 3 — etapa 3/4: e-mail de contestação] PRÓXIMA ETAPA: conferência do relatório contra o EC (HU-20)
2026-08-13 13:38:34.643 | INFO    |src.controllers.geracao_agi_controller:_verificar_relatorio:895 - [STEP] Iniciando: VerificacaoRelatorio.executar
2026-08-13 13:38:34.644 | INFO    |comum.utils.decoradores:wrapper:22 - [MODO SEGURO] PERMITIR_ACESSO_AGI=false — o AGI não será aberto. A verificação usa o relatório já em [C:\projetos\MVP2\MVP2\MVP2\DETRAF-UNIFICADO\unificado\logs\relatorio_agi\remessa_baixada.csv].
2026-08-13 13:38:34.645 | INFO    |src.controllers.geracao_agi_controller:_verificar_relatorio:895 - [STEP] Finalizando: VerificacaoRelatorio.executar | Tempo gasto: 0.0s
2026-08-13 13:38:34.646 | WARNING |src.controllers.geracao_agi_controller:gerar_artefatos:398 - [RPA 3] HU-20 não executada: Relatório do AGI não encontrado em [C:\projetos\MVP2\MVP2\MVP2\DETRAF-UNIFICADO\unificado\logs\relatorio_agi\remessa_baixada.csv]. Com PERMITIR_ACESSO_AGI desligado, é preciso baixá-lo antes.
2026-08-13 13:38:34.647 | INFO    |src.controllers.geracao_agi_controller:gerar_artefatos:402 - [RPA 3 — etapa 4/4: conferência do relatório] A conferência compara o relatório do AGI com o Encontro de Contas do banco.
2026-08-13 13:38:34.647 | INFO    |src.controllers.geracao_agi_controller:gerar_artefatos:402 - [RPA 3 — etapa 4/4: conferência do relatório] A planilha de inconsistências só é gravada quando há divergência — nenhum arquivo significa nenhuma divergência.
2026-08-13 13:38:34.648 | INFO    |src.controllers.geracao_agi_controller:gerar_artefatos:402 - [RPA 3 — etapa 4/4: conferência do relatório] Pasta: C:\projetos\MVP2\MVP2\MVP2\DETRAF-UNIFICADO\unificado\logs\inconsistencias
2026-08-13 13:38:34.648 | INFO    |src.controllers.geracao_agi_controller:gerar_artefatos:402 - [RPA 3 — etapa 4/4: conferência do relatório] ────────────────────────────────────────────────────────────
2026-08-13 13:38:34.649 | INFO    |src.controllers.geracao_agi_controller:gerar_artefatos:402 - [RPA 3 — etapa 4/4: conferência do relatório] Esta é a última etapa da execução.
2026-08-13 13:38:34.649 | INFO    |src.controllers.geracao_agi_controller:gerar_artefatos:415 - [RPA 3] Resumo de 202507 — 1 operadora(s): EXT 1, INT 1, _EXP 1, carta 0, CONT_PROC 1.
2026-08-13 13:38:34.650 | INFO    |src.controllers.geracao_agi_controller:gerar_artefatos:415 - [RPA 3]   CLARO: carta desabilitada nesta execução (numeração CT).
2026-08-13 13:38:34.650 | WARNING |src.controllers.geracao_agi_controller:gerar_artefatos:415 - [RPA 3] HU-15 sem destinatários: a tabela de contatos do WebFat continua sem resposta do cliente (pendência Q16). A ponte é apontar CAMINHO_CONTATOS_OPERADORAS para um CSV `operadora;emails`.
2026-08-13 13:38:34.654 | INFO    |src.controllers.geracao_agi_controller:_gravar_relatorio:956 - [Relatório] Resumo da execução em [C:\projetos\MVP2\MVP2\MVP2\DETRAF-UNIFICADO\unificado\logs\DESKTOP-64TNDKM\rpa3_contestacao_agi_ec\execucoes\2026-08-13_13-38-34.md].
2026-08-13 13:38:34.655 | INFO    |test_orquestracao_rpa3:test_ext_int_sobem_antes_do_cont_proc:239 - [STEP] Finalizando: GeracaoAgiController.gerar_artefatos | Tempo gasto: 0.38s
2026-08-13 13:38:34.669 | INFO    |comum.dados.repositorio_cache:__init__:77 - Inicializando conexão com o banco no ambiente [dev]
2026-08-13 13:38:34.670 | INFO    |comum.dados.repositorio_cache:__init__:77 - Utilizando SQLite local [C:\Users\BTIMES~1\AppData\Local\Temp\detraf_epico4_teste_9l21xs1s\TABELAS_DETRAF_TESTE.db]
2026-08-13 13:38:34.696 | INFO    |test_orquestracao_rpa3:test_a_carga_recebe_o_lote_inteiro_de_uma_vez:264 - [STEP] Iniciando: GeracaoAgiController.gerar_artefatos
2026-08-13 13:38:34.698 | INFO    |comum.utils.decoradores:wrapper:22 - [RPA 3] 2 operadora(s) em 202507: ALGAR, CLARO.
2026-08-13 13:38:34.699 | INFO    |comum.dados.repositorio_cache:obter_tabela:214 - Carregando tabela [tbl_detraf_mapeamento_descritores]
2026-08-13 13:38:34.704 | INFO    |comum.dados.repositorio_cache:obter_tabela:214 - Tabela [tbl_detraf_mapeamento_descritores] carregada | Linhas: 25 | Colunas: 5
2026-08-13 13:38:34.715 | INFO    |src.controllers.geracao_agi_controller:_gerar_para_operadora:558 - [STEP] Iniciando: consolidar_detrafs_operadora
2026-08-13 13:38:34.717 | INFO    |src.services.consolidacao_contestacao:consolidar_detrafs_operadora:174 - [Consolidação] 1 arquivo(s) encontrado(s) em [C:\Users\Btime Soluções\AppData\Local\Temp\pytest-of-Btime Soluções\pytest-18\test_a_carga_recebe_o_lote_int0\Operadoras\ALGAR\2025\202507\Detrafs Recebidos].
2026-08-13 13:38:34.723 | INFO    |src.services.consolidacao_contestacao:consolidar_detrafs_operadora:177 - [Consolidação] [DETRAF_D_ALGAR_202507.csv]: 1 linha(s) -> 1 após remover totais.
2026-08-13 13:38:34.724 | INFO    |src.services.consolidacao_contestacao:consolidar_detrafs_operadora:177 - [Consolidação] Consolidado: 1 linha(s) de 1 arquivo(s).
2026-08-13 13:38:34.724 | INFO    |src.controllers.geracao_agi_controller:_gerar_para_operadora:558 - [STEP] Finalizando: consolidar_detrafs_operadora | Tempo gasto: 0.01s
2026-08-13 13:38:34.725 | INFO    |src.controllers.geracao_agi_controller:_gerar_para_operadora:574 - [STEP] Iniciando: consolidar_expectativa_vivo
2026-08-13 13:38:34.726 | WARNING |src.services.consolidacao_contestacao:consolidar_expectativa_vivo:207 - Pasta de Detrafs inexistente: [C:\Users\Btime Soluções\AppData\Local\Temp\pytest-of-Btime Soluções\pytest-18\test_a_carga_recebe_o_lote_int0\Operadoras\ALGAR\2025\202507\Detrafs Enviados]
2026-08-13 13:38:34.726 | WARNING |comum.utils.decoradores:wrapper:22 - [Consolidação] Nenhum arquivo de expectativa (_D_) em [C:\Users\Btime Soluções\AppData\Local\Temp\pytest-of-Btime Soluções\pytest-18\test_a_carga_recebe_o_lote_int0\Operadoras\ALGAR\2025\202507\Detrafs Enviados].
2026-08-13 13:38:34.727 | INFO    |src.controllers.geracao_agi_controller:_gerar_para_operadora:574 - [STEP] Finalizando: consolidar_expectativa_vivo | Tempo gasto: 0.0s
2026-08-13 13:38:34.728 | WARNING |src.controllers.geracao_agi_controller:_gerar_todos:269 - [RPA 3] ALGAR: sem expectativa Vivo em 202507; a comparação sairá com o lado da Vivo zerado.
2026-08-13 13:38:34.728 | INFO    |src.controllers.geracao_agi_controller:_gerar_para_operadora:586 - [STEP] Iniciando: montar_contest
2026-08-13 13:38:34.753 | INFO    |comum.utils.decoradores:wrapper:22 - [Consolidação] Contest: 1 combinação(ões) analisada(s).
2026-08-13 13:38:34.754 | INFO    |src.controllers.geracao_agi_controller:_gerar_para_operadora:586 - [STEP] Finalizando: montar_contest | Tempo gasto: 0.03s
2026-08-13 13:38:34.754 | INFO    |src.controllers.geracao_agi_controller:_gerar_para_operadora:595 - [STEP] Iniciando: GeracaoAgiController.atualizar_despesa_contestacao
2026-08-13 13:38:34.755 | INFO    |src.controllers.geracao_agi_controller:atualizar_despesa_contestacao:1066 - [STEP] Iniciando: preparar_atualizacoes_despesa_contestacao
2026-08-13 13:38:34.757 | INFO    |comum.dados.repositorio_cache:obter_tabela:214 - Carregando tabela [tbl_rpa_log_detraf_despesa_contestacao]
2026-08-13 13:38:34.760 | INFO    |comum.dados.repositorio_cache:obter_tabela:214 - Tabela [tbl_rpa_log_detraf_despesa_contestacao] carregada | Linhas: 2 | Colunas: 19
2026-08-13 13:38:34.772 | INFO    |comum.utils.decoradores:wrapper:22 - [HU-19 Despesa Contestação] 1 atualização(ões) preparada(s).
2026-08-13 13:38:34.772 | INFO    |src.controllers.geracao_agi_controller:atualizar_despesa_contestacao:1066 - [STEP] Finalizando: preparar_atualizacoes_despesa_contestacao | Tempo gasto: 0.02s
2026-08-13 13:38:34.773 | WARNING |comum.dados.repositorio_tabelas:atualizar_despesa_contestacao:1019 - [HU-19 Despesa Contestação] A tabela 'tbl_rpa_log_detraf_despesa_contestacao' não tem a(s) coluna(s) vb_contestacao — NÃO gravada(s). As demais seguem normalmente. Um ALTER TABLE resolve; ver pendencias-para-o-cliente.md (Q24).
2026-08-13 13:38:34.807 | INFO    |comum.dados.repositorio_tabelas:_atualizar_contestacao_em_lote:976 - 1 linha(s) atualizada(s) em [tbl_rpa_log_detraf_despesa_contestacao].
2026-08-13 13:38:34.808 | INFO    |comum.dados.repositorio_cache:recarregar_cache_local:375 - Carregando tabela [tbl_rpa_log_detraf_despesa_contestacao]
2026-08-13 13:38:34.813 | INFO    |comum.dados.repositorio_cache:recarregar_cache_local:375 - Tabela [tbl_rpa_log_detraf_despesa_contestacao] carregada | Linhas: 2 | Colunas: 19
2026-08-13 13:38:34.813 | INFO    |comum.dados.repositorio_tabelas:atualizar_despesa_contestacao:1019 - [HU-19 Despesa Contestação] 1 linha(s) atualizada(s), 0 chave(s) ausente(s).
2026-08-13 13:38:34.814 | INFO    |src.controllers.geracao_agi_controller:_gerar_para_operadora:595 - [STEP] Finalizando: GeracaoAgiController.atualizar_despesa_contestacao | Tempo gasto: 0.06s
2026-08-13 13:38:34.814 | INFO    |src.controllers.geracao_agi_controller:_gerar_ext:633 - [STEP] Iniciando: montar_linhas_ext
2026-08-13 13:38:34.829 | INFO    |comum.utils.decoradores:wrapper:22 - [HU-12 EXT] 1 linha(s) montada(s).
2026-08-13 13:38:34.830 | INFO    |src.controllers.geracao_agi_controller:_gerar_ext:633 - [STEP] Finalizando: montar_linhas_ext | Tempo gasto: 0.02s
2026-08-13 13:38:34.830 | INFO    |src.controllers.geracao_agi_controller:_gerar_ext:639 - [STEP] Iniciando: gerar_arquivo_ext
2026-08-13 13:38:34.849 | INFO    |comum.utils.decoradores:wrapper:22 - [HU-12 EXT] Arquivo gravado em [C:\Users\Btime Soluções\AppData\Local\Temp\pytest-of-Btime Soluções\pytest-18\test_a_carga_recebe_o_lote_int0\Operadoras\ALGAR\2025\202507\AGI\DE_AGI_D_202507_TBRA_X_ALGAR_EXT.xlsx].
2026-08-13 13:38:34.849 | INFO    |src.controllers.geracao_agi_controller:_gerar_ext:639 - [STEP] Finalizando: gerar_arquivo_ext | Tempo gasto: 0.02s
2026-08-13 13:38:34.850 | WARNING |src.controllers.geracao_agi_controller:_gerar_para_operadora:606 - [RPA 3] ALGAR: sem expectativa Vivo — _EXP e carta não serão gerados. Confira a pasta 'Detrafs Enviados' da operadora.
2026-08-13 13:38:34.850 | INFO    |src.controllers.geracao_agi_controller:_gerar_para_operadora:617 - [STEP] Iniciando: GeracaoAgiController.gerar_cont_proc
2026-08-13 13:38:34.851 | INFO    |src.controllers.geracao_agi_controller:gerar_cont_proc:1030 - [STEP] Iniciando: montar_linhas_cont_proc
2026-08-13 13:38:34.851 | INFO    |src.services.geracao_cont_proc:montar_linhas_cont_proc:224 - [STEP] Iniciando: selecionar_linhas_contestadas
2026-08-13 13:38:34.862 | INFO    |comum.utils.decoradores:wrapper:22 - [HU-16 CONT_PROC] 1 linha(s) contestada(s).
2026-08-13 13:38:34.862 | INFO    |src.services.geracao_cont_proc:montar_linhas_cont_proc:224 - [STEP] Finalizando: selecionar_linhas_contestadas | Tempo gasto: 0.01s
2026-08-13 13:38:34.865 | INFO    |comum.utils.decoradores:wrapper:22 - [HU-16 CONT_PROC] 1 linha(s) montada(s) (T-100+T-101 completos).
2026-08-13 13:38:34.866 | INFO    |src.controllers.geracao_agi_controller:gerar_cont_proc:1030 - [STEP] Finalizando: montar_linhas_cont_proc | Tempo gasto: 0.02s
2026-08-13 13:38:34.867 | INFO    |src.controllers.geracao_agi_controller:gerar_cont_proc:1036 - [STEP] Iniciando: gerar_arquivo_cont_proc
2026-08-13 13:38:34.885 | INFO    |comum.utils.decoradores:wrapper:22 - [HU-16 CONT_PROC] Arquivo gravado em [C:\Users\Btime Soluções\AppData\Local\Temp\pytest-of-Btime Soluções\pytest-18\test_a_carga_recebe_o_lote_int0\Operadoras\ALGAR\2025\202507\AGI\CONT_PROC_MASCARA_ALGAR_202507.xlsx].
2026-08-13 13:38:34.885 | INFO    |src.controllers.geracao_agi_controller:gerar_cont_proc:1036 - [STEP] Finalizando: gerar_arquivo_cont_proc | Tempo gasto: 0.02s
2026-08-13 13:38:34.886 | INFO    |src.controllers.geracao_agi_controller:gerar_cont_proc:1046 - [STEP] Iniciando: selecionar_linhas_contestadas
2026-08-13 13:38:34.897 | INFO    |comum.utils.decoradores:wrapper:22 - [HU-16 CONT_PROC] 1 linha(s) contestada(s).
2026-08-13 13:38:34.897 | INFO    |src.controllers.geracao_agi_controller:gerar_cont_proc:1046 - [STEP] Finalizando: selecionar_linhas_contestadas | Tempo gasto: 0.01s
2026-08-13 13:38:34.904 | INFO    |comum.dados.repositorio_tabelas:_atualizar_contestacao_em_lote:976 - 1 linha(s) atualizada(s) em [tbl_rpa_log_detraf_despesa_contestacao].
2026-08-13 13:38:34.905 | INFO    |comum.dados.repositorio_cache:recarregar_cache_local:375 - Carregando tabela [tbl_rpa_log_detraf_despesa_contestacao]
2026-08-13 13:38:34.908 | INFO    |comum.dados.repositorio_cache:recarregar_cache_local:375 - Tabela [tbl_rpa_log_detraf_despesa_contestacao] carregada | Linhas: 2 | Colunas: 19
2026-08-13 13:38:34.909 | INFO    |comum.dados.repositorio_tabelas:atualizar_tipo_contestacao:1046 - [HU-16 Writeback tipo_contestacao] 1 linha(s) atualizada(s), 0 chave(s) ausente(s).
2026-08-13 13:38:34.909 | INFO    |src.controllers.geracao_agi_controller:_gerar_para_operadora:617 - [STEP] Finalizando: GeracaoAgiController.gerar_cont_proc | Tempo gasto: 0.06s
2026-08-13 13:38:34.910 | INFO    |src.controllers.geracao_agi_controller:_gerar_para_operadora:558 - [STEP] Iniciando: consolidar_detrafs_operadora
2026-08-13 13:38:34.912 | INFO    |src.services.consolidacao_contestacao:consolidar_detrafs_operadora:174 - [Consolidação] 1 arquivo(s) encontrado(s) em [C:\Users\Btime Soluções\AppData\Local\Temp\pytest-of-Btime Soluções\pytest-18\test_a_carga_recebe_o_lote_int0\Operadoras\CLARO\2025\202507\Detrafs Recebidos].
2026-08-13 13:38:34.917 | INFO    |src.services.consolidacao_contestacao:consolidar_detrafs_operadora:177 - [Consolidação] [DETRAF_D_CLARO_202507.csv]: 1 linha(s) -> 1 após remover totais.
2026-08-13 13:38:34.918 | INFO    |src.services.consolidacao_contestacao:consolidar_detrafs_operadora:177 - [Consolidação] Consolidado: 1 linha(s) de 1 arquivo(s).
2026-08-13 13:38:34.918 | INFO    |src.controllers.geracao_agi_controller:_gerar_para_operadora:558 - [STEP] Finalizando: consolidar_detrafs_operadora | Tempo gasto: 0.01s
2026-08-13 13:38:34.919 | INFO    |src.controllers.geracao_agi_controller:_gerar_para_operadora:574 - [STEP] Iniciando: consolidar_expectativa_vivo
2026-08-13 13:38:34.920 | INFO    |src.services.consolidacao_contestacao:consolidar_expectativa_vivo:207 - [Consolidação] 1 arquivo(s) encontrado(s) em [C:\Users\Btime Soluções\AppData\Local\Temp\pytest-of-Btime Soluções\pytest-18\test_a_carga_recebe_o_lote_int0\Operadoras\CLARO\2025\202507\Detrafs Enviados].
2026-08-13 13:38:34.925 | INFO    |src.services.consolidacao_contestacao:consolidar_expectativa_vivo:211 - [Consolidação] [DE_D_TBRA_CLARO_202507.csv]: 1 linha(s) -> 1 após remover totais.
2026-08-13 13:38:34.926 | INFO    |src.services.consolidacao_contestacao:consolidar_expectativa_vivo:211 - [Consolidação] Consolidado: 1 linha(s) de 1 arquivo(s).
2026-08-13 13:38:34.927 | INFO    |src.controllers.geracao_agi_controller:_gerar_para_operadora:574 - [STEP] Finalizando: consolidar_expectativa_vivo | Tempo gasto: 0.01s
2026-08-13 13:38:34.928 | INFO    |src.controllers.geracao_agi_controller:_gerar_para_operadora:586 - [STEP] Iniciando: montar_contest
2026-08-13 13:38:34.969 | INFO    |comum.utils.decoradores:wrapper:22 - [Consolidação] Contest: 1 combinação(ões) analisada(s).
2026-08-13 13:38:34.970 | INFO    |src.controllers.geracao_agi_controller:_gerar_para_operadora:586 - [STEP] Finalizando: montar_contest | Tempo gasto: 0.04s
2026-08-13 13:38:34.971 | INFO    |src.controllers.geracao_agi_controller:_gerar_para_operadora:595 - [STEP] Iniciando: GeracaoAgiController.atualizar_despesa_contestacao
2026-08-13 13:38:34.972 | INFO    |src.controllers.geracao_agi_controller:atualizar_despesa_contestacao:1066 - [STEP] Iniciando: preparar_atualizacoes_despesa_contestacao
2026-08-13 13:38:34.983 | INFO    |comum.utils.decoradores:wrapper:22 - [HU-19 Despesa Contestação] 1 atualização(ões) preparada(s).
2026-08-13 13:38:34.984 | INFO    |src.controllers.geracao_agi_controller:atualizar_despesa_contestacao:1066 - [STEP] Finalizando: preparar_atualizacoes_despesa_contestacao | Tempo gasto: 0.01s
2026-08-13 13:38:34.985 | WARNING |comum.dados.repositorio_tabelas:atualizar_despesa_contestacao:1019 - [HU-19 Despesa Contestação] A tabela 'tbl_rpa_log_detraf_despesa_contestacao' não tem a(s) coluna(s) vb_contestacao — NÃO gravada(s). As demais seguem normalmente. Um ALTER TABLE resolve; ver pendencias-para-o-cliente.md (Q24).
2026-08-13 13:38:34.999 | INFO    |comum.dados.repositorio_tabelas:_atualizar_contestacao_em_lote:976 - 1 linha(s) atualizada(s) em [tbl_rpa_log_detraf_despesa_contestacao].
2026-08-13 13:38:35.000 | INFO    |comum.dados.repositorio_cache:recarregar_cache_local:375 - Carregando tabela [tbl_rpa_log_detraf_despesa_contestacao]
2026-08-13 13:38:35.003 | INFO    |comum.dados.repositorio_cache:recarregar_cache_local:375 - Tabela [tbl_rpa_log_detraf_despesa_contestacao] carregada | Linhas: 2 | Colunas: 19
2026-08-13 13:38:35.004 | INFO    |comum.dados.repositorio_tabelas:atualizar_despesa_contestacao:1019 - [HU-19 Despesa Contestação] 1 linha(s) atualizada(s), 0 chave(s) ausente(s).
2026-08-13 13:38:35.004 | INFO    |src.controllers.geracao_agi_controller:_gerar_para_operadora:595 - [STEP] Finalizando: GeracaoAgiController.atualizar_despesa_contestacao | Tempo gasto: 0.03s
2026-08-13 13:38:35.005 | INFO    |src.controllers.geracao_agi_controller:_gerar_ext:633 - [STEP] Iniciando: montar_linhas_ext
2026-08-13 13:38:35.021 | INFO    |comum.utils.decoradores:wrapper:22 - [HU-12 EXT] 1 linha(s) montada(s).
2026-08-13 13:38:35.022 | INFO    |src.controllers.geracao_agi_controller:_gerar_ext:633 - [STEP] Finalizando: montar_linhas_ext | Tempo gasto: 0.02s
2026-08-13 13:38:35.023 | INFO    |src.controllers.geracao_agi_controller:_gerar_ext:639 - [STEP] Iniciando: gerar_arquivo_ext
2026-08-13 13:38:35.046 | INFO    |comum.utils.decoradores:wrapper:22 - [HU-12 EXT] Arquivo gravado em [C:\Users\Btime Soluções\AppData\Local\Temp\pytest-of-Btime Soluções\pytest-18\test_a_carga_recebe_o_lote_int0\Operadoras\CLARO\2025\202507\AGI\DE_AGI_D_202507_TBRA_X_CLARO_EXT.xlsx].
2026-08-13 13:38:35.046 | INFO    |src.controllers.geracao_agi_controller:_gerar_ext:639 - [STEP] Finalizando: gerar_arquivo_ext | Tempo gasto: 0.02s
2026-08-13 13:38:35.047 | INFO    |src.controllers.geracao_agi_controller:_gerar_int:648 - [STEP] Iniciando: montar_linhas_int
2026-08-13 13:38:35.062 | INFO    |comum.utils.decoradores:wrapper:22 - [HU-13 INT] 1 linha(s) montada(s) (COM retenção).
2026-08-13 13:38:35.063 | INFO    |src.controllers.geracao_agi_controller:_gerar_int:648 - [STEP] Finalizando: montar_linhas_int | Tempo gasto: 0.02s
2026-08-13 13:38:35.064 | INFO    |src.controllers.geracao_agi_controller:_gerar_int:654 - [STEP] Iniciando: gerar_arquivo_int
2026-08-13 13:38:35.086 | INFO    |comum.utils.decoradores:wrapper:22 - [HU-13 INT] Arquivo gravado em [C:\Users\Btime Soluções\AppData\Local\Temp\pytest-of-Btime Soluções\pytest-18\test_a_carga_recebe_o_lote_int0\Operadoras\CLARO\2025\202507\AGI\DE_AGI_D_202507_TBRA_X_CLARO_INT.xlsx].
2026-08-13 13:38:35.087 | INFO    |src.controllers.geracao_agi_controller:_gerar_int:654 - [STEP] Finalizando: gerar_arquivo_int | Tempo gasto: 0.02s
2026-08-13 13:38:35.087 | INFO    |src.controllers.geracao_agi_controller:_gerar_env_e_carta:682 - [STEP] Iniciando: montar_abas_env
2026-08-13 13:38:35.105 | INFO    |comum.utils.decoradores:wrapper:22 - [HU-14 _EXP] Contest: 1 linha(s) contestada(s); TBRA: 1 linha(s) correspondente(s).
2026-08-13 13:38:35.106 | INFO    |src.controllers.geracao_agi_controller:_gerar_env_e_carta:682 - [STEP] Finalizando: montar_abas_env | Tempo gasto: 0.02s
2026-08-13 13:38:35.106 | INFO    |src.controllers.geracao_agi_controller:_gerar_env_e_carta:690 - [STEP] Iniciando: gerar_arquivo_env
2026-08-13 13:38:35.131 | INFO    |comum.utils.decoradores:wrapper:22 - [HU-14 _EXP] Arquivo gravado em [C:\Users\Btime Soluções\AppData\Local\Temp\pytest-of-Btime Soluções\pytest-18\test_a_carga_recebe_o_lote_int0\Operadoras\CLARO\2025\202507\Contestações\Base Contestação_CLARO_202507_EXP.xlsx].
2026-08-13 13:38:35.132 | INFO    |src.controllers.geracao_agi_controller:_gerar_env_e_carta:690 - [STEP] Finalizando: gerar_arquivo_env | Tempo gasto: 0.03s
2026-08-13 13:38:35.142 | ERROR   |src.controllers.geracao_agi_controller:_gerar_para_operadora:606 - [RPA 3] Numeração CT indisponível: CAMINHO_CONTROLE_CT não está configurado. É a pasta '...\Correspondências Enviadas\CT', de onde sai o último número de carta emitido — sem ela a HU-14 não pode gerar carta sem arriscar duplicar a numeração. A geração de CARTA fica desabilitada para toda esta execução — os demais artefatos continuam sendo gerados.
2026-08-13 13:38:35.143 | INFO    |src.controllers.geracao_agi_controller:_gerar_para_operadora:617 - [STEP] Iniciando: GeracaoAgiController.gerar_cont_proc
2026-08-13 13:38:35.144 | INFO    |src.controllers.geracao_agi_controller:gerar_cont_proc:1030 - [STEP] Iniciando: montar_linhas_cont_proc
2026-08-13 13:38:35.145 | INFO    |src.services.geracao_cont_proc:montar_linhas_cont_proc:224 - [STEP] Iniciando: selecionar_linhas_contestadas
2026-08-13 13:38:35.158 | INFO    |comum.utils.decoradores:wrapper:22 - [HU-16 CONT_PROC] 1 linha(s) contestada(s).
2026-08-13 13:38:35.159 | INFO    |src.services.geracao_cont_proc:montar_linhas_cont_proc:224 - [STEP] Finalizando: selecionar_linhas_contestadas | Tempo gasto: 0.01s
2026-08-13 13:38:35.164 | INFO    |comum.utils.decoradores:wrapper:22 - [HU-16 CONT_PROC] 1 linha(s) montada(s) (T-100+T-101 completos).
2026-08-13 13:38:35.165 | INFO    |src.controllers.geracao_agi_controller:gerar_cont_proc:1030 - [STEP] Finalizando: montar_linhas_cont_proc | Tempo gasto: 0.02s
2026-08-13 13:38:35.166 | INFO    |src.controllers.geracao_agi_controller:gerar_cont_proc:1036 - [STEP] Iniciando: gerar_arquivo_cont_proc
2026-08-13 13:38:35.186 | INFO    |comum.utils.decoradores:wrapper:22 - [HU-16 CONT_PROC] Arquivo gravado em [C:\Users\Btime Soluções\AppData\Local\Temp\pytest-of-Btime Soluções\pytest-18\test_a_carga_recebe_o_lote_int0\Operadoras\CLARO\2025\202507\AGI\CONT_PROC_MASCARA_CLARO_202507.xlsx].
2026-08-13 13:38:35.186 | INFO    |src.controllers.geracao_agi_controller:gerar_cont_proc:1036 - [STEP] Finalizando: gerar_arquivo_cont_proc | Tempo gasto: 0.02s
2026-08-13 13:38:35.187 | INFO    |src.controllers.geracao_agi_controller:gerar_cont_proc:1046 - [STEP] Iniciando: selecionar_linhas_contestadas
2026-08-13 13:38:35.197 | INFO    |comum.utils.decoradores:wrapper:22 - [HU-16 CONT_PROC] 1 linha(s) contestada(s).
2026-08-13 13:38:35.197 | INFO    |src.controllers.geracao_agi_controller:gerar_cont_proc:1046 - [STEP] Finalizando: selecionar_linhas_contestadas | Tempo gasto: 0.01s
2026-08-13 13:38:35.204 | INFO    |comum.dados.repositorio_tabelas:_atualizar_contestacao_em_lote:976 - 1 linha(s) atualizada(s) em [tbl_rpa_log_detraf_despesa_contestacao].
2026-08-13 13:38:35.204 | INFO    |comum.dados.repositorio_cache:recarregar_cache_local:375 - Carregando tabela [tbl_rpa_log_detraf_despesa_contestacao]
2026-08-13 13:38:35.207 | INFO    |comum.dados.repositorio_cache:recarregar_cache_local:375 - Tabela [tbl_rpa_log_detraf_despesa_contestacao] carregada | Linhas: 2 | Colunas: 19
2026-08-13 13:38:35.208 | INFO    |comum.dados.repositorio_tabelas:atualizar_tipo_contestacao:1046 - [HU-16 Writeback tipo_contestacao] 1 linha(s) atualizada(s), 0 chave(s) ausente(s).
2026-08-13 13:38:35.208 | INFO    |src.controllers.geracao_agi_controller:_gerar_para_operadora:617 - [STEP] Finalizando: GeracaoAgiController.gerar_cont_proc | Tempo gasto: 0.07s
2026-08-13 13:38:35.210 | INFO    |src.controllers.geracao_agi_controller:_pausar_apos_artefatos:530 - [RPA 3 — etapa 1/4: artefatos] 2 operadora(s) em 202507:
2026-08-13 13:38:35.210 | INFO    |src.controllers.geracao_agi_controller:_pausar_apos_artefatos:530 - [RPA 3 — etapa 1/4: artefatos]   ALGAR                EXT · CONT_PROC
2026-08-13 13:38:35.211 | INFO    |src.controllers.geracao_agi_controller:_pausar_apos_artefatos:530 - [RPA 3 — etapa 1/4: artefatos]                        pulado: sem expectativa Vivo
2026-08-13 13:38:35.212 | INFO    |src.controllers.geracao_agi_controller:_pausar_apos_artefatos:530 - [RPA 3 — etapa 1/4: artefatos]                        pulado: _EXP e carta sem expectativa Vivo
2026-08-13 13:38:35.212 | INFO    |src.controllers.geracao_agi_controller:_pausar_apos_artefatos:530 - [RPA 3 — etapa 1/4: artefatos]   CLARO                EXT · INT · _EXP · CONT_PROC
2026-08-13 13:38:35.213 | INFO    |src.controllers.geracao_agi_controller:_pausar_apos_artefatos:530 - [RPA 3 — etapa 1/4: artefatos]                        pulado: carta desabilitada nesta execução (numeração CT)
2026-08-13 13:38:35.213 | INFO    |src.controllers.geracao_agi_controller:_pausar_apos_artefatos:530 - [RPA 3 — etapa 1/4: artefatos] Pasta: C:\Users\Btime Soluções\AppData\Local\Temp\pytest-of-Btime Soluções\pytest-18\test_a_carga_recebe_o_lote_int0\Operadoras
2026-08-13 13:38:35.214 | INFO    |src.controllers.geracao_agi_controller:_pausar_apos_artefatos:530 - [RPA 3 — etapa 1/4: artefatos] ────────────────────────────────────────────────────────────
2026-08-13 13:38:35.214 | INFO    |src.controllers.geracao_agi_controller:_pausar_apos_artefatos:530 - [RPA 3 — etapa 1/4: artefatos] PRÓXIMA ETAPA: carga no AGI (HU-17/HU-18) — ESCREVE NO AGI
2026-08-13 13:38:35.215 | INFO    |src.controllers.geracao_agi_controller:gerar_artefatos:332 - [RPA 3 — etapa 2/4: carga no AGI] 2 operadora(s) na lista de carga.
2026-08-13 13:38:35.216 | INFO    |src.controllers.geracao_agi_controller:gerar_artefatos:332 - [RPA 3 — etapa 2/4: carga no AGI] Upload no AGI: desligado — nada foi enviado, só registrado no log.
2026-08-13 13:38:35.216 | INFO    |src.controllers.geracao_agi_controller:gerar_artefatos:332 - [RPA 3 — etapa 2/4: carga no AGI] Confira no AGI se a carga entrou, e o campo `carga_agi` na tabela de contestação.
2026-08-13 13:38:35.217 | INFO    |src.controllers.geracao_agi_controller:gerar_artefatos:332 - [RPA 3 — etapa 2/4: carga no AGI] ────────────────────────────────────────────────────────────
2026-08-13 13:38:35.217 | INFO    |src.controllers.geracao_agi_controller:gerar_artefatos:332 - [RPA 3 — etapa 2/4: carga no AGI] PRÓXIMA ETAPA: e-mail de contestação à operadora (HU-15) — SAI DA EMPRESA
2026-08-13 13:38:35.218 | INFO    |src.controllers.geracao_agi_controller:gerar_artefatos:368 - [RPA 3 — etapa 3/4: e-mail de contestação] Envio de e-mail: desligado — o e-mail foi montado e registrado, não enviado.
2026-08-13 13:38:35.218 | INFO    |src.controllers.geracao_agi_controller:gerar_artefatos:368 - [RPA 3 — etapa 3/4: e-mail de contestação] Contatos: não configurados (pendência Q16) — nada é enviado
2026-08-13 13:38:35.219 | INFO    |src.controllers.geracao_agi_controller:gerar_artefatos:368 - [RPA 3 — etapa 3/4: e-mail de contestação] ────────────────────────────────────────────────────────────
2026-08-13 13:38:35.219 | INFO    |src.controllers.geracao_agi_controller:gerar_artefatos:368 - [RPA 3 — etapa 3/4: e-mail de contestação] PRÓXIMA ETAPA: conferência do relatório contra o EC (HU-20)
2026-08-13 13:38:35.219 | INFO    |src.controllers.geracao_agi_controller:_verificar_relatorio:895 - [STEP] Iniciando: VerificacaoRelatorio.executar
2026-08-13 13:38:35.220 | INFO    |comum.utils.decoradores:wrapper:22 - [MODO SEGURO] PERMITIR_ACESSO_AGI=false — o AGI não será aberto. A verificação usa o relatório já em [C:\projetos\MVP2\MVP2\MVP2\DETRAF-UNIFICADO\unificado\logs\relatorio_agi\remessa_baixada.csv].
2026-08-13 13:38:35.220 | INFO    |src.controllers.geracao_agi_controller:_verificar_relatorio:895 - [STEP] Finalizando: VerificacaoRelatorio.executar | Tempo gasto: 0.0s
2026-08-13 13:38:35.221 | WARNING |src.controllers.geracao_agi_controller:gerar_artefatos:398 - [RPA 3] HU-20 não executada: Relatório do AGI não encontrado em [C:\projetos\MVP2\MVP2\MVP2\DETRAF-UNIFICADO\unificado\logs\relatorio_agi\remessa_baixada.csv]. Com PERMITIR_ACESSO_AGI desligado, é preciso baixá-lo antes.
2026-08-13 13:38:35.221 | INFO    |src.controllers.geracao_agi_controller:gerar_artefatos:402 - [RPA 3 — etapa 4/4: conferência do relatório] A conferência compara o relatório do AGI com o Encontro de Contas do banco.
2026-08-13 13:38:35.221 | INFO    |src.controllers.geracao_agi_controller:gerar_artefatos:402 - [RPA 3 — etapa 4/4: conferência do relatório] A planilha de inconsistências só é gravada quando há divergência — nenhum arquivo significa nenhuma divergência.
2026-08-13 13:38:35.222 | INFO    |src.controllers.geracao_agi_controller:gerar_artefatos:402 - [RPA 3 — etapa 4/4: conferência do relatório] Pasta: C:\projetos\MVP2\MVP2\MVP2\DETRAF-UNIFICADO\unificado\logs\inconsistencias
2026-08-13 13:38:35.222 | INFO    |src.controllers.geracao_agi_controller:gerar_artefatos:402 - [RPA 3 — etapa 4/4: conferência do relatório] ────────────────────────────────────────────────────────────
2026-08-13 13:38:35.222 | INFO    |src.controllers.geracao_agi_controller:gerar_artefatos:402 - [RPA 3 — etapa 4/4: conferência do relatório] Esta é a última etapa da execução.
2026-08-13 13:38:35.223 | INFO    |src.controllers.geracao_agi_controller:gerar_artefatos:415 - [RPA 3] Resumo de 202507 — 2 operadora(s): EXT 2, INT 1, _EXP 1, carta 0, CONT_PROC 2.
2026-08-13 13:38:35.223 | INFO    |src.controllers.geracao_agi_controller:gerar_artefatos:415 - [RPA 3]   ALGAR: sem expectativa Vivo; _EXP e carta sem expectativa Vivo.
2026-08-13 13:38:35.223 | INFO    |src.controllers.geracao_agi_controller:gerar_artefatos:415 - [RPA 3]   CLARO: carta desabilitada nesta execução (numeração CT).
2026-08-13 13:38:35.224 | WARNING |src.controllers.geracao_agi_controller:gerar_artefatos:415 - [RPA 3] HU-15 sem destinatários: a tabela de contatos do WebFat continua sem resposta do cliente (pendência Q16). A ponte é apontar CAMINHO_CONTATOS_OPERADORAS para um CSV `operadora;emails`.
2026-08-13 13:38:35.227 | INFO    |src.controllers.geracao_agi_controller:_gravar_relatorio:956 - [Relatório] Resumo da execução em [C:\projetos\MVP2\MVP2\MVP2\DETRAF-UNIFICADO\unificado\logs\DESKTOP-64TNDKM\rpa3_contestacao_agi_ec\execucoes\2026-08-13_13-38-35.md].
2026-08-13 13:38:35.228 | INFO    |test_orquestracao_rpa3:test_a_carga_recebe_o_lote_inteiro_de_uma_vez:264 - [STEP] Finalizando: GeracaoAgiController.gerar_artefatos | Tempo gasto: 0.53s
2026-08-13 13:38:35.239 | INFO    |comum.dados.repositorio_cache:__init__:77 - Inicializando conexão com o banco no ambiente [dev]
2026-08-13 13:38:35.239 | INFO    |comum.dados.repositorio_cache:__init__:77 - Utilizando SQLite local [C:\Users\BTIMES~1\AppData\Local\Temp\detraf_epico4_teste_9l21xs1s\TABELAS_DETRAF_TESTE.db]
2026-08-13 13:38:35.249 | INFO    |test_orquestracao_rpa3:test_sem_artefato_o_agi_nao_e_aberto:276 - [STEP] Iniciando: GeracaoAgiController.gerar_artefatos
2026-08-13 13:38:35.251 | INFO    |comum.utils.decoradores:wrapper:22 - [RPA 3] 1 operadora(s) em 202507: VAZIA.
2026-08-13 13:38:35.251 | INFO    |comum.dados.repositorio_cache:obter_tabela:214 - Carregando tabela [tbl_detraf_mapeamento_descritores]
2026-08-13 13:38:35.255 | INFO    |comum.dados.repositorio_cache:obter_tabela:214 - Tabela [tbl_detraf_mapeamento_descritores] carregada | Linhas: 25 | Colunas: 5
2026-08-13 13:38:35.266 | INFO    |src.controllers.geracao_agi_controller:_gerar_para_operadora:558 - [STEP] Iniciando: consolidar_detrafs_operadora
2026-08-13 13:38:35.267 | INFO    |src.services.consolidacao_contestacao:consolidar_detrafs_operadora:174 - [Consolidação] 0 arquivo(s) encontrado(s) em [C:\Users\Btime Soluções\AppData\Local\Temp\pytest-of-Btime Soluções\pytest-18\test_sem_artefato_o_agi_nao_e_0\Operadoras\VAZIA\2025\202507\Detrafs Recebidos].
2026-08-13 13:38:35.268 | INFO    |src.controllers.geracao_agi_controller:_gerar_para_operadora:558 - [STEP] Finalizando: consolidar_detrafs_operadora | Tempo gasto: 0.0s
2026-08-13 13:38:35.268 | WARNING |src.controllers.geracao_agi_controller:_gerar_todos:269 - [RPA 3] VAZIA: nenhum Detraf em 202507 — operadora pulada.
2026-08-13 13:38:35.269 | INFO    |src.controllers.geracao_agi_controller:_pausar_apos_artefatos:530 - [RPA 3 — etapa 1/4: artefatos] 1 operadora(s) em 202507:
2026-08-13 13:38:35.269 | INFO    |src.controllers.geracao_agi_controller:_pausar_apos_artefatos:530 - [RPA 3 — etapa 1/4: artefatos]   VAZIA                nada gerado
2026-08-13 13:38:35.270 | INFO    |src.controllers.geracao_agi_controller:_pausar_apos_artefatos:530 - [RPA 3 — etapa 1/4: artefatos]                        pulado: sem Detraf recebido
2026-08-13 13:38:35.270 | INFO    |src.controllers.geracao_agi_controller:_pausar_apos_artefatos:530 - [RPA 3 — etapa 1/4: artefatos] Pasta: C:\Users\Btime Soluções\AppData\Local\Temp\pytest-of-Btime Soluções\pytest-18\test_sem_artefato_o_agi_nao_e_0\Operadoras
2026-08-13 13:38:35.270 | INFO    |src.controllers.geracao_agi_controller:_pausar_apos_artefatos:530 - [RPA 3 — etapa 1/4: artefatos] ────────────────────────────────────────────────────────────
2026-08-13 13:38:35.271 | INFO    |src.controllers.geracao_agi_controller:_pausar_apos_artefatos:530 - [RPA 3 — etapa 1/4: artefatos] PRÓXIMA ETAPA: carga no AGI (HU-17/HU-18) — ESCREVE NO AGI
2026-08-13 13:38:35.271 | INFO    |src.controllers.geracao_agi_controller:gerar_artefatos:321 - [RPA 3] Nenhum artefato gerado — nada a carregar no AGI.
2026-08-13 13:38:35.272 | INFO    |src.controllers.geracao_agi_controller:gerar_artefatos:332 - [RPA 3 — etapa 2/4: carga no AGI] 0 operadora(s) na lista de carga.
2026-08-13 13:38:35.273 | INFO    |src.controllers.geracao_agi_controller:gerar_artefatos:332 - [RPA 3 — etapa 2/4: carga no AGI] Upload no AGI: desligado — nada foi enviado, só registrado no log.
2026-08-13 13:38:35.273 | INFO    |src.controllers.geracao_agi_controller:gerar_artefatos:332 - [RPA 3 — etapa 2/4: carga no AGI] Confira no AGI se a carga entrou, e o campo `carga_agi` na tabela de contestação.
2026-08-13 13:38:35.273 | INFO    |src.controllers.geracao_agi_controller:gerar_artefatos:332 - [RPA 3 — etapa 2/4: carga no AGI] ────────────────────────────────────────────────────────────
2026-08-13 13:38:35.274 | INFO    |src.controllers.geracao_agi_controller:gerar_artefatos:332 - [RPA 3 — etapa 2/4: carga no AGI] PRÓXIMA ETAPA: e-mail de contestação à operadora (HU-15) — SAI DA EMPRESA
2026-08-13 13:38:35.274 | INFO    |src.controllers.geracao_agi_controller:gerar_artefatos:368 - [RPA 3 — etapa 3/4: e-mail de contestação] Envio de e-mail: desligado — o e-mail foi montado e registrado, não enviado.
2026-08-13 13:38:35.274 | INFO    |src.controllers.geracao_agi_controller:gerar_artefatos:368 - [RPA 3 — etapa 3/4: e-mail de contestação] Contatos: não configurados (pendência Q16) — nada é enviado
2026-08-13 13:38:35.274 | INFO    |src.controllers.geracao_agi_controller:gerar_artefatos:368 - [RPA 3 — etapa 3/4: e-mail de contestação] ────────────────────────────────────────────────────────────
2026-08-13 13:38:35.275 | INFO    |src.controllers.geracao_agi_controller:gerar_artefatos:368 - [RPA 3 — etapa 3/4: e-mail de contestação] PRÓXIMA ETAPA: conferência do relatório contra o EC (HU-20)
2026-08-13 13:38:35.275 | INFO    |src.controllers.geracao_agi_controller:_verificar_relatorio:895 - [STEP] Iniciando: VerificacaoRelatorio.executar
2026-08-13 13:38:35.276 | INFO    |comum.utils.decoradores:wrapper:22 - [MODO SEGURO] PERMITIR_ACESSO_AGI=false — o AGI não será aberto. A verificação usa o relatório já em [C:\projetos\MVP2\MVP2\MVP2\DETRAF-UNIFICADO\unificado\logs\relatorio_agi\remessa_baixada.csv].
2026-08-13 13:38:35.277 | INFO    |src.controllers.geracao_agi_controller:_verificar_relatorio:895 - [STEP] Finalizando: VerificacaoRelatorio.executar | Tempo gasto: 0.0s
2026-08-13 13:38:35.277 | WARNING |src.controllers.geracao_agi_controller:gerar_artefatos:398 - [RPA 3] HU-20 não executada: Relatório do AGI não encontrado em [C:\projetos\MVP2\MVP2\MVP2\DETRAF-UNIFICADO\unificado\logs\relatorio_agi\remessa_baixada.csv]. Com PERMITIR_ACESSO_AGI desligado, é preciso baixá-lo antes.
2026-08-13 13:38:35.278 | INFO    |src.controllers.geracao_agi_controller:gerar_artefatos:402 - [RPA 3 — etapa 4/4: conferência do relatório] A conferência compara o relatório do AGI com o Encontro de Contas do banco.
2026-08-13 13:38:35.278 | INFO    |src.controllers.geracao_agi_controller:gerar_artefatos:402 - [RPA 3 — etapa 4/4: conferência do relatório] A planilha de inconsistências só é gravada quando há divergência — nenhum arquivo significa nenhuma divergência.
2026-08-13 13:38:35.279 | INFO    |src.controllers.geracao_agi_controller:gerar_artefatos:402 - [RPA 3 — etapa 4/4: conferência do relatório] Pasta: C:\projetos\MVP2\MVP2\MVP2\DETRAF-UNIFICADO\unificado\logs\inconsistencias
2026-08-13 13:38:35.280 | INFO    |src.controllers.geracao_agi_controller:gerar_artefatos:402 - [RPA 3 — etapa 4/4: conferência do relatório] ────────────────────────────────────────────────────────────
2026-08-13 13:38:35.280 | INFO    |src.controllers.geracao_agi_controller:gerar_artefatos:402 - [RPA 3 — etapa 4/4: conferência do relatório] Esta é a última etapa da execução.
2026-08-13 13:38:35.281 | INFO    |src.controllers.geracao_agi_controller:gerar_artefatos:415 - [RPA 3] Resumo de 202507 — 1 operadora(s): EXT 0, INT 0, _EXP 0, carta 0, CONT_PROC 0.
2026-08-13 13:38:35.281 | INFO    |src.controllers.geracao_agi_controller:gerar_artefatos:415 - [RPA 3]   VAZIA: sem Detraf recebido.
2026-08-13 13:38:35.281 | WARNING |src.controllers.geracao_agi_controller:gerar_artefatos:415 - [RPA 3] HU-15 sem destinatários: a tabela de contatos do WebFat continua sem resposta do cliente (pendência Q16). A ponte é apontar CAMINHO_CONTATOS_OPERADORAS para um CSV `operadora;emails`.
2026-08-13 13:38:35.284 | INFO    |src.controllers.geracao_agi_controller:_gravar_relatorio:956 - [Relatório] Resumo da execução em [C:\projetos\MVP2\MVP2\MVP2\DETRAF-UNIFICADO\unificado\logs\DESKTOP-64TNDKM\rpa3_contestacao_agi_ec\execucoes\2026-08-13_13-38-35.md].
2026-08-13 13:38:35.285 | INFO    |test_orquestracao_rpa3:test_sem_artefato_o_agi_nao_e_aberto:276 - [STEP] Finalizando: GeracaoAgiController.gerar_artefatos | Tempo gasto: 0.04s
2026-08-13 13:38:35.297 | INFO    |comum.dados.repositorio_cache:__init__:77 - Inicializando conexão com o banco no ambiente [dev]
2026-08-13 13:38:35.297 | INFO    |comum.dados.repositorio_cache:__init__:77 - Utilizando SQLite local [C:\Users\BTIMES~1\AppData\Local\Temp\detraf_epico4_teste_9l21xs1s\TABELAS_DETRAF_TESTE.db]
2026-08-13 13:38:35.313 | INFO    |test_orquestracao_rpa3:test_execucao_completa_nao_toca_agi_nem_outlook:313 - [STEP] Iniciando: GeracaoAgiController.gerar_artefatos
2026-08-13 13:38:35.315 | INFO    |comum.utils.decoradores:wrapper:22 - [RPA 3] 1 operadora(s) em 202507: CLARO.
2026-08-13 13:38:35.315 | INFO    |comum.dados.repositorio_cache:obter_tabela:214 - Carregando tabela [tbl_detraf_mapeamento_descritores]
2026-08-13 13:38:35.319 | INFO    |comum.dados.repositorio_cache:obter_tabela:214 - Tabela [tbl_detraf_mapeamento_descritores] carregada | Linhas: 25 | Colunas: 5
2026-08-13 13:38:35.327 | INFO    |src.controllers.geracao_agi_controller:_gerar_para_operadora:558 - [STEP] Iniciando: consolidar_detrafs_operadora
2026-08-13 13:38:35.328 | INFO    |src.services.consolidacao_contestacao:consolidar_detrafs_operadora:174 - [Consolidação] 1 arquivo(s) encontrado(s) em [C:\Users\Btime Soluções\AppData\Local\Temp\pytest-of-Btime Soluções\pytest-18\test_execucao_completa_nao_toc0\Operadoras\CLARO\2025\202507\Detrafs Recebidos].
2026-08-13 13:38:35.333 | INFO    |src.services.consolidacao_contestacao:consolidar_detrafs_operadora:177 - [Consolidação] [DETRAF_D_CLARO_202507.csv]: 1 linha(s) -> 1 após remover totais.
2026-08-13 13:38:35.334 | INFO    |src.services.consolidacao_contestacao:consolidar_detrafs_operadora:177 - [Consolidação] Consolidado: 1 linha(s) de 1 arquivo(s).
2026-08-13 13:38:35.335 | INFO    |src.controllers.geracao_agi_controller:_gerar_para_operadora:558 - [STEP] Finalizando: consolidar_detrafs_operadora | Tempo gasto: 0.01s
2026-08-13 13:38:35.335 | INFO    |src.controllers.geracao_agi_controller:_gerar_para_operadora:574 - [STEP] Iniciando: consolidar_expectativa_vivo
2026-08-13 13:38:35.337 | INFO    |src.services.consolidacao_contestacao:consolidar_expectativa_vivo:207 - [Consolidação] 1 arquivo(s) encontrado(s) em [C:\Users\Btime Soluções\AppData\Local\Temp\pytest-of-Btime Soluções\pytest-18\test_execucao_completa_nao_toc0\Operadoras\CLARO\2025\202507\Detrafs Enviados].
2026-08-13 13:38:35.341 | INFO    |src.services.consolidacao_contestacao:consolidar_expectativa_vivo:211 - [Consolidação] [DE_D_TBRA_CLARO_202507.csv]: 1 linha(s) -> 1 após remover totais.
2026-08-13 13:38:35.342 | INFO    |src.services.consolidacao_contestacao:consolidar_expectativa_vivo:211 - [Consolidação] Consolidado: 1 linha(s) de 1 arquivo(s).
2026-08-13 13:38:35.343 | INFO    |src.controllers.geracao_agi_controller:_gerar_para_operadora:574 - [STEP] Finalizando: consolidar_expectativa_vivo | Tempo gasto: 0.01s
2026-08-13 13:38:35.343 | INFO    |src.controllers.geracao_agi_controller:_gerar_para_operadora:586 - [STEP] Iniciando: montar_contest
2026-08-13 13:38:35.386 | INFO    |comum.utils.decoradores:wrapper:22 - [Consolidação] Contest: 1 combinação(ões) analisada(s).
2026-08-13 13:38:35.387 | INFO    |src.controllers.geracao_agi_controller:_gerar_para_operadora:586 - [STEP] Finalizando: montar_contest | Tempo gasto: 0.04s
2026-08-13 13:38:35.387 | INFO    |src.controllers.geracao_agi_controller:_gerar_para_operadora:595 - [STEP] Iniciando: GeracaoAgiController.atualizar_despesa_contestacao
2026-08-13 13:38:35.388 | INFO    |src.controllers.geracao_agi_controller:atualizar_despesa_contestacao:1066 - [STEP] Iniciando: preparar_atualizacoes_despesa_contestacao
2026-08-13 13:38:35.390 | INFO    |comum.dados.repositorio_cache:obter_tabela:214 - Carregando tabela [tbl_rpa_log_detraf_despesa_contestacao]
2026-08-13 13:38:35.395 | INFO    |comum.dados.repositorio_cache:obter_tabela:214 - Tabela [tbl_rpa_log_detraf_despesa_contestacao] carregada | Linhas: 2 | Colunas: 19
2026-08-13 13:38:35.402 | INFO    |comum.utils.decoradores:wrapper:22 - [HU-19 Despesa Contestação] 1 atualização(ões) preparada(s).
2026-08-13 13:38:35.403 | INFO    |src.controllers.geracao_agi_controller:atualizar_despesa_contestacao:1066 - [STEP] Finalizando: preparar_atualizacoes_despesa_contestacao | Tempo gasto: 0.01s
2026-08-13 13:38:35.403 | WARNING |comum.dados.repositorio_tabelas:atualizar_despesa_contestacao:1019 - [HU-19 Despesa Contestação] A tabela 'tbl_rpa_log_detraf_despesa_contestacao' não tem a(s) coluna(s) vb_contestacao — NÃO gravada(s). As demais seguem normalmente. Um ALTER TABLE resolve; ver pendencias-para-o-cliente.md (Q24).
2026-08-13 13:38:35.436 | INFO    |comum.dados.repositorio_tabelas:_atualizar_contestacao_em_lote:976 - 1 linha(s) atualizada(s) em [tbl_rpa_log_detraf_despesa_contestacao].
2026-08-13 13:38:35.436 | INFO    |comum.dados.repositorio_cache:recarregar_cache_local:375 - Carregando tabela [tbl_rpa_log_detraf_despesa_contestacao]
2026-08-13 13:38:35.440 | INFO    |comum.dados.repositorio_cache:recarregar_cache_local:375 - Tabela [tbl_rpa_log_detraf_despesa_contestacao] carregada | Linhas: 2 | Colunas: 19
2026-08-13 13:38:35.441 | INFO    |comum.dados.repositorio_tabelas:atualizar_despesa_contestacao:1019 - [HU-19 Despesa Contestação] 1 linha(s) atualizada(s), 0 chave(s) ausente(s).
2026-08-13 13:38:35.441 | INFO    |src.controllers.geracao_agi_controller:_gerar_para_operadora:595 - [STEP] Finalizando: GeracaoAgiController.atualizar_despesa_contestacao | Tempo gasto: 0.05s
2026-08-13 13:38:35.442 | INFO    |src.controllers.geracao_agi_controller:_gerar_ext:633 - [STEP] Iniciando: montar_linhas_ext
2026-08-13 13:38:35.457 | INFO    |comum.utils.decoradores:wrapper:22 - [HU-12 EXT] 1 linha(s) montada(s).
2026-08-13 13:38:35.458 | INFO    |src.controllers.geracao_agi_controller:_gerar_ext:633 - [STEP] Finalizando: montar_linhas_ext | Tempo gasto: 0.02s
2026-08-13 13:38:35.458 | INFO    |src.controllers.geracao_agi_controller:_gerar_ext:639 - [STEP] Iniciando: gerar_arquivo_ext
2026-08-13 13:38:35.479 | INFO    |comum.utils.decoradores:wrapper:22 - [HU-12 EXT] Arquivo gravado em [C:\Users\Btime Soluções\AppData\Local\Temp\pytest-of-Btime Soluções\pytest-18\test_execucao_completa_nao_toc0\Operadoras\CLARO\2025\202507\AGI\DE_AGI_D_202507_TBRA_X_CLARO_EXT.xlsx].
2026-08-13 13:38:35.480 | INFO    |src.controllers.geracao_agi_controller:_gerar_ext:639 - [STEP] Finalizando: gerar_arquivo_ext | Tempo gasto: 0.02s
2026-08-13 13:38:35.481 | INFO    |src.controllers.geracao_agi_controller:_gerar_int:648 - [STEP] Iniciando: montar_linhas_int
2026-08-13 13:38:35.499 | INFO    |comum.utils.decoradores:wrapper:22 - [HU-13 INT] 1 linha(s) montada(s) (COM retenção).
2026-08-13 13:38:35.499 | INFO    |src.controllers.geracao_agi_controller:_gerar_int:648 - [STEP] Finalizando: montar_linhas_int | Tempo gasto: 0.02s
2026-08-13 13:38:35.500 | INFO    |src.controllers.geracao_agi_controller:_gerar_int:654 - [STEP] Iniciando: gerar_arquivo_int
2026-08-13 13:38:35.519 | INFO    |comum.utils.decoradores:wrapper:22 - [HU-13 INT] Arquivo gravado em [C:\Users\Btime Soluções\AppData\Local\Temp\pytest-of-Btime Soluções\pytest-18\test_execucao_completa_nao_toc0\Operadoras\CLARO\2025\202507\AGI\DE_AGI_D_202507_TBRA_X_CLARO_INT.xlsx].
2026-08-13 13:38:35.520 | INFO    |src.controllers.geracao_agi_controller:_gerar_int:654 - [STEP] Finalizando: gerar_arquivo_int | Tempo gasto: 0.02s
2026-08-13 13:38:35.521 | INFO    |src.controllers.geracao_agi_controller:_gerar_env_e_carta:682 - [STEP] Iniciando: montar_abas_env
2026-08-13 13:38:35.541 | INFO    |comum.utils.decoradores:wrapper:22 - [HU-14 _EXP] Contest: 1 linha(s) contestada(s); TBRA: 1 linha(s) correspondente(s).
2026-08-13 13:38:35.542 | INFO    |src.controllers.geracao_agi_controller:_gerar_env_e_carta:682 - [STEP] Finalizando: montar_abas_env | Tempo gasto: 0.02s
2026-08-13 13:38:35.542 | INFO    |src.controllers.geracao_agi_controller:_gerar_env_e_carta:690 - [STEP] Iniciando: gerar_arquivo_env
2026-08-13 13:38:35.570 | INFO    |comum.utils.decoradores:wrapper:22 - [HU-14 _EXP] Arquivo gravado em [C:\Users\Btime Soluções\AppData\Local\Temp\pytest-of-Btime Soluções\pytest-18\test_execucao_completa_nao_toc0\Operadoras\CLARO\2025\202507\Contestações\Base Contestação_CLARO_202507_EXP.xlsx].
2026-08-13 13:38:35.571 | INFO    |src.controllers.geracao_agi_controller:_gerar_env_e_carta:690 - [STEP] Finalizando: gerar_arquivo_env | Tempo gasto: 0.03s
2026-08-13 13:38:35.586 | ERROR   |src.controllers.geracao_agi_controller:_gerar_para_operadora:606 - [RPA 3] Numeração CT indisponível: [HU-14] Pasta de controle de numeração CT não encontrada: [C:\Users\Btime Soluções\AppData\Local\Temp\pytest-of-Btime Soluções\pytest-18\test_execucao_completa_nao_toc0\CT\2025]. A geração de CARTA fica desabilitada para toda esta execução — os demais artefatos continuam sendo gerados.
2026-08-13 13:38:35.586 | INFO    |src.controllers.geracao_agi_controller:_gerar_para_operadora:617 - [STEP] Iniciando: GeracaoAgiController.gerar_cont_proc
2026-08-13 13:38:35.587 | INFO    |src.controllers.geracao_agi_controller:gerar_cont_proc:1030 - [STEP] Iniciando: montar_linhas_cont_proc
2026-08-13 13:38:35.587 | INFO    |src.services.geracao_cont_proc:montar_linhas_cont_proc:224 - [STEP] Iniciando: selecionar_linhas_contestadas
2026-08-13 13:38:35.598 | INFO    |comum.utils.decoradores:wrapper:22 - [HU-16 CONT_PROC] 1 linha(s) contestada(s).
2026-08-13 13:38:35.599 | INFO    |src.services.geracao_cont_proc:montar_linhas_cont_proc:224 - [STEP] Finalizando: selecionar_linhas_contestadas | Tempo gasto: 0.01s
2026-08-13 13:38:35.603 | INFO    |comum.utils.decoradores:wrapper:22 - [HU-16 CONT_PROC] 1 linha(s) montada(s) (T-100+T-101 completos).
2026-08-13 13:38:35.604 | INFO    |src.controllers.geracao_agi_controller:gerar_cont_proc:1030 - [STEP] Finalizando: montar_linhas_cont_proc | Tempo gasto: 0.02s
2026-08-13 13:38:35.604 | INFO    |src.controllers.geracao_agi_controller:gerar_cont_proc:1036 - [STEP] Iniciando: gerar_arquivo_cont_proc
2026-08-13 13:38:35.626 | INFO    |comum.utils.decoradores:wrapper:22 - [HU-16 CONT_PROC] Arquivo gravado em [C:\Users\Btime Soluções\AppData\Local\Temp\pytest-of-Btime Soluções\pytest-18\test_execucao_completa_nao_toc0\Operadoras\CLARO\2025\202507\AGI\CONT_PROC_MASCARA_CLARO_202507.xlsx].
2026-08-13 13:38:35.627 | INFO    |src.controllers.geracao_agi_controller:gerar_cont_proc:1036 - [STEP] Finalizando: gerar_arquivo_cont_proc | Tempo gasto: 0.02s
2026-08-13 13:38:35.628 | INFO    |src.controllers.geracao_agi_controller:gerar_cont_proc:1046 - [STEP] Iniciando: selecionar_linhas_contestadas
2026-08-13 13:38:35.637 | INFO    |comum.utils.decoradores:wrapper:22 - [HU-16 CONT_PROC] 1 linha(s) contestada(s).
2026-08-13 13:38:35.638 | INFO    |src.controllers.geracao_agi_controller:gerar_cont_proc:1046 - [STEP] Finalizando: selecionar_linhas_contestadas | Tempo gasto: 0.01s
2026-08-13 13:38:35.646 | INFO    |comum.dados.repositorio_tabelas:_atualizar_contestacao_em_lote:976 - 1 linha(s) atualizada(s) em [tbl_rpa_log_detraf_despesa_contestacao].
2026-08-13 13:38:35.647 | INFO    |comum.dados.repositorio_cache:recarregar_cache_local:375 - Carregando tabela [tbl_rpa_log_detraf_despesa_contestacao]
2026-08-13 13:38:35.650 | INFO    |comum.dados.repositorio_cache:recarregar_cache_local:375 - Tabela [tbl_rpa_log_detraf_despesa_contestacao] carregada | Linhas: 2 | Colunas: 19
2026-08-13 13:38:35.651 | INFO    |comum.dados.repositorio_tabelas:atualizar_tipo_contestacao:1046 - [HU-16 Writeback tipo_contestacao] 1 linha(s) atualizada(s), 0 chave(s) ausente(s).
2026-08-13 13:38:35.651 | INFO    |src.controllers.geracao_agi_controller:_gerar_para_operadora:617 - [STEP] Finalizando: GeracaoAgiController.gerar_cont_proc | Tempo gasto: 0.06s
2026-08-13 13:38:35.652 | INFO    |src.controllers.geracao_agi_controller:_pausar_apos_artefatos:530 - [RPA 3 — etapa 1/4: artefatos] 1 operadora(s) em 202507:
2026-08-13 13:38:35.652 | INFO    |src.controllers.geracao_agi_controller:_pausar_apos_artefatos:530 - [RPA 3 — etapa 1/4: artefatos]   CLARO                EXT · INT · _EXP · CONT_PROC
2026-08-13 13:38:35.653 | INFO    |src.controllers.geracao_agi_controller:_pausar_apos_artefatos:530 - [RPA 3 — etapa 1/4: artefatos]                        pulado: carta desabilitada nesta execução (numeração CT)
2026-08-13 13:38:35.653 | INFO    |src.controllers.geracao_agi_controller:_pausar_apos_artefatos:530 - [RPA 3 — etapa 1/4: artefatos] Pasta: C:\Users\Btime Soluções\AppData\Local\Temp\pytest-of-Btime Soluções\pytest-18\test_execucao_completa_nao_toc0\Operadoras
2026-08-13 13:38:35.653 | INFO    |src.controllers.geracao_agi_controller:_pausar_apos_artefatos:530 - [RPA 3 — etapa 1/4: artefatos] ────────────────────────────────────────────────────────────
2026-08-13 13:38:35.654 | INFO    |src.controllers.geracao_agi_controller:_pausar_apos_artefatos:530 - [RPA 3 — etapa 1/4: artefatos] PRÓXIMA ETAPA: carga no AGI (HU-17/HU-18) — ESCREVE NO AGI
2026-08-13 13:38:35.654 | INFO    |src.controllers.geracao_agi_controller:_carregar_no_agi:805 - [STEP] Iniciando: UploadDetrafAGI.executar
2026-08-13 13:38:35.657 | INFO    |comum.utils.decoradores:wrapper:22 - [MODO SEGURO] PERMITIR_UPLOAD_AGI=false — 2 arquivo(s) pendente(s), nada enviado ao AGI:
2026-08-13 13:38:35.657 | INFO    |comum.utils.decoradores:wrapper:22 -   CLARO: DE_AGI_D_202507_TBRA_X_CLARO_EXT.xlsx
2026-08-13 13:38:35.658 | INFO    |comum.utils.decoradores:wrapper:22 -   CLARO: DE_AGI_D_202507_TBRA_X_CLARO_INT.xlsx
2026-08-13 13:38:35.658 | INFO    |src.controllers.geracao_agi_controller:_carregar_no_agi:805 - [STEP] Finalizando: UploadDetrafAGI.executar | Tempo gasto: 0.0s
2026-08-13 13:38:35.658 | INFO    |src.controllers.geracao_agi_controller:_carregar_no_agi:808 - [STEP] Iniciando: UploadContestacaoAGI.executar
2026-08-13 13:38:35.660 | INFO    |comum.utils.decoradores:wrapper:22 - [MODO SEGURO] PERMITIR_UPLOAD_AGI=false — 1 arquivo(s) de contestação pendente(s), nada enviado ao AGI:
2026-08-13 13:38:35.661 | INFO    |comum.utils.decoradores:wrapper:22 -   CLARO: CONT_PROC_MASCARA_CLARO_202507.xlsx
2026-08-13 13:38:35.662 | INFO    |src.controllers.geracao_agi_controller:_carregar_no_agi:808 - [STEP] Finalizando: UploadContestacaoAGI.executar | Tempo gasto: 0.0s
2026-08-13 13:38:35.662 | INFO    |src.controllers.geracao_agi_controller:gerar_artefatos:332 - [RPA 3 — etapa 2/4: carga no AGI] 1 operadora(s) na lista de carga.
2026-08-13 13:38:35.662 | INFO    |src.controllers.geracao_agi_controller:gerar_artefatos:332 - [RPA 3 — etapa 2/4: carga no AGI] Upload no AGI: desligado — nada foi enviado, só registrado no log.
2026-08-13 13:38:35.663 | INFO    |src.controllers.geracao_agi_controller:gerar_artefatos:332 - [RPA 3 — etapa 2/4: carga no AGI] Confira no AGI se a carga entrou, e o campo `carga_agi` na tabela de contestação.
2026-08-13 13:38:35.663 | INFO    |src.controllers.geracao_agi_controller:gerar_artefatos:332 - [RPA 3 — etapa 2/4: carga no AGI] ────────────────────────────────────────────────────────────
2026-08-13 13:38:35.664 | INFO    |src.controllers.geracao_agi_controller:gerar_artefatos:332 - [RPA 3 — etapa 2/4: carga no AGI] PRÓXIMA ETAPA: e-mail de contestação à operadora (HU-15) — SAI DA EMPRESA
2026-08-13 13:38:35.664 | INFO    |src.controllers.geracao_agi_controller:gerar_artefatos:368 - [RPA 3 — etapa 3/4: e-mail de contestação] Envio de e-mail: desligado — o e-mail foi montado e registrado, não enviado.
2026-08-13 13:38:35.664 | INFO    |src.controllers.geracao_agi_controller:gerar_artefatos:368 - [RPA 3 — etapa 3/4: e-mail de contestação] Contatos: não configurados (pendência Q16) — nada é enviado
2026-08-13 13:38:35.665 | INFO    |src.controllers.geracao_agi_controller:gerar_artefatos:368 - [RPA 3 — etapa 3/4: e-mail de contestação] ────────────────────────────────────────────────────────────
2026-08-13 13:38:35.665 | INFO    |src.controllers.geracao_agi_controller:gerar_artefatos:368 - [RPA 3 — etapa 3/4: e-mail de contestação] PRÓXIMA ETAPA: conferência do relatório contra o EC (HU-20)
2026-08-13 13:38:35.665 | INFO    |src.controllers.geracao_agi_controller:_verificar_relatorio:895 - [STEP] Iniciando: VerificacaoRelatorio.executar
2026-08-13 13:38:35.666 | INFO    |comum.utils.decoradores:wrapper:22 - [MODO SEGURO] PERMITIR_ACESSO_AGI=false — o AGI não será aberto. A verificação usa o relatório já em [C:\projetos\MVP2\MVP2\MVP2\DETRAF-UNIFICADO\unificado\logs\relatorio_agi\remessa_baixada.csv].
2026-08-13 13:38:35.666 | INFO    |src.controllers.geracao_agi_controller:_verificar_relatorio:895 - [STEP] Finalizando: VerificacaoRelatorio.executar | Tempo gasto: 0.0s
2026-08-13 13:38:35.667 | WARNING |src.controllers.geracao_agi_controller:gerar_artefatos:398 - [RPA 3] HU-20 não executada: Relatório do AGI não encontrado em [C:\projetos\MVP2\MVP2\MVP2\DETRAF-UNIFICADO\unificado\logs\relatorio_agi\remessa_baixada.csv]. Com PERMITIR_ACESSO_AGI desligado, é preciso baixá-lo antes.
2026-08-13 13:38:35.667 | INFO    |src.controllers.geracao_agi_controller:gerar_artefatos:402 - [RPA 3 — etapa 4/4: conferência do relatório] A conferência compara o relatório do AGI com o Encontro de Contas do banco.
2026-08-13 13:38:35.668 | INFO    |src.controllers.geracao_agi_controller:gerar_artefatos:402 - [RPA 3 — etapa 4/4: conferência do relatório] A planilha de inconsistências só é gravada quando há divergência — nenhum arquivo significa nenhuma divergência.
2026-08-13 13:38:35.668 | INFO    |src.controllers.geracao_agi_controller:gerar_artefatos:402 - [RPA 3 — etapa 4/4: conferência do relatório] Pasta: C:\projetos\MVP2\MVP2\MVP2\DETRAF-UNIFICADO\unificado\logs\inconsistencias
2026-08-13 13:38:35.668 | INFO    |src.controllers.geracao_agi_controller:gerar_artefatos:402 - [RPA 3 — etapa 4/4: conferência do relatório] ────────────────────────────────────────────────────────────
2026-08-13 13:38:35.669 | INFO    |src.controllers.geracao_agi_controller:gerar_artefatos:402 - [RPA 3 — etapa 4/4: conferência do relatório] Esta é a última etapa da execução.
2026-08-13 13:38:35.669 | INFO    |src.controllers.geracao_agi_controller:gerar_artefatos:415 - [RPA 3] Resumo de 202507 — 1 operadora(s): EXT 1, INT 1, _EXP 1, carta 0, CONT_PROC 1.
2026-08-13 13:38:35.670 | INFO    |src.controllers.geracao_agi_controller:gerar_artefatos:415 - [RPA 3]   CLARO: carta desabilitada nesta execução (numeração CT).
2026-08-13 13:38:35.670 | WARNING |src.controllers.geracao_agi_controller:gerar_artefatos:415 - [RPA 3] HU-15 sem destinatários: a tabela de contatos do WebFat continua sem resposta do cliente (pendência Q16). A ponte é apontar CAMINHO_CONTATOS_OPERADORAS para um CSV `operadora;emails`.
2026-08-13 13:38:35.673 | INFO    |src.controllers.geracao_agi_controller:_gravar_relatorio:956 - [Relatório] Resumo da execução em [C:\projetos\MVP2\MVP2\MVP2\DETRAF-UNIFICADO\unificado\logs\DESKTOP-64TNDKM\rpa3_contestacao_agi_ec\execucoes\2026-08-13_13-38-35.md].
2026-08-13 13:38:35.674 | INFO    |test_orquestracao_rpa3:test_execucao_completa_nao_toca_agi_nem_outlook:313 - [STEP] Finalizando: GeracaoAgiController.gerar_artefatos | Tempo gasto: 0.36s
2026-08-13 13:38:35.687 | INFO    |comum.dados.repositorio_cache:__init__:77 - Inicializando conexão com o banco no ambiente [dev]
2026-08-13 13:38:35.688 | INFO    |comum.dados.repositorio_cache:__init__:77 - Utilizando SQLite local [C:\Users\BTIMES~1\AppData\Local\Temp\detraf_epico4_teste_9l21xs1s\TABELAS_DETRAF_TESTE.db]
2026-08-13 13:38:35.704 | INFO    |test_orquestracao_rpa3:test_numeracao_ct_indisponivel_desabilita_a_carta_e_nao_o_resto:339 - [STEP] Iniciando: GeracaoAgiController.gerar_artefatos
2026-08-13 13:38:35.705 | INFO    |comum.utils.decoradores:wrapper:22 - [RPA 3] 1 operadora(s) em 202507: CLARO.
2026-08-13 13:38:35.706 | INFO    |comum.dados.repositorio_cache:obter_tabela:214 - Carregando tabela [tbl_detraf_mapeamento_descritores]
2026-08-13 13:38:35.709 | INFO    |comum.dados.repositorio_cache:obter_tabela:214 - Tabela [tbl_detraf_mapeamento_descritores] carregada | Linhas: 25 | Colunas: 5
2026-08-13 13:38:35.717 | INFO    |src.controllers.geracao_agi_controller:_gerar_para_operadora:558 - [STEP] Iniciando: consolidar_detrafs_operadora
2026-08-13 13:38:35.719 | INFO    |src.services.consolidacao_contestacao:consolidar_detrafs_operadora:174 - [Consolidação] 1 arquivo(s) encontrado(s) em [C:\Users\Btime Soluções\AppData\Local\Temp\pytest-of-Btime Soluções\pytest-18\test_numeracao_ct_indisponivel0\Operadoras\CLARO\2025\202507\Detrafs Recebidos].
2026-08-13 13:38:35.723 | INFO    |src.services.consolidacao_contestacao:consolidar_detrafs_operadora:177 - [Consolidação] [DETRAF_D_CLARO_202507.csv]: 1 linha(s) -> 1 após remover totais.
2026-08-13 13:38:35.724 | INFO    |src.services.consolidacao_contestacao:consolidar_detrafs_operadora:177 - [Consolidação] Consolidado: 1 linha(s) de 1 arquivo(s).
2026-08-13 13:38:35.725 | INFO    |src.controllers.geracao_agi_controller:_gerar_para_operadora:558 - [STEP] Finalizando: consolidar_detrafs_operadora | Tempo gasto: 0.01s
2026-08-13 13:38:35.725 | INFO    |src.controllers.geracao_agi_controller:_gerar_para_operadora:574 - [STEP] Iniciando: consolidar_expectativa_vivo
2026-08-13 13:38:35.726 | INFO    |src.services.consolidacao_contestacao:consolidar_expectativa_vivo:207 - [Consolidação] 1 arquivo(s) encontrado(s) em [C:\Users\Btime Soluções\AppData\Local\Temp\pytest-of-Btime Soluções\pytest-18\test_numeracao_ct_indisponivel0\Operadoras\CLARO\2025\202507\Detrafs Enviados].
2026-08-13 13:38:35.732 | INFO    |src.services.consolidacao_contestacao:consolidar_expectativa_vivo:211 - [Consolidação] [DE_D_TBRA_CLARO_202507.csv]: 1 linha(s) -> 1 após remover totais.
2026-08-13 13:38:35.733 | INFO    |src.services.consolidacao_contestacao:consolidar_expectativa_vivo:211 - [Consolidação] Consolidado: 1 linha(s) de 1 arquivo(s).
2026-08-13 13:38:35.733 | INFO    |src.controllers.geracao_agi_controller:_gerar_para_operadora:574 - [STEP] Finalizando: consolidar_expectativa_vivo | Tempo gasto: 0.01s
2026-08-13 13:38:35.734 | INFO    |src.controllers.geracao_agi_controller:_gerar_para_operadora:586 - [STEP] Iniciando: montar_contest
2026-08-13 13:38:35.768 | INFO    |comum.utils.decoradores:wrapper:22 - [Consolidação] Contest: 1 combinação(ões) analisada(s).
2026-08-13 13:38:35.769 | INFO    |src.controllers.geracao_agi_controller:_gerar_para_operadora:586 - [STEP] Finalizando: montar_contest | Tempo gasto: 0.03s
2026-08-13 13:38:35.769 | INFO    |src.controllers.geracao_agi_controller:_gerar_para_operadora:595 - [STEP] Iniciando: GeracaoAgiController.atualizar_despesa_contestacao
2026-08-13 13:38:35.770 | INFO    |src.controllers.geracao_agi_controller:atualizar_despesa_contestacao:1066 - [STEP] Iniciando: preparar_atualizacoes_despesa_contestacao
2026-08-13 13:38:35.771 | INFO    |comum.dados.repositorio_cache:obter_tabela:214 - Carregando tabela [tbl_rpa_log_detraf_despesa_contestacao]
2026-08-13 13:38:35.775 | INFO    |comum.dados.repositorio_cache:obter_tabela:214 - Tabela [tbl_rpa_log_detraf_despesa_contestacao] carregada | Linhas: 2 | Colunas: 19
2026-08-13 13:38:35.784 | INFO    |comum.utils.decoradores:wrapper:22 - [HU-19 Despesa Contestação] 1 atualização(ões) preparada(s).
2026-08-13 13:38:35.784 | INFO    |src.controllers.geracao_agi_controller:atualizar_despesa_contestacao:1066 - [STEP] Finalizando: preparar_atualizacoes_despesa_contestacao | Tempo gasto: 0.01s
2026-08-13 13:38:35.785 | WARNING |comum.dados.repositorio_tabelas:atualizar_despesa_contestacao:1019 - [HU-19 Despesa Contestação] A tabela 'tbl_rpa_log_detraf_despesa_contestacao' não tem a(s) coluna(s) vb_contestacao — NÃO gravada(s). As demais seguem normalmente. Um ALTER TABLE resolve; ver pendencias-para-o-cliente.md (Q24).
2026-08-13 13:38:35.799 | INFO    |comum.dados.repositorio_tabelas:_atualizar_contestacao_em_lote:976 - 1 linha(s) atualizada(s) em [tbl_rpa_log_detraf_despesa_contestacao].
2026-08-13 13:38:35.800 | INFO    |comum.dados.repositorio_cache:recarregar_cache_local:375 - Carregando tabela [tbl_rpa_log_detraf_despesa_contestacao]
2026-08-13 13:38:35.804 | INFO    |comum.dados.repositorio_cache:recarregar_cache_local:375 - Tabela [tbl_rpa_log_detraf_despesa_contestacao] carregada | Linhas: 2 | Colunas: 19
2026-08-13 13:38:35.804 | INFO    |comum.dados.repositorio_tabelas:atualizar_despesa_contestacao:1019 - [HU-19 Despesa Contestação] 1 linha(s) atualizada(s), 0 chave(s) ausente(s).
2026-08-13 13:38:35.805 | INFO    |src.controllers.geracao_agi_controller:_gerar_para_operadora:595 - [STEP] Finalizando: GeracaoAgiController.atualizar_despesa_contestacao | Tempo gasto: 0.04s
2026-08-13 13:38:35.805 | INFO    |src.controllers.geracao_agi_controller:_gerar_ext:633 - [STEP] Iniciando: montar_linhas_ext
2026-08-13 13:38:35.823 | INFO    |comum.utils.decoradores:wrapper:22 - [HU-12 EXT] 1 linha(s) montada(s).
2026-08-13 13:38:35.824 | INFO    |src.controllers.geracao_agi_controller:_gerar_ext:633 - [STEP] Finalizando: montar_linhas_ext | Tempo gasto: 0.02s
2026-08-13 13:38:35.824 | INFO    |src.controllers.geracao_agi_controller:_gerar_ext:639 - [STEP] Iniciando: gerar_arquivo_ext
2026-08-13 13:38:35.847 | INFO    |comum.utils.decoradores:wrapper:22 - [HU-12 EXT] Arquivo gravado em [C:\Users\Btime Soluções\AppData\Local\Temp\pytest-of-Btime Soluções\pytest-18\test_numeracao_ct_indisponivel0\Operadoras\CLARO\2025\202507\AGI\DE_AGI_D_202507_TBRA_X_CLARO_EXT.xlsx].
2026-08-13 13:38:35.848 | INFO    |src.controllers.geracao_agi_controller:_gerar_ext:639 - [STEP] Finalizando: gerar_arquivo_ext | Tempo gasto: 0.02s
2026-08-13 13:38:35.848 | INFO    |src.controllers.geracao_agi_controller:_gerar_int:648 - [STEP] Iniciando: montar_linhas_int
2026-08-13 13:38:35.863 | INFO    |comum.utils.decoradores:wrapper:22 - [HU-13 INT] 1 linha(s) montada(s) (COM retenção).
2026-08-13 13:38:35.864 | INFO    |src.controllers.geracao_agi_controller:_gerar_int:648 - [STEP] Finalizando: montar_linhas_int | Tempo gasto: 0.02s
2026-08-13 13:38:35.865 | INFO    |src.controllers.geracao_agi_controller:_gerar_int:654 - [STEP] Iniciando: gerar_arquivo_int
2026-08-13 13:38:35.884 | INFO    |comum.utils.decoradores:wrapper:22 - [HU-13 INT] Arquivo gravado em [C:\Users\Btime Soluções\AppData\Local\Temp\pytest-of-Btime Soluções\pytest-18\test_numeracao_ct_indisponivel0\Operadoras\CLARO\2025\202507\AGI\DE_AGI_D_202507_TBRA_X_CLARO_INT.xlsx].
2026-08-13 13:38:35.885 | INFO    |src.controllers.geracao_agi_controller:_gerar_int:654 - [STEP] Finalizando: gerar_arquivo_int | Tempo gasto: 0.02s
2026-08-13 13:38:35.886 | INFO    |src.controllers.geracao_agi_controller:_gerar_env_e_carta:682 - [STEP] Iniciando: montar_abas_env
2026-08-13 13:38:35.903 | INFO    |comum.utils.decoradores:wrapper:22 - [HU-14 _EXP] Contest: 1 linha(s) contestada(s); TBRA: 1 linha(s) correspondente(s).
2026-08-13 13:38:35.904 | INFO    |src.controllers.geracao_agi_controller:_gerar_env_e_carta:682 - [STEP] Finalizando: montar_abas_env | Tempo gasto: 0.02s
2026-08-13 13:38:35.904 | INFO    |src.controllers.geracao_agi_controller:_gerar_env_e_carta:690 - [STEP] Iniciando: gerar_arquivo_env
2026-08-13 13:38:35.933 | INFO    |comum.utils.decoradores:wrapper:22 - [HU-14 _EXP] Arquivo gravado em [C:\Users\Btime Soluções\AppData\Local\Temp\pytest-of-Btime Soluções\pytest-18\test_numeracao_ct_indisponivel0\Operadoras\CLARO\2025\202507\Contestações\Base Contestação_CLARO_202507_EXP.xlsx].
2026-08-13 13:38:35.934 | INFO    |src.controllers.geracao_agi_controller:_gerar_env_e_carta:690 - [STEP] Finalizando: gerar_arquivo_env | Tempo gasto: 0.03s
2026-08-13 13:38:35.945 | ERROR   |src.controllers.geracao_agi_controller:_gerar_para_operadora:606 - [RPA 3] Numeração CT indisponível: [HU-14] Pasta de controle de numeração CT não encontrada: [C:\Users\Btime Soluções\AppData\Local\Temp\pytest-of-Btime Soluções\pytest-18\test_numeracao_ct_indisponivel0\CT_inexistente\2025]. A geração de CARTA fica desabilitada para toda esta execução — os demais artefatos continuam sendo gerados.
2026-08-13 13:38:35.946 | INFO    |src.controllers.geracao_agi_controller:_gerar_para_operadora:617 - [STEP] Iniciando: GeracaoAgiController.gerar_cont_proc
2026-08-13 13:38:35.947 | INFO    |src.controllers.geracao_agi_controller:gerar_cont_proc:1030 - [STEP] Iniciando: montar_linhas_cont_proc
2026-08-13 13:38:35.947 | INFO    |src.services.geracao_cont_proc:montar_linhas_cont_proc:224 - [STEP] Iniciando: selecionar_linhas_contestadas
2026-08-13 13:38:35.959 | INFO    |comum.utils.decoradores:wrapper:22 - [HU-16 CONT_PROC] 1 linha(s) contestada(s).
2026-08-13 13:38:35.960 | INFO    |src.services.geracao_cont_proc:montar_linhas_cont_proc:224 - [STEP] Finalizando: selecionar_linhas_contestadas | Tempo gasto: 0.01s
2026-08-13 13:38:35.965 | INFO    |comum.utils.decoradores:wrapper:22 - [HU-16 CONT_PROC] 1 linha(s) montada(s) (T-100+T-101 completos).
2026-08-13 13:38:35.966 | INFO    |src.controllers.geracao_agi_controller:gerar_cont_proc:1030 - [STEP] Finalizando: montar_linhas_cont_proc | Tempo gasto: 0.02s
2026-08-13 13:38:35.967 | INFO    |src.controllers.geracao_agi_controller:gerar_cont_proc:1036 - [STEP] Iniciando: gerar_arquivo_cont_proc
2026-08-13 13:38:35.985 | INFO    |comum.utils.decoradores:wrapper:22 - [HU-16 CONT_PROC] Arquivo gravado em [C:\Users\Btime Soluções\AppData\Local\Temp\pytest-of-Btime Soluções\pytest-18\test_numeracao_ct_indisponivel0\Operadoras\CLARO\2025\202507\AGI\CONT_PROC_MASCARA_CLARO_202507.xlsx].
2026-08-13 13:38:35.986 | INFO    |src.controllers.geracao_agi_controller:gerar_cont_proc:1036 - [STEP] Finalizando: gerar_arquivo_cont_proc | Tempo gasto: 0.02s
2026-08-13 13:38:35.986 | INFO    |src.controllers.geracao_agi_controller:gerar_cont_proc:1046 - [STEP] Iniciando: selecionar_linhas_contestadas
2026-08-13 13:38:35.998 | INFO    |comum.utils.decoradores:wrapper:22 - [HU-16 CONT_PROC] 1 linha(s) contestada(s).
2026-08-13 13:38:35.998 | INFO    |src.controllers.geracao_agi_controller:gerar_cont_proc:1046 - [STEP] Finalizando: selecionar_linhas_contestadas | Tempo gasto: 0.01s
2026-08-13 13:38:36.005 | INFO    |comum.dados.repositorio_tabelas:_atualizar_contestacao_em_lote:976 - 1 linha(s) atualizada(s) em [tbl_rpa_log_detraf_despesa_contestacao].
2026-08-13 13:38:36.006 | INFO    |comum.dados.repositorio_cache:recarregar_cache_local:375 - Carregando tabela [tbl_rpa_log_detraf_despesa_contestacao]
2026-08-13 13:38:36.010 | INFO    |comum.dados.repositorio_cache:recarregar_cache_local:375 - Tabela [tbl_rpa_log_detraf_despesa_contestacao] carregada | Linhas: 2 | Colunas: 19
2026-08-13 13:38:36.011 | INFO    |comum.dados.repositorio_tabelas:atualizar_tipo_contestacao:1046 - [HU-16 Writeback tipo_contestacao] 1 linha(s) atualizada(s), 0 chave(s) ausente(s).
2026-08-13 13:38:36.012 | INFO    |src.controllers.geracao_agi_controller:_gerar_para_operadora:617 - [STEP] Finalizando: GeracaoAgiController.gerar_cont_proc | Tempo gasto: 0.07s
2026-08-13 13:38:36.012 | INFO    |src.controllers.geracao_agi_controller:_pausar_apos_artefatos:530 - [RPA 3 — etapa 1/4: artefatos] 1 operadora(s) em 202507:
2026-08-13 13:38:36.013 | INFO    |src.controllers.geracao_agi_controller:_pausar_apos_artefatos:530 - [RPA 3 — etapa 1/4: artefatos]   CLARO                EXT · INT · _EXP · CONT_PROC
2026-08-13 13:38:36.013 | INFO    |src.controllers.geracao_agi_controller:_pausar_apos_artefatos:530 - [RPA 3 — etapa 1/4: artefatos]                        pulado: carta desabilitada nesta execução (numeração CT)
2026-08-13 13:38:36.013 | INFO    |src.controllers.geracao_agi_controller:_pausar_apos_artefatos:530 - [RPA 3 — etapa 1/4: artefatos] Pasta: C:\Users\Btime Soluções\AppData\Local\Temp\pytest-of-Btime Soluções\pytest-18\test_numeracao_ct_indisponivel0\Operadoras
2026-08-13 13:38:36.014 | INFO    |src.controllers.geracao_agi_controller:_pausar_apos_artefatos:530 - [RPA 3 — etapa 1/4: artefatos] ────────────────────────────────────────────────────────────
2026-08-13 13:38:36.014 | INFO    |src.controllers.geracao_agi_controller:_pausar_apos_artefatos:530 - [RPA 3 — etapa 1/4: artefatos] PRÓXIMA ETAPA: carga no AGI (HU-17/HU-18) — ESCREVE NO AGI
2026-08-13 13:38:36.015 | INFO    |src.controllers.geracao_agi_controller:gerar_artefatos:332 - [RPA 3 — etapa 2/4: carga no AGI] 1 operadora(s) na lista de carga.
2026-08-13 13:38:36.015 | INFO    |src.controllers.geracao_agi_controller:gerar_artefatos:332 - [RPA 3 — etapa 2/4: carga no AGI] Upload no AGI: desligado — nada foi enviado, só registrado no log.
2026-08-13 13:38:36.016 | INFO    |src.controllers.geracao_agi_controller:gerar_artefatos:332 - [RPA 3 — etapa 2/4: carga no AGI] Confira no AGI se a carga entrou, e o campo `carga_agi` na tabela de contestação.
2026-08-13 13:38:36.016 | INFO    |src.controllers.geracao_agi_controller:gerar_artefatos:332 - [RPA 3 — etapa 2/4: carga no AGI] ────────────────────────────────────────────────────────────
2026-08-13 13:38:36.016 | INFO    |src.controllers.geracao_agi_controller:gerar_artefatos:332 - [RPA 3 — etapa 2/4: carga no AGI] PRÓXIMA ETAPA: e-mail de contestação à operadora (HU-15) — SAI DA EMPRESA
2026-08-13 13:38:36.017 | INFO    |src.controllers.geracao_agi_controller:gerar_artefatos:368 - [RPA 3 — etapa 3/4: e-mail de contestação] Envio de e-mail: desligado — o e-mail foi montado e registrado, não enviado.
2026-08-13 13:38:36.017 | INFO    |src.controllers.geracao_agi_controller:gerar_artefatos:368 - [RPA 3 — etapa 3/4: e-mail de contestação] Contatos: não configurados (pendência Q16) — nada é enviado
2026-08-13 13:38:36.017 | INFO    |src.controllers.geracao_agi_controller:gerar_artefatos:368 - [RPA 3 — etapa 3/4: e-mail de contestação] ────────────────────────────────────────────────────────────
2026-08-13 13:38:36.018 | INFO    |src.controllers.geracao_agi_controller:gerar_artefatos:368 - [RPA 3 — etapa 3/4: e-mail de contestação] PRÓXIMA ETAPA: conferência do relatório contra o EC (HU-20)
2026-08-13 13:38:36.018 | INFO    |src.controllers.geracao_agi_controller:_verificar_relatorio:895 - [STEP] Iniciando: VerificacaoRelatorio.executar
2026-08-13 13:38:36.019 | INFO    |comum.utils.decoradores:wrapper:22 - [MODO SEGURO] PERMITIR_ACESSO_AGI=false — o AGI não será aberto. A verificação usa o relatório já em [C:\projetos\MVP2\MVP2\MVP2\DETRAF-UNIFICADO\unificado\logs\relatorio_agi\remessa_baixada.csv].
2026-08-13 13:38:36.019 | INFO    |src.controllers.geracao_agi_controller:_verificar_relatorio:895 - [STEP] Finalizando: VerificacaoRelatorio.executar | Tempo gasto: 0.0s
2026-08-13 13:38:36.020 | WARNING |src.controllers.geracao_agi_controller:gerar_artefatos:398 - [RPA 3] HU-20 não executada: Relatório do AGI não encontrado em [C:\projetos\MVP2\MVP2\MVP2\DETRAF-UNIFICADO\unificado\logs\relatorio_agi\remessa_baixada.csv]. Com PERMITIR_ACESSO_AGI desligado, é preciso baixá-lo antes.
2026-08-13 13:38:36.020 | INFO    |src.controllers.geracao_agi_controller:gerar_artefatos:402 - [RPA 3 — etapa 4/4: conferência do relatório] A conferência compara o relatório do AGI com o Encontro de Contas do banco.
2026-08-13 13:38:36.020 | INFO    |src.controllers.geracao_agi_controller:gerar_artefatos:402 - [RPA 3 — etapa 4/4: conferência do relatório] A planilha de inconsistências só é gravada quando há divergência — nenhum arquivo significa nenhuma divergência.
2026-08-13 13:38:36.021 | INFO    |src.controllers.geracao_agi_controller:gerar_artefatos:402 - [RPA 3 — etapa 4/4: conferência do relatório] Pasta: C:\projetos\MVP2\MVP2\MVP2\DETRAF-UNIFICADO\unificado\logs\inconsistencias
2026-08-13 13:38:36.021 | INFO    |src.controllers.geracao_agi_controller:gerar_artefatos:402 - [RPA 3 — etapa 4/4: conferência do relatório] ────────────────────────────────────────────────────────────
2026-08-13 13:38:36.022 | INFO    |src.controllers.geracao_agi_controller:gerar_artefatos:402 - [RPA 3 — etapa 4/4: conferência do relatório] Esta é a última etapa da execução.
2026-08-13 13:38:36.022 | INFO    |src.controllers.geracao_agi_controller:gerar_artefatos:415 - [RPA 3] Resumo de 202507 — 1 operadora(s): EXT 1, INT 1, _EXP 1, carta 0, CONT_PROC 1.
2026-08-13 13:38:36.022 | INFO    |src.controllers.geracao_agi_controller:gerar_artefatos:415 - [RPA 3]   CLARO: carta desabilitada nesta execução (numeração CT).
2026-08-13 13:38:36.023 | WARNING |src.controllers.geracao_agi_controller:gerar_artefatos:415 - [RPA 3] HU-15 sem destinatários: a tabela de contatos do WebFat continua sem resposta do cliente (pendência Q16). A ponte é apontar CAMINHO_CONTATOS_OPERADORAS para um CSV `operadora;emails`.
2026-08-13 13:38:36.026 | INFO    |src.controllers.geracao_agi_controller:_gravar_relatorio:956 - [Relatório] Resumo da execução em [C:\projetos\MVP2\MVP2\MVP2\DETRAF-UNIFICADO\unificado\logs\DESKTOP-64TNDKM\rpa3_contestacao_agi_ec\execucoes\2026-08-13_13-38-36.md].
2026-08-13 13:38:36.027 | INFO    |test_orquestracao_rpa3:test_numeracao_ct_indisponivel_desabilita_a_carta_e_nao_o_resto:339 - [STEP] Finalizando: GeracaoAgiController.gerar_artefatos | Tempo gasto: 0.32s
2026-08-13 13:38:36.038 | INFO    |comum.dados.repositorio_cache:__init__:77 - Inicializando conexão com o banco no ambiente [dev]
2026-08-13 13:38:36.039 | INFO    |comum.dados.repositorio_cache:__init__:77 - Utilizando SQLite local [C:\Users\BTIMES~1\AppData\Local\Temp\detraf_epico4_teste_9l21xs1s\TABELAS_DETRAF_TESTE.db]
2026-08-13 13:38:36.058 | INFO    |test_orquestracao_rpa3:test_a_carta_fica_desabilitada_para_a_execucao_inteira:367 - [STEP] Iniciando: GeracaoAgiController.gerar_artefatos
2026-08-13 13:38:36.060 | INFO    |comum.utils.decoradores:wrapper:22 - [RPA 3] 2 operadora(s) em 202507: ALGAR, CLARO.
2026-08-13 13:38:36.061 | INFO    |comum.dados.repositorio_cache:obter_tabela:214 - Carregando tabela [tbl_detraf_mapeamento_descritores]
2026-08-13 13:38:36.068 | INFO    |comum.dados.repositorio_cache:obter_tabela:214 - Tabela [tbl_detraf_mapeamento_descritores] carregada | Linhas: 25 | Colunas: 5
2026-08-13 13:38:36.074 | INFO    |src.controllers.geracao_agi_controller:_gerar_para_operadora:558 - [STEP] Iniciando: consolidar_detrafs_operadora
2026-08-13 13:38:36.076 | INFO    |src.services.consolidacao_contestacao:consolidar_detrafs_operadora:174 - [Consolidação] 1 arquivo(s) encontrado(s) em [C:\Users\Btime Soluções\AppData\Local\Temp\pytest-of-Btime Soluções\pytest-18\test_a_carta_fica_desabilitada0\Operadoras\ALGAR\2025\202507\Detrafs Recebidos].
2026-08-13 13:38:36.082 | INFO    |src.services.consolidacao_contestacao:consolidar_detrafs_operadora:177 - [Consolidação] [DETRAF_D_ALGAR_202507.csv]: 1 linha(s) -> 1 após remover totais.
2026-08-13 13:38:36.083 | INFO    |src.services.consolidacao_contestacao:consolidar_detrafs_operadora:177 - [Consolidação] Consolidado: 1 linha(s) de 1 arquivo(s).
2026-08-13 13:38:36.083 | INFO    |src.controllers.geracao_agi_controller:_gerar_para_operadora:558 - [STEP] Finalizando: consolidar_detrafs_operadora | Tempo gasto: 0.01s
2026-08-13 13:38:36.084 | INFO    |src.controllers.geracao_agi_controller:_gerar_para_operadora:574 - [STEP] Iniciando: consolidar_expectativa_vivo
2026-08-13 13:38:36.085 | INFO    |src.services.consolidacao_contestacao:consolidar_expectativa_vivo:207 - [Consolidação] 1 arquivo(s) encontrado(s) em [C:\Users\Btime Soluções\AppData\Local\Temp\pytest-of-Btime Soluções\pytest-18\test_a_carta_fica_desabilitada0\Operadoras\ALGAR\2025\202507\Detrafs Enviados].
2026-08-13 13:38:36.090 | INFO    |src.services.consolidacao_contestacao:consolidar_expectativa_vivo:211 - [Consolidação] [DE_D_TBRA_ALGAR_202507.csv]: 1 linha(s) -> 1 após remover totais.
2026-08-13 13:38:36.090 | INFO    |src.services.consolidacao_contestacao:consolidar_expectativa_vivo:211 - [Consolidação] Consolidado: 1 linha(s) de 1 arquivo(s).
2026-08-13 13:38:36.091 | INFO    |src.controllers.geracao_agi_controller:_gerar_para_operadora:574 - [STEP] Finalizando: consolidar_expectativa_vivo | Tempo gasto: 0.01s
2026-08-13 13:38:36.091 | INFO    |src.controllers.geracao_agi_controller:_gerar_para_operadora:586 - [STEP] Iniciando: montar_contest
2026-08-13 13:38:36.125 | INFO    |comum.utils.decoradores:wrapper:22 - [Consolidação] Contest: 1 combinação(ões) analisada(s).
2026-08-13 13:38:36.125 | INFO    |src.controllers.geracao_agi_controller:_gerar_para_operadora:586 - [STEP] Finalizando: montar_contest | Tempo gasto: 0.03s
2026-08-13 13:38:36.126 | INFO    |src.controllers.geracao_agi_controller:_gerar_para_operadora:595 - [STEP] Iniciando: GeracaoAgiController.atualizar_despesa_contestacao
2026-08-13 13:38:36.127 | INFO    |src.controllers.geracao_agi_controller:atualizar_despesa_contestacao:1066 - [STEP] Iniciando: preparar_atualizacoes_despesa_contestacao
2026-08-13 13:38:36.128 | INFO    |comum.dados.repositorio_cache:obter_tabela:214 - Carregando tabela [tbl_rpa_log_detraf_despesa_contestacao]
2026-08-13 13:38:36.132 | INFO    |comum.dados.repositorio_cache:obter_tabela:214 - Tabela [tbl_rpa_log_detraf_despesa_contestacao] carregada | Linhas: 2 | Colunas: 19
2026-08-13 13:38:36.140 | INFO    |comum.utils.decoradores:wrapper:22 - [HU-19 Despesa Contestação] 1 atualização(ões) preparada(s).
2026-08-13 13:38:36.140 | INFO    |src.controllers.geracao_agi_controller:atualizar_despesa_contestacao:1066 - [STEP] Finalizando: preparar_atualizacoes_despesa_contestacao | Tempo gasto: 0.01s
2026-08-13 13:38:36.141 | WARNING |comum.dados.repositorio_tabelas:atualizar_despesa_contestacao:1019 - [HU-19 Despesa Contestação] A tabela 'tbl_rpa_log_detraf_despesa_contestacao' não tem a(s) coluna(s) vb_contestacao — NÃO gravada(s). As demais seguem normalmente. Um ALTER TABLE resolve; ver pendencias-para-o-cliente.md (Q24).
2026-08-13 13:38:36.175 | INFO    |comum.dados.repositorio_tabelas:_atualizar_contestacao_em_lote:976 - 1 linha(s) atualizada(s) em [tbl_rpa_log_detraf_despesa_contestacao].
2026-08-13 13:38:36.176 | INFO    |comum.dados.repositorio_cache:recarregar_cache_local:375 - Carregando tabela [tbl_rpa_log_detraf_despesa_contestacao]
2026-08-13 13:38:36.180 | INFO    |comum.dados.repositorio_cache:recarregar_cache_local:375 - Tabela [tbl_rpa_log_detraf_despesa_contestacao] carregada | Linhas: 2 | Colunas: 19
2026-08-13 13:38:36.181 | INFO    |comum.dados.repositorio_tabelas:atualizar_despesa_contestacao:1019 - [HU-19 Despesa Contestação] 1 linha(s) atualizada(s), 0 chave(s) ausente(s).
2026-08-13 13:38:36.181 | INFO    |src.controllers.geracao_agi_controller:_gerar_para_operadora:595 - [STEP] Finalizando: GeracaoAgiController.atualizar_despesa_contestacao | Tempo gasto: 0.06s
2026-08-13 13:38:36.182 | INFO    |src.controllers.geracao_agi_controller:_gerar_ext:633 - [STEP] Iniciando: montar_linhas_ext
2026-08-13 13:38:36.197 | INFO    |comum.utils.decoradores:wrapper:22 - [HU-12 EXT] 1 linha(s) montada(s).
2026-08-13 13:38:36.198 | INFO    |src.controllers.geracao_agi_controller:_gerar_ext:633 - [STEP] Finalizando: montar_linhas_ext | Tempo gasto: 0.02s
2026-08-13 13:38:36.198 | INFO    |src.controllers.geracao_agi_controller:_gerar_ext:639 - [STEP] Iniciando: gerar_arquivo_ext
2026-08-13 13:38:36.220 | INFO    |comum.utils.decoradores:wrapper:22 - [HU-12 EXT] Arquivo gravado em [C:\Users\Btime Soluções\AppData\Local\Temp\pytest-of-Btime Soluções\pytest-18\test_a_carta_fica_desabilitada0\Operadoras\ALGAR\2025\202507\AGI\DE_AGI_D_202507_TBRA_X_ALGAR_EXT.xlsx].
2026-08-13 13:38:36.221 | INFO    |src.controllers.geracao_agi_controller:_gerar_ext:639 - [STEP] Finalizando: gerar_arquivo_ext | Tempo gasto: 0.02s
2026-08-13 13:38:36.222 | INFO    |src.controllers.geracao_agi_controller:_gerar_int:648 - [STEP] Iniciando: montar_linhas_int
2026-08-13 13:38:36.237 | INFO    |comum.utils.decoradores:wrapper:22 - [HU-13 INT] 1 linha(s) montada(s) (COM retenção).
2026-08-13 13:38:36.238 | INFO    |src.controllers.geracao_agi_controller:_gerar_int:648 - [STEP] Finalizando: montar_linhas_int | Tempo gasto: 0.02s
2026-08-13 13:38:36.239 | INFO    |src.controllers.geracao_agi_controller:_gerar_int:654 - [STEP] Iniciando: gerar_arquivo_int
2026-08-13 13:38:36.257 | INFO    |comum.utils.decoradores:wrapper:22 - [HU-13 INT] Arquivo gravado em [C:\Users\Btime Soluções\AppData\Local\Temp\pytest-of-Btime Soluções\pytest-18\test_a_carta_fica_desabilitada0\Operadoras\ALGAR\2025\202507\AGI\DE_AGI_D_202507_TBRA_X_ALGAR_INT.xlsx].
2026-08-13 13:38:36.258 | INFO    |src.controllers.geracao_agi_controller:_gerar_int:654 - [STEP] Finalizando: gerar_arquivo_int | Tempo gasto: 0.02s
2026-08-13 13:38:36.258 | INFO    |src.controllers.geracao_agi_controller:_gerar_env_e_carta:682 - [STEP] Iniciando: montar_abas_env
2026-08-13 13:38:36.273 | INFO    |comum.utils.decoradores:wrapper:22 - [HU-14 _EXP] Contest: 1 linha(s) contestada(s); TBRA: 1 linha(s) correspondente(s).
2026-08-13 13:38:36.274 | INFO    |src.controllers.geracao_agi_controller:_gerar_env_e_carta:682 - [STEP] Finalizando: montar_abas_env | Tempo gasto: 0.02s
2026-08-13 13:38:36.274 | INFO    |src.controllers.geracao_agi_controller:_gerar_env_e_carta:690 - [STEP] Iniciando: gerar_arquivo_env
2026-08-13 13:38:36.300 | INFO    |comum.utils.decoradores:wrapper:22 - [HU-14 _EXP] Arquivo gravado em [C:\Users\Btime Soluções\AppData\Local\Temp\pytest-of-Btime Soluções\pytest-18\test_a_carta_fica_desabilitada0\Operadoras\ALGAR\2025\202507\Contestações\Base Contestação_ALGAR_202507_EXP.xlsx].
2026-08-13 13:38:36.301 | INFO    |src.controllers.geracao_agi_controller:_gerar_env_e_carta:690 - [STEP] Finalizando: gerar_arquivo_env | Tempo gasto: 0.03s
2026-08-13 13:38:36.313 | ERROR   |src.controllers.geracao_agi_controller:_gerar_para_operadora:606 - [RPA 3] Numeração CT indisponível: [HU-14] Pasta de controle de numeração CT não encontrada: [C:\Users\Btime Soluções\AppData\Local\Temp\pytest-of-Btime Soluções\pytest-18\test_a_carta_fica_desabilitada0\CT_inexistente\2025]. A geração de CARTA fica desabilitada para toda esta execução — os demais artefatos continuam sendo gerados.
2026-08-13 13:38:36.313 | INFO    |src.controllers.geracao_agi_controller:_gerar_para_operadora:617 - [STEP] Iniciando: GeracaoAgiController.gerar_cont_proc
2026-08-13 13:38:36.314 | INFO    |src.controllers.geracao_agi_controller:gerar_cont_proc:1030 - [STEP] Iniciando: montar_linhas_cont_proc
2026-08-13 13:38:36.314 | INFO    |src.services.geracao_cont_proc:montar_linhas_cont_proc:224 - [STEP] Iniciando: selecionar_linhas_contestadas
2026-08-13 13:38:36.326 | INFO    |comum.utils.decoradores:wrapper:22 - [HU-16 CONT_PROC] 1 linha(s) contestada(s).
2026-08-13 13:38:36.327 | INFO    |src.services.geracao_cont_proc:montar_linhas_cont_proc:224 - [STEP] Finalizando: selecionar_linhas_contestadas | Tempo gasto: 0.01s
2026-08-13 13:38:36.332 | INFO    |comum.utils.decoradores:wrapper:22 - [HU-16 CONT_PROC] 1 linha(s) montada(s) (T-100+T-101 completos).
2026-08-13 13:38:36.332 | INFO    |src.controllers.geracao_agi_controller:gerar_cont_proc:1030 - [STEP] Finalizando: montar_linhas_cont_proc | Tempo gasto: 0.02s
2026-08-13 13:38:36.333 | INFO    |src.controllers.geracao_agi_controller:gerar_cont_proc:1036 - [STEP] Iniciando: gerar_arquivo_cont_proc
2026-08-13 13:38:36.351 | INFO    |comum.utils.decoradores:wrapper:22 - [HU-16 CONT_PROC] Arquivo gravado em [C:\Users\Btime Soluções\AppData\Local\Temp\pytest-of-Btime Soluções\pytest-18\test_a_carta_fica_desabilitada0\Operadoras\ALGAR\2025\202507\AGI\CONT_PROC_MASCARA_ALGAR_202507.xlsx].
2026-08-13 13:38:36.352 | INFO    |src.controllers.geracao_agi_controller:gerar_cont_proc:1036 - [STEP] Finalizando: gerar_arquivo_cont_proc | Tempo gasto: 0.02s
2026-08-13 13:38:36.352 | INFO    |src.controllers.geracao_agi_controller:gerar_cont_proc:1046 - [STEP] Iniciando: selecionar_linhas_contestadas
2026-08-13 13:38:36.363 | INFO    |comum.utils.decoradores:wrapper:22 - [HU-16 CONT_PROC] 1 linha(s) contestada(s).
2026-08-13 13:38:36.364 | INFO    |src.controllers.geracao_agi_controller:gerar_cont_proc:1046 - [STEP] Finalizando: selecionar_linhas_contestadas | Tempo gasto: 0.01s
2026-08-13 13:38:36.371 | INFO    |comum.dados.repositorio_tabelas:_atualizar_contestacao_em_lote:976 - 1 linha(s) atualizada(s) em [tbl_rpa_log_detraf_despesa_contestacao].
2026-08-13 13:38:36.371 | INFO    |comum.dados.repositorio_cache:recarregar_cache_local:375 - Carregando tabela [tbl_rpa_log_detraf_despesa_contestacao]
2026-08-13 13:38:36.375 | INFO    |comum.dados.repositorio_cache:recarregar_cache_local:375 - Tabela [tbl_rpa_log_detraf_despesa_contestacao] carregada | Linhas: 2 | Colunas: 19
2026-08-13 13:38:36.376 | INFO    |comum.dados.repositorio_tabelas:atualizar_tipo_contestacao:1046 - [HU-16 Writeback tipo_contestacao] 1 linha(s) atualizada(s), 0 chave(s) ausente(s).
2026-08-13 13:38:36.377 | INFO    |src.controllers.geracao_agi_controller:_gerar_para_operadora:617 - [STEP] Finalizando: GeracaoAgiController.gerar_cont_proc | Tempo gasto: 0.06s
2026-08-13 13:38:36.377 | INFO    |src.controllers.geracao_agi_controller:_gerar_para_operadora:558 - [STEP] Iniciando: consolidar_detrafs_operadora
2026-08-13 13:38:36.379 | INFO    |src.services.consolidacao_contestacao:consolidar_detrafs_operadora:174 - [Consolidação] 1 arquivo(s) encontrado(s) em [C:\Users\Btime Soluções\AppData\Local\Temp\pytest-of-Btime Soluções\pytest-18\test_a_carta_fica_desabilitada0\Operadoras\CLARO\2025\202507\Detrafs Recebidos].
2026-08-13 13:38:36.385 | INFO    |src.services.consolidacao_contestacao:consolidar_detrafs_operadora:177 - [Consolidação] [DETRAF_D_CLARO_202507.csv]: 1 linha(s) -> 1 após remover totais.
2026-08-13 13:38:36.386 | INFO    |src.services.consolidacao_contestacao:consolidar_detrafs_operadora:177 - [Consolidação] Consolidado: 1 linha(s) de 1 arquivo(s).
2026-08-13 13:38:36.387 | INFO    |src.controllers.geracao_agi_controller:_gerar_para_operadora:558 - [STEP] Finalizando: consolidar_detrafs_operadora | Tempo gasto: 0.01s
2026-08-13 13:38:36.387 | INFO    |src.controllers.geracao_agi_controller:_gerar_para_operadora:574 - [STEP] Iniciando: consolidar_expectativa_vivo
2026-08-13 13:38:36.388 | INFO    |src.services.consolidacao_contestacao:consolidar_expectativa_vivo:207 - [Consolidação] 1 arquivo(s) encontrado(s) em [C:\Users\Btime Soluções\AppData\Local\Temp\pytest-of-Btime Soluções\pytest-18\test_a_carta_fica_desabilitada0\Operadoras\CLARO\2025\202507\Detrafs Enviados].
2026-08-13 13:38:36.394 | INFO    |src.services.consolidacao_contestacao:consolidar_expectativa_vivo:211 - [Consolidação] [DE_D_TBRA_CLARO_202507.csv]: 1 linha(s) -> 1 após remover totais.
2026-08-13 13:38:36.395 | INFO    |src.services.consolidacao_contestacao:consolidar_expectativa_vivo:211 - [Consolidação] Consolidado: 1 linha(s) de 1 arquivo(s).
2026-08-13 13:38:36.396 | INFO    |src.controllers.geracao_agi_controller:_gerar_para_operadora:574 - [STEP] Finalizando: consolidar_expectativa_vivo | Tempo gasto: 0.01s
2026-08-13 13:38:36.396 | INFO    |src.controllers.geracao_agi_controller:_gerar_para_operadora:586 - [STEP] Iniciando: montar_contest
2026-08-13 13:38:36.433 | INFO    |comum.utils.decoradores:wrapper:22 - [Consolidação] Contest: 1 combinação(ões) analisada(s).
2026-08-13 13:38:36.434 | INFO    |src.controllers.geracao_agi_controller:_gerar_para_operadora:586 - [STEP] Finalizando: montar_contest | Tempo gasto: 0.04s
2026-08-13 13:38:36.434 | INFO    |src.controllers.geracao_agi_controller:_gerar_para_operadora:595 - [STEP] Iniciando: GeracaoAgiController.atualizar_despesa_contestacao
2026-08-13 13:38:36.435 | INFO    |src.controllers.geracao_agi_controller:atualizar_despesa_contestacao:1066 - [STEP] Iniciando: preparar_atualizacoes_despesa_contestacao
2026-08-13 13:38:36.443 | INFO    |comum.utils.decoradores:wrapper:22 - [HU-19 Despesa Contestação] 1 atualização(ões) preparada(s).
2026-08-13 13:38:36.444 | INFO    |src.controllers.geracao_agi_controller:atualizar_despesa_contestacao:1066 - [STEP] Finalizando: preparar_atualizacoes_despesa_contestacao | Tempo gasto: 0.01s
2026-08-13 13:38:36.445 | WARNING |comum.dados.repositorio_tabelas:atualizar_despesa_contestacao:1019 - [HU-19 Despesa Contestação] A tabela 'tbl_rpa_log_detraf_despesa_contestacao' não tem a(s) coluna(s) vb_contestacao — NÃO gravada(s). As demais seguem normalmente. Um ALTER TABLE resolve; ver pendencias-para-o-cliente.md (Q24).
2026-08-13 13:38:36.453 | INFO    |comum.dados.repositorio_tabelas:_atualizar_contestacao_em_lote:976 - 1 linha(s) atualizada(s) em [tbl_rpa_log_detraf_despesa_contestacao].
2026-08-13 13:38:36.453 | INFO    |comum.dados.repositorio_cache:recarregar_cache_local:375 - Carregando tabela [tbl_rpa_log_detraf_despesa_contestacao]
2026-08-13 13:38:36.457 | INFO    |comum.dados.repositorio_cache:recarregar_cache_local:375 - Tabela [tbl_rpa_log_detraf_despesa_contestacao] carregada | Linhas: 2 | Colunas: 19
2026-08-13 13:38:36.458 | INFO    |comum.dados.repositorio_tabelas:atualizar_despesa_contestacao:1019 - [HU-19 Despesa Contestação] 1 linha(s) atualizada(s), 0 chave(s) ausente(s).
2026-08-13 13:38:36.459 | INFO    |src.controllers.geracao_agi_controller:_gerar_para_operadora:595 - [STEP] Finalizando: GeracaoAgiController.atualizar_despesa_contestacao | Tempo gasto: 0.02s
2026-08-13 13:38:36.459 | INFO    |src.controllers.geracao_agi_controller:_gerar_ext:633 - [STEP] Iniciando: montar_linhas_ext
2026-08-13 13:38:36.476 | INFO    |comum.utils.decoradores:wrapper:22 - [HU-12 EXT] 1 linha(s) montada(s).
2026-08-13 13:38:36.477 | INFO    |src.controllers.geracao_agi_controller:_gerar_ext:633 - [STEP] Finalizando: montar_linhas_ext | Tempo gasto: 0.02s
2026-08-13 13:38:36.478 | INFO    |src.controllers.geracao_agi_controller:_gerar_ext:639 - [STEP] Iniciando: gerar_arquivo_ext
2026-08-13 13:38:36.515 | INFO    |comum.utils.decoradores:wrapper:22 - [HU-12 EXT] Arquivo gravado em [C:\Users\Btime Soluções\AppData\Local\Temp\pytest-of-Btime Soluções\pytest-18\test_a_carta_fica_desabilitada0\Operadoras\CLARO\2025\202507\AGI\DE_AGI_D_202507_TBRA_X_CLARO_EXT.xlsx].
2026-08-13 13:38:36.515 | INFO    |src.controllers.geracao_agi_controller:_gerar_ext:639 - [STEP] Finalizando: gerar_arquivo_ext | Tempo gasto: 0.04s
2026-08-13 13:38:36.516 | INFO    |src.controllers.geracao_agi_controller:_gerar_int:648 - [STEP] Iniciando: montar_linhas_int
2026-08-13 13:38:36.534 | INFO    |comum.utils.decoradores:wrapper:22 - [HU-13 INT] 1 linha(s) montada(s) (COM retenção).
2026-08-13 13:38:36.535 | INFO    |src.controllers.geracao_agi_controller:_gerar_int:648 - [STEP] Finalizando: montar_linhas_int | Tempo gasto: 0.02s
2026-08-13 13:38:36.535 | INFO    |src.controllers.geracao_agi_controller:_gerar_int:654 - [STEP] Iniciando: gerar_arquivo_int
2026-08-13 13:38:36.555 | INFO    |comum.utils.decoradores:wrapper:22 - [HU-13 INT] Arquivo gravado em [C:\Users\Btime Soluções\AppData\Local\Temp\pytest-of-Btime Soluções\pytest-18\test_a_carta_fica_desabilitada0\Operadoras\CLARO\2025\202507\AGI\DE_AGI_D_202507_TBRA_X_CLARO_INT.xlsx].
2026-08-13 13:38:36.555 | INFO    |src.controllers.geracao_agi_controller:_gerar_int:654 - [STEP] Finalizando: gerar_arquivo_int | Tempo gasto: 0.02s
2026-08-13 13:38:36.556 | INFO    |src.controllers.geracao_agi_controller:_gerar_env_e_carta:682 - [STEP] Iniciando: montar_abas_env
2026-08-13 13:38:36.576 | INFO    |comum.utils.decoradores:wrapper:22 - [HU-14 _EXP] Contest: 1 linha(s) contestada(s); TBRA: 1 linha(s) correspondente(s).
2026-08-13 13:38:36.577 | INFO    |src.controllers.geracao_agi_controller:_gerar_env_e_carta:682 - [STEP] Finalizando: montar_abas_env | Tempo gasto: 0.02s
2026-08-13 13:38:36.578 | INFO    |src.controllers.geracao_agi_controller:_gerar_env_e_carta:690 - [STEP] Iniciando: gerar_arquivo_env
2026-08-13 13:38:36.635 | INFO    |comum.utils.decoradores:wrapper:22 - [HU-14 _EXP] Arquivo gravado em [C:\Users\Btime Soluções\AppData\Local\Temp\pytest-of-Btime Soluções\pytest-18\test_a_carta_fica_desabilitada0\Operadoras\CLARO\2025\202507\Contestações\Base Contestação_CLARO_202507_EXP.xlsx].
2026-08-13 13:38:36.636 | INFO    |src.controllers.geracao_agi_controller:_gerar_env_e_carta:690 - [STEP] Finalizando: gerar_arquivo_env | Tempo gasto: 0.06s
2026-08-13 13:38:36.636 | INFO    |src.controllers.geracao_agi_controller:_gerar_para_operadora:617 - [STEP] Iniciando: GeracaoAgiController.gerar_cont_proc
2026-08-13 13:38:36.637 | INFO    |src.controllers.geracao_agi_controller:gerar_cont_proc:1030 - [STEP] Iniciando: montar_linhas_cont_proc
2026-08-13 13:38:36.637 | INFO    |src.services.geracao_cont_proc:montar_linhas_cont_proc:224 - [STEP] Iniciando: selecionar_linhas_contestadas
2026-08-13 13:38:36.647 | INFO    |comum.utils.decoradores:wrapper:22 - [HU-16 CONT_PROC] 1 linha(s) contestada(s).
2026-08-13 13:38:36.648 | INFO    |src.services.geracao_cont_proc:montar_linhas_cont_proc:224 - [STEP] Finalizando: selecionar_linhas_contestadas | Tempo gasto: 0.01s
2026-08-13 13:38:36.651 | INFO    |comum.utils.decoradores:wrapper:22 - [HU-16 CONT_PROC] 1 linha(s) montada(s) (T-100+T-101 completos).
2026-08-13 13:38:36.651 | INFO    |src.controllers.geracao_agi_controller:gerar_cont_proc:1030 - [STEP] Finalizando: montar_linhas_cont_proc | Tempo gasto: 0.01s
2026-08-13 13:38:36.652 | INFO    |src.controllers.geracao_agi_controller:gerar_cont_proc:1036 - [STEP] Iniciando: gerar_arquivo_cont_proc
2026-08-13 13:38:36.671 | INFO    |comum.utils.decoradores:wrapper:22 - [HU-16 CONT_PROC] Arquivo gravado em [C:\Users\Btime Soluções\AppData\Local\Temp\pytest-of-Btime Soluções\pytest-18\test_a_carta_fica_desabilitada0\Operadoras\CLARO\2025\202507\AGI\CONT_PROC_MASCARA_CLARO_202507.xlsx].
2026-08-13 13:38:36.672 | INFO    |src.controllers.geracao_agi_controller:gerar_cont_proc:1036 - [STEP] Finalizando: gerar_arquivo_cont_proc | Tempo gasto: 0.02s
2026-08-13 13:38:36.672 | INFO    |src.controllers.geracao_agi_controller:gerar_cont_proc:1046 - [STEP] Iniciando: selecionar_linhas_contestadas
2026-08-13 13:38:36.683 | INFO    |comum.utils.decoradores:wrapper:22 - [HU-16 CONT_PROC] 1 linha(s) contestada(s).
2026-08-13 13:38:36.683 | INFO    |src.controllers.geracao_agi_controller:gerar_cont_proc:1046 - [STEP] Finalizando: selecionar_linhas_contestadas | Tempo gasto: 0.01s
2026-08-13 13:38:36.691 | INFO    |comum.dados.repositorio_tabelas:_atualizar_contestacao_em_lote:976 - 1 linha(s) atualizada(s) em [tbl_rpa_log_detraf_despesa_contestacao].
2026-08-13 13:38:36.691 | INFO    |comum.dados.repositorio_cache:recarregar_cache_local:375 - Carregando tabela [tbl_rpa_log_detraf_despesa_contestacao]
2026-08-13 13:38:36.696 | INFO    |comum.dados.repositorio_cache:recarregar_cache_local:375 - Tabela [tbl_rpa_log_detraf_despesa_contestacao] carregada | Linhas: 2 | Colunas: 19
2026-08-13 13:38:36.697 | INFO    |comum.dados.repositorio_tabelas:atualizar_tipo_contestacao:1046 - [HU-16 Writeback tipo_contestacao] 1 linha(s) atualizada(s), 0 chave(s) ausente(s).
2026-08-13 13:38:36.697 | INFO    |src.controllers.geracao_agi_controller:_gerar_para_operadora:617 - [STEP] Finalizando: GeracaoAgiController.gerar_cont_proc | Tempo gasto: 0.06s
2026-08-13 13:38:36.698 | INFO    |src.controllers.geracao_agi_controller:_pausar_apos_artefatos:530 - [RPA 3 — etapa 1/4: artefatos] 2 operadora(s) em 202507:
2026-08-13 13:38:36.699 | INFO    |src.controllers.geracao_agi_controller:_pausar_apos_artefatos:530 - [RPA 3 — etapa 1/4: artefatos]   ALGAR                EXT · INT · _EXP · CONT_PROC
2026-08-13 13:38:36.699 | INFO    |src.controllers.geracao_agi_controller:_pausar_apos_artefatos:530 - [RPA 3 — etapa 1/4: artefatos]                        pulado: carta desabilitada nesta execução (numeração CT)
2026-08-13 13:38:36.700 | INFO    |src.controllers.geracao_agi_controller:_pausar_apos_artefatos:530 - [RPA 3 — etapa 1/4: artefatos]   CLARO                EXT · INT · _EXP · CONT_PROC
2026-08-13 13:38:36.700 | INFO    |src.controllers.geracao_agi_controller:_pausar_apos_artefatos:530 - [RPA 3 — etapa 1/4: artefatos]                        pulado: carta desabilitada nesta execução (numeração CT)
2026-08-13 13:38:36.701 | INFO    |src.controllers.geracao_agi_controller:_pausar_apos_artefatos:530 - [RPA 3 — etapa 1/4: artefatos] Pasta: C:\Users\Btime Soluções\AppData\Local\Temp\pytest-of-Btime Soluções\pytest-18\test_a_carta_fica_desabilitada0\Operadoras
2026-08-13 13:38:36.701 | INFO    |src.controllers.geracao_agi_controller:_pausar_apos_artefatos:530 - [RPA 3 — etapa 1/4: artefatos] ────────────────────────────────────────────────────────────
2026-08-13 13:38:36.702 | INFO    |src.controllers.geracao_agi_controller:_pausar_apos_artefatos:530 - [RPA 3 — etapa 1/4: artefatos] PRÓXIMA ETAPA: carga no AGI (HU-17/HU-18) — ESCREVE NO AGI
2026-08-13 13:38:36.702 | INFO    |src.controllers.geracao_agi_controller:gerar_artefatos:332 - [RPA 3 — etapa 2/4: carga no AGI] 2 operadora(s) na lista de carga.
2026-08-13 13:38:36.703 | INFO    |src.controllers.geracao_agi_controller:gerar_artefatos:332 - [RPA 3 — etapa 2/4: carga no AGI] Upload no AGI: desligado — nada foi enviado, só registrado no log.
2026-08-13 13:38:36.703 | INFO    |src.controllers.geracao_agi_controller:gerar_artefatos:332 - [RPA 3 — etapa 2/4: carga no AGI] Confira no AGI se a carga entrou, e o campo `carga_agi` na tabela de contestação.
2026-08-13 13:38:36.704 | INFO    |src.controllers.geracao_agi_controller:gerar_artefatos:332 - [RPA 3 — etapa 2/4: carga no AGI] ────────────────────────────────────────────────────────────
2026-08-13 13:38:36.704 | INFO    |src.controllers.geracao_agi_controller:gerar_artefatos:332 - [RPA 3 — etapa 2/4: carga no AGI] PRÓXIMA ETAPA: e-mail de contestação à operadora (HU-15) — SAI DA EMPRESA
2026-08-13 13:38:36.705 | INFO    |src.controllers.geracao_agi_controller:gerar_artefatos:368 - [RPA 3 — etapa 3/4: e-mail de contestação] Envio de e-mail: desligado — o e-mail foi montado e registrado, não enviado.
2026-08-13 13:38:36.705 | INFO    |src.controllers.geracao_agi_controller:gerar_artefatos:368 - [RPA 3 — etapa 3/4: e-mail de contestação] Contatos: não configurados (pendência Q16) — nada é enviado
2026-08-13 13:38:36.706 | INFO    |src.controllers.geracao_agi_controller:gerar_artefatos:368 - [RPA 3 — etapa 3/4: e-mail de contestação] ────────────────────────────────────────────────────────────
2026-08-13 13:38:36.706 | INFO    |src.controllers.geracao_agi_controller:gerar_artefatos:368 - [RPA 3 — etapa 3/4: e-mail de contestação] PRÓXIMA ETAPA: conferência do relatório contra o EC (HU-20)
2026-08-13 13:38:36.707 | INFO    |src.controllers.geracao_agi_controller:_verificar_relatorio:895 - [STEP] Iniciando: VerificacaoRelatorio.executar
2026-08-13 13:38:36.707 | INFO    |comum.utils.decoradores:wrapper:22 - [MODO SEGURO] PERMITIR_ACESSO_AGI=false — o AGI não será aberto. A verificação usa o relatório já em [C:\projetos\MVP2\MVP2\MVP2\DETRAF-UNIFICADO\unificado\logs\relatorio_agi\remessa_baixada.csv].
2026-08-13 13:38:36.708 | INFO    |src.controllers.geracao_agi_controller:_verificar_relatorio:895 - [STEP] Finalizando: VerificacaoRelatorio.executar | Tempo gasto: 0.0s
2026-08-13 13:38:36.708 | WARNING |src.controllers.geracao_agi_controller:gerar_artefatos:398 - [RPA 3] HU-20 não executada: Relatório do AGI não encontrado em [C:\projetos\MVP2\MVP2\MVP2\DETRAF-UNIFICADO\unificado\logs\relatorio_agi\remessa_baixada.csv]. Com PERMITIR_ACESSO_AGI desligado, é preciso baixá-lo antes.
2026-08-13 13:38:36.710 | INFO    |src.controllers.geracao_agi_controller:gerar_artefatos:402 - [RPA 3 — etapa 4/4: conferência do relatório] A conferência compara o relatório do AGI com o Encontro de Contas do banco.
2026-08-13 13:38:36.710 | INFO    |src.controllers.geracao_agi_controller:gerar_artefatos:402 - [RPA 3 — etapa 4/4: conferência do relatório] A planilha de inconsistências só é gravada quando há divergência — nenhum arquivo significa nenhuma divergência.
2026-08-13 13:38:36.711 | INFO    |src.controllers.geracao_agi_controller:gerar_artefatos:402 - [RPA 3 — etapa 4/4: conferência do relatório] Pasta: C:\projetos\MVP2\MVP2\MVP2\DETRAF-UNIFICADO\unificado\logs\inconsistencias
2026-08-13 13:38:36.712 | INFO    |src.controllers.geracao_agi_controller:gerar_artefatos:402 - [RPA 3 — etapa 4/4: conferência do relatório] ────────────────────────────────────────────────────────────
2026-08-13 13:38:36.712 | INFO    |src.controllers.geracao_agi_controller:gerar_artefatos:402 - [RPA 3 — etapa 4/4: conferência do relatório] Esta é a última etapa da execução.
2026-08-13 13:38:36.713 | INFO    |src.controllers.geracao_agi_controller:gerar_artefatos:415 - [RPA 3] Resumo de 202507 — 2 operadora(s): EXT 2, INT 2, _EXP 2, carta 0, CONT_PROC 2.
2026-08-13 13:38:36.713 | INFO    |src.controllers.geracao_agi_controller:gerar_artefatos:415 - [RPA 3]   ALGAR: carta desabilitada nesta execução (numeração CT).
2026-08-13 13:38:36.713 | INFO    |src.controllers.geracao_agi_controller:gerar_artefatos:415 - [RPA 3]   CLARO: carta desabilitada nesta execução (numeração CT).
2026-08-13 13:38:36.714 | WARNING |src.controllers.geracao_agi_controller:gerar_artefatos:415 - [RPA 3] HU-15 sem destinatários: a tabela de contatos do WebFat continua sem resposta do cliente (pendência Q16). A ponte é apontar CAMINHO_CONTATOS_OPERADORAS para um CSV `operadora;emails`.
2026-08-13 13:38:36.717 | INFO    |src.controllers.geracao_agi_controller:_gravar_relatorio:956 - [Relatório] Resumo da execução em [C:\projetos\MVP2\MVP2\MVP2\DETRAF-UNIFICADO\unificado\logs\DESKTOP-64TNDKM\rpa3_contestacao_agi_ec\execucoes\2026-08-13_13-38-36.md].
2026-08-13 13:38:36.718 | INFO    |test_orquestracao_rpa3:test_a_carta_fica_desabilitada_para_a_execucao_inteira:367 - [STEP] Finalizando: GeracaoAgiController.gerar_artefatos | Tempo gasto: 0.66s
2026-08-13 13:38:36.731 | INFO    |comum.dados.repositorio_cache:__init__:77 - Inicializando conexão com o banco no ambiente [dev]
2026-08-13 13:38:36.732 | INFO    |comum.dados.repositorio_cache:__init__:77 - Utilizando SQLite local [C:\Users\BTIMES~1\AppData\Local\Temp\detraf_epico4_teste_9l21xs1s\TABELAS_DETRAF_TESTE.db]
2026-08-13 13:38:36.745 | INFO    |test_orquestracao_rpa3:test_sem_destinatario_o_outlook_nem_e_aberto:404 - [STEP] Iniciando: GeracaoAgiController.gerar_artefatos
2026-08-13 13:38:36.747 | INFO    |comum.utils.decoradores:wrapper:22 - [RPA 3] 1 operadora(s) em 202507: CLARO.
2026-08-13 13:38:36.747 | INFO    |comum.dados.repositorio_cache:obter_tabela:214 - Carregando tabela [tbl_detraf_mapeamento_descritores]
2026-08-13 13:38:36.751 | INFO    |comum.dados.repositorio_cache:obter_tabela:214 - Tabela [tbl_detraf_mapeamento_descritores] carregada | Linhas: 25 | Colunas: 5
2026-08-13 13:38:36.758 | INFO    |src.controllers.geracao_agi_controller:_gerar_para_operadora:558 - [STEP] Iniciando: consolidar_detrafs_operadora
2026-08-13 13:38:36.759 | INFO    |src.services.consolidacao_contestacao:consolidar_detrafs_operadora:174 - [Consolidação] 1 arquivo(s) encontrado(s) em [C:\Users\Btime Soluções\AppData\Local\Temp\pytest-of-Btime Soluções\pytest-18\test_sem_destinatario_o_outloo0\Operadoras\CLARO\2025\202507\Detrafs Recebidos].
2026-08-13 13:38:36.765 | INFO    |src.services.consolidacao_contestacao:consolidar_detrafs_operadora:177 - [Consolidação] [DETRAF_D_CLARO_202507.csv]: 1 linha(s) -> 1 após remover totais.
2026-08-13 13:38:36.766 | INFO    |src.services.consolidacao_contestacao:consolidar_detrafs_operadora:177 - [Consolidação] Consolidado: 1 linha(s) de 1 arquivo(s).
2026-08-13 13:38:36.766 | INFO    |src.controllers.geracao_agi_controller:_gerar_para_operadora:558 - [STEP] Finalizando: consolidar_detrafs_operadora | Tempo gasto: 0.01s
2026-08-13 13:38:36.767 | INFO    |src.controllers.geracao_agi_controller:_gerar_para_operadora:574 - [STEP] Iniciando: consolidar_expectativa_vivo
2026-08-13 13:38:36.768 | INFO    |src.services.consolidacao_contestacao:consolidar_expectativa_vivo:207 - [Consolidação] 1 arquivo(s) encontrado(s) em [C:\Users\Btime Soluções\AppData\Local\Temp\pytest-of-Btime Soluções\pytest-18\test_sem_destinatario_o_outloo0\Operadoras\CLARO\2025\202507\Detrafs Enviados].
2026-08-13 13:38:36.773 | INFO    |src.services.consolidacao_contestacao:consolidar_expectativa_vivo:211 - [Consolidação] [DE_D_TBRA_CLARO_202507.csv]: 1 linha(s) -> 1 após remover totais.
2026-08-13 13:38:36.774 | INFO    |src.services.consolidacao_contestacao:consolidar_expectativa_vivo:211 - [Consolidação] Consolidado: 1 linha(s) de 1 arquivo(s).
2026-08-13 13:38:36.774 | INFO    |src.controllers.geracao_agi_controller:_gerar_para_operadora:574 - [STEP] Finalizando: consolidar_expectativa_vivo | Tempo gasto: 0.01s
2026-08-13 13:38:36.775 | INFO    |src.controllers.geracao_agi_controller:_gerar_para_operadora:586 - [STEP] Iniciando: montar_contest
2026-08-13 13:38:36.815 | INFO    |comum.utils.decoradores:wrapper:22 - [Consolidação] Contest: 1 combinação(ões) analisada(s).
2026-08-13 13:38:36.815 | INFO    |src.controllers.geracao_agi_controller:_gerar_para_operadora:586 - [STEP] Finalizando: montar_contest | Tempo gasto: 0.04s
2026-08-13 13:38:36.816 | INFO    |src.controllers.geracao_agi_controller:_gerar_para_operadora:595 - [STEP] Iniciando: GeracaoAgiController.atualizar_despesa_contestacao
2026-08-13 13:38:36.816 | INFO    |src.controllers.geracao_agi_controller:atualizar_despesa_contestacao:1066 - [STEP] Iniciando: preparar_atualizacoes_despesa_contestacao
2026-08-13 13:38:36.818 | INFO    |comum.dados.repositorio_cache:obter_tabela:214 - Carregando tabela [tbl_rpa_log_detraf_despesa_contestacao]
2026-08-13 13:38:36.822 | INFO    |comum.dados.repositorio_cache:obter_tabela:214 - Tabela [tbl_rpa_log_detraf_despesa_contestacao] carregada | Linhas: 2 | Colunas: 19
2026-08-13 13:38:36.830 | INFO    |comum.utils.decoradores:wrapper:22 - [HU-19 Despesa Contestação] 1 atualização(ões) preparada(s).
2026-08-13 13:38:36.831 | INFO    |src.controllers.geracao_agi_controller:atualizar_despesa_contestacao:1066 - [STEP] Finalizando: preparar_atualizacoes_despesa_contestacao | Tempo gasto: 0.01s
2026-08-13 13:38:36.832 | WARNING |comum.dados.repositorio_tabelas:atualizar_despesa_contestacao:1019 - [HU-19 Despesa Contestação] A tabela 'tbl_rpa_log_detraf_despesa_contestacao' não tem a(s) coluna(s) vb_contestacao — NÃO gravada(s). As demais seguem normalmente. Um ALTER TABLE resolve; ver pendencias-para-o-cliente.md (Q24).
2026-08-13 13:38:36.865 | INFO    |comum.dados.repositorio_tabelas:_atualizar_contestacao_em_lote:976 - 1 linha(s) atualizada(s) em [tbl_rpa_log_detraf_despesa_contestacao].
2026-08-13 13:38:36.866 | INFO    |comum.dados.repositorio_cache:recarregar_cache_local:375 - Carregando tabela [tbl_rpa_log_detraf_despesa_contestacao]
2026-08-13 13:38:36.870 | INFO    |comum.dados.repositorio_cache:recarregar_cache_local:375 - Tabela [tbl_rpa_log_detraf_despesa_contestacao] carregada | Linhas: 2 | Colunas: 19
2026-08-13 13:38:36.870 | INFO    |comum.dados.repositorio_tabelas:atualizar_despesa_contestacao:1019 - [HU-19 Despesa Contestação] 1 linha(s) atualizada(s), 0 chave(s) ausente(s).
2026-08-13 13:38:36.871 | INFO    |src.controllers.geracao_agi_controller:_gerar_para_operadora:595 - [STEP] Finalizando: GeracaoAgiController.atualizar_despesa_contestacao | Tempo gasto: 0.05s
2026-08-13 13:38:36.871 | INFO    |src.controllers.geracao_agi_controller:_gerar_ext:633 - [STEP] Iniciando: montar_linhas_ext
2026-08-13 13:38:36.885 | INFO    |comum.utils.decoradores:wrapper:22 - [HU-12 EXT] 1 linha(s) montada(s).
2026-08-13 13:38:36.886 | INFO    |src.controllers.geracao_agi_controller:_gerar_ext:633 - [STEP] Finalizando: montar_linhas_ext | Tempo gasto: 0.01s
2026-08-13 13:38:36.887 | INFO    |src.controllers.geracao_agi_controller:_gerar_ext:639 - [STEP] Iniciando: gerar_arquivo_ext
2026-08-13 13:38:36.907 | INFO    |comum.utils.decoradores:wrapper:22 - [HU-12 EXT] Arquivo gravado em [C:\Users\Btime Soluções\AppData\Local\Temp\pytest-of-Btime Soluções\pytest-18\test_sem_destinatario_o_outloo0\Operadoras\CLARO\2025\202507\AGI\DE_AGI_D_202507_TBRA_X_CLARO_EXT.xlsx].
2026-08-13 13:38:36.908 | INFO    |src.controllers.geracao_agi_controller:_gerar_ext:639 - [STEP] Finalizando: gerar_arquivo_ext | Tempo gasto: 0.02s
2026-08-13 13:38:36.908 | INFO    |src.controllers.geracao_agi_controller:_gerar_int:648 - [STEP] Iniciando: montar_linhas_int
2026-08-13 13:38:36.923 | INFO    |comum.utils.decoradores:wrapper:22 - [HU-13 INT] 1 linha(s) montada(s) (COM retenção).
2026-08-13 13:38:36.924 | INFO    |src.controllers.geracao_agi_controller:_gerar_int:648 - [STEP] Finalizando: montar_linhas_int | Tempo gasto: 0.02s
2026-08-13 13:38:36.924 | INFO    |src.controllers.geracao_agi_controller:_gerar_int:654 - [STEP] Iniciando: gerar_arquivo_int
2026-08-13 13:38:36.943 | INFO    |comum.utils.decoradores:wrapper:22 - [HU-13 INT] Arquivo gravado em [C:\Users\Btime Soluções\AppData\Local\Temp\pytest-of-Btime Soluções\pytest-18\test_sem_destinatario_o_outloo0\Operadoras\CLARO\2025\202507\AGI\DE_AGI_D_202507_TBRA_X_CLARO_INT.xlsx].
2026-08-13 13:38:36.944 | INFO    |src.controllers.geracao_agi_controller:_gerar_int:654 - [STEP] Finalizando: gerar_arquivo_int | Tempo gasto: 0.02s
2026-08-13 13:38:36.945 | INFO    |src.controllers.geracao_agi_controller:_gerar_env_e_carta:682 - [STEP] Iniciando: montar_abas_env
2026-08-13 13:38:36.958 | INFO    |comum.utils.decoradores:wrapper:22 - [HU-14 _EXP] Contest: 1 linha(s) contestada(s); TBRA: 1 linha(s) correspondente(s).
2026-08-13 13:38:36.959 | INFO    |src.controllers.geracao_agi_controller:_gerar_env_e_carta:682 - [STEP] Finalizando: montar_abas_env | Tempo gasto: 0.01s
2026-08-13 13:38:36.959 | INFO    |src.controllers.geracao_agi_controller:_gerar_env_e_carta:690 - [STEP] Iniciando: gerar_arquivo_env
2026-08-13 13:38:36.983 | INFO    |comum.utils.decoradores:wrapper:22 - [HU-14 _EXP] Arquivo gravado em [C:\Users\Btime Soluções\AppData\Local\Temp\pytest-of-Btime Soluções\pytest-18\test_sem_destinatario_o_outloo0\Operadoras\CLARO\2025\202507\Contestações\Base Contestação_CLARO_202507_EXP.xlsx].
2026-08-13 13:38:36.983 | INFO    |src.controllers.geracao_agi_controller:_gerar_env_e_carta:690 - [STEP] Finalizando: gerar_arquivo_env | Tempo gasto: 0.02s
2026-08-13 13:38:36.996 | INFO    |src.controllers.geracao_agi_controller:_emitir_cartas:756 - [STEP] Iniciando: obter_proximo_numero_carta
2026-08-13 13:38:36.997 | INFO    |comum.utils.decoradores:wrapper:22 - [HU-14] Último número CT encontrado: 362. Próximo: 363.
2026-08-13 13:38:36.998 | INFO    |src.controllers.geracao_agi_controller:_emitir_cartas:756 - [STEP] Finalizando: obter_proximo_numero_carta | Tempo gasto: 0.0s
2026-08-13 13:38:36.998 | INFO    |src.controllers.geracao_agi_controller:_emitir_cartas:764 - [STEP] Iniciando: montar_tabelas_carta
2026-08-13 13:38:37.005 | INFO    |comum.utils.decoradores:wrapper:22 - [HU-14 Carta] 1 tabela(s) de remuneração montada(s).
2026-08-13 13:38:37.006 | INFO    |src.controllers.geracao_agi_controller:_emitir_cartas:764 - [STEP] Finalizando: montar_tabelas_carta | Tempo gasto: 0.01s
2026-08-13 13:38:37.006 | INFO    |src.controllers.geracao_agi_controller:_emitir_cartas:758 - [STEP] Iniciando: renderizar_carta
2026-08-13 13:38:37.042 | INFO    |comum.utils.decoradores:wrapper:22 - [HU-14 Carta] Carta CT-363 renderizada (1 tabela(s)).
2026-08-13 13:38:37.042 | INFO    |src.controllers.geracao_agi_controller:_emitir_cartas:758 - [STEP] Finalizando: renderizar_carta | Tempo gasto: 0.04s
2026-08-13 13:38:37.043 | INFO    |src.controllers.geracao_agi_controller:_emitir_cartas:768 - [STEP] Iniciando: gerar_arquivo_carta
2026-08-13 13:38:37.070 | INFO    |comum.utils.decoradores:wrapper:22 - [HU-14 Carta] Carta gravada em [C:\Users\Btime Soluções\AppData\Local\Temp\pytest-of-Btime Soluções\pytest-18\test_sem_destinatario_o_outloo0\Operadoras\CLARO\2025\202507\Contestações\CT - 363.docx], cópia em [C:\Users\Btime Soluções\AppData\Local\Temp\pytest-of-Btime Soluções\pytest-18\test_sem_destinatario_o_outloo0\CT\2025\CT - 363.docx].
2026-08-13 13:38:37.071 | INFO    |src.controllers.geracao_agi_controller:_emitir_cartas:768 - [STEP] Finalizando: gerar_arquivo_carta | Tempo gasto: 0.03s
2026-08-13 13:38:37.072 | INFO    |src.controllers.geracao_agi_controller:_gerar_env_e_carta:710 - [RPA 3] CLARO: carta CT 363 — COM retenção.
2026-08-13 13:38:37.073 | INFO    |src.controllers.geracao_agi_controller:_gerar_para_operadora:617 - [STEP] Iniciando: GeracaoAgiController.gerar_cont_proc
2026-08-13 13:38:37.073 | INFO    |src.controllers.geracao_agi_controller:gerar_cont_proc:1030 - [STEP] Iniciando: montar_linhas_cont_proc
2026-08-13 13:38:37.074 | INFO    |src.services.geracao_cont_proc:montar_linhas_cont_proc:224 - [STEP] Iniciando: selecionar_linhas_contestadas
2026-08-13 13:38:37.085 | INFO    |comum.utils.decoradores:wrapper:22 - [HU-16 CONT_PROC] 1 linha(s) contestada(s).
2026-08-13 13:38:37.085 | INFO    |src.services.geracao_cont_proc:montar_linhas_cont_proc:224 - [STEP] Finalizando: selecionar_linhas_contestadas | Tempo gasto: 0.01s
2026-08-13 13:38:37.089 | INFO    |comum.utils.decoradores:wrapper:22 - [HU-16 CONT_PROC] 1 linha(s) montada(s) (T-100+T-101 completos).
2026-08-13 13:38:37.089 | INFO    |src.controllers.geracao_agi_controller:gerar_cont_proc:1030 - [STEP] Finalizando: montar_linhas_cont_proc | Tempo gasto: 0.02s
2026-08-13 13:38:37.090 | INFO    |src.controllers.geracao_agi_controller:gerar_cont_proc:1036 - [STEP] Iniciando: gerar_arquivo_cont_proc
2026-08-13 13:38:37.107 | INFO    |comum.utils.decoradores:wrapper:22 - [HU-16 CONT_PROC] Arquivo gravado em [C:\Users\Btime Soluções\AppData\Local\Temp\pytest-of-Btime Soluções\pytest-18\test_sem_destinatario_o_outloo0\Operadoras\CLARO\2025\202507\AGI\CONT_PROC_MASCARA_CLARO_202507.xlsx].
2026-08-13 13:38:37.109 | INFO    |src.controllers.geracao_agi_controller:gerar_cont_proc:1036 - [STEP] Finalizando: gerar_arquivo_cont_proc | Tempo gasto: 0.02s
2026-08-13 13:38:37.109 | INFO    |src.controllers.geracao_agi_controller:gerar_cont_proc:1046 - [STEP] Iniciando: selecionar_linhas_contestadas
2026-08-13 13:38:37.120 | INFO    |comum.utils.decoradores:wrapper:22 - [HU-16 CONT_PROC] 1 linha(s) contestada(s).
2026-08-13 13:38:37.121 | INFO    |src.controllers.geracao_agi_controller:gerar_cont_proc:1046 - [STEP] Finalizando: selecionar_linhas_contestadas | Tempo gasto: 0.01s
2026-08-13 13:38:37.129 | INFO    |comum.dados.repositorio_tabelas:_atualizar_contestacao_em_lote:976 - 1 linha(s) atualizada(s) em [tbl_rpa_log_detraf_despesa_contestacao].
2026-08-13 13:38:37.130 | INFO    |comum.dados.repositorio_cache:recarregar_cache_local:375 - Carregando tabela [tbl_rpa_log_detraf_despesa_contestacao]
2026-08-13 13:38:37.134 | INFO    |comum.dados.repositorio_cache:recarregar_cache_local:375 - Tabela [tbl_rpa_log_detraf_despesa_contestacao] carregada | Linhas: 2 | Colunas: 19
2026-08-13 13:38:37.135 | INFO    |comum.dados.repositorio_tabelas:atualizar_tipo_contestacao:1046 - [HU-16 Writeback tipo_contestacao] 1 linha(s) atualizada(s), 0 chave(s) ausente(s).
2026-08-13 13:38:37.135 | INFO    |src.controllers.geracao_agi_controller:_gerar_para_operadora:617 - [STEP] Finalizando: GeracaoAgiController.gerar_cont_proc | Tempo gasto: 0.06s
2026-08-13 13:38:37.136 | INFO    |src.controllers.geracao_agi_controller:_pausar_apos_artefatos:530 - [RPA 3 — etapa 1/4: artefatos] 1 operadora(s) em 202507:
2026-08-13 13:38:37.137 | INFO    |src.controllers.geracao_agi_controller:_pausar_apos_artefatos:530 - [RPA 3 — etapa 1/4: artefatos]   CLARO                EXT · INT · _EXP · 1 carta(s) · CONT_PROC
2026-08-13 13:38:37.137 | INFO    |src.controllers.geracao_agi_controller:_pausar_apos_artefatos:530 - [RPA 3 — etapa 1/4: artefatos] Pasta: C:\Users\Btime Soluções\AppData\Local\Temp\pytest-of-Btime Soluções\pytest-18\test_sem_destinatario_o_outloo0\Operadoras
2026-08-13 13:38:37.137 | INFO    |src.controllers.geracao_agi_controller:_pausar_apos_artefatos:530 - [RPA 3 — etapa 1/4: artefatos] ────────────────────────────────────────────────────────────
2026-08-13 13:38:37.138 | INFO    |src.controllers.geracao_agi_controller:_pausar_apos_artefatos:530 - [RPA 3 — etapa 1/4: artefatos] PRÓXIMA ETAPA: carga no AGI (HU-17/HU-18) — ESCREVE NO AGI
2026-08-13 13:38:37.139 | INFO    |src.controllers.geracao_agi_controller:gerar_artefatos:332 - [RPA 3 — etapa 2/4: carga no AGI] 1 operadora(s) na lista de carga.
2026-08-13 13:38:37.139 | INFO    |src.controllers.geracao_agi_controller:gerar_artefatos:332 - [RPA 3 — etapa 2/4: carga no AGI] Upload no AGI: desligado — nada foi enviado, só registrado no log.
2026-08-13 13:38:37.139 | INFO    |src.controllers.geracao_agi_controller:gerar_artefatos:332 - [RPA 3 — etapa 2/4: carga no AGI] Confira no AGI se a carga entrou, e o campo `carga_agi` na tabela de contestação.
2026-08-13 13:38:37.140 | INFO    |src.controllers.geracao_agi_controller:gerar_artefatos:332 - [RPA 3 — etapa 2/4: carga no AGI] ────────────────────────────────────────────────────────────
2026-08-13 13:38:37.140 | INFO    |src.controllers.geracao_agi_controller:gerar_artefatos:332 - [RPA 3 — etapa 2/4: carga no AGI] PRÓXIMA ETAPA: e-mail de contestação à operadora (HU-15) — SAI DA EMPRESA
2026-08-13 13:38:37.140 | WARNING |src.controllers.geracao_agi_controller:<genexpr>:840 - [HU-15] Contatos de 'CLARO' indisponíveis: a tabela de contatos do WebFat ainda não foi informada pelo cliente (pendência Q16), e CAMINHO_CONTATOS_OPERADORAS não está configurado.
2026-08-13 13:38:37.141 | WARNING |src.controllers.geracao_agi_controller:gerar_artefatos:360 - [RPA 3] Nenhum destinatário para as 1 contestação(ões) do mês — o Outlook nem chega a ser aberto. Pendência Q16.
2026-08-13 13:38:37.141 | INFO    |src.controllers.geracao_agi_controller:gerar_artefatos:368 - [RPA 3 — etapa 3/4: e-mail de contestação] Envio de e-mail: LIGADO — os e-mails FORAM enviados às operadoras.
2026-08-13 13:38:37.142 | INFO    |src.controllers.geracao_agi_controller:gerar_artefatos:368 - [RPA 3 — etapa 3/4: e-mail de contestação] Contatos: não configurados (pendência Q16) — nada é enviado
2026-08-13 13:38:37.142 | INFO    |src.controllers.geracao_agi_controller:gerar_artefatos:368 - [RPA 3 — etapa 3/4: e-mail de contestação] ────────────────────────────────────────────────────────────
2026-08-13 13:38:37.142 | INFO    |src.controllers.geracao_agi_controller:gerar_artefatos:368 - [RPA 3 — etapa 3/4: e-mail de contestação] PRÓXIMA ETAPA: conferência do relatório contra o EC (HU-20)
2026-08-13 13:38:37.143 | INFO    |src.controllers.geracao_agi_controller:_verificar_relatorio:895 - [STEP] Iniciando: VerificacaoRelatorio.executar
2026-08-13 13:38:37.144 | INFO    |comum.utils.decoradores:wrapper:22 - [MODO SEGURO] PERMITIR_ACESSO_AGI=false — o AGI não será aberto. A verificação usa o relatório já em [C:\projetos\MVP2\MVP2\MVP2\DETRAF-UNIFICADO\unificado\logs\relatorio_agi\remessa_baixada.csv].
2026-08-13 13:38:37.145 | INFO    |src.controllers.geracao_agi_controller:_verificar_relatorio:895 - [STEP] Finalizando: VerificacaoRelatorio.executar | Tempo gasto: 0.0s
2026-08-13 13:38:37.146 | WARNING |src.controllers.geracao_agi_controller:gerar_artefatos:398 - [RPA 3] HU-20 não executada: Relatório do AGI não encontrado em [C:\projetos\MVP2\MVP2\MVP2\DETRAF-UNIFICADO\unificado\logs\relatorio_agi\remessa_baixada.csv]. Com PERMITIR_ACESSO_AGI desligado, é preciso baixá-lo antes.
2026-08-13 13:38:37.146 | INFO    |src.controllers.geracao_agi_controller:gerar_artefatos:402 - [RPA 3 — etapa 4/4: conferência do relatório] A conferência compara o relatório do AGI com o Encontro de Contas do banco.
2026-08-13 13:38:37.147 | INFO    |src.controllers.geracao_agi_controller:gerar_artefatos:402 - [RPA 3 — etapa 4/4: conferência do relatório] A planilha de inconsistências só é gravada quando há divergência — nenhum arquivo significa nenhuma divergência.
2026-08-13 13:38:37.147 | INFO    |src.controllers.geracao_agi_controller:gerar_artefatos:402 - [RPA 3 — etapa 4/4: conferência do relatório] Pasta: C:\projetos\MVP2\MVP2\MVP2\DETRAF-UNIFICADO\unificado\logs\inconsistencias
2026-08-13 13:38:37.147 | INFO    |src.controllers.geracao_agi_controller:gerar_artefatos:402 - [RPA 3 — etapa 4/4: conferência do relatório] ────────────────────────────────────────────────────────────
2026-08-13 13:38:37.148 | INFO    |src.controllers.geracao_agi_controller:gerar_artefatos:402 - [RPA 3 — etapa 4/4: conferência do relatório] Esta é a última etapa da execução.
2026-08-13 13:38:37.148 | INFO    |src.controllers.geracao_agi_controller:gerar_artefatos:415 - [RPA 3] Resumo de 202507 — 1 operadora(s): EXT 1, INT 1, _EXP 1, carta 1, CONT_PROC 1.
2026-08-13 13:38:37.149 | INFO    |src.controllers.geracao_agi_controller:gerar_artefatos:415 - [RPA 3]   CLARO: e-mail de contestação não enviado.
2026-08-13 13:38:37.149 | WARNING |src.controllers.geracao_agi_controller:gerar_artefatos:415 - [RPA 3] HU-15 sem destinatários: a tabela de contatos do WebFat continua sem resposta do cliente (pendência Q16). A ponte é apontar CAMINHO_CONTATOS_OPERADORAS para um CSV `operadora;emails`.
2026-08-13 13:38:37.152 | INFO    |src.controllers.geracao_agi_controller:_gravar_relatorio:956 - [Relatório] Resumo da execução em [C:\projetos\MVP2\MVP2\MVP2\DETRAF-UNIFICADO\unificado\logs\DESKTOP-64TNDKM\rpa3_contestacao_agi_ec\execucoes\2026-08-13_13-38-37.md].
2026-08-13 13:38:37.152 | INFO    |test_orquestracao_rpa3:test_sem_destinatario_o_outlook_nem_e_aberto:404 - [STEP] Finalizando: GeracaoAgiController.gerar_artefatos | Tempo gasto: 0.41s
2026-08-13 13:38:37.164 | INFO    |comum.dados.repositorio_cache:__init__:77 - Inicializando conexão com o banco no ambiente [dev]
2026-08-13 13:38:37.165 | INFO    |comum.dados.repositorio_cache:__init__:77 - Utilizando SQLite local [C:\Users\BTIMES~1\AppData\Local\Temp\detraf_epico4_teste_9l21xs1s\TABELAS_DETRAF_TESTE.db]
2026-08-13 13:38:37.181 | INFO    |test_orquestracao_rpa3:test_email_bloqueado_vira_pulo_e_nao_derruba_a_fase:426 - [STEP] Iniciando: GeracaoAgiController.gerar_artefatos
2026-08-13 13:38:37.183 | INFO    |comum.utils.decoradores:wrapper:22 - [RPA 3] 1 operadora(s) em 202507: CLARO.
2026-08-13 13:38:37.184 | INFO    |comum.dados.repositorio_cache:obter_tabela:214 - Carregando tabela [tbl_detraf_mapeamento_descritores]
2026-08-13 13:38:37.189 | INFO    |comum.dados.repositorio_cache:obter_tabela:214 - Tabela [tbl_detraf_mapeamento_descritores] carregada | Linhas: 25 | Colunas: 5
2026-08-13 13:38:37.206 | INFO    |src.controllers.geracao_agi_controller:_gerar_para_operadora:558 - [STEP] Iniciando: consolidar_detrafs_operadora
2026-08-13 13:38:37.207 | INFO    |src.services.consolidacao_contestacao:consolidar_detrafs_operadora:174 - [Consolidação] 1 arquivo(s) encontrado(s) em [C:\Users\Btime Soluções\AppData\Local\Temp\pytest-of-Btime Soluções\pytest-18\test_email_bloqueado_vira_pulo0\Operadoras\CLARO\2025\202507\Detrafs Recebidos].
2026-08-13 13:38:37.214 | INFO    |src.services.consolidacao_contestacao:consolidar_detrafs_operadora:177 - [Consolidação] [DETRAF_D_CLARO_202507.csv]: 1 linha(s) -> 1 após remover totais.
2026-08-13 13:38:37.215 | INFO    |src.services.consolidacao_contestacao:consolidar_detrafs_operadora:177 - [Consolidação] Consolidado: 1 linha(s) de 1 arquivo(s).
2026-08-13 13:38:37.216 | INFO    |src.controllers.geracao_agi_controller:_gerar_para_operadora:558 - [STEP] Finalizando: consolidar_detrafs_operadora | Tempo gasto: 0.01s
2026-08-13 13:38:37.217 | INFO    |src.controllers.geracao_agi_controller:_gerar_para_operadora:574 - [STEP] Iniciando: consolidar_expectativa_vivo
2026-08-13 13:38:37.218 | INFO    |src.services.consolidacao_contestacao:consolidar_expectativa_vivo:207 - [Consolidação] 1 arquivo(s) encontrado(s) em [C:\Users\Btime Soluções\AppData\Local\Temp\pytest-of-Btime Soluções\pytest-18\test_email_bloqueado_vira_pulo0\Operadoras\CLARO\2025\202507\Detrafs Enviados].
2026-08-13 13:38:37.223 | INFO    |src.services.consolidacao_contestacao:consolidar_expectativa_vivo:211 - [Consolidação] [DE_D_TBRA_CLARO_202507.csv]: 1 linha(s) -> 1 após remover totais.
2026-08-13 13:38:37.224 | INFO    |src.services.consolidacao_contestacao:consolidar_expectativa_vivo:211 - [Consolidação] Consolidado: 1 linha(s) de 1 arquivo(s).
2026-08-13 13:38:37.225 | INFO    |src.controllers.geracao_agi_controller:_gerar_para_operadora:574 - [STEP] Finalizando: consolidar_expectativa_vivo | Tempo gasto: 0.01s
2026-08-13 13:38:37.225 | INFO    |src.controllers.geracao_agi_controller:_gerar_para_operadora:586 - [STEP] Iniciando: montar_contest
2026-08-13 13:38:37.274 | INFO    |comum.utils.decoradores:wrapper:22 - [Consolidação] Contest: 1 combinação(ões) analisada(s).
2026-08-13 13:38:37.275 | INFO    |src.controllers.geracao_agi_controller:_gerar_para_operadora:586 - [STEP] Finalizando: montar_contest | Tempo gasto: 0.05s
2026-08-13 13:38:37.276 | INFO    |src.controllers.geracao_agi_controller:_gerar_para_operadora:595 - [STEP] Iniciando: GeracaoAgiController.atualizar_despesa_contestacao
2026-08-13 13:38:37.276 | INFO    |src.controllers.geracao_agi_controller:atualizar_despesa_contestacao:1066 - [STEP] Iniciando: preparar_atualizacoes_despesa_contestacao
2026-08-13 13:38:37.278 | INFO    |comum.dados.repositorio_cache:obter_tabela:214 - Carregando tabela [tbl_rpa_log_detraf_despesa_contestacao]
2026-08-13 13:38:37.282 | INFO    |comum.dados.repositorio_cache:obter_tabela:214 - Tabela [tbl_rpa_log_detraf_despesa_contestacao] carregada | Linhas: 2 | Colunas: 19
2026-08-13 13:38:37.289 | INFO    |comum.utils.decoradores:wrapper:22 - [HU-19 Despesa Contestação] 1 atualização(ões) preparada(s).
2026-08-13 13:38:37.290 | INFO    |src.controllers.geracao_agi_controller:atualizar_despesa_contestacao:1066 - [STEP] Finalizando: preparar_atualizacoes_despesa_contestacao | Tempo gasto: 0.01s
2026-08-13 13:38:37.290 | WARNING |comum.dados.repositorio_tabelas:atualizar_despesa_contestacao:1019 - [HU-19 Despesa Contestação] A tabela 'tbl_rpa_log_detraf_despesa_contestacao' não tem a(s) coluna(s) vb_contestacao — NÃO gravada(s). As demais seguem normalmente. Um ALTER TABLE resolve; ver pendencias-para-o-cliente.md (Q24).
2026-08-13 13:38:37.322 | INFO    |comum.dados.repositorio_tabelas:_atualizar_contestacao_em_lote:976 - 1 linha(s) atualizada(s) em [tbl_rpa_log_detraf_despesa_contestacao].
2026-08-13 13:38:37.323 | INFO    |comum.dados.repositorio_cache:recarregar_cache_local:375 - Carregando tabela [tbl_rpa_log_detraf_despesa_contestacao]
2026-08-13 13:38:37.328 | INFO    |comum.dados.repositorio_cache:recarregar_cache_local:375 - Tabela [tbl_rpa_log_detraf_despesa_contestacao] carregada | Linhas: 2 | Colunas: 19
2026-08-13 13:38:37.328 | INFO    |comum.dados.repositorio_tabelas:atualizar_despesa_contestacao:1019 - [HU-19 Despesa Contestação] 1 linha(s) atualizada(s), 0 chave(s) ausente(s).
2026-08-13 13:38:37.329 | INFO    |src.controllers.geracao_agi_controller:_gerar_para_operadora:595 - [STEP] Finalizando: GeracaoAgiController.atualizar_despesa_contestacao | Tempo gasto: 0.05s
2026-08-13 13:38:37.329 | INFO    |src.controllers.geracao_agi_controller:_gerar_ext:633 - [STEP] Iniciando: montar_linhas_ext
2026-08-13 13:38:37.347 | INFO    |comum.utils.decoradores:wrapper:22 - [HU-12 EXT] 1 linha(s) montada(s).
2026-08-13 13:38:37.349 | INFO    |src.controllers.geracao_agi_controller:_gerar_ext:633 - [STEP] Finalizando: montar_linhas_ext | Tempo gasto: 0.02s
2026-08-13 13:38:37.349 | INFO    |src.controllers.geracao_agi_controller:_gerar_ext:639 - [STEP] Iniciando: gerar_arquivo_ext
2026-08-13 13:38:37.370 | INFO    |comum.utils.decoradores:wrapper:22 - [HU-12 EXT] Arquivo gravado em [C:\Users\Btime Soluções\AppData\Local\Temp\pytest-of-Btime Soluções\pytest-18\test_email_bloqueado_vira_pulo0\Operadoras\CLARO\2025\202507\AGI\DE_AGI_D_202507_TBRA_X_CLARO_EXT.xlsx].
2026-08-13 13:38:37.371 | INFO    |src.controllers.geracao_agi_controller:_gerar_ext:639 - [STEP] Finalizando: gerar_arquivo_ext | Tempo gasto: 0.02s
2026-08-13 13:38:37.372 | INFO    |src.controllers.geracao_agi_controller:_gerar_int:648 - [STEP] Iniciando: montar_linhas_int
2026-08-13 13:38:37.387 | INFO    |comum.utils.decoradores:wrapper:22 - [HU-13 INT] 1 linha(s) montada(s) (COM retenção).
2026-08-13 13:38:37.388 | INFO    |src.controllers.geracao_agi_controller:_gerar_int:648 - [STEP] Finalizando: montar_linhas_int | Tempo gasto: 0.02s
2026-08-13 13:38:37.389 | INFO    |src.controllers.geracao_agi_controller:_gerar_int:654 - [STEP] Iniciando: gerar_arquivo_int
2026-08-13 13:38:37.406 | INFO    |comum.utils.decoradores:wrapper:22 - [HU-13 INT] Arquivo gravado em [C:\Users\Btime Soluções\AppData\Local\Temp\pytest-of-Btime Soluções\pytest-18\test_email_bloqueado_vira_pulo0\Operadoras\CLARO\2025\202507\AGI\DE_AGI_D_202507_TBRA_X_CLARO_INT.xlsx].
2026-08-13 13:38:37.407 | INFO    |src.controllers.geracao_agi_controller:_gerar_int:654 - [STEP] Finalizando: gerar_arquivo_int | Tempo gasto: 0.02s
2026-08-13 13:38:37.407 | INFO    |src.controllers.geracao_agi_controller:_gerar_env_e_carta:682 - [STEP] Iniciando: montar_abas_env
2026-08-13 13:38:37.425 | INFO    |comum.utils.decoradores:wrapper:22 - [HU-14 _EXP] Contest: 1 linha(s) contestada(s); TBRA: 1 linha(s) correspondente(s).
2026-08-13 13:38:37.426 | INFO    |src.controllers.geracao_agi_controller:_gerar_env_e_carta:682 - [STEP] Finalizando: montar_abas_env | Tempo gasto: 0.02s
2026-08-13 13:38:37.427 | INFO    |src.controllers.geracao_agi_controller:_gerar_env_e_carta:690 - [STEP] Iniciando: gerar_arquivo_env
2026-08-13 13:38:37.452 | INFO    |comum.utils.decoradores:wrapper:22 - [HU-14 _EXP] Arquivo gravado em [C:\Users\Btime Soluções\AppData\Local\Temp\pytest-of-Btime Soluções\pytest-18\test_email_bloqueado_vira_pulo0\Operadoras\CLARO\2025\202507\Contestações\Base Contestação_CLARO_202507_EXP.xlsx].
2026-08-13 13:38:37.452 | INFO    |src.controllers.geracao_agi_controller:_gerar_env_e_carta:690 - [STEP] Finalizando: gerar_arquivo_env | Tempo gasto: 0.02s
2026-08-13 13:38:37.466 | INFO    |src.controllers.geracao_agi_controller:_emitir_cartas:756 - [STEP] Iniciando: obter_proximo_numero_carta
2026-08-13 13:38:37.467 | INFO    |comum.utils.decoradores:wrapper:22 - [HU-14] Último número CT encontrado: 362. Próximo: 363.
2026-08-13 13:38:37.468 | INFO    |src.controllers.geracao_agi_controller:_emitir_cartas:756 - [STEP] Finalizando: obter_proximo_numero_carta | Tempo gasto: 0.0s
2026-08-13 13:38:37.468 | INFO    |src.controllers.geracao_agi_controller:_emitir_cartas:764 - [STEP] Iniciando: montar_tabelas_carta
2026-08-13 13:38:37.475 | INFO    |comum.utils.decoradores:wrapper:22 - [HU-14 Carta] 1 tabela(s) de remuneração montada(s).
2026-08-13 13:38:37.476 | INFO    |src.controllers.geracao_agi_controller:_emitir_cartas:764 - [STEP] Finalizando: montar_tabelas_carta | Tempo gasto: 0.01s
2026-08-13 13:38:37.476 | INFO    |src.controllers.geracao_agi_controller:_emitir_cartas:758 - [STEP] Iniciando: renderizar_carta
2026-08-13 13:38:37.515 | INFO    |comum.utils.decoradores:wrapper:22 - [HU-14 Carta] Carta CT-363 renderizada (1 tabela(s)).
2026-08-13 13:38:37.516 | INFO    |src.controllers.geracao_agi_controller:_emitir_cartas:758 - [STEP] Finalizando: renderizar_carta | Tempo gasto: 0.04s
2026-08-13 13:38:37.516 | INFO    |src.controllers.geracao_agi_controller:_emitir_cartas:768 - [STEP] Iniciando: gerar_arquivo_carta
2026-08-13 13:38:37.542 | INFO    |comum.utils.decoradores:wrapper:22 - [HU-14 Carta] Carta gravada em [C:\Users\Btime Soluções\AppData\Local\Temp\pytest-of-Btime Soluções\pytest-18\test_email_bloqueado_vira_pulo0\Operadoras\CLARO\2025\202507\Contestações\CT - 363.docx], cópia em [C:\Users\Btime Soluções\AppData\Local\Temp\pytest-of-Btime Soluções\pytest-18\test_email_bloqueado_vira_pulo0\CT\2025\CT - 363.docx].
2026-08-13 13:38:37.542 | INFO    |src.controllers.geracao_agi_controller:_emitir_cartas:768 - [STEP] Finalizando: gerar_arquivo_carta | Tempo gasto: 0.03s
2026-08-13 13:38:37.543 | INFO    |src.controllers.geracao_agi_controller:_gerar_env_e_carta:710 - [RPA 3] CLARO: carta CT 363 — COM retenção.
2026-08-13 13:38:37.544 | INFO    |src.controllers.geracao_agi_controller:_gerar_para_operadora:617 - [STEP] Iniciando: GeracaoAgiController.gerar_cont_proc
2026-08-13 13:38:37.545 | INFO    |src.controllers.geracao_agi_controller:gerar_cont_proc:1030 - [STEP] Iniciando: montar_linhas_cont_proc
2026-08-13 13:38:37.546 | INFO    |src.services.geracao_cont_proc:montar_linhas_cont_proc:224 - [STEP] Iniciando: selecionar_linhas_contestadas
2026-08-13 13:38:37.557 | INFO    |comum.utils.decoradores:wrapper:22 - [HU-16 CONT_PROC] 1 linha(s) contestada(s).
2026-08-13 13:38:37.558 | INFO    |src.services.geracao_cont_proc:montar_linhas_cont_proc:224 - [STEP] Finalizando: selecionar_linhas_contestadas | Tempo gasto: 0.01s
2026-08-13 13:38:37.564 | INFO    |comum.utils.decoradores:wrapper:22 - [HU-16 CONT_PROC] 1 linha(s) montada(s) (T-100+T-101 completos).
2026-08-13 13:38:37.564 | INFO    |src.controllers.geracao_agi_controller:gerar_cont_proc:1030 - [STEP] Finalizando: montar_linhas_cont_proc | Tempo gasto: 0.02s
2026-08-13 13:38:37.565 | INFO    |src.controllers.geracao_agi_controller:gerar_cont_proc:1036 - [STEP] Iniciando: gerar_arquivo_cont_proc
2026-08-13 13:38:37.582 | INFO    |comum.utils.decoradores:wrapper:22 - [HU-16 CONT_PROC] Arquivo gravado em [C:\Users\Btime Soluções\AppData\Local\Temp\pytest-of-Btime Soluções\pytest-18\test_email_bloqueado_vira_pulo0\Operadoras\CLARO\2025\202507\AGI\CONT_PROC_MASCARA_CLARO_202507.xlsx].
2026-08-13 13:38:37.583 | INFO    |src.controllers.geracao_agi_controller:gerar_cont_proc:1036 - [STEP] Finalizando: gerar_arquivo_cont_proc | Tempo gasto: 0.02s
2026-08-13 13:38:37.583 | INFO    |src.controllers.geracao_agi_controller:gerar_cont_proc:1046 - [STEP] Iniciando: selecionar_linhas_contestadas
2026-08-13 13:38:37.592 | INFO    |comum.utils.decoradores:wrapper:22 - [HU-16 CONT_PROC] 1 linha(s) contestada(s).
2026-08-13 13:38:37.593 | INFO    |src.controllers.geracao_agi_controller:gerar_cont_proc:1046 - [STEP] Finalizando: selecionar_linhas_contestadas | Tempo gasto: 0.01s
2026-08-13 13:38:37.603 | INFO    |comum.dados.repositorio_tabelas:_atualizar_contestacao_em_lote:976 - 1 linha(s) atualizada(s) em [tbl_rpa_log_detraf_despesa_contestacao].
2026-08-13 13:38:37.604 | INFO    |comum.dados.repositorio_cache:recarregar_cache_local:375 - Carregando tabela [tbl_rpa_log_detraf_despesa_contestacao]
2026-08-13 13:38:37.608 | INFO    |comum.dados.repositorio_cache:recarregar_cache_local:375 - Tabela [tbl_rpa_log_detraf_despesa_contestacao] carregada | Linhas: 2 | Colunas: 19
2026-08-13 13:38:37.608 | INFO    |comum.dados.repositorio_tabelas:atualizar_tipo_contestacao:1046 - [HU-16 Writeback tipo_contestacao] 1 linha(s) atualizada(s), 0 chave(s) ausente(s).
2026-08-13 13:38:37.609 | INFO    |src.controllers.geracao_agi_controller:_gerar_para_operadora:617 - [STEP] Finalizando: GeracaoAgiController.gerar_cont_proc | Tempo gasto: 0.06s
2026-08-13 13:38:37.609 | INFO    |src.controllers.geracao_agi_controller:_pausar_apos_artefatos:530 - [RPA 3 — etapa 1/4: artefatos] 1 operadora(s) em 202507:
2026-08-13 13:38:37.610 | INFO    |src.controllers.geracao_agi_controller:_pausar_apos_artefatos:530 - [RPA 3 — etapa 1/4: artefatos]   CLARO                EXT · INT · _EXP · 1 carta(s) · CONT_PROC
2026-08-13 13:38:37.611 | INFO    |src.controllers.geracao_agi_controller:_pausar_apos_artefatos:530 - [RPA 3 — etapa 1/4: artefatos] Pasta: C:\Users\Btime Soluções\AppData\Local\Temp\pytest-of-Btime Soluções\pytest-18\test_email_bloqueado_vira_pulo0\Operadoras
2026-08-13 13:38:37.611 | INFO    |src.controllers.geracao_agi_controller:_pausar_apos_artefatos:530 - [RPA 3 — etapa 1/4: artefatos] ────────────────────────────────────────────────────────────
2026-08-13 13:38:37.612 | INFO    |src.controllers.geracao_agi_controller:_pausar_apos_artefatos:530 - [RPA 3 — etapa 1/4: artefatos] PRÓXIMA ETAPA: carga no AGI (HU-17/HU-18) — ESCREVE NO AGI
2026-08-13 13:38:37.613 | INFO    |src.controllers.geracao_agi_controller:gerar_artefatos:332 - [RPA 3 — etapa 2/4: carga no AGI] 1 operadora(s) na lista de carga.
2026-08-13 13:38:37.613 | INFO    |src.controllers.geracao_agi_controller:gerar_artefatos:332 - [RPA 3 — etapa 2/4: carga no AGI] Upload no AGI: desligado — nada foi enviado, só registrado no log.
2026-08-13 13:38:37.614 | INFO    |src.controllers.geracao_agi_controller:gerar_artefatos:332 - [RPA 3 — etapa 2/4: carga no AGI] Confira no AGI se a carga entrou, e o campo `carga_agi` na tabela de contestação.
2026-08-13 13:38:37.614 | INFO    |src.controllers.geracao_agi_controller:gerar_artefatos:332 - [RPA 3 — etapa 2/4: carga no AGI] ────────────────────────────────────────────────────────────
2026-08-13 13:38:37.615 | INFO    |src.controllers.geracao_agi_controller:gerar_artefatos:332 - [RPA 3 — etapa 2/4: carga no AGI] PRÓXIMA ETAPA: e-mail de contestação à operadora (HU-15) — SAI DA EMPRESA
2026-08-13 13:38:37.616 | WARNING |src.controllers.geracao_agi_controller:<genexpr>:840 - [HU-15] Contatos de 'CLARO' indisponíveis: a tabela de contatos do WebFat ainda não foi informada pelo cliente (pendência Q16), e CAMINHO_CONTATOS_OPERADORAS não está configurado.
2026-08-13 13:38:37.616 | WARNING |src.controllers.geracao_agi_controller:gerar_artefatos:360 - [RPA 3] Nenhum destinatário para as 1 contestação(ões) do mês — o Outlook nem chega a ser aberto. Pendência Q16.
2026-08-13 13:38:37.617 | INFO    |src.controllers.geracao_agi_controller:gerar_artefatos:368 - [RPA 3 — etapa 3/4: e-mail de contestação] Envio de e-mail: LIGADO — os e-mails FORAM enviados às operadoras.
2026-08-13 13:38:37.617 | INFO    |src.controllers.geracao_agi_controller:gerar_artefatos:368 - [RPA 3 — etapa 3/4: e-mail de contestação] Contatos: não configurados (pendência Q16) — nada é enviado
2026-08-13 13:38:37.618 | INFO    |src.controllers.geracao_agi_controller:gerar_artefatos:368 - [RPA 3 — etapa 3/4: e-mail de contestação] ────────────────────────────────────────────────────────────
2026-08-13 13:38:37.618 | INFO    |src.controllers.geracao_agi_controller:gerar_artefatos:368 - [RPA 3 — etapa 3/4: e-mail de contestação] PRÓXIMA ETAPA: conferência do relatório contra o EC (HU-20)
2026-08-13 13:38:37.619 | INFO    |src.controllers.geracao_agi_controller:_verificar_relatorio:895 - [STEP] Iniciando: VerificacaoRelatorio.executar
2026-08-13 13:38:37.619 | INFO    |comum.utils.decoradores:wrapper:22 - [MODO SEGURO] PERMITIR_ACESSO_AGI=false — o AGI não será aberto. A verificação usa o relatório já em [C:\projetos\MVP2\MVP2\MVP2\DETRAF-UNIFICADO\unificado\logs\relatorio_agi\remessa_baixada.csv].
2026-08-13 13:38:37.620 | INFO    |src.controllers.geracao_agi_controller:_verificar_relatorio:895 - [STEP] Finalizando: VerificacaoRelatorio.executar | Tempo gasto: 0.0s
2026-08-13 13:38:37.620 | WARNING |src.controllers.geracao_agi_controller:gerar_artefatos:398 - [RPA 3] HU-20 não executada: Relatório do AGI não encontrado em [C:\projetos\MVP2\MVP2\MVP2\DETRAF-UNIFICADO\unificado\logs\relatorio_agi\remessa_baixada.csv]. Com PERMITIR_ACESSO_AGI desligado, é preciso baixá-lo antes.
2026-08-13 13:38:37.621 | INFO    |src.controllers.geracao_agi_controller:gerar_artefatos:402 - [RPA 3 — etapa 4/4: conferência do relatório] A conferência compara o relatório do AGI com o Encontro de Contas do banco.
2026-08-13 13:38:37.621 | INFO    |src.controllers.geracao_agi_controller:gerar_artefatos:402 - [RPA 3 — etapa 4/4: conferência do relatório] A planilha de inconsistências só é gravada quando há divergência — nenhum arquivo significa nenhuma divergência.
2026-08-13 13:38:37.622 | INFO    |src.controllers.geracao_agi_controller:gerar_artefatos:402 - [RPA 3 — etapa 4/4: conferência do relatório] Pasta: C:\projetos\MVP2\MVP2\MVP2\DETRAF-UNIFICADO\unificado\logs\inconsistencias
2026-08-13 13:38:37.622 | INFO    |src.controllers.geracao_agi_controller:gerar_artefatos:402 - [RPA 3 — etapa 4/4: conferência do relatório] ────────────────────────────────────────────────────────────
2026-08-13 13:38:37.622 | INFO    |src.controllers.geracao_agi_controller:gerar_artefatos:402 - [RPA 3 — etapa 4/4: conferência do relatório] Esta é a última etapa da execução.
2026-08-13 13:38:37.623 | INFO    |src.controllers.geracao_agi_controller:gerar_artefatos:415 - [RPA 3] Resumo de 202507 — 1 operadora(s): EXT 1, INT 1, _EXP 1, carta 1, CONT_PROC 1.
2026-08-13 13:38:37.624 | INFO    |src.controllers.geracao_agi_controller:gerar_artefatos:415 - [RPA 3]   CLARO: e-mail de contestação não enviado.
2026-08-13 13:38:37.624 | WARNING |src.controllers.geracao_agi_controller:gerar_artefatos:415 - [RPA 3] HU-15 sem destinatários: a tabela de contatos do WebFat continua sem resposta do cliente (pendência Q16). A ponte é apontar CAMINHO_CONTATOS_OPERADORAS para um CSV `operadora;emails`.
2026-08-13 13:38:37.628 | INFO    |src.controllers.geracao_agi_controller:_gravar_relatorio:956 - [Relatório] Resumo da execução em [C:\projetos\MVP2\MVP2\MVP2\DETRAF-UNIFICADO\unificado\logs\DESKTOP-64TNDKM\rpa3_contestacao_agi_ec\execucoes\2026-08-13_13-38-37.md].
2026-08-13 13:38:37.629 | INFO    |test_orquestracao_rpa3:test_email_bloqueado_vira_pulo_e_nao_derruba_a_fase:426 - [STEP] Finalizando: GeracaoAgiController.gerar_artefatos | Tempo gasto: 0.45s
2026-08-13 13:38:37.641 | INFO    |comum.dados.repositorio_cache:__init__:77 - Inicializando conexão com o banco no ambiente [dev]
2026-08-13 13:38:37.642 | INFO    |comum.dados.repositorio_cache:__init__:77 - Utilizando SQLite local [C:\Users\BTIMES~1\AppData\Local\Temp\detraf_epico4_teste_9l21xs1s\TABELAS_DETRAF_TESTE.db]
2026-08-13 13:38:37.658 | INFO    |test_orquestracao_rpa3:test_ext_sai_e_env_nao:453 - [STEP] Iniciando: GeracaoAgiController.gerar_artefatos
2026-08-13 13:38:37.660 | INFO    |comum.utils.decoradores:wrapper:22 - [RPA 3] 1 operadora(s) em 202507: CLARO.
2026-08-13 13:38:37.660 | INFO    |comum.dados.repositorio_cache:obter_tabela:214 - Carregando tabela [tbl_detraf_mapeamento_descritores]
2026-08-13 13:38:37.665 | INFO    |comum.dados.repositorio_cache:obter_tabela:214 - Tabela [tbl_detraf_mapeamento_descritores] carregada | Linhas: 25 | Colunas: 5
2026-08-13 13:38:37.673 | INFO    |src.controllers.geracao_agi_controller:_gerar_para_operadora:558 - [STEP] Iniciando: consolidar_detrafs_operadora
2026-08-13 13:38:37.675 | INFO    |src.services.consolidacao_contestacao:consolidar_detrafs_operadora:174 - [Consolidação] 1 arquivo(s) encontrado(s) em [C:\Users\Btime Soluções\AppData\Local\Temp\pytest-of-Btime Soluções\pytest-18\test_ext_sai_e_env_nao0\Operadoras\CLARO\2025\202507\Detrafs Recebidos].
2026-08-13 13:38:37.680 | INFO    |src.services.consolidacao_contestacao:consolidar_detrafs_operadora:177 - [Consolidação] [DETRAF_D_CLARO_202507.csv]: 1 linha(s) -> 1 após remover totais.
2026-08-13 13:38:37.681 | INFO    |src.services.consolidacao_contestacao:consolidar_detrafs_operadora:177 - [Consolidação] Consolidado: 1 linha(s) de 1 arquivo(s).
2026-08-13 13:38:37.682 | INFO    |src.controllers.geracao_agi_controller:_gerar_para_operadora:558 - [STEP] Finalizando: consolidar_detrafs_operadora | Tempo gasto: 0.01s
2026-08-13 13:38:37.682 | INFO    |src.controllers.geracao_agi_controller:_gerar_para_operadora:574 - [STEP] Iniciando: consolidar_expectativa_vivo
2026-08-13 13:38:37.683 | WARNING |src.services.consolidacao_contestacao:consolidar_expectativa_vivo:207 - Pasta de Detrafs inexistente: [C:\Users\Btime Soluções\AppData\Local\Temp\pytest-of-Btime Soluções\pytest-18\test_ext_sai_e_env_nao0\Operadoras\CLARO\2025\202507\Detrafs Enviados]
2026-08-13 13:38:37.683 | WARNING |comum.utils.decoradores:wrapper:22 - [Consolidação] Nenhum arquivo de expectativa (_D_) em [C:\Users\Btime Soluções\AppData\Local\Temp\pytest-of-Btime Soluções\pytest-18\test_ext_sai_e_env_nao0\Operadoras\CLARO\2025\202507\Detrafs Enviados].
2026-08-13 13:38:37.684 | INFO    |src.controllers.geracao_agi_controller:_gerar_para_operadora:574 - [STEP] Finalizando: consolidar_expectativa_vivo | Tempo gasto: 0.0s
2026-08-13 13:38:37.684 | WARNING |src.controllers.geracao_agi_controller:_gerar_todos:269 - [RPA 3] CLARO: sem expectativa Vivo em 202507; a comparação sairá com o lado da Vivo zerado.
2026-08-13 13:38:37.685 | INFO    |src.controllers.geracao_agi_controller:_gerar_para_operadora:586 - [STEP] Iniciando: montar_contest
2026-08-13 13:38:37.708 | INFO    |comum.utils.decoradores:wrapper:22 - [Consolidação] Contest: 1 combinação(ões) analisada(s).
2026-08-13 13:38:37.708 | INFO    |src.controllers.geracao_agi_controller:_gerar_para_operadora:586 - [STEP] Finalizando: montar_contest | Tempo gasto: 0.02s
2026-08-13 13:38:37.709 | INFO    |src.controllers.geracao_agi_controller:_gerar_para_operadora:595 - [STEP] Iniciando: GeracaoAgiController.atualizar_despesa_contestacao
2026-08-13 13:38:37.709 | INFO    |src.controllers.geracao_agi_controller:atualizar_despesa_contestacao:1066 - [STEP] Iniciando: preparar_atualizacoes_despesa_contestacao
2026-08-13 13:38:37.712 | INFO    |comum.dados.repositorio_cache:obter_tabela:214 - Carregando tabela [tbl_rpa_log_detraf_despesa_contestacao]
2026-08-13 13:38:37.717 | INFO    |comum.dados.repositorio_cache:obter_tabela:214 - Tabela [tbl_rpa_log_detraf_despesa_contestacao] carregada | Linhas: 2 | Colunas: 19
2026-08-13 13:38:37.728 | INFO    |comum.utils.decoradores:wrapper:22 - [HU-19 Despesa Contestação] 1 atualização(ões) preparada(s).
2026-08-13 13:38:37.729 | INFO    |src.controllers.geracao_agi_controller:atualizar_despesa_contestacao:1066 - [STEP] Finalizando: preparar_atualizacoes_despesa_contestacao | Tempo gasto: 0.02s
2026-08-13 13:38:37.730 | WARNING |comum.dados.repositorio_tabelas:atualizar_despesa_contestacao:1019 - [HU-19 Despesa Contestação] A tabela 'tbl_rpa_log_detraf_despesa_contestacao' não tem a(s) coluna(s) vb_contestacao — NÃO gravada(s). As demais seguem normalmente. Um ALTER TABLE resolve; ver pendencias-para-o-cliente.md (Q24).
2026-08-13 13:38:37.764 | INFO    |comum.dados.repositorio_tabelas:_atualizar_contestacao_em_lote:976 - 1 linha(s) atualizada(s) em [tbl_rpa_log_detraf_despesa_contestacao].
2026-08-13 13:38:37.765 | INFO    |comum.dados.repositorio_cache:recarregar_cache_local:375 - Carregando tabela [tbl_rpa_log_detraf_despesa_contestacao]
2026-08-13 13:38:37.770 | INFO    |comum.dados.repositorio_cache:recarregar_cache_local:375 - Tabela [tbl_rpa_log_detraf_despesa_contestacao] carregada | Linhas: 2 | Colunas: 19
2026-08-13 13:38:37.771 | INFO    |comum.dados.repositorio_tabelas:atualizar_despesa_contestacao:1019 - [HU-19 Despesa Contestação] 1 linha(s) atualizada(s), 0 chave(s) ausente(s).
2026-08-13 13:38:37.771 | INFO    |src.controllers.geracao_agi_controller:_gerar_para_operadora:595 - [STEP] Finalizando: GeracaoAgiController.atualizar_despesa_contestacao | Tempo gasto: 0.06s
2026-08-13 13:38:37.772 | INFO    |src.controllers.geracao_agi_controller:_gerar_ext:633 - [STEP] Iniciando: montar_linhas_ext
2026-08-13 13:38:37.788 | INFO    |comum.utils.decoradores:wrapper:22 - [HU-12 EXT] 1 linha(s) montada(s).
2026-08-13 13:38:37.789 | INFO    |src.controllers.geracao_agi_controller:_gerar_ext:633 - [STEP] Finalizando: montar_linhas_ext | Tempo gasto: 0.02s
2026-08-13 13:38:37.789 | INFO    |src.controllers.geracao_agi_controller:_gerar_ext:639 - [STEP] Iniciando: gerar_arquivo_ext
2026-08-13 13:38:37.813 | INFO    |comum.utils.decoradores:wrapper:22 - [HU-12 EXT] Arquivo gravado em [C:\Users\Btime Soluções\AppData\Local\Temp\pytest-of-Btime Soluções\pytest-18\test_ext_sai_e_env_nao0\Operadoras\CLARO\2025\202507\AGI\DE_AGI_D_202507_TBRA_X_CLARO_EXT.xlsx].
2026-08-13 13:38:37.813 | INFO    |src.controllers.geracao_agi_controller:_gerar_ext:639 - [STEP] Finalizando: gerar_arquivo_ext | Tempo gasto: 0.02s
2026-08-13 13:38:37.814 | WARNING |src.controllers.geracao_agi_controller:_gerar_para_operadora:606 - [RPA 3] CLARO: sem expectativa Vivo — _EXP e carta não serão gerados. Confira a pasta 'Detrafs Enviados' da operadora.
2026-08-13 13:38:37.814 | INFO    |src.controllers.geracao_agi_controller:_gerar_para_operadora:617 - [STEP] Iniciando: GeracaoAgiController.gerar_cont_proc
2026-08-13 13:38:37.815 | INFO    |src.controllers.geracao_agi_controller:gerar_cont_proc:1030 - [STEP] Iniciando: montar_linhas_cont_proc
2026-08-13 13:38:37.815 | INFO    |src.services.geracao_cont_proc:montar_linhas_cont_proc:224 - [STEP] Iniciando: selecionar_linhas_contestadas
2026-08-13 13:38:37.824 | INFO    |comum.utils.decoradores:wrapper:22 - [HU-16 CONT_PROC] 1 linha(s) contestada(s).
2026-08-13 13:38:37.825 | INFO    |src.services.geracao_cont_proc:montar_linhas_cont_proc:224 - [STEP] Finalizando: selecionar_linhas_contestadas | Tempo gasto: 0.01s
2026-08-13 13:38:37.829 | INFO    |comum.utils.decoradores:wrapper:22 - [HU-16 CONT_PROC] 1 linha(s) montada(s) (T-100+T-101 completos).
2026-08-13 13:38:37.830 | INFO    |src.controllers.geracao_agi_controller:gerar_cont_proc:1030 - [STEP] Finalizando: montar_linhas_cont_proc | Tempo gasto: 0.02s
2026-08-13 13:38:37.830 | INFO    |src.controllers.geracao_agi_controller:gerar_cont_proc:1036 - [STEP] Iniciando: gerar_arquivo_cont_proc
2026-08-13 13:38:37.848 | INFO    |comum.utils.decoradores:wrapper:22 - [HU-16 CONT_PROC] Arquivo gravado em [C:\Users\Btime Soluções\AppData\Local\Temp\pytest-of-Btime Soluções\pytest-18\test_ext_sai_e_env_nao0\Operadoras\CLARO\2025\202507\AGI\CONT_PROC_MASCARA_CLARO_202507.xlsx].
2026-08-13 13:38:37.849 | INFO    |src.controllers.geracao_agi_controller:gerar_cont_proc:1036 - [STEP] Finalizando: gerar_arquivo_cont_proc | Tempo gasto: 0.02s
2026-08-13 13:38:37.850 | INFO    |src.controllers.geracao_agi_controller:gerar_cont_proc:1046 - [STEP] Iniciando: selecionar_linhas_contestadas
2026-08-13 13:38:37.859 | INFO    |comum.utils.decoradores:wrapper:22 - [HU-16 CONT_PROC] 1 linha(s) contestada(s).
2026-08-13 13:38:37.860 | INFO    |src.controllers.geracao_agi_controller:gerar_cont_proc:1046 - [STEP] Finalizando: selecionar_linhas_contestadas | Tempo gasto: 0.01s
2026-08-13 13:38:37.871 | INFO    |comum.dados.repositorio_tabelas:_atualizar_contestacao_em_lote:976 - 1 linha(s) atualizada(s) em [tbl_rpa_log_detraf_despesa_contestacao].
2026-08-13 13:38:37.871 | INFO    |comum.dados.repositorio_cache:recarregar_cache_local:375 - Carregando tabela [tbl_rpa_log_detraf_despesa_contestacao]
2026-08-13 13:38:37.875 | INFO    |comum.dados.repositorio_cache:recarregar_cache_local:375 - Tabela [tbl_rpa_log_detraf_despesa_contestacao] carregada | Linhas: 2 | Colunas: 19
2026-08-13 13:38:37.875 | INFO    |comum.dados.repositorio_tabelas:atualizar_tipo_contestacao:1046 - [HU-16 Writeback tipo_contestacao] 1 linha(s) atualizada(s), 0 chave(s) ausente(s).
2026-08-13 13:38:37.876 | INFO    |src.controllers.geracao_agi_controller:_gerar_para_operadora:617 - [STEP] Finalizando: GeracaoAgiController.gerar_cont_proc | Tempo gasto: 0.06s
2026-08-13 13:38:37.876 | INFO    |src.controllers.geracao_agi_controller:_pausar_apos_artefatos:530 - [RPA 3 — etapa 1/4: artefatos] 1 operadora(s) em 202507:
2026-08-13 13:38:37.877 | INFO    |src.controllers.geracao_agi_controller:_pausar_apos_artefatos:530 - [RPA 3 — etapa 1/4: artefatos]   CLARO                EXT · CONT_PROC
2026-08-13 13:38:37.878 | INFO    |src.controllers.geracao_agi_controller:_pausar_apos_artefatos:530 - [RPA 3 — etapa 1/4: artefatos]                        pulado: sem expectativa Vivo
2026-08-13 13:38:37.879 | INFO    |src.controllers.geracao_agi_controller:_pausar_apos_artefatos:530 - [RPA 3 — etapa 1/4: artefatos]                        pulado: _EXP e carta sem expectativa Vivo
2026-08-13 13:38:37.879 | INFO    |src.controllers.geracao_agi_controller:_pausar_apos_artefatos:530 - [RPA 3 — etapa 1/4: artefatos] Pasta: C:\Users\Btime Soluções\AppData\Local\Temp\pytest-of-Btime Soluções\pytest-18\test_ext_sai_e_env_nao0\Operadoras
2026-08-13 13:38:37.880 | INFO    |src.controllers.geracao_agi_controller:_pausar_apos_artefatos:530 - [RPA 3 — etapa 1/4: artefatos] ────────────────────────────────────────────────────────────
2026-08-13 13:38:37.880 | INFO    |src.controllers.geracao_agi_controller:_pausar_apos_artefatos:530 - [RPA 3 — etapa 1/4: artefatos] PRÓXIMA ETAPA: carga no AGI (HU-17/HU-18) — ESCREVE NO AGI
2026-08-13 13:38:37.881 | INFO    |src.controllers.geracao_agi_controller:gerar_artefatos:332 - [RPA 3 — etapa 2/4: carga no AGI] 1 operadora(s) na lista de carga.
2026-08-13 13:38:37.881 | INFO    |src.controllers.geracao_agi_controller:gerar_artefatos:332 - [RPA 3 — etapa 2/4: carga no AGI] Upload no AGI: desligado — nada foi enviado, só registrado no log.
2026-08-13 13:38:37.882 | INFO    |src.controllers.geracao_agi_controller:gerar_artefatos:332 - [RPA 3 — etapa 2/4: carga no AGI] Confira no AGI se a carga entrou, e o campo `carga_agi` na tabela de contestação.
2026-08-13 13:38:37.882 | INFO    |src.controllers.geracao_agi_controller:gerar_artefatos:332 - [RPA 3 — etapa 2/4: carga no AGI] ────────────────────────────────────────────────────────────
2026-08-13 13:38:37.883 | INFO    |src.controllers.geracao_agi_controller:gerar_artefatos:332 - [RPA 3 — etapa 2/4: carga no AGI] PRÓXIMA ETAPA: e-mail de contestação à operadora (HU-15) — SAI DA EMPRESA
2026-08-13 13:38:37.884 | INFO    |src.controllers.geracao_agi_controller:gerar_artefatos:368 - [RPA 3 — etapa 3/4: e-mail de contestação] Envio de e-mail: desligado — o e-mail foi montado e registrado, não enviado.
2026-08-13 13:38:37.884 | INFO    |src.controllers.geracao_agi_controller:gerar_artefatos:368 - [RPA 3 — etapa 3/4: e-mail de contestação] Contatos: não configurados (pendência Q16) — nada é enviado
2026-08-13 13:38:37.884 | INFO    |src.controllers.geracao_agi_controller:gerar_artefatos:368 - [RPA 3 — etapa 3/4: e-mail de contestação] ────────────────────────────────────────────────────────────
2026-08-13 13:38:37.885 | INFO    |src.controllers.geracao_agi_controller:gerar_artefatos:368 - [RPA 3 — etapa 3/4: e-mail de contestação] PRÓXIMA ETAPA: conferência do relatório contra o EC (HU-20)
2026-08-13 13:38:37.886 | INFO    |src.controllers.geracao_agi_controller:_verificar_relatorio:895 - [STEP] Iniciando: VerificacaoRelatorio.executar
2026-08-13 13:38:37.886 | INFO    |comum.utils.decoradores:wrapper:22 - [MODO SEGURO] PERMITIR_ACESSO_AGI=false — o AGI não será aberto. A verificação usa o relatório já em [C:\projetos\MVP2\MVP2\MVP2\DETRAF-UNIFICADO\unificado\logs\relatorio_agi\remessa_baixada.csv].
2026-08-13 13:38:37.887 | INFO    |src.controllers.geracao_agi_controller:_verificar_relatorio:895 - [STEP] Finalizando: VerificacaoRelatorio.executar | Tempo gasto: 0.0s
2026-08-13 13:38:37.887 | WARNING |src.controllers.geracao_agi_controller:gerar_artefatos:398 - [RPA 3] HU-20 não executada: Relatório do AGI não encontrado em [C:\projetos\MVP2\MVP2\MVP2\DETRAF-UNIFICADO\unificado\logs\relatorio_agi\remessa_baixada.csv]. Com PERMITIR_ACESSO_AGI desligado, é preciso baixá-lo antes.
2026-08-13 13:38:37.888 | INFO    |src.controllers.geracao_agi_controller:gerar_artefatos:402 - [RPA 3 — etapa 4/4: conferência do relatório] A conferência compara o relatório do AGI com o Encontro de Contas do banco.
2026-08-13 13:38:37.888 | INFO    |src.controllers.geracao_agi_controller:gerar_artefatos:402 - [RPA 3 — etapa 4/4: conferência do relatório] A planilha de inconsistências só é gravada quando há divergência — nenhum arquivo significa nenhuma divergência.
2026-08-13 13:38:37.889 | INFO    |src.controllers.geracao_agi_controller:gerar_artefatos:402 - [RPA 3 — etapa 4/4: conferência do relatório] Pasta: C:\projetos\MVP2\MVP2\MVP2\DETRAF-UNIFICADO\unificado\logs\inconsistencias
2026-08-13 13:38:37.889 | INFO    |src.controllers.geracao_agi_controller:gerar_artefatos:402 - [RPA 3 — etapa 4/4: conferência do relatório] ────────────────────────────────────────────────────────────
2026-08-13 13:38:37.890 | INFO    |src.controllers.geracao_agi_controller:gerar_artefatos:402 - [RPA 3 — etapa 4/4: conferência do relatório] Esta é a última etapa da execução.
2026-08-13 13:38:37.890 | INFO    |src.controllers.geracao_agi_controller:gerar_artefatos:415 - [RPA 3] Resumo de 202507 — 1 operadora(s): EXT 1, INT 0, _EXP 0, carta 0, CONT_PROC 1.
2026-08-13 13:38:37.891 | INFO    |src.controllers.geracao_agi_controller:gerar_artefatos:415 - [RPA 3]   CLARO: sem expectativa Vivo; _EXP e carta sem expectativa Vivo.
2026-08-13 13:38:37.891 | WARNING |src.controllers.geracao_agi_controller:gerar_artefatos:415 - [RPA 3] HU-15 sem destinatários: a tabela de contatos do WebFat continua sem resposta do cliente (pendência Q16). A ponte é apontar CAMINHO_CONTATOS_OPERADORAS para um CSV `operadora;emails`.
2026-08-13 13:38:37.895 | INFO    |src.controllers.geracao_agi_controller:_gravar_relatorio:956 - [Relatório] Resumo da execução em [C:\projetos\MVP2\MVP2\MVP2\DETRAF-UNIFICADO\unificado\logs\DESKTOP-64TNDKM\rpa3_contestacao_agi_ec\execucoes\2026-08-13_13-38-37.md].
2026-08-13 13:38:37.896 | INFO    |test_orquestracao_rpa3:test_ext_sai_e_env_nao:453 - [STEP] Finalizando: GeracaoAgiController.gerar_artefatos | Tempo gasto: 0.24s
2026-08-13 13:38:37.906 | INFO    |comum.dados.repositorio_cache:__init__:77 - Inicializando conexão com o banco no ambiente [dev]
2026-08-13 13:38:37.907 | INFO    |comum.dados.repositorio_cache:__init__:77 - Utilizando SQLite local [C:\Users\BTIMES~1\AppData\Local\Temp\detraf_epico4_teste_9l21xs1s\TABELAS_DETRAF_TESTE.db]
2026-08-13 13:38:37.920 | INFO    |test_orquestracao_rpa3:test_a_ausencia_e_nomeada_no_resultado:465 - [STEP] Iniciando: GeracaoAgiController.gerar_artefatos
2026-08-13 13:38:37.922 | INFO    |comum.utils.decoradores:wrapper:22 - [RPA 3] 1 operadora(s) em 202507: CLARO.
2026-08-13 13:38:37.922 | INFO    |comum.dados.repositorio_cache:obter_tabela:214 - Carregando tabela [tbl_detraf_mapeamento_descritores]
2026-08-13 13:38:37.926 | INFO    |comum.dados.repositorio_cache:obter_tabela:214 - Tabela [tbl_detraf_mapeamento_descritores] carregada | Linhas: 25 | Colunas: 5
2026-08-13 13:38:37.934 | INFO    |src.controllers.geracao_agi_controller:_gerar_para_operadora:558 - [STEP] Iniciando: consolidar_detrafs_operadora
2026-08-13 13:38:37.935 | INFO    |src.services.consolidacao_contestacao:consolidar_detrafs_operadora:174 - [Consolidação] 1 arquivo(s) encontrado(s) em [C:\Users\Btime Soluções\AppData\Local\Temp\pytest-of-Btime Soluções\pytest-18\test_a_ausencia_e_nomeada_no_r0\Operadoras\CLARO\2025\202507\Detrafs Recebidos].
2026-08-13 13:38:37.940 | INFO    |src.services.consolidacao_contestacao:consolidar_detrafs_operadora:177 - [Consolidação] [DETRAF_D_CLARO_202507.csv]: 1 linha(s) -> 1 após remover totais.
2026-08-13 13:38:37.941 | INFO    |src.services.consolidacao_contestacao:consolidar_detrafs_operadora:177 - [Consolidação] Consolidado: 1 linha(s) de 1 arquivo(s).
2026-08-13 13:38:37.941 | INFO    |src.controllers.geracao_agi_controller:_gerar_para_operadora:558 - [STEP] Finalizando: consolidar_detrafs_operadora | Tempo gasto: 0.01s
2026-08-13 13:38:37.942 | INFO    |src.controllers.geracao_agi_controller:_gerar_para_operadora:574 - [STEP] Iniciando: consolidar_expectativa_vivo
2026-08-13 13:38:37.942 | WARNING |src.services.consolidacao_contestacao:consolidar_expectativa_vivo:207 - Pasta de Detrafs inexistente: [C:\Users\Btime Soluções\AppData\Local\Temp\pytest-of-Btime Soluções\pytest-18\test_a_ausencia_e_nomeada_no_r0\Operadoras\CLARO\2025\202507\Detrafs Enviados]
2026-08-13 13:38:37.943 | WARNING |comum.utils.decoradores:wrapper:22 - [Consolidação] Nenhum arquivo de expectativa (_D_) em [C:\Users\Btime Soluções\AppData\Local\Temp\pytest-of-Btime Soluções\pytest-18\test_a_ausencia_e_nomeada_no_r0\Operadoras\CLARO\2025\202507\Detrafs Enviados].
2026-08-13 13:38:37.944 | INFO    |src.controllers.geracao_agi_controller:_gerar_para_operadora:574 - [STEP] Finalizando: consolidar_expectativa_vivo | Tempo gasto: 0.0s
2026-08-13 13:38:37.945 | WARNING |src.controllers.geracao_agi_controller:_gerar_todos:269 - [RPA 3] CLARO: sem expectativa Vivo em 202507; a comparação sairá com o lado da Vivo zerado.
2026-08-13 13:38:37.946 | INFO    |src.controllers.geracao_agi_controller:_gerar_para_operadora:586 - [STEP] Iniciando: montar_contest
2026-08-13 13:38:37.972 | INFO    |comum.utils.decoradores:wrapper:22 - [Consolidação] Contest: 1 combinação(ões) analisada(s).
2026-08-13 13:38:37.973 | INFO    |src.controllers.geracao_agi_controller:_gerar_para_operadora:586 - [STEP] Finalizando: montar_contest | Tempo gasto: 0.03s
2026-08-13 13:38:37.974 | INFO    |src.controllers.geracao_agi_controller:_gerar_para_operadora:595 - [STEP] Iniciando: GeracaoAgiController.atualizar_despesa_contestacao
2026-08-13 13:38:37.974 | INFO    |src.controllers.geracao_agi_controller:atualizar_despesa_contestacao:1066 - [STEP] Iniciando: preparar_atualizacoes_despesa_contestacao
2026-08-13 13:38:37.975 | INFO    |comum.dados.repositorio_cache:obter_tabela:214 - Carregando tabela [tbl_rpa_log_detraf_despesa_contestacao]
2026-08-13 13:38:37.980 | INFO    |comum.dados.repositorio_cache:obter_tabela:214 - Tabela [tbl_rpa_log_detraf_despesa_contestacao] carregada | Linhas: 2 | Colunas: 19
2026-08-13 13:38:37.989 | INFO    |comum.utils.decoradores:wrapper:22 - [HU-19 Despesa Contestação] 1 atualização(ões) preparada(s).
2026-08-13 13:38:37.989 | INFO    |src.controllers.geracao_agi_controller:atualizar_despesa_contestacao:1066 - [STEP] Finalizando: preparar_atualizacoes_despesa_contestacao | Tempo gasto: 0.02s
2026-08-13 13:38:37.990 | WARNING |comum.dados.repositorio_tabelas:atualizar_despesa_contestacao:1019 - [HU-19 Despesa Contestação] A tabela 'tbl_rpa_log_detraf_despesa_contestacao' não tem a(s) coluna(s) vb_contestacao — NÃO gravada(s). As demais seguem normalmente. Um ALTER TABLE resolve; ver pendencias-para-o-cliente.md (Q24).
2026-08-13 13:38:38.024 | INFO    |comum.dados.repositorio_tabelas:_atualizar_contestacao_em_lote:976 - 1 linha(s) atualizada(s) em [tbl_rpa_log_detraf_despesa_contestacao].
2026-08-13 13:38:38.025 | INFO    |comum.dados.repositorio_cache:recarregar_cache_local:375 - Carregando tabela [tbl_rpa_log_detraf_despesa_contestacao]
2026-08-13 13:38:38.030 | INFO    |comum.dados.repositorio_cache:recarregar_cache_local:375 - Tabela [tbl_rpa_log_detraf_despesa_contestacao] carregada | Linhas: 2 | Colunas: 19
2026-08-13 13:38:38.031 | INFO    |comum.dados.repositorio_tabelas:atualizar_despesa_contestacao:1019 - [HU-19 Despesa Contestação] 1 linha(s) atualizada(s), 0 chave(s) ausente(s).
2026-08-13 13:38:38.032 | INFO    |src.controllers.geracao_agi_controller:_gerar_para_operadora:595 - [STEP] Finalizando: GeracaoAgiController.atualizar_despesa_contestacao | Tempo gasto: 0.06s
2026-08-13 13:38:38.032 | INFO    |src.controllers.geracao_agi_controller:_gerar_ext:633 - [STEP] Iniciando: montar_linhas_ext
2026-08-13 13:38:38.049 | INFO    |comum.utils.decoradores:wrapper:22 - [HU-12 EXT] 1 linha(s) montada(s).
2026-08-13 13:38:38.050 | INFO    |src.controllers.geracao_agi_controller:_gerar_ext:633 - [STEP] Finalizando: montar_linhas_ext | Tempo gasto: 0.02s
2026-08-13 13:38:38.050 | INFO    |src.controllers.geracao_agi_controller:_gerar_ext:639 - [STEP] Iniciando: gerar_arquivo_ext
2026-08-13 13:38:38.069 | INFO    |comum.utils.decoradores:wrapper:22 - [HU-12 EXT] Arquivo gravado em [C:\Users\Btime Soluções\AppData\Local\Temp\pytest-of-Btime Soluções\pytest-18\test_a_ausencia_e_nomeada_no_r0\Operadoras\CLARO\2025\202507\AGI\DE_AGI_D_202507_TBRA_X_CLARO_EXT.xlsx].
2026-08-13 13:38:38.070 | INFO    |src.controllers.geracao_agi_controller:_gerar_ext:639 - [STEP] Finalizando: gerar_arquivo_ext | Tempo gasto: 0.02s
2026-08-13 13:38:38.070 | WARNING |src.controllers.geracao_agi_controller:_gerar_para_operadora:606 - [RPA 3] CLARO: sem expectativa Vivo — _EXP e carta não serão gerados. Confira a pasta 'Detrafs Enviados' da operadora.
2026-08-13 13:38:38.071 | INFO    |src.controllers.geracao_agi_controller:_gerar_para_operadora:617 - [STEP] Iniciando: GeracaoAgiController.gerar_cont_proc
2026-08-13 13:38:38.071 | INFO    |src.controllers.geracao_agi_controller:gerar_cont_proc:1030 - [STEP] Iniciando: montar_linhas_cont_proc
2026-08-13 13:38:38.072 | INFO    |src.services.geracao_cont_proc:montar_linhas_cont_proc:224 - [STEP] Iniciando: selecionar_linhas_contestadas
2026-08-13 13:38:38.084 | INFO    |comum.utils.decoradores:wrapper:22 - [HU-16 CONT_PROC] 1 linha(s) contestada(s).
2026-08-13 13:38:38.085 | INFO    |src.services.geracao_cont_proc:montar_linhas_cont_proc:224 - [STEP] Finalizando: selecionar_linhas_contestadas | Tempo gasto: 0.01s
2026-08-13 13:38:38.089 | INFO    |comum.utils.decoradores:wrapper:22 - [HU-16 CONT_PROC] 1 linha(s) montada(s) (T-100+T-101 completos).
2026-08-13 13:38:38.090 | INFO    |src.controllers.geracao_agi_controller:gerar_cont_proc:1030 - [STEP] Finalizando: montar_linhas_cont_proc | Tempo gasto: 0.02s
2026-08-13 13:38:38.091 | INFO    |src.controllers.geracao_agi_controller:gerar_cont_proc:1036 - [STEP] Iniciando: gerar_arquivo_cont_proc
2026-08-13 13:38:38.113 | INFO    |comum.utils.decoradores:wrapper:22 - [HU-16 CONT_PROC] Arquivo gravado em [C:\Users\Btime Soluções\AppData\Local\Temp\pytest-of-Btime Soluções\pytest-18\test_a_ausencia_e_nomeada_no_r0\Operadoras\CLARO\2025\202507\AGI\CONT_PROC_MASCARA_CLARO_202507.xlsx].
2026-08-13 13:38:38.114 | INFO    |src.controllers.geracao_agi_controller:gerar_cont_proc:1036 - [STEP] Finalizando: gerar_arquivo_cont_proc | Tempo gasto: 0.02s
2026-08-13 13:38:38.114 | INFO    |src.controllers.geracao_agi_controller:gerar_cont_proc:1046 - [STEP] Iniciando: selecionar_linhas_contestadas
2026-08-13 13:38:38.123 | INFO    |comum.utils.decoradores:wrapper:22 - [HU-16 CONT_PROC] 1 linha(s) contestada(s).
2026-08-13 13:38:38.124 | INFO    |src.controllers.geracao_agi_controller:gerar_cont_proc:1046 - [STEP] Finalizando: selecionar_linhas_contestadas | Tempo gasto: 0.01s
2026-08-13 13:38:38.133 | INFO    |comum.dados.repositorio_tabelas:_atualizar_contestacao_em_lote:976 - 1 linha(s) atualizada(s) em [tbl_rpa_log_detraf_despesa_contestacao].
2026-08-13 13:38:38.134 | INFO    |comum.dados.repositorio_cache:recarregar_cache_local:375 - Carregando tabela [tbl_rpa_log_detraf_despesa_contestacao]
2026-08-13 13:38:38.138 | INFO    |comum.dados.repositorio_cache:recarregar_cache_local:375 - Tabela [tbl_rpa_log_detraf_despesa_contestacao] carregada | Linhas: 2 | Colunas: 19
2026-08-13 13:38:38.138 | INFO    |comum.dados.repositorio_tabelas:atualizar_tipo_contestacao:1046 - [HU-16 Writeback tipo_contestacao] 1 linha(s) atualizada(s), 0 chave(s) ausente(s).
2026-08-13 13:38:38.139 | INFO    |src.controllers.geracao_agi_controller:_gerar_para_operadora:617 - [STEP] Finalizando: GeracaoAgiController.gerar_cont_proc | Tempo gasto: 0.07s
2026-08-13 13:38:38.140 | INFO    |src.controllers.geracao_agi_controller:_pausar_apos_artefatos:530 - [RPA 3 — etapa 1/4: artefatos] 1 operadora(s) em 202507:
2026-08-13 13:38:38.140 | INFO    |src.controllers.geracao_agi_controller:_pausar_apos_artefatos:530 - [RPA 3 — etapa 1/4: artefatos]   CLARO                EXT · CONT_PROC
2026-08-13 13:38:38.141 | INFO    |src.controllers.geracao_agi_controller:_pausar_apos_artefatos:530 - [RPA 3 — etapa 1/4: artefatos]                        pulado: sem expectativa Vivo
2026-08-13 13:38:38.141 | INFO    |src.controllers.geracao_agi_controller:_pausar_apos_artefatos:530 - [RPA 3 — etapa 1/4: artefatos]                        pulado: _EXP e carta sem expectativa Vivo
2026-08-13 13:38:38.141 | INFO    |src.controllers.geracao_agi_controller:_pausar_apos_artefatos:530 - [RPA 3 — etapa 1/4: artefatos] Pasta: C:\Users\Btime Soluções\AppData\Local\Temp\pytest-of-Btime Soluções\pytest-18\test_a_ausencia_e_nomeada_no_r0\Operadoras
2026-08-13 13:38:38.142 | INFO    |src.controllers.geracao_agi_controller:_pausar_apos_artefatos:530 - [RPA 3 — etapa 1/4: artefatos] ────────────────────────────────────────────────────────────
2026-08-13 13:38:38.142 | INFO    |src.controllers.geracao_agi_controller:_pausar_apos_artefatos:530 - [RPA 3 — etapa 1/4: artefatos] PRÓXIMA ETAPA: carga no AGI (HU-17/HU-18) — ESCREVE NO AGI
2026-08-13 13:38:38.144 | INFO    |src.controllers.geracao_agi_controller:gerar_artefatos:332 - [RPA 3 — etapa 2/4: carga no AGI] 1 operadora(s) na lista de carga.
2026-08-13 13:38:38.145 | INFO    |src.controllers.geracao_agi_controller:gerar_artefatos:332 - [RPA 3 — etapa 2/4: carga no AGI] Upload no AGI: desligado — nada foi enviado, só registrado no log.
2026-08-13 13:38:38.146 | INFO    |src.controllers.geracao_agi_controller:gerar_artefatos:332 - [RPA 3 — etapa 2/4: carga no AGI] Confira no AGI se a carga entrou, e o campo `carga_agi` na tabela de contestação.
2026-08-13 13:38:38.146 | INFO    |src.controllers.geracao_agi_controller:gerar_artefatos:332 - [RPA 3 — etapa 2/4: carga no AGI] ────────────────────────────────────────────────────────────
2026-08-13 13:38:38.146 | INFO    |src.controllers.geracao_agi_controller:gerar_artefatos:332 - [RPA 3 — etapa 2/4: carga no AGI] PRÓXIMA ETAPA: e-mail de contestação à operadora (HU-15) — SAI DA EMPRESA
2026-08-13 13:38:38.147 | INFO    |src.controllers.geracao_agi_controller:gerar_artefatos:368 - [RPA 3 — etapa 3/4: e-mail de contestação] Envio de e-mail: desligado — o e-mail foi montado e registrado, não enviado.
2026-08-13 13:38:38.147 | INFO    |src.controllers.geracao_agi_controller:gerar_artefatos:368 - [RPA 3 — etapa 3/4: e-mail de contestação] Contatos: não configurados (pendência Q16) — nada é enviado
2026-08-13 13:38:38.148 | INFO    |src.controllers.geracao_agi_controller:gerar_artefatos:368 - [RPA 3 — etapa 3/4: e-mail de contestação] ────────────────────────────────────────────────────────────
2026-08-13 13:38:38.148 | INFO    |src.controllers.geracao_agi_controller:gerar_artefatos:368 - [RPA 3 — etapa 3/4: e-mail de contestação] PRÓXIMA ETAPA: conferência do relatório contra o EC (HU-20)
2026-08-13 13:38:38.148 | INFO    |src.controllers.geracao_agi_controller:_verificar_relatorio:895 - [STEP] Iniciando: VerificacaoRelatorio.executar
2026-08-13 13:38:38.148 | INFO    |comum.utils.decoradores:wrapper:22 - [MODO SEGURO] PERMITIR_ACESSO_AGI=false — o AGI não será aberto. A verificação usa o relatório já em [C:\projetos\MVP2\MVP2\MVP2\DETRAF-UNIFICADO\unificado\logs\relatorio_agi\remessa_baixada.csv].
2026-08-13 13:38:38.149 | INFO    |src.controllers.geracao_agi_controller:_verificar_relatorio:895 - [STEP] Finalizando: VerificacaoRelatorio.executar | Tempo gasto: 0.0s
2026-08-13 13:38:38.149 | WARNING |src.controllers.geracao_agi_controller:gerar_artefatos:398 - [RPA 3] HU-20 não executada: Relatório do AGI não encontrado em [C:\projetos\MVP2\MVP2\MVP2\DETRAF-UNIFICADO\unificado\logs\relatorio_agi\remessa_baixada.csv]. Com PERMITIR_ACESSO_AGI desligado, é preciso baixá-lo antes.
2026-08-13 13:38:38.149 | INFO    |src.controllers.geracao_agi_controller:gerar_artefatos:402 - [RPA 3 — etapa 4/4: conferência do relatório] A conferência compara o relatório do AGI com o Encontro de Contas do banco.
2026-08-13 13:38:38.150 | INFO    |src.controllers.geracao_agi_controller:gerar_artefatos:402 - [RPA 3 — etapa 4/4: conferência do relatório] A planilha de inconsistências só é gravada quando há divergência — nenhum arquivo significa nenhuma divergência.
2026-08-13 13:38:38.150 | INFO    |src.controllers.geracao_agi_controller:gerar_artefatos:402 - [RPA 3 — etapa 4/4: conferência do relatório] Pasta: C:\projetos\MVP2\MVP2\MVP2\DETRAF-UNIFICADO\unificado\logs\inconsistencias
2026-08-13 13:38:38.150 | INFO    |src.controllers.geracao_agi_controller:gerar_artefatos:402 - [RPA 3 — etapa 4/4: conferência do relatório] ────────────────────────────────────────────────────────────
2026-08-13 13:38:38.150 | INFO    |src.controllers.geracao_agi_controller:gerar_artefatos:402 - [RPA 3 — etapa 4/4: conferência do relatório] Esta é a última etapa da execução.
2026-08-13 13:38:38.151 | INFO    |src.controllers.geracao_agi_controller:gerar_artefatos:415 - [RPA 3] Resumo de 202507 — 1 operadora(s): EXT 1, INT 0, _EXP 0, carta 0, CONT_PROC 1.
2026-08-13 13:38:38.152 | INFO    |src.controllers.geracao_agi_controller:gerar_artefatos:415 - [RPA 3]   CLARO: sem expectativa Vivo; _EXP e carta sem expectativa Vivo.
2026-08-13 13:38:38.152 | WARNING |src.controllers.geracao_agi_controller:gerar_artefatos:415 - [RPA 3] HU-15 sem destinatários: a tabela de contatos do WebFat continua sem resposta do cliente (pendência Q16). A ponte é apontar CAMINHO_CONTATOS_OPERADORAS para um CSV `operadora;emails`.
2026-08-13 13:38:38.155 | INFO    |src.controllers.geracao_agi_controller:_gravar_relatorio:956 - [Relatório] Resumo da execução em [C:\projetos\MVP2\MVP2\MVP2\DETRAF-UNIFICADO\unificado\logs\DESKTOP-64TNDKM\rpa3_contestacao_agi_ec\execucoes\2026-08-13_13-38-38.md].
2026-08-13 13:38:38.156 | INFO    |test_orquestracao_rpa3:test_a_ausencia_e_nomeada_no_resultado:465 - [STEP] Finalizando: GeracaoAgiController.gerar_artefatos | Tempo gasto: 0.24s
2026-08-13 13:38:38.169 | INFO    |comum.dados.repositorio_cache:__init__:77 - Inicializando conexão com o banco no ambiente [dev]
2026-08-13 13:38:38.169 | INFO    |comum.dados.repositorio_cache:__init__:77 - Utilizando SQLite local [C:\Users\BTIMES~1\AppData\Local\Temp\detraf_epico4_teste_9l21xs1s\TABELAS_DETRAF_TESTE.db]
2026-08-13 13:38:38.185 | INFO    |test_orquestracao_rpa3:test_operadora_com_erro_nao_impede_a_seguinte:494 - [STEP] Iniciando: GeracaoAgiController.gerar_artefatos
2026-08-13 13:38:38.187 | INFO    |comum.utils.decoradores:wrapper:22 - [RPA 3] 2 operadora(s) em 202507: AAA_QUEBRA, BBB_OK.
2026-08-13 13:38:38.188 | INFO    |comum.dados.repositorio_cache:obter_tabela:214 - Carregando tabela [tbl_detraf_mapeamento_descritores]
2026-08-13 13:38:38.192 | INFO    |comum.dados.repositorio_cache:obter_tabela:214 - Tabela [tbl_detraf_mapeamento_descritores] carregada | Linhas: 25 | Colunas: 5
2026-08-13 13:38:38.200 | INFO    |src.controllers.geracao_agi_controller:_gerar_para_operadora:558 - [STEP] Iniciando: consolidar_detrafs_operadora
2026-08-13 13:38:38.202 | INFO    |src.services.consolidacao_contestacao:consolidar_detrafs_operadora:174 - [Consolidação] 1 arquivo(s) encontrado(s) em [C:\Users\Btime Soluções\AppData\Local\Temp\pytest-of-Btime Soluções\pytest-18\test_operadora_com_erro_nao_im0\Operadoras\AAA_QUEBRA\2025\202507\Detrafs Recebidos].
2026-08-13 13:38:38.207 | INFO    |src.services.consolidacao_contestacao:consolidar_detrafs_operadora:177 - [Consolidação] [DETRAF_D_AAA_QUEBRA_202507.csv]: 1 linha(s) -> 1 após remover totais.
2026-08-13 13:38:38.208 | INFO    |src.services.consolidacao_contestacao:consolidar_detrafs_operadora:177 - [Consolidação] Consolidado: 1 linha(s) de 1 arquivo(s).
2026-08-13 13:38:38.209 | INFO    |src.controllers.geracao_agi_controller:_gerar_para_operadora:558 - [STEP] Finalizando: consolidar_detrafs_operadora | Tempo gasto: 0.01s
2026-08-13 13:38:38.209 | INFO    |src.controllers.geracao_agi_controller:_gerar_para_operadora:574 - [STEP] Iniciando: consolidar_expectativa_vivo
2026-08-13 13:38:38.210 | WARNING |src.services.consolidacao_contestacao:consolidar_expectativa_vivo:207 - Pasta de Detrafs inexistente: [C:\Users\Btime Soluções\AppData\Local\Temp\pytest-of-Btime Soluções\pytest-18\test_operadora_com_erro_nao_im0\Operadoras\AAA_QUEBRA\2025\202507\Detrafs Enviados]
2026-08-13 13:38:38.211 | WARNING |comum.utils.decoradores:wrapper:22 - [Consolidação] Nenhum arquivo de expectativa (_D_) em [C:\Users\Btime Soluções\AppData\Local\Temp\pytest-of-Btime Soluções\pytest-18\test_operadora_com_erro_nao_im0\Operadoras\AAA_QUEBRA\2025\202507\Detrafs Enviados].
2026-08-13 13:38:38.213 | INFO    |src.controllers.geracao_agi_controller:_gerar_para_operadora:574 - [STEP] Finalizando: consolidar_expectativa_vivo | Tempo gasto: 0.0s
2026-08-13 13:38:38.213 | WARNING |src.controllers.geracao_agi_controller:_gerar_todos:269 - [RPA 3] AAA_QUEBRA: sem expectativa Vivo em 202507; a comparação sairá com o lado da Vivo zerado.
2026-08-13 13:38:38.214 | INFO    |src.controllers.geracao_agi_controller:_gerar_para_operadora:586 - [STEP] Iniciando: montar_contest
2026-08-13 13:38:38.240 | INFO    |comum.utils.decoradores:wrapper:22 - [Consolidação] Contest: 1 combinação(ões) analisada(s).
2026-08-13 13:38:38.241 | INFO    |src.controllers.geracao_agi_controller:_gerar_para_operadora:586 - [STEP] Finalizando: montar_contest | Tempo gasto: 0.03s
2026-08-13 13:38:38.241 | INFO    |src.controllers.geracao_agi_controller:_gerar_para_operadora:595 - [STEP] Iniciando: GeracaoAgiController.atualizar_despesa_contestacao
2026-08-13 13:38:38.242 | INFO    |src.controllers.geracao_agi_controller:atualizar_despesa_contestacao:1066 - [STEP] Iniciando: preparar_atualizacoes_despesa_contestacao
2026-08-13 13:38:38.244 | INFO    |comum.dados.repositorio_cache:obter_tabela:214 - Carregando tabela [tbl_rpa_log_detraf_despesa_contestacao]
2026-08-13 13:38:38.250 | INFO    |comum.dados.repositorio_cache:obter_tabela:214 - Tabela [tbl_rpa_log_detraf_despesa_contestacao] carregada | Linhas: 2 | Colunas: 19
2026-08-13 13:38:38.261 | INFO    |comum.utils.decoradores:wrapper:22 - [HU-19 Despesa Contestação] 1 atualização(ões) preparada(s).
2026-08-13 13:38:38.261 | INFO    |src.controllers.geracao_agi_controller:atualizar_despesa_contestacao:1066 - [STEP] Finalizando: preparar_atualizacoes_despesa_contestacao | Tempo gasto: 0.02s
2026-08-13 13:38:38.262 | WARNING |comum.dados.repositorio_tabelas:atualizar_despesa_contestacao:1019 - [HU-19 Despesa Contestação] A tabela 'tbl_rpa_log_detraf_despesa_contestacao' não tem a(s) coluna(s) vb_contestacao — NÃO gravada(s). As demais seguem normalmente. Um ALTER TABLE resolve; ver pendencias-para-o-cliente.md (Q24).
2026-08-13 13:38:38.300 | INFO    |comum.dados.repositorio_tabelas:_atualizar_contestacao_em_lote:976 - 1 linha(s) atualizada(s) em [tbl_rpa_log_detraf_despesa_contestacao].
2026-08-13 13:38:38.300 | INFO    |comum.dados.repositorio_cache:recarregar_cache_local:375 - Carregando tabela [tbl_rpa_log_detraf_despesa_contestacao]
2026-08-13 13:38:38.304 | INFO    |comum.dados.repositorio_cache:recarregar_cache_local:375 - Tabela [tbl_rpa_log_detraf_despesa_contestacao] carregada | Linhas: 2 | Colunas: 19
2026-08-13 13:38:38.304 | INFO    |comum.dados.repositorio_tabelas:atualizar_despesa_contestacao:1019 - [HU-19 Despesa Contestação] 1 linha(s) atualizada(s), 0 chave(s) ausente(s).
2026-08-13 13:38:38.305 | INFO    |src.controllers.geracao_agi_controller:_gerar_para_operadora:595 - [STEP] Finalizando: GeracaoAgiController.atualizar_despesa_contestacao | Tempo gasto: 0.06s
2026-08-13 13:38:38.306 | ERROR   |src.controllers.geracao_agi_controller:_gerar_todos:269 - [RPA 3] AAA_QUEBRA: falha ao gerar artefatos: disco cheio
Traceback (most recent call last):
  File "<string>", line 5, in <module>
  File "C:\Users\Btime Soluções\AppData\Local\Programs\Python\Python314\Lib\site-packages\_pytest\config\__init__.py", line 201, in main
    return _main(args=args, plugins=plugins, prog="pytest.main()")
  File "C:\Users\Btime Soluções\AppData\Local\Programs\Python\Python314\Lib\site-packages\_pytest\config\__init__.py", line 229, in _main
    ret: ExitCode | int = config.hook.pytest_cmdline_main(config=config)
  File "C:\Users\Btime Soluções\AppData\Local\Programs\Python\Python314\Lib\site-packages\pluggy\_hooks.py", line 512, in __call__
    return self._hookexec(self.name, self._hookimpls.copy(), kwargs, firstresult)
  File "C:\Users\Btime Soluções\AppData\Local\Programs\Python\Python314\Lib\site-packages\pluggy\_manager.py", line 120, in _hookexec
    return self._inner_hookexec(hook_name, methods, kwargs, firstresult)
  File "C:\Users\Btime Soluções\AppData\Local\Programs\Python\Python314\Lib\site-packages\pluggy\_callers.py", line 121, in _multicall
    res = hook_impl.function(*args)
  File "C:\Users\Btime Soluções\AppData\Local\Programs\Python\Python314\Lib\site-packages\_pytest\main.py", line 377, in pytest_cmdline_main
    return wrap_session(config, _main)
  File "C:\Users\Btime Soluções\AppData\Local\Programs\Python\Python314\Lib\site-packages\_pytest\main.py", line 330, in wrap_session
    session.exitstatus = doit(config, session) or 0
  File "C:\Users\Btime Soluções\AppData\Local\Programs\Python\Python314\Lib\site-packages\_pytest\main.py", line 384, in _main
    config.hook.pytest_runtestloop(session=session)
  File "C:\Users\Btime Soluções\AppData\Local\Programs\Python\Python314\Lib\site-packages\pluggy\_hooks.py", line 512, in __call__
    return self._hookexec(self.name, self._hookimpls.copy(), kwargs, firstresult)
  File "C:\Users\Btime Soluções\AppData\Local\Programs\Python\Python314\Lib\site-packages\pluggy\_manager.py", line 120, in _hookexec
    return self._inner_hookexec(hook_name, methods, kwargs, firstresult)
  File "C:\Users\Btime Soluções\AppData\Local\Programs\Python\Python314\Lib\site-packages\pluggy\_callers.py", line 121, in _multicall
    res = hook_impl.function(*args)
  File "C:\Users\Btime Soluções\AppData\Local\Programs\Python\Python314\Lib\site-packages\_pytest\main.py", line 408, in pytest_runtestloop
    item.config.hook.pytest_runtest_protocol(item=item, nextitem=nextitem)
  File "C:\Users\Btime Soluções\AppData\Local\Programs\Python\Python314\Lib\site-packages\pluggy\_hooks.py", line 512, in __call__
    return self._hookexec(self.name, self._hookimpls.copy(), kwargs, firstresult)
  File "C:\Users\Btime Soluções\AppData\Local\Programs\Python\Python314\Lib\site-packages\pluggy\_manager.py", line 120, in _hookexec
    return self._inner_hookexec(hook_name, methods, kwargs, firstresult)
  File "C:\Users\Btime Soluções\AppData\Local\Programs\Python\Python314\Lib\site-packages\pluggy\_callers.py", line 121, in _multicall
    res = hook_impl.function(*args)
  File "C:\Users\Btime Soluções\AppData\Local\Programs\Python\Python314\Lib\site-packages\_pytest\runner.py", line 118, in pytest_runtest_protocol
    runtestprotocol(item, nextitem=nextitem)
  File "C:\Users\Btime Soluções\AppData\Local\Programs\Python\Python314\Lib\site-packages\_pytest\runner.py", line 139, in runtestprotocol
    reports.append(call_and_report(item, "call", log))
  File "C:\Users\Btime Soluções\AppData\Local\Programs\Python\Python314\Lib\site-packages\_pytest\runner.py", line 249, in call_and_report
    call = CallInfo.from_call(
  File "C:\Users\Btime Soluções\AppData\Local\Programs\Python\Python314\Lib\site-packages\_pytest\runner.py", line 361, in from_call
    result: TResult | None = func()
  File "C:\Users\Btime Soluções\AppData\Local\Programs\Python\Python314\Lib\site-packages\_pytest\runner.py", line 250, in <lambda>
    lambda: runtest_hook(item=item, **kwds),
  File "C:\Users\Btime Soluções\AppData\Local\Programs\Python\Python314\Lib\site-packages\pluggy\_hooks.py", line 512, in __call__
    return self._hookexec(self.name, self._hookimpls.copy(), kwargs, firstresult)
  File "C:\Users\Btime Soluções\AppData\Local\Programs\Python\Python314\Lib\site-packages\pluggy\_manager.py", line 120, in _hookexec
    return self._inner_hookexec(hook_name, methods, kwargs, firstresult)
  File "C:\Users\Btime Soluções\AppData\Local\Programs\Python\Python314\Lib\site-packages\pluggy\_callers.py", line 121, in _multicall
    res = hook_impl.function(*args)
  File "C:\Users\Btime Soluções\AppData\Local\Programs\Python\Python314\Lib\site-packages\_pytest\runner.py", line 184, in pytest_runtest_call
    item.runtest()
  File "C:\Users\Btime Soluções\AppData\Local\Programs\Python\Python314\Lib\site-packages\_pytest\python.py", line 1707, in runtest
    self.ihook.pytest_pyfunc_call(pyfuncitem=self)
  File "C:\Users\Btime Soluções\AppData\Local\Programs\Python\Python314\Lib\site-packages\pluggy\_hooks.py", line 512, in __call__
    return self._hookexec(self.name, self._hookimpls.copy(), kwargs, firstresult)
  File "C:\Users\Btime Soluções\AppData\Local\Programs\Python\Python314\Lib\site-packages\pluggy\_manager.py", line 120, in _hookexec
    return self._inner_hookexec(hook_name, methods, kwargs, firstresult)
  File "C:\Users\Btime Soluções\AppData\Local\Programs\Python\Python314\Lib\site-packages\pluggy\_callers.py", line 121, in _multicall
    res = hook_impl.function(*args)
  File "C:\Users\Btime Soluções\AppData\Local\Programs\Python\Python314\Lib\site-packages\_pytest\python.py", line 167, in pytest_pyfunc_call
    result = testfunction(**testargs)
  File "C:\projetos\MVP2\MVP2\MVP2\DETRAF-UNIFICADO\unificado\rpa3_contestacao_agi_ec\tests\test_orquestracao_rpa3.py", line 494, in test_operadora_com_erro_nao_impede_a_seguinte
    resultados = controller.gerar_artefatos(
  File "C:\projetos\MVP2\MVP2\MVP2\DETRAF-UNIFICADO\unificado\comum\utils\decoradores.py", line 22, in wrapper
    return func(*args, **kwargs)
  File "C:\projetos\MVP2\MVP2\MVP2\DETRAF-UNIFICADO\unificado\rpa3_contestacao_agi_ec\src\controllers\geracao_agi_controller.py", line 289, in gerar_artefatos
    _gerar_todos()
  File "C:\projetos\MVP2\MVP2\MVP2\DETRAF-UNIFICADO\unificado\rpa3_contestacao_agi_ec\src\controllers\geracao_agi_controller.py", line 269, in _gerar_todos
    self._gerar_para_operadora(
> File "C:\projetos\MVP2\MVP2\MVP2\DETRAF-UNIFICADO\unificado\rpa3_contestacao_agi_ec\src\controllers\geracao_agi_controller.py", line 599, in _gerar_para_operadora
    resultado.ext = self._gerar_ext(
  File "C:\projetos\MVP2\MVP2\MVP2\DETRAF-UNIFICADO\unificado\rpa3_contestacao_agi_ec\tests\test_orquestracao_rpa3.py", line 489, in _quebrar_na_primeira
    raise RuntimeError("disco cheio")
RuntimeError: disco cheio
2026-08-13 13:38:38.331 | INFO    |src.controllers.geracao_agi_controller:_gerar_para_operadora:558 - [STEP] Iniciando: consolidar_detrafs_operadora
2026-08-13 13:38:38.332 | INFO    |src.services.consolidacao_contestacao:consolidar_detrafs_operadora:174 - [Consolidação] 1 arquivo(s) encontrado(s) em [C:\Users\Btime Soluções\AppData\Local\Temp\pytest-of-Btime Soluções\pytest-18\test_operadora_com_erro_nao_im0\Operadoras\BBB_OK\2025\202507\Detrafs Recebidos].
2026-08-13 13:38:38.338 | INFO    |src.services.consolidacao_contestacao:consolidar_detrafs_operadora:177 - [Consolidação] [DETRAF_D_BBB_OK_202507.csv]: 1 linha(s) -> 1 após remover totais.
2026-08-13 13:38:38.338 | INFO    |src.services.consolidacao_contestacao:consolidar_detrafs_operadora:177 - [Consolidação] Consolidado: 1 linha(s) de 1 arquivo(s).
2026-08-13 13:38:38.339 | INFO    |src.controllers.geracao_agi_controller:_gerar_para_operadora:558 - [STEP] Finalizando: consolidar_detrafs_operadora | Tempo gasto: 0.01s
2026-08-13 13:38:38.339 | INFO    |src.controllers.geracao_agi_controller:_gerar_para_operadora:574 - [STEP] Iniciando: consolidar_expectativa_vivo
2026-08-13 13:38:38.340 | WARNING |src.services.consolidacao_contestacao:consolidar_expectativa_vivo:207 - Pasta de Detrafs inexistente: [C:\Users\Btime Soluções\AppData\Local\Temp\pytest-of-Btime Soluções\pytest-18\test_operadora_com_erro_nao_im0\Operadoras\BBB_OK\2025\202507\Detrafs Enviados]
2026-08-13 13:38:38.340 | WARNING |comum.utils.decoradores:wrapper:22 - [Consolidação] Nenhum arquivo de expectativa (_D_) em [C:\Users\Btime Soluções\AppData\Local\Temp\pytest-of-Btime Soluções\pytest-18\test_operadora_com_erro_nao_im0\Operadoras\BBB_OK\2025\202507\Detrafs Enviados].
2026-08-13 13:38:38.341 | INFO    |src.controllers.geracao_agi_controller:_gerar_para_operadora:574 - [STEP] Finalizando: consolidar_expectativa_vivo | Tempo gasto: 0.0s
2026-08-13 13:38:38.341 | WARNING |src.controllers.geracao_agi_controller:_gerar_todos:269 - [RPA 3] BBB_OK: sem expectativa Vivo em 202507; a comparação sairá com o lado da Vivo zerado.
2026-08-13 13:38:38.342 | INFO    |src.controllers.geracao_agi_controller:_gerar_para_operadora:586 - [STEP] Iniciando: montar_contest
2026-08-13 13:38:38.369 | INFO    |comum.utils.decoradores:wrapper:22 - [Consolidação] Contest: 1 combinação(ões) analisada(s).
2026-08-13 13:38:38.370 | INFO    |src.controllers.geracao_agi_controller:_gerar_para_operadora:586 - [STEP] Finalizando: montar_contest | Tempo gasto: 0.03s
2026-08-13 13:38:38.371 | INFO    |src.controllers.geracao_agi_controller:_gerar_para_operadora:595 - [STEP] Iniciando: GeracaoAgiController.atualizar_despesa_contestacao
2026-08-13 13:38:38.371 | INFO    |src.controllers.geracao_agi_controller:atualizar_despesa_contestacao:1066 - [STEP] Iniciando: preparar_atualizacoes_despesa_contestacao
2026-08-13 13:38:38.382 | INFO    |comum.utils.decoradores:wrapper:22 - [HU-19 Despesa Contestação] 1 atualização(ões) preparada(s).
2026-08-13 13:38:38.383 | INFO    |src.controllers.geracao_agi_controller:atualizar_despesa_contestacao:1066 - [STEP] Finalizando: preparar_atualizacoes_despesa_contestacao | Tempo gasto: 0.01s
2026-08-13 13:38:38.384 | WARNING |comum.dados.repositorio_tabelas:atualizar_despesa_contestacao:1019 - [HU-19 Despesa Contestação] A tabela 'tbl_rpa_log_detraf_despesa_contestacao' não tem a(s) coluna(s) vb_contestacao — NÃO gravada(s). As demais seguem normalmente. Um ALTER TABLE resolve; ver pendencias-para-o-cliente.md (Q24).
2026-08-13 13:38:38.391 | INFO    |comum.dados.repositorio_tabelas:_atualizar_contestacao_em_lote:976 - 1 linha(s) atualizada(s) em [tbl_rpa_log_detraf_despesa_contestacao].
2026-08-13 13:38:38.392 | INFO    |comum.dados.repositorio_cache:recarregar_cache_local:375 - Carregando tabela [tbl_rpa_log_detraf_despesa_contestacao]
2026-08-13 13:38:38.396 | INFO    |comum.dados.repositorio_cache:recarregar_cache_local:375 - Tabela [tbl_rpa_log_detraf_despesa_contestacao] carregada | Linhas: 2 | Colunas: 19
2026-08-13 13:38:38.396 | INFO    |comum.dados.repositorio_tabelas:atualizar_despesa_contestacao:1019 - [HU-19 Despesa Contestação] 1 linha(s) atualizada(s), 0 chave(s) ausente(s).
2026-08-13 13:38:38.397 | INFO    |src.controllers.geracao_agi_controller:_gerar_para_operadora:595 - [STEP] Finalizando: GeracaoAgiController.atualizar_despesa_contestacao | Tempo gasto: 0.03s
2026-08-13 13:38:38.397 | INFO    |src.controllers.geracao_agi_controller:_gerar_ext:633 - [STEP] Iniciando: montar_linhas_ext
2026-08-13 13:38:38.416 | INFO    |comum.utils.decoradores:wrapper:22 - [HU-12 EXT] 1 linha(s) montada(s).
2026-08-13 13:38:38.417 | INFO    |src.controllers.geracao_agi_controller:_gerar_ext:633 - [STEP] Finalizando: montar_linhas_ext | Tempo gasto: 0.02s
2026-08-13 13:38:38.418 | INFO    |src.controllers.geracao_agi_controller:_gerar_ext:639 - [STEP] Iniciando: gerar_arquivo_ext
2026-08-13 13:38:38.453 | INFO    |comum.utils.decoradores:wrapper:22 - [HU-12 EXT] Arquivo gravado em [C:\Users\Btime Soluções\AppData\Local\Temp\pytest-of-Btime Soluções\pytest-18\test_operadora_com_erro_nao_im0\Operadoras\BBB_OK\2025\202507\AGI\DE_AGI_D_202507_TBRA_X_BBB_OK_EXT.xlsx].
2026-08-13 13:38:38.454 | INFO    |src.controllers.geracao_agi_controller:_gerar_ext:639 - [STEP] Finalizando: gerar_arquivo_ext | Tempo gasto: 0.04s
2026-08-13 13:38:38.454 | WARNING |src.controllers.geracao_agi_controller:_gerar_para_operadora:606 - [RPA 3] BBB_OK: sem expectativa Vivo — _EXP e carta não serão gerados. Confira a pasta 'Detrafs Enviados' da operadora.
2026-08-13 13:38:38.455 | INFO    |src.controllers.geracao_agi_controller:_gerar_para_operadora:617 - [STEP] Iniciando: GeracaoAgiController.gerar_cont_proc
2026-08-13 13:38:38.455 | INFO    |src.controllers.geracao_agi_controller:gerar_cont_proc:1030 - [STEP] Iniciando: montar_linhas_cont_proc
2026-08-13 13:38:38.455 | INFO    |src.services.geracao_cont_proc:montar_linhas_cont_proc:224 - [STEP] Iniciando: selecionar_linhas_contestadas
2026-08-13 13:38:38.468 | INFO    |comum.utils.decoradores:wrapper:22 - [HU-16 CONT_PROC] 1 linha(s) contestada(s).
2026-08-13 13:38:38.469 | INFO    |src.services.geracao_cont_proc:montar_linhas_cont_proc:224 - [STEP] Finalizando: selecionar_linhas_contestadas | Tempo gasto: 0.01s
2026-08-13 13:38:38.472 | INFO    |comum.utils.decoradores:wrapper:22 - [HU-16 CONT_PROC] 1 linha(s) montada(s) (T-100+T-101 completos).
2026-08-13 13:38:38.472 | INFO    |src.controllers.geracao_agi_controller:gerar_cont_proc:1030 - [STEP] Finalizando: montar_linhas_cont_proc | Tempo gasto: 0.02s
2026-08-13 13:38:38.473 | INFO    |src.controllers.geracao_agi_controller:gerar_cont_proc:1036 - [STEP] Iniciando: gerar_arquivo_cont_proc
2026-08-13 13:38:38.493 | INFO    |comum.utils.decoradores:wrapper:22 - [HU-16 CONT_PROC] Arquivo gravado em [C:\Users\Btime Soluções\AppData\Local\Temp\pytest-of-Btime Soluções\pytest-18\test_operadora_com_erro_nao_im0\Operadoras\BBB_OK\2025\202507\AGI\CONT_PROC_MASCARA_BBB_OK_202507.xlsx].
2026-08-13 13:38:38.494 | INFO    |src.controllers.geracao_agi_controller:gerar_cont_proc:1036 - [STEP] Finalizando: gerar_arquivo_cont_proc | Tempo gasto: 0.02s
2026-08-13 13:38:38.494 | INFO    |src.controllers.geracao_agi_controller:gerar_cont_proc:1046 - [STEP] Iniciando: selecionar_linhas_contestadas
2026-08-13 13:38:38.504 | INFO    |comum.utils.decoradores:wrapper:22 - [HU-16 CONT_PROC] 1 linha(s) contestada(s).
2026-08-13 13:38:38.505 | INFO    |src.controllers.geracao_agi_controller:gerar_cont_proc:1046 - [STEP] Finalizando: selecionar_linhas_contestadas | Tempo gasto: 0.01s
2026-08-13 13:38:38.516 | INFO    |comum.dados.repositorio_tabelas:_atualizar_contestacao_em_lote:976 - 1 linha(s) atualizada(s) em [tbl_rpa_log_detraf_despesa_contestacao].
2026-08-13 13:38:38.517 | INFO    |comum.dados.repositorio_cache:recarregar_cache_local:375 - Carregando tabela [tbl_rpa_log_detraf_despesa_contestacao]
2026-08-13 13:38:38.521 | INFO    |comum.dados.repositorio_cache:recarregar_cache_local:375 - Tabela [tbl_rpa_log_detraf_despesa_contestacao] carregada | Linhas: 2 | Colunas: 19
2026-08-13 13:38:38.521 | INFO    |comum.dados.repositorio_tabelas:atualizar_tipo_contestacao:1046 - [HU-16 Writeback tipo_contestacao] 1 linha(s) atualizada(s), 0 chave(s) ausente(s).
2026-08-13 13:38:38.522 | INFO    |src.controllers.geracao_agi_controller:_gerar_para_operadora:617 - [STEP] Finalizando: GeracaoAgiController.gerar_cont_proc | Tempo gasto: 0.07s
2026-08-13 13:38:38.523 | INFO    |src.controllers.geracao_agi_controller:_pausar_apos_artefatos:530 - [RPA 3 — etapa 1/4: artefatos] 2 operadora(s) em 202507:
2026-08-13 13:38:38.523 | INFO    |src.controllers.geracao_agi_controller:_pausar_apos_artefatos:530 - [RPA 3 — etapa 1/4: artefatos]   AAA_QUEBRA           nada gerado
2026-08-13 13:38:38.524 | INFO    |src.controllers.geracao_agi_controller:_pausar_apos_artefatos:530 - [RPA 3 — etapa 1/4: artefatos]                        ERRO: disco cheio
2026-08-13 13:38:38.524 | INFO    |src.controllers.geracao_agi_controller:_pausar_apos_artefatos:530 - [RPA 3 — etapa 1/4: artefatos]                        pulado: sem expectativa Vivo
2026-08-13 13:38:38.524 | INFO    |src.controllers.geracao_agi_controller:_pausar_apos_artefatos:530 - [RPA 3 — etapa 1/4: artefatos]   BBB_OK               EXT · CONT_PROC
2026-08-13 13:38:38.524 | INFO    |src.controllers.geracao_agi_controller:_pausar_apos_artefatos:530 - [RPA 3 — etapa 1/4: artefatos]                        pulado: sem expectativa Vivo
2026-08-13 13:38:38.525 | INFO    |src.controllers.geracao_agi_controller:_pausar_apos_artefatos:530 - [RPA 3 — etapa 1/4: artefatos]                        pulado: _EXP e carta sem expectativa Vivo
2026-08-13 13:38:38.525 | INFO    |src.controllers.geracao_agi_controller:_pausar_apos_artefatos:530 - [RPA 3 — etapa 1/4: artefatos] Pasta: C:\Users\Btime Soluções\AppData\Local\Temp\pytest-of-Btime Soluções\pytest-18\test_operadora_com_erro_nao_im0\Operadoras
2026-08-13 13:38:38.525 | INFO    |src.controllers.geracao_agi_controller:_pausar_apos_artefatos:530 - [RPA 3 — etapa 1/4: artefatos] ────────────────────────────────────────────────────────────
2026-08-13 13:38:38.526 | INFO    |src.controllers.geracao_agi_controller:_pausar_apos_artefatos:530 - [RPA 3 — etapa 1/4: artefatos] PRÓXIMA ETAPA: carga no AGI (HU-17/HU-18) — ESCREVE NO AGI
2026-08-13 13:38:38.526 | INFO    |src.controllers.geracao_agi_controller:gerar_artefatos:332 - [RPA 3 — etapa 2/4: carga no AGI] 1 operadora(s) na lista de carga.
2026-08-13 13:38:38.528 | INFO    |src.controllers.geracao_agi_controller:gerar_artefatos:332 - [RPA 3 — etapa 2/4: carga no AGI] Upload no AGI: desligado — nada foi enviado, só registrado no log.
2026-08-13 13:38:38.529 | INFO    |src.controllers.geracao_agi_controller:gerar_artefatos:332 - [RPA 3 — etapa 2/4: carga no AGI] Confira no AGI se a carga entrou, e o campo `carga_agi` na tabela de contestação.
2026-08-13 13:38:38.530 | INFO    |src.controllers.geracao_agi_controller:gerar_artefatos:332 - [RPA 3 — etapa 2/4: carga no AGI] ────────────────────────────────────────────────────────────
2026-08-13 13:38:38.530 | INFO    |src.controllers.geracao_agi_controller:gerar_artefatos:332 - [RPA 3 — etapa 2/4: carga no AGI] PRÓXIMA ETAPA: e-mail de contestação à operadora (HU-15) — SAI DA EMPRESA
2026-08-13 13:38:38.531 | INFO    |src.controllers.geracao_agi_controller:gerar_artefatos:368 - [RPA 3 — etapa 3/4: e-mail de contestação] Envio de e-mail: desligado — o e-mail foi montado e registrado, não enviado.
2026-08-13 13:38:38.531 | INFO    |src.controllers.geracao_agi_controller:gerar_artefatos:368 - [RPA 3 — etapa 3/4: e-mail de contestação] Contatos: não configurados (pendência Q16) — nada é enviado
2026-08-13 13:38:38.532 | INFO    |src.controllers.geracao_agi_controller:gerar_artefatos:368 - [RPA 3 — etapa 3/4: e-mail de contestação] ────────────────────────────────────────────────────────────
2026-08-13 13:38:38.532 | INFO    |src.controllers.geracao_agi_controller:gerar_artefatos:368 - [RPA 3 — etapa 3/4: e-mail de contestação] PRÓXIMA ETAPA: conferência do relatório contra o EC (HU-20)
2026-08-13 13:38:38.533 | INFO    |src.controllers.geracao_agi_controller:_verificar_relatorio:895 - [STEP] Iniciando: VerificacaoRelatorio.executar
2026-08-13 13:38:38.533 | INFO    |comum.utils.decoradores:wrapper:22 - [MODO SEGURO] PERMITIR_ACESSO_AGI=false — o AGI não será aberto. A verificação usa o relatório já em [C:\projetos\MVP2\MVP2\MVP2\DETRAF-UNIFICADO\unificado\logs\relatorio_agi\remessa_baixada.csv].
2026-08-13 13:38:38.534 | INFO    |src.controllers.geracao_agi_controller:_verificar_relatorio:895 - [STEP] Finalizando: VerificacaoRelatorio.executar | Tempo gasto: 0.0s
2026-08-13 13:38:38.534 | WARNING |src.controllers.geracao_agi_controller:gerar_artefatos:398 - [RPA 3] HU-20 não executada: Relatório do AGI não encontrado em [C:\projetos\MVP2\MVP2\MVP2\DETRAF-UNIFICADO\unificado\logs\relatorio_agi\remessa_baixada.csv]. Com PERMITIR_ACESSO_AGI desligado, é preciso baixá-lo antes.
2026-08-13 13:38:38.534 | INFO    |src.controllers.geracao_agi_controller:gerar_artefatos:402 - [RPA 3 — etapa 4/4: conferência do relatório] A conferência compara o relatório do AGI com o Encontro de Contas do banco.
2026-08-13 13:38:38.535 | INFO    |src.controllers.geracao_agi_controller:gerar_artefatos:402 - [RPA 3 — etapa 4/4: conferência do relatório] A planilha de inconsistências só é gravada quando há divergência — nenhum arquivo significa nenhuma divergência.
2026-08-13 13:38:38.535 | INFO    |src.controllers.geracao_agi_controller:gerar_artefatos:402 - [RPA 3 — etapa 4/4: conferência do relatório] Pasta: C:\projetos\MVP2\MVP2\MVP2\DETRAF-UNIFICADO\unificado\logs\inconsistencias
2026-08-13 13:38:38.535 | INFO    |src.controllers.geracao_agi_controller:gerar_artefatos:402 - [RPA 3 — etapa 4/4: conferência do relatório] ────────────────────────────────────────────────────────────
2026-08-13 13:38:38.536 | INFO    |src.controllers.geracao_agi_controller:gerar_artefatos:402 - [RPA 3 — etapa 4/4: conferência do relatório] Esta é a última etapa da execução.
2026-08-13 13:38:38.536 | INFO    |src.controllers.geracao_agi_controller:gerar_artefatos:415 - [RPA 3] Resumo de 202507 — 2 operadora(s): EXT 1, INT 0, _EXP 0, carta 0, CONT_PROC 1.
2026-08-13 13:38:38.537 | INFO    |src.controllers.geracao_agi_controller:gerar_artefatos:415 - [RPA 3]   AAA_QUEBRA: sem expectativa Vivo.
2026-08-13 13:38:38.537 | INFO    |src.controllers.geracao_agi_controller:gerar_artefatos:415 - [RPA 3]   BBB_OK: sem expectativa Vivo; _EXP e carta sem expectativa Vivo.
2026-08-13 13:38:38.537 | ERROR   |src.controllers.geracao_agi_controller:gerar_artefatos:415 - [RPA 3] 1 operadora(s) com erro: AAA_QUEBRA.
2026-08-13 13:38:38.538 | WARNING |src.controllers.geracao_agi_controller:gerar_artefatos:415 - [RPA 3] HU-15 sem destinatários: a tabela de contatos do WebFat continua sem resposta do cliente (pendência Q16). A ponte é apontar CAMINHO_CONTATOS_OPERADORAS para um CSV `operadora;emails`.
2026-08-13 13:38:38.540 | INFO    |src.controllers.geracao_agi_controller:_gravar_relatorio:956 - [Relatório] Resumo da execução em [C:\projetos\MVP2\MVP2\MVP2\DETRAF-UNIFICADO\unificado\logs\DESKTOP-64TNDKM\rpa3_contestacao_agi_ec\execucoes\2026-08-13_13-38-38.md].
2026-08-13 13:38:38.541 | INFO    |test_orquestracao_rpa3:test_operadora_com_erro_nao_impede_a_seguinte:494 - [STEP] Finalizando: GeracaoAgiController.gerar_artefatos | Tempo gasto: 0.36s
2026-08-13 13:38:38.554 | INFO    |comum.dados.repositorio_cache:__init__:77 - Inicializando conexão com o banco no ambiente [dev]
2026-08-13 13:38:38.554 | INFO    |comum.dados.repositorio_cache:__init__:77 - Utilizando SQLite local [C:\Users\BTIMES~1\AppData\Local\Temp\detraf_epico4_teste_9l21xs1s\TABELAS_DETRAF_TESTE.db]
2026-08-13 13:38:38.568 | INFO    |test_orquestracao_rpa3:test_o_resumo_final_nomeia_quem_falhou:519 - [STEP] Iniciando: GeracaoAgiController.gerar_artefatos
2026-08-13 13:38:38.570 | INFO    |comum.utils.decoradores:wrapper:22 - [RPA 3] 1 operadora(s) em 202507: CLARO.
2026-08-13 13:38:38.570 | INFO    |comum.dados.repositorio_cache:obter_tabela:214 - Carregando tabela [tbl_detraf_mapeamento_descritores]
2026-08-13 13:38:38.575 | INFO    |comum.dados.repositorio_cache:obter_tabela:214 - Tabela [tbl_detraf_mapeamento_descritores] carregada | Linhas: 25 | Colunas: 5
2026-08-13 13:38:38.587 | INFO    |src.controllers.geracao_agi_controller:_gerar_para_operadora:558 - [STEP] Iniciando: consolidar_detrafs_operadora
2026-08-13 13:38:38.589 | INFO    |src.services.consolidacao_contestacao:consolidar_detrafs_operadora:174 - [Consolidação] 1 arquivo(s) encontrado(s) em [C:\Users\Btime Soluções\AppData\Local\Temp\pytest-of-Btime Soluções\pytest-18\test_o_resumo_final_nomeia_que0\Operadoras\CLARO\2025\202507\Detrafs Recebidos].
2026-08-13 13:38:38.596 | INFO    |src.services.consolidacao_contestacao:consolidar_detrafs_operadora:177 - [Consolidação] [DETRAF_D_CLARO_202507.csv]: 1 linha(s) -> 1 após remover totais.
2026-08-13 13:38:38.597 | INFO    |src.services.consolidacao_contestacao:consolidar_detrafs_operadora:177 - [Consolidação] Consolidado: 1 linha(s) de 1 arquivo(s).
2026-08-13 13:38:38.598 | INFO    |src.controllers.geracao_agi_controller:_gerar_para_operadora:558 - [STEP] Finalizando: consolidar_detrafs_operadora | Tempo gasto: 0.01s
2026-08-13 13:38:38.598 | INFO    |src.controllers.geracao_agi_controller:_gerar_para_operadora:574 - [STEP] Iniciando: consolidar_expectativa_vivo
2026-08-13 13:38:38.599 | WARNING |src.services.consolidacao_contestacao:consolidar_expectativa_vivo:207 - Pasta de Detrafs inexistente: [C:\Users\Btime Soluções\AppData\Local\Temp\pytest-of-Btime Soluções\pytest-18\test_o_resumo_final_nomeia_que0\Operadoras\CLARO\2025\202507\Detrafs Enviados]
2026-08-13 13:38:38.599 | WARNING |comum.utils.decoradores:wrapper:22 - [Consolidação] Nenhum arquivo de expectativa (_D_) em [C:\Users\Btime Soluções\AppData\Local\Temp\pytest-of-Btime Soluções\pytest-18\test_o_resumo_final_nomeia_que0\Operadoras\CLARO\2025\202507\Detrafs Enviados].
2026-08-13 13:38:38.600 | INFO    |src.controllers.geracao_agi_controller:_gerar_para_operadora:574 - [STEP] Finalizando: consolidar_expectativa_vivo | Tempo gasto: 0.0s
2026-08-13 13:38:38.601 | WARNING |src.controllers.geracao_agi_controller:_gerar_todos:269 - [RPA 3] CLARO: sem expectativa Vivo em 202507; a comparação sairá com o lado da Vivo zerado.
2026-08-13 13:38:38.601 | INFO    |src.controllers.geracao_agi_controller:_gerar_para_operadora:586 - [STEP] Iniciando: montar_contest
2026-08-13 13:38:38.633 | INFO    |comum.utils.decoradores:wrapper:22 - [Consolidação] Contest: 1 combinação(ões) analisada(s).
2026-08-13 13:38:38.634 | INFO    |src.controllers.geracao_agi_controller:_gerar_para_operadora:586 - [STEP] Finalizando: montar_contest | Tempo gasto: 0.03s
2026-08-13 13:38:38.634 | INFO    |src.controllers.geracao_agi_controller:_gerar_para_operadora:595 - [STEP] Iniciando: GeracaoAgiController.atualizar_despesa_contestacao
2026-08-13 13:38:38.635 | INFO    |src.controllers.geracao_agi_controller:atualizar_despesa_contestacao:1066 - [STEP] Iniciando: preparar_atualizacoes_despesa_contestacao
2026-08-13 13:38:38.637 | INFO    |comum.dados.repositorio_cache:obter_tabela:214 - Carregando tabela [tbl_rpa_log_detraf_despesa_contestacao]
2026-08-13 13:38:38.642 | INFO    |comum.dados.repositorio_cache:obter_tabela:214 - Tabela [tbl_rpa_log_detraf_despesa_contestacao] carregada | Linhas: 2 | Colunas: 19
2026-08-13 13:38:38.651 | INFO    |comum.utils.decoradores:wrapper:22 - [HU-19 Despesa Contestação] 1 atualização(ões) preparada(s).
2026-08-13 13:38:38.652 | INFO    |src.controllers.geracao_agi_controller:atualizar_despesa_contestacao:1066 - [STEP] Finalizando: preparar_atualizacoes_despesa_contestacao | Tempo gasto: 0.02s
2026-08-13 13:38:38.652 | WARNING |comum.dados.repositorio_tabelas:atualizar_despesa_contestacao:1019 - [HU-19 Despesa Contestação] A tabela 'tbl_rpa_log_detraf_despesa_contestacao' não tem a(s) coluna(s) vb_contestacao — NÃO gravada(s). As demais seguem normalmente. Um ALTER TABLE resolve; ver pendencias-para-o-cliente.md (Q24).
2026-08-13 13:38:38.683 | INFO    |comum.dados.repositorio_tabelas:_atualizar_contestacao_em_lote:976 - 1 linha(s) atualizada(s) em [tbl_rpa_log_detraf_despesa_contestacao].
2026-08-13 13:38:38.684 | INFO    |comum.dados.repositorio_cache:recarregar_cache_local:375 - Carregando tabela [tbl_rpa_log_detraf_despesa_contestacao]
2026-08-13 13:38:38.688 | INFO    |comum.dados.repositorio_cache:recarregar_cache_local:375 - Tabela [tbl_rpa_log_detraf_despesa_contestacao] carregada | Linhas: 2 | Colunas: 19
2026-08-13 13:38:38.688 | INFO    |comum.dados.repositorio_tabelas:atualizar_despesa_contestacao:1019 - [HU-19 Despesa Contestação] 1 linha(s) atualizada(s), 0 chave(s) ausente(s).
2026-08-13 13:38:38.689 | INFO    |src.controllers.geracao_agi_controller:_gerar_para_operadora:595 - [STEP] Finalizando: GeracaoAgiController.atualizar_despesa_contestacao | Tempo gasto: 0.05s
2026-08-13 13:38:38.689 | ERROR   |src.controllers.geracao_agi_controller:_gerar_todos:269 - [RPA 3] CLARO: falha ao gerar artefatos: falhou
Traceback (most recent call last):
  File "<string>", line 5, in <module>
  File "C:\Users\Btime Soluções\AppData\Local\Programs\Python\Python314\Lib\site-packages\_pytest\config\__init__.py", line 201, in main
    return _main(args=args, plugins=plugins, prog="pytest.main()")
  File "C:\Users\Btime Soluções\AppData\Local\Programs\Python\Python314\Lib\site-packages\_pytest\config\__init__.py", line 229, in _main
    ret: ExitCode | int = config.hook.pytest_cmdline_main(config=config)
  File "C:\Users\Btime Soluções\AppData\Local\Programs\Python\Python314\Lib\site-packages\pluggy\_hooks.py", line 512, in __call__
    return self._hookexec(self.name, self._hookimpls.copy(), kwargs, firstresult)
  File "C:\Users\Btime Soluções\AppData\Local\Programs\Python\Python314\Lib\site-packages\pluggy\_manager.py", line 120, in _hookexec
    return self._inner_hookexec(hook_name, methods, kwargs, firstresult)
  File "C:\Users\Btime Soluções\AppData\Local\Programs\Python\Python314\Lib\site-packages\pluggy\_callers.py", line 121, in _multicall
    res = hook_impl.function(*args)
  File "C:\Users\Btime Soluções\AppData\Local\Programs\Python\Python314\Lib\site-packages\_pytest\main.py", line 377, in pytest_cmdline_main
    return wrap_session(config, _main)
  File "C:\Users\Btime Soluções\AppData\Local\Programs\Python\Python314\Lib\site-packages\_pytest\main.py", line 330, in wrap_session
    session.exitstatus = doit(config, session) or 0
  File "C:\Users\Btime Soluções\AppData\Local\Programs\Python\Python314\Lib\site-packages\_pytest\main.py", line 384, in _main
    config.hook.pytest_runtestloop(session=session)
  File "C:\Users\Btime Soluções\AppData\Local\Programs\Python\Python314\Lib\site-packages\pluggy\_hooks.py", line 512, in __call__
    return self._hookexec(self.name, self._hookimpls.copy(), kwargs, firstresult)
  File "C:\Users\Btime Soluções\AppData\Local\Programs\Python\Python314\Lib\site-packages\pluggy\_manager.py", line 120, in _hookexec
    return self._inner_hookexec(hook_name, methods, kwargs, firstresult)
  File "C:\Users\Btime Soluções\AppData\Local\Programs\Python\Python314\Lib\site-packages\pluggy\_callers.py", line 121, in _multicall
    res = hook_impl.function(*args)
  File "C:\Users\Btime Soluções\AppData\Local\Programs\Python\Python314\Lib\site-packages\_pytest\main.py", line 408, in pytest_runtestloop
    item.config.hook.pytest_runtest_protocol(item=item, nextitem=nextitem)
  File "C:\Users\Btime Soluções\AppData\Local\Programs\Python\Python314\Lib\site-packages\pluggy\_hooks.py", line 512, in __call__
    return self._hookexec(self.name, self._hookimpls.copy(), kwargs, firstresult)
  File "C:\Users\Btime Soluções\AppData\Local\Programs\Python\Python314\Lib\site-packages\pluggy\_manager.py", line 120, in _hookexec
    return self._inner_hookexec(hook_name, methods, kwargs, firstresult)
  File "C:\Users\Btime Soluções\AppData\Local\Programs\Python\Python314\Lib\site-packages\pluggy\_callers.py", line 121, in _multicall
    res = hook_impl.function(*args)
  File "C:\Users\Btime Soluções\AppData\Local\Programs\Python\Python314\Lib\site-packages\_pytest\runner.py", line 118, in pytest_runtest_protocol
    runtestprotocol(item, nextitem=nextitem)
  File "C:\Users\Btime Soluções\AppData\Local\Programs\Python\Python314\Lib\site-packages\_pytest\runner.py", line 139, in runtestprotocol
    reports.append(call_and_report(item, "call", log))
  File "C:\Users\Btime Soluções\AppData\Local\Programs\Python\Python314\Lib\site-packages\_pytest\runner.py", line 249, in call_and_report
    call = CallInfo.from_call(
  File "C:\Users\Btime Soluções\AppData\Local\Programs\Python\Python314\Lib\site-packages\_pytest\runner.py", line 361, in from_call
    result: TResult | None = func()
  File "C:\Users\Btime Soluções\AppData\Local\Programs\Python\Python314\Lib\site-packages\_pytest\runner.py", line 250, in <lambda>
    lambda: runtest_hook(item=item, **kwds),
  File "C:\Users\Btime Soluções\AppData\Local\Programs\Python\Python314\Lib\site-packages\pluggy\_hooks.py", line 512, in __call__
    return self._hookexec(self.name, self._hookimpls.copy(), kwargs, firstresult)
  File "C:\Users\Btime Soluções\AppData\Local\Programs\Python\Python314\Lib\site-packages\pluggy\_manager.py", line 120, in _hookexec
    return self._inner_hookexec(hook_name, methods, kwargs, firstresult)
  File "C:\Users\Btime Soluções\AppData\Local\Programs\Python\Python314\Lib\site-packages\pluggy\_callers.py", line 121, in _multicall
    res = hook_impl.function(*args)
  File "C:\Users\Btime Soluções\AppData\Local\Programs\Python\Python314\Lib\site-packages\_pytest\runner.py", line 184, in pytest_runtest_call
    item.runtest()
  File "C:\Users\Btime Soluções\AppData\Local\Programs\Python\Python314\Lib\site-packages\_pytest\python.py", line 1707, in runtest
    self.ihook.pytest_pyfunc_call(pyfuncitem=self)
  File "C:\Users\Btime Soluções\AppData\Local\Programs\Python\Python314\Lib\site-packages\pluggy\_hooks.py", line 512, in __call__
    return self._hookexec(self.name, self._hookimpls.copy(), kwargs, firstresult)
  File "C:\Users\Btime Soluções\AppData\Local\Programs\Python\Python314\Lib\site-packages\pluggy\_manager.py", line 120, in _hookexec
    return self._inner_hookexec(hook_name, methods, kwargs, firstresult)
  File "C:\Users\Btime Soluções\AppData\Local\Programs\Python\Python314\Lib\site-packages\pluggy\_callers.py", line 121, in _multicall
    res = hook_impl.function(*args)
  File "C:\Users\Btime Soluções\AppData\Local\Programs\Python\Python314\Lib\site-packages\_pytest\python.py", line 167, in pytest_pyfunc_call
    result = testfunction(**testargs)
  File "C:\projetos\MVP2\MVP2\MVP2\DETRAF-UNIFICADO\unificado\rpa3_contestacao_agi_ec\tests\test_orquestracao_rpa3.py", line 519, in test_o_resumo_final_nomeia_quem_falhou
    controller.gerar_artefatos(
  File "C:\projetos\MVP2\MVP2\MVP2\DETRAF-UNIFICADO\unificado\comum\utils\decoradores.py", line 22, in wrapper
    return func(*args, **kwargs)
  File "C:\projetos\MVP2\MVP2\MVP2\DETRAF-UNIFICADO\unificado\rpa3_contestacao_agi_ec\src\controllers\geracao_agi_controller.py", line 289, in gerar_artefatos
    _gerar_todos()
  File "C:\projetos\MVP2\MVP2\MVP2\DETRAF-UNIFICADO\unificado\rpa3_contestacao_agi_ec\src\controllers\geracao_agi_controller.py", line 269, in _gerar_todos
    self._gerar_para_operadora(
> File "C:\projetos\MVP2\MVP2\MVP2\DETRAF-UNIFICADO\unificado\rpa3_contestacao_agi_ec\src\controllers\geracao_agi_controller.py", line 599, in _gerar_para_operadora
    resultado.ext = self._gerar_ext(
  File "C:\projetos\MVP2\MVP2\MVP2\DETRAF-UNIFICADO\unificado\rpa3_contestacao_agi_ec\tests\test_orquestracao_rpa3.py", line 515, in <lambda>
    lambda *a, **k: (_ for _ in ()).throw(RuntimeError("falhou")),
  File "C:\projetos\MVP2\MVP2\MVP2\DETRAF-UNIFICADO\unificado\rpa3_contestacao_agi_ec\tests\test_orquestracao_rpa3.py", line 515, in <genexpr>
    lambda *a, **k: (_ for _ in ()).throw(RuntimeError("falhou")),
RuntimeError: falhou
2026-08-13 13:38:38.756 | INFO    |src.controllers.geracao_agi_controller:_pausar_apos_artefatos:530 - [RPA 3 — etapa 1/4: artefatos] 1 operadora(s) em 202507:
2026-08-13 13:38:38.757 | INFO    |src.controllers.geracao_agi_controller:_pausar_apos_artefatos:530 - [RPA 3 — etapa 1/4: artefatos]   CLARO                nada gerado
2026-08-13 13:38:38.757 | INFO    |src.controllers.geracao_agi_controller:_pausar_apos_artefatos:530 - [RPA 3 — etapa 1/4: artefatos]                        ERRO: falhou
2026-08-13 13:38:38.758 | INFO    |src.controllers.geracao_agi_controller:_pausar_apos_artefatos:530 - [RPA 3 — etapa 1/4: artefatos]                        pulado: sem expectativa Vivo
2026-08-13 13:38:38.758 | INFO    |src.controllers.geracao_agi_controller:_pausar_apos_artefatos:530 - [RPA 3 — etapa 1/4: artefatos] Pasta: C:\Users\Btime Soluções\AppData\Local\Temp\pytest-of-Btime Soluções\pytest-18\test_o_resumo_final_nomeia_que0\Operadoras
2026-08-13 13:38:38.759 | INFO    |src.controllers.geracao_agi_controller:_pausar_apos_artefatos:530 - [RPA 3 — etapa 1/4: artefatos] ────────────────────────────────────────────────────────────
2026-08-13 13:38:38.759 | INFO    |src.controllers.geracao_agi_controller:_pausar_apos_artefatos:530 - [RPA 3 — etapa 1/4: artefatos] PRÓXIMA ETAPA: carga no AGI (HU-17/HU-18) — ESCREVE NO AGI
2026-08-13 13:38:38.759 | INFO    |src.controllers.geracao_agi_controller:gerar_artefatos:321 - [RPA 3] Nenhum artefato gerado — nada a carregar no AGI.
2026-08-13 13:38:38.760 | INFO    |src.controllers.geracao_agi_controller:gerar_artefatos:332 - [RPA 3 — etapa 2/4: carga no AGI] 0 operadora(s) na lista de carga.
2026-08-13 13:38:38.761 | INFO    |src.controllers.geracao_agi_controller:gerar_artefatos:332 - [RPA 3 — etapa 2/4: carga no AGI] Upload no AGI: desligado — nada foi enviado, só registrado no log.
2026-08-13 13:38:38.762 | INFO    |src.controllers.geracao_agi_controller:gerar_artefatos:332 - [RPA 3 — etapa 2/4: carga no AGI] Confira no AGI se a carga entrou, e o campo `carga_agi` na tabela de contestação.
2026-08-13 13:38:38.762 | INFO    |src.controllers.geracao_agi_controller:gerar_artefatos:332 - [RPA 3 — etapa 2/4: carga no AGI] ────────────────────────────────────────────────────────────
2026-08-13 13:38:38.763 | INFO    |src.controllers.geracao_agi_controller:gerar_artefatos:332 - [RPA 3 — etapa 2/4: carga no AGI] PRÓXIMA ETAPA: e-mail de contestação à operadora (HU-15) — SAI DA EMPRESA
2026-08-13 13:38:38.764 | INFO    |src.controllers.geracao_agi_controller:gerar_artefatos:368 - [RPA 3 — etapa 3/4: e-mail de contestação] Envio de e-mail: desligado — o e-mail foi montado e registrado, não enviado.
2026-08-13 13:38:38.765 | INFO    |src.controllers.geracao_agi_controller:gerar_artefatos:368 - [RPA 3 — etapa 3/4: e-mail de contestação] Contatos: não configurados (pendência Q16) — nada é enviado
2026-08-13 13:38:38.765 | INFO    |src.controllers.geracao_agi_controller:gerar_artefatos:368 - [RPA 3 — etapa 3/4: e-mail de contestação] ────────────────────────────────────────────────────────────
2026-08-13 13:38:38.766 | INFO    |src.controllers.geracao_agi_controller:gerar_artefatos:368 - [RPA 3 — etapa 3/4: e-mail de contestação] PRÓXIMA ETAPA: conferência do relatório contra o EC (HU-20)
2026-08-13 13:38:38.766 | INFO    |src.controllers.geracao_agi_controller:_verificar_relatorio:895 - [STEP] Iniciando: VerificacaoRelatorio.executar
2026-08-13 13:38:38.767 | INFO    |comum.utils.decoradores:wrapper:22 - [MODO SEGURO] PERMITIR_ACESSO_AGI=false — o AGI não será aberto. A verificação usa o relatório já em [C:\projetos\MVP2\MVP2\MVP2\DETRAF-UNIFICADO\unificado\logs\relatorio_agi\remessa_baixada.csv].
2026-08-13 13:38:38.768 | INFO    |src.controllers.geracao_agi_controller:_verificar_relatorio:895 - [STEP] Finalizando: VerificacaoRelatorio.executar | Tempo gasto: 0.0s
2026-08-13 13:38:38.768 | WARNING |src.controllers.geracao_agi_controller:gerar_artefatos:398 - [RPA 3] HU-20 não executada: Relatório do AGI não encontrado em [C:\projetos\MVP2\MVP2\MVP2\DETRAF-UNIFICADO\unificado\logs\relatorio_agi\remessa_baixada.csv]. Com PERMITIR_ACESSO_AGI desligado, é preciso baixá-lo antes.
2026-08-13 13:38:38.769 | INFO    |src.controllers.geracao_agi_controller:gerar_artefatos:402 - [RPA 3 — etapa 4/4: conferência do relatório] A conferência compara o relatório do AGI com o Encontro de Contas do banco.
2026-08-13 13:38:38.769 | INFO    |src.controllers.geracao_agi_controller:gerar_artefatos:402 - [RPA 3 — etapa 4/4: conferência do relatório] A planilha de inconsistências só é gravada quando há divergência — nenhum arquivo significa nenhuma divergência.
2026-08-13 13:38:38.769 | INFO    |src.controllers.geracao_agi_controller:gerar_artefatos:402 - [RPA 3 — etapa 4/4: conferência do relatório] Pasta: C:\projetos\MVP2\MVP2\MVP2\DETRAF-UNIFICADO\unificado\logs\inconsistencias
2026-08-13 13:38:38.770 | INFO    |src.controllers.geracao_agi_controller:gerar_artefatos:402 - [RPA 3 — etapa 4/4: conferência do relatório] ────────────────────────────────────────────────────────────
2026-08-13 13:38:38.770 | INFO    |src.controllers.geracao_agi_controller:gerar_artefatos:402 - [RPA 3 — etapa 4/4: conferência do relatório] Esta é a última etapa da execução.
2026-08-13 13:38:38.771 | INFO    |src.controllers.geracao_agi_controller:gerar_artefatos:415 - [RPA 3] Resumo de 202507 — 1 operadora(s): EXT 0, INT 0, _EXP 0, carta 0, CONT_PROC 0.
2026-08-13 13:38:38.771 | INFO    |src.controllers.geracao_agi_controller:gerar_artefatos:415 - [RPA 3]   CLARO: sem expectativa Vivo.
2026-08-13 13:38:38.771 | ERROR   |src.controllers.geracao_agi_controller:gerar_artefatos:415 - [RPA 3] 1 operadora(s) com erro: CLARO.
2026-08-13 13:38:38.771 | WARNING |src.controllers.geracao_agi_controller:gerar_artefatos:415 - [RPA 3] HU-15 sem destinatários: a tabela de contatos do WebFat continua sem resposta do cliente (pendência Q16). A ponte é apontar CAMINHO_CONTATOS_OPERADORAS para um CSV `operadora;emails`.
2026-08-13 13:38:38.774 | INFO    |src.controllers.geracao_agi_controller:_gravar_relatorio:956 - [Relatório] Resumo da execução em [C:\projetos\MVP2\MVP2\MVP2\DETRAF-UNIFICADO\unificado\logs\DESKTOP-64TNDKM\rpa3_contestacao_agi_ec\execucoes\2026-08-13_13-38-38.md].
2026-08-13 13:38:38.775 | INFO    |test_orquestracao_rpa3:test_o_resumo_final_nomeia_quem_falhou:519 - [STEP] Finalizando: GeracaoAgiController.gerar_artefatos | Tempo gasto: 0.21s
2026-08-13 13:38:38.792 | INFO    |comum.dados.repositorio_cache:__init__:77 - Inicializando conexão com o banco no ambiente [dev]
2026-08-13 13:38:38.794 | INFO    |comum.dados.repositorio_cache:__init__:77 - Utilizando SQLite local [C:\Users\BTIMES~1\AppData\Local\Temp\detraf_epico4_teste_9l21xs1s\TABELAS_DETRAF_TESTE.db]
2026-08-13 13:38:38.802 | INFO    |test_orquestracao_rpa3:test_saem_duas_cartas_com_numeros_ct_consecutivos:575 - [STEP] Iniciando: GeracaoAgiController.gerar_artefatos
2026-08-13 13:38:38.803 | INFO    |comum.utils.decoradores:wrapper:22 - [RPA 3] 1 operadora(s) em 202507: CLARO.
2026-08-13 13:38:38.804 | INFO    |comum.dados.repositorio_cache:obter_tabela:214 - Carregando tabela [tbl_detraf_mapeamento_descritores]
2026-08-13 13:38:38.808 | INFO    |comum.dados.repositorio_cache:obter_tabela:214 - Tabela [tbl_detraf_mapeamento_descritores] carregada | Linhas: 25 | Colunas: 5
2026-08-13 13:38:38.818 | INFO    |src.controllers.geracao_agi_controller:_gerar_para_operadora:558 - [STEP] Iniciando: consolidar_detrafs_operadora
2026-08-13 13:38:38.820 | INFO    |src.services.consolidacao_contestacao:consolidar_detrafs_operadora:174 - [Consolidação] 1 arquivo(s) encontrado(s) em [C:\Users\Btime Soluções\AppData\Local\Temp\pytest-of-Btime Soluções\pytest-18\test_saem_duas_cartas_com_nume0\Operadoras\CLARO\2025\202507\Detrafs Recebidos].
2026-08-13 13:38:38.825 | INFO    |src.services.consolidacao_contestacao:consolidar_detrafs_operadora:177 - [Consolidação] [DETRAF_D_CLARO_202507.csv]: 2 linha(s) -> 2 após remover totais.
2026-08-13 13:38:38.826 | INFO    |src.services.consolidacao_contestacao:consolidar_detrafs_operadora:177 - [Consolidação] Consolidado: 2 linha(s) de 1 arquivo(s).
2026-08-13 13:38:38.826 | INFO    |src.controllers.geracao_agi_controller:_gerar_para_operadora:558 - [STEP] Finalizando: consolidar_detrafs_operadora | Tempo gasto: 0.01s
2026-08-13 13:38:38.827 | INFO    |src.controllers.geracao_agi_controller:_gerar_para_operadora:574 - [STEP] Iniciando: consolidar_expectativa_vivo
2026-08-13 13:38:38.829 | INFO    |src.services.consolidacao_contestacao:consolidar_expectativa_vivo:207 - [Consolidação] 1 arquivo(s) encontrado(s) em [C:\Users\Btime Soluções\AppData\Local\Temp\pytest-of-Btime Soluções\pytest-18\test_saem_duas_cartas_com_nume0\Operadoras\CLARO\2025\202507\Detrafs Enviados].
2026-08-13 13:38:38.834 | INFO    |src.services.consolidacao_contestacao:consolidar_expectativa_vivo:211 - [Consolidação] [DE_D_TBRA_CLARO_202507.csv]: 2 linha(s) -> 2 após remover totais.
2026-08-13 13:38:38.835 | INFO    |src.services.consolidacao_contestacao:consolidar_expectativa_vivo:211 - [Consolidação] Consolidado: 2 linha(s) de 1 arquivo(s).
2026-08-13 13:38:38.835 | INFO    |src.controllers.geracao_agi_controller:_gerar_para_operadora:574 - [STEP] Finalizando: consolidar_expectativa_vivo | Tempo gasto: 0.01s
2026-08-13 13:38:38.836 | INFO    |src.controllers.geracao_agi_controller:_gerar_para_operadora:586 - [STEP] Iniciando: montar_contest
2026-08-13 13:38:38.875 | INFO    |comum.utils.decoradores:wrapper:22 - [Consolidação] Contest: 2 combinação(ões) analisada(s).
2026-08-13 13:38:38.876 | INFO    |src.controllers.geracao_agi_controller:_gerar_para_operadora:586 - [STEP] Finalizando: montar_contest | Tempo gasto: 0.04s
2026-08-13 13:38:38.877 | INFO    |src.controllers.geracao_agi_controller:_gerar_para_operadora:595 - [STEP] Iniciando: GeracaoAgiController.atualizar_despesa_contestacao
2026-08-13 13:38:38.878 | INFO    |src.controllers.geracao_agi_controller:atualizar_despesa_contestacao:1066 - [STEP] Iniciando: preparar_atualizacoes_despesa_contestacao
2026-08-13 13:38:38.880 | INFO    |comum.dados.repositorio_cache:obter_tabela:214 - Carregando tabela [tbl_rpa_log_detraf_despesa_contestacao]
2026-08-13 13:38:38.884 | INFO    |comum.dados.repositorio_cache:obter_tabela:214 - Tabela [tbl_rpa_log_detraf_despesa_contestacao] carregada | Linhas: 2 | Colunas: 19
2026-08-13 13:38:38.898 | INFO    |comum.utils.decoradores:wrapper:22 - [HU-19 Despesa Contestação] 2 atualização(ões) preparada(s).
2026-08-13 13:38:38.898 | INFO    |src.controllers.geracao_agi_controller:atualizar_despesa_contestacao:1066 - [STEP] Finalizando: preparar_atualizacoes_despesa_contestacao | Tempo gasto: 0.02s
2026-08-13 13:38:38.899 | WARNING |comum.dados.repositorio_tabelas:atualizar_despesa_contestacao:1019 - [HU-19 Despesa Contestação] A tabela 'tbl_rpa_log_detraf_despesa_contestacao' não tem a(s) coluna(s) vb_contestacao — NÃO gravada(s). As demais seguem normalmente. Um ALTER TABLE resolve; ver pendencias-para-o-cliente.md (Q24).
2026-08-13 13:38:38.928 | INFO    |comum.dados.repositorio_tabelas:_atualizar_contestacao_em_lote:976 - 1 linha(s) atualizada(s) em [tbl_rpa_log_detraf_despesa_contestacao].
2026-08-13 13:38:38.943 | INFO    |comum.dados.repositorio_tabelas:_atualizar_contestacao_em_lote:976 - 1 linha(s) atualizada(s) em [tbl_rpa_log_detraf_despesa_contestacao].
2026-08-13 13:38:38.944 | INFO    |comum.dados.repositorio_cache:recarregar_cache_local:375 - Carregando tabela [tbl_rpa_log_detraf_despesa_contestacao]
2026-08-13 13:38:38.948 | INFO    |comum.dados.repositorio_cache:recarregar_cache_local:375 - Tabela [tbl_rpa_log_detraf_despesa_contestacao] carregada | Linhas: 2 | Colunas: 19
2026-08-13 13:38:38.949 | INFO    |comum.dados.repositorio_tabelas:atualizar_despesa_contestacao:1019 - [HU-19 Despesa Contestação] 2 linha(s) atualizada(s), 0 chave(s) ausente(s).
2026-08-13 13:38:38.949 | INFO    |src.controllers.geracao_agi_controller:_gerar_para_operadora:595 - [STEP] Finalizando: GeracaoAgiController.atualizar_despesa_contestacao | Tempo gasto: 0.07s
2026-08-13 13:38:38.950 | INFO    |src.controllers.geracao_agi_controller:_gerar_ext:633 - [STEP] Iniciando: montar_linhas_ext
2026-08-13 13:38:38.969 | INFO    |comum.utils.decoradores:wrapper:22 - [HU-12 EXT] 2 linha(s) montada(s).
2026-08-13 13:38:38.970 | INFO    |src.controllers.geracao_agi_controller:_gerar_ext:633 - [STEP] Finalizando: montar_linhas_ext | Tempo gasto: 0.02s
2026-08-13 13:38:38.971 | INFO    |src.controllers.geracao_agi_controller:_gerar_ext:639 - [STEP] Iniciando: gerar_arquivo_ext
2026-08-13 13:38:38.992 | INFO    |comum.utils.decoradores:wrapper:22 - [HU-12 EXT] Arquivo gravado em [C:\Users\Btime Soluções\AppData\Local\Temp\pytest-of-Btime Soluções\pytest-18\test_saem_duas_cartas_com_nume0\Operadoras\CLARO\2025\202507\AGI\DE_AGI_D_202507_TBRA_X_CLARO_EXT.xlsx].
2026-08-13 13:38:38.992 | INFO    |src.controllers.geracao_agi_controller:_gerar_ext:639 - [STEP] Finalizando: gerar_arquivo_ext | Tempo gasto: 0.02s
2026-08-13 13:38:38.993 | INFO    |src.controllers.geracao_agi_controller:_gerar_int:648 - [STEP] Iniciando: montar_linhas_int
2026-08-13 13:38:39.013 | INFO    |comum.utils.decoradores:wrapper:22 - [HU-13 INT] 1 linha(s) montada(s) (COM retenção).
2026-08-13 13:38:39.014 | INFO    |src.controllers.geracao_agi_controller:_gerar_int:648 - [STEP] Finalizando: montar_linhas_int | Tempo gasto: 0.02s
2026-08-13 13:38:39.014 | INFO    |src.controllers.geracao_agi_controller:_gerar_int:654 - [STEP] Iniciando: gerar_arquivo_int
2026-08-13 13:38:39.032 | INFO    |comum.utils.decoradores:wrapper:22 - [HU-13 INT] Arquivo gravado em [C:\Users\Btime Soluções\AppData\Local\Temp\pytest-of-Btime Soluções\pytest-18\test_saem_duas_cartas_com_nume0\Operadoras\CLARO\2025\202507\AGI\DE_AGI_D_202507_TBRA_X_CLARO_INT.xlsx].
2026-08-13 13:38:39.033 | INFO    |src.controllers.geracao_agi_controller:_gerar_int:654 - [STEP] Finalizando: gerar_arquivo_int | Tempo gasto: 0.02s
2026-08-13 13:38:39.034 | INFO    |src.controllers.geracao_agi_controller:_gerar_env_e_carta:682 - [STEP] Iniciando: montar_abas_env
2026-08-13 13:38:39.053 | INFO    |comum.utils.decoradores:wrapper:22 - [HU-14 _EXP] Contest: 2 linha(s) contestada(s); TBRA: 2 linha(s) correspondente(s).
2026-08-13 13:38:39.054 | INFO    |src.controllers.geracao_agi_controller:_gerar_env_e_carta:682 - [STEP] Finalizando: montar_abas_env | Tempo gasto: 0.02s
2026-08-13 13:38:39.055 | INFO    |src.controllers.geracao_agi_controller:_gerar_env_e_carta:690 - [STEP] Iniciando: gerar_arquivo_env
2026-08-13 13:38:39.082 | INFO    |comum.utils.decoradores:wrapper:22 - [HU-14 _EXP] Arquivo gravado em [C:\Users\Btime Soluções\AppData\Local\Temp\pytest-of-Btime Soluções\pytest-18\test_saem_duas_cartas_com_nume0\Operadoras\CLARO\2025\202507\Contestações\Base Contestação_CLARO_202507_EXP.xlsx].
2026-08-13 13:38:39.083 | INFO    |src.controllers.geracao_agi_controller:_gerar_env_e_carta:690 - [STEP] Finalizando: gerar_arquivo_env | Tempo gasto: 0.03s
2026-08-13 13:38:39.102 | INFO    |src.controllers.geracao_agi_controller:_gerar_para_operadora:606 - [RPA 3] CLARO: linhas COM e SEM retenção no mesmo mês — sairão 2 cartas, uma por cenário (decisão Q25).
2026-08-13 13:38:39.104 | INFO    |src.controllers.geracao_agi_controller:_emitir_cartas:756 - [STEP] Iniciando: obter_proximo_numero_carta
2026-08-13 13:38:39.105 | INFO    |comum.utils.decoradores:wrapper:22 - [HU-14] Último número CT encontrado: 362. Próximo: 363.
2026-08-13 13:38:39.105 | INFO    |src.controllers.geracao_agi_controller:_emitir_cartas:756 - [STEP] Finalizando: obter_proximo_numero_carta | Tempo gasto: 0.0s
2026-08-13 13:38:39.106 | INFO    |src.controllers.geracao_agi_controller:_emitir_cartas:764 - [STEP] Iniciando: montar_tabelas_carta
2026-08-13 13:38:39.159 | INFO    |comum.utils.decoradores:wrapper:22 - [HU-14 Carta] 1 tabela(s) de remuneração montada(s).
2026-08-13 13:38:39.161 | INFO    |src.controllers.geracao_agi_controller:_emitir_cartas:764 - [STEP] Finalizando: montar_tabelas_carta | Tempo gasto: 0.06s
2026-08-13 13:38:39.162 | INFO    |src.controllers.geracao_agi_controller:_emitir_cartas:758 - [STEP] Iniciando: renderizar_carta
2026-08-13 13:38:39.264 | INFO    |comum.utils.decoradores:wrapper:22 - [HU-14 Carta] Carta CT-363 renderizada (1 tabela(s)).
2026-08-13 13:38:39.265 | INFO    |src.controllers.geracao_agi_controller:_emitir_cartas:758 - [STEP] Finalizando: renderizar_carta | Tempo gasto: 0.1s
2026-08-13 13:38:39.270 | INFO    |src.controllers.geracao_agi_controller:_emitir_cartas:768 - [STEP] Iniciando: gerar_arquivo_carta
2026-08-13 13:38:39.325 | INFO    |comum.utils.decoradores:wrapper:22 - [HU-14 Carta] Carta gravada em [C:\Users\Btime Soluções\AppData\Local\Temp\pytest-of-Btime Soluções\pytest-18\test_saem_duas_cartas_com_nume0\Operadoras\CLARO\2025\202507\Contestações\CT - 363.docx], cópia em [C:\Users\Btime Soluções\AppData\Local\Temp\pytest-of-Btime Soluções\pytest-18\test_saem_duas_cartas_com_nume0\CT\2025\CT - 363.docx].
2026-08-13 13:38:39.326 | INFO    |src.controllers.geracao_agi_controller:_emitir_cartas:768 - [STEP] Finalizando: gerar_arquivo_carta | Tempo gasto: 0.06s
2026-08-13 13:38:39.326 | INFO    |src.controllers.geracao_agi_controller:_gerar_env_e_carta:710 - [RPA 3] CLARO: carta CT 363 — COM retenção.
2026-08-13 13:38:39.328 | INFO    |src.controllers.geracao_agi_controller:_emitir_cartas:756 - [STEP] Iniciando: obter_proximo_numero_carta
2026-08-13 13:38:39.330 | INFO    |comum.utils.decoradores:wrapper:22 - [HU-14] Último número CT encontrado: 363. Próximo: 364.
2026-08-13 13:38:39.330 | INFO    |src.controllers.geracao_agi_controller:_emitir_cartas:756 - [STEP] Finalizando: obter_proximo_numero_carta | Tempo gasto: 0.0s
2026-08-13 13:38:39.331 | INFO    |src.controllers.geracao_agi_controller:_emitir_cartas:764 - [STEP] Iniciando: montar_tabelas_carta
2026-08-13 13:38:39.337 | INFO    |comum.utils.decoradores:wrapper:22 - [HU-14 Carta] 1 tabela(s) de remuneração montada(s).
2026-08-13 13:38:39.338 | INFO    |src.controllers.geracao_agi_controller:_emitir_cartas:764 - [STEP] Finalizando: montar_tabelas_carta | Tempo gasto: 0.01s
2026-08-13 13:38:39.338 | INFO    |src.controllers.geracao_agi_controller:_emitir_cartas:758 - [STEP] Iniciando: renderizar_carta
2026-08-13 13:38:39.380 | INFO    |comum.utils.decoradores:wrapper:22 - [HU-14 Carta] Carta CT-364 renderizada (1 tabela(s)).
2026-08-13 13:38:39.380 | INFO    |src.controllers.geracao_agi_controller:_emitir_cartas:758 - [STEP] Finalizando: renderizar_carta | Tempo gasto: 0.04s
2026-08-13 13:38:39.381 | INFO    |src.controllers.geracao_agi_controller:_emitir_cartas:768 - [STEP] Iniciando: gerar_arquivo_carta
2026-08-13 13:38:39.412 | INFO    |comum.utils.decoradores:wrapper:22 - [HU-14 Carta] Carta gravada em [C:\Users\Btime Soluções\AppData\Local\Temp\pytest-of-Btime Soluções\pytest-18\test_saem_duas_cartas_com_nume0\Operadoras\CLARO\2025\202507\Contestações\CT - 364.docx], cópia em [C:\Users\Btime Soluções\AppData\Local\Temp\pytest-of-Btime Soluções\pytest-18\test_saem_duas_cartas_com_nume0\CT\2025\CT - 364.docx].
2026-08-13 13:38:39.412 | INFO    |src.controllers.geracao_agi_controller:_emitir_cartas:768 - [STEP] Finalizando: gerar_arquivo_carta | Tempo gasto: 0.03s
2026-08-13 13:38:39.413 | INFO    |src.controllers.geracao_agi_controller:_gerar_env_e_carta:710 - [RPA 3] CLARO: carta CT 364 — SEM retenção.
2026-08-13 13:38:39.414 | INFO    |src.controllers.geracao_agi_controller:_gerar_para_operadora:617 - [STEP] Iniciando: GeracaoAgiController.gerar_cont_proc
2026-08-13 13:38:39.415 | INFO    |src.controllers.geracao_agi_controller:gerar_cont_proc:1030 - [STEP] Iniciando: montar_linhas_cont_proc
2026-08-13 13:38:39.416 | INFO    |src.services.geracao_cont_proc:montar_linhas_cont_proc:224 - [STEP] Iniciando: selecionar_linhas_contestadas
2026-08-13 13:38:39.438 | INFO    |comum.utils.decoradores:wrapper:22 - [HU-16 CONT_PROC] 2 linha(s) contestada(s).
2026-08-13 13:38:39.439 | INFO    |src.services.geracao_cont_proc:montar_linhas_cont_proc:224 - [STEP] Finalizando: selecionar_linhas_contestadas | Tempo gasto: 0.02s
2026-08-13 13:38:39.442 | INFO    |comum.utils.decoradores:wrapper:22 - [HU-16 CONT_PROC] 2 linha(s) montada(s) (T-100+T-101 completos).
2026-08-13 13:38:39.443 | INFO    |src.controllers.geracao_agi_controller:gerar_cont_proc:1030 - [STEP] Finalizando: montar_linhas_cont_proc | Tempo gasto: 0.03s
2026-08-13 13:38:39.444 | INFO    |src.controllers.geracao_agi_controller:gerar_cont_proc:1036 - [STEP] Iniciando: gerar_arquivo_cont_proc
2026-08-13 13:38:39.465 | INFO    |comum.utils.decoradores:wrapper:22 - [HU-16 CONT_PROC] Arquivo gravado em [C:\Users\Btime Soluções\AppData\Local\Temp\pytest-of-Btime Soluções\pytest-18\test_saem_duas_cartas_com_nume0\Operadoras\CLARO\2025\202507\AGI\CONT_PROC_MASCARA_CLARO_202507.xlsx].
2026-08-13 13:38:39.466 | INFO    |src.controllers.geracao_agi_controller:gerar_cont_proc:1036 - [STEP] Finalizando: gerar_arquivo_cont_proc | Tempo gasto: 0.02s
2026-08-13 13:38:39.467 | INFO    |src.controllers.geracao_agi_controller:gerar_cont_proc:1046 - [STEP] Iniciando: selecionar_linhas_contestadas
2026-08-13 13:38:39.488 | INFO    |comum.utils.decoradores:wrapper:22 - [HU-16 CONT_PROC] 2 linha(s) contestada(s).
2026-08-13 13:38:39.488 | INFO    |src.controllers.geracao_agi_controller:gerar_cont_proc:1046 - [STEP] Finalizando: selecionar_linhas_contestadas | Tempo gasto: 0.02s
2026-08-13 13:38:39.499 | INFO    |comum.dados.repositorio_tabelas:_atualizar_contestacao_em_lote:976 - 1 linha(s) atualizada(s) em [tbl_rpa_log_detraf_despesa_contestacao].
2026-08-13 13:38:39.505 | INFO    |comum.dados.repositorio_tabelas:_atualizar_contestacao_em_lote:976 - 1 linha(s) atualizada(s) em [tbl_rpa_log_detraf_despesa_contestacao].
2026-08-13 13:38:39.506 | INFO    |comum.dados.repositorio_cache:recarregar_cache_local:375 - Carregando tabela [tbl_rpa_log_detraf_despesa_contestacao]
2026-08-13 13:38:39.510 | INFO    |comum.dados.repositorio_cache:recarregar_cache_local:375 - Tabela [tbl_rpa_log_detraf_despesa_contestacao] carregada | Linhas: 2 | Colunas: 19
2026-08-13 13:38:39.512 | INFO    |comum.dados.repositorio_tabelas:atualizar_tipo_contestacao:1046 - [HU-16 Writeback tipo_contestacao] 2 linha(s) atualizada(s), 0 chave(s) ausente(s).
2026-08-13 13:38:39.513 | INFO    |src.controllers.geracao_agi_controller:_gerar_para_operadora:617 - [STEP] Finalizando: GeracaoAgiController.gerar_cont_proc | Tempo gasto: 0.1s
2026-08-13 13:38:39.515 | INFO    |src.controllers.geracao_agi_controller:_pausar_apos_artefatos:530 - [RPA 3 — etapa 1/4: artefatos] 1 operadora(s) em 202507:
2026-08-13 13:38:39.516 | INFO    |src.controllers.geracao_agi_controller:_pausar_apos_artefatos:530 - [RPA 3 — etapa 1/4: artefatos]   CLARO                EXT · INT · _EXP · 2 carta(s) · CONT_PROC
2026-08-13 13:38:39.516 | INFO    |src.controllers.geracao_agi_controller:_pausar_apos_artefatos:530 - [RPA 3 — etapa 1/4: artefatos] Pasta: C:\Users\Btime Soluções\AppData\Local\Temp\pytest-of-Btime Soluções\pytest-18\test_saem_duas_cartas_com_nume0\Operadoras
2026-08-13 13:38:39.517 | INFO    |src.controllers.geracao_agi_controller:_pausar_apos_artefatos:530 - [RPA 3 — etapa 1/4: artefatos] ────────────────────────────────────────────────────────────
2026-08-13 13:38:39.518 | INFO    |src.controllers.geracao_agi_controller:_pausar_apos_artefatos:530 - [RPA 3 — etapa 1/4: artefatos] PRÓXIMA ETAPA: carga no AGI (HU-17/HU-18) — ESCREVE NO AGI
2026-08-13 13:38:39.518 | INFO    |src.controllers.geracao_agi_controller:gerar_artefatos:332 - [RPA 3 — etapa 2/4: carga no AGI] 1 operadora(s) na lista de carga.
2026-08-13 13:38:39.519 | INFO    |src.controllers.geracao_agi_controller:gerar_artefatos:332 - [RPA 3 — etapa 2/4: carga no AGI] Upload no AGI: desligado — nada foi enviado, só registrado no log.
2026-08-13 13:38:39.520 | INFO    |src.controllers.geracao_agi_controller:gerar_artefatos:332 - [RPA 3 — etapa 2/4: carga no AGI] Confira no AGI se a carga entrou, e o campo `carga_agi` na tabela de contestação.
2026-08-13 13:38:39.520 | INFO    |src.controllers.geracao_agi_controller:gerar_artefatos:332 - [RPA 3 — etapa 2/4: carga no AGI] ────────────────────────────────────────────────────────────
2026-08-13 13:38:39.520 | INFO    |src.controllers.geracao_agi_controller:gerar_artefatos:332 - [RPA 3 — etapa 2/4: carga no AGI] PRÓXIMA ETAPA: e-mail de contestação à operadora (HU-15) — SAI DA EMPRESA
2026-08-13 13:38:39.521 | WARNING |src.controllers.geracao_agi_controller:<genexpr>:840 - [HU-15] Contatos de 'CLARO' indisponíveis: a tabela de contatos do WebFat ainda não foi informada pelo cliente (pendência Q16), e CAMINHO_CONTATOS_OPERADORAS não está configurado.
2026-08-13 13:38:39.521 | WARNING |src.controllers.geracao_agi_controller:gerar_artefatos:360 - [RPA 3] Nenhum destinatário para as 1 contestação(ões) do mês — o Outlook nem chega a ser aberto. Pendência Q16.
2026-08-13 13:38:39.521 | INFO    |src.controllers.geracao_agi_controller:gerar_artefatos:368 - [RPA 3 — etapa 3/4: e-mail de contestação] Envio de e-mail: desligado — o e-mail foi montado e registrado, não enviado.
2026-08-13 13:38:39.521 | INFO    |src.controllers.geracao_agi_controller:gerar_artefatos:368 - [RPA 3 — etapa 3/4: e-mail de contestação] Contatos: não configurados (pendência Q16) — nada é enviado
2026-08-13 13:38:39.522 | INFO    |src.controllers.geracao_agi_controller:gerar_artefatos:368 - [RPA 3 — etapa 3/4: e-mail de contestação] ────────────────────────────────────────────────────────────
2026-08-13 13:38:39.523 | INFO    |src.controllers.geracao_agi_controller:gerar_artefatos:368 - [RPA 3 — etapa 3/4: e-mail de contestação] PRÓXIMA ETAPA: conferência do relatório contra o EC (HU-20)
2026-08-13 13:38:39.523 | INFO    |src.controllers.geracao_agi_controller:_verificar_relatorio:895 - [STEP] Iniciando: VerificacaoRelatorio.executar
2026-08-13 13:38:39.524 | INFO    |comum.utils.decoradores:wrapper:22 - [MODO SEGURO] PERMITIR_ACESSO_AGI=false — o AGI não será aberto. A verificação usa o relatório já em [C:\projetos\MVP2\MVP2\MVP2\DETRAF-UNIFICADO\unificado\logs\relatorio_agi\remessa_baixada.csv].
2026-08-13 13:38:39.524 | INFO    |src.controllers.geracao_agi_controller:_verificar_relatorio:895 - [STEP] Finalizando: VerificacaoRelatorio.executar | Tempo gasto: 0.0s
2026-08-13 13:38:39.524 | WARNING |src.controllers.geracao_agi_controller:gerar_artefatos:398 - [RPA 3] HU-20 não executada: Relatório do AGI não encontrado em [C:\projetos\MVP2\MVP2\MVP2\DETRAF-UNIFICADO\unificado\logs\relatorio_agi\remessa_baixada.csv]. Com PERMITIR_ACESSO_AGI desligado, é preciso baixá-lo antes.
2026-08-13 13:38:39.526 | INFO    |src.controllers.geracao_agi_controller:gerar_artefatos:402 - [RPA 3 — etapa 4/4: conferência do relatório] A conferência compara o relatório do AGI com o Encontro de Contas do banco.
2026-08-13 13:38:39.526 | INFO    |src.controllers.geracao_agi_controller:gerar_artefatos:402 - [RPA 3 — etapa 4/4: conferência do relatório] A planilha de inconsistências só é gravada quando há divergência — nenhum arquivo significa nenhuma divergência.
2026-08-13 13:38:39.526 | INFO    |src.controllers.geracao_agi_controller:gerar_artefatos:402 - [RPA 3 — etapa 4/4: conferência do relatório] Pasta: C:\projetos\MVP2\MVP2\MVP2\DETRAF-UNIFICADO\unificado\logs\inconsistencias
2026-08-13 13:38:39.529 | INFO    |src.controllers.geracao_agi_controller:gerar_artefatos:402 - [RPA 3 — etapa 4/4: conferência do relatório] ────────────────────────────────────────────────────────────
2026-08-13 13:38:39.530 | INFO    |src.controllers.geracao_agi_controller:gerar_artefatos:402 - [RPA 3 — etapa 4/4: conferência do relatório] Esta é a última etapa da execução.
2026-08-13 13:38:39.530 | INFO    |src.controllers.geracao_agi_controller:gerar_artefatos:415 - [RPA 3] Resumo de 202507 — 1 operadora(s): EXT 1, INT 1, _EXP 1, carta 2, CONT_PROC 1.
2026-08-13 13:38:39.531 | INFO    |src.controllers.geracao_agi_controller:gerar_artefatos:415 - [RPA 3]   CLARO: e-mail de contestação não enviado.
2026-08-13 13:38:39.532 | WARNING |src.controllers.geracao_agi_controller:gerar_artefatos:415 - [RPA 3] HU-15 sem destinatários: a tabela de contatos do WebFat continua sem resposta do cliente (pendência Q16). A ponte é apontar CAMINHO_CONTATOS_OPERADORAS para um CSV `operadora;emails`.
2026-08-13 13:38:39.535 | INFO    |src.controllers.geracao_agi_controller:_gravar_relatorio:956 - [Relatório] Resumo da execução em [C:\projetos\MVP2\MVP2\MVP2\DETRAF-UNIFICADO\unificado\logs\DESKTOP-64TNDKM\rpa3_contestacao_agi_ec\execucoes\2026-08-13_13-38-39.md].
2026-08-13 13:38:39.536 | INFO    |test_orquestracao_rpa3:test_saem_duas_cartas_com_numeros_ct_consecutivos:575 - [STEP] Finalizando: GeracaoAgiController.gerar_artefatos | Tempo gasto: 0.73s
2026-08-13 13:38:39.559 | INFO    |comum.dados.repositorio_cache:__init__:77 - Inicializando conexão com o banco no ambiente [dev]
2026-08-13 13:38:39.560 | INFO    |comum.dados.repositorio_cache:__init__:77 - Utilizando SQLite local [C:\Users\BTIMES~1\AppData\Local\Temp\detraf_epico4_teste_9l21xs1s\TABELAS_DETRAF_TESTE.db]
2026-08-13 13:38:39.571 | INFO    |test_orquestracao_rpa3:test_o_env_continua_unico:603 - [STEP] Iniciando: GeracaoAgiController.gerar_artefatos
2026-08-13 13:38:39.572 | INFO    |comum.utils.decoradores:wrapper:22 - [RPA 3] 1 operadora(s) em 202507: CLARO.
2026-08-13 13:38:39.573 | INFO    |comum.dados.repositorio_cache:obter_tabela:214 - Carregando tabela [tbl_detraf_mapeamento_descritores]
2026-08-13 13:38:39.578 | INFO    |comum.dados.repositorio_cache:obter_tabela:214 - Tabela [tbl_detraf_mapeamento_descritores] carregada | Linhas: 25 | Colunas: 5
2026-08-13 13:38:39.588 | INFO    |src.controllers.geracao_agi_controller:_gerar_para_operadora:558 - [STEP] Iniciando: consolidar_detrafs_operadora
2026-08-13 13:38:39.589 | INFO    |src.services.consolidacao_contestacao:consolidar_detrafs_operadora:174 - [Consolidação] 1 arquivo(s) encontrado(s) em [C:\Users\Btime Soluções\AppData\Local\Temp\pytest-of-Btime Soluções\pytest-18\test_o_env_continua_unico0\Operadoras\CLARO\2025\202507\Detrafs Recebidos].
2026-08-13 13:38:39.596 | INFO    |src.services.consolidacao_contestacao:consolidar_detrafs_operadora:177 - [Consolidação] [DETRAF_D_CLARO_202507.csv]: 2 linha(s) -> 2 após remover totais.
2026-08-13 13:38:39.597 | INFO    |src.services.consolidacao_contestacao:consolidar_detrafs_operadora:177 - [Consolidação] Consolidado: 2 linha(s) de 1 arquivo(s).
2026-08-13 13:38:39.598 | INFO    |src.controllers.geracao_agi_controller:_gerar_para_operadora:558 - [STEP] Finalizando: consolidar_detrafs_operadora | Tempo gasto: 0.01s
2026-08-13 13:38:39.598 | INFO    |src.controllers.geracao_agi_controller:_gerar_para_operadora:574 - [STEP] Iniciando: consolidar_expectativa_vivo
2026-08-13 13:38:39.600 | INFO    |src.services.consolidacao_contestacao:consolidar_expectativa_vivo:207 - [Consolidação] 1 arquivo(s) encontrado(s) em [C:\Users\Btime Soluções\AppData\Local\Temp\pytest-of-Btime Soluções\pytest-18\test_o_env_continua_unico0\Operadoras\CLARO\2025\202507\Detrafs Enviados].
2026-08-13 13:38:39.606 | INFO    |src.services.consolidacao_contestacao:consolidar_expectativa_vivo:211 - [Consolidação] [DE_D_TBRA_CLARO_202507.csv]: 2 linha(s) -> 2 após remover totais.
2026-08-13 13:38:39.607 | INFO    |src.services.consolidacao_contestacao:consolidar_expectativa_vivo:211 - [Consolidação] Consolidado: 2 linha(s) de 1 arquivo(s).
2026-08-13 13:38:39.607 | INFO    |src.controllers.geracao_agi_controller:_gerar_para_operadora:574 - [STEP] Finalizando: consolidar_expectativa_vivo | Tempo gasto: 0.01s
2026-08-13 13:38:39.608 | INFO    |src.controllers.geracao_agi_controller:_gerar_para_operadora:586 - [STEP] Iniciando: montar_contest
2026-08-13 13:38:39.674 | INFO    |comum.utils.decoradores:wrapper:22 - [Consolidação] Contest: 2 combinação(ões) analisada(s).
2026-08-13 13:38:39.675 | INFO    |src.controllers.geracao_agi_controller:_gerar_para_operadora:586 - [STEP] Finalizando: montar_contest | Tempo gasto: 0.07s
2026-08-13 13:38:39.676 | INFO    |src.controllers.geracao_agi_controller:_gerar_para_operadora:595 - [STEP] Iniciando: GeracaoAgiController.atualizar_despesa_contestacao
2026-08-13 13:38:39.677 | INFO    |src.controllers.geracao_agi_controller:atualizar_despesa_contestacao:1066 - [STEP] Iniciando: preparar_atualizacoes_despesa_contestacao
2026-08-13 13:38:39.682 | INFO    |comum.dados.repositorio_cache:obter_tabela:214 - Carregando tabela [tbl_rpa_log_detraf_despesa_contestacao]
2026-08-13 13:38:39.689 | INFO    |comum.dados.repositorio_cache:obter_tabela:214 - Tabela [tbl_rpa_log_detraf_despesa_contestacao] carregada | Linhas: 2 | Colunas: 19
2026-08-13 13:38:39.713 | INFO    |comum.utils.decoradores:wrapper:22 - [HU-19 Despesa Contestação] 2 atualização(ões) preparada(s).
2026-08-13 13:38:39.715 | INFO    |src.controllers.geracao_agi_controller:atualizar_despesa_contestacao:1066 - [STEP] Finalizando: preparar_atualizacoes_despesa_contestacao | Tempo gasto: 0.04s
2026-08-13 13:38:39.715 | WARNING |comum.dados.repositorio_tabelas:atualizar_despesa_contestacao:1019 - [HU-19 Despesa Contestação] A tabela 'tbl_rpa_log_detraf_despesa_contestacao' não tem a(s) coluna(s) vb_contestacao — NÃO gravada(s). As demais seguem normalmente. Um ALTER TABLE resolve; ver pendencias-para-o-cliente.md (Q24).
2026-08-13 13:38:39.755 | INFO    |comum.dados.repositorio_tabelas:_atualizar_contestacao_em_lote:976 - 1 linha(s) atualizada(s) em [tbl_rpa_log_detraf_despesa_contestacao].
2026-08-13 13:38:39.772 | INFO    |comum.dados.repositorio_tabelas:_atualizar_contestacao_em_lote:976 - 1 linha(s) atualizada(s) em [tbl_rpa_log_detraf_despesa_contestacao].
2026-08-13 13:38:39.774 | INFO    |comum.dados.repositorio_cache:recarregar_cache_local:375 - Carregando tabela [tbl_rpa_log_detraf_despesa_contestacao]
2026-08-13 13:38:39.777 | INFO    |comum.dados.repositorio_cache:recarregar_cache_local:375 - Tabela [tbl_rpa_log_detraf_despesa_contestacao] carregada | Linhas: 2 | Colunas: 19
2026-08-13 13:38:39.778 | INFO    |comum.dados.repositorio_tabelas:atualizar_despesa_contestacao:1019 - [HU-19 Despesa Contestação] 2 linha(s) atualizada(s), 0 chave(s) ausente(s).
2026-08-13 13:38:39.779 | INFO    |src.controllers.geracao_agi_controller:_gerar_para_operadora:595 - [STEP] Finalizando: GeracaoAgiController.atualizar_despesa_contestacao | Tempo gasto: 0.1s
2026-08-13 13:38:39.779 | INFO    |src.controllers.geracao_agi_controller:_gerar_ext:633 - [STEP] Iniciando: montar_linhas_ext
2026-08-13 13:38:39.804 | INFO    |comum.utils.decoradores:wrapper:22 - [HU-12 EXT] 2 linha(s) montada(s).
2026-08-13 13:38:39.805 | INFO    |src.controllers.geracao_agi_controller:_gerar_ext:633 - [STEP] Finalizando: montar_linhas_ext | Tempo gasto: 0.03s
2026-08-13 13:38:39.806 | INFO    |src.controllers.geracao_agi_controller:_gerar_ext:639 - [STEP] Iniciando: gerar_arquivo_ext
2026-08-13 13:38:39.829 | INFO    |comum.utils.decoradores:wrapper:22 - [HU-12 EXT] Arquivo gravado em [C:\Users\Btime Soluções\AppData\Local\Temp\pytest-of-Btime Soluções\pytest-18\test_o_env_continua_unico0\Operadoras\CLARO\2025\202507\AGI\DE_AGI_D_202507_TBRA_X_CLARO_EXT.xlsx].
2026-08-13 13:38:39.829 | INFO    |src.controllers.geracao_agi_controller:_gerar_ext:639 - [STEP] Finalizando: gerar_arquivo_ext | Tempo gasto: 0.02s
2026-08-13 13:38:39.830 | INFO    |src.controllers.geracao_agi_controller:_gerar_int:648 - [STEP] Iniciando: montar_linhas_int
2026-08-13 13:38:39.852 | INFO    |comum.utils.decoradores:wrapper:22 - [HU-13 INT] 1 linha(s) montada(s) (COM retenção).
2026-08-13 13:38:39.853 | INFO    |src.controllers.geracao_agi_controller:_gerar_int:648 - [STEP] Finalizando: montar_linhas_int | Tempo gasto: 0.02s
2026-08-13 13:38:39.853 | INFO    |src.controllers.geracao_agi_controller:_gerar_int:654 - [STEP] Iniciando: gerar_arquivo_int
2026-08-13 13:38:39.872 | INFO    |comum.utils.decoradores:wrapper:22 - [HU-13 INT] Arquivo gravado em [C:\Users\Btime Soluções\AppData\Local\Temp\pytest-of-Btime Soluções\pytest-18\test_o_env_continua_unico0\Operadoras\CLARO\2025\202507\AGI\DE_AGI_D_202507_TBRA_X_CLARO_INT.xlsx].
2026-08-13 13:38:39.873 | INFO    |src.controllers.geracao_agi_controller:_gerar_int:654 - [STEP] Finalizando: gerar_arquivo_int | Tempo gasto: 0.02s
2026-08-13 13:38:39.873 | INFO    |src.controllers.geracao_agi_controller:_gerar_env_e_carta:682 - [STEP] Iniciando: montar_abas_env
2026-08-13 13:38:39.901 | INFO    |comum.utils.decoradores:wrapper:22 - [HU-14 _EXP] Contest: 2 linha(s) contestada(s); TBRA: 2 linha(s) correspondente(s).
2026-08-13 13:38:39.902 | INFO    |src.controllers.geracao_agi_controller:_gerar_env_e_carta:682 - [STEP] Finalizando: montar_abas_env | Tempo gasto: 0.03s
2026-08-13 13:38:39.903 | INFO    |src.controllers.geracao_agi_controller:_gerar_env_e_carta:690 - [STEP] Iniciando: gerar_arquivo_env
2026-08-13 13:38:39.931 | INFO    |comum.utils.decoradores:wrapper:22 - [HU-14 _EXP] Arquivo gravado em [C:\Users\Btime Soluções\AppData\Local\Temp\pytest-of-Btime Soluções\pytest-18\test_o_env_continua_unico0\Operadoras\CLARO\2025\202507\Contestações\Base Contestação_CLARO_202507_EXP.xlsx].
2026-08-13 13:38:39.931 | INFO    |src.controllers.geracao_agi_controller:_gerar_env_e_carta:690 - [STEP] Finalizando: gerar_arquivo_env | Tempo gasto: 0.03s
2026-08-13 13:38:39.950 | INFO    |src.controllers.geracao_agi_controller:_gerar_para_operadora:606 - [RPA 3] CLARO: linhas COM e SEM retenção no mesmo mês — sairão 2 cartas, uma por cenário (decisão Q25).
2026-08-13 13:38:39.952 | INFO    |src.controllers.geracao_agi_controller:_emitir_cartas:756 - [STEP] Iniciando: obter_proximo_numero_carta
2026-08-13 13:38:39.953 | INFO    |comum.utils.decoradores:wrapper:22 - [HU-14] Último número CT encontrado: 362. Próximo: 363.
2026-08-13 13:38:39.954 | INFO    |src.controllers.geracao_agi_controller:_emitir_cartas:756 - [STEP] Finalizando: obter_proximo_numero_carta | Tempo gasto: 0.0s
2026-08-13 13:38:39.954 | INFO    |src.controllers.geracao_agi_controller:_emitir_cartas:764 - [STEP] Iniciando: montar_tabelas_carta
2026-08-13 13:38:39.962 | INFO    |comum.utils.decoradores:wrapper:22 - [HU-14 Carta] 1 tabela(s) de remuneração montada(s).
2026-08-13 13:38:39.963 | INFO    |src.controllers.geracao_agi_controller:_emitir_cartas:764 - [STEP] Finalizando: montar_tabelas_carta | Tempo gasto: 0.01s
2026-08-13 13:38:39.963 | INFO    |src.controllers.geracao_agi_controller:_emitir_cartas:758 - [STEP] Iniciando: renderizar_carta
2026-08-13 13:38:39.998 | INFO    |comum.utils.decoradores:wrapper:22 - [HU-14 Carta] Carta CT-363 renderizada (1 tabela(s)).
2026-08-13 13:38:39.999 | INFO    |src.controllers.geracao_agi_controller:_emitir_cartas:758 - [STEP] Finalizando: renderizar_carta | Tempo gasto: 0.04s
2026-08-13 13:38:39.999 | INFO    |src.controllers.geracao_agi_controller:_emitir_cartas:768 - [STEP] Iniciando: gerar_arquivo_carta
2026-08-13 13:38:40.026 | INFO    |comum.utils.decoradores:wrapper:22 - [HU-14 Carta] Carta gravada em [C:\Users\Btime Soluções\AppData\Local\Temp\pytest-of-Btime Soluções\pytest-18\test_o_env_continua_unico0\Operadoras\CLARO\2025\202507\Contestações\CT - 363.docx], cópia em [C:\Users\Btime Soluções\AppData\Local\Temp\pytest-of-Btime Soluções\pytest-18\test_o_env_continua_unico0\CT\2025\CT - 363.docx].
2026-08-13 13:38:40.027 | INFO    |src.controllers.geracao_agi_controller:_emitir_cartas:768 - [STEP] Finalizando: gerar_arquivo_carta | Tempo gasto: 0.03s
2026-08-13 13:38:40.028 | INFO    |src.controllers.geracao_agi_controller:_gerar_env_e_carta:710 - [RPA 3] CLARO: carta CT 363 — COM retenção.
2026-08-13 13:38:40.029 | INFO    |src.controllers.geracao_agi_controller:_emitir_cartas:756 - [STEP] Iniciando: obter_proximo_numero_carta
2026-08-13 13:38:40.030 | INFO    |comum.utils.decoradores:wrapper:22 - [HU-14] Último número CT encontrado: 363. Próximo: 364.
2026-08-13 13:38:40.030 | INFO    |src.controllers.geracao_agi_controller:_emitir_cartas:756 - [STEP] Finalizando: obter_proximo_numero_carta | Tempo gasto: 0.0s
2026-08-13 13:38:40.031 | INFO    |src.controllers.geracao_agi_controller:_emitir_cartas:764 - [STEP] Iniciando: montar_tabelas_carta
2026-08-13 13:38:40.037 | INFO    |comum.utils.decoradores:wrapper:22 - [HU-14 Carta] 1 tabela(s) de remuneração montada(s).
2026-08-13 13:38:40.038 | INFO    |src.controllers.geracao_agi_controller:_emitir_cartas:764 - [STEP] Finalizando: montar_tabelas_carta | Tempo gasto: 0.01s
2026-08-13 13:38:40.039 | INFO    |src.controllers.geracao_agi_controller:_emitir_cartas:758 - [STEP] Iniciando: renderizar_carta
2026-08-13 13:38:40.073 | INFO    |comum.utils.decoradores:wrapper:22 - [HU-14 Carta] Carta CT-364 renderizada (1 tabela(s)).
2026-08-13 13:38:40.074 | INFO    |src.controllers.geracao_agi_controller:_emitir_cartas:758 - [STEP] Finalizando: renderizar_carta | Tempo gasto: 0.04s
2026-08-13 13:38:40.074 | INFO    |src.controllers.geracao_agi_controller:_emitir_cartas:768 - [STEP] Iniciando: gerar_arquivo_carta
2026-08-13 13:38:40.103 | INFO    |comum.utils.decoradores:wrapper:22 - [HU-14 Carta] Carta gravada em [C:\Users\Btime Soluções\AppData\Local\Temp\pytest-of-Btime Soluções\pytest-18\test_o_env_continua_unico0\Operadoras\CLARO\2025\202507\Contestações\CT - 364.docx], cópia em [C:\Users\Btime Soluções\AppData\Local\Temp\pytest-of-Btime Soluções\pytest-18\test_o_env_continua_unico0\CT\2025\CT - 364.docx].
2026-08-13 13:38:40.104 | INFO    |src.controllers.geracao_agi_controller:_emitir_cartas:768 - [STEP] Finalizando: gerar_arquivo_carta | Tempo gasto: 0.03s
2026-08-13 13:38:40.104 | INFO    |src.controllers.geracao_agi_controller:_gerar_env_e_carta:710 - [RPA 3] CLARO: carta CT 364 — SEM retenção.
2026-08-13 13:38:40.106 | INFO    |src.controllers.geracao_agi_controller:_gerar_para_operadora:617 - [STEP] Iniciando: GeracaoAgiController.gerar_cont_proc
2026-08-13 13:38:40.106 | INFO    |src.controllers.geracao_agi_controller:gerar_cont_proc:1030 - [STEP] Iniciando: montar_linhas_cont_proc
2026-08-13 13:38:40.107 | INFO    |src.services.geracao_cont_proc:montar_linhas_cont_proc:224 - [STEP] Iniciando: selecionar_linhas_contestadas
2026-08-13 13:38:40.122 | INFO    |comum.utils.decoradores:wrapper:22 - [HU-16 CONT_PROC] 2 linha(s) contestada(s).
2026-08-13 13:38:40.122 | INFO    |src.services.geracao_cont_proc:montar_linhas_cont_proc:224 - [STEP] Finalizando: selecionar_linhas_contestadas | Tempo gasto: 0.02s
2026-08-13 13:38:40.128 | INFO    |comum.utils.decoradores:wrapper:22 - [HU-16 CONT_PROC] 2 linha(s) montada(s) (T-100+T-101 completos).
2026-08-13 13:38:40.129 | INFO    |src.controllers.geracao_agi_controller:gerar_cont_proc:1030 - [STEP] Finalizando: montar_linhas_cont_proc | Tempo gasto: 0.02s
2026-08-13 13:38:40.130 | INFO    |src.controllers.geracao_agi_controller:gerar_cont_proc:1036 - [STEP] Iniciando: gerar_arquivo_cont_proc
2026-08-13 13:38:40.151 | INFO    |comum.utils.decoradores:wrapper:22 - [HU-16 CONT_PROC] Arquivo gravado em [C:\Users\Btime Soluções\AppData\Local\Temp\pytest-of-Btime Soluções\pytest-18\test_o_env_continua_unico0\Operadoras\CLARO\2025\202507\AGI\CONT_PROC_MASCARA_CLARO_202507.xlsx].
2026-08-13 13:38:40.152 | INFO    |src.controllers.geracao_agi_controller:gerar_cont_proc:1036 - [STEP] Finalizando: gerar_arquivo_cont_proc | Tempo gasto: 0.02s
2026-08-13 13:38:40.153 | INFO    |src.controllers.geracao_agi_controller:gerar_cont_proc:1046 - [STEP] Iniciando: selecionar_linhas_contestadas
2026-08-13 13:38:40.168 | INFO    |comum.utils.decoradores:wrapper:22 - [HU-16 CONT_PROC] 2 linha(s) contestada(s).
2026-08-13 13:38:40.168 | INFO    |src.controllers.geracao_agi_controller:gerar_cont_proc:1046 - [STEP] Finalizando: selecionar_linhas_contestadas | Tempo gasto: 0.02s
2026-08-13 13:38:40.175 | INFO    |comum.dados.repositorio_tabelas:_atualizar_contestacao_em_lote:976 - 1 linha(s) atualizada(s) em [tbl_rpa_log_detraf_despesa_contestacao].
2026-08-13 13:38:40.183 | INFO    |comum.dados.repositorio_tabelas:_atualizar_contestacao_em_lote:976 - 1 linha(s) atualizada(s) em [tbl_rpa_log_detraf_despesa_contestacao].
2026-08-13 13:38:40.183 | INFO    |comum.dados.repositorio_cache:recarregar_cache_local:375 - Carregando tabela [tbl_rpa_log_detraf_despesa_contestacao]
2026-08-13 13:38:40.186 | INFO    |comum.dados.repositorio_cache:recarregar_cache_local:375 - Tabela [tbl_rpa_log_detraf_despesa_contestacao] carregada | Linhas: 2 | Colunas: 19
2026-08-13 13:38:40.187 | INFO    |comum.dados.repositorio_tabelas:atualizar_tipo_contestacao:1046 - [HU-16 Writeback tipo_contestacao] 2 linha(s) atualizada(s), 0 chave(s) ausente(s).
2026-08-13 13:38:40.187 | INFO    |src.controllers.geracao_agi_controller:_gerar_para_operadora:617 - [STEP] Finalizando: GeracaoAgiController.gerar_cont_proc | Tempo gasto: 0.08s
2026-08-13 13:38:40.188 | INFO    |src.controllers.geracao_agi_controller:_pausar_apos_artefatos:530 - [RPA 3 — etapa 1/4: artefatos] 1 operadora(s) em 202507:
2026-08-13 13:38:40.189 | INFO    |src.controllers.geracao_agi_controller:_pausar_apos_artefatos:530 - [RPA 3 — etapa 1/4: artefatos]   CLARO                EXT · INT · _EXP · 2 carta(s) · CONT_PROC
2026-08-13 13:38:40.189 | INFO    |src.controllers.geracao_agi_controller:_pausar_apos_artefatos:530 - [RPA 3 — etapa 1/4: artefatos] Pasta: C:\Users\Btime Soluções\AppData\Local\Temp\pytest-of-Btime Soluções\pytest-18\test_o_env_continua_unico0\Operadoras
2026-08-13 13:38:40.189 | INFO    |src.controllers.geracao_agi_controller:_pausar_apos_artefatos:530 - [RPA 3 — etapa 1/4: artefatos] ────────────────────────────────────────────────────────────
2026-08-13 13:38:40.190 | INFO    |src.controllers.geracao_agi_controller:_pausar_apos_artefatos:530 - [RPA 3 — etapa 1/4: artefatos] PRÓXIMA ETAPA: carga no AGI (HU-17/HU-18) — ESCREVE NO AGI
2026-08-13 13:38:40.190 | INFO    |src.controllers.geracao_agi_controller:gerar_artefatos:332 - [RPA 3 — etapa 2/4: carga no AGI] 1 operadora(s) na lista de carga.
2026-08-13 13:38:40.190 | INFO    |src.controllers.geracao_agi_controller:gerar_artefatos:332 - [RPA 3 — etapa 2/4: carga no AGI] Upload no AGI: desligado — nada foi enviado, só registrado no log.
2026-08-13 13:38:40.191 | INFO    |src.controllers.geracao_agi_controller:gerar_artefatos:332 - [RPA 3 — etapa 2/4: carga no AGI] Confira no AGI se a carga entrou, e o campo `carga_agi` na tabela de contestação.
2026-08-13 13:38:40.191 | INFO    |src.controllers.geracao_agi_controller:gerar_artefatos:332 - [RPA 3 — etapa 2/4: carga no AGI] ────────────────────────────────────────────────────────────
2026-08-13 13:38:40.192 | INFO    |src.controllers.geracao_agi_controller:gerar_artefatos:332 - [RPA 3 — etapa 2/4: carga no AGI] PRÓXIMA ETAPA: e-mail de contestação à operadora (HU-15) — SAI DA EMPRESA
2026-08-13 13:38:40.192 | WARNING |src.controllers.geracao_agi_controller:<genexpr>:840 - [HU-15] Contatos de 'CLARO' indisponíveis: a tabela de contatos do WebFat ainda não foi informada pelo cliente (pendência Q16), e CAMINHO_CONTATOS_OPERADORAS não está configurado.
2026-08-13 13:38:40.192 | WARNING |src.controllers.geracao_agi_controller:gerar_artefatos:360 - [RPA 3] Nenhum destinatário para as 1 contestação(ões) do mês — o Outlook nem chega a ser aberto. Pendência Q16.
2026-08-13 13:38:40.193 | INFO    |src.controllers.geracao_agi_controller:gerar_artefatos:368 - [RPA 3 — etapa 3/4: e-mail de contestação] Envio de e-mail: desligado — o e-mail foi montado e registrado, não enviado.
2026-08-13 13:38:40.194 | INFO    |src.controllers.geracao_agi_controller:gerar_artefatos:368 - [RPA 3 — etapa 3/4: e-mail de contestação] Contatos: não configurados (pendência Q16) — nada é enviado
2026-08-13 13:38:40.194 | INFO    |src.controllers.geracao_agi_controller:gerar_artefatos:368 - [RPA 3 — etapa 3/4: e-mail de contestação] ────────────────────────────────────────────────────────────
2026-08-13 13:38:40.195 | INFO    |src.controllers.geracao_agi_controller:gerar_artefatos:368 - [RPA 3 — etapa 3/4: e-mail de contestação] PRÓXIMA ETAPA: conferência do relatório contra o EC (HU-20)
2026-08-13 13:38:40.196 | INFO    |src.controllers.geracao_agi_controller:_verificar_relatorio:895 - [STEP] Iniciando: VerificacaoRelatorio.executar
2026-08-13 13:38:40.196 | INFO    |comum.utils.decoradores:wrapper:22 - [MODO SEGURO] PERMITIR_ACESSO_AGI=false — o AGI não será aberto. A verificação usa o relatório já em [C:\projetos\MVP2\MVP2\MVP2\DETRAF-UNIFICADO\unificado\logs\relatorio_agi\remessa_baixada.csv].
2026-08-13 13:38:40.197 | INFO    |src.controllers.geracao_agi_controller:_verificar_relatorio:895 - [STEP] Finalizando: VerificacaoRelatorio.executar | Tempo gasto: 0.0s
2026-08-13 13:38:40.198 | WARNING |src.controllers.geracao_agi_controller:gerar_artefatos:398 - [RPA 3] HU-20 não executada: Relatório do AGI não encontrado em [C:\projetos\MVP2\MVP2\MVP2\DETRAF-UNIFICADO\unificado\logs\relatorio_agi\remessa_baixada.csv]. Com PERMITIR_ACESSO_AGI desligado, é preciso baixá-lo antes.
2026-08-13 13:38:40.198 | INFO    |src.controllers.geracao_agi_controller:gerar_artefatos:402 - [RPA 3 — etapa 4/4: conferência do relatório] A conferência compara o relatório do AGI com o Encontro de Contas do banco.
2026-08-13 13:38:40.199 | INFO    |src.controllers.geracao_agi_controller:gerar_artefatos:402 - [RPA 3 — etapa 4/4: conferência do relatório] A planilha de inconsistências só é gravada quando há divergência — nenhum arquivo significa nenhuma divergência.
2026-08-13 13:38:40.199 | INFO    |src.controllers.geracao_agi_controller:gerar_artefatos:402 - [RPA 3 — etapa 4/4: conferência do relatório] Pasta: C:\projetos\MVP2\MVP2\MVP2\DETRAF-UNIFICADO\unificado\logs\inconsistencias
2026-08-13 13:38:40.200 | INFO    |src.controllers.geracao_agi_controller:gerar_artefatos:402 - [RPA 3 — etapa 4/4: conferência do relatório] ────────────────────────────────────────────────────────────
2026-08-13 13:38:40.200 | INFO    |src.controllers.geracao_agi_controller:gerar_artefatos:402 - [RPA 3 — etapa 4/4: conferência do relatório] Esta é a última etapa da execução.
2026-08-13 13:38:40.200 | INFO    |src.controllers.geracao_agi_controller:gerar_artefatos:415 - [RPA 3] Resumo de 202507 — 1 operadora(s): EXT 1, INT 1, _EXP 1, carta 2, CONT_PROC 1.
2026-08-13 13:38:40.201 | INFO    |src.controllers.geracao_agi_controller:gerar_artefatos:415 - [RPA 3]   CLARO: e-mail de contestação não enviado.
2026-08-13 13:38:40.201 | WARNING |src.controllers.geracao_agi_controller:gerar_artefatos:415 - [RPA 3] HU-15 sem destinatários: a tabela de contatos do WebFat continua sem resposta do cliente (pendência Q16). A ponte é apontar CAMINHO_CONTATOS_OPERADORAS para um CSV `operadora;emails`.
2026-08-13 13:38:40.204 | INFO    |src.controllers.geracao_agi_controller:_gravar_relatorio:956 - [Relatório] Resumo da execução em [C:\projetos\MVP2\MVP2\MVP2\DETRAF-UNIFICADO\unificado\logs\DESKTOP-64TNDKM\rpa3_contestacao_agi_ec\execucoes\2026-08-13_13-38-40.md].
2026-08-13 13:38:40.205 | INFO    |test_orquestracao_rpa3:test_o_env_continua_unico:603 - [STEP] Finalizando: GeracaoAgiController.gerar_artefatos | Tempo gasto: 0.63s
2026-08-13 13:38:40.223 | INFO    |comum.dados.repositorio_cache:__init__:77 - Inicializando conexão com o banco no ambiente [dev]
2026-08-13 13:38:40.224 | INFO    |comum.dados.repositorio_cache:__init__:77 - Utilizando SQLite local [C:\Users\BTIMES~1\AppData\Local\Temp\detraf_epico4_teste_9l21xs1s\TABELAS_DETRAF_TESTE.db]
2026-08-13 13:38:40.235 | INFO    |test_orquestracao_rpa3:test_cenario_unico_gera_uma_carta_so:617 - [STEP] Iniciando: GeracaoAgiController.gerar_artefatos
2026-08-13 13:38:40.237 | INFO    |comum.utils.decoradores:wrapper:22 - [RPA 3] 1 operadora(s) em 202507: CLARO.
2026-08-13 13:38:40.237 | INFO    |comum.dados.repositorio_cache:obter_tabela:214 - Carregando tabela [tbl_detraf_mapeamento_descritores]
2026-08-13 13:38:40.243 | INFO    |comum.dados.repositorio_cache:obter_tabela:214 - Tabela [tbl_detraf_mapeamento_descritores] carregada | Linhas: 25 | Colunas: 5
2026-08-13 13:38:40.254 | INFO    |src.controllers.geracao_agi_controller:_gerar_para_operadora:558 - [STEP] Iniciando: consolidar_detrafs_operadora
2026-08-13 13:38:40.255 | INFO    |src.services.consolidacao_contestacao:consolidar_detrafs_operadora:174 - [Consolidação] 1 arquivo(s) encontrado(s) em [C:\Users\Btime Soluções\AppData\Local\Temp\pytest-of-Btime Soluções\pytest-18\test_cenario_unico_gera_uma_ca0\Operadoras\CLARO\2025\202507\Detrafs Recebidos].
2026-08-13 13:38:40.261 | INFO    |src.services.consolidacao_contestacao:consolidar_detrafs_operadora:177 - [Consolidação] [DETRAF_D_CLARO_202507.csv]: 1 linha(s) -> 1 após remover totais.
2026-08-13 13:38:40.263 | INFO    |src.services.consolidacao_contestacao:consolidar_detrafs_operadora:177 - [Consolidação] Consolidado: 1 linha(s) de 1 arquivo(s).
2026-08-13 13:38:40.263 | INFO    |src.controllers.geracao_agi_controller:_gerar_para_operadora:558 - [STEP] Finalizando: consolidar_detrafs_operadora | Tempo gasto: 0.01s
2026-08-13 13:38:40.264 | INFO    |src.controllers.geracao_agi_controller:_gerar_para_operadora:574 - [STEP] Iniciando: consolidar_expectativa_vivo
2026-08-13 13:38:40.265 | INFO    |src.services.consolidacao_contestacao:consolidar_expectativa_vivo:207 - [Consolidação] 1 arquivo(s) encontrado(s) em [C:\Users\Btime Soluções\AppData\Local\Temp\pytest-of-Btime Soluções\pytest-18\test_cenario_unico_gera_uma_ca0\Operadoras\CLARO\2025\202507\Detrafs Enviados].
2026-08-13 13:38:40.271 | INFO    |src.services.consolidacao_contestacao:consolidar_expectativa_vivo:211 - [Consolidação] [DE_D_TBRA_CLARO_202507.csv]: 1 linha(s) -> 1 após remover totais.
2026-08-13 13:38:40.272 | INFO    |src.services.consolidacao_contestacao:consolidar_expectativa_vivo:211 - [Consolidação] Consolidado: 1 linha(s) de 1 arquivo(s).
2026-08-13 13:38:40.273 | INFO    |src.controllers.geracao_agi_controller:_gerar_para_operadora:574 - [STEP] Finalizando: consolidar_expectativa_vivo | Tempo gasto: 0.01s
2026-08-13 13:38:40.273 | INFO    |src.controllers.geracao_agi_controller:_gerar_para_operadora:586 - [STEP] Iniciando: montar_contest
2026-08-13 13:38:40.310 | INFO    |comum.utils.decoradores:wrapper:22 - [Consolidação] Contest: 1 combinação(ões) analisada(s).
2026-08-13 13:38:40.311 | INFO    |src.controllers.geracao_agi_controller:_gerar_para_operadora:586 - [STEP] Finalizando: montar_contest | Tempo gasto: 0.04s
2026-08-13 13:38:40.312 | INFO    |src.controllers.geracao_agi_controller:_gerar_para_operadora:595 - [STEP] Iniciando: GeracaoAgiController.atualizar_despesa_contestacao
2026-08-13 13:38:40.312 | INFO    |src.controllers.geracao_agi_controller:atualizar_despesa_contestacao:1066 - [STEP] Iniciando: preparar_atualizacoes_despesa_contestacao
2026-08-13 13:38:40.314 | INFO    |comum.dados.repositorio_cache:obter_tabela:214 - Carregando tabela [tbl_rpa_log_detraf_despesa_contestacao]
2026-08-13 13:38:40.319 | INFO    |comum.dados.repositorio_cache:obter_tabela:214 - Tabela [tbl_rpa_log_detraf_despesa_contestacao] carregada | Linhas: 2 | Colunas: 19
2026-08-13 13:38:40.329 | INFO    |comum.utils.decoradores:wrapper:22 - [HU-19 Despesa Contestação] 1 atualização(ões) preparada(s).
2026-08-13 13:38:40.330 | INFO    |src.controllers.geracao_agi_controller:atualizar_despesa_contestacao:1066 - [STEP] Finalizando: preparar_atualizacoes_despesa_contestacao | Tempo gasto: 0.02s
2026-08-13 13:38:40.330 | WARNING |comum.dados.repositorio_tabelas:atualizar_despesa_contestacao:1019 - [HU-19 Despesa Contestação] A tabela 'tbl_rpa_log_detraf_despesa_contestacao' não tem a(s) coluna(s) vb_contestacao — NÃO gravada(s). As demais seguem normalmente. Um ALTER TABLE resolve; ver pendencias-para-o-cliente.md (Q24).
2026-08-13 13:38:40.361 | INFO    |comum.dados.repositorio_tabelas:_atualizar_contestacao_em_lote:976 - 1 linha(s) atualizada(s) em [tbl_rpa_log_detraf_despesa_contestacao].
2026-08-13 13:38:40.362 | INFO    |comum.dados.repositorio_cache:recarregar_cache_local:375 - Carregando tabela [tbl_rpa_log_detraf_despesa_contestacao]
2026-08-13 13:38:40.366 | INFO    |comum.dados.repositorio_cache:recarregar_cache_local:375 - Tabela [tbl_rpa_log_detraf_despesa_contestacao] carregada | Linhas: 2 | Colunas: 19
2026-08-13 13:38:40.367 | INFO    |comum.dados.repositorio_tabelas:atualizar_despesa_contestacao:1019 - [HU-19 Despesa Contestação] 1 linha(s) atualizada(s), 0 chave(s) ausente(s).
2026-08-13 13:38:40.367 | INFO    |src.controllers.geracao_agi_controller:_gerar_para_operadora:595 - [STEP] Finalizando: GeracaoAgiController.atualizar_despesa_contestacao | Tempo gasto: 0.06s
2026-08-13 13:38:40.367 | INFO    |src.controllers.geracao_agi_controller:_gerar_ext:633 - [STEP] Iniciando: montar_linhas_ext
2026-08-13 13:38:40.384 | INFO    |comum.utils.decoradores:wrapper:22 - [HU-12 EXT] 1 linha(s) montada(s).
2026-08-13 13:38:40.385 | INFO    |src.controllers.geracao_agi_controller:_gerar_ext:633 - [STEP] Finalizando: montar_linhas_ext | Tempo gasto: 0.02s
2026-08-13 13:38:40.386 | INFO    |src.controllers.geracao_agi_controller:_gerar_ext:639 - [STEP] Iniciando: gerar_arquivo_ext
2026-08-13 13:38:40.404 | INFO    |comum.utils.decoradores:wrapper:22 - [HU-12 EXT] Arquivo gravado em [C:\Users\Btime Soluções\AppData\Local\Temp\pytest-of-Btime Soluções\pytest-18\test_cenario_unico_gera_uma_ca0\Operadoras\CLARO\2025\202507\AGI\DE_AGI_D_202507_TBRA_X_CLARO_EXT.xlsx].
2026-08-13 13:38:40.405 | INFO    |src.controllers.geracao_agi_controller:_gerar_ext:639 - [STEP] Finalizando: gerar_arquivo_ext | Tempo gasto: 0.02s
2026-08-13 13:38:40.406 | INFO    |src.controllers.geracao_agi_controller:_gerar_int:648 - [STEP] Iniciando: montar_linhas_int
2026-08-13 13:38:40.425 | INFO    |comum.utils.decoradores:wrapper:22 - [HU-13 INT] 1 linha(s) montada(s) (COM retenção).
2026-08-13 13:38:40.425 | INFO    |src.controllers.geracao_agi_controller:_gerar_int:648 - [STEP] Finalizando: montar_linhas_int | Tempo gasto: 0.02s
2026-08-13 13:38:40.426 | INFO    |src.controllers.geracao_agi_controller:_gerar_int:654 - [STEP] Iniciando: gerar_arquivo_int
2026-08-13 13:38:40.449 | INFO    |comum.utils.decoradores:wrapper:22 - [HU-13 INT] Arquivo gravado em [C:\Users\Btime Soluções\AppData\Local\Temp\pytest-of-Btime Soluções\pytest-18\test_cenario_unico_gera_uma_ca0\Operadoras\CLARO\2025\202507\AGI\DE_AGI_D_202507_TBRA_X_CLARO_INT.xlsx].
2026-08-13 13:38:40.451 | INFO    |src.controllers.geracao_agi_controller:_gerar_int:654 - [STEP] Finalizando: gerar_arquivo_int | Tempo gasto: 0.02s
2026-08-13 13:38:40.451 | INFO    |src.controllers.geracao_agi_controller:_gerar_env_e_carta:682 - [STEP] Iniciando: montar_abas_env
2026-08-13 13:38:40.469 | INFO    |comum.utils.decoradores:wrapper:22 - [HU-14 _EXP] Contest: 1 linha(s) contestada(s); TBRA: 1 linha(s) correspondente(s).
2026-08-13 13:38:40.470 | INFO    |src.controllers.geracao_agi_controller:_gerar_env_e_carta:682 - [STEP] Finalizando: montar_abas_env | Tempo gasto: 0.02s
2026-08-13 13:38:40.470 | INFO    |src.controllers.geracao_agi_controller:_gerar_env_e_carta:690 - [STEP] Iniciando: gerar_arquivo_env
2026-08-13 13:38:40.502 | INFO    |comum.utils.decoradores:wrapper:22 - [HU-14 _EXP] Arquivo gravado em [C:\Users\Btime Soluções\AppData\Local\Temp\pytest-of-Btime Soluções\pytest-18\test_cenario_unico_gera_uma_ca0\Operadoras\CLARO\2025\202507\Contestações\Base Contestação_CLARO_202507_EXP.xlsx].
2026-08-13 13:38:40.503 | INFO    |src.controllers.geracao_agi_controller:_gerar_env_e_carta:690 - [STEP] Finalizando: gerar_arquivo_env | Tempo gasto: 0.03s
2026-08-13 13:38:40.517 | INFO    |src.controllers.geracao_agi_controller:_emitir_cartas:756 - [STEP] Iniciando: obter_proximo_numero_carta
2026-08-13 13:38:40.518 | INFO    |comum.utils.decoradores:wrapper:22 - [HU-14] Último número CT encontrado: 362. Próximo: 363.
2026-08-13 13:38:40.519 | INFO    |src.controllers.geracao_agi_controller:_emitir_cartas:756 - [STEP] Finalizando: obter_proximo_numero_carta | Tempo gasto: 0.0s
2026-08-13 13:38:40.519 | INFO    |src.controllers.geracao_agi_controller:_emitir_cartas:764 - [STEP] Iniciando: montar_tabelas_carta
2026-08-13 13:38:40.526 | INFO    |comum.utils.decoradores:wrapper:22 - [HU-14 Carta] 1 tabela(s) de remuneração montada(s).
2026-08-13 13:38:40.528 | INFO    |src.controllers.geracao_agi_controller:_emitir_cartas:764 - [STEP] Finalizando: montar_tabelas_carta | Tempo gasto: 0.01s
2026-08-13 13:38:40.529 | INFO    |src.controllers.geracao_agi_controller:_emitir_cartas:758 - [STEP] Iniciando: renderizar_carta
2026-08-13 13:38:40.569 | INFO    |comum.utils.decoradores:wrapper:22 - [HU-14 Carta] Carta CT-363 renderizada (1 tabela(s)).
2026-08-13 13:38:40.570 | INFO    |src.controllers.geracao_agi_controller:_emitir_cartas:758 - [STEP] Finalizando: renderizar_carta | Tempo gasto: 0.04s
2026-08-13 13:38:40.571 | INFO    |src.controllers.geracao_agi_controller:_emitir_cartas:768 - [STEP] Iniciando: gerar_arquivo_carta
2026-08-13 13:38:40.597 | INFO    |comum.utils.decoradores:wrapper:22 - [HU-14 Carta] Carta gravada em [C:\Users\Btime Soluções\AppData\Local\Temp\pytest-of-Btime Soluções\pytest-18\test_cenario_unico_gera_uma_ca0\Operadoras\CLARO\2025\202507\Contestações\CT - 363.docx], cópia em [C:\Users\Btime Soluções\AppData\Local\Temp\pytest-of-Btime Soluções\pytest-18\test_cenario_unico_gera_uma_ca0\CT\2025\CT - 363.docx].
2026-08-13 13:38:40.598 | INFO    |src.controllers.geracao_agi_controller:_emitir_cartas:768 - [STEP] Finalizando: gerar_arquivo_carta | Tempo gasto: 0.03s
2026-08-13 13:38:40.598 | INFO    |src.controllers.geracao_agi_controller:_gerar_env_e_carta:710 - [RPA 3] CLARO: carta CT 363 — COM retenção.
2026-08-13 13:38:40.600 | INFO    |src.controllers.geracao_agi_controller:_gerar_para_operadora:617 - [STEP] Iniciando: GeracaoAgiController.gerar_cont_proc
2026-08-13 13:38:40.600 | INFO    |src.controllers.geracao_agi_controller:gerar_cont_proc:1030 - [STEP] Iniciando: montar_linhas_cont_proc
2026-08-13 13:38:40.600 | INFO    |src.services.geracao_cont_proc:montar_linhas_cont_proc:224 - [STEP] Iniciando: selecionar_linhas_contestadas
2026-08-13 13:38:40.609 | INFO    |comum.utils.decoradores:wrapper:22 - [HU-16 CONT_PROC] 1 linha(s) contestada(s).
2026-08-13 13:38:40.611 | INFO    |src.services.geracao_cont_proc:montar_linhas_cont_proc:224 - [STEP] Finalizando: selecionar_linhas_contestadas | Tempo gasto: 0.01s
2026-08-13 13:38:40.616 | INFO    |comum.utils.decoradores:wrapper:22 - [HU-16 CONT_PROC] 1 linha(s) montada(s) (T-100+T-101 completos).
2026-08-13 13:38:40.618 | INFO    |src.controllers.geracao_agi_controller:gerar_cont_proc:1030 - [STEP] Finalizando: montar_linhas_cont_proc | Tempo gasto: 0.02s
2026-08-13 13:38:40.619 | INFO    |src.controllers.geracao_agi_controller:gerar_cont_proc:1036 - [STEP] Iniciando: gerar_arquivo_cont_proc
2026-08-13 13:38:40.639 | INFO    |comum.utils.decoradores:wrapper:22 - [HU-16 CONT_PROC] Arquivo gravado em [C:\Users\Btime Soluções\AppData\Local\Temp\pytest-of-Btime Soluções\pytest-18\test_cenario_unico_gera_uma_ca0\Operadoras\CLARO\2025\202507\AGI\CONT_PROC_MASCARA_CLARO_202507.xlsx].
2026-08-13 13:38:40.640 | INFO    |src.controllers.geracao_agi_controller:gerar_cont_proc:1036 - [STEP] Finalizando: gerar_arquivo_cont_proc | Tempo gasto: 0.02s
2026-08-13 13:38:40.640 | INFO    |src.controllers.geracao_agi_controller:gerar_cont_proc:1046 - [STEP] Iniciando: selecionar_linhas_contestadas
2026-08-13 13:38:40.652 | INFO    |comum.utils.decoradores:wrapper:22 - [HU-16 CONT_PROC] 1 linha(s) contestada(s).
2026-08-13 13:38:40.653 | INFO    |src.controllers.geracao_agi_controller:gerar_cont_proc:1046 - [STEP] Finalizando: selecionar_linhas_contestadas | Tempo gasto: 0.01s
2026-08-13 13:38:40.662 | INFO    |comum.dados.repositorio_tabelas:_atualizar_contestacao_em_lote:976 - 1 linha(s) atualizada(s) em [tbl_rpa_log_detraf_despesa_contestacao].
2026-08-13 13:38:40.663 | INFO    |comum.dados.repositorio_cache:recarregar_cache_local:375 - Carregando tabela [tbl_rpa_log_detraf_despesa_contestacao]
2026-08-13 13:38:40.666 | INFO    |comum.dados.repositorio_cache:recarregar_cache_local:375 - Tabela [tbl_rpa_log_detraf_despesa_contestacao] carregada | Linhas: 2 | Colunas: 19
2026-08-13 13:38:40.667 | INFO    |comum.dados.repositorio_tabelas:atualizar_tipo_contestacao:1046 - [HU-16 Writeback tipo_contestacao] 1 linha(s) atualizada(s), 0 chave(s) ausente(s).
2026-08-13 13:38:40.667 | INFO    |src.controllers.geracao_agi_controller:_gerar_para_operadora:617 - [STEP] Finalizando: GeracaoAgiController.gerar_cont_proc | Tempo gasto: 0.07s
2026-08-13 13:38:40.668 | INFO    |src.controllers.geracao_agi_controller:_pausar_apos_artefatos:530 - [RPA 3 — etapa 1/4: artefatos] 1 operadora(s) em 202507:
2026-08-13 13:38:40.668 | INFO    |src.controllers.geracao_agi_controller:_pausar_apos_artefatos:530 - [RPA 3 — etapa 1/4: artefatos]   CLARO                EXT · INT · _EXP · 1 carta(s) · CONT_PROC
2026-08-13 13:38:40.669 | INFO    |src.controllers.geracao_agi_controller:_pausar_apos_artefatos:530 - [RPA 3 — etapa 1/4: artefatos] Pasta: C:\Users\Btime Soluções\AppData\Local\Temp\pytest-of-Btime Soluções\pytest-18\test_cenario_unico_gera_uma_ca0\Operadoras
2026-08-13 13:38:40.669 | INFO    |src.controllers.geracao_agi_controller:_pausar_apos_artefatos:530 - [RPA 3 — etapa 1/4: artefatos] ────────────────────────────────────────────────────────────
2026-08-13 13:38:40.669 | INFO    |src.controllers.geracao_agi_controller:_pausar_apos_artefatos:530 - [RPA 3 — etapa 1/4: artefatos] PRÓXIMA ETAPA: carga no AGI (HU-17/HU-18) — ESCREVE NO AGI
2026-08-13 13:38:40.670 | INFO    |src.controllers.geracao_agi_controller:gerar_artefatos:332 - [RPA 3 — etapa 2/4: carga no AGI] 1 operadora(s) na lista de carga.
2026-08-13 13:38:40.670 | INFO    |src.controllers.geracao_agi_controller:gerar_artefatos:332 - [RPA 3 — etapa 2/4: carga no AGI] Upload no AGI: desligado — nada foi enviado, só registrado no log.
2026-08-13 13:38:40.670 | INFO    |src.controllers.geracao_agi_controller:gerar_artefatos:332 - [RPA 3 — etapa 2/4: carga no AGI] Confira no AGI se a carga entrou, e o campo `carga_agi` na tabela de contestação.
2026-08-13 13:38:40.671 | INFO    |src.controllers.geracao_agi_controller:gerar_artefatos:332 - [RPA 3 — etapa 2/4: carga no AGI] ────────────────────────────────────────────────────────────
2026-08-13 13:38:40.671 | INFO    |src.controllers.geracao_agi_controller:gerar_artefatos:332 - [RPA 3 — etapa 2/4: carga no AGI] PRÓXIMA ETAPA: e-mail de contestação à operadora (HU-15) — SAI DA EMPRESA
2026-08-13 13:38:40.672 | WARNING |src.controllers.geracao_agi_controller:<genexpr>:840 - [HU-15] Contatos de 'CLARO' indisponíveis: a tabela de contatos do WebFat ainda não foi informada pelo cliente (pendência Q16), e CAMINHO_CONTATOS_OPERADORAS não está configurado.
2026-08-13 13:38:40.672 | WARNING |src.controllers.geracao_agi_controller:gerar_artefatos:360 - [RPA 3] Nenhum destinatário para as 1 contestação(ões) do mês — o Outlook nem chega a ser aberto. Pendência Q16.
2026-08-13 13:38:40.672 | INFO    |src.controllers.geracao_agi_controller:gerar_artefatos:368 - [RPA 3 — etapa 3/4: e-mail de contestação] Envio de e-mail: desligado — o e-mail foi montado e registrado, não enviado.
2026-08-13 13:38:40.673 | INFO    |src.controllers.geracao_agi_controller:gerar_artefatos:368 - [RPA 3 — etapa 3/4: e-mail de contestação] Contatos: não configurados (pendência Q16) — nada é enviado
2026-08-13 13:38:40.673 | INFO    |src.controllers.geracao_agi_controller:gerar_artefatos:368 - [RPA 3 — etapa 3/4: e-mail de contestação] ────────────────────────────────────────────────────────────
2026-08-13 13:38:40.674 | INFO    |src.controllers.geracao_agi_controller:gerar_artefatos:368 - [RPA 3 — etapa 3/4: e-mail de contestação] PRÓXIMA ETAPA: conferência do relatório contra o EC (HU-20)
2026-08-13 13:38:40.675 | INFO    |src.controllers.geracao_agi_controller:_verificar_relatorio:895 - [STEP] Iniciando: VerificacaoRelatorio.executar
2026-08-13 13:38:40.675 | INFO    |comum.utils.decoradores:wrapper:22 - [MODO SEGURO] PERMITIR_ACESSO_AGI=false — o AGI não será aberto. A verificação usa o relatório já em [C:\projetos\MVP2\MVP2\MVP2\DETRAF-UNIFICADO\unificado\logs\relatorio_agi\remessa_baixada.csv].
2026-08-13 13:38:40.676 | INFO    |src.controllers.geracao_agi_controller:_verificar_relatorio:895 - [STEP] Finalizando: VerificacaoRelatorio.executar | Tempo gasto: 0.0s
2026-08-13 13:38:40.676 | WARNING |src.controllers.geracao_agi_controller:gerar_artefatos:398 - [RPA 3] HU-20 não executada: Relatório do AGI não encontrado em [C:\projetos\MVP2\MVP2\MVP2\DETRAF-UNIFICADO\unificado\logs\relatorio_agi\remessa_baixada.csv]. Com PERMITIR_ACESSO_AGI desligado, é preciso baixá-lo antes.
2026-08-13 13:38:40.677 | INFO    |src.controllers.geracao_agi_controller:gerar_artefatos:402 - [RPA 3 — etapa 4/4: conferência do relatório] A conferência compara o relatório do AGI com o Encontro de Contas do banco.
2026-08-13 13:38:40.677 | INFO    |src.controllers.geracao_agi_controller:gerar_artefatos:402 - [RPA 3 — etapa 4/4: conferência do relatório] A planilha de inconsistências só é gravada quando há divergência — nenhum arquivo significa nenhuma divergência.
2026-08-13 13:38:40.678 | INFO    |src.controllers.geracao_agi_controller:gerar_artefatos:402 - [RPA 3 — etapa 4/4: conferência do relatório] Pasta: C:\projetos\MVP2\MVP2\MVP2\DETRAF-UNIFICADO\unificado\logs\inconsistencias
2026-08-13 13:38:40.679 | INFO    |src.controllers.geracao_agi_controller:gerar_artefatos:402 - [RPA 3 — etapa 4/4: conferência do relatório] ────────────────────────────────────────────────────────────
2026-08-13 13:38:40.679 | INFO    |src.controllers.geracao_agi_controller:gerar_artefatos:402 - [RPA 3 — etapa 4/4: conferência do relatório] Esta é a última etapa da execução.
2026-08-13 13:38:40.680 | INFO    |src.controllers.geracao_agi_controller:gerar_artefatos:415 - [RPA 3] Resumo de 202507 — 1 operadora(s): EXT 1, INT 1, _EXP 1, carta 1, CONT_PROC 1.
2026-08-13 13:38:40.680 | INFO    |src.controllers.geracao_agi_controller:gerar_artefatos:415 - [RPA 3]   CLARO: e-mail de contestação não enviado.
2026-08-13 13:38:40.681 | WARNING |src.controllers.geracao_agi_controller:gerar_artefatos:415 - [RPA 3] HU-15 sem destinatários: a tabela de contatos do WebFat continua sem resposta do cliente (pendência Q16). A ponte é apontar CAMINHO_CONTATOS_OPERADORAS para um CSV `operadora;emails`.
2026-08-13 13:38:40.684 | INFO    |src.controllers.geracao_agi_controller:_gravar_relatorio:956 - [Relatório] Resumo da execução em [C:\projetos\MVP2\MVP2\MVP2\DETRAF-UNIFICADO\unificado\logs\DESKTOP-64TNDKM\rpa3_contestacao_agi_ec\execucoes\2026-08-13_13-38-40.md].
2026-08-13 13:38:40.684 | INFO    |test_orquestracao_rpa3:test_cenario_unico_gera_uma_carta_so:617 - [STEP] Finalizando: GeracaoAgiController.gerar_artefatos | Tempo gasto: 0.45s
2026-08-13 13:38:40.698 | INFO    |comum.dados.repositorio_cache:__init__:77 - Inicializando conexão com o banco no ambiente [dev]
2026-08-13 13:38:40.699 | INFO    |comum.dados.repositorio_cache:__init__:77 - Utilizando SQLite local [C:\Users\BTIMES~1\AppData\Local\Temp\detraf_epico4_teste_9l21xs1s\TABELAS_DETRAF_TESTE.db]
2026-08-13 13:38:40.719 | INFO    |test_orquestracao_rpa3:test_nenhum_upload_e_nenhum_envio:679 - [STEP] Iniciando: GeracaoAgiController.gerar_artefatos
2026-08-13 13:38:40.721 | INFO    |comum.utils.decoradores:wrapper:22 - [RPA 3] 1 operadora(s) em 202507: CLARO.
2026-08-13 13:38:40.722 | INFO    |comum.dados.repositorio_cache:obter_tabela:214 - Carregando tabela [tbl_detraf_mapeamento_descritores]
2026-08-13 13:38:40.727 | INFO    |comum.dados.repositorio_cache:obter_tabela:214 - Tabela [tbl_detraf_mapeamento_descritores] carregada | Linhas: 25 | Colunas: 5
2026-08-13 13:38:40.734 | INFO    |src.controllers.geracao_agi_controller:_gerar_para_operadora:558 - [STEP] Iniciando: consolidar_detrafs_operadora
2026-08-13 13:38:40.736 | INFO    |src.services.consolidacao_contestacao:consolidar_detrafs_operadora:174 - [Consolidação] 1 arquivo(s) encontrado(s) em [C:\Users\Btime Soluções\AppData\Local\Temp\pytest-of-Btime Soluções\pytest-18\test_nenhum_upload_e_nenhum_en0\Operadoras\CLARO\2025\202507\Detrafs Recebidos].
2026-08-13 13:38:40.740 | INFO    |src.services.consolidacao_contestacao:consolidar_detrafs_operadora:177 - [Consolidação] [DETRAF_D_CLARO_202507.csv]: 1 linha(s) -> 1 após remover totais.
2026-08-13 13:38:40.741 | INFO    |src.services.consolidacao_contestacao:consolidar_detrafs_operadora:177 - [Consolidação] Consolidado: 1 linha(s) de 1 arquivo(s).
2026-08-13 13:38:40.741 | INFO    |src.controllers.geracao_agi_controller:_gerar_para_operadora:558 - [STEP] Finalizando: consolidar_detrafs_operadora | Tempo gasto: 0.01s
2026-08-13 13:38:40.742 | INFO    |src.controllers.geracao_agi_controller:_gerar_para_operadora:574 - [STEP] Iniciando: consolidar_expectativa_vivo
2026-08-13 13:38:40.743 | INFO    |src.services.consolidacao_contestacao:consolidar_expectativa_vivo:207 - [Consolidação] 1 arquivo(s) encontrado(s) em [C:\Users\Btime Soluções\AppData\Local\Temp\pytest-of-Btime Soluções\pytest-18\test_nenhum_upload_e_nenhum_en0\Operadoras\CLARO\2025\202507\Detrafs Enviados].
2026-08-13 13:38:40.749 | INFO    |src.services.consolidacao_contestacao:consolidar_expectativa_vivo:211 - [Consolidação] [DE_D_TBRA_CLARO_202507.csv]: 1 linha(s) -> 1 após remover totais.
2026-08-13 13:38:40.750 | INFO    |src.services.consolidacao_contestacao:consolidar_expectativa_vivo:211 - [Consolidação] Consolidado: 1 linha(s) de 1 arquivo(s).
2026-08-13 13:38:40.750 | INFO    |src.controllers.geracao_agi_controller:_gerar_para_operadora:574 - [STEP] Finalizando: consolidar_expectativa_vivo | Tempo gasto: 0.01s
2026-08-13 13:38:40.751 | INFO    |src.controllers.geracao_agi_controller:_gerar_para_operadora:586 - [STEP] Iniciando: montar_contest
2026-08-13 13:38:40.784 | INFO    |comum.utils.decoradores:wrapper:22 - [Consolidação] Contest: 1 combinação(ões) analisada(s).
2026-08-13 13:38:40.785 | INFO    |src.controllers.geracao_agi_controller:_gerar_para_operadora:586 - [STEP] Finalizando: montar_contest | Tempo gasto: 0.03s
2026-08-13 13:38:40.786 | INFO    |src.controllers.geracao_agi_controller:_gerar_para_operadora:595 - [STEP] Iniciando: GeracaoAgiController.atualizar_despesa_contestacao
2026-08-13 13:38:40.786 | INFO    |src.controllers.geracao_agi_controller:atualizar_despesa_contestacao:1066 - [STEP] Iniciando: preparar_atualizacoes_despesa_contestacao
2026-08-13 13:38:40.788 | INFO    |comum.dados.repositorio_cache:obter_tabela:214 - Carregando tabela [tbl_rpa_log_detraf_despesa_contestacao]
2026-08-13 13:38:40.791 | INFO    |comum.dados.repositorio_cache:obter_tabela:214 - Tabela [tbl_rpa_log_detraf_despesa_contestacao] carregada | Linhas: 2 | Colunas: 19
2026-08-13 13:38:40.800 | INFO    |comum.utils.decoradores:wrapper:22 - [HU-19 Despesa Contestação] 1 atualização(ões) preparada(s).
2026-08-13 13:38:40.801 | INFO    |src.controllers.geracao_agi_controller:atualizar_despesa_contestacao:1066 - [STEP] Finalizando: preparar_atualizacoes_despesa_contestacao | Tempo gasto: 0.01s
2026-08-13 13:38:40.802 | WARNING |comum.dados.repositorio_tabelas:atualizar_despesa_contestacao:1019 - [HU-19 Despesa Contestação] A tabela 'tbl_rpa_log_detraf_despesa_contestacao' não tem a(s) coluna(s) vb_contestacao — NÃO gravada(s). As demais seguem normalmente. Um ALTER TABLE resolve; ver pendencias-para-o-cliente.md (Q24).
2026-08-13 13:38:40.832 | INFO    |comum.dados.repositorio_tabelas:_atualizar_contestacao_em_lote:976 - 1 linha(s) atualizada(s) em [tbl_rpa_log_detraf_despesa_contestacao].
2026-08-13 13:38:40.833 | INFO    |comum.dados.repositorio_cache:recarregar_cache_local:375 - Carregando tabela [tbl_rpa_log_detraf_despesa_contestacao]
2026-08-13 13:38:40.836 | INFO    |comum.dados.repositorio_cache:recarregar_cache_local:375 - Tabela [tbl_rpa_log_detraf_despesa_contestacao] carregada | Linhas: 2 | Colunas: 19
2026-08-13 13:38:40.837 | INFO    |comum.dados.repositorio_tabelas:atualizar_despesa_contestacao:1019 - [HU-19 Despesa Contestação] 1 linha(s) atualizada(s), 0 chave(s) ausente(s).
2026-08-13 13:38:40.837 | INFO    |src.controllers.geracao_agi_controller:_gerar_para_operadora:595 - [STEP] Finalizando: GeracaoAgiController.atualizar_despesa_contestacao | Tempo gasto: 0.05s
2026-08-13 13:38:40.838 | INFO    |src.controllers.geracao_agi_controller:_gerar_ext:633 - [STEP] Iniciando: montar_linhas_ext
2026-08-13 13:38:40.854 | INFO    |comum.utils.decoradores:wrapper:22 - [HU-12 EXT] 1 linha(s) montada(s).
2026-08-13 13:38:40.854 | INFO    |src.controllers.geracao_agi_controller:_gerar_ext:633 - [STEP] Finalizando: montar_linhas_ext | Tempo gasto: 0.02s
2026-08-13 13:38:40.855 | INFO    |src.controllers.geracao_agi_controller:_gerar_ext:639 - [STEP] Iniciando: gerar_arquivo_ext
2026-08-13 13:38:40.875 | INFO    |comum.utils.decoradores:wrapper:22 - [HU-12 EXT] Arquivo gravado em [C:\Users\Btime Soluções\AppData\Local\Temp\pytest-of-Btime Soluções\pytest-18\test_nenhum_upload_e_nenhum_en0\Operadoras\CLARO\2025\202507\AGI\DE_AGI_D_202507_TBRA_X_CLARO_EXT.xlsx].
2026-08-13 13:38:40.876 | INFO    |src.controllers.geracao_agi_controller:_gerar_ext:639 - [STEP] Finalizando: gerar_arquivo_ext | Tempo gasto: 0.02s
2026-08-13 13:38:40.877 | INFO    |src.controllers.geracao_agi_controller:_gerar_int:648 - [STEP] Iniciando: montar_linhas_int
2026-08-13 13:38:40.891 | INFO    |comum.utils.decoradores:wrapper:22 - [HU-13 INT] 1 linha(s) montada(s) (COM retenção).
2026-08-13 13:38:40.892 | INFO    |src.controllers.geracao_agi_controller:_gerar_int:648 - [STEP] Finalizando: montar_linhas_int | Tempo gasto: 0.02s
2026-08-13 13:38:40.893 | INFO    |src.controllers.geracao_agi_controller:_gerar_int:654 - [STEP] Iniciando: gerar_arquivo_int
2026-08-13 13:38:40.912 | INFO    |comum.utils.decoradores:wrapper:22 - [HU-13 INT] Arquivo gravado em [C:\Users\Btime Soluções\AppData\Local\Temp\pytest-of-Btime Soluções\pytest-18\test_nenhum_upload_e_nenhum_en0\Operadoras\CLARO\2025\202507\AGI\DE_AGI_D_202507_TBRA_X_CLARO_INT.xlsx].
2026-08-13 13:38:40.913 | INFO    |src.controllers.geracao_agi_controller:_gerar_int:654 - [STEP] Finalizando: gerar_arquivo_int | Tempo gasto: 0.02s
2026-08-13 13:38:40.913 | INFO    |src.controllers.geracao_agi_controller:_gerar_env_e_carta:682 - [STEP] Iniciando: montar_abas_env
2026-08-13 13:38:40.928 | INFO    |comum.utils.decoradores:wrapper:22 - [HU-14 _EXP] Contest: 1 linha(s) contestada(s); TBRA: 1 linha(s) correspondente(s).
2026-08-13 13:38:40.929 | INFO    |src.controllers.geracao_agi_controller:_gerar_env_e_carta:682 - [STEP] Finalizando: montar_abas_env | Tempo gasto: 0.02s
2026-08-13 13:38:40.930 | INFO    |src.controllers.geracao_agi_controller:_gerar_env_e_carta:690 - [STEP] Iniciando: gerar_arquivo_env
2026-08-13 13:38:40.953 | INFO    |comum.utils.decoradores:wrapper:22 - [HU-14 _EXP] Arquivo gravado em [C:\Users\Btime Soluções\AppData\Local\Temp\pytest-of-Btime Soluções\pytest-18\test_nenhum_upload_e_nenhum_en0\Operadoras\CLARO\2025\202507\Contestações\Base Contestação_CLARO_202507_EXP.xlsx].
2026-08-13 13:38:40.953 | INFO    |src.controllers.geracao_agi_controller:_gerar_env_e_carta:690 - [STEP] Finalizando: gerar_arquivo_env | Tempo gasto: 0.02s
2026-08-13 13:38:40.968 | INFO    |src.controllers.geracao_agi_controller:_emitir_cartas:756 - [STEP] Iniciando: obter_proximo_numero_carta
2026-08-13 13:38:40.969 | INFO    |comum.utils.decoradores:wrapper:22 - [HU-14] Último número CT encontrado: 362. Próximo: 363.
2026-08-13 13:38:40.969 | INFO    |src.controllers.geracao_agi_controller:_emitir_cartas:756 - [STEP] Finalizando: obter_proximo_numero_carta | Tempo gasto: 0.0s
2026-08-13 13:38:40.970 | INFO    |src.controllers.geracao_agi_controller:_emitir_cartas:764 - [STEP] Iniciando: montar_tabelas_carta
2026-08-13 13:38:40.976 | INFO    |comum.utils.decoradores:wrapper:22 - [HU-14 Carta] 1 tabela(s) de remuneração montada(s).
2026-08-13 13:38:40.977 | INFO    |src.controllers.geracao_agi_controller:_emitir_cartas:764 - [STEP] Finalizando: montar_tabelas_carta | Tempo gasto: 0.01s
2026-08-13 13:38:40.978 | INFO    |src.controllers.geracao_agi_controller:_emitir_cartas:758 - [STEP] Iniciando: renderizar_carta
2026-08-13 13:38:41.014 | INFO    |comum.utils.decoradores:wrapper:22 - [HU-14 Carta] Carta CT-363 renderizada (1 tabela(s)).
2026-08-13 13:38:41.015 | INFO    |src.controllers.geracao_agi_controller:_emitir_cartas:758 - [STEP] Finalizando: renderizar_carta | Tempo gasto: 0.04s
2026-08-13 13:38:41.015 | INFO    |src.controllers.geracao_agi_controller:_emitir_cartas:768 - [STEP] Iniciando: gerar_arquivo_carta
2026-08-13 13:38:41.040 | INFO    |comum.utils.decoradores:wrapper:22 - [HU-14 Carta] Carta gravada em [C:\Users\Btime Soluções\AppData\Local\Temp\pytest-of-Btime Soluções\pytest-18\test_nenhum_upload_e_nenhum_en0\Operadoras\CLARO\2025\202507\Contestações\CT - 363.docx], cópia em [C:\Users\Btime Soluções\AppData\Local\Temp\pytest-of-Btime Soluções\pytest-18\test_nenhum_upload_e_nenhum_en0\CT\2025\CT - 363.docx].
2026-08-13 13:38:41.041 | INFO    |src.controllers.geracao_agi_controller:_emitir_cartas:768 - [STEP] Finalizando: gerar_arquivo_carta | Tempo gasto: 0.03s
2026-08-13 13:38:41.041 | INFO    |src.controllers.geracao_agi_controller:_gerar_env_e_carta:710 - [RPA 3] CLARO: carta CT 363 — COM retenção.
2026-08-13 13:38:41.042 | INFO    |src.controllers.geracao_agi_controller:_gerar_para_operadora:617 - [STEP] Iniciando: GeracaoAgiController.gerar_cont_proc
2026-08-13 13:38:41.043 | INFO    |src.controllers.geracao_agi_controller:gerar_cont_proc:1030 - [STEP] Iniciando: montar_linhas_cont_proc
2026-08-13 13:38:41.044 | INFO    |src.services.geracao_cont_proc:montar_linhas_cont_proc:224 - [STEP] Iniciando: selecionar_linhas_contestadas
2026-08-13 13:38:41.054 | INFO    |comum.utils.decoradores:wrapper:22 - [HU-16 CONT_PROC] 1 linha(s) contestada(s).
2026-08-13 13:38:41.054 | INFO    |src.services.geracao_cont_proc:montar_linhas_cont_proc:224 - [STEP] Finalizando: selecionar_linhas_contestadas | Tempo gasto: 0.01s
2026-08-13 13:38:41.058 | INFO    |comum.utils.decoradores:wrapper:22 - [HU-16 CONT_PROC] 1 linha(s) montada(s) (T-100+T-101 completos).
2026-08-13 13:38:41.058 | INFO    |src.controllers.geracao_agi_controller:gerar_cont_proc:1030 - [STEP] Finalizando: montar_linhas_cont_proc | Tempo gasto: 0.02s
2026-08-13 13:38:41.059 | INFO    |src.controllers.geracao_agi_controller:gerar_cont_proc:1036 - [STEP] Iniciando: gerar_arquivo_cont_proc
2026-08-13 13:38:41.076 | INFO    |comum.utils.decoradores:wrapper:22 - [HU-16 CONT_PROC] Arquivo gravado em [C:\Users\Btime Soluções\AppData\Local\Temp\pytest-of-Btime Soluções\pytest-18\test_nenhum_upload_e_nenhum_en0\Operadoras\CLARO\2025\202507\AGI\CONT_PROC_MASCARA_CLARO_202507.xlsx].
2026-08-13 13:38:41.077 | INFO    |src.controllers.geracao_agi_controller:gerar_cont_proc:1036 - [STEP] Finalizando: gerar_arquivo_cont_proc | Tempo gasto: 0.02s
2026-08-13 13:38:41.078 | INFO    |src.controllers.geracao_agi_controller:gerar_cont_proc:1046 - [STEP] Iniciando: selecionar_linhas_contestadas
2026-08-13 13:38:41.092 | INFO    |comum.utils.decoradores:wrapper:22 - [HU-16 CONT_PROC] 1 linha(s) contestada(s).
2026-08-13 13:38:41.092 | INFO    |src.controllers.geracao_agi_controller:gerar_cont_proc:1046 - [STEP] Finalizando: selecionar_linhas_contestadas | Tempo gasto: 0.01s
2026-08-13 13:38:41.102 | INFO    |comum.dados.repositorio_tabelas:_atualizar_contestacao_em_lote:976 - 1 linha(s) atualizada(s) em [tbl_rpa_log_detraf_despesa_contestacao].
2026-08-13 13:38:41.103 | INFO    |comum.dados.repositorio_cache:recarregar_cache_local:375 - Carregando tabela [tbl_rpa_log_detraf_despesa_contestacao]
2026-08-13 13:38:41.106 | INFO    |comum.dados.repositorio_cache:recarregar_cache_local:375 - Tabela [tbl_rpa_log_detraf_despesa_contestacao] carregada | Linhas: 2 | Colunas: 19
2026-08-13 13:38:41.107 | INFO    |comum.dados.repositorio_tabelas:atualizar_tipo_contestacao:1046 - [HU-16 Writeback tipo_contestacao] 1 linha(s) atualizada(s), 0 chave(s) ausente(s).
2026-08-13 13:38:41.107 | INFO    |src.controllers.geracao_agi_controller:_gerar_para_operadora:617 - [STEP] Finalizando: GeracaoAgiController.gerar_cont_proc | Tempo gasto: 0.06s
2026-08-13 13:38:41.108 | INFO    |src.controllers.geracao_agi_controller:_pausar_apos_artefatos:530 - [RPA 3 — etapa 1/4: artefatos] 1 operadora(s) em 202507:
2026-08-13 13:38:41.108 | INFO    |src.controllers.geracao_agi_controller:_pausar_apos_artefatos:530 - [RPA 3 — etapa 1/4: artefatos]   CLARO                EXT · INT · _EXP · 1 carta(s) · CONT_PROC
2026-08-13 13:38:41.109 | INFO    |src.controllers.geracao_agi_controller:_pausar_apos_artefatos:530 - [RPA 3 — etapa 1/4: artefatos] Pasta: C:\Users\Btime Soluções\AppData\Local\Temp\pytest-of-Btime Soluções\pytest-18\test_nenhum_upload_e_nenhum_en0\Operadoras
2026-08-13 13:38:41.109 | INFO    |src.controllers.geracao_agi_controller:_pausar_apos_artefatos:530 - [RPA 3 — etapa 1/4: artefatos] ────────────────────────────────────────────────────────────
2026-08-13 13:38:41.109 | INFO    |src.controllers.geracao_agi_controller:_pausar_apos_artefatos:530 - [RPA 3 — etapa 1/4: artefatos] PRÓXIMA ETAPA: carga no AGI (HU-17/HU-18) — ESCREVE NO AGI
2026-08-13 13:38:41.111 | INFO    |src.controllers.geracao_agi_controller:_carregar_no_agi:805 - [STEP] Iniciando: UploadDetrafAGI.executar
2026-08-13 13:38:41.113 | INFO    |comum.utils.decoradores:wrapper:22 - [MODO SEGURO] PERMITIR_UPLOAD_AGI=false — 2 arquivo(s) pendente(s), nada enviado ao AGI:
2026-08-13 13:38:41.113 | INFO    |comum.utils.decoradores:wrapper:22 -   CLARO: DE_AGI_D_202507_TBRA_X_CLARO_EXT.xlsx
2026-08-13 13:38:41.114 | INFO    |comum.utils.decoradores:wrapper:22 -   CLARO: DE_AGI_D_202507_TBRA_X_CLARO_INT.xlsx
2026-08-13 13:38:41.114 | INFO    |src.controllers.geracao_agi_controller:_carregar_no_agi:805 - [STEP] Finalizando: UploadDetrafAGI.executar | Tempo gasto: 0.0s
2026-08-13 13:38:41.115 | INFO    |src.controllers.geracao_agi_controller:_carregar_no_agi:808 - [STEP] Iniciando: UploadContestacaoAGI.executar
2026-08-13 13:38:41.116 | INFO    |comum.utils.decoradores:wrapper:22 - [MODO SEGURO] PERMITIR_UPLOAD_AGI=false — 1 arquivo(s) de contestação pendente(s), nada enviado ao AGI:
2026-08-13 13:38:41.116 | INFO    |comum.utils.decoradores:wrapper:22 -   CLARO: CONT_PROC_MASCARA_CLARO_202507.xlsx
2026-08-13 13:38:41.117 | INFO    |src.controllers.geracao_agi_controller:_carregar_no_agi:808 - [STEP] Finalizando: UploadContestacaoAGI.executar | Tempo gasto: 0.0s
2026-08-13 13:38:41.117 | INFO    |src.controllers.geracao_agi_controller:gerar_artefatos:332 - [RPA 3 — etapa 2/4: carga no AGI] 1 operadora(s) na lista de carga.
2026-08-13 13:38:41.117 | INFO    |src.controllers.geracao_agi_controller:gerar_artefatos:332 - [RPA 3 — etapa 2/4: carga no AGI] Upload no AGI: desligado — nada foi enviado, só registrado no log.
2026-08-13 13:38:41.118 | INFO    |src.controllers.geracao_agi_controller:gerar_artefatos:332 - [RPA 3 — etapa 2/4: carga no AGI] Confira no AGI se a carga entrou, e o campo `carga_agi` na tabela de contestação.
2026-08-13 13:38:41.118 | INFO    |src.controllers.geracao_agi_controller:gerar_artefatos:332 - [RPA 3 — etapa 2/4: carga no AGI] ────────────────────────────────────────────────────────────
2026-08-13 13:38:41.119 | INFO    |src.controllers.geracao_agi_controller:gerar_artefatos:332 - [RPA 3 — etapa 2/4: carga no AGI] PRÓXIMA ETAPA: e-mail de contestação à operadora (HU-15) — SAI DA EMPRESA
2026-08-13 13:38:41.119 | WARNING |src.controllers.geracao_agi_controller:<genexpr>:840 - [HU-15] Contatos de 'CLARO' indisponíveis: a tabela de contatos do WebFat ainda não foi informada pelo cliente (pendência Q16), e CAMINHO_CONTATOS_OPERADORAS não está configurado.
2026-08-13 13:38:41.119 | WARNING |src.controllers.geracao_agi_controller:gerar_artefatos:360 - [RPA 3] Nenhum destinatário para as 1 contestação(ões) do mês — o Outlook nem chega a ser aberto. Pendência Q16.
2026-08-13 13:38:41.120 | INFO    |src.controllers.geracao_agi_controller:gerar_artefatos:368 - [RPA 3 — etapa 3/4: e-mail de contestação] Envio de e-mail: desligado — o e-mail foi montado e registrado, não enviado.
2026-08-13 13:38:41.120 | INFO    |src.controllers.geracao_agi_controller:gerar_artefatos:368 - [RPA 3 — etapa 3/4: e-mail de contestação] Contatos: não configurados (pendência Q16) — nada é enviado
2026-08-13 13:38:41.120 | INFO    |src.controllers.geracao_agi_controller:gerar_artefatos:368 - [RPA 3 — etapa 3/4: e-mail de contestação] ────────────────────────────────────────────────────────────
2026-08-13 13:38:41.121 | INFO    |src.controllers.geracao_agi_controller:gerar_artefatos:368 - [RPA 3 — etapa 3/4: e-mail de contestação] PRÓXIMA ETAPA: conferência do relatório contra o EC (HU-20)
2026-08-13 13:38:41.121 | INFO    |src.controllers.geracao_agi_controller:_verificar_relatorio:895 - [STEP] Iniciando: VerificacaoRelatorio.executar
2026-08-13 13:38:41.156 | INFO    |src.controllers.geracao_agi_controller:_verificar_relatorio:895 - [STEP] Finalizando: VerificacaoRelatorio.executar | Tempo gasto: 0.03s
2026-08-13 13:38:41.156 | ERROR   |src.controllers.geracao_agi_controller:gerar_artefatos:398 - [RPA 3] Falha na verificação do relatório (HU-20): DIRETORIO_AGI não configurado — não há executável do AGI.
Traceback (most recent call last):
  File "<string>", line 5, in <module>
  File "C:\Users\Btime Soluções\AppData\Local\Programs\Python\Python314\Lib\site-packages\_pytest\config\__init__.py", line 201, in main
    return _main(args=args, plugins=plugins, prog="pytest.main()")
  File "C:\Users\Btime Soluções\AppData\Local\Programs\Python\Python314\Lib\site-packages\_pytest\config\__init__.py", line 229, in _main
    ret: ExitCode | int = config.hook.pytest_cmdline_main(config=config)
  File "C:\Users\Btime Soluções\AppData\Local\Programs\Python\Python314\Lib\site-packages\pluggy\_hooks.py", line 512, in __call__
    return self._hookexec(self.name, self._hookimpls.copy(), kwargs, firstresult)
  File "C:\Users\Btime Soluções\AppData\Local\Programs\Python\Python314\Lib\site-packages\pluggy\_manager.py", line 120, in _hookexec
    return self._inner_hookexec(hook_name, methods, kwargs, firstresult)
  File "C:\Users\Btime Soluções\AppData\Local\Programs\Python\Python314\Lib\site-packages\pluggy\_callers.py", line 121, in _multicall
    res = hook_impl.function(*args)
  File "C:\Users\Btime Soluções\AppData\Local\Programs\Python\Python314\Lib\site-packages\_pytest\main.py", line 377, in pytest_cmdline_main
    return wrap_session(config, _main)
  File "C:\Users\Btime Soluções\AppData\Local\Programs\Python\Python314\Lib\site-packages\_pytest\main.py", line 330, in wrap_session
    session.exitstatus = doit(config, session) or 0
  File "C:\Users\Btime Soluções\AppData\Local\Programs\Python\Python314\Lib\site-packages\_pytest\main.py", line 384, in _main
    config.hook.pytest_runtestloop(session=session)
  File "C:\Users\Btime Soluções\AppData\Local\Programs\Python\Python314\Lib\site-packages\pluggy\_hooks.py", line 512, in __call__
    return self._hookexec(self.name, self._hookimpls.copy(), kwargs, firstresult)
  File "C:\Users\Btime Soluções\AppData\Local\Programs\Python\Python314\Lib\site-packages\pluggy\_manager.py", line 120, in _hookexec
    return self._inner_hookexec(hook_name, methods, kwargs, firstresult)
  File "C:\Users\Btime Soluções\AppData\Local\Programs\Python\Python314\Lib\site-packages\pluggy\_callers.py", line 121, in _multicall
    res = hook_impl.function(*args)
  File "C:\Users\Btime Soluções\AppData\Local\Programs\Python\Python314\Lib\site-packages\_pytest\main.py", line 408, in pytest_runtestloop
    item.config.hook.pytest_runtest_protocol(item=item, nextitem=nextitem)
  File "C:\Users\Btime Soluções\AppData\Local\Programs\Python\Python314\Lib\site-packages\pluggy\_hooks.py", line 512, in __call__
    return self._hookexec(self.name, self._hookimpls.copy(), kwargs, firstresult)
  File "C:\Users\Btime Soluções\AppData\Local\Programs\Python\Python314\Lib\site-packages\pluggy\_manager.py", line 120, in _hookexec
    return self._inner_hookexec(hook_name, methods, kwargs, firstresult)
  File "C:\Users\Btime Soluções\AppData\Local\Programs\Python\Python314\Lib\site-packages\pluggy\_callers.py", line 121, in _multicall
    res = hook_impl.function(*args)
  File "C:\Users\Btime Soluções\AppData\Local\Programs\Python\Python314\Lib\site-packages\_pytest\runner.py", line 118, in pytest_runtest_protocol
    runtestprotocol(item, nextitem=nextitem)
  File "C:\Users\Btime Soluções\AppData\Local\Programs\Python\Python314\Lib\site-packages\_pytest\runner.py", line 139, in runtestprotocol
    reports.append(call_and_report(item, "call", log))
  File "C:\Users\Btime Soluções\AppData\Local\Programs\Python\Python314\Lib\site-packages\_pytest\runner.py", line 249, in call_and_report
    call = CallInfo.from_call(
  File "C:\Users\Btime Soluções\AppData\Local\Programs\Python\Python314\Lib\site-packages\_pytest\runner.py", line 361, in from_call
    result: TResult | None = func()
  File "C:\Users\Btime Soluções\AppData\Local\Programs\Python\Python314\Lib\site-packages\_pytest\runner.py", line 250, in <lambda>
    lambda: runtest_hook(item=item, **kwds),
  File "C:\Users\Btime Soluções\AppData\Local\Programs\Python\Python314\Lib\site-packages\pluggy\_hooks.py", line 512, in __call__
    return self._hookexec(self.name, self._hookimpls.copy(), kwargs, firstresult)
  File "C:\Users\Btime Soluções\AppData\Local\Programs\Python\Python314\Lib\site-packages\pluggy\_manager.py", line 120, in _hookexec
    return self._inner_hookexec(hook_name, methods, kwargs, firstresult)
  File "C:\Users\Btime Soluções\AppData\Local\Programs\Python\Python314\Lib\site-packages\pluggy\_callers.py", line 121, in _multicall
    res = hook_impl.function(*args)
  File "C:\Users\Btime Soluções\AppData\Local\Programs\Python\Python314\Lib\site-packages\_pytest\runner.py", line 184, in pytest_runtest_call
    item.runtest()
  File "C:\Users\Btime Soluções\AppData\Local\Programs\Python\Python314\Lib\site-packages\_pytest\python.py", line 1707, in runtest
    self.ihook.pytest_pyfunc_call(pyfuncitem=self)
  File "C:\Users\Btime Soluções\AppData\Local\Programs\Python\Python314\Lib\site-packages\pluggy\_hooks.py", line 512, in __call__
    return self._hookexec(self.name, self._hookimpls.copy(), kwargs, firstresult)
  File "C:\Users\Btime Soluções\AppData\Local\Programs\Python\Python314\Lib\site-packages\pluggy\_manager.py", line 120, in _hookexec
    return self._inner_hookexec(hook_name, methods, kwargs, firstresult)
  File "C:\Users\Btime Soluções\AppData\Local\Programs\Python\Python314\Lib\site-packages\pluggy\_callers.py", line 121, in _multicall
    res = hook_impl.function(*args)
  File "C:\Users\Btime Soluções\AppData\Local\Programs\Python\Python314\Lib\site-packages\_pytest\python.py", line 167, in pytest_pyfunc_call
    result = testfunction(**testargs)
  File "C:\projetos\MVP2\MVP2\MVP2\DETRAF-UNIFICADO\unificado\rpa3_contestacao_agi_ec\tests\test_orquestracao_rpa3.py", line 679, in test_nenhum_upload_e_nenhum_envio
    resultado = controller_com_agi_proibido.gerar_artefatos(
  File "C:\projetos\MVP2\MVP2\MVP2\DETRAF-UNIFICADO\unificado\comum\utils\decoradores.py", line 22, in wrapper
    return func(*args, **kwargs)
  File "C:\projetos\MVP2\MVP2\MVP2\DETRAF-UNIFICADO\unificado\rpa3_contestacao_agi_ec\src\controllers\geracao_agi_controller.py", line 398, in gerar_artefatos
    self._verificar_relatorio(referencia)
> File "C:\projetos\MVP2\MVP2\MVP2\DETRAF-UNIFICADO\unificado\rpa3_contestacao_agi_ec\src\controllers\geracao_agi_controller.py", line 895, in _verificar_relatorio
    VerificacaoRelatorio(repositorio=self.repositorio).executar(referencia)
  File "C:\projetos\MVP2\MVP2\MVP2\DETRAF-UNIFICADO\unificado\comum\utils\decoradores.py", line 22, in wrapper
    return func(*args, **kwargs)
  File "C:\projetos\MVP2\MVP2\MVP2\DETRAF-UNIFICADO\unificado\rpa3_contestacao_agi_ec\src\services\verificacao_relatorio.py", line 391, in executar
    self._baixar(caminho)
  File "C:\projetos\MVP2\MVP2\MVP2\DETRAF-UNIFICADO\unificado\rpa3_contestacao_agi_ec\src\services\verificacao_relatorio.py", line 411, in _baixar
    self.agi.inicializar()
  File "C:\projetos\MVP2\MVP2\MVP2\DETRAF-UNIFICADO\unificado\comum\integracoes\agi.py", line 358, in inicializar
    raise AGIError("DIRETORIO_AGI não configurado — não há executável do AGI.")
comum.integracoes.agi.AGIError: DIRETORIO_AGI não configurado — não há executável do AGI.
2026-08-13 13:38:41.177 | INFO    |src.controllers.geracao_agi_controller:gerar_artefatos:402 - [RPA 3 — etapa 4/4: conferência do relatório] A conferência compara o relatório do AGI com o Encontro de Contas do banco.
2026-08-13 13:38:41.177 | INFO    |src.controllers.geracao_agi_controller:gerar_artefatos:402 - [RPA 3 — etapa 4/4: conferência do relatório] A planilha de inconsistências só é gravada quando há divergência — nenhum arquivo significa nenhuma divergência.
2026-08-13 13:38:41.178 | INFO    |src.controllers.geracao_agi_controller:gerar_artefatos:402 - [RPA 3 — etapa 4/4: conferência do relatório] Pasta: C:\projetos\MVP2\MVP2\MVP2\DETRAF-UNIFICADO\unificado\logs\inconsistencias
2026-08-13 13:38:41.179 | INFO    |src.controllers.geracao_agi_controller:gerar_artefatos:402 - [RPA 3 — etapa 4/4: conferência do relatório] ────────────────────────────────────────────────────────────
2026-08-13 13:38:41.179 | INFO    |src.controllers.geracao_agi_controller:gerar_artefatos:402 - [RPA 3 — etapa 4/4: conferência do relatório] Esta é a última etapa da execução.
2026-08-13 13:38:41.180 | INFO    |src.controllers.geracao_agi_controller:gerar_artefatos:415 - [RPA 3] Resumo de 202507 — 1 operadora(s): EXT 1, INT 1, _EXP 1, carta 1, CONT_PROC 1.
2026-08-13 13:38:41.180 | INFO    |src.controllers.geracao_agi_controller:gerar_artefatos:415 - [RPA 3]   CLARO: e-mail de contestação não enviado.
2026-08-13 13:38:41.181 | WARNING |src.controllers.geracao_agi_controller:gerar_artefatos:415 - [RPA 3] HU-15 sem destinatários: a tabela de contatos do WebFat continua sem resposta do cliente (pendência Q16). A ponte é apontar CAMINHO_CONTATOS_OPERADORAS para um CSV `operadora;emails`.
2026-08-13 13:38:41.184 | INFO    |src.controllers.geracao_agi_controller:_gravar_relatorio:956 - [Relatório] Resumo da execução em [C:\projetos\MVP2\MVP2\MVP2\DETRAF-UNIFICADO\unificado\logs\DESKTOP-64TNDKM\rpa3_contestacao_agi_ec\execucoes\2026-08-13_13-38-41.md].
2026-08-13 13:38:41.184 | INFO    |test_orquestracao_rpa3:test_nenhum_upload_e_nenhum_envio:679 - [STEP] Finalizando: GeracaoAgiController.gerar_artefatos | Tempo gasto: 0.46s
2026-08-13 13:38:41.203 | INFO    |test_orquestracao_rpa3:test_o_upload_para_antes_de_tocar_no_agi:701 - [STEP] Iniciando: UploadDetrafAGI.executar
2026-08-13 13:38:41.204 | INFO    |src.services.upload_detraf_agi:executar:201 - [HU-17] Nenhum EXT/INT em [C:\Users\Btime Soluções\AppData\Local\Temp\pytest-of-Btime Soluções\pytest-18\test_o_upload_para_antes_de_to0\Operadoras\CLARO\2025\202507\AGI].
2026-08-13 13:38:41.205 | INFO    |comum.utils.decoradores:wrapper:22 - [HU-17] Nada pendente em EXT/INT; nada a fazer.
2026-08-13 13:38:41.205 | INFO    |test_orquestracao_rpa3:test_o_upload_para_antes_de_tocar_no_agi:701 - [STEP] Finalizando: UploadDetrafAGI.executar | Tempo gasto: 0.0s
2026-08-13 13:38:41.214 | INFO    |comum.dados.repositorio_cache:__init__:77 - Inicializando conexão com o banco no ambiente [dev]
2026-08-13 13:38:41.215 | INFO    |comum.dados.repositorio_cache:__init__:77 - Utilizando SQLite local [C:\Users\BTIMES~1\AppData\Local\Temp\detraf_epico4_teste_9l21xs1s\TABELAS_DETRAF_TESTE.db]
2026-08-13 13:38:41.229 | INFO    |test_orquestracao_rpa3:test_sem_etapa_roda_tudo:719 - [STEP] Iniciando: GeracaoAgiController.gerar_artefatos
2026-08-13 13:38:41.231 | INFO    |comum.utils.decoradores:wrapper:22 - [RPA 3] 1 operadora(s) em 202507: CLARO.
2026-08-13 13:38:41.231 | INFO    |comum.dados.repositorio_cache:obter_tabela:214 - Carregando tabela [tbl_detraf_mapeamento_descritores]
2026-08-13 13:38:41.235 | INFO    |comum.dados.repositorio_cache:obter_tabela:214 - Tabela [tbl_detraf_mapeamento_descritores] carregada | Linhas: 25 | Colunas: 5
2026-08-13 13:38:41.245 | INFO    |src.controllers.geracao_agi_controller:_gerar_para_operadora:558 - [STEP] Iniciando: consolidar_detrafs_operadora
2026-08-13 13:38:41.247 | INFO    |src.services.consolidacao_contestacao:consolidar_detrafs_operadora:174 - [Consolidação] 1 arquivo(s) encontrado(s) em [C:\Users\Btime Soluções\AppData\Local\Temp\pytest-of-Btime Soluções\pytest-18\test_sem_etapa_roda_tudo0\Operadoras\CLARO\2025\202507\Detrafs Recebidos].
2026-08-13 13:38:41.252 | INFO    |src.services.consolidacao_contestacao:consolidar_detrafs_operadora:177 - [Consolidação] [DETRAF_D_CLARO_202507.csv]: 1 linha(s) -> 1 após remover totais.
2026-08-13 13:38:41.253 | INFO    |src.services.consolidacao_contestacao:consolidar_detrafs_operadora:177 - [Consolidação] Consolidado: 1 linha(s) de 1 arquivo(s).
2026-08-13 13:38:41.254 | INFO    |src.controllers.geracao_agi_controller:_gerar_para_operadora:558 - [STEP] Finalizando: consolidar_detrafs_operadora | Tempo gasto: 0.01s
2026-08-13 13:38:41.254 | INFO    |src.controllers.geracao_agi_controller:_gerar_para_operadora:574 - [STEP] Iniciando: consolidar_expectativa_vivo
2026-08-13 13:38:41.256 | INFO    |src.services.consolidacao_contestacao:consolidar_expectativa_vivo:207 - [Consolidação] 1 arquivo(s) encontrado(s) em [C:\Users\Btime Soluções\AppData\Local\Temp\pytest-of-Btime Soluções\pytest-18\test_sem_etapa_roda_tudo0\Operadoras\CLARO\2025\202507\Detrafs Enviados].
2026-08-13 13:38:41.262 | INFO    |src.services.consolidacao_contestacao:consolidar_expectativa_vivo:211 - [Consolidação] [DE_D_TBRA_CLARO_202507.csv]: 1 linha(s) -> 1 após remover totais.
2026-08-13 13:38:41.263 | INFO    |src.services.consolidacao_contestacao:consolidar_expectativa_vivo:211 - [Consolidação] Consolidado: 1 linha(s) de 1 arquivo(s).
2026-08-13 13:38:41.264 | INFO    |src.controllers.geracao_agi_controller:_gerar_para_operadora:574 - [STEP] Finalizando: consolidar_expectativa_vivo | Tempo gasto: 0.01s
2026-08-13 13:38:41.264 | INFO    |src.controllers.geracao_agi_controller:_gerar_para_operadora:586 - [STEP] Iniciando: montar_contest
2026-08-13 13:38:41.303 | INFO    |comum.utils.decoradores:wrapper:22 - [Consolidação] Contest: 1 combinação(ões) analisada(s).
2026-08-13 13:38:41.304 | INFO    |src.controllers.geracao_agi_controller:_gerar_para_operadora:586 - [STEP] Finalizando: montar_contest | Tempo gasto: 0.04s
2026-08-13 13:38:41.305 | INFO    |src.controllers.geracao_agi_controller:_gerar_para_operadora:595 - [STEP] Iniciando: GeracaoAgiController.atualizar_despesa_contestacao
2026-08-13 13:38:41.305 | INFO    |src.controllers.geracao_agi_controller:atualizar_despesa_contestacao:1066 - [STEP] Iniciando: preparar_atualizacoes_despesa_contestacao
2026-08-13 13:38:41.307 | INFO    |comum.dados.repositorio_cache:obter_tabela:214 - Carregando tabela [tbl_rpa_log_detraf_despesa_contestacao]
2026-08-13 13:38:41.313 | INFO    |comum.dados.repositorio_cache:obter_tabela:214 - Tabela [tbl_rpa_log_detraf_despesa_contestacao] carregada | Linhas: 2 | Colunas: 19
2026-08-13 13:38:41.320 | INFO    |comum.utils.decoradores:wrapper:22 - [HU-19 Despesa Contestação] 1 atualização(ões) preparada(s).
2026-08-13 13:38:41.321 | INFO    |src.controllers.geracao_agi_controller:atualizar_despesa_contestacao:1066 - [STEP] Finalizando: preparar_atualizacoes_despesa_contestacao | Tempo gasto: 0.02s
2026-08-13 13:38:41.321 | WARNING |comum.dados.repositorio_tabelas:atualizar_despesa_contestacao:1019 - [HU-19 Despesa Contestação] A tabela 'tbl_rpa_log_detraf_despesa_contestacao' não tem a(s) coluna(s) vb_contestacao — NÃO gravada(s). As demais seguem normalmente. Um ALTER TABLE resolve; ver pendencias-para-o-cliente.md (Q24).
2026-08-13 13:38:41.371 | INFO    |comum.dados.repositorio_tabelas:_atualizar_contestacao_em_lote:976 - 1 linha(s) atualizada(s) em [tbl_rpa_log_detraf_despesa_contestacao].
2026-08-13 13:38:41.372 | INFO    |comum.dados.repositorio_cache:recarregar_cache_local:375 - Carregando tabela [tbl_rpa_log_detraf_despesa_contestacao]
2026-08-13 13:38:41.376 | INFO    |comum.dados.repositorio_cache:recarregar_cache_local:375 - Tabela [tbl_rpa_log_detraf_despesa_contestacao] carregada | Linhas: 2 | Colunas: 19
2026-08-13 13:38:41.376 | INFO    |comum.dados.repositorio_tabelas:atualizar_despesa_contestacao:1019 - [HU-19 Despesa Contestação] 1 linha(s) atualizada(s), 0 chave(s) ausente(s).
2026-08-13 13:38:41.378 | INFO    |src.controllers.geracao_agi_controller:_gerar_para_operadora:595 - [STEP] Finalizando: GeracaoAgiController.atualizar_despesa_contestacao | Tempo gasto: 0.07s
2026-08-13 13:38:41.379 | INFO    |src.controllers.geracao_agi_controller:_gerar_ext:633 - [STEP] Iniciando: montar_linhas_ext
2026-08-13 13:38:41.392 | INFO    |comum.utils.decoradores:wrapper:22 - [HU-12 EXT] 1 linha(s) montada(s).
2026-08-13 13:38:41.394 | INFO    |src.controllers.geracao_agi_controller:_gerar_ext:633 - [STEP] Finalizando: montar_linhas_ext | Tempo gasto: 0.02s
2026-08-13 13:38:41.395 | INFO    |src.controllers.geracao_agi_controller:_gerar_ext:639 - [STEP] Iniciando: gerar_arquivo_ext
2026-08-13 13:38:41.415 | INFO    |comum.utils.decoradores:wrapper:22 - [HU-12 EXT] Arquivo gravado em [C:\Users\Btime Soluções\AppData\Local\Temp\pytest-of-Btime Soluções\pytest-18\test_sem_etapa_roda_tudo0\Operadoras\CLARO\2025\202507\AGI\DE_AGI_D_202507_TBRA_X_CLARO_EXT.xlsx].
2026-08-13 13:38:41.416 | INFO    |src.controllers.geracao_agi_controller:_gerar_ext:639 - [STEP] Finalizando: gerar_arquivo_ext | Tempo gasto: 0.02s
2026-08-13 13:38:41.417 | INFO    |src.controllers.geracao_agi_controller:_gerar_int:648 - [STEP] Iniciando: montar_linhas_int
2026-08-13 13:38:41.433 | INFO    |comum.utils.decoradores:wrapper:22 - [HU-13 INT] 1 linha(s) montada(s) (COM retenção).
2026-08-13 13:38:41.434 | INFO    |src.controllers.geracao_agi_controller:_gerar_int:648 - [STEP] Finalizando: montar_linhas_int | Tempo gasto: 0.02s
2026-08-13 13:38:41.435 | INFO    |src.controllers.geracao_agi_controller:_gerar_int:654 - [STEP] Iniciando: gerar_arquivo_int
2026-08-13 13:38:41.454 | INFO    |comum.utils.decoradores:wrapper:22 - [HU-13 INT] Arquivo gravado em [C:\Users\Btime Soluções\AppData\Local\Temp\pytest-of-Btime Soluções\pytest-18\test_sem_etapa_roda_tudo0\Operadoras\CLARO\2025\202507\AGI\DE_AGI_D_202507_TBRA_X_CLARO_INT.xlsx].
2026-08-13 13:38:41.454 | INFO    |src.controllers.geracao_agi_controller:_gerar_int:654 - [STEP] Finalizando: gerar_arquivo_int | Tempo gasto: 0.02s
2026-08-13 13:38:41.455 | INFO    |src.controllers.geracao_agi_controller:_gerar_env_e_carta:682 - [STEP] Iniciando: montar_abas_env
2026-08-13 13:38:41.473 | INFO    |comum.utils.decoradores:wrapper:22 - [HU-14 _EXP] Contest: 1 linha(s) contestada(s); TBRA: 1 linha(s) correspondente(s).
2026-08-13 13:38:41.474 | INFO    |src.controllers.geracao_agi_controller:_gerar_env_e_carta:682 - [STEP] Finalizando: montar_abas_env | Tempo gasto: 0.02s
2026-08-13 13:38:41.474 | INFO    |src.controllers.geracao_agi_controller:_gerar_env_e_carta:690 - [STEP] Iniciando: gerar_arquivo_env
2026-08-13 13:38:41.499 | INFO    |comum.utils.decoradores:wrapper:22 - [HU-14 _EXP] Arquivo gravado em [C:\Users\Btime Soluções\AppData\Local\Temp\pytest-of-Btime Soluções\pytest-18\test_sem_etapa_roda_tudo0\Operadoras\CLARO\2025\202507\Contestações\Base Contestação_CLARO_202507_EXP.xlsx].
2026-08-13 13:38:41.500 | INFO    |src.controllers.geracao_agi_controller:_gerar_env_e_carta:690 - [STEP] Finalizando: gerar_arquivo_env | Tempo gasto: 0.03s
2026-08-13 13:38:41.510 | ERROR   |src.controllers.geracao_agi_controller:_gerar_para_operadora:606 - [RPA 3] Numeração CT indisponível: [HU-14] Pasta de controle de numeração CT não encontrada: [C:\Users\Btime Soluções\AppData\Local\Temp\pytest-of-Btime Soluções\pytest-18\test_sem_etapa_roda_tudo0\CT\2025]. A geração de CARTA fica desabilitada para toda esta execução — os demais artefatos continuam sendo gerados.
2026-08-13 13:38:41.512 | INFO    |src.controllers.geracao_agi_controller:_gerar_para_operadora:617 - [STEP] Iniciando: GeracaoAgiController.gerar_cont_proc
2026-08-13 13:38:41.512 | INFO    |src.controllers.geracao_agi_controller:gerar_cont_proc:1030 - [STEP] Iniciando: montar_linhas_cont_proc
2026-08-13 13:38:41.512 | INFO    |src.services.geracao_cont_proc:montar_linhas_cont_proc:224 - [STEP] Iniciando: selecionar_linhas_contestadas
2026-08-13 13:38:41.521 | INFO    |comum.utils.decoradores:wrapper:22 - [HU-16 CONT_PROC] 1 linha(s) contestada(s).
2026-08-13 13:38:41.522 | INFO    |src.services.geracao_cont_proc:montar_linhas_cont_proc:224 - [STEP] Finalizando: selecionar_linhas_contestadas | Tempo gasto: 0.01s
2026-08-13 13:38:41.525 | INFO    |comum.utils.decoradores:wrapper:22 - [HU-16 CONT_PROC] 1 linha(s) montada(s) (T-100+T-101 completos).
2026-08-13 13:38:41.525 | INFO    |src.controllers.geracao_agi_controller:gerar_cont_proc:1030 - [STEP] Finalizando: montar_linhas_cont_proc | Tempo gasto: 0.01s
2026-08-13 13:38:41.526 | INFO    |src.controllers.geracao_agi_controller:gerar_cont_proc:1036 - [STEP] Iniciando: gerar_arquivo_cont_proc
2026-08-13 13:38:41.544 | INFO    |comum.utils.decoradores:wrapper:22 - [HU-16 CONT_PROC] Arquivo gravado em [C:\Users\Btime Soluções\AppData\Local\Temp\pytest-of-Btime Soluções\pytest-18\test_sem_etapa_roda_tudo0\Operadoras\CLARO\2025\202507\AGI\CONT_PROC_MASCARA_CLARO_202507.xlsx].
2026-08-13 13:38:41.545 | INFO    |src.controllers.geracao_agi_controller:gerar_cont_proc:1036 - [STEP] Finalizando: gerar_arquivo_cont_proc | Tempo gasto: 0.02s
2026-08-13 13:38:41.546 | INFO    |src.controllers.geracao_agi_controller:gerar_cont_proc:1046 - [STEP] Iniciando: selecionar_linhas_contestadas
2026-08-13 13:38:41.555 | INFO    |comum.utils.decoradores:wrapper:22 - [HU-16 CONT_PROC] 1 linha(s) contestada(s).
2026-08-13 13:38:41.556 | INFO    |src.controllers.geracao_agi_controller:gerar_cont_proc:1046 - [STEP] Finalizando: selecionar_linhas_contestadas | Tempo gasto: 0.01s
2026-08-13 13:38:41.568 | INFO    |comum.dados.repositorio_tabelas:_atualizar_contestacao_em_lote:976 - 1 linha(s) atualizada(s) em [tbl_rpa_log_detraf_despesa_contestacao].
2026-08-13 13:38:41.568 | INFO    |comum.dados.repositorio_cache:recarregar_cache_local:375 - Carregando tabela [tbl_rpa_log_detraf_despesa_contestacao]
2026-08-13 13:38:41.573 | INFO    |comum.dados.repositorio_cache:recarregar_cache_local:375 - Tabela [tbl_rpa_log_detraf_despesa_contestacao] carregada | Linhas: 2 | Colunas: 19
2026-08-13 13:38:41.574 | INFO    |comum.dados.repositorio_tabelas:atualizar_tipo_contestacao:1046 - [HU-16 Writeback tipo_contestacao] 1 linha(s) atualizada(s), 0 chave(s) ausente(s).
2026-08-13 13:38:41.574 | INFO    |src.controllers.geracao_agi_controller:_gerar_para_operadora:617 - [STEP] Finalizando: GeracaoAgiController.gerar_cont_proc | Tempo gasto: 0.06s
2026-08-13 13:38:41.575 | INFO    |src.controllers.geracao_agi_controller:_pausar_apos_artefatos:530 - [RPA 3 — etapa 1/4: artefatos] 1 operadora(s) em 202507:
2026-08-13 13:38:41.576 | INFO    |src.controllers.geracao_agi_controller:_pausar_apos_artefatos:530 - [RPA 3 — etapa 1/4: artefatos]   CLARO                EXT · INT · _EXP · CONT_PROC
2026-08-13 13:38:41.576 | INFO    |src.controllers.geracao_agi_controller:_pausar_apos_artefatos:530 - [RPA 3 — etapa 1/4: artefatos]                        pulado: carta desabilitada nesta execução (numeração CT)
2026-08-13 13:38:41.576 | INFO    |src.controllers.geracao_agi_controller:_pausar_apos_artefatos:530 - [RPA 3 — etapa 1/4: artefatos] Pasta: C:\Users\Btime Soluções\AppData\Local\Temp\pytest-of-Btime Soluções\pytest-18\test_sem_etapa_roda_tudo0\Operadoras
2026-08-13 13:38:41.576 | INFO    |src.controllers.geracao_agi_controller:_pausar_apos_artefatos:530 - [RPA 3 — etapa 1/4: artefatos] ────────────────────────────────────────────────────────────
2026-08-13 13:38:41.577 | INFO    |src.controllers.geracao_agi_controller:_pausar_apos_artefatos:530 - [RPA 3 — etapa 1/4: artefatos] PRÓXIMA ETAPA: carga no AGI (HU-17/HU-18) — ESCREVE NO AGI
2026-08-13 13:38:41.577 | INFO    |src.controllers.geracao_agi_controller:gerar_artefatos:332 - [RPA 3 — etapa 2/4: carga no AGI] 1 operadora(s) na lista de carga.
2026-08-13 13:38:41.578 | INFO    |src.controllers.geracao_agi_controller:gerar_artefatos:332 - [RPA 3 — etapa 2/4: carga no AGI] Upload no AGI: desligado — nada foi enviado, só registrado no log.
2026-08-13 13:38:41.579 | INFO    |src.controllers.geracao_agi_controller:gerar_artefatos:332 - [RPA 3 — etapa 2/4: carga no AGI] Confira no AGI se a carga entrou, e o campo `carga_agi` na tabela de contestação.
2026-08-13 13:38:41.580 | INFO    |src.controllers.geracao_agi_controller:gerar_artefatos:332 - [RPA 3 — etapa 2/4: carga no AGI] ────────────────────────────────────────────────────────────
2026-08-13 13:38:41.580 | INFO    |src.controllers.geracao_agi_controller:gerar_artefatos:332 - [RPA 3 — etapa 2/4: carga no AGI] PRÓXIMA ETAPA: e-mail de contestação à operadora (HU-15) — SAI DA EMPRESA
2026-08-13 13:38:41.581 | INFO    |src.controllers.geracao_agi_controller:gerar_artefatos:368 - [RPA 3 — etapa 3/4: e-mail de contestação] Envio de e-mail: desligado — o e-mail foi montado e registrado, não enviado.
2026-08-13 13:38:41.581 | INFO    |src.controllers.geracao_agi_controller:gerar_artefatos:368 - [RPA 3 — etapa 3/4: e-mail de contestação] Contatos: não configurados (pendência Q16) — nada é enviado
2026-08-13 13:38:41.582 | INFO    |src.controllers.geracao_agi_controller:gerar_artefatos:368 - [RPA 3 — etapa 3/4: e-mail de contestação] ────────────────────────────────────────────────────────────
2026-08-13 13:38:41.582 | INFO    |src.controllers.geracao_agi_controller:gerar_artefatos:368 - [RPA 3 — etapa 3/4: e-mail de contestação] PRÓXIMA ETAPA: conferência do relatório contra o EC (HU-20)
2026-08-13 13:38:41.583 | INFO    |src.controllers.geracao_agi_controller:_verificar_relatorio:895 - [STEP] Iniciando: VerificacaoRelatorio.executar
2026-08-13 13:38:41.584 | INFO    |comum.utils.decoradores:wrapper:22 - [MODO SEGURO] PERMITIR_ACESSO_AGI=false — o AGI não será aberto. A verificação usa o relatório já em [C:\projetos\MVP2\MVP2\MVP2\DETRAF-UNIFICADO\unificado\logs\relatorio_agi\remessa_baixada.csv].
2026-08-13 13:38:41.585 | INFO    |src.controllers.geracao_agi_controller:_verificar_relatorio:895 - [STEP] Finalizando: VerificacaoRelatorio.executar | Tempo gasto: 0.0s
2026-08-13 13:38:41.586 | WARNING |src.controllers.geracao_agi_controller:gerar_artefatos:398 - [RPA 3] HU-20 não executada: Relatório do AGI não encontrado em [C:\projetos\MVP2\MVP2\MVP2\DETRAF-UNIFICADO\unificado\logs\relatorio_agi\remessa_baixada.csv]. Com PERMITIR_ACESSO_AGI desligado, é preciso baixá-lo antes.
2026-08-13 13:38:41.586 | INFO    |src.controllers.geracao_agi_controller:gerar_artefatos:402 - [RPA 3 — etapa 4/4: conferência do relatório] A conferência compara o relatório do AGI com o Encontro de Contas do banco.
2026-08-13 13:38:41.587 | INFO    |src.controllers.geracao_agi_controller:gerar_artefatos:402 - [RPA 3 — etapa 4/4: conferência do relatório] A planilha de inconsistências só é gravada quando há divergência — nenhum arquivo significa nenhuma divergência.
2026-08-13 13:38:41.587 | INFO    |src.controllers.geracao_agi_controller:gerar_artefatos:402 - [RPA 3 — etapa 4/4: conferência do relatório] Pasta: C:\projetos\MVP2\MVP2\MVP2\DETRAF-UNIFICADO\unificado\logs\inconsistencias
2026-08-13 13:38:41.587 | INFO    |src.controllers.geracao_agi_controller:gerar_artefatos:402 - [RPA 3 — etapa 4/4: conferência do relatório] ────────────────────────────────────────────────────────────
2026-08-13 13:38:41.588 | INFO    |src.controllers.geracao_agi_controller:gerar_artefatos:402 - [RPA 3 — etapa 4/4: conferência do relatório] Esta é a última etapa da execução.
2026-08-13 13:38:41.588 | INFO    |src.controllers.geracao_agi_controller:gerar_artefatos:415 - [RPA 3] Resumo de 202507 — 1 operadora(s): EXT 1, INT 1, _EXP 1, carta 0, CONT_PROC 1.
2026-08-13 13:38:41.589 | INFO    |src.controllers.geracao_agi_controller:gerar_artefatos:415 - [RPA 3]   CLARO: carta desabilitada nesta execução (numeração CT).
2026-08-13 13:38:41.589 | WARNING |src.controllers.geracao_agi_controller:gerar_artefatos:415 - [RPA 3] HU-15 sem destinatários: a tabela de contatos do WebFat continua sem resposta do cliente (pendência Q16). A ponte é apontar CAMINHO_CONTATOS_OPERADORAS para um CSV `operadora;emails`.
2026-08-13 13:38:41.592 | INFO    |src.controllers.geracao_agi_controller:_gravar_relatorio:956 - [Relatório] Resumo da execução em [C:\projetos\MVP2\MVP2\MVP2\DETRAF-UNIFICADO\unificado\logs\DESKTOP-64TNDKM\rpa3_contestacao_agi_ec\execucoes\2026-08-13_13-38-41.md].
2026-08-13 13:38:41.592 | INFO    |test_orquestracao_rpa3:test_sem_etapa_roda_tudo:719 - [STEP] Finalizando: GeracaoAgiController.gerar_artefatos | Tempo gasto: 0.36s
2026-08-13 13:38:41.606 | INFO    |comum.dados.repositorio_cache:__init__:77 - Inicializando conexão com o banco no ambiente [dev]
2026-08-13 13:38:41.607 | INFO    |comum.dados.repositorio_cache:__init__:77 - Utilizando SQLite local [C:\Users\BTIMES~1\AppData\Local\Temp\detraf_epico4_teste_9l21xs1s\TABELAS_DETRAF_TESTE.db]
2026-08-13 13:38:41.621 | INFO    |test_orquestracao_rpa3:test_etapa_artefatos_nao_chama_a_carga:732 - [STEP] Iniciando: GeracaoAgiController.gerar_artefatos
2026-08-13 13:38:41.623 | INFO    |comum.utils.decoradores:wrapper:22 - [RPA 3] 1 operadora(s) em 202507: CLARO.
2026-08-13 13:38:41.623 | INFO    |comum.dados.repositorio_cache:obter_tabela:214 - Carregando tabela [tbl_detraf_mapeamento_descritores]
2026-08-13 13:38:41.629 | INFO    |comum.dados.repositorio_cache:obter_tabela:214 - Tabela [tbl_detraf_mapeamento_descritores] carregada | Linhas: 25 | Colunas: 5
2026-08-13 13:38:41.636 | INFO    |src.controllers.geracao_agi_controller:_gerar_para_operadora:558 - [STEP] Iniciando: consolidar_detrafs_operadora
2026-08-13 13:38:41.637 | INFO    |src.services.consolidacao_contestacao:consolidar_detrafs_operadora:174 - [Consolidação] 1 arquivo(s) encontrado(s) em [C:\Users\Btime Soluções\AppData\Local\Temp\pytest-of-Btime Soluções\pytest-18\test_etapa_artefatos_nao_chama0\Operadoras\CLARO\2025\202507\Detrafs Recebidos].
2026-08-13 13:38:41.642 | INFO    |src.services.consolidacao_contestacao:consolidar_detrafs_operadora:177 - [Consolidação] [DETRAF_D_CLARO_202507.csv]: 1 linha(s) -> 1 após remover totais.
2026-08-13 13:38:41.643 | INFO    |src.services.consolidacao_contestacao:consolidar_detrafs_operadora:177 - [Consolidação] Consolidado: 1 linha(s) de 1 arquivo(s).
2026-08-13 13:38:41.643 | INFO    |src.controllers.geracao_agi_controller:_gerar_para_operadora:558 - [STEP] Finalizando: consolidar_detrafs_operadora | Tempo gasto: 0.01s
2026-08-13 13:38:41.644 | INFO    |src.controllers.geracao_agi_controller:_gerar_para_operadora:574 - [STEP] Iniciando: consolidar_expectativa_vivo
2026-08-13 13:38:41.646 | INFO    |src.services.consolidacao_contestacao:consolidar_expectativa_vivo:207 - [Consolidação] 1 arquivo(s) encontrado(s) em [C:\Users\Btime Soluções\AppData\Local\Temp\pytest-of-Btime Soluções\pytest-18\test_etapa_artefatos_nao_chama0\Operadoras\CLARO\2025\202507\Detrafs Enviados].
2026-08-13 13:38:41.650 | INFO    |src.services.consolidacao_contestacao:consolidar_expectativa_vivo:211 - [Consolidação] [DE_D_TBRA_CLARO_202507.csv]: 1 linha(s) -> 1 após remover totais.
2026-08-13 13:38:41.651 | INFO    |src.services.consolidacao_contestacao:consolidar_expectativa_vivo:211 - [Consolidação] Consolidado: 1 linha(s) de 1 arquivo(s).
2026-08-13 13:38:41.651 | INFO    |src.controllers.geracao_agi_controller:_gerar_para_operadora:574 - [STEP] Finalizando: consolidar_expectativa_vivo | Tempo gasto: 0.01s
2026-08-13 13:38:41.652 | INFO    |src.controllers.geracao_agi_controller:_gerar_para_operadora:586 - [STEP] Iniciando: montar_contest
2026-08-13 13:38:41.696 | INFO    |comum.utils.decoradores:wrapper:22 - [Consolidação] Contest: 1 combinação(ões) analisada(s).
2026-08-13 13:38:41.697 | INFO    |src.controllers.geracao_agi_controller:_gerar_para_operadora:586 - [STEP] Finalizando: montar_contest | Tempo gasto: 0.05s
2026-08-13 13:38:41.698 | INFO    |src.controllers.geracao_agi_controller:_gerar_para_operadora:595 - [STEP] Iniciando: GeracaoAgiController.atualizar_despesa_contestacao
2026-08-13 13:38:41.698 | INFO    |src.controllers.geracao_agi_controller:atualizar_despesa_contestacao:1066 - [STEP] Iniciando: preparar_atualizacoes_despesa_contestacao
2026-08-13 13:38:41.701 | INFO    |comum.dados.repositorio_cache:obter_tabela:214 - Carregando tabela [tbl_rpa_log_detraf_despesa_contestacao]
2026-08-13 13:38:41.706 | INFO    |comum.dados.repositorio_cache:obter_tabela:214 - Tabela [tbl_rpa_log_detraf_despesa_contestacao] carregada | Linhas: 2 | Colunas: 19
2026-08-13 13:38:41.719 | INFO    |comum.utils.decoradores:wrapper:22 - [HU-19 Despesa Contestação] 1 atualização(ões) preparada(s).
2026-08-13 13:38:41.719 | INFO    |src.controllers.geracao_agi_controller:atualizar_despesa_contestacao:1066 - [STEP] Finalizando: preparar_atualizacoes_despesa_contestacao | Tempo gasto: 0.02s
2026-08-13 13:38:41.720 | WARNING |comum.dados.repositorio_tabelas:atualizar_despesa_contestacao:1019 - [HU-19 Despesa Contestação] A tabela 'tbl_rpa_log_detraf_despesa_contestacao' não tem a(s) coluna(s) vb_contestacao — NÃO gravada(s). As demais seguem normalmente. Um ALTER TABLE resolve; ver pendencias-para-o-cliente.md (Q24).
2026-08-13 13:38:41.741 | INFO    |comum.dados.repositorio_tabelas:_atualizar_contestacao_em_lote:976 - 1 linha(s) atualizada(s) em [tbl_rpa_log_detraf_despesa_contestacao].
2026-08-13 13:38:41.742 | INFO    |comum.dados.repositorio_cache:recarregar_cache_local:375 - Carregando tabela [tbl_rpa_log_detraf_despesa_contestacao]
2026-08-13 13:38:41.748 | INFO    |comum.dados.repositorio_cache:recarregar_cache_local:375 - Tabela [tbl_rpa_log_detraf_despesa_contestacao] carregada | Linhas: 2 | Colunas: 19
2026-08-13 13:38:41.749 | INFO    |comum.dados.repositorio_tabelas:atualizar_despesa_contestacao:1019 - [HU-19 Despesa Contestação] 1 linha(s) atualizada(s), 0 chave(s) ausente(s).
2026-08-13 13:38:41.749 | INFO    |src.controllers.geracao_agi_controller:_gerar_para_operadora:595 - [STEP] Finalizando: GeracaoAgiController.atualizar_despesa_contestacao | Tempo gasto: 0.05s
2026-08-13 13:38:41.750 | INFO    |src.controllers.geracao_agi_controller:_gerar_ext:633 - [STEP] Iniciando: montar_linhas_ext
2026-08-13 13:38:41.768 | INFO    |comum.utils.decoradores:wrapper:22 - [HU-12 EXT] 1 linha(s) montada(s).
2026-08-13 13:38:41.769 | INFO    |src.controllers.geracao_agi_controller:_gerar_ext:633 - [STEP] Finalizando: montar_linhas_ext | Tempo gasto: 0.02s
2026-08-13 13:38:41.769 | INFO    |src.controllers.geracao_agi_controller:_gerar_ext:639 - [STEP] Iniciando: gerar_arquivo_ext
2026-08-13 13:38:41.791 | INFO    |comum.utils.decoradores:wrapper:22 - [HU-12 EXT] Arquivo gravado em [C:\Users\Btime Soluções\AppData\Local\Temp\pytest-of-Btime Soluções\pytest-18\test_etapa_artefatos_nao_chama0\Operadoras\CLARO\2025\202507\AGI\DE_AGI_D_202507_TBRA_X_CLARO_EXT.xlsx].
2026-08-13 13:38:41.792 | INFO    |src.controllers.geracao_agi_controller:_gerar_ext:639 - [STEP] Finalizando: gerar_arquivo_ext | Tempo gasto: 0.02s
2026-08-13 13:38:41.793 | INFO    |src.controllers.geracao_agi_controller:_gerar_int:648 - [STEP] Iniciando: montar_linhas_int
2026-08-13 13:38:41.807 | INFO    |comum.utils.decoradores:wrapper:22 - [HU-13 INT] 1 linha(s) montada(s) (COM retenção).
2026-08-13 13:38:41.808 | INFO    |src.controllers.geracao_agi_controller:_gerar_int:648 - [STEP] Finalizando: montar_linhas_int | Tempo gasto: 0.02s
2026-08-13 13:38:41.809 | INFO    |src.controllers.geracao_agi_controller:_gerar_int:654 - [STEP] Iniciando: gerar_arquivo_int
2026-08-13 13:38:41.831 | INFO    |comum.utils.decoradores:wrapper:22 - [HU-13 INT] Arquivo gravado em [C:\Users\Btime Soluções\AppData\Local\Temp\pytest-of-Btime Soluções\pytest-18\test_etapa_artefatos_nao_chama0\Operadoras\CLARO\2025\202507\AGI\DE_AGI_D_202507_TBRA_X_CLARO_INT.xlsx].
2026-08-13 13:38:41.832 | INFO    |src.controllers.geracao_agi_controller:_gerar_int:654 - [STEP] Finalizando: gerar_arquivo_int | Tempo gasto: 0.02s
2026-08-13 13:38:41.832 | INFO    |src.controllers.geracao_agi_controller:_gerar_env_e_carta:682 - [STEP] Iniciando: montar_abas_env
2026-08-13 13:38:41.848 | INFO    |comum.utils.decoradores:wrapper:22 - [HU-14 _EXP] Contest: 1 linha(s) contestada(s); TBRA: 1 linha(s) correspondente(s).
2026-08-13 13:38:41.848 | INFO    |src.controllers.geracao_agi_controller:_gerar_env_e_carta:682 - [STEP] Finalizando: montar_abas_env | Tempo gasto: 0.02s
2026-08-13 13:38:41.849 | INFO    |src.controllers.geracao_agi_controller:_gerar_env_e_carta:690 - [STEP] Iniciando: gerar_arquivo_env
2026-08-13 13:38:41.873 | INFO    |comum.utils.decoradores:wrapper:22 - [HU-14 _EXP] Arquivo gravado em [C:\Users\Btime Soluções\AppData\Local\Temp\pytest-of-Btime Soluções\pytest-18\test_etapa_artefatos_nao_chama0\Operadoras\CLARO\2025\202507\Contestações\Base Contestação_CLARO_202507_EXP.xlsx].
2026-08-13 13:38:41.874 | INFO    |src.controllers.geracao_agi_controller:_gerar_env_e_carta:690 - [STEP] Finalizando: gerar_arquivo_env | Tempo gasto: 0.02s
2026-08-13 13:38:41.887 | ERROR   |src.controllers.geracao_agi_controller:_gerar_para_operadora:606 - [RPA 3] Numeração CT indisponível: [HU-14] Pasta de controle de numeração CT não encontrada: [C:\Users\Btime Soluções\AppData\Local\Temp\pytest-of-Btime Soluções\pytest-18\test_etapa_artefatos_nao_chama0\CT\2025]. A geração de CARTA fica desabilitada para toda esta execução — os demais artefatos continuam sendo gerados.
2026-08-13 13:38:41.888 | INFO    |src.controllers.geracao_agi_controller:_gerar_para_operadora:617 - [STEP] Iniciando: GeracaoAgiController.gerar_cont_proc
2026-08-13 13:38:41.888 | INFO    |src.controllers.geracao_agi_controller:gerar_cont_proc:1030 - [STEP] Iniciando: montar_linhas_cont_proc
2026-08-13 13:38:41.889 | INFO    |src.services.geracao_cont_proc:montar_linhas_cont_proc:224 - [STEP] Iniciando: selecionar_linhas_contestadas
2026-08-13 13:38:41.902 | INFO    |comum.utils.decoradores:wrapper:22 - [HU-16 CONT_PROC] 1 linha(s) contestada(s).
2026-08-13 13:38:41.903 | INFO    |src.services.geracao_cont_proc:montar_linhas_cont_proc:224 - [STEP] Finalizando: selecionar_linhas_contestadas | Tempo gasto: 0.01s
2026-08-13 13:38:41.907 | INFO    |comum.utils.decoradores:wrapper:22 - [HU-16 CONT_PROC] 1 linha(s) montada(s) (T-100+T-101 completos).
2026-08-13 13:38:41.908 | INFO    |src.controllers.geracao_agi_controller:gerar_cont_proc:1030 - [STEP] Finalizando: montar_linhas_cont_proc | Tempo gasto: 0.02s
2026-08-13 13:38:41.908 | INFO    |src.controllers.geracao_agi_controller:gerar_cont_proc:1036 - [STEP] Iniciando: gerar_arquivo_cont_proc
2026-08-13 13:38:41.927 | INFO    |comum.utils.decoradores:wrapper:22 - [HU-16 CONT_PROC] Arquivo gravado em [C:\Users\Btime Soluções\AppData\Local\Temp\pytest-of-Btime Soluções\pytest-18\test_etapa_artefatos_nao_chama0\Operadoras\CLARO\2025\202507\AGI\CONT_PROC_MASCARA_CLARO_202507.xlsx].
2026-08-13 13:38:41.928 | INFO    |src.controllers.geracao_agi_controller:gerar_cont_proc:1036 - [STEP] Finalizando: gerar_arquivo_cont_proc | Tempo gasto: 0.02s
2026-08-13 13:38:41.929 | INFO    |src.controllers.geracao_agi_controller:gerar_cont_proc:1046 - [STEP] Iniciando: selecionar_linhas_contestadas
2026-08-13 13:38:41.938 | INFO    |comum.utils.decoradores:wrapper:22 - [HU-16 CONT_PROC] 1 linha(s) contestada(s).
2026-08-13 13:38:41.939 | INFO    |src.controllers.geracao_agi_controller:gerar_cont_proc:1046 - [STEP] Finalizando: selecionar_linhas_contestadas | Tempo gasto: 0.01s
2026-08-13 13:38:41.948 | INFO    |comum.dados.repositorio_tabelas:_atualizar_contestacao_em_lote:976 - 1 linha(s) atualizada(s) em [tbl_rpa_log_detraf_despesa_contestacao].
2026-08-13 13:38:41.948 | INFO    |comum.dados.repositorio_cache:recarregar_cache_local:375 - Carregando tabela [tbl_rpa_log_detraf_despesa_contestacao]
2026-08-13 13:38:41.951 | INFO    |comum.dados.repositorio_cache:recarregar_cache_local:375 - Tabela [tbl_rpa_log_detraf_despesa_contestacao] carregada | Linhas: 2 | Colunas: 19
2026-08-13 13:38:41.952 | INFO    |comum.dados.repositorio_tabelas:atualizar_tipo_contestacao:1046 - [HU-16 Writeback tipo_contestacao] 1 linha(s) atualizada(s), 0 chave(s) ausente(s).
2026-08-13 13:38:41.953 | INFO    |src.controllers.geracao_agi_controller:_gerar_para_operadora:617 - [STEP] Finalizando: GeracaoAgiController.gerar_cont_proc | Tempo gasto: 0.06s
2026-08-13 13:38:41.954 | INFO    |src.controllers.geracao_agi_controller:_pausar_apos_artefatos:530 - [RPA 3 — etapa 1/4: artefatos] 1 operadora(s) em 202507:
2026-08-13 13:38:41.955 | INFO    |src.controllers.geracao_agi_controller:_pausar_apos_artefatos:530 - [RPA 3 — etapa 1/4: artefatos]   CLARO                EXT · INT · _EXP · CONT_PROC
2026-08-13 13:38:41.955 | INFO    |src.controllers.geracao_agi_controller:_pausar_apos_artefatos:530 - [RPA 3 — etapa 1/4: artefatos]                        pulado: carta desabilitada nesta execução (numeração CT)
2026-08-13 13:38:41.955 | INFO    |src.controllers.geracao_agi_controller:_pausar_apos_artefatos:530 - [RPA 3 — etapa 1/4: artefatos] Pasta: C:\Users\Btime Soluções\AppData\Local\Temp\pytest-of-Btime Soluções\pytest-18\test_etapa_artefatos_nao_chama0\Operadoras
2026-08-13 13:38:41.956 | INFO    |src.controllers.geracao_agi_controller:_pausar_apos_artefatos:530 - [RPA 3 — etapa 1/4: artefatos] ────────────────────────────────────────────────────────────
2026-08-13 13:38:41.956 | INFO    |src.controllers.geracao_agi_controller:_pausar_apos_artefatos:530 - [RPA 3 — etapa 1/4: artefatos] PRÓXIMA ETAPA: nenhuma — a execução termina aqui (--etapa=artefatos)
2026-08-13 13:38:41.957 | INFO    |src.controllers.geracao_agi_controller:gerar_artefatos:312 - [RPA 3] Etapa 'carga' pulada por --etapa=artefatos.
2026-08-13 13:38:41.957 | INFO    |src.controllers.geracao_agi_controller:gerar_artefatos:350 - [RPA 3] Etapa 'email' pulada por --etapa=artefatos.
2026-08-13 13:38:41.958 | INFO    |src.controllers.geracao_agi_controller:gerar_artefatos:388 - [RPA 3] Etapa 'verificacao' pulada por --etapa=artefatos.
2026-08-13 13:38:41.958 | INFO    |src.controllers.geracao_agi_controller:gerar_artefatos:415 - [RPA 3] Resumo de 202507 — 1 operadora(s): EXT 1, INT 1, _EXP 1, carta 0, CONT_PROC 1.
2026-08-13 13:38:41.958 | INFO    |src.controllers.geracao_agi_controller:gerar_artefatos:415 - [RPA 3]   CLARO: carta desabilitada nesta execução (numeração CT).
2026-08-13 13:38:41.959 | WARNING |src.controllers.geracao_agi_controller:gerar_artefatos:415 - [RPA 3] HU-15 sem destinatários: a tabela de contatos do WebFat continua sem resposta do cliente (pendência Q16). A ponte é apontar CAMINHO_CONTATOS_OPERADORAS para um CSV `operadora;emails`.
2026-08-13 13:38:41.962 | INFO    |src.controllers.geracao_agi_controller:_gravar_relatorio:956 - [Relatório] Resumo da execução em [C:\projetos\MVP2\MVP2\MVP2\DETRAF-UNIFICADO\unificado\logs\DESKTOP-64TNDKM\rpa3_contestacao_agi_ec\execucoes\2026-08-13_13-38-41.md].
2026-08-13 13:38:41.963 | INFO    |test_orquestracao_rpa3:test_etapa_artefatos_nao_chama_a_carga:732 - [STEP] Finalizando: GeracaoAgiController.gerar_artefatos | Tempo gasto: 0.34s
2026-08-13 13:38:41.973 | INFO    |comum.dados.repositorio_cache:__init__:77 - Inicializando conexão com o banco no ambiente [dev]
2026-08-13 13:38:41.974 | INFO    |comum.dados.repositorio_cache:__init__:77 - Utilizando SQLite local [C:\Users\BTIMES~1\AppData\Local\Temp\detraf_epico4_teste_9l21xs1s\TABELAS_DETRAF_TESTE.db]
2026-08-13 13:38:41.994 | INFO    |test_orquestracao_rpa3:test_etapa_carga_nao_regera_os_artefatos:760 - [STEP] Iniciando: GeracaoAgiController.gerar_artefatos
2026-08-13 13:38:41.996 | INFO    |comum.utils.decoradores:wrapper:22 - [RPA 3] 1 operadora(s) em 202507: CLARO.
2026-08-13 13:38:41.996 | INFO    |comum.dados.repositorio_cache:obter_tabela:214 - Carregando tabela [tbl_detraf_mapeamento_descritores]
2026-08-13 13:38:42.000 | INFO    |comum.dados.repositorio_cache:obter_tabela:214 - Tabela [tbl_detraf_mapeamento_descritores] carregada | Linhas: 25 | Colunas: 5
2026-08-13 13:38:42.007 | INFO    |src.controllers.geracao_agi_controller:gerar_artefatos:290 - [RPA 3] Etapa 'artefatos' pulada por --etapa=carga.
2026-08-13 13:38:42.008 | INFO    |src.controllers.geracao_agi_controller:gerar_artefatos:304 - [RPA 3] Etapa 'artefatos' pulada por --etapa=carga.
2026-08-13 13:38:42.009 | INFO    |src.controllers.geracao_agi_controller:gerar_artefatos:332 - [RPA 3 — etapa 2/4: carga no AGI] 1 operadora(s) na lista de carga.
2026-08-13 13:38:42.009 | INFO    |src.controllers.geracao_agi_controller:gerar_artefatos:332 - [RPA 3 — etapa 2/4: carga no AGI] Upload no AGI: desligado — nada foi enviado, só registrado no log.
2026-08-13 13:38:42.009 | INFO    |src.controllers.geracao_agi_controller:gerar_artefatos:332 - [RPA 3 — etapa 2/4: carga no AGI] Confira no AGI se a carga entrou, e o campo `carga_agi` na tabela de contestação.
2026-08-13 13:38:42.010 | INFO    |src.controllers.geracao_agi_controller:gerar_artefatos:332 - [RPA 3 — etapa 2/4: carga no AGI] ────────────────────────────────────────────────────────────
2026-08-13 13:38:42.012 | INFO    |src.controllers.geracao_agi_controller:gerar_artefatos:332 - [RPA 3 — etapa 2/4: carga no AGI] PRÓXIMA ETAPA: nenhuma — a execução termina aqui (--etapa=carga)
2026-08-13 13:38:42.012 | INFO    |src.controllers.geracao_agi_controller:gerar_artefatos:350 - [RPA 3] Etapa 'email' pulada por --etapa=carga.
2026-08-13 13:38:42.013 | INFO    |src.controllers.geracao_agi_controller:gerar_artefatos:388 - [RPA 3] Etapa 'verificacao' pulada por --etapa=carga.
2026-08-13 13:38:42.013 | INFO    |src.controllers.geracao_agi_controller:gerar_artefatos:415 - [RPA 3] Resumo de 202507 — 1 operadora(s): EXT 0, INT 0, _EXP 0, carta 0, CONT_PROC 0.
2026-08-13 13:38:42.013 | WARNING |src.controllers.geracao_agi_controller:gerar_artefatos:415 - [RPA 3] HU-15 sem destinatários: a tabela de contatos do WebFat continua sem resposta do cliente (pendência Q16). A ponte é apontar CAMINHO_CONTATOS_OPERADORAS para um CSV `operadora;emails`.
2026-08-13 13:38:42.016 | INFO    |src.controllers.geracao_agi_controller:_gravar_relatorio:956 - [Relatório] Resumo da execução em [C:\projetos\MVP2\MVP2\MVP2\DETRAF-UNIFICADO\unificado\logs\DESKTOP-64TNDKM\rpa3_contestacao_agi_ec\execucoes\2026-08-13_13-38-42.md].
2026-08-13 13:38:42.017 | INFO    |test_orquestracao_rpa3:test_etapa_carga_nao_regera_os_artefatos:760 - [STEP] Finalizando: GeracaoAgiController.gerar_artefatos | Tempo gasto: 0.02s
2026-08-13 13:38:42.026 | INFO    |comum.dados.repositorio_cache:__init__:77 - Inicializando conexão com o banco no ambiente [dev]
2026-08-13 13:38:42.027 | INFO    |comum.dados.repositorio_cache:__init__:77 - Utilizando SQLite local [C:\Users\BTIMES~1\AppData\Local\Temp\detraf_epico4_teste_9l21xs1s\TABELAS_DETRAF_TESTE.db]
2026-08-13 13:38:42.042 | INFO    |test_orquestracao_rpa3:test_etapa_carga_ignora_quem_nao_tem_artefato:783 - [STEP] Iniciando: GeracaoAgiController.gerar_artefatos
2026-08-13 13:38:42.044 | INFO    |comum.utils.decoradores:wrapper:22 - [RPA 3] 1 operadora(s) em 202507: CLARO.
2026-08-13 13:38:42.045 | INFO    |comum.dados.repositorio_cache:obter_tabela:214 - Carregando tabela [tbl_detraf_mapeamento_descritores]
2026-08-13 13:38:42.049 | INFO    |comum.dados.repositorio_cache:obter_tabela:214 - Tabela [tbl_detraf_mapeamento_descritores] carregada | Linhas: 25 | Colunas: 5
2026-08-13 13:38:42.056 | INFO    |src.controllers.geracao_agi_controller:gerar_artefatos:290 - [RPA 3] Etapa 'artefatos' pulada por --etapa=carga.
2026-08-13 13:38:42.056 | INFO    |src.controllers.geracao_agi_controller:gerar_artefatos:299 - [RPA 3] 'CLARO' não tem artefato em [C:\Users\Btime Soluções\AppData\Local\Temp\pytest-of-Btime Soluções\pytest-18\test_etapa_carga_ignora_quem_n0\Operadoras\CLARO\2025\202507\AGI] — fora da carga. Rode --etapa artefatos antes.
2026-08-13 13:38:42.057 | INFO    |src.controllers.geracao_agi_controller:gerar_artefatos:304 - [RPA 3] Etapa 'artefatos' pulada por --etapa=carga.
2026-08-13 13:38:42.057 | INFO    |src.controllers.geracao_agi_controller:gerar_artefatos:321 - [RPA 3] Nenhum artefato gerado — nada a carregar no AGI.
2026-08-13 13:38:42.057 | INFO    |src.controllers.geracao_agi_controller:gerar_artefatos:332 - [RPA 3 — etapa 2/4: carga no AGI] 0 operadora(s) na lista de carga.
2026-08-13 13:38:42.058 | INFO    |src.controllers.geracao_agi_controller:gerar_artefatos:332 - [RPA 3 — etapa 2/4: carga no AGI] Upload no AGI: desligado — nada foi enviado, só registrado no log.
2026-08-13 13:38:42.058 | INFO    |src.controllers.geracao_agi_controller:gerar_artefatos:332 - [RPA 3 — etapa 2/4: carga no AGI] Confira no AGI se a carga entrou, e o campo `carga_agi` na tabela de contestação.
2026-08-13 13:38:42.059 | INFO    |src.controllers.geracao_agi_controller:gerar_artefatos:332 - [RPA 3 — etapa 2/4: carga no AGI] ────────────────────────────────────────────────────────────
2026-08-13 13:38:42.059 | INFO    |src.controllers.geracao_agi_controller:gerar_artefatos:332 - [RPA 3 — etapa 2/4: carga no AGI] PRÓXIMA ETAPA: nenhuma — a execução termina aqui (--etapa=carga)
2026-08-13 13:38:42.059 | INFO    |src.controllers.geracao_agi_controller:gerar_artefatos:350 - [RPA 3] Etapa 'email' pulada por --etapa=carga.
2026-08-13 13:38:42.060 | INFO    |src.controllers.geracao_agi_controller:gerar_artefatos:388 - [RPA 3] Etapa 'verificacao' pulada por --etapa=carga.
2026-08-13 13:38:42.060 | INFO    |src.controllers.geracao_agi_controller:gerar_artefatos:415 - [RPA 3] Resumo de 202507 — 1 operadora(s): EXT 0, INT 0, _EXP 0, carta 0, CONT_PROC 0.
2026-08-13 13:38:42.061 | WARNING |src.controllers.geracao_agi_controller:gerar_artefatos:415 - [RPA 3] HU-15 sem destinatários: a tabela de contatos do WebFat continua sem resposta do cliente (pendência Q16). A ponte é apontar CAMINHO_CONTATOS_OPERADORAS para um CSV `operadora;emails`.
2026-08-13 13:38:42.064 | INFO    |src.controllers.geracao_agi_controller:_gravar_relatorio:956 - [Relatório] Resumo da execução em [C:\projetos\MVP2\MVP2\MVP2\DETRAF-UNIFICADO\unificado\logs\DESKTOP-64TNDKM\rpa3_contestacao_agi_ec\execucoes\2026-08-13_13-38-42.md].
2026-08-13 13:38:42.065 | INFO    |test_orquestracao_rpa3:test_etapa_carga_ignora_quem_nao_tem_artefato:783 - [STEP] Finalizando: GeracaoAgiController.gerar_artefatos | Tempo gasto: 0.02s
2026-08-13 13:38:42.075 | INFO    |comum.dados.repositorio_cache:__init__:77 - Inicializando conexão com o banco no ambiente [dev]
2026-08-13 13:38:42.076 | INFO    |comum.dados.repositorio_cache:__init__:77 - Utilizando SQLite local [C:\Users\BTIMES~1\AppData\Local\Temp\detraf_epico4_teste_9l21xs1s\TABELAS_DETRAF_TESTE.db]
2026-08-13 13:38:42.091 | INFO    |test_orquestracao_rpa3:test_a_etapa_pulada_e_anunciada:801 - [STEP] Iniciando: GeracaoAgiController.gerar_artefatos
2026-08-13 13:38:42.092 | INFO    |comum.utils.decoradores:wrapper:22 - [RPA 3] 1 operadora(s) em 202507: CLARO.
2026-08-13 13:38:42.093 | INFO    |comum.dados.repositorio_cache:obter_tabela:214 - Carregando tabela [tbl_detraf_mapeamento_descritores]
2026-08-13 13:38:42.098 | INFO    |comum.dados.repositorio_cache:obter_tabela:214 - Tabela [tbl_detraf_mapeamento_descritores] carregada | Linhas: 25 | Colunas: 5
2026-08-13 13:38:42.105 | INFO    |src.controllers.geracao_agi_controller:_gerar_para_operadora:558 - [STEP] Iniciando: consolidar_detrafs_operadora
2026-08-13 13:38:42.106 | INFO    |src.services.consolidacao_contestacao:consolidar_detrafs_operadora:174 - [Consolidação] 1 arquivo(s) encontrado(s) em [C:\Users\Btime Soluções\AppData\Local\Temp\pytest-of-Btime Soluções\pytest-18\test_a_etapa_pulada_e_anunciad0\Operadoras\CLARO\2025\202507\Detrafs Recebidos].
2026-08-13 13:38:42.113 | INFO    |src.services.consolidacao_contestacao:consolidar_detrafs_operadora:177 - [Consolidação] [DETRAF_D_CLARO_202507.csv]: 1 linha(s) -> 1 após remover totais.
2026-08-13 13:38:42.113 | INFO    |src.services.consolidacao_contestacao:consolidar_detrafs_operadora:177 - [Consolidação] Consolidado: 1 linha(s) de 1 arquivo(s).
2026-08-13 13:38:42.114 | INFO    |src.controllers.geracao_agi_controller:_gerar_para_operadora:558 - [STEP] Finalizando: consolidar_detrafs_operadora | Tempo gasto: 0.01s
2026-08-13 13:38:42.115 | INFO    |src.controllers.geracao_agi_controller:_gerar_para_operadora:574 - [STEP] Iniciando: consolidar_expectativa_vivo
2026-08-13 13:38:42.116 | INFO    |src.services.consolidacao_contestacao:consolidar_expectativa_vivo:207 - [Consolidação] 1 arquivo(s) encontrado(s) em [C:\Users\Btime Soluções\AppData\Local\Temp\pytest-of-Btime Soluções\pytest-18\test_a_etapa_pulada_e_anunciad0\Operadoras\CLARO\2025\202507\Detrafs Enviados].
2026-08-13 13:38:42.120 | INFO    |src.services.consolidacao_contestacao:consolidar_expectativa_vivo:211 - [Consolidação] [DE_D_TBRA_CLARO_202507.csv]: 1 linha(s) -> 1 após remover totais.
2026-08-13 13:38:42.121 | INFO    |src.services.consolidacao_contestacao:consolidar_expectativa_vivo:211 - [Consolidação] Consolidado: 1 linha(s) de 1 arquivo(s).
2026-08-13 13:38:42.122 | INFO    |src.controllers.geracao_agi_controller:_gerar_para_operadora:574 - [STEP] Finalizando: consolidar_expectativa_vivo | Tempo gasto: 0.01s
2026-08-13 13:38:42.122 | INFO    |src.controllers.geracao_agi_controller:_gerar_para_operadora:586 - [STEP] Iniciando: montar_contest
2026-08-13 13:38:42.157 | INFO    |comum.utils.decoradores:wrapper:22 - [Consolidação] Contest: 1 combinação(ões) analisada(s).
2026-08-13 13:38:42.157 | INFO    |src.controllers.geracao_agi_controller:_gerar_para_operadora:586 - [STEP] Finalizando: montar_contest | Tempo gasto: 0.04s
2026-08-13 13:38:42.158 | INFO    |src.controllers.geracao_agi_controller:_gerar_para_operadora:595 - [STEP] Iniciando: GeracaoAgiController.atualizar_despesa_contestacao
2026-08-13 13:38:42.159 | INFO    |src.controllers.geracao_agi_controller:atualizar_despesa_contestacao:1066 - [STEP] Iniciando: preparar_atualizacoes_despesa_contestacao
2026-08-13 13:38:42.160 | INFO    |comum.dados.repositorio_cache:obter_tabela:214 - Carregando tabela [tbl_rpa_log_detraf_despesa_contestacao]
2026-08-13 13:38:42.165 | INFO    |comum.dados.repositorio_cache:obter_tabela:214 - Tabela [tbl_rpa_log_detraf_despesa_contestacao] carregada | Linhas: 2 | Colunas: 19
2026-08-13 13:38:42.172 | INFO    |comum.utils.decoradores:wrapper:22 - [HU-19 Despesa Contestação] 1 atualização(ões) preparada(s).
2026-08-13 13:38:42.173 | INFO    |src.controllers.geracao_agi_controller:atualizar_despesa_contestacao:1066 - [STEP] Finalizando: preparar_atualizacoes_despesa_contestacao | Tempo gasto: 0.01s
2026-08-13 13:38:42.174 | WARNING |comum.dados.repositorio_tabelas:atualizar_despesa_contestacao:1019 - [HU-19 Despesa Contestação] A tabela 'tbl_rpa_log_detraf_despesa_contestacao' não tem a(s) coluna(s) vb_contestacao — NÃO gravada(s). As demais seguem normalmente. Um ALTER TABLE resolve; ver pendencias-para-o-cliente.md (Q24).
2026-08-13 13:38:42.198 | INFO    |comum.dados.repositorio_tabelas:_atualizar_contestacao_em_lote:976 - 1 linha(s) atualizada(s) em [tbl_rpa_log_detraf_despesa_contestacao].
2026-08-13 13:38:42.199 | INFO    |comum.dados.repositorio_cache:recarregar_cache_local:375 - Carregando tabela [tbl_rpa_log_detraf_despesa_contestacao]
2026-08-13 13:38:42.202 | INFO    |comum.dados.repositorio_cache:recarregar_cache_local:375 - Tabela [tbl_rpa_log_detraf_despesa_contestacao] carregada | Linhas: 2 | Colunas: 19
2026-08-13 13:38:42.203 | INFO    |comum.dados.repositorio_tabelas:atualizar_despesa_contestacao:1019 - [HU-19 Despesa Contestação] 1 linha(s) atualizada(s), 0 chave(s) ausente(s).
2026-08-13 13:38:42.203 | INFO    |src.controllers.geracao_agi_controller:_gerar_para_operadora:595 - [STEP] Finalizando: GeracaoAgiController.atualizar_despesa_contestacao | Tempo gasto: 0.05s
2026-08-13 13:38:42.204 | INFO    |src.controllers.geracao_agi_controller:_gerar_ext:633 - [STEP] Iniciando: montar_linhas_ext
2026-08-13 13:38:42.221 | INFO    |comum.utils.decoradores:wrapper:22 - [HU-12 EXT] 1 linha(s) montada(s).
2026-08-13 13:38:42.222 | INFO    |src.controllers.geracao_agi_controller:_gerar_ext:633 - [STEP] Finalizando: montar_linhas_ext | Tempo gasto: 0.02s
2026-08-13 13:38:42.222 | INFO    |src.controllers.geracao_agi_controller:_gerar_ext:639 - [STEP] Iniciando: gerar_arquivo_ext
2026-08-13 13:38:42.244 | INFO    |comum.utils.decoradores:wrapper:22 - [HU-12 EXT] Arquivo gravado em [C:\Users\Btime Soluções\AppData\Local\Temp\pytest-of-Btime Soluções\pytest-18\test_a_etapa_pulada_e_anunciad0\Operadoras\CLARO\2025\202507\AGI\DE_AGI_D_202507_TBRA_X_CLARO_EXT.xlsx].
2026-08-13 13:38:42.245 | INFO    |src.controllers.geracao_agi_controller:_gerar_ext:639 - [STEP] Finalizando: gerar_arquivo_ext | Tempo gasto: 0.02s
2026-08-13 13:38:42.245 | INFO    |src.controllers.geracao_agi_controller:_gerar_int:648 - [STEP] Iniciando: montar_linhas_int
2026-08-13 13:38:42.259 | INFO    |comum.utils.decoradores:wrapper:22 - [HU-13 INT] 1 linha(s) montada(s) (COM retenção).
2026-08-13 13:38:42.260 | INFO    |src.controllers.geracao_agi_controller:_gerar_int:648 - [STEP] Finalizando: montar_linhas_int | Tempo gasto: 0.01s
2026-08-13 13:38:42.261 | INFO    |src.controllers.geracao_agi_controller:_gerar_int:654 - [STEP] Iniciando: gerar_arquivo_int
2026-08-13 13:38:42.282 | INFO    |comum.utils.decoradores:wrapper:22 - [HU-13 INT] Arquivo gravado em [C:\Users\Btime Soluções\AppData\Local\Temp\pytest-of-Btime Soluções\pytest-18\test_a_etapa_pulada_e_anunciad0\Operadoras\CLARO\2025\202507\AGI\DE_AGI_D_202507_TBRA_X_CLARO_INT.xlsx].
2026-08-13 13:38:42.283 | INFO    |src.controllers.geracao_agi_controller:_gerar_int:654 - [STEP] Finalizando: gerar_arquivo_int | Tempo gasto: 0.02s
2026-08-13 13:38:42.284 | INFO    |src.controllers.geracao_agi_controller:_gerar_env_e_carta:682 - [STEP] Iniciando: montar_abas_env
2026-08-13 13:38:42.301 | INFO    |comum.utils.decoradores:wrapper:22 - [HU-14 _EXP] Contest: 1 linha(s) contestada(s); TBRA: 1 linha(s) correspondente(s).
2026-08-13 13:38:42.302 | INFO    |src.controllers.geracao_agi_controller:_gerar_env_e_carta:682 - [STEP] Finalizando: montar_abas_env | Tempo gasto: 0.02s
2026-08-13 13:38:42.302 | INFO    |src.controllers.geracao_agi_controller:_gerar_env_e_carta:690 - [STEP] Iniciando: gerar_arquivo_env
2026-08-13 13:38:42.332 | INFO    |comum.utils.decoradores:wrapper:22 - [HU-14 _EXP] Arquivo gravado em [C:\Users\Btime Soluções\AppData\Local\Temp\pytest-of-Btime Soluções\pytest-18\test_a_etapa_pulada_e_anunciad0\Operadoras\CLARO\2025\202507\Contestações\Base Contestação_CLARO_202507_EXP.xlsx].
2026-08-13 13:38:42.333 | INFO    |src.controllers.geracao_agi_controller:_gerar_env_e_carta:690 - [STEP] Finalizando: gerar_arquivo_env | Tempo gasto: 0.03s
2026-08-13 13:38:42.344 | ERROR   |src.controllers.geracao_agi_controller:_gerar_para_operadora:606 - [RPA 3] Numeração CT indisponível: [HU-14] Pasta de controle de numeração CT não encontrada: [C:\Users\Btime Soluções\AppData\Local\Temp\pytest-of-Btime Soluções\pytest-18\test_a_etapa_pulada_e_anunciad0\CT\2025]. A geração de CARTA fica desabilitada para toda esta execução — os demais artefatos continuam sendo gerados.
2026-08-13 13:38:42.345 | INFO    |src.controllers.geracao_agi_controller:_gerar_para_operadora:617 - [STEP] Iniciando: GeracaoAgiController.gerar_cont_proc
2026-08-13 13:38:42.346 | INFO    |src.controllers.geracao_agi_controller:gerar_cont_proc:1030 - [STEP] Iniciando: montar_linhas_cont_proc
2026-08-13 13:38:42.346 | INFO    |src.services.geracao_cont_proc:montar_linhas_cont_proc:224 - [STEP] Iniciando: selecionar_linhas_contestadas
2026-08-13 13:38:42.356 | INFO    |comum.utils.decoradores:wrapper:22 - [HU-16 CONT_PROC] 1 linha(s) contestada(s).
2026-08-13 13:38:42.357 | INFO    |src.services.geracao_cont_proc:montar_linhas_cont_proc:224 - [STEP] Finalizando: selecionar_linhas_contestadas | Tempo gasto: 0.01s
2026-08-13 13:38:42.361 | INFO    |comum.utils.decoradores:wrapper:22 - [HU-16 CONT_PROC] 1 linha(s) montada(s) (T-100+T-101 completos).
2026-08-13 13:38:42.362 | INFO    |src.controllers.geracao_agi_controller:gerar_cont_proc:1030 - [STEP] Finalizando: montar_linhas_cont_proc | Tempo gasto: 0.02s
2026-08-13 13:38:42.363 | INFO    |src.controllers.geracao_agi_controller:gerar_cont_proc:1036 - [STEP] Iniciando: gerar_arquivo_cont_proc
2026-08-13 13:38:42.382 | INFO    |comum.utils.decoradores:wrapper:22 - [HU-16 CONT_PROC] Arquivo gravado em [C:\Users\Btime Soluções\AppData\Local\Temp\pytest-of-Btime Soluções\pytest-18\test_a_etapa_pulada_e_anunciad0\Operadoras\CLARO\2025\202507\AGI\CONT_PROC_MASCARA_CLARO_202507.xlsx].
2026-08-13 13:38:42.383 | INFO    |src.controllers.geracao_agi_controller:gerar_cont_proc:1036 - [STEP] Finalizando: gerar_arquivo_cont_proc | Tempo gasto: 0.02s
2026-08-13 13:38:42.383 | INFO    |src.controllers.geracao_agi_controller:gerar_cont_proc:1046 - [STEP] Iniciando: selecionar_linhas_contestadas
2026-08-13 13:38:42.392 | INFO    |comum.utils.decoradores:wrapper:22 - [HU-16 CONT_PROC] 1 linha(s) contestada(s).
2026-08-13 13:38:42.393 | INFO    |src.controllers.geracao_agi_controller:gerar_cont_proc:1046 - [STEP] Finalizando: selecionar_linhas_contestadas | Tempo gasto: 0.01s
2026-08-13 13:38:42.403 | INFO    |comum.dados.repositorio_tabelas:_atualizar_contestacao_em_lote:976 - 1 linha(s) atualizada(s) em [tbl_rpa_log_detraf_despesa_contestacao].
2026-08-13 13:38:42.404 | INFO    |comum.dados.repositorio_cache:recarregar_cache_local:375 - Carregando tabela [tbl_rpa_log_detraf_despesa_contestacao]
2026-08-13 13:38:42.408 | INFO    |comum.dados.repositorio_cache:recarregar_cache_local:375 - Tabela [tbl_rpa_log_detraf_despesa_contestacao] carregada | Linhas: 2 | Colunas: 19
2026-08-13 13:38:42.408 | INFO    |comum.dados.repositorio_tabelas:atualizar_tipo_contestacao:1046 - [HU-16 Writeback tipo_contestacao] 1 linha(s) atualizada(s), 0 chave(s) ausente(s).
2026-08-13 13:38:42.409 | INFO    |src.controllers.geracao_agi_controller:_gerar_para_operadora:617 - [STEP] Finalizando: GeracaoAgiController.gerar_cont_proc | Tempo gasto: 0.06s
2026-08-13 13:38:42.411 | INFO    |src.controllers.geracao_agi_controller:_pausar_apos_artefatos:530 - [RPA 3 — etapa 1/4: artefatos] 1 operadora(s) em 202507:
2026-08-13 13:38:42.412 | INFO    |src.controllers.geracao_agi_controller:_pausar_apos_artefatos:530 - [RPA 3 — etapa 1/4: artefatos]   CLARO                EXT · INT · _EXP · CONT_PROC
2026-08-13 13:38:42.413 | INFO    |src.controllers.geracao_agi_controller:_pausar_apos_artefatos:530 - [RPA 3 — etapa 1/4: artefatos]                        pulado: carta desabilitada nesta execução (numeração CT)
2026-08-13 13:38:42.414 | INFO    |src.controllers.geracao_agi_controller:_pausar_apos_artefatos:530 - [RPA 3 — etapa 1/4: artefatos] Pasta: C:\Users\Btime Soluções\AppData\Local\Temp\pytest-of-Btime Soluções\pytest-18\test_a_etapa_pulada_e_anunciad0\Operadoras
2026-08-13 13:38:42.414 | INFO    |src.controllers.geracao_agi_controller:_pausar_apos_artefatos:530 - [RPA 3 — etapa 1/4: artefatos] ────────────────────────────────────────────────────────────
2026-08-13 13:38:42.415 | INFO    |src.controllers.geracao_agi_controller:_pausar_apos_artefatos:530 - [RPA 3 — etapa 1/4: artefatos] PRÓXIMA ETAPA: nenhuma — a execução termina aqui (--etapa=artefatos)
2026-08-13 13:38:42.416 | INFO    |src.controllers.geracao_agi_controller:gerar_artefatos:312 - [RPA 3] Etapa 'carga' pulada por --etapa=artefatos.
2026-08-13 13:38:42.416 | INFO    |src.controllers.geracao_agi_controller:gerar_artefatos:350 - [RPA 3] Etapa 'email' pulada por --etapa=artefatos.
2026-08-13 13:38:42.417 | INFO    |src.controllers.geracao_agi_controller:gerar_artefatos:388 - [RPA 3] Etapa 'verificacao' pulada por --etapa=artefatos.
2026-08-13 13:38:42.417 | INFO    |src.controllers.geracao_agi_controller:gerar_artefatos:415 - [RPA 3] Resumo de 202507 — 1 operadora(s): EXT 1, INT 1, _EXP 1, carta 0, CONT_PROC 1.
2026-08-13 13:38:42.418 | INFO    |src.controllers.geracao_agi_controller:gerar_artefatos:415 - [RPA 3]   CLARO: carta desabilitada nesta execução (numeração CT).
2026-08-13 13:38:42.419 | WARNING |src.controllers.geracao_agi_controller:gerar_artefatos:415 - [RPA 3] HU-15 sem destinatários: a tabela de contatos do WebFat continua sem resposta do cliente (pendência Q16). A ponte é apontar CAMINHO_CONTATOS_OPERADORAS para um CSV `operadora;emails`.
2026-08-13 13:38:42.421 | INFO    |src.controllers.geracao_agi_controller:_gravar_relatorio:956 - [Relatório] Resumo da execução em [C:\projetos\MVP2\MVP2\MVP2\DETRAF-UNIFICADO\unificado\logs\DESKTOP-64TNDKM\rpa3_contestacao_agi_ec\execucoes\2026-08-13_13-38-42.md].
2026-08-13 13:38:42.422 | INFO    |test_orquestracao_rpa3:test_a_etapa_pulada_e_anunciada:801 - [STEP] Finalizando: GeracaoAgiController.gerar_artefatos | Tempo gasto: 0.33s
2026-08-13 13:38:42.433 | INFO    |comum.dados.repositorio_cache:__init__:77 - Inicializando conexão com o banco no ambiente [dev]
2026-08-13 13:38:42.434 | INFO    |comum.dados.repositorio_cache:__init__:77 - Utilizando SQLite local [C:\Users\BTIMES~1\AppData\Local\Temp\detraf_epico4_teste_9l21xs1s\TABELAS_DETRAF_TESTE.db]
2026-08-13 13:38:42.445 | INFO    |test_repositorio_escrita:test_atualizar_dados_aplica_update_e_retorna_rowcount:55 - 1 linha(s) atualizada(s) em [tbl_rpa_log_detraf_despesa_contestacao].
2026-08-13 13:38:42.446 | INFO    |comum.dados.repositorio_cache:recarregar_cache_local:375 - Carregando tabela [tbl_rpa_log_detraf_despesa_contestacao]
2026-08-13 13:38:42.450 | INFO    |comum.dados.repositorio_cache:recarregar_cache_local:375 - Tabela [tbl_rpa_log_detraf_despesa_contestacao] carregada | Linhas: 2 | Colunas: 19
2026-08-13 13:38:42.461 | INFO    |comum.dados.repositorio_cache:__init__:77 - Inicializando conexão com o banco no ambiente [dev]
2026-08-13 13:38:42.462 | INFO    |comum.dados.repositorio_cache:__init__:77 - Utilizando SQLite local [C:\Users\BTIMES~1\AppData\Local\Temp\detraf_epico4_teste_9l21xs1s\TABELAS_DETRAF_TESTE.db]
2026-08-13 13:38:42.468 | INFO    |test_repositorio_escrita:test_atualizar_dados_chave_inexistente_retorna_zero:66 - 0 linha(s) atualizada(s) em [tbl_rpa_log_detraf_despesa_contestacao].
2026-08-13 13:38:42.480 | INFO    |comum.dados.repositorio_cache:__init__:77 - Inicializando conexão com o banco no ambiente [dev]
2026-08-13 13:38:42.481 | INFO    |comum.dados.repositorio_cache:__init__:77 - Utilizando SQLite local [C:\Users\BTIMES~1\AppData\Local\Temp\detraf_epico4_teste_9l21xs1s\TABELAS_DETRAF_TESTE.db]
2026-08-13 13:38:42.491 | INFO    |comum.dados.repositorio_cache:__init__:77 - Inicializando conexão com o banco no ambiente [dev]
2026-08-13 13:38:42.492 | INFO    |comum.dados.repositorio_cache:__init__:77 - Utilizando SQLite local [C:\Users\BTIMES~1\AppData\Local\Temp\detraf_epico4_teste_9l21xs1s\TABELAS_DETRAF_TESTE.db]
2026-08-13 13:38:42.504 | INFO    |comum.dados.repositorio_cache:__init__:77 - Inicializando conexão com o banco no ambiente [dev]
2026-08-13 13:38:42.505 | INFO    |comum.dados.repositorio_cache:__init__:77 - Utilizando SQLite local [C:\Users\BTIMES~1\AppData\Local\Temp\detraf_epico4_teste_9l21xs1s\TABELAS_DETRAF_TESTE.db]
2026-08-13 13:38:42.516 | INFO    |comum.dados.repositorio_cache:__init__:77 - Inicializando conexão com o banco no ambiente [dev]
2026-08-13 13:38:42.517 | INFO    |comum.dados.repositorio_cache:__init__:77 - Utilizando SQLite local [C:\Users\BTIMES~1\AppData\Local\Temp\detraf_epico4_teste_9l21xs1s\TABELAS_DETRAF_TESTE.db]
2026-08-13 13:38:42.520 | INFO    |comum.dados.repositorio_cache:inserir_dados:300 - Nenhum registro para inserir em [tbl_rpa_log_detraf_despesa_contestacao].
2026-08-13 13:38:42.521 | INFO    |comum.dados.repositorio_cache:obter_tabela:214 - Carregando tabela [tbl_rpa_log_detraf_despesa_contestacao]
2026-08-13 13:38:42.526 | INFO    |comum.dados.repositorio_cache:obter_tabela:214 - Tabela [tbl_rpa_log_detraf_despesa_contestacao] carregada | Linhas: 2 | Colunas: 19
2026-08-13 13:38:42.539 | INFO    |comum.dados.repositorio_cache:__init__:77 - Inicializando conexão com o banco no ambiente [dev]
2026-08-13 13:38:42.540 | INFO    |comum.dados.repositorio_cache:__init__:77 - Utilizando SQLite local [C:\Users\BTIMES~1\AppData\Local\Temp\detraf_epico4_teste_9l21xs1s\TABELAS_DETRAF_TESTE.db]
2026-08-13 13:38:42.552 | INFO    |test_repositorio_escrita:test_atualizar_dados_nao_vaza_valor_para_a_sql:103 - 1 linha(s) atualizada(s) em [tbl_rpa_log_detraf_despesa_contestacao].
2026-08-13 13:38:42.553 | INFO    |comum.dados.repositorio_cache:recarregar_cache_local:375 - Carregando tabela [tbl_rpa_log_detraf_despesa_contestacao]
2026-08-13 13:38:42.557 | INFO    |comum.dados.repositorio_cache:recarregar_cache_local:375 - Tabela [tbl_rpa_log_detraf_despesa_contestacao] carregada | Linhas: 2 | Colunas: 19
2026-08-13 13:38:42.572 | INFO    |comum.dados.repositorio_cache:__init__:77 - Inicializando conexão com o banco no ambiente [dev]
2026-08-13 13:38:42.572 | INFO    |comum.dados.repositorio_cache:__init__:77 - Utilizando SQLite local [C:\Users\BTIMES~1\AppData\Local\Temp\detraf_epico4_teste_9l21xs1s\TABELAS_DETRAF_TESTE.db]
2026-08-13 13:38:42.576 | INFO    |test_repositorio_escrita:test_atualizar_despesa_atualiza_os_seis_campos_sem_criar_linha:117 - [STEP] Iniciando: preparar_atualizacoes_despesa_contestacao
2026-08-13 13:38:42.580 | INFO    |comum.utils.decoradores:wrapper:22 - [HU-19 Despesa Contestação] 1 atualização(ões) preparada(s).
2026-08-13 13:38:42.580 | INFO    |test_repositorio_escrita:test_atualizar_despesa_atualiza_os_seis_campos_sem_criar_linha:117 - [STEP] Finalizando: preparar_atualizacoes_despesa_contestacao | Tempo gasto: 0.0s
2026-08-13 13:38:42.581 | INFO    |comum.dados.repositorio_cache:obter_tabela:214 - Carregando tabela [tbl_rpa_log_detraf_despesa_contestacao]
2026-08-13 13:38:42.587 | INFO    |comum.dados.repositorio_cache:obter_tabela:214 - Tabela [tbl_rpa_log_detraf_despesa_contestacao] carregada | Linhas: 2 | Colunas: 19
2026-08-13 13:38:42.588 | WARNING |comum.dados.repositorio_tabelas:atualizar_despesa_contestacao:1019 - [HU-19 Despesa Contestação] A tabela 'tbl_rpa_log_detraf_despesa_contestacao' não tem a(s) coluna(s) vb_contestacao — NÃO gravada(s). As demais seguem normalmente. Um ALTER TABLE resolve; ver pendencias-para-o-cliente.md (Q24).
2026-08-13 13:38:42.604 | INFO    |comum.dados.repositorio_tabelas:_atualizar_contestacao_em_lote:976 - 1 linha(s) atualizada(s) em [tbl_rpa_log_detraf_despesa_contestacao].
2026-08-13 13:38:42.605 | INFO    |comum.dados.repositorio_cache:recarregar_cache_local:375 - Carregando tabela [tbl_rpa_log_detraf_despesa_contestacao]
2026-08-13 13:38:42.608 | INFO    |comum.dados.repositorio_cache:recarregar_cache_local:375 - Tabela [tbl_rpa_log_detraf_despesa_contestacao] carregada | Linhas: 2 | Colunas: 19
2026-08-13 13:38:42.609 | INFO    |comum.dados.repositorio_tabelas:atualizar_despesa_contestacao:1019 - [HU-19 Despesa Contestação] 1 linha(s) atualizada(s), 0 chave(s) ausente(s).
2026-08-13 13:38:42.626 | INFO    |comum.dados.repositorio_cache:__init__:77 - Inicializando conexão com o banco no ambiente [dev]
2026-08-13 13:38:42.627 | INFO    |comum.dados.repositorio_cache:__init__:77 - Utilizando SQLite local [C:\Users\BTIMES~1\AppData\Local\Temp\detraf_epico4_teste_9l21xs1s\TABELAS_DETRAF_TESTE.db]
2026-08-13 13:38:42.633 | INFO    |test_repositorio_escrita:test_atualizar_despesa_preserva_lado_tbra_e_sinal_do_analista:142 - [STEP] Iniciando: preparar_atualizacoes_despesa_contestacao
2026-08-13 13:38:42.638 | INFO    |comum.utils.decoradores:wrapper:22 - [HU-19 Despesa Contestação] 1 atualização(ões) preparada(s).
2026-08-13 13:38:42.639 | INFO    |test_repositorio_escrita:test_atualizar_despesa_preserva_lado_tbra_e_sinal_do_analista:142 - [STEP] Finalizando: preparar_atualizacoes_despesa_contestacao | Tempo gasto: 0.01s
2026-08-13 13:38:42.639 | INFO    |comum.dados.repositorio_cache:obter_tabela:214 - Carregando tabela [tbl_rpa_log_detraf_despesa_contestacao]
2026-08-13 13:38:42.646 | INFO    |comum.dados.repositorio_cache:obter_tabela:214 - Tabela [tbl_rpa_log_detraf_despesa_contestacao] carregada | Linhas: 2 | Colunas: 19
2026-08-13 13:38:42.647 | WARNING |comum.dados.repositorio_tabelas:atualizar_despesa_contestacao:1019 - [HU-19 Despesa Contestação] A tabela 'tbl_rpa_log_detraf_despesa_contestacao' não tem a(s) coluna(s) vb_contestacao — NÃO gravada(s). As demais seguem normalmente. Um ALTER TABLE resolve; ver pendencias-para-o-cliente.md (Q24).
2026-08-13 13:38:42.660 | INFO    |comum.dados.repositorio_tabelas:_atualizar_contestacao_em_lote:976 - 1 linha(s) atualizada(s) em [tbl_rpa_log_detraf_despesa_contestacao].
2026-08-13 13:38:42.661 | INFO    |comum.dados.repositorio_cache:recarregar_cache_local:375 - Carregando tabela [tbl_rpa_log_detraf_despesa_contestacao]
2026-08-13 13:38:42.665 | INFO    |comum.dados.repositorio_cache:recarregar_cache_local:375 - Tabela [tbl_rpa_log_detraf_despesa_contestacao] carregada | Linhas: 2 | Colunas: 19
2026-08-13 13:38:42.666 | INFO    |comum.dados.repositorio_tabelas:atualizar_despesa_contestacao:1019 - [HU-19 Despesa Contestação] 1 linha(s) atualizada(s), 0 chave(s) ausente(s).
2026-08-13 13:38:42.677 | INFO    |comum.dados.repositorio_cache:__init__:77 - Inicializando conexão com o banco no ambiente [dev]
2026-08-13 13:38:42.678 | INFO    |comum.dados.repositorio_cache:__init__:77 - Utilizando SQLite local [C:\Users\BTIMES~1\AppData\Local\Temp\detraf_epico4_teste_9l21xs1s\TABELAS_DETRAF_TESTE.db]
2026-08-13 13:38:42.682 | INFO    |test_repositorio_escrita:test_atualizar_despesa_chave_ausente_nao_aborta_o_lote:162 - [STEP] Iniciando: preparar_atualizacoes_despesa_contestacao
2026-08-13 13:38:42.685 | INFO    |comum.utils.decoradores:wrapper:22 - [HU-19 Despesa Contestação] 2 atualização(ões) preparada(s).
2026-08-13 13:38:42.686 | INFO    |test_repositorio_escrita:test_atualizar_despesa_chave_ausente_nao_aborta_o_lote:162 - [STEP] Finalizando: preparar_atualizacoes_despesa_contestacao | Tempo gasto: 0.0s
2026-08-13 13:38:42.686 | INFO    |comum.dados.repositorio_cache:obter_tabela:214 - Carregando tabela [tbl_rpa_log_detraf_despesa_contestacao]
2026-08-13 13:38:42.691 | INFO    |comum.dados.repositorio_cache:obter_tabela:214 - Tabela [tbl_rpa_log_detraf_despesa_contestacao] carregada | Linhas: 2 | Colunas: 19
2026-08-13 13:38:42.691 | WARNING |comum.dados.repositorio_tabelas:atualizar_despesa_contestacao:1019 - [HU-19 Despesa Contestação] A tabela 'tbl_rpa_log_detraf_despesa_contestacao' não tem a(s) coluna(s) vb_contestacao — NÃO gravada(s). As demais seguem normalmente. Um ALTER TABLE resolve; ver pendencias-para-o-cliente.md (Q24).
2026-08-13 13:38:42.709 | INFO    |comum.dados.repositorio_tabelas:_atualizar_contestacao_em_lote:976 - 1 linha(s) atualizada(s) em [tbl_rpa_log_detraf_despesa_contestacao].
2026-08-13 13:38:42.716 | WARNING |comum.dados.repositorio_tabelas:atualizar_despesa_contestacao:1019 - [HU-19 Despesa Contestação] Chave sem linha correspondente no banco {'eot_operadora': '999', 'eot_tbra': '099', 'referencia': '202507', 'trafego': '202507', 'remuneracoes': 'TU-COM'} — ignorada (a linha-base é inserida pelo Épico 3, B-D20).
2026-08-13 13:38:42.717 | INFO    |comum.dados.repositorio_cache:recarregar_cache_local:375 - Carregando tabela [tbl_rpa_log_detraf_despesa_contestacao]
2026-08-13 13:38:42.720 | INFO    |comum.dados.repositorio_cache:recarregar_cache_local:375 - Tabela [tbl_rpa_log_detraf_despesa_contestacao] carregada | Linhas: 2 | Colunas: 19
2026-08-13 13:38:42.721 | INFO    |comum.dados.repositorio_tabelas:atualizar_despesa_contestacao:1019 - [HU-19 Despesa Contestação] 1 linha(s) atualizada(s), 1 chave(s) ausente(s).
2026-08-13 13:38:42.733 | INFO    |comum.dados.repositorio_cache:__init__:77 - Inicializando conexão com o banco no ambiente [dev]
2026-08-13 13:38:42.733 | INFO    |comum.dados.repositorio_cache:__init__:77 - Utilizando SQLite local [C:\Users\BTIMES~1\AppData\Local\Temp\detraf_epico4_teste_9l21xs1s\TABELAS_DETRAF_TESTE.db]
2026-08-13 13:38:42.737 | INFO    |comum.dados.repositorio_tabelas:atualizar_despesa_contestacao:1019 - [HU-19 Despesa Contestação] Nada a atualizar (lote vazio).
2026-08-13 13:38:42.748 | INFO    |comum.dados.repositorio_cache:__init__:77 - Inicializando conexão com o banco no ambiente [dev]
2026-08-13 13:38:42.749 | INFO    |comum.dados.repositorio_cache:__init__:77 - Utilizando SQLite local [C:\Users\BTIMES~1\AppData\Local\Temp\detraf_epico4_teste_9l21xs1s\TABELAS_DETRAF_TESTE.db]
2026-08-13 13:38:42.753 | INFO    |test_repositorio_escrita:test_coluna_ausente_nao_derruba_o_update_das_demais:196 - [STEP] Iniciando: preparar_atualizacoes_despesa_contestacao
2026-08-13 13:38:42.756 | INFO    |comum.utils.decoradores:wrapper:22 - [HU-19 Despesa Contestação] 2 atualização(ões) preparada(s).
2026-08-13 13:38:42.756 | INFO    |test_repositorio_escrita:test_coluna_ausente_nao_derruba_o_update_das_demais:196 - [STEP] Finalizando: preparar_atualizacoes_despesa_contestacao | Tempo gasto: 0.0s
2026-08-13 13:38:42.757 | INFO    |comum.dados.repositorio_cache:obter_tabela:214 - Carregando tabela [tbl_rpa_log_detraf_despesa_contestacao]
2026-08-13 13:38:42.762 | INFO    |comum.dados.repositorio_cache:obter_tabela:214 - Tabela [tbl_rpa_log_detraf_despesa_contestacao] carregada | Linhas: 2 | Colunas: 19
2026-08-13 13:38:42.762 | WARNING |comum.dados.repositorio_tabelas:atualizar_despesa_contestacao:1019 - [HU-19 Despesa Contestação] A tabela 'tbl_rpa_log_detraf_despesa_contestacao' não tem a(s) coluna(s) vb_contestacao — NÃO gravada(s). As demais seguem normalmente. Um ALTER TABLE resolve; ver pendencias-para-o-cliente.md (Q24).
2026-08-13 13:38:42.781 | INFO    |comum.dados.repositorio_tabelas:_atualizar_contestacao_em_lote:976 - 1 linha(s) atualizada(s) em [tbl_rpa_log_detraf_despesa_contestacao].
2026-08-13 13:38:42.791 | INFO    |comum.dados.repositorio_tabelas:_atualizar_contestacao_em_lote:976 - 1 linha(s) atualizada(s) em [tbl_rpa_log_detraf_despesa_contestacao].
2026-08-13 13:38:42.792 | INFO    |comum.dados.repositorio_cache:recarregar_cache_local:375 - Carregando tabela [tbl_rpa_log_detraf_despesa_contestacao]
2026-08-13 13:38:42.797 | INFO    |comum.dados.repositorio_cache:recarregar_cache_local:375 - Tabela [tbl_rpa_log_detraf_despesa_contestacao] carregada | Linhas: 2 | Colunas: 19
2026-08-13 13:38:42.798 | INFO    |comum.dados.repositorio_tabelas:atualizar_despesa_contestacao:1019 - [HU-19 Despesa Contestação] 2 linha(s) atualizada(s), 0 chave(s) ausente(s).
2026-08-13 13:38:42.813 | INFO    |comum.dados.repositorio_cache:__init__:77 - Inicializando conexão com o banco no ambiente [dev]
2026-08-13 13:38:42.814 | INFO    |comum.dados.repositorio_cache:__init__:77 - Utilizando SQLite local [C:\Users\BTIMES~1\AppData\Local\Temp\detraf_epico4_teste_9l21xs1s\TABELAS_DETRAF_TESTE.db]
2026-08-13 13:38:42.818 | INFO    |test_repositorio_escrita:test_atualizar_despesa_normaliza_eot_como_a_leitura_do_sinal:224 - [STEP] Iniciando: preparar_atualizacoes_despesa_contestacao
2026-08-13 13:38:42.822 | INFO    |comum.utils.decoradores:wrapper:22 - [HU-19 Despesa Contestação] 1 atualização(ões) preparada(s).
2026-08-13 13:38:42.822 | INFO    |test_repositorio_escrita:test_atualizar_despesa_normaliza_eot_como_a_leitura_do_sinal:224 - [STEP] Finalizando: preparar_atualizacoes_despesa_contestacao | Tempo gasto: 0.0s
2026-08-13 13:38:42.823 | INFO    |comum.dados.repositorio_cache:obter_tabela:214 - Carregando tabela [tbl_rpa_log_detraf_despesa_contestacao]
2026-08-13 13:38:42.829 | INFO    |comum.dados.repositorio_cache:obter_tabela:214 - Tabela [tbl_rpa_log_detraf_despesa_contestacao] carregada | Linhas: 2 | Colunas: 19
2026-08-13 13:38:42.830 | WARNING |comum.dados.repositorio_tabelas:atualizar_despesa_contestacao:1019 - [HU-19 Despesa Contestação] A tabela 'tbl_rpa_log_detraf_despesa_contestacao' não tem a(s) coluna(s) vb_contestacao — NÃO gravada(s). As demais seguem normalmente. Um ALTER TABLE resolve; ver pendencias-para-o-cliente.md (Q24).
2026-08-13 13:38:42.844 | INFO    |comum.dados.repositorio_tabelas:_atualizar_contestacao_em_lote:976 - 1 linha(s) atualizada(s) em [tbl_rpa_log_detraf_despesa_contestacao].
2026-08-13 13:38:42.844 | INFO    |comum.dados.repositorio_cache:recarregar_cache_local:375 - Carregando tabela [tbl_rpa_log_detraf_despesa_contestacao]
2026-08-13 13:38:42.848 | INFO    |comum.dados.repositorio_cache:recarregar_cache_local:375 - Tabela [tbl_rpa_log_detraf_despesa_contestacao] carregada | Linhas: 2 | Colunas: 19
2026-08-13 13:38:42.849 | INFO    |comum.dados.repositorio_tabelas:atualizar_despesa_contestacao:1019 - [HU-19 Despesa Contestação] 1 linha(s) atualizada(s), 0 chave(s) ausente(s).
2026-08-13 13:38:42.858 | INFO    |comum.dados.repositorio_cache:__init__:77 - Inicializando conexão com o banco no ambiente [dev]
2026-08-13 13:38:42.859 | INFO    |comum.dados.repositorio_cache:__init__:77 - Utilizando SQLite local [C:\Users\BTIMES~1\AppData\Local\Temp\detraf_epico4_teste_9l21xs1s\TABELAS_DETRAF_TESTE.db]
2026-08-13 13:38:42.863 | INFO    |comum.dados.repositorio_cache:obter_tabela:214 - Carregando tabela [tbl_rpa_log_detraf_despesa_contestacao]
2026-08-13 13:38:42.868 | INFO    |comum.dados.repositorio_cache:obter_tabela:214 - Tabela [tbl_rpa_log_detraf_despesa_contestacao] carregada | Linhas: 2 | Colunas: 19
2026-08-13 13:38:42.875 | INFO    |comum.dados.repositorio_tabelas:_atualizar_contestacao_em_lote:976 - 1 linha(s) atualizada(s) em [tbl_rpa_log_detraf_despesa_contestacao].
2026-08-13 13:38:42.876 | INFO    |comum.dados.repositorio_cache:recarregar_cache_local:375 - Carregando tabela [tbl_rpa_log_detraf_despesa_contestacao]
2026-08-13 13:38:42.880 | INFO    |comum.dados.repositorio_cache:recarregar_cache_local:375 - Tabela [tbl_rpa_log_detraf_despesa_contestacao] carregada | Linhas: 2 | Colunas: 19
2026-08-13 13:38:42.881 | INFO    |comum.dados.repositorio_tabelas:atualizar_tipo_contestacao:1046 - [HU-16 Writeback tipo_contestacao] 1 linha(s) atualizada(s), 0 chave(s) ausente(s).
2026-08-13 13:38:42.896 | INFO    |comum.dados.repositorio_cache:__init__:77 - Inicializando conexão com o banco no ambiente [dev]
2026-08-13 13:38:42.897 | INFO    |comum.dados.repositorio_cache:__init__:77 - Utilizando SQLite local [C:\Users\BTIMES~1\AppData\Local\Temp\detraf_epico4_teste_9l21xs1s\TABELAS_DETRAF_TESTE.db]
2026-08-13 13:38:42.901 | INFO    |comum.dados.repositorio_cache:obter_tabela:214 - Carregando tabela [tbl_rpa_log_detraf_despesa_contestacao]
2026-08-13 13:38:42.905 | INFO    |comum.dados.repositorio_cache:obter_tabela:214 - Tabela [tbl_rpa_log_detraf_despesa_contestacao] carregada | Linhas: 2 | Colunas: 19
2026-08-13 13:38:42.914 | INFO    |comum.dados.repositorio_tabelas:_atualizar_contestacao_em_lote:976 - 1 linha(s) atualizada(s) em [tbl_rpa_log_detraf_despesa_contestacao].
2026-08-13 13:38:42.915 | INFO    |comum.dados.repositorio_cache:recarregar_cache_local:375 - Carregando tabela [tbl_rpa_log_detraf_despesa_contestacao]
2026-08-13 13:38:42.918 | INFO    |comum.dados.repositorio_cache:recarregar_cache_local:375 - Tabela [tbl_rpa_log_detraf_despesa_contestacao] carregada | Linhas: 2 | Colunas: 19
2026-08-13 13:38:42.919 | INFO    |comum.dados.repositorio_tabelas:atualizar_tipo_contestacao:1046 - [HU-16 Writeback tipo_contestacao] 1 linha(s) atualizada(s), 0 chave(s) ausente(s).
2026-08-13 13:38:42.931 | INFO    |comum.dados.repositorio_cache:__init__:77 - Inicializando conexão com o banco no ambiente [dev]
2026-08-13 13:38:42.932 | INFO    |comum.dados.repositorio_cache:__init__:77 - Utilizando SQLite local [C:\Users\BTIMES~1\AppData\Local\Temp\detraf_epico4_teste_9l21xs1s\TABELAS_DETRAF_TESTE.db]
2026-08-13 13:38:42.935 | INFO    |comum.dados.repositorio_cache:obter_tabela:214 - Carregando tabela [tbl_rpa_log_detraf_despesa_contestacao]
2026-08-13 13:38:42.940 | INFO    |comum.dados.repositorio_cache:obter_tabela:214 - Tabela [tbl_rpa_log_detraf_despesa_contestacao] carregada | Linhas: 2 | Colunas: 19
2026-08-13 13:38:42.948 | WARNING |comum.dados.repositorio_tabelas:atualizar_tipo_contestacao:1046 - [HU-16 Writeback tipo_contestacao] Chave sem linha correspondente no banco {'eot_operadora': '888', 'eot_tbra': '011', 'referencia': '202507', 'trafego': '202507', 'remuneracoes': 'TU-RL'} — ignorada (a linha-base é inserida pelo Épico 3, B-D20).
2026-08-13 13:38:42.949 | INFO    |comum.dados.repositorio_cache:recarregar_cache_local:375 - Carregando tabela [tbl_rpa_log_detraf_despesa_contestacao]
2026-08-13 13:38:42.952 | INFO    |comum.dados.repositorio_cache:recarregar_cache_local:375 - Tabela [tbl_rpa_log_detraf_despesa_contestacao] carregada | Linhas: 2 | Colunas: 19
2026-08-13 13:38:42.953 | INFO    |comum.dados.repositorio_tabelas:atualizar_tipo_contestacao:1046 - [HU-16 Writeback tipo_contestacao] 0 linha(s) atualizada(s), 1 chave(s) ausente(s).
2026-08-13 13:38:42.963 | INFO    |comum.dados.repositorio_cache:__init__:77 - Inicializando conexão com o banco no ambiente [dev]
2026-08-13 13:38:42.964 | INFO    |comum.dados.repositorio_cache:__init__:77 - Utilizando SQLite local [C:\Users\BTIMES~1\AppData\Local\Temp\detraf_epico4_teste_9l21xs1s\TABELAS_DETRAF_TESTE.db]
2026-08-13 13:38:42.991 | INFO    |test_repositorio_escrita:test_cache_e_recarregado_apos_update:305 - 1 linha(s) atualizada(s) em [tbl_rpa_log_detraf_despesa_contestacao].
2026-08-13 13:38:42.992 | INFO    |comum.dados.repositorio_cache:recarregar_cache_local:375 - Carregando tabela [tbl_rpa_log_detraf_despesa_contestacao]
2026-08-13 13:38:42.997 | INFO    |comum.dados.repositorio_cache:recarregar_cache_local:375 - Tabela [tbl_rpa_log_detraf_despesa_contestacao] carregada | Linhas: 2 | Colunas: 19
2026-08-13 13:38:43.062 | INFO    |test_upload_agi:test_operadora_sem_pasta_nao_quebra:76 - [HU-17] Sem pasta AGI para INEXISTENTE/202507: [C:\Users\Btime Soluções\AppData\Local\Temp\pytest-of-Btime Soluções\pytest-18\test_operadora_sem_pasta_nao_q0\Operadoras\INEXISTENTE\2025\202507\AGI].
2026-08-13 13:38:43.078 | INFO    |test_upload_agi:test_arquivo_de_outro_tipo_na_pasta_e_ignorado:81 - [HU-17] Nenhum EXT/INT em [C:\Users\Btime Soluções\AppData\Local\Temp\pytest-of-Btime Soluções\pytest-18\test_arquivo_de_outro_tipo_na_0\Operadoras\CLARO\2025\202507\AGI].
2026-08-13 13:38:43.126 | INFO    |test_upload_agi:test_le_da_mesma_pasta_em_que_a_hu16_grava:118 - [STEP] Iniciando: gerar_arquivo_cont_proc
2026-08-13 13:38:43.148 | INFO    |comum.utils.decoradores:wrapper:22 - [HU-16 CONT_PROC] Arquivo gravado em [C:\Users\Btime Soluções\AppData\Local\Temp\pytest-of-Btime Soluções\pytest-18\test_le_da_mesma_pasta_em_que_0\Operadoras\CLARO\2025\202507\AGI\CONT_PROC_MASCARA_CLARO_202507.xlsx].
2026-08-13 13:38:43.149 | INFO    |test_upload_agi:test_le_da_mesma_pasta_em_que_a_hu16_grava:118 - [STEP] Finalizando: gerar_arquivo_cont_proc | Tempo gasto: 0.02s
2026-08-13 13:38:43.167 | INFO    |test_upload_agi:test_o_ext_e_o_int_da_mesma_pasta_nao_entram:136 - [HU-18] Nenhum CONT_PROC_MASCARA em [C:\Users\Btime Soluções\AppData\Local\Temp\pytest-of-Btime Soluções\pytest-18\test_o_ext_e_o_int_da_mesma_pa0\Operadoras\CLARO\2025\202507\AGI].
2026-08-13 13:38:43.186 | INFO    |test_upload_agi:test_a_carta_e_o_env_nao_entram:144 - [HU-18] Sem pasta AGI para CLARO/202507: [C:\Users\Btime Soluções\AppData\Local\Temp\pytest-of-Btime Soluções\pytest-18\test_a_carta_e_o_env_nao_entra0\Operadoras\CLARO\2025\202507\AGI].
2026-08-13 13:38:43.205 | WARNING |test_upload_agi:test_arquivo_anterior_a_execucao_e_descartado:167 - [HU-17] [DE_AGI_D_202507_TBRA_X_CLARO_INT.txt] é anterior a esta execução — sobra de uma rodada passada, não será enviado ao AGI. Um _INT antigo subiria num cenário que talvez não tenha mais retenção.
2026-08-13 13:38:43.229 | WARNING |test_upload_agi:test_o_descarte_e_anunciado:182 - [HU-17] [DE_AGI_D_202507_TBRA_X_CLARO_EXT.txt] é anterior a esta execução — sobra de uma rodada passada, não será enviado ao AGI. Um _INT antigo subiria num cenário que talvez não tenha mais retenção.
2026-08-13 13:38:43.231 | WARNING |test_upload_agi:test_o_descarte_e_anunciado:182 - [HU-17] [DE_AGI_D_202507_TBRA_X_CLARO_INT.txt] é anterior a esta execução — sobra de uma rodada passada, não será enviado ao AGI. Um _INT antigo subiria num cenário que talvez não tenha mais retenção.
2026-08-13 13:38:43.231 | INFO    |test_upload_agi:test_o_descarte_e_anunciado:182 - [HU-17] Nenhum EXT/INT em [C:\Users\Btime Soluções\AppData\Local\Temp\pytest-of-Btime Soluções\pytest-18\test_o_descarte_e_anunciado0\Operadoras\CLARO\2025\202507\AGI].
2026-08-13 13:38:43.257 | INFO    |test_upload_agi:test_upload_bem_sucedido_grava_carregado:218 - [STEP] Iniciando: UploadContestacaoAGI.executar
2026-08-13 13:38:43.258 | INFO    |comum.utils.decoradores:wrapper:22 - [HU-18] Upload concluído: CLARO / CONT_PROC_MASCARA_CLARO_202507.xlsx.
2026-08-13 13:38:44.259 | INFO    |test_upload_agi:test_upload_bem_sucedido_grava_carregado:218 - [STEP] Finalizando: UploadContestacaoAGI.executar | Tempo gasto: 1.0s
2026-08-13 13:38:44.292 | INFO    |test_upload_agi:test_falha_no_upload_grava_erro_em_vez_de_deixar_nao_carregado:243 - [STEP] Iniciando: UploadContestacaoAGI.executar
2026-08-13 13:38:44.293 | ERROR   |comum.utils.decoradores:wrapper:22 - [HU-18] Falha no upload de CLARO / CONT_PROC_MASCARA_CLARO_202507.xlsx: botão Salvar não apareceu
Traceback (most recent call last):
  File "<string>", line 5, in <module>
  File "C:\Users\Btime Soluções\AppData\Local\Programs\Python\Python314\Lib\site-packages\_pytest\config\__init__.py", line 201, in main
    return _main(args=args, plugins=plugins, prog="pytest.main()")
  File "C:\Users\Btime Soluções\AppData\Local\Programs\Python\Python314\Lib\site-packages\_pytest\config\__init__.py", line 229, in _main
    ret: ExitCode | int = config.hook.pytest_cmdline_main(config=config)
  File "C:\Users\Btime Soluções\AppData\Local\Programs\Python\Python314\Lib\site-packages\pluggy\_hooks.py", line 512, in __call__
    return self._hookexec(self.name, self._hookimpls.copy(), kwargs, firstresult)
  File "C:\Users\Btime Soluções\AppData\Local\Programs\Python\Python314\Lib\site-packages\pluggy\_manager.py", line 120, in _hookexec
    return self._inner_hookexec(hook_name, methods, kwargs, firstresult)
  File "C:\Users\Btime Soluções\AppData\Local\Programs\Python\Python314\Lib\site-packages\pluggy\_callers.py", line 121, in _multicall
    res = hook_impl.function(*args)
  File "C:\Users\Btime Soluções\AppData\Local\Programs\Python\Python314\Lib\site-packages\_pytest\main.py", line 377, in pytest_cmdline_main
    return wrap_session(config, _main)
  File "C:\Users\Btime Soluções\AppData\Local\Programs\Python\Python314\Lib\site-packages\_pytest\main.py", line 330, in wrap_session
    session.exitstatus = doit(config, session) or 0
  File "C:\Users\Btime Soluções\AppData\Local\Programs\Python\Python314\Lib\site-packages\_pytest\main.py", line 384, in _main
    config.hook.pytest_runtestloop(session=session)
  File "C:\Users\Btime Soluções\AppData\Local\Programs\Python\Python314\Lib\site-packages\pluggy\_hooks.py", line 512, in __call__
    return self._hookexec(self.name, self._hookimpls.copy(), kwargs, firstresult)
  File "C:\Users\Btime Soluções\AppData\Local\Programs\Python\Python314\Lib\site-packages\pluggy\_manager.py", line 120, in _hookexec
    return self._inner_hookexec(hook_name, methods, kwargs, firstresult)
  File "C:\Users\Btime Soluções\AppData\Local\Programs\Python\Python314\Lib\site-packages\pluggy\_callers.py", line 121, in _multicall
    res = hook_impl.function(*args)
  File "C:\Users\Btime Soluções\AppData\Local\Programs\Python\Python314\Lib\site-packages\_pytest\main.py", line 408, in pytest_runtestloop
    item.config.hook.pytest_runtest_protocol(item=item, nextitem=nextitem)
  File "C:\Users\Btime Soluções\AppData\Local\Programs\Python\Python314\Lib\site-packages\pluggy\_hooks.py", line 512, in __call__
    return self._hookexec(self.name, self._hookimpls.copy(), kwargs, firstresult)
  File "C:\Users\Btime Soluções\AppData\Local\Programs\Python\Python314\Lib\site-packages\pluggy\_manager.py", line 120, in _hookexec
    return self._inner_hookexec(hook_name, methods, kwargs, firstresult)
  File "C:\Users\Btime Soluções\AppData\Local\Programs\Python\Python314\Lib\site-packages\pluggy\_callers.py", line 121, in _multicall
    res = hook_impl.function(*args)
  File "C:\Users\Btime Soluções\AppData\Local\Programs\Python\Python314\Lib\site-packages\_pytest\runner.py", line 118, in pytest_runtest_protocol
    runtestprotocol(item, nextitem=nextitem)
  File "C:\Users\Btime Soluções\AppData\Local\Programs\Python\Python314\Lib\site-packages\_pytest\runner.py", line 139, in runtestprotocol
    reports.append(call_and_report(item, "call", log))
  File "C:\Users\Btime Soluções\AppData\Local\Programs\Python\Python314\Lib\site-packages\_pytest\runner.py", line 249, in call_and_report
    call = CallInfo.from_call(
  File "C:\Users\Btime Soluções\AppData\Local\Programs\Python\Python314\Lib\site-packages\_pytest\runner.py", line 361, in from_call
    result: TResult | None = func()
  File "C:\Users\Btime Soluções\AppData\Local\Programs\Python\Python314\Lib\site-packages\_pytest\runner.py", line 250, in <lambda>
    lambda: runtest_hook(item=item, **kwds),
  File "C:\Users\Btime Soluções\AppData\Local\Programs\Python\Python314\Lib\site-packages\pluggy\_hooks.py", line 512, in __call__
    return self._hookexec(self.name, self._hookimpls.copy(), kwargs, firstresult)
  File "C:\Users\Btime Soluções\AppData\Local\Programs\Python\Python314\Lib\site-packages\pluggy\_manager.py", line 120, in _hookexec
    return self._inner_hookexec(hook_name, methods, kwargs, firstresult)
  File "C:\Users\Btime Soluções\AppData\Local\Programs\Python\Python314\Lib\site-packages\pluggy\_callers.py", line 121, in _multicall
    res = hook_impl.function(*args)
  File "C:\Users\Btime Soluções\AppData\Local\Programs\Python\Python314\Lib\site-packages\_pytest\runner.py", line 184, in pytest_runtest_call
    item.runtest()
  File "C:\Users\Btime Soluções\AppData\Local\Programs\Python\Python314\Lib\site-packages\_pytest\python.py", line 1707, in runtest
    self.ihook.pytest_pyfunc_call(pyfuncitem=self)
  File "C:\Users\Btime Soluções\AppData\Local\Programs\Python\Python314\Lib\site-packages\pluggy\_hooks.py", line 512, in __call__
    return self._hookexec(self.name, self._hookimpls.copy(), kwargs, firstresult)
  File "C:\Users\Btime Soluções\AppData\Local\Programs\Python\Python314\Lib\site-packages\pluggy\_manager.py", line 120, in _hookexec
    return self._inner_hookexec(hook_name, methods, kwargs, firstresult)
  File "C:\Users\Btime Soluções\AppData\Local\Programs\Python\Python314\Lib\site-packages\pluggy\_callers.py", line 121, in _multicall
    res = hook_impl.function(*args)
  File "C:\Users\Btime Soluções\AppData\Local\Programs\Python\Python314\Lib\site-packages\_pytest\python.py", line 167, in pytest_pyfunc_call
    result = testfunction(**testargs)
  File "C:\projetos\MVP2\MVP2\MVP2\DETRAF-UNIFICADO\unificado\rpa3_contestacao_agi_ec\tests\test_upload_agi.py", line 243, in test_falha_no_upload_grava_erro_em_vez_de_deixar_nao_carregado
    servico.executar(["CLARO"], "202507")
  File "C:\projetos\MVP2\MVP2\MVP2\DETRAF-UNIFICADO\unificado\comum\utils\decoradores.py", line 22, in wrapper
    return func(*args, **kwargs)
> File "C:\projetos\MVP2\MVP2\MVP2\DETRAF-UNIFICADO\unificado\rpa3_contestacao_agi_ec\src\services\upload_contestacao_agi.py", line 146, in executar
    self.upload_um_arquivo(caminho)
  File "C:\projetos\MVP2\MVP2\MVP2\DETRAF-UNIFICADO\unificado\rpa3_contestacao_agi_ec\tests\test_upload_agi.py", line 234, in _explodir
    raise RuntimeError("botão Salvar não apareceu")
RuntimeError: botão Salvar não apareceu
2026-08-13 13:38:45.309 | INFO    |test_upload_agi:test_falha_no_upload_grava_erro_em_vez_de_deixar_nao_carregado:243 - [STEP] Finalizando: UploadContestacaoAGI.executar | Tempo gasto: 1.02s
2026-08-13 13:38:45.316 | INFO    |test_upload_agi:test_banco_fora_nao_derruba_o_lote:267 - [STEP] Iniciando: UploadContestacaoAGI.executar
2026-08-13 13:38:45.316 | INFO    |comum.utils.decoradores:wrapper:22 - [HU-18] Upload concluído: CLARO / CONT_PROC.xlsx.
2026-08-13 13:38:45.317 | ERROR   |src.services.upload_contestacao_agi:executar:161 - [HU-18] Upload de CLARO/202507 terminou como 'carregado', mas o registro em carga_agi FALHOU: conexão recusada. O AGI e o WebFat ficaram fora de sincronia para esta operadora.
Traceback (most recent call last):
  File "<string>", line 5, in <module>
  File "C:\Users\Btime Soluções\AppData\Local\Programs\Python\Python314\Lib\site-packages\_pytest\config\__init__.py", line 201, in main
    return _main(args=args, plugins=plugins, prog="pytest.main()")
  File "C:\Users\Btime Soluções\AppData\Local\Programs\Python\Python314\Lib\site-packages\_pytest\config\__init__.py", line 229, in _main
    ret: ExitCode | int = config.hook.pytest_cmdline_main(config=config)
  File "C:\Users\Btime Soluções\AppData\Local\Programs\Python\Python314\Lib\site-packages\pluggy\_hooks.py", line 512, in __call__
    return self._hookexec(self.name, self._hookimpls.copy(), kwargs, firstresult)
  File "C:\Users\Btime Soluções\AppData\Local\Programs\Python\Python314\Lib\site-packages\pluggy\_manager.py", line 120, in _hookexec
    return self._inner_hookexec(hook_name, methods, kwargs, firstresult)
  File "C:\Users\Btime Soluções\AppData\Local\Programs\Python\Python314\Lib\site-packages\pluggy\_callers.py", line 121, in _multicall
    res = hook_impl.function(*args)
  File "C:\Users\Btime Soluções\AppData\Local\Programs\Python\Python314\Lib\site-packages\_pytest\main.py", line 377, in pytest_cmdline_main
    return wrap_session(config, _main)
  File "C:\Users\Btime Soluções\AppData\Local\Programs\Python\Python314\Lib\site-packages\_pytest\main.py", line 330, in wrap_session
    session.exitstatus = doit(config, session) or 0
  File "C:\Users\Btime Soluções\AppData\Local\Programs\Python\Python314\Lib\site-packages\_pytest\main.py", line 384, in _main
    config.hook.pytest_runtestloop(session=session)
  File "C:\Users\Btime Soluções\AppData\Local\Programs\Python\Python314\Lib\site-packages\pluggy\_hooks.py", line 512, in __call__
    return self._hookexec(self.name, self._hookimpls.copy(), kwargs, firstresult)
  File "C:\Users\Btime Soluções\AppData\Local\Programs\Python\Python314\Lib\site-packages\pluggy\_manager.py", line 120, in _hookexec
    return self._inner_hookexec(hook_name, methods, kwargs, firstresult)
  File "C:\Users\Btime Soluções\AppData\Local\Programs\Python\Python314\Lib\site-packages\pluggy\_callers.py", line 121, in _multicall
    res = hook_impl.function(*args)
  File "C:\Users\Btime Soluções\AppData\Local\Programs\Python\Python314\Lib\site-packages\_pytest\main.py", line 408, in pytest_runtestloop
    item.config.hook.pytest_runtest_protocol(item=item, nextitem=nextitem)
  File "C:\Users\Btime Soluções\AppData\Local\Programs\Python\Python314\Lib\site-packages\pluggy\_hooks.py", line 512, in __call__
    return self._hookexec(self.name, self._hookimpls.copy(), kwargs, firstresult)
  File "C:\Users\Btime Soluções\AppData\Local\Programs\Python\Python314\Lib\site-packages\pluggy\_manager.py", line 120, in _hookexec
    return self._inner_hookexec(hook_name, methods, kwargs, firstresult)
  File "C:\Users\Btime Soluções\AppData\Local\Programs\Python\Python314\Lib\site-packages\pluggy\_callers.py", line 121, in _multicall
    res = hook_impl.function(*args)
  File "C:\Users\Btime Soluções\AppData\Local\Programs\Python\Python314\Lib\site-packages\_pytest\runner.py", line 118, in pytest_runtest_protocol
    runtestprotocol(item, nextitem=nextitem)
  File "C:\Users\Btime Soluções\AppData\Local\Programs\Python\Python314\Lib\site-packages\_pytest\runner.py", line 139, in runtestprotocol
    reports.append(call_and_report(item, "call", log))
  File "C:\Users\Btime Soluções\AppData\Local\Programs\Python\Python314\Lib\site-packages\_pytest\runner.py", line 249, in call_and_report
    call = CallInfo.from_call(
  File "C:\Users\Btime Soluções\AppData\Local\Programs\Python\Python314\Lib\site-packages\_pytest\runner.py", line 361, in from_call
    result: TResult | None = func()
  File "C:\Users\Btime Soluções\AppData\Local\Programs\Python\Python314\Lib\site-packages\_pytest\runner.py", line 250, in <lambda>
    lambda: runtest_hook(item=item, **kwds),
  File "C:\Users\Btime Soluções\AppData\Local\Programs\Python\Python314\Lib\site-packages\pluggy\_hooks.py", line 512, in __call__
    return self._hookexec(self.name, self._hookimpls.copy(), kwargs, firstresult)
  File "C:\Users\Btime Soluções\AppData\Local\Programs\Python\Python314\Lib\site-packages\pluggy\_manager.py", line 120, in _hookexec
    return self._inner_hookexec(hook_name, methods, kwargs, firstresult)
  File "C:\Users\Btime Soluções\AppData\Local\Programs\Python\Python314\Lib\site-packages\pluggy\_callers.py", line 121, in _multicall
    res = hook_impl.function(*args)
  File "C:\Users\Btime Soluções\AppData\Local\Programs\Python\Python314\Lib\site-packages\_pytest\runner.py", line 184, in pytest_runtest_call
    item.runtest()
  File "C:\Users\Btime Soluções\AppData\Local\Programs\Python\Python314\Lib\site-packages\_pytest\python.py", line 1707, in runtest
    self.ihook.pytest_pyfunc_call(pyfuncitem=self)
  File "C:\Users\Btime Soluções\AppData\Local\Programs\Python\Python314\Lib\site-packages\pluggy\_hooks.py", line 512, in __call__
    return self._hookexec(self.name, self._hookimpls.copy(), kwargs, firstresult)
  File "C:\Users\Btime Soluções\AppData\Local\Programs\Python\Python314\Lib\site-packages\pluggy\_manager.py", line 120, in _hookexec
    return self._inner_hookexec(hook_name, methods, kwargs, firstresult)
  File "C:\Users\Btime Soluções\AppData\Local\Programs\Python\Python314\Lib\site-packages\pluggy\_callers.py", line 121, in _multicall
    res = hook_impl.function(*args)
  File "C:\Users\Btime Soluções\AppData\Local\Programs\Python\Python314\Lib\site-packages\_pytest\python.py", line 167, in pytest_pyfunc_call
    result = testfunction(**testargs)
  File "C:\projetos\MVP2\MVP2\MVP2\DETRAF-UNIFICADO\unificado\rpa3_contestacao_agi_ec\tests\test_upload_agi.py", line 267, in test_banco_fora_nao_derruba_o_lote
    servico.executar(["CLARO"], "202507")
  File "C:\projetos\MVP2\MVP2\MVP2\DETRAF-UNIFICADO\unificado\comum\utils\decoradores.py", line 22, in wrapper
    return func(*args, **kwargs)
  File "C:\projetos\MVP2\MVP2\MVP2\DETRAF-UNIFICADO\unificado\rpa3_contestacao_agi_ec\src\services\upload_contestacao_agi.py", line 161, in executar
    self._registrar_carga(operadora, aaaamm, status)
> File "C:\projetos\MVP2\MVP2\MVP2\DETRAF-UNIFICADO\unificado\rpa3_contestacao_agi_ec\src\services\upload_contestacao_agi.py", line 175, in _registrar_carga
    self.repositorio.atualizar_carga_agi(operadora, aaaamm, status)
  File "C:\projetos\MVP2\MVP2\MVP2\DETRAF-UNIFICADO\unificado\rpa3_contestacao_agi_ec\tests\test_upload_agi.py", line 253, in atualizar_carga_agi
    raise RuntimeError("conexão recusada")
RuntimeError: conexão recusada
2026-08-13 13:38:46.334 | INFO    |test_upload_agi:test_banco_fora_nao_derruba_o_lote:267 - [STEP] Finalizando: UploadContestacaoAGI.executar | Tempo gasto: 1.02s
2026-08-13 13:38:46.348 | INFO    |test_upload_agi:test_hu17_nao_abre_o_agi_com_o_switch_desligado:285 - [STEP] Iniciando: UploadDetrafAGI.executar
2026-08-13 13:38:46.350 | INFO    |comum.utils.decoradores:wrapper:22 - [MODO SEGURO] PERMITIR_UPLOAD_AGI=false — 2 arquivo(s) pendente(s), nada enviado ao AGI:
2026-08-13 13:38:46.350 | INFO    |comum.utils.decoradores:wrapper:22 -   CLARO: DE_AGI_D_202507_TBRA_X_CLARO_EXT.txt
2026-08-13 13:38:46.351 | INFO    |comum.utils.decoradores:wrapper:22 -   CLARO: DE_AGI_D_202507_TBRA_X_CLARO_INT.txt
2026-08-13 13:38:46.351 | INFO    |test_upload_agi:test_hu17_nao_abre_o_agi_com_o_switch_desligado:285 - [STEP] Finalizando: UploadDetrafAGI.executar | Tempo gasto: 0.0s
2026-08-13 13:38:46.366 | INFO    |comum.dados.repositorio_cache:__init__:77 - Inicializando conexão com o banco no ambiente [dev]
2026-08-13 13:38:46.366 | INFO    |comum.dados.repositorio_cache:__init__:77 - Utilizando SQLite local [C:\Users\BTIMES~1\AppData\Local\Temp\detraf_epico4_teste_9l21xs1s\TABELAS_DETRAF_TESTE.db]
2026-08-13 13:38:46.367 | INFO    |test_upload_agi:test_hu18_nao_abre_o_agi_com_o_switch_desligado:296 - [STEP] Iniciando: UploadContestacaoAGI.executar
2026-08-13 13:38:46.368 | INFO    |src.services.upload_contestacao_agi:executar:124 - [HU-18] Sem pasta AGI para CLARO/202507: [C:\Users\Btime Soluções\AppData\Local\Temp\pytest-of-Btime Soluções\pytest-18\test_hu18_nao_abre_o_agi_com_o0\Operadoras\CLARO\2025\202507\AGI].
2026-08-13 13:38:46.368 | INFO    |comum.utils.decoradores:wrapper:22 - [HU-18] Nenhum CONT_PROC_MASCARA pendente; nada a fazer.
2026-08-13 13:38:46.368 | INFO    |test_upload_agi:test_hu18_nao_abre_o_agi_com_o_switch_desligado:296 - [STEP] Finalizando: UploadContestacaoAGI.executar | Tempo gasto: 0.0s
2026-08-13 13:38:46.378 | INFO    |test_upload_agi:test_sem_pendencia_o_agi_nao_e_aberto_nem_com_o_switch_ligado:306 - [STEP] Iniciando: UploadDetrafAGI.executar
2026-08-13 13:38:46.379 | INFO    |src.services.upload_detraf_agi:executar:201 - [HU-17] Sem pasta AGI para CLARO/202507: [C:\Users\Btime Soluções\AppData\Local\Temp\pytest-of-Btime Soluções\pytest-18\test_sem_pendencia_o_agi_nao_e0\Operadoras\CLARO\2025\202507\AGI].
2026-08-13 13:38:46.380 | INFO    |comum.utils.decoradores:wrapper:22 - [HU-17] Nada pendente em EXT/INT; nada a fazer.
2026-08-13 13:38:46.380 | INFO    |test_upload_agi:test_sem_pendencia_o_agi_nao_e_aberto_nem_com_o_switch_ligado:306 - [STEP] Finalizando: UploadDetrafAGI.executar | Tempo gasto: 0.0s
2026-08-13 13:38:46.384 | WARNING |test_upload_agi:test_sem_diretorio_configurado_nao_grava_e_nao_quebra:315 - [HU-17] DIRETORIO_EVIDENCIAS não configurado — evidência não capturada.
2026-08-13 13:38:46.394 | WARNING |test_upload_agi:test_falha_na_captura_nao_derruba_o_upload:326 - [HU-17] Falha ao capturar evidência em [C:\Users\Btime Soluções\AppData\Local\Temp\pytest-of-Btime Soluções\pytest-18\test_falha_na_captura_nao_derr0\evidencias\evidencia_arquivo_20260813_133846.png]: sem display
2026-08-13 13:38:46.429 | INFO    |test_verificacao_relatorio:test_fica_so_com_as_linhas_de_despesa:78 - [HU-20] Relatório lido: 3 linha(s), 2 de despesa.
2026-08-13 13:38:46.461 | WARNING |test_verificacao_relatorio:test_export_sem_as_colunas_de_imposto_avisa:108 - [HU-20] O relatório não traz ['Vlr. CBS', 'Vlr. IBS Estadual', 'Vlr. IBS Municipal'] — a V2 (¶702) manda comparar CBS e IBS. Export antigo do AGI?
2026-08-13 13:38:46.461 | INFO    |test_verificacao_relatorio:test_export_sem_as_colunas_de_imposto_avisa:108 - [HU-20] Relatório lido: 1 linha(s), 1 de despesa.
2026-08-13 13:38:46.470 | INFO    |test_verificacao_relatorio:test_soma_o_valor_bruto_por_operadora:120 - [HU-20] Relatório lido: 3 linha(s), 3 de despesa.
2026-08-13 13:38:46.486 | INFO    |test_verificacao_relatorio:test_o_separador_de_milhar_do_agi_e_tratado:138 - [HU-20] Relatório lido: 1 linha(s), 1 de despesa.
2026-08-13 13:38:46.503 | INFO    |test_verificacao_relatorio:test_as_tres_colunas_de_imposto_entram:150 - [HU-20] Relatório lido: 2 linha(s), 2 de despesa.
2026-08-13 13:38:46.517 | INFO    |test_verificacao_relatorio:test_relatorio_sem_despesa_devolve_vazio_sem_quebrar:164 - [HU-20] Relatório lido: 1 linha(s), 0 de despesa.
2026-08-13 13:38:46.618 | WARNING |test_verificacao_relatorio:test_grava_o_xlsx_quando_ha_divergencia:271 - [HU-20] CLARO: AGI R$ 1,000.00 × EC R$ 950.00 — diferença de R$ 50.00.
2026-08-13 13:38:46.619 | ERROR   |test_verificacao_relatorio:test_grava_o_xlsx_quando_ha_divergencia:271 - [HU-20] 1 de 1 operadora(s) divergente(s) em 202507. Detalhe em [C:\Users\Btime Soluções\AppData\Local\Temp\pytest-of-Btime Soluções\pytest-18\test_grava_o_xlsx_quando_ha_di0\inconsistencias_202507_20260813_133846.xlsx].
2026-08-13 13:38:46.655 | WARNING |test_verificacao_relatorio:test_o_nome_traz_a_competencia:280 - [HU-20] CLARO: AGI R$ 1,000.00 × EC R$ 950.00 — diferença de R$ 50.00.
2026-08-13 13:38:46.655 | ERROR   |test_verificacao_relatorio:test_o_nome_traz_a_competencia:280 - [HU-20] 1 de 1 operadora(s) divergente(s) em 202507. Detalhe em [C:\Users\Btime Soluções\AppData\Local\Temp\pytest-of-Btime Soluções\pytest-18\test_o_nome_traz_a_competencia0\inconsistencias_202507_20260813_133846.xlsx].
2026-08-13 13:38:46.677 | INFO    |test_verificacao_relatorio:test_sem_divergencia_nao_grava_nada:288 - [HU-20] 1 operadora(s) conferida(s) em 202507: nenhuma divergência entre o AGI e o Encontro de Contas.
2026-08-13 13:38:46.714 | WARNING |test_verificacao_relatorio:test_cada_divergencia_aparece_no_log:295 - [HU-20] CLARO: AGI R$ 1,000.00 × EC R$ 950.00 — diferença de R$ 50.00.
2026-08-13 13:38:46.715 | ERROR   |test_verificacao_relatorio:test_cada_divergencia_aparece_no_log:295 - [HU-20] 1 de 1 operadora(s) divergente(s) em 202507. Detalhe em [C:\Users\Btime Soluções\AppData\Local\Temp\pytest-of-Btime Soluções\pytest-18\test_cada_divergencia_aparece_0\inconsistencias_202507_20260813_133846.xlsx].
2026-08-13 13:38:46.739 | WARNING |test_verificacao_relatorio:test_a_operadora_ausente_do_ec_e_descrita_como_tal:310 - [HU-20] NOVA: presente no AGI (R$ 800.00) e **ausente no Encontro de Contas**.
2026-08-13 13:38:46.740 | ERROR   |test_verificacao_relatorio:test_a_operadora_ausente_do_ec_e_descrita_como_tal:310 - [HU-20] 1 de 1 operadora(s) divergente(s) em 202507. Detalhe em [C:\Users\Btime Soluções\AppData\Local\Temp\pytest-of-Btime Soluções\pytest-18\test_a_operadora_ausente_do_ec0\inconsistencias_202507_20260813_133846.xlsx].
2026-08-13 13:38:46.751 | INFO    |test_verificacao_relatorio:test_com_o_switch_desligado_o_agi_nao_e_aberto:346 - [STEP] Iniciando: VerificacaoRelatorio.executar
2026-08-13 13:38:46.752 | INFO    |comum.utils.decoradores:wrapper:22 - [MODO SEGURO] PERMITIR_ACESSO_AGI=false — o AGI não será aberto. A verificação usa o relatório já em [C:\Users\Btime Soluções\AppData\Local\Temp\pytest-of-Btime Soluções\pytest-18\test_com_o_switch_desligado_o_0\remessa_baixada.csv].
2026-08-13 13:38:46.758 | INFO    |src.services.verificacao_relatorio:executar:398 - [HU-20] Relatório lido: 1 linha(s), 1 de despesa.
2026-08-13 13:38:46.768 | INFO    |src.services.verificacao_relatorio:gravar_inconsistencias:260 - [HU-20] Impostos somados do relatório do AGI em 202507 — Vlr. CBS: R$ 3.00 | Vlr. IBS Estadual: R$ 1.00 | Vlr. IBS Municipal: R$ 2.00. **Informativo**: o Encontro de Contas não tem coluna de imposto, então não há comparação (pendência Q6). A V2 (¶367) trata os impostos como informativos até 2027.
2026-08-13 13:38:46.769 | INFO    |src.services.verificacao_relatorio:executar:403 - [HU-20] 1 operadora(s) conferida(s) em 202507: nenhuma divergência entre o AGI e o Encontro de Contas.
2026-08-13 13:38:46.770 | INFO    |test_verificacao_relatorio:test_com_o_switch_desligado_o_agi_nao_e_aberto:346 - [STEP] Finalizando: VerificacaoRelatorio.executar | Tempo gasto: 0.02s
2026-08-13 13:38:46.778 | INFO    |test_verificacao_relatorio:test_sem_relatorio_e_com_o_switch_desligado_a_execucao_falha:364 - [STEP] Iniciando: VerificacaoRelatorio.executar
2026-08-13 13:38:46.779 | INFO    |comum.utils.decoradores:wrapper:22 - [MODO SEGURO] PERMITIR_ACESSO_AGI=false — o AGI não será aberto. A verificação usa o relatório já em [C:\Users\Btime Soluções\AppData\Local\Temp\pytest-of-Btime Soluções\pytest-18\test_sem_relatorio_e_com_o_swi0\nada.csv].
2026-08-13 13:38:46.779 | INFO    |test_verificacao_relatorio:test_sem_relatorio_e_com_o_switch_desligado_a_execucao_falha:364 - [STEP] Finalizando: VerificacaoRelatorio.executar | Tempo gasto: 0.0s
2026-08-13 13:38:46.788 | INFO    |test_verificacao_relatorio:test_do_csv_ao_xlsx_de_divergencia:382 - [STEP] Iniciando: VerificacaoRelatorio.executar
2026-08-13 13:38:46.789 | INFO    |comum.utils.decoradores:wrapper:22 - [MODO SEGURO] PERMITIR_ACESSO_AGI=false — o AGI não será aberto. A verificação usa o relatório já em [C:\Users\Btime Soluções\AppData\Local\Temp\pytest-of-Btime Soluções\pytest-18\test_do_csv_ao_xlsx_de_diverge0\remessa_baixada.csv].
2026-08-13 13:38:46.793 | INFO    |src.services.verificacao_relatorio:executar:398 - [HU-20] Relatório lido: 3 linha(s), 2 de despesa.
2026-08-13 13:38:46.800 | INFO    |src.services.verificacao_relatorio:gravar_inconsistencias:260 - [HU-20] Impostos somados do relatório do AGI em 202507 — Vlr. CBS: R$ 6.00 | Vlr. IBS Estadual: R$ 2.00 | Vlr. IBS Municipal: R$ 4.00. **Informativo**: o Encontro de Contas não tem coluna de imposto, então não há comparação (pendência Q6). A V2 (¶367) trata os impostos como informativos até 2027.
2026-08-13 13:38:46.812 | WARNING |src.services.verificacao_relatorio:executar:403 - [HU-20] CLARO: AGI R$ 1,000.00 × EC R$ -900.00 — diferença de R$ 100.00.
2026-08-13 13:38:46.812 | ERROR   |src.services.verificacao_relatorio:executar:403 - [HU-20] 1 de 2 operadora(s) divergente(s) em 202507. Detalhe em [C:\Users\Btime Soluções\AppData\Local\Temp\pytest-of-Btime Soluções\pytest-18\test_do_csv_ao_xlsx_de_diverge0\inconsistencias_202507_20260813_133846.xlsx].
2026-08-13 13:38:46.813 | INFO    |test_verificacao_relatorio:test_do_csv_ao_xlsx_de_divergencia:382 - [STEP] Finalizando: VerificacaoRelatorio.executar | Tempo gasto: 0.02s
2026-08-13 13:38:46.836 | INFO    |src.services.verificacao_relatorio:gravar_inconsistencias:260 - [HU-20] Impostos somados do relatório do AGI em 202507 — Vlr. CBS: R$ 88.00 | Vlr. IBS Estadual: R$ 55.00 | Vlr. IBS Municipal: R$ 22.00. **Informativo**: o Encontro de Contas não tem coluna de imposto, então não há comparação (pendência Q6). A V2 (¶367) trata os impostos como informativos até 2027.
2026-08-13 13:38:46.837 | INFO    |test_verificacao_relatorio:test_mes_sem_divergencia_registra_os_impostos:423 - [HU-20] 1 operadora(s) conferida(s) em 202507: nenhuma divergência entre o AGI e o Encontro de Contas.
2026-08-13 13:38:46.848 | INFO    |src.services.verificacao_relatorio:gravar_inconsistencias:260 - [HU-20] Impostos somados do relatório do AGI em 202507 — Vlr. CBS: R$ 88.00 | Vlr. IBS Estadual: R$ 55.00 | Vlr. IBS Municipal: R$ 22.00. **Informativo**: o Encontro de Contas não tem coluna de imposto, então não há comparação (pendência Q6). A V2 (¶367) trata os impostos como informativos até 2027.
2026-08-13 13:38:46.849 | INFO    |test_verificacao_relatorio:test_o_registro_diz_que_e_informativo:437 - [HU-20] 1 operadora(s) conferida(s) em 202507: nenhuma divergência entre o AGI e o Encontro de Contas.
2026-08-13 13:38:46.857 | INFO    |test_verificacao_relatorio:test_relatorio_antigo_sem_as_colunas_nao_quebra:445 - [HU-20] 1 operadora(s) conferida(s) em 202507: nenhuma divergência entre o AGI e o Encontro de Contas.
2026-08-13 13:38:46.865 | INFO    |src.services.verificacao_relatorio:gravar_inconsistencias:260 - [HU-20] Impostos somados do relatório do AGI em 202507 — Vlr. CBS: R$ 88.00 | Vlr. IBS Estadual: R$ 55.00 | Vlr. IBS Municipal: R$ 22.00. **Informativo**: o Encontro de Contas não tem coluna de imposto, então não há comparação (pendência Q6). A V2 (¶367) trata os impostos como informativos até 2027.
2026-08-13 13:38:46.883 | WARNING |test_verificacao_relatorio:test_a_planilha_de_divergencia_continua_saindo:452 - [HU-20] CLARO: AGI R$ 1,000.00 × EC R$ 1,000.00 — diferença de R$ 0.00.
2026-08-13 13:38:46.883 | ERROR   |test_verificacao_relatorio:test_a_planilha_de_divergencia_continua_saindo:452 - [HU-20] 1 de 1 operadora(s) divergente(s) em 202507. Detalhe em [C:\Users\Btime Soluções\AppData\Local\Temp\pytest-of-Btime Soluções\pytest-18\test_a_planilha_de_divergencia0\inconsistencias_202507_20260813_133846.xlsx].
