2026-08-14 09:40:57.893 | INFO    |comum.dados.repositorio_cache:__init__:77 - Inicializando conexão com o banco no ambiente [dev]
2026-08-14 09:40:57.894 | INFO    |comum.dados.repositorio_cache:__init__:77 - Utilizando SQLite local [C:\Users\BTIMES~1\AppData\Local\Temp\detraf_epico4_teste_adqt823e\TABELAS_DETRAF_TESTE.db]
2026-08-14 09:40:59.098 | INFO    |test_upload_agi:test_operadora_sem_pasta_nao_quebra:76 - [HU-17] Sem pasta AGI para INEXISTENTE/202507: [C:\Users\Btime Soluções\AppData\Local\Temp\pytest-of-Btime Soluções\pytest-20\test_operadora_sem_pasta_nao_q0\Operadoras\INEXISTENTE\2025\202507\AGI].
2026-08-14 09:40:59.104 | INFO    |test_upload_agi:test_arquivo_de_outro_tipo_na_pasta_e_ignorado:81 - [HU-17] Nenhum EXT/INT em [C:\Users\Btime Soluções\AppData\Local\Temp\pytest-of-Btime Soluções\pytest-20\test_arquivo_de_outro_tipo_na_0\Operadoras\CLARO\2025\202507\AGI].
2026-08-14 09:40:59.129 | INFO    |test_upload_agi:test_le_da_mesma_pasta_em_que_a_hu16_grava:118 - [STEP] Iniciando: gerar_arquivo_cont_proc
2026-08-14 09:40:59.432 | INFO    |comum.utils.decoradores:wrapper:22 - [HU-16 CONT_PROC] Arquivo gravado em [C:\Users\Btime Soluções\AppData\Local\Temp\pytest-of-Btime Soluções\pytest-20\test_le_da_mesma_pasta_em_que_0\Operadoras\CLARO\2025\202507\AGI\CONT_PROC_MASCARA_CLARO_202507.xlsx].
2026-08-14 09:40:59.433 | INFO    |test_upload_agi:test_le_da_mesma_pasta_em_que_a_hu16_grava:118 - [STEP] Finalizando: gerar_arquivo_cont_proc | Tempo gasto: 0.3s
2026-08-14 09:40:59.440 | INFO    |test_upload_agi:test_o_ext_e_o_int_da_mesma_pasta_nao_entram:136 - [HU-18] Nenhum CONT_PROC_MASCARA em [C:\Users\Btime Soluções\AppData\Local\Temp\pytest-of-Btime Soluções\pytest-20\test_o_ext_e_o_int_da_mesma_pa0\Operadoras\CLARO\2025\202507\AGI].
2026-08-14 09:40:59.447 | INFO    |test_upload_agi:test_a_carta_e_o_env_nao_entram:144 - [HU-18] Sem pasta AGI para CLARO/202507: [C:\Users\Btime Soluções\AppData\Local\Temp\pytest-of-Btime Soluções\pytest-20\test_a_carta_e_o_env_nao_entra0\Operadoras\CLARO\2025\202507\AGI].
2026-08-14 09:40:59.458 | WARNING |test_upload_agi:test_arquivo_anterior_a_execucao_e_descartado:167 - [HU-17] [DE_AGI_D_202507_TBRA_X_CLARO_INT.txt] é anterior a esta execução — sobra de uma rodada passada, não será enviado ao AGI. Um _INT antigo subiria num cenário que talvez não tenha mais retenção.
2026-08-14 09:40:59.466 | WARNING |test_upload_agi:test_o_descarte_e_anunciado:182 - [HU-17] [DE_AGI_D_202507_TBRA_X_CLARO_EXT.txt] é anterior a esta execução — sobra de uma rodada passada, não será enviado ao AGI. Um _INT antigo subiria num cenário que talvez não tenha mais retenção.
2026-08-14 09:40:59.467 | WARNING |test_upload_agi:test_o_descarte_e_anunciado:182 - [HU-17] [DE_AGI_D_202507_TBRA_X_CLARO_INT.txt] é anterior a esta execução — sobra de uma rodada passada, não será enviado ao AGI. Um _INT antigo subiria num cenário que talvez não tenha mais retenção.
2026-08-14 09:40:59.467 | INFO    |test_upload_agi:test_o_descarte_e_anunciado:182 - [HU-17] Nenhum EXT/INT em [C:\Users\Btime Soluções\AppData\Local\Temp\pytest-of-Btime Soluções\pytest-20\test_o_descarte_e_anunciado0\Operadoras\CLARO\2025\202507\AGI].
2026-08-14 09:40:59.478 | INFO    |test_upload_agi:test_upload_bem_sucedido_grava_carregado:218 - [STEP] Iniciando: UploadContestacaoAGI.executar
2026-08-14 09:40:59.478 | INFO    |src.services.upload_contestacao_agi:executar:149 - [RPA 3 — HU-18: upload do CONT_PROC no AGI] Login e navegação até 'Contestação > Gerenciar' concluídos — confira na tela se o AGI abriu no lugar certo.
2026-08-14 09:40:59.479 | INFO    |src.services.upload_contestacao_agi:executar:149 - [RPA 3 — HU-18: upload do CONT_PROC no AGI] 1 arquivo(s) pendente(s) de upload:
2026-08-14 09:40:59.479 | INFO    |src.services.upload_contestacao_agi:executar:149 - [RPA 3 — HU-18: upload do CONT_PROC no AGI]   CLARO: CONT_PROC_MASCARA_CLARO_202507.xlsx
2026-08-14 09:40:59.479 | INFO    |src.services.upload_contestacao_agi:executar:149 - [RPA 3 — HU-18: upload do CONT_PROC no AGI] ────────────────────────────────────────────────────────────
2026-08-14 09:40:59.479 | INFO    |src.services.upload_contestacao_agi:executar:149 - [RPA 3 — HU-18: upload do CONT_PROC no AGI] PRÓXIMA ETAPA: upload + clique em Salvar, um por um — ESCREVE NO AGI DE PRODUÇÃO, sem desfazer
2026-08-14 09:40:59.480 | INFO    |comum.utils.decoradores:wrapper:22 - [HU-18] Upload concluído: CLARO / CONT_PROC_MASCARA_CLARO_202507.xlsx.
2026-08-14 09:41:00.481 | INFO    |test_upload_agi:test_upload_bem_sucedido_grava_carregado:218 - [STEP] Finalizando: UploadContestacaoAGI.executar | Tempo gasto: 1.0s
2026-08-14 09:41:00.485 | INFO    |test_upload_agi:test_falha_no_upload_grava_erro_em_vez_de_deixar_nao_carregado:243 - [STEP] Iniciando: UploadContestacaoAGI.executar
2026-08-14 09:41:00.486 | INFO    |src.services.upload_contestacao_agi:executar:149 - [RPA 3 — HU-18: upload do CONT_PROC no AGI] Login e navegação até 'Contestação > Gerenciar' concluídos — confira na tela se o AGI abriu no lugar certo.
2026-08-14 09:41:00.486 | INFO    |src.services.upload_contestacao_agi:executar:149 - [RPA 3 — HU-18: upload do CONT_PROC no AGI] 1 arquivo(s) pendente(s) de upload:
2026-08-14 09:41:00.486 | INFO    |src.services.upload_contestacao_agi:executar:149 - [RPA 3 — HU-18: upload do CONT_PROC no AGI]   CLARO: CONT_PROC_MASCARA_CLARO_202507.xlsx
2026-08-14 09:41:00.486 | INFO    |src.services.upload_contestacao_agi:executar:149 - [RPA 3 — HU-18: upload do CONT_PROC no AGI] ────────────────────────────────────────────────────────────
2026-08-14 09:41:00.486 | INFO    |src.services.upload_contestacao_agi:executar:149 - [RPA 3 — HU-18: upload do CONT_PROC no AGI] PRÓXIMA ETAPA: upload + clique em Salvar, um por um — ESCREVE NO AGI DE PRODUÇÃO, sem desfazer
2026-08-14 09:41:00.487 | ERROR   |comum.utils.decoradores:wrapper:22 - [HU-18] Falha no upload de CLARO / CONT_PROC_MASCARA_CLARO_202507.xlsx: botão Salvar não apareceu
Traceback (most recent call last):
  File "<string>", line 5, in <module>
  File "C:\Users\Btime Soluções\AppData\Local\Programs\Python\Python314\Lib\site-packages\_pytest\config\__init__.py", line 201, in main
    return _main(args=args, plugins=plugins, prog="pytest.main()")
  File "C:\Users\Btime Soluções\AppData\Local\Programs\Python\Python314\Lib\site-packages\_pytest\config\__init__.py", line 229, in _main
    ret: ExitCode | int = config.hook.pytest_cmdline_main(config=config)
  File "C:\Users\Btime Soluções\AppData\Local\Programs\Python\Python314\Lib\site-packages\pluggy\_hooks.py", line 512, in __call__
    return self._hookexec(self.name, self._hookimpls.copy(), kwargs, firstresult)
  File "C:\Users\Btime Soluções\AppData\Local\Programs\Python\Python314\Lib\site-packages\pluggy\_manager.py", line 120, in _hookexec
    return self._inner_hookexec(hook_name, methods, kwargs, firstresult)
  File "C:\Users\Btime Soluções\AppData\Local\Programs\Python\Python314\Lib\site-packages\pluggy\_callers.py", line 121, in _multicall
    res = hook_impl.function(*args)
  File "C:\Users\Btime Soluções\AppData\Local\Programs\Python\Python314\Lib\site-packages\_pytest\main.py", line 377, in pytest_cmdline_main
    return wrap_session(config, _main)
  File "C:\Users\Btime Soluções\AppData\Local\Programs\Python\Python314\Lib\site-packages\_pytest\main.py", line 330, in wrap_session
    session.exitstatus = doit(config, session) or 0
  File "C:\Users\Btime Soluções\AppData\Local\Programs\Python\Python314\Lib\site-packages\_pytest\main.py", line 384, in _main
    config.hook.pytest_runtestloop(session=session)
  File "C:\Users\Btime Soluções\AppData\Local\Programs\Python\Python314\Lib\site-packages\pluggy\_hooks.py", line 512, in __call__
    return self._hookexec(self.name, self._hookimpls.copy(), kwargs, firstresult)
  File "C:\Users\Btime Soluções\AppData\Local\Programs\Python\Python314\Lib\site-packages\pluggy\_manager.py", line 120, in _hookexec
    return self._inner_hookexec(hook_name, methods, kwargs, firstresult)
  File "C:\Users\Btime Soluções\AppData\Local\Programs\Python\Python314\Lib\site-packages\pluggy\_callers.py", line 121, in _multicall
    res = hook_impl.function(*args)
  File "C:\Users\Btime Soluções\AppData\Local\Programs\Python\Python314\Lib\site-packages\_pytest\main.py", line 408, in pytest_runtestloop
    item.config.hook.pytest_runtest_protocol(item=item, nextitem=nextitem)
  File "C:\Users\Btime Soluções\AppData\Local\Programs\Python\Python314\Lib\site-packages\pluggy\_hooks.py", line 512, in __call__
    return self._hookexec(self.name, self._hookimpls.copy(), kwargs, firstresult)
  File "C:\Users\Btime Soluções\AppData\Local\Programs\Python\Python314\Lib\site-packages\pluggy\_manager.py", line 120, in _hookexec
    return self._inner_hookexec(hook_name, methods, kwargs, firstresult)
  File "C:\Users\Btime Soluções\AppData\Local\Programs\Python\Python314\Lib\site-packages\pluggy\_callers.py", line 121, in _multicall
    res = hook_impl.function(*args)
  File "C:\Users\Btime Soluções\AppData\Local\Programs\Python\Python314\Lib\site-packages\_pytest\runner.py", line 118, in pytest_runtest_protocol
    runtestprotocol(item, nextitem=nextitem)
  File "C:\Users\Btime Soluções\AppData\Local\Programs\Python\Python314\Lib\site-packages\_pytest\runner.py", line 139, in runtestprotocol
    reports.append(call_and_report(item, "call", log))
  File "C:\Users\Btime Soluções\AppData\Local\Programs\Python\Python314\Lib\site-packages\_pytest\runner.py", line 249, in call_and_report
    call = CallInfo.from_call(
  File "C:\Users\Btime Soluções\AppData\Local\Programs\Python\Python314\Lib\site-packages\_pytest\runner.py", line 361, in from_call
    result: TResult | None = func()
  File "C:\Users\Btime Soluções\AppData\Local\Programs\Python\Python314\Lib\site-packages\_pytest\runner.py", line 250, in <lambda>
    lambda: runtest_hook(item=item, **kwds),
  File "C:\Users\Btime Soluções\AppData\Local\Programs\Python\Python314\Lib\site-packages\pluggy\_hooks.py", line 512, in __call__
    return self._hookexec(self.name, self._hookimpls.copy(), kwargs, firstresult)
  File "C:\Users\Btime Soluções\AppData\Local\Programs\Python\Python314\Lib\site-packages\pluggy\_manager.py", line 120, in _hookexec
    return self._inner_hookexec(hook_name, methods, kwargs, firstresult)
  File "C:\Users\Btime Soluções\AppData\Local\Programs\Python\Python314\Lib\site-packages\pluggy\_callers.py", line 121, in _multicall
    res = hook_impl.function(*args)
  File "C:\Users\Btime Soluções\AppData\Local\Programs\Python\Python314\Lib\site-packages\_pytest\runner.py", line 184, in pytest_runtest_call
    item.runtest()
  File "C:\Users\Btime Soluções\AppData\Local\Programs\Python\Python314\Lib\site-packages\_pytest\python.py", line 1707, in runtest
    self.ihook.pytest_pyfunc_call(pyfuncitem=self)
  File "C:\Users\Btime Soluções\AppData\Local\Programs\Python\Python314\Lib\site-packages\pluggy\_hooks.py", line 512, in __call__
    return self._hookexec(self.name, self._hookimpls.copy(), kwargs, firstresult)
  File "C:\Users\Btime Soluções\AppData\Local\Programs\Python\Python314\Lib\site-packages\pluggy\_manager.py", line 120, in _hookexec
    return self._inner_hookexec(hook_name, methods, kwargs, firstresult)
  File "C:\Users\Btime Soluções\AppData\Local\Programs\Python\Python314\Lib\site-packages\pluggy\_callers.py", line 121, in _multicall
    res = hook_impl.function(*args)
  File "C:\Users\Btime Soluções\AppData\Local\Programs\Python\Python314\Lib\site-packages\_pytest\python.py", line 167, in pytest_pyfunc_call
    result = testfunction(**testargs)
  File "C:\projetos\MVP2\MVP2\MVP2\DETRAF-UNIFICADO\unificado\rpa3_contestacao_agi_ec\tests\test_upload_agi.py", line 243, in test_falha_no_upload_grava_erro_em_vez_de_deixar_nao_carregado
    servico.executar(["CLARO"], "202507")
  File "C:\projetos\MVP2\MVP2\MVP2\DETRAF-UNIFICADO\unificado\comum\utils\decoradores.py", line 22, in wrapper
    return func(*args, **kwargs)
> File "C:\projetos\MVP2\MVP2\MVP2\DETRAF-UNIFICADO\unificado\rpa3_contestacao_agi_ec\src\services\upload_contestacao_agi.py", line 166, in executar
    self.upload_um_arquivo(caminho)
  File "C:\projetos\MVP2\MVP2\MVP2\DETRAF-UNIFICADO\unificado\rpa3_contestacao_agi_ec\tests\test_upload_agi.py", line 234, in _explodir
    raise RuntimeError("botão Salvar não apareceu")
RuntimeError: botão Salvar não apareceu
2026-08-14 09:41:01.504 | INFO    |test_upload_agi:test_falha_no_upload_grava_erro_em_vez_de_deixar_nao_carregado:243 - [STEP] Finalizando: UploadContestacaoAGI.executar | Tempo gasto: 1.02s
2026-08-14 09:41:01.509 | INFO    |test_upload_agi:test_banco_fora_nao_derruba_o_lote:267 - [STEP] Iniciando: UploadContestacaoAGI.executar
2026-08-14 09:41:01.509 | INFO    |src.services.upload_contestacao_agi:executar:149 - [RPA 3 — HU-18: upload do CONT_PROC no AGI] Login e navegação até 'Contestação > Gerenciar' concluídos — confira na tela se o AGI abriu no lugar certo.
2026-08-14 09:41:01.509 | INFO    |src.services.upload_contestacao_agi:executar:149 - [RPA 3 — HU-18: upload do CONT_PROC no AGI] 1 arquivo(s) pendente(s) de upload:
2026-08-14 09:41:01.510 | INFO    |src.services.upload_contestacao_agi:executar:149 - [RPA 3 — HU-18: upload do CONT_PROC no AGI]   CLARO: CONT_PROC.xlsx
2026-08-14 09:41:01.510 | INFO    |src.services.upload_contestacao_agi:executar:149 - [RPA 3 — HU-18: upload do CONT_PROC no AGI] ────────────────────────────────────────────────────────────
2026-08-14 09:41:01.510 | INFO    |src.services.upload_contestacao_agi:executar:149 - [RPA 3 — HU-18: upload do CONT_PROC no AGI] PRÓXIMA ETAPA: upload + clique em Salvar, um por um — ESCREVE NO AGI DE PRODUÇÃO, sem desfazer
2026-08-14 09:41:01.510 | INFO    |comum.utils.decoradores:wrapper:22 - [HU-18] Upload concluído: CLARO / CONT_PROC.xlsx.
2026-08-14 09:41:01.510 | ERROR   |src.services.upload_contestacao_agi:executar:181 - [HU-18] Upload de CLARO/202507 terminou como 'carregado', mas o registro em carga_agi FALHOU: conexão recusada. O AGI e o WebFat ficaram fora de sincronia para esta operadora.
Traceback (most recent call last):
  File "<string>", line 5, in <module>
  File "C:\Users\Btime Soluções\AppData\Local\Programs\Python\Python314\Lib\site-packages\_pytest\config\__init__.py", line 201, in main
    return _main(args=args, plugins=plugins, prog="pytest.main()")
  File "C:\Users\Btime Soluções\AppData\Local\Programs\Python\Python314\Lib\site-packages\_pytest\config\__init__.py", line 229, in _main
    ret: ExitCode | int = config.hook.pytest_cmdline_main(config=config)
  File "C:\Users\Btime Soluções\AppData\Local\Programs\Python\Python314\Lib\site-packages\pluggy\_hooks.py", line 512, in __call__
    return self._hookexec(self.name, self._hookimpls.copy(), kwargs, firstresult)
  File "C:\Users\Btime Soluções\AppData\Local\Programs\Python\Python314\Lib\site-packages\pluggy\_manager.py", line 120, in _hookexec
    return self._inner_hookexec(hook_name, methods, kwargs, firstresult)
  File "C:\Users\Btime Soluções\AppData\Local\Programs\Python\Python314\Lib\site-packages\pluggy\_callers.py", line 121, in _multicall
    res = hook_impl.function(*args)
  File "C:\Users\Btime Soluções\AppData\Local\Programs\Python\Python314\Lib\site-packages\_pytest\main.py", line 377, in pytest_cmdline_main
    return wrap_session(config, _main)
  File "C:\Users\Btime Soluções\AppData\Local\Programs\Python\Python314\Lib\site-packages\_pytest\main.py", line 330, in wrap_session
    session.exitstatus = doit(config, session) or 0
  File "C:\Users\Btime Soluções\AppData\Local\Programs\Python\Python314\Lib\site-packages\_pytest\main.py", line 384, in _main
    config.hook.pytest_runtestloop(session=session)
  File "C:\Users\Btime Soluções\AppData\Local\Programs\Python\Python314\Lib\site-packages\pluggy\_hooks.py", line 512, in __call__
    return self._hookexec(self.name, self._hookimpls.copy(), kwargs, firstresult)
  File "C:\Users\Btime Soluções\AppData\Local\Programs\Python\Python314\Lib\site-packages\pluggy\_manager.py", line 120, in _hookexec
    return self._inner_hookexec(hook_name, methods, kwargs, firstresult)
  File "C:\Users\Btime Soluções\AppData\Local\Programs\Python\Python314\Lib\site-packages\pluggy\_callers.py", line 121, in _multicall
    res = hook_impl.function(*args)
  File "C:\Users\Btime Soluções\AppData\Local\Programs\Python\Python314\Lib\site-packages\_pytest\main.py", line 408, in pytest_runtestloop
    item.config.hook.pytest_runtest_protocol(item=item, nextitem=nextitem)
  File "C:\Users\Btime Soluções\AppData\Local\Programs\Python\Python314\Lib\site-packages\pluggy\_hooks.py", line 512, in __call__
    return self._hookexec(self.name, self._hookimpls.copy(), kwargs, firstresult)
  File "C:\Users\Btime Soluções\AppData\Local\Programs\Python\Python314\Lib\site-packages\pluggy\_manager.py", line 120, in _hookexec
    return self._inner_hookexec(hook_name, methods, kwargs, firstresult)
  File "C:\Users\Btime Soluções\AppData\Local\Programs\Python\Python314\Lib\site-packages\pluggy\_callers.py", line 121, in _multicall
    res = hook_impl.function(*args)
  File "C:\Users\Btime Soluções\AppData\Local\Programs\Python\Python314\Lib\site-packages\_pytest\runner.py", line 118, in pytest_runtest_protocol
    runtestprotocol(item, nextitem=nextitem)
  File "C:\Users\Btime Soluções\AppData\Local\Programs\Python\Python314\Lib\site-packages\_pytest\runner.py", line 139, in runtestprotocol
    reports.append(call_and_report(item, "call", log))
  File "C:\Users\Btime Soluções\AppData\Local\Programs\Python\Python314\Lib\site-packages\_pytest\runner.py", line 249, in call_and_report
    call = CallInfo.from_call(
  File "C:\Users\Btime Soluções\AppData\Local\Programs\Python\Python314\Lib\site-packages\_pytest\runner.py", line 361, in from_call
    result: TResult | None = func()
  File "C:\Users\Btime Soluções\AppData\Local\Programs\Python\Python314\Lib\site-packages\_pytest\runner.py", line 250, in <lambda>
    lambda: runtest_hook(item=item, **kwds),
  File "C:\Users\Btime Soluções\AppData\Local\Programs\Python\Python314\Lib\site-packages\pluggy\_hooks.py", line 512, in __call__
    return self._hookexec(self.name, self._hookimpls.copy(), kwargs, firstresult)
  File "C:\Users\Btime Soluções\AppData\Local\Programs\Python\Python314\Lib\site-packages\pluggy\_manager.py", line 120, in _hookexec
    return self._inner_hookexec(hook_name, methods, kwargs, firstresult)
  File "C:\Users\Btime Soluções\AppData\Local\Programs\Python\Python314\Lib\site-packages\pluggy\_callers.py", line 121, in _multicall
    res = hook_impl.function(*args)
  File "C:\Users\Btime Soluções\AppData\Local\Programs\Python\Python314\Lib\site-packages\_pytest\runner.py", line 184, in pytest_runtest_call
    item.runtest()
  File "C:\Users\Btime Soluções\AppData\Local\Programs\Python\Python314\Lib\site-packages\_pytest\python.py", line 1707, in runtest
    self.ihook.pytest_pyfunc_call(pyfuncitem=self)
  File "C:\Users\Btime Soluções\AppData\Local\Programs\Python\Python314\Lib\site-packages\pluggy\_hooks.py", line 512, in __call__
    return self._hookexec(self.name, self._hookimpls.copy(), kwargs, firstresult)
  File "C:\Users\Btime Soluções\AppData\Local\Programs\Python\Python314\Lib\site-packages\pluggy\_manager.py", line 120, in _hookexec
    return self._inner_hookexec(hook_name, methods, kwargs, firstresult)
  File "C:\Users\Btime Soluções\AppData\Local\Programs\Python\Python314\Lib\site-packages\pluggy\_callers.py", line 121, in _multicall
    res = hook_impl.function(*args)
  File "C:\Users\Btime Soluções\AppData\Local\Programs\Python\Python314\Lib\site-packages\_pytest\python.py", line 167, in pytest_pyfunc_call
    result = testfunction(**testargs)
  File "C:\projetos\MVP2\MVP2\MVP2\DETRAF-UNIFICADO\unificado\rpa3_contestacao_agi_ec\tests\test_upload_agi.py", line 267, in test_banco_fora_nao_derruba_o_lote
    servico.executar(["CLARO"], "202507")
  File "C:\projetos\MVP2\MVP2\MVP2\DETRAF-UNIFICADO\unificado\comum\utils\decoradores.py", line 22, in wrapper
    return func(*args, **kwargs)
  File "C:\projetos\MVP2\MVP2\MVP2\DETRAF-UNIFICADO\unificado\rpa3_contestacao_agi_ec\src\services\upload_contestacao_agi.py", line 181, in executar
    self._registrar_carga(operadora, aaaamm, status)
> File "C:\projetos\MVP2\MVP2\MVP2\DETRAF-UNIFICADO\unificado\rpa3_contestacao_agi_ec\src\services\upload_contestacao_agi.py", line 195, in _registrar_carga
    self.repositorio.atualizar_carga_agi(operadora, aaaamm, status)
  File "C:\projetos\MVP2\MVP2\MVP2\DETRAF-UNIFICADO\unificado\rpa3_contestacao_agi_ec\tests\test_upload_agi.py", line 253, in atualizar_carga_agi
    raise RuntimeError("conexão recusada")
RuntimeError: conexão recusada
2026-08-14 09:41:02.518 | INFO    |test_upload_agi:test_banco_fora_nao_derruba_o_lote:267 - [STEP] Finalizando: UploadContestacaoAGI.executar | Tempo gasto: 1.01s
2026-08-14 09:41:02.527 | INFO    |test_upload_agi:test_hu17_nao_abre_o_agi_com_o_switch_desligado:285 - [STEP] Iniciando: UploadDetrafAGI.executar
2026-08-14 09:41:02.528 | INFO    |comum.utils.decoradores:wrapper:22 - [MODO SEGURO] PERMITIR_UPLOAD_AGI=false — 2 arquivo(s) pendente(s), nada enviado ao AGI:
2026-08-14 09:41:02.528 | INFO    |comum.utils.decoradores:wrapper:22 -   CLARO: DE_AGI_D_202507_TBRA_X_CLARO_EXT.txt
2026-08-14 09:41:02.528 | INFO    |comum.utils.decoradores:wrapper:22 -   CLARO: DE_AGI_D_202507_TBRA_X_CLARO_INT.txt
2026-08-14 09:41:02.528 | INFO    |test_upload_agi:test_hu17_nao_abre_o_agi_com_o_switch_desligado:285 - [STEP] Finalizando: UploadDetrafAGI.executar | Tempo gasto: 0.0s
2026-08-14 09:41:02.539 | INFO    |test_upload_agi:test_hu18_nao_abre_o_agi_com_o_switch_desligado:296 - [STEP] Iniciando: UploadContestacaoAGI.executar
2026-08-14 09:41:02.540 | INFO    |src.services.upload_contestacao_agi:executar:125 - [HU-18] Sem pasta AGI para CLARO/202507: [C:\Users\Btime Soluções\AppData\Local\Temp\pytest-of-Btime Soluções\pytest-20\test_hu18_nao_abre_o_agi_com_o0\Operadoras\CLARO\2025\202507\AGI].
2026-08-14 09:41:02.543 | INFO    |comum.utils.decoradores:wrapper:22 - [HU-18] Nenhum CONT_PROC_MASCARA pendente; nada a fazer.
2026-08-14 09:41:02.544 | INFO    |test_upload_agi:test_hu18_nao_abre_o_agi_com_o_switch_desligado:296 - [STEP] Finalizando: UploadContestacaoAGI.executar | Tempo gasto: 0.0s
2026-08-14 09:41:02.551 | INFO    |test_upload_agi:test_sem_pendencia_o_agi_nao_e_aberto_nem_com_o_switch_ligado:306 - [STEP] Iniciando: UploadDetrafAGI.executar
2026-08-14 09:41:02.552 | INFO    |src.services.upload_detraf_agi:executar:202 - [HU-17] Sem pasta AGI para CLARO/202507: [C:\Users\Btime Soluções\AppData\Local\Temp\pytest-of-Btime Soluções\pytest-20\test_sem_pendencia_o_agi_nao_e0\Operadoras\CLARO\2025\202507\AGI].
2026-08-14 09:41:02.553 | INFO    |comum.utils.decoradores:wrapper:22 - [HU-17] Nada pendente em EXT/INT; nada a fazer.
2026-08-14 09:41:02.553 | INFO    |test_upload_agi:test_sem_pendencia_o_agi_nao_e_aberto_nem_com_o_switch_ligado:306 - [STEP] Finalizando: UploadDetrafAGI.executar | Tempo gasto: 0.0s
2026-08-14 09:41:02.555 | WARNING |test_upload_agi:test_sem_diretorio_configurado_nao_grava_e_nao_quebra:315 - [HU-17] DIRETORIO_EVIDENCIAS não configurado — evidência não capturada.
2026-08-14 09:41:02.560 | WARNING |test_upload_agi:test_falha_na_captura_nao_derruba_o_upload:326 - [HU-17] Falha ao capturar evidência em [C:\Users\Btime Soluções\AppData\Local\Temp\pytest-of-Btime Soluções\pytest-20\test_falha_na_captura_nao_derr0\evidencias\evidencia_arquivo_20260814_094102.png]: sem display
2026-08-14 09:41:12.573 | INFO    |comum.dados.repositorio_cache:__init__:77 - Inicializando conexão com o banco no ambiente [dev]
2026-08-14 09:41:12.573 | INFO    |comum.dados.repositorio_cache:__init__:77 - Utilizando SQLite local [C:\Users\BTIMES~1\AppData\Local\Temp\detraf_epico4_teste_rclx_oxd\TABELAS_DETRAF_TESTE.db]
2026-08-14 09:41:12.776 | INFO    |comum.integracoes.agi:inicializar:355 - [AGI] Encerrando processo em execução: adl.exe (pid 1).
2026-08-14 09:41:12.776 | WARNING |comum.integracoes.agi:inicializar:355 - [AGI] Processos do Portal AIR ainda vivos após 10s: adl.exe.
2026-08-14 09:41:12.777 | INFO    |test_agi_ciclo_de_vida:test_nao_trava_quando_o_lancador_sai:147 - [AGI] Aplicativo aberto a partir de [C:\Users\Btime Soluções\AppData\Local\Temp\pytest-of-Btime Soluções\pytest-21\test_nao_trava_quando_o_lancad0\portal_air_vivo.exe].
2026-08-14 09:41:12.787 | INFO    |test_agi_ciclo_de_vida:test_mata_os_dois_processos_do_portal:184 - [AGI] Encerrando processo em execução: adl.exe (pid 1).
2026-08-14 09:41:12.787 | INFO    |test_agi_ciclo_de_vida:test_mata_os_dois_processos_do_portal:184 - [AGI] Encerrando processo em execução: portal_air_vivo.exe (pid 1).
2026-08-14 09:41:12.794 | INFO    |test_agi_ciclo_de_vida:test_avisa_quando_o_processo_sobrevive_ao_taskkill:203 - [AGI] Encerrando processo em execução: adl.exe (pid 1).
2026-08-14 09:41:12.794 | WARNING |test_agi_ciclo_de_vida:test_avisa_quando_o_processo_sobrevive_ao_taskkill:203 - [AGI] Processos do Portal AIR ainda vivos após 2s: adl.exe.
2026-08-14 09:41:12.801 | INFO    |comum.dados.repositorio_cache:__init__:77 - Inicializando conexão com o banco no ambiente [dev]
2026-08-14 09:41:12.801 | INFO    |comum.dados.repositorio_cache:__init__:77 - Utilizando SQLite local [C:\Users\BTIMES~1\AppData\Local\Temp\detraf_epico4_teste_rclx_oxd\TABELAS_DETRAF_TESTE.db]
2026-08-14 09:41:12.803 | INFO    |comum.dados.repositorio_cache:obter_tabela:214 - Carregando tabela [tbl_anexo5_processado]
2026-08-14 09:41:12.806 | INFO    |comum.dados.repositorio_cache:obter_tabela:214 - Tabela [tbl_anexo5_processado] carregada | Linhas: 3 | Colunas: 6
2026-08-14 09:41:12.806 | INFO    |comum.dados.repositorio_cache:obter_tabela:214 - Carregando tabela [tbl_detraf_tarifas]
2026-08-14 09:41:12.808 | INFO    |comum.dados.repositorio_cache:obter_tabela:214 - Tabela [tbl_detraf_tarifas] carregada | Linhas: 2 | Colunas: 8
2026-08-14 09:41:12.808 | INFO    |comum.dados.repositorio_cache:obter_tabela:214 - Carregando tabela [tbl_rpa_log_detraf_despesa_contestacao]
2026-08-14 09:41:12.810 | INFO    |comum.dados.repositorio_cache:obter_tabela:214 - Tabela [tbl_rpa_log_detraf_despesa_contestacao] carregada | Linhas: 2 | Colunas: 19
2026-08-14 09:41:12.814 | INFO    |comum.dados.repositorio_cache:__init__:77 - Inicializando conexão com o banco no ambiente [dev]
2026-08-14 09:41:12.814 | INFO    |comum.dados.repositorio_cache:__init__:77 - Utilizando SQLite local [C:\Users\BTIMES~1\AppData\Local\Temp\detraf_epico4_teste_rclx_oxd\TABELAS_DETRAF_TESTE.db]
2026-08-14 09:41:12.815 | INFO    |comum.dados.repositorio_cache:obter_tabela:214 - Carregando tabela [tbl_anexo5_processado]
2026-08-14 09:41:12.817 | INFO    |comum.dados.repositorio_cache:obter_tabela:214 - Tabela [tbl_anexo5_processado] carregada | Linhas: 3 | Colunas: 6
2026-08-14 09:41:12.828 | INFO    |test_configuracao_ambiente:test_repositorio_tabelas_valida_eot:41 - EOT não encontrado [999]
2026-08-14 09:41:12.834 | INFO    |comum.dados.repositorio_cache:__init__:77 - Inicializando conexão com o banco no ambiente [dev]
2026-08-14 09:41:12.834 | INFO    |comum.dados.repositorio_cache:__init__:77 - Utilizando SQLite local [C:\Users\BTIMES~1\AppData\Local\Temp\detraf_epico4_teste_rclx_oxd\TABELAS_DETRAF_TESTE.db]
2026-08-14 09:41:12.836 | INFO    |comum.dados.repositorio_cache:obter_tabela:214 - Carregando tabela [tbl_anexo5_processado]
2026-08-14 09:41:12.838 | INFO    |comum.dados.repositorio_cache:obter_tabela:214 - Tabela [tbl_anexo5_processado] carregada | Linhas: 3 | Colunas: 6
2026-08-14 09:41:12.840 | INFO    |test_configuracao_ambiente:test_repositorio_tabelas_obtem_endereco_por_eot:49 - EOT não encontrado para busca de endereço [999]
2026-08-14 09:41:12.847 | WARNING |test_consolidacao:test_listar_arquivos_pasta_inexistente:39 - Pasta de Detrafs inexistente: [C:\Users\Btime Soluções\AppData\Local\Temp\pytest-of-Btime Soluções\pytest-21\test_listar_arquivos_pasta_ine0\nao_existe]
2026-08-14 09:41:12.852 | INFO    |test_consolidacao:test_consolida_e_remove_totais:43 - [STEP] Iniciando: consolidar_detrafs_operadora
2026-08-14 09:41:12.853 | INFO    |src.services.consolidacao_contestacao:consolidar_detrafs_operadora:174 - [Consolidação] 2 arquivo(s) encontrado(s) em [C:\Users\Btime Soluções\AppData\Local\Temp\pytest-of-Btime Soluções\pytest-21\test_consolida_e_remove_totais0\Detrafs Recebidos].
2026-08-14 09:41:12.859 | INFO    |src.services.consolidacao_contestacao:consolidar_detrafs_operadora:177 - [Consolidação] [algar_smp.csv]: 5 linha(s) -> 4 após remover totais.
2026-08-14 09:41:12.861 | INFO    |src.services.consolidacao_contestacao:consolidar_detrafs_operadora:177 - [Consolidação] [algar_stfc.csv]: 4 linha(s) -> 3 após remover totais.
2026-08-14 09:41:12.862 | INFO    |src.services.consolidacao_contestacao:consolidar_detrafs_operadora:177 - [Consolidação] Consolidado: 7 linha(s) de 2 arquivo(s).
2026-08-14 09:41:12.862 | INFO    |test_consolidacao:test_consolida_e_remove_totais:43 - [STEP] Finalizando: consolidar_detrafs_operadora | Tempo gasto: 0.01s
2026-08-14 09:41:12.866 | INFO    |test_consolidacao:test_pasta_vazia_retorna_df_vazio:57 - [STEP] Iniciando: consolidar_detrafs_operadora
2026-08-14 09:41:12.867 | INFO    |src.services.consolidacao_contestacao:consolidar_detrafs_operadora:174 - [Consolidação] 0 arquivo(s) encontrado(s) em [C:\Users\Btime Soluções\AppData\Local\Temp\pytest-of-Btime Soluções\pytest-21\test_pasta_vazia_retorna_df_va0\vazia].
2026-08-14 09:41:12.867 | INFO    |test_consolidacao:test_pasta_vazia_retorna_df_vazio:57 - [STEP] Finalizando: consolidar_detrafs_operadora | Tempo gasto: 0.0s
2026-08-14 09:41:12.871 | INFO    |test_consolidacao:test_fail_fast_colunas_insuficientes:66 - [STEP] Iniciando: consolidar_detrafs_operadora
2026-08-14 09:41:12.872 | INFO    |src.services.consolidacao_contestacao:consolidar_detrafs_operadora:174 - [Consolidação] 1 arquivo(s) encontrado(s) em [C:\Users\Btime Soluções\AppData\Local\Temp\pytest-of-Btime Soluções\pytest-21\test_fail_fast_colunas_insufic0\Detrafs Recebidos].
2026-08-14 09:41:12.873 | WARNING |comum.arquivos.gerenciador:carregar_dados:120 - Nenhum separador reconhecido nas primeiras 20 linhas de [C:\Users\Btime Soluções\AppData\Local\Temp\pytest-of-Btime Soluções\pytest-21\test_fail_fast_colunas_insufic0\Detrafs Recebidos\curto.csv] — assumindo ';'. Se o arquivo usar outro, ele será lido como coluna única e reprovado na validação.
2026-08-14 09:41:12.874 | INFO    |test_consolidacao:test_fail_fast_colunas_insuficientes:66 - [STEP] Finalizando: consolidar_detrafs_operadora | Tempo gasto: 0.0s
2026-08-14 09:41:12.880 | INFO    |test_consolidacao:test_consolida_expectativa_filtra_D_e_remove_totais:94 - [STEP] Iniciando: consolidar_expectativa_vivo
2026-08-14 09:41:12.881 | INFO    |src.services.consolidacao_contestacao:consolidar_expectativa_vivo:207 - [Consolidação] 2 arquivo(s) encontrado(s) em [C:\Users\Btime Soluções\AppData\Local\Temp\pytest-of-Btime Soluções\pytest-21\test_consolida_expectativa_fil0\Detrafs Enviados].
2026-08-14 09:41:12.883 | INFO    |src.services.consolidacao_contestacao:consolidar_expectativa_vivo:211 - [Consolidação] [DETRAF_FINAL_TRP_202605_CTB_STF_VIVO_D.csv]: 4 linha(s) -> 3 após remover totais.
2026-08-14 09:41:12.884 | INFO    |src.services.consolidacao_contestacao:consolidar_expectativa_vivo:211 - [Consolidação] Consolidado: 3 linha(s) de 1 arquivo(s).
2026-08-14 09:41:12.884 | INFO    |test_consolidacao:test_consolida_expectativa_filtra_D_e_remove_totais:94 - [STEP] Finalizando: consolidar_expectativa_vivo | Tempo gasto: 0.0s
2026-08-14 09:41:12.893 | INFO    |test_consolidacao:test_expectativa_truncamento_ate_coluna:103 - [STEP] Iniciando: consolidar_expectativa_vivo
2026-08-14 09:41:12.893 | INFO    |src.services.consolidacao_contestacao:consolidar_expectativa_vivo:207 - [Consolidação] 2 arquivo(s) encontrado(s) em [C:\Users\Btime Soluções\AppData\Local\Temp\pytest-of-Btime Soluções\pytest-21\test_expectativa_truncamento_a0\Detrafs Enviados].
2026-08-14 09:41:12.897 | INFO    |src.services.consolidacao_contestacao:consolidar_expectativa_vivo:211 - [Consolidação] [DETRAF_FINAL_TRP_202605_CTB_STF_VIVO_D.csv]: 4 linha(s) -> 3 após remover totais.
2026-08-14 09:41:12.897 | INFO    |src.services.consolidacao_contestacao:consolidar_expectativa_vivo:211 - [Consolidação] Consolidado: 3 linha(s) de 1 arquivo(s).
2026-08-14 09:41:12.897 | INFO    |test_consolidacao:test_expectativa_truncamento_ate_coluna:103 - [STEP] Finalizando: consolidar_expectativa_vivo | Tempo gasto: 0.0s
2026-08-14 09:41:12.902 | INFO    |test_consolidacao:test_expectativa_sem_arquivo_D_retorna_vazio:114 - [STEP] Iniciando: consolidar_expectativa_vivo
2026-08-14 09:41:12.902 | INFO    |src.services.consolidacao_contestacao:consolidar_expectativa_vivo:207 - [Consolidação] 1 arquivo(s) encontrado(s) em [C:\Users\Btime Soluções\AppData\Local\Temp\pytest-of-Btime Soluções\pytest-21\test_expectativa_sem_arquivo_D0\Detrafs Enviados].
2026-08-14 09:41:12.903 | WARNING |comum.utils.decoradores:wrapper:22 - [Consolidação] Nenhum arquivo de expectativa (_D_) em [C:\Users\Btime Soluções\AppData\Local\Temp\pytest-of-Btime Soluções\pytest-21\test_expectativa_sem_arquivo_D0\Detrafs Enviados].
2026-08-14 09:41:12.903 | INFO    |test_consolidacao:test_expectativa_sem_arquivo_D_retorna_vazio:114 - [STEP] Finalizando: consolidar_expectativa_vivo | Tempo gasto: 0.0s
2026-08-14 09:41:12.906 | INFO    |test_consolidacao:test_montar_resumo_agrupa_por_referencia_e_trafego:134 - [STEP] Iniciando: montar_resumo
2026-08-14 09:41:12.914 | INFO    |comum.utils.decoradores:wrapper:22 - [Consolidação] RESUMO: 2 combinação(ões) Referência/Tráfego.
2026-08-14 09:41:12.914 | INFO    |test_consolidacao:test_montar_resumo_agrupa_por_referencia_e_trafego:134 - [STEP] Finalizando: montar_resumo | Tempo gasto: 0.01s
2026-08-14 09:41:12.917 | INFO    |test_consolidacao:test_montar_resumo_vazio_retorna_df_vazio_com_colunas:142 - [STEP] Iniciando: montar_resumo
2026-08-14 09:41:12.918 | INFO    |test_consolidacao:test_montar_resumo_vazio_retorna_df_vazio_com_colunas:142 - [STEP] Finalizando: montar_resumo | Tempo gasto: 0.0s
2026-08-14 09:41:12.921 | INFO    |comum.dados.repositorio_cache:__init__:77 - Inicializando conexão com o banco no ambiente [dev]
2026-08-14 09:41:12.922 | INFO    |comum.dados.repositorio_cache:__init__:77 - Utilizando SQLite local [C:\Users\BTIMES~1\AppData\Local\Temp\detraf_epico4_teste_rclx_oxd\TABELAS_DETRAF_TESTE.db]
2026-08-14 09:41:12.922 | INFO    |comum.dados.repositorio_cache:obter_tabela:214 - Carregando tabela [tbl_detraf_mapeamento_descritores]
2026-08-14 09:41:12.924 | INFO    |comum.dados.repositorio_cache:obter_tabela:214 - Tabela [tbl_detraf_mapeamento_descritores] carregada | Linhas: 25 | Colunas: 5
2026-08-14 09:41:12.929 | INFO    |test_consolidacao:test_montar_contest_bate_com_exemplo_real_da_carta:176 - [STEP] Iniciando: montar_contest
2026-08-14 09:41:12.946 | INFO    |comum.utils.decoradores:wrapper:22 - [Consolidação] Contest: 1 combinação(ões) analisada(s).
2026-08-14 09:41:12.946 | INFO    |test_consolidacao:test_montar_contest_bate_com_exemplo_real_da_carta:176 - [STEP] Finalizando: montar_contest | Tempo gasto: 0.02s
2026-08-14 09:41:12.951 | INFO    |comum.dados.repositorio_cache:__init__:77 - Inicializando conexão com o banco no ambiente [dev]
2026-08-14 09:41:12.951 | INFO    |comum.dados.repositorio_cache:__init__:77 - Utilizando SQLite local [C:\Users\BTIMES~1\AppData\Local\Temp\detraf_epico4_teste_rclx_oxd\TABELAS_DETRAF_TESTE.db]
2026-08-14 09:41:12.952 | INFO    |comum.dados.repositorio_cache:obter_tabela:214 - Carregando tabela [tbl_detraf_mapeamento_descritores]
2026-08-14 09:41:12.954 | INFO    |comum.dados.repositorio_cache:obter_tabela:214 - Tabela [tbl_detraf_mapeamento_descritores] carregada | Linhas: 25 | Colunas: 5
2026-08-14 09:41:12.958 | INFO    |test_consolidacao:test_montar_contest_variacao_abaixo_do_limiar_marca_N:202 - [STEP] Iniciando: montar_contest
2026-08-14 09:41:12.971 | INFO    |comum.utils.decoradores:wrapper:22 - [Consolidação] Contest: 1 combinação(ões) analisada(s).
2026-08-14 09:41:12.971 | INFO    |test_consolidacao:test_montar_contest_variacao_abaixo_do_limiar_marca_N:202 - [STEP] Finalizando: montar_contest | Tempo gasto: 0.01s
2026-08-14 09:41:12.976 | INFO    |comum.dados.repositorio_cache:__init__:77 - Inicializando conexão com o banco no ambiente [dev]
2026-08-14 09:41:12.976 | INFO    |comum.dados.repositorio_cache:__init__:77 - Utilizando SQLite local [C:\Users\BTIMES~1\AppData\Local\Temp\detraf_epico4_teste_rclx_oxd\TABELAS_DETRAF_TESTE.db]
2026-08-14 09:41:12.977 | INFO    |comum.dados.repositorio_cache:obter_tabela:214 - Carregando tabela [tbl_detraf_mapeamento_descritores]
2026-08-14 09:41:12.979 | INFO    |comum.dados.repositorio_cache:obter_tabela:214 - Tabela [tbl_detraf_mapeamento_descritores] carregada | Linhas: 25 | Colunas: 5
2026-08-14 09:41:12.982 | INFO    |test_consolidacao:test_montar_contest_par_ausente_lado_zerado:217 - [STEP] Iniciando: montar_contest
2026-08-14 09:41:12.993 | INFO    |comum.utils.decoradores:wrapper:22 - [Consolidação] Contest: 1 combinação(ões) analisada(s).
2026-08-14 09:41:12.993 | INFO    |test_consolidacao:test_montar_contest_par_ausente_lado_zerado:217 - [STEP] Finalizando: montar_contest | Tempo gasto: 0.01s
2026-08-14 09:41:12.997 | INFO    |comum.dados.repositorio_cache:__init__:77 - Inicializando conexão com o banco no ambiente [dev]
2026-08-14 09:41:12.997 | INFO    |comum.dados.repositorio_cache:__init__:77 - Utilizando SQLite local [C:\Users\BTIMES~1\AppData\Local\Temp\detraf_epico4_teste_rclx_oxd\TABELAS_DETRAF_TESTE.db]
2026-08-14 09:41:12.998 | INFO    |comum.dados.repositorio_cache:obter_tabela:214 - Carregando tabela [tbl_detraf_mapeamento_descritores]
2026-08-14 09:41:13.000 | INFO    |comum.dados.repositorio_cache:obter_tabela:214 - Tabela [tbl_detraf_mapeamento_descritores] carregada | Linhas: 25 | Colunas: 5
2026-08-14 09:41:13.007 | INFO    |test_consolidacao:test_montar_contest_descritor_nao_mapeado_e_ignorado:232 - [STEP] Iniciando: montar_contest
2026-08-14 09:41:13.008 | INFO    |src.services.consolidacao_contestacao:montar_contest:385 - [Consolidação] 1 linha(s) com descritor não mapeado — ignoradas na aba Contest (AI/09 §7).
2026-08-14 09:41:13.012 | INFO    |comum.utils.decoradores:wrapper:22 - [Consolidação] Contest: 0 combinação(ões) analisada(s).
2026-08-14 09:41:13.013 | INFO    |test_consolidacao:test_montar_contest_descritor_nao_mapeado_e_ignorado:232 - [STEP] Finalizando: montar_contest | Tempo gasto: 0.01s
2026-08-14 09:41:13.017 | INFO    |comum.dados.repositorio_cache:__init__:77 - Inicializando conexão com o banco no ambiente [dev]
2026-08-14 09:41:13.017 | INFO    |comum.dados.repositorio_cache:__init__:77 - Utilizando SQLite local [C:\Users\BTIMES~1\AppData\Local\Temp\detraf_epico4_teste_rclx_oxd\TABELAS_DETRAF_TESTE.db]
2026-08-14 09:41:13.018 | INFO    |comum.dados.repositorio_cache:obter_tabela:214 - Carregando tabela [tbl_detraf_mapeamento_descritores]
2026-08-14 09:41:13.020 | INFO    |comum.dados.repositorio_cache:obter_tabela:214 - Tabela [tbl_detraf_mapeamento_descritores] carregada | Linhas: 25 | Colunas: 5
2026-08-14 09:41:13.024 | INFO    |test_consolidacao:test_montar_contest_descritor_antes_ambiguo_agora_resolvido:246 - [STEP] Iniciando: montar_contest
2026-08-14 09:41:13.032 | INFO    |comum.utils.decoradores:wrapper:22 - [Consolidação] Contest: 1 combinação(ões) analisada(s).
2026-08-14 09:41:13.033 | INFO    |test_consolidacao:test_montar_contest_descritor_antes_ambiguo_agora_resolvido:246 - [STEP] Finalizando: montar_contest | Tempo gasto: 0.01s
2026-08-14 09:41:13.038 | INFO    |comum.dados.repositorio_cache:__init__:77 - Inicializando conexão com o banco no ambiente [dev]
2026-08-14 09:41:13.038 | INFO    |comum.dados.repositorio_cache:__init__:77 - Utilizando SQLite local [C:\Users\BTIMES~1\AppData\Local\Temp\detraf_epico4_teste_rclx_oxd\TABELAS_DETRAF_TESTE.db]
2026-08-14 09:41:13.039 | INFO    |comum.dados.repositorio_cache:obter_tabela:214 - Carregando tabela [tbl_detraf_mapeamento_descritores]
2026-08-14 09:41:13.040 | INFO    |comum.dados.repositorio_cache:obter_tabela:214 - Tabela [tbl_detraf_mapeamento_descritores] carregada | Linhas: 25 | Colunas: 5
2026-08-14 09:41:13.044 | INFO    |test_consolidacao:test_montar_contest_tipo_operacao_opcional:258 - [STEP] Iniciando: montar_contest
2026-08-14 09:41:13.054 | INFO    |comum.utils.decoradores:wrapper:22 - [Consolidação] Contest: 1 combinação(ões) analisada(s).
2026-08-14 09:41:13.054 | INFO    |test_consolidacao:test_montar_contest_tipo_operacao_opcional:258 - [STEP] Finalizando: montar_contest | Tempo gasto: 0.01s
2026-08-14 09:41:13.058 | INFO    |comum.dados.repositorio_cache:__init__:77 - Inicializando conexão com o banco no ambiente [dev]
2026-08-14 09:41:13.059 | INFO    |comum.dados.repositorio_cache:__init__:77 - Utilizando SQLite local [C:\Users\BTIMES~1\AppData\Local\Temp\detraf_epico4_teste_rclx_oxd\TABELAS_DETRAF_TESTE.db]
2026-08-14 09:41:13.060 | INFO    |comum.dados.repositorio_cache:obter_tabela:214 - Carregando tabela [tbl_rpa_log_detraf_despesa_contestacao]
2026-08-14 09:41:13.062 | INFO    |comum.dados.repositorio_cache:obter_tabela:214 - Tabela [tbl_rpa_log_detraf_despesa_contestacao] carregada | Linhas: 2 | Colunas: 19
2026-08-14 09:41:13.069 | INFO    |comum.dados.repositorio_cache:__init__:77 - Inicializando conexão com o banco no ambiente [dev]
2026-08-14 09:41:13.069 | INFO    |comum.dados.repositorio_cache:__init__:77 - Utilizando SQLite local [C:\Users\BTIMES~1\AppData\Local\Temp\detraf_epico4_teste_rclx_oxd\TABELAS_DETRAF_TESTE.db]
2026-08-14 09:41:13.070 | INFO    |comum.dados.repositorio_cache:obter_tabela:214 - Carregando tabela [tbl_rpa_log_detraf_despesa_contestacao]
2026-08-14 09:41:13.073 | INFO    |comum.dados.repositorio_cache:obter_tabela:214 - Tabela [tbl_rpa_log_detraf_despesa_contestacao] carregada | Linhas: 2 | Colunas: 19
2026-08-14 09:41:13.079 | INFO    |comum.dados.repositorio_cache:__init__:77 - Inicializando conexão com o banco no ambiente [dev]
2026-08-14 09:41:13.079 | INFO    |comum.dados.repositorio_cache:__init__:77 - Utilizando SQLite local [C:\Users\BTIMES~1\AppData\Local\Temp\detraf_epico4_teste_rclx_oxd\TABELAS_DETRAF_TESTE.db]
2026-08-14 09:41:13.080 | INFO    |comum.dados.repositorio_cache:obter_tabela:214 - Carregando tabela [tbl_rpa_log_detraf_despesa_contestacao]
2026-08-14 09:41:13.082 | INFO    |comum.dados.repositorio_cache:obter_tabela:214 - Tabela [tbl_rpa_log_detraf_despesa_contestacao] carregada | Linhas: 2 | Colunas: 19
2026-08-14 09:41:13.084 | INFO    |test_contestacao_sinal:test_nao_encontrado_retorna_none:31 - Sinal de contestação não encontrado para [operadora=999, tbra=011, referencia=202507, trafego=202507, remuneracao=TU-RL] — tratado como sem contestação.
2026-08-14 09:41:13.089 | INFO    |comum.dados.repositorio_cache:__init__:77 - Inicializando conexão com o banco no ambiente [dev]
2026-08-14 09:41:13.089 | INFO    |comum.dados.repositorio_cache:__init__:77 - Utilizando SQLite local [C:\Users\BTIMES~1\AppData\Local\Temp\detraf_epico4_teste_rclx_oxd\TABELAS_DETRAF_TESTE.db]
2026-08-14 09:41:13.090 | INFO    |comum.dados.repositorio_cache:obter_tabela:214 - Carregando tabela [tbl_rpa_log_detraf_despesa_contestacao]
2026-08-14 09:41:13.092 | INFO    |comum.dados.repositorio_cache:obter_tabela:214 - Tabela [tbl_rpa_log_detraf_despesa_contestacao] carregada | Linhas: 2 | Colunas: 19
2026-08-14 09:41:13.094 | INFO    |test_contestacao_sinal:test_remuneracao_diferente_nao_encontra:42 - Sinal de contestação não encontrado para [operadora=021, tbra=011, referencia=202507, trafego=202507, remuneracao=OUTRA-REMUNERACAO] — tratado como sem contestação.
2026-08-14 09:41:13.098 | INFO    |comum.dados.repositorio_cache:__init__:77 - Inicializando conexão com o banco no ambiente [dev]
2026-08-14 09:41:13.099 | INFO    |comum.dados.repositorio_cache:__init__:77 - Utilizando SQLite local [C:\Users\BTIMES~1\AppData\Local\Temp\detraf_epico4_teste_rclx_oxd\TABELAS_DETRAF_TESTE.db]
2026-08-14 09:41:13.100 | INFO    |comum.dados.repositorio_cache:obter_tabela:214 - Carregando tabela [tbl_rpa_log_detraf_despesa_contestacao]
2026-08-14 09:41:13.102 | INFO    |comum.dados.repositorio_cache:obter_tabela:214 - Tabela [tbl_rpa_log_detraf_despesa_contestacao] carregada | Linhas: 2 | Colunas: 19
2026-08-14 09:41:13.110 | INFO    |test_encontro_contas:test_preparar_atualizacoes_vazio_retorna_vazio:57 - [STEP] Iniciando: preparar_atualizacoes_despesa_contestacao
2026-08-14 09:41:13.111 | INFO    |test_encontro_contas:test_preparar_atualizacoes_vazio_retorna_vazio:57 - [STEP] Finalizando: preparar_atualizacoes_despesa_contestacao | Tempo gasto: 0.0s
2026-08-14 09:41:13.114 | INFO    |test_encontro_contas:test_preparar_atualizacoes_inclui_todas_independente_de_contestacao_a_enviar:73 - [STEP] Iniciando: preparar_atualizacoes_despesa_contestacao
2026-08-14 09:41:13.115 | INFO    |comum.utils.decoradores:wrapper:22 - [HU-19 Despesa Contestação] 2 atualização(ões) preparada(s).
2026-08-14 09:41:13.115 | INFO    |test_encontro_contas:test_preparar_atualizacoes_inclui_todas_independente_de_contestacao_a_enviar:73 - [STEP] Finalizando: preparar_atualizacoes_despesa_contestacao | Tempo gasto: 0.0s
2026-08-14 09:41:13.117 | INFO    |test_encontro_contas:test_preparar_atualizacoes_monta_a_chave_da_linha:81 - [STEP] Iniciando: preparar_atualizacoes_despesa_contestacao
2026-08-14 09:41:13.119 | INFO    |comum.utils.decoradores:wrapper:22 - [HU-19 Despesa Contestação] 1 atualização(ões) preparada(s).
2026-08-14 09:41:13.119 | INFO    |test_encontro_contas:test_preparar_atualizacoes_monta_a_chave_da_linha:81 - [STEP] Finalizando: preparar_atualizacoes_despesa_contestacao | Tempo gasto: 0.0s
2026-08-14 09:41:13.122 | INFO    |test_encontro_contas:test_preparar_atualizacoes_vb_operadora_e_vb_diferenca_sempre_negativos:101 - [STEP] Iniciando: preparar_atualizacoes_despesa_contestacao
2026-08-14 09:41:13.123 | INFO    |comum.utils.decoradores:wrapper:22 - [HU-19 Despesa Contestação] 2 atualização(ões) preparada(s).
2026-08-14 09:41:13.124 | INFO    |test_encontro_contas:test_preparar_atualizacoes_vb_operadora_e_vb_diferenca_sempre_negativos:101 - [STEP] Finalizando: preparar_atualizacoes_despesa_contestacao | Tempo gasto: 0.0s
2026-08-14 09:41:13.127 | INFO    |test_encontro_contas:test_preparar_atualizacoes_nao_escreve_campos_de_outras_hus:116 - [STEP] Iniciando: preparar_atualizacoes_despesa_contestacao
2026-08-14 09:41:13.128 | INFO    |comum.utils.decoradores:wrapper:22 - [HU-19 Despesa Contestação] 1 atualização(ões) preparada(s).
2026-08-14 09:41:13.129 | INFO    |test_encontro_contas:test_preparar_atualizacoes_nao_escreve_campos_de_outras_hus:116 - [STEP] Finalizando: preparar_atualizacoes_despesa_contestacao | Tempo gasto: 0.0s
2026-08-14 09:41:13.131 | INFO    |test_encontro_contas:test_preparar_atualizacoes_atualiza_os_seis_campos_da_v2_mais_o_942:137 - [STEP] Iniciando: preparar_atualizacoes_despesa_contestacao
2026-08-14 09:41:13.132 | INFO    |comum.utils.decoradores:wrapper:22 - [HU-19 Despesa Contestação] 1 atualização(ões) preparada(s).
2026-08-14 09:41:13.133 | INFO    |test_encontro_contas:test_preparar_atualizacoes_atualiza_os_seis_campos_da_v2_mais_o_942:137 - [STEP] Finalizando: preparar_atualizacoes_despesa_contestacao | Tempo gasto: 0.0s
2026-08-14 09:41:13.136 | INFO    |test_encontro_contas:test_vb_contestacao_so_e_preenchido_na_linha_com_retencao:176 - [STEP] Iniciando: preparar_atualizacoes_despesa_contestacao
2026-08-14 09:41:13.138 | INFO    |comum.utils.decoradores:wrapper:22 - [HU-19 Despesa Contestação] 2 atualização(ões) preparada(s).
2026-08-14 09:41:13.138 | INFO    |test_encontro_contas:test_vb_contestacao_so_e_preenchido_na_linha_com_retencao:176 - [STEP] Finalizando: preparar_atualizacoes_despesa_contestacao | Tempo gasto: 0.0s
2026-08-14 09:41:13.141 | INFO    |test_encontro_contas:test_vb_contestacao_e_negativo_como_o_resto_da_despesa:195 - [STEP] Iniciando: preparar_atualizacoes_despesa_contestacao
2026-08-14 09:41:13.142 | INFO    |comum.utils.decoradores:wrapper:22 - [HU-19 Despesa Contestação] 1 atualização(ões) preparada(s).
2026-08-14 09:41:13.142 | INFO    |test_encontro_contas:test_vb_contestacao_e_negativo_como_o_resto_da_despesa:195 - [STEP] Finalizando: preparar_atualizacoes_despesa_contestacao | Tempo gasto: 0.0s
2026-08-14 09:41:13.145 | INFO    |test_encontro_contas:test_sem_a_leitura_do_sinal_a_coluna_sai_vazia:208 - [STEP] Iniciando: preparar_atualizacoes_despesa_contestacao
2026-08-14 09:41:13.146 | INFO    |comum.utils.decoradores:wrapper:22 - [HU-19 Despesa Contestação] 1 atualização(ões) preparada(s).
2026-08-14 09:41:13.146 | INFO    |test_encontro_contas:test_sem_a_leitura_do_sinal_a_coluna_sai_vazia:208 - [STEP] Finalizando: preparar_atualizacoes_despesa_contestacao | Tempo gasto: 0.0s
2026-08-14 09:41:13.149 | INFO    |test_encontro_contas:test_linha_sem_sinal_algum_nao_recebe_valor:218 - [STEP] Iniciando: preparar_atualizacoes_despesa_contestacao
2026-08-14 09:41:13.150 | INFO    |comum.utils.decoradores:wrapper:22 - [HU-19 Despesa Contestação] 1 atualização(ões) preparada(s).
2026-08-14 09:41:13.150 | INFO    |test_encontro_contas:test_linha_sem_sinal_algum_nao_recebe_valor:218 - [STEP] Finalizando: preparar_atualizacoes_despesa_contestacao | Tempo gasto: 0.0s
2026-08-14 09:41:13.188 | WARNING |test_envio_email_contestacao:test_pasta_inexistente_devolve_nada_sem_levantar:76 - [HU-15] Pasta de contestações não encontrada para OPERADORA_SEM_PASTA/202507: [C:\Users\Btime Soluções\AppData\Local\Temp\pytest-of-Btime Soluções\pytest-21\test_pasta_inexistente_devolve0\Operadoras\OPERADORA_SEM_PASTA\2025\202507\Contestações].
2026-08-14 09:41:13.193 | WARNING |test_envio_email_contestacao:test_env_de_outro_mes_nao_e_confundido:87 - [HU-15] Arquivo _EXP não encontrado: [C:\Users\Btime Soluções\AppData\Local\Temp\pytest-of-Btime Soluções\pytest-21\test_env_de_outro_mes_nao_e_co0\Operadoras\CLARO\2025\202507\Contestações\Base Contestação_CLARO_202507_EXP.xlsx].
2026-08-14 09:41:13.193 | WARNING |test_envio_email_contestacao:test_env_de_outro_mes_nao_e_confundido:87 - [HU-15] Carta CT não encontrada em [C:\Users\Btime Soluções\AppData\Local\Temp\pytest-of-Btime Soluções\pytest-21\test_env_de_outro_mes_nao_e_co0\Operadoras\CLARO\2025\202507\Contestações].
2026-08-14 09:41:13.198 | INFO    |test_envio_email_contestacao:test_duas_cartas_vao_as_duas:103 - [HU-15] 2 cartas para CLARO/202507 — uma por cenário de contestação (Q25). Todas vão anexadas: ['CT - 363.docx', 'CT - 364.docx'].
2026-08-14 09:41:13.205 | INFO    |test_envio_email_contestacao:test_as_duas_cartas_e_o_env_sao_anexados:120 - [STEP] Iniciando: enviar_contestacao
2026-08-14 09:41:13.206 | INFO    |src.services.envio_email_contestacao:enviar_contestacao:349 - [HU-15] 2 cartas para CLARO/202507 — uma por cenário de contestação (Q25). Todas vão anexadas: ['CT - 363.docx', 'CT - 364.docx'].
2026-08-14 09:41:13.206 | INFO    |comum.utils.decoradores:wrapper:22 - [HU-15] Contestação de CLARO/202507 enviada para ['op@exemplo.com'].
2026-08-14 09:41:13.206 | INFO    |test_envio_email_contestacao:test_as_duas_cartas_e_o_env_sao_anexados:120 - [STEP] Finalizando: enviar_contestacao | Tempo gasto: 0.0s
2026-08-14 09:41:13.208 | WARNING |test_envio_email_contestacao:test_sem_arquivo_de_contatos_a_q16_continua_bloqueando:133 - [HU-15] Contatos de 'CLARO' indisponíveis: a tabela de contatos do WebFat ainda não foi informada pelo cliente (pendência Q16), e CAMINHO_CONTATOS_OPERADORAS não está configurado.
2026-08-14 09:41:13.210 | WARNING |test_envio_email_contestacao:test_busca_de_sinalizadas_nao_devolve_nada_sem_controle_de_reenvio:136 - [HU-15] Busca de contestações sinalizadas ainda não ligada: falta a coluna que marca o e-mail como enviado, sem a qual não há proteção contra reenvio.
2026-08-14 09:41:13.215 | INFO    |test_envio_email_contestacao:test_le_os_emails_da_operadora:168 - [HU-15] CLARO: 2 destinatário(s), 0 em cópia.
2026-08-14 09:41:13.221 | INFO    |test_envio_email_contestacao:test_a_grafia_da_pasta_nao_precisa_bater:177 - [HU-15]   claro : 1 destinatário(s), 0 em cópia.
2026-08-14 09:41:13.225 | INFO    |test_envio_email_contestacao:test_comentario_e_linha_em_branco_sao_ignorados:188 - [HU-15] CLARO: 1 destinatário(s), 0 em cópia.
2026-08-14 09:41:13.230 | WARNING |test_envio_email_contestacao:test_operadora_ausente_no_arquivo_nao_envia:194 - [HU-15] 'ALGAR' não tem destinatário em [C:\Users\Btime Soluções\AppData\Local\Temp\pytest-of-Btime Soluções\pytest-21\test_operadora_ausente_no_arqu0\contatos.csv]. O e-mail da contestação não será enviado (pendência Q16).
2026-08-14 09:41:13.233 | ERROR   |test_envio_email_contestacao:test_arquivo_configurado_mas_inexistente_e_erro:208 - [HU-15] Arquivo de contatos não encontrado em [C:\Users\Btime Soluções\AppData\Local\Temp\pytest-of-Btime Soluções\pytest-21\test_arquivo_configurado_mas_i0\nao-existe.csv]. Nenhum e-mail será enviado — confira CAMINHO_CONTATOS_OPERADORAS.
2026-08-14 09:41:13.241 | INFO    |test_envio_email_contestacao:test_com_contato_e_kill_switch_ligado_o_envio_acontece:220 - [STEP] Iniciando: enviar_contestacao
2026-08-14 09:41:13.241 | INFO    |src.services.envio_email_contestacao:enviar_contestacao:348 - [HU-15] CLARO: 1 destinatário(s), 0 em cópia.
2026-08-14 09:41:13.242 | INFO    |comum.utils.decoradores:wrapper:22 - [HU-15] Contestação de CLARO/202507 enviada para ['contestacao@claro.com.br'].
2026-08-14 09:41:13.242 | INFO    |test_envio_email_contestacao:test_com_contato_e_kill_switch_ligado_o_envio_acontece:220 - [STEP] Finalizando: enviar_contestacao | Tempo gasto: 0.0s
2026-08-14 09:41:13.247 | INFO    |test_envio_email_contestacao:test_sem_destinatario_nao_envia_e_acusa:235 - [STEP] Iniciando: enviar_contestacao
2026-08-14 09:41:13.248 | WARNING |src.services.envio_email_contestacao:enviar_contestacao:348 - [HU-15] Contatos de 'CLARO' indisponíveis: a tabela de contatos do WebFat ainda não foi informada pelo cliente (pendência Q16), e CAMINHO_CONTATOS_OPERADORAS não está configurado.
2026-08-14 09:41:13.248 | INFO    |test_envio_email_contestacao:test_sem_destinatario_nao_envia_e_acusa:235 - [STEP] Finalizando: enviar_contestacao | Tempo gasto: 0.0s
2026-08-14 09:41:13.254 | INFO    |test_envio_email_contestacao:test_falta_de_anexo_e_nomeada_no_erro:249 - [STEP] Iniciando: enviar_contestacao
2026-08-14 09:41:13.254 | WARNING |src.services.envio_email_contestacao:enviar_contestacao:349 - [HU-15] Arquivo _EXP não encontrado: [C:\Users\Btime Soluções\AppData\Local\Temp\pytest-of-Btime Soluções\pytest-21\test_falta_de_anexo_e_nomeada_0\Operadoras\CLARO\2025\202507\Contestações\Base Contestação_CLARO_202507_EXP.xlsx].
2026-08-14 09:41:13.254 | WARNING |src.services.envio_email_contestacao:enviar_contestacao:349 - [HU-15] Carta CT não encontrada em [C:\Users\Btime Soluções\AppData\Local\Temp\pytest-of-Btime Soluções\pytest-21\test_falta_de_anexo_e_nomeada_0\Operadoras\CLARO\2025\202507\Contestações].
2026-08-14 09:41:13.255 | INFO    |test_envio_email_contestacao:test_falta_de_anexo_e_nomeada_no_erro:249 - [STEP] Finalizando: enviar_contestacao | Tempo gasto: 0.0s
2026-08-14 09:41:13.259 | INFO    |test_envio_email_contestacao:test_kill_switch_desligado_monta_e_nao_envia:263 - [STEP] Iniciando: enviar_contestacao
2026-08-14 09:41:13.260 | INFO    |comum.utils.decoradores:wrapper:22 - [MODO SEGURO] PERMITIR_ENVIO_EMAIL=false — e-mail montado e não enviado: 'CONTESTAÇÃO_TBRA|CLARO_202507' para ['op@exemplo.com'], anexos ['CT - 363.docx', 'Base Contestação_CLARO_202507_EXP.xlsx'].
2026-08-14 09:41:13.260 | INFO    |test_envio_email_contestacao:test_kill_switch_desligado_monta_e_nao_envia:263 - [STEP] Finalizando: enviar_contestacao | Tempo gasto: 0.0s
2026-08-14 09:41:13.265 | INFO    |test_envio_email_contestacao:test_com_tudo_pronto_envia_carta_e_env:277 - [STEP] Iniciando: enviar_contestacao
2026-08-14 09:41:13.266 | INFO    |comum.utils.decoradores:wrapper:22 - [HU-15] Contestação de CLARO/202507 enviada para ['op@exemplo.com'].
2026-08-14 09:41:13.266 | INFO    |test_envio_email_contestacao:test_com_tudo_pronto_envia_carta_e_env:277 - [STEP] Finalizando: enviar_contestacao | Tempo gasto: 0.0s
2026-08-14 09:41:13.270 | INFO    |test_envio_email_contestacao:test_para_e_cc_sao_separados:316 - [HU-15] CLARO: 2 destinatário(s), 1 em cópia.
2026-08-14 09:41:13.274 | INFO    |test_envio_email_contestacao:test_a_copia_fixa_entra_em_todos:330 - [HU-15] CLARO: 1 destinatário(s), 1 em cópia.
2026-08-14 09:41:13.274 | INFO    |test_envio_email_contestacao:test_a_copia_fixa_entra_em_todos:331 - [HU-15] TIM: 1 destinatário(s), 1 em cópia.
2026-08-14 09:41:13.278 | INFO    |test_envio_email_contestacao:test_a_copia_fixa_nunca_vai_para_o_para:345 - [HU-15] CLARO: 1 destinatário(s), 1 em cópia.
2026-08-14 09:41:13.281 | INFO    |test_envio_email_contestacao:test_o_formato_antigo_de_uma_coluna_continua_valendo:354 - [HU-15] CLARO: 2 destinatário(s), 0 em cópia.
2026-08-14 09:41:13.286 | INFO    |test_envio_email_contestacao:test_endereco_repetido_em_para_e_cc_nao_duplica:363 - [HU-15] CLARO: 1 destinatário(s), 0 em cópia.
2026-08-14 09:41:13.290 | WARNING |test_envio_email_contestacao:test_so_copia_fixa_nao_basta_para_enviar:375 - [HU-15] 'CLARO' não tem destinatário em [C:\Users\Btime Soluções\AppData\Local\Temp\pytest-of-Btime Soluções\pytest-21\test_so_copia_fixa_nao_basta_p0\contatos.csv]. O e-mail da contestação não será enviado (pendência Q16).
2026-08-14 09:41:13.296 | INFO    |test_envio_email_contestacao:test_o_cc_chega_ao_outlook:388 - [STEP] Iniciando: enviar_contestacao
2026-08-14 09:41:13.296 | INFO    |src.services.envio_email_contestacao:enviar_contestacao:348 - [HU-15] CLARO: 1 destinatário(s), 2 em cópia.
2026-08-14 09:41:13.297 | INFO    |comum.utils.decoradores:wrapper:22 - [HU-15] Contestação de CLARO/202507 enviada para ['contestacao@claro.com.br'], em cópia ['gestor@claro.com.br', 'atacado@exemplo.com.br'].
2026-08-14 09:41:13.297 | INFO    |test_envio_email_contestacao:test_o_cc_chega_ao_outlook:388 - [STEP] Finalizando: enviar_contestacao | Tempo gasto: 0.0s
2026-08-14 09:41:13.357 | INFO    |comum.dados.repositorio_cache:__init__:77 - Inicializando conexão com o banco no ambiente [dev]
2026-08-14 09:41:13.357 | INFO    |comum.dados.repositorio_cache:__init__:77 - Utilizando SQLite local [C:\Users\BTIMES~1\AppData\Local\Temp\detraf_epico4_teste_rclx_oxd\TABELAS_DETRAF_TESTE.db]
2026-08-14 09:41:13.361 | INFO    |test_geracao_agi_controller:test_gerar_cont_proc_grava_arquivo_e_regrava_o_sinal:50 - [STEP] Iniciando: GeracaoAgiController.gerar_cont_proc
2026-08-14 09:41:13.361 | INFO    |src.controllers.geracao_agi_controller:gerar_cont_proc:1030 - [STEP] Iniciando: montar_linhas_cont_proc
2026-08-14 09:41:13.361 | INFO    |src.services.geracao_cont_proc:montar_linhas_cont_proc:224 - [STEP] Iniciando: selecionar_linhas_contestadas
2026-08-14 09:41:13.363 | INFO    |comum.dados.repositorio_cache:obter_tabela:214 - Carregando tabela [tbl_rpa_log_detraf_despesa_contestacao]
2026-08-14 09:41:13.365 | INFO    |comum.dados.repositorio_cache:obter_tabela:214 - Tabela [tbl_rpa_log_detraf_despesa_contestacao] carregada | Linhas: 2 | Colunas: 19
2026-08-14 09:41:13.368 | INFO    |comum.utils.decoradores:wrapper:22 - [HU-16 CONT_PROC] 1 linha(s) contestada(s).
2026-08-14 09:41:13.369 | INFO    |src.services.geracao_cont_proc:montar_linhas_cont_proc:224 - [STEP] Finalizando: selecionar_linhas_contestadas | Tempo gasto: 0.01s
2026-08-14 09:41:13.370 | INFO    |comum.utils.decoradores:wrapper:22 - [HU-16 CONT_PROC] 1 linha(s) montada(s) (T-100+T-101 completos).
2026-08-14 09:41:13.370 | INFO    |src.controllers.geracao_agi_controller:gerar_cont_proc:1030 - [STEP] Finalizando: montar_linhas_cont_proc | Tempo gasto: 0.01s
2026-08-14 09:41:13.370 | INFO    |src.controllers.geracao_agi_controller:gerar_cont_proc:1036 - [STEP] Iniciando: gerar_arquivo_cont_proc
2026-08-14 09:41:13.526 | INFO    |comum.utils.decoradores:wrapper:22 - [HU-16 CONT_PROC] Arquivo gravado em [C:\Users\Btime Soluções\AppData\Local\Temp\pytest-of-Btime Soluções\pytest-21\test_gerar_cont_proc_grava_arq0\Claro\2025\202507\AGI\CONT_PROC_MASCARA_Claro_202507.xlsx].
2026-08-14 09:41:13.526 | INFO    |src.controllers.geracao_agi_controller:gerar_cont_proc:1036 - [STEP] Finalizando: gerar_arquivo_cont_proc | Tempo gasto: 0.16s
2026-08-14 09:41:13.526 | INFO    |src.controllers.geracao_agi_controller:gerar_cont_proc:1046 - [STEP] Iniciando: selecionar_linhas_contestadas
2026-08-14 09:41:13.530 | INFO    |comum.utils.decoradores:wrapper:22 - [HU-16 CONT_PROC] 1 linha(s) contestada(s).
2026-08-14 09:41:13.530 | INFO    |src.controllers.geracao_agi_controller:gerar_cont_proc:1046 - [STEP] Finalizando: selecionar_linhas_contestadas | Tempo gasto: 0.0s
2026-08-14 09:41:13.535 | INFO    |comum.dados.repositorio_tabelas:_atualizar_contestacao_em_lote:976 - 1 linha(s) atualizada(s) em [tbl_rpa_log_detraf_despesa_contestacao].
2026-08-14 09:41:13.535 | INFO    |comum.dados.repositorio_cache:recarregar_cache_local:375 - Carregando tabela [tbl_rpa_log_detraf_despesa_contestacao]
2026-08-14 09:41:13.537 | INFO    |comum.dados.repositorio_cache:recarregar_cache_local:375 - Tabela [tbl_rpa_log_detraf_despesa_contestacao] carregada | Linhas: 2 | Colunas: 19
2026-08-14 09:41:13.537 | INFO    |comum.dados.repositorio_tabelas:atualizar_tipo_contestacao:1046 - [HU-16 Writeback tipo_contestacao] 1 linha(s) atualizada(s), 0 chave(s) ausente(s).
2026-08-14 09:41:13.538 | INFO    |test_geracao_agi_controller:test_gerar_cont_proc_grava_arquivo_e_regrava_o_sinal:50 - [STEP] Finalizando: GeracaoAgiController.gerar_cont_proc | Tempo gasto: 0.18s
2026-08-14 09:41:13.544 | INFO    |comum.dados.repositorio_cache:__init__:77 - Inicializando conexão com o banco no ambiente [dev]
2026-08-14 09:41:13.544 | INFO    |comum.dados.repositorio_cache:__init__:77 - Utilizando SQLite local [C:\Users\BTIMES~1\AppData\Local\Temp\detraf_epico4_teste_rclx_oxd\TABELAS_DETRAF_TESTE.db]
2026-08-14 09:41:13.548 | INFO    |test_geracao_agi_controller:test_gerar_cont_proc_sem_contestacao_nao_gera_nem_regrava:67 - [STEP] Iniciando: GeracaoAgiController.gerar_cont_proc
2026-08-14 09:41:13.548 | INFO    |src.controllers.geracao_agi_controller:gerar_cont_proc:1030 - [STEP] Iniciando: montar_linhas_cont_proc
2026-08-14 09:41:13.548 | INFO    |src.services.geracao_cont_proc:montar_linhas_cont_proc:224 - [STEP] Iniciando: selecionar_linhas_contestadas
2026-08-14 09:41:13.550 | INFO    |comum.dados.repositorio_cache:obter_tabela:214 - Carregando tabela [tbl_rpa_log_detraf_despesa_contestacao]
2026-08-14 09:41:13.553 | INFO    |comum.dados.repositorio_cache:obter_tabela:214 - Tabela [tbl_rpa_log_detraf_despesa_contestacao] carregada | Linhas: 2 | Colunas: 19
2026-08-14 09:41:13.555 | INFO    |src.services.geracao_cont_proc:selecionar_linhas_contestadas:144 - Sinal de contestação não encontrado para [operadora=999, tbra=011, referencia=202507, trafego=202507, remuneracao=TU-COM] — tratado como sem contestação.
2026-08-14 09:41:13.556 | INFO    |comum.utils.decoradores:wrapper:22 - [HU-16 CONT_PROC] Nenhuma combinação com sinal do analista (todas 'sem contestação' apesar da variação).
2026-08-14 09:41:13.557 | INFO    |src.services.geracao_cont_proc:montar_linhas_cont_proc:224 - [STEP] Finalizando: selecionar_linhas_contestadas | Tempo gasto: 0.01s
2026-08-14 09:41:13.557 | INFO    |src.controllers.geracao_agi_controller:gerar_cont_proc:1030 - [STEP] Finalizando: montar_linhas_cont_proc | Tempo gasto: 0.01s
2026-08-14 09:41:13.558 | INFO    |src.controllers.geracao_agi_controller:gerar_cont_proc:1036 - [STEP] Iniciando: gerar_arquivo_cont_proc
2026-08-14 09:41:13.558 | INFO    |comum.utils.decoradores:wrapper:22 - [HU-16 CONT_PROC] Nada a gravar (nenhuma linha a contestar).
2026-08-14 09:41:13.558 | INFO    |src.controllers.geracao_agi_controller:gerar_cont_proc:1036 - [STEP] Finalizando: gerar_arquivo_cont_proc | Tempo gasto: 0.0s
2026-08-14 09:41:13.558 | INFO    |test_geracao_agi_controller:test_gerar_cont_proc_sem_contestacao_nao_gera_nem_regrava:67 - [STEP] Finalizando: GeracaoAgiController.gerar_cont_proc | Tempo gasto: 0.01s
2026-08-14 09:41:13.563 | INFO    |comum.dados.repositorio_cache:__init__:77 - Inicializando conexão com o banco no ambiente [dev]
2026-08-14 09:41:13.563 | INFO    |comum.dados.repositorio_cache:__init__:77 - Utilizando SQLite local [C:\Users\BTIMES~1\AppData\Local\Temp\detraf_epico4_teste_rclx_oxd\TABELAS_DETRAF_TESTE.db]
2026-08-14 09:41:13.564 | INFO    |test_geracao_agi_controller:test_atualizar_despesa_contestacao_delega_e_devolve_o_resumo:78 - [STEP] Iniciando: GeracaoAgiController.atualizar_despesa_contestacao
2026-08-14 09:41:13.565 | INFO    |src.controllers.geracao_agi_controller:atualizar_despesa_contestacao:1066 - [STEP] Iniciando: preparar_atualizacoes_despesa_contestacao
2026-08-14 09:41:13.565 | INFO    |comum.dados.repositorio_cache:obter_tabela:214 - Carregando tabela [tbl_rpa_log_detraf_despesa_contestacao]
2026-08-14 09:41:13.567 | INFO    |comum.dados.repositorio_cache:obter_tabela:214 - Tabela [tbl_rpa_log_detraf_despesa_contestacao] carregada | Linhas: 2 | Colunas: 19
2026-08-14 09:41:13.572 | INFO    |comum.utils.decoradores:wrapper:22 - [HU-19 Despesa Contestação] 1 atualização(ões) preparada(s).
2026-08-14 09:41:13.572 | INFO    |src.controllers.geracao_agi_controller:atualizar_despesa_contestacao:1066 - [STEP] Finalizando: preparar_atualizacoes_despesa_contestacao | Tempo gasto: 0.01s
2026-08-14 09:41:13.573 | WARNING |comum.dados.repositorio_tabelas:atualizar_despesa_contestacao:1019 - [HU-19 Despesa Contestação] A tabela 'tbl_rpa_log_detraf_despesa_contestacao' não tem a(s) coluna(s) vb_contestacao — NÃO gravada(s). As demais seguem normalmente. Um ALTER TABLE resolve; ver pendencias-para-o-cliente.md (Q24).
2026-08-14 09:41:13.580 | INFO    |comum.dados.repositorio_tabelas:_atualizar_contestacao_em_lote:976 - 1 linha(s) atualizada(s) em [tbl_rpa_log_detraf_despesa_contestacao].
2026-08-14 09:41:13.581 | INFO    |comum.dados.repositorio_cache:recarregar_cache_local:375 - Carregando tabela [tbl_rpa_log_detraf_despesa_contestacao]
2026-08-14 09:41:13.582 | INFO    |comum.dados.repositorio_cache:recarregar_cache_local:375 - Tabela [tbl_rpa_log_detraf_despesa_contestacao] carregada | Linhas: 2 | Colunas: 19
2026-08-14 09:41:13.583 | INFO    |comum.dados.repositorio_tabelas:atualizar_despesa_contestacao:1019 - [HU-19 Despesa Contestação] 1 linha(s) atualizada(s), 0 chave(s) ausente(s).
2026-08-14 09:41:13.583 | INFO    |test_geracao_agi_controller:test_atualizar_despesa_contestacao_delega_e_devolve_o_resumo:78 - [STEP] Finalizando: GeracaoAgiController.atualizar_despesa_contestacao | Tempo gasto: 0.02s
2026-08-14 09:41:13.590 | INFO    |test_geracao_cont_proc:test_df_vazio_retorna_vazio:48 - [STEP] Iniciando: montar_linhas_cont_proc
2026-08-14 09:41:13.591 | INFO    |src.services.geracao_cont_proc:montar_linhas_cont_proc:224 - [STEP] Iniciando: selecionar_linhas_contestadas
2026-08-14 09:41:13.591 | INFO    |src.services.geracao_cont_proc:montar_linhas_cont_proc:224 - [STEP] Finalizando: selecionar_linhas_contestadas | Tempo gasto: 0.0s
2026-08-14 09:41:13.592 | INFO    |test_geracao_cont_proc:test_df_vazio_retorna_vazio:48 - [STEP] Finalizando: montar_linhas_cont_proc | Tempo gasto: 0.0s
2026-08-14 09:41:13.595 | INFO    |test_geracao_cont_proc:test_exclui_linhas_sem_contestacao_a_enviar:56 - [STEP] Iniciando: montar_linhas_cont_proc
2026-08-14 09:41:13.595 | INFO    |src.services.geracao_cont_proc:montar_linhas_cont_proc:224 - [STEP] Iniciando: selecionar_linhas_contestadas
2026-08-14 09:41:13.595 | INFO    |comum.utils.decoradores:wrapper:22 - [HU-16 CONT_PROC] Nenhuma combinação com 'contestacao_a_enviar'=S.
2026-08-14 09:41:13.596 | INFO    |src.services.geracao_cont_proc:montar_linhas_cont_proc:224 - [STEP] Finalizando: selecionar_linhas_contestadas | Tempo gasto: 0.0s
2026-08-14 09:41:13.596 | INFO    |test_geracao_cont_proc:test_exclui_linhas_sem_contestacao_a_enviar:56 - [STEP] Finalizando: montar_linhas_cont_proc | Tempo gasto: 0.0s
2026-08-14 09:41:13.599 | INFO    |test_geracao_cont_proc:test_exclui_linha_com_flag_s_mas_sem_sinal_do_analista:65 - [STEP] Iniciando: montar_linhas_cont_proc
2026-08-14 09:41:13.599 | INFO    |src.services.geracao_cont_proc:montar_linhas_cont_proc:224 - [STEP] Iniciando: selecionar_linhas_contestadas
2026-08-14 09:41:13.601 | INFO    |comum.utils.decoradores:wrapper:22 - [HU-16 CONT_PROC] Nenhuma combinação com sinal do analista (todas 'sem contestação' apesar da variação).
2026-08-14 09:41:13.601 | INFO    |src.services.geracao_cont_proc:montar_linhas_cont_proc:224 - [STEP] Finalizando: selecionar_linhas_contestadas | Tempo gasto: 0.0s
2026-08-14 09:41:13.602 | INFO    |test_geracao_cont_proc:test_exclui_linha_com_flag_s_mas_sem_sinal_do_analista:65 - [STEP] Finalizando: montar_linhas_cont_proc | Tempo gasto: 0.0s
2026-08-14 09:41:13.605 | INFO    |test_geracao_cont_proc:test_flag_pag_rec_com_retencao:73 - [STEP] Iniciando: montar_linhas_cont_proc
2026-08-14 09:41:13.606 | INFO    |src.services.geracao_cont_proc:montar_linhas_cont_proc:224 - [STEP] Iniciando: selecionar_linhas_contestadas
2026-08-14 09:41:13.608 | INFO    |comum.utils.decoradores:wrapper:22 - [HU-16 CONT_PROC] 1 linha(s) contestada(s).
2026-08-14 09:41:13.608 | INFO    |src.services.geracao_cont_proc:montar_linhas_cont_proc:224 - [STEP] Finalizando: selecionar_linhas_contestadas | Tempo gasto: 0.0s
2026-08-14 09:41:13.609 | INFO    |comum.utils.decoradores:wrapper:22 - [HU-16 CONT_PROC] 1 linha(s) montada(s) (T-100+T-101 completos).
2026-08-14 09:41:13.609 | INFO    |test_geracao_cont_proc:test_flag_pag_rec_com_retencao:73 - [STEP] Finalizando: montar_linhas_cont_proc | Tempo gasto: 0.0s
2026-08-14 09:41:13.613 | INFO    |test_geracao_cont_proc:test_flag_pag_rec_sem_retencao:89 - [STEP] Iniciando: montar_linhas_cont_proc
2026-08-14 09:41:13.613 | INFO    |src.services.geracao_cont_proc:montar_linhas_cont_proc:224 - [STEP] Iniciando: selecionar_linhas_contestadas
2026-08-14 09:41:13.615 | INFO    |comum.utils.decoradores:wrapper:22 - [HU-16 CONT_PROC] 1 linha(s) contestada(s).
2026-08-14 09:41:13.615 | INFO    |src.services.geracao_cont_proc:montar_linhas_cont_proc:224 - [STEP] Finalizando: selecionar_linhas_contestadas | Tempo gasto: 0.0s
2026-08-14 09:41:13.616 | INFO    |comum.utils.decoradores:wrapper:22 - [HU-16 CONT_PROC] 1 linha(s) montada(s) (T-100+T-101 completos).
2026-08-14 09:41:13.617 | INFO    |test_geracao_cont_proc:test_flag_pag_rec_sem_retencao:89 - [STEP] Finalizando: montar_linhas_cont_proc | Tempo gasto: 0.0s
2026-08-14 09:41:13.620 | INFO    |test_geracao_cont_proc:test_multiplas_linhas_mistas:105 - [STEP] Iniciando: montar_linhas_cont_proc
2026-08-14 09:41:13.621 | INFO    |src.services.geracao_cont_proc:montar_linhas_cont_proc:224 - [STEP] Iniciando: selecionar_linhas_contestadas
2026-08-14 09:41:13.623 | INFO    |comum.utils.decoradores:wrapper:22 - [HU-16 CONT_PROC] 1 linha(s) contestada(s).
2026-08-14 09:41:13.623 | INFO    |src.services.geracao_cont_proc:montar_linhas_cont_proc:224 - [STEP] Finalizando: selecionar_linhas_contestadas | Tempo gasto: 0.0s
2026-08-14 09:41:13.625 | INFO    |comum.utils.decoradores:wrapper:22 - [HU-16 CONT_PROC] 1 linha(s) montada(s) (T-100+T-101 completos).
2026-08-14 09:41:13.625 | INFO    |test_geracao_cont_proc:test_multiplas_linhas_mistas:105 - [STEP] Finalizando: montar_linhas_cont_proc | Tempo gasto: 0.0s
2026-08-14 09:41:13.628 | INFO    |test_geracao_cont_proc:test_duracao_e_vlr_bruto_sao_negativos_da_diferenca:133 - [STEP] Iniciando: montar_linhas_cont_proc
2026-08-14 09:41:13.629 | INFO    |src.services.geracao_cont_proc:montar_linhas_cont_proc:224 - [STEP] Iniciando: selecionar_linhas_contestadas
2026-08-14 09:41:13.631 | INFO    |comum.utils.decoradores:wrapper:22 - [HU-16 CONT_PROC] 1 linha(s) contestada(s).
2026-08-14 09:41:13.631 | INFO    |src.services.geracao_cont_proc:montar_linhas_cont_proc:224 - [STEP] Finalizando: selecionar_linhas_contestadas | Tempo gasto: 0.0s
2026-08-14 09:41:13.632 | INFO    |comum.utils.decoradores:wrapper:22 - [HU-16 CONT_PROC] 1 linha(s) montada(s) (T-100+T-101 completos).
2026-08-14 09:41:13.632 | INFO    |test_geracao_cont_proc:test_duracao_e_vlr_bruto_sao_negativos_da_diferenca:133 - [STEP] Finalizando: montar_linhas_cont_proc | Tempo gasto: 0.0s
2026-08-14 09:41:13.636 | INFO    |test_geracao_cont_proc:test_remuneracao_fixa_vem_do_contest:145 - [STEP] Iniciando: montar_linhas_cont_proc
2026-08-14 09:41:13.636 | INFO    |src.services.geracao_cont_proc:montar_linhas_cont_proc:224 - [STEP] Iniciando: selecionar_linhas_contestadas
2026-08-14 09:41:13.639 | INFO    |comum.utils.decoradores:wrapper:22 - [HU-16 CONT_PROC] 1 linha(s) contestada(s).
2026-08-14 09:41:13.639 | INFO    |src.services.geracao_cont_proc:montar_linhas_cont_proc:224 - [STEP] Finalizando: selecionar_linhas_contestadas | Tempo gasto: 0.0s
2026-08-14 09:41:13.640 | INFO    |comum.utils.decoradores:wrapper:22 - [HU-16 CONT_PROC] 1 linha(s) montada(s) (T-100+T-101 completos).
2026-08-14 09:41:13.640 | INFO    |test_geracao_cont_proc:test_remuneracao_fixa_vem_do_contest:145 - [STEP] Finalizando: montar_linhas_cont_proc | Tempo gasto: 0.0s
2026-08-14 09:41:13.644 | INFO    |test_geracao_cont_proc:test_id_modalidade_e_sempre_00:156 - [STEP] Iniciando: montar_linhas_cont_proc
2026-08-14 09:41:13.644 | INFO    |src.services.geracao_cont_proc:montar_linhas_cont_proc:224 - [STEP] Iniciando: selecionar_linhas_contestadas
2026-08-14 09:41:13.646 | INFO    |comum.utils.decoradores:wrapper:22 - [HU-16 CONT_PROC] 1 linha(s) contestada(s).
2026-08-14 09:41:13.647 | INFO    |src.services.geracao_cont_proc:montar_linhas_cont_proc:224 - [STEP] Finalizando: selecionar_linhas_contestadas | Tempo gasto: 0.0s
2026-08-14 09:41:13.648 | INFO    |comum.utils.decoradores:wrapper:22 - [HU-16 CONT_PROC] 1 linha(s) montada(s) (T-100+T-101 completos).
2026-08-14 09:41:13.648 | INFO    |test_geracao_cont_proc:test_id_modalidade_e_sempre_00:156 - [STEP] Finalizando: montar_linhas_cont_proc | Tempo gasto: 0.0s
2026-08-14 09:41:13.654 | INFO    |test_geracao_cont_proc:test_gerar_arquivo_nao_grava_quando_vazio:165 - [STEP] Iniciando: gerar_arquivo_cont_proc
2026-08-14 09:41:13.654 | INFO    |comum.utils.decoradores:wrapper:22 - [HU-16 CONT_PROC] Nada a gravar (nenhuma linha a contestar).
2026-08-14 09:41:13.654 | INFO    |test_geracao_cont_proc:test_gerar_arquivo_nao_grava_quando_vazio:165 - [STEP] Finalizando: gerar_arquivo_cont_proc | Tempo gasto: 0.0s
2026-08-14 09:41:13.659 | INFO    |test_geracao_cont_proc:test_gerar_arquivo_grava_no_caminho_e_nome_corretos:175 - [STEP] Iniciando: montar_linhas_cont_proc
2026-08-14 09:41:13.660 | INFO    |src.services.geracao_cont_proc:montar_linhas_cont_proc:224 - [STEP] Iniciando: selecionar_linhas_contestadas
2026-08-14 09:41:13.661 | INFO    |comum.utils.decoradores:wrapper:22 - [HU-16 CONT_PROC] 1 linha(s) contestada(s).
2026-08-14 09:41:13.662 | INFO    |src.services.geracao_cont_proc:montar_linhas_cont_proc:224 - [STEP] Finalizando: selecionar_linhas_contestadas | Tempo gasto: 0.0s
2026-08-14 09:41:13.663 | INFO    |comum.utils.decoradores:wrapper:22 - [HU-16 CONT_PROC] 1 linha(s) montada(s) (T-100+T-101 completos).
2026-08-14 09:41:13.663 | INFO    |test_geracao_cont_proc:test_gerar_arquivo_grava_no_caminho_e_nome_corretos:175 - [STEP] Finalizando: montar_linhas_cont_proc | Tempo gasto: 0.0s
2026-08-14 09:41:13.664 | INFO    |test_geracao_cont_proc:test_gerar_arquivo_grava_no_caminho_e_nome_corretos:177 - [STEP] Iniciando: gerar_arquivo_cont_proc
2026-08-14 09:41:13.673 | INFO    |comum.utils.decoradores:wrapper:22 - [HU-16 CONT_PROC] Arquivo gravado em [C:\Users\Btime Soluções\AppData\Local\Temp\pytest-of-Btime Soluções\pytest-21\test_gerar_arquivo_grava_no_ca0\Claro\2025\202507\AGI\CONT_PROC_MASCARA_Claro_202507.xlsx].
2026-08-14 09:41:13.673 | INFO    |test_geracao_cont_proc:test_gerar_arquivo_grava_no_caminho_e_nome_corretos:177 - [STEP] Finalizando: gerar_arquivo_cont_proc | Tempo gasto: 0.01s
2026-08-14 09:41:13.676 | INFO    |test_geracao_cont_proc:test_gate_df_vazio_retorna_vazio_com_o_schema_da_chave:203 - [STEP] Iniciando: selecionar_linhas_contestadas
2026-08-14 09:41:13.676 | INFO    |test_geracao_cont_proc:test_gate_df_vazio_retorna_vazio_com_o_schema_da_chave:203 - [STEP] Finalizando: selecionar_linhas_contestadas | Tempo gasto: 0.0s
2026-08-14 09:41:13.679 | INFO    |test_geracao_cont_proc:test_gate_cenario_sem_contestacao_exclui_linha:215 - [STEP] Iniciando: selecionar_linhas_contestadas
2026-08-14 09:41:13.679 | INFO    |comum.utils.decoradores:wrapper:22 - [HU-16 CONT_PROC] Nenhuma combinação com 'contestacao_a_enviar'=S.
2026-08-14 09:41:13.680 | INFO    |test_geracao_cont_proc:test_gate_cenario_sem_contestacao_exclui_linha:215 - [STEP] Finalizando: selecionar_linhas_contestadas | Tempo gasto: 0.0s
2026-08-14 09:41:13.682 | INFO    |test_geracao_cont_proc:test_gate_flag_s_sem_sinal_do_analista_exclui_linha:223 - [STEP] Iniciando: selecionar_linhas_contestadas
2026-08-14 09:41:13.684 | INFO    |comum.utils.decoradores:wrapper:22 - [HU-16 CONT_PROC] Nenhuma combinação com sinal do analista (todas 'sem contestação' apesar da variação).
2026-08-14 09:41:13.685 | INFO    |test_geracao_cont_proc:test_gate_flag_s_sem_sinal_do_analista_exclui_linha:223 - [STEP] Finalizando: selecionar_linhas_contestadas | Tempo gasto: 0.0s
2026-08-14 09:41:13.688 | INFO    |test_geracao_cont_proc:test_gate_cenarios_sem_e_com_retencao_selecionam_a_linha:231 - [STEP] Iniciando: selecionar_linhas_contestadas
2026-08-14 09:41:13.690 | INFO    |comum.utils.decoradores:wrapper:22 - [HU-16 CONT_PROC] 1 linha(s) contestada(s).
2026-08-14 09:41:13.690 | INFO    |test_geracao_cont_proc:test_gate_cenarios_sem_e_com_retencao_selecionam_a_linha:231 - [STEP] Finalizando: selecionar_linhas_contestadas | Tempo gasto: 0.0s
2026-08-14 09:41:13.693 | INFO    |test_geracao_cont_proc:test_gate_cenarios_sem_e_com_retencao_selecionam_a_linha:231 - [STEP] Iniciando: selecionar_linhas_contestadas
2026-08-14 09:41:13.694 | INFO    |comum.utils.decoradores:wrapper:22 - [HU-16 CONT_PROC] 1 linha(s) contestada(s).
2026-08-14 09:41:13.695 | INFO    |test_geracao_cont_proc:test_gate_cenarios_sem_e_com_retencao_selecionam_a_linha:231 - [STEP] Finalizando: selecionar_linhas_contestadas | Tempo gasto: 0.0s
2026-08-14 09:41:13.697 | INFO    |test_geracao_cont_proc:test_gate_preserva_o_indice_do_contest:255 - [STEP] Iniciando: selecionar_linhas_contestadas
2026-08-14 09:41:13.699 | INFO    |comum.utils.decoradores:wrapper:22 - [HU-16 CONT_PROC] 1 linha(s) contestada(s).
2026-08-14 09:41:13.699 | INFO    |test_geracao_cont_proc:test_gate_preserva_o_indice_do_contest:255 - [STEP] Finalizando: selecionar_linhas_contestadas | Tempo gasto: 0.0s
2026-08-14 09:41:13.702 | INFO    |test_geracao_cont_proc:test_gate_consulta_o_sinal_uma_vez_por_chave_unica:285 - [STEP] Iniciando: selecionar_linhas_contestadas
2026-08-14 09:41:13.704 | INFO    |comum.utils.decoradores:wrapper:22 - [HU-16 CONT_PROC] 3 linha(s) contestada(s).
2026-08-14 09:41:13.705 | INFO    |test_geracao_cont_proc:test_gate_consulta_o_sinal_uma_vez_por_chave_unica:285 - [STEP] Finalizando: selecionar_linhas_contestadas | Tempo gasto: 0.0s
2026-08-14 09:41:13.709 | INFO    |test_geracao_env_carta:test_pasta_inexistente_levanta_erro:31 - [STEP] Iniciando: obter_proximo_numero_carta
2026-08-14 09:41:13.710 | INFO    |test_geracao_env_carta:test_pasta_inexistente_levanta_erro:31 - [STEP] Finalizando: obter_proximo_numero_carta | Tempo gasto: 0.0s
2026-08-14 09:41:13.714 | INFO    |test_geracao_env_carta:test_pasta_vazia_levanta_erro:39 - [STEP] Iniciando: obter_proximo_numero_carta
2026-08-14 09:41:13.714 | INFO    |test_geracao_env_carta:test_pasta_vazia_levanta_erro:39 - [STEP] Finalizando: obter_proximo_numero_carta | Tempo gasto: 0.0s
2026-08-14 09:41:13.719 | INFO    |test_geracao_env_carta:test_pasta_sem_carta_reconhecivel_levanta_erro:50 - [STEP] Iniciando: obter_proximo_numero_carta
2026-08-14 09:41:13.720 | INFO    |test_geracao_env_carta:test_pasta_sem_carta_reconhecivel_levanta_erro:50 - [STEP] Finalizando: obter_proximo_numero_carta | Tempo gasto: 0.0s
2026-08-14 09:41:13.725 | INFO    |test_geracao_env_carta:test_pasta_vazia_com_numero_inicial_configurado:65 - [STEP] Iniciando: obter_proximo_numero_carta
2026-08-14 09:41:13.725 | WARNING |comum.utils.decoradores:wrapper:22 - [HU-14] Nenhuma carta CT em [C:\Users\Btime Soluções\AppData\Local\Temp\pytest-of-Btime Soluções\pytest-21\test_pasta_vazia_com_numero_in0\CT\2026] — iniciando a sequência em 500 (CT_NUMERO_INICIAL).
2026-08-14 09:41:13.726 | INFO    |test_geracao_env_carta:test_pasta_vazia_com_numero_inicial_configurado:65 - [STEP] Finalizando: obter_proximo_numero_carta | Tempo gasto: 0.0s
2026-08-14 09:41:13.730 | INFO    |test_geracao_env_carta:test_numero_inicial_nao_sobrepoe_sequencia_existente:78 - [STEP] Iniciando: obter_proximo_numero_carta
2026-08-14 09:41:13.731 | INFO    |comum.utils.decoradores:wrapper:22 - [HU-14] Último número CT encontrado: 362. Próximo: 363.
2026-08-14 09:41:13.731 | INFO    |test_geracao_env_carta:test_numero_inicial_nao_sobrepoe_sequencia_existente:78 - [STEP] Finalizando: obter_proximo_numero_carta | Tempo gasto: 0.0s
2026-08-14 09:41:13.736 | INFO    |test_geracao_env_carta:test_encontra_maior_numero_e_soma_um:87 - [STEP] Iniciando: obter_proximo_numero_carta
2026-08-14 09:41:13.737 | INFO    |comum.utils.decoradores:wrapper:22 - [HU-14] Último número CT encontrado: 362. Próximo: 363.
2026-08-14 09:41:13.737 | INFO    |test_geracao_env_carta:test_encontra_maior_numero_e_soma_um:87 - [STEP] Finalizando: obter_proximo_numero_carta | Tempo gasto: 0.0s
2026-08-14 09:41:13.743 | INFO    |test_geracao_env_carta:test_tolera_variacoes_de_grafia:98 - [STEP] Iniciando: obter_proximo_numero_carta
2026-08-14 09:41:13.743 | INFO    |comum.utils.decoradores:wrapper:22 - [HU-14] Último número CT encontrado: 334. Próximo: 335.
2026-08-14 09:41:13.743 | INFO    |test_geracao_env_carta:test_tolera_variacoes_de_grafia:98 - [STEP] Finalizando: obter_proximo_numero_carta | Tempo gasto: 0.0s
2026-08-14 09:41:13.748 | INFO    |test_geracao_env_carta:test_ignora_arquivos_sem_padrao_ct:107 - [STEP] Iniciando: obter_proximo_numero_carta
2026-08-14 09:41:13.749 | INFO    |comum.utils.decoradores:wrapper:22 - [HU-14] Último número CT encontrado: 100. Próximo: 101.
2026-08-14 09:41:13.749 | INFO    |test_geracao_env_carta:test_ignora_arquivos_sem_padrao_ct:107 - [STEP] Finalizando: obter_proximo_numero_carta | Tempo gasto: 0.0s
2026-08-14 09:41:13.754 | INFO    |src.services.geracao_env_carta:nome_proxima_carta:272 - [STEP] Iniciando: obter_proximo_numero_carta
2026-08-14 09:41:13.754 | INFO    |comum.utils.decoradores:wrapper:22 - [HU-14] Último número CT encontrado: 362. Próximo: 363.
2026-08-14 09:41:13.755 | INFO    |src.services.geracao_env_carta:nome_proxima_carta:272 - [STEP] Finalizando: obter_proximo_numero_carta | Tempo gasto: 0.0s
2026-08-14 09:41:13.758 | INFO    |comum.dados.repositorio_cache:__init__:77 - Inicializando conexão com o banco no ambiente [dev]
2026-08-14 09:41:13.758 | INFO    |comum.dados.repositorio_cache:__init__:77 - Utilizando SQLite local [C:\Users\BTIMES~1\AppData\Local\Temp\detraf_epico4_teste_rclx_oxd\TABELAS_DETRAF_TESTE.db]
2026-08-14 09:41:13.759 | INFO    |comum.dados.repositorio_cache:obter_tabela:214 - Carregando tabela [tbl_detraf_mapeamento_descritores]
2026-08-14 09:41:13.760 | INFO    |comum.dados.repositorio_cache:obter_tabela:214 - Tabela [tbl_detraf_mapeamento_descritores] carregada | Linhas: 25 | Colunas: 5
2026-08-14 09:41:13.764 | INFO    |test_geracao_env_carta:test_montar_abas_env_vazio_quando_sem_contestacao:168 - [STEP] Iniciando: montar_abas_env
2026-08-14 09:41:13.765 | INFO    |comum.utils.decoradores:wrapper:22 - [HU-14 _EXP] Nenhuma linha contestada — abas ficam vazias.
2026-08-14 09:41:13.765 | INFO    |test_geracao_env_carta:test_montar_abas_env_vazio_quando_sem_contestacao:168 - [STEP] Finalizando: montar_abas_env | Tempo gasto: 0.0s
2026-08-14 09:41:13.770 | INFO    |comum.dados.repositorio_cache:__init__:77 - Inicializando conexão com o banco no ambiente [dev]
2026-08-14 09:41:13.771 | INFO    |comum.dados.repositorio_cache:__init__:77 - Utilizando SQLite local [C:\Users\BTIMES~1\AppData\Local\Temp\detraf_epico4_teste_rclx_oxd\TABELAS_DETRAF_TESTE.db]
2026-08-14 09:41:13.771 | INFO    |comum.dados.repositorio_cache:obter_tabela:214 - Carregando tabela [tbl_detraf_mapeamento_descritores]
2026-08-14 09:41:13.773 | INFO    |comum.dados.repositorio_cache:obter_tabela:214 - Tabela [tbl_detraf_mapeamento_descritores] carregada | Linhas: 25 | Colunas: 5
2026-08-14 09:41:13.777 | INFO    |test_geracao_env_carta:test_montar_abas_env_exclui_sem_sinal_do_analista:181 - [STEP] Iniciando: montar_abas_env
2026-08-14 09:41:13.779 | INFO    |comum.utils.decoradores:wrapper:22 - [HU-14 _EXP] Nenhuma linha contestada — abas ficam vazias.
2026-08-14 09:41:13.779 | INFO    |test_geracao_env_carta:test_montar_abas_env_exclui_sem_sinal_do_analista:181 - [STEP] Finalizando: montar_abas_env | Tempo gasto: 0.0s
2026-08-14 09:41:13.784 | INFO    |comum.dados.repositorio_cache:__init__:77 - Inicializando conexão com o banco no ambiente [dev]
2026-08-14 09:41:13.784 | INFO    |comum.dados.repositorio_cache:__init__:77 - Utilizando SQLite local [C:\Users\BTIMES~1\AppData\Local\Temp\detraf_epico4_teste_rclx_oxd\TABELAS_DETRAF_TESTE.db]
2026-08-14 09:41:13.786 | INFO    |comum.dados.repositorio_cache:obter_tabela:214 - Carregando tabela [tbl_detraf_mapeamento_descritores]
2026-08-14 09:41:13.788 | INFO    |comum.dados.repositorio_cache:obter_tabela:214 - Tabela [tbl_detraf_mapeamento_descritores] carregada | Linhas: 25 | Colunas: 5
2026-08-14 09:41:13.793 | INFO    |test_geracao_env_carta:test_montar_abas_env_filtra_contest_e_tbra_corretamente:204 - [STEP] Iniciando: montar_abas_env
2026-08-14 09:41:13.798 | INFO    |comum.utils.decoradores:wrapper:22 - [HU-14 _EXP] Contest: 1 linha(s) contestada(s); TBRA: 1 linha(s) correspondente(s).
2026-08-14 09:41:13.798 | INFO    |test_geracao_env_carta:test_montar_abas_env_filtra_contest_e_tbra_corretamente:204 - [STEP] Finalizando: montar_abas_env | Tempo gasto: 0.01s
2026-08-14 09:41:13.804 | INFO    |test_geracao_env_carta:test_gerar_arquivo_env_nao_grava_quando_vazio:216 - [STEP] Iniciando: gerar_arquivo_env
2026-08-14 09:41:13.805 | INFO    |comum.utils.decoradores:wrapper:22 - [HU-14 _EXP] Nada a gravar (nenhuma linha contestada).
2026-08-14 09:41:13.805 | INFO    |test_geracao_env_carta:test_gerar_arquivo_env_nao_grava_quando_vazio:216 - [STEP] Finalizando: gerar_arquivo_env | Tempo gasto: 0.0s
2026-08-14 09:41:13.810 | INFO    |comum.dados.repositorio_cache:__init__:77 - Inicializando conexão com o banco no ambiente [dev]
2026-08-14 09:41:13.810 | INFO    |comum.dados.repositorio_cache:__init__:77 - Utilizando SQLite local [C:\Users\BTIMES~1\AppData\Local\Temp\detraf_epico4_teste_rclx_oxd\TABELAS_DETRAF_TESTE.db]
2026-08-14 09:41:13.810 | INFO    |comum.dados.repositorio_cache:obter_tabela:214 - Carregando tabela [tbl_detraf_mapeamento_descritores]
2026-08-14 09:41:13.812 | INFO    |comum.dados.repositorio_cache:obter_tabela:214 - Tabela [tbl_detraf_mapeamento_descritores] carregada | Linhas: 25 | Colunas: 5
2026-08-14 09:41:13.816 | INFO    |test_geracao_env_carta:test_gerar_arquivo_env_grava_no_caminho_e_nome_corretos:228 - [STEP] Iniciando: montar_abas_env
2026-08-14 09:41:13.821 | INFO    |comum.utils.decoradores:wrapper:22 - [HU-14 _EXP] Contest: 1 linha(s) contestada(s); TBRA: 1 linha(s) correspondente(s).
2026-08-14 09:41:13.822 | INFO    |test_geracao_env_carta:test_gerar_arquivo_env_grava_no_caminho_e_nome_corretos:228 - [STEP] Finalizando: montar_abas_env | Tempo gasto: 0.01s
2026-08-14 09:41:13.822 | INFO    |test_geracao_env_carta:test_gerar_arquivo_env_grava_no_caminho_e_nome_corretos:231 - [STEP] Iniciando: gerar_arquivo_env
2026-08-14 09:41:13.832 | INFO    |comum.utils.decoradores:wrapper:22 - [HU-14 _EXP] Arquivo gravado em [C:\Users\Btime Soluções\AppData\Local\Temp\pytest-of-Btime Soluções\pytest-21\test_gerar_arquivo_env_grava_n0\Claro\2025\202507\Contestações\Base Contestação_Claro_202507_EXP.xlsx].
2026-08-14 09:41:13.833 | INFO    |test_geracao_env_carta:test_gerar_arquivo_env_grava_no_caminho_e_nome_corretos:231 - [STEP] Finalizando: gerar_arquivo_env | Tempo gasto: 0.01s
2026-08-14 09:41:13.846 | INFO    |test_geracao_env_carta:test_montar_tabelas_carta_vazio:280 - [STEP] Iniciando: montar_tabelas_carta
2026-08-14 09:41:13.846 | INFO    |test_geracao_env_carta:test_montar_tabelas_carta_vazio:280 - [STEP] Finalizando: montar_tabelas_carta | Tempo gasto: 0.0s
2026-08-14 09:41:13.849 | INFO    |test_geracao_env_carta:test_montar_tabelas_carta_agrupa_por_remuneracao:291 - [STEP] Iniciando: montar_tabelas_carta
2026-08-14 09:41:13.854 | INFO    |comum.utils.decoradores:wrapper:22 - [HU-14 Carta] 2 tabela(s) de remuneração montada(s).
2026-08-14 09:41:13.854 | INFO    |test_geracao_env_carta:test_montar_tabelas_carta_agrupa_por_remuneracao:291 - [STEP] Finalizando: montar_tabelas_carta | Tempo gasto: 0.01s
2026-08-14 09:41:13.858 | INFO    |test_geracao_env_carta:test_montar_tabelas_carta_linha_total_soma_valores_numericos:306 - [STEP] Iniciando: montar_tabelas_carta
2026-08-14 09:41:13.861 | INFO    |comum.utils.decoradores:wrapper:22 - [HU-14 Carta] 1 tabela(s) de remuneração montada(s).
2026-08-14 09:41:13.861 | INFO    |test_geracao_env_carta:test_montar_tabelas_carta_linha_total_soma_valores_numericos:306 - [STEP] Finalizando: montar_tabelas_carta | Tempo gasto: 0.0s
2026-08-14 09:41:13.864 | INFO    |test_geracao_env_carta:test_montar_tabelas_carta_variacao_perc_em_branco_no_total:317 - [STEP] Iniciando: montar_tabelas_carta
2026-08-14 09:41:13.867 | INFO    |comum.utils.decoradores:wrapper:22 - [HU-14 Carta] 1 tabela(s) de remuneração montada(s).
2026-08-14 09:41:13.867 | INFO    |test_geracao_env_carta:test_montar_tabelas_carta_variacao_perc_em_branco_no_total:317 - [STEP] Finalizando: montar_tabelas_carta | Tempo gasto: 0.0s
2026-08-14 09:41:13.870 | INFO    |test_geracao_env_carta:test_montar_tabelas_carta_nao_inclui_coluna_contestacao_a_enviar:327 - [STEP] Iniciando: montar_tabelas_carta
2026-08-14 09:41:13.873 | INFO    |comum.utils.decoradores:wrapper:22 - [HU-14 Carta] 1 tabela(s) de remuneração montada(s).
2026-08-14 09:41:13.873 | INFO    |test_geracao_env_carta:test_montar_tabelas_carta_nao_inclui_coluna_contestacao_a_enviar:327 - [STEP] Finalizando: montar_tabelas_carta | Tempo gasto: 0.0s
2026-08-14 09:41:13.875 | INFO    |test_geracao_env_carta:test_montar_tabelas_carta_expoe_tipo_operacao_quando_uniforme:337 - [STEP] Iniciando: montar_tabelas_carta
2026-08-14 09:41:13.878 | INFO    |comum.utils.decoradores:wrapper:22 - [HU-14 Carta] 1 tabela(s) de remuneração montada(s).
2026-08-14 09:41:13.878 | INFO    |test_geracao_env_carta:test_montar_tabelas_carta_expoe_tipo_operacao_quando_uniforme:337 - [STEP] Finalizando: montar_tabelas_carta | Tempo gasto: 0.0s
2026-08-14 09:41:13.885 | INFO    |test_geracao_env_carta:test_renderizar_carta_conteudo_basico:363 - [STEP] Iniciando: montar_tabelas_carta
2026-08-14 09:41:13.888 | INFO    |comum.utils.decoradores:wrapper:22 - [HU-14 Carta] 1 tabela(s) de remuneração montada(s).
2026-08-14 09:41:13.888 | INFO    |test_geracao_env_carta:test_renderizar_carta_conteudo_basico:363 - [STEP] Finalizando: montar_tabelas_carta | Tempo gasto: 0.0s
2026-08-14 09:41:13.889 | INFO    |test_geracao_env_carta:test_renderizar_carta_conteudo_basico:367 - [STEP] Iniciando: renderizar_carta
2026-08-14 09:41:13.906 | INFO    |comum.utils.decoradores:wrapper:22 - [HU-14 Carta] Carta CT-363 renderizada (1 tabela(s)).
2026-08-14 09:41:13.906 | INFO    |test_geracao_env_carta:test_renderizar_carta_conteudo_basico:367 - [STEP] Finalizando: renderizar_carta | Tempo gasto: 0.02s
2026-08-14 09:41:13.910 | INFO    |test_geracao_env_carta:test_renderizar_carta_texto_com_retencao:386 - [STEP] Iniciando: montar_tabelas_carta
2026-08-14 09:41:13.912 | INFO    |comum.utils.decoradores:wrapper:22 - [HU-14 Carta] 1 tabela(s) de remuneração montada(s).
2026-08-14 09:41:13.912 | INFO    |test_geracao_env_carta:test_renderizar_carta_texto_com_retencao:386 - [STEP] Finalizando: montar_tabelas_carta | Tempo gasto: 0.0s
2026-08-14 09:41:13.913 | INFO    |test_geracao_env_carta:test_renderizar_carta_texto_com_retencao:390 - [STEP] Iniciando: renderizar_carta
2026-08-14 09:41:13.927 | INFO    |comum.utils.decoradores:wrapper:22 - [HU-14 Carta] Carta CT-1 renderizada (1 tabela(s)).
2026-08-14 09:41:13.927 | INFO    |test_geracao_env_carta:test_renderizar_carta_texto_com_retencao:390 - [STEP] Finalizando: renderizar_carta | Tempo gasto: 0.01s
2026-08-14 09:41:13.931 | INFO    |test_geracao_env_carta:test_renderizar_carta_sem_cidade_usa_padrao_sao_paulo:406 - [STEP] Iniciando: montar_tabelas_carta
2026-08-14 09:41:13.933 | INFO    |comum.utils.decoradores:wrapper:22 - [HU-14 Carta] 1 tabela(s) de remuneração montada(s).
2026-08-14 09:41:13.933 | INFO    |test_geracao_env_carta:test_renderizar_carta_sem_cidade_usa_padrao_sao_paulo:406 - [STEP] Finalizando: montar_tabelas_carta | Tempo gasto: 0.0s
2026-08-14 09:41:13.933 | INFO    |test_geracao_env_carta:test_renderizar_carta_sem_cidade_usa_padrao_sao_paulo:410 - [STEP] Iniciando: renderizar_carta
2026-08-14 09:41:13.948 | INFO    |comum.utils.decoradores:wrapper:22 - [HU-14 Carta] Carta CT-1 renderizada (1 tabela(s)).
2026-08-14 09:41:13.949 | INFO    |test_geracao_env_carta:test_renderizar_carta_sem_cidade_usa_padrao_sao_paulo:410 - [STEP] Finalizando: renderizar_carta | Tempo gasto: 0.02s
2026-08-14 09:41:13.954 | INFO    |test_geracao_env_carta:test_renderizar_carta_aceita_override_de_cidade:424 - [STEP] Iniciando: montar_tabelas_carta
2026-08-14 09:41:13.958 | INFO    |comum.utils.decoradores:wrapper:22 - [HU-14 Carta] 1 tabela(s) de remuneração montada(s).
2026-08-14 09:41:13.958 | INFO    |test_geracao_env_carta:test_renderizar_carta_aceita_override_de_cidade:424 - [STEP] Finalizando: montar_tabelas_carta | Tempo gasto: 0.0s
2026-08-14 09:41:13.959 | INFO    |test_geracao_env_carta:test_renderizar_carta_aceita_override_de_cidade:428 - [STEP] Iniciando: renderizar_carta
2026-08-14 09:41:13.974 | INFO    |comum.utils.decoradores:wrapper:22 - [HU-14 Carta] Carta CT-1 renderizada (1 tabela(s)).
2026-08-14 09:41:13.974 | INFO    |test_geracao_env_carta:test_renderizar_carta_aceita_override_de_cidade:428 - [STEP] Finalizando: renderizar_carta | Tempo gasto: 0.02s
2026-08-14 09:41:13.978 | INFO    |test_geracao_env_carta:test_gerar_arquivo_carta_grava_no_caminho_e_nome_corretos:446 - [STEP] Iniciando: montar_tabelas_carta
2026-08-14 09:41:13.981 | INFO    |comum.utils.decoradores:wrapper:22 - [HU-14 Carta] 1 tabela(s) de remuneração montada(s).
2026-08-14 09:41:13.981 | INFO    |test_geracao_env_carta:test_gerar_arquivo_carta_grava_no_caminho_e_nome_corretos:446 - [STEP] Finalizando: montar_tabelas_carta | Tempo gasto: 0.0s
2026-08-14 09:41:13.981 | INFO    |test_geracao_env_carta:test_gerar_arquivo_carta_grava_no_caminho_e_nome_corretos:449 - [STEP] Iniciando: renderizar_carta
2026-08-14 09:41:13.998 | INFO    |comum.utils.decoradores:wrapper:22 - [HU-14 Carta] Carta CT-363 renderizada (1 tabela(s)).
2026-08-14 09:41:13.998 | INFO    |test_geracao_env_carta:test_gerar_arquivo_carta_grava_no_caminho_e_nome_corretos:449 - [STEP] Finalizando: renderizar_carta | Tempo gasto: 0.02s
2026-08-14 09:41:13.999 | INFO    |test_geracao_env_carta:test_gerar_arquivo_carta_grava_no_caminho_e_nome_corretos:459 - [STEP] Iniciando: gerar_arquivo_carta
2026-08-14 09:41:14.012 | INFO    |comum.utils.decoradores:wrapper:22 - [HU-14 Carta] Carta gravada em [C:\Users\Btime Soluções\AppData\Local\Temp\pytest-of-Btime Soluções\pytest-21\test_gerar_arquivo_carta_grava0\operadoras\Claro\2026\202606\Contestações\CT - 363.docx], cópia em [C:\Users\Btime Soluções\AppData\Local\Temp\pytest-of-Btime Soluções\pytest-21\test_gerar_arquivo_carta_grava0\controle_ct\2026\CT - 363.docx].
2026-08-14 09:41:14.012 | INFO    |test_geracao_env_carta:test_gerar_arquivo_carta_grava_no_caminho_e_nome_corretos:459 - [STEP] Finalizando: gerar_arquivo_carta | Tempo gasto: 0.01s
2026-08-14 09:41:14.017 | INFO    |test_geracao_env_carta:test_gerar_arquivo_carta_salva_copia_em_controle_ct:474 - [STEP] Iniciando: montar_tabelas_carta
2026-08-14 09:41:14.020 | INFO    |comum.utils.decoradores:wrapper:22 - [HU-14 Carta] 1 tabela(s) de remuneração montada(s).
2026-08-14 09:41:14.021 | INFO    |test_geracao_env_carta:test_gerar_arquivo_carta_salva_copia_em_controle_ct:474 - [STEP] Finalizando: montar_tabelas_carta | Tempo gasto: 0.0s
2026-08-14 09:41:14.021 | INFO    |test_geracao_env_carta:test_gerar_arquivo_carta_salva_copia_em_controle_ct:477 - [STEP] Iniciando: renderizar_carta
2026-08-14 09:41:14.037 | INFO    |comum.utils.decoradores:wrapper:22 - [HU-14 Carta] Carta CT-363 renderizada (1 tabela(s)).
2026-08-14 09:41:14.037 | INFO    |test_geracao_env_carta:test_gerar_arquivo_carta_salva_copia_em_controle_ct:477 - [STEP] Finalizando: renderizar_carta | Tempo gasto: 0.02s
2026-08-14 09:41:14.037 | INFO    |test_geracao_env_carta:test_gerar_arquivo_carta_salva_copia_em_controle_ct:487 - [STEP] Iniciando: gerar_arquivo_carta
2026-08-14 09:41:14.051 | INFO    |comum.utils.decoradores:wrapper:22 - [HU-14 Carta] Carta gravada em [C:\Users\Btime Soluções\AppData\Local\Temp\pytest-of-Btime Soluções\pytest-21\test_gerar_arquivo_carta_salva0\operadoras\Claro\2026\202606\Contestações\CT - 363.docx], cópia em [C:\Users\Btime Soluções\AppData\Local\Temp\pytest-of-Btime Soluções\pytest-21\test_gerar_arquivo_carta_salva0\controle_ct\2026\CT - 363.docx].
2026-08-14 09:41:14.052 | INFO    |test_geracao_env_carta:test_gerar_arquivo_carta_salva_copia_em_controle_ct:487 - [STEP] Finalizando: gerar_arquivo_carta | Tempo gasto: 0.01s
2026-08-14 09:41:14.178 | WARNING |contextlib:__enter__:141 - [HU-14] A trava [.numeracao-ct.lock] continua presa após 0s. Prosseguindo sem ela — provavelmente é resíduo de uma execução interrompida. Se houver outro robô emitindo carta agora, há risco de numeração duplicada.
2026-08-14 09:41:14.187 | INFO    |test_geracao_env_carta:test_a_trava_nao_entra_na_contagem_do_numero:559 - [STEP] Iniciando: obter_proximo_numero_carta
2026-08-14 09:41:14.188 | INFO    |comum.utils.decoradores:wrapper:22 - [HU-14] Último número CT encontrado: 362. Próximo: 363.
2026-08-14 09:41:14.189 | INFO    |test_geracao_env_carta:test_a_trava_nao_entra_na_contagem_do_numero:559 - [STEP] Finalizando: obter_proximo_numero_carta | Tempo gasto: 0.0s
2026-08-14 09:41:14.202 | INFO    |comum.dados.repositorio_cache:__init__:77 - Inicializando conexão com o banco no ambiente [dev]
2026-08-14 09:41:14.202 | INFO    |comum.dados.repositorio_cache:__init__:77 - Utilizando SQLite local [C:\Users\BTIMES~1\AppData\Local\Temp\detraf_epico4_teste_rclx_oxd\TABELAS_DETRAF_TESTE.db]
2026-08-14 09:41:14.204 | INFO    |comum.dados.repositorio_cache:obter_tabela:214 - Carregando tabela [tbl_detraf_mapeamento_descritores]
2026-08-14 09:41:14.207 | INFO    |comum.dados.repositorio_cache:obter_tabela:214 - Tabela [tbl_detraf_mapeamento_descritores] carregada | Linhas: 25 | Colunas: 5
2026-08-14 09:41:14.212 | INFO    |test_geracao_ext:test_montar_linhas_ext_vazio_retorna_vazio:44 - [STEP] Iniciando: montar_linhas_ext
2026-08-14 09:41:14.213 | INFO    |test_geracao_ext:test_montar_linhas_ext_vazio_retorna_vazio:44 - [STEP] Finalizando: montar_linhas_ext | Tempo gasto: 0.0s
2026-08-14 09:41:14.220 | INFO    |comum.dados.repositorio_cache:__init__:77 - Inicializando conexão com o banco no ambiente [dev]
2026-08-14 09:41:14.220 | INFO    |comum.dados.repositorio_cache:__init__:77 - Utilizando SQLite local [C:\Users\BTIMES~1\AppData\Local\Temp\detraf_epico4_teste_rclx_oxd\TABELAS_DETRAF_TESTE.db]
2026-08-14 09:41:14.221 | INFO    |comum.dados.repositorio_cache:obter_tabela:214 - Carregando tabela [tbl_detraf_mapeamento_descritores]
2026-08-14 09:41:14.224 | INFO    |comum.dados.repositorio_cache:obter_tabela:214 - Tabela [tbl_detraf_mapeamento_descritores] carregada | Linhas: 25 | Colunas: 5
2026-08-14 09:41:14.230 | INFO    |test_geracao_ext:test_montar_linhas_ext_cenario_sem_contestacao:54 - [STEP] Iniciando: montar_linhas_ext
2026-08-14 09:41:14.236 | INFO    |comum.utils.decoradores:wrapper:22 - [HU-12 EXT] 1 linha(s) montada(s).
2026-08-14 09:41:14.236 | INFO    |test_geracao_ext:test_montar_linhas_ext_cenario_sem_contestacao:54 - [STEP] Finalizando: montar_linhas_ext | Tempo gasto: 0.01s
2026-08-14 09:41:14.241 | INFO    |comum.dados.repositorio_cache:__init__:77 - Inicializando conexão com o banco no ambiente [dev]
2026-08-14 09:41:14.241 | INFO    |comum.dados.repositorio_cache:__init__:77 - Utilizando SQLite local [C:\Users\BTIMES~1\AppData\Local\Temp\detraf_epico4_teste_rclx_oxd\TABELAS_DETRAF_TESTE.db]
2026-08-14 09:41:14.242 | INFO    |comum.dados.repositorio_cache:obter_tabela:214 - Carregando tabela [tbl_detraf_mapeamento_descritores]
2026-08-14 09:41:14.243 | INFO    |comum.dados.repositorio_cache:obter_tabela:214 - Tabela [tbl_detraf_mapeamento_descritores] carregada | Linhas: 25 | Colunas: 5
2026-08-14 09:41:14.247 | INFO    |test_geracao_ext:test_montar_linhas_ext_cenario_sem_retencao:69 - [STEP] Iniciando: montar_linhas_ext
2026-08-14 09:41:14.255 | INFO    |comum.utils.decoradores:wrapper:22 - [HU-12 EXT] 1 linha(s) montada(s).
2026-08-14 09:41:14.255 | INFO    |test_geracao_ext:test_montar_linhas_ext_cenario_sem_retencao:69 - [STEP] Finalizando: montar_linhas_ext | Tempo gasto: 0.01s
2026-08-14 09:41:14.260 | INFO    |comum.dados.repositorio_cache:__init__:77 - Inicializando conexão com o banco no ambiente [dev]
2026-08-14 09:41:14.260 | INFO    |comum.dados.repositorio_cache:__init__:77 - Utilizando SQLite local [C:\Users\BTIMES~1\AppData\Local\Temp\detraf_epico4_teste_rclx_oxd\TABELAS_DETRAF_TESTE.db]
2026-08-14 09:41:14.261 | INFO    |comum.dados.repositorio_cache:obter_tabela:214 - Carregando tabela [tbl_detraf_mapeamento_descritores]
2026-08-14 09:41:14.263 | INFO    |comum.dados.repositorio_cache:obter_tabela:214 - Tabela [tbl_detraf_mapeamento_descritores] carregada | Linhas: 25 | Colunas: 5
2026-08-14 09:41:14.268 | INFO    |test_geracao_ext:test_montar_linhas_ext_cenario_com_retencao:80 - [STEP] Iniciando: montar_linhas_ext
2026-08-14 09:41:14.272 | INFO    |comum.utils.decoradores:wrapper:22 - [HU-12 EXT] 1 linha(s) montada(s).
2026-08-14 09:41:14.273 | INFO    |test_geracao_ext:test_montar_linhas_ext_cenario_com_retencao:80 - [STEP] Finalizando: montar_linhas_ext | Tempo gasto: 0.0s
2026-08-14 09:41:14.278 | INFO    |comum.dados.repositorio_cache:__init__:77 - Inicializando conexão com o banco no ambiente [dev]
2026-08-14 09:41:14.279 | INFO    |comum.dados.repositorio_cache:__init__:77 - Utilizando SQLite local [C:\Users\BTIMES~1\AppData\Local\Temp\detraf_epico4_teste_rclx_oxd\TABELAS_DETRAF_TESTE.db]
2026-08-14 09:41:14.280 | INFO    |comum.dados.repositorio_cache:obter_tabela:214 - Carregando tabela [tbl_detraf_mapeamento_descritores]
2026-08-14 09:41:14.282 | INFO    |comum.dados.repositorio_cache:obter_tabela:214 - Tabela [tbl_detraf_mapeamento_descritores] carregada | Linhas: 25 | Colunas: 5
2026-08-14 09:41:14.287 | INFO    |test_geracao_ext:test_montar_linhas_ext_descritor_nao_mapeado_mantem_linha:93 - [STEP] Iniciando: montar_linhas_ext
2026-08-14 09:41:14.291 | INFO    |comum.utils.decoradores:wrapper:22 - [HU-12 EXT] 1 linha(s) montada(s).
2026-08-14 09:41:14.291 | INFO    |test_geracao_ext:test_montar_linhas_ext_descritor_nao_mapeado_mantem_linha:93 - [STEP] Finalizando: montar_linhas_ext | Tempo gasto: 0.0s
2026-08-14 09:41:14.297 | INFO    |comum.dados.repositorio_cache:__init__:77 - Inicializando conexão com o banco no ambiente [dev]
2026-08-14 09:41:14.297 | INFO    |comum.dados.repositorio_cache:__init__:77 - Utilizando SQLite local [C:\Users\BTIMES~1\AppData\Local\Temp\detraf_epico4_teste_rclx_oxd\TABELAS_DETRAF_TESTE.db]
2026-08-14 09:41:14.298 | INFO    |comum.dados.repositorio_cache:obter_tabela:214 - Carregando tabela [tbl_detraf_mapeamento_descritores]
2026-08-14 09:41:14.300 | INFO    |comum.dados.repositorio_cache:obter_tabela:214 - Tabela [tbl_detraf_mapeamento_descritores] carregada | Linhas: 25 | Colunas: 5
2026-08-14 09:41:14.305 | INFO    |test_geracao_ext:test_montar_linhas_ext_mesmo_grupo_compartilha_expectativa:114 - [STEP] Iniciando: montar_linhas_ext
2026-08-14 09:41:14.309 | INFO    |comum.utils.decoradores:wrapper:22 - [HU-12 EXT] 2 linha(s) montada(s).
2026-08-14 09:41:14.309 | INFO    |test_geracao_ext:test_montar_linhas_ext_mesmo_grupo_compartilha_expectativa:114 - [STEP] Finalizando: montar_linhas_ext | Tempo gasto: 0.0s
2026-08-14 09:41:14.316 | INFO    |comum.dados.repositorio_cache:__init__:77 - Inicializando conexão com o banco no ambiente [dev]
2026-08-14 09:41:14.317 | INFO    |comum.dados.repositorio_cache:__init__:77 - Utilizando SQLite local [C:\Users\BTIMES~1\AppData\Local\Temp\detraf_epico4_teste_rclx_oxd\TABELAS_DETRAF_TESTE.db]
2026-08-14 09:41:14.317 | INFO    |comum.dados.repositorio_cache:obter_tabela:214 - Carregando tabela [tbl_detraf_mapeamento_descritores]
2026-08-14 09:41:14.320 | INFO    |comum.dados.repositorio_cache:obter_tabela:214 - Tabela [tbl_detraf_mapeamento_descritores] carregada | Linhas: 25 | Colunas: 5
2026-08-14 09:41:14.326 | INFO    |test_geracao_ext:test_gerar_arquivo_ext_grava_no_caminho_e_nome_corretos:121 - [STEP] Iniciando: montar_linhas_ext
2026-08-14 09:41:14.330 | INFO    |comum.utils.decoradores:wrapper:22 - [HU-12 EXT] 1 linha(s) montada(s).
2026-08-14 09:41:14.331 | INFO    |test_geracao_ext:test_gerar_arquivo_ext_grava_no_caminho_e_nome_corretos:121 - [STEP] Finalizando: montar_linhas_ext | Tempo gasto: 0.0s
2026-08-14 09:41:14.331 | INFO    |test_geracao_ext:test_gerar_arquivo_ext_grava_no_caminho_e_nome_corretos:125 - [STEP] Iniciando: gerar_arquivo_ext
2026-08-14 09:41:14.342 | INFO    |comum.utils.decoradores:wrapper:22 - [HU-12 EXT] Arquivo gravado em [C:\Users\Btime Soluções\AppData\Local\Temp\pytest-of-Btime Soluções\pytest-21\test_gerar_arquivo_ext_grava_n0\Claro\2025\202507\AGI\DE_AGI_D_202507_TBRA_X_CLARO_EXT.xlsx].
2026-08-14 09:41:14.343 | INFO    |test_geracao_ext:test_gerar_arquivo_ext_grava_no_caminho_e_nome_corretos:125 - [STEP] Finalizando: gerar_arquivo_ext | Tempo gasto: 0.01s
2026-08-14 09:41:14.353 | INFO    |comum.dados.repositorio_cache:__init__:77 - Inicializando conexão com o banco no ambiente [dev]
2026-08-14 09:41:14.354 | INFO    |comum.dados.repositorio_cache:__init__:77 - Utilizando SQLite local [C:\Users\BTIMES~1\AppData\Local\Temp\detraf_epico4_teste_rclx_oxd\TABELAS_DETRAF_TESTE.db]
2026-08-14 09:41:14.354 | INFO    |comum.dados.repositorio_cache:obter_tabela:214 - Carregando tabela [tbl_detraf_mapeamento_descritores]
2026-08-14 09:41:14.356 | INFO    |comum.dados.repositorio_cache:obter_tabela:214 - Tabela [tbl_detraf_mapeamento_descritores] carregada | Linhas: 25 | Colunas: 5
2026-08-14 09:41:14.361 | INFO    |test_geracao_int:test_montar_linhas_int_vazio_retorna_vazio:43 - [STEP] Iniciando: montar_linhas_int
2026-08-14 09:41:14.361 | INFO    |test_geracao_int:test_montar_linhas_int_vazio_retorna_vazio:43 - [STEP] Finalizando: montar_linhas_int | Tempo gasto: 0.0s
2026-08-14 09:41:14.365 | INFO    |comum.dados.repositorio_cache:__init__:77 - Inicializando conexão com o banco no ambiente [dev]
2026-08-14 09:41:14.366 | INFO    |comum.dados.repositorio_cache:__init__:77 - Utilizando SQLite local [C:\Users\BTIMES~1\AppData\Local\Temp\detraf_epico4_teste_rclx_oxd\TABELAS_DETRAF_TESTE.db]
2026-08-14 09:41:14.366 | INFO    |comum.dados.repositorio_cache:obter_tabela:214 - Carregando tabela [tbl_detraf_mapeamento_descritores]
2026-08-14 09:41:14.369 | INFO    |comum.dados.repositorio_cache:obter_tabela:214 - Tabela [tbl_detraf_mapeamento_descritores] carregada | Linhas: 25 | Colunas: 5
2026-08-14 09:41:14.373 | INFO    |test_geracao_int:test_montar_linhas_int_cenario_sem_contestacao_fica_vazio:53 - [STEP] Iniciando: montar_linhas_int
2026-08-14 09:41:14.376 | INFO    |comum.utils.decoradores:wrapper:22 - [HU-13 INT] Nenhuma linha COM retenção — INT não se aplica a este cenário.
2026-08-14 09:41:14.376 | INFO    |test_geracao_int:test_montar_linhas_int_cenario_sem_contestacao_fica_vazio:53 - [STEP] Finalizando: montar_linhas_int | Tempo gasto: 0.0s
2026-08-14 09:41:14.380 | INFO    |comum.dados.repositorio_cache:__init__:77 - Inicializando conexão com o banco no ambiente [dev]
2026-08-14 09:41:14.381 | INFO    |comum.dados.repositorio_cache:__init__:77 - Utilizando SQLite local [C:\Users\BTIMES~1\AppData\Local\Temp\detraf_epico4_teste_rclx_oxd\TABELAS_DETRAF_TESTE.db]
2026-08-14 09:41:14.381 | INFO    |comum.dados.repositorio_cache:obter_tabela:214 - Carregando tabela [tbl_detraf_mapeamento_descritores]
2026-08-14 09:41:14.383 | INFO    |comum.dados.repositorio_cache:obter_tabela:214 - Tabela [tbl_detraf_mapeamento_descritores] carregada | Linhas: 25 | Colunas: 5
2026-08-14 09:41:14.388 | INFO    |test_geracao_int:test_montar_linhas_int_cenario_sem_retencao_fica_vazio:62 - [STEP] Iniciando: montar_linhas_int
2026-08-14 09:41:14.391 | INFO    |comum.utils.decoradores:wrapper:22 - [HU-13 INT] Nenhuma linha COM retenção — INT não se aplica a este cenário.
2026-08-14 09:41:14.392 | INFO    |test_geracao_int:test_montar_linhas_int_cenario_sem_retencao_fica_vazio:62 - [STEP] Finalizando: montar_linhas_int | Tempo gasto: 0.0s
2026-08-14 09:41:14.396 | INFO    |comum.dados.repositorio_cache:__init__:77 - Inicializando conexão com o banco no ambiente [dev]
2026-08-14 09:41:14.396 | INFO    |comum.dados.repositorio_cache:__init__:77 - Utilizando SQLite local [C:\Users\BTIMES~1\AppData\Local\Temp\detraf_epico4_teste_rclx_oxd\TABELAS_DETRAF_TESTE.db]
2026-08-14 09:41:14.396 | INFO    |comum.dados.repositorio_cache:obter_tabela:214 - Carregando tabela [tbl_detraf_mapeamento_descritores]
2026-08-14 09:41:14.398 | INFO    |comum.dados.repositorio_cache:obter_tabela:214 - Tabela [tbl_detraf_mapeamento_descritores] carregada | Linhas: 25 | Colunas: 5
2026-08-14 09:41:14.403 | INFO    |test_geracao_int:test_montar_linhas_int_cenario_com_retencao_preenche_linhas:71 - [STEP] Iniciando: montar_linhas_int
2026-08-14 09:41:14.408 | INFO    |comum.utils.decoradores:wrapper:22 - [HU-13 INT] 1 linha(s) montada(s) (COM retenção).
2026-08-14 09:41:14.408 | INFO    |test_geracao_int:test_montar_linhas_int_cenario_com_retencao_preenche_linhas:71 - [STEP] Finalizando: montar_linhas_int | Tempo gasto: 0.01s
2026-08-14 09:41:14.412 | INFO    |comum.dados.repositorio_cache:__init__:77 - Inicializando conexão com o banco no ambiente [dev]
2026-08-14 09:41:14.413 | INFO    |comum.dados.repositorio_cache:__init__:77 - Utilizando SQLite local [C:\Users\BTIMES~1\AppData\Local\Temp\detraf_epico4_teste_rclx_oxd\TABELAS_DETRAF_TESTE.db]
2026-08-14 09:41:14.413 | INFO    |comum.dados.repositorio_cache:obter_tabela:214 - Carregando tabela [tbl_detraf_mapeamento_descritores]
2026-08-14 09:41:14.415 | INFO    |comum.dados.repositorio_cache:obter_tabela:214 - Tabela [tbl_detraf_mapeamento_descritores] carregada | Linhas: 25 | Colunas: 5
2026-08-14 09:41:14.419 | INFO    |test_geracao_int:test_montar_linhas_int_filtra_apenas_com_retencao:95 - [STEP] Iniciando: montar_linhas_int
2026-08-14 09:41:14.423 | INFO    |comum.utils.decoradores:wrapper:22 - [HU-13 INT] 1 linha(s) montada(s) (COM retenção).
2026-08-14 09:41:14.423 | INFO    |test_geracao_int:test_montar_linhas_int_filtra_apenas_com_retencao:95 - [STEP] Finalizando: montar_linhas_int | Tempo gasto: 0.0s
2026-08-14 09:41:14.429 | INFO    |test_geracao_int:test_gerar_arquivo_int_nao_grava_quando_vazio:102 - [STEP] Iniciando: gerar_arquivo_int
2026-08-14 09:41:14.429 | INFO    |comum.utils.decoradores:wrapper:22 - [HU-13 INT] Nada a gravar (sem linhas COM retenção) — arquivo não criado.
2026-08-14 09:41:14.429 | INFO    |test_geracao_int:test_gerar_arquivo_int_nao_grava_quando_vazio:102 - [STEP] Finalizando: gerar_arquivo_int | Tempo gasto: 0.0s
2026-08-14 09:41:14.433 | INFO    |comum.dados.repositorio_cache:__init__:77 - Inicializando conexão com o banco no ambiente [dev]
2026-08-14 09:41:14.434 | INFO    |comum.dados.repositorio_cache:__init__:77 - Utilizando SQLite local [C:\Users\BTIMES~1\AppData\Local\Temp\detraf_epico4_teste_rclx_oxd\TABELAS_DETRAF_TESTE.db]
2026-08-14 09:41:14.435 | INFO    |comum.dados.repositorio_cache:obter_tabela:214 - Carregando tabela [tbl_detraf_mapeamento_descritores]
2026-08-14 09:41:14.437 | INFO    |comum.dados.repositorio_cache:obter_tabela:214 - Tabela [tbl_detraf_mapeamento_descritores] carregada | Linhas: 25 | Colunas: 5
2026-08-14 09:41:14.442 | INFO    |test_geracao_int:test_gerar_arquivo_int_grava_no_caminho_e_nome_corretos:110 - [STEP] Iniciando: montar_linhas_int
2026-08-14 09:41:14.446 | INFO    |comum.utils.decoradores:wrapper:22 - [HU-13 INT] 1 linha(s) montada(s) (COM retenção).
2026-08-14 09:41:14.446 | INFO    |test_geracao_int:test_gerar_arquivo_int_grava_no_caminho_e_nome_corretos:110 - [STEP] Finalizando: montar_linhas_int | Tempo gasto: 0.0s
2026-08-14 09:41:14.446 | INFO    |test_geracao_int:test_gerar_arquivo_int_grava_no_caminho_e_nome_corretos:112 - [STEP] Iniciando: gerar_arquivo_int
2026-08-14 09:41:14.456 | INFO    |comum.utils.decoradores:wrapper:22 - [HU-13 INT] Arquivo gravado em [C:\Users\Btime Soluções\AppData\Local\Temp\pytest-of-Btime Soluções\pytest-21\test_gerar_arquivo_int_grava_n0\Claro\2025\202507\AGI\DE_AGI_D_202507_TBRA_X_CLARO_INT.xlsx].
2026-08-14 09:41:14.457 | INFO    |test_geracao_int:test_gerar_arquivo_int_grava_no_caminho_e_nome_corretos:112 - [STEP] Finalizando: gerar_arquivo_int | Tempo gasto: 0.01s
2026-08-14 09:41:14.494 | INFO    |comum.dados.repositorio_cache:__init__:77 - Inicializando conexão com o banco no ambiente [dev]
2026-08-14 09:41:14.494 | INFO    |comum.dados.repositorio_cache:__init__:77 - Utilizando SQLite local [C:\Users\BTIMES~1\AppData\Local\Temp\detraf_epico4_teste_rclx_oxd\TABELAS_DETRAF_TESTE.db]
2026-08-14 09:41:14.495 | INFO    |comum.dados.repositorio_cache:obter_tabela:214 - Carregando tabela [tbl_detraf_mapeamento_descritores]
2026-08-14 09:41:14.497 | INFO    |comum.dados.repositorio_cache:obter_tabela:214 - Tabela [tbl_detraf_mapeamento_descritores] carregada | Linhas: 25 | Colunas: 5
2026-08-14 09:41:14.505 | INFO    |comum.dados.repositorio_cache:__init__:77 - Inicializando conexão com o banco no ambiente [dev]
2026-08-14 09:41:14.506 | INFO    |comum.dados.repositorio_cache:__init__:77 - Utilizando SQLite local [C:\Users\BTIMES~1\AppData\Local\Temp\detraf_epico4_teste_rclx_oxd\TABELAS_DETRAF_TESTE.db]
2026-08-14 09:41:14.506 | INFO    |comum.dados.repositorio_cache:obter_tabela:214 - Carregando tabela [tbl_detraf_mapeamento_descritores]
2026-08-14 09:41:14.508 | INFO    |comum.dados.repositorio_cache:obter_tabela:214 - Tabela [tbl_detraf_mapeamento_descritores] carregada | Linhas: 25 | Colunas: 5
2026-08-14 09:41:14.516 | INFO    |comum.dados.repositorio_cache:__init__:77 - Inicializando conexão com o banco no ambiente [dev]
2026-08-14 09:41:14.516 | INFO    |comum.dados.repositorio_cache:__init__:77 - Utilizando SQLite local [C:\Users\BTIMES~1\AppData\Local\Temp\detraf_epico4_teste_rclx_oxd\TABELAS_DETRAF_TESTE.db]
2026-08-14 09:41:14.517 | INFO    |comum.dados.repositorio_cache:obter_tabela:214 - Carregando tabela [tbl_detraf_mapeamento_descritores]
2026-08-14 09:41:14.519 | INFO    |comum.dados.repositorio_cache:obter_tabela:214 - Tabela [tbl_detraf_mapeamento_descritores] carregada | Linhas: 25 | Colunas: 5
2026-08-14 09:41:14.527 | INFO    |comum.dados.repositorio_cache:__init__:77 - Inicializando conexão com o banco no ambiente [dev]
2026-08-14 09:41:14.527 | INFO    |comum.dados.repositorio_cache:__init__:77 - Utilizando SQLite local [C:\Users\BTIMES~1\AppData\Local\Temp\detraf_epico4_teste_rclx_oxd\TABELAS_DETRAF_TESTE.db]
2026-08-14 09:41:14.528 | INFO    |comum.dados.repositorio_cache:obter_tabela:214 - Carregando tabela [tbl_detraf_mapeamento_descritores]
2026-08-14 09:41:14.530 | INFO    |comum.dados.repositorio_cache:obter_tabela:214 - Tabela [tbl_detraf_mapeamento_descritores] carregada | Linhas: 25 | Colunas: 5
2026-08-14 09:41:14.538 | INFO    |comum.dados.repositorio_cache:__init__:77 - Inicializando conexão com o banco no ambiente [dev]
2026-08-14 09:41:14.538 | INFO    |comum.dados.repositorio_cache:__init__:77 - Utilizando SQLite local [C:\Users\BTIMES~1\AppData\Local\Temp\detraf_epico4_teste_rclx_oxd\TABELAS_DETRAF_TESTE.db]
2026-08-14 09:41:14.539 | INFO    |comum.dados.repositorio_cache:obter_tabela:214 - Carregando tabela [tbl_detraf_mapeamento_descritores]
2026-08-14 09:41:14.541 | INFO    |comum.dados.repositorio_cache:obter_tabela:214 - Tabela [tbl_detraf_mapeamento_descritores] carregada | Linhas: 25 | Colunas: 5
2026-08-14 09:41:14.549 | INFO    |comum.dados.repositorio_cache:__init__:77 - Inicializando conexão com o banco no ambiente [dev]
2026-08-14 09:41:14.549 | INFO    |comum.dados.repositorio_cache:__init__:77 - Utilizando SQLite local [C:\Users\BTIMES~1\AppData\Local\Temp\detraf_epico4_teste_rclx_oxd\TABELAS_DETRAF_TESTE.db]
2026-08-14 09:41:14.550 | INFO    |comum.dados.repositorio_cache:obter_tabela:214 - Carregando tabela [tbl_detraf_mapeamento_descritores]
2026-08-14 09:41:14.552 | INFO    |comum.dados.repositorio_cache:obter_tabela:214 - Tabela [tbl_detraf_mapeamento_descritores] carregada | Linhas: 25 | Colunas: 5
2026-08-14 09:41:14.561 | INFO    |comum.dados.repositorio_cache:__init__:77 - Inicializando conexão com o banco no ambiente [dev]
2026-08-14 09:41:14.561 | INFO    |comum.dados.repositorio_cache:__init__:77 - Utilizando SQLite local [C:\Users\BTIMES~1\AppData\Local\Temp\detraf_epico4_teste_rclx_oxd\TABELAS_DETRAF_TESTE.db]
2026-08-14 09:41:14.562 | INFO    |comum.dados.repositorio_cache:obter_tabela:214 - Carregando tabela [tbl_detraf_mapeamento_descritores]
2026-08-14 09:41:14.564 | INFO    |comum.dados.repositorio_cache:obter_tabela:214 - Tabela [tbl_detraf_mapeamento_descritores] carregada | Linhas: 25 | Colunas: 5
2026-08-14 09:41:14.573 | INFO    |comum.dados.repositorio_cache:__init__:77 - Inicializando conexão com o banco no ambiente [dev]
2026-08-14 09:41:14.573 | INFO    |comum.dados.repositorio_cache:__init__:77 - Utilizando SQLite local [C:\Users\BTIMES~1\AppData\Local\Temp\detraf_epico4_teste_rclx_oxd\TABELAS_DETRAF_TESTE.db]
2026-08-14 09:41:14.573 | INFO    |comum.dados.repositorio_cache:obter_tabela:214 - Carregando tabela [tbl_detraf_mapeamento_descritores]
2026-08-14 09:41:14.575 | INFO    |comum.dados.repositorio_cache:obter_tabela:214 - Tabela [tbl_detraf_mapeamento_descritores] carregada | Linhas: 25 | Colunas: 5
2026-08-14 09:41:14.582 | INFO    |comum.dados.repositorio_cache:__init__:77 - Inicializando conexão com o banco no ambiente [dev]
2026-08-14 09:41:14.582 | INFO    |comum.dados.repositorio_cache:__init__:77 - Utilizando SQLite local [C:\Users\BTIMES~1\AppData\Local\Temp\detraf_epico4_teste_rclx_oxd\TABELAS_DETRAF_TESTE.db]
2026-08-14 09:41:14.583 | INFO    |comum.dados.repositorio_cache:obter_tabela:214 - Carregando tabela [tbl_detraf_mapeamento_descritores]
2026-08-14 09:41:14.584 | INFO    |comum.dados.repositorio_cache:obter_tabela:214 - Tabela [tbl_detraf_mapeamento_descritores] carregada | Linhas: 25 | Colunas: 5
2026-08-14 09:41:14.592 | INFO    |comum.dados.repositorio_cache:__init__:77 - Inicializando conexão com o banco no ambiente [dev]
2026-08-14 09:41:14.592 | INFO    |comum.dados.repositorio_cache:__init__:77 - Utilizando SQLite local [C:\Users\BTIMES~1\AppData\Local\Temp\detraf_epico4_teste_rclx_oxd\TABELAS_DETRAF_TESTE.db]
2026-08-14 09:41:14.593 | INFO    |comum.dados.repositorio_cache:obter_tabela:214 - Carregando tabela [tbl_detraf_mapeamento_descritores]
2026-08-14 09:41:14.595 | INFO    |comum.dados.repositorio_cache:obter_tabela:214 - Tabela [tbl_detraf_mapeamento_descritores] carregada | Linhas: 25 | Colunas: 5
2026-08-14 09:41:14.604 | INFO    |comum.dados.repositorio_cache:__init__:77 - Inicializando conexão com o banco no ambiente [dev]
2026-08-14 09:41:14.604 | INFO    |comum.dados.repositorio_cache:__init__:77 - Utilizando SQLite local [C:\Users\BTIMES~1\AppData\Local\Temp\detraf_epico4_teste_rclx_oxd\TABELAS_DETRAF_TESTE.db]
2026-08-14 09:41:14.606 | INFO    |comum.dados.repositorio_cache:obter_tabela:214 - Carregando tabela [tbl_detraf_mapeamento_descritores]
2026-08-14 09:41:14.608 | INFO    |comum.dados.repositorio_cache:obter_tabela:214 - Tabela [tbl_detraf_mapeamento_descritores] carregada | Linhas: 25 | Colunas: 5
2026-08-14 09:41:14.615 | INFO    |comum.dados.repositorio_cache:__init__:77 - Inicializando conexão com o banco no ambiente [dev]
2026-08-14 09:41:14.615 | INFO    |comum.dados.repositorio_cache:__init__:77 - Utilizando SQLite local [C:\Users\BTIMES~1\AppData\Local\Temp\detraf_epico4_teste_rclx_oxd\TABELAS_DETRAF_TESTE.db]
2026-08-14 09:41:14.616 | INFO    |comum.dados.repositorio_cache:obter_tabela:214 - Carregando tabela [tbl_detraf_mapeamento_descritores]
2026-08-14 09:41:14.617 | INFO    |comum.dados.repositorio_cache:obter_tabela:214 - Tabela [tbl_detraf_mapeamento_descritores] carregada | Linhas: 25 | Colunas: 5
2026-08-14 09:41:14.625 | INFO    |comum.dados.repositorio_cache:__init__:77 - Inicializando conexão com o banco no ambiente [dev]
2026-08-14 09:41:14.626 | INFO    |comum.dados.repositorio_cache:__init__:77 - Utilizando SQLite local [C:\Users\BTIMES~1\AppData\Local\Temp\detraf_epico4_teste_rclx_oxd\TABELAS_DETRAF_TESTE.db]
2026-08-14 09:41:14.626 | INFO    |comum.dados.repositorio_cache:obter_tabela:214 - Carregando tabela [tbl_detraf_mapeamento_descritores]
2026-08-14 09:41:14.628 | INFO    |comum.dados.repositorio_cache:obter_tabela:214 - Tabela [tbl_detraf_mapeamento_descritores] carregada | Linhas: 25 | Colunas: 5
2026-08-14 09:41:14.677 | INFO    |comum.dados.repositorio_cache:__init__:77 - Inicializando conexão com o banco no ambiente [dev]
2026-08-14 09:41:14.678 | INFO    |comum.dados.repositorio_cache:__init__:77 - Utilizando SQLite local [C:\Users\BTIMES~1\AppData\Local\Temp\detraf_epico4_teste_rclx_oxd\TABELAS_DETRAF_TESTE.db]
2026-08-14 09:41:14.684 | INFO    |test_orquestracao_rpa3:test_varre_a_raiz_quando_nenhuma_e_informada:137 - [STEP] Iniciando: GeracaoAgiController.gerar_artefatos
2026-08-14 09:41:14.684 | INFO    |comum.utils.decoradores:wrapper:22 - [RPA 3] 1 operadora(s) em 202507: CLARO.
2026-08-14 09:41:14.685 | INFO    |comum.dados.repositorio_cache:obter_tabela:214 - Carregando tabela [tbl_detraf_mapeamento_descritores]
2026-08-14 09:41:14.687 | INFO    |comum.dados.repositorio_cache:obter_tabela:214 - Tabela [tbl_detraf_mapeamento_descritores] carregada | Linhas: 25 | Colunas: 5
2026-08-14 09:41:14.692 | INFO    |src.controllers.geracao_agi_controller:_gerar_para_operadora:558 - [STEP] Iniciando: consolidar_detrafs_operadora
2026-08-14 09:41:14.692 | INFO    |src.services.consolidacao_contestacao:consolidar_detrafs_operadora:174 - [Consolidação] 1 arquivo(s) encontrado(s) em [C:\Users\Btime Soluções\AppData\Local\Temp\pytest-of-Btime Soluções\pytest-21\test_varre_a_raiz_quando_nenhu0\Operadoras\CLARO\2025\202507\Detrafs Recebidos].
2026-08-14 09:41:14.695 | INFO    |src.services.consolidacao_contestacao:consolidar_detrafs_operadora:177 - [Consolidação] [DETRAF_D_CLARO_202507.csv]: 1 linha(s) -> 1 após remover totais.
2026-08-14 09:41:14.695 | INFO    |src.services.consolidacao_contestacao:consolidar_detrafs_operadora:177 - [Consolidação] Consolidado: 1 linha(s) de 1 arquivo(s).
2026-08-14 09:41:14.695 | INFO    |src.controllers.geracao_agi_controller:_gerar_para_operadora:558 - [STEP] Finalizando: consolidar_detrafs_operadora | Tempo gasto: 0.0s
2026-08-14 09:41:14.695 | INFO    |src.controllers.geracao_agi_controller:_gerar_para_operadora:574 - [STEP] Iniciando: consolidar_expectativa_vivo
2026-08-14 09:41:14.696 | INFO    |src.services.consolidacao_contestacao:consolidar_expectativa_vivo:207 - [Consolidação] 1 arquivo(s) encontrado(s) em [C:\Users\Btime Soluções\AppData\Local\Temp\pytest-of-Btime Soluções\pytest-21\test_varre_a_raiz_quando_nenhu0\Operadoras\CLARO\2025\202507\Detrafs Enviados].
2026-08-14 09:41:14.698 | INFO    |src.services.consolidacao_contestacao:consolidar_expectativa_vivo:211 - [Consolidação] [DE_D_TBRA_CLARO_202507.csv]: 1 linha(s) -> 1 após remover totais.
2026-08-14 09:41:14.698 | INFO    |src.services.consolidacao_contestacao:consolidar_expectativa_vivo:211 - [Consolidação] Consolidado: 1 linha(s) de 1 arquivo(s).
2026-08-14 09:41:14.699 | INFO    |src.controllers.geracao_agi_controller:_gerar_para_operadora:574 - [STEP] Finalizando: consolidar_expectativa_vivo | Tempo gasto: 0.0s
2026-08-14 09:41:14.699 | INFO    |src.controllers.geracao_agi_controller:_gerar_para_operadora:586 - [STEP] Iniciando: montar_contest
2026-08-14 09:41:14.715 | INFO    |comum.utils.decoradores:wrapper:22 - [Consolidação] Contest: 1 combinação(ões) analisada(s).
2026-08-14 09:41:14.716 | INFO    |src.controllers.geracao_agi_controller:_gerar_para_operadora:586 - [STEP] Finalizando: montar_contest | Tempo gasto: 0.02s
2026-08-14 09:41:14.716 | INFO    |src.controllers.geracao_agi_controller:_gerar_para_operadora:595 - [STEP] Iniciando: GeracaoAgiController.atualizar_despesa_contestacao
2026-08-14 09:41:14.716 | INFO    |src.controllers.geracao_agi_controller:atualizar_despesa_contestacao:1066 - [STEP] Iniciando: preparar_atualizacoes_despesa_contestacao
2026-08-14 09:41:14.717 | INFO    |comum.dados.repositorio_cache:obter_tabela:214 - Carregando tabela [tbl_rpa_log_detraf_despesa_contestacao]
2026-08-14 09:41:14.720 | INFO    |comum.dados.repositorio_cache:obter_tabela:214 - Tabela [tbl_rpa_log_detraf_despesa_contestacao] carregada | Linhas: 2 | Colunas: 19
2026-08-14 09:41:14.724 | INFO    |comum.utils.decoradores:wrapper:22 - [HU-19 Despesa Contestação] 1 atualização(ões) preparada(s).
2026-08-14 09:41:14.724 | INFO    |src.controllers.geracao_agi_controller:atualizar_despesa_contestacao:1066 - [STEP] Finalizando: preparar_atualizacoes_despesa_contestacao | Tempo gasto: 0.01s
2026-08-14 09:41:14.724 | WARNING |comum.dados.repositorio_tabelas:atualizar_despesa_contestacao:1019 - [HU-19 Despesa Contestação] A tabela 'tbl_rpa_log_detraf_despesa_contestacao' não tem a(s) coluna(s) vb_contestacao — NÃO gravada(s). As demais seguem normalmente. Um ALTER TABLE resolve; ver pendencias-para-o-cliente.md (Q24).
2026-08-14 09:41:14.730 | INFO    |comum.dados.repositorio_tabelas:_atualizar_contestacao_em_lote:976 - 1 linha(s) atualizada(s) em [tbl_rpa_log_detraf_despesa_contestacao].
2026-08-14 09:41:14.730 | INFO    |comum.dados.repositorio_cache:recarregar_cache_local:375 - Carregando tabela [tbl_rpa_log_detraf_despesa_contestacao]
2026-08-14 09:41:14.732 | INFO    |comum.dados.repositorio_cache:recarregar_cache_local:375 - Tabela [tbl_rpa_log_detraf_despesa_contestacao] carregada | Linhas: 2 | Colunas: 19
2026-08-14 09:41:14.732 | INFO    |comum.dados.repositorio_tabelas:atualizar_despesa_contestacao:1019 - [HU-19 Despesa Contestação] 1 linha(s) atualizada(s), 0 chave(s) ausente(s).
2026-08-14 09:41:14.732 | INFO    |src.controllers.geracao_agi_controller:_gerar_para_operadora:595 - [STEP] Finalizando: GeracaoAgiController.atualizar_despesa_contestacao | Tempo gasto: 0.02s
2026-08-14 09:41:14.733 | INFO    |src.controllers.geracao_agi_controller:_gerar_ext:633 - [STEP] Iniciando: montar_linhas_ext
2026-08-14 09:41:14.739 | INFO    |comum.utils.decoradores:wrapper:22 - [HU-12 EXT] 1 linha(s) montada(s).
2026-08-14 09:41:14.739 | INFO    |src.controllers.geracao_agi_controller:_gerar_ext:633 - [STEP] Finalizando: montar_linhas_ext | Tempo gasto: 0.01s
2026-08-14 09:41:14.740 | INFO    |src.controllers.geracao_agi_controller:_gerar_ext:639 - [STEP] Iniciando: gerar_arquivo_ext
2026-08-14 09:41:14.748 | INFO    |comum.utils.decoradores:wrapper:22 - [HU-12 EXT] Arquivo gravado em [C:\Users\Btime Soluções\AppData\Local\Temp\pytest-of-Btime Soluções\pytest-21\test_varre_a_raiz_quando_nenhu0\Operadoras\CLARO\2025\202507\AGI\DE_AGI_D_202507_TBRA_X_CLARO_EXT.xlsx].
2026-08-14 09:41:14.749 | INFO    |src.controllers.geracao_agi_controller:_gerar_ext:639 - [STEP] Finalizando: gerar_arquivo_ext | Tempo gasto: 0.01s
2026-08-14 09:41:14.749 | INFO    |src.controllers.geracao_agi_controller:_gerar_int:648 - [STEP] Iniciando: montar_linhas_int
2026-08-14 09:41:14.758 | INFO    |comum.utils.decoradores:wrapper:22 - [HU-13 INT] 1 linha(s) montada(s) (COM retenção).
2026-08-14 09:41:14.758 | INFO    |src.controllers.geracao_agi_controller:_gerar_int:648 - [STEP] Finalizando: montar_linhas_int | Tempo gasto: 0.01s
2026-08-14 09:41:14.758 | INFO    |src.controllers.geracao_agi_controller:_gerar_int:654 - [STEP] Iniciando: gerar_arquivo_int
2026-08-14 09:41:14.766 | INFO    |comum.utils.decoradores:wrapper:22 - [HU-13 INT] Arquivo gravado em [C:\Users\Btime Soluções\AppData\Local\Temp\pytest-of-Btime Soluções\pytest-21\test_varre_a_raiz_quando_nenhu0\Operadoras\CLARO\2025\202507\AGI\DE_AGI_D_202507_TBRA_X_CLARO_INT.xlsx].
2026-08-14 09:41:14.766 | INFO    |src.controllers.geracao_agi_controller:_gerar_int:654 - [STEP] Finalizando: gerar_arquivo_int | Tempo gasto: 0.01s
2026-08-14 09:41:14.766 | INFO    |src.controllers.geracao_agi_controller:_gerar_env_e_carta:682 - [STEP] Iniciando: montar_abas_env
2026-08-14 09:41:14.773 | INFO    |comum.utils.decoradores:wrapper:22 - [HU-14 _EXP] Contest: 1 linha(s) contestada(s); TBRA: 1 linha(s) correspondente(s).
2026-08-14 09:41:14.774 | INFO    |src.controllers.geracao_agi_controller:_gerar_env_e_carta:682 - [STEP] Finalizando: montar_abas_env | Tempo gasto: 0.01s
2026-08-14 09:41:14.774 | INFO    |src.controllers.geracao_agi_controller:_gerar_env_e_carta:690 - [STEP] Iniciando: gerar_arquivo_env
2026-08-14 09:41:14.783 | INFO    |comum.utils.decoradores:wrapper:22 - [HU-14 _EXP] Arquivo gravado em [C:\Users\Btime Soluções\AppData\Local\Temp\pytest-of-Btime Soluções\pytest-21\test_varre_a_raiz_quando_nenhu0\Operadoras\CLARO\2025\202507\Contestações\Base Contestação_CLARO_202507_EXP.xlsx].
2026-08-14 09:41:14.784 | INFO    |src.controllers.geracao_agi_controller:_gerar_env_e_carta:690 - [STEP] Finalizando: gerar_arquivo_env | Tempo gasto: 0.01s
2026-08-14 09:41:14.789 | ERROR   |src.controllers.geracao_agi_controller:_gerar_para_operadora:606 - [RPA 3] Numeração CT indisponível: CAMINHO_CONTROLE_CT não está configurado. É a pasta '...\Correspondências Enviadas\CT', de onde sai o último número de carta emitido — sem ela a HU-14 não pode gerar carta sem arriscar duplicar a numeração. A geração de CARTA fica desabilitada para toda esta execução — os demais artefatos continuam sendo gerados.
2026-08-14 09:41:14.789 | INFO    |src.controllers.geracao_agi_controller:_gerar_para_operadora:617 - [STEP] Iniciando: GeracaoAgiController.gerar_cont_proc
2026-08-14 09:41:14.789 | INFO    |src.controllers.geracao_agi_controller:gerar_cont_proc:1030 - [STEP] Iniciando: montar_linhas_cont_proc
2026-08-14 09:41:14.790 | INFO    |src.services.geracao_cont_proc:montar_linhas_cont_proc:224 - [STEP] Iniciando: selecionar_linhas_contestadas
2026-08-14 09:41:14.793 | INFO    |comum.utils.decoradores:wrapper:22 - [HU-16 CONT_PROC] 1 linha(s) contestada(s).
2026-08-14 09:41:14.793 | INFO    |src.services.geracao_cont_proc:montar_linhas_cont_proc:224 - [STEP] Finalizando: selecionar_linhas_contestadas | Tempo gasto: 0.0s
2026-08-14 09:41:14.795 | INFO    |comum.utils.decoradores:wrapper:22 - [HU-16 CONT_PROC] 1 linha(s) montada(s) (T-100+T-101 completos).
2026-08-14 09:41:14.795 | INFO    |src.controllers.geracao_agi_controller:gerar_cont_proc:1030 - [STEP] Finalizando: montar_linhas_cont_proc | Tempo gasto: 0.01s
2026-08-14 09:41:14.795 | INFO    |src.controllers.geracao_agi_controller:gerar_cont_proc:1036 - [STEP] Iniciando: gerar_arquivo_cont_proc
2026-08-14 09:41:14.803 | INFO    |comum.utils.decoradores:wrapper:22 - [HU-16 CONT_PROC] Arquivo gravado em [C:\Users\Btime Soluções\AppData\Local\Temp\pytest-of-Btime Soluções\pytest-21\test_varre_a_raiz_quando_nenhu0\Operadoras\CLARO\2025\202507\AGI\CONT_PROC_MASCARA_CLARO_202507.xlsx].
2026-08-14 09:41:14.804 | INFO    |src.controllers.geracao_agi_controller:gerar_cont_proc:1036 - [STEP] Finalizando: gerar_arquivo_cont_proc | Tempo gasto: 0.01s
2026-08-14 09:41:14.804 | INFO    |src.controllers.geracao_agi_controller:gerar_cont_proc:1046 - [STEP] Iniciando: selecionar_linhas_contestadas
2026-08-14 09:41:14.809 | INFO    |comum.utils.decoradores:wrapper:22 - [HU-16 CONT_PROC] 1 linha(s) contestada(s).
2026-08-14 09:41:14.809 | INFO    |src.controllers.geracao_agi_controller:gerar_cont_proc:1046 - [STEP] Finalizando: selecionar_linhas_contestadas | Tempo gasto: 0.01s
2026-08-14 09:41:14.812 | INFO    |comum.dados.repositorio_tabelas:_atualizar_contestacao_em_lote:976 - 1 linha(s) atualizada(s) em [tbl_rpa_log_detraf_despesa_contestacao].
2026-08-14 09:41:14.812 | INFO    |comum.dados.repositorio_cache:recarregar_cache_local:375 - Carregando tabela [tbl_rpa_log_detraf_despesa_contestacao]
2026-08-14 09:41:14.814 | INFO    |comum.dados.repositorio_cache:recarregar_cache_local:375 - Tabela [tbl_rpa_log_detraf_despesa_contestacao] carregada | Linhas: 2 | Colunas: 19
2026-08-14 09:41:14.814 | INFO    |comum.dados.repositorio_tabelas:atualizar_tipo_contestacao:1046 - [HU-16 Writeback tipo_contestacao] 1 linha(s) atualizada(s), 0 chave(s) ausente(s).
2026-08-14 09:41:14.814 | INFO    |src.controllers.geracao_agi_controller:_gerar_para_operadora:617 - [STEP] Finalizando: GeracaoAgiController.gerar_cont_proc | Tempo gasto: 0.02s
2026-08-14 09:41:14.814 | INFO    |src.controllers.geracao_agi_controller:_pausar_apos_artefatos:530 - [RPA 3 — etapa 1/4: artefatos] 1 operadora(s) em 202507:
2026-08-14 09:41:14.815 | INFO    |src.controllers.geracao_agi_controller:_pausar_apos_artefatos:530 - [RPA 3 — etapa 1/4: artefatos]   CLARO                EXT · INT · _EXP · CONT_PROC
2026-08-14 09:41:14.815 | INFO    |src.controllers.geracao_agi_controller:_pausar_apos_artefatos:530 - [RPA 3 — etapa 1/4: artefatos]                        pulado: carta desabilitada nesta execução (numeração CT)
2026-08-14 09:41:14.815 | INFO    |src.controllers.geracao_agi_controller:_pausar_apos_artefatos:530 - [RPA 3 — etapa 1/4: artefatos] Pasta: C:\Users\Btime Soluções\AppData\Local\Temp\pytest-of-Btime Soluções\pytest-21\test_varre_a_raiz_quando_nenhu0\Operadoras
2026-08-14 09:41:14.815 | INFO    |src.controllers.geracao_agi_controller:_pausar_apos_artefatos:530 - [RPA 3 — etapa 1/4: artefatos] ────────────────────────────────────────────────────────────
2026-08-14 09:41:14.815 | INFO    |src.controllers.geracao_agi_controller:_pausar_apos_artefatos:530 - [RPA 3 — etapa 1/4: artefatos] PRÓXIMA ETAPA: carga no AGI (HU-17/HU-18) — ESCREVE NO AGI
2026-08-14 09:41:14.816 | INFO    |src.controllers.geracao_agi_controller:gerar_artefatos:332 - [RPA 3 — etapa 2/4: carga no AGI] 1 operadora(s) na lista de carga.
2026-08-14 09:41:14.816 | INFO    |src.controllers.geracao_agi_controller:gerar_artefatos:332 - [RPA 3 — etapa 2/4: carga no AGI] Upload no AGI: desligado — nada foi enviado, só registrado no log.
2026-08-14 09:41:14.816 | INFO    |src.controllers.geracao_agi_controller:gerar_artefatos:332 - [RPA 3 — etapa 2/4: carga no AGI] Confira no AGI se a carga entrou, e o campo `carga_agi` na tabela de contestação.
2026-08-14 09:41:14.816 | INFO    |src.controllers.geracao_agi_controller:gerar_artefatos:332 - [RPA 3 — etapa 2/4: carga no AGI] ────────────────────────────────────────────────────────────
2026-08-14 09:41:14.816 | INFO    |src.controllers.geracao_agi_controller:gerar_artefatos:332 - [RPA 3 — etapa 2/4: carga no AGI] PRÓXIMA ETAPA: e-mail de contestação à operadora (HU-15) — SAI DA EMPRESA
2026-08-14 09:41:14.816 | INFO    |src.controllers.geracao_agi_controller:gerar_artefatos:368 - [RPA 3 — etapa 3/4: e-mail de contestação] Envio de e-mail: desligado — o e-mail foi montado e registrado, não enviado.
2026-08-14 09:41:14.816 | INFO    |src.controllers.geracao_agi_controller:gerar_artefatos:368 - [RPA 3 — etapa 3/4: e-mail de contestação] Contatos: não configurados (pendência Q16) — nada é enviado
2026-08-14 09:41:14.817 | INFO    |src.controllers.geracao_agi_controller:gerar_artefatos:368 - [RPA 3 — etapa 3/4: e-mail de contestação] ────────────────────────────────────────────────────────────
2026-08-14 09:41:14.817 | INFO    |src.controllers.geracao_agi_controller:gerar_artefatos:368 - [RPA 3 — etapa 3/4: e-mail de contestação] PRÓXIMA ETAPA: conferência do relatório contra o EC (HU-20)
2026-08-14 09:41:14.817 | INFO    |src.controllers.geracao_agi_controller:_verificar_relatorio:895 - [STEP] Iniciando: VerificacaoRelatorio.executar
2026-08-14 09:41:14.817 | INFO    |comum.utils.decoradores:wrapper:22 - [MODO SEGURO] PERMITIR_ACESSO_AGI=false — o AGI não será aberto. A verificação usa o relatório já em [C:\projetos\MVP2\MVP2\MVP2\DETRAF-UNIFICADO\unificado\logs\relatorio_agi\remessa_baixada.csv].
2026-08-14 09:41:14.817 | INFO    |src.controllers.geracao_agi_controller:_verificar_relatorio:895 - [STEP] Finalizando: VerificacaoRelatorio.executar | Tempo gasto: 0.0s
2026-08-14 09:41:14.817 | WARNING |src.controllers.geracao_agi_controller:gerar_artefatos:398 - [RPA 3] HU-20 não executada: Relatório do AGI não encontrado em [C:\projetos\MVP2\MVP2\MVP2\DETRAF-UNIFICADO\unificado\logs\relatorio_agi\remessa_baixada.csv]. Com PERMITIR_ACESSO_AGI desligado, é preciso baixá-lo antes.
2026-08-14 09:41:14.817 | INFO    |src.controllers.geracao_agi_controller:gerar_artefatos:402 - [RPA 3 — etapa 4/4: conferência do relatório] A conferência compara o relatório do AGI com o Encontro de Contas do banco.
2026-08-14 09:41:14.818 | INFO    |src.controllers.geracao_agi_controller:gerar_artefatos:402 - [RPA 3 — etapa 4/4: conferência do relatório] A planilha de inconsistências só é gravada quando há divergência — nenhum arquivo significa nenhuma divergência.
2026-08-14 09:41:14.818 | INFO    |src.controllers.geracao_agi_controller:gerar_artefatos:402 - [RPA 3 — etapa 4/4: conferência do relatório] Pasta: C:\projetos\MVP2\MVP2\MVP2\DETRAF-UNIFICADO\unificado\logs\inconsistencias
2026-08-14 09:41:14.818 | INFO    |src.controllers.geracao_agi_controller:gerar_artefatos:402 - [RPA 3 — etapa 4/4: conferência do relatório] ────────────────────────────────────────────────────────────
2026-08-14 09:41:14.818 | INFO    |src.controllers.geracao_agi_controller:gerar_artefatos:402 - [RPA 3 — etapa 4/4: conferência do relatório] Esta é a última etapa da execução.
2026-08-14 09:41:14.819 | INFO    |src.controllers.geracao_agi_controller:gerar_artefatos:415 - [RPA 3] Resumo de 202507 — 1 operadora(s): EXT 1, INT 1, _EXP 1, carta 0, CONT_PROC 1.
2026-08-14 09:41:14.819 | INFO    |src.controllers.geracao_agi_controller:gerar_artefatos:415 - [RPA 3]   CLARO: carta desabilitada nesta execução (numeração CT).
2026-08-14 09:41:14.819 | WARNING |src.controllers.geracao_agi_controller:gerar_artefatos:415 - [RPA 3] HU-15 sem destinatários: a tabela de contatos do WebFat continua sem resposta do cliente (pendência Q16). A ponte é apontar CAMINHO_CONTATOS_OPERADORAS para um CSV `operadora;emails`.
2026-08-14 09:41:14.820 | INFO    |src.controllers.geracao_agi_controller:_gravar_relatorio:956 - [Relatório] Resumo da execução em [C:\projetos\MVP2\MVP2\MVP2\DETRAF-UNIFICADO\unificado\logs\DESKTOP-64TNDKM\rpa3_contestacao_agi_ec\execucoes\2026-08-14_09-41-14.md].
2026-08-14 09:41:14.821 | INFO    |test_orquestracao_rpa3:test_varre_a_raiz_quando_nenhuma_e_informada:137 - [STEP] Finalizando: GeracaoAgiController.gerar_artefatos | Tempo gasto: 0.14s
2026-08-14 09:41:14.825 | INFO    |comum.dados.repositorio_cache:__init__:77 - Inicializando conexão com o banco no ambiente [dev]
2026-08-14 09:41:14.825 | INFO    |comum.dados.repositorio_cache:__init__:77 - Utilizando SQLite local [C:\Users\BTIMES~1\AppData\Local\Temp\detraf_epico4_teste_rclx_oxd\TABELAS_DETRAF_TESTE.db]
2026-08-14 09:41:14.829 | INFO    |test_orquestracao_rpa3:test_mes_sem_nenhuma_operadora_nao_e_erro:146 - [STEP] Iniciando: GeracaoAgiController.gerar_artefatos
2026-08-14 09:41:14.829 | WARNING |comum.utils.decoradores:wrapper:22 - [RPA 3] Nenhuma operadora com Detraf recebido em 202507. Nada a fazer.
2026-08-14 09:41:14.830 | INFO    |test_orquestracao_rpa3:test_mes_sem_nenhuma_operadora_nao_e_erro:146 - [STEP] Finalizando: GeracaoAgiController.gerar_artefatos | Tempo gasto: 0.0s
2026-08-14 09:41:14.833 | INFO    |comum.dados.repositorio_cache:__init__:77 - Inicializando conexão com o banco no ambiente [dev]
2026-08-14 09:41:14.833 | INFO    |comum.dados.repositorio_cache:__init__:77 - Utilizando SQLite local [C:\Users\BTIMES~1\AppData\Local\Temp\detraf_epico4_teste_rclx_oxd\TABELAS_DETRAF_TESTE.db]
2026-08-14 09:41:14.843 | INFO    |test_orquestracao_rpa3:test_lista_explicita_permite_reprocessar_uma_operadora:161 - [STEP] Iniciando: GeracaoAgiController.gerar_artefatos
2026-08-14 09:41:14.843 | INFO    |comum.utils.decoradores:wrapper:22 - [RPA 3] 1 operadora(s) em 202507: CLARO.
2026-08-14 09:41:14.843 | INFO    |comum.dados.repositorio_cache:obter_tabela:214 - Carregando tabela [tbl_detraf_mapeamento_descritores]
2026-08-14 09:41:14.845 | INFO    |comum.dados.repositorio_cache:obter_tabela:214 - Tabela [tbl_detraf_mapeamento_descritores] carregada | Linhas: 25 | Colunas: 5
2026-08-14 09:41:14.848 | INFO    |src.controllers.geracao_agi_controller:_gerar_para_operadora:558 - [STEP] Iniciando: consolidar_detrafs_operadora
2026-08-14 09:41:14.848 | INFO    |src.services.consolidacao_contestacao:consolidar_detrafs_operadora:174 - [Consolidação] 1 arquivo(s) encontrado(s) em [C:\Users\Btime Soluções\AppData\Local\Temp\pytest-of-Btime Soluções\pytest-21\test_lista_explicita_permite_r0\Operadoras\CLARO\2025\202507\Detrafs Recebidos].
2026-08-14 09:41:14.850 | INFO    |src.services.consolidacao_contestacao:consolidar_detrafs_operadora:177 - [Consolidação] [DETRAF_D_CLARO_202507.csv]: 1 linha(s) -> 1 após remover totais.
2026-08-14 09:41:14.851 | INFO    |src.services.consolidacao_contestacao:consolidar_detrafs_operadora:177 - [Consolidação] Consolidado: 1 linha(s) de 1 arquivo(s).
2026-08-14 09:41:14.851 | INFO    |src.controllers.geracao_agi_controller:_gerar_para_operadora:558 - [STEP] Finalizando: consolidar_detrafs_operadora | Tempo gasto: 0.0s
2026-08-14 09:41:14.852 | INFO    |src.controllers.geracao_agi_controller:_gerar_para_operadora:574 - [STEP] Iniciando: consolidar_expectativa_vivo
2026-08-14 09:41:14.852 | INFO    |src.services.consolidacao_contestacao:consolidar_expectativa_vivo:207 - [Consolidação] 1 arquivo(s) encontrado(s) em [C:\Users\Btime Soluções\AppData\Local\Temp\pytest-of-Btime Soluções\pytest-21\test_lista_explicita_permite_r0\Operadoras\CLARO\2025\202507\Detrafs Enviados].
2026-08-14 09:41:14.855 | INFO    |src.services.consolidacao_contestacao:consolidar_expectativa_vivo:211 - [Consolidação] [DE_D_TBRA_CLARO_202507.csv]: 1 linha(s) -> 1 após remover totais.
2026-08-14 09:41:14.856 | INFO    |src.services.consolidacao_contestacao:consolidar_expectativa_vivo:211 - [Consolidação] Consolidado: 1 linha(s) de 1 arquivo(s).
2026-08-14 09:41:14.857 | INFO    |src.controllers.geracao_agi_controller:_gerar_para_operadora:574 - [STEP] Finalizando: consolidar_expectativa_vivo | Tempo gasto: 0.01s
2026-08-14 09:41:14.857 | INFO    |src.controllers.geracao_agi_controller:_gerar_para_operadora:586 - [STEP] Iniciando: montar_contest
2026-08-14 09:41:14.871 | INFO    |comum.utils.decoradores:wrapper:22 - [Consolidação] Contest: 1 combinação(ões) analisada(s).
2026-08-14 09:41:14.871 | INFO    |src.controllers.geracao_agi_controller:_gerar_para_operadora:586 - [STEP] Finalizando: montar_contest | Tempo gasto: 0.01s
2026-08-14 09:41:14.872 | INFO    |src.controllers.geracao_agi_controller:_gerar_para_operadora:595 - [STEP] Iniciando: GeracaoAgiController.atualizar_despesa_contestacao
2026-08-14 09:41:14.872 | INFO    |src.controllers.geracao_agi_controller:atualizar_despesa_contestacao:1066 - [STEP] Iniciando: preparar_atualizacoes_despesa_contestacao
2026-08-14 09:41:14.872 | INFO    |comum.dados.repositorio_cache:obter_tabela:214 - Carregando tabela [tbl_rpa_log_detraf_despesa_contestacao]
2026-08-14 09:41:14.874 | INFO    |comum.dados.repositorio_cache:obter_tabela:214 - Tabela [tbl_rpa_log_detraf_despesa_contestacao] carregada | Linhas: 2 | Colunas: 19
2026-08-14 09:41:14.877 | INFO    |comum.utils.decoradores:wrapper:22 - [HU-19 Despesa Contestação] 1 atualização(ões) preparada(s).
2026-08-14 09:41:14.877 | INFO    |src.controllers.geracao_agi_controller:atualizar_despesa_contestacao:1066 - [STEP] Finalizando: preparar_atualizacoes_despesa_contestacao | Tempo gasto: 0.01s
2026-08-14 09:41:14.878 | WARNING |comum.dados.repositorio_tabelas:atualizar_despesa_contestacao:1019 - [HU-19 Despesa Contestação] A tabela 'tbl_rpa_log_detraf_despesa_contestacao' não tem a(s) coluna(s) vb_contestacao — NÃO gravada(s). As demais seguem normalmente. Um ALTER TABLE resolve; ver pendencias-para-o-cliente.md (Q24).
2026-08-14 09:41:14.884 | INFO    |comum.dados.repositorio_tabelas:_atualizar_contestacao_em_lote:976 - 1 linha(s) atualizada(s) em [tbl_rpa_log_detraf_despesa_contestacao].
2026-08-14 09:41:14.884 | INFO    |comum.dados.repositorio_cache:recarregar_cache_local:375 - Carregando tabela [tbl_rpa_log_detraf_despesa_contestacao]
2026-08-14 09:41:14.886 | INFO    |comum.dados.repositorio_cache:recarregar_cache_local:375 - Tabela [tbl_rpa_log_detraf_despesa_contestacao] carregada | Linhas: 2 | Colunas: 19
2026-08-14 09:41:14.886 | INFO    |comum.dados.repositorio_tabelas:atualizar_despesa_contestacao:1019 - [HU-19 Despesa Contestação] 1 linha(s) atualizada(s), 0 chave(s) ausente(s).
2026-08-14 09:41:14.886 | INFO    |src.controllers.geracao_agi_controller:_gerar_para_operadora:595 - [STEP] Finalizando: GeracaoAgiController.atualizar_despesa_contestacao | Tempo gasto: 0.01s
2026-08-14 09:41:14.887 | INFO    |src.controllers.geracao_agi_controller:_gerar_ext:633 - [STEP] Iniciando: montar_linhas_ext
2026-08-14 09:41:14.893 | INFO    |comum.utils.decoradores:wrapper:22 - [HU-12 EXT] 1 linha(s) montada(s).
2026-08-14 09:41:14.893 | INFO    |src.controllers.geracao_agi_controller:_gerar_ext:633 - [STEP] Finalizando: montar_linhas_ext | Tempo gasto: 0.01s
2026-08-14 09:41:14.893 | INFO    |src.controllers.geracao_agi_controller:_gerar_ext:639 - [STEP] Iniciando: gerar_arquivo_ext
2026-08-14 09:41:14.901 | INFO    |comum.utils.decoradores:wrapper:22 - [HU-12 EXT] Arquivo gravado em [C:\Users\Btime Soluções\AppData\Local\Temp\pytest-of-Btime Soluções\pytest-21\test_lista_explicita_permite_r0\Operadoras\CLARO\2025\202507\AGI\DE_AGI_D_202507_TBRA_X_CLARO_EXT.xlsx].
2026-08-14 09:41:14.901 | INFO    |src.controllers.geracao_agi_controller:_gerar_ext:639 - [STEP] Finalizando: gerar_arquivo_ext | Tempo gasto: 0.01s
2026-08-14 09:41:14.902 | INFO    |src.controllers.geracao_agi_controller:_gerar_int:648 - [STEP] Iniciando: montar_linhas_int
2026-08-14 09:41:14.908 | INFO    |comum.utils.decoradores:wrapper:22 - [HU-13 INT] 1 linha(s) montada(s) (COM retenção).
2026-08-14 09:41:14.909 | INFO    |src.controllers.geracao_agi_controller:_gerar_int:648 - [STEP] Finalizando: montar_linhas_int | Tempo gasto: 0.01s
2026-08-14 09:41:14.909 | INFO    |src.controllers.geracao_agi_controller:_gerar_int:654 - [STEP] Iniciando: gerar_arquivo_int
2026-08-14 09:41:14.916 | INFO    |comum.utils.decoradores:wrapper:22 - [HU-13 INT] Arquivo gravado em [C:\Users\Btime Soluções\AppData\Local\Temp\pytest-of-Btime Soluções\pytest-21\test_lista_explicita_permite_r0\Operadoras\CLARO\2025\202507\AGI\DE_AGI_D_202507_TBRA_X_CLARO_INT.xlsx].
2026-08-14 09:41:14.917 | INFO    |src.controllers.geracao_agi_controller:_gerar_int:654 - [STEP] Finalizando: gerar_arquivo_int | Tempo gasto: 0.01s
2026-08-14 09:41:14.917 | INFO    |src.controllers.geracao_agi_controller:_gerar_env_e_carta:682 - [STEP] Iniciando: montar_abas_env
2026-08-14 09:41:14.924 | INFO    |comum.utils.decoradores:wrapper:22 - [HU-14 _EXP] Contest: 1 linha(s) contestada(s); TBRA: 1 linha(s) correspondente(s).
2026-08-14 09:41:14.924 | INFO    |src.controllers.geracao_agi_controller:_gerar_env_e_carta:682 - [STEP] Finalizando: montar_abas_env | Tempo gasto: 0.01s
2026-08-14 09:41:14.924 | INFO    |src.controllers.geracao_agi_controller:_gerar_env_e_carta:690 - [STEP] Iniciando: gerar_arquivo_env
2026-08-14 09:41:14.934 | INFO    |comum.utils.decoradores:wrapper:22 - [HU-14 _EXP] Arquivo gravado em [C:\Users\Btime Soluções\AppData\Local\Temp\pytest-of-Btime Soluções\pytest-21\test_lista_explicita_permite_r0\Operadoras\CLARO\2025\202507\Contestações\Base Contestação_CLARO_202507_EXP.xlsx].
2026-08-14 09:41:14.934 | INFO    |src.controllers.geracao_agi_controller:_gerar_env_e_carta:690 - [STEP] Finalizando: gerar_arquivo_env | Tempo gasto: 0.01s
2026-08-14 09:41:14.939 | ERROR   |src.controllers.geracao_agi_controller:_gerar_para_operadora:606 - [RPA 3] Numeração CT indisponível: CAMINHO_CONTROLE_CT não está configurado. É a pasta '...\Correspondências Enviadas\CT', de onde sai o último número de carta emitido — sem ela a HU-14 não pode gerar carta sem arriscar duplicar a numeração. A geração de CARTA fica desabilitada para toda esta execução — os demais artefatos continuam sendo gerados.
2026-08-14 09:41:14.940 | INFO    |src.controllers.geracao_agi_controller:_gerar_para_operadora:617 - [STEP] Iniciando: GeracaoAgiController.gerar_cont_proc
2026-08-14 09:41:14.940 | INFO    |src.controllers.geracao_agi_controller:gerar_cont_proc:1030 - [STEP] Iniciando: montar_linhas_cont_proc
2026-08-14 09:41:14.940 | INFO    |src.services.geracao_cont_proc:montar_linhas_cont_proc:224 - [STEP] Iniciando: selecionar_linhas_contestadas
2026-08-14 09:41:14.944 | INFO    |comum.utils.decoradores:wrapper:22 - [HU-16 CONT_PROC] 1 linha(s) contestada(s).
2026-08-14 09:41:14.944 | INFO    |src.services.geracao_cont_proc:montar_linhas_cont_proc:224 - [STEP] Finalizando: selecionar_linhas_contestadas | Tempo gasto: 0.0s
2026-08-14 09:41:14.946 | INFO    |comum.utils.decoradores:wrapper:22 - [HU-16 CONT_PROC] 1 linha(s) montada(s) (T-100+T-101 completos).
2026-08-14 09:41:14.946 | INFO    |src.controllers.geracao_agi_controller:gerar_cont_proc:1030 - [STEP] Finalizando: montar_linhas_cont_proc | Tempo gasto: 0.01s
2026-08-14 09:41:14.946 | INFO    |src.controllers.geracao_agi_controller:gerar_cont_proc:1036 - [STEP] Iniciando: gerar_arquivo_cont_proc
2026-08-14 09:41:14.956 | INFO    |comum.utils.decoradores:wrapper:22 - [HU-16 CONT_PROC] Arquivo gravado em [C:\Users\Btime Soluções\AppData\Local\Temp\pytest-of-Btime Soluções\pytest-21\test_lista_explicita_permite_r0\Operadoras\CLARO\2025\202507\AGI\CONT_PROC_MASCARA_CLARO_202507.xlsx].
2026-08-14 09:41:14.956 | INFO    |src.controllers.geracao_agi_controller:gerar_cont_proc:1036 - [STEP] Finalizando: gerar_arquivo_cont_proc | Tempo gasto: 0.01s
2026-08-14 09:41:14.957 | INFO    |src.controllers.geracao_agi_controller:gerar_cont_proc:1046 - [STEP] Iniciando: selecionar_linhas_contestadas
2026-08-14 09:41:14.961 | INFO    |comum.utils.decoradores:wrapper:22 - [HU-16 CONT_PROC] 1 linha(s) contestada(s).
2026-08-14 09:41:14.961 | INFO    |src.controllers.geracao_agi_controller:gerar_cont_proc:1046 - [STEP] Finalizando: selecionar_linhas_contestadas | Tempo gasto: 0.0s
2026-08-14 09:41:14.964 | INFO    |comum.dados.repositorio_tabelas:_atualizar_contestacao_em_lote:976 - 1 linha(s) atualizada(s) em [tbl_rpa_log_detraf_despesa_contestacao].
2026-08-14 09:41:14.965 | INFO    |comum.dados.repositorio_cache:recarregar_cache_local:375 - Carregando tabela [tbl_rpa_log_detraf_despesa_contestacao]
2026-08-14 09:41:14.966 | INFO    |comum.dados.repositorio_cache:recarregar_cache_local:375 - Tabela [tbl_rpa_log_detraf_despesa_contestacao] carregada | Linhas: 2 | Colunas: 19
2026-08-14 09:41:14.966 | INFO    |comum.dados.repositorio_tabelas:atualizar_tipo_contestacao:1046 - [HU-16 Writeback tipo_contestacao] 1 linha(s) atualizada(s), 0 chave(s) ausente(s).
2026-08-14 09:41:14.966 | INFO    |src.controllers.geracao_agi_controller:_gerar_para_operadora:617 - [STEP] Finalizando: GeracaoAgiController.gerar_cont_proc | Tempo gasto: 0.03s
2026-08-14 09:41:14.967 | INFO    |src.controllers.geracao_agi_controller:_pausar_apos_artefatos:530 - [RPA 3 — etapa 1/4: artefatos] 1 operadora(s) em 202507:
2026-08-14 09:41:14.967 | INFO    |src.controllers.geracao_agi_controller:_pausar_apos_artefatos:530 - [RPA 3 — etapa 1/4: artefatos]   CLARO                EXT · INT · _EXP · CONT_PROC
2026-08-14 09:41:14.967 | INFO    |src.controllers.geracao_agi_controller:_pausar_apos_artefatos:530 - [RPA 3 — etapa 1/4: artefatos]                        pulado: carta desabilitada nesta execução (numeração CT)
2026-08-14 09:41:14.967 | INFO    |src.controllers.geracao_agi_controller:_pausar_apos_artefatos:530 - [RPA 3 — etapa 1/4: artefatos] Pasta: C:\Users\Btime Soluções\AppData\Local\Temp\pytest-of-Btime Soluções\pytest-21\test_lista_explicita_permite_r0\Operadoras
2026-08-14 09:41:14.967 | INFO    |src.controllers.geracao_agi_controller:_pausar_apos_artefatos:530 - [RPA 3 — etapa 1/4: artefatos] ────────────────────────────────────────────────────────────
2026-08-14 09:41:14.967 | INFO    |src.controllers.geracao_agi_controller:_pausar_apos_artefatos:530 - [RPA 3 — etapa 1/4: artefatos] PRÓXIMA ETAPA: carga no AGI (HU-17/HU-18) — ESCREVE NO AGI
2026-08-14 09:41:14.967 | INFO    |src.controllers.geracao_agi_controller:gerar_artefatos:332 - [RPA 3 — etapa 2/4: carga no AGI] 1 operadora(s) na lista de carga.
2026-08-14 09:41:14.968 | INFO    |src.controllers.geracao_agi_controller:gerar_artefatos:332 - [RPA 3 — etapa 2/4: carga no AGI] Upload no AGI: desligado — nada foi enviado, só registrado no log.
2026-08-14 09:41:14.968 | INFO    |src.controllers.geracao_agi_controller:gerar_artefatos:332 - [RPA 3 — etapa 2/4: carga no AGI] Confira no AGI se a carga entrou, e o campo `carga_agi` na tabela de contestação.
2026-08-14 09:41:14.968 | INFO    |src.controllers.geracao_agi_controller:gerar_artefatos:332 - [RPA 3 — etapa 2/4: carga no AGI] ────────────────────────────────────────────────────────────
2026-08-14 09:41:14.969 | INFO    |src.controllers.geracao_agi_controller:gerar_artefatos:332 - [RPA 3 — etapa 2/4: carga no AGI] PRÓXIMA ETAPA: e-mail de contestação à operadora (HU-15) — SAI DA EMPRESA
2026-08-14 09:41:14.969 | INFO    |src.controllers.geracao_agi_controller:gerar_artefatos:368 - [RPA 3 — etapa 3/4: e-mail de contestação] Envio de e-mail: desligado — o e-mail foi montado e registrado, não enviado.
2026-08-14 09:41:14.969 | INFO    |src.controllers.geracao_agi_controller:gerar_artefatos:368 - [RPA 3 — etapa 3/4: e-mail de contestação] Contatos: não configurados (pendência Q16) — nada é enviado
2026-08-14 09:41:14.970 | INFO    |src.controllers.geracao_agi_controller:gerar_artefatos:368 - [RPA 3 — etapa 3/4: e-mail de contestação] ────────────────────────────────────────────────────────────
2026-08-14 09:41:14.970 | INFO    |src.controllers.geracao_agi_controller:gerar_artefatos:368 - [RPA 3 — etapa 3/4: e-mail de contestação] PRÓXIMA ETAPA: conferência do relatório contra o EC (HU-20)
2026-08-14 09:41:14.970 | INFO    |src.controllers.geracao_agi_controller:_verificar_relatorio:895 - [STEP] Iniciando: VerificacaoRelatorio.executar
2026-08-14 09:41:14.970 | INFO    |comum.utils.decoradores:wrapper:22 - [MODO SEGURO] PERMITIR_ACESSO_AGI=false — o AGI não será aberto. A verificação usa o relatório já em [C:\projetos\MVP2\MVP2\MVP2\DETRAF-UNIFICADO\unificado\logs\relatorio_agi\remessa_baixada.csv].
2026-08-14 09:41:14.971 | INFO    |src.controllers.geracao_agi_controller:_verificar_relatorio:895 - [STEP] Finalizando: VerificacaoRelatorio.executar | Tempo gasto: 0.0s
2026-08-14 09:41:14.971 | WARNING |src.controllers.geracao_agi_controller:gerar_artefatos:398 - [RPA 3] HU-20 não executada: Relatório do AGI não encontrado em [C:\projetos\MVP2\MVP2\MVP2\DETRAF-UNIFICADO\unificado\logs\relatorio_agi\remessa_baixada.csv]. Com PERMITIR_ACESSO_AGI desligado, é preciso baixá-lo antes.
2026-08-14 09:41:14.971 | INFO    |src.controllers.geracao_agi_controller:gerar_artefatos:402 - [RPA 3 — etapa 4/4: conferência do relatório] A conferência compara o relatório do AGI com o Encontro de Contas do banco.
2026-08-14 09:41:14.971 | INFO    |src.controllers.geracao_agi_controller:gerar_artefatos:402 - [RPA 3 — etapa 4/4: conferência do relatório] A planilha de inconsistências só é gravada quando há divergência — nenhum arquivo significa nenhuma divergência.
2026-08-14 09:41:14.971 | INFO    |src.controllers.geracao_agi_controller:gerar_artefatos:402 - [RPA 3 — etapa 4/4: conferência do relatório] Pasta: C:\projetos\MVP2\MVP2\MVP2\DETRAF-UNIFICADO\unificado\logs\inconsistencias
2026-08-14 09:41:14.971 | INFO    |src.controllers.geracao_agi_controller:gerar_artefatos:402 - [RPA 3 — etapa 4/4: conferência do relatório] ────────────────────────────────────────────────────────────
2026-08-14 09:41:14.972 | INFO    |src.controllers.geracao_agi_controller:gerar_artefatos:402 - [RPA 3 — etapa 4/4: conferência do relatório] Esta é a última etapa da execução.
2026-08-14 09:41:14.972 | INFO    |src.controllers.geracao_agi_controller:gerar_artefatos:415 - [RPA 3] Resumo de 202507 — 1 operadora(s): EXT 1, INT 1, _EXP 1, carta 0, CONT_PROC 1.
2026-08-14 09:41:14.972 | INFO    |src.controllers.geracao_agi_controller:gerar_artefatos:415 - [RPA 3]   CLARO: carta desabilitada nesta execução (numeração CT).
2026-08-14 09:41:14.972 | WARNING |src.controllers.geracao_agi_controller:gerar_artefatos:415 - [RPA 3] HU-15 sem destinatários: a tabela de contatos do WebFat continua sem resposta do cliente (pendência Q16). A ponte é apontar CAMINHO_CONTATOS_OPERADORAS para um CSV `operadora;emails`.
2026-08-14 09:41:14.973 | INFO    |src.controllers.geracao_agi_controller:_gravar_relatorio:956 - [Relatório] Resumo da execução em [C:\projetos\MVP2\MVP2\MVP2\DETRAF-UNIFICADO\unificado\logs\DESKTOP-64TNDKM\rpa3_contestacao_agi_ec\execucoes\2026-08-14_09-41-14.md].
2026-08-14 09:41:14.973 | INFO    |test_orquestracao_rpa3:test_lista_explicita_permite_reprocessar_uma_operadora:161 - [STEP] Finalizando: GeracaoAgiController.gerar_artefatos | Tempo gasto: 0.13s
2026-08-14 09:41:14.977 | INFO    |comum.dados.repositorio_cache:__init__:77 - Inicializando conexão com o banco no ambiente [dev]
2026-08-14 09:41:14.978 | INFO    |comum.dados.repositorio_cache:__init__:77 - Utilizando SQLite local [C:\Users\BTIMES~1\AppData\Local\Temp\detraf_epico4_teste_rclx_oxd\TABELAS_DETRAF_TESTE.db]
2026-08-14 09:41:14.984 | INFO    |test_orquestracao_rpa3:test_cenario_com_retencao_gera_os_cinco_artefatos:180 - [STEP] Iniciando: GeracaoAgiController.gerar_artefatos
2026-08-14 09:41:14.985 | INFO    |comum.utils.decoradores:wrapper:22 - [RPA 3] 1 operadora(s) em 202507: CLARO.
2026-08-14 09:41:14.986 | INFO    |comum.dados.repositorio_cache:obter_tabela:214 - Carregando tabela [tbl_detraf_mapeamento_descritores]
2026-08-14 09:41:14.988 | INFO    |comum.dados.repositorio_cache:obter_tabela:214 - Tabela [tbl_detraf_mapeamento_descritores] carregada | Linhas: 25 | Colunas: 5
2026-08-14 09:41:14.991 | INFO    |src.controllers.geracao_agi_controller:_gerar_para_operadora:558 - [STEP] Iniciando: consolidar_detrafs_operadora
2026-08-14 09:41:14.991 | INFO    |src.services.consolidacao_contestacao:consolidar_detrafs_operadora:174 - [Consolidação] 1 arquivo(s) encontrado(s) em [C:\Users\Btime Soluções\AppData\Local\Temp\pytest-of-Btime Soluções\pytest-21\test_cenario_com_retencao_gera0\Operadoras\CLARO\2025\202507\Detrafs Recebidos].
2026-08-14 09:41:14.993 | INFO    |src.services.consolidacao_contestacao:consolidar_detrafs_operadora:177 - [Consolidação] [DETRAF_D_CLARO_202507.csv]: 1 linha(s) -> 1 após remover totais.
2026-08-14 09:41:14.994 | INFO    |src.services.consolidacao_contestacao:consolidar_detrafs_operadora:177 - [Consolidação] Consolidado: 1 linha(s) de 1 arquivo(s).
2026-08-14 09:41:14.994 | INFO    |src.controllers.geracao_agi_controller:_gerar_para_operadora:558 - [STEP] Finalizando: consolidar_detrafs_operadora | Tempo gasto: 0.0s
2026-08-14 09:41:14.994 | INFO    |src.controllers.geracao_agi_controller:_gerar_para_operadora:574 - [STEP] Iniciando: consolidar_expectativa_vivo
2026-08-14 09:41:14.994 | INFO    |src.services.consolidacao_contestacao:consolidar_expectativa_vivo:207 - [Consolidação] 1 arquivo(s) encontrado(s) em [C:\Users\Btime Soluções\AppData\Local\Temp\pytest-of-Btime Soluções\pytest-21\test_cenario_com_retencao_gera0\Operadoras\CLARO\2025\202507\Detrafs Enviados].
2026-08-14 09:41:14.996 | INFO    |src.services.consolidacao_contestacao:consolidar_expectativa_vivo:211 - [Consolidação] [DE_D_TBRA_CLARO_202507.csv]: 1 linha(s) -> 1 após remover totais.
2026-08-14 09:41:14.997 | INFO    |src.services.consolidacao_contestacao:consolidar_expectativa_vivo:211 - [Consolidação] Consolidado: 1 linha(s) de 1 arquivo(s).
2026-08-14 09:41:14.997 | INFO    |src.controllers.geracao_agi_controller:_gerar_para_operadora:574 - [STEP] Finalizando: consolidar_expectativa_vivo | Tempo gasto: 0.0s
2026-08-14 09:41:14.997 | INFO    |src.controllers.geracao_agi_controller:_gerar_para_operadora:586 - [STEP] Iniciando: montar_contest
2026-08-14 09:41:15.012 | INFO    |comum.utils.decoradores:wrapper:22 - [Consolidação] Contest: 1 combinação(ões) analisada(s).
2026-08-14 09:41:15.013 | INFO    |src.controllers.geracao_agi_controller:_gerar_para_operadora:586 - [STEP] Finalizando: montar_contest | Tempo gasto: 0.02s
2026-08-14 09:41:15.013 | INFO    |src.controllers.geracao_agi_controller:_gerar_para_operadora:595 - [STEP] Iniciando: GeracaoAgiController.atualizar_despesa_contestacao
2026-08-14 09:41:15.013 | INFO    |src.controllers.geracao_agi_controller:atualizar_despesa_contestacao:1066 - [STEP] Iniciando: preparar_atualizacoes_despesa_contestacao
2026-08-14 09:41:15.014 | INFO    |comum.dados.repositorio_cache:obter_tabela:214 - Carregando tabela [tbl_rpa_log_detraf_despesa_contestacao]
2026-08-14 09:41:15.015 | INFO    |comum.dados.repositorio_cache:obter_tabela:214 - Tabela [tbl_rpa_log_detraf_despesa_contestacao] carregada | Linhas: 2 | Colunas: 19
2026-08-14 09:41:15.019 | INFO    |comum.utils.decoradores:wrapper:22 - [HU-19 Despesa Contestação] 1 atualização(ões) preparada(s).
2026-08-14 09:41:15.019 | INFO    |src.controllers.geracao_agi_controller:atualizar_despesa_contestacao:1066 - [STEP] Finalizando: preparar_atualizacoes_despesa_contestacao | Tempo gasto: 0.01s
2026-08-14 09:41:15.020 | WARNING |comum.dados.repositorio_tabelas:atualizar_despesa_contestacao:1019 - [HU-19 Despesa Contestação] A tabela 'tbl_rpa_log_detraf_despesa_contestacao' não tem a(s) coluna(s) vb_contestacao — NÃO gravada(s). As demais seguem normalmente. Um ALTER TABLE resolve; ver pendencias-para-o-cliente.md (Q24).
2026-08-14 09:41:15.026 | INFO    |comum.dados.repositorio_tabelas:_atualizar_contestacao_em_lote:976 - 1 linha(s) atualizada(s) em [tbl_rpa_log_detraf_despesa_contestacao].
2026-08-14 09:41:15.026 | INFO    |comum.dados.repositorio_cache:recarregar_cache_local:375 - Carregando tabela [tbl_rpa_log_detraf_despesa_contestacao]
2026-08-14 09:41:15.028 | INFO    |comum.dados.repositorio_cache:recarregar_cache_local:375 - Tabela [tbl_rpa_log_detraf_despesa_contestacao] carregada | Linhas: 2 | Colunas: 19
2026-08-14 09:41:15.028 | INFO    |comum.dados.repositorio_tabelas:atualizar_despesa_contestacao:1019 - [HU-19 Despesa Contestação] 1 linha(s) atualizada(s), 0 chave(s) ausente(s).
2026-08-14 09:41:15.028 | INFO    |src.controllers.geracao_agi_controller:_gerar_para_operadora:595 - [STEP] Finalizando: GeracaoAgiController.atualizar_despesa_contestacao | Tempo gasto: 0.02s
2026-08-14 09:41:15.028 | INFO    |src.controllers.geracao_agi_controller:_gerar_ext:633 - [STEP] Iniciando: montar_linhas_ext
2026-08-14 09:41:15.034 | INFO    |comum.utils.decoradores:wrapper:22 - [HU-12 EXT] 1 linha(s) montada(s).
2026-08-14 09:41:15.034 | INFO    |src.controllers.geracao_agi_controller:_gerar_ext:633 - [STEP] Finalizando: montar_linhas_ext | Tempo gasto: 0.01s
2026-08-14 09:41:15.034 | INFO    |src.controllers.geracao_agi_controller:_gerar_ext:639 - [STEP] Iniciando: gerar_arquivo_ext
2026-08-14 09:41:15.044 | INFO    |comum.utils.decoradores:wrapper:22 - [HU-12 EXT] Arquivo gravado em [C:\Users\Btime Soluções\AppData\Local\Temp\pytest-of-Btime Soluções\pytest-21\test_cenario_com_retencao_gera0\Operadoras\CLARO\2025\202507\AGI\DE_AGI_D_202507_TBRA_X_CLARO_EXT.xlsx].
2026-08-14 09:41:15.044 | INFO    |src.controllers.geracao_agi_controller:_gerar_ext:639 - [STEP] Finalizando: gerar_arquivo_ext | Tempo gasto: 0.01s
2026-08-14 09:41:15.044 | INFO    |src.controllers.geracao_agi_controller:_gerar_int:648 - [STEP] Iniciando: montar_linhas_int
2026-08-14 09:41:15.050 | INFO    |comum.utils.decoradores:wrapper:22 - [HU-13 INT] 1 linha(s) montada(s) (COM retenção).
2026-08-14 09:41:15.050 | INFO    |src.controllers.geracao_agi_controller:_gerar_int:648 - [STEP] Finalizando: montar_linhas_int | Tempo gasto: 0.01s
2026-08-14 09:41:15.051 | INFO    |src.controllers.geracao_agi_controller:_gerar_int:654 - [STEP] Iniciando: gerar_arquivo_int
2026-08-14 09:41:15.059 | INFO    |comum.utils.decoradores:wrapper:22 - [HU-13 INT] Arquivo gravado em [C:\Users\Btime Soluções\AppData\Local\Temp\pytest-of-Btime Soluções\pytest-21\test_cenario_com_retencao_gera0\Operadoras\CLARO\2025\202507\AGI\DE_AGI_D_202507_TBRA_X_CLARO_INT.xlsx].
2026-08-14 09:41:15.060 | INFO    |src.controllers.geracao_agi_controller:_gerar_int:654 - [STEP] Finalizando: gerar_arquivo_int | Tempo gasto: 0.01s
2026-08-14 09:41:15.060 | INFO    |src.controllers.geracao_agi_controller:_gerar_env_e_carta:682 - [STEP] Iniciando: montar_abas_env
2026-08-14 09:41:15.066 | INFO    |comum.utils.decoradores:wrapper:22 - [HU-14 _EXP] Contest: 1 linha(s) contestada(s); TBRA: 1 linha(s) correspondente(s).
2026-08-14 09:41:15.066 | INFO    |src.controllers.geracao_agi_controller:_gerar_env_e_carta:682 - [STEP] Finalizando: montar_abas_env | Tempo gasto: 0.01s
2026-08-14 09:41:15.066 | INFO    |src.controllers.geracao_agi_controller:_gerar_env_e_carta:690 - [STEP] Iniciando: gerar_arquivo_env
2026-08-14 09:41:15.077 | INFO    |comum.utils.decoradores:wrapper:22 - [HU-14 _EXP] Arquivo gravado em [C:\Users\Btime Soluções\AppData\Local\Temp\pytest-of-Btime Soluções\pytest-21\test_cenario_com_retencao_gera0\Operadoras\CLARO\2025\202507\Contestações\Base Contestação_CLARO_202507_EXP.xlsx].
2026-08-14 09:41:15.077 | INFO    |src.controllers.geracao_agi_controller:_gerar_env_e_carta:690 - [STEP] Finalizando: gerar_arquivo_env | Tempo gasto: 0.01s
2026-08-14 09:41:15.082 | INFO    |src.controllers.geracao_agi_controller:_emitir_cartas:756 - [STEP] Iniciando: obter_proximo_numero_carta
2026-08-14 09:41:15.082 | INFO    |comum.utils.decoradores:wrapper:22 - [HU-14] Último número CT encontrado: 362. Próximo: 363.
2026-08-14 09:41:15.083 | INFO    |src.controllers.geracao_agi_controller:_emitir_cartas:756 - [STEP] Finalizando: obter_proximo_numero_carta | Tempo gasto: 0.0s
2026-08-14 09:41:15.083 | INFO    |src.controllers.geracao_agi_controller:_emitir_cartas:764 - [STEP] Iniciando: montar_tabelas_carta
2026-08-14 09:41:15.086 | INFO    |comum.utils.decoradores:wrapper:22 - [HU-14 Carta] 1 tabela(s) de remuneração montada(s).
2026-08-14 09:41:15.087 | INFO    |src.controllers.geracao_agi_controller:_emitir_cartas:764 - [STEP] Finalizando: montar_tabelas_carta | Tempo gasto: 0.0s
2026-08-14 09:41:15.087 | INFO    |src.controllers.geracao_agi_controller:_emitir_cartas:758 - [STEP] Iniciando: renderizar_carta
2026-08-14 09:41:15.105 | INFO    |comum.utils.decoradores:wrapper:22 - [HU-14 Carta] Carta CT-363 renderizada (1 tabela(s)).
2026-08-14 09:41:15.106 | INFO    |src.controllers.geracao_agi_controller:_emitir_cartas:758 - [STEP] Finalizando: renderizar_carta | Tempo gasto: 0.02s
2026-08-14 09:41:15.106 | INFO    |src.controllers.geracao_agi_controller:_emitir_cartas:768 - [STEP] Iniciando: gerar_arquivo_carta
2026-08-14 09:41:15.120 | INFO    |comum.utils.decoradores:wrapper:22 - [HU-14 Carta] Carta gravada em [C:\Users\Btime Soluções\AppData\Local\Temp\pytest-of-Btime Soluções\pytest-21\test_cenario_com_retencao_gera0\Operadoras\CLARO\2025\202507\Contestações\CT - 363.docx], cópia em [C:\Users\Btime Soluções\AppData\Local\Temp\pytest-of-Btime Soluções\pytest-21\test_cenario_com_retencao_gera0\CT\2025\CT - 363.docx].
2026-08-14 09:41:15.120 | INFO    |src.controllers.geracao_agi_controller:_emitir_cartas:768 - [STEP] Finalizando: gerar_arquivo_carta | Tempo gasto: 0.01s
2026-08-14 09:41:15.121 | INFO    |src.controllers.geracao_agi_controller:_gerar_env_e_carta:710 - [RPA 3] CLARO: carta CT 363 — COM retenção.
2026-08-14 09:41:15.121 | INFO    |src.controllers.geracao_agi_controller:_gerar_para_operadora:617 - [STEP] Iniciando: GeracaoAgiController.gerar_cont_proc
2026-08-14 09:41:15.122 | INFO    |src.controllers.geracao_agi_controller:gerar_cont_proc:1030 - [STEP] Iniciando: montar_linhas_cont_proc
2026-08-14 09:41:15.122 | INFO    |src.services.geracao_cont_proc:montar_linhas_cont_proc:224 - [STEP] Iniciando: selecionar_linhas_contestadas
2026-08-14 09:41:15.126 | INFO    |comum.utils.decoradores:wrapper:22 - [HU-16 CONT_PROC] 1 linha(s) contestada(s).
2026-08-14 09:41:15.127 | INFO    |src.services.geracao_cont_proc:montar_linhas_cont_proc:224 - [STEP] Finalizando: selecionar_linhas_contestadas | Tempo gasto: 0.0s
2026-08-14 09:41:15.128 | INFO    |comum.utils.decoradores:wrapper:22 - [HU-16 CONT_PROC] 1 linha(s) montada(s) (T-100+T-101 completos).
2026-08-14 09:41:15.128 | INFO    |src.controllers.geracao_agi_controller:gerar_cont_proc:1030 - [STEP] Finalizando: montar_linhas_cont_proc | Tempo gasto: 0.01s
2026-08-14 09:41:15.128 | INFO    |src.controllers.geracao_agi_controller:gerar_cont_proc:1036 - [STEP] Iniciando: gerar_arquivo_cont_proc
2026-08-14 09:41:15.138 | INFO    |comum.utils.decoradores:wrapper:22 - [HU-16 CONT_PROC] Arquivo gravado em [C:\Users\Btime Soluções\AppData\Local\Temp\pytest-of-Btime Soluções\pytest-21\test_cenario_com_retencao_gera0\Operadoras\CLARO\2025\202507\AGI\CONT_PROC_MASCARA_CLARO_202507.xlsx].
2026-08-14 09:41:15.138 | INFO    |src.controllers.geracao_agi_controller:gerar_cont_proc:1036 - [STEP] Finalizando: gerar_arquivo_cont_proc | Tempo gasto: 0.01s
2026-08-14 09:41:15.138 | INFO    |src.controllers.geracao_agi_controller:gerar_cont_proc:1046 - [STEP] Iniciando: selecionar_linhas_contestadas
2026-08-14 09:41:15.142 | INFO    |comum.utils.decoradores:wrapper:22 - [HU-16 CONT_PROC] 1 linha(s) contestada(s).
2026-08-14 09:41:15.143 | INFO    |src.controllers.geracao_agi_controller:gerar_cont_proc:1046 - [STEP] Finalizando: selecionar_linhas_contestadas | Tempo gasto: 0.0s
2026-08-14 09:41:15.147 | INFO    |comum.dados.repositorio_tabelas:_atualizar_contestacao_em_lote:976 - 1 linha(s) atualizada(s) em [tbl_rpa_log_detraf_despesa_contestacao].
2026-08-14 09:41:15.147 | INFO    |comum.dados.repositorio_cache:recarregar_cache_local:375 - Carregando tabela [tbl_rpa_log_detraf_despesa_contestacao]
2026-08-14 09:41:15.148 | INFO    |comum.dados.repositorio_cache:recarregar_cache_local:375 - Tabela [tbl_rpa_log_detraf_despesa_contestacao] carregada | Linhas: 2 | Colunas: 19
2026-08-14 09:41:15.149 | INFO    |comum.dados.repositorio_tabelas:atualizar_tipo_contestacao:1046 - [HU-16 Writeback tipo_contestacao] 1 linha(s) atualizada(s), 0 chave(s) ausente(s).
2026-08-14 09:41:15.149 | INFO    |src.controllers.geracao_agi_controller:_gerar_para_operadora:617 - [STEP] Finalizando: GeracaoAgiController.gerar_cont_proc | Tempo gasto: 0.03s
2026-08-14 09:41:15.149 | INFO    |src.controllers.geracao_agi_controller:_pausar_apos_artefatos:530 - [RPA 3 — etapa 1/4: artefatos] 1 operadora(s) em 202507:
2026-08-14 09:41:15.149 | INFO    |src.controllers.geracao_agi_controller:_pausar_apos_artefatos:530 - [RPA 3 — etapa 1/4: artefatos]   CLARO                EXT · INT · _EXP · 1 carta(s) · CONT_PROC
2026-08-14 09:41:15.149 | INFO    |src.controllers.geracao_agi_controller:_pausar_apos_artefatos:530 - [RPA 3 — etapa 1/4: artefatos] Pasta: C:\Users\Btime Soluções\AppData\Local\Temp\pytest-of-Btime Soluções\pytest-21\test_cenario_com_retencao_gera0\Operadoras
2026-08-14 09:41:15.150 | INFO    |src.controllers.geracao_agi_controller:_pausar_apos_artefatos:530 - [RPA 3 — etapa 1/4: artefatos] ────────────────────────────────────────────────────────────
2026-08-14 09:41:15.150 | INFO    |src.controllers.geracao_agi_controller:_pausar_apos_artefatos:530 - [RPA 3 — etapa 1/4: artefatos] PRÓXIMA ETAPA: carga no AGI (HU-17/HU-18) — ESCREVE NO AGI
2026-08-14 09:41:15.150 | INFO    |src.controllers.geracao_agi_controller:gerar_artefatos:332 - [RPA 3 — etapa 2/4: carga no AGI] 1 operadora(s) na lista de carga.
2026-08-14 09:41:15.150 | INFO    |src.controllers.geracao_agi_controller:gerar_artefatos:332 - [RPA 3 — etapa 2/4: carga no AGI] Upload no AGI: desligado — nada foi enviado, só registrado no log.
2026-08-14 09:41:15.150 | INFO    |src.controllers.geracao_agi_controller:gerar_artefatos:332 - [RPA 3 — etapa 2/4: carga no AGI] Confira no AGI se a carga entrou, e o campo `carga_agi` na tabela de contestação.
2026-08-14 09:41:15.150 | INFO    |src.controllers.geracao_agi_controller:gerar_artefatos:332 - [RPA 3 — etapa 2/4: carga no AGI] ────────────────────────────────────────────────────────────
2026-08-14 09:41:15.151 | INFO    |src.controllers.geracao_agi_controller:gerar_artefatos:332 - [RPA 3 — etapa 2/4: carga no AGI] PRÓXIMA ETAPA: e-mail de contestação à operadora (HU-15) — SAI DA EMPRESA
2026-08-14 09:41:15.151 | WARNING |src.controllers.geracao_agi_controller:<genexpr>:840 - [HU-15] Contatos de 'CLARO' indisponíveis: a tabela de contatos do WebFat ainda não foi informada pelo cliente (pendência Q16), e CAMINHO_CONTATOS_OPERADORAS não está configurado.
2026-08-14 09:41:15.152 | WARNING |src.controllers.geracao_agi_controller:gerar_artefatos:360 - [RPA 3] Nenhum destinatário para as 1 contestação(ões) do mês — o Outlook nem chega a ser aberto. Pendência Q16.
2026-08-14 09:41:15.152 | INFO    |src.controllers.geracao_agi_controller:gerar_artefatos:368 - [RPA 3 — etapa 3/4: e-mail de contestação] Envio de e-mail: desligado — o e-mail foi montado e registrado, não enviado.
2026-08-14 09:41:15.153 | INFO    |src.controllers.geracao_agi_controller:gerar_artefatos:368 - [RPA 3 — etapa 3/4: e-mail de contestação] Contatos: não configurados (pendência Q16) — nada é enviado
2026-08-14 09:41:15.153 | INFO    |src.controllers.geracao_agi_controller:gerar_artefatos:368 - [RPA 3 — etapa 3/4: e-mail de contestação] ────────────────────────────────────────────────────────────
2026-08-14 09:41:15.154 | INFO    |src.controllers.geracao_agi_controller:gerar_artefatos:368 - [RPA 3 — etapa 3/4: e-mail de contestação] PRÓXIMA ETAPA: conferência do relatório contra o EC (HU-20)
2026-08-14 09:41:15.154 | INFO    |src.controllers.geracao_agi_controller:_verificar_relatorio:895 - [STEP] Iniciando: VerificacaoRelatorio.executar
2026-08-14 09:41:15.154 | INFO    |comum.utils.decoradores:wrapper:22 - [MODO SEGURO] PERMITIR_ACESSO_AGI=false — o AGI não será aberto. A verificação usa o relatório já em [C:\projetos\MVP2\MVP2\MVP2\DETRAF-UNIFICADO\unificado\logs\relatorio_agi\remessa_baixada.csv].
2026-08-14 09:41:15.155 | INFO    |src.controllers.geracao_agi_controller:_verificar_relatorio:895 - [STEP] Finalizando: VerificacaoRelatorio.executar | Tempo gasto: 0.0s
2026-08-14 09:41:15.155 | WARNING |src.controllers.geracao_agi_controller:gerar_artefatos:398 - [RPA 3] HU-20 não executada: Relatório do AGI não encontrado em [C:\projetos\MVP2\MVP2\MVP2\DETRAF-UNIFICADO\unificado\logs\relatorio_agi\remessa_baixada.csv]. Com PERMITIR_ACESSO_AGI desligado, é preciso baixá-lo antes.
2026-08-14 09:41:15.155 | INFO    |src.controllers.geracao_agi_controller:gerar_artefatos:402 - [RPA 3 — etapa 4/4: conferência do relatório] A conferência compara o relatório do AGI com o Encontro de Contas do banco.
2026-08-14 09:41:15.156 | INFO    |src.controllers.geracao_agi_controller:gerar_artefatos:402 - [RPA 3 — etapa 4/4: conferência do relatório] A planilha de inconsistências só é gravada quando há divergência — nenhum arquivo significa nenhuma divergência.
2026-08-14 09:41:15.156 | INFO    |src.controllers.geracao_agi_controller:gerar_artefatos:402 - [RPA 3 — etapa 4/4: conferência do relatório] Pasta: C:\projetos\MVP2\MVP2\MVP2\DETRAF-UNIFICADO\unificado\logs\inconsistencias
2026-08-14 09:41:15.156 | INFO    |src.controllers.geracao_agi_controller:gerar_artefatos:402 - [RPA 3 — etapa 4/4: conferência do relatório] ────────────────────────────────────────────────────────────
2026-08-14 09:41:15.156 | INFO    |src.controllers.geracao_agi_controller:gerar_artefatos:402 - [RPA 3 — etapa 4/4: conferência do relatório] Esta é a última etapa da execução.
2026-08-14 09:41:15.156 | INFO    |src.controllers.geracao_agi_controller:gerar_artefatos:415 - [RPA 3] Resumo de 202507 — 1 operadora(s): EXT 1, INT 1, _EXP 1, carta 1, CONT_PROC 1.
2026-08-14 09:41:15.156 | INFO    |src.controllers.geracao_agi_controller:gerar_artefatos:415 - [RPA 3]   CLARO: e-mail de contestação não enviado.
2026-08-14 09:41:15.157 | WARNING |src.controllers.geracao_agi_controller:gerar_artefatos:415 - [RPA 3] HU-15 sem destinatários: a tabela de contatos do WebFat continua sem resposta do cliente (pendência Q16). A ponte é apontar CAMINHO_CONTATOS_OPERADORAS para um CSV `operadora;emails`.
2026-08-14 09:41:15.158 | INFO    |src.controllers.geracao_agi_controller:_gravar_relatorio:956 - [Relatório] Resumo da execução em [C:\projetos\MVP2\MVP2\MVP2\DETRAF-UNIFICADO\unificado\logs\DESKTOP-64TNDKM\rpa3_contestacao_agi_ec\execucoes\2026-08-14_09-41-15.md].
2026-08-14 09:41:15.158 | INFO    |test_orquestracao_rpa3:test_cenario_com_retencao_gera_os_cinco_artefatos:180 - [STEP] Finalizando: GeracaoAgiController.gerar_artefatos | Tempo gasto: 0.17s
2026-08-14 09:41:15.164 | INFO    |comum.dados.repositorio_cache:__init__:77 - Inicializando conexão com o banco no ambiente [dev]
2026-08-14 09:41:15.164 | INFO    |comum.dados.repositorio_cache:__init__:77 - Utilizando SQLite local [C:\Users\BTIMES~1\AppData\Local\Temp\detraf_epico4_teste_rclx_oxd\TABELAS_DETRAF_TESTE.db]
2026-08-14 09:41:15.171 | INFO    |test_orquestracao_rpa3:test_a_carta_recebe_o_proximo_numero_ct:199 - [STEP] Iniciando: GeracaoAgiController.gerar_artefatos
2026-08-14 09:41:15.172 | INFO    |comum.utils.decoradores:wrapper:22 - [RPA 3] 1 operadora(s) em 202507: CLARO.
2026-08-14 09:41:15.172 | INFO    |comum.dados.repositorio_cache:obter_tabela:214 - Carregando tabela [tbl_detraf_mapeamento_descritores]
2026-08-14 09:41:15.174 | INFO    |comum.dados.repositorio_cache:obter_tabela:214 - Tabela [tbl_detraf_mapeamento_descritores] carregada | Linhas: 25 | Colunas: 5
2026-08-14 09:41:15.177 | INFO    |src.controllers.geracao_agi_controller:_gerar_para_operadora:558 - [STEP] Iniciando: consolidar_detrafs_operadora
2026-08-14 09:41:15.177 | INFO    |src.services.consolidacao_contestacao:consolidar_detrafs_operadora:174 - [Consolidação] 1 arquivo(s) encontrado(s) em [C:\Users\Btime Soluções\AppData\Local\Temp\pytest-of-Btime Soluções\pytest-21\test_a_carta_recebe_o_proximo_0\Operadoras\CLARO\2025\202507\Detrafs Recebidos].
2026-08-14 09:41:15.179 | INFO    |src.services.consolidacao_contestacao:consolidar_detrafs_operadora:177 - [Consolidação] [DETRAF_D_CLARO_202507.csv]: 1 linha(s) -> 1 após remover totais.
2026-08-14 09:41:15.180 | INFO    |src.services.consolidacao_contestacao:consolidar_detrafs_operadora:177 - [Consolidação] Consolidado: 1 linha(s) de 1 arquivo(s).
2026-08-14 09:41:15.180 | INFO    |src.controllers.geracao_agi_controller:_gerar_para_operadora:558 - [STEP] Finalizando: consolidar_detrafs_operadora | Tempo gasto: 0.0s
2026-08-14 09:41:15.180 | INFO    |src.controllers.geracao_agi_controller:_gerar_para_operadora:574 - [STEP] Iniciando: consolidar_expectativa_vivo
2026-08-14 09:41:15.180 | INFO    |src.services.consolidacao_contestacao:consolidar_expectativa_vivo:207 - [Consolidação] 1 arquivo(s) encontrado(s) em [C:\Users\Btime Soluções\AppData\Local\Temp\pytest-of-Btime Soluções\pytest-21\test_a_carta_recebe_o_proximo_0\Operadoras\CLARO\2025\202507\Detrafs Enviados].
2026-08-14 09:41:15.182 | INFO    |src.services.consolidacao_contestacao:consolidar_expectativa_vivo:211 - [Consolidação] [DE_D_TBRA_CLARO_202507.csv]: 1 linha(s) -> 1 após remover totais.
2026-08-14 09:41:15.182 | INFO    |src.services.consolidacao_contestacao:consolidar_expectativa_vivo:211 - [Consolidação] Consolidado: 1 linha(s) de 1 arquivo(s).
2026-08-14 09:41:15.183 | INFO    |src.controllers.geracao_agi_controller:_gerar_para_operadora:574 - [STEP] Finalizando: consolidar_expectativa_vivo | Tempo gasto: 0.0s
2026-08-14 09:41:15.183 | INFO    |src.controllers.geracao_agi_controller:_gerar_para_operadora:586 - [STEP] Iniciando: montar_contest
2026-08-14 09:41:15.196 | INFO    |comum.utils.decoradores:wrapper:22 - [Consolidação] Contest: 1 combinação(ões) analisada(s).
2026-08-14 09:41:15.196 | INFO    |src.controllers.geracao_agi_controller:_gerar_para_operadora:586 - [STEP] Finalizando: montar_contest | Tempo gasto: 0.01s
2026-08-14 09:41:15.197 | INFO    |src.controllers.geracao_agi_controller:_gerar_para_operadora:595 - [STEP] Iniciando: GeracaoAgiController.atualizar_despesa_contestacao
2026-08-14 09:41:15.197 | INFO    |src.controllers.geracao_agi_controller:atualizar_despesa_contestacao:1066 - [STEP] Iniciando: preparar_atualizacoes_despesa_contestacao
2026-08-14 09:41:15.197 | INFO    |comum.dados.repositorio_cache:obter_tabela:214 - Carregando tabela [tbl_rpa_log_detraf_despesa_contestacao]
2026-08-14 09:41:15.199 | INFO    |comum.dados.repositorio_cache:obter_tabela:214 - Tabela [tbl_rpa_log_detraf_despesa_contestacao] carregada | Linhas: 2 | Colunas: 19
2026-08-14 09:41:15.202 | INFO    |comum.utils.decoradores:wrapper:22 - [HU-19 Despesa Contestação] 1 atualização(ões) preparada(s).
2026-08-14 09:41:15.203 | INFO    |src.controllers.geracao_agi_controller:atualizar_despesa_contestacao:1066 - [STEP] Finalizando: preparar_atualizacoes_despesa_contestacao | Tempo gasto: 0.01s
2026-08-14 09:41:15.203 | WARNING |comum.dados.repositorio_tabelas:atualizar_despesa_contestacao:1019 - [HU-19 Despesa Contestação] A tabela 'tbl_rpa_log_detraf_despesa_contestacao' não tem a(s) coluna(s) vb_contestacao — NÃO gravada(s). As demais seguem normalmente. Um ALTER TABLE resolve; ver pendencias-para-o-cliente.md (Q24).
2026-08-14 09:41:15.210 | INFO    |comum.dados.repositorio_tabelas:_atualizar_contestacao_em_lote:976 - 1 linha(s) atualizada(s) em [tbl_rpa_log_detraf_despesa_contestacao].
2026-08-14 09:41:15.210 | INFO    |comum.dados.repositorio_cache:recarregar_cache_local:375 - Carregando tabela [tbl_rpa_log_detraf_despesa_contestacao]
2026-08-14 09:41:15.211 | INFO    |comum.dados.repositorio_cache:recarregar_cache_local:375 - Tabela [tbl_rpa_log_detraf_despesa_contestacao] carregada | Linhas: 2 | Colunas: 19
2026-08-14 09:41:15.212 | INFO    |comum.dados.repositorio_tabelas:atualizar_despesa_contestacao:1019 - [HU-19 Despesa Contestação] 1 linha(s) atualizada(s), 0 chave(s) ausente(s).
2026-08-14 09:41:15.212 | INFO    |src.controllers.geracao_agi_controller:_gerar_para_operadora:595 - [STEP] Finalizando: GeracaoAgiController.atualizar_despesa_contestacao | Tempo gasto: 0.02s
2026-08-14 09:41:15.212 | INFO    |src.controllers.geracao_agi_controller:_gerar_ext:633 - [STEP] Iniciando: montar_linhas_ext
2026-08-14 09:41:15.217 | INFO    |comum.utils.decoradores:wrapper:22 - [HU-12 EXT] 1 linha(s) montada(s).
2026-08-14 09:41:15.218 | INFO    |src.controllers.geracao_agi_controller:_gerar_ext:633 - [STEP] Finalizando: montar_linhas_ext | Tempo gasto: 0.01s
2026-08-14 09:41:15.218 | INFO    |src.controllers.geracao_agi_controller:_gerar_ext:639 - [STEP] Iniciando: gerar_arquivo_ext
2026-08-14 09:41:15.227 | INFO    |comum.utils.decoradores:wrapper:22 - [HU-12 EXT] Arquivo gravado em [C:\Users\Btime Soluções\AppData\Local\Temp\pytest-of-Btime Soluções\pytest-21\test_a_carta_recebe_o_proximo_0\Operadoras\CLARO\2025\202507\AGI\DE_AGI_D_202507_TBRA_X_CLARO_EXT.xlsx].
2026-08-14 09:41:15.227 | INFO    |src.controllers.geracao_agi_controller:_gerar_ext:639 - [STEP] Finalizando: gerar_arquivo_ext | Tempo gasto: 0.01s
2026-08-14 09:41:15.228 | INFO    |src.controllers.geracao_agi_controller:_gerar_int:648 - [STEP] Iniciando: montar_linhas_int
2026-08-14 09:41:15.233 | INFO    |comum.utils.decoradores:wrapper:22 - [HU-13 INT] 1 linha(s) montada(s) (COM retenção).
2026-08-14 09:41:15.234 | INFO    |src.controllers.geracao_agi_controller:_gerar_int:648 - [STEP] Finalizando: montar_linhas_int | Tempo gasto: 0.01s
2026-08-14 09:41:15.234 | INFO    |src.controllers.geracao_agi_controller:_gerar_int:654 - [STEP] Iniciando: gerar_arquivo_int
2026-08-14 09:41:15.242 | INFO    |comum.utils.decoradores:wrapper:22 - [HU-13 INT] Arquivo gravado em [C:\Users\Btime Soluções\AppData\Local\Temp\pytest-of-Btime Soluções\pytest-21\test_a_carta_recebe_o_proximo_0\Operadoras\CLARO\2025\202507\AGI\DE_AGI_D_202507_TBRA_X_CLARO_INT.xlsx].
2026-08-14 09:41:15.242 | INFO    |src.controllers.geracao_agi_controller:_gerar_int:654 - [STEP] Finalizando: gerar_arquivo_int | Tempo gasto: 0.01s
2026-08-14 09:41:15.243 | INFO    |src.controllers.geracao_agi_controller:_gerar_env_e_carta:682 - [STEP] Iniciando: montar_abas_env
2026-08-14 09:41:15.249 | INFO    |comum.utils.decoradores:wrapper:22 - [HU-14 _EXP] Contest: 1 linha(s) contestada(s); TBRA: 1 linha(s) correspondente(s).
2026-08-14 09:41:15.249 | INFO    |src.controllers.geracao_agi_controller:_gerar_env_e_carta:682 - [STEP] Finalizando: montar_abas_env | Tempo gasto: 0.01s
2026-08-14 09:41:15.249 | INFO    |src.controllers.geracao_agi_controller:_gerar_env_e_carta:690 - [STEP] Iniciando: gerar_arquivo_env
2026-08-14 09:41:15.260 | INFO    |comum.utils.decoradores:wrapper:22 - [HU-14 _EXP] Arquivo gravado em [C:\Users\Btime Soluções\AppData\Local\Temp\pytest-of-Btime Soluções\pytest-21\test_a_carta_recebe_o_proximo_0\Operadoras\CLARO\2025\202507\Contestações\Base Contestação_CLARO_202507_EXP.xlsx].
2026-08-14 09:41:15.260 | INFO    |src.controllers.geracao_agi_controller:_gerar_env_e_carta:690 - [STEP] Finalizando: gerar_arquivo_env | Tempo gasto: 0.01s
2026-08-14 09:41:15.265 | INFO    |src.controllers.geracao_agi_controller:_emitir_cartas:756 - [STEP] Iniciando: obter_proximo_numero_carta
2026-08-14 09:41:15.266 | INFO    |comum.utils.decoradores:wrapper:22 - [HU-14] Último número CT encontrado: 362. Próximo: 363.
2026-08-14 09:41:15.266 | INFO    |src.controllers.geracao_agi_controller:_emitir_cartas:756 - [STEP] Finalizando: obter_proximo_numero_carta | Tempo gasto: 0.0s
2026-08-14 09:41:15.266 | INFO    |src.controllers.geracao_agi_controller:_emitir_cartas:764 - [STEP] Iniciando: montar_tabelas_carta
2026-08-14 09:41:15.269 | INFO    |comum.utils.decoradores:wrapper:22 - [HU-14 Carta] 1 tabela(s) de remuneração montada(s).
2026-08-14 09:41:15.269 | INFO    |src.controllers.geracao_agi_controller:_emitir_cartas:764 - [STEP] Finalizando: montar_tabelas_carta | Tempo gasto: 0.0s
2026-08-14 09:41:15.270 | INFO    |src.controllers.geracao_agi_controller:_emitir_cartas:758 - [STEP] Iniciando: renderizar_carta
2026-08-14 09:41:15.284 | INFO    |comum.utils.decoradores:wrapper:22 - [HU-14 Carta] Carta CT-363 renderizada (1 tabela(s)).
2026-08-14 09:41:15.284 | INFO    |src.controllers.geracao_agi_controller:_emitir_cartas:758 - [STEP] Finalizando: renderizar_carta | Tempo gasto: 0.01s
2026-08-14 09:41:15.285 | INFO    |src.controllers.geracao_agi_controller:_emitir_cartas:768 - [STEP] Iniciando: gerar_arquivo_carta
2026-08-14 09:41:15.297 | INFO    |comum.utils.decoradores:wrapper:22 - [HU-14 Carta] Carta gravada em [C:\Users\Btime Soluções\AppData\Local\Temp\pytest-of-Btime Soluções\pytest-21\test_a_carta_recebe_o_proximo_0\Operadoras\CLARO\2025\202507\Contestações\CT - 363.docx], cópia em [C:\Users\Btime Soluções\AppData\Local\Temp\pytest-of-Btime Soluções\pytest-21\test_a_carta_recebe_o_proximo_0\CT\2025\CT - 363.docx].
2026-08-14 09:41:15.297 | INFO    |src.controllers.geracao_agi_controller:_emitir_cartas:768 - [STEP] Finalizando: gerar_arquivo_carta | Tempo gasto: 0.01s
2026-08-14 09:41:15.297 | INFO    |src.controllers.geracao_agi_controller:_gerar_env_e_carta:710 - [RPA 3] CLARO: carta CT 363 — COM retenção.
2026-08-14 09:41:15.298 | INFO    |src.controllers.geracao_agi_controller:_gerar_para_operadora:617 - [STEP] Iniciando: GeracaoAgiController.gerar_cont_proc
2026-08-14 09:41:15.298 | INFO    |src.controllers.geracao_agi_controller:gerar_cont_proc:1030 - [STEP] Iniciando: montar_linhas_cont_proc
2026-08-14 09:41:15.298 | INFO    |src.services.geracao_cont_proc:montar_linhas_cont_proc:224 - [STEP] Iniciando: selecionar_linhas_contestadas
2026-08-14 09:41:15.303 | INFO    |comum.utils.decoradores:wrapper:22 - [HU-16 CONT_PROC] 1 linha(s) contestada(s).
2026-08-14 09:41:15.303 | INFO    |src.services.geracao_cont_proc:montar_linhas_cont_proc:224 - [STEP] Finalizando: selecionar_linhas_contestadas | Tempo gasto: 0.01s
2026-08-14 09:41:15.307 | INFO    |comum.utils.decoradores:wrapper:22 - [HU-16 CONT_PROC] 1 linha(s) montada(s) (T-100+T-101 completos).
2026-08-14 09:41:15.307 | INFO    |src.controllers.geracao_agi_controller:gerar_cont_proc:1030 - [STEP] Finalizando: montar_linhas_cont_proc | Tempo gasto: 0.01s
2026-08-14 09:41:15.307 | INFO    |src.controllers.geracao_agi_controller:gerar_cont_proc:1036 - [STEP] Iniciando: gerar_arquivo_cont_proc
2026-08-14 09:41:15.315 | INFO    |comum.utils.decoradores:wrapper:22 - [HU-16 CONT_PROC] Arquivo gravado em [C:\Users\Btime Soluções\AppData\Local\Temp\pytest-of-Btime Soluções\pytest-21\test_a_carta_recebe_o_proximo_0\Operadoras\CLARO\2025\202507\AGI\CONT_PROC_MASCARA_CLARO_202507.xlsx].
2026-08-14 09:41:15.315 | INFO    |src.controllers.geracao_agi_controller:gerar_cont_proc:1036 - [STEP] Finalizando: gerar_arquivo_cont_proc | Tempo gasto: 0.01s
2026-08-14 09:41:15.315 | INFO    |src.controllers.geracao_agi_controller:gerar_cont_proc:1046 - [STEP] Iniciando: selecionar_linhas_contestadas
2026-08-14 09:41:15.320 | INFO    |comum.utils.decoradores:wrapper:22 - [HU-16 CONT_PROC] 1 linha(s) contestada(s).
2026-08-14 09:41:15.320 | INFO    |src.controllers.geracao_agi_controller:gerar_cont_proc:1046 - [STEP] Finalizando: selecionar_linhas_contestadas | Tempo gasto: 0.0s
2026-08-14 09:41:15.324 | INFO    |comum.dados.repositorio_tabelas:_atualizar_contestacao_em_lote:976 - 1 linha(s) atualizada(s) em [tbl_rpa_log_detraf_despesa_contestacao].
2026-08-14 09:41:15.325 | INFO    |comum.dados.repositorio_cache:recarregar_cache_local:375 - Carregando tabela [tbl_rpa_log_detraf_despesa_contestacao]
2026-08-14 09:41:15.326 | INFO    |comum.dados.repositorio_cache:recarregar_cache_local:375 - Tabela [tbl_rpa_log_detraf_despesa_contestacao] carregada | Linhas: 2 | Colunas: 19
2026-08-14 09:41:15.326 | INFO    |comum.dados.repositorio_tabelas:atualizar_tipo_contestacao:1046 - [HU-16 Writeback tipo_contestacao] 1 linha(s) atualizada(s), 0 chave(s) ausente(s).
2026-08-14 09:41:15.326 | INFO    |src.controllers.geracao_agi_controller:_gerar_para_operadora:617 - [STEP] Finalizando: GeracaoAgiController.gerar_cont_proc | Tempo gasto: 0.03s
2026-08-14 09:41:15.327 | INFO    |src.controllers.geracao_agi_controller:_pausar_apos_artefatos:530 - [RPA 3 — etapa 1/4: artefatos] 1 operadora(s) em 202507:
2026-08-14 09:41:15.327 | INFO    |src.controllers.geracao_agi_controller:_pausar_apos_artefatos:530 - [RPA 3 — etapa 1/4: artefatos]   CLARO                EXT · INT · _EXP · 1 carta(s) · CONT_PROC
2026-08-14 09:41:15.327 | INFO    |src.controllers.geracao_agi_controller:_pausar_apos_artefatos:530 - [RPA 3 — etapa 1/4: artefatos] Pasta: C:\Users\Btime Soluções\AppData\Local\Temp\pytest-of-Btime Soluções\pytest-21\test_a_carta_recebe_o_proximo_0\Operadoras
2026-08-14 09:41:15.327 | INFO    |src.controllers.geracao_agi_controller:_pausar_apos_artefatos:530 - [RPA 3 — etapa 1/4: artefatos] ────────────────────────────────────────────────────────────
2026-08-14 09:41:15.328 | INFO    |src.controllers.geracao_agi_controller:_pausar_apos_artefatos:530 - [RPA 3 — etapa 1/4: artefatos] PRÓXIMA ETAPA: carga no AGI (HU-17/HU-18) — ESCREVE NO AGI
2026-08-14 09:41:15.328 | INFO    |src.controllers.geracao_agi_controller:gerar_artefatos:332 - [RPA 3 — etapa 2/4: carga no AGI] 1 operadora(s) na lista de carga.
2026-08-14 09:41:15.328 | INFO    |src.controllers.geracao_agi_controller:gerar_artefatos:332 - [RPA 3 — etapa 2/4: carga no AGI] Upload no AGI: desligado — nada foi enviado, só registrado no log.
2026-08-14 09:41:15.328 | INFO    |src.controllers.geracao_agi_controller:gerar_artefatos:332 - [RPA 3 — etapa 2/4: carga no AGI] Confira no AGI se a carga entrou, e o campo `carga_agi` na tabela de contestação.
2026-08-14 09:41:15.328 | INFO    |src.controllers.geracao_agi_controller:gerar_artefatos:332 - [RPA 3 — etapa 2/4: carga no AGI] ────────────────────────────────────────────────────────────
2026-08-14 09:41:15.328 | INFO    |src.controllers.geracao_agi_controller:gerar_artefatos:332 - [RPA 3 — etapa 2/4: carga no AGI] PRÓXIMA ETAPA: e-mail de contestação à operadora (HU-15) — SAI DA EMPRESA
2026-08-14 09:41:15.328 | WARNING |src.controllers.geracao_agi_controller:<genexpr>:840 - [HU-15] Contatos de 'CLARO' indisponíveis: a tabela de contatos do WebFat ainda não foi informada pelo cliente (pendência Q16), e CAMINHO_CONTATOS_OPERADORAS não está configurado.
2026-08-14 09:41:15.328 | WARNING |src.controllers.geracao_agi_controller:gerar_artefatos:360 - [RPA 3] Nenhum destinatário para as 1 contestação(ões) do mês — o Outlook nem chega a ser aberto. Pendência Q16.
2026-08-14 09:41:15.329 | INFO    |src.controllers.geracao_agi_controller:gerar_artefatos:368 - [RPA 3 — etapa 3/4: e-mail de contestação] Envio de e-mail: desligado — o e-mail foi montado e registrado, não enviado.
2026-08-14 09:41:15.329 | INFO    |src.controllers.geracao_agi_controller:gerar_artefatos:368 - [RPA 3 — etapa 3/4: e-mail de contestação] Contatos: não configurados (pendência Q16) — nada é enviado
2026-08-14 09:41:15.329 | INFO    |src.controllers.geracao_agi_controller:gerar_artefatos:368 - [RPA 3 — etapa 3/4: e-mail de contestação] ────────────────────────────────────────────────────────────
2026-08-14 09:41:15.329 | INFO    |src.controllers.geracao_agi_controller:gerar_artefatos:368 - [RPA 3 — etapa 3/4: e-mail de contestação] PRÓXIMA ETAPA: conferência do relatório contra o EC (HU-20)
2026-08-14 09:41:15.330 | INFO    |src.controllers.geracao_agi_controller:_verificar_relatorio:895 - [STEP] Iniciando: VerificacaoRelatorio.executar
2026-08-14 09:41:15.330 | INFO    |comum.utils.decoradores:wrapper:22 - [MODO SEGURO] PERMITIR_ACESSO_AGI=false — o AGI não será aberto. A verificação usa o relatório já em [C:\projetos\MVP2\MVP2\MVP2\DETRAF-UNIFICADO\unificado\logs\relatorio_agi\remessa_baixada.csv].
2026-08-14 09:41:15.330 | INFO    |src.controllers.geracao_agi_controller:_verificar_relatorio:895 - [STEP] Finalizando: VerificacaoRelatorio.executar | Tempo gasto: 0.0s
2026-08-14 09:41:15.330 | WARNING |src.controllers.geracao_agi_controller:gerar_artefatos:398 - [RPA 3] HU-20 não executada: Relatório do AGI não encontrado em [C:\projetos\MVP2\MVP2\MVP2\DETRAF-UNIFICADO\unificado\logs\relatorio_agi\remessa_baixada.csv]. Com PERMITIR_ACESSO_AGI desligado, é preciso baixá-lo antes.
2026-08-14 09:41:15.330 | INFO    |src.controllers.geracao_agi_controller:gerar_artefatos:402 - [RPA 3 — etapa 4/4: conferência do relatório] A conferência compara o relatório do AGI com o Encontro de Contas do banco.
2026-08-14 09:41:15.330 | INFO    |src.controllers.geracao_agi_controller:gerar_artefatos:402 - [RPA 3 — etapa 4/4: conferência do relatório] A planilha de inconsistências só é gravada quando há divergência — nenhum arquivo significa nenhuma divergência.
2026-08-14 09:41:15.331 | INFO    |src.controllers.geracao_agi_controller:gerar_artefatos:402 - [RPA 3 — etapa 4/4: conferência do relatório] Pasta: C:\projetos\MVP2\MVP2\MVP2\DETRAF-UNIFICADO\unificado\logs\inconsistencias
2026-08-14 09:41:15.331 | INFO    |src.controllers.geracao_agi_controller:gerar_artefatos:402 - [RPA 3 — etapa 4/4: conferência do relatório] ────────────────────────────────────────────────────────────
2026-08-14 09:41:15.331 | INFO    |src.controllers.geracao_agi_controller:gerar_artefatos:402 - [RPA 3 — etapa 4/4: conferência do relatório] Esta é a última etapa da execução.
2026-08-14 09:41:15.331 | INFO    |src.controllers.geracao_agi_controller:gerar_artefatos:415 - [RPA 3] Resumo de 202507 — 1 operadora(s): EXT 1, INT 1, _EXP 1, carta 1, CONT_PROC 1.
2026-08-14 09:41:15.331 | INFO    |src.controllers.geracao_agi_controller:gerar_artefatos:415 - [RPA 3]   CLARO: e-mail de contestação não enviado.
2026-08-14 09:41:15.331 | WARNING |src.controllers.geracao_agi_controller:gerar_artefatos:415 - [RPA 3] HU-15 sem destinatários: a tabela de contatos do WebFat continua sem resposta do cliente (pendência Q16). A ponte é apontar CAMINHO_CONTATOS_OPERADORAS para um CSV `operadora;emails`.
2026-08-14 09:41:15.332 | INFO    |src.controllers.geracao_agi_controller:_gravar_relatorio:956 - [Relatório] Resumo da execução em [C:\projetos\MVP2\MVP2\MVP2\DETRAF-UNIFICADO\unificado\logs\DESKTOP-64TNDKM\rpa3_contestacao_agi_ec\execucoes\2026-08-14_09-41-15.md].
2026-08-14 09:41:15.332 | INFO    |test_orquestracao_rpa3:test_a_carta_recebe_o_proximo_numero_ct:199 - [STEP] Finalizando: GeracaoAgiController.gerar_artefatos | Tempo gasto: 0.16s
2026-08-14 09:41:15.339 | INFO    |comum.dados.repositorio_cache:__init__:77 - Inicializando conexão com o banco no ambiente [dev]
2026-08-14 09:41:15.339 | INFO    |comum.dados.repositorio_cache:__init__:77 - Utilizando SQLite local [C:\Users\BTIMES~1\AppData\Local\Temp\detraf_epico4_teste_rclx_oxd\TABELAS_DETRAF_TESTE.db]
2026-08-14 09:41:15.344 | INFO    |test_orquestracao_rpa3:test_operadora_sem_detraf_e_pulada_sem_gerar_ext_vazio:218 - [STEP] Iniciando: GeracaoAgiController.gerar_artefatos
2026-08-14 09:41:15.344 | INFO    |comum.utils.decoradores:wrapper:22 - [RPA 3] 1 operadora(s) em 202507: VAZIA.
2026-08-14 09:41:15.344 | INFO    |comum.dados.repositorio_cache:obter_tabela:214 - Carregando tabela [tbl_detraf_mapeamento_descritores]
2026-08-14 09:41:15.346 | INFO    |comum.dados.repositorio_cache:obter_tabela:214 - Tabela [tbl_detraf_mapeamento_descritores] carregada | Linhas: 25 | Colunas: 5
2026-08-14 09:41:15.349 | INFO    |src.controllers.geracao_agi_controller:_gerar_para_operadora:558 - [STEP] Iniciando: consolidar_detrafs_operadora
2026-08-14 09:41:15.349 | INFO    |src.services.consolidacao_contestacao:consolidar_detrafs_operadora:174 - [Consolidação] 0 arquivo(s) encontrado(s) em [C:\Users\Btime Soluções\AppData\Local\Temp\pytest-of-Btime Soluções\pytest-21\test_operadora_sem_detraf_e_pu0\Operadoras\VAZIA\2025\202507\Detrafs Recebidos].
2026-08-14 09:41:15.350 | INFO    |src.controllers.geracao_agi_controller:_gerar_para_operadora:558 - [STEP] Finalizando: consolidar_detrafs_operadora | Tempo gasto: 0.0s
2026-08-14 09:41:15.350 | WARNING |src.controllers.geracao_agi_controller:_gerar_todos:269 - [RPA 3] VAZIA: nenhum Detraf em 202507 — operadora pulada.
2026-08-14 09:41:15.350 | INFO    |src.controllers.geracao_agi_controller:_pausar_apos_artefatos:530 - [RPA 3 — etapa 1/4: artefatos] 1 operadora(s) em 202507:
2026-08-14 09:41:15.350 | INFO    |src.controllers.geracao_agi_controller:_pausar_apos_artefatos:530 - [RPA 3 — etapa 1/4: artefatos]   VAZIA                nada gerado
2026-08-14 09:41:15.351 | INFO    |src.controllers.geracao_agi_controller:_pausar_apos_artefatos:530 - [RPA 3 — etapa 1/4: artefatos]                        pulado: sem Detraf recebido
2026-08-14 09:41:15.351 | INFO    |src.controllers.geracao_agi_controller:_pausar_apos_artefatos:530 - [RPA 3 — etapa 1/4: artefatos] Pasta: C:\Users\Btime Soluções\AppData\Local\Temp\pytest-of-Btime Soluções\pytest-21\test_operadora_sem_detraf_e_pu0\Operadoras
2026-08-14 09:41:15.351 | INFO    |src.controllers.geracao_agi_controller:_pausar_apos_artefatos:530 - [RPA 3 — etapa 1/4: artefatos] ────────────────────────────────────────────────────────────
2026-08-14 09:41:15.351 | INFO    |src.controllers.geracao_agi_controller:_pausar_apos_artefatos:530 - [RPA 3 — etapa 1/4: artefatos] PRÓXIMA ETAPA: carga no AGI (HU-17/HU-18) — ESCREVE NO AGI
2026-08-14 09:41:15.352 | INFO    |src.controllers.geracao_agi_controller:gerar_artefatos:321 - [RPA 3] Nenhum artefato gerado — nada a carregar no AGI.
2026-08-14 09:41:15.352 | INFO    |src.controllers.geracao_agi_controller:gerar_artefatos:332 - [RPA 3 — etapa 2/4: carga no AGI] 0 operadora(s) na lista de carga.
2026-08-14 09:41:15.352 | INFO    |src.controllers.geracao_agi_controller:gerar_artefatos:332 - [RPA 3 — etapa 2/4: carga no AGI] Upload no AGI: desligado — nada foi enviado, só registrado no log.
2026-08-14 09:41:15.352 | INFO    |src.controllers.geracao_agi_controller:gerar_artefatos:332 - [RPA 3 — etapa 2/4: carga no AGI] Confira no AGI se a carga entrou, e o campo `carga_agi` na tabela de contestação.
2026-08-14 09:41:15.352 | INFO    |src.controllers.geracao_agi_controller:gerar_artefatos:332 - [RPA 3 — etapa 2/4: carga no AGI] ────────────────────────────────────────────────────────────
2026-08-14 09:41:15.353 | INFO    |src.controllers.geracao_agi_controller:gerar_artefatos:332 - [RPA 3 — etapa 2/4: carga no AGI] PRÓXIMA ETAPA: e-mail de contestação à operadora (HU-15) — SAI DA EMPRESA
2026-08-14 09:41:15.353 | INFO    |src.controllers.geracao_agi_controller:gerar_artefatos:368 - [RPA 3 — etapa 3/4: e-mail de contestação] Envio de e-mail: desligado — o e-mail foi montado e registrado, não enviado.
2026-08-14 09:41:15.353 | INFO    |src.controllers.geracao_agi_controller:gerar_artefatos:368 - [RPA 3 — etapa 3/4: e-mail de contestação] Contatos: não configurados (pendência Q16) — nada é enviado
2026-08-14 09:41:15.353 | INFO    |src.controllers.geracao_agi_controller:gerar_artefatos:368 - [RPA 3 — etapa 3/4: e-mail de contestação] ────────────────────────────────────────────────────────────
2026-08-14 09:41:15.353 | INFO    |src.controllers.geracao_agi_controller:gerar_artefatos:368 - [RPA 3 — etapa 3/4: e-mail de contestação] PRÓXIMA ETAPA: conferência do relatório contra o EC (HU-20)
2026-08-14 09:41:15.353 | INFO    |src.controllers.geracao_agi_controller:_verificar_relatorio:895 - [STEP] Iniciando: VerificacaoRelatorio.executar
2026-08-14 09:41:15.353 | INFO    |comum.utils.decoradores:wrapper:22 - [MODO SEGURO] PERMITIR_ACESSO_AGI=false — o AGI não será aberto. A verificação usa o relatório já em [C:\projetos\MVP2\MVP2\MVP2\DETRAF-UNIFICADO\unificado\logs\relatorio_agi\remessa_baixada.csv].
2026-08-14 09:41:15.354 | INFO    |src.controllers.geracao_agi_controller:_verificar_relatorio:895 - [STEP] Finalizando: VerificacaoRelatorio.executar | Tempo gasto: 0.0s
2026-08-14 09:41:15.354 | WARNING |src.controllers.geracao_agi_controller:gerar_artefatos:398 - [RPA 3] HU-20 não executada: Relatório do AGI não encontrado em [C:\projetos\MVP2\MVP2\MVP2\DETRAF-UNIFICADO\unificado\logs\relatorio_agi\remessa_baixada.csv]. Com PERMITIR_ACESSO_AGI desligado, é preciso baixá-lo antes.
2026-08-14 09:41:15.354 | INFO    |src.controllers.geracao_agi_controller:gerar_artefatos:402 - [RPA 3 — etapa 4/4: conferência do relatório] A conferência compara o relatório do AGI com o Encontro de Contas do banco.
2026-08-14 09:41:15.354 | INFO    |src.controllers.geracao_agi_controller:gerar_artefatos:402 - [RPA 3 — etapa 4/4: conferência do relatório] A planilha de inconsistências só é gravada quando há divergência — nenhum arquivo significa nenhuma divergência.
2026-08-14 09:41:15.354 | INFO    |src.controllers.geracao_agi_controller:gerar_artefatos:402 - [RPA 3 — etapa 4/4: conferência do relatório] Pasta: C:\projetos\MVP2\MVP2\MVP2\DETRAF-UNIFICADO\unificado\logs\inconsistencias
2026-08-14 09:41:15.355 | INFO    |src.controllers.geracao_agi_controller:gerar_artefatos:402 - [RPA 3 — etapa 4/4: conferência do relatório] ────────────────────────────────────────────────────────────
2026-08-14 09:41:15.355 | INFO    |src.controllers.geracao_agi_controller:gerar_artefatos:402 - [RPA 3 — etapa 4/4: conferência do relatório] Esta é a última etapa da execução.
2026-08-14 09:41:15.355 | INFO    |src.controllers.geracao_agi_controller:gerar_artefatos:415 - [RPA 3] Resumo de 202507 — 1 operadora(s): EXT 0, INT 0, _EXP 0, carta 0, CONT_PROC 0.
2026-08-14 09:41:15.355 | INFO    |src.controllers.geracao_agi_controller:gerar_artefatos:415 - [RPA 3]   VAZIA: sem Detraf recebido.
2026-08-14 09:41:15.356 | WARNING |src.controllers.geracao_agi_controller:gerar_artefatos:415 - [RPA 3] HU-15 sem destinatários: a tabela de contatos do WebFat continua sem resposta do cliente (pendência Q16). A ponte é apontar CAMINHO_CONTATOS_OPERADORAS para um CSV `operadora;emails`.
2026-08-14 09:41:15.357 | INFO    |src.controllers.geracao_agi_controller:_gravar_relatorio:956 - [Relatório] Resumo da execução em [C:\projetos\MVP2\MVP2\MVP2\DETRAF-UNIFICADO\unificado\logs\DESKTOP-64TNDKM\rpa3_contestacao_agi_ec\execucoes\2026-08-14_09-41-15.md].
2026-08-14 09:41:15.357 | INFO    |test_orquestracao_rpa3:test_operadora_sem_detraf_e_pulada_sem_gerar_ext_vazio:218 - [STEP] Finalizando: GeracaoAgiController.gerar_artefatos | Tempo gasto: 0.01s
2026-08-14 09:41:15.361 | INFO    |comum.dados.repositorio_cache:__init__:77 - Inicializando conexão com o banco no ambiente [dev]
2026-08-14 09:41:15.362 | INFO    |comum.dados.repositorio_cache:__init__:77 - Utilizando SQLite local [C:\Users\BTIMES~1\AppData\Local\Temp\detraf_epico4_teste_rclx_oxd\TABELAS_DETRAF_TESTE.db]
2026-08-14 09:41:15.367 | INFO    |test_orquestracao_rpa3:test_ext_int_sobem_antes_do_cont_proc:239 - [STEP] Iniciando: GeracaoAgiController.gerar_artefatos
2026-08-14 09:41:15.368 | INFO    |comum.utils.decoradores:wrapper:22 - [RPA 3] 1 operadora(s) em 202507: CLARO.
2026-08-14 09:41:15.368 | INFO    |comum.dados.repositorio_cache:obter_tabela:214 - Carregando tabela [tbl_detraf_mapeamento_descritores]
2026-08-14 09:41:15.370 | INFO    |comum.dados.repositorio_cache:obter_tabela:214 - Tabela [tbl_detraf_mapeamento_descritores] carregada | Linhas: 25 | Colunas: 5
2026-08-14 09:41:15.373 | INFO    |src.controllers.geracao_agi_controller:_gerar_para_operadora:558 - [STEP] Iniciando: consolidar_detrafs_operadora
2026-08-14 09:41:15.374 | INFO    |src.services.consolidacao_contestacao:consolidar_detrafs_operadora:174 - [Consolidação] 1 arquivo(s) encontrado(s) em [C:\Users\Btime Soluções\AppData\Local\Temp\pytest-of-Btime Soluções\pytest-21\test_ext_int_sobem_antes_do_co0\Operadoras\CLARO\2025\202507\Detrafs Recebidos].
2026-08-14 09:41:15.376 | INFO    |src.services.consolidacao_contestacao:consolidar_detrafs_operadora:177 - [Consolidação] [DETRAF_D_CLARO_202507.csv]: 1 linha(s) -> 1 após remover totais.
2026-08-14 09:41:15.376 | INFO    |src.services.consolidacao_contestacao:consolidar_detrafs_operadora:177 - [Consolidação] Consolidado: 1 linha(s) de 1 arquivo(s).
2026-08-14 09:41:15.376 | INFO    |src.controllers.geracao_agi_controller:_gerar_para_operadora:558 - [STEP] Finalizando: consolidar_detrafs_operadora | Tempo gasto: 0.0s
2026-08-14 09:41:15.376 | INFO    |src.controllers.geracao_agi_controller:_gerar_para_operadora:574 - [STEP] Iniciando: consolidar_expectativa_vivo
2026-08-14 09:41:15.377 | INFO    |src.services.consolidacao_contestacao:consolidar_expectativa_vivo:207 - [Consolidação] 1 arquivo(s) encontrado(s) em [C:\Users\Btime Soluções\AppData\Local\Temp\pytest-of-Btime Soluções\pytest-21\test_ext_int_sobem_antes_do_co0\Operadoras\CLARO\2025\202507\Detrafs Enviados].
2026-08-14 09:41:15.379 | INFO    |src.services.consolidacao_contestacao:consolidar_expectativa_vivo:211 - [Consolidação] [DE_D_TBRA_CLARO_202507.csv]: 1 linha(s) -> 1 após remover totais.
2026-08-14 09:41:15.379 | INFO    |src.services.consolidacao_contestacao:consolidar_expectativa_vivo:211 - [Consolidação] Consolidado: 1 linha(s) de 1 arquivo(s).
2026-08-14 09:41:15.379 | INFO    |src.controllers.geracao_agi_controller:_gerar_para_operadora:574 - [STEP] Finalizando: consolidar_expectativa_vivo | Tempo gasto: 0.0s
2026-08-14 09:41:15.379 | INFO    |src.controllers.geracao_agi_controller:_gerar_para_operadora:586 - [STEP] Iniciando: montar_contest
2026-08-14 09:41:15.393 | INFO    |comum.utils.decoradores:wrapper:22 - [Consolidação] Contest: 1 combinação(ões) analisada(s).
2026-08-14 09:41:15.393 | INFO    |src.controllers.geracao_agi_controller:_gerar_para_operadora:586 - [STEP] Finalizando: montar_contest | Tempo gasto: 0.01s
2026-08-14 09:41:15.394 | INFO    |src.controllers.geracao_agi_controller:_gerar_para_operadora:595 - [STEP] Iniciando: GeracaoAgiController.atualizar_despesa_contestacao
2026-08-14 09:41:15.394 | INFO    |src.controllers.geracao_agi_controller:atualizar_despesa_contestacao:1066 - [STEP] Iniciando: preparar_atualizacoes_despesa_contestacao
2026-08-14 09:41:15.395 | INFO    |comum.dados.repositorio_cache:obter_tabela:214 - Carregando tabela [tbl_rpa_log_detraf_despesa_contestacao]
2026-08-14 09:41:15.396 | INFO    |comum.dados.repositorio_cache:obter_tabela:214 - Tabela [tbl_rpa_log_detraf_despesa_contestacao] carregada | Linhas: 2 | Colunas: 19
2026-08-14 09:41:15.399 | INFO    |comum.utils.decoradores:wrapper:22 - [HU-19 Despesa Contestação] 1 atualização(ões) preparada(s).
2026-08-14 09:41:15.399 | INFO    |src.controllers.geracao_agi_controller:atualizar_despesa_contestacao:1066 - [STEP] Finalizando: preparar_atualizacoes_despesa_contestacao | Tempo gasto: 0.01s
2026-08-14 09:41:15.400 | WARNING |comum.dados.repositorio_tabelas:atualizar_despesa_contestacao:1019 - [HU-19 Despesa Contestação] A tabela 'tbl_rpa_log_detraf_despesa_contestacao' não tem a(s) coluna(s) vb_contestacao — NÃO gravada(s). As demais seguem normalmente. Um ALTER TABLE resolve; ver pendencias-para-o-cliente.md (Q24).
2026-08-14 09:41:15.407 | INFO    |comum.dados.repositorio_tabelas:_atualizar_contestacao_em_lote:976 - 1 linha(s) atualizada(s) em [tbl_rpa_log_detraf_despesa_contestacao].
2026-08-14 09:41:15.407 | INFO    |comum.dados.repositorio_cache:recarregar_cache_local:375 - Carregando tabela [tbl_rpa_log_detraf_despesa_contestacao]
2026-08-14 09:41:15.409 | INFO    |comum.dados.repositorio_cache:recarregar_cache_local:375 - Tabela [tbl_rpa_log_detraf_despesa_contestacao] carregada | Linhas: 2 | Colunas: 19
2026-08-14 09:41:15.409 | INFO    |comum.dados.repositorio_tabelas:atualizar_despesa_contestacao:1019 - [HU-19 Despesa Contestação] 1 linha(s) atualizada(s), 0 chave(s) ausente(s).
2026-08-14 09:41:15.410 | INFO    |src.controllers.geracao_agi_controller:_gerar_para_operadora:595 - [STEP] Finalizando: GeracaoAgiController.atualizar_despesa_contestacao | Tempo gasto: 0.02s
2026-08-14 09:41:15.410 | INFO    |src.controllers.geracao_agi_controller:_gerar_ext:633 - [STEP] Iniciando: montar_linhas_ext
2026-08-14 09:41:15.416 | INFO    |comum.utils.decoradores:wrapper:22 - [HU-12 EXT] 1 linha(s) montada(s).
2026-08-14 09:41:15.416 | INFO    |src.controllers.geracao_agi_controller:_gerar_ext:633 - [STEP] Finalizando: montar_linhas_ext | Tempo gasto: 0.01s
2026-08-14 09:41:15.416 | INFO    |src.controllers.geracao_agi_controller:_gerar_ext:639 - [STEP] Iniciando: gerar_arquivo_ext
2026-08-14 09:41:15.425 | INFO    |comum.utils.decoradores:wrapper:22 - [HU-12 EXT] Arquivo gravado em [C:\Users\Btime Soluções\AppData\Local\Temp\pytest-of-Btime Soluções\pytest-21\test_ext_int_sobem_antes_do_co0\Operadoras\CLARO\2025\202507\AGI\DE_AGI_D_202507_TBRA_X_CLARO_EXT.xlsx].
2026-08-14 09:41:15.426 | INFO    |src.controllers.geracao_agi_controller:_gerar_ext:639 - [STEP] Finalizando: gerar_arquivo_ext | Tempo gasto: 0.01s
2026-08-14 09:41:15.426 | INFO    |src.controllers.geracao_agi_controller:_gerar_int:648 - [STEP] Iniciando: montar_linhas_int
2026-08-14 09:41:15.431 | INFO    |comum.utils.decoradores:wrapper:22 - [HU-13 INT] 1 linha(s) montada(s) (COM retenção).
2026-08-14 09:41:15.432 | INFO    |src.controllers.geracao_agi_controller:_gerar_int:648 - [STEP] Finalizando: montar_linhas_int | Tempo gasto: 0.01s
2026-08-14 09:41:15.432 | INFO    |src.controllers.geracao_agi_controller:_gerar_int:654 - [STEP] Iniciando: gerar_arquivo_int
2026-08-14 09:41:15.440 | INFO    |comum.utils.decoradores:wrapper:22 - [HU-13 INT] Arquivo gravado em [C:\Users\Btime Soluções\AppData\Local\Temp\pytest-of-Btime Soluções\pytest-21\test_ext_int_sobem_antes_do_co0\Operadoras\CLARO\2025\202507\AGI\DE_AGI_D_202507_TBRA_X_CLARO_INT.xlsx].
2026-08-14 09:41:15.441 | INFO    |src.controllers.geracao_agi_controller:_gerar_int:654 - [STEP] Finalizando: gerar_arquivo_int | Tempo gasto: 0.01s
2026-08-14 09:41:15.441 | INFO    |src.controllers.geracao_agi_controller:_gerar_env_e_carta:682 - [STEP] Iniciando: montar_abas_env
2026-08-14 09:41:15.447 | INFO    |comum.utils.decoradores:wrapper:22 - [HU-14 _EXP] Contest: 1 linha(s) contestada(s); TBRA: 1 linha(s) correspondente(s).
2026-08-14 09:41:15.447 | INFO    |src.controllers.geracao_agi_controller:_gerar_env_e_carta:682 - [STEP] Finalizando: montar_abas_env | Tempo gasto: 0.01s
2026-08-14 09:41:15.447 | INFO    |src.controllers.geracao_agi_controller:_gerar_env_e_carta:690 - [STEP] Iniciando: gerar_arquivo_env
2026-08-14 09:41:15.459 | INFO    |comum.utils.decoradores:wrapper:22 - [HU-14 _EXP] Arquivo gravado em [C:\Users\Btime Soluções\AppData\Local\Temp\pytest-of-Btime Soluções\pytest-21\test_ext_int_sobem_antes_do_co0\Operadoras\CLARO\2025\202507\Contestações\Base Contestação_CLARO_202507_EXP.xlsx].
2026-08-14 09:41:15.459 | INFO    |src.controllers.geracao_agi_controller:_gerar_env_e_carta:690 - [STEP] Finalizando: gerar_arquivo_env | Tempo gasto: 0.01s
2026-08-14 09:41:15.463 | ERROR   |src.controllers.geracao_agi_controller:_gerar_para_operadora:606 - [RPA 3] Numeração CT indisponível: [HU-14] Pasta de controle de numeração CT não encontrada: [C:\Users\Btime Soluções\AppData\Local\Temp\pytest-of-Btime Soluções\pytest-21\test_ext_int_sobem_antes_do_co0\CT\2025]. A geração de CARTA fica desabilitada para toda esta execução — os demais artefatos continuam sendo gerados.
2026-08-14 09:41:15.464 | INFO    |src.controllers.geracao_agi_controller:_gerar_para_operadora:617 - [STEP] Iniciando: GeracaoAgiController.gerar_cont_proc
2026-08-14 09:41:15.464 | INFO    |src.controllers.geracao_agi_controller:gerar_cont_proc:1030 - [STEP] Iniciando: montar_linhas_cont_proc
2026-08-14 09:41:15.464 | INFO    |src.services.geracao_cont_proc:montar_linhas_cont_proc:224 - [STEP] Iniciando: selecionar_linhas_contestadas
2026-08-14 09:41:15.468 | INFO    |comum.utils.decoradores:wrapper:22 - [HU-16 CONT_PROC] 1 linha(s) contestada(s).
2026-08-14 09:41:15.468 | INFO    |src.services.geracao_cont_proc:montar_linhas_cont_proc:224 - [STEP] Finalizando: selecionar_linhas_contestadas | Tempo gasto: 0.0s
2026-08-14 09:41:15.470 | INFO    |comum.utils.decoradores:wrapper:22 - [HU-16 CONT_PROC] 1 linha(s) montada(s) (T-100+T-101 completos).
2026-08-14 09:41:15.470 | INFO    |src.controllers.geracao_agi_controller:gerar_cont_proc:1030 - [STEP] Finalizando: montar_linhas_cont_proc | Tempo gasto: 0.01s
2026-08-14 09:41:15.470 | INFO    |src.controllers.geracao_agi_controller:gerar_cont_proc:1036 - [STEP] Iniciando: gerar_arquivo_cont_proc
2026-08-14 09:41:15.478 | INFO    |comum.utils.decoradores:wrapper:22 - [HU-16 CONT_PROC] Arquivo gravado em [C:\Users\Btime Soluções\AppData\Local\Temp\pytest-of-Btime Soluções\pytest-21\test_ext_int_sobem_antes_do_co0\Operadoras\CLARO\2025\202507\AGI\CONT_PROC_MASCARA_CLARO_202507.xlsx].
2026-08-14 09:41:15.478 | INFO    |src.controllers.geracao_agi_controller:gerar_cont_proc:1036 - [STEP] Finalizando: gerar_arquivo_cont_proc | Tempo gasto: 0.01s
2026-08-14 09:41:15.478 | INFO    |src.controllers.geracao_agi_controller:gerar_cont_proc:1046 - [STEP] Iniciando: selecionar_linhas_contestadas
2026-08-14 09:41:15.482 | INFO    |comum.utils.decoradores:wrapper:22 - [HU-16 CONT_PROC] 1 linha(s) contestada(s).
2026-08-14 09:41:15.482 | INFO    |src.controllers.geracao_agi_controller:gerar_cont_proc:1046 - [STEP] Finalizando: selecionar_linhas_contestadas | Tempo gasto: 0.0s
2026-08-14 09:41:15.485 | INFO    |comum.dados.repositorio_tabelas:_atualizar_contestacao_em_lote:976 - 1 linha(s) atualizada(s) em [tbl_rpa_log_detraf_despesa_contestacao].
2026-08-14 09:41:15.485 | INFO    |comum.dados.repositorio_cache:recarregar_cache_local:375 - Carregando tabela [tbl_rpa_log_detraf_despesa_contestacao]
2026-08-14 09:41:15.488 | INFO    |comum.dados.repositorio_cache:recarregar_cache_local:375 - Tabela [tbl_rpa_log_detraf_despesa_contestacao] carregada | Linhas: 2 | Colunas: 19
2026-08-14 09:41:15.488 | INFO    |comum.dados.repositorio_tabelas:atualizar_tipo_contestacao:1046 - [HU-16 Writeback tipo_contestacao] 1 linha(s) atualizada(s), 0 chave(s) ausente(s).
2026-08-14 09:41:15.488 | INFO    |src.controllers.geracao_agi_controller:_gerar_para_operadora:617 - [STEP] Finalizando: GeracaoAgiController.gerar_cont_proc | Tempo gasto: 0.02s
2026-08-14 09:41:15.488 | INFO    |src.controllers.geracao_agi_controller:_pausar_apos_artefatos:530 - [RPA 3 — etapa 1/4: artefatos] 1 operadora(s) em 202507:
2026-08-14 09:41:15.489 | INFO    |src.controllers.geracao_agi_controller:_pausar_apos_artefatos:530 - [RPA 3 — etapa 1/4: artefatos]   CLARO                EXT · INT · _EXP · CONT_PROC
2026-08-14 09:41:15.489 | INFO    |src.controllers.geracao_agi_controller:_pausar_apos_artefatos:530 - [RPA 3 — etapa 1/4: artefatos]                        pulado: carta desabilitada nesta execução (numeração CT)
2026-08-14 09:41:15.489 | INFO    |src.controllers.geracao_agi_controller:_pausar_apos_artefatos:530 - [RPA 3 — etapa 1/4: artefatos] Pasta: C:\Users\Btime Soluções\AppData\Local\Temp\pytest-of-Btime Soluções\pytest-21\test_ext_int_sobem_antes_do_co0\Operadoras
2026-08-14 09:41:15.489 | INFO    |src.controllers.geracao_agi_controller:_pausar_apos_artefatos:530 - [RPA 3 — etapa 1/4: artefatos] ────────────────────────────────────────────────────────────
2026-08-14 09:41:15.489 | INFO    |src.controllers.geracao_agi_controller:_pausar_apos_artefatos:530 - [RPA 3 — etapa 1/4: artefatos] PRÓXIMA ETAPA: carga no AGI (HU-17/HU-18) — ESCREVE NO AGI
2026-08-14 09:41:15.490 | INFO    |src.controllers.geracao_agi_controller:gerar_artefatos:332 - [RPA 3 — etapa 2/4: carga no AGI] 1 operadora(s) na lista de carga.
2026-08-14 09:41:15.490 | INFO    |src.controllers.geracao_agi_controller:gerar_artefatos:332 - [RPA 3 — etapa 2/4: carga no AGI] Upload no AGI: desligado — nada foi enviado, só registrado no log.
2026-08-14 09:41:15.490 | INFO    |src.controllers.geracao_agi_controller:gerar_artefatos:332 - [RPA 3 — etapa 2/4: carga no AGI] Confira no AGI se a carga entrou, e o campo `carga_agi` na tabela de contestação.
2026-08-14 09:41:15.490 | INFO    |src.controllers.geracao_agi_controller:gerar_artefatos:332 - [RPA 3 — etapa 2/4: carga no AGI] ────────────────────────────────────────────────────────────
2026-08-14 09:41:15.490 | INFO    |src.controllers.geracao_agi_controller:gerar_artefatos:332 - [RPA 3 — etapa 2/4: carga no AGI] PRÓXIMA ETAPA: e-mail de contestação à operadora (HU-15) — SAI DA EMPRESA
2026-08-14 09:41:15.490 | INFO    |src.controllers.geracao_agi_controller:gerar_artefatos:368 - [RPA 3 — etapa 3/4: e-mail de contestação] Envio de e-mail: desligado — o e-mail foi montado e registrado, não enviado.
2026-08-14 09:41:15.490 | INFO    |src.controllers.geracao_agi_controller:gerar_artefatos:368 - [RPA 3 — etapa 3/4: e-mail de contestação] Contatos: não configurados (pendência Q16) — nada é enviado
2026-08-14 09:41:15.491 | INFO    |src.controllers.geracao_agi_controller:gerar_artefatos:368 - [RPA 3 — etapa 3/4: e-mail de contestação] ────────────────────────────────────────────────────────────
2026-08-14 09:41:15.491 | INFO    |src.controllers.geracao_agi_controller:gerar_artefatos:368 - [RPA 3 — etapa 3/4: e-mail de contestação] PRÓXIMA ETAPA: conferência do relatório contra o EC (HU-20)
2026-08-14 09:41:15.491 | INFO    |src.controllers.geracao_agi_controller:_verificar_relatorio:895 - [STEP] Iniciando: VerificacaoRelatorio.executar
2026-08-14 09:41:15.491 | INFO    |comum.utils.decoradores:wrapper:22 - [MODO SEGURO] PERMITIR_ACESSO_AGI=false — o AGI não será aberto. A verificação usa o relatório já em [C:\projetos\MVP2\MVP2\MVP2\DETRAF-UNIFICADO\unificado\logs\relatorio_agi\remessa_baixada.csv].
2026-08-14 09:41:15.491 | INFO    |src.controllers.geracao_agi_controller:_verificar_relatorio:895 - [STEP] Finalizando: VerificacaoRelatorio.executar | Tempo gasto: 0.0s
2026-08-14 09:41:15.491 | WARNING |src.controllers.geracao_agi_controller:gerar_artefatos:398 - [RPA 3] HU-20 não executada: Relatório do AGI não encontrado em [C:\projetos\MVP2\MVP2\MVP2\DETRAF-UNIFICADO\unificado\logs\relatorio_agi\remessa_baixada.csv]. Com PERMITIR_ACESSO_AGI desligado, é preciso baixá-lo antes.
2026-08-14 09:41:15.492 | INFO    |src.controllers.geracao_agi_controller:gerar_artefatos:402 - [RPA 3 — etapa 4/4: conferência do relatório] A conferência compara o relatório do AGI com o Encontro de Contas do banco.
2026-08-14 09:41:15.492 | INFO    |src.controllers.geracao_agi_controller:gerar_artefatos:402 - [RPA 3 — etapa 4/4: conferência do relatório] A planilha de inconsistências só é gravada quando há divergência — nenhum arquivo significa nenhuma divergência.
2026-08-14 09:41:15.492 | INFO    |src.controllers.geracao_agi_controller:gerar_artefatos:402 - [RPA 3 — etapa 4/4: conferência do relatório] Pasta: C:\projetos\MVP2\MVP2\MVP2\DETRAF-UNIFICADO\unificado\logs\inconsistencias
2026-08-14 09:41:15.492 | INFO    |src.controllers.geracao_agi_controller:gerar_artefatos:402 - [RPA 3 — etapa 4/4: conferência do relatório] ────────────────────────────────────────────────────────────
2026-08-14 09:41:15.492 | INFO    |src.controllers.geracao_agi_controller:gerar_artefatos:402 - [RPA 3 — etapa 4/4: conferência do relatório] Esta é a última etapa da execução.
2026-08-14 09:41:15.492 | INFO    |src.controllers.geracao_agi_controller:gerar_artefatos:415 - [RPA 3] Resumo de 202507 — 1 operadora(s): EXT 1, INT 1, _EXP 1, carta 0, CONT_PROC 1.
2026-08-14 09:41:15.492 | INFO    |src.controllers.geracao_agi_controller:gerar_artefatos:415 - [RPA 3]   CLARO: carta desabilitada nesta execução (numeração CT).
2026-08-14 09:41:15.492 | WARNING |src.controllers.geracao_agi_controller:gerar_artefatos:415 - [RPA 3] HU-15 sem destinatários: a tabela de contatos do WebFat continua sem resposta do cliente (pendência Q16). A ponte é apontar CAMINHO_CONTATOS_OPERADORAS para um CSV `operadora;emails`.
2026-08-14 09:41:15.493 | INFO    |src.controllers.geracao_agi_controller:_gravar_relatorio:956 - [Relatório] Resumo da execução em [C:\projetos\MVP2\MVP2\MVP2\DETRAF-UNIFICADO\unificado\logs\DESKTOP-64TNDKM\rpa3_contestacao_agi_ec\execucoes\2026-08-14_09-41-15.md].
2026-08-14 09:41:15.494 | INFO    |test_orquestracao_rpa3:test_ext_int_sobem_antes_do_cont_proc:239 - [STEP] Finalizando: GeracaoAgiController.gerar_artefatos | Tempo gasto: 0.13s
2026-08-14 09:41:15.498 | INFO    |comum.dados.repositorio_cache:__init__:77 - Inicializando conexão com o banco no ambiente [dev]
2026-08-14 09:41:15.498 | INFO    |comum.dados.repositorio_cache:__init__:77 - Utilizando SQLite local [C:\Users\BTIMES~1\AppData\Local\Temp\detraf_epico4_teste_rclx_oxd\TABELAS_DETRAF_TESTE.db]
2026-08-14 09:41:15.508 | INFO    |test_orquestracao_rpa3:test_a_carga_recebe_o_lote_inteiro_de_uma_vez:264 - [STEP] Iniciando: GeracaoAgiController.gerar_artefatos
2026-08-14 09:41:15.509 | INFO    |comum.utils.decoradores:wrapper:22 - [RPA 3] 2 operadora(s) em 202507: ALGAR, CLARO.
2026-08-14 09:41:15.509 | INFO    |comum.dados.repositorio_cache:obter_tabela:214 - Carregando tabela [tbl_detraf_mapeamento_descritores]
2026-08-14 09:41:15.511 | INFO    |comum.dados.repositorio_cache:obter_tabela:214 - Tabela [tbl_detraf_mapeamento_descritores] carregada | Linhas: 25 | Colunas: 5
2026-08-14 09:41:15.514 | INFO    |src.controllers.geracao_agi_controller:_gerar_para_operadora:558 - [STEP] Iniciando: consolidar_detrafs_operadora
2026-08-14 09:41:15.514 | INFO    |src.services.consolidacao_contestacao:consolidar_detrafs_operadora:174 - [Consolidação] 1 arquivo(s) encontrado(s) em [C:\Users\Btime Soluções\AppData\Local\Temp\pytest-of-Btime Soluções\pytest-21\test_a_carga_recebe_o_lote_int0\Operadoras\ALGAR\2025\202507\Detrafs Recebidos].
2026-08-14 09:41:15.516 | INFO    |src.services.consolidacao_contestacao:consolidar_detrafs_operadora:177 - [Consolidação] [DETRAF_D_ALGAR_202507.csv]: 1 linha(s) -> 1 após remover totais.
2026-08-14 09:41:15.516 | INFO    |src.services.consolidacao_contestacao:consolidar_detrafs_operadora:177 - [Consolidação] Consolidado: 1 linha(s) de 1 arquivo(s).
2026-08-14 09:41:15.516 | INFO    |src.controllers.geracao_agi_controller:_gerar_para_operadora:558 - [STEP] Finalizando: consolidar_detrafs_operadora | Tempo gasto: 0.0s
2026-08-14 09:41:15.517 | INFO    |src.controllers.geracao_agi_controller:_gerar_para_operadora:574 - [STEP] Iniciando: consolidar_expectativa_vivo
2026-08-14 09:41:15.517 | WARNING |src.services.consolidacao_contestacao:consolidar_expectativa_vivo:207 - Pasta de Detrafs inexistente: [C:\Users\Btime Soluções\AppData\Local\Temp\pytest-of-Btime Soluções\pytest-21\test_a_carga_recebe_o_lote_int0\Operadoras\ALGAR\2025\202507\Detrafs Enviados]
2026-08-14 09:41:15.517 | WARNING |comum.utils.decoradores:wrapper:22 - [Consolidação] Nenhum arquivo de expectativa (_D_) em [C:\Users\Btime Soluções\AppData\Local\Temp\pytest-of-Btime Soluções\pytest-21\test_a_carga_recebe_o_lote_int0\Operadoras\ALGAR\2025\202507\Detrafs Enviados].
2026-08-14 09:41:15.517 | INFO    |src.controllers.geracao_agi_controller:_gerar_para_operadora:574 - [STEP] Finalizando: consolidar_expectativa_vivo | Tempo gasto: 0.0s
2026-08-14 09:41:15.518 | WARNING |src.controllers.geracao_agi_controller:_gerar_todos:269 - [RPA 3] ALGAR: sem expectativa Vivo em 202507; a comparação sairá com o lado da Vivo zerado.
2026-08-14 09:41:15.518 | INFO    |src.controllers.geracao_agi_controller:_gerar_para_operadora:586 - [STEP] Iniciando: montar_contest
2026-08-14 09:41:15.528 | INFO    |comum.utils.decoradores:wrapper:22 - [Consolidação] Contest: 1 combinação(ões) analisada(s).
2026-08-14 09:41:15.528 | INFO    |src.controllers.geracao_agi_controller:_gerar_para_operadora:586 - [STEP] Finalizando: montar_contest | Tempo gasto: 0.01s
2026-08-14 09:41:15.528 | INFO    |src.controllers.geracao_agi_controller:_gerar_para_operadora:595 - [STEP] Iniciando: GeracaoAgiController.atualizar_despesa_contestacao
2026-08-14 09:41:15.528 | INFO    |src.controllers.geracao_agi_controller:atualizar_despesa_contestacao:1066 - [STEP] Iniciando: preparar_atualizacoes_despesa_contestacao
2026-08-14 09:41:15.529 | INFO    |comum.dados.repositorio_cache:obter_tabela:214 - Carregando tabela [tbl_rpa_log_detraf_despesa_contestacao]
2026-08-14 09:41:15.530 | INFO    |comum.dados.repositorio_cache:obter_tabela:214 - Tabela [tbl_rpa_log_detraf_despesa_contestacao] carregada | Linhas: 2 | Colunas: 19
2026-08-14 09:41:15.534 | INFO    |comum.utils.decoradores:wrapper:22 - [HU-19 Despesa Contestação] 1 atualização(ões) preparada(s).
2026-08-14 09:41:15.535 | INFO    |src.controllers.geracao_agi_controller:atualizar_despesa_contestacao:1066 - [STEP] Finalizando: preparar_atualizacoes_despesa_contestacao | Tempo gasto: 0.01s
2026-08-14 09:41:15.535 | WARNING |comum.dados.repositorio_tabelas:atualizar_despesa_contestacao:1019 - [HU-19 Despesa Contestação] A tabela 'tbl_rpa_log_detraf_despesa_contestacao' não tem a(s) coluna(s) vb_contestacao — NÃO gravada(s). As demais seguem normalmente. Um ALTER TABLE resolve; ver pendencias-para-o-cliente.md (Q24).
2026-08-14 09:41:15.542 | INFO    |comum.dados.repositorio_tabelas:_atualizar_contestacao_em_lote:976 - 1 linha(s) atualizada(s) em [tbl_rpa_log_detraf_despesa_contestacao].
2026-08-14 09:41:15.542 | INFO    |comum.dados.repositorio_cache:recarregar_cache_local:375 - Carregando tabela [tbl_rpa_log_detraf_despesa_contestacao]
2026-08-14 09:41:15.544 | INFO    |comum.dados.repositorio_cache:recarregar_cache_local:375 - Tabela [tbl_rpa_log_detraf_despesa_contestacao] carregada | Linhas: 2 | Colunas: 19
2026-08-14 09:41:15.544 | INFO    |comum.dados.repositorio_tabelas:atualizar_despesa_contestacao:1019 - [HU-19 Despesa Contestação] 1 linha(s) atualizada(s), 0 chave(s) ausente(s).
2026-08-14 09:41:15.544 | INFO    |src.controllers.geracao_agi_controller:_gerar_para_operadora:595 - [STEP] Finalizando: GeracaoAgiController.atualizar_despesa_contestacao | Tempo gasto: 0.02s
2026-08-14 09:41:15.544 | INFO    |src.controllers.geracao_agi_controller:_gerar_ext:633 - [STEP] Iniciando: montar_linhas_ext
2026-08-14 09:41:15.551 | INFO    |comum.utils.decoradores:wrapper:22 - [HU-12 EXT] 1 linha(s) montada(s).
2026-08-14 09:41:15.552 | INFO    |src.controllers.geracao_agi_controller:_gerar_ext:633 - [STEP] Finalizando: montar_linhas_ext | Tempo gasto: 0.01s
2026-08-14 09:41:15.552 | INFO    |src.controllers.geracao_agi_controller:_gerar_ext:639 - [STEP] Iniciando: gerar_arquivo_ext
2026-08-14 09:41:15.561 | INFO    |comum.utils.decoradores:wrapper:22 - [HU-12 EXT] Arquivo gravado em [C:\Users\Btime Soluções\AppData\Local\Temp\pytest-of-Btime Soluções\pytest-21\test_a_carga_recebe_o_lote_int0\Operadoras\ALGAR\2025\202507\AGI\DE_AGI_D_202507_TBRA_X_ALGAR_EXT.xlsx].
2026-08-14 09:41:15.562 | INFO    |src.controllers.geracao_agi_controller:_gerar_ext:639 - [STEP] Finalizando: gerar_arquivo_ext | Tempo gasto: 0.01s
2026-08-14 09:41:15.562 | WARNING |src.controllers.geracao_agi_controller:_gerar_para_operadora:606 - [RPA 3] ALGAR: sem expectativa Vivo — _EXP e carta não serão gerados. Confira a pasta 'Detrafs Enviados' da operadora.
2026-08-14 09:41:15.562 | INFO    |src.controllers.geracao_agi_controller:_gerar_para_operadora:617 - [STEP] Iniciando: GeracaoAgiController.gerar_cont_proc
2026-08-14 09:41:15.562 | INFO    |src.controllers.geracao_agi_controller:gerar_cont_proc:1030 - [STEP] Iniciando: montar_linhas_cont_proc
2026-08-14 09:41:15.562 | INFO    |src.services.geracao_cont_proc:montar_linhas_cont_proc:224 - [STEP] Iniciando: selecionar_linhas_contestadas
2026-08-14 09:41:15.566 | INFO    |comum.utils.decoradores:wrapper:22 - [HU-16 CONT_PROC] 1 linha(s) contestada(s).
2026-08-14 09:41:15.567 | INFO    |src.services.geracao_cont_proc:montar_linhas_cont_proc:224 - [STEP] Finalizando: selecionar_linhas_contestadas | Tempo gasto: 0.0s
2026-08-14 09:41:15.568 | INFO    |comum.utils.decoradores:wrapper:22 - [HU-16 CONT_PROC] 1 linha(s) montada(s) (T-100+T-101 completos).
2026-08-14 09:41:15.568 | INFO    |src.controllers.geracao_agi_controller:gerar_cont_proc:1030 - [STEP] Finalizando: montar_linhas_cont_proc | Tempo gasto: 0.01s
2026-08-14 09:41:15.569 | INFO    |src.controllers.geracao_agi_controller:gerar_cont_proc:1036 - [STEP] Iniciando: gerar_arquivo_cont_proc
2026-08-14 09:41:15.577 | INFO    |comum.utils.decoradores:wrapper:22 - [HU-16 CONT_PROC] Arquivo gravado em [C:\Users\Btime Soluções\AppData\Local\Temp\pytest-of-Btime Soluções\pytest-21\test_a_carga_recebe_o_lote_int0\Operadoras\ALGAR\2025\202507\AGI\CONT_PROC_MASCARA_ALGAR_202507.xlsx].
2026-08-14 09:41:15.577 | INFO    |src.controllers.geracao_agi_controller:gerar_cont_proc:1036 - [STEP] Finalizando: gerar_arquivo_cont_proc | Tempo gasto: 0.01s
2026-08-14 09:41:15.577 | INFO    |src.controllers.geracao_agi_controller:gerar_cont_proc:1046 - [STEP] Iniciando: selecionar_linhas_contestadas
2026-08-14 09:41:15.581 | INFO    |comum.utils.decoradores:wrapper:22 - [HU-16 CONT_PROC] 1 linha(s) contestada(s).
2026-08-14 09:41:15.581 | INFO    |src.controllers.geracao_agi_controller:gerar_cont_proc:1046 - [STEP] Finalizando: selecionar_linhas_contestadas | Tempo gasto: 0.0s
2026-08-14 09:41:15.584 | INFO    |comum.dados.repositorio_tabelas:_atualizar_contestacao_em_lote:976 - 1 linha(s) atualizada(s) em [tbl_rpa_log_detraf_despesa_contestacao].
2026-08-14 09:41:15.585 | INFO    |comum.dados.repositorio_cache:recarregar_cache_local:375 - Carregando tabela [tbl_rpa_log_detraf_despesa_contestacao]
2026-08-14 09:41:15.587 | INFO    |comum.dados.repositorio_cache:recarregar_cache_local:375 - Tabela [tbl_rpa_log_detraf_despesa_contestacao] carregada | Linhas: 2 | Colunas: 19
2026-08-14 09:41:15.587 | INFO    |comum.dados.repositorio_tabelas:atualizar_tipo_contestacao:1046 - [HU-16 Writeback tipo_contestacao] 1 linha(s) atualizada(s), 0 chave(s) ausente(s).
2026-08-14 09:41:15.587 | INFO    |src.controllers.geracao_agi_controller:_gerar_para_operadora:617 - [STEP] Finalizando: GeracaoAgiController.gerar_cont_proc | Tempo gasto: 0.03s
2026-08-14 09:41:15.588 | INFO    |src.controllers.geracao_agi_controller:_gerar_para_operadora:558 - [STEP] Iniciando: consolidar_detrafs_operadora
2026-08-14 09:41:15.588 | INFO    |src.services.consolidacao_contestacao:consolidar_detrafs_operadora:174 - [Consolidação] 1 arquivo(s) encontrado(s) em [C:\Users\Btime Soluções\AppData\Local\Temp\pytest-of-Btime Soluções\pytest-21\test_a_carga_recebe_o_lote_int0\Operadoras\CLARO\2025\202507\Detrafs Recebidos].
2026-08-14 09:41:15.590 | INFO    |src.services.consolidacao_contestacao:consolidar_detrafs_operadora:177 - [Consolidação] [DETRAF_D_CLARO_202507.csv]: 1 linha(s) -> 1 após remover totais.
2026-08-14 09:41:15.591 | INFO    |src.services.consolidacao_contestacao:consolidar_detrafs_operadora:177 - [Consolidação] Consolidado: 1 linha(s) de 1 arquivo(s).
2026-08-14 09:41:15.591 | INFO    |src.controllers.geracao_agi_controller:_gerar_para_operadora:558 - [STEP] Finalizando: consolidar_detrafs_operadora | Tempo gasto: 0.0s
2026-08-14 09:41:15.591 | INFO    |src.controllers.geracao_agi_controller:_gerar_para_operadora:574 - [STEP] Iniciando: consolidar_expectativa_vivo
2026-08-14 09:41:15.592 | INFO    |src.services.consolidacao_contestacao:consolidar_expectativa_vivo:207 - [Consolidação] 1 arquivo(s) encontrado(s) em [C:\Users\Btime Soluções\AppData\Local\Temp\pytest-of-Btime Soluções\pytest-21\test_a_carga_recebe_o_lote_int0\Operadoras\CLARO\2025\202507\Detrafs Enviados].
2026-08-14 09:41:15.593 | INFO    |src.services.consolidacao_contestacao:consolidar_expectativa_vivo:211 - [Consolidação] [DE_D_TBRA_CLARO_202507.csv]: 1 linha(s) -> 1 após remover totais.
2026-08-14 09:41:15.594 | INFO    |src.services.consolidacao_contestacao:consolidar_expectativa_vivo:211 - [Consolidação] Consolidado: 1 linha(s) de 1 arquivo(s).
2026-08-14 09:41:15.594 | INFO    |src.controllers.geracao_agi_controller:_gerar_para_operadora:574 - [STEP] Finalizando: consolidar_expectativa_vivo | Tempo gasto: 0.0s
2026-08-14 09:41:15.594 | INFO    |src.controllers.geracao_agi_controller:_gerar_para_operadora:586 - [STEP] Iniciando: montar_contest
2026-08-14 09:41:15.607 | INFO    |comum.utils.decoradores:wrapper:22 - [Consolidação] Contest: 1 combinação(ões) analisada(s).
2026-08-14 09:41:15.608 | INFO    |src.controllers.geracao_agi_controller:_gerar_para_operadora:586 - [STEP] Finalizando: montar_contest | Tempo gasto: 0.01s
2026-08-14 09:41:15.608 | INFO    |src.controllers.geracao_agi_controller:_gerar_para_operadora:595 - [STEP] Iniciando: GeracaoAgiController.atualizar_despesa_contestacao
2026-08-14 09:41:15.608 | INFO    |src.controllers.geracao_agi_controller:atualizar_despesa_contestacao:1066 - [STEP] Iniciando: preparar_atualizacoes_despesa_contestacao
2026-08-14 09:41:15.611 | INFO    |comum.utils.decoradores:wrapper:22 - [HU-19 Despesa Contestação] 1 atualização(ões) preparada(s).
2026-08-14 09:41:15.612 | INFO    |src.controllers.geracao_agi_controller:atualizar_despesa_contestacao:1066 - [STEP] Finalizando: preparar_atualizacoes_despesa_contestacao | Tempo gasto: 0.0s
2026-08-14 09:41:15.612 | WARNING |comum.dados.repositorio_tabelas:atualizar_despesa_contestacao:1019 - [HU-19 Despesa Contestação] A tabela 'tbl_rpa_log_detraf_despesa_contestacao' não tem a(s) coluna(s) vb_contestacao — NÃO gravada(s). As demais seguem normalmente. Um ALTER TABLE resolve; ver pendencias-para-o-cliente.md (Q24).
2026-08-14 09:41:15.620 | INFO    |comum.dados.repositorio_tabelas:_atualizar_contestacao_em_lote:976 - 1 linha(s) atualizada(s) em [tbl_rpa_log_detraf_despesa_contestacao].
2026-08-14 09:41:15.621 | INFO    |comum.dados.repositorio_cache:recarregar_cache_local:375 - Carregando tabela [tbl_rpa_log_detraf_despesa_contestacao]
2026-08-14 09:41:15.623 | INFO    |comum.dados.repositorio_cache:recarregar_cache_local:375 - Tabela [tbl_rpa_log_detraf_despesa_contestacao] carregada | Linhas: 2 | Colunas: 19
2026-08-14 09:41:15.623 | INFO    |comum.dados.repositorio_tabelas:atualizar_despesa_contestacao:1019 - [HU-19 Despesa Contestação] 1 linha(s) atualizada(s), 0 chave(s) ausente(s).
2026-08-14 09:41:15.623 | INFO    |src.controllers.geracao_agi_controller:_gerar_para_operadora:595 - [STEP] Finalizando: GeracaoAgiController.atualizar_despesa_contestacao | Tempo gasto: 0.02s
2026-08-14 09:41:15.623 | INFO    |src.controllers.geracao_agi_controller:_gerar_ext:633 - [STEP] Iniciando: montar_linhas_ext
2026-08-14 09:41:15.629 | INFO    |comum.utils.decoradores:wrapper:22 - [HU-12 EXT] 1 linha(s) montada(s).
2026-08-14 09:41:15.629 | INFO    |src.controllers.geracao_agi_controller:_gerar_ext:633 - [STEP] Finalizando: montar_linhas_ext | Tempo gasto: 0.01s
2026-08-14 09:41:15.630 | INFO    |src.controllers.geracao_agi_controller:_gerar_ext:639 - [STEP] Iniciando: gerar_arquivo_ext
2026-08-14 09:41:15.639 | INFO    |comum.utils.decoradores:wrapper:22 - [HU-12 EXT] Arquivo gravado em [C:\Users\Btime Soluções\AppData\Local\Temp\pytest-of-Btime Soluções\pytest-21\test_a_carga_recebe_o_lote_int0\Operadoras\CLARO\2025\202507\AGI\DE_AGI_D_202507_TBRA_X_CLARO_EXT.xlsx].
2026-08-14 09:41:15.640 | INFO    |src.controllers.geracao_agi_controller:_gerar_ext:639 - [STEP] Finalizando: gerar_arquivo_ext | Tempo gasto: 0.01s
2026-08-14 09:41:15.640 | INFO    |src.controllers.geracao_agi_controller:_gerar_int:648 - [STEP] Iniciando: montar_linhas_int
2026-08-14 09:41:15.646 | INFO    |comum.utils.decoradores:wrapper:22 - [HU-13 INT] 1 linha(s) montada(s) (COM retenção).
2026-08-14 09:41:15.646 | INFO    |src.controllers.geracao_agi_controller:_gerar_int:648 - [STEP] Finalizando: montar_linhas_int | Tempo gasto: 0.01s
2026-08-14 09:41:15.647 | INFO    |src.controllers.geracao_agi_controller:_gerar_int:654 - [STEP] Iniciando: gerar_arquivo_int
2026-08-14 09:41:15.655 | INFO    |comum.utils.decoradores:wrapper:22 - [HU-13 INT] Arquivo gravado em [C:\Users\Btime Soluções\AppData\Local\Temp\pytest-of-Btime Soluções\pytest-21\test_a_carga_recebe_o_lote_int0\Operadoras\CLARO\2025\202507\AGI\DE_AGI_D_202507_TBRA_X_CLARO_INT.xlsx].
2026-08-14 09:41:15.655 | INFO    |src.controllers.geracao_agi_controller:_gerar_int:654 - [STEP] Finalizando: gerar_arquivo_int | Tempo gasto: 0.01s
2026-08-14 09:41:15.656 | INFO    |src.controllers.geracao_agi_controller:_gerar_env_e_carta:682 - [STEP] Iniciando: montar_abas_env
2026-08-14 09:41:15.662 | INFO    |comum.utils.decoradores:wrapper:22 - [HU-14 _EXP] Contest: 1 linha(s) contestada(s); TBRA: 1 linha(s) correspondente(s).
2026-08-14 09:41:15.662 | INFO    |src.controllers.geracao_agi_controller:_gerar_env_e_carta:682 - [STEP] Finalizando: montar_abas_env | Tempo gasto: 0.01s
2026-08-14 09:41:15.663 | INFO    |src.controllers.geracao_agi_controller:_gerar_env_e_carta:690 - [STEP] Iniciando: gerar_arquivo_env
2026-08-14 09:41:15.674 | INFO    |comum.utils.decoradores:wrapper:22 - [HU-14 _EXP] Arquivo gravado em [C:\Users\Btime Soluções\AppData\Local\Temp\pytest-of-Btime Soluções\pytest-21\test_a_carga_recebe_o_lote_int0\Operadoras\CLARO\2025\202507\Contestações\Base Contestação_CLARO_202507_EXP.xlsx].
2026-08-14 09:41:15.674 | INFO    |src.controllers.geracao_agi_controller:_gerar_env_e_carta:690 - [STEP] Finalizando: gerar_arquivo_env | Tempo gasto: 0.01s
2026-08-14 09:41:15.679 | ERROR   |src.controllers.geracao_agi_controller:_gerar_para_operadora:606 - [RPA 3] Numeração CT indisponível: CAMINHO_CONTROLE_CT não está configurado. É a pasta '...\Correspondências Enviadas\CT', de onde sai o último número de carta emitido — sem ela a HU-14 não pode gerar carta sem arriscar duplicar a numeração. A geração de CARTA fica desabilitada para toda esta execução — os demais artefatos continuam sendo gerados.
2026-08-14 09:41:15.679 | INFO    |src.controllers.geracao_agi_controller:_gerar_para_operadora:617 - [STEP] Iniciando: GeracaoAgiController.gerar_cont_proc
2026-08-14 09:41:15.680 | INFO    |src.controllers.geracao_agi_controller:gerar_cont_proc:1030 - [STEP] Iniciando: montar_linhas_cont_proc
2026-08-14 09:41:15.680 | INFO    |src.services.geracao_cont_proc:montar_linhas_cont_proc:224 - [STEP] Iniciando: selecionar_linhas_contestadas
2026-08-14 09:41:15.683 | INFO    |comum.utils.decoradores:wrapper:22 - [HU-16 CONT_PROC] 1 linha(s) contestada(s).
2026-08-14 09:41:15.684 | INFO    |src.services.geracao_cont_proc:montar_linhas_cont_proc:224 - [STEP] Finalizando: selecionar_linhas_contestadas | Tempo gasto: 0.0s
2026-08-14 09:41:15.685 | INFO    |comum.utils.decoradores:wrapper:22 - [HU-16 CONT_PROC] 1 linha(s) montada(s) (T-100+T-101 completos).
2026-08-14 09:41:15.685 | INFO    |src.controllers.geracao_agi_controller:gerar_cont_proc:1030 - [STEP] Finalizando: montar_linhas_cont_proc | Tempo gasto: 0.01s
2026-08-14 09:41:15.686 | INFO    |src.controllers.geracao_agi_controller:gerar_cont_proc:1036 - [STEP] Iniciando: gerar_arquivo_cont_proc
2026-08-14 09:41:15.694 | INFO    |comum.utils.decoradores:wrapper:22 - [HU-16 CONT_PROC] Arquivo gravado em [C:\Users\Btime Soluções\AppData\Local\Temp\pytest-of-Btime Soluções\pytest-21\test_a_carga_recebe_o_lote_int0\Operadoras\CLARO\2025\202507\AGI\CONT_PROC_MASCARA_CLARO_202507.xlsx].
2026-08-14 09:41:15.695 | INFO    |src.controllers.geracao_agi_controller:gerar_cont_proc:1036 - [STEP] Finalizando: gerar_arquivo_cont_proc | Tempo gasto: 0.01s
2026-08-14 09:41:15.695 | INFO    |src.controllers.geracao_agi_controller:gerar_cont_proc:1046 - [STEP] Iniciando: selecionar_linhas_contestadas
2026-08-14 09:41:15.699 | INFO    |comum.utils.decoradores:wrapper:22 - [HU-16 CONT_PROC] 1 linha(s) contestada(s).
2026-08-14 09:41:15.699 | INFO    |src.controllers.geracao_agi_controller:gerar_cont_proc:1046 - [STEP] Finalizando: selecionar_linhas_contestadas | Tempo gasto: 0.0s
2026-08-14 09:41:15.703 | INFO    |comum.dados.repositorio_tabelas:_atualizar_contestacao_em_lote:976 - 1 linha(s) atualizada(s) em [tbl_rpa_log_detraf_despesa_contestacao].
2026-08-14 09:41:15.703 | INFO    |comum.dados.repositorio_cache:recarregar_cache_local:375 - Carregando tabela [tbl_rpa_log_detraf_despesa_contestacao]
2026-08-14 09:41:15.705 | INFO    |comum.dados.repositorio_cache:recarregar_cache_local:375 - Tabela [tbl_rpa_log_detraf_despesa_contestacao] carregada | Linhas: 2 | Colunas: 19
2026-08-14 09:41:15.705 | INFO    |comum.dados.repositorio_tabelas:atualizar_tipo_contestacao:1046 - [HU-16 Writeback tipo_contestacao] 1 linha(s) atualizada(s), 0 chave(s) ausente(s).
2026-08-14 09:41:15.705 | INFO    |src.controllers.geracao_agi_controller:_gerar_para_operadora:617 - [STEP] Finalizando: GeracaoAgiController.gerar_cont_proc | Tempo gasto: 0.03s
2026-08-14 09:41:15.705 | INFO    |src.controllers.geracao_agi_controller:_pausar_apos_artefatos:530 - [RPA 3 — etapa 1/4: artefatos] 2 operadora(s) em 202507:
2026-08-14 09:41:15.706 | INFO    |src.controllers.geracao_agi_controller:_pausar_apos_artefatos:530 - [RPA 3 — etapa 1/4: artefatos]   ALGAR                EXT · CONT_PROC
2026-08-14 09:41:15.706 | INFO    |src.controllers.geracao_agi_controller:_pausar_apos_artefatos:530 - [RPA 3 — etapa 1/4: artefatos]                        pulado: sem expectativa Vivo
2026-08-14 09:41:15.706 | INFO    |src.controllers.geracao_agi_controller:_pausar_apos_artefatos:530 - [RPA 3 — etapa 1/4: artefatos]                        pulado: _EXP e carta sem expectativa Vivo
2026-08-14 09:41:15.706 | INFO    |src.controllers.geracao_agi_controller:_pausar_apos_artefatos:530 - [RPA 3 — etapa 1/4: artefatos]   CLARO                EXT · INT · _EXP · CONT_PROC
2026-08-14 09:41:15.706 | INFO    |src.controllers.geracao_agi_controller:_pausar_apos_artefatos:530 - [RPA 3 — etapa 1/4: artefatos]                        pulado: carta desabilitada nesta execução (numeração CT)
2026-08-14 09:41:15.706 | INFO    |src.controllers.geracao_agi_controller:_pausar_apos_artefatos:530 - [RPA 3 — etapa 1/4: artefatos] Pasta: C:\Users\Btime Soluções\AppData\Local\Temp\pytest-of-Btime Soluções\pytest-21\test_a_carga_recebe_o_lote_int0\Operadoras
2026-08-14 09:41:15.706 | INFO    |src.controllers.geracao_agi_controller:_pausar_apos_artefatos:530 - [RPA 3 — etapa 1/4: artefatos] ────────────────────────────────────────────────────────────
2026-08-14 09:41:15.706 | INFO    |src.controllers.geracao_agi_controller:_pausar_apos_artefatos:530 - [RPA 3 — etapa 1/4: artefatos] PRÓXIMA ETAPA: carga no AGI (HU-17/HU-18) — ESCREVE NO AGI
2026-08-14 09:41:15.707 | INFO    |src.controllers.geracao_agi_controller:gerar_artefatos:332 - [RPA 3 — etapa 2/4: carga no AGI] 2 operadora(s) na lista de carga.
2026-08-14 09:41:15.707 | INFO    |src.controllers.geracao_agi_controller:gerar_artefatos:332 - [RPA 3 — etapa 2/4: carga no AGI] Upload no AGI: desligado — nada foi enviado, só registrado no log.
2026-08-14 09:41:15.707 | INFO    |src.controllers.geracao_agi_controller:gerar_artefatos:332 - [RPA 3 — etapa 2/4: carga no AGI] Confira no AGI se a carga entrou, e o campo `carga_agi` na tabela de contestação.
2026-08-14 09:41:15.707 | INFO    |src.controllers.geracao_agi_controller:gerar_artefatos:332 - [RPA 3 — etapa 2/4: carga no AGI] ────────────────────────────────────────────────────────────
2026-08-14 09:41:15.707 | INFO    |src.controllers.geracao_agi_controller:gerar_artefatos:332 - [RPA 3 — etapa 2/4: carga no AGI] PRÓXIMA ETAPA: e-mail de contestação à operadora (HU-15) — SAI DA EMPRESA
2026-08-14 09:41:15.707 | INFO    |src.controllers.geracao_agi_controller:gerar_artefatos:368 - [RPA 3 — etapa 3/4: e-mail de contestação] Envio de e-mail: desligado — o e-mail foi montado e registrado, não enviado.
2026-08-14 09:41:15.707 | INFO    |src.controllers.geracao_agi_controller:gerar_artefatos:368 - [RPA 3 — etapa 3/4: e-mail de contestação] Contatos: não configurados (pendência Q16) — nada é enviado
2026-08-14 09:41:15.708 | INFO    |src.controllers.geracao_agi_controller:gerar_artefatos:368 - [RPA 3 — etapa 3/4: e-mail de contestação] ────────────────────────────────────────────────────────────
2026-08-14 09:41:15.708 | INFO    |src.controllers.geracao_agi_controller:gerar_artefatos:368 - [RPA 3 — etapa 3/4: e-mail de contestação] PRÓXIMA ETAPA: conferência do relatório contra o EC (HU-20)
2026-08-14 09:41:15.708 | INFO    |src.controllers.geracao_agi_controller:_verificar_relatorio:895 - [STEP] Iniciando: VerificacaoRelatorio.executar
2026-08-14 09:41:15.708 | INFO    |comum.utils.decoradores:wrapper:22 - [MODO SEGURO] PERMITIR_ACESSO_AGI=false — o AGI não será aberto. A verificação usa o relatório já em [C:\projetos\MVP2\MVP2\MVP2\DETRAF-UNIFICADO\unificado\logs\relatorio_agi\remessa_baixada.csv].
2026-08-14 09:41:15.708 | INFO    |src.controllers.geracao_agi_controller:_verificar_relatorio:895 - [STEP] Finalizando: VerificacaoRelatorio.executar | Tempo gasto: 0.0s
2026-08-14 09:41:15.708 | WARNING |src.controllers.geracao_agi_controller:gerar_artefatos:398 - [RPA 3] HU-20 não executada: Relatório do AGI não encontrado em [C:\projetos\MVP2\MVP2\MVP2\DETRAF-UNIFICADO\unificado\logs\relatorio_agi\remessa_baixada.csv]. Com PERMITIR_ACESSO_AGI desligado, é preciso baixá-lo antes.
2026-08-14 09:41:15.708 | INFO    |src.controllers.geracao_agi_controller:gerar_artefatos:402 - [RPA 3 — etapa 4/4: conferência do relatório] A conferência compara o relatório do AGI com o Encontro de Contas do banco.
2026-08-14 09:41:15.709 | INFO    |src.controllers.geracao_agi_controller:gerar_artefatos:402 - [RPA 3 — etapa 4/4: conferência do relatório] A planilha de inconsistências só é gravada quando há divergência — nenhum arquivo significa nenhuma divergência.
2026-08-14 09:41:15.709 | INFO    |src.controllers.geracao_agi_controller:gerar_artefatos:402 - [RPA 3 — etapa 4/4: conferência do relatório] Pasta: C:\projetos\MVP2\MVP2\MVP2\DETRAF-UNIFICADO\unificado\logs\inconsistencias
2026-08-14 09:41:15.709 | INFO    |src.controllers.geracao_agi_controller:gerar_artefatos:402 - [RPA 3 — etapa 4/4: conferência do relatório] ────────────────────────────────────────────────────────────
2026-08-14 09:41:15.709 | INFO    |src.controllers.geracao_agi_controller:gerar_artefatos:402 - [RPA 3 — etapa 4/4: conferência do relatório] Esta é a última etapa da execução.
2026-08-14 09:41:15.709 | INFO    |src.controllers.geracao_agi_controller:gerar_artefatos:415 - [RPA 3] Resumo de 202507 — 2 operadora(s): EXT 2, INT 1, _EXP 1, carta 0, CONT_PROC 2.
2026-08-14 09:41:15.709 | INFO    |src.controllers.geracao_agi_controller:gerar_artefatos:415 - [RPA 3]   ALGAR: sem expectativa Vivo; _EXP e carta sem expectativa Vivo.
2026-08-14 09:41:15.709 | INFO    |src.controllers.geracao_agi_controller:gerar_artefatos:415 - [RPA 3]   CLARO: carta desabilitada nesta execução (numeração CT).
2026-08-14 09:41:15.709 | WARNING |src.controllers.geracao_agi_controller:gerar_artefatos:415 - [RPA 3] HU-15 sem destinatários: a tabela de contatos do WebFat continua sem resposta do cliente (pendência Q16). A ponte é apontar CAMINHO_CONTATOS_OPERADORAS para um CSV `operadora;emails`.
2026-08-14 09:41:15.711 | INFO    |src.controllers.geracao_agi_controller:_gravar_relatorio:956 - [Relatório] Resumo da execução em [C:\projetos\MVP2\MVP2\MVP2\DETRAF-UNIFICADO\unificado\logs\DESKTOP-64TNDKM\rpa3_contestacao_agi_ec\execucoes\2026-08-14_09-41-15.md].
2026-08-14 09:41:15.711 | INFO    |test_orquestracao_rpa3:test_a_carga_recebe_o_lote_inteiro_de_uma_vez:264 - [STEP] Finalizando: GeracaoAgiController.gerar_artefatos | Tempo gasto: 0.2s
2026-08-14 09:41:15.715 | INFO    |comum.dados.repositorio_cache:__init__:77 - Inicializando conexão com o banco no ambiente [dev]
2026-08-14 09:41:15.715 | INFO    |comum.dados.repositorio_cache:__init__:77 - Utilizando SQLite local [C:\Users\BTIMES~1\AppData\Local\Temp\detraf_epico4_teste_rclx_oxd\TABELAS_DETRAF_TESTE.db]
2026-08-14 09:41:15.720 | INFO    |test_orquestracao_rpa3:test_sem_artefato_o_agi_nao_e_aberto:276 - [STEP] Iniciando: GeracaoAgiController.gerar_artefatos
2026-08-14 09:41:15.721 | INFO    |comum.utils.decoradores:wrapper:22 - [RPA 3] 1 operadora(s) em 202507: VAZIA.
2026-08-14 09:41:15.721 | INFO    |comum.dados.repositorio_cache:obter_tabela:214 - Carregando tabela [tbl_detraf_mapeamento_descritores]
2026-08-14 09:41:15.723 | INFO    |comum.dados.repositorio_cache:obter_tabela:214 - Tabela [tbl_detraf_mapeamento_descritores] carregada | Linhas: 25 | Colunas: 5
2026-08-14 09:41:15.726 | INFO    |src.controllers.geracao_agi_controller:_gerar_para_operadora:558 - [STEP] Iniciando: consolidar_detrafs_operadora
2026-08-14 09:41:15.726 | INFO    |src.services.consolidacao_contestacao:consolidar_detrafs_operadora:174 - [Consolidação] 0 arquivo(s) encontrado(s) em [C:\Users\Btime Soluções\AppData\Local\Temp\pytest-of-Btime Soluções\pytest-21\test_sem_artefato_o_agi_nao_e_0\Operadoras\VAZIA\2025\202507\Detrafs Recebidos].
2026-08-14 09:41:15.726 | INFO    |src.controllers.geracao_agi_controller:_gerar_para_operadora:558 - [STEP] Finalizando: consolidar_detrafs_operadora | Tempo gasto: 0.0s
2026-08-14 09:41:15.726 | WARNING |src.controllers.geracao_agi_controller:_gerar_todos:269 - [RPA 3] VAZIA: nenhum Detraf em 202507 — operadora pulada.
2026-08-14 09:41:15.727 | INFO    |src.controllers.geracao_agi_controller:_pausar_apos_artefatos:530 - [RPA 3 — etapa 1/4: artefatos] 1 operadora(s) em 202507:
2026-08-14 09:41:15.727 | INFO    |src.controllers.geracao_agi_controller:_pausar_apos_artefatos:530 - [RPA 3 — etapa 1/4: artefatos]   VAZIA                nada gerado
2026-08-14 09:41:15.727 | INFO    |src.controllers.geracao_agi_controller:_pausar_apos_artefatos:530 - [RPA 3 — etapa 1/4: artefatos]                        pulado: sem Detraf recebido
2026-08-14 09:41:15.727 | INFO    |src.controllers.geracao_agi_controller:_pausar_apos_artefatos:530 - [RPA 3 — etapa 1/4: artefatos] Pasta: C:\Users\Btime Soluções\AppData\Local\Temp\pytest-of-Btime Soluções\pytest-21\test_sem_artefato_o_agi_nao_e_0\Operadoras
2026-08-14 09:41:15.727 | INFO    |src.controllers.geracao_agi_controller:_pausar_apos_artefatos:530 - [RPA 3 — etapa 1/4: artefatos] ────────────────────────────────────────────────────────────
2026-08-14 09:41:15.727 | INFO    |src.controllers.geracao_agi_controller:_pausar_apos_artefatos:530 - [RPA 3 — etapa 1/4: artefatos] PRÓXIMA ETAPA: carga no AGI (HU-17/HU-18) — ESCREVE NO AGI
2026-08-14 09:41:15.727 | INFO    |src.controllers.geracao_agi_controller:gerar_artefatos:321 - [RPA 3] Nenhum artefato gerado — nada a carregar no AGI.
2026-08-14 09:41:15.728 | INFO    |src.controllers.geracao_agi_controller:gerar_artefatos:332 - [RPA 3 — etapa 2/4: carga no AGI] 0 operadora(s) na lista de carga.
2026-08-14 09:41:15.728 | INFO    |src.controllers.geracao_agi_controller:gerar_artefatos:332 - [RPA 3 — etapa 2/4: carga no AGI] Upload no AGI: desligado — nada foi enviado, só registrado no log.
2026-08-14 09:41:15.728 | INFO    |src.controllers.geracao_agi_controller:gerar_artefatos:332 - [RPA 3 — etapa 2/4: carga no AGI] Confira no AGI se a carga entrou, e o campo `carga_agi` na tabela de contestação.
2026-08-14 09:41:15.728 | INFO    |src.controllers.geracao_agi_controller:gerar_artefatos:332 - [RPA 3 — etapa 2/4: carga no AGI] ────────────────────────────────────────────────────────────
2026-08-14 09:41:15.728 | INFO    |src.controllers.geracao_agi_controller:gerar_artefatos:332 - [RPA 3 — etapa 2/4: carga no AGI] PRÓXIMA ETAPA: e-mail de contestação à operadora (HU-15) — SAI DA EMPRESA
2026-08-14 09:41:15.728 | INFO    |src.controllers.geracao_agi_controller:gerar_artefatos:368 - [RPA 3 — etapa 3/4: e-mail de contestação] Envio de e-mail: desligado — o e-mail foi montado e registrado, não enviado.
2026-08-14 09:41:15.728 | INFO    |src.controllers.geracao_agi_controller:gerar_artefatos:368 - [RPA 3 — etapa 3/4: e-mail de contestação] Contatos: não configurados (pendência Q16) — nada é enviado
2026-08-14 09:41:15.728 | INFO    |src.controllers.geracao_agi_controller:gerar_artefatos:368 - [RPA 3 — etapa 3/4: e-mail de contestação] ────────────────────────────────────────────────────────────
2026-08-14 09:41:15.728 | INFO    |src.controllers.geracao_agi_controller:gerar_artefatos:368 - [RPA 3 — etapa 3/4: e-mail de contestação] PRÓXIMA ETAPA: conferência do relatório contra o EC (HU-20)
2026-08-14 09:41:15.729 | INFO    |src.controllers.geracao_agi_controller:_verificar_relatorio:895 - [STEP] Iniciando: VerificacaoRelatorio.executar
2026-08-14 09:41:15.729 | INFO    |comum.utils.decoradores:wrapper:22 - [MODO SEGURO] PERMITIR_ACESSO_AGI=false — o AGI não será aberto. A verificação usa o relatório já em [C:\projetos\MVP2\MVP2\MVP2\DETRAF-UNIFICADO\unificado\logs\relatorio_agi\remessa_baixada.csv].
2026-08-14 09:41:15.729 | INFO    |src.controllers.geracao_agi_controller:_verificar_relatorio:895 - [STEP] Finalizando: VerificacaoRelatorio.executar | Tempo gasto: 0.0s
2026-08-14 09:41:15.729 | WARNING |src.controllers.geracao_agi_controller:gerar_artefatos:398 - [RPA 3] HU-20 não executada: Relatório do AGI não encontrado em [C:\projetos\MVP2\MVP2\MVP2\DETRAF-UNIFICADO\unificado\logs\relatorio_agi\remessa_baixada.csv]. Com PERMITIR_ACESSO_AGI desligado, é preciso baixá-lo antes.
2026-08-14 09:41:15.729 | INFO    |src.controllers.geracao_agi_controller:gerar_artefatos:402 - [RPA 3 — etapa 4/4: conferência do relatório] A conferência compara o relatório do AGI com o Encontro de Contas do banco.
2026-08-14 09:41:15.729 | INFO    |src.controllers.geracao_agi_controller:gerar_artefatos:402 - [RPA 3 — etapa 4/4: conferência do relatório] A planilha de inconsistências só é gravada quando há divergência — nenhum arquivo significa nenhuma divergência.
2026-08-14 09:41:15.729 | INFO    |src.controllers.geracao_agi_controller:gerar_artefatos:402 - [RPA 3 — etapa 4/4: conferência do relatório] Pasta: C:\projetos\MVP2\MVP2\MVP2\DETRAF-UNIFICADO\unificado\logs\inconsistencias
2026-08-14 09:41:15.730 | INFO    |src.controllers.geracao_agi_controller:gerar_artefatos:402 - [RPA 3 — etapa 4/4: conferência do relatório] ────────────────────────────────────────────────────────────
2026-08-14 09:41:15.730 | INFO    |src.controllers.geracao_agi_controller:gerar_artefatos:402 - [RPA 3 — etapa 4/4: conferência do relatório] Esta é a última etapa da execução.
2026-08-14 09:41:15.730 | INFO    |src.controllers.geracao_agi_controller:gerar_artefatos:415 - [RPA 3] Resumo de 202507 — 1 operadora(s): EXT 0, INT 0, _EXP 0, carta 0, CONT_PROC 0.
2026-08-14 09:41:15.730 | INFO    |src.controllers.geracao_agi_controller:gerar_artefatos:415 - [RPA 3]   VAZIA: sem Detraf recebido.
2026-08-14 09:41:15.730 | WARNING |src.controllers.geracao_agi_controller:gerar_artefatos:415 - [RPA 3] HU-15 sem destinatários: a tabela de contatos do WebFat continua sem resposta do cliente (pendência Q16). A ponte é apontar CAMINHO_CONTATOS_OPERADORAS para um CSV `operadora;emails`.
2026-08-14 09:41:15.731 | INFO    |src.controllers.geracao_agi_controller:_gravar_relatorio:956 - [Relatório] Resumo da execução em [C:\projetos\MVP2\MVP2\MVP2\DETRAF-UNIFICADO\unificado\logs\DESKTOP-64TNDKM\rpa3_contestacao_agi_ec\execucoes\2026-08-14_09-41-15.md].
2026-08-14 09:41:15.731 | INFO    |test_orquestracao_rpa3:test_sem_artefato_o_agi_nao_e_aberto:276 - [STEP] Finalizando: GeracaoAgiController.gerar_artefatos | Tempo gasto: 0.01s
2026-08-14 09:41:15.736 | INFO    |comum.dados.repositorio_cache:__init__:77 - Inicializando conexão com o banco no ambiente [dev]
2026-08-14 09:41:15.736 | INFO    |comum.dados.repositorio_cache:__init__:77 - Utilizando SQLite local [C:\Users\BTIMES~1\AppData\Local\Temp\detraf_epico4_teste_rclx_oxd\TABELAS_DETRAF_TESTE.db]
2026-08-14 09:41:15.742 | INFO    |test_orquestracao_rpa3:test_execucao_completa_nao_toca_agi_nem_outlook:313 - [STEP] Iniciando: GeracaoAgiController.gerar_artefatos
2026-08-14 09:41:15.742 | INFO    |comum.utils.decoradores:wrapper:22 - [RPA 3] 1 operadora(s) em 202507: CLARO.
2026-08-14 09:41:15.743 | INFO    |comum.dados.repositorio_cache:obter_tabela:214 - Carregando tabela [tbl_detraf_mapeamento_descritores]
2026-08-14 09:41:15.744 | INFO    |comum.dados.repositorio_cache:obter_tabela:214 - Tabela [tbl_detraf_mapeamento_descritores] carregada | Linhas: 25 | Colunas: 5
2026-08-14 09:41:15.747 | INFO    |src.controllers.geracao_agi_controller:_gerar_para_operadora:558 - [STEP] Iniciando: consolidar_detrafs_operadora
2026-08-14 09:41:15.748 | INFO    |src.services.consolidacao_contestacao:consolidar_detrafs_operadora:174 - [Consolidação] 1 arquivo(s) encontrado(s) em [C:\Users\Btime Soluções\AppData\Local\Temp\pytest-of-Btime Soluções\pytest-21\test_execucao_completa_nao_toc0\Operadoras\CLARO\2025\202507\Detrafs Recebidos].
2026-08-14 09:41:15.750 | INFO    |src.services.consolidacao_contestacao:consolidar_detrafs_operadora:177 - [Consolidação] [DETRAF_D_CLARO_202507.csv]: 1 linha(s) -> 1 após remover totais.
2026-08-14 09:41:15.750 | INFO    |src.services.consolidacao_contestacao:consolidar_detrafs_operadora:177 - [Consolidação] Consolidado: 1 linha(s) de 1 arquivo(s).
2026-08-14 09:41:15.750 | INFO    |src.controllers.geracao_agi_controller:_gerar_para_operadora:558 - [STEP] Finalizando: consolidar_detrafs_operadora | Tempo gasto: 0.0s
2026-08-14 09:41:15.751 | INFO    |src.controllers.geracao_agi_controller:_gerar_para_operadora:574 - [STEP] Iniciando: consolidar_expectativa_vivo
2026-08-14 09:41:15.751 | INFO    |src.services.consolidacao_contestacao:consolidar_expectativa_vivo:207 - [Consolidação] 1 arquivo(s) encontrado(s) em [C:\Users\Btime Soluções\AppData\Local\Temp\pytest-of-Btime Soluções\pytest-21\test_execucao_completa_nao_toc0\Operadoras\CLARO\2025\202507\Detrafs Enviados].
2026-08-14 09:41:15.753 | INFO    |src.services.consolidacao_contestacao:consolidar_expectativa_vivo:211 - [Consolidação] [DE_D_TBRA_CLARO_202507.csv]: 1 linha(s) -> 1 após remover totais.
2026-08-14 09:41:15.754 | INFO    |src.services.consolidacao_contestacao:consolidar_expectativa_vivo:211 - [Consolidação] Consolidado: 1 linha(s) de 1 arquivo(s).
2026-08-14 09:41:15.754 | INFO    |src.controllers.geracao_agi_controller:_gerar_para_operadora:574 - [STEP] Finalizando: consolidar_expectativa_vivo | Tempo gasto: 0.0s
2026-08-14 09:41:15.754 | INFO    |src.controllers.geracao_agi_controller:_gerar_para_operadora:586 - [STEP] Iniciando: montar_contest
2026-08-14 09:41:15.768 | INFO    |comum.utils.decoradores:wrapper:22 - [Consolidação] Contest: 1 combinação(ões) analisada(s).
2026-08-14 09:41:15.768 | INFO    |src.controllers.geracao_agi_controller:_gerar_para_operadora:586 - [STEP] Finalizando: montar_contest | Tempo gasto: 0.01s
2026-08-14 09:41:15.768 | INFO    |src.controllers.geracao_agi_controller:_gerar_para_operadora:595 - [STEP] Iniciando: GeracaoAgiController.atualizar_despesa_contestacao
2026-08-14 09:41:15.769 | INFO    |src.controllers.geracao_agi_controller:atualizar_despesa_contestacao:1066 - [STEP] Iniciando: preparar_atualizacoes_despesa_contestacao
2026-08-14 09:41:15.770 | INFO    |comum.dados.repositorio_cache:obter_tabela:214 - Carregando tabela [tbl_rpa_log_detraf_despesa_contestacao]
2026-08-14 09:41:15.772 | INFO    |comum.dados.repositorio_cache:obter_tabela:214 - Tabela [tbl_rpa_log_detraf_despesa_contestacao] carregada | Linhas: 2 | Colunas: 19
2026-08-14 09:41:15.775 | INFO    |comum.utils.decoradores:wrapper:22 - [HU-19 Despesa Contestação] 1 atualização(ões) preparada(s).
2026-08-14 09:41:15.775 | INFO    |src.controllers.geracao_agi_controller:atualizar_despesa_contestacao:1066 - [STEP] Finalizando: preparar_atualizacoes_despesa_contestacao | Tempo gasto: 0.01s
2026-08-14 09:41:15.775 | WARNING |comum.dados.repositorio_tabelas:atualizar_despesa_contestacao:1019 - [HU-19 Despesa Contestação] A tabela 'tbl_rpa_log_detraf_despesa_contestacao' não tem a(s) coluna(s) vb_contestacao — NÃO gravada(s). As demais seguem normalmente. Um ALTER TABLE resolve; ver pendencias-para-o-cliente.md (Q24).
2026-08-14 09:41:15.781 | INFO    |comum.dados.repositorio_tabelas:_atualizar_contestacao_em_lote:976 - 1 linha(s) atualizada(s) em [tbl_rpa_log_detraf_despesa_contestacao].
2026-08-14 09:41:15.781 | INFO    |comum.dados.repositorio_cache:recarregar_cache_local:375 - Carregando tabela [tbl_rpa_log_detraf_despesa_contestacao]
2026-08-14 09:41:15.783 | INFO    |comum.dados.repositorio_cache:recarregar_cache_local:375 - Tabela [tbl_rpa_log_detraf_despesa_contestacao] carregada | Linhas: 2 | Colunas: 19
2026-08-14 09:41:15.783 | INFO    |comum.dados.repositorio_tabelas:atualizar_despesa_contestacao:1019 - [HU-19 Despesa Contestação] 1 linha(s) atualizada(s), 0 chave(s) ausente(s).
2026-08-14 09:41:15.783 | INFO    |src.controllers.geracao_agi_controller:_gerar_para_operadora:595 - [STEP] Finalizando: GeracaoAgiController.atualizar_despesa_contestacao | Tempo gasto: 0.01s
2026-08-14 09:41:15.783 | INFO    |src.controllers.geracao_agi_controller:_gerar_ext:633 - [STEP] Iniciando: montar_linhas_ext
2026-08-14 09:41:15.790 | INFO    |comum.utils.decoradores:wrapper:22 - [HU-12 EXT] 1 linha(s) montada(s).
2026-08-14 09:41:15.790 | INFO    |src.controllers.geracao_agi_controller:_gerar_ext:633 - [STEP] Finalizando: montar_linhas_ext | Tempo gasto: 0.01s
2026-08-14 09:41:15.790 | INFO    |src.controllers.geracao_agi_controller:_gerar_ext:639 - [STEP] Iniciando: gerar_arquivo_ext
2026-08-14 09:41:15.798 | INFO    |comum.utils.decoradores:wrapper:22 - [HU-12 EXT] Arquivo gravado em [C:\Users\Btime Soluções\AppData\Local\Temp\pytest-of-Btime Soluções\pytest-21\test_execucao_completa_nao_toc0\Operadoras\CLARO\2025\202507\AGI\DE_AGI_D_202507_TBRA_X_CLARO_EXT.xlsx].
2026-08-14 09:41:15.798 | INFO    |src.controllers.geracao_agi_controller:_gerar_ext:639 - [STEP] Finalizando: gerar_arquivo_ext | Tempo gasto: 0.01s
2026-08-14 09:41:15.799 | INFO    |src.controllers.geracao_agi_controller:_gerar_int:648 - [STEP] Iniciando: montar_linhas_int
2026-08-14 09:41:15.805 | INFO    |comum.utils.decoradores:wrapper:22 - [HU-13 INT] 1 linha(s) montada(s) (COM retenção).
2026-08-14 09:41:15.806 | INFO    |src.controllers.geracao_agi_controller:_gerar_int:648 - [STEP] Finalizando: montar_linhas_int | Tempo gasto: 0.01s
2026-08-14 09:41:15.806 | INFO    |src.controllers.geracao_agi_controller:_gerar_int:654 - [STEP] Iniciando: gerar_arquivo_int
2026-08-14 09:41:15.813 | INFO    |comum.utils.decoradores:wrapper:22 - [HU-13 INT] Arquivo gravado em [C:\Users\Btime Soluções\AppData\Local\Temp\pytest-of-Btime Soluções\pytest-21\test_execucao_completa_nao_toc0\Operadoras\CLARO\2025\202507\AGI\DE_AGI_D_202507_TBRA_X_CLARO_INT.xlsx].
2026-08-14 09:41:15.814 | INFO    |src.controllers.geracao_agi_controller:_gerar_int:654 - [STEP] Finalizando: gerar_arquivo_int | Tempo gasto: 0.01s
2026-08-14 09:41:15.814 | INFO    |src.controllers.geracao_agi_controller:_gerar_env_e_carta:682 - [STEP] Iniciando: montar_abas_env
2026-08-14 09:41:15.820 | INFO    |comum.utils.decoradores:wrapper:22 - [HU-14 _EXP] Contest: 1 linha(s) contestada(s); TBRA: 1 linha(s) correspondente(s).
2026-08-14 09:41:15.821 | INFO    |src.controllers.geracao_agi_controller:_gerar_env_e_carta:682 - [STEP] Finalizando: montar_abas_env | Tempo gasto: 0.01s
2026-08-14 09:41:15.821 | INFO    |src.controllers.geracao_agi_controller:_gerar_env_e_carta:690 - [STEP] Iniciando: gerar_arquivo_env
2026-08-14 09:41:15.831 | INFO    |comum.utils.decoradores:wrapper:22 - [HU-14 _EXP] Arquivo gravado em [C:\Users\Btime Soluções\AppData\Local\Temp\pytest-of-Btime Soluções\pytest-21\test_execucao_completa_nao_toc0\Operadoras\CLARO\2025\202507\Contestações\Base Contestação_CLARO_202507_EXP.xlsx].
2026-08-14 09:41:15.831 | INFO    |src.controllers.geracao_agi_controller:_gerar_env_e_carta:690 - [STEP] Finalizando: gerar_arquivo_env | Tempo gasto: 0.01s
2026-08-14 09:41:15.837 | ERROR   |src.controllers.geracao_agi_controller:_gerar_para_operadora:606 - [RPA 3] Numeração CT indisponível: [HU-14] Pasta de controle de numeração CT não encontrada: [C:\Users\Btime Soluções\AppData\Local\Temp\pytest-of-Btime Soluções\pytest-21\test_execucao_completa_nao_toc0\CT\2025]. A geração de CARTA fica desabilitada para toda esta execução — os demais artefatos continuam sendo gerados.
2026-08-14 09:41:15.837 | INFO    |src.controllers.geracao_agi_controller:_gerar_para_operadora:617 - [STEP] Iniciando: GeracaoAgiController.gerar_cont_proc
2026-08-14 09:41:15.838 | INFO    |src.controllers.geracao_agi_controller:gerar_cont_proc:1030 - [STEP] Iniciando: montar_linhas_cont_proc
2026-08-14 09:41:15.838 | INFO    |src.services.geracao_cont_proc:montar_linhas_cont_proc:224 - [STEP] Iniciando: selecionar_linhas_contestadas
2026-08-14 09:41:15.841 | INFO    |comum.utils.decoradores:wrapper:22 - [HU-16 CONT_PROC] 1 linha(s) contestada(s).
2026-08-14 09:41:15.842 | INFO    |src.services.geracao_cont_proc:montar_linhas_cont_proc:224 - [STEP] Finalizando: selecionar_linhas_contestadas | Tempo gasto: 0.0s
2026-08-14 09:41:15.843 | INFO    |comum.utils.decoradores:wrapper:22 - [HU-16 CONT_PROC] 1 linha(s) montada(s) (T-100+T-101 completos).
2026-08-14 09:41:15.843 | INFO    |src.controllers.geracao_agi_controller:gerar_cont_proc:1030 - [STEP] Finalizando: montar_linhas_cont_proc | Tempo gasto: 0.01s
2026-08-14 09:41:15.843 | INFO    |src.controllers.geracao_agi_controller:gerar_cont_proc:1036 - [STEP] Iniciando: gerar_arquivo_cont_proc
2026-08-14 09:41:15.851 | INFO    |comum.utils.decoradores:wrapper:22 - [HU-16 CONT_PROC] Arquivo gravado em [C:\Users\Btime Soluções\AppData\Local\Temp\pytest-of-Btime Soluções\pytest-21\test_execucao_completa_nao_toc0\Operadoras\CLARO\2025\202507\AGI\CONT_PROC_MASCARA_CLARO_202507.xlsx].
2026-08-14 09:41:15.852 | INFO    |src.controllers.geracao_agi_controller:gerar_cont_proc:1036 - [STEP] Finalizando: gerar_arquivo_cont_proc | Tempo gasto: 0.01s
2026-08-14 09:41:15.852 | INFO    |src.controllers.geracao_agi_controller:gerar_cont_proc:1046 - [STEP] Iniciando: selecionar_linhas_contestadas
2026-08-14 09:41:15.857 | INFO    |comum.utils.decoradores:wrapper:22 - [HU-16 CONT_PROC] 1 linha(s) contestada(s).
2026-08-14 09:41:15.857 | INFO    |src.controllers.geracao_agi_controller:gerar_cont_proc:1046 - [STEP] Finalizando: selecionar_linhas_contestadas | Tempo gasto: 0.01s
2026-08-14 09:41:15.860 | INFO    |comum.dados.repositorio_tabelas:_atualizar_contestacao_em_lote:976 - 1 linha(s) atualizada(s) em [tbl_rpa_log_detraf_despesa_contestacao].
2026-08-14 09:41:15.860 | INFO    |comum.dados.repositorio_cache:recarregar_cache_local:375 - Carregando tabela [tbl_rpa_log_detraf_despesa_contestacao]
2026-08-14 09:41:15.862 | INFO    |comum.dados.repositorio_cache:recarregar_cache_local:375 - Tabela [tbl_rpa_log_detraf_despesa_contestacao] carregada | Linhas: 2 | Colunas: 19
2026-08-14 09:41:15.862 | INFO    |comum.dados.repositorio_tabelas:atualizar_tipo_contestacao:1046 - [HU-16 Writeback tipo_contestacao] 1 linha(s) atualizada(s), 0 chave(s) ausente(s).
2026-08-14 09:41:15.863 | INFO    |src.controllers.geracao_agi_controller:_gerar_para_operadora:617 - [STEP] Finalizando: GeracaoAgiController.gerar_cont_proc | Tempo gasto: 0.03s
2026-08-14 09:41:15.863 | INFO    |src.controllers.geracao_agi_controller:_pausar_apos_artefatos:530 - [RPA 3 — etapa 1/4: artefatos] 1 operadora(s) em 202507:
2026-08-14 09:41:15.863 | INFO    |src.controllers.geracao_agi_controller:_pausar_apos_artefatos:530 - [RPA 3 — etapa 1/4: artefatos]   CLARO                EXT · INT · _EXP · CONT_PROC
2026-08-14 09:41:15.863 | INFO    |src.controllers.geracao_agi_controller:_pausar_apos_artefatos:530 - [RPA 3 — etapa 1/4: artefatos]                        pulado: carta desabilitada nesta execução (numeração CT)
2026-08-14 09:41:15.863 | INFO    |src.controllers.geracao_agi_controller:_pausar_apos_artefatos:530 - [RPA 3 — etapa 1/4: artefatos] Pasta: C:\Users\Btime Soluções\AppData\Local\Temp\pytest-of-Btime Soluções\pytest-21\test_execucao_completa_nao_toc0\Operadoras
2026-08-14 09:41:15.863 | INFO    |src.controllers.geracao_agi_controller:_pausar_apos_artefatos:530 - [RPA 3 — etapa 1/4: artefatos] ────────────────────────────────────────────────────────────
2026-08-14 09:41:15.864 | INFO    |src.controllers.geracao_agi_controller:_pausar_apos_artefatos:530 - [RPA 3 — etapa 1/4: artefatos] PRÓXIMA ETAPA: carga no AGI (HU-17/HU-18) — ESCREVE NO AGI
2026-08-14 09:41:15.864 | INFO    |src.controllers.geracao_agi_controller:_carregar_no_agi:805 - [STEP] Iniciando: UploadDetrafAGI.executar
2026-08-14 09:41:15.865 | INFO    |comum.utils.decoradores:wrapper:22 - [MODO SEGURO] PERMITIR_UPLOAD_AGI=false — 2 arquivo(s) pendente(s), nada enviado ao AGI:
2026-08-14 09:41:15.865 | INFO    |comum.utils.decoradores:wrapper:22 -   CLARO: DE_AGI_D_202507_TBRA_X_CLARO_EXT.xlsx
2026-08-14 09:41:15.865 | INFO    |comum.utils.decoradores:wrapper:22 -   CLARO: DE_AGI_D_202507_TBRA_X_CLARO_INT.xlsx
2026-08-14 09:41:15.865 | INFO    |src.controllers.geracao_agi_controller:_carregar_no_agi:805 - [STEP] Finalizando: UploadDetrafAGI.executar | Tempo gasto: 0.0s
2026-08-14 09:41:15.866 | INFO    |src.controllers.geracao_agi_controller:_carregar_no_agi:808 - [STEP] Iniciando: UploadContestacaoAGI.executar
2026-08-14 09:41:15.866 | INFO    |comum.utils.decoradores:wrapper:22 - [MODO SEGURO] PERMITIR_UPLOAD_AGI=false — 1 arquivo(s) de contestação pendente(s), nada enviado ao AGI:
2026-08-14 09:41:15.866 | INFO    |comum.utils.decoradores:wrapper:22 -   CLARO: CONT_PROC_MASCARA_CLARO_202507.xlsx
2026-08-14 09:41:15.867 | INFO    |src.controllers.geracao_agi_controller:_carregar_no_agi:808 - [STEP] Finalizando: UploadContestacaoAGI.executar | Tempo gasto: 0.0s
2026-08-14 09:41:15.867 | INFO    |src.controllers.geracao_agi_controller:gerar_artefatos:332 - [RPA 3 — etapa 2/4: carga no AGI] 1 operadora(s) na lista de carga.
2026-08-14 09:41:15.867 | INFO    |src.controllers.geracao_agi_controller:gerar_artefatos:332 - [RPA 3 — etapa 2/4: carga no AGI] Upload no AGI: desligado — nada foi enviado, só registrado no log.
2026-08-14 09:41:15.867 | INFO    |src.controllers.geracao_agi_controller:gerar_artefatos:332 - [RPA 3 — etapa 2/4: carga no AGI] Confira no AGI se a carga entrou, e o campo `carga_agi` na tabela de contestação.
2026-08-14 09:41:15.868 | INFO    |src.controllers.geracao_agi_controller:gerar_artefatos:332 - [RPA 3 — etapa 2/4: carga no AGI] ────────────────────────────────────────────────────────────
2026-08-14 09:41:15.868 | INFO    |src.controllers.geracao_agi_controller:gerar_artefatos:332 - [RPA 3 — etapa 2/4: carga no AGI] PRÓXIMA ETAPA: e-mail de contestação à operadora (HU-15) — SAI DA EMPRESA
2026-08-14 09:41:15.868 | INFO    |src.controllers.geracao_agi_controller:gerar_artefatos:368 - [RPA 3 — etapa 3/4: e-mail de contestação] Envio de e-mail: desligado — o e-mail foi montado e registrado, não enviado.
2026-08-14 09:41:15.868 | INFO    |src.controllers.geracao_agi_controller:gerar_artefatos:368 - [RPA 3 — etapa 3/4: e-mail de contestação] Contatos: não configurados (pendência Q16) — nada é enviado
2026-08-14 09:41:15.869 | INFO    |src.controllers.geracao_agi_controller:gerar_artefatos:368 - [RPA 3 — etapa 3/4: e-mail de contestação] ────────────────────────────────────────────────────────────
2026-08-14 09:41:15.869 | INFO    |src.controllers.geracao_agi_controller:gerar_artefatos:368 - [RPA 3 — etapa 3/4: e-mail de contestação] PRÓXIMA ETAPA: conferência do relatório contra o EC (HU-20)
2026-08-14 09:41:15.869 | INFO    |src.controllers.geracao_agi_controller:_verificar_relatorio:895 - [STEP] Iniciando: VerificacaoRelatorio.executar
2026-08-14 09:41:15.869 | INFO    |comum.utils.decoradores:wrapper:22 - [MODO SEGURO] PERMITIR_ACESSO_AGI=false — o AGI não será aberto. A verificação usa o relatório já em [C:\projetos\MVP2\MVP2\MVP2\DETRAF-UNIFICADO\unificado\logs\relatorio_agi\remessa_baixada.csv].
2026-08-14 09:41:15.870 | INFO    |src.controllers.geracao_agi_controller:_verificar_relatorio:895 - [STEP] Finalizando: VerificacaoRelatorio.executar | Tempo gasto: 0.0s
2026-08-14 09:41:15.870 | WARNING |src.controllers.geracao_agi_controller:gerar_artefatos:398 - [RPA 3] HU-20 não executada: Relatório do AGI não encontrado em [C:\projetos\MVP2\MVP2\MVP2\DETRAF-UNIFICADO\unificado\logs\relatorio_agi\remessa_baixada.csv]. Com PERMITIR_ACESSO_AGI desligado, é preciso baixá-lo antes.
2026-08-14 09:41:15.871 | INFO    |src.controllers.geracao_agi_controller:gerar_artefatos:402 - [RPA 3 — etapa 4/4: conferência do relatório] A conferência compara o relatório do AGI com o Encontro de Contas do banco.
2026-08-14 09:41:15.872 | INFO    |src.controllers.geracao_agi_controller:gerar_artefatos:402 - [RPA 3 — etapa 4/4: conferência do relatório] A planilha de inconsistências só é gravada quando há divergência — nenhum arquivo significa nenhuma divergência.
2026-08-14 09:41:15.873 | INFO    |src.controllers.geracao_agi_controller:gerar_artefatos:402 - [RPA 3 — etapa 4/4: conferência do relatório] Pasta: C:\projetos\MVP2\MVP2\MVP2\DETRAF-UNIFICADO\unificado\logs\inconsistencias
2026-08-14 09:41:15.873 | INFO    |src.controllers.geracao_agi_controller:gerar_artefatos:402 - [RPA 3 — etapa 4/4: conferência do relatório] ────────────────────────────────────────────────────────────
2026-08-14 09:41:15.873 | INFO    |src.controllers.geracao_agi_controller:gerar_artefatos:402 - [RPA 3 — etapa 4/4: conferência do relatório] Esta é a última etapa da execução.
2026-08-14 09:41:15.874 | INFO    |src.controllers.geracao_agi_controller:gerar_artefatos:415 - [RPA 3] Resumo de 202507 — 1 operadora(s): EXT 1, INT 1, _EXP 1, carta 0, CONT_PROC 1.
2026-08-14 09:41:15.874 | INFO    |src.controllers.geracao_agi_controller:gerar_artefatos:415 - [RPA 3]   CLARO: carta desabilitada nesta execução (numeração CT).
2026-08-14 09:41:15.874 | WARNING |src.controllers.geracao_agi_controller:gerar_artefatos:415 - [RPA 3] HU-15 sem destinatários: a tabela de contatos do WebFat continua sem resposta do cliente (pendência Q16). A ponte é apontar CAMINHO_CONTATOS_OPERADORAS para um CSV `operadora;emails`.
2026-08-14 09:41:15.875 | INFO    |src.controllers.geracao_agi_controller:_gravar_relatorio:956 - [Relatório] Resumo da execução em [C:\projetos\MVP2\MVP2\MVP2\DETRAF-UNIFICADO\unificado\logs\DESKTOP-64TNDKM\rpa3_contestacao_agi_ec\execucoes\2026-08-14_09-41-15.md].
2026-08-14 09:41:15.875 | INFO    |test_orquestracao_rpa3:test_execucao_completa_nao_toca_agi_nem_outlook:313 - [STEP] Finalizando: GeracaoAgiController.gerar_artefatos | Tempo gasto: 0.13s
2026-08-14 09:41:15.880 | INFO    |comum.dados.repositorio_cache:__init__:77 - Inicializando conexão com o banco no ambiente [dev]
2026-08-14 09:41:15.880 | INFO    |comum.dados.repositorio_cache:__init__:77 - Utilizando SQLite local [C:\Users\BTIMES~1\AppData\Local\Temp\detraf_epico4_teste_rclx_oxd\TABELAS_DETRAF_TESTE.db]
2026-08-14 09:41:15.887 | INFO    |test_orquestracao_rpa3:test_numeracao_ct_indisponivel_desabilita_a_carta_e_nao_o_resto:339 - [STEP] Iniciando: GeracaoAgiController.gerar_artefatos
2026-08-14 09:41:15.887 | INFO    |comum.utils.decoradores:wrapper:22 - [RPA 3] 1 operadora(s) em 202507: CLARO.
2026-08-14 09:41:15.888 | INFO    |comum.dados.repositorio_cache:obter_tabela:214 - Carregando tabela [tbl_detraf_mapeamento_descritores]
2026-08-14 09:41:15.889 | INFO    |comum.dados.repositorio_cache:obter_tabela:214 - Tabela [tbl_detraf_mapeamento_descritores] carregada | Linhas: 25 | Colunas: 5
2026-08-14 09:41:15.892 | INFO    |src.controllers.geracao_agi_controller:_gerar_para_operadora:558 - [STEP] Iniciando: consolidar_detrafs_operadora
2026-08-14 09:41:15.893 | INFO    |src.services.consolidacao_contestacao:consolidar_detrafs_operadora:174 - [Consolidação] 1 arquivo(s) encontrado(s) em [C:\Users\Btime Soluções\AppData\Local\Temp\pytest-of-Btime Soluções\pytest-21\test_numeracao_ct_indisponivel0\Operadoras\CLARO\2025\202507\Detrafs Recebidos].
2026-08-14 09:41:15.895 | INFO    |src.services.consolidacao_contestacao:consolidar_detrafs_operadora:177 - [Consolidação] [DETRAF_D_CLARO_202507.csv]: 1 linha(s) -> 1 após remover totais.
2026-08-14 09:41:15.895 | INFO    |src.services.consolidacao_contestacao:consolidar_detrafs_operadora:177 - [Consolidação] Consolidado: 1 linha(s) de 1 arquivo(s).
2026-08-14 09:41:15.896 | INFO    |src.controllers.geracao_agi_controller:_gerar_para_operadora:558 - [STEP] Finalizando: consolidar_detrafs_operadora | Tempo gasto: 0.0s
2026-08-14 09:41:15.896 | INFO    |src.controllers.geracao_agi_controller:_gerar_para_operadora:574 - [STEP] Iniciando: consolidar_expectativa_vivo
2026-08-14 09:41:15.897 | INFO    |src.services.consolidacao_contestacao:consolidar_expectativa_vivo:207 - [Consolidação] 1 arquivo(s) encontrado(s) em [C:\Users\Btime Soluções\AppData\Local\Temp\pytest-of-Btime Soluções\pytest-21\test_numeracao_ct_indisponivel0\Operadoras\CLARO\2025\202507\Detrafs Enviados].
2026-08-14 09:41:15.898 | INFO    |src.services.consolidacao_contestacao:consolidar_expectativa_vivo:211 - [Consolidação] [DE_D_TBRA_CLARO_202507.csv]: 1 linha(s) -> 1 após remover totais.
2026-08-14 09:41:15.899 | INFO    |src.services.consolidacao_contestacao:consolidar_expectativa_vivo:211 - [Consolidação] Consolidado: 1 linha(s) de 1 arquivo(s).
2026-08-14 09:41:15.899 | INFO    |src.controllers.geracao_agi_controller:_gerar_para_operadora:574 - [STEP] Finalizando: consolidar_expectativa_vivo | Tempo gasto: 0.0s
2026-08-14 09:41:15.899 | INFO    |src.controllers.geracao_agi_controller:_gerar_para_operadora:586 - [STEP] Iniciando: montar_contest
2026-08-14 09:41:15.914 | INFO    |comum.utils.decoradores:wrapper:22 - [Consolidação] Contest: 1 combinação(ões) analisada(s).
2026-08-14 09:41:15.915 | INFO    |src.controllers.geracao_agi_controller:_gerar_para_operadora:586 - [STEP] Finalizando: montar_contest | Tempo gasto: 0.02s
2026-08-14 09:41:15.915 | INFO    |src.controllers.geracao_agi_controller:_gerar_para_operadora:595 - [STEP] Iniciando: GeracaoAgiController.atualizar_despesa_contestacao
2026-08-14 09:41:15.915 | INFO    |src.controllers.geracao_agi_controller:atualizar_despesa_contestacao:1066 - [STEP] Iniciando: preparar_atualizacoes_despesa_contestacao
2026-08-14 09:41:15.916 | INFO    |comum.dados.repositorio_cache:obter_tabela:214 - Carregando tabela [tbl_rpa_log_detraf_despesa_contestacao]
2026-08-14 09:41:15.917 | INFO    |comum.dados.repositorio_cache:obter_tabela:214 - Tabela [tbl_rpa_log_detraf_despesa_contestacao] carregada | Linhas: 2 | Colunas: 19
2026-08-14 09:41:15.921 | INFO    |comum.utils.decoradores:wrapper:22 - [HU-19 Despesa Contestação] 1 atualização(ões) preparada(s).
2026-08-14 09:41:15.921 | INFO    |src.controllers.geracao_agi_controller:atualizar_despesa_contestacao:1066 - [STEP] Finalizando: preparar_atualizacoes_despesa_contestacao | Tempo gasto: 0.01s
2026-08-14 09:41:15.922 | WARNING |comum.dados.repositorio_tabelas:atualizar_despesa_contestacao:1019 - [HU-19 Despesa Contestação] A tabela 'tbl_rpa_log_detraf_despesa_contestacao' não tem a(s) coluna(s) vb_contestacao — NÃO gravada(s). As demais seguem normalmente. Um ALTER TABLE resolve; ver pendencias-para-o-cliente.md (Q24).
2026-08-14 09:41:15.928 | INFO    |comum.dados.repositorio_tabelas:_atualizar_contestacao_em_lote:976 - 1 linha(s) atualizada(s) em [tbl_rpa_log_detraf_despesa_contestacao].
2026-08-14 09:41:15.928 | INFO    |comum.dados.repositorio_cache:recarregar_cache_local:375 - Carregando tabela [tbl_rpa_log_detraf_despesa_contestacao]
2026-08-14 09:41:15.930 | INFO    |comum.dados.repositorio_cache:recarregar_cache_local:375 - Tabela [tbl_rpa_log_detraf_despesa_contestacao] carregada | Linhas: 2 | Colunas: 19
2026-08-14 09:41:15.931 | INFO    |comum.dados.repositorio_tabelas:atualizar_despesa_contestacao:1019 - [HU-19 Despesa Contestação] 1 linha(s) atualizada(s), 0 chave(s) ausente(s).
2026-08-14 09:41:15.931 | INFO    |src.controllers.geracao_agi_controller:_gerar_para_operadora:595 - [STEP] Finalizando: GeracaoAgiController.atualizar_despesa_contestacao | Tempo gasto: 0.02s
2026-08-14 09:41:15.931 | INFO    |src.controllers.geracao_agi_controller:_gerar_ext:633 - [STEP] Iniciando: montar_linhas_ext
2026-08-14 09:41:15.938 | INFO    |comum.utils.decoradores:wrapper:22 - [HU-12 EXT] 1 linha(s) montada(s).
2026-08-14 09:41:15.938 | INFO    |src.controllers.geracao_agi_controller:_gerar_ext:633 - [STEP] Finalizando: montar_linhas_ext | Tempo gasto: 0.01s
2026-08-14 09:41:15.938 | INFO    |src.controllers.geracao_agi_controller:_gerar_ext:639 - [STEP] Iniciando: gerar_arquivo_ext
2026-08-14 09:41:15.948 | INFO    |comum.utils.decoradores:wrapper:22 - [HU-12 EXT] Arquivo gravado em [C:\Users\Btime Soluções\AppData\Local\Temp\pytest-of-Btime Soluções\pytest-21\test_numeracao_ct_indisponivel0\Operadoras\CLARO\2025\202507\AGI\DE_AGI_D_202507_TBRA_X_CLARO_EXT.xlsx].
2026-08-14 09:41:15.948 | INFO    |src.controllers.geracao_agi_controller:_gerar_ext:639 - [STEP] Finalizando: gerar_arquivo_ext | Tempo gasto: 0.01s
2026-08-14 09:41:15.949 | INFO    |src.controllers.geracao_agi_controller:_gerar_int:648 - [STEP] Iniciando: montar_linhas_int
2026-08-14 09:41:15.956 | INFO    |comum.utils.decoradores:wrapper:22 - [HU-13 INT] 1 linha(s) montada(s) (COM retenção).
2026-08-14 09:41:15.956 | INFO    |src.controllers.geracao_agi_controller:_gerar_int:648 - [STEP] Finalizando: montar_linhas_int | Tempo gasto: 0.01s
2026-08-14 09:41:15.957 | INFO    |src.controllers.geracao_agi_controller:_gerar_int:654 - [STEP] Iniciando: gerar_arquivo_int
2026-08-14 09:41:15.965 | INFO    |comum.utils.decoradores:wrapper:22 - [HU-13 INT] Arquivo gravado em [C:\Users\Btime Soluções\AppData\Local\Temp\pytest-of-Btime Soluções\pytest-21\test_numeracao_ct_indisponivel0\Operadoras\CLARO\2025\202507\AGI\DE_AGI_D_202507_TBRA_X_CLARO_INT.xlsx].
2026-08-14 09:41:15.965 | INFO    |src.controllers.geracao_agi_controller:_gerar_int:654 - [STEP] Finalizando: gerar_arquivo_int | Tempo gasto: 0.01s
2026-08-14 09:41:15.966 | INFO    |src.controllers.geracao_agi_controller:_gerar_env_e_carta:682 - [STEP] Iniciando: montar_abas_env
2026-08-14 09:41:15.973 | INFO    |comum.utils.decoradores:wrapper:22 - [HU-14 _EXP] Contest: 1 linha(s) contestada(s); TBRA: 1 linha(s) correspondente(s).
2026-08-14 09:41:15.973 | INFO    |src.controllers.geracao_agi_controller:_gerar_env_e_carta:682 - [STEP] Finalizando: montar_abas_env | Tempo gasto: 0.01s
2026-08-14 09:41:15.973 | INFO    |src.controllers.geracao_agi_controller:_gerar_env_e_carta:690 - [STEP] Iniciando: gerar_arquivo_env
2026-08-14 09:41:15.985 | INFO    |comum.utils.decoradores:wrapper:22 - [HU-14 _EXP] Arquivo gravado em [C:\Users\Btime Soluções\AppData\Local\Temp\pytest-of-Btime Soluções\pytest-21\test_numeracao_ct_indisponivel0\Operadoras\CLARO\2025\202507\Contestações\Base Contestação_CLARO_202507_EXP.xlsx].
2026-08-14 09:41:15.986 | INFO    |src.controllers.geracao_agi_controller:_gerar_env_e_carta:690 - [STEP] Finalizando: gerar_arquivo_env | Tempo gasto: 0.01s
2026-08-14 09:41:15.991 | ERROR   |src.controllers.geracao_agi_controller:_gerar_para_operadora:606 - [RPA 3] Numeração CT indisponível: [HU-14] Pasta de controle de numeração CT não encontrada: [C:\Users\Btime Soluções\AppData\Local\Temp\pytest-of-Btime Soluções\pytest-21\test_numeracao_ct_indisponivel0\CT_inexistente\2025]. A geração de CARTA fica desabilitada para toda esta execução — os demais artefatos continuam sendo gerados.
2026-08-14 09:41:15.991 | INFO    |src.controllers.geracao_agi_controller:_gerar_para_operadora:617 - [STEP] Iniciando: GeracaoAgiController.gerar_cont_proc
2026-08-14 09:41:15.992 | INFO    |src.controllers.geracao_agi_controller:gerar_cont_proc:1030 - [STEP] Iniciando: montar_linhas_cont_proc
2026-08-14 09:41:15.992 | INFO    |src.services.geracao_cont_proc:montar_linhas_cont_proc:224 - [STEP] Iniciando: selecionar_linhas_contestadas
2026-08-14 09:41:15.995 | INFO    |comum.utils.decoradores:wrapper:22 - [HU-16 CONT_PROC] 1 linha(s) contestada(s).
2026-08-14 09:41:15.996 | INFO    |src.services.geracao_cont_proc:montar_linhas_cont_proc:224 - [STEP] Finalizando: selecionar_linhas_contestadas | Tempo gasto: 0.0s
2026-08-14 09:41:15.997 | INFO    |comum.utils.decoradores:wrapper:22 - [HU-16 CONT_PROC] 1 linha(s) montada(s) (T-100+T-101 completos).
2026-08-14 09:41:15.997 | INFO    |src.controllers.geracao_agi_controller:gerar_cont_proc:1030 - [STEP] Finalizando: montar_linhas_cont_proc | Tempo gasto: 0.01s
2026-08-14 09:41:15.997 | INFO    |src.controllers.geracao_agi_controller:gerar_cont_proc:1036 - [STEP] Iniciando: gerar_arquivo_cont_proc
2026-08-14 09:41:16.006 | INFO    |comum.utils.decoradores:wrapper:22 - [HU-16 CONT_PROC] Arquivo gravado em [C:\Users\Btime Soluções\AppData\Local\Temp\pytest-of-Btime Soluções\pytest-21\test_numeracao_ct_indisponivel0\Operadoras\CLARO\2025\202507\AGI\CONT_PROC_MASCARA_CLARO_202507.xlsx].
2026-08-14 09:41:16.006 | INFO    |src.controllers.geracao_agi_controller:gerar_cont_proc:1036 - [STEP] Finalizando: gerar_arquivo_cont_proc | Tempo gasto: 0.01s
2026-08-14 09:41:16.006 | INFO    |src.controllers.geracao_agi_controller:gerar_cont_proc:1046 - [STEP] Iniciando: selecionar_linhas_contestadas
2026-08-14 09:41:16.010 | INFO    |comum.utils.decoradores:wrapper:22 - [HU-16 CONT_PROC] 1 linha(s) contestada(s).
2026-08-14 09:41:16.011 | INFO    |src.controllers.geracao_agi_controller:gerar_cont_proc:1046 - [STEP] Finalizando: selecionar_linhas_contestadas | Tempo gasto: 0.0s
2026-08-14 09:41:16.015 | INFO    |comum.dados.repositorio_tabelas:_atualizar_contestacao_em_lote:976 - 1 linha(s) atualizada(s) em [tbl_rpa_log_detraf_despesa_contestacao].
2026-08-14 09:41:16.015 | INFO    |comum.dados.repositorio_cache:recarregar_cache_local:375 - Carregando tabela [tbl_rpa_log_detraf_despesa_contestacao]
2026-08-14 09:41:16.016 | INFO    |comum.dados.repositorio_cache:recarregar_cache_local:375 - Tabela [tbl_rpa_log_detraf_despesa_contestacao] carregada | Linhas: 2 | Colunas: 19
2026-08-14 09:41:16.017 | INFO    |comum.dados.repositorio_tabelas:atualizar_tipo_contestacao:1046 - [HU-16 Writeback tipo_contestacao] 1 linha(s) atualizada(s), 0 chave(s) ausente(s).
2026-08-14 09:41:16.017 | INFO    |src.controllers.geracao_agi_controller:_gerar_para_operadora:617 - [STEP] Finalizando: GeracaoAgiController.gerar_cont_proc | Tempo gasto: 0.03s
2026-08-14 09:41:16.017 | INFO    |src.controllers.geracao_agi_controller:_pausar_apos_artefatos:530 - [RPA 3 — etapa 1/4: artefatos] 1 operadora(s) em 202507:
2026-08-14 09:41:16.018 | INFO    |src.controllers.geracao_agi_controller:_pausar_apos_artefatos:530 - [RPA 3 — etapa 1/4: artefatos]   CLARO                EXT · INT · _EXP · CONT_PROC
2026-08-14 09:41:16.018 | INFO    |src.controllers.geracao_agi_controller:_pausar_apos_artefatos:530 - [RPA 3 — etapa 1/4: artefatos]                        pulado: carta desabilitada nesta execução (numeração CT)
2026-08-14 09:41:16.019 | INFO    |src.controllers.geracao_agi_controller:_pausar_apos_artefatos:530 - [RPA 3 — etapa 1/4: artefatos] Pasta: C:\Users\Btime Soluções\AppData\Local\Temp\pytest-of-Btime Soluções\pytest-21\test_numeracao_ct_indisponivel0\Operadoras
2026-08-14 09:41:16.019 | INFO    |src.controllers.geracao_agi_controller:_pausar_apos_artefatos:530 - [RPA 3 — etapa 1/4: artefatos] ────────────────────────────────────────────────────────────
2026-08-14 09:41:16.019 | INFO    |src.controllers.geracao_agi_controller:_pausar_apos_artefatos:530 - [RPA 3 — etapa 1/4: artefatos] PRÓXIMA ETAPA: carga no AGI (HU-17/HU-18) — ESCREVE NO AGI
2026-08-14 09:41:16.019 | INFO    |src.controllers.geracao_agi_controller:gerar_artefatos:332 - [RPA 3 — etapa 2/4: carga no AGI] 1 operadora(s) na lista de carga.
2026-08-14 09:41:16.020 | INFO    |src.controllers.geracao_agi_controller:gerar_artefatos:332 - [RPA 3 — etapa 2/4: carga no AGI] Upload no AGI: desligado — nada foi enviado, só registrado no log.
2026-08-14 09:41:16.020 | INFO    |src.controllers.geracao_agi_controller:gerar_artefatos:332 - [RPA 3 — etapa 2/4: carga no AGI] Confira no AGI se a carga entrou, e o campo `carga_agi` na tabela de contestação.
2026-08-14 09:41:16.020 | INFO    |src.controllers.geracao_agi_controller:gerar_artefatos:332 - [RPA 3 — etapa 2/4: carga no AGI] ────────────────────────────────────────────────────────────
2026-08-14 09:41:16.020 | INFO    |src.controllers.geracao_agi_controller:gerar_artefatos:332 - [RPA 3 — etapa 2/4: carga no AGI] PRÓXIMA ETAPA: e-mail de contestação à operadora (HU-15) — SAI DA EMPRESA
2026-08-14 09:41:16.021 | INFO    |src.controllers.geracao_agi_controller:gerar_artefatos:368 - [RPA 3 — etapa 3/4: e-mail de contestação] Envio de e-mail: desligado — o e-mail foi montado e registrado, não enviado.
2026-08-14 09:41:16.021 | INFO    |src.controllers.geracao_agi_controller:gerar_artefatos:368 - [RPA 3 — etapa 3/4: e-mail de contestação] Contatos: não configurados (pendência Q16) — nada é enviado
2026-08-14 09:41:16.021 | INFO    |src.controllers.geracao_agi_controller:gerar_artefatos:368 - [RPA 3 — etapa 3/4: e-mail de contestação] ────────────────────────────────────────────────────────────
2026-08-14 09:41:16.021 | INFO    |src.controllers.geracao_agi_controller:gerar_artefatos:368 - [RPA 3 — etapa 3/4: e-mail de contestação] PRÓXIMA ETAPA: conferência do relatório contra o EC (HU-20)
2026-08-14 09:41:16.021 | INFO    |src.controllers.geracao_agi_controller:_verificar_relatorio:895 - [STEP] Iniciando: VerificacaoRelatorio.executar
2026-08-14 09:41:16.021 | INFO    |comum.utils.decoradores:wrapper:22 - [MODO SEGURO] PERMITIR_ACESSO_AGI=false — o AGI não será aberto. A verificação usa o relatório já em [C:\projetos\MVP2\MVP2\MVP2\DETRAF-UNIFICADO\unificado\logs\relatorio_agi\remessa_baixada.csv].
2026-08-14 09:41:16.021 | INFO    |src.controllers.geracao_agi_controller:_verificar_relatorio:895 - [STEP] Finalizando: VerificacaoRelatorio.executar | Tempo gasto: 0.0s
2026-08-14 09:41:16.022 | WARNING |src.controllers.geracao_agi_controller:gerar_artefatos:398 - [RPA 3] HU-20 não executada: Relatório do AGI não encontrado em [C:\projetos\MVP2\MVP2\MVP2\DETRAF-UNIFICADO\unificado\logs\relatorio_agi\remessa_baixada.csv]. Com PERMITIR_ACESSO_AGI desligado, é preciso baixá-lo antes.
2026-08-14 09:41:16.022 | INFO    |src.controllers.geracao_agi_controller:gerar_artefatos:402 - [RPA 3 — etapa 4/4: conferência do relatório] A conferência compara o relatório do AGI com o Encontro de Contas do banco.
2026-08-14 09:41:16.022 | INFO    |src.controllers.geracao_agi_controller:gerar_artefatos:402 - [RPA 3 — etapa 4/4: conferência do relatório] A planilha de inconsistências só é gravada quando há divergência — nenhum arquivo significa nenhuma divergência.
2026-08-14 09:41:16.022 | INFO    |src.controllers.geracao_agi_controller:gerar_artefatos:402 - [RPA 3 — etapa 4/4: conferência do relatório] Pasta: C:\projetos\MVP2\MVP2\MVP2\DETRAF-UNIFICADO\unificado\logs\inconsistencias
2026-08-14 09:41:16.022 | INFO    |src.controllers.geracao_agi_controller:gerar_artefatos:402 - [RPA 3 — etapa 4/4: conferência do relatório] ────────────────────────────────────────────────────────────
2026-08-14 09:41:16.022 | INFO    |src.controllers.geracao_agi_controller:gerar_artefatos:402 - [RPA 3 — etapa 4/4: conferência do relatório] Esta é a última etapa da execução.
2026-08-14 09:41:16.022 | INFO    |src.controllers.geracao_agi_controller:gerar_artefatos:415 - [RPA 3] Resumo de 202507 — 1 operadora(s): EXT 1, INT 1, _EXP 1, carta 0, CONT_PROC 1.
2026-08-14 09:41:16.023 | INFO    |src.controllers.geracao_agi_controller:gerar_artefatos:415 - [RPA 3]   CLARO: carta desabilitada nesta execução (numeração CT).
2026-08-14 09:41:16.023 | WARNING |src.controllers.geracao_agi_controller:gerar_artefatos:415 - [RPA 3] HU-15 sem destinatários: a tabela de contatos do WebFat continua sem resposta do cliente (pendência Q16). A ponte é apontar CAMINHO_CONTATOS_OPERADORAS para um CSV `operadora;emails`.
2026-08-14 09:41:16.024 | INFO    |src.controllers.geracao_agi_controller:_gravar_relatorio:956 - [Relatório] Resumo da execução em [C:\projetos\MVP2\MVP2\MVP2\DETRAF-UNIFICADO\unificado\logs\DESKTOP-64TNDKM\rpa3_contestacao_agi_ec\execucoes\2026-08-14_09-41-16.md].
2026-08-14 09:41:16.024 | INFO    |test_orquestracao_rpa3:test_numeracao_ct_indisponivel_desabilita_a_carta_e_nao_o_resto:339 - [STEP] Finalizando: GeracaoAgiController.gerar_artefatos | Tempo gasto: 0.14s
2026-08-14 09:41:16.028 | INFO    |comum.dados.repositorio_cache:__init__:77 - Inicializando conexão com o banco no ambiente [dev]
2026-08-14 09:41:16.029 | INFO    |comum.dados.repositorio_cache:__init__:77 - Utilizando SQLite local [C:\Users\BTIMES~1\AppData\Local\Temp\detraf_epico4_teste_rclx_oxd\TABELAS_DETRAF_TESTE.db]
2026-08-14 09:41:16.038 | INFO    |test_orquestracao_rpa3:test_a_carta_fica_desabilitada_para_a_execucao_inteira:367 - [STEP] Iniciando: GeracaoAgiController.gerar_artefatos
2026-08-14 09:41:16.038 | INFO    |comum.utils.decoradores:wrapper:22 - [RPA 3] 2 operadora(s) em 202507: ALGAR, CLARO.
2026-08-14 09:41:16.038 | INFO    |comum.dados.repositorio_cache:obter_tabela:214 - Carregando tabela [tbl_detraf_mapeamento_descritores]
2026-08-14 09:41:16.040 | INFO    |comum.dados.repositorio_cache:obter_tabela:214 - Tabela [tbl_detraf_mapeamento_descritores] carregada | Linhas: 25 | Colunas: 5
2026-08-14 09:41:16.043 | INFO    |src.controllers.geracao_agi_controller:_gerar_para_operadora:558 - [STEP] Iniciando: consolidar_detrafs_operadora
2026-08-14 09:41:16.044 | INFO    |src.services.consolidacao_contestacao:consolidar_detrafs_operadora:174 - [Consolidação] 1 arquivo(s) encontrado(s) em [C:\Users\Btime Soluções\AppData\Local\Temp\pytest-of-Btime Soluções\pytest-21\test_a_carta_fica_desabilitada0\Operadoras\ALGAR\2025\202507\Detrafs Recebidos].
2026-08-14 09:41:16.045 | INFO    |src.services.consolidacao_contestacao:consolidar_detrafs_operadora:177 - [Consolidação] [DETRAF_D_ALGAR_202507.csv]: 1 linha(s) -> 1 após remover totais.
2026-08-14 09:41:16.046 | INFO    |src.services.consolidacao_contestacao:consolidar_detrafs_operadora:177 - [Consolidação] Consolidado: 1 linha(s) de 1 arquivo(s).
2026-08-14 09:41:16.046 | INFO    |src.controllers.geracao_agi_controller:_gerar_para_operadora:558 - [STEP] Finalizando: consolidar_detrafs_operadora | Tempo gasto: 0.0s
2026-08-14 09:41:16.046 | INFO    |src.controllers.geracao_agi_controller:_gerar_para_operadora:574 - [STEP] Iniciando: consolidar_expectativa_vivo
2026-08-14 09:41:16.047 | INFO    |src.services.consolidacao_contestacao:consolidar_expectativa_vivo:207 - [Consolidação] 1 arquivo(s) encontrado(s) em [C:\Users\Btime Soluções\AppData\Local\Temp\pytest-of-Btime Soluções\pytest-21\test_a_carta_fica_desabilitada0\Operadoras\ALGAR\2025\202507\Detrafs Enviados].
2026-08-14 09:41:16.048 | INFO    |src.services.consolidacao_contestacao:consolidar_expectativa_vivo:211 - [Consolidação] [DE_D_TBRA_ALGAR_202507.csv]: 1 linha(s) -> 1 após remover totais.
2026-08-14 09:41:16.049 | INFO    |src.services.consolidacao_contestacao:consolidar_expectativa_vivo:211 - [Consolidação] Consolidado: 1 linha(s) de 1 arquivo(s).
2026-08-14 09:41:16.049 | INFO    |src.controllers.geracao_agi_controller:_gerar_para_operadora:574 - [STEP] Finalizando: consolidar_expectativa_vivo | Tempo gasto: 0.0s
2026-08-14 09:41:16.049 | INFO    |src.controllers.geracao_agi_controller:_gerar_para_operadora:586 - [STEP] Iniciando: montar_contest
2026-08-14 09:41:16.063 | INFO    |comum.utils.decoradores:wrapper:22 - [Consolidação] Contest: 1 combinação(ões) analisada(s).
2026-08-14 09:41:16.063 | INFO    |src.controllers.geracao_agi_controller:_gerar_para_operadora:586 - [STEP] Finalizando: montar_contest | Tempo gasto: 0.01s
2026-08-14 09:41:16.064 | INFO    |src.controllers.geracao_agi_controller:_gerar_para_operadora:595 - [STEP] Iniciando: GeracaoAgiController.atualizar_despesa_contestacao
2026-08-14 09:41:16.064 | INFO    |src.controllers.geracao_agi_controller:atualizar_despesa_contestacao:1066 - [STEP] Iniciando: preparar_atualizacoes_despesa_contestacao
2026-08-14 09:41:16.065 | INFO    |comum.dados.repositorio_cache:obter_tabela:214 - Carregando tabela [tbl_rpa_log_detraf_despesa_contestacao]
2026-08-14 09:41:16.066 | INFO    |comum.dados.repositorio_cache:obter_tabela:214 - Tabela [tbl_rpa_log_detraf_despesa_contestacao] carregada | Linhas: 2 | Colunas: 19
2026-08-14 09:41:16.071 | INFO    |comum.utils.decoradores:wrapper:22 - [HU-19 Despesa Contestação] 1 atualização(ões) preparada(s).
2026-08-14 09:41:16.071 | INFO    |src.controllers.geracao_agi_controller:atualizar_despesa_contestacao:1066 - [STEP] Finalizando: preparar_atualizacoes_despesa_contestacao | Tempo gasto: 0.01s
2026-08-14 09:41:16.071 | WARNING |comum.dados.repositorio_tabelas:atualizar_despesa_contestacao:1019 - [HU-19 Despesa Contestação] A tabela 'tbl_rpa_log_detraf_despesa_contestacao' não tem a(s) coluna(s) vb_contestacao — NÃO gravada(s). As demais seguem normalmente. Um ALTER TABLE resolve; ver pendencias-para-o-cliente.md (Q24).
2026-08-14 09:41:16.077 | INFO    |comum.dados.repositorio_tabelas:_atualizar_contestacao_em_lote:976 - 1 linha(s) atualizada(s) em [tbl_rpa_log_detraf_despesa_contestacao].
2026-08-14 09:41:16.078 | INFO    |comum.dados.repositorio_cache:recarregar_cache_local:375 - Carregando tabela [tbl_rpa_log_detraf_despesa_contestacao]
2026-08-14 09:41:16.079 | INFO    |comum.dados.repositorio_cache:recarregar_cache_local:375 - Tabela [tbl_rpa_log_detraf_despesa_contestacao] carregada | Linhas: 2 | Colunas: 19
2026-08-14 09:41:16.079 | INFO    |comum.dados.repositorio_tabelas:atualizar_despesa_contestacao:1019 - [HU-19 Despesa Contestação] 1 linha(s) atualizada(s), 0 chave(s) ausente(s).
2026-08-14 09:41:16.080 | INFO    |src.controllers.geracao_agi_controller:_gerar_para_operadora:595 - [STEP] Finalizando: GeracaoAgiController.atualizar_despesa_contestacao | Tempo gasto: 0.02s
2026-08-14 09:41:16.080 | INFO    |src.controllers.geracao_agi_controller:_gerar_ext:633 - [STEP] Iniciando: montar_linhas_ext
2026-08-14 09:41:16.087 | INFO    |comum.utils.decoradores:wrapper:22 - [HU-12 EXT] 1 linha(s) montada(s).
2026-08-14 09:41:16.087 | INFO    |src.controllers.geracao_agi_controller:_gerar_ext:633 - [STEP] Finalizando: montar_linhas_ext | Tempo gasto: 0.01s
2026-08-14 09:41:16.088 | INFO    |src.controllers.geracao_agi_controller:_gerar_ext:639 - [STEP] Iniciando: gerar_arquivo_ext
2026-08-14 09:41:16.096 | INFO    |comum.utils.decoradores:wrapper:22 - [HU-12 EXT] Arquivo gravado em [C:\Users\Btime Soluções\AppData\Local\Temp\pytest-of-Btime Soluções\pytest-21\test_a_carta_fica_desabilitada0\Operadoras\ALGAR\2025\202507\AGI\DE_AGI_D_202507_TBRA_X_ALGAR_EXT.xlsx].
2026-08-14 09:41:16.097 | INFO    |src.controllers.geracao_agi_controller:_gerar_ext:639 - [STEP] Finalizando: gerar_arquivo_ext | Tempo gasto: 0.01s
2026-08-14 09:41:16.097 | INFO    |src.controllers.geracao_agi_controller:_gerar_int:648 - [STEP] Iniciando: montar_linhas_int
2026-08-14 09:41:16.103 | INFO    |comum.utils.decoradores:wrapper:22 - [HU-13 INT] 1 linha(s) montada(s) (COM retenção).
2026-08-14 09:41:16.103 | INFO    |src.controllers.geracao_agi_controller:_gerar_int:648 - [STEP] Finalizando: montar_linhas_int | Tempo gasto: 0.01s
2026-08-14 09:41:16.104 | INFO    |src.controllers.geracao_agi_controller:_gerar_int:654 - [STEP] Iniciando: gerar_arquivo_int
2026-08-14 09:41:16.112 | INFO    |comum.utils.decoradores:wrapper:22 - [HU-13 INT] Arquivo gravado em [C:\Users\Btime Soluções\AppData\Local\Temp\pytest-of-Btime Soluções\pytest-21\test_a_carta_fica_desabilitada0\Operadoras\ALGAR\2025\202507\AGI\DE_AGI_D_202507_TBRA_X_ALGAR_INT.xlsx].
2026-08-14 09:41:16.112 | INFO    |src.controllers.geracao_agi_controller:_gerar_int:654 - [STEP] Finalizando: gerar_arquivo_int | Tempo gasto: 0.01s
2026-08-14 09:41:16.112 | INFO    |src.controllers.geracao_agi_controller:_gerar_env_e_carta:682 - [STEP] Iniciando: montar_abas_env
2026-08-14 09:41:16.120 | INFO    |comum.utils.decoradores:wrapper:22 - [HU-14 _EXP] Contest: 1 linha(s) contestada(s); TBRA: 1 linha(s) correspondente(s).
2026-08-14 09:41:16.121 | INFO    |src.controllers.geracao_agi_controller:_gerar_env_e_carta:682 - [STEP] Finalizando: montar_abas_env | Tempo gasto: 0.01s
2026-08-14 09:41:16.121 | INFO    |src.controllers.geracao_agi_controller:_gerar_env_e_carta:690 - [STEP] Iniciando: gerar_arquivo_env
2026-08-14 09:41:16.131 | INFO    |comum.utils.decoradores:wrapper:22 - [HU-14 _EXP] Arquivo gravado em [C:\Users\Btime Soluções\AppData\Local\Temp\pytest-of-Btime Soluções\pytest-21\test_a_carta_fica_desabilitada0\Operadoras\ALGAR\2025\202507\Contestações\Base Contestação_ALGAR_202507_EXP.xlsx].
2026-08-14 09:41:16.131 | INFO    |src.controllers.geracao_agi_controller:_gerar_env_e_carta:690 - [STEP] Finalizando: gerar_arquivo_env | Tempo gasto: 0.01s
2026-08-14 09:41:16.137 | ERROR   |src.controllers.geracao_agi_controller:_gerar_para_operadora:606 - [RPA 3] Numeração CT indisponível: [HU-14] Pasta de controle de numeração CT não encontrada: [C:\Users\Btime Soluções\AppData\Local\Temp\pytest-of-Btime Soluções\pytest-21\test_a_carta_fica_desabilitada0\CT_inexistente\2025]. A geração de CARTA fica desabilitada para toda esta execução — os demais artefatos continuam sendo gerados.
2026-08-14 09:41:16.137 | INFO    |src.controllers.geracao_agi_controller:_gerar_para_operadora:617 - [STEP] Iniciando: GeracaoAgiController.gerar_cont_proc
2026-08-14 09:41:16.137 | INFO    |src.controllers.geracao_agi_controller:gerar_cont_proc:1030 - [STEP] Iniciando: montar_linhas_cont_proc
2026-08-14 09:41:16.138 | INFO    |src.services.geracao_cont_proc:montar_linhas_cont_proc:224 - [STEP] Iniciando: selecionar_linhas_contestadas
2026-08-14 09:41:16.141 | INFO    |comum.utils.decoradores:wrapper:22 - [HU-16 CONT_PROC] 1 linha(s) contestada(s).
2026-08-14 09:41:16.142 | INFO    |src.services.geracao_cont_proc:montar_linhas_cont_proc:224 - [STEP] Finalizando: selecionar_linhas_contestadas | Tempo gasto: 0.0s
2026-08-14 09:41:16.143 | INFO    |comum.utils.decoradores:wrapper:22 - [HU-16 CONT_PROC] 1 linha(s) montada(s) (T-100+T-101 completos).
2026-08-14 09:41:16.143 | INFO    |src.controllers.geracao_agi_controller:gerar_cont_proc:1030 - [STEP] Finalizando: montar_linhas_cont_proc | Tempo gasto: 0.01s
2026-08-14 09:41:16.143 | INFO    |src.controllers.geracao_agi_controller:gerar_cont_proc:1036 - [STEP] Iniciando: gerar_arquivo_cont_proc
2026-08-14 09:41:16.150 | INFO    |comum.utils.decoradores:wrapper:22 - [HU-16 CONT_PROC] Arquivo gravado em [C:\Users\Btime Soluções\AppData\Local\Temp\pytest-of-Btime Soluções\pytest-21\test_a_carta_fica_desabilitada0\Operadoras\ALGAR\2025\202507\AGI\CONT_PROC_MASCARA_ALGAR_202507.xlsx].
2026-08-14 09:41:16.150 | INFO    |src.controllers.geracao_agi_controller:gerar_cont_proc:1036 - [STEP] Finalizando: gerar_arquivo_cont_proc | Tempo gasto: 0.01s
2026-08-14 09:41:16.151 | INFO    |src.controllers.geracao_agi_controller:gerar_cont_proc:1046 - [STEP] Iniciando: selecionar_linhas_contestadas
2026-08-14 09:41:16.155 | INFO    |comum.utils.decoradores:wrapper:22 - [HU-16 CONT_PROC] 1 linha(s) contestada(s).
2026-08-14 09:41:16.155 | INFO    |src.controllers.geracao_agi_controller:gerar_cont_proc:1046 - [STEP] Finalizando: selecionar_linhas_contestadas | Tempo gasto: 0.0s
2026-08-14 09:41:16.158 | INFO    |comum.dados.repositorio_tabelas:_atualizar_contestacao_em_lote:976 - 1 linha(s) atualizada(s) em [tbl_rpa_log_detraf_despesa_contestacao].
2026-08-14 09:41:16.159 | INFO    |comum.dados.repositorio_cache:recarregar_cache_local:375 - Carregando tabela [tbl_rpa_log_detraf_despesa_contestacao]
2026-08-14 09:41:16.160 | INFO    |comum.dados.repositorio_cache:recarregar_cache_local:375 - Tabela [tbl_rpa_log_detraf_despesa_contestacao] carregada | Linhas: 2 | Colunas: 19
2026-08-14 09:41:16.160 | INFO    |comum.dados.repositorio_tabelas:atualizar_tipo_contestacao:1046 - [HU-16 Writeback tipo_contestacao] 1 linha(s) atualizada(s), 0 chave(s) ausente(s).
2026-08-14 09:41:16.160 | INFO    |src.controllers.geracao_agi_controller:_gerar_para_operadora:617 - [STEP] Finalizando: GeracaoAgiController.gerar_cont_proc | Tempo gasto: 0.02s
2026-08-14 09:41:16.161 | INFO    |src.controllers.geracao_agi_controller:_gerar_para_operadora:558 - [STEP] Iniciando: consolidar_detrafs_operadora
2026-08-14 09:41:16.161 | INFO    |src.services.consolidacao_contestacao:consolidar_detrafs_operadora:174 - [Consolidação] 1 arquivo(s) encontrado(s) em [C:\Users\Btime Soluções\AppData\Local\Temp\pytest-of-Btime Soluções\pytest-21\test_a_carta_fica_desabilitada0\Operadoras\CLARO\2025\202507\Detrafs Recebidos].
2026-08-14 09:41:16.163 | INFO    |src.services.consolidacao_contestacao:consolidar_detrafs_operadora:177 - [Consolidação] [DETRAF_D_CLARO_202507.csv]: 1 linha(s) -> 1 após remover totais.
2026-08-14 09:41:16.163 | INFO    |src.services.consolidacao_contestacao:consolidar_detrafs_operadora:177 - [Consolidação] Consolidado: 1 linha(s) de 1 arquivo(s).
2026-08-14 09:41:16.163 | INFO    |src.controllers.geracao_agi_controller:_gerar_para_operadora:558 - [STEP] Finalizando: consolidar_detrafs_operadora | Tempo gasto: 0.0s
2026-08-14 09:41:16.164 | INFO    |src.controllers.geracao_agi_controller:_gerar_para_operadora:574 - [STEP] Iniciando: consolidar_expectativa_vivo
2026-08-14 09:41:16.164 | INFO    |src.services.consolidacao_contestacao:consolidar_expectativa_vivo:207 - [Consolidação] 1 arquivo(s) encontrado(s) em [C:\Users\Btime Soluções\AppData\Local\Temp\pytest-of-Btime Soluções\pytest-21\test_a_carta_fica_desabilitada0\Operadoras\CLARO\2025\202507\Detrafs Enviados].
2026-08-14 09:41:16.166 | INFO    |src.services.consolidacao_contestacao:consolidar_expectativa_vivo:211 - [Consolidação] [DE_D_TBRA_CLARO_202507.csv]: 1 linha(s) -> 1 após remover totais.
2026-08-14 09:41:16.166 | INFO    |src.services.consolidacao_contestacao:consolidar_expectativa_vivo:211 - [Consolidação] Consolidado: 1 linha(s) de 1 arquivo(s).
2026-08-14 09:41:16.167 | INFO    |src.controllers.geracao_agi_controller:_gerar_para_operadora:574 - [STEP] Finalizando: consolidar_expectativa_vivo | Tempo gasto: 0.0s
2026-08-14 09:41:16.167 | INFO    |src.controllers.geracao_agi_controller:_gerar_para_operadora:586 - [STEP] Iniciando: montar_contest
2026-08-14 09:41:16.183 | INFO    |comum.utils.decoradores:wrapper:22 - [Consolidação] Contest: 1 combinação(ões) analisada(s).
2026-08-14 09:41:16.184 | INFO    |src.controllers.geracao_agi_controller:_gerar_para_operadora:586 - [STEP] Finalizando: montar_contest | Tempo gasto: 0.02s
2026-08-14 09:41:16.184 | INFO    |src.controllers.geracao_agi_controller:_gerar_para_operadora:595 - [STEP] Iniciando: GeracaoAgiController.atualizar_despesa_contestacao
2026-08-14 09:41:16.184 | INFO    |src.controllers.geracao_agi_controller:atualizar_despesa_contestacao:1066 - [STEP] Iniciando: preparar_atualizacoes_despesa_contestacao
2026-08-14 09:41:16.190 | INFO    |comum.utils.decoradores:wrapper:22 - [HU-19 Despesa Contestação] 1 atualização(ões) preparada(s).
2026-08-14 09:41:16.190 | INFO    |src.controllers.geracao_agi_controller:atualizar_despesa_contestacao:1066 - [STEP] Finalizando: preparar_atualizacoes_despesa_contestacao | Tempo gasto: 0.01s
2026-08-14 09:41:16.190 | WARNING |comum.dados.repositorio_tabelas:atualizar_despesa_contestacao:1019 - [HU-19 Despesa Contestação] A tabela 'tbl_rpa_log_detraf_despesa_contestacao' não tem a(s) coluna(s) vb_contestacao — NÃO gravada(s). As demais seguem normalmente. Um ALTER TABLE resolve; ver pendencias-para-o-cliente.md (Q24).
2026-08-14 09:41:16.193 | INFO    |comum.dados.repositorio_tabelas:_atualizar_contestacao_em_lote:976 - 1 linha(s) atualizada(s) em [tbl_rpa_log_detraf_despesa_contestacao].
2026-08-14 09:41:16.194 | INFO    |comum.dados.repositorio_cache:recarregar_cache_local:375 - Carregando tabela [tbl_rpa_log_detraf_despesa_contestacao]
2026-08-14 09:41:16.195 | INFO    |comum.dados.repositorio_cache:recarregar_cache_local:375 - Tabela [tbl_rpa_log_detraf_despesa_contestacao] carregada | Linhas: 2 | Colunas: 19
2026-08-14 09:41:16.195 | INFO    |comum.dados.repositorio_tabelas:atualizar_despesa_contestacao:1019 - [HU-19 Despesa Contestação] 1 linha(s) atualizada(s), 0 chave(s) ausente(s).
2026-08-14 09:41:16.195 | INFO    |src.controllers.geracao_agi_controller:_gerar_para_operadora:595 - [STEP] Finalizando: GeracaoAgiController.atualizar_despesa_contestacao | Tempo gasto: 0.01s
2026-08-14 09:41:16.195 | INFO    |src.controllers.geracao_agi_controller:_gerar_ext:633 - [STEP] Iniciando: montar_linhas_ext
2026-08-14 09:41:16.201 | INFO    |comum.utils.decoradores:wrapper:22 - [HU-12 EXT] 1 linha(s) montada(s).
2026-08-14 09:41:16.201 | INFO    |src.controllers.geracao_agi_controller:_gerar_ext:633 - [STEP] Finalizando: montar_linhas_ext | Tempo gasto: 0.01s
2026-08-14 09:41:16.201 | INFO    |src.controllers.geracao_agi_controller:_gerar_ext:639 - [STEP] Iniciando: gerar_arquivo_ext
2026-08-14 09:41:16.211 | INFO    |comum.utils.decoradores:wrapper:22 - [HU-12 EXT] Arquivo gravado em [C:\Users\Btime Soluções\AppData\Local\Temp\pytest-of-Btime Soluções\pytest-21\test_a_carta_fica_desabilitada0\Operadoras\CLARO\2025\202507\AGI\DE_AGI_D_202507_TBRA_X_CLARO_EXT.xlsx].
2026-08-14 09:41:16.211 | INFO    |src.controllers.geracao_agi_controller:_gerar_ext:639 - [STEP] Finalizando: gerar_arquivo_ext | Tempo gasto: 0.01s
2026-08-14 09:41:16.211 | INFO    |src.controllers.geracao_agi_controller:_gerar_int:648 - [STEP] Iniciando: montar_linhas_int
2026-08-14 09:41:16.217 | INFO    |comum.utils.decoradores:wrapper:22 - [HU-13 INT] 1 linha(s) montada(s) (COM retenção).
2026-08-14 09:41:16.217 | INFO    |src.controllers.geracao_agi_controller:_gerar_int:648 - [STEP] Finalizando: montar_linhas_int | Tempo gasto: 0.01s
2026-08-14 09:41:16.217 | INFO    |src.controllers.geracao_agi_controller:_gerar_int:654 - [STEP] Iniciando: gerar_arquivo_int
2026-08-14 09:41:16.226 | INFO    |comum.utils.decoradores:wrapper:22 - [HU-13 INT] Arquivo gravado em [C:\Users\Btime Soluções\AppData\Local\Temp\pytest-of-Btime Soluções\pytest-21\test_a_carta_fica_desabilitada0\Operadoras\CLARO\2025\202507\AGI\DE_AGI_D_202507_TBRA_X_CLARO_INT.xlsx].
2026-08-14 09:41:16.226 | INFO    |src.controllers.geracao_agi_controller:_gerar_int:654 - [STEP] Finalizando: gerar_arquivo_int | Tempo gasto: 0.01s
2026-08-14 09:41:16.226 | INFO    |src.controllers.geracao_agi_controller:_gerar_env_e_carta:682 - [STEP] Iniciando: montar_abas_env
2026-08-14 09:41:16.232 | INFO    |comum.utils.decoradores:wrapper:22 - [HU-14 _EXP] Contest: 1 linha(s) contestada(s); TBRA: 1 linha(s) correspondente(s).
2026-08-14 09:41:16.232 | INFO    |src.controllers.geracao_agi_controller:_gerar_env_e_carta:682 - [STEP] Finalizando: montar_abas_env | Tempo gasto: 0.01s
2026-08-14 09:41:16.232 | INFO    |src.controllers.geracao_agi_controller:_gerar_env_e_carta:690 - [STEP] Iniciando: gerar_arquivo_env
2026-08-14 09:41:16.244 | INFO    |comum.utils.decoradores:wrapper:22 - [HU-14 _EXP] Arquivo gravado em [C:\Users\Btime Soluções\AppData\Local\Temp\pytest-of-Btime Soluções\pytest-21\test_a_carta_fica_desabilitada0\Operadoras\CLARO\2025\202507\Contestações\Base Contestação_CLARO_202507_EXP.xlsx].
2026-08-14 09:41:16.244 | INFO    |src.controllers.geracao_agi_controller:_gerar_env_e_carta:690 - [STEP] Finalizando: gerar_arquivo_env | Tempo gasto: 0.01s
2026-08-14 09:41:16.244 | INFO    |src.controllers.geracao_agi_controller:_gerar_para_operadora:617 - [STEP] Iniciando: GeracaoAgiController.gerar_cont_proc
2026-08-14 09:41:16.244 | INFO    |src.controllers.geracao_agi_controller:gerar_cont_proc:1030 - [STEP] Iniciando: montar_linhas_cont_proc
2026-08-14 09:41:16.245 | INFO    |src.services.geracao_cont_proc:montar_linhas_cont_proc:224 - [STEP] Iniciando: selecionar_linhas_contestadas
2026-08-14 09:41:16.248 | INFO    |comum.utils.decoradores:wrapper:22 - [HU-16 CONT_PROC] 1 linha(s) contestada(s).
2026-08-14 09:41:16.249 | INFO    |src.services.geracao_cont_proc:montar_linhas_cont_proc:224 - [STEP] Finalizando: selecionar_linhas_contestadas | Tempo gasto: 0.0s
2026-08-14 09:41:16.250 | INFO    |comum.utils.decoradores:wrapper:22 - [HU-16 CONT_PROC] 1 linha(s) montada(s) (T-100+T-101 completos).
2026-08-14 09:41:16.250 | INFO    |src.controllers.geracao_agi_controller:gerar_cont_proc:1030 - [STEP] Finalizando: montar_linhas_cont_proc | Tempo gasto: 0.01s
2026-08-14 09:41:16.250 | INFO    |src.controllers.geracao_agi_controller:gerar_cont_proc:1036 - [STEP] Iniciando: gerar_arquivo_cont_proc
2026-08-14 09:41:16.258 | INFO    |comum.utils.decoradores:wrapper:22 - [HU-16 CONT_PROC] Arquivo gravado em [C:\Users\Btime Soluções\AppData\Local\Temp\pytest-of-Btime Soluções\pytest-21\test_a_carta_fica_desabilitada0\Operadoras\CLARO\2025\202507\AGI\CONT_PROC_MASCARA_CLARO_202507.xlsx].
2026-08-14 09:41:16.259 | INFO    |src.controllers.geracao_agi_controller:gerar_cont_proc:1036 - [STEP] Finalizando: gerar_arquivo_cont_proc | Tempo gasto: 0.01s
2026-08-14 09:41:16.259 | INFO    |src.controllers.geracao_agi_controller:gerar_cont_proc:1046 - [STEP] Iniciando: selecionar_linhas_contestadas
2026-08-14 09:41:16.263 | INFO    |comum.utils.decoradores:wrapper:22 - [HU-16 CONT_PROC] 1 linha(s) contestada(s).
2026-08-14 09:41:16.263 | INFO    |src.controllers.geracao_agi_controller:gerar_cont_proc:1046 - [STEP] Finalizando: selecionar_linhas_contestadas | Tempo gasto: 0.0s
2026-08-14 09:41:16.266 | INFO    |comum.dados.repositorio_tabelas:_atualizar_contestacao_em_lote:976 - 1 linha(s) atualizada(s) em [tbl_rpa_log_detraf_despesa_contestacao].
2026-08-14 09:41:16.266 | INFO    |comum.dados.repositorio_cache:recarregar_cache_local:375 - Carregando tabela [tbl_rpa_log_detraf_despesa_contestacao]
2026-08-14 09:41:16.267 | INFO    |comum.dados.repositorio_cache:recarregar_cache_local:375 - Tabela [tbl_rpa_log_detraf_despesa_contestacao] carregada | Linhas: 2 | Colunas: 19
2026-08-14 09:41:16.268 | INFO    |comum.dados.repositorio_tabelas:atualizar_tipo_contestacao:1046 - [HU-16 Writeback tipo_contestacao] 1 linha(s) atualizada(s), 0 chave(s) ausente(s).
2026-08-14 09:41:16.268 | INFO    |src.controllers.geracao_agi_controller:_gerar_para_operadora:617 - [STEP] Finalizando: GeracaoAgiController.gerar_cont_proc | Tempo gasto: 0.02s
2026-08-14 09:41:16.268 | INFO    |src.controllers.geracao_agi_controller:_pausar_apos_artefatos:530 - [RPA 3 — etapa 1/4: artefatos] 2 operadora(s) em 202507:
2026-08-14 09:41:16.269 | INFO    |src.controllers.geracao_agi_controller:_pausar_apos_artefatos:530 - [RPA 3 — etapa 1/4: artefatos]   ALGAR                EXT · INT · _EXP · CONT_PROC
2026-08-14 09:41:16.269 | INFO    |src.controllers.geracao_agi_controller:_pausar_apos_artefatos:530 - [RPA 3 — etapa 1/4: artefatos]                        pulado: carta desabilitada nesta execução (numeração CT)
2026-08-14 09:41:16.269 | INFO    |src.controllers.geracao_agi_controller:_pausar_apos_artefatos:530 - [RPA 3 — etapa 1/4: artefatos]   CLARO                EXT · INT · _EXP · CONT_PROC
2026-08-14 09:41:16.269 | INFO    |src.controllers.geracao_agi_controller:_pausar_apos_artefatos:530 - [RPA 3 — etapa 1/4: artefatos]                        pulado: carta desabilitada nesta execução (numeração CT)
2026-08-14 09:41:16.269 | INFO    |src.controllers.geracao_agi_controller:_pausar_apos_artefatos:530 - [RPA 3 — etapa 1/4: artefatos] Pasta: C:\Users\Btime Soluções\AppData\Local\Temp\pytest-of-Btime Soluções\pytest-21\test_a_carta_fica_desabilitada0\Operadoras
2026-08-14 09:41:16.269 | INFO    |src.controllers.geracao_agi_controller:_pausar_apos_artefatos:530 - [RPA 3 — etapa 1/4: artefatos] ────────────────────────────────────────────────────────────
2026-08-14 09:41:16.269 | INFO    |src.controllers.geracao_agi_controller:_pausar_apos_artefatos:530 - [RPA 3 — etapa 1/4: artefatos] PRÓXIMA ETAPA: carga no AGI (HU-17/HU-18) — ESCREVE NO AGI
2026-08-14 09:41:16.270 | INFO    |src.controllers.geracao_agi_controller:gerar_artefatos:332 - [RPA 3 — etapa 2/4: carga no AGI] 2 operadora(s) na lista de carga.
2026-08-14 09:41:16.270 | INFO    |src.controllers.geracao_agi_controller:gerar_artefatos:332 - [RPA 3 — etapa 2/4: carga no AGI] Upload no AGI: desligado — nada foi enviado, só registrado no log.
2026-08-14 09:41:16.270 | INFO    |src.controllers.geracao_agi_controller:gerar_artefatos:332 - [RPA 3 — etapa 2/4: carga no AGI] Confira no AGI se a carga entrou, e o campo `carga_agi` na tabela de contestação.
2026-08-14 09:41:16.270 | INFO    |src.controllers.geracao_agi_controller:gerar_artefatos:332 - [RPA 3 — etapa 2/4: carga no AGI] ────────────────────────────────────────────────────────────
2026-08-14 09:41:16.270 | INFO    |src.controllers.geracao_agi_controller:gerar_artefatos:332 - [RPA 3 — etapa 2/4: carga no AGI] PRÓXIMA ETAPA: e-mail de contestação à operadora (HU-15) — SAI DA EMPRESA
2026-08-14 09:41:16.270 | INFO    |src.controllers.geracao_agi_controller:gerar_artefatos:368 - [RPA 3 — etapa 3/4: e-mail de contestação] Envio de e-mail: desligado — o e-mail foi montado e registrado, não enviado.
2026-08-14 09:41:16.271 | INFO    |src.controllers.geracao_agi_controller:gerar_artefatos:368 - [RPA 3 — etapa 3/4: e-mail de contestação] Contatos: não configurados (pendência Q16) — nada é enviado
2026-08-14 09:41:16.271 | INFO    |src.controllers.geracao_agi_controller:gerar_artefatos:368 - [RPA 3 — etapa 3/4: e-mail de contestação] ────────────────────────────────────────────────────────────
2026-08-14 09:41:16.271 | INFO    |src.controllers.geracao_agi_controller:gerar_artefatos:368 - [RPA 3 — etapa 3/4: e-mail de contestação] PRÓXIMA ETAPA: conferência do relatório contra o EC (HU-20)
2026-08-14 09:41:16.271 | INFO    |src.controllers.geracao_agi_controller:_verificar_relatorio:895 - [STEP] Iniciando: VerificacaoRelatorio.executar
2026-08-14 09:41:16.271 | INFO    |comum.utils.decoradores:wrapper:22 - [MODO SEGURO] PERMITIR_ACESSO_AGI=false — o AGI não será aberto. A verificação usa o relatório já em [C:\projetos\MVP2\MVP2\MVP2\DETRAF-UNIFICADO\unificado\logs\relatorio_agi\remessa_baixada.csv].
2026-08-14 09:41:16.271 | INFO    |src.controllers.geracao_agi_controller:_verificar_relatorio:895 - [STEP] Finalizando: VerificacaoRelatorio.executar | Tempo gasto: 0.0s
2026-08-14 09:41:16.271 | WARNING |src.controllers.geracao_agi_controller:gerar_artefatos:398 - [RPA 3] HU-20 não executada: Relatório do AGI não encontrado em [C:\projetos\MVP2\MVP2\MVP2\DETRAF-UNIFICADO\unificado\logs\relatorio_agi\remessa_baixada.csv]. Com PERMITIR_ACESSO_AGI desligado, é preciso baixá-lo antes.
2026-08-14 09:41:16.272 | INFO    |src.controllers.geracao_agi_controller:gerar_artefatos:402 - [RPA 3 — etapa 4/4: conferência do relatório] A conferência compara o relatório do AGI com o Encontro de Contas do banco.
2026-08-14 09:41:16.272 | INFO    |src.controllers.geracao_agi_controller:gerar_artefatos:402 - [RPA 3 — etapa 4/4: conferência do relatório] A planilha de inconsistências só é gravada quando há divergência — nenhum arquivo significa nenhuma divergência.
2026-08-14 09:41:16.272 | INFO    |src.controllers.geracao_agi_controller:gerar_artefatos:402 - [RPA 3 — etapa 4/4: conferência do relatório] Pasta: C:\projetos\MVP2\MVP2\MVP2\DETRAF-UNIFICADO\unificado\logs\inconsistencias
2026-08-14 09:41:16.272 | INFO    |src.controllers.geracao_agi_controller:gerar_artefatos:402 - [RPA 3 — etapa 4/4: conferência do relatório] ────────────────────────────────────────────────────────────
2026-08-14 09:41:16.272 | INFO    |src.controllers.geracao_agi_controller:gerar_artefatos:402 - [RPA 3 — etapa 4/4: conferência do relatório] Esta é a última etapa da execução.
2026-08-14 09:41:16.272 | INFO    |src.controllers.geracao_agi_controller:gerar_artefatos:415 - [RPA 3] Resumo de 202507 — 2 operadora(s): EXT 2, INT 2, _EXP 2, carta 0, CONT_PROC 2.
2026-08-14 09:41:16.272 | INFO    |src.controllers.geracao_agi_controller:gerar_artefatos:415 - [RPA 3]   ALGAR: carta desabilitada nesta execução (numeração CT).
2026-08-14 09:41:16.272 | INFO    |src.controllers.geracao_agi_controller:gerar_artefatos:415 - [RPA 3]   CLARO: carta desabilitada nesta execução (numeração CT).
2026-08-14 09:41:16.272 | WARNING |src.controllers.geracao_agi_controller:gerar_artefatos:415 - [RPA 3] HU-15 sem destinatários: a tabela de contatos do WebFat continua sem resposta do cliente (pendência Q16). A ponte é apontar CAMINHO_CONTATOS_OPERADORAS para um CSV `operadora;emails`.
2026-08-14 09:41:16.273 | INFO    |src.controllers.geracao_agi_controller:_gravar_relatorio:956 - [Relatório] Resumo da execução em [C:\projetos\MVP2\MVP2\MVP2\DETRAF-UNIFICADO\unificado\logs\DESKTOP-64TNDKM\rpa3_contestacao_agi_ec\execucoes\2026-08-14_09-41-16.md].
2026-08-14 09:41:16.274 | INFO    |test_orquestracao_rpa3:test_a_carta_fica_desabilitada_para_a_execucao_inteira:367 - [STEP] Finalizando: GeracaoAgiController.gerar_artefatos | Tempo gasto: 0.24s
2026-08-14 09:41:16.278 | INFO    |comum.dados.repositorio_cache:__init__:77 - Inicializando conexão com o banco no ambiente [dev]
2026-08-14 09:41:16.278 | INFO    |comum.dados.repositorio_cache:__init__:77 - Utilizando SQLite local [C:\Users\BTIMES~1\AppData\Local\Temp\detraf_epico4_teste_rclx_oxd\TABELAS_DETRAF_TESTE.db]
2026-08-14 09:41:16.285 | INFO    |test_orquestracao_rpa3:test_sem_destinatario_o_outlook_nem_e_aberto:404 - [STEP] Iniciando: GeracaoAgiController.gerar_artefatos
2026-08-14 09:41:16.285 | INFO    |comum.utils.decoradores:wrapper:22 - [RPA 3] 1 operadora(s) em 202507: CLARO.
2026-08-14 09:41:16.285 | INFO    |comum.dados.repositorio_cache:obter_tabela:214 - Carregando tabela [tbl_detraf_mapeamento_descritores]
2026-08-14 09:41:16.287 | INFO    |comum.dados.repositorio_cache:obter_tabela:214 - Tabela [tbl_detraf_mapeamento_descritores] carregada | Linhas: 25 | Colunas: 5
2026-08-14 09:41:16.290 | INFO    |src.controllers.geracao_agi_controller:_gerar_para_operadora:558 - [STEP] Iniciando: consolidar_detrafs_operadora
2026-08-14 09:41:16.291 | INFO    |src.services.consolidacao_contestacao:consolidar_detrafs_operadora:174 - [Consolidação] 1 arquivo(s) encontrado(s) em [C:\Users\Btime Soluções\AppData\Local\Temp\pytest-of-Btime Soluções\pytest-21\test_sem_destinatario_o_outloo0\Operadoras\CLARO\2025\202507\Detrafs Recebidos].
2026-08-14 09:41:16.293 | INFO    |src.services.consolidacao_contestacao:consolidar_detrafs_operadora:177 - [Consolidação] [DETRAF_D_CLARO_202507.csv]: 1 linha(s) -> 1 após remover totais.
2026-08-14 09:41:16.293 | INFO    |src.services.consolidacao_contestacao:consolidar_detrafs_operadora:177 - [Consolidação] Consolidado: 1 linha(s) de 1 arquivo(s).
2026-08-14 09:41:16.293 | INFO    |src.controllers.geracao_agi_controller:_gerar_para_operadora:558 - [STEP] Finalizando: consolidar_detrafs_operadora | Tempo gasto: 0.0s
2026-08-14 09:41:16.293 | INFO    |src.controllers.geracao_agi_controller:_gerar_para_operadora:574 - [STEP] Iniciando: consolidar_expectativa_vivo
2026-08-14 09:41:16.294 | INFO    |src.services.consolidacao_contestacao:consolidar_expectativa_vivo:207 - [Consolidação] 1 arquivo(s) encontrado(s) em [C:\Users\Btime Soluções\AppData\Local\Temp\pytest-of-Btime Soluções\pytest-21\test_sem_destinatario_o_outloo0\Operadoras\CLARO\2025\202507\Detrafs Enviados].
2026-08-14 09:41:16.295 | INFO    |src.services.consolidacao_contestacao:consolidar_expectativa_vivo:211 - [Consolidação] [DE_D_TBRA_CLARO_202507.csv]: 1 linha(s) -> 1 após remover totais.
2026-08-14 09:41:16.296 | INFO    |src.services.consolidacao_contestacao:consolidar_expectativa_vivo:211 - [Consolidação] Consolidado: 1 linha(s) de 1 arquivo(s).
2026-08-14 09:41:16.296 | INFO    |src.controllers.geracao_agi_controller:_gerar_para_operadora:574 - [STEP] Finalizando: consolidar_expectativa_vivo | Tempo gasto: 0.0s
2026-08-14 09:41:16.296 | INFO    |src.controllers.geracao_agi_controller:_gerar_para_operadora:586 - [STEP] Iniciando: montar_contest
2026-08-14 09:41:16.309 | INFO    |comum.utils.decoradores:wrapper:22 - [Consolidação] Contest: 1 combinação(ões) analisada(s).
2026-08-14 09:41:16.310 | INFO    |src.controllers.geracao_agi_controller:_gerar_para_operadora:586 - [STEP] Finalizando: montar_contest | Tempo gasto: 0.01s
2026-08-14 09:41:16.310 | INFO    |src.controllers.geracao_agi_controller:_gerar_para_operadora:595 - [STEP] Iniciando: GeracaoAgiController.atualizar_despesa_contestacao
2026-08-14 09:41:16.310 | INFO    |src.controllers.geracao_agi_controller:atualizar_despesa_contestacao:1066 - [STEP] Iniciando: preparar_atualizacoes_despesa_contestacao
2026-08-14 09:41:16.311 | INFO    |comum.dados.repositorio_cache:obter_tabela:214 - Carregando tabela [tbl_rpa_log_detraf_despesa_contestacao]
2026-08-14 09:41:16.312 | INFO    |comum.dados.repositorio_cache:obter_tabela:214 - Tabela [tbl_rpa_log_detraf_despesa_contestacao] carregada | Linhas: 2 | Colunas: 19
2026-08-14 09:41:16.315 | INFO    |comum.utils.decoradores:wrapper:22 - [HU-19 Despesa Contestação] 1 atualização(ões) preparada(s).
2026-08-14 09:41:16.315 | INFO    |src.controllers.geracao_agi_controller:atualizar_despesa_contestacao:1066 - [STEP] Finalizando: preparar_atualizacoes_despesa_contestacao | Tempo gasto: 0.01s
2026-08-14 09:41:16.315 | WARNING |comum.dados.repositorio_tabelas:atualizar_despesa_contestacao:1019 - [HU-19 Despesa Contestação] A tabela 'tbl_rpa_log_detraf_despesa_contestacao' não tem a(s) coluna(s) vb_contestacao — NÃO gravada(s). As demais seguem normalmente. Um ALTER TABLE resolve; ver pendencias-para-o-cliente.md (Q24).
2026-08-14 09:41:16.322 | INFO    |comum.dados.repositorio_tabelas:_atualizar_contestacao_em_lote:976 - 1 linha(s) atualizada(s) em [tbl_rpa_log_detraf_despesa_contestacao].
2026-08-14 09:41:16.323 | INFO    |comum.dados.repositorio_cache:recarregar_cache_local:375 - Carregando tabela [tbl_rpa_log_detraf_despesa_contestacao]
2026-08-14 09:41:16.324 | INFO    |comum.dados.repositorio_cache:recarregar_cache_local:375 - Tabela [tbl_rpa_log_detraf_despesa_contestacao] carregada | Linhas: 2 | Colunas: 19
2026-08-14 09:41:16.325 | INFO    |comum.dados.repositorio_tabelas:atualizar_despesa_contestacao:1019 - [HU-19 Despesa Contestação] 1 linha(s) atualizada(s), 0 chave(s) ausente(s).
2026-08-14 09:41:16.325 | INFO    |src.controllers.geracao_agi_controller:_gerar_para_operadora:595 - [STEP] Finalizando: GeracaoAgiController.atualizar_despesa_contestacao | Tempo gasto: 0.01s
2026-08-14 09:41:16.325 | INFO    |src.controllers.geracao_agi_controller:_gerar_ext:633 - [STEP] Iniciando: montar_linhas_ext
2026-08-14 09:41:16.331 | INFO    |comum.utils.decoradores:wrapper:22 - [HU-12 EXT] 1 linha(s) montada(s).
2026-08-14 09:41:16.331 | INFO    |src.controllers.geracao_agi_controller:_gerar_ext:633 - [STEP] Finalizando: montar_linhas_ext | Tempo gasto: 0.01s
2026-08-14 09:41:16.331 | INFO    |src.controllers.geracao_agi_controller:_gerar_ext:639 - [STEP] Iniciando: gerar_arquivo_ext
2026-08-14 09:41:16.340 | INFO    |comum.utils.decoradores:wrapper:22 - [HU-12 EXT] Arquivo gravado em [C:\Users\Btime Soluções\AppData\Local\Temp\pytest-of-Btime Soluções\pytest-21\test_sem_destinatario_o_outloo0\Operadoras\CLARO\2025\202507\AGI\DE_AGI_D_202507_TBRA_X_CLARO_EXT.xlsx].
2026-08-14 09:41:16.340 | INFO    |src.controllers.geracao_agi_controller:_gerar_ext:639 - [STEP] Finalizando: gerar_arquivo_ext | Tempo gasto: 0.01s
2026-08-14 09:41:16.340 | INFO    |src.controllers.geracao_agi_controller:_gerar_int:648 - [STEP] Iniciando: montar_linhas_int
2026-08-14 09:41:16.346 | INFO    |comum.utils.decoradores:wrapper:22 - [HU-13 INT] 1 linha(s) montada(s) (COM retenção).
2026-08-14 09:41:16.346 | INFO    |src.controllers.geracao_agi_controller:_gerar_int:648 - [STEP] Finalizando: montar_linhas_int | Tempo gasto: 0.01s
2026-08-14 09:41:16.346 | INFO    |src.controllers.geracao_agi_controller:_gerar_int:654 - [STEP] Iniciando: gerar_arquivo_int
2026-08-14 09:41:16.354 | INFO    |comum.utils.decoradores:wrapper:22 - [HU-13 INT] Arquivo gravado em [C:\Users\Btime Soluções\AppData\Local\Temp\pytest-of-Btime Soluções\pytest-21\test_sem_destinatario_o_outloo0\Operadoras\CLARO\2025\202507\AGI\DE_AGI_D_202507_TBRA_X_CLARO_INT.xlsx].
2026-08-14 09:41:16.354 | INFO    |src.controllers.geracao_agi_controller:_gerar_int:654 - [STEP] Finalizando: gerar_arquivo_int | Tempo gasto: 0.01s
2026-08-14 09:41:16.355 | INFO    |src.controllers.geracao_agi_controller:_gerar_env_e_carta:682 - [STEP] Iniciando: montar_abas_env
2026-08-14 09:41:16.361 | INFO    |comum.utils.decoradores:wrapper:22 - [HU-14 _EXP] Contest: 1 linha(s) contestada(s); TBRA: 1 linha(s) correspondente(s).
2026-08-14 09:41:16.362 | INFO    |src.controllers.geracao_agi_controller:_gerar_env_e_carta:682 - [STEP] Finalizando: montar_abas_env | Tempo gasto: 0.01s
2026-08-14 09:41:16.362 | INFO    |src.controllers.geracao_agi_controller:_gerar_env_e_carta:690 - [STEP] Iniciando: gerar_arquivo_env
2026-08-14 09:41:16.374 | INFO    |comum.utils.decoradores:wrapper:22 - [HU-14 _EXP] Arquivo gravado em [C:\Users\Btime Soluções\AppData\Local\Temp\pytest-of-Btime Soluções\pytest-21\test_sem_destinatario_o_outloo0\Operadoras\CLARO\2025\202507\Contestações\Base Contestação_CLARO_202507_EXP.xlsx].
2026-08-14 09:41:16.374 | INFO    |src.controllers.geracao_agi_controller:_gerar_env_e_carta:690 - [STEP] Finalizando: gerar_arquivo_env | Tempo gasto: 0.01s
2026-08-14 09:41:16.380 | INFO    |src.controllers.geracao_agi_controller:_emitir_cartas:756 - [STEP] Iniciando: obter_proximo_numero_carta
2026-08-14 09:41:16.380 | INFO    |comum.utils.decoradores:wrapper:22 - [HU-14] Último número CT encontrado: 362. Próximo: 363.
2026-08-14 09:41:16.380 | INFO    |src.controllers.geracao_agi_controller:_emitir_cartas:756 - [STEP] Finalizando: obter_proximo_numero_carta | Tempo gasto: 0.0s
2026-08-14 09:41:16.381 | INFO    |src.controllers.geracao_agi_controller:_emitir_cartas:764 - [STEP] Iniciando: montar_tabelas_carta
2026-08-14 09:41:16.384 | INFO    |comum.utils.decoradores:wrapper:22 - [HU-14 Carta] 1 tabela(s) de remuneração montada(s).
2026-08-14 09:41:16.385 | INFO    |src.controllers.geracao_agi_controller:_emitir_cartas:764 - [STEP] Finalizando: montar_tabelas_carta | Tempo gasto: 0.0s
2026-08-14 09:41:16.385 | INFO    |src.controllers.geracao_agi_controller:_emitir_cartas:758 - [STEP] Iniciando: renderizar_carta
2026-08-14 09:41:16.404 | INFO    |comum.utils.decoradores:wrapper:22 - [HU-14 Carta] Carta CT-363 renderizada (1 tabela(s)).
2026-08-14 09:41:16.404 | INFO    |src.controllers.geracao_agi_controller:_emitir_cartas:758 - [STEP] Finalizando: renderizar_carta | Tempo gasto: 0.02s
2026-08-14 09:41:16.404 | INFO    |src.controllers.geracao_agi_controller:_emitir_cartas:768 - [STEP] Iniciando: gerar_arquivo_carta
2026-08-14 09:41:16.415 | INFO    |comum.utils.decoradores:wrapper:22 - [HU-14 Carta] Carta gravada em [C:\Users\Btime Soluções\AppData\Local\Temp\pytest-of-Btime Soluções\pytest-21\test_sem_destinatario_o_outloo0\Operadoras\CLARO\2025\202507\Contestações\CT - 363.docx], cópia em [C:\Users\Btime Soluções\AppData\Local\Temp\pytest-of-Btime Soluções\pytest-21\test_sem_destinatario_o_outloo0\CT\2025\CT - 363.docx].
2026-08-14 09:41:16.415 | INFO    |src.controllers.geracao_agi_controller:_emitir_cartas:768 - [STEP] Finalizando: gerar_arquivo_carta | Tempo gasto: 0.01s
2026-08-14 09:41:16.415 | INFO    |src.controllers.geracao_agi_controller:_gerar_env_e_carta:710 - [RPA 3] CLARO: carta CT 363 — COM retenção.
2026-08-14 09:41:16.416 | INFO    |src.controllers.geracao_agi_controller:_gerar_para_operadora:617 - [STEP] Iniciando: GeracaoAgiController.gerar_cont_proc
2026-08-14 09:41:16.416 | INFO    |src.controllers.geracao_agi_controller:gerar_cont_proc:1030 - [STEP] Iniciando: montar_linhas_cont_proc
2026-08-14 09:41:16.416 | INFO    |src.services.geracao_cont_proc:montar_linhas_cont_proc:224 - [STEP] Iniciando: selecionar_linhas_contestadas
2026-08-14 09:41:16.422 | INFO    |comum.utils.decoradores:wrapper:22 - [HU-16 CONT_PROC] 1 linha(s) contestada(s).
2026-08-14 09:41:16.423 | INFO    |src.services.geracao_cont_proc:montar_linhas_cont_proc:224 - [STEP] Finalizando: selecionar_linhas_contestadas | Tempo gasto: 0.01s
2026-08-14 09:41:16.424 | INFO    |comum.utils.decoradores:wrapper:22 - [HU-16 CONT_PROC] 1 linha(s) montada(s) (T-100+T-101 completos).
2026-08-14 09:41:16.424 | INFO    |src.controllers.geracao_agi_controller:gerar_cont_proc:1030 - [STEP] Finalizando: montar_linhas_cont_proc | Tempo gasto: 0.01s
2026-08-14 09:41:16.425 | INFO    |src.controllers.geracao_agi_controller:gerar_cont_proc:1036 - [STEP] Iniciando: gerar_arquivo_cont_proc
2026-08-14 09:41:16.432 | INFO    |comum.utils.decoradores:wrapper:22 - [HU-16 CONT_PROC] Arquivo gravado em [C:\Users\Btime Soluções\AppData\Local\Temp\pytest-of-Btime Soluções\pytest-21\test_sem_destinatario_o_outloo0\Operadoras\CLARO\2025\202507\AGI\CONT_PROC_MASCARA_CLARO_202507.xlsx].
2026-08-14 09:41:16.432 | INFO    |src.controllers.geracao_agi_controller:gerar_cont_proc:1036 - [STEP] Finalizando: gerar_arquivo_cont_proc | Tempo gasto: 0.01s
2026-08-14 09:41:16.432 | INFO    |src.controllers.geracao_agi_controller:gerar_cont_proc:1046 - [STEP] Iniciando: selecionar_linhas_contestadas
2026-08-14 09:41:16.437 | INFO    |comum.utils.decoradores:wrapper:22 - [HU-16 CONT_PROC] 1 linha(s) contestada(s).
2026-08-14 09:41:16.437 | INFO    |src.controllers.geracao_agi_controller:gerar_cont_proc:1046 - [STEP] Finalizando: selecionar_linhas_contestadas | Tempo gasto: 0.01s
2026-08-14 09:41:16.440 | INFO    |comum.dados.repositorio_tabelas:_atualizar_contestacao_em_lote:976 - 1 linha(s) atualizada(s) em [tbl_rpa_log_detraf_despesa_contestacao].
2026-08-14 09:41:16.441 | INFO    |comum.dados.repositorio_cache:recarregar_cache_local:375 - Carregando tabela [tbl_rpa_log_detraf_despesa_contestacao]
2026-08-14 09:41:16.442 | INFO    |comum.dados.repositorio_cache:recarregar_cache_local:375 - Tabela [tbl_rpa_log_detraf_despesa_contestacao] carregada | Linhas: 2 | Colunas: 19
2026-08-14 09:41:16.442 | INFO    |comum.dados.repositorio_tabelas:atualizar_tipo_contestacao:1046 - [HU-16 Writeback tipo_contestacao] 1 linha(s) atualizada(s), 0 chave(s) ausente(s).
2026-08-14 09:41:16.442 | INFO    |src.controllers.geracao_agi_controller:_gerar_para_operadora:617 - [STEP] Finalizando: GeracaoAgiController.gerar_cont_proc | Tempo gasto: 0.03s
2026-08-14 09:41:16.443 | INFO    |src.controllers.geracao_agi_controller:_pausar_apos_artefatos:530 - [RPA 3 — etapa 1/4: artefatos] 1 operadora(s) em 202507:
2026-08-14 09:41:16.443 | INFO    |src.controllers.geracao_agi_controller:_pausar_apos_artefatos:530 - [RPA 3 — etapa 1/4: artefatos]   CLARO                EXT · INT · _EXP · 1 carta(s) · CONT_PROC
2026-08-14 09:41:16.443 | INFO    |src.controllers.geracao_agi_controller:_pausar_apos_artefatos:530 - [RPA 3 — etapa 1/4: artefatos] Pasta: C:\Users\Btime Soluções\AppData\Local\Temp\pytest-of-Btime Soluções\pytest-21\test_sem_destinatario_o_outloo0\Operadoras
2026-08-14 09:41:16.443 | INFO    |src.controllers.geracao_agi_controller:_pausar_apos_artefatos:530 - [RPA 3 — etapa 1/4: artefatos] ────────────────────────────────────────────────────────────
2026-08-14 09:41:16.443 | INFO    |src.controllers.geracao_agi_controller:_pausar_apos_artefatos:530 - [RPA 3 — etapa 1/4: artefatos] PRÓXIMA ETAPA: carga no AGI (HU-17/HU-18) — ESCREVE NO AGI
2026-08-14 09:41:16.443 | INFO    |src.controllers.geracao_agi_controller:gerar_artefatos:332 - [RPA 3 — etapa 2/4: carga no AGI] 1 operadora(s) na lista de carga.
2026-08-14 09:41:16.444 | INFO    |src.controllers.geracao_agi_controller:gerar_artefatos:332 - [RPA 3 — etapa 2/4: carga no AGI] Upload no AGI: desligado — nada foi enviado, só registrado no log.
2026-08-14 09:41:16.444 | INFO    |src.controllers.geracao_agi_controller:gerar_artefatos:332 - [RPA 3 — etapa 2/4: carga no AGI] Confira no AGI se a carga entrou, e o campo `carga_agi` na tabela de contestação.
2026-08-14 09:41:16.444 | INFO    |src.controllers.geracao_agi_controller:gerar_artefatos:332 - [RPA 3 — etapa 2/4: carga no AGI] ────────────────────────────────────────────────────────────
2026-08-14 09:41:16.444 | INFO    |src.controllers.geracao_agi_controller:gerar_artefatos:332 - [RPA 3 — etapa 2/4: carga no AGI] PRÓXIMA ETAPA: e-mail de contestação à operadora (HU-15) — SAI DA EMPRESA
2026-08-14 09:41:16.444 | WARNING |src.controllers.geracao_agi_controller:<genexpr>:840 - [HU-15] Contatos de 'CLARO' indisponíveis: a tabela de contatos do WebFat ainda não foi informada pelo cliente (pendência Q16), e CAMINHO_CONTATOS_OPERADORAS não está configurado.
2026-08-14 09:41:16.444 | WARNING |src.controllers.geracao_agi_controller:gerar_artefatos:360 - [RPA 3] Nenhum destinatário para as 1 contestação(ões) do mês — o Outlook nem chega a ser aberto. Pendência Q16.
2026-08-14 09:41:16.444 | INFO    |src.controllers.geracao_agi_controller:gerar_artefatos:368 - [RPA 3 — etapa 3/4: e-mail de contestação] Envio de e-mail: LIGADO — os e-mails FORAM enviados às operadoras.
2026-08-14 09:41:16.444 | INFO    |src.controllers.geracao_agi_controller:gerar_artefatos:368 - [RPA 3 — etapa 3/4: e-mail de contestação] Contatos: não configurados (pendência Q16) — nada é enviado
2026-08-14 09:41:16.445 | INFO    |src.controllers.geracao_agi_controller:gerar_artefatos:368 - [RPA 3 — etapa 3/4: e-mail de contestação] ────────────────────────────────────────────────────────────
2026-08-14 09:41:16.445 | INFO    |src.controllers.geracao_agi_controller:gerar_artefatos:368 - [RPA 3 — etapa 3/4: e-mail de contestação] PRÓXIMA ETAPA: conferência do relatório contra o EC (HU-20)
2026-08-14 09:41:16.445 | INFO    |src.controllers.geracao_agi_controller:_verificar_relatorio:895 - [STEP] Iniciando: VerificacaoRelatorio.executar
2026-08-14 09:41:16.445 | INFO    |comum.utils.decoradores:wrapper:22 - [MODO SEGURO] PERMITIR_ACESSO_AGI=false — o AGI não será aberto. A verificação usa o relatório já em [C:\projetos\MVP2\MVP2\MVP2\DETRAF-UNIFICADO\unificado\logs\relatorio_agi\remessa_baixada.csv].
2026-08-14 09:41:16.445 | INFO    |src.controllers.geracao_agi_controller:_verificar_relatorio:895 - [STEP] Finalizando: VerificacaoRelatorio.executar | Tempo gasto: 0.0s
2026-08-14 09:41:16.446 | WARNING |src.controllers.geracao_agi_controller:gerar_artefatos:398 - [RPA 3] HU-20 não executada: Relatório do AGI não encontrado em [C:\projetos\MVP2\MVP2\MVP2\DETRAF-UNIFICADO\unificado\logs\relatorio_agi\remessa_baixada.csv]. Com PERMITIR_ACESSO_AGI desligado, é preciso baixá-lo antes.
2026-08-14 09:41:16.446 | INFO    |src.controllers.geracao_agi_controller:gerar_artefatos:402 - [RPA 3 — etapa 4/4: conferência do relatório] A conferência compara o relatório do AGI com o Encontro de Contas do banco.
2026-08-14 09:41:16.446 | INFO    |src.controllers.geracao_agi_controller:gerar_artefatos:402 - [RPA 3 — etapa 4/4: conferência do relatório] A planilha de inconsistências só é gravada quando há divergência — nenhum arquivo significa nenhuma divergência.
2026-08-14 09:41:16.446 | INFO    |src.controllers.geracao_agi_controller:gerar_artefatos:402 - [RPA 3 — etapa 4/4: conferência do relatório] Pasta: C:\projetos\MVP2\MVP2\MVP2\DETRAF-UNIFICADO\unificado\logs\inconsistencias
2026-08-14 09:41:16.446 | INFO    |src.controllers.geracao_agi_controller:gerar_artefatos:402 - [RPA 3 — etapa 4/4: conferência do relatório] ────────────────────────────────────────────────────────────
2026-08-14 09:41:16.447 | INFO    |src.controllers.geracao_agi_controller:gerar_artefatos:402 - [RPA 3 — etapa 4/4: conferência do relatório] Esta é a última etapa da execução.
2026-08-14 09:41:16.447 | INFO    |src.controllers.geracao_agi_controller:gerar_artefatos:415 - [RPA 3] Resumo de 202507 — 1 operadora(s): EXT 1, INT 1, _EXP 1, carta 1, CONT_PROC 1.
2026-08-14 09:41:16.447 | INFO    |src.controllers.geracao_agi_controller:gerar_artefatos:415 - [RPA 3]   CLARO: e-mail de contestação não enviado.
2026-08-14 09:41:16.447 | WARNING |src.controllers.geracao_agi_controller:gerar_artefatos:415 - [RPA 3] HU-15 sem destinatários: a tabela de contatos do WebFat continua sem resposta do cliente (pendência Q16). A ponte é apontar CAMINHO_CONTATOS_OPERADORAS para um CSV `operadora;emails`.
2026-08-14 09:41:16.449 | INFO    |src.controllers.geracao_agi_controller:_gravar_relatorio:956 - [Relatório] Resumo da execução em [C:\projetos\MVP2\MVP2\MVP2\DETRAF-UNIFICADO\unificado\logs\DESKTOP-64TNDKM\rpa3_contestacao_agi_ec\execucoes\2026-08-14_09-41-16.md].
2026-08-14 09:41:16.449 | INFO    |test_orquestracao_rpa3:test_sem_destinatario_o_outlook_nem_e_aberto:404 - [STEP] Finalizando: GeracaoAgiController.gerar_artefatos | Tempo gasto: 0.16s
2026-08-14 09:41:16.454 | INFO    |comum.dados.repositorio_cache:__init__:77 - Inicializando conexão com o banco no ambiente [dev]
2026-08-14 09:41:16.454 | INFO    |comum.dados.repositorio_cache:__init__:77 - Utilizando SQLite local [C:\Users\BTIMES~1\AppData\Local\Temp\detraf_epico4_teste_rclx_oxd\TABELAS_DETRAF_TESTE.db]
2026-08-14 09:41:16.461 | INFO    |test_orquestracao_rpa3:test_email_bloqueado_vira_pulo_e_nao_derruba_a_fase:426 - [STEP] Iniciando: GeracaoAgiController.gerar_artefatos
2026-08-14 09:41:16.462 | INFO    |comum.utils.decoradores:wrapper:22 - [RPA 3] 1 operadora(s) em 202507: CLARO.
2026-08-14 09:41:16.462 | INFO    |comum.dados.repositorio_cache:obter_tabela:214 - Carregando tabela [tbl_detraf_mapeamento_descritores]
2026-08-14 09:41:16.464 | INFO    |comum.dados.repositorio_cache:obter_tabela:214 - Tabela [tbl_detraf_mapeamento_descritores] carregada | Linhas: 25 | Colunas: 5
2026-08-14 09:41:16.468 | INFO    |src.controllers.geracao_agi_controller:_gerar_para_operadora:558 - [STEP] Iniciando: consolidar_detrafs_operadora
2026-08-14 09:41:16.469 | INFO    |src.services.consolidacao_contestacao:consolidar_detrafs_operadora:174 - [Consolidação] 1 arquivo(s) encontrado(s) em [C:\Users\Btime Soluções\AppData\Local\Temp\pytest-of-Btime Soluções\pytest-21\test_email_bloqueado_vira_pulo0\Operadoras\CLARO\2025\202507\Detrafs Recebidos].
2026-08-14 09:41:16.474 | INFO    |src.services.consolidacao_contestacao:consolidar_detrafs_operadora:177 - [Consolidação] [DETRAF_D_CLARO_202507.csv]: 1 linha(s) -> 1 após remover totais.
2026-08-14 09:41:16.475 | INFO    |src.services.consolidacao_contestacao:consolidar_detrafs_operadora:177 - [Consolidação] Consolidado: 1 linha(s) de 1 arquivo(s).
2026-08-14 09:41:16.475 | INFO    |src.controllers.geracao_agi_controller:_gerar_para_operadora:558 - [STEP] Finalizando: consolidar_detrafs_operadora | Tempo gasto: 0.01s
2026-08-14 09:41:16.475 | INFO    |src.controllers.geracao_agi_controller:_gerar_para_operadora:574 - [STEP] Iniciando: consolidar_expectativa_vivo
2026-08-14 09:41:16.475 | INFO    |src.services.consolidacao_contestacao:consolidar_expectativa_vivo:207 - [Consolidação] 1 arquivo(s) encontrado(s) em [C:\Users\Btime Soluções\AppData\Local\Temp\pytest-of-Btime Soluções\pytest-21\test_email_bloqueado_vira_pulo0\Operadoras\CLARO\2025\202507\Detrafs Enviados].
2026-08-14 09:41:16.478 | INFO    |src.services.consolidacao_contestacao:consolidar_expectativa_vivo:211 - [Consolidação] [DE_D_TBRA_CLARO_202507.csv]: 1 linha(s) -> 1 após remover totais.
2026-08-14 09:41:16.478 | INFO    |src.services.consolidacao_contestacao:consolidar_expectativa_vivo:211 - [Consolidação] Consolidado: 1 linha(s) de 1 arquivo(s).
2026-08-14 09:41:16.478 | INFO    |src.controllers.geracao_agi_controller:_gerar_para_operadora:574 - [STEP] Finalizando: consolidar_expectativa_vivo | Tempo gasto: 0.0s
2026-08-14 09:41:16.478 | INFO    |src.controllers.geracao_agi_controller:_gerar_para_operadora:586 - [STEP] Iniciando: montar_contest
2026-08-14 09:41:16.493 | INFO    |comum.utils.decoradores:wrapper:22 - [Consolidação] Contest: 1 combinação(ões) analisada(s).
2026-08-14 09:41:16.494 | INFO    |src.controllers.geracao_agi_controller:_gerar_para_operadora:586 - [STEP] Finalizando: montar_contest | Tempo gasto: 0.02s
2026-08-14 09:41:16.494 | INFO    |src.controllers.geracao_agi_controller:_gerar_para_operadora:595 - [STEP] Iniciando: GeracaoAgiController.atualizar_despesa_contestacao
2026-08-14 09:41:16.494 | INFO    |src.controllers.geracao_agi_controller:atualizar_despesa_contestacao:1066 - [STEP] Iniciando: preparar_atualizacoes_despesa_contestacao
2026-08-14 09:41:16.495 | INFO    |comum.dados.repositorio_cache:obter_tabela:214 - Carregando tabela [tbl_rpa_log_detraf_despesa_contestacao]
2026-08-14 09:41:16.496 | INFO    |comum.dados.repositorio_cache:obter_tabela:214 - Tabela [tbl_rpa_log_detraf_despesa_contestacao] carregada | Linhas: 2 | Colunas: 19
2026-08-14 09:41:16.500 | INFO    |comum.utils.decoradores:wrapper:22 - [HU-19 Despesa Contestação] 1 atualização(ões) preparada(s).
2026-08-14 09:41:16.500 | INFO    |src.controllers.geracao_agi_controller:atualizar_despesa_contestacao:1066 - [STEP] Finalizando: preparar_atualizacoes_despesa_contestacao | Tempo gasto: 0.01s
2026-08-14 09:41:16.500 | WARNING |comum.dados.repositorio_tabelas:atualizar_despesa_contestacao:1019 - [HU-19 Despesa Contestação] A tabela 'tbl_rpa_log_detraf_despesa_contestacao' não tem a(s) coluna(s) vb_contestacao — NÃO gravada(s). As demais seguem normalmente. Um ALTER TABLE resolve; ver pendencias-para-o-cliente.md (Q24).
2026-08-14 09:41:16.508 | INFO    |comum.dados.repositorio_tabelas:_atualizar_contestacao_em_lote:976 - 1 linha(s) atualizada(s) em [tbl_rpa_log_detraf_despesa_contestacao].
2026-08-14 09:41:16.508 | INFO    |comum.dados.repositorio_cache:recarregar_cache_local:375 - Carregando tabela [tbl_rpa_log_detraf_despesa_contestacao]
2026-08-14 09:41:16.509 | INFO    |comum.dados.repositorio_cache:recarregar_cache_local:375 - Tabela [tbl_rpa_log_detraf_despesa_contestacao] carregada | Linhas: 2 | Colunas: 19
2026-08-14 09:41:16.510 | INFO    |comum.dados.repositorio_tabelas:atualizar_despesa_contestacao:1019 - [HU-19 Despesa Contestação] 1 linha(s) atualizada(s), 0 chave(s) ausente(s).
2026-08-14 09:41:16.510 | INFO    |src.controllers.geracao_agi_controller:_gerar_para_operadora:595 - [STEP] Finalizando: GeracaoAgiController.atualizar_despesa_contestacao | Tempo gasto: 0.02s
2026-08-14 09:41:16.510 | INFO    |src.controllers.geracao_agi_controller:_gerar_ext:633 - [STEP] Iniciando: montar_linhas_ext
2026-08-14 09:41:16.516 | INFO    |comum.utils.decoradores:wrapper:22 - [HU-12 EXT] 1 linha(s) montada(s).
2026-08-14 09:41:16.516 | INFO    |src.controllers.geracao_agi_controller:_gerar_ext:633 - [STEP] Finalizando: montar_linhas_ext | Tempo gasto: 0.01s
2026-08-14 09:41:16.516 | INFO    |src.controllers.geracao_agi_controller:_gerar_ext:639 - [STEP] Iniciando: gerar_arquivo_ext
2026-08-14 09:41:16.525 | INFO    |comum.utils.decoradores:wrapper:22 - [HU-12 EXT] Arquivo gravado em [C:\Users\Btime Soluções\AppData\Local\Temp\pytest-of-Btime Soluções\pytest-21\test_email_bloqueado_vira_pulo0\Operadoras\CLARO\2025\202507\AGI\DE_AGI_D_202507_TBRA_X_CLARO_EXT.xlsx].
2026-08-14 09:41:16.525 | INFO    |src.controllers.geracao_agi_controller:_gerar_ext:639 - [STEP] Finalizando: gerar_arquivo_ext | Tempo gasto: 0.01s
2026-08-14 09:41:16.525 | INFO    |src.controllers.geracao_agi_controller:_gerar_int:648 - [STEP] Iniciando: montar_linhas_int
2026-08-14 09:41:16.531 | INFO    |comum.utils.decoradores:wrapper:22 - [HU-13 INT] 1 linha(s) montada(s) (COM retenção).
2026-08-14 09:41:16.532 | INFO    |src.controllers.geracao_agi_controller:_gerar_int:648 - [STEP] Finalizando: montar_linhas_int | Tempo gasto: 0.01s
2026-08-14 09:41:16.532 | INFO    |src.controllers.geracao_agi_controller:_gerar_int:654 - [STEP] Iniciando: gerar_arquivo_int
2026-08-14 09:41:16.540 | INFO    |comum.utils.decoradores:wrapper:22 - [HU-13 INT] Arquivo gravado em [C:\Users\Btime Soluções\AppData\Local\Temp\pytest-of-Btime Soluções\pytest-21\test_email_bloqueado_vira_pulo0\Operadoras\CLARO\2025\202507\AGI\DE_AGI_D_202507_TBRA_X_CLARO_INT.xlsx].
2026-08-14 09:41:16.540 | INFO    |src.controllers.geracao_agi_controller:_gerar_int:654 - [STEP] Finalizando: gerar_arquivo_int | Tempo gasto: 0.01s
2026-08-14 09:41:16.540 | INFO    |src.controllers.geracao_agi_controller:_gerar_env_e_carta:682 - [STEP] Iniciando: montar_abas_env
2026-08-14 09:41:16.547 | INFO    |comum.utils.decoradores:wrapper:22 - [HU-14 _EXP] Contest: 1 linha(s) contestada(s); TBRA: 1 linha(s) correspondente(s).
2026-08-14 09:41:16.547 | INFO    |src.controllers.geracao_agi_controller:_gerar_env_e_carta:682 - [STEP] Finalizando: montar_abas_env | Tempo gasto: 0.01s
2026-08-14 09:41:16.547 | INFO    |src.controllers.geracao_agi_controller:_gerar_env_e_carta:690 - [STEP] Iniciando: gerar_arquivo_env
2026-08-14 09:41:16.558 | INFO    |comum.utils.decoradores:wrapper:22 - [HU-14 _EXP] Arquivo gravado em [C:\Users\Btime Soluções\AppData\Local\Temp\pytest-of-Btime Soluções\pytest-21\test_email_bloqueado_vira_pulo0\Operadoras\CLARO\2025\202507\Contestações\Base Contestação_CLARO_202507_EXP.xlsx].
2026-08-14 09:41:16.558 | INFO    |src.controllers.geracao_agi_controller:_gerar_env_e_carta:690 - [STEP] Finalizando: gerar_arquivo_env | Tempo gasto: 0.01s
2026-08-14 09:41:16.564 | INFO    |src.controllers.geracao_agi_controller:_emitir_cartas:756 - [STEP] Iniciando: obter_proximo_numero_carta
2026-08-14 09:41:16.564 | INFO    |comum.utils.decoradores:wrapper:22 - [HU-14] Último número CT encontrado: 362. Próximo: 363.
2026-08-14 09:41:16.564 | INFO    |src.controllers.geracao_agi_controller:_emitir_cartas:756 - [STEP] Finalizando: obter_proximo_numero_carta | Tempo gasto: 0.0s
2026-08-14 09:41:16.565 | INFO    |src.controllers.geracao_agi_controller:_emitir_cartas:764 - [STEP] Iniciando: montar_tabelas_carta
2026-08-14 09:41:16.567 | INFO    |comum.utils.decoradores:wrapper:22 - [HU-14 Carta] 1 tabela(s) de remuneração montada(s).
2026-08-14 09:41:16.567 | INFO    |src.controllers.geracao_agi_controller:_emitir_cartas:764 - [STEP] Finalizando: montar_tabelas_carta | Tempo gasto: 0.0s
2026-08-14 09:41:16.568 | INFO    |src.controllers.geracao_agi_controller:_emitir_cartas:758 - [STEP] Iniciando: renderizar_carta
2026-08-14 09:41:16.583 | INFO    |comum.utils.decoradores:wrapper:22 - [HU-14 Carta] Carta CT-363 renderizada (1 tabela(s)).
2026-08-14 09:41:16.583 | INFO    |src.controllers.geracao_agi_controller:_emitir_cartas:758 - [STEP] Finalizando: renderizar_carta | Tempo gasto: 0.02s
2026-08-14 09:41:16.583 | INFO    |src.controllers.geracao_agi_controller:_emitir_cartas:768 - [STEP] Iniciando: gerar_arquivo_carta
2026-08-14 09:41:16.596 | INFO    |comum.utils.decoradores:wrapper:22 - [HU-14 Carta] Carta gravada em [C:\Users\Btime Soluções\AppData\Local\Temp\pytest-of-Btime Soluções\pytest-21\test_email_bloqueado_vira_pulo0\Operadoras\CLARO\2025\202507\Contestações\CT - 363.docx], cópia em [C:\Users\Btime Soluções\AppData\Local\Temp\pytest-of-Btime Soluções\pytest-21\test_email_bloqueado_vira_pulo0\CT\2025\CT - 363.docx].
2026-08-14 09:41:16.596 | INFO    |src.controllers.geracao_agi_controller:_emitir_cartas:768 - [STEP] Finalizando: gerar_arquivo_carta | Tempo gasto: 0.01s
2026-08-14 09:41:16.596 | INFO    |src.controllers.geracao_agi_controller:_gerar_env_e_carta:710 - [RPA 3] CLARO: carta CT 363 — COM retenção.
2026-08-14 09:41:16.597 | INFO    |src.controllers.geracao_agi_controller:_gerar_para_operadora:617 - [STEP] Iniciando: GeracaoAgiController.gerar_cont_proc
2026-08-14 09:41:16.597 | INFO    |src.controllers.geracao_agi_controller:gerar_cont_proc:1030 - [STEP] Iniciando: montar_linhas_cont_proc
2026-08-14 09:41:16.597 | INFO    |src.services.geracao_cont_proc:montar_linhas_cont_proc:224 - [STEP] Iniciando: selecionar_linhas_contestadas
2026-08-14 09:41:16.601 | INFO    |comum.utils.decoradores:wrapper:22 - [HU-16 CONT_PROC] 1 linha(s) contestada(s).
2026-08-14 09:41:16.601 | INFO    |src.services.geracao_cont_proc:montar_linhas_cont_proc:224 - [STEP] Finalizando: selecionar_linhas_contestadas | Tempo gasto: 0.0s
2026-08-14 09:41:16.603 | INFO    |comum.utils.decoradores:wrapper:22 - [HU-16 CONT_PROC] 1 linha(s) montada(s) (T-100+T-101 completos).
2026-08-14 09:41:16.604 | INFO    |src.controllers.geracao_agi_controller:gerar_cont_proc:1030 - [STEP] Finalizando: montar_linhas_cont_proc | Tempo gasto: 0.01s
2026-08-14 09:41:16.604 | INFO    |src.controllers.geracao_agi_controller:gerar_cont_proc:1036 - [STEP] Iniciando: gerar_arquivo_cont_proc
2026-08-14 09:41:16.611 | INFO    |comum.utils.decoradores:wrapper:22 - [HU-16 CONT_PROC] Arquivo gravado em [C:\Users\Btime Soluções\AppData\Local\Temp\pytest-of-Btime Soluções\pytest-21\test_email_bloqueado_vira_pulo0\Operadoras\CLARO\2025\202507\AGI\CONT_PROC_MASCARA_CLARO_202507.xlsx].
2026-08-14 09:41:16.611 | INFO    |src.controllers.geracao_agi_controller:gerar_cont_proc:1036 - [STEP] Finalizando: gerar_arquivo_cont_proc | Tempo gasto: 0.01s
2026-08-14 09:41:16.612 | INFO    |src.controllers.geracao_agi_controller:gerar_cont_proc:1046 - [STEP] Iniciando: selecionar_linhas_contestadas
2026-08-14 09:41:16.615 | INFO    |comum.utils.decoradores:wrapper:22 - [HU-16 CONT_PROC] 1 linha(s) contestada(s).
2026-08-14 09:41:16.616 | INFO    |src.controllers.geracao_agi_controller:gerar_cont_proc:1046 - [STEP] Finalizando: selecionar_linhas_contestadas | Tempo gasto: 0.0s
2026-08-14 09:41:16.619 | INFO    |comum.dados.repositorio_tabelas:_atualizar_contestacao_em_lote:976 - 1 linha(s) atualizada(s) em [tbl_rpa_log_detraf_despesa_contestacao].
2026-08-14 09:41:16.620 | INFO    |comum.dados.repositorio_cache:recarregar_cache_local:375 - Carregando tabela [tbl_rpa_log_detraf_despesa_contestacao]
2026-08-14 09:41:16.622 | INFO    |comum.dados.repositorio_cache:recarregar_cache_local:375 - Tabela [tbl_rpa_log_detraf_despesa_contestacao] carregada | Linhas: 2 | Colunas: 19
2026-08-14 09:41:16.622 | INFO    |comum.dados.repositorio_tabelas:atualizar_tipo_contestacao:1046 - [HU-16 Writeback tipo_contestacao] 1 linha(s) atualizada(s), 0 chave(s) ausente(s).
2026-08-14 09:41:16.622 | INFO    |src.controllers.geracao_agi_controller:_gerar_para_operadora:617 - [STEP] Finalizando: GeracaoAgiController.gerar_cont_proc | Tempo gasto: 0.03s
2026-08-14 09:41:16.622 | INFO    |src.controllers.geracao_agi_controller:_pausar_apos_artefatos:530 - [RPA 3 — etapa 1/4: artefatos] 1 operadora(s) em 202507:
2026-08-14 09:41:16.622 | INFO    |src.controllers.geracao_agi_controller:_pausar_apos_artefatos:530 - [RPA 3 — etapa 1/4: artefatos]   CLARO                EXT · INT · _EXP · 1 carta(s) · CONT_PROC
2026-08-14 09:41:16.623 | INFO    |src.controllers.geracao_agi_controller:_pausar_apos_artefatos:530 - [RPA 3 — etapa 1/4: artefatos] Pasta: C:\Users\Btime Soluções\AppData\Local\Temp\pytest-of-Btime Soluções\pytest-21\test_email_bloqueado_vira_pulo0\Operadoras
2026-08-14 09:41:16.623 | INFO    |src.controllers.geracao_agi_controller:_pausar_apos_artefatos:530 - [RPA 3 — etapa 1/4: artefatos] ────────────────────────────────────────────────────────────
2026-08-14 09:41:16.623 | INFO    |src.controllers.geracao_agi_controller:_pausar_apos_artefatos:530 - [RPA 3 — etapa 1/4: artefatos] PRÓXIMA ETAPA: carga no AGI (HU-17/HU-18) — ESCREVE NO AGI
2026-08-14 09:41:16.623 | INFO    |src.controllers.geracao_agi_controller:gerar_artefatos:332 - [RPA 3 — etapa 2/4: carga no AGI] 1 operadora(s) na lista de carga.
2026-08-14 09:41:16.623 | INFO    |src.controllers.geracao_agi_controller:gerar_artefatos:332 - [RPA 3 — etapa 2/4: carga no AGI] Upload no AGI: desligado — nada foi enviado, só registrado no log.
2026-08-14 09:41:16.623 | INFO    |src.controllers.geracao_agi_controller:gerar_artefatos:332 - [RPA 3 — etapa 2/4: carga no AGI] Confira no AGI se a carga entrou, e o campo `carga_agi` na tabela de contestação.
2026-08-14 09:41:16.623 | INFO    |src.controllers.geracao_agi_controller:gerar_artefatos:332 - [RPA 3 — etapa 2/4: carga no AGI] ────────────────────────────────────────────────────────────
2026-08-14 09:41:16.623 | INFO    |src.controllers.geracao_agi_controller:gerar_artefatos:332 - [RPA 3 — etapa 2/4: carga no AGI] PRÓXIMA ETAPA: e-mail de contestação à operadora (HU-15) — SAI DA EMPRESA
2026-08-14 09:41:16.624 | WARNING |src.controllers.geracao_agi_controller:<genexpr>:840 - [HU-15] Contatos de 'CLARO' indisponíveis: a tabela de contatos do WebFat ainda não foi informada pelo cliente (pendência Q16), e CAMINHO_CONTATOS_OPERADORAS não está configurado.
2026-08-14 09:41:16.624 | WARNING |src.controllers.geracao_agi_controller:gerar_artefatos:360 - [RPA 3] Nenhum destinatário para as 1 contestação(ões) do mês — o Outlook nem chega a ser aberto. Pendência Q16.
2026-08-14 09:41:16.624 | INFO    |src.controllers.geracao_agi_controller:gerar_artefatos:368 - [RPA 3 — etapa 3/4: e-mail de contestação] Envio de e-mail: LIGADO — os e-mails FORAM enviados às operadoras.
2026-08-14 09:41:16.624 | INFO    |src.controllers.geracao_agi_controller:gerar_artefatos:368 - [RPA 3 — etapa 3/4: e-mail de contestação] Contatos: não configurados (pendência Q16) — nada é enviado
2026-08-14 09:41:16.624 | INFO    |src.controllers.geracao_agi_controller:gerar_artefatos:368 - [RPA 3 — etapa 3/4: e-mail de contestação] ────────────────────────────────────────────────────────────
2026-08-14 09:41:16.624 | INFO    |src.controllers.geracao_agi_controller:gerar_artefatos:368 - [RPA 3 — etapa 3/4: e-mail de contestação] PRÓXIMA ETAPA: conferência do relatório contra o EC (HU-20)
2026-08-14 09:41:16.625 | INFO    |src.controllers.geracao_agi_controller:_verificar_relatorio:895 - [STEP] Iniciando: VerificacaoRelatorio.executar
2026-08-14 09:41:16.625 | INFO    |comum.utils.decoradores:wrapper:22 - [MODO SEGURO] PERMITIR_ACESSO_AGI=false — o AGI não será aberto. A verificação usa o relatório já em [C:\projetos\MVP2\MVP2\MVP2\DETRAF-UNIFICADO\unificado\logs\relatorio_agi\remessa_baixada.csv].
2026-08-14 09:41:16.625 | INFO    |src.controllers.geracao_agi_controller:_verificar_relatorio:895 - [STEP] Finalizando: VerificacaoRelatorio.executar | Tempo gasto: 0.0s
2026-08-14 09:41:16.625 | WARNING |src.controllers.geracao_agi_controller:gerar_artefatos:398 - [RPA 3] HU-20 não executada: Relatório do AGI não encontrado em [C:\projetos\MVP2\MVP2\MVP2\DETRAF-UNIFICADO\unificado\logs\relatorio_agi\remessa_baixada.csv]. Com PERMITIR_ACESSO_AGI desligado, é preciso baixá-lo antes.
2026-08-14 09:41:16.625 | INFO    |src.controllers.geracao_agi_controller:gerar_artefatos:402 - [RPA 3 — etapa 4/4: conferência do relatório] A conferência compara o relatório do AGI com o Encontro de Contas do banco.
2026-08-14 09:41:16.625 | INFO    |src.controllers.geracao_agi_controller:gerar_artefatos:402 - [RPA 3 — etapa 4/4: conferência do relatório] A planilha de inconsistências só é gravada quando há divergência — nenhum arquivo significa nenhuma divergência.
2026-08-14 09:41:16.625 | INFO    |src.controllers.geracao_agi_controller:gerar_artefatos:402 - [RPA 3 — etapa 4/4: conferência do relatório] Pasta: C:\projetos\MVP2\MVP2\MVP2\DETRAF-UNIFICADO\unificado\logs\inconsistencias
2026-08-14 09:41:16.626 | INFO    |src.controllers.geracao_agi_controller:gerar_artefatos:402 - [RPA 3 — etapa 4/4: conferência do relatório] ────────────────────────────────────────────────────────────
2026-08-14 09:41:16.626 | INFO    |src.controllers.geracao_agi_controller:gerar_artefatos:402 - [RPA 3 — etapa 4/4: conferência do relatório] Esta é a última etapa da execução.
2026-08-14 09:41:16.626 | INFO    |src.controllers.geracao_agi_controller:gerar_artefatos:415 - [RPA 3] Resumo de 202507 — 1 operadora(s): EXT 1, INT 1, _EXP 1, carta 1, CONT_PROC 1.
2026-08-14 09:41:16.626 | INFO    |src.controllers.geracao_agi_controller:gerar_artefatos:415 - [RPA 3]   CLARO: e-mail de contestação não enviado.
2026-08-14 09:41:16.626 | WARNING |src.controllers.geracao_agi_controller:gerar_artefatos:415 - [RPA 3] HU-15 sem destinatários: a tabela de contatos do WebFat continua sem resposta do cliente (pendência Q16). A ponte é apontar CAMINHO_CONTATOS_OPERADORAS para um CSV `operadora;emails`.
2026-08-14 09:41:16.627 | INFO    |src.controllers.geracao_agi_controller:_gravar_relatorio:956 - [Relatório] Resumo da execução em [C:\projetos\MVP2\MVP2\MVP2\DETRAF-UNIFICADO\unificado\logs\DESKTOP-64TNDKM\rpa3_contestacao_agi_ec\execucoes\2026-08-14_09-41-16.md].
2026-08-14 09:41:16.627 | INFO    |test_orquestracao_rpa3:test_email_bloqueado_vira_pulo_e_nao_derruba_a_fase:426 - [STEP] Finalizando: GeracaoAgiController.gerar_artefatos | Tempo gasto: 0.17s
2026-08-14 09:41:16.631 | INFO    |comum.dados.repositorio_cache:__init__:77 - Inicializando conexão com o banco no ambiente [dev]
2026-08-14 09:41:16.632 | INFO    |comum.dados.repositorio_cache:__init__:77 - Utilizando SQLite local [C:\Users\BTIMES~1\AppData\Local\Temp\detraf_epico4_teste_rclx_oxd\TABELAS_DETRAF_TESTE.db]
2026-08-14 09:41:16.639 | INFO    |test_orquestracao_rpa3:test_ext_sai_e_env_nao:453 - [STEP] Iniciando: GeracaoAgiController.gerar_artefatos
2026-08-14 09:41:16.640 | INFO    |comum.utils.decoradores:wrapper:22 - [RPA 3] 1 operadora(s) em 202507: CLARO.
2026-08-14 09:41:16.640 | INFO    |comum.dados.repositorio_cache:obter_tabela:214 - Carregando tabela [tbl_detraf_mapeamento_descritores]
2026-08-14 09:41:16.642 | INFO    |comum.dados.repositorio_cache:obter_tabela:214 - Tabela [tbl_detraf_mapeamento_descritores] carregada | Linhas: 25 | Colunas: 5
2026-08-14 09:41:16.645 | INFO    |src.controllers.geracao_agi_controller:_gerar_para_operadora:558 - [STEP] Iniciando: consolidar_detrafs_operadora
2026-08-14 09:41:16.646 | INFO    |src.services.consolidacao_contestacao:consolidar_detrafs_operadora:174 - [Consolidação] 1 arquivo(s) encontrado(s) em [C:\Users\Btime Soluções\AppData\Local\Temp\pytest-of-Btime Soluções\pytest-21\test_ext_sai_e_env_nao0\Operadoras\CLARO\2025\202507\Detrafs Recebidos].
2026-08-14 09:41:16.647 | INFO    |src.services.consolidacao_contestacao:consolidar_detrafs_operadora:177 - [Consolidação] [DETRAF_D_CLARO_202507.csv]: 1 linha(s) -> 1 após remover totais.
2026-08-14 09:41:16.648 | INFO    |src.services.consolidacao_contestacao:consolidar_detrafs_operadora:177 - [Consolidação] Consolidado: 1 linha(s) de 1 arquivo(s).
2026-08-14 09:41:16.648 | INFO    |src.controllers.geracao_agi_controller:_gerar_para_operadora:558 - [STEP] Finalizando: consolidar_detrafs_operadora | Tempo gasto: 0.0s
2026-08-14 09:41:16.648 | INFO    |src.controllers.geracao_agi_controller:_gerar_para_operadora:574 - [STEP] Iniciando: consolidar_expectativa_vivo
2026-08-14 09:41:16.648 | WARNING |src.services.consolidacao_contestacao:consolidar_expectativa_vivo:207 - Pasta de Detrafs inexistente: [C:\Users\Btime Soluções\AppData\Local\Temp\pytest-of-Btime Soluções\pytest-21\test_ext_sai_e_env_nao0\Operadoras\CLARO\2025\202507\Detrafs Enviados]
2026-08-14 09:41:16.649 | WARNING |comum.utils.decoradores:wrapper:22 - [Consolidação] Nenhum arquivo de expectativa (_D_) em [C:\Users\Btime Soluções\AppData\Local\Temp\pytest-of-Btime Soluções\pytest-21\test_ext_sai_e_env_nao0\Operadoras\CLARO\2025\202507\Detrafs Enviados].
2026-08-14 09:41:16.649 | INFO    |src.controllers.geracao_agi_controller:_gerar_para_operadora:574 - [STEP] Finalizando: consolidar_expectativa_vivo | Tempo gasto: 0.0s
2026-08-14 09:41:16.649 | WARNING |src.controllers.geracao_agi_controller:_gerar_todos:269 - [RPA 3] CLARO: sem expectativa Vivo em 202507; a comparação sairá com o lado da Vivo zerado.
2026-08-14 09:41:16.649 | INFO    |src.controllers.geracao_agi_controller:_gerar_para_operadora:586 - [STEP] Iniciando: montar_contest
2026-08-14 09:41:16.659 | INFO    |comum.utils.decoradores:wrapper:22 - [Consolidação] Contest: 1 combinação(ões) analisada(s).
2026-08-14 09:41:16.660 | INFO    |src.controllers.geracao_agi_controller:_gerar_para_operadora:586 - [STEP] Finalizando: montar_contest | Tempo gasto: 0.01s
2026-08-14 09:41:16.660 | INFO    |src.controllers.geracao_agi_controller:_gerar_para_operadora:595 - [STEP] Iniciando: GeracaoAgiController.atualizar_despesa_contestacao
2026-08-14 09:41:16.660 | INFO    |src.controllers.geracao_agi_controller:atualizar_despesa_contestacao:1066 - [STEP] Iniciando: preparar_atualizacoes_despesa_contestacao
2026-08-14 09:41:16.661 | INFO    |comum.dados.repositorio_cache:obter_tabela:214 - Carregando tabela [tbl_rpa_log_detraf_despesa_contestacao]
2026-08-14 09:41:16.662 | INFO    |comum.dados.repositorio_cache:obter_tabela:214 - Tabela [tbl_rpa_log_detraf_despesa_contestacao] carregada | Linhas: 2 | Colunas: 19
2026-08-14 09:41:16.665 | INFO    |comum.utils.decoradores:wrapper:22 - [HU-19 Despesa Contestação] 1 atualização(ões) preparada(s).
2026-08-14 09:41:16.665 | INFO    |src.controllers.geracao_agi_controller:atualizar_despesa_contestacao:1066 - [STEP] Finalizando: preparar_atualizacoes_despesa_contestacao | Tempo gasto: 0.01s
2026-08-14 09:41:16.666 | WARNING |comum.dados.repositorio_tabelas:atualizar_despesa_contestacao:1019 - [HU-19 Despesa Contestação] A tabela 'tbl_rpa_log_detraf_despesa_contestacao' não tem a(s) coluna(s) vb_contestacao — NÃO gravada(s). As demais seguem normalmente. Um ALTER TABLE resolve; ver pendencias-para-o-cliente.md (Q24).
2026-08-14 09:41:16.672 | INFO    |comum.dados.repositorio_tabelas:_atualizar_contestacao_em_lote:976 - 1 linha(s) atualizada(s) em [tbl_rpa_log_detraf_despesa_contestacao].
2026-08-14 09:41:16.673 | INFO    |comum.dados.repositorio_cache:recarregar_cache_local:375 - Carregando tabela [tbl_rpa_log_detraf_despesa_contestacao]
2026-08-14 09:41:16.674 | INFO    |comum.dados.repositorio_cache:recarregar_cache_local:375 - Tabela [tbl_rpa_log_detraf_despesa_contestacao] carregada | Linhas: 2 | Colunas: 19
2026-08-14 09:41:16.674 | INFO    |comum.dados.repositorio_tabelas:atualizar_despesa_contestacao:1019 - [HU-19 Despesa Contestação] 1 linha(s) atualizada(s), 0 chave(s) ausente(s).
2026-08-14 09:41:16.675 | INFO    |src.controllers.geracao_agi_controller:_gerar_para_operadora:595 - [STEP] Finalizando: GeracaoAgiController.atualizar_despesa_contestacao | Tempo gasto: 0.01s
2026-08-14 09:41:16.675 | INFO    |src.controllers.geracao_agi_controller:_gerar_ext:633 - [STEP] Iniciando: montar_linhas_ext
2026-08-14 09:41:16.680 | INFO    |comum.utils.decoradores:wrapper:22 - [HU-12 EXT] 1 linha(s) montada(s).
2026-08-14 09:41:16.681 | INFO    |src.controllers.geracao_agi_controller:_gerar_ext:633 - [STEP] Finalizando: montar_linhas_ext | Tempo gasto: 0.01s
2026-08-14 09:41:16.681 | INFO    |src.controllers.geracao_agi_controller:_gerar_ext:639 - [STEP] Iniciando: gerar_arquivo_ext
2026-08-14 09:41:16.691 | INFO    |comum.utils.decoradores:wrapper:22 - [HU-12 EXT] Arquivo gravado em [C:\Users\Btime Soluções\AppData\Local\Temp\pytest-of-Btime Soluções\pytest-21\test_ext_sai_e_env_nao0\Operadoras\CLARO\2025\202507\AGI\DE_AGI_D_202507_TBRA_X_CLARO_EXT.xlsx].
2026-08-14 09:41:16.691 | INFO    |src.controllers.geracao_agi_controller:_gerar_ext:639 - [STEP] Finalizando: gerar_arquivo_ext | Tempo gasto: 0.01s
2026-08-14 09:41:16.692 | WARNING |src.controllers.geracao_agi_controller:_gerar_para_operadora:606 - [RPA 3] CLARO: sem expectativa Vivo — _EXP e carta não serão gerados. Confira a pasta 'Detrafs Enviados' da operadora.
2026-08-14 09:41:16.692 | INFO    |src.controllers.geracao_agi_controller:_gerar_para_operadora:617 - [STEP] Iniciando: GeracaoAgiController.gerar_cont_proc
2026-08-14 09:41:16.692 | INFO    |src.controllers.geracao_agi_controller:gerar_cont_proc:1030 - [STEP] Iniciando: montar_linhas_cont_proc
2026-08-14 09:41:16.692 | INFO    |src.services.geracao_cont_proc:montar_linhas_cont_proc:224 - [STEP] Iniciando: selecionar_linhas_contestadas
2026-08-14 09:41:16.696 | INFO    |comum.utils.decoradores:wrapper:22 - [HU-16 CONT_PROC] 1 linha(s) contestada(s).
2026-08-14 09:41:16.696 | INFO    |src.services.geracao_cont_proc:montar_linhas_cont_proc:224 - [STEP] Finalizando: selecionar_linhas_contestadas | Tempo gasto: 0.0s
2026-08-14 09:41:16.698 | INFO    |comum.utils.decoradores:wrapper:22 - [HU-16 CONT_PROC] 1 linha(s) montada(s) (T-100+T-101 completos).
2026-08-14 09:41:16.698 | INFO    |src.controllers.geracao_agi_controller:gerar_cont_proc:1030 - [STEP] Finalizando: montar_linhas_cont_proc | Tempo gasto: 0.01s
2026-08-14 09:41:16.698 | INFO    |src.controllers.geracao_agi_controller:gerar_cont_proc:1036 - [STEP] Iniciando: gerar_arquivo_cont_proc
2026-08-14 09:41:16.706 | INFO    |comum.utils.decoradores:wrapper:22 - [HU-16 CONT_PROC] Arquivo gravado em [C:\Users\Btime Soluções\AppData\Local\Temp\pytest-of-Btime Soluções\pytest-21\test_ext_sai_e_env_nao0\Operadoras\CLARO\2025\202507\AGI\CONT_PROC_MASCARA_CLARO_202507.xlsx].
2026-08-14 09:41:16.707 | INFO    |src.controllers.geracao_agi_controller:gerar_cont_proc:1036 - [STEP] Finalizando: gerar_arquivo_cont_proc | Tempo gasto: 0.01s
2026-08-14 09:41:16.707 | INFO    |src.controllers.geracao_agi_controller:gerar_cont_proc:1046 - [STEP] Iniciando: selecionar_linhas_contestadas
2026-08-14 09:41:16.711 | INFO    |comum.utils.decoradores:wrapper:22 - [HU-16 CONT_PROC] 1 linha(s) contestada(s).
2026-08-14 09:41:16.711 | INFO    |src.controllers.geracao_agi_controller:gerar_cont_proc:1046 - [STEP] Finalizando: selecionar_linhas_contestadas | Tempo gasto: 0.0s
2026-08-14 09:41:16.715 | INFO    |comum.dados.repositorio_tabelas:_atualizar_contestacao_em_lote:976 - 1 linha(s) atualizada(s) em [tbl_rpa_log_detraf_despesa_contestacao].
2026-08-14 09:41:16.715 | INFO    |comum.dados.repositorio_cache:recarregar_cache_local:375 - Carregando tabela [tbl_rpa_log_detraf_despesa_contestacao]
2026-08-14 09:41:16.717 | INFO    |comum.dados.repositorio_cache:recarregar_cache_local:375 - Tabela [tbl_rpa_log_detraf_despesa_contestacao] carregada | Linhas: 2 | Colunas: 19
2026-08-14 09:41:16.717 | INFO    |comum.dados.repositorio_tabelas:atualizar_tipo_contestacao:1046 - [HU-16 Writeback tipo_contestacao] 1 linha(s) atualizada(s), 0 chave(s) ausente(s).
2026-08-14 09:41:16.717 | INFO    |src.controllers.geracao_agi_controller:_gerar_para_operadora:617 - [STEP] Finalizando: GeracaoAgiController.gerar_cont_proc | Tempo gasto: 0.03s
2026-08-14 09:41:16.718 | INFO    |src.controllers.geracao_agi_controller:_pausar_apos_artefatos:530 - [RPA 3 — etapa 1/4: artefatos] 1 operadora(s) em 202507:
2026-08-14 09:41:16.718 | INFO    |src.controllers.geracao_agi_controller:_pausar_apos_artefatos:530 - [RPA 3 — etapa 1/4: artefatos]   CLARO                EXT · CONT_PROC
2026-08-14 09:41:16.718 | INFO    |src.controllers.geracao_agi_controller:_pausar_apos_artefatos:530 - [RPA 3 — etapa 1/4: artefatos]                        pulado: sem expectativa Vivo
2026-08-14 09:41:16.718 | INFO    |src.controllers.geracao_agi_controller:_pausar_apos_artefatos:530 - [RPA 3 — etapa 1/4: artefatos]                        pulado: _EXP e carta sem expectativa Vivo
2026-08-14 09:41:16.719 | INFO    |src.controllers.geracao_agi_controller:_pausar_apos_artefatos:530 - [RPA 3 — etapa 1/4: artefatos] Pasta: C:\Users\Btime Soluções\AppData\Local\Temp\pytest-of-Btime Soluções\pytest-21\test_ext_sai_e_env_nao0\Operadoras
2026-08-14 09:41:16.719 | INFO    |src.controllers.geracao_agi_controller:_pausar_apos_artefatos:530 - [RPA 3 — etapa 1/4: artefatos] ────────────────────────────────────────────────────────────
2026-08-14 09:41:16.719 | INFO    |src.controllers.geracao_agi_controller:_pausar_apos_artefatos:530 - [RPA 3 — etapa 1/4: artefatos] PRÓXIMA ETAPA: carga no AGI (HU-17/HU-18) — ESCREVE NO AGI
2026-08-14 09:41:16.719 | INFO    |src.controllers.geracao_agi_controller:gerar_artefatos:332 - [RPA 3 — etapa 2/4: carga no AGI] 1 operadora(s) na lista de carga.
2026-08-14 09:41:16.720 | INFO    |src.controllers.geracao_agi_controller:gerar_artefatos:332 - [RPA 3 — etapa 2/4: carga no AGI] Upload no AGI: desligado — nada foi enviado, só registrado no log.
2026-08-14 09:41:16.720 | INFO    |src.controllers.geracao_agi_controller:gerar_artefatos:332 - [RPA 3 — etapa 2/4: carga no AGI] Confira no AGI se a carga entrou, e o campo `carga_agi` na tabela de contestação.
2026-08-14 09:41:16.720 | INFO    |src.controllers.geracao_agi_controller:gerar_artefatos:332 - [RPA 3 — etapa 2/4: carga no AGI] ────────────────────────────────────────────────────────────
2026-08-14 09:41:16.720 | INFO    |src.controllers.geracao_agi_controller:gerar_artefatos:332 - [RPA 3 — etapa 2/4: carga no AGI] PRÓXIMA ETAPA: e-mail de contestação à operadora (HU-15) — SAI DA EMPRESA
2026-08-14 09:41:16.720 | INFO    |src.controllers.geracao_agi_controller:gerar_artefatos:368 - [RPA 3 — etapa 3/4: e-mail de contestação] Envio de e-mail: desligado — o e-mail foi montado e registrado, não enviado.
2026-08-14 09:41:16.720 | INFO    |src.controllers.geracao_agi_controller:gerar_artefatos:368 - [RPA 3 — etapa 3/4: e-mail de contestação] Contatos: não configurados (pendência Q16) — nada é enviado
2026-08-14 09:41:16.720 | INFO    |src.controllers.geracao_agi_controller:gerar_artefatos:368 - [RPA 3 — etapa 3/4: e-mail de contestação] ────────────────────────────────────────────────────────────
2026-08-14 09:41:16.720 | INFO    |src.controllers.geracao_agi_controller:gerar_artefatos:368 - [RPA 3 — etapa 3/4: e-mail de contestação] PRÓXIMA ETAPA: conferência do relatório contra o EC (HU-20)
2026-08-14 09:41:16.721 | INFO    |src.controllers.geracao_agi_controller:_verificar_relatorio:895 - [STEP] Iniciando: VerificacaoRelatorio.executar
2026-08-14 09:41:16.721 | INFO    |comum.utils.decoradores:wrapper:22 - [MODO SEGURO] PERMITIR_ACESSO_AGI=false — o AGI não será aberto. A verificação usa o relatório já em [C:\projetos\MVP2\MVP2\MVP2\DETRAF-UNIFICADO\unificado\logs\relatorio_agi\remessa_baixada.csv].
2026-08-14 09:41:16.721 | INFO    |src.controllers.geracao_agi_controller:_verificar_relatorio:895 - [STEP] Finalizando: VerificacaoRelatorio.executar | Tempo gasto: 0.0s
2026-08-14 09:41:16.721 | WARNING |src.controllers.geracao_agi_controller:gerar_artefatos:398 - [RPA 3] HU-20 não executada: Relatório do AGI não encontrado em [C:\projetos\MVP2\MVP2\MVP2\DETRAF-UNIFICADO\unificado\logs\relatorio_agi\remessa_baixada.csv]. Com PERMITIR_ACESSO_AGI desligado, é preciso baixá-lo antes.
2026-08-14 09:41:16.721 | INFO    |src.controllers.geracao_agi_controller:gerar_artefatos:402 - [RPA 3 — etapa 4/4: conferência do relatório] A conferência compara o relatório do AGI com o Encontro de Contas do banco.
2026-08-14 09:41:16.722 | INFO    |src.controllers.geracao_agi_controller:gerar_artefatos:402 - [RPA 3 — etapa 4/4: conferência do relatório] A planilha de inconsistências só é gravada quando há divergência — nenhum arquivo significa nenhuma divergência.
2026-08-14 09:41:16.722 | INFO    |src.controllers.geracao_agi_controller:gerar_artefatos:402 - [RPA 3 — etapa 4/4: conferência do relatório] Pasta: C:\projetos\MVP2\MVP2\MVP2\DETRAF-UNIFICADO\unificado\logs\inconsistencias
2026-08-14 09:41:16.722 | INFO    |src.controllers.geracao_agi_controller:gerar_artefatos:402 - [RPA 3 — etapa 4/4: conferência do relatório] ────────────────────────────────────────────────────────────
2026-08-14 09:41:16.722 | INFO    |src.controllers.geracao_agi_controller:gerar_artefatos:402 - [RPA 3 — etapa 4/4: conferência do relatório] Esta é a última etapa da execução.
2026-08-14 09:41:16.722 | INFO    |src.controllers.geracao_agi_controller:gerar_artefatos:415 - [RPA 3] Resumo de 202507 — 1 operadora(s): EXT 1, INT 0, _EXP 0, carta 0, CONT_PROC 1.
2026-08-14 09:41:16.722 | INFO    |src.controllers.geracao_agi_controller:gerar_artefatos:415 - [RPA 3]   CLARO: sem expectativa Vivo; _EXP e carta sem expectativa Vivo.
2026-08-14 09:41:16.722 | WARNING |src.controllers.geracao_agi_controller:gerar_artefatos:415 - [RPA 3] HU-15 sem destinatários: a tabela de contatos do WebFat continua sem resposta do cliente (pendência Q16). A ponte é apontar CAMINHO_CONTATOS_OPERADORAS para um CSV `operadora;emails`.
2026-08-14 09:41:16.724 | INFO    |src.controllers.geracao_agi_controller:_gravar_relatorio:956 - [Relatório] Resumo da execução em [C:\projetos\MVP2\MVP2\MVP2\DETRAF-UNIFICADO\unificado\logs\DESKTOP-64TNDKM\rpa3_contestacao_agi_ec\execucoes\2026-08-14_09-41-16.md].
2026-08-14 09:41:16.724 | INFO    |test_orquestracao_rpa3:test_ext_sai_e_env_nao:453 - [STEP] Finalizando: GeracaoAgiController.gerar_artefatos | Tempo gasto: 0.08s
2026-08-14 09:41:16.728 | INFO    |comum.dados.repositorio_cache:__init__:77 - Inicializando conexão com o banco no ambiente [dev]
2026-08-14 09:41:16.729 | INFO    |comum.dados.repositorio_cache:__init__:77 - Utilizando SQLite local [C:\Users\BTIMES~1\AppData\Local\Temp\detraf_epico4_teste_rclx_oxd\TABELAS_DETRAF_TESTE.db]
2026-08-14 09:41:16.735 | INFO    |test_orquestracao_rpa3:test_a_ausencia_e_nomeada_no_resultado:465 - [STEP] Iniciando: GeracaoAgiController.gerar_artefatos
2026-08-14 09:41:16.735 | INFO    |comum.utils.decoradores:wrapper:22 - [RPA 3] 1 operadora(s) em 202507: CLARO.
2026-08-14 09:41:16.736 | INFO    |comum.dados.repositorio_cache:obter_tabela:214 - Carregando tabela [tbl_detraf_mapeamento_descritores]
2026-08-14 09:41:16.738 | INFO    |comum.dados.repositorio_cache:obter_tabela:214 - Tabela [tbl_detraf_mapeamento_descritores] carregada | Linhas: 25 | Colunas: 5
2026-08-14 09:41:16.741 | INFO    |src.controllers.geracao_agi_controller:_gerar_para_operadora:558 - [STEP] Iniciando: consolidar_detrafs_operadora
2026-08-14 09:41:16.741 | INFO    |src.services.consolidacao_contestacao:consolidar_detrafs_operadora:174 - [Consolidação] 1 arquivo(s) encontrado(s) em [C:\Users\Btime Soluções\AppData\Local\Temp\pytest-of-Btime Soluções\pytest-21\test_a_ausencia_e_nomeada_no_r0\Operadoras\CLARO\2025\202507\Detrafs Recebidos].
2026-08-14 09:41:16.743 | INFO    |src.services.consolidacao_contestacao:consolidar_detrafs_operadora:177 - [Consolidação] [DETRAF_D_CLARO_202507.csv]: 1 linha(s) -> 1 após remover totais.
2026-08-14 09:41:16.744 | INFO    |src.services.consolidacao_contestacao:consolidar_detrafs_operadora:177 - [Consolidação] Consolidado: 1 linha(s) de 1 arquivo(s).
2026-08-14 09:41:16.744 | INFO    |src.controllers.geracao_agi_controller:_gerar_para_operadora:558 - [STEP] Finalizando: consolidar_detrafs_operadora | Tempo gasto: 0.0s
2026-08-14 09:41:16.744 | INFO    |src.controllers.geracao_agi_controller:_gerar_para_operadora:574 - [STEP] Iniciando: consolidar_expectativa_vivo
2026-08-14 09:41:16.744 | WARNING |src.services.consolidacao_contestacao:consolidar_expectativa_vivo:207 - Pasta de Detrafs inexistente: [C:\Users\Btime Soluções\AppData\Local\Temp\pytest-of-Btime Soluções\pytest-21\test_a_ausencia_e_nomeada_no_r0\Operadoras\CLARO\2025\202507\Detrafs Enviados]
2026-08-14 09:41:16.745 | WARNING |comum.utils.decoradores:wrapper:22 - [Consolidação] Nenhum arquivo de expectativa (_D_) em [C:\Users\Btime Soluções\AppData\Local\Temp\pytest-of-Btime Soluções\pytest-21\test_a_ausencia_e_nomeada_no_r0\Operadoras\CLARO\2025\202507\Detrafs Enviados].
2026-08-14 09:41:16.745 | INFO    |src.controllers.geracao_agi_controller:_gerar_para_operadora:574 - [STEP] Finalizando: consolidar_expectativa_vivo | Tempo gasto: 0.0s
2026-08-14 09:41:16.745 | WARNING |src.controllers.geracao_agi_controller:_gerar_todos:269 - [RPA 3] CLARO: sem expectativa Vivo em 202507; a comparação sairá com o lado da Vivo zerado.
2026-08-14 09:41:16.745 | INFO    |src.controllers.geracao_agi_controller:_gerar_para_operadora:586 - [STEP] Iniciando: montar_contest
2026-08-14 09:41:16.755 | INFO    |comum.utils.decoradores:wrapper:22 - [Consolidação] Contest: 1 combinação(ões) analisada(s).
2026-08-14 09:41:16.755 | INFO    |src.controllers.geracao_agi_controller:_gerar_para_operadora:586 - [STEP] Finalizando: montar_contest | Tempo gasto: 0.01s
2026-08-14 09:41:16.756 | INFO    |src.controllers.geracao_agi_controller:_gerar_para_operadora:595 - [STEP] Iniciando: GeracaoAgiController.atualizar_despesa_contestacao
2026-08-14 09:41:16.756 | INFO    |src.controllers.geracao_agi_controller:atualizar_despesa_contestacao:1066 - [STEP] Iniciando: preparar_atualizacoes_despesa_contestacao
2026-08-14 09:41:16.756 | INFO    |comum.dados.repositorio_cache:obter_tabela:214 - Carregando tabela [tbl_rpa_log_detraf_despesa_contestacao]
2026-08-14 09:41:16.758 | INFO    |comum.dados.repositorio_cache:obter_tabela:214 - Tabela [tbl_rpa_log_detraf_despesa_contestacao] carregada | Linhas: 2 | Colunas: 19
2026-08-14 09:41:16.761 | INFO    |comum.utils.decoradores:wrapper:22 - [HU-19 Despesa Contestação] 1 atualização(ões) preparada(s).
2026-08-14 09:41:16.762 | INFO    |src.controllers.geracao_agi_controller:atualizar_despesa_contestacao:1066 - [STEP] Finalizando: preparar_atualizacoes_despesa_contestacao | Tempo gasto: 0.01s
2026-08-14 09:41:16.762 | WARNING |comum.dados.repositorio_tabelas:atualizar_despesa_contestacao:1019 - [HU-19 Despesa Contestação] A tabela 'tbl_rpa_log_detraf_despesa_contestacao' não tem a(s) coluna(s) vb_contestacao — NÃO gravada(s). As demais seguem normalmente. Um ALTER TABLE resolve; ver pendencias-para-o-cliente.md (Q24).
2026-08-14 09:41:16.770 | INFO    |comum.dados.repositorio_tabelas:_atualizar_contestacao_em_lote:976 - 1 linha(s) atualizada(s) em [tbl_rpa_log_detraf_despesa_contestacao].
2026-08-14 09:41:16.771 | INFO    |comum.dados.repositorio_cache:recarregar_cache_local:375 - Carregando tabela [tbl_rpa_log_detraf_despesa_contestacao]
2026-08-14 09:41:16.774 | INFO    |comum.dados.repositorio_cache:recarregar_cache_local:375 - Tabela [tbl_rpa_log_detraf_despesa_contestacao] carregada | Linhas: 2 | Colunas: 19
2026-08-14 09:41:16.775 | INFO    |comum.dados.repositorio_tabelas:atualizar_despesa_contestacao:1019 - [HU-19 Despesa Contestação] 1 linha(s) atualizada(s), 0 chave(s) ausente(s).
2026-08-14 09:41:16.775 | INFO    |src.controllers.geracao_agi_controller:_gerar_para_operadora:595 - [STEP] Finalizando: GeracaoAgiController.atualizar_despesa_contestacao | Tempo gasto: 0.02s
2026-08-14 09:41:16.775 | INFO    |src.controllers.geracao_agi_controller:_gerar_ext:633 - [STEP] Iniciando: montar_linhas_ext
2026-08-14 09:41:16.781 | INFO    |comum.utils.decoradores:wrapper:22 - [HU-12 EXT] 1 linha(s) montada(s).
2026-08-14 09:41:16.781 | INFO    |src.controllers.geracao_agi_controller:_gerar_ext:633 - [STEP] Finalizando: montar_linhas_ext | Tempo gasto: 0.01s
2026-08-14 09:41:16.782 | INFO    |src.controllers.geracao_agi_controller:_gerar_ext:639 - [STEP] Iniciando: gerar_arquivo_ext
2026-08-14 09:41:16.791 | INFO    |comum.utils.decoradores:wrapper:22 - [HU-12 EXT] Arquivo gravado em [C:\Users\Btime Soluções\AppData\Local\Temp\pytest-of-Btime Soluções\pytest-21\test_a_ausencia_e_nomeada_no_r0\Operadoras\CLARO\2025\202507\AGI\DE_AGI_D_202507_TBRA_X_CLARO_EXT.xlsx].
2026-08-14 09:41:16.791 | INFO    |src.controllers.geracao_agi_controller:_gerar_ext:639 - [STEP] Finalizando: gerar_arquivo_ext | Tempo gasto: 0.01s
2026-08-14 09:41:16.791 | WARNING |src.controllers.geracao_agi_controller:_gerar_para_operadora:606 - [RPA 3] CLARO: sem expectativa Vivo — _EXP e carta não serão gerados. Confira a pasta 'Detrafs Enviados' da operadora.
2026-08-14 09:41:16.791 | INFO    |src.controllers.geracao_agi_controller:_gerar_para_operadora:617 - [STEP] Iniciando: GeracaoAgiController.gerar_cont_proc
2026-08-14 09:41:16.792 | INFO    |src.controllers.geracao_agi_controller:gerar_cont_proc:1030 - [STEP] Iniciando: montar_linhas_cont_proc
2026-08-14 09:41:16.792 | INFO    |src.services.geracao_cont_proc:montar_linhas_cont_proc:224 - [STEP] Iniciando: selecionar_linhas_contestadas
2026-08-14 09:41:16.796 | INFO    |comum.utils.decoradores:wrapper:22 - [HU-16 CONT_PROC] 1 linha(s) contestada(s).
2026-08-14 09:41:16.796 | INFO    |src.services.geracao_cont_proc:montar_linhas_cont_proc:224 - [STEP] Finalizando: selecionar_linhas_contestadas | Tempo gasto: 0.0s
2026-08-14 09:41:16.797 | INFO    |comum.utils.decoradores:wrapper:22 - [HU-16 CONT_PROC] 1 linha(s) montada(s) (T-100+T-101 completos).
2026-08-14 09:41:16.797 | INFO    |src.controllers.geracao_agi_controller:gerar_cont_proc:1030 - [STEP] Finalizando: montar_linhas_cont_proc | Tempo gasto: 0.01s
2026-08-14 09:41:16.798 | INFO    |src.controllers.geracao_agi_controller:gerar_cont_proc:1036 - [STEP] Iniciando: gerar_arquivo_cont_proc
2026-08-14 09:41:16.807 | INFO    |comum.utils.decoradores:wrapper:22 - [HU-16 CONT_PROC] Arquivo gravado em [C:\Users\Btime Soluções\AppData\Local\Temp\pytest-of-Btime Soluções\pytest-21\test_a_ausencia_e_nomeada_no_r0\Operadoras\CLARO\2025\202507\AGI\CONT_PROC_MASCARA_CLARO_202507.xlsx].
2026-08-14 09:41:16.808 | INFO    |src.controllers.geracao_agi_controller:gerar_cont_proc:1036 - [STEP] Finalizando: gerar_arquivo_cont_proc | Tempo gasto: 0.01s
2026-08-14 09:41:16.808 | INFO    |src.controllers.geracao_agi_controller:gerar_cont_proc:1046 - [STEP] Iniciando: selecionar_linhas_contestadas
2026-08-14 09:41:16.812 | INFO    |comum.utils.decoradores:wrapper:22 - [HU-16 CONT_PROC] 1 linha(s) contestada(s).
2026-08-14 09:41:16.812 | INFO    |src.controllers.geracao_agi_controller:gerar_cont_proc:1046 - [STEP] Finalizando: selecionar_linhas_contestadas | Tempo gasto: 0.0s
2026-08-14 09:41:16.815 | INFO    |comum.dados.repositorio_tabelas:_atualizar_contestacao_em_lote:976 - 1 linha(s) atualizada(s) em [tbl_rpa_log_detraf_despesa_contestacao].
2026-08-14 09:41:16.815 | INFO    |comum.dados.repositorio_cache:recarregar_cache_local:375 - Carregando tabela [tbl_rpa_log_detraf_despesa_contestacao]
2026-08-14 09:41:16.816 | INFO    |comum.dados.repositorio_cache:recarregar_cache_local:375 - Tabela [tbl_rpa_log_detraf_despesa_contestacao] carregada | Linhas: 2 | Colunas: 19
2026-08-14 09:41:16.817 | INFO    |comum.dados.repositorio_tabelas:atualizar_tipo_contestacao:1046 - [HU-16 Writeback tipo_contestacao] 1 linha(s) atualizada(s), 0 chave(s) ausente(s).
2026-08-14 09:41:16.817 | INFO    |src.controllers.geracao_agi_controller:_gerar_para_operadora:617 - [STEP] Finalizando: GeracaoAgiController.gerar_cont_proc | Tempo gasto: 0.03s
2026-08-14 09:41:16.817 | INFO    |src.controllers.geracao_agi_controller:_pausar_apos_artefatos:530 - [RPA 3 — etapa 1/4: artefatos] 1 operadora(s) em 202507:
2026-08-14 09:41:16.817 | INFO    |src.controllers.geracao_agi_controller:_pausar_apos_artefatos:530 - [RPA 3 — etapa 1/4: artefatos]   CLARO                EXT · CONT_PROC
2026-08-14 09:41:16.817 | INFO    |src.controllers.geracao_agi_controller:_pausar_apos_artefatos:530 - [RPA 3 — etapa 1/4: artefatos]                        pulado: sem expectativa Vivo
2026-08-14 09:41:16.817 | INFO    |src.controllers.geracao_agi_controller:_pausar_apos_artefatos:530 - [RPA 3 — etapa 1/4: artefatos]                        pulado: _EXP e carta sem expectativa Vivo
2026-08-14 09:41:16.818 | INFO    |src.controllers.geracao_agi_controller:_pausar_apos_artefatos:530 - [RPA 3 — etapa 1/4: artefatos] Pasta: C:\Users\Btime Soluções\AppData\Local\Temp\pytest-of-Btime Soluções\pytest-21\test_a_ausencia_e_nomeada_no_r0\Operadoras
2026-08-14 09:41:16.818 | INFO    |src.controllers.geracao_agi_controller:_pausar_apos_artefatos:530 - [RPA 3 — etapa 1/4: artefatos] ────────────────────────────────────────────────────────────
2026-08-14 09:41:16.819 | INFO    |src.controllers.geracao_agi_controller:_pausar_apos_artefatos:530 - [RPA 3 — etapa 1/4: artefatos] PRÓXIMA ETAPA: carga no AGI (HU-17/HU-18) — ESCREVE NO AGI
2026-08-14 09:41:16.819 | INFO    |src.controllers.geracao_agi_controller:gerar_artefatos:332 - [RPA 3 — etapa 2/4: carga no AGI] 1 operadora(s) na lista de carga.
2026-08-14 09:41:16.820 | INFO    |src.controllers.geracao_agi_controller:gerar_artefatos:332 - [RPA 3 — etapa 2/4: carga no AGI] Upload no AGI: desligado — nada foi enviado, só registrado no log.
2026-08-14 09:41:16.820 | INFO    |src.controllers.geracao_agi_controller:gerar_artefatos:332 - [RPA 3 — etapa 2/4: carga no AGI] Confira no AGI se a carga entrou, e o campo `carga_agi` na tabela de contestação.
2026-08-14 09:41:16.820 | INFO    |src.controllers.geracao_agi_controller:gerar_artefatos:332 - [RPA 3 — etapa 2/4: carga no AGI] ────────────────────────────────────────────────────────────
2026-08-14 09:41:16.820 | INFO    |src.controllers.geracao_agi_controller:gerar_artefatos:332 - [RPA 3 — etapa 2/4: carga no AGI] PRÓXIMA ETAPA: e-mail de contestação à operadora (HU-15) — SAI DA EMPRESA
2026-08-14 09:41:16.821 | INFO    |src.controllers.geracao_agi_controller:gerar_artefatos:368 - [RPA 3 — etapa 3/4: e-mail de contestação] Envio de e-mail: desligado — o e-mail foi montado e registrado, não enviado.
2026-08-14 09:41:16.821 | INFO    |src.controllers.geracao_agi_controller:gerar_artefatos:368 - [RPA 3 — etapa 3/4: e-mail de contestação] Contatos: não configurados (pendência Q16) — nada é enviado
2026-08-14 09:41:16.821 | INFO    |src.controllers.geracao_agi_controller:gerar_artefatos:368 - [RPA 3 — etapa 3/4: e-mail de contestação] ────────────────────────────────────────────────────────────
2026-08-14 09:41:16.821 | INFO    |src.controllers.geracao_agi_controller:gerar_artefatos:368 - [RPA 3 — etapa 3/4: e-mail de contestação] PRÓXIMA ETAPA: conferência do relatório contra o EC (HU-20)
2026-08-14 09:41:16.822 | INFO    |src.controllers.geracao_agi_controller:_verificar_relatorio:895 - [STEP] Iniciando: VerificacaoRelatorio.executar
2026-08-14 09:41:16.822 | INFO    |comum.utils.decoradores:wrapper:22 - [MODO SEGURO] PERMITIR_ACESSO_AGI=false — o AGI não será aberto. A verificação usa o relatório já em [C:\projetos\MVP2\MVP2\MVP2\DETRAF-UNIFICADO\unificado\logs\relatorio_agi\remessa_baixada.csv].
2026-08-14 09:41:16.822 | INFO    |src.controllers.geracao_agi_controller:_verificar_relatorio:895 - [STEP] Finalizando: VerificacaoRelatorio.executar | Tempo gasto: 0.0s
2026-08-14 09:41:16.822 | WARNING |src.controllers.geracao_agi_controller:gerar_artefatos:398 - [RPA 3] HU-20 não executada: Relatório do AGI não encontrado em [C:\projetos\MVP2\MVP2\MVP2\DETRAF-UNIFICADO\unificado\logs\relatorio_agi\remessa_baixada.csv]. Com PERMITIR_ACESSO_AGI desligado, é preciso baixá-lo antes.
2026-08-14 09:41:16.822 | INFO    |src.controllers.geracao_agi_controller:gerar_artefatos:402 - [RPA 3 — etapa 4/4: conferência do relatório] A conferência compara o relatório do AGI com o Encontro de Contas do banco.
2026-08-14 09:41:16.823 | INFO    |src.controllers.geracao_agi_controller:gerar_artefatos:402 - [RPA 3 — etapa 4/4: conferência do relatório] A planilha de inconsistências só é gravada quando há divergência — nenhum arquivo significa nenhuma divergência.
2026-08-14 09:41:16.823 | INFO    |src.controllers.geracao_agi_controller:gerar_artefatos:402 - [RPA 3 — etapa 4/4: conferência do relatório] Pasta: C:\projetos\MVP2\MVP2\MVP2\DETRAF-UNIFICADO\unificado\logs\inconsistencias
2026-08-14 09:41:16.823 | INFO    |src.controllers.geracao_agi_controller:gerar_artefatos:402 - [RPA 3 — etapa 4/4: conferência do relatório] ────────────────────────────────────────────────────────────
2026-08-14 09:41:16.823 | INFO    |src.controllers.geracao_agi_controller:gerar_artefatos:402 - [RPA 3 — etapa 4/4: conferência do relatório] Esta é a última etapa da execução.
2026-08-14 09:41:16.823 | INFO    |src.controllers.geracao_agi_controller:gerar_artefatos:415 - [RPA 3] Resumo de 202507 — 1 operadora(s): EXT 1, INT 0, _EXP 0, carta 0, CONT_PROC 1.
2026-08-14 09:41:16.823 | INFO    |src.controllers.geracao_agi_controller:gerar_artefatos:415 - [RPA 3]   CLARO: sem expectativa Vivo; _EXP e carta sem expectativa Vivo.
2026-08-14 09:41:16.823 | WARNING |src.controllers.geracao_agi_controller:gerar_artefatos:415 - [RPA 3] HU-15 sem destinatários: a tabela de contatos do WebFat continua sem resposta do cliente (pendência Q16). A ponte é apontar CAMINHO_CONTATOS_OPERADORAS para um CSV `operadora;emails`.
2026-08-14 09:41:16.824 | INFO    |src.controllers.geracao_agi_controller:_gravar_relatorio:956 - [Relatório] Resumo da execução em [C:\projetos\MVP2\MVP2\MVP2\DETRAF-UNIFICADO\unificado\logs\DESKTOP-64TNDKM\rpa3_contestacao_agi_ec\execucoes\2026-08-14_09-41-16.md].
2026-08-14 09:41:16.825 | INFO    |test_orquestracao_rpa3:test_a_ausencia_e_nomeada_no_resultado:465 - [STEP] Finalizando: GeracaoAgiController.gerar_artefatos | Tempo gasto: 0.09s
2026-08-14 09:41:16.829 | INFO    |comum.dados.repositorio_cache:__init__:77 - Inicializando conexão com o banco no ambiente [dev]
2026-08-14 09:41:16.829 | INFO    |comum.dados.repositorio_cache:__init__:77 - Utilizando SQLite local [C:\Users\BTIMES~1\AppData\Local\Temp\detraf_epico4_teste_rclx_oxd\TABELAS_DETRAF_TESTE.db]
2026-08-14 09:41:16.837 | INFO    |test_orquestracao_rpa3:test_operadora_com_erro_nao_impede_a_seguinte:494 - [STEP] Iniciando: GeracaoAgiController.gerar_artefatos
2026-08-14 09:41:16.838 | INFO    |comum.utils.decoradores:wrapper:22 - [RPA 3] 2 operadora(s) em 202507: AAA_QUEBRA, BBB_OK.
2026-08-14 09:41:16.838 | INFO    |comum.dados.repositorio_cache:obter_tabela:214 - Carregando tabela [tbl_detraf_mapeamento_descritores]
2026-08-14 09:41:16.840 | INFO    |comum.dados.repositorio_cache:obter_tabela:214 - Tabela [tbl_detraf_mapeamento_descritores] carregada | Linhas: 25 | Colunas: 5
2026-08-14 09:41:16.843 | INFO    |src.controllers.geracao_agi_controller:_gerar_para_operadora:558 - [STEP] Iniciando: consolidar_detrafs_operadora
2026-08-14 09:41:16.844 | INFO    |src.services.consolidacao_contestacao:consolidar_detrafs_operadora:174 - [Consolidação] 1 arquivo(s) encontrado(s) em [C:\Users\Btime Soluções\AppData\Local\Temp\pytest-of-Btime Soluções\pytest-21\test_operadora_com_erro_nao_im0\Operadoras\AAA_QUEBRA\2025\202507\Detrafs Recebidos].
2026-08-14 09:41:16.846 | INFO    |src.services.consolidacao_contestacao:consolidar_detrafs_operadora:177 - [Consolidação] [DETRAF_D_AAA_QUEBRA_202507.csv]: 1 linha(s) -> 1 após remover totais.
2026-08-14 09:41:16.846 | INFO    |src.services.consolidacao_contestacao:consolidar_detrafs_operadora:177 - [Consolidação] Consolidado: 1 linha(s) de 1 arquivo(s).
2026-08-14 09:41:16.846 | INFO    |src.controllers.geracao_agi_controller:_gerar_para_operadora:558 - [STEP] Finalizando: consolidar_detrafs_operadora | Tempo gasto: 0.0s
2026-08-14 09:41:16.847 | INFO    |src.controllers.geracao_agi_controller:_gerar_para_operadora:574 - [STEP] Iniciando: consolidar_expectativa_vivo
2026-08-14 09:41:16.847 | WARNING |src.services.consolidacao_contestacao:consolidar_expectativa_vivo:207 - Pasta de Detrafs inexistente: [C:\Users\Btime Soluções\AppData\Local\Temp\pytest-of-Btime Soluções\pytest-21\test_operadora_com_erro_nao_im0\Operadoras\AAA_QUEBRA\2025\202507\Detrafs Enviados]
2026-08-14 09:41:16.847 | WARNING |comum.utils.decoradores:wrapper:22 - [Consolidação] Nenhum arquivo de expectativa (_D_) em [C:\Users\Btime Soluções\AppData\Local\Temp\pytest-of-Btime Soluções\pytest-21\test_operadora_com_erro_nao_im0\Operadoras\AAA_QUEBRA\2025\202507\Detrafs Enviados].
2026-08-14 09:41:16.847 | INFO    |src.controllers.geracao_agi_controller:_gerar_para_operadora:574 - [STEP] Finalizando: consolidar_expectativa_vivo | Tempo gasto: 0.0s
2026-08-14 09:41:16.847 | WARNING |src.controllers.geracao_agi_controller:_gerar_todos:269 - [RPA 3] AAA_QUEBRA: sem expectativa Vivo em 202507; a comparação sairá com o lado da Vivo zerado.
2026-08-14 09:41:16.847 | INFO    |src.controllers.geracao_agi_controller:_gerar_para_operadora:586 - [STEP] Iniciando: montar_contest
2026-08-14 09:41:16.857 | INFO    |comum.utils.decoradores:wrapper:22 - [Consolidação] Contest: 1 combinação(ões) analisada(s).
2026-08-14 09:41:16.857 | INFO    |src.controllers.geracao_agi_controller:_gerar_para_operadora:586 - [STEP] Finalizando: montar_contest | Tempo gasto: 0.01s
2026-08-14 09:41:16.857 | INFO    |src.controllers.geracao_agi_controller:_gerar_para_operadora:595 - [STEP] Iniciando: GeracaoAgiController.atualizar_despesa_contestacao
2026-08-14 09:41:16.857 | INFO    |src.controllers.geracao_agi_controller:atualizar_despesa_contestacao:1066 - [STEP] Iniciando: preparar_atualizacoes_despesa_contestacao
2026-08-14 09:41:16.858 | INFO    |comum.dados.repositorio_cache:obter_tabela:214 - Carregando tabela [tbl_rpa_log_detraf_despesa_contestacao]
2026-08-14 09:41:16.860 | INFO    |comum.dados.repositorio_cache:obter_tabela:214 - Tabela [tbl_rpa_log_detraf_despesa_contestacao] carregada | Linhas: 2 | Colunas: 19
2026-08-14 09:41:16.863 | INFO    |comum.utils.decoradores:wrapper:22 - [HU-19 Despesa Contestação] 1 atualização(ões) preparada(s).
2026-08-14 09:41:16.863 | INFO    |src.controllers.geracao_agi_controller:atualizar_despesa_contestacao:1066 - [STEP] Finalizando: preparar_atualizacoes_despesa_contestacao | Tempo gasto: 0.01s
2026-08-14 09:41:16.864 | WARNING |comum.dados.repositorio_tabelas:atualizar_despesa_contestacao:1019 - [HU-19 Despesa Contestação] A tabela 'tbl_rpa_log_detraf_despesa_contestacao' não tem a(s) coluna(s) vb_contestacao — NÃO gravada(s). As demais seguem normalmente. Um ALTER TABLE resolve; ver pendencias-para-o-cliente.md (Q24).
2026-08-14 09:41:16.873 | INFO    |comum.dados.repositorio_tabelas:_atualizar_contestacao_em_lote:976 - 1 linha(s) atualizada(s) em [tbl_rpa_log_detraf_despesa_contestacao].
2026-08-14 09:41:16.873 | INFO    |comum.dados.repositorio_cache:recarregar_cache_local:375 - Carregando tabela [tbl_rpa_log_detraf_despesa_contestacao]
2026-08-14 09:41:16.875 | INFO    |comum.dados.repositorio_cache:recarregar_cache_local:375 - Tabela [tbl_rpa_log_detraf_despesa_contestacao] carregada | Linhas: 2 | Colunas: 19
2026-08-14 09:41:16.875 | INFO    |comum.dados.repositorio_tabelas:atualizar_despesa_contestacao:1019 - [HU-19 Despesa Contestação] 1 linha(s) atualizada(s), 0 chave(s) ausente(s).
2026-08-14 09:41:16.875 | INFO    |src.controllers.geracao_agi_controller:_gerar_para_operadora:595 - [STEP] Finalizando: GeracaoAgiController.atualizar_despesa_contestacao | Tempo gasto: 0.02s
2026-08-14 09:41:16.876 | ERROR   |src.controllers.geracao_agi_controller:_gerar_todos:269 - [RPA 3] AAA_QUEBRA: falha ao gerar artefatos: disco cheio
Traceback (most recent call last):
  File "<string>", line 5, in <module>
  File "C:\Users\Btime Soluções\AppData\Local\Programs\Python\Python314\Lib\site-packages\_pytest\config\__init__.py", line 201, in main
    return _main(args=args, plugins=plugins, prog="pytest.main()")
  File "C:\Users\Btime Soluções\AppData\Local\Programs\Python\Python314\Lib\site-packages\_pytest\config\__init__.py", line 229, in _main
    ret: ExitCode | int = config.hook.pytest_cmdline_main(config=config)
  File "C:\Users\Btime Soluções\AppData\Local\Programs\Python\Python314\Lib\site-packages\pluggy\_hooks.py", line 512, in __call__
    return self._hookexec(self.name, self._hookimpls.copy(), kwargs, firstresult)
  File "C:\Users\Btime Soluções\AppData\Local\Programs\Python\Python314\Lib\site-packages\pluggy\_manager.py", line 120, in _hookexec
    return self._inner_hookexec(hook_name, methods, kwargs, firstresult)
  File "C:\Users\Btime Soluções\AppData\Local\Programs\Python\Python314\Lib\site-packages\pluggy\_callers.py", line 121, in _multicall
    res = hook_impl.function(*args)
  File "C:\Users\Btime Soluções\AppData\Local\Programs\Python\Python314\Lib\site-packages\_pytest\main.py", line 377, in pytest_cmdline_main
    return wrap_session(config, _main)
  File "C:\Users\Btime Soluções\AppData\Local\Programs\Python\Python314\Lib\site-packages\_pytest\main.py", line 330, in wrap_session
    session.exitstatus = doit(config, session) or 0
  File "C:\Users\Btime Soluções\AppData\Local\Programs\Python\Python314\Lib\site-packages\_pytest\main.py", line 384, in _main
    config.hook.pytest_runtestloop(session=session)
  File "C:\Users\Btime Soluções\AppData\Local\Programs\Python\Python314\Lib\site-packages\pluggy\_hooks.py", line 512, in __call__
    return self._hookexec(self.name, self._hookimpls.copy(), kwargs, firstresult)
  File "C:\Users\Btime Soluções\AppData\Local\Programs\Python\Python314\Lib\site-packages\pluggy\_manager.py", line 120, in _hookexec
    return self._inner_hookexec(hook_name, methods, kwargs, firstresult)
  File "C:\Users\Btime Soluções\AppData\Local\Programs\Python\Python314\Lib\site-packages\pluggy\_callers.py", line 121, in _multicall
    res = hook_impl.function(*args)
  File "C:\Users\Btime Soluções\AppData\Local\Programs\Python\Python314\Lib\site-packages\_pytest\main.py", line 408, in pytest_runtestloop
    item.config.hook.pytest_runtest_protocol(item=item, nextitem=nextitem)
  File "C:\Users\Btime Soluções\AppData\Local\Programs\Python\Python314\Lib\site-packages\pluggy\_hooks.py", line 512, in __call__
    return self._hookexec(self.name, self._hookimpls.copy(), kwargs, firstresult)
  File "C:\Users\Btime Soluções\AppData\Local\Programs\Python\Python314\Lib\site-packages\pluggy\_manager.py", line 120, in _hookexec
    return self._inner_hookexec(hook_name, methods, kwargs, firstresult)
  File "C:\Users\Btime Soluções\AppData\Local\Programs\Python\Python314\Lib\site-packages\pluggy\_callers.py", line 121, in _multicall
    res = hook_impl.function(*args)
  File "C:\Users\Btime Soluções\AppData\Local\Programs\Python\Python314\Lib\site-packages\_pytest\runner.py", line 118, in pytest_runtest_protocol
    runtestprotocol(item, nextitem=nextitem)
  File "C:\Users\Btime Soluções\AppData\Local\Programs\Python\Python314\Lib\site-packages\_pytest\runner.py", line 139, in runtestprotocol
    reports.append(call_and_report(item, "call", log))
  File "C:\Users\Btime Soluções\AppData\Local\Programs\Python\Python314\Lib\site-packages\_pytest\runner.py", line 249, in call_and_report
    call = CallInfo.from_call(
  File "C:\Users\Btime Soluções\AppData\Local\Programs\Python\Python314\Lib\site-packages\_pytest\runner.py", line 361, in from_call
    result: TResult | None = func()
  File "C:\Users\Btime Soluções\AppData\Local\Programs\Python\Python314\Lib\site-packages\_pytest\runner.py", line 250, in <lambda>
    lambda: runtest_hook(item=item, **kwds),
  File "C:\Users\Btime Soluções\AppData\Local\Programs\Python\Python314\Lib\site-packages\pluggy\_hooks.py", line 512, in __call__
    return self._hookexec(self.name, self._hookimpls.copy(), kwargs, firstresult)
  File "C:\Users\Btime Soluções\AppData\Local\Programs\Python\Python314\Lib\site-packages\pluggy\_manager.py", line 120, in _hookexec
    return self._inner_hookexec(hook_name, methods, kwargs, firstresult)
  File "C:\Users\Btime Soluções\AppData\Local\Programs\Python\Python314\Lib\site-packages\pluggy\_callers.py", line 121, in _multicall
    res = hook_impl.function(*args)
  File "C:\Users\Btime Soluções\AppData\Local\Programs\Python\Python314\Lib\site-packages\_pytest\runner.py", line 184, in pytest_runtest_call
    item.runtest()
  File "C:\Users\Btime Soluções\AppData\Local\Programs\Python\Python314\Lib\site-packages\_pytest\python.py", line 1707, in runtest
    self.ihook.pytest_pyfunc_call(pyfuncitem=self)
  File "C:\Users\Btime Soluções\AppData\Local\Programs\Python\Python314\Lib\site-packages\pluggy\_hooks.py", line 512, in __call__
    return self._hookexec(self.name, self._hookimpls.copy(), kwargs, firstresult)
  File "C:\Users\Btime Soluções\AppData\Local\Programs\Python\Python314\Lib\site-packages\pluggy\_manager.py", line 120, in _hookexec
    return self._inner_hookexec(hook_name, methods, kwargs, firstresult)
  File "C:\Users\Btime Soluções\AppData\Local\Programs\Python\Python314\Lib\site-packages\pluggy\_callers.py", line 121, in _multicall
    res = hook_impl.function(*args)
  File "C:\Users\Btime Soluções\AppData\Local\Programs\Python\Python314\Lib\site-packages\_pytest\python.py", line 167, in pytest_pyfunc_call
    result = testfunction(**testargs)
  File "C:\projetos\MVP2\MVP2\MVP2\DETRAF-UNIFICADO\unificado\rpa3_contestacao_agi_ec\tests\test_orquestracao_rpa3.py", line 494, in test_operadora_com_erro_nao_impede_a_seguinte
    resultados = controller.gerar_artefatos(
  File "C:\projetos\MVP2\MVP2\MVP2\DETRAF-UNIFICADO\unificado\comum\utils\decoradores.py", line 22, in wrapper
    return func(*args, **kwargs)
  File "C:\projetos\MVP2\MVP2\MVP2\DETRAF-UNIFICADO\unificado\rpa3_contestacao_agi_ec\src\controllers\geracao_agi_controller.py", line 289, in gerar_artefatos
    _gerar_todos()
  File "C:\projetos\MVP2\MVP2\MVP2\DETRAF-UNIFICADO\unificado\rpa3_contestacao_agi_ec\src\controllers\geracao_agi_controller.py", line 269, in _gerar_todos
    self._gerar_para_operadora(
> File "C:\projetos\MVP2\MVP2\MVP2\DETRAF-UNIFICADO\unificado\rpa3_contestacao_agi_ec\src\controllers\geracao_agi_controller.py", line 599, in _gerar_para_operadora
    resultado.ext = self._gerar_ext(
  File "C:\projetos\MVP2\MVP2\MVP2\DETRAF-UNIFICADO\unificado\rpa3_contestacao_agi_ec\tests\test_orquestracao_rpa3.py", line 489, in _quebrar_na_primeira
    raise RuntimeError("disco cheio")
RuntimeError: disco cheio
2026-08-14 09:41:16.885 | INFO    |src.controllers.geracao_agi_controller:_gerar_para_operadora:558 - [STEP] Iniciando: consolidar_detrafs_operadora
2026-08-14 09:41:16.886 | INFO    |src.services.consolidacao_contestacao:consolidar_detrafs_operadora:174 - [Consolidação] 1 arquivo(s) encontrado(s) em [C:\Users\Btime Soluções\AppData\Local\Temp\pytest-of-Btime Soluções\pytest-21\test_operadora_com_erro_nao_im0\Operadoras\BBB_OK\2025\202507\Detrafs Recebidos].
2026-08-14 09:41:16.889 | INFO    |src.services.consolidacao_contestacao:consolidar_detrafs_operadora:177 - [Consolidação] [DETRAF_D_BBB_OK_202507.csv]: 1 linha(s) -> 1 após remover totais.
2026-08-14 09:41:16.890 | INFO    |src.services.consolidacao_contestacao:consolidar_detrafs_operadora:177 - [Consolidação] Consolidado: 1 linha(s) de 1 arquivo(s).
2026-08-14 09:41:16.890 | INFO    |src.controllers.geracao_agi_controller:_gerar_para_operadora:558 - [STEP] Finalizando: consolidar_detrafs_operadora | Tempo gasto: 0.0s
2026-08-14 09:41:16.890 | INFO    |src.controllers.geracao_agi_controller:_gerar_para_operadora:574 - [STEP] Iniciando: consolidar_expectativa_vivo
2026-08-14 09:41:16.891 | WARNING |src.services.consolidacao_contestacao:consolidar_expectativa_vivo:207 - Pasta de Detrafs inexistente: [C:\Users\Btime Soluções\AppData\Local\Temp\pytest-of-Btime Soluções\pytest-21\test_operadora_com_erro_nao_im0\Operadoras\BBB_OK\2025\202507\Detrafs Enviados]
2026-08-14 09:41:16.891 | WARNING |comum.utils.decoradores:wrapper:22 - [Consolidação] Nenhum arquivo de expectativa (_D_) em [C:\Users\Btime Soluções\AppData\Local\Temp\pytest-of-Btime Soluções\pytest-21\test_operadora_com_erro_nao_im0\Operadoras\BBB_OK\2025\202507\Detrafs Enviados].
2026-08-14 09:41:16.891 | INFO    |src.controllers.geracao_agi_controller:_gerar_para_operadora:574 - [STEP] Finalizando: consolidar_expectativa_vivo | Tempo gasto: 0.0s
2026-08-14 09:41:16.891 | WARNING |src.controllers.geracao_agi_controller:_gerar_todos:269 - [RPA 3] BBB_OK: sem expectativa Vivo em 202507; a comparação sairá com o lado da Vivo zerado.
2026-08-14 09:41:16.892 | INFO    |src.controllers.geracao_agi_controller:_gerar_para_operadora:586 - [STEP] Iniciando: montar_contest
2026-08-14 09:41:16.901 | INFO    |comum.utils.decoradores:wrapper:22 - [Consolidação] Contest: 1 combinação(ões) analisada(s).
2026-08-14 09:41:16.902 | INFO    |src.controllers.geracao_agi_controller:_gerar_para_operadora:586 - [STEP] Finalizando: montar_contest | Tempo gasto: 0.01s
2026-08-14 09:41:16.902 | INFO    |src.controllers.geracao_agi_controller:_gerar_para_operadora:595 - [STEP] Iniciando: GeracaoAgiController.atualizar_despesa_contestacao
2026-08-14 09:41:16.902 | INFO    |src.controllers.geracao_agi_controller:atualizar_despesa_contestacao:1066 - [STEP] Iniciando: preparar_atualizacoes_despesa_contestacao
2026-08-14 09:41:16.906 | INFO    |comum.utils.decoradores:wrapper:22 - [HU-19 Despesa Contestação] 1 atualização(ões) preparada(s).
2026-08-14 09:41:16.906 | INFO    |src.controllers.geracao_agi_controller:atualizar_despesa_contestacao:1066 - [STEP] Finalizando: preparar_atualizacoes_despesa_contestacao | Tempo gasto: 0.0s
2026-08-14 09:41:16.906 | WARNING |comum.dados.repositorio_tabelas:atualizar_despesa_contestacao:1019 - [HU-19 Despesa Contestação] A tabela 'tbl_rpa_log_detraf_despesa_contestacao' não tem a(s) coluna(s) vb_contestacao — NÃO gravada(s). As demais seguem normalmente. Um ALTER TABLE resolve; ver pendencias-para-o-cliente.md (Q24).
2026-08-14 09:41:16.910 | INFO    |comum.dados.repositorio_tabelas:_atualizar_contestacao_em_lote:976 - 1 linha(s) atualizada(s) em [tbl_rpa_log_detraf_despesa_contestacao].
2026-08-14 09:41:16.910 | INFO    |comum.dados.repositorio_cache:recarregar_cache_local:375 - Carregando tabela [tbl_rpa_log_detraf_despesa_contestacao]
2026-08-14 09:41:16.911 | INFO    |comum.dados.repositorio_cache:recarregar_cache_local:375 - Tabela [tbl_rpa_log_detraf_despesa_contestacao] carregada | Linhas: 2 | Colunas: 19
2026-08-14 09:41:16.911 | INFO    |comum.dados.repositorio_tabelas:atualizar_despesa_contestacao:1019 - [HU-19 Despesa Contestação] 1 linha(s) atualizada(s), 0 chave(s) ausente(s).
2026-08-14 09:41:16.912 | INFO    |src.controllers.geracao_agi_controller:_gerar_para_operadora:595 - [STEP] Finalizando: GeracaoAgiController.atualizar_despesa_contestacao | Tempo gasto: 0.01s
2026-08-14 09:41:16.912 | INFO    |src.controllers.geracao_agi_controller:_gerar_ext:633 - [STEP] Iniciando: montar_linhas_ext
2026-08-14 09:41:16.917 | INFO    |comum.utils.decoradores:wrapper:22 - [HU-12 EXT] 1 linha(s) montada(s).
2026-08-14 09:41:16.917 | INFO    |src.controllers.geracao_agi_controller:_gerar_ext:633 - [STEP] Finalizando: montar_linhas_ext | Tempo gasto: 0.01s
2026-08-14 09:41:16.918 | INFO    |src.controllers.geracao_agi_controller:_gerar_ext:639 - [STEP] Iniciando: gerar_arquivo_ext
2026-08-14 09:41:16.927 | INFO    |comum.utils.decoradores:wrapper:22 - [HU-12 EXT] Arquivo gravado em [C:\Users\Btime Soluções\AppData\Local\Temp\pytest-of-Btime Soluções\pytest-21\test_operadora_com_erro_nao_im0\Operadoras\BBB_OK\2025\202507\AGI\DE_AGI_D_202507_TBRA_X_BBB_OK_EXT.xlsx].
2026-08-14 09:41:16.927 | INFO    |src.controllers.geracao_agi_controller:_gerar_ext:639 - [STEP] Finalizando: gerar_arquivo_ext | Tempo gasto: 0.01s
2026-08-14 09:41:16.928 | WARNING |src.controllers.geracao_agi_controller:_gerar_para_operadora:606 - [RPA 3] BBB_OK: sem expectativa Vivo — _EXP e carta não serão gerados. Confira a pasta 'Detrafs Enviados' da operadora.
2026-08-14 09:41:16.928 | INFO    |src.controllers.geracao_agi_controller:_gerar_para_operadora:617 - [STEP] Iniciando: GeracaoAgiController.gerar_cont_proc
2026-08-14 09:41:16.928 | INFO    |src.controllers.geracao_agi_controller:gerar_cont_proc:1030 - [STEP] Iniciando: montar_linhas_cont_proc
2026-08-14 09:41:16.928 | INFO    |src.services.geracao_cont_proc:montar_linhas_cont_proc:224 - [STEP] Iniciando: selecionar_linhas_contestadas
2026-08-14 09:41:16.932 | INFO    |comum.utils.decoradores:wrapper:22 - [HU-16 CONT_PROC] 1 linha(s) contestada(s).
2026-08-14 09:41:16.932 | INFO    |src.services.geracao_cont_proc:montar_linhas_cont_proc:224 - [STEP] Finalizando: selecionar_linhas_contestadas | Tempo gasto: 0.0s
2026-08-14 09:41:16.934 | INFO    |comum.utils.decoradores:wrapper:22 - [HU-16 CONT_PROC] 1 linha(s) montada(s) (T-100+T-101 completos).
2026-08-14 09:41:16.934 | INFO    |src.controllers.geracao_agi_controller:gerar_cont_proc:1030 - [STEP] Finalizando: montar_linhas_cont_proc | Tempo gasto: 0.01s
2026-08-14 09:41:16.934 | INFO    |src.controllers.geracao_agi_controller:gerar_cont_proc:1036 - [STEP] Iniciando: gerar_arquivo_cont_proc
2026-08-14 09:41:16.942 | INFO    |comum.utils.decoradores:wrapper:22 - [HU-16 CONT_PROC] Arquivo gravado em [C:\Users\Btime Soluções\AppData\Local\Temp\pytest-of-Btime Soluções\pytest-21\test_operadora_com_erro_nao_im0\Operadoras\BBB_OK\2025\202507\AGI\CONT_PROC_MASCARA_BBB_OK_202507.xlsx].
2026-08-14 09:41:16.943 | INFO    |src.controllers.geracao_agi_controller:gerar_cont_proc:1036 - [STEP] Finalizando: gerar_arquivo_cont_proc | Tempo gasto: 0.01s
2026-08-14 09:41:16.943 | INFO    |src.controllers.geracao_agi_controller:gerar_cont_proc:1046 - [STEP] Iniciando: selecionar_linhas_contestadas
2026-08-14 09:41:16.947 | INFO    |comum.utils.decoradores:wrapper:22 - [HU-16 CONT_PROC] 1 linha(s) contestada(s).
2026-08-14 09:41:16.947 | INFO    |src.controllers.geracao_agi_controller:gerar_cont_proc:1046 - [STEP] Finalizando: selecionar_linhas_contestadas | Tempo gasto: 0.0s
2026-08-14 09:41:16.950 | INFO    |comum.dados.repositorio_tabelas:_atualizar_contestacao_em_lote:976 - 1 linha(s) atualizada(s) em [tbl_rpa_log_detraf_despesa_contestacao].
2026-08-14 09:41:16.950 | INFO    |comum.dados.repositorio_cache:recarregar_cache_local:375 - Carregando tabela [tbl_rpa_log_detraf_despesa_contestacao]
2026-08-14 09:41:16.952 | INFO    |comum.dados.repositorio_cache:recarregar_cache_local:375 - Tabela [tbl_rpa_log_detraf_despesa_contestacao] carregada | Linhas: 2 | Colunas: 19
2026-08-14 09:41:16.952 | INFO    |comum.dados.repositorio_tabelas:atualizar_tipo_contestacao:1046 - [HU-16 Writeback tipo_contestacao] 1 linha(s) atualizada(s), 0 chave(s) ausente(s).
2026-08-14 09:41:16.952 | INFO    |src.controllers.geracao_agi_controller:_gerar_para_operadora:617 - [STEP] Finalizando: GeracaoAgiController.gerar_cont_proc | Tempo gasto: 0.02s
2026-08-14 09:41:16.953 | INFO    |src.controllers.geracao_agi_controller:_pausar_apos_artefatos:530 - [RPA 3 — etapa 1/4: artefatos] 2 operadora(s) em 202507:
2026-08-14 09:41:16.953 | INFO    |src.controllers.geracao_agi_controller:_pausar_apos_artefatos:530 - [RPA 3 — etapa 1/4: artefatos]   AAA_QUEBRA           nada gerado
2026-08-14 09:41:16.953 | INFO    |src.controllers.geracao_agi_controller:_pausar_apos_artefatos:530 - [RPA 3 — etapa 1/4: artefatos]                        ERRO: disco cheio
2026-08-14 09:41:16.953 | INFO    |src.controllers.geracao_agi_controller:_pausar_apos_artefatos:530 - [RPA 3 — etapa 1/4: artefatos]                        pulado: sem expectativa Vivo
2026-08-14 09:41:16.953 | INFO    |src.controllers.geracao_agi_controller:_pausar_apos_artefatos:530 - [RPA 3 — etapa 1/4: artefatos]   BBB_OK               EXT · CONT_PROC
2026-08-14 09:41:16.953 | INFO    |src.controllers.geracao_agi_controller:_pausar_apos_artefatos:530 - [RPA 3 — etapa 1/4: artefatos]                        pulado: sem expectativa Vivo
2026-08-14 09:41:16.953 | INFO    |src.controllers.geracao_agi_controller:_pausar_apos_artefatos:530 - [RPA 3 — etapa 1/4: artefatos]                        pulado: _EXP e carta sem expectativa Vivo
2026-08-14 09:41:16.954 | INFO    |src.controllers.geracao_agi_controller:_pausar_apos_artefatos:530 - [RPA 3 — etapa 1/4: artefatos] Pasta: C:\Users\Btime Soluções\AppData\Local\Temp\pytest-of-Btime Soluções\pytest-21\test_operadora_com_erro_nao_im0\Operadoras
2026-08-14 09:41:16.954 | INFO    |src.controllers.geracao_agi_controller:_pausar_apos_artefatos:530 - [RPA 3 — etapa 1/4: artefatos] ────────────────────────────────────────────────────────────
2026-08-14 09:41:16.954 | INFO    |src.controllers.geracao_agi_controller:_pausar_apos_artefatos:530 - [RPA 3 — etapa 1/4: artefatos] PRÓXIMA ETAPA: carga no AGI (HU-17/HU-18) — ESCREVE NO AGI
2026-08-14 09:41:16.954 | INFO    |src.controllers.geracao_agi_controller:gerar_artefatos:332 - [RPA 3 — etapa 2/4: carga no AGI] 1 operadora(s) na lista de carga.
2026-08-14 09:41:16.954 | INFO    |src.controllers.geracao_agi_controller:gerar_artefatos:332 - [RPA 3 — etapa 2/4: carga no AGI] Upload no AGI: desligado — nada foi enviado, só registrado no log.
2026-08-14 09:41:16.954 | INFO    |src.controllers.geracao_agi_controller:gerar_artefatos:332 - [RPA 3 — etapa 2/4: carga no AGI] Confira no AGI se a carga entrou, e o campo `carga_agi` na tabela de contestação.
2026-08-14 09:41:16.954 | INFO    |src.controllers.geracao_agi_controller:gerar_artefatos:332 - [RPA 3 — etapa 2/4: carga no AGI] ────────────────────────────────────────────────────────────
2026-08-14 09:41:16.954 | INFO    |src.controllers.geracao_agi_controller:gerar_artefatos:332 - [RPA 3 — etapa 2/4: carga no AGI] PRÓXIMA ETAPA: e-mail de contestação à operadora (HU-15) — SAI DA EMPRESA
2026-08-14 09:41:16.955 | INFO    |src.controllers.geracao_agi_controller:gerar_artefatos:368 - [RPA 3 — etapa 3/4: e-mail de contestação] Envio de e-mail: desligado — o e-mail foi montado e registrado, não enviado.
2026-08-14 09:41:16.955 | INFO    |src.controllers.geracao_agi_controller:gerar_artefatos:368 - [RPA 3 — etapa 3/4: e-mail de contestação] Contatos: não configurados (pendência Q16) — nada é enviado
2026-08-14 09:41:16.955 | INFO    |src.controllers.geracao_agi_controller:gerar_artefatos:368 - [RPA 3 — etapa 3/4: e-mail de contestação] ────────────────────────────────────────────────────────────
2026-08-14 09:41:16.955 | INFO    |src.controllers.geracao_agi_controller:gerar_artefatos:368 - [RPA 3 — etapa 3/4: e-mail de contestação] PRÓXIMA ETAPA: conferência do relatório contra o EC (HU-20)
2026-08-14 09:41:16.955 | INFO    |src.controllers.geracao_agi_controller:_verificar_relatorio:895 - [STEP] Iniciando: VerificacaoRelatorio.executar
2026-08-14 09:41:16.955 | INFO    |comum.utils.decoradores:wrapper:22 - [MODO SEGURO] PERMITIR_ACESSO_AGI=false — o AGI não será aberto. A verificação usa o relatório já em [C:\projetos\MVP2\MVP2\MVP2\DETRAF-UNIFICADO\unificado\logs\relatorio_agi\remessa_baixada.csv].
2026-08-14 09:41:16.956 | INFO    |src.controllers.geracao_agi_controller:_verificar_relatorio:895 - [STEP] Finalizando: VerificacaoRelatorio.executar | Tempo gasto: 0.0s
2026-08-14 09:41:16.956 | WARNING |src.controllers.geracao_agi_controller:gerar_artefatos:398 - [RPA 3] HU-20 não executada: Relatório do AGI não encontrado em [C:\projetos\MVP2\MVP2\MVP2\DETRAF-UNIFICADO\unificado\logs\relatorio_agi\remessa_baixada.csv]. Com PERMITIR_ACESSO_AGI desligado, é preciso baixá-lo antes.
2026-08-14 09:41:16.956 | INFO    |src.controllers.geracao_agi_controller:gerar_artefatos:402 - [RPA 3 — etapa 4/4: conferência do relatório] A conferência compara o relatório do AGI com o Encontro de Contas do banco.
2026-08-14 09:41:16.956 | INFO    |src.controllers.geracao_agi_controller:gerar_artefatos:402 - [RPA 3 — etapa 4/4: conferência do relatório] A planilha de inconsistências só é gravada quando há divergência — nenhum arquivo significa nenhuma divergência.
2026-08-14 09:41:16.956 | INFO    |src.controllers.geracao_agi_controller:gerar_artefatos:402 - [RPA 3 — etapa 4/4: conferência do relatório] Pasta: C:\projetos\MVP2\MVP2\MVP2\DETRAF-UNIFICADO\unificado\logs\inconsistencias
2026-08-14 09:41:16.956 | INFO    |src.controllers.geracao_agi_controller:gerar_artefatos:402 - [RPA 3 — etapa 4/4: conferência do relatório] ────────────────────────────────────────────────────────────
2026-08-14 09:41:16.956 | INFO    |src.controllers.geracao_agi_controller:gerar_artefatos:402 - [RPA 3 — etapa 4/4: conferência do relatório] Esta é a última etapa da execução.
2026-08-14 09:41:16.956 | INFO    |src.controllers.geracao_agi_controller:gerar_artefatos:415 - [RPA 3] Resumo de 202507 — 2 operadora(s): EXT 1, INT 0, _EXP 0, carta 0, CONT_PROC 1.
2026-08-14 09:41:16.957 | INFO    |src.controllers.geracao_agi_controller:gerar_artefatos:415 - [RPA 3]   AAA_QUEBRA: sem expectativa Vivo.
2026-08-14 09:41:16.957 | INFO    |src.controllers.geracao_agi_controller:gerar_artefatos:415 - [RPA 3]   BBB_OK: sem expectativa Vivo; _EXP e carta sem expectativa Vivo.
2026-08-14 09:41:16.957 | ERROR   |src.controllers.geracao_agi_controller:gerar_artefatos:415 - [RPA 3] 1 operadora(s) com erro: AAA_QUEBRA.
2026-08-14 09:41:16.957 | WARNING |src.controllers.geracao_agi_controller:gerar_artefatos:415 - [RPA 3] HU-15 sem destinatários: a tabela de contatos do WebFat continua sem resposta do cliente (pendência Q16). A ponte é apontar CAMINHO_CONTATOS_OPERADORAS para um CSV `operadora;emails`.
2026-08-14 09:41:16.958 | INFO    |src.controllers.geracao_agi_controller:_gravar_relatorio:956 - [Relatório] Resumo da execução em [C:\projetos\MVP2\MVP2\MVP2\DETRAF-UNIFICADO\unificado\logs\DESKTOP-64TNDKM\rpa3_contestacao_agi_ec\execucoes\2026-08-14_09-41-16.md].
2026-08-14 09:41:16.958 | INFO    |test_orquestracao_rpa3:test_operadora_com_erro_nao_impede_a_seguinte:494 - [STEP] Finalizando: GeracaoAgiController.gerar_artefatos | Tempo gasto: 0.12s
2026-08-14 09:41:16.963 | INFO    |comum.dados.repositorio_cache:__init__:77 - Inicializando conexão com o banco no ambiente [dev]
2026-08-14 09:41:16.963 | INFO    |comum.dados.repositorio_cache:__init__:77 - Utilizando SQLite local [C:\Users\BTIMES~1\AppData\Local\Temp\detraf_epico4_teste_rclx_oxd\TABELAS_DETRAF_TESTE.db]
2026-08-14 09:41:16.970 | INFO    |test_orquestracao_rpa3:test_o_resumo_final_nomeia_quem_falhou:519 - [STEP] Iniciando: GeracaoAgiController.gerar_artefatos
2026-08-14 09:41:16.971 | INFO    |comum.utils.decoradores:wrapper:22 - [RPA 3] 1 operadora(s) em 202507: CLARO.
2026-08-14 09:41:16.971 | INFO    |comum.dados.repositorio_cache:obter_tabela:214 - Carregando tabela [tbl_detraf_mapeamento_descritores]
2026-08-14 09:41:16.973 | INFO    |comum.dados.repositorio_cache:obter_tabela:214 - Tabela [tbl_detraf_mapeamento_descritores] carregada | Linhas: 25 | Colunas: 5
2026-08-14 09:41:16.976 | INFO    |src.controllers.geracao_agi_controller:_gerar_para_operadora:558 - [STEP] Iniciando: consolidar_detrafs_operadora
2026-08-14 09:41:16.977 | INFO    |src.services.consolidacao_contestacao:consolidar_detrafs_operadora:174 - [Consolidação] 1 arquivo(s) encontrado(s) em [C:\Users\Btime Soluções\AppData\Local\Temp\pytest-of-Btime Soluções\pytest-21\test_o_resumo_final_nomeia_que0\Operadoras\CLARO\2025\202507\Detrafs Recebidos].
2026-08-14 09:41:16.979 | INFO    |src.services.consolidacao_contestacao:consolidar_detrafs_operadora:177 - [Consolidação] [DETRAF_D_CLARO_202507.csv]: 1 linha(s) -> 1 após remover totais.
2026-08-14 09:41:16.979 | INFO    |src.services.consolidacao_contestacao:consolidar_detrafs_operadora:177 - [Consolidação] Consolidado: 1 linha(s) de 1 arquivo(s).
2026-08-14 09:41:16.979 | INFO    |src.controllers.geracao_agi_controller:_gerar_para_operadora:558 - [STEP] Finalizando: consolidar_detrafs_operadora | Tempo gasto: 0.0s
2026-08-14 09:41:16.979 | INFO    |src.controllers.geracao_agi_controller:_gerar_para_operadora:574 - [STEP] Iniciando: consolidar_expectativa_vivo
2026-08-14 09:41:16.980 | WARNING |src.services.consolidacao_contestacao:consolidar_expectativa_vivo:207 - Pasta de Detrafs inexistente: [C:\Users\Btime Soluções\AppData\Local\Temp\pytest-of-Btime Soluções\pytest-21\test_o_resumo_final_nomeia_que0\Operadoras\CLARO\2025\202507\Detrafs Enviados]
2026-08-14 09:41:16.980 | WARNING |comum.utils.decoradores:wrapper:22 - [Consolidação] Nenhum arquivo de expectativa (_D_) em [C:\Users\Btime Soluções\AppData\Local\Temp\pytest-of-Btime Soluções\pytest-21\test_o_resumo_final_nomeia_que0\Operadoras\CLARO\2025\202507\Detrafs Enviados].
2026-08-14 09:41:16.980 | INFO    |src.controllers.geracao_agi_controller:_gerar_para_operadora:574 - [STEP] Finalizando: consolidar_expectativa_vivo | Tempo gasto: 0.0s
2026-08-14 09:41:16.980 | WARNING |src.controllers.geracao_agi_controller:_gerar_todos:269 - [RPA 3] CLARO: sem expectativa Vivo em 202507; a comparação sairá com o lado da Vivo zerado.
2026-08-14 09:41:16.980 | INFO    |src.controllers.geracao_agi_controller:_gerar_para_operadora:586 - [STEP] Iniciando: montar_contest
2026-08-14 09:41:16.990 | INFO    |comum.utils.decoradores:wrapper:22 - [Consolidação] Contest: 1 combinação(ões) analisada(s).
2026-08-14 09:41:16.990 | INFO    |src.controllers.geracao_agi_controller:_gerar_para_operadora:586 - [STEP] Finalizando: montar_contest | Tempo gasto: 0.01s
2026-08-14 09:41:16.991 | INFO    |src.controllers.geracao_agi_controller:_gerar_para_operadora:595 - [STEP] Iniciando: GeracaoAgiController.atualizar_despesa_contestacao
2026-08-14 09:41:16.991 | INFO    |src.controllers.geracao_agi_controller:atualizar_despesa_contestacao:1066 - [STEP] Iniciando: preparar_atualizacoes_despesa_contestacao
2026-08-14 09:41:16.991 | INFO    |comum.dados.repositorio_cache:obter_tabela:214 - Carregando tabela [tbl_rpa_log_detraf_despesa_contestacao]
2026-08-14 09:41:16.993 | INFO    |comum.dados.repositorio_cache:obter_tabela:214 - Tabela [tbl_rpa_log_detraf_despesa_contestacao] carregada | Linhas: 2 | Colunas: 19
2026-08-14 09:41:16.996 | INFO    |comum.utils.decoradores:wrapper:22 - [HU-19 Despesa Contestação] 1 atualização(ões) preparada(s).
2026-08-14 09:41:16.996 | INFO    |src.controllers.geracao_agi_controller:atualizar_despesa_contestacao:1066 - [STEP] Finalizando: preparar_atualizacoes_despesa_contestacao | Tempo gasto: 0.01s
2026-08-14 09:41:16.997 | WARNING |comum.dados.repositorio_tabelas:atualizar_despesa_contestacao:1019 - [HU-19 Despesa Contestação] A tabela 'tbl_rpa_log_detraf_despesa_contestacao' não tem a(s) coluna(s) vb_contestacao — NÃO gravada(s). As demais seguem normalmente. Um ALTER TABLE resolve; ver pendencias-para-o-cliente.md (Q24).
2026-08-14 09:41:17.003 | INFO    |comum.dados.repositorio_tabelas:_atualizar_contestacao_em_lote:976 - 1 linha(s) atualizada(s) em [tbl_rpa_log_detraf_despesa_contestacao].
2026-08-14 09:41:17.003 | INFO    |comum.dados.repositorio_cache:recarregar_cache_local:375 - Carregando tabela [tbl_rpa_log_detraf_despesa_contestacao]
2026-08-14 09:41:17.005 | INFO    |comum.dados.repositorio_cache:recarregar_cache_local:375 - Tabela [tbl_rpa_log_detraf_despesa_contestacao] carregada | Linhas: 2 | Colunas: 19
2026-08-14 09:41:17.005 | INFO    |comum.dados.repositorio_tabelas:atualizar_despesa_contestacao:1019 - [HU-19 Despesa Contestação] 1 linha(s) atualizada(s), 0 chave(s) ausente(s).
2026-08-14 09:41:17.005 | INFO    |src.controllers.geracao_agi_controller:_gerar_para_operadora:595 - [STEP] Finalizando: GeracaoAgiController.atualizar_despesa_contestacao | Tempo gasto: 0.01s
2026-08-14 09:41:17.006 | ERROR   |src.controllers.geracao_agi_controller:_gerar_todos:269 - [RPA 3] CLARO: falha ao gerar artefatos: falhou
Traceback (most recent call last):
  File "<string>", line 5, in <module>
  File "C:\Users\Btime Soluções\AppData\Local\Programs\Python\Python314\Lib\site-packages\_pytest\config\__init__.py", line 201, in main
    return _main(args=args, plugins=plugins, prog="pytest.main()")
  File "C:\Users\Btime Soluções\AppData\Local\Programs\Python\Python314\Lib\site-packages\_pytest\config\__init__.py", line 229, in _main
    ret: ExitCode | int = config.hook.pytest_cmdline_main(config=config)
  File "C:\Users\Btime Soluções\AppData\Local\Programs\Python\Python314\Lib\site-packages\pluggy\_hooks.py", line 512, in __call__
    return self._hookexec(self.name, self._hookimpls.copy(), kwargs, firstresult)
  File "C:\Users\Btime Soluções\AppData\Local\Programs\Python\Python314\Lib\site-packages\pluggy\_manager.py", line 120, in _hookexec
    return self._inner_hookexec(hook_name, methods, kwargs, firstresult)
  File "C:\Users\Btime Soluções\AppData\Local\Programs\Python\Python314\Lib\site-packages\pluggy\_callers.py", line 121, in _multicall
    res = hook_impl.function(*args)
  File "C:\Users\Btime Soluções\AppData\Local\Programs\Python\Python314\Lib\site-packages\_pytest\main.py", line 377, in pytest_cmdline_main
    return wrap_session(config, _main)
  File "C:\Users\Btime Soluções\AppData\Local\Programs\Python\Python314\Lib\site-packages\_pytest\main.py", line 330, in wrap_session
    session.exitstatus = doit(config, session) or 0
  File "C:\Users\Btime Soluções\AppData\Local\Programs\Python\Python314\Lib\site-packages\_pytest\main.py", line 384, in _main
    config.hook.pytest_runtestloop(session=session)
  File "C:\Users\Btime Soluções\AppData\Local\Programs\Python\Python314\Lib\site-packages\pluggy\_hooks.py", line 512, in __call__
    return self._hookexec(self.name, self._hookimpls.copy(), kwargs, firstresult)
  File "C:\Users\Btime Soluções\AppData\Local\Programs\Python\Python314\Lib\site-packages\pluggy\_manager.py", line 120, in _hookexec
    return self._inner_hookexec(hook_name, methods, kwargs, firstresult)
  File "C:\Users\Btime Soluções\AppData\Local\Programs\Python\Python314\Lib\site-packages\pluggy\_callers.py", line 121, in _multicall
    res = hook_impl.function(*args)
  File "C:\Users\Btime Soluções\AppData\Local\Programs\Python\Python314\Lib\site-packages\_pytest\main.py", line 408, in pytest_runtestloop
    item.config.hook.pytest_runtest_protocol(item=item, nextitem=nextitem)
  File "C:\Users\Btime Soluções\AppData\Local\Programs\Python\Python314\Lib\site-packages\pluggy\_hooks.py", line 512, in __call__
    return self._hookexec(self.name, self._hookimpls.copy(), kwargs, firstresult)
  File "C:\Users\Btime Soluções\AppData\Local\Programs\Python\Python314\Lib\site-packages\pluggy\_manager.py", line 120, in _hookexec
    return self._inner_hookexec(hook_name, methods, kwargs, firstresult)
  File "C:\Users\Btime Soluções\AppData\Local\Programs\Python\Python314\Lib\site-packages\pluggy\_callers.py", line 121, in _multicall
    res = hook_impl.function(*args)
  File "C:\Users\Btime Soluções\AppData\Local\Programs\Python\Python314\Lib\site-packages\_pytest\runner.py", line 118, in pytest_runtest_protocol
    runtestprotocol(item, nextitem=nextitem)
  File "C:\Users\Btime Soluções\AppData\Local\Programs\Python\Python314\Lib\site-packages\_pytest\runner.py", line 139, in runtestprotocol
    reports.append(call_and_report(item, "call", log))
  File "C:\Users\Btime Soluções\AppData\Local\Programs\Python\Python314\Lib\site-packages\_pytest\runner.py", line 249, in call_and_report
    call = CallInfo.from_call(
  File "C:\Users\Btime Soluções\AppData\Local\Programs\Python\Python314\Lib\site-packages\_pytest\runner.py", line 361, in from_call
    result: TResult | None = func()
  File "C:\Users\Btime Soluções\AppData\Local\Programs\Python\Python314\Lib\site-packages\_pytest\runner.py", line 250, in <lambda>
    lambda: runtest_hook(item=item, **kwds),
  File "C:\Users\Btime Soluções\AppData\Local\Programs\Python\Python314\Lib\site-packages\pluggy\_hooks.py", line 512, in __call__
    return self._hookexec(self.name, self._hookimpls.copy(), kwargs, firstresult)
  File "C:\Users\Btime Soluções\AppData\Local\Programs\Python\Python314\Lib\site-packages\pluggy\_manager.py", line 120, in _hookexec
    return self._inner_hookexec(hook_name, methods, kwargs, firstresult)
  File "C:\Users\Btime Soluções\AppData\Local\Programs\Python\Python314\Lib\site-packages\pluggy\_callers.py", line 121, in _multicall
    res = hook_impl.function(*args)
  File "C:\Users\Btime Soluções\AppData\Local\Programs\Python\Python314\Lib\site-packages\_pytest\runner.py", line 184, in pytest_runtest_call
    item.runtest()
  File "C:\Users\Btime Soluções\AppData\Local\Programs\Python\Python314\Lib\site-packages\_pytest\python.py", line 1707, in runtest
    self.ihook.pytest_pyfunc_call(pyfuncitem=self)
  File "C:\Users\Btime Soluções\AppData\Local\Programs\Python\Python314\Lib\site-packages\pluggy\_hooks.py", line 512, in __call__
    return self._hookexec(self.name, self._hookimpls.copy(), kwargs, firstresult)
  File "C:\Users\Btime Soluções\AppData\Local\Programs\Python\Python314\Lib\site-packages\pluggy\_manager.py", line 120, in _hookexec
    return self._inner_hookexec(hook_name, methods, kwargs, firstresult)
  File "C:\Users\Btime Soluções\AppData\Local\Programs\Python\Python314\Lib\site-packages\pluggy\_callers.py", line 121, in _multicall
    res = hook_impl.function(*args)
  File "C:\Users\Btime Soluções\AppData\Local\Programs\Python\Python314\Lib\site-packages\_pytest\python.py", line 167, in pytest_pyfunc_call
    result = testfunction(**testargs)
  File "C:\projetos\MVP2\MVP2\MVP2\DETRAF-UNIFICADO\unificado\rpa3_contestacao_agi_ec\tests\test_orquestracao_rpa3.py", line 519, in test_o_resumo_final_nomeia_quem_falhou
    controller.gerar_artefatos(
  File "C:\projetos\MVP2\MVP2\MVP2\DETRAF-UNIFICADO\unificado\comum\utils\decoradores.py", line 22, in wrapper
    return func(*args, **kwargs)
  File "C:\projetos\MVP2\MVP2\MVP2\DETRAF-UNIFICADO\unificado\rpa3_contestacao_agi_ec\src\controllers\geracao_agi_controller.py", line 289, in gerar_artefatos
    _gerar_todos()
  File "C:\projetos\MVP2\MVP2\MVP2\DETRAF-UNIFICADO\unificado\rpa3_contestacao_agi_ec\src\controllers\geracao_agi_controller.py", line 269, in _gerar_todos
    self._gerar_para_operadora(
> File "C:\projetos\MVP2\MVP2\MVP2\DETRAF-UNIFICADO\unificado\rpa3_contestacao_agi_ec\src\controllers\geracao_agi_controller.py", line 599, in _gerar_para_operadora
    resultado.ext = self._gerar_ext(
  File "C:\projetos\MVP2\MVP2\MVP2\DETRAF-UNIFICADO\unificado\rpa3_contestacao_agi_ec\tests\test_orquestracao_rpa3.py", line 515, in <lambda>
    lambda *a, **k: (_ for _ in ()).throw(RuntimeError("falhou")),
  File "C:\projetos\MVP2\MVP2\MVP2\DETRAF-UNIFICADO\unificado\rpa3_contestacao_agi_ec\tests\test_orquestracao_rpa3.py", line 515, in <genexpr>
    lambda *a, **k: (_ for _ in ()).throw(RuntimeError("falhou")),
RuntimeError: falhou
2026-08-14 09:41:17.031 | INFO    |src.controllers.geracao_agi_controller:_pausar_apos_artefatos:530 - [RPA 3 — etapa 1/4: artefatos] 1 operadora(s) em 202507:
2026-08-14 09:41:17.031 | INFO    |src.controllers.geracao_agi_controller:_pausar_apos_artefatos:530 - [RPA 3 — etapa 1/4: artefatos]   CLARO                nada gerado
2026-08-14 09:41:17.031 | INFO    |src.controllers.geracao_agi_controller:_pausar_apos_artefatos:530 - [RPA 3 — etapa 1/4: artefatos]                        ERRO: falhou
2026-08-14 09:41:17.031 | INFO    |src.controllers.geracao_agi_controller:_pausar_apos_artefatos:530 - [RPA 3 — etapa 1/4: artefatos]                        pulado: sem expectativa Vivo
2026-08-14 09:41:17.031 | INFO    |src.controllers.geracao_agi_controller:_pausar_apos_artefatos:530 - [RPA 3 — etapa 1/4: artefatos] Pasta: C:\Users\Btime Soluções\AppData\Local\Temp\pytest-of-Btime Soluções\pytest-21\test_o_resumo_final_nomeia_que0\Operadoras
2026-08-14 09:41:17.032 | INFO    |src.controllers.geracao_agi_controller:_pausar_apos_artefatos:530 - [RPA 3 — etapa 1/4: artefatos] ────────────────────────────────────────────────────────────
2026-08-14 09:41:17.032 | INFO    |src.controllers.geracao_agi_controller:_pausar_apos_artefatos:530 - [RPA 3 — etapa 1/4: artefatos] PRÓXIMA ETAPA: carga no AGI (HU-17/HU-18) — ESCREVE NO AGI
2026-08-14 09:41:17.032 | INFO    |src.controllers.geracao_agi_controller:gerar_artefatos:321 - [RPA 3] Nenhum artefato gerado — nada a carregar no AGI.
2026-08-14 09:41:17.032 | INFO    |src.controllers.geracao_agi_controller:gerar_artefatos:332 - [RPA 3 — etapa 2/4: carga no AGI] 0 operadora(s) na lista de carga.
2026-08-14 09:41:17.032 | INFO    |src.controllers.geracao_agi_controller:gerar_artefatos:332 - [RPA 3 — etapa 2/4: carga no AGI] Upload no AGI: desligado — nada foi enviado, só registrado no log.
2026-08-14 09:41:17.032 | INFO    |src.controllers.geracao_agi_controller:gerar_artefatos:332 - [RPA 3 — etapa 2/4: carga no AGI] Confira no AGI se a carga entrou, e o campo `carga_agi` na tabela de contestação.
2026-08-14 09:41:17.032 | INFO    |src.controllers.geracao_agi_controller:gerar_artefatos:332 - [RPA 3 — etapa 2/4: carga no AGI] ────────────────────────────────────────────────────────────
2026-08-14 09:41:17.033 | INFO    |src.controllers.geracao_agi_controller:gerar_artefatos:332 - [RPA 3 — etapa 2/4: carga no AGI] PRÓXIMA ETAPA: e-mail de contestação à operadora (HU-15) — SAI DA EMPRESA
2026-08-14 09:41:17.033 | INFO    |src.controllers.geracao_agi_controller:gerar_artefatos:368 - [RPA 3 — etapa 3/4: e-mail de contestação] Envio de e-mail: desligado — o e-mail foi montado e registrado, não enviado.
2026-08-14 09:41:17.033 | INFO    |src.controllers.geracao_agi_controller:gerar_artefatos:368 - [RPA 3 — etapa 3/4: e-mail de contestação] Contatos: não configurados (pendência Q16) — nada é enviado
2026-08-14 09:41:17.033 | INFO    |src.controllers.geracao_agi_controller:gerar_artefatos:368 - [RPA 3 — etapa 3/4: e-mail de contestação] ────────────────────────────────────────────────────────────
2026-08-14 09:41:17.033 | INFO    |src.controllers.geracao_agi_controller:gerar_artefatos:368 - [RPA 3 — etapa 3/4: e-mail de contestação] PRÓXIMA ETAPA: conferência do relatório contra o EC (HU-20)
2026-08-14 09:41:17.033 | INFO    |src.controllers.geracao_agi_controller:_verificar_relatorio:895 - [STEP] Iniciando: VerificacaoRelatorio.executar
2026-08-14 09:41:17.034 | INFO    |comum.utils.decoradores:wrapper:22 - [MODO SEGURO] PERMITIR_ACESSO_AGI=false — o AGI não será aberto. A verificação usa o relatório já em [C:\projetos\MVP2\MVP2\MVP2\DETRAF-UNIFICADO\unificado\logs\relatorio_agi\remessa_baixada.csv].
2026-08-14 09:41:17.034 | INFO    |src.controllers.geracao_agi_controller:_verificar_relatorio:895 - [STEP] Finalizando: VerificacaoRelatorio.executar | Tempo gasto: 0.0s
2026-08-14 09:41:17.034 | WARNING |src.controllers.geracao_agi_controller:gerar_artefatos:398 - [RPA 3] HU-20 não executada: Relatório do AGI não encontrado em [C:\projetos\MVP2\MVP2\MVP2\DETRAF-UNIFICADO\unificado\logs\relatorio_agi\remessa_baixada.csv]. Com PERMITIR_ACESSO_AGI desligado, é preciso baixá-lo antes.
2026-08-14 09:41:17.034 | INFO    |src.controllers.geracao_agi_controller:gerar_artefatos:402 - [RPA 3 — etapa 4/4: conferência do relatório] A conferência compara o relatório do AGI com o Encontro de Contas do banco.
2026-08-14 09:41:17.034 | INFO    |src.controllers.geracao_agi_controller:gerar_artefatos:402 - [RPA 3 — etapa 4/4: conferência do relatório] A planilha de inconsistências só é gravada quando há divergência — nenhum arquivo significa nenhuma divergência.
2026-08-14 09:41:17.035 | INFO    |src.controllers.geracao_agi_controller:gerar_artefatos:402 - [RPA 3 — etapa 4/4: conferência do relatório] Pasta: C:\projetos\MVP2\MVP2\MVP2\DETRAF-UNIFICADO\unificado\logs\inconsistencias
2026-08-14 09:41:17.035 | INFO    |src.controllers.geracao_agi_controller:gerar_artefatos:402 - [RPA 3 — etapa 4/4: conferência do relatório] ────────────────────────────────────────────────────────────
2026-08-14 09:41:17.035 | INFO    |src.controllers.geracao_agi_controller:gerar_artefatos:402 - [RPA 3 — etapa 4/4: conferência do relatório] Esta é a última etapa da execução.
2026-08-14 09:41:17.036 | INFO    |src.controllers.geracao_agi_controller:gerar_artefatos:415 - [RPA 3] Resumo de 202507 — 1 operadora(s): EXT 0, INT 0, _EXP 0, carta 0, CONT_PROC 0.
2026-08-14 09:41:17.037 | INFO    |src.controllers.geracao_agi_controller:gerar_artefatos:415 - [RPA 3]   CLARO: sem expectativa Vivo.
2026-08-14 09:41:17.037 | ERROR   |src.controllers.geracao_agi_controller:gerar_artefatos:415 - [RPA 3] 1 operadora(s) com erro: CLARO.
2026-08-14 09:41:17.037 | WARNING |src.controllers.geracao_agi_controller:gerar_artefatos:415 - [RPA 3] HU-15 sem destinatários: a tabela de contatos do WebFat continua sem resposta do cliente (pendência Q16). A ponte é apontar CAMINHO_CONTATOS_OPERADORAS para um CSV `operadora;emails`.
2026-08-14 09:41:17.038 | INFO    |src.controllers.geracao_agi_controller:_gravar_relatorio:956 - [Relatório] Resumo da execução em [C:\projetos\MVP2\MVP2\MVP2\DETRAF-UNIFICADO\unificado\logs\DESKTOP-64TNDKM\rpa3_contestacao_agi_ec\execucoes\2026-08-14_09-41-17.md].
2026-08-14 09:41:17.039 | INFO    |test_orquestracao_rpa3:test_o_resumo_final_nomeia_quem_falhou:519 - [STEP] Finalizando: GeracaoAgiController.gerar_artefatos | Tempo gasto: 0.07s
2026-08-14 09:41:17.046 | INFO    |comum.dados.repositorio_cache:__init__:77 - Inicializando conexão com o banco no ambiente [dev]
2026-08-14 09:41:17.046 | INFO    |comum.dados.repositorio_cache:__init__:77 - Utilizando SQLite local [C:\Users\BTIMES~1\AppData\Local\Temp\detraf_epico4_teste_rclx_oxd\TABELAS_DETRAF_TESTE.db]
2026-08-14 09:41:17.049 | INFO    |test_orquestracao_rpa3:test_saem_duas_cartas_com_numeros_ct_consecutivos:575 - [STEP] Iniciando: GeracaoAgiController.gerar_artefatos
2026-08-14 09:41:17.050 | INFO    |comum.utils.decoradores:wrapper:22 - [RPA 3] 1 operadora(s) em 202507: CLARO.
2026-08-14 09:41:17.050 | INFO    |comum.dados.repositorio_cache:obter_tabela:214 - Carregando tabela [tbl_detraf_mapeamento_descritores]
2026-08-14 09:41:17.052 | INFO    |comum.dados.repositorio_cache:obter_tabela:214 - Tabela [tbl_detraf_mapeamento_descritores] carregada | Linhas: 25 | Colunas: 5
2026-08-14 09:41:17.055 | INFO    |src.controllers.geracao_agi_controller:_gerar_para_operadora:558 - [STEP] Iniciando: consolidar_detrafs_operadora
2026-08-14 09:41:17.056 | INFO    |src.services.consolidacao_contestacao:consolidar_detrafs_operadora:174 - [Consolidação] 1 arquivo(s) encontrado(s) em [C:\Users\Btime Soluções\AppData\Local\Temp\pytest-of-Btime Soluções\pytest-21\test_saem_duas_cartas_com_nume0\Operadoras\CLARO\2025\202507\Detrafs Recebidos].
2026-08-14 09:41:17.058 | INFO    |src.services.consolidacao_contestacao:consolidar_detrafs_operadora:177 - [Consolidação] [DETRAF_D_CLARO_202507.csv]: 2 linha(s) -> 2 após remover totais.
2026-08-14 09:41:17.058 | INFO    |src.services.consolidacao_contestacao:consolidar_detrafs_operadora:177 - [Consolidação] Consolidado: 2 linha(s) de 1 arquivo(s).
2026-08-14 09:41:17.058 | INFO    |src.controllers.geracao_agi_controller:_gerar_para_operadora:558 - [STEP] Finalizando: consolidar_detrafs_operadora | Tempo gasto: 0.0s
2026-08-14 09:41:17.059 | INFO    |src.controllers.geracao_agi_controller:_gerar_para_operadora:574 - [STEP] Iniciando: consolidar_expectativa_vivo
2026-08-14 09:41:17.059 | INFO    |src.services.consolidacao_contestacao:consolidar_expectativa_vivo:207 - [Consolidação] 1 arquivo(s) encontrado(s) em [C:\Users\Btime Soluções\AppData\Local\Temp\pytest-of-Btime Soluções\pytest-21\test_saem_duas_cartas_com_nume0\Operadoras\CLARO\2025\202507\Detrafs Enviados].
2026-08-14 09:41:17.061 | INFO    |src.services.consolidacao_contestacao:consolidar_expectativa_vivo:211 - [Consolidação] [DE_D_TBRA_CLARO_202507.csv]: 2 linha(s) -> 2 após remover totais.
2026-08-14 09:41:17.061 | INFO    |src.services.consolidacao_contestacao:consolidar_expectativa_vivo:211 - [Consolidação] Consolidado: 2 linha(s) de 1 arquivo(s).
2026-08-14 09:41:17.061 | INFO    |src.controllers.geracao_agi_controller:_gerar_para_operadora:574 - [STEP] Finalizando: consolidar_expectativa_vivo | Tempo gasto: 0.0s
2026-08-14 09:41:17.061 | INFO    |src.controllers.geracao_agi_controller:_gerar_para_operadora:586 - [STEP] Iniciando: montar_contest
2026-08-14 09:41:17.075 | INFO    |comum.utils.decoradores:wrapper:22 - [Consolidação] Contest: 2 combinação(ões) analisada(s).
2026-08-14 09:41:17.076 | INFO    |src.controllers.geracao_agi_controller:_gerar_para_operadora:586 - [STEP] Finalizando: montar_contest | Tempo gasto: 0.01s
2026-08-14 09:41:17.076 | INFO    |src.controllers.geracao_agi_controller:_gerar_para_operadora:595 - [STEP] Iniciando: GeracaoAgiController.atualizar_despesa_contestacao
2026-08-14 09:41:17.076 | INFO    |src.controllers.geracao_agi_controller:atualizar_despesa_contestacao:1066 - [STEP] Iniciando: preparar_atualizacoes_despesa_contestacao
2026-08-14 09:41:17.077 | INFO    |comum.dados.repositorio_cache:obter_tabela:214 - Carregando tabela [tbl_rpa_log_detraf_despesa_contestacao]
2026-08-14 09:41:17.078 | INFO    |comum.dados.repositorio_cache:obter_tabela:214 - Tabela [tbl_rpa_log_detraf_despesa_contestacao] carregada | Linhas: 2 | Colunas: 19
2026-08-14 09:41:17.083 | INFO    |comum.utils.decoradores:wrapper:22 - [HU-19 Despesa Contestação] 2 atualização(ões) preparada(s).
2026-08-14 09:41:17.084 | INFO    |src.controllers.geracao_agi_controller:atualizar_despesa_contestacao:1066 - [STEP] Finalizando: preparar_atualizacoes_despesa_contestacao | Tempo gasto: 0.01s
2026-08-14 09:41:17.084 | WARNING |comum.dados.repositorio_tabelas:atualizar_despesa_contestacao:1019 - [HU-19 Despesa Contestação] A tabela 'tbl_rpa_log_detraf_despesa_contestacao' não tem a(s) coluna(s) vb_contestacao — NÃO gravada(s). As demais seguem normalmente. Um ALTER TABLE resolve; ver pendencias-para-o-cliente.md (Q24).
2026-08-14 09:41:17.090 | INFO    |comum.dados.repositorio_tabelas:_atualizar_contestacao_em_lote:976 - 1 linha(s) atualizada(s) em [tbl_rpa_log_detraf_despesa_contestacao].
2026-08-14 09:41:17.095 | INFO    |comum.dados.repositorio_tabelas:_atualizar_contestacao_em_lote:976 - 1 linha(s) atualizada(s) em [tbl_rpa_log_detraf_despesa_contestacao].
2026-08-14 09:41:17.096 | INFO    |comum.dados.repositorio_cache:recarregar_cache_local:375 - Carregando tabela [tbl_rpa_log_detraf_despesa_contestacao]
2026-08-14 09:41:17.097 | INFO    |comum.dados.repositorio_cache:recarregar_cache_local:375 - Tabela [tbl_rpa_log_detraf_despesa_contestacao] carregada | Linhas: 2 | Colunas: 19
2026-08-14 09:41:17.098 | INFO    |comum.dados.repositorio_tabelas:atualizar_despesa_contestacao:1019 - [HU-19 Despesa Contestação] 2 linha(s) atualizada(s), 0 chave(s) ausente(s).
2026-08-14 09:41:17.098 | INFO    |src.controllers.geracao_agi_controller:_gerar_para_operadora:595 - [STEP] Finalizando: GeracaoAgiController.atualizar_despesa_contestacao | Tempo gasto: 0.02s
2026-08-14 09:41:17.098 | INFO    |src.controllers.geracao_agi_controller:_gerar_ext:633 - [STEP] Iniciando: montar_linhas_ext
2026-08-14 09:41:17.110 | INFO    |comum.utils.decoradores:wrapper:22 - [HU-12 EXT] 2 linha(s) montada(s).
2026-08-14 09:41:17.110 | INFO    |src.controllers.geracao_agi_controller:_gerar_ext:633 - [STEP] Finalizando: montar_linhas_ext | Tempo gasto: 0.01s
2026-08-14 09:41:17.111 | INFO    |src.controllers.geracao_agi_controller:_gerar_ext:639 - [STEP] Iniciando: gerar_arquivo_ext
2026-08-14 09:41:17.119 | INFO    |comum.utils.decoradores:wrapper:22 - [HU-12 EXT] Arquivo gravado em [C:\Users\Btime Soluções\AppData\Local\Temp\pytest-of-Btime Soluções\pytest-21\test_saem_duas_cartas_com_nume0\Operadoras\CLARO\2025\202507\AGI\DE_AGI_D_202507_TBRA_X_CLARO_EXT.xlsx].
2026-08-14 09:41:17.119 | INFO    |src.controllers.geracao_agi_controller:_gerar_ext:639 - [STEP] Finalizando: gerar_arquivo_ext | Tempo gasto: 0.01s
2026-08-14 09:41:17.119 | INFO    |src.controllers.geracao_agi_controller:_gerar_int:648 - [STEP] Iniciando: montar_linhas_int
2026-08-14 09:41:17.128 | INFO    |comum.utils.decoradores:wrapper:22 - [HU-13 INT] 1 linha(s) montada(s) (COM retenção).
2026-08-14 09:41:17.128 | INFO    |src.controllers.geracao_agi_controller:_gerar_int:648 - [STEP] Finalizando: montar_linhas_int | Tempo gasto: 0.01s
2026-08-14 09:41:17.128 | INFO    |src.controllers.geracao_agi_controller:_gerar_int:654 - [STEP] Iniciando: gerar_arquivo_int
2026-08-14 09:41:17.138 | INFO    |comum.utils.decoradores:wrapper:22 - [HU-13 INT] Arquivo gravado em [C:\Users\Btime Soluções\AppData\Local\Temp\pytest-of-Btime Soluções\pytest-21\test_saem_duas_cartas_com_nume0\Operadoras\CLARO\2025\202507\AGI\DE_AGI_D_202507_TBRA_X_CLARO_INT.xlsx].
2026-08-14 09:41:17.139 | INFO    |src.controllers.geracao_agi_controller:_gerar_int:654 - [STEP] Finalizando: gerar_arquivo_int | Tempo gasto: 0.01s
2026-08-14 09:41:17.139 | INFO    |src.controllers.geracao_agi_controller:_gerar_env_e_carta:682 - [STEP] Iniciando: montar_abas_env
2026-08-14 09:41:17.148 | INFO    |comum.utils.decoradores:wrapper:22 - [HU-14 _EXP] Contest: 2 linha(s) contestada(s); TBRA: 2 linha(s) correspondente(s).
2026-08-14 09:41:17.148 | INFO    |src.controllers.geracao_agi_controller:_gerar_env_e_carta:682 - [STEP] Finalizando: montar_abas_env | Tempo gasto: 0.01s
2026-08-14 09:41:17.148 | INFO    |src.controllers.geracao_agi_controller:_gerar_env_e_carta:690 - [STEP] Iniciando: gerar_arquivo_env
2026-08-14 09:41:17.159 | INFO    |comum.utils.decoradores:wrapper:22 - [HU-14 _EXP] Arquivo gravado em [C:\Users\Btime Soluções\AppData\Local\Temp\pytest-of-Btime Soluções\pytest-21\test_saem_duas_cartas_com_nume0\Operadoras\CLARO\2025\202507\Contestações\Base Contestação_CLARO_202507_EXP.xlsx].
2026-08-14 09:41:17.159 | INFO    |src.controllers.geracao_agi_controller:_gerar_env_e_carta:690 - [STEP] Finalizando: gerar_arquivo_env | Tempo gasto: 0.01s
2026-08-14 09:41:17.166 | INFO    |src.controllers.geracao_agi_controller:_gerar_para_operadora:606 - [RPA 3] CLARO: linhas COM e SEM retenção no mesmo mês — sairão 2 cartas, uma por cenário (decisão Q25).
2026-08-14 09:41:17.167 | INFO    |src.controllers.geracao_agi_controller:_emitir_cartas:756 - [STEP] Iniciando: obter_proximo_numero_carta
2026-08-14 09:41:17.167 | INFO    |comum.utils.decoradores:wrapper:22 - [HU-14] Último número CT encontrado: 362. Próximo: 363.
2026-08-14 09:41:17.167 | INFO    |src.controllers.geracao_agi_controller:_emitir_cartas:756 - [STEP] Finalizando: obter_proximo_numero_carta | Tempo gasto: 0.0s
2026-08-14 09:41:17.167 | INFO    |src.controllers.geracao_agi_controller:_emitir_cartas:764 - [STEP] Iniciando: montar_tabelas_carta
2026-08-14 09:41:17.237 | INFO    |comum.utils.decoradores:wrapper:22 - [HU-14 Carta] 1 tabela(s) de remuneração montada(s).
2026-08-14 09:41:17.238 | INFO    |src.controllers.geracao_agi_controller:_emitir_cartas:764 - [STEP] Finalizando: montar_tabelas_carta | Tempo gasto: 0.07s
2026-08-14 09:41:17.238 | INFO    |src.controllers.geracao_agi_controller:_emitir_cartas:758 - [STEP] Iniciando: renderizar_carta
2026-08-14 09:41:17.256 | INFO    |comum.utils.decoradores:wrapper:22 - [HU-14 Carta] Carta CT-363 renderizada (1 tabela(s)).
2026-08-14 09:41:17.256 | INFO    |src.controllers.geracao_agi_controller:_emitir_cartas:758 - [STEP] Finalizando: renderizar_carta | Tempo gasto: 0.02s
2026-08-14 09:41:17.257 | INFO    |src.controllers.geracao_agi_controller:_emitir_cartas:768 - [STEP] Iniciando: gerar_arquivo_carta
2026-08-14 09:41:17.268 | INFO    |comum.utils.decoradores:wrapper:22 - [HU-14 Carta] Carta gravada em [C:\Users\Btime Soluções\AppData\Local\Temp\pytest-of-Btime Soluções\pytest-21\test_saem_duas_cartas_com_nume0\Operadoras\CLARO\2025\202507\Contestações\CT - 363.docx], cópia em [C:\Users\Btime Soluções\AppData\Local\Temp\pytest-of-Btime Soluções\pytest-21\test_saem_duas_cartas_com_nume0\CT\2025\CT - 363.docx].
2026-08-14 09:41:17.269 | INFO    |src.controllers.geracao_agi_controller:_emitir_cartas:768 - [STEP] Finalizando: gerar_arquivo_carta | Tempo gasto: 0.01s
2026-08-14 09:41:17.269 | INFO    |src.controllers.geracao_agi_controller:_gerar_env_e_carta:710 - [RPA 3] CLARO: carta CT 363 — COM retenção.
2026-08-14 09:41:17.269 | INFO    |src.controllers.geracao_agi_controller:_emitir_cartas:756 - [STEP] Iniciando: obter_proximo_numero_carta
2026-08-14 09:41:17.270 | INFO    |comum.utils.decoradores:wrapper:22 - [HU-14] Último número CT encontrado: 363. Próximo: 364.
2026-08-14 09:41:17.270 | INFO    |src.controllers.geracao_agi_controller:_emitir_cartas:756 - [STEP] Finalizando: obter_proximo_numero_carta | Tempo gasto: 0.0s
2026-08-14 09:41:17.271 | INFO    |src.controllers.geracao_agi_controller:_emitir_cartas:764 - [STEP] Iniciando: montar_tabelas_carta
2026-08-14 09:41:17.273 | INFO    |comum.utils.decoradores:wrapper:22 - [HU-14 Carta] 1 tabela(s) de remuneração montada(s).
2026-08-14 09:41:17.273 | INFO    |src.controllers.geracao_agi_controller:_emitir_cartas:764 - [STEP] Finalizando: montar_tabelas_carta | Tempo gasto: 0.0s
2026-08-14 09:41:17.274 | INFO    |src.controllers.geracao_agi_controller:_emitir_cartas:758 - [STEP] Iniciando: renderizar_carta
2026-08-14 09:41:17.289 | INFO    |comum.utils.decoradores:wrapper:22 - [HU-14 Carta] Carta CT-364 renderizada (1 tabela(s)).
2026-08-14 09:41:17.289 | INFO    |src.controllers.geracao_agi_controller:_emitir_cartas:758 - [STEP] Finalizando: renderizar_carta | Tempo gasto: 0.02s
2026-08-14 09:41:17.289 | INFO    |src.controllers.geracao_agi_controller:_emitir_cartas:768 - [STEP] Iniciando: gerar_arquivo_carta
2026-08-14 09:41:17.300 | INFO    |comum.utils.decoradores:wrapper:22 - [HU-14 Carta] Carta gravada em [C:\Users\Btime Soluções\AppData\Local\Temp\pytest-of-Btime Soluções\pytest-21\test_saem_duas_cartas_com_nume0\Operadoras\CLARO\2025\202507\Contestações\CT - 364.docx], cópia em [C:\Users\Btime Soluções\AppData\Local\Temp\pytest-of-Btime Soluções\pytest-21\test_saem_duas_cartas_com_nume0\CT\2025\CT - 364.docx].
2026-08-14 09:41:17.301 | INFO    |src.controllers.geracao_agi_controller:_emitir_cartas:768 - [STEP] Finalizando: gerar_arquivo_carta | Tempo gasto: 0.01s
2026-08-14 09:41:17.301 | INFO    |src.controllers.geracao_agi_controller:_gerar_env_e_carta:710 - [RPA 3] CLARO: carta CT 364 — SEM retenção.
2026-08-14 09:41:17.302 | INFO    |src.controllers.geracao_agi_controller:_gerar_para_operadora:617 - [STEP] Iniciando: GeracaoAgiController.gerar_cont_proc
2026-08-14 09:41:17.302 | INFO    |src.controllers.geracao_agi_controller:gerar_cont_proc:1030 - [STEP] Iniciando: montar_linhas_cont_proc
2026-08-14 09:41:17.303 | INFO    |src.services.geracao_cont_proc:montar_linhas_cont_proc:224 - [STEP] Iniciando: selecionar_linhas_contestadas
2026-08-14 09:41:17.310 | INFO    |comum.utils.decoradores:wrapper:22 - [HU-16 CONT_PROC] 2 linha(s) contestada(s).
2026-08-14 09:41:17.310 | INFO    |src.services.geracao_cont_proc:montar_linhas_cont_proc:224 - [STEP] Finalizando: selecionar_linhas_contestadas | Tempo gasto: 0.01s
2026-08-14 09:41:17.312 | INFO    |comum.utils.decoradores:wrapper:22 - [HU-16 CONT_PROC] 2 linha(s) montada(s) (T-100+T-101 completos).
2026-08-14 09:41:17.312 | INFO    |src.controllers.geracao_agi_controller:gerar_cont_proc:1030 - [STEP] Finalizando: montar_linhas_cont_proc | Tempo gasto: 0.01s
2026-08-14 09:41:17.312 | INFO    |src.controllers.geracao_agi_controller:gerar_cont_proc:1036 - [STEP] Iniciando: gerar_arquivo_cont_proc
2026-08-14 09:41:17.320 | INFO    |comum.utils.decoradores:wrapper:22 - [HU-16 CONT_PROC] Arquivo gravado em [C:\Users\Btime Soluções\AppData\Local\Temp\pytest-of-Btime Soluções\pytest-21\test_saem_duas_cartas_com_nume0\Operadoras\CLARO\2025\202507\AGI\CONT_PROC_MASCARA_CLARO_202507.xlsx].
2026-08-14 09:41:17.320 | INFO    |src.controllers.geracao_agi_controller:gerar_cont_proc:1036 - [STEP] Finalizando: gerar_arquivo_cont_proc | Tempo gasto: 0.01s
2026-08-14 09:41:17.320 | INFO    |src.controllers.geracao_agi_controller:gerar_cont_proc:1046 - [STEP] Iniciando: selecionar_linhas_contestadas
2026-08-14 09:41:17.328 | INFO    |comum.utils.decoradores:wrapper:22 - [HU-16 CONT_PROC] 2 linha(s) contestada(s).
2026-08-14 09:41:17.328 | INFO    |src.controllers.geracao_agi_controller:gerar_cont_proc:1046 - [STEP] Finalizando: selecionar_linhas_contestadas | Tempo gasto: 0.01s
2026-08-14 09:41:17.331 | INFO    |comum.dados.repositorio_tabelas:_atualizar_contestacao_em_lote:976 - 1 linha(s) atualizada(s) em [tbl_rpa_log_detraf_despesa_contestacao].
2026-08-14 09:41:17.334 | INFO    |comum.dados.repositorio_tabelas:_atualizar_contestacao_em_lote:976 - 1 linha(s) atualizada(s) em [tbl_rpa_log_detraf_despesa_contestacao].
2026-08-14 09:41:17.334 | INFO    |comum.dados.repositorio_cache:recarregar_cache_local:375 - Carregando tabela [tbl_rpa_log_detraf_despesa_contestacao]
2026-08-14 09:41:17.336 | INFO    |comum.dados.repositorio_cache:recarregar_cache_local:375 - Tabela [tbl_rpa_log_detraf_despesa_contestacao] carregada | Linhas: 2 | Colunas: 19
2026-08-14 09:41:17.336 | INFO    |comum.dados.repositorio_tabelas:atualizar_tipo_contestacao:1046 - [HU-16 Writeback tipo_contestacao] 2 linha(s) atualizada(s), 0 chave(s) ausente(s).
2026-08-14 09:41:17.337 | INFO    |src.controllers.geracao_agi_controller:_gerar_para_operadora:617 - [STEP] Finalizando: GeracaoAgiController.gerar_cont_proc | Tempo gasto: 0.03s
2026-08-14 09:41:17.337 | INFO    |src.controllers.geracao_agi_controller:_pausar_apos_artefatos:530 - [RPA 3 — etapa 1/4: artefatos] 1 operadora(s) em 202507:
2026-08-14 09:41:17.337 | INFO    |src.controllers.geracao_agi_controller:_pausar_apos_artefatos:530 - [RPA 3 — etapa 1/4: artefatos]   CLARO                EXT · INT · _EXP · 2 carta(s) · CONT_PROC
2026-08-14 09:41:17.337 | INFO    |src.controllers.geracao_agi_controller:_pausar_apos_artefatos:530 - [RPA 3 — etapa 1/4: artefatos] Pasta: C:\Users\Btime Soluções\AppData\Local\Temp\pytest-of-Btime Soluções\pytest-21\test_saem_duas_cartas_com_nume0\Operadoras
2026-08-14 09:41:17.337 | INFO    |src.controllers.geracao_agi_controller:_pausar_apos_artefatos:530 - [RPA 3 — etapa 1/4: artefatos] ────────────────────────────────────────────────────────────
2026-08-14 09:41:17.338 | INFO    |src.controllers.geracao_agi_controller:_pausar_apos_artefatos:530 - [RPA 3 — etapa 1/4: artefatos] PRÓXIMA ETAPA: carga no AGI (HU-17/HU-18) — ESCREVE NO AGI
2026-08-14 09:41:17.338 | INFO    |src.controllers.geracao_agi_controller:gerar_artefatos:332 - [RPA 3 — etapa 2/4: carga no AGI] 1 operadora(s) na lista de carga.
2026-08-14 09:41:17.338 | INFO    |src.controllers.geracao_agi_controller:gerar_artefatos:332 - [RPA 3 — etapa 2/4: carga no AGI] Upload no AGI: desligado — nada foi enviado, só registrado no log.
2026-08-14 09:41:17.338 | INFO    |src.controllers.geracao_agi_controller:gerar_artefatos:332 - [RPA 3 — etapa 2/4: carga no AGI] Confira no AGI se a carga entrou, e o campo `carga_agi` na tabela de contestação.
2026-08-14 09:41:17.338 | INFO    |src.controllers.geracao_agi_controller:gerar_artefatos:332 - [RPA 3 — etapa 2/4: carga no AGI] ────────────────────────────────────────────────────────────
2026-08-14 09:41:17.338 | INFO    |src.controllers.geracao_agi_controller:gerar_artefatos:332 - [RPA 3 — etapa 2/4: carga no AGI] PRÓXIMA ETAPA: e-mail de contestação à operadora (HU-15) — SAI DA EMPRESA
2026-08-14 09:41:17.339 | WARNING |src.controllers.geracao_agi_controller:<genexpr>:840 - [HU-15] Contatos de 'CLARO' indisponíveis: a tabela de contatos do WebFat ainda não foi informada pelo cliente (pendência Q16), e CAMINHO_CONTATOS_OPERADORAS não está configurado.
2026-08-14 09:41:17.339 | WARNING |src.controllers.geracao_agi_controller:gerar_artefatos:360 - [RPA 3] Nenhum destinatário para as 1 contestação(ões) do mês — o Outlook nem chega a ser aberto. Pendência Q16.
2026-08-14 09:41:17.339 | INFO    |src.controllers.geracao_agi_controller:gerar_artefatos:368 - [RPA 3 — etapa 3/4: e-mail de contestação] Envio de e-mail: desligado — o e-mail foi montado e registrado, não enviado.
2026-08-14 09:41:17.339 | INFO    |src.controllers.geracao_agi_controller:gerar_artefatos:368 - [RPA 3 — etapa 3/4: e-mail de contestação] Contatos: não configurados (pendência Q16) — nada é enviado
2026-08-14 09:41:17.339 | INFO    |src.controllers.geracao_agi_controller:gerar_artefatos:368 - [RPA 3 — etapa 3/4: e-mail de contestação] ────────────────────────────────────────────────────────────
2026-08-14 09:41:17.339 | INFO    |src.controllers.geracao_agi_controller:gerar_artefatos:368 - [RPA 3 — etapa 3/4: e-mail de contestação] PRÓXIMA ETAPA: conferência do relatório contra o EC (HU-20)
2026-08-14 09:41:17.339 | INFO    |src.controllers.geracao_agi_controller:_verificar_relatorio:895 - [STEP] Iniciando: VerificacaoRelatorio.executar
2026-08-14 09:41:17.339 | INFO    |comum.utils.decoradores:wrapper:22 - [MODO SEGURO] PERMITIR_ACESSO_AGI=false — o AGI não será aberto. A verificação usa o relatório já em [C:\projetos\MVP2\MVP2\MVP2\DETRAF-UNIFICADO\unificado\logs\relatorio_agi\remessa_baixada.csv].
2026-08-14 09:41:17.340 | INFO    |src.controllers.geracao_agi_controller:_verificar_relatorio:895 - [STEP] Finalizando: VerificacaoRelatorio.executar | Tempo gasto: 0.0s
2026-08-14 09:41:17.340 | WARNING |src.controllers.geracao_agi_controller:gerar_artefatos:398 - [RPA 3] HU-20 não executada: Relatório do AGI não encontrado em [C:\projetos\MVP2\MVP2\MVP2\DETRAF-UNIFICADO\unificado\logs\relatorio_agi\remessa_baixada.csv]. Com PERMITIR_ACESSO_AGI desligado, é preciso baixá-lo antes.
2026-08-14 09:41:17.340 | INFO    |src.controllers.geracao_agi_controller:gerar_artefatos:402 - [RPA 3 — etapa 4/4: conferência do relatório] A conferência compara o relatório do AGI com o Encontro de Contas do banco.
2026-08-14 09:41:17.340 | INFO    |src.controllers.geracao_agi_controller:gerar_artefatos:402 - [RPA 3 — etapa 4/4: conferência do relatório] A planilha de inconsistências só é gravada quando há divergência — nenhum arquivo significa nenhuma divergência.
2026-08-14 09:41:17.340 | INFO    |src.controllers.geracao_agi_controller:gerar_artefatos:402 - [RPA 3 — etapa 4/4: conferência do relatório] Pasta: C:\projetos\MVP2\MVP2\MVP2\DETRAF-UNIFICADO\unificado\logs\inconsistencias
2026-08-14 09:41:17.340 | INFO    |src.controllers.geracao_agi_controller:gerar_artefatos:402 - [RPA 3 — etapa 4/4: conferência do relatório] ────────────────────────────────────────────────────────────
2026-08-14 09:41:17.340 | INFO    |src.controllers.geracao_agi_controller:gerar_artefatos:402 - [RPA 3 — etapa 4/4: conferência do relatório] Esta é a última etapa da execução.
2026-08-14 09:41:17.341 | INFO    |src.controllers.geracao_agi_controller:gerar_artefatos:415 - [RPA 3] Resumo de 202507 — 1 operadora(s): EXT 1, INT 1, _EXP 1, carta 2, CONT_PROC 1.
2026-08-14 09:41:17.341 | INFO    |src.controllers.geracao_agi_controller:gerar_artefatos:415 - [RPA 3]   CLARO: e-mail de contestação não enviado.
2026-08-14 09:41:17.341 | WARNING |src.controllers.geracao_agi_controller:gerar_artefatos:415 - [RPA 3] HU-15 sem destinatários: a tabela de contatos do WebFat continua sem resposta do cliente (pendência Q16). A ponte é apontar CAMINHO_CONTATOS_OPERADORAS para um CSV `operadora;emails`.
2026-08-14 09:41:17.342 | INFO    |src.controllers.geracao_agi_controller:_gravar_relatorio:956 - [Relatório] Resumo da execução em [C:\projetos\MVP2\MVP2\MVP2\DETRAF-UNIFICADO\unificado\logs\DESKTOP-64TNDKM\rpa3_contestacao_agi_ec\execucoes\2026-08-14_09-41-17.md].
2026-08-14 09:41:17.342 | INFO    |test_orquestracao_rpa3:test_saem_duas_cartas_com_numeros_ct_consecutivos:575 - [STEP] Finalizando: GeracaoAgiController.gerar_artefatos | Tempo gasto: 0.29s
2026-08-14 09:41:17.349 | INFO    |comum.dados.repositorio_cache:__init__:77 - Inicializando conexão com o banco no ambiente [dev]
2026-08-14 09:41:17.349 | INFO    |comum.dados.repositorio_cache:__init__:77 - Utilizando SQLite local [C:\Users\BTIMES~1\AppData\Local\Temp\detraf_epico4_teste_rclx_oxd\TABELAS_DETRAF_TESTE.db]
2026-08-14 09:41:17.354 | INFO    |test_orquestracao_rpa3:test_o_env_continua_unico:603 - [STEP] Iniciando: GeracaoAgiController.gerar_artefatos
2026-08-14 09:41:17.355 | INFO    |comum.utils.decoradores:wrapper:22 - [RPA 3] 1 operadora(s) em 202507: CLARO.
2026-08-14 09:41:17.355 | INFO    |comum.dados.repositorio_cache:obter_tabela:214 - Carregando tabela [tbl_detraf_mapeamento_descritores]
2026-08-14 09:41:17.357 | INFO    |comum.dados.repositorio_cache:obter_tabela:214 - Tabela [tbl_detraf_mapeamento_descritores] carregada | Linhas: 25 | Colunas: 5
2026-08-14 09:41:17.360 | INFO    |src.controllers.geracao_agi_controller:_gerar_para_operadora:558 - [STEP] Iniciando: consolidar_detrafs_operadora
2026-08-14 09:41:17.360 | INFO    |src.services.consolidacao_contestacao:consolidar_detrafs_operadora:174 - [Consolidação] 1 arquivo(s) encontrado(s) em [C:\Users\Btime Soluções\AppData\Local\Temp\pytest-of-Btime Soluções\pytest-21\test_o_env_continua_unico0\Operadoras\CLARO\2025\202507\Detrafs Recebidos].
2026-08-14 09:41:17.362 | INFO    |src.services.consolidacao_contestacao:consolidar_detrafs_operadora:177 - [Consolidação] [DETRAF_D_CLARO_202507.csv]: 2 linha(s) -> 2 após remover totais.
2026-08-14 09:41:17.362 | INFO    |src.services.consolidacao_contestacao:consolidar_detrafs_operadora:177 - [Consolidação] Consolidado: 2 linha(s) de 1 arquivo(s).
2026-08-14 09:41:17.362 | INFO    |src.controllers.geracao_agi_controller:_gerar_para_operadora:558 - [STEP] Finalizando: consolidar_detrafs_operadora | Tempo gasto: 0.0s
2026-08-14 09:41:17.363 | INFO    |src.controllers.geracao_agi_controller:_gerar_para_operadora:574 - [STEP] Iniciando: consolidar_expectativa_vivo
2026-08-14 09:41:17.363 | INFO    |src.services.consolidacao_contestacao:consolidar_expectativa_vivo:207 - [Consolidação] 1 arquivo(s) encontrado(s) em [C:\Users\Btime Soluções\AppData\Local\Temp\pytest-of-Btime Soluções\pytest-21\test_o_env_continua_unico0\Operadoras\CLARO\2025\202507\Detrafs Enviados].
2026-08-14 09:41:17.365 | INFO    |src.services.consolidacao_contestacao:consolidar_expectativa_vivo:211 - [Consolidação] [DE_D_TBRA_CLARO_202507.csv]: 2 linha(s) -> 2 após remover totais.
2026-08-14 09:41:17.365 | INFO    |src.services.consolidacao_contestacao:consolidar_expectativa_vivo:211 - [Consolidação] Consolidado: 2 linha(s) de 1 arquivo(s).
2026-08-14 09:41:17.365 | INFO    |src.controllers.geracao_agi_controller:_gerar_para_operadora:574 - [STEP] Finalizando: consolidar_expectativa_vivo | Tempo gasto: 0.0s
2026-08-14 09:41:17.365 | INFO    |src.controllers.geracao_agi_controller:_gerar_para_operadora:586 - [STEP] Iniciando: montar_contest
2026-08-14 09:41:17.380 | INFO    |comum.utils.decoradores:wrapper:22 - [Consolidação] Contest: 2 combinação(ões) analisada(s).
2026-08-14 09:41:17.381 | INFO    |src.controllers.geracao_agi_controller:_gerar_para_operadora:586 - [STEP] Finalizando: montar_contest | Tempo gasto: 0.02s
2026-08-14 09:41:17.381 | INFO    |src.controllers.geracao_agi_controller:_gerar_para_operadora:595 - [STEP] Iniciando: GeracaoAgiController.atualizar_despesa_contestacao
2026-08-14 09:41:17.381 | INFO    |src.controllers.geracao_agi_controller:atualizar_despesa_contestacao:1066 - [STEP] Iniciando: preparar_atualizacoes_despesa_contestacao
2026-08-14 09:41:17.382 | INFO    |comum.dados.repositorio_cache:obter_tabela:214 - Carregando tabela [tbl_rpa_log_detraf_despesa_contestacao]
2026-08-14 09:41:17.383 | INFO    |comum.dados.repositorio_cache:obter_tabela:214 - Tabela [tbl_rpa_log_detraf_despesa_contestacao] carregada | Linhas: 2 | Colunas: 19
2026-08-14 09:41:17.389 | INFO    |comum.utils.decoradores:wrapper:22 - [HU-19 Despesa Contestação] 2 atualização(ões) preparada(s).
2026-08-14 09:41:17.390 | INFO    |src.controllers.geracao_agi_controller:atualizar_despesa_contestacao:1066 - [STEP] Finalizando: preparar_atualizacoes_despesa_contestacao | Tempo gasto: 0.01s
2026-08-14 09:41:17.390 | WARNING |comum.dados.repositorio_tabelas:atualizar_despesa_contestacao:1019 - [HU-19 Despesa Contestação] A tabela 'tbl_rpa_log_detraf_despesa_contestacao' não tem a(s) coluna(s) vb_contestacao — NÃO gravada(s). As demais seguem normalmente. Um ALTER TABLE resolve; ver pendencias-para-o-cliente.md (Q24).
2026-08-14 09:41:17.396 | INFO    |comum.dados.repositorio_tabelas:_atualizar_contestacao_em_lote:976 - 1 linha(s) atualizada(s) em [tbl_rpa_log_detraf_despesa_contestacao].
2026-08-14 09:41:17.400 | INFO    |comum.dados.repositorio_tabelas:_atualizar_contestacao_em_lote:976 - 1 linha(s) atualizada(s) em [tbl_rpa_log_detraf_despesa_contestacao].
2026-08-14 09:41:17.401 | INFO    |comum.dados.repositorio_cache:recarregar_cache_local:375 - Carregando tabela [tbl_rpa_log_detraf_despesa_contestacao]
2026-08-14 09:41:17.402 | INFO    |comum.dados.repositorio_cache:recarregar_cache_local:375 - Tabela [tbl_rpa_log_detraf_despesa_contestacao] carregada | Linhas: 2 | Colunas: 19
2026-08-14 09:41:17.403 | INFO    |comum.dados.repositorio_tabelas:atualizar_despesa_contestacao:1019 - [HU-19 Despesa Contestação] 2 linha(s) atualizada(s), 0 chave(s) ausente(s).
2026-08-14 09:41:17.403 | INFO    |src.controllers.geracao_agi_controller:_gerar_para_operadora:595 - [STEP] Finalizando: GeracaoAgiController.atualizar_despesa_contestacao | Tempo gasto: 0.02s
2026-08-14 09:41:17.404 | INFO    |src.controllers.geracao_agi_controller:_gerar_ext:633 - [STEP] Iniciando: montar_linhas_ext
2026-08-14 09:41:17.411 | INFO    |comum.utils.decoradores:wrapper:22 - [HU-12 EXT] 2 linha(s) montada(s).
2026-08-14 09:41:17.412 | INFO    |src.controllers.geracao_agi_controller:_gerar_ext:633 - [STEP] Finalizando: montar_linhas_ext | Tempo gasto: 0.01s
2026-08-14 09:41:17.412 | INFO    |src.controllers.geracao_agi_controller:_gerar_ext:639 - [STEP] Iniciando: gerar_arquivo_ext
2026-08-14 09:41:17.421 | INFO    |comum.utils.decoradores:wrapper:22 - [HU-12 EXT] Arquivo gravado em [C:\Users\Btime Soluções\AppData\Local\Temp\pytest-of-Btime Soluções\pytest-21\test_o_env_continua_unico0\Operadoras\CLARO\2025\202507\AGI\DE_AGI_D_202507_TBRA_X_CLARO_EXT.xlsx].
2026-08-14 09:41:17.421 | INFO    |src.controllers.geracao_agi_controller:_gerar_ext:639 - [STEP] Finalizando: gerar_arquivo_ext | Tempo gasto: 0.01s
2026-08-14 09:41:17.421 | INFO    |src.controllers.geracao_agi_controller:_gerar_int:648 - [STEP] Iniciando: montar_linhas_int
2026-08-14 09:41:17.429 | INFO    |comum.utils.decoradores:wrapper:22 - [HU-13 INT] 1 linha(s) montada(s) (COM retenção).
2026-08-14 09:41:17.429 | INFO    |src.controllers.geracao_agi_controller:_gerar_int:648 - [STEP] Finalizando: montar_linhas_int | Tempo gasto: 0.01s
2026-08-14 09:41:17.430 | INFO    |src.controllers.geracao_agi_controller:_gerar_int:654 - [STEP] Iniciando: gerar_arquivo_int
2026-08-14 09:41:17.438 | INFO    |comum.utils.decoradores:wrapper:22 - [HU-13 INT] Arquivo gravado em [C:\Users\Btime Soluções\AppData\Local\Temp\pytest-of-Btime Soluções\pytest-21\test_o_env_continua_unico0\Operadoras\CLARO\2025\202507\AGI\DE_AGI_D_202507_TBRA_X_CLARO_INT.xlsx].
2026-08-14 09:41:17.439 | INFO    |src.controllers.geracao_agi_controller:_gerar_int:654 - [STEP] Finalizando: gerar_arquivo_int | Tempo gasto: 0.01s
2026-08-14 09:41:17.439 | INFO    |src.controllers.geracao_agi_controller:_gerar_env_e_carta:682 - [STEP] Iniciando: montar_abas_env
2026-08-14 09:41:17.447 | INFO    |comum.utils.decoradores:wrapper:22 - [HU-14 _EXP] Contest: 2 linha(s) contestada(s); TBRA: 2 linha(s) correspondente(s).
2026-08-14 09:41:17.447 | INFO    |src.controllers.geracao_agi_controller:_gerar_env_e_carta:682 - [STEP] Finalizando: montar_abas_env | Tempo gasto: 0.01s
2026-08-14 09:41:17.447 | INFO    |src.controllers.geracao_agi_controller:_gerar_env_e_carta:690 - [STEP] Iniciando: gerar_arquivo_env
2026-08-14 09:41:17.459 | INFO    |comum.utils.decoradores:wrapper:22 - [HU-14 _EXP] Arquivo gravado em [C:\Users\Btime Soluções\AppData\Local\Temp\pytest-of-Btime Soluções\pytest-21\test_o_env_continua_unico0\Operadoras\CLARO\2025\202507\Contestações\Base Contestação_CLARO_202507_EXP.xlsx].
2026-08-14 09:41:17.460 | INFO    |src.controllers.geracao_agi_controller:_gerar_env_e_carta:690 - [STEP] Finalizando: gerar_arquivo_env | Tempo gasto: 0.01s
2026-08-14 09:41:17.468 | INFO    |src.controllers.geracao_agi_controller:_gerar_para_operadora:606 - [RPA 3] CLARO: linhas COM e SEM retenção no mesmo mês — sairão 2 cartas, uma por cenário (decisão Q25).
2026-08-14 09:41:17.469 | INFO    |src.controllers.geracao_agi_controller:_emitir_cartas:756 - [STEP] Iniciando: obter_proximo_numero_carta
2026-08-14 09:41:17.470 | INFO    |comum.utils.decoradores:wrapper:22 - [HU-14] Último número CT encontrado: 362. Próximo: 363.
2026-08-14 09:41:17.470 | INFO    |src.controllers.geracao_agi_controller:_emitir_cartas:756 - [STEP] Finalizando: obter_proximo_numero_carta | Tempo gasto: 0.0s
2026-08-14 09:41:17.470 | INFO    |src.controllers.geracao_agi_controller:_emitir_cartas:764 - [STEP] Iniciando: montar_tabelas_carta
2026-08-14 09:41:17.473 | INFO    |comum.utils.decoradores:wrapper:22 - [HU-14 Carta] 1 tabela(s) de remuneração montada(s).
2026-08-14 09:41:17.473 | INFO    |src.controllers.geracao_agi_controller:_emitir_cartas:764 - [STEP] Finalizando: montar_tabelas_carta | Tempo gasto: 0.0s
2026-08-14 09:41:17.473 | INFO    |src.controllers.geracao_agi_controller:_emitir_cartas:758 - [STEP] Iniciando: renderizar_carta
2026-08-14 09:41:17.494 | INFO    |comum.utils.decoradores:wrapper:22 - [HU-14 Carta] Carta CT-363 renderizada (1 tabela(s)).
2026-08-14 09:41:17.495 | INFO    |src.controllers.geracao_agi_controller:_emitir_cartas:758 - [STEP] Finalizando: renderizar_carta | Tempo gasto: 0.02s
2026-08-14 09:41:17.496 | INFO    |src.controllers.geracao_agi_controller:_emitir_cartas:768 - [STEP] Iniciando: gerar_arquivo_carta
2026-08-14 09:41:17.520 | INFO    |comum.utils.decoradores:wrapper:22 - [HU-14 Carta] Carta gravada em [C:\Users\Btime Soluções\AppData\Local\Temp\pytest-of-Btime Soluções\pytest-21\test_o_env_continua_unico0\Operadoras\CLARO\2025\202507\Contestações\CT - 363.docx], cópia em [C:\Users\Btime Soluções\AppData\Local\Temp\pytest-of-Btime Soluções\pytest-21\test_o_env_continua_unico0\CT\2025\CT - 363.docx].
2026-08-14 09:41:17.521 | INFO    |src.controllers.geracao_agi_controller:_emitir_cartas:768 - [STEP] Finalizando: gerar_arquivo_carta | Tempo gasto: 0.03s
2026-08-14 09:41:17.521 | INFO    |src.controllers.geracao_agi_controller:_gerar_env_e_carta:710 - [RPA 3] CLARO: carta CT 363 — COM retenção.
2026-08-14 09:41:17.521 | INFO    |src.controllers.geracao_agi_controller:_emitir_cartas:756 - [STEP] Iniciando: obter_proximo_numero_carta
2026-08-14 09:41:17.522 | INFO    |comum.utils.decoradores:wrapper:22 - [HU-14] Último número CT encontrado: 363. Próximo: 364.
2026-08-14 09:41:17.522 | INFO    |src.controllers.geracao_agi_controller:_emitir_cartas:756 - [STEP] Finalizando: obter_proximo_numero_carta | Tempo gasto: 0.0s
2026-08-14 09:41:17.523 | INFO    |src.controllers.geracao_agi_controller:_emitir_cartas:764 - [STEP] Iniciando: montar_tabelas_carta
2026-08-14 09:41:17.529 | INFO    |comum.utils.decoradores:wrapper:22 - [HU-14 Carta] 1 tabela(s) de remuneração montada(s).
2026-08-14 09:41:17.530 | INFO    |src.controllers.geracao_agi_controller:_emitir_cartas:764 - [STEP] Finalizando: montar_tabelas_carta | Tempo gasto: 0.01s
2026-08-14 09:41:17.530 | INFO    |src.controllers.geracao_agi_controller:_emitir_cartas:758 - [STEP] Iniciando: renderizar_carta
2026-08-14 09:41:17.551 | INFO    |comum.utils.decoradores:wrapper:22 - [HU-14 Carta] Carta CT-364 renderizada (1 tabela(s)).
2026-08-14 09:41:17.552 | INFO    |src.controllers.geracao_agi_controller:_emitir_cartas:758 - [STEP] Finalizando: renderizar_carta | Tempo gasto: 0.02s
2026-08-14 09:41:17.552 | INFO    |src.controllers.geracao_agi_controller:_emitir_cartas:768 - [STEP] Iniciando: gerar_arquivo_carta
2026-08-14 09:41:17.566 | INFO    |comum.utils.decoradores:wrapper:22 - [HU-14 Carta] Carta gravada em [C:\Users\Btime Soluções\AppData\Local\Temp\pytest-of-Btime Soluções\pytest-21\test_o_env_continua_unico0\Operadoras\CLARO\2025\202507\Contestações\CT - 364.docx], cópia em [C:\Users\Btime Soluções\AppData\Local\Temp\pytest-of-Btime Soluções\pytest-21\test_o_env_continua_unico0\CT\2025\CT - 364.docx].
2026-08-14 09:41:17.567 | INFO    |src.controllers.geracao_agi_controller:_emitir_cartas:768 - [STEP] Finalizando: gerar_arquivo_carta | Tempo gasto: 0.01s
2026-08-14 09:41:17.567 | INFO    |src.controllers.geracao_agi_controller:_gerar_env_e_carta:710 - [RPA 3] CLARO: carta CT 364 — SEM retenção.
2026-08-14 09:41:17.567 | INFO    |src.controllers.geracao_agi_controller:_gerar_para_operadora:617 - [STEP] Iniciando: GeracaoAgiController.gerar_cont_proc
2026-08-14 09:41:17.568 | INFO    |src.controllers.geracao_agi_controller:gerar_cont_proc:1030 - [STEP] Iniciando: montar_linhas_cont_proc
2026-08-14 09:41:17.568 | INFO    |src.services.geracao_cont_proc:montar_linhas_cont_proc:224 - [STEP] Iniciando: selecionar_linhas_contestadas
2026-08-14 09:41:17.574 | INFO    |comum.utils.decoradores:wrapper:22 - [HU-16 CONT_PROC] 2 linha(s) contestada(s).
2026-08-14 09:41:17.574 | INFO    |src.services.geracao_cont_proc:montar_linhas_cont_proc:224 - [STEP] Finalizando: selecionar_linhas_contestadas | Tempo gasto: 0.01s
2026-08-14 09:41:17.576 | INFO    |comum.utils.decoradores:wrapper:22 - [HU-16 CONT_PROC] 2 linha(s) montada(s) (T-100+T-101 completos).
2026-08-14 09:41:17.576 | INFO    |src.controllers.geracao_agi_controller:gerar_cont_proc:1030 - [STEP] Finalizando: montar_linhas_cont_proc | Tempo gasto: 0.01s
2026-08-14 09:41:17.576 | INFO    |src.controllers.geracao_agi_controller:gerar_cont_proc:1036 - [STEP] Iniciando: gerar_arquivo_cont_proc
2026-08-14 09:41:17.583 | INFO    |comum.utils.decoradores:wrapper:22 - [HU-16 CONT_PROC] Arquivo gravado em [C:\Users\Btime Soluções\AppData\Local\Temp\pytest-of-Btime Soluções\pytest-21\test_o_env_continua_unico0\Operadoras\CLARO\2025\202507\AGI\CONT_PROC_MASCARA_CLARO_202507.xlsx].
2026-08-14 09:41:17.583 | INFO    |src.controllers.geracao_agi_controller:gerar_cont_proc:1036 - [STEP] Finalizando: gerar_arquivo_cont_proc | Tempo gasto: 0.01s
2026-08-14 09:41:17.583 | INFO    |src.controllers.geracao_agi_controller:gerar_cont_proc:1046 - [STEP] Iniciando: selecionar_linhas_contestadas
2026-08-14 09:41:17.589 | INFO    |comum.utils.decoradores:wrapper:22 - [HU-16 CONT_PROC] 2 linha(s) contestada(s).
2026-08-14 09:41:17.590 | INFO    |src.controllers.geracao_agi_controller:gerar_cont_proc:1046 - [STEP] Finalizando: selecionar_linhas_contestadas | Tempo gasto: 0.01s
2026-08-14 09:41:17.592 | INFO    |comum.dados.repositorio_tabelas:_atualizar_contestacao_em_lote:976 - 1 linha(s) atualizada(s) em [tbl_rpa_log_detraf_despesa_contestacao].
2026-08-14 09:41:17.595 | INFO    |comum.dados.repositorio_tabelas:_atualizar_contestacao_em_lote:976 - 1 linha(s) atualizada(s) em [tbl_rpa_log_detraf_despesa_contestacao].
2026-08-14 09:41:17.595 | INFO    |comum.dados.repositorio_cache:recarregar_cache_local:375 - Carregando tabela [tbl_rpa_log_detraf_despesa_contestacao]
2026-08-14 09:41:17.596 | INFO    |comum.dados.repositorio_cache:recarregar_cache_local:375 - Tabela [tbl_rpa_log_detraf_despesa_contestacao] carregada | Linhas: 2 | Colunas: 19
2026-08-14 09:41:17.596 | INFO    |comum.dados.repositorio_tabelas:atualizar_tipo_contestacao:1046 - [HU-16 Writeback tipo_contestacao] 2 linha(s) atualizada(s), 0 chave(s) ausente(s).
2026-08-14 09:41:17.597 | INFO    |src.controllers.geracao_agi_controller:_gerar_para_operadora:617 - [STEP] Finalizando: GeracaoAgiController.gerar_cont_proc | Tempo gasto: 0.03s
2026-08-14 09:41:17.597 | INFO    |src.controllers.geracao_agi_controller:_pausar_apos_artefatos:530 - [RPA 3 — etapa 1/4: artefatos] 1 operadora(s) em 202507:
2026-08-14 09:41:17.597 | INFO    |src.controllers.geracao_agi_controller:_pausar_apos_artefatos:530 - [RPA 3 — etapa 1/4: artefatos]   CLARO                EXT · INT · _EXP · 2 carta(s) · CONT_PROC
2026-08-14 09:41:17.597 | INFO    |src.controllers.geracao_agi_controller:_pausar_apos_artefatos:530 - [RPA 3 — etapa 1/4: artefatos] Pasta: C:\Users\Btime Soluções\AppData\Local\Temp\pytest-of-Btime Soluções\pytest-21\test_o_env_continua_unico0\Operadoras
2026-08-14 09:41:17.597 | INFO    |src.controllers.geracao_agi_controller:_pausar_apos_artefatos:530 - [RPA 3 — etapa 1/4: artefatos] ────────────────────────────────────────────────────────────
2026-08-14 09:41:17.598 | INFO    |src.controllers.geracao_agi_controller:_pausar_apos_artefatos:530 - [RPA 3 — etapa 1/4: artefatos] PRÓXIMA ETAPA: carga no AGI (HU-17/HU-18) — ESCREVE NO AGI
2026-08-14 09:41:17.598 | INFO    |src.controllers.geracao_agi_controller:gerar_artefatos:332 - [RPA 3 — etapa 2/4: carga no AGI] 1 operadora(s) na lista de carga.
2026-08-14 09:41:17.598 | INFO    |src.controllers.geracao_agi_controller:gerar_artefatos:332 - [RPA 3 — etapa 2/4: carga no AGI] Upload no AGI: desligado — nada foi enviado, só registrado no log.
2026-08-14 09:41:17.598 | INFO    |src.controllers.geracao_agi_controller:gerar_artefatos:332 - [RPA 3 — etapa 2/4: carga no AGI] Confira no AGI se a carga entrou, e o campo `carga_agi` na tabela de contestação.
2026-08-14 09:41:17.598 | INFO    |src.controllers.geracao_agi_controller:gerar_artefatos:332 - [RPA 3 — etapa 2/4: carga no AGI] ────────────────────────────────────────────────────────────
2026-08-14 09:41:17.598 | INFO    |src.controllers.geracao_agi_controller:gerar_artefatos:332 - [RPA 3 — etapa 2/4: carga no AGI] PRÓXIMA ETAPA: e-mail de contestação à operadora (HU-15) — SAI DA EMPRESA
2026-08-14 09:41:17.598 | WARNING |src.controllers.geracao_agi_controller:<genexpr>:840 - [HU-15] Contatos de 'CLARO' indisponíveis: a tabela de contatos do WebFat ainda não foi informada pelo cliente (pendência Q16), e CAMINHO_CONTATOS_OPERADORAS não está configurado.
2026-08-14 09:41:17.598 | WARNING |src.controllers.geracao_agi_controller:gerar_artefatos:360 - [RPA 3] Nenhum destinatário para as 1 contestação(ões) do mês — o Outlook nem chega a ser aberto. Pendência Q16.
2026-08-14 09:41:17.599 | INFO    |src.controllers.geracao_agi_controller:gerar_artefatos:368 - [RPA 3 — etapa 3/4: e-mail de contestação] Envio de e-mail: desligado — o e-mail foi montado e registrado, não enviado.
2026-08-14 09:41:17.599 | INFO    |src.controllers.geracao_agi_controller:gerar_artefatos:368 - [RPA 3 — etapa 3/4: e-mail de contestação] Contatos: não configurados (pendência Q16) — nada é enviado
2026-08-14 09:41:17.599 | INFO    |src.controllers.geracao_agi_controller:gerar_artefatos:368 - [RPA 3 — etapa 3/4: e-mail de contestação] ────────────────────────────────────────────────────────────
2026-08-14 09:41:17.599 | INFO    |src.controllers.geracao_agi_controller:gerar_artefatos:368 - [RPA 3 — etapa 3/4: e-mail de contestação] PRÓXIMA ETAPA: conferência do relatório contra o EC (HU-20)
2026-08-14 09:41:17.599 | INFO    |src.controllers.geracao_agi_controller:_verificar_relatorio:895 - [STEP] Iniciando: VerificacaoRelatorio.executar
2026-08-14 09:41:17.599 | INFO    |comum.utils.decoradores:wrapper:22 - [MODO SEGURO] PERMITIR_ACESSO_AGI=false — o AGI não será aberto. A verificação usa o relatório já em [C:\projetos\MVP2\MVP2\MVP2\DETRAF-UNIFICADO\unificado\logs\relatorio_agi\remessa_baixada.csv].
2026-08-14 09:41:17.599 | INFO    |src.controllers.geracao_agi_controller:_verificar_relatorio:895 - [STEP] Finalizando: VerificacaoRelatorio.executar | Tempo gasto: 0.0s
2026-08-14 09:41:17.599 | WARNING |src.controllers.geracao_agi_controller:gerar_artefatos:398 - [RPA 3] HU-20 não executada: Relatório do AGI não encontrado em [C:\projetos\MVP2\MVP2\MVP2\DETRAF-UNIFICADO\unificado\logs\relatorio_agi\remessa_baixada.csv]. Com PERMITIR_ACESSO_AGI desligado, é preciso baixá-lo antes.
2026-08-14 09:41:17.600 | INFO    |src.controllers.geracao_agi_controller:gerar_artefatos:402 - [RPA 3 — etapa 4/4: conferência do relatório] A conferência compara o relatório do AGI com o Encontro de Contas do banco.
2026-08-14 09:41:17.600 | INFO    |src.controllers.geracao_agi_controller:gerar_artefatos:402 - [RPA 3 — etapa 4/4: conferência do relatório] A planilha de inconsistências só é gravada quando há divergência — nenhum arquivo significa nenhuma divergência.
2026-08-14 09:41:17.600 | INFO    |src.controllers.geracao_agi_controller:gerar_artefatos:402 - [RPA 3 — etapa 4/4: conferência do relatório] Pasta: C:\projetos\MVP2\MVP2\MVP2\DETRAF-UNIFICADO\unificado\logs\inconsistencias
2026-08-14 09:41:17.600 | INFO    |src.controllers.geracao_agi_controller:gerar_artefatos:402 - [RPA 3 — etapa 4/4: conferência do relatório] ────────────────────────────────────────────────────────────
2026-08-14 09:41:17.600 | INFO    |src.controllers.geracao_agi_controller:gerar_artefatos:402 - [RPA 3 — etapa 4/4: conferência do relatório] Esta é a última etapa da execução.
2026-08-14 09:41:17.600 | INFO    |src.controllers.geracao_agi_controller:gerar_artefatos:415 - [RPA 3] Resumo de 202507 — 1 operadora(s): EXT 1, INT 1, _EXP 1, carta 2, CONT_PROC 1.
2026-08-14 09:41:17.600 | INFO    |src.controllers.geracao_agi_controller:gerar_artefatos:415 - [RPA 3]   CLARO: e-mail de contestação não enviado.
2026-08-14 09:41:17.600 | WARNING |src.controllers.geracao_agi_controller:gerar_artefatos:415 - [RPA 3] HU-15 sem destinatários: a tabela de contatos do WebFat continua sem resposta do cliente (pendência Q16). A ponte é apontar CAMINHO_CONTATOS_OPERADORAS para um CSV `operadora;emails`.
2026-08-14 09:41:17.601 | INFO    |src.controllers.geracao_agi_controller:_gravar_relatorio:956 - [Relatório] Resumo da execução em [C:\projetos\MVP2\MVP2\MVP2\DETRAF-UNIFICADO\unificado\logs\DESKTOP-64TNDKM\rpa3_contestacao_agi_ec\execucoes\2026-08-14_09-41-17.md].
2026-08-14 09:41:17.602 | INFO    |test_orquestracao_rpa3:test_o_env_continua_unico:603 - [STEP] Finalizando: GeracaoAgiController.gerar_artefatos | Tempo gasto: 0.25s
2026-08-14 09:41:17.609 | INFO    |comum.dados.repositorio_cache:__init__:77 - Inicializando conexão com o banco no ambiente [dev]
2026-08-14 09:41:17.609 | INFO    |comum.dados.repositorio_cache:__init__:77 - Utilizando SQLite local [C:\Users\BTIMES~1\AppData\Local\Temp\detraf_epico4_teste_rclx_oxd\TABELAS_DETRAF_TESTE.db]
2026-08-14 09:41:17.613 | INFO    |test_orquestracao_rpa3:test_cenario_unico_gera_uma_carta_so:617 - [STEP] Iniciando: GeracaoAgiController.gerar_artefatos
2026-08-14 09:41:17.613 | INFO    |comum.utils.decoradores:wrapper:22 - [RPA 3] 1 operadora(s) em 202507: CLARO.
2026-08-14 09:41:17.613 | INFO    |comum.dados.repositorio_cache:obter_tabela:214 - Carregando tabela [tbl_detraf_mapeamento_descritores]
2026-08-14 09:41:17.615 | INFO    |comum.dados.repositorio_cache:obter_tabela:214 - Tabela [tbl_detraf_mapeamento_descritores] carregada | Linhas: 25 | Colunas: 5
2026-08-14 09:41:17.618 | INFO    |src.controllers.geracao_agi_controller:_gerar_para_operadora:558 - [STEP] Iniciando: consolidar_detrafs_operadora
2026-08-14 09:41:17.619 | INFO    |src.services.consolidacao_contestacao:consolidar_detrafs_operadora:174 - [Consolidação] 1 arquivo(s) encontrado(s) em [C:\Users\Btime Soluções\AppData\Local\Temp\pytest-of-Btime Soluções\pytest-21\test_cenario_unico_gera_uma_ca0\Operadoras\CLARO\2025\202507\Detrafs Recebidos].
2026-08-14 09:41:17.621 | INFO    |src.services.consolidacao_contestacao:consolidar_detrafs_operadora:177 - [Consolidação] [DETRAF_D_CLARO_202507.csv]: 1 linha(s) -> 1 após remover totais.
2026-08-14 09:41:17.622 | INFO    |src.services.consolidacao_contestacao:consolidar_detrafs_operadora:177 - [Consolidação] Consolidado: 1 linha(s) de 1 arquivo(s).
2026-08-14 09:41:17.622 | INFO    |src.controllers.geracao_agi_controller:_gerar_para_operadora:558 - [STEP] Finalizando: consolidar_detrafs_operadora | Tempo gasto: 0.0s
2026-08-14 09:41:17.622 | INFO    |src.controllers.geracao_agi_controller:_gerar_para_operadora:574 - [STEP] Iniciando: consolidar_expectativa_vivo
2026-08-14 09:41:17.622 | INFO    |src.services.consolidacao_contestacao:consolidar_expectativa_vivo:207 - [Consolidação] 1 arquivo(s) encontrado(s) em [C:\Users\Btime Soluções\AppData\Local\Temp\pytest-of-Btime Soluções\pytest-21\test_cenario_unico_gera_uma_ca0\Operadoras\CLARO\2025\202507\Detrafs Enviados].
2026-08-14 09:41:17.624 | INFO    |src.services.consolidacao_contestacao:consolidar_expectativa_vivo:211 - [Consolidação] [DE_D_TBRA_CLARO_202507.csv]: 1 linha(s) -> 1 após remover totais.
2026-08-14 09:41:17.625 | INFO    |src.services.consolidacao_contestacao:consolidar_expectativa_vivo:211 - [Consolidação] Consolidado: 1 linha(s) de 1 arquivo(s).
2026-08-14 09:41:17.625 | INFO    |src.controllers.geracao_agi_controller:_gerar_para_operadora:574 - [STEP] Finalizando: consolidar_expectativa_vivo | Tempo gasto: 0.0s
2026-08-14 09:41:17.625 | INFO    |src.controllers.geracao_agi_controller:_gerar_para_operadora:586 - [STEP] Iniciando: montar_contest
2026-08-14 09:41:17.641 | INFO    |comum.utils.decoradores:wrapper:22 - [Consolidação] Contest: 1 combinação(ões) analisada(s).
2026-08-14 09:41:17.641 | INFO    |src.controllers.geracao_agi_controller:_gerar_para_operadora:586 - [STEP] Finalizando: montar_contest | Tempo gasto: 0.02s
2026-08-14 09:41:17.641 | INFO    |src.controllers.geracao_agi_controller:_gerar_para_operadora:595 - [STEP] Iniciando: GeracaoAgiController.atualizar_despesa_contestacao
2026-08-14 09:41:17.642 | INFO    |src.controllers.geracao_agi_controller:atualizar_despesa_contestacao:1066 - [STEP] Iniciando: preparar_atualizacoes_despesa_contestacao
2026-08-14 09:41:17.642 | INFO    |comum.dados.repositorio_cache:obter_tabela:214 - Carregando tabela [tbl_rpa_log_detraf_despesa_contestacao]
2026-08-14 09:41:17.644 | INFO    |comum.dados.repositorio_cache:obter_tabela:214 - Tabela [tbl_rpa_log_detraf_despesa_contestacao] carregada | Linhas: 2 | Colunas: 19
2026-08-14 09:41:17.647 | INFO    |comum.utils.decoradores:wrapper:22 - [HU-19 Despesa Contestação] 1 atualização(ões) preparada(s).
2026-08-14 09:41:17.647 | INFO    |src.controllers.geracao_agi_controller:atualizar_despesa_contestacao:1066 - [STEP] Finalizando: preparar_atualizacoes_despesa_contestacao | Tempo gasto: 0.01s
2026-08-14 09:41:17.648 | WARNING |comum.dados.repositorio_tabelas:atualizar_despesa_contestacao:1019 - [HU-19 Despesa Contestação] A tabela 'tbl_rpa_log_detraf_despesa_contestacao' não tem a(s) coluna(s) vb_contestacao — NÃO gravada(s). As demais seguem normalmente. Um ALTER TABLE resolve; ver pendencias-para-o-cliente.md (Q24).
2026-08-14 09:41:17.655 | INFO    |comum.dados.repositorio_tabelas:_atualizar_contestacao_em_lote:976 - 1 linha(s) atualizada(s) em [tbl_rpa_log_detraf_despesa_contestacao].
2026-08-14 09:41:17.655 | INFO    |comum.dados.repositorio_cache:recarregar_cache_local:375 - Carregando tabela [tbl_rpa_log_detraf_despesa_contestacao]
2026-08-14 09:41:17.657 | INFO    |comum.dados.repositorio_cache:recarregar_cache_local:375 - Tabela [tbl_rpa_log_detraf_despesa_contestacao] carregada | Linhas: 2 | Colunas: 19
2026-08-14 09:41:17.657 | INFO    |comum.dados.repositorio_tabelas:atualizar_despesa_contestacao:1019 - [HU-19 Despesa Contestação] 1 linha(s) atualizada(s), 0 chave(s) ausente(s).
2026-08-14 09:41:17.657 | INFO    |src.controllers.geracao_agi_controller:_gerar_para_operadora:595 - [STEP] Finalizando: GeracaoAgiController.atualizar_despesa_contestacao | Tempo gasto: 0.02s
2026-08-14 09:41:17.657 | INFO    |src.controllers.geracao_agi_controller:_gerar_ext:633 - [STEP] Iniciando: montar_linhas_ext
2026-08-14 09:41:17.663 | INFO    |comum.utils.decoradores:wrapper:22 - [HU-12 EXT] 1 linha(s) montada(s).
2026-08-14 09:41:17.664 | INFO    |src.controllers.geracao_agi_controller:_gerar_ext:633 - [STEP] Finalizando: montar_linhas_ext | Tempo gasto: 0.01s
2026-08-14 09:41:17.664 | INFO    |src.controllers.geracao_agi_controller:_gerar_ext:639 - [STEP] Iniciando: gerar_arquivo_ext
2026-08-14 09:41:17.674 | INFO    |comum.utils.decoradores:wrapper:22 - [HU-12 EXT] Arquivo gravado em [C:\Users\Btime Soluções\AppData\Local\Temp\pytest-of-Btime Soluções\pytest-21\test_cenario_unico_gera_uma_ca0\Operadoras\CLARO\2025\202507\AGI\DE_AGI_D_202507_TBRA_X_CLARO_EXT.xlsx].
2026-08-14 09:41:17.674 | INFO    |src.controllers.geracao_agi_controller:_gerar_ext:639 - [STEP] Finalizando: gerar_arquivo_ext | Tempo gasto: 0.01s
2026-08-14 09:41:17.675 | INFO    |src.controllers.geracao_agi_controller:_gerar_int:648 - [STEP] Iniciando: montar_linhas_int
2026-08-14 09:41:17.680 | INFO    |comum.utils.decoradores:wrapper:22 - [HU-13 INT] 1 linha(s) montada(s) (COM retenção).
2026-08-14 09:41:17.681 | INFO    |src.controllers.geracao_agi_controller:_gerar_int:648 - [STEP] Finalizando: montar_linhas_int | Tempo gasto: 0.01s
2026-08-14 09:41:17.681 | INFO    |src.controllers.geracao_agi_controller:_gerar_int:654 - [STEP] Iniciando: gerar_arquivo_int
2026-08-14 09:41:17.689 | INFO    |comum.utils.decoradores:wrapper:22 - [HU-13 INT] Arquivo gravado em [C:\Users\Btime Soluções\AppData\Local\Temp\pytest-of-Btime Soluções\pytest-21\test_cenario_unico_gera_uma_ca0\Operadoras\CLARO\2025\202507\AGI\DE_AGI_D_202507_TBRA_X_CLARO_INT.xlsx].
2026-08-14 09:41:17.689 | INFO    |src.controllers.geracao_agi_controller:_gerar_int:654 - [STEP] Finalizando: gerar_arquivo_int | Tempo gasto: 0.01s
2026-08-14 09:41:17.690 | INFO    |src.controllers.geracao_agi_controller:_gerar_env_e_carta:682 - [STEP] Iniciando: montar_abas_env
2026-08-14 09:41:17.695 | INFO    |comum.utils.decoradores:wrapper:22 - [HU-14 _EXP] Contest: 1 linha(s) contestada(s); TBRA: 1 linha(s) correspondente(s).
2026-08-14 09:41:17.696 | INFO    |src.controllers.geracao_agi_controller:_gerar_env_e_carta:682 - [STEP] Finalizando: montar_abas_env | Tempo gasto: 0.01s
2026-08-14 09:41:17.696 | INFO    |src.controllers.geracao_agi_controller:_gerar_env_e_carta:690 - [STEP] Iniciando: gerar_arquivo_env
2026-08-14 09:41:17.707 | INFO    |comum.utils.decoradores:wrapper:22 - [HU-14 _EXP] Arquivo gravado em [C:\Users\Btime Soluções\AppData\Local\Temp\pytest-of-Btime Soluções\pytest-21\test_cenario_unico_gera_uma_ca0\Operadoras\CLARO\2025\202507\Contestações\Base Contestação_CLARO_202507_EXP.xlsx].
2026-08-14 09:41:17.707 | INFO    |src.controllers.geracao_agi_controller:_gerar_env_e_carta:690 - [STEP] Finalizando: gerar_arquivo_env | Tempo gasto: 0.01s
2026-08-14 09:41:17.713 | INFO    |src.controllers.geracao_agi_controller:_emitir_cartas:756 - [STEP] Iniciando: obter_proximo_numero_carta
2026-08-14 09:41:17.713 | INFO    |comum.utils.decoradores:wrapper:22 - [HU-14] Último número CT encontrado: 362. Próximo: 363.
2026-08-14 09:41:17.714 | INFO    |src.controllers.geracao_agi_controller:_emitir_cartas:756 - [STEP] Finalizando: obter_proximo_numero_carta | Tempo gasto: 0.0s
2026-08-14 09:41:17.714 | INFO    |src.controllers.geracao_agi_controller:_emitir_cartas:764 - [STEP] Iniciando: montar_tabelas_carta
2026-08-14 09:41:17.716 | INFO    |comum.utils.decoradores:wrapper:22 - [HU-14 Carta] 1 tabela(s) de remuneração montada(s).
2026-08-14 09:41:17.717 | INFO    |src.controllers.geracao_agi_controller:_emitir_cartas:764 - [STEP] Finalizando: montar_tabelas_carta | Tempo gasto: 0.0s
2026-08-14 09:41:17.717 | INFO    |src.controllers.geracao_agi_controller:_emitir_cartas:758 - [STEP] Iniciando: renderizar_carta
2026-08-14 09:41:17.732 | INFO    |comum.utils.decoradores:wrapper:22 - [HU-14 Carta] Carta CT-363 renderizada (1 tabela(s)).
2026-08-14 09:41:17.733 | INFO    |src.controllers.geracao_agi_controller:_emitir_cartas:758 - [STEP] Finalizando: renderizar_carta | Tempo gasto: 0.02s
2026-08-14 09:41:17.733 | INFO    |src.controllers.geracao_agi_controller:_emitir_cartas:768 - [STEP] Iniciando: gerar_arquivo_carta
2026-08-14 09:41:17.744 | INFO    |comum.utils.decoradores:wrapper:22 - [HU-14 Carta] Carta gravada em [C:\Users\Btime Soluções\AppData\Local\Temp\pytest-of-Btime Soluções\pytest-21\test_cenario_unico_gera_uma_ca0\Operadoras\CLARO\2025\202507\Contestações\CT - 363.docx], cópia em [C:\Users\Btime Soluções\AppData\Local\Temp\pytest-of-Btime Soluções\pytest-21\test_cenario_unico_gera_uma_ca0\CT\2025\CT - 363.docx].
2026-08-14 09:41:17.745 | INFO    |src.controllers.geracao_agi_controller:_emitir_cartas:768 - [STEP] Finalizando: gerar_arquivo_carta | Tempo gasto: 0.01s
2026-08-14 09:41:17.745 | INFO    |src.controllers.geracao_agi_controller:_gerar_env_e_carta:710 - [RPA 3] CLARO: carta CT 363 — COM retenção.
2026-08-14 09:41:17.745 | INFO    |src.controllers.geracao_agi_controller:_gerar_para_operadora:617 - [STEP] Iniciando: GeracaoAgiController.gerar_cont_proc
2026-08-14 09:41:17.746 | INFO    |src.controllers.geracao_agi_controller:gerar_cont_proc:1030 - [STEP] Iniciando: montar_linhas_cont_proc
2026-08-14 09:41:17.746 | INFO    |src.services.geracao_cont_proc:montar_linhas_cont_proc:224 - [STEP] Iniciando: selecionar_linhas_contestadas
2026-08-14 09:41:17.750 | INFO    |comum.utils.decoradores:wrapper:22 - [HU-16 CONT_PROC] 1 linha(s) contestada(s).
2026-08-14 09:41:17.750 | INFO    |src.services.geracao_cont_proc:montar_linhas_cont_proc:224 - [STEP] Finalizando: selecionar_linhas_contestadas | Tempo gasto: 0.0s
2026-08-14 09:41:17.753 | INFO    |comum.utils.decoradores:wrapper:22 - [HU-16 CONT_PROC] 1 linha(s) montada(s) (T-100+T-101 completos).
2026-08-14 09:41:17.754 | INFO    |src.controllers.geracao_agi_controller:gerar_cont_proc:1030 - [STEP] Finalizando: montar_linhas_cont_proc | Tempo gasto: 0.01s
2026-08-14 09:41:17.754 | INFO    |src.controllers.geracao_agi_controller:gerar_cont_proc:1036 - [STEP] Iniciando: gerar_arquivo_cont_proc
2026-08-14 09:41:17.761 | INFO    |comum.utils.decoradores:wrapper:22 - [HU-16 CONT_PROC] Arquivo gravado em [C:\Users\Btime Soluções\AppData\Local\Temp\pytest-of-Btime Soluções\pytest-21\test_cenario_unico_gera_uma_ca0\Operadoras\CLARO\2025\202507\AGI\CONT_PROC_MASCARA_CLARO_202507.xlsx].
2026-08-14 09:41:17.762 | INFO    |src.controllers.geracao_agi_controller:gerar_cont_proc:1036 - [STEP] Finalizando: gerar_arquivo_cont_proc | Tempo gasto: 0.01s
2026-08-14 09:41:17.762 | INFO    |src.controllers.geracao_agi_controller:gerar_cont_proc:1046 - [STEP] Iniciando: selecionar_linhas_contestadas
2026-08-14 09:41:17.766 | INFO    |comum.utils.decoradores:wrapper:22 - [HU-16 CONT_PROC] 1 linha(s) contestada(s).
2026-08-14 09:41:17.766 | INFO    |src.controllers.geracao_agi_controller:gerar_cont_proc:1046 - [STEP] Finalizando: selecionar_linhas_contestadas | Tempo gasto: 0.0s
2026-08-14 09:41:17.770 | INFO    |comum.dados.repositorio_tabelas:_atualizar_contestacao_em_lote:976 - 1 linha(s) atualizada(s) em [tbl_rpa_log_detraf_despesa_contestacao].
2026-08-14 09:41:17.770 | INFO    |comum.dados.repositorio_cache:recarregar_cache_local:375 - Carregando tabela [tbl_rpa_log_detraf_despesa_contestacao]
2026-08-14 09:41:17.772 | INFO    |comum.dados.repositorio_cache:recarregar_cache_local:375 - Tabela [tbl_rpa_log_detraf_despesa_contestacao] carregada | Linhas: 2 | Colunas: 19
2026-08-14 09:41:17.772 | INFO    |comum.dados.repositorio_tabelas:atualizar_tipo_contestacao:1046 - [HU-16 Writeback tipo_contestacao] 1 linha(s) atualizada(s), 0 chave(s) ausente(s).
2026-08-14 09:41:17.772 | INFO    |src.controllers.geracao_agi_controller:_gerar_para_operadora:617 - [STEP] Finalizando: GeracaoAgiController.gerar_cont_proc | Tempo gasto: 0.03s
2026-08-14 09:41:17.772 | INFO    |src.controllers.geracao_agi_controller:_pausar_apos_artefatos:530 - [RPA 3 — etapa 1/4: artefatos] 1 operadora(s) em 202507:
2026-08-14 09:41:17.773 | INFO    |src.controllers.geracao_agi_controller:_pausar_apos_artefatos:530 - [RPA 3 — etapa 1/4: artefatos]   CLARO                EXT · INT · _EXP · 1 carta(s) · CONT_PROC
2026-08-14 09:41:17.773 | INFO    |src.controllers.geracao_agi_controller:_pausar_apos_artefatos:530 - [RPA 3 — etapa 1/4: artefatos] Pasta: C:\Users\Btime Soluções\AppData\Local\Temp\pytest-of-Btime Soluções\pytest-21\test_cenario_unico_gera_uma_ca0\Operadoras
2026-08-14 09:41:17.773 | INFO    |src.controllers.geracao_agi_controller:_pausar_apos_artefatos:530 - [RPA 3 — etapa 1/4: artefatos] ────────────────────────────────────────────────────────────
2026-08-14 09:41:17.773 | INFO    |src.controllers.geracao_agi_controller:_pausar_apos_artefatos:530 - [RPA 3 — etapa 1/4: artefatos] PRÓXIMA ETAPA: carga no AGI (HU-17/HU-18) — ESCREVE NO AGI
2026-08-14 09:41:17.774 | INFO    |src.controllers.geracao_agi_controller:gerar_artefatos:332 - [RPA 3 — etapa 2/4: carga no AGI] 1 operadora(s) na lista de carga.
2026-08-14 09:41:17.774 | INFO    |src.controllers.geracao_agi_controller:gerar_artefatos:332 - [RPA 3 — etapa 2/4: carga no AGI] Upload no AGI: desligado — nada foi enviado, só registrado no log.
2026-08-14 09:41:17.774 | INFO    |src.controllers.geracao_agi_controller:gerar_artefatos:332 - [RPA 3 — etapa 2/4: carga no AGI] Confira no AGI se a carga entrou, e o campo `carga_agi` na tabela de contestação.
2026-08-14 09:41:17.774 | INFO    |src.controllers.geracao_agi_controller:gerar_artefatos:332 - [RPA 3 — etapa 2/4: carga no AGI] ────────────────────────────────────────────────────────────
2026-08-14 09:41:17.774 | INFO    |src.controllers.geracao_agi_controller:gerar_artefatos:332 - [RPA 3 — etapa 2/4: carga no AGI] PRÓXIMA ETAPA: e-mail de contestação à operadora (HU-15) — SAI DA EMPRESA
2026-08-14 09:41:17.775 | WARNING |src.controllers.geracao_agi_controller:<genexpr>:840 - [HU-15] Contatos de 'CLARO' indisponíveis: a tabela de contatos do WebFat ainda não foi informada pelo cliente (pendência Q16), e CAMINHO_CONTATOS_OPERADORAS não está configurado.
2026-08-14 09:41:17.775 | WARNING |src.controllers.geracao_agi_controller:gerar_artefatos:360 - [RPA 3] Nenhum destinatário para as 1 contestação(ões) do mês — o Outlook nem chega a ser aberto. Pendência Q16.
2026-08-14 09:41:17.775 | INFO    |src.controllers.geracao_agi_controller:gerar_artefatos:368 - [RPA 3 — etapa 3/4: e-mail de contestação] Envio de e-mail: desligado — o e-mail foi montado e registrado, não enviado.
2026-08-14 09:41:17.775 | INFO    |src.controllers.geracao_agi_controller:gerar_artefatos:368 - [RPA 3 — etapa 3/4: e-mail de contestação] Contatos: não configurados (pendência Q16) — nada é enviado
2026-08-14 09:41:17.775 | INFO    |src.controllers.geracao_agi_controller:gerar_artefatos:368 - [RPA 3 — etapa 3/4: e-mail de contestação] ────────────────────────────────────────────────────────────
2026-08-14 09:41:17.776 | INFO    |src.controllers.geracao_agi_controller:gerar_artefatos:368 - [RPA 3 — etapa 3/4: e-mail de contestação] PRÓXIMA ETAPA: conferência do relatório contra o EC (HU-20)
2026-08-14 09:41:17.776 | INFO    |src.controllers.geracao_agi_controller:_verificar_relatorio:895 - [STEP] Iniciando: VerificacaoRelatorio.executar
2026-08-14 09:41:17.776 | INFO    |comum.utils.decoradores:wrapper:22 - [MODO SEGURO] PERMITIR_ACESSO_AGI=false — o AGI não será aberto. A verificação usa o relatório já em [C:\projetos\MVP2\MVP2\MVP2\DETRAF-UNIFICADO\unificado\logs\relatorio_agi\remessa_baixada.csv].
2026-08-14 09:41:17.776 | INFO    |src.controllers.geracao_agi_controller:_verificar_relatorio:895 - [STEP] Finalizando: VerificacaoRelatorio.executar | Tempo gasto: 0.0s
2026-08-14 09:41:17.776 | WARNING |src.controllers.geracao_agi_controller:gerar_artefatos:398 - [RPA 3] HU-20 não executada: Relatório do AGI não encontrado em [C:\projetos\MVP2\MVP2\MVP2\DETRAF-UNIFICADO\unificado\logs\relatorio_agi\remessa_baixada.csv]. Com PERMITIR_ACESSO_AGI desligado, é preciso baixá-lo antes.
2026-08-14 09:41:17.776 | INFO    |src.controllers.geracao_agi_controller:gerar_artefatos:402 - [RPA 3 — etapa 4/4: conferência do relatório] A conferência compara o relatório do AGI com o Encontro de Contas do banco.
2026-08-14 09:41:17.777 | INFO    |src.controllers.geracao_agi_controller:gerar_artefatos:402 - [RPA 3 — etapa 4/4: conferência do relatório] A planilha de inconsistências só é gravada quando há divergência — nenhum arquivo significa nenhuma divergência.
2026-08-14 09:41:17.777 | INFO    |src.controllers.geracao_agi_controller:gerar_artefatos:402 - [RPA 3 — etapa 4/4: conferência do relatório] Pasta: C:\projetos\MVP2\MVP2\MVP2\DETRAF-UNIFICADO\unificado\logs\inconsistencias
2026-08-14 09:41:17.777 | INFO    |src.controllers.geracao_agi_controller:gerar_artefatos:402 - [RPA 3 — etapa 4/4: conferência do relatório] ────────────────────────────────────────────────────────────
2026-08-14 09:41:17.777 | INFO    |src.controllers.geracao_agi_controller:gerar_artefatos:402 - [RPA 3 — etapa 4/4: conferência do relatório] Esta é a última etapa da execução.
2026-08-14 09:41:17.777 | INFO    |src.controllers.geracao_agi_controller:gerar_artefatos:415 - [RPA 3] Resumo de 202507 — 1 operadora(s): EXT 1, INT 1, _EXP 1, carta 1, CONT_PROC 1.
2026-08-14 09:41:17.777 | INFO    |src.controllers.geracao_agi_controller:gerar_artefatos:415 - [RPA 3]   CLARO: e-mail de contestação não enviado.
2026-08-14 09:41:17.778 | WARNING |src.controllers.geracao_agi_controller:gerar_artefatos:415 - [RPA 3] HU-15 sem destinatários: a tabela de contatos do WebFat continua sem resposta do cliente (pendência Q16). A ponte é apontar CAMINHO_CONTATOS_OPERADORAS para um CSV `operadora;emails`.
2026-08-14 09:41:17.779 | INFO    |src.controllers.geracao_agi_controller:_gravar_relatorio:956 - [Relatório] Resumo da execução em [C:\projetos\MVP2\MVP2\MVP2\DETRAF-UNIFICADO\unificado\logs\DESKTOP-64TNDKM\rpa3_contestacao_agi_ec\execucoes\2026-08-14_09-41-17.md].
2026-08-14 09:41:17.779 | INFO    |test_orquestracao_rpa3:test_cenario_unico_gera_uma_carta_so:617 - [STEP] Finalizando: GeracaoAgiController.gerar_artefatos | Tempo gasto: 0.17s
2026-08-14 09:41:17.783 | INFO    |comum.dados.repositorio_cache:__init__:77 - Inicializando conexão com o banco no ambiente [dev]
2026-08-14 09:41:17.783 | INFO    |comum.dados.repositorio_cache:__init__:77 - Utilizando SQLite local [C:\Users\BTIMES~1\AppData\Local\Temp\detraf_epico4_teste_rclx_oxd\TABELAS_DETRAF_TESTE.db]
2026-08-14 09:41:17.791 | INFO    |test_orquestracao_rpa3:test_nenhum_upload_e_nenhum_envio:679 - [STEP] Iniciando: GeracaoAgiController.gerar_artefatos
2026-08-14 09:41:17.791 | INFO    |comum.utils.decoradores:wrapper:22 - [RPA 3] 1 operadora(s) em 202507: CLARO.
2026-08-14 09:41:17.791 | INFO    |comum.dados.repositorio_cache:obter_tabela:214 - Carregando tabela [tbl_detraf_mapeamento_descritores]
2026-08-14 09:41:17.793 | INFO    |comum.dados.repositorio_cache:obter_tabela:214 - Tabela [tbl_detraf_mapeamento_descritores] carregada | Linhas: 25 | Colunas: 5
2026-08-14 09:41:17.796 | INFO    |src.controllers.geracao_agi_controller:_gerar_para_operadora:558 - [STEP] Iniciando: consolidar_detrafs_operadora
2026-08-14 09:41:17.797 | INFO    |src.services.consolidacao_contestacao:consolidar_detrafs_operadora:174 - [Consolidação] 1 arquivo(s) encontrado(s) em [C:\Users\Btime Soluções\AppData\Local\Temp\pytest-of-Btime Soluções\pytest-21\test_nenhum_upload_e_nenhum_en0\Operadoras\CLARO\2025\202507\Detrafs Recebidos].
2026-08-14 09:41:17.799 | INFO    |src.services.consolidacao_contestacao:consolidar_detrafs_operadora:177 - [Consolidação] [DETRAF_D_CLARO_202507.csv]: 1 linha(s) -> 1 após remover totais.
2026-08-14 09:41:17.799 | INFO    |src.services.consolidacao_contestacao:consolidar_detrafs_operadora:177 - [Consolidação] Consolidado: 1 linha(s) de 1 arquivo(s).
2026-08-14 09:41:17.799 | INFO    |src.controllers.geracao_agi_controller:_gerar_para_operadora:558 - [STEP] Finalizando: consolidar_detrafs_operadora | Tempo gasto: 0.0s
2026-08-14 09:41:17.799 | INFO    |src.controllers.geracao_agi_controller:_gerar_para_operadora:574 - [STEP] Iniciando: consolidar_expectativa_vivo
2026-08-14 09:41:17.800 | INFO    |src.services.consolidacao_contestacao:consolidar_expectativa_vivo:207 - [Consolidação] 1 arquivo(s) encontrado(s) em [C:\Users\Btime Soluções\AppData\Local\Temp\pytest-of-Btime Soluções\pytest-21\test_nenhum_upload_e_nenhum_en0\Operadoras\CLARO\2025\202507\Detrafs Enviados].
2026-08-14 09:41:17.802 | INFO    |src.services.consolidacao_contestacao:consolidar_expectativa_vivo:211 - [Consolidação] [DE_D_TBRA_CLARO_202507.csv]: 1 linha(s) -> 1 após remover totais.
2026-08-14 09:41:17.802 | INFO    |src.services.consolidacao_contestacao:consolidar_expectativa_vivo:211 - [Consolidação] Consolidado: 1 linha(s) de 1 arquivo(s).
2026-08-14 09:41:17.802 | INFO    |src.controllers.geracao_agi_controller:_gerar_para_operadora:574 - [STEP] Finalizando: consolidar_expectativa_vivo | Tempo gasto: 0.0s
2026-08-14 09:41:17.802 | INFO    |src.controllers.geracao_agi_controller:_gerar_para_operadora:586 - [STEP] Iniciando: montar_contest
2026-08-14 09:41:17.815 | INFO    |comum.utils.decoradores:wrapper:22 - [Consolidação] Contest: 1 combinação(ões) analisada(s).
2026-08-14 09:41:17.816 | INFO    |src.controllers.geracao_agi_controller:_gerar_para_operadora:586 - [STEP] Finalizando: montar_contest | Tempo gasto: 0.01s
2026-08-14 09:41:17.816 | INFO    |src.controllers.geracao_agi_controller:_gerar_para_operadora:595 - [STEP] Iniciando: GeracaoAgiController.atualizar_despesa_contestacao
2026-08-14 09:41:17.817 | INFO    |src.controllers.geracao_agi_controller:atualizar_despesa_contestacao:1066 - [STEP] Iniciando: preparar_atualizacoes_despesa_contestacao
2026-08-14 09:41:17.817 | INFO    |comum.dados.repositorio_cache:obter_tabela:214 - Carregando tabela [tbl_rpa_log_detraf_despesa_contestacao]
2026-08-14 09:41:17.820 | INFO    |comum.dados.repositorio_cache:obter_tabela:214 - Tabela [tbl_rpa_log_detraf_despesa_contestacao] carregada | Linhas: 2 | Colunas: 19
2026-08-14 09:41:17.823 | INFO    |comum.utils.decoradores:wrapper:22 - [HU-19 Despesa Contestação] 1 atualização(ões) preparada(s).
2026-08-14 09:41:17.823 | INFO    |src.controllers.geracao_agi_controller:atualizar_despesa_contestacao:1066 - [STEP] Finalizando: preparar_atualizacoes_despesa_contestacao | Tempo gasto: 0.01s
2026-08-14 09:41:17.824 | WARNING |comum.dados.repositorio_tabelas:atualizar_despesa_contestacao:1019 - [HU-19 Despesa Contestação] A tabela 'tbl_rpa_log_detraf_despesa_contestacao' não tem a(s) coluna(s) vb_contestacao — NÃO gravada(s). As demais seguem normalmente. Um ALTER TABLE resolve; ver pendencias-para-o-cliente.md (Q24).
2026-08-14 09:41:17.830 | INFO    |comum.dados.repositorio_tabelas:_atualizar_contestacao_em_lote:976 - 1 linha(s) atualizada(s) em [tbl_rpa_log_detraf_despesa_contestacao].
2026-08-14 09:41:17.831 | INFO    |comum.dados.repositorio_cache:recarregar_cache_local:375 - Carregando tabela [tbl_rpa_log_detraf_despesa_contestacao]
2026-08-14 09:41:17.832 | INFO    |comum.dados.repositorio_cache:recarregar_cache_local:375 - Tabela [tbl_rpa_log_detraf_despesa_contestacao] carregada | Linhas: 2 | Colunas: 19
2026-08-14 09:41:17.832 | INFO    |comum.dados.repositorio_tabelas:atualizar_despesa_contestacao:1019 - [HU-19 Despesa Contestação] 1 linha(s) atualizada(s), 0 chave(s) ausente(s).
2026-08-14 09:41:17.833 | INFO    |src.controllers.geracao_agi_controller:_gerar_para_operadora:595 - [STEP] Finalizando: GeracaoAgiController.atualizar_despesa_contestacao | Tempo gasto: 0.02s
2026-08-14 09:41:17.833 | INFO    |src.controllers.geracao_agi_controller:_gerar_ext:633 - [STEP] Iniciando: montar_linhas_ext
2026-08-14 09:41:17.839 | INFO    |comum.utils.decoradores:wrapper:22 - [HU-12 EXT] 1 linha(s) montada(s).
2026-08-14 09:41:17.840 | INFO    |src.controllers.geracao_agi_controller:_gerar_ext:633 - [STEP] Finalizando: montar_linhas_ext | Tempo gasto: 0.01s
2026-08-14 09:41:17.840 | INFO    |src.controllers.geracao_agi_controller:_gerar_ext:639 - [STEP] Iniciando: gerar_arquivo_ext
2026-08-14 09:41:17.849 | INFO    |comum.utils.decoradores:wrapper:22 - [HU-12 EXT] Arquivo gravado em [C:\Users\Btime Soluções\AppData\Local\Temp\pytest-of-Btime Soluções\pytest-21\test_nenhum_upload_e_nenhum_en0\Operadoras\CLARO\2025\202507\AGI\DE_AGI_D_202507_TBRA_X_CLARO_EXT.xlsx].
2026-08-14 09:41:17.849 | INFO    |src.controllers.geracao_agi_controller:_gerar_ext:639 - [STEP] Finalizando: gerar_arquivo_ext | Tempo gasto: 0.01s
2026-08-14 09:41:17.850 | INFO    |src.controllers.geracao_agi_controller:_gerar_int:648 - [STEP] Iniciando: montar_linhas_int
2026-08-14 09:41:17.857 | INFO    |comum.utils.decoradores:wrapper:22 - [HU-13 INT] 1 linha(s) montada(s) (COM retenção).
2026-08-14 09:41:17.857 | INFO    |src.controllers.geracao_agi_controller:_gerar_int:648 - [STEP] Finalizando: montar_linhas_int | Tempo gasto: 0.01s
2026-08-14 09:41:17.858 | INFO    |src.controllers.geracao_agi_controller:_gerar_int:654 - [STEP] Iniciando: gerar_arquivo_int
2026-08-14 09:41:17.865 | INFO    |comum.utils.decoradores:wrapper:22 - [HU-13 INT] Arquivo gravado em [C:\Users\Btime Soluções\AppData\Local\Temp\pytest-of-Btime Soluções\pytest-21\test_nenhum_upload_e_nenhum_en0\Operadoras\CLARO\2025\202507\AGI\DE_AGI_D_202507_TBRA_X_CLARO_INT.xlsx].
2026-08-14 09:41:17.865 | INFO    |src.controllers.geracao_agi_controller:_gerar_int:654 - [STEP] Finalizando: gerar_arquivo_int | Tempo gasto: 0.01s
2026-08-14 09:41:17.865 | INFO    |src.controllers.geracao_agi_controller:_gerar_env_e_carta:682 - [STEP] Iniciando: montar_abas_env
2026-08-14 09:41:17.872 | INFO    |comum.utils.decoradores:wrapper:22 - [HU-14 _EXP] Contest: 1 linha(s) contestada(s); TBRA: 1 linha(s) correspondente(s).
2026-08-14 09:41:17.873 | INFO    |src.controllers.geracao_agi_controller:_gerar_env_e_carta:682 - [STEP] Finalizando: montar_abas_env | Tempo gasto: 0.01s
2026-08-14 09:41:17.873 | INFO    |src.controllers.geracao_agi_controller:_gerar_env_e_carta:690 - [STEP] Iniciando: gerar_arquivo_env
2026-08-14 09:41:17.884 | INFO    |comum.utils.decoradores:wrapper:22 - [HU-14 _EXP] Arquivo gravado em [C:\Users\Btime Soluções\AppData\Local\Temp\pytest-of-Btime Soluções\pytest-21\test_nenhum_upload_e_nenhum_en0\Operadoras\CLARO\2025\202507\Contestações\Base Contestação_CLARO_202507_EXP.xlsx].
2026-08-14 09:41:17.884 | INFO    |src.controllers.geracao_agi_controller:_gerar_env_e_carta:690 - [STEP] Finalizando: gerar_arquivo_env | Tempo gasto: 0.01s
2026-08-14 09:41:17.890 | INFO    |src.controllers.geracao_agi_controller:_emitir_cartas:756 - [STEP] Iniciando: obter_proximo_numero_carta
2026-08-14 09:41:17.891 | INFO    |comum.utils.decoradores:wrapper:22 - [HU-14] Último número CT encontrado: 362. Próximo: 363.
2026-08-14 09:41:17.891 | INFO    |src.controllers.geracao_agi_controller:_emitir_cartas:756 - [STEP] Finalizando: obter_proximo_numero_carta | Tempo gasto: 0.0s
2026-08-14 09:41:17.891 | INFO    |src.controllers.geracao_agi_controller:_emitir_cartas:764 - [STEP] Iniciando: montar_tabelas_carta
2026-08-14 09:41:17.895 | INFO    |comum.utils.decoradores:wrapper:22 - [HU-14 Carta] 1 tabela(s) de remuneração montada(s).
2026-08-14 09:41:17.895 | INFO    |src.controllers.geracao_agi_controller:_emitir_cartas:764 - [STEP] Finalizando: montar_tabelas_carta | Tempo gasto: 0.0s
2026-08-14 09:41:17.895 | INFO    |src.controllers.geracao_agi_controller:_emitir_cartas:758 - [STEP] Iniciando: renderizar_carta
2026-08-14 09:41:17.911 | INFO    |comum.utils.decoradores:wrapper:22 - [HU-14 Carta] Carta CT-363 renderizada (1 tabela(s)).
2026-08-14 09:41:17.911 | INFO    |src.controllers.geracao_agi_controller:_emitir_cartas:758 - [STEP] Finalizando: renderizar_carta | Tempo gasto: 0.02s
2026-08-14 09:41:17.911 | INFO    |src.controllers.geracao_agi_controller:_emitir_cartas:768 - [STEP] Iniciando: gerar_arquivo_carta
2026-08-14 09:41:17.924 | INFO    |comum.utils.decoradores:wrapper:22 - [HU-14 Carta] Carta gravada em [C:\Users\Btime Soluções\AppData\Local\Temp\pytest-of-Btime Soluções\pytest-21\test_nenhum_upload_e_nenhum_en0\Operadoras\CLARO\2025\202507\Contestações\CT - 363.docx], cópia em [C:\Users\Btime Soluções\AppData\Local\Temp\pytest-of-Btime Soluções\pytest-21\test_nenhum_upload_e_nenhum_en0\CT\2025\CT - 363.docx].
2026-08-14 09:41:17.925 | INFO    |src.controllers.geracao_agi_controller:_emitir_cartas:768 - [STEP] Finalizando: gerar_arquivo_carta | Tempo gasto: 0.01s
2026-08-14 09:41:17.925 | INFO    |src.controllers.geracao_agi_controller:_gerar_env_e_carta:710 - [RPA 3] CLARO: carta CT 363 — COM retenção.
2026-08-14 09:41:17.925 | INFO    |src.controllers.geracao_agi_controller:_gerar_para_operadora:617 - [STEP] Iniciando: GeracaoAgiController.gerar_cont_proc
2026-08-14 09:41:17.926 | INFO    |src.controllers.geracao_agi_controller:gerar_cont_proc:1030 - [STEP] Iniciando: montar_linhas_cont_proc
2026-08-14 09:41:17.926 | INFO    |src.services.geracao_cont_proc:montar_linhas_cont_proc:224 - [STEP] Iniciando: selecionar_linhas_contestadas
2026-08-14 09:41:17.930 | INFO    |comum.utils.decoradores:wrapper:22 - [HU-16 CONT_PROC] 1 linha(s) contestada(s).
2026-08-14 09:41:17.930 | INFO    |src.services.geracao_cont_proc:montar_linhas_cont_proc:224 - [STEP] Finalizando: selecionar_linhas_contestadas | Tempo gasto: 0.0s
2026-08-14 09:41:17.931 | INFO    |comum.utils.decoradores:wrapper:22 - [HU-16 CONT_PROC] 1 linha(s) montada(s) (T-100+T-101 completos).
2026-08-14 09:41:17.932 | INFO    |src.controllers.geracao_agi_controller:gerar_cont_proc:1030 - [STEP] Finalizando: montar_linhas_cont_proc | Tempo gasto: 0.01s
2026-08-14 09:41:17.932 | INFO    |src.controllers.geracao_agi_controller:gerar_cont_proc:1036 - [STEP] Iniciando: gerar_arquivo_cont_proc
2026-08-14 09:41:17.941 | INFO    |comum.utils.decoradores:wrapper:22 - [HU-16 CONT_PROC] Arquivo gravado em [C:\Users\Btime Soluções\AppData\Local\Temp\pytest-of-Btime Soluções\pytest-21\test_nenhum_upload_e_nenhum_en0\Operadoras\CLARO\2025\202507\AGI\CONT_PROC_MASCARA_CLARO_202507.xlsx].
2026-08-14 09:41:17.941 | INFO    |src.controllers.geracao_agi_controller:gerar_cont_proc:1036 - [STEP] Finalizando: gerar_arquivo_cont_proc | Tempo gasto: 0.01s
2026-08-14 09:41:17.941 | INFO    |src.controllers.geracao_agi_controller:gerar_cont_proc:1046 - [STEP] Iniciando: selecionar_linhas_contestadas
2026-08-14 09:41:17.946 | INFO    |comum.utils.decoradores:wrapper:22 - [HU-16 CONT_PROC] 1 linha(s) contestada(s).
2026-08-14 09:41:17.946 | INFO    |src.controllers.geracao_agi_controller:gerar_cont_proc:1046 - [STEP] Finalizando: selecionar_linhas_contestadas | Tempo gasto: 0.0s
2026-08-14 09:41:17.949 | INFO    |comum.dados.repositorio_tabelas:_atualizar_contestacao_em_lote:976 - 1 linha(s) atualizada(s) em [tbl_rpa_log_detraf_despesa_contestacao].
2026-08-14 09:41:17.949 | INFO    |comum.dados.repositorio_cache:recarregar_cache_local:375 - Carregando tabela [tbl_rpa_log_detraf_despesa_contestacao]
2026-08-14 09:41:17.951 | INFO    |comum.dados.repositorio_cache:recarregar_cache_local:375 - Tabela [tbl_rpa_log_detraf_despesa_contestacao] carregada | Linhas: 2 | Colunas: 19
2026-08-14 09:41:17.951 | INFO    |comum.dados.repositorio_tabelas:atualizar_tipo_contestacao:1046 - [HU-16 Writeback tipo_contestacao] 1 linha(s) atualizada(s), 0 chave(s) ausente(s).
2026-08-14 09:41:17.951 | INFO    |src.controllers.geracao_agi_controller:_gerar_para_operadora:617 - [STEP] Finalizando: GeracaoAgiController.gerar_cont_proc | Tempo gasto: 0.03s
2026-08-14 09:41:17.952 | INFO    |src.controllers.geracao_agi_controller:_pausar_apos_artefatos:530 - [RPA 3 — etapa 1/4: artefatos] 1 operadora(s) em 202507:
2026-08-14 09:41:17.953 | INFO    |src.controllers.geracao_agi_controller:_pausar_apos_artefatos:530 - [RPA 3 — etapa 1/4: artefatos]   CLARO                EXT · INT · _EXP · 1 carta(s) · CONT_PROC
2026-08-14 09:41:17.953 | INFO    |src.controllers.geracao_agi_controller:_pausar_apos_artefatos:530 - [RPA 3 — etapa 1/4: artefatos] Pasta: C:\Users\Btime Soluções\AppData\Local\Temp\pytest-of-Btime Soluções\pytest-21\test_nenhum_upload_e_nenhum_en0\Operadoras
2026-08-14 09:41:17.953 | INFO    |src.controllers.geracao_agi_controller:_pausar_apos_artefatos:530 - [RPA 3 — etapa 1/4: artefatos] ────────────────────────────────────────────────────────────
2026-08-14 09:41:17.953 | INFO    |src.controllers.geracao_agi_controller:_pausar_apos_artefatos:530 - [RPA 3 — etapa 1/4: artefatos] PRÓXIMA ETAPA: carga no AGI (HU-17/HU-18) — ESCREVE NO AGI
2026-08-14 09:41:17.954 | INFO    |src.controllers.geracao_agi_controller:_carregar_no_agi:805 - [STEP] Iniciando: UploadDetrafAGI.executar
2026-08-14 09:41:17.954 | INFO    |comum.utils.decoradores:wrapper:22 - [MODO SEGURO] PERMITIR_UPLOAD_AGI=false — 2 arquivo(s) pendente(s), nada enviado ao AGI:
2026-08-14 09:41:17.955 | INFO    |comum.utils.decoradores:wrapper:22 -   CLARO: DE_AGI_D_202507_TBRA_X_CLARO_EXT.xlsx
2026-08-14 09:41:17.955 | INFO    |comum.utils.decoradores:wrapper:22 -   CLARO: DE_AGI_D_202507_TBRA_X_CLARO_INT.xlsx
2026-08-14 09:41:17.955 | INFO    |src.controllers.geracao_agi_controller:_carregar_no_agi:805 - [STEP] Finalizando: UploadDetrafAGI.executar | Tempo gasto: 0.0s
2026-08-14 09:41:17.955 | INFO    |src.controllers.geracao_agi_controller:_carregar_no_agi:808 - [STEP] Iniciando: UploadContestacaoAGI.executar
2026-08-14 09:41:17.955 | INFO    |comum.utils.decoradores:wrapper:22 - [MODO SEGURO] PERMITIR_UPLOAD_AGI=false — 1 arquivo(s) de contestação pendente(s), nada enviado ao AGI:
2026-08-14 09:41:17.956 | INFO    |comum.utils.decoradores:wrapper:22 -   CLARO: CONT_PROC_MASCARA_CLARO_202507.xlsx
2026-08-14 09:41:17.956 | INFO    |src.controllers.geracao_agi_controller:_carregar_no_agi:808 - [STEP] Finalizando: UploadContestacaoAGI.executar | Tempo gasto: 0.0s
2026-08-14 09:41:17.956 | INFO    |src.controllers.geracao_agi_controller:gerar_artefatos:332 - [RPA 3 — etapa 2/4: carga no AGI] 1 operadora(s) na lista de carga.
2026-08-14 09:41:17.956 | INFO    |src.controllers.geracao_agi_controller:gerar_artefatos:332 - [RPA 3 — etapa 2/4: carga no AGI] Upload no AGI: desligado — nada foi enviado, só registrado no log.
2026-08-14 09:41:17.956 | INFO    |src.controllers.geracao_agi_controller:gerar_artefatos:332 - [RPA 3 — etapa 2/4: carga no AGI] Confira no AGI se a carga entrou, e o campo `carga_agi` na tabela de contestação.
2026-08-14 09:41:17.956 | INFO    |src.controllers.geracao_agi_controller:gerar_artefatos:332 - [RPA 3 — etapa 2/4: carga no AGI] ────────────────────────────────────────────────────────────
2026-08-14 09:41:17.956 | INFO    |src.controllers.geracao_agi_controller:gerar_artefatos:332 - [RPA 3 — etapa 2/4: carga no AGI] PRÓXIMA ETAPA: e-mail de contestação à operadora (HU-15) — SAI DA EMPRESA
2026-08-14 09:41:17.957 | WARNING |src.controllers.geracao_agi_controller:<genexpr>:840 - [HU-15] Contatos de 'CLARO' indisponíveis: a tabela de contatos do WebFat ainda não foi informada pelo cliente (pendência Q16), e CAMINHO_CONTATOS_OPERADORAS não está configurado.
2026-08-14 09:41:17.957 | WARNING |src.controllers.geracao_agi_controller:gerar_artefatos:360 - [RPA 3] Nenhum destinatário para as 1 contestação(ões) do mês — o Outlook nem chega a ser aberto. Pendência Q16.
2026-08-14 09:41:17.957 | INFO    |src.controllers.geracao_agi_controller:gerar_artefatos:368 - [RPA 3 — etapa 3/4: e-mail de contestação] Envio de e-mail: desligado — o e-mail foi montado e registrado, não enviado.
2026-08-14 09:41:17.957 | INFO    |src.controllers.geracao_agi_controller:gerar_artefatos:368 - [RPA 3 — etapa 3/4: e-mail de contestação] Contatos: não configurados (pendência Q16) — nada é enviado
2026-08-14 09:41:17.957 | INFO    |src.controllers.geracao_agi_controller:gerar_artefatos:368 - [RPA 3 — etapa 3/4: e-mail de contestação] ────────────────────────────────────────────────────────────
2026-08-14 09:41:17.957 | INFO    |src.controllers.geracao_agi_controller:gerar_artefatos:368 - [RPA 3 — etapa 3/4: e-mail de contestação] PRÓXIMA ETAPA: conferência do relatório contra o EC (HU-20)
2026-08-14 09:41:17.957 | INFO    |src.controllers.geracao_agi_controller:_verificar_relatorio:895 - [STEP] Iniciando: VerificacaoRelatorio.executar
2026-08-14 09:41:17.972 | INFO    |src.controllers.geracao_agi_controller:_verificar_relatorio:895 - [STEP] Finalizando: VerificacaoRelatorio.executar | Tempo gasto: 0.01s
2026-08-14 09:41:17.973 | ERROR   |src.controllers.geracao_agi_controller:gerar_artefatos:398 - [RPA 3] Falha na verificação do relatório (HU-20): DIRETORIO_AGI não configurado — não há executável do AGI.
Traceback (most recent call last):
  File "<string>", line 5, in <module>
  File "C:\Users\Btime Soluções\AppData\Local\Programs\Python\Python314\Lib\site-packages\_pytest\config\__init__.py", line 201, in main
    return _main(args=args, plugins=plugins, prog="pytest.main()")
  File "C:\Users\Btime Soluções\AppData\Local\Programs\Python\Python314\Lib\site-packages\_pytest\config\__init__.py", line 229, in _main
    ret: ExitCode | int = config.hook.pytest_cmdline_main(config=config)
  File "C:\Users\Btime Soluções\AppData\Local\Programs\Python\Python314\Lib\site-packages\pluggy\_hooks.py", line 512, in __call__
    return self._hookexec(self.name, self._hookimpls.copy(), kwargs, firstresult)
  File "C:\Users\Btime Soluções\AppData\Local\Programs\Python\Python314\Lib\site-packages\pluggy\_manager.py", line 120, in _hookexec
    return self._inner_hookexec(hook_name, methods, kwargs, firstresult)
  File "C:\Users\Btime Soluções\AppData\Local\Programs\Python\Python314\Lib\site-packages\pluggy\_callers.py", line 121, in _multicall
    res = hook_impl.function(*args)
  File "C:\Users\Btime Soluções\AppData\Local\Programs\Python\Python314\Lib\site-packages\_pytest\main.py", line 377, in pytest_cmdline_main
    return wrap_session(config, _main)
  File "C:\Users\Btime Soluções\AppData\Local\Programs\Python\Python314\Lib\site-packages\_pytest\main.py", line 330, in wrap_session
    session.exitstatus = doit(config, session) or 0
  File "C:\Users\Btime Soluções\AppData\Local\Programs\Python\Python314\Lib\site-packages\_pytest\main.py", line 384, in _main
    config.hook.pytest_runtestloop(session=session)
  File "C:\Users\Btime Soluções\AppData\Local\Programs\Python\Python314\Lib\site-packages\pluggy\_hooks.py", line 512, in __call__
    return self._hookexec(self.name, self._hookimpls.copy(), kwargs, firstresult)
  File "C:\Users\Btime Soluções\AppData\Local\Programs\Python\Python314\Lib\site-packages\pluggy\_manager.py", line 120, in _hookexec
    return self._inner_hookexec(hook_name, methods, kwargs, firstresult)
  File "C:\Users\Btime Soluções\AppData\Local\Programs\Python\Python314\Lib\site-packages\pluggy\_callers.py", line 121, in _multicall
    res = hook_impl.function(*args)
  File "C:\Users\Btime Soluções\AppData\Local\Programs\Python\Python314\Lib\site-packages\_pytest\main.py", line 408, in pytest_runtestloop
    item.config.hook.pytest_runtest_protocol(item=item, nextitem=nextitem)
  File "C:\Users\Btime Soluções\AppData\Local\Programs\Python\Python314\Lib\site-packages\pluggy\_hooks.py", line 512, in __call__
    return self._hookexec(self.name, self._hookimpls.copy(), kwargs, firstresult)
  File "C:\Users\Btime Soluções\AppData\Local\Programs\Python\Python314\Lib\site-packages\pluggy\_manager.py", line 120, in _hookexec
    return self._inner_hookexec(hook_name, methods, kwargs, firstresult)
  File "C:\Users\Btime Soluções\AppData\Local\Programs\Python\Python314\Lib\site-packages\pluggy\_callers.py", line 121, in _multicall
    res = hook_impl.function(*args)
  File "C:\Users\Btime Soluções\AppData\Local\Programs\Python\Python314\Lib\site-packages\_pytest\runner.py", line 118, in pytest_runtest_protocol
    runtestprotocol(item, nextitem=nextitem)
  File "C:\Users\Btime Soluções\AppData\Local\Programs\Python\Python314\Lib\site-packages\_pytest\runner.py", line 139, in runtestprotocol
    reports.append(call_and_report(item, "call", log))
  File "C:\Users\Btime Soluções\AppData\Local\Programs\Python\Python314\Lib\site-packages\_pytest\runner.py", line 249, in call_and_report
    call = CallInfo.from_call(
  File "C:\Users\Btime Soluções\AppData\Local\Programs\Python\Python314\Lib\site-packages\_pytest\runner.py", line 361, in from_call
    result: TResult | None = func()
  File "C:\Users\Btime Soluções\AppData\Local\Programs\Python\Python314\Lib\site-packages\_pytest\runner.py", line 250, in <lambda>
    lambda: runtest_hook(item=item, **kwds),
  File "C:\Users\Btime Soluções\AppData\Local\Programs\Python\Python314\Lib\site-packages\pluggy\_hooks.py", line 512, in __call__
    return self._hookexec(self.name, self._hookimpls.copy(), kwargs, firstresult)
  File "C:\Users\Btime Soluções\AppData\Local\Programs\Python\Python314\Lib\site-packages\pluggy\_manager.py", line 120, in _hookexec
    return self._inner_hookexec(hook_name, methods, kwargs, firstresult)
  File "C:\Users\Btime Soluções\AppData\Local\Programs\Python\Python314\Lib\site-packages\pluggy\_callers.py", line 121, in _multicall
    res = hook_impl.function(*args)
  File "C:\Users\Btime Soluções\AppData\Local\Programs\Python\Python314\Lib\site-packages\_pytest\runner.py", line 184, in pytest_runtest_call
    item.runtest()
  File "C:\Users\Btime Soluções\AppData\Local\Programs\Python\Python314\Lib\site-packages\_pytest\python.py", line 1707, in runtest
    self.ihook.pytest_pyfunc_call(pyfuncitem=self)
  File "C:\Users\Btime Soluções\AppData\Local\Programs\Python\Python314\Lib\site-packages\pluggy\_hooks.py", line 512, in __call__
    return self._hookexec(self.name, self._hookimpls.copy(), kwargs, firstresult)
  File "C:\Users\Btime Soluções\AppData\Local\Programs\Python\Python314\Lib\site-packages\pluggy\_manager.py", line 120, in _hookexec
    return self._inner_hookexec(hook_name, methods, kwargs, firstresult)
  File "C:\Users\Btime Soluções\AppData\Local\Programs\Python\Python314\Lib\site-packages\pluggy\_callers.py", line 121, in _multicall
    res = hook_impl.function(*args)
  File "C:\Users\Btime Soluções\AppData\Local\Programs\Python\Python314\Lib\site-packages\_pytest\python.py", line 167, in pytest_pyfunc_call
    result = testfunction(**testargs)
  File "C:\projetos\MVP2\MVP2\MVP2\DETRAF-UNIFICADO\unificado\rpa3_contestacao_agi_ec\tests\test_orquestracao_rpa3.py", line 679, in test_nenhum_upload_e_nenhum_envio
    resultado = controller_com_agi_proibido.gerar_artefatos(
  File "C:\projetos\MVP2\MVP2\MVP2\DETRAF-UNIFICADO\unificado\comum\utils\decoradores.py", line 22, in wrapper
    return func(*args, **kwargs)
  File "C:\projetos\MVP2\MVP2\MVP2\DETRAF-UNIFICADO\unificado\rpa3_contestacao_agi_ec\src\controllers\geracao_agi_controller.py", line 398, in gerar_artefatos
    self._verificar_relatorio(referencia)
> File "C:\projetos\MVP2\MVP2\MVP2\DETRAF-UNIFICADO\unificado\rpa3_contestacao_agi_ec\src\controllers\geracao_agi_controller.py", line 895, in _verificar_relatorio
    VerificacaoRelatorio(repositorio=self.repositorio).executar(referencia)
  File "C:\projetos\MVP2\MVP2\MVP2\DETRAF-UNIFICADO\unificado\comum\utils\decoradores.py", line 22, in wrapper
    return func(*args, **kwargs)
  File "C:\projetos\MVP2\MVP2\MVP2\DETRAF-UNIFICADO\unificado\rpa3_contestacao_agi_ec\src\services\verificacao_relatorio.py", line 391, in executar
    self._baixar(caminho)
  File "C:\projetos\MVP2\MVP2\MVP2\DETRAF-UNIFICADO\unificado\rpa3_contestacao_agi_ec\src\services\verificacao_relatorio.py", line 411, in _baixar
    self.agi.inicializar()
  File "C:\projetos\MVP2\MVP2\MVP2\DETRAF-UNIFICADO\unificado\comum\integracoes\agi.py", line 358, in inicializar
    raise AGIError("DIRETORIO_AGI não configurado — não há executável do AGI.")
comum.integracoes.agi.AGIError: DIRETORIO_AGI não configurado — não há executável do AGI.
2026-08-14 09:41:17.980 | INFO    |src.controllers.geracao_agi_controller:gerar_artefatos:402 - [RPA 3 — etapa 4/4: conferência do relatório] A conferência compara o relatório do AGI com o Encontro de Contas do banco.
2026-08-14 09:41:17.980 | INFO    |src.controllers.geracao_agi_controller:gerar_artefatos:402 - [RPA 3 — etapa 4/4: conferência do relatório] A planilha de inconsistências só é gravada quando há divergência — nenhum arquivo significa nenhuma divergência.
2026-08-14 09:41:17.980 | INFO    |src.controllers.geracao_agi_controller:gerar_artefatos:402 - [RPA 3 — etapa 4/4: conferência do relatório] Pasta: C:\projetos\MVP2\MVP2\MVP2\DETRAF-UNIFICADO\unificado\logs\inconsistencias
2026-08-14 09:41:17.981 | INFO    |src.controllers.geracao_agi_controller:gerar_artefatos:402 - [RPA 3 — etapa 4/4: conferência do relatório] ────────────────────────────────────────────────────────────
2026-08-14 09:41:17.981 | INFO    |src.controllers.geracao_agi_controller:gerar_artefatos:402 - [RPA 3 — etapa 4/4: conferência do relatório] Esta é a última etapa da execução.
2026-08-14 09:41:17.981 | INFO    |src.controllers.geracao_agi_controller:gerar_artefatos:415 - [RPA 3] Resumo de 202507 — 1 operadora(s): EXT 1, INT 1, _EXP 1, carta 1, CONT_PROC 1.
2026-08-14 09:41:17.981 | INFO    |src.controllers.geracao_agi_controller:gerar_artefatos:415 - [RPA 3]   CLARO: e-mail de contestação não enviado.
2026-08-14 09:41:17.981 | WARNING |src.controllers.geracao_agi_controller:gerar_artefatos:415 - [RPA 3] HU-15 sem destinatários: a tabela de contatos do WebFat continua sem resposta do cliente (pendência Q16). A ponte é apontar CAMINHO_CONTATOS_OPERADORAS para um CSV `operadora;emails`.
2026-08-14 09:41:17.982 | INFO    |src.controllers.geracao_agi_controller:_gravar_relatorio:956 - [Relatório] Resumo da execução em [C:\projetos\MVP2\MVP2\MVP2\DETRAF-UNIFICADO\unificado\logs\DESKTOP-64TNDKM\rpa3_contestacao_agi_ec\execucoes\2026-08-14_09-41-17.md].
2026-08-14 09:41:17.982 | INFO    |test_orquestracao_rpa3:test_nenhum_upload_e_nenhum_envio:679 - [STEP] Finalizando: GeracaoAgiController.gerar_artefatos | Tempo gasto: 0.19s
2026-08-14 09:41:17.990 | INFO    |test_orquestracao_rpa3:test_o_upload_para_antes_de_tocar_no_agi:701 - [STEP] Iniciando: UploadDetrafAGI.executar
2026-08-14 09:41:17.991 | INFO    |src.services.upload_detraf_agi:executar:202 - [HU-17] Nenhum EXT/INT em [C:\Users\Btime Soluções\AppData\Local\Temp\pytest-of-Btime Soluções\pytest-21\test_o_upload_para_antes_de_to0\Operadoras\CLARO\2025\202507\AGI].
2026-08-14 09:41:17.991 | INFO    |comum.utils.decoradores:wrapper:22 - [HU-17] Nada pendente em EXT/INT; nada a fazer.
2026-08-14 09:41:17.991 | INFO    |test_orquestracao_rpa3:test_o_upload_para_antes_de_tocar_no_agi:701 - [STEP] Finalizando: UploadDetrafAGI.executar | Tempo gasto: 0.0s
2026-08-14 09:41:17.994 | INFO    |comum.dados.repositorio_cache:__init__:77 - Inicializando conexão com o banco no ambiente [dev]
2026-08-14 09:41:17.994 | INFO    |comum.dados.repositorio_cache:__init__:77 - Utilizando SQLite local [C:\Users\BTIMES~1\AppData\Local\Temp\detraf_epico4_teste_rclx_oxd\TABELAS_DETRAF_TESTE.db]
2026-08-14 09:41:18.000 | INFO    |test_orquestracao_rpa3:test_sem_etapa_roda_tudo:719 - [STEP] Iniciando: GeracaoAgiController.gerar_artefatos
2026-08-14 09:41:18.000 | INFO    |comum.utils.decoradores:wrapper:22 - [RPA 3] 1 operadora(s) em 202507: CLARO.
2026-08-14 09:41:18.000 | INFO    |comum.dados.repositorio_cache:obter_tabela:214 - Carregando tabela [tbl_detraf_mapeamento_descritores]
2026-08-14 09:41:18.002 | INFO    |comum.dados.repositorio_cache:obter_tabela:214 - Tabela [tbl_detraf_mapeamento_descritores] carregada | Linhas: 25 | Colunas: 5
2026-08-14 09:41:18.006 | INFO    |src.controllers.geracao_agi_controller:_gerar_para_operadora:558 - [STEP] Iniciando: consolidar_detrafs_operadora
2026-08-14 09:41:18.006 | INFO    |src.services.consolidacao_contestacao:consolidar_detrafs_operadora:174 - [Consolidação] 1 arquivo(s) encontrado(s) em [C:\Users\Btime Soluções\AppData\Local\Temp\pytest-of-Btime Soluções\pytest-21\test_sem_etapa_roda_tudo0\Operadoras\CLARO\2025\202507\Detrafs Recebidos].
2026-08-14 09:41:18.008 | INFO    |src.services.consolidacao_contestacao:consolidar_detrafs_operadora:177 - [Consolidação] [DETRAF_D_CLARO_202507.csv]: 1 linha(s) -> 1 após remover totais.
2026-08-14 09:41:18.009 | INFO    |src.services.consolidacao_contestacao:consolidar_detrafs_operadora:177 - [Consolidação] Consolidado: 1 linha(s) de 1 arquivo(s).
2026-08-14 09:41:18.009 | INFO    |src.controllers.geracao_agi_controller:_gerar_para_operadora:558 - [STEP] Finalizando: consolidar_detrafs_operadora | Tempo gasto: 0.0s
2026-08-14 09:41:18.009 | INFO    |src.controllers.geracao_agi_controller:_gerar_para_operadora:574 - [STEP] Iniciando: consolidar_expectativa_vivo
2026-08-14 09:41:18.009 | INFO    |src.services.consolidacao_contestacao:consolidar_expectativa_vivo:207 - [Consolidação] 1 arquivo(s) encontrado(s) em [C:\Users\Btime Soluções\AppData\Local\Temp\pytest-of-Btime Soluções\pytest-21\test_sem_etapa_roda_tudo0\Operadoras\CLARO\2025\202507\Detrafs Enviados].
2026-08-14 09:41:18.011 | INFO    |src.services.consolidacao_contestacao:consolidar_expectativa_vivo:211 - [Consolidação] [DE_D_TBRA_CLARO_202507.csv]: 1 linha(s) -> 1 após remover totais.
2026-08-14 09:41:18.011 | INFO    |src.services.consolidacao_contestacao:consolidar_expectativa_vivo:211 - [Consolidação] Consolidado: 1 linha(s) de 1 arquivo(s).
2026-08-14 09:41:18.012 | INFO    |src.controllers.geracao_agi_controller:_gerar_para_operadora:574 - [STEP] Finalizando: consolidar_expectativa_vivo | Tempo gasto: 0.0s
2026-08-14 09:41:18.012 | INFO    |src.controllers.geracao_agi_controller:_gerar_para_operadora:586 - [STEP] Iniciando: montar_contest
2026-08-14 09:41:18.026 | INFO    |comum.utils.decoradores:wrapper:22 - [Consolidação] Contest: 1 combinação(ões) analisada(s).
2026-08-14 09:41:18.026 | INFO    |src.controllers.geracao_agi_controller:_gerar_para_operadora:586 - [STEP] Finalizando: montar_contest | Tempo gasto: 0.01s
2026-08-14 09:41:18.026 | INFO    |src.controllers.geracao_agi_controller:_gerar_para_operadora:595 - [STEP] Iniciando: GeracaoAgiController.atualizar_despesa_contestacao
2026-08-14 09:41:18.026 | INFO    |src.controllers.geracao_agi_controller:atualizar_despesa_contestacao:1066 - [STEP] Iniciando: preparar_atualizacoes_despesa_contestacao
2026-08-14 09:41:18.027 | INFO    |comum.dados.repositorio_cache:obter_tabela:214 - Carregando tabela [tbl_rpa_log_detraf_despesa_contestacao]
2026-08-14 09:41:18.028 | INFO    |comum.dados.repositorio_cache:obter_tabela:214 - Tabela [tbl_rpa_log_detraf_despesa_contestacao] carregada | Linhas: 2 | Colunas: 19
2026-08-14 09:41:18.032 | INFO    |comum.utils.decoradores:wrapper:22 - [HU-19 Despesa Contestação] 1 atualização(ões) preparada(s).
2026-08-14 09:41:18.032 | INFO    |src.controllers.geracao_agi_controller:atualizar_despesa_contestacao:1066 - [STEP] Finalizando: preparar_atualizacoes_despesa_contestacao | Tempo gasto: 0.01s
2026-08-14 09:41:18.032 | WARNING |comum.dados.repositorio_tabelas:atualizar_despesa_contestacao:1019 - [HU-19 Despesa Contestação] A tabela 'tbl_rpa_log_detraf_despesa_contestacao' não tem a(s) coluna(s) vb_contestacao — NÃO gravada(s). As demais seguem normalmente. Um ALTER TABLE resolve; ver pendencias-para-o-cliente.md (Q24).
2026-08-14 09:41:18.040 | INFO    |comum.dados.repositorio_tabelas:_atualizar_contestacao_em_lote:976 - 1 linha(s) atualizada(s) em [tbl_rpa_log_detraf_despesa_contestacao].
2026-08-14 09:41:18.040 | INFO    |comum.dados.repositorio_cache:recarregar_cache_local:375 - Carregando tabela [tbl_rpa_log_detraf_despesa_contestacao]
2026-08-14 09:41:18.042 | INFO    |comum.dados.repositorio_cache:recarregar_cache_local:375 - Tabela [tbl_rpa_log_detraf_despesa_contestacao] carregada | Linhas: 2 | Colunas: 19
2026-08-14 09:41:18.042 | INFO    |comum.dados.repositorio_tabelas:atualizar_despesa_contestacao:1019 - [HU-19 Despesa Contestação] 1 linha(s) atualizada(s), 0 chave(s) ausente(s).
2026-08-14 09:41:18.042 | INFO    |src.controllers.geracao_agi_controller:_gerar_para_operadora:595 - [STEP] Finalizando: GeracaoAgiController.atualizar_despesa_contestacao | Tempo gasto: 0.02s
2026-08-14 09:41:18.042 | INFO    |src.controllers.geracao_agi_controller:_gerar_ext:633 - [STEP] Iniciando: montar_linhas_ext
2026-08-14 09:41:18.048 | INFO    |comum.utils.decoradores:wrapper:22 - [HU-12 EXT] 1 linha(s) montada(s).
2026-08-14 09:41:18.048 | INFO    |src.controllers.geracao_agi_controller:_gerar_ext:633 - [STEP] Finalizando: montar_linhas_ext | Tempo gasto: 0.01s
2026-08-14 09:41:18.048 | INFO    |src.controllers.geracao_agi_controller:_gerar_ext:639 - [STEP] Iniciando: gerar_arquivo_ext
2026-08-14 09:41:18.057 | INFO    |comum.utils.decoradores:wrapper:22 - [HU-12 EXT] Arquivo gravado em [C:\Users\Btime Soluções\AppData\Local\Temp\pytest-of-Btime Soluções\pytest-21\test_sem_etapa_roda_tudo0\Operadoras\CLARO\2025\202507\AGI\DE_AGI_D_202507_TBRA_X_CLARO_EXT.xlsx].
2026-08-14 09:41:18.057 | INFO    |src.controllers.geracao_agi_controller:_gerar_ext:639 - [STEP] Finalizando: gerar_arquivo_ext | Tempo gasto: 0.01s
2026-08-14 09:41:18.057 | INFO    |src.controllers.geracao_agi_controller:_gerar_int:648 - [STEP] Iniciando: montar_linhas_int
2026-08-14 09:41:18.063 | INFO    |comum.utils.decoradores:wrapper:22 - [HU-13 INT] 1 linha(s) montada(s) (COM retenção).
2026-08-14 09:41:18.063 | INFO    |src.controllers.geracao_agi_controller:_gerar_int:648 - [STEP] Finalizando: montar_linhas_int | Tempo gasto: 0.01s
2026-08-14 09:41:18.063 | INFO    |src.controllers.geracao_agi_controller:_gerar_int:654 - [STEP] Iniciando: gerar_arquivo_int
2026-08-14 09:41:18.072 | INFO    |comum.utils.decoradores:wrapper:22 - [HU-13 INT] Arquivo gravado em [C:\Users\Btime Soluções\AppData\Local\Temp\pytest-of-Btime Soluções\pytest-21\test_sem_etapa_roda_tudo0\Operadoras\CLARO\2025\202507\AGI\DE_AGI_D_202507_TBRA_X_CLARO_INT.xlsx].
2026-08-14 09:41:18.072 | INFO    |src.controllers.geracao_agi_controller:_gerar_int:654 - [STEP] Finalizando: gerar_arquivo_int | Tempo gasto: 0.01s
2026-08-14 09:41:18.072 | INFO    |src.controllers.geracao_agi_controller:_gerar_env_e_carta:682 - [STEP] Iniciando: montar_abas_env
2026-08-14 09:41:18.078 | INFO    |comum.utils.decoradores:wrapper:22 - [HU-14 _EXP] Contest: 1 linha(s) contestada(s); TBRA: 1 linha(s) correspondente(s).
2026-08-14 09:41:18.079 | INFO    |src.controllers.geracao_agi_controller:_gerar_env_e_carta:682 - [STEP] Finalizando: montar_abas_env | Tempo gasto: 0.01s
2026-08-14 09:41:18.079 | INFO    |src.controllers.geracao_agi_controller:_gerar_env_e_carta:690 - [STEP] Iniciando: gerar_arquivo_env
2026-08-14 09:41:18.090 | INFO    |comum.utils.decoradores:wrapper:22 - [HU-14 _EXP] Arquivo gravado em [C:\Users\Btime Soluções\AppData\Local\Temp\pytest-of-Btime Soluções\pytest-21\test_sem_etapa_roda_tudo0\Operadoras\CLARO\2025\202507\Contestações\Base Contestação_CLARO_202507_EXP.xlsx].
2026-08-14 09:41:18.090 | INFO    |src.controllers.geracao_agi_controller:_gerar_env_e_carta:690 - [STEP] Finalizando: gerar_arquivo_env | Tempo gasto: 0.01s
2026-08-14 09:41:18.095 | ERROR   |src.controllers.geracao_agi_controller:_gerar_para_operadora:606 - [RPA 3] Numeração CT indisponível: [HU-14] Pasta de controle de numeração CT não encontrada: [C:\Users\Btime Soluções\AppData\Local\Temp\pytest-of-Btime Soluções\pytest-21\test_sem_etapa_roda_tudo0\CT\2025]. A geração de CARTA fica desabilitada para toda esta execução — os demais artefatos continuam sendo gerados.
2026-08-14 09:41:18.095 | INFO    |src.controllers.geracao_agi_controller:_gerar_para_operadora:617 - [STEP] Iniciando: GeracaoAgiController.gerar_cont_proc
2026-08-14 09:41:18.095 | INFO    |src.controllers.geracao_agi_controller:gerar_cont_proc:1030 - [STEP] Iniciando: montar_linhas_cont_proc
2026-08-14 09:41:18.096 | INFO    |src.services.geracao_cont_proc:montar_linhas_cont_proc:224 - [STEP] Iniciando: selecionar_linhas_contestadas
2026-08-14 09:41:18.099 | INFO    |comum.utils.decoradores:wrapper:22 - [HU-16 CONT_PROC] 1 linha(s) contestada(s).
2026-08-14 09:41:18.099 | INFO    |src.services.geracao_cont_proc:montar_linhas_cont_proc:224 - [STEP] Finalizando: selecionar_linhas_contestadas | Tempo gasto: 0.0s
2026-08-14 09:41:18.101 | INFO    |comum.utils.decoradores:wrapper:22 - [HU-16 CONT_PROC] 1 linha(s) montada(s) (T-100+T-101 completos).
2026-08-14 09:41:18.101 | INFO    |src.controllers.geracao_agi_controller:gerar_cont_proc:1030 - [STEP] Finalizando: montar_linhas_cont_proc | Tempo gasto: 0.01s
2026-08-14 09:41:18.101 | INFO    |src.controllers.geracao_agi_controller:gerar_cont_proc:1036 - [STEP] Iniciando: gerar_arquivo_cont_proc
2026-08-14 09:41:18.110 | INFO    |comum.utils.decoradores:wrapper:22 - [HU-16 CONT_PROC] Arquivo gravado em [C:\Users\Btime Soluções\AppData\Local\Temp\pytest-of-Btime Soluções\pytest-21\test_sem_etapa_roda_tudo0\Operadoras\CLARO\2025\202507\AGI\CONT_PROC_MASCARA_CLARO_202507.xlsx].
2026-08-14 09:41:18.110 | INFO    |src.controllers.geracao_agi_controller:gerar_cont_proc:1036 - [STEP] Finalizando: gerar_arquivo_cont_proc | Tempo gasto: 0.01s
2026-08-14 09:41:18.110 | INFO    |src.controllers.geracao_agi_controller:gerar_cont_proc:1046 - [STEP] Iniciando: selecionar_linhas_contestadas
2026-08-14 09:41:18.114 | INFO    |comum.utils.decoradores:wrapper:22 - [HU-16 CONT_PROC] 1 linha(s) contestada(s).
2026-08-14 09:41:18.114 | INFO    |src.controllers.geracao_agi_controller:gerar_cont_proc:1046 - [STEP] Finalizando: selecionar_linhas_contestadas | Tempo gasto: 0.0s
2026-08-14 09:41:18.117 | INFO    |comum.dados.repositorio_tabelas:_atualizar_contestacao_em_lote:976 - 1 linha(s) atualizada(s) em [tbl_rpa_log_detraf_despesa_contestacao].
2026-08-14 09:41:18.117 | INFO    |comum.dados.repositorio_cache:recarregar_cache_local:375 - Carregando tabela [tbl_rpa_log_detraf_despesa_contestacao]
2026-08-14 09:41:18.121 | INFO    |comum.dados.repositorio_cache:recarregar_cache_local:375 - Tabela [tbl_rpa_log_detraf_despesa_contestacao] carregada | Linhas: 2 | Colunas: 19
2026-08-14 09:41:18.121 | INFO    |comum.dados.repositorio_tabelas:atualizar_tipo_contestacao:1046 - [HU-16 Writeback tipo_contestacao] 1 linha(s) atualizada(s), 0 chave(s) ausente(s).
2026-08-14 09:41:18.121 | INFO    |src.controllers.geracao_agi_controller:_gerar_para_operadora:617 - [STEP] Finalizando: GeracaoAgiController.gerar_cont_proc | Tempo gasto: 0.03s
2026-08-14 09:41:18.122 | INFO    |src.controllers.geracao_agi_controller:_pausar_apos_artefatos:530 - [RPA 3 — etapa 1/4: artefatos] 1 operadora(s) em 202507:
2026-08-14 09:41:18.122 | INFO    |src.controllers.geracao_agi_controller:_pausar_apos_artefatos:530 - [RPA 3 — etapa 1/4: artefatos]   CLARO                EXT · INT · _EXP · CONT_PROC
2026-08-14 09:41:18.122 | INFO    |src.controllers.geracao_agi_controller:_pausar_apos_artefatos:530 - [RPA 3 — etapa 1/4: artefatos]                        pulado: carta desabilitada nesta execução (numeração CT)
2026-08-14 09:41:18.122 | INFO    |src.controllers.geracao_agi_controller:_pausar_apos_artefatos:530 - [RPA 3 — etapa 1/4: artefatos] Pasta: C:\Users\Btime Soluções\AppData\Local\Temp\pytest-of-Btime Soluções\pytest-21\test_sem_etapa_roda_tudo0\Operadoras
2026-08-14 09:41:18.123 | INFO    |src.controllers.geracao_agi_controller:_pausar_apos_artefatos:530 - [RPA 3 — etapa 1/4: artefatos] ────────────────────────────────────────────────────────────
2026-08-14 09:41:18.123 | INFO    |src.controllers.geracao_agi_controller:_pausar_apos_artefatos:530 - [RPA 3 — etapa 1/4: artefatos] PRÓXIMA ETAPA: carga no AGI (HU-17/HU-18) — ESCREVE NO AGI
2026-08-14 09:41:18.123 | INFO    |src.controllers.geracao_agi_controller:gerar_artefatos:332 - [RPA 3 — etapa 2/4: carga no AGI] 1 operadora(s) na lista de carga.
2026-08-14 09:41:18.123 | INFO    |src.controllers.geracao_agi_controller:gerar_artefatos:332 - [RPA 3 — etapa 2/4: carga no AGI] Upload no AGI: desligado — nada foi enviado, só registrado no log.
2026-08-14 09:41:18.123 | INFO    |src.controllers.geracao_agi_controller:gerar_artefatos:332 - [RPA 3 — etapa 2/4: carga no AGI] Confira no AGI se a carga entrou, e o campo `carga_agi` na tabela de contestação.
2026-08-14 09:41:18.123 | INFO    |src.controllers.geracao_agi_controller:gerar_artefatos:332 - [RPA 3 — etapa 2/4: carga no AGI] ────────────────────────────────────────────────────────────
2026-08-14 09:41:18.123 | INFO    |src.controllers.geracao_agi_controller:gerar_artefatos:332 - [RPA 3 — etapa 2/4: carga no AGI] PRÓXIMA ETAPA: e-mail de contestação à operadora (HU-15) — SAI DA EMPRESA
2026-08-14 09:41:18.123 | INFO    |src.controllers.geracao_agi_controller:gerar_artefatos:368 - [RPA 3 — etapa 3/4: e-mail de contestação] Envio de e-mail: desligado — o e-mail foi montado e registrado, não enviado.
2026-08-14 09:41:18.124 | INFO    |src.controllers.geracao_agi_controller:gerar_artefatos:368 - [RPA 3 — etapa 3/4: e-mail de contestação] Contatos: não configurados (pendência Q16) — nada é enviado
2026-08-14 09:41:18.124 | INFO    |src.controllers.geracao_agi_controller:gerar_artefatos:368 - [RPA 3 — etapa 3/4: e-mail de contestação] ────────────────────────────────────────────────────────────
2026-08-14 09:41:18.124 | INFO    |src.controllers.geracao_agi_controller:gerar_artefatos:368 - [RPA 3 — etapa 3/4: e-mail de contestação] PRÓXIMA ETAPA: conferência do relatório contra o EC (HU-20)
2026-08-14 09:41:18.124 | INFO    |src.controllers.geracao_agi_controller:_verificar_relatorio:895 - [STEP] Iniciando: VerificacaoRelatorio.executar
2026-08-14 09:41:18.124 | INFO    |comum.utils.decoradores:wrapper:22 - [MODO SEGURO] PERMITIR_ACESSO_AGI=false — o AGI não será aberto. A verificação usa o relatório já em [C:\projetos\MVP2\MVP2\MVP2\DETRAF-UNIFICADO\unificado\logs\relatorio_agi\remessa_baixada.csv].
2026-08-14 09:41:18.124 | INFO    |src.controllers.geracao_agi_controller:_verificar_relatorio:895 - [STEP] Finalizando: VerificacaoRelatorio.executar | Tempo gasto: 0.0s
2026-08-14 09:41:18.124 | WARNING |src.controllers.geracao_agi_controller:gerar_artefatos:398 - [RPA 3] HU-20 não executada: Relatório do AGI não encontrado em [C:\projetos\MVP2\MVP2\MVP2\DETRAF-UNIFICADO\unificado\logs\relatorio_agi\remessa_baixada.csv]. Com PERMITIR_ACESSO_AGI desligado, é preciso baixá-lo antes.
2026-08-14 09:41:18.125 | INFO    |src.controllers.geracao_agi_controller:gerar_artefatos:402 - [RPA 3 — etapa 4/4: conferência do relatório] A conferência compara o relatório do AGI com o Encontro de Contas do banco.
2026-08-14 09:41:18.125 | INFO    |src.controllers.geracao_agi_controller:gerar_artefatos:402 - [RPA 3 — etapa 4/4: conferência do relatório] A planilha de inconsistências só é gravada quando há divergência — nenhum arquivo significa nenhuma divergência.
2026-08-14 09:41:18.125 | INFO    |src.controllers.geracao_agi_controller:gerar_artefatos:402 - [RPA 3 — etapa 4/4: conferência do relatório] Pasta: C:\projetos\MVP2\MVP2\MVP2\DETRAF-UNIFICADO\unificado\logs\inconsistencias
2026-08-14 09:41:18.125 | INFO    |src.controllers.geracao_agi_controller:gerar_artefatos:402 - [RPA 3 — etapa 4/4: conferência do relatório] ────────────────────────────────────────────────────────────
2026-08-14 09:41:18.125 | INFO    |src.controllers.geracao_agi_controller:gerar_artefatos:402 - [RPA 3 — etapa 4/4: conferência do relatório] Esta é a última etapa da execução.
2026-08-14 09:41:18.125 | INFO    |src.controllers.geracao_agi_controller:gerar_artefatos:415 - [RPA 3] Resumo de 202507 — 1 operadora(s): EXT 1, INT 1, _EXP 1, carta 0, CONT_PROC 1.
2026-08-14 09:41:18.125 | INFO    |src.controllers.geracao_agi_controller:gerar_artefatos:415 - [RPA 3]   CLARO: carta desabilitada nesta execução (numeração CT).
2026-08-14 09:41:18.125 | WARNING |src.controllers.geracao_agi_controller:gerar_artefatos:415 - [RPA 3] HU-15 sem destinatários: a tabela de contatos do WebFat continua sem resposta do cliente (pendência Q16). A ponte é apontar CAMINHO_CONTATOS_OPERADORAS para um CSV `operadora;emails`.
2026-08-14 09:41:18.126 | INFO    |src.controllers.geracao_agi_controller:_gravar_relatorio:956 - [Relatório] Resumo da execução em [C:\projetos\MVP2\MVP2\MVP2\DETRAF-UNIFICADO\unificado\logs\DESKTOP-64TNDKM\rpa3_contestacao_agi_ec\execucoes\2026-08-14_09-41-18.md].
2026-08-14 09:41:18.127 | INFO    |test_orquestracao_rpa3:test_sem_etapa_roda_tudo:719 - [STEP] Finalizando: GeracaoAgiController.gerar_artefatos | Tempo gasto: 0.13s
2026-08-14 09:41:18.131 | INFO    |comum.dados.repositorio_cache:__init__:77 - Inicializando conexão com o banco no ambiente [dev]
2026-08-14 09:41:18.131 | INFO    |comum.dados.repositorio_cache:__init__:77 - Utilizando SQLite local [C:\Users\BTIMES~1\AppData\Local\Temp\detraf_epico4_teste_rclx_oxd\TABELAS_DETRAF_TESTE.db]
2026-08-14 09:41:18.138 | INFO    |test_orquestracao_rpa3:test_etapa_artefatos_nao_chama_a_carga:732 - [STEP] Iniciando: GeracaoAgiController.gerar_artefatos
2026-08-14 09:41:18.139 | INFO    |comum.utils.decoradores:wrapper:22 - [RPA 3] 1 operadora(s) em 202507: CLARO.
2026-08-14 09:41:18.139 | INFO    |comum.dados.repositorio_cache:obter_tabela:214 - Carregando tabela [tbl_detraf_mapeamento_descritores]
2026-08-14 09:41:18.141 | INFO    |comum.dados.repositorio_cache:obter_tabela:214 - Tabela [tbl_detraf_mapeamento_descritores] carregada | Linhas: 25 | Colunas: 5
2026-08-14 09:41:18.144 | INFO    |src.controllers.geracao_agi_controller:_gerar_para_operadora:558 - [STEP] Iniciando: consolidar_detrafs_operadora
2026-08-14 09:41:18.144 | INFO    |src.services.consolidacao_contestacao:consolidar_detrafs_operadora:174 - [Consolidação] 1 arquivo(s) encontrado(s) em [C:\Users\Btime Soluções\AppData\Local\Temp\pytest-of-Btime Soluções\pytest-21\test_etapa_artefatos_nao_chama0\Operadoras\CLARO\2025\202507\Detrafs Recebidos].
2026-08-14 09:41:18.146 | INFO    |src.services.consolidacao_contestacao:consolidar_detrafs_operadora:177 - [Consolidação] [DETRAF_D_CLARO_202507.csv]: 1 linha(s) -> 1 após remover totais.
2026-08-14 09:41:18.147 | INFO    |src.services.consolidacao_contestacao:consolidar_detrafs_operadora:177 - [Consolidação] Consolidado: 1 linha(s) de 1 arquivo(s).
2026-08-14 09:41:18.147 | INFO    |src.controllers.geracao_agi_controller:_gerar_para_operadora:558 - [STEP] Finalizando: consolidar_detrafs_operadora | Tempo gasto: 0.0s
2026-08-14 09:41:18.147 | INFO    |src.controllers.geracao_agi_controller:_gerar_para_operadora:574 - [STEP] Iniciando: consolidar_expectativa_vivo
2026-08-14 09:41:18.148 | INFO    |src.services.consolidacao_contestacao:consolidar_expectativa_vivo:207 - [Consolidação] 1 arquivo(s) encontrado(s) em [C:\Users\Btime Soluções\AppData\Local\Temp\pytest-of-Btime Soluções\pytest-21\test_etapa_artefatos_nao_chama0\Operadoras\CLARO\2025\202507\Detrafs Enviados].
2026-08-14 09:41:18.149 | INFO    |src.services.consolidacao_contestacao:consolidar_expectativa_vivo:211 - [Consolidação] [DE_D_TBRA_CLARO_202507.csv]: 1 linha(s) -> 1 após remover totais.
2026-08-14 09:41:18.150 | INFO    |src.services.consolidacao_contestacao:consolidar_expectativa_vivo:211 - [Consolidação] Consolidado: 1 linha(s) de 1 arquivo(s).
2026-08-14 09:41:18.150 | INFO    |src.controllers.geracao_agi_controller:_gerar_para_operadora:574 - [STEP] Finalizando: consolidar_expectativa_vivo | Tempo gasto: 0.0s
2026-08-14 09:41:18.150 | INFO    |src.controllers.geracao_agi_controller:_gerar_para_operadora:586 - [STEP] Iniciando: montar_contest
2026-08-14 09:41:18.164 | INFO    |comum.utils.decoradores:wrapper:22 - [Consolidação] Contest: 1 combinação(ões) analisada(s).
2026-08-14 09:41:18.164 | INFO    |src.controllers.geracao_agi_controller:_gerar_para_operadora:586 - [STEP] Finalizando: montar_contest | Tempo gasto: 0.01s
2026-08-14 09:41:18.164 | INFO    |src.controllers.geracao_agi_controller:_gerar_para_operadora:595 - [STEP] Iniciando: GeracaoAgiController.atualizar_despesa_contestacao
2026-08-14 09:41:18.164 | INFO    |src.controllers.geracao_agi_controller:atualizar_despesa_contestacao:1066 - [STEP] Iniciando: preparar_atualizacoes_despesa_contestacao
2026-08-14 09:41:18.165 | INFO    |comum.dados.repositorio_cache:obter_tabela:214 - Carregando tabela [tbl_rpa_log_detraf_despesa_contestacao]
2026-08-14 09:41:18.166 | INFO    |comum.dados.repositorio_cache:obter_tabela:214 - Tabela [tbl_rpa_log_detraf_despesa_contestacao] carregada | Linhas: 2 | Colunas: 19
2026-08-14 09:41:18.170 | INFO    |comum.utils.decoradores:wrapper:22 - [HU-19 Despesa Contestação] 1 atualização(ões) preparada(s).
2026-08-14 09:41:18.171 | INFO    |src.controllers.geracao_agi_controller:atualizar_despesa_contestacao:1066 - [STEP] Finalizando: preparar_atualizacoes_despesa_contestacao | Tempo gasto: 0.01s
2026-08-14 09:41:18.171 | WARNING |comum.dados.repositorio_tabelas:atualizar_despesa_contestacao:1019 - [HU-19 Despesa Contestação] A tabela 'tbl_rpa_log_detraf_despesa_contestacao' não tem a(s) coluna(s) vb_contestacao — NÃO gravada(s). As demais seguem normalmente. Um ALTER TABLE resolve; ver pendencias-para-o-cliente.md (Q24).
2026-08-14 09:41:18.177 | INFO    |comum.dados.repositorio_tabelas:_atualizar_contestacao_em_lote:976 - 1 linha(s) atualizada(s) em [tbl_rpa_log_detraf_despesa_contestacao].
2026-08-14 09:41:18.177 | INFO    |comum.dados.repositorio_cache:recarregar_cache_local:375 - Carregando tabela [tbl_rpa_log_detraf_despesa_contestacao]
2026-08-14 09:41:18.179 | INFO    |comum.dados.repositorio_cache:recarregar_cache_local:375 - Tabela [tbl_rpa_log_detraf_despesa_contestacao] carregada | Linhas: 2 | Colunas: 19
2026-08-14 09:41:18.179 | INFO    |comum.dados.repositorio_tabelas:atualizar_despesa_contestacao:1019 - [HU-19 Despesa Contestação] 1 linha(s) atualizada(s), 0 chave(s) ausente(s).
2026-08-14 09:41:18.179 | INFO    |src.controllers.geracao_agi_controller:_gerar_para_operadora:595 - [STEP] Finalizando: GeracaoAgiController.atualizar_despesa_contestacao | Tempo gasto: 0.02s
2026-08-14 09:41:18.179 | INFO    |src.controllers.geracao_agi_controller:_gerar_ext:633 - [STEP] Iniciando: montar_linhas_ext
2026-08-14 09:41:18.185 | INFO    |comum.utils.decoradores:wrapper:22 - [HU-12 EXT] 1 linha(s) montada(s).
2026-08-14 09:41:18.186 | INFO    |src.controllers.geracao_agi_controller:_gerar_ext:633 - [STEP] Finalizando: montar_linhas_ext | Tempo gasto: 0.01s
2026-08-14 09:41:18.186 | INFO    |src.controllers.geracao_agi_controller:_gerar_ext:639 - [STEP] Iniciando: gerar_arquivo_ext
2026-08-14 09:41:18.194 | INFO    |comum.utils.decoradores:wrapper:22 - [HU-12 EXT] Arquivo gravado em [C:\Users\Btime Soluções\AppData\Local\Temp\pytest-of-Btime Soluções\pytest-21\test_etapa_artefatos_nao_chama0\Operadoras\CLARO\2025\202507\AGI\DE_AGI_D_202507_TBRA_X_CLARO_EXT.xlsx].
2026-08-14 09:41:18.194 | INFO    |src.controllers.geracao_agi_controller:_gerar_ext:639 - [STEP] Finalizando: gerar_arquivo_ext | Tempo gasto: 0.01s
2026-08-14 09:41:18.194 | INFO    |src.controllers.geracao_agi_controller:_gerar_int:648 - [STEP] Iniciando: montar_linhas_int
2026-08-14 09:41:18.200 | INFO    |comum.utils.decoradores:wrapper:22 - [HU-13 INT] 1 linha(s) montada(s) (COM retenção).
2026-08-14 09:41:18.200 | INFO    |src.controllers.geracao_agi_controller:_gerar_int:648 - [STEP] Finalizando: montar_linhas_int | Tempo gasto: 0.01s
2026-08-14 09:41:18.200 | INFO    |src.controllers.geracao_agi_controller:_gerar_int:654 - [STEP] Iniciando: gerar_arquivo_int
2026-08-14 09:41:18.208 | INFO    |comum.utils.decoradores:wrapper:22 - [HU-13 INT] Arquivo gravado em [C:\Users\Btime Soluções\AppData\Local\Temp\pytest-of-Btime Soluções\pytest-21\test_etapa_artefatos_nao_chama0\Operadoras\CLARO\2025\202507\AGI\DE_AGI_D_202507_TBRA_X_CLARO_INT.xlsx].
2026-08-14 09:41:18.208 | INFO    |src.controllers.geracao_agi_controller:_gerar_int:654 - [STEP] Finalizando: gerar_arquivo_int | Tempo gasto: 0.01s
2026-08-14 09:41:18.209 | INFO    |src.controllers.geracao_agi_controller:_gerar_env_e_carta:682 - [STEP] Iniciando: montar_abas_env
2026-08-14 09:41:18.214 | INFO    |comum.utils.decoradores:wrapper:22 - [HU-14 _EXP] Contest: 1 linha(s) contestada(s); TBRA: 1 linha(s) correspondente(s).
2026-08-14 09:41:18.215 | INFO    |src.controllers.geracao_agi_controller:_gerar_env_e_carta:682 - [STEP] Finalizando: montar_abas_env | Tempo gasto: 0.01s
2026-08-14 09:41:18.215 | INFO    |src.controllers.geracao_agi_controller:_gerar_env_e_carta:690 - [STEP] Iniciando: gerar_arquivo_env
2026-08-14 09:41:18.225 | INFO    |comum.utils.decoradores:wrapper:22 - [HU-14 _EXP] Arquivo gravado em [C:\Users\Btime Soluções\AppData\Local\Temp\pytest-of-Btime Soluções\pytest-21\test_etapa_artefatos_nao_chama0\Operadoras\CLARO\2025\202507\Contestações\Base Contestação_CLARO_202507_EXP.xlsx].
2026-08-14 09:41:18.226 | INFO    |src.controllers.geracao_agi_controller:_gerar_env_e_carta:690 - [STEP] Finalizando: gerar_arquivo_env | Tempo gasto: 0.01s
2026-08-14 09:41:18.230 | ERROR   |src.controllers.geracao_agi_controller:_gerar_para_operadora:606 - [RPA 3] Numeração CT indisponível: [HU-14] Pasta de controle de numeração CT não encontrada: [C:\Users\Btime Soluções\AppData\Local\Temp\pytest-of-Btime Soluções\pytest-21\test_etapa_artefatos_nao_chama0\CT\2025]. A geração de CARTA fica desabilitada para toda esta execução — os demais artefatos continuam sendo gerados.
2026-08-14 09:41:18.230 | INFO    |src.controllers.geracao_agi_controller:_gerar_para_operadora:617 - [STEP] Iniciando: GeracaoAgiController.gerar_cont_proc
2026-08-14 09:41:18.231 | INFO    |src.controllers.geracao_agi_controller:gerar_cont_proc:1030 - [STEP] Iniciando: montar_linhas_cont_proc
2026-08-14 09:41:18.231 | INFO    |src.services.geracao_cont_proc:montar_linhas_cont_proc:224 - [STEP] Iniciando: selecionar_linhas_contestadas
2026-08-14 09:41:18.235 | INFO    |comum.utils.decoradores:wrapper:22 - [HU-16 CONT_PROC] 1 linha(s) contestada(s).
2026-08-14 09:41:18.236 | INFO    |src.services.geracao_cont_proc:montar_linhas_cont_proc:224 - [STEP] Finalizando: selecionar_linhas_contestadas | Tempo gasto: 0.01s
2026-08-14 09:41:18.238 | INFO    |comum.utils.decoradores:wrapper:22 - [HU-16 CONT_PROC] 1 linha(s) montada(s) (T-100+T-101 completos).
2026-08-14 09:41:18.238 | INFO    |src.controllers.geracao_agi_controller:gerar_cont_proc:1030 - [STEP] Finalizando: montar_linhas_cont_proc | Tempo gasto: 0.01s
2026-08-14 09:41:18.239 | INFO    |src.controllers.geracao_agi_controller:gerar_cont_proc:1036 - [STEP] Iniciando: gerar_arquivo_cont_proc
2026-08-14 09:41:18.246 | INFO    |comum.utils.decoradores:wrapper:22 - [HU-16 CONT_PROC] Arquivo gravado em [C:\Users\Btime Soluções\AppData\Local\Temp\pytest-of-Btime Soluções\pytest-21\test_etapa_artefatos_nao_chama0\Operadoras\CLARO\2025\202507\AGI\CONT_PROC_MASCARA_CLARO_202507.xlsx].
2026-08-14 09:41:18.246 | INFO    |src.controllers.geracao_agi_controller:gerar_cont_proc:1036 - [STEP] Finalizando: gerar_arquivo_cont_proc | Tempo gasto: 0.01s
2026-08-14 09:41:18.247 | INFO    |src.controllers.geracao_agi_controller:gerar_cont_proc:1046 - [STEP] Iniciando: selecionar_linhas_contestadas
2026-08-14 09:41:18.251 | INFO    |comum.utils.decoradores:wrapper:22 - [HU-16 CONT_PROC] 1 linha(s) contestada(s).
2026-08-14 09:41:18.251 | INFO    |src.controllers.geracao_agi_controller:gerar_cont_proc:1046 - [STEP] Finalizando: selecionar_linhas_contestadas | Tempo gasto: 0.0s
2026-08-14 09:41:18.255 | INFO    |comum.dados.repositorio_tabelas:_atualizar_contestacao_em_lote:976 - 1 linha(s) atualizada(s) em [tbl_rpa_log_detraf_despesa_contestacao].
2026-08-14 09:41:18.255 | INFO    |comum.dados.repositorio_cache:recarregar_cache_local:375 - Carregando tabela [tbl_rpa_log_detraf_despesa_contestacao]
2026-08-14 09:41:18.256 | INFO    |comum.dados.repositorio_cache:recarregar_cache_local:375 - Tabela [tbl_rpa_log_detraf_despesa_contestacao] carregada | Linhas: 2 | Colunas: 19
2026-08-14 09:41:18.257 | INFO    |comum.dados.repositorio_tabelas:atualizar_tipo_contestacao:1046 - [HU-16 Writeback tipo_contestacao] 1 linha(s) atualizada(s), 0 chave(s) ausente(s).
2026-08-14 09:41:18.257 | INFO    |src.controllers.geracao_agi_controller:_gerar_para_operadora:617 - [STEP] Finalizando: GeracaoAgiController.gerar_cont_proc | Tempo gasto: 0.03s
2026-08-14 09:41:18.257 | INFO    |src.controllers.geracao_agi_controller:_pausar_apos_artefatos:530 - [RPA 3 — etapa 1/4: artefatos] 1 operadora(s) em 202507:
2026-08-14 09:41:18.258 | INFO    |src.controllers.geracao_agi_controller:_pausar_apos_artefatos:530 - [RPA 3 — etapa 1/4: artefatos]   CLARO                EXT · INT · _EXP · CONT_PROC
2026-08-14 09:41:18.258 | INFO    |src.controllers.geracao_agi_controller:_pausar_apos_artefatos:530 - [RPA 3 — etapa 1/4: artefatos]                        pulado: carta desabilitada nesta execução (numeração CT)
2026-08-14 09:41:18.258 | INFO    |src.controllers.geracao_agi_controller:_pausar_apos_artefatos:530 - [RPA 3 — etapa 1/4: artefatos] Pasta: C:\Users\Btime Soluções\AppData\Local\Temp\pytest-of-Btime Soluções\pytest-21\test_etapa_artefatos_nao_chama0\Operadoras
2026-08-14 09:41:18.258 | INFO    |src.controllers.geracao_agi_controller:_pausar_apos_artefatos:530 - [RPA 3 — etapa 1/4: artefatos] ────────────────────────────────────────────────────────────
2026-08-14 09:41:18.258 | INFO    |src.controllers.geracao_agi_controller:_pausar_apos_artefatos:530 - [RPA 3 — etapa 1/4: artefatos] PRÓXIMA ETAPA: nenhuma — a execução termina aqui (--etapa=artefatos)
2026-08-14 09:41:18.258 | INFO    |src.controllers.geracao_agi_controller:gerar_artefatos:312 - [RPA 3] Etapa 'carga' pulada por --etapa=artefatos.
2026-08-14 09:41:18.258 | INFO    |src.controllers.geracao_agi_controller:gerar_artefatos:350 - [RPA 3] Etapa 'email' pulada por --etapa=artefatos.
2026-08-14 09:41:18.259 | INFO    |src.controllers.geracao_agi_controller:gerar_artefatos:388 - [RPA 3] Etapa 'verificacao' pulada por --etapa=artefatos.
2026-08-14 09:41:18.259 | INFO    |src.controllers.geracao_agi_controller:gerar_artefatos:415 - [RPA 3] Resumo de 202507 — 1 operadora(s): EXT 1, INT 1, _EXP 1, carta 0, CONT_PROC 1.
2026-08-14 09:41:18.259 | INFO    |src.controllers.geracao_agi_controller:gerar_artefatos:415 - [RPA 3]   CLARO: carta desabilitada nesta execução (numeração CT).
2026-08-14 09:41:18.259 | WARNING |src.controllers.geracao_agi_controller:gerar_artefatos:415 - [RPA 3] HU-15 sem destinatários: a tabela de contatos do WebFat continua sem resposta do cliente (pendência Q16). A ponte é apontar CAMINHO_CONTATOS_OPERADORAS para um CSV `operadora;emails`.
2026-08-14 09:41:18.260 | INFO    |src.controllers.geracao_agi_controller:_gravar_relatorio:956 - [Relatório] Resumo da execução em [C:\projetos\MVP2\MVP2\MVP2\DETRAF-UNIFICADO\unificado\logs\DESKTOP-64TNDKM\rpa3_contestacao_agi_ec\execucoes\2026-08-14_09-41-18.md].
2026-08-14 09:41:18.260 | INFO    |test_orquestracao_rpa3:test_etapa_artefatos_nao_chama_a_carga:732 - [STEP] Finalizando: GeracaoAgiController.gerar_artefatos | Tempo gasto: 0.12s
2026-08-14 09:41:18.264 | INFO    |comum.dados.repositorio_cache:__init__:77 - Inicializando conexão com o banco no ambiente [dev]
2026-08-14 09:41:18.264 | INFO    |comum.dados.repositorio_cache:__init__:77 - Utilizando SQLite local [C:\Users\BTIMES~1\AppData\Local\Temp\detraf_epico4_teste_rclx_oxd\TABELAS_DETRAF_TESTE.db]
2026-08-14 09:41:18.274 | INFO    |test_orquestracao_rpa3:test_etapa_carga_nao_regera_os_artefatos:760 - [STEP] Iniciando: GeracaoAgiController.gerar_artefatos
2026-08-14 09:41:18.274 | INFO    |comum.utils.decoradores:wrapper:22 - [RPA 3] 1 operadora(s) em 202507: CLARO.
2026-08-14 09:41:18.274 | INFO    |comum.dados.repositorio_cache:obter_tabela:214 - Carregando tabela [tbl_detraf_mapeamento_descritores]
2026-08-14 09:41:18.276 | INFO    |comum.dados.repositorio_cache:obter_tabela:214 - Tabela [tbl_detraf_mapeamento_descritores] carregada | Linhas: 25 | Colunas: 5
2026-08-14 09:41:18.279 | INFO    |src.controllers.geracao_agi_controller:gerar_artefatos:290 - [RPA 3] Etapa 'artefatos' pulada por --etapa=carga.
2026-08-14 09:41:18.280 | INFO    |src.controllers.geracao_agi_controller:gerar_artefatos:304 - [RPA 3] Etapa 'artefatos' pulada por --etapa=carga.
2026-08-14 09:41:18.280 | INFO    |src.controllers.geracao_agi_controller:gerar_artefatos:332 - [RPA 3 — etapa 2/4: carga no AGI] 1 operadora(s) na lista de carga.
2026-08-14 09:41:18.280 | INFO    |src.controllers.geracao_agi_controller:gerar_artefatos:332 - [RPA 3 — etapa 2/4: carga no AGI] Upload no AGI: desligado — nada foi enviado, só registrado no log.
2026-08-14 09:41:18.280 | INFO    |src.controllers.geracao_agi_controller:gerar_artefatos:332 - [RPA 3 — etapa 2/4: carga no AGI] Confira no AGI se a carga entrou, e o campo `carga_agi` na tabela de contestação.
2026-08-14 09:41:18.281 | INFO    |src.controllers.geracao_agi_controller:gerar_artefatos:332 - [RPA 3 — etapa 2/4: carga no AGI] ────────────────────────────────────────────────────────────
2026-08-14 09:41:18.281 | INFO    |src.controllers.geracao_agi_controller:gerar_artefatos:332 - [RPA 3 — etapa 2/4: carga no AGI] PRÓXIMA ETAPA: nenhuma — a execução termina aqui (--etapa=carga)
2026-08-14 09:41:18.281 | INFO    |src.controllers.geracao_agi_controller:gerar_artefatos:350 - [RPA 3] Etapa 'email' pulada por --etapa=carga.
2026-08-14 09:41:18.281 | INFO    |src.controllers.geracao_agi_controller:gerar_artefatos:388 - [RPA 3] Etapa 'verificacao' pulada por --etapa=carga.
2026-08-14 09:41:18.281 | INFO    |src.controllers.geracao_agi_controller:gerar_artefatos:415 - [RPA 3] Resumo de 202507 — 1 operadora(s): EXT 0, INT 0, _EXP 0, carta 0, CONT_PROC 0.
2026-08-14 09:41:18.281 | WARNING |src.controllers.geracao_agi_controller:gerar_artefatos:415 - [RPA 3] HU-15 sem destinatários: a tabela de contatos do WebFat continua sem resposta do cliente (pendência Q16). A ponte é apontar CAMINHO_CONTATOS_OPERADORAS para um CSV `operadora;emails`.
2026-08-14 09:41:18.282 | INFO    |src.controllers.geracao_agi_controller:_gravar_relatorio:956 - [Relatório] Resumo da execução em [C:\projetos\MVP2\MVP2\MVP2\DETRAF-UNIFICADO\unificado\logs\DESKTOP-64TNDKM\rpa3_contestacao_agi_ec\execucoes\2026-08-14_09-41-18.md].
2026-08-14 09:41:18.282 | INFO    |test_orquestracao_rpa3:test_etapa_carga_nao_regera_os_artefatos:760 - [STEP] Finalizando: GeracaoAgiController.gerar_artefatos | Tempo gasto: 0.01s
2026-08-14 09:41:18.287 | INFO    |comum.dados.repositorio_cache:__init__:77 - Inicializando conexão com o banco no ambiente [dev]
2026-08-14 09:41:18.287 | INFO    |comum.dados.repositorio_cache:__init__:77 - Utilizando SQLite local [C:\Users\BTIMES~1\AppData\Local\Temp\detraf_epico4_teste_rclx_oxd\TABELAS_DETRAF_TESTE.db]
2026-08-14 09:41:18.293 | INFO    |test_orquestracao_rpa3:test_etapa_carga_ignora_quem_nao_tem_artefato:783 - [STEP] Iniciando: GeracaoAgiController.gerar_artefatos
2026-08-14 09:41:18.293 | INFO    |comum.utils.decoradores:wrapper:22 - [RPA 3] 1 operadora(s) em 202507: CLARO.
2026-08-14 09:41:18.294 | INFO    |comum.dados.repositorio_cache:obter_tabela:214 - Carregando tabela [tbl_detraf_mapeamento_descritores]
2026-08-14 09:41:18.295 | INFO    |comum.dados.repositorio_cache:obter_tabela:214 - Tabela [tbl_detraf_mapeamento_descritores] carregada | Linhas: 25 | Colunas: 5
2026-08-14 09:41:18.298 | INFO    |src.controllers.geracao_agi_controller:gerar_artefatos:290 - [RPA 3] Etapa 'artefatos' pulada por --etapa=carga.
2026-08-14 09:41:18.298 | INFO    |src.controllers.geracao_agi_controller:gerar_artefatos:299 - [RPA 3] 'CLARO' não tem artefato em [C:\Users\Btime Soluções\AppData\Local\Temp\pytest-of-Btime Soluções\pytest-21\test_etapa_carga_ignora_quem_n0\Operadoras\CLARO\2025\202507\AGI] — fora da carga. Rode --etapa artefatos antes.
2026-08-14 09:41:18.299 | INFO    |src.controllers.geracao_agi_controller:gerar_artefatos:304 - [RPA 3] Etapa 'artefatos' pulada por --etapa=carga.
2026-08-14 09:41:18.299 | INFO    |src.controllers.geracao_agi_controller:gerar_artefatos:321 - [RPA 3] Nenhum artefato gerado — nada a carregar no AGI.
2026-08-14 09:41:18.299 | INFO    |src.controllers.geracao_agi_controller:gerar_artefatos:332 - [RPA 3 — etapa 2/4: carga no AGI] 0 operadora(s) na lista de carga.
2026-08-14 09:41:18.299 | INFO    |src.controllers.geracao_agi_controller:gerar_artefatos:332 - [RPA 3 — etapa 2/4: carga no AGI] Upload no AGI: desligado — nada foi enviado, só registrado no log.
2026-08-14 09:41:18.299 | INFO    |src.controllers.geracao_agi_controller:gerar_artefatos:332 - [RPA 3 — etapa 2/4: carga no AGI] Confira no AGI se a carga entrou, e o campo `carga_agi` na tabela de contestação.
2026-08-14 09:41:18.299 | INFO    |src.controllers.geracao_agi_controller:gerar_artefatos:332 - [RPA 3 — etapa 2/4: carga no AGI] ────────────────────────────────────────────────────────────
2026-08-14 09:41:18.299 | INFO    |src.controllers.geracao_agi_controller:gerar_artefatos:332 - [RPA 3 — etapa 2/4: carga no AGI] PRÓXIMA ETAPA: nenhuma — a execução termina aqui (--etapa=carga)
2026-08-14 09:41:18.300 | INFO    |src.controllers.geracao_agi_controller:gerar_artefatos:350 - [RPA 3] Etapa 'email' pulada por --etapa=carga.
2026-08-14 09:41:18.300 | INFO    |src.controllers.geracao_agi_controller:gerar_artefatos:388 - [RPA 3] Etapa 'verificacao' pulada por --etapa=carga.
2026-08-14 09:41:18.300 | INFO    |src.controllers.geracao_agi_controller:gerar_artefatos:415 - [RPA 3] Resumo de 202507 — 1 operadora(s): EXT 0, INT 0, _EXP 0, carta 0, CONT_PROC 0.
2026-08-14 09:41:18.300 | WARNING |src.controllers.geracao_agi_controller:gerar_artefatos:415 - [RPA 3] HU-15 sem destinatários: a tabela de contatos do WebFat continua sem resposta do cliente (pendência Q16). A ponte é apontar CAMINHO_CONTATOS_OPERADORAS para um CSV `operadora;emails`.
2026-08-14 09:41:18.301 | INFO    |src.controllers.geracao_agi_controller:_gravar_relatorio:956 - [Relatório] Resumo da execução em [C:\projetos\MVP2\MVP2\MVP2\DETRAF-UNIFICADO\unificado\logs\DESKTOP-64TNDKM\rpa3_contestacao_agi_ec\execucoes\2026-08-14_09-41-18.md].
2026-08-14 09:41:18.301 | INFO    |test_orquestracao_rpa3:test_etapa_carga_ignora_quem_nao_tem_artefato:783 - [STEP] Finalizando: GeracaoAgiController.gerar_artefatos | Tempo gasto: 0.01s
2026-08-14 09:41:18.306 | INFO    |comum.dados.repositorio_cache:__init__:77 - Inicializando conexão com o banco no ambiente [dev]
2026-08-14 09:41:18.306 | INFO    |comum.dados.repositorio_cache:__init__:77 - Utilizando SQLite local [C:\Users\BTIMES~1\AppData\Local\Temp\detraf_epico4_teste_rclx_oxd\TABELAS_DETRAF_TESTE.db]
2026-08-14 09:41:18.312 | INFO    |test_orquestracao_rpa3:test_a_etapa_pulada_e_anunciada:801 - [STEP] Iniciando: GeracaoAgiController.gerar_artefatos
2026-08-14 09:41:18.313 | INFO    |comum.utils.decoradores:wrapper:22 - [RPA 3] 1 operadora(s) em 202507: CLARO.
2026-08-14 09:41:18.313 | INFO    |comum.dados.repositorio_cache:obter_tabela:214 - Carregando tabela [tbl_detraf_mapeamento_descritores]
2026-08-14 09:41:18.315 | INFO    |comum.dados.repositorio_cache:obter_tabela:214 - Tabela [tbl_detraf_mapeamento_descritores] carregada | Linhas: 25 | Colunas: 5
2026-08-14 09:41:18.318 | INFO    |src.controllers.geracao_agi_controller:_gerar_para_operadora:558 - [STEP] Iniciando: consolidar_detrafs_operadora
2026-08-14 09:41:18.319 | INFO    |src.services.consolidacao_contestacao:consolidar_detrafs_operadora:174 - [Consolidação] 1 arquivo(s) encontrado(s) em [C:\Users\Btime Soluções\AppData\Local\Temp\pytest-of-Btime Soluções\pytest-21\test_a_etapa_pulada_e_anunciad0\Operadoras\CLARO\2025\202507\Detrafs Recebidos].
2026-08-14 09:41:18.322 | INFO    |src.services.consolidacao_contestacao:consolidar_detrafs_operadora:177 - [Consolidação] [DETRAF_D_CLARO_202507.csv]: 1 linha(s) -> 1 após remover totais.
2026-08-14 09:41:18.322 | INFO    |src.services.consolidacao_contestacao:consolidar_detrafs_operadora:177 - [Consolidação] Consolidado: 1 linha(s) de 1 arquivo(s).
2026-08-14 09:41:18.323 | INFO    |src.controllers.geracao_agi_controller:_gerar_para_operadora:558 - [STEP] Finalizando: consolidar_detrafs_operadora | Tempo gasto: 0.0s
2026-08-14 09:41:18.323 | INFO    |src.controllers.geracao_agi_controller:_gerar_para_operadora:574 - [STEP] Iniciando: consolidar_expectativa_vivo
2026-08-14 09:41:18.323 | INFO    |src.services.consolidacao_contestacao:consolidar_expectativa_vivo:207 - [Consolidação] 1 arquivo(s) encontrado(s) em [C:\Users\Btime Soluções\AppData\Local\Temp\pytest-of-Btime Soluções\pytest-21\test_a_etapa_pulada_e_anunciad0\Operadoras\CLARO\2025\202507\Detrafs Enviados].
2026-08-14 09:41:18.326 | INFO    |src.services.consolidacao_contestacao:consolidar_expectativa_vivo:211 - [Consolidação] [DE_D_TBRA_CLARO_202507.csv]: 1 linha(s) -> 1 após remover totais.
2026-08-14 09:41:18.326 | INFO    |src.services.consolidacao_contestacao:consolidar_expectativa_vivo:211 - [Consolidação] Consolidado: 1 linha(s) de 1 arquivo(s).
2026-08-14 09:41:18.326 | INFO    |src.controllers.geracao_agi_controller:_gerar_para_operadora:574 - [STEP] Finalizando: consolidar_expectativa_vivo | Tempo gasto: 0.0s
2026-08-14 09:41:18.327 | INFO    |src.controllers.geracao_agi_controller:_gerar_para_operadora:586 - [STEP] Iniciando: montar_contest
2026-08-14 09:41:18.348 | INFO    |comum.utils.decoradores:wrapper:22 - [Consolidação] Contest: 1 combinação(ões) analisada(s).
2026-08-14 09:41:18.349 | INFO    |src.controllers.geracao_agi_controller:_gerar_para_operadora:586 - [STEP] Finalizando: montar_contest | Tempo gasto: 0.02s
2026-08-14 09:41:18.349 | INFO    |src.controllers.geracao_agi_controller:_gerar_para_operadora:595 - [STEP] Iniciando: GeracaoAgiController.atualizar_despesa_contestacao
2026-08-14 09:41:18.349 | INFO    |src.controllers.geracao_agi_controller:atualizar_despesa_contestacao:1066 - [STEP] Iniciando: preparar_atualizacoes_despesa_contestacao
2026-08-14 09:41:18.350 | INFO    |comum.dados.repositorio_cache:obter_tabela:214 - Carregando tabela [tbl_rpa_log_detraf_despesa_contestacao]
2026-08-14 09:41:18.352 | INFO    |comum.dados.repositorio_cache:obter_tabela:214 - Tabela [tbl_rpa_log_detraf_despesa_contestacao] carregada | Linhas: 2 | Colunas: 19
2026-08-14 09:41:18.355 | INFO    |comum.utils.decoradores:wrapper:22 - [HU-19 Despesa Contestação] 1 atualização(ões) preparada(s).
2026-08-14 09:41:18.355 | INFO    |src.controllers.geracao_agi_controller:atualizar_despesa_contestacao:1066 - [STEP] Finalizando: preparar_atualizacoes_despesa_contestacao | Tempo gasto: 0.01s
2026-08-14 09:41:18.356 | WARNING |comum.dados.repositorio_tabelas:atualizar_despesa_contestacao:1019 - [HU-19 Despesa Contestação] A tabela 'tbl_rpa_log_detraf_despesa_contestacao' não tem a(s) coluna(s) vb_contestacao — NÃO gravada(s). As demais seguem normalmente. Um ALTER TABLE resolve; ver pendencias-para-o-cliente.md (Q24).
2026-08-14 09:41:18.362 | INFO    |comum.dados.repositorio_tabelas:_atualizar_contestacao_em_lote:976 - 1 linha(s) atualizada(s) em [tbl_rpa_log_detraf_despesa_contestacao].
2026-08-14 09:41:18.363 | INFO    |comum.dados.repositorio_cache:recarregar_cache_local:375 - Carregando tabela [tbl_rpa_log_detraf_despesa_contestacao]
2026-08-14 09:41:18.364 | INFO    |comum.dados.repositorio_cache:recarregar_cache_local:375 - Tabela [tbl_rpa_log_detraf_despesa_contestacao] carregada | Linhas: 2 | Colunas: 19
2026-08-14 09:41:18.365 | INFO    |comum.dados.repositorio_tabelas:atualizar_despesa_contestacao:1019 - [HU-19 Despesa Contestação] 1 linha(s) atualizada(s), 0 chave(s) ausente(s).
2026-08-14 09:41:18.365 | INFO    |src.controllers.geracao_agi_controller:_gerar_para_operadora:595 - [STEP] Finalizando: GeracaoAgiController.atualizar_despesa_contestacao | Tempo gasto: 0.02s
2026-08-14 09:41:18.365 | INFO    |src.controllers.geracao_agi_controller:_gerar_ext:633 - [STEP] Iniciando: montar_linhas_ext
2026-08-14 09:41:18.372 | INFO    |comum.utils.decoradores:wrapper:22 - [HU-12 EXT] 1 linha(s) montada(s).
2026-08-14 09:41:18.372 | INFO    |src.controllers.geracao_agi_controller:_gerar_ext:633 - [STEP] Finalizando: montar_linhas_ext | Tempo gasto: 0.01s
2026-08-14 09:41:18.372 | INFO    |src.controllers.geracao_agi_controller:_gerar_ext:639 - [STEP] Iniciando: gerar_arquivo_ext
2026-08-14 09:41:18.380 | INFO    |comum.utils.decoradores:wrapper:22 - [HU-12 EXT] Arquivo gravado em [C:\Users\Btime Soluções\AppData\Local\Temp\pytest-of-Btime Soluções\pytest-21\test_a_etapa_pulada_e_anunciad0\Operadoras\CLARO\2025\202507\AGI\DE_AGI_D_202507_TBRA_X_CLARO_EXT.xlsx].
2026-08-14 09:41:18.380 | INFO    |src.controllers.geracao_agi_controller:_gerar_ext:639 - [STEP] Finalizando: gerar_arquivo_ext | Tempo gasto: 0.01s
2026-08-14 09:41:18.380 | INFO    |src.controllers.geracao_agi_controller:_gerar_int:648 - [STEP] Iniciando: montar_linhas_int
2026-08-14 09:41:18.387 | INFO    |comum.utils.decoradores:wrapper:22 - [HU-13 INT] 1 linha(s) montada(s) (COM retenção).
2026-08-14 09:41:18.387 | INFO    |src.controllers.geracao_agi_controller:_gerar_int:648 - [STEP] Finalizando: montar_linhas_int | Tempo gasto: 0.01s
2026-08-14 09:41:18.387 | INFO    |src.controllers.geracao_agi_controller:_gerar_int:654 - [STEP] Iniciando: gerar_arquivo_int
2026-08-14 09:41:18.395 | INFO    |comum.utils.decoradores:wrapper:22 - [HU-13 INT] Arquivo gravado em [C:\Users\Btime Soluções\AppData\Local\Temp\pytest-of-Btime Soluções\pytest-21\test_a_etapa_pulada_e_anunciad0\Operadoras\CLARO\2025\202507\AGI\DE_AGI_D_202507_TBRA_X_CLARO_INT.xlsx].
2026-08-14 09:41:18.395 | INFO    |src.controllers.geracao_agi_controller:_gerar_int:654 - [STEP] Finalizando: gerar_arquivo_int | Tempo gasto: 0.01s
2026-08-14 09:41:18.395 | INFO    |src.controllers.geracao_agi_controller:_gerar_env_e_carta:682 - [STEP] Iniciando: montar_abas_env
2026-08-14 09:41:18.402 | INFO    |comum.utils.decoradores:wrapper:22 - [HU-14 _EXP] Contest: 1 linha(s) contestada(s); TBRA: 1 linha(s) correspondente(s).
2026-08-14 09:41:18.403 | INFO    |src.controllers.geracao_agi_controller:_gerar_env_e_carta:682 - [STEP] Finalizando: montar_abas_env | Tempo gasto: 0.01s
2026-08-14 09:41:18.403 | INFO    |src.controllers.geracao_agi_controller:_gerar_env_e_carta:690 - [STEP] Iniciando: gerar_arquivo_env
2026-08-14 09:41:18.413 | INFO    |comum.utils.decoradores:wrapper:22 - [HU-14 _EXP] Arquivo gravado em [C:\Users\Btime Soluções\AppData\Local\Temp\pytest-of-Btime Soluções\pytest-21\test_a_etapa_pulada_e_anunciad0\Operadoras\CLARO\2025\202507\Contestações\Base Contestação_CLARO_202507_EXP.xlsx].
2026-08-14 09:41:18.413 | INFO    |src.controllers.geracao_agi_controller:_gerar_env_e_carta:690 - [STEP] Finalizando: gerar_arquivo_env | Tempo gasto: 0.01s
2026-08-14 09:41:18.417 | ERROR   |src.controllers.geracao_agi_controller:_gerar_para_operadora:606 - [RPA 3] Numeração CT indisponível: [HU-14] Pasta de controle de numeração CT não encontrada: [C:\Users\Btime Soluções\AppData\Local\Temp\pytest-of-Btime Soluções\pytest-21\test_a_etapa_pulada_e_anunciad0\CT\2025]. A geração de CARTA fica desabilitada para toda esta execução — os demais artefatos continuam sendo gerados.
2026-08-14 09:41:18.418 | INFO    |src.controllers.geracao_agi_controller:_gerar_para_operadora:617 - [STEP] Iniciando: GeracaoAgiController.gerar_cont_proc
2026-08-14 09:41:18.418 | INFO    |src.controllers.geracao_agi_controller:gerar_cont_proc:1030 - [STEP] Iniciando: montar_linhas_cont_proc
2026-08-14 09:41:18.419 | INFO    |src.services.geracao_cont_proc:montar_linhas_cont_proc:224 - [STEP] Iniciando: selecionar_linhas_contestadas
2026-08-14 09:41:18.423 | INFO    |comum.utils.decoradores:wrapper:22 - [HU-16 CONT_PROC] 1 linha(s) contestada(s).
2026-08-14 09:41:18.423 | INFO    |src.services.geracao_cont_proc:montar_linhas_cont_proc:224 - [STEP] Finalizando: selecionar_linhas_contestadas | Tempo gasto: 0.0s
2026-08-14 09:41:18.424 | INFO    |comum.utils.decoradores:wrapper:22 - [HU-16 CONT_PROC] 1 linha(s) montada(s) (T-100+T-101 completos).
2026-08-14 09:41:18.424 | INFO    |src.controllers.geracao_agi_controller:gerar_cont_proc:1030 - [STEP] Finalizando: montar_linhas_cont_proc | Tempo gasto: 0.01s
2026-08-14 09:41:18.425 | INFO    |src.controllers.geracao_agi_controller:gerar_cont_proc:1036 - [STEP] Iniciando: gerar_arquivo_cont_proc
2026-08-14 09:41:18.432 | INFO    |comum.utils.decoradores:wrapper:22 - [HU-16 CONT_PROC] Arquivo gravado em [C:\Users\Btime Soluções\AppData\Local\Temp\pytest-of-Btime Soluções\pytest-21\test_a_etapa_pulada_e_anunciad0\Operadoras\CLARO\2025\202507\AGI\CONT_PROC_MASCARA_CLARO_202507.xlsx].
2026-08-14 09:41:18.432 | INFO    |src.controllers.geracao_agi_controller:gerar_cont_proc:1036 - [STEP] Finalizando: gerar_arquivo_cont_proc | Tempo gasto: 0.01s
2026-08-14 09:41:18.433 | INFO    |src.controllers.geracao_agi_controller:gerar_cont_proc:1046 - [STEP] Iniciando: selecionar_linhas_contestadas
2026-08-14 09:41:18.438 | INFO    |comum.utils.decoradores:wrapper:22 - [HU-16 CONT_PROC] 1 linha(s) contestada(s).
2026-08-14 09:41:18.439 | INFO    |src.controllers.geracao_agi_controller:gerar_cont_proc:1046 - [STEP] Finalizando: selecionar_linhas_contestadas | Tempo gasto: 0.01s
2026-08-14 09:41:18.442 | INFO    |comum.dados.repositorio_tabelas:_atualizar_contestacao_em_lote:976 - 1 linha(s) atualizada(s) em [tbl_rpa_log_detraf_despesa_contestacao].
2026-08-14 09:41:18.442 | INFO    |comum.dados.repositorio_cache:recarregar_cache_local:375 - Carregando tabela [tbl_rpa_log_detraf_despesa_contestacao]
2026-08-14 09:41:18.443 | INFO    |comum.dados.repositorio_cache:recarregar_cache_local:375 - Tabela [tbl_rpa_log_detraf_despesa_contestacao] carregada | Linhas: 2 | Colunas: 19
2026-08-14 09:41:18.444 | INFO    |comum.dados.repositorio_tabelas:atualizar_tipo_contestacao:1046 - [HU-16 Writeback tipo_contestacao] 1 linha(s) atualizada(s), 0 chave(s) ausente(s).
2026-08-14 09:41:18.444 | INFO    |src.controllers.geracao_agi_controller:_gerar_para_operadora:617 - [STEP] Finalizando: GeracaoAgiController.gerar_cont_proc | Tempo gasto: 0.03s
2026-08-14 09:41:18.444 | INFO    |src.controllers.geracao_agi_controller:_pausar_apos_artefatos:530 - [RPA 3 — etapa 1/4: artefatos] 1 operadora(s) em 202507:
2026-08-14 09:41:18.445 | INFO    |src.controllers.geracao_agi_controller:_pausar_apos_artefatos:530 - [RPA 3 — etapa 1/4: artefatos]   CLARO                EXT · INT · _EXP · CONT_PROC
2026-08-14 09:41:18.445 | INFO    |src.controllers.geracao_agi_controller:_pausar_apos_artefatos:530 - [RPA 3 — etapa 1/4: artefatos]                        pulado: carta desabilitada nesta execução (numeração CT)
2026-08-14 09:41:18.445 | INFO    |src.controllers.geracao_agi_controller:_pausar_apos_artefatos:530 - [RPA 3 — etapa 1/4: artefatos] Pasta: C:\Users\Btime Soluções\AppData\Local\Temp\pytest-of-Btime Soluções\pytest-21\test_a_etapa_pulada_e_anunciad0\Operadoras
2026-08-14 09:41:18.445 | INFO    |src.controllers.geracao_agi_controller:_pausar_apos_artefatos:530 - [RPA 3 — etapa 1/4: artefatos] ────────────────────────────────────────────────────────────
2026-08-14 09:41:18.445 | INFO    |src.controllers.geracao_agi_controller:_pausar_apos_artefatos:530 - [RPA 3 — etapa 1/4: artefatos] PRÓXIMA ETAPA: nenhuma — a execução termina aqui (--etapa=artefatos)
2026-08-14 09:41:18.445 | INFO    |src.controllers.geracao_agi_controller:gerar_artefatos:312 - [RPA 3] Etapa 'carga' pulada por --etapa=artefatos.
2026-08-14 09:41:18.445 | INFO    |src.controllers.geracao_agi_controller:gerar_artefatos:350 - [RPA 3] Etapa 'email' pulada por --etapa=artefatos.
2026-08-14 09:41:18.445 | INFO    |src.controllers.geracao_agi_controller:gerar_artefatos:388 - [RPA 3] Etapa 'verificacao' pulada por --etapa=artefatos.
2026-08-14 09:41:18.445 | INFO    |src.controllers.geracao_agi_controller:gerar_artefatos:415 - [RPA 3] Resumo de 202507 — 1 operadora(s): EXT 1, INT 1, _EXP 1, carta 0, CONT_PROC 1.
2026-08-14 09:41:18.446 | INFO    |src.controllers.geracao_agi_controller:gerar_artefatos:415 - [RPA 3]   CLARO: carta desabilitada nesta execução (numeração CT).
2026-08-14 09:41:18.446 | WARNING |src.controllers.geracao_agi_controller:gerar_artefatos:415 - [RPA 3] HU-15 sem destinatários: a tabela de contatos do WebFat continua sem resposta do cliente (pendência Q16). A ponte é apontar CAMINHO_CONTATOS_OPERADORAS para um CSV `operadora;emails`.
2026-08-14 09:41:18.447 | INFO    |src.controllers.geracao_agi_controller:_gravar_relatorio:956 - [Relatório] Resumo da execução em [C:\projetos\MVP2\MVP2\MVP2\DETRAF-UNIFICADO\unificado\logs\DESKTOP-64TNDKM\rpa3_contestacao_agi_ec\execucoes\2026-08-14_09-41-18.md].
2026-08-14 09:41:18.447 | INFO    |test_orquestracao_rpa3:test_a_etapa_pulada_e_anunciada:801 - [STEP] Finalizando: GeracaoAgiController.gerar_artefatos | Tempo gasto: 0.13s
2026-08-14 09:41:18.451 | INFO    |comum.dados.repositorio_cache:__init__:77 - Inicializando conexão com o banco no ambiente [dev]
2026-08-14 09:41:18.452 | INFO    |comum.dados.repositorio_cache:__init__:77 - Utilizando SQLite local [C:\Users\BTIMES~1\AppData\Local\Temp\detraf_epico4_teste_rclx_oxd\TABELAS_DETRAF_TESTE.db]
2026-08-14 09:41:18.458 | INFO    |test_repositorio_escrita:test_atualizar_dados_aplica_update_e_retorna_rowcount:55 - 1 linha(s) atualizada(s) em [tbl_rpa_log_detraf_despesa_contestacao].
2026-08-14 09:41:18.458 | INFO    |comum.dados.repositorio_cache:recarregar_cache_local:375 - Carregando tabela [tbl_rpa_log_detraf_despesa_contestacao]
2026-08-14 09:41:18.459 | INFO    |comum.dados.repositorio_cache:recarregar_cache_local:375 - Tabela [tbl_rpa_log_detraf_despesa_contestacao] carregada | Linhas: 2 | Colunas: 19
2026-08-14 09:41:18.464 | INFO    |comum.dados.repositorio_cache:__init__:77 - Inicializando conexão com o banco no ambiente [dev]
2026-08-14 09:41:18.465 | INFO    |comum.dados.repositorio_cache:__init__:77 - Utilizando SQLite local [C:\Users\BTIMES~1\AppData\Local\Temp\detraf_epico4_teste_rclx_oxd\TABELAS_DETRAF_TESTE.db]
2026-08-14 09:41:18.466 | INFO    |test_repositorio_escrita:test_atualizar_dados_chave_inexistente_retorna_zero:66 - 0 linha(s) atualizada(s) em [tbl_rpa_log_detraf_despesa_contestacao].
2026-08-14 09:41:18.471 | INFO    |comum.dados.repositorio_cache:__init__:77 - Inicializando conexão com o banco no ambiente [dev]
2026-08-14 09:41:18.472 | INFO    |comum.dados.repositorio_cache:__init__:77 - Utilizando SQLite local [C:\Users\BTIMES~1\AppData\Local\Temp\detraf_epico4_teste_rclx_oxd\TABELAS_DETRAF_TESTE.db]
2026-08-14 09:41:18.476 | INFO    |comum.dados.repositorio_cache:__init__:77 - Inicializando conexão com o banco no ambiente [dev]
2026-08-14 09:41:18.476 | INFO    |comum.dados.repositorio_cache:__init__:77 - Utilizando SQLite local [C:\Users\BTIMES~1\AppData\Local\Temp\detraf_epico4_teste_rclx_oxd\TABELAS_DETRAF_TESTE.db]
2026-08-14 09:41:18.480 | INFO    |comum.dados.repositorio_cache:__init__:77 - Inicializando conexão com o banco no ambiente [dev]
2026-08-14 09:41:18.480 | INFO    |comum.dados.repositorio_cache:__init__:77 - Utilizando SQLite local [C:\Users\BTIMES~1\AppData\Local\Temp\detraf_epico4_teste_rclx_oxd\TABELAS_DETRAF_TESTE.db]
2026-08-14 09:41:18.484 | INFO    |comum.dados.repositorio_cache:__init__:77 - Inicializando conexão com o banco no ambiente [dev]
2026-08-14 09:41:18.485 | INFO    |comum.dados.repositorio_cache:__init__:77 - Utilizando SQLite local [C:\Users\BTIMES~1\AppData\Local\Temp\detraf_epico4_teste_rclx_oxd\TABELAS_DETRAF_TESTE.db]
2026-08-14 09:41:18.486 | INFO    |comum.dados.repositorio_cache:inserir_dados:300 - Nenhum registro para inserir em [tbl_rpa_log_detraf_despesa_contestacao].
2026-08-14 09:41:18.486 | INFO    |comum.dados.repositorio_cache:obter_tabela:214 - Carregando tabela [tbl_rpa_log_detraf_despesa_contestacao]
2026-08-14 09:41:18.488 | INFO    |comum.dados.repositorio_cache:obter_tabela:214 - Tabela [tbl_rpa_log_detraf_despesa_contestacao] carregada | Linhas: 2 | Colunas: 19
2026-08-14 09:41:18.492 | INFO    |comum.dados.repositorio_cache:__init__:77 - Inicializando conexão com o banco no ambiente [dev]
2026-08-14 09:41:18.492 | INFO    |comum.dados.repositorio_cache:__init__:77 - Utilizando SQLite local [C:\Users\BTIMES~1\AppData\Local\Temp\detraf_epico4_teste_rclx_oxd\TABELAS_DETRAF_TESTE.db]
2026-08-14 09:41:18.496 | INFO    |test_repositorio_escrita:test_atualizar_dados_nao_vaza_valor_para_a_sql:103 - 1 linha(s) atualizada(s) em [tbl_rpa_log_detraf_despesa_contestacao].
2026-08-14 09:41:18.497 | INFO    |comum.dados.repositorio_cache:recarregar_cache_local:375 - Carregando tabela [tbl_rpa_log_detraf_despesa_contestacao]
2026-08-14 09:41:18.498 | INFO    |comum.dados.repositorio_cache:recarregar_cache_local:375 - Tabela [tbl_rpa_log_detraf_despesa_contestacao] carregada | Linhas: 2 | Colunas: 19
2026-08-14 09:41:18.504 | INFO    |comum.dados.repositorio_cache:__init__:77 - Inicializando conexão com o banco no ambiente [dev]
2026-08-14 09:41:18.504 | INFO    |comum.dados.repositorio_cache:__init__:77 - Utilizando SQLite local [C:\Users\BTIMES~1\AppData\Local\Temp\detraf_epico4_teste_rclx_oxd\TABELAS_DETRAF_TESTE.db]
2026-08-14 09:41:18.506 | INFO    |test_repositorio_escrita:test_atualizar_despesa_atualiza_os_seis_campos_sem_criar_linha:117 - [STEP] Iniciando: preparar_atualizacoes_despesa_contestacao
2026-08-14 09:41:18.507 | INFO    |comum.utils.decoradores:wrapper:22 - [HU-19 Despesa Contestação] 1 atualização(ões) preparada(s).
2026-08-14 09:41:18.508 | INFO    |test_repositorio_escrita:test_atualizar_despesa_atualiza_os_seis_campos_sem_criar_linha:117 - [STEP] Finalizando: preparar_atualizacoes_despesa_contestacao | Tempo gasto: 0.0s
2026-08-14 09:41:18.508 | INFO    |comum.dados.repositorio_cache:obter_tabela:214 - Carregando tabela [tbl_rpa_log_detraf_despesa_contestacao]
2026-08-14 09:41:18.510 | INFO    |comum.dados.repositorio_cache:obter_tabela:214 - Tabela [tbl_rpa_log_detraf_despesa_contestacao] carregada | Linhas: 2 | Colunas: 19
2026-08-14 09:41:18.510 | WARNING |comum.dados.repositorio_tabelas:atualizar_despesa_contestacao:1019 - [HU-19 Despesa Contestação] A tabela 'tbl_rpa_log_detraf_despesa_contestacao' não tem a(s) coluna(s) vb_contestacao — NÃO gravada(s). As demais seguem normalmente. Um ALTER TABLE resolve; ver pendencias-para-o-cliente.md (Q24).
2026-08-14 09:41:18.516 | INFO    |comum.dados.repositorio_tabelas:_atualizar_contestacao_em_lote:976 - 1 linha(s) atualizada(s) em [tbl_rpa_log_detraf_despesa_contestacao].
2026-08-14 09:41:18.516 | INFO    |comum.dados.repositorio_cache:recarregar_cache_local:375 - Carregando tabela [tbl_rpa_log_detraf_despesa_contestacao]
2026-08-14 09:41:18.517 | INFO    |comum.dados.repositorio_cache:recarregar_cache_local:375 - Tabela [tbl_rpa_log_detraf_despesa_contestacao] carregada | Linhas: 2 | Colunas: 19
2026-08-14 09:41:18.518 | INFO    |comum.dados.repositorio_tabelas:atualizar_despesa_contestacao:1019 - [HU-19 Despesa Contestação] 1 linha(s) atualizada(s), 0 chave(s) ausente(s).
2026-08-14 09:41:18.523 | INFO    |comum.dados.repositorio_cache:__init__:77 - Inicializando conexão com o banco no ambiente [dev]
2026-08-14 09:41:18.523 | INFO    |comum.dados.repositorio_cache:__init__:77 - Utilizando SQLite local [C:\Users\BTIMES~1\AppData\Local\Temp\detraf_epico4_teste_rclx_oxd\TABELAS_DETRAF_TESTE.db]
2026-08-14 09:41:18.525 | INFO    |test_repositorio_escrita:test_atualizar_despesa_preserva_lado_tbra_e_sinal_do_analista:142 - [STEP] Iniciando: preparar_atualizacoes_despesa_contestacao
2026-08-14 09:41:18.526 | INFO    |comum.utils.decoradores:wrapper:22 - [HU-19 Despesa Contestação] 1 atualização(ões) preparada(s).
2026-08-14 09:41:18.527 | INFO    |test_repositorio_escrita:test_atualizar_despesa_preserva_lado_tbra_e_sinal_do_analista:142 - [STEP] Finalizando: preparar_atualizacoes_despesa_contestacao | Tempo gasto: 0.0s
2026-08-14 09:41:18.527 | INFO    |comum.dados.repositorio_cache:obter_tabela:214 - Carregando tabela [tbl_rpa_log_detraf_despesa_contestacao]
2026-08-14 09:41:18.529 | INFO    |comum.dados.repositorio_cache:obter_tabela:214 - Tabela [tbl_rpa_log_detraf_despesa_contestacao] carregada | Linhas: 2 | Colunas: 19
2026-08-14 09:41:18.529 | WARNING |comum.dados.repositorio_tabelas:atualizar_despesa_contestacao:1019 - [HU-19 Despesa Contestação] A tabela 'tbl_rpa_log_detraf_despesa_contestacao' não tem a(s) coluna(s) vb_contestacao — NÃO gravada(s). As demais seguem normalmente. Um ALTER TABLE resolve; ver pendencias-para-o-cliente.md (Q24).
2026-08-14 09:41:18.535 | INFO    |comum.dados.repositorio_tabelas:_atualizar_contestacao_em_lote:976 - 1 linha(s) atualizada(s) em [tbl_rpa_log_detraf_despesa_contestacao].
2026-08-14 09:41:18.536 | INFO    |comum.dados.repositorio_cache:recarregar_cache_local:375 - Carregando tabela [tbl_rpa_log_detraf_despesa_contestacao]
2026-08-14 09:41:18.537 | INFO    |comum.dados.repositorio_cache:recarregar_cache_local:375 - Tabela [tbl_rpa_log_detraf_despesa_contestacao] carregada | Linhas: 2 | Colunas: 19
2026-08-14 09:41:18.538 | INFO    |comum.dados.repositorio_tabelas:atualizar_despesa_contestacao:1019 - [HU-19 Despesa Contestação] 1 linha(s) atualizada(s), 0 chave(s) ausente(s).
2026-08-14 09:41:18.544 | INFO    |comum.dados.repositorio_cache:__init__:77 - Inicializando conexão com o banco no ambiente [dev]
2026-08-14 09:41:18.544 | INFO    |comum.dados.repositorio_cache:__init__:77 - Utilizando SQLite local [C:\Users\BTIMES~1\AppData\Local\Temp\detraf_epico4_teste_rclx_oxd\TABELAS_DETRAF_TESTE.db]
2026-08-14 09:41:18.546 | INFO    |test_repositorio_escrita:test_atualizar_despesa_chave_ausente_nao_aborta_o_lote:162 - [STEP] Iniciando: preparar_atualizacoes_despesa_contestacao
2026-08-14 09:41:18.547 | INFO    |comum.utils.decoradores:wrapper:22 - [HU-19 Despesa Contestação] 2 atualização(ões) preparada(s).
2026-08-14 09:41:18.548 | INFO    |test_repositorio_escrita:test_atualizar_despesa_chave_ausente_nao_aborta_o_lote:162 - [STEP] Finalizando: preparar_atualizacoes_despesa_contestacao | Tempo gasto: 0.0s
2026-08-14 09:41:18.548 | INFO    |comum.dados.repositorio_cache:obter_tabela:214 - Carregando tabela [tbl_rpa_log_detraf_despesa_contestacao]
2026-08-14 09:41:18.550 | INFO    |comum.dados.repositorio_cache:obter_tabela:214 - Tabela [tbl_rpa_log_detraf_despesa_contestacao] carregada | Linhas: 2 | Colunas: 19
2026-08-14 09:41:18.550 | WARNING |comum.dados.repositorio_tabelas:atualizar_despesa_contestacao:1019 - [HU-19 Despesa Contestação] A tabela 'tbl_rpa_log_detraf_despesa_contestacao' não tem a(s) coluna(s) vb_contestacao — NÃO gravada(s). As demais seguem normalmente. Um ALTER TABLE resolve; ver pendencias-para-o-cliente.md (Q24).
2026-08-14 09:41:18.556 | INFO    |comum.dados.repositorio_tabelas:_atualizar_contestacao_em_lote:976 - 1 linha(s) atualizada(s) em [tbl_rpa_log_detraf_despesa_contestacao].
2026-08-14 09:41:18.559 | WARNING |comum.dados.repositorio_tabelas:atualizar_despesa_contestacao:1019 - [HU-19 Despesa Contestação] Chave sem linha correspondente no banco {'eot_operadora': '999', 'eot_tbra': '099', 'referencia': '202507', 'trafego': '202507', 'remuneracoes': 'TU-COM'} — ignorada (a linha-base é inserida pelo Épico 3, B-D20).
2026-08-14 09:41:18.559 | INFO    |comum.dados.repositorio_cache:recarregar_cache_local:375 - Carregando tabela [tbl_rpa_log_detraf_despesa_contestacao]
2026-08-14 09:41:18.561 | INFO    |comum.dados.repositorio_cache:recarregar_cache_local:375 - Tabela [tbl_rpa_log_detraf_despesa_contestacao] carregada | Linhas: 2 | Colunas: 19
2026-08-14 09:41:18.561 | INFO    |comum.dados.repositorio_tabelas:atualizar_despesa_contestacao:1019 - [HU-19 Despesa Contestação] 1 linha(s) atualizada(s), 1 chave(s) ausente(s).
2026-08-14 09:41:18.567 | INFO    |comum.dados.repositorio_cache:__init__:77 - Inicializando conexão com o banco no ambiente [dev]
2026-08-14 09:41:18.567 | INFO    |comum.dados.repositorio_cache:__init__:77 - Utilizando SQLite local [C:\Users\BTIMES~1\AppData\Local\Temp\detraf_epico4_teste_rclx_oxd\TABELAS_DETRAF_TESTE.db]
2026-08-14 09:41:18.570 | INFO    |comum.dados.repositorio_tabelas:atualizar_despesa_contestacao:1019 - [HU-19 Despesa Contestação] Nada a atualizar (lote vazio).
2026-08-14 09:41:18.574 | INFO    |comum.dados.repositorio_cache:__init__:77 - Inicializando conexão com o banco no ambiente [dev]
2026-08-14 09:41:18.575 | INFO    |comum.dados.repositorio_cache:__init__:77 - Utilizando SQLite local [C:\Users\BTIMES~1\AppData\Local\Temp\detraf_epico4_teste_rclx_oxd\TABELAS_DETRAF_TESTE.db]
2026-08-14 09:41:18.576 | INFO    |test_repositorio_escrita:test_coluna_ausente_nao_derruba_o_update_das_demais:196 - [STEP] Iniciando: preparar_atualizacoes_despesa_contestacao
2026-08-14 09:41:18.577 | INFO    |comum.utils.decoradores:wrapper:22 - [HU-19 Despesa Contestação] 2 atualização(ões) preparada(s).
2026-08-14 09:41:18.578 | INFO    |test_repositorio_escrita:test_coluna_ausente_nao_derruba_o_update_das_demais:196 - [STEP] Finalizando: preparar_atualizacoes_despesa_contestacao | Tempo gasto: 0.0s
2026-08-14 09:41:18.578 | INFO    |comum.dados.repositorio_cache:obter_tabela:214 - Carregando tabela [tbl_rpa_log_detraf_despesa_contestacao]
2026-08-14 09:41:18.580 | INFO    |comum.dados.repositorio_cache:obter_tabela:214 - Tabela [tbl_rpa_log_detraf_despesa_contestacao] carregada | Linhas: 2 | Colunas: 19
2026-08-14 09:41:18.580 | WARNING |comum.dados.repositorio_tabelas:atualizar_despesa_contestacao:1019 - [HU-19 Despesa Contestação] A tabela 'tbl_rpa_log_detraf_despesa_contestacao' não tem a(s) coluna(s) vb_contestacao — NÃO gravada(s). As demais seguem normalmente. Um ALTER TABLE resolve; ver pendencias-para-o-cliente.md (Q24).
2026-08-14 09:41:18.587 | INFO    |comum.dados.repositorio_tabelas:_atualizar_contestacao_em_lote:976 - 1 linha(s) atualizada(s) em [tbl_rpa_log_detraf_despesa_contestacao].
2026-08-14 09:41:18.592 | INFO    |comum.dados.repositorio_tabelas:_atualizar_contestacao_em_lote:976 - 1 linha(s) atualizada(s) em [tbl_rpa_log_detraf_despesa_contestacao].
2026-08-14 09:41:18.592 | INFO    |comum.dados.repositorio_cache:recarregar_cache_local:375 - Carregando tabela [tbl_rpa_log_detraf_despesa_contestacao]
2026-08-14 09:41:18.594 | INFO    |comum.dados.repositorio_cache:recarregar_cache_local:375 - Tabela [tbl_rpa_log_detraf_despesa_contestacao] carregada | Linhas: 2 | Colunas: 19
2026-08-14 09:41:18.594 | INFO    |comum.dados.repositorio_tabelas:atualizar_despesa_contestacao:1019 - [HU-19 Despesa Contestação] 2 linha(s) atualizada(s), 0 chave(s) ausente(s).
2026-08-14 09:41:18.600 | INFO    |comum.dados.repositorio_cache:__init__:77 - Inicializando conexão com o banco no ambiente [dev]
2026-08-14 09:41:18.601 | INFO    |comum.dados.repositorio_cache:__init__:77 - Utilizando SQLite local [C:\Users\BTIMES~1\AppData\Local\Temp\detraf_epico4_teste_rclx_oxd\TABELAS_DETRAF_TESTE.db]
2026-08-14 09:41:18.604 | INFO    |test_repositorio_escrita:test_atualizar_despesa_normaliza_eot_como_a_leitura_do_sinal:224 - [STEP] Iniciando: preparar_atualizacoes_despesa_contestacao
2026-08-14 09:41:18.606 | INFO    |comum.utils.decoradores:wrapper:22 - [HU-19 Despesa Contestação] 1 atualização(ões) preparada(s).
2026-08-14 09:41:18.606 | INFO    |test_repositorio_escrita:test_atualizar_despesa_normaliza_eot_como_a_leitura_do_sinal:224 - [STEP] Finalizando: preparar_atualizacoes_despesa_contestacao | Tempo gasto: 0.0s
2026-08-14 09:41:18.606 | INFO    |comum.dados.repositorio_cache:obter_tabela:214 - Carregando tabela [tbl_rpa_log_detraf_despesa_contestacao]
2026-08-14 09:41:18.609 | INFO    |comum.dados.repositorio_cache:obter_tabela:214 - Tabela [tbl_rpa_log_detraf_despesa_contestacao] carregada | Linhas: 2 | Colunas: 19
2026-08-14 09:41:18.609 | WARNING |comum.dados.repositorio_tabelas:atualizar_despesa_contestacao:1019 - [HU-19 Despesa Contestação] A tabela 'tbl_rpa_log_detraf_despesa_contestacao' não tem a(s) coluna(s) vb_contestacao — NÃO gravada(s). As demais seguem normalmente. Um ALTER TABLE resolve; ver pendencias-para-o-cliente.md (Q24).
2026-08-14 09:41:18.616 | INFO    |comum.dados.repositorio_tabelas:_atualizar_contestacao_em_lote:976 - 1 linha(s) atualizada(s) em [tbl_rpa_log_detraf_despesa_contestacao].
2026-08-14 09:41:18.617 | INFO    |comum.dados.repositorio_cache:recarregar_cache_local:375 - Carregando tabela [tbl_rpa_log_detraf_despesa_contestacao]
2026-08-14 09:41:18.619 | INFO    |comum.dados.repositorio_cache:recarregar_cache_local:375 - Tabela [tbl_rpa_log_detraf_despesa_contestacao] carregada | Linhas: 2 | Colunas: 19
2026-08-14 09:41:18.619 | INFO    |comum.dados.repositorio_tabelas:atualizar_despesa_contestacao:1019 - [HU-19 Despesa Contestação] 1 linha(s) atualizada(s), 0 chave(s) ausente(s).
2026-08-14 09:41:18.625 | INFO    |comum.dados.repositorio_cache:__init__:77 - Inicializando conexão com o banco no ambiente [dev]
2026-08-14 09:41:18.625 | INFO    |comum.dados.repositorio_cache:__init__:77 - Utilizando SQLite local [C:\Users\BTIMES~1\AppData\Local\Temp\detraf_epico4_teste_rclx_oxd\TABELAS_DETRAF_TESTE.db]
2026-08-14 09:41:18.627 | INFO    |comum.dados.repositorio_cache:obter_tabela:214 - Carregando tabela [tbl_rpa_log_detraf_despesa_contestacao]
2026-08-14 09:41:18.629 | INFO    |comum.dados.repositorio_cache:obter_tabela:214 - Tabela [tbl_rpa_log_detraf_despesa_contestacao] carregada | Linhas: 2 | Colunas: 19
2026-08-14 09:41:18.633 | INFO    |comum.dados.repositorio_tabelas:_atualizar_contestacao_em_lote:976 - 1 linha(s) atualizada(s) em [tbl_rpa_log_detraf_despesa_contestacao].
2026-08-14 09:41:18.633 | INFO    |comum.dados.repositorio_cache:recarregar_cache_local:375 - Carregando tabela [tbl_rpa_log_detraf_despesa_contestacao]
2026-08-14 09:41:18.634 | INFO    |comum.dados.repositorio_cache:recarregar_cache_local:375 - Tabela [tbl_rpa_log_detraf_despesa_contestacao] carregada | Linhas: 2 | Colunas: 19
2026-08-14 09:41:18.635 | INFO    |comum.dados.repositorio_tabelas:atualizar_tipo_contestacao:1046 - [HU-16 Writeback tipo_contestacao] 1 linha(s) atualizada(s), 0 chave(s) ausente(s).
2026-08-14 09:41:18.643 | INFO    |comum.dados.repositorio_cache:__init__:77 - Inicializando conexão com o banco no ambiente [dev]
2026-08-14 09:41:18.643 | INFO    |comum.dados.repositorio_cache:__init__:77 - Utilizando SQLite local [C:\Users\BTIMES~1\AppData\Local\Temp\detraf_epico4_teste_rclx_oxd\TABELAS_DETRAF_TESTE.db]
2026-08-14 09:41:18.645 | INFO    |comum.dados.repositorio_cache:obter_tabela:214 - Carregando tabela [tbl_rpa_log_detraf_despesa_contestacao]
2026-08-14 09:41:18.647 | INFO    |comum.dados.repositorio_cache:obter_tabela:214 - Tabela [tbl_rpa_log_detraf_despesa_contestacao] carregada | Linhas: 2 | Colunas: 19
2026-08-14 09:41:18.650 | INFO    |comum.dados.repositorio_tabelas:_atualizar_contestacao_em_lote:976 - 1 linha(s) atualizada(s) em [tbl_rpa_log_detraf_despesa_contestacao].
2026-08-14 09:41:18.650 | INFO    |comum.dados.repositorio_cache:recarregar_cache_local:375 - Carregando tabela [tbl_rpa_log_detraf_despesa_contestacao]
2026-08-14 09:41:18.652 | INFO    |comum.dados.repositorio_cache:recarregar_cache_local:375 - Tabela [tbl_rpa_log_detraf_despesa_contestacao] carregada | Linhas: 2 | Colunas: 19
2026-08-14 09:41:18.652 | INFO    |comum.dados.repositorio_tabelas:atualizar_tipo_contestacao:1046 - [HU-16 Writeback tipo_contestacao] 1 linha(s) atualizada(s), 0 chave(s) ausente(s).
2026-08-14 09:41:18.657 | INFO    |comum.dados.repositorio_cache:__init__:77 - Inicializando conexão com o banco no ambiente [dev]
2026-08-14 09:41:18.657 | INFO    |comum.dados.repositorio_cache:__init__:77 - Utilizando SQLite local [C:\Users\BTIMES~1\AppData\Local\Temp\detraf_epico4_teste_rclx_oxd\TABELAS_DETRAF_TESTE.db]
2026-08-14 09:41:18.659 | INFO    |comum.dados.repositorio_cache:obter_tabela:214 - Carregando tabela [tbl_rpa_log_detraf_despesa_contestacao]
2026-08-14 09:41:18.661 | INFO    |comum.dados.repositorio_cache:obter_tabela:214 - Tabela [tbl_rpa_log_detraf_despesa_contestacao] carregada | Linhas: 2 | Colunas: 19
2026-08-14 09:41:18.663 | WARNING |comum.dados.repositorio_tabelas:atualizar_tipo_contestacao:1046 - [HU-16 Writeback tipo_contestacao] Chave sem linha correspondente no banco {'eot_operadora': '888', 'eot_tbra': '011', 'referencia': '202507', 'trafego': '202507', 'remuneracoes': 'TU-RL'} — ignorada (a linha-base é inserida pelo Épico 3, B-D20).
2026-08-14 09:41:18.663 | INFO    |comum.dados.repositorio_cache:recarregar_cache_local:375 - Carregando tabela [tbl_rpa_log_detraf_despesa_contestacao]
2026-08-14 09:41:18.665 | INFO    |comum.dados.repositorio_cache:recarregar_cache_local:375 - Tabela [tbl_rpa_log_detraf_despesa_contestacao] carregada | Linhas: 2 | Colunas: 19
2026-08-14 09:41:18.665 | INFO    |comum.dados.repositorio_tabelas:atualizar_tipo_contestacao:1046 - [HU-16 Writeback tipo_contestacao] 0 linha(s) atualizada(s), 1 chave(s) ausente(s).
2026-08-14 09:41:18.669 | INFO    |comum.dados.repositorio_cache:__init__:77 - Inicializando conexão com o banco no ambiente [dev]
2026-08-14 09:41:18.669 | INFO    |comum.dados.repositorio_cache:__init__:77 - Utilizando SQLite local [C:\Users\BTIMES~1\AppData\Local\Temp\detraf_epico4_teste_rclx_oxd\TABELAS_DETRAF_TESTE.db]
2026-08-14 09:41:18.674 | INFO    |test_repositorio_escrita:test_cache_e_recarregado_apos_update:305 - 1 linha(s) atualizada(s) em [tbl_rpa_log_detraf_despesa_contestacao].
2026-08-14 09:41:18.674 | INFO    |comum.dados.repositorio_cache:recarregar_cache_local:375 - Carregando tabela [tbl_rpa_log_detraf_despesa_contestacao]
2026-08-14 09:41:18.675 | INFO    |comum.dados.repositorio_cache:recarregar_cache_local:375 - Tabela [tbl_rpa_log_detraf_despesa_contestacao] carregada | Linhas: 2 | Colunas: 19
2026-08-14 09:41:18.700 | INFO    |test_upload_agi:test_operadora_sem_pasta_nao_quebra:76 - [HU-17] Sem pasta AGI para INEXISTENTE/202507: [C:\Users\Btime Soluções\AppData\Local\Temp\pytest-of-Btime Soluções\pytest-21\test_operadora_sem_pasta_nao_q0\Operadoras\INEXISTENTE\2025\202507\AGI].
2026-08-14 09:41:18.708 | INFO    |test_upload_agi:test_arquivo_de_outro_tipo_na_pasta_e_ignorado:81 - [HU-17] Nenhum EXT/INT em [C:\Users\Btime Soluções\AppData\Local\Temp\pytest-of-Btime Soluções\pytest-21\test_arquivo_de_outro_tipo_na_0\Operadoras\CLARO\2025\202507\AGI].
2026-08-14 09:41:18.728 | INFO    |test_upload_agi:test_le_da_mesma_pasta_em_que_a_hu16_grava:118 - [STEP] Iniciando: gerar_arquivo_cont_proc
2026-08-14 09:41:18.735 | INFO    |comum.utils.decoradores:wrapper:22 - [HU-16 CONT_PROC] Arquivo gravado em [C:\Users\Btime Soluções\AppData\Local\Temp\pytest-of-Btime Soluções\pytest-21\test_le_da_mesma_pasta_em_que_0\Operadoras\CLARO\2025\202507\AGI\CONT_PROC_MASCARA_CLARO_202507.xlsx].
2026-08-14 09:41:18.736 | INFO    |test_upload_agi:test_le_da_mesma_pasta_em_que_a_hu16_grava:118 - [STEP] Finalizando: gerar_arquivo_cont_proc | Tempo gasto: 0.01s
2026-08-14 09:41:18.743 | INFO    |test_upload_agi:test_o_ext_e_o_int_da_mesma_pasta_nao_entram:136 - [HU-18] Nenhum CONT_PROC_MASCARA em [C:\Users\Btime Soluções\AppData\Local\Temp\pytest-of-Btime Soluções\pytest-21\test_o_ext_e_o_int_da_mesma_pa0\Operadoras\CLARO\2025\202507\AGI].
2026-08-14 09:41:18.749 | INFO    |test_upload_agi:test_a_carta_e_o_env_nao_entram:144 - [HU-18] Sem pasta AGI para CLARO/202507: [C:\Users\Btime Soluções\AppData\Local\Temp\pytest-of-Btime Soluções\pytest-21\test_a_carta_e_o_env_nao_entra0\Operadoras\CLARO\2025\202507\AGI].
2026-08-14 09:41:18.758 | WARNING |test_upload_agi:test_arquivo_anterior_a_execucao_e_descartado:167 - [HU-17] [DE_AGI_D_202507_TBRA_X_CLARO_INT.txt] é anterior a esta execução — sobra de uma rodada passada, não será enviado ao AGI. Um _INT antigo subiria num cenário que talvez não tenha mais retenção.
2026-08-14 09:41:18.766 | WARNING |test_upload_agi:test_o_descarte_e_anunciado:182 - [HU-17] [DE_AGI_D_202507_TBRA_X_CLARO_EXT.txt] é anterior a esta execução — sobra de uma rodada passada, não será enviado ao AGI. Um _INT antigo subiria num cenário que talvez não tenha mais retenção.
2026-08-14 09:41:18.766 | WARNING |test_upload_agi:test_o_descarte_e_anunciado:182 - [HU-17] [DE_AGI_D_202507_TBRA_X_CLARO_INT.txt] é anterior a esta execução — sobra de uma rodada passada, não será enviado ao AGI. Um _INT antigo subiria num cenário que talvez não tenha mais retenção.
2026-08-14 09:41:18.766 | INFO    |test_upload_agi:test_o_descarte_e_anunciado:182 - [HU-17] Nenhum EXT/INT em [C:\Users\Btime Soluções\AppData\Local\Temp\pytest-of-Btime Soluções\pytest-21\test_o_descarte_e_anunciado0\Operadoras\CLARO\2025\202507\AGI].
2026-08-14 09:41:18.776 | INFO    |test_upload_agi:test_upload_bem_sucedido_grava_carregado:218 - [STEP] Iniciando: UploadContestacaoAGI.executar
2026-08-14 09:41:18.776 | INFO    |src.services.upload_contestacao_agi:executar:149 - [RPA 3 — HU-18: upload do CONT_PROC no AGI] Login e navegação até 'Contestação > Gerenciar' concluídos — confira na tela se o AGI abriu no lugar certo.
2026-08-14 09:41:18.776 | INFO    |src.services.upload_contestacao_agi:executar:149 - [RPA 3 — HU-18: upload do CONT_PROC no AGI] 1 arquivo(s) pendente(s) de upload:
2026-08-14 09:41:18.776 | INFO    |src.services.upload_contestacao_agi:executar:149 - [RPA 3 — HU-18: upload do CONT_PROC no AGI]   CLARO: CONT_PROC_MASCARA_CLARO_202507.xlsx
2026-08-14 09:41:18.776 | INFO    |src.services.upload_contestacao_agi:executar:149 - [RPA 3 — HU-18: upload do CONT_PROC no AGI] ────────────────────────────────────────────────────────────
2026-08-14 09:41:18.777 | INFO    |src.services.upload_contestacao_agi:executar:149 - [RPA 3 — HU-18: upload do CONT_PROC no AGI] PRÓXIMA ETAPA: upload + clique em Salvar, um por um — ESCREVE NO AGI DE PRODUÇÃO, sem desfazer
2026-08-14 09:41:18.777 | INFO    |comum.utils.decoradores:wrapper:22 - [HU-18] Upload concluído: CLARO / CONT_PROC_MASCARA_CLARO_202507.xlsx.
2026-08-14 09:41:19.777 | INFO    |test_upload_agi:test_upload_bem_sucedido_grava_carregado:218 - [STEP] Finalizando: UploadContestacaoAGI.executar | Tempo gasto: 1.0s
2026-08-14 09:41:19.780 | INFO    |test_upload_agi:test_falha_no_upload_grava_erro_em_vez_de_deixar_nao_carregado:243 - [STEP] Iniciando: UploadContestacaoAGI.executar
2026-08-14 09:41:19.780 | INFO    |src.services.upload_contestacao_agi:executar:149 - [RPA 3 — HU-18: upload do CONT_PROC no AGI] Login e navegação até 'Contestação > Gerenciar' concluídos — confira na tela se o AGI abriu no lugar certo.
2026-08-14 09:41:19.780 | INFO    |src.services.upload_contestacao_agi:executar:149 - [RPA 3 — HU-18: upload do CONT_PROC no AGI] 1 arquivo(s) pendente(s) de upload:
2026-08-14 09:41:19.780 | INFO    |src.services.upload_contestacao_agi:executar:149 - [RPA 3 — HU-18: upload do CONT_PROC no AGI]   CLARO: CONT_PROC_MASCARA_CLARO_202507.xlsx
2026-08-14 09:41:19.781 | INFO    |src.services.upload_contestacao_agi:executar:149 - [RPA 3 — HU-18: upload do CONT_PROC no AGI] ────────────────────────────────────────────────────────────
2026-08-14 09:41:19.781 | INFO    |src.services.upload_contestacao_agi:executar:149 - [RPA 3 — HU-18: upload do CONT_PROC no AGI] PRÓXIMA ETAPA: upload + clique em Salvar, um por um — ESCREVE NO AGI DE PRODUÇÃO, sem desfazer
2026-08-14 09:41:19.781 | ERROR   |comum.utils.decoradores:wrapper:22 - [HU-18] Falha no upload de CLARO / CONT_PROC_MASCARA_CLARO_202507.xlsx: botão Salvar não apareceu
Traceback (most recent call last):
  File "<string>", line 5, in <module>
  File "C:\Users\Btime Soluções\AppData\Local\Programs\Python\Python314\Lib\site-packages\_pytest\config\__init__.py", line 201, in main
    return _main(args=args, plugins=plugins, prog="pytest.main()")
  File "C:\Users\Btime Soluções\AppData\Local\Programs\Python\Python314\Lib\site-packages\_pytest\config\__init__.py", line 229, in _main
    ret: ExitCode | int = config.hook.pytest_cmdline_main(config=config)
  File "C:\Users\Btime Soluções\AppData\Local\Programs\Python\Python314\Lib\site-packages\pluggy\_hooks.py", line 512, in __call__
    return self._hookexec(self.name, self._hookimpls.copy(), kwargs, firstresult)
  File "C:\Users\Btime Soluções\AppData\Local\Programs\Python\Python314\Lib\site-packages\pluggy\_manager.py", line 120, in _hookexec
    return self._inner_hookexec(hook_name, methods, kwargs, firstresult)
  File "C:\Users\Btime Soluções\AppData\Local\Programs\Python\Python314\Lib\site-packages\pluggy\_callers.py", line 121, in _multicall
    res = hook_impl.function(*args)
  File "C:\Users\Btime Soluções\AppData\Local\Programs\Python\Python314\Lib\site-packages\_pytest\main.py", line 377, in pytest_cmdline_main
    return wrap_session(config, _main)
  File "C:\Users\Btime Soluções\AppData\Local\Programs\Python\Python314\Lib\site-packages\_pytest\main.py", line 330, in wrap_session
    session.exitstatus = doit(config, session) or 0
  File "C:\Users\Btime Soluções\AppData\Local\Programs\Python\Python314\Lib\site-packages\_pytest\main.py", line 384, in _main
    config.hook.pytest_runtestloop(session=session)
  File "C:\Users\Btime Soluções\AppData\Local\Programs\Python\Python314\Lib\site-packages\pluggy\_hooks.py", line 512, in __call__
    return self._hookexec(self.name, self._hookimpls.copy(), kwargs, firstresult)
  File "C:\Users\Btime Soluções\AppData\Local\Programs\Python\Python314\Lib\site-packages\pluggy\_manager.py", line 120, in _hookexec
    return self._inner_hookexec(hook_name, methods, kwargs, firstresult)
  File "C:\Users\Btime Soluções\AppData\Local\Programs\Python\Python314\Lib\site-packages\pluggy\_callers.py", line 121, in _multicall
    res = hook_impl.function(*args)
  File "C:\Users\Btime Soluções\AppData\Local\Programs\Python\Python314\Lib\site-packages\_pytest\main.py", line 408, in pytest_runtestloop
    item.config.hook.pytest_runtest_protocol(item=item, nextitem=nextitem)
  File "C:\Users\Btime Soluções\AppData\Local\Programs\Python\Python314\Lib\site-packages\pluggy\_hooks.py", line 512, in __call__
    return self._hookexec(self.name, self._hookimpls.copy(), kwargs, firstresult)
  File "C:\Users\Btime Soluções\AppData\Local\Programs\Python\Python314\Lib\site-packages\pluggy\_manager.py", line 120, in _hookexec
    return self._inner_hookexec(hook_name, methods, kwargs, firstresult)
  File "C:\Users\Btime Soluções\AppData\Local\Programs\Python\Python314\Lib\site-packages\pluggy\_callers.py", line 121, in _multicall
    res = hook_impl.function(*args)
  File "C:\Users\Btime Soluções\AppData\Local\Programs\Python\Python314\Lib\site-packages\_pytest\runner.py", line 118, in pytest_runtest_protocol
    runtestprotocol(item, nextitem=nextitem)
  File "C:\Users\Btime Soluções\AppData\Local\Programs\Python\Python314\Lib\site-packages\_pytest\runner.py", line 139, in runtestprotocol
    reports.append(call_and_report(item, "call", log))
  File "C:\Users\Btime Soluções\AppData\Local\Programs\Python\Python314\Lib\site-packages\_pytest\runner.py", line 249, in call_and_report
    call = CallInfo.from_call(
  File "C:\Users\Btime Soluções\AppData\Local\Programs\Python\Python314\Lib\site-packages\_pytest\runner.py", line 361, in from_call
    result: TResult | None = func()
  File "C:\Users\Btime Soluções\AppData\Local\Programs\Python\Python314\Lib\site-packages\_pytest\runner.py", line 250, in <lambda>
    lambda: runtest_hook(item=item, **kwds),
  File "C:\Users\Btime Soluções\AppData\Local\Programs\Python\Python314\Lib\site-packages\pluggy\_hooks.py", line 512, in __call__
    return self._hookexec(self.name, self._hookimpls.copy(), kwargs, firstresult)
  File "C:\Users\Btime Soluções\AppData\Local\Programs\Python\Python314\Lib\site-packages\pluggy\_manager.py", line 120, in _hookexec
    return self._inner_hookexec(hook_name, methods, kwargs, firstresult)
  File "C:\Users\Btime Soluções\AppData\Local\Programs\Python\Python314\Lib\site-packages\pluggy\_callers.py", line 121, in _multicall
    res = hook_impl.function(*args)
  File "C:\Users\Btime Soluções\AppData\Local\Programs\Python\Python314\Lib\site-packages\_pytest\runner.py", line 184, in pytest_runtest_call
    item.runtest()
  File "C:\Users\Btime Soluções\AppData\Local\Programs\Python\Python314\Lib\site-packages\_pytest\python.py", line 1707, in runtest
    self.ihook.pytest_pyfunc_call(pyfuncitem=self)
  File "C:\Users\Btime Soluções\AppData\Local\Programs\Python\Python314\Lib\site-packages\pluggy\_hooks.py", line 512, in __call__
    return self._hookexec(self.name, self._hookimpls.copy(), kwargs, firstresult)
  File "C:\Users\Btime Soluções\AppData\Local\Programs\Python\Python314\Lib\site-packages\pluggy\_manager.py", line 120, in _hookexec
    return self._inner_hookexec(hook_name, methods, kwargs, firstresult)
  File "C:\Users\Btime Soluções\AppData\Local\Programs\Python\Python314\Lib\site-packages\pluggy\_callers.py", line 121, in _multicall
    res = hook_impl.function(*args)
  File "C:\Users\Btime Soluções\AppData\Local\Programs\Python\Python314\Lib\site-packages\_pytest\python.py", line 167, in pytest_pyfunc_call
    result = testfunction(**testargs)
  File "C:\projetos\MVP2\MVP2\MVP2\DETRAF-UNIFICADO\unificado\rpa3_contestacao_agi_ec\tests\test_upload_agi.py", line 243, in test_falha_no_upload_grava_erro_em_vez_de_deixar_nao_carregado
    servico.executar(["CLARO"], "202507")
  File "C:\projetos\MVP2\MVP2\MVP2\DETRAF-UNIFICADO\unificado\comum\utils\decoradores.py", line 22, in wrapper
    return func(*args, **kwargs)
> File "C:\projetos\MVP2\MVP2\MVP2\DETRAF-UNIFICADO\unificado\rpa3_contestacao_agi_ec\src\services\upload_contestacao_agi.py", line 166, in executar
    self.upload_um_arquivo(caminho)
  File "C:\projetos\MVP2\MVP2\MVP2\DETRAF-UNIFICADO\unificado\rpa3_contestacao_agi_ec\tests\test_upload_agi.py", line 234, in _explodir
    raise RuntimeError("botão Salvar não apareceu")
RuntimeError: botão Salvar não apareceu
2026-08-14 09:41:20.787 | INFO    |test_upload_agi:test_falha_no_upload_grava_erro_em_vez_de_deixar_nao_carregado:243 - [STEP] Finalizando: UploadContestacaoAGI.executar | Tempo gasto: 1.01s
2026-08-14 09:41:20.793 | INFO    |test_upload_agi:test_banco_fora_nao_derruba_o_lote:267 - [STEP] Iniciando: UploadContestacaoAGI.executar
2026-08-14 09:41:20.793 | INFO    |src.services.upload_contestacao_agi:executar:149 - [RPA 3 — HU-18: upload do CONT_PROC no AGI] Login e navegação até 'Contestação > Gerenciar' concluídos — confira na tela se o AGI abriu no lugar certo.
2026-08-14 09:41:20.794 | INFO    |src.services.upload_contestacao_agi:executar:149 - [RPA 3 — HU-18: upload do CONT_PROC no AGI] 1 arquivo(s) pendente(s) de upload:
2026-08-14 09:41:20.795 | INFO    |src.services.upload_contestacao_agi:executar:149 - [RPA 3 — HU-18: upload do CONT_PROC no AGI]   CLARO: CONT_PROC.xlsx
2026-08-14 09:41:20.795 | INFO    |src.services.upload_contestacao_agi:executar:149 - [RPA 3 — HU-18: upload do CONT_PROC no AGI] ────────────────────────────────────────────────────────────
2026-08-14 09:41:20.796 | INFO    |src.services.upload_contestacao_agi:executar:149 - [RPA 3 — HU-18: upload do CONT_PROC no AGI] PRÓXIMA ETAPA: upload + clique em Salvar, um por um — ESCREVE NO AGI DE PRODUÇÃO, sem desfazer
2026-08-14 09:41:20.796 | INFO    |comum.utils.decoradores:wrapper:22 - [HU-18] Upload concluído: CLARO / CONT_PROC.xlsx.
2026-08-14 09:41:20.797 | ERROR   |src.services.upload_contestacao_agi:executar:181 - [HU-18] Upload de CLARO/202507 terminou como 'carregado', mas o registro em carga_agi FALHOU: conexão recusada. O AGI e o WebFat ficaram fora de sincronia para esta operadora.
Traceback (most recent call last):
  File "<string>", line 5, in <module>
  File "C:\Users\Btime Soluções\AppData\Local\Programs\Python\Python314\Lib\site-packages\_pytest\config\__init__.py", line 201, in main
    return _main(args=args, plugins=plugins, prog="pytest.main()")
  File "C:\Users\Btime Soluções\AppData\Local\Programs\Python\Python314\Lib\site-packages\_pytest\config\__init__.py", line 229, in _main
    ret: ExitCode | int = config.hook.pytest_cmdline_main(config=config)
  File "C:\Users\Btime Soluções\AppData\Local\Programs\Python\Python314\Lib\site-packages\pluggy\_hooks.py", line 512, in __call__
    return self._hookexec(self.name, self._hookimpls.copy(), kwargs, firstresult)
  File "C:\Users\Btime Soluções\AppData\Local\Programs\Python\Python314\Lib\site-packages\pluggy\_manager.py", line 120, in _hookexec
    return self._inner_hookexec(hook_name, methods, kwargs, firstresult)
  File "C:\Users\Btime Soluções\AppData\Local\Programs\Python\Python314\Lib\site-packages\pluggy\_callers.py", line 121, in _multicall
    res = hook_impl.function(*args)
  File "C:\Users\Btime Soluções\AppData\Local\Programs\Python\Python314\Lib\site-packages\_pytest\main.py", line 377, in pytest_cmdline_main
    return wrap_session(config, _main)
  File "C:\Users\Btime Soluções\AppData\Local\Programs\Python\Python314\Lib\site-packages\_pytest\main.py", line 330, in wrap_session
    session.exitstatus = doit(config, session) or 0
  File "C:\Users\Btime Soluções\AppData\Local\Programs\Python\Python314\Lib\site-packages\_pytest\main.py", line 384, in _main
    config.hook.pytest_runtestloop(session=session)
  File "C:\Users\Btime Soluções\AppData\Local\Programs\Python\Python314\Lib\site-packages\pluggy\_hooks.py", line 512, in __call__
    return self._hookexec(self.name, self._hookimpls.copy(), kwargs, firstresult)
  File "C:\Users\Btime Soluções\AppData\Local\Programs\Python\Python314\Lib\site-packages\pluggy\_manager.py", line 120, in _hookexec
    return self._inner_hookexec(hook_name, methods, kwargs, firstresult)
  File "C:\Users\Btime Soluções\AppData\Local\Programs\Python\Python314\Lib\site-packages\pluggy\_callers.py", line 121, in _multicall
    res = hook_impl.function(*args)
  File "C:\Users\Btime Soluções\AppData\Local\Programs\Python\Python314\Lib\site-packages\_pytest\main.py", line 408, in pytest_runtestloop
    item.config.hook.pytest_runtest_protocol(item=item, nextitem=nextitem)
  File "C:\Users\Btime Soluções\AppData\Local\Programs\Python\Python314\Lib\site-packages\pluggy\_hooks.py", line 512, in __call__
    return self._hookexec(self.name, self._hookimpls.copy(), kwargs, firstresult)
  File "C:\Users\Btime Soluções\AppData\Local\Programs\Python\Python314\Lib\site-packages\pluggy\_manager.py", line 120, in _hookexec
    return self._inner_hookexec(hook_name, methods, kwargs, firstresult)
  File "C:\Users\Btime Soluções\AppData\Local\Programs\Python\Python314\Lib\site-packages\pluggy\_callers.py", line 121, in _multicall
    res = hook_impl.function(*args)
  File "C:\Users\Btime Soluções\AppData\Local\Programs\Python\Python314\Lib\site-packages\_pytest\runner.py", line 118, in pytest_runtest_protocol
    runtestprotocol(item, nextitem=nextitem)
  File "C:\Users\Btime Soluções\AppData\Local\Programs\Python\Python314\Lib\site-packages\_pytest\runner.py", line 139, in runtestprotocol
    reports.append(call_and_report(item, "call", log))
  File "C:\Users\Btime Soluções\AppData\Local\Programs\Python\Python314\Lib\site-packages\_pytest\runner.py", line 249, in call_and_report
    call = CallInfo.from_call(
  File "C:\Users\Btime Soluções\AppData\Local\Programs\Python\Python314\Lib\site-packages\_pytest\runner.py", line 361, in from_call
    result: TResult | None = func()
  File "C:\Users\Btime Soluções\AppData\Local\Programs\Python\Python314\Lib\site-packages\_pytest\runner.py", line 250, in <lambda>
    lambda: runtest_hook(item=item, **kwds),
  File "C:\Users\Btime Soluções\AppData\Local\Programs\Python\Python314\Lib\site-packages\pluggy\_hooks.py", line 512, in __call__
    return self._hookexec(self.name, self._hookimpls.copy(), kwargs, firstresult)
  File "C:\Users\Btime Soluções\AppData\Local\Programs\Python\Python314\Lib\site-packages\pluggy\_manager.py", line 120, in _hookexec
    return self._inner_hookexec(hook_name, methods, kwargs, firstresult)
  File "C:\Users\Btime Soluções\AppData\Local\Programs\Python\Python314\Lib\site-packages\pluggy\_callers.py", line 121, in _multicall
    res = hook_impl.function(*args)
  File "C:\Users\Btime Soluções\AppData\Local\Programs\Python\Python314\Lib\site-packages\_pytest\runner.py", line 184, in pytest_runtest_call
    item.runtest()
  File "C:\Users\Btime Soluções\AppData\Local\Programs\Python\Python314\Lib\site-packages\_pytest\python.py", line 1707, in runtest
    self.ihook.pytest_pyfunc_call(pyfuncitem=self)
  File "C:\Users\Btime Soluções\AppData\Local\Programs\Python\Python314\Lib\site-packages\pluggy\_hooks.py", line 512, in __call__
    return self._hookexec(self.name, self._hookimpls.copy(), kwargs, firstresult)
  File "C:\Users\Btime Soluções\AppData\Local\Programs\Python\Python314\Lib\site-packages\pluggy\_manager.py", line 120, in _hookexec
    return self._inner_hookexec(hook_name, methods, kwargs, firstresult)
  File "C:\Users\Btime Soluções\AppData\Local\Programs\Python\Python314\Lib\site-packages\pluggy\_callers.py", line 121, in _multicall
    res = hook_impl.function(*args)
  File "C:\Users\Btime Soluções\AppData\Local\Programs\Python\Python314\Lib\site-packages\_pytest\python.py", line 167, in pytest_pyfunc_call
    result = testfunction(**testargs)
  File "C:\projetos\MVP2\MVP2\MVP2\DETRAF-UNIFICADO\unificado\rpa3_contestacao_agi_ec\tests\test_upload_agi.py", line 267, in test_banco_fora_nao_derruba_o_lote
    servico.executar(["CLARO"], "202507")
  File "C:\projetos\MVP2\MVP2\MVP2\DETRAF-UNIFICADO\unificado\comum\utils\decoradores.py", line 22, in wrapper
    return func(*args, **kwargs)
  File "C:\projetos\MVP2\MVP2\MVP2\DETRAF-UNIFICADO\unificado\rpa3_contestacao_agi_ec\src\services\upload_contestacao_agi.py", line 181, in executar
    self._registrar_carga(operadora, aaaamm, status)
> File "C:\projetos\MVP2\MVP2\MVP2\DETRAF-UNIFICADO\unificado\rpa3_contestacao_agi_ec\src\services\upload_contestacao_agi.py", line 195, in _registrar_carga
    self.repositorio.atualizar_carga_agi(operadora, aaaamm, status)
  File "C:\projetos\MVP2\MVP2\MVP2\DETRAF-UNIFICADO\unificado\rpa3_contestacao_agi_ec\tests\test_upload_agi.py", line 253, in atualizar_carga_agi
    raise RuntimeError("conexão recusada")
RuntimeError: conexão recusada
2026-08-14 09:41:21.811 | INFO    |test_upload_agi:test_banco_fora_nao_derruba_o_lote:267 - [STEP] Finalizando: UploadContestacaoAGI.executar | Tempo gasto: 1.02s
2026-08-14 09:41:21.829 | INFO    |test_upload_agi:test_hu17_nao_abre_o_agi_com_o_switch_desligado:285 - [STEP] Iniciando: UploadDetrafAGI.executar
2026-08-14 09:41:21.830 | INFO    |comum.utils.decoradores:wrapper:22 - [MODO SEGURO] PERMITIR_UPLOAD_AGI=false — 2 arquivo(s) pendente(s), nada enviado ao AGI:
2026-08-14 09:41:21.830 | INFO    |comum.utils.decoradores:wrapper:22 -   CLARO: DE_AGI_D_202507_TBRA_X_CLARO_EXT.txt
2026-08-14 09:41:21.831 | INFO    |comum.utils.decoradores:wrapper:22 -   CLARO: DE_AGI_D_202507_TBRA_X_CLARO_INT.txt
2026-08-14 09:41:21.831 | INFO    |test_upload_agi:test_hu17_nao_abre_o_agi_com_o_switch_desligado:285 - [STEP] Finalizando: UploadDetrafAGI.executar | Tempo gasto: 0.0s
2026-08-14 09:41:21.845 | INFO    |comum.dados.repositorio_cache:__init__:77 - Inicializando conexão com o banco no ambiente [dev]
2026-08-14 09:41:21.845 | INFO    |comum.dados.repositorio_cache:__init__:77 - Utilizando SQLite local [C:\Users\BTIMES~1\AppData\Local\Temp\detraf_epico4_teste_rclx_oxd\TABELAS_DETRAF_TESTE.db]
2026-08-14 09:41:21.846 | INFO    |test_upload_agi:test_hu18_nao_abre_o_agi_com_o_switch_desligado:296 - [STEP] Iniciando: UploadContestacaoAGI.executar
2026-08-14 09:41:21.847 | INFO    |src.services.upload_contestacao_agi:executar:125 - [HU-18] Sem pasta AGI para CLARO/202507: [C:\Users\Btime Soluções\AppData\Local\Temp\pytest-of-Btime Soluções\pytest-21\test_hu18_nao_abre_o_agi_com_o0\Operadoras\CLARO\2025\202507\AGI].
2026-08-14 09:41:21.847 | INFO    |comum.utils.decoradores:wrapper:22 - [HU-18] Nenhum CONT_PROC_MASCARA pendente; nada a fazer.
2026-08-14 09:41:21.848 | INFO    |test_upload_agi:test_hu18_nao_abre_o_agi_com_o_switch_desligado:296 - [STEP] Finalizando: UploadContestacaoAGI.executar | Tempo gasto: 0.0s
2026-08-14 09:41:21.857 | INFO    |test_upload_agi:test_sem_pendencia_o_agi_nao_e_aberto_nem_com_o_switch_ligado:306 - [STEP] Iniciando: UploadDetrafAGI.executar
2026-08-14 09:41:21.857 | INFO    |src.services.upload_detraf_agi:executar:202 - [HU-17] Sem pasta AGI para CLARO/202507: [C:\Users\Btime Soluções\AppData\Local\Temp\pytest-of-Btime Soluções\pytest-21\test_sem_pendencia_o_agi_nao_e0\Operadoras\CLARO\2025\202507\AGI].
2026-08-14 09:41:21.858 | INFO    |comum.utils.decoradores:wrapper:22 - [HU-17] Nada pendente em EXT/INT; nada a fazer.
2026-08-14 09:41:21.858 | INFO    |test_upload_agi:test_sem_pendencia_o_agi_nao_e_aberto_nem_com_o_switch_ligado:306 - [STEP] Finalizando: UploadDetrafAGI.executar | Tempo gasto: 0.0s
2026-08-14 09:41:21.860 | WARNING |test_upload_agi:test_sem_diretorio_configurado_nao_grava_e_nao_quebra:315 - [HU-17] DIRETORIO_EVIDENCIAS não configurado — evidência não capturada.
2026-08-14 09:41:21.865 | WARNING |test_upload_agi:test_falha_na_captura_nao_derruba_o_upload:326 - [HU-17] Falha ao capturar evidência em [C:\Users\Btime Soluções\AppData\Local\Temp\pytest-of-Btime Soluções\pytest-21\test_falha_na_captura_nao_derr0\evidencias\evidencia_arquivo_20260814_094121.png]: sem display
2026-08-14 09:41:21.886 | INFO    |test_verificacao_relatorio:test_fica_so_com_as_linhas_de_despesa:78 - [HU-20] Relatório lido: 3 linha(s), 2 de despesa.
2026-08-14 09:41:21.905 | WARNING |test_verificacao_relatorio:test_export_sem_as_colunas_de_imposto_avisa:108 - [HU-20] O relatório não traz ['Vlr. CBS', 'Vlr. IBS Estadual', 'Vlr. IBS Municipal'] — a V2 (¶702) manda comparar CBS e IBS. Export antigo do AGI?
2026-08-14 09:41:21.905 | INFO    |test_verificacao_relatorio:test_export_sem_as_colunas_de_imposto_avisa:108 - [HU-20] Relatório lido: 1 linha(s), 1 de despesa.
2026-08-14 09:41:21.912 | INFO    |test_verificacao_relatorio:test_soma_o_valor_bruto_por_operadora:120 - [HU-20] Relatório lido: 3 linha(s), 3 de despesa.
2026-08-14 09:41:21.924 | INFO    |test_verificacao_relatorio:test_o_separador_de_milhar_do_agi_e_tratado:138 - [HU-20] Relatório lido: 1 linha(s), 1 de despesa.
2026-08-14 09:41:21.934 | INFO    |test_verificacao_relatorio:test_as_tres_colunas_de_imposto_entram:150 - [HU-20] Relatório lido: 2 linha(s), 2 de despesa.
2026-08-14 09:41:21.945 | INFO    |test_verificacao_relatorio:test_relatorio_sem_despesa_devolve_vazio_sem_quebrar:164 - [HU-20] Relatório lido: 1 linha(s), 0 de despesa.
2026-08-14 09:41:21.986 | WARNING |test_verificacao_relatorio:test_grava_o_xlsx_quando_ha_divergencia:271 - [HU-20] CLARO: AGI R$ 1,000.00 × EC R$ 950.00 — diferença de R$ 50.00.
2026-08-14 09:41:21.987 | ERROR   |test_verificacao_relatorio:test_grava_o_xlsx_quando_ha_divergencia:271 - [HU-20] 1 de 1 operadora(s) divergente(s) em 202507. Detalhe em [C:\Users\Btime Soluções\AppData\Local\Temp\pytest-of-Btime Soluções\pytest-21\test_grava_o_xlsx_quando_ha_di0\inconsistencias_202507_20260814_094121.xlsx].
2026-08-14 09:41:22.001 | WARNING |test_verificacao_relatorio:test_o_nome_traz_a_competencia:280 - [HU-20] CLARO: AGI R$ 1,000.00 × EC R$ 950.00 — diferença de R$ 50.00.
2026-08-14 09:41:22.002 | ERROR   |test_verificacao_relatorio:test_o_nome_traz_a_competencia:280 - [HU-20] 1 de 1 operadora(s) divergente(s) em 202507. Detalhe em [C:\Users\Btime Soluções\AppData\Local\Temp\pytest-of-Btime Soluções\pytest-21\test_o_nome_traz_a_competencia0\inconsistencias_202507_20260814_094121.xlsx].
2026-08-14 09:41:22.009 | INFO    |test_verificacao_relatorio:test_sem_divergencia_nao_grava_nada:288 - [HU-20] 1 operadora(s) conferida(s) em 202507: nenhuma divergência entre o AGI e o Encontro de Contas.
2026-08-14 09:41:22.024 | WARNING |test_verificacao_relatorio:test_cada_divergencia_aparece_no_log:295 - [HU-20] CLARO: AGI R$ 1,000.00 × EC R$ 950.00 — diferença de R$ 50.00.
2026-08-14 09:41:22.024 | ERROR   |test_verificacao_relatorio:test_cada_divergencia_aparece_no_log:295 - [HU-20] 1 de 1 operadora(s) divergente(s) em 202507. Detalhe em [C:\Users\Btime Soluções\AppData\Local\Temp\pytest-of-Btime Soluções\pytest-21\test_cada_divergencia_aparece_0\inconsistencias_202507_20260814_094122.xlsx].
2026-08-14 09:41:22.039 | WARNING |test_verificacao_relatorio:test_a_operadora_ausente_do_ec_e_descrita_como_tal:310 - [HU-20] NOVA: presente no AGI (R$ 800.00) e **ausente no Encontro de Contas**.
2026-08-14 09:41:22.039 | ERROR   |test_verificacao_relatorio:test_a_operadora_ausente_do_ec_e_descrita_como_tal:310 - [HU-20] 1 de 1 operadora(s) divergente(s) em 202507. Detalhe em [C:\Users\Btime Soluções\AppData\Local\Temp\pytest-of-Btime Soluções\pytest-21\test_a_operadora_ausente_do_ec0\inconsistencias_202507_20260814_094122.xlsx].
2026-08-14 09:41:22.048 | INFO    |test_verificacao_relatorio:test_com_o_switch_desligado_o_agi_nao_e_aberto:346 - [STEP] Iniciando: VerificacaoRelatorio.executar
2026-08-14 09:41:22.049 | INFO    |comum.utils.decoradores:wrapper:22 - [MODO SEGURO] PERMITIR_ACESSO_AGI=false — o AGI não será aberto. A verificação usa o relatório já em [C:\Users\Btime Soluções\AppData\Local\Temp\pytest-of-Btime Soluções\pytest-21\test_com_o_switch_desligado_o_0\remessa_baixada.csv].
2026-08-14 09:41:22.052 | INFO    |src.services.verificacao_relatorio:executar:398 - [HU-20] Relatório lido: 1 linha(s), 1 de despesa.
2026-08-14 09:41:22.059 | INFO    |src.services.verificacao_relatorio:gravar_inconsistencias:260 - [HU-20] Impostos somados do relatório do AGI em 202507 — Vlr. CBS: R$ 3.00 | Vlr. IBS Estadual: R$ 1.00 | Vlr. IBS Municipal: R$ 2.00. **Informativo**: o Encontro de Contas não tem coluna de imposto, então não há comparação (pendência Q6). A V2 (¶367) trata os impostos como informativos até 2027.
2026-08-14 09:41:22.060 | INFO    |src.services.verificacao_relatorio:executar:403 - [HU-20] 1 operadora(s) conferida(s) em 202507: nenhuma divergência entre o AGI e o Encontro de Contas.
2026-08-14 09:41:22.060 | INFO    |test_verificacao_relatorio:test_com_o_switch_desligado_o_agi_nao_e_aberto:346 - [STEP] Finalizando: VerificacaoRelatorio.executar | Tempo gasto: 0.01s
2026-08-14 09:41:22.065 | INFO    |test_verificacao_relatorio:test_sem_relatorio_e_com_o_switch_desligado_a_execucao_falha:364 - [STEP] Iniciando: VerificacaoRelatorio.executar
2026-08-14 09:41:22.066 | INFO    |comum.utils.decoradores:wrapper:22 - [MODO SEGURO] PERMITIR_ACESSO_AGI=false — o AGI não será aberto. A verificação usa o relatório já em [C:\Users\Btime Soluções\AppData\Local\Temp\pytest-of-Btime Soluções\pytest-21\test_sem_relatorio_e_com_o_swi0\nada.csv].
2026-08-14 09:41:22.066 | INFO    |test_verificacao_relatorio:test_sem_relatorio_e_com_o_switch_desligado_a_execucao_falha:364 - [STEP] Finalizando: VerificacaoRelatorio.executar | Tempo gasto: 0.0s
2026-08-14 09:41:22.072 | INFO    |test_verificacao_relatorio:test_do_csv_ao_xlsx_de_divergencia:382 - [STEP] Iniciando: VerificacaoRelatorio.executar
2026-08-14 09:41:22.073 | INFO    |comum.utils.decoradores:wrapper:22 - [MODO SEGURO] PERMITIR_ACESSO_AGI=false — o AGI não será aberto. A verificação usa o relatório já em [C:\Users\Btime Soluções\AppData\Local\Temp\pytest-of-Btime Soluções\pytest-21\test_do_csv_ao_xlsx_de_diverge0\remessa_baixada.csv].
2026-08-14 09:41:22.075 | INFO    |src.services.verificacao_relatorio:executar:398 - [HU-20] Relatório lido: 3 linha(s), 2 de despesa.
2026-08-14 09:41:22.082 | INFO    |src.services.verificacao_relatorio:gravar_inconsistencias:260 - [HU-20] Impostos somados do relatório do AGI em 202507 — Vlr. CBS: R$ 6.00 | Vlr. IBS Estadual: R$ 2.00 | Vlr. IBS Municipal: R$ 4.00. **Informativo**: o Encontro de Contas não tem coluna de imposto, então não há comparação (pendência Q6). A V2 (¶367) trata os impostos como informativos até 2027.
2026-08-14 09:41:22.091 | WARNING |src.services.verificacao_relatorio:executar:403 - [HU-20] CLARO: AGI R$ 1,000.00 × EC R$ -900.00 — diferença de R$ 100.00.
2026-08-14 09:41:22.091 | ERROR   |src.services.verificacao_relatorio:executar:403 - [HU-20] 1 de 2 operadora(s) divergente(s) em 202507. Detalhe em [C:\Users\Btime Soluções\AppData\Local\Temp\pytest-of-Btime Soluções\pytest-21\test_do_csv_ao_xlsx_de_diverge0\inconsistencias_202507_20260814_094122.xlsx].
2026-08-14 09:41:22.091 | INFO    |test_verificacao_relatorio:test_do_csv_ao_xlsx_de_divergencia:382 - [STEP] Finalizando: VerificacaoRelatorio.executar | Tempo gasto: 0.02s
2026-08-14 09:41:22.101 | INFO    |src.services.verificacao_relatorio:gravar_inconsistencias:260 - [HU-20] Impostos somados do relatório do AGI em 202507 — Vlr. CBS: R$ 88.00 | Vlr. IBS Estadual: R$ 55.00 | Vlr. IBS Municipal: R$ 22.00. **Informativo**: o Encontro de Contas não tem coluna de imposto, então não há comparação (pendência Q6). A V2 (¶367) trata os impostos como informativos até 2027.
2026-08-14 09:41:22.102 | INFO    |test_verificacao_relatorio:test_mes_sem_divergencia_registra_os_impostos:423 - [HU-20] 1 operadora(s) conferida(s) em 202507: nenhuma divergência entre o AGI e o Encontro de Contas.
2026-08-14 09:41:22.108 | INFO    |src.services.verificacao_relatorio:gravar_inconsistencias:260 - [HU-20] Impostos somados do relatório do AGI em 202507 — Vlr. CBS: R$ 88.00 | Vlr. IBS Estadual: R$ 55.00 | Vlr. IBS Municipal: R$ 22.00. **Informativo**: o Encontro de Contas não tem coluna de imposto, então não há comparação (pendência Q6). A V2 (¶367) trata os impostos como informativos até 2027.
2026-08-14 09:41:22.108 | INFO    |test_verificacao_relatorio:test_o_registro_diz_que_e_informativo:437 - [HU-20] 1 operadora(s) conferida(s) em 202507: nenhuma divergência entre o AGI e o Encontro de Contas.
2026-08-14 09:41:22.114 | INFO    |test_verificacao_relatorio:test_relatorio_antigo_sem_as_colunas_nao_quebra:445 - [HU-20] 1 operadora(s) conferida(s) em 202507: nenhuma divergência entre o AGI e o Encontro de Contas.
2026-08-14 09:41:22.120 | INFO    |src.services.verificacao_relatorio:gravar_inconsistencias:260 - [HU-20] Impostos somados do relatório do AGI em 202507 — Vlr. CBS: R$ 88.00 | Vlr. IBS Estadual: R$ 55.00 | Vlr. IBS Municipal: R$ 22.00. **Informativo**: o Encontro de Contas não tem coluna de imposto, então não há comparação (pendência Q6). A V2 (¶367) trata os impostos como informativos até 2027.
2026-08-14 09:41:22.128 | WARNING |test_verificacao_relatorio:test_a_planilha_de_divergencia_continua_saindo:452 - [HU-20] CLARO: AGI R$ 1,000.00 × EC R$ 1,000.00 — diferença de R$ 0.00.
2026-08-14 09:41:22.129 | ERROR   |test_verificacao_relatorio:test_a_planilha_de_divergencia_continua_saindo:452 - [HU-20] 1 de 1 operadora(s) divergente(s) em 202507. Detalhe em [C:\Users\Btime Soluções\AppData\Local\Temp\pytest-of-Btime Soluções\pytest-21\test_a_planilha_de_divergencia0\inconsistencias_202507_20260814_094122.xlsx].
