12,11,202603,202603,ULAX_1204,0,2NENI,N,194,"230,1","0,00787","1,81","0,06",0,"1,87",0,F,356
12,11,202603,202603,SPO_10156,0,2NENI,S,11,"15,6","0,00787","0,11",0,0,"0,11",0,F,143
12,11,202603,202603,ULAX_1204,0,2NENI,D,4,2,"0,00787","0,01",0,0,"0,01",0,F,913
12,11,202603,202603,ULAX_4113,0,2NENI,N,217,"427,4","0,00787","3,37","0,12",0,"3,49",0,F,674
12,11,202603,202603,SPOX_0999,0,2NENI,N,508,"610,1","0,00787","4,82","0,18",0,5,0,F,282
12,11,202603,202602,SPOX_0999,0,4NENL,N,2,1,"0,00608",0,0,0,0,0,F,294
12,11,202603,202603,SPOX_6685,0,2NENI,D,8,4,"0,00787","0,01",0,0,"0,01",0,F,689
12,11,202603,202603,ULAX_1201,0, NENV,N,443,"546,4","0,01499","8,17","0,31",0,"8,48",0,M,18
12,11,202603,202603,ULAX_1204,0,4NENL,N,5,"2,5","0,00608","0,02",0,0,"0,02",0,F,963
12,11,202603,202603,SPO_14667,0,2NENI,D,7,"54,1","0,00787","0,42","0,01",0,"0,43",0,F,212
12,11,202603,202603,SPOX_0999,0,4NENL,N,4,"2,1","0,00608","0,01",0,0,"0,01",0,F,256
12,11,202603,202603,ULAX_0432,0,MNENI,S,1,"0,5","0,00787",0,0,0,0,0,M,495
12,11,202603,202603,ULAX_1204,0,2NENI,S,6,"15,7","0,00787","0,11",0,0,"0,11",0,F,282
12,11,202603,202603,SPO_11400,0,MNENI,R,8,"7,3","0,0076","0,06",0,0,"0,06",0,M,325
12,11,202603,202603,SPOX_0970,0,2NENI,R,353,"862,1","0,00787","6,76","0,25",0,"7,01",0,F,143
12,11,202603,202603,ULAX_0432,0,2NENI,N,1,"0,5","0,00787",0,0,0,0,0,F,55
12,11,202603,202603,ULAX_1204,0,2NENI,N,272,"570,4","0,00787","4,48","0,16",0,"4,64",0,F,695
12,11,202603,202603,SPO_10403,0, NENV,N,4,2,"0,01779","0,04",0,0,"0,04",0,M,10
12,11,202603,202603,SPOX_0275,0,1NENI,N,1,"1,2","0,00787","0,01",0,0,"0,01",0,F,143
12,11,202603,202603,ULAX_1204,0,2NENI,D,106,"76,9","0,00787","0,6","0,02",0,"0,62",0,F,967
12,11,202603,202603,ULAX_4202,0,2NENI,D,1128,"776,2","0,00787","6,11","0,23",0,"6,34",0,F,674
12,11,202603,202603,SPOX_0999,0,2NENI,N,1002,"1370,8","0,00787","10,79","0,4",0,"11,19",0,F,351
12,11,202603,202602,SPO_11232,0,2NENI,N,3,"1,5","0,00787","0,01",0,0,"0,01",0,F,317
12,11,202603,202603,SPOX_6685,0,4NENL,N,9,"6,4","0,0061","0,03",0,0,"0,03",0,F,766
12,11,202603,202603,ULAX_1201,0, NENV,N,52,"27,2","0,01686","0,49","0,01",0,"0,5",0,M,A61
12,11,202603,202603,ULAX_1204,0,4NENL,R,32,"18,8","0,00423","0,05",0,0,"0,05",0,F,83
12,11,202603,202603,SPO_14667,0,4NENL,N,2,1,"0,0061",0,0,0,0,0,F,689
12,11,202603,202602,ULAX_1204,0,2NENI,N,1,"0,6","0,0078",0,0,0,0,0,F,247
12,11,202603,202603,SPOX_0999,0,4NENL,N,1,"0,5","0,00608",0,0,0,0,0,F,739
12,11,202603,202603,ULAX_0432,0, NENV,N,273,"182,5","0,01499","2,74","0,1",0,"2,84",0,M,494
12,11,202603,202603,ULAX_1204,0,2NENI,S,15,"28,2","0,00787","0,22",0,0,"0,22",0,F,363
12,11,202603,202603,SPO_11402,0,2NENI,D,2,"7,3","0,00787","0,06",0,0,"0,06",0,F,7
12,11,202603,202603,SPOX_0999,0,2NENI,S,225,"336,1","0,00787","2,64","0,1",0,"2,74",0,F,205
12,11,202603,202603,SPOX_0970,0,4NENL,R,1,"0,5","0,00427",0,0,0,0,0,F,766
12,11,202603,202603,ULAX_0432,0,2NENI,N,9,"6,9","0,00787","0,05",0,0,"0,05",0,F,709
12,11,202603,202603,ULAX_1204,0,2NENI,N,3,"1,5","0,00787","0,01",0,0,"0,01",0,F,810
12,11,202603,202603,SPO_10417,0,MNENI,S,1,"0,5","0,0076",0,0,0,0,0,M,325
12,11,202603,202603,SPOX_0999,0,2NENI,N,980,"1209,6","0,00787","9,51","0,36",0,"9,87",0,F,470
12,11,202603,202603,SPOX_0326,0,2NENI,S,1,"0,5","0,00787",0,0,0,0,0,F,143
12,11,202603,202603,ULAX_1204,0,2NENI,N,212,"539,5","0,00787","4,23","0,16",0,"4,39",0,F,27
12,11,202603,202603,ULAX_4204,0,1NSEI,N,3,"9,5","0,00787","0,07",0,0,"0,07",0,F,674
12,11,202603,202602,ULAX_0432,0,4NENL,N,1,"0,5","0,00602",0,0,0,0,0,F,951
12,11,202603,202603,SPOX_6694,0,2NENI,N,5,"5,3","0,00787","0,03",0,0,"0,03",0,F,766
12,11,202603,202603,SPOX_0999,0,2NENI,D,421,470,"0,00787","3,69","0,13",0,"3,82",0,F,316
12,11,202603,202603,ULAX_1204,0,1NENI,N,2,"1,8","0,00787","0,01",0,0,"0,01",0,F,205
12,11,202603,202603,ULAX_1204,0,4NENL,R,33,"64,7","0,00423","0,28","0,01",0,"0,29",0,F,285
12,11,202603,202603,SPO_14668,0,1NSEI,N,6,"75,1","0,00787","0,59","0,02",0,"0,61",0,F,143
12,11,202603,202602,ULAX_1204,0,4NENL,N,6,"22,5","0,00598","0,14",0,0,"0,14",0,F,232
12,11,202603,202603,SPOX_0999,0,4NENL,N,291,"281,9","0,00608","1,71","0,06",0,"1,77",0,F,961
12,11,202603,202603,ULAX_0432,0, NENV,N,47,"33,3","0,01686","0,58","0,02",0,"0,6",0,M,462
12,11,202603,202603,ULAX_1204,0,2NENI,S,2,1,"0,00787","0,01",0,0,"0,01",0,F,948
12,11,202603,202603,SPO_11402,0,4NENL,N,4,"16,9","0,0061","0,1",0,0,"0,1",0,F,7
12,11,202603,202603,SPOX_0999,0,2NENI,S,0,3,"0,00787","0,02",0,0,"0,02",0,F,279
12,11,202603,202603,SPOX_0970,0, NSNV,N,16,"12,3","0,01779","0,23",0,0,"0,23",0,M,325
12,11,202603,202603,ULAX_0432,0,2NENI,R,3,"1,5","0,00787","0,01",0,0,"0,01",0,F,121
12,11,202603,202603,ULAX_1204,0,2NENI,N,24,17,"0,00787","0,12",0,0,"0,12",0,F,960
12,11,202603,202603,SPO_10617,0,2NENI,N,3,"1,5","0,00787","0,01",0,0,"0,01",0,F,212
12,11,202603,202603,SPOX_0999,0,2NENI,N,1,"0,5","0,00787",0,0,0,0,0,F,756
12,11,202603,202603,SPOX_0347,0,2IENI,R,1,"0,9","0,00787","0,01",0,0,"0,01",0,F,143
12,11,202603,202603,ULAX_1204,0,2NENI,N,381,"593,4","0,00787","4,67","0,17",0,"4,84",0,F,85
12,11,202603,202603,ULAX_4721,0,MNENI,N,1,"0,5","0,00787",0,0,0,0,0,M,76
12,11,202603,202602,ULAX_1201,0, NENV,N,2,1,"0,01686","0,02",0,0,"0,02",0,M,451
12,11,202603,202603,SPOX_6694,0, NENV,N,386,"288,3","0,01779","5,11","0,19",0,"5,3",0,M,325
12,11,202603,202603,SPOX_0999,0,2NENI,D,2714,"3387,9","0,00787","26,65",1,0,"27,65",0,F,470
12,11,202603,202603,ULAX_1204,0,2NENI,D,73,"86,4","0,00787","0,68","0,02",0,"0,7",0,F,41
12,11,202603,202603,ULAX_1204,0,4NENL,R,34,"85,1","0,00425","0,36","0,01",0,"0,37",0,F,51
12,11,202603,202603,SPO_14679,0,2GS8I,D,8,"32,2","0,00787","0,25",0,0,"0,25",0,F,143
12,11,202603,202602,ULAX_1204,0,4NENL,N,3,"5,7","0,00605","0,03",0,0,"0,03",0,F,284
12,11,202603,202603,SPOX_0999,0,4NENL,R,1720,"13506,9","0,00423","57,14","2,16",0,"59,3",0,F,31
12,11,202603,202603,ULAX_0432,0, NENV,R,14,"8,1","0,0118","0,1",0,0,"0,1",0,M,69
12,11,202603,202603,ULAX_1204,0,4NENL,N,20,"11,5","0,00605","0,07",0,0,"0,07",0,F,86
12,11,202603,202603,SPO_11404,0,2NSNI,N,20,10,"0,00787","0,06",0,0,"0,06",0,F,143
12,11,202603,202603,SPOX_0999,0,2NENI,S,79,"282,1","0,00787","2,2","0,08",0,"2,28",0,F,355
12,11,202603,202603,SPOX_0999,0,1NENI,R,2,1,"0,00787",0,0,0,0,0,F,267
12,11,202603,202603,ULAX_0432,0,4NENL,N,5,"6,9","0,00605","0,04",0,0,"0,04",0,F,232
12,11,202603,202603,ULAX_1204,0,2NENI,N,5,"2,7","0,00787",0,0,0,0,0,F,998
12,11,202603,202603,SPO_10705,0,2NENI,D,1734,3189,"0,00787","25,09","0,95",0,"26,04",0,F,363
12,11,202603,202603,SPOX_0999,0,2NENI,N,1,"0,5","0,00787",0,0,0,0,0,F,915
12,11,202603,202603,SPOX_0348,0,2IENI,D,112,"284,1","0,00787","2,24","0,08",0,"2,32",0,F,143
12,11,202603,202603,ULAX_1204,0,2NENI,N,13,"10,8","0,00787","0,06",0,0,"0,06",0,F,210
12,11,202603,202603,ULAX_4723,0,2NENI,R,17,"22,5","0,00787","0,17",0,0,"0,17",0,F,355
12,11,202603,202602,ULAX_1204,0,2NENI,D,1,"0,5","0,0078",0,0,0,0,0,F,951
12,11,202603,202603,SPOX_6716,0,2NENI,D,2626,"1720,9","0,00787","13,55","0,51",0,"14,06",0,F,363
12,11,202603,202603,SPOX_0999,0,2NENI,D,74,"158,8","0,00787","1,26","0,04",0,"1,3",0,F,709
12,11,202603,202603,ULAX_1204,0,2NENI,D,12,"7,5","0,00787","0,06",0,0,"0,06",0,F,86
12,11,202603,202603,ULAX_1204,0,4NENL,R,117,"150,8","0,00425","0,65","0,02",0,"0,67",0,F,265
12,11,202603,202603,SPO_14679,0,2GS8I,S,3,40,"0,00787","0,32","0,01",0,"0,33",0,F,351
12,11,202603,202602,ULAX_1204,0,MGS8I,N,4,7,"0,00787","0,06",0,0,"0,06",0,M,34
12,11,202603,202603,SPOX_0999,0,4NENL,R,18,"23,3","0,00423","0,09",0,0,"0,09",0,F,283
12,11,202603,202603,ULAX_1055,0,2NENI,N,47,"101,3","0,00787","0,8","0,03",0,"0,83",0,F,355
12,11,202603,202603,ULAX_1204,0,4NENL,N,1,"0,5","0,00605",0,0,0,0,0,F,238
12,11,202603,202603,SPO_11405,0,2IENI,R,1,"0,5","0,00787",0,0,0,0,0,F,143
12,11,202603,202603,SPOX_0999,0,2NENI,S,2,"1,7","0,00787","0,01",0,0,"0,01",0,F,941
12,11,202603,202603,SPOX_0999,0,2GS8I,N,33,"173,9","0,00787","1,35","0,05",0,"1,4",0,F,431
12,11,202603,202603,ULAX_0432,0,4NENL,N,57,"91,3","0,00608","0,56","0,02",0,"0,58",0,F,192
12,11,202603,202603,ULAX_1204,0,2NENI,R,1,"0,5","0,00787",0,0,0,0,0,F,92
12,11,202603,202603,SPO_10809,0,MNENI,R,1,"0,5","0,0076",0,0,0,0,0,M,325
12,11,202603,202603,SPOX_0999,0,2NENI,N,6,"8,3","0,00787","0,06",0,0,"0,06",0,F,968
12,11,202603,202603,SPOX_0543,0, NENV,N,85,"42,6","0,01499","0,61","0,02",0,"0,63",0,M,34
12,11,202603,202603,ULAX_1204,0,2NENI,N,477,393,"0,00787","3,08","0,11",0,"3,19",0,F,255
12,11,202603,202603,ULAX_4726,0,MNENI,D,2,1,"0,00787",0,0,0,0,0,M,430
12,11,202603,202603,SPOX_8441,0,1NSEI,R,1,"0,5","0,00787",0,0,0,0,0,F,143
12,11,202603,202603,SPOX_0999,0,2NENI,D,223,"353,8","0,00787","2,78","0,1",0,"2,88",0,F,809
12,11,202603,202601,SPO_11366,0,2NENI,D,5,"8,1","0,0078","0,06",0,0,"0,06",0,F,361
12,11,202603,202603,ULAX_1204,0,2NENI,D,25,"15,6","0,00787","0,11",0,0,"0,11",0,F,210
12,11,202603,202603,ULAX_1204,0,4NENL,R,5,"6,5","0,00425","0,03",0,0,"0,03",0,F,948
12,11,202603,202603,SPO_14681,0,1NSNI,R,2,"17,3","0,00787","0,14",0,0,"0,14",0,F,143
12,11,202603,202603,SPOX_0046,0,1NSEI,N,1,"1,9","0,00787","0,01",0,0,"0,01",0,F,431
12,11,202603,202603,SPOX_0999,0,4NENL,R,1,"0,5","0,00423",0,0,0,0,0,F,983
12,11,202603,202603,ULAX_1201,0,2NENI,D,10,"12,4","0,00787","0,09",0,0,"0,09",0,F,207
12,11,202603,202603,ULAX_1204,0,4NENL,N,3,"5,9","0,00605","0,03",0,0,"0,03",0,F,466
12,11,202603,202603,SPO_11462,0,2NENI,N,16,"21,6","0,00787","0,15",0,0,"0,15",0,F,351
12,11,202603,202603,SPOX_0999,0,4NENL,N,28,"14,1","0,00605","0,1",0,0,"0,1",0,F,92
12,11,202603,202603,SPOX_0999,0,2NENI,D,1330,"1345,2","0,00787","10,57","0,39",0,"10,96",0,F,51
12,11,202603,202603,ULAX_0432,0,4NENL,N,4,"4,1","0,00608","0,02",0,0,"0,02",0,F,963
12,11,202603,202603,ULAX_1204,0,2NENI,R,1,"0,5","0,00787",0,0,0,0,0,F,248
12,11,202603,202603,SPO_11144,0,2NENI,N,3,"2,2","0,00787","0,01",0,0,"0,01",0,F,431
12,11,202603,202603,SPOX_0999,0,2NENI,R,4,"6,3","0,00787","0,05",0,0,"0,05",0,F,41
12,11,202603,202603,SPOX_0551,0,2NENI,N,126,"247,7","0,00787","1,96","0,07",0,"2,03",0,F,351
12,11,202603,202603,ULAX_4728,0,MNENI,S,1,"0,5","0,0076",0,0,0,0,0,M,34
12,11,202603,202603,SPOX_9684,0,2GS8I,R,3,"4,7","0,00787","0,04",0,0,"0,04",0,F,351
12,11,202603,202603,SPOX_0999,0,2NENI,D,492,"598,1","0,00787","4,71","0,17",0,"4,88",0,F,951
12,11,202603,202602,SPOX_0970,0,2NENI,D,1,"3,7","0,0078","0,03",0,0,"0,03",0,F,143
12,11,202603,202603,ULAX_1204,0,2NENI,D,13691,"20619,9","0,00787","162,27","6,14",0,"168,41",0,F,241
12,11,202603,202603,ULAX_1204,0,MGS8I,N,45239,"224940,1","0,00787","1770,29","67,06",0,"1837,35",0,M,34
12,11,202603,202603,SPO_14681,0,2NENI,N,901,2928,"0,00787","23,06","0,87",0,"23,93",0,F,143
12,11,202603,202603,SPOX_0046,0,2NENI,N,4,"3,3","0,00787","0,01",0,0,"0,01",0,F,212
12,11,202603,202603,SPOX_0999,0,4NENL,R,350,"1048,2","0,00425","4,46","0,16",0,"4,62",0,F,247
12,11,202603,202603,ULAX_1201,0,2NENI,N,327,"252,7","0,00787","1,98","0,07",0,"2,05",0,F,757
12,11,202603,202603,ULAX_1204,0,4NENL,N,5,"2,5","0,00605","0,01",0,0,"0,01",0,F,913
12,11,202603,202603,SPO_12218,0,2NENI,N,1,"0,5","0,00787",0,0,0,0,0,F,121
12,11,202603,202603,SPOX_0999,0,4NENL,N,2,"1,8","0,00605","0,01",0,0,"0,01",0,F,245
12,11,202603,202603,SPOX_0999,0,2NENI,D,7,"74,4","0,00787","0,57","0,02",0,"0,59",0,F,94
12,11,202603,202603,ULAX_0432,0,MNENI,D,85,49,"0,00787","0,37","0,01",0,"0,38",0,M,18
12,11,202603,202603,ULAX_1204,0,2NENI,R,33,"51,8","0,00787","0,39","0,01",0,"0,4",0,F,292
12,11,202603,202603,SPO_11182,0,2GS8I,N,3,"4,1","0,00787","0,03",0,0,"0,03",0,F,431
12,11,202603,202603,SPOX_0999,0,2NENI,R,2,"2,3","0,00787","0,01",0,0,"0,01",0,F,207
12,11,202603,202603,SPOX_0777,0,2GS8I,D,2,"4,2","0,00787","0,04",0,0,"0,04",0,F,364
12,11,202603,202603,ULAX_4760,0,2NENI,R,18,"150,1","0,00787","1,18","0,04",0,"1,22",0,F,355
12,11,202603,202603,ULAX_1204,0,2NENI,D,4912,"5640,2","0,00787","44,37","1,68",0,"46,05",0,F,265
12,11,202603,202603,SPO_10092,0,2NENI,N,82,"207,2","0,00787","1,62","0,06",0,"1,68",0,F,357
12,11,202603,202603,SPOX_0999,0,2NENI,D,84,51,"0,00787","0,4","0,01",0,"0,41",0,F,992
12,11,202603,202602,SPOX_0999,0,2NENI,D,1,"1,5","0,0078","0,01",0,0,"0,01",0,F,355
12,11,202603,202603,ULAX_1204,0,MNENI,N,8,"16,5","0,00787","0,12",0,0,"0,12",0,M,50
12,11,202603,202603,ULAX_1201,0,2NENI,S,2,"3,6","0,00787","0,02",0,0,"0,02",0,F,757
12,11,202603,202603,SPOX_0051,0,2NENI,R,3,"57,1","0,00787","0,45","0,01",0,"0,46",0,F,143
12,11,202603,202603,SPOX_0999,0,4NENL,R,24,"28,9","0,00425","0,12",0,0,"0,12",0,F,842
12,11,202603,202603,ULAX_1204,0,4NENL,N,20883,"24777,6","0,00607","150,4","5,69",0,"156,09",0,F,42
12,11,202603,202603,SPO_13918,0,4NENL,N,8,"27,6","0,00605","0,16",0,0,"0,16",0,F,85
12,11,202603,202603,SPOX_0999,0,4NENL,N,402,"345,7","0,00605","2,08","0,07",0,"2,15",0,F,544
12,11,202603,202603,SPOX_0999,0,2NENI,D,4,2,"0,00787","0,01",0,0,"0,01",0,F,220
12,11,202603,202603,ULAX_1204,0,2NENI,R,3,"1,9","0,00787","0,01",0,0,"0,01",0,F,364
12,11,202603,202603,SPO_11230,0,2NENI,N,40,"75,6","0,00787","0,59","0,02",0,"0,61",0,F,317
12,11,202603,202603,SPOX_0999,0,2NENI,R,143,"425,8","0,00787","3,34","0,12",0,"3,46",0,F,262
12,11,202603,202603,SPOX_0823,0,2GS8I,D,532,"3521,5","0,00787","27,71","1,04",0,"28,75",0,F,361
12,11,202603,202603,ULAX_1204,0,2NENI,D,2046,"3398,1","0,00787","26,77","1,01",0,"27,78",0,F,298
12,11,202603,202603,SPO_10152,0,2IENI,R,8,"39,4","0,00787","0,31","0,01",0,"0,32",0,F,143
12,11,202603,202603,SPOX_0999,0,2NENI,N,8,"4,8","0,00787","0,02",0,0,"0,02",0,F,79
12,11,202603,202602,SPOX_0999,0,2NENI,D,1,"0,7","0,00787","0,01",0,0,"0,01",0,F,431
12,11,202603,202603,ULAX_1204,0, NENV,N,27,"19,2","0,01686","0,34","0,01",0,"0,35",0,M,451
12,11,202603,202603,ULAX_1201,0,4NENL,R,1,"0,5","0,00425",0,0,0,0,0,F,852
12,11,202603,202603,SPOX_0083,0,1NSNI,R,2,"9,1","0,00787","0,08",0,0,"0,08",0,F,143
12,11,202603,202603,SPOX_0999,0,MNENI,D,7,"4,3","0,00787","0,02",0,0,"0,02",0,M,6
12,11,202603,202603,SPO_14657,0,2NENI,D,3,"1,5","0,00787",0,0,0,0,0,F,11
12,11,202603,202603,ULAX_1204,0,4NENL,N,2357,"1897,7","0,00608","11,54","0,43",0,"11,97",0,F,204
12,11,202603,202603,ULAX_0432,0,MNENI,N,31,"68,8","0,00787","0,51","0,02",0,"0,53",0,M,430
12,11,202603,202603,SPOX_0999,0,4NENL,N,4,2,"0,00605","0,01",0,0,"0,01",0,F,913
12,11,202603,202603,SPOX_0999,0,2NENI,D,96,"103,7","0,00787","0,81","0,03",0,"0,84",0,F,248
12,11,202603,202603,SPO_11232,0,2NENI,D,38,"117,8","0,00787","0,94","0,03",0,"0,97",0,F,317
12,11,202603,202603,ULAX_1204,0,2NENI,R,1,"0,5","0,00787",0,0,0,0,0,F,764
12,11,202603,202603,ULAX_0432,0,1NENI,N,1,"0,6","0,00787",0,0,0,0,0,F,767
12,11,202603,202603,SPOX_0999,0,2NENI,R,5,"7,5","0,00787","0,05",0,0,"0,05",0,F,316
12,11,202603,202603,SPOX_0970,0,1NENI,D,5588,"11284,3","0,00787","88,79","3,36",0,"92,15",0,F,143
12,11,202603,202603,ULAX_1204,0,2NENI,D,345,"970,1","0,00787","7,62","0,28",0,"7,9",0,F,470
12,11,202603,202603,ULAX_2826,0,2NENI,N,3,"2,3","0,00787","0,01",0,0,"0,01",0,F,934
12,11,202603,202603,SPOX_0999,0,2NENI,N,626,"627,4","0,00787","4,96","0,18",0,"5,14",0,F,204
12,11,202603,202602,SPOX_0999,0,2NENI,N,1,"0,5","0,00787",0,0,0,0,0,F,247
12,11,202603,202603,ULAX_1201,0,MNENI,D,33,"17,1","0,00787","0,13",0,0,"0,13",0,M,A61
12,11,202603,202603,SPOX_0083,0,2NENI,D,24,258,"0,00787","2,04","0,07",0,"2,11",0,F,212
12,11,202603,202603,SPOX_0999,0, NENV,N,13,"9,4","0,01499","0,15",0,0,"0,15",0,M,34
12,11,202603,202603,ULAX_1204,0,4NENL,N,3,"1,5","0,00608",0,0,0,0,0,F,256
12,11,202603,202603,SPO_14657,0,4NENL,N,7,"43,6","0,0061","0,27","0,01",0,"0,28",0,F,212
12,11,202603,202603,ULAX_0432,0,MNENI,N,17,"18,5","0,00787","0,14",0,0,"0,14",0,M,A61
12,11,202603,202603,SPOX_0999,0,4NENL,N,20891,"24547,2","0,00607","149,01","5,64",0,"154,65",0,F,42
12,11,202603,202603,SPOX_0999,0,2NENI,D,1026,"955,6","0,00787","7,51","0,28",0,"7,79",0,F,286
12,11,202603,202603,SPO_11362,0,2NENI,D,116,"182,2","0,00787","1,45","0,05",0,"1,5",0,F,361
12,11,202603,202603,ULAX_0432,0,2NENI,D,5,"6,9","0,00787","0,05",0,0,"0,05",0,F,232
12,11,202603,202603,SPOX_0999,0,2NENI,R,4,"5,9","0,00787","0,05",0,0,"0,05",0,F,544
12,11,202603,202603,SPOX_0970,0,1NSNI,D,60,"283,1","0,00787","2,24","0,08",0,"2,32",0,F,143
12,11,202603,202603,SPO_10156,0,1NENI,R,10,"18,7","0,00787","0,15",0,0,"0,15",0,F,143
12,11,202603,202603,ULAX_1204,0,2NENI,D,12209,"12645,8","0,00787","99,55","3,76",0,"103,31",0,F,757
12,11,202603,202603,ULAX_4036,0,MNENI,R,4,"2,5","0,0076","0,02",0,0,"0,02",0,M,34
12,11,202603,202603,SPOX_0999,0,2NENI,N,1,"0,5","0,00787",0,0,0,0,0,F,238
12,11,202603,202602,SPOX_0999,0,4NENL,N,6,29,"0,00602","0,18",0,0,"0,18",0,F,251
12,11,202603,202603,ULAX_4763,0,2NENI,R,148,"1417,9","0,00787","11,16","0,42",0,"11,58",0,F,355
12,11,202603,202603,SPOX_4927,0,2GS8I,D,4,"16,1","0,00787","0,13",0,0,"0,13",0,F,363
12,11,202603,202603,ULAX_1201,0,MNENI,R,1,"0,5","0,00787",0,0,0,0,0,M,6
12,11,202603,202603,SPOX_0083,0,4NENL,N,1,"0,5","0,0061",0,0,0,0,0,F,11
12,11,202603,202603,SPOX_1158,0,2GS8I,D,3,"4,9","0,00787","0,04",0,0,"0,04",0,F,143
12,11,202603,202603,ULAX_1204,0,4NENL,N,905,"1142,8","0,00608","6,98","0,26",0,"7,24",0,F,738
12,11,202603,202603,SPO_14667,0,1NSEI,D,3,"33,9","0,00787","0,27","0,01",0,"0,28",0,F,143
12,11,202603,202603,ULAX_0432,0,MNENI,R,5,"4,1","0,00787","0,03",0,0,"0,03",0,M,496
12,11,202603,202603,SPOX_0999,0,4NENL,N,2374,"2084,9","0,00608","12,7","0,48",0,"13,18",0,F,204
12,11,202603,202603,ULAX_1204,0,2NENI,S,1,"0,6","0,00787",0,0,0,0,0,F,223
12,11,202603,202603,SPO_11366,0,2NENI,N,11,"5,5","0,00787","0,01",0,0,"0,01",0,F,251
12,11,202603,202603,SPOX_0970,0,2IENI,D,1,"0,5","0,00787",0,0,0,0,0,F,203
12,11,202603,202603,ULAX_0432,0,2NENI,D,4,"6,5","0,00787","0,05",0,0,"0,05",0,F,807
12,11,202603,202603,SPOX_0999,0,2NENI,R,2,"1,2","0,00787","0,01",0,0,"0,01",0,F,925
12,11,202603,202603,ULAX_0432,0,MNENI,S,3,"1,9","0,00787","0,01",0,0,"0,01",0,M,18
12,11,202603,202603,SPOX_0999,0,4NENL,N,5,"2,5","0,00608","0,01",0,0,"0,01",0,F,246
12,11,202603,202603,ULAX_1204,0,2NENI,S,90,"350,2","0,00787","2,74","0,1",0,"2,84",0,F,251
12,11,202603,202603,SPO_11368,0, NENV,N,41,"20,5","0,01499","0,32","0,01",0,"0,33",0,M,34
12,11,202603,202603,SPOX_0970,0,2NENI,D,18,"164,9","0,00787","1,3","0,04",0,"1,34",0,F,212
12,11,202603,202603,ULAX_0432,0,2NENI,D,55,"44,4","0,00787","0,35","0,01",0,"0,36",0,F,960
12,11,202603,202603,SPOX_0999,0,2NENI,R,3,"6,9","0,00787","0,05",0,0,"0,05",0,F,961
12,11,202603,202603,ULAX_1204,0,2NENI,N,47,"61,2","0,00787","0,46","0,01",0,"0,47",0,F,432
12,11,202603,202603,SPO_10402,0,MNENI,N,62,"59,7","0,0076","0,49","0,01",0,"0,5",0,M,325
12,11,202603,202603,SPOX_0083,0, NSNV,R,14,"19,2","0,01245","0,23",0,0,"0,23",0,M,325
12,11,202603,202603,ULAX_1204,0,2NENI,D,28,"22,5","0,00787","0,16",0,0,"0,16",0,F,934
12,11,202603,202603,ULAX_4202,0,1NSEI,D,9,"109,9","0,00787","0,87","0,03",0,"0,9",0,F,48
12,11,202603,202603,SPOX_0999,0,2NENI,N,162,"160,1","0,00787","1,25","0,04",0,"1,29",0,F,293
12,11,202603,202602,SPOX_6698,0,2NENI,N,1,"4,1","0,0078","0,03",0,0,"0,03",0,F,363
12,11,202603,202603,SPOX_6685,0,2NENI,N,5,"2,5","0,00787",0,0,0,0,0,F,689
12,11,202603,202603,ULAX_1201,0, NENV,N,43,"33,7","0,01499","0,5","0,01",0,"0,51",0,M,430
12,11,202603,202603,ULAX_1204,0,4NENL,N,362,"711,4","0,00631","4,51","0,16",0,"4,67",0,F,219
12,11,202603,202603,SPO_14667,0,2NENI,N,4,"3,8","0,00787","0,02",0,0,"0,02",0,F,766
12,11,202603,202602,ULAX_1204,0,2NENI,D,1,"3,9","0,00787","0,03",0,0,"0,03",0,F,282
12,11,202603,202603,SPOX_0999,0,4NENL,N,1723,"1598,9","0,00608","9,73","0,36",0,"10,09",0,F,294
12,11,202603,202603,ULAX_0432,0, NENV,N,1,"0,5","0,01499","0,01",0,0,"0,01",0,M,76
12,11,202603,202603,ULAX_1204,0,2NENI,S,4,5,"0,00787","0,03",0,0,"0,03",0,F,298
12,11,202603,202603,SPO_11402,0,1NENI,N,4,"2,9","0,00787","0,01",0,0,"0,01",0,F,143
12,11,202603,202603,SPOX_0999,0,2NENI,S,28,"34,9","0,00787","0,26","0,01",0,"0,27",0,F,42
12,11,202603,202603,SPOX_0970,0,4IENL,N,1,"0,5","0,0061",0,0,0,0,0,F,203
12,11,202603,202603,ULAX_0432,0,2NENI,N,8,5,"0,00787","0,02",0,0,"0,02",0,F,207
12,11,202603,202603,ULAX_1204,0,2NENI,N,4031,"3440,2","0,00787","27,07","1,02",0,"28,09",0,F,757
12,11,202603,202603,SPO_10416,0,MNENI,D,1,"0,5","0,00787",0,0,0,0,0,M,411
12,11,202603,202603,SPOX_0326,0,2NENI,D,1352,"2580,1","0,00787","20,31","0,76",0,"21,07",0,F,143
12,11,202603,202603,ULAX_1204,0,2NENI,D,16,"14,6","0,00787","0,09",0,0,"0,09",0,F,983
12,11,202603,202603,ULAX_4202,0,4NENL,N,17,"21,9","0,00608","0,13",0,0,"0,13",0,F,707
12,11,202603,202602,SPO_11405,0,2NENI,D,1,"13,1","0,00787","0,1",0,0,"0,1",0,F,212
12,11,202603,202603,SPOX_6685,0, NENV,R,4,"2,3","0,01245","0,04",0,0,"0,04",0,M,325
12,11,202603,202603,ULAX_1201,0, NENV,R,4,"10,8","0,0118","0,13",0,0,"0,13",0,M,441
12,11,202603,202603,ULAX_1204,0,4NENL,R,1219,"5180,7","0,00423","21,94","0,83",0,"22,77",0,F,221
12,11,202603,202603,SPO_14667,0,MNENI,N,2,1,"0,0076",0,0,0,0,0,M,325
12,11,202603,202602,ULAX_1204,0,2NENI,N,1,"0,5","0,0078",0,0,0,0,0,F,951
12,11,202603,202603,SPOX_0999,0,4NENL,N,2,"1,5","0,00608","0,01",0,0,"0,01",0,F,805
12,11,202603,202603,ULAX_0432,0, NENV,N,13,"16,9","0,01499","0,27",0,0,"0,27",0,M,B99
12,11,202603,202603,ULAX_1204,0,2NENI,S,16,"17,9","0,00787","0,13",0,0,"0,13",0,F,695
12,11,202603,202603,SPO_11402,0,2NENI,N,1547,"2243,7","0,00787","17,64","0,66",0,"18,3",0,F,143
12,11,202603,202603,SPOX_0999,0,2NENI,S,61,73,"0,00787","0,56","0,02",0,"0,58",0,F,241
12,11,202603,202603,SPOX_0970,0,MNENI,N,28,"26,5","0,0076","0,18",0,0,"0,18",0,M,325
12,11,202603,202603,ULAX_0432,0,2NENI,N,140,101,"0,00787","0,79","0,02",0,"0,81",0,F,931
12,11,202603,202603,ULAX_1204,0,2NENI,N,67,"119,2","0,00787","0,95","0,03",0,"0,98",0,F,921
12,11,202603,202603,SPO_10448,0,2NENI,D,17,"8,5","0,00787","0,05",0,0,"0,05",0,F,364
12,11,202603,202603,SPOX_0999,0,2NENI,N,34,"28,9","0,00787","0,21",0,0,"0,21",0,F,663
12,11,202603,202603,SPOX_0347,0,1NENI,N,1,"0,5","0,00787",0,0,0,0,0,F,638
12,11,202603,202603,ULAX_1204,0,2NENI,N,47,"40,9","0,00787","0,31","0,01",0,"0,32",0,F,61
12,11,202603,202603,ULAX_4616,0,2NENI,N,57,"35,8","0,00787","0,29","0,01",0,"0,3",0,F,355
12,11,202603,202602,ULAX_1201,0,2NENI,D,2,1,"0,00787","0,01",0,0,"0,01",0,F,977
12,11,202603,202603,SPOX_6694,0, GS8V,R,1,"0,5","0,01245","0,01",0,0,"0,01",0,M,325
12,11,202603,202603,SPOX_0999,0,2NENI,D,2052,"2101,8","0,00787","16,51","0,62",0,"17,13",0,F,357
12,11,202603,202603,ULAX_1204,0,1NSEI,D,5,"36,2","0,00787","0,29","0,01",0,"0,3",0,F,48
12,11,202603,202603,ULAX_1204,0,4NENL,R,28,"71,7","0,00423","0,3","0,01",0,"0,31",0,F,705
12,11,202603,202603,SPO_14678,0,2GS8I,D,2,"16,2","0,00787","0,13",0,0,"0,13",0,F,355
12,11,202603,202602,ULAX_1204,0,4NENL,N,1,"0,5","0,00602",0,0,0,0,0,F,261
12,11,202603,202603,SPOX_0999,0,4NENL,N,136,"97,6","0,0061","0,6","0,02",0,"0,62",0,F,663
12,11,202603,202603,ULAX_0432,0, NENV,R,1,"0,5","0,01049","0,01",0,0,"0,01",0,M,492
12,11,202603,202603,ULAX_1204,0,4NENL,N,721,"1614,6","0,00605","9,76","0,37",0,"10,13",0,F,27
12,11,202603,202603,SPO_11402,0,4NENL,R,1,"0,7","0,00427",0,0,0,0,0,F,766
12,11,202603,202603,SPOX_0999,0,2NENI,S,1,"3,8","0,00787","0,03",0,0,"0,03",0,F,291
12,11,202603,202603,SPOX_0999,0,1NENI,D,1,"5,1","0,00787","0,04",0,0,"0,04",0,F,294
12,11,202603,202603,ULAX_0432,0,2NENI,R,11,"5,5","0,00787","0,03",0,0,"0,03",0,F,951
12,11,202603,202603,ULAX_1204,0,2NENI,N,19,"11,1","0,00787","0,05",0,0,"0,05",0,F,971
12,11,202603,202603,SPO_10617,0,4NENL,N,479,"1253,6","0,0061","7,65","0,28",0,"7,93",0,F,638
12,11,202603,202603,SPOX_0999,0,2NENI,N,11,"6,3","0,00787","0,03",0,0,"0,03",0,F,806
12,11,202603,202603,SPOX_0347,0,2NSNI,D,1,"1,4","0,00787","0,01",0,0,"0,01",0,F,143
12,11,202603,202603,ULAX_1204,0,2NENI,N,4,"2,5","0,00787","0,01",0,0,"0,01",0,F,121
12,11,202603,202603,ULAX_4721,0, NENV,N,5234,"3601,3","0,01499","53,98","2,04",0,"56,02",0,M,34
12,11,202603,202602,ULAX_1204,0,2NENI,D,3,"12,2","0,0078","0,09",0,0,"0,09",0,F,232
12,11,202603,202603,SPOX_6698,0,4NENL,R,1,"0,6","0,00425",0,0,0,0,0,F,948
12,11,202603,202603,SPOX_0999,0,2NENI,D,6,4,"0,00787","0,02",0,0,"0,02",0,F,655
12,11,202603,202603,ULAX_1204,0,2NENI,D,200,"224,1","0,00787","1,77","0,06",0,"1,83",0,F,65
12,11,202603,202603,ULAX_1204,0,4NENL,R,1,"0,5","0,00425",0,0,0,0,0,F,206
12,11,202603,202603,SPO_14679,0,2GS8I,N,1,"2,9","0,00787","0,02",0,0,"0,02",0,F,319
12,11,202603,202602,ULAX_1204,0,4NENL,N,2,1,"0,00608",0,0,0,0,0,F,267
12,11,202603,202603,SPOX_0999,0,4NENL,R,1,"1,5","0,00423","0,01",0,0,"0,01",0,F,208
12,11,202603,202603,ULAX_0953,0,2NENI,N,68,201,"0,00787","1,61","0,05",0,"1,66",0,F,674
12,11,202603,202603,ULAX_1204,0,4NENL,N,12,"34,4","0,00605","0,21",0,0,"0,21",0,F,208
12,11,202603,202603,SPO_11405,0,1NSEI,N,8,"44,5","0,00787","0,36","0,01",0,"0,37",0,F,143
12,11,202603,202603,SPOX_0999,0,2NENI,S,22,"32,4","0,00787","0,23",0,0,"0,23",0,F,661
12,11,202603,202603,SPOX_0999,0,2GS8I,D,225,"1535,9","0,00787","12,08","0,45",0,"12,53",0,F,351
12,11,202603,202603,ULAX_0432,0,4NENL,N,37,"21,5","0,00605","0,13",0,0,"0,13",0,F,925
12,11,202603,202603,ULAX_1204,0,2NENI,R,33,"94,3","0,00787","0,74","0,02",0,"0,76",0,F,51
12,11,202603,202603,SPO_10802,0,2NENI,R,8,7,"0,00787","0,04",0,0,"0,04",0,F,317
12,11,202603,202603,SPOX_0999,0,2NENI,N,187,"344,6","0,00787","2,7","0,1",0,"2,8",0,F,941
12,11,202603,202603,SPOX_0348,0,2NSNI,D,2,"1,7","0,00787","0,01",0,0,"0,01",0,F,143
12,11,202603,202603,ULAX_1204,0,2NENI,N,1660,3251,"0,00787","25,58","0,96",0,"26,54",0,F,227
12,11,202603,202603,ULAX_4726,0,2GS8I,R,26,"69,9","0,00787","0,55","0,02",0,"0,57",0,F,355
12,11,202603,202603,SPOX_6716,0,2NENI,S,1,"0,5","0,00787",0,0,0,0,0,F,363
12,11,202603,202603,SPOX_0999,0,2NENI,D,1887,"3078,2","0,00787","24,22","0,91",0,"25,13",0,F,780
12,11,202603,202603,ULAX_1204,0,2NENI,D,175,"183,8","0,00787","1,46","0,05",0,"1,51",0,F,182
12,11,202603,202603,ULAX_1204,0,4NENL,R,99,"269,4","0,00425","1,12","0,04",0,"1,16",0,F,706
12,11,202603,202603,SPO_14681,0,1NENI,N,482,"603,3","0,00787","4,77","0,17",0,"4,94",0,F,143
12,11,202603,202602,ULAX_4728,0,MNENI,D,1,"0,5","0,0076",0,0,0,0,0,M,34
12,11,202603,202603,SPOX_0999,0,4NENL,R,4,"5,9","0,00423","0,02",0,0,"0,02",0,F,544
12,11,202603,202603,ULAX_1158,0,2GS8I,N,12,"31,9","0,00787","0,26",0,0,"0,26",0,F,661
12,11,202603,202603,ULAX_1204,0,4NENL,N,1564,"1239,5","0,00605","7,49","0,28",0,"7,77",0,F,283
12,11,202603,202603,SPO_11405,0,2NSNI,D,24,"85,3","0,00787","0,66","0,02",0,"0,68",0,F,143
12,11,202603,202603,SPOX_0999,0,4NENL,N,9,"50,9","0,00605","0,29","0,01",0,"0,3",0,F,71
12,11,202603,202603,SPOX_0999,0,2GS8I,S,8,8,"0,00787","0,07",0,0,"0,07",0,F,363
12,11,202603,202603,ULAX_0432,0,4NENL,N,1,"0,5","0,00608",0,0,0,0,0,F,267
12,11,202603,202603,ULAX_1204,0,2NENI,R,1421,"6040,4","0,00787","47,57","1,8",0,"49,37",0,F,221
12,11,202603,202603,SPO_10810,0, GS8V,R,20,"14,6","0,01245","0,19",0,0,"0,19",0,M,325
12,11,202603,202603,SPOX_0999,0,2NENI,N,4,2,"0,00787",0,0,0,0,0,F,984
12,11,202603,202603,SPOX_0545,0,2NENI,R,1,"0,5","0,00787",0,0,0,0,0,F,351
12,11,202603,202603,ULAX_1204,0,2NENI,N,398,"284,1","0,00787","2,25","0,08",0,"2,33",0,F,279
12,11,202603,202603,ULAX_4728,0,MNENI,D,6,"3,6","0,00787","0,01",0,0,"0,01",0,M,76
12,11,202603,202603,SPOX_9684,0,2GS8I,D,97,673,"0,00787","5,31","0,2",0,"5,51",0,F,351
12,11,202603,202603,SPOX_0999,0,2NENI,D,37,"34,7","0,00787","0,25","0,01",0,"0,26",0,F,917
12,11,202603,202602,SPOX_0347,0,2NENI,D,1,"3,8","0,0078","0,03",0,0,"0,03",0,F,143
12,11,202603,202603,ULAX_1204,0,2NENI,D,1350,"1118,2","0,00787","8,81","0,33",0,"9,14",0,F,224
12,11,202603,202603,ULAX_1204,0,4NENL,R,1,"0,5","0,00441",0,0,0,0,0,F,248
12,11,202603,202603,SPO_14681,0,2IENI,D,33,"140,1","0,00787","1,1","0,04",0,"1,14",0,F,143
12,11,202603,202603,SPOX_0046,0,2IENI,N,6,"7,9","0,00787","0,05",0,0,"0,05",0,F,225
12,11,202603,202603,SPOX_0999,0,4NENL,R,5,"89,8","0,00425","0,37","0,01",0,"0,38",0,F,61
12,11,202603,202603,ULAX_1201,0,2NENI,D,428,"417,2","0,00787","3,27","0,12",0,"3,39",0,F,951
12,11,202603,202603,ULAX_1204,0,4NENL,N,1474,"2049,5","0,00605","12,42","0,47",0,"12,89",0,F,705
12,11,202603,202603,SPO_11464,0,MNENI,D,5,"2,5","0,0076","0,02",0,0,"0,02",0,M,34
12,11,202603,202603,SPOX_0999,0,4NENL,N,22,"14,4","0,00605","0,06",0,0,"0,06",0,F,210
12,11,202603,202603,SPOX_0999,0,2NENI,D,20,"24,9","0,00787","0,17",0,0,"0,17",0,F,79
12,11,202603,202603,ULAX_0432,0,4NENL,R,4,"2,6","0,00425",0,0,0,0,0,F,51
12,11,202603,202603,ULAX_1204,0,2NENI,R,256,"1025,8","0,00787","8,08","0,3",0,"8,38",0,F,271
12,11,202603,202603,SPO_11152,0,MNENI,N,19,"9,5","0,0076","0,01",0,0,"0,01",0,M,34
12,11,202603,202603,SPOX_0999,0,2NENI,R,9,"10,7","0,00787","0,06",0,0,"0,06",0,F,81
12,11,202603,202603,SPOX_0551,0,MNENI,R,6,3,"0,0076","0,02",0,0,"0,02",0,M,34
12,11,202603,202603,ULAX_4728,0, NENV,R,4,2,"0,01049","0,03",0,0,"0,03",0,M,430
12,11,202603,202603,SPOX_9684,0, GS8V,N,2,"5,6","0,01499","0,09",0,0,"0,09",0,M,34
12,11,202603,202603,SPOX_0999,0,2NENI,D,58,"102,1","0,00787","0,79","0,03",0,"0,82",0,F,971
12,11,202603,202602,SPOX_0999,0,2NENI,D,2,"5,8","0,0078","0,05",0,0,"0,05",0,F,241
12,11,202603,202603,ULAX_1204,0,MGS8I,R,105,340,"0,00787","2,69","0,1",0,"2,79",0,M,349
12,11,202603,202603,SPO_14681,0,2NSNI,N,13,"13,2","0,00787","0,09",0,0,"0,09",0,F,143
12,11,202603,202603,SPOX_0046,0,4IENL,R,1,"0,5","0,00441",0,0,0,0,0,F,225
12,11,202603,202603,SPOX_0999,0,4NENL,R,2,1,"0,00425",0,0,0,0,0,F,293
12,11,202603,202603,ULAX_1201,0,2NENI,R,1,"0,5","0,00787",0,0,0,0,0,F,852
12,11,202603,202603,ULAX_1204,0,4NENL,N,10,"9,3","0,00605","0,04",0,0,"0,04",0,F,979
12,11,202603,202603,SPO_12222,0,2NENI,N,30,"30,8","0,00787","0,23",0,0,"0,23",0,F,361
12,11,202603,202603,SPOX_0999,0,4NENL,N,3629,"3844,7","0,00605","23,26","0,88",0,"24,14",0,F,285
12,11,202603,202603,SPOX_0999,0,2NENI,D,1700,"2213,8","0,00787","17,4","0,65",0,"18,05",0,F,205
12,11,202603,202603,ULAX_0432,0,MNENI,D,1,"0,5","0,00787",0,0,0,0,0,M,76
12,11,202603,202603,ULAX_1204,0,2NENI,R,46,"229,1","0,00787","1,81","0,06",0,"1,87",0,F,318
12,11,202603,202603,SPO_11182,0,4NENL,N,3,"5,3","0,00608","0,03",0,0,"0,03",0,F,241
12,11,202603,202603,SPOX_0999,0,2NENI,R,928,"5000,4","0,00787","39,38","1,49",0,"40,87",0,F,232
12,11,202603,202603,SPOX_0811,0,2NENI,N,106,"227,5","0,00787","1,78","0,06",0,"1,84",0,F,361
12,11,202603,202603,ULAX_4762,0,1NSEI,N,71,"590,4","0,00787","4,63","0,17",0,"4,8",0,F,35
12,11,202603,202603,ULAX_1204,0,2NENI,D,1334,"1133,1","0,00787","8,93","0,33",0,"9,26",0,F,284
12,11,202603,202603,SPO_10152,0,1NENI,D,745,"2029,5","0,00787","15,98","0,6",0,"16,58",0,F,143
12,11,202603,202603,SPOX_0999,0,2NENI,N,5001,"5812,3","0,00787","45,73","1,73",0,"47,46",0,F,42
12,11,202603,202602,SPOX_0999,0,2NENI,D,4,"3,2","0,00787","0,02",0,0,"0,02",0,F,221
12,11,202603,202603,ULAX_1204,0,MNENI,S,1,"0,5","0,0076",0,0,0,0,0,M,34
12,11,202603,202603,ULAX_1201,0,4NENL,N,4,"2,1","0,00608",0,0,0,0,0,F,251
12,11,202603,202603,SPOX_0083,0,1NENI,N,2,"12,5","0,00787","0,1",0,0,"0,1",0,F,212
12,11,202603,202603,SPOX_0999,0,4NENL,R,2,"3,8","0,00425","0,01",0,0,"0,01",0,F,961
12,11,202603,202603,ULAX_1204,0,4NENL,N,16,"12,7","0,00608","0,06",0,0,"0,06",0,F,55
12,11,202603,202603,ULAX_0432,0,MNENI,N,2,"1,1","0,0076",0,0,0,0,0,M,348
12,11,202603,202603,SPOX_0999,0,4NENL,N,1494,"2248,2","0,00605","13,6","0,51",0,"14,11",0,F,705
12,11,202603,202603,SPOX_0999,0,2NENI,D,2,"1,8","0,00787","0,01",0,0,"0,01",0,F,236
12,11,202603,202603,ULAX_1204,0,2NENI,R,91,147,"0,00787","1,15","0,04",0,"1,19",0,F,661
12,11,202603,202603,SPO_14681,0,MNENI,N,8,"5,6","0,0076","0,02",0,0,"0,02",0,M,325
12,11,202603,202603,SPO_11230,0, NENV,N,47,"24,3","0,01499","0,36","0,01",0,"0,37",0,M,34
12,11,202603,202603,SPOX_0999,0,2NENI,R,15,"101,1","0,00787","0,8","0,03",0,"0,83",0,F,283
12,11,202603,202603,SPOX_0823,0,4NENL,N,1,"0,5","0,00608",0,0,0,0,0,F,804
12,11,202603,202603,ULAX_1204,0,2NENI,D,704,770,"0,00787","6,05","0,22",0,"6,27",0,F,356
12,11,202603,202603,SPO_10152,0,2NENI,N,2,1,"0,00787","0,01",0,0,"0,01",0,F,203
12,11,202603,202603,SPOX_0999,0,2NENI,N,92,"75,6","0,00787","0,58","0,02",0,"0,6",0,F,91
12,11,202603,202602,SPOX_0999,0,2NENI,N,2,"2,9","0,0078","0,02",0,0,"0,02",0,F,247
12,11,202603,202603,ULAX_1201,0,MNENI,D,1,"0,5","0,00787",0,0,0,0,0,M,29
12,11,202603,202603,SPOX_0083,0,2GS8I,S,4,"7,8","0,00787","0,06",0,0,"0,06",0,F,143
12,11,202603,202603,SPOX_0999,0,MNENI,N,5,"9,4","0,00787","0,07",0,0,"0,07",0,M,50
12,11,202603,202603,SPO_14657,0,2NENI,N,1,"0,5","0,00787",0,0,0,0,0,F,11
12,11,202603,202603,ULAX_1204,0,4NENL,N,2,1,"0,00608",0,0,0,0,0,F,246
12,11,202603,202603,ULAX_0432,0,MNENI,N,6,"3,5","0,00787","0,03",0,0,"0,03",0,M,492
12,11,202603,202603,SPOX_0999,0,4NENL,N,3,"9,8","0,00605","0,06",0,0,"0,06",0,F,979
12,11,202603,202603,SPOX_0999,0,2NENI,D,5031,"5792,8","0,00787","45,59","1,72",0,"47,31",0,F,265
12,11,202603,202603,SPO_11232,0,4NENL,N,48,"44,3","0,00605","0,26","0,01",0,"0,27",0,F,71
12,11,202603,202603,ULAX_1204,0,2NENI,R,35,"83,9","0,00787","0,67","0,02",0,"0,69",0,F,941
12,11,202603,202603,ULAX_0432,0,2NENI,D,3,"1,5","0,00787",0,0,0,0,0,F,55
12,11,202603,202603,SPOX_0999,0,2NENI,R,17,"9,5","0,00787","0,06",0,0,"0,06",0,F,357
12,11,202603,202603,SPOX_0970,0,1NENI,N,2,1,"0,00787",0,0,0,0,0,F,638
12,11,202603,202603,SPO_10152,0,4NENL,R,1,"3,2","0,00427","0,01",0,0,"0,01",0,F,766
12,11,202603,202603,ULAX_1204,0,2NENI,D,135,"137,9","0,00787","1,07","0,04",0,"1,11",0,F,663
12,11,202603,202603,ULAX_4030,0,2GS8I,N,3,"11,5","0,00787","0,09",0,0,"0,09",0,F,355
12,11,202603,202603,SPOX_0999,0,2NENI,N,1,"0,5","0,00787",0,0,0,0,0,F,214
12,11,202603,202602,SPOX_0999,0,2NENI,R,2,"1,2","0,00787","0,01",0,0,"0,01",0,F,706
12,11,202603,202603,ULAX_4763,0,2GS8I,N,782,8211,"0,00787","64,61","2,44",0,"67,05",0,F,355
12,11,202603,202603,SPOX_1158,0,2GS8I,R,2,"6,1","0,00787","0,05",0,0,"0,05",0,F,351
12,11,202603,202603,ULAX_1201,0,MNENI,N,1,"0,9","0,00787",0,0,0,0,0,M,87
12,11,202603,202603,SPOX_0083,0,2NENI,N,7,"24,1","0,00787","0,17",0,0,"0,17",0,F,638
12,11,202603,202603,SPOX_0999,0, NENV,R,2,1,"0,0118","0,02",0,0,"0,02",0,M,6
12,11,202603,202603,ULAX_1204,0,4NENL,N,1775,"1685,4","0,00608","10,25","0,38",0,"10,63",0,F,294
12,11,202603,202603,SPO_14657,0, NENV,N,430,"446,7","0,01779","7,92","0,3",0,"8,22",0,M,325
12,11,202603,202603,ULAX_0432,0,MNENI,R,6,"39,5","0,00787","0,3","0,01",0,"0,31",0,M,430
12,11,202603,202603,SPOX_0999,0,4NENL,N,17,"16,9","0,00608","0,1",0,0,"0,1",0,F,55
12,11,202603,202603,ULAX_1204,0,2NENI,S,19,"11,2","0,00787","0,07",0,0,"0,07",0,F,83
12,11,202603,202603,SPO_11364,0,MNENI,D,6,3,"0,0076","0,02",0,0,"0,02",0,M,34
12,11,202603,202603,ULAX_0432,0,2NENI,D,111,"111,3","0,00787","0,9","0,03",0,"0,93",0,F,607
12,11,202603,202603,SPOX_0999,0,2NENI,R,9,"4,7","0,00787","0,03",0,0,"0,03",0,F,738
12,11,202603,202603,SPOX_0970,0,2GS8I,R,21,84,"0,00787","0,67","0,02",0,"0,69",0,F,143
12,11,202603,202603,ULAX_1204,0,2NENI,N,28,"21,7","0,00787","0,15",0,0,"0,15",0,F,295
12,11,202603,202603,SPO_10156,0,2NENI,D,5,"113,1","0,00787","0,89","0,03",0,"0,92",0,F,203
12,11,202603,202603,ULAX_1204,0,2NENI,D,3,"1,5","0,00787",0,0,0,0,0,F,805
12,11,202603,202603,ULAX_4039,0,2NENI,N,2,1,"0,00787",0,0,0,0,0,F,805
12,11,202603,202603,SPOX_0999,0,2NENI,N,462,"401,7","0,00787","3,18","0,11",0,"3,29",0,F,255
12,11,202603,202602,SPOX_0999,0,4NENL,N,4,"3,2","0,00605","0,02",0,0,"0,02",0,F,221
12,11,202603,202603,ULAX_5040,0,MNENI,N,410,"1414,8","0,0076","10,74","0,4",0,"11,14",0,M,349
12,11,202603,202603,SPOX_6685,0,1NENI,D,7,"11,8","0,00787","0,09",0,0,"0,09",0,F,638
12,11,202603,202603,ULAX_1201,0,MNENI,R,8,"5,3","0,00787","0,04",0,0,"0,04",0,M,A61
12,11,202603,202603,SPOX_0083,0, GS8V,R,4,"14,5","0,01245","0,18",0,0,"0,18",0,M,325
12,11,202603,202603,ULAX_1204,0,4NENL,N,13,"11,8","0,00608","0,07",0,0,"0,07",0,F,806
12,11,202603,202603,SPO_14667,0,2GS8I,N,1,1,"0,00787","0,01",0,0,"0,01",0,F,431
12,11,202603,202603,ULAX_1204,0,2NENI,D,789,"3008,4","0,00787","23,69","0,89",0,"24,58",0,F,842
12,11,202603,202603,ULAX_4039,0, NENV,R,2,1,"0,01049","0,02",0,0,"0,02",0,M,34
12,11,202603,202603,SPOX_0999,0,2NENI,N,390,"264,1","0,00787","2,09","0,07",0,"2,16",0,F,279
12,11,202603,202602,SPOX_0999,0,4NENL,N,1,"0,5","0,00608",0,0,0,0,0,F,261
12,11,202603,202603,ULAX_5040,0, NENV,R,122,752,"0,0118","8,92","0,33",0,"9,25",0,M,349
12,11,202603,202603,SPOX_6685,0,2NENI,D,4,"23,7","0,00787","0,19",0,0,"0,19",0,F,212
12,11,202603,202603,ULAX_1201,0,MNENI,S,6,"3,1","0,00787","0,02",0,0,"0,02",0,M,A61
12,11,202603,202603,ULAX_1204,0,4NENL,N,146,"123,6","0,00608","0,76","0,02",0,"0,78",0,F,960
12,11,202603,202603,SPO_14667,0,2NENI,D,2283,"7943,6","0,00787","62,52","2,36",0,"64,88",0,F,143
12,11,202603,202603,ULAX_0432,0,MNENI,S,1,"0,5","0,00787",0,0,0,0,0,M,493
12,11,202603,202603,ULAX_1204,0,2NENI,S,3,"16,2","0,00787","0,13",0,0,"0,13",0,F,279
12,11,202603,202603,SPO_11400,0,MNENI,N,148,"150,3","0,0076","1,17","0,04",0,"1,21",0,M,325
12,11,202603,202603,SPOX_0970,0,2NENI,N,9,"18,6","0,00787","0,15",0,0,"0,15",0,F,638
12,11,202603,202603,ULAX_0432,0,2NENI,N,6,"14,8","0,00787","0,12",0,0,"0,12",0,F,31
12,11,202603,202603,SPOX_0999,0,2NENI,S,1,6,"0,00787","0,05",0,0,"0,05",0,F,5
12,11,202603,202603,ULAX_1204,0,2NENI,N,42,"41,2","0,00787","0,3","0,01",0,"0,31",0,F,663
12,11,202603,202603,SPO_10403,0,MNENI,D,4,2,"0,00787","0,01",0,0,"0,01",0,M,10
12,11,202603,202603,SPOX_0251,0,2NENI,N,2,"3,2","0,00787","0,03",0,0,"0,03",0,F,2
12,11,202603,202603,ULAX_1204,0,2NENI,D,4,2,"0,00787","0,01",0,0,"0,01",0,F,963
12,11,202603,202603,ULAX_4202,0,2GS8I,R,45,"169,7","0,00787","1,29","0,05",0,"1,34",0,F,674
12,11,202603,202603,SPOX_0999,0,2NENI,N,780,"1435,1","0,00787","11,28","0,42",0,"11,7",0,F,318
12,11,202603,202602,SPO_11230,0,2NENI,N,2,"8,3","0,00787","0,06",0,0,"0,06",0,F,317
12,11,202603,202603,SPOX_6685,0,4NENL,N,24,"34,8","0,0061","0,21",0,0,"0,21",0,F,638
12,11,202603,202603,ULAX_1201,0, NENV,N,11,"7,5","0,01686","0,15",0,0,"0,15",0,M,441
12,11,202603,202603,ULAX_1204,0,4NENL,R,1733,"12809,7","0,00423","54,19","2,05",0,"56,24",0,F,31
12,11,202603,202603,SPO_14667,0,4NENL,N,10,"62,6","0,0061","0,37","0,01",0,"0,38",0,F,212
12,11,202603,202602,ULAX_1204,0,2NENI,N,2,"1,3","0,0078","0,01",0,0,"0,01",0,F,221
12,11,202603,202603,SPOX_0999,0,4NENL,N,97,"181,3","0,00608","1,09","0,04",0,"1,13",0,F,709
12,11,202603,202603,ULAX_0432,0, NENV,N,9,5,"0,01499","0,07",0,0,"0,07",0,M,492
12,11,202603,202603,ULAX_1204,0,2NENI,S,8,5,"0,00787","0,02",0,0,"0,02",0,F,357
12,11,202603,202603,SPO_11402,0,2IENI,N,6,"9,5","0,00787","0,08",0,0,"0,08",0,F,143
12,11,202603,202603,SPOX_0999,0,2NENI,S,1,"0,6","0,00787",0,0,0,0,0,F,182
12,11,202603,202603,SPOX_0970,0,4NENL,N,67,"108,6","0,0061","0,66","0,02",0,"0,68",0,F,766
12,11,202603,202603,ULAX_0432,0,2NENI,N,3,"1,5","0,00787",0,0,0,0,0,F,661
12,11,202603,202603,ULAX_1204,0,2NENI,N,1,"0,5","0,00787",0,0,0,0,0,F,808
12,11,202603,202603,SPO_10417,0,MNENI,N,34,"34,1","0,0076","0,25",0,0,"0,25",0,M,325
12,11,202603,202603,SPOX_0999,0,2NENI,N,44,"51,7","0,00787","0,36","0,01",0,"0,37",0,F,432
12,11,202603,202603,SPOX_0326,0,2NENI,R,73,103,"0,00787","0,81","0,03",0,"0,84",0,F,143
12,11,202603,202603,ULAX_1204,0,2NENI,N,287,"447,2","0,00787","3,52","0,13",0,"3,65",0,F,5
12,11,202603,202603,ULAX_4202,0, NENV,R,2,1,"0,0118","0,01",0,0,"0,01",0,M,348
12,11,202603,202602,ULAX_0432,0,2NENI,D,1,"0,5","0,0078",0,0,0,0,0,F,951
12,11,202603,202603,SPOX_6694,0,2NENI,D,3,"8,6","0,00787","0,06",0,0,"0,06",0,F,766
12,11,202603,202603,SPOX_0999,0,2NENI,D,157,195,"0,00787","1,54","0,05",0,"1,59",0,F,296
12,11,202603,202603,ULAX_1204,0,1NENI,D,5,"4,6","0,00787","0,02",0,0,"0,02",0,F,267
12,11,202603,202603,ULAX_1204,0,4NENL,R,16,"15,1","0,00423","0,04",0,0,"0,04",0,F,283
12,11,202603,202603,SPO_14667,0, NSNV,R,5,"2,6","0,01245","0,04",0,0,"0,04",0,M,325
12,11,202603,202602,ULAX_1204,0,4NENL,N,1,"2,2","0,00598","0,01",0,0,"0,01",0,F,205
12,11,202603,202603,SPOX_0999,0,4NENL,N,633,"760,7","0,00608","4,63","0,17",0,"4,8",0,F,951
12,11,202603,202603,ULAX_0432,0, NENV,N,10,"7,2","0,01686","0,13",0,0,"0,13",0,M,348
12,11,202603,202603,ULAX_1204,0,2NENI,S,3,"3,8","0,00787","0,04",0,0,"0,04",0,F,842
12,11,202603,202603,SPO_11402,0,2NENI,S,9,"7,6","0,00787","0,04",0,0,"0,04",0,F,143
12,11,202603,202603,SPOX_0999,0,2NENI,S,17,21,"0,00787","0,15",0,0,"0,15",0,F,267
12,11,202603,202603,SPOX_0970,0, NENV,N,61,"50,5","0,01779","0,94","0,03",0,"0,97",0,M,325
12,11,202603,202603,ULAX_0432,0,2NENI,N,536,"405,7","0,00787","3,18","0,12",0,"3,3",0,F,977
12,11,202603,202603,ULAX_1204,0,2NENI,N,79,"60,4","0,00787","0,47","0,01",0,"0,48",0,F,948
12,11,202603,202603,SPO_10617,0,2NENI,D,294,726,"0,00787","5,72","0,21",0,"5,93",0,F,638
12,11,202603,202603,SPOX_0999,0,2NENI,N,23,"22,5","0,00787","0,17",0,0,"0,17",0,F,709
12,11,202603,202603,SPOX_0347,0,2IENI,D,110,343,"0,00787","2,69","0,1",0,"2,79",0,F,143
12,11,202603,202603,ULAX_1204,0,2NENI,N,67,"74,1","0,00787","0,59","0,02",0,"0,61",0,F,83
12,11,202603,202603,ULAX_4721,0,MNENI,N,1727,"1207,2","0,0076","9,18","0,34",0,"9,52",0,M,34
12,11,202603,202602,ULAX_1201,0, NENV,N,1,"0,5","0,01499","0,01",0,0,"0,01",0,M,29
12,11,202603,202603,SPOX_6694,0,MNENI,R,4,"4,1","0,0076","0,03",0,0,"0,03",0,M,325
12,11,202603,202603,SPOX_0999,0,2NENI,D,193,"277,2","0,00787","2,17","0,08",0,"2,25",0,F,432
12,11,202603,202603,ULAX_1204,0,2NENI,D,502,"1068,1","0,00787","8,4","0,31",0,"8,71",0,F,27
12,11,202603,202603,ULAX_1204,0,4NENL,R,18,"144,8","0,00424","0,62","0,02",0,"0,64",0,F,242
12,11,202603,202603,SPO_14679,0,1NSEI,D,17,"87,6","0,00787","0,68","0,02",0,"0,7",0,F,143
12,11,202603,202602,ULAX_1204,0,4NENL,N,2,1,"0,00605",0,0,0,0,0,F,271
12,11,202603,202603,SPOX_0999,0,4NENL,R,28,"61,2","0,00423","0,25",0,0,"0,25",0,F,21
12,11,202603,202603,ULAX_0432,0, NENV,R,1,"0,5","0,01049","0,01",0,0,"0,01",0,M,B99
12,11,202603,202603,ULAX_1204,0,4NENL,N,180,176,"0,00605","1,06","0,04",0,"1,1",0,F,84
12,11,202603,202603,SPO_11404,0,1NSNI,R,1,"0,5","0,00787",0,0,0,0,0,F,143
12,11,202603,202603,SPOX_0999,0,2NENI,S,4,"3,2","0,00787","0,02",0,0,"0,02",0,F,319
12,11,202603,202603,SPOX_0999,0,1NENI,N,3,"1,5","0,00787",0,0,0,0,0,F,705
12,11,202603,202603,ULAX_0432,0,4NENL,N,19,"30,5","0,00605","0,16",0,0,"0,16",0,F,31
12,11,202603,202603,ULAX_1204,0,2NENI,N,14,"7,9","0,00787","0,06",0,0,"0,06",0,F,991
12,11,202603,202603,SPO_10619,0,MNENI,R,2,1,"0,0076",0,0,0,0,0,M,325
12,11,202603,202603,SPOX_0999,0,2NENI,N,399,"347,6","0,00787","2,74","0,1",0,"2,84",0,F,865
12,11,202603,202603,SPOX_0348,0,2GS8I,N,73,"406,3","0,00787","3,2","0,12",0,"3,32",0,F,143
12,11,202603,202603,ULAX_1204,0,2NENI,N,3,"9,3","0,00787","0,07",0,0,"0,07",0,F,208
12,11,202603,202603,ULAX_4723,0,2NENI,D,968,"2296,9","0,00787","18,09","0,68",0,"18,77",0,F,355
12,11,202603,202602,ULAX_1204,0,2NENI,D,3,"1,5","0,0078","0,01",0,0,"0,01",0,F,674
12,11,202603,202603,SPOX_6716,0,2GS8I,R,52,"51,3","0,00787","0,4","0,01",0,"0,41",0,F,363
12,11,202603,202603,SPOX_0999,0,2NENI,D,1436,"2007,6","0,00787","15,8","0,59",0,"16,39",0,F,706
12,11,202603,202603,ULAX_1204,0,2NENI,D,137,"129,1","0,00787","1,03","0,03",0,"1,06",0,F,84
12,11,202603,202603,ULAX_1204,0,4NENL,R,79,"250,2","0,00425","1,06","0,04",0,"1,1",0,F,261
12,11,202603,202603,SPO_14679,0,2GS8I,R,3,"2,3","0,00787","0,03",0,0,"0,03",0,F,431
12,11,202603,202602,ULAX_1204,0, GS8V,N,3,"17,2","0,01686","0,29","0,01",0,"0,3",0,M,348
12,11,202603,202603,SPOX_0999,0,4NENL,R,107,"206,6","0,00423","0,89","0,03",0,"0,92",0,F,281
12,11,202603,202603,ULAX_1055,0,2NENI,D,4,"4,9","0,00787","0,04",0,0,"0,04",0,F,235
12,11,202603,202603,ULAX_1204,0,4NENL,N,29323,"63486,6","0,00605","384,09","14,55",0,"398,64",0,F,232
12,11,202603,202603,SPO_11405,0,2IENI,D,336,"362,2","0,00787","2,86","0,1",0,"2,96",0,F,143
12,11,202603,202603,SPOX_0999,0,2NENI,S,1,"0,5","0,00787",0,0,0,0,0,F,780
12,11,202603,202603,SPOX_0999,0,2GS8I,N,1,"2,7","0,00787","0,02",0,0,"0,02",0,F,361
12,11,202603,202603,ULAX_0432,0,4NENL,N,25,"22,7","0,00608","0,13",0,0,"0,13",0,F,65
12,11,202603,202603,ULAX_1204,0,2NENI,R,42,"82,4","0,00787","0,63","0,02",0,"0,65",0,F,85
12,11,202603,202603,SPO_10809,0,MNENI,D,11,"44,1","0,0076","0,31","0,01",0,"0,32",0,M,325
12,11,202603,202603,SPOX_0999,0,2NENI,N,21,"18,9","0,00787","0,13",0,0,"0,13",0,F,965
12,11,202603,202603,SPOX_0543,0,MNENI,N,35,"17,6","0,0076","0,1",0,0,"0,1",0,M,34
12,11,202603,202603,ULAX_1204,0,2NENI,N,49,"29,9","0,00787","0,23",0,0,"0,23",0,F,248
12,11,202603,202603,ULAX_4726,0,4NENL,N,1,"0,6","0,00605",0,0,0,0,0,F,767
12,11,202603,202603,SPOX_8441,0,1NSEI,D,10,"129,6","0,00787","1,01","0,03",0,"1,04",0,F,143
12,11,202603,202603,SPOX_0999,0,2NENI,D,24,"14,1","0,00787","0,1",0,0,"0,1",0,F,807
12,11,202603,202603,ULAX_1204,0,2NENI,D,9,"25,1","0,00787","0,19",0,0,"0,19",0,F,208
12,11,202603,202603,ULAX_1204,0,4NENL,R,28,"72,4","0,00425","0,32","0,01",0,"0,33",0,F,941
12,11,202603,202603,SPO_14681,0,1NSNI,D,21,"80,8","0,00787","0,64","0,02",0,"0,66",0,F,143
12,11,202603,202603,SPOX_0046,0,1NSEI,D,1,"3,7","0,00787","0,03",0,0,"0,03",0,F,431
12,11,202603,202603,SPOX_0999,0,4NENL,R,1,"0,5","0,00423",0,0,0,0,0,F,971
12,11,202603,202603,ULAX_1201,0,2NENI,D,3,"10,3","0,00787","0,08",0,0,"0,08",0,F,51
12,11,202603,202603,ULAX_1204,0,4NENL,N,215,"200,8","0,00605","1,23","0,04",0,"1,27",0,F,296
12,11,202603,202603,SPO_11460,0,2NENI,S,1,"2,1","0,00787","0,02",0,0,"0,02",0,F,351
12,11,202603,202603,SPOX_0999,0,4NENL,N,30,15,"0,00605","0,09",0,0,"0,09",0,F,86
12,11,202603,202603,SPOX_0999,0,2NENI,D,15819,"18496,4","0,00787","145,55","5,51",0,"151,06",0,F,42
12,11,202603,202603,ULAX_0432,0,4NENL,N,430,"373,1","0,00608","2,31","0,08",0,"2,39",0,F,951
12,11,202603,202603,ULAX_1204,0,2NENI,R,18,"173,5","0,00787","1,36","0,05",0,"1,41",0,F,242
12,11,202603,202603,SPO_11144,0,2NENI,D,11,"5,5","0,00787","0,01",0,0,"0,01",0,F,431
12,11,202603,202603,SPOX_0999,0,2NENI,R,27,"143,6","0,00787","1,11","0,04",0,"1,15",0,F,27
12,11,202603,202603,SPOX_0551,0,2NENI,D,148,"343,6","0,00787","2,69","0,1",0,"2,79",0,F,351
12,11,202603,202603,ULAX_1204,0,2NENI,N,982,"822,4","0,00787","6,47","0,24",0,"6,71",0,F,291
12,11,202603,202603,ULAX_4728,0,MNENI,R,213,"302,3","0,0076","2,31","0,08",0,"2,39",0,M,34
12,11,202603,202603,SPOX_9684,0,2GS8I,N,22,"143,9","0,00787","1,13","0,04",0,"1,17",0,F,431
12,11,202603,202603,SPOX_0999,0,2NENI,D,336,"320,6","0,00787","2,51","0,09",0,"2,6",0,F,943
12,11,202603,202602,SPOX_0348,0,2NENI,R,2,"1,6","0,0078","0,01",0,0,"0,01",0,F,143
12,11,202603,202603,ULAX_1204,0,2NENI,D,1,"0,5","0,00787",0,0,0,0,0,F,239
12,11,202603,202603,ULAX_1204,0, GS8V,R,105,340,"0,0118","3,99","0,15",0,"4,14",0,M,349
12,11,202603,202603,SPO_14681,0,2NENI,D,10,"13,1","0,00787","0,09",0,0,"0,09",0,F,638
12,11,202603,202603,SPOX_0046,0,2NENI,N,134,"245,8","0,00787","1,95","0,07",0,"2,02",0,F,11
12,11,202603,202603,SPOX_0999,0,4NENL,R,7,"3,9","0,00425","0,01",0,0,"0,01",0,F,224
12,11,202603,202603,ULAX_1201,0,2NENI,N,22,"17,8","0,00787","0,12",0,0,"0,12",0,F,361
12,11,202603,202603,ULAX_1204,0,4NENL,N,2,"1,9","0,00605","0,01",0,0,"0,01",0,F,822
12,11,202603,202603,SPO_12218,0,2NENI,D,6,"3,5","0,00787","0,02",0,0,"0,02",0,F,121
12,11,202603,202603,SPOX_0999,0,4NENL,N,1,"0,5","0,00605",0,0,0,0,0,F,239
12,11,202603,202603,SPOX_0999,0,2NENI,D,254,"230,4","0,00787","1,82","0,06",0,"1,88",0,F,91
12,11,202603,202603,ULAX_0432,0,MNENI,D,8,"6,1","0,0076","0,03",0,0,"0,03",0,M,348
12,11,202603,202603,ULAX_1204,0,2NENI,R,31,26,"0,00787","0,17",0,0,"0,17",0,F,286
12,11,202603,202603,SPO_11154,0,2NENI,R,30,"45,2","0,00787","0,36","0,01",0,"0,37",0,F,432
12,11,202603,202603,SPOX_0999,0,2NENI,R,366,"703,7","0,00787","5,56","0,2",0,"5,76",0,F,205
12,11,202603,202603,SPOX_0777,0,2GS8I,D,1,"0,6","0,00787",0,0,0,0,0,F,361
12,11,202603,202603,ULAX_4760,0,2NENI,N,264,"802,2","0,00787","6,34","0,23",0,"6,57",0,F,355
12,11,202603,202603,ULAX_1204,0,2NENI,D,4922,"6891,4","0,00787","54,22","2,05",0,"56,27",0,F,261
12,11,202603,202603,SPO_10092,0,2NENI,D,112,"325,1","0,00787","2,53","0,09",0,"2,62",0,F,357
12,11,202603,202603,SPOX_0999,0,2NENI,D,1,"0,5","0,00787",0,0,0,0,0,F,986
12,11,202603,202602,SPOX_0999,0,2NENI,D,1,"1,4","0,0078","0,01",0,0,"0,01",0,F,298
12,11,202603,202603,ULAX_1204,0,MNENI,N,7,"3,7","0,0076","0,01",0,0,"0,01",0,M,34
12,11,202603,202603,ULAX_1201,0,2NENI,R,19,"46,9","0,00787","0,37","0,01",0,"0,38",0,F,977
12,11,202603,202603,SPO_14681,0, GS8V,R,0,14,"0,01245","0,17",0,0,"0,17",0,M,325
12,11,202603,202603,SPOX_0051,0,2NENI,D,93,"510,3","0,00787","4,01","0,15",0,"4,16",0,F,143
12,11,202603,202603,SPOX_0999,0,4NENL,R,117,158,"0,00425","0,65","0,02",0,"0,67",0,F,757
12,11,202603,202603,ULAX_1204,0,4NENL,N,67,"38,4","0,00605","0,24",0,0,"0,24",0,F,992
12,11,202603,202603,SPO_13918,0,2NENI,R,29,"40,3","0,00787","0,32","0,01",0,"0,33",0,F,318
12,11,202603,202603,SPOX_0999,0,4NENL,N,1,"0,5","0,00605",0,0,0,0,0,F,428
12,11,202603,202603,SPOX_0999,0,2NENI,D,3,"1,5","0,00787","0,01",0,0,"0,01",0,F,215
12,11,202603,202603,ULAX_1204,0,2NENI,R,186,"613,4","0,00787","4,83","0,18",0,"5,01",0,F,361
12,11,202603,202603,SPO_11230,0,2NENI,D,62,"144,9","0,00787","1,13","0,04",0,"1,17",0,F,317
12,11,202603,202603,SPOX_0999,0,2NENI,R,7,"7,5","0,00787","0,05",0,0,"0,05",0,F,255
12,11,202603,202603,SPOX_0812,0,2NENI,D,1,"2,3","0,00787","0,02",0,0,"0,02",0,F,361
12,11,202603,202603,ULAX_4763,0,1NSEI,R,8,"96,5","0,00787","0,76","0,02",0,"0,78",0,F,35
12,11,202603,202603,ULAX_1204,0,2NENI,D,69,"97,7","0,00787","0,76","0,02",0,"0,78",0,F,295
12,11,202603,202603,SPO_10152,0,2IENI,D,40,"49,4","0,00787","0,39","0,01",0,"0,4",0,F,143
12,11,202603,202603,SPOX_0999,0,2NENI,N,116,98,"0,00787","0,76","0,02",0,"0,78",0,F,67
12,11,202603,202602,SPOX_0999,0,2NENI,D,1,"0,9","0,00787","0,01",0,0,"0,01",0,F,318
12,11,202603,202603,ULAX_1204,0, NENV,N,30,"109,1","0,01686","1,83","0,06",0,"1,89",0,M,50
12,11,202603,202603,ULAX_1201,0,4NENL,R,3,"1,5","0,00425",0,0,0,0,0,F,121
12,11,202603,202603,SPOX_0083,0,1NSNI,D,86,"516,4","0,00787","4,07","0,15",0,"4,22",0,F,143
12,11,202603,202603,SPOX_0999,0,MGS8I,N,5,"25,7","0,00787","0,2",0,0,"0,2",0,M,34
12,11,202603,202603,SPO_14657,0,1NENI,N,1,"1,6","0,00787","0,01",0,0,"0,01",0,F,638
12,11,202603,202603,ULAX_1204,0,4NENL,N,233,"225,8","0,00608","1,36","0,05",0,"1,41",0,F,182
12,11,202603,202603,ULAX_0432,0,MNENI,N,1,"0,5","0,00787",0,0,0,0,0,M,78
12,11,202603,202603,SPOX_0999,0,4NENL,N,11,"6,8","0,00605","0,03",0,0,"0,03",0,F,810
12,11,202603,202603,SPOX_0999,0,2NENI,D,5,"2,5","0,00787","0,01",0,0,"0,01",0,F,246
12,11,202603,202603,SPO_11232,0,2NENI,D,36,"27,7","0,00787","0,21",0,0,"0,21",0,F,71
12,11,202603,202603,ULAX_1204,0,2NENI,R,13,"6,5","0,00787","0,05",0,0,"0,05",0,F,738
12,11,202603,202603,ULAX_0432,0,1NENI,D,1,"0,7","0,00787","0,01",0,0,"0,01",0,F,767
12,11,202603,202603,SPOX_0999,0,2NENI,R,18,"16,6","0,00787","0,13",0,0,"0,13",0,F,294
12,11,202603,202603,SPOX_0835,0,MNENI,R,7,"3,6","0,0076","0,03",0,0,"0,03",0,M,34
12,11,202603,202603,ULAX_1204,0,2NENI,D,175,"219,9","0,00787","1,72","0,06",0,"1,78",0,F,432
12,11,202603,202603,ULAX_2826,0,2NENI,D,6,3,"0,00787",0,0,0,0,0,F,934
12,11,202603,202603,SPOX_0999,0,2NENI,N,1,"2,2","0,00787","0,02",0,0,"0,02",0,F,192
12,11,202603,202602,SPOX_0999,0,2NENI,N,1,"0,5","0,0078",0,0,0,0,0,F,977
12,11,202603,202603,ULAX_1201,0,MNENI,D,1,"0,8","0,00787","0,01",0,0,"0,01",0,M,479
12,11,202603,202603,SPOX_0083,0,2NENI,D,9128,"33278,7","0,00787","261,93","9,92",0,"271,85",0,F,143
12,11,202603,202603,SPOX_0999,0,MNENI,S,1,"0,5","0,0076",0,0,0,0,0,M,34
12,11,202603,202603,ULAX_1204,0,4NENL,N,24094,"37473,5","0,00608","227,82","8,64",0,"236,46",0,F,251
12,11,202603,202603,SPO_14657,0,4NENL,N,4,2,"0,0061",0,0,0,0,0,F,11
12,11,202603,202603,ULAX_0432,0,MNENI,N,35,"27,2","0,00787","0,21",0,0,"0,21",0,M,499
12,11,202603,202603,SPOX_0999,0,4NENL,N,116,"71,2","0,00605","0,42","0,01",0,"0,43",0,F,992
12,11,202603,202603,SPOX_0999,0,2NENI,D,1266,"1040,2","0,00787","8,18","0,3",0,"8,48",0,F,284
12,11,202603,202603,SPO_11362,0,2GS8I,D,1,"8,6","0,00787","0,07",0,0,"0,07",0,F,361
12,11,202603,202603,ULAX_0432,0,2NENI,D,33,"21,1","0,00787","0,16",0,0,"0,16",0,F,207
12,11,202603,202603,SPOX_0999,0,2NENI,R,63,120,"0,00787","0,94","0,03",0,"0,97",0,F,470
12,11,202603,202603,SPOX_0970,0,1NSEI,N,4,"44,3","0,00787","0,35","0,01",0,"0,36",0,F,143
12,11,202603,202603,SPO_10156,0,1NENI,N,2,"2,1","0,00787","0,02",0,0,"0,02",0,F,638
12,11,202603,202603,ULAX_1204,0,2NENI,D,79,"168,9","0,00787","1,33","0,05",0,"1,38",0,F,709
12,11,202603,202603,ULAX_4036,0,MNENI,D,34,"22,5","0,0076","0,13",0,0,"0,13",0,M,34
12,11,202603,202603,SPOX_0999,0,2NENI,N,7816,"18771,2","0,00787","147,75","5,59",0,"153,34",0,F,232
12,11,202603,202602,SPOX_0999,0,4NENL,N,2,"5,8","0,00602","0,03",0,0,"0,03",0,F,241
12,11,202603,202603,ULAX_4763,0,2NENI,N,5,"2,5","0,00787","0,02",0,0,"0,02",0,F,235
12,11,202603,202603,SPOX_4927,0,2GS8I,D,1,"3,5","0,00787","0,03",0,0,"0,03",0,F,355
12,11,202603,202603,ULAX_1201,0,MNENI,N,15,"8,1","0,00787","0,05",0,0,"0,05",0,M,A61
12,11,202603,202603,SPOX_0083,0,2NSNI,R,5,"2,5","0,00787","0,01",0,0,"0,01",0,F,143
12,11,202603,202603,SPOX_1158,0,1NSEI,D,1,"45,9","0,00787","0,36","0,01",0,"0,37",0,F,431
12,11,202603,202603,ULAX_1204,0,4NENL,N,1,"5,5","0,00608","0,03",0,0,"0,03",0,F,708
12,11,202603,202603,SPO_14667,0,1NENI,R,12,"26,7","0,00787","0,21",0,0,"0,21",0,F,143
12,11,202603,202603,ULAX_0432,0,MNENI,R,73,"37,8","0,00787","0,3","0,01",0,"0,31",0,M,493
12,11,202603,202603,SPOX_0999,0,4NENL,N,193,"154,8","0,00608","0,93","0,03",0,"0,96",0,F,182
12,11,202603,202603,ULAX_1204,0,2NENI,S,18,"25,9","0,00787","0,19",0,0,"0,19",0,F,219
12,11,202603,202603,SPO_11366,0,2NENI,D,37,"18,5","0,00787","0,12",0,0,"0,12",0,F,251
12,11,202603,202603,SPOX_0970,0,2GS8I,S,4,35,"0,00787","0,28","0,01",0,"0,29",0,F,143
12,11,202603,202603,ULAX_0432,0,2NENI,D,4,"4,7","0,00787","0,03",0,0,"0,03",0,F,780
12,11,202603,202603,SPOX_0999,0,2NENI,R,3,"14,5","0,00787","0,12",0,0,"0,12",0,F,865
12,11,202603,202603,ULAX_1204,0,2NENI,N,1002,"1460,1","0,00787","11,5","0,43",0,"11,93",0,F,351
12,11,202603,202603,SPO_10156,0,2NENI,R,124,"206,9","0,00787","1,62","0,06",0,"1,68",0,F,143
12,11,202603,202603,SPOX_0999,0,4NENL,N,2,"1,8","0,00608","0,01",0,0,"0,01",0,F,236
12,11,202603,202603,ULAX_1204,0,2NENI,S,2,"6,2","0,00787","0,05",0,0,"0,05",0,F,242
12,11,202603,202603,SPO_11368,0,MNENI,D,27,"13,5","0,0076","0,06",0,0,"0,06",0,M,34
12,11,202603,202603,SPOX_0970,0,2NENI,D,9097,"34921,5","0,00787","274,83","10,4",0,"285,23",0,F,143
12,11,202603,202603,ULAX_0432,0,2NENI,D,15,"14,9","0,00787","0,11",0,0,"0,11",0,F,934
12,11,202603,202603,SPOX_0999,0,2NENI,R,29,"137,1","0,00787","1,07","0,04",0,"1,11",0,F,951
12,11,202603,202603,ULAX_1204,0,2NENI,N,154,130,"0,00787","1,04","0,03",0,"1,07",0,F,364
12,11,202603,202603,SPO_10156,0,4NENL,R,2,3,"0,00427","0,01",0,0,"0,01",0,F,766
12,11,202603,202603,SPOX_0083,0, NENV,N,62,"42,2","0,01779","0,79","0,02",0,"0,81",0,M,325
12,11,202603,202603,ULAX_1204,0,2NENI,D,85,"102,5","0,00787","0,8","0,03",0,"0,83",0,F,927
12,11,202603,202603,ULAX_4113,0,MNENI,R,3,"1,5","0,0076","0,01",0,0,"0,01",0,M,348
12,11,202603,202603,SPOX_0999,0,2NENI,N,1007,722,"0,00787","5,69","0,21",0,"5,9",0,F,291
12,11,202603,202602,SPOX_6685,0, NENV,N,1,"0,5","0,01779","0,01",0,0,"0,01",0,M,325
12,11,202603,202603,SPOX_6685,0,2NENI,N,1,"13,1","0,00787","0,1",0,0,"0,1",0,F,212
12,11,202603,202603,ULAX_1201,0, NENV,N,2,1,"0,01499","0,02",0,0,"0,02",0,M,87
12,11,202603,202603,ULAX_1204,0,4NENL,N,3219,"3346,7","0,00608","20,36","0,77",0,"21,13",0,F,977
12,11,202603,202603,SPO_14667,0,2NENI,N,2,"4,5","0,00787","0,04",0,0,"0,04",0,F,638
12,11,202603,202602,ULAX_1204,0,2NENI,D,2,1,"0,00787",0,0,0,0,0,F,267
12,11,202603,202603,SPOX_0999,0,4NENL,N,3530,"3652,1","0,00608","22,17","0,84",0,"23,01",0,F,267
12,11,202603,202603,ULAX_0432,0, NENV,N,1,"0,5","0,01499","0,01",0,0,"0,01",0,M,34
12,11,202603,202603,ULAX_1204,0,2NENI,S,6,"3,3","0,00787","0,02",0,0,"0,02",0,F,292
12,11,202603,202603,SPO_11402,0,1NENI,D,2,"24,4","0,00787","0,19",0,0,"0,19",0,F,212
12,11,202603,202603,SPOX_0999,0,2NENI,S,4,"6,4","0,00787","0,05",0,0,"0,05",0,F,27
12,11,202603,202603,SPOX_0970,0,2NSNI,N,57,"71,6","0,00787","0,56","0,02",0,"0,58",0,F,143
12,11,202603,202603,ULAX_0432,0,2NENI,N,168,"114,8","0,00787","0,88","0,03",0,"0,91",0,F,121
12,11,202603,202603,ULAX_1204,0,2NENI,N,25,"21,8","0,00787","0,16",0,0,"0,16",0,F,709
12,11,202603,202603,SPO_10404,0,MGS8I,N,64,"330,8","0,00787","2,59","0,09",0,"2,68",0,M,34
12,11,202603,202603,SPOX_0326,0,2IENI,N,13,"8,3","0,00787","0,06",0,0,"0,06",0,F,143
12,11,202603,202603,ULAX_1204,0,2NENI,D,6,"5,2","0,00787","0,04",0,0,"0,04",0,F,979
12,11,202603,202603,ULAX_4202,0,2NENI,N,4,"2,6","0,00787","0,02",0,0,"0,02",0,F,707
12,11,202603,202602,SPO_11405,0,1NENI,D,1,"1,8","0,0078","0,01",0,0,"0,01",0,F,143
12,11,202603,202603,SPOX_6685,0, NENV,N,440,"357,2","0,01779","6,35","0,24",0,"6,59",0,M,325
12,11,202603,202603,ULAX_1201,0, NENV,R,1,"0,5","0,0118","0,01",0,0,"0,01",0,M,6
12,11,202603,202603,ULAX_1204,0,4NENL,R,3,3,"0,00423","0,01",0,0,"0,01",0,F,202
12,11,202603,202603,SPO_14667,0,MGS8I,R,2,1,"0,00787",0,0,0,0,0,M,325
12,11,202603,202602,ULAX_1204,0,2NENI,N,3,"3,5","0,0078","0,02",0,0,"0,02",0,F,674
12,11,202603,202603,SPOX_0999,0,4NENL,N,11,"26,1","0,00608","0,14",0,0,"0,14",0,F,803
12,11,202603,202603,ULAX_0432,0, NENV,N,62,"42,3","0,01499","0,63","0,02",0,"0,65",0,M,499
12,11,202603,202603,ULAX_1204,0,2NENI,S,12,"16,5","0,00787","0,12",0,0,"0,12",0,F,661
12,11,202603,202603,SPO_11402,0,2NENI,N,2,"9,6","0,00787","0,08",0,0,"0,08",0,F,7
12,11,202603,202603,SPOX_0999,0,2NENI,S,146,"309,9","0,00787","2,41","0,09",0,"2,5",0,F,232
12,11,202603,202603,SPOX_0970,0,MNENI,D,33,24,"0,0076","0,16",0,0,"0,16",0,M,325
12,11,202603,202603,ULAX_0432,0,2NENI,N,23,"13,3","0,00787","0,09",0,0,"0,09",0,F,852
12,11,202603,202603,ULAX_1204,0,2NENI,N,2,1,"0,00787",0,0,0,0,0,F,915
12,11,202603,202603,SPO_10418,0, GS8V,N,53,"190,8","0,01499","2,86","0,1",0,"2,96",0,M,34
12,11,202603,202603,SPOX_0999,0,2NENI,N,1,"1,5","0,00787","0,01",0,0,"0,01",0,F,619
12,11,202603,202603,SPOX_0347,0,1NENI,D,2,2,"0,00787","0,02",0,0,"0,02",0,F,638
12,11,202603,202603,ULAX_1204,0,2NENI,N,595,"473,1","0,00787","3,73","0,14",0,"3,87",0,F,51
12,11,202603,202603,ULAX_4616,0,2GS8I,S,1,"1,8","0,00787","0,01",0,0,"0,01",0,F,355
12,11,202603,202602,ULAX_0432,0, NENV,N,2,1,"0,0165","0,02",0,0,"0,02",0,M,451
12,11,202603,202603,SPOX_6694,0, GS8V,N,1,"5,1","0,01686","0,09",0,0,"0,09",0,M,349
12,11,202603,202603,SPOX_0999,0,2NENI,D,13905,"26820,4","0,00787","211,09","7,98",0,"219,07",0,F,355
12,11,202603,202603,ULAX_1204,0,1NENI,N,1,"0,5","0,00787",0,0,0,0,0,F,931
12,11,202603,202603,ULAX_1204,0,4NENL,R,51,"173,2","0,00423","0,75","0,02",0,"0,77",0,F,298
12,11,202603,202603,SPO_14678,0,2GS8I,D,1,"9,1","0,00787","0,07",0,0,"0,07",0,F,143
12,11,202603,202602,ULAX_1204,0,4NENL,N,4,"4,1","0,00602","0,02",0,0,"0,02",0,F,247
12,11,202603,202603,SPOX_0999,0,4NENL,N,7,"10,8","0,00608","0,06",0,0,"0,06",0,F,969
12,11,202603,202603,ULAX_0432,0, NENV,R,5,"30,4","0,01049","0,33","0,01",0,"0,34",0,M,430
12,11,202603,202603,ULAX_1204,0,4NENL,N,3,"2,8","0,00605","0,01",0,0,"0,01",0,F,8
12,11,202603,202603,SPO_11402,0,4NENL,N,31,"28,7","0,0061","0,17",0,0,"0,17",0,F,766
12,11,202603,202603,SPOX_0999,0,2NENI,S,2,"1,8","0,00787","0,01",0,0,"0,01",0,F,285
12,11,202603,202603,SPOX_0999,0,1NENI,D,40,"48,4","0,00787","0,35","0,01",0,"0,36",0,F,232
12,11,202603,202603,ULAX_0432,0,2NENI,R,1,"0,5","0,00787",0,0,0,0,0,F,852
12,11,202603,202603,ULAX_1204,0,2NENI,N,3,"4,8","0,00787","0,03",0,0,"0,03",0,F,968
12,11,202603,202603,SPO_10617,0,2NENI,S,1,"3,2","0,00787","0,03",0,0,"0,03",0,F,638
12,11,202603,202603,SPOX_0999,0,2NENI,N,1,"0,5","0,00787",0,0,0,0,0,F,803
12,11,202603,202603,SPOX_0347,0,2NENI,R,97,"159,2","0,00787","1,26","0,04",0,"1,3",0,F,143
12,11,202603,202603,ULAX_1204,0,2NENI,N,17,"20,3","0,00787","0,13",0,0,"0,13",0,F,95
12,11,202603,202603,ULAX_4721,0,MNENI,S,1,"0,5","0,0076",0,0,0,0,0,M,34
12,11,202603,202602,ULAX_1204,0,2NENI,D,1,"0,5","0,0078",0,0,0,0,0,F,221
12,11,202603,202603,SPOX_6698,0,2NENI,R,1,"0,6","0,00787",0,0,0,0,0,F,948
12,11,202603,202603,SPOX_0999,0,2NENI,D,1,"18,6","0,00787","0,15",0,0,"0,15",0,F,619
12,11,202603,202603,ULAX_1204,0,2NENI,D,114,"107,2","0,00787","0,84","0,03",0,"0,87",0,F,61
12,11,202603,202603,ULAX_1204,0,4NENL,R,8,"81,8","0,00425","0,34","0,01",0,"0,35",0,F,182
12,11,202603,202603,SPO_14679,0,2GS8I,N,3,"6,3","0,00787","0,05",0,0,"0,05",0,F,143
12,11,202603,202602,ULAX_1204,0,4NENL,N,2,"4,3","0,00608","0,03",0,0,"0,03",0,F,251
12,11,202603,202603,SPOX_0999,0,4NENL,R,3,"13,7","0,00423","0,06",0,0,"0,06",0,F,202
12,11,202603,202603,ULAX_0432,0, NENV,R,10,"6,4","0,0118","0,1",0,0,"0,1",0,M,A61
12,11,202603,202603,ULAX_1204,0,4NENL,N,126,"208,9","0,00605","1,28","0,04",0,"1,32",0,F,202
12,11,202603,202603,SPO_11405,0,1NENI,R,20,"57,4","0,00787","0,45","0,01",0,"0,46",0,F,143
12,11,202603,202603,SPOX_0999,0,2NENI,S,3,"5,7","0,00787","0,04",0,0,"0,04",0,F,470
12,11,202603,202603,SPOX_0999,0,2GS8I,D,324,"1705,7","0,00787","13,42","0,5",0,"13,92",0,F,317
12,11,202603,202603,ULAX_0432,0,4NENL,N,7,"6,2","0,00605","0,03",0,0,"0,03",0,F,780
12,11,202603,202603,ULAX_1204,0,2NENI,R,328,"1674,8","0,00787","13,17","0,49",0,"13,66",0,F,42
12,11,202603,202603,SPO_10802,0,2NENI,N,1,"4,3","0,00787","0,03",0,0,"0,03",0,F,71
12,11,202603,202603,SPOX_0999,0,2NENI,N,206,"261,1","0,00787","2,02","0,07",0,"2,09",0,F,931
12,11,202603,202603,SPOX_0348,0,2NENI,R,93,"157,5","0,00787","1,23","0,04",0,"1,27",0,F,143
12,11,202603,202603,ULAX_1204,0,2NENI,N,9,"5,7","0,00787","0,04",0,0,"0,04",0,F,223
12,11,202603,202603,ULAX_4726,0,2GS8I,D,1286,10702,"0,00787","84,22","3,19",0,"87,41",0,F,355
12,11,202603,202602,ULAX_1204,0,2NENI,D,1,"0,5","0,00787",0,0,0,0,0,F,261
12,11,202603,202603,SPOX_6716,0,2NENI,N,3,"3,3","0,00787","0,02",0,0,"0,02",0,F,917
12,11,202603,202603,SPOX_0999,0,2NENI,D,1,"0,5","0,00787",0,0,0,0,0,F,764
12,11,202603,202603,ULAX_1204,0,2NENI,D,37,"28,3","0,00787","0,22",0,0,"0,22",0,F,98
12,11,202603,202603,ULAX_1204,0,4NENL,R,27,"85,4","0,00425","0,36","0,01",0,"0,37",0,F,541
12,11,202603,202603,SPO_14681,0,1NENI,D,4,"21,3","0,00787","0,17",0,0,"0,17",0,F,212
12,11,202603,202602,ULAX_4721,0, NENV,N,1,"0,5","0,01499","0,01",0,0,"0,01",0,M,34
12,11,202603,202603,SPOX_0999,0,4NENL,R,33,"25,8","0,00423","0,08",0,0,"0,08",0,F,292
12,11,202603,202603,ULAX_1158,0,2GS8I,D,2,28,"0,00787","0,22",0,0,"0,22",0,F,674
12,11,202603,202603,ULAX_1204,0,4NENL,N,5943,5721,"0,00605","34,61","1,31",0,"35,92",0,F,281
12,11,202603,202603,SPO_11405,0,2NENI,R,4120,"12284,2","0,00787","96,69","3,66",0,"100,35",0,F,143
12,11,202603,202603,SPOX_0999,0,4NENL,N,678,"1761,6","0,00605","10,67","0,4",0,"11,07",0,F,27
12,11,202603,202603,SPOX_0999,0,2GS8I,S,1,"8,3","0,00787","0,07",0,0,"0,07",0,F,317
12,11,202603,202603,ULAX_0432,0,4NENL,N,1,"0,5","0,00608",0,0,0,0,0,F,262
12,11,202603,202603,ULAX_1204,0,2NENI,R,1,"0,5","0,00787",0,0,0,0,0,F,206
12,11,202603,202603,SPO_10810,0,2GS8I,N,3,"14,7","0,00787","0,12",0,0,"0,12",0,F,143
12,11,202603,202603,SPOX_0999,0,2NENI,N,21,"12,1","0,00787","0,07",0,0,"0,07",0,F,981
12,11,202603,202603,SPOX_0545,0,2NENI,N,10,"5,9","0,00787","0,03",0,0,"0,03",0,F,351
12,11,202603,202603,ULAX_1204,0,2NENI,N,962,"935,4","0,00787","7,34","0,27",0,"7,61",0,F,267
12,11,202603,202603,ULAX_4728,0,MNENI,D,3322,2466,"0,0076","18,75","0,7",0,"19,45",0,M,34
12,11,202603,202603,SPOX_9684,0,2GS8I,D,169,"988,8","0,00787","7,78","0,29",0,"8,07",0,F,317
12,11,202603,202603,SPOX_0999,0,2NENI,D,3,"1,5","0,00787",0,0,0,0,0,F,913
12,11,202603,202602,SPOX_0347,0,1NENI,N,2,"5,5","0,0078","0,04",0,0,"0,04",0,F,143
12,11,202603,202603,ULAX_1204,0,2NENI,D,24618,"46937,6","0,00787","369,39","13,98",0,"383,37",0,F,221
12,11,202603,202603,ULAX_1204,0,4NENL,R,68,101,"0,00441","0,45","0,01",0,"0,46",0,F,219
12,11,202603,202603,SPO_14681,0,2GS8I,R,1,"0,5","0,00787",0,0,0,0,0,F,431
12,11,202603,202603,SPOX_0046,0,2IENI,D,2,1,"0,00787","0,01",0,0,"0,01",0,F,225
12,11,202603,202603,SPOX_0999,0,4NENL,R,5,"9,3","0,00425","0,04",0,0,"0,04",0,F,47
12,11,202603,202603,ULAX_1201,0,2NENI,D,980,"870,2","0,00787","6,86","0,25",0,"7,11",0,F,757
12,11,202603,202603,ULAX_1204,0,4NENL,N,7,"4,5","0,00605","0,03",0,0,"0,03",0,F,655
12,11,202603,202603,SPO_11464,0,2NENI,N,1,1,"0,00787","0,01",0,0,"0,01",0,F,621
12,11,202603,202603,SPOX_0999,0,4NENL,N,15,"11,6","0,00605","0,08",0,0,"0,08",0,F,208
12,11,202603,202603,SPOX_0999,0,2NENI,D,299,"416,9","0,00787","3,24","0,12",0,"3,36",0,F,67
12,11,202603,202603,ULAX_0432,0,4NENL,R,1,"0,5","0,00423",0,0,0,0,0,F,931
12,11,202603,202603,ULAX_1204,0,2NENI,R,91,"138,1","0,00787","1,09","0,04",0,"1,13",0,F,265
12,11,202603,202603,SPO_11144,0, NENV,N,126,"78,4","0,01499","1,15","0,04",0,"1,19",0,M,34
12,11,202603,202603,SPOX_0999,0,2NENI,R,108,"436,3","0,00787","3,41","0,13",0,"3,54",0,F,62
12,11,202603,202603,SPOX_0551,0,MNENI,D,61,"34,1","0,0076","0,26",0,0,"0,26",0,M,34
12,11,202603,202603,ULAX_4728,0, NENV,N,2,1,"0,01499","0,02",0,0,"0,02",0,M,B99
12,11,202603,202603,SPOX_9684,0,2GS8I,S,6,"5,6","0,00787","0,04",0,0,"0,04",0,F,363
12,11,202603,202603,SPOX_0999,0,2NENI,D,14,"14,9","0,00787","0,11",0,0,"0,11",0,F,968
12,11,202603,202602,SPOX_0999,0,2NENI,D,1,"35,6","0,0078","0,28","0,01",0,"0,29",0,F,227
12,11,202603,202603,ULAX_1204,0,MGS8I,R,15,"73,7","0,00787","0,57","0,02",0,"0,59",0,M,325
12,11,202603,202603,SPO_14681,0,2NENI,S,15,"12,4","0,00787","0,09",0,0,"0,09",0,F,143
12,11,202603,202603,SPOX_0046,0,2NENI,S,2,1,"0,00787","0,01",0,0,"0,01",0,F,225
12,11,202603,202603,SPOX_0999,0,4NENL,R,106,"149,1","0,00425","0,6","0,02",0,"0,62",0,F,265
12,11,202603,202603,ULAX_1201,0,2NENI,R,5,"4,2","0,00787","0,02",0,0,"0,02",0,F,361
12,11,202603,202603,ULAX_1204,0,4NENL,N,983,"1093,6","0,00605","6,61","0,25",0,"6,86",0,F,931
12,11,202603,202603,SPO_12222,0,2NENI,D,41,"42,9","0,00787","0,33","0,01",0,"0,34",0,F,361
12,11,202603,202603,SPOX_0999,0,4NENL,N,1619,"1492,8","0,00605","9,03","0,34",0,"9,37",0,F,283
12,11,202603,202603,SPOX_0999,0,2NENI,D,107,"120,6","0,00787","0,96","0,03",0,"0,99",0,F,202
12,11,202603,202603,ULAX_0432,0,MNENI,D,1,"0,7","0,00787","0,01",0,0,"0,01",0,M,68
12,11,202603,202603,ULAX_1204,0,2NENI,R,6,"11,6","0,00787","0,08",0,0,"0,08",0,F,316
12,11,202603,202603,SPO_11182,0,2NENI,R,87,"487,9","0,00787","3,84","0,14",0,"3,98",0,F,431
12,11,202603,202603,SPOX_0999,0,2NENI,R,7,"3,9","0,00787","0,03",0,0,"0,03",0,F,224
12,11,202603,202603,SPOX_0777,0,2GS8I,R,5,"27,8","0,00787","0,23",0,0,"0,23",0,F,351
12,11,202603,202603,ULAX_4760,0,4NENL,R,1,"0,5","0,00423",0,0,0,0,0,F,767
12,11,202603,202603,ULAX_1204,0,2NENI,D,1529,"1658,2","0,00787","13,03","0,49",0,"13,52",0,F,282
12,11,202603,202603,SPO_10151,0,1NSEI,D,4,"28,8","0,00787","0,22",0,0,"0,22",0,F,143
12,11,202603,202603,SPOX_0999,0,2NENI,N,4780,"30255,9","0,00787","238,11","9,01",0,"247,12",0,F,31
12,11,202603,202602,SPOX_0999,0,2NENI,D,1,"0,5","0,0078",0,0,0,0,0,F,951
12,11,202603,202603,ULAX_1204,0,MNENI,R,1,"0,5","0,00787",0,0,0,0,0,M,50
12,11,202603,202603,ULAX_1201,0,4NENL,N,126,"118,3","0,00608","0,73","0,02",0,"0,75",0,F,121
12,11,202603,202603,SPOX_0083,0,1NENI,N,1,"0,5","0,00787",0,0,0,0,0,F,11
12,11,202603,202603,SPOX_0999,0,4NENL,R,29,125,"0,00425","0,53","0,02",0,"0,55",0,F,951
12,11,202603,202603,ULAX_1204,0,4NENL,N,295,"245,3","0,00608","1,49","0,05",0,"1,54",0,F,47
12,11,202603,202603,ULAX_0432,0,MNENI,D,8,"9,2","0,00787","0,05",0,0,"0,05",0,M,B99
12,11,202603,202603,SPOX_0999,0,4NENL,N,6,4,"0,00605","0,01",0,0,"0,01",0,F,655
12,11,202603,202603,SPOX_0999,0,2NENI,D,21384,"45068,7","0,00787","354,72","13,42",0,"368,14",0,F,232
12,11,202603,202603,ULAX_1204,0,2NENI,R,25,"82,3","0,00787","0,63","0,02",0,"0,65",0,F,541
12,11,202603,202603,SPO_14681,0,MGS8I,R,0,14,"0,00787","0,11",0,0,"0,11",0,M,325
12,11,202603,202603,SPO_11230,0,MNENI,N,12,6,"0,0076","0,03",0,0,"0,03",0,M,34
12,11,202603,202603,SPOX_0999,0,2NENI,R,118,203,"0,00787","1,62","0,06",0,"1,68",0,F,281
12,11,202603,202603,SPOX_0823,0,2NENI,D,1,"0,5","0,00787",0,0,0,0,0,F,804
12,11,202603,202603,ULAX_1204,0,2NENI,D,3102,"4729,2","0,00787","37,21","1,4",0,"38,61",0,F,351
12,11,202603,202603,SPO_10152,0,2NENI,D,11,21,"0,00787","0,16",0,0,"0,16",0,F,766
12,11,202603,202603,SPOX_0999,0,2NENI,N,331,"477,2","0,00787","3,78","0,14",0,"3,92",0,F,85
12,11,202603,202602,SPOX_0999,0,2NENI,N,1,"8,3","0,0078","0,06",0,0,"0,06",0,F,31
12,11,202603,202603,ULAX_1201,0,MNENI,D,248,"219,8","0,00787","1,74","0,06",0,"1,8",0,M,18
12,11,202603,202603,SPOX_0083,0,2GS8I,R,28,"97,3","0,00787","0,76","0,02",0,"0,78",0,F,143
12,11,202603,202603,SPOX_0999,0,MNENI,N,6,"3,3","0,0076","0,02",0,0,"0,02",0,M,34
12,11,202603,202603,SPO_14657,0,2NENI,D,8,4,"0,00787","0,01",0,0,"0,01",0,F,689
12,11,202603,202603,ULAX_1204,0,4NENL,N,1,"0,5","0,00608",0,0,0,0,0,F,236
12,11,202603,202603,ULAX_0432,0,MNENI,N,11,"5,5","0,00787","0,04",0,0,"0,04",0,M,490
12,11,202603,202603,SPOX_0999,0,4NENL,N,955,"1087,9","0,00605","6,56","0,25",0,"6,81",0,F,931
12,11,202603,202603,SPOX_0999,0,2NENI,D,4838,"6909,9","0,00787","54,39","2,05",0,"56,44",0,F,261
12,11,202603,202603,SPO_11232,0,2NENI,R,5,"13,8","0,00787","0,11",0,0,"0,11",0,F,317
12,11,202603,202603,ULAX_1204,0,2NENI,R,15,"44,5","0,00787","0,34","0,01",0,"0,35",0,F,921
12,11,202603,202603,ULAX_0432,0,2NENI,D,13,"15,7","0,00787","0,1",0,0,"0,1",0,F,31
12,11,202603,202603,SPOX_0999,0,2NENI,R,661,"2482,3","0,00787","19,55","0,73",0,"20,28",0,F,355
12,11,202603,202603,SPOX_0970,0,1NENI,N,1966,"3146,5","0,00787","24,77","0,93",0,"25,7",0,F,143
12,11,202603,202603,SPO_10152,0,4NENL,N,21,"32,2","0,0061","0,2",0,0,"0,2",0,F,766
12,11,202603,202603,ULAX_1204,0,2NENI,D,6,"3,6","0,00787","0,02",0,0,"0,02",0,F,655
12,11,202603,202603,ULAX_4006,0,2NENI,R,45,"86,9","0,00787","0,68","0,02",0,"0,7",0,F,674
12,11,202603,202603,SPOX_0999,0,2NENI,N,5,"12,8","0,00787","0,09",0,0,"0,09",0,F,209
12,11,202603,202602,SPOX_0999,0,2NENI,N,1,"0,6","0,00787",0,0,0,0,0,F,706
12,11,202603,202603,ULAX_4763,0,1NSEI,S,1,6,"0,00787","0,05",0,0,"0,05",0,F,35
12,11,202603,202603,SPOX_1158,0,2GS8I,N,2,"2,2","0,00787","0,02",0,0,"0,02",0,F,143
12,11,202603,202603,ULAX_1201,0,MNENI,N,1,"0,5","0,00787",0,0,0,0,0,M,30
12,11,202603,202603,SPOX_0083,0,2NENI,N,4,"23,5","0,00787","0,19",0,0,"0,19",0,F,203
12,11,202603,202603,SPOX_0999,0, NENV,N,4,2,"0,01686","0,04",0,0,"0,04",0,M,A61
12,11,202603,202603,ULAX_1204,0,4NENL,N,3730,"3814,5","0,00608","23,22","0,87",0,"24,09",0,F,267
12,11,202603,202603,SPO_14657,0,MNENI,N,186,"149,5","0,0076","1,14","0,04",0,"1,18",0,M,325
12,11,202603,202603,ULAX_0432,0,MNENI,R,15,"8,6","0,00787","0,05",0,0,"0,05",0,M,69
12,11,202603,202603,SPOX_0999,0,4NENL,N,291,"250,4","0,00608","1,53","0,05",0,"1,58",0,F,47
12,11,202603,202603,ULAX_1204,0,2NENI,S,26,35,"0,00787","0,26","0,01",0,"0,27",0,F,42
12,11,202603,202603,SPO_11362,0,2NENI,S,1,"0,5","0,00787",0,0,0,0,0,F,361
12,11,202603,202603,ULAX_0432,0,2NENI,D,108,"117,7","0,00787","0,93","0,03",0,"0,96",0,F,361
12,11,202603,202603,SPOX_0999,0,2NENI,R,37,"100,4","0,00787","0,78","0,02",0,"0,8",0,F,705
12,11,202603,202603,SPOX_0970,0,2GS8I,N,1,"1,1","0,00787","0,01",0,0,"0,01",0,F,363
12,11,202603,202603,ULAX_1204,0,2NENI,N,179,"115,9","0,00787","0,92","0,03",0,"0,95",0,F,293
12,11,202603,202603,SPO_10156,0,2NEAI,D,1,"0,7","0,00787","0,01",0,0,"0,01",0,F,143
12,11,202603,202603,ULAX_1204,0,2NENI,D,6,3,"0,00787","0,01",0,0,"0,01",0,F,803
12,11,202603,202603,ULAX_4039,0,2NENI,D,3,"1,6","0,00787",0,0,0,0,0,F,805
12,11,202603,202603,SPOX_0999,0,2NENI,N,36,"32,3","0,00787","0,23",0,0,"0,23",0,F,248
12,11,202603,202602,SPOX_0999,0,4NENL,N,1,"0,5","0,00602",0,0,0,0,0,F,951
12,11,202603,202603,ULAX_5040,0,MNENI,D,2,1,"0,00787","0,01",0,0,"0,01",0,M,66
12,11,202603,202603,SPOX_4927,0,2GS8I,R,2,"6,3","0,00787","0,05",0,0,"0,05",0,F,351
12,11,202603,202603,ULAX_1201,0,MNENI,R,267,"245,1","0,00787","1,92","0,07",0,"1,99",0,M,451
12,11,202603,202603,SPOX_0083,0,4NENL,N,49,"70,4","0,0061","0,44","0,01",0,"0,45",0,F,766
12,11,202603,202603,SPOX_1158,0,2GS8I,D,1,"2,1","0,00787","0,02",0,0,"0,02",0,F,431
12,11,202603,202603,ULAX_1204,0,4NENL,N,22,"16,8","0,00608","0,09",0,0,"0,09",0,F,804
12,11,202603,202603,SPO_14667,0,2GS8I,D,89,"661,8","0,00787","5,22","0,19",0,"5,41",0,F,143
12,11,202603,202603,ULAX_0432,0,MNENI,R,2,1,"0,00787",0,0,0,0,0,M,B99
12,11,202603,202603,ULAX_5040,0, NENV,N,941,"3402,8","0,01686","57,38","2,17",0,"59,55",0,M,349
12,11,202603,202603,SPOX_6685,0,2NENI,D,3385,"6087,2","0,00787","47,88","1,81",0,"49,69",0,F,143
12,11,202603,202603,ULAX_1201,0,MNENI,S,92,"69,5","0,00787","0,54","0,02",0,"0,56",0,M,451
12,11,202603,202603,ULAX_1204,0,4NENL,N,311,"287,7","0,00608","1,77","0,06",0,"1,83",0,F,948
12,11,202603,202603,SPO_14667,0,2IENI,R,8,"39,2","0,00787","0,3","0,01",0,"0,31",0,F,143
12,11,202603,202603,ULAX_0432,0,MNENI,S,2,1,"0,00787","0,01",0,0,"0,01",0,M,490
12,11,202603,202603,ULAX_1204,0,2NENI,S,9,"21,1","0,00787","0,17",0,0,"0,17",0,F,267
12,11,202603,202603,SPO_11370,0,2NENI,R,8,"6,9","0,00787","0,05",0,0,"0,05",0,F,361
12,11,202603,202603,SPOX_0970,0,2NENI,N,7,"41,6","0,00787","0,31","0,01",0,"0,32",0,F,203
12,11,202603,202603,ULAX_0432,0,2NENI,D,1545,"1598,7","0,00787","12,57","0,47",0,"13,04",0,F,977
12,11,202603,202603,SPOX_0999,0,2NENI,R,1,"0,5","0,00787",0,0,0,0,0,F,983
12,11,202603,202603,ULAX_1204,0,2NENI,N,1,"0,9","0,00787","0,01",0,0,"0,01",0,F,655
12,11,202603,202603,SPO_10402,0, NENV,R,1,"38,7","0,01245","0,48","0,01",0,"0,49",0,M,325
12,11,202603,202603,SPOX_0251,0,2NENI,D,0,"6,2","0,00787","0,05",0,0,"0,05",0,F,2
12,11,202603,202603,ULAX_1204,0,2NENI,D,122,"106,6","0,00787","0,83","0,03",0,"0,86",0,F,960
12,11,202603,202603,ULAX_4202,0,2GS8I,D,678,"4728,6","0,00787","37,2","1,4",0,"38,6",0,F,674
12,11,202603,202603,SPOX_0999,0,2NENI,N,127,"189,7","0,00787","1,47","0,05",0,"1,52",0,F,316
12,11,202603,202602,SPO_10066,0,2NENI,R,2,"2,8","0,00787","0,02",0,0,"0,02",0,F,363
12,11,202603,202603,SPOX_6685,0,4NENL,N,3,"1,5","0,0061","0,01",0,0,"0,01",0,F,203
12,11,202603,202603,ULAX_1201,0, NENV,N,3,"1,5","0,01686","0,03",0,0,"0,03",0,M,6
12,11,202603,202603,ULAX_1204,0,4NENL,R,42,"81,8","0,00423","0,34","0,01",0,"0,35",0,F,21
12,11,202603,202603,SPO_14667,0,2NSNI,R,1,"0,7","0,00787","0,01",0,0,"0,01",0,F,143
12,11,202603,202602,ULAX_1204,0,2NENI,D,1,"0,5","0,00787",0,0,0,0,0,F,804
12,11,202603,202603,SPOX_0999,0,4NENL,N,6,3,"0,00608","0,02",0,0,"0,02",0,F,707
12,11,202603,202603,ULAX_0432,0, NENV,N,22,11,"0,01499","0,16",0,0,"0,16",0,M,490
12,11,202603,202603,ULAX_1204,0,2NENI,S,84,282,"0,00787","2,24","0,08",0,"2,32",0,F,355
12,11,202603,202603,SPO_11402,0,2IENI,D,2,"1,5","0,00787","0,01",0,0,"0,01",0,F,11
12,11,202603,202603,SPOX_0999,0,2NENI,S,28,"25,3","0,00787","0,16",0,0,"0,16",0,F,85
12,11,202603,202603,SPOX_0970,0,4NENL,N,31,"73,1","0,0061","0,45","0,01",0,"0,46",0,F,638
12,11,202603,202603,ULAX_0432,0,2NENI,N,29,"15,8","0,00787","0,11",0,0,"0,11",0,F,607
12,11,202603,202603,ULAX_1204,0,2NENI,N,2,"5,2","0,00787","0,04",0,0,"0,04",0,F,806
12,11,202603,202603,SPO_10416,0, NENV,R,3,"3,3","0,01245","0,04",0,0,"0,04",0,M,325
12,11,202603,202603,SPOX_0999,0,2NENI,N,150,"164,8","0,00787","1,28","0,04",0,"1,32",0,F,364
12,11,202603,202603,SPOX_0326,0,2NENI,N,5,"34,3","0,00787","0,26","0,01",0,"0,27",0,F,203
12,11,202603,202603,ULAX_1204,0,2NENI,D,55,"32,3","0,00787","0,25",0,0,"0,25",0,F,992
12,11,202603,202603,ULAX_4202,0,MNENI,R,2,1,"0,0076","0,01",0,0,"0,01",0,M,348
12,11,202603,202602,SPO_14657,0,4NENL,N,1,"2,4","0,00604","0,01",0,0,"0,01",0,F,638
12,11,202603,202603,SPOX_6694,0,2NENI,D,1186,"2238,9","0,00787","17,58","0,66",0,"18,24",0,F,143
12,11,202603,202603,SPOX_0999,0,2NENI,D,1249,"1228,2","0,00787","9,65","0,36",0,"10,01",0,F,294
12,11,202603,202603,ULAX_1204,0,1NENI,D,1,"2,3","0,00787","0,02",0,0,"0,02",0,F,221
12,11,202603,202603,ULAX_1204,0,4NENL,R,113,"237,6","0,00423","1,03","0,03",0,"1,06",0,F,281
12,11,202603,202603,SPO_14667,0, NENV,N,1,"0,5","0,01779","0,01",0,0,"0,01",0,M,411
12,11,202603,202602,ULAX_1204,0,2NENI,R,1,"8,6","0,0078","0,07",0,0,"0,07",0,F,271
12,11,202603,202603,SPOX_0999,0,4NENL,N,729,"1356,9","0,00608","8,26","0,31",0,"8,57",0,F,941
12,11,202603,202603,ULAX_0432,0, NENV,N,1,"0,7","0,01686","0,01",0,0,"0,01",0,M,68
12,11,202603,202603,ULAX_1204,0,2NENI,S,5,"9,4","0,00787","0,08",0,0,"0,08",0,F,767
12,11,202603,202603,SPO_11402,0,2NENI,R,180,233,"0,00787","1,82","0,06",0,"1,88",0,F,143
12,11,202603,202603,SPOX_0999,0,2NENI,S,26,"166,9","0,00787","1,3","0,04",0,"1,34",0,F,262
12,11,202603,202603,SPOX_0970,0,MNSNI,R,13,"6,5","0,00787","0,04",0,0,"0,04",0,M,325
12,11,202603,202603,ULAX_0432,0,2NENI,N,1,"0,5","0,00787",0,0,0,0,0,F,967
12,11,202603,202603,ULAX_1204,0,2NENI,N,186,"378,3","0,00787","2,99","0,11",0,"3,1",0,F,941
12,11,202603,202603,SPO_10617,0,2NENI,D,1470,"3116,4","0,00787","24,53","0,92",0,"25,45",0,F,143
12,11,202603,202603,SPOX_0999,0,2NENI,N,1,"0,5","0,00787",0,0,0,0,0,F,707
12,11,202603,202603,SPOX_0347,0,2GS8I,N,46,"211,2","0,00787","1,65","0,06",0,"1,71",0,F,143
12,11,202603,202603,ULAX_1204,0,2NENI,N,264,366,"0,00787","2,88","0,1",0,"2,98",0,F,81
12,11,202603,202603,ULAX_4721,0,MNENI,D,260,175,"0,00787","1,39","0,05",0,"1,44",0,M,430
12,11,202603,202602,ULAX_1201,0,MNENI,N,1,"0,5","0,00787",0,0,0,0,0,M,29
12,11,202603,202603,SPOX_6694,0,MNENI,D,2,1,"0,00787",0,0,0,0,0,M,10
12,11,202603,202603,SPOX_0999,0,2NENI,D,1,"0,5","0,00787",0,0,0,0,0,F,428
12,11,202603,202603,ULAX_1204,0,2NENI,D,3,"2,8","0,00787","0,01",0,0,"0,01",0,F,8
12,11,202603,202603,ULAX_1204,0,4NENL,R,1,"1,3","0,00423","0,01",0,0,"0,01",0,F,981
12,11,202603,202603,SPO_14678,0,2GS8I,R,1,"0,8","0,00787","0,01",0,0,"0,01",0,F,351
12,11,202603,202602,ULAX_1204,0,4NENL,N,2,"5,2","0,00605","0,03",0,0,"0,03",0,F,31
12,11,202603,202603,SPOX_0999,0,4NENL,N,55,"36,7","0,00631","0,24",0,0,"0,24",0,F,934
12,11,202603,202603,ULAX_0432,0, NENV,R,1,"0,9","0,01049","0,01",0,0,"0,01",0,M,499
12,11,202603,202603,ULAX_1204,0,4NENL,N,27,"28,1","0,00605","0,16",0,0,"0,16",0,F,82
12,11,202603,202603,SPO_11404,0,1NSNI,D,11,"5,5","0,00787","0,04",0,0,"0,04",0,F,143
12,11,202603,202603,SPOX_0999,0,2NENI,S,17,"17,1","0,00787","0,12",0,0,"0,12",0,F,317
12,11,202603,202603,SPOX_0999,0,1NENI,N,12,"9,7","0,00787","0,05",0,0,"0,05",0,F,232
12,11,202603,202603,ULAX_0432,0,2NENI,S,1,"0,5","0,00787",0,0,0,0,0,F,977
12,11,202603,202603,ULAX_1204,0,2NENI,N,5,4,"0,00787","0,02",0,0,"0,02",0,F,984
12,11,202603,202603,SPO_10619,0,MNENI,D,60,"33,2","0,0076","0,24",0,0,"0,24",0,M,325
12,11,202603,202603,SPOX_0999,0,2NENI,N,1,"0,5","0,00787",0,0,0,0,0,F,822
12,11,202603,202603,SPOX_0348,0,1NENI,N,1,"0,7","0,00787","0,01",0,0,"0,01",0,F,638
12,11,202603,202603,ULAX_1204,0,2NENI,N,2,"1,3","0,00787","0,01",0,0,"0,01",0,F,206
12,11,202603,202603,ULAX_4721,0, NENV,R,2,"13,8","0,01049","0,14",0,0,"0,14",0,M,430
12,11,202603,202602,ULAX_1204,0,2NENI,D,2,"2,4","0,0078","0,02",0,0,"0,02",0,F,355
12,11,202603,202603,SPOX_6716,0,2GS8I,D,634,"3966,7","0,00787","31,24","1,18",0,"32,42",0,F,363
12,11,202603,202603,SPOX_0999,0,2NENI,D,1,"3,2","0,00787","0,03",0,0,"0,03",0,F,704
12,11,202603,202603,ULAX_1204,0,2NENI,D,16,"8,4","0,00787","0,05",0,0,"0,05",0,F,82
12,11,202603,202603,ULAX_1204,0,4NENL,R,428,"1539,2","0,00425","6,52","0,24",0,"6,76",0,F,251
12,11,202603,202603,SPO_14679,0,2GS8I,R,3,"2,5","0,00787","0,02",0,0,"0,02",0,F,351
12,11,202603,202602,ULAX_1204,0, GS8V,N,4,7,"0,01499","0,11",0,0,"0,11",0,M,34
12,11,202603,202603,SPOX_0999,0,4NENL,R,229,"650,4","0,00423","2,76","0,1",0,"2,86",0,F,271
12,11,202603,202603,ULAX_1008,0,2NENI,R,43,"80,6","0,00787","0,63","0,02",0,"0,65",0,F,661
12,11,202603,202603,ULAX_1204,0,4NENL,N,34568,"68774,1","0,00605","416,09","15,76",0,"431,85",0,F,221
12,11,202603,202603,SPO_11405,0,2GS8I,R,56,"48,7","0,00787","0,34","0,01",0,"0,35",0,F,143
12,11,202603,202603,SPOX_0999,0,2NENI,S,16,"25,1","0,00787","0,18",0,0,"0,18",0,F,757
12,11,202603,202603,SPOX_0999,0,2GS8I,N,1,"1,6","0,00787","0,01",0,0,"0,01",0,F,319
12,11,202603,202603,ULAX_0432,0,4NENL,N,1,"0,5","0,00608",0,0,0,0,0,F,61
12,11,202603,202603,ULAX_1204,0,2NENI,R,4,"7,9","0,00787","0,07",0,0,"0,07",0,F,81
12,11,202603,202603,SPO_10808,0, NENV,N,146,"195,3","0,01779","3,45","0,13",0,"3,58",0,M,325
12,11,202603,202603,SPOX_0999,0,2NENI,N,70,"58,1","0,00787","0,48","0,01",0,"0,49",0,F,961
12,11,202603,202603,SPOX_0543,0,2NENI,S,8,"14,8","0,00787","0,11",0,0,"0,11",0,F,351
12,11,202603,202603,ULAX_1204,0,2NENI,N,291,"356,1","0,00787","2,82","0,1",0,"2,92",0,F,242
12,11,202603,202603,ULAX_4726,0,2NENI,R,25,"65,3","0,00787","0,51","0,01",0,"0,52",0,F,355
12,11,202603,202603,SPOX_7137,0,2NENI,D,5,"8,6","0,00787","0,06",0,0,"0,06",0,F,319
12,11,202603,202603,SPOX_0999,0,2NENI,D,2,"1,5","0,00787","0,01",0,0,"0,01",0,F,805
12,11,202603,202603,ULAX_1204,0,2NENI,D,13,"13,2","0,00787","0,09",0,0,"0,09",0,F,206
12,11,202603,202603,ULAX_1204,0,4NENL,R,31,"42,2","0,00425","0,18",0,0,"0,18",0,F,842
12,11,202603,202603,SPO_14681,0,1NSEI,D,3,"41,4","0,00787","0,33","0,01",0,"0,34",0,F,143
12,11,202603,202603,SPOX_0046,0,1NENI,N,1,"0,5","0,00787",0,0,0,0,0,F,225
12,11,202603,202603,SPOX_0999,0,4NENL,R,2,"1,2","0,00423",0,0,0,0,0,F,925
12,11,202603,202603,ULAX_1201,0,2GS8I,N,1,14,"0,00787","0,11",0,0,"0,11",0,F,355
12,11,202603,202603,ULAX_1204,0,4NENL,N,3648,"4010,5","0,00605","24,25","0,92",0,"25,17",0,F,292
12,11,202603,202603,SPO_11460,0,2NENI,N,204,"524,5","0,00787","4,11","0,15",0,"4,26",0,F,351
12,11,202603,202603,SPOX_0999,0,4NENL,N,174,"182,6","0,00605","1,1","0,04",0,"1,14",0,F,84
12,11,202603,202603,SPOX_0999,0,2NENI,D,7175,"39826,2","0,00787","313,44","11,87",0,"325,31",0,F,31
12,11,202603,202603,ULAX_0432,0,4NENL,N,77,"45,6","0,00608","0,28","0,01",0,"0,29",0,F,852
12,11,202603,202603,ULAX_1204,0,2NENI,R,52,"368,3","0,00787","2,88","0,1",0,"2,98",0,F,235
12,11,202603,202603,SPO_11142,0,2NENI,D,1,"0,5","0,00787",0,0,0,0,0,F,206
12,11,202603,202603,SPOX_0999,0,2NENI,R,8,"62,6","0,00787","0,48","0,01",0,"0,49",0,F,5
12,11,202603,202603,SPOX_0545,0,MGS8I,R,2,"13,6","0,00787","0,1",0,0,"0,1",0,M,34
12,11,202603,202603,ULAX_1204,0,2NENI,N,889,"841,5","0,00787","6,66","0,25",0,"6,91",0,F,285
12,11,202603,202603,ULAX_4728,0,MNENI,N,170,"130,1","0,00787","1,03","0,03",0,"1,06",0,M,430
12,11,202603,202603,SPOX_9684,0,2GS8I,N,39,"254,1","0,00787",2,"0,07",0,"2,07",0,F,351
12,11,202603,202603,SPOX_0999,0,2NENI,D,41,"29,3","0,00787","0,26",0,0,"0,26",0,F,934
12,11,202603,202602,SPOX_0348,0,2IENI,N,1,"0,5","0,0078",0,0,0,0,0,F,143
12,11,202603,202603,ULAX_1204,0,2NENI,D,1,"0,5","0,00787",0,0,0,0,0,F,237
12,11,202603,202603,ULAX_1204,0, GS8V,R,10058,"18805,7","0,01049","197,26","7,47",0,"204,73",0,M,34
12,11,202603,202603,SPO_14681,0,2NENI,D,2,"3,6","0,00787","0,02",0,0,"0,02",0,F,203
12,11,202603,202603,SPOX_0046,0,2NENI,D,165,"293,1","0,00787","2,32","0,08",0,"2,4",0,F,225
12,11,202603,202603,SPOX_0999,0,4NENL,R,1,"0,5","0,00425",0,0,0,0,0,F,207
12,11,202603,202603,ULAX_1201,0,2NENI,N,4,2,"0,00787",0,0,0,0,0,F,207
12,11,202603,202603,ULAX_1204,0,4NENL,N,309,232,"0,00605","1,39","0,05",0,"1,44",0,F,809
12,11,202603,202603,SPO_11923,0,2NENI,D,2,"2,5","0,00787","0,02",0,0,"0,02",0,F,317
12,11,202603,202603,SPOX_0999,0,4NENL,N,29517,"65235,3","0,00605","394,69","14,96",0,"409,65",0,F,232
12,11,202603,202603,SPOX_0999,0,2NENI,D,696,"1015,4","0,00787","7,99","0,3",0,"8,29",0,F,85
12,11,202603,202603,ULAX_0432,0,4NENL,R,9,"4,5","0,00425","0,01",0,0,"0,01",0,F,951
12,11,202603,202603,ULAX_1204,0,2NENI,R,9,"13,8","0,00787","0,1",0,0,"0,1",0,F,284
12,11,202603,202603,SPO_11154,0,2NENI,N,1,"0,5","0,00787",0,0,0,0,0,F,431
12,11,202603,202603,SPOX_0999,0,2NENI,R,6,"15,8","0,00787","0,12",0,0,"0,12",0,F,202
12,11,202603,202603,SPOX_0777,0,2GS8I,D,3,"12,6","0,00787","0,1",0,0,"0,1",0,F,351
12,11,202603,202603,ULAX_4760,0,2NENI,N,2,1,"0,00787",0,0,0,0,0,F,31
12,11,202603,202603,ULAX_1204,0,2NENI,D,3,"1,5","0,00787",0,0,0,0,0,F,256
12,11,202603,202603,SPO_10066,0,2NENI,S,1164,"2695,6","0,00787","21,22","0,8",0,"22,02",0,F,363
12,11,202603,202603,SPOX_0999,0,2NENI,D,30,"26,2","0,00787","0,2",0,0,"0,2",0,F,984
12,11,202603,202602,SPOX_0999,0,2NENI,D,1,"0,5","0,0078",0,0,0,0,0,F,271
12,11,202603,202603,ULAX_1204,0,MNENI,D,20,"13,1","0,00787","0,1",0,0,"0,1",0,M,451
12,11,202603,202603,SPO_14681,0,4NENL,N,18,"22,3","0,0061","0,14",0,0,"0,14",0,F,766
12,11,202603,202603,SPOX_0046,0,4NENL,R,44,"121,9","0,00427","0,52","0,01",0,"0,53",0,F,11
12,11,202603,202603,SPOX_0999,0,4NENL,R,98,210,"0,00425","0,88","0,03",0,"0,91",0,F,706
12,11,202603,202603,ULAX_1204,0,4NENL,N,1,"0,5","0,00605",0,0,0,0,0,F,986
12,11,202603,202603,SPO_13918,0,2NENI,N,2,"12,6","0,00787","0,09",0,0,"0,09",0,F,85
12,11,202603,202603,SPOX_0999,0,4NENL,N,221,"238,9","0,00605","1,48","0,05",0,"1,53",0,F,296
12,11,202603,202603,SPOX_0999,0,2NENI,D,17,"10,3","0,00787","0,06",0,0,"0,06",0,F,210
12,11,202603,202603,ULAX_1204,0,2NENI,R,24,40,"0,00787","0,3","0,01",0,"0,31",0,F,357
12,11,202603,202603,SPO_11186,0,2NENI,N,3,6,"0,00787","0,05",0,0,"0,05",0,F,431
12,11,202603,202603,SPOX_0999,0,2NENI,R,338,"1091,4","0,00787","8,57","0,32",0,"8,89",0,F,247
12,11,202603,202603,SPOX_0811,0,MNENI,R,10,"7,7","0,0076","0,06",0,0,"0,06",0,M,34
12,11,202603,202603,ULAX_4763,0,1NSEI,N,82,971,"0,00787","7,65","0,28",0,"7,93",0,F,35
12,11,202603,202603,ULAX_1204,0,2NENI,D,363,"274,4","0,00787","2,17","0,08",0,"2,25",0,F,293
12,11,202603,202603,SPO_10152,0,1NENI,R,5,"19,6","0,00787","0,16",0,0,"0,16",0,F,143
12,11,202603,202603,SPOX_0999,0,2NENI,N,1006,"4745,9","0,00787","37,35","1,41",0,"38,76",0,F,62
12,11,202603,202602,SPOX_0999,0,2NENI,D,1,"0,5","0,00787",0,0,0,0,0,F,267
12,11,202603,202603,ULAX_1204,0, NENV,N,16,"31,3","0,01499","0,47","0,01",0,"0,48",0,M,34
12,11,202603,202603,ULAX_1201,0,4NENL,N,569,"508,7","0,00608","3,09","0,11",0,"3,2",0,F,951
12,11,202603,202603,SPOX_0083,0,1NSEI,N,3,"51,7","0,00787","0,41","0,01",0,"0,42",0,F,143
12,11,202603,202603,SPOX_0999,0,4NENL,R,51,"208,9","0,00441","0,91","0,03",0,"0,94",0,F,235
12,11,202603,202603,SPO_14657,0,1NENI,D,6,"13,4","0,00787","0,09",0,0,"0,09",0,F,638
12,11,202603,202603,ULAX_1204,0,4NENL,N,9,"12,1","0,00608","0,08",0,0,"0,08",0,F,94
12,11,202603,202603,ULAX_0432,0,MNENI,N,9,"17,3","0,00787","0,13",0,0,"0,13",0,M,50
12,11,202603,202603,SPOX_0999,0,4NENL,N,4,"7,5","0,00605","0,04",0,0,"0,04",0,F,808
12,11,202603,202603,SPOX_0999,0,2NENI,D,1012,"1107,7","0,00787","8,7","0,33",0,"9,03",0,F,242
12,11,202603,202603,ULAX_1204,0,2NENI,R,73,171,"0,00787","1,33","0,05",0,"1,38",0,F,706
12,11,202603,202603,SPO_14681,0, NSNV,N,4,"2,2","0,01779","0,04",0,0,"0,04",0,M,325
12,11,202603,202603,SPOX_0999,0,2NENI,R,28,"23,7","0,00787","0,18",0,0,"0,18",0,F,292
12,11,202603,202603,SPOX_0835,0,MNENI,D,197,"125,5","0,0076","0,95","0,03",0,"0,98",0,M,34
12,11,202603,202603,ULAX_1204,0,2NENI,D,395,"538,9","0,00787","4,24","0,16",0,"4,4",0,F,364
12,11,202603,202603,ULAX_1204,0, NSNV,R,3,"29,2","0,01245","0,37","0,01",0,"0,38",0,M,325
12,11,202603,202603,SPOX_0999,0,2NENI,N,9,"4,5","0,00787","0,01",0,0,"0,01",0,F,121
12,11,202603,202602,SPOX_0999,0,2NENI,N,1,"0,5","0,0078",0,0,0,0,0,F,674
12,11,202603,202603,ULAX_1201,0,MNENI,D,5,"3,6","0,00787","0,03",0,0,"0,03",0,M,441
12,11,202603,202603,SPOX_0083,0,2IENI,S,3,"10,1","0,00787","0,08",0,0,"0,08",0,F,143
12,11,202603,202603,SPOX_0999,0,MNENI,R,1,"0,5","0,00787",0,0,0,0,0,M,50
12,11,202603,202603,SPO_14657,0,2NENI,R,10,"70,2","0,00787","0,56","0,02",0,"0,58",0,F,143
12,11,202603,202603,ULAX_0432,0,MNENI,N,2,1,"0,00787","0,01",0,0,"0,01",0,M,497
12,11,202603,202603,SPOX_0999,0,4NENL,N,1,"0,5","0,00605",0,0,0,0,0,F,986
12,11,202603,202603,SPOX_0999,0,2NENI,D,1614,"1914,9","0,00787","15,08","0,57",0,"15,65",0,F,282
12,11,202603,202603,SPO_11360,0,MNENI,R,6,3,"0,0076","0,02",0,0,"0,02",0,M,34
12,11,202603,202603,ULAX_0432,0,2NENI,D,39,"79,2","0,00787","0,62","0,02",0,"0,64",0,F,192
12,11,202603,202603,SPOX_0999,0,2NENI,R,271,"638,4","0,00787","5,03","0,19",0,"5,22",0,F,431
12,11,202603,202603,SPOX_0970,0,1NENI,S,16,"21,9","0,00787","0,16",0,0,"0,16",0,F,143
12,11,202603,202603,SPO_10156,0,1NENI,D,7,"19,3","0,00787","0,15",0,0,"0,15",0,F,766
12,11,202603,202603,ULAX_1204,0,2NENI,D,1364,"1785,6","0,00787","14,06","0,53",0,"14,59",0,F,706
12,11,202603,202603,ULAX_4030,0,4NENL,N,4,"2,1","0,00608","0,01",0,0,"0,01",0,F,805
12,11,202603,202603,SPOX_0999,0,2NENI,N,403,"353,5","0,00787","2,77","0,1",0,"2,87",0,F,224
12,11,202603,202602,SPOX_0999,0,4NENL,N,1,1,"0,00598","0,01",0,0,"0,01",0,F,284
12,11,202603,202603,ULAX_4763,0,2NENI,D,3871,"6885,5","0,00787","54,19","2,05",0,"56,24",0,F,355
12,11,202603,202603,SPOX_4927,0,2GS8I,D,2,"8,5","0,00787","0,06",0,0,"0,06",0,F,143
12,11,202603,202603,ULAX_1201,0,MNENI,N,3,"1,5","0,00787",0,0,0,0,0,M,479
12,11,202603,202603,SPOX_0083,0,2NSNI,D,148,418,"0,00787","3,28","0,12",0,"3,4",0,F,143
12,11,202603,202603,SPOX_1007,0,1NSEI,R,1,"4,9","0,00787","0,04",0,0,"0,04",0,F,143
12,11,202603,202603,ULAX_1204,0,4NENL,N,1944,"2723,5","0,00608","16,54","0,62",0,"17,16",0,F,706
12,11,202603,202603,SPO_14667,0,1NENI,N,448,"625,5","0,00787","4,92","0,18",0,"5,1",0,F,143
12,11,202603,202603,ULAX_0432,0,MNENI,R,2,"1,2","0,00787","0,01",0,0,"0,01",0,M,491
12,11,202603,202603,SPOX_0999,0,4NENL,N,8,"74,9","0,00608","0,46","0,01",0,"0,47",0,F,94
12,11,202603,202603,ULAX_1204,0,2NENI,S,7,"16,3","0,00787","0,13",0,0,"0,13",0,F,204
12,11,202603,202603,SPO_11366,0,2GS8I,R,15,"61,1","0,00787","0,47","0,01",0,"0,48",0,F,361
12,11,202603,202603,ULAX_0432,0,2NENI,D,876,"773,3","0,00787","6,08","0,22",0,"6,3",0,F,757
12,11,202603,202603,SPOX_0999,0,2NENI,R,1,"0,5","0,00787",0,0,0,0,0,F,809
12,11,202603,202603,ULAX_1204,0,2NENI,N,753,"1612,1","0,00787","12,69","0,47",0,"13,16",0,F,318
12,11,202603,202603,SPO_10156,0,2NENI,N,1,"0,5","0,00787",0,0,0,0,0,F,638
12,11,202603,202603,ULAX_1204,0,2NENI,D,8,"7,9","0,00787","0,06",0,0,"0,06",0,F,810
12,11,202603,202603,ULAX_4039,0,MNENI,S,2,1,"0,0076",0,0,0,0,0,M,34
12,11,202603,202603,SPOX_0999,0,2NENI,N,923,"883,5","0,00787","6,94","0,26",0,"7,2",0,F,267
12,11,202603,202602,SPOX_0999,0,4NENL,N,3,"2,5","0,00608","0,01",0,0,"0,01",0,F,241
12,11,202603,202603,SPOX_0970,0,2IENI,R,38,"217,1","0,00787","1,72","0,06",0,"1,78",0,F,143
12,11,202603,202603,ULAX_0432,0,2NENI,D,26,"15,2","0,00787","0,1",0,0,"0,1",0,F,925
12,11,202603,202603,SPOX_0999,0,2NENI,R,4,"3,6","0,00787","0,02",0,0,"0,02",0,F,943
12,11,202603,202603,ULAX_1204,0,2NENI,N,2759,3506,"0,00787","27,62","1,04",0,"28,66",0,F,361
12,11,202603,202603,SPO_10156,0,4NENL,N,12,"21,8","0,0061","0,13",0,0,"0,13",0,F,638
12,11,202603,202603,SPOX_0083,0,MNSNI,R,13,"18,7","0,00787","0,14",0,0,"0,14",0,M,325
12,11,202603,202603,ULAX_1204,0,2NENI,D,268,"460,5","0,00787","3,62","0,13",0,"3,75",0,F,921
12,11,202603,202603,ULAX_4113,0,MNENI,D,88,"52,6","0,0076","0,42","0,01",0,"0,43",0,M,348
12,11,202603,202603,SPOX_0999,0,2NENI,N,914,842,"0,00787","6,6","0,25",0,"6,85",0,F,285
12,11,202603,202602,SPOX_0999,0,4NENL,R,1,"0,9","0,00418",0,0,0,0,0,F,31
12,11,202603,202603,SPOX_6685,0,2NENI,N,1443,"1820,6","0,00787","14,34","0,54",0,"14,88",0,F,143
12,11,202603,202603,ULAX_1201,0, NENV,N,1,"0,5","0,01499","0,01",0,0,"0,01",0,M,30
12,11,202603,202603,ULAX_1204,0,4NENL,N,12,"12,3","0,00608","0,08",0,0,"0,08",0,F,968
12,11,202603,202603,SPO_14667,0,2NENI,N,932,"2990,1","0,00787","23,51","0,89",0,"24,4",0,F,143
12,11,202603,202603,SPOX_0999,0,4NENL,N,6787,"8813,5","0,00608","53,58","2,03",0,"55,61",0,F,262
12,11,202603,202603,ULAX_0432,0, NENV,N,157,"117,4","0,01499","1,75","0,06",0,"1,81",0,M,18
12,11,202603,202603,ULAX_1204,0,2NENI,S,31,"19,5","0,00787","0,14",0,0,"0,14",0,F,286
12,11,202603,202603,SPO_11400,0, NENV,R,3,"3,1","0,01245","0,04",0,0,"0,04",0,M,325
12,11,202603,202603,SPOX_0970,0,2NENI,S,43,"96,1","0,00787","0,71","0,02",0,"0,73",0,F,143
12,11,202603,202603,ULAX_0432,0,2NENI,N,6,"4,3","0,00787","0,02",0,0,"0,02",0,F,65
12,11,202603,202603,ULAX_1204,0,2NENI,N,557,"908,7","0,00787","7,15","0,27",0,"7,42",0,F,706
12,11,202603,202603,SPO_10404,0,2GS8I,R,1,"1,3","0,00787","0,01",0,0,"0,01",0,F,143
12,11,202603,202603,SPOX_0326,0,1NENI,N,9,"8,6","0,00787","0,06",0,0,"0,06",0,F,143
12,11,202603,202603,ULAX_1204,0,2NENI,D,47,"53,6","0,00787","0,41","0,01",0,"0,42",0,F,971
12,11,202603,202603,ULAX_4202,0,2NENI,D,4,2,"0,00787","0,01",0,0,"0,01",0,F,960
12,11,202603,202602,SPO_11366,0,2NENI,N,1,"0,5","0,0078",0,0,0,0,0,F,361
12,11,202603,202603,SPOX_6685,0,MNENI,R,10,"31,1","0,0076","0,23",0,0,"0,23",0,M,325
12,11,202603,202603,ULAX_1201,0, NENV,R,3,"2,7","0,01049","0,03",0,0,"0,03",0,M,A34
12,11,202603,202603,ULAX_1204,0,4NENL,R,1,"0,5","0,00423",0,0,0,0,0,F,92
12,11,202603,202603,SPO_14667,0, GS8V,R,2,1,"0,01245","0,02",0,0,"0,02",0,M,325
12,11,202603,202602,ULAX_1204,0,2NENI,N,1,"0,8","0,0078","0,01",0,0,"0,01",0,F,271
12,11,202603,202603,SPOX_0999,0,4NENL,N,1,2,"0,00608","0,01",0,0,"0,01",0,F,795
12,11,202603,202603,ULAX_0432,0, NENV,N,2,1,"0,01499","0,01",0,0,"0,01",0,M,497
12,11,202603,202603,ULAX_1204,0,2NENI,S,7,"5,7","0,00787","0,04",0,0,"0,04",0,F,541
12,11,202603,202603,SPO_11402,0,2NENI,D,70,"135,5","0,00787","1,08","0,04",0,"1,12",0,F,638
12,11,202603,202603,SPOX_0999,0,2NENI,S,3,"1,8","0,00787","0,01",0,0,"0,01",0,F,223
12,11,202603,202603,SPOX_0970,0,MGS8I,N,36,"231,6","0,00787","1,84","0,06",0,"1,9",0,M,325
12,11,202603,202603,ULAX_0432,0,2NENI,N,13,"7,1","0,00787","0,02",0,0,"0,02",0,F,767
12,11,202603,202603,ULAX_1204,0,2NENI,N,1,"0,5","0,00787",0,0,0,0,0,F,884
12,11,202603,202603,SPO_10418,0,2GS8I,D,1,"13,5","0,00787","0,11",0,0,"0,11",0,F,143
12,11,202603,202603,SPOX_0999,0,2NENI,N,1,"1,9","0,00787","0,01",0,0,"0,01",0,F,597
12,11,202603,202603,SPOX_0326,0,4NENL,N,4,"44,8","0,0061","0,27","0,01",0,"0,28",0,F,212
12,11,202603,202603,ULAX_1204,0,2NENI,N,4911,"5566,3","0,00787","43,82","1,65",0,"45,47",0,F,42
12,11,202603,202603,ULAX_4616,0,2GS8I,D,69,"737,2","0,00787","5,83","0,21",0,"6,04",0,F,355
12,11,202603,202602,ULAX_0432,0,MNENI,N,1,"0,5","0,0078",0,0,0,0,0,M,451
12,11,202603,202603,SPOX_6694,0,4NENL,N,3,3,"0,0061","0,01",0,0,"0,01",0,F,212
12,11,202603,202603,SPOX_0999,0,2NENI,D,1634,"1913,3","0,00787","15,05","0,56",0,"15,61",0,F,319
12,11,202603,202603,ULAX_1204,0,1NENI,N,1,"0,5","0,00787",0,0,0,0,0,F,294
12,11,202603,202603,ULAX_1204,0,4NENL,R,29,"43,6","0,00423","0,19",0,0,"0,19",0,F,292
12,11,202603,202603,SPO_14678,0,1NSEI,D,1,4,"0,00787","0,03",0,0,"0,03",0,F,431
12,11,202603,202602,ULAX_1204,0,4NENL,N,1,"4,6","0,00602","0,03",0,0,"0,03",0,F,62
12,11,202603,202603,SPOX_0999,0,4NENL,N,140,"128,1","0,00608","0,78","0,02",0,"0,8",0,F,967
12,11,202603,202603,ULAX_0432,0, NENV,R,14,"8,8","0,01049","0,11",0,0,"0,11",0,M,18
12,11,202603,202603,ULAX_1204,0,2NENI,S,2,"6,3","0,00787","0,05",0,0,"0,05",0,F,977
12,11,202603,202603,SPO_11402,0,4NENL,N,100,"199,8","0,0061","1,24","0,04",0,"1,28",0,F,638
12,11,202603,202603,SPOX_0999,0,2NENI,S,5,3,"0,00787","0,01",0,0,"0,01",0,F,283
12,11,202603,202603,SPOX_0999,0,1NENI,D,5,"6,8","0,00787","0,06",0,0,"0,06",0,F,205
12,11,202603,202603,ULAX_0432,0,2NENI,R,9,"6,9","0,00787","0,04",0,0,"0,04",0,F,361
12,11,202603,202603,ULAX_1204,0,2NENI,N,24,"20,4","0,00787","0,15",0,0,"0,15",0,F,965
12,11,202603,202603,SPO_10617,0,2NENI,R,29,"103,7","0,00787","0,8","0,03",0,"0,83",0,F,638
12,11,202603,202603,SPOX_0999,0,2NENI,N,671,"974,5","0,00787","7,66","0,29",0,"7,95",0,F,780
12,11,202603,202603,SPOX_0347,0,2NENI,N,2197,"10353,9","0,00787","81,48","3,08",0,"84,56",0,F,143
12,11,202603,202603,ULAX_1204,0,2NENI,N,9,"4,7","0,00787","0,02",0,0,"0,02",0,F,92
12,11,202603,202603,ULAX_4721,0,MNENI,R,220,"310,8","0,0076","2,37","0,08",0,"2,45",0,M,34
12,11,202603,202602,ULAX_1204,0,2NENI,D,1,"4,6","0,0078","0,04",0,0,"0,04",0,F,62
12,11,202603,202603,SPOX_6698,0,2NENI,N,1204,"4933,5","0,00787","38,85","1,47",0,"40,32",0,F,363
12,11,202603,202603,SPOX_0999,0,2NENI,D,1,"0,5","0,00787",0,0,0,0,0,F,548
12,11,202603,202603,ULAX_1204,0,2NENI,D,1327,"1478,7","0,00787","11,65","0,43",0,"12,08",0,F,51
12,11,202603,202603,ULAX_1204,0,4NENL,R,1,"10,9","0,00425","0,05",0,0,"0,05",0,F,65
12,11,202603,202603,SPO_14679,0,2GS8I,D,444,"3373,8","0,00787","26,56",1,0,"27,56",0,F,363
12,11,202603,202602,ULAX_1204,0,4NENL,N,1,"0,5","0,00608",0,0,0,0,0,F,241
12,11,202603,202603,SPOX_0999,0,4NENL,R,52,"54,5","0,00423","0,21",0,0,"0,21",0,F,85
12,11,202603,202603,ULAX_0432,0, NENV,R,5,"2,6","0,0118","0,04",0,0,"0,04",0,M,462
12,11,202603,202603,ULAX_1204,0,4NENL,N,68,"88,8","0,00605","0,56","0,02",0,"0,58",0,F,95
12,11,202603,202603,SPO_11405,0,1NENI,D,2385,"6213,2","0,00787","48,89","1,85",0,"50,74",0,F,143
12,11,202603,202603,SPOX_0999,0,2NENI,S,17,"25,3","0,00787","0,2",0,0,"0,2",0,F,363
12,11,202603,202603,SPOX_0999,0,1NSEI,R,2,1,"0,00787","0,01",0,0,"0,01",0,F,143
12,11,202603,202603,ULAX_0432,0,4NENL,N,2,1,"0,00605",0,0,0,0,0,F,705
12,11,202603,202603,ULAX_1204,0,2NENI,R,21,"25,8","0,00787","0,17",0,0,"0,17",0,F,27
12,11,202603,202603,SPO_10802,0,2NENI,D,2,"4,1","0,00787","0,03",0,0,"0,03",0,F,71
12,11,202603,202603,SPOX_0999,0,2NENI,N,96,"67,8","0,00787","0,53","0,02",0,"0,55",0,F,925
12,11,202603,202603,SPOX_0348,0,2NENI,D,15,"24,3","0,00787","0,19",0,0,"0,19",0,F,638
12,11,202603,202603,ULAX_1204,0,2NENI,N,1,"0,5","0,00787",0,0,0,0,0,F,220
12,11,202603,202603,ULAX_4726,0,2GS3I,D,1,"4,6","0,00787","0,04",0,0,"0,04",0,F,35
12,11,202603,202602,ULAX_1204,0,2NENI,D,1,"0,5","0,00787",0,0,0,0,0,F,242
12,11,202603,202603,SPOX_6716,0,2NENI,N,2,"1,6","0,00787","0,02",0,0,"0,02",0,F,247
12,11,202603,202603,SPOX_0999,0,2NENI,D,1,"0,5","0,00787",0,0,0,0,0,F,756
12,11,202603,202603,ULAX_1204,0,2NENI,D,8,"11,3","0,00787","0,08",0,0,"0,08",0,F,94
12,11,202603,202603,ULAX_1204,0,4NENL,R,14,"19,2","0,00425","0,06",0,0,"0,06",0,F,294
12,11,202603,202603,SPO_14679,0,MGS8I,N,2,1,"0,00787",0,0,0,0,0,M,34
12,11,202603,202602,ULAX_4202,0,2NENI,D,1,"0,6","0,0078",0,0,0,0,0,F,674
12,11,202603,202603,SPOX_0999,0,4NENL,R,42,"24,8","0,00423","0,07",0,0,"0,07",0,F,286
12,11,202603,202603,ULAX_1158,0,2GS8I,D,17,"75,5","0,00787","0,57","0,02",0,"0,59",0,F,355
12,11,202603,202603,ULAX_1204,0,4NENL,N,9918,"14650,4","0,00605","88,66","3,36",0,"92,02",0,F,271
12,11,202603,202603,SPO_11405,0,2NENI,D,32940,"94053,5","0,00787","740,18","28,03",0,"768,21",0,F,143
12,11,202603,202603,SPOX_0999,0,4NENL,N,1166,"1695,5","0,00605","10,3","0,38",0,"10,68",0,F,5
12,11,202603,202603,SPOX_0999,0,2GS8I,R,173,"182,4","0,00787","1,44","0,05",0,"1,49",0,F,363
12,11,202603,202603,ULAX_0432,0,4NENL,N,1,"0,5","0,00608",0,0,0,0,0,F,224
12,11,202603,202603,ULAX_1204,0,2NENI,R,20,"183,7","0,00787","1,44","0,05",0,"1,49",0,F,204
12,11,202603,202603,SPO_10809,0, NENV,R,1,"0,5","0,01245","0,01",0,0,"0,01",0,M,325
12,11,202603,202603,SPOX_0999,0,2NENI,N,1146,"926,8","0,00787","7,29","0,27",0,"7,56",0,F,977
12,11,202603,202603,SPOX_0545,0,2NENI,D,22,"11,7","0,00787","0,05",0,0,"0,05",0,F,351
12,11,202603,202603,ULAX_1204,0,2NENI,N,1796,"2190,3","0,00787","17,22","0,65",0,"17,87",0,F,262
12,11,202603,202603,ULAX_4727,0,2GS8I,D,3,"17,6","0,00787","0,14",0,0,"0,14",0,F,355
12,11,202603,202603,SPOX_9684,0,1NSEI,R,1,"0,5","0,00787",0,0,0,0,0,F,143
12,11,202603,202603,SPOX_0999,0,2NENI,D,725,"2429,4","0,00787","19,12","0,72",0,"19,84",0,F,842
12,11,202603,202602,SPOX_0083,0,2NENI,N,1,"0,5","0,00787",0,0,0,0,0,F,143
12,11,202603,202603,ULAX_1204,0,2NENI,D,177,363,"0,00787","2,88","0,1",0,"2,98",0,F,219
12,11,202603,202603,ULAX_1204,0,4NENL,R,19,"29,6","0,00425","0,14",0,0,"0,14",0,F,977
12,11,202603,202603,SPO_14681,0,2GS8I,N,3,"3,3","0,00787","0,02",0,0,"0,02",0,F,431
12,11,202603,202603,SPOX_0046,0,2GS8I,N,5,"25,6","0,00787","0,2",0,0,"0,2",0,F,143
12,11,202603,202603,SPOX_0999,0,4NENL,R,13,"79,9","0,00424","0,33","0,01",0,"0,34",0,F,242
12,11,202603,202603,ULAX_1201,0,2NENI,D,5,"6,9","0,00787","0,04",0,0,"0,04",0,F,709
12,11,202603,202603,ULAX_1204,0,4NENL,N,1,"0,5","0,00605",0,0,0,0,0,F,606
12,11,202603,202603,SPO_11464,0,2NENI,D,4,"10,5","0,00787","0,08",0,0,"0,08",0,F,621
12,11,202603,202603,SPOX_0999,0,4NENL,N,141,"170,9","0,00605","1,03","0,03",0,"1,06",0,F,202
12,11,202603,202603,SPOX_0999,0,2NENI,D,1871,"8076,7","0,00787","63,56","2,4",0,"65,96",0,F,62
12,11,202603,202603,ULAX_0432,0,4NENL,N,2081,"2004,4","0,00608","12,19","0,46",0,"12,65",0,F,977
12,11,202603,202603,ULAX_1204,0,2NENI,R,88,"294,9","0,00787","2,29","0,08",0,"2,37",0,F,261
12,11,202603,202603,SPO_11144,0,MNENI,D,78,"49,5","0,0076","0,39","0,01",0,"0,4",0,M,34
12,11,202603,202603,SPOX_0999,0,2NENI,R,32,"75,9","0,00787","0,6","0,02",0,"0,62",0,F,51
12,11,202603,202603,SPOX_0551,0,4NENL,N,1,7,"0,00605","0,04",0,0,"0,04",0,F,202
12,11,202603,202603,ULAX_4728,0, NENV,N,10,"5,7","0,01499","0,09",0,0,"0,09",0,M,76
12,11,202603,202603,SPOX_9684,0,2GS8I,S,2,"15,5","0,00787","0,12",0,0,"0,12",0,F,317
12,11,202603,202603,SPOX_0999,0,2NENI,D,86,"77,9","0,00787","0,57","0,02",0,"0,59",0,F,965
12,11,202603,202602,SPOX_0970,0,2NENI,R,1,"0,6","0,0078",0,0,0,0,0,F,143
12,11,202603,202603,ULAX_1204,0,2NENI,D,10710,"15702,5","0,00787","123,59","4,67",0,"128,26",0,F,247
12,11,202603,202603,ULAX_1204,0,MGS8I,N,552,"2806,1","0,00787","22,08","0,83",0,"22,91",0,M,349
12,11,202603,202603,SPO_14681,0,2NENI,N,3,"4,4","0,00787","0,03",0,0,"0,03",0,F,766
12,11,202603,202603,SPOX_0046,0,2NENI,R,8,33,"0,00787","0,25",0,0,"0,25",0,F,225
12,11,202603,202603,SPOX_0999,0,4NENL,R,83,"167,1","0,00425","0,71","0,02",0,"0,73",0,F,261
12,11,202603,202603,ULAX_1201,0,2NENI,N,359,"264,6","0,00787","2,1","0,07",0,"2,17",0,F,977
12,11,202603,202603,ULAX_1204,0,4NENL,N,399,"324,7","0,00605","1,97","0,07",0,"2,04",0,F,925
12,11,202603,202603,SPO_12218,0,4NENL,N,7,4,"0,00608","0,02",0,0,"0,02",0,F,121
12,11,202603,202603,SPOX_0999,0,4NENL,N,5780,"5652,9","0,00605","34,16","1,29",0,"35,45",0,F,281
12,11,202603,202603,SPOX_0999,0,2NENI,D,16,"11,6","0,00787","0,07",0,0,"0,07",0,F,121
12,11,202603,202603,ULAX_0432,0,MNENI,D,1,"0,5","0,00787",0,0,0,0,0,M,56
12,11,202603,202603,ULAX_1204,0,2NENI,R,1,"0,5","0,00787",0,0,0,0,0,F,295
12,11,202603,202603,SPO_11182,0,2NENI,N,1,"0,9","0,00787","0,01",0,0,"0,01",0,F,241
12,11,202603,202603,SPOX_0999,0,2NENI,R,1409,"6145,6","0,00787","48,36","1,83",0,"50,19",0,F,221
12,11,202603,202603,SPOX_0777,0,2GS8I,D,2,"4,2","0,00787","0,03",0,0,"0,03",0,F,674
12,11,202603,202603,ULAX_4760,0,4NENL,N,20,"10,6","0,00605","0,04",0,0,"0,04",0,F,767
12,11,202603,202603,ULAX_1204,0,2NENI,D,940,"886,6","0,00787","6,96","0,26",0,"7,22",0,F,279
12,11,202603,202603,SPO_10092,0,4NENL,N,1,"0,7","0,00605",0,0,0,0,0,F,209
12,11,202603,202603,SPOX_0999,0,2NENI,N,337,"526,7","0,00787","4,15","0,15",0,"4,3",0,F,21
12,11,202603,202602,SPOX_0999,0,2NENI,D,1,"0,5","0,0078",0,0,0,0,0,F,674
12,11,202603,202603,ULAX_1204,0,MNENI,N,4,2,"0,00787",0,0,0,0,0,M,A61
12,11,202603,202603,ULAX_1201,0,4NENL,N,5,"3,2","0,00605","0,02",0,0,"0,02",0,F,31
12,11,202603,202603,SPOX_0083,0,1NENI,D,2,"1,4","0,00787","0,01",0,0,"0,01",0,F,638
12,11,202603,202603,SPOX_0999,0,4NENL,R,4,"3,6","0,00425","0,01",0,0,"0,01",0,F,943
12,11,202603,202603,ULAX_1204,0,4NENL,N,459,"447,9","0,00607","2,74","0,1",0,"2,84",0,F,943
12,11,202603,202603,ULAX_0432,0,MNENI,D,15,"13,1","0,00787","0,07",0,0,"0,07",0,M,A34
12,11,202603,202603,SPO_14639,0,2NENI,D,4,"3,6","0,00787","0,02",0,0,"0,02",0,F,319
12,11,202603,202603,SPOX_0999,0,4NENL,N,2,"20,1","0,00605","0,12",0,0,"0,12",0,F,619
12,11,202603,202603,SPOX_0999,0,2NENI,D,1417,"1133,2","0,00787","8,94","0,33",0,"9,27",0,F,224
12,11,202603,202603,ULAX_1204,0,2NENI,R,1,"3,3","0,00787","0,03",0,0,"0,03",0,F,466
12,11,202603,202603,SPO_11230,0,4NENL,N,7,"15,6","0,00605","0,1",0,0,"0,1",0,F,71
12,11,202603,202603,SPOX_0999,0,2NENI,R,240,"745,1","0,00787","5,87","0,22",0,"6,09",0,F,271
12,11,202603,202603,SPOX_0823,0,2GS8I,S,27,"95,9","0,00787","0,75","0,02",0,"0,77",0,F,361
12,11,202603,202603,ULAX_1204,0,2NENI,D,2338,"4023,4","0,00787","31,68","1,19",0,"32,87",0,F,318
12,11,202603,202603,SPO_10152,0,2NENI,D,2,"19,3","0,00787","0,15",0,0,"0,15",0,F,203
12,11,202603,202603,SPOX_0999,0,2NENI,N,88,"65,3","0,00787","0,52","0,01",0,"0,53",0,F,83
12,11,202603,202602,SPOX_0999,0,2NENI,D,5,3,"0,00787","0,02",0,0,"0,02",0,F,977
12,11,202603,202603,ULAX_1204,0, NENV,R,3,"1,5","0,01049","0,03",0,0,"0,03",0,M,34
12,11,202603,202603,ULAX_1201,0,MNENI,D,3,"2,3","0,0076","0,02",0,0,"0,02",0,M,34
12,11,202603,202603,SPOX_0083,0,2GS8I,N,1,"0,5","0,00787",0,0,0,0,0,F,363
12,11,202603,202603,SPOX_0999,0,MNENI,D,20,"20,1","0,00787","0,12",0,0,"0,12",0,M,451
12,11,202603,202603,SPO_14657,0,2NENI,D,7,"38,5","0,00787","0,29","0,01",0,"0,3",0,F,212
12,11,202603,202603,ULAX_1204,0,4NENL,N,43,"24,3","0,00608","0,18",0,0,"0,18",0,F,223
12,11,202603,202603,ULAX_0432,0,MNENI,N,60,"59,3","0,00787","0,44","0,01",0,"0,45",0,M,463
12,11,202603,202603,SPOX_0999,0,4NENL,N,363,"272,9","0,00605","1,67","0,06",0,"1,73",0,F,925
12,11,202603,202603,SPOX_0999,0,2NENI,D,3,"1,6","0,00787","0,01",0,0,"0,01",0,F,256
12,11,202603,202603,SPO_11232,0,2NENI,N,22,27,"0,00787","0,2",0,0,"0,2",0,F,317
12,11,202603,202603,ULAX_1204,0,2NENI,R,43,"60,4","0,00787","0,45","0,01",0,"0,46",0,F,842
12,11,202603,202603,ULAX_0432,0,2GS8I,D,1,"7,1","0,00787","0,06",0,0,"0,06",0,F,661
12,11,202603,202603,SPOX_0999,0,2NENI,R,7,"8,9","0,00787","0,05",0,0,"0,05",0,F,319
12,11,202603,202603,SPOX_0970,0,1NENI,D,18,"22,7","0,00787","0,17",0,0,"0,17",0,F,766
12,11,202603,202603,SPO_10152,0,4NENL,N,4,"20,3","0,0061","0,12",0,0,"0,12",0,F,203
12,11,202603,202603,ULAX_1204,0,2NENI,D,242,"221,9","0,00787","1,77","0,06",0,"1,83",0,F,544
12,11,202603,202603,ULAX_4006,0,2NENI,D,611,"3366,6","0,00787","26,48",1,0,"27,48",0,F,674
12,11,202603,202603,SPOX_0999,0,2NENI,N,22,"17,6","0,00787","0,1",0,0,"0,1",0,F,207
12,11,202603,202602,SPOX_0999,0,2NENI,N,1,"0,5","0,00787",0,0,0,0,0,F,361
12,11,202603,202603,ULAX_1201,0,MNENI,N,176,"306,8","0,00787","2,4","0,09",0,"2,49",0,M,18
12,11,202603,202603,SPOX_0083,0,2NENI,D,20,"27,3","0,00787","0,21",0,0,"0,21",0,F,766
12,11,202603,202603,SPOX_0999,0, NENV,N,2,1,"0,01686","0,02",0,0,"0,02",0,M,60
12,11,202603,202603,ULAX_1204,0,4NENL,N,6838,"8652,9","0,00608","52,62","1,99",0,"54,61",0,F,262
12,11,202603,202603,SPO_14657,0,4NENL,N,4,"5,1","0,0061","0,03",0,0,"0,03",0,F,766
12,11,202603,202603,ULAX_0432,0,MNENI,R,19,"17,3","0,00787","0,11",0,0,"0,11",0,M,18
12,11,202603,202603,SPOX_0999,0,4NENL,N,440,407,"0,00607","2,45","0,09",0,"2,54",0,F,943
12,11,202603,202603,SPOX_0999,0,2NENI,D,374,"308,8","0,00787","2,42","0,09",0,"2,51",0,F,293
12,11,202603,202603,ULAX_1204,0,2NENI,S,2,"15,9","0,00787","0,13",0,0,"0,13",0,F,27
12,11,202603,202603,SPO_11362,0,2NENI,N,3,"1,5","0,00787",0,0,0,0,0,F,804
12,11,202603,202603,ULAX_0432,0,2NENI,D,1,"0,5","0,00787",0,0,0,0,0,F,267
12,11,202603,202603,SPOX_0999,0,2NENI,R,109,"195,1","0,00787","1,53","0,05",0,"1,58",0,F,674
12,11,202603,202603,SPOX_0970,0,2GS8I,N,153,"620,5","0,00787","4,88","0,18",0,"5,06",0,F,143
12,11,202603,202603,SPO_10156,0,2IENI,N,32,"52,9","0,00787","0,41","0,01",0,"0,42",0,F,143
12,11,202603,202603,ULAX_1204,0,2NENI,D,1888,"2779,3","0,00787","21,87","0,82",0,"22,69",0,F,780
12,11,202603,202603,ULAX_4039,0,2NENI,D,2,1,"0,00787","0,01",0,0,"0,01",0,F,61
12,11,202603,202603,SPOX_0999,0,2NENI,N,349,"488,1","0,00787","3,82","0,14",0,"3,96",0,F,242
12,11,202603,202602,SPOX_0999,0,4NENL,N,1,1,"0,00602","0,01",0,0,"0,01",0,F,541
12,11,202603,202603,ULAX_4763,0,4NENL,N,19,"9,5","0,00631","0,06",0,0,"0,06",0,F,235
12,11,202603,202603,SPOX_4927,0,2GS8I,D,1,"15,7","0,00787","0,12",0,0,"0,12",0,F,674
12,11,202603,202603,ULAX_1201,0,MNENI,R,5,"11,8","0,00787","0,08",0,0,"0,08",0,M,430
12,11,202603,202603,SPOX_0083,0,4NENL,N,42,"105,3","0,0061","0,64","0,02",0,"0,66",0,F,638
12,11,202603,202603,SPOX_1158,0,2GS8I,D,1,"1,5","0,00787","0,01",0,0,"0,01",0,F,356
12,11,202603,202603,ULAX_1204,0,4NENL,N,5,"2,5","0,00608","0,02",0,0,"0,02",0,F,802
12,11,202603,202603,SPO_14667,0,1NSNI,D,20,"109,4","0,00787","0,87","0,03",0,"0,9",0,F,143
12,11,202603,202603,ULAX_0432,0,MNENI,R,1,"0,5","0,00787",0,0,0,0,0,M,A34
12,11,202603,202603,SPOX_0999,0,4NENL,N,27,17,"0,00608","0,07",0,0,"0,07",0,F,223
12,11,202603,202603,ULAX_1204,0,2NENI,S,6,"8,5","0,00787","0,05",0,0,"0,05",0,F,235
12,11,202603,202603,SPO_11366,0,2NENI,S,7,"18,6","0,00787","0,14",0,0,"0,14",0,F,361
12,11,202603,202603,ULAX_1201,0,MNENI,S,1,"0,5","0,00787",0,0,0,0,0,M,430
12,11,202603,202603,SPOX_0083,0,MNENI,D,33,"25,1","0,0076","0,18",0,0,"0,18",0,M,325
12,11,202603,202603,ULAX_1204,0,4NENL,N,62,"41,6","0,00608","0,26",0,0,"0,26",0,F,917
12,11,202603,202603,SPO_14667,0,2IENI,D,27,"48,3","0,00787","0,38","0,01",0,"0,39",0,F,143
12,11,202603,202603,ULAX_0432,0,MNENI,S,1,"0,5","0,00787",0,0,0,0,0,M,462
12,11,202603,202603,SPOX_0999,0,4NENL,N,1852,1887,"0,00608","11,47","0,43",0,"11,9",0,F,255
12,11,202603,202603,ULAX_1204,0,2NENI,S,21,"47,4","0,00787","0,34","0,01",0,"0,35",0,F,262
12,11,202603,202603,SPO_11370,0,2NENI,D,193,"289,7","0,00787","2,26","0,08",0,"2,34",0,F,361
12,11,202603,202603,SPOX_0970,0,2NENI,N,1,"1,5","0,00787","0,01",0,0,"0,01",0,F,11
12,11,202603,202603,ULAX_0432,0,2NENI,D,2,1,"0,00787","0,01",0,0,"0,01",0,F,967
12,11,202603,202603,SPOX_0999,0,2NENI,R,37,43,"0,00787","0,34","0,01",0,"0,35",0,F,977
12,11,202603,202603,ULAX_1204,0,2NENI,N,85,"70,7","0,00787","0,55","0,02",0,"0,57",0,F,544
12,11,202603,202603,SPO_10402,0, NENV,N,163,"195,6","0,01779","3,47","0,13",0,"3,6",0,M,325
12,11,202603,202603,SPOX_0088,0,2NENI,D,2,1,"0,00787",0,0,0,0,0,F,212
12,11,202603,202603,ULAX_1204,0,2NENI,D,231,"226,8","0,00787","1,79","0,06",0,"1,85",0,F,948
12,11,202603,202603,ULAX_4202,0,1NSEI,N,3,"30,8","0,00787","0,24",0,0,"0,24",0,F,674
12,11,202603,202603,SPOX_0999,0,2NENI,N,64,"43,9","0,00787","0,36","0,01",0,"0,37",0,F,296
12,11,202603,202602,SPO_10066,0,2NENI,D,11,"49,6","0,00787","0,39","0,01",0,"0,4",0,F,363
12,11,202603,202603,SPOX_6685,0,2NENI,S,6,"24,7","0,00787","0,2",0,0,"0,2",0,F,143
12,11,202603,202603,ULAX_1201,0, NENV,N,77,"51,2","0,01499","0,77","0,02",0,"0,79",0,M,A34
12,11,202603,202603,ULAX_1204,0,4NENL,N,38,"32,1","0,00631","0,18",0,0,"0,18",0,F,934
12,11,202603,202603,SPO_14667,0,2NSNI,D,36,124,"0,00787","0,98","0,03",0,"1,01",0,F,143
12,11,202603,202602,ULAX_1204,0,2NENI,D,2,"1,2","0,00787","0,01",0,0,"0,01",0,F,674
12,11,202603,202603,SPOX_0999,0,4NENL,N,963,"1573,1","0,00608","9,55","0,36",0,"9,91",0,F,695
12,11,202603,202603,ULAX_0432,0, NENV,N,78,"124,8","0,01499","1,86","0,07",0,"1,93",0,M,430
12,11,202603,202603,ULAX_1204,0,2NENI,S,3,"11,1","0,00787","0,09",0,0,"0,09",0,F,319
12,11,202603,202603,SPO_11402,0,1NENI,R,1,"3,2","0,00787","0,03",0,0,"0,03",0,F,143
12,11,202603,202603,SPOX_0999,0,2NENI,S,2,"1,2","0,00787","0,01",0,0,"0,01",0,F,81
12,11,202603,202603,SPOX_0970,0,4NENL,N,17,"136,8","0,0061","0,84","0,03",0,"0,87",0,F,203
12,11,202603,202603,ULAX_0432,0,2NENI,N,39,"37,8","0,00787","0,26","0,01",0,"0,27",0,F,361
12,11,202603,202603,ULAX_1204,0,2NENI,N,2,1,"0,00787",0,0,0,0,0,F,803
12,11,202603,202603,SPO_10416,0, NENV,N,165,"240,4","0,01779","4,28","0,16",0,"4,44",0,M,325
12,11,202603,202603,SPOX_0999,0,2NENI,N,2721,"3895,9","0,00787","30,69","1,15",0,"31,84",0,F,361
12,11,202603,202603,SPOX_0326,0,2NENI,N,7,"3,5","0,00787","0,02",0,0,"0,02",0,F,11
12,11,202603,202603,ULAX_1204,0,2NENI,D,1,"0,5","0,00787",0,0,0,0,0,F,986
12,11,202603,202603,ULAX_4202,0,MNENI,D,5,"3,1","0,0076","0,01",0,0,"0,01",0,M,348
12,11,202603,202602,SPO_13918,0,2NENI,D,2,"5,6","0,00787","0,04",0,0,"0,04",0,F,318
12,11,202603,202603,SPOX_6694,0,2IENI,N,14,"20,7","0,00787","0,15",0,0,"0,15",0,F,143
12,11,202603,202603,ULAX_1204,0,1NENI,D,4,2,"0,00787","0,01",0,0,"0,01",0,F,31
12,11,202603,202603,ULAX_1204,0,4NENL,R,244,"816,5","0,00423","3,45","0,13",0,"3,58",0,F,271
12,11,202603,202603,SPO_14667,0,MNSNI,R,5,"2,6","0,00787","0,02",0,0,"0,02",0,M,325
12,11,202603,202602,ULAX_1204,0,2NENI,N,3,"5,7","0,00787","0,04",0,0,"0,04",0,F,284
12,11,202603,202603,SPOX_0999,0,4NENL,N,1573,"1458,5","0,00608","8,87","0,33",0,"9,2",0,F,865
12,11,202603,202603,ULAX_0432,0, NENV,N,1,"0,5","0,01686","0,01",0,0,"0,01",0,M,56
12,11,202603,202603,ULAX_1204,0,2NENI,S,1,"0,5","0,00787",0,0,0,0,0,F,738
12,11,202603,202603,SPO_11402,0,2NENI,N,9,"5,6","0,00787","0,02",0,0,"0,02",0,F,766
12,11,202603,202603,SPOX_0999,0,2NENI,S,96,"221,4","0,00787","1,73","0,06",0,"1,79",0,F,251
12,11,202603,202603,SPOX_0970,0,MNSNI,D,8,6,"0,00787","0,04",0,0,"0,04",0,M,325
12,11,202603,202603,ULAX_0432,0,2NENI,N,12,"12,6","0,00787","0,08",0,0,"0,08",0,F,960
12,11,202603,202603,ULAX_1204,0,2NENI,N,244,"277,6","0,00787","2,17","0,08",0,"2,25",0,F,931
12,11,202603,202603,SPO_10617,0,2IENI,N,10,17,"0,00787","0,13",0,0,"0,13",0,F,143
12,11,202603,202603,SPOX_0999,0,2NENI,N,425,"808,1","0,00787","6,35","0,24",0,"6,59",0,F,705
12,11,202603,202603,SPOX_0347,0,1NSNI,D,1,19,"0,00787","0,15",0,0,"0,15",0,F,143
12,11,202603,202603,ULAX_1204,0,2NENI,N,79,"81,3","0,00787","0,62","0,02",0,"0,64",0,F,67
12,11,202603,202603,ULAX_4721,0,MNENI,D,13,"10,6","0,00787","0,09",0,0,"0,09",0,M,30
12,11,202603,202602,ULAX_1201,0,MNENI,D,1,"0,5","0,0078",0,0,0,0,0,M,451
12,11,202603,202603,SPOX_6694,0,MGS8I,R,1,"0,5","0,00787",0,0,0,0,0,M,325
12,11,202603,202603,SPOX_0999,0,2NENI,D,5697,"7700,5","0,00787","60,6","2,28",0,"62,88",0,F,363
12,11,202603,202603,ULAX_1204,0,2GS3I,R,1,"1,9","0,00787","0,01",0,0,"0,01",0,F,35
12,11,202603,202603,ULAX_1204,0,4NENL,R,11,"41,4","0,00423","0,17",0,0,"0,17",0,F,921
12,11,202603,202603,SPO_14678,0,2GS8I,D,2,"3,6","0,00787","0,03",0,0,"0,03",0,F,674
12,11,202603,202602,ULAX_1204,0,4NENL,N,8,"7,2","0,00602","0,04",0,0,"0,04",0,F,757
12,11,202603,202603,SPOX_0999,0,4NENL,N,132,136,"0,00631","0,85","0,03",0,"0,88",0,F,248
12,11,202603,202603,ULAX_0432,0, NENV,R,1,"0,5","0,01049","0,01",0,0,"0,01",0,M,495
12,11,202603,202603,ULAX_1204,0,4NENL,N,29,"22,5","0,00605","0,13",0,0,"0,13",0,F,79
12,11,202603,202603,SPO_11402,0,MGS8I,N,80,"259,9","0,00787","2,05","0,07",0,"2,12",0,M,34
12,11,202603,202603,SPOX_0999,0,2NENI,S,5,"3,7","0,00787","0,02",0,0,"0,02",0,F,298
12,11,202603,202603,SPOX_0999,0,1NENI,N,1,"5,1","0,00787","0,04",0,0,"0,04",0,F,205
12,11,202603,202603,ULAX_0432,0,2NENI,S,19,"9,5","0,00787","0,08",0,0,"0,08",0,F,361
12,11,202603,202603,ULAX_1204,0,2NENI,N,22,"16,9","0,00787","0,11",0,0,"0,11",0,F,981
12,11,202603,202603,SPO_10617,0,MNENI,N,7,"4,2","0,0076","0,03",0,0,"0,03",0,M,325
12,11,202603,202603,SPOX_0999,0,2NENI,N,60,"80,9","0,00787","0,65","0,02",0,"0,67",0,F,809
12,11,202603,202603,SPOX_0348,0,1NENI,D,6,"5,2","0,00787","0,04",0,0,"0,04",0,F,638
12,11,202603,202603,ULAX_1204,0,2NENI,N,604,"428,5","0,00787","3,38","0,12",0,"3,5",0,F,204
12,11,202603,202603,ULAX_4721,0, NENV,N,2,1,"0,01499","0,02",0,0,"0,02",0,M,B99
12,11,202603,202602,ULAX_1204,0,2NENI,D,1,"0,5","0,0078",0,0,0,0,0,F,261
12,11,202603,202603,SPOX_6698,0,MNENI,R,1,"0,5","0,0076",0,0,0,0,0,M,34
12,11,202603,202603,SPOX_0999,0,2NENI,D,5322,"6948,4","0,00787","54,71","2,06",0,"56,77",0,F,674
12,11,202603,202603,ULAX_1204,0,2NENI,D,21,"17,8","0,00787","0,11",0,0,"0,11",0,F,79
12,11,202603,202603,ULAX_1204,0,4NENL,R,347,"1116,1","0,00425","4,75","0,18",0,"4,93",0,F,241
12,11,202603,202603,SPO_14679,0,2GS8I,N,24,"114,3","0,00787","0,89","0,03",0,"0,92",0,F,431
12,11,202603,202602,ULAX_1204,0,4NENL,N,3,"1,5","0,00608","0,01",0,0,"0,01",0,F,977
12,11,202603,202603,SPOX_0999,0,4NENL,R,809,3973,"0,00423","16,81","0,63",0,"17,44",0,F,232
12,11,202603,202603,ULAX_1008,0,2NENI,D,224,"764,2","0,00787","6,01","0,22",0,"6,23",0,F,661
12,11,202603,202603,ULAX_1204,0,4NENL,N,8,"12,2","0,00605","0,07",0,0,"0,07",0,F,214
12,11,202603,202603,SPO_11405,0,2GS8I,D,237,"1588,1","0,00787","12,5","0,47",0,"12,97",0,F,143
12,11,202603,202603,SPOX_0999,0,2NENI,S,3,"1,6","0,00787","0,01",0,0,"0,01",0,F,705
12,11,202603,202603,SPOX_0999,0,2GS8I,N,10,"37,3","0,00787","0,29","0,01",0,"0,3",0,F,143
12,11,202603,202603,ULAX_0432,0,4NENL,N,497,"540,9","0,00608","3,31","0,12",0,"3,43",0,F,51
12,11,202603,202603,ULAX_1204,0,2NENI,R,1,"10,9","0,00787","0,09",0,0,"0,09",0,F,65
12,11,202603,202603,SPO_10808,0,MNENI,N,65,"55,4","0,0076","0,42","0,01",0,"0,43",0,M,325
12,11,202603,202603,SPOX_0999,0,2NENI,N,134,"139,5","0,00787","1,08","0,04",0,"1,12",0,F,951
12,11,202603,202603,SPOX_0543,0,2NENI,N,122,"251,4","0,00787","1,98","0,07",0,"2,05",0,F,351
12,11,202603,202603,ULAX_1204,0,2NENI,N,5,"7,3","0,00787","0,06",0,0,"0,06",0,F,240
12,11,202603,202603,ULAX_4726,0,2NENI,D,1,"0,6","0,00787",0,0,0,0,0,F,767
12,11,202603,202603,SPOX_6716,0,4NENL,N,9,"9,3","0,00608","0,05",0,0,"0,05",0,F,917
12,11,202603,202603,SPOX_0999,0,2NENI,D,10,"25,6","0,00787","0,19",0,0,"0,19",0,F,803
12,11,202603,202603,ULAX_1204,0,2NENI,D,1748,"1386,4","0,00787","10,91","0,41",0,"11,32",0,F,204
12,11,202603,202603,ULAX_1204,0,4NENL,R,153,"192,6","0,00425","0,82","0,03",0,"0,85",0,F,757
12,11,202603,202603,SPO_14681,0,1NENI,R,8,"13,2","0,00787","0,11",0,0,"0,11",0,F,143
12,11,202603,202602,ULAX_4763,0,2NENI,N,1,"0,8","0,00787","0,01",0,0,"0,01",0,F,355
12,11,202603,202603,SPOX_0999,0,4NENL,R,27,"105,9","0,00423","0,44","0,01",0,"0,45",0,F,780
12,11,202603,202603,ULAX_1201,0,1NENI,N,1,"0,5","0,00787",0,0,0,0,0,F,31
12,11,202603,202603,ULAX_1204,0,4NENL,N,1553,"1244,7","0,00605","7,52","0,28",0,"7,8",0,F,286
12,11,202603,202603,SPO_11408,0,2NENI,N,1,"0,5","0,00787",0,0,0,0,0,F,143
12,11,202603,202603,SPOX_0999,0,4NENL,N,20,23,"0,00605","0,12",0,0,"0,12",0,F,82
12,11,202603,202603,SPOX_0999,0,2NENI,D,1070,"1766,1","0,00787","13,93","0,52",0,"14,45",0,F,21
12,11,202603,202603,ULAX_0432,0,4NENL,N,1207,"1065,9","0,00608","6,49","0,24",0,"6,73",0,F,757
12,11,202603,202603,ULAX_1204,0,2NENI,R,130,"350,1","0,00787","2,74","0,1",0,"2,84",0,F,227
12,11,202603,202603,SPO_10810,0,MNSNI,D,4,"12,7","0,00787","0,1",0,0,"0,1",0,M,325
12,11,202603,202603,SPOX_0999,0,2NENI,N,32,"20,2","0,00787","0,14",0,0,"0,14",0,F,992
12,11,202603,202603,SPOX_0545,0, GS8V,R,2,"13,6","0,01049","0,15",0,0,"0,15",0,M,34
12,11,202603,202603,ULAX_1204,0,2NENI,N,424,345,"0,00787","2,71","0,1",0,"2,81",0,F,283
12,11,202603,202603,ULAX_4728,0,MNENI,N,3,"1,5","0,00787",0,0,0,0,0,M,30
12,11,202603,202603,SPOX_9684,0,2GS8I,N,6,"32,8","0,00787","0,26",0,0,"0,26",0,F,143
12,11,202603,202603,SPOX_0999,0,2NENI,D,79,"68,1","0,00787","0,52","0,02",0,"0,54",0,F,927
12,11,202603,202602,SPOX_0348,0,1NENI,N,1,"0,5","0,0078",0,0,0,0,0,F,143
12,11,202603,202603,ULAX_1204,0,2NENI,D,1383,"4986,2","0,00787","39,26","1,48",0,"40,74",0,F,235
12,11,202603,202603,ULAX_1204,0, GS8V,N,552,"2806,1","0,01686","47,33","1,79",0,"49,12",0,M,349
12,11,202603,202603,SPO_14681,0,2IENI,S,1,"3,4","0,00787","0,03",0,0,"0,03",0,F,143
12,11,202603,202603,SPOX_0046,0,2NENI,D,26,"43,2","0,00787","0,34","0,01",0,"0,35",0,F,143
12,11,202603,202603,SPOX_0999,0,4NENL,R,3,"1,6","0,00425",0,0,0,0,0,F,182
12,11,202603,202603,ULAX_1201,0,2NENI,N,1,"2,7","0,00787","0,02",0,0,"0,02",0,F,51
12,11,202603,202603,ULAX_1204,0,4NENL,N,5,"3,4","0,00605","0,01",0,0,"0,01",0,F,807
12,11,202603,202603,SPO_11464,0, NENV,N,7,"4,6","0,01499","0,06",0,0,"0,06",0,M,34
12,11,202603,202603,SPOX_0999,0,4NENL,N,34672,"68220,8","0,00605","412,72","15,64",0,"428,36",0,F,221
12,11,202603,202603,SPOX_0999,0,2NENI,D,140,"114,3","0,00787","0,89","0,03",0,"0,92",0,F,83
12,11,202603,202603,ULAX_0432,0,4NENL,R,8,"4,2","0,00425","0,02",0,0,"0,02",0,F,757
12,11,202603,202603,ULAX_1204,0,2NENI,R,42,"80,9","0,00787","0,61","0,02",0,"0,63",0,F,282
12,11,202603,202603,SPO_11154,0,2NENI,D,4,2,"0,00787","0,01",0,0,"0,01",0,F,431
12,11,202603,202603,SPOX_0999,0,2NENI,R,36,29,"0,00787","0,22",0,0,"0,22",0,F,91
12,11,202603,202603,SPOX_0777,0,1NSEI,N,0,3,"0,00787","0,02",0,0,"0,02",0,F,143
12,11,202603,202603,ULAX_4760,0,2NENI,D,656,"1820,4","0,00787","14,36","0,54",0,"14,9",0,F,355
12,11,202603,202603,ULAX_1204,0,2NENI,D,17948,"28004,6","0,00787","220,4","8,34",0,"228,74",0,F,251
12,11,202603,202603,SPO_10066,0,2NENI,N,12446,"33574,6","0,00787","264,26",10,0,"274,26",0,F,363
12,11,202603,202603,SPOX_0999,0,2NENI,D,77,"61,9","0,00787","0,48","0,01",0,"0,49",0,F,981
12,11,202603,202602,SPOX_0999,0,2NENI,D,1,"0,6","0,0078",0,0,0,0,0,F,261
12,11,202603,202603,ULAX_1204,0,MNENI,D,22,"92,6","0,00787","0,71","0,02",0,"0,73",0,M,50
12,11,202603,202603,SPO_14681,0,4NENL,N,14,"27,9","0,0061","0,16",0,0,"0,16",0,F,638
12,11,202603,202603,SPOX_0046,0,4NENL,N,1,"3,9","0,0061","0,02",0,0,"0,02",0,F,638
12,11,202603,202603,SPOX_0999,0,4NENL,R,22,"48,1","0,00425","0,22",0,0,"0,22",0,F,541
12,11,202603,202603,ULAX_1204,0,4NENL,N,31,"19,6","0,00605","0,12",0,0,"0,12",0,F,984
12,11,202603,202603,SPO_13918,0,2NENI,D,6,15,"0,00787","0,11",0,0,"0,11",0,F,85
12,11,202603,202603,SPOX_0999,0,4NENL,N,3417,"3476,7","0,00605","21,05","0,79",0,"21,84",0,F,292
12,11,202603,202603,SPOX_0999,0,2NENI,D,11,"5,9","0,00787","0,04",0,0,"0,04",0,F,208
12,11,202603,202603,ULAX_0432,0,MNENI,D,1863,1763,"0,00787","13,85","0,52",0,"14,37",0,M,451
12,11,202603,202603,ULAX_1204,0,2NENI,R,632,"2569,3","0,00787","20,23","0,76",0,"20,99",0,F,355
12,11,202603,202603,SPO_11184,0,2NENI,R,81,"132,9","0,00787","1,02","0,03",0,"1,05",0,F,431
12,11,202603,202603,SPOX_0999,0,2NENI,R,435,"970,6","0,00787","7,61","0,28",0,"7,89",0,F,241
12,11,202603,202603,SPOX_0811,0,MNENI,D,180,"102,5","0,0076","0,79","0,02",0,"0,81",0,M,34
12,11,202603,202603,ULAX_4763,0,1NSEI,D,132,1473,"0,00787","11,59","0,43",0,"12,02",0,F,35
12,11,202603,202603,ULAX_1204,0,2NENI,D,2602,"2577,4","0,00787","20,29","0,76",0,"21,05",0,F,291
12,11,202603,202603,SPO_10152,0,1NENI,N,283,"478,3","0,00787","3,77","0,14",0,"3,91",0,F,143
12,11,202603,202603,SPOX_0999,0,2NENI,N,4,2,"0,00787","0,01",0,0,"0,01",0,F,55
12,11,202603,202602,SPOX_0999,0,2NENI,D,6,3,"0,00787","0,02",0,0,"0,02",0,F,247
12,11,202603,202603,ULAX_1204,0,MNSNI,N,9,20,"0,00787","0,16",0,0,"0,16",0,M,325
12,11,202603,202603,ULAX_1201,0,4NENL,N,1315,"1127,5","0,00608","6,87","0,26",0,"7,13",0,F,757
12,11,202603,202603,SPOX_0083,0,1NENI,S,8,"18,2","0,00787","0,13",0,0,"0,13",0,F,143
12,11,202603,202603,SPOX_0999,0,4NENL,R,1,"1,7","0,00427","0,01",0,0,"0,01",0,F,663
12,11,202603,202603,SPO_14639,0,4NENL,N,3,"1,9","0,00605","0,01",0,0,"0,01",0,F,227
12,11,202603,202603,ULAX_1204,0,4NENL,N,321,"333,3","0,00608","2,03","0,07",0,"2,1",0,F,65
12,11,202603,202603,ULAX_0432,0,MNENI,N,1,"0,5","0,00787",0,0,0,0,0,M,30
12,11,202603,202603,SPOX_0999,0,4NENL,N,2568,"4071,6","0,00605","24,65","0,93",0,"25,58",0,F,780
12,11,202603,202603,SPOX_0999,0,2NENI,D,9,"16,9","0,00787","0,12",0,0,"0,12",0,F,240
12,11,202603,202603,ULAX_1204,0,2NENI,R,102,"219,7","0,00787","1,73","0,06",0,"1,79",0,F,695
12,11,202603,202603,SPO_14681,0,MNSNI,R,2,1,"0,00787","0,01",0,0,"0,01",0,M,325
12,11,202603,202603,SPOX_0999,0,2NENI,R,32,"20,1","0,00787","0,12",0,0,"0,12",0,F,286
12,11,202603,202603,SPOX_0835,0,2NENI,R,33,"29,3","0,00787","0,2",0,0,"0,2",0,F,361
12,11,202603,202603,ULAX_1204,0,2NENI,D,7441,"9905,1","0,00787","77,95","2,94",0,"80,89",0,F,361
12,11,202603,202603,SPO_10152,0,2NENI,R,2,"12,3","0,00787","0,1",0,0,"0,1",0,F,203
12,11,202603,202603,ULAX_1204,0, NENV,R,2,1,"0,0118","0,02",0,0,"0,02",0,M,451
12,11,202603,202603,SPOX_0999,0,2NENI,N,13,15,"0,00787","0,12",0,0,"0,12",0,F,95
12,11,202603,202602,SPOX_0999,0,2NENI,N,1,"0,5","0,0078",0,0,0,0,0,F,318
12,11,202603,202603,ULAX_1201,0,MNENI,D,5,"2,5","0,00787",0,0,0,0,0,M,421
12,11,202603,202603,SPOX_0083,0,2IENI,N,66,"173,1","0,00787","1,37","0,05",0,"1,42",0,F,143
12,11,202603,202603,SPOX_0999,0,MNENI,R,1,"0,5","0,0076",0,0,0,0,0,M,34
12,11,202603,202603,SPO_14657,0,2NENI,N,2,1,"0,00787",0,0,0,0,0,F,638
12,11,202603,202603,ULAX_0432,0,MNENI,N,1,"0,5","0,00787",0,0,0,0,0,M,495
12,11,202603,202603,SPOX_0999,0,4NENL,N,34,"28,2","0,00605","0,17",0,0,"0,17",0,F,984
12,11,202603,202603,SPOX_0999,0,2NENI,D,919,"917,2","0,00787","7,25","0,27",0,"7,52",0,F,279
12,11,202603,202603,SPO_11360,0,MNENI,D,46,"23,6","0,0076","0,17",0,0,"0,17",0,M,34
12,11,202603,202603,ULAX_1204,0,2NENI,R,26,"42,2","0,00787","0,32","0,01",0,"0,33",0,F,951
12,11,202603,202603,ULAX_0432,0,2NENI,D,17,"9,1","0,00787","0,06",0,0,"0,06",0,F,79
12,11,202603,202603,SPOX_0999,0,2NENI,R,114,"243,2","0,00787","1,92","0,07",0,"1,99",0,F,363
12,11,202603,202603,SPOX_0970,0,1NENI,R,33,"37,6","0,00787","0,28","0,01",0,"0,29",0,F,143
12,11,202603,202603,SPO_10156,0,1NENI,D,1228,"3525,2","0,00787","27,75","1,05",0,"28,8",0,F,143
12,11,202603,202603,ULAX_1204,0,2NENI,D,1,"0,6","0,00787",0,0,0,0,0,F,700
12,11,202603,202603,ULAX_4030,0,2NENI,N,2,"4,4","0,00787","0,04",0,0,"0,04",0,F,661
12,11,202603,202603,SPOX_0999,0,2NENI,N,9772,"20465,4","0,00787","161,07","6,09",0,"167,16",0,F,221
12,11,202603,202602,SPOX_0999,0,4NENL,N,6,"4,6","0,00598","0,03",0,0,"0,03",0,F,232
12,11,202603,202603,ULAX_4763,0,2NENI,D,32,"34,5","0,00787","0,25","0,01",0,"0,26",0,F,232
12,11,202603,202603,SPOX_1270,0,1NSEI,R,1,"0,5","0,00787",0,0,0,0,0,F,143
12,11,202603,202603,ULAX_1201,0,MNENI,N,813,"783,1","0,00787","6,15","0,23",0,"6,38",0,M,451
12,11,202603,202603,SPOX_0083,0,2NENI,R,1,"17,2","0,00787","0,14",0,0,"0,14",0,F,203
12,11,202603,202603,SPOX_1007,0,1NSEI,D,20,"195,7","0,00787","1,54","0,05",0,"1,59",0,F,143
12,11,202603,202603,ULAX_1204,0,4NENL,N,865,"1673,8","0,00608","10,16","0,38",0,"10,54",0,F,695
12,11,202603,202603,SPO_14667,0,1NENI,D,2,"7,8","0,00787","0,06",0,0,"0,06",0,F,212
12,11,202603,202603,ULAX_0432,0,MNENI,R,6,"3,7","0,00787","0,01",0,0,"0,01",0,M,463
12,11,202603,202603,SPOX_0999,0,4NENL,N,350,"389,9","0,00608","2,38","0,09",0,"2,47",0,F,65
12,11,202603,202603,ULAX_1204,0,2NENI,S,1,"0,5","0,00787",0,0,0,0,0,F,98
12,11,202603,202603,SPO_11366,0,2GS8I,D,535,"4909,8","0,00787","38,66","1,46",0,"40,12",0,F,361
12,11,202603,202603,ULAX_0432,0,2NENI,D,2,1,"0,00787",0,0,0,0,0,F,705
12,11,202603,202603,SPOX_0999,0,2NENI,R,23,"80,5","0,00787","0,62","0,02",0,"0,64",0,F,767
12,11,202603,202603,ULAX_1204,0,2NENI,N,132,"163,2","0,00787","1,28","0,04",0,"1,32",0,F,316
12,11,202603,202603,SPO_10156,0,2NENI,N,1317,"3936,9","0,00787","30,98","1,17",0,"32,15",0,F,143
12,11,202603,202603,ULAX_1204,0,2NENI,D,3,"1,5","0,00787",0,0,0,0,0,F,808
12,11,202603,202603,ULAX_4039,0,MNENI,D,2,"15,5","0,0076","0,11",0,0,"0,11",0,M,34
12,11,202603,202603,SPOX_0999,0,2NENI,N,1742,"2150,2","0,00787","16,92","0,63",0,"17,55",0,F,262
12,11,202603,202602,SPOX_0999,0,4NENL,N,1,"0,5","0,00605",0,0,0,0,0,F,655
12,11,202603,202603,ULAX_5040,0,MNENI,S,15,"34,8","0,0076","0,24",0,0,"0,24",0,M,349
12,11,202603,202603,SPOX_6685,0,1NENI,R,3,"1,5","0,00787","0,01",0,0,"0,01",0,F,143
12,11,202603,202603,SPOX_0999,0,2NENI,R,7,"90,1","0,00787","0,7","0,02",0,"0,72",0,F,931
12,11,202603,202603,ULAX_1204,0,2NENI,N,616,"575,8","0,00787","4,56","0,17",0,"4,73",0,F,357
12,11,202603,202603,SPO_10156,0,2NSNI,D,2,1,"0,00787","0,01",0,0,"0,01",0,F,143
12,11,202603,202603,SPOX_0083,0,MNSNI,D,9,"16,6","0,00787","0,13",0,0,"0,13",0,M,325
12,11,202603,202603,ULAX_1204,0,2NENI,D,2,1,"0,00787",0,0,0,0,0,F,915
12,11,202603,202603,ULAX_4113,0,2NENI,R,25,"68,4","0,00787","0,53","0,02",0,"0,55",0,F,674
12,11,202603,202603,SPOX_0999,0,2NENI,N,479,"400,4","0,00787","3,16","0,11",0,"3,27",0,F,283
12,11,202603,202602,SPOX_0999,0,4NENL,N,3,"1,8","0,00608","0,01",0,0,"0,01",0,F,706
12,11,202603,202603,SPOX_6685,0,2NENI,D,8,"5,9","0,00787","0,04",0,0,"0,04",0,F,766
12,11,202603,202603,ULAX_1201,0, NENV,N,3,"1,5","0,01499","0,03",0,0,"0,03",0,M,20
12,11,202603,202603,ULAX_1204,0,4NENL,N,137,"108,4","0,00608","0,68","0,02",0,"0,7",0,F,965
12,11,202603,202603,SPO_14667,0,2NENI,D,11,"25,1","0,00787","0,18",0,0,"0,18",0,F,638
12,11,202603,202603,SPOX_0999,0,4NENL,N,6,"19,4","0,00608","0,12",0,0,"0,12",0,F,258
12,11,202603,202603,ULAX_0432,0,MNENI,S,1,"0,9","0,00787","0,01",0,0,"0,01",0,M,499
12,11,202603,202603,ULAX_1204,0,2NENI,S,4,2,"0,00787",0,0,0,0,0,F,283
12,11,202603,202603,SPO_11400,0, NENV,N,330,"331,7","0,01779","5,93","0,22",0,"6,15",0,M,325
12,11,202603,202603,SPOX_0970,0,2NENI,R,1,"1,1","0,00787","0,01",0,0,"0,01",0,F,203
12,11,202603,202603,ULAX_0432,0,2NENI,N,1,"0,5","0,00787",0,0,0,0,0,F,61
12,11,202603,202603,ULAX_1204,0,2NENI,N,1,"0,5","0,00787",0,0,0,0,0,F,704
12,11,202603,202603,SPO_10403,0, NENV,N,61,35,"0,01779","0,64","0,02",0,"0,66",0,M,325
12,11,202603,202603,SPOX_0275,0,2NENI,D,2,"2,4","0,00787","0,02",0,0,"0,02",0,F,143
12,11,202603,202603,ULAX_1204,0,2NENI,D,9,"7,5","0,00787","0,05",0,0,"0,05",0,F,968
12,11,202603,202603,ULAX_4202,0,2NENI,D,13,"19,3","0,00787","0,15",0,0,"0,15",0,F,707
12,11,202603,202603,SPOX_0999,0,2NENI,N,4769,"9836,6","0,00787","77,43","2,92",0,"80,35",0,F,355
12,11,202603,202602,SPO_11366,0,2NENI,D,7,"8,3","0,0078","0,06",0,0,"0,06",0,F,361
12,11,202603,202603,SPOX_6685,0,MNENI,D,258,185,"0,0076","1,39","0,05",0,"1,44",0,M,325
12,11,202603,202603,ULAX_1201,0, NENV,R,40,"26,7","0,01049","0,3","0,01",0,"0,31",0,M,18
12,11,202603,202603,ULAX_1204,0,4NENL,R,44,"71,3","0,00423","0,27","0,01",0,"0,28",0,F,85
12,11,202603,202603,SPO_14667,0,4NENL,N,14,"15,5","0,0061","0,09",0,0,"0,09",0,F,766
12,11,202603,202602,ULAX_1204,0,2NENI,N,2,"1,9","0,0078","0,01",0,0,"0,01",0,F,251
12,11,202603,202603,SPOX_0999,0,4NENL,N,16634,"16828,8","0,00608","102,31","3,88",0,"106,19",0,F,757
12,11,202603,202603,ULAX_0432,0, NENV,N,1,"0,5","0,01499","0,01",0,0,"0,01",0,M,495
12,11,202603,202603,ULAX_1204,0,2NENI,S,25,"51,2","0,00787","0,38","0,01",0,"0,39",0,F,431
12,11,202603,202603,SPO_11402,0,2NENI,D,108,"64,3","0,00787","0,48","0,01",0,"0,49",0,F,11
12,11,202603,202603,SPOX_0999,0,2NENI,S,17,"30,4","0,00787","0,25",0,0,"0,25",0,F,219
12,11,202603,202603,SPOX_0970,0, GS8V,N,36,"231,6","0,01779","4,13","0,15",0,"4,28",0,M,325
12,11,202603,202603,ULAX_0432,0,2NENI,N,1,"0,7","0,00787","0,01",0,0,"0,01",0,F,738
12,11,202603,202603,ULAX_1204,0,2NENI,N,467,1309,"0,00787","10,3","0,39",0,"10,69",0,F,842
12,11,202603,202603,SPO_10417,0, NENV,N,67,"55,4","0,01779","1,03","0,03",0,"1,06",0,M,325
12,11,202603,202603,SPOX_0999,0,2NENI,N,1084,1023,"0,00787","8,04","0,3",0,"8,34",0,F,541
12,11,202603,202603,SPOX_0326,0,4NENL,N,23,"11,5","0,0061","0,06",0,0,"0,06",0,F,11
12,11,202603,202603,ULAX_1204,0,2NENI,N,4649,"29212,8","0,00787","229,89","8,7",0,"238,59",0,F,31
12,11,202603,202603,ULAX_4616,0,1NSEI,D,4,"91,8","0,00787","0,72","0,02",0,"0,74",0,F,355
12,11,202603,202602,ULAX_0432,0,4NENL,N,5,"2,5","0,00608","0,02",0,0,"0,02",0,F,977
12,11,202603,202603,SPOX_6694,0,2NENI,R,245,"300,9","0,00787","2,37","0,08",0,"2,45",0,F,143
12,11,202603,202603,SPOX_0999,0,2NENI,D,2306,"2543,2","0,00787","20,03","0,75",0,"20,78",0,F,317
12,11,202603,202603,ULAX_1204,0,1NENI,N,3,"3,7","0,00787","0,03",0,0,"0,03",0,F,232
12,11,202603,202603,ULAX_1204,0,4NENL,R,50,"38,1","0,00423","0,13",0,0,"0,13",0,F,286
12,11,202603,202603,SPO_14673,0,2NENI,N,1,"0,5","0,00787",0,0,0,0,0,F,356
12,11,202603,202602,ULAX_1204,0,4NENL,N,2,"2,8","0,00598","0,01",0,0,"0,01",0,F,271
12,11,202603,202603,SPOX_0999,0,4NENL,N,1,"0,5","0,00608",0,0,0,0,0,F,964
12,11,202603,202603,ULAX_0432,0, NENV,N,131,"115,9","0,01686","1,93","0,07",0,2,0,M,463
12,11,202603,202603,ULAX_1204,0,2NENI,S,6,"30,7","0,00787","0,25",0,0,"0,25",0,F,951
12,11,202603,202603,SPO_11402,0,4NENL,N,149,"90,9","0,0061","0,56","0,02",0,"0,58",0,F,11
12,11,202603,202603,SPOX_0999,0,2NENI,S,17,42,"0,00787","0,32","0,01",0,"0,33",0,F,281
12,11,202603,202603,SPOX_0970,0, NSNV,R,13,"6,5","0,01245","0,09",0,0,"0,09",0,M,325
12,11,202603,202603,ULAX_0432,0,2NENI,R,3,"1,5","0,00787","0,01",0,0,"0,01",0,F,192
12,11,202603,202603,ULAX_1204,0,2NENI,N,63,"60,3","0,00787","0,5","0,01",0,"0,51",0,F,961
12,11,202603,202603,SPO_10617,0,2NENI,N,177,"481,1","0,00787","3,8","0,14",0,"3,94",0,F,638
12,11,202603,202603,SPOX_0999,0,2NENI,N,4076,"3562,3","0,00787","28,06","1,05",0,"29,11",0,F,757
12,11,202603,202603,SPOX_0347,0,2NENI,D,4853,"24199,7","0,00787","190,45","7,21",0,"197,66",0,F,143
12,11,202603,202603,ULAX_1204,0,2NENI,N,8,4,"0,00787","0,02",0,0,"0,02",0,F,86
12,11,202603,202603,ULAX_4721,0,MNENI,N,171,"125,2","0,00787","0,99","0,03",0,"1,02",0,M,430
12,11,202603,202602,ULAX_1201,0, NENV,R,1,"0,5","0,01049","0,01",0,0,"0,01",0,M,18
12,11,202603,202603,SPOX_6694,0, NENV,R,1,"2,6","0,01245","0,03",0,0,"0,03",0,M,325
12,11,202603,202603,SPOX_0999,0,2NENI,D,3676,"4132,6","0,00787","32,52","1,23",0,"33,75",0,F,541
12,11,202603,202603,ULAX_1204,0,2NENI,D,15876,"18976,3","0,00787","149,36","5,65",0,"155,01",0,F,42
12,11,202603,202603,ULAX_1204,0,4NENL,R,1,"3,8","0,00425","0,02",0,0,"0,02",0,F,61
12,11,202603,202603,SPO_14679,0,2GS8I,D,167,"798,5","0,00787","6,28","0,23",0,"6,51",0,F,317
12,11,202603,202602,ULAX_1204,0,4NENL,N,1,"1,4","0,00605","0,01",0,0,"0,01",0,F,705
12,11,202603,202603,SPOX_0999,0,4NENL,R,6,"6,9","0,00423","0,02",0,0,"0,02",0,F,81
12,11,202603,202603,ULAX_0432,0, NENV,R,1,"0,5","0,0118","0,01",0,0,"0,01",0,M,348
12,11,202603,202603,ULAX_1204,0,4NENL,N,311,"301,4","0,00605","1,81","0,06",0,"1,87",0,F,91
12,11,202603,202603,SPO_11404,0,2NSNI,R,1,"0,5","0,00787",0,0,0,0,0,F,143
12,11,202603,202603,SPOX_0999,0,2NENI,S,4,"4,2","0,00787","0,03",0,0,"0,03",0,F,357
12,11,202603,202603,SPOX_0999,0,1NSEI,D,29,"137,9","0,00787","1,08","0,04",0,"1,12",0,F,143
12,11,202603,202603,ULAX_0432,0,4NENL,N,140,"127,1","0,00605","0,77","0,02",0,"0,79",0,F,607
12,11,202603,202603,ULAX_1204,0,2NENI,R,5,"62,9","0,00787","0,5","0,01",0,"0,51",0,F,5
12,11,202603,202603,SPO_10705,0,2NENI,N,843,"1019,6","0,00787","8,03","0,3",0,"8,33",0,F,363
12,11,202603,202603,SPOX_0999,0,2NENI,N,13,"8,9","0,00787","0,04",0,0,"0,04",0,F,917
12,11,202603,202603,SPOX_0348,0,2IENI,N,38,"41,7","0,00787","0,31","0,01",0,"0,32",0,F,143
12,11,202603,202603,ULAX_1204,0,2NENI,N,5,"7,4","0,00787","0,05",0,0,"0,05",0,F,214
12,11,202603,202603,ULAX_4726,0,1NSEI,D,5,"148,7","0,00787","1,17","0,04",0,"1,21",0,F,355
12,11,202603,202602,ULAX_1204,0,2NENI,D,2,"5,2","0,00787","0,04",0,0,"0,04",0,F,31
12,11,202603,202603,SPOX_6716,0,2NENI,D,7,"5,6","0,00787","0,03",0,0,"0,03",0,F,764
12,11,202603,202603,SPOX_0999,0,2NENI,D,642,896,"0,00787","7,05","0,26",0,"7,31",0,F,738
12,11,202603,202603,ULAX_1204,0,2NENI,D,200,"211,9","0,00787","1,67","0,06",0,"1,73",0,F,91
12,11,202603,202603,ULAX_1204,0,4NENL,R,88,207,"0,00425","0,87","0,03",0,"0,9",0,F,267
12,11,202603,202603,SPO_14679,0,2GS8I,S,8,"13,1","0,00787","0,1",0,0,"0,1",0,F,363
12,11,202603,202602,ULAX_1204,0,MGS8I,N,3,"17,2","0,00787","0,13",0,0,"0,13",0,M,348
12,11,202603,202603,SPOX_0999,0,4NENL,R,17,"21,3","0,00423","0,08",0,0,"0,08",0,F,284
12,11,202603,202603,ULAX_1055,0,2NENI,R,2,"3,5","0,00787","0,03",0,0,"0,03",0,F,355
12,11,202603,202603,ULAX_1204,0,4NENL,N,1,"0,5","0,00605",0,0,0,0,0,F,239
12,11,202603,202603,SPO_11405,0,2IENI,S,2,1,"0,00787","0,01",0,0,"0,01",0,F,143
12,11,202603,202603,SPOX_0999,0,2NENI,S,7,11,"0,00787","0,09",0,0,"0,09",0,F,951
12,11,202603,202603,SPOX_0999,0,2GS8I,R,32,"149,5","0,00787","1,16","0,04",0,"1,2",0,F,317
12,11,202603,202603,ULAX_0432,0,4NENL,N,2,1,"0,00608",0,0,0,0,0,F,204
12,11,202603,202603,ULAX_1204,0,2NENI,R,5,"8,1","0,00787","0,06",0,0,"0,06",0,F,182
12,11,202603,202603,SPO_10809,0,MNENI,S,1,"0,5","0,0076",0,0,0,0,0,M,325
12,11,202603,202603,SPOX_0999,0,2NENI,N,1,"1,1","0,00787","0,01",0,0,"0,01",0,F,969
12,11,202603,202603,SPOX_0543,0, NENV,R,1,"0,5","0,01049","0,01",0,0,"0,01",0,M,34
12,11,202603,202603,ULAX_1204,0,2NENI,N,2,"5,5","0,00787","0,04",0,0,"0,04",0,F,258
12,11,202603,202603,ULAX_4726,0, NENV,N,4,"14,9","0,01499","0,23",0,0,"0,23",0,M,34
12,11,202603,202603,SPOX_9684,0,1NSEI,D,10,"51,2","0,00787","0,38","0,01",0,"0,39",0,F,143
12,11,202603,202603,SPOX_0999,0,2NENI,D,8,"4,7","0,00787","0,03",0,0,"0,03",0,F,810
12,11,202603,202602,SPOX_0083,0,1NENI,D,2,"1,1","0,0078","0,01",0,0,"0,01",0,F,143
12,11,202603,202603,ULAX_1204,0,2NENI,D,3,"4,8","0,00787","0,04",0,0,"0,04",0,F,214
12,11,202603,202603,ULAX_1204,0,4NENL,R,21,63,"0,00425","0,27","0,01",0,"0,28",0,F,951
12,11,202603,202603,SPO_14681,0,2GS8I,D,64,"345,7","0,00787","2,72","0,1",0,"2,82",0,F,143
12,11,202603,202603,SPOX_0046,0,1NSEI,R,1,1,"0,00787","0,01",0,0,"0,01",0,F,143
12,11,202603,202603,SPOX_0999,0,4NENL,R,4,"6,4","0,00423","0,03",0,0,"0,03",0,F,998
12,11,202603,202603,ULAX_1201,0,2NENI,D,2,"1,1","0,00787",0,0,0,0,0,F,251
12,11,202603,202603,ULAX_1204,0,4NENL,N,1,"0,5","0,00605",0,0,0,0,0,F,505
12,11,202603,202603,SPO_11462,0,2NENI,R,3,"5,2","0,00787","0,03",0,0,"0,03",0,F,351
12,11,202603,202603,SPOX_0999,0,4NENL,N,47,"67,9","0,00605","0,42","0,01",0,"0,43",0,F,95
12,11,202603,202603,SPOX_0999,0,2NENI,D,13,"14,9","0,00787","0,11",0,0,"0,11",0,F,55
12,11,202603,202603,ULAX_0432,0,4NENL,N,2,1,"0,00608",0,0,0,0,0,F,965
12,11,202603,202603,ULAX_1204,0,2NENI,R,470,"1723,6","0,00787","13,57","0,51",0,"14,08",0,F,251
12,11,202603,202603,SPO_11144,0,2NENI,N,16,"42,1","0,00787","0,32","0,01",0,"0,33",0,F,708
12,11,202603,202603,SPOX_0999,0,2NENI,R,305,1512,"0,00787","11,92","0,45",0,"12,37",0,F,42
12,11,202603,202603,SPOX_0551,0,2NENI,R,30,"42,3","0,00787","0,32","0,01",0,"0,33",0,F,351
12,11,202603,202603,ULAX_4728,0, NENV,N,13,"78,8","0,01499","1,18","0,04",0,"1,22",0,M,30
12,11,202603,202603,SPOX_9684,0,2GS8I,R,99,"141,7","0,00787","1,09","0,04",0,"1,13",0,F,363
12,11,202603,202603,SPOX_0999,0,2NENI,D,214,"372,5","0,00787","2,92","0,11",0,"3,03",0,F,960
12,11,202603,202602,SPOX_0970,0,2NENI,D,1,"1,2","0,00787","0,01",0,0,"0,01",0,F,143
12,11,202603,202603,ULAX_1204,0,2NENI,D,1032,"1063,3","0,00787","8,37","0,31",0,"8,68",0,F,242
12,11,202603,202603,ULAX_1204,0,MGS8I,N,66,"274,7","0,00787","2,14","0,08",0,"2,22",0,M,325
12,11,202603,202603,SPO_14681,0,2NENI,N,3,"14,3","0,00787","0,11",0,0,"0,11",0,F,638
12,11,202603,202603,SPOX_0046,0,2NENI,N,98,227,"0,00787","1,8","0,06",0,"1,86",0,F,225
12,11,202603,202603,SPOX_0999,0,4NENL,R,401,1271,"0,00425","5,37","0,2",0,"5,57",0,F,251
12,11,202603,202603,ULAX_1201,0,2NENI,N,15,"7,6","0,00787","0,03",0,0,"0,03",0,F,852
12,11,202603,202603,ULAX_1204,0,4NENL,N,4,2,"0,00605","0,01",0,0,"0,01",0,F,915
12,11,202603,202603,SPO_12218,0,2NENI,N,22,"13,5","0,00787","0,09",0,0,"0,09",0,F,361
12,11,202603,202603,SPOX_0999,0,4NENL,N,9919,"14579,4","0,00605","88,2","3,34",0,"91,54",0,F,271
12,11,202603,202603,SPOX_0999,0,2NENI,D,34,"52,9","0,00787","0,4","0,01",0,"0,41",0,F,95
12,11,202603,202603,ULAX_0432,0,MNENI,D,3,"1,5","0,00787",0,0,0,0,0,M,30
12,11,202603,202603,ULAX_1204,0,2NENI,R,5,"2,9","0,00787","0,01",0,0,"0,01",0,F,293
12,11,202603,202603,SPO_11182,0,2NENI,D,2,"4,4","0,00787","0,04",0,0,"0,04",0,F,241
12,11,202603,202603,SPOX_0999,0,2NENI,R,1,"1,5","0,00787","0,01",0,0,"0,01",0,F,208
12,11,202603,202603,SPOX_0777,0,2GS8I,D,1,3,"0,00787","0,02",0,0,"0,02",0,F,431
12,11,202603,202603,ULAX_4760,0,2NENI,R,1,"0,5","0,00787",0,0,0,0,0,F,767
12,11,202603,202603,ULAX_1204,0,2NENI,D,2746,2836,"0,00787","22,31","0,84",0,"23,15",0,F,267
12,11,202603,202603,SPO_10092,0,2NENI,R,38,"66,4","0,00787","0,51","0,01",0,"0,52",0,F,357
12,11,202603,202603,SPOX_0999,0,2NENI,D,68,"70,1","0,00787","0,51","0,02",0,"0,53",0,F,998
12,11,202603,202602,SPOX_0999,0,2NENI,D,1,"1,2","0,0078","0,01",0,0,"0,01",0,F,363
12,11,202603,202603,ULAX_1204,0,MNENI,N,7,"6,1","0,00787","0,05",0,0,"0,05",0,M,451
12,11,202603,202603,ULAX_1201,0,2NENI,S,1,"0,5","0,00787",0,0,0,0,0,F,951
12,11,202603,202603,SPOX_0083,0,1NENI,D,5449,"10884,3","0,00787","85,65","3,24",0,"88,89",0,F,143
12,11,202603,202603,SPOX_0999,0,4NENL,R,2,"2,4","0,00425","0,01",0,0,"0,01",0,F,865
12,11,202603,202603,ULAX_1204,0,4NENL,N,5,"3,5","0,00607","0,01",0,0,"0,01",0,F,220
12,11,202603,202603,ULAX_0432,0,MNENI,D,70,"56,1","0,00787","0,43","0,01",0,"0,44",0,M,463
12,11,202603,202603,SPO_14639,0,2GS8I,D,1,"17,3","0,00787","0,14",0,0,"0,14",0,F,431
12,11,202603,202603,SPOX_0999,0,4NENL,N,1,"1,9","0,00605","0,01",0,0,"0,01",0,F,597
12,11,202603,202603,SPOX_0999,0,2NENI,D,24473,"46238,2","0,00787","363,92","13,78",0,"377,7",0,F,221
12,11,202603,202603,ULAX_1204,0,2NENI,R,277,"722,9","0,00787","5,68","0,21",0,"5,89",0,F,431
12,11,202603,202603,SPO_11230,0,2NENI,R,15,"8,4","0,00787","0,04",0,0,"0,04",0,F,317
12,11,202603,202603,SPOX_0999,0,2NENI,R,66,"112,3","0,00787","0,84","0,03",0,"0,87",0,F,265
12,11,202603,202603,SPOX_0823,0,2GS8I,N,280,1509,"0,00787","11,87","0,44",0,"12,31",0,F,361
12,11,202603,202603,ULAX_1204,0,2NENI,D,388,"365,5","0,00787","2,88","0,1",0,"2,98",0,F,316
12,11,202603,202603,SPO_10152,0,2NEAI,N,1,1,"0,00787","0,01",0,0,"0,01",0,F,143
12,11,202603,202603,SPOX_0999,0,2NENI,N,222,"300,6","0,00787","2,39","0,08",0,"2,47",0,F,81
12,11,202603,202602,SPOX_0999,0,2NENI,D,1,"0,5","0,00787",0,0,0,0,0,F,655
12,11,202603,202603,ULAX_1204,0, NENV,N,1,"0,5","0,01686","0,01",0,0,"0,01",0,M,461
12,11,202603,202603,ULAX_1201,0,4NENL,R,4,2,"0,00425",0,0,0,0,0,F,951
12,11,202603,202603,SPOX_0083,0,2GS8I,D,329,"2083,2","0,00787","16,42","0,62",0,"17,04",0,F,143
12,11,202603,202603,SPOX_0999,0,MNENI,D,29,"136,4","0,00787","1,07","0,04",0,"1,11",0,M,50
12,11,202603,202603,SPO_14657,0,2NENI,D,3363,"5788,2","0,00787","45,56","1,72",0,"47,28",0,F,143
12,11,202603,202603,ULAX_1204,0,4NENL,N,15,"14,5","0,00608","0,08",0,0,"0,08",0,F,206
12,11,202603,202603,ULAX_0432,0,MNENI,N,955,926,"0,00787","7,28","0,27",0,"7,55",0,M,451
12,11,202603,202603,SPOX_0999,0,4NENL,N,4,2,"0,00605",0,0,0,0,0,F,915
12,11,202603,202603,SPOX_0999,0,2NENI,D,17839,"28937,2","0,00787","227,75","8,61",0,"236,36",0,F,251
12,11,202603,202603,SPO_11232,0,2NENI,N,12,"16,6","0,00787","0,12",0,0,"0,12",0,F,71
12,11,202603,202603,ULAX_1204,0,2NENI,R,27,"59,8","0,00787","0,47","0,01",0,"0,48",0,F,767
12,11,202603,202603,ULAX_0432,0,1NENI,N,2,"1,6","0,00787","0,01",0,0,"0,01",0,F,931
12,11,202603,202603,SPOX_0999,0,2NENI,R,35,"57,4","0,00787","0,43","0,01",0,"0,44",0,F,317
12,11,202603,202603,SPOX_0970,0,1NENI,D,5,"24,6","0,00787","0,19",0,0,"0,19",0,F,212
12,11,202603,202603,SPO_10152,0,2NENI,S,10,"23,4","0,00787","0,17",0,0,"0,17",0,F,143
12,11,202603,202603,ULAX_1204,0,2NENI,D,1,"0,5","0,00787",0,0,0,0,0,F,505
12,11,202603,202603,ULAX_2826,0,4NENL,N,50,"135,7","0,00605","0,82","0,03",0,"0,85",0,F,807
12,11,202603,202603,SPOX_0999,0,2NENI,N,825,"1146,6","0,00787","9,04","0,34",0,"9,38",0,F,205
12,11,202603,202602,SPOX_0999,0,2NENI,N,1,"0,5","0,00787",0,0,0,0,0,F,291
12,11,202603,202603,ULAX_1201,0,MNENI,D,9,"11,2","0,00787","0,08",0,0,"0,08",0,M,B99
12,11,202603,202603,SPOX_0083,0,2NENI,D,33,"79,8","0,00787","0,63","0,02",0,"0,65",0,F,638
12,11,202603,202603,SPOX_0999,0, NENV,N,14,"7,8","0,01686","0,15",0,0,"0,15",0,M,6
12,11,202603,202603,ULAX_1204,0,4NENL,N,5,"6,7","0,00608","0,03",0,0,"0,03",0,F,258
12,11,202603,202603,SPO_14657,0,4NENL,N,19,"29,8","0,0061","0,17",0,0,"0,17",0,F,638
12,11,202603,202603,ULAX_0432,0,MNENI,N,4,"7,2","0,00787","0,05",0,0,"0,05",0,M,B99
12,11,202603,202603,SPOX_0999,0,4NENL,N,5,"2,5","0,00607","0,02",0,0,"0,02",0,F,220
12,11,202603,202603,SPOX_0999,0,2NENI,D,2479,"2360,1","0,00787","18,58","0,7",0,"19,28",0,F,291
12,11,202603,202603,ULAX_1204,0,2NENI,R,1,"1,3","0,00787","0,01",0,0,"0,01",0,F,981
12,11,202603,202603,SPO_11362,0,2NENI,D,9,"4,5","0,00787","0,04",0,0,"0,04",0,F,804
12,11,202603,202603,ULAX_0432,0,2NENI,D,120,89,"0,00787","0,7","0,02",0,"0,72",0,F,251
12,11,202603,202603,SPOX_0999,0,2NENI,R,85,"155,5","0,00787","1,22","0,04",0,"1,26",0,F,661
12,11,202603,202603,SPOX_0970,0,1NSNI,N,17,38,"0,00787","0,29","0,01",0,"0,3",0,F,143
12,11,202603,202603,SPO_10156,0,1NENI,S,3,5,"0,00787","0,04",0,0,"0,04",0,F,143
12,11,202603,202603,ULAX_1204,0,2NENI,D,2,1,"0,00787",0,0,0,0,0,F,764
12,11,202603,202603,ULAX_4036,0, NENV,N,73,"46,4","0,01499","0,66","0,02",0,"0,68",0,M,34
12,11,202603,202603,SPOX_0999,0,2NENI,N,12,"16,1","0,00787","0,13",0,0,"0,13",0,F,240
12,11,202603,202602,SPOX_0999,0,4NENL,N,1,"0,6","0,00602",0,0,0,0,0,F,261
12,11,202603,202603,ULAX_4763,0,2NENI,S,3,"28,4","0,00787","0,23",0,0,"0,23",0,F,355
12,11,202603,202603,SPOX_4927,0,2GS8I,D,3,21,"0,00787","0,17",0,0,"0,17",0,F,431
12,11,202603,202603,ULAX_1201,0,MNENI,R,53,"41,5","0,00787","0,31","0,01",0,"0,32",0,M,18
12,11,202603,202603,SPOX_0083,0,4NENL,N,16,"139,7","0,0061","0,84","0,03",0,"0,87",0,F,203
12,11,202603,202603,SPOX_1158,0,2GS8I,D,1,"5,3","0,00787","0,04",0,0,"0,04",0,F,319
12,11,202603,202603,ULAX_1204,0,4NENL,N,16270,"16155,1","0,00608","98,23","3,73",0,"101,96",0,F,757
12,11,202603,202603,SPO_14667,0,1NSEI,N,2,"15,9","0,00787","0,13",0,0,"0,13",0,F,143
12,11,202603,202603,ULAX_0432,0,MNENI,R,10,5,"0,00787","0,04",0,0,"0,04",0,M,498
12,11,202603,202603,SPOX_0999,0,4NENL,N,14,"24,6","0,00608","0,14",0,0,"0,14",0,F,206
12,11,202603,202603,ULAX_1204,0,2NENI,S,24,"32,2","0,00787","0,23",0,0,"0,23",0,F,227
12,11,202603,202603,SPO_11366,0,2NENI,N,1097,"3043,1","0,00787","23,98","0,9",0,"24,88",0,F,361
12,11,202603,202603,SPOX_0970,0,2IENI,N,76,201,"0,00787","1,58","0,05",0,"1,63",0,F,143
12,11,202603,202603,ULAX_0432,0,2NENI,D,54,"32,3","0,00787","0,26",0,0,"0,26",0,F,852
12,11,202603,202603,SPO_14667,0,2GS8I,R,6,"8,6","0,00787","0,06",0,0,"0,06",0,F,143
12,11,202603,202603,ULAX_0432,0,MNENI,S,1,"0,7","0,00787","0,01",0,0,"0,01",0,M,421
12,11,202603,202603,SPOX_0999,0,4NENL,N,14462,"21229,2","0,00608","129,09","4,89",0,"133,98",0,F,247
12,11,202603,202603,ULAX_1204,0,2NENI,S,1,"0,5","0,00787",0,0,0,0,0,F,255
12,11,202603,202603,SPO_11370,0,2GS8I,D,162,"1336,6","0,00787","10,54","0,39",0,"10,93",0,F,361
12,11,202603,202603,SPOX_0970,0,2NENI,D,18,"52,3","0,00787","0,41","0,01",0,"0,42",0,F,638
12,11,202603,202603,ULAX_0432,0,2NENI,D,2,"1,7","0,00787","0,01",0,0,"0,01",0,F,963
12,11,202603,202603,SPOX_0999,0,2NENI,R,1,"0,5","0,00787",0,0,0,0,0,F,967
12,11,202603,202603,ULAX_1204,0,2NENI,N,218,"670,1","0,00787","5,29","0,19",0,"5,48",0,F,470
12,11,202603,202603,SPO_10402,0,MNENI,N,1,"0,5","0,00787",0,0,0,0,0,M,411
12,11,202603,202603,SPOX_0088,0,1NENI,D,1,"2,9","0,00787","0,02",0,0,"0,02",0,F,143
12,11,202603,202603,ULAX_1204,0,2NENI,D,617,"969,9","0,00787","7,64","0,28",0,"7,92",0,F,941
12,11,202603,202603,ULAX_4202,0,1NSEI,D,5,"66,8","0,00787","0,53","0,01",0,"0,54",0,F,674
12,11,202603,202603,SPOX_0999,0,2NENI,N,469,350,"0,00787","2,75","0,1",0,"2,85",0,F,294
12,11,202603,202602,SPOX_6716,0,2GS8I,D,2,4,"0,0078","0,03",0,0,"0,03",0,F,363
12,11,202603,202603,SPOX_6685,0,2NENI,N,1,"0,5","0,00787",0,0,0,0,0,F,766
12,11,202603,202603,ULAX_1201,0, NENV,N,1,"0,5","0,01499","0,01",0,0,"0,01",0,M,456
12,11,202603,202603,ULAX_1204,0,4NENL,N,1887,"6853,3","0,00631","43,25","1,63",0,"44,88",0,F,235
12,11,202603,202603,SPO_14667,0,2NENI,R,89,"243,6","0,00787","1,9","0,07",0,"1,97",0,F,143
12,11,202603,202602,ULAX_1204,0,2NENI,D,1,"0,6","0,00787",0,0,0,0,0,F,318
12,11,202603,202603,SPOX_0999,0,4NENL,N,3703,"4608,3","0,00608","28,03","1,06",0,"29,09",0,F,470
12,11,202603,202603,ULAX_0432,0, NENV,N,1,"0,5","0,01499","0,01",0,0,"0,01",0,M,78
12,11,202603,202603,ULAX_1204,0,2NENI,S,18,"21,1","0,00787","0,13",0,0,"0,13",0,F,317
12,11,202603,202603,SPO_11402,0,1NENI,N,2,"1,2","0,00787","0,01",0,0,"0,01",0,F,212
12,11,202603,202603,SPOX_0999,0,2NENI,S,1,2,"0,00787","0,02",0,0,"0,02",0,F,47
12,11,202603,202603,SPOX_0970,0,4IENL,N,1,"7,3","0,0061","0,04",0,0,"0,04",0,F,212
12,11,202603,202603,ULAX_0432,0,2NENI,N,45,"30,1","0,00787","0,23",0,0,"0,23",0,F,251
12,11,202603,202603,ULAX_1204,0,2NENI,N,332,"298,5","0,00787","2,37","0,08",0,"2,45",0,F,767
12,11,202603,202603,SPO_10416,0,MNENI,N,68,37,"0,0076","0,28","0,01",0,"0,29",0,M,325
12,11,202603,202603,SPOX_0999,0,2NENI,N,627,"631,7","0,00787","4,99","0,18",0,"5,17",0,F,357
12,11,202603,202603,SPOX_0326,0,2NENI,D,1,"0,5","0,00787",0,0,0,0,0,F,203
12,11,202603,202603,ULAX_1204,0,2NENI,D,26,"15,6","0,00787","0,1",0,0,"0,1",0,F,984
12,11,202603,202603,ULAX_4202,0,4NENL,N,1,"0,5","0,00608",0,0,0,0,0,F,806
12,11,202603,202602,SPO_11405,0,2NENI,N,4,"13,6","0,00787","0,1",0,0,"0,1",0,F,143
12,11,202603,202603,SPOX_6685,0, NENV,R,1,"0,9","0,01245","0,01",0,0,"0,01",0,M,411
12,11,202603,202603,ULAX_1201,0, NENV,R,295,"259,9","0,0118","3,05","0,11",0,"3,16",0,M,451
12,11,202603,202603,ULAX_1204,0,4NENL,R,116,"314,8","0,00423","1,31","0,05",0,"1,36",0,F,227
12,11,202603,202603,SPO_14667,0,MNENI,N,1,"0,5","0,00787",0,0,0,0,0,M,411
12,11,202603,202602,ULAX_1204,0,2NENI,N,1,"0,5","0,00787",0,0,0,0,0,F,241
12,11,202603,202603,SPOX_0999,0,4NENL,N,36,"31,2","0,00608","0,18",0,0,"0,18",0,F,806
12,11,202603,202603,ULAX_0432,0, NENV,N,8,"4,8","0,01686","0,08",0,0,"0,08",0,M,6
12,11,202603,202603,ULAX_1204,0,2NENI,S,4,"4,4","0,00787","0,03",0,0,"0,03",0,F,705
12,11,202603,202603,SPO_11402,0,2NENI,N,24,"58,6","0,00787","0,45","0,01",0,"0,46",0,F,638
12,11,202603,202603,SPOX_0999,0,2NENI,S,2,2,"0,00787","0,01",0,0,"0,01",0,F,242
12,11,202603,202603,SPOX_0970,0,MNENI,N,1,"0,5","0,00787",0,0,0,0,0,M,14
12,11,202603,202603,ULAX_0432,0,2NENI,N,3,2,"0,00787","0,01",0,0,"0,01",0,F,934
12,11,202603,202603,ULAX_1204,0,2NENI,N,99,"73,8","0,00787","0,56","0,02",0,"0,58",0,F,925
12,11,202603,202603,SPO_10448,0,2NENI,N,5,"2,5","0,00787",0,0,0,0,0,F,364
12,11,202603,202603,SPOX_0999,0,2NENI,N,1703,"1933,3","0,00787","15,19","0,57",0,"15,76",0,F,674
12,11,202603,202603,SPOX_0347,0,1NENI,R,2,"3,2","0,00787","0,03",0,0,"0,03",0,F,143
12,11,202603,202603,ULAX_1204,0,2NENI,N,996,"4866,7","0,00787","38,31","1,45",0,"39,76",0,F,62
12,11,202603,202603,ULAX_4616,0,2NENI,R,1,"0,5","0,00787",0,0,0,0,0,F,355
12,11,202603,202602,ULAX_1201,0,2NENI,N,1,"0,5","0,00787",0,0,0,0,0,F,361
12,11,202603,202603,SPOX_6694,0,MGS8I,N,33,"245,5","0,00787","1,91","0,07",0,"1,98",0,M,325
12,11,202603,202603,SPOX_0999,0,2NENI,D,696,"722,4","0,00787","5,68","0,21",0,"5,89",0,F,359
12,11,202603,202603,ULAX_1204,0,1NSEI,N,1,"8,6","0,00787","0,07",0,0,"0,07",0,F,48
12,11,202603,202603,ULAX_1204,0,4NENL,R,31,"66,6","0,00423","0,28","0,01",0,"0,29",0,F,767
12,11,202603,202603,SPO_14678,0,2GS8I,D,2,"1,1","0,00787",0,0,0,0,0,F,363
12,11,202603,202602,ULAX_1204,0,4NENL,N,1,"5,5","0,00602","0,03",0,0,"0,03",0,F,267
12,11,202603,202603,SPOX_0999,0,4NENL,N,338,"620,5","0,00631","3,93","0,14",0,"4,07",0,F,219
12,11,202603,202603,ULAX_0432,0, NENV,R,2,1,"0,01049","0,01",0,0,"0,01",0,M,493
12,11,202603,202603,ULAX_1204,0,4NENL,N,12008,"70218,7","0,00605","424,82","16,09",0,"440,91",0,F,31
12,11,202603,202603,SPO_11402,0, GS8V,N,80,"259,9","0,01499","3,86","0,14",0,4,0,M,34
12,11,202603,202603,SPOX_0999,0,2NENI,S,14,"10,2","0,00787","0,05",0,0,"0,05",0,F,292
12,11,202603,202603,SPOX_0999,0,1NENI,D,19,"17,2","0,00787","0,15",0,0,"0,15",0,F,705
12,11,202603,202603,ULAX_0432,0,2NENI,R,6,"3,4","0,00787","0,03",0,0,"0,03",0,F,971
12,11,202603,202603,ULAX_1204,0,2NENI,N,783,644,"0,00787","5,07","0,19",0,"5,26",0,F,977
12,11,202603,202603,SPO_10617,0,4NENL,R,22,"60,4","0,00427","0,25",0,0,"0,25",0,F,638
12,11,202603,202603,SPOX_0999,0,2NENI,N,4,2,"0,00787",0,0,0,0,0,F,807
12,11,202603,202603,SPOX_0347,0,4NENL,N,18,"40,9","0,0061","0,24",0,0,"0,24",0,F,638
12,11,202603,202603,ULAX_1204,0,2NENI,N,58,"40,6","0,00787","0,31","0,01",0,"0,32",0,F,182
12,11,202603,202603,ULAX_4721,0, NENV,N,8,"11,9","0,01499","0,17",0,0,"0,17",0,M,76
12,11,202603,202602,ULAX_1204,0,2NENI,D,3,"3,5","0,0078","0,02",0,0,"0,02",0,F,247
12,11,202603,202603,SPOX_6698,0,MNENI,D,44,"26,2","0,0076","0,2",0,0,"0,2",0,M,34
12,11,202603,202603,SPOX_0999,0,2NENI,D,3417,"4395,6","0,00787","34,61","1,3",0,"35,91",0,F,661
12,11,202603,202603,ULAX_1204,0,2NENI,D,339,"388,8","0,00787","3,08","0,11",0,"3,19",0,F,67
12,11,202603,202603,ULAX_1204,0,4NENL,R,3,"2,1","0,00425","0,01",0,0,"0,01",0,F,223
12,11,202603,202603,SPO_14679,0,2GS8I,N,38,"187,1","0,00787","1,49","0,05",0,"1,54",0,F,351
12,11,202603,202602,ULAX_1204,0,4NENL,N,3,"1,8","0,00608","0,01",0,0,"0,01",0,F,706
12,11,202603,202603,SPOX_0999,0,4NENL,R,1185,"5352,9","0,00423","22,63","0,85",0,"23,48",0,F,221
12,11,202603,202603,ULAX_0953,0,2NENI,R,12,"40,5","0,00787","0,33","0,01",0,"0,34",0,F,674
12,11,202603,202603,ULAX_1204,0,4NENL,N,24,"17,9","0,00605","0,11",0,0,"0,11",0,F,209
12,11,202603,202603,SPO_11405,0,1NSNI,D,3,"11,6","0,00787","0,09",0,0,"0,09",0,F,143
12,11,202603,202603,SPOX_0999,0,2NENI,S,24,"18,5","0,00787","0,13",0,0,"0,13",0,F,674
12,11,202603,202603,SPOX_0999,0,2GS8I,D,845,"5436,5","0,00787","42,76","1,62",0,"44,38",0,F,363
12,11,202603,202603,ULAX_0432,0,4NENL,N,611,"452,3","0,00605","2,72","0,1",0,"2,82",0,F,931
12,11,202603,202603,ULAX_1204,0,2NENI,R,1,"3,8","0,00787","0,03",0,0,"0,03",0,F,61
12,11,202603,202603,SPO_10802,0,4NENL,N,3,"8,4","0,00605","0,05",0,0,"0,05",0,F,71
12,11,202603,202603,SPOX_0999,0,2NENI,N,104,"86,4","0,00787","0,69","0,02",0,"0,71",0,F,943
12,11,202603,202603,SPOX_0348,0,4NENL,N,22,"30,2","0,0061","0,17",0,0,"0,17",0,F,638
12,11,202603,202603,ULAX_1204,0,2NENI,N,7814,"18311,9","0,00787","144,14","5,45",0,"149,59",0,F,232
12,11,202603,202603,ULAX_4726,0,2GS8I,S,16,"13,1","0,00787","0,12",0,0,"0,12",0,F,355
12,11,202603,202603,SPOX_6716,0,4NENL,N,12,"10,5","0,00608","0,06",0,0,"0,06",0,F,247
12,11,202603,202603,SPOX_0999,0,2NENI,D,1,2,"0,00787","0,02",0,0,"0,02",0,F,795
12,11,202603,202603,ULAX_1204,0,2NENI,D,3,"1,5","0,00787",0,0,0,0,0,F,192
12,11,202603,202603,ULAX_1204,0,4NENL,R,1,"0,5","0,00425",0,0,0,0,0,F,707
12,11,202603,202603,SPO_14681,0,1NENI,N,1,"0,5","0,00787",0,0,0,0,0,F,638
12,11,202603,202602,ULAX_4728,0, NENV,N,1,"0,5","0,01499","0,01",0,0,"0,01",0,M,34
12,11,202603,202603,SPOX_0999,0,4NENL,R,26,"64,8","0,00423","0,26","0,01",0,"0,27",0,F,705
12,11,202603,202603,ULAX_1158,0,2GS8I,N,7,"17,9","0,00787","0,14",0,0,"0,14",0,F,674
12,11,202603,202603,ULAX_1204,0,4NENL,N,1731,"1580,6","0,00605","9,57","0,36",0,"9,93",0,F,284
12,11,202603,202603,SPO_11405,0,2NSNI,N,11,"12,5","0,00787","0,09",0,0,"0,09",0,F,143
12,11,202603,202603,SPOX_0999,0,4NENL,N,28,"29,7","0,00605","0,17",0,0,"0,17",0,F,79
12,11,202603,202603,SPOX_0999,0,2GS8I,S,2,"1,6","0,00787","0,01",0,0,"0,01",0,F,431
12,11,202603,202603,ULAX_0432,0,4NENL,N,31,"23,6","0,00608","0,14",0,0,"0,14",0,F,709
12,11,202603,202603,ULAX_1204,0,2NENI,R,2,"1,5","0,00787","0,01",0,0,"0,01",0,F,223
12,11,202603,202603,SPO_10810,0,MGS8I,N,3,"24,4","0,00787","0,19",0,0,"0,19",0,M,325
12,11,202603,202603,SPOX_0999,0,2NENI,N,16,"10,6","0,00787","0,08",0,0,"0,08",0,F,985
12,11,202603,202603,SPOX_0545,0,4NENL,N,5,3,"0,00605","0,02",0,0,"0,02",0,F,621
12,11,202603,202603,ULAX_1204,0,2NENI,N,1661,"1603,9","0,00787","12,63","0,47",0,"13,1",0,F,281
12,11,202603,202603,ULAX_4728,0,MNENI,D,265,"250,5","0,00787","1,96","0,07",0,"2,03",0,M,430
12,11,202603,202603,SPOX_9684,0,2GS8I,D,445,"2767,8","0,00787","21,8","0,82",0,"22,62",0,F,363
12,11,202603,202603,SPOX_0999,0,2NENI,D,319,"455,5","0,00787","3,59","0,13",0,"3,72",0,F,921
12,11,202603,202602,SPOX_0347,0,2NENI,N,1,"8,7","0,0078","0,07",0,0,"0,07",0,F,143
12,11,202603,202603,ULAX_1204,0,2NENI,D,4672,10421,"0,00787","82,01","3,1",0,"85,11",0,F,227
12,11,202603,202603,ULAX_1204,0, GS8V,N,45239,"224940,1","0,01499","3371,87","127,73",0,"3499,6",0,M,34
12,11,202603,202603,SPO_14681,0,2IENI,N,26,"106,1","0,00787","0,83","0,03",0,"0,86",0,F,143
12,11,202603,202603,SPOX_0046,0,2IENI,R,1,"0,5","0,00787",0,0,0,0,0,F,225
12,11,202603,202603,SPOX_0999,0,4NENL,R,101,"404,2","0,00425","1,7","0,06",0,"1,76",0,F,62
12,11,202603,202603,ULAX_1201,0,2NENI,D,1023,"1056,4","0,00787","8,33","0,31",0,"8,64",0,F,977
12,11,202603,202603,ULAX_1204,0,4NENL,N,1144,"1126,1","0,00605","6,82","0,25",0,"7,07",0,F,767
12,11,202603,202603,SPO_11464,0,MNENI,N,2,"2,1","0,0076","0,01",0,0,"0,01",0,M,34
12,11,202603,202603,SPOX_0999,0,4NENL,N,4,2,"0,00605",0,0,0,0,0,F,214
12,11,202603,202603,SPOX_0999,0,2NENI,D,531,"997,8","0,00787","7,86","0,29",0,"8,15",0,F,81
12,11,202603,202603,ULAX_0432,0,4NENL,R,2,1,"0,00425",0,0,0,0,0,F,121
12,11,202603,202603,ULAX_1204,0,2NENI,R,27,"425,2","0,00787","3,35","0,12",0,"3,47",0,F,279
12,11,202603,202603,SPO_11152,0,MNENI,R,1,"0,5","0,0076",0,0,0,0,0,M,34
12,11,202603,202603,SPOX_0999,0,2NENI,R,24,"14,4","0,00787","0,09",0,0,"0,09",0,F,83
12,11,202603,202603,SPOX_0551,0, NENV,N,104,"58,1","0,01499","0,85","0,03",0,"0,88",0,M,34
12,11,202603,202603,ULAX_4760,0,2NENI,D,3,"1,5","0,00787",0,0,0,0,0,F,31
12,11,202603,202603,SPOX_9684,0,MGS8I,N,2,"5,6","0,00787","0,04",0,0,"0,04",0,M,34
12,11,202603,202603,SPOX_0999,0,2NENI,D,3440,"3606,2","0,00787","28,4","1,07",0,"29,47",0,F,977
12,11,202603,202602,SPOX_0999,0,2NENI,D,2,"1,7","0,0078","0,01",0,0,"0,01",0,F,247
12,11,202603,202603,ULAX_1204,0,MNENI,D,9,"27,6","0,0076","0,2",0,0,"0,2",0,M,34
12,11,202603,202603,SPO_14681,0,4NENL,N,2,"3,6","0,0061","0,02",0,0,"0,02",0,F,203
12,11,202603,202603,SPOX_0046,0,4NENL,N,248,"408,6","0,0061","2,48","0,09",0,"2,57",0,F,11
12,11,202603,202603,SPOX_0999,0,4NENL,R,17,"13,3","0,00425","0,05",0,0,"0,05",0,F,294
12,11,202603,202603,ULAX_1204,0,4NENL,N,87,"85,2","0,00605","0,54","0,01",0,"0,55",0,F,981
12,11,202603,202603,SPO_12222,0,2NENI,R,2,"1,7","0,00787","0,01",0,0,"0,01",0,F,361
12,11,202603,202603,SPOX_0999,0,4NENL,N,1559,"1349,7","0,00605","8,17","0,3",0,"8,47",0,F,286
12,11,202603,202603,SPOX_0999,0,2NENI,D,11,"14,4","0,00787","0,11",0,0,"0,11",0,F,206
12,11,202603,202603,ULAX_0432,0,MNENI,D,3,"1,8","0,00787","0,01",0,0,"0,01",0,M,421
12,11,202603,202603,ULAX_1204,0,2NENI,R,13,"27,5","0,00787","0,23",0,0,"0,23",0,F,319
12,11,202603,202603,SPO_11184,0,2NENI,D,155,"401,3","0,00787","3,16","0,11",0,"3,27",0,F,431
12,11,202603,202603,SPOX_0999,0,2NENI,R,60,"241,5","0,00787","1,91","0,07",0,"1,98",0,F,235
12,11,202603,202603,SPOX_0811,0,2NENI,R,30,29,"0,00787","0,22",0,0,"0,22",0,F,361
12,11,202603,202603,ULAX_4762,0,1NSEI,R,6,27,"0,00787","0,21",0,0,"0,21",0,F,35
12,11,202603,202603,ULAX_1204,0,2NENI,D,2726,"3215,3","0,00787","25,31","0,95",0,"26,26",0,F,285
12,11,202603,202603,SPO_10152,0,1NENI,D,4,"11,7","0,00787","0,09",0,0,"0,09",0,F,638
12,11,202603,202603,SPOX_0999,0,2NENI,N,80,"46,3","0,00787","0,36","0,01",0,"0,37",0,F,47
12,11,202603,202602,SPOX_0999,0,2NENI,D,2,14,"0,00787","0,11",0,0,"0,11",0,F,232
12,11,202603,202603,ULAX_1204,0,MNENI,S,1,"0,5","0,00787",0,0,0,0,0,M,451
12,11,202603,202603,ULAX_1201,0,4NENL,N,6,"7,4","0,00608","0,04",0,0,"0,04",0,F,709
12,11,202603,202603,SPOX_0083,0,1NENI,N,5,"3,3","0,00787","0,02",0,0,"0,02",0,F,766
12,11,202603,202603,SPOX_0999,0,4NENL,R,1,"0,5","0,00425",0,0,0,0,0,F,967
12,11,202603,202603,ULAX_1204,0,4NENL,N,161,"148,1","0,00608","0,92","0,03",0,"0,95",0,F,61
12,11,202603,202603,ULAX_0432,0,MNENI,N,1,"0,5","0,00787",0,0,0,0,0,M,6
12,11,202603,202603,SPOX_0999,0,4NENL,N,2,1,"0,00605",0,0,0,0,0,F,756
12,11,202603,202603,SPOX_0999,0,2NENI,D,2,"2,7","0,00787","0,02",0,0,"0,02",0,F,238
12,11,202603,202603,ULAX_1204,0,2NENI,R,1,"2,1","0,00787","0,02",0,0,"0,02",0,F,663
12,11,202603,202603,SPO_14681,0,MNSNI,D,1,"0,5","0,00787",0,0,0,0,0,M,325
12,11,202603,202603,SPOX_0999,0,2NENI,R,18,"26,6","0,00787","0,21",0,0,"0,21",0,F,284
12,11,202603,202603,SPOX_0835,0,2NENI,D,273,"740,7","0,00787","5,82","0,22",0,"6,04",0,F,361
12,11,202603,202603,ULAX_1204,0,2NENI,D,2131,"2157,6","0,00787","17,01","0,64",0,"17,65",0,F,357
12,11,202603,202603,SPO_10152,0,2NENI,N,5,"4,8","0,00787","0,02",0,0,"0,02",0,F,766
12,11,202603,202603,SPOX_0999,0,2NENI,N,11,"5,5","0,00787","0,02",0,0,"0,02",0,F,92
12,11,202603,202602,SPOX_0999,0,2NENI,N,1,"0,5","0,0078",0,0,0,0,0,F,251
12,11,202603,202603,ULAX_1201,0,MNENI,D,12,"49,4","0,00787","0,38","0,01",0,"0,39",0,M,50
12,11,202603,202603,SPOX_0083,0,2IENI,D,141,"318,1","0,00787","2,5","0,09",0,"2,59",0,F,143
12,11,202603,202603,SPOX_0999,0,MNENI,N,3,"2,8","0,00787","0,01",0,0,"0,01",0,M,451
12,11,202603,202603,SPO_14657,0,2NENI,N,1455,"2009,1","0,00787","15,82","0,59",0,"16,41",0,F,143
12,11,202603,202603,ULAX_0432,0,MNENI,N,48,"24,3","0,00787","0,19",0,0,"0,19",0,M,493
12,11,202603,202603,SPOX_0999,0,4NENL,N,98,74,"0,00605","0,46","0,01",0,"0,47",0,F,981
12,11,202603,202603,SPOX_0999,0,2NENI,D,2591,"2747,8","0,00787","21,62","0,81",0,"22,43",0,F,267
12,11,202603,202603,SPO_11232,0,4NENL,N,73,"53,9","0,00605","0,33","0,01",0,"0,34",0,F,208
12,11,202603,202603,ULAX_1204,0,2NENI,R,5,"7,2","0,00787","0,06",0,0,"0,06",0,F,943
12,11,202603,202603,ULAX_0432,0,2NENI,D,24,"21,3","0,00787","0,15",0,0,"0,15",0,F,62
12,11,202603,202603,SPOX_0999,0,2NENI,R,15,"30,8","0,00787","0,24",0,0,"0,24",0,F,359
12,11,202603,202603,SPOX_0970,0,1NENI,N,2,1,"0,00787",0,0,0,0,0,F,689
12,11,202603,202603,SPO_10155,0,1NSEI,D,2,"7,4","0,00787","0,06",0,0,"0,06",0,F,143
12,11,202603,202603,ULAX_1204,0,2NENI,D,5489,"7278,3","0,00787","57,29","2,16",0,"59,45",0,F,674
12,11,202603,202603,ULAX_4030,0,2NENI,D,1,"15,1","0,00787","0,12",0,0,"0,12",0,F,661
12,11,202603,202603,SPOX_0999,0,2NENI,N,144,"267,6","0,00787","2,1","0,07",0,"2,17",0,F,219
12,11,202603,202602,SPOX_0999,0,4NENL,N,1,"8,3","0,00598","0,05",0,0,"0,05",0,F,31
12,11,202603,202603,ULAX_4763,0,2GS8I,R,232,754,"0,00787","5,95","0,22",0,"6,17",0,F,355
12,11,202603,202603,SPOX_1270,0,1NSEI,D,22,168,"0,00787","1,33","0,05",0,"1,38",0,F,143
12,11,202603,202603,ULAX_1201,0,MNENI,N,14,"8,7","0,00787","0,05",0,0,"0,05",0,M,430
12,11,202603,202603,SPOX_0083,0,2NENI,N,11,"24,9","0,00787","0,2",0,0,"0,2",0,F,766
12,11,202603,202603,SPOX_0999,0, NENV,R,1,"0,5","0,0118","0,01",0,0,"0,01",0,M,50
12,11,202603,202603,ULAX_1204,0,4NENL,N,575,"1652,8","0,00608","10,05","0,38",0,"10,43",0,F,470
12,11,202603,202603,SPO_14657,0, NENV,R,6,"4,6","0,01245","0,07",0,0,"0,07",0,M,325
12,11,202603,202603,ULAX_0432,0,MNENI,R,278,"214,9","0,00787","1,68","0,06",0,"1,74",0,M,451
12,11,202603,202603,SPOX_0999,0,4NENL,N,259,"317,9","0,00608","1,95","0,07",0,"2,02",0,F,61
12,11,202603,202603,ULAX_1204,0,2NENI,S,18,"15,2","0,00787","0,1",0,0,"0,1",0,F,85
12,11,202603,202603,SPO_11364,0,MNENI,N,2,1,"0,0076",0,0,0,0,0,M,34
12,11,202603,202603,ULAX_0432,0,2NENI,D,39,"23,1","0,00787","0,17",0,0,"0,17",0,F,655
12,11,202603,202603,SPOX_0999,0,2NENI,R,127,"191,9","0,00787","1,49","0,05",0,"1,54",0,F,757
12,11,202603,202603,ULAX_1204,0,2NENI,N,57,"36,6","0,00787","0,3","0,01",0,"0,31",0,F,296
12,11,202603,202603,SPO_10156,0,2NENI,D,5,"13,9","0,00787","0,11",0,0,"0,11",0,F,638
12,11,202603,202603,ULAX_1204,0,2NENI,D,11,"6,6","0,00787","0,04",0,0,"0,04",0,F,806
12,11,202603,202603,ULAX_4039,0,4NENL,N,2,1,"0,00608","0,01",0,0,"0,01",0,F,61
12,11,202603,202603,SPOX_0999,0,2NENI,N,1,"0,5","0,00787",0,0,0,0,0,F,256
12,11,202603,202602,SPOX_0999,0,4NENL,N,2,14,"0,00605","0,08",0,0,"0,08",0,F,232
12,11,202603,202603,ULAX_5040,0,MNENI,N,3,"1,5","0,00787","0,01",0,0,"0,01",0,M,467
12,11,202603,202603,SPOX_6685,0,1NENI,N,416,694,"0,00787","5,46","0,2",0,"5,66",0,F,143
12,11,202603,202603,ULAX_1201,0,MNENI,R,2,1,"0,00787",0,0,0,0,0,M,B99
12,11,202603,202603,SPOX_0083,0,MGS8I,N,49,"334,3","0,00787","2,63","0,09",0,"2,72",0,M,325
12,11,202603,202603,ULAX_1204,0,4NENL,N,1271,"4339,4","0,00608","26,37","0,99",0,"27,36",0,F,842
12,11,202603,202603,ULAX_1204,0,2NENI,D,1195,"1095,9","0,00787","8,64","0,32",0,"8,96",0,F,865
12,11,202603,202603,ULAX_4113,0,2NENI,D,670,"2025,8","0,00787","15,95","0,6",0,"16,55",0,F,674
12,11,202603,202603,SPOX_0999,0,2NENI,N,1692,"1475,6","0,00787","11,61","0,43",0,"12,04",0,F,281
12,11,202603,202602,SPOX_0999,0,4NENL,N,1,"0,5","0,00608",0,0,0,0,0,F,267
12,11,202603,202603,SPOX_6685,0,2NENI,D,11,"13,6","0,00787","0,1",0,0,"0,1",0,F,638
12,11,202603,202603,ULAX_1201,0,MNENI,S,1,"0,5","0,00787",0,0,0,0,0,M,B99
12,11,202603,202603,ULAX_1204,0,4NENL,N,223,"201,3","0,00608","1,23","0,04",0,"1,27",0,F,961
12,11,202603,202603,SPO_14667,0,2NENI,D,3,"6,8","0,00787","0,05",0,0,"0,05",0,F,203
12,11,202603,202603,ULAX_0432,0,MNENI,S,3,"1,5","0,00787","0,01",0,0,"0,01",0,M,494
12,11,202603,202603,ULAX_1204,0,2NENI,S,22,"45,6","0,00787","0,36","0,01",0,"0,37",0,F,281
12,11,202603,202603,SPO_11400,0,MNENI,N,1,"0,5","0,00787",0,0,0,0,0,M,411
12,11,202603,202603,SPOX_0970,0,2NENI,N,11,"17,9","0,00787","0,13",0,0,"0,13",0,F,766
12,11,202603,202603,ULAX_0432,0,2NENI,N,110,"73,1","0,00787","0,58","0,02",0,"0,6",0,F,51
12,11,202603,202603,ULAX_1204,0,2NENI,N,1760,"1989,1","0,00787","15,66","0,59",0,"16,25",0,F,674
12,11,202603,202603,SPO_10403,0,MNENI,N,27,"15,7","0,0076","0,11",0,0,"0,11",0,M,325
12,11,202603,202603,SPOX_0251,0,4NENL,N,2,"9,4","0,0061","0,06",0,0,"0,06",0,F,2
12,11,202603,202603,ULAX_1204,0,2NENI,D,113,88,"0,00787","0,71","0,02",0,"0,73",0,F,965
12,11,202603,202603,ULAX_4202,0,2GS8I,S,45,"80,7","0,00787","0,55","0,02",0,"0,57",0,F,674
12,11,202603,202603,SPOX_0999,0,2NENI,N,489,"512,7","0,00787","4,03","0,15",0,"4,18",0,F,319
12,11,202603,202602,SPO_11232,0,2NENI,D,2,1,"0,00787",0,0,0,0,0,F,317
12,11,202603,202603,SPOX_6685,0,4NENL,N,13,"6,5","0,0061","0,03",0,0,"0,03",0,F,689
12,11,202603,202603,ULAX_1201,0, NENV,N,2450,"2459,1","0,01686","41,45","1,57",0,"43,02",0,M,451
12,11,202603,202603,ULAX_1204,0,4NENL,R,2,2,"0,00423","0,01",0,0,"0,01",0,F,81
12,11,202603,202603,SPO_14667,0,4NENL,N,13,"29,6","0,0061","0,17",0,0,"0,17",0,F,638
12,11,202603,202602,ULAX_1204,0,2NENI,N,3,"10,3","0,0078","0,08",0,0,"0,08",0,F,232
12,11,202603,202603,SPOX_0999,0,4NENL,N,897,"1100,5","0,00608","6,69","0,25",0,"6,94",0,F,738
12,11,202603,202603,ULAX_0432,0, NENV,N,120,"61,6","0,01499","0,92","0,03",0,"0,95",0,M,493
12,11,202603,202603,ULAX_1204,0,2NENI,S,45,51,"0,00787","0,41","0,01",0,"0,42",0,F,361
12,11,202603,202603,SPO_11402,0,2IENI,R,4,"2,9","0,00787","0,01",0,0,"0,01",0,F,143
12,11,202603,202603,SPOX_0999,0,2NENI,S,9,"6,2","0,00787","0,05",0,0,"0,05",0,F,204
12,11,202603,202603,SPOX_0970,0,4NENL,R,2,3,"0,00427","0,01",0,0,"0,01",0,F,203
12,11,202603,202603,ULAX_0432,0,2NENI,N,1,"0,5","0,00787",0,0,0,0,0,F,674
12,11,202603,202603,ULAX_1204,0,2NENI,N,49,"47,4","0,00787","0,34","0,01",0,"0,35",0,F,809
12,11,202603,202603,SPO_10417,0,MNENI,R,1,"0,5","0,0076",0,0,0,0,0,M,325
12,11,202603,202603,SPOX_0999,0,2NENI,N,1,"6,1","0,00787","0,05",0,0,"0,05",0,F,460
12,11,202603,202603,SPOX_0326,0,2NENI,R,0,"42,2","0,00787","0,33","0,01",0,"0,34",0,F,203
12,11,202603,202603,ULAX_1204,0,2NENI,N,361,523,"0,00787","4,1","0,15",0,"4,25",0,F,21
12,11,202603,202603,ULAX_4204,0,1NSEI,D,16,"182,9","0,00787","1,44","0,05",0,"1,49",0,F,674
12,11,202603,202602,ULAX_0432,0,2NENI,D,5,"2,5","0,00787","0,02",0,0,"0,02",0,F,977
12,11,202603,202603,SPOX_6694,0,2NENI,N,713,"1267,8","0,00787","9,99","0,37",0,"10,36",0,F,143
12,11,202603,202603,SPOX_0999,0,2NENI,D,1907,"3011,9","0,00787","23,73","0,89",0,"24,62",0,F,298
12,11,202603,202603,ULAX_1204,0,1NENI,D,21,"24,5","0,00787","0,17",0,0,"0,17",0,F,705
12,11,202603,202603,ULAX_1204,0,4NENL,R,7,"7,2","0,00423","0,02",0,0,"0,02",0,F,284
12,11,202603,202603,SPO_14668,0,1NSEI,D,15,"95,4","0,00787","0,77","0,02",0,"0,79",0,F,143
12,11,202603,202602,ULAX_1204,0,4NENL,N,3,"1,8","0,00598","0,01",0,0,"0,01",0,F,221
12,11,202603,202603,SPOX_0999,0,4NENL,N,278,"450,7","0,00608","2,75","0,1",0,"2,85",0,F,960
12,11,202603,202603,ULAX_0432,0, NENV,N,2859,2717,"0,01686","45,8","1,73",0,"47,53",0,M,451
12,11,202603,202603,ULAX_1204,0,2NENI,S,1,"0,6","0,00787",0,0,0,0,0,F,921
12,11,202603,202603,SPO_11402,0,4IENL,N,2,"1,5","0,0061","0,01",0,0,"0,01",0,F,11
12,11,202603,202603,SPOX_0999,0,2NENI,S,46,"41,6","0,00787","0,31","0,01",0,"0,32",0,F,271
12,11,202603,202603,SPOX_0970,0, NENV,R,3,"1,5","0,01245","0,03",0,0,"0,03",0,M,325
12,11,202603,202603,ULAX_0432,0,2NENI,R,5,"3,1","0,00787","0,02",0,0,"0,02",0,F,51
12,11,202603,202603,ULAX_1204,0,2NENI,N,143,208,"0,00787","1,63","0,06",0,"1,69",0,F,951
12,11,202603,202603,SPO_10617,0,2NENI,N,975,"2093,5","0,00787","16,48","0,62",0,"17,1",0,F,143
12,11,202603,202603,SPOX_0999,0,2NENI,N,255,"204,5","0,00787","1,59","0,06",0,"1,65",0,F,738
12,11,202603,202603,SPOX_0347,0,2IENI,N,48,"65,8","0,00787","0,5","0,01",0,"0,51",0,F,143
12,11,202603,202603,ULAX_1204,0,2NENI,N,43,"46,9","0,00787","0,35","0,01",0,"0,36",0,F,84
12,11,202603,202603,ULAX_4721,0,MNENI,N,6,3,"0,00787","0,01",0,0,"0,01",0,M,30
12,11,202603,202602,ULAX_1201,0, NENV,N,1,"0,5","0,0165","0,01",0,0,"0,01",0,M,451
12,11,202603,202603,SPOX_6694,0, NENV,N,2,1,"0,01779","0,02",0,0,"0,02",0,M,10
12,11,202603,202603,SPOX_0999,0,2NENI,D,1,"3,5","0,00787","0,03",0,0,"0,03",0,F,460
12,11,202603,202603,ULAX_1204,0,2NENI,D,6955,"38905,3","0,00787","306,19","11,59",0,"317,78",0,F,31
12,11,202603,202603,ULAX_1204,0,4NENL,R,8,11,"0,00425","0,04",0,0,"0,04",0,F,47
12,11,202603,202603,SPO_14679,0,1NSEI,N,9,"60,2","0,00787","0,46","0,01",0,"0,47",0,F,143
12,11,202603,202602,ULAX_1204,0,4NENL,N,1,"3,9","0,00605","0,02",0,0,"0,02",0,F,282
12,11,202603,202603,SPOX_0999,0,4NENL,R,22,"70,8","0,00423","0,28","0,01",0,"0,29",0,F,27
12,11,202603,202603,ULAX_0432,0, NENV,R,1,"0,5","0,0118","0,01",0,0,"0,01",0,M,6
12,11,202603,202603,ULAX_1204,0,4NENL,N,1082,"1669,1","0,00605","10,12","0,38",0,"10,5",0,F,85
12,11,202603,202603,SPO_11404,0,2NSNI,D,60,30,"0,00787","0,24",0,0,"0,24",0,F,143
12,11,202603,202603,SPOX_0999,0,2NENI,S,46,"92,8","0,00787","0,7","0,02",0,"0,72",0,F,351
12,11,202603,202603,SPOX_0999,0,1NENI,R,1,"1,4","0,00787","0,01",0,0,"0,01",0,F,221
12,11,202603,202603,ULAX_0432,0,4NENL,N,22,"11,6","0,00605","0,05",0,0,"0,05",0,F,79
12,11,202603,202603,ULAX_1204,0,2NENI,N,12,"6,1","0,00787","0,03",0,0,"0,03",0,F,992
12,11,202603,202603,SPO_10619,0, NENV,N,100,"78,7","0,01779","1,41","0,05",0,"1,46",0,M,325
12,11,202603,202603,SPOX_0999,0,2NENI,N,1,"0,5","0,00787",0,0,0,0,0,F,913
12,11,202603,202603,SPOX_0348,0,2GS8I,R,30,"24,2","0,00787","0,18",0,0,"0,18",0,F,143
12,11,202603,202603,ULAX_1204,0,2NENI,N,5,"2,5","0,00787",0,0,0,0,0,F,209
12,11,202603,202603,ULAX_4723,0,2NENI,N,293,"587,4","0,00787","4,62","0,17",0,"4,79",0,F,355
12,11,202603,202602,ULAX_1204,0,2NENI,D,6,"5,6","0,0078","0,04",0,0,"0,04",0,F,757
12,11,202603,202603,SPOX_6716,0,2NENI,D,10,"8,9","0,00787","0,07",0,0,"0,07",0,F,247
12,11,202603,202603,SPOX_0999,0,2NENI,D,5,"2,5","0,00787","0,02",0,0,"0,02",0,F,707
12,11,202603,202603,ULAX_1204,0,2NENI,D,685,"1049,4","0,00787","8,23","0,31",0,"8,54",0,F,85
12,11,202603,202603,ULAX_1204,0,4NENL,R,135,"311,9","0,00425","1,32","0,05",0,"1,37",0,F,262
12,11,202603,202603,SPO_14679,0,2GS8I,S,4,"26,4","0,00787","0,21",0,0,"0,21",0,F,317
12,11,202603,202602,ULAX_1204,0,MGS8I,N,9,"92,9","0,0078","0,73","0,02",0,"0,75",0,M,34
12,11,202603,202603,SPOX_0999,0,4NENL,R,46,"145,4","0,00423","0,61","0,02",0,"0,63",0,F,282
12,11,202603,202603,ULAX_1055,0,2NENI,D,146,424,"0,00787","3,35","0,12",0,"3,47",0,F,355
12,11,202603,202603,ULAX_1204,0,4NENL,N,1,"0,5","0,00605",0,0,0,0,0,F,237
12,11,202603,202603,SPO_11405,0,2IENI,N,112,"119,3","0,00787","0,94","0,03",0,"0,97",0,F,143
12,11,202603,202603,SPOX_0999,0,2NENI,S,4,"4,9","0,00787","0,03",0,0,"0,03",0,F,921
12,11,202603,202603,SPOX_0999,0,2GS8I,N,360,1581,"0,00787","12,47","0,47",0,"12,94",0,F,363
12,11,202603,202603,ULAX_0432,0,4NENL,N,643,"576,7","0,00608","3,48","0,13",0,"3,61",0,F,121
12,11,202603,202603,ULAX_1204,0,2NENI,R,29,"22,1","0,00787","0,19",0,0,"0,19",0,F,91
12,11,202603,202603,SPO_10809,0,MNENI,N,16,"12,2","0,0076","0,07",0,0,"0,07",0,M,325
12,11,202603,202603,SPOX_0999,0,2NENI,N,41,27,"0,00787","0,18",0,0,"0,18",0,F,967
12,11,202603,202603,SPOX_0543,0,MNENI,R,5,"2,5","0,0076",0,0,0,0,0,M,34
12,11,202603,202603,ULAX_1204,0,2NENI,N,6014,"8934,3","0,00787","70,34","2,65",0,"72,99",0,F,251
12,11,202603,202603,ULAX_4726,0,MNENI,D,4,"14,9","0,0076","0,11",0,0,"0,11",0,M,34
12,11,202603,202603,SPOX_8441,0,1NSEI,N,4,72,"0,00787","0,56","0,02",0,"0,58",0,F,143
12,11,202603,202603,SPOX_0999,0,2NENI,D,3,7,"0,00787","0,05",0,0,"0,05",0,F,808
12,11,202603,202601,SPOX_0999,0,2NENI,D,1,"4,2","0,0078","0,03",0,0,"0,03",0,F,361
12,11,202603,202603,ULAX_1204,0,2NENI,D,19,"15,4","0,00787","0,12",0,0,"0,12",0,F,209
12,11,202603,202603,ULAX_1204,0,4NENL,R,3,"4,5","0,00425","0,01",0,0,"0,01",0,F,943
12,11,202603,202603,SPO_14681,0,1NSNI,N,3,"13,9","0,00787","0,1",0,0,"0,1",0,F,143
12,11,202603,202603,SPOX_0046,0,1NSEI,N,25,"228,7","0,00787","1,79","0,06",0,"1,85",0,F,143
12,11,202603,202603,SPOX_0999,0,4NENL,R,1,"3,5","0,00423","0,01",0,0,"0,01",0,F,981
12,11,202603,202603,ULAX_1201,0,2NENI,D,81,"77,9","0,00787","0,61","0,02",0,"0,63",0,F,121
12,11,202603,202603,ULAX_1204,0,4NENL,N,2795,"4505,5","0,00605","27,25","1,03",0,"28,28",0,F,298
12,11,202603,202603,SPO_11462,0,2NENI,D,29,47,"0,00787","0,35","0,01",0,"0,36",0,F,351
12,11,202603,202603,SPOX_0999,0,4NENL,N,361,"317,8","0,00605","1,9","0,07",0,"1,97",0,F,91
12,11,202603,202603,SPOX_0999,0,2NENI,D,210,"203,6","0,00787","1,61","0,06",0,"1,67",0,F,47
12,11,202603,202603,ULAX_0432,0,4NENL,N,67,57,"0,00608","0,35","0,01",0,"0,36",0,F,960
12,11,202603,202603,ULAX_1204,0,2NENI,R,391,"1045,7","0,00787","8,24","0,31",0,"8,55",0,F,247
12,11,202603,202603,SPO_11144,0,2NENI,D,47,"121,4","0,00787","0,94","0,03",0,"0,97",0,F,708
12,11,202603,202603,SPOX_0999,0,2NENI,R,1989,"15242,1","0,00787","119,95","4,54",0,"124,49",0,F,31
12,11,202603,202603,SPOX_0551,0,2NENI,N,1,7,"0,00787","0,06",0,0,"0,06",0,F,202
12,11,202603,202603,ULAX_1204,0,2NENI,N,957,"986,5","0,00787","7,76","0,29",0,"8,05",0,F,292
12,11,202603,202603,ULAX_4728,0,MNENI,R,17,9,"0,00787","0,06",0,0,"0,06",0,M,430
12,11,202603,202603,SPOX_9684,0,2GS8I,R,15,"14,9","0,00787","0,09",0,0,"0,09",0,F,317
12,11,202603,202603,SPOX_0999,0,2NENI,D,253,"276,9","0,00787","2,17","0,08",0,"2,25",0,F,948
12,11,202603,202602,SPOX_0970,0,1NENI,N,1,"0,5","0,00787",0,0,0,0,0,F,143
12,11,202603,202603,ULAX_1204,0,2NENI,D,15,"15,9","0,00787","0,13",0,0,"0,13",0,F,240
12,11,202603,202603,ULAX_1204,0, GS8V,R,15,"73,7","0,01245","0,93","0,03",0,"0,96",0,M,325
12,11,202603,202603,SPO_14681,0,2NENI,D,8,"7,9","0,00787","0,05",0,0,"0,05",0,F,766
12,11,202603,202603,SPOX_0046,0,2NENI,N,9,"9,3","0,00787","0,06",0,0,"0,06",0,F,143
12,11,202603,202603,SPOX_0999,0,4NENL,R,359,"765,2","0,00425","3,24","0,12",0,"3,36",0,F,241
12,11,202603,202603,ULAX_1201,0,2NENI,N,1,"0,5","0,00787",0,0,0,0,0,F,709
12,11,202603,202603,ULAX_1204,0,4NENL,N,1,"0,5","0,00605",0,0,0,0,0,F,884
12,11,202603,202603,SPO_12218,0,2NENI,D,38,"22,7","0,00787","0,15",0,0,"0,15",0,F,361
12,11,202603,202603,SPOX_0999,0,4NENL,N,22,"33,8","0,00605","0,21",0,0,"0,21",0,F,240
12,11,202603,202603,SPOX_0999,0,2NENI,D,17,"8,6","0,00787","0,04",0,0,"0,04",0,F,92
12,11,202603,202603,ULAX_0432,0,MNENI,D,7,"4,3","0,00787","0,03",0,0,"0,03",0,M,6
12,11,202603,202603,ULAX_1204,0,2NENI,R,24,"52,4","0,00787","0,4","0,01",0,"0,41",0,F,291
12,11,202603,202603,SPO_11154,0,2NENI,S,1,"0,5","0,00787",0,0,0,0,0,F,432
12,11,202603,202603,SPOX_0999,0,2NENI,R,1,"9,2","0,00787","0,07",0,0,"0,07",0,F,206
12,11,202603,202603,SPOX_0777,0,2GS8I,D,6,33,"0,00787","0,26",0,0,"0,26",0,F,363
12,11,202603,202603,ULAX_4760,0,2NENI,N,3,"1,5","0,00787",0,0,0,0,0,F,767
12,11,202603,202603,ULAX_1204,0,2NENI,D,5000,"6380,8","0,00787","50,21","1,9",0,"52,11",0,F,262
12,11,202603,202603,SPO_10092,0,2NENI,D,1,"0,5","0,00787",0,0,0,0,0,F,981
12,11,202603,202603,SPOX_0999,0,2NENI,D,76,"56,3","0,00787","0,44","0,01",0,"0,45",0,F,991
12,11,202603,202602,SPOX_0999,0,2NENI,D,1,"0,5","0,0078",0,0,0,0,0,F,351
12,11,202603,202603,ULAX_1204,0,MNENI,N,2,1,"0,00787",0,0,0,0,0,M,6
12,11,202603,202603,ULAX_1201,0,2NENI,S,19,"12,1","0,00787","0,1",0,0,"0,1",0,F,361
12,11,202603,202603,SPO_14681,0,MGS8I,N,6,"21,9","0,00787","0,18",0,0,"0,18",0,M,325
12,11,202603,202603,SPOX_0051,0,2NENI,N,37,163,"0,00787","1,27","0,04",0,"1,31",0,F,143
12,11,202603,202603,SPOX_0999,0,4NENL,R,1,"0,5","0,00425",0,0,0,0,0,F,764
12,11,202603,202603,ULAX_1204,0,4NENL,N,27,"29,7","0,00605","0,2",0,0,"0,2",0,F,998
12,11,202603,202603,SPO_13918,0,2NENI,S,3,"4,3","0,00787","0,03",0,0,"0,03",0,F,318
12,11,202603,202603,SPOX_0999,0,4NENL,N,2,"9,6","0,00605","0,06",0,0,"0,06",0,F,460
12,11,202603,202603,SPOX_0999,0,2NENI,D,170,"307,1","0,00787","2,43","0,09",0,"2,52",0,F,219
12,11,202603,202603,ULAX_1204,0,2NENI,R,114,"252,3","0,00787","2,01","0,07",0,"2,08",0,F,363
12,11,202603,202603,SPO_11230,0,2NENI,N,3,"5,2","0,00787","0,04",0,0,"0,04",0,F,71
12,11,202603,202603,SPOX_0999,0,2NENI,R,87,259,"0,00787",2,"0,07",0,"2,07",0,F,261
12,11,202603,202603,SPOX_0812,0,2NENI,R,2,1,"0,00787",0,0,0,0,0,F,361
12,11,202603,202603,ULAX_4763,0,1NSEI,R,4,"63,4","0,00787","0,51","0,01",0,"0,52",0,F,355
12,11,202603,202603,ULAX_1204,0,2NENI,D,158,"164,2","0,00787","1,31","0,04",0,"1,35",0,F,296
12,11,202603,202603,SPO_10152,0,2IENI,N,39,"102,2","0,00787","0,81","0,03",0,"0,84",0,F,143
12,11,202603,202603,SPOX_0999,0,2NENI,N,4,"14,4","0,00787","0,1",0,0,"0,1",0,F,71
12,11,202603,202602,SPOX_0999,0,2NENI,D,3,"3,1","0,00787","0,02",0,0,"0,02",0,F,355
12,11,202603,202603,ULAX_1204,0, NENV,N,1,"0,5","0,01686","0,01",0,0,"0,01",0,M,60
12,11,202603,202603,ULAX_1201,0,4NENL,R,16,"10,6","0,00425","0,03",0,0,"0,03",0,F,757
12,11,202603,202603,SPOX_0083,0,1NSNI,N,18,"118,1","0,00787","0,93","0,03",0,"0,96",0,F,143
12,11,202603,202603,SPOX_0999,0,MNENI,D,7,"6,1","0,0076","0,04",0,0,"0,04",0,M,34
12,11,202603,202603,SPO_14657,0,1NENI,R,9,"4,8","0,00787","0,04",0,0,"0,04",0,F,143
12,11,202603,202603,ULAX_1204,0,4NENL,N,3,"1,5","0,00608",0,0,0,0,0,F,192
12,11,202603,202603,ULAX_0432,0,MNENI,N,12,"6,8","0,00787","0,05",0,0,"0,05",0,M,421
12,11,202603,202603,SPOX_0999,0,4NENL,N,2,"1,3","0,00605",0,0,0,0,0,F,822
12,11,202603,202603,SPOX_0999,0,2NENI,D,10516,"15628,5","0,00787",123,"4,65",0,"127,65",0,F,247
12,11,202603,202603,SPO_11232,0,2NENI,D,55,"36,5","0,00787","0,28","0,01",0,"0,29",0,F,208
12,11,202603,202603,ULAX_1204,0,2NENI,R,166,"242,2","0,00787","1,87","0,07",0,"1,94",0,F,757
12,11,202603,202603,ULAX_0432,0,1NENI,D,13,"14,3","0,00787","0,09",0,0,"0,09",0,F,931
12,11,202603,202603,SPOX_0999,0,2NENI,R,38,86,"0,00787","0,68","0,02",0,"0,7",0,F,298
12,11,202603,202603,SPOX_0835,0, NENV,N,352,"223,2","0,01499","3,35","0,12",0,"3,47",0,M,34
12,11,202603,202603,ULAX_1204,0,2NENI,D,2,"2,6","0,00787","0,02",0,0,"0,02",0,F,466
12,11,202603,202603,ULAX_2826,0,2NENI,N,8,"30,4","0,00787","0,24",0,0,"0,24",0,F,807
12,11,202603,202603,SPOX_0999,0,2NENI,N,31,"48,2","0,00787","0,38","0,01",0,"0,39",0,F,202
12,11,202603,202602,SPOX_0999,0,2NENI,N,1,"1,5","0,00787","0,01",0,0,"0,01",0,F,241
12,11,202603,202603,ULAX_1201,0,MNENI,D,54,"32,6","0,00787","0,24",0,0,"0,24",0,M,A34
12,11,202603,202603,SPOX_0083,0,2NENI,D,11,99,"0,00787","0,78","0,02",0,"0,8",0,F,203
12,11,202603,202603,SPOX_0999,0,MNENI,S,1,"0,5","0,00787",0,0,0,0,0,M,451
12,11,202603,202603,ULAX_1204,0,4NENL,N,1829,"1705,7","0,00608","10,37","0,39",0,"10,76",0,F,255
12,11,202603,202603,SPO_14657,0,4NENL,N,1,"1,9","0,0061","0,01",0,0,"0,01",0,F,203
12,11,202603,202603,ULAX_0432,0,MNENI,N,5,"3,6","0,00787","0,01",0,0,"0,01",0,M,A34
12,11,202603,202603,SPOX_0999,0,4NENL,N,81,"78,3","0,00605","0,49","0,01",0,"0,5",0,F,998
12,11,202603,202603,SPOX_0999,0,2NENI,D,2712,"2992,2","0,00787","23,57","0,89",0,"24,46",0,F,285
12,11,202603,202603,SPO_11362,0,2GS8I,N,4,"46,8","0,00787","0,37","0,01",0,"0,38",0,F,361
12,11,202603,202603,ULAX_0432,0,2NENI,D,1,"0,5","0,00787",0,0,0,0,0,F,224
12,11,202603,202603,SPOX_0999,0,2NENI,R,31,"65,7","0,00787","0,51","0,01",0,"0,52",0,F,541
12,11,202603,202603,SPOX_0970,0,1NSEI,R,2,"4,7","0,00787","0,03",0,0,"0,03",0,F,143
12,11,202603,202603,SPO_10156,0,1NENI,N,4,"5,8","0,00787","0,03",0,0,"0,03",0,F,766
12,11,202603,202603,ULAX_1204,0,2NENI,D,643,"879,5","0,00787","6,93","0,26",0,"7,19",0,F,738
12,11,202603,202603,ULAX_4036,0,MNENI,N,35,"21,4","0,0076","0,15",0,0,"0,15",0,M,34
12,11,202603,202603,SPOX_0999,0,2NENI,N,482,"1578,2","0,00787","12,44","0,46",0,"12,9",0,F,235
12,11,202603,202602,SPOX_0999,0,4NENL,N,4,"4,6","0,00602","0,03",0,0,"0,03",0,F,247
12,11,202603,202603,ULAX_4763,0,2NENI,N,1467,"3051,1","0,00787","24,02","0,9",0,"24,92",0,F,355
12,11,202603,202603,SPOX_4927,0,2GS8I,D,2,"4,8","0,00787","0,04",0,0,"0,04",0,F,361
12,11,202603,202603,ULAX_1201,0,MNENI,N,3,"21,7","0,00787","0,16",0,0,"0,16",0,M,B99
12,11,202603,202603,SPOX_0083,0,4IENL,N,1,"0,5","0,0061",0,0,0,0,0,F,203
12,11,202603,202603,SPOX_1158,0,1NSEI,N,2,"24,9","0,00787","0,2",0,0,"0,2",0,F,143
12,11,202603,202603,ULAX_1204,0,4NENL,N,104,"190,7","0,00608","1,16","0,04",0,"1,2",0,F,709
12,11,202603,202603,SPO_14667,0,1NENI,S,1,"0,5","0,00787",0,0,0,0,0,F,143
12,11,202603,202603,ULAX_0432,0,MNENI,R,89,"78,4","0,00787","0,62","0,02",0,"0,64",0,M,494
12,11,202603,202603,SPOX_0999,0,4NENL,N,1,"2,2","0,00608","0,01",0,0,"0,01",0,F,192
12,11,202603,202603,ULAX_1204,0,2NENI,S,210,636,"0,00787","4,97","0,18",0,"5,15",0,F,221
12,11,202603,202603,SPO_11366,0,2NENI,D,2728,"9238,8","0,00787","72,69","2,75",0,"75,44",0,F,361
12,11,202603,202603,SPOX_0970,0,2IENI,D,114,"320,2","0,00787","2,5","0,09",0,"2,59",0,F,143
12,11,202603,202603,ULAX_0432,0,2NENI,D,2,"1,1","0,00787","0,01",0,0,"0,01",0,F,805
12,11,202603,202603,SPOX_0999,0,2NENI,R,16,23,"0,00787","0,18",0,0,"0,18",0,F,921
12,11,202603,202603,ULAX_1204,0,2NENI,N,4941,"9396,3","0,00787","73,98","2,79",0,"76,77",0,F,355
12,11,202603,202603,SPO_10156,0,2NENI,R,2,3,"0,00787","0,02",0,0,"0,02",0,F,766
12,11,202603,202603,ULAX_0432,0,MNENI,S,1,"0,5","0,00787",0,0,0,0,0,M,6
12,11,202603,202603,SPOX_0999,0,4NENL,N,18555,29311,"0,00608","178,21","6,75",0,"184,96",0,F,241
12,11,202603,202603,ULAX_1204,0,2NENI,S,123,"393,9","0,00787","3,09","0,11",0,"3,2",0,F,247
12,11,202603,202603,SPO_11368,0,MNENI,N,14,7,"0,0076","0,03",0,0,"0,03",0,M,34
12,11,202603,202603,SPOX_0970,0,2NENI,D,10,"95,2","0,00787","0,75","0,02",0,"0,77",0,F,203
12,11,202603,202603,ULAX_0432,0,2NENI,D,323,"297,7","0,00787","2,36","0,08",0,"2,44",0,F,951
12,11,202603,202603,SPOX_0999,0,2NENI,R,2,1,"0,00787","0,01",0,0,"0,01",0,F,960
12,11,202603,202603,ULAX_1204,0,2NENI,N,1495,4221,"0,00787","33,23","1,25",0,"34,48",0,F,431
12,11,202603,202603,SPO_10402,0,MNENI,D,95,"128,4","0,0076",1,"0,03",0,"1,03",0,M,325
12,11,202603,202603,SPOX_0083,0, NSNV,N,15,"21,2","0,01779","0,39","0,01",0,"0,4",0,M,325
12,11,202603,202603,ULAX_1204,0,2NENI,D,737,"813,1","0,00787","6,43","0,24",0,"6,67",0,F,931
12,11,202603,202603,ULAX_4113,0, NENV,N,168,"98,2","0,01686","1,64","0,06",0,"1,7",0,M,348
12,11,202603,202603,SPOX_0999,0,2NENI,N,869,"728,2","0,00787","5,72","0,21",0,"5,93",0,F,292
12,11,202603,202602,SPOX_6698,0,2NENI,D,4,"21,3","0,00787","0,17",0,0,"0,17",0,F,363
12,11,202603,202603,SPOX_6685,0,2NENI,N,1,"3,1","0,00787","0,02",0,0,"0,02",0,F,638
12,11,202603,202603,ULAX_1201,0, NENV,N,5,"2,5","0,01499","0,05",0,0,"0,05",0,M,421
12,11,202603,202603,ULAX_1204,0,4NENL,N,177,"179,1","0,0061","1,09","0,04",0,"1,13",0,F,663
12,11,202603,202603,SPO_14667,0,2NENI,N,2,1,"0,00787",0,0,0,0,0,F,689
12,11,202603,202602,ULAX_1204,0,2NENI,D,2,1,"0,00787",0,0,0,0,0,F,271
12,11,202603,202603,SPOX_0999,0,4NENL,N,544,473,"0,00608","2,88","0,1",0,"2,98",0,F,293
12,11,202603,202603,ULAX_0432,0, NENV,N,7,"5,3","0,01499","0,08",0,0,"0,08",0,M,39
12,11,202603,202603,ULAX_1204,0,2NENI,S,2,"1,4","0,00787","0,02",0,0,"0,02",0,F,294
12,11,202603,202603,SPO_11402,0,1NENI,D,5,"5,2","0,00787","0,03",0,0,"0,03",0,F,638
12,11,202603,202603,SPOX_0999,0,2NENI,S,105,"211,7","0,00787","1,64","0,06",0,"1,7",0,F,31
12,11,202603,202603,SPOX_0970,0,2NSNI,R,2,1,"0,00787","0,01",0,0,"0,01",0,F,143
12,11,202603,202603,ULAX_0432,0,2NENI,N,18,"12,1","0,00787","0,07",0,0,"0,07",0,F,192
12,11,202603,202603,ULAX_1204,0,2NENI,N,262,"263,3","0,00787","2,06","0,07",0,"2,13",0,F,738
12,11,202603,202603,SPO_10416,0,MNENI,D,96,"190,3","0,0076","1,44","0,05",0,"1,49",0,M,325
12,11,202603,202603,SPOX_0326,0,2NENI,D,16,8,"0,00787","0,06",0,0,"0,06",0,F,11
12,11,202603,202603,ULAX_1204,0,2NENI,D,65,"68,3","0,00787","0,53","0,02",0,"0,55",0,F,981
12,11,202603,202603,ULAX_4202,0,2NENI,R,16,"10,9","0,00787","0,09",0,0,"0,09",0,F,674
12,11,202603,202602,SPO_11405,0,2NENI,D,7,29,"0,00787","0,23",0,0,"0,23",0,F,143
12,11,202603,202603,SPOX_6685,0, NENV,N,1,"0,5","0,01779","0,01",0,0,"0,01",0,M,411
12,11,202603,202603,ULAX_1201,0, NENV,R,1,"0,5","0,0118","0,01",0,0,"0,01",0,M,50
12,11,202603,202603,ULAX_1204,0,4NENL,R,453,"764,4","0,00423","3,23","0,12",0,"3,35",0,F,205
12,11,202603,202603,SPO_14667,0,MNENI,D,2,"1,2","0,0076","0,01",0,0,"0,01",0,M,325
12,11,202603,202602,ULAX_1204,0,2NENI,N,2,"1,6","0,0078","0,01",0,0,"0,01",0,F,757
12,11,202603,202603,SPOX_0999,0,4NENL,N,12,"7,3","0,00608","0,05",0,0,"0,05",0,F,804
12,11,202603,202603,ULAX_0432,0, NENV,N,20,"16,7","0,01499","0,26",0,0,"0,26",0,M,A34
12,11,202603,202603,ULAX_1204,0,2NENI,S,32,"30,2","0,00787","0,23",0,0,"0,23",0,F,674
12,11,202603,202603,SPO_11402,0,2NENI,N,41,"26,6","0,00787","0,19",0,0,"0,19",0,F,11
12,11,202603,202603,SPOX_0999,0,2NENI,S,12,"36,2","0,00787","0,28","0,01",0,"0,29",0,F,235
12,11,202603,202603,SPOX_0970,0,MNENI,D,1,"0,5","0,00787",0,0,0,0,0,M,14
12,11,202603,202603,ULAX_0432,0,2NENI,N,11,"6,3","0,00787","0,03",0,0,"0,03",0,F,925
12,11,202603,202603,ULAX_1204,0,2NENI,N,13,"8,1","0,00787","0,05",0,0,"0,05",0,F,917
12,11,202603,202603,SPO_10418,0,MGS8I,N,53,"190,8","0,00787","1,49","0,05",0,"1,54",0,M,34
12,11,202603,202603,SPOX_0999,0,2NENI,N,1143,"1472,8","0,00787","11,6","0,43",0,"12,03",0,F,661
12,11,202603,202603,SPOX_0347,0,1NENI,N,75,"165,6","0,00787","1,29","0,04",0,"1,33",0,F,143
12,11,202603,202603,ULAX_1204,0,2NENI,N,3,"1,9","0,00787","0,01",0,0,"0,01",0,F,55
12,11,202603,202603,ULAX_4616,0,2NENI,D,149,"114,7","0,00787","0,9","0,03",0,"0,93",0,F,355
12,11,202603,202602,ULAX_0432,0, NENV,N,2,1,"0,01686","0,02",0,0,"0,02",0,M,451
12,11,202603,202603,SPOX_6694,0, GS8V,N,33,"245,5","0,01779","4,36","0,16",0,"4,52",0,M,325
12,11,202603,202603,SPOX_0999,0,2NENI,D,680,"675,7","0,00787","5,31","0,2",0,"5,51",0,F,356
12,11,202603,202603,ULAX_1204,0,1NENI,R,3,"2,1","0,00787","0,01",0,0,"0,01",0,F,267
12,11,202603,202603,ULAX_1204,0,4NENL,R,3,"9,9","0,00423","0,04",0,0,"0,04",0,F,544
12,11,202603,202603,SPO_14678,0,2GS8I,D,1,"4,9","0,00787","0,04",0,0,"0,04",0,F,351
12,11,202603,202602,ULAX_1204,0,4NENL,N,6,"8,4","0,00602","0,06",0,0,"0,06",0,F,251
12,11,202603,202603,SPOX_0999,0,4NENL,N,4598,"4557,9","0,00608","27,73","1,05",0,"28,78",0,F,977
12,11,202603,202603,ULAX_0432,0, NENV,R,2,1,"0,01049","0,01",0,0,"0,01",0,M,490
12,11,202603,202603,ULAX_1204,0,4NENL,N,1587,"2437,9","0,00605","14,77","0,56",0,"15,33",0,F,21
12,11,202603,202603,SPO_11402,0,4NENL,R,2,"1,8","0,00427","0,01",0,0,"0,01",0,F,11
12,11,202603,202603,SPOX_0999,0,2NENI,S,25,"14,6","0,00787","0,08",0,0,"0,08",0,F,286
12,11,202603,202603,SPOX_0999,0,1NENI,D,4,"2,4","0,00787","0,01",0,0,"0,01",0,F,267
12,11,202603,202603,ULAX_0432,0,2NENI,R,1,"0,5","0,00787",0,0,0,0,0,F,931
12,11,202603,202603,ULAX_1204,0,2NENI,N,3,2,"0,00787","0,01",0,0,"0,01",0,F,969
12,11,202603,202603,SPO_10617,0,4NENL,N,7,"3,5","0,0061","0,02",0,0,"0,02",0,F,212
12,11,202603,202603,SPOX_0999,0,2NENI,N,2,"1,6","0,00787","0,01",0,0,"0,01",0,F,804
12,11,202603,202603,SPOX_0347,0,2NENI,S,12,"15,3","0,00787","0,1",0,0,"0,1",0,F,143
12,11,202603,202603,ULAX_1204,0,2NENI,N,23,"11,5","0,00787","0,06",0,0,"0,06",0,F,98
12,11,202603,202603,ULAX_4721,0, NENV,N,19,"13,6","0,01499","0,19",0,0,"0,19",0,M,30
12,11,202603,202602,ULAX_1204,0,2NENI,D,1,"0,5","0,0078",0,0,0,0,0,F,224
12,11,202603,202603,SPOX_6698,0,2NENI,S,13,21,"0,00787","0,15",0,0,"0,15",0,F,363
12,11,202603,202603,SPOX_0999,0,2NENI,D,1,"0,5","0,00787",0,0,0,0,0,F,621
12,11,202603,202603,ULAX_1204,0,2NENI,D,1811,"7504,9","0,00787","59,06","2,23",0,"61,29",0,F,62
12,11,202603,202603,ULAX_1204,0,4NENL,R,22,"117,2","0,00425","0,49","0,01",0,"0,5",0,F,204
12,11,202603,202603,SPO_14679,0,2GS8I,N,67,"294,5","0,00787","2,33","0,08",0,"2,41",0,F,317
12,11,202603,202602,ULAX_1204,0,4NENL,N,1,"0,5","0,00608",0,0,0,0,0,F,261
12,11,202603,202603,SPOX_0999,0,4NENL,R,467,"810,1","0,00423","3,44","0,13",0,"3,57",0,F,205
12,11,202603,202603,ULAX_0953,0,2NENI,D,177,"502,2","0,00787","3,94","0,14",0,"4,08",0,F,674
12,11,202603,202603,ULAX_1204,0,4NENL,N,2595,"3803,6","0,00605","23,04","0,87",0,"23,91",0,F,205
12,11,202603,202603,SPO_11405,0,1NSEI,D,11,"105,7","0,00787","0,82","0,03",0,"0,85",0,F,143
12,11,202603,202603,SPOX_0999,0,2NENI,S,2,"2,6","0,00787","0,02",0,0,"0,02",0,F,541
12,11,202603,202603,SPOX_0999,0,2GS8I,D,1,"9,2","0,00787","0,07",0,0,"0,07",0,F,319
12,11,202603,202603,ULAX_0432,0,4NENL,N,4,"6,5","0,00605","0,04",0,0,"0,04",0,F,807
12,11,202603,202603,ULAX_1204,0,2NENI,R,8,11,"0,00787","0,09",0,0,"0,09",0,F,47
12,11,202603,202603,SPO_10802,0,2NENI,N,28,"108,6","0,00787","0,84","0,03",0,"0,87",0,F,317
12,11,202603,202603,SPOX_0999,0,2NENI,N,14,"7,4","0,00787","0,05",0,0,"0,05",0,F,934
12,11,202603,202603,SPOX_0348,0,2NENI,S,9,"21,8","0,00787","0,16",0,0,"0,16",0,F,143
12,11,202603,202603,ULAX_1204,0,2NENI,N,365,"299,2","0,00787","2,37","0,08",0,"2,45",0,F,224
12,11,202603,202603,ULAX_4726,0,2GS8I,N,472,3180,"0,00787","25,01","0,94",0,"25,95",0,F,355
12,11,202603,202603,SPOX_6716,0,2NENI,R,15,"13,1","0,00787","0,11",0,0,"0,11",0,F,363
12,11,202603,202603,SPOX_0999,0,2NENI,D,735,814,"0,00787","6,43","0,24",0,"6,67",0,F,767
12,11,202603,202603,ULAX_1204,0,2NENI,D,9,"5,4","0,00787","0,03",0,0,"0,03",0,F,121
12,11,202603,202603,ULAX_1204,0,4NENL,R,76,"157,5","0,00425","0,65","0,02",0,"0,67",0,F,695
12,11,202603,202603,SPO_14681,0,1NENI,D,5,9,"0,00787","0,05",0,0,"0,05",0,F,766
12,11,202603,202602,ULAX_4726,0,2GS8I,N,2,"2,8","0,00787","0,02",0,0,"0,02",0,F,355
12,11,202603,202603,SPOX_0999,0,4NENL,R,39,"84,9","0,00423","0,37","0,01",0,"0,38",0,F,298
12,11,202603,202603,ULAX_1158,0,2GS8I,N,2,"13,9","0,00787","0,1",0,0,"0,1",0,F,355
12,11,202603,202603,ULAX_1204,0,4NENL,N,2029,"2196,8","0,00605","13,28","0,5",0,"13,78",0,F,282
12,11,202603,202603,SPO_11405,0,2NENI,S,597,"1307,2","0,00787","10,3","0,38",0,"10,68",0,F,143
12,11,202603,202603,SPOX_0999,0,4NENL,N,12330,"72031,4","0,00605","435,79","16,51",0,"452,3",0,F,31
12,11,202603,202603,SPOX_0999,0,2GS8I,S,4,"15,3","0,00787","0,12",0,0,"0,12",0,F,351
12,11,202603,202603,ULAX_0432,0,4NENL,N,1,"0,5","0,00608",0,0,0,0,0,F,265
12,11,202603,202603,ULAX_1204,0,2NENI,R,79,"135,3","0,00787","1,07","0,04",0,"1,11",0,F,219
12,11,202603,202603,SPO_10810,0, GS8V,N,3,"24,4","0,01779","0,43","0,01",0,"0,44",0,M,325
12,11,202603,202603,SPOX_0999,0,2NENI,N,7,"3,5","0,00787",0,0,0,0,0,F,983
12,11,202603,202603,SPOX_0545,0,2NENI,N,2,"1,5","0,00787","0,01",0,0,"0,01",0,F,621
12,11,202603,202603,ULAX_1204,0,2NENI,N,2656,"3843,4","0,00787","30,23","1,14",0,"31,37",0,F,271
12,11,202603,202603,ULAX_4728,0,MNENI,D,10,"77,3","0,00787","0,61","0,02",0,"0,63",0,M,30
12,11,202603,202603,SPOX_9684,0,2GS8I,D,1,"1,2","0,00787","0,01",0,0,"0,01",0,F,319
12,11,202603,202603,SPOX_0999,0,2NENI,D,3,"1,5","0,00787",0,0,0,0,0,F,915
12,11,202603,202602,SPOX_0347,0,2IENI,N,1,"0,5","0,0078",0,0,0,0,0,F,143
12,11,202603,202603,ULAX_1204,0,2NENI,D,34,"18,6","0,00787","0,13",0,0,"0,13",0,F,223
12,11,202603,202603,ULAX_1204,0,4NENL,R,45,"356,1","0,00441","1,57","0,05",0,"1,62",0,F,235
12,11,202603,202603,SPO_14681,0,2GS8I,S,1,"0,5","0,00787",0,0,0,0,0,F,143
12,11,202603,202603,SPOX_0046,0,2IENI,N,1,"1,4","0,0076","0,01",0,0,"0,01",0,F,25
12,11,202603,202603,SPOX_0999,0,4NENL,R,32,"83,7","0,00425","0,35","0,01",0,"0,36",0,F,51
12,11,202603,202603,ULAX_1201,0,2NENI,D,31,"15,4","0,00787","0,12",0,0,"0,12",0,F,852
12,11,202603,202603,ULAX_1204,0,4NENL,N,1,"0,5","0,00605",0,0,0,0,0,F,704
12,11,202603,202603,SPO_11464,0,4NENL,N,5,"11,5","0,00605","0,08",0,0,"0,08",0,F,621
12,11,202603,202603,SPOX_0999,0,4NENL,N,18,"26,6","0,00605","0,18",0,0,"0,18",0,F,209
12,11,202603,202603,SPOX_0999,0,2NENI,D,5,"36,5","0,00787","0,28","0,01",0,"0,29",0,F,71
12,11,202603,202603,ULAX_0432,0,4NENL,R,6,"3,4","0,00423","0,01",0,0,"0,01",0,F,971
12,11,202603,202603,ULAX_1204,0,2NENI,R,92,"221,8","0,00787","1,74","0,06",0,"1,8",0,F,267
12,11,202603,202603,SPO_11152,0,MNENI,D,27,"13,5","0,0076","0,09",0,0,"0,09",0,M,34
12,11,202603,202603,SPOX_0999,0,2NENI,R,3,"8,1","0,00787","0,07",0,0,"0,07",0,F,65
12,11,202603,202603,SPOX_0551,0,MNENI,N,37,21,"0,0076","0,15",0,0,"0,15",0,M,34
12,11,202603,202603,ULAX_4728,0, NENV,R,35,"204,6","0,01049","2,16","0,08",0,"2,24",0,M,34
12,11,202603,202603,SPOX_9684,0,2GS8I,S,2,"1,1","0,00787",0,0,0,0,0,F,431
12,11,202603,202603,SPOX_0999,0,2NENI,D,6,"9,7","0,00787","0,07",0,0,"0,07",0,F,969
12,11,202603,202602,SPOX_0999,0,2NENI,D,4,"3,5","0,0078","0,02",0,0,"0,02",0,F,232
12,11,202603,202603,ULAX_1204,0,MGS8I,R,570,"1842,7","0,00787","14,51","0,54",0,"15,05",0,M,348
12,11,202603,202603,SPO_14681,0,2NSNI,D,40,"105,3","0,00787","0,81","0,03",0,"0,84",0,F,143
12,11,202603,202603,SPOX_0046,0,4IENL,N,8,"8,9","0,00631","0,05",0,0,"0,05",0,F,225
12,11,202603,202603,SPOX_0999,0,4NENL,R,73,"266,3","0,00425","1,11","0,04",0,"1,15",0,F,267
12,11,202603,202603,ULAX_1201,0,2NENI,R,22,"11,6","0,00787","0,09",0,0,"0,09",0,F,757
12,11,202603,202603,ULAX_1204,0,4NENL,N,66,"64,7","0,00605","0,41","0,01",0,"0,42",0,F,971
12,11,202603,202603,SPO_12222,0,2NENI,N,1,"0,5","0,00787",0,0,0,0,0,F,121
12,11,202603,202603,SPOX_0999,0,4NENL,N,1701,"1391,8","0,00605","8,41","0,31",0,"8,72",0,F,284
12,11,202603,202603,SPOX_0999,0,2NENI,D,1743,1452,"0,00787","11,43","0,43",0,"11,86",0,F,204
12,11,202603,202603,ULAX_0432,0,MNENI,D,145,"94,7","0,00787","0,74","0,02",0,"0,76",0,M,69
12,11,202603,202603,ULAX_1204,0,2NENI,R,32,"32,1","0,00787","0,24",0,0,"0,24",0,F,317
12,11,202603,202603,SPO_11182,0,2NENI,S,1,2,"0,00787","0,02",0,0,"0,02",0,F,431
12,11,202603,202603,SPOX_0999,0,2NENI,R,131,"335,5","0,00787","2,66","0,09",0,"2,75",0,F,227
12,11,202603,202603,SPOX_0811,0,2NENI,D,247,"646,4","0,00787","5,08","0,19",0,"5,27",0,F,361
12,11,202603,202603,ULAX_4762,0,1NSEI,D,150,"1982,4","0,00787","15,62","0,59",0,"16,21",0,F,35
12,11,202603,202603,ULAX_1204,0,2NENI,D,1138,"892,2","0,00787","7,02","0,26",0,"7,28",0,F,283
12,11,202603,202603,SPO_10151,0,1NSEI,N,9,"103,9","0,00787","0,82","0,03",0,"0,85",0,F,143
12,11,202603,202603,SPOX_0999,0,2NENI,N,28,"32,9","0,00787","0,26",0,0,"0,26",0,F,41
12,11,202603,202602,SPOX_0999,0,2NENI,D,1,"0,5","0,0078",0,0,0,0,0,F,977
12,11,202603,202603,ULAX_1204,0,MNENI,R,1,"0,5","0,00787",0,0,0,0,0,M,451
12,11,202603,202603,ULAX_1201,0,4NENL,N,14,"14,4","0,00608","0,07",0,0,"0,07",0,F,207
12,11,202603,202603,SPOX_0083,0,1NENI,N,1962,"2933,5","0,00787","23,11","0,87",0,"23,98",0,F,143
12,11,202603,202603,SPOX_0999,0,4NENL,R,2,1,"0,00425",0,0,0,0,0,F,960
12,11,202603,202603,ULAX_1204,0,4NENL,N,1928,"1979,7","0,00608","12,03","0,45",0,"12,48",0,F,51
12,11,202603,202603,ULAX_0432,0,MNENI,N,1,"0,5","0,0076",0,0,0,0,0,M,34
12,11,202603,202603,SPOX_0999,0,4NENL,N,1,"3,2","0,00605","0,02",0,0,"0,02",0,F,704
12,11,202603,202603,SPOX_0999,0,2NENI,D,1414,"5396,4","0,00787","42,46","1,6",0,"44,06",0,F,235
12,11,202603,202603,ULAX_1204,0,2NENI,R,2,"5,5","0,00787","0,04",0,0,"0,04",0,F,544
12,11,202603,202603,SPO_14681,0,MNENI,D,4,2,"0,0076","0,01",0,0,"0,01",0,M,325
12,11,202603,202603,SPO_11230,0,MNENI,R,1,"4,2","0,0076","0,03",0,0,"0,03",0,M,34
12,11,202603,202603,SPOX_0999,0,2NENI,R,48,149,"0,00787","1,19","0,04",0,"1,23",0,F,282
12,11,202603,202603,SPOX_0823,0,2NENI,N,142,"76,1","0,00787","0,6","0,02",0,"0,62",0,F,361
12,11,202603,202603,ULAX_1204,0,2NENI,D,14032,"27617,8","0,00787","217,36","8,22",0,"225,58",0,F,355
12,11,202603,202603,SPO_10152,0,2NENI,N,1215,"3463,8","0,00787","27,27","1,03",0,"28,3",0,F,143
12,11,202603,202603,SPOX_0999,0,2NENI,N,16,8,"0,00787","0,06",0,0,"0,06",0,F,86
12,11,202603,202602,SPOX_0999,0,2NENI,N,2,"1,1","0,0078",0,0,0,0,0,F,232
12,11,202603,202603,ULAX_1201,0,MNENI,D,2,1,"0,00787",0,0,0,0,0,M,20
12,11,202603,202603,SPOX_0083,0,2GS8I,R,4,"2,9","0,00787","0,02",0,0,"0,02",0,F,431
12,11,202603,202603,SPOX_0999,0,MNENI,N,7,"3,5","0,00787","0,02",0,0,"0,02",0,M,6
12,11,202603,202603,SPO_14657,0,2NENI,D,4,"5,1","0,00787","0,04",0,0,"0,04",0,F,766
12,11,202603,202603,ULAX_1204,0,4NENL,N,18679,"28921,3","0,00608","175,83","6,66",0,"182,49",0,F,241
12,11,202603,202603,ULAX_0432,0,MNENI,N,5,"2,5","0,00787","0,02",0,0,"0,02",0,M,491
12,11,202603,202603,SPOX_0999,0,4NENL,N,68,"109,2","0,00605","0,64","0,02",0,"0,66",0,F,971
12,11,202603,202603,SPOX_0999,0,2NENI,D,5002,6441,"0,00787","50,68","1,91",0,"52,59",0,F,262
12,11,202603,202603,SPO_11232,0,2NENI,S,2,"4,5","0,00787","0,03",0,0,"0,03",0,F,71
12,11,202603,202603,ULAX_1204,0,2NENI,R,6,"44,9","0,00787","0,35","0,01",0,"0,36",0,F,931
12,11,202603,202603,ULAX_0432,0,2NENI,D,386,"467,3","0,00787","3,68","0,13",0,"3,81",0,F,51
12,11,202603,202603,SPOX_0999,0,2NENI,R,6,"3,3","0,00787","0,02",0,0,"0,02",0,F,356
12,11,202603,202603,SPOX_0970,0,1NENI,N,2,"13,3","0,00787","0,11",0,0,"0,11",0,F,212
12,11,202603,202603,SPO_10152,0,4NENL,R,2,"12,3","0,00427","0,05",0,0,"0,05",0,F,203
12,11,202603,202603,ULAX_1204,0,2NENI,D,3554,"5059,9","0,00787","39,79","1,5",0,"41,29",0,F,661
12,11,202603,202603,ULAX_4030,0,2GS8I,D,1,1,"0,00787","0,01",0,0,"0,01",0,F,355
12,11,202603,202603,SPOX_0999,0,2NENI,N,5,"4,1","0,00787","0,02",0,0,"0,02",0,F,210
12,11,202603,202602,SPOX_0999,0,2NENI,R,1,"0,9","0,0078","0,01",0,0,"0,01",0,F,31
12,11,202603,202603,ULAX_4763,0,2GS8I,D,1519,"16687,1","0,00787","131,32","4,97",0,"136,29",0,F,355
12,11,202603,202603,SPOX_1158,0,2GS8I,N,1,"0,6","0,00787",0,0,0,0,0,F,363
12,11,202603,202603,ULAX_1201,0,MNENI,N,5,"2,5","0,00787","0,02",0,0,"0,02",0,M,50
12,11,202603,202603,SPOX_0083,0,2NENI,N,6,"38,3","0,00787","0,3","0,01",0,"0,31",0,F,212
12,11,202603,202603,SPOX_0999,0, NENV,R,2,1,"0,01049","0,02",0,0,"0,02",0,M,34
12,11,202603,202603,ULAX_1204,0,4NENL,N,544,"391,6","0,00608","2,37","0,09",0,"2,46",0,F,293
12,11,202603,202603,SPO_14657,0,MNENI,R,14,21,"0,0076","0,14",0,0,"0,14",0,M,325
12,11,202603,202603,ULAX_0432,0,MNENI,R,7,"10,4","0,00787","0,08",0,0,"0,08",0,M,421
12,11,202603,202603,SPOX_0999,0,4NENL,N,1920,"1822,5","0,00608","11,07","0,42",0,"11,49",0,F,51
12,11,202603,202603,ULAX_1204,0,2NENI,S,7,"18,7","0,00787","0,15",0,0,"0,15",0,F,51
12,11,202603,202603,SPO_11362,0,4NENL,N,12,6,"0,00608","0,04",0,0,"0,04",0,F,804
12,11,202603,202603,ULAX_0432,0,2NENI,D,1,"0,6","0,00787",0,0,0,0,0,F,364
12,11,202603,202603,SPOX_0999,0,2NENI,R,85,"192,2","0,00787","1,52","0,05",0,"1,57",0,F,706
12,11,202603,202603,SPOX_0970,0,2GS8I,N,8,"5,9","0,00787","0,04",0,0,"0,04",0,F,431
12,11,202603,202603,ULAX_1204,0,2NENI,N,492,"446,5","0,00787","3,51","0,13",0,"3,64",0,F,294
12,11,202603,202603,SPO_10156,0,2NENI,D,3783,"13092,4","0,00787","103,04","3,9",0,"106,94",0,F,143
12,11,202603,202603,ULAX_1204,0,2NENI,D,15,"13,3","0,00787","0,08",0,0,"0,08",0,F,804
12,11,202603,202603,ULAX_4039,0,2NENI,N,1,"2,3","0,00787","0,02",0,0,"0,02",0,F,661
12,11,202603,202603,SPOX_0999,0,2NENI,N,6009,"9364,3","0,00787","73,69","2,78",0,"76,47",0,F,251
12,11,202603,202602,SPOX_0999,0,4NENL,N,2,1,"0,00602","0,01",0,0,"0,01",0,F,977
12,11,202603,202603,ULAX_5040,0,MNENI,D,2,"1,8","0,00787","0,02",0,0,"0,02",0,M,467
12,11,202603,202603,SPOX_6685,0,1NENI,D,1145,1529,"0,00787","12,05","0,45",0,"12,5",0,F,143
12,11,202603,202603,ULAX_1201,0,MNENI,R,3,"2,5","0,00787","0,02",0,0,"0,02",0,M,A34
12,11,202603,202603,SPOX_0083,0, GS8V,N,49,"334,3","0,01779","5,97","0,22",0,"6,19",0,M,325
12,11,202603,202603,SPOX_1158,0,2GS8I,D,7,"33,6","0,00787","0,26","0,01",0,"0,27",0,F,661
12,11,202603,202603,ULAX_1204,0,4NENL,N,3,"1,5","0,00608",0,0,0,0,0,F,805
12,11,202603,202603,SPO_14667,0,2GS8I,N,39,"138,7","0,00787","1,09","0,04",0,"1,13",0,F,143
12,11,202603,202603,ULAX_4039,0, NENV,N,4,"16,5","0,01499","0,25",0,0,"0,25",0,M,34
12,11,202603,202603,SPOX_0999,0,2NENI,N,2712,"4236,4","0,00787","33,32","1,26",0,"34,58",0,F,271
12,11,202603,202602,SPOX_0999,0,4NENL,N,7,"3,5","0,00608","0,02",0,0,"0,02",0,F,247
12,11,202603,202603,ULAX_5040,0, NENV,N,5,"3,3","0,01686","0,06",0,0,"0,06",0,M,467
12,11,202603,202603,SPOX_6685,0,2NENI,D,2,1,"0,00787",0,0,0,0,0,F,203
12,11,202603,202603,ULAX_1201,0,MNENI,S,2,"1,7","0,00787","0,01",0,0,"0,01",0,M,A34
12,11,202603,202603,ULAX_1204,0,4NENL,N,641,"830,9","0,00608","5,05","0,19",0,"5,24",0,F,951
12,11,202603,202603,SPO_14667,0,2NEAI,D,2,"8,9","0,00787","0,07",0,0,"0,07",0,F,143
12,11,202603,202603,ULAX_0432,0,MNENI,S,1,"0,5","0,00787",0,0,0,0,0,M,492
12,11,202603,202603,ULAX_1204,0,2NENI,S,60,78,"0,00787","0,61","0,02",0,"0,63",0,F,271
12,11,202603,202603,SPO_11400,0,MNENI,D,177,"177,2","0,0076","1,34","0,05",0,"1,39",0,M,325
12,11,202603,202603,SPOX_0970,0,2NENI,N,6,"12,1","0,00787","0,09",0,0,"0,09",0,F,212
12,11,202603,202603,ULAX_0432,0,2NENI,N,1,"0,6","0,00787",0,0,0,0,0,F,5
12,11,202603,202603,SPOX_0999,0,2NENI,R,4,"6,4","0,00787","0,05",0,0,"0,05",0,F,998
12,11,202603,202603,ULAX_1204,0,2NENI,N,1227,"1607,5","0,00787","12,65","0,47",0,"13,12",0,F,661
12,11,202603,202603,SPO_10403,0,MNENI,D,34,"19,3","0,0076","0,14",0,0,"0,14",0,M,325
12,11,202603,202603,SPOX_0251,0,2NENI,D,1,"0,5","0,00787",0,0,0,0,0,F,143
12,11,202603,202603,ULAX_1204,0,2NENI,D,160,141,"0,00787","1,1","0,04",0,"1,14",0,F,961
12,11,202603,202603,ULAX_4202,0,2GS8I,N,306,"1937,2","0,00787","15,26","0,57",0,"15,83",0,F,674
12,11,202603,202603,SPOX_0999,0,2NENI,N,784,"766,3","0,00787","6,04","0,22",0,"6,26",0,F,317
12,11,202603,202602,SPO_10617,0,2NENI,R,1,"2,3","0,00787","0,02",0,0,"0,02",0,F,143
12,11,202603,202603,SPOX_6685,0,4NENL,N,5,"36,8","0,0061","0,22",0,0,"0,22",0,F,212
12,11,202603,202603,ULAX_1201,0, NENV,N,17,"51,9","0,01686","0,88","0,03",0,"0,91",0,M,50
12,11,202603,202603,ULAX_1204,0,4NENL,R,16,"34,7","0,00423","0,13",0,0,"0,13",0,F,27
12,11,202603,202603,SPO_14667,0,4NENL,N,3,"6,8","0,0061","0,04",0,0,"0,04",0,F,203
12,11,202603,202602,ULAX_1204,0,2NENI,D,3,"1,5","0,00787","0,01",0,0,"0,01",0,F,977
12,11,202603,202603,SPOX_0999,0,4NENL,N,1,"0,5","0,00608",0,0,0,0,0,F,708
12,11,202603,202603,ULAX_0432,0, NENV,N,7,"3,7","0,01499","0,06",0,0,"0,06",0,M,491
12,11,202603,202603,ULAX_1204,0,2NENI,S,2,"7,2","0,00787","0,06",0,0,"0,06",0,F,356
12,11,202603,202603,SPO_11402,0,2IENI,D,19,"25,1","0,00787","0,2",0,0,"0,2",0,F,143
12,11,202603,202603,SPOX_0999,0,2NENI,S,13,"9,6","0,00787","0,08",0,0,"0,08",0,F,91
12,11,202603,202603,SPOX_0970,0,4NENL,N,2,1,"0,0061","0,01",0,0,"0,01",0,F,689
12,11,202603,202603,ULAX_0432,0,2NENI,N,11,"5,9","0,00787","0,04",0,0,"0,04",0,F,655
12,11,202603,202603,ULAX_1204,0,2NENI,N,3,"1,5","0,00787",0,0,0,0,0,F,807
12,11,202603,202603,SPO_10417,0,MNENI,D,32,"20,8","0,0076","0,14",0,0,"0,14",0,M,325
12,11,202603,202603,SPOX_0999,0,2NENI,N,1521,"4780,1","0,00787","37,63","1,42",0,"39,05",0,F,431
12,11,202603,202603,SPOX_0326,0,2NENI,N,2,2,"0,00787","0,02",0,0,"0,02",0,F,212
12,11,202603,202603,ULAX_1204,0,2NENI,D,22,27,"0,00787","0,19",0,0,"0,19",0,F,998
12,11,202603,202603,ULAX_4202,0, NENV,N,11,"11,3","0,01686","0,21",0,0,"0,21",0,M,348
12,11,202603,202602,SPO_14667,0,1NENI,D,1,"2,7","0,0078","0,02",0,0,"0,02",0,F,143
12,11,202603,202603,SPOX_6694,0,2NENI,D,3,3,"0,00787","0,02",0,0,"0,02",0,F,212
12,11,202603,202603,SPOX_0999,0,2NENI,D,65,"61,8","0,00787","0,48","0,01",0,"0,49",0,F,295
12,11,202603,202603,ULAX_1204,0,1NENI,D,36,"39,5","0,00787","0,28","0,01",0,"0,29",0,F,232
12,11,202603,202603,ULAX_1204,0,4NENL,R,37,65,"0,00423","0,27","0,01",0,"0,28",0,F,282
12,11,202603,202603,SPO_14667,0, NSNV,N,2,3,"0,01779","0,06",0,0,"0,06",0,M,325
12,11,202603,202602,ULAX_1204,0,2NENI,R,1,"0,6","0,00787",0,0,0,0,0,F,706
12,11,202603,202603,SPOX_0999,0,4NENL,N,326,"333,2","0,00608","2,03","0,07",0,"2,1",0,F,948
12,11,202603,202603,ULAX_0432,0, NENV,N,265,"168,7","0,01686","2,84","0,1",0,"2,94",0,M,69
12,11,202603,202603,ULAX_1204,0,2NENI,S,3,"1,5","0,00787","0,01",0,0,"0,01",0,F,780
12,11,202603,202603,SPO_11402,0,2NENI,R,1,"0,7","0,00787","0,01",0,0,"0,01",0,F,766
12,11,202603,202603,SPOX_0999,0,2NENI,S,64,"53,8","0,00787","0,42","0,01",0,"0,43",0,F,265
12,11,202603,202603,SPOX_0970,0, NENV,N,2,1,"0,01779","0,02",0,0,"0,02",0,M,14
12,11,202603,202603,ULAX_0432,0,2NENI,N,69,"34,5","0,00787","0,24","0,01",0,"0,25",0,F,971
12,11,202603,202603,ULAX_1204,0,2NENI,N,91,"64,6","0,00787","0,51","0,01",0,"0,52",0,F,943
12,11,202603,202603,SPO_10617,0,2NENI,D,4,2,"0,00787",0,0,0,0,0,F,212
12,11,202603,202603,SPOX_0999,0,2NENI,N,1,"0,5","0,00787",0,0,0,0,0,F,708
12,11,202603,202603,SPOX_0347,0,2GS8I,R,32,"29,9","0,00787","0,24",0,0,"0,24",0,F,143
12,11,202603,202603,ULAX_1204,0,2NENI,N,11,"19,7","0,00787","0,14",0,0,"0,14",0,F,82
12,11,202603,202603,ULAX_4721,0,MNENI,D,1,"0,5","0,00787",0,0,0,0,0,M,B99
12,11,202603,202602,ULAX_1201,0,MNENI,R,1,"0,5","0,00787",0,0,0,0,0,M,18
12,11,202603,202603,SPOX_6694,0,MNENI,N,147,"128,4","0,0076","0,98","0,03",0,"1,01",0,M,325
12,11,202603,202603,SPOX_0999,0,2NENI,D,3548,"10091,9","0,00787","79,44",3,0,"82,44",0,F,431
12,11,202603,202603,ULAX_1204,0,2NENI,D,1205,1889,"0,00787","14,91","0,56",0,"15,47",0,F,21
12,11,202603,202603,ULAX_1204,0,4NENL,R,258,"1474,8","0,00424","6,25","0,23",0,"6,48",0,F,42
12,11,202603,202603,SPO_14678,0,2GS8I,S,1,"3,4","0,00787","0,03",0,0,"0,03",0,F,351
12,11,202603,202602,ULAX_1204,0,4NENL,N,1,"0,5","0,00605",0,0,0,0,0,F,232
12,11,202603,202603,SPOX_0999,0,4NENL,R,8,"56,7","0,00423","0,25",0,0,"0,25",0,F,5
12,11,202603,202603,ULAX_0432,0, NENV,R,1,"0,5","0,01049","0,01",0,0,"0,01",0,M,A34
12,11,202603,202603,ULAX_1204,0,4NENL,N,214,"250,1","0,00605","1,51","0,05",0,"1,56",0,F,83
12,11,202603,202603,SPO_11404,0,1NSNI,N,13,"6,5","0,00787","0,04",0,0,"0,04",0,F,143
12,11,202603,202603,SPOX_0999,0,2NENI,S,16,30,"0,00787","0,23",0,0,"0,23",0,F,318
12,11,202603,202603,SPOX_0999,0,1NENI,N,2,"11,8","0,00787","0,09",0,0,"0,09",0,F,294
12,11,202603,202603,ULAX_0432,0,4NENL,N,1,"0,6","0,00605",0,0,0,0,0,F,5
12,11,202603,202603,ULAX_1204,0,2NENI,N,19,"11,1","0,00787","0,06",0,0,"0,06",0,F,985
12,11,202603,202603,SPO_10619,0,MNENI,N,38,"44,5","0,0076","0,33","0,01",0,"0,34",0,M,325
12,11,202603,202603,SPOX_0999,0,2NENI,N,453,"1304,9","0,00787","10,29","0,38",0,"10,67",0,F,842
12,11,202603,202603,SPOX_0348,0,2GS8I,D,108,"752,3","0,00787","5,91","0,22",0,"6,13",0,F,143
12,11,202603,202603,ULAX_1204,0,2NENI,N,15,"41,4","0,00787","0,3","0,01",0,"0,31",0,F,207
12,11,202603,202603,ULAX_4723,0,2GS8I,D,1,"4,2","0,00787","0,03",0,0,"0,03",0,F,355
12,11,202603,202602,ULAX_1204,0,2NENI,D,1,3,"0,0078","0,02",0,0,"0,02",0,F,541
12,11,202603,202603,SPOX_6716,0,2GS8I,N,246,"1186,2","0,00787","9,32","0,35",0,"9,67",0,F,363
12,11,202603,202603,SPOX_0999,0,2NENI,D,1033,"1384,2","0,00787","10,88","0,41",0,"11,29",0,F,705
12,11,202603,202603,ULAX_1204,0,2NENI,D,144,"174,1","0,00787","1,38","0,05",0,"1,43",0,F,83
12,11,202603,202603,ULAX_1204,0,4NENL,R,5,7,"0,00425","0,02",0,0,"0,02",0,F,255
12,11,202603,202603,SPO_14679,0,2GS8I,R,101,"106,1","0,00787","0,82","0,03",0,"0,85",0,F,363
12,11,202603,202602,ULAX_1204,0, GS8V,N,9,"92,9","0,01503","1,39","0,05",0,"1,44",0,M,34
12,11,202603,202603,SPOX_0999,0,4NENL,R,22,"198,7","0,00423","0,85","0,03",0,"0,88",0,F,279
12,11,202603,202603,ULAX_1008,0,2NENI,S,5,"2,8","0,00787","0,01",0,0,"0,01",0,F,661
12,11,202603,202603,ULAX_1204,0,4NENL,N,6370,"13739,5","0,00605","83,1","3,15",0,"86,25",0,F,227
12,11,202603,202603,SPO_11405,0,2GS8I,S,7,"3,7","0,00787","0,01",0,0,"0,01",0,F,143
12,11,202603,202603,SPOX_0999,0,2NENI,S,3,"22,2","0,00787","0,17",0,0,"0,17",0,F,767
12,11,202603,202603,SPOX_0999,0,2GS8I,N,72,"421,2","0,00787","3,33","0,12",0,"3,45",0,F,351
12,11,202603,202603,ULAX_0432,0,4NENL,N,31,"25,6","0,00608","0,15",0,0,"0,15",0,F,62
12,11,202603,202603,ULAX_1204,0,2NENI,R,16,"9,5","0,00787","0,07",0,0,"0,07",0,F,83
12,11,202603,202603,SPO_10808,0, NENV,R,5,"78,9","0,01245","0,99","0,03",0,"1,02",0,M,325
12,11,202603,202603,SPOX_0999,0,2NENI,N,1,"0,5","0,00787",0,0,0,0,0,F,964
12,11,202603,202603,SPOX_0543,0,MNENI,D,46,23,"0,0076","0,18",0,0,"0,18",0,M,34
12,11,202603,202603,ULAX_1204,0,2NENI,N,3759,"5209,3","0,00787","41,02","1,54",0,"42,56",0,F,247
12,11,202603,202603,ULAX_4726,0,2NENI,S,3,"9,8","0,00787","0,08",0,0,"0,08",0,F,355
12,11,202603,202603,SPOX_7137,0,2NENI,N,2,1,"0,00787",0,0,0,0,0,F,319
12,11,202603,202603,SPOX_0999,0,2NENI,D,25,"24,9","0,00787","0,18",0,0,"0,18",0,F,806
12,11,202603,202603,ULAX_1204,0,2NENI,D,23,"43,4","0,00787","0,34","0,01",0,"0,35",0,F,207
12,11,202603,202603,ULAX_1204,0,4NENL,R,1,"2,1","0,00425","0,01",0,0,"0,01",0,F,865
12,11,202603,202603,SPO_14681,0,1NSEI,R,1,"21,3","0,00787","0,17",0,0,"0,17",0,F,143
12,11,202603,202603,SPOX_0046,0,1NSEI,D,99,"860,5","0,00787","6,77","0,25",0,"7,02",0,F,143
12,11,202603,202603,SPOX_0999,0,4NENL,R,7,"90,1","0,00423","0,37","0,01",0,"0,38",0,F,931
12,11,202603,202603,ULAX_1201,0,2NENI,D,2,"1,7","0,00787","0,01",0,0,"0,01",0,F,31
12,11,202603,202603,ULAX_1204,0,4NENL,N,97,"119,4","0,00605","0,73","0,02",0,"0,75",0,F,295
12,11,202603,202603,SPO_11460,0,2NENI,R,27,"77,8","0,00787","0,6","0,02",0,"0,62",0,F,351
12,11,202603,202603,SPOX_0999,0,4NENL,N,1040,"1507,1","0,00605","9,12","0,34",0,"9,46",0,F,85
12,11,202603,202603,SPOX_0999,0,2NENI,D,88,"123,5","0,00787",1,"0,03",0,"1,03",0,F,41
12,11,202603,202603,ULAX_0432,0,4NENL,N,1,"0,5","0,00608",0,0,0,0,0,F,917
12,11,202603,202603,ULAX_1204,0,2NENI,R,414,"1324,6","0,00787","10,41","0,39",0,"10,8",0,F,241
12,11,202603,202603,SPO_11142,0,4NENL,N,1,"0,5","0,00608",0,0,0,0,0,F,206
12,11,202603,202603,SPOX_0999,0,2NENI,R,40,"78,8","0,00787","0,6","0,02",0,"0,62",0,F,21
12,11,202603,202603,SPOX_0551,0,2NENI,D,1,"0,9","0,00787","0,01",0,0,"0,01",0,F,221
12,11,202603,202603,ULAX_1204,0,2NENI,N,524,"342,4","0,00787","2,7","0,1",0,"2,8",0,F,286
12,11,202603,202603,ULAX_4728,0,MNENI,N,2,1,"0,00787",0,0,0,0,0,M,B99
12,11,202603,202603,SPOX_9684,0,2GS8I,N,177,"642,9","0,00787","5,04","0,19",0,"5,23",0,F,363
12,11,202603,202603,SPOX_0999,0,2NENI,D,530,"992,3","0,00787","7,81","0,29",0,"8,1",0,F,941
12,11,202603,202602,SPOX_0348,0,2NENI,N,2,1,"0,0078",0,0,0,0,0,F,143
12,11,202603,202603,ULAX_1204,0,2NENI,D,1,"0,5","0,00787",0,0,0,0,0,F,238
12,11,202603,202603,ULAX_1204,0, GS8V,R,570,"1842,7","0,0118","21,74","0,82",0,"22,56",0,M,348
12,11,202603,202603,SPO_14681,0,2NENI,D,10,"46,4","0,00787","0,36","0,01",0,"0,37",0,F,212
12,11,202603,202603,SPOX_0046,0,2NENI,D,1,"3,9","0,00787","0,03",0,0,"0,03",0,F,638
12,11,202603,202603,SPOX_0999,0,4NENL,R,5,"3,5","0,00425","0,02",0,0,"0,02",0,F,223
12,11,202603,202603,ULAX_1201,0,2NENI,N,2,1,"0,00787",0,0,0,0,0,F,251
12,11,202603,202603,ULAX_1204,0,4NENL,N,11,"9,4","0,00605","0,04",0,0,"0,04",0,F,810
12,11,202603,202603,SPO_11923,0,2NENI,R,1,"3,1","0,00787","0,02",0,0,"0,02",0,F,317
12,11,202603,202603,SPOX_0999,0,4NENL,N,3,"3,2","0,00605","0,01",0,0,"0,01",0,F,238
12,11,202603,202603,SPOX_0999,0,2NENI,D,14,7,"0,00787","0,05",0,0,"0,05",0,F,86
12,11,202603,202603,ULAX_0432,0,4NENL,R,15,"12,3","0,00425","0,05",0,0,"0,05",0,F,977
12,11,202603,202603,ULAX_1204,0,2NENI,R,36,"92,8","0,00787","0,72","0,02",0,"0,74",0,F,285
12,11,202603,202603,SPO_11154,0,2NENI,N,183,"340,9","0,00787","2,71","0,1",0,"2,81",0,F,432
12,11,202603,202603,SPOX_0999,0,2NENI,R,17,"50,1","0,00787","0,39","0,01",0,"0,4",0,F,204
12,11,202603,202603,SPOX_0777,0,2GS8I,D,2,"2,2","0,00787","0,02",0,0,"0,02",0,F,355
12,11,202603,202603,ULAX_4760,0,2NENI,N,1,"0,5","0,00787",0,0,0,0,0,F,235
12,11,202603,202603,ULAX_1204,0,2NENI,D,3,"1,2","0,00787",0,0,0,0,0,F,258
12,11,202603,202603,SPO_10092,0,2NENI,D,1,"0,7","0,00787","0,01",0,0,"0,01",0,F,209
12,11,202603,202603,SPOX_0999,0,2NENI,D,41,"24,7","0,00787","0,17",0,0,"0,17",0,F,985
12,11,202603,202602,SPOX_0999,0,2NENI,D,1,1,"0,0078","0,01",0,0,"0,01",0,F,284
12,11,202603,202603,ULAX_1204,0,MNENI,D,3,"1,5","0,00787","0,01",0,0,"0,01",0,M,A61
12,11,202603,202603,ULAX_1201,0,2NENI,R,4,2,"0,00787",0,0,0,0,0,F,951
12,11,202603,202603,SPO_14681,0, GS8V,N,6,"21,9","0,01779","0,4","0,01",0,"0,41",0,M,325
12,11,202603,202603,SPOX_0046,0,4NENL,R,9,"33,4","0,00441","0,14",0,0,"0,14",0,F,225
12,11,202603,202603,SPOX_0999,0,4NENL,R,9,"4,7","0,00425","0,01",0,0,"0,01",0,F,738
12,11,202603,202603,ULAX_1204,0,4NENL,N,56,45,"0,00605","0,28","0,01",0,"0,29",0,F,991
12,11,202603,202603,SPO_13918,0,2NENI,N,90,"220,2","0,00787","1,74","0,06",0,"1,8",0,F,318
12,11,202603,202603,SPOX_0999,0,4NENL,N,2648,"3880,5","0,00605","23,48","0,89",0,"24,37",0,F,298
12,11,202603,202603,SPOX_0999,0,2NENI,D,3,"1,5","0,00787",0,0,0,0,0,F,214
12,11,202603,202603,ULAX_1204,0,2NENI,R,9,"16,2","0,00787","0,12",0,0,"0,12",0,F,359
12,11,202603,202603,SPO_11230,0,2NENI,D,4,"10,4","0,00787","0,08",0,0,"0,08",0,F,71
12,11,202603,202603,SPOX_0999,0,2NENI,R,436,"1626,5","0,00787","12,79","0,48",0,"13,27",0,F,251
12,11,202603,202603,SPOX_0811,0, NENV,N,323,"184,9","0,01499","2,79","0,1",0,"2,89",0,M,34
12,11,202603,202603,ULAX_4763,0,1NSEI,N,41,"420,3","0,00787","3,31","0,12",0,"3,43",0,F,355
12,11,202603,202603,ULAX_1204,0,2NENI,D,1276,1192,"0,00787","9,38","0,35",0,"9,73",0,F,294
12,11,202603,202603,SPO_10152,0,1NENI,S,3,"1,6","0,00787",0,0,0,0,0,F,143
12,11,202603,202603,SPOX_0999,0,2NENI,N,136,"137,7","0,00787","1,06","0,04",0,"1,1",0,F,65
12,11,202603,202602,SPOX_0999,0,2NENI,D,1,"0,5","0,00787",0,0,0,0,0,F,294
12,11,202603,202603,ULAX_1204,0, NENV,N,10,"6,6","0,01686","0,12",0,0,"0,12",0,M,6
12,11,202603,202603,ULAX_1201,0,4NENL,N,1383,"1323,1","0,00608","8,03","0,3",0,"8,33",0,F,977
12,11,202603,202603,SPOX_0083,0,1NSEI,R,3,"58,7","0,00787","0,46","0,01",0,"0,47",0,F,143
12,11,202603,202603,SPOX_0999,0, GS8V,N,5,"25,7","0,01499","0,39","0,01",0,"0,4",0,M,34
12,11,202603,202603,SPO_14657,0,1NENI,N,391,"425,8","0,00787","3,34","0,12",0,"3,46",0,F,143
12,11,202603,202603,ULAX_1204,0,4NENL,N,13,"7,9","0,00608","0,06",0,0,"0,06",0,F,121
12,11,202603,202603,ULAX_0432,0,MNENI,N,119,"73,5","0,00787","0,56","0,02",0,"0,58",0,M,69
12,11,202603,202603,SPOX_0999,0,4NENL,N,284,"435,2","0,00605","2,63","0,09",0,"2,72",0,F,809
12,11,202603,202603,SPOX_0999,0,2NENI,D,2,"1,8","0,00787","0,01",0,0,"0,01",0,F,245
12,11,202603,202603,SPO_11230,0, NENV,R,1,"4,2","0,01049","0,04",0,0,"0,04",0,M,34
12,11,202603,202603,ULAX_1204,0,2NENI,R,1,"0,5","0,00787",0,0,0,0,0,F,707
12,11,202603,202603,SPO_14681,0, NSNV,R,2,1,"0,01245","0,01",0,0,"0,01",0,M,325
12,11,202603,202603,SPOX_0999,0,2NENI,R,10,"5,1","0,00787","0,02",0,0,"0,02",0,F,293
12,11,202603,202603,SPOX_0835,0,MNENI,N,148,"94,1","0,0076","0,71","0,02",0,"0,73",0,M,34
12,11,202603,202603,ULAX_1204,0,2NENI,D,3540,"10162,6","0,00787","79,97","3,02",0,"82,99",0,F,431
12,11,202603,202603,ULAX_2826,0,2NENI,D,42,"105,3","0,00787","0,84","0,03",0,"0,87",0,F,807
12,11,202603,202603,SPOX_0999,0,2NENI,N,42,"23,6","0,00787","0,17",0,0,"0,17",0,F,182
12,11,202603,202602,SPOX_0999,0,2NENI,N,3,"7,2","0,0078","0,06",0,0,"0,06",0,F,757
12,11,202603,202603,ULAX_1201,0,MNENI,D,1573,"1621,3","0,00787","12,75","0,48",0,"13,23",0,M,451
12,11,202603,202603,SPOX_0083,0,2NEAI,D,1,"1,4","0,00787","0,01",0,0,"0,01",0,F,143
12,11,202603,202603,SPOX_0999,0,MNENI,R,2,1,"0,00787",0,0,0,0,0,M,451
12,11,202603,202603,ULAX_1204,0,4NENL,N,14596,"21303,9","0,00608","129,52","4,91",0,"134,43",0,F,247
12,11,202603,202603,SPO_14657,0,2NENI,S,3,10,"0,00787","0,07",0,0,"0,07",0,F,143
12,11,202603,202603,ULAX_0432,0,MNENI,N,18,"9,4","0,00787","0,07",0,0,"0,07",0,M,498
12,11,202603,202603,SPOX_0999,0,4NENL,N,96,"70,8","0,00605","0,43","0,01",0,"0,44",0,F,991
12,11,202603,202603,SPOX_0999,0,2NENI,D,1138,"1011,6","0,00787","7,94","0,3",0,"8,24",0,F,283
12,11,202603,202603,SPO_11360,0, NENV,N,113,"59,2","0,01499","0,84","0,03",0,"0,87",0,M,34
12,11,202603,202603,ULAX_0432,0,2NENI,D,2,1,"0,00787",0,0,0,0,0,F,204
12,11,202603,202603,SPOX_0999,0,2NENI,R,1,"1,9","0,00787","0,01",0,0,"0,01",0,F,432
12,11,202603,202603,SPOX_0970,0,1NSEI,D,6,"55,6","0,00787","0,44","0,01",0,"0,45",0,F,143
12,11,202603,202603,SPO_10156,0,1NENI,N,349,"849,8","0,00787","6,69","0,25",0,"6,94",0,F,143
12,11,202603,202603,ULAX_1204,0,2NENI,D,1,"5,5","0,00787","0,04",0,0,"0,04",0,F,708
12,11,202603,202603,ULAX_4036,0,2NENI,D,2,"3,3","0,00787","0,03",0,0,"0,03",0,F,661
12,11,202603,202603,SPOX_0999,0,2NENI,N,1616,"3316,4","0,00787","26,08","0,98",0,"27,06",0,F,227
12,11,202603,202602,SPOX_0999,0,4NENL,N,1,"1,4","0,00598","0,01",0,0,"0,01",0,F,298
12,11,202603,202603,ULAX_4763,0,2NENI,N,1,"0,6","0,00787",0,0,0,0,0,F,232
12,11,202603,202603,SPOX_4927,0,2GS8I,D,1,"0,5","0,00787",0,0,0,0,0,F,351
12,11,202603,202603,ULAX_1201,0,MNENI,N,21,"17,1","0,00787","0,1",0,0,"0,1",0,M,A34
12,11,202603,202603,SPOX_0083,0,2NSNI,N,55,"78,7","0,00787","0,6","0,02",0,"0,62",0,F,143
12,11,202603,202603,SPOX_1158,0,1NSEI,D,7,"41,3","0,00787","0,33","0,01",0,"0,34",0,F,143
12,11,202603,202603,ULAX_1204,0,4NENL,N,1,"0,5","0,00608",0,0,0,0,0,F,707
12,11,202603,202603,SPO_14667,0,1NENI,N,1,"0,5","0,00787",0,0,0,0,0,F,766
12,11,202603,202603,ULAX_0432,0,MNENI,R,3,"1,5","0,00787","0,01",0,0,"0,01",0,M,492
12,11,202603,202603,SPOX_0999,0,4NENL,N,25,"16,1","0,00608","0,08",0,0,"0,08",0,F,121
12,11,202603,202603,ULAX_1204,0,2NENI,S,222,348,"0,00787","2,72","0,1",0,"2,82",0,F,205
12,11,202603,202603,SPO_11366,0,2GS8I,S,1,"3,1","0,00787","0,02",0,0,"0,02",0,F,361
12,11,202603,202603,SPOX_0970,0,2GS8I,R,5,"4,7","0,00787","0,03",0,0,"0,03",0,F,431
12,11,202603,202603,ULAX_0432,0,2NENI,D,73,57,"0,00787","0,45","0,01",0,"0,46",0,F,767
12,11,202603,202603,SPOX_0999,0,2NENI,R,39,"45,9","0,00787","0,35","0,01",0,"0,36",0,F,842
12,11,202603,202603,ULAX_1204,0,2NENI,N,505,"504,4","0,00787","3,97","0,14",0,"4,11",0,F,319
12,11,202603,202603,SPO_10156,0,2NENI,N,10,"23,8","0,00787","0,19",0,0,"0,19",0,F,766
12,11,202603,202603,ULAX_1204,0,2NENI,D,2,"1,9","0,00787","0,01",0,0,"0,01",0,F,822
12,11,202603,202603,SPO_11366,0,4NENL,N,48,24,"0,00608","0,16",0,0,"0,16",0,F,251
12,11,202603,202603,SPOX_0970,0,2IENI,S,3,"5,4","0,00787","0,04",0,0,"0,04",0,F,143
12,11,202603,202603,ULAX_0432,0,2NENI,D,456,"335,4","0,00787","2,65","0,09",0,"2,74",0,F,931
12,11,202603,202603,SPOX_0999,0,2NENI,R,3,"3,6","0,00787","0,02",0,0,"0,02",0,F,948
12,11,202603,202603,ULAX_1204,0,2NENI,N,2082,"2365,5","0,00787","18,61","0,7",0,"19,31",0,F,363
12,11,202603,202603,SPO_10156,0,4NENL,N,29,"64,4","0,0061","0,39","0,01",0,"0,4",0,F,766
12,11,202603,202603,SPOX_0083,0,MNSNI,S,1,"0,5","0,00787",0,0,0,0,0,M,325
12,11,202603,202603,ULAX_1204,0,2NENI,D,300,"250,9","0,00787","1,98","0,07",0,"2,05",0,F,925
12,11,202603,202603,ULAX_4113,0,MNENI,N,77,"44,1","0,0076","0,34","0,01",0,"0,35",0,M,348
12,11,202603,202603,SPOX_0999,0,2NENI,N,518,"384,2","0,00787","3,02","0,11",0,"3,13",0,F,286
12,11,202603,202602,SPOX_6685,0,MNENI,D,1,"0,5","0,00752",0,0,0,0,0,M,325
12,11,202603,202603,SPOX_6685,0,2NENI,N,1,"0,5","0,00787",0,0,0,0,0,F,203
12,11,202603,202603,ULAX_1201,0, NENV,N,4,"2,8","0,01499","0,04",0,0,"0,04",0,M,34
12,11,202603,202603,ULAX_1204,0,4NENL,N,7,"4,5","0,00608","0,03",0,0,"0,03",0,F,969
12,11,202603,202603,SPO_14667,0,2NENI,N,1,"0,7","0,00787","0,01",0,0,"0,01",0,F,212
12,11,202603,202603,SPOX_0999,0,4NENL,N,6791,"7504,2","0,00608","45,63","1,73",0,"47,36",0,F,265
12,11,202603,202603,ULAX_0432,0, NENV,N,4,2,"0,01499","0,04",0,0,"0,04",0,M,30
12,11,202603,202603,ULAX_1204,0,2NENI,S,2,4,"0,00787","0,03",0,0,"0,03",0,F,291
12,11,202603,202603,SPO_11402,0,1NENI,D,26,"26,6","0,00787","0,17",0,0,"0,17",0,F,143
12,11,202603,202603,SPOX_0999,0,2NENI,S,5,"11,5","0,00787","0,09",0,0,"0,09",0,F,21
12,11,202603,202603,SPOX_0970,0,2NSNI,D,165,"543,6","0,00787","4,29","0,16",0,"4,45",0,F,143
12,11,202603,202603,ULAX_0432,0,2NENI,N,5,"2,5","0,00787","0,01",0,0,"0,01",0,F,79
12,11,202603,202603,ULAX_1204,0,2NENI,N,1,"0,5","0,00787",0,0,0,0,0,F,707
12,11,202603,202603,SPO_10404,0, GS8V,N,64,"330,8","0,01499","4,94","0,18",0,"5,12",0,M,34
12,11,202603,202603,SPOX_0326,0,2IENI,D,32,"21,9","0,00787","0,16",0,0,"0,16",0,F,143
12,11,202603,202603,ULAX_1204,0,2NENI,D,2432,"2692,7","0,00787","21,2","0,8",0,22,0,F,977
12,11,202603,202603,ULAX_4202,0,2NENI,N,528,"338,6","0,00787","2,68","0,1",0,"2,78",0,F,674
12,11,202603,202602,SPO_11366,0,2NENI,N,6,"8,6","0,00787","0,07",0,0,"0,07",0,F,361
12,11,202603,202603,SPOX_6685,0,MNENI,R,2,"1,4","0,00787","0,01",0,0,"0,01",0,M,411
12,11,202603,202603,ULAX_1201,0, NENV,R,2,1,"0,01049","0,02",0,0,"0,02",0,M,B99
12,11,202603,202603,ULAX_1204,0,4NENL,R,1,"0,5","0,00423",0,0,0,0,0,F,98
12,11,202603,202603,SPO_14667,0,MGS8I,N,14,"39,3","0,00787","0,29","0,01",0,"0,3",0,M,325
12,11,202603,202602,ULAX_1204,0,2NENI,N,1,"1,4","0,0078","0,01",0,0,"0,01",0,F,318
12,11,202603,202603,SPOX_0999,0,4NENL,N,2,1,"0,00608",0,0,0,0,0,F,802
12,11,202603,202603,ULAX_0432,0, NENV,N,25,"12,9","0,01499","0,19",0,0,"0,19",0,M,498
12,11,202603,202603,ULAX_1204,0,2NENI,S,1,"4,4","0,00787","0,03",0,0,"0,03",0,F,544
12,11,202603,202603,SPO_11402,0,2NENI,D,22,"23,1","0,00787","0,17",0,0,"0,17",0,F,766
12,11,202603,202603,SPOX_0999,0,2NENI,S,28,"41,2","0,00787","0,3","0,01",0,"0,31",0,F,227
12,11,202603,202603,SPOX_0970,0,MGS8I,R,5,"22,6","0,00787","0,17",0,0,"0,17",0,M,325
12,11,202603,202603,ULAX_0432,0,2NENI,N,3,"1,5","0,00787",0,0,0,0,0,F,780
12,11,202603,202603,ULAX_1204,0,2NENI,N,1,"0,5","0,00787",0,0,0,0,0,F,913
12,11,202603,202603,SPO_10418,0,2GS8I,N,1,"0,9","0,00787","0,01",0,0,"0,01",0,F,143
12,11,202603,202603,SPOX_0999,0,2NENI,N,1,"0,5","0,00787",0,0,0,0,0,F,606
12,11,202603,202603,SPOX_0347,0,1NENI,D,192,"759,2","0,00787","5,95","0,22",0,"6,17",0,F,143
12,11,202603,202603,ULAX_1204,0,2NENI,N,73,"78,6","0,00787","0,59","0,02",0,"0,61",0,F,47
12,11,202603,202603,ULAX_4616,0,2GS8I,N,14,"93,5","0,00787","0,72","0,02",0,"0,74",0,F,355
12,11,202603,202602,ULAX_0432,0,MNENI,R,1,"0,5","0,0078",0,0,0,0,0,M,451
12,11,202603,202603,SPOX_6694,0,4NENL,N,8,"13,9","0,0061","0,07",0,0,"0,07",0,F,766
12,11,202603,202603,SPOX_0999,0,2NENI,D,3149,"5020,2","0,00787","39,51","1,49",0,41,0,F,351
12,11,202603,202603,ULAX_1204,0,1NENI,N,7,"5,7","0,00787","0,03",0,0,"0,03",0,F,705
12,11,202603,202603,ULAX_1204,0,4NENL,R,1,"0,5","0,00423",0,0,0,0,0,F,295
12,11,202603,202603,SPO_14678,0,1NSEI,N,1,"0,7","0,00787","0,01",0,0,"0,01",0,F,143
12,11,202603,202602,ULAX_1204,0,4NENL,N,1,"0,5","0,00602",0,0,0,0,0,F,224
12,11,202603,202603,SPOX_0999,0,4NENL,N,20,"23,2","0,00608","0,15",0,0,"0,15",0,F,968
12,11,202603,202603,ULAX_0432,0, NENV,R,1,"0,7","0,01049","0,01",0,0,"0,01",0,M,421
12,11,202603,202603,ULAX_1204,0,4NENL,N,1164,"2053,9","0,00605","12,43","0,47",0,"12,9",0,F,5
12,11,202603,202603,SPO_11402,0,4NENL,N,1,"1,6","0,0061","0,01",0,0,"0,01",0,F,689
12,11,202603,202603,SPOX_0999,0,2NENI,S,2,2,"0,00787","0,01",0,0,"0,01",0,F,284
12,11,202603,202603,SPOX_0999,0,1NENI,D,2,12,"0,00787","0,09",0,0,"0,09",0,F,221
12,11,202603,202603,ULAX_0432,0,2NENI,R,10,"6,8","0,00787","0,04",0,0,"0,04",0,F,757
12,11,202603,202603,ULAX_1204,0,2NENI,N,36,"56,7","0,00787","0,41","0,01",0,"0,42",0,F,967
12,11,202603,202603,SPO_10617,0,2NENI,S,14,"16,4","0,00787","0,13",0,0,"0,13",0,F,143
12,11,202603,202603,SPOX_0999,0,2NENI,N,1,"0,5","0,00787",0,0,0,0,0,F,802
12,11,202603,202603,SPOX_0347,0,2NENI,N,4,"9,7","0,00787","0,07",0,0,"0,07",0,F,638
12,11,202603,202603,ULAX_1204,0,2NENI,N,1,"0,8","0,00787","0,01",0,0,"0,01",0,F,94
12,11,202603,202603,ULAX_4721,0,MNENI,R,9,"174,9","0,00787","1,37","0,05",0,"1,42",0,M,430
12,11,202603,202602,ULAX_1204,0,2NENI,D,1,"2,2","0,0078","0,02",0,0,"0,02",0,F,205
12,11,202603,202603,SPOX_6698,0,2NENI,R,127,"354,2","0,00787","2,79","0,1",0,"2,89",0,F,363
12,11,202603,202603,SPOX_0999,0,2NENI,D,4,"3,1","0,00787","0,02",0,0,"0,02",0,F,606
12,11,202603,202603,ULAX_1204,0,2NENI,D,13,"10,8","0,00787","0,06",0,0,"0,06",0,F,55
12,11,202603,202603,ULAX_1204,0,4NENL,R,4,2,"0,00425",0,0,0,0,0,F,67
12,11,202603,202603,SPO_14679,0,2GS8I,D,46,"221,4","0,00787","1,73","0,06",0,"1,79",0,F,431
12,11,202603,202602,ULAX_1204,0,4NENL,N,1,"0,5","0,00608",0,0,0,0,0,F,247
12,11,202603,202603,SPOX_0999,0,4NENL,R,34,"26,8","0,00423","0,07",0,0,"0,07",0,F,91
12,11,202603,202603,ULAX_0432,0, NENV,R,8,"4,7","0,0118","0,05",0,0,"0,05",0,M,463
12,11,202603,202603,ULAX_1204,0,4NENL,N,60,"39,8","0,00605","0,24",0,0,"0,24",0,F,98
12,11,202603,202603,SPO_11405,0,1NENI,N,907,"2111,5","0,00787","16,58","0,62",0,"17,2",0,F,143
12,11,202603,202603,SPOX_0999,0,2NENI,S,30,"80,1","0,00787","0,62","0,02",0,"0,64",0,F,431
12,11,202603,202603,SPOX_0999,0,2GS8I,D,15,"75,8","0,00787","0,59","0,02",0,"0,61",0,F,143
12,11,202603,202603,ULAX_0432,0,4NENL,N,88,"65,4","0,00605","0,39","0,01",0,"0,4",0,F,767
12,11,202603,202603,ULAX_1204,0,2NENI,R,2020,"14677,4","0,00787","115,51","4,37",0,"119,88",0,F,31
12,11,202603,202603,SPO_10802,0,2NENI,D,43,"109,9","0,00787","0,85","0,03",0,"0,88",0,F,317
12,11,202603,202603,SPOX_0999,0,2NENI,N,24,"13,7","0,00787","0,09",0,0,"0,09",0,F,927
12,11,202603,202603,SPOX_0348,0,2NENI,N,2010,"8628,8","0,00787","67,91","2,57",0,"70,48",0,F,143
12,11,202603,202603,ULAX_1204,0,2NENI,N,9537,"20338,5","0,00787","160,07","6,06",0,"166,13",0,F,221
12,11,202603,202603,ULAX_4726,0,2GS3I,N,5,"15,1","0,00787","0,12",0,0,"0,12",0,F,35
12,11,202603,202602,ULAX_1204,0,2NENI,D,2,"4,3","0,00787","0,03",0,0,"0,03",0,F,251
12,11,202603,202603,SPOX_6716,0,2NENI,N,1750,1029,"0,00787","8,1","0,3",0,"8,4",0,F,363
12,11,202603,202603,SPOX_0999,0,2NENI,D,12532,"13207,5","0,00787","103,95","3,93",0,"107,88",0,F,757
12,11,202603,202603,ULAX_1204,0,2NENI,D,51,"68,5","0,00787","0,52","0,02",0,"0,54",0,F,95
12,11,202603,202603,ULAX_1204,0,4NENL,R,48,"116,2","0,00425","0,49","0,01",0,"0,5",0,F,470
12,11,202603,202603,SPO_14681,0,1NENI,D,1445,"2898,6","0,00787","22,84","0,86",0,"23,7",0,F,143
12,11,202603,202602,ULAX_4721,0,MNENI,N,1,"0,5","0,0076",0,0,0,0,0,M,34
12,11,202603,202603,SPOX_0999,0,4NENL,R,23,"56,7","0,00423","0,23",0,0,"0,23",0,F,291
12,11,202603,202603,ULAX_1158,0,2GS8I,D,23,"157,6","0,00787","1,24","0,04",0,"1,28",0,F,661
12,11,202603,202603,ULAX_1204,0,4NENL,N,1347,"1460,6","0,00605","8,85","0,33",0,"9,18",0,F,279
12,11,202603,202603,SPO_11405,0,2NENI,N,15747,"45851,1","0,00787","360,88","13,66",0,"374,54",0,F,143
12,11,202603,202603,SPOX_0999,0,4NENL,N,1424,"2321,9","0,00605","14,06","0,53",0,"14,59",0,F,21
12,11,202603,202603,SPOX_0999,0,2GS8I,R,4,"3,2","0,00787","0,03",0,0,"0,03",0,F,431
12,11,202603,202603,ULAX_0432,0,4NENL,N,166,"119,6","0,00608","0,71","0,02",0,"0,73",0,F,251
12,11,202603,202603,ULAX_1204,0,2NENI,R,363,"621,9","0,00787","4,9","0,18",0,"5,08",0,F,205
12,11,202603,202603,SPO_10810,0,2GS8I,D,3,"25,1","0,00787","0,2",0,0,"0,2",0,F,143
12,11,202603,202603,SPOX_0999,0,2NENI,N,1,"2,7","0,00787","0,02",0,0,"0,02",0,F,979
12,11,202603,202603,SPOX_0545,0,2NENI,D,3,"1,5","0,00787","0,01",0,0,"0,01",0,F,621
12,11,202603,202603,ULAX_1204,0,2NENI,N,1727,"1830,1","0,00787","14,4","0,54",0,"14,94",0,F,265
12,11,202603,202603,ULAX_4727,0,2GS8I,N,3,"25,5","0,00787","0,2",0,0,"0,2",0,F,355
12,11,202603,202603,SPOX_9684,0,2GS8I,D,7,"33,7","0,00787","0,25","0,01",0,"0,26",0,F,143
12,11,202603,202603,SPOX_0999,0,2NENI,D,1173,"1098,8","0,00787","8,63","0,32",0,"8,95",0,F,865
12,11,202603,202602,SPOX_0083,0,4NENL,N,1,"4,5","0,00604","0,03",0,0,"0,03",0,F,638
12,11,202603,202603,ULAX_1204,0,2NENI,D,4,3,"0,00787","0,01",0,0,"0,01",0,F,220
12,11,202603,202603,ULAX_1204,0,4NENL,R,1,"2,1","0,00427","0,01",0,0,"0,01",0,F,663
12,11,202603,202603,SPO_14681,0,2GS8I,R,7,"9,8","0,00787","0,08",0,0,"0,08",0,F,143
12,11,202603,202603,SPOX_0046,0,2IENI,D,1,"0,5","0,0076",0,0,0,0,0,F,25
12,11,202603,202603,SPOX_0999,0,4NENL,R,3,"1,7","0,00425","0,01",0,0,"0,01",0,F,41
12,11,202603,202603,ULAX_1201,0,2NENI,D,4,"11,8","0,00787","0,09",0,0,"0,09",0,F,738
12,11,202603,202603,ULAX_1204,0,4NENL,N,3,"1,5","0,00605",0,0,0,0,0,F,621
12,11,202603,202603,SPO_11464,0,2NENI,N,1,"6,8","0,00787","0,05",0,0,"0,05",0,F,351
12,11,202603,202603,SPOX_0999,0,4NENL,N,2655,3602,"0,00605","21,77","0,82",0,"22,59",0,F,205
12,11,202603,202603,SPOX_0999,0,2NENI,D,212,"246,2","0,00787","1,95","0,07",0,"2,02",0,F,65
12,11,202603,202603,ULAX_0432,0,4NENL,N,18,"16,9","0,00631","0,12",0,0,"0,12",0,F,934
12,11,202603,202603,ULAX_1204,0,2NENI,R,156,"346,3","0,00787","2,72","0,1",0,"2,82",0,F,262
12,11,202603,202603,SPO_11144,0,MNENI,N,48,"28,9","0,0076","0,21",0,0,"0,21",0,M,34
12,11,202603,202603,SPOX_0999,0,2NENI,R,6,"90,3","0,00787","0,7","0,02",0,"0,72",0,F,61
12,11,202603,202603,SPOX_0551,0,4NENL,N,1,"0,9","0,00605","0,01",0,0,"0,01",0,F,221
12,11,202603,202603,ULAX_4728,0, NENV,N,448,"387,6","0,01499","5,77","0,22",0,"5,99",0,M,430
12,11,202603,202603,SPOX_9684,0,2GS8I,S,2,"11,2","0,00787","0,09",0,0,"0,09",0,F,351
12,11,202603,202603,SPOX_0999,0,2NENI,D,99,"101,1","0,00787","0,79","0,02",0,"0,81",0,F,967
12,11,202603,202602,SPOX_0999,0,1NSEI,D,1,"26,1","0,00787","0,21",0,0,"0,21",0,F,143
12,11,202603,202603,ULAX_1204,0,MGS8I,R,10058,"18805,7","0,00787","147,99","5,6",0,"153,59",0,M,34
12,11,202603,202603,SPO_14681,0,2NENI,R,84,"253,4","0,00787",2,"0,07",0,"2,07",0,F,143
12,11,202603,202603,SPOX_0046,0,2NENI,S,3,"3,8","0,00787","0,03",0,0,"0,03",0,F,11
12,11,202603,202603,SPOX_0999,0,4NENL,R,126,"370,4","0,00425","1,56","0,05",0,"1,61",0,F,262
12,11,202603,202603,ULAX_1201,0,2NENI,R,3,"1,5","0,00787","0,01",0,0,"0,01",0,F,121
12,11,202603,202603,ULAX_1204,0,4NENL,N,111,"124,9","0,00605","0,74","0,02",0,"0,76",0,F,927
12,11,202603,202603,SPO_12222,0,2NENI,D,2,1,"0,00787",0,0,0,0,0,F,121
12,11,202603,202603,SPOX_0999,0,4NENL,N,2129,"2533,6","0,00605","15,32","0,58",0,"15,9",0,F,282
12,11,202603,202603,SPOX_0999,0,2NENI,D,151,"131,2","0,00787","1,02","0,03",0,"1,05",0,F,182
12,11,202603,202603,ULAX_0432,0,MNENI,D,1,"0,5","0,00787",0,0,0,0,0,M,63
12,11,202603,202603,ULAX_1204,0,2NENI,R,49,"179,9","0,00787","1,41","0,05",0,"1,46",0,F,298
12,11,202603,202603,SPO_11182,0,2NENI,N,922,"1278,4","0,00787","10,05","0,38",0,"10,43",0,F,431
12,11,202603,202603,SPOX_0999,0,2NENI,R,2,"1,7","0,00787","0,01",0,0,"0,01",0,F,223
12,11,202603,202603,SPOX_0777,0,2GS8I,N,1,8,"0,00787","0,06",0,0,"0,06",0,F,351
12,11,202603,202603,ULAX_4760,0,4NENL,N,2,"2,7","0,00631","0,01",0,0,"0,01",0,F,235
12,11,202603,202603,ULAX_1204,0,2NENI,D,4256,"4070,6","0,00787","32,05","1,21",0,"33,26",0,F,281
12,11,202603,202603,SPO_10092,0,4NENL,N,1,"0,5","0,00605",0,0,0,0,0,F,981
12,11,202603,202603,SPOX_0999,0,2NENI,N,212,543,"0,00787","4,3","0,16",0,"4,46",0,F,27
12,11,202603,202602,SPOX_0999,0,2NENI,D,10,"6,6","0,0078","0,06",0,0,"0,06",0,F,757
12,11,202603,202603,ULAX_1204,0,MNENI,R,2,1,"0,0076",0,0,0,0,0,M,34
12,11,202603,202603,ULAX_1201,0,4NENL,N,4,13,"0,00608","0,08",0,0,"0,08",0,F,51
12,11,202603,202603,SPOX_0083,0,1NENI,D,13,"14,9","0,00787","0,11",0,0,"0,11",0,F,766
12,11,202603,202603,SPOX_0999,0,4NENL,R,3,"3,6","0,00425","0,01",0,0,"0,01",0,F,948
12,11,202603,202603,ULAX_1204,0,4NENL,N,100,"121,2","0,00608","0,75","0,02",0,"0,77",0,F,41
12,11,202603,202603,ULAX_0432,0,MNENI,D,46,"55,6","0,00787","0,41","0,01",0,"0,42",0,M,A61
12,11,202603,202603,SPOX_0999,0,4NENL,N,1,"0,5","0,00605",0,0,0,0,0,F,621
12,11,202603,202603,SPOX_0999,0,2NENI,D,4570,"10113,7","0,00787","79,62","3,01",0,"82,63",0,F,227
12,11,202603,202603,ULAX_1204,0,2NENI,R,58,"127,8","0,00787",1,"0,03",0,"1,03",0,F,470
12,11,202603,202603,SPO_11230,0,MNENI,D,35,"18,3","0,0076","0,13",0,0,"0,13",0,M,34
12,11,202603,202603,SPOX_0999,0,2NENI,R,25,"203,2","0,00787","1,59","0,06",0,"1,65",0,F,279
12,11,202603,202603,SPOX_0823,0,2NENI,D,273,"147,5","0,00787","1,16","0,04",0,"1,2",0,F,361
12,11,202603,202603,ULAX_1204,0,2NENI,D,1666,"1930,3","0,00787","15,23","0,57",0,"15,8",0,F,319
12,11,202603,202603,SPO_10152,0,2NENI,D,4,"10,8","0,00787","0,09",0,0,"0,09",0,F,638
12,11,202603,202603,SPOX_0999,0,2NENI,N,69,"65,5","0,00787","0,5","0,01",0,"0,51",0,F,84
12,11,202603,202602,SPOX_0999,0,2NENI,D,2,3,"0,00787","0,02",0,0,"0,02",0,F,983
12,11,202603,202603,ULAX_1201,0,MNENI,D,3,"1,5","0,00787",0,0,0,0,0,M,6
12,11,202603,202603,SPOX_0083,0,2GS8I,N,7,"8,3","0,00787","0,06",0,0,"0,06",0,F,431
12,11,202603,202603,SPOX_0999,0,MNENI,D,2,1,"0,00787",0,0,0,0,0,M,A61
12,11,202603,202603,SPO_14657,0,2NENI,D,10,"13,8","0,00787","0,1",0,0,"0,1",0,F,638
12,11,202603,202603,ULAX_1204,0,4NENL,N,1715,"1418,3","0,00608","8,61","0,32",0,"8,93",0,F,224
12,11,202603,202603,ULAX_0432,0,MNENI,N,1,"0,5","0,00787",0,0,0,0,0,M,479
12,11,202603,202603,SPOX_0999,0,4NENL,N,103,"81,8","0,00605","0,5","0,01",0,"0,51",0,F,927
12,11,202603,202603,SPOX_0999,0,2NENI,D,6,"19,4","0,00787","0,15",0,0,"0,15",0,F,258
12,11,202603,202603,SPO_11232,0,2NENI,R,7,"8,7","0,00787","0,07",0,0,"0,07",0,F,71
12,11,202603,202603,ULAX_1204,0,2NENI,R,2,3,"0,00787","0,03",0,0,"0,03",0,F,865
12,11,202603,202603,ULAX_0432,0,2GS8I,N,2,"13,9","0,00787","0,11",0,0,"0,11",0,F,355
12,11,202603,202603,SPOX_0999,0,2NENI,R,137,489,"0,00787","3,84","0,14",0,"3,98",0,F,351
12,11,202603,202603,SPOX_0970,0,1NENI,N,1,"0,5","0,00787",0,0,0,0,0,F,11
12,11,202603,202603,SPO_10152,0,4NENL,N,8,"22,5","0,0061","0,14",0,0,"0,14",0,F,638
12,11,202603,202603,ULAX_1204,0,2NENI,D,3,"1,5","0,00787",0,0,0,0,0,F,621
12,11,202603,202603,ULAX_4006,0,2NENI,N,274,"1413,6","0,00787","11,12","0,42",0,"11,54",0,F,674
12,11,202603,202603,SPOX_0999,0,2NENI,N,4,"5,7","0,00787","0,04",0,0,"0,04",0,F,208
12,11,202603,202602,SPOX_0999,0,2NENI,N,1,"1,3","0,00787","0,01",0,0,"0,01",0,F,363
12,11,202603,202603,ULAX_1201,0,MNENI,N,1,"0,5","0,00787",0,0,0,0,0,M,20
12,11,202603,202603,SPOX_0083,0,2NENI,N,3812,"12367,6","0,00787","97,34","3,68",0,"101,02",0,F,143
12,11,202603,202603,SPOX_0999,0, NENV,N,24,"23,4","0,01686","0,41","0,01",0,"0,42",0,M,451
12,11,202603,202603,ULAX_1204,0,4NENL,N,6668,"7531,7","0,00608","45,8","1,73",0,"47,53",0,F,265
12,11,202603,202603,SPO_14657,0,MNENI,D,236,"280,8","0,0076","2,15","0,08",0,"2,23",0,M,325
12,11,202603,202603,ULAX_0432,0,MNENI,R,4,"3,8","0,00787","0,03",0,0,"0,03",0,M,39
12,11,202603,202603,SPOX_0999,0,4NENL,N,117,161,"0,00608","0,98","0,03",0,"1,01",0,F,41
12,11,202603,202603,ULAX_1204,0,2NENI,S,113,"230,9","0,00787","1,8","0,06",0,"1,86",0,F,31
12,11,202603,202603,SPO_11362,0,2NENI,R,3,"5,9","0,00787","0,05",0,0,"0,05",0,F,361
12,11,202603,202603,ULAX_0432,0,2NENI,D,1,"1,9","0,00787","0,01",0,0,"0,01",0,F,355
12,11,202603,202603,SPOX_0999,0,2NENI,R,136,"280,6","0,00787","2,2","0,08",0,"2,28",0,F,695
12,11,202603,202603,SPOX_0970,0,2GS8I,N,1,"41,6","0,00787","0,33","0,01",0,"0,34",0,F,355
12,11,202603,202603,SPO_10156,0,2IENI,R,6,"28,1","0,00787","0,22",0,0,"0,22",0,F,143
12,11,202603,202603,ULAX_1204,0,2NENI,D,5,"2,5","0,00787","0,02",0,0,"0,02",0,F,802
12,11,202603,202603,ULAX_4039,0,2NENI,D,3,"7,2","0,00787","0,05",0,0,"0,05",0,F,661
12,11,202603,202603,SPOX_0999,0,2NENI,N,3840,"5221,8","0,00787","41,08","1,55",0,"42,63",0,F,247
12,11,202603,202602,SPOX_0999,0,4NENL,N,13,"13,8","0,00602","0,09",0,0,"0,09",0,F,757
12,11,202603,202603,ULAX_5040,0,MNENI,D,507,"1833,6","0,0076","13,96","0,52",0,"14,48",0,M,349
12,11,202603,202603,SPOX_4927,0,2GS8I,N,1,"5,1","0,00787","0,04",0,0,"0,04",0,F,351
12,11,202603,202603,ULAX_1201,0,MNENI,R,3,"9,4","0,00787","0,07",0,0,"0,07",0,M,441
12,11,202603,202603,SPOX_0083,0,4NENL,N,1,"0,5","0,0061",0,0,0,0,0,F,689
12,11,202603,202603,SPOX_1158,0,2GS8I,D,4,"12,3","0,00787","0,1",0,0,"0,1",0,F,363
12,11,202603,202603,ULAX_1204,0,4NENL,N,8,4,"0,00608","0,01",0,0,"0,01",0,F,803
12,11,202603,202603,SPO_14667,0,1NSNI,N,8,"43,1","0,00787","0,35","0,01",0,"0,36",0,F,143
12,11,202603,202603,ULAX_0432,0,MNENI,R,6,"4,4","0,00787","0,02",0,0,"0,02",0,M,A61
12,11,202603,202603,SPOX_0999,0,4NENL,N,1820,"1486,7","0,00608","9,04","0,34",0,"9,38",0,F,224
12,11,202603,202603,ULAX_1204,0,2NENI,S,62,"92,9","0,00787","0,71","0,02",0,"0,73",0,F,241
12,11,202603,202603,ULAX_1201,0,MNENI,S,2,"1,9","0,00787","0,02",0,0,"0,02",0,M,441
12,11,202603,202603,SPOX_0083,0,MNENI,N,29,"17,1","0,0076","0,1",0,0,"0,1",0,M,325
12,11,202603,202603,ULAX_1204,0,4NENL,N,810,"1359,7","0,00608","8,27","0,31",0,"8,58",0,F,941
12,11,202603,202603,SPO_14667,0,2IENI,N,14,"18,7","0,00787","0,14",0,0,"0,14",0,F,143
12,11,202603,202603,ULAX_0432,0,MNENI,S,3,"1,5","0,00787",0,0,0,0,0,M,463
12,11,202603,202603,ULAX_1204,0,2NENI,S,55,"74,1","0,00787","0,55","0,02",0,"0,57",0,F,265
12,11,202603,202603,SPO_11370,0,2NENI,N,100,85,"0,00787","0,67","0,02",0,"0,69",0,F,361
12,11,202603,202603,SPOX_0970,0,2NENI,N,3832,"13585,6","0,00787","106,93","4,04",0,"110,97",0,F,143
12,11,202603,202603,ULAX_0432,0,2NENI,D,73,42,"0,00787","0,31","0,01",0,"0,32",0,F,971
12,11,202603,202603,SPOX_0999,0,2NENI,R,1,"3,5","0,00787","0,03",0,0,"0,03",0,F,981
12,11,202603,202603,ULAX_1204,0,2NENI,N,1,"0,5","0,00787",0,0,0,0,0,F,606
12,11,202603,202603,SPO_10402,0, NENV,N,1,"0,5","0,01779","0,01",0,0,"0,01",0,M,411
12,11,202603,202603,SPOX_0088,0,4NENL,N,2,1,"0,0061",0,0,0,0,0,F,212
12,11,202603,202603,ULAX_1204,0,2NENI,D,487,613,"0,00787","4,83","0,18",0,"5,01",0,F,951
12,11,202603,202603,ULAX_4202,0,1NSEI,R,1,"20,1","0,00787","0,16",0,0,"0,16",0,F,48
12,11,202603,202603,SPOX_0999,0,2NENI,N,737,"863,8","0,00787","6,81","0,25",0,"7,06",0,F,298
12,11,202603,202602,SPO_10066,0,2NENI,N,1,12,"0,00787","0,09",0,0,"0,09",0,F,363
12,11,202603,202603,SPOX_6685,0,4NENL,N,5,"7,7","0,0061","0,04",0,0,"0,04",0,F,11
12,11,202603,202603,ULAX_1201,0, NENV,N,13,"33,4","0,01499","0,5","0,01",0,"0,51",0,M,B99
12,11,202603,202603,ULAX_1204,0,4NENL,R,4,"52,9","0,00423","0,22",0,0,"0,22",0,F,5
12,11,202603,202603,SPO_14667,0,2NSNI,N,12,"15,5","0,00787","0,11",0,0,"0,11",0,F,143
12,11,202603,202602,ULAX_1204,0,2NENI,D,1,"1,4","0,00787","0,01",0,0,"0,01",0,F,705
12,11,202603,202603,SPOX_0999,0,4NENL,N,2101,"2871,6","0,00608","17,45","0,66",0,"18,11",0,F,706
12,11,202603,202603,ULAX_0432,0, NENV,N,3,"1,8","0,01499","0,03",0,0,"0,03",0,M,479
12,11,202603,202603,ULAX_1204,0,2NENI,S,54,"71,8","0,00787","0,57","0,02",0,"0,59",0,F,351
12,11,202603,202603,SPO_11402,0,2GS8I,N,2,"3,7","0,00787","0,03",0,0,"0,03",0,F,143
12,11,202603,202603,SPOX_0999,0,2NENI,S,15,"9,1","0,00787","0,05",0,0,"0,05",0,F,83
12,11,202603,202603,SPOX_0970,0,4NENL,N,31,"214,9","0,0061","1,32","0,04",0,"1,36",0,F,212
12,11,202603,202603,ULAX_0432,0,2NENI,N,1,"0,5","0,00787",0,0,0,0,0,F,364
12,11,202603,202603,ULAX_1204,0,2NENI,N,7,"3,5","0,00787",0,0,0,0,0,F,804
12,11,202603,202603,SPO_10416,0, NENV,N,1,"0,5","0,01779","0,01",0,0,"0,01",0,M,411
12,11,202603,202603,SPOX_0999,0,2NENI,N,2042,"2194,3","0,00787","17,26","0,65",0,"17,91",0,F,363
12,11,202603,202603,SPOX_0326,0,2NENI,N,682,1174,"0,00787","9,23","0,34",0,"9,57",0,F,143
12,11,202603,202603,ULAX_1204,0,2NENI,D,42,"37,1","0,00787","0,27","0,01",0,"0,28",0,F,991
12,11,202603,202603,ULAX_4202,0,MNENI,N,6,"8,2","0,0076","0,04",0,0,"0,04",0,M,348
12,11,202603,202602,SPO_14657,0,2NENI,D,1,"2,4","0,0078","0,02",0,0,"0,02",0,F,638
12,11,202603,202603,SPOX_6694,0,2IENI,R,6,"5,1","0,00787","0,03",0,0,"0,03",0,F,143
12,11,202603,202603,ULAX_1204,0,1NENI,D,3,"3,3","0,00787","0,03",0,0,"0,03",0,F,205
12,11,202603,202603,ULAX_1204,0,4NENL,R,21,"151,5","0,00423","0,65","0,02",0,"0,67",0,F,279
12,11,202603,202603,SPO_14667,0, NENV,N,4,"2,2","0,01779","0,04",0,0,"0,04",0,M,325
12,11,202603,202602,ULAX_1204,0,2NENI,N,2,"1,2","0,00787","0,01",0,0,"0,01",0,F,706
12,11,202603,202603,SPOX_0999,0,4NENL,N,50,"43,6","0,00608","0,25","0,01",0,"0,26",0,F,917
12,11,202603,202603,ULAX_0432,0, NENV,N,1,"0,5","0,01686","0,01",0,0,"0,01",0,M,63
12,11,202603,202603,ULAX_1204,0,2NENI,S,17,"19,5","0,00787","0,16",0,0,"0,16",0,F,757
12,11,202603,202603,SPO_11402,0,2NENI,R,2,"1,8","0,00787","0,01",0,0,"0,01",0,F,11
12,11,202603,202603,SPOX_0999,0,2NENI,S,24,"38,3","0,00787","0,3","0,01",0,"0,31",0,F,261
12,11,202603,202603,SPOX_0970,0,MNSNI,N,8,"6,3","0,00787","0,04",0,0,"0,04",0,M,325
12,11,202603,202603,ULAX_0432,0,2NENI,N,2,"2,4","0,00787","0,01",0,0,"0,01",0,F,963
12,11,202603,202603,ULAX_1204,0,2NENI,N,10,"9,6","0,00787","0,05",0,0,"0,05",0,F,934
12,11,202603,202603,SPO_10617,0,2IENI,R,5,"7,2","0,00787","0,05",0,0,"0,05",0,F,143
12,11,202603,202603,SPOX_0999,0,2NENI,N,641,"840,2","0,00787","6,64","0,25",0,"6,89",0,F,706
12,11,202603,202603,SPOX_0347,0,2GS8I,D,99,789,"0,00787","6,23","0,23",0,"6,46",0,F,143
12,11,202603,202603,ULAX_1204,0,2NENI,N,8,"4,7","0,00787","0,03",0,0,"0,03",0,F,79
12,11,202603,202603,ULAX_4721,0,MNENI,D,7,"11,4","0,00787","0,09",0,0,"0,09",0,M,76
12,11,202603,202602,ULAX_1201,0,MNENI,D,2,1,"0,00787","0,01",0,0,"0,01",0,M,451
12,11,202603,202603,SPOX_6694,0,MNENI,D,236,"158,4","0,0076","1,21","0,04",0,"1,25",0,M,325
12,11,202603,202603,SPOX_0999,0,2NENI,D,455,565,"0,00787","4,43","0,16",0,"4,59",0,F,364
12,11,202603,202603,ULAX_1204,0,2NENI,D,876,"1596,7","0,00787","12,58","0,47",0,"13,05",0,F,5
12,11,202603,202603,ULAX_1204,0,4NENL,R,5,"42,5","0,00423","0,18",0,0,"0,18",0,F,931
12,11,202603,202603,SPO_14678,0,2GS8I,N,1,"7,7","0,00787","0,06",0,0,"0,06",0,F,351
12,11,202603,202602,ULAX_1204,0,4NENL,N,2,1,"0,00602",0,0,0,0,0,F,951
12,11,202603,202603,SPOX_0999,0,4NENL,N,1,"0,5","0,00631",0,0,0,0,0,F,548
12,11,202603,202603,ULAX_0432,0, NENV,R,3,"1,5","0,01049","0,02",0,0,"0,02",0,M,498
12,11,202603,202603,ULAX_1204,0,4NENL,N,805,"1372,1","0,00605","8,3","0,31",0,"8,61",0,F,81
12,11,202603,202603,SPO_11402,0,MGS8I,R,1,"5,4","0,00787","0,04",0,0,"0,04",0,M,34
12,11,202603,202603,SPOX_0999,0,2NENI,S,2,2,"0,00787","0,01",0,0,"0,01",0,F,316
12,11,202603,202603,SPOX_0999,0,1NENI,N,3,"6,5","0,00787","0,05",0,0,"0,05",0,F,221
12,11,202603,202603,ULAX_0432,0,2NENI,S,1,"0,5","0,00787",0,0,0,0,0,F,757
12,11,202603,202603,ULAX_1204,0,2NENI,N,3,"1,5","0,00787",0,0,0,0,0,F,983
12,11,202603,202603,SPO_10617,0, NENV,N,29,17,"0,01779","0,31","0,01",0,"0,32",0,M,325
12,11,202603,202603,SPOX_0999,0,2NENI,N,3,"2,1","0,00787","0,02",0,0,"0,02",0,F,810
12,11,202603,202603,SPOX_0348,0,1NENI,N,64,"170,5","0,00787","1,35","0,05",0,"1,4",0,F,143
12,11,202603,202603,ULAX_1204,0,2NENI,N,807,"1221,1","0,00787","9,63","0,36",0,"9,99",0,F,205
12,11,202603,202603,ULAX_4721,0, NENV,R,27,"147,6","0,01049","1,55","0,05",0,"1,6",0,M,34
12,11,202603,202602,ULAX_1204,0,2NENI,D,1,2,"0,0078","0,02",0,0,"0,02",0,F,271
12,11,202603,202603,SPOX_6698,0, NENV,N,87,"52,9","0,01499","0,76","0,03",0,"0,79",0,M,34
12,11,202603,202603,SPOX_0999,0,2NENI,D,597,"929,4","0,00787","7,32","0,27",0,"7,59",0,F,695
12,11,202603,202603,ULAX_1204,0,2NENI,D,539,"1000,2","0,00787","7,88","0,29",0,"8,17",0,F,81
12,11,202603,202603,ULAX_1204,0,4NENL,R,387,"1047,5","0,00425","4,45","0,16",0,"4,61",0,F,247
12,11,202603,202603,SPO_14679,0,2GS8I,R,19,"36,9","0,00787","0,28","0,01",0,"0,29",0,F,317
12,11,202603,202602,ULAX_1204,0,4NENL,R,1,"8,6","0,00418","0,04",0,0,"0,04",0,F,271
12,11,202603,202603,SPOX_0999,0,4NENL,R,2,1,"0,00423",0,0,0,0,0,F,240
12,11,202603,202603,ULAX_1008,0,2NENI,N,136,"302,7","0,00787","2,4","0,09",0,"2,49",0,F,661
12,11,202603,202603,ULAX_1204,0,4NENL,N,2,1,"0,00605","0,01",0,0,"0,01",0,F,215
12,11,202603,202603,SPO_11405,0,2GS8I,N,157,"532,4","0,00787","4,18","0,15",0,"4,33",0,F,143
12,11,202603,202603,SPOX_0999,0,2NENI,S,37,"41,6","0,00787","0,26","0,01",0,"0,27",0,F,706
12,11,202603,202603,SPOX_0999,0,2GS8I,N,143,"665,8","0,00787","5,23","0,19",0,"5,42",0,F,317
12,11,202603,202603,ULAX_0432,0,4NENL,N,4,2,"0,00608",0,0,0,0,0,F,55
12,11,202603,202603,ULAX_1204,0,2NENI,R,4,2,"0,00787","0,01",0,0,"0,01",0,F,67
12,11,202603,202603,SPO_10808,0,MNENI,R,7,"79,9","0,0076","0,6","0,02",0,"0,62",0,M,325
12,11,202603,202603,SPOX_0999,0,2NENI,N,64,"78,2","0,00787","0,6","0,02",0,"0,62",0,F,960
12,11,202603,202603,SPOX_0543,0,2NENI,R,43,"69,2","0,00787","0,51","0,02",0,"0,53",0,F,351
12,11,202603,202603,ULAX_1204,0,2NENI,N,4859,8000,"0,00787","62,98","2,38",0,"65,36",0,F,241
12,11,202603,202603,ULAX_4726,0,2NENI,N,848,1118,"0,00787","8,82","0,33",0,"9,15",0,F,355
12,11,202603,202603,SPOX_7137,0,2GS8I,D,1,"24,4","0,00787","0,19",0,0,"0,19",0,F,431
12,11,202603,202603,SPOX_0999,0,2NENI,D,10,"5,7","0,00787","0,04",0,0,"0,04",0,F,804
12,11,202603,202603,ULAX_1204,0,2NENI,D,1651,"2371,9","0,00787","18,66","0,7",0,"19,36",0,F,205
12,11,202603,202603,ULAX_1204,0,4NENL,R,1,"0,5","0,00425",0,0,0,0,0,F,764
12,11,202603,202603,SPO_14681,0,1NENI,S,4,"4,6","0,00787","0,03",0,0,"0,03",0,F,143
12,11,202603,202603,SPOX_0046,0,1NENI,D,1,"0,5","0,00787",0,0,0,0,0,F,11
12,11,202603,202603,SPOX_0999,0,4NENL,R,15,"24,4","0,00423","0,08",0,0,"0,08",0,F,921
12,11,202603,202603,ULAX_1201,0,2GS8I,D,1,"2,9","0,00787","0,02",0,0,"0,02",0,F,355
12,11,202603,202603,ULAX_1204,0,4NENL,N,3589,"3421,9","0,00605","20,71","0,78",0,"21,49",0,F,291
12,11,202603,202603,SPO_11460,0,2NENI,D,736,"1823,1","0,00787","14,34","0,54",0,"14,88",0,F,351
12,11,202603,202603,SPOX_0999,0,4NENL,N,236,"184,6","0,00605","1,11","0,04",0,"1,15",0,F,83
12,11,202603,202603,SPOX_0999,0,2NENI,D,457,"1139,4","0,00787","8,97","0,33",0,"9,3",0,F,27
12,11,202603,202603,ULAX_0432,0,4NENL,N,2,"1,1","0,00608","0,01",0,0,"0,01",0,F,805
12,11,202603,202603,ULAX_1204,0,2NENI,R,911,3900,"0,00787","30,68","1,16",0,"31,84",0,F,232
12,11,202603,202603,SPO_10810,0, NSNV,N,4,"12,7","0,01779","0,23",0,0,"0,23",0,M,325
12,11,202603,202603,SPOX_0999,0,2NENI,N,13,"8,2","0,00787","0,03",0,0,"0,03",0,F,998
12,11,202603,202603,SPOX_0545,0,MGS8I,N,11,"26,3","0,00787","0,22",0,0,"0,22",0,M,34
12,11,202603,202603,ULAX_1204,0,2NENI,N,395,"440,9","0,00787","3,48","0,13",0,"3,61",0,F,284
12,11,202603,202603,ULAX_4728,0,MNENI,N,4,"2,1","0,00787","0,01",0,0,"0,01",0,M,76
12,11,202603,202603,SPOX_9684,0,2GS8I,N,73,"251,1","0,00787","1,97","0,07",0,"2,04",0,F,317
12,11,202603,202603,SPOX_0999,0,2NENI,D,747,"823,1","0,00787","6,48","0,24",0,"6,72",0,F,931
12,11,202603,202602,SPOX_0348,0,2GS8I,N,2,1,"0,0078",0,0,0,0,0,F,143
12,11,202603,202603,ULAX_1204,0,2NENI,D,1,"0,5","0,00787",0,0,0,0,0,F,236
12,11,202603,202603,ULAX_1204,0, GS8V,N,66,"274,7","0,01779","4,89","0,18",0,"5,07",0,M,325
12,11,202603,202603,SPO_14681,0,2NENI,D,2240,7973,"0,00787","62,74","2,37",0,"65,11",0,F,143
12,11,202603,202603,SPOX_0046,0,2NENI,D,7,6,"0,00787","0,05",0,0,"0,05",0,F,212
12,11,202603,202603,SPOX_0999,0,4NENL,R,21,"50,8","0,00425","0,22",0,0,"0,22",0,F,204
12,11,202603,202603,ULAX_1201,0,2NENI,N,45,"40,4","0,00787","0,32","0,01",0,"0,33",0,F,121
12,11,202603,202603,ULAX_1204,0,4NENL,N,4,2,"0,00605","0,01",0,0,"0,01",0,F,808
12,11,202603,202603,SPO_11464,0, NENV,R,1,"0,5","0,01049","0,01",0,0,"0,01",0,M,34
12,11,202603,202603,SPOX_0999,0,4NENL,N,6221,"13513,4","0,00605","81,77","3,09",0,"84,86",0,F,227
12,11,202603,202603,SPOX_0999,0,2NENI,D,105,"117,1","0,00787","0,94","0,03",0,"0,97",0,F,84
12,11,202603,202603,ULAX_0432,0,4NENL,R,1,"0,5","0,00425",0,0,0,0,0,F,852
12,11,202603,202603,ULAX_1204,0,2NENI,R,14,"15,4","0,00787","0,1",0,0,"0,1",0,F,283
12,11,202603,202603,SPO_11154,0,2NENI,D,381,"903,4","0,00787","7,12","0,26",0,"7,38",0,F,432
12,11,202603,202603,SPOX_0999,0,2NENI,R,2,1,"0,00787",0,0,0,0,0,F,182
12,11,202603,202603,SPOX_0777,0,2GS8I,D,7,"53,9","0,00787","0,43","0,01",0,"0,44",0,F,143
12,11,202603,202603,ULAX_4760,0,2NENI,D,17,"9,1","0,00787","0,05",0,0,"0,05",0,F,767
12,11,202603,202603,ULAX_1204,0,2NENI,D,1351,"1312,1","0,00787","10,33","0,39",0,"10,72",0,F,255
12,11,202603,202603,SPO_10066,0,2NENI,R,2678,"6794,8","0,00787","53,47","2,02",0,"55,49",0,F,363
12,11,202603,202603,SPOX_0999,0,2NENI,D,14,"23,3","0,00787","0,17",0,0,"0,17",0,F,983
12,11,202603,202602,SPOX_0999,0,2NENI,D,2,"1,1","0,0078",0,0,0,0,0,F,265
12,11,202603,202603,ULAX_1204,0,MNENI,D,1,"0,5","0,00787",0,0,0,0,0,M,60
12,11,202603,202603,SPO_14681,0,4NENL,N,1,"0,5","0,0061",0,0,0,0,0,F,689
12,11,202603,202603,SPOX_0046,0,4NENL,N,265,"521,2","0,00631","3,26","0,12",0,"3,38",0,F,225
12,11,202603,202603,SPOX_0999,0,4NENL,R,110,212,"0,00425","0,89","0,03",0,"0,92",0,F,695
12,11,202603,202603,ULAX_1204,0,4NENL,N,55,34,"0,00605","0,21",0,0,"0,21",0,F,985
12,11,202603,202603,SPO_13918,0,2NENI,D,116,"328,8","0,00787","2,6","0,09",0,"2,69",0,F,318
12,11,202603,202603,SPOX_0999,0,4NENL,N,100,"89,5","0,00605","0,54","0,02",0,"0,56",0,F,295
12,11,202603,202603,SPOX_0999,0,2NENI,D,13,"13,8","0,00787","0,09",0,0,"0,09",0,F,209
12,11,202603,202603,ULAX_0432,0,MNENI,D,27,"22,1","0,00787","0,15",0,0,"0,15",0,M,462
12,11,202603,202603,ULAX_1204,0,2NENI,R,2,"4,3","0,00787","0,04",0,0,"0,04",0,F,356
12,11,202603,202603,SPO_11184,0,2NENI,S,4,"2,2","0,00787","0,01",0,0,"0,01",0,F,431
12,11,202603,202603,SPOX_0999,0,2NENI,R,14,"120,5","0,00787","0,93","0,03",0,"0,96",0,F,242
12,11,202603,202603,SPOX_0811,0,MNENI,N,133,"74,7","0,0076","0,55","0,02",0,"0,57",0,M,34
12,11,202603,202603,ULAX_4763,0,1NSEI,D,68,"797,2","0,00787","6,27","0,23",0,"6,5",0,F,355
12,11,202603,202603,ULAX_1204,0,2NENI,D,2681,"3012,5","0,00787","23,72","0,89",0,"24,61",0,F,292
12,11,202603,202603,SPO_10152,0,1NENI,N,1,"1,1","0,00787","0,01",0,0,"0,01",0,F,766
12,11,202603,202603,SPOX_0999,0,2NENI,N,85,"104,9","0,00787","0,82","0,03",0,"0,85",0,F,61
12,11,202603,202602,SPOX_0999,0,2NENI,D,1,"0,5","0,00787",0,0,0,0,0,F,261
12,11,202603,202603,ULAX_1204,0,MNSNI,R,3,"29,2","0,00787","0,23",0,0,"0,23",0,M,325
12,11,202603,202603,ULAX_1201,0,4NENL,N,46,23,"0,00608","0,15",0,0,"0,15",0,F,852
12,11,202603,202603,SPOX_0083,0,1NSEI,D,9,"60,4","0,00787","0,47","0,01",0,"0,48",0,F,143
12,11,202603,202603,SPOX_0999,0,4NENL,R,50,80,"0,00441","0,35","0,01",0,"0,36",0,F,219
12,11,202603,202603,SPO_14657,0,1NENI,D,1081,"1455,4","0,00787","11,44","0,43",0,"11,87",0,F,143
12,11,202603,202603,ULAX_1204,0,4NENL,N,418,"470,1","0,00608","2,84","0,1",0,"2,94",0,F,67
12,11,202603,202603,ULAX_0432,0,MNENI,N,3,"1,5","0,00787","0,01",0,0,"0,01",0,M,39
12,11,202603,202603,SPOX_0999,0,4NENL,N,28,"16,1","0,00605","0,08",0,0,"0,08",0,F,807
12,11,202603,202603,SPOX_0999,0,2NENI,D,13468,"20350,7","0,00787","160,18","6,06",0,"166,24",0,F,241
12,11,202603,202603,ULAX_1204,0,2NENI,R,33,106,"0,00787","0,84","0,03",0,"0,87",0,F,705
12,11,202603,202603,SPO_14681,0, NENV,N,12,"7,6","0,01779","0,15",0,0,"0,15",0,M,325
12,11,202603,202603,SPOX_0999,0,2NENI,R,30,"64,7","0,00787","0,52","0,01",0,"0,53",0,F,291
12,11,202603,202603,SPOX_0835,0,2NENI,S,3,"3,1","0,00787","0,02",0,0,"0,02",0,F,361
12,11,202603,202603,ULAX_1204,0,2NENI,D,5737,"7808,1","0,00787","61,45","2,32",0,"63,77",0,F,363
12,11,202603,202603,SPO_10152,0,2NENI,R,1,"3,2","0,00787","0,03",0,0,"0,03",0,F,766
12,11,202603,202603,ULAX_1204,0, NSNV,N,19,32,"0,01779","0,59","0,02",0,"0,61",0,M,325
12,11,202603,202603,SPOX_0999,0,2NENI,N,17,"11,2","0,00787","0,09",0,0,"0,09",0,F,98
12,11,202603,202602,SPOX_0999,0,2NENI,N,1,"1,5","0,0078","0,01",0,0,"0,01",0,F,355
12,11,202603,202603,ULAX_1201,0,MNENI,D,29,25,"0,00787","0,17",0,0,"0,17",0,M,430
12,11,202603,202603,SPOX_0083,0,2IENI,R,30,144,"0,00787","1,13","0,04",0,"1,17",0,F,143
12,11,202603,202603,SPOX_0999,0,MNENI,R,2,1,"0,00787",0,0,0,0,0,M,6
12,11,202603,202603,SPO_14657,0,2NENI,N,2,1,"0,00787",0,0,0,0,0,F,689
12,11,202603,202603,ULAX_0432,0,MNENI,N,3,"1,5","0,00787","0,01",0,0,"0,01",0,M,496
12,11,202603,202603,SPOX_0999,0,4NENL,N,57,"35,3","0,00605","0,22",0,0,"0,22",0,F,985
12,11,202603,202603,SPOX_0999,0,2NENI,D,4060,"4138,9","0,00787","32,56","1,23",0,"33,79",0,F,281
12,11,202603,202603,SPO_11360,0,MNENI,N,61,"32,6","0,0076","0,23",0,0,"0,23",0,M,34
12,11,202603,202603,ULAX_1204,0,2NENI,R,21,"33,3","0,00787","0,28",0,0,"0,28",0,F,977
12,11,202603,202603,ULAX_0432,0,2NENI,D,474,"461,4","0,00787","3,64","0,13",0,"3,77",0,F,121
12,11,202603,202603,SPOX_0999,0,2NENI,R,1,"0,5","0,00787",0,0,0,0,0,F,364
12,11,202603,202603,SPOX_0970,0,1NENI,R,1,"1,9","0,00787","0,01",0,0,"0,01",0,F,203
12,11,202603,202603,SPO_10156,0,1NENI,D,4,"5,3","0,00787","0,04",0,0,"0,04",0,F,638
12,11,202603,202603,ULAX_1204,0,2NENI,D,1078,"1403,2","0,00787","11,04","0,41",0,"11,45",0,F,705
12,11,202603,202603,ULAX_4030,0,2NENI,N,1,"0,6","0,00787",0,0,0,0,0,F,805
12,11,202603,202603,SPOX_0999,0,2NENI,N,7,"3,5","0,00787",0,0,0,0,0,F,223
12,11,202603,202602,SPOX_0999,0,4NENL,N,2,"1,3","0,00598",0,0,0,0,0,F,271
12,11,202603,202603,ULAX_4763,0,2NENI,D,14,7,"0,00787","0,05",0,0,"0,05",0,F,235
12,11,202603,202603,SPOX_4927,0,1NSEI,D,2,"5,7","0,00787","0,04",0,0,"0,04",0,F,143
12,11,202603,202603,ULAX_1201,0,MNENI,N,1,"0,5","0,00787",0,0,0,0,0,M,456
12,11,202603,202603,SPOX_0083,0,2NENI,S,34,"84,8","0,00787","0,67","0,02",0,"0,69",0,F,143
12,11,202603,202603,SPOX_1007,0,1NSEI,N,5,"35,4","0,00787","0,27","0,01",0,"0,28",0,F,143
12,11,202603,202603,ULAX_1204,0,4NENL,N,1,"0,6","0,00608",0,0,0,0,0,F,700
12,11,202603,202603,SPO_14667,0,1NENI,D,3,2,"0,00787","0,01",0,0,"0,01",0,F,766
12,11,202603,202603,ULAX_0432,0,MNENI,R,11,"5,5","0,00787","0,04",0,0,"0,04",0,M,490
12,11,202603,202603,SPOX_0999,0,4NENL,N,415,"514,9","0,00608","3,13","0,11",0,"3,24",0,F,67
12,11,202603,202603,ULAX_1204,0,2NENI,S,3,"75,1","0,00787","0,6","0,02",0,"0,62",0,F,182
12,11,202603,202603,SPO_11366,0,2GS8I,N,181,"1297,3","0,00787","10,2","0,38",0,"10,58",0,F,361
12,11,202603,202603,ULAX_0432,0,2NENI,D,22,"16,7","0,00787","0,11",0,0,"0,11",0,F,709
12,11,202603,202603,SPOX_0999,0,2NENI,R,36,"124,3","0,00787","0,97","0,03",0,1,0,F,780
12,11,202603,202603,ULAX_1204,0,2NENI,N,785,"777,9","0,00787","6,1","0,23",0,"6,33",0,F,317
12,11,202603,202603,SPO_10156,0,2NENI,N,2,"25,1","0,00787","0,21",0,0,"0,21",0,F,203
12,11,202603,202603,ULAX_1204,0,2NENI,D,260,"184,6","0,00787","1,47","0,05",0,"1,52",0,F,809
12,11,202603,202603,ULAX_4039,0,MNENI,N,2,1,"0,0076",0,0,0,0,0,M,34
12,11,202603,202603,SPOX_0999,0,2NENI,N,1736,"1694,4","0,00787","13,34","0,5",0,"13,84",0,F,265
12,11,202603,202602,SPOX_0999,0,4NENL,N,2,3,"0,00605","0,02",0,0,"0,02",0,F,983
12,11,202603,202603,ULAX_5040,0, NENV,N,2,1,"0,01686","0,02",0,0,"0,02",0,M,66
12,11,202603,202603,SPOX_6685,0,2NENI,D,3,"1,5","0,00787",0,0,0,0,0,F,11
12,11,202603,202603,ULAX_0432,0,2NENI,D,1,"0,5","0,00787",0,0,0,0,0,F,917
12,11,202603,202603,SPOX_0999,0,2NENI,R,35,"83,1","0,00787","0,65","0,02",0,"0,67",0,F,941
12,11,202603,202603,ULAX_1204,0,2NENI,N,229,"214,3","0,00787","1,7","0,06",0,"1,76",0,F,359
12,11,202603,202603,SPO_10156,0,4NENL,N,7,"138,2","0,0061","0,84","0,03",0,"0,87",0,F,203
12,11,202603,202603,SPOX_0083,0,MNSNI,N,6,"4,6","0,00787","0,04",0,0,"0,04",0,M,325
12,11,202603,202603,ULAX_1204,0,2NENI,D,49,"33,5","0,00787","0,26",0,0,"0,26",0,F,917
12,11,202603,202603,ULAX_4113,0,2NENI,S,2,1,"0,00787","0,01",0,0,"0,01",0,F,674
12,11,202603,202603,SPOX_0999,0,2NENI,N,432,"344,3","0,00787","2,71","0,1",0,"2,81",0,F,284
12,11,202603,202602,SPOX_0999,0,4NENL,N,5,3,"0,00608","0,02",0,0,"0,02",0,F,977
12,11,202603,202603,SPOX_6685,0,2NENI,N,2,"6,2","0,00787","0,05",0,0,"0,05",0,F,11
12,11,202603,202603,ULAX_1201,0, NENV,N,1,"0,5","0,01499","0,01",0,0,"0,01",0,M,29
12,11,202603,202603,ULAX_1204,0,4NENL,N,142,"133,6","0,00608","0,83","0,03",0,"0,86",0,F,967
12,11,202603,202603,SPO_14667,0,2NENI,D,6,"9,2","0,00787","0,08",0,0,"0,08",0,F,766
12,11,202603,202603,SPOX_0999,0,4NENL,N,6428,"9092,2","0,00608","55,3","2,09",0,"57,39",0,F,261
12,11,202603,202603,ULAX_0432,0,MNENI,S,5,"2,5","0,00787","0,01",0,0,"0,01",0,M,A61
12,11,202603,202603,ULAX_1204,0,2NENI,S,7,"12,6","0,00787","0,1",0,0,"0,1",0,F,285
12,11,202603,202603,SPO_11400,0, NENV,N,1,"0,5","0,01779","0,01",0,0,"0,01",0,M,411
12,11,202603,202603,SPOX_0970,0,2NENI,R,2,"1,4","0,00787","0,01",0,0,"0,01",0,F,766
12,11,202603,202603,ULAX_0432,0,2NENI,N,7,"4,3","0,00787","0,02",0,0,"0,02",0,F,62
12,11,202603,202603,ULAX_1204,0,2NENI,N,359,"577,4","0,00787","4,54","0,17",0,"4,71",0,F,705
12,11,202603,202603,SPO_10404,0,2GS8I,N,1,"0,9","0,00787","0,01",0,0,"0,01",0,F,143
12,11,202603,202603,SPOX_0326,0,1NENI,D,17,"30,5","0,00787","0,24",0,0,"0,24",0,F,143
12,11,202603,202603,ULAX_1204,0,2NENI,D,4,"2,5","0,00787","0,02",0,0,"0,02",0,F,969
12,11,202603,202603,ULAX_4202,0,2NENI,D,1,"0,5","0,00787",0,0,0,0,0,F,806
12,11,202603,202603,SPOX_0999,0,2NENI,N,235,"262,3","0,00787","2,05","0,07",0,"2,12",0,F,356
12,11,202603,202602,SPO_11366,0,2NENI,D,7,"14,3","0,00787","0,11",0,0,"0,11",0,F,361
12,11,202603,202603,SPOX_6685,0,MNENI,N,176,"143,4","0,0076","1,08","0,04",0,"1,12",0,M,325
12,11,202603,202603,ULAX_1201,0, NENV,R,6,"12,3","0,01049","0,14",0,0,"0,14",0,M,430
12,11,202603,202603,ULAX_1204,0,4NENL,R,32,"21,5","0,00423","0,07",0,0,"0,07",0,F,91
12,11,202603,202603,SPO_14667,0, GS8V,N,14,"39,3","0,01779","0,71","0,02",0,"0,73",0,M,325
12,11,202603,202602,ULAX_1204,0,2NENI,N,1,"5,5","0,0078","0,04",0,0,"0,04",0,F,267
12,11,202603,202603,SPOX_0999,0,4NENL,N,1,"0,5","0,00608",0,0,0,0,0,F,764
12,11,202603,202603,ULAX_0432,0, NENV,N,8,"5,6","0,01499","0,08",0,0,"0,08",0,M,496
12,11,202603,202603,ULAX_1204,0,2NENI,S,2,1,"0,00787",0,0,0,0,0,F,470
12,11,202603,202603,SPO_11402,0,2NENI,D,2641,"4097,6","0,00787","32,24","1,22",0,"33,46",0,F,143
12,11,202603,202603,SPOX_0999,0,2NENI,S,197,"704,6","0,00787","5,57","0,2",0,"5,77",0,F,221
12,11,202603,202603,SPOX_0970,0, GS8V,R,5,"22,6","0,01245","0,29","0,01",0,"0,3",0,M,325
12,11,202603,202603,ULAX_0432,0,2NENI,N,328,"289,5","0,00787","2,32","0,08",0,"2,4",0,F,757
12,11,202603,202603,ULAX_1204,0,2NENI,N,326,"268,2","0,00787","2,12","0,07",0,"2,19",0,F,865
12,11,202603,202603,SPO_10417,0, NENV,R,1,"0,5","0,01245","0,01",0,0,"0,01",0,M,325
12,11,202603,202603,SPOX_0999,0,2NENI,N,79,"60,9","0,00787","0,48","0,01",0,"0,49",0,F,544
12,11,202603,202603,SPOX_0326,0,4NENL,N,6,77,"0,0061","0,46","0,01",0,"0,47",0,F,203
12,11,202603,202603,ULAX_1204,0,2NENI,N,27,"34,8","0,00787","0,22","0,01",0,"0,23",0,F,41
12,11,202603,202603,ULAX_4616,0,1NSEI,N,6,"72,8","0,00787","0,57","0,02",0,"0,59",0,F,355
12,11,202603,202602,ULAX_0432,0,MNENI,D,2,1,"0,00787","0,01",0,0,"0,01",0,M,451
12,11,202603,202603,SPOX_6694,0,2NENI,S,10,"11,1","0,00787","0,08",0,0,"0,08",0,F,143
12,11,202603,202603,SPOX_0999,0,2NENI,D,2482,"4808,1","0,00787","37,86","1,43",0,"39,29",0,F,318
12,11,202603,202603,ULAX_1204,0,1NENI,N,1,"0,5","0,00787",0,0,0,0,0,F,267
12,11,202603,202603,ULAX_1204,0,4NENL,R,21,"34,3","0,00423","0,14",0,0,"0,14",0,F,291
12,11,202603,202603,SPO_14678,0,1NSEI,D,5,"5,1","0,00787","0,05",0,0,"0,05",0,F,143
12,11,202603,202602,ULAX_1204,0,4NENL,N,1,"1,2","0,00598","0,01",0,0,"0,01",0,F,705
12,11,202603,202603,SPOX_0999,0,4NENL,N,107,"96,8","0,00608","0,59","0,02",0,"0,61",0,F,965
12,11,202603,202603,ULAX_0432,0, NENV,N,64,"74,6","0,01686","1,29","0,04",0,"1,33",0,M,A61
12,11,202603,202603,ULAX_1204,0,2NENI,S,2,"3,1","0,00787","0,02",0,0,"0,02",0,F,965
12,11,202603,202603,SPO_11402,0,4NENL,N,4,"25,6","0,0061","0,16",0,0,"0,16",0,F,212
12,11,202603,202603,SPOX_0999,0,2NENI,S,5,5,"0,00787","0,04",0,0,"0,04",0,F,282
12,11,202603,202603,SPOX_0999,0,1NENI,D,1,"2,4","0,00787","0,02",0,0,"0,02",0,F,31
12,11,202603,202603,ULAX_0432,0,2NENI,R,1,"0,5","0,00787",0,0,0,0,0,F,251
12,11,202603,202603,ULAX_1204,0,2NENI,N,1,"0,5","0,00787",0,0,0,0,0,F,963
12,11,202603,202603,SPO_10617,0,2NENI,R,362,"573,1","0,00787","4,49","0,17",0,"4,66",0,F,143
12,11,202603,202603,SPOX_0999,0,2NENI,N,274,276,"0,00787","2,17","0,08",0,"2,25",0,F,767
12,11,202603,202603,SPOX_0347,0,2NENI,D,11,"28,7","0,00787","0,22",0,0,"0,22",0,F,638
12,11,202603,202603,ULAX_1204,0,2NENI,N,101,"80,3","0,00787","0,61","0,02",0,"0,63",0,F,91
12,11,202603,202603,ULAX_4721,0,MNENI,N,1,"0,5","0,00787",0,0,0,0,0,M,B99
12,11,202603,202602,ULAX_1204,0,1NENI,D,1,"1,2","0,0078","0,01",0,0,"0,01",0,F,705
12,11,202603,202603,SPOX_6698,0,2NENI,D,4116,"17037,3","0,00787","134,09","5,07",0,"139,16",0,F,363
12,11,202603,202603,SPOX_0999,0,2NENI,D,323,"284,8","0,00787","2,24","0,08",0,"2,32",0,F,544
12,11,202603,202603,ULAX_1204,0,2NENI,D,222,"166,7","0,00787","1,31","0,04",0,"1,35",0,F,47
12,11,202603,202603,ULAX_1204,0,4NENL,R,99,459,"0,00425","1,95","0,07",0,"2,02",0,F,62
12,11,202603,202603,SPO_14679,0,2GS8I,D,94,"677,7","0,00787","5,34","0,2",0,"5,54",0,F,351
12,11,202603,202602,ULAX_1204,0,4NENL,N,1,"0,5","0,00607",0,0,0,0,0,F,242
12,11,202603,202603,SPOX_0999,0,4NENL,R,31,"18,5","0,00423","0,06",0,0,"0,06",0,F,83
12,11,202603,202603,ULAX_0432,0, NENV,R,336,"259,5","0,0118","3,07","0,11",0,"3,18",0,M,451
12,11,202603,202603,ULAX_1204,0,4NENL,N,24,"14,1","0,00605","0,07",0,0,"0,07",0,F,92
12,11,202603,202603,SPO_11404,0,2NSNI,S,1,"0,5","0,00787",0,0,0,0,0,F,143
12,11,202603,202603,SPOX_0999,0,2NENI,S,50,"67,5","0,00787","0,53","0,02",0,"0,55",0,F,361
12,11,202603,202603,SPOX_0999,0,1NSEI,N,17,101,"0,00787","0,8","0,03",0,"0,83",0,F,143
12,11,202603,202603,ULAX_0432,0,4NENL,N,50,29,"0,00605","0,19",0,0,"0,19",0,F,655
12,11,202603,202603,ULAX_1204,0,2NENI,R,53,"88,4","0,00787","0,7","0,02",0,"0,72",0,F,21
12,11,202603,202603,SPO_10705,0,2NENI,R,23,"32,1","0,00787","0,26",0,0,"0,26",0,F,363
12,11,202603,202603,SPOX_0999,0,2NENI,N,83,"121,1","0,00787","0,94","0,03",0,"0,97",0,F,921
12,11,202603,202603,SPOX_0348,0,2NENI,D,4558,"23183,4","0,00787","182,48","6,91",0,"189,39",0,F,143
12,11,202603,202603,ULAX_1204,0,2NENI,N,156,"288,2","0,00787","2,25","0,08",0,"2,33",0,F,219
12,11,202603,202603,ULAX_4726,0,1NSEI,N,1,"14,9","0,00787","0,12",0,0,"0,12",0,F,355
12,11,202603,202602,ULAX_1204,0,2NENI,D,1,"0,5","0,00787",0,0,0,0,0,F,232
12,11,202603,202603,SPOX_6716,0,2NENI,D,6,6,"0,00787","0,05",0,0,"0,05",0,F,917
12,11,202603,202603,SPOX_0999,0,2NENI,D,1,"0,5","0,00787",0,0,0,0,0,F,739
12,11,202603,202603,ULAX_1204,0,2NENI,D,15,"9,4","0,00787","0,05",0,0,"0,05",0,F,92
12,11,202603,202603,ULAX_1204,0,4NENL,R,3,"1,6","0,00425",0,0,0,0,0,F,293
12,11,202603,202603,SPO_14679,0, GS8V,N,2,1,"0,01499","0,02",0,0,"0,02",0,M,34
12,11,202603,202602,ULAX_4113,0,2NENI,D,2,"2,8","0,0078","0,02",0,0,"0,02",0,F,674
12,11,202603,202603,SPOX_0999,0,4NENL,R,25,"56,1","0,00423","0,24",0,0,"0,24",0,F,285
12,11,202603,202603,ULAX_1055,0,4NENL,N,4,"4,9","0,00631","0,03",0,0,"0,03",0,F,235
12,11,202603,202603,ULAX_1204,0,4NENL,N,20,"23,2","0,00605","0,13",0,0,"0,13",0,F,240
12,11,202603,202603,SPO_11405,0,2NEAI,D,2,"1,8","0,00787","0,01",0,0,"0,01",0,F,143
12,11,202603,202603,SPOX_0999,0,2NENI,S,2,"2,2","0,00787","0,01",0,0,"0,01",0,F,977
12,11,202603,202603,SPOX_0999,0,2GS8I,R,9,"63,5","0,00787","0,5","0,01",0,"0,51",0,F,351
12,11,202603,202603,ULAX_0432,0,4NENL,N,41,"26,1","0,00608","0,16",0,0,"0,16",0,F,207
12,11,202603,202603,ULAX_1204,0,2NENI,R,4,"3,9","0,00787","0,03",0,0,"0,03",0,F,202
12,11,202603,202603,SPO_10809,0, NENV,N,28,"56,8","0,01779","1,02","0,03",0,"1,05",0,M,325
12,11,202603,202603,SPOX_0999,0,2NENI,N,10,"7,1","0,00787","0,03",0,0,"0,03",0,F,971
12,11,202603,202603,SPOX_0545,0,2GS8I,D,1,"2,5","0,00787","0,02",0,0,"0,02",0,F,363
12,11,202603,202603,ULAX_1204,0,2NENI,N,1569,"2118,4","0,00787","16,67","0,63",0,"17,3",0,F,261
12,11,202603,202603,ULAX_4726,0, NENV,N,2,1,"0,01499","0,02",0,0,"0,02",0,M,430
12,11,202603,202603,SPOX_9684,0,1NSEI,N,5,"16,8","0,00787","0,12",0,0,"0,12",0,F,143
12,11,202603,202603,SPOX_0999,0,2NENI,D,1,"0,8","0,00787","0,01",0,0,"0,01",0,F,822
12,11,202603,202602,SPOX_0083,0,2NENI,D,1,"4,5","0,0078","0,04",0,0,"0,04",0,F,638
12,11,202603,202603,ULAX_1204,0,2NENI,D,2,1,"0,00787","0,01",0,0,"0,01",0,F,215
12,11,202603,202603,ULAX_1204,0,4NENL,R,2,"3,1","0,00425","0,01",0,0,"0,01",0,F,965
12,11,202603,202603,SPO_14681,0,2GS8I,N,39,"191,5","0,00787","1,48","0,05",0,"1,53",0,F,143
12,11,202603,202603,SPOX_0046,0,2GS8I,D,11,"27,8","0,00787","0,23",0,0,"0,23",0,F,143
12,11,202603,202603,SPOX_0999,0,4NENL,R,262,"1308,4","0,00424","5,56","0,21",0,"5,77",0,F,42
12,11,202603,202603,ULAX_1201,0,2NENI,D,89,"162,1","0,00787","1,28","0,04",0,"1,32",0,F,361
12,11,202603,202603,ULAX_1204,0,4NENL,N,327,"292,6","0,00605","1,77","0,06",0,"1,83",0,F,544
12,11,202603,202603,SPO_11464,0,2NENI,D,6,"31,6","0,00787","0,25",0,0,"0,25",0,F,351
12,11,202603,202603,SPOX_0999,0,4NENL,N,46,"27,3","0,00605","0,18",0,0,"0,18",0,F,98
12,11,202603,202603,SPOX_0999,0,2NENI,D,173,"212,5","0,00787","1,67","0,06",0,"1,73",0,F,61
12,11,202603,202603,ULAX_0432,0,4NENL,N,3,"1,5","0,00608","0,01",0,0,"0,01",0,F,967
12,11,202603,202603,ULAX_1204,0,2NENI,R,5,"7,1","0,00787","0,05",0,0,"0,05",0,F,255
12,11,202603,202603,SPO_11144,0,4NENL,N,63,"163,5","0,00608",1,"0,03",0,"1,03",0,F,708
12,11,202603,202603,SPOX_0999,0,2NENI,R,5,"7,8","0,00787","0,04",0,0,"0,04",0,F,47
12,11,202603,202603,SPOX_0551,0,2NENI,S,6,"5,6","0,00787","0,03",0,0,"0,03",0,F,351
12,11,202603,202603,ULAX_4728,0, NENV,N,5382,"4065,3","0,01499","60,96","2,3",0,"63,26",0,M,34
12,11,202603,202603,SPOX_9684,0,2GS8I,R,1,"0,5","0,00787",0,0,0,0,0,F,431
12,11,202603,202603,SPOX_0999,0,2NENI,D,220,"220,7","0,00787","1,74","0,06",0,"1,8",0,F,961
12,11,202603,202602,SPOX_0970,0,2NENI,N,1,"0,5","0,00787",0,0,0,0,0,F,143
12,11,202603,202603,ULAX_1204,0,2NENI,D,2,1,"0,00787",0,0,0,0,0,F,246
12,11,202603,202603,ULAX_1204,0,MGS8I,N,3700,18952,"0,00787","149,15","5,65",0,"154,8",0,M,348
12,11,202603,202603,SPO_14681,0,2NENI,N,1,"0,5","0,00787",0,0,0,0,0,F,689
12,11,202603,202603,SPOX_0046,0,2NENI,R,53,"127,6","0,00787","1,01","0,03",0,"1,04",0,F,11
12,11,202603,202603,SPOX_0999,0,4NENL,R,5,"6,5","0,00425","0,03",0,0,"0,03",0,F,255
12,11,202603,202603,ULAX_1201,0,2NENI,N,140,91,"0,00787","0,71","0,02",0,"0,73",0,F,951
12,11,202603,202603,ULAX_1204,0,4NENL,N,340,"583,4","0,00605","3,52","0,13",0,"3,65",0,F,921
12,11,202603,202603,SPO_12218,0,2NENI,R,4,"3,8","0,00787","0,02",0,0,"0,02",0,F,361
12,11,202603,202603,SPOX_0999,0,4NENL,N,1312,"1188,8","0,00605","7,21","0,27",0,"7,48",0,F,279
12,11,202603,202603,SPOX_0999,0,2NENI,D,29,"16,1","0,00787","0,09",0,0,"0,09",0,F,98
12,11,202603,202603,ULAX_0432,0,MNENI,D,22,"126,8","0,00787","0,99","0,03",0,"1,02",0,M,50
12,11,202603,202603,ULAX_1204,0,2NENI,R,18,"64,2","0,00787","0,49","0,01",0,"0,5",0,F,294
12,11,202603,202603,SPO_11182,0,2NENI,D,2307,"3100,3","0,00787","24,41","0,92",0,"25,33",0,F,431
12,11,202603,202603,SPOX_0999,0,2NENI,R,57,"95,4","0,00787","0,72","0,02",0,"0,74",0,F,219
12,11,202603,202603,SPOX_0777,0,2GS8I,D,1,"6,8","0,00787","0,05",0,0,"0,05",0,F,661
12,11,202603,202603,ULAX_4760,0,4NENL,N,5,"2,5","0,00605","0,01",0,0,"0,01",0,F,31
12,11,202603,202603,ULAX_1204,0,2NENI,D,7190,"10519,7","0,00787","82,77","3,13",0,"85,9",0,F,271
12,11,202603,202603,SPO_10092,0,2NENI,S,1,"0,5","0,00787",0,0,0,0,0,F,357
12,11,202603,202603,SPOX_0999,0,2NENI,N,273,"432,3","0,00787","3,4","0,12",0,"3,52",0,F,5
12,11,202603,202602,SPOX_0999,0,2NENI,D,1,1,"0,0078","0,01",0,0,"0,01",0,F,541
12,11,202603,202603,ULAX_1204,0,MNENI,N,1,"0,5","0,00787",0,0,0,0,0,M,461
12,11,202603,202603,ULAX_1201,0,2NENI,S,1,"0,5","0,00787",0,0,0,0,0,F,977
12,11,202603,202603,SPOX_0083,0,1NENI,D,4,"4,5","0,00787","0,04",0,0,"0,04",0,F,212
12,11,202603,202603,SPOX_0999,0,4NENL,R,25,"64,8","0,00425","0,28","0,01",0,"0,29",0,F,941
12,11,202603,202603,ULAX_1204,0,4NENL,N,1325,"1454,3","0,00607","8,85","0,33",0,"9,18",0,F,242
12,11,202603,202603,ULAX_0432,0,MNENI,D,2,"1,3","0,00787","0,01",0,0,"0,01",0,M,479
12,11,202603,202603,SPO_14639,0,2NENI,D,3,"1,9","0,00787","0,01",0,0,"0,01",0,F,227
12,11,202603,202603,SPOX_0999,0,4NENL,N,5,"3,6","0,00605","0,01",0,0,"0,01",0,F,606
12,11,202603,202603,SPOX_0999,0,2NENI,D,20,"13,5","0,00787","0,08",0,0,"0,08",0,F,223
12,11,202603,202603,ULAX_1204,0,2NENI,R,2,"3,6","0,00787","0,02",0,0,"0,02",0,F,432
12,11,202603,202603,SPO_11230,0,2NENI,S,1,"0,5","0,00787",0,0,0,0,0,F,317
12,11,202603,202603,SPOX_0999,0,2NENI,R,66,"262,7","0,00787","2,05","0,07",0,"2,12",0,F,267
12,11,202603,202603,SPOX_0823,0,2GS8I,R,75,"315,6","0,00787","2,48","0,09",0,"2,57",0,F,361
12,11,202603,202603,ULAX_1204,0,2NENI,D,2350,"2694,1","0,00787","21,2","0,8",0,22,0,F,317
12,11,202603,202603,SPO_10152,0,2NENI,D,2334,"7687,8","0,00787","60,51","2,29",0,"62,8",0,F,143
12,11,202603,202603,SPOX_0999,0,2NENI,N,7,15,"0,00787","0,12",0,0,"0,12",0,F,82
12,11,202603,202602,SPOX_0999,0,2NENI,D,2,1,"0,00787","0,01",0,0,"0,01",0,F,674
12,11,202603,202603,ULAX_1204,0, NENV,N,7,"3,5","0,01686","0,07",0,0,"0,07",0,M,A61
12,11,202603,202603,ULAX_1201,0,4NENL,R,19,"45,3","0,00425","0,19",0,0,"0,19",0,F,977
12,11,202603,202603,SPOX_0083,0,2GS8I,N,153,"730,2","0,00787","5,75","0,21",0,"5,96",0,F,143
12,11,202603,202603,SPOX_0999,0,MNENI,D,2,1,"0,00787",0,0,0,0,0,M,60
12,11,202603,202603,SPO_14657,0,2NENI,D,1,"1,9","0,00787","0,01",0,0,"0,01",0,F,203
12,11,202603,202603,ULAX_1204,0,4NENL,N,38,"84,8","0,00608","0,51","0,01",0,"0,52",0,F,207
12,11,202603,202603,ULAX_0432,0,MNENI,N,19,"10,7","0,00787","0,03",0,0,"0,03",0,M,462
12,11,202603,202603,SPOX_0999,0,4NENL,N,407,"580,1","0,00605","3,5","0,13",0,"3,63",0,F,921
12,11,202603,202603,SPOX_0999,0,2NENI,D,1388,"1484,3","0,00787","11,69","0,44",0,"12,13",0,F,255
12,11,202603,202603,SPO_11232,0,2NENI,N,18,"17,4","0,00787","0,13",0,0,"0,13",0,F,208
12,11,202603,202603,ULAX_1204,0,2NENI,R,29,"96,6","0,00787","0,75","0,02",0,"0,77",0,F,780
12,11,202603,202603,ULAX_0432,0,2GS8I,D,4,"65,7","0,00787","0,52","0,01",0,"0,53",0,F,355
12,11,202603,202603,SPOX_0999,0,2NENI,R,36,"116,7","0,00787","0,91","0,03",0,"0,94",0,F,318
12,11,202603,202603,SPOX_0970,0,1NENI,D,2,"1,2","0,00787",0,0,0,0,0,F,638
12,11,202603,202603,SPO_10152,0,2NSNI,D,4,2,"0,00787","0,02",0,0,"0,02",0,F,143
12,11,202603,202603,ULAX_1204,0,2NENI,D,3671,"4438,1","0,00787","34,95","1,32",0,"36,27",0,F,541
12,11,202603,202603,ULAX_2826,0,4NENL,N,9,"5,3","0,00631","0,01",0,0,"0,01",0,F,934
12,11,202603,202603,SPOX_0999,0,2NENI,N,2,1,"0,00787",0,0,0,0,0,F,206
12,11,202603,202602,SPOX_0999,0,2NENI,N,1,"0,5","0,00787",0,0,0,0,0,F,294
12,11,202603,202603,ULAX_1201,0,MNENI,N,1,"0,5","0,0076",0,0,0,0,0,M,34
12,11,202603,202603,SPOX_0083,0,2NENI,D,1,"0,5","0,00787",0,0,0,0,0,F,689
12,11,202603,202603,SPOX_0999,0, NENV,N,34,"145,8","0,01686","2,47","0,09",0,"2,56",0,M,50
12,11,202603,202603,ULAX_1204,0,4NENL,N,6531,9113,"0,00608","55,43","2,09",0,"57,52",0,F,261
12,11,202603,202603,SPO_14657,0,4NENL,N,10,5,"0,0061","0,01",0,0,"0,01",0,F,689
12,11,202603,202603,ULAX_0432,0,MNENI,R,1,"0,5","0,0076",0,0,0,0,0,M,348
12,11,202603,202603,SPOX_0999,0,4NENL,N,1364,"1638,4","0,00607","9,97","0,37",0,"10,34",0,F,242
12,11,202603,202603,SPOX_0999,0,2NENI,D,2539,"2740,4","0,00787","21,57","0,81",0,"22,38",0,F,292
12,11,202603,202603,ULAX_1204,0,2NENI,S,10,"19,3","0,00787","0,15",0,0,"0,15",0,F,21
12,11,202603,202603,SPO_11362,0,2NENI,N,60,"49,5","0,00787","0,39","0,01",0,"0,4",0,F,361
12,11,202603,202603,ULAX_0432,0,2NENI,D,1,"0,5","0,00787",0,0,0,0,0,F,265
12,11,202603,202603,SPOX_0999,0,2NENI,R,1,"1,7","0,00787","0,01",0,0,"0,01",0,F,663
12,11,202603,202603,SPOX_0970,0,2GS8I,D,344,"2363,8","0,00787","18,62","0,7",0,"19,32",0,F,143
12,11,202603,202603,SPO_10156,0,2IENI,D,55,"94,7","0,00787","0,75","0,02",0,"0,77",0,F,143
12,11,202603,202603,ULAX_1204,0,2NENI,D,811,825,"0,00787","6,47","0,24",0,"6,71",0,F,767
12,11,202603,202603,ULAX_4039,0,2GS8I,D,1,1,"0,00787","0,01",0,0,"0,01",0,F,355
12,11,202603,202603,SPOX_0999,0,2NENI,N,4950,"8681,9","0,00787","68,34","2,58",0,"70,92",0,F,241
12,11,202603,202602,SPOX_0999,0,4NENL,N,2,"1,1","0,00602",0,0,0,0,0,F,265
12,11,202603,202603,ULAX_4763,0,4NENL,N,33,"35,1","0,00605","0,21",0,0,"0,21",0,F,232
12,11,202603,202603,SPOX_4927,0,2GS8I,D,4,"34,7","0,00787","0,26","0,01",0,"0,27",0,F,661
12,11,202603,202603,ULAX_1201,0,MNENI,R,1,"0,5","0,00787",0,0,0,0,0,M,50
12,11,202603,202603,SPOX_0083,0,4NENL,N,36,"313,3","0,0061","1,91","0,07",0,"1,98",0,F,212
12,11,202603,202603,SPOX_1158,0,2GS8I,D,2,"5,8","0,00787","0,05",0,0,"0,05",0,F,351
12,11,202603,202603,ULAX_1204,0,4NENL,N,2,1,"0,00608",0,0,0,0,0,F,764
12,11,202603,202603,SPO_14667,0,1NSEI,R,1,"32,6","0,00787","0,26",0,0,"0,26",0,F,143
12,11,202603,202603,ULAX_0432,0,MNENI,R,27,"15,1","0,00787","0,12",0,0,"0,12",0,M,499
12,11,202603,202603,SPOX_0999,0,4NENL,N,82,"89,1","0,00608","0,56","0,02",0,"0,58",0,F,207
12,11,202603,202603,ULAX_1204,0,2NENI,S,136,"315,6","0,00787","2,49","0,09",0,"2,58",0,F,232
12,11,202603,202603,SPO_11366,0,2NENI,R,206,"419,9","0,00787","3,31","0,12",0,"3,43",0,F,361
12,11,202603,202603,SPOX_0970,0,2IENI,N,1,"7,3","0,00787","0,06",0,0,"0,06",0,F,212
12,11,202603,202603,ULAX_1204,0,4NENL,N,1522,1365,"0,00608","8,32","0,31",0,"8,63",0,F,865
12,11,202603,202603,SPO_14667,0,2GS8I,R,2,"1,5","0,00787","0,01",0,0,"0,01",0,F,431
12,11,202603,202603,ULAX_0432,0,MNENI,S,99,"72,6","0,00787","0,57","0,02",0,"0,59",0,M,451
12,11,202603,202603,SPOX_0999,0,4NENL,N,23979,"38878,4","0,00608","236,35","8,96",0,"245,31",0,F,251
12,11,202603,202603,ULAX_1204,0,2NENI,S,31,"58,5","0,00787","0,45","0,01",0,"0,46",0,F,261
12,11,202603,202603,SPO_11370,0,2GS8I,N,48,"369,2","0,00787","2,91","0,11",0,"3,02",0,F,361
12,11,202603,202603,SPOX_0970,0,2NENI,D,30,"58,9","0,00787","0,46","0,01",0,"0,47",0,F,766
12,11,202603,202603,ULAX_0432,0,2NENI,D,2,1,"0,00787",0,0,0,0,0,F,965
12,11,202603,202603,SPOX_0999,0,2NENI,R,1,"0,5","0,00787",0,0,0,0,0,F,971
12,11,202603,202603,ULAX_1204,0,2NENI,N,1118,"1042,3","0,00787","8,2","0,3",0,"8,5",0,F,541
12,11,202603,202603,SPO_10402,0,MNENI,R,7,"46,2","0,0076","0,36","0,01",0,"0,37",0,M,325
12,11,202603,202603,SPOX_0088,0,1NENI,N,1,"2,4","0,00787","0,02",0,0,"0,02",0,F,143
12,11,202603,202603,ULAX_1204,0,2NENI,D,366,"380,6","0,00787","2,98","0,11",0,"3,09",0,F,943
12,11,202603,202603,ULAX_4202,0,1NSEI,N,3,"27,2","0,00787","0,21",0,0,"0,21",0,F,48
12,11,202603,202603,SPOX_0999,0,2NENI,N,35,"27,7","0,00787","0,19",0,0,"0,19",0,F,295
12,11,202603,202602,SPOX_9684,0,1NSEI,D,1,"3,4","0,00787","0,03",0,0,"0,03",0,F,143
12,11,202603,202603,SPOX_6685,0,2NENI,R,14,"60,8","0,00787","0,47","0,01",0,"0,48",0,F,143
12,11,202603,202603,ULAX_1201,0, NENV,N,4,"2,3","0,01499","0,04",0,0,"0,04",0,M,479
12,11,202603,202603,ULAX_1204,0,4NENL,N,140,"87,4","0,00631","0,54","0,02",0,"0,56",0,F,248
12,11,202603,202603,SPO_14667,0,2NENI,S,10,"49,1","0,00787","0,37","0,01",0,"0,38",0,F,143
12,11,202603,202602,ULAX_1204,0,2NENI,D,1,"0,5","0,00787",0,0,0,0,0,F,431
12,11,202603,202603,SPOX_0999,0,4NENL,N,4771,"5175,8","0,00608","31,47","1,19",0,"32,66",0,F,541
12,11,202603,202603,ULAX_0432,0, NENV,N,22,19,"0,01499","0,29","0,01",0,"0,3",0,M,421
12,11,202603,202603,ULAX_1204,0,2NENI,S,13,"34,3","0,00787","0,27","0,01",0,"0,28",0,F,318
12,11,202603,202603,SPO_11402,0,1NENI,N,1,"0,5","0,00787",0,0,0,0,0,F,638
12,11,202603,202603,SPOX_0999,0,2NENI,S,3,"12,3","0,00787","0,09",0,0,"0,09",0,F,51
12,11,202603,202603,SPOX_0970,0,4NENL,N,2,2,"0,0061","0,01",0,0,"0,01",0,F,11
12,11,202603,202603,ULAX_0432,0,2NENI,N,1,"0,5","0,00787",0,0,0,0,0,F,262
12,11,202603,202603,ULAX_1204,0,2NENI,N,625,"865,7","0,00787","6,82","0,25",0,"7,07",0,F,780
12,11,202603,202603,SPO_10416,0,MNENI,R,4,"16,4","0,0076","0,13",0,0,"0,13",0,M,325
12,11,202603,202603,SPOX_0999,0,2NENI,N,232,"227,5","0,00787","1,77","0,06",0,"1,83",0,F,359
12,11,202603,202603,SPOX_0326,0,2NENI,D,2,"42,8","0,00787","0,34","0,01",0,"0,35",0,F,212
12,11,202603,202603,ULAX_1204,0,2NENI,D,36,"22,9","0,00787","0,16",0,0,"0,16",0,F,985
12,11,202603,202603,ULAX_4202,0,4NENL,N,4,2,"0,00608","0,01",0,0,"0,01",0,F,960
12,11,202603,202602,SPO_11405,0,4NENL,N,1,"13,1","0,0061","0,08",0,0,"0,08",0,F,212
12,11,202603,202603,SPOX_6694,0,2IENI,D,19,"22,1","0,00787","0,15",0,0,"0,15",0,F,143
12,11,202603,202603,ULAX_1201,0, NENV,R,10,"6,4","0,0118","0,09",0,0,"0,09",0,M,A61
12,11,202603,202603,ULAX_1204,0,4NENL,R,820,"3242,6","0,00423","13,71","0,52",0,"14,23",0,F,232
12,11,202603,202603,SPO_14667,0,MNSNI,N,2,3,"0,00787","0,03",0,0,"0,03",0,M,325
12,11,202603,202602,ULAX_1204,0,2NENI,N,1,"0,5","0,00787",0,0,0,0,0,F,247
12,11,202603,202603,SPOX_0999,0,4NENL,N,1193,"3751,3","0,00608","22,81","0,86",0,"23,67",0,F,842
12,11,202603,202603,ULAX_0432,0, NENV,N,31,"144,1","0,01686","2,44","0,09",0,"2,53",0,M,50
12,11,202603,202603,ULAX_1204,0,2NENI,S,49,"127,6","0,00787","0,96","0,03",0,"0,99",0,F,706
12,11,202603,202603,SPO_11402,0,2NENI,N,1,"1,6","0,00787","0,01",0,0,"0,01",0,F,689
12,11,202603,202603,SPOX_0999,0,2NENI,S,118,"335,7","0,00787","2,64","0,1",0,"2,74",0,F,247
12,11,202603,202603,SPOX_0970,0,MNENI,R,3,"1,5","0,0076",0,0,0,0,0,M,325
12,11,202603,202603,ULAX_0432,0,2NENI,N,105,"74,4","0,00787","0,59","0,02",0,"0,61",0,F,951
12,11,202603,202603,ULAX_1204,0,2NENI,N,26,"22,4","0,00787","0,15",0,0,"0,15",0,F,927
12,11,202603,202603,SPO_10617,0,2IENI,D,11,"12,3","0,00787","0,08",0,0,"0,08",0,F,143
12,11,202603,202603,SPOX_0999,0,2NENI,N,318,"550,6","0,00787","4,35","0,16",0,"4,51",0,F,695
12,11,202603,202603,SPOX_0347,0,1NSEI,N,1,23,"0,00787","0,18",0,0,"0,18",0,F,143
12,11,202603,202603,ULAX_1204,0,2NENI,N,121,"109,2","0,00787","0,86","0,03",0,"0,89",0,F,65
12,11,202603,202603,ULAX_4721,0,MNENI,D,3313,"2230,4","0,0076","16,97","0,64",0,"17,61",0,M,34
12,11,202603,202602,ULAX_1201,0,4NENL,N,2,1,"0,00608","0,01",0,0,"0,01",0,F,977
12,11,202603,202603,SPOX_6694,0,MGS8I,N,1,"5,1","0,00787","0,04",0,0,"0,04",0,M,349
12,11,202603,202603,SPOX_0999,0,2NENI,D,7602,"11655,1","0,00787","91,73","3,46",0,"95,19",0,F,361
12,11,202603,202603,ULAX_1204,0,1NSEI,R,1,"17,4","0,00787","0,14",0,0,"0,14",0,F,48
12,11,202603,202603,ULAX_1204,0,4NENL,R,27,"67,5","0,00423","0,27","0,01",0,"0,28",0,F,780
12,11,202603,202603,SPO_14678,0,2GS8I,D,2,"8,1","0,00787","0,06",0,0,"0,06",0,F,661
12,11,202603,202602,ULAX_1204,0,4NENL,N,1,3,"0,00602","0,02",0,0,"0,02",0,F,541
12,11,202603,202603,SPOX_0999,0,4NENL,N,1917,"7043,4","0,00631","44,45","1,68",0,"46,13",0,F,235
12,11,202603,202603,ULAX_0432,0, NENV,R,4,2,"0,01049","0,02",0,0,"0,02",0,M,494
12,11,202603,202603,ULAX_1204,0,4NENL,N,3,"14,8","0,00605","0,09",0,0,"0,09",0,F,71
12,11,202603,202603,SPO_11402,0, GS8V,R,1,"5,4","0,01049","0,06",0,0,"0,06",0,M,34
12,11,202603,202603,SPOX_0999,0,2NENI,S,1,"0,5","0,00787",0,0,0,0,0,F,294
12,11,202603,202603,SPOX_0999,0,1NENI,D,2,"3,7","0,00787","0,02",0,0,"0,02",0,F,931
12,11,202603,202603,ULAX_0432,0,2NENI,R,14,"11,8","0,00787","0,08",0,0,"0,08",0,F,977
12,11,202603,202603,ULAX_1204,0,2NENI,N,4,"4,1","0,00787","0,02",0,0,"0,02",0,F,979
12,11,202603,202603,SPO_10617,0,MNENI,D,22,"12,8","0,0076","0,09",0,0,"0,09",0,M,325
12,11,202603,202603,SPOX_0999,0,2NENI,N,1,"0,5","0,00787",0,0,0,0,0,F,808
12,11,202603,202603,SPOX_0348,0,1NENI,D,160,"438,4","0,00787","3,43","0,13",0,"3,56",0,F,143
12,11,202603,202603,ULAX_1204,0,2NENI,N,34,"54,6","0,00787","0,42","0,01",0,"0,43",0,F,202
12,11,202603,202603,ULAX_4721,0, NENV,N,438,"461,3","0,01499","6,91","0,26",0,"7,17",0,M,430
12,11,202603,202602,ULAX_1204,0,2NENI,D,4,"6,5","0,0078","0,05",0,0,"0,05",0,F,251
12,11,202603,202603,SPOX_6698,0,MNENI,N,42,"26,2","0,0076","0,18",0,0,"0,18",0,M,34
12,11,202603,202603,SPOX_0999,0,2NENI,D,102,"68,7","0,00787","0,55","0,02",0,"0,57",0,F,663
12,11,202603,202603,ULAX_1204,0,2NENI,D,3,"14,8","0,00787","0,12",0,0,"0,12",0,F,71
12,11,202603,202603,ULAX_1204,0,4NENL,R,4,"2,1","0,00425",0,0,0,0,0,F,224
12,11,202603,202603,SPO_14679,0,2GS8I,N,166,"760,1","0,00787",6,"0,22",0,"6,22",0,F,363
12,11,202603,202602,ULAX_1204,0,4NENL,N,1,"0,5","0,00608",0,0,0,0,0,F,804
12,11,202603,202603,SPOX_0999,0,4NENL,R,124,"293,4","0,00423","1,24","0,04",0,"1,28",0,F,227
12,11,202603,202603,ULAX_0953,0,2NENI,S,5,"2,8","0,00787","0,01",0,0,"0,01",0,F,674
12,11,202603,202603,ULAX_1204,0,4NENL,N,38,"26,4","0,00605","0,17",0,0,"0,17",0,F,210
12,11,202603,202603,SPO_11405,0,1NSNI,N,1,"2,1","0,00787","0,02",0,0,"0,02",0,F,143
12,11,202603,202603,SPOX_0999,0,2NENI,S,22,"24,5","0,00787","0,18",0,0,"0,18",0,F,695
12,11,202603,202603,SPOX_0999,0,2GS8I,D,98,546,"0,00787","4,31","0,16",0,"4,47",0,F,431
12,11,202603,202603,ULAX_0432,0,4NENL,N,142,"76,5","0,00605","0,44","0,01",0,"0,45",0,F,971
12,11,202603,202603,ULAX_1204,0,2NENI,R,104,480,"0,00787","3,76","0,14",0,"3,9",0,F,62
12,11,202603,202603,SPO_10808,0,MNENI,D,79,"138,9","0,0076","1,05","0,03",0,"1,08",0,M,325
12,11,202603,202603,SPOX_0999,0,2NENI,N,73,"56,3","0,00787","0,43","0,01",0,"0,44",0,F,948
12,11,202603,202603,SPOX_0543,0,2NENI,D,175,"412,4","0,00787","3,26","0,12",0,"3,38",0,F,351
12,11,202603,202603,ULAX_1204,0,2NENI,N,491,"1846,4","0,00787","14,52","0,54",0,"15,06",0,F,235
12,11,202603,202603,ULAX_4726,0,2NENI,D,2731,"4491,9","0,00787","35,37","1,33",0,"36,7",0,F,355
12,11,202603,202603,SPOX_6716,0,4NENL,N,7,"5,6","0,00608","0,03",0,0,"0,03",0,F,764
12,11,202603,202603,SPOX_0999,0,2NENI,D,1,"0,5","0,00787",0,0,0,0,0,F,802
12,11,202603,202603,ULAX_1204,0,2NENI,D,91,"153,4","0,00787","1,2","0,04",0,"1,24",0,F,202
12,11,202603,202603,ULAX_1204,0,4NENL,R,14,7,"0,00425","0,03",0,0,"0,03",0,F,738
12,11,202603,202603,SPO_14681,0,1NENI,N,2,1,"0,00787",0,0,0,0,0,F,766
12,11,202603,202602,ULAX_4763,0,2NENI,D,1,"1,5","0,0078","0,01",0,0,"0,01",0,F,355
12,11,202603,202603,SPOX_0999,0,4NENL,R,20,"94,6","0,00423","0,4","0,01",0,"0,41",0,F,767
12,11,202603,202603,ULAX_1201,0,1NENI,D,1,"0,5","0,00787",0,0,0,0,0,F,31
12,11,202603,202603,ULAX_1204,0,4NENL,N,3625,"4097,5","0,00605","24,79","0,94",0,"25,73",0,F,285
12,11,202603,202603,SPO_11408,0,2NENI,D,1,"0,5","0,00787",0,0,0,0,0,F,143
12,11,202603,202603,SPOX_0999,0,4NENL,N,758,"1303,4","0,00605","7,87","0,29",0,"8,16",0,F,81
12,11,202603,202603,SPOX_0999,0,2NENI,D,892,"1251,3","0,00787","9,85","0,37",0,"10,22",0,F,5
12,11,202603,202603,ULAX_0432,0,4NENL,N,1,"0,7","0,00608",0,0,0,0,0,F,738
12,11,202603,202603,ULAX_1204,0,2NENI,R,4,3,"0,00787","0,02",0,0,"0,02",0,F,224
12,11,202603,202603,SPO_10810,0,MGS8I,R,20,"14,6","0,00787","0,11",0,0,"0,11",0,M,325
12,11,202603,202603,SPOX_0999,0,2NENI,N,20,"14,5","0,00787","0,09",0,0,"0,09",0,F,991
12,11,202603,202603,SPOX_0545,0, GS8V,N,11,"26,3","0,01499","0,4","0,01",0,"0,41",0,M,34
12,11,202603,202603,ULAX_1204,0,2NENI,N,489,507,"0,00787","3,98","0,15",0,"4,13",0,F,282
12,11,202603,202603,ULAX_4728,0,MNENI,N,1881,"1501,1","0,0076","11,41","0,43",0,"11,84",0,M,34
12,11,202603,202603,SPOX_9684,0,2GS8I,D,53,"300,4","0,00787","2,35","0,08",0,"2,43",0,F,431
12,11,202603,202603,SPOX_0999,0,2NENI,D,267,"205,1","0,00787","1,58","0,06",0,"1,64",0,F,925
12,11,202603,202602,SPOX_0347,0,2NENI,R,1,"0,8","0,0078","0,01",0,0,"0,01",0,F,143
12,11,202603,202603,ULAX_1204,0,2NENI,D,21243,"44158,5","0,00787","347,54","13,15",0,"360,69",0,F,232
12,11,202603,202603,ULAX_1204,0, GS8V,N,3700,18952,"0,01686","319,55","12,1",0,"331,65",0,M,348
12,11,202603,202603,SPO_14681,0,2IENI,R,9,"45,2","0,00787","0,34","0,01",0,"0,35",0,F,143
12,11,202603,202603,SPOX_0046,0,2NENI,D,101,"152,8","0,00787","1,2","0,04",0,"1,24",0,F,11
12,11,202603,202603,SPOX_0999,0,4NENL,R,1,"2,1","0,00425","0,01",0,0,"0,01",0,F,65
12,11,202603,202603,ULAX_1201,0,2NENI,N,1,"0,5","0,00787",0,0,0,0,0,F,31
12,11,202603,202603,ULAX_1204,0,4NENL,N,2518,"3675,6","0,00605","22,22","0,84",0,"23,06",0,F,780
12,11,202603,202603,SPO_11464,0,MNENI,R,1,"0,5","0,0076",0,0,0,0,0,M,34
12,11,202603,202603,SPOX_0999,0,4NENL,N,3,"1,5","0,00605","0,01",0,0,"0,01",0,F,215
12,11,202603,202603,SPOX_0999,0,2NENI,D,13,8,"0,00787","0,04",0,0,"0,04",0,F,82
12,11,202603,202603,ULAX_0432,0,4NENL,R,3,"1,5","0,00425","0,01",0,0,"0,01",0,F,192
12,11,202603,202603,ULAX_1204,0,2NENI,R,117,"238,5","0,00787","1,89","0,07",0,"1,96",0,F,281
12,11,202603,202603,SPO_11152,0, NENV,N,47,"23,5","0,01499","0,31","0,01",0,"0,32",0,M,34
12,11,202603,202603,SPOX_0999,0,2NENI,R,37,"43,7","0,00787","0,33","0,01",0,"0,34",0,F,85
12,11,202603,202603,SPOX_0777,0,1NSEI,D,17,"229,3","0,00787","1,81","0,06",0,"1,87",0,F,143
12,11,202603,202603,ULAX_4760,0,2NENI,D,1,"2,2","0,00787","0,02",0,0,"0,02",0,F,235
12,11,202603,202603,ULAX_1204,0,2NENI,D,91,"57,5","0,00787","0,45","0,01",0,"0,46",0,F,248
12,11,202603,202603,SPO_10066,0,2NENI,D,26135,"91392,7","0,00787","719,28","27,24",0,"746,52",0,F,363
12,11,202603,202603,SPOX_0999,0,2NENI,D,2,"7,1","0,00787","0,05",0,0,"0,05",0,F,979
12,11,202603,202602,SPOX_0999,0,2NENI,D,5,"28,5","0,0078","0,22",0,0,"0,22",0,F,251
12,11,202603,202603,ULAX_1204,0,MNENI,D,8,"5,6","0,00787","0,03",0,0,"0,03",0,M,6
12,11,202603,202603,SPO_14681,0,4NENL,N,14,"67,7","0,0061","0,4","0,01",0,"0,41",0,F,212
12,11,202603,202603,SPOX_0046,0,4NENL,N,11,"9,3","0,0061","0,05",0,0,"0,05",0,F,212
12,11,202603,202603,SPOX_0999,0,4NENL,R,57,"114,9","0,00425","0,48","0,01",0,"0,49",0,F,470
12,11,202603,202603,ULAX_1204,0,4NENL,N,19,"16,1","0,00605","0,08",0,0,"0,08",0,F,983
12,11,202603,202603,SPO_12222,0,4NENL,N,3,"1,5","0,00608",0,0,0,0,0,F,121
12,11,202603,202603,SPOX_0999,0,4NENL,N,3494,"3093,9","0,00605","18,73","0,71",0,"19,44",0,F,291
12,11,202603,202603,SPOX_0999,0,2NENI,D,59,"69,7","0,00787","0,53","0,02",0,"0,55",0,F,207
12,11,202603,202603,ULAX_0432,0,MNENI,D,46,"46,9","0,00787","0,36","0,01",0,"0,37",0,M,430
12,11,202603,202603,ULAX_1204,0,2NENI,R,142,"410,6","0,00787","3,23","0,12",0,"3,35",0,F,351
12,11,202603,202603,SPO_11184,0,2NENI,N,141,"330,4","0,00787","2,62","0,09",0,"2,71",0,F,431
12,11,202603,202603,SPOX_0999,0,2NENI,R,3,"1,8","0,00787","0,02",0,0,"0,02",0,F,240
12,11,202603,202603,SPOX_0811,0,2NENI,S,2,"1,1","0,00787",0,0,0,0,0,F,361
12,11,202603,202603,ULAX_4762,0,1NSEI,S,1,"0,7","0,00787","0,01",0,0,"0,01",0,F,35
12,11,202603,202603,ULAX_1204,0,2NENI,D,1017,"894,9","0,00787","7,02","0,26",0,"7,28",0,F,286
12,11,202603,202603,SPO_10152,0,1NENI,D,4,"5,3","0,00787","0,05",0,0,"0,05",0,F,766
12,11,202603,202603,SPOX_0999,0,2NENI,N,587,"472,8","0,00787","3,75","0,14",0,"3,89",0,F,51
12,11,202603,202602,SPOX_0999,0,2NENI,D,2,1,"0,00787",0,0,0,0,0,F,241
12,11,202603,202603,ULAX_1204,0,MNSNI,D,10,12,"0,00787","0,08",0,0,"0,08",0,M,325
12,11,202603,202603,ULAX_1201,0,4NENL,N,4,"11,8","0,00608","0,07",0,0,"0,07",0,F,738
12,11,202603,202603,SPOX_0083,0,1NENI,R,56,"130,1","0,00787","1,01","0,03",0,"1,04",0,F,143
12,11,202603,202603,SPOX_0999,0,4NENL,R,27,"20,3","0,00425","0,08",0,0,"0,08",0,F,977
12,11,202603,202603,SPO_14639,0,2NENI,N,2,1,"0,00787",0,0,0,0,0,F,319
12,11,202603,202603,ULAX_1204,0,4NENL,N,2812,"12392,6","0,00608","75,36","2,85",0,"78,21",0,F,62
12,11,202603,202603,ULAX_0432,0,MNENI,N,64,58,"0,00787","0,42","0,01",0,"0,43",0,M,18
12,11,202603,202603,SPOX_0999,0,4NENL,N,1015,"1098,1","0,00605","6,64","0,25",0,"6,89",0,F,767
12,11,202603,202603,SPOX_0999,0,2NENI,D,1,"0,5","0,00787",0,0,0,0,0,F,239
12,11,202603,202603,ULAX_1204,0,2NENI,R,101,"186,1","0,00787","1,43","0,05",0,"1,48",0,F,674
12,11,202603,202603,SPO_14681,0,MNSNI,N,3,"1,7","0,00787","0,01",0,0,"0,01",0,M,325
12,11,202603,202603,SPOX_0999,0,2NENI,R,26,"64,8","0,00787","0,51","0,01",0,"0,52",0,F,285
12,11,202603,202603,SPOX_0835,0,2NENI,N,115,"271,7","0,00787","2,16","0,08",0,"2,24",0,F,361
12,11,202603,202603,ULAX_1204,0,2NENI,D,642,584,"0,00787","4,61","0,17",0,"4,78",0,F,359
12,11,202603,202603,SPO_10152,0,2NENI,R,104,"279,5","0,00787","2,21","0,08",0,"2,29",0,F,143
12,11,202603,202603,ULAX_1204,0, NENV,R,1,"0,5","0,0118","0,01",0,0,"0,01",0,M,50
12,11,202603,202603,SPOX_0999,0,2NENI,N,1,"0,5","0,00787",0,0,0,0,0,F,94
12,11,202603,202602,SPOX_0999,0,2NENI,N,1,"0,8","0,0078","0,01",0,0,"0,01",0,F,271
12,11,202603,202603,ULAX_1201,0,MNENI,D,1,"0,1","0,00787",0,0,0,0,0,M,87
12,11,202603,202603,SPOX_0083,0,2IENI,D,1,"0,5","0,00787",0,0,0,0,0,F,203
12,11,202603,202603,SPOX_0999,0,MNENI,N,2,1,"0,00787",0,0,0,0,0,M,A61
12,11,202603,202603,SPO_14657,0,2NENI,N,0,"5,1","0,00787","0,04",0,0,"0,04",0,F,212
12,11,202603,202603,ULAX_0432,0,MNENI,N,185,"104,6","0,00787","0,82","0,03",0,"0,85",0,M,494
12,11,202603,202603,SPOX_0999,0,4NENL,N,21,"26,8","0,00605","0,14",0,0,"0,14",0,F,983
12,11,202603,202603,SPOX_0999,0,2NENI,D,7150,"10206,7","0,00787","80,32","3,04",0,"83,36",0,F,271
12,11,202603,202603,SPO_11232,0,4NENL,R,9,"13,2","0,00423","0,06",0,0,"0,06",0,F,71
12,11,202603,202603,ULAX_1204,0,2NENI,R,4,6,"0,00787","0,04",0,0,"0,04",0,F,948
12,11,202603,202603,ULAX_0432,0,2NENI,D,19,"18,4","0,00787","0,13",0,0,"0,13",0,F,65
12,11,202603,202603,SPOX_0999,0,2NENI,R,206,"641,1","0,00787","5,04","0,19",0,"5,23",0,F,361
12,11,202603,202603,SPOX_0970,0,1NENI,N,7,"8,2","0,00787","0,05",0,0,"0,05",0,F,766
12,11,202603,202603,SPO_10155,0,1NSEI,N,4,"14,5","0,00787","0,12",0,0,"0,12",0,F,143
12,11,202603,202603,ULAX_1204,0,2NENI,D,551,"1023,3","0,00787","8,08","0,3",0,"8,38",0,F,695
12,11,202603,202603,ULAX_4030,0,2NENI,D,3,"1,5","0,00787","0,01",0,0,"0,01",0,F,805
12,11,202603,202603,SPOX_0999,0,2NENI,N,1,"0,5","0,00787",0,0,0,0,0,F,220
12,11,202603,202602,SPOX_0999,0,4NENL,N,1,"35,6","0,00598","0,21",0,0,"0,21",0,F,227
12,11,202603,202603,ULAX_4763,0,2GS8I,S,8,"25,5","0,00787","0,21",0,0,"0,21",0,F,355
12,11,202603,202603,SPOX_1270,0,1NSEI,N,9,36,"0,00787","0,28","0,01",0,"0,29",0,F,143
12,11,202603,202603,ULAX_1201,0,MNENI,N,5,"3,4","0,00787","0,03",0,0,"0,03",0,M,441
12,11,202603,202603,SPOX_0083,0,2NENI,R,342,"741,3","0,00787","5,82","0,22",0,"6,04",0,F,143
12,11,202603,202603,SPOX_0999,0, NENV,R,2,1,"0,0118","0,02",0,0,"0,02",0,M,451
12,11,202603,202603,ULAX_1204,0,4NENL,N,4794,5483,"0,00608","33,34","1,26",0,"34,6",0,F,541
12,11,202603,202603,SPO_14667,0,1NENI,D,1317,"2266,9","0,00787","17,85","0,67",0,"18,52",0,F,143
12,11,202603,202603,ULAX_0432,0,MNENI,R,5,"2,6","0,00787","0,01",0,0,"0,01",0,M,462
12,11,202603,202603,SPOX_0999,0,4NENL,N,2884,"12854,7","0,00608","78,17","2,96",0,"81,13",0,F,62
12,11,202603,202603,ULAX_1204,0,2NENI,S,13,"8,6","0,00787","0,05",0,0,"0,05",0,F,91
12,11,202603,202603,SPO_11364,0, NENV,N,8,4,"0,01499","0,06",0,0,"0,06",0,M,34
12,11,202603,202603,ULAX_0432,0,2NENI,D,4,"3,6","0,00787","0,02",0,0,"0,02",0,F,661
12,11,202603,202603,SPOX_0999,0,2NENI,R,1,"0,5","0,00787",0,0,0,0,0,F,764
12,11,202603,202603,ULAX_1204,0,2NENI,N,747,"1095,7","0,00787","8,61","0,32",0,"8,93",0,F,298
12,11,202603,202603,SPO_10156,0,2NENI,D,8,"15,5","0,00787","0,12",0,0,"0,12",0,F,766
12,11,202603,202603,ULAX_1204,0,2NENI,D,2,"1,9","0,00787","0,01",0,0,"0,01",0,F,807
12,11,202603,202603,ULAX_4039,0,4NENL,N,5,"2,6","0,00608",0,0,0,0,0,F,805
12,11,202603,202603,SPOX_0999,0,2NENI,N,1562,"2052,1","0,00787","16,13","0,61",0,"16,74",0,F,261
12,11,202603,202602,SPOX_0999,0,4NENL,N,1,"0,5","0,00605",0,0,0,0,0,F,291
12,11,202603,202603,ULAX_5040,0,MNENI,R,131,"871,6","0,0076","6,62","0,25",0,"6,87",0,M,349
12,11,202603,202603,SPOX_6685,0,1NENI,N,5,"6,3","0,00787","0,05",0,0,"0,05",0,F,638
12,11,202603,202603,ULAX_1201,0,MNENI,S,6,5,"0,00787","0,04",0,0,"0,04",0,M,18
12,11,202603,202603,SPOX_0083,0,MGS8I,R,4,"14,5","0,00787","0,11",0,0,"0,11",0,M,325
12,11,202603,202602,ULAX_0432,0,MNENI,N,1,"0,5","0,00787",0,0,0,0,0,M,A61
12,11,202603,202603,SPOX_0999,0,2IENI,D,30,"100,5","0,00787","0,76","0,02",0,"0,78",0,F,205
12,11,202603,202603,ULAX_1204,0,4NENL,N,52,"35,1","0,00605","0,25",0,0,"0,25",0,F,998
12,11,202603,202603,ULAX_1201,0,MNENI,N,96,"49,6","0,00787","0,37","0,01",0,"0,38",0,M,430
12,11,202603,202603,SPO_11182,0,2IENI,N,28,"29,9","0,00787","0,24",0,0,"0,24",0,F,431
12,11,202603,202603,ULAX_1204,0,2IENI,S,1,"0,5","0,00787",0,0,0,0,0,F,355
12,11,202603,202603,SPOX_0999,0,2NENI,S,2,1,"0,00787","0,01",0,0,"0,01",0,F,41
12,11,202603,202601,SPO_11366,0,2NENI,D,44,"96,2","0,0078","0,76","0,02",0,"0,78",0,F,361
12,11,202603,202603,ULAX_0432,0, NENV,N,15,"8,8","0,01499","0,15",0,0,"0,15",0,M,30
12,11,202603,202603,SPOX_6716,0,2NENI,D,7,"13,8","0,00787","0,09",0,0,"0,09",0,F,247
12,11,202603,202603,SPOX_0835,0,MNENI,R,15,"81,1","0,0076","0,6","0,02",0,"0,62",0,M,34
12,11,202603,202603,SPOX_0999,0,2NENI,N,1520,"1986,7","0,00787","15,65","0,59",0,"16,24",0,F,298
12,11,202603,202603,ULAX_4728,0, NENV,N,1,"1,4","0,01499","0,02",0,0,"0,02",0,M,B99
12,11,202603,202603,ULAX_0432,0,2NENI,N,1,"0,5","0,00787",0,0,0,0,0,F,705
12,11,202603,202603,ULAX_1204,0,2NENI,R,6,"13,1","0,00787","0,1",0,0,"0,1",0,F,282
12,11,202603,202603,SPOX_0999,0,4NENL,N,45,"28,4","0,00608","0,17",0,0,"0,17",0,F,917
12,11,202603,202603,SPOX_0046,0,4NENL,N,19,"30,1","0,0061","0,18",0,0,"0,18",0,F,11
12,11,202603,202603,SPOX_0999,0,2NENI,D,1117,"1718,6","0,00787","13,53","0,51",0,"14,04",0,F,261
12,11,202603,202603,ULAX_1204,0, NSNV,N,39,"136,7","0,01686","2,3","0,08",0,"2,38",0,M,348
12,11,202603,202603,ULAX_1204,0,2NENI,N,45,"24,3","0,00787","0,17",0,0,"0,17",0,F,83
12,11,202603,202603,SPO_11186,0,1NENI,N,1,"6,7","0,00787","0,05",0,0,"0,05",0,F,431
12,11,202603,202602,ULAX_1201,0,MNENI,D,1,"0,5","0,0078",0,0,0,0,0,M,451
12,11,202603,202603,SPOX_0999,0,2IENI,D,56,"143,6","0,00787","1,14","0,04",0,"1,18",0,F,357
12,11,202603,202603,ULAX_1204,0,4NENL,N,54,"220,2","0,00608","1,33","0,05",0,"1,38",0,F,192
12,11,202603,202603,ULAX_1201,0,MNENI,R,74,"41,6","0,00787","0,31","0,01",0,"0,32",0,M,A61
12,11,202603,202603,ULAX_1204,0,2NENI,D,1187,"1324,3","0,00787","10,43","0,39",0,"10,82",0,F,51
12,11,202603,202603,SPOX_7137,0,1NENI,D,3,"21,9","0,00787","0,18",0,0,"0,18",0,F,319
12,11,202603,202603,SPOX_0999,0,2NENI,S,4,"2,7","0,00787","0,02",0,0,"0,02",0,F,242
12,11,202603,202602,SPOX_0999,0,2NENI,D,1,21,"0,0078","0,16",0,0,"0,16",0,F,62
12,11,202603,202603,ULAX_0432,0, NENV,N,5775,"2942,6","0,01499","44,11","1,67",0,"45,78",0,M,494
12,11,202603,202603,ULAX_1204,0,2NENI,R,33,"16,7","0,00787","0,11",0,0,"0,11",0,F,317
12,11,202603,202603,SPOX_0999,0,4NENL,N,4966,"9158,1","0,00608","55,67","2,11",0,"57,78",0,F,977
12,11,202603,202603,SPOX_0970,0,2NENI,N,1,"0,5","0,00787",0,0,0,0,0,F,203
12,11,202603,202603,SPOX_0999,0,2NENI,N,1525,"1060,8","0,00787","8,34","0,31",0,"8,65",0,F,541
12,11,202603,202603,ULAX_4760,0,2NENI,N,12,"6,5","0,00787","0,01",0,0,"0,01",0,F,31
12,11,202603,202603,ULAX_0432,0,2NENI,R,1,"0,5","0,00787",0,0,0,0,0,F,121
12,11,202603,202603,ULAX_1204,0,2NENI,N,63,"67,8","0,00787","0,5","0,02",0,"0,52",0,F,182
12,11,202603,202603,SPOX_0083,0,2NENI,N,1765,"7367,6","0,00787","57,99","2,19",0,"60,18",0,F,143
12,11,202603,202603,SPOX_0999,0,2NENI,D,82,"71,1","0,00787","0,58","0,02",0,"0,6",0,F,295
12,11,202603,202603,ULAX_4006,0,2NENI,S,14,"99,3","0,00787","0,78","0,02",0,"0,8",0,F,674
12,11,202603,202603,SPO_14639,0,2NENI,N,6,"3,3","0,00787","0,01",0,0,"0,01",0,F,319
12,11,202603,202603,SPO_11230,0,MNENI,R,1,"0,5","0,0076",0,0,0,0,0,M,34
12,11,202603,202603,ULAX_1204,0,2NENI,D,229,"190,7","0,00787","1,51","0,05",0,"1,56",0,F,84
12,11,202603,202602,ULAX_1201,0, NENV,N,4,2,"0,0165","0,03",0,0,"0,03",0,M,A61
12,11,202603,202603,SPOX_0999,0,2IENI,D,2,1,"0,00787",0,0,0,0,0,F,934
12,11,202603,202603,ULAX_1204,0,4NENL,N,6525,"10187,2","0,00608","61,93","2,34",0,"64,27",0,F,265
12,11,202603,202603,ULAX_1201,0, NENV,N,3,"1,5","0,01499","0,02",0,0,"0,02",0,M,453
12,11,202603,202603,SPO_10066,0,2NENI,R,5092,"12837,6","0,00787","101,04","3,82",0,"104,86",0,F,363
12,11,202603,202603,SPOX_0999,0,2NENI,S,10,"44,2","0,00787","0,35","0,01",0,"0,36",0,F,316
12,11,202603,202602,SPOX_0999,0,2NENI,D,4,"7,2","0,00787","0,06",0,0,"0,06",0,F,221
12,11,202603,202603,ULAX_0432,0, NENV,N,2199,"1340,2","0,01686","22,6","0,85",0,"23,45",0,M,451
12,11,202603,202603,ULAX_1204,0,2NENI,R,210,"907,6","0,00787","7,14","0,27",0,"7,41",0,F,661
12,11,202603,202603,SPOX_0999,0,4NENL,R,2,"2,2","0,00423","0,01",0,0,"0,01",0,F,208
12,11,202603,202603,SPOX_0970,0,MNSNI,D,1,"0,8","0,00787","0,01",0,0,"0,01",0,M,34
12,11,202603,202603,SPOX_0999,0,2NENI,N,2751,"9448,5","0,00787","74,36","2,81",0,"77,17",0,F,780
12,11,202603,202603,ULAX_4763,0,1NENI,S,6,"19,1","0,00787","0,16",0,0,"0,16",0,F,355
12,11,202603,202603,ULAX_0432,0,4NENL,N,14,"8,7","0,00605","0,03",0,0,"0,03",0,F,232
12,11,202603,202603,ULAX_1204,0,2NENI,N,16530,"69029,6","0,00787","543,27","20,57",0,"563,84",0,F,227
12,11,202603,202603,SPOX_0999,0,4IENL,R,3,"7,7","0,00423","0,03",0,0,"0,03",0,F,21
12,11,202603,202603,SPOX_0326,0,2NENI,D,156,"279,8","0,00787","2,23","0,08",0,"2,31",0,F,143
12,11,202603,202603,SPOX_0999,0,2NENI,D,3029,"14845,5","0,00787","116,83","4,42",0,"121,25",0,F,431
12,11,202603,202603,ULAX_4039,0,2NENI,N,1,"0,5","0,00787",0,0,0,0,0,F,805
12,11,202603,202603,SPO_14667,0,2NENI,D,4,"3,8","0,00787","0,03",0,0,"0,03",0,F,766
12,11,202603,202603,SPO_11362,0,1NENI,D,1,"2,3","0,00787","0,02",0,0,"0,02",0,F,361
12,11,202603,202603,ULAX_1204,0,2NENI,D,20,"93,9","0,00787","0,73","0,02",0,"0,75",0,F,208
12,11,202603,202602,ULAX_1204,0,2NENI,D,1,"0,5","0,0078",0,0,0,0,0,F,285
12,11,202603,202603,SPOX_0999,0,2IENI,N,336,"944,4","0,00787","7,42","0,28",0,"7,7",0,F,232
12,11,202603,202603,ULAX_1204,0,4NENL,N,10,"7,8","0,00608","0,04",0,0,"0,04",0,F,804
12,11,202603,202603,ULAX_1201,0, NENV,R,4,"3,1","0,01049","0,04",0,0,"0,04",0,M,430
12,11,202603,202603,SPO_10152,0,1NENI,D,1,"0,5","0,00787",0,0,0,0,0,F,143
12,11,202603,202603,SPOX_0999,0,2NENI,S,1,"0,5","0,00787",0,0,0,0,0,F,706
12,11,202603,202603,ULAX_1204,0,2IENI,D,142,"651,2","0,0076","4,96","0,18",0,"5,14",0,F,35
12,11,202603,202602,SPOX_0999,0,2NENI,D,1,"0,5","0,00787",0,0,0,0,0,F,977
12,11,202603,202603,ULAX_0432,0, NENV,R,4,"2,9","0,0118","0,04",0,0,"0,04",0,M,50
12,11,202603,202603,ULAX_1204,0,2NENI,R,29,"74,3","0,00787","0,59","0,02",0,"0,61",0,F,948
12,11,202603,202603,SPOX_0999,0,4NENL,R,1179,3220,"0,00423","13,6","0,51",0,"14,11",0,F,292
12,11,202603,202603,SPOX_0999,0,1NENI,D,1,"6,7","0,00787","0,05",0,0,"0,05",0,F,235
12,11,202603,202603,SPOX_0999,0,2NENI,N,155,"121,9","0,00787","0,96","0,03",0,"0,99",0,F,943
12,11,202603,202603,ULAX_4763,0,2NENI,R,613,"4096,8","0,00787","32,22","1,22",0,"33,44",0,F,355
12,11,202603,202603,ULAX_0432,0,4NENL,N,271,"316,3","0,00608","1,95","0,07",0,"2,02",0,F,121
12,11,202603,202603,ULAX_1204,0,2NENI,N,2077,"2984,7","0,00787","23,48","0,88",0,"24,36",0,F,265
12,11,202603,202603,SPOX_0999,0,4NENL,N,1341,"7590,4","0,00605","45,9","1,74",0,"47,64",0,F,5
12,11,202603,202603,SPOX_0347,0,2NETI,N,1,"1,8","0,00787","0,01",0,0,"0,01",0,F,143
12,11,202603,202603,SPOX_0999,0,2NENI,D,50,"38,3","0,00787","0,29","0,01",0,"0,3",0,F,709
12,11,202603,202603,ULAX_4113,0,4NENL,N,1,"0,7","0,00608",0,0,0,0,0,F,960
12,11,202603,202603,SPO_14673,0,2IENI,D,4,"6,3","0,00787","0,05",0,0,"0,05",0,F,356
12,11,202603,202603,SPO_11364,0,MNENI,N,17,"10,1","0,0076","0,05",0,0,"0,05",0,M,34
12,11,202603,202603,ULAX_1204,0,2NENI,D,398,"1715,9","0,00787","13,49","0,51",0,14,0,F,240
12,11,202603,202602,ULAX_1204,0,2NENI,D,1,"1,4","0,00787","0,01",0,0,"0,01",0,F,255
12,11,202603,202603,SPOX_0999,0,2IENI,N,44,"121,2","0,00787","0,94","0,03",0,"0,97",0,F,431
12,11,202603,202603,ULAX_1204,0,4NENL,N,3666,"6569,3","0,00608","39,96","1,51",0,"41,47",0,F,977
12,11,202603,202603,ULAX_1204,0,1NENI,D,197,"268,1","0,00787","2,12","0,07",0,"2,19",0,F,205
12,11,202603,202603,SPO_10156,0,2NENI,D,8,"18,9","0,00787","0,15",0,0,"0,15",0,F,638
12,11,202603,202603,SPOX_0999,0,4IENL,N,11,"9,1","0,00605","0,07",0,0,"0,07",0,F,5
12,11,202603,202603,ULAX_1204,0,2IENI,D,14,"11,2","0,00787","0,08",0,0,"0,08",0,F,292
12,11,202603,202602,SPOX_0999,0,2NENI,N,1,"5,1","0,00787","0,04",0,0,"0,04",0,F,262
12,11,202603,202603,ULAX_1008,0,2NENI,N,1310,"3158,7","0,00787","24,85","0,94",0,"25,79",0,F,661
12,11,202603,202603,ULAX_1204,0,2NENI,S,115,"318,2","0,00787","2,49","0,09",0,"2,58",0,F,85
12,11,202603,202603,SPOX_0999,0,4NENL,R,18,"14,9","0,00424","0,05",0,0,"0,05",0,F,242
12,11,202603,202603,SPOX_0999,0,1NENI,D,1,"2,4","0,00787","0,02",0,0,"0,02",0,F,317
12,11,202603,202603,SPOX_0999,0,2NENI,N,21,"12,8","0,00787","0,07",0,0,"0,07",0,F,985
12,11,202603,202603,ULAX_5040,0,MNENI,N,1373,"1408,8","0,0076","10,71","0,4",0,"11,11",0,M,349
12,11,202603,202603,ULAX_0432,0,4NENL,N,7,"4,9","0,00608","0,01",0,0,"0,01",0,F,963
12,11,202603,202603,ULAX_1204,0,2NENI,N,1509,"2019,6","0,00787","15,9","0,6",0,"16,5",0,F,298
12,11,202603,202603,SPOX_0999,0,4NENL,N,375,"1394,8","0,00605","8,46","0,31",0,"8,77",0,F,202
12,11,202603,202603,SPOX_0543,0,2NENI,N,1,"2,4","0,00787","0,02",0,0,"0,02",0,F,822
12,11,202603,202603,SPOX_0999,0,2NENI,D,418,"1681,1","0,00787","13,23","0,5",0,"13,73",0,F,842
12,11,202603,202603,ULAX_4202,0,1NSNI,N,1,"2,8","0,00787","0,02",0,0,"0,02",0,F,674
12,11,202603,202603,SPO_14681,0,1NENI,D,5,"6,5","0,00787","0,05",0,0,"0,05",0,F,143
12,11,202603,202603,SPO_11366,0,2NENI,S,66,"92,2","0,00787","0,71","0,02",0,"0,73",0,F,361
12,11,202603,202603,ULAX_1204,0,2NENI,D,13948,"53959,3","0,00787","424,66","16,08",0,"440,74",0,F,271
12,11,202603,202602,ULAX_1204,0,2NENI,N,3,"6,7","0,0078","0,05",0,0,"0,05",0,F,251
12,11,202603,202603,SPOX_0999,0,2IENI,R,2,2,"0,00787","0,01",0,0,"0,01",0,F,47
12,11,202603,202603,ULAX_1204,0,4NENL,R,1,"1,3","0,00423","0,01",0,0,"0,01",0,F,208
12,11,202603,202603,ULAX_1204,0,1NENI,D,1,"0,5","0,00787",0,0,0,0,0,F,298
12,11,202603,202603,SPO_10403,0, NENV,N,7,"4,9","0,01779","0,09",0,0,"0,09",0,M,325
12,11,202603,202603,SPOX_0999,0,4IENL,N,2,"2,7","0,00605","0,01",0,0,"0,01",0,F,981
12,11,202603,202603,ULAX_1204,0,2IENI,D,85,"144,3","0,00787","1,14","0,04",0,"1,18",0,F,674
12,11,202603,202602,SPOX_0999,0,2NENI,S,1,"5,6","0,00787","0,04",0,0,"0,04",0,F,318
12,11,202603,202603,ULAX_1201,0,1NENI,D,1,"0,5","0,00787",0,0,0,0,0,F,31
12,11,202603,202603,ULAX_1204,0,2NENI,S,34,"102,3","0,00787","0,8","0,03",0,"0,83",0,F,262
12,11,202603,202603,SPOX_0999,0,4NENL,R,66,195,"0,00425","0,82","0,03",0,"0,85",0,F,255
12,11,202603,202603,SPOX_0999,0,1NENI,D,4,2,"0,00787",0,0,0,0,0,F,921
12,11,202603,202603,SPOX_0999,0,2NENI,R,12,"6,4","0,00787","0,05",0,0,"0,05",0,F,67
12,11,202603,202603,ULAX_0432,0,MNENI,D,173,"123,8","0,00787","0,97","0,03",0,1,0,M,6
12,11,202603,202603,ULAX_1204,0,2NENI,N,1,"0,5","0,00787",0,0,0,0,0,F,505
12,11,202603,202603,SPOX_0999,0,4NENL,N,1588,"1158,1","0,00605","6,99","0,26",0,"7,25",0,F,279
12,11,202603,202603,SPOX_0543,0, NENV,N,75,"65,4","0,01499","0,95","0,03",0,"0,98",0,M,34
12,11,202603,202603,SPOX_0999,0,2NENI,D,2,"1,6","0,00787","0,01",0,0,"0,01",0,F,963
12,11,202603,202603,SPO_14681,0,MNENI,D,3,"9,5","0,0076","0,06",0,0,"0,06",0,M,325
12,11,202603,202603,SPO_11370,0,2NENI,S,2,"2,1","0,00787","0,02",0,0,"0,02",0,F,361
12,11,202603,202603,ULAX_1204,0,2NENI,D,959,"1496,4","0,00787","11,76","0,44",0,"12,2",0,F,317
12,11,202603,202602,ULAX_1204,0,2NENI,N,2,1,"0,00787",0,0,0,0,0,F,674
12,11,202603,202603,SPOX_0999,0,2IENI,R,11,"29,6","0,00787","0,24",0,0,"0,24",0,F,357
12,11,202603,202603,ULAX_1204,0,4NENL,R,2,"4,1","0,00423","0,02",0,0,"0,02",0,F,544
12,11,202603,202603,ULAX_1204,0,1NENI,D,2,1,"0,00787",0,0,0,0,0,F,921
12,11,202603,202603,SPO_10617,0,2NENI,D,1,"0,5","0,00787",0,0,0,0,0,F,212
12,11,202603,202603,ULAX_1204,0,2IENI,N,67,"303,5","0,0076","2,3","0,08",0,"2,38",0,F,35
12,11,202603,202602,SPOX_0999,0,4NENL,N,1,"9,5","0,00605","0,06",0,0,"0,06",0,F,91
12,11,202603,202603,ULAX_1201,0,2NENI,D,5,"2,5","0,00787",0,0,0,0,0,F,207
12,11,202603,202603,SPOX_0999,0,2NENI,R,5,"9,5","0,00787","0,08",0,0,"0,08",0,F,208
12,11,202603,202603,ULAX_1204,0,2NENI,S,16,"112,5","0,00787","0,89","0,03",0,"0,92",0,F,356
12,11,202603,202603,SPOX_0999,0,4NENL,R,27,112,"0,00425","0,46","0,01",0,"0,47",0,F,948
12,11,202603,202603,SPOX_0999,0,1NENI,N,124,"178,6","0,00787","1,37","0,05",0,"1,42",0,F,205
12,11,202603,202603,ULAX_0432,0,MNENI,D,614,"453,9","0,00787","3,56","0,13",0,"3,69",0,M,A34
12,11,202603,202603,SPOX_0999,0,2NENI,D,20,"24,5","0,00787","0,17",0,0,"0,17",0,F,984
12,11,202603,202603,ULAX_4721,0,MNENI,D,7029,"9173,9","0,0076","69,71","2,63",0,"72,34",0,M,34
12,11,202603,202603,ULAX_1204,0,2NENI,N,1452,"2759,3","0,00787","21,74","0,82",0,"22,56",0,F,767
12,11,202603,202603,SPOX_0999,0,4NENL,N,4,"2,6","0,00605","0,02",0,0,"0,02",0,F,606
12,11,202603,202603,SPOX_0551,0,2NENI,N,5254,"13149,9","0,00787","103,5","3,92",0,"107,42",0,F,351
12,11,202603,202603,ULAX_0432,0,1NENI,N,1,"0,5","0,00787",0,0,0,0,0,F,232
12,11,202603,202603,ULAX_1204,0,4NENL,R,11,"7,6","0,00423","0,02",0,0,"0,02",0,F,983
12,11,202603,202603,SPO_11402,0,4NENL,N,1,"1,3","0,0061","0,01",0,0,"0,01",0,F,766
12,11,202603,202603,ULAX_1204,0,2NENI,D,197,"580,1","0,00787","4,56","0,17",0,"4,73",0,F,470
12,11,202603,202602,ULAX_1204,0,4NENL,N,4,4,"0,00598","0,01",0,0,"0,01",0,F,271
12,11,202603,202603,ULAX_1204,0,1NENI,N,35,41,"0,00787","0,31","0,01",0,"0,32",0,F,221
12,11,202603,202603,ULAX_1204,0,4NENL,N,183,"263,5","0,00605","1,59","0,06",0,"1,65",0,F,91
12,11,202603,202603,SPO_10802,0,2NENI,D,1038,3338,"0,00787","26,26","0,99",0,"27,25",0,F,317
12,11,202603,202603,ULAX_1204,0,2IENI,N,1,"0,5","0,00787",0,0,0,0,0,F,316
12,11,202603,202602,SPOX_0999,0,4NENL,N,4,"2,6","0,00608","0,02",0,0,"0,02",0,F,294
12,11,202603,202603,ULAX_1201,0,2NENI,N,4,"2,9","0,00787","0,01",0,0,"0,01",0,F,709
12,11,202603,202603,SPOX_0999,0,2NENI,R,404,"1279,8","0,00787","10,04","0,38",0,"10,42",0,F,262
12,11,202603,202603,ULAX_1204,0,2NENI,S,2,"2,2","0,00787","0,01",0,0,"0,01",0,F,948
12,11,202603,202603,SPOX_0999,0,MNENI,N,261,"143,5","0,00787","1,14","0,04",0,"1,18",0,M,6
12,11,202603,202603,ULAX_0432,0,MNENI,N,3,"23,1","0,00787","0,18",0,0,"0,18",0,M,78
12,11,202603,202603,SPOX_0999,0,2NENI,N,120,"71,9","0,00787","0,58","0,02",0,"0,6",0,F,65
12,11,202603,202603,ULAX_4721,0, NENV,N,36,"73,8","0,01499","1,11","0,04",0,"1,15",0,M,76
12,11,202603,202603,ULAX_1204,0,2NENI,N,35,"21,6","0,00787","0,15",0,0,"0,15",0,F,934
12,11,202603,202603,SPOX_0999,0,4NENL,N,102,"125,1","0,00605","0,77","0,02",0,"0,79",0,F,971
12,11,202603,202603,SPOX_0551,0, NENV,R,2,1,"0,01049","0,02",0,0,"0,02",0,M,34
12,11,202603,202603,ULAX_0432,0,2NENI,D,63,"36,1","0,00787","0,29","0,01",0,"0,3",0,F,62
12,11,202603,202603,SPOX_0999,0,2IENI,S,2,"11,6","0,00787","0,09",0,0,"0,09",0,F,431
12,11,202603,202603,ULAX_1204,0,4NENL,R,2,"2,1","0,00425","0,01",0,0,"0,01",0,F,224
12,11,202603,202603,SPO_11462,0,2NENI,N,531,"938,6","0,00787","7,39","0,27",0,"7,66",0,F,351
12,11,202603,202603,ULAX_1204,0,2NENI,D,167,"274,7","0,00787","2,17","0,08",0,"2,25",0,F,738
12,11,202603,202602,ULAX_1204,0,4NENL,N,1,"2,8","0,00605","0,02",0,0,"0,02",0,F,780
12,11,202603,202603,ULAX_1204,0,1NENI,N,143,399,"0,00787","3,13","0,11",0,"3,24",0,F,355
12,11,202603,202603,SPOX_0999,0,1NENI,N,81,"51,6","0,00787","0,42","0,01",0,"0,43",0,F,705
12,11,202603,202603,ULAX_1204,0,4NENL,N,662,"2594,4","0,00605","15,69","0,59",0,"16,28",0,F,240
12,11,202603,202603,SPO_10810,0,MNSNI,D,1,"6,2","0,00787","0,05",0,0,"0,05",0,M,348
12,11,202603,202603,ULAX_1204,0,2IENI,N,2,1,"0,00787",0,0,0,0,0,F,767
12,11,202603,202602,SPOX_6698,0,2NENI,N,2,"2,5","0,0078","0,02",0,0,"0,02",0,F,363
12,11,202603,202603,ULAX_1201,0,4NENL,N,9,"5,1","0,00608","0,01",0,0,"0,01",0,F,207
12,11,202603,202603,SPOX_0999,0,2NENI,R,1,"0,9","0,00787","0,01",0,0,"0,01",0,F,296
12,11,202603,202603,ULAX_1204,0,4IENL,N,63,"166,6","0,00605","1,02","0,03",0,"1,05",0,F,285
12,11,202603,202603,SPOX_0999,0, NENV,N,3,"1,9","0,01686","0,04",0,0,"0,04",0,M,461
12,11,202603,202603,ULAX_0432,0,MNENI,N,8,4,"0,00787","0,03",0,0,"0,03",0,M,498
12,11,202603,202603,SPOX_0811,0,MNENI,R,22,"123,5","0,0076","0,91","0,03",0,"0,94",0,M,34
12,11,202603,202603,SPOX_0999,0,2NENI,N,49,"27,5","0,00787","0,21",0,0,"0,21",0,F,182
12,11,202603,202603,ULAX_4726,0,1NSNI,D,9,"41,4","0,00787","0,33","0,01",0,"0,34",0,F,355
12,11,202603,202603,ULAX_1204,0,2NENI,N,13,"12,8","0,00787","0,07",0,0,"0,07",0,F,984
12,11,202603,202603,SPOX_0999,0,4NENL,N,184,"280,7","0,00608","1,7","0,06",0,"1,76",0,F,41
12,11,202603,202603,ULAX_0432,0,2NENI,D,62,"49,6","0,00787","0,4","0,01",0,"0,41",0,F,607
12,11,202603,202602,ULAX_1204,0,4NENL,N,2,1,"0,00608","0,01",0,0,"0,01",0,F,977
12,11,202603,202603,SPOX_0999,0,2NENI,D,486,"622,6","0,00787","4,89","0,18",0,"5,07",0,F,67
12,11,202603,202603,ULAX_1204,0,4NENL,R,17,"74,1","0,00425","0,31","0,01",0,"0,32",0,F,842
12,11,202603,202603,SPO_11466,0,2NENI,N,48,"89,8","0,00787","0,71","0,02",0,"0,73",0,F,351
12,11,202603,202603,ULAX_1204,0,2NENI,D,757,"510,3","0,00787","4,01","0,15",0,"4,16",0,F,865
12,11,202603,202603,ULAX_1204,0,1NENI,R,3,"3,5","0,00787","0,03",0,0,"0,03",0,F,21
12,11,202603,202603,SPOX_0999,0,1NENI,R,5,"8,9","0,00787","0,07",0,0,"0,07",0,F,51
12,11,202603,202603,ULAX_1204,0,4NENL,N,4,2,"0,00605","0,02",0,0,"0,02",0,F,428
12,11,202603,202603,SPO_11144,0,2NENI,N,2,"23,5","0,00787","0,18",0,0,"0,18",0,F,206
12,11,202603,202603,ULAX_1204,0,2IENI,R,8,"15,1","0,00787","0,11",0,0,"0,11",0,F,281
12,11,202603,202603,ULAX_1201,0,MNENI,D,5,"3,2","0,00787","0,02",0,0,"0,02",0,M,29
12,11,202603,202603,SPOX_0999,0,2NENI,R,3,"2,8","0,00787","0,01",0,0,"0,01",0,F,541
12,11,202603,202603,ULAX_1204,0,4IENL,N,5,"3,2","0,00608","0,02",0,0,"0,02",0,F,941
12,11,202603,202603,SPOX_6694,0,2NENI,D,5,"2,8","0,00787","0,02",0,0,"0,02",0,F,766
12,11,202603,202603,ULAX_0432,0,MNENI,R,208,"107,7","0,00787","0,83","0,03",0,"0,86",0,M,451
12,11,202603,202603,SPOX_0823,0,1NENI,D,6,"20,3","0,00787","0,16",0,0,"0,16",0,F,251
12,11,202603,202603,SPOX_0999,0,2NENI,N,16707,"69266,1","0,00787","545,11","20,64",0,"565,75",0,F,227
12,11,202603,202603,ULAX_4726,0,4NENL,N,2,"2,3","0,00605","0,01",0,0,"0,01",0,F,925
12,11,202603,202603,ULAX_1204,0,2NENI,R,21,"26,1","0,00787","0,21",0,0,"0,21",0,F,81
12,11,202603,202603,SPOX_0999,0,4NENL,N,1138,"704,6","0,00608","4,28","0,16",0,"4,44",0,F,224
12,11,202603,202603,ULAX_0432,0,2NENI,D,92,"55,3","0,00787","0,4","0,01",0,"0,41",0,F,960
12,11,202603,202602,ULAX_4202,0,2NENI,D,1,"0,5","0,0078",0,0,0,0,0,F,674
12,11,202603,202603,SPOX_0999,0,2NENI,D,23,"143,4","0,00787","1,12","0,04",0,"1,16",0,F,192
12,11,202603,202603,ULAX_1204,0,MNENI,D,1,"0,6","0,00787",0,0,0,0,0,M,461
12,11,202603,202603,SPO_12218,0,2NENI,R,21,35,"0,00787","0,27","0,01",0,"0,28",0,F,361
12,11,202603,202603,ULAX_1204,0,2NENI,D,147,"88,1","0,00787","0,68","0,02",0,"0,7",0,F,967
12,11,202603,202602,ULAX_0432,0,2NENI,D,1,"0,5","0,0078",0,0,0,0,0,F,951
12,11,202603,202603,SPOX_0999,0,1NENI,S,4,"3,2","0,00787","0,02",0,0,"0,02",0,F,232
12,11,202603,202603,ULAX_1204,0,4NENL,N,1,"0,5","0,00605",0,0,0,0,0,F,810
12,11,202603,202603,SPO_11144,0, NENV,N,1,"0,5","0,01686","0,01",0,0,"0,01",0,M,44
12,11,202603,202603,ULAX_1204,0,2IENI,R,2,"1,1","0,00787",0,0,0,0,0,F,432
12,11,202603,202603,ULAX_1201,0,MNENI,D,820,"530,8","0,00787","4,18","0,15",0,"4,33",0,M,A61
12,11,202603,202603,SPOX_0999,0,2NENI,R,5,"3,2","0,00787","0,03",0,0,"0,03",0,F,931
12,11,202603,202603,ULAX_1204,0,4IENL,R,2,"3,9","0,00425","0,02",0,0,"0,02",0,F,47
12,11,202603,202603,SPOX_6698,0,2NENI,S,114,"113,9","0,00787","0,9","0,03",0,"0,93",0,F,363
12,11,202603,202603,ULAX_0432,0,MNENI,R,85,"44,3","0,00787","0,33","0,01",0,"0,34",0,M,A61
12,11,202603,202603,SPOX_0823,0,4NENL,N,1,"6,6","0,00608","0,04",0,0,"0,04",0,F,757
12,11,202603,202603,SPOX_0999,0,2NENI,N,2186,"3293,2","0,00787","25,92","0,98",0,"26,9",0,F,265
12,11,202603,202603,ULAX_4728,0,MNENI,D,25,"16,1","0,00787","0,11",0,0,"0,11",0,M,76
12,11,202603,202603,ULAX_1204,0,2NENI,R,3004,"10972,5","0,00787","86,37","3,27",0,"89,64",0,F,227
12,11,202603,202603,SPOX_0999,0,4NENL,N,50,"53,8","0,00608","0,32","0,01",0,"0,33",0,F,695
12,11,202603,202603,ULAX_0432,0,2NENI,N,1,"0,5","0,00787",0,0,0,0,0,F,226
12,11,202603,202602,ULAX_4728,0,MNENI,D,1,"0,5","0,0076",0,0,0,0,0,M,34
12,11,202603,202603,SPOX_0999,0,2NENI,D,65158,"272237,5","0,00787","2142,53","81,15",0,"2223,68",0,F,232
12,11,202603,202603,ULAX_1204,0,MNSNI,N,10,"8,7","0,00787","0,06",0,0,"0,06",0,M,34
12,11,202603,202603,ULAX_1204,0,2NENI,N,4630,"11032,4","0,00787","86,8","3,28",0,"90,08",0,F,21
12,11,202603,202603,SPOX_0999,0,2NENI,N,608,"394,9","0,00787","3,08","0,11",0,"3,19",0,F,284
12,11,202603,202603,ULAX_4728,0,MNENI,R,912,"4583,2","0,0076","34,85","1,31",0,"36,16",0,M,34
12,11,202603,202603,ULAX_1204,0,2NENI,R,2628,"10315,2","0,00787","81,19","3,07",0,"84,26",0,F,251
12,11,202603,202603,SPOX_0999,0,4NENL,N,4,"6,7","0,00608","0,04",0,0,"0,04",0,F,764
12,11,202603,202603,ULAX_0432,0,2NENI,N,39,"24,9","0,00787","0,19",0,0,"0,19",0,F,361
12,11,202603,202602,ULAX_4763,0,2NENI,N,1,"0,7","0,0078","0,01",0,0,"0,01",0,F,355
12,11,202603,202603,SPOX_0999,0,2NENI,D,2,4,"0,00787","0,03",0,0,"0,03",0,F,244
12,11,202603,202603,ULAX_1204,0, NENV,N,569,"331,5","0,01686","5,58","0,21",0,"5,79",0,M,50
12,11,202603,202603,ULAX_1204,0,2NENI,N,5,"2,5","0,00787","0,01",0,0,"0,01",0,F,55
12,11,202603,202602,ULAX_0432,0, NENV,N,2,"7,2","0,01686","0,12",0,0,"0,12",0,M,50
12,11,202603,202603,SPOX_0999,0,2IENI,D,34,"24,3","0,00787","0,19",0,0,"0,19",0,F,292
12,11,202603,202603,ULAX_1204,0,4NENL,N,1759,"1848,7","0,00608","11,23","0,42",0,"11,65",0,F,51
12,11,202603,202603,ULAX_1201,0,MNENI,N,1086,"655,5","0,00787","5,15","0,19",0,"5,34",0,M,A34
12,11,202603,202603,ULAX_1204,0,2ISNI,D,3,"1,5","0,0076","0,01",0,0,"0,01",0,F,48
12,11,202603,202603,SPOX_0999,0,2NENI,S,216,"424,1","0,00787","3,32","0,12",0,"3,44",0,F,205
12,11,202603,202602,SPOX_0348,0,2NENI,D,4,"16,5","0,0078","0,13",0,0,"0,13",0,F,143
12,11,202603,202603,ULAX_0432,0, NENV,N,5,"2,5","0,01499","0,04",0,0,"0,04",0,M,76
12,11,202603,202603,ULAX_1204,0,2NENI,R,6,"19,6","0,00787","0,15",0,0,"0,15",0,F,284
12,11,202603,202603,SPOX_0970,0,1NENI,N,4,3,"0,00787","0,02",0,0,"0,02",0,F,143
12,11,202603,202603,SPOX_0999,0,2NENI,N,724,"3859,8","0,00787","30,39","1,15",0,"31,54",0,F,356
12,11,202603,202603,ULAX_4760,0,1NENI,N,3,"9,6","0,00787","0,08",0,0,"0,08",0,F,767
12,11,202603,202603,ULAX_0432,0,2NENI,N,31,"16,5","0,00787","0,1",0,0,"0,1",0,F,925
12,11,202603,202603,SPOX_0999,0,4NENL,N,100,"68,5","0,00608","0,44","0,01",0,"0,45",0,F,965
12,11,202603,202603,SPOX_0083,0,1NENI,D,12,28,"0,00787","0,23",0,0,"0,23",0,F,143
12,11,202603,202603,SPOX_0999,0,2NENI,D,1826,"1309,6","0,00787","10,31","0,39",0,"10,7",0,F,282
12,11,202603,202603,ULAX_2826,0,2NENI,N,6,"37,1","0,00787","0,29","0,01",0,"0,3",0,F,934
12,11,202603,202603,SPO_13918,0,2NENI,R,211,"566,3","0,00787","4,46","0,16",0,"4,62",0,F,318
12,11,202603,202603,SPO_11230,0,2NENI,N,4,"22,7","0,00787","0,18",0,0,"0,18",0,F,71
12,11,202603,202602,ULAX_1201,0,MNENI,N,2,"1,1","0,00787",0,0,0,0,0,M,6
12,11,202603,202603,SPOX_0999,0,2IENI,D,88,287,"0,00787","2,27","0,08",0,"2,35",0,F,661
12,11,202603,202603,ULAX_1204,0,4NENL,N,12370,"20896,5","0,00608","127,04","4,81",0,"131,85",0,F,241
12,11,202603,202603,ULAX_1201,0, NENV,N,2,1,"0,01499","0,02",0,0,"0,02",0,M,20
12,11,202603,202603,ULAX_1204,0,2NENI,D,18,15,"0,00787","0,11",0,0,"0,11",0,F,79
12,11,202603,202603,SPOX_9684,0,2NSNI,D,13,65,"0,00787","0,51","0,01",0,"0,52",0,F,317
12,11,202603,202603,SPOX_0999,0,2NENI,S,3,"3,7","0,00787","0,03",0,0,"0,03",0,F,267
12,11,202603,202602,SPOX_0999,0,2NENI,D,2,1,"0,0078","0,01",0,0,"0,01",0,F,271
12,11,202603,202603,ULAX_0432,0, NENV,N,754,"399,7","0,01499","5,97","0,22",0,"6,19",0,M,B99
12,11,202603,202603,ULAX_1204,0,2NENI,R,1,"0,5","0,00787",0,0,0,0,0,F,359
12,11,202603,202603,SPOX_0999,0,4NENL,R,775,"1485,4","0,00423","6,29","0,23",0,"6,52",0,F,21
12,11,202603,202603,SPOX_0970,0,4NENL,N,5,"2,7","0,0061",0,0,0,0,0,F,11
12,11,202603,202603,SPOX_0999,0,2NENI,N,17,"15,9","0,00787","0,12",0,0,"0,12",0,F,695
12,11,202603,202603,ULAX_4760,0,2NENI,S,3,"42,6","0,00787","0,32","0,01",0,"0,33",0,F,355
12,11,202603,202603,ULAX_0432,0,2NENI,R,2,1,"0,00787",0,0,0,0,0,F,951
12,11,202603,202603,ULAX_1204,0,2NENI,N,15,"21,4","0,00787","0,16",0,0,"0,16",0,F,208
12,11,202603,202603,SPOX_0999,0,4IENL,N,38,"110,4","0,00608","0,67","0,02",0,"0,69",0,F,62
12,11,202603,202603,SPOX_0083,0,2NENI,S,19,"20,5","0,00787","0,15",0,0,"0,15",0,F,143
12,11,202603,202603,SPOX_0999,0,2NENI,D,7040,"15482,8","0,00787","121,85","4,61",0,"126,46",0,F,351
12,11,202603,202603,ULAX_4030,0,MNENI,R,7,"3,5","0,0076","0,02",0,0,"0,02",0,M,34
12,11,202603,202603,SPO_14657,0, NENV,N,27,"77,3","0,01779","1,39","0,05",0,"1,44",0,M,325
12,11,202603,202603,SPO_11232,0,2NENI,N,234,"688,1","0,00787","5,42","0,2",0,"5,62",0,F,317
12,11,202603,202603,ULAX_1204,0,2NENI,D,56,"49,3","0,00787","0,4","0,01",0,"0,41",0,F,98
12,11,202603,202602,ULAX_1204,0,2NENI,D,1,"0,5","0,0078",0,0,0,0,0,F,5
12,11,202603,202603,SPOX_0999,0,2IENI,N,74,"288,9","0,0076","2,17","0,08",0,"2,25",0,F,35
12,11,202603,202603,ULAX_1204,0,4NENL,N,1306,"1167,7","0,00608","7,09","0,26",0,"7,35",0,F,706
12,11,202603,202603,ULAX_1201,0, NENV,N,2,1,"0,01686","0,02",0,0,"0,02",0,M,45
12,11,202603,202603,SPO_10092,0,2NENI,D,2,"32,2","0,00787","0,25",0,0,"0,25",0,F,209
12,11,202603,202603,SPOX_0999,0,2NENI,S,12,"15,6","0,00787","0,12",0,0,"0,12",0,F,357
12,11,202603,202603,ULAX_1204,0,1NENI,R,1,"0,5","0,00787",0,0,0,0,0,F,757
12,11,202603,202602,SPOX_0999,0,2NENI,D,1,"0,5","0,00787",0,0,0,0,0,F,284
12,11,202603,202603,ULAX_0432,0, NENV,R,1,"0,5","0,01049","0,01",0,0,"0,01",0,M,39
12,11,202603,202603,ULAX_1204,0,2NENI,R,620,"4086,3","0,00787","32,15","1,21",0,"33,36",0,F,780
12,11,202603,202603,SPOX_0999,0,4NENL,R,1664,"8571,1","0,00423","36,26","1,37",0,"37,63",0,F,271
12,11,202603,202603,SPOX_0999,0,1NENI,D,118,"231,7","0,00787","1,81","0,06",0,"1,87",0,F,31
12,11,202603,202603,SPOX_0999,0,2NENI,N,371,"212,9","0,00787","1,65","0,06",0,"1,71",0,F,865
12,11,202603,202603,ULAX_4763,0,1NSNI,S,1,"0,5","0,00787",0,0,0,0,0,F,35
12,11,202603,202603,ULAX_0432,0,4NENL,N,5,"5,1","0,00605","0,02",0,0,"0,02",0,F,807
12,11,202603,202603,ULAX_1204,0,2NENI,N,1,"0,5","0,00787",0,0,0,0,0,F,245
12,11,202603,202603,SPOX_0999,0,4IENL,R,3,"4,6","0,00423","0,02",0,0,"0,02",0,F,292
12,11,202603,202603,SPOX_0326,0,2NENI,S,2,"2,6","0,00787","0,02",0,0,"0,02",0,F,143
12,11,202603,202603,SPOX_0999,0,2NENI,D,3,"2,1","0,00787","0,01",0,0,"0,01",0,F,606
12,11,202603,202603,ULAX_4039,0, NENV,N,25,"23,8","0,01499","0,36","0,01",0,"0,37",0,M,34
12,11,202603,202603,SPO_14667,0,4NENL,N,1,"0,5","0,0061",0,0,0,0,0,F,203
12,11,202603,202603,SPO_11362,0,2NENI,D,12,"31,5","0,00787","0,24",0,0,"0,24",0,F,804
12,11,202603,202603,ULAX_1204,0,2NENI,D,46737,"248067,3","0,00787","1952,28","73,95",0,"2026,23",0,F,221
12,11,202603,202602,ULAX_1204,0,2NENI,D,1,"0,5","0,0078",0,0,0,0,0,F,706
12,11,202603,202603,SPOX_0999,0,2IENI,N,17,"42,7","0,00787","0,33","0,01",0,"0,34",0,F,318
12,11,202603,202603,ULAX_1204,0,4NENL,N,614,"982,1","0,00608","5,98","0,22",0,"6,2",0,F,948
12,11,202603,202603,ULAX_1204,0,1NENI,D,91,"286,7","0,00787","2,24","0,08",0,"2,32",0,F,5
12,11,202603,202603,SPO_10152,0,2NENI,N,1,"5,9","0,00787","0,05",0,0,"0,05",0,F,638
12,11,202603,202603,SPOX_0999,0,2NENI,S,5,4,"0,00787","0,02",0,0,"0,02",0,F,941
12,11,202603,202603,ULAX_1204,0,2IENI,D,1,"0,5","0,00787",0,0,0,0,0,F,47
12,11,202603,202602,SPOX_0999,0,2NENI,N,1,"0,7","0,0078","0,01",0,0,"0,01",0,F,294
12,11,202603,202603,ULAX_0953,0,2NENI,D,635,"2795,3","0,00787","21,99","0,83",0,"22,82",0,F,674
12,11,202603,202603,ULAX_1204,0,2NENI,R,2,"6,6","0,00787","0,05",0,0,"0,05",0,F,981
12,11,202603,202603,SPOX_0999,0,4NENL,R,431,"2518,1","0,00423","10,63","0,4",0,"11,03",0,F,780
12,11,202603,202603,SPOX_0999,0,1NENI,D,80,"62,2","0,00787","0,48","0,01",0,"0,49",0,F,262
12,11,202603,202603,SPOX_0999,0,2NENI,N,3,"1,5","0,00787",0,0,0,0,0,F,968
12,11,202603,202603,ULAX_4763,0,2NSNI,R,5,"40,5","0,00787","0,31","0,01",0,"0,32",0,F,355
12,11,202603,202603,ULAX_0432,0,4NENL,N,2,1,"0,00608","0,01",0,0,"0,01",0,F,265
12,11,202603,202603,ULAX_1204,0,2NENI,N,567,"371,4","0,00787","2,92","0,11",0,"3,03",0,F,284
12,11,202603,202603,SPOX_0999,0,4NENL,N,54,"28,9","0,00605","0,19",0,0,"0,19",0,F,82
12,11,202603,202603,SPOX_0348,0,2NENI,S,1,"0,5","0,00787",0,0,0,0,0,F,143
12,11,202603,202603,SPOX_0999,0,2NENI,D,1,"6,3","0,00787","0,05",0,0,"0,05",0,F,802
12,11,202603,202603,ULAX_4113,0,MNENI,S,1,"0,5","0,0076",0,0,0,0,0,M,348
12,11,202603,202603,SPO_14679,0,1NSNI,D,10,"44,5","0,00787","0,36","0,01",0,"0,37",0,F,363
12,11,202603,202603,SPO_11366,0,1NENI,R,3,"9,8","0,00787","0,08",0,0,"0,08",0,F,361
12,11,202603,202603,ULAX_1204,0,2NENI,D,1,"0,5","0,00787",0,0,0,0,0,F,249
12,11,202603,202602,ULAX_1204,0,2NENI,D,2,1,"0,00787","0,01",0,0,"0,01",0,F,674
12,11,202603,202603,SPOX_0999,0,2IENI,N,7,49,"0,00787","0,39","0,01",0,"0,4",0,F,842
12,11,202603,202603,ULAX_1204,0,4NENL,R,82,"555,5","0,00423","2,34","0,08",0,"2,42",0,F,5
12,11,202603,202603,ULAX_1204,0,1NENI,D,60,"201,7","0,00787","1,55","0,06",0,"1,61",0,F,247
12,11,202603,202603,SPO_10156,0,4NENL,N,9,"20,3","0,0061","0,12",0,0,"0,12",0,F,638
12,11,202603,202603,SPOX_0999,0,4IENL,N,12,"23,9","0,00605","0,14",0,0,"0,14",0,F,284
12,11,202603,202603,ULAX_1204,0,2IENI,D,7,"30,7","0,00787","0,24",0,0,"0,24",0,F,356
12,11,202603,202602,SPOX_0999,0,2NENI,N,1,"4,9","0,00787","0,04",0,0,"0,04",0,F,355
12,11,202603,202603,ULAX_1008,0,4NENL,R,2,1,"0,00425",0,0,0,0,0,F,61
12,11,202603,202603,ULAX_1204,0,2NENI,S,261,"669,1","0,00787","5,27","0,19",0,"5,46",0,F,227
12,11,202603,202603,SPOX_0999,0,4NENL,R,12,"6,4","0,00425","0,03",0,0,"0,03",0,F,67
12,11,202603,202603,SPOX_0999,0,1NENI,D,1,"17,8","0,00787","0,14",0,0,"0,14",0,F,431
12,11,202603,202603,SPOX_0999,0,2NENI,R,332,"934,9","0,00787","7,34","0,27",0,"7,61",0,F,27
12,11,202603,202603,ULAX_5040,0, NENV,N,3345,"3337,5","0,01686","56,23","2,13",0,"58,36",0,M,349
12,11,202603,202603,ULAX_0432,0,4NENL,R,9,"5,6","0,00423","0,02",0,0,"0,02",0,F,931
12,11,202603,202603,ULAX_1204,0,2NENI,N,747,"4242,5","0,00787","33,39","1,26",0,"34,65",0,F,356
12,11,202603,202603,SPOX_0999,0,4NENL,N,48768,207468,"0,00605","1255,19","47,55",0,"1302,74",0,F,227
12,11,202603,202603,SPOX_0543,0,4NENL,N,3,"6,6","0,00605","0,04",0,0,"0,04",0,F,202
12,11,202603,202603,SPOX_0999,0,2NENI,D,104,"177,3","0,00787","1,37","0,05",0,"1,42",0,F,927
12,11,202603,202603,ULAX_4202,0,2NENI,S,56,"29,3","0,00787","0,19",0,0,"0,19",0,F,674
12,11,202603,202603,SPO_14681,0,2NENI,N,411,1575,"0,00787","12,39","0,46",0,"12,85",0,F,143
12,11,202603,202603,SPO_11368,0,MNENI,R,2,"1,4","0,0076","0,01",0,0,"0,01",0,M,34
12,11,202603,202603,ULAX_1204,0,2NENI,D,915,"633,6","0,00787","5,01","0,18",0,"5,19",0,F,286
12,11,202603,202602,ULAX_1204,0,2NENI,N,3,"10,8","0,00787","0,09",0,0,"0,09",0,F,221
12,11,202603,202603,SPOX_0999,0,2IENI,R,6,"37,6","0,00787","0,29","0,01",0,"0,3",0,F,285
12,11,202603,202603,ULAX_1204,0,4NENL,R,80,"106,7","0,00423","0,44","0,01",0,"0,45",0,F,281
12,11,202603,202603,ULAX_1204,0,1NENI,D,47,"68,7","0,00787","0,53","0,02",0,"0,55",0,F,363
12,11,202603,202603,SPO_10417,0,MNENI,N,2,1,"0,0076",0,0,0,0,0,M,325
12,11,202603,202603,ULAX_1204,0,2IENI,D,27,"15,3","0,00787","0,1",0,0,"0,1",0,F,931
12,11,202603,202602,SPOX_0999,0,4NENL,N,1,"9,9","0,00598","0,06",0,0,"0,06",0,F,292
12,11,202603,202603,ULAX_1201,0,1NENI,N,15,"9,6","0,00787","0,08",0,0,"0,08",0,F,951
12,11,202603,202603,ULAX_1204,0,2NENI,S,9,"12,3","0,00787","0,09",0,0,"0,09",0,F,291
12,11,202603,202603,SPOX_0999,0,4NENL,R,135,"290,1","0,00425","1,21","0,04",0,"1,25",0,F,470
12,11,202603,202603,SPOX_0999,0,1NENI,N,28,"130,2","0,00787","1,01","0,03",0,"1,04",0,F,5
12,11,202603,202603,ULAX_0432,0,MNENI,D,275,"150,6","0,00787","1,16","0,04",0,"1,2",0,M,69
12,11,202603,202603,ULAX_4202,0, NENV,N,60,"31,3","0,01686","0,57","0,02",0,"0,59",0,M,348
12,11,202603,202603,ULAX_1204,0,2NENI,N,7,"3,8","0,00787","0,02",0,0,"0,02",0,F,695
12,11,202603,202603,SPOX_0999,0,4NENL,N,2484,"3942,7","0,00605","23,85","0,9",0,"24,75",0,F,291
12,11,202603,202603,SPOX_0545,0,2NENI,R,2,"2,9","0,00787","0,02",0,0,"0,02",0,F,351
12,11,202603,202603,SPOX_0999,0,2NENI,D,4,2,"0,00787","0,01",0,0,"0,01",0,F,979
12,11,202603,202603,ULAX_0432,0,1NENI,D,6,"9,9","0,00787","0,08",0,0,"0,08",0,F,361
12,11,202603,202603,SPO_11402,0,2NENI,D,481,"919,2","0,00787","7,23","0,27",0,"7,5",0,F,143
12,11,202603,202603,ULAX_1204,0,2NENI,D,504,864,"0,00787","6,77","0,25",0,"7,02",0,F,359
12,11,202603,202602,ULAX_1204,0,2NENI,R,2,7,"0,0078","0,05",0,0,"0,05",0,F,780
12,11,202603,202603,SPOX_0999,0,2IENI,R,11,"23,9","0,00787","0,18",0,0,"0,18",0,F,674
12,11,202603,202603,ULAX_1204,0,1NENI,N,33,"73,2","0,00787","0,59","0,02",0,"0,61",0,F,5
12,11,202603,202603,SPO_10617,0,4NENL,N,1,"0,5","0,0061",0,0,0,0,0,F,212
12,11,202603,202603,ULAX_1204,0,2IENI,N,2,1,"0,00787",0,0,0,0,0,F,47
12,11,202603,202602,SPOX_0999,0,4NENL,N,1,"0,5","0,00605",0,0,0,0,0,F,291
12,11,202603,202603,ULAX_1201,0,2NENI,D,2,1,"0,00787","0,01",0,0,"0,01",0,F,931
12,11,202603,202603,SPOX_0999,0,2NENI,R,8744,"32762,7","0,00787","257,87","9,76",0,"267,63",0,F,232
12,11,202603,202603,ULAX_1204,0,2NENI,S,19,"96,4","0,00787","0,77","0,02",0,"0,79",0,F,661
12,11,202603,202603,SPOX_0999,0,4NENL,R,536,"1661,7","0,00441","7,33","0,27",0,"7,6",0,F,235
12,11,202603,202603,SPOX_0999,0,1NENI,N,94,"118,6","0,00787","0,95","0,03",0,"0,98",0,F,241
12,11,202603,202603,ULAX_0432,0,MNENI,N,4,"2,1","0,00787","0,02",0,0,"0,02",0,M,39
12,11,202603,202603,SPOX_0999,0,2NENI,N,4283,"10995,8","0,00787","86,52","3,27",0,"89,79",0,F,21
12,11,202603,202603,ULAX_4721,0,MNENI,N,653,"776,1","0,00787","6,11","0,23",0,"6,34",0,M,430
12,11,202603,202603,ULAX_1204,0,2NENI,N,2,1,"0,00787",0,0,0,0,0,F,808
12,11,202603,202603,SPOX_0999,0,4NENL,N,2,1,"0,00605",0,0,0,0,0,F,808
12,11,202603,202603,SPOX_0551,0,4NENL,N,1,2,"0,00605","0,01",0,0,"0,01",0,F,621
12,11,202603,202603,ULAX_0432,0,1NENI,N,20,"9,9","0,00787","0,07",0,0,"0,07",0,F,951
12,11,202603,202603,SPOX_0999,0,2IENI,S,1,"3,1","0,00787","0,02",0,0,"0,02",0,F,284
12,11,202603,202603,ULAX_1204,0,4NENL,R,14,"29,9","0,00425","0,13",0,0,"0,13",0,F,51
12,11,202603,202603,SPO_11460,0,2NENI,D,6604,"20549,6","0,00787","161,73","6,12",0,"167,85",0,F,351
12,11,202603,202603,ULAX_1204,0,2NENI,D,1181,3296,"0,00787","25,95","0,98",0,"26,93",0,F,661
12,11,202603,202602,ULAX_1204,0,4NENL,N,4,"3,4","0,00602","0,02",0,0,"0,02",0,F,294
12,11,202603,202603,ULAX_1204,0,1NENI,N,1,"0,5","0,00787",0,0,0,0,0,F,267
12,11,202603,202603,SPOX_0999,0,1NENI,N,1,"0,5","0,00787",0,0,0,0,0,F,351
12,11,202603,202603,ULAX_1204,0,4NENL,N,125,"426,3","0,00605","2,6","0,09",0,"2,69",0,F,209
12,11,202603,202603,SPO_10808,0,MNENI,D,6,"5,7","0,0076","0,05",0,0,"0,05",0,M,325
12,11,202603,202603,ULAX_1204,0,2IENI,N,48,"145,7","0,00787","1,14","0,04",0,"1,18",0,F,357
12,11,202603,202602,SPOX_0999,0,MNENI,D,1,"0,5","0,0078",0,0,0,0,0,M,451
12,11,202603,202603,ULAX_1201,0,2NENI,R,1,"0,5","0,00787",0,0,0,0,0,F,951
12,11,202603,202603,SPOX_0999,0,2NENI,R,50,"42,5","0,00787","0,34","0,01",0,"0,35",0,F,283
12,11,202603,202603,ULAX_1204,0,2NSNI,N,2,"1,8","0,0076","0,01",0,0,"0,01",0,F,48
12,11,202603,202603,SPOX_0999,0,MNENI,R,29,"14,9","0,00787","0,11",0,0,"0,11",0,M,50
12,11,202603,202603,ULAX_0432,0,MNENI,N,5,"7,1","0,00787","0,06",0,0,"0,06",0,M,479
12,11,202603,202603,SPOX_0999,0,2NENI,N,86,"84,7","0,00787","0,68","0,02",0,"0,7",0,F,84
12,11,202603,202603,ULAX_4723,0,1NENI,N,83,"230,5","0,00787","1,83","0,06",0,"1,89",0,F,355
12,11,202603,202603,ULAX_1204,0,2NENI,N,1,"0,5","0,00787",0,0,0,0,0,F,963
12,11,202603,202603,SPOX_0999,0,4NENL,N,1,"1,3","0,00605","0,01",0,0,"0,01",0,F,986
12,11,202603,202603,ULAX_0432,0,2NENI,D,4,"4,1","0,00787","0,02",0,0,"0,02",0,F,226
12,11,202603,202603,SPOX_0999,0,2NENI,D,33528,"150677,3","0,00787","1185,83","44,91",0,"1230,74",0,F,31
12,11,202603,202603,ULAX_1204,0,4NENL,R,148,"301,8","0,00425","1,28","0,04",0,"1,32",0,F,265
12,11,202603,202603,SPO_11464,0,2NENI,N,19,"52,3","0,00787","0,42","0,01",0,"0,43",0,F,621
12,11,202603,202603,ULAX_1204,0,2NENI,D,5,"28,6","0,00787","0,22",0,0,"0,22",0,F,803
12,11,202603,202602,ULAX_1204,0,4NENL,N,3,"1,5","0,00608","0,01",0,0,"0,01",0,F,294
12,11,202603,202603,ULAX_1204,0,1NENI,N,3,"11,3","0,00787","0,08",0,0,"0,08",0,F,767
12,11,202603,202603,SPOX_0999,0,1NENI,N,20,"13,6","0,00787","0,08",0,0,"0,08",0,F,931
12,11,202603,202603,ULAX_1204,0,4NENL,N,2066,"1682,2","0,00605","10,17","0,38",0,"10,55",0,F,283
12,11,202603,202603,SPO_11142,0,2NENI,N,10,"7,5","0,00787","0,04",0,0,"0,04",0,F,431
12,11,202603,202603,ULAX_1204,0,2IENI,N,4,"5,1","0,00787","0,04",0,0,"0,04",0,F,960
12,11,202603,202602,SPO_11182,0,2NENI,D,3,"1,5","0,0078","0,01",0,0,"0,01",0,F,431
12,11,202603,202603,ULAX_1201,0,4NENL,N,2054,"3704,6","0,00608","22,53","0,85",0,"23,38",0,F,977
12,11,202603,202603,SPOX_0999,0,2NENI,R,1294,"4592,6","0,00787","36,15","1,36",0,"37,51",0,F,355
12,11,202603,202603,ULAX_1204,0,4IENL,N,46,"38,8","0,00605","0,23",0,0,"0,23",0,F,931
12,11,202603,202603,SPOX_6685,0,2NENI,D,16,"30,7","0,00787","0,22",0,0,"0,22",0,F,143
12,11,202603,202603,ULAX_0432,0,MNENI,R,2,1,"0,00787",0,0,0,0,0,M,6
12,11,202603,202603,SPOX_0812,0,2NENI,D,5071,"12663,3","0,00787","99,67","3,77",0,"103,44",0,F,361
12,11,202603,202603,SPOX_0999,0,2NENI,N,21,"35,8","0,00787","0,28","0,01",0,"0,29",0,F,208
12,11,202603,202603,ULAX_4726,0,2NENI,R,723,"2195,8","0,00787","17,3","0,65",0,"17,95",0,F,355
12,11,202603,202603,ULAX_1204,0,2NENI,R,290,"857,5","0,00787","6,75","0,25",0,7,0,F,27
12,11,202603,202603,SPOX_0999,0,4NENL,N,720,"865,6","0,00608","5,29","0,19",0,"5,48",0,F,67
12,11,202603,202603,ULAX_0432,0,2NENI,D,171,"180,3","0,00787","1,43","0,05",0,"1,48",0,F,767
12,11,202603,202602,ULAX_4006,0,2NENI,N,1,"0,6","0,0078",0,0,0,0,0,F,674
12,11,202603,202603,SPOX_0999,0,2NENI,D,14990,"56592,4","0,00787","445,38","16,87",0,"462,25",0,F,85
12,11,202603,202603,ULAX_1204,0,4NENL,R,5,"2,5","0,00425","0,01",0,0,"0,01",0,F,967
12,11,202603,202603,SPO_11923,0,2NENI,N,1,"2,8","0,00787","0,02",0,0,"0,02",0,F,597
12,11,202603,202603,ULAX_1204,0,2NENI,D,73,54,"0,00787","0,4","0,01",0,"0,41",0,F,934
12,11,202603,202603,ULAX_1204,0,1NENI,R,1,"4,9","0,00787","0,04",0,0,"0,04",0,F,221
12,11,202603,202602,SPO_11366,0,2NENI,R,22,"60,3","0,0078","0,47","0,01",0,"0,48",0,F,361
12,11,202603,202603,SPOX_0999,0,1NENI,R,1,"1,9","0,00787","0,01",0,0,"0,01",0,F,267
12,11,202603,202603,ULAX_1204,0,4NENL,N,1,"0,5","0,00605",0,0,0,0,0,F,655
12,11,202603,202603,SPO_11144,0,4NENL,N,111,"258,4","0,00608","1,57","0,05",0,"1,62",0,F,708
12,11,202603,202603,ULAX_1204,0,2IENI,R,1,"0,5","0,00787",0,0,0,0,0,F,319
12,11,202603,202603,ULAX_1201,0,MNENI,D,1,"0,5","0,00787",0,0,0,0,0,M,78
12,11,202603,202603,SPOX_0999,0,2NENI,R,34,"97,7","0,00787","0,77","0,02",0,"0,79",0,F,738
12,11,202603,202603,ULAX_1204,0,4IENL,R,3,"12,8","0,00423","0,05",0,0,"0,05",0,F,205
12,11,202603,202603,SPOX_6694,0,MNENI,R,2,"74,4","0,0076","0,56","0,02",0,"0,58",0,M,325
12,11,202603,202603,ULAX_0432,0,MNENI,R,489,"298,3","0,00787","2,35","0,08",0,"2,43",0,M,493
12,11,202603,202603,SPOX_0823,0,2NENI,D,2,"41,9","0,00787","0,33","0,01",0,"0,34",0,F,709
12,11,202603,202603,SPOX_0999,0,2NENI,N,1,"0,5","0,00787",0,0,0,0,0,F,244
12,11,202603,202603,ULAX_4726,0,MNENI,R,2,"5,4","0,0076","0,04",0,0,"0,04",0,M,34
12,11,202603,202603,ULAX_1204,0,2NENI,R,539,"1562,8","0,00787","12,31","0,46",0,"12,77",0,F,205
12,11,202603,202603,SPOX_0999,0,4NENL,N,21,"52,9","0,00608","0,32","0,01",0,"0,33",0,F,258
12,11,202603,202603,ULAX_0432,0,2NENI,N,162,"127,4","0,00787","1,01","0,03",0,"1,04",0,F,51
12,11,202603,202602,ULAX_4721,0, NENV,N,2,1,"0,01503","0,02",0,0,"0,02",0,M,34
12,11,202603,202603,SPOX_0999,0,2NENI,D,60,"191,8","0,00787","1,5","0,05",0,"1,55",0,F,209
12,11,202603,202603,ULAX_1204,0,MNENI,N,1,"0,6","0,00787",0,0,0,0,0,M,461
12,11,202603,202603,SPO_12222,0,2NENI,N,44,"111,5","0,00787","0,88","0,03",0,"0,91",0,F,361
12,11,202603,202603,ULAX_1204,0,2NENI,D,2,1,"0,00787",0,0,0,0,0,F,982
12,11,202603,202602,ULAX_0432,0,4NENL,N,6,3,"0,00608","0,02",0,0,"0,02",0,F,977
12,11,202603,202603,SPOX_0999,0,2IENI,D,175,"620,2","0,0076","4,72","0,17",0,"4,89",0,F,35
12,11,202603,202603,ULAX_1204,0,4NENL,N,8,4,"0,00605","0,02",0,0,"0,02",0,F,979
12,11,202603,202603,ULAX_1201,0,MNENI,N,123,"65,4","0,00787","0,49","0,01",0,"0,5",0,M,6
12,11,202603,202603,SPO_11154,0,2IENI,N,1,"2,1","0,00787","0,02",0,0,"0,02",0,F,432
12,11,202603,202603,ULAX_1204,0,2IENI,R,5,"16,2","0,00787","0,12",0,0,"0,12",0,F,941
12,11,202603,202603,SPOX_0999,0,2NENI,R,4,"3,1","0,00787","0,02",0,0,"0,02",0,F,971
12,11,202603,202603,ULAX_1204,0,4NENL,N,7028,"21690,4","0,00605","131,23","4,97",0,"136,2",0,F,27
12,11,202603,202603,SPOX_6698,0, NENV,R,2,"2,4","0,01049","0,03",0,0,"0,03",0,M,34
12,11,202603,202603,SPOX_0835,0,2NENI,D,2088,"5730,3","0,00787","45,1","1,7",0,"46,8",0,F,361
12,11,202603,202603,SPO_11182,0,1NENI,R,1,"1,1","0,00787","0,01",0,0,"0,01",0,F,431
12,11,202603,202603,ULAX_1204,0,2IENI,S,1,"0,5","0,00787",0,0,0,0,0,F,316
12,11,202603,202603,SPOX_0999,0,2NENI,S,40,"81,1","0,00787","0,63","0,02",0,"0,65",0,F,27
12,11,202603,202603,ULAX_0432,0,MNENI,S,1,"0,5","0,00787",0,0,0,0,0,M,A61
12,11,202603,202603,SPOX_6716,0,2IENI,N,3,"2,6","0,00787","0,02",0,0,"0,02",0,F,363
12,11,202603,202603,SPOX_0835,0,MNENI,D,32,23,"0,0076","0,17",0,0,"0,17",0,M,34
12,11,202603,202603,SPOX_0999,0,2NENI,N,29,"16,5","0,00787","0,11",0,0,"0,11",0,F,295
12,11,202603,202603,ULAX_4728,0, NENV,N,48,"43,9","0,01499","0,65","0,02",0,"0,67",0,M,76
12,11,202603,202603,ULAX_1204,0,2NENI,R,25,"29,2","0,00787","0,22",0,0,"0,22",0,F,279
12,11,202603,202603,SPOX_0999,0,4NENL,N,679,"2481,6","0,00608","15,07","0,57",0,"15,64",0,F,842
12,11,202603,202603,SPOX_0046,0,2NENI,R,1,"1,6","0,00787","0,01",0,0,"0,01",0,F,11
12,11,202603,202603,SPOX_0999,0,2NENI,D,5,"2,8","0,00787","0,02",0,0,"0,02",0,F,256
12,11,202603,202603,ULAX_1204,0, NENV,R,6,"3,9","0,0118","0,04",0,0,"0,04",0,M,50
12,11,202603,202603,ULAX_1204,0,2NENI,N,369,"1005,2","0,00787","7,93","0,29",0,"8,22",0,F,81
12,11,202603,202603,SPO_11184,0,2NENI,S,6,"9,8","0,00787","0,06",0,0,"0,06",0,F,431
12,11,202603,202602,ULAX_1201,0,4NENL,N,2,1,"0,00608",0,0,0,0,0,F,977
12,11,202603,202603,SPOX_0999,0,2IENI,D,130,"329,1","0,00787","2,59","0,09",0,"2,68",0,F,355
12,11,202603,202603,ULAX_1204,0,4NENL,N,6,"3,8","0,00608","0,01",0,0,"0,01",0,F,121
12,11,202603,202603,ULAX_1201,0,MNENI,R,264,"136,1","0,00787","1,07","0,04",0,"1,11",0,M,451
12,11,202603,202603,ULAX_1204,0,2NENI,D,15748,"13599,7","0,00787","107,03","4,05",0,"111,08",0,F,42
12,11,202603,202603,SPOX_6716,0,4NENL,N,1,"0,5","0,00608",0,0,0,0,0,F,764
12,11,202603,202603,SPOX_0999,0,2NENI,S,2,"1,8","0,00787","0,02",0,0,"0,02",0,F,240
12,11,202603,202602,SPOX_0970,0,2NENI,N,4,"3,2","0,00787","0,03",0,0,"0,03",0,F,143
12,11,202603,202603,ULAX_0432,0, NENV,N,38,"25,3","0,01499","0,38","0,01",0,"0,39",0,M,492
12,11,202603,202603,ULAX_1204,0,2NENI,R,104,335,"0,00787","2,64","0,09",0,"2,73",0,F,298
12,11,202603,202603,SPOX_0970,0,2NENI,N,2,1,"0,00787",0,0,0,0,0,F,11
12,11,202603,202603,SPOX_0999,0,2NENI,N,48,"26,7","0,00787","0,19",0,0,"0,19",0,F,432
12,11,202603,202603,ULAX_4760,0,2NENI,D,61,355,"0,00787","2,79","0,1",0,"2,89",0,F,767
12,11,202603,202603,ULAX_0432,0,2NENI,N,46,"24,6","0,00787","0,18",0,0,"0,18",0,F,971
12,11,202603,202603,ULAX_1204,0,2NENI,N,3,"1,5","0,00787",0,0,0,0,0,F,121
12,11,202603,202603,SPOX_0083,0,2NENI,D,19,"32,3","0,00787","0,23",0,0,"0,23",0,F,766
12,11,202603,202603,SPOX_0999,0,2NENI,D,355,291,"0,00787","2,29","0,08",0,"2,37",0,F,293
12,11,202603,202603,ULAX_4006,0,2NENI,N,842,"3655,4","0,00787","28,78","1,08",0,"29,86",0,F,674
12,11,202603,202603,SPO_13918,0, NSNV,R,1,"0,5","0,01049","0,01",0,0,"0,01",0,M,34
12,11,202603,202603,SPO_11230,0,MNENI,D,17,"9,1","0,0076","0,04",0,0,"0,04",0,M,34
12,11,202603,202603,ULAX_1204,0,2NENI,D,31,"15,5","0,00787","0,1",0,0,"0,1",0,F,82
12,11,202603,202602,ULAX_1201,0, NENV,N,3,"1,5","0,01503","0,03",0,0,"0,03",0,M,B99
12,11,202603,202603,SPOX_0999,0,2IENI,D,2,"3,2","0,00787","0,03",0,0,"0,03",0,F,927
12,11,202603,202603,ULAX_1204,0,4NENL,N,1469,"2620,6","0,00608","15,94","0,6",0,"16,54",0,F,261
12,11,202603,202603,ULAX_1201,0, NENV,N,1,"0,5","0,01499","0,01",0,0,"0,01",0,M,78
12,11,202603,202603,SPO_10066,0,2NENI,D,41254,"188331,3","0,00787","1482,19","56,14",0,"1538,33",0,F,363
12,11,202603,202603,SPOX_0999,0,2NENI,S,2,"2,4","0,00787","0,02",0,0,"0,02",0,F,296
12,11,202603,202602,SPOX_0999,0,2NENI,D,1,"9,9","0,0078","0,08",0,0,"0,08",0,F,780
12,11,202603,202603,ULAX_0432,0, NENV,N,5,"2,5","0,01686","0,05",0,0,"0,05",0,M,77
12,11,202603,202603,ULAX_1204,0,2NENI,R,2,"4,1","0,00787","0,03",0,0,"0,03",0,F,544
12,11,202603,202603,SPOX_0999,0,4NENL,R,30,75,"0,00423","0,3","0,01",0,"0,31",0,F,202
12,11,202603,202603,SPOX_0970,0,MNENI,N,4,2,"0,0076",0,0,0,0,0,M,325
12,11,202603,202603,SPOX_0999,0,2NENI,N,4899,4847,"0,00787","38,14","1,44",0,"39,58",0,F,757
12,11,202603,202603,ULAX_4763,0,1NENI,N,99,"238,5","0,00787","1,86","0,07",0,"1,93",0,F,355
12,11,202603,202603,ULAX_0432,0,4NENL,N,57,"48,8","0,00605","0,32","0,01",0,"0,33",0,F,31
12,11,202603,202603,ULAX_1204,0,2NENI,N,13,"6,5","0,00787","0,03",0,0,"0,03",0,F,223
12,11,202603,202603,SPOX_0999,0,4IENL,N,44,165,"0,00631","1,05","0,03",0,"1,08",0,F,235
12,11,202603,202603,SPOX_0083,0,MNENI,N,4,2,"0,0076",0,0,0,0,0,M,325
12,11,202603,202603,SPOX_0999,0,2NENI,D,318,"558,2","0,00787","4,39","0,16",0,"4,55",0,F,364
12,11,202603,202603,ULAX_4039,0,2NENI,D,40,"54,1","0,00787","0,4","0,01",0,"0,41",0,F,661
12,11,202603,202603,SPO_14667,0,2NENI,D,4,"19,1","0,00787","0,15",0,0,"0,15",0,F,212
12,11,202603,202603,SPO_11360,0, NENV,N,25,"57,7","0,01499","0,87","0,03",0,"0,9",0,M,34
12,11,202603,202603,ULAX_1204,0,2NENI,D,15,"29,3","0,00787","0,22",0,0,"0,22",0,F,206
12,11,202603,202602,ULAX_1204,0,2NENI,D,4,"26,5","0,0078","0,21",0,0,"0,21",0,F,251
12,11,202603,202603,SPOX_0999,0,2IENI,N,14,44,"0,00787","0,34","0,01",0,"0,35",0,F,62
12,11,202603,202603,ULAX_1204,0,4NENL,N,4,"2,1","0,00608",0,0,0,0,0,F,802
12,11,202603,202603,ULAX_1201,0, NENV,N,1514,"941,7","0,01686","15,88","0,6",0,"16,48",0,M,A61
12,11,202603,202603,SPO_10092,0,4NENL,N,4,"33,7","0,00605","0,2",0,0,"0,2",0,F,209
12,11,202603,202603,SPOX_0999,0,2NENI,S,6,6,"0,00787","0,03",0,0,"0,03",0,F,674
12,11,202603,202603,ULAX_1204,0,1NSNI,D,1,"2,9","0,00787","0,02",0,0,"0,02",0,F,48
12,11,202603,202602,SPOX_0999,0,2NENI,D,1,"0,5","0,00787",0,0,0,0,0,F,621
12,11,202603,202603,ULAX_0432,0, NENV,R,6,"3,9","0,01049","0,05",0,0,"0,05",0,M,A34
12,11,202603,202603,ULAX_1204,0,2NENI,R,30,"50,7","0,00787","0,39","0,01",0,"0,4",0,F,941
12,11,202603,202603,SPOX_0999,0,4NENL,R,1,"1,5","0,00423","0,01",0,0,"0,01",0,F,286
12,11,202603,202603,SPOX_0999,0,1NENI,D,165,"155,6","0,00787","1,23","0,04",0,"1,27",0,F,227
12,11,202603,202603,SPOX_0999,0,2NENI,N,34,"17,6","0,00787","0,11",0,0,"0,11",0,F,934
12,11,202603,202603,ULAX_4763,0,2NENI,N,3,"10,6","0,00787","0,08",0,0,"0,08",0,F,232
12,11,202603,202603,ULAX_0432,0,4NENL,N,7,"8,1","0,00608","0,04",0,0,"0,04",0,F,65
12,11,202603,202603,ULAX_1204,0,2NENI,N,388,"905,6","0,00787","7,13","0,26",0,"7,39",0,F,261
12,11,202603,202603,SPOX_0999,0,4IENL,R,2,"4,8","0,00425","0,02",0,0,"0,02",0,F,941
12,11,202603,202603,SPOX_0347,0,2NENI,R,85,"170,9","0,00787","1,36","0,05",0,"1,41",0,F,143
12,11,202603,202603,SPOX_0999,0,2NENI,D,8,4,"0,00787","0,02",0,0,"0,02",0,F,707
12,11,202603,202603,ULAX_4113,0,2NENI,S,20,28,"0,00787","0,22",0,0,"0,22",0,F,674
12,11,202603,202603,SPO_14673,0,1NENI,D,2,"54,7","0,00787","0,43","0,01",0,"0,44",0,F,356
12,11,202603,202603,SPO_11364,0,MNENI,D,17,11,"0,0076","0,07",0,0,"0,07",0,M,34
12,11,202603,202603,ULAX_1204,0,2NENI,D,3,"1,5","0,00787",0,0,0,0,0,F,237
12,11,202603,202602,ULAX_1204,0,2NENI,D,2,"19,7","0,00787","0,15",0,0,"0,15",0,F,247
12,11,202603,202603,SPOX_0999,0,2IENI,N,53,"80,8","0,00787","0,63","0,02",0,"0,65",0,F,361
12,11,202603,202603,ULAX_1204,0,4NENL,N,15,"18,9","0,00608","0,09",0,0,"0,09",0,F,968
12,11,202603,202603,ULAX_1204,0,1NENI,D,2,"4,5","0,00787","0,04",0,0,"0,04",0,F,67
12,11,202603,202603,SPO_10156,0,2NENI,D,1892,"8677,8","0,00787","68,3","2,58",0,"70,88",0,F,143
12,11,202603,202603,SPOX_0999,0,2NSNI,R,1,"0,5","0,00787",0,0,0,0,0,F,317
12,11,202603,202603,ULAX_1204,0,2IENI,D,8,"15,1","0,00787","0,11",0,0,"0,11",0,F,284
12,11,202603,202602,SPOX_0999,0,2NENI,N,1,"7,8","0,00787","0,06",0,0,"0,06",0,F,241
12,11,202603,202603,ULAX_1008,0,2NENI,D,2039,"5251,5","0,00787","41,31","1,56",0,"42,87",0,F,661
12,11,202603,202603,ULAX_1204,0,2NENI,S,1699,"2776,9","0,00787","21,86","0,82",0,"22,68",0,F,31
12,11,202603,202603,SPOX_0999,0,4NENL,R,1,"0,5","0,00423",0,0,0,0,0,F,985
12,11,202603,202603,SPOX_0999,0,1NENI,D,2,1,"0,00787",0,0,0,0,0,F,292
12,11,202603,202603,SPOX_0999,0,2NENI,N,426,"1178,9","0,00787","9,27","0,35",0,"9,62",0,F,983
12,11,202603,202603,ULAX_5040,0,MNENI,D,4,2,"0,00787","0,01",0,0,"0,01",0,M,66
12,11,202603,202603,ULAX_0432,0,4NENL,N,386,"292,8","0,00608","1,76","0,06",0,"1,82",0,F,951
12,11,202603,202603,ULAX_1204,0,2NENI,N,35,"21,2","0,00787","0,16",0,0,"0,16",0,F,295
12,11,202603,202603,SPOX_0999,0,4NENL,N,64,"70,1","0,00605","0,45","0,01",0,"0,46",0,F,95
12,11,202603,202603,SPOX_0543,0,2NENI,N,2,"5,7","0,00787","0,04",0,0,"0,04",0,F,202
12,11,202603,202603,SPOX_0999,0,2NENI,D,212,"142,8","0,00787","1,12","0,04",0,"1,16",0,F,809
12,11,202603,202603,ULAX_4202,0,1NSNI,D,1,"2,4","0,00787","0,02",0,0,"0,02",0,F,48
12,11,202603,202603,SPO_14679,0,MNSNI,D,1,"5,6","0,00787","0,04",0,0,"0,04",0,M,34
12,11,202603,202603,SPO_11366,0,2NENI,N,5870,"19315,9","0,00787","152,01","5,75",0,"157,76",0,F,361
12,11,202603,202603,ULAX_1204,0,2NENI,D,4399,"7130,7","0,00787","56,1","2,12",0,"58,22",0,F,265
12,11,202603,202602,ULAX_1204,0,2NENI,N,1,3,"0,0078","0,02",0,0,"0,02",0,F,232
12,11,202603,202603,SPOX_0999,0,2IENI,R,9,"75,5","0,0076","0,56","0,02",0,"0,58",0,F,35
12,11,202603,202603,ULAX_1204,0,4NENL,R,33,"75,5","0,00423","0,3","0,01",0,"0,31",0,F,202
12,11,202603,202603,ULAX_1204,0,1NENI,D,2,1,"0,00787",0,0,0,0,0,F,292
12,11,202603,202603,SPO_10403,0,MNENI,D,5,"3,9","0,0076","0,02",0,0,"0,02",0,M,325
12,11,202603,202603,SPOX_0999,0,4IENL,N,2,"3,2","0,00605","0,02",0,0,"0,02",0,F,927
12,11,202603,202603,ULAX_1204,0,2IENI,D,5,"2,5","0,00787","0,02",0,0,"0,02",0,F,432
12,11,202603,202602,SPOX_0999,0,2NENI,R,1,"0,5","0,0078",0,0,0,0,0,F,232
12,11,202603,202603,ULAX_1055,0,2NENI,R,49,155,"0,00787","1,23","0,04",0,"1,27",0,F,355
12,11,202603,202603,ULAX_1204,0,2NENI,S,421,"1118,7","0,00787","8,8","0,33",0,"9,13",0,F,251
12,11,202603,202603,SPOX_0999,0,4NENL,R,802,"2205,9","0,00425","9,38","0,35",0,"9,73",0,F,247
12,11,202603,202603,SPOX_0999,0,1NENI,D,22,"128,9","0,00787","1,01","0,03",0,"1,04",0,F,780
12,11,202603,202603,SPOX_0999,0,2NENI,R,110,"305,2","0,00787","2,38","0,09",0,"2,47",0,F,62
12,11,202603,202603,ULAX_0432,0,MNENI,D,14,"7,2","0,0076","0,06",0,0,"0,06",0,M,34
12,11,202603,202603,ULAX_1204,0,2NENI,N,44,"27,4","0,00787","0,19",0,0,"0,19",0,F,432
12,11,202603,202603,SPOX_0999,0,4NENL,N,2,1,"0,00605","0,01",0,0,"0,01",0,F,245
12,11,202603,202603,SPOX_0543,0,MNENI,N,21,"11,7","0,0076","0,05",0,0,"0,05",0,M,34
12,11,202603,202603,SPOX_0999,0,2NENI,D,223,"581,3","0,00787","4,58","0,17",0,"4,75",0,F,960
12,11,202603,202603,ULAX_4202,0,4NENL,N,50,"27,6","0,00608","0,19",0,0,"0,19",0,F,707
12,11,202603,202603,SPO_14681,0,4NENL,N,12,"37,9","0,0061","0,24",0,0,"0,24",0,F,638
12,11,202603,202603,SPO_11370,0,2NENI,N,206,"463,4","0,00787","3,66","0,13",0,"3,79",0,F,361
12,11,202603,202603,ULAX_1204,0,2NENI,D,2991,"6585,1","0,00787","51,83","1,96",0,"53,79",0,F,298
12,11,202603,202602,ULAX_1204,0,2NENI,N,1,"0,5","0,00787",0,0,0,0,0,F,361
12,11,202603,202603,SPOX_0999,0,2IENI,R,22,"40,8","0,00787","0,33","0,01",0,"0,34",0,F,355
12,11,202603,202603,ULAX_1204,0,4NENL,R,1,"0,9","0,00423",0,0,0,0,0,F,296
12,11,202603,202603,ULAX_1204,0,1NENI,D,23,"127,1","0,00787","0,98","0,03",0,"1,01",0,F,767
12,11,202603,202603,SPO_10448,0,2NENI,R,2,"13,7","0,00787","0,1",0,0,"0,1",0,F,364
12,11,202603,202603,ULAX_1204,0,2IENI,D,2,"1,1","0,00787",0,0,0,0,0,F,981
12,11,202603,202602,SPOX_0999,0,4NENL,N,6,"18,6","0,00602","0,12",0,0,"0,12",0,F,757
12,11,202603,202603,ULAX_1201,0,2NENI,D,7,"3,5","0,00787",0,0,0,0,0,F,51
12,11,202603,202603,SPOX_0999,0,2NENI,R,1,"1,2","0,00787","0,01",0,0,"0,01",0,F,206
12,11,202603,202603,ULAX_1204,0,2NENI,S,44,58,"0,00787","0,45","0,01",0,"0,46",0,F,351
12,11,202603,202603,SPOX_0999,0,4NENL,R,30,"73,7","0,00425","0,31","0,01",0,"0,32",0,F,941
12,11,202603,202603,SPOX_0999,0,1NENI,N,19,"61,6","0,00787","0,47","0,01",0,"0,48",0,F,85
12,11,202603,202603,ULAX_0432,0,MNENI,D,133,"73,7","0,00787","0,57","0,02",0,"0,59",0,M,462
12,11,202603,202603,ULAX_4616,0,2NENI,R,2,1,"0,00787",0,0,0,0,0,F,355
12,11,202603,202603,ULAX_1204,0,2NENI,N,5025,"5145,2","0,00787","40,51","1,53",0,"42,04",0,F,757
12,11,202603,202603,SPOX_0999,0,4NENL,N,1,"0,5","0,00605",0,0,0,0,0,F,466
12,11,202603,202603,SPOX_0551,0,2NENI,D,3,"8,3","0,00787","0,06",0,0,"0,06",0,F,884
12,11,202603,202603,ULAX_0432,0,1NENI,N,2,"1,4","0,00787","0,01",0,0,"0,01",0,F,31
12,11,202603,202603,ULAX_1204,0,4NENL,R,5,"3,8","0,00423","0,02",0,0,"0,02",0,F,971
12,11,202603,202603,SPO_11402,0,4NENL,N,9,"11,5","0,0061","0,07",0,0,"0,07",0,F,11
12,11,202603,202603,ULAX_1204,0,2NENI,D,1,"4,7","0,00787","0,04",0,0,"0,04",0,F,460
12,11,202603,202602,ULAX_1204,0,4NENL,N,1,"0,5","0,00598",0,0,0,0,0,F,227
12,11,202603,202603,ULAX_1204,0,1NENI,N,1,"0,8","0,00787","0,01",0,0,"0,01",0,F,206
12,11,202603,202603,ULAX_1204,0,4NENL,N,25698,"97296,3","0,00605","588,63","22,3",0,"610,93",0,F,85
12,11,202603,202603,SPO_10705,0,2NENI,S,7,"9,6","0,00787","0,08",0,0,"0,08",0,F,363
12,11,202603,202603,ULAX_1204,0,2IENI,N,19,"76,1","0,00787","0,58","0,02",0,"0,6",0,F,285
12,11,202603,202602,SPOX_0999,0,4NENL,N,1,"5,1","0,00608","0,03",0,0,"0,03",0,F,262
12,11,202603,202603,ULAX_1201,0,2NENI,N,4,2,"0,00787",0,0,0,0,0,F,251
12,11,202603,202603,SPOX_0999,0,2NENI,R,81,"371,2","0,00787","2,9","0,11",0,"3,01",0,F,255
12,11,202603,202603,ULAX_1204,0,2NENI,S,1,"0,5","0,00787",0,0,0,0,0,F,842
12,11,202603,202603,SPOX_0999,0,MNENI,D,7,"5,5","0,00787","0,03",0,0,"0,03",0,M,A61
12,11,202603,202603,SPOX_0999,0,1NENI,N,1,"0,5","0,00787",0,0,0,0,0,F,316
12,11,202603,202603,ULAX_0432,0,MNENI,N,4,2,"0,00787",0,0,0,0,0,M,76
12,11,202603,202603,SPOX_0999,0,2NENI,N,25,"66,7","0,00787","0,5","0,01",0,"0,51",0,F,61
12,11,202603,202603,ULAX_4721,0, NENV,N,12,"20,4","0,01499","0,31","0,01",0,"0,32",0,M,30
12,11,202603,202603,ULAX_1204,0,2NENI,N,30,"37,3","0,00787","0,29","0,01",0,"0,3",0,F,927
12,11,202603,202603,SPOX_0999,0,4NENL,N,143,"216,8","0,00605","1,3","0,04",0,"1,34",0,F,927
12,11,202603,202603,SPOX_0551,0,MNENI,R,2,1,"0,0076",0,0,0,0,0,M,34
12,11,202603,202603,ULAX_0432,0,2NENI,D,375,"380,8","0,00787","2,98","0,11",0,"3,09",0,F,51
12,11,202603,202603,SPOX_0999,0,2IENI,S,2,"6,5","0,00787","0,05",0,0,"0,05",0,F,361
12,11,202603,202603,ULAX_1204,0,4NENL,R,1,2,"0,00425","0,01",0,0,"0,01",0,F,206
12,11,202603,202603,SPO_11462,0,1NENI,N,11,"13,4","0,00787","0,1",0,0,"0,1",0,F,351
12,11,202603,202603,ULAX_1204,0,2NENI,D,15,"9,9","0,00787","0,07",0,0,"0,07",0,F,707
12,11,202603,202602,ULAX_1204,0,4NENL,N,3,"5,5","0,00605","0,03",0,0,"0,03",0,F,271
12,11,202603,202603,ULAX_1204,0,1NENI,N,1,"0,5","0,00787",0,0,0,0,0,F,317
12,11,202603,202603,SPOX_0999,0,1NENI,N,1,"0,5","0,00787",0,0,0,0,0,F,544
12,11,202603,202603,ULAX_1204,0,4NENL,N,3,"1,5","0,00605",0,0,0,0,0,F,237
12,11,202603,202603,SPO_10809,0, NENV,N,14,7,"0,01779","0,14",0,0,"0,14",0,M,325
12,11,202603,202603,ULAX_1204,0,2IENI,N,34,"45,5","0,00787","0,34","0,01",0,"0,35",0,F,674
12,11,202603,202602,SPOX_0999,0, NENV,N,1,"7,4","0,01686","0,12",0,0,"0,12",0,M,50
12,11,202603,202603,ULAX_1201,0,4NENL,N,13,"6,5","0,00608","0,02",0,0,"0,02",0,F,51
12,11,202603,202603,SPOX_0999,0,2NENI,R,17,"13,4","0,00787","0,11",0,0,"0,11",0,F,294
12,11,202603,202603,ULAX_1204,0,4IENL,N,132,"204,8","0,00605","1,25","0,04",0,"1,29",0,F,281
12,11,202603,202603,SPOX_0999,0, NENV,N,15,"7,5","0,01686","0,15",0,0,"0,15",0,M,60
12,11,202603,202603,ULAX_0432,0,MNENI,N,15,"9,6","0,00787","0,08",0,0,"0,08",0,M,496
12,11,202603,202603,SPOX_0811,0,MNENI,D,1,"0,5","0,00787",0,0,0,0,0,M,6
12,11,202603,202603,SPOX_0999,0,2NENI,N,30,"37,9","0,00787","0,28","0,01",0,"0,29",0,F,98
12,11,202603,202603,ULAX_4726,0,1NENI,R,21,"63,7","0,00787","0,51","0,01",0,"0,52",0,F,355
12,11,202603,202603,ULAX_1204,0,2NENI,N,1,"0,5","0,00787",0,0,0,0,0,F,982
12,11,202603,202603,SPOX_0999,0,4NENL,N,1897,1574,"0,00607","9,55","0,36",0,"9,91",0,F,242
12,11,202603,202603,ULAX_0432,0,2NENI,D,80,"70,4","0,00787","0,55","0,02",0,"0,57",0,F,361
12,11,202603,202602,ULAX_1204,0,4NENL,N,4,2,"0,00608","0,01",0,0,"0,01",0,F,804
12,11,202603,202603,SPOX_0999,0,2NENI,D,2986,10945,"0,00787","86,12","3,26",0,"89,38",0,F,62
12,11,202603,202603,ULAX_1204,0,4NENL,R,25,"70,1","0,00425","0,3","0,01",0,"0,31",0,F,738
12,11,202603,202603,SPO_11466,0,2NENI,D,106,"260,7","0,00787","2,05","0,07",0,"2,12",0,F,351
12,11,202603,202603,ULAX_1204,0,2NENI,D,1,"0,5","0,00787",0,0,0,0,0,F,810
12,11,202603,202603,ULAX_1204,0,1NENI,N,5,"16,2","0,00787","0,12",0,0,"0,12",0,F,983
12,11,202603,202603,SPOX_0999,0,1NENI,R,1,"0,5","0,00787",0,0,0,0,0,F,27
12,11,202603,202603,ULAX_1204,0,4NENL,N,310,"198,1","0,00605","1,2","0,04",0,"1,24",0,F,296
12,11,202603,202603,SPO_11144,0,2NENI,D,83,"188,9","0,00787","1,51","0,05",0,"1,56",0,F,708
12,11,202603,202603,ULAX_1204,0,2IENI,R,147,"552,9","0,00787","4,35","0,16",0,"4,51",0,F,232
12,11,202603,202603,ULAX_1201,0,MNENI,D,1,"0,5","0,00787",0,0,0,0,0,M,20
12,11,202603,202603,SPOX_0999,0,2NENI,R,160,"275,3","0,00787","2,16","0,08",0,"2,24",0,F,431
12,11,202603,202603,ULAX_1204,0,4IENL,N,50,"209,7","0,00608","1,27","0,04",0,"1,31",0,F,62
12,11,202603,202603,SPOX_6685,0, NENV,R,8,"85,1","0,01245","1,06","0,04",0,"1,1",0,M,325
12,11,202603,202603,ULAX_0432,0,MNENI,R,4,2,"0,00787","0,02",0,0,"0,02",0,M,421
12,11,202603,202603,SPOX_0812,0,4NENL,N,23,"60,5","0,00608","0,36","0,01",0,"0,37",0,F,709
12,11,202603,202603,SPOX_0999,0,2NENI,N,12,6,"0,00787","0,05",0,0,"0,05",0,F,223
12,11,202603,202603,ULAX_4726,0,2NSNI,R,1,2,"0,00787","0,02",0,0,"0,02",0,F,355
12,11,202603,202603,ULAX_1204,0,2NENI,R,5,"2,5","0,00787","0,01",0,0,"0,01",0,F,65
12,11,202603,202603,SPOX_0999,0,4NENL,N,108,"203,9","0,00608","1,23","0,04",0,"1,27",0,F,207
12,11,202603,202603,ULAX_0432,0,2NENI,D,35,"21,9","0,00787","0,15",0,0,"0,15",0,F,934
12,11,202603,202602,ULAX_4113,0, NENV,N,2,1,"0,01686","0,02",0,0,"0,02",0,M,348
12,11,202603,202603,SPOX_0999,0,2NENI,D,4,"8,1","0,00787","0,05",0,0,"0,05",0,F,121
12,11,202603,202603,ULAX_1204,0,MNENI,D,9,"4,5","0,00787","0,01",0,0,"0,01",0,M,60
12,11,202603,202603,SPO_12218,0,2NENI,D,55,"145,5","0,00787","1,13","0,04",0,"1,17",0,F,361
12,11,202603,202603,ULAX_1204,0,2NENI,D,3,"1,9","0,00787","0,01",0,0,"0,01",0,F,963
12,11,202603,202602,SPO_13918,0,2NENI,N,2,"4,1","0,0078","0,03",0,0,"0,03",0,F,318
12,11,202603,202603,SPOX_0999,0,1NENI,S,3,"5,7","0,00787","0,05",0,0,"0,05",0,F,31
12,11,202603,202603,ULAX_1204,0,4NENL,N,3,"2,2","0,00605","0,01",0,0,"0,01",0,F,808
12,11,202603,202603,SPO_11144,0,MNENI,S,1,4,"0,0076","0,03",0,0,"0,03",0,M,34
12,11,202603,202603,ULAX_1204,0,2IENI,R,17,38,"0,00787","0,28","0,01",0,"0,29",0,F,363
12,11,202603,202603,ULAX_1201,0,MNENI,D,1,"0,5","0,00787",0,0,0,0,0,M,494
12,11,202603,202603,SPOX_0999,0,2NENI,R,20,"113,5","0,00787","0,88","0,03",0,"0,91",0,F,925
12,11,202603,202603,ULAX_1204,0,4IENL,R,2,1,"0,00423",0,0,0,0,0,F,767
12,11,202603,202603,SPOX_6698,0,2NENI,N,1,"0,5","0,00787",0,0,0,0,0,F,948
12,11,202603,202603,ULAX_0432,0,MNENI,R,18,"10,2","0,00787","0,08",0,0,"0,08",0,M,A34
12,11,202603,202603,SPOX_0823,0,4NENL,N,7,"25,9","0,00608","0,15",0,0,"0,15",0,F,251
12,11,202603,202603,SPOX_0999,0,2NENI,N,373,"764,6","0,00787","6,01","0,22",0,"6,23",0,F,261
12,11,202603,202603,ULAX_4728,0,MNENI,D,7146,"9179,6","0,0076","69,76","2,64",0,"72,4",0,M,34
12,11,202603,202603,ULAX_1204,0,2NENI,R,7368,"35750,7","0,00787","281,36","10,65",0,"292,01",0,F,221
12,11,202603,202603,SPOX_0999,0,4NENL,N,743,"1516,7","0,00608","9,23","0,34",0,"9,57",0,F,470
12,11,202603,202603,ULAX_0432,0,2NENI,N,8,4,"0,00787","0,01",0,0,"0,01",0,F,207
12,11,202603,202602,ULAX_4726,0, NENV,N,1,3,"0,01503","0,05",0,0,"0,05",0,M,34
12,11,202603,202603,SPOX_0999,0,2NENI,D,801,"496,3","0,00787","3,91","0,14",0,"4,05",0,F,224
12,11,202603,202603,ULAX_1204,0,MNSNI,D,22,"87,2","0,00787","0,68","0,02",0,"0,7",0,M,348
12,11,202603,202603,SPO_13918,0,2NENI,D,9,"50,8","0,00787","0,39","0,01",0,"0,4",0,F,210
12,11,202603,202603,ULAX_1204,0,2NENI,D,34,"26,1","0,00787","0,2",0,0,"0,2",0,F,998
12,11,202603,202602,ULAX_0432,0,MNENI,N,10,5,"0,0078","0,04",0,0,"0,04",0,M,A61
12,11,202603,202603,SPOX_0999,0,2IENI,D,3,"7,2","0,00787","0,05",0,0,"0,05",0,F,47
12,11,202603,202603,ULAX_1204,0,4NENL,N,100,"62,5","0,00605","0,36","0,01",0,"0,37",0,F,991
12,11,202603,202603,ULAX_1201,0,MNENI,N,3,"1,5","0,00787","0,01",0,0,"0,01",0,M,73
12,11,202603,202603,ULAX_0432,0,2NENI,N,1,"2,3","0,00787","0,02",0,0,"0,02",0,F,317
12,11,202603,202602,ULAX_4728,0, NENV,N,8,"5,8","0,01503","0,09",0,0,"0,09",0,M,34
12,11,202603,202603,SPOX_0999,0,2NENI,D,8408,"13897,5","0,00787","109,38","4,14",0,"113,52",0,F,241
12,11,202603,202603,ULAX_1204,0, NENV,N,82,"70,8","0,01499","1,02","0,04",0,"1,06",0,M,34
12,11,202603,202603,ULAX_1204,0,2NENI,N,108,"65,8","0,00787","0,51","0,01",0,"0,52",0,F,47
12,11,202603,202602,ULAX_0432,0, NENV,N,1,"0,5","0,0165","0,01",0,0,"0,01",0,M,60
12,11,202603,202603,SPOX_0999,0,2IENI,D,10,"18,7","0,00787","0,13",0,0,"0,13",0,F,284
12,11,202603,202603,ULAX_1204,0,4NENL,N,190,"287,4","0,00608","1,74","0,06",0,"1,8",0,F,41
12,11,202603,202603,ULAX_1201,0,MNENI,N,2,1,"0,00787",0,0,0,0,0,M,456
12,11,202603,202603,ULAX_1204,0,2IENI,S,4,"2,8","0,00787","0,01",0,0,"0,01",0,F,661
12,11,202603,202603,SPOX_0999,0,2NENI,S,6,"6,4","0,00787","0,06",0,0,"0,06",0,F,202
12,11,202603,202602,SPOX_0083,0,2NENI,D,1,"0,5","0,00787",0,0,0,0,0,F,143
12,11,202603,202603,ULAX_0432,0, NENV,N,1,"0,5","0,01499","0,01",0,0,"0,01",0,M,70
12,11,202603,202603,SPOX_6716,0,2NENI,N,11,"11,8","0,00787","0,07",0,0,"0,07",0,F,917
12,11,202603,202603,SPOX_0835,0, NENV,R,1,"0,5","0,0118","0,01",0,0,"0,01",0,M,50
12,11,202603,202603,SPOX_0999,0,2NENI,N,3534,"7380,3","0,00787","58,08","2,19",0,"60,27",0,F,351
12,11,202603,202603,ULAX_4760,0,1NENI,D,12,"27,3","0,00787","0,22",0,0,"0,22",0,F,767
12,11,202603,202603,ULAX_0432,0,2NENI,N,1,"0,5","0,00787",0,0,0,0,0,F,807
12,11,202603,202603,SPOX_0999,0,4NENL,N,100,"187,7","0,00608","1,11","0,04",0,"1,15",0,F,961
12,11,202603,202603,SPOX_0051,0,2NENI,N,94,"306,6","0,00787","2,42","0,09",0,"2,51",0,F,143
12,11,202603,202603,SPOX_0999,0,2NENI,D,1011,"746,5","0,00787","5,86","0,22",0,"6,08",0,F,279
12,11,202603,202603,ULAX_2826,0,2NENI,N,3,3,"0,00787","0,02",0,0,"0,02",0,F,235
12,11,202603,202603,SPO_13918,0,2NENI,N,3,"4,2","0,00787","0,03",0,0,"0,03",0,F,210
12,11,202603,202603,SPO_11230,0,2NENI,D,5,"16,7","0,00787","0,13",0,0,"0,13",0,F,71
12,11,202603,202602,ULAX_1201,0,MNENI,D,1,"3,6","0,00787","0,03",0,0,"0,03",0,M,50
12,11,202603,202603,SPOX_0999,0,2IENI,D,82,"298,7","0,00787","2,35","0,08",0,"2,43",0,F,431
12,11,202603,202603,ULAX_1204,0,4NENL,N,44,"22,1","0,00608","0,12",0,0,"0,12",0,F,223
12,11,202603,202603,ULAX_1201,0,MNENI,S,1,"0,5","0,00787",0,0,0,0,0,M,A61
12,11,202603,202603,ULAX_1204,0,2NENI,D,437,"513,8","0,00787","4,03","0,15",0,"4,18",0,F,67
12,11,202603,202603,SPOX_9684,0,1NSNI,D,9,"25,7","0,00787","0,2",0,0,"0,2",0,F,363
12,11,202603,202603,SPOX_0999,0,2NENI,S,28,"161,7","0,00787","1,27","0,04",0,"1,31",0,F,262
12,11,202603,202602,SPOX_0999,0,2NENI,D,1,"1,8","0,0078","0,01",0,0,"0,01",0,F,247
12,11,202603,202603,ULAX_0432,0, NENV,N,73,"44,4","0,01499","0,67","0,02",0,"0,69",0,M,499
12,11,202603,202603,ULAX_1204,0,2NENI,R,187,"1227,3","0,00787","9,64","0,36",0,10,0,F,356
12,11,202603,202603,SPOX_0999,0,4NENL,N,115,"71,2","0,00631","0,46","0,01",0,"0,47",0,F,934
12,11,202603,202603,SPOX_0970,0,2NENI,R,1,"0,5","0,00787",0,0,0,0,0,F,766
12,11,202603,202603,SPOX_0999,0,2NENI,N,41,"33,7","0,00787","0,25","0,01",0,"0,26",0,F,663
12,11,202603,202603,ULAX_4760,0,2NENI,R,177,"1342,2","0,00787","10,57","0,4",0,"10,97",0,F,355
12,11,202603,202603,ULAX_0432,0,2NENI,R,2,"1,8","0,00787","0,01",0,0,"0,01",0,F,767
12,11,202603,202603,ULAX_1204,0,2NENI,N,2,"7,4","0,00787","0,06",0,0,"0,06",0,F,206
12,11,202603,202603,SPOX_0999,0,4IENL,N,7,"7,1","0,00608","0,04",0,0,"0,04",0,F,41
12,11,202603,202603,SPOX_0083,0,2NENI,R,246,"560,9","0,00787","4,42","0,16",0,"4,58",0,F,143
12,11,202603,202603,SPOX_0999,0,2NENI,D,4940,"17980,1","0,00787","141,52","5,35",0,"146,87",0,F,318
12,11,202603,202603,ULAX_4030,0,MNENI,D,14,7,"0,0076","0,02",0,0,"0,02",0,M,34
12,11,202603,202603,SPO_14657,0,MNENI,R,8,"17,6","0,0076","0,13",0,0,"0,13",0,M,325
12,11,202603,202603,SPO_11232,0,2NENI,D,1,"0,5","0,00787",0,0,0,0,0,F,208
12,11,202603,202603,ULAX_1204,0,2NENI,D,11,"14,2","0,00787","0,09",0,0,"0,09",0,F,94
12,11,202603,202602,ULAX_1204,0,1NENI,D,1,"0,5","0,00787",0,0,0,0,0,F,931
12,11,202603,202603,SPOX_0999,0,2IENI,D,1,"0,5","0,00787",0,0,0,0,0,F,981
12,11,202603,202603,ULAX_1204,0,4NENL,N,5356,"4428,4","0,00608","26,93","1,02",0,"27,95",0,F,541
12,11,202603,202603,ULAX_1201,0, NENV,N,1860,"1015,6","0,01499","15,2","0,57",0,"15,77",0,M,B99
12,11,202603,202603,SPO_10092,0,2IENI,N,2,"6,7","0,00787","0,05",0,0,"0,05",0,F,357
12,11,202603,202603,SPOX_0999,0,2NENI,S,321,"510,3","0,00787","4,02","0,15",0,"4,17",0,F,355
12,11,202603,202603,ULAX_1204,0,1NENI,R,4,"13,4","0,00787","0,1",0,0,"0,1",0,F,361
12,11,202603,202602,SPOX_0999,0,2NENI,D,1,"0,8","0,00787","0,01",0,0,"0,01",0,F,267
12,11,202603,202603,ULAX_0432,0, NENV,N,2666,"1744,4","0,01686","29,41","1,11",0,"30,52",0,M,A61
12,11,202603,202603,ULAX_1204,0,2NENI,R,674,"1036,5","0,00787","8,17","0,3",0,"8,47",0,F,757
12,11,202603,202603,SPOX_0999,0,4NENL,R,7168,"25996,3","0,00423","109,98","4,16",0,"114,14",0,F,232
12,11,202603,202603,SPOX_0999,0,1NENI,D,120,"84,3","0,00787","0,66","0,02",0,"0,68",0,F,21
12,11,202603,202603,SPOX_0999,0,2NENI,N,60,"31,1","0,00787","0,23",0,0,"0,23",0,F,809
12,11,202603,202603,ULAX_4763,0,1NSNI,R,14,"60,5","0,00787","0,46","0,01",0,"0,47",0,F,35
12,11,202603,202603,ULAX_0432,0,4NENL,N,346,"284,7","0,00605","1,74","0,06",0,"1,8",0,F,767
12,11,202603,202603,ULAX_1204,0,2NENI,N,596,"511,9","0,00787","4,04","0,15",0,"4,19",0,F,242
12,11,202603,202603,SPOX_0999,0,4IENL,R,3,"7,4","0,00423","0,02",0,0,"0,02",0,F,284
12,11,202603,202603,SPOX_0326,0,2NENI,R,19,"41,8","0,00787","0,32","0,01",0,"0,33",0,F,143
12,11,202603,202603,SPOX_0999,0,2NENI,D,3736,"3358,4","0,00787","26,42",1,0,"27,42",0,F,541
12,11,202603,202603,ULAX_4039,0,MNENI,N,12,6,"0,0076","0,02",0,0,"0,02",0,M,34
12,11,202603,202603,SPO_14667,0,2NENI,S,7,"10,1","0,00787","0,07",0,0,"0,07",0,F,143
12,11,202603,202603,SPO_11362,0,1NENI,S,2,"3,4","0,00787","0,03",0,0,"0,03",0,F,361
12,11,202603,202603,ULAX_1204,0,2NENI,D,217,"608,1","0,00787","4,78","0,18",0,"4,96",0,F,219
12,11,202603,202602,ULAX_1204,0,2NENI,D,2,"4,1","0,0078","0,03",0,0,"0,03",0,F,361
12,11,202603,202603,SPOX_0999,0,2IENI,N,11,"7,3","0,00787","0,05",0,0,"0,05",0,F,292
12,11,202603,202603,ULAX_1204,0,4NENL,N,37,"25,5","0,00608","0,15",0,0,"0,15",0,F,917
12,11,202603,202603,ULAX_1201,0, NENV,R,227,117,"0,0118","1,41","0,05",0,"1,46",0,M,451
12,11,202603,202603,SPO_10152,0,2NENI,D,1,"0,5","0,00787",0,0,0,0,0,F,766
12,11,202603,202603,SPOX_0999,0,2NENI,S,1,"1,7","0,00787","0,01",0,0,"0,01",0,F,842
12,11,202603,202603,ULAX_1204,0,2IENI,D,73,"344,4","0,00787","2,69","0,1",0,"2,79",0,F,31
12,11,202603,202602,SPOX_0999,0,2NENI,N,1,"3,2","0,0078","0,02",0,0,"0,02",0,F,271
12,11,202603,202603,ULAX_0432,0, NENV,R,3,"1,5","0,0118","0,03",0,0,"0,03",0,M,A49
12,11,202603,202603,ULAX_1204,0,2NENI,R,5,"3,8","0,00787","0,03",0,0,"0,03",0,F,971
12,11,202603,202603,SPOX_0999,0,4NENL,R,26,"82,9","0,00423","0,35","0,01",0,"0,36",0,F,705
12,11,202603,202603,SPOX_0999,0,1NENI,D,6,4,"0,00787","0,02",0,0,"0,02",0,F,255
12,11,202603,202603,SPOX_0999,0,2NENI,N,26,"13,6","0,00787","0,06",0,0,"0,06",0,F,965
12,11,202603,202603,ULAX_4763,0,2NSNI,N,58,"157,5","0,00787","1,23","0,04",0,"1,27",0,F,355
12,11,202603,202603,ULAX_0432,0,4NENL,N,254,"284,7","0,00608","1,7","0,06",0,"1,76",0,F,251
12,11,202603,202603,ULAX_1204,0,2NENI,N,922,"569,2","0,00787","4,46","0,16",0,"4,62",0,F,282
12,11,202603,202603,SPOX_0999,0,4NENL,N,13,10,"0,00605","0,06",0,0,"0,06",0,F,79
12,11,202603,202603,SPOX_0348,0,2NENI,N,1,"12,1","0,00787","0,1",0,0,"0,1",0,F,638
12,11,202603,202603,SPOX_0999,0,2NENI,D,5382,"18302,4","0,00787","144,04","5,45",0,"149,49",0,F,780
12,11,202603,202603,ULAX_4113,0,MNENI,N,1,"0,6","0,00787",0,0,0,0,0,M,A49
12,11,202603,202603,SPO_14673,0,2NENI,R,1,1,"0,00787","0,01",0,0,"0,01",0,F,356
12,11,202603,202603,SPO_11366,0,1NENI,D,357,"1352,2","0,00787","10,64","0,4",0,"11,04",0,F,361
12,11,202603,202603,ULAX_1204,0,2NENI,D,18700,"45277,2","0,00787","356,33","13,49",0,"369,82",0,F,247
12,11,202603,202602,ULAX_1204,0,2NENI,D,3,5,"0,00787","0,04",0,0,"0,04",0,F,361
12,11,202603,202603,SPOX_0999,0,2IENI,N,3,"1,5","0,00787",0,0,0,0,0,F,767
12,11,202603,202603,ULAX_1204,0,4NENL,N,1,"0,5","0,00631",0,0,0,0,0,F,249
12,11,202603,202603,ULAX_1204,0,1NENI,D,3,"11,2","0,00787","0,09",0,0,"0,09",0,F,235
12,11,202603,202603,SPO_10156,0,2NENI,S,4,"3,4","0,00787","0,02",0,0,"0,02",0,F,143
12,11,202603,202603,SPOX_0999,0,4IENL,N,796,"2388,1","0,00605","14,47","0,54",0,"15,01",0,F,232
12,11,202603,202603,ULAX_1204,0,2IENI,D,56,"166,7","0,00787","1,28","0,04",0,"1,32",0,F,351
12,11,202603,202602,SPOX_0999,0,2NENI,N,1,"0,5","0,00787",0,0,0,0,0,F,318
12,11,202603,202603,ULAX_1008,0,4NENL,N,1,"0,5","0,00608",0,0,0,0,0,F,61
12,11,202603,202603,ULAX_1204,0,2NENI,S,1,"1,3","0,00787","0,01",0,0,"0,01",0,F,219
12,11,202603,202603,SPOX_0999,0,4NENL,R,95,291,"0,00425","1,22","0,04",0,"1,26",0,F,62
12,11,202603,202603,SPOX_0999,0,1NENI,D,47,"119,7","0,00787","0,93","0,03",0,"0,96",0,F,361
12,11,202603,202603,SPOX_0999,0,2NENI,R,86,"532,8","0,00787","4,18","0,15",0,"4,33",0,F,5
12,11,202603,202603,ULAX_5040,0,MNENI,S,2,"1,7","0,00787","0,01",0,0,"0,01",0,M,467
12,11,202603,202603,ULAX_0432,0,4NENL,R,1,"0,5","0,00423",0,0,0,0,0,F,655
12,11,202603,202603,ULAX_1204,0,2NENI,N,3552,"7834,2","0,00787","61,66","2,33",0,"63,99",0,F,351
12,11,202603,202603,SPOX_0999,0,4NENL,N,20,"125,7","0,00605","0,76","0,02",0,"0,78",0,F,214
12,11,202603,202603,SPOX_0543,0,2NENI,R,2,"13,8","0,00787","0,1",0,0,"0,1",0,F,884
12,11,202603,202603,SPOX_0999,0,2NENI,D,541,"837,7","0,00787","6,62","0,24",0,"6,86",0,F,921
12,11,202603,202603,ULAX_4202,0,2NENI,N,12,"6,7","0,00787","0,05",0,0,"0,05",0,F,707
12,11,202603,202603,SPO_14681,0,2NENI,D,2,"4,2","0,00787","0,03",0,0,"0,03",0,F,766
12,11,202603,202603,SPO_11368,0,MNENI,D,34,"22,7","0,0076","0,17",0,0,"0,17",0,M,34
12,11,202603,202603,ULAX_1204,0,2NENI,D,1427,"994,6","0,00787","7,82","0,29",0,"8,11",0,F,284
12,11,202603,202602,ULAX_1204,0,2NENI,N,1,"0,5","0,0078",0,0,0,0,0,F,804
12,11,202603,202603,SPOX_0999,0,2IENI,R,8,"6,5","0,00787","0,04",0,0,"0,04",0,F,281
12,11,202603,202603,ULAX_1204,0,4NENL,R,1628,"8005,3","0,00423","33,83","1,28",0,"35,11",0,F,271
12,11,202603,202603,ULAX_1204,0,1NENI,D,2,1,"0,00787",0,0,0,0,0,F,359
12,11,202603,202603,SPO_10416,0, NENV,R,1,"0,5","0,01245","0,01",0,0,"0,01",0,M,325
12,11,202603,202603,ULAX_1204,0,2IENI,D,5,"13,1","0,00787","0,1",0,0,"0,1",0,F,921
12,11,202603,202602,SPOX_0999,0,4NENL,N,3,"4,2","0,00598","0,03",0,0,"0,03",0,F,271
12,11,202603,202603,ULAX_1201,0,1NENI,N,4,2,"0,00787",0,0,0,0,0,F,31
12,11,202603,202603,ULAX_1204,0,2NENI,S,5,"3,3","0,00787","0,02",0,0,"0,02",0,F,281
12,11,202603,202603,SPOX_0999,0,4NENL,R,7,"3,8","0,00425","0,02",0,0,"0,02",0,F,293
12,11,202603,202603,SPOX_0999,0,1NENI,D,15,"32,2","0,00787","0,23",0,0,"0,23",0,F,983
12,11,202603,202603,SPOX_0999,0,2NENI,R,25,"62,2","0,00787","0,46","0,01",0,"0,47",0,F,192
12,11,202603,202603,ULAX_0432,0,MNENI,D,2,"2,2","0,00787","0,01",0,0,"0,01",0,M,63
12,11,202603,202603,ULAX_4202,0,MNENI,N,19,"9,4","0,0076","0,04",0,0,"0,04",0,M,348
12,11,202603,202603,ULAX_1204,0,2NENI,N,44,"23,8","0,00787","0,18",0,0,"0,18",0,F,663
12,11,202603,202603,SPOX_0999,0,4NENL,N,9287,"40502,9","0,00605","245,06","9,28",0,"254,34",0,F,285
12,11,202603,202603,SPOX_0545,0,2NENI,N,36,"56,1","0,00787","0,43","0,01",0,"0,44",0,F,351
12,11,202603,202603,SPOX_0999,0,2NENI,D,70,"89,9","0,00787","0,69","0,02",0,"0,71",0,F,971
12,11,202603,202603,ULAX_0432,0,1NENI,D,4,2,"0,00787",0,0,0,0,0,F,232
12,11,202603,202603,SPO_11400,0, NENV,R,1,"0,8","0,01245","0,01",0,0,"0,01",0,M,325
12,11,202603,202603,ULAX_1204,0,2NENI,D,1041,"5562,7","0,00787","43,78","1,65",0,"45,43",0,F,356
12,11,202603,202602,ULAX_1204,0,2NENI,R,2,1,"0,0078","0,01",0,0,"0,01",0,F,318
12,11,202603,202603,SPOX_0999,0,2IENI,R,2,1,"0,00787",0,0,0,0,0,F,431
12,11,202603,202603,ULAX_1204,0,1NENI,D,46,"141,2","0,00787","1,1","0,04",0,"1,14",0,F,977
12,11,202603,202603,SPO_10617,0,2NENI,R,3,"4,7","0,00787","0,03",0,0,"0,03",0,F,638
12,11,202603,202603,ULAX_1204,0,2IENI,N,23,"164,2","0,00787","1,28","0,04",0,"1,32",0,F,31
12,11,202603,202602,SPOX_0999,0,4NENL,N,1,"0,5","0,00605",0,0,0,0,0,F,284
12,11,202603,202603,ULAX_1201,0,2NENI,D,1050,"954,3","0,00787","7,5","0,28",0,"7,78",0,F,757
12,11,202603,202603,SPOX_0999,0,2NENI,R,4,"3,2","0,00787","0,02",0,0,"0,02",0,F,224
12,11,202603,202603,ULAX_1204,0,2NENI,S,4,"6,2","0,00787","0,04",0,0,"0,04",0,F,431
12,11,202603,202603,SPOX_0999,0,4NENL,R,1,"0,5","0,00427",0,0,0,0,0,F,663
12,11,202603,202603,SPOX_0999,0,1NENI,N,70,"49,9","0,00787","0,37","0,01",0,"0,38",0,F,227
12,11,202603,202603,ULAX_0432,0,MNENI,N,134,"76,7","0,00787","0,58","0,02",0,"0,6",0,M,6
12,11,202603,202603,SPOX_0999,0,2NENI,D,76,"52,1","0,00787","0,41","0,01",0,"0,42",0,F,998
12,11,202603,202603,ULAX_4721,0,MNENI,N,4,2,"0,00787","0,01",0,0,"0,01",0,M,30
12,11,202603,202603,ULAX_1204,0,2NENI,N,2,"3,2","0,00787","0,02",0,0,"0,02",0,F,804
12,11,202603,202603,SPOX_0999,0,4NENL,N,8374,"29464,9","0,00605","178,26","6,75",0,"185,01",0,F,780
12,11,202603,202603,SPOX_0551,0,2NENI,S,110,"165,4","0,00787","1,31","0,04",0,"1,35",0,F,351
12,11,202603,202603,ULAX_0432,0,1NENI,N,11,"5,5","0,00787","0,02",0,0,"0,02",0,F,925
12,11,202603,202603,SPOX_0999,0,2IENI,S,2,"23,3","0,00787","0,18",0,0,"0,18",0,F,235
12,11,202603,202603,ULAX_1204,0,4NENL,R,2,1,"0,00425",0,0,0,0,0,F,41
12,11,202603,202603,SPO_11405,0,2NENI,R,153,"726,1","0,00787","5,7","0,21",0,"5,91",0,F,143
12,11,202603,202603,ULAX_1204,0,2NENI,D,1,"0,5","0,00787",0,0,0,0,0,F,621
12,11,202603,202602,ULAX_1204,0,4NENL,N,2,"3,2","0,00602","0,02",0,0,"0,02",0,F,247
12,11,202603,202603,ULAX_1204,0,1NENI,N,108,"73,3","0,00787","0,57","0,02",0,"0,59",0,F,251
12,11,202603,202603,ULAX_1204,0,4NENL,N,4865,"11264,3","0,00605","68,15","2,58",0,"70,73",0,F,205
12,11,202603,202603,SPO_10802,0,2NENI,S,3,"2,2","0,00787","0,01",0,0,"0,01",0,F,317
12,11,202603,202603,ULAX_1204,0,2IENI,N,60,"136,1","0,00787","1,06","0,04",0,"1,1",0,F,355
12,11,202603,202602,SPOX_0999,0,4NENL,R,1,"0,5","0,00418",0,0,0,0,0,F,232
12,11,202603,202603,ULAX_1201,0,2NENI,N,610,"1051,3","0,00787","8,27","0,31",0,"8,58",0,F,977
12,11,202603,202603,SPOX_0999,0,2NENI,R,108,"160,6","0,00787","1,25","0,04",0,"1,29",0,F,281
12,11,202603,202603,ULAX_1204,0,2NSNI,D,5,"4,4","0,0076","0,03",0,0,"0,03",0,F,48
12,11,202603,202603,SPOX_0999,0,MNENI,R,28,14,"0,0076","0,11",0,0,"0,11",0,M,34
12,11,202603,202603,ULAX_0432,0,MNENI,N,82,"42,3","0,00787","0,34","0,01",0,"0,35",0,M,462
12,11,202603,202603,SPOX_0999,0,2NENI,N,24,13,"0,00787","0,07",0,0,"0,07",0,F,82
12,11,202603,202603,ULAX_4721,0, NENV,R,52,"233,3","0,01049","2,46","0,09",0,"2,55",0,M,430
12,11,202603,202603,ULAX_1204,0,2NENI,N,55,"93,8","0,00787","0,73","0,02",0,"0,75",0,F,960
12,11,202603,202603,SPOX_0999,0,4NENL,N,22,"31,6","0,00605","0,17",0,0,"0,17",0,F,984
12,11,202603,202603,ULAX_0432,0,2NENI,D,22,29,"0,00787","0,22",0,0,"0,22",0,F,192
12,11,202603,202603,SPOX_0999,0,2NENI,D,9339,"25130,3","0,00787","197,79","7,49",0,"205,28",0,F,21
12,11,202603,202603,ULAX_1204,0,4NENL,R,26,"54,6","0,00425","0,21",0,0,"0,21",0,F,261
12,11,202603,202603,SPO_11464,0,2NENI,D,1,"0,5","0,00787",0,0,0,0,0,F,921
12,11,202603,202603,ULAX_1204,0,2NENI,D,4,2,"0,00787",0,0,0,0,0,F,795
12,11,202603,202602,ULAX_1204,0,4NENL,N,1,"1,4","0,00608","0,01",0,0,"0,01",0,F,255
12,11,202603,202603,ULAX_1204,0,1NENI,N,78,"84,1","0,00787","0,64","0,02",0,"0,66",0,F,705
12,11,202603,202603,SPOX_0999,0,1NENI,N,1,"0,5","0,00787",0,0,0,0,0,F,921
12,11,202603,202603,ULAX_1204,0,4NENL,N,4934,"6313,6","0,00605","38,2","1,44",0,"39,64",0,F,281
12,11,202603,202603,SPO_11142,0,2NENI,D,36,"70,7","0,00787","0,54","0,02",0,"0,56",0,F,431
12,11,202603,202603,ULAX_1204,0,2IENI,N,1,"0,5","0,00787",0,0,0,0,0,F,941
12,11,202603,202602,SPO_10705,0,2NENI,D,2,"1,5","0,00787","0,01",0,0,"0,01",0,F,363
12,11,202603,202603,ULAX_1201,0,4NENL,N,1016,"759,5","0,00608","4,63","0,17",0,"4,8",0,F,951
12,11,202603,202603,SPOX_0999,0,2NENI,R,20,10,"0,00787","0,05",0,0,"0,05",0,F,319
12,11,202603,202603,ULAX_1204,0,4IENL,N,5,"13,1","0,00605","0,07",0,0,"0,07",0,F,921
12,11,202603,202603,SPOX_0999,0, NENV,R,3,"1,5","0,0118","0,02",0,0,"0,02",0,M,451
12,11,202603,202603,ULAX_0432,0,MNENI,N,357,194,"0,00787","1,52","0,05",0,"1,57",0,M,B99
12,11,202603,202603,SPOX_0812,0,1NENI,D,24,"68,2","0,00787","0,53","0,02",0,"0,55",0,F,361
12,11,202603,202603,SPOX_0999,0,2NENI,N,11,"25,6","0,00787","0,2",0,0,"0,2",0,F,206
12,11,202603,202603,ULAX_4726,0,2NENI,D,2,"2,3","0,00787","0,01",0,0,"0,01",0,F,925
12,11,202603,202603,ULAX_1204,0,2NENI,R,104,"747,9","0,00787","5,86","0,22",0,"6,08",0,F,5
12,11,202603,202603,SPOX_0999,0,4NENL,N,4548,"16799,6","0,00608","102,14","3,87",0,"106,01",0,F,62
12,11,202603,202603,ULAX_0432,0,2NENI,D,677,"699,6","0,00787","5,51","0,2",0,"5,71",0,F,757
12,11,202603,202602,ULAX_1204,0, NENV,N,1,"0,5","0,01499","0,01",0,0,"0,01",0,M,34
12,11,202603,202603,SPOX_0999,0,2NENI,D,73,"65,4","0,00787","0,53","0,01",0,"0,54",0,F,83
12,11,202603,202603,ULAX_1204,0,4NENL,R,30,"85,5","0,00425","0,36","0,01",0,"0,37",0,F,951
12,11,202603,202603,SPO_11923,0,2NENI,D,12,"48,1","0,00787","0,39","0,01",0,"0,4",0,F,597
12,11,202603,202603,ULAX_1204,0,2NENI,D,91,"175,7","0,00787","1,38","0,05",0,"1,43",0,F,927
12,11,202603,202603,ULAX_1204,0,1NENI,R,1,"0,5","0,00787",0,0,0,0,0,F,192
12,11,202603,202602,SPO_11366,0,2NENI,N,67,"190,5","0,0078","1,5","0,05",0,"1,55",0,F,361
12,11,202603,202603,SPOX_0999,0,1NENI,R,3,"1,6","0,00787","0,01",0,0,"0,01",0,F,251
12,11,202603,202603,ULAX_1204,0,4NENL,N,7,"7,3","0,00605","0,04",0,0,"0,04",0,F,606
12,11,202603,202603,SPO_11144,0,4NENL,N,5,"56,6","0,00608","0,34","0,01",0,"0,35",0,F,206
12,11,202603,202603,ULAX_1204,0,2IENI,R,3,"10,2","0,00787","0,07",0,0,"0,07",0,F,317
12,11,202603,202603,ULAX_1201,0,MNENI,D,2,1,"0,00787","0,01",0,0,"0,01",0,M,73
12,11,202603,202603,SPOX_0999,0,2NENI,R,29,"109,9","0,00787","0,86","0,03",0,"0,89",0,F,705
12,11,202603,202603,ULAX_1204,0,4IENL,R,4,"7,6","0,00423","0,03",0,0,"0,03",0,F,21
12,11,202603,202603,SPOX_6694,0,MNENI,D,8,"11,3","0,0076","0,09",0,0,"0,09",0,M,325
12,11,202603,202603,ULAX_0432,0,MNENI,R,2,"1,1","0,00787","0,01",0,0,"0,01",0,M,491
12,11,202603,202603,SPOX_0823,0,2IENI,R,2,15,"0,00787","0,12",0,0,"0,12",0,F,361
12,11,202603,202603,SPOX_0999,0,2NENI,N,579,"480,9","0,00787","3,8","0,14",0,"3,94",0,F,242
12,11,202603,202603,ULAX_4726,0,MNENI,N,63,"38,9","0,0076","0,3","0,01",0,"0,31",0,M,34
12,11,202603,202603,ULAX_1204,0,2NENI,R,43,"119,3","0,00787","0,92","0,03",0,"0,95",0,F,202
12,11,202603,202603,SPOX_0999,0,4NENL,N,2233,3305,"0,00608","20,11","0,76",0,"20,87",0,F,255
12,11,202603,202603,ULAX_0432,0,2NENI,D,2097,3626,"0,00787","28,55","1,08",0,"29,63",0,F,977
12,11,202603,202602,ULAX_4721,0,MNENI,N,1,"0,5","0,0076",0,0,0,0,0,M,34
12,11,202603,202603,SPOX_0999,0,2NENI,D,75,"129,7","0,00787","1,01","0,03",0,"1,04",0,F,207
12,11,202603,202603,ULAX_1204,0,MNENI,N,8,4,"0,00787",0,0,0,0,0,M,60
12,11,202603,202603,SPO_12222,0,2NENI,D,2,"1,5","0,00787","0,01",0,0,"0,01",0,F,121
12,11,202603,202603,ULAX_1204,0,2NENI,D,6,3,"0,00787","0,02",0,0,"0,02",0,F,979
12,11,202603,202602,ULAX_0432,0,4NENL,N,1,"0,5","0,00602",0,0,0,0,0,F,951
12,11,202603,202603,SPOX_0999,0,1NSNI,D,13,"60,6","0,00787","0,48","0,01",0,"0,49",0,F,363
12,11,202603,202603,ULAX_1204,0,4NENL,N,1094,"908,4","0,00605","5,5","0,2",0,"5,7",0,F,931
12,11,202603,202603,SPO_11152,0, NENV,N,12,"9,4","0,01499","0,15",0,0,"0,15",0,M,34
12,11,202603,202603,ULAX_1204,0,2IENI,R,2,"1,1","0,00787",0,0,0,0,0,F,780
12,11,202603,202603,SPOX_0999,0,2NENI,R,3,"1,7","0,00787","0,01",0,0,"0,01",0,F,960
12,11,202603,202603,ULAX_1204,0,4NENL,N,1381,"6850,2","0,00605","41,46","1,57",0,"43,03",0,F,5
12,11,202603,202603,SPOX_6698,0,MNENI,R,2,"2,4","0,0076","0,01",0,0,"0,01",0,M,34
12,11,202603,202603,ULAX_0432,0,MNENI,S,17,"17,7","0,00787","0,14",0,0,"0,14",0,M,493
12,11,202603,202603,SPOX_0823,0, NSNV,R,1,"7,8","0,01049","0,08",0,0,"0,08",0,M,34
12,11,202603,202603,SPOX_0999,0,2NENI,N,904,"526,4","0,00787","4,16","0,15",0,"4,31",0,F,282
12,11,202603,202603,ULAX_4728,0,MNENI,N,22,"27,3","0,00787","0,18",0,0,"0,18",0,M,76
12,11,202603,202603,ULAX_1204,0,2NENI,R,26,"27,9","0,00787","0,19",0,0,"0,19",0,F,242
12,11,202603,202603,SPOX_0999,0,4NENL,N,253,"421,9","0,00608","2,55","0,09",0,"2,64",0,F,738
12,11,202603,202603,SPOX_0999,0,2NENI,S,3,"4,3","0,00787","0,03",0,0,"0,03",0,F,5
12,11,202603,202603,ULAX_0432,0,MNENI,S,2,1,"0,00787","0,01",0,0,"0,01",0,M,495
12,11,202603,202603,ULAX_1204,0,4NENL,N,48,24,"0,00605","0,15",0,0,"0,15",0,F,82
12,11,202603,202603,SPOX_6716,0,1NENI,S,10,"14,3","0,00787","0,1",0,0,"0,1",0,F,363
12,11,202603,202603,SPOX_0835,0,4NENL,N,3,"5,5","0,00608","0,03",0,0,"0,03",0,F,251
12,11,202603,202603,SPOX_0999,0,2NENI,N,196,"145,8","0,00787","1,17","0,04",0,"1,21",0,F,293
12,11,202603,202603,ULAX_4728,0, NENV,N,16,"16,9","0,01499","0,25",0,0,"0,25",0,M,30
12,11,202603,202603,ULAX_1204,0,2NENI,R,87,"89,6","0,00787","0,69","0,02",0,"0,71",0,F,267
12,11,202603,202603,SPOX_0999,0,4NENL,N,1,"0,5","0,00608",0,0,0,0,0,F,805
12,11,202603,202603,SPOX_0046,0,2NENI,N,12,"21,3","0,00787","0,16",0,0,"0,16",0,F,143
12,11,202603,202603,SPOX_0999,0,2NENI,D,28745,"71705,4","0,00787","564,34","21,37",0,"585,71",0,F,251
12,11,202603,202603,ULAX_1204,0, NENV,R,15,"7,5","0,01049","0,09",0,0,"0,09",0,M,34
12,11,202603,202603,ULAX_1204,0,2NENI,N,6,"33,3","0,00787","0,26",0,0,"0,26",0,F,71
12,11,202603,202603,SPO_11184,0,2NENI,N,348,"687,6","0,00787","5,41","0,2",0,"5,61",0,F,431
12,11,202603,202602,ULAX_1201,0,2NENI,N,1,"0,5","0,00787",0,0,0,0,0,F,977
12,11,202603,202603,SPOX_0999,0,2IENI,D,22,"27,9","0,00787","0,21",0,0,"0,21",0,F,319
12,11,202603,202603,ULAX_1204,0,4NENL,N,661,"739,7","0,00608","4,49","0,17",0,"4,66",0,F,67
12,11,202603,202603,ULAX_1201,0,MNENI,R,19,"10,7","0,00787","0,09",0,0,"0,09",0,M,50
12,11,202603,202603,ULAX_1204,0,2NENI,D,33702,"151541,8","0,00787","1192,63","45,17",0,"1237,8",0,F,31
12,11,202603,202603,SPOX_6716,0,2NENI,S,12,"10,2","0,00787","0,07",0,0,"0,07",0,F,363
12,11,202603,202603,SPOX_0999,0,2NENI,S,709,"1557,9","0,00787","12,26","0,46",0,"12,72",0,F,232
12,11,202603,202602,SPOX_0970,0,2NENI,D,1,"1,3","0,0078","0,01",0,0,"0,01",0,F,143
12,11,202603,202603,ULAX_0432,0, NENV,N,434,"221,3","0,01499","3,32","0,12",0,"3,44",0,M,490
12,11,202603,202603,ULAX_1204,0,2NENI,R,13,8,"0,00787","0,06",0,0,"0,06",0,F,294
12,11,202603,202603,SPOX_0970,0,2NENI,D,49,"144,8","0,00787","1,14","0,04",0,"1,18",0,F,638
12,11,202603,202603,SPOX_0999,0,2NENI,N,156,"162,6","0,00787","1,27","0,04",0,"1,31",0,F,364
12,11,202603,202603,ULAX_4760,0,2NENI,D,1,"2,6","0,00787","0,02",0,0,"0,02",0,F,232
12,11,202603,202603,ULAX_0432,0,2NENI,N,2,"2,4","0,00787","0,01",0,0,"0,01",0,F,963
12,11,202603,202603,ULAX_1204,0,2NENI,N,16,"8,6","0,00787","0,04",0,0,"0,04",0,F,95
12,11,202603,202603,SPOX_0083,0,2NENI,D,15,"123,9","0,00787","0,96","0,03",0,"0,99",0,F,212
12,11,202603,202603,SPOX_0999,0,2NENI,D,1692,"2475,9","0,00787","19,49","0,73",0,"20,22",0,F,291
12,11,202603,202603,ULAX_2826,0,4NENL,R,1,"9,1","0,00441","0,04",0,0,"0,04",0,F,934
12,11,202603,202603,SPO_13918,0,MNSNI,R,1,"0,5","0,00787",0,0,0,0,0,M,34
12,11,202603,202603,SPO_11230,0,4NENL,N,9,"39,4","0,00605","0,23",0,0,"0,23",0,F,71
12,11,202603,202602,ULAX_1201,0, NENV,N,1,"0,5","0,01499","0,01",0,0,"0,01",0,M,B99
12,11,202603,202603,SPOX_0999,0,2IENI,D,20,"69,5","0,00787","0,53","0,02",0,"0,55",0,F,842
12,11,202603,202603,ULAX_1204,0,4NENL,N,4,2,"0,00608",0,0,0,0,0,F,256
12,11,202603,202603,ULAX_1201,0, NENV,N,5,"2,5","0,01499","0,03",0,0,"0,03",0,M,73
12,11,202603,202603,SPO_10066,0,1NENI,D,13,20,"0,00787","0,16",0,0,"0,16",0,F,363
12,11,202603,202603,SPOX_0999,0,2NENI,S,107,"185,5","0,00787","1,43","0,05",0,"1,48",0,F,292
12,11,202603,202602,SPOX_0999,0,2NENI,D,1,"0,5","0,0078",0,0,0,0,0,F,674
12,11,202603,202603,ULAX_0432,0, NENV,N,9,"4,8","0,01686","0,09",0,0,"0,09",0,M,68
12,11,202603,202603,ULAX_1204,0,2NENI,R,91,"217,4","0,00787","1,73","0,06",0,"1,79",0,F,470
12,11,202603,202603,SPOX_0999,0,4NENL,R,1367,"4965,8","0,00423","20,99","0,79",0,"21,78",0,F,85
12,11,202603,202603,SPOX_0970,0,4NENL,R,1,"0,5","0,00427",0,0,0,0,0,F,766
12,11,202603,202603,SPOX_0999,0,2NENI,N,18,"15,6","0,00787","0,09",0,0,"0,09",0,F,709
12,11,202603,202603,ULAX_4760,0,4NENL,R,1,"6,4","0,00423","0,03",0,0,"0,03",0,F,767
12,11,202603,202603,ULAX_0432,0,2NENI,S,13,"7,8","0,00787","0,04",0,0,"0,04",0,F,977
12,11,202603,202603,ULAX_1204,0,2NENI,N,3,"2,8","0,00787","0,01",0,0,"0,01",0,F,220
12,11,202603,202603,SPOX_0999,0,4IENL,N,10,"8,7","0,00608","0,05",0,0,"0,05",0,F,960
12,11,202603,202603,SPOX_0083,0,4NENL,N,21,"33,7","0,0061","0,18",0,0,"0,18",0,F,766
12,11,202603,202603,SPOX_0999,0,2NENI,D,4898,"12153,2","0,00787","95,66","3,62",0,"99,28",0,F,361
12,11,202603,202603,ULAX_4036,0,MNENI,N,12,"7,3","0,0076","0,04",0,0,"0,04",0,M,34
12,11,202603,202603,SPO_14667,0,2NENI,D,1314,"6158,4","0,00787","48,46","1,83",0,"50,29",0,F,143
12,11,202603,202603,SPO_11360,0,MNENI,N,13,36,"0,0076","0,26","0,01",0,"0,27",0,M,34
12,11,202603,202603,ULAX_1204,0,2NENI,D,613,588,"0,00787","4,61","0,17",0,"4,78",0,F,204
12,11,202603,202602,ULAX_1204,0,2NENI,D,1,"2,5","0,0078","0,02",0,0,"0,02",0,F,232
12,11,202603,202603,SPOX_0999,0,2IENI,N,4,"5,5","0,00787","0,04",0,0,"0,04",0,F,41
12,11,202603,202603,ULAX_1204,0,4NENL,N,2,1,"0,00608",0,0,0,0,0,F,764
12,11,202603,202603,ULAX_1201,0, NENV,N,3,"1,5","0,01686","0,03",0,0,"0,03",0,M,447
12,11,202603,202603,SPO_10092,0,2NENI,R,98,"231,4","0,00787","1,82","0,06",0,"1,88",0,F,357
12,11,202603,202603,SPOX_0999,0,2NENI,S,36,"24,2","0,00787","0,2",0,0,"0,2",0,F,470
12,11,202603,202603,ULAX_1204,0,1NENI,S,3,"1,5","0,00787",0,0,0,0,0,F,262
12,11,202603,202602,SPOX_0999,0,2NENI,D,2,"2,2","0,00787","0,01",0,0,"0,01",0,F,361
12,11,202603,202603,ULAX_0432,0, NENV,R,2,1,"0,01049","0,01",0,0,"0,01",0,M,495
12,11,202603,202603,ULAX_1204,0,2NENI,R,3,"4,1","0,00787","0,03",0,0,"0,03",0,F,927
12,11,202603,202603,SPOX_0999,0,4NENL,R,2,1,"0,00423",0,0,0,0,0,F,284
12,11,202603,202603,SPOX_0999,0,1NENI,D,190,"341,7","0,00787","2,69","0,1",0,"2,79",0,F,205
12,11,202603,202603,SPOX_0999,0,2NENI,N,36,"37,7","0,00787","0,3","0,01",0,"0,31",0,F,927
12,11,202603,202603,ULAX_4763,0,2NENI,D,1,"1,4","0,00787","0,01",0,0,"0,01",0,F,235
12,11,202603,202603,ULAX_0432,0,4NENL,N,19,"9,5","0,00608","0,05",0,0,"0,05",0,F,55
12,11,202603,202603,ULAX_1204,0,2NENI,N,811,"1221,7","0,00787","9,63","0,36",0,"9,99",0,F,255
12,11,202603,202603,SPOX_0999,0,4IENL,R,2,"3,6","0,00425","0,01",0,0,"0,01",0,F,62
12,11,202603,202603,SPOX_0347,0,2NENI,D,5,"17,5","0,00787","0,13",0,0,"0,13",0,F,638
12,11,202603,202603,SPOX_0999,0,2NENI,D,567,"1140,7","0,00787","8,99","0,33",0,"9,32",0,F,705
12,11,202603,202603,ULAX_4113,0,2NENI,N,3578,"11484,9","0,00787","90,38","3,42",0,"93,8",0,F,674
12,11,202603,202603,SPO_14667,0,MNENI,N,2,1,"0,0076",0,0,0,0,0,M,325
12,11,202603,202603,SPO_11362,0,4NENL,N,40,"94,1","0,00608","0,57","0,02",0,"0,59",0,F,804
12,11,202603,202603,ULAX_1204,0,2NENI,D,64756,"273002,7","0,00787","2148,54","81,38",0,"2229,92",0,F,232
12,11,202603,202602,ULAX_1204,0,2NENI,D,8,"29,3","0,00787","0,23",0,0,"0,23",0,F,232
12,11,202603,202603,SPOX_0999,0,2IENI,N,40,"90,9","0,00787","0,69","0,02",0,"0,71",0,F,357
12,11,202603,202603,ULAX_1204,0,4NENL,N,105,"69,5","0,00608","0,45","0,01",0,"0,46",0,F,965
12,11,202603,202603,ULAX_1204,0,1NENI,D,62,"109,3","0,00787","0,86","0,03",0,"0,89",0,F,51
12,11,202603,202603,SPO_10152,0,4NENL,N,1,"0,5","0,0061",0,0,0,0,0,F,766
12,11,202603,202603,SPOX_0999,0,2NSNI,N,7,"48,1","0,00787","0,38","0,01",0,"0,39",0,F,317
12,11,202603,202603,ULAX_1204,0,2IENI,D,46,"171,1","0,00787","1,32","0,05",0,"1,37",0,F,235
12,11,202603,202602,SPOX_0999,0,2NENI,N,4,"9,3","0,00787","0,08",0,0,"0,08",0,F,227
12,11,202603,202603,ULAX_0953,0,4NENL,N,2,"14,7","0,00608","0,09",0,0,"0,09",0,F,707
12,11,202603,202603,ULAX_1204,0,2NENI,S,174,"281,6","0,00787","2,2","0,08",0,"2,28",0,F,21
12,11,202603,202603,SPOX_0999,0,4NENL,R,4,"3,1","0,00423","0,02",0,0,"0,02",0,F,971
12,11,202603,202603,SPOX_0999,0,1NENI,D,1,"11,7","0,00787","0,09",0,0,"0,09",0,F,285
12,11,202603,202603,SPOX_0999,0,2NENI,N,28,"25,7","0,00787","0,19",0,0,"0,19",0,F,981
12,11,202603,202603,ULAX_4763,0,4NENL,N,1,"1,4","0,00631","0,01",0,0,"0,01",0,F,235
12,11,202603,202603,ULAX_0432,0,4NENL,N,25,"12,5","0,00608","0,07",0,0,"0,07",0,F,852
12,11,202603,202603,ULAX_1204,0,2NENI,N,211,"116,5","0,00787","0,93","0,03",0,"0,96",0,F,293
12,11,202603,202603,SPOX_0999,0,4NENL,N,232,"226,5","0,00605","1,37","0,05",0,"1,42",0,F,91
12,11,202603,202603,SPOX_0543,0,2NENI,D,8353,23067,"0,00787","181,57","6,87",0,"188,44",0,F,351
12,11,202603,202603,SPOX_0999,0,2NENI,D,14,"27,2","0,00787","0,21",0,0,"0,21",0,F,807
12,11,202603,202603,ULAX_4202,0,1NENI,D,417,"3466,3","0,00787","27,27","1,03",0,"28,3",0,F,674
12,11,202603,202603,SPO_14679,0,2NSNI,N,15,"62,4","0,00787","0,47","0,01",0,"0,48",0,F,363
12,11,202603,202603,SPO_11366,0,2NENI,D,15725,"65440,2","0,00787","515,01","19,5",0,"534,51",0,F,361
12,11,202603,202603,ULAX_1204,0,2NENI,D,1073,"1700,1","0,00787","13,35","0,5",0,"13,85",0,F,261
12,11,202603,202602,ULAX_1204,0,2NENI,N,1,"0,5","0,0078",0,0,0,0,0,F,31
12,11,202603,202603,SPOX_0999,0,2IENI,N,2,1,"0,00787",0,0,0,0,0,F,960
12,11,202603,202603,ULAX_1204,0,4NENL,R,2,1,"0,00423",0,0,0,0,0,F,83
12,11,202603,202603,ULAX_1204,0,1NENI,D,8,"35,4","0,00787","0,28","0,01",0,"0,29",0,F,267
12,11,202603,202603,SPO_10402,0, NENV,N,8,4,"0,01779","0,08",0,0,"0,08",0,M,325
12,11,202603,202603,SPOX_0999,0,4IENL,N,42,"56,3","0,00605","0,35","0,01",0,"0,36",0,F,780
12,11,202603,202603,ULAX_1204,0,2IENI,D,6,"18,5","0,00787","0,14",0,0,"0,14",0,F,364
12,11,202603,202602,SPOX_0999,0,2NENI,N,2,"3,8","0,00787","0,03",0,0,"0,03",0,F,757
12,11,202603,202603,ULAX_1055,0,2NENI,N,824,"1875,1","0,00787","14,75","0,55",0,"15,3",0,F,355
12,11,202603,202603,ULAX_1204,0,2NENI,S,4,"2,3","0,00787","0,01",0,0,"0,01",0,F,242
12,11,202603,202603,SPOX_0999,0,4NENL,R,3,"2,7","0,00425","0,01",0,0,"0,01",0,F,224
12,11,202603,202603,SPOX_0999,0,1NENI,D,134,"197,2","0,00787","1,56","0,05",0,"1,61",0,F,757
12,11,202603,202603,SPOX_0999,0,2NENI,R,7,"18,8","0,00787","0,15",0,0,"0,15",0,F,51
12,11,202603,202603,ULAX_0432,0,4NENL,R,3,"1,5","0,00425",0,0,0,0,0,F,951
12,11,202603,202603,ULAX_1204,0,2NENI,N,154,"147,8","0,00787","1,18","0,04",0,"1,22",0,F,364
12,11,202603,202603,SPOX_0999,0,4NENL,N,1,"0,5","0,00605",0,0,0,0,0,F,243
12,11,202603,202603,SPOX_0543,0,4NENL,R,2,"13,8","0,00423","0,05",0,0,"0,05",0,F,884
12,11,202603,202603,SPOX_0999,0,2NENI,D,439,"694,1","0,00787","5,45","0,2",0,"5,65",0,F,948
12,11,202603,202603,ULAX_4202,0,2NSNI,N,4,"5,6","0,0076","0,04",0,0,"0,04",0,F,48
12,11,202603,202603,SPO_14681,0,4NENL,N,1,"9,8","0,0061","0,06",0,0,"0,06",0,F,203
12,11,202603,202603,SPO_11370,0,1NENI,R,3,"4,5","0,00787","0,04",0,0,"0,04",0,F,361
12,11,202603,202603,ULAX_1204,0,2NENI,D,79,60,"0,00787","0,46","0,01",0,"0,47",0,F,295
12,11,202603,202602,ULAX_1204,0,2NENI,N,3,"13,6","0,00787","0,11",0,0,"0,11",0,F,292
12,11,202603,202603,SPOX_0999,0,2IENI,R,1,"0,5","0,00787",0,0,0,0,0,F,319
12,11,202603,202603,ULAX_1204,0,4NENL,R,69,"232,6","0,00423","0,98","0,03",0,"1,01",0,F,291
12,11,202603,202603,ULAX_1204,0,1NENI,D,1,"1,4","0,00787","0,01",0,0,"0,01",0,F,738
12,11,202603,202603,SPO_10448,0,2NENI,D,12,"9,4","0,00787","0,08",0,0,"0,08",0,F,364
12,11,202603,202603,ULAX_1204,0,2IENI,D,1,"0,5","0,00787",0,0,0,0,0,F,967
12,11,202603,202602,SPOX_0999,0,4NENL,N,6,"13,9","0,00602","0,08",0,0,"0,08",0,F,251
12,11,202603,202603,ULAX_1201,0,2ISNI,D,1,"0,5","0,0076",0,0,0,0,0,F,48
12,11,202603,202603,SPOX_0999,0,2NENI,R,12,"29,8","0,00787","0,22",0,0,"0,22",0,F,204
12,11,202603,202603,ULAX_1204,0,2NENI,S,3,"2,4","0,00787","0,02",0,0,"0,02",0,F,317
12,11,202603,202603,SPOX_0999,0,4NENL,R,14,"18,1","0,00425","0,08",0,0,"0,08",0,F,842
12,11,202603,202603,SPOX_0999,0,1NENI,N,32,"40,8","0,00787","0,32","0,01",0,"0,33",0,F,51
12,11,202603,202603,ULAX_0432,0,MNENI,D,1264,"840,7","0,00787","6,62","0,25",0,"6,87",0,M,451
12,11,202603,202603,ULAX_4616,0,2NENI,D,1,"0,5","0,00787",0,0,0,0,0,F,767
12,11,202603,202603,ULAX_1204,0,2NENI,N,21,"20,6","0,00787","0,13",0,0,"0,13",0,F,709
12,11,202603,202603,SPOX_0999,0,4NENL,N,1,"0,5","0,00605",0,0,0,0,0,F,428
12,11,202603,202603,SPOX_0551,0,2NENI,D,8296,"22680,8","0,00787","178,47","6,76",0,"185,23",0,F,351
12,11,202603,202603,ULAX_0432,0,1NENI,D,61,"62,4","0,00787","0,49","0,01",0,"0,5",0,F,951
12,11,202603,202603,ULAX_1204,0,4NENL,R,3,"4,1","0,00423","0,01",0,0,"0,01",0,F,927
12,11,202603,202603,SPO_11402,0,2NENI,R,44,"41,8","0,00787","0,3","0,01",0,"0,31",0,F,143
12,11,202603,202603,ULAX_1204,0,2NENI,D,2930,"13480,2","0,00787","106,11","4,01",0,"110,12",0,F,431
12,11,202603,202602,ULAX_1204,0,4NENL,N,1,4,"0,00598","0,02",0,0,"0,02",0,F,85
12,11,202603,202603,SPOX_0999,0,2IENI,R,2,"2,4","0,00787","0,01",0,0,"0,01",0,F,931
12,11,202603,202603,ULAX_1204,0,1NENI,N,21,"88,4","0,00787","0,69","0,02",0,"0,71",0,F,85
12,11,202603,202603,ULAX_1204,0,4NENL,N,131,"81,4","0,00605","0,5","0,01",0,"0,51",0,F,83
12,11,202603,202603,SPO_10705,0,2NENI,N,1433,"4330,1","0,00787","34,08","1,29",0,"35,37",0,F,363
12,11,202603,202603,ULAX_1204,0,2IENI,N,58,"84,2","0,00787","0,65","0,02",0,"0,67",0,F,281
12,11,202603,202602,SPOX_0999,0,4NENL,N,3,"2,2","0,00608","0,01",0,0,"0,01",0,F,251
12,11,202603,202603,ULAX_1201,0,2NENI,N,34,"94,8","0,00787","0,73","0,02",0,"0,75",0,F,121
12,11,202603,202603,SPOX_0999,0,2NENI,R,794,"2234,8","0,00787","17,59","0,66",0,"18,25",0,F,247
12,11,202603,202603,ULAX_1204,0,2NENI,S,5,"8,6","0,00787","0,07",0,0,"0,07",0,F,767
12,11,202603,202603,SPOX_0999,0,MNENI,D,286,"157,6","0,00787","1,23","0,04",0,"1,27",0,M,451
12,11,202603,202603,SPOX_0999,0,1NENI,N,12,"7,5","0,00787","0,05",0,0,"0,05",0,F,294
12,11,202603,202603,ULAX_0432,0,MNENI,N,1,"0,5","0,00787",0,0,0,0,0,M,70
12,11,202603,202603,SPOX_0999,0,2NENI,N,79,"51,6","0,00787","0,41","0,01",0,"0,42",0,F,47
12,11,202603,202603,ULAX_4721,0,MNENI,S,58,"199,9","0,0076","1,52","0,05",0,"1,57",0,M,34
12,11,202603,202603,ULAX_1204,0,2NENI,N,161,"225,5","0,00787","1,79","0,06",0,"1,85",0,F,921
12,11,202603,202603,SPOX_0999,0,4NENL,N,791,"1147,8","0,00605","6,95","0,26",0,"7,21",0,F,921
12,11,202603,202603,SPOX_0551,0,MNENI,D,34,"38,9","0,0076","0,31","0,01",0,"0,32",0,M,34
12,11,202603,202603,ULAX_0432,0,2NENI,D,2,"1,6","0,00787","0,01",0,0,"0,01",0,F,5
12,11,202603,202603,SPOX_0999,0,2IENI,S,0,"20,1","0,00787","0,16",0,0,"0,16",0,F,355
12,11,202603,202603,ULAX_1204,0,4NENL,R,24,"111,4","0,00425","0,45","0,01",0,"0,46",0,F,192
12,11,202603,202603,SPO_11460,0, NENV,N,3,"1,5","0,01499","0,03",0,0,"0,03",0,M,34
12,11,202603,202603,ULAX_1204,0,2NENI,D,563,"1153,7","0,00787","9,04","0,34",0,"9,38",0,F,705
12,11,202603,202602,ULAX_1204,0,4NENL,N,9,"51,1","0,00605","0,31","0,01",0,"0,32",0,F,221
12,11,202603,202603,ULAX_1204,0,1NENI,N,10,"6,9","0,00787","0,04",0,0,"0,04",0,F,294
12,11,202603,202603,SPOX_0999,0,1NENI,N,2,"20,2","0,00787","0,16",0,0,"0,16",0,F,431
12,11,202603,202603,ULAX_1204,0,4NENL,N,1,"0,5","0,00605",0,0,0,0,0,F,229
12,11,202603,202603,SPO_10809,0,MNENI,N,5,"2,5","0,0076",0,0,0,0,0,M,325
12,11,202603,202603,ULAX_1204,0,2IENI,N,1,"2,4","0,00787","0,02",0,0,"0,02",0,F,432
12,11,202603,202602,SPOX_0999,0, NENV,N,1,"0,5","0,0165","0,01",0,0,"0,01",0,M,451
12,11,202603,202603,ULAX_1201,0,4NENL,N,1,"0,5","0,00605",0,0,0,0,0,F,426
12,11,202603,202603,SPOX_0999,0,2NENI,R,1432,"3759,9","0,00787","29,59","1,12",0,"30,71",0,F,292
12,11,202603,202603,ULAX_1204,0,4IENL,N,2,1,"0,00605",0,0,0,0,0,F,219
12,11,202603,202603,SPOX_0999,0, NENV,N,584,"343,9","0,01686","5,8","0,21",0,"6,01",0,M,6
12,11,202603,202603,ULAX_0432,0,MNENI,N,4926,"2483,9","0,00787","19,55","0,74",0,"20,29",0,M,494
12,11,202603,202603,SPOX_0811,0,4NENL,N,3,"4,6","0,00608","0,02",0,0,"0,02",0,F,251
12,11,202603,202603,SPOX_0999,0,2NENI,N,9,"4,5","0,00787","0,02",0,0,"0,02",0,F,94
12,11,202603,202603,ULAX_4726,0,1NENI,D,1380,"7350,2","0,00787","57,85","2,19",0,"60,04",0,F,355
12,11,202603,202603,ULAX_1204,0,2NENI,N,2,1,"0,00787",0,0,0,0,0,F,979
12,11,202603,202603,SPOX_0999,0,4NENL,N,22953,18374,"0,00607","111,54","4,22",0,"115,76",0,F,42
12,11,202603,202603,ULAX_0432,0,2NENI,D,1,"1,4","0,00787","0,01",0,0,"0,01",0,F,317
12,11,202603,202603,SPOX_0999,0,2NENI,D,16,"16,6","0,00787","0,12",0,0,"0,12",0,F,55
12,11,202603,202603,ULAX_1204,0,4NENL,R,8,"16,1","0,00425","0,06",0,0,"0,06",0,F,541
12,11,202603,202603,SPO_11464,0, NENV,N,12,6,"0,01499","0,1",0,0,"0,1",0,M,34
12,11,202603,202603,ULAX_1204,0,2NENI,D,1,"1,2","0,00787","0,01",0,0,"0,01",0,F,808
12,11,202603,202603,ULAX_1204,0,1NENI,N,1,"0,5","0,00787",0,0,0,0,0,F,951
12,11,202603,202603,SPOX_0999,0,1NENI,R,5,"8,3","0,00787","0,06",0,0,"0,06",0,F,5
12,11,202603,202603,ULAX_1204,0,4NENL,N,14925,"52584,4","0,00605","318,12","12,05",0,"330,17",0,F,292
12,11,202603,202603,SPO_11144,0,2NENI,D,3,"34,1","0,00787","0,27","0,01",0,"0,28",0,F,241
12,11,202603,202603,ULAX_1204,0,2IENI,R,4,"3,7","0,00787","0,03",0,0,"0,03",0,F,62
12,11,202603,202603,ULAX_1201,0,MNENI,D,93,"61,7","0,00787","0,48","0,01",0,"0,49",0,M,6
12,11,202603,202603,SPOX_0999,0,2NENI,R,12,"12,2","0,00787","0,08",0,0,"0,08",0,F,363
12,11,202603,202603,ULAX_1204,0,4IENL,N,4,"5,1","0,00608","0,02",0,0,"0,02",0,F,41
12,11,202603,202603,SPOX_6685,0,MNENI,S,4,2,"0,0076","0,01",0,0,"0,01",0,M,325
12,11,202603,202603,ULAX_0432,0,MNENI,R,13,"7,4","0,00787","0,06",0,0,"0,06",0,M,50
12,11,202603,202603,SPOX_0812,0,2NENI,R,277,354,"0,00787","2,79","0,1",0,"2,89",0,F,361
12,11,202603,202603,SPOX_0999,0,2NENI,N,1,"0,5","0,00787",0,0,0,0,0,F,220
12,11,202603,202603,ULAX_4726,0,2NSNI,N,91,247,"0,00787","1,94","0,07",0,"2,01",0,F,355
12,11,202603,202603,ULAX_1204,0,2NENI,R,9,"19,2","0,00787","0,15",0,0,"0,15",0,F,51
12,11,202603,202603,SPOX_0999,0,4NENL,N,742,"796,9","0,00608","4,85","0,18",0,"5,03",0,F,204
12,11,202603,202603,ULAX_0432,0,2NENI,D,39,"37,4","0,00787","0,29","0,01",0,"0,3",0,F,925
12,11,202603,202602,ULAX_4113,0,MNENI,D,1,"0,5","0,0076",0,0,0,0,0,M,348
12,11,202603,202603,SPOX_0999,0,2NENI,D,49,"60,4","0,00787","0,47","0,01",0,"0,48",0,F,95
12,11,202603,202603,ULAX_1204,0,MNENI,D,191,"131,4","0,00787","1,02","0,03",0,"1,05",0,M,6
12,11,202603,202603,SPO_12218,0,1NENI,R,2,1,"0,00787","0,01",0,0,"0,01",0,F,361
12,11,202603,202603,ULAX_1204,0,2NENI,D,193,"256,7","0,00787","2,03","0,07",0,"2,1",0,F,960
12,11,202603,202603,ULAX_1204,0,1NENI,R,28,"19,6","0,00787","0,13",0,0,"0,13",0,F,262
12,11,202603,202602,SPO_12222,0,1NENI,N,1,"0,5","0,0078",0,0,0,0,0,F,361
12,11,202603,202603,SPOX_0999,0,1NENI,R,2,"1,5","0,00787","0,01",0,0,"0,01",0,F,705
12,11,202603,202603,ULAX_1204,0,4NENL,N,8429,"29524,2","0,00605","178,61","6,76",0,"185,37",0,F,780
12,11,202603,202603,SPO_11144,0,MNENI,N,1,"0,5","0,00787",0,0,0,0,0,M,441
12,11,202603,202603,ULAX_1204,0,2IENI,R,3,"4,6","0,00787","0,03",0,0,"0,03",0,F,359
12,11,202603,202603,ULAX_1201,0,MNENI,D,1,"0,5","0,00787",0,0,0,0,0,M,453
12,11,202603,202603,SPOX_0999,0,2NENI,R,2,1,"0,00787",0,0,0,0,0,F,865
12,11,202603,202603,ULAX_1204,0,4IENL,R,3,"6,5","0,00423","0,02",0,0,"0,02",0,F,292
12,11,202603,202603,SPOX_6698,0,2NENI,N,4762,"15353,4","0,00787","120,83","4,57",0,"125,4",0,F,363
12,11,202603,202603,ULAX_0432,0,MNENI,R,1,"0,5","0,00787",0,0,0,0,0,M,498
12,11,202603,202603,SPOX_0823,0,2NENI,R,14,"13,5","0,00787","0,1",0,0,"0,1",0,F,361
12,11,202603,202603,SPOX_0999,0,2NENI,N,776,"1364,9","0,00787","10,7","0,4",0,"11,1",0,F,255
12,11,202603,202603,ULAX_4726,0, NENV,R,2,"5,4","0,01049","0,06",0,0,"0,06",0,M,34
12,11,202603,202603,ULAX_1204,0,2NENI,R,2,"5,3","0,00787","0,04",0,0,"0,04",0,F,214
12,11,202603,202603,SPOX_0999,0,4NENL,N,551,"436,8","0,00608","2,65","0,1",0,"2,75",0,F,293
12,11,202603,202603,ULAX_0432,0,2NENI,N,74,"73,4","0,00787","0,61","0,02",0,"0,63",0,F,121
12,11,202603,202602,ULAX_4726,0,MNENI,N,4,"2,4","0,0076","0,02",0,0,"0,02",0,M,34
12,11,202603,202603,SPOX_0999,0,2NENI,D,46848,"246055,9","0,00787","1936,47","73,35",0,"2009,82",0,F,221
12,11,202603,202603,ULAX_1204,0,MNENI,R,17,"10,1","0,00787","0,08",0,0,"0,08",0,M,451
12,11,202603,202603,SPO_13918,0,2IENI,R,1,"4,5","0,00787","0,04",0,0,"0,04",0,F,318
12,11,202603,202603,ULAX_1204,0,2NENI,D,67,"36,6","0,00787","0,27","0,01",0,"0,28",0,F,991
12,11,202603,202602,ULAX_0432,0,MNENI,N,1,"0,5","0,0078",0,0,0,0,0,M,18
12,11,202603,202603,SPOX_0999,0,2IENI,D,59,"202,2","0,00787","1,59","0,06",0,"1,65",0,F,31
12,11,202603,202603,ULAX_1204,0,4NENL,N,103,"57,4","0,00605","0,35","0,01",0,"0,36",0,F,985
12,11,202603,202603,ULAX_1201,0,MNENI,N,190,"105,1","0,00787","0,82","0,03",0,"0,85",0,M,50
12,11,202603,202603,SPO_11182,0,1NENI,D,123,"235,6","0,00787","1,87","0,07",0,"1,94",0,F,431
12,11,202603,202603,ULAX_1204,0,2IENI,S,1,"0,9","0,00787","0,01",0,0,"0,01",0,F,281
12,11,202603,202603,SPOX_0999,0,2NENI,D,3,"1,5","0,00787",0,0,0,0,0,F,239
12,11,202603,202603,ULAX_1204,0,MNSNI,R,2,"6,8","0,00787","0,06",0,0,"0,06",0,M,34
12,11,202603,202603,ULAX_1204,0,2NENI,N,41,"61,3","0,00787","0,49","0,01",0,"0,5",0,F,41
12,11,202603,202602,ULAX_0432,0, NENV,N,1,"0,5","0,01503","0,01",0,0,"0,01",0,M,34
12,11,202603,202603,SPOX_0999,0,2IENI,D,33,"133,1","0,00787","1,04","0,03",0,"1,07",0,F,235
12,11,202603,202603,ULAX_1204,0,4NENL,N,1974,"1723,1","0,00607","10,45","0,39",0,"10,84",0,F,242
12,11,202603,202603,ULAX_1201,0,MNENI,N,752,"460,1","0,00787","3,62","0,13",0,"3,75",0,M,451
12,11,202603,202603,ULAX_1204,0,2IENI,S,4,"2,4","0,00787","0,02",0,0,"0,02",0,F,363
12,11,202603,202603,SPOX_0999,0,2NENI,S,133,"387,2","0,00787","3,06","0,11",0,"3,17",0,F,85
12,11,202603,202601,ULAX_4113,0,2NENI,D,3,"17,7","0,0078","0,14",0,0,"0,14",0,F,674
12,11,202603,202603,ULAX_0432,0, NENV,N,1,"0,5","0,01499","0,01",0,0,"0,01",0,M,37
12,11,202603,202603,SPOX_6716,0,2NENI,N,2,"2,3","0,00787","0,02",0,0,"0,02",0,F,247
12,11,202603,202603,SPOX_0835,0, NENV,N,66,"82,3","0,01499","1,21","0,04",0,"1,25",0,M,34
12,11,202603,202603,SPOX_0999,0,2NENI,N,3591,"12238,3","0,00787","96,32","3,64",0,"99,96",0,F,318
12,11,202603,202603,ULAX_4728,0, NENV,R,44,109,"0,01049","1,17","0,04",0,"1,21",0,M,430
12,11,202603,202603,ULAX_0432,0,2NENI,N,135,"82,6","0,00787","0,65","0,02",0,"0,67",0,F,767
12,11,202603,202603,SPOX_0999,0,4NENL,N,791,"1394,3","0,00608","8,46","0,32",0,"8,78",0,F,951
12,11,202603,202603,SPOX_0046,0,4NENL,R,1,"11,8","0,00441","0,05",0,0,"0,05",0,F,225
12,11,202603,202603,SPOX_0999,0,2NENI,D,3160,"2626,4","0,00787","20,65","0,78",0,"21,43",0,F,267
12,11,202603,202603,ULAX_2826,0,2NENI,D,36,"82,2","0,00787","0,65","0,02",0,"0,67",0,F,807
12,11,202603,202603,SPO_13918,0,2NENI,D,1105,"2466,4","0,00787","19,39","0,73",0,"20,12",0,F,318
12,11,202603,202603,ULAX_1204,0,2NENI,N,10,"5,1","0,00787","0,01",0,0,"0,01",0,F,86
12,11,202603,202603,SPO_11186,0,2NENI,R,4,"6,8","0,00787","0,05",0,0,"0,05",0,F,431
12,11,202603,202602,ULAX_1201,0,MNENI,D,1,"0,5","0,00787",0,0,0,0,0,M,6
12,11,202603,202603,SPOX_0999,0,2IENI,D,147,459,"0,00787","3,6","0,13",0,"3,73",0,F,363
12,11,202603,202603,ULAX_1204,0,4NENL,N,76,"192,8","0,00608","1,16","0,04",0,"1,2",0,F,207
12,11,202603,202603,ULAX_1201,0,MNENI,S,35,"17,5","0,00787","0,1",0,0,"0,1",0,M,451
12,11,202603,202603,ULAX_1204,0,2NENI,D,2870,"10928,6","0,00787","86,01","3,25",0,"89,26",0,F,62
12,11,202603,202603,SPOX_7137,0,2NENI,R,1,"1,4","0,00787","0,01",0,0,"0,01",0,F,319
12,11,202603,202603,SPOX_0999,0,2NENI,S,1,"1,3","0,00787","0,01",0,0,"0,01",0,F,255
12,11,202603,202602,SPOX_0999,0,2NENI,D,6,"65,7","0,0078","0,51","0,01",0,"0,52",0,F,232
12,11,202603,202603,ULAX_0432,0, NENV,N,256,"135,1","0,01499","2,03","0,07",0,"2,1",0,M,497
12,11,202603,202603,ULAX_1204,0,2NENI,R,536,"1307,2","0,00787","10,29","0,38",0,"10,67",0,F,351
12,11,202603,202603,SPOX_0999,0,4NENL,N,7490,"28228,7","0,00631","178,15","6,74",0,"184,89",0,F,235
12,11,202603,202603,SPOX_0970,0,2NENI,N,1,"0,5","0,00787",0,0,0,0,0,F,766
12,11,202603,202603,SPOX_0999,0,2NENI,N,1,"0,5","0,00787",0,0,0,0,0,F,619
12,11,202603,202603,ULAX_4760,0,2NENI,N,17,"41,6","0,00787","0,33","0,01",0,"0,34",0,F,767
12,11,202603,202603,ULAX_0432,0,2NENI,R,1,"0,5","0,00787",0,0,0,0,0,F,655
12,11,202603,202603,ULAX_1204,0,2NENI,N,186,"183,3","0,00787","1,44","0,05",0,"1,49",0,F,204
12,11,202603,202603,SPOX_0083,0,2NENI,N,10,"27,4","0,00787","0,2",0,0,"0,2",0,F,638
12,11,202603,202603,SPOX_0999,0,2NENI,D,342,"970,5","0,00787","7,62","0,28",0,"7,9",0,F,316
12,11,202603,202603,ULAX_4030,0,2NENI,R,6,"5,6","0,00787","0,04",0,0,"0,04",0,F,661
12,11,202603,202603,SPO_14657,0,MNENI,D,15,"12,1","0,0076","0,08",0,0,"0,08",0,M,325
12,11,202603,202603,SPO_11232,0,2IENI,N,5,"4,1","0,00787","0,04",0,0,"0,04",0,F,317
12,11,202603,202603,ULAX_1204,0,2NENI,D,127,206,"0,00787","1,62","0,06",0,"1,68",0,F,91
12,11,202603,202602,ULAX_1201,0, NENV,N,3,"1,5","0,01686","0,03",0,0,"0,03",0,M,A61
12,11,202603,202603,SPOX_0999,0,2IENI,D,8,"7,7","0,00787","0,05",0,0,"0,05",0,F,960
12,11,202603,202603,ULAX_1204,0,4NENL,N,1943,1513,"0,00608","9,19","0,34",0,"9,53",0,F,294
12,11,202603,202603,ULAX_1201,0, NENV,N,1,"0,5","0,01499","0,01",0,0,"0,01",0,M,494
12,11,202603,202603,SPO_10092,0,1NENI,N,2,"1,5","0,00787","0,01",0,0,"0,01",0,F,357
12,11,202603,202603,SPOX_0999,0,2NENI,S,1,"2,1","0,00787","0,02",0,0,"0,02",0,F,319
12,11,202603,202603,ULAX_1204,0,1NENI,R,11,"29,1","0,00787","0,23",0,0,"0,23",0,F,355
12,11,202603,202602,SPOX_0999,0,2NENI,D,1,"0,5","0,00787",0,0,0,0,0,F,251
12,11,202603,202603,ULAX_0432,0, NENV,N,212,"120,2","0,01686","2,05","0,07",0,"2,12",0,M,463
12,11,202603,202603,ULAX_1204,0,2NENI,R,5,"3,2","0,00787","0,03",0,0,"0,03",0,F,706
12,11,202603,202603,SPOX_0999,0,4NENL,R,5625,27222,"0,00423","115,15","4,36",0,"119,51",0,F,221
12,11,202603,202603,SPOX_0970,0, NSNV,N,1,"0,8","0,01499","0,01",0,0,"0,01",0,M,34
12,11,202603,202603,SPOX_0999,0,2NENI,N,6,"3,2","0,00787","0,02",0,0,"0,02",0,F,807
12,11,202603,202603,ULAX_4763,0,1NSNI,N,109,"210,8","0,00787","1,66","0,06",0,"1,72",0,F,35
12,11,202603,202603,ULAX_0432,0,4NENL,N,46,"29,8","0,00605","0,2",0,0,"0,2",0,F,655
12,11,202603,202603,ULAX_1204,0,2NENI,N,240,"797,7","0,00787","6,27","0,23",0,"6,5",0,F,240
12,11,202603,202603,SPOX_0999,0,4IENL,R,101,"319,2","0,00423","1,35","0,05",0,"1,4",0,F,232
12,11,202603,202603,SPOX_0326,0,2NENI,N,57,"95,7","0,00787","0,74","0,02",0,"0,76",0,F,143
12,11,202603,202603,SPOX_0999,0,2NENI,D,1,"0,5","0,00787",0,0,0,0,0,F,466
12,11,202603,202603,ULAX_4039,0,4NENL,N,1,"0,5","0,00608",0,0,0,0,0,F,805
12,11,202603,202603,SPO_14667,0,2NENI,N,1,"4,5","0,00787","0,04",0,0,"0,04",0,F,638
12,11,202603,202603,SPO_11362,0,1NENI,N,4,"10,4","0,00787","0,09",0,0,"0,09",0,F,804
12,11,202603,202603,ULAX_1204,0,2NENI,D,12,"22,4","0,00787","0,17",0,0,"0,17",0,F,214
12,11,202603,202602,ULAX_1204,0,2NENI,D,2,"3,3","0,0078","0,02",0,0,"0,02",0,F,355
12,11,202603,202603,SPOX_0999,0,2IENI,N,2,"5,2","0,00787","0,04",0,0,"0,04",0,F,284
12,11,202603,202603,ULAX_1204,0,4NENL,N,669,"2517,3","0,00608","15,3","0,58",0,"15,88",0,F,842
12,11,202603,202603,ULAX_1201,0, NENV,R,2,1,"0,0118","0,02",0,0,"0,02",0,M,6
12,11,202603,202603,SPO_10152,0,2NENI,D,2,"15,6","0,00787","0,12",0,0,"0,12",0,F,203
12,11,202603,202603,SPOX_0999,0,2NENI,S,8,"12,1","0,00787","0,09",0,0,"0,09",0,F,767
12,11,202603,202603,ULAX_1204,0,2IENI,D,7,"4,6","0,00787","0,03",0,0,"0,03",0,F,5
12,11,202603,202602,SPOX_0999,0,2NENI,N,1,1,"0,0078","0,01",0,0,"0,01",0,F,232
12,11,202603,202603,ULAX_0432,0, NENV,R,2,1,"0,0118","0,02",0,0,"0,02",0,M,462
12,11,202603,202603,ULAX_1204,0,2NENI,R,1,"0,9","0,00787","0,01",0,0,"0,01",0,F,961
12,11,202603,202603,SPOX_0999,0,4NENL,R,78,"287,6","0,00423","1,21","0,04",0,"1,25",0,F,298
12,11,202603,202603,SPOX_0999,0,1NENI,D,67,"204,8","0,00787","1,62","0,06",0,"1,68",0,F,247
12,11,202603,202603,SPOX_0999,0,2NENI,N,72,"161,8","0,00787","1,28","0,04",0,"1,32",0,F,960
12,11,202603,202603,ULAX_4763,0,2NSNI,D,114,"322,6","0,00787","2,54","0,09",0,"2,63",0,F,355
12,11,202603,202603,ULAX_0432,0,4NENL,N,1,"0,5","0,00608",0,0,0,0,0,F,224
12,11,202603,202603,ULAX_1204,0,2NENI,N,640,"531,7","0,00787","4,17","0,15",0,"4,32",0,F,279
12,11,202603,202603,SPOX_0999,0,4NENL,N,58753,"261650,9","0,00605","1582,98","59,98",0,"1642,96",0,F,31
12,11,202603,202603,SPOX_0348,0,2NENI,D,2,"21,8","0,00787","0,17",0,0,"0,17",0,F,638
12,11,202603,202603,SPOX_0999,0,2NENI,D,4,"6,7","0,00787","0,05",0,0,"0,05",0,F,764
12,11,202603,202603,ULAX_4113,0,MNENI,N,244,"163,9","0,0076","1,27","0,04",0,"1,31",0,M,348
12,11,202603,202603,SPO_14673,0,2NENI,D,20,"121,8","0,00787","0,95","0,03",0,"0,98",0,F,356
12,11,202603,202603,SPO_11364,0, NENV,N,1,"0,5","0,01686","0,01",0,0,"0,01",0,M,6
12,11,202603,202603,ULAX_1204,0,2NENI,D,3,"5,9","0,00787","0,04",0,0,"0,04",0,F,244
12,11,202603,202602,ULAX_1204,0,2NENI,D,1,"0,5","0,00787",0,0,0,0,0,F,294
12,11,202603,202603,SPOX_0999,0,2IENI,N,50,"108,5","0,00787","0,83","0,03",0,"0,86",0,F,674
12,11,202603,202603,ULAX_1204,0,4NENL,N,7457,"26938,3","0,00631","169,98","6,43",0,"176,41",0,F,235
12,11,202603,202603,ULAX_1204,0,1NENI,D,185,186,"0,00787","1,47","0,05",0,"1,52",0,F,227
12,11,202603,202603,SPO_10156,0,2NENI,N,1,"0,5","0,00787",0,0,0,0,0,F,766
12,11,202603,202603,SPOX_0999,0,4IENL,N,43,"123,2","0,00605","0,75","0,02",0,"0,77",0,F,205
12,11,202603,202603,ULAX_1204,0,2IENI,D,26,"61,3","0,00787","0,48","0,01",0,"0,49",0,F,318
12,11,202603,202602,SPOX_0999,0,2NENI,N,2,"3,4","0,00787","0,03",0,0,"0,03",0,F,292
12,11,202603,202603,ULAX_1008,0,2NENI,R,292,578,"0,00787","4,53","0,17",0,"4,7",0,F,661
12,11,202603,202603,ULAX_1204,0,2NENI,S,211,"424,3","0,00787","3,33","0,12",0,"3,45",0,F,205
12,11,202603,202603,SPOX_0999,0,4NENL,R,9,"18,2","0,00425","0,07",0,0,"0,07",0,F,51
12,11,202603,202603,SPOX_0999,0,1NENI,D,2,"3,8","0,00787","0,03",0,0,"0,03",0,F,351
12,11,202603,202603,SPOX_0999,0,2NENI,N,1,"0,5","0,00787",0,0,0,0,0,F,995
12,11,202603,202603,ULAX_5040,0,MNENI,R,120,"632,6","0,0076","4,78","0,18",0,"4,96",0,M,349
12,11,202603,202603,ULAX_0432,0,4NENL,N,2981,"5015,8","0,00608","30,53","1,15",0,"31,68",0,F,977
12,11,202603,202603,ULAX_1204,0,2NENI,N,3519,"12259,8","0,00787","96,49","3,65",0,"100,14",0,F,318
12,11,202603,202603,SPOX_0999,0,4NENL,N,88,"322,9","0,00605","1,97","0,07",0,"2,04",0,F,209
12,11,202603,202603,SPOX_0543,0,2NENI,R,1,"1,9","0,00787","0,01",0,0,"0,01",0,F,202
12,11,202603,202603,SPOX_0999,0,2NENI,D,1,"0,5","0,00787",0,0,0,0,0,F,915
12,11,202603,202603,ULAX_4202,0,2NENI,D,38,"20,9","0,00787","0,16",0,0,"0,16",0,F,707
12,11,202603,202603,SPO_14681,0,2NENI,D,1,"0,5","0,00787",0,0,0,0,0,F,212
12,11,202603,202603,SPO_11366,0,MNSNI,N,4,"42,7","0,00787","0,34","0,01",0,"0,35",0,M,34
12,11,202603,202603,ULAX_1204,0,2NENI,D,1780,"1467,5","0,00787","11,57","0,43",0,12,0,F,282
12,11,202603,202602,ULAX_1204,0,2NENI,N,1,"0,5","0,0078",0,0,0,0,0,F,674
12,11,202603,202603,SPOX_0999,0,2IENI,R,121,"469,4","0,00787","3,68","0,13",0,"3,81",0,F,232
12,11,202603,202603,ULAX_1204,0,4NENL,R,7367,"26154,8","0,00423","110,61","4,19",0,"114,8",0,F,232
12,11,202603,202603,ULAX_1204,0,1NENI,D,1,2,"0,00787","0,02",0,0,"0,02",0,F,351
12,11,202603,202603,SPO_10416,0,MNENI,R,1,"0,5","0,0076",0,0,0,0,0,M,325
12,11,202603,202603,ULAX_1204,0,2IENI,D,17,"9,6","0,00787","0,05",0,0,"0,05",0,F,780
12,11,202603,202602,SPOX_0999,0,4NENL,N,1,"0,5","0,00598",0,0,0,0,0,F,227
12,11,202603,202603,ULAX_1201,0,1NENI,D,44,"31,7","0,00787","0,24",0,0,"0,24",0,F,951
12,11,202603,202603,ULAX_1204,0,2NENI,S,207,"923,1","0,00787","7,24","0,27",0,"7,51",0,F,271
12,11,202603,202603,SPOX_0999,0,4NENL,R,155,"265,7","0,00425","1,13","0,04",0,"1,17",0,F,265
12,11,202603,202603,SPOX_0999,0,1NENI,D,4,"3,2","0,00787","0,01",0,0,"0,01",0,F,951
12,11,202603,202603,SPOX_0999,0,2NENI,R,1976,"7978,9","0,00787","62,78","2,37",0,"65,15",0,F,85
12,11,202603,202603,ULAX_0432,0,MNENI,D,270,"159,2","0,00787","1,25","0,04",0,"1,29",0,M,50
12,11,202603,202603,ULAX_1204,0,2NENI,N,2,"2,9","0,00787","0,02",0,0,"0,02",0,F,606
12,11,202603,202603,SPOX_0999,0,4NENL,N,2139,"1676,8","0,00605","10,14","0,38",0,"10,52",0,F,283
12,11,202603,202603,SPOX_0545,0,2NENI,D,34,"66,6","0,00787","0,51","0,01",0,"0,52",0,F,351
12,11,202603,202603,SPOX_0999,0,2NENI,D,15,"16,1","0,00787","0,11",0,0,"0,11",0,F,968
12,11,202603,202603,ULAX_0432,0,1NENI,D,3,"1,5","0,00787",0,0,0,0,0,F,31
12,11,202603,202603,SPO_11400,0,MNENI,R,1,"0,8","0,0076","0,01",0,0,"0,01",0,M,325
12,11,202603,202603,ULAX_1204,0,2NENI,D,7096,"15612,8","0,00787","122,86","4,65",0,"127,51",0,F,351
12,11,202603,202602,ULAX_1204,0,2NENI,R,1,"0,5","0,0078",0,0,0,0,0,F,31
12,11,202603,202603,SPOX_0999,0,2IENI,R,8,"14,9","0,00787","0,11",0,0,"0,11",0,F,363
12,11,202603,202603,ULAX_1204,0,1NENI,D,1,"0,6","0,00787",0,0,0,0,0,F,948
12,11,202603,202603,SPO_10617,0,2NENI,N,13,"43,1","0,00787","0,32","0,01",0,"0,33",0,F,638
12,11,202603,202603,ULAX_1204,0,2IENI,N,3,"1,5","0,00787",0,0,0,0,0,F,5
12,11,202603,202602,SPOX_0999,0,4NENL,N,8,"31,4","0,00605","0,19",0,0,"0,19",0,F,232
12,11,202603,202603,ULAX_1201,0,2NENI,D,1,"0,5","0,00787",0,0,0,0,0,F,426
12,11,202603,202603,SPOX_0999,0,2NENI,R,29,"44,8","0,00787","0,36","0,01",0,"0,37",0,F,219
12,11,202603,202603,ULAX_1204,0,2NENI,S,3,"10,9","0,00787","0,08",0,0,"0,08",0,F,363
12,11,202603,202603,SPOX_0999,0,4NENL,R,5,"2,5","0,00425","0,01",0,0,"0,01",0,F,967
12,11,202603,202603,SPOX_0999,0,1NENI,N,21,"28,2","0,00787","0,18",0,0,"0,18",0,F,221
12,11,202603,202603,ULAX_0432,0,MNENI,N,26,"13,3","0,0076","0,08",0,0,"0,08",0,M,34
12,11,202603,202603,SPOX_0999,0,2NENI,D,144,"89,7","0,00787","0,71","0,02",0,"0,73",0,F,991
12,11,202603,202603,ULAX_4721,0,MNENI,D,720,"943,9","0,00787","7,44","0,28",0,"7,72",0,M,430
12,11,202603,202603,ULAX_1204,0,2NENI,N,1,"0,5","0,00787",0,0,0,0,0,F,802
12,11,202603,202603,SPOX_0999,0,4NENL,N,1072,"1907,9","0,00605","11,55","0,43",0,"11,98",0,F,705
12,11,202603,202603,SPOX_0551,0,2NENI,R,3,"3,7","0,00787","0,03",0,0,"0,03",0,F,21
12,11,202603,202603,ULAX_0432,0,1NENI,N,44,"34,8","0,00787","0,27","0,01",0,"0,28",0,F,757
12,11,202603,202603,SPOX_0999,0,2IENI,S,3,"7,7","0,00787","0,05",0,0,"0,05",0,F,21
12,11,202603,202603,ULAX_1204,0,4NENL,R,124,"172,1","0,00424","0,7","0,02",0,"0,72",0,F,42
12,11,202603,202603,SPO_11405,0,2NENI,D,5280,"18119,6","0,00787","142,6","5,4",0,148,0,F,143
12,11,202603,202603,ULAX_1204,0,2NENI,D,415,"451,2","0,00787","3,52","0,13",0,"3,65",0,F,544
12,11,202603,202602,ULAX_1204,0,4NENL,N,1,"0,5","0,00598",0,0,0,0,0,F,767
12,11,202603,202603,ULAX_1204,0,1NENI,N,122,"131,1","0,00787","1,04","0,03",0,"1,07",0,F,241
12,11,202603,202603,ULAX_1204,0,4NENL,N,90,"77,9","0,00605","0,49","0,01",0,"0,5",0,F,98
12,11,202603,202603,SPO_10802,0,2NENI,R,1,"0,5","0,00787",0,0,0,0,0,F,71
12,11,202603,202603,ULAX_1204,0,2IENI,N,7,"29,2","0,00787","0,23",0,0,"0,23",0,F,319
12,11,202603,202602,SPOX_0999,0,4NENL,N,2,1,"0,00608",0,0,0,0,0,F,977
12,11,202603,202603,ULAX_1201,0,2NENI,N,1,"0,5","0,00787",0,0,0,0,0,F,931
12,11,202603,202603,SPOX_0999,0,2NENI,R,2101,"9916,6","0,00787","78,04","2,95",0,"80,99",0,F,271
12,11,202603,202603,ULAX_1204,0,2NENI,S,4,"1,7","0,00787",0,0,0,0,0,F,983
12,11,202603,202603,SPOX_0999,0,MNENI,N,202,"109,4","0,00787","0,86","0,03",0,"0,89",0,M,451
12,11,202603,202603,ULAX_0432,0,MNENI,N,882,"472,5","0,00787","3,71","0,14",0,"3,85",0,M,451
12,11,202603,202603,SPOX_0999,0,2NENI,N,6,"3,6","0,00787","0,01",0,0,"0,01",0,F,79
12,11,202603,202603,ULAX_4721,0, NENV,R,754,"4862,5","0,01049","51,02","1,93",0,"52,95",0,M,34
12,11,202603,202603,ULAX_1204,0,2NENI,N,187,"348,9","0,00787","2,71","0,1",0,"2,81",0,F,948
12,11,202603,202603,SPOX_0999,0,4NENL,N,8,"4,8","0,00605","0,02",0,0,"0,02",0,F,982
12,11,202603,202603,SPOX_0811,0,2NENI,N,1,"3,1","0,00787","0,02",0,0,"0,02",0,F,251
12,11,202603,202603,ULAX_0432,0,2NENI,D,1,"0,5","0,00787",0,0,0,0,0,F,93
12,11,202603,202603,SPOX_0999,0,2IENI,S,1,"3,2","0,00787","0,03",0,0,"0,03",0,F,941
12,11,202603,202603,ULAX_1204,0,4NENL,R,2299,"8661,4","0,00425","36,82","1,39",0,"38,21",0,F,251
12,11,202603,202603,SPO_11464,0,2NENI,D,3,"14,6","0,00787","0,11",0,0,"0,11",0,F,351
12,11,202603,202603,ULAX_1204,0,2NENI,D,2758,"6451,1","0,00787","50,8","1,92",0,"52,72",0,F,767
12,11,202603,202602,ULAX_1204,0,4NENL,N,2,"19,7","0,00608","0,12",0,0,"0,12",0,F,247
12,11,202603,202603,ULAX_1204,0,1NENI,N,1,"0,5","0,00787",0,0,0,0,0,F,541
12,11,202603,202603,SPOX_0999,0,1NENI,N,3,"30,3","0,00787","0,24",0,0,"0,24",0,F,780
12,11,202603,202603,ULAX_1204,0,4NENL,N,22683,"87472,1","0,00605","529,2","20,05",0,"549,25",0,F,271
12,11,202603,202603,SPO_11142,0,2IENI,N,2,"2,1","0,00787","0,01",0,0,"0,01",0,F,431
12,11,202603,202603,ULAX_1204,0,2IENI,N,4,2,"0,00787",0,0,0,0,0,F,925
12,11,202603,202602,SPO_10066,0,2NENI,N,1,"2,1","0,0078","0,02",0,0,"0,02",0,F,363
12,11,202603,202603,ULAX_1201,0,4NENL,N,1623,"1325,1","0,00608","8,06","0,3",0,"8,36",0,F,757
12,11,202603,202603,SPOX_0999,0,2NENI,R,24,"32,6","0,00787","0,24",0,0,"0,24",0,F,317
12,11,202603,202603,ULAX_1204,0,4IENL,N,6,3,"0,00605","0,01",0,0,"0,01",0,F,767
12,11,202603,202603,SPOX_0999,0, NENV,R,1,"0,5","0,0118","0,01",0,0,"0,01",0,M,6
12,11,202603,202603,ULAX_0432,0,MNENI,N,27,"15,3","0,00787","0,1",0,0,"0,1",0,M,A49
12,11,202603,202603,SPOX_0811,0, NENV,N,1,"0,5","0,01686","0,01",0,0,"0,01",0,M,6
12,11,202603,202603,SPOX_0999,0,2NENI,N,203,"190,6","0,00787","1,5","0,05",0,"1,55",0,F,204
12,11,202603,202603,ULAX_4726,0,2NENI,D,13819,"48982,7","0,00787","385,49","14,6",0,"400,09",0,F,355
12,11,202603,202603,ULAX_1204,0,2NENI,N,5,"2,5","0,00787","0,02",0,0,"0,02",0,F,992
12,11,202603,202603,SPOX_0999,0,4NENL,N,16,"16,6","0,00608","0,1",0,0,"0,1",0,F,55
12,11,202603,202603,ULAX_0432,0,2NENI,D,4,"5,7","0,00787","0,04",0,0,"0,04",0,F,705
12,11,202603,202602,ULAX_1204,0,MNENI,N,1,"0,5","0,00752",0,0,0,0,0,M,34
12,11,202603,202603,SPOX_0999,0,2NENI,D,549,"1646,2","0,00787","12,96","0,49",0,"13,45",0,F,81
12,11,202603,202603,ULAX_1204,0,4NENL,R,2,"5,6","0,00425","0,03",0,0,"0,03",0,F,943
12,11,202603,202603,SPO_11923,0,2IENI,D,4,"11,9","0,00787","0,09",0,0,"0,09",0,F,317
12,11,202603,202603,ULAX_1204,0,2NENI,D,326,"535,9","0,00787","4,22","0,15",0,"4,37",0,F,921
12,11,202603,202603,ULAX_1204,0,1NENI,R,6,"14,7","0,00787","0,11",0,0,"0,11",0,F,51
12,11,202603,202602,SPO_11366,0,2NENI,D,241,"645,1","0,0078",5,"0,19",0,"5,19",0,F,361
12,11,202603,202603,SPOX_0999,0,1NENI,R,40,"42,6","0,00787","0,33","0,01",0,"0,34",0,F,232
12,11,202603,202603,ULAX_1204,0,4NENL,N,2,1,"0,00605",0,0,0,0,0,F,505
12,11,202603,202603,SPO_11144,0,2NENI,N,28,"69,5","0,00787","0,55","0,02",0,"0,57",0,F,708
12,11,202603,202603,ULAX_1204,0,2IENI,R,5,"8,1","0,00787","0,06",0,0,"0,06",0,F,292
12,11,202603,202603,ULAX_1201,0,MNENI,D,1,"0,5","0,00787",0,0,0,0,0,M,46
12,11,202603,202603,SPOX_0999,0,2NENI,R,1,"0,5","0,00787",0,0,0,0,0,F,663
12,11,202603,202603,ULAX_1204,0,4IENL,N,1,"0,5","0,00608",0,0,0,0,0,F,967
12,11,202603,202603,SPOX_6694,0,2NENI,S,32,"16,9","0,00787","0,13",0,0,"0,13",0,F,143
12,11,202603,202603,ULAX_0432,0,MNENI,R,3,"1,5","0,00787",0,0,0,0,0,M,463
12,11,202603,202603,SPOX_0823,0,1NENI,R,3,"7,6","0,00787","0,06",0,0,"0,06",0,F,361
12,11,202603,202603,SPOX_0999,0,2NENI,N,274,"1005,5","0,00787","7,91","0,29",0,"8,2",0,F,240
12,11,202603,202603,ULAX_4726,0,MNENI,D,7,"3,9","0,00787","0,03",0,0,"0,03",0,M,430
12,11,202603,202603,ULAX_1204,0,2NENI,R,3,"2,1","0,00787","0,02",0,0,"0,02",0,F,182
12,11,202603,202603,SPOX_0999,0,4NENL,N,27235,"62613,3","0,00608","380,69","14,42",0,"395,11",0,F,247
12,11,202603,202603,ULAX_0432,0,2NENI,D,1,"0,5","0,00787",0,0,0,0,0,F,967
12,11,202603,202602,ULAX_4721,0,MNENI,D,1,"0,5","0,0076",0,0,0,0,0,M,34
12,11,202603,202603,SPOX_0999,0,2NENI,D,2766,"6838,9","0,00787","53,84","2,03",0,"55,87",0,F,205
12,11,202603,202603,ULAX_1204,0,MNENI,N,160,88,"0,00787","0,71","0,02",0,"0,73",0,M,6
12,11,202603,202603,SPO_12222,0,1NENI,N,16,10,"0,00787","0,07",0,0,"0,07",0,F,361
12,11,202603,202603,ULAX_1204,0,2NENI,D,59,77,"0,00787","0,58","0,02",0,"0,6",0,F,971
12,11,202603,202602,ULAX_0432,0,2NENI,N,4,2,"0,00787","0,02",0,0,"0,02",0,F,977
12,11,202603,202603,SPOX_0999,0,1NENI,S,1,"5,4","0,00787","0,04",0,0,"0,04",0,F,355
12,11,202603,202603,ULAX_1204,0,4NENL,N,707,"979,3","0,00605","5,92","0,22",0,"6,14",0,F,925
12,11,202603,202603,SPO_11152,0,MNENI,D,9,"7,9","0,0076","0,05",0,0,"0,05",0,M,34
12,11,202603,202603,ULAX_1204,0,2IENI,R,5,"3,9","0,00787","0,02",0,0,"0,02",0,F,705
12,11,202603,202603,SPOX_0999,0,2NENI,R,29,148,"0,00787","1,16","0,04",0,"1,2",0,F,948
12,11,202603,202603,ULAX_1204,0,4IENL,R,1,"0,5","0,00425",0,0,0,0,0,F,960
12,11,202603,202603,SPOX_6698,0,MNENI,D,26,"34,1","0,0076","0,25",0,0,"0,25",0,M,34
12,11,202603,202603,ULAX_0432,0,MNENI,S,29,"14,5","0,00787","0,08",0,0,"0,08",0,M,451
12,11,202603,202603,SPOX_0823,0,MNSNI,R,1,"7,8","0,00787","0,06",0,0,"0,06",0,M,34
12,11,202603,202603,SPOX_0999,0,2NENI,N,576,"411,1","0,00787","3,23","0,12",0,"3,35",0,F,279
12,11,202603,202603,ULAX_4728,0,MNENI,N,6518,"8984,9","0,0076","68,28","2,58",0,"70,86",0,M,34
12,11,202603,202603,ULAX_1204,0,2NENI,R,64,"167,7","0,00787","1,33","0,05",0,"1,38",0,F,240
12,11,202603,202603,SPOX_0999,0,4NENL,N,1,"2,7","0,00608","0,02",0,0,"0,02",0,F,708
12,11,202603,202603,ULAX_0432,0,2NENI,N,2,1,"0,00787","0,01",0,0,"0,01",0,F,265
12,11,202603,202602,ULAX_4728,0,MNENI,R,3,"2,8","0,00752","0,02",0,0,"0,02",0,M,34
12,11,202603,202603,ULAX_1204,0,4NENL,N,27,"21,4","0,00605","0,12",0,0,"0,12",0,F,79
12,11,202603,202603,SPOX_6716,0,1NENI,N,1,"0,5","0,00787",0,0,0,0,0,F,764
12,11,202603,202603,SPOX_0835,0,2NENI,R,251,"450,3","0,00787","3,57","0,13",0,"3,7",0,F,361
12,11,202603,202603,SPOX_0999,0,2NENI,N,762,"1325,6","0,00787","10,43","0,39",0,"10,82",0,F,291
12,11,202603,202603,ULAX_4728,0,MNENI,S,35,"34,8","0,0076","0,25",0,0,"0,25",0,M,34
12,11,202603,202603,ULAX_1204,0,2NENI,R,419,"1314,7","0,00787","10,35","0,39",0,"10,74",0,F,262
12,11,202603,202603,SPOX_0999,0,4NENL,N,1,"3,1","0,00608","0,02",0,0,"0,02",0,F,803
12,11,202603,202603,SPOX_0046,0,2NENI,D,34,"94,1","0,00787","0,75","0,02",0,"0,77",0,F,225
12,11,202603,202603,SPOX_0999,0,2NENI,D,18698,"45198,8","0,00787","355,73","13,47",0,"369,2",0,F,247
12,11,202603,202603,ULAX_1204,0, NENV,N,2,"1,2","0,01686","0,02",0,0,"0,02",0,M,461
12,11,202603,202603,ULAX_1204,0,2NENI,N,131,"79,7","0,00787","0,61","0,02",0,"0,63",0,F,65
12,11,202603,202603,SPO_11182,0,2NENI,S,80,"174,1","0,00787","1,35","0,05",0,"1,4",0,F,431
12,11,202603,202602,ULAX_1201,0,2NENI,D,1,"0,5","0,0078",0,0,0,0,0,F,804
12,11,202603,202603,SPOX_0999,0,2IENI,D,76,464,"0,00787","3,65","0,13",0,"3,78",0,F,317
12,11,202603,202603,ULAX_1204,0,4NENL,N,4464,"17031,4","0,00608","103,57","3,92",0,"107,49",0,F,62
12,11,202603,202603,ULAX_1201,0,MNENI,R,6,3,"0,00787","0,02",0,0,"0,02",0,M,6
12,11,202603,202603,ULAX_1204,0,2NENI,D,10096,"25126,4","0,00787","197,75","7,48",0,"205,23",0,F,21
12,11,202603,202603,SPOX_0999,0,2NENI,S,1358,"2364,2","0,00787","18,64","0,7",0,"19,34",0,F,221
12,11,202603,202602,SPOX_0551,0,2NENI,D,1,"0,5","0,0078",0,0,0,0,0,F,351
12,11,202603,202603,ULAX_0432,0, NENV,N,165,"87,4","0,01499","1,28","0,04",0,"1,32",0,M,430
12,11,202603,202603,ULAX_1204,0,2NENI,R,1478,"4018,5","0,00787","31,59","1,19",0,"32,78",0,F,292
12,11,202603,202603,SPOX_0970,0,2NENI,D,1,"19,3","0,00787","0,15",0,0,"0,15",0,F,203
12,11,202603,202603,SPOX_0999,0,2NENI,N,2268,"4477,3","0,00787","35,24","1,33",0,"36,57",0,F,361
12,11,202603,202603,ULAX_4760,0,2NEAI,R,1,"4,2","0,0076","0,03",0,0,"0,03",0,F,35
12,11,202603,202603,ULAX_0432,0,2NENI,N,87,"61,6","0,00787","0,47","0,01",0,"0,48",0,F,951
12,11,202603,202603,SPOX_0999,0,4NENL,N,2,"1,1","0,00608",0,0,0,0,0,F,969
12,11,202603,202603,ULAX_1204,0,2NENI,N,12,"7,2","0,00787","0,04",0,0,"0,04",0,F,92
12,11,202603,202603,SPOX_0083,0,2NENI,D,5212,25924,"0,00787","204,05","7,72",0,"211,77",0,F,143
12,11,202603,202603,SPOX_0999,0,2NENI,D,6431,"29545,1","0,00787","232,52","8,8",0,"241,32",0,F,285
12,11,202603,202603,ULAX_2826,0,4NENL,N,3,3,"0,00631","0,02",0,0,"0,02",0,F,235
12,11,202603,202603,SPO_13918,0,4NENL,N,12,55,"0,00605","0,33","0,01",0,"0,34",0,F,210
12,11,202603,202603,SPO_11230,0,2NENI,R,46,"53,8","0,00787","0,4","0,01",0,"0,41",0,F,317
12,11,202603,202602,ULAX_1201,0, NENV,N,1,"0,5","0,01499","0,01",0,0,"0,01",0,M,29
12,11,202603,202603,SPOX_0999,0,2IENI,D,6,"7,4","0,00787","0,04",0,0,"0,04",0,F,767
12,11,202603,202603,ULAX_1204,0,4NENL,N,41328,"103694,5","0,00608","630,49","23,89",0,"654,38",0,F,251
12,11,202603,202603,ULAX_1201,0, NENV,N,26,"14,3","0,01499","0,22",0,0,"0,22",0,M,30
12,11,202603,202603,SPOX_9684,0,2NSNI,N,24,"53,9","0,00787","0,43","0,01",0,"0,44",0,F,363
12,11,202603,202603,SPOX_0999,0,2NENI,S,9,"29,6","0,00787","0,22",0,0,"0,22",0,F,285
12,11,202603,202602,SPOX_0999,0,2NENI,D,1,"1,2","0,0078","0,01",0,0,"0,01",0,F,357
12,11,202603,202603,ULAX_0432,0, NENV,N,1,"0,5","0,01686","0,01",0,0,"0,01",0,M,60
12,11,202603,202603,ULAX_1204,0,2NENI,R,15,"25,3","0,00787","0,19",0,0,"0,19",0,F,364
12,11,202603,202603,SPOX_0999,0,4NENL,R,16,"11,7","0,00423","0,04",0,0,"0,04",0,F,81
12,11,202603,202603,SPOX_0970,0,4NENL,N,68,"207,3","0,0061","1,23","0,04",0,"1,27",0,F,638
12,11,202603,202603,SPOX_0999,0,2NENI,N,377,"387,7","0,00787","3,07","0,11",0,"3,18",0,F,706
12,11,202603,202603,ULAX_4760,0,4NENL,N,93,"433,5","0,00605","2,6","0,09",0,"2,69",0,F,767
12,11,202603,202603,ULAX_0432,0,2NENI,S,1,"1,5","0,00787","0,01",0,0,"0,01",0,F,62
12,11,202603,202603,ULAX_1204,0,2NENI,N,4,"14,9","0,00787","0,11",0,0,"0,11",0,F,214
12,11,202603,202603,SPOX_0999,0,4IENL,N,5,"2,5","0,00608","0,01",0,0,"0,01",0,F,941
12,11,202603,202603,SPOX_0083,0,4NENL,N,17,"136,7","0,0061","0,83","0,03",0,"0,86",0,F,212
12,11,202603,202603,SPOX_0999,0,2NENI,D,1586,"3173,6","0,00787","24,98","0,94",0,"25,92",0,F,357
12,11,202603,202603,ULAX_4036,0,2NENI,D,13,"12,3","0,00787","0,1",0,0,"0,1",0,F,661
12,11,202603,202603,SPO_14667,0,1NENI,N,1,"5,9","0,00787","0,05",0,0,"0,05",0,F,143
12,11,202603,202603,SPO_11232,0,4NENL,N,1,"0,5","0,00605",0,0,0,0,0,F,208
12,11,202603,202603,ULAX_1204,0,2NENI,D,19,"83,6","0,00787","0,65","0,02",0,"0,67",0,F,192
12,11,202603,202602,ULAX_1204,0,2NENI,D,4,"52,5","0,0078","0,41","0,01",0,"0,42",0,F,221
12,11,202603,202603,SPOX_0999,0,2IENI,N,10,"30,4","0,00787","0,24",0,0,"0,24",0,F,21
12,11,202603,202603,ULAX_1204,0,4NENL,N,294,"467,1","0,00608","2,83","0,1",0,"2,93",0,F,738
12,11,202603,202603,ULAX_1201,0, NENV,N,3,"1,5","0,01686","0,03",0,0,"0,03",0,M,69
12,11,202603,202603,SPO_10092,0,2NENI,N,2,"1,5","0,00787","0,01",0,0,"0,01",0,F,209
12,11,202603,202603,SPOX_0999,0,2NENI,S,2,"1,1","0,00787",0,0,0,0,0,F,364
12,11,202603,202603,ULAX_1204,0,1NENI,S,19,24,"0,00787","0,16",0,0,"0,16",0,F,205
12,11,202603,202602,SPOX_0999,0,2NENI,D,1,"0,5","0,00787",0,0,0,0,0,F,318
12,11,202603,202603,ULAX_0432,0, NENV,R,18,"18,2","0,01049","0,19",0,0,"0,19",0,M,493
12,11,202603,202603,ULAX_1204,0,2NENI,R,9,14,"0,00787","0,1",0,0,"0,1",0,F,921
12,11,202603,202603,SPOX_0999,0,4NENL,R,1,"0,8","0,00423",0,0,0,0,0,F,282
12,11,202603,202603,SPOX_0999,0,1NENI,D,3,"13,9","0,00787","0,11",0,0,"0,11",0,F,67
12,11,202603,202603,SPOX_0999,0,2NENI,N,243,"295,7","0,00787","2,35","0,08",0,"2,43",0,F,921
12,11,202603,202603,ULAX_4763,0,2NEAI,S,4,"2,3","0,0076","0,02",0,0,"0,02",0,F,35
12,11,202603,202603,ULAX_0432,0,4NENL,N,116,"70,2","0,00605","0,43","0,01",0,"0,44",0,F,971
12,11,202603,202603,ULAX_1204,0,2NENI,N,106,"79,9","0,00787","0,64","0,02",0,"0,66",0,F,248
12,11,202603,202603,SPOX_0999,0,4IENL,R,2,"2,4","0,00423","0,01",0,0,"0,01",0,F,931
12,11,202603,202603,SPOX_0326,0,4NENL,R,1,"0,6","0,00427",0,0,0,0,0,F,203
12,11,202603,202603,SPOX_0999,0,2NENI,D,4063,"6364,4","0,00787","50,09","1,89",0,"51,98",0,F,674
12,11,202603,202603,ULAX_4113,0,2NENI,D,8514,"49535,1","0,00787","389,84","14,76",0,"404,6",0,F,674
12,11,202603,202603,SPO_14667,0,4NENL,N,4,"3,8","0,0061","0,02",0,0,"0,02",0,F,766
12,11,202603,202603,SPO_11362,0,2NENI,R,62,"127,1","0,00787","1,01","0,03",0,"1,04",0,F,361
12,11,202603,202603,ULAX_1204,0,2NENI,D,31043,"134798,2","0,00787","1060,88","40,18",0,"1101,06",0,F,227
12,11,202603,202602,ULAX_1204,0,2NENI,D,2,"19,9","0,00787","0,16",0,0,"0,16",0,F,31
12,11,202603,202603,SPOX_0999,0,2IENI,N,71,"135,8","0,00787","1,09","0,04",0,"1,13",0,F,355
12,11,202603,202603,ULAX_1204,0,4NENL,N,124,128,"0,00608","0,77","0,02",0,"0,79",0,F,961
12,11,202603,202603,ULAX_1204,0,1NENI,D,134,"236,9","0,00787","1,86","0,07",0,"1,93",0,F,31
12,11,202603,202603,SPO_10152,0,4NENL,N,2,"15,6","0,0061","0,1",0,0,"0,1",0,F,203
12,11,202603,202603,SPOX_0999,0,2NSNI,D,30,"96,7","0,00787","0,75","0,02",0,"0,77",0,F,317
12,11,202603,202603,ULAX_1204,0,2IENI,D,2,1,"0,00787",0,0,0,0,0,F,219
12,11,202603,202602,SPOX_0999,0,2NENI,N,3,"11,2","0,00787","0,09",0,0,"0,09",0,F,31
12,11,202603,202603,ULAX_0953,0,2NENI,R,29,43,"0,00787","0,34","0,01",0,"0,35",0,F,674
12,11,202603,202603,ULAX_1204,0,2NENI,R,2,"6,1","0,00787","0,04",0,0,"0,04",0,F,998
12,11,202603,202603,SPOX_0999,0,4NENL,R,6,"13,3","0,00423","0,05",0,0,"0,05",0,F,927
12,11,202603,202603,SPOX_0999,0,1NENI,D,1,"2,4","0,00787","0,02",0,0,"0,02",0,F,282
12,11,202603,202603,SPOX_0999,0,2NENI,N,1395,"2166,1","0,00787","17,04","0,64",0,"17,68",0,F,977
12,11,202603,202603,ULAX_4763,0,2NSTI,N,1,"1,2","0,0076","0,01",0,0,"0,01",0,F,35
12,11,202603,202603,ULAX_0432,0,4NENL,N,1076,"989,3","0,00608","6,02","0,22",0,"6,24",0,F,757
12,11,202603,202603,ULAX_1204,0,2NENI,N,741,"1326,2","0,00787","10,43","0,39",0,"10,82",0,F,291
12,11,202603,202603,SPOX_0999,0,4NENL,N,25783,"97803,8","0,00605","591,71","22,41",0,"614,12",0,F,85
12,11,202603,202603,SPOX_0348,0,4NENL,N,3,"33,9","0,0061","0,21",0,0,"0,21",0,F,638
12,11,202603,202603,SPOX_0999,0,2NENI,D,1,"0,5","0,00787",0,0,0,0,0,F,805
12,11,202603,202603,ULAX_4113,0, NENV,N,1,"0,6","0,01686","0,01",0,0,"0,01",0,M,A49
12,11,202603,202603,SPO_14679,0,2NSNI,D,58,"167,9","0,00787","1,3","0,05",0,"1,35",0,F,363
12,11,202603,202603,SPO_11366,0,2IENI,R,1,"0,5","0,00787",0,0,0,0,0,F,361
12,11,202603,202603,ULAX_1204,0,2NENI,D,4,2,"0,00787",0,0,0,0,0,F,256
12,11,202603,202602,ULAX_1204,0,2NENI,D,2,1,"0,00787","0,01",0,0,"0,01",0,F,804
12,11,202603,202603,SPOX_0999,0,2IENI,N,4,2,"0,00787","0,01",0,0,"0,01",0,F,941
12,11,202603,202603,ULAX_1204,0,4NENL,R,8331,"35817,8","0,00423","151,53","5,74",0,"157,27",0,F,31
12,11,202603,202603,ULAX_1204,0,1NENI,D,66,"48,5","0,00787","0,4","0,01",0,"0,41",0,F,262
12,11,202603,202603,SPO_10402,0,MNENI,N,3,"1,5","0,0076",0,0,0,0,0,M,325
12,11,202603,202603,SPOX_0999,0,4IENL,N,4,"4,5","0,00605","0,02",0,0,"0,02",0,F,705
12,11,202603,202603,ULAX_1204,0,2IENI,D,144,"287,2","0,00787","2,26","0,08",0,"2,34",0,F,361
12,11,202603,202602,SPOX_0999,0,2NENI,N,1,"8,3","0,00787","0,07",0,0,"0,07",0,F,431
12,11,202603,202603,ULAX_1051,0,4NENL,N,1,"1,7","0,00608","0,01",0,0,"0,01",0,F,267
12,11,202603,202603,ULAX_1204,0,2NENI,S,6,"9,8","0,00787","0,06",0,0,"0,06",0,F,240
12,11,202603,202603,SPOX_0999,0,4NENL,R,1,"1,2","0,00425","0,01",0,0,"0,01",0,F,206
12,11,202603,202603,SPOX_0999,0,1NENI,D,125,107,"0,00787","0,83","0,03",0,"0,86",0,F,705
12,11,202603,202603,SPOX_0999,0,2NENI,R,122,"164,6","0,00787","1,29","0,04",0,"1,33",0,F,42
12,11,202603,202603,ULAX_5040,0, NENV,R,2,"1,7","0,0118","0,02",0,0,"0,02",0,M,467
12,11,202603,202603,ULAX_0432,0,4NENL,R,1,"0,5","0,00425",0,0,0,0,0,F,121
12,11,202603,202603,ULAX_1204,0,2NENI,N,2313,4746,"0,00787","37,36","1,41",0,"38,77",0,F,361
12,11,202603,202603,SPOX_0999,0,4NENL,N,3,"1,5","0,00605",0,0,0,0,0,F,239
12,11,202603,202603,SPOX_0543,0,4NENL,N,1,"2,2","0,00605","0,01",0,0,"0,01",0,F,913
12,11,202603,202603,SPOX_0999,0,2NENI,D,417,"670,4","0,00787","5,28","0,19",0,"5,47",0,F,941
12,11,202603,202603,ULAX_4202,0,2NSNI,D,6,"13,3","0,0076","0,1",0,0,"0,1",0,F,48
12,11,202603,202603,SPO_14681,0,2NENI,S,5,"2,8","0,00787","0,01",0,0,"0,01",0,F,143
12,11,202603,202603,SPO_11370,0,1NENI,D,59,55,"0,00787","0,42","0,01",0,"0,43",0,F,361
12,11,202603,202603,ULAX_1204,0,2NENI,D,326,313,"0,00787","2,45","0,09",0,"2,54",0,F,293
12,11,202603,202602,ULAX_1204,0,2NENI,N,2,"11,4","0,00787","0,09",0,0,"0,09",0,F,241
12,11,202603,202603,SPOX_0999,0,2IENI,R,6,"18,1","0,00787","0,13",0,0,"0,13",0,F,317
12,11,202603,202603,ULAX_1204,0,4NENL,R,4,"9,4","0,00423","0,03",0,0,"0,03",0,F,284
12,11,202603,202603,ULAX_1204,0,1NENI,D,18,"20,2","0,00787","0,14",0,0,"0,14",0,F,674
12,11,202603,202603,SPO_10417,0, NENV,R,1,"0,5","0,01245","0,01",0,0,"0,01",0,M,325
12,11,202603,202603,ULAX_1204,0,2IENI,D,2,"2,5","0,00787","0,02",0,0,"0,02",0,F,951
12,11,202603,202602,SPOX_0999,0,4NENL,N,1,"0,5","0,00602",0,0,0,0,0,F,241
12,11,202603,202603,ULAX_1201,0,1NENI,R,1,"0,5","0,00787",0,0,0,0,0,F,757
12,11,202603,202603,ULAX_1204,0,2NENI,S,11,"19,7","0,00787","0,15",0,0,"0,15",0,F,298
12,11,202603,202603,SPOX_0999,0,4NENL,R,23,"47,4","0,00425","0,22",0,0,"0,22",0,F,738
12,11,202603,202603,SPOX_0999,0,1NENI,N,80,"260,2","0,00787","2,07","0,07",0,"2,14",0,F,31
12,11,202603,202603,ULAX_0432,0,MNENI,D,4,"2,3","0,00787","0,01",0,0,"0,01",0,M,78
12,11,202603,202603,ULAX_4616,0,1NENI,N,2,"9,8","0,00787","0,08",0,0,"0,08",0,F,355
12,11,202603,202603,ULAX_1204,0,2NENI,N,379,369,"0,00787","2,91","0,1",0,"3,01",0,F,706
12,11,202603,202603,SPOX_0999,0,4NENL,N,319,242,"0,00605","1,47","0,05",0,"1,52",0,F,296
12,11,202603,202603,SPOX_0551,0,2IENI,N,1,"0,5","0,00787",0,0,0,0,0,F,351
12,11,202603,202603,ULAX_0432,0,1NENI,D,23,19,"0,00787","0,14",0,0,"0,14",0,F,925
12,11,202603,202603,ULAX_1204,0,4NENL,R,8,"12,5","0,00423","0,06",0,0,"0,06",0,F,921
12,11,202603,202603,SPO_11402,0,2NENI,N,2,"2,7","0,00787","0,02",0,0,"0,02",0,F,11
12,11,202603,202603,ULAX_1204,0,2NENI,D,296,"608,3","0,00787","4,78","0,18",0,"4,96",0,F,364
12,11,202603,202602,ULAX_1204,0,4NENL,N,1,"0,5","0,00598",0,0,0,0,0,F,5
12,11,202603,202603,SPOX_0999,0,2IENI,R,3,5,"0,00787","0,03",0,0,"0,03",0,F,842
12,11,202603,202603,ULAX_1204,0,1NENI,N,84,186,"0,00787","1,45","0,05",0,"1,5",0,F,31
12,11,202603,202603,SPO_10705,0,1NENI,D,1,"2,2","0,00787","0,02",0,0,"0,02",0,F,363
12,11,202603,202603,ULAX_1204,0,2IENI,N,368,"940,6","0,00787","7,4","0,28",0,"7,68",0,F,232
12,11,202603,202602,SPOX_0999,0,4NENL,N,1,"7,8","0,00608","0,05",0,0,"0,05",0,F,241
12,11,202603,202603,ULAX_1201,0,2NENI,D,1413,"2600,6","0,00787","20,47","0,77",0,"21,24",0,F,977
12,11,202603,202603,SPOX_0999,0,2NENI,R,347,"872,4","0,00787","6,85","0,25",0,"7,1",0,F,241
12,11,202603,202603,ULAX_1204,0,2NENI,S,1,"0,5","0,00787",0,0,0,0,0,F,738
12,11,202603,202603,SPOX_0999,0,MNENI,D,447,"273,4","0,00787","2,16","0,08",0,"2,24",0,M,50
12,11,202603,202603,SPOX_0999,0,1NENI,N,58,"51,6","0,00787","0,4","0,01",0,"0,41",0,F,262
12,11,202603,202603,ULAX_0432,0,MNENI,N,3,"1,5","0,00787","0,01",0,0,"0,01",0,M,68
12,11,202603,202603,SPOX_0999,0,2NENI,N,49,"105,5","0,00787","0,83","0,03",0,"0,86",0,F,41
12,11,202603,202603,ULAX_4721,0,MNENI,R,2,"7,3","0,00787","0,06",0,0,"0,06",0,M,76
12,11,202603,202603,ULAX_1204,0,2NENI,N,334,"189,1","0,00787","1,48","0,05",0,"1,53",0,F,865
12,11,202603,202603,SPOX_0999,0,4NENL,N,2,1,"0,00605",0,0,0,0,0,F,913
12,11,202603,202603,SPOX_0551,0,4NENL,N,1,"0,5","0,00605",0,0,0,0,0,F,921
12,11,202603,202603,ULAX_0432,0,1NENI,R,2,"1,1","0,00787","0,01",0,0,"0,01",0,F,757
12,11,202603,202603,SPOX_0999,0,2IENI,S,1,"0,5","0,00787",0,0,0,0,0,F,319
12,11,202603,202603,ULAX_1204,0,4NENL,R,15,"8,5","0,00425","0,03",0,0,"0,03",0,F,67
12,11,202603,202603,SPO_11460,0,2NENI,S,52,"201,6","0,00787","1,57","0,06",0,"1,63",0,F,351
12,11,202603,202603,ULAX_1204,0,2NENI,D,29,"32,9","0,00787","0,26",0,0,"0,26",0,F,695
12,11,202603,202602,ULAX_1204,0,4NENL,N,2,1,"0,00602","0,01",0,0,"0,01",0,F,804
12,11,202603,202603,ULAX_1204,0,1NENI,N,2,1,"0,00787","0,01",0,0,"0,01",0,F,291
12,11,202603,202603,SPOX_0999,0,1NENI,N,15,"37,4","0,00787","0,28","0,01",0,"0,29",0,F,361
12,11,202603,202603,ULAX_1204,0,4NENL,N,74061,388048,"0,00605","2347,71","88,94",0,"2436,65",0,F,221
12,11,202603,202603,SPO_10808,0, NENV,N,11,"8,2","0,01779","0,16",0,0,"0,16",0,M,325
12,11,202603,202603,ULAX_1204,0,2IENI,N,54,"96,3","0,00787","0,75","0,02",0,"0,77",0,F,363
12,11,202603,202602,SPOX_0999,0,MNENI,N,2,"1,1","0,00787",0,0,0,0,0,M,6
12,11,202603,202603,ULAX_1201,0,2NENI,S,19,11,"0,00787","0,05",0,0,"0,05",0,F,977
12,11,202603,202603,SPOX_0999,0,2NENI,R,2,"2,1","0,00787","0,01",0,0,"0,01",0,F,286
12,11,202603,202603,ULAX_1204,0,4IENL,N,96,"508,6","0,00605","3,07","0,11",0,"3,18",0,F,31
12,11,202603,202603,SPOX_0999,0,MNSNI,D,1,"0,5","0,00787",0,0,0,0,0,M,34
12,11,202603,202603,ULAX_0432,0,MNENI,N,24,"18,1","0,00787","0,14",0,0,"0,14",0,M,492
12,11,202603,202603,SPOX_0811,0,2NENI,R,255,"455,7","0,00787","3,6","0,13",0,"3,73",0,F,361
12,11,202603,202603,SPOX_0999,0,2NENI,N,76,"59,2","0,00787","0,46","0,01",0,"0,47",0,F,91
12,11,202603,202603,ULAX_4723,0,2NENI,R,177,"561,8","0,00787","4,41","0,16",0,"4,57",0,F,355
12,11,202603,202603,ULAX_1204,0,2NENI,N,29,"18,1","0,00787","0,13",0,0,"0,13",0,F,971
12,11,202603,202603,SPOX_0999,0,4NENL,N,1,"0,5","0,00605",0,0,0,0,0,F,995
12,11,202603,202603,ULAX_0432,0,2NENI,D,2,"5,3","0,00787","0,04",0,0,"0,04",0,F,255
12,11,202603,202603,SPOX_0999,0,2NENI,D,221,"206,6","0,00787","1,63","0,06",0,"1,69",0,F,47
12,11,202603,202603,ULAX_1204,0,4NENL,R,14,"8,4","0,00425","0,03",0,0,"0,03",0,F,294
12,11,202603,202603,SPO_11464,0,MNENI,D,8,4,"0,0076","0,01",0,0,"0,01",0,M,34
12,11,202603,202603,ULAX_1204,0,2NENI,D,6,"3,1","0,00787","0,01",0,0,"0,01",0,F,806
12,11,202603,202603,ULAX_1204,0,1NENI,N,1,"1,5","0,00787","0,01",0,0,"0,01",0,F,941
12,11,202603,202603,SPOX_0999,0,1NENI,N,28,"78,4","0,00787","0,62","0,02",0,"0,64",0,F,977
12,11,202603,202603,ULAX_1204,0,4NENL,N,1288,"890,6","0,00605","5,39","0,2",0,"5,59",0,F,286
12,11,202603,202603,SPO_11142,0,4NENL,N,1,"0,5","0,00608",0,0,0,0,0,F,541
12,11,202603,202603,ULAX_1204,0,2IENI,R,2,"3,5","0,00787","0,02",0,0,"0,02",0,F,31
12,11,202603,202602,SPO_11366,0,1NENI,D,11,"49,7","0,0078","0,39","0,01",0,"0,4",0,F,361
12,11,202603,202603,ULAX_1201,0,4NENL,R,38,"77,9","0,00425","0,3","0,01",0,"0,31",0,F,977
12,11,202603,202603,SPOX_0999,0,2NENI,R,2,"1,1","0,00787",0,0,0,0,0,F,359
12,11,202603,202603,ULAX_1204,0,4IENL,N,4,"2,8","0,00605","0,01",0,0,"0,01",0,F,985
12,11,202603,202603,SPOX_6685,0,MNENI,N,13,"45,7","0,0076","0,32","0,01",0,"0,33",0,M,325
12,11,202603,202603,ULAX_0432,0,MNENI,R,1,"0,5","0,00787",0,0,0,0,0,M,37
12,11,202603,202603,SPOX_0812,0,2NENI,N,1843,"3744,7","0,00787","29,47","1,11",0,"30,58",0,F,361
12,11,202603,202603,SPOX_0999,0,2NENI,N,7,"32,3","0,00787","0,26",0,0,"0,26",0,F,214
12,11,202603,202603,ULAX_4726,0,2NSNI,D,178,"777,7","0,00787","6,11","0,23",0,"6,34",0,F,355
12,11,202603,202603,ULAX_1204,0,2NENI,R,127,"181,5","0,00787","1,41","0,05",0,"1,46",0,F,42
12,11,202603,202603,SPOX_0999,0,4NENL,N,184,"109,9","0,00608","0,67","0,02",0,"0,69",0,F,182
12,11,202603,202603,ULAX_0432,0,2NENI,D,11,"5,5","0,00787","0,02",0,0,"0,02",0,F,852
12,11,202603,202602,ULAX_4113,0,2NENI,N,4,"9,4","0,0078","0,07",0,0,"0,07",0,F,674
12,11,202603,202603,SPOX_0999,0,2NENI,D,24,12,"0,00787","0,07",0,0,"0,07",0,F,92
12,11,202603,202603,ULAX_1204,0,4NENL,R,611,1775,"0,00441","7,83","0,29",0,"8,12",0,F,235
12,11,202603,202603,SPO_12218,0,1NENI,D,14,"33,2","0,00787","0,24",0,0,"0,24",0,F,361
12,11,202603,202603,ULAX_1204,0,2NENI,D,421,"619,5","0,00787","4,87","0,18",0,"5,05",0,F,948
12,11,202603,202603,ULAX_1204,0,1NENI,R,1,"0,5","0,00787",0,0,0,0,0,F,247
12,11,202603,202602,SPO_11405,0,2NENI,D,1,1,"0,00787","0,01",0,0,"0,01",0,F,143
12,11,202603,202603,SPOX_0999,0,1NENI,R,1,"4,7","0,00787","0,04",0,0,"0,04",0,F,357
12,11,202603,202603,ULAX_1204,0,4NENL,N,1,"0,5","0,00605",0,0,0,0,0,F,763
12,11,202603,202603,SPO_11144,0,MNENI,D,48,36,"0,0076","0,28","0,01",0,"0,29",0,M,34
12,11,202603,202603,ULAX_1204,0,2IENI,R,1,"0,5","0,00787",0,0,0,0,0,F,356
12,11,202603,202603,ULAX_1201,0,MNENI,D,2,1,"0,00787",0,0,0,0,0,M,447
12,11,202603,202603,SPOX_0999,0,2NENI,R,628,"4039,9","0,00787","31,79","1,2",0,"32,99",0,F,780
12,11,202603,202603,ULAX_1204,0,4IENL,R,1,"0,9","0,00423",0,0,0,0,0,F,284
12,11,202603,202603,SPOX_6698,0,2NENI,D,14193,"51233,4","0,00787","403,19","15,27",0,"418,46",0,F,363
12,11,202603,202603,ULAX_0432,0,MNENI,R,3,"1,5","0,00787","0,01",0,0,"0,01",0,M,496
12,11,202603,202603,SPOX_0823,0,2NENI,N,1,"5,6","0,00787","0,04",0,0,"0,04",0,F,251
12,11,202603,202603,SPOX_0999,0,2NENI,N,94,"70,5","0,00787","0,55","0,02",0,"0,57",0,F,248
12,11,202603,202603,ULAX_4726,0, NENV,N,15,"7,9","0,01499","0,12",0,0,"0,12",0,M,430
12,11,202603,202603,ULAX_1204,0,2NENI,R,1,"1,3","0,00787","0,01",0,0,"0,01",0,F,208
12,11,202603,202603,SPOX_0999,0,4NENL,N,6685,"11081,8","0,00608","67,36","2,55",0,"69,91",0,F,265
12,11,202603,202603,ULAX_0432,0,2NENI,N,1,"0,5","0,00787",0,0,0,0,0,F,65
12,11,202603,202602,ULAX_4726,0,2NENI,N,1,"5,5","0,00787","0,04",0,0,"0,04",0,F,355
12,11,202603,202603,SPOX_0999,0,2NENI,D,196,"585,6","0,00787","4,62","0,17",0,"4,79",0,F,219
12,11,202603,202603,ULAX_1204,0,MNENI,R,9,"4,5","0,00787","0,03",0,0,"0,03",0,M,6
12,11,202603,202603,SPO_13918,0,2IENI,D,10,"17,4","0,00787","0,13",0,0,"0,13",0,F,318
12,11,202603,202603,ULAX_1204,0,2NENI,D,71,"40,2","0,00787","0,32","0,01",0,"0,33",0,F,985
12,11,202603,202602,ULAX_0432,0,MNENI,D,2,"7,2","0,00787","0,06",0,0,"0,06",0,M,50
12,11,202603,202603,SPOX_0999,0,2IENI,D,9,"7,7","0,00787","0,05",0,0,"0,05",0,F,5
12,11,202603,202603,ULAX_1204,0,4NENL,N,985,"2836,8","0,00605","17,18","0,65",0,"17,83",0,F,983
12,11,202603,202603,ULAX_1201,0,MNENI,N,2,1,"0,00787",0,0,0,0,0,M,24
12,11,202603,202603,SPO_11154,0,2NENI,R,39,"64,6","0,00787","0,51","0,01",0,"0,52",0,F,432
12,11,202603,202603,ULAX_1204,0,2IENI,S,1,"2,5","0,00787","0,02",0,0,"0,02",0,F,205
12,11,202603,202603,SPOX_0999,0,2NENI,R,1,"0,5","0,00787",0,0,0,0,0,F,985
12,11,202603,202602,ULAX_0432,0, NENV,N,1,"0,5","0,01499","0,01",0,0,"0,01",0,M,A34
12,11,202603,202603,SPOX_0999,0,2IENI,D,2,1,"0,00787",0,0,0,0,0,F,219
12,11,202603,202603,ULAX_1204,0,4NENL,N,22745,"18365,1","0,00607","111,47","4,22",0,"115,69",0,F,42
12,11,202603,202603,ULAX_1201,0,MNENI,N,2,"1,8","0,00787","0,01",0,0,"0,01",0,M,441
12,11,202603,202603,SPO_11182,0,2IENI,R,2,"3,9","0,00787","0,03",0,0,"0,03",0,F,431
12,11,202603,202603,ULAX_1204,0,2IENI,S,5,6,"0,00787","0,04",0,0,"0,04",0,F,357
12,11,202603,202603,SPOX_0999,0,2NENI,S,28,28,"0,00787","0,22",0,0,"0,22",0,F,42
12,11,202603,202601,SPO_11366,0,2NENI,N,2,"9,8","0,0078","0,08",0,0,"0,08",0,F,361
12,11,202603,202603,ULAX_0432,0, NENV,N,1,"0,5","0,01499","0,01",0,0,"0,01",0,M,33
12,11,202603,202603,SPOX_6716,0,2NENI,D,2702,"8604,8","0,00787","67,7","2,56",0,"70,26",0,F,363
12,11,202603,202603,SPOX_0835,0,MNENI,R,1,"0,5","0,00787",0,0,0,0,0,M,50
12,11,202603,202603,SPOX_0999,0,2NENI,N,180,"669,4","0,00787","5,26","0,19",0,"5,45",0,F,316
12,11,202603,202603,ULAX_4728,0, NENV,R,700,"3631,7","0,01049","38,08","1,44",0,"39,52",0,M,34
12,11,202603,202603,ULAX_0432,0,2NENI,N,6,3,"0,00787","0,01",0,0,"0,01",0,F,709
12,11,202603,202603,SPOX_0999,0,4NENL,N,581,"906,3","0,00608","5,49","0,2",0,"5,69",0,F,941
12,11,202603,202603,SPOX_0046,0,4NENL,N,58,"173,1","0,00631","1,08","0,04",0,"1,12",0,F,225
12,11,202603,202603,SPOX_0999,0,2NENI,D,8861,"14591,5","0,00787","114,83","4,34",0,"119,17",0,F,262
12,11,202603,202603,ULAX_1204,0, NSNV,N,4,"3,7","0,01686","0,06",0,0,"0,06",0,M,349
12,11,202603,202603,ULAX_1204,0,2NENI,N,85,"74,1","0,00787","0,58","0,02",0,"0,6",0,F,84
12,11,202603,202603,SPO_11186,0,2NENI,D,25,"23,3","0,00787","0,18",0,0,"0,18",0,F,431
12,11,202603,202602,ULAX_1201,0,MNENI,D,4,2,"0,0078","0,02",0,0,"0,02",0,M,A61
12,11,202603,202603,SPOX_0999,0,2IENI,D,8,"20,3","0,00787","0,16",0,0,"0,16",0,F,359
12,11,202603,202603,ULAX_1204,0,4NENL,N,801,787,"0,00608","4,77","0,18",0,"4,95",0,F,204
12,11,202603,202603,ULAX_1201,0,MNENI,R,14,"7,9","0,00787","0,05",0,0,"0,05",0,M,B99
12,11,202603,202603,ULAX_1204,0,2NENI,D,21,"18,9","0,00787","0,12",0,0,"0,12",0,F,55
12,11,202603,202603,SPOX_7137,0,2NENI,D,8,"9,5","0,00787","0,07",0,0,"0,07",0,F,319
12,11,202603,202603,SPOX_0999,0,2NENI,S,272,"755,3","0,00787","5,9","0,22",0,"6,12",0,F,247
12,11,202603,202602,SPOX_0999,0,2NENI,D,1,"10,8","0,0078","0,08",0,0,"0,08",0,F,221
12,11,202603,202603,ULAX_0432,0, NENV,N,6,"3,9","0,01499","0,06",0,0,"0,06",0,M,495
12,11,202603,202603,ULAX_1204,0,2NENI,R,2371,"7806,4","0,00787","61,42","2,32",0,"63,74",0,F,318
12,11,202603,202603,SPOX_0999,0,4NENL,N,155,"110,3","0,0061","0,66","0,02",0,"0,68",0,F,663
12,11,202603,202603,SPOX_0970,0,2NENI,N,1,"11,5","0,00787","0,09",0,0,"0,09",0,F,212
12,11,202603,202603,SPOX_0999,0,2NENI,N,203,"142,7","0,00787","1,1","0,04",0,"1,14",0,F,544
12,11,202603,202603,ULAX_4760,0,2NENI,N,1,"0,7","0,00787","0,01",0,0,"0,01",0,F,232
12,11,202603,202603,ULAX_0432,0,2NENI,R,1,"0,5","0,00787",0,0,0,0,0,F,361
12,11,202603,202603,ULAX_1204,0,2NENI,N,21,"80,6","0,00787","0,63","0,02",0,"0,65",0,F,192
12,11,202603,202603,SPOX_0083,0,2NENI,N,1,"1,1","0,00787","0,01",0,0,"0,01",0,F,203
12,11,202603,202603,SPOX_0999,0,2NENI,D,183,"124,3","0,00787","0,98","0,03",0,"1,01",0,F,296
12,11,202603,202603,ULAX_4030,0,2NENI,D,24,"33,6","0,00787","0,27",0,0,"0,27",0,F,661
12,11,202603,202603,SPO_14657,0,2NENI,D,21,"37,7","0,00787","0,28","0,01",0,"0,29",0,F,143
12,11,202603,202603,SPO_11230,0, NENV,N,35,"54,3","0,01499","0,8","0,03",0,"0,83",0,M,34
12,11,202603,202603,ULAX_1204,0,2NENI,D,14777,"56111,2","0,00787","441,6","16,72",0,"458,32",0,F,85
12,11,202603,202602,ULAX_1201,0, NENV,N,3,"1,6","0,01686","0,03",0,0,"0,03",0,M,6
12,11,202603,202603,SPOX_0999,0,2IENI,D,2,1,"0,00787","0,01",0,0,"0,01",0,F,943
12,11,202603,202603,ULAX_1204,0,4NENL,N,4554,"3692,5","0,00608","22,46","0,85",0,"23,31",0,F,267
12,11,202603,202603,ULAX_1201,0, NENV,N,2,1,"0,01499","0,02",0,0,"0,02",0,M,456
12,11,202603,202603,SPO_10066,0,2NENI,S,1879,"4283,8","0,00787","33,71","1,27",0,"34,98",0,F,363
12,11,202603,202603,SPOX_0999,0,2NENI,S,1,"0,5","0,00787",0,0,0,0,0,F,317
12,11,202603,202602,SPOX_0999,0,2NENI,D,6,"28,8","0,00787","0,23",0,0,"0,23",0,F,232
12,11,202603,202603,ULAX_0432,0, NENV,N,28,"16,8","0,01686","0,31","0,01",0,"0,32",0,M,461
12,11,202603,202603,ULAX_1204,0,2NENI,R,136,"246,7","0,00787","1,94","0,07",0,"2,01",0,F,674
12,11,202603,202603,SPOX_0999,0,4NENL,R,3,"26,7","0,00423","0,12",0,0,"0,12",0,F,209
12,11,202603,202603,SPOX_0970,0, NENV,N,14,7,"0,01779","0,14",0,0,"0,14",0,M,325
12,11,202603,202603,SPOX_0999,0,2NENI,N,1,5,"0,00787","0,04",0,0,"0,04",0,F,804
12,11,202603,202603,ULAX_4763,0,1NSNI,D,191,"589,2","0,00787","4,65","0,17",0,"4,82",0,F,35
12,11,202603,202603,ULAX_0432,0,4NENL,N,3,"2,9","0,00605","0,01",0,0,"0,01",0,F,597
12,11,202603,202603,ULAX_1204,0,2NENI,N,36998,"146266,9","0,00787","1151,15","43,6",0,"1194,75",0,F,232
12,11,202603,202603,SPOX_0999,0,4IENL,R,4,"69,5","0,00423","0,29","0,01",0,"0,3",0,F,31
12,11,202603,202603,SPOX_0326,0,2NENI,D,11,"83,1","0,00787","0,65","0,02",0,"0,67",0,F,203
12,11,202603,202603,SPOX_0999,0,2NENI,D,100,"78,4","0,00787","0,63","0,02",0,"0,65",0,F,432
12,11,202603,202603,ULAX_4039,0,2NENI,R,4,"6,5","0,00787","0,05",0,0,"0,05",0,F,661
12,11,202603,202603,SPO_14667,0,2NENI,N,416,"1954,2","0,00787","15,37","0,58",0,"15,95",0,F,143
12,11,202603,202603,SPO_11362,0,1NENI,D,23,"49,7","0,00787","0,4","0,01",0,"0,41",0,F,804
12,11,202603,202603,ULAX_1204,0,2NENI,D,80,"289,7","0,00787","2,28","0,08",0,"2,36",0,F,209
12,11,202603,202602,ULAX_1204,0,2NENI,D,2,"7,7","0,0078","0,06",0,0,"0,06",0,F,292
12,11,202603,202603,SPOX_0999,0,2IENI,N,10,"20,5","0,00787","0,15",0,0,"0,15",0,F,235
12,11,202603,202603,ULAX_1204,0,4NENL,N,1,"0,5","0,00608",0,0,0,0,0,F,805
12,11,202603,202603,ULAX_1201,0, NENV,R,8,"8,7","0,01049","0,11",0,0,"0,11",0,M,A34
12,11,202603,202603,SPO_10152,0,1NENI,N,1,"1,9","0,00787","0,01",0,0,"0,01",0,F,143
12,11,202603,202603,SPOX_0999,0,2NENI,S,1,"0,5","0,00787",0,0,0,0,0,F,738
12,11,202603,202603,ULAX_1204,0,2IENI,D,6,"3,8","0,0076","0,02",0,0,"0,02",0,F,48
12,11,202603,202602,SPOX_0999,0,2NENI,N,3,"6,7","0,0078","0,05",0,0,"0,05",0,F,31
12,11,202603,202603,ULAX_0432,0, NENV,R,3,"1,5","0,0118","0,03",0,0,"0,03",0,M,69
12,11,202603,202603,ULAX_1204,0,2NENI,R,38,"120,9","0,00787","0,94","0,03",0,"0,97",0,F,951
12,11,202603,202603,SPOX_0999,0,4NENL,R,1,"0,5","0,00423",0,0,0,0,0,F,295
12,11,202603,202603,SPOX_0999,0,1NENI,D,317,"395,4","0,00787","3,12","0,11",0,"3,23",0,F,241
12,11,202603,202603,SPOX_0999,0,2NENI,N,184,"343,7","0,00787","2,7","0,1",0,"2,8",0,F,948
12,11,202603,202603,ULAX_4763,0,2NENI,S,40,"121,5","0,00787","0,97","0,03",0,1,0,F,355
12,11,202603,202603,ULAX_0432,0,4NENL,N,35,"35,5","0,00608","0,22",0,0,"0,22",0,F,192
12,11,202603,202603,ULAX_1204,0,2NENI,N,1474,"1096,5","0,00787","8,64","0,32",0,"8,96",0,F,267
12,11,202603,202603,SPOX_0999,0,4NENL,N,14121,"36764,9","0,00605","222,44","8,42",0,"230,86",0,F,21
12,11,202603,202603,SPOX_0347,0,4NENL,N,5,"17,5","0,0061","0,1",0,0,"0,1",0,F,638
12,11,202603,202603,SPOX_0999,0,2NENI,D,144,"184,8","0,00787","1,44","0,05",0,"1,49",0,F,738
12,11,202603,202603,ULAX_4113,0,MNENI,D,412,"347,6","0,0076","2,65","0,09",0,"2,74",0,M,348
12,11,202603,202603,SPO_14673,0,2IENI,N,7,10,"0,00787","0,07",0,0,"0,07",0,F,356
12,11,202603,202603,SPO_11364,0,MNENI,R,1,"1,1","0,0076","0,01",0,0,"0,01",0,M,34
12,11,202603,202603,ULAX_1204,0,2NENI,D,8451,"14573,3","0,00787","114,66","4,34",0,119,0,F,241
12,11,202603,202602,ULAX_1204,0,2NENI,D,2,"2,2","0,00787","0,02",0,0,"0,02",0,F,267
12,11,202603,202603,SPOX_0999,0,2IENI,N,5,"2,5","0,00787","0,01",0,0,"0,01",0,F,432
12,11,202603,202603,ULAX_1204,0,4NENL,N,163,"104,7","0,0061","0,65","0,02",0,"0,67",0,F,663
12,11,202603,202603,ULAX_1204,0,1NENI,D,94,"108,4","0,00787","0,84","0,03",0,"0,87",0,F,221
12,11,202603,202603,SPO_10156,0,2NENI,N,578,"2335,4","0,00787","18,39","0,69",0,"19,08",0,F,143
12,11,202603,202603,SPOX_0999,0,4IENL,N,20,"45,9","0,00605","0,29","0,01",0,"0,3",0,F,21
12,11,202603,202603,ULAX_1204,0,2IENI,D,8,"24,3","0,00787","0,19",0,0,"0,19",0,F,316
12,11,202603,202602,SPOX_0999,0,2NENI,N,1,"0,9","0,00787","0,01",0,0,"0,01",0,F,267
12,11,202603,202603,ULAX_1008,0,2NENI,R,2,1,"0,00787",0,0,0,0,0,F,61
12,11,202603,202603,ULAX_1204,0,2NENI,S,10,43,"0,00787","0,32","0,01",0,"0,33",0,F,192
12,11,202603,202603,SPOX_0999,0,4NENL,R,2,1,"0,00425",0,0,0,0,0,F,41
12,11,202603,202603,SPOX_0999,0,1NENI,D,2,5,"0,00787","0,04",0,0,"0,04",0,F,318
12,11,202603,202603,SPOX_0999,0,2NENI,N,44,"22,3","0,00787","0,14",0,0,"0,14",0,F,991
12,11,202603,202603,ULAX_5040,0,MNENI,N,3,"1,6","0,00787",0,0,0,0,0,M,66
12,11,202603,202603,ULAX_0432,0,4NENL,N,1,"0,5","0,00608",0,0,0,0,0,F,965
12,11,202603,202603,ULAX_1204,0,2NENI,N,186,"599,1","0,00787","4,71","0,17",0,"4,88",0,F,316
12,11,202603,202603,SPOX_0999,0,4NENL,N,4939,"12062,3","0,00605","72,98","2,76",0,"75,74",0,F,205
12,11,202603,202603,SPOX_0543,0,2NENI,N,2,"20,1","0,00787","0,15",0,0,"0,15",0,F,884
12,11,202603,202603,SPOX_0999,0,2NENI,D,813,"585,9","0,00787","4,59","0,17",0,"4,76",0,F,865
12,11,202603,202603,ULAX_4202,0,2IENI,D,1,"15,2","0,00787","0,12",0,0,"0,12",0,F,674
12,11,202603,202603,SPO_14681,0,2NENI,D,1199,"5635,2","0,00787","44,36","1,67",0,"46,03",0,F,143
12,11,202603,202603,SPO_11366,0,4NENL,N,8,"24,2","0,00608","0,14",0,0,"0,14",0,F,251
12,11,202603,202603,ULAX_1204,0,2NENI,D,998,812,"0,00787","6,39","0,24",0,"6,63",0,F,279
12,11,202603,202602,ULAX_1204,0,2NENI,N,1,"0,5","0,0078",0,0,0,0,0,F,271
12,11,202603,202603,SPOX_0999,0,2IENI,R,2,"3,6","0,00787","0,02",0,0,"0,02",0,F,62
12,11,202603,202603,ULAX_1204,0,4NENL,R,5689,"27341,5","0,00423","115,65","4,38",0,"120,03",0,F,221
12,11,202603,202603,ULAX_1204,0,1NENI,D,1,"1,3","0,00787","0,01",0,0,"0,01",0,F,318
12,11,202603,202603,SPO_10416,0,MNENI,D,2,"4,8","0,0076","0,03",0,0,"0,03",0,M,325
12,11,202603,202603,SPOX_0999,0,4IENL,N,2,1,"0,00605",0,0,0,0,0,F,985
12,11,202603,202603,ULAX_1204,0,2IENI,D,5,"31,4","0,00787","0,25",0,0,"0,25",0,F,705
12,11,202603,202602,SPOX_0999,0,4NENL,N,4,"24,9","0,00598","0,15",0,0,"0,15",0,F,31
12,11,202603,202603,ULAX_1201,0,1NENI,D,7,"15,1","0,00787","0,13",0,0,"0,13",0,F,361
12,11,202603,202603,ULAX_1204,0,2NENI,S,4,"3,9","0,00787","0,03",0,0,"0,03",0,F,265
12,11,202603,202603,SPOX_0999,0,4NENL,R,26,"81,2","0,00425","0,35","0,01",0,"0,36",0,F,261
12,11,202603,202603,SPOX_0999,0,1NENI,D,1,"0,5","0,00787",0,0,0,0,0,F,925
12,11,202603,202603,SPOX_0999,0,2NENI,R,32,"28,1","0,00787","0,21",0,0,"0,21",0,F,81
12,11,202603,202603,ULAX_0432,0,MNENI,D,42,"22,1","0,00787","0,15",0,0,"0,15",0,M,18
12,11,202603,202603,ULAX_1204,0,2NENI,N,1516,"1016,9","0,00787",8,"0,3",0,"8,3",0,F,541
12,11,202603,202603,SPOX_0999,0,4NENL,N,5181,"6269,1","0,00605","37,93","1,43",0,"39,36",0,F,281
12,11,202603,202603,SPOX_0543,0, NENV,R,2,1,"0,01049","0,02",0,0,"0,02",0,M,34
12,11,202603,202603,SPOX_0999,0,2NENI,D,74,"54,9","0,00787","0,44","0,01",0,"0,45",0,F,965
12,11,202603,202603,SPO_14681,0, NENV,N,3,"9,5","0,01779","0,17",0,0,"0,17",0,M,325
12,11,202603,202603,SPO_11400,0,MNENI,D,8,"8,8","0,0076","0,05",0,0,"0,05",0,M,325
12,11,202603,202603,ULAX_1204,0,2NENI,D,4941,"18064,8","0,00787","142,15","5,38",0,"147,53",0,F,318
12,11,202603,202602,ULAX_1204,0,2NENI,N,2,1,"0,00787","0,01",0,0,"0,01",0,F,804
12,11,202603,202603,SPOX_0999,0,2IENI,R,1,"5,5","0,00787","0,04",0,0,"0,04",0,F,359
12,11,202603,202603,ULAX_1204,0,4NENL,R,1,"0,5","0,00423",0,0,0,0,0,F,621
12,11,202603,202603,ULAX_1204,0,1NENI,D,1,"1,1","0,00787","0,01",0,0,"0,01",0,F,925
12,11,202603,202603,SPO_10617,0,2NENI,D,62,134,"0,00787","1,05","0,03",0,"1,08",0,F,638
12,11,202603,202603,ULAX_1204,0,2IENI,N,2,1,"0,0076",0,0,0,0,0,F,48
12,11,202603,202602,SPOX_0999,0,4NENL,N,9,"24,7","0,00605","0,15",0,0,"0,15",0,F,221
12,11,202603,202603,ULAX_1201,0,2NENI,D,7,5,"0,00787","0,03",0,0,"0,03",0,F,251
12,11,202603,202603,SPOX_0999,0,2NENI,R,3,"26,7","0,00787","0,21",0,0,"0,21",0,F,209
12,11,202603,202603,ULAX_1204,0,2NENI,S,15,"20,4","0,00787","0,14",0,0,"0,14",0,F,357
12,11,202603,202603,SPOX_0999,0,4NENL,R,35,"53,5","0,00425","0,22",0,0,"0,22",0,F,951
12,11,202603,202603,SPOX_0999,0,1NENI,N,1,1,"0,00787","0,01",0,0,"0,01",0,F,206
12,11,202603,202603,ULAX_0432,0,MNENI,D,1507,"1037,6","0,00787","8,18","0,3",0,"8,48",0,M,A61
12,11,202603,202603,SPOX_0999,0,2NENI,D,113,"87,1","0,00787","0,68","0,02",0,"0,7",0,F,985
12,11,202603,202603,ULAX_4721,0,MNENI,D,7,"15,4","0,00787","0,12",0,0,"0,12",0,M,30
12,11,202603,202603,ULAX_1204,0,2NENI,N,2808,"9540,8","0,00787","75,09","2,84",0,"77,93",0,F,780
12,11,202603,202603,SPOX_0999,0,4NENL,N,1,"0,5","0,00605",0,0,0,0,0,F,619
12,11,202603,202603,SPOX_0551,0,2NENI,N,1,"0,5","0,00787",0,0,0,0,0,F,704
12,11,202603,202603,ULAX_0432,0,1NENI,N,7,"3,6","0,00787","0,01",0,0,"0,01",0,F,251
12,11,202603,202603,ULAX_1204,0,4NENL,R,1,"0,5","0,00423",0,0,0,0,0,F,985
12,11,202603,202603,SPO_11405,0,1NENI,D,6,"12,1","0,00787","0,09",0,0,"0,09",0,F,143
12,11,202603,202603,ULAX_1204,0,2NENI,D,1,"0,5","0,00787",0,0,0,0,0,F,505
12,11,202603,202602,ULAX_1204,0,4NENL,N,1,"0,5","0,00598",0,0,0,0,0,F,285
12,11,202603,202603,ULAX_1204,0,1NENI,N,78,"69,4","0,00787","0,55","0,02",0,"0,57",0,F,227
12,11,202603,202603,ULAX_1204,0,4NENL,N,33,"19,2","0,00605","0,12",0,0,"0,12",0,F,92
12,11,202603,202603,SPO_10802,0,2NENI,N,2,"2,4","0,00787","0,01",0,0,"0,01",0,F,71
12,11,202603,202603,ULAX_1204,0,2IENI,N,39,"84,4","0,00787","0,67","0,02",0,"0,69",0,F,317
12,11,202603,202602,SPOX_0999,0,4NENL,N,2,"3,8","0,00608","0,03",0,0,"0,03",0,F,757
12,11,202603,202603,ULAX_1201,0,2NENI,N,493,"317,7","0,00787","2,49","0,09",0,"2,58",0,F,757
12,11,202603,202603,SPOX_0999,0,2NENI,R,200,"331,8","0,00787","2,59","0,09",0,"2,68",0,F,265
12,11,202603,202603,ULAX_1204,0,2NENI,S,2,"1,8","0,00787","0,01",0,0,"0,01",0,F,951
12,11,202603,202603,SPOX_0999,0,MNENI,N,348,"196,3","0,00787","1,54","0,05",0,"1,59",0,M,50
12,11,202603,202603,ULAX_0432,0,MNENI,N,7,12,"0,00787","0,09",0,0,"0,09",0,M,421
12,11,202603,202603,SPOX_0999,0,2NENI,N,229,"225,5","0,00787","1,78","0,06",0,"1,84",0,F,67
12,11,202603,202603,ULAX_4721,0, NENV,N,1385,1732,"0,01499","25,94","0,98",0,"26,92",0,M,430
12,11,202603,202603,ULAX_1204,0,2NENI,N,144,"195,7","0,00787","1,53","0,05",0,"1,58",0,F,941
12,11,202603,202603,SPOX_0999,0,4NENL,N,7,"3,5","0,00605","0,01",0,0,"0,01",0,F,979
12,11,202603,202603,SPOX_0811,0,2NENI,D,2,"1,5","0,00787","0,02",0,0,"0,02",0,F,251
12,11,202603,202603,ULAX_0432,0,2NENI,D,6,"7,6","0,00787","0,06",0,0,"0,06",0,F,65
12,11,202603,202603,SPOX_0999,0,2IENI,S,1,"0,5","0,00787",0,0,0,0,0,F,674
12,11,202603,202603,ULAX_1204,0,4NENL,R,270,"775,5","0,00425","3,28","0,12",0,"3,4",0,F,241
12,11,202603,202603,SPO_11462,0,2NENI,R,155,"240,4","0,00787","1,89","0,07",0,"1,96",0,F,351
12,11,202603,202603,ULAX_1204,0,2NENI,D,10904,"12709,2","0,00787",100,"3,78",0,"103,78",0,F,757
12,11,202603,202602,ULAX_1204,0,4NENL,N,1,"0,5","0,00605",0,0,0,0,0,F,931
12,11,202603,202603,ULAX_1204,0,1NENI,N,13,"37,1","0,00787","0,28","0,01",0,"0,29",0,F,361
12,11,202603,202603,SPOX_0999,0,1NENI,N,59,"75,9","0,00787","0,59","0,02",0,"0,61",0,F,757
12,11,202603,202603,ULAX_1204,0,4NENL,N,5,"6,9","0,00605","0,03",0,0,"0,03",0,F,244
12,11,202603,202603,SPO_10810,0,MNSNI,N,3,"15,5","0,00787","0,12",0,0,"0,12",0,M,348
12,11,202603,202603,ULAX_1204,0,2IENI,N,12,6,"0,00787","0,04",0,0,"0,04",0,F,780
12,11,202603,202602,SPO_10066,0,2NENI,D,1,"18,6","0,0078","0,15",0,0,"0,15",0,F,363
12,11,202603,202603,ULAX_1201,0,4NENL,N,11,7,"0,00608","0,04",0,0,"0,04",0,F,251
12,11,202603,202603,SPOX_0999,0,2NENI,R,92,"318,6","0,00787","2,51","0,09",0,"2,6",0,F,298
12,11,202603,202603,ULAX_1204,0,4IENL,N,20,"14,8","0,00605","0,09",0,0,"0,09",0,F,292
12,11,202603,202603,SPOX_0999,0, NENV,N,15,"9,5","0,01686","0,17",0,0,"0,17",0,M,A61
12,11,202603,202603,ULAX_0432,0,MNENI,N,62,"38,7","0,00787","0,3","0,01",0,"0,31",0,M,499
12,11,202603,202603,SPOX_0811,0,MNENI,S,6,3,"0,0076",0,0,0,0,0,M,34
12,11,202603,202603,SPOX_0999,0,2NENI,N,27,"102,2","0,00787","0,79","0,03",0,"0,82",0,F,192
12,11,202603,202603,ULAX_4726,0,1NSNI,N,13,"13,9","0,00787","0,11",0,0,"0,11",0,F,35
12,11,202603,202603,ULAX_1204,0,2NENI,N,32,"17,2","0,00787","0,1",0,0,"0,1",0,F,985
12,11,202603,202603,SPOX_0999,0,4NENL,N,300,"258,2","0,00608","1,57","0,05",0,"1,62",0,F,47
12,11,202603,202603,ULAX_0432,0,2NENI,D,33,"22,9","0,00787","0,16",0,0,"0,16",0,F,655
12,11,202603,202602,ULAX_1204,0,4NENL,N,3,"2,5","0,00631","0,02",0,0,"0,02",0,F,235
12,11,202603,202603,SPOX_0999,0,2NENI,D,13,"23,7","0,00787","0,17",0,0,"0,17",0,F,71
12,11,202603,202603,ULAX_1204,0,4NENL,R,1,"0,5","0,00425",0,0,0,0,0,F,865
12,11,202603,202603,SPO_11466,0,2NENI,R,5,"5,6","0,00787","0,03",0,0,"0,03",0,F,351
12,11,202603,202603,ULAX_1204,0,2NENI,D,1,"0,5","0,00787",0,0,0,0,0,F,915
12,11,202603,202603,ULAX_1204,0,1NENI,R,1,"2,7","0,00787","0,02",0,0,"0,02",0,F,27
12,11,202603,202602,SPO_11366,0,1NENI,N,2,"6,8","0,00787","0,05",0,0,"0,05",0,F,361
12,11,202603,202603,SPOX_0999,0,1NENI,R,3,16,"0,00787","0,12",0,0,"0,12",0,F,85
12,11,202603,202603,ULAX_1204,0,4NENL,N,1,"4,7","0,00605","0,03",0,0,"0,03",0,F,460
12,11,202603,202603,SPO_11144,0,2NENI,N,1,"8,1","0,00787","0,06",0,0,"0,06",0,F,241
12,11,202603,202603,ULAX_1204,0,2IENI,R,2,"2,6","0,00787","0,02",0,0,"0,02",0,F,284
12,11,202603,202603,ULAX_1201,0,MNENI,D,22,"12,3","0,00787","0,09",0,0,"0,09",0,M,30
12,11,202603,202603,SPOX_0999,0,2NENI,R,5,"3,8","0,00787","0,03",0,0,"0,03",0,F,544
12,11,202603,202603,ULAX_1204,0,4IENL,N,2,"2,5","0,00608","0,01",0,0,"0,01",0,F,951
12,11,202603,202603,SPOX_6694,0,2NENI,N,92,"132,4","0,00787","1,02","0,03",0,"1,05",0,F,143
12,11,202603,202603,ULAX_0432,0,MNENI,R,1,"0,5","0,00787",0,0,0,0,0,M,461
12,11,202603,202603,SPOX_0823,0,1NENI,D,150,"294,6","0,00787","2,31","0,08",0,"2,39",0,F,361
12,11,202603,202603,SPOX_0999,0,2NENI,N,37064,"146101,6","0,00787","1149,82","43,55",0,"1193,37",0,F,232
12,11,202603,202603,ULAX_4726,0,MNENI,D,109,111,"0,0076","0,85","0,03",0,"0,88",0,M,34
12,11,202603,202603,ULAX_1204,0,2NENI,R,2,1,"0,00787",0,0,0,0,0,F,83
12,11,202603,202603,SPOX_0999,0,4NENL,N,12360,"20234,8","0,00608","123,01","4,66",0,"127,67",0,F,241
12,11,202603,202603,ULAX_0432,0,2NENI,D,5,"2,5","0,00787",0,0,0,0,0,F,963
12,11,202603,202602,ULAX_4202,0,2NENI,D,4,"45,9","0,00787","0,36","0,01",0,"0,37",0,F,674
12,11,202603,202603,SPOX_0999,0,2NENI,D,222,"947,7","0,00787","7,48","0,28",0,"7,76",0,F,202
12,11,202603,202603,ULAX_1204,0,MNENI,D,19,"9,5","0,00787","0,04",0,0,"0,04",0,M,A61
12,11,202603,202603,SPO_12218,0,4NENL,N,3,"7,4","0,00608","0,04",0,0,"0,04",0,F,121
12,11,202603,202603,ULAX_1204,0,2NENI,D,15,"18,9","0,00787","0,13",0,0,"0,13",0,F,968
12,11,202603,202602,ULAX_0432,0,2NENI,D,2,1,"0,00787","0,01",0,0,"0,01",0,F,977
12,11,202603,202603,SPOX_0999,0,1NENI,S,5,"3,8","0,00787","0,02",0,0,"0,02",0,F,262
12,11,202603,202603,ULAX_1204,0,4NENL,N,1,"0,5","0,00605",0,0,0,0,0,F,915
12,11,202603,202603,SPO_11144,0, NENV,N,1,"0,5","0,01686","0,01",0,0,"0,01",0,M,441
12,11,202603,202603,ULAX_1204,0,2IENI,R,8,"15,6","0,00787","0,11",0,0,"0,11",0,F,661
12,11,202603,202603,ULAX_1201,0,MNENI,D,1129,"618,4","0,00787","4,85","0,18",0,"5,03",0,M,B99
12,11,202603,202603,SPOX_0999,0,2NENI,R,29,"73,5","0,00787","0,57","0,02",0,"0,59",0,F,941
12,11,202603,202603,ULAX_1204,0,4IENL,R,4,"3,7","0,00425","0,01",0,0,"0,01",0,F,62
12,11,202603,202603,SPOX_6698,0,4NENL,N,2,"5,4","0,00608","0,03",0,0,"0,03",0,F,764
12,11,202603,202603,ULAX_0432,0,MNENI,R,14,7,"0,00787","0,06",0,0,"0,06",0,M,B99
12,11,202603,202603,SPOX_0823,0,4NENL,N,1,"0,7","0,00608",0,0,0,0,0,F,804
12,11,202603,202603,SPOX_0999,0,2NENI,N,1390,"967,8","0,00787","7,62","0,28",0,"7,9",0,F,267
12,11,202603,202603,ULAX_4728,0,MNENI,D,745,"819,2","0,00787","6,45","0,24",0,"6,69",0,M,430
12,11,202603,202603,ULAX_1204,0,2NENI,R,8898,"32903,4","0,00787","258,91","9,8",0,"268,71",0,F,232
12,11,202603,202603,SPOX_0999,0,4NENL,N,1318,"1387,6","0,00608","8,43","0,32",0,"8,75",0,F,706
12,11,202603,202603,ULAX_0432,0,2NENI,N,4,"3,7","0,00787","0,02",0,0,"0,02",0,F,232
12,11,202603,202602,ULAX_4728,0,MNENI,N,3,"1,5","0,00752","0,01",0,0,"0,01",0,M,34
12,11,202603,202603,SPOX_0999,0,2NENI,D,4637,"17840,2","0,00787","140,4","5,31",0,"145,71",0,F,235
12,11,202603,202603,ULAX_1204,0,MNSNI,N,16,"48,9","0,00787","0,39","0,01",0,"0,4",0,M,348
12,11,202603,202603,ULAX_1204,0,2NENI,N,2389,"7385,3","0,00787","58,12","2,2",0,"60,32",0,F,27
12,11,202603,202603,SPOX_0835,0,2NENI,N,919,"2083,7","0,00787","16,39","0,62",0,"17,01",0,F,361
12,11,202603,202603,SPOX_0999,0,2NENI,N,2792,"10688,7","0,00787","84,13","3,18",0,"87,31",0,F,285
12,11,202603,202603,ULAX_4728,0,MNENI,R,2,"3,3","0,00787","0,02",0,0,"0,02",0,M,76
12,11,202603,202603,ULAX_1204,0,2NENI,R,89,"290,1","0,00787","2,28","0,08",0,"2,36",0,F,255
12,11,202603,202603,SPOX_0999,0,4NENL,N,2,1,"0,00608",0,0,0,0,0,F,795
12,11,202603,202603,ULAX_0432,0,2NENI,N,1,"1,9","0,00787","0,01",0,0,"0,01",0,F,597
12,11,202603,202603,SPOX_0046,0,2NENI,D,13,"19,2","0,00787","0,16",0,0,"0,16",0,F,11
12,11,202603,202603,SPOX_0999,0,2NENI,D,2,1,"0,00787","0,01",0,0,"0,01",0,F,245
12,11,202603,202603,ULAX_1204,0, NENV,N,17,"8,5","0,01686","0,17",0,0,"0,17",0,M,60
12,11,202603,202603,ULAX_1204,0,2NENI,N,17,"21,3","0,00787","0,14",0,0,"0,14",0,F,61
12,11,202603,202603,SPO_11182,0,2NENI,N,1194,"2132,3","0,00787","16,78","0,63",0,"17,41",0,F,431
12,11,202603,202602,ULAX_0432,0, NENV,N,1,"0,5","0,01686","0,01",0,0,"0,01",0,M,A61
12,11,202603,202603,SPOX_0999,0,2IENI,D,1,"0,5","0,00787",0,0,0,0,0,F,293
12,11,202603,202603,ULAX_1204,0,4NENL,N,26,"21,4","0,00608","0,12",0,0,"0,12",0,F,55
12,11,202603,202603,ULAX_1201,0,MNENI,N,628,"373,5","0,00787","2,96","0,11",0,"3,07",0,M,A61
12,11,202603,202603,ULAX_1204,0,2ISNI,R,1,"0,6","0,0076",0,0,0,0,0,F,48
12,11,202603,202603,SPOX_0999,0,2NENI,S,1,"0,5","0,00787",0,0,0,0,0,F,207
12,11,202603,202602,SPOX_0543,0,2NENI,N,1,"0,5","0,00787",0,0,0,0,0,F,351
12,11,202603,202603,ULAX_0432,0, NENV,N,7,"25,4","0,01499","0,38","0,01",0,"0,39",0,M,78
12,11,202603,202603,ULAX_1204,0,2NENI,R,227,"799,2","0,00787","6,28","0,23",0,"6,51",0,F,285
12,11,202603,202603,SPOX_0970,0,2NENI,D,3,"1,7","0,00787","0,01",0,0,"0,01",0,F,11
12,11,202603,202603,SPOX_0999,0,2NENI,N,895,"1694,5","0,00787","13,34","0,5",0,"13,84",0,F,357
12,11,202603,202603,ULAX_4760,0,2NEAI,D,1,"12,3","0,0076","0,09",0,0,"0,09",0,F,35
12,11,202603,202603,ULAX_0432,0,2NENI,N,541,"315,1","0,00787","2,48","0,09",0,"2,57",0,F,931
12,11,202603,202603,SPOX_0999,0,4NENL,N,199,120,"0,00608","0,74","0,02",0,"0,76",0,F,967
12,11,202603,202603,SPOX_0083,0,1NENI,N,6,"4,8","0,00787","0,04",0,0,"0,04",0,F,143
12,11,202603,202603,SPOX_0999,0,2NENI,D,1324,"1095,1","0,00787","8,63","0,32",0,"8,95",0,F,283
12,11,202603,202603,ULAX_2826,0,2NENI,R,1,"9,1","0,00787","0,07",0,0,"0,07",0,F,934
12,11,202603,202603,SPO_13918,0,2NENI,S,21,"18,4","0,00787","0,14",0,0,"0,14",0,F,318
12,11,202603,202603,SPO_11230,0,2NENI,N,493,"1467,6","0,00787","11,53","0,43",0,"11,96",0,F,317
12,11,202603,202602,ULAX_1201,0,MNENI,N,1,"0,5","0,00787",0,0,0,0,0,M,A34
12,11,202603,202603,SPOX_0999,0,2IENI,D,91,"167,4","0,00787","1,31","0,04",0,"1,35",0,F,674
12,11,202603,202603,ULAX_1204,0,4NENL,N,8,"4,4","0,00608",0,0,0,0,0,F,246
12,11,202603,202603,ULAX_1201,0, NENV,N,4,2,"0,01499","0,03",0,0,"0,03",0,M,24
12,11,202603,202603,ULAX_1204,0,2NENI,D,587,"1832,1","0,00787","14,43","0,54",0,"14,97",0,F,81
12,11,202603,202603,SPOX_9684,0,2NSNI,D,58,"138,9","0,00787","1,08","0,04",0,"1,12",0,F,363
12,11,202603,202603,SPOX_0999,0,2NENI,S,234,1350,"0,00787","10,64","0,4",0,"11,04",0,F,271
12,11,202603,202602,SPOX_0999,0,2NENI,D,1,"0,5","0,0078",0,0,0,0,0,F,285
12,11,202603,202603,ULAX_0432,0, NENV,N,308,201,"0,01686","3,41","0,12",0,"3,53",0,M,6
12,11,202603,202603,ULAX_1204,0,2NENI,R,354,"838,5","0,00787","6,61","0,24",0,"6,85",0,F,361
12,11,202603,202603,SPOX_0999,0,4NENL,R,235,"550,1","0,00423","2,3","0,08",0,"2,38",0,F,27
12,11,202603,202603,SPOX_0970,0,4NENL,N,2,"19,8","0,0061","0,12",0,0,"0,12",0,F,203
12,11,202603,202603,SPOX_0999,0,2NENI,N,1,"0,5","0,00787",0,0,0,0,0,F,704
12,11,202603,202603,ULAX_4760,0,4NENL,N,53,"32,1","0,00605","0,2",0,0,"0,2",0,F,31
12,11,202603,202603,ULAX_0432,0,2NENI,R,1,"1,4","0,00787","0,01",0,0,"0,01",0,F,971
12,11,202603,202603,ULAX_1204,0,2NENI,N,44,136,"0,00787","1,07","0,04",0,"1,11",0,F,209
12,11,202603,202603,SPOX_0999,0,4IENL,N,1,"0,5","0,00608",0,0,0,0,0,F,293
12,11,202603,202603,SPOX_0083,0,4NENL,N,2,"9,1","0,0061","0,06",0,0,"0,06",0,F,11
12,11,202603,202603,SPOX_0999,0,2NENI,D,13489,"54443,9","0,00787","428,48","16,22",0,"444,7",0,F,355
12,11,202603,202603,ULAX_4030,0, NENV,N,21,"10,6","0,01499","0,18",0,0,"0,18",0,M,34
12,11,202603,202603,SPO_14657,0, NENV,R,10,"15,8","0,01245","0,2",0,0,"0,2",0,M,325
12,11,202603,202603,SPO_11232,0,2NENI,R,54,"73,7","0,00787","0,58","0,02",0,"0,6",0,F,317
12,11,202603,202603,ULAX_1204,0,2NENI,D,3,"2,3","0,00787","0,02",0,0,"0,02",0,F,121
12,11,202603,202602,ULAX_1204,0,2NENI,D,1,4,"0,0078","0,03",0,0,"0,03",0,F,31
12,11,202603,202603,SPOX_0999,0,2IENI,N,2,"10,4","0,0076","0,08",0,0,"0,08",0,F,48
12,11,202603,202603,ULAX_1204,0,4NENL,N,22,"17,1","0,00608","0,11",0,0,"0,11",0,F,707
12,11,202603,202603,ULAX_1201,0, NENV,N,1,"0,5","0,01686","0,01",0,0,"0,01",0,M,46
12,11,202603,202603,SPO_10092,0,2NENI,D,570,"1417,2","0,00787","11,18","0,42",0,"11,6",0,F,357
12,11,202603,202603,SPOX_0999,0,2NENI,S,46,63,"0,00787","0,45","0,01",0,"0,46",0,F,361
12,11,202603,202603,ULAX_1204,0,1NENI,R,2,"7,6","0,00787","0,06",0,0,"0,06",0,F,983
12,11,202603,202602,SPOX_0999,0,2NENI,D,1,"0,5","0,00787",0,0,0,0,0,F,291
12,11,202603,202603,ULAX_0432,0, NENV,R,1,"0,5","0,01049","0,01",0,0,"0,01",0,M,430
12,11,202603,202603,ULAX_1204,0,2NENI,R,26,"88,8","0,00787","0,69","0,02",0,"0,71",0,F,842
12,11,202603,202603,SPOX_0999,0,4NENL,R,17,"19,5","0,00423","0,09",0,0,"0,09",0,F,279
12,11,202603,202603,SPOX_0999,0,1NENI,D,1,"2,6","0,00787","0,02",0,0,"0,02",0,F,42
12,11,202603,202603,SPOX_0999,0,2NENI,N,1,"0,5","0,00787",0,0,0,0,0,F,915
12,11,202603,202603,ULAX_4763,0,2NEAI,N,6,"3,4","0,0076","0,02",0,0,"0,02",0,F,35
12,11,202603,202603,ULAX_0432,0,4NENL,N,104,"78,4","0,00605","0,49","0,01",0,"0,5",0,F,925
12,11,202603,202603,ULAX_1204,0,2NENI,N,4,2,"0,00787",0,0,0,0,0,F,246
12,11,202603,202603,SPOX_0999,0,4IENL,R,3,"3,1","0,00423","0,01",0,0,"0,01",0,F,705
12,11,202603,202603,SPOX_0326,0,4NENL,N,1,"9,6","0,0061","0,06",0,0,"0,06",0,F,11
12,11,202603,202603,SPOX_0999,0,2NENI,D,1195,"3680,8","0,00787","28,98","1,09",0,"30,07",0,F,661
12,11,202603,202603,ULAX_4039,0, NENV,R,10,5,"0,01049","0,06",0,0,"0,06",0,M,34
12,11,202603,202603,SPO_14667,0,4NENL,N,6,"26,3","0,0061","0,15",0,0,"0,15",0,F,212
12,11,202603,202603,SPO_11362,0,2NENI,N,224,"512,4","0,00787","4,05","0,15",0,"4,2",0,F,361
12,11,202603,202603,ULAX_1204,0,2NENI,D,31,"15,6","0,00787","0,11",0,0,"0,11",0,F,223
12,11,202603,202602,ULAX_1204,0,2NENI,D,5,"3,9","0,0078","0,02",0,0,"0,02",0,F,757
12,11,202603,202603,SPOX_0999,0,2IENI,N,9,"16,6","0,00787","0,12",0,0,"0,12",0,F,319
12,11,202603,202603,ULAX_1204,0,4NENL,N,788,1350,"0,00608","8,22","0,31",0,"8,53",0,F,951
12,11,202603,202603,ULAX_1204,0,1NENI,D,114,"84,9","0,00787","0,68","0,02",0,"0,7",0,F,21
12,11,202603,202603,SPO_10152,0,2NENI,R,78,"162,6","0,00787","1,28","0,04",0,"1,32",0,F,143
12,11,202603,202603,SPOX_0999,0,2NENI,S,1,"8,3","0,00787","0,07",0,0,"0,07",0,F,948
12,11,202603,202603,ULAX_1204,0,2IENI,D,38,"186,1","0,00787","1,44","0,05",0,"1,49",0,F,62
12,11,202603,202602,SPOX_0999,0,2NENI,N,1,"0,5","0,0078",0,0,0,0,0,F,674
12,11,202603,202603,ULAX_0953,0,2NENI,D,2,"14,7","0,00787","0,12",0,0,"0,12",0,F,707
12,11,202603,202603,ULAX_1204,0,2NENI,R,44,"95,2","0,00787","0,74","0,02",0,"0,76",0,F,983
12,11,202603,202603,SPOX_0999,0,4NENL,R,12,"31,2","0,00423","0,13",0,0,"0,13",0,F,921
12,11,202603,202603,SPOX_0999,0,1NENI,D,2,"1,2","0,00787","0,01",0,0,"0,01",0,F,265
12,11,202603,202603,SPOX_0999,0,2NENI,N,1,"0,6","0,00787",0,0,0,0,0,F,969
12,11,202603,202603,ULAX_4763,0,2NSNI,S,1,"3,6","0,0076","0,03",0,0,"0,03",0,F,35
12,11,202603,202603,ULAX_0432,0,4NENL,N,13,"10,7","0,00608","0,05",0,0,"0,05",0,F,267
12,11,202603,202603,ULAX_1204,0,2NENI,N,2577,9902,"0,00787","77,93","2,95",0,"80,88",0,F,285
12,11,202603,202603,SPOX_0999,0,4NENL,N,122,"96,7","0,00605","0,6","0,02",0,"0,62",0,F,83
12,11,202603,202603,SPOX_0348,0,2NETI,D,2,"17,5","0,00787","0,14",0,0,"0,14",0,F,143
12,11,202603,202603,SPOX_0999,0,2NENI,D,1,"3,1","0,00787","0,02",0,0,"0,02",0,F,803
12,11,202603,202603,ULAX_4113,0, NENV,N,3,"44,1","0,01686","0,75","0,02",0,"0,77",0,M,77
12,11,202603,202603,SPO_14679,0,1NSNI,N,3,"20,1","0,00787","0,15",0,0,"0,15",0,F,363
12,11,202603,202603,SPO_11366,0,2IENI,D,5,"3,4","0,00787","0,02",0,0,"0,02",0,F,361
12,11,202603,202603,ULAX_1204,0,2NENI,D,28560,"72212,8","0,00787","568,35","21,52",0,"589,87",0,F,251
12,11,202603,202602,ULAX_1204,0,2NENI,D,2,1,"0,00787",0,0,0,0,0,F,757
12,11,202603,202603,SPOX_0999,0,2IENI,N,3,"1,5","0,00787",0,0,0,0,0,F,925
12,11,202603,202603,ULAX_1204,0,4NENL,R,807,"1715,9","0,00423","7,26","0,27",0,"7,53",0,F,21
12,11,202603,202603,ULAX_1204,0,1NENI,D,323,"420,6","0,00787","3,31","0,12",0,"3,43",0,F,251
12,11,202603,202603,SPO_10156,0,4NENL,N,1,"0,5","0,0061",0,0,0,0,0,F,766
12,11,202603,202603,SPOX_0999,0,4IENL,N,49,"119,7","0,00605","0,71","0,02",0,"0,73",0,F,285
12,11,202603,202603,ULAX_1204,0,2IENI,D,48,"72,7","0,00787","0,56","0,02",0,"0,58",0,F,357
12,11,202603,202602,SPOX_0999,0,2NENI,N,1,"0,5","0,00787",0,0,0,0,0,F,359
12,11,202603,202603,ULAX_1008,0,4NENL,R,2,1,"0,00425",0,0,0,0,0,F,204
12,11,202603,202603,ULAX_1204,0,2NENI,S,754,"1814,6","0,00787","14,28","0,54",0,"14,82",0,F,232
12,11,202603,202603,SPOX_0999,0,4NENL,R,26,"73,2","0,00425","0,29","0,01",0,"0,3",0,F,192
12,11,202603,202603,SPOX_0999,0,1NENI,D,1,"0,5","0,00787",0,0,0,0,0,F,541
12,11,202603,202603,SPOX_0999,0,2NENI,R,8997,"41355,7","0,00787","325,47","12,32",0,"337,79",0,F,31
12,11,202603,202603,ULAX_5040,0, NENV,N,13,"15,9","0,01686","0,27","0,01",0,"0,28",0,M,467
12,11,202603,202603,ULAX_0432,0,4NENL,R,1,"1,4","0,00423","0,01",0,0,"0,01",0,F,971
12,11,202603,202603,ULAX_1204,0,2NENI,N,929,"1850,8","0,00787","14,57","0,55",0,"15,12",0,F,357
12,11,202603,202603,SPOX_0999,0,4NENL,N,106036,"428560,8","0,00605","2592,8","98,23",0,"2691,03",0,F,232
12,11,202603,202603,SPOX_0543,0,4NENL,N,1,"2,4","0,00605","0,01",0,0,"0,01",0,F,822
12,11,202603,202603,SPOX_0999,0,2NENI,D,763,"708,8","0,00787","5,59","0,21",0,"5,8",0,F,931
12,11,202603,202603,ULAX_4202,0,2NSAI,D,29,"72,7","0,0076","0,55","0,02",0,"0,57",0,F,48
12,11,202603,202603,SPO_14681,0,2NENI,N,3,11,"0,00787","0,09",0,0,"0,09",0,F,638
12,11,202603,202603,SPO_11368,0, NENV,N,54,34,"0,01499","0,51","0,01",0,"0,52",0,M,34
12,11,202603,202603,ULAX_1204,0,2NENI,D,1634,"2558,5","0,00787","20,14","0,76",0,"20,9",0,F,291
12,11,202603,202602,ULAX_1204,0,2NENI,N,4,"6,4","0,00787","0,05",0,0,"0,05",0,F,232
12,11,202603,202603,SPOX_0999,0,2IENI,R,3,"4,1","0,00787","0,04",0,0,"0,04",0,F,292
12,11,202603,202603,ULAX_1204,0,4NENL,R,5,"11,1","0,00423","0,04",0,0,"0,04",0,F,282
12,11,202603,202603,ULAX_1204,0,1NENI,D,3,"1,6","0,00787",0,0,0,0,0,F,541
12,11,202603,202603,SPO_10417,0,MNENI,R,2,1,"0,0076",0,0,0,0,0,M,325
12,11,202603,202603,ULAX_1204,0,2IENI,D,2,1,"0,00787",0,0,0,0,0,F,941
12,11,202603,202602,SPOX_0999,0,4NENL,N,2,"23,4","0,00598","0,14",0,0,"0,14",0,F,780
12,11,202603,202603,ULAX_1201,0,1NENI,N,4,"10,3","0,00787","0,08",0,0,"0,08",0,F,977
12,11,202603,202603,ULAX_1204,0,2NENI,S,111,"248,2","0,00787","1,95","0,07",0,"2,02",0,F,292
12,11,202603,202603,SPOX_0999,0,4NENL,R,2,"2,3","0,00425","0,01",0,0,"0,01",0,F,541
12,11,202603,202603,SPOX_0999,0,1NENI,N,58,"30,8","0,00787","0,24",0,0,"0,24",0,F,21
12,11,202603,202603,ULAX_0432,0,MNENI,D,1,"0,5","0,00787",0,0,0,0,0,M,76
12,11,202603,202603,ULAX_4616,0,1NENI,D,7,"8,8","0,00787","0,06",0,0,"0,06",0,F,355
12,11,202603,202603,ULAX_1204,0,2NENI,N,1,"0,5","0,00787",0,0,0,0,0,F,704
12,11,202603,202603,SPOX_0999,0,4NENL,N,15151,"53894,2","0,00605","326,02","12,35",0,"338,37",0,F,292
12,11,202603,202603,SPOX_0545,0,4NENL,N,1,4,"0,00605","0,02",0,0,"0,02",0,F,8
12,11,202603,202603,SPOX_0999,0,2NENI,D,72,"48,8","0,00787","0,37","0,01",0,"0,38",0,F,981
12,11,202603,202603,ULAX_0432,0,1NENI,D,70,"52,8","0,00787","0,41","0,01",0,"0,42",0,F,757
12,11,202603,202603,ULAX_1204,0,4NENL,R,144,"287,2","0,00423","1,2","0,04",0,"1,24",0,F,767
12,11,202603,202603,SPO_11402,0,2NENI,D,1,"1,2","0,00787","0,01",0,0,"0,01",0,F,638
12,11,202603,202603,ULAX_1204,0,2NENI,D,4747,"11145,8","0,00787","87,71","3,31",0,"91,02",0,F,361
12,11,202603,202602,ULAX_1204,0,2NENI,R,1,"16,2","0,00787","0,13",0,0,"0,13",0,F,221
12,11,202603,202603,SPOX_0999,0,2IENI,R,2,"2,6","0,00787","0,02",0,0,"0,02",0,F,705
12,11,202603,202603,ULAX_1204,0,1NENI,N,66,"40,9","0,00787","0,32","0,01",0,"0,33",0,F,21
12,11,202603,202603,SPO_10617,0,4NENL,N,76,"177,6","0,0061","1,09","0,04",0,"1,13",0,F,638
12,11,202603,202603,ULAX_1204,0,2IENI,N,12,"23,6","0,00787","0,18",0,0,"0,18",0,F,62
12,11,202603,202602,SPOX_0999,0,4NENL,N,2,"3,4","0,00605","0,02",0,0,"0,02",0,F,292
12,11,202603,202603,ULAX_1201,0,2NENI,D,707,570,"0,00787","4,49","0,16",0,"4,65",0,F,951
12,11,202603,202603,SPOX_0999,0,2NENI,R,627,"2216,4","0,00787","17,4","0,66",0,"18,06",0,F,235
12,11,202603,202603,ULAX_1204,0,2NENI,S,7,"13,3","0,00787","0,11",0,0,"0,11",0,F,674
12,11,202603,202603,SPOX_0999,0,MNENI,D,37,"19,2","0,0076","0,15",0,0,"0,15",0,M,34
12,11,202603,202603,SPOX_0999,0,1NENI,N,14,"15,1","0,00787","0,11",0,0,"0,11",0,F,247
12,11,202603,202603,ULAX_0432,0,MNENI,N,240,132,"0,00787","1,06","0,03",0,"1,09",0,M,50
12,11,202603,202603,SPOX_0999,0,2NENI,N,2431,6939,"0,00787","54,63","2,06",0,"56,69",0,F,27
12,11,202603,202603,ULAX_4721,0,MNENI,R,930,"5602,9","0,0076","42,6","1,61",0,"44,21",0,M,34
12,11,202603,202603,ULAX_1204,0,2NENI,N,66,"36,9","0,00787","0,25","0,01",0,"0,26",0,F,809
12,11,202603,202603,SPOX_0999,0,4NENL,N,272,"173,9","0,00605","1,06","0,03",0,"1,09",0,F,809
12,11,202603,202603,SPOX_0551,0,4NENL,N,1,"0,5","0,00605",0,0,0,0,0,F,704
12,11,202603,202603,ULAX_0432,0,1NENI,N,13,"27,7","0,00787","0,22",0,0,"0,22",0,F,977
12,11,202603,202603,SPOX_0999,0,2IENI,S,3,"4,6","0,00787","0,03",0,0,"0,03",0,F,292
12,11,202603,202603,ULAX_1204,0,4NENL,R,68,"197,2","0,00425","0,84","0,03",0,"0,87",0,F,62
12,11,202603,202603,SPO_11460,0,2NENI,N,2974,"9169,3","0,00787","72,16","2,73",0,"74,89",0,F,351
12,11,202603,202603,ULAX_1204,0,2NENI,D,118,"80,2","0,00787","0,64","0,02",0,"0,66",0,F,663
12,11,202603,202602,ULAX_1204,0,4NENL,N,1,"0,5","0,00602",0,0,0,0,0,F,706
12,11,202603,202603,ULAX_1204,0,1NENI,N,1,"0,5","0,00787",0,0,0,0,0,F,271
12,11,202603,202603,SPOX_0999,0,1NENI,N,121,422,"0,00787","3,29","0,12",0,"3,41",0,F,355
12,11,202603,202603,ULAX_1204,0,4NENL,N,37,"19,3","0,00605","0,11",0,0,"0,11",0,F,210
12,11,202603,202603,SPO_10808,0,MNENI,N,4,2,"0,0076","0,01",0,0,"0,01",0,M,325
12,11,202603,202603,ULAX_1204,0,2IENI,N,6,"8,5","0,00787","0,05",0,0,"0,05",0,F,359
12,11,202603,202602,SPOX_0999,0,MNENI,D,1,"0,5","0,00787",0,0,0,0,0,M,6
12,11,202603,202603,ULAX_1201,0,2NENI,R,39,"93,2","0,00787","0,7","0,02",0,"0,72",0,F,977
12,11,202603,202603,SPOX_0999,0,2NENI,R,3,"6,4","0,00787","0,04",0,0,"0,04",0,F,284
12,11,202603,202603,ULAX_1204,0,4IENL,N,10,"6,1","0,00605","0,04",0,0,"0,04",0,F,5
12,11,202603,202603,SPOX_0999,0,MNENI,R,32,17,"0,00787","0,13",0,0,"0,13",0,M,451
12,11,202603,202603,ULAX_0432,0,MNENI,N,326,"164,1","0,00787","1,29","0,04",0,"1,33",0,M,490
12,11,202603,202603,SPOX_0999,0,2NENI,N,9992,"37560,8","0,00787","295,62","11,19",0,"306,81",0,F,85
12,11,202603,202603,ULAX_4723,0,2NENI,D,9009,"28229,7","0,00787","222,17","8,41",0,"230,58",0,F,355
12,11,202603,202603,ULAX_1204,0,2NENI,N,35,"17,5","0,00787","0,11",0,0,"0,11",0,F,965
12,11,202603,202603,SPOX_0999,0,4NENL,N,188,112,"0,00605","0,68","0,02",0,"0,7",0,F,991
12,11,202603,202603,ULAX_0432,0,2NENI,D,5,"2,5","0,00787",0,0,0,0,0,F,232
12,11,202603,202603,SPOX_0999,0,2NENI,D,134,"174,7","0,00787","1,38","0,05",0,"1,43",0,F,41
12,11,202603,202603,ULAX_1204,0,4NENL,R,84,"83,9","0,00425","0,36","0,01",0,"0,37",0,F,267
12,11,202603,202603,SPO_11464,0,4NENL,N,52,"173,6","0,00605","1,05","0,03",0,"1,08",0,F,621
12,11,202603,202603,ULAX_1204,0,2NENI,D,8,"4,6","0,00787","0,02",0,0,"0,02",0,F,804
12,11,202603,202603,ULAX_1204,0,1NENI,N,9,"22,7","0,00787","0,18",0,0,"0,18",0,F,780
12,11,202603,202603,SPOX_0999,0,1NENI,N,3,"2,6","0,00787","0,02",0,0,"0,02",0,F,941
12,11,202603,202603,ULAX_1204,0,4NENL,N,1996,"1376,2","0,00605","8,32","0,31",0,"8,63",0,F,284
12,11,202603,202603,SPO_11142,0,2NENI,R,3,2,"0,00787","0,02",0,0,"0,02",0,F,431
12,11,202603,202603,ULAX_1204,0,2IENI,N,1,"0,5","0,00787",0,0,0,0,0,F,981
12,11,202603,202602,SPO_11182,0,2NENI,D,1,"0,5","0,00787",0,0,0,0,0,F,431
12,11,202603,202603,ULAX_1201,0,4NENL,R,9,"4,5","0,00425","0,02",0,0,"0,02",0,F,757
12,11,202603,202603,SPOX_0999,0,2NENI,R,167,"826,8","0,00787","6,51","0,24",0,"6,75",0,F,356
12,11,202603,202603,ULAX_1204,0,4IENL,N,3,"1,5","0,00605","0,01",0,0,"0,01",0,F,971
12,11,202603,202603,SPOX_6685,0,2NENI,N,7,"3,9","0,00787","0,02",0,0,"0,02",0,F,143
12,11,202603,202603,ULAX_0432,0,MNENI,R,1,"0,6","0,00787",0,0,0,0,0,M,30
12,11,202603,202603,SPOX_0812,0,2NENI,D,18,"39,8","0,00787","0,3","0,01",0,"0,31",0,F,709
12,11,202603,202603,SPOX_0999,0,2NENI,N,28,"131,1","0,00787","1,04","0,03",0,"1,07",0,F,209
12,11,202603,202603,ULAX_4726,0,2NENI,S,299,"216,2","0,00787","1,72","0,06",0,"1,78",0,F,355
12,11,202603,202603,ULAX_1204,0,2NENI,R,8945,"40272,8","0,00787","316,92",12,0,"328,92",0,F,31
12,11,202603,202603,SPOX_0999,0,4NENL,N,18,"17,1","0,00608","0,1",0,0,"0,1",0,F,94
12,11,202603,202603,ULAX_0432,0,2NENI,D,11,"10,5","0,00787","0,06",0,0,"0,06",0,F,780
12,11,202603,202602,ULAX_4113,0,2NENI,D,8,"28,6","0,0078","0,23",0,0,"0,23",0,F,674
12,11,202603,202603,SPOX_0999,0,2NENI,D,7,"3,5","0,00787","0,01",0,0,"0,01",0,F,86
12,11,202603,202603,ULAX_1204,0,4NENL,R,53,"129,1","0,00425","0,53","0,02",0,"0,55",0,F,977
12,11,202603,202603,SPO_11923,0,2NENI,R,2,"1,7","0,00787","0,01",0,0,"0,01",0,F,317
12,11,202603,202603,ULAX_1204,0,2NENI,D,422,"548,6","0,00787","4,32","0,16",0,"4,48",0,F,941
12,11,202603,202603,ULAX_1204,0,1NENI,R,27,"106,3","0,00787","0,82","0,03",0,"0,85",0,F,232
12,11,202603,202602,SPO_11366,0,2NENI,R,1,"0,5","0,00787",0,0,0,0,0,F,361
12,11,202603,202603,SPOX_0999,0,1NENI,R,2,"1,7","0,00787","0,01",0,0,"0,01",0,F,318
12,11,202603,202603,ULAX_1204,0,4NENL,N,3,"1,5","0,00605","0,01",0,0,"0,01",0,F,704
12,11,202603,202603,SPO_11144,0,4NENL,N,1,"11,6","0,00608","0,07",0,0,"0,07",0,F,941
12,11,202603,202603,ULAX_1204,0,2IENI,R,7,"17,9","0,00787","0,15",0,0,"0,15",0,F,351
12,11,202603,202603,ULAX_1201,0,MNENI,D,176,"103,5","0,00787","0,81","0,03",0,"0,84",0,M,430
12,11,202603,202603,SPOX_0999,0,2NENI,R,674,"1175,7","0,00787","9,24","0,35",0,"9,59",0,F,757
12,11,202603,202603,ULAX_1204,0,4IENL,R,118,"466,3","0,00423","1,96","0,07",0,"2,03",0,F,232
12,11,202603,202603,SPOX_6694,0, NENV,N,14,"52,9","0,01779","0,95","0,03",0,"0,98",0,M,325
12,11,202603,202603,ULAX_0432,0,MNENI,R,852,"460,2","0,00787","3,62","0,13",0,"3,75",0,M,494
12,11,202603,202603,SPOX_0823,0,2NENI,D,1,"6,6","0,00787","0,05",0,0,"0,05",0,F,757
12,11,202603,202603,SPOX_0999,0,2NENI,N,1,"0,5","0,00787",0,0,0,0,0,F,246
12,11,202603,202603,ULAX_4726,0, NENV,N,1,"0,5","0,01499","0,01",0,0,"0,01",0,M,30
12,11,202603,202603,ULAX_1204,0,2NENI,R,1,2,"0,00787","0,02",0,0,"0,02",0,F,206
12,11,202603,202603,SPOX_0999,0,4NENL,N,1499,"2509,2","0,00608","15,26","0,57",0,"15,83",0,F,261
12,11,202603,202603,ULAX_0432,0,2NENI,N,11,"5,5","0,00787","0,01",0,0,"0,01",0,F,55
12,11,202603,202602,ULAX_4726,0,2NENI,D,3,"1,5","0,0078","0,01",0,0,"0,01",0,F,355
12,11,202603,202603,SPOX_0999,0,2NENI,D,20,"10,3","0,00787","0,07",0,0,"0,07",0,F,210
12,11,202603,202603,ULAX_1204,0,MNENI,N,14,7,"0,00787","0,03",0,0,"0,03",0,M,A61
12,11,202603,202603,SPO_12222,0,2NENI,R,23,"38,1","0,00787","0,29","0,01",0,"0,3",0,F,361
12,11,202603,202603,ULAX_1204,0,2NENI,D,537,"1610,4","0,00787","12,67","0,48",0,"13,15",0,F,983
12,11,202603,202602,ULAX_0432,0,MNENI,D,1,"0,6","0,0078",0,0,0,0,0,M,6
12,11,202603,202603,SPOX_0999,0,2IENI,D,8,"8,3","0,0076","0,06",0,0,"0,06",0,F,48
12,11,202603,202603,ULAX_1204,0,4NENL,N,84,"61,8","0,00605","0,38","0,01",0,"0,39",0,F,981
12,11,202603,202603,ULAX_1201,0,MNENI,N,73,"64,3","0,00787","0,5","0,01",0,"0,51",0,M,18
12,11,202603,202603,SPO_11154,0,2NENI,D,533,"1177,4","0,00787","9,24","0,35",0,"9,59",0,F,432
12,11,202603,202603,ULAX_1204,0,2IENI,R,1,"0,5","0,00787",0,0,0,0,0,F,960
12,11,202603,202603,SPOX_0999,0,2NENI,R,60,"149,4","0,00787","1,17","0,04",0,"1,21",0,F,977
12,11,202603,202603,ULAX_1204,0,4NENL,N,58998,"263494,9","0,00605","1594,16","60,4",0,"1654,56",0,F,31
12,11,202603,202603,SPOX_6716,0,1NENI,D,475,"991,5","0,00787","7,79","0,29",0,"8,08",0,F,363
12,11,202603,202603,SPOX_0999,0,2IENI,D,24,"66,4","0,00787","0,54","0,01",0,"0,55",0,F,62
12,11,202603,202603,ULAX_1204,0,4NENL,N,24,"12,4","0,00605","0,08",0,0,"0,08",0,F,992
12,11,202603,202603,ULAX_1201,0,MNENI,N,3,"1,5","0,00787","0,01",0,0,"0,01",0,M,76
12,11,202603,202603,SPO_11182,0,2IENI,D,48,"75,3","0,00787","0,58","0,02",0,"0,6",0,F,431
12,11,202603,202603,ULAX_1204,0,2IENI,S,4,"6,2","0,00787","0,04",0,0,"0,04",0,F,351
12,11,202603,202603,SPOX_0999,0,2NENI,S,1629,"2657,3","0,00787","20,9","0,79",0,"21,69",0,F,31
12,11,202603,202601,SPO_11366,0,1NENI,N,1,"5,6","0,0078","0,04",0,0,"0,04",0,F,361
12,11,202603,202603,ULAX_0432,0, NENV,N,59,"31,6","0,01499","0,47","0,01",0,"0,48",0,M,18
12,11,202603,202603,SPOX_6716,0,2IENI,R,2,1,"0,00787",0,0,0,0,0,F,363
12,11,202603,202603,SPOX_0835,0,MNENI,N,32,"48,7","0,0076","0,33","0,01",0,"0,34",0,M,34
12,11,202603,202603,SPOX_0999,0,2NENI,N,136,"117,7","0,00787","0,92","0,03",0,"0,95",0,F,296
12,11,202603,202603,ULAX_4728,0, NENV,N,1471,"1803,2","0,01499","27,06","1,02",0,"28,08",0,M,430
12,11,202603,202603,ULAX_0432,0,2NENI,N,13,"6,9","0,00787","0,02",0,0,"0,02",0,F,655
12,11,202603,202603,ULAX_1204,0,2NENI,R,105,"172,7","0,00787","1,35","0,05",0,"1,4",0,F,281
12,11,202603,202603,SPOX_0999,0,4NENL,N,1184,"798,8","0,00608","4,84","0,18",0,"5,02",0,F,865
12,11,202603,202603,SPOX_0046,0,2NENI,R,1,"26,3","0,00787","0,2",0,0,"0,2",0,F,225
12,11,202603,202603,SPOX_0999,0,2NENI,D,11,"37,8","0,00787","0,28","0,01",0,"0,29",0,F,258
12,11,202603,202603,ULAX_1204,0, NSNV,N,15,"24,7","0,01499","0,37","0,01",0,"0,38",0,M,34
12,11,202603,202603,ULAX_1204,0,2NENI,N,17,"8,5","0,00787","0,04",0,0,"0,04",0,F,82
12,11,202603,202603,SPO_11186,0,1NENI,D,1,"0,5","0,00787",0,0,0,0,0,F,431
12,11,202603,202602,ULAX_1201,0,MNENI,D,1,"0,5","0,00752",0,0,0,0,0,M,34
12,11,202603,202603,SPOX_0999,0,2IENI,D,6,"9,6","0,00787","0,07",0,0,"0,07",0,F,356
12,11,202603,202603,ULAX_1204,0,4NENL,N,226,"213,2","0,00608","1,3","0,04",0,"1,34",0,F,182
12,11,202603,202603,ULAX_1201,0,MNENI,R,41,"32,9","0,00787","0,25",0,0,"0,25",0,M,A34
12,11,202603,202603,ULAX_1204,0,2NENI,D,198,"148,2","0,00787","1,16","0,04",0,"1,2",0,F,47
12,11,202603,202603,SPOX_6716,0,4NENL,N,34,"43,3","0,00608","0,25","0,01",0,"0,26",0,F,917
12,11,202603,202603,SPOX_0999,0,2NENI,S,41,"370,5","0,00787","2,89","0,11",0,3,0,F,241
12,11,202603,202602,SPOX_0999,0,2NENI,D,1,"18,2","0,0078","0,14",0,0,"0,14",0,F,31
12,11,202603,202603,ULAX_0432,0, NENV,N,1818,"981,2","0,01499","14,71","0,55",0,"15,26",0,M,493
12,11,202603,202603,ULAX_1204,0,2NENI,R,30,"159,3","0,00787","1,26","0,04",0,"1,3",0,F,316
12,11,202603,202603,SPOX_0970,0,2NENI,N,1885,"7772,6","0,00787","61,18","2,31",0,"63,49",0,F,143
12,11,202603,202603,SPOX_0999,0,2NENI,N,281,"616,2","0,00787","4,85","0,18",0,"5,03",0,F,470
12,11,202603,202603,ULAX_4760,0,2NENI,D,2,"2,3","0,00787","0,01",0,0,"0,01",0,F,807
12,11,202603,202603,ULAX_0432,0,2NENI,N,824,1213,"0,00787","9,55","0,36",0,"9,91",0,F,977
12,11,202603,202603,ULAX_1204,0,2NENI,N,1,"0,5","0,00787",0,0,0,0,0,F,143
12,11,202603,202603,SPOX_0083,0,2NENI,N,1,"6,3","0,00787","0,05",0,0,"0,05",0,F,11
12,11,202603,202603,SPOX_0999,0,2NENI,D,1362,1157,"0,00787","9,11","0,34",0,"9,45",0,F,294
12,11,202603,202603,ULAX_4006,0,2NENI,R,183,"448,6","0,00787","3,54","0,13",0,"3,67",0,F,674
12,11,202603,202603,SPO_14639,0,2NENI,D,8,"23,6","0,00787","0,18",0,0,"0,18",0,F,319
12,11,202603,202603,SPO_11230,0,MNENI,N,17,"44,7","0,0076","0,31","0,01",0,"0,32",0,M,34
12,11,202603,202603,ULAX_1204,0,2NENI,D,86,"57,1","0,00787","0,44","0,01",0,"0,45",0,F,83
12,11,202603,202602,ULAX_1201,0, NENV,N,1,"0,5","0,0165","0,01",0,0,"0,01",0,M,451
12,11,202603,202603,SPOX_0999,0,2IENI,D,19,"22,4","0,00787","0,16",0,0,"0,16",0,F,931
12,11,202603,202603,ULAX_1204,0,4NENL,N,13566,"22306,9","0,00608","135,64","5,14",0,"140,78",0,F,262
12,11,202603,202603,ULAX_1201,0, NENV,N,276,"155,1","0,01499","2,3","0,08",0,"2,38",0,M,430
12,11,202603,202603,SPO_10066,0,2NENI,N,18022,"63907,5","0,00787","502,96","19,05",0,"522,01",0,F,363
12,11,202603,202603,SPOX_0999,0,2NENI,S,5,"7,8","0,00787","0,05",0,0,"0,05",0,F,298
12,11,202603,202602,SPOX_0999,0,2NENI,D,1,"9,5","0,00787","0,07",0,0,"0,07",0,F,91
12,11,202603,202603,ULAX_0432,0, NENV,N,31,"22,9","0,01686","0,41","0,01",0,"0,42",0,M,348
12,11,202603,202603,ULAX_1204,0,2NENI,R,1,"0,5","0,00787",0,0,0,0,0,F,621
12,11,202603,202603,SPOX_0999,0,4NENL,R,592,"1682,5","0,00423","7,11","0,26",0,"7,37",0,F,205
12,11,202603,202603,SPOX_0970,0,MNENI,R,2,1,"0,0076",0,0,0,0,0,M,325
12,11,202603,202603,SPOX_0999,0,2NENI,N,1416,"2761,9","0,00787","21,76","0,82",0,"22,58",0,F,767
12,11,202603,202603,ULAX_4763,0,1NENI,R,16,"37,9","0,00787","0,3","0,01",0,"0,31",0,F,355
12,11,202603,202603,ULAX_0432,0,4NENL,N,47,"39,1","0,00605","0,21",0,0,"0,21",0,F,79
12,11,202603,202603,ULAX_1204,0,2NENI,N,311,"174,5","0,00787","1,38","0,05",0,"1,43",0,F,224
12,11,202603,202603,SPOX_0999,0,4IENL,N,2,1,"0,00631",0,0,0,0,0,F,934
12,11,202603,202603,SPOX_0083,0, NENV,N,15,"7,8","0,01779","0,15",0,0,"0,15",0,M,325
12,11,202603,202603,SPOX_0999,0,2NENI,D,1,"0,5","0,00787",0,0,0,0,0,F,428
12,11,202603,202603,ULAX_4039,0,2NENI,N,22,"37,4","0,00787","0,28","0,01",0,"0,29",0,F,661
12,11,202603,202603,SPO_14667,0,2NENI,D,12,"40,1","0,00787","0,29","0,01",0,"0,3",0,F,638
12,11,202603,202603,SPO_11360,0, NENV,R,2,1,"0,01049","0,02",0,0,"0,02",0,M,34
12,11,202603,202603,ULAX_1204,0,2NENI,D,41,"113,8","0,00787","0,88","0,03",0,"0,91",0,F,207
12,11,202603,202602,ULAX_1204,0,2NENI,D,3,"3,5","0,0078","0,02",0,0,"0,02",0,F,271
12,11,202603,202603,SPOX_0999,0,2IENI,N,12,"17,8","0,00787","0,14",0,0,"0,14",0,F,205
12,11,202603,202603,ULAX_1204,0,4NENL,N,6,"29,5","0,00608","0,18",0,0,"0,18",0,F,803
12,11,202603,202603,ULAX_1201,0, NENV,R,4,2,"0,01049","0,03",0,0,"0,03",0,M,18
12,11,202603,202603,SPO_10092,0,4NENL,N,5,"18,3","0,00605","0,11",0,0,"0,11",0,F,981
12,11,202603,202603,SPOX_0999,0,2NENI,S,2,1,"0,00787","0,01",0,0,"0,01",0,F,705
12,11,202603,202603,ULAX_1204,0,1NSNI,N,28,"83,7","0,00787","0,66","0,02",0,"0,68",0,F,35
12,11,202603,202602,SPOX_0999,0,2NENI,D,2,1,"0,00787","0,01",0,0,"0,01",0,F,804
12,11,202603,202603,ULAX_0432,0, NENV,R,1,"0,5","0,0118","0,01",0,0,"0,01",0,M,6
12,11,202603,202603,ULAX_1204,0,2NENI,R,2,"5,6","0,00787","0,05",0,0,"0,05",0,F,943
12,11,202603,202603,SPOX_0999,0,4NENL,R,75,191,"0,00423","0,81","0,03",0,"0,84",0,F,291
12,11,202603,202603,SPOX_0999,0,1NENI,D,908,"1222,1","0,00787","9,63","0,36",0,"9,99",0,F,232
12,11,202603,202603,SPOX_0999,0,2NENI,N,157,"229,5","0,00787","1,8","0,06",0,"1,86",0,F,941
12,11,202603,202603,ULAX_4763,0,2NENI,N,4948,"12172,4","0,00787","95,81","3,62",0,"99,43",0,F,355
12,11,202603,202603,ULAX_0432,0,4NENL,N,1,"0,5","0,00608",0,0,0,0,0,F,93
12,11,202603,202603,ULAX_1204,0,2NENI,N,4378,"7196,2","0,00787","56,63","2,14",0,"58,77",0,F,262
12,11,202603,202603,SPOX_0999,0,4IENL,R,3,"26,1","0,00441","0,11",0,0,"0,11",0,F,235
12,11,202603,202603,SPOX_0347,0,2NETI,D,1,"6,4","0,00787","0,05",0,0,"0,05",0,F,143
12,11,202603,202603,SPOX_0999,0,2NENI,D,1,"2,7","0,00787","0,02",0,0,"0,02",0,F,708
12,11,202603,202603,ULAX_4113,0,4NENL,N,4,"7,8","0,00608","0,05",0,0,"0,05",0,F,62
12,11,202603,202603,SPO_14673,0,1NENI,N,1,"6,5","0,00787","0,05",0,0,"0,05",0,F,356
12,11,202603,202603,SPO_11364,0,MNENI,D,1,"0,5","0,00787",0,0,0,0,0,M,6
12,11,202603,202603,ULAX_1204,0,2NENI,D,1,"0,5","0,00787",0,0,0,0,0,F,239
12,11,202603,202602,ULAX_1204,0,2NENI,D,4,"11,6","0,00787","0,09",0,0,"0,09",0,F,251
12,11,202603,202603,SPOX_0999,0,2IENI,N,69,"106,7","0,00787","0,82","0,03",0,"0,85",0,F,363
12,11,202603,202603,ULAX_1204,0,4NENL,N,1,"1,2","0,00608","0,01",0,0,"0,01",0,F,969
12,11,202603,202603,ULAX_1204,0,1NENI,D,30,"113,7","0,00787","0,89","0,03",0,"0,92",0,F,85
12,11,202603,202603,SPO_10156,0,2NENI,D,3,"18,3","0,00787","0,14",0,0,"0,14",0,F,203
12,11,202603,202603,SPOX_0999,0,2NSNI,R,3,"23,5","0,00787","0,18",0,0,"0,18",0,F,363
12,11,202603,202603,ULAX_1204,0,2IENI,D,44,"90,5","0,00787","0,7","0,02",0,"0,72",0,F,285
12,11,202603,202602,SPOX_0999,0,2NENI,N,2,"1,7","0,00787","0,01",0,0,"0,01",0,F,251
12,11,202603,202603,ULAX_1008,0,2NENI,N,1,"17,8","0,00787","0,14",0,0,"0,14",0,F,204
12,11,202603,202603,ULAX_1204,0,2NENI,S,32,"50,3","0,00787","0,38","0,01",0,"0,39",0,F,42
12,11,202603,202603,SPOX_0999,0,4NENL,R,110,"142,9","0,00424","0,6","0,02",0,"0,62",0,F,42
12,11,202603,202603,SPOX_0999,0,1NENI,D,23,"38,4","0,00787","0,3","0,01",0,"0,31",0,F,294
12,11,202603,202603,SPOX_0999,0,2NENI,N,2,"7,1","0,00787","0,05",0,0,"0,05",0,F,984
12,11,202603,202603,ULAX_5040,0,MNENI,D,6,"6,5","0,00787","0,04",0,0,"0,04",0,M,467
12,11,202603,202603,ULAX_0432,0,4NENL,N,139,"80,7","0,00608","0,47","0,01",0,"0,48",0,F,960
12,11,202603,202603,ULAX_1204,0,2NENI,N,131,"70,6","0,00787","0,56","0,02",0,"0,58",0,F,296
12,11,202603,202603,SPOX_0999,0,4NENL,N,83,"160,6","0,00605","0,98","0,03",0,"1,01",0,F,98
12,11,202603,202603,SPOX_0543,0,2NENI,N,5185,"12796,7","0,00787","100,71","3,81",0,"104,52",0,F,351
12,11,202603,202603,SPOX_0999,0,2NENI,D,2,2,"0,00787","0,01",0,0,"0,01",0,F,810
12,11,202603,202603,ULAX_4202,0,1NSNI,D,25,"59,3","0,00787","0,47","0,01",0,"0,48",0,F,674
12,11,202603,202603,SPO_14679,0, NSNV,N,1,"5,6","0,01499","0,08",0,0,"0,08",0,M,34
12,11,202603,202603,SPO_11366,0,2NENI,R,1395,"3451,3","0,00787","27,19","1,02",0,"28,21",0,F,361
12,11,202603,202603,ULAX_1204,0,2NENI,D,3067,"2553,9","0,00787","20,13","0,76",0,"20,89",0,F,267
12,11,202603,202602,ULAX_1204,0,2NENI,N,1,"2,7","0,0078","0,02",0,0,"0,02",0,F,247
12,11,202603,202603,SPOX_0999,0,2IENI,R,6,"72,5","0,00787","0,56","0,02",0,"0,58",0,F,31
12,11,202603,202603,ULAX_1204,0,4NENL,R,594,"1570,9","0,00423","6,64","0,25",0,"6,89",0,F,205
12,11,202603,202603,ULAX_1204,0,1NENI,D,35,"39,1","0,00787","0,31","0,01",0,"0,32",0,F,294
12,11,202603,202603,SPO_10403,0,MNENI,N,2,1,"0,0076",0,0,0,0,0,M,325
12,11,202603,202603,SPOX_0999,0,4IENL,N,35,"49,4","0,00605","0,3","0,01",0,"0,31",0,F,931
12,11,202603,202603,ULAX_1204,0,2IENI,D,92,"305,1","0,00787","2,4","0,09",0,"2,49",0,F,661
12,11,202603,202602,SPOX_0999,0,2NENI,S,3,"1,5","0,0078","0,01",0,0,"0,01",0,F,31
12,11,202603,202603,ULAX_1055,0,4NENL,R,1,"1,1","0,00423",0,0,0,0,0,F,31
12,11,202603,202603,ULAX_1204,0,2NENI,S,2,"5,2","0,00787","0,04",0,0,"0,04",0,F,261
12,11,202603,202603,SPOX_0999,0,4NENL,R,2335,"9423,3","0,00425","40,07","1,51",0,"41,58",0,F,251
12,11,202603,202603,SPOX_0999,0,1NENI,D,1,"0,5","0,00787",0,0,0,0,0,F,917
12,11,202603,202603,SPOX_0999,0,2NENI,R,1,"0,5","0,00787",0,0,0,0,0,F,65
12,11,202603,202603,ULAX_0432,0,MNENI,D,19,"12,7","0,0076","0,08",0,0,"0,08",0,M,348
12,11,202603,202603,ULAX_1204,0,2NENI,N,170,"430,1","0,00787","3,36","0,12",0,"3,48",0,F,470
12,11,202603,202603,SPOX_0999,0,4NENL,N,22677,"86007,4","0,00605","520,35","19,71",0,"540,06",0,F,271
12,11,202603,202603,SPOX_0543,0,MNENI,R,3,"1,5","0,0076",0,0,0,0,0,M,34
12,11,202603,202603,SPOX_0999,0,2NENI,D,76,"144,6","0,00787","1,13","0,04",0,"1,17",0,F,961
12,11,202603,202603,SPO_14681,0,4NENL,N,2,"4,2","0,0061","0,02",0,0,"0,02",0,F,766
12,11,202603,202603,SPO_11370,0,2NENI,R,54,"137,7","0,00787","1,07","0,04",0,"1,11",0,F,361
12,11,202603,202603,ULAX_1204,0,2NENI,D,382,"1277,8","0,00787","10,03","0,38",0,"10,41",0,F,316
12,11,202603,202602,ULAX_1204,0,2NENI,N,1,"2,4","0,00787","0,02",0,0,"0,02",0,F,431
12,11,202603,202603,SPOX_0999,0,2IENI,R,1,"0,5","0,00787",0,0,0,0,0,F,356
12,11,202603,202603,ULAX_1204,0,4NENL,R,88,"266,1","0,00423","1,11","0,04",0,"1,15",0,F,298
12,11,202603,202603,ULAX_1204,0,1NENI,D,26,"95,9","0,00787","0,76","0,02",0,"0,78",0,F,780
12,11,202603,202603,SPO_10617,0,2NENI,D,606,"1232,1","0,00787","9,7","0,36",0,"10,06",0,F,143
12,11,202603,202603,ULAX_1204,0,2IENI,D,4,"2,8","0,00787","0,01",0,0,"0,01",0,F,985
12,11,202603,202602,SPOX_0999,0,4NENL,N,3,"11,2","0,00605","0,07",0,0,"0,07",0,F,31
12,11,202603,202603,ULAX_1201,0,2NENI,D,40,"100,3","0,00787","0,78","0,02",0,"0,8",0,F,121
12,11,202603,202603,SPOX_0999,0,2NENI,R,11,"16,9","0,00787","0,14",0,0,"0,14",0,F,207
12,11,202603,202603,ULAX_1204,0,2NENI,S,368,"554,2","0,00787","4,35","0,16",0,"4,51",0,F,355
12,11,202603,202603,SPOX_0999,0,4NENL,R,1,"0,5","0,00425",0,0,0,0,0,F,943
12,11,202603,202603,SPOX_0999,0,1NENI,N,1,"1,4","0,00787","0,01",0,0,"0,01",0,F,192
12,11,202603,202603,ULAX_0432,0,MNENI,D,127,"72,3","0,00787","0,57","0,02",0,"0,59",0,M,463
12,11,202603,202603,SPOX_0999,0,2NENI,D,528,"1472,9","0,00787","11,59","0,43",0,"12,02",0,F,983
12,11,202603,202603,ULAX_4616,0,4NENL,N,2,"1,1","0,00605",0,0,0,0,0,F,767
12,11,202603,202603,ULAX_1204,0,2NENI,N,1,"0,5","0,00787",0,0,0,0,0,F,763
12,11,202603,202603,SPOX_0999,0,4NENL,N,793,"682,9","0,00605","4,13","0,15",0,"4,28",0,F,544
12,11,202603,202603,SPOX_0551,0,2NENI,D,1,"0,5","0,00787",0,0,0,0,0,F,921
12,11,202603,202603,ULAX_0432,0,1NENI,N,15,"8,9","0,00787","0,05",0,0,"0,05",0,F,51
12,11,202603,202603,ULAX_1204,0,4NENL,R,2,"6,6","0,00423","0,03",0,0,"0,03",0,F,981
12,11,202603,202603,SPO_11402,0,4NENL,N,1,"1,2","0,0061","0,01",0,0,"0,01",0,F,638
12,11,202603,202603,ULAX_1204,0,2NENI,D,1,"0,5","0,00787",0,0,0,0,0,F,466
12,11,202603,202602,ULAX_1204,0,4NENL,N,2,"5,5","0,00598","0,03",0,0,"0,03",0,F,232
12,11,202603,202603,ULAX_1204,0,1NENI,N,1,"2,1","0,00787","0,02",0,0,"0,02",0,F,219
12,11,202603,202603,ULAX_1204,0,4NENL,N,22,"11,4","0,00605","0,07",0,0,"0,07",0,F,86
12,11,202603,202603,SPO_10802,0,2NENI,D,11,"28,4","0,00787","0,21",0,0,"0,21",0,F,71
12,11,202603,202603,ULAX_1204,0,2IENI,N,4,2,"0,00787",0,0,0,0,0,F,292
12,11,202603,202602,SPOX_0999,0,4NENL,N,2,"1,7","0,00608","0,01",0,0,"0,01",0,F,267
12,11,202603,202603,ULAX_1201,0,2NENI,N,26,"16,2","0,00787","0,11",0,0,"0,11",0,F,361
12,11,202603,202603,SPOX_0999,0,2NENI,R,32,"104,7","0,00787","0,83","0,03",0,"0,86",0,F,261
12,11,202603,202603,ULAX_1204,0,2NENI,S,5,"5,6","0,00787","0,04",0,0,"0,04",0,F,941
12,11,202603,202603,SPOX_0999,0,MNENI,N,43,"35,1","0,0076","0,23",0,0,"0,23",0,M,34
12,11,202603,202603,SPOX_0999,0,1NENI,N,2,"2,4","0,00787","0,02",0,0,"0,02",0,F,318
12,11,202603,202603,ULAX_0432,0,MNENI,N,2,1,"0,00787",0,0,0,0,0,M,77
12,11,202603,202603,SPOX_0999,0,2NENI,N,1543,"5837,2","0,00787","45,95","1,73",0,"47,68",0,F,62
12,11,202603,202603,ULAX_4721,0, NENV,N,13802,"18942,3","0,01499","283,97","10,75",0,"294,72",0,M,34
12,11,202603,202603,ULAX_1204,0,2NENI,N,291,"217,6","0,00787","1,72","0,06",0,"1,78",0,F,931
12,11,202603,202603,SPOX_0999,0,4NENL,N,1162,1035,"0,00605","6,27","0,23",0,"6,5",0,F,931
12,11,202603,202603,SPOX_0551,0, NENV,N,62,"57,2","0,01499","0,85","0,03",0,"0,88",0,M,34
12,11,202603,202603,ULAX_0432,0,2NENI,D,8,4,"0,00787","0,02",0,0,"0,02",0,F,55
12,11,202603,202603,SPOX_0999,0,2IENI,S,2,1,"0,00787",0,0,0,0,0,F,363
12,11,202603,202603,ULAX_1204,0,4NENL,R,4,"4,2","0,00425","0,01",0,0,"0,01",0,F,207
12,11,202603,202603,SPO_11462,0,2NENI,D,832,"1597,6","0,00787","12,57","0,47",0,"13,04",0,F,351
12,11,202603,202603,ULAX_1204,0,2NENI,D,68,"63,6","0,00787","0,51","0,01",0,"0,52",0,F,709
12,11,202603,202602,ULAX_1204,0,4NENL,N,3,"13,6","0,00605","0,08",0,0,"0,08",0,F,292
12,11,202603,202603,ULAX_1204,0,1NENI,N,1,"2,1","0,00787","0,02",0,0,"0,02",0,F,318
12,11,202603,202603,SPOX_0999,0,1NENI,N,1,"0,5","0,00787",0,0,0,0,0,F,674
12,11,202603,202603,ULAX_1204,0,4NENL,N,1,"0,5","0,00605",0,0,0,0,0,F,239
12,11,202603,202603,SPO_10809,0, NENV,R,1,"0,5","0,01245","0,01",0,0,"0,01",0,M,325
12,11,202603,202603,ULAX_1204,0,2IENI,N,5,"8,7","0,00787","0,07",0,0,"0,07",0,F,705
12,11,202603,202602,SPOX_6698,0,2NENI,D,4,"10,9","0,0078","0,09",0,0,"0,09",0,F,363
12,11,202603,202603,ULAX_1201,0,4NENL,N,74,"195,1","0,00608","1,19","0,04",0,"1,23",0,F,121
12,11,202603,202603,SPOX_0999,0,2NENI,R,1,"0,5","0,00787",0,0,0,0,0,F,295
12,11,202603,202603,ULAX_1204,0,4IENL,N,11,18,"0,00605","0,1",0,0,"0,1",0,F,284
12,11,202603,202603,SPOX_0999,0, NENV,N,517,"282,5","0,01686","4,76","0,18",0,"4,94",0,M,451
12,11,202603,202603,ULAX_0432,0,MNENI,N,230,"121,8","0,00787","0,96","0,03",0,"0,99",0,M,497
12,11,202603,202603,SPOX_0811,0,MNENI,N,24,96,"0,0076","0,71","0,02",0,"0,73",0,M,34
12,11,202603,202603,SPOX_0999,0,2NENI,N,5,6,"0,00787","0,04",0,0,"0,04",0,F,121
12,11,202603,202603,ULAX_4726,0,1NSNI,D,16,"43,6","0,00787","0,36","0,01",0,"0,37",0,F,35
12,11,202603,202603,ULAX_1204,0,2NENI,N,394,1072,"0,00787","8,43","0,31",0,"8,74",0,F,983
12,11,202603,202603,SPOX_0999,0,4NENL,N,553,"476,3","0,00607","2,89","0,1",0,"2,99",0,F,943
12,11,202603,202603,ULAX_0432,0,2NENI,D,2,1,"0,00787",0,0,0,0,0,F,597
12,11,202603,202602,ULAX_1204,0,4NENL,N,1,"1,5","0,00608","0,01",0,0,"0,01",0,F,948
12,11,202603,202603,SPOX_0999,0,2NENI,D,171,"104,1","0,00787","0,82","0,03",0,"0,85",0,F,65
12,11,202603,202603,ULAX_1204,0,4NENL,R,580,"847,5","0,00425","3,61","0,13",0,"3,74",0,F,757
12,11,202603,202603,SPO_11466,0,2NENI,D,2,"7,7","0,00787","0,06",0,0,"0,06",0,F,621
12,11,202603,202603,ULAX_1204,0,2NENI,D,424,"1685,1","0,00787","13,28","0,5",0,"13,78",0,F,842
12,11,202603,202603,ULAX_1204,0,1NENI,R,5,"5,4","0,00787","0,05",0,0,"0,05",0,F,5
12,11,202603,202603,SPOX_0999,0,1NENI,R,6,33,"0,00787","0,25",0,0,"0,25",0,F,31
12,11,202603,202603,ULAX_1204,0,4NENL,N,4529,"8694,4","0,00605","52,59","1,99",0,"54,58",0,F,298
12,11,202603,202603,SPO_11144,0,2NENI,D,1,"11,6","0,00787","0,09",0,0,"0,09",0,F,941
12,11,202603,202603,ULAX_1204,0,2IENI,R,1,"0,5","0,00787",0,0,0,0,0,F,235
12,11,202603,202603,ULAX_1201,0,MNENI,D,2,1,"0,00787","0,01",0,0,"0,01",0,M,24
12,11,202603,202603,SPOX_0999,0,2NENI,R,133,"337,2","0,00787","2,65","0,1",0,"2,75",0,F,470
12,11,202603,202603,ULAX_1204,0,4IENL,N,27,"91,3","0,00608","0,53","0,02",0,"0,55",0,F,842
12,11,202603,202603,SPOX_6694,0,2NENI,D,184,"292,8","0,00787","2,3","0,08",0,"2,38",0,F,143
12,11,202603,202603,ULAX_0432,0,MNENI,R,4,2,"0,00787","0,02",0,0,"0,02",0,M,430
12,11,202603,202603,SPOX_0812,0,4NENL,N,5,"11,5","0,00608","0,07",0,0,"0,07",0,F,951
12,11,202603,202603,SPOX_0999,0,2NENI,N,335,"207,3","0,00787","1,61","0,06",0,"1,67",0,F,224
12,11,202603,202603,ULAX_4726,0,4NENL,N,1,"0,6","0,00605",0,0,0,0,0,F,767
12,11,202603,202603,ULAX_1204,0,2NENI,R,15,"8,5","0,00787","0,07",0,0,"0,07",0,F,67
12,11,202603,202603,SPOX_0999,0,4NENL,N,45,30,"0,00608","0,17",0,0,"0,17",0,F,223
12,11,202603,202603,ULAX_0432,0,2NENI,D,218,"158,9","0,00787","1,27","0,04",0,"1,31",0,F,951
12,11,202603,202602,ULAX_4202,0,1NENI,D,1,"2,2","0,0078","0,02",0,0,"0,02",0,F,674
12,11,202603,202603,SPOX_0999,0,2NENI,D,135,"82,4","0,00787","0,64","0,02",0,"0,66",0,F,182
12,11,202603,202603,ULAX_1204,0,MNENI,D,172,"99,9","0,00787","0,77","0,02",0,"0,79",0,M,451
12,11,202603,202603,SPO_12218,0,2NENI,N,41,"85,8","0,00787","0,68","0,02",0,"0,7",0,F,361
12,11,202603,202603,ULAX_1204,0,2NENI,D,70,52,"0,00787","0,42","0,01",0,"0,43",0,F,965
12,11,202603,202602,ULAX_0432,0,1NENI,N,1,"0,5","0,0078",0,0,0,0,0,F,767
12,11,202603,202603,SPOX_0999,0,1NENI,S,11,"11,1","0,00787","0,08",0,0,"0,08",0,F,205
12,11,202603,202603,ULAX_1204,0,4NENL,N,229,"133,5","0,00605","0,81","0,03",0,"0,84",0,F,809
12,11,202603,202603,SPO_11144,0, NENV,N,62,46,"0,01499","0,69","0,02",0,"0,71",0,M,34
12,11,202603,202603,ULAX_1204,0,2IENI,R,7,"9,4","0,00787","0,06",0,0,"0,06",0,F,431
12,11,202603,202603,ULAX_1201,0,MNENI,D,1469,"972,9","0,00787","7,65","0,28",0,"7,93",0,M,A34
12,11,202603,202603,SPOX_0999,0,2NENI,R,9,"15,1","0,00787","0,11",0,0,"0,11",0,F,927
12,11,202603,202603,ULAX_1204,0,4IENL,R,2,"1,1","0,00423",0,0,0,0,0,F,780
12,11,202603,202603,SPOX_6698,0,2NENI,R,660,"1744,9","0,00787","13,74","0,51",0,"14,25",0,F,363
12,11,202603,202603,ULAX_0432,0,MNENI,R,3,"1,5","0,00787",0,0,0,0,0,M,A49
12,11,202603,202603,SPOX_0823,0,4NENL,N,2,"41,9","0,00608","0,26",0,0,"0,26",0,F,709
12,11,202603,202603,SPOX_0999,0,2NENI,N,4347,"7048,7","0,00787","55,49","2,1",0,"57,59",0,F,262
12,11,202603,202603,ULAX_4728,0,MNENI,D,9,12,"0,00787","0,09",0,0,"0,09",0,M,30
12,11,202603,202603,ULAX_1204,0,2NENI,R,3,"3,6","0,00787","0,02",0,0,"0,02",0,F,224
12,11,202603,202603,SPOX_0999,0,4NENL,N,5264,"4421,8","0,00608","26,88","1,02",0,"27,9",0,F,541
12,11,202603,202603,ULAX_0432,0,2NENI,N,1,"0,5","0,00787",0,0,0,0,0,F,224
12,11,202603,202602,ULAX_4728,0,MNENI,D,5,"4,3","0,00752","0,03",0,0,"0,03",0,M,34
12,11,202603,202603,SPOX_0999,0,2NENI,D,30943,134404,"0,00787","1057,77","40,06",0,"1097,83",0,F,227
12,11,202603,202603,ULAX_1204,0,MNSNI,D,1,"0,6","0,00787",0,0,0,0,0,M,349
12,11,202603,202603,ULAX_1204,0,2NENI,N,408,"2359,7","0,00787","18,58","0,7",0,"19,28",0,F,5
12,11,202603,202602,ULAX_0432,0,MNENI,N,1,"0,5","0,00787",0,0,0,0,0,M,A34
12,11,202603,202603,ULAX_1204,0,2NENI,R,764,"2246,5","0,00787","17,7","0,66",0,"18,36",0,F,247
12,11,202603,202603,SPOX_0999,0,4NENL,N,15885,"17740,2","0,00608","107,85","4,09",0,"111,94",0,F,757
12,11,202603,202603,ULAX_0432,0,2NENI,N,2,1,"0,00787",0,0,0,0,0,F,355
12,11,202603,202602,ULAX_4728,0, NENV,R,3,"2,8","0,01052","0,03",0,0,"0,03",0,M,34
12,11,202603,202603,SPOX_0999,0,2NENI,D,1305,"1071,4","0,00787","8,45","0,31",0,"8,76",0,F,242
12,11,202603,202603,ULAX_1204,0, NENV,N,358,"222,9","0,01686","3,75","0,14",0,"3,89",0,M,6
12,11,202603,202603,ULAX_1204,0,2NENI,N,489,"390,9","0,00787","3,05","0,11",0,"3,16",0,F,51
12,11,202603,202602,ULAX_0432,0, NENV,N,12,6,"0,0165","0,1",0,0,"0,1",0,M,A61
12,11,202603,202603,SPOX_0999,0,2IENI,D,33,"86,2","0,00787","0,65","0,02",0,"0,67",0,F,285
12,11,202603,202603,ULAX_1204,0,4NENL,N,307,"214,9","0,00608","1,32","0,05",0,"1,37",0,F,47
12,11,202603,202603,ULAX_1201,0,MNENI,N,3,"1,7","0,00787","0,02",0,0,"0,02",0,M,479
12,11,202603,202603,ULAX_1204,0,2IENI,S,1,"1,4","0,00787","0,01",0,0,"0,01",0,F,941
12,11,202603,202603,SPOX_0999,0,2NENI,S,1,"2,2","0,00787","0,02",0,0,"0,02",0,F,204
12,11,202603,202602,SPOX_0347,0,2NENI,D,2,"5,7","0,0078","0,04",0,0,"0,04",0,F,143
12,11,202603,202603,ULAX_0432,0, NENV,N,1,"0,5","0,01499","0,01",0,0,"0,01",0,M,74
12,11,202603,202603,SPOX_6716,0,2NENI,R,21,"20,2","0,00787","0,13",0,0,"0,13",0,F,363
12,11,202603,202603,ULAX_1204,0,2NENI,R,45,"49,5","0,00787","0,41","0,01",0,"0,42",0,F,283
12,11,202603,202603,SPOX_0970,0,1NENI,D,20,"39,5","0,00787","0,31","0,01",0,"0,32",0,F,143
12,11,202603,202603,SPOX_0999,0,2NENI,N,6625,"22548,2","0,00787","177,48","6,71",0,"184,19",0,F,355
12,11,202603,202603,ULAX_4760,0,1NENI,N,10,"36,5","0,00787","0,28","0,01",0,"0,29",0,F,355
12,11,202603,202603,ULAX_0432,0,2NENI,N,14,7,"0,00787","0,05",0,0,"0,05",0,F,852
12,11,202603,202603,SPOX_0999,0,4NENL,N,2,"1,6","0,00608","0,01",0,0,"0,01",0,F,963
12,11,202603,202603,SPOX_0051,0,2NENI,R,1,1,"0,00787","0,01",0,0,"0,01",0,F,143
12,11,202603,202603,SPOX_0999,0,2NENI,D,3361,"4068,7","0,00787","32,02","1,21",0,"33,23",0,F,281
12,11,202603,202603,ULAX_2826,0,2NENI,N,20,"68,7","0,00787","0,54","0,02",0,"0,56",0,F,807
12,11,202603,202603,SPO_13918,0,2NENI,N,761,"1761,3","0,00787","13,86","0,52",0,"14,38",0,F,318
12,11,202603,202603,SPO_11230,0,2NENI,D,1081,"3633,1","0,00787","28,6","1,08",0,"29,68",0,F,317
12,11,202603,202602,ULAX_1201,0,MNENI,D,1,"0,5","0,00787",0,0,0,0,0,M,B99
12,11,202603,202603,SPOX_0999,0,2IENI,D,5,"2,5","0,00787","0,01",0,0,"0,01",0,F,432
12,11,202603,202603,ULAX_1204,0,4NENL,N,1066,"644,7","0,00608","3,92","0,14",0,"4,06",0,F,224
12,11,202603,202603,ULAX_1201,0, NENV,N,209,"160,1","0,01499","2,4","0,09",0,"2,49",0,M,18
12,11,202603,202603,ULAX_1204,0,2NENI,D,7,"18,7","0,00787","0,14",0,0,"0,14",0,F,71
12,11,202603,202603,SPOX_9684,0,1NSNI,N,4,"8,1","0,00787","0,07",0,0,"0,07",0,F,363
12,11,202603,202603,SPOX_0999,0,2NENI,S,4,"11,7","0,00787","0,08",0,0,"0,08",0,F,265
12,11,202603,202602,SPOX_0999,0,2NENI,D,5,"12,3","0,0078","0,1",0,0,"0,1",0,F,251
12,11,202603,202603,ULAX_0432,0, NENV,N,1116,"797,7","0,01499","11,98","0,45",0,"12,43",0,M,A34
12,11,202603,202603,ULAX_1204,0,2NENI,R,159,305,"0,00787","2,38","0,09",0,"2,47",0,F,357
12,11,202603,202603,SPOX_0999,0,4NENL,R,74,"431,3","0,00423","1,84","0,06",0,"1,9",0,F,5
12,11,202603,202603,SPOX_0970,0,2NENI,S,26,"30,1","0,00787","0,22",0,0,"0,22",0,F,143
12,11,202603,202603,SPOX_0999,0,2NENI,N,1922,"2625,7","0,00787","20,67","0,78",0,"21,45",0,F,674
12,11,202603,202603,ULAX_4760,0,2NENI,R,1,"6,4","0,00787","0,05",0,0,"0,05",0,F,767
12,11,202603,202603,ULAX_0432,0,2NENI,R,8,4,"0,00787","0,03",0,0,"0,03",0,F,931
12,11,202603,202603,ULAX_1204,0,2NENI,N,32,"77,1","0,00787","0,6","0,02",0,"0,62",0,F,207
12,11,202603,202603,SPOX_0999,0,4IENL,N,6,"12,5","0,00608","0,08",0,0,"0,08",0,F,47
12,11,202603,202603,SPOX_0083,0,2NENI,R,1,"0,6","0,00787",0,0,0,0,0,F,203
12,11,202603,202603,SPOX_0999,0,2NENI,D,405,"616,4","0,00787","4,84","0,18",0,"5,02",0,F,319
12,11,202603,202603,ULAX_4030,0,MNENI,N,7,"3,6","0,0076",0,0,0,0,0,M,34
12,11,202603,202603,SPO_14657,0,MNENI,S,3,"1,5","0,0076",0,0,0,0,0,M,325
12,11,202603,202603,SPO_11232,0,2NENI,D,401,"935,2","0,00787","7,35","0,27",0,"7,62",0,F,317
12,11,202603,202603,ULAX_1204,0,2NENI,D,52,"64,7","0,00787","0,51","0,01",0,"0,52",0,F,95
12,11,202603,202602,ULAX_1204,0,1NENI,N,1,"0,5","0,0078",0,0,0,0,0,F,767
12,11,202603,202603,SPOX_0999,0,2IENI,D,2,1,"0,00787",0,0,0,0,0,F,985
12,11,202603,202603,ULAX_1204,0,4NENL,N,36,"36,7","0,00608","0,25",0,0,"0,25",0,F,695
12,11,202603,202603,ULAX_1201,0, NENV,N,220,"129,1","0,01686","2,21","0,08",0,"2,29",0,M,6
12,11,202603,202603,SPO_10092,0,2IENI,R,2,"1,3","0,00787","0,01",0,0,"0,01",0,F,357
12,11,202603,202603,SPOX_0999,0,2NENI,S,14,"80,6","0,00787","0,62","0,02",0,"0,64",0,F,356
12,11,202603,202603,ULAX_1204,0,1NENI,R,1,"4,8","0,00787","0,04",0,0,"0,04",0,F,705
12,11,202603,202602,SPOX_0999,0,2NENI,D,1,"2,1","0,00787","0,02",0,0,"0,02",0,F,271
12,11,202603,202603,ULAX_0432,0, NENV,R,2,1,"0,01049","0,02",0,0,"0,02",0,M,34
12,11,202603,202603,ULAX_1204,0,2NENI,R,198,"434,7","0,00787","3,42","0,12",0,"3,54",0,F,767
12,11,202603,202603,SPOX_0999,0,4NENL,R,48,"117,9","0,00423","0,49","0,01",0,"0,5",0,F,240
12,11,202603,202603,SPOX_0999,0,1NENI,D,18,"100,1","0,00787","0,78","0,02",0,"0,8",0,F,27
12,11,202603,202603,SPOX_0999,0,2NENI,N,243,"766,6","0,00787","6,03","0,22",0,"6,25",0,F,842
12,11,202603,202603,ULAX_4763,0,1NSNI,R,2,"10,5","0,00787","0,08",0,0,"0,08",0,F,355
12,11,202603,202603,ULAX_0432,0,4NENL,N,18,"16,7","0,00605","0,08",0,0,"0,08",0,F,780
12,11,202603,202603,ULAX_1204,0,2NENI,N,2,1,"0,00787",0,0,0,0,0,F,244
12,11,202603,202603,SPOX_0999,0,4IENL,R,5,"28,2","0,00423","0,12",0,0,"0,12",0,F,285
12,11,202603,202603,SPOX_0326,0,2NENI,R,1,"0,6","0,00787",0,0,0,0,0,F,203
12,11,202603,202603,SPOX_0999,0,2NENI,D,589,"539,7","0,00787","4,25","0,16",0,"4,41",0,F,544
12,11,202603,202603,ULAX_4039,0,MNENI,R,10,5,"0,0076","0,04",0,0,"0,04",0,M,34
12,11,202603,202603,SPO_14667,0,4NENL,N,1,"0,5","0,0061",0,0,0,0,0,F,11
12,11,202603,202603,SPO_11362,0,2NENI,D,611,"1581,2","0,00787","12,46","0,47",0,"12,93",0,F,361
12,11,202603,202603,ULAX_1204,0,2NENI,D,5,"3,3","0,00787","0,02",0,0,"0,02",0,F,220
12,11,202603,202602,ULAX_1204,0,2NENI,D,1,"9,8","0,0078","0,08",0,0,"0,08",0,F,674
12,11,202603,202603,SPOX_0999,0,2IENI,N,37,"139,4","0,00787","1,09","0,04",0,"1,13",0,F,317
12,11,202603,202603,ULAX_1204,0,4NENL,N,570,"747,4","0,00608","4,54","0,17",0,"4,71",0,F,941
12,11,202603,202603,ULAX_1201,0, NENV,R,9,"4,7","0,0118","0,07",0,0,"0,07",0,M,A61
12,11,202603,202603,SPO_10152,0,2NENI,N,549,"2068,3","0,00787","16,28","0,61",0,"16,89",0,F,143
12,11,202603,202603,SPOX_0999,0,2NENI,S,2,1,"0,00787","0,01",0,0,"0,01",0,F,921
12,11,202603,202603,ULAX_1204,0,2IENI,D,2,"1,3","0,00787","0,01",0,0,"0,01",0,F,41
12,11,202603,202602,SPOX_0999,0,2NENI,N,1,"9,9","0,0078","0,08",0,0,"0,08",0,F,292
12,11,202603,202603,ULAX_0432,0, NENV,R,7,"3,5","0,0118","0,06",0,0,"0,06",0,M,A61
12,11,202603,202603,ULAX_1204,0,2NENI,R,62,"154,2","0,00787","1,19","0,04",0,"1,23",0,F,977
12,11,202603,202603,SPOX_0999,0,4NENL,R,128,"246,1","0,00423","1,04","0,03",0,"1,07",0,F,767
12,11,202603,202603,SPOX_0999,0,1NENI,D,1,"0,5","0,00787",0,0,0,0,0,F,261
12,11,202603,202603,SPOX_0999,0,2NENI,N,60,"32,6","0,00787","0,23",0,0,"0,23",0,F,967
12,11,202603,202603,ULAX_4763,0,2NSNI,R,72,"420,9","0,0076","3,18","0,12",0,"3,3",0,F,35
12,11,202603,202603,ULAX_0432,0,4NENL,N,2,"5,3","0,00608","0,03",0,0,"0,03",0,F,255
12,11,202603,202603,ULAX_1204,0,2NENI,N,837,"596,6","0,00787","4,7","0,17",0,"4,87",0,F,283
12,11,202603,202603,SPOX_0999,0,4NENL,N,906,"2497,1","0,00605","15,13","0,57",0,"15,7",0,F,81
12,11,202603,202603,SPOX_0348,0,2NENI,R,54,"71,5","0,00787","0,54","0,02",0,"0,56",0,F,143
12,11,202603,202603,SPOX_0999,0,2NENI,D,2,1,"0,00787",0,0,0,0,0,F,795
12,11,202603,202603,ULAX_4113,0,MNENI,R,7,"5,5","0,0076","0,03",0,0,"0,03",0,M,348
12,11,202603,202603,SPO_14673,0,4NENL,N,1,"4,7","0,00605","0,03",0,0,"0,03",0,F,283
12,11,202603,202603,SPO_11366,0,1NENI,N,164,"431,3","0,00787","3,41","0,12",0,"3,53",0,F,361
12,11,202603,202603,ULAX_1204,0,2NENI,D,210,"182,7","0,00787","1,46","0,05",0,"1,51",0,F,248
12,11,202603,202602,ULAX_1204,0,2NENI,D,1,3,"0,00787","0,02",0,0,"0,02",0,F,431
12,11,202603,202603,SPOX_0999,0,2IENI,N,15,"7,5","0,00787","0,04",0,0,"0,04",0,F,780
12,11,202603,202603,ULAX_1204,0,4NENL,N,108,"75,6","0,00631","0,47","0,01",0,"0,48",0,F,934
12,11,202603,202603,ULAX_1204,0,1NENI,D,291,"380,5","0,00787","2,99","0,11",0,"3,1",0,F,241
12,11,202603,202603,SPO_10156,0,4NENL,N,3,"18,3","0,0061","0,11",0,0,"0,11",0,F,203
12,11,202603,202603,SPOX_0999,0,4IENL,N,130,"249,2","0,00605","1,48","0,05",0,"1,53",0,F,281
12,11,202603,202603,ULAX_1204,0,2IENI,D,155,"315,8","0,00787","2,47","0,09",0,"2,56",0,F,355
12,11,202603,202602,SPOX_0999,0,2NENI,N,1,"1,2","0,00787","0,01",0,0,"0,01",0,F,351
12,11,202603,202603,ULAX_1008,0,4NENL,N,1,"17,8","0,00608","0,11",0,0,"0,11",0,F,204
12,11,202603,202603,ULAX_1204,0,2NENI,S,1455,"2371,4","0,00787","18,65","0,7",0,"19,35",0,F,221
12,11,202603,202603,SPOX_0999,0,4NENL,R,1,"0,5","0,00425",0,0,0,0,0,F,65
12,11,202603,202603,SPOX_0999,0,1NENI,D,48,"90,4","0,00787","0,68","0,02",0,"0,7",0,F,363
12,11,202603,202603,SPOX_0999,0,2NENI,R,917,"1689,3","0,00787","13,28","0,5",0,"13,78",0,F,21
12,11,202603,202603,ULAX_5040,0, NENV,N,7,"3,6","0,01686","0,07",0,0,"0,07",0,M,66
12,11,202603,202603,ULAX_0432,0,4NENL,R,2,"1,8","0,00423","0,01",0,0,"0,01",0,F,767
12,11,202603,202603,ULAX_1204,0,2NENI,N,6536,"23511,6","0,00787","185,07",7,0,"192,07",0,F,355
12,11,202603,202603,SPOX_0999,0,4NENL,N,74072,"387490,2","0,00605","2344,33","88,81",0,"2433,14",0,F,221
12,11,202603,202603,SPOX_0543,0,2NENI,S,104,288,"0,00787","2,27","0,08",0,"2,35",0,F,351
12,11,202603,202603,SPOX_0999,0,2NENI,D,435,"596,5","0,00787","4,7","0,17",0,"4,87",0,F,925
12,11,202603,202603,ULAX_4202,0,2NENI,R,81,"57,5","0,00787","0,46","0,01",0,"0,47",0,F,674
12,11,202603,202603,SPO_14681,0,2NENI,N,1,"0,5","0,00787",0,0,0,0,0,F,11
12,11,202603,202603,SPO_11368,0,MNENI,N,19,"10,8","0,0076","0,07",0,0,"0,07",0,M,34
12,11,202603,202603,ULAX_1204,0,2NENI,D,6476,"29558,7","0,00787","232,63","8,81",0,"241,44",0,F,285
12,11,202603,202602,ULAX_1204,0,2NENI,N,1,2,"0,00787","0,02",0,0,"0,02",0,F,31
12,11,202603,202603,SPOX_0999,0,2IENI,R,2,"4,3","0,00787","0,04",0,0,"0,04",0,F,284
12,11,202603,202603,ULAX_1204,0,4NENL,R,25,"29,4","0,00423","0,12",0,0,"0,12",0,F,279
12,11,202603,202603,ULAX_1204,0,1NENI,D,46,"153,4","0,00787","1,18","0,04",0,"1,22",0,F,361
12,11,202603,202603,SPO_10417,0,MNENI,D,1,"0,5","0,0076",0,0,0,0,0,M,325
12,11,202603,202603,ULAX_1204,0,2IENI,D,1,"0,5","0,00787",0,0,0,0,0,F,925
12,11,202603,202602,SPOX_0999,0,4NENL,N,1,"0,5","0,00598",0,0,0,0,0,F,285
12,11,202603,202603,ULAX_1201,0,1NENI,N,38,"26,1","0,00787","0,21",0,0,"0,21",0,F,757
12,11,202603,202603,ULAX_1204,0,2NENI,S,13,"33,3","0,00787","0,25",0,0,"0,25",0,F,285
12,11,202603,202603,SPOX_0999,0,4NENL,R,18,"13,9","0,00425","0,05",0,0,"0,05",0,F,294
12,11,202603,202603,SPOX_0999,0,1NENI,D,1,"0,5","0,00787",0,0,0,0,0,F,985
12,11,202603,202603,ULAX_0432,0,MNENI,D,6,"3,3","0,00787","0,02",0,0,"0,02",0,M,68
12,11,202603,202603,ULAX_4202,0,MNENI,R,1,"0,5","0,0076",0,0,0,0,0,M,348
12,11,202603,202603,ULAX_1204,0,2NENI,N,2019,"2615,3","0,00787","20,62","0,77",0,"21,39",0,F,674
12,11,202603,202603,SPOX_0999,0,4NENL,N,1354,"875,8","0,00605","5,31","0,2",0,"5,51",0,F,286
12,11,202603,202603,SPOX_0545,0,2NENI,N,9,"24,4","0,00787","0,19",0,0,"0,19",0,F,621
12,11,202603,202603,SPOX_0999,0,2NENI,D,3442,"6606,8","0,00787",52,"1,96",0,"53,96",0,F,977
12,11,202603,202603,ULAX_0432,0,1NENI,D,11,"20,7","0,00787","0,16",0,0,"0,16",0,F,251
12,11,202603,202603,SPO_11402,0,2NENI,D,7,"8,8","0,00787","0,07",0,0,"0,07",0,F,11
12,11,202603,202603,ULAX_1204,0,2NENI,D,1645,"3359,7","0,00787","26,43",1,0,"27,43",0,F,357
12,11,202603,202602,ULAX_1204,0,2NENI,R,1,"2,7","0,0078","0,02",0,0,"0,02",0,F,355
12,11,202603,202603,SPOX_0999,0,2IENI,R,5,"18,6","0,00787","0,14",0,0,"0,14",0,F,661
12,11,202603,202603,ULAX_1204,0,1NENI,D,10,"41,3","0,00787","0,32","0,01",0,"0,33",0,F,983
12,11,202603,202603,SPO_10617,0,2NENI,S,5,"7,2","0,00787","0,05",0,0,"0,05",0,F,143
12,11,202603,202603,ULAX_1204,0,2IENI,N,2,"3,8","0,00787","0,03",0,0,"0,03",0,F,41
12,11,202603,202602,SPOX_0999,0,4NENL,N,1,"8,2","0,00605","0,05",0,0,"0,05",0,F,285
12,11,202603,202603,ULAX_1201,0,2NENI,D,9,"4,5","0,00787",0,0,0,0,0,F,852
12,11,202603,202603,SPOX_0999,0,2NENI,R,3005,"11090,9","0,00787","87,29","3,3",0,"90,59",0,F,227
12,11,202603,202603,ULAX_1204,0,2NENI,S,32,"33,9","0,00787","0,28","0,01",0,"0,29",0,F,470
12,11,202603,202603,SPOX_0999,0,4NENL,R,23,"51,8","0,00441","0,22",0,0,"0,22",0,F,219
12,11,202603,202603,SPOX_0999,0,1NENI,N,577,"629,5","0,00787","4,94","0,18",0,"5,12",0,F,232
12,11,202603,202603,ULAX_0432,0,MNENI,N,17,"9,5","0,00787","0,07",0,0,"0,07",0,M,18
12,11,202603,202603,SPOX_0999,0,2NENI,N,414,2441,"0,00787","19,2","0,72",0,"19,92",0,F,5
12,11,202603,202603,ULAX_4721,0,MNENI,N,15,"13,2","0,00787","0,09",0,0,"0,09",0,M,76
12,11,202603,202603,ULAX_1204,0,2NENI,N,3,"1,5","0,00787",0,0,0,0,0,F,806
12,11,202603,202603,SPOX_0999,0,4NENL,N,20,"30,4","0,00605","0,18",0,0,"0,18",0,F,807
12,11,202603,202603,SPOX_0551,0,4NENL,N,1,"1,4","0,00605","0,01",0,0,"0,01",0,F,8
12,11,202603,202603,ULAX_0432,0,1NENI,N,76,"43,7","0,00787","0,36","0,01",0,"0,37",0,F,931
12,11,202603,202603,SPOX_0999,0,2IENI,S,4,"13,1","0,00787","0,11",0,0,"0,11",0,F,281
12,11,202603,202603,ULAX_1204,0,4NENL,R,2,1,"0,00425",0,0,0,0,0,F,47
12,11,202603,202603,SPO_11405,0,2NENI,S,13,"126,9","0,00787",1,"0,03",0,"1,03",0,F,143
12,11,202603,202603,ULAX_1204,0,2NENI,D,1,"0,5","0,00787",0,0,0,0,0,F,655
12,11,202603,202602,ULAX_1204,0,4NENL,N,7,"33,2","0,00602","0,2",0,0,"0,2",0,F,251
12,11,202603,202603,ULAX_1204,0,1NENI,N,66,"59,1","0,00787","0,45","0,01",0,"0,46",0,F,262
12,11,202603,202603,ULAX_1204,0,4NENL,N,35,"115,3","0,00605","0,69","0,02",0,"0,71",0,F,208
12,11,202603,202603,SPO_10802,0,4NENL,N,14,"31,3","0,00605","0,19",0,0,"0,19",0,F,71
12,11,202603,202603,ULAX_1204,0,2IENI,N,4,"5,1","0,00787","0,04",0,0,"0,04",0,F,356
12,11,202603,202602,SPOX_0999,0,MNENI,D,1,"0,6","0,0078",0,0,0,0,0,M,6
12,11,202603,202603,ULAX_1201,0,2NENI,R,8,4,"0,00787","0,02",0,0,"0,02",0,F,757
12,11,202603,202603,SPOX_0999,0,2NENI,R,3,"1,8","0,00787","0,02",0,0,"0,02",0,F,282
12,11,202603,202603,ULAX_1204,0,2NSNI,N,49,"183,1","0,0076","1,4","0,05",0,"1,45",0,F,35
12,11,202603,202603,SPOX_0999,0,MNENI,R,18,9,"0,00787","0,07",0,0,"0,07",0,M,6
12,11,202603,202603,ULAX_0432,0,MNENI,N,84,"47,4","0,00787","0,36","0,01",0,"0,37",0,M,463
12,11,202603,202603,SPOX_0999,0,2NENI,N,49,"31,3","0,00787","0,26",0,0,"0,26",0,F,83
12,11,202603,202603,ULAX_4723,0,1NENI,D,217,"673,5","0,00787","5,3","0,2",0,"5,5",0,F,355
12,11,202603,202603,ULAX_1204,0,2NENI,N,26,"30,8","0,00787","0,23",0,0,"0,23",0,F,961
12,11,202603,202603,SPOX_0999,0,4NENL,N,135,"100,4","0,00605","0,62","0,02",0,"0,64",0,F,985
12,11,202603,202603,ULAX_0432,0,2NENI,D,25,"18,3","0,00787","0,11",0,0,"0,11",0,F,207
12,11,202603,202603,SPOX_0999,0,2NENI,D,4517,"13901,9","0,00787","109,42","4,14",0,"113,56",0,F,27
12,11,202603,202603,ULAX_1204,0,4NENL,R,389,"1094,7","0,00425","4,66","0,17",0,"4,83",0,F,262
12,11,202603,202603,SPO_11464,0,2NENI,N,2,"7,9","0,00787","0,06",0,0,"0,06",0,F,351
12,11,202603,202603,ULAX_1204,0,2NENI,D,3,"1,6","0,00787",0,0,0,0,0,F,802
12,11,202603,202602,ULAX_1204,0,4NENL,N,2,"2,2","0,00608","0,01",0,0,"0,01",0,F,267
12,11,202603,202603,ULAX_1204,0,1NENI,N,54,41,"0,00787","0,31","0,01",0,"0,32",0,F,757
12,11,202603,202603,SPOX_0999,0,1NENI,N,1,"0,5","0,00787",0,0,0,0,0,F,925
12,11,202603,202603,ULAX_1204,0,4NENL,N,2703,"2038,7","0,00605","12,34","0,46",0,"12,8",0,F,282
12,11,202603,202603,SPO_11142,0,2NENI,D,1,"0,5","0,00787",0,0,0,0,0,F,541
12,11,202603,202603,ULAX_1204,0,2IENI,N,1,"0,5","0,00787",0,0,0,0,0,F,943
12,11,202603,202602,SPO_10802,0,2NENI,N,1,"3,9","0,00787","0,03",0,0,"0,03",0,F,317
12,11,202603,202603,ULAX_1201,0,4NENL,N,1,"1,6","0,00608","0,01",0,0,"0,01",0,F,965
12,11,202603,202603,SPOX_0999,0,2NENI,R,566,"1556,3","0,00787","12,25","0,46",0,"12,71",0,F,351
12,11,202603,202603,ULAX_1204,0,4IENL,N,5,"2,5","0,00605",0,0,0,0,0,F,925
12,11,202603,202603,SPOX_0999,0, NSNV,N,1,"0,5","0,01499","0,01",0,0,"0,01",0,M,34
12,11,202603,202603,ULAX_0432,0,MNENI,R,2,"1,2","0,0076",0,0,0,0,0,M,34
12,11,202603,202603,SPOX_0812,0,1NENI,N,3,"4,7","0,00787","0,04",0,0,"0,04",0,F,361
12,11,202603,202603,SPOX_0999,0,2NENI,N,28,"67,9","0,00787","0,52","0,02",0,"0,54",0,F,207
12,11,202603,202603,ULAX_4726,0,2NENI,N,5976,"21572,4","0,00787","169,78","6,43",0,"176,21",0,F,355
12,11,202603,202603,ULAX_1204,0,2NENI,R,953,"1977,3","0,00787","15,56","0,58",0,"16,14",0,F,21
12,11,202603,202603,SPOX_0999,0,4NENL,N,291,176,"0,00608","1,06","0,04",0,"1,1",0,F,65
12,11,202603,202603,ULAX_0432,0,2NENI,D,1,"1,7","0,00787","0,01",0,0,"0,01",0,F,764
12,11,202603,202602,ULAX_1204,0, NENV,N,1,"0,5","0,01503","0,01",0,0,"0,01",0,M,34
12,11,202603,202603,SPOX_0999,0,2NENI,D,181,"183,7","0,00787","1,45","0,05",0,"1,5",0,F,84
12,11,202603,202603,ULAX_1204,0,4NENL,R,1,"1,6","0,00425","0,01",0,0,"0,01",0,F,960
12,11,202603,202603,SPO_11923,0,2NENI,N,10,"12,3","0,00787","0,1",0,0,"0,1",0,F,317
12,11,202603,202603,ULAX_1204,0,2NENI,D,725,"580,9","0,00787","4,57","0,17",0,"4,74",0,F,931
12,11,202603,202603,ULAX_1204,0,1NENI,R,25,"43,4","0,00787","0,35","0,01",0,"0,36",0,F,205
12,11,202603,202602,SPO_11366,0,2NENI,N,12,29,"0,00787","0,23",0,0,"0,23",0,F,361
12,11,202603,202603,SPOX_0999,0,1NENI,R,35,"28,2","0,00787","0,2",0,0,"0,2",0,F,262
12,11,202603,202603,ULAX_1204,0,4NENL,N,1,"0,5","0,00605",0,0,0,0,0,F,621
12,11,202603,202603,SPO_11144,0,4NENL,N,4,"42,2","0,00608","0,25",0,0,"0,25",0,F,241
12,11,202603,202603,ULAX_1204,0,2IENI,R,3,"4,5","0,00787","0,04",0,0,"0,04",0,F,318
12,11,202603,202603,ULAX_1201,0,MNENI,D,5,"2,6","0,00787",0,0,0,0,0,M,76
12,11,202603,202603,SPOX_0999,0,2NENI,R,6,"15,3","0,00787","0,11",0,0,"0,11",0,F,706
12,11,202603,202603,ULAX_1204,0,4IENL,R,2,"3,5","0,00423","0,01",0,0,"0,01",0,F,31
12,11,202603,202603,SPOX_6694,0,MNENI,N,6,"41,6","0,0076","0,3","0,01",0,"0,31",0,M,325
12,11,202603,202603,ULAX_0432,0,MNENI,R,15,"7,7","0,00787","0,06",0,0,"0,06",0,M,492
12,11,202603,202603,SPOX_0823,0,2NENI,D,370,"1150,7","0,00787","9,06","0,34",0,"9,4",0,F,361
12,11,202603,202603,SPOX_0999,0,2NENI,N,1,"0,5","0,00787",0,0,0,0,0,F,243
12,11,202603,202603,ULAX_4726,0,MNENI,N,8,4,"0,00787","0,03",0,0,"0,03",0,M,430
12,11,202603,202603,ULAX_1204,0,2NENI,R,10,"34,8","0,00787","0,26","0,01",0,"0,27",0,F,204
12,11,202603,202603,SPOX_0999,0,4NENL,N,5,"2,8","0,00608","0,02",0,0,"0,02",0,F,256
12,11,202603,202603,ULAX_0432,0,2NENI,N,16,"8,7","0,00787","0,07",0,0,"0,07",0,F,31
12,11,202603,202602,ULAX_4721,0, NENV,N,2,1,"0,01499","0,02",0,0,"0,02",0,M,34
12,11,202603,202603,SPOX_0999,0,2NENI,D,25,"88,6","0,00787","0,69","0,02",0,"0,71",0,F,208
12,11,202603,202603,ULAX_1204,0,MNENI,N,142,"79,1","0,00787","0,63","0,02",0,"0,65",0,M,451
12,11,202603,202603,SPO_12222,0,2NENI,D,77,"196,3","0,00787","1,54","0,05",0,"1,59",0,F,361
12,11,202603,202603,ULAX_1204,0,2NENI,D,56,"41,7","0,00787","0,33","0,01",0,"0,34",0,F,981
12,11,202603,202602,ULAX_0432,0,4NENL,N,1,"0,9","0,00608","0,01",0,0,"0,01",0,F,251
12,11,202603,202603,SPOX_0999,0,1NSNI,N,3,"7,3","0,00787","0,06",0,0,"0,06",0,F,363
12,11,202603,202603,ULAX_1204,0,4NENL,N,88,"95,1","0,00605","0,57","0,02",0,"0,59",0,F,971
12,11,202603,202603,SPO_11154,0,1NENI,D,2,"7,1","0,00787","0,05",0,0,"0,05",0,F,432
12,11,202603,202603,ULAX_1204,0,2IENI,R,1,"1,1","0,00787","0,01",0,0,"0,01",0,F,931
12,11,202603,202603,SPOX_0999,0,2NENI,R,5,"2,5","0,00787","0,02",0,0,"0,02",0,F,967
12,11,202603,202603,ULAX_1204,0,4NENL,N,15229,"36831,1","0,00605","222,83","8,44",0,"231,27",0,F,21
12,11,202603,202603,SPOX_6698,0, NENV,N,43,"65,8","0,01499","0,97","0,03",0,1,0,M,34
12,11,202603,202603,SPOX_0835,0,2NENI,D,3,"5,5","0,00787","0,04",0,0,"0,04",0,F,251
12,11,202603,202603,SPOX_0999,0,2NENI,N,811,"578,4","0,00787","4,54","0,17",0,"4,71",0,F,283
12,11,202603,202603,ULAX_4728,0,MNENI,N,711,"957,6","0,00787","7,53","0,28",0,"7,81",0,M,430
12,11,202603,202603,SPOX_0999,0,2NENI,S,178,"318,2","0,00787","2,51","0,09",0,"2,6",0,F,21
12,11,202603,202603,ULAX_0432,0,MNENI,S,1,"0,5","0,00787",0,0,0,0,0,M,499
12,11,202603,202603,SPOX_6716,0,2IENI,D,6,"8,9","0,00787","0,07",0,0,"0,07",0,F,363
12,11,202603,202603,SPOX_0835,0,4NENL,R,1,"0,5","0,00425",0,0,0,0,0,F,251
12,11,202603,202603,SPOX_0999,0,2NENI,N,570,"368,8","0,00787","2,9","0,1",0,3,0,F,294
12,11,202603,202603,ULAX_4728,0, NENV,N,13911,"19150,8","0,01499","287,07","10,87",0,"297,94",0,M,34
12,11,202603,202603,ULAX_1204,0,2NENI,R,2066,"9566,6","0,00787","75,3","2,85",0,"78,15",0,F,271
12,11,202603,202603,SPOX_0999,0,4NENL,N,10,"5,7","0,00608","0,03",0,0,"0,03",0,F,806
12,11,202603,202603,SPOX_0046,0,2NENI,N,24,"64,5","0,00787","0,49","0,01",0,"0,5",0,F,225
12,11,202603,202603,SPOX_0999,0,2NENI,D,1435,"1758,6","0,00787","13,83","0,52",0,"14,35",0,F,255
12,11,202603,202603,ULAX_1204,0, NENV,R,2,1,"0,0118","0,01",0,0,"0,01",0,M,6
12,11,202603,202603,ULAX_1204,0,2NENI,N,9,"6,4","0,00787","0,03",0,0,"0,03",0,F,79
12,11,202603,202603,SPO_11184,0,2NENI,R,157,"200,6","0,00787","1,56","0,05",0,"1,61",0,F,431
12,11,202603,202602,ULAX_1201,0,4NENL,N,1,"0,5","0,00602",0,0,0,0,0,F,804
12,11,202603,202603,SPOX_0999,0,2IENI,D,64,"243,6","0,00787","1,91","0,07",0,"1,98",0,F,351
12,11,202603,202603,ULAX_1204,0,4NENL,N,19,"18,2","0,00608","0,11",0,0,"0,11",0,F,94
12,11,202603,202603,ULAX_1201,0,MNENI,R,7,"4,6","0,00787","0,03",0,0,"0,03",0,M,430
12,11,202603,202603,ULAX_1204,0,2NENI,D,149,"226,1","0,00787","1,78","0,06",0,"1,84",0,F,41
12,11,202603,202603,SPOX_6716,0,4NENL,N,9,"16,1","0,00608","0,09",0,0,"0,09",0,F,247
12,11,202603,202603,SPOX_0999,0,2NENI,S,90,"268,3","0,00787","2,12","0,07",0,"2,19",0,F,235
12,11,202603,202602,SPOX_0970,0,2NENI,D,1,"0,5","0,00787",0,0,0,0,0,F,143
12,11,202603,202603,ULAX_0432,0, NENV,N,8,"5,4","0,01499","0,08",0,0,"0,08",0,M,491
12,11,202603,202603,ULAX_1204,0,2NENI,R,1,"0,9","0,00787",0,0,0,0,0,F,296
12,11,202603,202603,SPOX_0970,0,2NENI,D,6,"10,9","0,00787","0,07",0,0,"0,07",0,F,766
12,11,202603,202603,SPOX_0999,0,2NENI,N,1217,"5298,3","0,00787","41,73","1,57",0,"43,3",0,F,431
12,11,202603,202603,ULAX_4760,0,2NENI,D,1757,"5400,7","0,00787","42,5","1,6",0,"44,1",0,F,355
12,11,202603,202603,ULAX_0432,0,2NENI,N,3,"1,9","0,00787","0,01",0,0,"0,01",0,F,967
12,11,202603,202603,ULAX_1204,0,2NENI,N,34,"28,6","0,00787","0,2",0,0,"0,2",0,F,98
12,11,202603,202603,SPOX_0083,0,2NENI,D,40,"98,9","0,00787","0,78","0,02",0,"0,8",0,F,638
12,11,202603,202603,SPOX_0999,0,2NENI,D,9307,"33286,5","0,00787","261,95","9,92",0,"271,87",0,F,292
12,11,202603,202603,ULAX_4006,0,2NENI,D,1905,"9398,6","0,00787","73,95","2,8",0,"76,75",0,F,674
12,11,202603,202603,SPO_13918,0, NENV,N,8,"6,6","0,01499","0,11",0,0,"0,11",0,M,34
12,11,202603,202603,SPO_11230,0,4NENL,R,1,"2,6","0,00423","0,01",0,0,"0,01",0,F,71
12,11,202603,202602,ULAX_1201,0, NENV,N,1,"0,5","0,01503","0,01",0,0,"0,01",0,M,34
12,11,202603,202603,SPOX_0999,0,2IENI,D,5,"2,5","0,00787","0,01",0,0,"0,01",0,F,925
12,11,202603,202603,ULAX_1204,0,4NENL,N,14,8,"0,00608","0,03",0,0,"0,03",0,F,258
12,11,202603,202603,ULAX_1201,0, NENV,N,8,"4,1","0,01499","0,07",0,0,"0,07",0,M,76
12,11,202603,202603,SPO_10066,0,1NENI,N,12,9,"0,00787","0,06",0,0,"0,06",0,F,363
12,11,202603,202603,SPOX_0999,0,2NENI,S,1,"0,5","0,00787",0,0,0,0,0,F,294
12,11,202603,202602,SPOX_0999,0,2NENI,D,6,"18,6","0,0078","0,14",0,0,"0,14",0,F,757
12,11,202603,202603,ULAX_0432,0, NENV,N,436,"248,5","0,01686","4,19","0,15",0,"4,34",0,M,69
12,11,202603,202603,ULAX_1204,0,2NENI,R,8,"16,1","0,00787","0,12",0,0,"0,12",0,F,541
12,11,202603,202603,SPOX_0999,0,4NENL,R,1,"1,3","0,00423","0,01",0,0,"0,01",0,F,91
12,11,202603,202603,SPOX_0970,0,MNENI,D,9,"4,5","0,0076","0,02",0,0,"0,02",0,M,325
12,11,202603,202603,SPOX_0999,0,2NENI,N,97,"186,3","0,00787","1,45","0,05",0,"1,5",0,F,738
12,11,202603,202603,ULAX_4763,0,1NENI,D,274,"677,2","0,00787","5,34","0,2",0,"5,54",0,F,355
12,11,202603,202603,ULAX_0432,0,4NENL,N,3,"2,1","0,00605","0,01",0,0,"0,01",0,F,5
12,11,202603,202603,ULAX_1204,0,2NENI,N,24060,"129045,8","0,00787","1015,6","38,47",0,"1054,07",0,F,221
12,11,202603,202603,SPOX_0999,0,4IENL,N,1,"0,5","0,00608",0,0,0,0,0,F,967
12,11,202603,202603,SPOX_0083,0,MNENI,D,11,"5,8","0,0076","0,03",0,0,"0,03",0,M,325
12,11,202603,202603,SPOX_0999,0,2NENI,D,2797,"2665,8","0,00787","20,99","0,79",0,"21,78",0,F,363
12,11,202603,202603,ULAX_4036,0, NENV,N,31,"19,4","0,01499","0,28","0,01",0,"0,29",0,M,34
12,11,202603,202603,SPO_14667,0,2NENI,D,1,"0,5","0,00787",0,0,0,0,0,F,203
12,11,202603,202603,SPO_11360,0,MNENI,R,2,1,"0,0076",0,0,0,0,0,M,34
12,11,202603,202603,ULAX_1204,0,2NENI,D,2703,"6514,2","0,00787","51,29","1,94",0,"53,23",0,F,205
12,11,202603,202602,ULAX_1204,0,2NENI,D,1,"0,5","0,0078",0,0,0,0,0,F,247
12,11,202603,202603,SPOX_0999,0,2IENI,N,3,"5,3","0,00787","0,04",0,0,"0,04",0,F,47
12,11,202603,202603,ULAX_1204,0,4NENL,N,5,"2,5","0,00608","0,01",0,0,"0,01",0,F,795
12,11,202603,202603,ULAX_1201,0, NENV,N,1951,"1270,9","0,01686","21,43","0,81",0,"22,24",0,M,451
12,11,202603,202603,SPO_10092,0,2NENI,S,9,"8,7","0,00787","0,05",0,0,"0,05",0,F,357
12,11,202603,202603,SPOX_0999,0,2NENI,S,26,"134,4","0,00787","1,05","0,04",0,"1,09",0,F,661
12,11,202603,202603,ULAX_1204,0,1NSNI,D,42,"116,7","0,00787","0,93","0,03",0,"0,96",0,F,35
12,11,202603,202602,SPOX_0999,0,2NENI,D,1,"2,8","0,00787","0,02",0,0,"0,02",0,F,431
12,11,202603,202603,ULAX_0432,0, NENV,R,3,"1,5","0,01049","0,02",0,0,"0,02",0,M,499
12,11,202603,202603,ULAX_1204,0,2NENI,R,3,"1,5","0,00787","0,01",0,0,"0,01",0,F,931
12,11,202603,202603,SPOX_0999,0,4NENL,R,184,"672,7","0,00423","2,84","0,1",0,"2,94",0,F,285
12,11,202603,202603,SPOX_0999,0,1NENI,D,85,"109,2","0,00787","0,84","0,03",0,"0,87",0,F,221
12,11,202603,202603,SPOX_0999,0,2NENI,N,311,"232,4","0,00787","1,82","0,06",0,"1,88",0,F,931
12,11,202603,202603,ULAX_4763,0,2NENI,D,11700,"31936,4","0,00787","251,34","9,51",0,"260,85",0,F,355
12,11,202603,202603,ULAX_0432,0,4NENL,N,99,"54,6","0,00608","0,32","0,01",0,"0,33",0,F,62
12,11,202603,202603,ULAX_1204,0,2NENI,N,8,"4,2","0,00787","0,02",0,0,"0,02",0,F,258
12,11,202603,202603,SPOX_0999,0,4IENL,R,3,5,"0,00425","0,02",0,0,"0,02",0,F,842
12,11,202603,202603,SPOX_0347,0,2NENI,N,1779,"11420,8","0,00787","89,89","3,4",0,"93,29",0,F,143
12,11,202603,202603,SPOX_0999,0,2NENI,D,939,"997,1","0,00787","7,84","0,29",0,"8,13",0,F,706
12,11,202603,202603,ULAX_4113,0,2NENI,R,377,"757,1","0,00787","5,94","0,22",0,"6,16",0,F,674
12,11,202603,202603,SPO_14667,0, NENV,N,3,"1,5","0,01779","0,03",0,0,"0,03",0,M,325
12,11,202603,202603,SPO_11362,0,4NENL,R,4,"12,4","0,00425","0,05",0,0,"0,05",0,F,804
12,11,202603,202603,ULAX_1204,0,2NENI,D,4635,"17122,4","0,00787","134,75","5,1",0,"139,85",0,F,235
12,11,202603,202602,ULAX_1204,0,2NENI,D,1,"1,4","0,00787","0,01",0,0,"0,01",0,F,241
12,11,202603,202603,SPOX_0999,0,2IENI,N,7,"9,5","0,00787","0,07",0,0,"0,07",0,F,359
12,11,202603,202603,ULAX_1204,0,4NENL,N,194,"112,6","0,00608","0,68","0,02",0,"0,7",0,F,967
12,11,202603,202603,ULAX_1204,0,1NENI,D,1,"8,2","0,00787","0,06",0,0,"0,06",0,F,62
12,11,202603,202603,SPO_10156,0,1NENI,D,2,"4,2","0,00787","0,03",0,0,"0,03",0,F,143
12,11,202603,202603,SPOX_0999,0,2NSNI,N,34,"133,1","0,00787","1,02","0,03",0,"1,05",0,F,363
12,11,202603,202603,ULAX_1204,0,2IENI,D,73,"118,4","0,00787","0,92","0,03",0,"0,95",0,F,281
12,11,202603,202602,SPOX_0999,0,2NENI,N,2,"2,6","0,00787","0,02",0,0,"0,02",0,F,232
12,11,202603,202603,ULAX_1008,0,2NENI,D,1,"0,5","0,00787",0,0,0,0,0,F,61
12,11,202603,202603,ULAX_1204,0,2NENI,S,39,"89,7","0,00787","0,71","0,02",0,"0,73",0,F,27
12,11,202603,202603,SPOX_0999,0,4NENL,R,10,"5,6","0,00423","0,01",0,0,"0,01",0,F,983
12,11,202603,202603,SPOX_0999,0,1NENI,D,1,"0,5","0,00787",0,0,0,0,0,F,291
12,11,202603,202603,SPOX_0999,0,2NENI,N,3,"2,3","0,00787","0,01",0,0,"0,01",0,F,982
12,11,202603,202603,ULAX_5040,0,MNENI,D,1941,"1845,4","0,0076","14,02","0,53",0,"14,55",0,M,349
12,11,202603,202603,ULAX_0432,0,4NENL,N,1,"0,5","0,00608",0,0,0,0,0,F,917
12,11,202603,202603,ULAX_1204,0,2NENI,N,595,"388,6","0,00787","3,06","0,11",0,"3,17",0,F,294
12,11,202603,202603,SPOX_0999,0,4NENL,N,37,"18,7","0,00605","0,12",0,0,"0,12",0,F,92
12,11,202603,202603,SPOX_0543,0,2NENI,D,3,"2,5","0,00787","0,01",0,0,"0,01",0,F,884
12,11,202603,202603,SPOX_0999,0,2NENI,D,1,"0,5","0,00787",0,0,0,0,0,F,808
12,11,202603,202603,ULAX_4202,0,1NENI,N,112,"526,1","0,00787","4,11","0,15",0,"4,26",0,F,674
12,11,202603,202603,SPO_14679,0,2NSNI,R,2,1,"0,00787",0,0,0,0,0,F,363
12,11,202603,202603,SPO_11366,0,2NENI,N,1,"1,9","0,00787","0,01",0,0,"0,01",0,F,251
12,11,202603,202603,ULAX_1204,0,2NENI,D,8961,"14659,7","0,00787","115,37","4,36",0,"119,73",0,F,262
12,11,202603,202602,ULAX_1204,0,2NENI,N,4,"25,5","0,0078","0,19",0,0,"0,19",0,F,221
12,11,202603,202603,SPOX_0999,0,2IENI,N,1,"2,2","0,00787","0,02",0,0,"0,02",0,F,981
12,11,202603,202603,ULAX_1204,0,4NENL,R,1309,"4854,5","0,00423","20,54","0,77",0,"21,31",0,F,85
12,11,202603,202603,ULAX_1204,0,1NENI,D,4,"4,8","0,00787","0,04",0,0,"0,04",0,F,271
12,11,202603,202603,SPO_10402,0, NENV,R,1,1,"0,01245","0,01",0,0,"0,01",0,M,325
12,11,202603,202603,SPOX_0999,0,4IENL,N,8,4,"0,00605","0,01",0,0,"0,01",0,F,925
12,11,202603,202603,ULAX_1204,0,2IENI,D,107,"280,1","0,00787","2,21","0,08",0,"2,29",0,F,431
12,11,202603,202602,SPOX_0999,0,2NENI,N,1,"0,5","0,00787",0,0,0,0,0,F,977
12,11,202603,202603,ULAX_1055,0,2NENI,R,1,"1,1","0,00787","0,01",0,0,"0,01",0,F,31
12,11,202603,202603,ULAX_1204,0,2NENI,S,244,"798,6","0,00787","6,3","0,23",0,"6,53",0,F,247
12,11,202603,202603,SPOX_0999,0,4NENL,R,299,"973,3","0,00425","4,16","0,15",0,"4,31",0,F,241
12,11,202603,202603,SPOX_0999,0,1NENI,D,12,"56,1","0,00787","0,43","0,01",0,"0,44",0,F,767
12,11,202603,202603,SPOX_0999,0,2NENI,R,4,"11,7","0,00787","0,09",0,0,"0,09",0,F,61
12,11,202603,202603,ULAX_0432,0,4NENL,R,33,"60,6","0,00425","0,25",0,0,"0,25",0,F,977
12,11,202603,202603,ULAX_1204,0,2NENI,N,1226,"5179,1","0,00787","40,77","1,54",0,"42,31",0,F,431
12,11,202603,202603,SPOX_0999,0,4NENL,N,3,"4,5","0,00605","0,02",0,0,"0,02",0,F,244
12,11,202603,202603,SPOX_0543,0,MNENI,D,53,"53,2","0,0076","0,41","0,01",0,"0,42",0,M,34
12,11,202603,202603,SPOX_0999,0,2NENI,D,532,"993,8","0,00787","7,84","0,29",0,"8,13",0,F,951
12,11,202603,202603,ULAX_4202,0,2NSNI,N,13,"22,9","0,00787","0,17",0,0,"0,17",0,F,674
12,11,202603,202603,SPO_14681,0,4NENL,N,1,"0,5","0,0061",0,0,0,0,0,F,212
12,11,202603,202603,SPO_11370,0,2NENI,D,735,"1979,1","0,00787","15,59","0,58",0,"16,17",0,F,361
12,11,202603,202603,ULAX_1204,0,2NENI,D,179,"127,5","0,00787","0,98","0,03",0,"1,01",0,F,296
12,11,202603,202602,ULAX_1204,0,2NENI,N,2,1,"0,00787","0,01",0,0,"0,01",0,F,294
12,11,202603,202603,SPOX_0999,0,2IENI,R,11,"20,8","0,00787","0,15",0,0,"0,15",0,F,351
12,11,202603,202603,ULAX_1204,0,4NENL,R,1190,3547,"0,00423","15,03","0,56",0,"15,59",0,F,292
12,11,202603,202603,ULAX_1204,0,1NENI,D,134,"168,7","0,00787","1,33","0,05",0,"1,38",0,F,757
12,11,202603,202603,SPO_10448,0,2NENI,N,9,11,"0,00787","0,09",0,0,"0,09",0,F,364
12,11,202603,202603,ULAX_1204,0,2IENI,D,3,"1,5","0,00787","0,01",0,0,"0,01",0,F,971
12,11,202603,202602,SPOX_0999,0,4NENL,N,1,"0,7","0,00602",0,0,0,0,0,F,294
12,11,202603,202603,ULAX_1201,0,2NENI,D,2,"2,6","0,00787","0,02",0,0,"0,02",0,F,31
12,11,202603,202603,SPOX_0999,0,2NENI,R,554,"1775,1","0,00787","13,96","0,52",0,"14,48",0,F,205
12,11,202603,202603,ULAX_1204,0,2NENI,S,743,"2802,6","0,00787","22,05","0,83",0,"22,88",0,F,318
12,11,202603,202603,SPOX_0999,0,4NENL,R,2,1,"0,00425",0,0,0,0,0,F,865
12,11,202603,202603,SPOX_0999,0,1NENI,N,2,"3,6","0,00787","0,03",0,0,"0,03",0,F,67
12,11,202603,202603,ULAX_0432,0,MNENI,D,17,"11,2","0,00787","0,08",0,0,"0,08",0,M,461
12,11,202603,202603,ULAX_4616,0,2NENI,N,57,"57,8","0,00787","0,45","0,01",0,"0,46",0,F,355
12,11,202603,202603,ULAX_1204,0,2NENI,N,123,"180,9","0,00787","1,42","0,05",0,"1,47",0,F,738
12,11,202603,202603,SPOX_0999,0,4NENL,N,4,"17,3","0,00605","0,11",0,0,"0,11",0,F,460
12,11,202603,202603,SPOX_0551,0,2NENI,D,1,2,"0,00787","0,02",0,0,"0,02",0,F,621
12,11,202603,202603,ULAX_0432,0,1NENI,D,27,"109,1","0,00787","0,86","0,03",0,"0,89",0,F,977
12,11,202603,202603,ULAX_1204,0,4NENL,R,3,"1,5","0,00423","0,01",0,0,"0,01",0,F,931
12,11,202603,202603,SPO_11402,0,2NENI,S,6,"6,8","0,00787","0,05",0,0,"0,05",0,F,143
12,11,202603,202603,ULAX_1204,0,2NENI,D,97,"66,4","0,00787","0,52","0,01",0,"0,53",0,F,432
12,11,202603,202602,ULAX_1204,0,4NENL,N,8,78,"0,00598","0,46","0,01",0,"0,47",0,F,221
12,11,202603,202603,SPOX_0999,0,2IENI,R,2,"2,1","0,00787","0,01",0,0,"0,01",0,F,941
12,11,202603,202603,ULAX_1204,0,1NENI,N,131,"172,4","0,00787","1,36","0,05",0,"1,41",0,F,205
12,11,202603,202603,ULAX_1204,0,4NENL,N,314,"264,8","0,00605","1,58","0,06",0,"1,64",0,F,84
12,11,202603,202603,SPO_10705,0,2NENI,R,155,303,"0,00787","2,37","0,09",0,"2,46",0,F,363
12,11,202603,202603,ULAX_1204,0,2IENI,N,2,"1,2","0,00787","0,01",0,0,"0,01",0,F,284
12,11,202603,202602,SPOX_0999,0,4NENL,N,1,"0,5","0,00608",0,0,0,0,0,F,261
12,11,202603,202603,ULAX_1201,0,2NENI,N,4,"2,6","0,00787","0,01",0,0,"0,01",0,F,207
12,11,202603,202603,SPOX_0999,0,2NENI,R,2664,"11476,9","0,00787","90,32","3,42",0,"93,74",0,F,251
12,11,202603,202603,ULAX_1204,0,2NENI,S,18,54,"0,00787","0,41","0,01",0,"0,42",0,F,780
12,11,202603,202603,SPOX_0999,0,MNENI,D,3,"1,9","0,00787","0,01",0,0,"0,01",0,M,461
12,11,202603,202603,SPOX_0999,0,1NENI,N,1,"7,9","0,00787","0,06",0,0,"0,06",0,F,295
12,11,202603,202603,ULAX_0432,0,MNENI,N,1,"0,5","0,00787",0,0,0,0,0,M,74
12,11,202603,202603,SPOX_0999,0,2NENI,N,527,"413,1","0,00787","3,24","0,12",0,"3,36",0,F,51
12,11,202603,202603,ULAX_4721,0,MNENI,S,5,"20,7","0,00787","0,17",0,0,"0,17",0,M,430
12,11,202603,202603,ULAX_1204,0,2NENI,N,271,"378,8","0,00787","2,98","0,11",0,"3,09",0,F,925
12,11,202603,202603,SPOX_0999,0,4NENL,N,697,"930,1","0,00605","5,64","0,21",0,"5,85",0,F,925
12,11,202603,202603,SPOX_0551,0,MNENI,N,28,"18,3","0,0076","0,11",0,0,"0,11",0,M,34
12,11,202603,202603,ULAX_0432,0,2NENI,D,36,"37,2","0,00787","0,29","0,01",0,"0,3",0,F,31
12,11,202603,202603,SPOX_0999,0,2IENI,S,5,"6,4","0,00787","0,05",0,0,"0,05",0,F,357
12,11,202603,202603,ULAX_1204,0,4NENL,R,8,"19,1","0,00425","0,08",0,0,"0,08",0,F,204
12,11,202603,202603,SPO_11462,0,1NENI,D,67,"280,2","0,00787","2,22","0,08",0,"2,3",0,F,351
12,11,202603,202603,ULAX_1204,0,2NENI,D,926,798,"0,00787","6,29","0,23",0,"6,52",0,F,706
12,11,202603,202602,ULAX_1204,0,4NENL,N,13,"36,2","0,00605","0,22",0,0,"0,22",0,F,232
12,11,202603,202603,ULAX_1204,0,1NENI,N,1,"0,6","0,00787",0,0,0,0,0,F,298
12,11,202603,202603,SPOX_0999,0,1NENI,N,1,"1,6","0,00787","0,01",0,0,"0,01",0,F,541
12,11,202603,202603,ULAX_1204,0,4NENL,N,105623,"430171,5","0,00605","2602,53","98,6",0,"2701,13",0,F,232
12,11,202603,202603,SPO_10809,0,MNENI,R,1,"0,5","0,0076",0,0,0,0,0,M,325
12,11,202603,202603,ULAX_1204,0,2IENI,N,46,"95,8","0,00787","0,75","0,02",0,"0,77",0,F,661
12,11,202603,202602,SPOX_0999,0, NENV,N,3,"1,6","0,01686","0,03",0,0,"0,03",0,M,6
12,11,202603,202603,ULAX_1201,0,4NENL,N,3,"1,5","0,00605","0,01",0,0,"0,01",0,F,931
12,11,202603,202603,SPOX_0999,0,2NENI,R,7,"3,8","0,00787","0,02",0,0,"0,02",0,F,293
12,11,202603,202603,ULAX_1204,0,4IENL,N,857,"2759,6","0,00605","16,68","0,63",0,"17,31",0,F,232
12,11,202603,202603,SPOX_0999,0, NENV,N,817,"480,8","0,01686","8,11","0,3",0,"8,41",0,M,50
12,11,202603,202603,ULAX_0432,0,MNENI,N,4,"2,9","0,00787","0,02",0,0,"0,02",0,M,495
12,11,202603,202603,SPOX_0811,0,MNENI,D,33,"36,8","0,0076","0,27","0,01",0,"0,28",0,M,34
12,11,202603,202603,SPOX_0999,0,2NENI,N,15,"9,7","0,00787","0,05",0,0,"0,05",0,F,95
12,11,202603,202603,ULAX_4726,0,1NENI,N,472,"1878,6","0,00787","14,8","0,56",0,"15,36",0,F,355
12,11,202603,202603,ULAX_1204,0,2NENI,N,28,"20,1","0,00787","0,14",0,0,"0,14",0,F,981
12,11,202603,202603,SPOX_0999,0,4NENL,N,10,5,"0,00607","0,02",0,0,"0,02",0,F,220
12,11,202603,202603,ULAX_0432,0,2NENI,D,3,"1,5","0,00787",0,0,0,0,0,F,355
12,11,202603,202602,ULAX_1204,0,4NENL,N,2,1,"0,00608",0,0,0,0,0,F,757
12,11,202603,202603,SPOX_0999,0,2NENI,D,63,"102,1","0,00787","0,8","0,03",0,"0,83",0,F,61
12,11,202603,202603,ULAX_1204,0,4NENL,R,4,"2,5","0,00425",0,0,0,0,0,F,706
12,11,202603,202603,SPO_11466,0,1NENI,N,1,"0,9","0,00787","0,01",0,0,"0,01",0,F,621
12,11,202603,202603,ULAX_1204,0,2NENI,D,163,"96,6","0,00787","0,76","0,02",0,"0,78",0,F,809
12,11,202603,202603,ULAX_1204,0,1NENI,N,19,"43,5","0,00787","0,35","0,01",0,"0,36",0,F,977
12,11,202603,202603,SPOX_0999,0,1NENI,R,1,"1,6","0,00787","0,01",0,0,"0,01",0,F,21
12,11,202603,202603,ULAX_1204,0,4NENL,N,114,"81,2","0,00605","0,51","0,01",0,"0,52",0,F,295
12,11,202603,202603,SPO_11144,0,2NENI,D,8,"10,6","0,00787","0,08",0,0,"0,08",0,F,431
12,11,202603,202603,ULAX_1204,0,2IENI,R,4,"17,9","0,00787","0,14",0,0,"0,14",0,F,205
12,11,202603,202603,ULAX_1201,0,MNENI,D,134,93,"0,00787","0,73","0,02",0,"0,75",0,M,18
12,11,202603,202603,SPOX_0999,0,2NENI,R,17,"26,1","0,00787","0,2",0,0,"0,2",0,F,364
12,11,202603,202603,ULAX_1204,0,4IENL,N,3,"1,5","0,00608",0,0,0,0,0,F,47
12,11,202603,202603,SPOX_6685,0, NENV,N,25,"61,7","0,01779","1,11","0,04",0,"1,15",0,M,325
12,11,202603,202603,ULAX_0432,0,MNENI,R,4,2,"0,00787",0,0,0,0,0,M,69
12,11,202603,202603,SPOX_0812,0,2NENI,S,24,45,"0,00787","0,35","0,01",0,"0,36",0,F,361
12,11,202603,202603,SPOX_0999,0,2NENI,N,23989,"129560,4","0,00787","1019,67","38,62",0,"1058,29",0,F,221
12,11,202603,202603,ULAX_4726,0,2NSNI,R,31,"23,9","0,0076","0,18",0,0,"0,18",0,F,35
12,11,202603,202603,ULAX_1204,0,2NENI,R,75,"202,1","0,00787","1,58","0,06",0,"1,64",0,F,62
12,11,202603,202603,SPOX_0999,0,4NENL,N,27,"112,1","0,00608","0,66","0,02",0,"0,68",0,F,206
12,11,202603,202603,ULAX_0432,0,2NENI,D,982,"803,3","0,00787","6,31","0,23",0,"6,54",0,F,931
12,11,202603,202602,ULAX_4113,0,MNENI,N,1,"0,5","0,0076",0,0,0,0,0,M,348
12,11,202603,202603,SPOX_0999,0,2NENI,D,53,"122,7","0,00787","0,94","0,03",0,"0,97",0,F,98
12,11,202603,202603,ULAX_1204,0,MNENI,D,294,"187,6","0,00787","1,46","0,05",0,"1,51",0,M,50
12,11,202603,202603,SPO_12218,0,2NENI,D,3,"7,4","0,00787","0,06",0,0,"0,06",0,F,121
12,11,202603,202603,ULAX_1204,0,2NENI,D,97,"96,3","0,00787","0,76","0,02",0,"0,78",0,F,961
12,11,202603,202603,ULAX_1204,0,1NENI,R,1,"0,5","0,00787",0,0,0,0,0,F,294
12,11,202603,202602,SPO_13918,0,2NENI,D,4,"11,8","0,00787","0,09",0,0,"0,09",0,F,318
12,11,202603,202603,SPOX_0999,0,1NENI,R,1,"2,6","0,00787","0,02",0,0,"0,02",0,F,931
12,11,202603,202603,ULAX_1204,0,4NENL,N,6,3,"0,00605","0,02",0,0,"0,02",0,F,807
12,11,202603,202603,SPO_11144,0,MNENI,R,1,"0,5","0,00787",0,0,0,0,0,M,44
12,11,202603,202603,ULAX_1204,0,2IENI,R,17,"22,4","0,00787","0,15",0,0,"0,15",0,F,361
12,11,202603,202603,ULAX_1201,0,MNENI,D,3,"13,2","0,00787","0,1",0,0,"0,1",0,M,479
12,11,202603,202603,SPOX_0999,0,2NENI,R,12,"42,1","0,00787","0,32","0,01",0,"0,33",0,F,921
12,11,202603,202603,ULAX_1204,0,4IENL,R,5,"3,9","0,00423","0,01",0,0,"0,01",0,F,705
12,11,202603,202603,SPOX_6698,0,2NENI,N,1,"3,4","0,00787","0,03",0,0,"0,03",0,F,764
12,11,202603,202603,ULAX_0432,0,MNENI,R,13,"6,7","0,00787","0,05",0,0,"0,05",0,M,499
12,11,202603,202603,SPOX_0823,0,2NENI,S,4,"4,1","0,00787","0,03",0,0,"0,03",0,F,361
12,11,202603,202603,SPOX_0999,0,2NENI,N,10,"15,1","0,00787","0,1",0,0,"0,1",0,F,258
12,11,202603,202603,ULAX_4727,0,2NSNI,N,1,"0,7","0,00787","0,01",0,0,"0,01",0,F,355
12,11,202603,202603,ULAX_1204,0,2NENI,R,38,"66,8","0,00787","0,51","0,01",0,"0,52",0,F,219
12,11,202603,202603,SPOX_0999,0,4NENL,N,1967,"1571,7","0,00608","9,56","0,36",0,"9,92",0,F,294
12,11,202603,202603,ULAX_0432,0,2NENI,N,13,"6,5","0,00787","0,03",0,0,"0,03",0,F,192
12,11,202603,202602,ULAX_4726,0, NENV,N,4,"2,4","0,01499","0,03",0,0,"0,03",0,M,34
12,11,202603,202603,SPOX_0999,0,2NENI,D,33,24,"0,00787","0,17",0,0,"0,17",0,F,223
12,11,202603,202603,ULAX_1204,0,MNSNI,D,5,16,"0,00787","0,13",0,0,"0,13",0,M,34
12,11,202603,202603,SPO_13918,0,2NENI,D,7,"20,8","0,00787","0,16",0,0,"0,16",0,F,85
12,11,202603,202603,ULAX_1204,0,2NENI,D,19,"9,9","0,00787","0,06",0,0,"0,06",0,F,992
12,11,202603,202602,ULAX_0432,0,MNENI,N,1,"0,5","0,0078",0,0,0,0,0,M,60
12,11,202603,202603,SPOX_0999,0,2IENI,D,3,"1,6","0,00787",0,0,0,0,0,F,41
12,11,202603,202603,ULAX_1204,0,4NENL,N,5,"3,3","0,00605","0,02",0,0,"0,02",0,F,986
12,11,202603,202603,ULAX_1201,0,MNENI,N,3,"1,5","0,00787","0,01",0,0,"0,01",0,M,69
12,11,202603,202603,SPO_11182,0,1NENI,N,34,"50,7","0,00787","0,4","0,01",0,"0,41",0,F,431
12,11,202603,202603,ULAX_1204,0,2IENI,S,1,"0,5","0,00787",0,0,0,0,0,F,285
12,11,202603,202602,ULAX_4728,0, NENV,N,4,"7,9","0,01499","0,12",0,0,"0,12",0,M,34
12,11,202603,202603,SPOX_0999,0,2NENI,D,401,"1822,7","0,00787","14,35","0,54",0,"14,89",0,F,240
12,11,202603,202603,ULAX_1204,0,MNSNI,R,1,"0,6","0,00787",0,0,0,0,0,M,348
12,11,202603,202603,ULAX_1204,0,2NENI,N,6961,"4705,1","0,00787","37,03","1,4",0,"38,43",0,F,42
12,11,202603,202602,ULAX_0432,0, NENV,N,1,"0,6","0,0165","0,01",0,0,"0,01",0,M,6
12,11,202603,202603,SPOX_0999,0,2IENI,D,74,"87,9","0,00787","0,69","0,02",0,"0,71",0,F,281
12,11,202603,202603,ULAX_1204,0,4NENL,N,480,"431,2","0,00607","2,62","0,09",0,"2,71",0,F,943
12,11,202603,202603,ULAX_1201,0,MNENI,N,2,1,"0,00787",0,0,0,0,0,M,453
12,11,202603,202603,ULAX_1204,0,2IENI,S,1,"0,5","0,00787",0,0,0,0,0,F,431
12,11,202603,202603,SPOX_0999,0,2NENI,S,10,"19,4","0,00787","0,14",0,0,"0,14",0,F,192
12,11,202603,202601,ULAX_4113,0,2NENI,N,1,"1,7","0,0078","0,01",0,0,"0,01",0,F,674
12,11,202603,202603,ULAX_0432,0, NENV,N,6,"3,1","0,01499","0,05",0,0,"0,05",0,M,39
12,11,202603,202603,SPOX_6716,0,2NENI,N,642,"1789,4","0,00787","14,09","0,53",0,"14,62",0,F,363
12,11,202603,202603,SPOX_0835,0, NENV,R,17,"72,5","0,01049","0,77","0,02",0,"0,79",0,M,34
12,11,202603,202603,SPOX_0999,0,2NENI,N,155,"247,7","0,00787","1,95","0,07",0,"2,02",0,F,319
12,11,202603,202603,ULAX_4760,0,1NENI,D,34,"78,3","0,00787","0,62","0,02",0,"0,64",0,F,355
12,11,202603,202603,ULAX_0432,0,2NENI,N,7,"6,2","0,00787","0,03",0,0,"0,03",0,F,780
12,11,202603,202603,SPOX_0999,0,4NENL,N,297,"744,1","0,00608","4,54","0,17",0,"4,71",0,F,960
12,11,202603,202603,SPOX_0051,0,2NENI,D,152,"502,1","0,00787","3,97","0,14",0,"4,11",0,F,143
12,11,202603,202603,SPOX_0999,0,2NENI,D,13995,"53197,6","0,00787","418,67","15,85",0,"434,52",0,F,271
12,11,202603,202603,ULAX_2826,0,2NENI,D,10,"58,4","0,00787","0,45","0,01",0,"0,46",0,F,934
12,11,202603,202603,SPO_13918,0,2NENI,N,9,"56,4","0,00787","0,44","0,01",0,"0,45",0,F,85
12,11,202603,202603,ULAX_1204,0,2NENI,N,56,"57,5","0,00787","0,44","0,01",0,"0,45",0,F,91
12,11,202603,202603,SPO_11186,0,2NENI,S,4,"6,9","0,00787","0,05",0,0,"0,05",0,F,431
12,11,202603,202602,ULAX_1201,0,MNENI,D,1,"0,5","0,00787",0,0,0,0,0,M,29
12,11,202603,202603,SPOX_0999,0,2IENI,D,4,"13,2","0,00787","0,1",0,0,"0,1",0,F,364
12,11,202603,202603,ULAX_1204,0,4NENL,N,1,"0,5","0,00608",0,0,0,0,0,F,217
12,11,202603,202603,ULAX_1201,0,MNENI,S,1,"1,1","0,00787","0,01",0,0,"0,01",0,M,A34
12,11,202603,202603,ULAX_1204,0,2NENI,D,169,"108,9","0,00787","0,89","0,03",0,"0,92",0,F,65
12,11,202603,202603,SPOX_7137,0,2NENI,S,1,"0,5","0,00787",0,0,0,0,0,F,319
12,11,202603,202603,SPOX_0999,0,2NENI,S,2,2,"0,00787","0,01",0,0,"0,01",0,F,261
12,11,202603,202602,SPOX_0999,0,2NENI,D,1,"0,5","0,0078",0,0,0,0,0,F,241
12,11,202603,202603,ULAX_0432,0, NENV,N,9,"4,5","0,01499","0,07",0,0,"0,07",0,M,498
12,11,202603,202603,ULAX_1204,0,2NENI,R,1395,"5145,8","0,00787","40,5","1,53",0,"42,03",0,F,355
12,11,202603,202603,SPOX_0999,0,4NENL,N,317,"314,4","0,00631","1,98","0,07",0,"2,05",0,F,248
12,11,202603,202603,SPOX_0970,0,2NENI,R,204,"470,8","0,00787","3,69","0,14",0,"3,83",0,F,143
12,11,202603,202603,SPOX_0999,0,2NENI,N,575,"2244,7","0,00787","17,7","0,66",0,"18,36",0,F,661
12,11,202603,202603,ULAX_4760,0,2NENI,N,1,"2,4","0,00787","0,02",0,0,"0,02",0,F,807
12,11,202603,202603,ULAX_0432,0,2NENI,R,3,"1,5","0,00787",0,0,0,0,0,F,757
12,11,202603,202603,ULAX_1204,0,2NENI,N,1634,3826,"0,00787","30,1","1,13",0,"31,23",0,F,205
12,11,202603,202603,SPOX_0999,0,4IENL,N,2,1,"0,00607","0,01",0,0,"0,01",0,F,943
12,11,202603,202603,SPOX_0083,0,2NENI,N,2,"1,4","0,00787","0,01",0,0,"0,01",0,F,766
12,11,202603,202603,SPOX_0999,0,2NENI,D,899,"1304,4","0,00787","10,25","0,38",0,"10,63",0,F,317
12,11,202603,202603,ULAX_4030,0,2NENI,S,2,"18,5","0,00787","0,14",0,0,"0,14",0,F,661
12,11,202603,202603,SPO_14657,0,MNENI,N,11,"61,9","0,0076","0,45","0,01",0,"0,46",0,M,325
12,11,202603,202603,SPO_11232,0,2IENI,R,1,"0,7","0,00787","0,01",0,0,"0,01",0,F,317
12,11,202603,202603,ULAX_1204,0,2NENI,D,21,12,"0,00787","0,07",0,0,"0,07",0,F,92
12,11,202603,202602,ULAX_1204,0,1NENI,D,1,"0,5","0,00787",0,0,0,0,0,F,232
12,11,202603,202603,SPOX_0999,0,2IENI,D,1,"0,5","0,00787",0,0,0,0,0,F,967
12,11,202603,202603,ULAX_1204,0,4NENL,N,392,"1075,5","0,00608","6,52","0,24",0,"6,76",0,F,470
12,11,202603,202603,ULAX_1201,0, NENV,N,2589,"1653,7","0,01499","24,8","0,94",0,"25,74",0,M,A34
12,11,202603,202603,SPO_10092,0,2IENI,D,8,"19,4","0,00787","0,15",0,0,"0,15",0,F,357
12,11,202603,202603,SPOX_0999,0,2NENI,S,46,"114,4","0,00787","0,87","0,03",0,"0,9",0,F,351
12,11,202603,202603,ULAX_1204,0,1NENI,R,1,"2,1","0,00787","0,02",0,0,"0,02",0,F,357
12,11,202603,202602,SPOX_0999,0,2NENI,D,1,"0,5","0,00787",0,0,0,0,0,F,261
12,11,202603,202603,ULAX_0432,0, NENV,N,27,"15,3","0,01686","0,29",0,0,"0,29",0,M,A49
12,11,202603,202603,ULAX_1204,0,2NENI,R,27,"79,7","0,00787","0,63","0,02",0,"0,65",0,F,738
12,11,202603,202603,SPOX_0999,0,4NENL,R,2361,"8023,3","0,00423","33,93","1,28",0,"35,21",0,F,227
12,11,202603,202603,SPOX_0999,0,1NENI,D,77,"253,1","0,00787","1,97","0,07",0,"2,04",0,F,5
12,11,202603,202603,SPOX_0999,0,2NENI,N,1,"0,5","0,00787",0,0,0,0,0,F,808
12,11,202603,202603,ULAX_4763,0,1NSNI,N,29,56,"0,00787","0,45","0,01",0,"0,46",0,F,355
12,11,202603,202603,ULAX_0432,0,4NENL,N,5,"6,2","0,00605","0,03",0,0,"0,03",0,F,705
12,11,202603,202603,ULAX_1204,0,2NENI,N,3413,"5599,9","0,00787","44,07","1,66",0,"45,73",0,F,241
12,11,202603,202603,SPOX_0999,0,4IENL,R,11,"19,1","0,00423","0,08",0,0,"0,08",0,F,281
12,11,202603,202603,SPOX_0326,0,2NENI,N,2,47,"0,00787","0,37","0,01",0,"0,38",0,F,203
12,11,202603,202603,SPOX_0999,0,2NENI,D,428,"829,2","0,00787","6,5","0,24",0,"6,74",0,F,470
12,11,202603,202603,ULAX_4039,0,MNENI,D,13,"17,8","0,0076","0,12",0,0,"0,12",0,M,34
12,11,202603,202603,SPO_14667,0,2NENI,R,57,"177,9","0,00787","1,36","0,05",0,"1,41",0,F,143
12,11,202603,202603,SPO_11362,0,1NENI,R,4,"12,4","0,00787","0,1",0,0,"0,1",0,F,804
12,11,202603,202603,ULAX_1204,0,2NENI,D,1,"0,5","0,00787",0,0,0,0,0,F,217
12,11,202603,202602,ULAX_1204,0,2NENI,D,1,"9,3","0,0078","0,07",0,0,"0,07",0,F,357
12,11,202603,202603,SPOX_0999,0,2IENI,N,15,"24,1","0,00787","0,17",0,0,"0,17",0,F,285
12,11,202603,202603,ULAX_1204,0,4NENL,N,1091,"699,4","0,00608","4,27","0,16",0,"4,43",0,F,865
12,11,202603,202603,ULAX_1201,0, NENV,R,7,"4,7","0,0118","0,06",0,0,"0,06",0,M,50
12,11,202603,202603,SPO_10152,0,2NENI,D,6,"16,3","0,00787","0,12",0,0,"0,12",0,F,638
12,11,202603,202603,SPOX_0999,0,2NENI,S,19,33,"0,00787","0,25",0,0,"0,25",0,F,780
12,11,202603,202603,ULAX_1204,0,2IENI,D,13,"13,7","0,00787","0,1",0,0,"0,1",0,F,21
12,11,202603,202602,SPOX_0999,0,2NENI,N,1,"1,6","0,0078","0,01",0,0,"0,01",0,F,251
12,11,202603,202603,ULAX_0432,0, NENV,R,2,1,"0,0118","0,02",0,0,"0,02",0,M,463
12,11,202603,202603,ULAX_1204,0,2NENI,R,5,"2,5","0,00787","0,02",0,0,"0,02",0,F,967
12,11,202603,202603,SPOX_0999,0,4NENL,R,5,"3,8","0,00423","0,01",0,0,"0,01",0,F,544
12,11,202603,202603,SPOX_0999,0,1NENI,D,270,507,"0,00787","3,99","0,15",0,"4,14",0,F,251
12,11,202603,202603,SPOX_0999,0,2NENI,N,24,"43,1","0,00787","0,33","0,01",0,"0,34",0,F,961
12,11,202603,202603,ULAX_4763,0,2NSNI,N,260,"898,1","0,0076","6,84","0,25",0,"7,09",0,F,35
12,11,202603,202603,ULAX_0432,0,4NENL,N,5,"4,6","0,00608","0,02",0,0,"0,02",0,F,226
12,11,202603,202603,ULAX_1204,0,2NENI,N,1654,"1932,1","0,00787","15,19","0,57",0,"15,76",0,F,281
12,11,202603,202603,SPOX_0999,0,4NENL,N,18,"36,3","0,00605","0,2",0,0,"0,2",0,F,71
12,11,202603,202603,SPOX_0348,0,2NENI,N,1602,10340,"0,00787","81,37","3,08",0,"84,45",0,F,143
12,11,202603,202603,SPOX_0999,0,2NENI,D,2750,"6008,8","0,00787","47,29","1,79",0,"49,08",0,F,767
12,11,202603,202603,ULAX_4113,0,MNENI,N,1,"0,5","0,00787",0,0,0,0,0,M,77
12,11,202603,202603,SPO_14673,0,2NENI,N,14,"26,9","0,00787","0,2",0,0,"0,2",0,F,356
12,11,202603,202603,SPO_11364,0, NENV,R,1,"1,1","0,01049","0,01",0,0,"0,01",0,M,34
12,11,202603,202603,ULAX_1204,0,2NENI,D,4,"2,4","0,00787","0,01",0,0,"0,01",0,F,246
12,11,202603,202602,ULAX_1204,0,2NENI,D,1,"0,5","0,00787",0,0,0,0,0,F,318
12,11,202603,202603,SPOX_0999,0,2IENI,N,2,"2,8","0,00787","0,02",0,0,"0,02",0,F,705
12,11,202603,202603,ULAX_1204,0,4NENL,N,316,"262,6","0,00631","1,65","0,06",0,"1,71",0,F,248
12,11,202603,202603,ULAX_1204,0,1NENI,D,969,"1502,9","0,00787","11,8","0,44",0,"12,24",0,F,232
12,11,202603,202603,SPO_10156,0,2NENI,R,79,"194,7","0,00787","1,53","0,05",0,"1,58",0,F,143
12,11,202603,202603,SPOX_0999,0,4IENL,N,2,1,"0,00605",0,0,0,0,0,F,219
12,11,202603,202603,ULAX_1204,0,2IENI,D,16,"28,5","0,00787","0,23",0,0,"0,23",0,F,319
12,11,202603,202602,SPOX_0999,0,2NENI,N,1,"0,5","0,00787",0,0,0,0,0,F,294
12,11,202603,202603,ULAX_1008,0,2NENI,S,16,"17,8","0,00787","0,12",0,0,"0,12",0,F,661
12,11,202603,202603,ULAX_1204,0,2NENI,S,1,1,"0,00787","0,01",0,0,"0,01",0,F,207
12,11,202603,202603,SPOX_0999,0,4NENL,R,4,"11,7","0,00425","0,06",0,0,"0,06",0,F,61
12,11,202603,202603,SPOX_0999,0,1NENI,D,327,"1610,1","0,00787","12,66","0,47",0,"13,13",0,F,355
12,11,202603,202603,SPOX_0999,0,2NENI,N,44,"23,6","0,00787","0,15",0,0,"0,15",0,F,998
12,11,202603,202603,ULAX_5040,0,MNENI,S,16,"45,1","0,0076","0,35","0,01",0,"0,36",0,M,349
12,11,202603,202603,ULAX_0432,0,4NENL,N,57,"34,8","0,00631","0,21",0,0,"0,21",0,F,934
12,11,202603,202603,ULAX_1204,0,2NENI,N,145,"156,5","0,00787","1,25","0,04",0,"1,29",0,F,319
12,11,202603,202603,SPOX_0999,0,4NENL,N,31,"15,8","0,00605","0,09",0,0,"0,09",0,F,210
12,11,202603,202603,SPOX_0543,0,2NENI,R,1372,"2437,5","0,00787","19,18","0,72",0,"19,9",0,F,351
12,11,202603,202603,SPOX_0999,0,2NENI,D,38,"24,9","0,00787","0,19",0,0,"0,19",0,F,917
12,11,202603,202603,ULAX_4202,0,2NENI,N,557,"1982,5","0,00787","15,61","0,59",0,"16,2",0,F,674
12,11,202603,202603,SPO_14681,0,2NENI,D,9,"26,9","0,00787","0,21",0,0,"0,21",0,F,638
12,11,202603,202603,SPO_11366,0, NSNV,N,5,"44,3","0,01499","0,66","0,02",0,"0,68",0,M,34
12,11,202603,202603,ULAX_1204,0,2NENI,D,1228,"1084,7","0,00787","8,56","0,32",0,"8,88",0,F,283
12,11,202603,202602,ULAX_1204,0,2NENI,N,1,"0,5","0,0078",0,0,0,0,0,F,757
12,11,202603,202603,SPOX_0999,0,2IENI,R,2,"14,2","0,00787","0,11",0,0,"0,11",0,F,235
12,11,202603,202603,ULAX_1204,0,4NENL,R,46,"96,7","0,00423","0,41","0,01",0,"0,42",0,F,240
12,11,202603,202603,ULAX_1204,0,1NENI,D,344,1933,"0,00787","15,2","0,57",0,"15,77",0,F,355
12,11,202603,202603,SPO_10416,0, NENV,N,10,"10,4","0,01779","0,2",0,0,"0,2",0,M,325
12,11,202603,202603,ULAX_1204,0,2IENI,D,20,"85,4","0,00787","0,68","0,02",0,"0,7",0,F,842
12,11,202603,202602,SPOX_0999,0,4NENL,N,7,"66,7","0,00598","0,4","0,01",0,"0,41",0,F,232
12,11,202603,202603,ULAX_1201,0,1NENI,D,7,"16,1","0,00787","0,12",0,0,"0,12",0,F,977
12,11,202603,202603,ULAX_1204,0,2NENI,S,1,"0,7","0,00787","0,01",0,0,"0,01",0,F,279
12,11,202603,202603,SPOX_0999,0,4NENL,R,68,"48,9","0,00425","0,22",0,0,"0,22",0,F,267
12,11,202603,202603,SPOX_0999,0,1NENI,D,88,"281,2","0,00787","2,21","0,08",0,"2,29",0,F,977
12,11,202603,202603,SPOX_0999,0,2NENI,R,1,"1,3","0,00787","0,01",0,0,"0,01",0,F,91
12,11,202603,202603,ULAX_0432,0,MNENI,D,1,"0,5","0,00787",0,0,0,0,0,M,60
12,11,202603,202603,ULAX_4202,0,MNENI,D,40,"21,4","0,0076","0,14",0,0,"0,14",0,M,348
12,11,202603,202603,ULAX_1204,0,2NENI,N,583,"2252,1","0,00787","17,74","0,67",0,"18,41",0,F,661
12,11,202603,202603,SPOX_0999,0,4NENL,N,2029,1358,"0,00605","8,22","0,31",0,"8,53",0,F,284
12,11,202603,202603,SPOX_0545,0,2NENI,D,3,"12,3","0,00787","0,09",0,0,"0,09",0,F,621
12,11,202603,202603,SPOX_0999,0,2NENI,D,1,"0,5","0,00787",0,0,0,0,0,F,969
12,11,202603,202603,ULAX_0432,0,1NENI,D,33,"19,3","0,00787","0,16",0,0,"0,16",0,F,51
12,11,202603,202603,SPO_11400,0, NENV,N,16,"12,8","0,01779","0,24",0,0,"0,24",0,M,325
12,11,202603,202603,ULAX_1204,0,2NENI,D,13241,"52526,8","0,00787","413,4","15,65",0,"429,05",0,F,355
12,11,202603,202602,ULAX_1204,0,2NENI,R,3,"14,2","0,0078","0,11",0,0,"0,11",0,F,232
12,11,202603,202603,SPOX_0999,0,2IENI,R,1,"0,5","0,00787",0,0,0,0,0,F,364
12,11,202603,202603,ULAX_1204,0,1NENI,D,4,"5,8","0,00787","0,03",0,0,"0,03",0,F,951
12,11,202603,202603,SPO_10617,0,2NENI,R,175,"225,6","0,00787","1,74","0,06",0,"1,8",0,F,143
12,11,202603,202603,ULAX_1204,0,2IENI,N,8,"19,7","0,00787","0,13",0,0,"0,13",0,F,21
12,11,202603,202602,SPOX_0999,0,4NENL,N,1,"2,1","0,00605","0,01",0,0,"0,01",0,F,271
12,11,202603,202603,ULAX_1201,0,2NENI,D,24,"19,9","0,00787","0,15",0,0,"0,15",0,F,709
12,11,202603,202603,SPOX_0999,0,2NENI,R,7396,"36594,3","0,00787",288,"10,9",0,"298,9",0,F,221
12,11,202603,202603,ULAX_1204,0,2NENI,S,1,"0,5","0,00787",0,0,0,0,0,F,364
12,11,202603,202603,SPOX_0999,0,4NENL,R,63,"136,1","0,00425","0,56","0,02",0,"0,58",0,F,977
12,11,202603,202603,SPOX_0999,0,1NENI,N,1,"0,5","0,00787",0,0,0,0,0,F,224
12,11,202603,202603,ULAX_0432,0,MNENI,N,12,"10,2","0,0076","0,06",0,0,"0,06",0,M,348
12,11,202603,202603,SPOX_0999,0,2NENI,D,31,"16,3","0,00787","0,1",0,0,"0,1",0,F,992
12,11,202603,202603,ULAX_4721,0,MNENI,N,6539,"8828,1","0,0076","67,08","2,53",0,"69,61",0,M,34
12,11,202603,202603,ULAX_1204,0,2NENI,N,1,"0,9","0,00787","0,01",0,0,"0,01",0,F,803
12,11,202603,202603,SPOX_0999,0,4NENL,N,4227,"8970,8","0,00605","54,26","2,05",0,"56,31",0,F,767
12,11,202603,202603,SPOX_0551,0,2NENI,R,1476,"2706,9","0,00787","21,28","0,8",0,"22,08",0,F,351
12,11,202603,202603,ULAX_0432,0,1NENI,N,17,10,"0,00787","0,05",0,0,"0,05",0,F,767
12,11,202603,202603,SPOX_0999,0,2IENI,S,9,"14,1","0,00787","0,12",0,0,"0,12",0,F,232
12,11,202603,202603,ULAX_1204,0,4NENL,R,21,"25,6","0,00424","0,09",0,0,"0,09",0,F,242
12,11,202603,202603,SPO_11405,0,2NENI,N,1724,"5854,3","0,00787","46,09","1,74",0,"47,83",0,F,143
12,11,202603,202603,ULAX_1204,0,2NENI,D,5,"4,4","0,00787","0,03",0,0,"0,03",0,F,606
12,11,202603,202602,ULAX_1204,0,4NENL,N,2,7,"0,00598","0,04",0,0,"0,04",0,F,780
12,11,202603,202603,ULAX_1204,0,1NENI,N,17,"30,5","0,00787","0,21",0,0,"0,21",0,F,247
12,11,202603,202603,ULAX_1204,0,4NENL,N,390,"1437,6","0,00605","8,71","0,32",0,"9,03",0,F,202
12,11,202603,202603,SPO_10802,0,2NENI,R,46,"38,6","0,00787","0,28","0,01",0,"0,29",0,F,317
12,11,202603,202603,ULAX_1204,0,2IENI,N,42,"116,8","0,00787","0,91","0,03",0,"0,94",0,F,351
12,11,202603,202602,SPOX_0999,0,4NENL,R,3,"1,5","0,00418","0,01",0,0,"0,01",0,F,31
12,11,202603,202603,ULAX_1201,0,2NENI,N,250,"148,2","0,00787","1,17","0,04",0,"1,21",0,F,951
12,11,202603,202603,SPOX_0999,0,2NENI,R,18,20,"0,00787","0,15",0,0,"0,15",0,F,279
12,11,202603,202603,ULAX_1204,0,2NSNI,D,77,"268,7","0,0076","2,06","0,07",0,"2,13",0,F,35
12,11,202603,202603,SPOX_0999,0,MNENI,N,8,4,"0,00787","0,02",0,0,"0,02",0,M,A61
12,11,202603,202603,ULAX_0432,0,MNENI,N,10,"5,1","0,00787","0,01",0,0,"0,01",0,M,461
12,11,202603,202603,SPOX_0999,0,2NENI,N,341,"834,5","0,00787","6,59","0,24",0,"6,83",0,F,81
12,11,202603,202603,ULAX_4721,0, NENV,R,2,"7,3","0,01049","0,08",0,0,"0,08",0,M,76
12,11,202603,202603,ULAX_1204,0,2NENI,N,234,"376,1","0,00787","2,97","0,11",0,"3,08",0,F,951
12,11,202603,202603,SPOX_0999,0,4NENL,N,1015,"2831,7","0,00605","17,14","0,64",0,"17,78",0,F,983
12,11,202603,202603,ULAX_0432,0,2NENI,D,197,"242,9","0,00787","1,9","0,07",0,"1,97",0,F,121
12,11,202603,202603,SPOX_0999,0,2NENI,D,802,4652,"0,00787","36,6","1,38",0,"37,98",0,F,5
12,11,202603,202603,ULAX_1204,0,4NENL,R,67,"205,8","0,00425","0,89","0,03",0,"0,92",0,F,255
12,11,202603,202603,SPO_11464,0,2NENI,D,33,"121,3","0,00787","0,97","0,03",0,1,0,F,621
12,11,202603,202603,ULAX_1204,0,2NENI,D,5358,18406,"0,00787","144,86","5,48",0,"150,34",0,F,780
12,11,202603,202602,ULAX_1204,0,4NENL,N,4,"11,6","0,00608","0,07",0,0,"0,07",0,F,251
12,11,202603,202603,ULAX_1204,0,1NENI,N,8,"13,6","0,00787","0,1",0,0,"0,1",0,F,674
12,11,202603,202603,SPOX_0999,0,1NENI,N,1,"11,9","0,00787","0,09",0,0,"0,09",0,F,842
12,11,202603,202603,ULAX_1204,0,4NENL,N,1639,"1344,2","0,00605","8,16","0,3",0,"8,46",0,F,279
12,11,202603,202603,SPO_11142,0,2NENI,D,1,"16,6","0,00787","0,13",0,0,"0,13",0,F,241
12,11,202603,202603,ULAX_1204,0,2IENI,N,18,"22,4","0,00787","0,18",0,0,"0,18",0,F,931
12,11,202603,202602,SPO_10066,0,2NENI,N,5,"15,7","0,00787","0,12",0,0,"0,12",0,F,363
12,11,202603,202603,ULAX_1201,0,4NENL,N,25,"12,5","0,00608","0,06",0,0,"0,06",0,F,852
12,11,202603,202603,SPOX_0999,0,2NENI,R,2286,"7669,1","0,00787","60,34","2,28",0,"62,62",0,F,318
12,11,202603,202603,ULAX_1204,0,4IENL,N,29,"15,6","0,00605","0,1",0,0,"0,1",0,F,780
12,11,202603,202603,SPOX_0999,0, NENV,R,8,"4,3","0,0118","0,07",0,0,"0,07",0,M,50
12,11,202603,202603,ULAX_0432,0,MNENI,N,1080,"665,5","0,00787","5,22","0,19",0,"5,41",0,M,A61
12,11,202603,202603,SPOX_0811,0, NENV,R,28,"126,5","0,01049","1,35","0,05",0,"1,4",0,M,34
12,11,202603,202603,SPOX_0999,0,2NENI,N,1651,"4147,3","0,00787","32,66","1,23",0,"33,89",0,F,205
12,11,202603,202603,ULAX_4726,0,2NENI,D,1,"0,6","0,00787",0,0,0,0,0,F,767
12,11,202603,202603,ULAX_1204,0,2NENI,N,17,"8,5","0,00787","0,04",0,0,"0,04",0,F,998
12,11,202603,202603,SPOX_0999,0,4NENL,N,88,"168,8","0,00608","1,03","0,03",0,"1,06",0,F,61
12,11,202603,202603,ULAX_0432,0,2NENI,D,18,"9,7","0,00787","0,08",0,0,"0,08",0,F,709
12,11,202603,202602,ULAX_1204,0,MNENI,N,1,"0,5","0,0076",0,0,0,0,0,M,34
12,11,202603,202603,SPOX_0999,0,2NENI,D,30,"15,9","0,00787","0,1",0,0,"0,1",0,F,82
12,11,202603,202603,ULAX_1204,0,4NENL,R,28,"64,6","0,00425","0,27","0,01",0,"0,28",0,F,948
12,11,202603,202603,SPO_11923,0,2NENI,D,33,"58,1","0,00787","0,44","0,01",0,"0,45",0,F,317
12,11,202603,202603,ULAX_1204,0,2NENI,D,433,"592,8","0,00787","4,68","0,17",0,"4,85",0,F,925
12,11,202603,202603,ULAX_1204,0,1NENI,R,3,"11,8","0,00787","0,09",0,0,"0,09",0,F,85
12,11,202603,202602,SPO_11366,0,2NENI,D,31,"100,8","0,00787","0,79","0,03",0,"0,82",0,F,361
12,11,202603,202603,SPOX_0999,0,1NENI,R,2,"1,1","0,00787",0,0,0,0,0,F,241
12,11,202603,202603,ULAX_1204,0,4NENL,N,556,"557,8","0,00605","3,38","0,12",0,"3,5",0,F,544
12,11,202603,202603,SPO_11144,0,2NENI,R,1,"0,5","0,00787",0,0,0,0,0,F,708
12,11,202603,202603,ULAX_1204,0,2IENI,R,1,"0,5","0,00787",0,0,0,0,0,F,316
12,11,202603,202603,ULAX_1201,0,MNENI,D,215,"125,9","0,00787",1,"0,03",0,"1,03",0,M,50
12,11,202603,202603,SPOX_0999,0,2NENI,R,157,"393,1","0,00787","3,09","0,11",0,"3,2",0,F,674
12,11,202603,202603,ULAX_1204,0,4IENL,N,55,"196,2","0,00631","1,23","0,04",0,"1,27",0,F,235
12,11,202603,202603,SPOX_6694,0,4NENL,N,5,"2,8","0,0061","0,01",0,0,"0,01",0,F,766
12,11,202603,202603,ULAX_0432,0,MNENI,R,108,"57,2","0,00787","0,45","0,01",0,"0,46",0,M,490
12,11,202603,202603,SPOX_0823,0,2IENI,D,3,"3,9","0,00787","0,03",0,0,"0,03",0,F,361
12,11,202603,202603,SPOX_0999,0,2NENI,N,3450,"5552,6","0,00787","43,7","1,65",0,"45,35",0,F,241
12,11,202603,202603,ULAX_4726,0,MNENI,D,1,"0,5","0,00787",0,0,0,0,0,M,B99
12,11,202603,202603,ULAX_1204,0,2NENI,R,27,"123,9","0,00787","0,96","0,03",0,"0,99",0,F,192
12,11,202603,202603,SPOX_0999,0,4NENL,N,41772,"104423,6","0,00608","634,87","24,06",0,"658,93",0,F,251
12,11,202603,202603,ULAX_0432,0,2NENI,D,70,"45,6","0,00787","0,35","0,01",0,"0,36",0,F,971
12,11,202603,202602,ULAX_4721,0,MNENI,N,1,"0,5","0,00752",0,0,0,0,0,M,34
12,11,202603,202603,SPOX_0999,0,2NENI,D,15,"85,5","0,00787","0,67","0,02",0,"0,69",0,F,206
12,11,202603,202603,ULAX_1204,0,MNENI,N,265,"138,9","0,00787","1,09","0,04",0,"1,13",0,M,50
12,11,202603,202603,SPO_12222,0,1NENI,R,1,"2,8","0,00787","0,02",0,0,"0,02",0,F,361
12,11,202603,202603,ULAX_1204,0,2NENI,D,2553,"4668,7","0,00787","36,75","1,39",0,"38,14",0,F,977
12,11,202603,202602,ULAX_0432,0,4NENL,N,1,"0,5","0,00598",0,0,0,0,0,F,767
12,11,202603,202603,SPOX_0999,0,1NENI,S,1,"1,9","0,00787","0,01",0,0,"0,01",0,F,361
12,11,202603,202603,ULAX_1204,0,4NENL,N,121,213,"0,00605","1,3","0,04",0,"1,34",0,F,927
12,11,202603,202603,SPO_11152,0,MNENI,N,3,"1,5","0,0076",0,0,0,0,0,M,34
12,11,202603,202603,ULAX_1204,0,2IENI,R,3,"1,5","0,00787",0,0,0,0,0,F,767
12,11,202603,202603,SPOX_0999,0,2NENI,R,42,"66,5","0,00787","0,52","0,01",0,"0,53",0,F,951
12,11,202603,202603,ULAX_1204,0,4IENL,R,1,"0,5","0,00441",0,0,0,0,0,F,235
12,11,202603,202603,SPOX_6698,0,MNENI,N,17,"31,7","0,0076","0,24",0,0,"0,24",0,M,34
12,11,202603,202603,ULAX_0432,0,MNENI,S,4,2,"0,00787","0,02",0,0,"0,02",0,M,492
12,11,202603,202603,SPOX_0823,0, NSNV,N,1,"10,5","0,01499","0,16",0,0,"0,16",0,M,34
12,11,202603,202603,SPOX_0999,0,2NENI,N,1789,"2139,3","0,00787","16,85","0,63",0,"17,48",0,F,281
12,11,202603,202603,ULAX_4728,0,MNENI,N,7,"4,9","0,00787","0,04",0,0,"0,04",0,M,30
12,11,202603,202603,ULAX_1204,0,2NENI,R,337,"673,3","0,00787","5,28","0,2",0,"5,48",0,F,241
12,11,202603,202603,SPOX_0999,0,4NENL,N,68,"53,9","0,00608","0,33","0,01",0,"0,34",0,F,709
12,11,202603,202603,ULAX_0432,0,2NENI,N,4,"4,9","0,00787","0,03",0,0,"0,03",0,F,267
12,11,202603,202603,ULAX_0432,0,MNENI,S,49,"25,2","0,00787","0,2",0,0,"0,2",0,M,494
12,11,202603,202603,ULAX_1204,0,4NENL,N,969,"2848,3","0,00605","17,24","0,65",0,"17,89",0,F,81
12,11,202603,202603,SPOX_6716,0,1NENI,R,53,"74,6","0,00787","0,57","0,02",0,"0,59",0,F,363
12,11,202603,202603,SPOX_0835,0,2NENI,S,12,"15,4","0,00787","0,1",0,0,"0,1",0,F,361
12,11,202603,202603,SPOX_0999,0,2NENI,N,5482,"19881,3","0,00787","156,49","5,92",0,"162,41",0,F,292
12,11,202603,202603,ULAX_4728,0,MNENI,S,6,"7,3","0,00787","0,04",0,0,"0,04",0,M,430
12,11,202603,202603,ULAX_1204,0,2NENI,R,191,"362,8","0,00787","2,85","0,1",0,"2,95",0,F,265
12,11,202603,202603,SPOX_0999,0,4NENL,N,8,"8,5","0,00608","0,04",0,0,"0,04",0,F,804
12,11,202603,202603,SPOX_0046,0,2NENI,N,6,"10,9","0,00787","0,07",0,0,"0,07",0,F,11
12,11,202603,202603,SPOX_0999,0,2NENI,D,223,"243,9","0,00787","1,9","0,07",0,"1,97",0,F,248
12,11,202603,202603,ULAX_1204,0, NENV,N,33,"16,5","0,01686","0,3","0,01",0,"0,31",0,M,A61
12,11,202603,202603,ULAX_1204,0,2NENI,N,222,"221,4","0,00787","1,76","0,06",0,"1,82",0,F,67
12,11,202603,202603,SPO_11184,0,2NENI,D,528,"1167,7","0,00787","9,21","0,34",0,"9,55",0,F,431
12,11,202603,202602,ULAX_1201,0,2NENI,D,1,"0,5","0,00787",0,0,0,0,0,F,977
12,11,202603,202603,SPOX_0999,0,2IENI,D,24,"30,5","0,00787","0,24",0,0,"0,24",0,F,318
12,11,202603,202603,ULAX_1204,0,4NENL,N,300,"188,6","0,00608","1,17","0,04",0,"1,21",0,F,65
12,11,202603,202603,ULAX_1201,0,MNENI,R,6,"4,8","0,00787","0,03",0,0,"0,03",0,M,18
12,11,202603,202603,ULAX_1204,0,2NENI,D,4499,"14050,2","0,00787","110,55","4,18",0,"114,73",0,F,27
12,11,202603,202603,SPOX_0999,0,2NENI,S,239,"524,8","0,00787","4,1","0,15",0,"4,25",0,F,227
12,11,202603,202602,SPOX_0551,0,2NENI,D,1,"0,5","0,00787",0,0,0,0,0,F,351
12,11,202603,202603,ULAX_0432,0, NENV,N,5,"7,1","0,01499","0,1",0,0,"0,1",0,M,479
12,11,202603,202603,ULAX_1204,0,2NENI,R,4,"3,3","0,00787","0,02",0,0,"0,02",0,F,293
12,11,202603,202603,SPOX_0970,0,2NENI,D,17,134,"0,00787","1,05","0,03",0,"1,08",0,F,212
12,11,202603,202603,SPOX_0999,0,2NENI,N,1300,"889,2","0,00787","6,99","0,26",0,"7,25",0,F,363
12,11,202603,202603,ULAX_4760,0,2NENI,D,41,"25,6","0,00787","0,18",0,0,"0,18",0,F,31
12,11,202603,202603,ULAX_0432,0,2NENI,N,47,"25,4","0,00787","0,2",0,0,"0,2",0,F,960
12,11,202603,202603,ULAX_1204,0,2NENI,N,8,4,"0,00787","0,01",0,0,"0,01",0,F,94
12,11,202603,202603,SPOX_0083,0,2NENI,D,3,"34,1","0,00787","0,27","0,01",0,"0,28",0,F,203
12,11,202603,202603,SPOX_0999,0,2NENI,D,919,"620,9","0,00787","4,9","0,18",0,"5,08",0,F,286
12,11,202603,202603,ULAX_2826,0,4NENL,N,16,"95,5","0,00631","0,6","0,02",0,"0,62",0,F,934
12,11,202603,202603,SPO_13918,0,MNENI,D,8,"6,6","0,0076","0,03",0,0,"0,03",0,M,34
12,11,202603,202603,SPO_11230,0,2NENI,S,4,"6,9","0,00787","0,05",0,0,"0,05",0,F,317
12,11,202603,202602,ULAX_1201,0, NENV,N,1,"0,5","0,01499","0,01",0,0,"0,01",0,M,A34
12,11,202603,202603,SPOX_0999,0,2IENI,D,27,"48,8","0,00787","0,39","0,01",0,"0,4",0,F,780
12,11,202603,202603,ULAX_1204,0,4NENL,N,2297,"3243,2","0,00608","19,71","0,74",0,"20,45",0,F,255
12,11,202603,202603,ULAX_1201,0, NENV,N,2,1,"0,01499","0,02",0,0,"0,02",0,M,34
12,11,202603,202603,SPOX_9684,0,2NSNI,R,3,"1,5","0,00787",0,0,0,0,0,F,363
12,11,202603,202603,SPOX_0999,0,2NENI,S,11,"18,5","0,00787","0,16",0,0,"0,16",0,F,291
12,11,202603,202602,SPOX_0999,0,2NENI,D,2,7,"0,0078","0,06",0,0,"0,06",0,F,361
12,11,202603,202603,ULAX_0432,0, NENV,N,3,"2,7","0,01686","0,05",0,0,"0,05",0,M,63
12,11,202603,202603,ULAX_1204,0,2NENI,R,171,"399,6","0,00787","3,13","0,11",0,"3,24",0,F,431
12,11,202603,202603,SPOX_0999,0,4NENL,R,1,"0,5","0,00423",0,0,0,0,0,F,83
12,11,202603,202603,SPOX_0970,0,4NENL,N,7,"11,4","0,0061","0,07",0,0,"0,07",0,F,766
12,11,202603,202603,SPOX_0999,0,2NENI,N,6,"3,1","0,00787","0,01",0,0,"0,01",0,F,707
12,11,202603,202603,ULAX_4760,0,4NENL,N,3,"4,7","0,00605","0,02",0,0,"0,02",0,F,807
12,11,202603,202603,ULAX_0432,0,2NENI,S,1,"0,5","0,00787",0,0,0,0,0,F,951
12,11,202603,202603,ULAX_1204,0,2NENI,N,137,"340,5","0,00787","2,66","0,1",0,"2,76",0,F,219
12,11,202603,202603,SPOX_0999,0,4IENL,N,7,"14,2","0,00608","0,09",0,0,"0,09",0,F,951
12,11,202603,202603,SPOX_0083,0,4NENL,N,50,"126,3","0,0061","0,78","0,02",0,"0,8",0,F,638
12,11,202603,202603,SPOX_0999,0,2NENI,D,516,"740,9","0,00787","5,83","0,22",0,"6,05",0,F,359
12,11,202603,202603,ULAX_4036,0,MNENI,D,19,"12,1","0,0076","0,07",0,0,"0,07",0,M,34
12,11,202603,202603,SPO_14667,0,2NENI,D,1,"0,5","0,00787",0,0,0,0,0,F,11
12,11,202603,202603,SPO_11360,0,MNENI,D,12,"21,7","0,0076","0,15",0,0,"0,15",0,M,34
12,11,202603,202603,ULAX_1204,0,2NENI,D,234,"906,3","0,00787","7,13","0,27",0,"7,4",0,F,202
12,11,202603,202602,ULAX_1204,0,2NENI,D,1,"0,5","0,0078",0,0,0,0,0,F,227
12,11,202603,202603,SPOX_0999,0,2IENI,N,32,156,"0,00787","1,21","0,04",0,"1,25",0,F,31
12,11,202603,202603,ULAX_1204,0,4NENL,N,16231,"18284,5","0,00608","111,16","4,21",0,"115,37",0,F,757
12,11,202603,202603,ULAX_1201,0, NENV,N,4,"2,8","0,01686","0,05",0,0,"0,05",0,M,441
12,11,202603,202603,SPO_10092,0,2NENI,N,355,"916,6","0,00787","7,24","0,27",0,"7,51",0,F,357
12,11,202603,202603,SPOX_0999,0,2NENI,S,5,"3,4","0,00787","0,02",0,0,"0,02",0,F,431
12,11,202603,202603,ULAX_1204,0,1NENI,S,4,"5,1","0,00787","0,04",0,0,"0,04",0,F,232
12,11,202603,202602,SPOX_0999,0,2NENI,D,1,"0,5","0,00787",0,0,0,0,0,F,359
12,11,202603,202603,ULAX_0432,0, NENV,R,52,"26,7","0,01049","0,28","0,01",0,"0,29",0,M,494
12,11,202603,202603,ULAX_1204,0,2NENI,R,35,"154,5","0,00787","1,22","0,04",0,"1,26",0,F,925
12,11,202603,202603,SPOX_0999,0,4NENL,R,47,"39,7","0,00423","0,17",0,0,"0,17",0,F,283
12,11,202603,202603,SPOX_0999,0,1NENI,D,37,"172,7","0,00787","1,36","0,05",0,"1,41",0,F,85
12,11,202603,202603,SPOX_0999,0,2NENI,N,259,"330,8","0,00787","2,62","0,09",0,"2,71",0,F,925
12,11,202603,202603,ULAX_4763,0,2NENI,D,4,"20,4","0,00787","0,16",0,0,"0,16",0,F,232
12,11,202603,202603,ULAX_0432,0,4NENL,N,585,"536,4","0,00608","3,25","0,12",0,"3,37",0,F,51
12,11,202603,202603,ULAX_1204,0,2NENI,N,11585,"28214,1","0,00787","222,07","8,4",0,"230,47",0,F,251
12,11,202603,202603,SPOX_0999,0,4IENL,R,2,2,"0,00425","0,01",0,0,"0,01",0,F,47
12,11,202603,202603,SPOX_0347,0,2NENI,D,3418,"23404,9","0,00787","184,2","6,97",0,"191,17",0,F,143
12,11,202603,202603,SPOX_0999,0,2NENI,D,33,"37,9","0,00787","0,29","0,01",0,"0,3",0,F,695
12,11,202603,202603,ULAX_4113,0,2NENI,D,1,"0,7","0,00787","0,01",0,0,"0,01",0,F,960
12,11,202603,202603,SPO_14667,0,MNENI,D,1,"0,5","0,0076",0,0,0,0,0,M,325
12,11,202603,202603,SPO_11362,0,2NENI,S,2,"1,4","0,00787","0,01",0,0,"0,01",0,F,361
12,11,202603,202603,ULAX_1204,0,2NENI,D,1,"0,5","0,00787",0,0,0,0,0,F,229
12,11,202603,202602,ULAX_1204,0,2NENI,D,5,"24,1","0,00787","0,19",0,0,"0,19",0,F,221
12,11,202603,202603,SPOX_0999,0,2IENI,N,4,"3,2","0,00787","0,02",0,0,"0,02",0,F,356
12,11,202603,202603,ULAX_1204,0,4NENL,N,4,"2,4","0,00608",0,0,0,0,0,F,963
12,11,202603,202603,ULAX_1204,0,1NENI,D,1,"0,6","0,00787",0,0,0,0,0,F,42
12,11,202603,202603,SPO_10152,0,4NENL,N,7,"22,2","0,0061","0,14",0,0,"0,14",0,F,638
12,11,202603,202603,SPOX_0999,0,2NSNI,D,137,"573,6","0,00787","4,51","0,17",0,"4,68",0,F,363
12,11,202603,202603,ULAX_1204,0,2IENI,D,454,1725,"0,00787","13,59","0,51",0,"14,1",0,F,232
12,11,202603,202602,SPOX_0999,0,2NENI,N,5,"17,5","0,00787","0,13",0,0,"0,13",0,F,221
12,11,202603,202603,ULAX_0953,0,2NENI,S,3,"5,5","0,00787","0,04",0,0,"0,04",0,F,674
12,11,202603,202603,ULAX_1204,0,2NENI,S,1,"6,9","0,00787","0,05",0,0,"0,05",0,F,5
12,11,202603,202603,SPOX_0999,0,4NENL,R,5,"3,2","0,00423","0,01",0,0,"0,01",0,F,931
12,11,202603,202603,SPOX_0999,0,1NENI,D,1,"0,5","0,00787",0,0,0,0,0,F,283
12,11,202603,202603,SPOX_0999,0,2NENI,N,3,"1,5","0,00787",0,0,0,0,0,F,979
12,11,202603,202603,ULAX_4763,0,4NENL,N,7,31,"0,00605","0,19",0,0,"0,19",0,F,232
12,11,202603,202603,ULAX_0432,0,4NENL,N,1,"1,7","0,00608","0,01",0,0,"0,01",0,F,764
12,11,202603,202603,ULAX_1204,0,2NENI,N,5369,"19096,4","0,00787","150,28","5,69",0,"155,97",0,F,292
12,11,202603,202603,SPOX_0999,0,4NENL,N,11,"5,5","0,00605","0,01",0,0,"0,01",0,F,86
12,11,202603,202603,SPOX_0543,0,2NENI,D,1,"0,9","0,00787","0,01",0,0,"0,01",0,F,202
12,11,202603,202603,SPOX_0999,0,2NENI,D,9,"5,2","0,00787","0,03",0,0,"0,03",0,F,806
12,11,202603,202603,ULAX_4113,0, NENV,R,7,"4,2","0,0118","0,07",0,0,"0,07",0,M,348
12,11,202603,202603,SPO_14679,0,2NSNI,N,5,"22,3","0,00787","0,17",0,0,"0,17",0,F,317
12,11,202603,202603,SPO_11366,0,2NENI,D,7,"22,3","0,00787","0,18",0,0,"0,18",0,F,251
12,11,202603,202603,ULAX_1204,0,2NENI,D,6,"3,8","0,00787","0,02",0,0,"0,02",0,F,258
12,11,202603,202602,ULAX_1204,0,2NENI,D,1,"1,5","0,00787","0,01",0,0,"0,01",0,F,948
12,11,202603,202603,SPOX_0999,0,2IENI,N,1,"4,2","0,00787","0,03",0,0,"0,03",0,F,951
12,11,202603,202603,ULAX_1204,0,4NENL,R,8,"15,1","0,00423","0,07",0,0,"0,07",0,F,81
12,11,202603,202603,ULAX_1204,0,1NENI,D,2,"6,9","0,00787","0,06",0,0,"0,06",0,F,265
12,11,202603,202603,SPO_10402,0,MNENI,R,2,"1,5","0,0076","0,01",0,0,"0,01",0,M,325
12,11,202603,202603,SPOX_0999,0,4IENL,N,10,"9,4","0,00605","0,03",0,0,"0,03",0,F,767
12,11,202603,202603,ULAX_1204,0,2IENI,D,133,"266,9","0,00787","2,08","0,07",0,"2,15",0,F,363
12,11,202603,202602,SPOX_0999,0,2NENI,N,1,"0,5","0,00787",0,0,0,0,0,F,674
12,11,202603,202603,ULAX_1055,0,2NENI,D,1881,"5049,3","0,00787","39,72","1,5",0,"41,22",0,F,355
12,11,202603,202603,ULAX_1204,0,2NENI,S,24,"312,3","0,00787","2,44","0,09",0,"2,53",0,F,241
12,11,202603,202603,SPOX_0999,0,4NENL,R,7,"11,1","0,00425","0,04",0,0,"0,04",0,F,207
12,11,202603,202603,SPOX_0999,0,1NENI,D,1,"0,5","0,00787",0,0,0,0,0,F,706
12,11,202603,202603,SPOX_0999,0,2NENI,R,3,"7,3","0,00787","0,06",0,0,"0,06",0,F,47
12,11,202603,202603,ULAX_0432,0,4NENL,R,4,"2,1","0,00425",0,0,0,0,0,F,757
12,11,202603,202603,ULAX_1204,0,2NENI,N,1345,"879,5","0,00787","6,91","0,26",0,"7,17",0,F,363
12,11,202603,202603,SPOX_0999,0,4NENL,N,703,"2871,9","0,00605","17,37","0,65",0,"18,02",0,F,240
12,11,202603,202603,SPOX_0543,0,4NENL,R,1,"1,9","0,00423","0,01",0,0,"0,01",0,F,202
12,11,202603,202603,SPOX_0999,0,2NENI,D,398,"354,4","0,00787","2,79","0,1",0,"2,89",0,F,943
12,11,202603,202603,ULAX_4202,0,2NSNI,D,32,"105,8","0,00787","0,81","0,03",0,"0,84",0,F,674
12,11,202603,202603,SPO_14681,0,4NENL,N,1,"0,5","0,0061",0,0,0,0,0,F,11
12,11,202603,202603,SPO_11370,0,1NENI,N,44,"57,6","0,00787","0,45","0,01",0,"0,46",0,F,361
12,11,202603,202603,ULAX_1204,0,2NENI,D,1302,"1077,8","0,00787","8,48","0,32",0,"8,8",0,F,294
12,11,202603,202602,ULAX_1204,0,2NENI,N,1,"0,5","0,00787",0,0,0,0,0,F,271
12,11,202603,202603,SPOX_0999,0,2IENI,R,4,"6,1","0,00787","0,05",0,0,"0,05",0,F,318
12,11,202603,202603,ULAX_1204,0,4NENL,R,180,"627,1","0,00423","2,64","0,1",0,"2,74",0,F,285
12,11,202603,202603,ULAX_1204,0,1NENI,D,162,"186,8","0,00787","1,47","0,05",0,"1,52",0,F,705
12,11,202603,202603,SPO_10448,0,2IENI,R,3,3,"0,00787","0,02",0,0,"0,02",0,F,364
12,11,202603,202603,ULAX_1204,0,2IENI,D,3,"1,5","0,00787","0,01",0,0,"0,01",0,F,960
12,11,202603,202602,SPOX_0999,0,4NENL,N,1,"1,8","0,00602","0,01",0,0,"0,01",0,F,247
12,11,202603,202603,ULAX_1201,0,1NENI,R,2,"1,6","0,00787","0,01",0,0,"0,01",0,F,951
12,11,202603,202603,SPOX_0999,0,2NENI,R,36,"84,2","0,00787","0,68","0,02",0,"0,7",0,F,202
12,11,202603,202603,ULAX_1204,0,2NENI,S,4,"53,2","0,00787","0,42","0,01",0,"0,43",0,F,316
12,11,202603,202603,SPOX_0999,0,4NENL,R,577,"955,7","0,00425","4,04","0,15",0,"4,19",0,F,757
12,11,202603,202603,SPOX_0999,0,1NENI,N,1,"0,5","0,00787",0,0,0,0,0,F,42
12,11,202603,202603,ULAX_0432,0,MNENI,D,102,"54,6","0,00787","0,46","0,01",0,"0,47",0,M,430
12,11,202603,202603,ULAX_4616,0,2NENI,D,135,"143,8","0,00787","1,15","0,04",0,"1,19",0,F,355
12,11,202603,202603,ULAX_1204,0,2NENI,N,7,"7,2","0,00787","0,06",0,0,"0,06",0,F,707
12,11,202603,202603,SPOX_0999,0,4NENL,N,4527,"8390,7","0,00605","50,77","1,92",0,"52,69",0,F,298
12,11,202603,202603,SPOX_0551,0,2NENI,D,1,"1,4","0,00787","0,01",0,0,"0,01",0,F,8
12,11,202603,202603,ULAX_0432,0,1NENI,D,126,"95,3","0,00787","0,75","0,02",0,"0,77",0,F,931
12,11,202603,202603,ULAX_1204,0,4NENL,R,33,"147,9","0,00423","0,63","0,02",0,"0,65",0,F,925
12,11,202603,202603,SPO_11402,0,2NENI,N,247,"481,2","0,00787","3,79","0,14",0,"3,93",0,F,143
12,11,202603,202603,ULAX_1204,0,2NENI,D,4,2,"0,00787","0,02",0,0,"0,02",0,F,428
12,11,202603,202602,ULAX_1204,0,4NENL,N,3,5,"0,00598","0,03",0,0,"0,03",0,F,31
12,11,202603,202603,SPOX_0999,0,2IENI,R,1,"0,5","0,00787",0,0,0,0,0,F,921
12,11,202603,202603,ULAX_1204,0,1NENI,N,20,"20,2","0,00787","0,15",0,0,"0,15",0,F,51
12,11,202603,202603,SPO_10705,0,2NENI,D,4140,"15930,9","0,00787","125,39","4,74",0,"130,13",0,F,363
12,11,202603,202603,ULAX_1204,0,2IENI,N,9,"25,1","0,00787","0,19",0,0,"0,19",0,F,235
12,11,202603,202602,SPOX_0999,0,4NENL,N,3,"4,7","0,00608","0,03",0,0,"0,03",0,F,247
12,11,202603,202603,ULAX_1201,0,2NENI,N,6,3,"0,00787","0,01",0,0,"0,01",0,F,51
12,11,202603,202603,SPOX_0999,0,2NENI,R,26,"31,9","0,00787","0,25",0,0,"0,25",0,F,242
12,11,202603,202603,ULAX_1204,0,2NENI,S,19,"30,9","0,00787","0,24",0,0,"0,24",0,F,757
12,11,202603,202603,SPOX_0999,0,MNENI,D,8,4,"0,00787","0,01",0,0,"0,01",0,M,60
12,11,202603,202603,SPOX_0999,0,1NENI,N,1,"0,5","0,00787",0,0,0,0,0,F,282
12,11,202603,202603,ULAX_0432,0,MNENI,N,160,"97,4","0,00787","0,76","0,02",0,"0,78",0,M,69
12,11,202603,202603,SPOX_0999,0,2NENI,N,6995,"4937,8","0,00787","38,85","1,47",0,"40,32",0,F,42
12,11,202603,202603,ULAX_4721,0,MNENI,R,59,"224,6","0,00787","1,77","0,06",0,"1,83",0,M,430
12,11,202603,202603,ULAX_1204,0,2NENI,N,12,6,"0,00787","0,02",0,0,"0,02",0,F,917
12,11,202603,202603,SPOX_0999,0,4NENL,N,2,1,"0,00605",0,0,0,0,0,F,915
12,11,202603,202603,SPOX_0551,0,4NENL,R,3,"3,7","0,00423","0,02",0,0,"0,02",0,F,21
12,11,202603,202603,ULAX_0432,0,1NENI,R,1,"1,6","0,00787","0,01",0,0,"0,01",0,F,931
12,11,202603,202603,SPOX_0999,0,2IENI,S,1,"15,9","0,00787","0,13",0,0,"0,13",0,F,351
12,11,202603,202603,ULAX_1204,0,4NENL,R,3,"2,1","0,00425",0,0,0,0,0,F,182
12,11,202603,202603,SPO_11460,0,MNENI,D,3,"1,5","0,0076",0,0,0,0,0,M,34
12,11,202603,202603,ULAX_1204,0,2NENI,D,2,1,"0,00787",0,0,0,0,0,F,704
12,11,202603,202602,ULAX_1204,0,4NENL,N,3,"21,9","0,00605","0,13",0,0,"0,13",0,F,31
12,11,202603,202603,ULAX_1204,0,1NENI,N,1,"0,5","0,00787",0,0,0,0,0,F,292
12,11,202603,202603,SPOX_0999,0,1NENI,N,15,"32,8","0,00787","0,25",0,0,"0,25",0,F,363
12,11,202603,202603,ULAX_1204,0,4NENL,N,48677,"207615,5","0,00605","1256,06","47,58",0,"1303,64",0,F,227
12,11,202603,202603,SPO_10809,0,MNENI,D,9,"4,5","0,0076","0,02",0,0,"0,02",0,M,325
12,11,202603,202603,ULAX_1204,0,2IENI,N,39,"83,6","0,00787","0,66","0,02",0,"0,68",0,F,431
12,11,202603,202602,SPOX_0999,0, NENV,N,1,"0,6","0,0165","0,01",0,0,"0,01",0,M,6
12,11,202603,202603,ULAX_1201,0,4NENL,N,7,"5,1","0,00605","0,01",0,0,"0,01",0,F,31
12,11,202603,202603,SPOX_0999,0,2NENI,R,93,"313,2","0,00787","2,46","0,09",0,"2,55",0,F,291
12,11,202603,202603,ULAX_1204,0,4IENL,N,36,"173,4","0,00605","1,03","0,03",0,"1,06",0,F,205
12,11,202603,202603,SPOX_0999,0, NENV,N,91,"59,8","0,01499","0,85","0,03",0,"0,88",0,M,34
12,11,202603,202603,ULAX_0432,0,MNENI,N,1330,"683,4","0,00787","5,38","0,2",0,"5,58",0,M,493
12,11,202603,202603,SPOX_0811,0,2NENI,S,23,"34,6","0,00787","0,26","0,01",0,"0,27",0,F,361
12,11,202603,202603,SPOX_0999,0,2NENI,N,13,"6,7","0,00787","0,03",0,0,"0,03",0,F,92
12,11,202603,202603,ULAX_4723,0,2NENI,S,12,"31,1","0,00787","0,25",0,0,"0,25",0,F,355
12,11,202603,202603,ULAX_1204,0,2NENI,N,1029,"1681,8","0,00787","13,24","0,5",0,"13,74",0,F,977
12,11,202603,202603,SPOX_0999,0,4NENL,N,121,"76,2","0,00605","0,47","0,01",0,"0,48",0,F,998
12,11,202603,202603,ULAX_0432,0,2NENI,D,9,"5,8","0,00787","0,03",0,0,"0,03",0,F,267
12,11,202603,202603,SPOX_0999,0,2NENI,D,1145,"1174,9","0,00787","9,23","0,34",0,"9,57",0,F,51
12,11,202603,202603,ULAX_1204,0,4NENL,R,98,186,"0,00425","0,78","0,02",0,"0,8",0,F,470
12,11,202603,202603,SPO_11464,0,MNENI,N,4,2,"0,0076","0,01",0,0,"0,01",0,M,34
12,11,202603,202603,ULAX_1204,0,2NENI,D,6,3,"0,00787","0,02",0,0,"0,02",0,F,807
12,11,202603,202603,ULAX_1204,0,1NENI,N,2,"1,2","0,00787","0,01",0,0,"0,01",0,F,948
12,11,202603,202603,SPOX_0999,0,1NENI,N,8,17,"0,00787","0,12",0,0,"0,12",0,F,983
12,11,202603,202603,ULAX_1204,0,4NENL,N,2398,"3954,6","0,00605","23,94","0,9",0,"24,84",0,F,291
12,11,202603,202603,SPO_11144,0,2NENI,D,3,"33,1","0,00787","0,26",0,0,"0,26",0,F,206
12,11,202603,202603,ULAX_1204,0,2IENI,R,2,"3,9","0,00787","0,03",0,0,"0,03",0,F,47
12,11,202603,202602,SPO_11366,0,1NENI,N,1,"8,8","0,0078","0,07",0,0,"0,07",0,F,361
12,11,202603,202603,ULAX_1201,0,MNENI,D,2,1,"0,0076",0,0,0,0,0,M,34
12,11,202603,202603,SPOX_0999,0,2NENI,R,361,"769,2","0,00787","6,08","0,22",0,"6,3",0,F,361
12,11,202603,202603,ULAX_1204,0,4IENL,N,2,1,"0,00607",0,0,0,0,0,F,943
12,11,202603,202603,SPOX_6685,0,MNENI,R,4,"83,1","0,0076","0,62","0,02",0,"0,64",0,M,325
12,11,202603,202603,ULAX_0432,0,MNENI,R,2,1,"0,00787","0,01",0,0,"0,01",0,M,39
12,11,202603,202603,SPOX_0812,0,2NENI,N,5,"20,7","0,00787","0,16",0,0,"0,16",0,F,709
12,11,202603,202603,SPOX_0999,0,2NENI,N,152,"354,9","0,00787","2,79","0,1",0,"2,89",0,F,219
12,11,202603,202603,ULAX_4726,0,2NSNI,N,102,"217,6","0,0076","1,65","0,06",0,"1,71",0,F,35
12,11,202603,202603,ULAX_1204,0,2NENI,R,3,"1,9","0,00787","0,02",0,0,"0,02",0,F,47
12,11,202603,202603,SPOX_0999,0,4NENL,N,60,"255,4","0,00608","1,56","0,05",0,"1,61",0,F,192
12,11,202603,202603,ULAX_0432,0,2NENI,D,1,"0,5","0,00787",0,0,0,0,0,F,917
12,11,202603,202602,ULAX_4113,0,2NENI,N,2,"4,8","0,00787","0,03",0,0,"0,03",0,F,674
12,11,202603,202603,SPOX_0999,0,2NENI,D,9,"12,6","0,00787","0,08",0,0,"0,08",0,F,94
12,11,202603,202603,ULAX_1204,0,MNENI,D,36,"47,4","0,0076","0,36","0,01",0,"0,37",0,M,34
12,11,202603,202603,SPO_12218,0,1NENI,N,13,"6,9","0,00787","0,05",0,0,"0,05",0,F,361
12,11,202603,202603,ULAX_1204,0,2NENI,D,539,"930,4","0,00787","7,31","0,27",0,"7,58",0,F,951
12,11,202603,202603,ULAX_1204,0,1NENI,R,2,"1,2","0,00787","0,01",0,0,"0,01",0,F,251
12,11,202603,202602,SPO_12222,0,1NENI,D,1,"0,5","0,0078",0,0,0,0,0,F,361
12,11,202603,202603,SPOX_0999,0,1NENI,R,2,"3,7","0,00787","0,03",0,0,"0,03",0,F,361
12,11,202603,202603,ULAX_1204,0,4NENL,N,4295,"9504,9","0,00605","57,48","2,17",0,"59,65",0,F,767
12,11,202603,202603,SPO_11144,0,MNENI,N,14,10,"0,0076","0,05",0,0,"0,05",0,M,34
12,11,202603,202603,ULAX_1204,0,2IENI,R,17,"76,8","0,00787","0,6","0,02",0,"0,62",0,F,357
12,11,202603,202603,ULAX_1201,0,MNENI,D,1127,"774,2","0,00787","6,09","0,23",0,"6,32",0,M,451
12,11,202603,202603,SPOX_0999,0,2NENI,R,30,"38,4","0,00787","0,29","0,01",0,"0,3",0,F,842
12,11,202603,202603,ULAX_1204,0,4IENL,R,4,"2,3","0,00423",0,0,0,0,0,F,285
12,11,202603,202603,SPOX_6698,0,2NENI,D,1,2,"0,00787","0,02",0,0,"0,02",0,F,764
12,11,202603,202603,ULAX_0432,0,MNENI,R,26,"13,3","0,00787","0,1",0,0,"0,1",0,M,497
12,11,202603,202603,SPOX_0823,0,2NENI,N,114,"252,1","0,00787","1,98","0,07",0,"2,05",0,F,361
12,11,202603,202603,SPOX_0999,0,2NENI,N,11886,"29049,7","0,00787","228,61","8,65",0,"237,26",0,F,251
12,11,202603,202603,ULAX_4726,0, NENV,N,1,"0,5","0,01499","0,01",0,0,"0,01",0,M,B99
12,11,202603,202603,ULAX_1204,0,2NENI,R,1,"0,6","0,00787",0,0,0,0,0,F,209
12,11,202603,202603,SPOX_0999,0,4NENL,N,4569,"3631,7","0,00608","22,08","0,83",0,"22,91",0,F,267
12,11,202603,202603,ULAX_0432,0,2NENI,N,15,11,"0,00787","0,07",0,0,"0,07",0,F,79
12,11,202603,202602,ULAX_4726,0,MNENI,N,1,3,"0,00752","0,02",0,0,"0,02",0,M,34
12,11,202603,202603,SPOX_0999,0,2NENI,D,9,"4,5","0,00787","0,01",0,0,"0,01",0,F,220
12,11,202603,202603,ULAX_1204,0,MNENI,R,16,"8,9","0,00787","0,06",0,0,"0,06",0,M,50
12,11,202603,202603,SPO_13918,0,2IENI,N,6,"3,6","0,00787","0,02",0,0,"0,02",0,F,318
12,11,202603,202603,ULAX_1204,0,2NENI,D,5,"3,3","0,00787","0,02",0,0,"0,02",0,F,986
12,11,202603,202602,ULAX_0432,0,MNENI,N,1,"0,5","0,00752",0,0,0,0,0,M,34
12,11,202603,202603,SPOX_0999,0,2IENI,D,10,"15,5","0,00787","0,12",0,0,"0,12",0,F,21
12,11,202603,202603,ULAX_1204,0,4NENL,N,36,"48,9","0,00605","0,3","0,01",0,"0,31",0,F,984
12,11,202603,202603,ULAX_1201,0,MNENI,N,4,2,"0,00787",0,0,0,0,0,M,30
12,11,202603,202603,SPO_11154,0,2NENI,S,4,2,"0,00787","0,01",0,0,"0,01",0,F,432
12,11,202603,202603,ULAX_1204,0,2IENI,S,6,"7,4","0,00787","0,07",0,0,"0,07",0,F,232
12,11,202603,202603,SPOX_0999,0,2NENI,R,1,"0,5","0,00787",0,0,0,0,0,F,998
12,11,202603,202603,ULAX_1204,0,2NENI,N,22761,"104258,9","0,00787","820,51","31,08",0,"851,59",0,F,31
12,11,202603,202602,ULAX_0432,0, NENV,N,1,"0,5","0,01503","0,01",0,0,"0,01",0,M,18
12,11,202603,202603,SPOX_0999,0,2IENI,D,431,"1279,4","0,00787","10,09","0,38",0,"10,47",0,F,232
12,11,202603,202603,ULAX_1204,0,4NENL,N,8,"6,1","0,00607","0,04",0,0,"0,04",0,F,220
12,11,202603,202603,ULAX_1201,0,MNENI,N,1,"0,5","0,00787",0,0,0,0,0,M,447
12,11,202603,202603,SPO_11182,0,2NENI,D,2976,"5913,2","0,00787","46,57","1,76",0,"48,33",0,F,431
12,11,202603,202603,ULAX_1204,0,2IENI,S,1,"0,8","0,00787","0,01",0,0,"0,01",0,F,361
12,11,202603,202603,SPOX_0999,0,2NENI,S,4,"3,2","0,00787","0,02",0,0,"0,02",0,F,62
12,11,202603,202601,ULAX_0006,0,2NENI,N,1,"0,6","0,0078",0,0,0,0,0,F,674
12,11,202603,202603,ULAX_0432,0, NENV,N,40,"20,7","0,01499","0,31","0,01",0,"0,32",0,M,34
12,11,202603,202603,SPOX_6716,0,2NENI,D,23,"31,5","0,00787","0,23",0,0,"0,23",0,F,917
12,11,202603,202603,SPOX_0835,0,MNENI,S,4,2,"0,0076","0,01",0,0,"0,01",0,M,34
12,11,202603,202603,SPOX_0999,0,2NENI,N,442,"587,1","0,00787","4,63","0,17",0,"4,8",0,F,317
12,11,202603,202603,ULAX_4728,0, NENV,R,1,"2,8","0,01049","0,03",0,0,"0,03",0,M,76
12,11,202603,202603,ULAX_0432,0,2NENI,N,284,"201,6","0,00787","1,58","0,05",0,"1,63",0,F,757
12,11,202603,202603,SPOX_0999,0,4NENL,N,628,"1094,3","0,00608","6,64","0,25",0,"6,89",0,F,948
12,11,202603,202603,SPOX_0046,0,4NENL,R,1,"1,6","0,00427","0,01",0,0,"0,01",0,F,11
12,11,202603,202603,SPOX_0999,0,2NENI,D,4448,"7709,6","0,00787","60,7","2,29",0,"62,99",0,F,265
12,11,202603,202603,ULAX_1204,0, NSNV,R,2,"6,8","0,01049","0,07",0,0,"0,07",0,M,34
12,11,202603,202603,ULAX_1204,0,2NENI,N,10163,"37654,8","0,00787","296,33","11,22",0,"307,55",0,F,85
12,11,202603,202603,SPO_11186,0,2NENI,N,11,"14,5","0,00787","0,09",0,0,"0,09",0,F,431
12,11,202603,202602,ULAX_1201,0,MNENI,D,3,"1,5","0,0078","0,01",0,0,"0,01",0,M,B99
12,11,202603,202603,SPOX_0999,0,2IENI,D,137,"252,1","0,00787","1,96","0,07",0,"2,03",0,F,361
12,11,202603,202603,ULAX_1204,0,4NENL,N,18,"37,5","0,00608","0,22",0,0,"0,22",0,F,206
12,11,202603,202603,ULAX_1201,0,MNENI,S,1,"0,5","0,00787",0,0,0,0,0,M,430
12,11,202603,202603,ULAX_1204,0,2NENI,D,32,"33,2","0,00787","0,26",0,0,"0,26",0,F,61
12,11,202603,202603,SPOX_7137,0,2NENI,N,5,"6,2","0,00787","0,04",0,0,"0,04",0,F,319
12,11,202603,202603,SPOX_0999,0,2NENI,S,405,"962,8","0,00787","7,58","0,28",0,"7,86",0,F,251
12,11,202603,202602,SPOX_0999,0,2NENI,D,1,"0,5","0,0078",0,0,0,0,0,F,227
12,11,202603,202603,ULAX_0432,0, NENV,N,18,"11,1","0,01499","0,17",0,0,"0,17",0,M,496
12,11,202603,202603,ULAX_1204,0,2NENI,R,12,"22,3","0,00787","0,14",0,0,"0,14",0,F,319
12,11,202603,202603,SPOX_0999,0,4NENL,N,361,"963,7","0,00631","6,08","0,23",0,"6,31",0,F,219
12,11,202603,202603,SPOX_0970,0,2NENI,N,19,"62,5","0,00787","0,49","0,01",0,"0,5",0,F,638
12,11,202603,202603,SPOX_0999,0,2NENI,N,1,"0,5","0,00787",0,0,0,0,0,F,606
12,11,202603,202603,ULAX_4760,0,2NENI,N,865,"2925,2","0,00787","23,01","0,87",0,"23,88",0,F,355
12,11,202603,202603,ULAX_0432,0,2NENI,R,1,"0,5","0,00787",0,0,0,0,0,F,607
12,11,202603,202603,ULAX_1204,0,2NENI,N,140,"477,8","0,00787","3,77","0,14",0,"3,91",0,F,202
12,11,202603,202603,SPOX_0083,0,2NENI,N,2,"12,8","0,00787","0,1",0,0,"0,1",0,F,212
12,11,202603,202603,SPOX_0999,0,2NENI,D,2988,"6365,2","0,00787","50,09","1,89",0,"51,98",0,F,298
12,11,202603,202603,ULAX_4030,0,2NENI,N,17,"23,7","0,00787","0,18",0,0,"0,18",0,F,661
12,11,202603,202603,SPO_14657,0,2NENI,N,11,"7,2","0,00787","0,04",0,0,"0,04",0,F,143
12,11,202603,202603,SPO_11232,0,2IENI,D,11,"35,4","0,00787","0,26","0,01",0,"0,27",0,F,317
12,11,202603,202603,ULAX_1204,0,2NENI,D,12,"6,3","0,00787","0,04",0,0,"0,04",0,F,86
12,11,202603,202602,ULAX_1201,0, NENV,N,1,"3,6","0,01686","0,06",0,0,"0,06",0,M,50
12,11,202603,202603,SPOX_0999,0,2IENI,D,6,10,"0,00787","0,07",0,0,"0,07",0,F,951
12,11,202603,202603,ULAX_1204,0,4NENL,N,537,"429,5","0,00608","2,59","0,09",0,"2,68",0,F,293
12,11,202603,202603,ULAX_1201,0, NENV,N,6,"14,9","0,01499","0,22",0,0,"0,22",0,M,479
12,11,202603,202603,SPO_10092,0,1NENI,D,2,1,"0,00787",0,0,0,0,0,F,357
12,11,202603,202603,SPOX_0999,0,2NENI,S,673,"2346,9","0,00787","18,46","0,69",0,"19,15",0,F,318
12,11,202603,202603,ULAX_1204,0,1NENI,R,2,12,"0,00787","0,1",0,0,"0,1",0,F,318
12,11,202603,202602,SPOX_0999,0,2NENI,D,3,"4,7","0,00787","0,04",0,0,"0,04",0,F,247
12,11,202603,202603,ULAX_0432,0, NENV,N,215,116,"0,01686","1,96","0,07",0,"2,03",0,M,462
12,11,202603,202603,ULAX_1204,0,2NENI,R,38,"188,9","0,00787","1,49","0,05",0,"1,54",0,F,705
12,11,202603,202603,SPOX_0999,0,4NENL,R,1,"28,9","0,00423","0,12",0,0,"0,12",0,F,214
12,11,202603,202603,SPOX_0970,0, NENV,R,1,"0,5","0,01245","0,01",0,0,"0,01",0,M,325
12,11,202603,202603,SPOX_0999,0,2NENI,N,1,"0,5","0,00787",0,0,0,0,0,F,806
12,11,202603,202603,ULAX_4763,0,1NSNI,D,71,190,"0,00787","1,5","0,05",0,"1,55",0,F,355
12,11,202603,202603,ULAX_0432,0,4NENL,N,87,66,"0,00605","0,4","0,01",0,"0,41",0,F,607
12,11,202603,202603,ULAX_1204,0,2NENI,N,2625,"9137,5","0,00787","71,93","2,72",0,"74,65",0,F,235
12,11,202603,202603,SPOX_0999,0,4IENL,R,2,"18,1","0,00423","0,07",0,0,"0,07",0,F,205
12,11,202603,202603,SPOX_0326,0,2NENI,N,1,"9,6","0,00787","0,08",0,0,"0,08",0,F,11
12,11,202603,202603,SPOX_0999,0,2NENI,D,4,"17,3","0,00787","0,14",0,0,"0,14",0,F,460
12,11,202603,202603,ULAX_4039,0,2NENI,S,1,"0,5","0,00787",0,0,0,0,0,F,661
12,11,202603,202603,SPO_14667,0,2NENI,N,2,"7,2","0,00787","0,05",0,0,"0,05",0,F,212
12,11,202603,202603,SPO_11362,0,1NENI,N,1,"0,7","0,00787","0,01",0,0,"0,01",0,F,361
12,11,202603,202603,ULAX_1204,0,2NENI,D,21,"11,3","0,00787","0,07",0,0,"0,07",0,F,210
12,11,202603,202602,ULAX_1204,0,2NENI,D,3,"2,9","0,0078","0,02",0,0,"0,02",0,F,294
12,11,202603,202603,SPOX_0999,0,2IENI,N,55,"160,8","0,00787","1,25","0,04",0,"1,29",0,F,281
12,11,202603,202603,ULAX_1204,0,4NENL,N,9,"4,6","0,00608","0,02",0,0,"0,02",0,F,806
12,11,202603,202603,ULAX_1201,0, NENV,R,6,"3,6","0,01049","0,05",0,0,"0,05",0,M,B99
12,11,202603,202603,SPO_10152,0,2NENI,D,1117,"5183,4","0,00787","40,81","1,54",0,"42,35",0,F,143
12,11,202603,202603,SPOX_0999,0,2NENI,S,23,"25,9","0,00787","0,18",0,0,"0,18",0,F,757
12,11,202603,202603,ULAX_1204,0,2IENI,D,1,"0,5","0,0076",0,0,0,0,0,F,49
12,11,202603,202602,SPOX_0999,0,2NENI,N,1,"0,5","0,0078",0,0,0,0,0,F,221
12,11,202603,202603,ULAX_0432,0, NENV,R,184,"95,2","0,0118","1,12","0,04",0,"1,16",0,M,451
12,11,202603,202603,ULAX_1204,0,2NENI,R,1,"1,6","0,00787","0,01",0,0,"0,01",0,F,960
12,11,202603,202603,SPOX_0999,0,4NENL,R,3,"3,3","0,00423","0,01",0,0,"0,01",0,F,296
12,11,202603,202603,SPOX_0999,0,1NENI,D,1,2,"0,00787","0,02",0,0,"0,02",0,F,242
12,11,202603,202603,SPOX_0999,0,2NENI,N,248,"384,3","0,00787","3,02","0,11",0,"3,13",0,F,951
12,11,202603,202603,ULAX_4763,0,2NSNI,D,564,1477,"0,0076","11,25","0,42",0,"11,67",0,F,35
12,11,202603,202603,ULAX_0432,0,4NENL,N,33,"22,3","0,00608","0,13",0,0,"0,13",0,F,207
12,11,202603,202603,ULAX_1204,0,2NENI,N,8085,"31023,1","0,00787","244,15","9,24",0,"253,39",0,F,271
12,11,202603,202603,SPOX_0999,0,4NENL,N,7109,"21430,7","0,00605","129,66","4,91",0,"134,57",0,F,27
12,11,202603,202603,SPOX_0348,0,2NENI,D,3145,"22402,2","0,00787","176,3","6,67",0,"182,97",0,F,143
12,11,202603,202603,SPOX_0999,0,2NENI,D,10673,"12374,2","0,00787","97,41","3,68",0,"101,09",0,F,757
12,11,202603,202603,ULAX_4113,0,MNENI,D,2,"43,6","0,00787","0,34","0,01",0,"0,35",0,M,77
12,11,202603,202603,SPO_14673,0,2NENI,D,1,"4,7","0,00787","0,04",0,0,"0,04",0,F,283
12,11,202603,202603,SPO_11364,0, NENV,N,34,"21,1","0,01499","0,33","0,01",0,"0,34",0,M,34
12,11,202603,202603,ULAX_1204,0,2NENI,D,1369,"1206,6","0,00787","9,48","0,35",0,"9,83",0,F,242
12,11,202603,202602,ULAX_1204,0,2NENI,D,2,5,"0,00787","0,04",0,0,"0,04",0,F,271
12,11,202603,202603,SPOX_0999,0,2IENI,N,44,"98,9","0,00787","0,75","0,02",0,"0,77",0,F,661
12,11,202603,202603,ULAX_1204,0,4NENL,N,367,"961,2","0,00631","6,07","0,22",0,"6,29",0,F,219
12,11,202603,202603,ULAX_1204,0,1NENI,D,2,"1,3","0,00787","0,01",0,0,"0,01",0,F,224
12,11,202603,202603,SPO_10156,0,2NENI,N,1,"1,4","0,00787","0,01",0,0,"0,01",0,F,638
12,11,202603,202603,SPOX_0999,0,4IENL,N,93,"361,2","0,00605","2,16","0,08",0,"2,24",0,F,31
12,11,202603,202603,ULAX_1204,0,2IENI,D,87,"315,8","0,00787","2,48","0,09",0,"2,57",0,F,317
12,11,202603,202602,SPOX_0999,0,2NENI,N,1,"8,2","0,00787","0,06",0,0,"0,06",0,F,285
12,11,202603,202603,ULAX_1008,0,2NENI,R,2,1,"0,00787","0,01",0,0,"0,01",0,F,204
12,11,202603,202603,ULAX_1204,0,2NENI,S,6,"9,7","0,00787","0,07",0,0,"0,07",0,F,202
12,11,202603,202603,SPOX_0999,0,4NENL,R,3,"7,3","0,00425","0,03",0,0,"0,03",0,F,47
12,11,202603,202603,SPOX_0999,0,1NENI,D,1,"0,5","0,00787",0,0,0,0,0,F,319
12,11,202603,202603,SPOX_0999,0,2NENI,N,12,6,"0,00787","0,04",0,0,"0,04",0,F,992
12,11,202603,202603,ULAX_5040,0,MNENI,N,7,"9,4","0,00787","0,07",0,0,"0,07",0,M,467
12,11,202603,202603,ULAX_0432,0,4NENL,N,4,"2,4","0,00608","0,01",0,0,"0,01",0,F,967
12,11,202603,202603,ULAX_1204,0,2NENI,N,489,579,"0,00787","4,54","0,17",0,"4,71",0,F,317
12,11,202603,202603,SPOX_0999,0,4NENL,N,49,"131,7","0,00605","0,81","0,03",0,"0,84",0,F,208
12,11,202603,202603,SPOX_0543,0,2NENI,N,1,"2,2","0,00787","0,02",0,0,"0,02",0,F,913
12,11,202603,202603,SPOX_0999,0,2NENI,D,2,1,"0,00787",0,0,0,0,0,F,913
12,11,202603,202603,ULAX_4202,0,2NENI,D,1476,"11814,8","0,00787","92,99","3,52",0,"96,51",0,F,674
12,11,202603,202603,SPO_14681,0,2NENI,D,1,"9,8","0,00787","0,08",0,0,"0,08",0,F,203
12,11,202603,202603,SPO_11366,0,MNSNI,D,1,"1,6","0,00787","0,01",0,0,"0,01",0,M,34
12,11,202603,202603,ULAX_1204,0,2NENI,D,3248,"4308,3","0,00787","33,92","1,28",0,"35,2",0,F,281
12,11,202603,202602,ULAX_1204,0,2NENI,N,1,"0,5","0,0078",0,0,0,0,0,F,294
12,11,202603,202603,SPOX_0999,0,2IENI,R,3,23,"0,00787","0,18",0,0,"0,18",0,F,205
12,11,202603,202603,ULAX_1204,0,4NENL,R,2424,"8109,3","0,00423","34,32","1,29",0,"35,61",0,F,227
12,11,202603,202603,ULAX_1204,0,1NENI,D,1,"0,5","0,00787",0,0,0,0,0,F,319
12,11,202603,202603,SPO_10416,0,MNENI,N,8,"5,6","0,0076","0,03",0,0,"0,03",0,M,325
12,11,202603,202603,ULAX_1204,0,2IENI,D,3,"1,5","0,00787","0,01",0,0,"0,01",0,F,767
12,11,202603,202602,SPOX_0999,0,4NENL,N,2,"11,3","0,00598","0,07",0,0,"0,07",0,F,221
12,11,202603,202603,ULAX_1201,0,1NENI,D,42,27,"0,00787","0,22",0,0,"0,22",0,F,757
12,11,202603,202603,ULAX_1204,0,2NENI,S,1,"0,5","0,00787",0,0,0,0,0,F,267
12,11,202603,202603,SPOX_0999,0,4NENL,R,372,"1140,3","0,00425","4,83","0,18",0,"5,01",0,F,262
12,11,202603,202603,SPOX_0999,0,1NENI,D,67,"77,6","0,00787","0,58","0,02",0,"0,6",0,F,931
12,11,202603,202603,SPOX_0999,0,2NENI,R,1,"0,5","0,00787",0,0,0,0,0,F,83
12,11,202603,202603,ULAX_0432,0,MNENI,D,14,"8,2","0,00787","0,04",0,0,"0,04",0,M,30
12,11,202603,202603,ULAX_1204,0,2NENI,N,141,"106,6","0,00787","0,81","0,03",0,"0,84",0,F,544
12,11,202603,202603,SPOX_0999,0,4NENL,N,2734,"1839,9","0,00605","11,11","0,42",0,"11,53",0,F,282
12,11,202603,202603,SPOX_0545,0,2NENI,D,1,4,"0,00787","0,03",0,0,"0,03",0,F,8
12,11,202603,202603,SPOX_0999,0,2NENI,D,139,"87,4","0,00787","0,68","0,02",0,"0,7",0,F,967
12,11,202603,202603,ULAX_0432,0,1NENI,D,1,"0,5","0,00787",0,0,0,0,0,F,5
12,11,202603,202603,SPO_11400,0,MNENI,N,8,4,"0,0076","0,01",0,0,"0,01",0,M,325
12,11,202603,202603,ULAX_1204,0,2NENI,D,442,"560,2","0,00787","4,4","0,16",0,"4,56",0,F,319
12,11,202603,202602,ULAX_1204,0,2NENI,N,2,1,"0,00787","0,01",0,0,"0,01",0,F,977
12,11,202603,202603,SPOX_0999,0,2IENI,R,20,"36,6","0,00787","0,28","0,01",0,"0,29",0,F,361
12,11,202603,202603,ULAX_1204,0,4NENL,R,32,"159,1","0,00423","0,67","0,02",0,"0,69",0,F,705
12,11,202603,202603,ULAX_1204,0,1NENI,D,57,"93,4","0,00787","0,7","0,02",0,"0,72",0,F,931
12,11,202603,202603,SPO_10617,0,2NENI,N,413,"775,2","0,00787","6,1","0,23",0,"6,33",0,F,143
12,11,202603,202603,ULAX_1204,0,2IENI,N,1,"0,5","0,0076",0,0,0,0,0,F,49
12,11,202603,202602,SPOX_0999,0,4NENL,N,4,"9,3","0,00605","0,05",0,0,"0,05",0,F,227
12,11,202603,202603,ULAX_1201,0,2NENI,D,53,"43,8","0,00787","0,32","0,01",0,"0,33",0,F,361
12,11,202603,202603,SPOX_0999,0,2NENI,R,2,"34,5","0,00787","0,27","0,01",0,"0,28",0,F,214
12,11,202603,202603,ULAX_1204,0,2NENI,S,66,"103,2","0,00787","0,79","0,03",0,"0,82",0,F,361
12,11,202603,202603,SPOX_0999,0,4NENL,R,1,"0,7","0,00425",0,0,0,0,0,F,960
12,11,202603,202603,SPOX_0999,0,1NENI,N,2,"2,9","0,00787","0,02",0,0,"0,02",0,F,219
12,11,202603,202603,ULAX_0432,0,MNENI,D,383,"198,7","0,00787","1,55","0,05",0,"1,6",0,M,B99
12,11,202603,202603,SPOX_0999,0,2NENI,D,1,"1,3","0,00787","0,01",0,0,"0,01",0,F,986
12,11,202603,202603,ULAX_4721,0,MNENI,D,21,"60,6","0,00787","0,44","0,01",0,"0,45",0,M,76
12,11,202603,202603,ULAX_1204,0,2NENI,N,1,"0,5","0,00787",0,0,0,0,0,F,795
12,11,202603,202603,SPOX_0999,0,4NENL,N,1,"0,5","0,00605",0,0,0,0,0,F,704
12,11,202603,202603,SPOX_0551,0,2NENI,N,4,"44,2","0,00787","0,35","0,01",0,"0,36",0,F,884
12,11,202603,202603,ULAX_0432,0,1NENI,N,1,"0,6","0,00787",0,0,0,0,0,F,361
12,11,202603,202603,ULAX_1204,0,4NENL,R,1,"5,6","0,00423","0,02",0,0,"0,02",0,F,998
12,11,202603,202603,SPO_11405,0,1NENI,N,4,"13,4","0,00787","0,09",0,0,"0,09",0,F,143
12,11,202603,202603,ULAX_1204,0,2NENI,D,3836,"3409,4","0,00787","26,85","1,01",0,"27,86",0,F,541
12,11,202603,202602,ULAX_1204,0,4NENL,N,2,"7,7","0,00598","0,04",0,0,"0,04",0,F,292
12,11,202603,202603,ULAX_1204,0,1NENI,N,584,"724,4","0,00787","5,69","0,21",0,"5,9",0,F,232
12,11,202603,202603,ULAX_1204,0,4NENL,N,68,"73,3","0,00605","0,42","0,01",0,"0,43",0,F,95
12,11,202603,202603,SPO_10802,0,2NENI,N,503,"1470,4","0,00787","11,57","0,43",0,12,0,F,317
12,11,202603,202603,ULAX_1204,0,2IENI,N,23,"31,1","0,00787","0,23",0,0,"0,23",0,F,318
12,11,202603,202602,SPOX_0999,0,4NENL,N,2,1,"0,00608","0,01",0,0,"0,01",0,F,804
12,11,202603,202603,ULAX_1201,0,2NENI,N,16,8,"0,00787","0,02",0,0,"0,02",0,F,852
12,11,202603,202603,SPOX_0999,0,2NENI,R,74,"60,5","0,00787","0,46","0,01",0,"0,47",0,F,267
12,11,202603,202603,ULAX_1204,0,2NENI,S,10,9,"0,00787","0,07",0,0,"0,07",0,F,977
12,11,202603,202603,SPOX_0999,0,MNENI,N,7,"3,5","0,00787",0,0,0,0,0,M,60
12,11,202603,202603,ULAX_0432,0,MNENI,N,60,"31,3","0,00787","0,23",0,0,"0,23",0,M,430
12,11,202603,202603,SPOX_0999,0,2NENI,N,5,"12,6","0,00787","0,08",0,0,"0,08",0,F,71
12,11,202603,202603,ULAX_4721,0, NENV,R,1,"0,5","0,01049","0,01",0,0,"0,01",0,M,30
12,11,202603,202603,ULAX_1204,0,2NENI,N,131,90,"0,00787","0,71","0,02",0,"0,73",0,F,943
12,11,202603,202603,SPOX_0999,0,4NENL,N,100,"74,5","0,00605","0,46","0,01",0,"0,47",0,F,981
12,11,202603,202603,SPOX_0811,0,2NENI,D,2072,"5840,7","0,00787","45,96","1,74",0,"47,7",0,F,361
12,11,202603,202603,ULAX_0432,0,2NENI,D,32,"28,1","0,00787","0,21",0,0,"0,21",0,F,79
12,11,202603,202603,SPOX_0999,0,2IENI,S,1,"0,5","0,00787",0,0,0,0,0,F,705
12,11,202603,202603,ULAX_1204,0,4NENL,R,768,"2248,8","0,00425","9,57","0,36",0,"9,93",0,F,247
12,11,202603,202603,SPO_11462,0,2NENI,S,5,"4,3","0,00787","0,02",0,0,"0,02",0,F,351
12,11,202603,202603,ULAX_1204,0,2NENI,D,2,1,"0,00787",0,0,0,0,0,F,764
12,11,202603,202602,ULAX_1204,0,4NENL,N,3,"12,8","0,00608","0,08",0,0,"0,08",0,F,241
12,11,202603,202603,ULAX_1204,0,1NENI,N,19,"33,7","0,00787","0,25","0,01",0,"0,26",0,F,363
12,11,202603,202603,SPOX_0999,0,1NENI,N,6,"45,7","0,00787","0,36","0,01",0,"0,37",0,F,767
12,11,202603,202603,ULAX_1204,0,4NENL,N,1,"0,5","0,00605",0,0,0,0,0,F,245
12,11,202603,202603,SPO_10810,0, NSNV,N,4,"21,7","0,01686","0,36","0,01",0,"0,37",0,M,348
12,11,202603,202603,ULAX_1204,0,2IENI,N,7,"5,9","0,00787","0,04",0,0,"0,04",0,F,842
12,11,202603,202602,SPO_10066,0,2NENI,D,8,37,"0,00787","0,29","0,01",0,"0,3",0,F,363
12,11,202603,202603,ULAX_1201,0,4NENL,N,28,"22,8","0,00608","0,14",0,0,"0,14",0,F,709
12,11,202603,202603,SPOX_0999,0,2NENI,R,25,"142,1","0,00787","1,12","0,04",0,"1,16",0,F,316
12,11,202603,202603,ULAX_1204,0,4IENL,N,10,"40,1","0,00605","0,24",0,0,"0,24",0,F,705
12,11,202603,202603,SPOX_0999,0, NENV,R,17,"8,5","0,01049","0,1",0,0,"0,1",0,M,34
12,11,202603,202603,ULAX_0432,0,MNENI,N,490,"337,5","0,00787","2,67","0,09",0,"2,76",0,M,A34
12,11,202603,202603,SPOX_0811,0, NENV,N,57,"132,8","0,01499","1,97","0,07",0,"2,04",0,M,34
12,11,202603,202603,SPOX_0999,0,2NENI,N,141,"431,5","0,00787","3,41","0,12",0,"3,53",0,F,202
12,11,202603,202603,ULAX_4726,0,1NSNI,N,6,"13,2","0,00787","0,11",0,0,"0,11",0,F,355
12,11,202603,202603,ULAX_1204,0,2NENI,N,33,"25,9","0,00787","0,2",0,0,"0,2",0,F,991
12,11,202603,202603,SPOX_0999,0,4NENL,N,1783,"1821,7","0,00608","11,1","0,42",0,"11,52",0,F,51
12,11,202603,202603,ULAX_0432,0,2NENI,D,1,"0,5","0,00787",0,0,0,0,0,F,661
12,11,202603,202602,ULAX_1204,0,4NENL,R,3,"14,7","0,00418","0,06",0,0,"0,06",0,F,232
12,11,202603,202603,SPOX_0999,0,2NENI,D,7,"6,4","0,00787","0,05",0,0,"0,05",0,F,79
12,11,202603,202603,ULAX_1204,0,4NENL,R,32,"54,7","0,00425","0,22",0,0,"0,22",0,F,941
12,11,202603,202603,SPO_11466,0,4NENL,N,3,"8,6","0,00605","0,05",0,0,"0,05",0,F,621
12,11,202603,202603,ULAX_1204,0,2NENI,D,25,"19,5","0,00787","0,15",0,0,"0,15",0,F,917
12,11,202603,202603,ULAX_1204,0,1NENI,R,4,"39,4","0,00787","0,31","0,01",0,"0,32",0,F,31
12,11,202603,202602,SPO_11366,0,1NENI,R,1,"8,8","0,0078","0,07",0,0,"0,07",0,F,361
12,11,202603,202603,SPOX_0999,0,1NENI,R,19,28,"0,00787","0,21",0,0,"0,21",0,F,205
12,11,202603,202603,ULAX_1204,0,4NENL,N,1,"0,5","0,00605",0,0,0,0,0,F,466
12,11,202603,202603,SPO_11144,0,2NENI,N,2,"5,6","0,00787","0,04",0,0,"0,04",0,F,431
12,11,202603,202603,ULAX_1204,0,2IENI,R,3,"1,8","0,00787","0,01",0,0,"0,01",0,F,285
12,11,202603,202603,ULAX_1201,0,MNENI,D,2,1,"0,00787",0,0,0,0,0,M,45
12,11,202603,202603,SPOX_0999,0,2NENI,R,196,"906,5","0,00787","7,13","0,27",0,"7,4",0,F,661
12,11,202603,202603,ULAX_1204,0,4IENL,N,7,"6,6","0,00608","0,04",0,0,"0,04",0,F,960
12,11,202603,202603,SPOX_6694,0,2NENI,R,32,29,"0,00787","0,2",0,0,"0,2",0,F,143
12,11,202603,202603,ULAX_0432,0,MNENI,R,2,1,"0,00787",0,0,0,0,0,M,462
12,11,202603,202603,SPOX_0823,0,1NENI,N,65,"63,2","0,00787","0,5","0,01",0,"0,51",0,F,361
12,11,202603,202603,SPOX_0999,0,2NENI,N,2671,"9558,8","0,00787","75,22","2,84",0,"78,06",0,F,235
12,11,202603,202603,ULAX_4726,0,MNENI,D,1,"0,5","0,00787",0,0,0,0,0,M,30
12,11,202603,202603,ULAX_1204,0,2NENI,R,1898,"7852,7","0,00787","61,8","2,34",0,"64,14",0,F,85
12,11,202603,202603,SPOX_0999,0,4NENL,N,6,"5,3","0,00608","0,02",0,0,"0,02",0,F,246
12,11,202603,202603,ULAX_0432,0,2NENI,D,1,"0,5","0,00787",0,0,0,0,0,F,965
12,11,202603,202602,ULAX_4721,0,MNENI,D,1,"0,5","0,00752",0,0,0,0,0,M,34
12,11,202603,202603,SPOX_0999,0,2NENI,D,536,"604,1","0,00787","4,74","0,17",0,"4,91",0,F,204
12,11,202603,202603,ULAX_1204,0,MNENI,N,35,"17,5","0,0076","0,11",0,0,"0,11",0,M,34
12,11,202603,202603,SPO_12222,0,1NENI,D,30,"51,3","0,00787","0,41","0,01",0,"0,42",0,F,361
12,11,202603,202603,ULAX_1204,0,2NENI,D,1,"1,2","0,00787","0,01",0,0,"0,01",0,F,969
12,11,202603,202602,ULAX_0432,0,2NENI,N,1,"0,9","0,00787","0,01",0,0,"0,01",0,F,251
12,11,202603,202603,SPOX_0999,0,1NENI,S,1,"0,7","0,00787","0,01",0,0,"0,01",0,F,318
12,11,202603,202603,ULAX_1204,0,4NENL,N,490,"763,9","0,00605","4,64","0,17",0,"4,81",0,F,921
12,11,202603,202603,SPO_11144,0, NENV,R,1,4,"0,01049","0,04",0,0,"0,04",0,M,34
12,11,202603,202603,ULAX_1204,0,2IENI,R,9,"11,5","0,00787","0,09",0,0,"0,09",0,F,674
12,11,202603,202603,SPOX_0999,0,2NENI,R,1,"0,5","0,00787",0,0,0,0,0,F,943
12,11,202603,202603,ULAX_1204,0,4IENL,R,4,"15,9","0,00425","0,07",0,0,"0,07",0,F,941
12,11,202603,202603,SPOX_6698,0,4NENL,N,1,"0,5","0,00608",0,0,0,0,0,F,948
12,11,202603,202603,ULAX_0432,0,MNENI,S,1,"0,5","0,00787",0,0,0,0,0,M,39
12,11,202603,202603,SPOX_0823,0,MNSNI,N,1,"10,5","0,00787","0,08",0,0,"0,08",0,M,34
12,11,202603,202603,SPOX_0999,0,2NENI,N,8011,"30114,3","0,00787",237,"8,97",0,"245,97",0,F,271
12,11,202603,202603,ULAX_4728,0,MNENI,D,1,"1,4","0,00787","0,01",0,0,"0,01",0,M,B99
12,11,202603,202603,ULAX_1204,0,2NENI,R,697,2250,"0,00787","17,73","0,67",0,"18,4",0,F,235
12,11,202603,202603,SPOX_0999,0,4NENL,N,14,"7,1","0,00608","0,03",0,0,"0,03",0,F,707
12,11,202603,202603,ULAX_0432,0,2NENI,N,48,"30,5","0,00787","0,21",0,0,"0,21",0,F,251
12,11,202603,202602,ULAX_4728,0,MNENI,N,3,"7,4","0,0076","0,05",0,0,"0,05",0,M,34
12,11,202603,202603,SPOX_0999,0,2NENI,D,1,"4,7","0,00787","0,04",0,0,"0,04",0,F,237
12,11,202603,202603,ULAX_1204,0,MNSNI,N,3,"3,1","0,00787","0,02",0,0,"0,02",0,M,349
12,11,202603,202603,SPOX_0835,0,2NENI,R,1,"0,5","0,00787",0,0,0,0,0,F,251
12,11,202603,202603,SPOX_0999,0,2NENI,N,434,"254,3","0,00787","2,01","0,07",0,"2,08",0,F,286
12,11,202603,202603,ULAX_4728,0,MNENI,R,53,"128,1","0,00787","0,98","0,03",0,"1,01",0,M,430
12,11,202603,202603,ULAX_1204,0,2NENI,R,32,"64,3","0,00787","0,52","0,01",0,"0,53",0,F,261
12,11,202603,202603,SPOX_0999,0,4NENL,N,1,"6,3","0,00608","0,04",0,0,"0,04",0,F,802
12,11,202603,202603,ULAX_0432,0,2NENI,N,24,"15,9","0,00787","0,12",0,0,"0,12",0,F,607
12,11,202603,202603,SPOX_0046,0,2NENI,D,7,"11,9","0,00787","0,1",0,0,"0,1",0,F,143
12,11,202603,202603,SPOX_0999,0,2NENI,D,5,"4,8","0,00787","0,02",0,0,"0,02",0,F,246
12,11,202603,202603,ULAX_1204,0, NENV,N,331,"189,1","0,01686","3,19","0,12",0,"3,31",0,M,451
12,11,202603,202603,ULAX_1204,0,2NENI,N,1586,"6089,7","0,00787","47,93","1,81",0,"49,74",0,F,62
12,11,202603,202603,SPO_11182,0,2NENI,R,249,"730,2","0,00787","5,76","0,21",0,"5,97",0,F,431
12,11,202603,202602,ULAX_1055,0,2NENI,D,14,"27,3","0,00787","0,21",0,0,"0,21",0,F,355
12,11,202603,202603,SPOX_0999,0,2IENI,D,6,"16,1","0,00787","0,13",0,0,"0,13",0,F,316
12,11,202603,202603,ULAX_1204,0,4NENL,N,49,"54,5","0,00608","0,33","0,01",0,"0,34",0,F,61
12,11,202603,202603,ULAX_1201,0,MNENI,N,723,"392,9","0,00787","3,09","0,11",0,"3,2",0,M,B99
12,11,202603,202603,ULAX_1204,0,2NENI,D,821,"3925,9","0,00787","30,9","1,17",0,"32,07",0,F,5
12,11,202603,202603,SPOX_0999,0,2NENI,S,5,"27,3","0,00787","0,22",0,0,"0,22",0,F,219
12,11,202603,202602,SPOX_0543,0,2NENI,R,1,"0,5","0,0078",0,0,0,0,0,F,351
12,11,202603,202603,ULAX_0432,0, NENV,N,11,14,"0,01499","0,21",0,0,"0,21",0,M,421
12,11,202603,202603,ULAX_1204,0,2NENI,R,81,"289,2","0,00787","2,28","0,08",0,"2,36",0,F,291
12,11,202603,202603,SPOX_0970,0,2NENI,D,5191,"26963,3","0,00787","212,23","8,03",0,"220,26",0,F,143
12,11,202603,202603,SPOX_0999,0,2NENI,N,221,"323,6","0,00787","2,55","0,09",0,"2,64",0,F,359
12,11,202603,202603,ULAX_4760,0,2NEAI,N,1,"3,6","0,0076","0,03",0,0,"0,03",0,F,35
12,11,202603,202603,ULAX_0432,0,2NENI,N,22,"12,9","0,00787","0,07",0,0,"0,07",0,F,934
12,11,202603,202603,SPOX_0999,0,4NENL,N,18,"17,6","0,00608","0,11",0,0,"0,11",0,F,968
12,11,202603,202603,SPOX_0083,0,2NENI,D,1,"2,8","0,00787","0,02",0,0,"0,02",0,F,11
12,11,202603,202603,SPOX_0999,0,2NENI,D,1420,"957,7","0,00787","7,53","0,28",0,"7,81",0,F,284
12,11,202603,202603,ULAX_2826,0,4NENL,N,56,"150,9","0,00605","0,93","0,03",0,"0,96",0,F,807
12,11,202603,202603,SPO_13918,0,4NENL,N,16,"77,2","0,00605","0,45","0,01",0,"0,46",0,F,85
12,11,202603,202603,SPO_11230,0,2NENI,R,1,"2,6","0,00787","0,02",0,0,"0,02",0,F,71
12,11,202603,202602,ULAX_1201,0,MNENI,N,3,"1,5","0,00787","0,01",0,0,"0,01",0,M,A61
12,11,202603,202603,SPOX_0999,0,2IENI,D,2,"1,7","0,00787","0,01",0,0,"0,01",0,F,705
12,11,202603,202603,ULAX_1204,0,4NENL,N,27172,"63360,4","0,00608","385,24","14,6",0,"399,84",0,F,247
12,11,202603,202603,ULAX_1201,0, NENV,N,5,"3,2","0,01499","0,05",0,0,"0,05",0,M,29
12,11,202603,202603,SPOX_9684,0,2NSNI,N,3,"14,9","0,00787","0,11",0,0,"0,11",0,F,317
12,11,202603,202603,SPOX_0999,0,2NENI,S,11,"12,8","0,00787","0,07",0,0,"0,07",0,F,281
12,11,202603,202602,SPOX_0999,0,2NENI,D,1,"1,5","0,0078","0,01",0,0,"0,01",0,F,316
12,11,202603,202603,ULAX_0432,0, NENV,N,519,"295,7","0,01686","4,98","0,18",0,"5,16",0,M,50
12,11,202603,202603,ULAX_1204,0,2NENI,R,15,"10,5","0,00787","0,08",0,0,"0,08",0,F,363
12,11,202603,202603,SPOX_0999,0,4NENL,R,8332,"36924,2","0,00423","156,2","5,91",0,"162,11",0,F,31
12,11,202603,202603,SPOX_0970,0,4NENL,N,18,"145,5","0,0061","0,89","0,03",0,"0,92",0,F,212
12,11,202603,202603,SPOX_0999,0,2NENI,N,292,"579,1","0,00787","4,56","0,17",0,"4,73",0,F,705
12,11,202603,202603,ULAX_4760,0,4NENL,N,2,"3,3","0,00605","0,02",0,0,"0,02",0,F,232
12,11,202603,202603,ULAX_0432,0,2NENI,R,40,"92,8","0,00787","0,72","0,02",0,"0,74",0,F,977
12,11,202603,202603,ULAX_1204,0,2NENI,N,16,8,"0,00787","0,03",0,0,"0,03",0,F,210
12,11,202603,202603,SPOX_0999,0,4IENL,N,27,"118,5","0,00608","0,72","0,02",0,"0,74",0,F,842
12,11,202603,202603,SPOX_0083,0,4NENL,N,5,"35,8","0,0061","0,22",0,0,"0,22",0,F,203
12,11,202603,202603,SPOX_0999,0,2NENI,D,1024,"5428,9","0,00787","42,71","1,61",0,"44,32",0,F,356
12,11,202603,202603,ULAX_4030,0, NENV,R,7,"3,5","0,01049","0,05",0,0,"0,05",0,M,34
12,11,202603,202603,SPO_14667,0,1NENI,D,1,"0,5","0,00787",0,0,0,0,0,F,143
12,11,202603,202603,SPO_11232,0,2NENI,S,6,"9,5","0,00787","0,07",0,0,"0,07",0,F,317
12,11,202603,202603,ULAX_1204,0,2NENI,D,163,"145,4","0,00787","1,15","0,04",0,"1,19",0,F,182
12,11,202603,202602,ULAX_1204,0,2NENI,D,1,4,"0,0078","0,03",0,0,"0,03",0,F,85
12,11,202603,202603,SPOX_0999,0,2IENI,N,2,"1,4","0,00787","0,01",0,0,"0,01",0,F,5
12,11,202603,202603,ULAX_1204,0,4NENL,N,89,"84,2","0,00608","0,51","0,01",0,"0,52",0,F,709
12,11,202603,202603,ULAX_1201,0, NENV,N,417,237,"0,01686","4,02","0,15",0,"4,17",0,M,50
12,11,202603,202603,SPO_10092,0,2NENI,D,5,"18,3","0,00787","0,14",0,0,"0,14",0,F,981
12,11,202603,202603,SPOX_0999,0,2NENI,S,3,"3,5","0,00787","0,03",0,0,"0,03",0,F,363
12,11,202603,202603,ULAX_1204,0,1NENI,S,1,"7,1","0,00787","0,06",0,0,"0,06",0,F,27
12,11,202603,202602,SPOX_0999,0,2NENI,D,3,"2,1","0,00787","0,01",0,0,"0,01",0,F,294
12,11,202603,202603,ULAX_0432,0, NENV,R,5,"2,5","0,01049","0,03",0,0,"0,03",0,M,492
12,11,202603,202603,ULAX_1204,0,2NENI,R,1,"0,5","0,00787",0,0,0,0,0,F,865
12,11,202603,202603,SPOX_0999,0,4NENL,R,88,"112,3","0,00423","0,45","0,01",0,"0,46",0,F,281
12,11,202603,202603,SPOX_0999,0,1NENI,D,76,"183,4","0,00787","1,44","0,05",0,"1,49",0,F,51
12,11,202603,202603,SPOX_0999,0,2NENI,N,6,3,"0,00787",0,0,0,0,0,F,917
12,11,202603,202603,ULAX_4763,0,2NEAI,R,5,"2,9","0,0076","0,02",0,0,"0,02",0,F,35
12,11,202603,202603,ULAX_0432,0,4NENL,N,1725,"1257,4","0,00605","7,61","0,28",0,"7,89",0,F,931
12,11,202603,202603,ULAX_1204,0,2NENI,N,8154,"17054,2","0,00787","134,21","5,08",0,"139,29",0,F,247
12,11,202603,202603,SPOX_0999,0,4IENL,R,1,"0,5","0,00423",0,0,0,0,0,F,921
12,11,202603,202603,SPOX_0326,0,4NENL,N,13,"130,1","0,0061","0,8","0,03",0,"0,83",0,F,203
12,11,202603,202603,SPOX_0999,0,2NENI,D,114,"76,6","0,00787","0,61","0,02",0,"0,63",0,F,663
12,11,202603,202603,ULAX_4113,0,2NENI,D,4,"7,8","0,00787","0,06",0,0,"0,06",0,F,62
12,11,202603,202603,SPO_14667,0,4NENL,N,13,"44,6","0,0061","0,26","0,01",0,"0,27",0,F,638
12,11,202603,202603,SPO_11362,0,2NENI,N,1,"2,5","0,00787","0,02",0,0,"0,02",0,F,804
12,11,202603,202603,ULAX_1204,0,2NENI,D,752,"467,4","0,00787","3,66","0,13",0,"3,79",0,F,224
12,11,202603,202602,ULAX_1204,0,2NENI,D,1,"0,5","0,0078",0,0,0,0,0,F,804
12,11,202603,202603,SPOX_0999,0,2IENI,N,34,"63,8","0,00787","0,48","0,01",0,"0,49",0,F,351
12,11,202603,202603,ULAX_1204,0,4NENL,N,248,"350,5","0,00608","2,11","0,08",0,"2,19",0,F,960
12,11,202603,202603,ULAX_1204,0,1NENI,D,14,"26,1","0,00787","0,18",0,0,"0,18",0,F,27
12,11,202603,202603,SPO_10152,0,2NENI,S,2,11,"0,00787","0,09",0,0,"0,09",0,F,143
12,11,202603,202603,SPOX_0999,0,2NENI,S,16,"12,3","0,00787","0,07",0,0,"0,07",0,F,977
12,11,202603,202603,ULAX_1204,0,2IENI,D,27,"135,2","0,00787","1,04","0,04",0,"1,08",0,F,205
12,11,202603,202602,SPOX_0999,0,2NENI,N,1,"13,5","0,0078","0,11",0,0,"0,11",0,F,780
12,11,202603,202603,ULAX_0953,0,2NENI,N,292,"911,7","0,00787","7,18","0,27",0,"7,45",0,F,674
12,11,202603,202603,ULAX_1204,0,2NENI,R,1,"0,5","0,00787",0,0,0,0,0,F,985
12,11,202603,202603,SPOX_0999,0,4NENL,R,19,"111,7","0,00423","0,48","0,01",0,"0,49",0,F,925
12,11,202603,202603,SPOX_0999,0,1NENI,D,9,"20,3","0,00787","0,14",0,0,"0,14",0,F,267
12,11,202603,202603,SPOX_0999,0,2NENI,N,32,"35,2","0,00787","0,27","0,01",0,"0,28",0,F,971
12,11,202603,202603,ULAX_4763,0,2NSNI,S,1,"0,5","0,00787",0,0,0,0,0,F,355
12,11,202603,202603,ULAX_0432,0,4NENL,N,24,"12,7","0,00608","0,08",0,0,"0,08",0,F,709
12,11,202603,202603,ULAX_1204,0,2NENI,N,373,257,"0,00787","2,04","0,07",0,"2,11",0,F,286
12,11,202603,202603,SPOX_0999,0,4NENL,N,267,"268,4","0,00605","1,63","0,06",0,"1,69",0,F,84
12,11,202603,202603,SPOX_0348,0,2NETI,N,1,"10,5","0,00787","0,08",0,0,"0,08",0,F,143
12,11,202603,202603,SPOX_0999,0,2NENI,D,7,"3,5","0,00787","0,01",0,0,"0,01",0,F,804
12,11,202603,202603,ULAX_4113,0, NENV,N,657,"513,3","0,01686","8,64","0,32",0,"8,96",0,M,348
12,11,202603,202603,SPO_14679,0,2NSNI,D,18,"72,7","0,00787","0,57","0,02",0,"0,59",0,F,317
12,11,202603,202603,SPO_11366,0,2IENI,N,1,"1,3","0,00787","0,01",0,0,"0,01",0,F,361
12,11,202603,202603,ULAX_1204,0,2NENI,D,1460,"1934,6","0,00787","15,25","0,57",0,"15,82",0,F,255
12,11,202603,202602,ULAX_1204,0,2NENI,D,1,"2,8","0,00787","0,02",0,0,"0,02",0,F,780
12,11,202603,202603,SPOX_0999,0,2IENI,N,16,27,"0,00787","0,21",0,0,"0,21",0,F,931
12,11,202603,202603,ULAX_1204,0,4NENL,R,220,"747,3","0,00423","3,13","0,11",0,"3,24",0,F,27
12,11,202603,202603,ULAX_1204,0,1NENI,D,4,"2,6","0,00787","0,01",0,0,"0,01",0,F,255
12,11,202603,202603,SPO_10402,0,MNENI,D,4,2,"0,0076",0,0,0,0,0,M,325
12,11,202603,202603,SPOX_0999,0,4IENL,N,48,"35,7","0,00605","0,22",0,0,"0,22",0,F,292
12,11,202603,202603,ULAX_1204,0,2IENI,D,10,"8,7","0,00787","0,05",0,0,"0,05",0,F,359
12,11,202603,202602,SPOX_0999,0,2NENI,N,1,3,"0,00787","0,02",0,0,"0,02",0,F,361
12,11,202603,202603,ULAX_1051,0,2NENI,D,1,"1,7","0,00787","0,01",0,0,"0,01",0,F,267
12,11,202603,202603,ULAX_1204,0,2NENI,S,108,"192,2","0,00787","1,48","0,05",0,"1,53",0,F,235
12,11,202603,202603,SPOX_0999,0,4NENL,R,10,"29,8","0,00425","0,13",0,0,"0,13",0,F,204
12,11,202603,202603,SPOX_0999,0,1NENI,D,21,"20,1","0,00787","0,15",0,0,"0,15",0,F,674
12,11,202603,202603,SPOX_0999,0,2NENI,R,1,"0,5","0,00787",0,0,0,0,0,F,41
12,11,202603,202603,ULAX_5040,0, NENV,R,105,"594,4","0,0118","7,05","0,26",0,"7,31",0,M,349
12,11,202603,202603,ULAX_0432,0,4NENL,R,1,"1,5","0,00425","0,01",0,0,"0,01",0,F,62
12,11,202603,202603,ULAX_1204,0,2NENI,N,230,"254,4","0,00787","2,02","0,07",0,"2,09",0,F,359
12,11,202603,202603,SPOX_0999,0,4NENL,N,1,"4,7","0,00605","0,03",0,0,"0,03",0,F,237
12,11,202603,202603,SPOX_0543,0,4NENL,N,5,"22,6","0,00605","0,13",0,0,"0,13",0,F,884
12,11,202603,202603,SPOX_0999,0,2NENI,D,81,"53,6","0,00787","0,42","0,01",0,"0,43",0,F,934
12,11,202603,202603,ULAX_4202,0,2NSAI,N,7,"15,2","0,0076","0,11",0,0,"0,11",0,F,48
12,11,202603,202603,SPO_14681,0,2NENI,R,58,"69,9","0,00787","0,54","0,02",0,"0,56",0,F,143
12,11,202603,202603,SPO_11368,0, NENV,R,1,"0,9","0,01049","0,01",0,0,"0,01",0,M,34
12,11,202603,202603,ULAX_1204,0,2NENI,D,9154,"32766,8","0,00787","257,87","9,76",0,"267,63",0,F,292
12,11,202603,202602,ULAX_1204,0,2NENI,N,3,"2,5","0,00787","0,02",0,0,"0,02",0,F,235
12,11,202603,202603,SPOX_0999,0,2IENI,R,1,"0,5","0,00787",0,0,0,0,0,F,316
12,11,202603,202603,ULAX_1204,0,4NENL,R,44,"48,6","0,00423","0,22",0,0,"0,22",0,F,283
12,11,202603,202603,ULAX_1204,0,1NENI,D,1,"0,7","0,00787","0,01",0,0,"0,01",0,F,663
12,11,202603,202603,SPO_10417,0, NENV,N,4,2,"0,01779","0,04",0,0,"0,04",0,M,325
12,11,202603,202603,ULAX_1204,0,2IENI,D,1,"0,5","0,00787",0,0,0,0,0,F,943
12,11,202603,202602,SPOX_0999,0,4NENL,N,1,21,"0,00602","0,13",0,0,"0,13",0,F,62
12,11,202603,202603,ULAX_1201,0,1NENI,R,3,"4,2","0,00787","0,03",0,0,"0,03",0,F,361
12,11,202603,202603,ULAX_1204,0,2NENI,S,1,"0,5","0,00787",0,0,0,0,0,F,294
12,11,202603,202603,SPOX_0999,0,4NENL,R,6,"13,5","0,00425","0,05",0,0,"0,05",0,F,706
12,11,202603,202603,SPOX_0999,0,1NENI,N,5,"23,3","0,00787","0,18",0,0,"0,18",0,F,27
12,11,202603,202603,ULAX_0432,0,MNENI,D,3,"1,5","0,00787","0,01",0,0,"0,01",0,M,77
12,11,202603,202603,ULAX_4616,0,1NENI,D,1,"0,6","0,00787",0,0,0,0,0,F,767
12,11,202603,202603,ULAX_1204,0,2NENI,N,290,"603,5","0,00787","4,76","0,17",0,"4,93",0,F,705
12,11,202603,202603,SPOX_0999,0,4NENL,N,112,"95,5","0,00605","0,6","0,02",0,"0,62",0,F,295
12,11,202603,202603,SPOX_0545,0,4NENL,N,12,"36,7","0,00605","0,23",0,0,"0,23",0,F,621
12,11,202603,202603,SPOX_0999,0,2NENI,D,5,"2,5","0,00787","0,01",0,0,"0,01",0,F,982
12,11,202603,202603,ULAX_0432,0,1NENI,D,23,"11,8","0,00787","0,04",0,0,"0,04",0,F,767
12,11,202603,202603,ULAX_1204,0,4NENL,R,410,"2681,5","0,00423","11,32","0,42",0,"11,74",0,F,780
12,11,202603,202603,SPO_11402,0,2NENI,D,1,"1,3","0,00787","0,01",0,0,"0,01",0,F,766
12,11,202603,202603,ULAX_1204,0,2NENI,D,2922,"2649,6","0,00787","20,85","0,78",0,"21,63",0,F,363
12,11,202603,202602,ULAX_1204,0,2NENI,S,0,"0,5","0,0078",0,0,0,0,0,F,232
12,11,202603,202603,SPOX_0999,0,2IENI,R,1,"0,5","0,00787",0,0,0,0,0,F,767
12,11,202603,202603,ULAX_1204,0,1NENI,N,15,"19,1","0,00787","0,14",0,0,"0,14",0,F,27
12,11,202603,202603,SPO_10617,0,4NENL,R,2,"4,2","0,00427","0,02",0,0,"0,02",0,F,638
12,11,202603,202603,ULAX_1204,0,2IENI,N,7,"30,6","0,00787","0,23",0,0,"0,23",0,F,205
12,11,202603,202602,SPOX_0999,0,4NENL,N,1,"0,5","0,00605",0,0,0,0,0,F,621
12,11,202603,202603,ULAX_1201,0,2NENI,D,1,"1,6","0,00787","0,01",0,0,"0,01",0,F,965
12,11,202603,202603,SPOX_0999,0,2NENI,R,74,"159,8","0,00787","1,25","0,04",0,"1,29",0,F,240
12,11,202603,202603,ULAX_1204,0,2NENI,S,3,"13,6","0,00787","0,11",0,0,"0,11",0,F,705
12,11,202603,202603,SPOX_0999,0,MNENI,D,306,"191,9","0,00787","1,52","0,05",0,"1,57",0,M,6
12,11,202603,202603,SPOX_0999,0,1NENI,N,134,"143,5","0,00787","1,11","0,04",0,"1,15",0,F,251
12,11,202603,202603,ULAX_0432,0,MNENI,N,1,"0,5","0,00787",0,0,0,0,0,M,63
12,11,202603,202603,SPOX_0999,0,2NENI,N,22724,"103354,2","0,00787","813,39","30,81",0,"844,2",0,F,31
12,11,202603,202603,ULAX_4721,0,MNENI,R,2,"3,5","0,00787","0,02",0,0,"0,02",0,M,30
12,11,202603,202603,ULAX_1204,0,2NENI,N,235,817,"0,00787","6,43","0,24",0,"6,67",0,F,842
12,11,202603,202603,SPOX_0999,0,4NENL,N,2,2,"0,00605","0,01",0,0,"0,01",0,F,810
12,11,202603,202603,SPOX_0551,0,4NENL,N,7,"52,5","0,00605","0,32","0,01",0,"0,33",0,F,884
12,11,202603,202603,ULAX_0432,0,1NENI,R,3,"6,9","0,00787","0,05",0,0,"0,05",0,F,361
12,11,202603,202603,SPOX_0999,0,2IENI,S,1,"0,5","0,00787",0,0,0,0,0,F,317
12,11,202603,202603,ULAX_1204,0,4NENL,R,5,"2,5","0,00425","0,01",0,0,"0,01",0,F,65
12,11,202603,202603,SPO_11460,0,2NENI,R,534,"1711,1","0,00787","13,46","0,51",0,"13,97",0,F,351
12,11,202603,202603,ULAX_1204,0,2NENI,D,4232,"6572,4","0,00787","51,74","1,95",0,"53,69",0,F,674
12,11,202603,202602,ULAX_1204,0,4NENL,N,6,"4,4","0,00602","0,02",0,0,"0,02",0,F,757
12,11,202603,202603,ULAX_1204,0,1NENI,N,2,"3,9","0,00787","0,03",0,0,"0,03",0,F,281
12,11,202603,202603,SPOX_0999,0,1NENI,N,2,"7,7","0,00787","0,06",0,0,"0,06",0,F,357
12,11,202603,202603,ULAX_1204,0,4NENL,N,18,"42,6","0,00605","0,26",0,0,"0,26",0,F,214
12,11,202603,202603,SPO_10808,0,MNENI,R,1,"0,5","0,0076",0,0,0,0,0,M,325
12,11,202603,202603,ULAX_1204,0,2IENI,N,66,"86,1","0,00787","0,7","0,02",0,"0,72",0,F,361
12,11,202603,202602,SPOX_0999,0,MNENI,D,1,"7,4","0,00787","0,06",0,0,"0,06",0,M,50
12,11,202603,202603,ULAX_1201,0,2NENI,S,1,"0,5","0,00787",0,0,0,0,0,F,951
12,11,202603,202603,SPOX_0999,0,2NENI,R,238,"900,5","0,00787","7,07","0,26",0,"7,33",0,F,285
12,11,202603,202603,ULAX_1204,0,4IENL,N,21,"33,4","0,00605","0,2",0,0,"0,2",0,F,21
12,11,202603,202603,SPOX_0999,0,MNENI,S,1,"0,5","0,00787",0,0,0,0,0,M,50
12,11,202603,202603,ULAX_0432,0,MNENI,N,6,"4,3","0,00787","0,03",0,0,"0,03",0,M,491
12,11,202603,202603,SPOX_0811,0,2NENI,N,902,2240,"0,00787","17,63","0,66",0,"18,29",0,F,361
12,11,202603,202603,SPOX_0999,0,2NENI,N,4,2,"0,00787",0,0,0,0,0,F,86
12,11,202603,202603,ULAX_4723,0,2NENI,N,3945,"11226,5","0,00787","88,36","3,34",0,"91,7",0,F,355
12,11,202603,202603,ULAX_1204,0,2NENI,N,47,"24,5","0,00787","0,2",0,0,"0,2",0,F,967
12,11,202603,202603,SPOX_0999,0,4NENL,N,43,"22,3","0,00605","0,12",0,0,"0,12",0,F,992
12,11,202603,202603,ULAX_0432,0,2NENI,D,188,"229,9","0,00787","1,82","0,06",0,"1,88",0,F,251
12,11,202603,202603,SPOX_0999,0,2NENI,D,15916,"13383,4","0,00787","105,32","3,98",0,"109,3",0,F,42
12,11,202603,202603,ULAX_1204,0,4NENL,R,4,"3,3","0,00425","0,01",0,0,"0,01",0,F,293
12,11,202603,202603,SPO_11464,0,4NENL,N,1,"0,5","0,00605",0,0,0,0,0,F,921
12,11,202603,202603,ULAX_1204,0,2NENI,D,1,"0,5","0,00787",0,0,0,0,0,F,805
12,11,202603,202603,ULAX_1204,0,1NENI,N,21,"16,5","0,00787","0,08",0,0,"0,08",0,F,931
12,11,202603,202603,SPOX_0999,0,1NENI,N,2,"12,2","0,00787","0,1",0,0,"0,1",0,F,948
12,11,202603,202603,ULAX_1204,0,4NENL,N,9113,"39666,1","0,00605","239,99","9,09",0,"249,08",0,F,285
12,11,202603,202603,SPO_11142,0,4NENL,N,1,"16,6","0,00608","0,1",0,0,"0,1",0,F,241
12,11,202603,202603,ULAX_1204,0,2IENI,R,15,"120,6","0,0076","0,91","0,03",0,"0,94",0,F,35
12,11,202603,202602,SPO_11230,0,2NENI,N,1,"29,5","0,00787","0,23",0,0,"0,23",0,F,317
12,11,202603,202603,ULAX_1201,0,4NENL,R,4,"2,6","0,00425",0,0,0,0,0,F,951
12,11,202603,202603,SPOX_0999,0,2NENI,R,163,"335,8","0,00787","2,63","0,1",0,"2,73",0,F,357
12,11,202603,202603,ULAX_1204,0,4IENL,N,3,"1,6","0,00605",0,0,0,0,0,F,981
12,11,202603,202603,SPOX_6685,0,MNENI,D,12,16,"0,0076","0,11",0,0,"0,11",0,M,325
12,11,202603,202603,ULAX_0432,0,MNENI,R,1,"0,5","0,00787",0,0,0,0,0,M,33
12,11,202603,202603,SPOX_0812,0,2NENI,D,5,"11,5","0,00787","0,09",0,0,"0,09",0,F,951
12,11,202603,202603,SPOX_0999,0,2NENI,N,11,"5,5","0,00787","0,02",0,0,"0,02",0,F,210
12,11,202603,202603,ULAX_4726,0,2NSNI,D,183,"562,7","0,0076","4,29","0,16",0,"4,45",0,F,35
12,11,202603,202603,ULAX_1204,0,2NENI,R,2,1,"0,00787",0,0,0,0,0,F,41
12,11,202603,202603,SPOX_0999,0,4NENL,N,9,"14,1","0,00608","0,08",0,0,"0,08",0,F,121
12,11,202603,202603,ULAX_0432,0,2NENI,D,4,"4,6","0,00787","0,03",0,0,"0,03",0,F,807
12,11,202603,202602,ULAX_4113,0,2NENI,D,1,"0,5","0,00787",0,0,0,0,0,F,674
12,11,202603,202603,SPOX_0999,0,2NENI,D,156,"167,3","0,00787","1,32","0,04",0,"1,36",0,F,91
12,11,202603,202603,ULAX_1204,0,4NENL,R,27,"57,6","0,00441","0,26",0,0,"0,26",0,F,219
12,11,202603,202603,SPO_11923,0,4NENL,N,13,"50,9","0,00605","0,32","0,01",0,"0,33",0,F,597
12,11,202603,202603,ULAX_1204,0,2NENI,D,349,"341,2","0,00787","2,69","0,1",0,"2,79",0,F,943
12,11,202603,202603,ULAX_1204,0,1NENI,R,2,"1,6","0,00787","0,01",0,0,"0,01",0,F,241
12,11,202603,202602,SPO_11366,0,2NENI,S,2,"5,4","0,0078","0,04",0,0,"0,04",0,F,361
12,11,202603,202603,SPOX_0999,0,1NENI,R,14,"203,3","0,00787","1,6","0,06",0,"1,66",0,F,355
12,11,202603,202603,ULAX_1204,0,4NENL,N,1103,"2076,3","0,00605","12,57","0,47",0,"13,04",0,F,705
12,11,202603,202603,SPO_11144,0,4NENL,R,1,"0,5","0,00425",0,0,0,0,0,F,708
12,11,202603,202603,ULAX_1204,0,2IENI,R,22,"48,6","0,00787","0,39","0,01",0,"0,4",0,F,355
12,11,202603,202603,ULAX_1201,0,MNENI,D,2,1,"0,00787",0,0,0,0,0,M,441
12,11,202603,202603,SPOX_0999,0,2NENI,R,163,"332,3","0,00787","2,59","0,09",0,"2,68",0,F,767
12,11,202603,202603,ULAX_1204,0,4IENL,R,8,"13,8","0,00423","0,05",0,0,"0,05",0,F,281
12,11,202603,202603,SPOX_6694,0, NENV,R,2,"74,4","0,01245","0,93","0,03",0,"0,96",0,M,325
12,11,202603,202603,ULAX_0432,0,MNENI,R,2,1,"0,00787","0,01",0,0,"0,01",0,M,495
12,11,202603,202603,SPOX_0823,0,2NENI,D,1,"0,7","0,00787","0,01",0,0,"0,01",0,F,804
12,11,202603,202603,SPOX_0999,0,2NENI,N,8192,"16410,4","0,00787","129,15","4,88",0,"134,03",0,F,247
12,11,202603,202603,ULAX_4726,0, NENV,N,172,"149,9","0,01499","2,25","0,08",0,"2,33",0,M,34
12,11,202603,202603,ULAX_1204,0,2NENI,R,6,"5,1","0,00787","0,05",0,0,"0,05",0,F,207
12,11,202603,202603,SPOX_0999,0,4NENL,N,13446,"22087,2","0,00608","134,29","5,08",0,"139,37",0,F,262
12,11,202603,202603,ULAX_0432,0,2NENI,N,36,"18,5","0,00787","0,13",0,0,"0,13",0,F,62
12,11,202603,202602,ULAX_4726,0,2NENI,D,1,"2,5","0,00787","0,02",0,0,"0,02",0,F,355
12,11,202603,202603,SPOX_0999,0,2NENI,D,12,"87,8","0,00787","0,7","0,02",0,"0,72",0,F,214
12,11,202603,202603,ULAX_1204,0,MNENI,R,26,"13,4","0,0076","0,1",0,0,"0,1",0,M,34
12,11,202603,202603,SPO_12222,0,4NENL,N,2,"1,5","0,00608","0,01",0,0,"0,01",0,F,121
12,11,202603,202603,ULAX_1204,0,2NENI,D,23,"36,1","0,00787","0,26","0,01",0,"0,27",0,F,984
12,11,202603,202602,ULAX_0432,0,MNENI,D,2,1,"0,0078","0,01",0,0,"0,01",0,M,A61
12,11,202603,202603,SPOX_0999,0,2IENI,D,3,"1,5","0,0076","0,01",0,0,"0,01",0,F,49
12,11,202603,202603,ULAX_1204,0,4NENL,N,3,"1,5","0,00605",0,0,0,0,0,F,982
12,11,202603,202603,ULAX_1201,0,MNENI,N,1,"0,5","0,00787",0,0,0,0,0,M,20
12,11,202603,202603,SPO_11154,0,2NENI,N,293,"544,3","0,00787","4,27","0,16",0,"4,43",0,F,432
12,11,202603,202603,ULAX_1204,0,2IENI,S,4,"7,6","0,00787","0,07",0,0,"0,07",0,F,21
12,11,202603,202603,SPOX_0999,0,2NENI,R,48,"136,3","0,00787","1,07","0,04",0,"1,11",0,F,983
12,11,202603,202603,ULAX_1204,0,4NENL,N,13,52,"0,00605","0,33","0,01",0,"0,34",0,F,71
12,11,202603,202603,SPOX_6716,0,1NENI,N,127,"219,3","0,00787","1,73","0,06",0,"1,79",0,F,363
12,11,202603,202603,ULAX_1055,0,9LENI,D,53,"129,7","0,00787","1,02","0,03",0,"1,05",0,M,34
12,11,202603,202603,ULAX_4728,0,9LENI,R,5,"8,3","0,00787","0,07",0,0,"0,07",0,M,34
12,11,202603,202603,ULAX_4721,0,9LENI,R,2,"4,4","0,00787","0,03",0,0,"0,03",0,M,34
12,11,202603,202603,ULAX_4759,0,9LENI,N,2,1,"0,00787","0,01",0,0,"0,01",0,M,30
12,11,202603,202603,ULAX_4728,0,9LENI,D,53,"109,3","0,00787","0,88","0,03",0,"0,91",0,M,34
12,11,202603,202603,ULAX_4721,0,9LENI,D,55,"114,4","0,00787","0,91","0,03",0,"0,94",0,M,34
12,11,202603,202603,ULAX_4759,0,9LENI,D,423,"317,4","0,00787","2,49","0,09",0,"2,58",0,M,430
12,11,202603,202603,ULAX_4725,0,9LENI,N,1,"2,9","0,00787","0,02",0,0,"0,02",0,M,430
12,11,202603,202603,ULAX_4759,0,9LENI,R,25,"95,2","0,00787","0,74","0,02",0,"0,76",0,M,34
12,11,202603,202603,ULAX_1055,0,9LENI,N,5,"2,4","0,00787","0,01",0,0,"0,01",0,M,430
12,11,202603,202603,ULAX_4759,0,9LENI,D,1885,"1385,4","0,00787","10,9","0,41",0,"11,31",0,M,34
12,11,202603,202603,ULAX_4725,0,9LENI,D,8,"35,5","0,00787","0,28","0,01",0,"0,29",0,M,430
12,11,202603,202603,ULAX_4759,0,9LENI,N,280,"214,5","0,00787","1,71","0,06",0,"1,77",0,M,430
12,11,202603,202603,ULAX_1055,0,9LENI,D,7,18,"0,00787","0,14",0,0,"0,14",0,M,430
12,11,202603,202603,ULAX_4728,0,9LENI,S,1,"0,6","0,00787",0,0,0,0,0,M,34
12,11,202603,202603,ULAX_4721,0,9LENI,S,1,"0,5","0,00787",0,0,0,0,0,M,34
12,11,202603,202603,ULAX_4759,0,9LENI,N,1201,"702,7","0,00787","5,51","0,2",0,"5,71",0,M,34
12,11,202603,202603,ULAX_4728,0,9LENI,N,13,"32,9","0,00787","0,25",0,0,"0,25",0,M,34
12,11,202603,202603,ULAX_4721,0,9LENI,N,21,"17,7","0,00787","0,13",0,0,"0,13",0,M,34
12,11,202603,202603,ULAX_4759,0,9LENI,D,5,"2,5","0,00787",0,0,0,0,0,M,A34
12,11,202603,202603,ULAX_4725,0,9LENI,R,5,"110,7","0,00787","0,87","0,03",0,"0,9",0,M,430
12,11,202603,202603,ULAX_4759,0,9LENI,R,25,"92,2","0,00787","0,72","0,02",0,"0,74",0,M,430
12,11,202603,202603,ULAX_1055,0,9LENI,R,6,"5,7","0,00787","0,03",0,0,"0,03",0,M,34
12,11,202603,202603,ULAX_4759,0,9LENI,D,5,"2,5","0,00787","0,01",0,0,"0,01",0,M,76
12,11,202603,202603,ULAX_4725,0,9LENI,N,14,"19,6","0,00787","0,15",0,0,"0,15",0,M,34
12,11,202603,202603,ULAX_4759,0,9LENI,N,3,"1,5","0,00787",0,0,0,0,0,M,A34
12,11,202603,202603,ULAX_1055,0,9LENI,N,22,"59,4","0,00787","0,47","0,01",0,"0,48",0,M,34
12,11,202603,202603,ULAX_4759,0,9LENI,D,3,"1,5","0,00787",0,0,0,0,0,M,30
12,11,202603,202603,ULAX_4725,0,9LENI,D,18,"61,6","0,00787","0,48","0,01",0,"0,49",0,M,34
12,11,202603,202603,ULAX_4759,0,9LENI,N,2,1,"0,00787",0,0,0,0,0,M,76
12,11,202603,202603,ULAX_4721,0,9LENI,D,49,"77,5","0,00787","0,59","0,02",0,"0,61",0,M,34
12,11,202603,202603,ULAX_1055,0,9LENI,D,3,"1,5","0,00787",0,0,0,0,0,M,34
12,11,202603,202603,ULAX_4728,0,9LENI,N,11,"7,9","0,00787","0,04",0,0,"0,04",0,M,34
12,11,202603,202603,ULAX_4721,0,9LENI,N,18,15,"0,00787","0,09",0,0,"0,09",0,M,34
12,11,202603,202603,ULAX_1055,0,9LENI,N,4,2,"0,00787","0,01",0,0,"0,01",0,M,34
12,11,202603,202603,ULAX_4728,0,9LENI,D,42,118,"0,00787","0,92","0,03",0,"0,95",0,M,34
25,11,202603,202603,SPOX_0046,0, NENL,R,7,16,"0,00441","0,07",0,0,"0,07",0,F,25
25,11,202603,202603,SPOX_0046,0,4NENL,N,739,"442,2","0,00631","2,8","0,1",0,"2,9",0,F,25
25,11,202603,202603,SPOX_0046,0, NENL,N,713,"672,1","0,00631","4,26","0,13",0,"4,39",0,F,25
25,11,202603,202603,SPOX_0046,0,4IENL,N,2,"1,9","0,00631","0,01",0,0,"0,01",0,F,25
25,11,202603,202603,SPOX_0046,0, NENL,N,102,94,"0,00631","0,55","0,01",0,"0,56",0,F,25
34,11,202603,202603,NSH34URA,0, GS8V,R,4,"15,6","0,01049","0,16",0,0,"0,16",0,M,30
34,11,202603,202603,NSH35URA,0, GS8V,R,12,"35,3","0,01049","0,38","0,01",0,"0,39",0,M,34
34,11,202603,202603,ULAN_1001,0, GS8V,R,49,"185,4","0,01049","1,97","0,06",0,"2,03",0,M,325
34,11,202603,202603,ULAN_1041,0, NENV,N,1,"0,5","0,01499","0,01",0,0,"0,01",0,M,A34
34,11,202603,202603,NKLA_0651,0, GS8V,R,278,"695,6","0,01049","7,37","0,25",0,"7,62",0,M,34
34,11,202603,202603,NSH34ULA,0, GS8V,N,6,"42,1","0,01499","0,63","0,02",0,"0,65",0,M,30
34,11,202603,202603,NSH34URA,0, GS3V,N,262,"1809,8","0,01499","27,11","0,99",0,"28,1",0,M,34
34,11,202603,202603,NSH35ULA,0, GS3V,N,4,"27,9","0,01499","0,43","0,01",0,"0,44",0,M,34
34,11,202603,202603,NSH64URA,0, GS8V,N,74,"517,9","0,01499","7,77","0,28",0,"8,05",0,M,348
34,11,202603,202603,ULAN_1040,0, NENV,N,7,"3,5","0,01499","0,05",0,0,"0,05",0,M,B99
34,11,202603,202603,NKRA_0651,0, GS8V,R,327,"866,6","0,01049","9,16","0,32",0,"9,48",0,M,34
34,11,202603,202603,NSH34ULA,0, GS8V,N,7,"8,1","0,01499","0,12",0,0,"0,12",0,M,N07
34,11,202603,202603,NSH34URA,0, GS8V,N,16212,"91557,5","0,01499","1372,44","51,92",0,"1424,36",0,M,34
34,11,202603,202603,NSH34URA,0, GS8V,N,10,"52,1","0,01499","0,79","0,02",0,"0,81",0,M,N06
34,11,202603,202603,NSH35URA,0, GS8V,N,2,"23,9","0,01499","0,36","0,01",0,"0,37",0,M,411
34,11,202603,202603,ULAN_1001,0, GS8V,N,3,"19,4","0,01499","0,28",0,0,"0,28",0,M,411
34,11,202603,202603,ULAN_1041,0, NENV,N,4,2,"0,01499","0,04",0,0,"0,04",0,M,76
34,11,202603,202603,NKLA_0651,0, GS8V,N,44,"263,3","0,01499","3,95","0,13",0,"4,08",0,M,430
34,11,202603,202603,NSH34ULA,0, GS3V,R,1,"1,5","0,01049","0,02",0,0,"0,02",0,M,430
34,11,202603,202603,NSH34ULA,0, GS8V,R,2,"1,2","0,01049","0,02",0,0,"0,02",0,M,N07
34,11,202603,202603,NSH34URA,0, GS8V,R,119,"324,9","0,01049","3,44","0,1",0,"3,54",0,M,430
34,11,202603,202603,NSH64ULA,0, GS8V,R,44,"30,1","0,01049","0,34","0,01",0,"0,35",0,M,348
34,11,202603,202603,ULAN_1040,0, NENV,N,11129,10005,"0,01499","149,94","5,62",0,"155,56",0,M,430
34,11,202603,202603,ULAN_1042,0, NENV,N,1,"0,5","0,01499","0,01",0,0,"0,01",0,M,430
34,11,202603,202603,NKRA_0651,0, GS8V,N,43,"254,3","0,01499","3,81","0,13",0,"3,94",0,M,430
34,11,202603,202603,NSH34ULA,0, GS8V,N,662,"4460,3","0,01499","66,82","2,49",0,"69,31",0,M,430
34,11,202603,202603,NSH34URA,0, GS8V,N,1,"4,1","0,01499","0,06",0,0,"0,06",0,M,17
34,11,202603,202603,NSH34URA,0, GS8V,N,593,"3969,2","0,01499","59,47","2,2",0,"61,67",0,M,430
34,11,202603,202603,NSH35URA,0, GS8V,N,160,1092,"0,01499","16,36","0,61",0,"16,97",0,M,34
34,11,202603,202603,ULAN_1001,0, GS8V,N,2,42,"0,01499","0,63","0,01",0,"0,64",0,M,34
34,11,202603,202603,ULAN_1041,0, NENV,N,1,"0,5","0,01499","0,01",0,0,"0,01",0,M,30
34,11,202603,202603,NKLA_0651,0, GS8V,N,1129,"6269,5","0,01499",94,"3,52",0,"97,52",0,M,34
34,11,202603,202603,NSH34ULA,0, GS3V,N,6,"77,6","0,01499","1,16","0,04",0,"1,2",0,M,430
34,11,202603,202603,NSH34ULA,0, GS8V,R,4,"3,1","0,01049","0,04",0,0,"0,04",0,M,348
34,11,202603,202603,NSH34URA,0, GS8V,R,4,"29,1","0,01049","0,31",0,0,"0,31",0,M,325
34,11,202603,202603,NSH64ULA,0, GS8V,N,17,"82,9","0,01499","1,23","0,04",0,"1,27",0,M,34
34,11,202603,202603,ULAN_1040,0, NENV,N,383006,370522,"0,01499","5554,17","210,3",0,"5764,47",0,M,34
34,11,202603,202603,ULAN_1042,0, NENV,N,17332,"13332,5","0,01499","199,68","7,52",0,"207,2",0,M,34
34,11,202603,202603,NKRA_0651,0, GS3V,N,34,"130,7","0,01499","1,96","0,05",0,"2,01",0,M,34
34,11,202603,202603,NSH34ULA,0, GS8V,N,29,"116,1","0,01499","1,72","0,05",0,"1,77",0,M,325
34,11,202603,202603,NSH34URA,0, GS3V,R,25,"118,4","0,01049","1,24","0,03",0,"1,27",0,M,34
34,11,202603,202603,NSH35ULA,0, GS8V,N,21,"110,1","0,01499","1,65","0,06",0,"1,71",0,M,430
34,11,202603,202603,ULAN_1001,0, GS3V,N,6,"15,4","0,01499","0,23",0,0,"0,23",0,M,325
34,11,202603,202603,ULAN_1040,0, NENV,R,7,32,"0,01049","0,34","0,01",0,"0,35",0,M,76
34,11,202603,202603,NKLA_0651,0, GS3V,R,5,"20,2","0,01049","0,21",0,0,"0,21",0,M,34
34,11,202603,202603,NSH16URA,0, GS8V,N,15,"118,3","0,01499","1,78","0,06",0,"1,84",0,M,325
34,11,202603,202603,NSH34ULA,0, GS8V,R,7,"7,8","0,01049","0,08",0,0,"0,08",0,M,76
34,11,202603,202603,NSH34URA,0, GS8V,N,82,"488,2","0,01499","7,3","0,27",0,"7,57",0,M,348
34,11,202603,202603,NSH34URA,0, GS8V,R,3874,"7697,9","0,01049","80,82",3,0,"83,82",0,M,34
34,11,202603,202603,NSH35URA,0, GS8V,R,2,1,"0,01049","0,02",0,0,"0,02",0,M,430
34,11,202603,202603,ULAN_1001,0, GS8V,R,1,"3,7","0,01049","0,04",0,0,"0,04",0,M,411
34,11,202603,202603,ULAN_1041,0, NENV,R,220,"1153,2","0,01049","12,13","0,45",0,"12,58",0,M,34
34,11,202603,202603,NKLA_0651,0, GS8V,R,11,"52,8","0,01049","0,57","0,01",0,"0,58",0,M,430
34,11,202603,202603,NSH34ULA,0, GS8V,N,16168,"91643,9","0,01499","1373,76","51,96",0,"1425,72",0,M,34
34,11,202603,202603,NSH34URA,0, GS3V,N,1,"6,5","0,01499","0,1",0,0,"0,1",0,M,348
34,11,202603,202603,NSH35ULA,0, GS8V,N,160,"825,3","0,01499","12,39","0,44",0,"12,83",0,M,34
34,11,202603,202603,NSH64URA,0, GS8V,N,2,"6,2","0,01499","0,09",0,0,"0,09",0,M,462
34,11,202603,202603,ULAN_1040,0, NENV,R,2,1,"0,01049","0,02",0,0,"0,02",0,M,30
34,11,202603,202603,NKRA_0651,0, GS8V,R,6,"23,7","0,01049","0,25",0,0,"0,25",0,M,430
34,11,202603,202603,NSH34ULA,0, GS8V,R,2,"11,1","0,01049","0,12",0,0,"0,12",0,M,30
34,11,202603,202603,NSH34URA,0, GS8V,N,9,36,"0,01499","0,55","0,01",0,"0,56",0,M,76
34,11,202603,202603,NSH34URA,0, GS8V,N,9,"13,4","0,01499","0,2",0,0,"0,2",0,M,N07
34,11,202603,202603,NSH35URA,0, GS8V,N,10,"113,9","0,01499","1,71","0,06",0,"1,77",0,M,430
34,11,202603,202603,ULAN_1001,0, GS8V,R,1,"0,8","0,01049","0,01",0,0,"0,01",0,M,17
34,11,202603,202603,ULAN_1041,0, NENV,N,281,698,"0,01499","10,46","0,38",0,"10,84",0,M,430
34,11,202603,202603,NKLA_0651,0, GS8V,N,2,"20,3","0,01499","0,3","0,01",0,"0,31",0,M,N06
34,11,202603,202603,NSH34ULA,0, GS8V,N,5,"11,6","0,01499","0,17",0,0,"0,17",0,M,17
34,11,202603,202603,NSH34URA,0, GS3V,N,1,"5,4","0,01499","0,08",0,0,"0,08",0,M,30
34,11,202603,202603,NSH34URA,0, GS8V,R,1,"0,6","0,01049","0,01",0,0,"0,01",0,M,N07
34,11,202603,202603,NSH64URA,0, GS8V,N,6,"16,4","0,01499","0,24",0,0,"0,24",0,M,34
34,11,202603,202603,ULAN_1040,0, NENV,N,3,"1,5","0,01499","0,03",0,0,"0,03",0,M,A34
34,11,202603,202603,ULAN_1042,0, NENV,R,140,"1002,7","0,01049","10,57","0,37",0,"10,94",0,M,34
34,11,202603,202603,NKRA_0651,0, GS8V,N,2,8,"0,01499","0,12",0,0,"0,12",0,M,N06
34,11,202603,202603,NSH34ULA,0, GS8V,N,6,"36,6","0,01499","0,55","0,02",0,"0,57",0,M,N06
34,11,202603,202603,NSH34URA,0, GS8V,N,12,"41,7","0,01499","0,62","0,02",0,"0,64",0,M,30
34,11,202603,202603,NSH34URA,0, GS8V,N,1,"1,4","0,01499","0,02",0,0,"0,02",0,M,462
34,11,202603,202603,NSH35URA,0, GS8V,N,12,"52,2","0,01499","0,77","0,02",0,"0,79",0,M,325
34,11,202603,202603,ULAN_1001,0, GS8V,N,466,2938,"0,01499","44,04","1,63",0,"45,67",0,M,325
34,11,202603,202603,ULAN_1041,0, NENV,N,5775,"7035,3","0,01499","105,44","3,96",0,"109,4",0,M,34
34,11,202603,202603,NKLA_0651,0, GS8V,N,1,"10,4","0,01499","0,16",0,0,"0,16",0,M,348
34,11,202603,202603,NSH34ULA,0, GS3V,R,22,"84,5","0,01049","0,88","0,02",0,"0,9",0,M,34
34,11,202603,202603,NSH34ULA,0, GS8V,R,116,"398,4","0,01049","4,24","0,12",0,"4,36",0,M,430
34,11,202603,202603,NSH34URA,0, GS8V,R,8,"31,4","0,01049","0,33",0,0,"0,33",0,M,348
34,11,202603,202603,NSH64ULA,0, GS8V,N,70,"357,7","0,01499","5,35","0,19",0,"5,54",0,M,348
34,11,202603,202603,ULAN_1040,0, NENV,N,100,"104,3","0,01499","1,56","0,03",0,"1,59",0,M,76
34,11,202603,202603,ULAN_1042,0, NENV,N,2,1,"0,01499","0,02",0,0,"0,02",0,M,76
34,11,202603,202603,NKRA_0651,0, GS8V,N,1153,"6508,3","0,01499","97,53","3,64",0,"101,17",0,M,34
34,11,202603,202603,NSH34ULA,0, GS8V,N,64,"261,5","0,01499","3,93","0,14",0,"4,07",0,M,348
34,11,202603,202603,NSH34URA,0, GS8V,N,5,"16,4","0,01499","0,25",0,0,"0,25",0,F,35
34,11,202603,202603,NSH35ULA,0, GS8V,R,5,"9,1","0,01049","0,1",0,0,"0,1",0,M,34
34,11,202603,202603,ULAN_1001,0, GS8V,N,18,"128,9","0,01499","1,91","0,06",0,"1,97",0,M,17
34,11,202603,202603,ULAN_1040,0, NENV,R,148,"529,3","0,01049","5,64","0,18",0,"5,82",0,M,430
34,11,202603,202603,NKLA_0651,0, GS8V,N,1,"6,8","0,01499","0,1",0,0,"0,1",0,F,35
34,11,202603,202603,NSH34ULA,0, GS3V,N,289,"1877,4","0,01499","28,15","1,03",0,"29,18",0,M,34
34,11,202603,202603,NSH34ULA,0, GS8V,R,7,"42,6","0,01049","0,47",0,0,"0,47",0,M,325
34,11,202603,202603,NSH34URA,0, GS8V,N,1,"0,5","0,01499","0,01",0,0,"0,01",0,M,349
34,11,202603,202603,NSH34URA,0, GS8V,R,5,5,"0,01049","0,06",0,0,"0,06",0,M,76
34,11,202603,202603,NSH64ULA,0, GS3V,N,1,"10,9","0,01499","0,16",0,0,"0,16",0,M,34
34,11,202603,202603,ULAN_1040,0, NENV,N,337,"261,9","0,01499","3,89","0,13",0,"4,02",0,M,30
34,11,202603,202603,ULAN_1041,0, NENV,R,10,"102,3","0,01049","1,08","0,04",0,"1,12",0,M,430
34,11,202603,202603,NKLA_0651,0, GS8V,R,1,"0,9","0,01049","0,01",0,0,"0,01",0,M,N06
34,11,202603,202603,NSH34ULA,0, GS8V,N,9,"28,8","0,01499","0,42",0,0,"0,42",0,M,76
34,11,202603,202603,NSH34URA,0, GS3V,N,4,"67,8","0,01499","1,01","0,03",0,"1,04",0,M,430
34,11,202603,202603,NSH35ULA,0, GS8V,N,13,"74,6","0,01499","1,1","0,03",0,"1,13",0,M,325
34,11,202603,202603,NSH64URA,0, GS8V,R,36,"32,2","0,01049","0,36","0,01",0,"0,37",0,M,348
34,11,202603,202603,ULAN_1040,0, NENV,R,8792,"53237,5","0,01049","558,55","21,11",0,"579,66",0,M,34
34,11,202603,202603,NKLA_0651,0, GS3V,N,30,"137,2","0,01499","2,04","0,06",0,"2,1",0,M,34
34,11,202603,202603,NSH16ULA,0, GS8V,N,2,15,"0,01499","0,22",0,0,"0,22",0,M,325
34,11,202603,202603,NSH34ULA,0, GS8V,R,3949,"7219,7","0,01049","75,79","2,81",0,"78,6",0,M,34
34,11,202603,202603,NSH34URA,0, GS8V,N,24,"145,2","0,01499","2,18","0,07",0,"2,25",0,M,325
34,11,202603,202603,ULAN_1040,0, NENV,N,46989,"37102,4","0,01499","556,11","21,02",0,"577,13",0,M,430
34,11,202603,202603,ULAN_1041,0, IENV,R,3,"1,5","0,01049","0,02",0,0,"0,02",0,M,430
34,11,202603,202603,ULAN_1040,0, IENV,N,11,"18,3","0,01499","0,29",0,0,"0,29",0,M,30
34,11,202603,202603,ULAN_1042,0, IENV,R,267,"195,3","0,01049","2,22","0,05",0,"2,27",0,M,34
34,11,202603,202603,ULAN_1040,0, NENV,N,1351810,"1106305,6","0,01499","16583,38","628,14",0,"17211,52",0,M,34
34,11,202603,202603,ULAN_1041,0, IENV,N,4,2,"0,01499","0,04",0,0,"0,04",0,M,430
34,11,202603,202603,ULAN_1040,0, NENV,R,30392,"131994,6","0,01049","1384,82","52,39",0,"1437,21",0,M,34
34,11,202603,202603,ULAN_1041,0, NENV,R,6,"4,9","0,01049","0,05",0,0,"0,05",0,M,430
34,11,202603,202603,ULAN_1040,0, IENV,R,98,127,"0,01049","1,42","0,04",0,"1,46",0,M,430
34,11,202603,202603,ULAN_1040,0, NENV,R,643,"3145,1","0,01049","33,04","1,21",0,"34,25",0,M,430
34,11,202603,202603,ULAN_1042,0, NENV,N,1,"0,6","0,01499","0,01",0,0,"0,01",0,M,A34
34,11,202603,202603,ULAN_1040,0, NENV,N,2,"1,8","0,01499","0,03",0,0,"0,03",0,M,E85
34,11,202603,202603,ULAN_1041,0, NENV,N,429,"310,9","0,01499","4,65","0,16",0,"4,81",0,M,430
34,11,202603,202603,ULAN_1040,0, IENV,N,852,"580,7","0,01499","8,7","0,3",0,9,0,M,430
34,11,202603,202603,ULAN_1042,0, NENV,N,24,"21,5","0,01499","0,32","0,01",0,"0,33",0,M,76
34,11,202603,202603,ULAN_1040,0, NENV,N,7,"3,5","0,01499","0,06",0,0,"0,06",0,M,A34
34,11,202603,202603,ULAN_1041,0, NENV,N,9686,8476,"0,01499","127,07","4,77",0,"131,84",0,M,34
34,11,202603,202603,ULAN_1040,0, IENV,N,25225,"18822,4","0,01499","282,19","10,62",0,"292,81",0,M,34
34,11,202603,202603,ULAN_1042,0, NENV,N,5,"19,6","0,01499","0,3",0,0,"0,3",0,M,30
34,11,202603,202603,ULAN_1040,0, NENV,N,778,"627,8","0,01499","9,39","0,33",0,"9,72",0,M,76
34,11,202603,202603,ULAN_1041,0, IENV,R,63,"32,7","0,01049","0,43",0,0,"0,43",0,M,34
34,11,202603,202603,ULAN_1040,0, NENV,R,19,"87,8","0,01049","0,93","0,03",0,"0,96",0,M,76
34,11,202603,202603,ULAN_1042,0, IENV,N,1023,"951,1","0,01499","14,27","0,51",0,"14,78",0,M,34
34,11,202603,202603,ULAN_1040,0, NENV,N,632,"697,3","0,01499","10,38","0,38",0,"10,76",0,M,30
34,11,202603,202603,ULAN_1041,0, IENV,N,169,90,"0,01499","1,35","0,04",0,"1,39",0,M,34
34,11,202603,202603,ULAN_1042,0, NENV,R,3089,"18997,8","0,01049","199,48","7,49",0,"206,97",0,M,34
34,11,202603,202603,ULAN_1040,0, NENV,R,25,"117,3","0,01049","1,25","0,03",0,"1,28",0,M,30
34,11,202603,202603,ULAN_1041,0, NENV,R,292,"1569,3","0,01049","16,57","0,61",0,"17,18",0,M,34
34,11,202603,202603,ULAN_1040,0, IENV,R,3901,"2798,3","0,01049","29,59","1,07",0,"30,66",0,M,34
34,11,202603,202603,ULAN_1042,0, NENV,N,12,"7,7","0,01499","0,1",0,0,"0,1",0,M,430
34,11,202603,202603,ULAN_1040,0, NENV,N,33,17,"0,01499","0,25",0,0,"0,25",0,M,B99
34,11,202603,202603,ULAN_1041,0, NENV,N,25,"12,5","0,01499","0,16",0,0,"0,16",0,M,76
34,11,202603,202603,ULAN_1040,0, IENV,N,4,2,"0,01499","0,04",0,0,"0,04",0,M,76
34,11,202603,202603,ULAN_1042,0, NENV,N,72648,"93963,5","0,01499","1408,6","53,3",0,"1461,9",0,M,34
34,11,202603,202603,NSH64ULA,0, GS8V,N,8,"146,4","0,01499","2,21","0,08",0,"2,29",0,M,348
34,11,202603,202603,NSH64URA,0, GS8V,N,3,"40,3","0,01499","0,6","0,02",0,"0,62",0,M,348
34,11,202603,202603,NSH64URA,0, GS8V,R,1,"0,5","0,01049","0,01",0,0,"0,01",0,M,348
34,11,202603,202603,ULAN_1001,0, GS8V,R,2,"8,3","0,01049","0,09",0,0,"0,09",0,M,34
34,11,202603,202603,NSH64URA,0, GS8V,N,1,"3,4","0,01499","0,05",0,0,"0,05",0,M,34
34,11,202603,202603,NSH64URA,0, GS8V,N,7,"41,8","0,01499","0,63","0,02",0,"0,65",0,M,348
34,11,202603,202603,ULAN_1001,0, GS8V,N,14,"74,3","0,01499","1,13","0,04",0,"1,17",0,M,325
34,11,202603,202603,NSH64ULA,0, GS8V,N,8,60,"0,01499","0,9","0,02",0,"0,92",0,M,348
34,11,202603,202603,NSH34URA,0, GS8V,N,1490,"5596,4","0,01499","83,94","3,13",0,"87,07",0,M,34
34,11,202603,202603,NSH34ULA,0, GS8V,N,1,"1,6","0,01499","0,02",0,0,"0,02",0,M,348
34,11,202603,202603,NSH34ULA,0, GS8V,N,2,"1,7","0,01499","0,03",0,0,"0,03",0,M,76
34,11,202603,202603,NKRA_0651,0, GS8V,N,25,"103,2","0,01499","1,54","0,04",0,"1,58",0,M,34
34,11,202603,202603,NSH34URA,0, GS8V,R,297,"322,1","0,01049","3,42","0,11",0,"3,53",0,M,34
34,11,202603,202603,NSH34ULA,0, GS8V,R,328,"433,9","0,01049","4,6","0,15",0,"4,75",0,M,34
34,11,202603,202603,NKLA_0651,0, GS8V,N,21,"64,4","0,01499","0,96","0,02",0,"0,98",0,M,34
34,11,202603,202603,NSH34URA,0, GS8V,N,1,"11,7","0,01499","0,18",0,0,"0,18",0,M,325
34,11,202603,202603,NSH34ULA,0, GS8V,N,93,"272,9","0,01499","4,05","0,14",0,"4,19",0,M,430
34,11,202603,202603,NSH34ULA,0, GS8V,N,1,"1,5","0,01499","0,02",0,0,"0,02",0,M,325
34,11,202603,202603,NSH34ULA,0, GS8V,N,1454,"5497,1","0,01499","82,44","3,08",0,"85,52",0,M,34
34,11,202603,202603,NSH34URA,0, GS8V,R,18,48,"0,01049","0,52","0,01",0,"0,53",0,M,430
34,11,202603,202603,NSH34ULA,0, GS8V,R,13,"18,3","0,01049","0,22",0,0,"0,22",0,M,430
34,11,202603,202603,NKLA_0651,0, GS8V,N,1,"10,3","0,01499","0,15",0,0,"0,15",0,M,430
34,11,202603,202603,NSH34URA,0, GS8V,N,102,394,"0,01499","5,92","0,21",0,"6,13",0,M,430
34,11,202603,202603,NSH34ULA,0, GS8V,R,1,"1,6","0,01049","0,02",0,0,"0,02",0,F,35
34,11,202603,202603,ULAN_1001,0, GS8V,N,3,"10,4","0,01499","0,16",0,0,"0,16",0,M,325
34,11,202603,202603,NSH64ULA,0, GS8V,N,1,"2,4","0,01499","0,04",0,0,"0,04",0,M,348
34,11,202603,202603,ULAN_1001,0, GS8V,N,2,"4,1","0,01499","0,06",0,0,"0,06",0,M,411
34,11,202603,202603,NSH64URA,0, GS8V,N,1,"14,5","0,01499","0,22",0,0,"0,22",0,M,348
34,11,202603,202603,ULAN_1001,0, GS8V,N,2,"2,6","0,01499","0,04",0,0,"0,04",0,M,325
34,11,202603,202603,NSH64URA,0, GS8V,N,1,"4,4","0,01499","0,07",0,0,"0,07",0,M,348
34,11,202603,202603,ULAN_1001,0, GS8V,N,1,"4,7","0,01499","0,07",0,0,"0,07",0,M,325
34,11,202603,202603,NSH64URA,0, GS8V,R,6,"23,1","0,01049","0,24",0,0,"0,24",0,M,348
34,11,202603,202603,NSH64URA,0, GS8V,N,3,"10,6","0,01499","0,16",0,0,"0,16",0,M,34
34,11,202603,202603,NSH64ULA,0, GS8V,R,2,"21,3","0,01049","0,23",0,0,"0,23",0,M,34
34,11,202603,202603,NSH64ULA,0, GS8V,N,5,"19,3","0,01499","0,29",0,0,"0,29",0,M,34
34,11,202603,202603,NSH64URA,0, GS8V,N,68,"339,1","0,01499","5,09","0,18",0,"5,27",0,M,348
34,11,202603,202603,NSH64ULA,0, GS8V,R,8,"41,4","0,01049","0,44","0,01",0,"0,45",0,M,348
34,11,202603,202603,NSH64ULA,0, GS8V,N,93,"442,3","0,01499","6,61","0,23",0,"6,84",0,M,348
34,11,202603,202603,ULAN_1001,0, GS8V,N,3,"26,8","0,01499","0,41","0,01",0,"0,42",0,M,325
34,11,202603,202603,NSH64ULA,0, GS8V,N,1,42,"0,01499","0,63","0,02",0,"0,65",0,M,348
34,11,202603,202603,ULAN_1001,0, GS8V,N,1,"0,5","0,01499","0,01",0,0,"0,01",0,M,17
34,11,202603,202603,NSH64URA,0, GS8V,N,1,"0,5","0,01499","0,01",0,0,"0,01",0,M,348
34,11,202603,202603,NSH64URA,0, GS8V,N,2,"6,3","0,01499","0,1",0,0,"0,1",0,M,348
34,11,202603,202603,NSH64URA,0, GS8V,R,3,"9,2","0,01049","0,09",0,0,"0,09",0,M,34
34,11,202603,202603,NSH64ULA,0, GS8V,R,1,"5,8","0,01049","0,06",0,0,"0,06",0,M,34
35,11,202603,202602,ULAX_4760,0, NENL,N,2,1,"0,00631",0,0,0,0,0,F,35
35,11,202603,202603,ULAX_1204,0, NENL,N,28065,"38537,9","0,00631","243,06","9,11",0,"252,17",0,F,35
35,11,202603,202603,ULAX_4760,0,4GS3L,N,65,"412,3","0,00631","2,61","0,09",0,"2,7",0,F,35
35,11,202603,202603,SPOX_0999,0, NENL,R,274,1008,"0,00441","4,43","0,14",0,"4,57",0,F,35
35,11,202603,202603,ULAX_4723,0, NENL,N,2,"1,8","0,00631","0,01",0,0,"0,01",0,F,35
35,11,202603,202603,ULAX_4760,0, NENL,R,502,"981,4","0,00441","4,27","0,15",0,"4,42",0,F,35
35,11,202603,202602,ULAX_4760,0,4GS8L,N,2,"4,6","0,00626","0,03",0,0,"0,03",0,F,35
35,11,202603,202603,ULAX_1204,0,4NENL,N,10720,"7124,7","0,00631","44,97","1,7",0,"46,67",0,F,35
35,11,202603,202603,ULAX_4726,0, NENL,N,6182,"4189,3","0,00631","26,37","0,94",0,"27,31",0,F,35
35,11,202603,202603,ULAX_4763,0, NENL,R,964,5695,"0,00441","25,06","0,93",0,"25,99",0,F,35
35,11,202603,202603,SPOX_0999,0,4NENL,R,53,"46,1","0,00441","0,2",0,0,"0,2",0,F,35
35,11,202603,202603,ULAX_4723,0,4GS8L,N,1062,8134,"0,00631","51,33","1,94",0,"53,27",0,F,35
35,11,202603,202603,ULAX_4760,0,4NENL,R,1,8,"0,00441","0,04",0,0,"0,04",0,F,35
35,11,202603,202602,ULAX_2826,0, NENL,N,5,"14,4","0,00631","0,09",0,0,"0,09",0,F,35
35,11,202603,202603,ULAX_1204,0,4GS8L,N,444,"3400,8","0,00631","21,48","0,81",0,"22,29",0,F,35
35,11,202603,202603,ULAX_4726,0,4NENL,N,31,"121,9","0,00631","0,77","0,02",0,"0,79",0,F,35
35,11,202603,202603,ULAX_4763,0,4NENL,N,147,"397,4","0,00631","2,51","0,09",0,"2,6",0,F,35
35,11,202603,202602,ULAX_4763,0,4GS8L,N,2,"17,2","0,00631","0,11",0,0,"0,11",0,F,35
35,11,202603,202603,ULAX_2826,0, NENL,R,816,"4763,7","0,00441",21,"0,78",0,"21,78",0,F,35
35,11,202603,202603,ULAX_4760,0,4GS8L,R,680,"1533,6","0,00441","6,74","0,25",0,"6,99",0,F,35
35,11,202603,202602,ULAX_1204,0, NENL,N,1,"11,8","0,00626","0,07",0,0,"0,07",0,F,35
35,11,202603,202603,ULAX_1204,0,4GS3L,N,20,"48,6","0,00631","0,3","0,01",0,"0,31",0,F,35
35,11,202603,202603,ULAX_4726,0,4GS8L,N,429,"3247,3","0,00631","20,5","0,77",0,"21,27",0,F,35
35,11,202603,202603,ULAX_4763,0,4GS8L,N,9449,"65020,3","0,00631","410,28","15,54",0,"425,82",0,F,35
35,11,202603,202602,ULAX_4760,0, NENL,R,1,"0,5","0,00438",0,0,0,0,0,F,35
35,11,202603,202603,ULAX_1204,0, NENL,R,227,"885,3","0,00441","3,89","0,11",0,4,0,F,35
35,11,202603,202603,ULAX_4760,0,4GS3L,R,2,5,"0,00441","0,02",0,0,"0,02",0,F,35
35,11,202603,202601,ULAX_1204,0, NENL,N,1,"2,8","0,00626","0,02",0,0,"0,02",0,F,35
35,11,202603,202603,ULAX_1055,0, NENL,N,1097,"2980,4","0,00631","18,75","0,68",0,"19,43",0,F,35
35,11,202603,202603,ULAX_4726,0,4GS3L,N,11,"48,9","0,00631","0,31","0,01",0,"0,32",0,F,35
35,11,202603,202603,ULAX_4763,0,4GS3L,N,47,"219,1","0,00631","1,41","0,05",0,"1,46",0,F,35
35,11,202603,202602,ULAX_4760,0, NENL,N,11,"5,5","0,00626","0,04",0,0,"0,04",0,F,35
35,11,202603,202603,ULAX_1204,0,4NENL,R,39,"38,6","0,00441","0,17",0,0,"0,17",0,F,35
35,11,202603,202603,ULAX_4726,0, NENL,R,88,"47,7","0,00441","0,17",0,0,"0,17",0,F,35
35,11,202603,202603,SPOX_0999,0, NENL,N,28190,"37858,7","0,00631","238,76","8,94",0,"247,7",0,F,35
35,11,202603,202603,ULAX_4723,0,4GS8L,R,30,"93,5","0,00441","0,41","0,01",0,"0,42",0,F,35
35,11,202603,202603,ULAX_4760,0, NENL,N,30697,"23764,4","0,00631","149,92","5,61",0,"155,53",0,F,35
35,11,202603,202602,ULAX_2826,0, NENL,R,1,"1,8","0,00438","0,01",0,0,"0,01",0,F,35
35,11,202603,202603,ULAX_1204,0,4GS8L,R,10,"72,3","0,00441","0,31","0,01",0,"0,32",0,F,35
35,11,202603,202603,ULAX_4726,0,4NENL,R,1,22,"0,00441","0,1",0,0,"0,1",0,F,35
35,11,202603,202603,ULAX_4763,0, NENL,N,20392,"39966,7","0,00631","252,15","9,47",0,"261,62",0,F,35
35,11,202603,202603,SPOX_0999,0,4NENL,N,10809,"7139,3","0,00631","45,06","1,7",0,"46,76",0,F,35
35,11,202603,202603,ULAX_4723,0,4GS3L,N,23,"130,9","0,00631","0,84","0,03",0,"0,87",0,F,35
35,11,202603,202603,ULAX_4760,0,4NENL,N,130,"288,8","0,00631","1,83","0,06",0,"1,89",0,F,35
35,11,202603,202602,ULAX_2826,0, NENL,N,27,69,"0,00626","0,43","0,01",0,"0,44",0,F,35
35,11,202603,202603,ULAX_1204,0,4GS3L,R,1,"1,9","0,00441","0,01",0,0,"0,01",0,F,35
35,11,202603,202603,ULAX_4726,0,4GS8L,R,18,"75,6","0,00441","0,32","0,01",0,"0,33",0,F,35
35,11,202603,202603,ULAX_4763,0,4GS8L,R,693,1856,"0,00441","8,19","0,31",0,"8,5",0,F,35
35,11,202603,202602,ULAX_4763,0,4GS8L,N,2,"5,7","0,00626","0,04",0,0,"0,04",0,F,35
35,11,202603,202603,ULAX_2826,0, NENL,N,16049,"54220,8","0,00631","342,21","12,88",0,"355,09",0,F,35
35,11,202603,202603,ULAX_4760,0,4GS8L,N,6424,"40304,2","0,00631","254,33","9,63",0,"263,96",0,F,35
35,11,202603,202601,ULAX_4763,0,4GS8L,N,1,"4,3","0,00626","0,03",0,0,"0,03",0,F,35
35,11,202603,202603,ULAX_1055,0, NENL,R,38,"173,9","0,00441","0,78","0,02",0,"0,8",0,F,35
35,11,202603,202603,ULAX_4726,0,4GS3L,R,2,1,"0,00441",0,0,0,0,0,F,35
35,11,202603,202603,ULAX_4763,0,4GS3L,R,2,"7,4","0,00441","0,03",0,0,"0,03",0,F,35
35,11,202603,202602,SPOX_0999,0, NENL,N,1,"9,2","0,00631","0,06",0,0,"0,06",0,F,35
35,11,202603,202603,SPOX_0999,0, NENL,N,16668,"40634,6","0,00631","256,39","9,62",0,"266,01",0,F,35
35,11,202603,202603,ULAX_4723,0,4NSNL,N,131,"539,4","0,00631","3,42","0,12",0,"3,54",0,F,35
35,11,202603,202603,ULAX_4760,0,4NSTL,N,1,"0,5","0,00631",0,0,0,0,0,F,35
35,11,202603,202603,ULAX_1204,0,4NENL,R,2,"24,2","0,00441","0,11",0,0,"0,11",0,F,35
35,11,202603,202603,ULAX_4726,0,4NSNL,R,16,"14,8","0,00441","0,06",0,0,"0,06",0,F,35
35,11,202603,202603,ULAX_4763,0,4NENL,R,19,"67,4","0,00441","0,28","0,01",0,"0,29",0,F,35
35,11,202603,202603,SPOX_0999,0,4NENL,N,248,"977,2","0,00631","6,14","0,23",0,"6,37",0,F,35
35,11,202603,202603,ULAX_2826,0, NENL,R,3810,"15417,1","0,00441","67,9","2,53",0,"70,43",0,F,35
35,11,202603,202603,ULAX_4760,0,4NSNL,N,540,"1406,6","0,00631","8,88","0,33",0,"9,21",0,F,35
35,11,202603,202603,ULAX_1204,0,4IENL,R,12,"71,9","0,00441","0,3","0,01",0,"0,31",0,F,35
35,11,202603,202603,ULAX_4726,0,4NENL,R,21,"40,9","0,00441","0,16",0,0,"0,16",0,F,35
35,11,202603,202603,ULAX_4763,0,4NEAL,R,6,"3,4","0,00441","0,01",0,0,"0,01",0,F,35
35,11,202603,202603,SPOX_0999,0,4IENL,N,252,"948,2","0,00631","5,98","0,22",0,"6,2",0,F,35
35,11,202603,202603,ULAX_2826,0,4NENL,R,1,"2,6","0,00441","0,01",0,0,"0,01",0,F,35
35,11,202603,202603,ULAX_4760,0,4NENL,N,971,"3059,4","0,00631","19,28","0,73",0,"20,01",0,F,35
35,11,202603,202603,ULAX_4763,0, NENL,R,2009,"10641,5","0,00441","46,91","1,74",0,"48,65",0,F,35
35,11,202603,202603,ULAX_1055,0, NENL,R,681,"4117,4","0,00441","18,12","0,65",0,"18,77",0,F,35
35,11,202603,202603,ULAX_4726,0,4NEAL,N,1,"0,5","0,00631",0,0,0,0,0,F,35
35,11,202603,202603,ULAX_4760,0, NENL,R,602,"3921,5","0,00441","17,22","0,62",0,"17,84",0,F,35
35,11,202603,202602,ULAX_4760,0, NENL,N,4,"2,9","0,00626","0,02",0,0,"0,02",0,F,35
35,11,202603,202603,ULAX_1204,0, NENL,R,374,"1299,4","0,00441","5,69","0,2",0,"5,89",0,F,35
35,11,202603,202603,ULAX_4760,0,4NEAL,N,2,"15,9","0,00631","0,1",0,0,"0,1",0,F,35
35,11,202603,202603,ULAX_4763,0,4NSTL,N,1,"1,2","0,00631","0,01",0,0,"0,01",0,F,35
35,11,202603,202602,ULAX_1055,0, NENL,N,1,"1,8","0,00631","0,01",0,0,"0,01",0,F,35
35,11,202603,202603,SPOX_0999,0, NENL,R,398,"1375,2","0,00441","5,95","0,21",0,"6,16",0,F,35
35,11,202603,202603,ULAX_4723,0,4NSNL,R,4,"10,1","0,00441","0,03",0,0,"0,03",0,F,35
35,11,202603,202603,ULAX_4760,0,4NSTL,R,7,"5,7","0,00441","0,02",0,0,"0,02",0,F,35
35,11,202603,202602,ULAX_2826,0, NENL,N,13,"48,2","0,00631","0,31","0,01",0,"0,32",0,F,35
35,11,202603,202603,ULAX_1204,0,4NSNL,N,196,"652,2","0,00631","4,11","0,15",0,"4,26",0,F,35
35,11,202603,202603,ULAX_4726,0, NENL,N,4788,8079,"0,00631","50,93","1,86",0,"52,79",0,F,35
35,11,202603,202603,ULAX_4763,0,4NSNL,N,1137,"3220,4","0,00631","20,32","0,76",0,"21,08",0,F,35
35,11,202603,202601,ULAX_4760,0, NENL,N,1,"1,2","0,00626","0,01",0,0,"0,01",0,F,35
35,11,202603,202603,SPOX_0999,0,4NENL,R,2,"2,4","0,00441","0,01",0,0,"0,01",0,F,35
35,11,202603,202603,ULAX_4723,0,4NENL,N,23,"192,9","0,00631","1,21","0,04",0,"1,25",0,F,35
35,11,202603,202603,ULAX_4760,0,4NSNL,R,13,"80,2","0,00441","0,35","0,01",0,"0,36",0,F,35
35,11,202603,202603,ULAX_1204,0,4NENL,N,214,"748,4","0,00631","4,72","0,17",0,"4,89",0,F,35
35,11,202603,202603,ULAX_4726,0,4NSNL,N,329,"846,9","0,00631","5,35","0,2",0,"5,55",0,F,35
35,11,202603,202603,ULAX_4763,0,4NENL,N,674,2242,"0,00631","14,15","0,53",0,"14,68",0,F,35
35,11,202603,202603,SPOX_0999,0,4IENL,R,6,"36,4","0,00441","0,16",0,0,"0,16",0,F,35
35,11,202603,202603,ULAX_2826,0, NENL,N,49731,"175389,2","0,00631","1106,73","41,86",0,"1148,59",0,F,35
35,11,202603,202603,ULAX_4760,0,4NENL,R,14,"79,3","0,00441","0,35","0,01",0,"0,36",0,F,35
35,11,202603,202603,ULAX_1204,0,4IENL,N,212,"1003,4","0,00631","6,32","0,23",0,"6,55",0,F,35
35,11,202603,202603,ULAX_4726,0,4NENL,N,1549,"7352,2","0,00631","46,39","1,75",0,"48,14",0,F,35
35,11,202603,202603,ULAX_4763,0,4NEAL,N,9,"5,2","0,00631","0,03",0,0,"0,03",0,F,35
35,11,202603,202602,ULAX_4760,0, NENL,N,5,"2,5","0,00631","0,02",0,0,"0,02",0,F,35
35,11,202603,202603,ULAX_2826,0,4NENL,N,8,"185,9","0,00631","1,16","0,04",0,"1,2",0,F,35
35,11,202603,202603,ULAX_4760,0,4NEAL,R,1,"4,2","0,00441","0,02",0,0,"0,02",0,F,35
35,11,202603,202603,ULAX_4763,0, NENL,N,21876,"63740,2","0,00631","402,26","15,16",0,"417,42",0,F,35
35,11,202603,202602,ULAX_2826,0, NENL,N,44,198,"0,00626","1,24","0,04",0,"1,28",0,F,35
35,11,202603,202603,ULAX_1055,0, NENL,N,14178,"45043,5","0,00631","284,24","10,71",0,"294,95",0,F,35
35,11,202603,202603,ULAX_4723,0, NENL,N,3,"1,5","0,00631",0,0,0,0,0,F,35
35,11,202603,202603,ULAX_4760,0, NENL,N,22756,"39371,8","0,00631","248,33","9,32",0,"257,65",0,F,35
35,11,202603,202602,ULAX_2826,0, NENL,R,1,"0,6","0,00438",0,0,0,0,0,F,35
35,11,202603,202603,ULAX_1204,0, NENL,N,16193,"39857,3","0,00631","251,42","9,41",0,"260,83",0,F,35
35,11,202603,202603,ULAX_4726,0, NENL,R,62,"404,7","0,00441","1,77","0,05",0,"1,82",0,F,35
35,11,202603,202603,ULAX_4763,0,4NSNL,R,75,"440,2","0,00441","1,93","0,07",0,2,0,F,35
48,11,202603,202603,ULAX_1158,0,4GS8L,N,15,"118,5","0,00631","0,75","0,02",0,"0,77",0,F,48
48,11,202603,202603,ULAX_4006,0,4NENL,R,82,"387,9","0,00441","1,7","0,06",0,"1,76",0,F,48
48,11,202603,202603,SPOX_0999,0,4NENL,R,12,"18,8","0,00441","0,08",0,0,"0,08",0,F,48
48,11,202603,202603,ULAX_1204,0,4NENL,R,14,"106,7","0,00441","0,47","0,01",0,"0,48",0,F,48
48,11,202603,202603,ULAX_1204,0,4GS8L,R,9,"45,8","0,00441","0,19",0,0,"0,19",0,F,48
48,11,202603,202603,ULAX_4202,0,4GS8L,R,42,"195,9","0,00441","0,87","0,03",0,"0,9",0,F,48
48,11,202603,202603,ULAX_1201,0,4GS8L,N,3,"12,5","0,00631","0,08",0,0,"0,08",0,F,48
48,11,202603,202603,ULAX_4202,0,4GS3L,N,4,21,"0,00631","0,14",0,0,"0,14",0,F,48
48,11,202603,202603,ULAX_0432,0,4GS8L,N,8,"59,1","0,00631","0,37","0,01",0,"0,38",0,F,48
48,11,202603,202603,ULAX_4006,0,4NENL,N,2766,"6203,6","0,00631","39,14","1,48",0,"40,62",0,F,48
48,11,202603,202603,SPOX_0999,0,4NENL,N,1830,"1569,8","0,00631","9,9","0,37",0,"10,27",0,F,48
48,11,202603,202603,ULAX_1204,0,4NENL,N,1771,"1608,6","0,00631","10,14","0,38",0,"10,52",0,F,48
48,11,202603,202603,ULAX_1204,0,4GS8L,N,151,"1117,2","0,00631","7,04","0,26",0,"7,3",0,F,48
48,11,202603,202603,ULAX_4202,0,4GS8L,N,1332,"10239,9","0,00631","64,61","2,44",0,"67,05",0,F,48
48,11,202603,202603,ULAX_1204,0,4NENL,N,575,"521,7","0,00631","3,26","0,12",0,"3,38",0,F,48
48,11,202603,202603,ULAX_4202,0,4NSAL,N,36,"87,9","0,00631","0,57","0,02",0,"0,59",0,F,48
48,11,202603,202603,SPOX_0999,0, NENL,N,11,"29,3","0,00631","0,18",0,0,"0,18",0,F,48
48,11,202603,202603,ULAX_4006,0,4NENL,N,7816,"21359,9","0,00631","134,76","5,1",0,"139,86",0,F,48
48,11,202603,202603,SPOX_0999,0,4IENL,N,10,"18,7","0,00631","0,13",0,0,"0,13",0,F,48
48,11,202603,202603,ULAX_1204,0, NENL,N,8,"9,6","0,00631","0,05",0,0,"0,05",0,F,48
48,11,202603,202603,ULAX_6451,0, NENL,N,16,"19,6","0,00631","0,11",0,0,"0,11",0,F,48
48,11,202603,202603,ULAX_1204,0,4NENL,R,2,1,"0,00441",0,0,0,0,0,F,48
48,11,202603,202603,ULAX_4202,0,4NSNL,N,11,"21,3","0,00631","0,13",0,0,"0,13",0,F,48
48,11,202603,202603,ULAX_1204,0,4IENL,N,6,3,"0,00631","0,02",0,0,"0,02",0,F,48
48,11,202603,202603,ULAX_4006,0,4NENL,R,407,"1989,1","0,00441","8,77","0,33",0,"9,1",0,F,48
48,11,202603,202603,SPOX_0999,0,4NENL,N,582,"581,3","0,00631","3,64","0,13",0,"3,77",0,F,48
48,11,202603,202603,ULAX_1204,0, NENL,R,4,"7,9","0,00441","0,03",0,0,"0,03",0,F,48
48,11,202603,202602,ULAX_4006,0,4NENL,N,1,"0,9","0,00631","0,01",0,0,"0,01",0,F,48
48,11,202603,202603,ULAX_1204,0,4NSNL,N,8,"9,1","0,00631","0,05",0,0,"0,05",0,F,48
48,11,202603,202603,ULAX_6428,0, NENL,N,18,"15,5","0,00631","0,1",0,0,"0,1",0,F,48
49,11,202603,202603,ULAX_1051,0, NENL,R,76,"385,5","0,00441","1,71","0,06",0,"1,77",0,F,49
49,11,202603,202603,ULAX_5042,0, GS8L,N,249,"1708,6","0,00631","10,79","0,37",0,"11,16",0,F,49
49,11,202603,202603,SPOX_0999,0, NENL,R,1,"26,2","0,00441","0,11",0,0,"0,11",0,F,49
49,11,202603,202603,ULAX_1204,0, NENL,R,4,21,"0,00441","0,09",0,0,"0,09",0,F,49
49,11,202603,202603,SPOX_0999,0,4NENL,R,1,"0,7","0,00441",0,0,0,0,0,F,49
49,11,202603,202603,ULAX_1204,0, GS8L,N,2,"19,2","0,00631","0,12",0,0,"0,12",0,F,49
49,11,202603,202603,ULAX_5042,0, NENL,R,11,"6,9","0,00441","0,03",0,0,"0,03",0,F,49
49,11,202603,202603,ULAX_1204,0,4NENL,N,163,"96,5","0,00631","0,6","0,02",0,"0,62",0,F,49
49,11,202603,202603,ULAX_5042,0, GS8L,R,11,"38,7","0,00441","0,16",0,0,"0,16",0,F,49
49,11,202603,202603,ULAX_1051,0, NENL,N,1210,"3217,3","0,00631","20,28","0,73",0,"21,01",0,F,49
49,11,202603,202603,ULAX_5042,0,4NENL,N,63,"39,2","0,00631","0,23",0,0,"0,23",0,F,49
49,11,202603,202603,SPOX_0999,0, NENL,N,394,"454,6","0,00631","2,83","0,09",0,"2,92",0,F,49
49,11,202603,202603,ULAX_1204,0, NENL,N,370,"358,5","0,00631","2,21","0,07",0,"2,28",0,F,49
49,11,202603,202603,SPOX_0999,0,4NENL,N,161,"87,2","0,00631","0,58","0,02",0,"0,6",0,F,49
49,11,202603,202603,ULAX_1204,0,4NENL,R,1,"0,5","0,00441",0,0,0,0,0,F,49
49,11,202603,202603,ULAX_5042,0, NENL,N,511,"327,8","0,00631","2,03","0,06",0,"2,09",0,F,49
49,11,202603,202603,ULAX_1204,0,4NENL,N,7,15,"0,00631","0,1",0,0,"0,1",0,F,49
49,11,202603,202603,ULAX_5042,0, NENL,N,168,266,"0,00631","1,65","0,05",0,"1,7",0,F,49
49,11,202603,202603,ULAX_1051,0, NENL,N,1021,"2250,4","0,00631","14,21","0,49",0,"14,7",0,F,49
49,11,202603,202603,ULAX_5042,0,4NENL,R,25,"20,3","0,00441","0,07",0,0,"0,07",0,F,49
49,11,202603,202603,SPOX_0999,0, IENL,N,3,"1,5","0,00631","0,01",0,0,"0,01",0,F,49
49,11,202603,202603,ULAX_1204,0, NENL,R,3,"1,5","0,00441",0,0,0,0,0,F,49
49,11,202603,202603,ULAX_1204,0, IENL,N,2,1,"0,00631",0,0,0,0,0,F,49
49,11,202603,202603,ULAX_5042,0, NENL,R,7,"3,5","0,00441","0,01",0,0,"0,01",0,F,49
49,11,202603,202603,ULAX_1051,0, NENL,R,39,"170,8","0,00441","0,72","0,02",0,"0,74",0,F,49
49,11,202603,202603,ULAX_5042,0, NEAL,R,1,"2,5","0,00441","0,01",0,0,"0,01",0,F,49
49,11,202603,202603,SPOX_0999,0, NENL,N,176,"116,6","0,00631","0,71","0,01",0,"0,72",0,F,49
49,11,202603,202603,ULAX_5042,0,4NENL,N,433,"879,2","0,00631","5,54","0,21",0,"5,75",0,F,49
49,11,202603,202603,SPOX_0999,0,4NENL,N,7,"34,4","0,00631","0,21",0,0,"0,21",0,F,49
49,11,202603,202603,ULAX_1204,0, NENL,N,153,119,"0,00631","0,75","0,01",0,"0,76",0,F,49
49,11,202603,202603,ULAX_5042,0, NSNL,N,16,"57,8","0,00631","0,36","0,01",0,"0,37",0,F,49
143,11,202603,202603,SPO_10156,0,4NEAL,N,2,"48,6","0,0061","0,3","0,01",0,"0,31",0,F,143
143,11,202603,202603,SPO_10418,0,4GS3L,R,36,18,"0,00427","0,08",0,0,"0,08",0,F,143
143,11,202603,202602,SPOX_0083,0, NENL,R,9,"25,2","0,00422","0,11",0,0,"0,11",0,F,143
143,11,202603,202603,SPO_10617,0,4NSNL,N,142,"372,9","0,0061","2,26","0,08",0,"2,34",0,F,143
143,11,202603,202602,SPOX_0970,0,4NENL,N,3,"9,2","0,0061","0,06",0,0,"0,06",0,F,143
143,11,202603,202603,SPO_11402,0,4IENL,R,209,"440,7","0,00427","1,91","0,07",0,"1,98",0,F,143
143,11,202603,202602,SPO_11404,0,4NSNL,N,1,"0,5","0,0061",0,0,0,0,0,F,143
143,11,202603,202603,SPO_11404,0,4NSNL,N,391,"209,3","0,0061","1,26","0,04",0,"1,3",0,F,143
143,11,202603,202603,SPO_11408,0,4IENL,N,63,65,"0,0061","0,39","0,01",0,"0,4",0,F,143
143,11,202603,202603,SPOX_0083,0,4GS3L,N,184,"1063,9","0,0061","6,53","0,24",0,"6,77",0,F,143
143,11,202603,202603,SPO_14667,0,4NSNL,N,446,"1008,7","0,0061","6,16","0,23",0,"6,39",0,F,143
143,11,202603,202603,SPOX_0134,0, NSNL,N,1,"0,5","0,0061",0,0,0,0,0,F,143
143,11,202603,202603,SPO_14681,0,4NSNL,R,2,"1,8","0,00427","0,01",0,0,"0,01",0,F,143
143,11,202603,202603,SPOX_0347,0, NENL,N,16202,"52480,7","0,0061","320,15","12,07",0,"332,22",0,F,143
143,11,202603,202603,SPOX_0970,0,4IENL,R,209,"1346,8","0,00427","5,76","0,21",0,"5,97",0,F,143
143,11,202603,202603,SPOX_4927,0,4GS3L,N,1,"11,6","0,0061","0,07",0,0,"0,07",0,F,143
143,11,202603,202603,SPOX_8441,0,4NSNL,N,8,4,"0,0061","0,02",0,0,"0,02",0,F,143
143,11,202603,202603,SPO_10152,0,4NENL,N,1495,"4886,3","0,0061","29,81","1,12",0,"30,93",0,F,143
143,11,202603,202603,SPO_10404,0,4GS3L,N,246,"189,7","0,0061","1,17","0,04",0,"1,21",0,F,143
143,11,202603,202603,SPO_10616,0,4NSNL,N,7,"4,3","0,0061","0,02",0,0,"0,02",0,F,143
143,11,202603,202602,SPOX_0347,0, NENL,N,5,"18,8","0,00604","0,11",0,0,"0,11",0,F,143
143,11,202603,202603,SPO_10810,0,4GS8L,R,32,"86,3","0,00427","0,38","0,01",0,"0,39",0,F,143
143,11,202603,202602,SPOX_6694,0, NENL,N,4,"2,8","0,00604","0,02",0,0,"0,02",0,F,143
143,11,202603,202603,SPO_11402,0, GS8L,N,15,"63,6","0,0061","0,39","0,01",0,"0,4",0,F,143
143,11,202603,202602,SPO_11408,0, NENL,R,2,"3,3","0,00427","0,01",0,0,"0,01",0,F,143
143,11,202603,202603,SPO_11405,0,4NENL,N,6550,"11454,6","0,0061","69,88","2,64",0,"72,52",0,F,143
143,11,202603,202602,SPO_14681,0, NENL,N,27,104,"0,0061","0,61",0,0,"0,61",0,F,143
143,11,202603,202603,SPO_14657,0,4NENL,N,25083,"54804,9","0,0061","334,34","12,67",0,"347,01",0,F,143
143,11,202603,202603,SPOX_0083,0,4NENL,N,10555,26434,"0,0061","161,23","6,11",0,"167,34",0,F,143
143,11,202603,202603,SPO_14679,0, GS8L,N,5,"11,2","0,0061","0,06",0,0,"0,06",0,F,143
143,11,202603,202603,SPOX_0326,0, NEAL,N,3,"59,1","0,0061","0,36","0,01",0,"0,37",0,F,143
143,11,202603,202603,SPOX_0348,0, ISNL,N,1,"10,5","0,0061","0,06",0,0,"0,06",0,F,143
143,11,202603,202603,SPOX_0995,0,4NSNL,N,2,"1,2","0,0061",0,0,0,0,0,F,143
143,11,202603,202603,SPOX_6694,0,4IENL,N,530,"989,6","0,0061","6,02","0,22",0,"6,24",0,F,143
143,11,202603,202603,SPO_10156,0,4IENL,N,745,"2181,5","0,0061","13,31","0,5",0,"13,81",0,F,143
143,11,202603,202603,SPO_10404,0, GS8L,R,3,"12,2","0,00427","0,05",0,0,"0,05",0,F,143
143,11,202603,202602,SPOX_0083,0, NENL,N,66,"342,3","0,00604","2,07","0,06",0,"2,13",0,F,143
143,11,202603,202603,SPO_10617,0,4NENL,N,3516,"2906,7","0,0061","17,73","0,67",0,"18,4",0,F,143
143,11,202603,202602,SPOX_0970,0,4IENL,N,2,5,"0,00604","0,03",0,0,"0,03",0,F,143
143,11,202603,202603,SPO_11402,0,4GS8L,R,157,"362,3","0,00427","1,54","0,05",0,"1,59",0,F,143
143,11,202603,202602,SPO_11402,0, NENL,N,45,"84,9","0,0061","0,51","0,01",0,"0,52",0,F,143
143,11,202603,202602,SPO_14681,0,4GS8L,N,1,"31,3","0,00604","0,19",0,0,"0,19",0,F,143
143,11,202603,202603,SPO_11408,0,4GS8L,N,228,"1572,2","0,0061","9,58","0,36",0,"9,94",0,F,143
143,11,202603,202603,SPOX_0051,0,4NENL,N,130,"673,3","0,0061","4,13","0,15",0,"4,28",0,F,143
143,11,202603,202603,SPO_14667,0,4NENL,N,2493,"5623,2","0,0061","34,31","1,3",0,"35,61",0,F,143
143,11,202603,202603,SPOX_0088,0,4NENL,N,2,"5,3","0,0061","0,03",0,0,"0,03",0,F,143
143,11,202603,202603,SPO_14681,0,4NENL,R,29,"55,6","0,00427","0,24",0,0,"0,24",0,F,143
143,11,202603,202603,SPOX_0347,0, IENL,N,489,"737,6","0,0061","4,45","0,14",0,"4,59",0,F,143
143,11,202603,202603,SPOX_0970,0,4GS8L,R,438,1888,"0,00427","8,04","0,3",0,"8,34",0,F,143
143,11,202603,202603,SPOX_1270,0,4NSNL,N,13,"6,5","0,0061","0,03",0,0,"0,03",0,F,143
143,11,202603,202603,SPOX_6694,0, NENL,N,21623,"60921,6","0,0061","371,56","14,01",0,"385,57",0,F,143
143,11,202603,202603,SPO_10152,0,4IENL,R,57,"201,7","0,00427","0,87","0,03",0,"0,9",0,F,143
143,11,202603,202603,SPO_10156,0, NENL,R,1860,"3961,9","0,00427","16,91","0,6",0,"17,51",0,F,143
143,11,202603,202603,SPO_10418,0, GS8L,N,8,"28,8","0,0061","0,18",0,0,"0,18",0,F,143
143,11,202603,202602,SPOX_0326,0, NENL,N,57,"147,5","0,0061","0,9","0,03",0,"0,93",0,F,143
143,11,202603,202603,SPO_10810,0,4GS3L,N,7,"51,8","0,0061","0,31","0,01",0,"0,32",0,F,143
143,11,202603,202602,SPOX_6685,0,4NENL,N,9,"7,9","0,00604","0,05",0,0,"0,05",0,F,143
143,11,202603,202603,SPO_11402,0,4NSNL,N,503,"1477,7","0,0061","8,98","0,34",0,"9,32",0,F,143
143,11,202603,202602,SPO_11408,0, NENL,N,49,"109,5","0,00604","0,67","0,02",0,"0,69",0,F,143
143,11,202603,202603,SPO_11405,0,4IENL,R,3,"1,5","0,00427",0,0,0,0,0,F,143
143,11,202603,202602,SPO_14681,0,4NENL,N,1,"0,5","0,0061",0,0,0,0,0,F,143
143,11,202603,202603,SPO_11408,0, NENL,N,5446,"11929,3","0,0061","72,7","2,72",0,"75,42",0,F,143
143,11,202603,202603,SPOX_0083,0,4IENL,R,225,"1244,2","0,00427","5,31","0,2",0,"5,51",0,F,143
143,11,202603,202603,SPO_14678,0,4GS8L,N,1,"9,1","0,0061","0,06",0,0,"0,06",0,F,143
143,11,202603,202603,SPOX_0326,0, IENL,N,1229,"1834,9","0,0061","11,09","0,36",0,"11,45",0,F,143
143,11,202603,202603,SPOX_0348,0, GS8L,R,41,"50,6","0,00427","0,23",0,0,"0,23",0,F,143
143,11,202603,202603,SPOX_0970,0, NENL,N,117644,595077,"0,0061","3629,95","137,43",0,"3767,38",0,F,143
143,11,202603,202603,SPOX_6694,0,4GS8L,N,1035,"3610,1","0,0061","22,02","0,83",0,"22,85",0,F,143
143,11,202603,202603,SPO_10152,0, NETL,N,6,"31,3","0,0061","0,19",0,0,"0,19",0,F,143
143,11,202603,202603,SPO_10404,0,4NSNL,R,16,"25,9","0,00427","0,12",0,0,"0,12",0,F,143
143,11,202603,202602,SPOX_0083,0,4NENL,N,5,"3,6","0,00604","0,02",0,0,"0,02",0,F,143
143,11,202603,202603,SPO_10617,0,4IENL,R,27,"57,7","0,00427","0,23",0,0,"0,23",0,F,143
143,11,202603,202602,SPOX_0970,0,4GS8L,N,1,"2,6","0,00604","0,02",0,0,"0,02",0,F,143
143,11,202603,202603,SPO_11402,0,4GS3L,R,31,"16,5","0,00427","0,07",0,0,"0,07",0,F,143
143,11,202603,202602,SPO_11402,0,4IENL,N,15,"56,7","0,0061","0,34","0,01",0,"0,35",0,F,143
143,11,202603,202602,SPO_14667,0, NENL,N,35,"126,3","0,0061","0,76","0,01",0,"0,77",0,F,143
143,11,202603,202603,SPO_11407,0,4NSNL,N,8,4,"0,0061","0,02",0,0,"0,02",0,F,143
143,11,202603,202603,SPOX_0046,0, GS8L,N,1,"0,9","0,0061","0,01",0,0,"0,01",0,F,143
143,11,202603,202603,SPO_14667,0,4IENL,R,59,"251,3","0,00427","1,07","0,04",0,"1,11",0,F,143
143,11,202603,202603,SPOX_0083,0, NENL,R,4768,"13200,5","0,00427","56,32","2,08",0,"58,4",0,F,143
143,11,202603,202603,SPO_14681,0,4NEAL,N,1,"0,5","0,0061",0,0,0,0,0,F,143
143,11,202603,202603,SPOX_0347,0, GS8L,N,665,"3974,7","0,0061","24,27","0,88",0,"25,15",0,F,143
143,11,202603,202603,SPOX_0970,0,4GS3L,N,175,"787,7","0,0061","4,8","0,18",0,"4,98",0,F,143
143,11,202603,202603,SPOX_1158,0,4GS8L,N,7,"33,5","0,0061","0,2",0,0,"0,2",0,F,143
143,11,202603,202603,SPOX_6694,0,4NSNL,R,21,40,"0,00427","0,16",0,0,"0,16",0,F,143
143,11,202603,202603,SPO_10152,0,4GS8L,N,2,"1,3","0,0061","0,01",0,0,"0,01",0,F,143
143,11,202603,202603,SPO_10156,0,4NSNL,N,2,1,"0,0061","0,01",0,0,"0,01",0,F,143
143,11,202603,202603,SPO_10418,0,4NSNL,N,342,"1040,4","0,0061","6,33","0,24",0,"6,57",0,F,143
143,11,202603,202602,SPOX_0326,0, IENL,N,4,"12,4","0,0061","0,08",0,0,"0,08",0,F,143
143,11,202603,202603,SPO_10617,0, NENL,R,1383,"5120,2","0,00427","21,83","0,78",0,"22,61",0,F,143
143,11,202603,202602,SPOX_0970,0, NENL,R,1,"1,2","0,00422","0,01",0,0,"0,01",0,F,143
143,11,202603,202603,SPO_11402,0,4NENL,N,16803,"46058,9","0,0061","280,97","10,64",0,"291,61",0,F,143
143,11,202603,202602,SPO_11408,0,4NENL,N,2,"2,7","0,00604","0,02",0,0,"0,02",0,F,143
143,11,202603,202603,SPO_11405,0,4GS8L,R,41,"34,4","0,00427","0,13",0,0,"0,13",0,F,143
143,11,202603,202603,SPO_11408,0,4NENL,R,31,"88,7","0,00427","0,39","0,01",0,"0,4",0,F,143
143,11,202603,202603,SPOX_0083,0,4GS8L,R,455,"1997,9","0,00427","8,5","0,32",0,"8,82",0,F,143
143,11,202603,202603,SPO_14667,0, NENL,R,1230,3230,"0,00427","13,69","0,49",0,"14,18",0,F,143
143,11,202603,202603,SPOX_0275,0, NENL,N,6,"58,3","0,0061","0,36","0,01",0,"0,37",0,F,143
143,11,202603,202603,SPO_14681,0, NETL,N,1,"1,4","0,0061","0,01",0,0,"0,01",0,F,143
143,11,202603,202603,SPOX_0348,0,4NSNL,N,1,"2,9","0,0061","0,02",0,0,"0,02",0,F,143
143,11,202603,202603,SPOX_0970,0,4NSNL,N,1738,"4061,9","0,0061","24,78","0,94",0,"25,72",0,F,143
143,11,202603,202603,SPOX_6685,0,4NENL,R,1069,"1065,3","0,00427","4,55","0,17",0,"4,72",0,F,143
143,11,202603,202603,SPO_10152,0, NENL,N,20550,"90650,3","0,0061","553,01","20,86",0,"573,87",0,F,143
143,11,202603,202603,SPO_10404,0,4GS8L,R,126,"349,9","0,00427","1,5","0,05",0,"1,55",0,F,143
143,11,202603,202602,SPOX_0083,0,4GS8L,N,1,"9,7","0,00604","0,06",0,0,"0,06",0,F,143
143,11,202603,202603,SPO_10617,0,4GS8L,R,19,"101,9","0,00427","0,45","0,01",0,"0,46",0,F,143
143,11,202603,202602,SPOX_0348,0, IENL,N,1,"0,5","0,00604",0,0,0,0,0,F,143
143,11,202603,202603,SPO_10810,0, GS8L,N,1,"0,7","0,0061",0,0,0,0,0,F,143
143,11,202603,202602,SPO_10617,0, NENL,N,1,"8,1","0,0061","0,05",0,0,"0,05",0,F,143
143,11,202603,202603,SPO_11402,0, NENL,R,4342,"10082,8","0,00427","43,03","1,58",0,"44,61",0,F,143
143,11,202603,202602,SPO_14667,0,4NENL,N,1,"2,7","0,00604","0,02",0,0,"0,02",0,F,143
143,11,202603,202603,SPO_11405,0, NENL,N,46120,"139776,6","0,0061","852,76","32,23",0,"884,99",0,F,143
143,11,202603,202603,SPOX_0046,0,4GS8L,N,15,"52,5","0,0061","0,32","0,01",0,"0,33",0,F,143
143,11,202603,202603,SPO_14667,0,4GS8L,R,116,"537,6","0,00427","2,28","0,08",0,"2,36",0,F,143
143,11,202603,202603,SPOX_0083,0,4NSNL,R,9,"5,2","0,00427","0,01",0,0,"0,01",0,F,143
143,11,202603,202603,SPO_14681,0,4IENL,N,895,"4619,6","0,0061","28,16","1,06",0,"29,22",0,F,143
143,11,202603,202603,SPOX_0347,0,4GS8L,N,3,"28,4","0,0061","0,17",0,0,"0,17",0,F,143
143,11,202603,202603,SPOX_0348,0, NSNL,N,68,"162,8","0,0061",1,"0,03",0,"1,03",0,F,143
143,11,202603,202603,SPOX_1007,0,4NSNL,N,10,"5,8","0,0061","0,01",0,0,"0,01",0,F,143
143,11,202603,202603,SPOX_6694,0,4NENL,R,18,"47,5","0,00427","0,21",0,0,"0,21",0,F,143
143,11,202603,202603,SPO_10156,0,4NENL,N,2347,"8021,8","0,0061","48,93","1,85",0,"50,78",0,F,143
143,11,202603,202603,SPO_10418,0,4GS8L,N,1530,9662,"0,0061","58,96","2,23",0,"61,19",0,F,143
143,11,202603,202602,SPOX_0083,0, NENL,R,2,"1,5","0,00427","0,01",0,0,"0,01",0,F,143
143,11,202603,202603,SPO_10617,0,4NSNL,R,4,2,"0,00427",0,0,0,0,0,F,143
143,11,202603,202602,SPOX_0970,0, NENL,N,59,"225,5","0,00604","1,36","0,03",0,"1,39",0,F,143
143,11,202603,202603,SPO_11402,0,4NEAL,N,7,"49,5","0,0061","0,31","0,01",0,"0,32",0,F,143
143,11,202603,202602,SPO_11405,0,4NENL,N,1,"1,8","0,00604","0,01",0,0,"0,01",0,F,143
143,11,202603,202603,SPO_11404,0,4NSNL,R,12,6,"0,00427","0,02",0,0,"0,02",0,F,143
143,11,202603,202603,SPO_11408,0,4IENL,R,2,"1,1","0,00427",0,0,0,0,0,F,143
143,11,202603,202603,SPOX_0083,0,4GS3L,R,1,"10,4","0,00427","0,04",0,0,"0,04",0,F,143
143,11,202603,202603,SPO_14667,0,4NSNL,R,1,"0,7","0,00427",0,0,0,0,0,F,143
143,11,202603,202603,SPOX_0251,0, NENL,N,13,"47,2","0,0061","0,29",0,0,"0,29",0,F,143
143,11,202603,202603,SPO_14681,0, NENL,N,29600,"148982,8","0,0061","908,72","34,33",0,"943,05",0,F,143
143,11,202603,202603,SPOX_0347,0, NENL,R,142,"287,1","0,00427","1,27","0,02",0,"1,29",0,F,143
143,11,202603,202603,SPOX_0970,0,4NENL,N,10750,"27529,1","0,0061","167,93","6,36",0,"174,29",0,F,143
143,11,202603,202603,SPOX_4927,0,4GS8L,N,3,"10,3","0,0061","0,06",0,0,"0,06",0,F,143
143,11,202603,202603,SPOX_9684,0,4GS8L,N,10,"61,4","0,0061","0,39","0,01",0,"0,4",0,F,143
143,11,202603,202603,SPO_10152,0,4NENL,R,52,"94,8","0,00427","0,4","0,01",0,"0,41",0,F,143
143,11,202603,202603,SPO_10404,0,4GS3L,R,33,"16,5","0,00427","0,06",0,0,"0,06",0,F,143
143,11,202603,202603,SPO_10617,0,4GS3L,N,2,"1,8","0,0061","0,01",0,0,"0,01",0,F,143
143,11,202603,202602,SPOX_0347,0, NENL,N,1,3,"0,0061","0,02",0,0,"0,02",0,F,143
143,11,202603,202603,SPO_10810,0,4NSNL,N,475,"818,3","0,0061","4,98","0,18",0,"5,16",0,F,143
143,11,202603,202602,SPO_10404,0,4GS8L,N,1,"11,5","0,00604","0,07",0,0,"0,07",0,F,143
143,11,202603,202603,SPO_11402,0, GS8L,R,6,"29,3","0,00427","0,13",0,0,"0,13",0,F,143
143,11,202603,202602,SPO_14657,0,4NENL,N,3,"14,7","0,00604","0,09",0,0,"0,09",0,F,143
143,11,202603,202603,SPO_11405,0,4NENL,R,22,"43,4","0,00427","0,17",0,0,"0,17",0,F,143
143,11,202603,202602,SPO_14681,0, NENL,R,2,"6,6","0,00422","0,03",0,0,"0,03",0,F,143
143,11,202603,202603,SPO_14657,0,4NENL,R,1091,"1051,6","0,00427","4,48","0,17",0,"4,65",0,F,143
143,11,202603,202603,SPOX_0083,0,4NENL,R,97,"212,8","0,00427","0,89","0,03",0,"0,92",0,F,143
143,11,202603,202603,SPO_14681,0,4GS8L,N,1804,"11875,9","0,0061","72,45","2,74",0,"75,19",0,F,143
143,11,202603,202603,SPOX_0326,0, NENL,N,48872,"158145,4","0,0061","964,62","36,44",0,"1001,06",0,F,143
143,11,202603,202603,SPOX_0348,0, NENL,N,14773,"47124,3","0,0061","287,5","10,84",0,"298,34",0,F,143
143,11,202603,202603,SPOX_0999,0,4GS8L,N,13,"45,4","0,0061","0,26","0,01",0,"0,27",0,F,143
143,11,202603,202603,SPOX_6694,0,4IENL,R,3,35,"0,00427","0,14",0,0,"0,14",0,F,143
143,11,202603,202603,SPO_10156,0,4IENL,R,58,"121,7","0,00427","0,52","0,01",0,"0,53",0,F,143
143,11,202603,202603,SPO_10418,0,4GS3L,N,252,"292,6","0,0061","1,8","0,06",0,"1,86",0,F,143
143,11,202603,202602,SPOX_0083,0, NENL,N,85,"551,7","0,0061","3,38","0,1",0,"3,48",0,F,143
143,11,202603,202603,SPO_10617,0,4NENL,R,3,"2,5","0,00427","0,01",0,0,"0,01",0,F,143
143,11,202603,202602,SPOX_0970,0,4NENL,N,3,"3,5","0,00604","0,02",0,0,"0,02",0,F,143
143,11,202603,202603,SPO_11402,0,4IENL,N,5452,"9265,4","0,0061","56,52","2,14",0,"58,66",0,F,143
143,11,202603,202602,SPO_11402,0, NENL,R,1,"3,5","0,00422","0,01",0,0,"0,01",0,F,143
143,11,202603,202603,SPO_11408,0,4GS8L,R,6,"5,6","0,00427","0,02",0,0,"0,02",0,F,143
143,11,202603,202603,SPOX_0051,0,4NENL,R,3,"57,1","0,00427","0,24",0,0,"0,24",0,F,143
143,11,202603,202603,SPO_14667,0,4NENL,R,27,"63,9","0,00427","0,27","0,01",0,"0,28",0,F,143
143,11,202603,202603,SPOX_0088,0, NENL,N,8,"49,6","0,0061","0,29",0,0,"0,29",0,F,143
143,11,202603,202603,SPO_14681,0,4NSNL,N,455,"971,4","0,0061","5,95","0,22",0,"6,17",0,F,143
143,11,202603,202603,SPOX_0347,0, IENL,R,3,"4,8","0,00427","0,02",0,0,"0,02",0,F,143
143,11,202603,202603,SPOX_0970,0,4IENL,N,3520,"18754,6","0,0061","114,4","4,33",0,"118,73",0,F,143
143,11,202603,202603,SPOX_1301,0, GS8L,N,1,"5,8","0,0061","0,04",0,0,"0,04",0,F,143
143,11,202603,202603,SPOX_6694,0, NENL,R,499,"1100,6","0,00427","4,68","0,16",0,"4,84",0,F,143
143,11,202603,202603,SPO_10152,0,4NEAL,N,1,1,"0,0061","0,01",0,0,"0,01",0,F,143
143,11,202603,202603,SPO_10156,0, NETL,N,1,3,"0,0061","0,02",0,0,"0,02",0,F,143
143,11,202603,202603,SPO_10418,0, GS8L,R,1,"3,1","0,00427","0,01",0,0,"0,01",0,F,143
143,11,202603,202602,SPOX_0347,0, IENL,N,1,"0,5","0,00604",0,0,0,0,0,F,143
143,11,202603,202603,SPO_10810,0,4GS8L,N,914,"5652,1","0,0061","34,45","1,3",0,"35,75",0,F,143
143,11,202603,202602,SPOX_6685,0,4NENL,N,17,"20,9","0,0061","0,13",0,0,"0,13",0,F,143
143,11,202603,202603,SPO_11402,0,4NSNL,R,19,"138,5","0,00427","0,59","0,02",0,"0,61",0,F,143
143,11,202603,202602,SPO_11408,0, NENL,R,35,"49,1","0,00422","0,21",0,0,"0,21",0,F,143
143,11,202603,202603,SPO_11405,0,4NEAL,N,2,"1,8","0,0061","0,01",0,0,"0,01",0,F,143
143,11,202603,202602,SPO_14681,0, NENL,N,11,"44,4","0,00604","0,28",0,0,"0,28",0,F,143
143,11,202603,202603,SPO_11408,0, NENL,R,286,"661,4","0,00427","2,79","0,09",0,"2,88",0,F,143
143,11,202603,202603,SPOX_0083,0,4NEAL,N,2,"11,2","0,0061","0,07",0,0,"0,07",0,F,143
143,11,202603,202603,SPO_14679,0,4GS8L,N,6,"27,3","0,0061","0,16",0,0,"0,16",0,F,143
143,11,202603,202603,SPOX_0326,0, IENL,R,13,71,"0,00427","0,29",0,0,"0,29",0,F,143
143,11,202603,202603,SPOX_0348,0, IENL,N,447,"619,3","0,0061","3,74","0,12",0,"3,86",0,F,143
143,11,202603,202603,SPOX_0970,0, NENL,R,4837,"13403,3","0,00427","57,2","2,11",0,"59,31",0,F,143
143,11,202603,202603,SPOX_6694,0,4GS8L,R,222,"533,5","0,00427","2,28","0,08",0,"2,36",0,F,143
143,11,202603,202603,SPO_10156,0,4GS8L,N,1,"0,6","0,0061",0,0,0,0,0,F,143
143,11,202603,202603,SPO_10404,0, GS8L,N,14,62,"0,0061","0,36","0,01",0,"0,37",0,F,143
143,11,202603,202602,SPOX_0083,0,4NENL,N,5,"26,1","0,0061","0,16",0,0,"0,16",0,F,143
143,11,202603,202603,SPO_10617,0,4NEAL,N,1,"17,9","0,0061","0,11",0,0,"0,11",0,F,143
143,11,202603,202602,SPOX_0970,0,4GS8L,N,1,"0,5","0,0061",0,0,0,0,0,F,143
143,11,202603,202603,SPO_11402,0,4GS8L,N,1892,"11964,1","0,0061","72,96","2,76",0,"75,72",0,F,143
143,11,202603,202602,SPO_11402,0, NENL,N,27,"104,7","0,00604","0,62","0,01",0,"0,63",0,F,143
143,11,202603,202602,SPO_14667,0, NENL,R,1,"0,5","0,00422",0,0,0,0,0,F,143
143,11,202603,202603,SPO_11408,0,4GS3L,N,15,"77,1","0,0061","0,46","0,01",0,"0,47",0,F,143
143,11,202603,202603,SPOX_0046,0, NENL,N,32,"49,4","0,0061","0,28","0,01",0,"0,29",0,F,143
143,11,202603,202603,SPO_14667,0,4NEAL,N,2,"8,9","0,0061","0,05",0,0,"0,05",0,F,143
143,11,202603,202603,SPOX_0083,0, NETL,N,4,"5,2","0,0061","0,03",0,0,"0,03",0,F,143
143,11,202603,202603,SPO_14681,0,4NENL,N,2710,6721,"0,0061","40,98","1,55",0,"42,53",0,F,143
143,11,202603,202603,SPOX_0347,0, GS8L,R,42,"143,8","0,00427","0,61","0,01",0,"0,62",0,F,143
143,11,202603,202603,SPOX_0970,0,4GS8L,N,7183,"48578,3","0,0061","296,33","11,22",0,"307,55",0,F,143
143,11,202603,202603,SPOX_1158,0, GS8L,N,1,"1,5","0,0061","0,01",0,0,"0,01",0,F,143
143,11,202603,202603,SPOX_6694,0, IEAL,N,4,"36,5","0,0061","0,22",0,0,"0,22",0,F,143
143,11,202603,202603,SPO_10152,0,4IENL,N,517,"1387,4","0,0061","8,46","0,32",0,"8,78",0,F,143
143,11,202603,202603,SPO_10156,0, NENL,N,31674,"145420,9","0,0061","887,05","33,5",0,"920,55",0,F,143
143,11,202603,202603,SPO_10418,0,4NSNL,R,16,"17,7","0,00427","0,08",0,0,"0,08",0,F,143
143,11,202603,202602,SPOX_0326,0, NENL,N,13,"39,4","0,00604","0,23",0,0,"0,23",0,F,143
143,11,202603,202603,SPO_10809,0,4NSNL,N,3,"1,5","0,0061",0,0,0,0,0,F,143
143,11,202603,202602,SPOX_0970,0, NENL,R,1,"0,8","0,00427",0,0,0,0,0,F,143
143,11,202603,202603,SPO_11402,0,4NENL,R,184,"501,8","0,00427","2,13","0,08",0,"2,21",0,F,143
143,11,202603,202602,SPO_11408,0,4NENL,R,3,"3,3","0,00422","0,01",0,0,"0,01",0,F,143
143,11,202603,202603,SPO_11405,0,4IENL,N,447,"475,9","0,0061","2,9","0,11",0,"3,01",0,F,143
143,11,202603,202602,SPO_14681,0,4NENL,N,1,"2,5","0,00604","0,02",0,0,"0,02",0,F,143
143,11,202603,202603,SPO_11408,0,4NSNL,N,82,"274,9","0,0061","1,69","0,06",0,"1,75",0,F,143
143,11,202603,202603,SPOX_0083,0,4IENL,N,3630,"18631,3","0,0061","113,65","4,3",0,"117,95",0,F,143
143,11,202603,202603,SPO_14668,0,4NSNL,N,4,2,"0,0061",0,0,0,0,0,F,143
143,11,202603,202603,SPOX_0276,0, NENL,N,1,"6,8","0,0061","0,04",0,0,"0,04",0,F,143
143,11,202603,202603,SPOX_0348,0, GS8L,N,731,"4647,1","0,0061","28,33","1,02",0,"29,35",0,F,143
143,11,202603,202603,SPOX_0970,0,4NSNL,R,10,5,"0,00427","0,01",0,0,"0,01",0,F,143
143,11,202603,202603,SPOX_6694,0,4GS3L,N,25,"75,9","0,0061","0,47","0,01",0,"0,48",0,F,143
143,11,202603,202603,SPO_10152,0, NENL,R,1922,"4390,5","0,00427","18,73","0,67",0,"19,4",0,F,143
143,11,202603,202603,SPO_10404,0,4NSNL,N,329,"833,5","0,0061","5,08","0,19",0,"5,27",0,F,143
143,11,202603,202602,SPOX_0083,0,4IENL,N,1,"0,5","0,00604",0,0,0,0,0,F,143
143,11,202603,202603,SPO_10617,0,4IENL,N,709,"1144,1","0,0061",7,"0,26",0,"7,26",0,F,143
143,11,202603,202602,SPOX_0348,0, NENL,N,9,9,"0,00604","0,05",0,0,"0,05",0,F,143
143,11,202603,202603,SPO_11402,0,4GS3L,N,253,"244,4","0,0061","1,49","0,05",0,"1,54",0,F,143
143,11,202603,202602,SPO_11402,0,4IENL,N,7,"15,7","0,00604","0,09",0,0,"0,09",0,F,143
143,11,202603,202602,SPO_14667,0, NENL,N,11,"44,5","0,00604","0,25",0,0,"0,25",0,F,143
143,11,202603,202603,SPO_11405,0, NENL,R,3612,"10266,9","0,00427","43,82","1,62",0,"45,44",0,F,143
143,11,202603,202603,SPOX_0046,0,4NENL,N,3,"3,1","0,0061","0,01",0,0,"0,01",0,F,143
143,11,202603,202603,SPO_14667,0,4IENL,N,887,"4454,5","0,0061","27,15","1,02",0,"28,17",0,F,143
143,11,202603,202603,SPOX_0083,0, NENL,N,117696,"589801,4","0,0061","3597,73","136,22",0,"3733,95",0,F,143
143,11,202603,202603,SPO_14681,0,4IENL,R,57,"345,7","0,00427","1,49","0,05",0,"1,54",0,F,143
143,11,202603,202603,SPOX_0347,0, GS3L,N,4,"18,2","0,0061","0,11",0,0,"0,11",0,F,143
143,11,202603,202603,SPOX_0777,0,4GS8L,N,12,111,"0,0061","0,67","0,02",0,"0,69",0,F,143
143,11,202603,202603,SPOX_1007,0,4NSNL,R,1,"0,5","0,00427",0,0,0,0,0,F,143
143,11,202603,202603,SPOX_6694,0,4NSNL,N,353,"1397,1","0,0061","8,53","0,32",0,"8,85",0,F,143
143,11,202603,202603,SPO_10156,0,4NENL,R,41,"104,1","0,00427","0,45","0,01",0,"0,46",0,F,143
143,11,202603,202603,SPO_10418,0,4GS8L,R,123,"235,9","0,00427","0,99","0,03",0,"1,02",0,F,143
143,11,202603,202602,SPOX_0326,0, IENL,N,1,"1,9","0,00604","0,01",0,0,"0,01",0,F,143
143,11,202603,202603,SPO_10617,0, NENL,N,28303,"118727,1","0,0061","724,13","27,37",0,"751,5",0,F,143
143,11,202603,202602,SPOX_0970,0, NENL,N,120,553,"0,0061","3,37","0,11",0,"3,48",0,F,143
143,11,202603,202603,SPO_11402,0,4NEAL,R,2,"13,6","0,00427","0,06",0,0,"0,06",0,F,143
143,11,202603,202602,SPO_11405,0, NENL,N,11,"42,6","0,0061","0,26",0,0,"0,26",0,F,143
143,11,202603,202603,SPO_11405,0,4GS8L,N,416,"2138,5","0,0061","13,04","0,49",0,"13,53",0,F,143
143,11,202603,202603,SPO_11408,0,4NENL,N,1960,"3289,7","0,0061","20,08","0,76",0,"20,84",0,F,143
143,11,202603,202603,SPOX_0083,0,4GS8L,N,7187,"49798,6","0,0061","303,76","11,5",0,"315,26",0,F,143
143,11,202603,202603,SPO_14667,0, NENL,N,29336,"143792,5","0,0061","877,12","33,14",0,"910,26",0,F,143
143,11,202603,202603,SPOX_0275,0,4NENL,N,1,"1,2","0,0061","0,01",0,0,"0,01",0,F,143
143,11,202603,202603,SPO_14681,0, NENL,R,1276,"3282,1","0,00427","13,91","0,48",0,"14,39",0,F,143
143,11,202603,202603,SPOX_0347,0, NSNL,N,72,"263,3","0,0061","1,62","0,05",0,"1,67",0,F,143
143,11,202603,202603,SPOX_0970,0,4NENL,R,111,"239,1","0,00427","1,03","0,03",0,"1,06",0,F,143
143,11,202603,202603,SPOX_6685,0,4NENL,N,25080,"54540,1","0,0061","332,69","12,61",0,"345,3",0,F,143
143,11,202603,202603,SPOX_9684,0, GS8L,N,3,"5,1","0,0061","0,03",0,0,"0,03",0,F,143
143,11,202603,202603,SPO_10152,0,4NSNL,N,4,2,"0,0061","0,01",0,0,"0,01",0,F,143
143,11,202603,202603,SPO_10404,0,4GS8L,N,1513,8950,"0,0061","54,59","2,06",0,"56,65",0,F,143
143,11,202603,202603,SPO_10617,0,4GS8L,N,559,"3419,9","0,0061","20,86","0,79",0,"21,65",0,F,143
143,11,202603,202602,SPOX_0348,0, GS8L,N,2,1,"0,00604",0,0,0,0,0,F,143
143,11,202603,202603,SPO_10810,0,4NSNL,R,18,59,"0,00427","0,24",0,0,"0,24",0,F,143
143,11,202603,202602,SPO_10617,0, NENL,N,9,"47,8","0,00604","0,28",0,0,"0,28",0,F,143
143,11,202603,202603,SPO_11402,0, NENL,N,176689,"535560,7","0,0061","3266,89","123,67",0,"3390,56",0,F,143
143,11,202603,202602,SPO_14657,0,4NENL,N,21,"56,8","0,0061","0,35","0,01",0,"0,36",0,F,143
143,11,202603,202603,SPO_11405,0,4NSNL,N,39,"111,5","0,0061","0,67","0,02",0,"0,69",0,F,143
143,11,202603,202603,SPOX_0012,0, GS8L,N,3,"2,9","0,0061","0,02",0,0,"0,02",0,F,143
143,11,202603,202603,SPO_14667,0,4GS8L,N,1808,11931,"0,0061","72,77","2,75",0,"75,52",0,F,143
143,11,202603,202603,SPOX_0083,0,4NSNL,N,1730,"4260,3","0,0061","26,02","0,98",0,27,0,F,143
143,11,202603,202603,SPO_14681,0,4GS8L,R,121,"467,7","0,00427","1,97","0,07",0,"2,04",0,F,143
143,11,202603,202603,SPOX_0326,0, NENL,R,1100,"2647,5","0,00427","11,28","0,38",0,"11,66",0,F,143
143,11,202603,202603,SPOX_0348,0, NENL,R,128,"268,1","0,00427","1,11","0,03",0,"1,14",0,F,143
143,11,202603,202603,SPOX_0999,0, GS8L,N,12,"67,7","0,0061","0,41",0,0,"0,41",0,F,143
143,11,202603,202603,SPOX_6694,0,4NENL,N,1013,2250,"0,0061","13,72","0,52",0,"14,24",0,F,143
143,11,202603,202603,SPO_11408,0, NENL,N,776,2010,"0,0061","12,21","0,41",0,"12,62",0,F,143
143,11,202603,202602,SPO_10617,0, NENL,N,1,"9,5","0,0061","0,06",0,0,"0,06",0,F,143
143,11,202603,202603,SPOX_0088,0, NENL,N,8,"60,7","0,0061","0,37","0,01",0,"0,38",0,F,143
143,11,202603,202603,SPOX_6685,0,4NENL,R,2,1,"0,00427",0,0,0,0,0,F,143
143,11,202603,202603,SPO_10156,0, NENL,N,47475,"288309,9","0,0061","1758,67","66,54",0,"1825,21",0,F,143
143,11,202603,202603,SPO_14681,0, NENL,N,49284,"288490,4","0,0061","1759,8","66,59",0,"1826,39",0,F,143
143,11,202603,202602,SPOX_0326,0, NENL,N,3,"5,6","0,00604","0,03",0,0,"0,03",0,F,143
143,11,202603,202602,SPO_14667,0, NENL,R,5,"13,2","0,00422","0,06",0,0,"0,06",0,F,143
143,11,202603,202603,SPOX_0347,0, NENL,R,69,"155,1","0,00427","0,64","0,02",0,"0,66",0,F,143
143,11,202603,202603,SPO_11405,0, NENL,N,6996,"24061,5","0,0061","146,83","5,5",0,"152,33",0,F,143
143,11,202603,202602,SPOX_6694,0, NENL,N,1,"6,9","0,00604","0,04",0,0,"0,04",0,F,143
143,11,202603,202603,SPOX_0083,0, NENL,N,197136,"1158316,7","0,0061","7065,67","267,58",0,"7333,25",0,F,143
143,11,202603,202603,SPOX_0970,0, NENL,R,7678,"25441,6","0,00427","108,58","4,04",0,"112,62",0,F,143
143,11,202603,202603,SPO_14667,0, NENL,R,1981,"7183,6","0,00427","30,58","1,12",0,"31,7",0,F,143
143,11,202603,202602,SPOX_0083,0, NENL,N,38,"158,5","0,0061","0,96","0,01",0,"0,97",0,F,143
143,11,202603,202602,SPO_14667,0, NENL,N,34,"116,8","0,00604","0,72","0,01",0,"0,73",0,F,143
143,11,202603,202603,SPOX_0326,0, NETL,N,1,"0,9","0,0061","0,01",0,0,"0,01",0,F,143
143,11,202603,202603,SPO_10152,0, NENL,R,2720,8151,"0,00427","34,82","1,26",0,"36,08",0,F,143
143,11,202603,202603,SPO_11402,0, NENL,R,952,"2816,1","0,00427","12,02","0,41",0,"12,43",0,F,143
143,11,202603,202602,SPOX_0970,0, NENL,N,31,"176,7","0,0061","1,07","0,02",0,"1,09",0,F,143
143,11,202603,202603,SPOX_0051,0,4NENL,N,247,"809,7","0,0061","4,93","0,18",0,"5,11",0,F,143
143,11,202603,202603,SPOX_0970,0,4NENL,N,23,42,"0,0061","0,25",0,0,"0,25",0,F,143
143,11,202603,202603,SPO_14667,0,4NENL,N,2,"6,4","0,0061","0,04",0,0,"0,04",0,F,143
143,11,202603,202602,SPO_11402,0, NENL,N,9,48,"0,0061","0,3",0,0,"0,3",0,F,143
143,11,202603,202603,SPOX_0326,0, NENL,N,7109,"27259,8","0,0061","166,29","6,23",0,"172,52",0,F,143
143,11,202603,202603,SPO_10152,0,4NENL,N,2,"2,4","0,0061","0,01",0,0,"0,01",0,F,143
143,11,202603,202603,SPO_10617,0, NENL,R,326,"686,6","0,00427","2,89","0,07",0,"2,96",0,F,143
143,11,202603,202602,SPOX_0348,0, NENL,N,4,"16,5","0,00604","0,1",0,0,"0,1",0,F,143
143,11,202603,202602,SPO_14681,0, NENL,R,3,"10,8","0,00422","0,05",0,0,"0,05",0,F,143
143,11,202603,202603,SPOX_0348,0, NENL,R,52,"71,7","0,00427","0,32",0,0,"0,32",0,F,143
143,11,202603,202603,SPO_11408,0, NENL,R,17,"43,9","0,00427","0,19",0,0,"0,19",0,F,143
143,11,202603,202602,SPO_10617,0, NENL,R,6,"3,2","0,00422","0,01",0,0,"0,01",0,F,143
143,11,202603,202603,SPOX_0275,0, NENL,N,7,"58,5","0,0061","0,35","0,01",0,"0,36",0,F,143
143,11,202603,202603,SPOX_6694,0, NENL,N,4228,"13928,2","0,0061","84,95","3,16",0,"88,11",0,F,143
143,11,202603,202603,SPO_10156,0, NENL,R,2621,"8354,9","0,00427","35,64","1,31",0,"36,95",0,F,143
143,11,202603,202603,SPO_14681,0, NENL,R,1907,5984,"0,00427","25,51","0,92",0,"26,43",0,F,143
143,11,202603,202602,SPOX_0326,0, NENL,N,3,"13,5","0,0061","0,08",0,0,"0,08",0,F,143
143,11,202603,202602,SPO_14681,0, NENL,N,28,"134,2","0,00604","0,81","0,02",0,"0,83",0,F,143
143,11,202603,202603,SPOX_0347,0, NETL,N,2,"8,2","0,0061","0,05",0,0,"0,05",0,F,143
143,11,202603,202603,SPO_11405,0, NENL,R,133,"693,1","0,00427","2,92","0,09",0,"3,01",0,F,143
143,11,202603,202602,SPO_10617,0, NENL,N,2,"1,1","0,00604","0,01",0,0,"0,01",0,F,143
143,11,202603,202603,SPOX_0083,0, NENL,R,7706,"25753,3","0,00427","109,9","4,09",0,"113,99",0,F,143
143,11,202603,202603,SPOX_6685,0,4NENL,N,325,"206,7","0,0061","1,24","0,04",0,"1,28",0,F,143
143,11,202603,202603,SPO_14681,0,4NENL,N,5,"6,5","0,0061","0,04",0,0,"0,04",0,F,143
143,11,202603,202602,SPOX_0083,0, NENL,R,20,"84,5","0,00422","0,36","0,01",0,"0,37",0,F,143
143,11,202603,202602,SPO_14667,0, NENL,N,13,"40,2","0,0061","0,25",0,0,"0,25",0,F,143
143,11,202603,202603,SPOX_0347,0, NENL,N,6095,"37587,4","0,0061","229,23","8,63",0,"237,86",0,F,143
143,11,202603,202603,SPO_10156,0,4NENL,N,2,"4,2","0,0061","0,03",0,0,"0,03",0,F,143
143,11,202603,202603,SPO_11405,0,4NENL,N,10,"25,5","0,0061","0,16",0,0,"0,16",0,F,143
143,11,202603,202602,SPOX_0970,0, NENL,R,16,"54,6","0,00422","0,22",0,0,"0,22",0,F,143
143,11,202603,202603,SPOX_0083,0,4NENL,N,16,31,"0,0061","0,2",0,0,"0,2",0,F,143
143,11,202603,202603,SPOX_0970,0, NENL,N,197262,"1171331,1","0,0061","7145,05","270,56",0,"7415,61",0,F,143
143,11,202603,202603,SPO_14667,0, NENL,N,49617,"287503,5","0,0061","1753,73","66,36",0,"1820,09",0,F,143
143,11,202603,202602,SPOX_0083,0, NENL,N,121,"567,2","0,00604","3,42","0,12",0,"3,54",0,F,143
143,11,202603,202602,SPO_11405,0, NENL,N,1,1,"0,0061","0,01",0,0,"0,01",0,F,143
143,11,202603,202603,SPOX_0326,0, NENL,R,292,"636,3","0,00427","2,72","0,08",0,"2,8",0,F,143
143,11,202603,202603,SPO_10152,0, NENL,N,31092,185011,"0,0061","1128,55","42,67",0,"1171,22",0,F,143
143,11,202603,202603,SPO_11402,0, NENL,N,46856,"182392,6","0,0061","1112,65","42,06",0,"1154,71",0,F,143
143,11,202603,202602,SPOX_0970,0, NENL,N,115,"468,9","0,00604","2,83","0,09",0,"2,92",0,F,143
143,11,202603,202603,SPOX_0046,0, NENL,N,19,"33,2","0,0061","0,2",0,0,"0,2",0,F,143
143,11,202603,202603,SPOX_0348,0, NETL,N,3,28,"0,0061","0,17",0,0,"0,17",0,F,143
143,11,202603,202603,SPO_14657,0,4NENL,N,339,213,"0,0061","1,3","0,04",0,"1,34",0,F,143
143,11,202603,202602,SPO_11402,0, NENL,N,1,"1,3","0,00604","0,01",0,0,"0,01",0,F,143
143,11,202603,202603,SPOX_0276,0, NENL,N,7,49,"0,0061","0,3","0,01",0,"0,31",0,F,143
143,11,202603,202603,SPOX_6694,0, NENL,R,84,"234,8","0,00427","1,01","0,02",0,"1,03",0,F,143
143,11,202603,202603,SPO_10617,0, NENL,N,7013,25469,"0,0061","155,39","5,84",0,"161,23",0,F,143
143,11,202603,202603,ULAX_1204,0, NENL,N,1,"0,5","0,0061",0,0,0,0,0,F,143
143,11,202603,202602,SPOX_0347,0, NENL,N,2,"5,7","0,00604","0,03",0,0,"0,03",0,F,143
143,11,202603,202602,SPO_14681,0, NENL,N,13,"30,7","0,0061","0,18",0,0,"0,18",0,F,143
143,11,202603,202603,SPOX_0348,0, NENL,N,5556,"35459,1","0,0061","216,25","8,13",0,"224,38",0,F,143
316,11,202603,202603,SPO_10779,0, NENL,N,3114,"7878,7","0,00605","47,71","1,76",0,"49,47",0,F,316
316,11,202603,202603,SPO_10779,0, NENL,R,253,"533,7","0,00423","2,28","0,07",0,"2,35",0,F,316
316,11,202603,202603,SPO_10779,0, NENL,R,2274,"4404,9","0,00423","18,6","0,67",0,"19,27",0,F,316
316,11,202603,202602,SPO_10779,0, NENL,N,2,"5,5","0,00605","0,03",0,0,"0,03",0,F,316
316,11,202603,202603,SPO_10779,0, NENL,N,58489,"238696,1","0,00605","1444,04","54,64",0,"1498,68",0,F,316
317,11,202603,202603,SPOX_9684,0, GS3L,N,21,"69,5","0,00605","0,4",0,0,"0,4",0,F,317
317,11,202603,202603,SPO_14679,0, GS3L,N,29,"154,2","0,00605","0,95","0,03",0,"0,98",0,F,317
317,11,202603,202603,SPO_11232,0, NENL,N,4395,"5839,6","0,00605","35,37","1,28",0,"36,65",0,F,317
317,11,202603,202603,SPO_11230,0, NENL,N,2409,"8491,2","0,00605","51,31","1,89",0,"53,2",0,F,317
317,11,202603,202603,SPO_10802,0, NENL,N,1723,"6396,4","0,00605","38,72","1,38",0,"40,1",0,F,317
317,11,202603,202603,SPOX_0999,0, GS3L,N,43,"126,6","0,00605","0,78","0,02",0,"0,8",0,F,317
317,11,202603,202603,SPO_11232,0, NENL,R,31,68,"0,00423","0,27",0,0,"0,27",0,F,317
317,11,202603,202603,SPO_11230,0, NENL,R,77,"203,9","0,00423","0,84","0,02",0,"0,86",0,F,317
317,11,202603,202603,SPO_10802,0, NENL,R,50,"155,4","0,00423","0,65","0,01",0,"0,66",0,F,317
317,11,202603,202603,SPO_11232,0, NENL,R,253,"1050,7","0,00423","4,45","0,15",0,"4,6",0,F,317
317,11,202603,202603,SPO_11230,0, NENL,R,365,"1010,2","0,00423","4,22","0,12",0,"4,34",0,F,317
317,11,202603,202603,SPO_10802,0, NENL,R,311,965,"0,00423",4,"0,12",0,"4,12",0,F,317
317,11,202603,202602,SPO_10802,0, NENL,N,1,"1,8","0,00605","0,01",0,0,"0,01",0,F,317
317,11,202603,202603,SPO_11232,0, NENL,N,7587,"64011,5","0,00605","387,22","14,58",0,"401,8",0,F,317
317,11,202603,202603,SPO_11230,0, NENL,N,25512,"167412,6","0,00605","1012,88","38,28",0,"1051,16",0,F,317
317,11,202603,202603,SPO_10802,0, NENL,N,23736,"159385,8","0,00605","964,27","36,43",0,"1000,7",0,F,317
318,11,202603,202602,SPOX_0999,0,4NENL,N,1,"0,9","0,00605","0,01",0,0,"0,01",0,F,318
318,11,202603,202603,SPO_13918,0, NENL,N,9798,"28219,6","0,00605","170,66","6,39",0,"177,05",0,F,318
318,11,202603,202603,SPOX_0999,0,4NENL,R,42,"97,7","0,00423","0,42","0,01",0,"0,43",0,F,318
318,11,202603,202602,ULAX_1204,0,4NENL,N,1,"0,6","0,00605",0,0,0,0,0,F,318
318,11,202603,202603,ULAX_1204,0,4NENL,R,44,"192,1","0,00423","0,82","0,03",0,"0,85",0,F,318
318,11,202603,202602,SPO_13918,0, NENL,N,2,"4,4","0,00605","0,02",0,0,"0,02",0,F,318
318,11,202603,202603,SPO_13918,0, NENL,R,253,"670,5","0,00423","2,79","0,07",0,"2,86",0,F,318
318,11,202603,202602,SPOX_0999,0,4NENL,N,1,"0,5","0,00598",0,0,0,0,0,F,318
318,11,202603,202603,SPO_13918,0, GS3L,N,3,"18,9","0,00605","0,11",0,0,"0,11",0,F,318
318,11,202603,202603,SPOX_0999,0,4NENL,N,3259,"6282,6","0,00605","38,01","1,44",0,"39,45",0,F,318
318,11,202603,202602,ULAX_1204,0,4NENL,N,1,"1,4","0,00598","0,01",0,0,"0,01",0,F,318
318,11,202603,202603,ULAX_1204,0,4NENL,N,3105,"5705,1","0,00605","34,54","1,3",0,"35,84",0,F,318
318,11,202603,202602,ULAX_1204,0,4NENL,N,1,"0,5","0,00605",0,0,0,0,0,F,318
318,11,202603,202603,SPO_13918,0, NENL,R,1577,"4556,1","0,00423","19,27","0,68",0,"19,95",0,F,318
318,11,202603,202602,SPO_13918,0, NENL,N,4,7,"0,00605","0,04",0,0,"0,04",0,F,318
318,11,202603,202603,SPOX_0999,0,4NENL,R,2262,"7634,6","0,00423","32,29","1,22",0,"33,51",0,F,318
318,11,202603,202603,SPO_13918,0, IENL,R,7,"22,9","0,00423","0,1",0,0,"0,1",0,F,318
318,11,202603,202602,SPOX_0999,0,4NENL,R,1,"5,6","0,00423","0,02",0,0,"0,02",0,F,318
318,11,202603,202603,SPOX_0999,0,4IENL,R,2,"2,9","0,00423","0,02",0,0,"0,02",0,F,318
318,11,202603,202603,ULAX_1204,0,4NENL,N,9159,"32850,2","0,00605","198,72","7,53",0,"206,25",0,F,318
318,11,202603,202602,ULAX_1204,0,4NENL,R,2,1,"0,00418",0,0,0,0,0,F,318
318,11,202603,202603,ULAX_1204,0,4IENL,N,50,"92,9","0,00605","0,58","0,02",0,"0,6",0,F,318
318,11,202603,202602,SPO_13918,0, NENL,R,3,"3,8","0,00418","0,01",0,0,"0,01",0,F,318
318,11,202603,202603,SPO_13918,0, IENL,N,20,"54,4","0,00605","0,32","0,01",0,"0,33",0,F,318
318,11,202603,202603,SPO_13918,0, NENL,N,32237,145915,"0,00605","882,82","33,36",0,"916,18",0,F,318
318,11,202603,202602,SPO_13918,0, NENL,N,4,"9,4","0,00598","0,05",0,0,"0,05",0,F,318
318,11,202603,202603,SPOX_0999,0,4NENL,N,9227,"32605,6","0,00605","197,26","7,47",0,"204,73",0,F,318
318,11,202603,202602,SPOX_0999,0,4NENL,N,1,"0,5","0,00605",0,0,0,0,0,F,318
318,11,202603,202603,ULAX_1204,0,4NENL,R,2414,"8091,3","0,00423","34,24","1,29",0,"35,53",0,F,318
318,11,202603,202603,SPOX_0999,0,4IENL,N,43,"76,4","0,00605","0,48","0,01",0,"0,49",0,F,318
318,11,202603,202603,ULAX_1204,0,4IENL,R,1,2,"0,00423","0,01",0,0,"0,01",0,F,318
319,11,202603,202603,SPOX_7137,0, GS3L,N,4,"6,4","0,00605","0,03",0,0,"0,03",0,F,319
319,11,202603,202603,SPO_14639,0, GS3L,N,4,"34,6","0,00605","0,21",0,0,"0,21",0,F,319
319,11,202603,202603,SPOX_0999,0, NENL,N,2115,"2420,8","0,00605","14,66","0,49",0,"15,15",0,F,319
319,11,202603,202603,SPO_14637,0, NENL,N,1958,"6066,8","0,00605","36,6","1,32",0,"37,92",0,F,319
319,11,202603,202602,SPO_14636,0, NENL,N,1,"2,7","0,00598","0,02",0,0,"0,02",0,F,319
319,11,202603,202603,SPO_14636,0, NENL,N,1810,"6237,3","0,00605","37,67","1,38",0,"39,05",0,F,319
319,11,202603,202603,ULAX_1204,0, NENL,N,2175,"2438,6","0,00605","14,76","0,51",0,"15,27",0,F,319
319,11,202603,202603,SPOX_7137,0, NENL,N,1630,1217,"0,00605","7,32","0,23",0,"7,55",0,F,319
319,11,202603,202603,SPO_14639,0, NENL,N,1534,"1137,3","0,00605","6,81","0,2",0,"7,01",0,F,319
319,11,202603,202603,SPOX_0999,0, NENL,R,8,"7,9","0,00423","0,03",0,0,"0,03",0,F,319
319,11,202603,202603,SPO_14637,0, NENL,R,28,"54,9","0,00423","0,2",0,0,"0,2",0,F,319
319,11,202603,202602,SPO_14637,0, NENL,N,2,"2,4","0,00605","0,02",0,0,"0,02",0,F,319
319,11,202603,202603,SPO_14636,0, NENL,R,22,"32,6","0,00423","0,13",0,0,"0,13",0,F,319
319,11,202603,202603,ULAX_1204,0, NENL,R,10,"32,1","0,00423","0,13",0,0,"0,13",0,F,319
319,11,202603,202603,SPOX_7137,0, NENL,R,6,"3,7","0,00423","0,01",0,0,"0,01",0,F,319
319,11,202603,202603,SPO_14639,0, NENL,R,9,"8,6","0,00423","0,04",0,0,"0,04",0,F,319
319,11,202603,202602,SPO_14639,0, NENL,N,1,"32,4","0,00598","0,19",0,0,"0,19",0,F,319
319,11,202603,202603,SPO_14637,0, NENL,N,11383,"44842,9","0,00605","271,35","10,24",0,"281,59",0,F,319
319,11,202603,202602,SPO_14637,0, NENL,N,5,15,"0,00598","0,09",0,0,"0,09",0,F,319
319,11,202603,202603,SPO_14636,0, NENL,N,11482,"45527,4","0,00605","275,46","10,36",0,"285,82",0,F,319
319,11,202603,202602,SPO_14636,0, NENL,N,4,"20,7","0,00598","0,13",0,0,"0,13",0,F,319
319,11,202603,202603,ULAX_1204,0, NENL,R,5,"9,9","0,00423","0,04",0,0,"0,04",0,F,319
319,11,202603,202603,SPOX_7137,0, NENL,N,944,2614,"0,00605","15,77","0,54",0,"16,31",0,F,319
319,11,202603,202603,SPO_14639,0, NENL,R,10,"6,5","0,00423","0,01",0,0,"0,01",0,F,319
319,11,202603,202603,SPOX_0999,0, NENL,N,236,"385,5","0,00605","2,28","0,06",0,"2,34",0,F,319
319,11,202603,202603,SPO_14637,0, NENL,R,168,"361,9","0,00423","1,52","0,04",0,"1,56",0,F,319
319,11,202603,202602,SPO_14637,0, NENL,N,10,"19,6","0,00605","0,12",0,0,"0,12",0,F,319
319,11,202603,202603,SPO_14636,0, NENL,R,171,"349,5","0,00423","1,44","0,04",0,"1,48",0,F,319
319,11,202603,202602,SPO_14636,0, NENL,N,5,"6,4","0,00605","0,04",0,0,"0,04",0,F,319
319,11,202603,202603,SPOX_7137,0, NENL,R,7,"11,8","0,00423","0,04",0,0,"0,04",0,F,319
319,11,202603,202603,ULAX_1204,0, NENL,N,310,"524,7","0,00605","3,12","0,1",0,"3,22",0,F,319
319,11,202603,202603,SPOX_0999,0, NENL,R,15,"9,1","0,00423","0,02",0,0,"0,02",0,F,319
319,11,202603,202603,SPO_14639,0, NENL,N,927,"2784,6","0,00605","16,77","0,58",0,"17,35",0,F,319
325,11,202603,202603,NSH64ULA,0, GS3V,N,1,"5,3","0,01779","0,09",0,0,"0,09",0,M,348
325,11,202603,202603,ULAN_1001,0, GS8V,N,52,264,"0,01779","4,7","0,16",0,"4,86",0,M,N07
325,11,202603,202603,ULAN_1001,0, NSNV,N,3,"8,6","0,01779","0,16",0,0,"0,16",0,M,N07
325,11,202603,202603,NSH34ULA,0, GS8V,R,5,14,"0,01245","0,18",0,0,"0,18",0,M,430
325,11,202603,202603,ULAN_1001,0, GS3V,R,12,"28,1","0,01245","0,35",0,0,"0,35",0,M,325
325,11,202603,202603,ULAN_1001,0, IENV,N,2,"1,3","0,01779","0,02",0,0,"0,02",0,M,10
325,11,202603,202603,ULAN_1001,0, NENV,N,5955,"7150,3","0,01779","127,19","4,78",0,"131,97",0,M,325
325,11,202603,202603,ULAN_1005,0, GS8V,N,6,47,"0,01779","0,83","0,03",0,"0,86",0,M,325
325,11,202603,202603,NSH37ULA,0, GS3V,N,1,"0,5","0,01779","0,01",0,0,"0,01",0,M,34
325,11,202603,202603,ULAN_1001,0, GS8V,N,3,"26,9","0,01779","0,48","0,01",0,"0,49",0,M,430
325,11,202603,202603,ULAN_1001,0, NSNV,N,163,"307,3","0,01779","5,49","0,17",0,"5,66",0,M,325
325,11,202603,202603,NSH34ULA,0, GS8V,N,15,"79,6","0,01779","1,41","0,04",0,"1,45",0,M,430
325,11,202603,202603,ULAN_1001,0, GS3V,N,92,"414,5","0,01779","7,38","0,26",0,"7,64",0,M,325
325,11,202603,202603,ULAN_1001,0, GS8V,R,9,"56,1","0,01245","0,71","0,02",0,"0,73",0,M,411
325,11,202603,202603,ULAN_1001,0, NENV,N,11,"5,7","0,01779","0,11",0,0,"0,11",0,M,10
325,11,202603,202603,NSH34URA,0, GS8V,R,144,"210,2","0,01245","2,65","0,08",0,"2,73",0,M,34
325,11,202603,202603,ULAN_1001,0, GS8V,N,9398,"56766,6","0,01779","1009,9","38,21",0,"1048,11",0,M,325
325,11,202603,202603,ULAN_1001,0, IENV,R,1,"0,5","0,01245","0,01",0,0,"0,01",0,M,17
325,11,202603,202603,ULAN_1001,0, NSNV,N,2,"3,2","0,01779","0,06",0,0,"0,06",0,M,10
325,11,202603,202603,NSH34ULA,0, GS8V,N,523,"2522,3","0,01779","44,86","1,68",0,"46,54",0,M,34
325,11,202603,202603,ULAN_1001,0, GS8V,R,14,"55,4","0,01245","0,7","0,01",0,"0,71",0,M,34
325,11,202603,202603,ULAN_1004,0, GS8V,N,2,"1,5","0,01779","0,03",0,0,"0,03",0,M,325
325,11,202603,202603,NSH34URA,0, GS8V,N,568,"2966,6","0,01779","52,75","1,97",0,"54,72",0,M,34
325,11,202603,202603,ULAN_1001,0, GS8V,N,84,"418,7","0,01779","7,45","0,27",0,"7,72",0,M,17
325,11,202603,202603,ULAN_1001,0, IENV,N,25,"12,5","0,01779","0,25",0,0,"0,25",0,M,411
325,11,202603,202603,ULAN_1001,0, NENV,R,1,"10,7","0,01245","0,13",0,0,"0,13",0,M,17
325,11,202603,202603,NSH17ULA,0, GS3V,N,16,"79,9","0,01779","1,42","0,05",0,"1,47",0,M,325
325,11,202603,202603,ULAN_1001,0, GS8V,R,1,"6,6","0,01245","0,08",0,0,"0,08",0,M,10
325,11,202603,202603,ULAN_1001,0, NSNV,R,4,2,"0,01245","0,04",0,0,"0,04",0,M,34
325,11,202603,202603,NSH34URA,0, GS3V,N,22,"173,8","0,01779","3,09","0,1",0,"3,19",0,M,34
325,11,202603,202603,ULAN_1001,0, GS8V,N,6,"30,6","0,01779","0,56","0,01",0,"0,57",0,F,25
325,11,202603,202603,ULAN_1001,0, IENV,N,12,"6,1","0,01779","0,12",0,0,"0,12",0,M,17
325,11,202603,202603,ULAN_1001,0, NENV,N,49,"58,2","0,01779","1,06","0,03",0,"1,09",0,M,411
325,11,202603,202603,NSH16URA,0, GS3V,N,4,"14,4","0,01779","0,26",0,0,"0,26",0,M,325
325,11,202603,202603,NSH37URA,0, GS3V,N,1,"8,9","0,01779","0,16",0,0,"0,16",0,M,34
325,11,202603,202603,ULAN_1001,0, GS8V,N,1,"2,2","0,01779","0,04",0,0,"0,04",0,M,A03
325,11,202603,202603,ULAN_1001,0, NSNV,N,1,"4,3","0,01779","0,08",0,0,"0,08",0,M,411
325,11,202603,202603,NSH34ULA,0, GS8V,R,141,"268,8","0,01245","3,37","0,09",0,"3,46",0,M,34
325,11,202603,202603,ULAN_1001,0, GS3V,N,2,10,"0,01779","0,18",0,0,"0,18",0,M,411
325,11,202603,202603,ULAN_1001,0, GS8V,R,16,"46,7","0,01245","0,59","0,01",0,"0,6",0,M,N07
325,11,202603,202603,ULAN_1001,0, NENV,N,217,"407,7","0,01779","7,31","0,25",0,"7,56",0,M,17
325,11,202603,202603,NSH16ULA,0, GS3V,N,1,"1,6","0,01779","0,03",0,0,"0,03",0,M,325
325,11,202603,202603,NSH34URA,0, GS8V,R,8,"21,9","0,01245","0,28","0,01",0,"0,29",0,M,430
325,11,202603,202603,ULAN_1001,0, GS8V,N,119,856,"0,01779","15,24","0,56",0,"15,8",0,M,411
325,11,202603,202603,ULAN_1001,0, IENV,R,158,"84,3","0,01245","1,1","0,03",0,"1,13",0,M,325
325,11,202603,202603,ULAN_1001,0, NSNV,N,7,"12,8","0,01779","0,22",0,0,"0,22",0,M,34
325,11,202603,202603,NSH34ULA,0, GS8V,N,3,28,"0,01779","0,49","0,01",0,"0,5",0,M,76
325,11,202603,202603,ULAN_1001,0, GS3V,N,2,"7,7","0,01779","0,14",0,0,"0,14",0,M,34
325,11,202603,202603,ULAN_1001,0, GS8V,R,1194,"5192,7","0,01245","64,64","2,42",0,"67,06",0,M,325
325,11,202603,202603,NSH34URA,0, GS8V,N,18,"89,3","0,01779","1,59","0,05",0,"1,64",0,M,430
325,11,202603,202603,ULAN_1001,0, GS8V,N,98,"577,6","0,01779","10,27","0,36",0,"10,63",0,M,34
325,11,202603,202603,ULAN_1001,0, IENV,N,1,"0,5","0,01779","0,01",0,0,"0,01",0,M,A03
325,11,202603,202603,ULAN_1001,0, NENV,R,201,450,"0,01245","5,62","0,18",0,"5,8",0,M,325
325,11,202603,202603,NSH34ULA,0, GS3V,N,14,"116,3","0,01779","2,07","0,06",0,"2,13",0,M,34
325,11,202603,202603,ULAN_1001,0, GS8V,R,8,"19,9","0,01245","0,25",0,0,"0,25",0,M,17
325,11,202603,202603,ULAN_1001,0, NSNV,R,11,"31,5","0,01245","0,39",0,0,"0,39",0,M,325
325,11,202603,202603,NSH34URA,0, GS3V,R,1,"4,1","0,01245","0,05",0,0,"0,05",0,M,34
325,11,202603,202603,ULAN_1001,0, GS8V,N,12,"73,4","0,01779","1,31","0,04",0,"1,35",0,M,10
325,11,202603,202603,ULAN_1001,0, IENV,N,1974,"1267,4","0,01779","22,68","0,83",0,"23,51",0,M,325
325,11,202603,202603,ULAN_1001,0, NENV,N,1,"2,9","0,01779","0,05",0,0,"0,05",0,M,A03
325,11,202603,202603,ULAN_1001,0, NENV,N,3534,"2922,2","0,01779","51,98","1,95",0,"53,93",0,M,325
325,11,202603,202603,ULAN_1001,0, NENV,R,18,"42,3","0,01245","0,53","0,01",0,"0,54",0,M,325
348,11,202603,202603,NSH64ULA,0, GS3V,N,7,"66,6","0,01686","1,12","0,04",0,"1,16",0,M,348
348,11,202603,202603,ULAN_1043,0, NENV,R,5,"27,3","0,0118","0,33","0,01",0,"0,34",0,M,462
348,11,202603,202603,NSH34URA,0, GS3V,N,25,135,"0,01686","2,27","0,07",0,"2,34",0,M,34
348,11,202603,202603,ULAN_1043,0, NENV,N,137,"134,2","0,01686","2,28","0,07",0,"2,35",0,M,462
348,11,202603,202603,NSH34ULA,0, GS3V,N,12,"40,1","0,01686","0,68","0,01",0,"0,69",0,M,34
348,11,202603,202603,NSH64URA,0, GS3V,N,2,"7,7","0,01686","0,13",0,0,"0,13",0,M,462
348,11,202603,202603,NSH64ULA,0, GS3V,R,1,"11,8","0,0118","0,14",0,0,"0,14",0,M,348
348,11,202603,202603,NSH34URA,0, GS3V,N,1,"8,5","0,01686","0,14",0,0,"0,14",0,M,430
348,11,202603,202603,ULAN_1043,0, NENV,R,221,"978,2","0,0118","11,59","0,42",0,"12,01",0,M,348
348,11,202603,202603,NSH34ULA,0, GS3V,N,1,"0,5","0,01686","0,01",0,0,"0,01",0,M,430
348,11,202603,202603,ULAN_1043,0, NENV,N,6208,"7364,6","0,01686","124,17","4,68",0,"128,85",0,M,348
348,11,202603,202603,NSH64URA,0, GS3V,N,6,"15,1","0,01686","0,26",0,0,"0,26",0,M,348
348,11,202603,202603,ULAN_1043,0, NENV,R,696,"3517,6","0,0118","41,55","1,55",0,"43,1",0,M,348
348,11,202603,202603,ULAN_1043,0, NENV,N,27719,"26732,5","0,01686","450,78","17,04",0,"467,82",0,M,348
349,11,202603,202603,NSH34ULA,0, GS3V,N,12,"73,2","0,01686","1,24","0,04",0,"1,28",0,M,34
349,11,202603,202603,NSH64ULA,0, GS3V,N,1,"6,7","0,01686","0,11",0,0,"0,11",0,M,348
349,11,202603,202603,NSH37ULA,0, GS3V,N,2,7,"0,01686","0,12",0,0,"0,12",0,M,34
349,11,202603,202603,NSH34ULA,0, GS3V,R,3,"21,4","0,0118","0,25",0,0,"0,25",0,M,34
349,11,202603,202603,NSH64ULA,0, GS3V,N,1,"1,9","0,01686","0,03",0,0,"0,03",0,M,34
349,11,202603,202603,NSH34URA,0, GS3V,N,14,"89,4","0,01686","1,51","0,04",0,"1,55",0,M,34
351,11,202603,202603,ULAX_1204,0,4NENL,R,123,349,"0,00423","1,49","0,05",0,"1,54",0,F,351
351,11,202603,202603,SPOX_0999,0,4NENL,R,118,"445,3","0,00423","1,87","0,07",0,"1,94",0,F,351
351,11,202603,202603,SPO_11462,0,4NENL,R,8,"8,1","0,00423","0,03",0,0,"0,03",0,F,351
351,11,202603,202603,SPOX_0545,0,4NENL,N,6484,"5254,5","0,00605","31,8","1,2",0,33,0,F,351
351,11,202603,202603,SPO_14679,0,4GS8L,R,5,"41,6","0,00423","0,18",0,0,"0,18",0,F,351
351,11,202603,202603,SPOX_0999,0,4GS8L,R,12,"76,7","0,00423","0,32","0,01",0,"0,33",0,F,351
351,11,202603,202603,SPO_11460,0,4NENL,R,9,"31,2","0,00423","0,13",0,0,"0,13",0,F,351
351,11,202603,202603,SPOX_0545,0,4GS8L,N,2808,"19149,3","0,00605","115,83","4,38",0,"120,21",0,F,351
351,11,202603,202603,SPO_14679,0,4GS3L,N,3,"19,1","0,00605","0,12",0,0,"0,12",0,F,351
351,11,202603,202603,SPOX_0999,0,4GS3L,N,6,"52,6","0,00605","0,31","0,01",0,"0,32",0,F,351
351,11,202603,202603,SPOX_0545,0,4GS3L,N,127,"277,4","0,00605","1,68","0,06",0,"1,74",0,F,351
351,11,202603,202603,SPOX_9684,0,4GS8L,R,5,"15,9","0,00423","0,06",0,0,"0,06",0,F,351
351,11,202603,202603,SPO_11466,0,4NENL,N,622,"442,2","0,00605","2,66","0,1",0,"2,76",0,F,351
351,11,202603,202602,SPOX_0999,0,4NENL,N,1,"0,5","0,00598",0,0,0,0,0,F,351
351,11,202603,202603,SPOX_0551,0,4NENL,R,261,"679,8","0,00423","2,88","0,1",0,"2,98",0,F,351
351,11,202603,202603,SPOX_0543,0,4NENL,R,426,"1218,8","0,00423","5,15","0,19",0,"5,34",0,F,351
351,11,202603,202603,SPOX_9684,0,4GS3L,N,2,"15,4","0,00605","0,09",0,0,"0,09",0,F,351
351,11,202603,202603,SPO_11464,0,4NENL,N,546,"1446,9","0,00605","8,76","0,33",0,"9,09",0,F,351
351,11,202603,202602,SPOX_0543,0,4NENL,N,1,"3,6","0,00598","0,02",0,0,"0,02",0,F,351
351,11,202603,202603,SPOX_0545,0,4NENL,R,38,"27,5","0,00423","0,1",0,0,"0,1",0,F,351
351,11,202603,202603,ULAX_1204,0,4NENL,N,4958,"6867,5","0,00605","41,55","1,57",0,"43,12",0,F,351
351,11,202603,202603,SPOX_0999,0,4NENL,N,4975,"7006,2","0,00605","42,39","1,6",0,"43,99",0,F,351
351,11,202603,202603,SPO_11462,0,4NENL,N,477,"954,3","0,00605","5,77","0,21",0,"5,98",0,F,351
351,11,202603,202603,SPOX_0545,0,4GS8L,R,363,"1311,9","0,00423","5,55","0,21",0,"5,76",0,F,351
351,11,202603,202603,SPO_14679,0,4GS8L,N,133,"865,7","0,00605","5,22","0,19",0,"5,41",0,F,351
351,11,202603,202603,SPOX_0999,0,4GS8L,N,297,"1958,3","0,00605","11,85","0,44",0,"12,29",0,F,351
351,11,202603,202603,SPOX_0545,0,4GS3L,R,60,"30,5","0,00423","0,1",0,0,"0,1",0,F,351
351,11,202603,202603,SPO_11460,0,4NENL,N,921,2318,"0,00605","14,04","0,53",0,"14,57",0,F,351
351,11,202603,202603,SPO_11466,0,4NENL,R,10,"13,2","0,00423","0,06",0,0,"0,06",0,F,351
351,11,202603,202603,SPOX_0543,0,4NENL,N,9127,"35487,4","0,00605","214,72","8,13",0,"222,85",0,F,351
351,11,202603,202603,SPOX_0551,0, NENL,N,11,"5,7","0,00605","0,03",0,0,"0,03",0,F,351
351,11,202603,202603,SPOX_0543,0, NENL,N,14,"7,2","0,00605","0,05",0,0,"0,05",0,F,351
351,11,202603,202603,SPOX_9684,0,4GS8L,N,136,"927,1","0,00605","5,62","0,21",0,"5,83",0,F,351
351,11,202603,202603,SPO_11464,0,4NENL,R,22,"51,3","0,00423","0,2",0,0,"0,2",0,F,351
351,11,202603,202602,SPOX_0551,0,4NENL,N,1,1,"0,00605","0,01",0,0,"0,01",0,F,351
351,11,202603,202603,SPOX_0551,0,4NENL,N,6077,"23776,7","0,00605","143,86","5,45",0,"149,31",0,F,351
351,11,202603,202603,SPOX_0551,0,4NENL,N,48199,"214847,5","0,00605","1299,83","49,25",0,"1349,08",0,F,351
351,11,202603,202603,ULAX_1204,0,4NENL,N,7886,"19594,4","0,00605","118,52","4,49",0,"123,01",0,F,351
351,11,202603,202602,SPO_11464,0,4NENL,N,1,"1,4","0,00605","0,01",0,0,"0,01",0,F,351
351,11,202603,202603,SPOX_5056,0, NSNL,R,1,"0,5","0,00423",0,0,0,0,0,F,351
351,11,202603,202603,SPOX_0545,0, NSNL,N,26,"55,6","0,00605","0,32","0,01",0,"0,33",0,F,351
351,11,202603,202603,SPO_11466,0,4NENL,N,669,"1105,9","0,00605","6,68","0,25",0,"6,93",0,F,351
351,11,202603,202602,SPOX_0551,0,4NENL,N,12,"79,5","0,00605","0,48","0,01",0,"0,49",0,F,351
351,11,202603,202603,SPOX_0999,0, IENL,N,96,309,"0,00605","1,85","0,03",0,"1,88",0,F,351
351,11,202603,202603,SPOX_0545,0,4NENL,R,65,"265,3","0,00423","1,12","0,04",0,"1,16",0,F,351
351,11,202603,202603,SPO_11464,0,4NENL,N,7123,"19580,8","0,00605","118,5","4,48",0,"122,98",0,F,351
351,11,202603,202602,SPOX_0545,0,4NENL,N,3,"2,7","0,00598","0,01",0,0,"0,01",0,F,351
351,11,202603,202603,SPOX_0999,0,4NENL,N,7833,"19296,4","0,00605","116,76","4,42",0,"121,18",0,F,351
351,11,202603,202603,ULAX_1204,0, IENL,R,11,"24,1","0,00423","0,11",0,0,"0,11",0,F,351
351,11,202603,202603,SPOX_0543,0, NENL,N,24,"66,6","0,00605","0,38",0,0,"0,38",0,F,351
351,11,202603,202603,SPO_11462,0,4NENL,N,7496,"30710,9","0,00605","185,79","7,03",0,"192,82",0,F,351
351,11,202603,202602,SPOX_0543,0,4NENL,N,16,"146,5","0,00598","0,88","0,03",0,"0,91",0,F,351
351,11,202603,202603,SPOX_0551,0,4NENL,R,2672,"8822,5","0,00423","37,3","1,41",0,"38,71",0,F,351
351,11,202603,202603,ULAX_1204,0,4NENL,R,300,"824,1","0,00423","3,47","0,13",0,"3,6",0,F,351
351,11,202603,202603,SPOX_0543,0,4NENL,N,50844,225545,"0,00605","1364,57","51,7",0,"1416,27",0,F,351
351,11,202603,202603,SPO_11460,0,4NENL,N,8738,"28196,2","0,00605","170,61","6,46",0,"177,07",0,F,351
351,11,202603,202603,SPOX_0545,0, NSNL,R,4,"11,3","0,00423","0,04",0,0,"0,04",0,F,351
351,11,202603,202603,SPO_11466,0,4NENL,R,12,"64,4","0,00423","0,27","0,01",0,"0,28",0,F,351
351,11,202603,202602,SPOX_0551,0,4NENL,R,3,"7,5","0,00418","0,03",0,0,"0,03",0,F,351
351,11,202603,202603,SPOX_0999,0, IENL,R,6,"20,5","0,00423","0,09",0,0,"0,09",0,F,351
351,11,202603,202603,SPOX_0545,0, IENL,N,103,"70,9","0,00605","0,43",0,0,"0,43",0,F,351
351,11,202603,202603,SPO_11464,0,4NENL,R,356,"973,6","0,00423","4,11","0,15",0,"4,26",0,F,351
351,11,202603,202602,SPOX_0551,0,4NENL,N,15,"110,5","0,00598","0,66","0,02",0,"0,68",0,F,351
351,11,202603,202603,SPOX_0999,0,4NENL,R,316,"1028,8","0,00423","4,36","0,16",0,"4,52",0,F,351
351,11,202603,202603,SPOX_0545,0,4NENL,N,4741,"21283,8","0,00605","128,78","4,88",0,"133,66",0,F,351
351,11,202603,202603,SPO_11462,0,4NENL,R,227,"1007,5","0,00423","4,25","0,16",0,"4,41",0,F,351
351,11,202603,202602,SPOX_0543,0,4NENL,N,10,"86,2","0,00605","0,51","0,01",0,"0,52",0,F,351
351,11,202603,202603,SPOX_0551,0, NENL,N,20,55,"0,00605","0,31",0,0,"0,31",0,F,351
351,11,202603,202603,ULAX_1204,0, IENL,N,94,"240,9","0,00605","1,41","0,03",0,"1,44",0,F,351
351,11,202603,202603,SPOX_0543,0,4NENL,R,2819,"9491,8","0,00423","40,16","1,52",0,"41,68",0,F,351
351,11,202603,202603,SPO_11460,0,4NENL,R,389,"1376,6","0,00423","5,81","0,22",0,"6,03",0,F,351
355,11,202603,202603,ULAX_1055,0,4NENL,N,194,"526,3","0,00605","3,17","0,12",0,"3,29",0,F,355
355,11,202603,202603,ULAX_4723,0, NENL,N,1253,"2805,5","0,00605","16,96","0,62",0,"17,58",0,F,355
355,11,202603,202603,ULAX_4763,0, NENL,N,5347,"10191,2","0,00605","61,55","2,27",0,"63,82",0,F,355
355,11,202603,202602,ULAX_4726,0,4GS8L,N,2,"2,8","0,00605","0,02",0,0,"0,02",0,F,355
355,11,202603,202603,ULAX_4030,0,4GS8L,N,4,"12,5","0,00605","0,08",0,0,"0,08",0,F,355
355,11,202603,202603,ULAX_4726,0, NENL,R,17,"58,2","0,00423","0,23",0,0,"0,23",0,F,355
355,11,202603,202603,SPOX_0999,0, NENL,R,570,"2127,9","0,00423","9,01","0,3",0,"9,31",0,F,355
355,11,202603,202603,ULAX_4723,0,4GS8L,N,1,"4,2","0,00605","0,03",0,0,"0,03",0,F,355
355,11,202603,202603,ULAX_4763,0,4NENL,N,39,"59,6","0,00605","0,36","0,01",0,"0,37",0,F,355
355,11,202603,202602,SPOX_0999,0, NENL,N,3,"3,1","0,00605","0,02",0,0,"0,02",0,F,355
355,11,202603,202603,ULAX_1204,0, NENL,R,529,"2108,4","0,00423","8,86","0,29",0,"9,15",0,F,355
355,11,202603,202603,ULAX_4726,0, GS3L,N,41,"372,3","0,00605","2,27","0,07",0,"2,34",0,F,355
355,11,202603,202603,SPOX_0999,0,4NENL,R,39,"184,9","0,00423","0,76","0,02",0,"0,78",0,F,355
355,11,202603,202603,ULAX_4616,0, NENL,N,280,"197,5","0,00605","1,23","0,03",0,"1,26",0,F,355
355,11,202603,202603,ULAX_4763,0,4GS8L,N,2393,"25052,4","0,00605","151,56","5,74",0,"157,3",0,F,355
355,11,202603,202603,ULAX_1204,0,4NENL,R,36,"31,5","0,00423","0,14",0,0,"0,14",0,F,355
355,11,202603,202603,ULAX_4726,0,4GS8L,R,27,"37,2","0,00423","0,15",0,0,"0,15",0,F,355
355,11,202603,202603,SPOX_0970,0,4GS8L,N,1,"41,6","0,00605","0,25",0,0,"0,25",0,F,355
355,11,202603,202603,ULAX_4616,0,4GS8L,R,1,"1,8","0,00423","0,01",0,0,"0,01",0,F,355
355,11,202603,202603,ULAX_4760,0, NENL,N,923,"2679,3","0,00605","16,17","0,54",0,"16,71",0,F,355
355,11,202603,202603,ULAX_1055,0,4NENL,R,1,"2,5","0,00423","0,01",0,0,"0,01",0,F,355
355,11,202603,202603,ULAX_4723,0, NENL,R,12,"18,4","0,00423","0,07",0,0,"0,07",0,F,355
355,11,202603,202603,ULAX_4763,0, NENL,R,128,"1170,3","0,00423","4,95","0,16",0,"5,11",0,F,355
355,11,202603,202602,ULAX_4763,0, NENL,N,1,"1,5","0,00598","0,01",0,0,"0,01",0,F,355
355,11,202603,202603,ULAX_4039,0,4GS8L,N,1,1,"0,00605","0,01",0,0,"0,01",0,F,355
355,11,202603,202603,ULAX_4727,0,4GS8L,N,6,"43,1","0,00605","0,26",0,0,"0,26",0,F,355
355,11,202603,202603,ULAX_0432,0, NENL,N,1,"1,9","0,00605","0,01",0,0,"0,01",0,F,355
355,11,202603,202603,ULAX_4723,0,4NENL,N,18,"88,8","0,00605","0,52","0,02",0,"0,54",0,F,355
355,11,202603,202603,ULAX_4763,0, GS3L,N,7,"14,8","0,00605","0,08",0,0,"0,08",0,F,355
355,11,202603,202602,ULAX_1204,0, NENL,N,2,"2,4","0,00598","0,01",0,0,"0,01",0,F,355
355,11,202603,202603,ULAX_2826,0,4NENL,N,2,"4,6","0,00605","0,03",0,0,"0,03",0,F,355
355,11,202603,202603,ULAX_4726,0, NENL,N,3579,"5608,6","0,00605","34,03","1,25",0,"35,28",0,F,355
355,11,202603,202603,SPOX_0999,0, NENL,N,18834,"37253,4","0,00605","225,38","8,42",0,"233,8",0,F,355
355,11,202603,202603,ULAX_4616,0, NENL,R,1,"0,5","0,00423",0,0,0,0,0,F,355
355,11,202603,202603,ULAX_4763,0,4GS8L,R,146,"617,1","0,00423","2,63","0,09",0,"2,72",0,F,355
355,11,202603,202602,SPOX_0999,0, NENL,N,2,3,"0,00598","0,02",0,0,"0,02",0,F,355
355,11,202603,202603,ULAX_1204,0, NENL,N,18831,"37060,2","0,00605","224,25","8,38",0,"232,63",0,F,355
355,11,202603,202603,ULAX_4726,0,4NENL,N,72,"100,3","0,00605","0,6","0,02",0,"0,62",0,F,355
355,11,202603,202603,SPOX_0999,0,4NENL,N,3429,"3647,4","0,00605","22,06","0,83",0,"22,89",0,F,355
355,11,202603,202603,ULAX_4616,0,4NENL,N,5,"10,6","0,00605","0,07",0,0,"0,07",0,F,355
355,11,202603,202603,ULAX_4760,0, NENL,R,14,"91,6","0,00423","0,37","0,01",0,"0,38",0,F,355
355,11,202603,202603,ULAX_1204,0,4NENL,N,3256,"3153,4","0,00605","19,1","0,72",0,"19,82",0,F,355
355,11,202603,202603,ULAX_4726,0,4GS8L,N,1773,"13927,8","0,00605","84,26","3,19",0,"87,45",0,F,355
355,11,202603,202602,ULAX_4763,0, NENL,N,1,"0,8","0,00605",0,0,0,0,0,F,355
355,11,202603,202603,ULAX_4616,0,4GS8L,N,101,"1035,7","0,00605","6,28","0,23",0,"6,51",0,F,355
355,11,202603,202603,ULAX_4760,0,4NENL,N,7,"12,9","0,00605","0,08",0,0,"0,08",0,F,355
355,11,202603,202603,ULAX_0432,0, NENL,N,3,"1,5","0,00605",0,0,0,0,0,F,355
355,11,202603,202603,ULAX_4723,0,4NENL,N,12055,"36524,9","0,00605","220,98","8,37",0,"229,35",0,F,355
355,11,202603,202603,ULAX_4763,0,4NENL,R,294,"1807,3","0,00423","7,64","0,28",0,"7,92",0,F,355
355,11,202603,202602,ULAX_4726,0,4NENL,N,3,"1,5","0,00598","0,01",0,0,"0,01",0,F,355
355,11,202603,202603,ULAX_1204,0, NENL,N,4270,"19217,5","0,00605","116,19","4,31",0,"120,5",0,F,355
355,11,202603,202603,ULAX_4726,0, NENL,R,34,"167,2","0,00423","0,69","0,01",0,"0,7",0,F,355
355,11,202603,202603,SPOX_0999,0, NENL,N,4363,"19767,6","0,00605","119,51","4,44",0,"123,95",0,F,355
355,11,202603,202603,ULAX_4616,0, NENL,N,270,"453,4","0,00605","2,68","0,09",0,"2,77",0,F,355
355,11,202603,202603,ULAX_4760,0, NENL,R,55,"328,1","0,00423","1,4","0,03",0,"1,43",0,F,355
355,11,202603,202602,ULAX_1204,0,4NENL,R,1,"2,7","0,00418","0,01",0,0,"0,01",0,F,355
355,11,202603,202603,ULAX_1204,0, IENL,N,223,"462,2","0,00605","2,74","0,08",0,"2,82",0,F,355
355,11,202603,202603,ULAX_4726,0,4NENL,R,789,"1769,9","0,00423","7,51","0,28",0,"7,79",0,F,355
355,11,202603,202603,SPOX_0999,0, IENL,N,206,"472,1","0,00605","2,8","0,08",0,"2,88",0,F,355
355,11,202603,202603,ULAX_4616,0,4NENL,N,328,"2504,8","0,00605","15,12","0,57",0,"15,69",0,F,355
355,11,202603,202603,ULAX_4760,0,4NENL,R,81,626,"0,00423","2,66","0,1",0,"2,76",0,F,355
355,11,202603,202602,ULAX_1055,0,4NENL,N,14,"27,3","0,00605","0,17",0,0,"0,17",0,F,355
355,11,202603,202603,ULAX_1204,0,4NENL,N,12661,"56494,2","0,00605","341,79","12,95",0,"354,74",0,F,355
355,11,202603,202603,ULAX_4723,0, NENL,R,10,"16,9","0,00423","0,06",0,0,"0,06",0,F,355
355,11,202603,202603,ULAX_4763,0, NSNL,N,345,"1049,9","0,00605","6,4","0,19",0,"6,59",0,F,355
355,11,202603,202603,SPOX_0999,0,4NENL,N,13086,"56704,6","0,00605","343,07",13,0,"356,07",0,F,355
355,11,202603,202603,ULAX_2443,0, NSNL,N,5,"2,8","0,00605","0,02",0,0,"0,02",0,F,355
355,11,202603,202603,ULAX_4727,0, NSNL,N,1,"0,7","0,00605",0,0,0,0,0,F,355
355,11,202603,202603,ULAX_1055,0,4NENL,N,2730,"7017,2","0,00605","42,47","1,6",0,"44,07",0,F,355
355,11,202603,202603,ULAX_4723,0,4NENL,R,139,"457,6","0,00423","1,92","0,07",0,"1,99",0,F,355
355,11,202603,202603,ULAX_4763,0, NENL,N,5192,"12992,8","0,00605","78,59","2,91",0,"81,5",0,F,355
355,11,202603,202602,ULAX_4726,0,4NENL,N,2,8,"0,00605","0,05",0,0,"0,05",0,F,355
355,11,202603,202603,ULAX_1204,0, NENL,R,285,"1392,1","0,00423","5,89","0,18",0,"6,07",0,F,355
355,11,202603,202603,ULAX_4726,0, NSNL,N,284,"1079,3","0,00605","6,51","0,23",0,"6,74",0,F,355
355,11,202603,202603,SPOX_0999,0, NENL,R,258,"1231,2","0,00423","5,21","0,16",0,"5,37",0,F,355
355,11,202603,202603,ULAX_4616,0, NENL,R,1,"7,8","0,00423","0,03",0,0,"0,03",0,F,355
355,11,202603,202603,ULAX_4763,0,4NENL,N,11916,"32733,8","0,00605","198,05","7,5",0,"205,55",0,F,355
355,11,202603,202602,ULAX_1204,0, NENL,N,1,"0,5","0,00598",0,0,0,0,0,F,355
355,11,202603,202603,ULAX_1204,0, IENL,R,16,"39,3","0,00423","0,16",0,0,"0,16",0,F,355
355,11,202603,202603,ULAX_4726,0, NENL,N,2565,"6515,4","0,00605","39,45","1,43",0,"40,88",0,F,355
355,11,202603,202603,SPOX_0999,0, IENL,R,18,"54,2","0,00423","0,23",0,0,"0,23",0,F,355
355,11,202603,202603,ULAX_4616,0,4NENL,R,10,"85,1","0,00423","0,35","0,01",0,"0,36",0,F,355
355,11,202603,202603,ULAX_4760,0, NENL,N,1186,"3667,6","0,00605","22,2","0,78",0,"22,98",0,F,355
355,11,202603,202602,ULAX_1204,0,4NENL,N,1,"2,8","0,00598","0,02",0,0,"0,02",0,F,355
355,11,202603,202603,ULAX_1204,0,4NENL,R,1076,"2931,6","0,00423","12,38","0,47",0,"12,85",0,F,355
355,11,202603,202603,ULAX_4726,0,4NENL,N,19160,"73533,5","0,00605","444,87","16,85",0,"461,72",0,F,355
355,11,202603,202603,ULAX_4763,0, NSNL,R,6,41,"0,00423","0,16",0,0,"0,16",0,F,355
355,11,202603,202603,SPOX_0999,0,4NENL,R,1027,"2840,2","0,00423",12,"0,45",0,"12,45",0,F,355
355,11,202603,202603,ULAX_2826,0,4NENL,N,15,"45,3","0,00605","0,28","0,01",0,"0,29",0,F,355
355,11,202603,202603,ULAX_4760,0,4NENL,N,1525,5224,"0,00605","31,57","1,19",0,"32,76",0,F,355
355,11,202603,202602,SPOX_0999,0,4NENL,N,1,"4,9","0,00605","0,03",0,0,"0,03",0,F,355
355,11,202603,202603,ULAX_1055,0,4NENL,R,24,"62,2","0,00423","0,26","0,01",0,"0,27",0,F,355
355,11,202603,202603,ULAX_4723,0, NENL,N,1234,"3947,8","0,00605","23,87","0,86",0,"24,73",0,F,355
355,11,202603,202603,ULAX_4763,0, NENL,R,260,"1703,7","0,00423","7,18","0,24",0,"7,42",0,F,355
355,11,202603,202602,ULAX_4763,0, NENL,N,1,"0,7","0,00598",0,0,0,0,0,F,355
355,11,202603,202603,ULAX_1988,0, NSNL,N,2,"1,3","0,00605",0,0,0,0,0,F,355
355,11,202603,202603,ULAX_4726,0, NSNL,R,1,2,"0,00423","0,01",0,0,"0,01",0,F,355
356,11,202603,202603,ULAX_1204,0,4NENL,N,897,"997,1","0,00605","6,04","0,22",0,"6,26",0,F,356
356,11,202603,202603,SPOX_0999,0,4NENL,N,911,"930,1","0,00605","5,63","0,21",0,"5,84",0,F,356
356,11,202603,202603,SPO_14673,0, NENL,N,1676,"1235,9","0,00605","7,47","0,24",0,"7,71",0,F,356
356,11,202603,202602,SPO_14673,0, NENL,N,1,"0,5","0,00598",0,0,0,0,0,F,356
356,11,202603,202603,ULAX_1204,0,4NENL,R,4,"11,5","0,00423","0,05",0,0,"0,05",0,F,356
356,11,202603,202603,SPO_14673,0, NENL,R,6,"6,7","0,00423","0,03",0,0,"0,03",0,F,356
356,11,202603,202602,SPO_14673,0, NENL,N,1,"0,5","0,00605",0,0,0,0,0,F,356
356,11,202603,202603,SPOX_0999,0,4NENL,R,5,"2,6","0,00423",0,0,0,0,0,F,356
356,11,202603,202603,ULAX_1204,0,4NENL,R,138,"787,3","0,00423","3,34","0,12",0,"3,46",0,F,356
356,11,202603,202603,SPO_14673,0, NENL,R,7,"8,6","0,00423","0,02",0,0,"0,02",0,F,356
356,11,202603,202603,SPOX_0999,0,4NENL,R,132,"610,4","0,00423","2,59","0,09",0,"2,68",0,F,356
356,11,202603,202603,ULAX_1204,0,4NENL,N,1853,"10357,7","0,00605","62,67","2,37",0,"65,04",0,F,356
356,11,202603,202603,SPO_14673,0, NENL,N,783,1801,"0,00605","10,8","0,37",0,"11,17",0,F,356
356,11,202603,202603,SPOX_0999,0,4NENL,N,1797,"9585,7","0,00605","57,99","2,19",0,"60,18",0,F,356
357,11,202603,202603,SPO_10092,0, NENL,R,482,"1573,9","0,00423","6,65","0,23",0,"6,88",0,F,357
357,11,202603,202603,SPO_10092,0, GS3L,N,12,"161,2","0,00605","0,98","0,03",0,"1,01",0,F,357
357,11,202603,202603,SPO_10092,0, NENL,N,9116,"23217,2","0,00605","140,41","5,23",0,"145,64",0,F,357
357,11,202603,202603,SPO_10092,0, NENL,R,1037,"4020,6","0,00423","16,94","0,61",0,"17,55",0,F,357
357,11,202603,202603,SPO_10092,0, NENL,N,24750,"96772,6","0,00605","585,52","22,1",0,"607,62",0,F,357
359,11,202603,202603,SPO_10782,0, NENL,N,3335,"7850,1","0,00605","47,45","1,76",0,"49,21",0,F,359
359,11,202603,202603,SPOX_0999,0,4NENL,N,933,"932,1","0,00605","5,64","0,21",0,"5,85",0,F,359
359,11,202603,202603,ULAX_1204,0,4NENL,R,7,"14,6","0,00423","0,06",0,0,"0,06",0,F,359
359,11,202603,202603,SPO_10782,0, NENL,R,129,"349,7","0,00423","1,46","0,04",0,"1,5",0,F,359
359,11,202603,202603,SPOX_0999,0,4NENL,R,7,"18,9","0,00423","0,07",0,0,"0,07",0,F,359
359,11,202603,202602,SPO_10782,0, NENL,N,4,"2,1","0,00598","0,02",0,0,"0,02",0,F,359
359,11,202603,202603,ULAX_1204,0,4NENL,N,873,"799,9","0,00605","4,84","0,18",0,"5,02",0,F,359
359,11,202603,202603,SPO_10782,0, NENL,N,5714,25708,"0,00605","155,52","5,84",0,"161,36",0,F,359
359,11,202603,202602,SPO_10782,0, NENL,R,1,"0,5","0,00418",0,0,0,0,0,F,359
359,11,202603,202603,ULAX_1204,0,4NENL,R,1,"0,5","0,00423",0,0,0,0,0,F,359
359,11,202603,202603,SPO_10782,0, NENL,R,244,"743,6","0,00423","3,15","0,09",0,"3,24",0,F,359
359,11,202603,202603,SPOX_0999,0,4NENL,N,725,"1042,1","0,00605","6,33","0,23",0,"6,56",0,F,359
359,11,202603,202602,SPOX_0999,0,4NENL,N,2,1,"0,00605","0,01",0,0,"0,01",0,F,359
359,11,202603,202603,ULAX_1204,0,4NENL,N,736,"1119,4","0,00605","6,8","0,25",0,"7,05",0,F,359
361,11,202603,202603,SPOX_0811,0, NENL,R,150,"337,9","0,00425","1,38","0,03",0,"1,41",0,F,361
361,11,202603,202603,SPO_11366,0, GS3L,N,4,"47,1","0,00608","0,29",0,0,"0,29",0,F,361
361,11,202603,202603,SPOX_0835,0, NENL,N,7812,"31622,7","0,00608","192,31","7,21",0,"199,52",0,F,361
361,11,202603,202603,SPO_12218,0, NENL,R,10,"14,1","0,00425","0,05",0,0,"0,05",0,F,361
361,11,202603,202602,ULAX_1204,0,4NENL,N,2,"4,1","0,00602","0,02",0,0,"0,02",0,F,361
361,11,202603,202603,SPO_11366,0,4NENL,N,3836,"16078,8","0,00608","97,77","3,7",0,"101,47",0,F,361
361,11,202603,202603,SPOX_0823,0, NENL,N,1094,"3652,8","0,00608","22,17","0,77",0,"22,94",0,F,361
361,11,202603,202603,SPO_11370,0, GS8L,N,344,"2756,1","0,00608","16,79","0,6",0,"17,39",0,F,361
361,11,202603,202602,SPO_11366,0,4NENL,N,2,"2,6","0,00608","0,02",0,0,"0,02",0,F,361
361,11,202603,202603,SPO_11362,0, GS8L,N,143,753,"0,00608","4,58","0,16",0,"4,74",0,F,361
361,11,202603,202603,SPOX_0823,0, GS8L,N,6588,"49625,2","0,00608","301,73","11,36",0,"313,09",0,F,361
361,11,202603,202603,SPO_11366,0, NENL,N,12616,"114394,6","0,00608","695,52","26,3",0,"721,82",0,F,361
361,11,202603,202603,SPOX_0999,0,4NENL,R,14,"36,2","0,00425","0,14",0,0,"0,14",0,F,361
361,11,202603,202603,ULAX_1204,0,4NENL,N,347,"1088,8","0,00608","6,64","0,25",0,"6,89",0,F,361
361,11,202603,202603,SPOX_0823,0,4NENL,N,283,"873,8","0,00608","5,31","0,2",0,"5,51",0,F,361
361,11,202603,202603,SPO_11366,0, GS8L,N,1759,"12240,1","0,00608","74,39","2,78",0,"77,17",0,F,361
361,11,202603,202603,SPOX_0835,0, NENL,R,136,"389,7","0,00425","1,63","0,04",0,"1,67",0,F,361
361,11,202603,202603,SPO_12222,0, NENL,N,123,"168,4","0,00608","1,03","0,02",0,"1,05",0,F,361
361,11,202603,202603,SPOX_0811,0, NENL,N,7632,31187,"0,00608","189,66","7,12",0,"196,78",0,F,361
361,11,202603,202603,SPO_11366,0,4NENL,R,246,"711,8","0,00425","3,04","0,11",0,"3,15",0,F,361
361,11,202603,202603,SPOX_0823,0, NENL,R,48,"116,4","0,00425","0,48","0,01",0,"0,49",0,F,361
361,11,202603,202603,SPO_12218,0, NENL,N,96,132,"0,00608","0,77","0,02",0,"0,79",0,F,361
361,11,202603,202602,SPO_11366,0, NENL,N,2,"6,9","0,00602","0,04",0,0,"0,04",0,F,361
361,11,202603,202603,SPO_11362,0, GS8L,R,7,"23,5","0,00425","0,09",0,0,"0,09",0,F,361
361,11,202603,202603,SPOX_0823,0, GS8L,R,533,"1196,1","0,00425","5,05","0,16",0,"5,21",0,F,361
361,11,202603,202603,SPO_11366,0, NENL,R,53,85,"0,00425","0,32",0,0,"0,32",0,F,361
361,11,202603,202602,SPO_11366,0,4NENL,N,19,"48,6","0,00602","0,28","0,01",0,"0,29",0,F,361
361,11,202603,202603,SPOX_0999,0, GS8L,N,1,"2,7","0,00608","0,02",0,0,"0,02",0,F,361
361,11,202603,202603,ULAX_1204,0,4NENL,R,15,"20,1","0,00425","0,07",0,0,"0,07",0,F,361
361,11,202603,202603,SPOX_0823,0, GS3L,N,32,"272,3","0,00608","1,67","0,06",0,"1,73",0,F,361
361,11,202603,202603,SPO_11366,0, GS8L,R,103,"125,1","0,00425","0,51",0,0,"0,51",0,F,361
361,11,202603,202603,SPOX_0999,0,4NENL,N,343,"1230,8","0,00608","7,51","0,28",0,"7,79",0,F,361
361,11,202603,202603,SPO_12222,0, NENL,R,10,92,"0,00425","0,39","0,01",0,"0,4",0,F,361
361,11,202603,202602,SPOX_0823,0, NENL,N,4,"2,2","0,00602","0,01",0,0,"0,01",0,F,361
361,11,202603,202603,SPOX_0812,0, NENL,N,46,"88,4","0,00608","0,54","0,01",0,"0,55",0,F,361
361,11,202603,202603,SPO_11366,0, NENL,N,29889,"258998,5","0,00608","1574,71","59,58",0,"1634,29",0,F,361
361,11,202603,202603,ULAX_1204,0,4NENL,R,424,"1114,9","0,00425","4,74","0,18",0,"4,92",0,F,361
361,11,202603,202602,SPO_11366,0,4NENL,R,19,"47,1","0,00421","0,21",0,0,"0,21",0,F,361
361,11,202603,202603,SPOX_0835,0, NENL,R,1255,3244,"0,00425","13,73","0,48",0,"14,21",0,F,361
361,11,202603,202603,SPO_12218,0, NENL,R,54,"197,6","0,00425","0,86","0,02",0,"0,88",0,F,361
361,11,202603,202602,SPOX_0811,0, NENL,N,3,"14,5","0,00602","0,09",0,0,"0,09",0,F,361
361,11,202603,202603,SPOX_0812,0,4NENL,N,7200,"17245,4","0,00608","104,85","3,97",0,"108,82",0,F,361
361,11,202603,202603,SPO_11366,0,4NENL,N,44211,"168614,3","0,00608","1025,19","38,84",0,"1064,03",0,F,361
361,11,202603,202603,ULAX_1201,0, NENL,N,7,"7,7","0,00608","0,03",0,0,"0,03",0,F,361
361,11,202603,202602,SPO_11366,0,4NENL,N,315,"881,7","0,00602","5,3","0,2",0,"5,5",0,F,361
361,11,202603,202603,SPOX_0823,0, NENL,R,89,"428,7","0,00425","1,81","0,06",0,"1,87",0,F,361
361,11,202603,202603,SPO_11370,0, NENL,R,21,"57,3","0,00425","0,25",0,0,"0,25",0,F,361
361,11,202603,202601,SPOX_0999,0,4NENL,N,1,"4,2","0,00602","0,03",0,0,"0,03",0,F,361
361,11,202603,202603,SPOX_0811,0, NENL,N,43795,"191450,8","0,00608","1163,96","44,02",0,"1207,98",0,F,361
361,11,202603,202603,SPO_11362,0, NENL,N,978,2971,"0,00608","18,01","0,64",0,"18,65",0,F,361
361,11,202603,202603,ULAX_0432,0, NENL,R,1,"0,5","0,00425",0,0,0,0,0,F,361
361,11,202603,202602,SPOX_0999,0,4NENL,N,1,"4,9","0,00602","0,03",0,0,"0,03",0,F,361
361,11,202603,202603,SPOX_0823,0,4NENL,R,37,"60,7","0,00425","0,27",0,0,"0,27",0,F,361
361,11,202603,202603,SPO_11370,0,4NENL,R,91,"256,6","0,00425","1,08","0,04",0,"1,12",0,F,361
361,11,202603,202602,SPO_12222,0, NENL,N,2,1,"0,00602",0,0,0,0,0,F,361
361,11,202603,202603,SPO_11362,0,4NENL,N,2723,"8698,3","0,00608","52,87",2,0,"54,87",0,F,361
361,11,202603,202603,ULAX_0432,0,4NENL,N,91,76,"0,00608","0,46","0,01",0,"0,47",0,F,361
361,11,202603,202602,SPOX_0835,0, NENL,N,1,3,"0,00602","0,02",0,0,"0,02",0,F,361
361,11,202603,202603,SPOX_0812,0, NENL,R,3,"3,1","0,00425","0,01",0,0,"0,01",0,F,361
361,11,202603,202603,SPO_11366,0, NENL,R,183,"539,2","0,00425","2,28","0,08",0,"2,36",0,F,361
361,11,202603,202602,SPO_11366,0,4NENL,R,1,"0,5","0,00425",0,0,0,0,0,F,361
361,11,202603,202603,SPOX_0999,0,4NENL,N,13460,"28802,7","0,00608","175,1","6,64",0,"181,74",0,F,361
361,11,202603,202603,SPO_12222,0, NENL,N,298,"827,6","0,00608","5,02","0,16",0,"5,18",0,F,361
361,11,202603,202602,SPOX_0823,0,4NENL,N,1,"0,5","0,00602",0,0,0,0,0,F,361
361,11,202603,202603,SPOX_0812,0,4NENL,R,194,"269,7","0,00425","1,14","0,04",0,"1,18",0,F,361
361,11,202603,202603,SPO_11366,0,4NENL,R,1383,"4054,1","0,00425","17,25","0,65",0,"17,9",0,F,361
361,11,202603,202603,ULAX_1204,0,4NENL,N,13372,"26156,3","0,00608","159,02","6,03",0,"165,05",0,F,361
361,11,202603,202602,SPO_11366,0,4NENL,N,57,"176,7","0,00608","1,07","0,04",0,"1,11",0,F,361
361,11,202603,202603,SPOX_0835,0, NENL,N,44048,"199715,6","0,00608","1214,31","45,9",0,"1260,21",0,F,361
361,11,202603,202603,SPO_12218,0, NENL,N,233,"631,4","0,00608","3,84","0,12",0,"3,96",0,F,361
361,11,202603,202601,SPO_11366,0,4NENL,N,52,"119,7","0,00602","0,72","0,02",0,"0,74",0,F,361
361,11,202603,202603,SPOX_0811,0, NENL,R,1203,2918,"0,00425","12,38","0,42",0,"12,8",0,F,361
361,11,202603,202603,SPO_11362,0, NENL,R,42,"267,8","0,00425","1,14","0,03",0,"1,17",0,F,361
361,11,202603,202603,ULAX_1201,0,4NENL,N,79,"70,1","0,00608","0,42","0,01",0,"0,43",0,F,361
361,11,202603,202602,SPOX_0999,0,4NENL,N,2,"4,6","0,00608","0,03",0,0,"0,03",0,F,361
361,11,202603,202603,SPOX_0823,0, NENL,N,11687,"14473,7","0,00608","88,01","3,26",0,"91,27",0,F,361
361,11,202603,202603,SPO_11370,0, NENL,N,1012,"4686,4","0,00608","28,47","1,02",0,"29,49",0,F,361
361,11,202603,202602,ULAX_1204,0,4NENL,N,2,"4,5","0,00608","0,03",0,0,"0,03",0,F,361
361,11,202603,202603,SPO_11362,0,4NENL,R,115,333,"0,00425","1,41","0,05",0,"1,46",0,F,361
361,11,202603,202603,ULAX_0432,0, NENL,N,34,"34,7","0,00608","0,17",0,0,"0,17",0,F,361
361,11,202603,202602,SPOX_0835,0, NENL,N,1,"2,3","0,00608","0,01",0,0,"0,01",0,F,361
361,11,202603,202603,SPOX_0823,0,4NENL,N,7108,"25172,9","0,00608","153,03","5,8",0,"158,83",0,F,361
361,11,202603,202603,SPO_11370,0,4NENL,N,3281,"11411,1","0,00608","69,37","2,62",0,"71,99",0,F,361
361,11,202603,202602,SPO_11370,0,4NENL,N,1,"3,8","0,00602","0,02",0,0,"0,02",0,F,361
361,11,202603,202603,SPOX_0999,0,4NENL,R,427,"1023,1","0,00425","4,34","0,16",0,"4,5",0,F,361
361,11,202603,202603,SPO_12222,0, NENL,R,54,"176,5","0,00425","0,73","0,02",0,"0,75",0,F,361
363,11,202603,202603,SPOX_6698,0,4NENL,R,4,"4,2","0,00425","0,02",0,0,"0,02",0,F,363
363,11,202603,202603,SPO_10705,0, NENL,R,8,"7,1","0,00425","0,03",0,0,"0,03",0,F,363
363,11,202603,202602,SPO_10066,0, NENL,N,4,2,"0,00608","0,01",0,0,"0,01",0,F,363
363,11,202603,202603,SPOX_9684,0, GS8L,N,594,"3103,1","0,00608","18,84","0,68",0,"19,52",0,F,363
363,11,202603,202603,SPOX_0999,0, GS8L,R,99,"109,8","0,00425","0,46","0,01",0,"0,47",0,F,363
363,11,202603,202603,SPO_10705,0,4NENL,R,15,"13,6","0,00425","0,06",0,0,"0,06",0,F,363
363,11,202603,202602,SPOX_6716,0, GS8L,N,2,4,"0,00602","0,02",0,0,"0,02",0,F,363
363,11,202603,202603,SPOX_6716,0, GS8L,N,2042,"10864,4","0,00608","66,08","2,46",0,"68,54",0,F,363
363,11,202603,202603,SPOX_0999,0,4NENL,R,105,"236,4","0,00425","1,01","0,03",0,"1,04",0,F,363
363,11,202603,202603,SPO_10066,0, NENL,R,66,"93,8","0,00425","0,4","0,01",0,"0,41",0,F,363
363,11,202603,202602,SPOX_6698,0, NENL,N,6,"13,8","0,00602","0,08",0,0,"0,08",0,F,363
363,11,202603,202603,SPOX_6716,0,4NENL,N,8197,"5339,9","0,00608","32,46","1,23",0,"33,69",0,F,363
363,11,202603,202603,ULAX_1204,0,4NENL,N,7845,"10249,7","0,00608","62,33","2,37",0,"64,7",0,F,363
363,11,202603,202603,SPOX_0970,0, GS8L,N,1,"1,1","0,00608","0,01",0,0,"0,01",0,F,363
363,11,202603,202603,SPO_10066,0,4NENL,R,2624,"6431,5","0,00425","27,35","1,03",0,"28,38",0,F,363
363,11,202603,202602,SPOX_0999,0,4NENL,N,1,"1,2","0,00602","0,01",0,0,"0,01",0,F,363
363,11,202603,202603,SPOX_6698,0, NENL,N,13146,51063,"0,00608","310,43","11,7",0,"322,13",0,F,363
363,11,202603,202603,SPO_14679,0, GS8L,N,593,3862,"0,00608","23,44","0,85",0,"24,29",0,F,363
363,11,202603,202603,SPOX_0083,0, GS8L,N,1,"0,5","0,00608",0,0,0,0,0,F,363
363,11,202603,202603,SPOX_9684,0, GS8L,R,66,"105,8","0,00425","0,43","0,01",0,"0,44",0,F,363
363,11,202603,202603,SPOX_6698,0,4NENL,N,91,"265,8","0,00608","1,6","0,06",0,"1,66",0,F,363
363,11,202603,202603,SPO_10705,0, NENL,N,1054,"1436,6","0,00608","8,71","0,31",0,"9,02",0,F,363
363,11,202603,202602,SPO_10066,0,4NENL,N,14,"64,4","0,00608","0,39","0,01",0,"0,4",0,F,363
363,11,202603,202603,SPOX_6716,0, GS8L,R,199,"283,8","0,00425","1,17","0,03",0,"1,2",0,F,363
363,11,202603,202603,SPOX_0999,0, GS8L,N,1179,"6675,5","0,00608","40,58","1,49",0,"42,07",0,F,363
363,11,202603,202603,SPO_10705,0,4NENL,N,2520,"4128,2","0,00608","25,1","0,95",0,"26,05",0,F,363
363,11,202603,202602,SPOX_6698,0, NENL,N,9,"32,2","0,00608","0,19",0,0,"0,19",0,F,363
363,11,202603,202603,SPOX_6716,0,4NENL,R,39,"25,6","0,00425","0,11",0,0,"0,11",0,F,363
363,11,202603,202603,ULAX_1204,0,4NENL,R,103,"204,4","0,00425","0,86","0,03",0,"0,89",0,F,363
363,11,202603,202603,SPOX_0999,0,4NENL,N,7732,"9837,6","0,00608","59,82","2,27",0,"62,09",0,F,363
363,11,202603,202603,SPO_10066,0, NENL,N,6560,"16300,5","0,00608","99,03","3,68",0,"102,71",0,F,363
363,11,202603,202602,SPOX_0999,0,4NENL,N,1,"1,3","0,00608","0,01",0,0,"0,01",0,F,363
363,11,202603,202603,SPOX_6698,0, NENL,R,220,"449,3","0,00425","1,93","0,04",0,"1,97",0,F,363
363,11,202603,202603,SPO_14679,0, GS8L,R,62,"64,5","0,00425","0,25",0,0,"0,25",0,F,363
363,11,202603,202603,SPOX_0545,0, GS8L,N,1,"2,5","0,00608","0,02",0,0,"0,02",0,F,363
363,11,202603,202603,SPO_10066,0,4NENL,N,39660,"127486,8","0,00608","775,1","29,36",0,"804,46",0,F,363
363,11,202603,202603,SPOX_6698,0, NENL,R,1364,"3523,7","0,00425","14,99","0,51",0,"15,5",0,F,363
363,11,202603,202603,ULAX_1204,0,4NENL,N,4335,"3634,1","0,00608","22,12","0,84",0,"22,96",0,F,363
363,11,202603,202602,SPOX_6716,0,4NENL,N,2,"2,3","0,00608","0,01",0,0,"0,01",0,F,363
363,11,202603,202603,SPOX_0999,0,4NENL,R,10,"11,6","0,00425","0,05",0,0,"0,05",0,F,363
363,11,202603,202603,SPO_10705,0, NENL,N,2717,"7560,9","0,00608","45,99","1,7",0,"47,69",0,F,363
363,11,202603,202602,SPOX_6698,0, NENL,N,15,"45,4","0,00602","0,27",0,0,"0,27",0,F,363
363,11,202603,202602,SPO_10705,0,4NENL,N,2,"1,5","0,00608","0,01",0,0,"0,01",0,F,363
363,11,202603,202603,SPO_10705,0,4NENL,N,4831,"18785,5","0,00608","114,21","4,32",0,"118,53",0,F,363
363,11,202603,202603,SPO_10066,0,4NENL,N,63627,"257724,5","0,00608","1566,98","59,36",0,"1626,34",0,F,363
363,11,202603,202602,SPO_10066,0, NENL,N,1,"18,2","0,00602","0,11",0,0,"0,11",0,F,363
363,11,202603,202603,SPO_10066,0, NENL,N,14588,"60227,1","0,00608","366,22","13,81",0,"380,03",0,F,363
363,11,202603,202603,SPOX_6716,0,4NENL,N,8435,"24713,5","0,00608","150,26","5,69",0,"155,95",0,F,363
363,11,202603,202603,ULAX_1204,0,4NENL,R,16,"18,8","0,00425","0,09",0,0,"0,09",0,F,363
363,11,202603,202602,SPO_10066,0,4NENL,N,2,"20,7","0,00602","0,12",0,0,"0,12",0,F,363
363,11,202603,202603,SPOX_6698,0, NENL,N,55834,"203453,8","0,00608","1236,93","46,78",0,"1283,71",0,F,363
363,11,202603,202603,SPO_10705,0, NENL,R,77,"163,6","0,00425","0,69","0,02",0,"0,71",0,F,363
363,11,202603,202602,SPOX_6698,0, NENL,N,12,37,"0,00608","0,22",0,0,"0,22",0,F,363
363,11,202603,202603,SPOX_0999,0,4NENL,N,4141,"3656,6","0,00608","22,23","0,84",0,"23,07",0,F,363
363,11,202603,202603,SPO_10705,0,4NENL,R,66,"112,8","0,00425","0,48","0,01",0,"0,49",0,F,363
363,11,202603,202602,SPO_10066,0, NENL,N,1,"0,7","0,00608",0,0,0,0,0,F,363
363,11,202603,202603,SPO_10066,0, NENL,R,128,"262,6","0,00425","1,06","0,02",0,"1,08",0,F,363
363,11,202603,202603,SPOX_6716,0,4NENL,R,159,"197,2","0,00425","0,81","0,03",0,"0,84",0,F,363
363,11,202603,202602,SPO_10066,0,4NENL,N,13,"52,7","0,00608","0,32","0,01",0,"0,33",0,F,363
363,11,202603,202603,SPO_10066,0,4NENL,R,4877,"11767,4","0,00425","50,01","1,89",0,"51,9",0,F,363
363,11,202603,202603,SPOX_0999,0, GS8L,R,99,"109,8","0,00425","0,46","0,01",0,"0,47",0,F,363
363,11,202603,202603,SPOX_0970,0, GS8L,N,1,"1,1","0,00608","0,01",0,0,"0,01",0,F,363
363,11,202603,202603,SPO_14679,0, GS8L,N,593,3862,"0,00608","23,44","0,85",0,"24,29",0,F,363
363,11,202603,202603,SPOX_0083,0, GS8L,N,1,"0,5","0,00608",0,0,0,0,0,F,363
363,11,202603,202603,SPOX_9684,0, GS8L,N,594,"3103,1","0,00608","18,84","0,68",0,"19,52",0,F,363
363,11,202603,202603,SPOX_6716,0, GS8L,N,2042,"10864,4","0,00608","66,08","2,46",0,"68,54",0,F,363
363,11,202603,202603,SPOX_0999,0, GS8L,N,1179,"6675,5","0,00608","40,58","1,5",0,"42,08",0,F,363
363,11,202603,202603,SPO_14679,0, GS8L,R,62,"64,5","0,00425","0,25",0,0,"0,25",0,F,363
363,11,202603,202603,SPOX_0545,0, GS8L,N,1,"2,5","0,00608","0,02",0,0,"0,02",0,F,363
363,11,202603,202603,SPOX_9684,0, GS8L,R,66,"105,8","0,00425","0,43","0,01",0,"0,44",0,F,363
363,11,202603,202602,SPOX_6716,0, GS8L,N,2,4,"0,00602","0,02",0,0,"0,02",0,F,363
363,11,202603,202603,SPOX_6716,0, GS8L,R,199,"283,8","0,00425","1,17","0,03",0,"1,2",0,F,363
431,11,202603,202603,SPO_11142,0, GS3L,R,24,"182,2","0,00425","0,77","0,02",0,"0,79",0,F,431
431,11,202603,202603,SPO_11186,0, GS8L,R,10,8,"0,00425","0,03",0,0,"0,03",0,F,431
431,11,202603,202602,SPO_11186,0, GS8L,N,1,"4,3","0,00608","0,03",0,0,"0,03",0,F,431
431,11,202603,202603,SPO_11154,0, GS8L,N,136,"825,3","0,00608","5,02","0,17",0,"5,19",0,F,431
431,11,202603,202603,SPO_14681,0, GS8L,R,1,"0,5","0,00425",0,0,0,0,0,F,431
431,11,202603,202603,SPOX_5597,0, NENL,N,369,"602,5","0,00608","3,65","0,1",0,"3,75",0,F,431
431,11,202603,202603,SPO_11142,0,4NENL,N,25,"18,5","0,00608","0,1",0,0,"0,1",0,F,431
431,11,202603,202603,SPO_11186,0, GS3L,N,1,"5,1","0,00608","0,03",0,0,"0,03",0,F,431
431,11,202603,202602,SPO_11144,0, NENL,N,2,"10,6","0,00602","0,06",0,0,"0,06",0,F,431
431,11,202603,202603,SPO_11144,0, NENL,N,17211,"68135,8","0,00608","414,3","15,62",0,"429,92",0,F,431
431,11,202603,202603,SPO_14679,0, GS8L,R,2,"1,6","0,00425",0,0,0,0,0,F,431
431,11,202603,202603,SPOX_0999,0, GS8L,N,114,"643,8","0,00608","3,91","0,13",0,"4,04",0,F,431
431,11,202603,202603,SPO_11184,0, NENL,N,266,"686,2","0,00608","4,08","0,11",0,"4,19",0,F,431
431,11,202603,202603,SPOX_9684,0, GS8L,N,68,"414,4","0,00608","2,48","0,07",0,"2,55",0,F,431
431,11,202603,202603,SPO_11142,0, NENL,N,1146,"1511,7","0,00608","9,15","0,3",0,"9,45",0,F,431
431,11,202603,202603,SPO_14667,0, GS8L,R,2,"1,5","0,00425","0,01",0,0,"0,01",0,F,431
431,11,202603,202603,SPOX_0970,0, GS8L,N,9,"7,6","0,00608","0,05",0,0,"0,05",0,F,431
431,11,202603,202603,SPO_11182,0, GS8L,N,484,"3439,7","0,00608","20,89","0,76",0,"21,65",0,F,431
431,11,202603,202603,SPOX_7137,0, GS8L,N,1,"24,4","0,00608","0,15",0,0,"0,15",0,F,431
431,11,202603,202603,SPO_11142,0, GS8L,N,3352,"20606,1","0,00608","125,35","4,67",0,"130,02",0,F,431
431,11,202603,202603,SPO_14639,0, GS8L,N,1,"17,3","0,00608","0,11",0,0,"0,11",0,F,431
431,11,202603,202603,SPOX_0083,0, GS8L,N,8,"9,6","0,00608","0,05",0,0,"0,05",0,F,431
431,11,202603,202603,SPO_11154,0, GS8L,R,2,"4,3","0,00425","0,02",0,0,"0,02",0,F,431
431,11,202603,202603,SPOX_5597,0, NENL,R,2,"2,9","0,00425","0,02",0,0,"0,02",0,F,431
431,11,202603,202603,SPO_11142,0, GS3L,N,116,"878,5","0,00608","5,33","0,18",0,"5,51",0,F,431
431,11,202603,202603,SPO_11186,0, GS8L,N,222,"1632,3","0,00608","9,87","0,35",0,"10,22",0,F,431
431,11,202603,202602,SPO_11144,0, NENL,N,1,"0,5","0,00608",0,0,0,0,0,F,431
431,11,202603,202603,SPO_11144,0, NENL,R,756,"2933,6","0,00425","12,45","0,45",0,"12,9",0,F,431
431,11,202603,202603,SPO_14681,0, GS8L,N,3,"3,3","0,00608","0,01",0,0,"0,01",0,F,431
431,11,202603,202603,SPOX_0999,0, GS8L,R,4,"3,1","0,00425","0,01",0,0,"0,01",0,F,431
431,11,202603,202603,SPOX_9684,0, GS8L,R,2,"1,1","0,00425",0,0,0,0,0,F,431
431,11,202603,202603,SPO_11184,0, NENL,R,1,"6,4","0,00425","0,03",0,0,"0,03",0,F,431
431,11,202603,202603,SPO_11142,0, NENL,R,2,"1,7","0,00425","0,01",0,0,"0,01",0,F,431
431,11,202603,202603,SPO_14679,0, GS8L,N,65,"300,1","0,00608","1,81","0,05",0,"1,86",0,F,431
431,11,202603,202603,SPOX_0970,0, GS8L,R,4,3,"0,00425","0,01",0,0,"0,01",0,F,431
431,11,202603,202603,SPO_11182,0, GS8L,R,27,"106,7","0,00425","0,45","0,01",0,"0,46",0,F,431
431,11,202603,202603,SPOX_9684,0, GS3L,N,1,"17,9","0,00608","0,11",0,0,"0,11",0,F,431
431,11,202603,202603,SPO_11142,0, GS8L,R,481,"1768,9","0,00425","7,52","0,26",0,"7,78",0,F,431
431,11,202603,202603,SPO_14667,0, GS8L,N,1,1,"0,00608","0,01",0,0,"0,01",0,F,431
431,11,202603,202603,SPOX_0083,0, GS8L,R,3,"1,6","0,00425","0,01",0,0,"0,01",0,F,431
431,11,202603,202603,SPO_11182,0, GS3L,N,2,"14,2","0,00608","0,09",0,0,"0,09",0,F,431
431,11,202603,202603,SPOX_6536,0, GS8L,N,11,"78,6","0,00608","0,48",0,0,"0,48",0,F,431
431,11,202603,202603,SPOX_4513,0, IENL,R,3,"1,6","0,00425",0,0,0,0,0,F,431
431,11,202603,202603,SPO_11154,0, IENL,N,8,"20,6","0,00608","0,12",0,0,"0,12",0,F,431
431,11,202603,202603,SPO_10772,0, IENL,R,1,3,"0,00425","0,01",0,0,"0,01",0,F,431
431,11,202603,202603,SPOX_4452,0, IENL,N,1,"12,3","0,00608","0,07",0,0,"0,07",0,F,431
431,11,202603,202603,SPO_11144,0, NENL,N,35105,"187471,7","0,00608","1139,79","43,09",0,"1182,88",0,F,431
431,11,202603,202603,SPOX_5597,0, NENL,R,1836,"943,8","0,00425",4,"0,14",0,"4,14",0,F,431
431,11,202603,202603,ULAX_1204,0, IENL,N,151,"372,1","0,00608","2,18","0,06",0,"2,24",0,F,431
431,11,202603,202603,SPOX_0999,0, IENL,N,126,"419,9","0,00608","2,49","0,06",0,"2,55",0,F,431
431,11,202603,202603,SPO_11142,0, NENL,R,145,"193,6","0,00425","0,79","0,02",0,"0,81",0,F,431
431,11,202603,202603,SPOX_5597,0, IENL,N,53,112,"0,00608","0,68","0,02",0,"0,7",0,F,431
431,11,202603,202603,SPO_11184,0, NENL,N,497,"1744,6","0,00608","10,56","0,35",0,"10,91",0,F,431
431,11,202603,202603,SPOX_0231,0, IENL,N,36,"100,3","0,00608","0,56","0,02",0,"0,58",0,F,431
431,11,202603,202603,SPO_11142,0, IENL,N,7,"24,8","0,00608","0,16",0,0,"0,16",0,F,431
431,11,202603,202603,SPOX_4539,0, IENL,N,25,72,"0,00608","0,43",0,0,"0,43",0,F,431
431,11,202603,202603,SPO_11182,0, IENL,N,75,"185,5","0,00608","1,13","0,02",0,"1,15",0,F,431
431,11,202603,202602,SPO_11144,0, NENL,N,2,"12,1","0,00602","0,07",0,0,"0,07",0,F,431
431,11,202603,202603,SPO_11142,0,4NENL,N,193,"579,6","0,00608","3,52","0,13",0,"3,65",0,F,431
431,11,202603,202603,SPOX_4513,0, IENL,N,28,"87,7","0,00608","0,55","0,01",0,"0,56",0,F,431
431,11,202603,202603,SPO_11144,0, NENL,R,1446,"5878,7","0,00425","24,96","0,9",0,"25,86",0,F,431
431,11,202603,202603,SPO_10772,0, IENL,N,43,"61,4","0,00608","0,36","0,01",0,"0,37",0,F,431
431,11,202603,202603,ULAX_1204,0, IENL,R,3,"1,5","0,00425",0,0,0,0,0,F,431
431,11,202603,202603,SPOX_0999,0, IENL,R,3,"12,1","0,00425","0,05",0,0,"0,05",0,F,431
431,11,202603,202603,SPO_11144,0, IENL,N,90,"186,5","0,00608","1,12","0,03",0,"1,15",0,F,431
431,11,202603,202603,SPOX_5597,0, NENL,N,2810,"2498,3","0,00608","15,13","0,55",0,"15,68",0,F,431
431,11,202603,202603,SPO_11184,0, NENL,R,18,"37,8","0,00425","0,15",0,0,"0,15",0,F,431
431,11,202603,202603,SPOX_0231,0, IENL,R,2,1,"0,00425",0,0,0,0,0,F,431
431,11,202603,202603,SPO_11142,0, NENL,N,5786,"25023,6","0,00608","152,17","5,68",0,"157,85",0,F,431
431,11,202603,202603,SPOX_4539,0, IENL,R,7,"4,7","0,00425","0,02",0,0,"0,02",0,F,431
431,11,202603,202603,SPO_11182,0, IENL,R,9,"4,5","0,00425","0,02",0,0,"0,02",0,F,431
431,11,202603,202602,SPO_11144,0, NENL,N,5,"18,3","0,00608","0,11",0,0,"0,11",0,F,431
431,11,202603,202603,SPO_11142,0,4NENL,R,10,"5,8","0,00425","0,01",0,0,"0,01",0,F,431
661,11,202603,202603,ULAX_4030,0, NENL,R,36,24,"0,00425","0,08",0,0,"0,08",0,F,661
661,11,202603,202602,ULAX_4030,0, NENL,N,3,"4,1","0,00602","0,03",0,0,"0,03",0,F,661
661,11,202603,202603,ULAX_4030,0, GS8L,R,123,"520,3","0,00425","2,22","0,06",0,"2,28",0,F,661
661,11,202603,202603,ULAX_1008,0, NENL,R,401,"983,2","0,00425","4,14","0,14",0,"4,28",0,F,661
661,11,202603,202603,ULAX_4039,0, NENL,N,5734,"4250,2","0,00608","25,9","0,93",0,"26,83",0,F,661
661,11,202603,202602,ULAX_4039,0, NENL,N,7,"3,5","0,00608","0,02",0,0,"0,02",0,F,661
661,11,202603,202603,ULAX_4039,0, GS8L,N,1582,"10750,2","0,00608","65,38","2,4",0,"67,78",0,F,661
661,11,202603,202602,ULAX_4030,0, NENL,N,6,"10,2","0,00608","0,06",0,0,"0,06",0,F,661
661,11,202603,202603,ULAX_4030,0, NENL,N,4357,"3528,7","0,00608","21,41","0,75",0,"22,16",0,F,661
661,11,202603,202603,ULAX_4030,0, GS8L,N,1486,"9724,9","0,00608","59,16","2,16",0,"61,32",0,F,661
661,11,202603,202603,ULAX_4039,0, NENL,R,35,"23,6","0,00425","0,09",0,0,"0,09",0,F,661
661,11,202603,202603,ULAX_1008,0, NENL,N,19718,"73741,9","0,00608","448,41","16,9",0,"465,31",0,F,661
661,11,202603,202603,ULAX_4039,0, GS8L,R,336,"1569,8","0,00425","6,73","0,23",0,"6,96",0,F,661
661,11,202603,202602,ULAX_4039,0, NENL,N,2,1,"0,00602",0,0,0,0,0,F,661
661,11,202603,202603,ULAX_4030,0, IENL,R,1,"1,3","0,00425","0,01",0,0,"0,01",0,F,661
661,11,202603,202602,ULAX_4030,0, NENL,N,1,"0,5","0,00602",0,0,0,0,0,F,661
661,11,202603,202603,ULAX_4039,0, NENL,N,2897,"8772,8","0,00608","53,31","1,93",0,"55,24",0,F,661
661,11,202603,202603,ULAX_1204,0, IENL,R,9,"16,3","0,00425","0,07",0,0,"0,07",0,F,661
661,11,202603,202602,ULAX_1008,0, NENL,N,31,115,"0,00602","0,68","0,01",0,"0,69",0,F,661
661,11,202603,202603,ULAX_4039,0, IENL,N,18,"28,4","0,00608","0,17",0,0,"0,17",0,F,661
661,11,202603,202603,ULAX_1008,0, NENL,R,1775,"4533,6","0,00425","19,29","0,67",0,"19,96",0,F,661
661,11,202603,202603,ULAX_4030,0, NENL,R,12,"21,6","0,00425","0,08",0,0,"0,08",0,F,661
661,11,202603,202603,SPOX_0999,0, IENL,R,4,"16,5","0,00425","0,07",0,0,"0,07",0,F,661
661,11,202603,202603,ULAX_4030,0, NEAL,N,2,"3,6","0,00608","0,02",0,0,"0,02",0,F,661
661,11,202603,202602,ULAX_4039,0, NENL,N,1,31,"0,00608","0,19",0,0,"0,19",0,F,661
661,11,202603,202603,ULAX_4039,0, NENL,R,20,"45,3","0,00425","0,18",0,0,"0,18",0,F,661
661,11,202603,202603,ULAX_4030,0, IENL,N,14,"12,3","0,00608","0,06",0,0,"0,06",0,F,661
661,11,202603,202602,ULAX_1008,0, NENL,N,10,"72,8","0,00608","0,44","0,01",0,"0,45",0,F,661
661,11,202603,202603,ULAX_4039,0, NEAL,N,5,"6,5","0,00608","0,04",0,0,"0,04",0,F,661
661,11,202603,202603,ULAX_1204,0, IENL,N,141,"403,1","0,00608","2,37","0,08",0,"2,45",0,F,661
661,11,202603,202603,ULAX_4036,0, NENL,N,1,"0,5","0,00608",0,0,0,0,0,F,661
661,11,202603,202603,ULAX_1008,0, NENL,N,70642,"281235,4","0,00608","1709,97","64,68",0,"1774,65",0,F,661
661,11,202603,202603,ULAX_4030,0, NENL,N,2200,6571,"0,00608","39,86","1,43",0,"41,29",0,F,661
661,11,202603,202603,SPOX_0999,0, IENL,N,133,388,"0,00608","2,3","0,06",0,"2,36",0,F,661
674,11,202603,202602,ULAX_4202,0,4NENL,N,5,"2,5","0,00608","0,01",0,0,"0,01",0,F,674
674,11,202603,202603,ULAX_4039,0, GS8L,N,7,"33,4","0,00608","0,21",0,0,"0,21",0,F,674
674,11,202603,202603,ULAX_1204,0,4NENL,N,7260,"9274,9","0,00608","56,38","2,14",0,"58,52",0,F,674
674,11,202603,202602,ULAX_4113,0,4NENL,N,2,"3,5","0,00608","0,02",0,0,"0,02",0,F,674
674,11,202603,202603,ULAX_4039,0,4NENL,N,123,"68,6","0,00608","0,4","0,01",0,"0,41",0,F,674
674,11,202603,202603,ULAX_1008,0, NENL,N,57,"114,1","0,00608","0,7",0,0,"0,7",0,F,674
674,11,202603,202603,ULAX_4202,0, GS8L,N,5750,"35080,6","0,00608","213,32",8,0,"221,32",0,F,674
674,11,202603,202602,ULAX_1204,0,4NENL,N,2,"1,2","0,00608",0,0,0,0,0,F,674
674,11,202603,202603,ULAX_4030,0,4NENL,R,1,"0,6","0,00425",0,0,0,0,0,F,674
674,11,202603,202603,ULAX_0953,0,4NENL,N,3423,"18142,2","0,00608","110,31","4,17",0,"114,48",0,F,674
674,11,202603,202603,ULAX_4202,0,4NENL,N,10732,"7334,6","0,00608","44,61","1,69",0,"46,3",0,F,674
674,11,202603,202602,SPOX_0999,0,4NENL,N,2,1,"0,00608","0,01",0,0,"0,01",0,F,674
674,11,202603,202603,ULAX_4006,0,4NENL,R,29,"43,1","0,00425","0,18",0,0,"0,18",0,F,674
674,11,202603,202603,SPOX_0999,0,4NENL,N,7061,"8948,7","0,00608","54,41","2,06",0,"56,47",0,F,674
674,11,202603,202603,ULAX_4113,0,4NENL,N,10187,36214,"0,00608","220,19","8,34",0,"228,53",0,F,674
674,11,202603,202603,ULAX_1204,0,4NENL,R,92,"156,4","0,00425","0,66","0,02",0,"0,68",0,F,674
674,11,202603,202602,ULAX_4202,0,4NENL,N,2,"1,1","0,00602",0,0,0,0,0,F,674
674,11,202603,202603,ULAX_4039,0,4NENL,R,4,"2,2","0,00425",0,0,0,0,0,F,674
674,11,202603,202603,ULAX_1008,0, NENL,R,1,"0,5","0,00425",0,0,0,0,0,F,674
674,11,202603,202603,ULAX_4202,0, GS8L,R,768,"3638,9","0,00425","15,42","0,56",0,"15,98",0,F,674
674,11,202603,202602,ULAX_4113,0,4NENL,N,4,"4,5","0,00602","0,02",0,0,"0,02",0,F,674
674,11,202603,202603,ULAX_4030,0, GS8L,N,9,"40,8","0,00608","0,24",0,0,"0,24",0,F,674
674,11,202603,202603,ULAX_0953,0,4NENL,R,137,"408,3","0,00425","1,76","0,06",0,"1,82",0,F,674
674,11,202603,202603,ULAX_4202,0,4NENL,R,78,"51,1","0,00425","0,2",0,0,"0,2",0,F,674
674,11,202603,202602,ULAX_1204,0,4NENL,N,6,5,"0,00602","0,03",0,0,"0,03",0,F,674
674,11,202603,202603,ULAX_4030,0,4NENL,N,92,"61,8","0,00608","0,37","0,01",0,"0,38",0,F,674
674,11,202603,202603,SPOX_0999,0,4NENL,R,97,"146,6","0,00425","0,58","0,02",0,"0,6",0,F,674
674,11,202603,202603,ULAX_4113,0,4NENL,R,471,"1289,2","0,00425","5,47","0,2",0,"5,67",0,F,674
674,11,202603,202602,SPOX_0999,0,4NENL,N,2,1,"0,00602",0,0,0,0,0,F,674
674,11,202603,202603,ULAX_4006,0,4NENL,N,901,4824,"0,00608","29,3","1,11",0,"30,41",0,F,674
674,11,202603,202603,ULAX_1008,0, NENL,R,2,"1,3","0,00425",0,0,0,0,0,F,674
674,11,202603,202603,ULAX_4204,0, NEAL,N,38,"89,2","0,00608","0,55","0,02",0,"0,57",0,F,674
674,11,202603,202602,ULAX_4202,0,4NENL,N,5,"20,8","0,00602","0,12",0,0,"0,12",0,F,674
674,11,202603,202601,ULAX_0006,0,4NENL,N,1,"0,6","0,00602",0,0,0,0,0,F,674
674,11,202603,202603,ULAX_4030,0,4NENL,N,50,"192,8","0,00608","1,17","0,04",0,"1,21",0,F,674
674,11,202603,202603,ULAX_0953,0,4NENL,R,258,"677,8","0,00425","2,86","0,1",0,"2,96",0,F,674
674,11,202603,202602,ULAX_1204,0,4NENL,N,4,2,"0,00608","0,01",0,0,"0,01",0,F,674
674,11,202603,202603,ULAX_4202,0,4NENL,N,9381,"42616,8","0,00608","259,08","9,81",0,"268,89",0,F,674
674,11,202603,202602,ULAX_4113,0,4NENL,N,26,"72,6","0,00602","0,43","0,01",0,"0,44",0,F,674
674,11,202603,202603,ULAX_4006,0,4NENL,N,2776,"13153,1","0,00608","79,98","3,03",0,"83,01",0,F,674
674,11,202603,202603,SPOX_0999,0,4NENL,R,128,"358,1","0,00425","1,5","0,05",0,"1,55",0,F,674
674,11,202603,202602,ULAX_0953,0,4NENL,N,1,"43,3","0,00608","0,26",0,0,"0,26",0,F,674
674,11,202603,202603,ULAX_4113,0,4NENL,R,2231,"6769,1","0,00425","28,76","1,09",0,"29,85",0,F,674
674,11,202603,202603,ULAX_1204,0,4NENL,N,6296,"9258,8","0,00608","56,31","2,13",0,"58,44",0,F,674
674,11,202603,202603,SPOX_0999,0,4IENL,R,10,"23,4","0,00425","0,1",0,0,"0,1",0,F,674
674,11,202603,202602,SPOX_0999,0,4NENL,N,2,1,"0,00602","0,01",0,0,"0,01",0,F,674
674,11,202603,202603,ULAX_4039,0,4NENL,R,1,"3,3","0,00425","0,01",0,0,"0,01",0,F,674
674,11,202603,202603,ULAX_1204,0,4IENL,N,118,188,"0,00608","1,15","0,04",0,"1,19",0,F,674
674,11,202603,202602,ULAX_4202,0,4NENL,N,13,65,"0,00608","0,4","0,01",0,"0,41",0,F,674
674,11,202603,202601,ULAX_0006,0, NENL,N,1,8,"0,00602","0,05",0,0,"0,05",0,F,674
674,11,202603,202603,ULAX_4036,0, NENL,N,2,"5,1","0,00608","0,03",0,0,"0,03",0,F,674
674,11,202603,202603,ULAX_1008,0, NENL,N,614,1599,"0,00608","9,68","0,33",0,"10,01",0,F,674
674,11,202603,202602,ULAX_4006,0,4NENL,N,1,"0,6","0,00602",0,0,0,0,0,F,674
674,11,202603,202603,ULAX_4202,0,4NENL,R,125,"185,9","0,00425","0,75","0,03",0,"0,78",0,F,674
674,11,202603,202602,ULAX_4113,0,4NENL,N,30,"139,6","0,00608","0,84","0,03",0,"0,87",0,F,674
674,11,202603,202603,ULAX_4006,0,4NENL,R,168,"448,8","0,00425","1,91","0,07",0,"1,98",0,F,674
674,11,202603,202603,ULAX_0953,0,4NENL,N,3296,"18609,9","0,00608","113,18","4,28",0,"117,46",0,F,674
674,11,202603,202602,ULAX_1204,0,4NENL,N,2,"10,3","0,00602","0,06",0,0,"0,06",0,F,674
674,11,202603,202603,ULAX_4202,0,4IENL,N,8,108,"0,00608","0,67","0,02",0,"0,69",0,F,674
674,11,202603,202603,ULAX_1204,0,4NENL,R,109,"208,5","0,00425","0,87","0,03",0,"0,9",0,F,674
674,11,202603,202603,SPOX_0999,0,4NENL,N,6042,"9051,7","0,00608","55,03","2,08",0,"57,11",0,F,674
674,11,202603,202602,SPOX_0999,0,4NENL,N,1,"0,5","0,00608",0,0,0,0,0,F,674
674,11,202603,202603,ULAX_4113,0,4NENL,N,81888,"346434,4","0,00608","2106,32","79,79",0,"2186,11",0,F,674
674,11,202603,202603,ULAX_1204,0,4IENL,R,7,10,"0,00425","0,04",0,0,"0,04",0,F,674
674,11,202603,202603,SPOX_0999,0,4IENL,N,143,"276,9","0,00608","1,69","0,06",0,"1,75",0,F,674
674,11,202603,202601,ULAX_4113,0,4NENL,N,5,"19,9","0,00602","0,12",0,0,"0,12",0,F,674
674,11,202603,202603,ULAX_4039,0,4NENL,N,54,"125,7","0,00608","0,77","0,02",0,"0,79",0,F,674
,,,,,,,,10738896,"30868754,1",,"224763,18","8471,93",0,"233235,11",,,
,,,,,01,,,21416763,61693091.7,,448855.42,16919.2,0,465774.62,,,
