006;050;202607;202606;5105000P;00; LENV;N;2629;1675,10;0,016860;28,24;1,07;0,00;29,31;51;
006;050;202607;202606;5105000T;00; LENV;N;2765;1878,00;0,016860;31,66;1,20;0,00;32,86;51;
006;050;202607;202606;5105000V;00; LENV;N;2701;1758,30;0,016860;29,64;1,12;0,00;30,77;51;
006;050;202607;202606;51050013;00; LENV;N;2700;1709,50;0,016860;28,82;1,09;0,00;29,91;51;
006;050;202607;202606;5105001F;00; LENV;N;1;0,50;0,016860;0,01;0,00;0,00;0,01;51;
006;050;202607;202606;5105001G;00; LENV;N;8936;4647,90;0,016860;78,36;2,97;0,00;81,33;51;
006;050;202607;202606;5105001I;00; LENV;N;8842;4598,70;0,016860;77,53;2,94;0,00;80,47;51;
006;050;202607;202606;5105001K;00; LENV;N;9113;4732,90;0,016860;79,80;3,02;0,00;82,82;51;
006;050;202607;202607;5100101M;00; LENV;N;31950;20167,40;0,016860;340,02;12,88;0,00;352,90;51;
006;050;202607;202607;5100101O;00; LENV;N;32020;20115,60;0,016860;339,15;12,85;0,00;352,00;51;
006;050;202607;202607;5105000P;00; LENV;N;620208;365124,20;0,016860;6155,99;233,21;0,00;6389,20;51;
006;050;202607;202607;5105000T;00; LENV;N;616089;365216,80;0,016860;6157,56;233,26;0,00;6390,82;51;
006;050;202607;202607;5105000V;00; LENV;N;607464;349955,50;0,016860;5900,25;223,52;0,00;6123,77;51;
006;050;202607;202607;51050013;00; LENV;N;611050;351818,70;0,016860;5931,66;224,71;0,00;6156,37;51;
006;050;202607;202607;5105001F;00; LENV;N;702011;1717479,10;0,016860;28956,70;1096,96;0,00;30053,66;51;
006;050;202607;202607;5105001G;00; LENV;N;743489;1744413,80;0,016860;29410,82;1114,16;0,00;30524,98;51;
006;050;202607;202607;5105001I;00; LENV;N;768238;1755196,60;0,016860;29592,61;1121,05;0,00;30713,66;51;
006;050;202607;202607;5105001K;00; LENV;N;736740;1760595,10;0,016860;29683,63;1124,50;0,00;30808,13;51;
006;050;202607;202607;5121100R;00; LENV;N;5019;2731,30;0,016860;46,05;1,74;0,00;47,79;51;
006;050;202607;202607;5121100V;00; LENV;N;5226;2862,40;0,016860;48,26;1,83;0,00;50,09;51;
006;050;202607;202607;51211012;00; LENV;N;280;177,10;0,016860;2,99;0,11;0,00;3,10;51;
006;050;202607;202607;51217003;00; LENV;N;1;0,50;0,016860;0,01;0,00;0,00;0,01;51;
006;050;202607;202606;53050009;00; LENV;N;629;367,40;0,016860;6,19;0,23;0,00;6,43;53;
006;050;202607;202607;5300100I;00; LENV;N;9081;5855,80;0,016860;98,73;3,74;0,00;102,47;53;
006;050;202607;202607;53050005;00; LENV;N;1364;907,20;0,016860;15,30;0,58;0,00;15,87;53;
006;050;202607;202607;53050009;00; LENV;N;622206;1123462,50;0,016860;18941,58;717,56;0,00;19659,14;53;
006;050;202607;202607;53211007;00; LENV;N;286;155,20;0,016860;2,62;0,10;0,00;2,72;53;
006;050;202607;202606;5405000A;00; LENV;N;19;15,00;0,016860;0,25;0,01;0,00;0,26;54;
006;050;202607;202607;5400100S;00; LENV;N;43013;25043,20;0,016860;422,23;16,00;0,00;438,22;54;
006;050;202607;202607;5405000A;00; LENV;N;1381061;2459920,80;0,016860;41474,26;1571,16;0,00;43045,42;54;
006;050;202607;202607;54211002;00; LENV;N;2761;1486,20;0,016860;25,06;0,95;0,00;26,01;54;
006;050;202607;202606;5505000E;00; LENV;N;985;692,00;0,016860;11,67;0,44;0,00;12,11;55;
006;050;202607;202607;5500100I;00; LENV;N;18619;11438,60;0,016860;192,85;7,31;0,00;200,16;55;
006;050;202607;202607;55050007;00; LENV;N;18298;11536,70;0,016860;194,51;7,37;0,00;201,88;55;
006;050;202607;202607;55050009;00; LENV;N;18446;11642,20;0,016860;196,29;7,44;0,00;203,72;55;
006;050;202607;202607;5505000E;00; LENV;N;1156092;2295248,60;0,016860;38697,89;1465,98;0,00;40163,87;55;
006;050;202607;202607;55211005;00; LENV;N;1844;1038,90;0,016860;17,52;0,66;0,00;18,18;55;
006;050;202607;202606;5105000P;00; LENV;R;38;50,90;0,016860;0,86;0,03;0,00;0,89;51;
006;050;202607;202606;5105000T;00; LENV;R;27;35,70;0,016860;0,60;0,02;0,00;0,62;51;
006;050;202607;202606;5105000V;00; LENV;R;39;55,20;0,016860;0,93;0,04;0,00;0,97;51;
006;050;202607;202606;51050013;00; LENV;R;21;21,40;0,016860;0,36;0,01;0,00;0,37;51;
006;050;202607;202607;5100101M;00; LENV;R;213;167,80;0,016860;2,83;0,11;0,00;2,94;51;
006;050;202607;202607;5100101O;00; LENV;R;202;154,80;0,016860;2,61;0,10;0,00;2,71;51;
006;050;202607;202607;5105000P;00; LENV;R;3418;3256,30;0,016860;54,90;2,08;0,00;56,98;51;
006;050;202607;202607;5105000T;00; LENV;R;3411;2796,10;0,016860;47,14;1,79;0,00;48,93;51;
006;050;202607;202607;5105000V;00; LENV;R;3407;3061,60;0,016860;51,62;1,96;0,00;53,57;51;
006;050;202607;202607;51050013;00; LENV;R;3444;3099,00;0,016860;52,25;1,98;0,00;54,23;51;
006;050;202607;202607;5105001F;00; LENV;R;107936;424413,70;0,016860;7155,61;271,07;0,00;7426,69;51;
006;050;202607;202607;5105001G;00; LENV;R;110089;429752,70;0,016860;7245,63;274,48;0,00;7520,11;51;
006;050;202607;202607;5105001I;00; LENV;R;114245;435222,00;0,016860;7337,84;277,98;0,00;7615,82;51;
006;050;202607;202607;5105001K;00; LENV;R;110078;442147,90;0,016860;7454,61;282,40;0,00;7737,01;51;
006;050;202607;202606;53050009;00; LENV;R;1;0,70;0,016860;0,01;0,00;0,00;0,01;53;
006;050;202607;202607;5300100I;00; LENV;R;103;73,60;0,016860;1,24;0,05;0,00;1,29;53;
006;050;202607;202607;53050005;00; LENV;R;4;2,00;0,016860;0,03;0,00;0,00;0,03;53;
006;050;202607;202607;53050009;00; LENV;R;73355;323774,40;0,016860;5458,84;206,80;0,00;5665,63;53;
006;050;202607;202606;5405000A;00; LENV;R;1;0,50;0,016860;0,01;0,00;0,00;0,01;54;
006;050;202607;202607;5400100S;00; LENV;R;228;204,00;0,016860;3,44;0,13;0,00;3,57;54;
006;050;202607;202607;5405000A;00; LENV;R;138228;479875,60;0,016860;8090,70;306,50;0,00;8397,20;54;
006;050;202607;202606;5505000E;00; LENV;R;4;2,00;0,016860;0,03;0,00;0,00;0,03;55;
006;050;202607;202607;5500100I;00; LENV;R;233;175,00;0,016860;2,95;0,11;0,00;3,06;55;
006;050;202607;202607;55050007;00; LENV;R;285;211,80;0,016860;3,57;0,14;0,00;3,71;55;
006;050;202607;202607;55050009;00; LENV;R;312;204,70;0,016860;3,45;0,13;0,00;3,58;55;
006;050;202607;202607;5505000E;00; LENV;R;152160;575209,70;0,016860;9698,04;367,39;0,00;10065,42;55;
006;050;202607;202607;5105001E;00; LSAV;N;3097;3720,10;0,016860;62,72;2,38;0,00;65,10;51;
006;050;202607;202607;5105001H;00; LSAV;N;1036;1538,10;0,016860;25,93;0,98;0,00;26,91;51;
006;050;202607;202607;5105001J;00; LSAV;N;937;1787,40;0,016860;30,14;1,14;0,00;31,28;51;
006;050;202607;202607;5300100K;00; LSAV;N;5;3,70;0,016860;0,06;0,00;0,00;0,06;53;
006;050;202607;202607;5305000A;00; LSAV;N;640;758,90;0,016860;12,80;0,48;0,00;13,28;53;
006;050;202607;202607;5405000A;00; LSAV;N;802;1460,60;0,016860;24,63;0,93;0,00;25,56;54;
006;050;202607;202607;5500100M;00; LSAV;N;2;2,00;0,016860;0,03;0,00;0,00;0,03;55;
006;050;202607;202607;5505000D;00; LSAV;N;84;312,30;0,016860;5,27;0,20;0,00;5,46;55;
006;050;202607;202607;5105001E;00; LSAV;R;730;914,70;0,016860;15,42;0,58;0,00;16,01;51;
006;050;202607;202607;5105001H;00; LSAV;R;252;441,40;0,016860;7,44;0,28;0,00;7,72;51;
006;050;202607;202607;5105001J;00; LSAV;R;283;443,00;0,016860;7,47;0,28;0,00;7,75;51;
006;050;202607;202607;5300100K;00; LSAV;R;2;1,40;0,016860;0,02;0,00;0,00;0,02;53;
006;050;202607;202607;5305000A;00; LSAV;R;316;724,30;0,016860;12,21;0,46;0,00;12,67;53;
006;050;202607;202607;5405000A;00; LSAV;R;157;449,90;0,016860;7,59;0,29;0,00;7,87;54;
006;050;202607;202607;5505000D;00; LSAV;R;13;47,50;0,016860;0,80;0,03;0,00;0,83;55;
;;;;;01;;;9622014;17562239,70;;296099,34;11217,05;0,00;307316,35;;
014;010;202607;202606;11010026;00; LENV;N;36;34,20;0,017790;0,61;0,02;0,00;0,63;11;
014;010;202607;202606;11010028;00; LENV;N;27;21,90;0,017790;0,39;0,01;0,00;0,40;11;
014;010;202607;202606;1101002B;00; LENV;N;42;66,10;0,017790;1,18;0,04;0,00;1,22;11;
014;010;202607;202606;1101002D;00; LENV;N;4432;3665,80;0,017790;65,21;2,47;0,00;67,69;11;
014;010;202607;202606;1101002F;00; LENV;N;4492;3654,50;0,017790;65,01;2,46;0,00;67,48;11;
014;010;202607;202606;1101002H;00; LENV;N;4386;3870,90;0,017790;68,86;2,61;0,00;71,47;11;
014;010;202607;202606;1101002N;00; LENV;N;3607;2918,40;0,017790;51,92;1,97;0,00;53,89;11;
014;010;202607;202606;1101002P;00; LENV;N;3649;3339,60;0,017790;59,41;2,25;0,00;61,66;11;
014;010;202607;202606;1101002Q;00; LENV;N;3628;3293,20;0,017790;58,59;2,22;0,00;60,81;11;
014;010;202607;202607;1100700Q;00; LENV;N;1;0,50;0,017790;0,01;0,00;0,00;0,01;11;
014;010;202607;202607;11010026;00; LENV;N;58282;66463,00;0,017790;1182,38;44,79;0,00;1227,17;11;
014;010;202607;202607;11010028;00; LENV;N;56849;65425,00;0,017790;1163,91;44,09;0,00;1208,00;11;
014;010;202607;202607;1101002B;00; LENV;N;58062;65439,60;0,017790;1164,17;44,10;0,00;1208,27;11;
014;010;202607;202607;1101002D;00; LENV;N;2592614;6431602,80;0,017790;114418,21;4334,47;0,00;118752,69;11;
014;010;202607;202607;1101002F;00; LENV;N;2614727;6472987,60;0,017790;115154,45;4362,36;0,00;119516,81;11;
014;010;202607;202607;1101002H;00; LENV;N;2620049;6515402,30;0,017790;115909,01;4390,95;0,00;120299,96;11;
014;010;202607;202607;1101002N;00; LENV;N;2358795;6239298,40;0,017790;110997,12;4204,87;0,00;115201,99;11;
014;010;202607;202607;1101002P;00; LENV;N;2381891;6260704,50;0,017790;111377,93;4219,30;0,00;115597,23;11;
014;010;202607;202607;1101002Q;00; LENV;N;2377179;6257141,40;0,017790;111314,55;4216,90;0,00;115531,44;11;
014;010;202607;202607;110110KL;00; LENV;N;1310;850,10;0,017790;15,12;0,57;0,00;15,70;11;
014;010;202607;202607;110110KR;00; LENV;N;1302;823,90;0,017790;14,66;0,56;0,00;15,21;11;
014;010;202607;202607;110110KY;00; LENV;N;1320;828,70;0,017790;14,74;0,56;0,00;15,30;11;
014;010;202607;202607;110110L4;00; LENV;N;1276;784,00;0,017790;13,95;0,53;0,00;14,48;11;
014;010;202607;202607;110110LA;00; LENV;N;1302;878,70;0,017790;15,63;0,59;0,00;16,22;11;
014;010;202607;202607;110110LG;00; LENV;N;1303;904,00;0,017790;16,08;0,61;0,00;16,69;11;
014;010;202607;202607;11143002;00; LENV;N;32;22,60;0,017790;0,40;0,02;0,00;0,42;11;
014;010;202607;202607;11143004;00; LENV;N;31;23,10;0,017790;0,41;0,02;0,00;0,43;11;
014;010;202607;202607;11143006;00; LENV;N;37;24,00;0,017790;0,43;0,02;0,00;0,44;11;
014;010;202607;202607;11212002;00; LENV;N;85;62,60;0,017790;1,11;0,04;0,00;1,16;11;
014;010;202607;202607;11212004;00; LENV;N;72;59,90;0,017790;1,07;0,04;0,00;1,11;11;
014;010;202607;202607;11212006;00; LENV;N;64;37,20;0,017790;0,66;0,03;0,00;0,69;11;
014;010;202607;202607;11212008;00; LENV;N;2382;3271,00;0,017790;58,19;2,20;0,00;60,40;11;
014;010;202607;202607;1121200A;00; LENV;N;2406;3185,80;0,017790;56,68;2,15;0,00;58,82;11;
014;010;202607;202607;1121200B;00; LENV;N;2466;3315,30;0,017790;58,98;2,23;0,00;61,21;11;
014;010;202607;202607;1121200H;00; LENV;N;2290;3174,60;0,017790;56,48;2,14;0,00;58,62;11;
014;010;202607;202607;1121200L;00; LENV;N;2410;3231,80;0,017790;57,49;2,18;0,00;59,67;11;
014;010;202607;202607;1121200N;00; LENV;N;2386;3063,20;0,017790;54,49;2,06;0,00;56,56;11;
014;010;202607;202606;11010026;00; LENV;R;1;0,50;0,017790;0,01;0,00;0,00;0,01;11;
014;010;202607;202606;1101002B;00; LENV;R;1;0,70;0,017790;0,01;0,00;0,00;0,01;11;
014;010;202607;202606;1101002D;00; LENV;R;103;104,90;0,017790;1,87;0,07;0,00;1,94;11;
014;010;202607;202606;1101002F;00; LENV;R;114;159,60;0,017790;2,84;0,11;0,00;2,95;11;
014;010;202607;202606;1101002H;00; LENV;R;98;94,90;0,017790;1,69;0,06;0,00;1,75;11;
014;010;202607;202606;1101002N;00; LENV;R;101;106,00;0,017790;1,89;0,07;0,00;1,96;11;
014;010;202607;202606;1101002P;00; LENV;R;105;115,90;0,017790;2,06;0,08;0,00;2,14;11;
014;010;202607;202606;1101002Q;00; LENV;R;119;122,60;0,017790;2,18;0,08;0,00;2,26;11;
014;010;202607;202607;11010026;00; LENV;R;3189;5089,60;0,017790;90,54;3,43;0,00;93,97;11;
014;010;202607;202607;11010028;00; LENV;R;3107;4547,10;0,017790;80,89;3,06;0,00;83,96;11;
014;010;202607;202607;1101002B;00; LENV;R;3084;4373,20;0,017790;77,80;2,95;0,00;80,75;11;
014;010;202607;202607;1101002D;00; LENV;R;384144;1380497,40;0,017790;24559,05;930,36;0,00;25489,41;11;
014;010;202607;202607;1101002F;00; LENV;R;388680;1370891,50;0,017790;24388,16;923,89;0,00;25312,05;11;
014;010;202607;202607;1101002H;00; LENV;R;388752;1386092,30;0,017790;24658,58;934,13;0,00;25592,72;11;
014;010;202607;202607;1101002N;00; LENV;R;371450;1365520,90;0,017790;24292,62;920,27;0,00;25212,89;11;
014;010;202607;202607;1101002P;00; LENV;R;375167;1374605,90;0,017790;24454,24;926,39;0,00;25380,63;11;
014;010;202607;202607;1101002Q;00; LENV;R;375813;1375976,10;0,017790;24478,61;927,32;0,00;25405,93;11;
014;010;202607;202607;110110KL;00; LENV;R;3;34,20;0,017790;0,61;0,02;0,00;0,63;11;
014;010;202607;202607;110110KR;00; LENV;R;3;6,70;0,017790;0,12;0,00;0,00;0,12;11;
014;010;202607;202607;110110KY;00; LENV;R;6;3,00;0,017790;0,05;0,00;0,00;0,06;11;
014;010;202607;202607;110110L4;00; LENV;R;7;7,30;0,017790;0,13;0,00;0,00;0,13;11;
014;010;202607;202607;110110LA;00; LENV;R;2;1,00;0,017790;0,02;0,00;0,00;0,02;11;
014;010;202607;202607;110110LG;00; LENV;R;6;7,10;0,017790;0,13;0,00;0,00;0,13;11;
014;010;202607;202607;11143002;00; LENV;R;1;0,50;0,017790;0,01;0,00;0,00;0,01;11;
014;010;202607;202607;11143004;00; LENV;R;1;0,50;0,017790;0,01;0,00;0,00;0,01;11;
014;010;202607;202607;11143006;00; LENV;R;1;1,30;0,017790;0,02;0,00;0,00;0,02;11;
014;010;202607;202607;11212002;00; LENV;R;8;10,50;0,017790;0,19;0,01;0,00;0,19;11;
014;010;202607;202607;11212004;00; LENV;R;5;8,00;0,017790;0,14;0,01;0,00;0,15;11;
014;010;202607;202607;11212006;00; LENV;R;7;9,60;0,017790;0,17;0,01;0,00;0,18;11;
014;010;202607;202607;11212008;00; LENV;R;73;87,10;0,017790;1,55;0,06;0,00;1,61;11;
014;010;202607;202607;1121200A;00; LENV;R;65;61,10;0,017790;1,09;0,04;0,00;1,13;11;
014;010;202607;202607;1121200B;00; LENV;R;78;85,30;0,017790;1,52;0,06;0,00;1,57;11;
014;010;202607;202607;1121200H;00; LENV;R;63;45,80;0,017790;0,81;0,03;0,00;0,85;11;
014;010;202607;202607;1121200L;00; LENV;R;63;64,80;0,017790;1,15;0,04;0,00;1,20;11;
014;010;202607;202607;1121200N;00; LENV;R;55;70,50;0,017790;1,25;0,05;0,00;1,30;11;
014;010;202607;202607;11010027;00; LSAV;N;515;935,10;0,017790;16,64;0,63;0,00;17,27;11;
014;010;202607;202607;11010029;00; LSAV;N;517;1082,00;0,017790;19,25;0,73;0,00;19,98;11;
014;010;202607;202607;1101002A;00; LSAV;N;539;1036,30;0,017790;18,44;0,70;0,00;19,13;11;
014;010;202607;202607;1101002C;00; LSAV;N;732;1394,50;0,017790;24,81;0,94;0,00;25,75;11;
014;010;202607;202607;1101002E;00; LSAV;N;762;1560,40;0,017790;27,76;1,05;0,00;28,81;11;
014;010;202607;202607;1101002G;00; LSAV;N;763;1888,60;0,017790;33,60;1,27;0,00;34,87;11;
014;010;202607;202607;1101002J;00; LSAV;N;509;983,60;0,017790;17,50;0,66;0,00;18,16;11;
014;010;202607;202607;1101002K;00; LSAV;N;528;987,50;0,017790;17,57;0,67;0,00;18,23;11;
014;010;202607;202607;1101002M;00; LSAV;N;530;1242,20;0,017790;22,10;0,84;0,00;22,94;11;
014;010;202607;202607;1101002O;00; LSAV;N;549;1275,00;0,017790;22,68;0,86;0,00;23,54;11;
014;010;202607;202607;1101002R;00; LSAV;N;545;1248,70;0,017790;22,21;0,84;0,00;23,06;11;
014;010;202607;202607;1101002S;00; LSAV;N;720;1657,40;0,017790;29,49;1,12;0,00;30,60;11;
014;010;202607;202607;11212009;00; LSAV;N;1;0,50;0,017790;0,01;0,00;0,00;0,01;11;
014;010;202607;202607;11010027;00; LSAV;R;136;267,10;0,017790;4,75;0,18;0,00;4,93;11;
014;010;202607;202607;11010029;00; LSAV;R;159;722,40;0,017790;12,85;0,49;0,00;13,34;11;
014;010;202607;202607;1101002A;00; LSAV;R;155;504,60;0,017790;8,98;0,34;0,00;9,32;11;
014;010;202607;202607;1101002C;00; LSAV;R;208;345,00;0,017790;6,14;0,23;0,00;6,37;11;
014;010;202607;202607;1101002E;00; LSAV;R;211;543,80;0,017790;9,67;0,37;0,00;10,04;11;
014;010;202607;202607;1101002G;00; LSAV;R;186;288,60;0,017790;5,13;0,19;0,00;5,33;11;
014;010;202607;202607;1101002J;00; LSAV;R;157;249,90;0,017790;4,45;0,17;0,00;4,61;11;
014;010;202607;202607;1101002K;00; LSAV;R;135;207,80;0,017790;3,70;0,14;0,00;3,84;11;
014;010;202607;202607;1101002M;00; LSAV;R;160;1002,30;0,017790;17,83;0,68;0,00;18,51;11;
014;010;202607;202607;1101002O;00; LSAV;R;157;638,10;0,017790;11,35;0,43;0,00;11,78;11;
014;010;202607;202607;1101002R;00; LSAV;R;159;355,90;0,017790;6,33;0,24;0,00;6,57;11;
014;010;202607;202607;1101002S;00; LSAV;R;209;404,90;0,017790;7,20;0,27;0,00;7,48;11;
;;;;;01;;;17468939;46709495,80;;830961,94;31479,07;0,00;862441,06;;
017;010;202607;202606;1201000H;00; LENV;N;594;298,60;0,017790;5,31;0,20;0,00;5,51;12;
017;010;202607;202607;1200101O;00; LENV;N;169;127,60;0,017790;2,27;0,09;0,00;2,36;12;
017;010;202607;202607;12001026;00; LENV;N;267;238,10;0,017790;4,24;0,16;0,00;4,40;12;
017;010;202607;202607;12001028;00; LENV;N;260;192,40;0,017790;3,42;0,13;0,00;3,55;12;
017;010;202607;202607;1200102A;00; LENV;N;251;218,40;0,017790;3,89;0,15;0,00;4,03;12;
017;010;202607;202607;1200102C;00; LENV;N;270;223,00;0,017790;3,97;0,15;0,00;4,12;12;
017;010;202607;202607;12010008;00; LENV;N;72;45403,40;0,017790;807,73;30,60;0,00;838,33;12;
017;010;202607;202607;12010009;00; LENV;N;26931;19447,90;0,017790;345,98;13,11;0,00;359,08;12;
017;010;202607;202607;1201000B;00; LENV;N;26889;19352,80;0,017790;344,29;13,04;0,00;357,33;12;
017;010;202607;202607;1201000D;00; LENV;N;26971;19279,30;0,017790;342,98;12,99;0,00;355,97;12;
017;010;202607;202607;1201000H;00; LENV;N;330308;793056,40;0,017790;14108,47;534,47;0,00;14642,94;12;
017;010;202607;202607;1201000J;00; LENV;N;325084;786938,20;0,017790;13999,63;530,34;0,00;14529,97;12;
017;010;202607;202607;1201000L;00; LENV;N;322372;792252,40;0,017790;14094,17;533,93;0,00;14628,10;12;
017;010;202607;202607;1201000N;00; LENV;N;325147;788959,70;0,017790;14035,59;531,71;0,00;14567,30;12;
017;010;202607;202607;13001024;00; LENV;N;58;37,60;0,017790;0,67;0,03;0,00;0,69;13;
017;010;202607;202607;13001028;00; LENV;N;94;69,70;0,017790;1,24;0,05;0,00;1,29;13;
017;010;202607;202607;1300102A;00; LENV;N;116;90,70;0,017790;1,61;0,06;0,00;1,67;13;
017;010;202607;202607;1300102B;00; LENV;N;95;76,40;0,017790;1,36;0,05;0,00;1,41;13;
017;010;202607;202607;1300102D;00; LENV;N;108;70,10;0,017790;1,25;0,05;0,00;1,29;13;
017;010;202607;202607;13010007;00; LENV;N;5615;4764,50;0,017790;84,76;3,21;0,00;87,97;13;
017;010;202607;202607;13010009;00; LENV;N;1306;1267,60;0,017790;22,55;0,85;0,00;23,40;13;
017;010;202607;202607;1301000B;00; LENV;N;5680;4895,40;0,017790;87,09;3,30;0,00;90,39;13;
017;010;202607;202607;1301000H;00; LENV;N;233017;526563,30;0,017790;9367,56;354,87;0,00;9722,43;13;
017;010;202607;202607;1301000J;00; LENV;N;238617;531181,90;0,017790;9449,73;357,98;0,00;9807,71;13;
017;010;202607;202607;1301000L;00; LENV;N;238132;533311,80;0,017790;9487,62;359,42;0,00;9847,03;13;
017;010;202607;202607;1301000M;00; LENV;N;238437;534550,20;0,017790;9509,65;360,25;0,00;9869,90;13;
017;010;202607;202607;1301102F;00; LENV;N;3;2,90;0,017790;0,05;0,00;0,00;0,05;13;
017;010;202607;202607;1301102H;00; LENV;N;9;19,90;0,017790;0,35;0,01;0,00;0,37;13;
017;010;202607;202607;1301102J;00; LENV;N;5;5,90;0,017790;0,10;0,00;0,00;0,11;13;
017;010;202607;202606;1401000L;00; LENV;N;770;402,60;0,017790;7,16;0,27;0,00;7,43;14;
017;010;202607;202606;1401000M;00; LENV;N;757;396,70;0,017790;7,06;0,27;0,00;7,32;14;
017;010;202607;202606;1401000Q;00; LENV;N;785;398,10;0,017790;7,08;0,27;0,00;7,35;14;
017;010;202607;202606;1401000R;00; LENV;N;786;398,60;0,017790;7,09;0,27;0,00;7,36;14;
017;010;202607;202607;14001013;00; LENV;N;119;129,60;0,017790;2,31;0,09;0,00;2,39;14;
017;010;202607;202607;1400101E;00; LENV;N;176;194,00;0,017790;3,45;0,13;0,00;3,58;14;
017;010;202607;202607;1400101G;00; LENV;N;133;143,80;0,017790;2,56;0,10;0,00;2,66;14;
017;010;202607;202607;1400101I;00; LENV;N;148;140,30;0,017790;2,50;0,09;0,00;2,59;14;
017;010;202607;202607;1400101J;00; LENV;N;175;204,70;0,017790;3,64;0,14;0,00;3,78;14;
017;010;202607;202607;1401000L;00; LENV;N;616618;1485003,30;0,017790;26418,21;1000,79;0,00;27419,00;14;
017;010;202607;202607;1401000M;00; LENV;N;597463;1449792,80;0,017790;25791,81;977,06;0,00;26768,88;14;
017;010;202607;202607;1401000Q;00; LENV;N;604570;1483878,80;0,017790;26398,20;1000,04;0,00;27398,24;14;
017;010;202607;202607;1401000R;00; LENV;N;630027;1472982,50;0,017790;26204,36;992,69;0,00;27197,05;14;
017;010;202607;202607;1401102B;00; LENV;N;1;1,70;0,017790;0,03;0,00;0,00;0,03;14;
017;010;202607;202606;1501000N;00; LENV;N;1895;1945,50;0,017790;34,61;1,31;0,00;35,92;15;
017;010;202607;202606;1501000P;00; LENV;N;1888;2063,50;0,017790;36,71;1,39;0,00;38,10;15;
017;010;202607;202606;1501000R;00; LENV;N;1926;1851,60;0,017790;32,94;1,25;0,00;34,19;15;
017;010;202607;202606;1501000S;00; LENV;N;1872;1853,90;0,017790;32,98;1,25;0,00;34,23;15;
017;010;202607;202606;1501000V;00; LENV;N;599;317,60;0,017790;5,65;0,21;0,00;5,86;15;
017;010;202607;202606;1501000Y;00; LENV;N;626;327,30;0,017790;5,82;0,22;0,00;6,04;15;
017;010;202607;202606;1501000Z;00; LENV;N;614;325,70;0,017790;5,79;0,22;0,00;6,01;15;
017;010;202607;202606;15010010;00; LENV;N;658;333,70;0,017790;5,94;0,22;0,00;6,16;15;
017;010;202607;202607;15001012;00; LENV;N;38;43,30;0,017790;0,77;0,03;0,00;0,80;15;
017;010;202607;202607;1500101J;00; LENV;N;207;273,40;0,017790;4,86;0,18;0,00;5,05;15;
017;010;202607;202607;1500101L;00; LENV;N;179;250,40;0,017790;4,45;0,17;0,00;4,62;15;
017;010;202607;202607;1500101M;00; LENV;N;204;333,10;0,017790;5,93;0,22;0,00;6,15;15;
017;010;202607;202607;1500101O;00; LENV;N;237;282,50;0,017790;5,03;0,19;0,00;5,22;15;
017;010;202607;202607;1501000N;00; LENV;N;163961;245512,20;0,017790;4367,66;165,46;0,00;4533,12;15;
017;010;202607;202607;1501000P;00; LENV;N;162136;243585,40;0,017790;4333,38;164,16;0,00;4497,54;15;
017;010;202607;202607;1501000R;00; LENV;N;167966;244525,90;0,017790;4350,12;164,79;0,00;4514,91;15;
017;010;202607;202607;1501000S;00; LENV;N;162930;242401,80;0,017790;4312,33;163,36;0,00;4475,69;15;
017;010;202607;202607;1501000V;00; LENV;N;279391;693539,20;0,017790;12338,06;467,40;0,00;12805,46;15;
017;010;202607;202607;1501000Y;00; LENV;N;296287;703115,70;0,017790;12508,43;473,85;0,00;12982,28;15;
017;010;202607;202607;1501000Z;00; LENV;N;289398;701837,40;0,017790;12485,69;472,99;0,00;12958,68;15;
017;010;202607;202607;15010010;00; LENV;N;281030;695039,30;0,017790;12364,75;468,41;0,00;12833,16;15;
017;010;202607;202607;1501101G;00; LENV;N;12317;28715,20;0,017790;510,84;19,35;0,00;530,20;15;
017;010;202607;202607;1501101K;00; LENV;N;12567;28315,20;0,017790;503,73;19,08;0,00;522,81;15;
017;010;202607;202607;1501101Q;00; LENV;N;13001;28447,70;0,017790;506,08;19,17;0,00;525,26;15;
017;010;202607;202607;1501101U;00; LENV;N;12327;28335,50;0,017790;504,09;19,10;0,00;523,18;15;
017;010;202607;202607;1501101X;00; LENV;N;12421;28811,50;0,017790;512,56;19,42;0,00;531,97;15;
017;010;202607;202607;1501101Y;00; LENV;N;12180;28153,70;0,017790;500,85;18,97;0,00;519,83;15;
017;010;202607;202607;15011020;00; LENV;N;12897;27874,30;0,017790;495,88;18,79;0,00;514,67;15;
017;010;202607;202607;1501102C;00; LENV;N;11998;28505,60;0,017790;507,11;19,21;0,00;526,33;15;
017;010;202607;202606;16010018;00; LENV;N;370;196,90;0,017790;3,50;0,13;0,00;3,64;16;
017;010;202607;202606;1601001A;00; LENV;N;339;179,50;0,017790;3,19;0,12;0,00;3,31;16;
017;010;202607;202606;1601001B;00; LENV;N;289;162,90;0,017790;2,90;0,11;0,00;3,01;16;
017;010;202607;202606;1601001D;00; LENV;N;350;179,90;0,017790;3,20;0,12;0,00;3,32;16;
017;010;202607;202607;1600101Z;00; LENV;N;20;29,50;0,017790;0,52;0,02;0,00;0,54;16;
017;010;202607;202607;16001029;00; LENV;N;261;322,30;0,017790;5,73;0,22;0,00;5,95;16;
017;010;202607;202607;1600102B;00; LENV;N;252;316,80;0,017790;5,64;0,21;0,00;5,85;16;
017;010;202607;202607;1600102D;00; LENV;N;233;257,50;0,017790;4,58;0,17;0,00;4,75;16;
017;010;202607;202607;1600102F;00; LENV;N;204;198,30;0,017790;3,53;0,13;0,00;3,66;16;
017;010;202607;202607;16010016;00; LENV;N;43;22680,00;0,017790;403,48;15,28;0,00;418,76;16;
017;010;202607;202607;16010018;00; LENV;N;648195;1435784,90;0,017790;25542,61;967,62;0,00;26510,24;16;
017;010;202607;202607;1601001A;00; LENV;N;609351;1368157,50;0,017790;24339,52;922,05;0,00;25261,57;16;
017;010;202607;202607;1601001B;00; LENV;N;662198;1434966,80;0,017790;25528,06;967,07;0,00;26495,13;16;
017;010;202607;202607;1601001D;00; LENV;N;633216;1432123,00;0,017790;25477,47;965,16;0,00;26442,62;16;
017;010;202607;202607;1601101K;00; LENV;N;23;14,60;0,017790;0,26;0,01;0,00;0,27;16;
017;010;202607;202607;1601101O;00; LENV;N;21;15,20;0,017790;0,27;0,01;0,00;0,28;16;
017;010;202607;202607;1601101S;00; LENV;N;17;9,70;0,017790;0,17;0,01;0,00;0,18;16;
017;010;202607;202607;1601101X;00; LENV;N;15;13,00;0,017790;0,23;0,01;0,00;0,24;16;
017;010;202607;202607;16011022;00; LENV;N;17;10,90;0,017790;0,19;0,01;0,00;0,20;16;
017;010;202607;202607;16011024;00; LENV;N;18;16,40;0,017790;0,29;0,01;0,00;0,30;16;
017;010;202607;202607;16011026;00; LENV;N;22;20,20;0,017790;0,36;0,01;0,00;0,37;16;
017;010;202607;202607;16011027;00; LENV;N;14;15,80;0,017790;0,28;0,01;0,00;0,29;16;
017;010;202607;202606;1701000X;00; LENV;N;787;561,80;0,017790;9,99;0,38;0,00;10,37;17;
017;010;202607;202606;1701000Z;00; LENV;N;760;479,70;0,017790;8,53;0,32;0,00;8,86;17;
017;010;202607;202606;17010010;00; LENV;N;822;546,70;0,017790;9,73;0,37;0,00;10,09;17;
017;010;202607;202606;17010011;00; LENV;N;803;611,50;0,017790;10,88;0,41;0,00;11,29;17;
017;010;202607;202607;1700101V;00; LENV;N;18;17,70;0,017790;0,31;0,01;0,00;0,33;17;
017;010;202607;202607;1700102A;00; LENV;N;83;105,00;0,017790;1,87;0,07;0,00;1,94;17;
017;010;202607;202607;1700102C;00; LENV;N;74;79,10;0,017790;1,41;0,05;0,00;1,46;17;
017;010;202607;202607;1700102E;00; LENV;N;85;110,00;0,017790;1,96;0,07;0,00;2,03;17;
017;010;202607;202607;1700102G;00; LENV;N;72;89,30;0,017790;1,59;0,06;0,00;1,65;17;
017;010;202607;202607;1701000G;00; LENV;N;105;45458,50;0,017790;808,71;30,64;0,00;839,34;17;
017;010;202607;202607;1701000P;00; LENV;N;606;445,70;0,017790;7,93;0,30;0,00;8,23;17;
017;010;202607;202607;1701000R;00; LENV;N;587;373,50;0,017790;6,64;0,25;0,00;6,90;17;
017;010;202607;202607;1701000T;00; LENV;N;560;336,80;0,017790;5,99;0,23;0,00;6,22;17;
017;010;202607;202607;1701000U;00; LENV;N;610;421,60;0,017790;7,50;0,28;0,00;7,78;17;
017;010;202607;202607;1701000X;00; LENV;N;640161;1245650,60;0,017790;22160,12;839,49;0,00;22999,61;17;
017;010;202607;202607;1701000Z;00; LENV;N;626102;1236769,30;0,017790;22002,13;833,50;0,00;22835,63;17;
017;010;202607;202607;17010010;00; LENV;N;648407;1231298,80;0,017790;21904,81;829,81;0,00;22734,62;17;
017;010;202607;202607;17010011;00; LENV;N;624216;1228103,30;0,017790;21847,96;827,66;0,00;22675,62;17;
017;010;202607;202606;1801000V;00; LENV;N;1253;6452,40;0,017790;114,79;4,35;0,00;119,14;18;
017;010;202607;202606;1801000X;00; LENV;N;1218;930,10;0,017790;16,55;0,63;0,00;17,17;18;
017;010;202607;202606;18010010;00; LENV;N;1259;997,40;0,017790;17,74;0,67;0,00;18,42;18;
017;010;202607;202606;18010012;00; LENV;N;1247;1238,00;0,017790;22,02;0,83;0,00;22,86;18;
017;010;202607;202607;18001042;00; LENV;N;117;97,90;0,017790;1,74;0,07;0,00;1,81;18;
017;010;202607;202607;18001047;00; LENV;N;42;48,80;0,017790;0,87;0,03;0,00;0,90;18;
017;010;202607;202607;18001048;00; LENV;N;56;53,90;0,017790;0,96;0,04;0,00;1,00;18;
017;010;202607;202607;1800104B;00; LENV;N;60;71,50;0,017790;1,27;0,05;0,00;1,32;18;
017;010;202607;202607;1800104D;00; LENV;N;61;59,80;0,017790;1,06;0,04;0,00;1,10;18;
017;010;202607;202607;1800104F;00; LENV;N;62;69,60;0,017790;1,24;0,05;0,00;1,29;18;
017;010;202607;202607;1801000V;00; LENV;N;386039;810079,20;0,017790;14411,31;545,94;0,00;14957,25;18;
017;010;202607;202607;1801000X;00; LENV;N;399455;806423,70;0,017790;14346,28;543,48;0,00;14889,75;18;
017;010;202607;202607;18010010;00; LENV;N;384333;802662,80;0,017790;14279,37;540,94;0,00;14820,31;18;
017;010;202607;202607;18010012;00; LENV;N;393711;812353,80;0,017790;14451,77;547,47;0,00;14999,25;18;
017;010;202607;202607;18011026;00; LENV;N;2;1,00;0,017790;0,02;0,00;0,00;0,02;18;
017;010;202607;202607;1801102B;00; LENV;N;1;3,00;0,017790;0,05;0,00;0,00;0,06;18;
017;010;202607;202607;1801102H;00; LENV;N;1;37,80;0,017790;0,67;0,03;0,00;0,70;18;
017;010;202607;202607;1801102L;00; LENV;N;3;59,00;0,017790;1,05;0,04;0,00;1,09;18;
017;010;202607;202607;1801102M;00; LENV;N;1;1,10;0,017790;0,02;0,00;0,00;0,02;18;
017;010;202607;202607;1801102N;00; LENV;N;1;0,50;0,017790;0,01;0,00;0,00;0,01;18;
017;010;202607;202607;18011031;00; LENV;N;3;2,30;0,017790;0,04;0,00;0,00;0,04;18;
017;010;202607;202607;18011032;00; LENV;N;1;0,80;0,017790;0,01;0,00;0,00;0,01;18;
017;010;202607;202606;19010011;00; LENV;N;1682;1115,70;0,017790;19,85;0,75;0,00;20,60;19;
017;010;202607;202606;19010014;00; LENV;N;1668;1028,50;0,017790;18,30;0,69;0,00;18,99;19;
017;010;202607;202606;19010015;00; LENV;N;1714;1093,70;0,017790;19,46;0,74;0,00;20,19;19;
017;010;202607;202606;19010017;00; LENV;N;1721;1090,40;0,017790;19,40;0,73;0,00;20,13;19;
017;010;202607;202607;1900102A;00; LENV;N;215;170,60;0,017790;3,03;0,11;0,00;3,15;19;
017;010;202607;202607;1900102C;00; LENV;N;170;143,60;0,017790;2,55;0,10;0,00;2,65;19;
017;010;202607;202607;1900102O;00; LENV;N;555;460,10;0,017790;8,19;0,31;0,00;8,50;19;
017;010;202607;202607;1900102P;00; LENV;N;490;439,40;0,017790;7,82;0,30;0,00;8,11;19;
017;010;202607;202607;1900102R;00; LENV;N;538;484,40;0,017790;8,62;0,33;0,00;8,94;19;
017;010;202607;202607;1900102T;00; LENV;N;468;394,50;0,017790;7,02;0,27;0,00;7,28;19;
017;010;202607;202607;1901000H;00; LENV;N;0;2801,20;0,017790;49,83;1,89;0,00;51,72;19;
017;010;202607;202607;19010011;00; LENV;N;913726;2120049,40;0,017790;37715,68;1428,77;0,00;39144,45;19;
017;010;202607;202607;19010014;00; LENV;N;918678;2141634,20;0,017790;38099,67;1443,32;0,00;39542,99;19;
017;010;202607;202607;19010015;00; LENV;N;939457;2143628,70;0,017790;38135,15;1444,66;0,00;39579,82;19;
017;010;202607;202607;19010017;00; LENV;N;961827;2137865,30;0,017790;38032,62;1440,78;0,00;39473,40;19;
017;010;202607;202607;19011051;00; LENV;N;149;87,10;0,017790;1,55;0,06;0,00;1,61;19;
017;010;202607;202607;19011053;00; LENV;N;144;80,40;0,017790;1,43;0,05;0,00;1,48;19;
017;010;202607;202607;19011055;00; LENV;N;140;81,50;0,017790;1,45;0,05;0,00;1,50;19;
017;010;202607;202607;19011056;00; LENV;N;168;98,20;0,017790;1,75;0,07;0,00;1,81;19;
017;010;202607;202607;19011059;00; LENV;N;140;93,30;0,017790;1,66;0,06;0,00;1,72;19;
017;010;202607;202607;1901105B;00; LENV;N;151;89,00;0,017790;1,58;0,06;0,00;1,64;19;
017;010;202607;202607;1901105C;00; LENV;N;141;78,80;0,017790;1,40;0,05;0,00;1,45;19;
017;010;202607;202607;1901105E;00; LENV;N;165;97,30;0,017790;1,73;0,07;0,00;1,80;19;
017;010;202607;202607;1200101O;00; LENV;R;10;17,60;0,017790;0,31;0,01;0,00;0,32;12;
017;010;202607;202607;12001026;00; LENV;R;14;12,50;0,017790;0,22;0,01;0,00;0,23;12;
017;010;202607;202607;12001028;00; LENV;R;27;17,80;0,017790;0,32;0,01;0,00;0,33;12;
017;010;202607;202607;1200102A;00; LENV;R;14;8,90;0,017790;0,16;0,01;0,00;0,16;12;
017;010;202607;202607;1200102C;00; LENV;R;14;14,60;0,017790;0,26;0,01;0,00;0,27;12;
017;010;202607;202607;12010008;00; LENV;R;103;44116,60;0,017790;784,83;29,73;0,00;814,57;12;
017;010;202607;202607;12010009;00; LENV;R;1867;1170,80;0,017790;20,83;0,79;0,00;21,62;12;
017;010;202607;202607;1201000B;00; LENV;R;1837;1213,50;0,017790;21,59;0,82;0,00;22,41;12;
017;010;202607;202607;1201000D;00; LENV;R;1882;1239,00;0,017790;22,04;0,84;0,00;22,88;12;
017;010;202607;202607;1201000H;00; LENV;R;56031;187641,90;0,017790;3338,15;126,46;0,00;3464,61;12;
017;010;202607;202607;1201000J;00; LENV;R;55939;185386,10;0,017790;3298,02;124,94;0,00;3422,96;12;
017;010;202607;202607;1201000L;00; LENV;R;54927;184416,10;0,017790;3280,76;124,28;0,00;3405,05;12;
017;010;202607;202607;1201000N;00; LENV;R;55738;187655,30;0,017790;3338,39;126,47;0,00;3464,85;12;
017;010;202607;202607;13001024;00; LENV;R;3;2,20;0,017790;0,04;0,00;0,00;0,04;13;
017;010;202607;202607;13001028;00; LENV;R;5;3,50;0,017790;0,06;0,00;0,00;0,06;13;
017;010;202607;202607;1300102A;00; LENV;R;1;0,50;0,017790;0,01;0,00;0,00;0,01;13;
017;010;202607;202607;1300102B;00; LENV;R;6;3,00;0,017790;0,05;0,00;0,00;0,06;13;
017;010;202607;202607;1300102D;00; LENV;R;4;2,80;0,017790;0,05;0,00;0,00;0,05;13;
017;010;202607;202607;13010007;00; LENV;R;175;737,70;0,017790;13,12;0,50;0,00;13,62;13;
017;010;202607;202607;13010009;00; LENV;R;34;63,80;0,017790;1,14;0,04;0,00;1,18;13;
017;010;202607;202607;1301000B;00; LENV;R;152;354,40;0,017790;6,30;0,24;0,00;6,54;13;
017;010;202607;202607;1301000H;00; LENV;R;45472;141280,60;0,017790;2513,38;95,21;0,00;2608,60;13;
017;010;202607;202607;1301000J;00; LENV;R;46605;141608,00;0,017790;2519,21;95,43;0,00;2614,64;13;
017;010;202607;202607;1301000L;00; LENV;R;46869;146551,80;0,017790;2607,16;98,77;0,00;2705,92;13;
017;010;202607;202607;1301000M;00; LENV;R;46398;142436,20;0,017790;2533,94;95,99;0,00;2629,93;13;
017;010;202607;202607;1301102F;00; LENV;R;1;0,50;0,017790;0,01;0,00;0,00;0,01;13;
017;010;202607;202607;1301102H;00; LENV;R;1;2,60;0,017790;0,05;0,00;0,00;0,05;13;
017;010;202607;202606;1401000L;00; LENV;R;2;1,00;0,017790;0,02;0,00;0,00;0,02;14;
017;010;202607;202606;1401000M;00; LENV;R;2;1,00;0,017790;0,02;0,00;0,00;0,02;14;
017;010;202607;202606;1401000Q;00; LENV;R;2;1,00;0,017790;0,02;0,00;0,00;0,02;14;
017;010;202607;202606;1401000R;00; LENV;R;1;0,50;0,017790;0,01;0,00;0,00;0,01;14;
017;010;202607;202607;14001013;00; LENV;R;18;13,20;0,017790;0,23;0,01;0,00;0,24;14;
017;010;202607;202607;1400101E;00; LENV;R;22;17,80;0,017790;0,32;0,01;0,00;0,33;14;
017;010;202607;202607;1400101G;00; LENV;R;13;8,10;0,017790;0,14;0,01;0,00;0,15;14;
017;010;202607;202607;1400101I;00; LENV;R;17;17,40;0,017790;0,31;0,01;0,00;0,32;14;
017;010;202607;202607;1400101J;00; LENV;R;17;11,30;0,017790;0,20;0,01;0,00;0,21;14;
017;010;202607;202607;1401000L;00; LENV;R;96098;314513,10;0,017790;5595,19;211,96;0,00;5807,15;14;
017;010;202607;202607;1401000M;00; LENV;R;93225;312769,90;0,017790;5564,18;210,79;0,00;5774,96;14;
017;010;202607;202607;1401000Q;00; LENV;R;92997;318043,20;0,017790;5657,99;214,34;0,00;5872,33;14;
017;010;202607;202607;1401000R;00; LENV;R;98987;313166,70;0,017790;5571,24;211,05;0,00;5782,29;14;
017;010;202607;202606;1501000N;00; LENV;R;59;52,90;0,017790;0,94;0,04;0,00;0,98;15;
017;010;202607;202606;1501000P;00; LENV;R;70;105,00;0,017790;1,87;0,07;0,00;1,94;15;
017;010;202607;202606;1501000R;00; LENV;R;68;130,70;0,017790;2,33;0,09;0,00;2,41;15;
017;010;202607;202606;1501000S;00; LENV;R;64;85,30;0,017790;1,52;0,06;0,00;1,57;15;
017;010;202607;202606;1501000V;00; LENV;R;1;0,70;0,017790;0,01;0,00;0,00;0,01;15;
017;010;202607;202606;1501000Y;00; LENV;R;1;0,50;0,017790;0,01;0,00;0,00;0,01;15;
017;010;202607;202606;1501000Z;00; LENV;R;2;2,00;0,017790;0,04;0,00;0,00;0,04;15;
017;010;202607;202607;15001012;00; LENV;R;1;0,50;0,017790;0,01;0,00;0,00;0,01;15;
017;010;202607;202607;1500101J;00; LENV;R;15;33,00;0,017790;0,59;0,02;0,00;0,61;15;
017;010;202607;202607;1500101L;00; LENV;R;16;31,20;0,017790;0,56;0,02;0,00;0,58;15;
017;010;202607;202607;1500101M;00; LENV;R;13;9,70;0,017790;0,17;0,01;0,00;0,18;15;
017;010;202607;202607;1500101O;00; LENV;R;10;46,80;0,017790;0,83;0,03;0,00;0,86;15;
017;010;202607;202607;1501000N;00; LENV;R;13425;49238,60;0,017790;875,95;33,18;0,00;909,14;15;
017;010;202607;202607;1501000P;00; LENV;R;13032;51103,60;0,017790;909,13;34,44;0,00;943,57;15;
017;010;202607;202607;1501000R;00; LENV;R;14029;49792,90;0,017790;885,82;33,56;0,00;919,37;15;
017;010;202607;202607;1501000S;00; LENV;R;13052;53600,80;0,017790;953,56;36,12;0,00;989,68;15;
017;010;202607;202607;1501000V;00; LENV;R;46746;159252,50;0,017790;2833,10;107,33;0,00;2940,43;15;
017;010;202607;202607;1501000Y;00; LENV;R;50246;159087,70;0,017790;2830,17;107,21;0,00;2937,38;15;
017;010;202607;202607;1501000Z;00; LENV;R;48737;153213,30;0,017790;2725,66;103,26;0,00;2828,92;15;
017;010;202607;202607;15010010;00; LENV;R;46501;156331,00;0,017790;2781,13;105,36;0,00;2886,49;15;
017;010;202607;202607;1501101G;00; LENV;R;1917;5554,60;0,017790;98,82;3,74;0,00;102,56;15;
017;010;202607;202607;1501101K;00; LENV;R;1947;6036,30;0,017790;107,39;4,07;0,00;111,45;15;
017;010;202607;202607;1501101Q;00; LENV;R;2009;5663,10;0,017790;100,75;3,82;0,00;104,56;15;
017;010;202607;202607;1501101U;00; LENV;R;1817;5427,10;0,017790;96,55;3,66;0,00;100,21;15;
017;010;202607;202607;1501101X;00; LENV;R;2034;5758,00;0,017790;102,43;3,88;0,00;106,32;15;
017;010;202607;202607;1501101Y;00; LENV;R;1862;4618,20;0,017790;82,16;3,11;0,00;85,27;15;
017;010;202607;202607;15011020;00; LENV;R;2036;6199,90;0,017790;110,30;4,18;0,00;114,47;15;
017;010;202607;202607;1501102C;00; LENV;R;1937;6250,20;0,017790;111,19;4,21;0,00;115,40;15;
017;010;202607;202606;16010018;00; LENV;R;3;1,80;0,017790;0,03;0,00;0,00;0,03;16;
017;010;202607;202606;1601001A;00; LENV;R;3;2,00;0,017790;0,04;0,00;0,00;0,04;16;
017;010;202607;202606;1601001B;00; LENV;R;2;1,10;0,017790;0,02;0,00;0,00;0,02;16;
017;010;202607;202606;1601001D;00; LENV;R;3;4,10;0,017790;0,07;0,00;0,00;0,08;16;
017;010;202607;202607;1600101Z;00; LENV;R;1;0,70;0,017790;0,01;0,00;0,00;0,01;16;
017;010;202607;202607;16001029;00; LENV;R;17;13,60;0,017790;0,24;0,01;0,00;0,25;16;
017;010;202607;202607;1600102B;00; LENV;R;20;10,80;0,017790;0,19;0,01;0,00;0,20;16;
017;010;202607;202607;1600102D;00; LENV;R;14;10,60;0,017790;0,19;0,01;0,00;0,20;16;
017;010;202607;202607;1600102F;00; LENV;R;14;13,30;0,017790;0,24;0,01;0,00;0,25;16;
017;010;202607;202607;16010016;00; LENV;R;42;21960,00;0,017790;390,67;14,80;0,00;405,47;16;
017;010;202607;202607;16010018;00; LENV;R;93250;303799,40;0,017790;5404,59;204,74;0,00;5609,33;16;
017;010;202607;202607;1601001A;00; LENV;R;88020;302408,90;0,017790;5379,85;203,80;0,00;5583,66;16;
017;010;202607;202607;1601001B;00; LENV;R;96588;309763,60;0,017790;5510,69;208,76;0,00;5719,45;16;
017;010;202607;202607;1601001D;00; LENV;R;90258;315723,60;0,017790;5616,72;212,78;0,00;5829,50;16;
017;010;202607;202607;1601101K;00; LENV;R;2;1,00;0,017790;0,02;0,00;0,00;0,02;16;
017;010;202607;202607;1601101S;00; LENV;R;1;0,50;0,017790;0,01;0,00;0,00;0,01;16;
017;010;202607;202607;1601101X;00; LENV;R;1;0,50;0,017790;0,01;0,00;0,00;0,01;16;
017;010;202607;202607;16011022;00; LENV;R;1;0,50;0,017790;0,01;0,00;0,00;0,01;16;
017;010;202607;202606;1701000X;00; LENV;R;16;28,30;0,017790;0,50;0,02;0,00;0,52;17;
017;010;202607;202606;1701000Z;00; LENV;R;19;28,90;0,017790;0,51;0,02;0,00;0,53;17;
017;010;202607;202606;17010010;00; LENV;R;13;12,90;0,017790;0,23;0,01;0,00;0,24;17;
017;010;202607;202606;17010011;00; LENV;R;18;28,80;0,017790;0,51;0,02;0,00;0,53;17;
017;010;202607;202607;1700101V;00; LENV;R;1;1,10;0,017790;0,02;0,00;0,00;0,02;17;
017;010;202607;202607;1700102A;00; LENV;R;5;3,20;0,017790;0,06;0,00;0,00;0,06;17;
017;010;202607;202607;1700102C;00; LENV;R;8;6,90;0,017790;0,12;0,00;0,00;0,13;17;
017;010;202607;202607;1700102E;00; LENV;R;3;2,70;0,017790;0,05;0,00;0,00;0,05;17;
017;010;202607;202607;1700102G;00; LENV;R;4;2,80;0,017790;0,05;0,00;0,00;0,05;17;
017;010;202607;202607;1701000G;00; LENV;R;86;43468,90;0,017790;773,31;29,30;0,00;802,61;17;
017;010;202607;202607;1701000P;00; LENV;R;11;74,50;0,017790;1,33;0,05;0,00;1,38;17;
017;010;202607;202607;1701000R;00; LENV;R;11;27,50;0,017790;0,49;0,02;0,00;0,51;17;
017;010;202607;202607;1701000T;00; LENV;R;12;12,60;0,017790;0,22;0,01;0,00;0,23;17;
017;010;202607;202607;1701000U;00; LENV;R;10;7,60;0,017790;0,14;0,01;0,00;0,14;17;
017;010;202607;202607;1701000X;00; LENV;R;75707;234899,20;0,017790;4178,86;158,31;0,00;4337,16;17;
017;010;202607;202607;1701000Z;00; LENV;R;73363;235817,00;0,017790;4195,18;158,92;0,00;4354,11;17;
017;010;202607;202607;17010010;00; LENV;R;77852;241085,40;0,017790;4288,91;162,48;0,00;4451,38;17;
017;010;202607;202607;17010011;00; LENV;R;73299;232799,20;0,017790;4141,50;156,89;0,00;4298,39;17;
017;010;202607;202606;1801000V;00; LENV;R;45;6206,80;0,017790;110,42;4,18;0,00;114,60;18;
017;010;202607;202606;1801000X;00; LENV;R;30;24,90;0,017790;0,44;0,02;0,00;0,46;18;
017;010;202607;202606;18010010;00; LENV;R;30;69,20;0,017790;1,23;0,05;0,00;1,28;18;
017;010;202607;202606;18010012;00; LENV;R;35;100,30;0,017790;1,78;0,07;0,00;1,85;18;
017;010;202607;202607;18001042;00; LENV;R;10;5,60;0,017790;0,10;0,00;0,00;0,10;18;
017;010;202607;202607;18001047;00; LENV;R;10;11,10;0,017790;0,20;0,01;0,00;0,20;18;
017;010;202607;202607;18001048;00; LENV;R;11;13,00;0,017790;0,23;0,01;0,00;0,24;18;
017;010;202607;202607;1800104B;00; LENV;R;18;23,00;0,017790;0,41;0,02;0,00;0,42;18;
017;010;202607;202607;1800104D;00; LENV;R;14;20,20;0,017790;0,36;0,01;0,00;0,37;18;
017;010;202607;202607;1800104F;00; LENV;R;15;13,10;0,017790;0,23;0,01;0,00;0,24;18;
017;010;202607;202607;1801000V;00; LENV;R;49612;176201,00;0,017790;3134,62;118,75;0,00;3253,36;18;
017;010;202607;202607;1801000X;00; LENV;R;52736;173247,00;0,017790;3082,06;116,76;0,00;3198,82;18;
017;010;202607;202607;18010010;00; LENV;R;49672;170587,20;0,017790;3034,75;114,96;0,00;3149,71;18;
017;010;202607;202607;18010012;00; LENV;R;51457;173878,30;0,017790;3093,29;117,18;0,00;3210,48;18;
017;010;202607;202607;18011031;00; LENV;R;1;0,50;0,017790;0,01;0,00;0,00;0,01;18;
017;010;202607;202606;19010011;00; LENV;R;44;38,70;0,017790;0,69;0,03;0,00;0,71;19;
017;010;202607;202606;19010014;00; LENV;R;40;87,90;0,017790;1,56;0,06;0,00;1,62;19;
017;010;202607;202606;19010015;00; LENV;R;50;77,80;0,017790;1,38;0,05;0,00;1,44;19;
017;010;202607;202606;19010017;00; LENV;R;50;173,90;0,017790;3,09;0,12;0,00;3,21;19;
017;010;202607;202607;1900102A;00; LENV;R;8;4,70;0,017790;0,08;0,00;0,00;0,09;19;
017;010;202607;202607;1900102C;00; LENV;R;8;4,50;0,017790;0,08;0,00;0,00;0,08;19;
017;010;202607;202607;1900102O;00; LENV;R;30;23,40;0,017790;0,42;0,02;0,00;0,43;19;
017;010;202607;202607;1900102P;00; LENV;R;19;11,50;0,017790;0,20;0,01;0,00;0,21;19;
017;010;202607;202607;1900102R;00; LENV;R;17;11,40;0,017790;0,20;0,01;0,00;0,21;19;
017;010;202607;202607;1900102T;00; LENV;R;24;20,00;0,017790;0,36;0,01;0,00;0,37;19;
017;010;202607;202607;1901000H;00; LENV;R;14;3855,20;0,017790;68,58;2,60;0,00;71,18;19;
017;010;202607;202607;19010011;00; LENV;R;130549;428771,10;0,017790;7627,84;288,96;0,00;7916,80;19;
017;010;202607;202607;19010014;00; LENV;R;130851;433784,50;0,017790;7717,03;292,34;0,00;8009,37;19;
017;010;202607;202607;19010015;00; LENV;R;134932;423606,00;0,017790;7535,95;285,48;0,00;7821,43;19;
017;010;202607;202607;19010017;00; LENV;R;139220;417435,30;0,017790;7426,17;281,32;0,00;7707,50;19;
017;010;202607;202607;19011051;00; LENV;R;2;1,00;0,017790;0,02;0,00;0,00;0,02;19;
017;010;202607;202607;1201000A;00; LSAV;N;3;1,70;0,017790;0,03;0,00;0,00;0,03;12;
017;010;202607;202607;1201000C;00; LSAV;N;3;17,90;0,017790;0,32;0,01;0,00;0,33;12;
017;010;202607;202607;1201000E;00; LSAV;N;3;3,30;0,017790;0,06;0,00;0,00;0,06;12;
017;010;202607;202607;1201000G;00; LSAV;N;4;2,00;0,017790;0,04;0,00;0,00;0,04;12;
017;010;202607;202607;1201000I;00; LSAV;N;265;510,80;0,017790;9,09;0,34;0,00;9,43;12;
017;010;202607;202607;1201000K;00; LSAV;N;236;431,10;0,017790;7,67;0,29;0,00;7,96;12;
017;010;202607;202607;1201000M;00; LSAV;N;294;414,90;0,017790;7,38;0,28;0,00;7,66;12;
017;010;202607;202607;1201000O;00; LSAV;N;320;598,50;0,017790;10,65;0,40;0,00;11,05;12;
017;010;202607;202607;1501000T;00; LSAV;N;232;394,50;0,017790;7,02;0,27;0,00;7,28;15;
017;010;202607;202607;1501000U;00; LSAV;N;169;204,90;0,017790;3,65;0,14;0,00;3,78;15;
017;010;202607;202607;1501000X;00; LSAV;N;205;455,50;0,017790;8,10;0,31;0,00;8,41;15;
017;010;202607;202607;15010011;00; LSAV;N;246;518,10;0,017790;9,22;0,35;0,00;9,57;15;
017;010;202607;202607;1801000S;00; LSAV;N;1;0,60;0,017790;0,01;0,00;0,00;0,01;18;
017;010;202607;202607;1801000Y;00; LSAV;N;109;201,60;0,017790;3,59;0,14;0,00;3,72;18;
017;010;202607;202607;1801000Z;00; LSAV;N;146;345,40;0,017790;6,14;0,23;0,00;6,38;18;
017;010;202607;202607;18010011;00; LSAV;N;109;182,60;0,017790;3,25;0,12;0,00;3,37;18;
017;010;202607;202607;18010013;00; LSAV;N;164;295,60;0,017790;5,26;0,20;0,00;5,46;18;
017;010;202607;202607;19010010;00; LSAV;N;588;785,30;0,017790;13,97;0,53;0,00;14,50;19;
017;010;202607;202607;19010012;00; LSAV;N;618;1565,50;0,017790;27,85;1,06;0,00;28,91;19;
017;010;202607;202607;19010013;00; LSAV;N;450;794,80;0,017790;14,14;0,54;0,00;14,68;19;
017;010;202607;202607;19010016;00; LSAV;N;709;1462,40;0,017790;26,02;0,99;0,00;27,00;19;
017;010;202607;202607;1201000C;00; LSAV;R;1;0,80;0,017790;0,01;0,00;0,00;0,01;12;
017;010;202607;202607;1201000E;00; LSAV;R;1;0,50;0,017790;0,01;0,00;0,00;0,01;12;
017;010;202607;202607;1201000G;00; LSAV;R;1;1,10;0,017790;0,02;0,00;0,00;0,02;12;
017;010;202607;202607;1201000I;00; LSAV;R;74;83,40;0,017790;1,48;0,06;0,00;1,54;12;
017;010;202607;202607;1201000K;00; LSAV;R;54;71,90;0,017790;1,28;0,05;0,00;1,33;12;
017;010;202607;202607;1201000M;00; LSAV;R;58;78,90;0,017790;1,40;0,05;0,00;1,46;12;
017;010;202607;202607;1201000O;00; LSAV;R;44;51,30;0,017790;0,91;0,03;0,00;0,95;12;
017;010;202607;202607;1501000T;00; LSAV;R;54;71,50;0,017790;1,27;0,05;0,00;1,32;15;
017;010;202607;202607;1501000U;00; LSAV;R;54;70,20;0,017790;1,25;0,05;0,00;1,30;15;
017;010;202607;202607;1501000X;00; LSAV;R;59;106,60;0,017790;1,90;0,07;0,00;1,97;15;
017;010;202607;202607;15010011;00; LSAV;R;44;341,40;0,017790;6,07;0,23;0,00;6,30;15;
017;010;202607;202607;1801000Y;00; LSAV;R;21;38,30;0,017790;0,68;0,03;0,00;0,71;18;
017;010;202607;202607;1801000Z;00; LSAV;R;24;47,10;0,017790;0,84;0,03;0,00;0,87;18;
017;010;202607;202607;18010011;00; LSAV;R;16;41,90;0,017790;0,75;0,03;0,00;0,77;18;
017;010;202607;202607;18010013;00; LSAV;R;30;41,30;0,017790;0,73;0,03;0,00;0,76;18;
017;010;202607;202607;19010010;00; LSAV;R;151;203,70;0,017790;3,62;0,14;0,00;3,76;19;
017;010;202607;202607;19010012;00; LSAV;R;161;409,50;0,017790;7,29;0,28;0,00;7,56;19;
017;010;202607;202607;19010013;00; LSAV;R;111;166,30;0,017790;2,96;0,11;0,00;3,07;19;
017;010;202607;202607;19010016;00; LSAV;R;213;501,30;0,017790;8,92;0,34;0,00;9,26;19;
;;;;;01;;;19597968;45949755,10;;817446,13;30967,07;0,00;848413,13;;
018;020;202607;202606;21020088;00; LENV;N;228;153,50;0,014990;2,30;0,09;0,00;2,39;21;
018;020;202607;202606;2102008A;00; LENV;N;265;190,70;0,014990;2,86;0,11;0,00;2,97;21;
018;020;202607;202606;2102008C;00; LENV;N;243;228,40;0,014990;3,42;0,13;0,00;3,55;21;
018;020;202607;202606;2102008E;00; LENV;N;240;150,50;0,014990;2,26;0,09;0,00;2,34;21;
018;020;202607;202606;2102008G;00; LENV;N;270;189,60;0,014990;2,84;0,11;0,00;2,95;21;
018;020;202607;202606;2102008J;00; LENV;N;270;192,50;0,014990;2,89;0,11;0,00;2,99;21;
018;020;202607;202606;2102008L;00; LENV;N;257;196,30;0,014990;2,94;0,11;0,00;3,05;21;
018;020;202607;202606;2102008N;00; LENV;N;265;217,70;0,014990;3,26;0,12;0,00;3,39;21;
018;020;202607;202606;2102008O;00; LENV;N;47;27,50;0,014990;0,41;0,02;0,00;0,43;21;
018;020;202607;202606;2102008P;00; LENV;N;36;18,60;0,014990;0,28;0,01;0,00;0,29;21;
018;020;202607;202607;21001088;00; LENV;N;1317;684,80;0,014990;10,27;0,39;0,00;10,65;21;
018;020;202607;202607;21001089;00; LENV;N;22039;12562,50;0,014990;188,31;7,13;0,00;195,45;21;
018;020;202607;202607;2100108A;00; LENV;N;22547;12617,90;0,014990;189,14;7,17;0,00;196,31;21;
018;020;202607;202607;2100108B;00; LENV;N;28528;15883,90;0,014990;238,10;9,02;0,00;247,12;21;
018;020;202607;202607;2100108D;00; LENV;N;29991;17743,90;0,014990;265,98;10,08;0,00;276,06;21;
018;020;202607;202607;2100108F;00; LENV;N;28217;15921,60;0,014990;238,66;9,04;0,00;247,71;21;
018;020;202607;202607;2100108H;00; LENV;N;30032;17298,90;0,014990;259,31;9,82;0,00;269,13;21;
018;020;202607;202607;2100108J;00; LENV;N;28443;15772,30;0,014990;236,43;8,96;0,00;245,38;21;
018;020;202607;202607;2100108L;00; LENV;N;30040;17823,40;0,014990;267,17;10,12;0,00;277,29;21;
018;020;202607;202607;2100108N;00; LENV;N;28197;15853,40;0,014990;237,64;9,00;0,00;246,65;21;
018;020;202607;202607;2100108P;00; LENV;N;29879;17450,00;0,014990;261,58;9,91;0,00;271,48;21;
018;020;202607;202607;2102006Y;00; LENV;N;9;10,30;0,014990;0,15;0,01;0,00;0,16;21;
018;020;202607;202607;21020071;00; LENV;N;10;93,60;0,014990;1,40;0,05;0,00;1,46;21;
018;020;202607;202607;21020073;00; LENV;N;10;23,10;0,014990;0,35;0,01;0,00;0,36;21;
018;020;202607;202607;21020075;00; LENV;N;8;66,10;0,014990;0,99;0,04;0,00;1,03;21;
018;020;202607;202607;21020088;00; LENV;N;982477;2162746,70;0,014990;32419,57;1228,14;0,00;33647,71;21;
018;020;202607;202607;2102008A;00; LENV;N;991261;2236802,10;0,014990;33529,66;1270,19;0,00;34799,86;21;
018;020;202607;202607;2102008C;00; LENV;N;983064;2118282,20;0,014990;31753,05;1202,89;0,00;32955,94;21;
018;020;202607;202607;2102008E;00; LENV;N;990614;2228273,60;0,014990;33401,82;1265,35;0,00;34667,17;21;
018;020;202607;202607;2102008G;00; LENV;N;923722;2028158,40;0,014990;30402,09;1151,71;0,00;31553,81;21;
018;020;202607;202607;2102008J;00; LENV;N;994366;2626829,00;0,014990;39376,17;1491,68;0,00;40867,84;21;
018;020;202607;202607;2102008L;00; LENV;N;983947;2663288,30;0,014990;39922,69;1512,38;0,00;41435,07;21;
018;020;202607;202607;2102008N;00; LENV;N;949581;2182263,00;0,014990;32712,12;1239,22;0,00;33951,35;21;
018;020;202607;202607;2102008O;00; LENV;N;351048;704275,70;0,014990;10557,09;399,93;0,00;10957,02;21;
018;020;202607;202607;2102008P;00; LENV;N;350954;707442,90;0,014990;10604,57;401,73;0,00;11006,30;21;
018;020;202607;202607;2192100B;00; LENV;N;2180;1227,70;0,014990;18,40;0,70;0,00;19,10;21;
018;020;202607;202607;2192100E;00; LENV;N;2370;1333,20;0,014990;19,98;0,76;0,00;20,74;21;
018;020;202607;202607;2192100G;00; LENV;N;2273;1322,50;0,014990;19,82;0,75;0,00;20,58;21;
018;020;202607;202607;2192100I;00; LENV;N;2213;1234,40;0,014990;18,50;0,70;0,00;19,20;21;
018;020;202607;202607;2192100K;00; LENV;N;2299;1298,20;0,014990;19,46;0,74;0,00;20,20;21;
018;020;202607;202607;2192100M;00; LENV;N;2200;1242,10;0,014990;18,62;0,71;0,00;19,32;21;
018;020;202607;202607;2192100O;00; LENV;N;2265;1272,30;0,014990;19,07;0,72;0,00;19,79;21;
018;020;202607;202607;2192100Q;00; LENV;N;2295;1345,60;0,014990;20,17;0,76;0,00;20,93;21;
018;020;202607;202606;2202000N;00; LENV;N;42;27,20;0,014990;0,41;0,02;0,00;0,42;22;
018;020;202607;202606;2202000P;00; LENV;N;17;13,30;0,014990;0,20;0,01;0,00;0,21;22;
018;020;202607;202607;2200101A;00; LENV;N;1275;670,50;0,014990;10,05;0,38;0,00;10,43;22;
018;020;202607;202607;2202000N;00; LENV;N;350114;699663,50;0,014990;10487,96;397,31;0,00;10885,27;22;
018;020;202607;202607;2202000P;00; LENV;N;350390;705877,70;0,014990;10581,11;400,84;0,00;10981,95;22;
018;020;202607;202607;22211008;00; LENV;N;504;279,60;0,014990;4,19;0,16;0,00;4,35;22;
018;020;202607;202607;2221100E;00; LENV;N;464;281,30;0,014990;4,22;0,16;0,00;4,38;22;
018;020;202607;202607;2221100F;00; LENV;N;447;278,70;0,014990;4,18;0,16;0,00;4,34;22;
018;020;202607;202607;2221100H;00; LENV;N;473;258,00;0,014990;3,87;0,15;0,00;4,01;22;
018;020;202607;202607;2221100J;00; LENV;N;471;271,30;0,014990;4,07;0,15;0,00;4,22;22;
018;020;202607;202607;2221100M;00; LENV;N;485;269,80;0,014990;4,04;0,15;0,00;4,20;22;
018;020;202607;202607;24020005;00; LENV;N;126502;292920,50;0,014990;4390,88;166,34;0,00;4557,22;24;
018;020;202607;202607;24020007;00; LENV;N;120972;239640,60;0,014990;3592,21;136,08;0,00;3728,30;24;
018;020;202607;202607;24020009;00; LENV;N;126140;247915,80;0,014990;3716,26;140,78;0,00;3857,04;24;
018;020;202607;202607;2402000B;00; LENV;N;126635;248384,50;0,014990;3723,28;141,05;0,00;3864,33;24;
018;020;202607;202607;2402000D;00; LENV;N;125794;245354,60;0,014990;3677,87;139,33;0,00;3817,19;24;
018;020;202607;202607;2402000G;00; LENV;N;125266;246156,40;0,014990;3689,88;139,78;0,00;3829,67;24;
018;020;202607;202607;2402000I;00; LENV;N;120246;241640,80;0,014990;3622,20;137,22;0,00;3759,41;24;
018;020;202607;202607;2402000K;00; LENV;N;126057;254974,70;0,014990;3822,07;144,79;0,00;3966,86;24;
018;020;202607;202607;2421100P;00; LENV;N;132;74,40;0,014990;1,12;0,04;0,00;1,16;24;
018;020;202607;202607;2421100R;00; LENV;N;128;71,60;0,014990;1,07;0,04;0,00;1,11;24;
018;020;202607;202607;2421100T;00; LENV;N;145;82,50;0,014990;1,24;0,05;0,00;1,28;24;
018;020;202607;202607;2421100V;00; LENV;N;127;76,30;0,014990;1,14;0,04;0,00;1,19;24;
018;020;202607;202607;24211016;00; LENV;N;515;299,70;0,014990;4,49;0,17;0,00;4,66;24;
018;020;202607;202607;2421101M;00; LENV;N;468;261,60;0,014990;3,92;0,15;0,00;4,07;24;
018;020;202607;202606;21020088;00; LENV;R;5;8,80;0,014990;0,13;0,00;0,00;0,14;21;
018;020;202607;202606;2102008A;00; LENV;R;3;1,50;0,014990;0,02;0,00;0,00;0,02;21;
018;020;202607;202606;2102008C;00; LENV;R;3;1,70;0,014990;0,03;0,00;0,00;0,03;21;
018;020;202607;202606;2102008E;00; LENV;R;5;3,10;0,014990;0,05;0,00;0,00;0,05;21;
018;020;202607;202606;2102008G;00; LENV;R;2;1,00;0,014990;0,01;0,00;0,00;0,02;21;
018;020;202607;202606;2102008J;00; LENV;R;2;1,90;0,014990;0,03;0,00;0,00;0,03;21;
018;020;202607;202606;2102008L;00; LENV;R;2;1,10;0,014990;0,02;0,00;0,00;0,02;21;
018;020;202607;202606;2102008N;00; LENV;R;1;0,60;0,014990;0,01;0,00;0,00;0,01;21;
018;020;202607;202607;21001089;00; LENV;R;21;12,10;0,014990;0,18;0,01;0,00;0,19;21;
018;020;202607;202607;2100108A;00; LENV;R;21;14,00;0,014990;0,21;0,01;0,00;0,22;21;
018;020;202607;202607;2100108B;00; LENV;R;30;15,30;0,014990;0,23;0,01;0,00;0,24;21;
018;020;202607;202607;2100108D;00; LENV;R;54;38,40;0,014990;0,58;0,02;0,00;0,60;21;
018;020;202607;202607;2100108F;00; LENV;R;33;20,70;0,014990;0,31;0,01;0,00;0,32;21;
018;020;202607;202607;2100108H;00; LENV;R;50;29,80;0,014990;0,45;0,02;0,00;0,46;21;
018;020;202607;202607;2100108J;00; LENV;R;28;21,20;0,014990;0,32;0,01;0,00;0,33;21;
018;020;202607;202607;2100108L;00; LENV;R;43;33,00;0,014990;0,49;0,02;0,00;0,51;21;
018;020;202607;202607;2100108N;00; LENV;R;24;13,30;0,014990;0,20;0,01;0,00;0,21;21;
018;020;202607;202607;2100108P;00; LENV;R;48;31,40;0,014990;0,47;0,02;0,00;0,49;21;
018;020;202607;202607;21020088;00; LENV;R;182218;619835,90;0,014990;9291,34;351,98;0,00;9643,32;21;
018;020;202607;202607;2102008A;00; LENV;R;183849;623768,40;0,014990;9350,29;354,21;0,00;9704,50;21;
018;020;202607;202607;2102008C;00; LENV;R;181389;581512,50;0,014990;8716,87;330,22;0,00;9047,09;21;
018;020;202607;202607;2102008E;00; LENV;R;183463;615228,50;0,014990;9222,28;349,36;0,00;9571,64;21;
018;020;202607;202607;2102008G;00; LENV;R;165571;551005,90;0,014990;8259,58;312,90;0,00;8572,47;21;
018;020;202607;202607;2102008J;00; LENV;R;184865;991179,40;0,014990;14857,78;562,85;0,00;15420,63;21;
018;020;202607;202607;2102008L;00; LENV;R;182468;1122184,20;0,014990;16821,54;637,25;0,00;17458,79;21;
018;020;202607;202607;2102008N;00; LENV;R;172846;605401,50;0,014990;9074,97;343,78;0,00;9418,75;21;
018;020;202607;202607;2102008O;00; LENV;R;60007;176265,50;0,014990;2642,22;100,09;0,00;2742,31;21;
018;020;202607;202607;2102008P;00; LENV;R;59438;170842,90;0,014990;2560,94;97,02;0,00;2657,95;21;
018;020;202607;202606;2202000P;00; LENV;R;3;1,50;0,014990;0,02;0,00;0,00;0,02;22;
018;020;202607;202607;2202000N;00; LENV;R;59794;167767,80;0,014990;2514,84;95,27;0,00;2610,11;22;
018;020;202607;202607;2202000P;00; LENV;R;59959;169026,00;0,014990;2533,70;95,98;0,00;2629,68;22;
018;020;202607;202607;24020005;00; LENV;R;19170;103338,40;0,014990;1549,04;58,68;0,00;1607,72;24;
018;020;202607;202607;24020007;00; LENV;R;17914;57623,40;0,014990;863,77;32,72;0,00;896,50;24;
018;020;202607;202607;24020009;00; LENV;R;18936;57114,50;0,014990;856,15;32,43;0,00;888,58;24;
018;020;202607;202607;2402000B;00; LENV;R;18946;56973,00;0,014990;854,03;32,35;0,00;886,38;24;
018;020;202607;202607;2402000D;00; LENV;R;18953;59334,60;0,014990;889,43;33,69;0,00;923,12;24;
018;020;202607;202607;2402000G;00; LENV;R;19033;57381,90;0,014990;860,15;32,58;0,00;892,74;24;
018;020;202607;202607;2402000I;00; LENV;R;18036;57296,60;0,014990;858,88;32,54;0,00;891,41;24;
018;020;202607;202607;2402000K;00; LENV;R;18997;72178,40;0,014990;1081,95;40,99;0,00;1122,94;24;
018;020;202607;202607;21001089;00; LSAV;N;18;11,00;0,014990;0,16;0,01;0,00;0,17;21;
018;020;202607;202607;2100108A;00; LSAV;N;9;37,60;0,014990;0,56;0,02;0,00;0,58;21;
018;020;202607;202607;2102005O;00; LSAV;N;51;79,70;0,014990;1,19;0,05;0,00;1,24;21;
018;020;202607;202607;2102005P;00; LSAV;N;51;134,80;0,014990;2,02;0,08;0,00;2,10;21;
018;020;202607;202607;2102005Q;00; LSAV;N;61;126,50;0,014990;1,90;0,07;0,00;1,97;21;
018;020;202607;202607;2102005R;00; LSAV;N;54;107,60;0,014990;1,61;0,06;0,00;1,67;21;
018;020;202607;202607;2102006Z;00; LSAV;N;1455;3813,40;0,014990;57,16;2,17;0,00;59,33;21;
018;020;202607;202607;21020070;00; LSAV;N;1379;3536,70;0,014990;53,02;2,01;0,00;55,02;21;
018;020;202607;202607;21020072;00; LSAV;N;1481;4489,40;0,014990;67,30;2,55;0,00;69,85;21;
018;020;202607;202607;21020074;00; LSAV;N;1486;3237,50;0,014990;48,53;1,84;0,00;50,37;21;
018;020;202607;202607;21020077;00; LSAV;N;279;693,90;0,014990;10,40;0,39;0,00;10,80;21;
018;020;202607;202607;21020078;00; LSAV;N;929;2254,50;0,014990;33,79;1,28;0,00;35,08;21;
018;020;202607;202607;2102007J;00; LSAV;N;1117;2648,70;0,014990;39,70;1,50;0,00;41,21;21;
018;020;202607;202607;2102007S;00; LSAV;N;283;750,30;0,014990;11,25;0,43;0,00;11,67;21;
018;020;202607;202607;21020081;00; LSAV;N;266;572,90;0,014990;8,59;0,33;0,00;8,91;21;
018;020;202607;202607;21020083;00; LSAV;N;569;4816,50;0,014990;72,20;2,74;0,00;74,93;21;
018;020;202607;202607;21020086;00; LSAV;N;63;156,60;0,014990;2,35;0,09;0,00;2,44;21;
018;020;202607;202607;21020087;00; LSAV;N;2943;7619,40;0,014990;114,21;4,33;0,00;118,54;21;
018;020;202607;202607;21020089;00; LSAV;N;2888;7125,30;0,014990;106,81;4,05;0,00;110,85;21;
018;020;202607;202607;2102008B;00; LSAV;N;2776;7220,20;0,014990;108,23;4,10;0,00;112,33;21;
018;020;202607;202607;2102008D;00; LSAV;N;2915;7328,70;0,014990;109,86;4,16;0,00;114,02;21;
018;020;202607;202607;2102008F;00; LSAV;N;2813;7912,90;0,014990;118,61;4,49;0,00;123,11;21;
018;020;202607;202607;2102008H;00; LSAV;N;2781;7602,90;0,014990;113,97;4,32;0,00;118,28;21;
018;020;202607;202607;2102008I;00; LSAV;N;57;125,60;0,014990;1,88;0,07;0,00;1,95;21;
018;020;202607;202607;2102008K;00; LSAV;N;2869;7428,40;0,014990;111,35;4,22;0,00;115,57;21;
018;020;202607;202607;2102008M;00; LSAV;N;2760;6624,10;0,014990;99,30;3,76;0,00;103,06;21;
018;020;202607;202607;2102008O;00; LSAV;N;913;2453,60;0,014990;36,78;1,39;0,00;38,17;21;
018;020;202607;202607;2102008P;00; LSAV;N;1111;2779,40;0,014990;41,66;1,58;0,00;43,24;21;
018;020;202607;202607;2202000N;00; LSAV;N;879;2255,80;0,014990;33,81;1,28;0,00;35,10;22;
018;020;202607;202607;2202000P;00; LSAV;N;673;1595,80;0,014990;23,92;0,91;0,00;24,83;22;
018;020;202607;202607;24020006;00; LSAV;N;730;5298,80;0,014990;79,43;3,01;0,00;82,44;24;
018;020;202607;202607;24020008;00; LSAV;N;239;703,00;0,014990;10,54;0,40;0,00;10,94;24;
018;020;202607;202607;2402000A;00; LSAV;N;532;4147,70;0,014990;62,17;2,36;0,00;64,53;24;
018;020;202607;202607;2402000C;00; LSAV;N;257;639,10;0,014990;9,58;0,36;0,00;9,94;24;
018;020;202607;202607;2402000E;00; LSAV;N;339;962,20;0,014990;14,42;0,55;0,00;14,97;24;
018;020;202607;202607;2402000F;00; LSAV;N;276;686,60;0,014990;10,29;0,39;0,00;10,68;24;
018;020;202607;202607;2402000H;00; LSAV;N;346;913,80;0,014990;13,70;0,52;0,00;14,22;24;
018;020;202607;202607;2402000J;00; LSAV;N;391;1101,40;0,014990;16,51;0,63;0,00;17,14;24;
018;020;202607;202607;21001089;00; LSAV;R;1;0,50;0,014990;0,01;0,00;0,00;0,01;21;
018;020;202607;202607;2100108A;00; LSAV;R;1;9,20;0,014990;0,14;0,01;0,00;0,14;21;
018;020;202607;202607;2102005O;00; LSAV;R;18;36,70;0,014990;0,55;0,02;0,00;0,57;21;
018;020;202607;202607;2102005P;00; LSAV;R;17;84,50;0,014990;1,27;0,05;0,00;1,31;21;
018;020;202607;202607;2102005Q;00; LSAV;R;11;12,20;0,014990;0,18;0,01;0,00;0,19;21;
018;020;202607;202607;2102005R;00; LSAV;R;10;44,40;0,014990;0,67;0,03;0,00;0,69;21;
018;020;202607;202607;2102006Z;00; LSAV;R;357;1243,50;0,014990;18,64;0,71;0,00;19,35;21;
018;020;202607;202607;21020070;00; LSAV;R;407;1487,90;0,014990;22,30;0,84;0,00;23,15;21;
018;020;202607;202607;21020072;00; LSAV;R;444;1917,70;0,014990;28,75;1,09;0,00;29,84;21;
018;020;202607;202607;21020074;00; LSAV;R;379;1019,80;0,014990;15,29;0,58;0,00;15,87;21;
018;020;202607;202607;21020077;00; LSAV;R;81;330,20;0,014990;4,95;0,19;0,00;5,14;21;
018;020;202607;202607;21020078;00; LSAV;R;219;457,90;0,014990;6,86;0,26;0,00;7,12;21;
018;020;202607;202607;2102007J;00; LSAV;R;380;1454,30;0,014990;21,80;0,83;0,00;22,63;21;
018;020;202607;202607;2102007S;00; LSAV;R;61;152,30;0,014990;2,28;0,09;0,00;2,37;21;
018;020;202607;202607;21020081;00; LSAV;R;57;333,20;0,014990;4,99;0,19;0,00;5,18;21;
018;020;202607;202607;21020083;00; LSAV;R;149;2212,50;0,014990;33,17;1,26;0,00;34,42;21;
018;020;202607;202607;21020086;00; LSAV;R;10;14,90;0,014990;0,22;0,01;0,00;0,23;21;
018;020;202607;202607;21020087;00; LSAV;R;812;2412,60;0,014990;36,16;1,37;0,00;37,53;21;
018;020;202607;202607;21020089;00; LSAV;R;750;2183,30;0,014990;32,73;1,24;0,00;33,97;21;
018;020;202607;202607;2102008B;00; LSAV;R;809;2945,60;0,014990;44,15;1,67;0,00;45,83;21;
018;020;202607;202607;2102008D;00; LSAV;R;898;4020,60;0,014990;60,27;2,28;0,00;62,55;21;
018;020;202607;202607;2102008F;00; LSAV;R;780;2666,40;0,014990;39,97;1,51;0,00;41,48;21;
018;020;202607;202607;2102008H;00; LSAV;R;794;3050,20;0,014990;45,72;1,73;0,00;47,45;21;
018;020;202607;202607;2102008I;00; LSAV;R;9;36,70;0,014990;0,55;0,02;0,00;0,57;21;
018;020;202607;202607;2102008K;00; LSAV;R;784;2151,50;0,014990;32,25;1,22;0,00;33,47;21;
018;020;202607;202607;2102008M;00; LSAV;R;779;2399,50;0,014990;35,97;1,36;0,00;37,33;21;
018;020;202607;202607;2102008O;00; LSAV;R;208;527,50;0,014990;7,91;0,30;0,00;8,21;21;
018;020;202607;202607;2102008P;00; LSAV;R;389;1026,90;0,014990;15,39;0,58;0,00;15,98;21;
018;020;202607;202607;2202000N;00; LSAV;R;267;968,30;0,014990;14,51;0,55;0,00;15,06;22;
018;020;202607;202607;2202000P;00; LSAV;R;147;383,30;0,014990;5,75;0,22;0,00;5,96;22;
018;020;202607;202607;24020006;00; LSAV;R;180;3933,40;0,014990;58,96;2,23;0,00;61,20;24;
018;020;202607;202607;24020008;00; LSAV;R;53;145,00;0,014990;2,17;0,08;0,00;2,26;24;
018;020;202607;202607;2402000A;00; LSAV;R;135;1703,40;0,014990;25,53;0,97;0,00;26,50;24;
018;020;202607;202607;2402000C;00; LSAV;R;75;313,70;0,014990;4,70;0,18;0,00;4,88;24;
018;020;202607;202607;2402000E;00; LSAV;R;80;272,40;0,014990;4,08;0,15;0,00;4,24;24;
018;020;202607;202607;2402000F;00; LSAV;R;77;199,60;0,014990;2,99;0,11;0,00;3,11;24;
018;020;202607;202607;2402000H;00; LSAV;R;77;294,90;0,014990;4,42;0,17;0,00;4,59;24;
018;020;202607;202607;2402000J;00; LSAV;R;106;182,20;0,014990;2,73;0,10;0,00;2,83;24;
;;;;;01;;;12380406;30323884,50;;454554,97;17219,80;0,00;471774,79;;
019;026;202607;202606;2702600M;00; LENV;N;40;33,50;0,014990;0,50;0,02;0,00;0,52;27;
019;026;202607;202606;2702600O;00; LENV;N;173;197,50;0,014990;2,96;0,11;0,00;3,07;27;
019;026;202607;202606;2702600R;00; LENV;N;164;180,90;0,014990;2,71;0,10;0,00;2,81;27;
019;026;202607;202606;2702600S;00; LENV;N;38;35,00;0,014990;0,52;0,02;0,00;0,54;27;
019;026;202607;202607;2700100R;00; LENV;N;12465;7153,70;0,014990;107,23;4,06;0,00;111,30;27;
019;026;202607;202607;2700100S;00; LENV;N;10820;6174,50;0,014990;92,56;3,51;0,00;96,06;27;
019;026;202607;202607;2700100T;00; LENV;N;12416;7198,40;0,014990;107,90;4,09;0,00;111,99;27;
019;026;202607;202607;2700100U;00; LENV;N;10557;6039,10;0,014990;90,53;3,43;0,00;93,96;27;
019;026;202607;202607;2702600M;00; LENV;N;1288007;2564201,80;0,014990;38437,38;1456,11;0,00;39893,50;27;
019;026;202607;202607;2702600O;00; LENV;N;1296058;2576519,90;0,014990;38622,03;1463,11;0,00;40085,14;27;
019;026;202607;202607;2702600R;00; LENV;N;1295990;2574415,00;0,014990;38590,48;1461,91;0,00;40052,39;27;
019;026;202607;202607;2702600S;00; LENV;N;1288074;2564796,20;0,014990;38446,30;1456,45;0,00;39902,75;27;
019;026;202607;202607;2721100L;00; LENV;N;2054;1231,60;0,014990;18,46;0,70;0,00;19,16;27;
019;026;202607;202607;2721100M;00; LENV;N;1934;1172,60;0,014990;17,58;0,67;0,00;18,24;27;
019;026;202607;202607;2721100R;00; LENV;N;1935;1161,80;0,014990;17,42;0,66;0,00;18,08;27;
019;026;202607;202607;2721100V;00; LENV;N;1881;1191,20;0,014990;17,86;0,68;0,00;18,53;27;
019;026;202607;202607;2721100Y;00; LENV;N;1897;1125,90;0,014990;16,88;0,64;0,00;17,52;27;
019;026;202607;202607;2721100Z;00; LENV;N;1952;1177,90;0,014990;17,66;0,67;0,00;18,33;27;
019;026;202607;202606;2802600G;00; LENV;N;6;4,20;0,014990;0,06;0,00;0,00;0,07;28;
019;026;202607;202606;2802600L;00; LENV;N;5;2,50;0,014990;0,04;0,00;0,00;0,04;28;
019;026;202607;202606;2802600M;00; LENV;N;18;17,50;0,014990;0,26;0,01;0,00;0,27;28;
019;026;202607;202607;2800100P;00; LENV;N;222;140,70;0,014990;2,11;0,08;0,00;2,19;28;
019;026;202607;202607;2800100T;00; LENV;N;2360;1390,00;0,014990;20,84;0,79;0,00;21,63;28;
019;026;202607;202607;2800100V;00; LENV;N;262;161,80;0,014990;2,43;0,09;0,00;2,52;28;
019;026;202607;202607;2800100X;00; LENV;N;2277;1334,90;0,014990;20,01;0,76;0,00;20,77;28;
019;026;202607;202607;2802600F;00; LENV;N;285;494,70;0,014990;7,42;0,28;0,00;7,70;28;
019;026;202607;202607;2802600G;00; LENV;N;122278;259229,20;0,014990;3885,85;147,21;0,00;4033,05;28;
019;026;202607;202607;2802600H;00; LENV;N;226;358,70;0,014990;5,38;0,20;0,00;5,58;28;
019;026;202607;202607;2802600I;00; LENV;N;121594;260323,90;0,014990;3902,26;147,83;0,00;4050,08;28;
019;026;202607;202607;2802600L;00; LENV;N;122308;259093,20;0,014990;3883,81;147,13;0,00;4030,94;28;
019;026;202607;202607;2802600M;00; LENV;N;122688;257921,60;0,014990;3866,24;146,46;0,00;4012,71;28;
019;026;202607;202607;2821100E;00; LENV;N;171;100,10;0,014990;1,50;0,06;0,00;1,56;28;
019;026;202607;202607;2821100K;00; LENV;N;168;102,30;0,014990;1,53;0,06;0,00;1,59;28;
019;026;202607;202607;2821100N;00; LENV;N;170;104,40;0,014990;1,56;0,06;0,00;1,62;28;
019;026;202607;202607;2821100Q;00; LENV;N;155;98,40;0,014990;1,48;0,06;0,00;1,53;28;
019;026;202607;202607;2821100R;00; LENV;N;175;104,80;0,014990;1,57;0,06;0,00;1,63;28;
019;026;202607;202607;2821100S;00; LENV;N;163;126,90;0,014990;1,90;0,07;0,00;1,97;28;
019;026;202607;202606;2702600M;00; LENV;R;1;0,50;0,014990;0,01;0,00;0,00;0,01;27;
019;026;202607;202606;2702600O;00; LENV;R;4;4,20;0,014990;0,06;0,00;0,00;0,07;27;
019;026;202607;202606;2702600R;00; LENV;R;6;5,20;0,014990;0,08;0,00;0,00;0,08;27;
019;026;202607;202606;2702600S;00; LENV;R;2;1,60;0,014990;0,02;0,00;0,00;0,02;27;
019;026;202607;202607;2700100R;00; LENV;R;10;5,30;0,014990;0,08;0,00;0,00;0,08;27;
019;026;202607;202607;2700100S;00; LENV;R;10;5,60;0,014990;0,08;0,00;0,00;0,09;27;
019;026;202607;202607;2700100T;00; LENV;R;19;14,20;0,014990;0,21;0,01;0,00;0,22;27;
019;026;202607;202607;2700100U;00; LENV;R;13;6,60;0,014990;0,10;0,00;0,00;0,10;27;
019;026;202607;202607;2702600M;00; LENV;R;184811;533767,80;0,014990;8001,18;303,11;0,00;8304,29;27;
019;026;202607;202607;2702600O;00; LENV;R;187532;541893,10;0,014990;8122,98;307,72;0,00;8430,70;27;
019;026;202607;202607;2702600R;00; LENV;R;187288;543580,20;0,014990;8148,27;308,68;0,00;8456,95;27;
019;026;202607;202607;2702600S;00; LENV;R;184659;540119,60;0,014990;8096,39;306,71;0,00;8403,11;27;
019;026;202607;202607;2800100T;00; LENV;R;2;1,00;0,014990;0,01;0,00;0,00;0,02;28;
019;026;202607;202607;2800100X;00; LENV;R;3;1,80;0,014990;0,03;0,00;0,00;0,03;28;
019;026;202607;202607;2802600F;00; LENV;R;38;124,30;0,014990;1,86;0,07;0,00;1,93;28;
019;026;202607;202607;2802600G;00; LENV;R;18180;52530,80;0,014990;787,44;29,83;0,00;817,27;28;
019;026;202607;202607;2802600H;00; LENV;R;41;123,10;0,014990;1,85;0,07;0,00;1,92;28;
019;026;202607;202607;2802600I;00; LENV;R;17961;51098,00;0,014990;765,96;29,02;0,00;794,98;28;
019;026;202607;202607;2802600L;00; LENV;R;18192;54474,30;0,014990;816,57;30,93;0,00;847,50;28;
019;026;202607;202607;2802600M;00; LENV;R;18149;54189,60;0,014990;812,30;30,77;0,00;843,07;28;
019;026;202607;202607;2702600L;00; LSAV;N;425;1040,10;0,014990;15,59;0,59;0,00;16,18;27;
019;026;202607;202607;2702600M;00; LSAV;N;2011;5078,80;0,014990;76,13;2,88;0,00;79,02;27;
019;026;202607;202607;2702600N;00; LSAV;N;1940;4816,90;0,014990;72,21;2,74;0,00;74,94;27;
019;026;202607;202607;2702600O;00; LSAV;N;437;1054,20;0,014990;15,80;0,60;0,00;16,40;27;
019;026;202607;202607;2702600R;00; LSAV;N;450;1158,70;0,014990;17,37;0,66;0,00;18,03;27;
019;026;202607;202607;2702600S;00; LSAV;N;1940;4705,00;0,014990;70,53;2,67;0,00;73,20;27;
019;026;202607;202607;2802600F;00; LSAV;N;382;1129,80;0,014990;16,94;0,64;0,00;17,58;28;
019;026;202607;202607;2802600G;00; LSAV;N;47;369,30;0,014990;5,54;0,21;0,00;5,75;28;
019;026;202607;202607;2802600H;00; LSAV;N;59;329,60;0,014990;4,94;0,19;0,00;5,13;28;
019;026;202607;202607;2802600I;00; LSAV;N;399;1101,10;0,014990;16,51;0,63;0,00;17,13;28;
019;026;202607;202607;2802600L;00; LSAV;N;399;1197,20;0,014990;17,95;0,68;0,00;18,63;28;
019;026;202607;202607;2802600M;00; LSAV;N;60;327,60;0,014990;4,91;0,19;0,00;5,10;28;
019;026;202607;202607;2702600L;00; LSAV;R;112;394,30;0,014990;5,91;0,22;0,00;6,13;27;
019;026;202607;202607;2702600M;00; LSAV;R;512;1594,90;0,014990;23,91;0,91;0,00;24,81;27;
019;026;202607;202607;2702600N;00; LSAV;R;531;1537,60;0,014990;23,05;0,87;0,00;23,92;27;
019;026;202607;202607;2702600O;00; LSAV;R;109;282,30;0,014990;4,23;0,16;0,00;4,39;27;
019;026;202607;202607;2702600R;00; LSAV;R;100;223,80;0,014990;3,35;0,13;0,00;3,48;27;
019;026;202607;202607;2702600S;00; LSAV;R;504;1348,00;0,014990;20,21;0,77;0,00;20,97;27;
019;026;202607;202607;2802600F;00; LSAV;R;91;266,40;0,014990;3,99;0,15;0,00;4,14;28;
019;026;202607;202607;2802600G;00; LSAV;R;8;23,00;0,014990;0,34;0,01;0,00;0,36;28;
019;026;202607;202607;2802600H;00; LSAV;R;12;16,80;0,014990;0,25;0,01;0,00;0,26;28;
019;026;202607;202607;2802600I;00; LSAV;R;68;209,00;0,014990;3,13;0,12;0,00;3,25;28;
019;026;202607;202607;2802600L;00; LSAV;R;85;313,50;0,014990;4,70;0,18;0,00;4,88;28;
019;026;202607;202607;2802600M;00; LSAV;R;10;68,60;0,014990;1,03;0,04;0,00;1,07;28;
;;;;;01;;;6549598;13755649,60;;206197,21;7811,32;0,00;214008,53;;
022;452;202607;202606;82452006;00; LENV;N;1;0,90;0,014990;0,01;0,00;0,00;0,01;82;
022;452;202607;202607;82211007;00; LENV;N;5395;3248,40;0,014990;48,69;1,84;0,00;50,54;82;
022;452;202607;202607;82452005;00; LENV;N;284;420,10;0,014990;6,30;0,24;0,00;6,54;82;
022;452;202607;202607;82452006;00; LENV;N;1218240;1986438,30;0,014990;29776,71;1128,02;0,00;30904,73;82;
022;452;202607;202607;82452005;00; LENV;R;0;0,80;0,014990;0,01;0,00;0,00;0,01;82;
022;452;202607;202607;82452006;00; LENV;R;189719;445669,80;0,014990;6680,59;253,08;0,00;6933,67;82;
022;452;202607;202607;82452005;00; LSAV;N;164;393,90;0,014990;5,90;0,22;0,00;6,13;82;
022;452;202607;202607;82452006;00; LSAV;N;3802;8599,20;0,014990;128,90;4,88;0,00;133,79;82;
022;452;202607;202607;82452005;00; LSAV;R;6;28,40;0,014990;0,43;0,02;0,00;0,44;82;
022;452;202607;202607;82452006;00; LSAV;R;1006;2192,50;0,014990;32,87;1,25;0,00;34,11;82;
;;;;;01;;;1418617;2446992,30;;36680,41;1389,55;0,00;38069,97;;
023;457;202607;202606;8145700D;00; LENV;N;7;8,10;0,014990;0,12;0,00;0,00;0,13;81;
023;457;202607;202606;8145700G;00; LENV;N;7;3,50;0,014990;0,05;0,00;0,00;0,05;81;
023;457;202607;202606;8145700L;00; LENV;N;15;7,50;0,014990;0,11;0,00;0,00;0,12;81;
023;457;202607;202606;8145700M;00; LENV;N;6;3,00;0,014990;0,04;0,00;0,00;0,05;81;
023;457;202607;202606;8145700O;00; LENV;N;15;10,40;0,014990;0,16;0,01;0,00;0,16;81;
023;457;202607;202607;8100101A;00; LENV;N;378;596,90;0,014990;8,95;0,34;0,00;9,29;81;
023;457;202607;202607;8100101H;00; LENV;N;373;578,70;0,014990;8,67;0,33;0,00;9,00;81;
023;457;202607;202607;81211018;00; LENV;N;13520;7875,40;0,014990;118,05;4,47;0,00;122,52;81;
023;457;202607;202607;8145700D;00; LENV;N;776447;1636623,80;0,014990;24532,99;929,38;0,00;25462,37;81;
023;457;202607;202607;8145700G;00; LENV;N;731483;1532142,70;0,014990;22966,82;870,05;0,00;23836,86;81;
023;457;202607;202607;8145700L;00; LENV;N;1005436;1858075,30;0,014990;27852,55;1055,13;0,00;28907,68;81;
023;457;202607;202607;8145700M;00; LENV;N;790020;1471296,00;0,014990;22054,73;835,49;0,00;22890,22;81;
023;457;202607;202607;8145700O;00; LENV;N;1551382;3252120,70;0,014990;48749,29;1846,76;0,00;50596,04;81;
023;457;202607;202606;87457008;00; LENV;N;6;3,80;0,014990;0,06;0,00;0,00;0,06;87;
023;457;202607;202607;8700100V;00; LENV;N;1;3,00;0,014990;0,04;0,00;0,00;0,05;87;
023;457;202607;202607;8721100A;00; LENV;N;1363;832,40;0,014990;12,48;0,47;0,00;12,95;87;
023;457;202607;202607;87457005;00; LENV;N;44;40,00;0,014990;0,60;0,02;0,00;0,62;87;
023;457;202607;202607;87457006;00; LENV;N;48;47,90;0,014990;0,72;0,03;0,00;0,75;87;
023;457;202607;202607;87457008;00; LENV;N;168980;257809,70;0,014990;3864,57;146,40;0,00;4010,97;87;
023;457;202607;202607;8745700B;00; LENV;N;226708;342751,70;0,014990;5137,85;194,64;0,00;5332,48;87;
023;457;202607;202607;8100101A;00; LENV;R;11;10,50;0,014990;0,16;0,01;0,00;0,16;81;
023;457;202607;202607;8100101H;00; LENV;R;12;11,00;0,014990;0,16;0,01;0,00;0,17;81;
023;457;202607;202607;8145700D;00; LENV;R;152763;438131,10;0,014990;6567,59;248,80;0,00;6816,38;81;
023;457;202607;202607;8145700G;00; LENV;R;144215;412922,10;0,014990;6189,70;234,48;0,00;6424,19;81;
023;457;202607;202607;8145700L;00; LENV;R;173023;479326,20;0,014990;7185,10;272,19;0,00;7457,29;81;
023;457;202607;202607;8145700M;00; LENV;R;136483;370637,70;0,014990;5555,86;210,47;0,00;5766,33;81;
023;457;202607;202607;8145700O;00; LENV;R;304238;879923,70;0,014990;13190,06;499,68;0,00;13689,73;81;
023;457;202607;202607;87457008;00; LENV;R;25405;55881,70;0,014990;837,67;31,73;0,00;869,40;87;
023;457;202607;202607;8745700B;00; LENV;R;34867;76776,60;0,014990;1150,88;43,60;0,00;1194,48;87;
023;457;202607;202607;8145700D;00; LSAV;N;7;25,00;0,014990;0,37;0,01;0,00;0,39;81;
023;457;202607;202607;8145700G;00; LSAV;N;17;32,50;0,014990;0,49;0,02;0,00;0,51;81;
023;457;202607;202607;8145700L;00; LSAV;N;7394;15705,10;0,014990;235,42;8,92;0,00;244,34;81;
023;457;202607;202607;8145700M;00; LSAV;N;5395;11768,00;0,014990;176,40;6,68;0,00;183,08;81;
023;457;202607;202607;8145700O;00; LSAV;N;5456;11914,50;0,014990;178,60;6,77;0,00;185,36;81;
023;457;202607;202607;87457005;00; LSAV;N;43;146,60;0,014990;2,20;0,08;0,00;2,28;87;
023;457;202607;202607;87457006;00; LSAV;N;11;35,20;0,014990;0,53;0,02;0,00;0,55;87;
023;457;202607;202607;87457008;00; LSAV;N;427;880,90;0,014990;13,20;0,50;0,00;13,70;87;
023;457;202607;202607;87457009;00; LSAV;N;1;0,50;0,014990;0,01;0,00;0,00;0,01;87;
023;457;202607;202607;8745700B;00; LSAV;N;748;3188,90;0,014990;47,80;1,81;0,00;49,61;87;
023;457;202607;202607;8745700D;00; LSAV;N;1;3,30;0,014990;0,05;0,00;0,00;0,05;87;
023;457;202607;202607;8145700G;00; LSAV;R;2;20,50;0,014990;0,31;0,01;0,00;0,32;81;
023;457;202607;202607;8145700L;00; LSAV;R;2117;6948,70;0,014990;104,16;3,95;0,00;108,11;81;
023;457;202607;202607;8145700M;00; LSAV;R;1538;5610,00;0,014990;84,09;3,19;0,00;87,28;81;
023;457;202607;202607;8145700O;00; LSAV;R;1511;5018,90;0,014990;75,23;2,85;0,00;78,08;81;
023;457;202607;202607;87457006;00; LSAV;R;1;1,20;0,014990;0,02;0,00;0,00;0,02;87;
023;457;202607;202607;87457008;00; LSAV;R;84;130,10;0,014990;1,95;0,07;0,00;2,02;87;
023;457;202607;202607;8745700B;00; LSAV;R;200;1155,40;0,014990;17,32;0,66;0,00;17,98;87;
;;;;;01;;;6262209;13137036,40;;196924,18;7460,03;0,00;204384,19;;
024;453;202607;202606;83453003;00; LENV;N;5;3,60;0,014990;0,05;0,00;0,00;0,06;83;
024;453;202607;202606;83453004;00; LENV;N;1;0,50;0,014990;0,01;0,00;0,00;0,01;83;
024;453;202607;202606;83453006;00; LENV;N;29;15,50;0,014990;0,23;0,01;0,00;0,24;83;
024;453;202607;202607;83211007;00; LENV;N;4614;2802,30;0,014990;42,01;1,59;0,00;43,60;83;
024;453;202607;202607;83453003;00; LENV;N;107760;209886,00;0,014990;3146,19;119,19;0,00;3265,38;83;
024;453;202607;202607;83453004;00; LENV;N;72146;139998,30;0,014990;2098,57;79,50;0,00;2178,07;83;
024;453;202607;202607;83453005;00; LENV;N;319;671,80;0,014990;10,07;0,38;0,00;10,45;83;
024;453;202607;202607;83453006;00; LENV;N;1530666;2944058,30;0,014990;44131,43;1671,82;0,00;45803,25;83;
024;453;202607;202606;83453004;00; LENV;R;1;0,50;0,014990;0,01;0,00;0,00;0,01;83;
024;453;202607;202606;83453006;00; LENV;R;2;1,00;0,014990;0,01;0,00;0,00;0,02;83;
024;453;202607;202607;83211007;00; LENV;R;15;17,70;0,014990;0,27;0,01;0,00;0,28;83;
024;453;202607;202607;83453003;00; LENV;R;17783;52939,90;0,014990;793,57;30,06;0,00;823,63;83;
024;453;202607;202607;83453004;00; LENV;R;11982;33921,00;0,014990;508,48;19,26;0,00;527,74;83;
024;453;202607;202607;83453005;00; LENV;R;0;5,50;0,014990;0,08;0,00;0,00;0,09;83;
024;453;202607;202607;83453006;00; LENV;R;263660;765176,60;0,014990;11470,00;434,51;0,00;11904,51;83;
024;453;202607;202607;83453003;00; LSAV;N;3;1,90;0,014990;0,03;0,00;0,00;0,03;83;
024;453;202607;202607;83453005;00; LSAV;N;304;671,60;0,014990;10,07;0,38;0,00;10,45;83;
024;453;202607;202607;83453006;00; LSAV;N;6303;14143,20;0,014990;212,01;8,03;0,00;220,04;83;
024;453;202607;202607;83453005;00; LSAV;R;3;1,50;0,014990;0,02;0,00;0,00;0,02;83;
024;453;202607;202607;83453006;00; LSAV;R;1727;5196,50;0,014990;77,90;2,95;0,00;80,85;83;
;;;;;01;;;2017323;4169513,20;;62501,01;2367,69;0,00;64868,73;;
028;455;202607;202606;85455008;00; LENV;N;95;116,80;0,014990;1,75;0,07;0,00;1,82;85;
028;455;202607;202607;85001010;00; LENV;N;159;166,70;0,014990;2,50;0,09;0,00;2,59;85;
028;455;202607;202607;8508500F;00; LENV;N;2;1,00;0,014990;0,01;0,00;0,00;0,02;85;
028;455;202607;202607;8521100F;00; LENV;N;14190;8146,90;0,014990;122,12;4,63;0,00;126,75;85;
028;455;202607;202607;85455008;00; LENV;N;2457905;4245261,70;0,014990;63636,47;2410,72;0,00;66047,20;85;
028;455;202607;202606;88455009;00; LENV;N;11;7,30;0,014990;0,11;0,00;0,00;0,11;88;
028;455;202607;202607;88001011;00; LENV;N;2;1,10;0,014990;0,02;0,00;0,00;0,02;88;
028;455;202607;202607;8808500G;00; LENV;N;1;0,50;0,014990;0,01;0,00;0,00;0,01;88;
028;455;202607;202607;88211005;00; LENV;N;963;523,30;0,014990;7,84;0,30;0,00;8,14;88;
028;455;202607;202607;88455009;00; LENV;N;349142;522932,50;0,014990;7838,76;296,95;0,00;8135,71;88;
028;455;202607;202606;85455008;00; LENV;R;137;465,50;0,014990;6,98;0,26;0,00;7,24;85;
028;455;202607;202607;85001010;00; LENV;R;3;1,50;0,014990;0,02;0,00;0,00;0,02;85;
028;455;202607;202607;85455008;00; LENV;R;433845;1074133,90;0,014990;16101,27;609,96;0,00;16711,23;85;
028;455;202607;202606;88455009;00; LENV;R;14;8,20;0,014990;0,12;0,00;0,00;0,13;88;
028;455;202607;202607;88455009;00; LENV;R;60338;131934,90;0,014990;1977,70;74,92;0,00;2052,62;88;
028;455;202607;202607;85455008;00; LSAV;N;4931;8928,80;0,014990;133,84;5,07;0,00;138,91;85;
028;455;202607;202607;8545500A;00; LSAV;N;5519;10340,50;0,014990;155,00;5,87;0,00;160,88;85;
028;455;202607;202607;88455008;00; LSAV;N;552;1092,90;0,014990;16,38;0,62;0,00;17,00;88;
028;455;202607;202607;88455009;00; LSAV;N;512;1069,40;0,014990;16,03;0,61;0,00;16,64;88;
028;455;202607;202606;85455008;00; LSAV;R;1;2,00;0,014990;0,03;0,00;0,00;0,03;85;
028;455;202607;202606;8545500A;00; LSAV;R;1;0,50;0,014990;0,01;0,00;0,00;0,01;85;
028;455;202607;202607;85455008;00; LSAV;R;1420;3353,60;0,014990;50,27;1,90;0,00;52,17;85;
028;455;202607;202607;8545500A;00; LSAV;R;1480;2855,60;0,014990;42,81;1,62;0,00;44,43;85;
028;455;202607;202607;88455008;00; LSAV;R;149;274,10;0,014990;4,11;0,16;0,00;4,26;88;
028;455;202607;202607;88455009;00; LSAV;R;139;249,70;0,014990;3,74;0,14;0,00;3,88;88;
;;;;;01;;;3331511;6011868,90;;90117,90;3413,89;0,00;93531,82;;
029;456;202607;202606;86456001;00; LENV;N;20;10,00;0,014990;0,15;0,01;0,00;0,16;86;
029;456;202607;202606;86456002;00; LENV;N;36;18,00;0,014990;0,27;0,01;0,00;0,28;86;
029;456;202607;202606;86456004;00; LENV;N;4;2,90;0,014990;0,04;0,00;0,00;0,05;86;
029;456;202607;202607;86211006;00; LENV;N;962;564,60;0,014990;8,46;0,32;0,00;8,78;86;
029;456;202607;202607;86456001;00; LENV;N;166974;287849,70;0,014990;4314,87;163,46;0,00;4478,33;86;
029;456;202607;202607;86456002;00; LENV;N;312431;553592,50;0,014990;8298,35;314,36;0,00;8612,72;86;
029;456;202607;202607;86456004;00; LENV;N;265296;214135,30;0,014990;3209,89;121,60;0,00;3331,49;86;
029;456;202607;202607;89211005;00; LENV;N;193;144,40;0,014990;2,16;0,08;0,00;2,25;89;
029;456;202607;202607;89456004;00; LENV;N;79738;106530,90;0,014990;1596,90;60,49;0,00;1657,39;89;
029;456;202607;202606;86456002;00; LENV;R;6;3,00;0,014990;0,04;0,00;0,00;0,05;86;
029;456;202607;202607;86456001;00; LENV;R;5855;16898,50;0,014990;253,31;9,60;0,00;262,90;86;
029;456;202607;202607;86456002;00; LENV;R;74394;202738,60;0,014990;3039,05;115,13;0,00;3154,18;86;
029;456;202607;202607;86456004;00; LENV;R;9235;23329,30;0,014990;349,71;13,25;0,00;362,95;86;
029;456;202607;202607;89456004;00; LENV;R;9269;26888,90;0,014990;403,06;15,27;0,00;418,33;89;
029;456;202607;202607;86456001;00; LSAV;N;3;3,50;0,014990;0,05;0,00;0,00;0,05;86;
029;456;202607;202607;86456002;00; LSAV;N;924;3341,80;0,014990;50,09;1,90;0,00;51,99;86;
029;456;202607;202607;86456004;00; LSAV;N;785;2459,00;0,014990;36,86;1,40;0,00;38,26;86;
029;456;202607;202607;89456001;00; LSAV;N;107;373,10;0,014990;5,59;0,21;0,00;5,80;89;
029;456;202607;202607;89456004;00; LSAV;N;129;507,90;0,014990;7,61;0,29;0,00;7,90;89;
029;456;202607;202607;86456002;00; LSAV;R;207;720,10;0,014990;10,79;0,41;0,00;11,20;86;
029;456;202607;202607;86456004;00; LSAV;R;192;740,30;0,014990;11,10;0,42;0,00;11,52;86;
029;456;202607;202607;89456001;00; LSAV;R;29;103,30;0,014990;1,55;0,06;0,00;1,61;89;
029;456;202607;202607;89456004;00; LSAV;R;32;104,40;0,014990;1,56;0,06;0,00;1,62;89;
;;;;;01;;;926821;1441060,00;;21601,46;818,33;0,00;22419,81;;
032;454;202607;202606;84454006;00; LENV;N;17;9,70;0,014990;0,15;0,01;0,00;0,15;84;
032;454;202607;202607;84211007;00; LENV;N;2466;1517,70;0,014990;22,75;0,86;0,00;23,61;84;
032;454;202607;202607;84454006;00; LENV;N;945397;1614495,90;0,014990;24201,29;916,81;0,00;25118,10;84;
032;454;202607;202606;84454006;00; LENV;R;1;0,50;0,014990;0,01;0,00;0,00;0,01;84;
032;454;202607;202607;84454006;00; LENV;R;149778;384733,60;0,014990;5767,16;218,48;0,00;5985,63;84;
032;454;202607;202607;84454006;00; LSAV;N;3095;6015,00;0,014990;90,16;3,42;0,00;93,58;84;
032;454;202607;202607;84454006;00; LSAV;R;761;1502,30;0,014990;22,52;0,85;0,00;23,37;84;
;;;;;01;;;1101515;2008274,70;;30104,04;1140,43;0,00;31244,45;;
054;066;202607;202606;67066003;00; LENV;N;253;627,90;0,016860;10,59;0,40;0,00;10,99;67;
054;066;202607;202607;67066003;00; LENV;N;1360957;2467500,70;0,016860;41602,06;1576,00;0,00;43178,06;67;
054;066;202607;202607;67066004;00; LENV;N;183735;117779,20;0,016860;1985,76;75,23;0,00;2060,98;67;
054;066;202607;202607;67066006;00; LENV;N;17;12,30;0,016860;0,21;0,01;0,00;0,22;67;
054;066;202607;202607;67211004;00; LENV;N;14128;8682,10;0,016860;146,38;5,55;0,00;151,93;67;
054;066;202607;202606;67066003;00; LENV;R;2;21,80;0,016860;0,37;0,01;0,00;0,38;67;
054;066;202607;202607;67066003;00; LENV;R;191897;511690,60;0,016860;8627,10;326,82;0,00;8953,92;67;
054;066;202607;202607;67066004;00; LENV;R;2229;1825,70;0,016860;30,78;1,17;0,00;31,95;67;
054;066;202607;202607;67211004;00; LENV;R;3;1,50;0,016860;0,03;0,00;0,00;0,03;67;
054;066;202607;202607;67066003;00; LSAV;N;872;2220,50;0,016860;37,44;1,42;0,00;38,86;67;
054;066;202607;202607;67066003;00; LSAV;R;255;600,00;0,016860;10,12;0,38;0,00;10,50;67;
054;066;202607;202607;67066007;00; LSAV;R;1;0,90;0,016860;0,02;0,00;0,00;0,02;67;
;;;;;01;;;1754349;3110963,20;;52450,86;1986,99;0,00;54437,84;;
057;064;202607;202606;6506400C;00; LENV;N;1;2,60;0,016860;0,04;0,00;0,00;0,05;65;
057;064;202607;202606;6506400G;00; LENV;N;1027;535,40;0,016860;9,03;0,34;0,00;9,37;65;
057;064;202607;202606;6506400H;00; LENV;N;832;429,30;0,016860;7,24;0,27;0,00;7,51;65;
057;064;202607;202606;6506400J;00; LENV;N;466;324,90;0,016860;5,48;0,21;0,00;5,69;65;
057;064;202607;202607;6506400C;00; LENV;N;5584;7310,60;0,016860;123,26;4,67;0,00;127,93;65;
057;064;202607;202607;6506400G;00; LENV;N;1109471;1403081,00;0,016860;23655,95;896,15;0,00;24552,10;65;
057;064;202607;202607;6506400H;00; LENV;N;885340;1120778,40;0,016860;18896,32;715,84;0,00;19612,17;65;
057;064;202607;202607;6506400J;00; LENV;N;213023;275775,40;0,016860;4649,57;176,14;0,00;4825,71;65;
057;064;202607;202607;65211004;00; LENV;N;5441;2956,30;0,016860;49,84;1,89;0,00;51,73;65;
057;064;202607;202607;65211007;00; LENV;N;8150;4368,30;0,016860;73,65;2,79;0,00;76,44;65;
057;064;202607;202606;66064004;00; LENV;N;2;1,00;0,016860;0,02;0,00;0,00;0,02;66;
057;064;202607;202606;66064008;00; LENV;N;49;62,70;0,016860;1,06;0,04;0,00;1,10;66;
057;064;202607;202606;6606400A;00; LENV;N;178;105,70;0,016860;1,78;0,07;0,00;1,85;66;
057;064;202607;202606;6606400B;00; LENV;N;56;32,20;0,016860;0,54;0,02;0,00;0,56;66;
057;064;202607;202607;66064004;00; LENV;N;8068;5849,30;0,016860;98,62;3,74;0,00;102,36;66;
057;064;202607;202607;66064008;00; LENV;N;378446;519676,20;0,016860;8761,74;331,92;0,00;9093,66;66;
057;064;202607;202607;6606400A;00; LENV;N;72591;103408,70;0,016860;1743,47;66,05;0,00;1809,52;66;
057;064;202607;202607;6606400B;00; LENV;N;303730;418772,20;0,016860;7060,50;267,47;0,00;7327,97;66;
057;064;202607;202607;66211007;00; LENV;N;10906;5864,40;0,016860;98,87;3,75;0,00;102,62;66;
057;064;202607;202607;6621100A;00; LENV;N;7213;3864,60;0,016860;65,16;2,47;0,00;67,63;66;
057;064;202607;202606;6506400G;00; LENV;R;17;10,90;0,016860;0,18;0,01;0,00;0,19;65;
057;064;202607;202606;6506400H;00; LENV;R;8;4,00;0,016860;0,07;0,00;0,00;0,07;65;
057;064;202607;202606;6506400J;00; LENV;R;3;3,20;0,016860;0,05;0,00;0,00;0,06;65;
057;064;202607;202607;6506400C;00; LENV;R;634;428,40;0,016860;7,22;0,27;0,00;7,50;65;
057;064;202607;202607;6506400G;00; LENV;R;91865;248651,90;0,016860;4192,27;158,81;0,00;4351,09;65;
057;064;202607;202607;6506400H;00; LENV;R;72861;197913,50;0,016860;3336,82;126,41;0,00;3463,23;65;
057;064;202607;202607;6506400J;00; LENV;R;16957;48313,20;0,016860;814,56;30,86;0,00;845,42;65;
057;064;202607;202607;65211004;00; LENV;R;3;1,50;0,016860;0,03;0,00;0,00;0,03;65;
057;064;202607;202607;65211007;00; LENV;R;15;7,10;0,016860;0,12;0,00;0,00;0,12;65;
057;064;202607;202607;66064004;00; LENV;R;202;184,70;0,016860;3,11;0,12;0,00;3,23;66;
057;064;202607;202607;66064008;00; LENV;R;41644;89089,40;0,016860;1502,05;56,90;0,00;1558,95;66;
057;064;202607;202607;6606400A;00; LENV;R;7763;17570,60;0,016860;296,24;11,22;0,00;307,46;66;
057;064;202607;202607;6606400B;00; LENV;R;33495;71826,80;0,016860;1211,00;45,88;0,00;1256,88;66;
057;064;202607;202607;66211007;00; LENV;R;22;11,00;0,016860;0,19;0,01;0,00;0,19;66;
057;064;202607;202607;6621100A;00; LENV;R;15;7,50;0,016860;0,13;0,00;0,00;0,13;66;
057;064;202607;202607;6506400H;00; LSAV;N;49;87,70;0,016860;1,48;0,06;0,00;1,53;65;
057;064;202607;202607;66064009;00; LSAV;N;33;221,00;0,016860;3,73;0,14;0,00;3,87;66;
057;064;202607;202607;6506400H;00; LSAV;R;8;14,70;0,016860;0,25;0,01;0,00;0,26;65;
057;064;202607;202607;66064009;00; LSAV;R;6;7,80;0,016860;0,13;0,00;0,00;0,14;66;
;;;;;01;;;3276174;4547554,10;;76671,77;2904,53;0,00;79576,34;;
058;004;202607;202606;6900400A;00; LENV;N;3537;1832,90;0,016860;30,90;1,17;0,00;32,07;69;
058;004;202607;202607;69004005;00; LENV;N;2340;1523,80;0,016860;25,69;0,97;0,00;26,66;69;
058;004;202607;202607;69004006;00; LENV;N;49890;30745,80;0,016860;518,37;19,64;0,00;538,01;69;
058;004;202607;202607;6900400A;00; LENV;N;796439;769507,00;0,016860;12973,89;491,49;0,00;13465,37;69;
058;004;202607;202607;69211004;00; LENV;N;1657;952,00;0,016860;16,05;0,61;0,00;16,66;69;
058;004;202607;202606;6900400A;00; LENV;R;20;15,60;0,016860;0,26;0,01;0,00;0,27;69;
058;004;202607;202607;69004006;00; LENV;R;829;615,00;0,016860;10,37;0,39;0,00;10,76;69;
058;004;202607;202607;6900400A;00; LENV;R;50093;113216,80;0,016860;1908,84;72,31;0,00;1981,15;69;
058;004;202607;202607;69004009;00; LSAV;N;3;2,80;0,016860;0,05;0,00;0,00;0,05;69;
058;004;202607;202607;6900400A;00; LSAV;N;517;929,80;0,016860;15,68;0,59;0,00;16,27;69;
058;004;202607;202607;6900400A;00; LSAV;R;142;318,60;0,016860;5,37;0,20;0,00;5,58;69;
;;;;;01;;;905467;919660,10;;15505,47;587,38;0,00;16092,85;;
059;003;202607;202606;68003009;00; LENV;N;4;2,00;0,016860;0,03;0,00;0,00;0,03;68;
059;003;202607;202607;68003009;00; LENV;N;751692;1236587,10;0,016860;20848,86;789,81;0,00;21638,67;68;
059;003;202607;202607;68093006;00; LENV;N;10312;5687,10;0,016860;95,88;3,63;0,00;99,52;68;
059;003;202607;202607;68093008;00; LENV;N;10231;5624,80;0,016860;94,83;3,59;0,00;98,43;68;
059;003;202607;202607;68211006;00; LENV;N;8752;4997,50;0,016860;84,26;3,19;0,00;87,45;68;
059;003;202607;202606;68003009;00; LENV;R;1;0,50;0,016860;0,01;0,00;0,00;0,01;68;
059;003;202607;202607;68003009;00; LENV;R;148673;449582,90;0,016860;7579,97;287,15;0,00;7867,12;68;
059;003;202607;202607;68093006;00; LENV;R;22;12,70;0,016860;0,21;0,01;0,00;0,22;68;
059;003;202607;202607;68093008;00; LENV;R;18;9,00;0,016860;0,15;0,01;0,00;0,16;68;
059;003;202607;202607;68003009;00; LSAV;N;1579;3216,40;0,016860;54,23;2,05;0,00;56,28;68;
059;003;202607;202607;68003009;00; LSAV;R;476;2317,30;0,016860;39,07;1,48;0,00;40,55;68;
;;;;;01;;;931760;1708037,30;;28797,50;1090,92;0,00;29888,44;;
063;060;202607;202606;61060010;00; LENV;N;2701;1615,10;0,016860;27,23;1,03;0,00;28,26;61;
063;060;202607;202606;61060014;00; LENV;N;1446;1051,70;0,016860;17,73;0,67;0,00;18,40;61;
063;060;202607;202606;6106001E;00; LENV;N;856;514,90;0,016860;8,68;0,33;0,00;9,01;61;
063;060;202607;202607;61001020;00; LENV;N;1084;1267,00;0,016860;21,36;0,81;0,00;22,17;61;
063;060;202607;202607;6100103L;00; LENV;N;1050;1150,20;0,016860;19,39;0,73;0,00;20,13;61;
063;060;202607;202607;61060010;00; LENV;N;2772118;3798433,80;0,016860;64041,59;2426,07;0,00;66467,66;61;
063;060;202607;202607;61060014;00; LENV;N;802316;1165037,40;0,016860;19642,53;744,11;0,00;20386,64;61;
063;060;202607;202607;6106001E;00; LENV;N;1120903;1529482,80;0,016860;25787,08;976,88;0,00;26763,96;61;
063;060;202607;202607;6121101E;00; LENV;N;11790;6445,00;0,016860;108,66;4,12;0,00;112,78;61;
063;060;202607;202607;6121101J;00; LENV;N;2212;1230,60;0,016860;20,75;0,79;0,00;21,53;61;
063;060;202607;202606;61060010;00; LENV;R;42;27,40;0,016860;0,46;0,02;0,00;0,48;61;
063;060;202607;202606;61060014;00; LENV;R;18;13,00;0,016860;0,22;0,01;0,00;0,23;61;
063;060;202607;202606;6106001E;00; LENV;R;15;10,80;0,016860;0,18;0,01;0,00;0,19;61;
063;060;202607;202607;61001020;00; LENV;R;58;67,60;0,016860;1,14;0,04;0,00;1,18;61;
063;060;202607;202607;6100103L;00; LENV;R;47;53,30;0,016860;0,90;0,03;0,00;0,93;61;
063;060;202607;202607;61060010;00; LENV;R;232122;645374,40;0,016860;10881,01;412,20;0,00;11293,21;61;
063;060;202607;202607;61060014;00; LENV;R;73008;213202,50;0,016860;3594,59;136,17;0,00;3730,77;61;
063;060;202607;202607;6106001E;00; LENV;R;94623;266467,20;0,016860;4492,64;170,19;0,00;4662,83;61;
063;060;202607;202607;61060010;00; LSAV;N;1;0,60;0,016860;0,01;0,00;0,00;0,01;61;
063;060;202607;202607;6106001B;00; LSAV;N;1452;2850,40;0,016860;48,06;1,82;0,00;49,88;61;
063;060;202607;202607;6106001C;00; LSAV;N;74;147,60;0,016860;2,49;0,09;0,00;2,58;61;
063;060;202607;202607;6106001E;00; LSAV;N;2823;5542,10;0,016860;93,44;3,54;0,00;96,98;61;
063;060;202607;202607;6106001F;00; LSAV;N;43;81,40;0,016860;1,37;0,05;0,00;1,42;61;
063;060;202607;202607;6106001H;00; LSAV;N;209;576,60;0,016860;9,72;0,37;0,00;10,09;61;
063;060;202607;202607;6106001B;00; LSAV;R;349;959,10;0,016860;16,17;0,61;0,00;16,78;61;
063;060;202607;202607;6106001C;00; LSAV;R;6;6,90;0,016860;0,12;0,00;0,00;0,12;61;
063;060;202607;202607;6106001E;00; LSAV;R;618;1088,20;0,016860;18,35;0,70;0,00;19,04;61;
063;060;202607;202607;6106001F;00; LSAV;R;8;12,50;0,016860;0,21;0,01;0,00;0,22;61;
063;060;202607;202607;6106001H;00; LSAV;R;71;241,30;0,016860;4,07;0,15;0,00;4,22;61;
;;;;;01;;;5122063;7642951,40;;128860,15;4881,55;0,00;133741,70;;
069;056;202607;202606;6305600D;00; LENV;N;118;70,70;0,016860;1,19;0,05;0,00;1,24;63;
069;056;202607;202607;63056004;00; LENV;N;170;100,00;0,016860;1,69;0,06;0,00;1,75;63;
069;056;202607;202607;63056007;00; LENV;N;138;75,10;0,016860;1,27;0,05;0,00;1,31;63;
069;056;202607;202607;6305600D;00; LENV;N;228690;416375,50;0,016860;7020,09;265,94;0,00;7286,03;63;
069;056;202607;202607;6321100H;00; LENV;N;1204;689,50;0,016860;11,62;0,44;0,00;12,07;63;
069;056;202607;202607;63056004;00; LENV;R;2;1,30;0,016860;0,02;0,00;0,00;0,02;63;
069;056;202607;202607;63056007;00; LENV;R;5;2,80;0,016860;0,05;0,00;0,00;0,05;63;
069;056;202607;202607;6305600D;00; LENV;R;37955;91784,70;0,016860;1547,49;58,62;0,00;1606,11;63;
069;056;202607;202607;6305600C;00; LSAV;N;2;4,00;0,016860;0,07;0,00;0,00;0,07;63;
069;056;202607;202607;6305600D;00; LSAV;N;482;1123,10;0,016860;18,94;0,72;0,00;19,65;63;
069;056;202607;202607;6305600E;00; LSAV;N;3;14,10;0,016860;0,24;0,01;0,00;0,25;63;
069;056;202607;202607;6305600D;00; LSAV;R;109;308,40;0,016860;5,20;0,20;0,00;5,40;63;
;;;;;01;;;268878;510549,20;;8607,87;326,09;0,00;8933,95;;
077;068;202607;202606;6206800K;00; LENV;N;253;182,80;0,016860;3,08;0,12;0,00;3,20;62;
077;068;202607;202606;6206800O;00; LENV;N;560;315,20;0,016860;5,31;0,20;0,00;5,52;62;
077;068;202607;202606;6206800S;00; LENV;N;257;140,50;0,016860;2,37;0,09;0,00;2,46;62;
077;068;202607;202606;6206800U;00; LENV;N;246;145,80;0,016860;2,46;0,09;0,00;2,55;62;
077;068;202607;202606;6206800V;00; LENV;N;324;197,00;0,016860;3,32;0,13;0,00;3,45;62;
077;068;202607;202606;6206800X;00; LENV;N;114;79,30;0,016860;1,34;0,05;0,00;1,39;62;
077;068;202607;202607;6206800K;00; LENV;N;526811;1049615,80;0,016860;17696,52;670,39;0,00;18366,91;62;
077;068;202607;202607;6206800O;00; LENV;N;439224;851591,20;0,016860;14357,83;543,91;0,00;14901,74;62;
077;068;202607;202607;6206800S;00; LENV;N;97401;102397,60;0,016860;1726,42;65,40;0,00;1791,83;62;
077;068;202607;202607;6206800U;00; LENV;N;292694;432056,50;0,016860;7284,47;275,96;0,00;7560,43;62;
077;068;202607;202607;6206800V;00; LENV;N;390086;407804,60;0,016860;6875,59;260,47;0,00;7136,05;62;
077;068;202607;202607;6206800X;00; LENV;N;110552;209362,60;0,016860;3529,85;133,72;0,00;3663,57;62;
077;068;202607;202607;6221100L;00; LENV;N;1379;751,80;0,016860;12,68;0,48;0,00;13,16;62;
077;068;202607;202607;6221100O;00; LENV;N;1826;1021,70;0,016860;17,23;0,65;0,00;17,88;62;
077;068;202607;202607;6221100Q;00; LENV;N;2122;1106,20;0,016860;18,65;0,71;0,00;19,36;62;
077;068;202607;202606;6406800P;00; LENV;N;355;208,70;0,016860;3,52;0,13;0,00;3,65;64;
077;068;202607;202606;6406800Q;00; LENV;N;366;202,00;0,016860;3,41;0,13;0,00;3,53;64;
077;068;202607;202607;6406800P;00; LENV;N;317913;487910,50;0,016860;8226,17;311,63;0,00;8537,80;64;
077;068;202607;202607;6406800Q;00; LENV;N;266792;466477,10;0,016860;7864,80;297,94;0,00;8162,74;64;
077;068;202607;202607;6421100F;00; LENV;N;972;568,20;0,016860;9,58;0,36;0,00;9,94;64;
077;068;202607;202607;6421100G;00; LENV;N;1618;913,30;0,016860;15,40;0,58;0,00;15,98;64;
077;068;202607;202607;6206800K;00; LENV;R;76258;206192,80;0,016860;3476,41;131,70;0,00;3608,11;62;
077;068;202607;202607;6206800O;00; LENV;R;56444;165682,00;0,016860;2793,40;105,82;0,00;2899,22;62;
077;068;202607;202607;6206800S;00; LENV;R;6976;13207,50;0,016860;222,68;8,44;0,00;231,11;62;
077;068;202607;202607;6206800U;00; LENV;R;29967;72737,90;0,016860;1226,36;46,46;0,00;1272,82;62;
077;068;202607;202607;6206800V;00; LENV;R;30615;53122,00;0,016860;895,64;33,93;0,00;929,57;62;
077;068;202607;202607;6206800X;00; LENV;R;15256;42161,10;0,016860;710,84;26,93;0,00;737,76;62;
077;068;202607;202606;6406800P;00; LENV;R;1;0,50;0,016860;0,01;0,00;0,00;0,01;64;
077;068;202607;202607;6406800P;00; LENV;R;34844;87591,60;0,016860;1476,79;55,94;0,00;1532,74;64;
077;068;202607;202607;6406800Q;00; LENV;R;35914;91513,50;0,016860;1542,92;58,45;0,00;1601,37;64;
077;068;202607;202607;6206800P;00; LSAV;N;38;174,00;0,016860;2,93;0,11;0,00;3,04;62;
077;068;202607;202607;6206800Q;00; LSAV;N;47;176,40;0,016860;2,97;0,11;0,00;3,09;62;
077;068;202607;202607;6206800T;00; LSAV;N;359;716,70;0,016860;12,08;0,46;0,00;12,54;62;
077;068;202607;202607;6206800U;00; LSAV;N;2693;7010,50;0,016860;118,20;4,48;0,00;122,67;62;
077;068;202607;202607;6206800V;00; LSAV;N;48;129,20;0,016860;2,18;0,08;0,00;2,26;62;
077;068;202607;202607;6206800X;00; LSAV;N;1;1,10;0,016860;0,02;0,00;0,00;0,02;62;
077;068;202607;202607;6406800L;00; LSAV;N;14;76,10;0,016860;1,28;0,05;0,00;1,33;64;
077;068;202607;202607;6406800M;00; LSAV;N;107;327,40;0,016860;5,52;0,21;0,00;5,73;64;
077;068;202607;202607;6406800O;00; LSAV;N;12;51,50;0,016860;0,87;0,03;0,00;0,90;64;
077;068;202607;202607;6406800P;00; LSAV;N;491;1271,30;0,016860;21,43;0,81;0,00;22,25;64;
077;068;202607;202607;6406800Q;00; LSAV;N;6;6,80;0,016860;0,11;0,00;0,00;0,12;64;
077;068;202607;202607;6206800P;00; LSAV;R;12;100,50;0,016860;1,69;0,06;0,00;1,76;62;
077;068;202607;202607;6206800Q;00; LSAV;R;14;16,20;0,016860;0,27;0,01;0,00;0,28;62;
077;068;202607;202607;6206800T;00; LSAV;R;50;71,30;0,016860;1,20;0,05;0,00;1,25;62;
077;068;202607;202607;6206800U;00; LSAV;R;662;2571,30;0,016860;43,35;1,64;0,00;44,99;62;
077;068;202607;202607;6206800V;00; LSAV;R;19;38,60;0,016860;0,65;0,02;0,00;0,68;62;
077;068;202607;202607;6406800L;00; LSAV;R;3;11,40;0,016860;0,19;0,01;0,00;0,20;64;
077;068;202607;202607;6406800M;00; LSAV;R;19;42,70;0,016860;0,72;0,03;0,00;0,75;64;
077;068;202607;202607;6406800O;00; LSAV;R;4;24,10;0,016860;0,41;0,02;0,00;0,42;64;
077;068;202607;202607;6406800P;00; LSAV;R;113;244,20;0,016860;4,12;0,16;0,00;4,27;64;
;;;;;01;;;2742852;4758318,60;;80225,24;3039,15;0,00;83264,40;;
430;030;202607;202606;3103000R;00; LENV;N;579;564,10;0,014990;8,46;0,32;0,00;8,78;31;
430;030;202607;202606;3103000V;00; LENV;N;537;420,50;0,014990;6,30;0,24;0,00;6,54;31;
430;030;202607;202606;31030010;00; LENV;N;552;454,60;0,014990;6,81;0,26;0,00;7,07;31;
430;030;202607;202606;3103001I;00; LENV;N;510;549,80;0,014990;8,24;0,31;0,00;8,55;31;
430;030;202607;202606;3103001N;00; LENV;N;597;557,90;0,014990;8,36;0,32;0,00;8,68;31;
430;030;202607;202606;3103001R;00; LENV;N;530;459,20;0,014990;6,88;0,26;0,00;7,14;31;
430;030;202607;202607;31001012;00; LENV;N;1903;2542,20;0,014990;38,11;1,44;0,00;39,55;31;
430;030;202607;202607;31001013;00; LENV;N;1900;2463,80;0,014990;36,93;1,40;0,00;38,33;31;
430;030;202607;202607;31001016;00; LENV;N;1216;1632,70;0,014990;24,47;0,93;0,00;25,40;31;
430;030;202607;202607;3100101C;00; LENV;N;1277;1616,70;0,014990;24,23;0,92;0,00;25,15;31;
430;030;202607;202607;3101200B;00; LENV;N;49;77,30;0,014990;1,16;0,04;0,00;1,20;31;
430;030;202607;202607;3101200H;00; LENV;N;55;114,40;0,014990;1,71;0,06;0,00;1,78;31;
430;030;202607;202607;3101200J;00; LENV;N;57;102,10;0,014990;1,53;0,06;0,00;1,59;31;
430;030;202607;202607;3101200N;00; LENV;N;55;89,20;0,014990;1,34;0,05;0,00;1,39;31;
430;030;202607;202607;3101200P;00; LENV;N;65;123,20;0,014990;1,85;0,07;0,00;1,92;31;
430;030;202607;202607;3103000R;00; LENV;N;1344322;3385280,50;0,014990;50745,35;1922,37;0,00;52667,73;31;
430;030;202607;202607;3103000V;00; LENV;N;1327346;3332678,40;0,014990;49956,85;1892,50;0,00;51849,35;31;
430;030;202607;202607;31030010;00; LENV;N;1339239;3390564,60;0,014990;50824,56;1925,37;0,00;52749,94;31;
430;030;202607;202607;3103001I;00; LENV;N;1667288;4503649,00;0,014990;67509,70;2557,45;0,00;70067,15;31;
430;030;202607;202607;3103001N;00; LENV;N;1672244;4539568,70;0,014990;68048,13;2577,85;0,00;70625,98;31;
430;030;202607;202607;3103001R;00; LENV;N;1660307;4499184,40;0,014990;67442,77;2554,92;0,00;69997,69;31;
430;030;202607;202607;3121100Q;00; LENV;N;6625;3732,70;0,014990;55,95;2,12;0,00;58,07;31;
430;030;202607;202607;3121100U;00; LENV;N;6488;3674,60;0,014990;55,08;2,09;0,00;57,17;31;
430;030;202607;202607;3121100Z;00; LENV;N;6735;3781,20;0,014990;56,68;2,15;0,00;58,83;31;
430;030;202607;202606;32030006;00; LENV;N;146;104,70;0,014990;1,57;0,06;0,00;1,63;32;
430;030;202607;202606;32030007;00; LENV;N;9;4,70;0,014990;0,07;0,00;0,00;0,07;32;
430;030;202607;202607;3200100C;00; LENV;N;442;377,20;0,014990;5,65;0,21;0,00;5,87;32;
430;030;202607;202607;3200100I;00; LENV;N;27;21,90;0,014990;0,33;0,01;0,00;0,34;32;
430;030;202607;202607;32012008;00; LENV;N;13;31,30;0,014990;0,47;0,02;0,00;0,49;32;
430;030;202607;202607;3201200H;00; LENV;N;22;34,90;0,014990;0,52;0,02;0,00;0,54;32;
430;030;202607;202607;32030006;00; LENV;N;1144383;3039743,90;0,014990;45565,76;1726,15;0,00;47291,92;32;
430;030;202607;202607;32030007;00; LENV;N;108015;295947,10;0,014990;4436,25;168,06;0,00;4604,30;32;
430;030;202607;202607;3221100J;00; LENV;N;726;454,30;0,014990;6,81;0,26;0,00;7,07;32;
430;030;202607;202606;3303000D;00; LENV;N;82;43,60;0,014990;0,65;0,02;0,00;0,68;33;
430;030;202607;202607;33001010;00; LENV;N;77;87,90;0,014990;1,32;0,05;0,00;1,37;33;
430;030;202607;202607;3303000D;00; LENV;N;663560;1737800,20;0,014990;26049,62;986,83;0,00;27036,46;33;
430;030;202607;202607;3321100D;00; LENV;N;450;269,50;0,014990;4,04;0,15;0,00;4,19;33;
430;030;202607;202607;3321100J;00; LENV;N;453;283,40;0,014990;4,25;0,16;0,00;4,41;33;
430;030;202607;202606;34030007;00; LENV;N;220;159,20;0,014990;2,39;0,09;0,00;2,48;34;
430;030;202607;202607;3400100M;00; LENV;N;432;388,00;0,014990;5,82;0,22;0,00;6,04;34;
430;030;202607;202607;3401200G;00; LENV;N;326;342,90;0,014990;5,14;0,19;0,00;5,33;34;
430;030;202607;202607;3401200L;00; LENV;N;284;262,60;0,014990;3,94;0,15;0,00;4,09;34;
430;030;202607;202607;34030007;00; LENV;N;358902;742118,50;0,014990;11124,36;421,42;0,00;11545,78;34;
430;030;202607;202607;3421100E;00; LENV;N;957;541,90;0,014990;8,12;0,31;0,00;8,43;34;
430;030;202607;202607;3421100K;00; LENV;N;887;493,80;0,014990;7,40;0,28;0,00;7,68;34;
430;030;202607;202606;3503000C;00; LENV;N;113;96,20;0,014990;1,44;0,05;0,00;1,50;35;
430;030;202607;202607;3500100G;00; LENV;N;90;82,10;0,014990;1,23;0,05;0,00;1,28;35;
430;030;202607;202607;3501200C;00; LENV;N;126;156,30;0,014990;2,34;0,09;0,00;2,43;35;
430;030;202607;202607;3501200I;00; LENV;N;111;147,80;0,014990;2,22;0,08;0,00;2,30;35;
430;030;202607;202607;3503000C;00; LENV;N;1761020;4352374,60;0,014990;65242,10;2471,55;0,00;67713,64;35;
430;030;202607;202607;35211007;00; LENV;N;869;513,20;0,014990;7,69;0,29;0,00;7,98;35;
430;030;202607;202607;3521100D;00; LENV;N;789;485,80;0,014990;7,28;0,28;0,00;7,56;35;
430;030;202607;202606;37030009;00; LENV;N;46;24,50;0,014990;0,37;0,01;0,00;0,38;37;
430;030;202607;202607;3700100I;00; LENV;N;69;83,30;0,014990;1,25;0,05;0,00;1,30;37;
430;030;202607;202607;3701200C;00; LENV;N;24;18,50;0,014990;0,28;0,01;0,00;0,29;37;
430;030;202607;202607;3701200J;00; LENV;N;32;23,10;0,014990;0,35;0,01;0,00;0,36;37;
430;030;202607;202607;37030009;00; LENV;N;400871;1059978,90;0,014990;15889,08;601,92;0,00;16491,01;37;
430;030;202607;202607;3721100G;00; LENV;N;431;286,30;0,014990;4,29;0,16;0,00;4,45;37;
430;030;202607;202606;3803000A;00; LENV;N;15;8,40;0,014990;0,13;0,00;0,00;0,13;38;
430;030;202607;202607;3800100M;00; LENV;N;19;17,70;0,014990;0,27;0,01;0,00;0,28;38;
430;030;202607;202607;3803000A;00; LENV;N;661416;1672480,20;0,014990;25070,48;949,74;0,00;26020,22;38;
430;030;202607;202607;3821100D;00; LENV;N;737;418,20;0,014990;6,27;0,24;0,00;6,51;38;
430;030;202607;202607;3821100I;00; LENV;N;676;382,00;0,014990;5,73;0,22;0,00;5,94;38;
430;030;202607;202606;3103000R;00; LENV;R;9;4,50;0,014990;0,07;0,00;0,00;0,07;31;
430;030;202607;202606;3103000V;00; LENV;R;10;5,40;0,014990;0,08;0,00;0,00;0,08;31;
430;030;202607;202606;31030010;00; LENV;R;8;4,00;0,014990;0,06;0,00;0,00;0,06;31;
430;030;202607;202606;3103001I;00; LENV;R;22;13,40;0,014990;0,20;0,01;0,00;0,21;31;
430;030;202607;202606;3103001N;00; LENV;R;26;16,20;0,014990;0,24;0,01;0,00;0,25;31;
430;030;202607;202606;3103001R;00; LENV;R;23;36,10;0,014990;0,54;0,02;0,00;0,56;31;
430;030;202607;202607;31001012;00; LENV;R;50;42,90;0,014990;0,64;0,02;0,00;0,67;31;
430;030;202607;202607;31001013;00; LENV;R;50;136,50;0,014990;2,05;0,08;0,00;2,12;31;
430;030;202607;202607;31001016;00; LENV;R;33;38,90;0,014990;0,58;0,02;0,00;0,61;31;
430;030;202607;202607;3100101C;00; LENV;R;34;26,00;0,014990;0,39;0,01;0,00;0,40;31;
430;030;202607;202607;3101200B;00; LENV;R;1;10,10;0,014990;0,15;0,01;0,00;0,16;31;
430;030;202607;202607;3103000R;00; LENV;R;123418;468866,20;0,014990;7028,30;266,25;0,00;7294,56;31;
430;030;202607;202607;3103000V;00; LENV;R;122283;465556,30;0,014990;6978,69;264,37;0,00;7243,06;31;
430;030;202607;202607;31030010;00; LENV;R;123560;472720,30;0,014990;7086,08;268,44;0,00;7354,52;31;
430;030;202607;202607;3103001I;00; LENV;R;328069;1252923,70;0,014990;18781,33;711,49;0,00;19492,81;31;
430;030;202607;202607;3103001N;00; LENV;R;328693;1261237,60;0,014990;18905,95;716,21;0,00;19622,16;31;
430;030;202607;202607;3103001R;00; LENV;R;327838;1253757,60;0,014990;18793,83;711,96;0,00;19505,79;31;
430;030;202607;202606;32030006;00; LENV;R;1;0,50;0,014990;0,01;0,00;0,00;0,01;32;
430;030;202607;202607;3200100C;00; LENV;R;45;27,10;0,014990;0,41;0,02;0,00;0,42;32;
430;030;202607;202607;3200100I;00; LENV;R;5;3,30;0,014990;0,05;0,00;0,00;0,05;32;
430;030;202607;202607;32012008;00; LENV;R;2;4,70;0,014990;0,07;0,00;0,00;0,07;32;
430;030;202607;202607;3201200H;00; LENV;R;1;0,50;0,014990;0,01;0,00;0,00;0,01;32;
430;030;202607;202607;32030006;00; LENV;R;141709;572053,00;0,014990;8575,07;324,85;0,00;8899,92;32;
430;030;202607;202607;32030007;00; LENV;R;56998;223843,70;0,014990;3355,42;127,11;0,00;3482,53;32;
430;030;202607;202607;33001010;00; LENV;R;3;4,90;0,014990;0,07;0,00;0,00;0,08;33;
430;030;202607;202607;3303000D;00; LENV;R;107511;422975,70;0,014990;6340,41;240,19;0,00;6580,60;33;
430;030;202607;202606;34030007;00; LENV;R;1;2,30;0,014990;0,03;0,00;0,00;0,04;34;
430;030;202607;202607;3400100M;00; LENV;R;76;64,20;0,014990;0,96;0,04;0,00;1,00;34;
430;030;202607;202607;3401200G;00; LENV;R;44;38,30;0,014990;0,57;0,02;0,00;0,60;34;
430;030;202607;202607;3401200L;00; LENV;R;29;25,00;0,014990;0,37;0,01;0,00;0,39;34;
430;030;202607;202607;34030007;00; LENV;R;49064;160837,50;0,014990;2410,95;91,33;0,00;2502,29;34;
430;030;202607;202607;3500100G;00; LENV;R;17;12,90;0,014990;0,19;0,01;0,00;0,20;35;
430;030;202607;202607;3503000C;00; LENV;R;261767;946345,20;0,014990;14185,71;537,39;0,00;14723,11;35;
430;030;202607;202607;3701200C;00; LENV;R;3;1,50;0,014990;0,02;0,00;0,00;0,02;37;
430;030;202607;202607;3701200J;00; LENV;R;5;3,00;0,014990;0,04;0,00;0,00;0,05;37;
430;030;202607;202607;37030009;00; LENV;R;57930;215141,10;0,014990;3224,97;122,17;0,00;3347,14;37;
430;030;202607;202607;3803000A;00; LENV;R;107775;392227,00;0,014990;5879,48;222,73;0,00;6102,21;38;
430;030;202607;202607;3103001G;00; LSAV;N;1736;6214,30;0,014990;93,15;3,53;0,00;96,68;31;
430;030;202607;202607;3103001H;00; LSAV;N;5;8,90;0,014990;0,13;0,01;0,00;0,14;31;
430;030;202607;202607;3103001K;00; LSAV;N;26578;79384,70;0,014990;1189,98;45,08;0,00;1235,06;31;
430;030;202607;202607;3103001M;00; LSAV;N;47;147,10;0,014990;2,21;0,08;0,00;2,29;31;
430;030;202607;202607;3103001O;00; LSAV;N;685;3400,20;0,014990;50,97;1,93;0,00;52,90;31;
430;030;202607;202607;3103001P;00; LSAV;N;2;3,30;0,014990;0,05;0,00;0,00;0,05;31;
430;030;202607;202607;3203000C;00; LSAV;N;10;13,30;0,014990;0,20;0,01;0,00;0,21;32;
430;030;202607;202607;3203000E;00; LSAV;N;4939;13606,20;0,014990;203,96;7,73;0,00;211,68;32;
430;030;202607;202607;3203000G;00; LSAV;N;19;59,10;0,014990;0,89;0,03;0,00;0,92;32;
430;030;202607;202607;3203000I;00; LSAV;N;1;5,40;0,014990;0,08;0,00;0,00;0,08;32;
430;030;202607;202607;3203000M;00; LSAV;N;7;23,80;0,014990;0,36;0,01;0,00;0,37;32;
430;030;202607;202607;3303000G;00; LSAV;N;81;113,10;0,014990;1,70;0,06;0,00;1,76;33;
430;030;202607;202607;3303000K;00; LSAV;N;7;16,90;0,014990;0,25;0,01;0,00;0,26;33;
430;030;202607;202607;3303000Q;00; LSAV;N;2079;4096,30;0,014990;61,40;2,33;0,00;63,73;33;
430;030;202607;202607;3303000R;00; LSAV;N;4;5,60;0,014990;0,08;0,00;0,00;0,09;33;
430;030;202607;202607;3303000S;00; LSAV;N;1;0,50;0,014990;0,01;0,00;0,00;0,01;33;
430;030;202607;202607;3403000A;00; LSAV;N;14;72,00;0,014990;1,08;0,04;0,00;1,12;34;
430;030;202607;202607;3403000E;00; LSAV;N;24;99,20;0,014990;1,49;0,06;0,00;1,54;34;
430;030;202607;202607;3403000H;00; LSAV;N;1144;2259,30;0,014990;33,87;1,28;0,00;35,15;34;
430;030;202607;202607;3403000J;00; LSAV;N;3;2,40;0,014990;0,04;0,00;0,00;0,04;34;
430;030;202607;202607;3503000B;00; LSAV;N;5883;22955,90;0,014990;344,11;13,04;0,00;357,14;35;
430;030;202607;202607;3503000E;00; LSAV;N;112;423,70;0,014990;6,35;0,24;0,00;6,59;35;
430;030;202607;202607;3503000J;00; LSAV;N;18;77,00;0,014990;1,15;0,04;0,00;1,20;35;
430;030;202607;202607;3503000N;00; LSAV;N;14;27,10;0,014990;0,41;0,02;0,00;0,42;35;
430;030;202607;202607;3703000C;00; LSAV;N;1;1,40;0,014990;0,02;0,00;0,00;0,02;37;
430;030;202607;202607;3703000E;00; LSAV;N;1007;2503,30;0,014990;37,52;1,42;0,00;38,95;37;
430;030;202607;202607;3703000H;00; LSAV;N;4;4,10;0,014990;0,06;0,00;0,00;0,06;37;
430;030;202607;202607;3703000I;00; LSAV;N;1;0,50;0,014990;0,01;0,00;0,00;0,01;37;
430;030;202607;202607;3803000E;00; LSAV;N;3;8,20;0,014990;0,12;0,00;0,00;0,13;38;
430;030;202607;202607;3803000H;00; LSAV;N;4;10,20;0,014990;0,15;0,01;0,00;0,16;38;
430;030;202607;202607;3803000M;00; LSAV;N;2341;5339,20;0,014990;80,03;3,03;0,00;83,07;38;
430;030;202607;202607;3803000N;00; LSAV;N;53;466,90;0,014990;7,00;0,27;0,00;7,26;38;
430;030;202607;202607;3103001G;00; LSAV;R;379;1651,50;0,014990;24,76;0,94;0,00;25,69;31;
430;030;202607;202607;3103001K;00; LSAV;R;6105;26062,50;0,014990;390,68;14,80;0,00;405,48;31;
430;030;202607;202607;3103001M;00; LSAV;R;2;1,60;0,014990;0,02;0,00;0,00;0,02;31;
430;030;202607;202607;3103001O;00; LSAV;R;161;640,50;0,014990;9,60;0,36;0,00;9,96;31;
430;030;202607;202607;3203000E;00; LSAV;R;1120;4987,50;0,014990;74,76;2,83;0,00;77,59;32;
430;030;202607;202607;3203000G;00; LSAV;R;4;3,80;0,014990;0,06;0,00;0,00;0,06;32;
430;030;202607;202607;3203000M;00; LSAV;R;2;1,30;0,014990;0,02;0,00;0,00;0,02;32;
430;030;202607;202607;3303000G;00; LSAV;R;20;19,80;0,014990;0,30;0,01;0,00;0,31;33;
430;030;202607;202607;3303000Q;00; LSAV;R;482;1238,00;0,014990;18,56;0,70;0,00;19,26;33;
430;030;202607;202607;3403000E;00; LSAV;R;2;3,30;0,014990;0,05;0,00;0,00;0,05;34;
430;030;202607;202607;3403000H;00; LSAV;R;318;686,10;0,014990;10,28;0,39;0,00;10,67;34;
430;030;202607;202607;3503000B;00; LSAV;R;1346;6516,10;0,014990;97,68;3,70;0,00;101,38;35;
430;030;202607;202607;3503000E;00; LSAV;R;18;68,10;0,014990;1,02;0,04;0,00;1,06;35;
430;030;202607;202607;3503000N;00; LSAV;R;3;4,10;0,014990;0,06;0,00;0,00;0,06;35;
430;030;202607;202607;3703000E;00; LSAV;R;210;576,40;0,014990;8,64;0,33;0,00;8,97;37;
430;030;202607;202607;3703000H;00; LSAV;R;1;0,50;0,014990;0,01;0,00;0,00;0,01;37;
430;030;202607;202607;3803000M;00; LSAV;R;523;1422,60;0,014990;21,32;0,81;0,00;22,13;38;
430;030;202607;202607;3803000N;00; LSAV;R;10;17,10;0,014990;0,26;0,01;0,00;0,27;38;
;;;;;01;;;16342989;44875227,40;;672679,63;25482,87;0,00;698162,62;;
441;044;202607;202606;4104400J;00; LENV;N;30989;17214,80;0,016860;290,24;11,00;0,00;301,24;41;
441;044;202607;202607;4100100B;00; LENV;N;160;234,40;0,016860;3,95;0,15;0,00;4,10;41;
441;044;202607;202607;41001049;00; LENV;N;11494;7062,70;0,016860;119,08;4,51;0,00;123,59;41;
441;044;202607;202607;4100104B;00; LENV;N;11794;6993,10;0,016860;117,90;4,47;0,00;122,37;41;
441;044;202607;202607;4104400I;00; LENV;N;5;20,60;0,016860;0,35;0,01;0,00;0,36;41;
441;044;202607;202607;4104400J;00; LENV;N;660224;840501,60;0,016860;14170,86;536,83;0,00;14707,69;41;
441;044;202607;202607;41044010;00; LENV;N;263336;392037,50;0,016860;6609,75;250,40;0,00;6860,15;41;
441;044;202607;202607;41211009;00; LENV;N;1994;1107,00;0,016860;18,66;0,71;0,00;19,37;41;
441;044;202607;202607;4121100L;00; LENV;N;1967;1072,90;0,016860;18,09;0,69;0,00;18,77;41;
441;044;202607;202607;41236005;00; LENV;N;1;0,50;0,016860;0,01;0,00;0,00;0,01;41;
441;044;202607;202606;42044009;00; LENV;N;201;152,60;0,016860;2,57;0,10;0,00;2,67;42;
441;044;202607;202606;4204400B;00; LENV;N;233;177,90;0,016860;3,00;0,11;0,00;3,11;42;
441;044;202607;202607;4200101N;00; LENV;N;2886;1639,80;0,016860;27,65;1,05;0,00;28,69;42;
441;044;202607;202607;4200101P;00; LENV;N;3004;1647,70;0,016860;27,78;1,05;0,00;28,83;42;
441;044;202607;202607;42044009;00; LENV;N;123126;130479,50;0,016860;2199,88;83,34;0,00;2283,22;42;
441;044;202607;202607;4204400B;00; LENV;N;131203;140017,10;0,016860;2360,69;89,43;0,00;2450,12;42;
441;044;202607;202607;42211009;00; LENV;N;325;163,80;0,016860;2,76;0,10;0,00;2,87;42;
441;044;202607;202607;4221100D;00; LENV;N;300;160,00;0,016860;2,70;0,10;0,00;2,80;42;
441;044;202607;202606;4304400H;00; LENV;N;753;450,40;0,016860;7,59;0,29;0,00;7,88;43;
441;044;202607;202606;4304400L;00; LENV;N;810;532,10;0,016860;8,97;0,34;0,00;9,31;43;
441;044;202607;202607;43001023;00; LENV;N;5719;3301,70;0,016860;55,67;2,11;0,00;57,78;43;
441;044;202607;202607;43001025;00; LENV;N;5842;3410,40;0,016860;57,50;2,18;0,00;59,68;43;
441;044;202607;202607;4304400H;00; LENV;N;234456;269826,50;0,016860;4549,27;172,34;0,00;4721,61;43;
441;044;202607;202607;4304400L;00; LENV;N;298659;366536,00;0,016860;6179,80;234,11;0,00;6413,90;43;
441;044;202607;202607;4321100L;00; LENV;N;707;368,10;0,016860;6,21;0,24;0,00;6,44;43;
441;044;202607;202607;4321100P;00; LENV;N;680;363,00;0,016860;6,12;0,23;0,00;6,35;43;
441;044;202607;202606;4404400D;00; LENV;N;383;255,00;0,016860;4,30;0,16;0,00;4,46;44;
441;044;202607;202606;4404400H;00; LENV;N;416;263,10;0,016860;4,44;0,17;0,00;4,60;44;
441;044;202607;202607;4400101X;00; LENV;N;3497;2034,10;0,016860;34,29;1,30;0,00;35,59;44;
441;044;202607;202607;4400101Z;00; LENV;N;3402;1923,00;0,016860;32,42;1,23;0,00;33,65;44;
441;044;202607;202607;4404400D;00; LENV;N;137050;130270,10;0,016860;2196,35;83,20;0,00;2279,56;44;
441;044;202607;202607;4404400H;00; LENV;N;164505;170164,20;0,016860;2868,97;108,68;0,00;2977,65;44;
441;044;202607;202607;4421100J;00; LENV;N;297;161,80;0,016860;2,73;0,10;0,00;2,83;44;
441;044;202607;202607;4421100N;00; LENV;N;356;200,60;0,016860;3,38;0,13;0,00;3,51;44;
441;044;202607;202606;4504400D;00; LENV;N;245;164,50;0,016860;2,77;0,11;0,00;2,88;45;
441;044;202607;202606;4504400H;00; LENV;N;279;194,50;0,016860;3,28;0,12;0,00;3,40;45;
441;044;202607;202607;45001021;00; LENV;N;2405;1387,90;0,016860;23,40;0,89;0,00;24,29;45;
441;044;202607;202607;45001023;00; LENV;N;2447;1393,10;0,016860;23,49;0,89;0,00;24,38;45;
441;044;202607;202607;4504400D;00; LENV;N;74633;56450,60;0,016860;951,76;36,06;0,00;987,81;45;
441;044;202607;202607;4504400H;00; LENV;N;84016;68336,10;0,016860;1152,15;43,65;0,00;1195,79;45;
441;044;202607;202607;4521100O;00; LENV;N;270;152,80;0,016860;2,58;0,10;0,00;2,67;45;
441;044;202607;202607;4521100S;00; LENV;N;263;142,30;0,016860;2,40;0,09;0,00;2,49;45;
441;044;202607;202606;4604400F;00; LENV;N;110;59,40;0,016860;1,00;0,04;0,00;1,04;46;
441;044;202607;202606;4604400J;00; LENV;N;119;74,10;0,016860;1,25;0,05;0,00;1,30;46;
441;044;202607;202607;4600100I;00; LENV;N;29;15,70;0,016860;0,26;0,01;0,00;0,27;46;
441;044;202607;202607;4600101L;00; LENV;N;734;400,60;0,016860;6,75;0,26;0,00;7,01;46;
441;044;202607;202607;4600101R;00; LENV;N;708;393,90;0,016860;6,64;0,25;0,00;6,89;46;
441;044;202607;202607;4604400F;00; LENV;N;19008;18018,20;0,016860;303,79;11,51;0,00;315,30;46;
441;044;202607;202607;4604400J;00; LENV;N;31440;27739,50;0,016860;467,69;17,72;0,00;485,41;46;
441;044;202607;202607;4621100K;00; LENV;N;27;13,50;0,016860;0,23;0,01;0,00;0,24;46;
441;044;202607;202607;4621100O;00; LENV;N;28;18,30;0,016860;0,31;0,01;0,00;0,32;46;
441;044;202607;202606;4104400J;00; LENV;R;88;127,30;0,016860;2,15;0,08;0,00;2,23;41;
441;044;202607;202607;4100100B;00; LENV;R;6;3,70;0,016860;0,06;0,00;0,00;0,06;41;
441;044;202607;202607;41001049;00; LENV;R;151;128,20;0,016860;2,16;0,08;0,00;2,24;41;
441;044;202607;202607;4100104B;00; LENV;R;165;143,80;0,016860;2,42;0,09;0,00;2,52;41;
441;044;202607;202607;4104400J;00; LENV;R;43700;146155,50;0,016860;2464,18;93,35;0,00;2557,53;41;
441;044;202607;202607;41044010;00; LENV;R;18468;62675,50;0,016860;1056,71;40,03;0,00;1096,74;41;
441;044;202607;202606;42044009;00; LENV;R;4;3,00;0,016860;0,05;0,00;0,00;0,05;42;
441;044;202607;202606;4204400B;00; LENV;R;7;5,90;0,016860;0,10;0,00;0,00;0,10;42;
441;044;202607;202607;4200101N;00; LENV;R;3;2,00;0,016860;0,03;0,00;0,00;0,03;42;
441;044;202607;202607;4200101P;00; LENV;R;6;4,60;0,016860;0,08;0,00;0,00;0,08;42;
441;044;202607;202607;42044009;00; LENV;R;5331;19058,80;0,016860;321,33;12,17;0,00;333,50;42;
441;044;202607;202607;4204400B;00; LENV;R;5778;21512,10;0,016860;362,69;13,74;0,00;376,43;42;
441;044;202607;202606;4304400H;00; LENV;R;10;9,20;0,016860;0,16;0,01;0,00;0,16;43;
441;044;202607;202606;4304400L;00; LENV;R;7;19,10;0,016860;0,32;0,01;0,00;0,33;43;
441;044;202607;202607;43001023;00; LENV;R;31;33,70;0,016860;0,57;0,02;0,00;0,59;43;
441;044;202607;202607;43001025;00; LENV;R;32;33,80;0,016860;0,57;0,02;0,00;0,59;43;
441;044;202607;202607;4304400H;00; LENV;R;12317;39918,40;0,016860;673,02;25,50;0,00;698,52;43;
441;044;202607;202607;4304400L;00; LENV;R;21153;57402,80;0,016860;967,81;36,66;0,00;1004,47;43;
441;044;202607;202606;4404400D;00; LENV;R;5;8,80;0,016860;0,15;0,01;0,00;0,15;44;
441;044;202607;202606;4404400H;00; LENV;R;2;2,20;0,016860;0,04;0,00;0,00;0,04;44;
441;044;202607;202607;4400101X;00; LENV;R;8;13,80;0,016860;0,23;0,01;0,00;0,24;44;
441;044;202607;202607;4400101Z;00; LENV;R;6;5,70;0,016860;0,10;0,00;0,00;0,10;44;
441;044;202607;202607;4404400D;00; LENV;R;5254;13835,50;0,016860;233,27;8,84;0,00;242,10;44;
441;044;202607;202607;4404400H;00; LENV;R;8865;22905,00;0,016860;386,18;14,63;0,00;400,81;44;
441;044;202607;202606;4504400H;00; LENV;R;1;0,50;0,016860;0,01;0,00;0,00;0,01;45;
441;044;202607;202607;45001021;00; LENV;R;4;3,00;0,016860;0,05;0,00;0,00;0,05;45;
441;044;202607;202607;45001023;00; LENV;R;4;2,00;0,016860;0,03;0,00;0,00;0,03;45;
441;044;202607;202607;4504400D;00; LENV;R;1926;3623,40;0,016860;61,09;2,31;0,00;63,40;45;
441;044;202607;202607;4504400H;00; LENV;R;3265;5787,40;0,016860;97,58;3,70;0,00;101,27;45;
441;044;202607;202606;4604400F;00; LENV;R;3;1,60;0,016860;0,03;0,00;0,00;0,03;46;
441;044;202607;202606;4604400J;00; LENV;R;6;4,00;0,016860;0,07;0,00;0,00;0,07;46;
441;044;202607;202607;4600101R;00; LENV;R;2;1,50;0,016860;0,03;0,00;0,00;0,03;46;
441;044;202607;202607;4604400F;00; LENV;R;641;1580,90;0,016860;26,65;1,01;0,00;27,66;46;
441;044;202607;202607;4604400J;00; LENV;R;1153;2588,70;0,016860;43,65;1,65;0,00;45,30;46;
441;044;202607;202607;4104400G;00; LSAV;N;2;1,70;0,016860;0,03;0,00;0,00;0,03;41;
441;044;202607;202607;4104400K;00; LSAV;N;25;28,60;0,016860;0,48;0,02;0,00;0,50;41;
441;044;202607;202607;4104400Y;00; LSAV;N;226;420,60;0,016860;7,09;0,27;0,00;7,36;41;
441;044;202607;202607;4104400Z;00; LSAV;N;12;16,90;0,016860;0,28;0,01;0,00;0,30;41;
441;044;202607;202607;4204400C;00; LSAV;N;76;78,10;0,016860;1,32;0,05;0,00;1,37;42;
441;044;202607;202607;4304400M;00; LSAV;N;1;1,10;0,016860;0,02;0,00;0,00;0,02;43;
441;044;202607;202607;4304400N;00; LSAV;N;353;366,70;0,016860;6,18;0,23;0,00;6,42;43;
441;044;202607;202607;4304400Q;00; LSAV;N;4;2,30;0,016860;0,04;0,00;0,00;0,04;43;
441;044;202607;202607;4404400J;00; LSAV;N;279;432,30;0,016860;7,29;0,28;0,00;7,56;44;
441;044;202607;202607;4504400L;00; LSAV;N;43;74,10;0,016860;1,25;0,05;0,00;1,30;45;
441;044;202607;202607;4604400L;00; LSAV;N;41;50,00;0,016860;0,84;0,03;0,00;0,87;46;
441;044;202607;202607;4604400O;00; LSAV;N;1;0,60;0,016860;0,01;0,00;0,00;0,01;46;
441;044;202607;202607;4104400K;00; LSAV;R;3;4,00;0,016860;0,07;0,00;0,00;0,07;41;
441;044;202607;202607;4104400Y;00; LSAV;R;54;75,80;0,016860;1,28;0,05;0,00;1,33;41;
441;044;202607;202607;4104400Z;00; LSAV;R;1;0,50;0,016860;0,01;0,00;0,00;0,01;41;
441;044;202607;202607;4204400C;00; LSAV;R;8;6,10;0,016860;0,10;0,00;0,00;0,11;42;
441;044;202607;202607;4304400N;00; LSAV;R;84;98,10;0,016860;1,65;0,06;0,00;1,72;43;
441;044;202607;202607;4304400Q;00; LSAV;R;1;0,50;0,016860;0,01;0,00;0,00;0,01;43;
441;044;202607;202607;4404400J;00; LSAV;R;46;141,00;0,016860;2,38;0,09;0,00;2,47;44;
441;044;202607;202607;4504400L;00; LSAV;R;7;3,50;0,016860;0,06;0,00;0,00;0,06;45;
441;044;202607;202607;4604400L;00; LSAV;R;3;1,80;0,016860;0,03;0,00;0,00;0,03;46;
;;;;;01;;;2447207;3065104,30;;51677,67;1957,69;0,00;53635,30;;
447;045;202607;202606;4704500S;00; LENV;N;2776;1827,20;0,016860;30,81;1,17;0,00;31,97;47;
447;045;202607;202606;4704500T;00; LENV;N;2791;1766,70;0,016860;29,79;1,13;0,00;30,91;47;
447;045;202607;202607;47001023;00; LENV;N;11593;6541,20;0,016860;110,28;4,18;0,00;114,46;47;
447;045;202607;202607;47001025;00; LENV;N;11689;6587,20;0,016860;111,06;4,21;0,00;115,27;47;
447;045;202607;202607;4704500S;00; LENV;N;579251;493869,10;0,016860;8326,63;315,44;0,00;8642,07;47;
447;045;202607;202607;4704500T;00; LENV;N;575937;490372,40;0,016860;8267,68;313,20;0,00;8580,88;47;
447;045;202607;202607;4721101D;00; LENV;N;1517;817,60;0,016860;13,78;0,52;0,00;14,31;47;
447;045;202607;202607;4721101H;00; LENV;N;1533;821,80;0,016860;13,86;0,52;0,00;14,38;47;
447;045;202607;202606;4804500M;00; LENV;N;2727;1781,10;0,016860;30,03;1,14;0,00;31,17;48;
447;045;202607;202606;4804500N;00; LENV;N;2734;1707,80;0,016860;28,79;1,09;0,00;29,88;48;
447;045;202607;202607;48001025;00; LENV;N;7580;4370,00;0,016860;73,68;2,79;0,00;76,47;48;
447;045;202607;202607;48001027;00; LENV;N;7562;4487,30;0,016860;75,66;2,87;0,00;78,52;48;
447;045;202607;202607;4804500M;00; LENV;N;604202;522576,00;0,016860;8810,63;333,77;0,00;9144,40;48;
447;045;202607;202607;4804500N;00; LENV;N;600035;519867,10;0,016860;8764,96;332,04;0,00;9097,00;48;
447;045;202607;202607;4821101C;00; LENV;N;1511;819,00;0,016860;13,81;0,52;0,00;14,33;48;
447;045;202607;202607;4821101G;00; LENV;N;1392;746,60;0,016860;12,59;0,48;0,00;13,06;48;
447;045;202607;202606;4904500S;00; LENV;N;211;127,20;0,016860;2,14;0,08;0,00;2,23;49;
447;045;202607;202606;4904500T;00; LENV;N;218;143,20;0,016860;2,41;0,09;0,00;2,51;49;
447;045;202607;202607;4900101X;00; LENV;N;4338;2476,00;0,016860;41,75;1,58;0,00;43,33;49;
447;045;202607;202607;4900101Z;00; LENV;N;4215;2378,40;0,016860;40,10;1,52;0,00;41,62;49;
447;045;202607;202607;4904500S;00; LENV;N;66868;95030,30;0,016860;1602,21;60,70;0,00;1662,91;49;
447;045;202607;202607;4904500T;00; LENV;N;66588;93118,30;0,016860;1569,97;59,47;0,00;1629,45;49;
447;045;202607;202607;4921100R;00; LENV;N;183;93,00;0,016860;1,57;0,06;0,00;1,63;49;
447;045;202607;202607;4921100V;00; LENV;N;210;112,20;0,016860;1,89;0,07;0,00;1,96;49;
447;045;202607;202606;4704500S;00; LENV;R;70;73,20;0,016860;1,23;0,05;0,00;1,28;47;
447;045;202607;202606;4704500T;00; LENV;R;53;47,90;0,016860;0,81;0,03;0,00;0,84;47;
447;045;202607;202607;47001023;00; LENV;R;36;24,70;0,016860;0,42;0,02;0,00;0,43;47;
447;045;202607;202607;47001025;00; LENV;R;32;25,70;0,016860;0,43;0,02;0,00;0,45;47;
447;045;202607;202607;4704500S;00; LENV;R;17960;48743,30;0,016860;821,81;31,13;0,00;852,94;47;
447;045;202607;202607;4704500T;00; LENV;R;17851;48762,30;0,016860;822,13;31,14;0,00;853,28;47;
447;045;202607;202606;4804500M;00; LENV;R;28;29,50;0,016860;0,50;0,02;0,00;0,52;48;
447;045;202607;202606;4804500N;00; LENV;R;24;34,40;0,016860;0,58;0,02;0,00;0,60;48;
447;045;202607;202607;48001025;00; LENV;R;35;21,20;0,016860;0,36;0,01;0,00;0,37;48;
447;045;202607;202607;48001027;00; LENV;R;27;19,90;0,016860;0,34;0,01;0,00;0,35;48;
447;045;202607;202607;4804500M;00; LENV;R;21968;56450,50;0,016860;951,76;36,06;0,00;987,81;48;
447;045;202607;202607;4804500N;00; LENV;R;21862;58385,40;0,016860;984,38;37,29;0,00;1021,67;48;
447;045;202607;202606;4904500S;00; LENV;R;5;2,50;0,016860;0,04;0,00;0,00;0,04;49;
447;045;202607;202606;4904500T;00; LENV;R;4;2,10;0,016860;0,04;0,00;0,00;0,04;49;
447;045;202607;202607;4900101X;00; LENV;R;10;6,70;0,016860;0,11;0,00;0,00;0,12;49;
447;045;202607;202607;4900101Z;00; LENV;R;6;3,60;0,016860;0,06;0,00;0,00;0,06;49;
447;045;202607;202607;4904500S;00; LENV;R;5602;14459,30;0,016860;243,78;9,24;0,00;253,02;49;
447;045;202607;202607;4904500T;00; LENV;R;5539;15953,30;0,016860;268,97;10,19;0,00;279,16;49;
447;045;202607;202607;4704500Y;00; LSAV;N;209;511,10;0,016860;8,62;0,33;0,00;8,94;47;
447;045;202607;202607;4804500O;00; LSAV;N;3;4,10;0,016860;0,07;0,00;0,00;0,07;48;
447;045;202607;202607;4804500R;00; LSAV;N;1;0,50;0,016860;0,01;0,00;0,00;0,01;48;
447;045;202607;202607;4804500S;00; LSAV;N;221;757,30;0,016860;12,77;0,48;0,00;13,25;48;
447;045;202607;202607;4704500Y;00; LSAV;R;28;46,40;0,016860;0,78;0,03;0,00;0,81;47;
447;045;202607;202607;4804500O;00; LSAV;R;1;2,20;0,016860;0,04;0,00;0,00;0,04;48;
447;045;202607;202607;4804500R;00; LSAV;R;2;30,60;0,016860;0,52;0,02;0,00;0,54;48;
447;045;202607;202607;4804500S;00; LSAV;R;80;981,80;0,016860;16,55;0,63;0,00;17,18;48;
;;;;;01;;;2649318;2497816,20;;42113,19;1595,36;0,00;43708,54;;
471;070;202607;202606;7107000P;00; LENV;N;134;97,00;0,014990;1,45;0,06;0,00;1,51;71;
471;070;202607;202606;7107000Z;00; LENV;N;160;96,20;0,014990;1,44;0,05;0,00;1,50;71;
471;070;202607;202607;71001019;00; LENV;N;364;456,70;0,014990;6,85;0,26;0,00;7,11;71;
471;070;202607;202607;7100101Y;00; LENV;N;410;594,20;0,014990;8,91;0,34;0,00;9,24;71;
471;070;202607;202607;7107000P;00; LENV;N;1612288;3461068,90;0,014990;51881,42;1965,41;0,00;53846,83;71;
471;070;202607;202607;7107000Z;00; LENV;N;1098776;2316231,50;0,014990;34720,31;1315,30;0,00;36035,61;71;
471;070;202607;202607;71211011;00; LENV;N;6138;3413,90;0,014990;51,17;1,94;0,00;53,11;71;
471;070;202607;202606;7307000L;00; LENV;N;66;40,10;0,014990;0,60;0,02;0,00;0,62;73;
471;070;202607;202606;7307000T;00; LENV;N;151;108,60;0,014990;1,63;0,06;0,00;1,69;73;
471;070;202607;202607;7300100S;00; LENV;N;7;4,00;0,014990;0,06;0,00;0,00;0,06;73;
471;070;202607;202607;7300100Y;00; LENV;N;24;20,70;0,014990;0,31;0,01;0,00;0,32;73;
471;070;202607;202607;73001010;00; LENV;N;24;16,60;0,014990;0,25;0,01;0,00;0,26;73;
471;070;202607;202607;7307000L;00; LENV;N;146681;287500,00;0,014990;4309,63;163,26;0,00;4472,89;73;
471;070;202607;202607;7307000Q;00; LENV;N;16813;10656,10;0,014990;159,73;6,05;0,00;165,79;73;
471;070;202607;202607;7307000S;00; LENV;N;34058;21663,20;0,014990;324,73;12,30;0,00;337,03;73;
471;070;202607;202607;7307000T;00; LENV;N;296611;582997,20;0,014990;8739,13;331,06;0,00;9070,19;73;
471;070;202607;202607;7321100A;00; LENV;N;2286;1378,90;0,014990;20,67;0,78;0,00;21,45;73;
471;070;202607;202606;7407000P;00; LENV;N;78;41,90;0,014990;0,63;0,02;0,00;0,65;74;
471;070;202607;202606;7407000Q;00; LENV;N;36;22,10;0,014990;0,33;0,01;0,00;0,34;74;
471;070;202607;202606;7407000U;00; LENV;N;56;35,40;0,014990;0,53;0,02;0,00;0,55;74;
471;070;202607;202606;7407000X;00; LENV;N;35;30,00;0,014990;0,45;0,02;0,00;0,47;74;
471;070;202607;202607;7407000P;00; LENV;N;113258;209252,90;0,014990;3136,70;118,83;0,00;3255,53;74;
471;070;202607;202607;7407000Q;00; LENV;N;170170;307195,20;0,014990;4604,86;174,44;0,00;4779,30;74;
471;070;202607;202607;7407000U;00; LENV;N;26038;16370,50;0,014990;245,39;9,30;0,00;254,69;74;
471;070;202607;202607;7407000X;00; LENV;N;8385;5466,80;0,014990;81,95;3,10;0,00;85,05;74;
471;070;202607;202607;74211005;00; LENV;N;680;414,50;0,014990;6,21;0,24;0,00;6,45;74;
471;070;202607;202606;7507000U;00; LENV;N;283;171,70;0,014990;2,57;0,10;0,00;2,67;75;
471;070;202607;202606;7507000V;00; LENV;N;195;124,20;0,014990;1,86;0,07;0,00;1,93;75;
471;070;202607;202607;7500101T;00; LENV;N;17;11,30;0,014990;0,17;0,01;0,00;0,18;75;
471;070;202607;202607;7500102H;00; LENV;N;15;13,40;0,014990;0,20;0,01;0,00;0,21;75;
471;070;202607;202607;7507000P;00; LENV;N;362132;686629,30;0,014990;10292,57;389,91;0,00;10682,48;75;
471;070;202607;202607;7507000Q;00; LENV;N;360474;684064,70;0,014990;10254,13;388,45;0,00;10642,58;75;
471;070;202607;202607;7507000U;00; LENV;N;52583;35494,80;0,014990;532,07;20,16;0,00;552,22;75;
471;070;202607;202607;7507000V;00; LENV;N;38823;26232,10;0,014990;393,22;14,90;0,00;408,12;75;
471;070;202607;202607;75211005;00; LENV;N;2846;1726,40;0,014990;25,88;0,98;0,00;26,86;75;
471;070;202607;202606;7707000J;00; LENV;N;877;568,10;0,014990;8,52;0,32;0,00;8,84;77;
471;070;202607;202607;77001012;00; LENV;N;24;57,00;0,014990;0,85;0,03;0,00;0,89;77;
471;070;202607;202607;7700101R;00; LENV;N;21;55,70;0,014990;0,83;0,03;0,00;0,87;77;
471;070;202607;202607;7707000J;00; LENV;N;413709;777820,90;0,014990;11659,54;441,69;0,00;12101,23;77;
471;070;202607;202607;7707000L;00; LENV;N;15515;9187,50;0,014990;137,72;5,22;0,00;142,94;77;
471;070;202607;202607;7707000O;00; LENV;N;31343;18489,50;0,014990;277,16;10,50;0,00;287,66;77;
471;070;202607;202607;7721100A;00; LENV;N;2086;1229,50;0,014990;18,43;0,70;0,00;19,13;77;
471;070;202607;202606;7107000P;00; LENV;R;1;0,50;0,014990;0,01;0,00;0,00;0,01;71;
471;070;202607;202606;7107000Z;00; LENV;R;3;1,50;0,014990;0,02;0,00;0,00;0,02;71;
471;070;202607;202607;71001019;00; LENV;R;7;4,90;0,014990;0,07;0,00;0,00;0,08;71;
471;070;202607;202607;7100101Y;00; LENV;R;1;0,50;0,014990;0,01;0,00;0,00;0,01;71;
471;070;202607;202607;7107000P;00; LENV;R;246948;784136,80;0,014990;11754,21;445,28;0,00;12199,49;71;
471;070;202607;202607;7107000S;00; LENV;R;1;0,50;0,014990;0,01;0,00;0,00;0,01;71;
471;070;202607;202607;7107000Z;00; LENV;R;166082;523494,60;0,014990;7847,18;297,27;0,00;8144,46;71;
471;070;202607;202606;7307000L;00; LENV;R;1;0,60;0,014990;0,01;0,00;0,00;0,01;73;
471;070;202607;202607;7300100Y;00; LENV;R;3;1,50;0,014990;0,02;0,00;0,00;0,02;73;
471;070;202607;202607;7307000L;00; LENV;R;25181;73118,70;0,014990;1096,05;41,52;0,00;1137,57;73;
471;070;202607;202607;7307000Q;00; LENV;R;192;188,30;0,014990;2,82;0,11;0,00;2,93;73;
471;070;202607;202607;7307000S;00; LENV;R;328;363,30;0,014990;5,45;0,21;0,00;5,65;73;
471;070;202607;202607;7307000T;00; LENV;R;51021;141216,50;0,014990;2116,84;80,19;0,00;2197,03;73;
471;070;202607;202607;7321100A;00; LENV;R;4;43,60;0,014990;0,65;0,02;0,00;0,68;73;
471;070;202607;202606;7407000P;00; LENV;R;3;29,40;0,014990;0,44;0,02;0,00;0,46;74;
471;070;202607;202606;7407000Q;00; LENV;R;1;17,60;0,014990;0,26;0,01;0,00;0,27;74;
471;070;202607;202606;7407000X;00; LENV;R;1;6,60;0,014990;0,10;0,00;0,00;0,10;74;
471;070;202607;202607;7407000P;00; LENV;R;21323;50936,80;0,014990;763,54;28,93;0,00;792,47;74;
471;070;202607;202607;7407000Q;00; LENV;R;32313;79718,30;0,014990;1194,98;45,27;0,00;1240,25;74;
471;070;202607;202607;7407000U;00; LENV;R;324;614,10;0,014990;9,21;0,35;0,00;9,55;74;
471;070;202607;202607;7407000X;00; LENV;R;116;243,20;0,014990;3,65;0,14;0,00;3,78;74;
471;070;202607;202607;74211005;00; LENV;R;3;38,70;0,014990;0,58;0,02;0,00;0,60;74;
471;070;202607;202606;7507000U;00; LENV;R;5;7,40;0,014990;0,11;0,00;0,00;0,12;75;
471;070;202607;202606;7507000V;00; LENV;R;5;9,30;0,014990;0,14;0,01;0,00;0,14;75;
471;070;202607;202607;7500101T;00; LENV;R;2;2,20;0,014990;0,03;0,00;0,00;0,03;75;
471;070;202607;202607;7500102H;00; LENV;R;2;1,00;0,014990;0,01;0,00;0,00;0,02;75;
471;070;202607;202607;7507000P;00; LENV;R;56743;165957,30;0,014990;2487,70;94,24;0,00;2581,94;75;
471;070;202607;202607;7507000Q;00; LENV;R;56223;165669,40;0,014990;2483,38;94,08;0,00;2577,46;75;
471;070;202607;202607;7507000U;00; LENV;R;799;986,70;0,014990;14,79;0,56;0,00;15,35;75;
471;070;202607;202607;7507000V;00; LENV;R;613;770,90;0,014990;11,56;0,44;0,00;11,99;75;
471;070;202607;202607;75211005;00; LENV;R;2;1,10;0,014990;0,02;0,00;0,00;0,02;75;
471;070;202607;202606;7707000J;00; LENV;R;4;2,00;0,014990;0,03;0,00;0,00;0,03;77;
471;070;202607;202607;77001012;00; LENV;R;6;17,40;0,014990;0,26;0,01;0,00;0,27;77;
471;070;202607;202607;7700101R;00; LENV;R;6;27,40;0,014990;0,41;0,02;0,00;0,43;77;
471;070;202607;202607;7707000J;00; LENV;R;66501;179259,70;0,014990;2687,10;101,79;0,00;2788,90;77;
471;070;202607;202607;7707000L;00; LENV;R;174;133,90;0,014990;2,01;0,08;0,00;2,08;77;
471;070;202607;202607;7707000O;00; LENV;R;422;367,80;0,014990;5,51;0,21;0,00;5,72;77;
471;070;202607;202607;7721100A;00; LENV;R;3;3,60;0,014990;0,05;0,00;0,00;0,06;77;
471;070;202607;202607;7107000I;00; LSAV;N;1;1,70;0,014990;0,03;0,00;0,00;0,03;71;
471;070;202607;202607;7107000Q;00; LSAV;N;354;851,70;0,014990;12,77;0,48;0,00;13,25;71;
471;070;202607;202607;7107000R;00; LSAV;N;1;3,10;0,014990;0,05;0,00;0,00;0,05;71;
471;070;202607;202607;7107000S;00; LSAV;N;80;105,70;0,014990;1,58;0,06;0,00;1,64;71;
471;070;202607;202607;7107000U;00; LSAV;N;662;1482,30;0,014990;22,22;0,84;0,00;23,06;71;
471;070;202607;202607;7107000Y;00; LSAV;N;2960;5117,30;0,014990;76,71;2,91;0,00;79,61;71;
471;070;202607;202607;7107000Z;00; LSAV;N;49;101,30;0,014990;1,52;0,06;0,00;1,58;71;
471;070;202607;202607;7307000L;00; LSAV;N;1;1,20;0,014990;0,02;0,00;0,00;0,02;73;
471;070;202607;202607;7307000P;00; LSAV;N;302;544,50;0,014990;8,16;0,31;0,00;8,47;73;
471;070;202607;202607;7307000R;00; LSAV;N;192;718,90;0,014990;10,78;0,41;0,00;11,18;73;
471;070;202607;202607;7307000S;00; LSAV;N;138;271,20;0,014990;4,07;0,15;0,00;4,22;73;
471;070;202607;202607;7307000T;00; LSAV;N;125;163,00;0,014990;2,44;0,09;0,00;2,54;73;
471;070;202607;202607;7307000U;00; LSAV;N;727;2226,90;0,014990;33,38;1,26;0,00;34,65;73;
471;070;202607;202607;7407000Q;00; LSAV;N;9;8,40;0,014990;0,13;0,00;0,00;0,13;74;
471;070;202607;202607;7407000S;00; LSAV;N;27;24,00;0,014990;0,36;0,01;0,00;0,37;74;
471;070;202607;202607;7407000U;00; LSAV;N;404;597,40;0,014990;8,96;0,34;0,00;9,29;74;
471;070;202607;202607;7407000Y;00; LSAV;N;78;80,70;0,014990;1,21;0,05;0,00;1,26;74;
471;070;202607;202607;7407000Z;00; LSAV;N;49;75,50;0,014990;1,13;0,04;0,00;1,17;74;
471;070;202607;202607;7507000P;00; LSAV;N;21;37,00;0,014990;0,55;0,02;0,00;0,58;75;
471;070;202607;202607;7507000U;00; LSAV;N;17;25,60;0,014990;0,38;0,01;0,00;0,40;75;
471;070;202607;202607;7507000V;00; LSAV;N;1316;2827,80;0,014990;42,39;1,61;0,00;43,99;75;
471;070;202607;202607;7507000X;00; LSAV;N;116;141,80;0,014990;2,13;0,08;0,00;2,21;75;
471;070;202607;202607;7507000Y;00; LSAV;N;1;4,90;0,014990;0,07;0,00;0,00;0,08;75;
471;070;202607;202607;7507000Z;00; LSAV;N;8;8,40;0,014990;0,13;0,00;0,00;0,13;75;
471;070;202607;202607;7707000J;00; LSAV;N;3;1,80;0,014990;0,03;0,00;0,00;0,03;77;
471;070;202607;202607;7707000K;00; LSAV;N;1;0,50;0,014990;0,01;0,00;0,00;0,01;77;
471;070;202607;202607;7707000L;00; LSAV;N;104;179,30;0,014990;2,69;0,10;0,00;2,79;77;
471;070;202607;202607;7707000O;00; LSAV;N;130;342,70;0,014990;5,14;0,19;0,00;5,33;77;
471;070;202607;202607;7707000Y;00; LSAV;N;27;32,30;0,014990;0,48;0,02;0,00;0,50;77;
471;070;202607;202607;7707000Z;00; LSAV;N;929;1540,80;0,014990;23,10;0,87;0,00;23,97;77;
471;070;202607;202607;7107000Q;00; LSAV;R;126;357,50;0,014990;5,36;0,20;0,00;5,56;71;
471;070;202607;202607;7107000R;00; LSAV;R;3;5,10;0,014990;0,08;0,00;0,00;0,08;71;
471;070;202607;202607;7107000S;00; LSAV;R;14;34,60;0,014990;0,52;0,02;0,00;0,54;71;
471;070;202607;202607;7107000U;00; LSAV;R;138;392,30;0,014990;5,88;0,22;0,00;6,10;71;
471;070;202607;202607;7107000Y;00; LSAV;R;619;1379,00;0,014990;20,67;0,78;0,00;21,45;71;
471;070;202607;202607;7107000Z;00; LSAV;R;8;6,30;0,014990;0,09;0,00;0,00;0,10;71;
471;070;202607;202607;7307000P;00; LSAV;R;65;138,30;0,014990;2,07;0,08;0,00;2,15;73;
471;070;202607;202607;7307000R;00; LSAV;R;50;346,90;0,014990;5,20;0,20;0,00;5,40;73;
471;070;202607;202607;7307000S;00; LSAV;R;34;26,60;0,014990;0,40;0,02;0,00;0,41;73;
471;070;202607;202607;7307000T;00; LSAV;R;28;64,20;0,014990;0,96;0,04;0,00;1,00;73;
471;070;202607;202607;7307000U;00; LSAV;R;158;592,10;0,014990;8,88;0,34;0,00;9,21;73;
471;070;202607;202607;7407000S;00; LSAV;R;8;5,80;0,014990;0,09;0,00;0,00;0,09;74;
471;070;202607;202607;7407000U;00; LSAV;R;75;111,90;0,014990;1,68;0,06;0,00;1,74;74;
471;070;202607;202607;7407000Y;00; LSAV;R;30;37,30;0,014990;0,56;0,02;0,00;0,58;74;
471;070;202607;202607;7407000Z;00; LSAV;R;25;117,30;0,014990;1,76;0,07;0,00;1,82;74;
471;070;202607;202607;7507000U;00; LSAV;R;1;9,70;0,014990;0,15;0,01;0,00;0,15;75;
471;070;202607;202607;7507000V;00; LSAV;R;246;546,50;0,014990;8,19;0,31;0,00;8,50;75;
471;070;202607;202607;7507000X;00; LSAV;R;7;7,90;0,014990;0,12;0,00;0,00;0,12;75;
471;070;202607;202607;7507000Z;00; LSAV;R;2;1,40;0,014990;0,02;0,00;0,00;0,02;75;
471;070;202607;202607;7707000L;00; LSAV;R;22;49,80;0,014990;0,75;0,03;0,00;0,77;77;
471;070;202607;202607;7707000O;00; LSAV;R;42;107,30;0,014990;1,61;0,06;0,00;1,67;77;
471;070;202607;202607;7707000Y;00; LSAV;R;1;0,50;0,014990;0,01;0,00;0,00;0,01;77;
471;070;202607;202607;7707000Z;00; LSAV;R;181;335,20;0,014990;5,02;0,19;0,00;5,21;77;
;;;;;01;;;5550752;11656634,00;;174732,97;6619,31;0,00;181352,28;;
479;078;202607;202607;79078001;00; LENV;N;508582;1044122,80;0,014990;15651,40;592,92;0,00;16244,32;79;
479;078;202607;202607;7907800J;00; LENV;N;1326718;2962292,70;0,014990;44404,77;1682,17;0,00;46086,94;79;
479;078;202607;202607;79211002;00; LENV;N;2495;2195,00;0,014990;32,90;1,25;0,00;34,15;79;
479;078;202607;202607;79078001;00; LENV;R;80675;235575,70;0,014990;3531,28;133,77;0,00;3665,05;79;
479;078;202607;202607;7907800J;00; LENV;R;243555;737805,20;0,014990;11059,70;418,97;0,00;11478,67;79;
479;078;202607;202607;79211002;00; LENV;R;36;309,60;0,014990;4,64;0,18;0,00;4,82;79;
479;078;202607;202607;79078001;00; LSAV;N;8845;22050,30;0,014990;330,53;12,52;0,00;343,06;79;
479;078;202607;202607;7907800J;00; LSAV;N;173;484,00;0,014990;7,26;0,27;0,00;7,53;79;
479;078;202607;202607;79078001;00; LSAV;R;2100;6550,00;0,014990;98,18;3,72;0,00;101,90;79;
479;078;202607;202607;7907800J;00; LSAV;R;2;2,90;0,014990;0,04;0,00;0,00;0,05;79;
479;078;202607;202607;7907800L;00; LSAV;R;1;0,50;0,014990;0,01;0,00;0,00;0,01;79;
;;;;;01;;;2173182;5011388,70;;75120,71;2845,77;0,00;77966,50;;
490;038;202607;202607;96038006;00; LENV;N;222379;343616,50;0,014990;5150,81;195,13;0,00;5345,94;96;
490;038;202607;202607;96211005;00; LENV;N;1304;755,30;0,014990;11,32;0,43;0,00;11,75;96;
490;038;202607;202607;96701001;00; LENV;N;667;1040,00;0,014990;15,59;0,59;0,00;16,18;96;
490;038;202607;202607;96701002;00; LENV;N;1246;1961,70;0,014990;29,41;1,11;0,00;30,52;96;
490;038;202607;202607;96701004;00; LENV;N;723;1185,50;0,014990;17,77;0,67;0,00;18,44;96;
490;038;202607;202607;96038006;00; LENV;R;52174;106378,50;0,014990;1594,61;60,41;0,00;1655,02;96;
490;038;202607;202607;96701001;00; LENV;R;192;452,40;0,014990;6,78;0,26;0,00;7,04;96;
490;038;202607;202607;96701002;00; LENV;R;339;555,20;0,014990;8,32;0,32;0,00;8,64;96;
490;038;202607;202607;96701004;00; LENV;R;198;307,70;0,014990;4,61;0,17;0,00;4,79;96;
490;038;202607;202607;96038006;00; LSAV;N;1337;2270,50;0,014990;34,03;1,29;0,00;35,32;96;
490;038;202607;202607;96038006;00; LSAV;R;363;888,00;0,014990;13,31;0,50;0,00;13,82;96;
;;;;;01;;;280922;459411,30;;6886,56;260,88;0,00;7147,46;;
493;033;202607;202606;92033006;00; LENV;N;9393;4986,90;0,014990;74,75;2,83;0,00;77,59;92;
493;033;202607;202607;92033006;00; LENV;N;3743253;5249469,20;0,014990;78689,54;2980,97;0,00;81670,52;92;
493;033;202607;202607;92211006;00; LENV;N;14058;7871,20;0,014990;117,99;4,47;0,00;122,46;92;
493;033;202607;202607;92701001;00; LENV;N;99377;58449,30;0,014990;876,16;33,19;0,00;909,35;92;
493;033;202607;202607;92701002;00; LENV;N;98078;57242,20;0,014990;858,06;32,51;0,00;890,57;92;
493;033;202607;202606;97033006;00; LENV;N;1938;1035,30;0,014990;15,52;0,59;0,00;16,11;97;
493;033;202607;202607;97033005;00; LENV;N;71941;39182,90;0,014990;587,35;22,25;0,00;609,60;97;
493;033;202607;202607;97033006;00; LENV;N;295497;308894,20;0,014990;4630,32;175,41;0,00;4805,73;97;
493;033;202607;202607;97211002;00; LENV;N;39;25,70;0,014990;0,39;0,01;0,00;0,40;97;
493;033;202607;202607;97701003;00; LENV;N;357;807,40;0,014990;12,10;0,46;0,00;12,56;97;
493;033;202607;202607;97701004;00; LENV;N;355;684,00;0,014990;10,25;0,39;0,00;10,64;97;
493;033;202607;202606;92033006;00; LENV;R;325;186,60;0,014990;2,80;0,11;0,00;2,90;92;
493;033;202607;202607;92033006;00; LENV;R;502985;1283142,10;0,014990;19234,30;728,65;0,00;19962,95;92;
493;033;202607;202607;92701001;00; LENV;R;19068;13487,80;0,014990;202,18;7,66;0,00;209,84;92;
493;033;202607;202607;92701002;00; LENV;R;19328;12043,40;0,014990;180,53;6,84;0,00;187,37;92;
493;033;202607;202606;97033006;00; LENV;R;4;2,90;0,014990;0,04;0,00;0,00;0,05;97;
493;033;202607;202607;97033005;00; LENV;R;346;181,10;0,014990;2,71;0,10;0,00;2,82;97;
493;033;202607;202607;97033006;00; LENV;R;26736;71477,60;0,014990;1071,45;40,59;0,00;1112,04;97;
493;033;202607;202607;97701003;00; LENV;R;95;286,80;0,014990;4,30;0,16;0,00;4,46;97;
493;033;202607;202607;97701004;00; LENV;R;96;182,10;0,014990;2,73;0,10;0,00;2,83;97;
493;033;202607;202607;92033006;00; LSAV;N;10800;25136,50;0,014990;376,80;14,27;0,00;391,07;92;
493;033;202607;202607;97033006;00; LSAV;N;219;354,30;0,014990;5,31;0,20;0,00;5,51;97;
493;033;202607;202607;92033006;00; LSAV;R;3593;13560,70;0,014990;203,27;7,70;0,00;210,98;92;
493;033;202607;202607;97033006;00; LSAV;R;41;83,20;0,014990;1,25;0,05;0,00;1,29;97;
;;;;;01;;;4917922;7148773,40;;107160,10;4059,51;0,00;111219,64;;
494;037;202607;202607;9100100G;00; LENV;N;62;95,60;0,014990;1,43;0,05;0,00;1,49;91;
494;037;202607;202607;9100100K;00; LENV;N;66;82,50;0,014990;1,24;0,05;0,00;1,28;91;
494;037;202607;202607;91037005;00; LENV;N;807915;1373222,40;0,014990;20584,60;779,80;0,00;21364,40;91;
494;037;202607;202607;91037006;00; LENV;N;823015;1362673,00;0,014990;20426,47;773,81;0,00;21200,28;91;
494;037;202607;202607;91037007;00; LENV;N;140137;212494,30;0,014990;3185,29;120,67;0,00;3305,96;91;
494;037;202607;202607;91211001;00; LENV;N;4;9,10;0,014990;0,14;0,01;0,00;0,14;91;
494;037;202607;202607;91211004;00; LENV;N;5223;3122,40;0,014990;46,80;1,77;0,00;48,58;91;
494;037;202607;202607;91701003;00; LENV;N;35710;19301,50;0,014990;289,33;10,96;0,00;300,29;91;
494;037;202607;202607;93211006;00; LENV;N;568;335,40;0,014990;5,03;0,19;0,00;5,22;93;
494;037;202607;202607;93701001;00; LENV;N;15381;9123,80;0,014990;136,77;5,18;0,00;141,95;93;
494;037;202607;202607;93701002;00; LENV;N;15901;9221,20;0,014990;138,23;5,24;0,00;143,46;93;
494;037;202607;202606;94037006;00; LENV;N;26;52,70;0,014990;0,79;0,03;0,00;0,82;94;
494;037;202607;202607;9400100G;00; LENV;N;1322;2145,60;0,014990;32,16;1,22;0,00;33,38;94;
494;037;202607;202607;94037006;00; LENV;N;252317;299014,90;0,014990;4482,23;169,80;0,00;4652,03;94;
494;037;202607;202607;94211001;00; LENV;N;2002;1134,20;0,014990;17,00;0,64;0,00;17,65;94;
494;037;202607;202607;94701003;00; LENV;N;5740;3216,90;0,014990;48,22;1,83;0,00;50,05;94;
494;037;202607;202607;94701004;00; LENV;N;5581;3115,70;0,014990;46,70;1,77;0,00;48,47;94;
494;037;202607;202607;9100100G;00; LENV;R;11;12,40;0,014990;0,19;0,01;0,00;0,19;91;
494;037;202607;202607;9100100K;00; LENV;R;3;4,00;0,014990;0,06;0,00;0,00;0,06;91;
494;037;202607;202607;91037005;00; LENV;R;144272;383000,20;0,014990;5741,17;217,49;0,00;5958,66;91;
494;037;202607;202607;91037006;00; LENV;R;144918;363395,80;0,014990;5447,30;206,36;0,00;5653,66;91;
494;037;202607;202607;91037007;00; LENV;R;29113;58687,10;0,014990;879,72;33,33;0,00;913,05;91;
494;037;202607;202607;91211001;00; LENV;R;1;1,20;0,014990;0,02;0,00;0,00;0,02;91;
494;037;202607;202607;91701003;00; LENV;R;10132;5101,40;0,014990;76,47;2,90;0,00;79,37;91;
494;037;202607;202607;93701001;00; LENV;R;4265;3061,00;0,014990;45,88;1,74;0,00;47,62;93;
494;037;202607;202607;93701002;00; LENV;R;4368;2969,50;0,014990;44,51;1,69;0,00;46,20;93;
494;037;202607;202607;9400100G;00; LENV;R;424;793,50;0,014990;11,89;0,45;0,00;12,35;94;
494;037;202607;202607;94037006;00; LENV;R;44204;78873,30;0,014990;1182,31;44,79;0,00;1227,10;94;
494;037;202607;202607;94701003;00; LENV;R;1248;625,40;0,014990;9,37;0,36;0,00;9,73;94;
494;037;202607;202607;94701004;00; LENV;R;1250;661,80;0,014990;9,92;0,38;0,00;10,30;94;
494;037;202607;202607;91037005;00; LSAV;N;4471;10163,90;0,014990;152,36;5,77;0,00;158,13;91;
494;037;202607;202607;91037006;00; LSAV;N;19;60,90;0,014990;0,91;0,03;0,00;0,95;91;
494;037;202607;202607;91037007;00; LSAV;N;708;2117,40;0,014990;31,74;1,20;0,00;32,94;91;
494;037;202607;202607;91037008;00; LSAV;N;4654;10504,50;0,014990;157,46;5,97;0,00;163,43;91;
494;037;202607;202607;94037006;00; LSAV;N;366;674,10;0,014990;10,10;0,38;0,00;10,49;94;
494;037;202607;202607;91037005;00; LSAV;R;1316;3978,50;0,014990;59,64;2,26;0,00;61,90;91;
494;037;202607;202607;91037006;00; LSAV;R;1;1,60;0,014990;0,02;0,00;0,00;0,02;91;
494;037;202607;202607;91037007;00; LSAV;R;195;632,70;0,014990;9,48;0,36;0,00;9,84;91;
494;037;202607;202607;91037008;00; LSAV;R;1195;3251,20;0,014990;48,74;1,85;0,00;50,58;91;
494;037;202607;202607;94037006;00; LSAV;R;78;150,00;0,014990;2,25;0,09;0,00;2,33;94;
;;;;;01;;;2508182;4227082,60;;63363,94;2400,43;0,00;65764,37;;
497;036;202607;202606;95036006;00; LENV;N;3;1,50;0,014990;0,02;0,00;0,00;0,02;95;
497;036;202607;202607;95036003;00; LENV;N;9830;5605,60;0,014990;84,03;3,18;0,00;87,21;95;
497;036;202607;202607;95036004;00; LENV;N;1998;1160,10;0,014990;17,39;0,66;0,00;18,05;95;
497;036;202607;202607;95036006;00; LENV;N;167253;173861,90;0,014990;2606,19;98,73;0,00;2704,92;95;
497;036;202607;202607;95211002;00; LENV;N;599;348,10;0,014990;5,22;0,20;0,00;5,42;95;
497;036;202607;202607;95701002;00; LENV;N;692;895,40;0,014990;13,42;0,51;0,00;13,93;95;
497;036;202607;202607;95036003;00; LENV;R;1297;656,30;0,014990;9,84;0,37;0,00;10,21;95;
497;036;202607;202607;95036006;00; LENV;R;18996;35450,10;0,014990;531,40;20,13;0,00;551,53;95;
497;036;202607;202607;95701002;00; LENV;R;170;295,40;0,014990;4,43;0,17;0,00;4,60;95;
497;036;202607;202607;95036006;00; LSAV;N;661;1398,70;0,014990;20,97;0,79;0,00;21,76;95;
497;036;202607;202607;95036006;00; LSAV;R;232;659,60;0,014990;9,89;0,37;0,00;10,26;95;
;;;;;01;;;201731;220332,70;;3302,80;125,11;0,00;3427,91;;
499;039;202607;202606;98039006;00; LENV;N;569;316,00;0,014990;4,74;0,18;0,00;4,92;98;
499;039;202607;202606;98039008;00; LENV;N;123;79,20;0,014990;1,19;0,04;0,00;1,23;98;
499;039;202607;202607;98039003;00; LENV;N;47676;28510,10;0,014990;427,37;16,19;0,00;443,56;98;
499;039;202607;202607;98039004;00; LENV;N;63805;37827,70;0,014990;567,04;21,48;0,00;588,52;98;
499;039;202607;202607;98039006;00; LENV;N;369565;331714,50;0,014990;4972,40;188,37;0,00;5160,77;98;
499;039;202607;202607;98039007;00; LENV;N;647999;1000223,50;0,014990;14993,35;567,99;0,00;15561,34;98;
499;039;202607;202607;98039008;00; LENV;N;1094690;1876348,40;0,014990;28126,46;1065,51;0,00;29191,97;98;
499;039;202607;202607;98211004;00; LENV;N;4469;2521,30;0,014990;37,79;1,43;0,00;39,23;98;
499;039;202607;202607;98701001;00; LENV;N;69480;37401,80;0,014990;560,65;21,24;0,00;581,89;98;
499;039;202607;202607;98701002;00; LENV;N;71180;38247,10;0,014990;573,32;21,72;0,00;595,04;98;
499;039;202607;202607;99039003;00; LENV;N;40776;23541,00;0,014990;352,88;13,37;0,00;366,25;99;
499;039;202607;202607;99039004;00; LENV;N;33866;19494,00;0,014990;292,22;11,07;0,00;303,28;99;
499;039;202607;202607;99211003;00; LENV;N;2254;1225,80;0,014990;18,37;0,70;0,00;19,07;99;
499;039;202607;202607;99701001;00; LENV;N;55122;29005,60;0,014990;434,79;16,47;0,00;451,27;99;
499;039;202607;202607;99701002;00; LENV;N;55621;29394,90;0,014990;440,63;16,69;0,00;457,32;99;
499;039;202607;202607;98039003;00; LENV;R;499;271,00;0,014990;4,06;0,15;0,00;4,22;98;
499;039;202607;202607;98039004;00; LENV;R;8047;4342,00;0,014990;65,09;2,47;0,00;67,55;98;
499;039;202607;202607;98039006;00; LENV;R;35415;59193,50;0,014990;887,31;33,61;0,00;920,92;98;
499;039;202607;202607;98039007;00; LENV;R;82345;234895,30;0,014990;3521,08;133,39;0,00;3654,47;98;
499;039;202607;202607;98039008;00; LENV;R;190935;534810,90;0,014990;8016,82;303,70;0,00;8320,51;98;
499;039;202607;202607;98701001;00; LENV;R;18893;9462,90;0,014990;141,85;5,37;0,00;147,22;98;
499;039;202607;202607;98701002;00; LENV;R;18928;9484,60;0,014990;142,17;5,39;0,00;147,56;98;
499;039;202607;202607;99039003;00; LENV;R;424;340,00;0,014990;5,10;0,19;0,00;5,29;99;
499;039;202607;202607;99039004;00; LENV;R;2;1,10;0,014990;0,02;0,00;0,00;0,02;99;
499;039;202607;202607;99701001;00; LENV;R;17094;8572,30;0,014990;128,50;4,87;0,00;133,37;99;
499;039;202607;202607;99701002;00; LENV;R;17110;8579,80;0,014990;128,61;4,87;0,00;133,48;99;
499;039;202607;202607;98039005;00; LSAV;N;3;1,80;0,014990;0,03;0,00;0,00;0,03;98;
499;039;202607;202607;98039006;00; LSAV;N;161;380,00;0,014990;5,70;0,22;0,00;5,91;98;
499;039;202607;202607;98039007;00; LSAV;N;13;19,50;0,014990;0,29;0,01;0,00;0,30;98;
499;039;202607;202607;98039008;00; LSAV;N;6427;15118,00;0,014990;226,62;8,58;0,00;235,20;98;
499;039;202607;202607;99039006;00; LSAV;N;395;1166,50;0,014990;17,49;0,66;0,00;18,15;99;
499;039;202607;202607;98039006;00; LSAV;R;68;498,80;0,014990;7,48;0,28;0,00;7,76;98;
499;039;202607;202607;98039007;00; LSAV;R;2;3,50;0,014990;0,05;0,00;0,00;0,05;98;
499;039;202607;202607;98039008;00; LSAV;R;1766;4923,80;0,014990;73,81;2,80;0,00;76,60;98;
499;039;202607;202607;99039006;00; LSAV;R;144;730,30;0,014990;10,95;0,41;0,00;11,36;99;
;;;;;01;;;2955866;4348646,50;;65186,23;2469,42;0,00;67655,63;;
;;;;;01;;;135706535;290224221,20;;4696531,25;177917,19;0,00;4874448,60;;
