2026-08-13 13:49:12.906 | INFO    |__main__:<module>:7 - [RPA 1] robô: rpa1_captura
2026-08-13 13:49:12.906 | INFO    |__main__:<module>:7 - [RPA 1] modo: DEV  (de ENV)
2026-08-13 13:49:12.907 | INFO    |__main__:<module>:7 - [RPA 1] log: nível INFO (de LOG_LEVEL), diagnose ligado
2026-08-13 13:49:12.907 | INFO    |__main__:<module>:7 - [RPA 1] competência: 202607  (mês anterior ao corrente)
2026-08-13 13:49:12.922 | INFO    |__main__:<module>:7 - [RPA 1] banco: SQLite [C:\projetos\MVP2\MVP2\MVP2\DETRAF-UNIFICADO\unificado\banco_de_dados\TABELAS_DETRAF_espelho.db] (de CAMINHO_SQLITE)
2026-08-13 13:49:12.923 | INFO    |__main__:<module>:7 - [RPA 1] AGI: ambiente [producao] host [10.238.6.120] (de AGI_AMBIENTE) | executável [C:\projetos\MVP2\MVP2\MVP2\DETRAF-UNIFICADO\unificado\aplicacao_agi\Portal AIR\portal_air_vivo.exe]
2026-08-13 13:49:12.923 | INFO    |__main__:<module>:7 - [RPA 1] EFEITOS EXTERNOS -> e-mail: desligado | upload AGI: desligado | acesso AGI: desligado | e-mail à operadora (RPA 1): desligado | download SFTP: desligado
2026-08-13 13:49:12.924 | INFO    |__main__:<module>:7 - [RPA 1] parâmetros: apenas a etapa: processamento
2026-08-13 13:49:13.682 | INFO    |comum.dados.repositorio_cache:__init__:77 - Inicializando conexão com o banco no ambiente [dev]
2026-08-13 13:49:13.683 | INFO    |comum.dados.repositorio_cache:__init__:77 - Utilizando SQLite local [C:\projetos\MVP2\MVP2\MVP2\DETRAF-UNIFICADO\unificado\banco_de_dados\TABELAS_DETRAF_espelho.db]
2026-08-13 13:49:13.940 | INFO    |main:main:94 - Aplicação iniciada
2026-08-13 13:49:13.940 | INFO    |src.main.process_handle:run:34 - [RPA 1] Captura PULADA. Os arquivos serão lidos de DIRETORIO_ENTRADA, e o remetente de cada um vem do rastreamento gravado pela captura anterior.
2026-08-13 13:49:13.941 | INFO    |src.main.process_handle:run:34 - [RPA 1] Etapa 2/2 — identificação da operadora e salvamento (HU-02/HU-03)
2026-08-13 13:49:13.941 | INFO    |src.controllers.processamento_controller:processar:155 - Iniciando fluxo de processamento
2026-08-13 13:49:13.941 | INFO    |src.controllers.processamento_controller:processar:155 - Competência: 202607 | Ano: 2026
2026-08-13 13:49:14.042 | INFO    |src.services.processamento_service:executar:140 - [RPA 1] 113 arquivo(s) em [C:\projetos\MVP2\MVP2\MVP2\DETRAF-UNIFICADO\unificado\arquivos\Entrada] (busca recursiva); 0 com remetente recuperado do rastreamento.
2026-08-13 13:49:14.043 | WARNING |src.services.processamento_service:executar:140 - [RPA 1] Nenhum arquivo tem rastreamento: a identificação vai depender só da EOT credora dentro do arquivo, sem o fallback por domínio do remetente. É o esperado numa pasta preparada à mão; se veio de uma captura, confira RASTREAMENTO_ARQUIVO_PATH.
2026-08-13 13:49:14.043 | INFO    |src.controllers.processamento_controller:processar:155 - Total de arquivos a processar: 113
2026-08-13 13:49:14.067 | WARNING |src.services.processamento_service:_processar_arquivo:261 - [RPA 1] Não foi possível ler [Claro SMP - Receita - Rede SIP - 07.2026 - Enviado TLF.xlsx]: Erro ao processar a leitura do arquivo C:\projetos\MVP2\MVP2\MVP2\DETRAF-UNIFICADO\unificado\arquivos\Entrada\9D024E55DD250D4D00005211FBDF0000137D0D4C70E1CF4091747B97613AB5A60000A35B1B2B0000\Claro SMP - Receita - Rede SIP - 07.2026 - Enviado TLF.xlsx: expected string or bytes-like object, got 'float'
2026-08-13 13:49:14.104 | INFO    |comum.dados.repositorio_cache:obter_tabela:214 - Carregando tabela [tbl_anexo5_processado]
2026-08-13 13:49:14.130 | INFO    |comum.dados.repositorio_cache:obter_tabela:214 - Tabela [tbl_anexo5_processado] carregada | Linhas: 2656 | Colunas: 18
2026-08-13 13:49:14.154 | INFO    |src.services.processamento_service:_reprovar:533 - [Layout] Motivo da recusa gravado em [Claro SMP - Receita - Rede SIP - 07.2026 - Enviado TLF_RECUSADO.md].
2026-08-13 13:49:14.157 | INFO    |comum.dados.repositorio_cache:salvar_dados_tabela_despesa:262 - Inserindo 1 registro(s) em [tbl_rpa_log_detraf_despesa_arquivos].
2026-08-13 13:49:14.170 | INFO    |comum.dados.repositorio_cache:salvar_dados_tabela_despesa:262 - 1 registro(s) persistidos em [tbl_rpa_log_detraf_despesa_arquivos].
2026-08-13 13:49:14.171 | WARNING |src.services.processamento_service:_processar_arquivo:264 - [RPA 1] 'Claro SMP - Receita - Rede SIP - 07.2026 - Enviado TLF.xlsx' REPROVADO na validação — quarentena em [C:\projetos\MVP2\MVP2\MVP2\DETRAF-UNIFICADO\unificado\arquivos\_QUARENTENA\202607\Claro SMP - Receita - Rede SIP - 07.2026 - Enviado TLF].
2026-08-13 13:49:14.214 | INFO    |comum.dados.repositorio_cache:obter_tabela:214 - Carregando tabela [tbl_detraf_tarifas]
2026-08-13 13:49:14.217 | INFO    |comum.dados.repositorio_cache:obter_tabela:214 - Tabela [tbl_detraf_tarifas] carregada | Linhas: 110 | Colunas: 21
2026-08-13 13:49:14.236 | INFO    |src.services.processamento_service:_validar:482 - Resultado das validações para o arquivo do tipo 'detraf': {'v_col1_2': True, 'v_col2_vivo': True, 'v_col3': True, 'v_col4': True, 'v_col8': True, 'v_col9': True, 'v_col10': True, 'v_col11': True, 'v_col12_15': True, 'v_tarifas_remuneradas': True}
2026-08-13 13:49:14.241 | WARNING |src.services.processamento_service:_processar_arquivo:297 - Estrutura do mês anterior não encontrada em 'C:\projetos\MVP2\MVP2\MVP2\DETRAF-UNIFICADO\unificado\arquivos\Operadoras\Agil Telecom\2026\202606' — criando 'C:\projetos\MVP2\MVP2\MVP2\DETRAF-UNIFICADO\unificado\arquivos\Operadoras\Agil Telecom\2026\202607' vazio.
2026-08-13 13:49:14.243 | INFO    |src.services.processamento_service:executar:145 - Processado com sucesso: Agil_Vivo_202607.csv (operadora identificada via 'eot')
2026-08-13 13:49:14.276 | INFO    |src.services.processamento_service:_validar:482 - Resultado das validações para o arquivo do tipo 'detraf': {'v_col1_2': True, 'v_col2_vivo': True, 'v_col3': True, 'v_col4': True, 'v_col8': True, 'v_col9': True, 'v_col10': True, 'v_col11': True, 'v_col12_15': True, 'v_tarifas_remuneradas': True}
2026-08-13 13:49:14.282 | INFO    |src.services.processamento_service:executar:145 - Processado com sucesso: Agil_Vivo_SMP_202607.csv (operadora identificada via 'eot')
2026-08-13 13:49:14.316 | INFO    |comum.dominio.validacao_colunas:validar_tudo_detalhado:269 - DataFrame reprovado na validação da Coluna 10 (Minutos). Valores nulos ou não numéricos detectados.
2026-08-13 13:49:14.319 | INFO    |src.services.processamento_service:_validar:482 - Resultado das validações para o arquivo do tipo 'detraf': {'v_col1_2': True, 'v_col2_vivo': True, 'v_col3': True, 'v_col4': True, 'v_col8': True, 'v_col9': True, 'v_col10': False, 'v_col11': True, 'v_col12_15': True, 'v_tarifas_remuneradas': True}
2026-08-13 13:49:14.320 | WARNING |src.services.processamento_service:_processar_arquivo:262 - Arquivo [Ampernet_Vivo_202607.csv] rejeitado: regras de coluna não atendidas.
  Coluna 10 (Minutos): os minutos admitem no máximo 1 casa decimal.
2026-08-13 13:49:14.328 | INFO    |src.services.processamento_service:_reprovar:533 - [Layout] Motivo da recusa gravado em [Ampernet_Vivo_202607_RECUSADO.md].
2026-08-13 13:49:14.329 | INFO    |comum.dados.repositorio_cache:salvar_dados_tabela_despesa:262 - Inserindo 1 registro(s) em [tbl_rpa_log_detraf_despesa_arquivos].
2026-08-13 13:49:14.338 | INFO    |comum.dados.repositorio_cache:salvar_dados_tabela_despesa:262 - 1 registro(s) persistidos em [tbl_rpa_log_detraf_despesa_arquivos].
2026-08-13 13:49:14.338 | WARNING |src.services.processamento_service:_processar_arquivo:264 - [RPA 1] 'Ampernet_Vivo_202607.csv' REPROVADO na validação — quarentena em [C:\projetos\MVP2\MVP2\MVP2\DETRAF-UNIFICADO\unificado\arquivos\_QUARENTENA\202607\Ampernet_Vivo_202607].
2026-08-13 13:49:14.374 | INFO    |src.services.processamento_service:_validar:482 - Resultado das validações para o arquivo do tipo 'detraf': {'v_col1_2': True, 'v_col2_vivo': True, 'v_col3': True, 'v_col4': True, 'v_col8': True, 'v_col9': True, 'v_col10': True, 'v_col11': True, 'v_col12_15': True, 'v_tarifas_remuneradas': True}
2026-08-13 13:49:14.379 | INFO    |src.services.processamento_service:executar:145 - Processado com sucesso: Opcao_Telefonica_Brasil_S_A__202607.csv (operadora identificada via 'eot')
2026-08-13 13:49:14.423 | INFO    |src.services.processamento_service:_validar:482 - Resultado das validações para o arquivo do tipo 'detraf': {'v_col1_2': True, 'v_col2_vivo': True, 'v_col3': True, 'v_col4': True, 'v_col8': True, 'v_col9': True, 'v_col10': True, 'v_col11': True, 'v_col12_15': True, 'v_tarifas_remuneradas': True}
2026-08-13 13:49:14.428 | INFO    |src.services.processamento_service:executar:145 - Processado com sucesso: Detraf Nova x TLF_011 202607.csv (operadora identificada via 'eot')
2026-08-13 13:49:14.468 | INFO    |src.services.processamento_service:_validar:482 - Resultado das validações para o arquivo do tipo 'detraf': {'v_col1_2': True, 'v_col2_vivo': True, 'v_col3': True, 'v_col4': True, 'v_col8': True, 'v_col9': True, 'v_col10': True, 'v_col11': True, 'v_col12_15': True, 'v_tarifas_remuneradas': True}
2026-08-13 13:49:14.473 | INFO    |src.services.processamento_service:executar:145 - Processado com sucesso: Detraf Nova x Vivo SMP 202607.csv (operadora identificada via 'eot')
2026-08-13 13:49:14.507 | INFO    |comum.dominio.validacao_colunas:validar_tudo_detalhado:265 - DataFrame reprovado na validação da Coluna 3 (Referência). Esperado apenas: 202607
2026-08-13 13:49:14.512 | INFO    |src.services.processamento_service:_validar:482 - Resultado das validações para o arquivo do tipo 'detraf': {'v_col1_2': True, 'v_col2_vivo': True, 'v_col3': False, 'v_col4': True, 'v_col8': True, 'v_col9': True, 'v_col10': True, 'v_col11': True, 'v_col12_15': True, 'v_tarifas_remuneradas': True}
2026-08-13 13:49:14.513 | WARNING |src.services.processamento_service:_processar_arquivo:262 - Arquivo [Detraf Nova x TLF_011 202605.csv] rejeitado: regras de coluna não atendidas.
  Coluna 3 (Referência): a referência precisa ser 202607 (AAAAMM) em todas as linhas.
2026-08-13 13:49:14.534 | INFO    |src.services.processamento_service:_reprovar:533 - [Layout] Motivo da recusa gravado em [Detraf Nova x TLF_011 202605_RECUSADO.md].
2026-08-13 13:49:14.536 | INFO    |comum.dados.repositorio_cache:salvar_dados_tabela_despesa:262 - Inserindo 1 registro(s) em [tbl_rpa_log_detraf_despesa_arquivos].
2026-08-13 13:49:14.547 | INFO    |comum.dados.repositorio_cache:salvar_dados_tabela_despesa:262 - 1 registro(s) persistidos em [tbl_rpa_log_detraf_despesa_arquivos].
2026-08-13 13:49:14.547 | WARNING |src.services.processamento_service:_processar_arquivo:264 - [RPA 1] 'Detraf Nova x TLF_011 202605.csv' REPROVADO na validação — quarentena em [C:\projetos\MVP2\MVP2\MVP2\DETRAF-UNIFICADO\unificado\arquivos\_QUARENTENA\202607\Detraf Nova x TLF_011 202605].
2026-08-13 13:49:14.588 | INFO    |comum.dominio.validacao_colunas:validar_tudo_detalhado:252 - Validação de tarifas concluída | Total: 4 | Válidas: 2 | Inválidas: 2 | Resultado final: False
2026-08-13 13:49:14.589 | INFO    |comum.dominio.validacao_colunas:validar_tudo_detalhado:265 - DataFrame reprovado na validação da Coluna 3 (Referência). Esperado apenas: 202607
2026-08-13 13:49:14.595 | INFO    |src.services.processamento_service:_validar:482 - Resultado das validações para o arquivo do tipo 'detraf': {'v_col1_2': True, 'v_col2_vivo': True, 'v_col3': False, 'v_col4': True, 'v_col8': True, 'v_col9': True, 'v_col10': True, 'v_col11': True, 'v_col12_15': True, 'v_tarifas_remuneradas': False}
2026-08-13 13:49:14.595 | WARNING |src.services.processamento_service:_processar_arquivo:262 - Arquivo [Detraf Nova x Vivo SMP 202605.csv] rejeitado: regras de coluna não atendidas.
  Coluna 3 (Referência): a referência precisa ser 202607 (AAAAMM) em todas as linhas.
  Tarifas remuneradas: há linhas cuja tarifa não corresponde à tarifa regulada vigente para a região, o grupo horário e o mês de tráfego da linha.
2026-08-13 13:49:14.603 | INFO    |src.services.processamento_service:_reprovar:533 - [Layout] Motivo da recusa gravado em [Detraf Nova x Vivo SMP 202605_RECUSADO.md].
2026-08-13 13:49:14.604 | INFO    |comum.dados.repositorio_cache:salvar_dados_tabela_despesa:262 - Inserindo 1 registro(s) em [tbl_rpa_log_detraf_despesa_arquivos].
2026-08-13 13:49:14.613 | INFO    |comum.dados.repositorio_cache:salvar_dados_tabela_despesa:262 - 1 registro(s) persistidos em [tbl_rpa_log_detraf_despesa_arquivos].
2026-08-13 13:49:14.614 | WARNING |src.services.processamento_service:_processar_arquivo:264 - [RPA 1] 'Detraf Nova x Vivo SMP 202605.csv' REPROVADO na validação — quarentena em [C:\projetos\MVP2\MVP2\MVP2\DETRAF-UNIFICADO\unificado\arquivos\_QUARENTENA\202607\Detraf Nova x Vivo SMP 202605].
2026-08-13 13:49:14.652 | INFO    |comum.dominio.validacao_colunas:validar_tudo_detalhado:252 - Validação de tarifas concluída | Total: 2 | Válidas: 1 | Inválidas: 1 | Resultado final: False
2026-08-13 13:49:14.657 | INFO    |src.services.processamento_service:_validar:482 - Resultado das validações para o arquivo do tipo 'detraf': {'v_col1_2': True, 'v_col2_vivo': True, 'v_col3': True, 'v_col4': True, 'v_col8': True, 'v_col9': True, 'v_col10': True, 'v_col11': True, 'v_col12_15': True, 'v_tarifas_remuneradas': False}
2026-08-13 13:49:14.657 | WARNING |src.services.processamento_service:_processar_arquivo:262 - Arquivo [VIVO.xlsx] rejeitado: regras de coluna não atendidas.
  Tarifas remuneradas: há linhas cuja tarifa não corresponde à tarifa regulada vigente para a região, o grupo horário e o mês de tráfego da linha.
2026-08-13 13:49:14.670 | INFO    |src.services.processamento_service:_reprovar:533 - [Layout] Motivo da recusa gravado em [VIVO_RECUSADO.md].
2026-08-13 13:49:14.672 | INFO    |comum.dados.repositorio_cache:salvar_dados_tabela_despesa:262 - Inserindo 1 registro(s) em [tbl_rpa_log_detraf_despesa_arquivos].
2026-08-13 13:49:14.681 | INFO    |comum.dados.repositorio_cache:salvar_dados_tabela_despesa:262 - 1 registro(s) persistidos em [tbl_rpa_log_detraf_despesa_arquivos].
2026-08-13 13:49:14.682 | WARNING |src.services.processamento_service:_processar_arquivo:264 - [RPA 1] 'VIVO.xlsx' REPROVADO na validação — quarentena em [C:\projetos\MVP2\MVP2\MVP2\DETRAF-UNIFICADO\unificado\arquivos\_QUARENTENA\202607\VIVO].
2026-08-13 13:49:14.724 | INFO    |src.services.processamento_service:_validar:482 - Resultado das validações para o arquivo do tipo 'detraf': {'v_col1_2': True, 'v_col2_vivo': True, 'v_col3': True, 'v_col4': True, 'v_col8': True, 'v_col9': True, 'v_col10': True, 'v_col11': True, 'v_col12_15': True, 'v_tarifas_remuneradas': True}
2026-08-13 13:49:14.737 | INFO    |src.services.processamento_service:executar:145 - Processado com sucesso: Declaração de Tráfego UFINET x VIVO LDN 07-2026.xlsx (operadora identificada via 'eot')
2026-08-13 13:49:14.783 | INFO    |comum.dominio.validacao_colunas:validar_tudo_detalhado:269 - DataFrame reprovado na validação da Coluna 10 (Minutos). Encontrados valores com mais de 1 casa decimal.
2026-08-13 13:49:14.787 | INFO    |src.services.processamento_service:_validar:482 - Resultado das validações para o arquivo do tipo 'detraf': {'v_col1_2': True, 'v_col2_vivo': True, 'v_col3': True, 'v_col4': True, 'v_col8': True, 'v_col9': True, 'v_col10': False, 'v_col11': True, 'v_col12_15': True, 'v_tarifas_remuneradas': True}
2026-08-13 13:49:14.787 | WARNING |src.services.processamento_service:_processar_arquivo:262 - Arquivo [Declaração de Tráfego UFINET x VIVO SMP 07-2026.xlsx] rejeitado: regras de coluna não atendidas.
  Coluna 10 (Minutos): os minutos admitem no máximo 1 casa decimal.
2026-08-13 13:49:14.810 | INFO    |src.services.processamento_service:_reprovar:533 - [Layout] Motivo da recusa gravado em [Declaração de Tráfego UFINET x VIVO SMP 07-2026_RECUSADO.md].
2026-08-13 13:49:14.812 | INFO    |comum.dados.repositorio_cache:salvar_dados_tabela_despesa:262 - Inserindo 1 registro(s) em [tbl_rpa_log_detraf_despesa_arquivos].
2026-08-13 13:49:14.822 | INFO    |comum.dados.repositorio_cache:salvar_dados_tabela_despesa:262 - 1 registro(s) persistidos em [tbl_rpa_log_detraf_despesa_arquivos].
2026-08-13 13:49:14.822 | WARNING |src.services.processamento_service:_processar_arquivo:264 - [RPA 1] 'Declaração de Tráfego UFINET x VIVO SMP 07-2026.xlsx' REPROVADO na validação — quarentena em [C:\projetos\MVP2\MVP2\MVP2\DETRAF-UNIFICADO\unificado\arquivos\_QUARENTENA\202607\Declaração de Tráfego UFINET x VIVO SMP 07-2026].
2026-08-13 13:49:14.826 | WARNING |src.services.processamento_service:_processar_arquivo:262 - Arquivo [detraf_202607_O51_010.csv] rejeitado: layout fora do padrão da V2.
  posição 9 (Minutos): esperado número, encontrado "279.377,05", "4.276,35", "nan" [2/5 válidos]
2026-08-13 13:49:14.836 | INFO    |src.services.processamento_service:_reprovar:533 - [Layout] Motivo da recusa gravado em [detraf_202607_O51_010_RECUSADO.md].
2026-08-13 13:49:14.839 | INFO    |comum.dados.repositorio_cache:salvar_dados_tabela_despesa:262 - Inserindo 1 registro(s) em [tbl_rpa_log_detraf_despesa_arquivos].
2026-08-13 13:49:14.848 | INFO    |comum.dados.repositorio_cache:salvar_dados_tabela_despesa:262 - 1 registro(s) persistidos em [tbl_rpa_log_detraf_despesa_arquivos].
2026-08-13 13:49:14.848 | WARNING |src.services.processamento_service:_processar_arquivo:264 - [RPA 1] 'detraf_202607_O51_010.csv' REPROVADO na validação — quarentena em [C:\projetos\MVP2\MVP2\MVP2\DETRAF-UNIFICADO\unificado\arquivos\_QUARENTENA\202607\detraf_202607_O51_010].
2026-08-13 13:49:14.852 | WARNING |src.services.processamento_service:_processar_arquivo:262 - Arquivo [detraf_202607_O51_011.csv] rejeitado: layout fora do padrão da V2.
  posição 9 (Minutos): esperado número, encontrado "167.921,31", "3.128,81", "nan" [0/3 válidos]
  posição 11 (R$_Liq): esperado número, encontrado "1.024,32", "1.037,68" [1/3 válidos]
  posição 14 (R$_Bruto): esperado número, encontrado "1.061,68", "1.075,53" [1/3 válidos]
2026-08-13 13:49:14.858 | INFO    |src.services.processamento_service:_reprovar:533 - [Layout] Motivo da recusa gravado em [detraf_202607_O51_011_RECUSADO.md].
2026-08-13 13:49:14.859 | INFO    |comum.dados.repositorio_cache:salvar_dados_tabela_despesa:262 - Inserindo 1 registro(s) em [tbl_rpa_log_detraf_despesa_arquivos].
2026-08-13 13:49:14.867 | INFO    |comum.dados.repositorio_cache:salvar_dados_tabela_despesa:262 - 1 registro(s) persistidos em [tbl_rpa_log_detraf_despesa_arquivos].
2026-08-13 13:49:14.867 | WARNING |src.services.processamento_service:_processar_arquivo:264 - [RPA 1] 'detraf_202607_O51_011.csv' REPROVADO na validação — quarentena em [C:\projetos\MVP2\MVP2\MVP2\DETRAF-UNIFICADO\unificado\arquivos\_QUARENTENA\202607\detraf_202607_O51_011].
2026-08-13 13:49:14.901 | INFO    |comum.dominio.validacao_colunas:validar_tudo_detalhado:252 - Validação de tarifas concluída | Total: 5 | Válidas: 4 | Inválidas: 1 | Resultado final: False
2026-08-13 13:49:14.906 | INFO    |src.services.processamento_service:_validar:482 - Resultado das validações para o arquivo do tipo 'detraf': {'v_col1_2': True, 'v_col2_vivo': True, 'v_col3': True, 'v_col4': True, 'v_col8': True, 'v_col9': True, 'v_col10': True, 'v_col11': True, 'v_col12_15': True, 'v_tarifas_remuneradas': False}
2026-08-13 13:49:14.906 | WARNING |src.services.processamento_service:_processar_arquivo:262 - Arquivo [DETRAF_IDT_TELEFONICA_07-2026_CRED.csv] rejeitado: regras de coluna não atendidas.
  Tarifas remuneradas: há linhas cuja tarifa não corresponde à tarifa regulada vigente para a região, o grupo horário e o mês de tráfego da linha.
2026-08-13 13:49:14.913 | INFO    |src.services.processamento_service:_reprovar:533 - [Layout] Motivo da recusa gravado em [DETRAF_IDT_TELEFONICA_07-2026_CRED_RECUSADO.md].
2026-08-13 13:49:14.914 | INFO    |comum.dados.repositorio_cache:salvar_dados_tabela_despesa:262 - Inserindo 1 registro(s) em [tbl_rpa_log_detraf_despesa_arquivos].
2026-08-13 13:49:14.920 | INFO    |comum.dados.repositorio_cache:salvar_dados_tabela_despesa:262 - 1 registro(s) persistidos em [tbl_rpa_log_detraf_despesa_arquivos].
2026-08-13 13:49:14.921 | WARNING |src.services.processamento_service:_processar_arquivo:264 - [RPA 1] 'DETRAF_IDT_TELEFONICA_07-2026_CRED.csv' REPROVADO na validação — quarentena em [C:\projetos\MVP2\MVP2\MVP2\DETRAF-UNIFICADO\unificado\arquivos\_QUARENTENA\202607\DETRAF_IDT_TELEFONICA_07-2026_CRED].
2026-08-13 13:49:14.963 | INFO    |comum.dominio.validacao_colunas:validar_tudo_detalhado:252 - Validação de tarifas concluída | Total: 21 | Válidas: 20 | Inválidas: 1 | Resultado final: False
2026-08-13 13:49:14.968 | INFO    |src.services.processamento_service:_validar:482 - Resultado das validações para o arquivo do tipo 'detraf': {'v_col1_2': True, 'v_col2_vivo': True, 'v_col3': True, 'v_col4': True, 'v_col8': True, 'v_col9': True, 'v_col10': True, 'v_col11': True, 'v_col12_15': True, 'v_tarifas_remuneradas': False}
2026-08-13 13:49:14.968 | WARNING |src.services.processamento_service:_processar_arquivo:262 - Arquivo [DETRAF_IDT_VIVO_07-2026_CRED.csv] rejeitado: regras de coluna não atendidas.
  Tarifas remuneradas: há linhas cuja tarifa não corresponde à tarifa regulada vigente para a região, o grupo horário e o mês de tráfego da linha.
2026-08-13 13:49:14.974 | INFO    |src.services.processamento_service:_reprovar:533 - [Layout] Motivo da recusa gravado em [DETRAF_IDT_VIVO_07-2026_CRED_RECUSADO.md].
2026-08-13 13:49:14.975 | INFO    |comum.dados.repositorio_cache:salvar_dados_tabela_despesa:262 - Inserindo 1 registro(s) em [tbl_rpa_log_detraf_despesa_arquivos].
2026-08-13 13:49:14.983 | INFO    |comum.dados.repositorio_cache:salvar_dados_tabela_despesa:262 - 1 registro(s) persistidos em [tbl_rpa_log_detraf_despesa_arquivos].
2026-08-13 13:49:14.984 | WARNING |src.services.processamento_service:_processar_arquivo:264 - [RPA 1] 'DETRAF_IDT_VIVO_07-2026_CRED.csv' REPROVADO na validação — quarentena em [C:\projetos\MVP2\MVP2\MVP2\DETRAF-UNIFICADO\unificado\arquivos\_QUARENTENA\202607\DETRAF_IDT_VIVO_07-2026_CRED].
2026-08-13 13:49:14.992 | WARNING |src.services.processamento_service:_processar_arquivo:262 - Arquivo [expectativa-telefonica-brasil-smp-c-vc1-202607.xlsx] rejeitado: layout fora do padrão da V2.
  posição 9 (Minutos): esperado número, encontrado "72,370.7", "6,291.4", "nan" [1/4 válidos]
2026-08-13 13:49:15.008 | INFO    |src.services.processamento_service:_reprovar:533 - [Layout] Motivo da recusa gravado em [expectativa-telefonica-brasil-smp-c-vc1-202607_RECUSADO.md].
2026-08-13 13:49:15.010 | INFO    |comum.dados.repositorio_cache:salvar_dados_tabela_despesa:262 - Inserindo 1 registro(s) em [tbl_rpa_log_detraf_despesa_arquivos].
2026-08-13 13:49:15.017 | INFO    |comum.dados.repositorio_cache:salvar_dados_tabela_despesa:262 - 1 registro(s) persistidos em [tbl_rpa_log_detraf_despesa_arquivos].
2026-08-13 13:49:15.018 | WARNING |src.services.processamento_service:_processar_arquivo:264 - [RPA 1] 'expectativa-telefonica-brasil-smp-c-vc1-202607.xlsx' REPROVADO na validação — quarentena em [C:\projetos\MVP2\MVP2\MVP2\DETRAF-UNIFICADO\unificado\arquivos\_QUARENTENA\202607\expectativa-telefonica-brasil-smp-c-vc1-202607].
2026-08-13 13:49:15.059 | INFO    |comum.dominio.validacao_colunas:validar_tudo_detalhado:252 - Validação de tarifas concluída | Total: 6 | Válidas: 4 | Inválidas: 2 | Resultado final: False
2026-08-13 13:49:15.062 | INFO    |comum.dominio.validacao_colunas:validar_tudo_detalhado:269 - DataFrame reprovado na validação da Coluna 10 (Minutos). Valores nulos ou não numéricos detectados.
2026-08-13 13:49:15.066 | INFO    |src.services.processamento_service:_validar:482 - Resultado das validações para o arquivo do tipo 'detraf': {'v_col1_2': True, 'v_col2_vivo': True, 'v_col3': True, 'v_col4': True, 'v_col8': True, 'v_col9': True, 'v_col10': False, 'v_col11': True, 'v_col12_15': True, 'v_tarifas_remuneradas': False}
2026-08-13 13:49:15.067 | WARNING |src.services.processamento_service:_processar_arquivo:262 - Arquivo [expectativa-telefonica-brasil-stfc-c-ldn-202607.xlsx] rejeitado: regras de coluna não atendidas.
  Coluna 10 (Minutos): os minutos admitem no máximo 1 casa decimal.
  Tarifas remuneradas: há linhas cuja tarifa não corresponde à tarifa regulada vigente para a região, o grupo horário e o mês de tráfego da linha.
2026-08-13 13:49:15.078 | INFO    |src.services.processamento_service:_reprovar:533 - [Layout] Motivo da recusa gravado em [expectativa-telefonica-brasil-stfc-c-ldn-202607_RECUSADO.md].
2026-08-13 13:49:15.079 | INFO    |comum.dados.repositorio_cache:salvar_dados_tabela_despesa:262 - Inserindo 1 registro(s) em [tbl_rpa_log_detraf_despesa_arquivos].
2026-08-13 13:49:15.086 | INFO    |comum.dados.repositorio_cache:salvar_dados_tabela_despesa:262 - 1 registro(s) persistidos em [tbl_rpa_log_detraf_despesa_arquivos].
2026-08-13 13:49:15.087 | WARNING |src.services.processamento_service:_processar_arquivo:264 - [RPA 1] 'expectativa-telefonica-brasil-stfc-c-ldn-202607.xlsx' REPROVADO na validação — quarentena em [C:\projetos\MVP2\MVP2\MVP2\DETRAF-UNIFICADO\unificado\arquivos\_QUARENTENA\202607\expectativa-telefonica-brasil-stfc-c-ldn-202607].
2026-08-13 13:49:15.098 | WARNING |src.services.processamento_service:_processar_arquivo:261 - [RPA 1] Não foi possível ler [DETRAF VMAX x TELEFONICA LDN_202607.xlsx]: Erro ao processar a leitura do arquivo C:\projetos\MVP2\MVP2\MVP2\DETRAF-UNIFICADO\unificado\arquivos\Entrada\9D024E55DD250D4D00005211FBDF0000137D0D4C70E1CF4091747B97613AB5A60000A35B1B360000\DETRAF VMAX x TELEFONICA LDN_202607.xlsx: expected string or bytes-like object, got 'float'
2026-08-13 13:49:15.116 | INFO    |src.services.processamento_service:_reprovar:533 - [Layout] Motivo da recusa gravado em [DETRAF VMAX x TELEFONICA LDN_202607_RECUSADO.md].
2026-08-13 13:49:15.118 | INFO    |comum.dados.repositorio_cache:salvar_dados_tabela_despesa:262 - Inserindo 1 registro(s) em [tbl_rpa_log_detraf_despesa_arquivos].
2026-08-13 13:49:15.126 | INFO    |comum.dados.repositorio_cache:salvar_dados_tabela_despesa:262 - 1 registro(s) persistidos em [tbl_rpa_log_detraf_despesa_arquivos].
2026-08-13 13:49:15.126 | WARNING |src.services.processamento_service:_processar_arquivo:264 - [RPA 1] 'DETRAF VMAX x TELEFONICA LDN_202607.xlsx' REPROVADO na validação — quarentena em [C:\projetos\MVP2\MVP2\MVP2\DETRAF-UNIFICADO\unificado\arquivos\_QUARENTENA\202607\DETRAF VMAX x TELEFONICA LDN_202607].
2026-08-13 13:49:15.137 | WARNING |src.services.processamento_service:_processar_arquivo:261 - [RPA 1] Não foi possível ler [DETRAF VMAX x TELEFONICA SMP_202607.xlsx]: Erro ao processar a leitura do arquivo C:\projetos\MVP2\MVP2\MVP2\DETRAF-UNIFICADO\unificado\arquivos\Entrada\9D024E55DD250D4D00005211FBDF0000137D0D4C70E1CF4091747B97613AB5A60000A35B1B360000\DETRAF VMAX x TELEFONICA SMP_202607.xlsx: expected string or bytes-like object, got 'float'
2026-08-13 13:49:15.153 | INFO    |src.services.processamento_service:_reprovar:533 - [Layout] Motivo da recusa gravado em [DETRAF VMAX x TELEFONICA SMP_202607_RECUSADO.md].
2026-08-13 13:49:15.154 | INFO    |comum.dados.repositorio_cache:salvar_dados_tabela_despesa:262 - Inserindo 1 registro(s) em [tbl_rpa_log_detraf_despesa_arquivos].
2026-08-13 13:49:15.165 | INFO    |comum.dados.repositorio_cache:salvar_dados_tabela_despesa:262 - 1 registro(s) persistidos em [tbl_rpa_log_detraf_despesa_arquivos].
2026-08-13 13:49:15.166 | WARNING |src.services.processamento_service:_processar_arquivo:264 - [RPA 1] 'DETRAF VMAX x TELEFONICA SMP_202607.xlsx' REPROVADO na validação — quarentena em [C:\projetos\MVP2\MVP2\MVP2\DETRAF-UNIFICADO\unificado\arquivos\_QUARENTENA\202607\DETRAF VMAX x TELEFONICA SMP_202607].
2026-08-13 13:49:15.168 | WARNING |src.services.processamento_service:_processar_arquivo:261 - [RPA 1] Não foi possível ler [Declaração de Tráfego G30 x VIVO SMP 07-2026.xls]: Erro ao processar a leitura do arquivo C:\projetos\MVP2\MVP2\MVP2\DETRAF-UNIFICADO\unificado\arquivos\Entrada\9D024E55DD250D4D00005211FBDF0000137D0D4C70E1CF4091747B97613AB5A60000A35B1B370000\Declaração de Tráfego G30 x VIVO SMP 07-2026.xls: File contains no valid workbook part
2026-08-13 13:49:15.169 | WARNING |src.services.operadora_service:obter_operadora:157 - Falha ao extrair EOT de 'Declaração de Tráfego G30 x VIVO SMP 07-2026.xls': openpyxl does not support the old .xls file format, please use xlrd to read this file, or convert it to the more recent .xlsx file format.
2026-08-13 13:49:15.175 | INFO    |src.services.processamento_service:_reprovar:533 - [Layout] Motivo da recusa gravado em [Declaração de Tráfego G30 x VIVO SMP 07-2026_RECUSADO.md].
2026-08-13 13:49:15.177 | INFO    |comum.dados.repositorio_cache:salvar_dados_tabela_despesa:262 - Inserindo 1 registro(s) em [tbl_rpa_log_detraf_despesa_arquivos].
2026-08-13 13:49:15.184 | INFO    |comum.dados.repositorio_cache:salvar_dados_tabela_despesa:262 - 1 registro(s) persistidos em [tbl_rpa_log_detraf_despesa_arquivos].
2026-08-13 13:49:15.185 | WARNING |src.services.processamento_service:_processar_arquivo:264 - [RPA 1] 'Declaração de Tráfego G30 x VIVO SMP 07-2026.xls' REPROVADO na validação — quarentena em [C:\projetos\MVP2\MVP2\MVP2\DETRAF-UNIFICADO\unificado\arquivos\_QUARENTENA\202607\Declaração de Tráfego G30 x VIVO SMP 07-2026].
2026-08-13 13:49:15.186 | WARNING |src.services.processamento_service:_processar_arquivo:261 - [RPA 1] Não foi possível ler [Declaração de Tráfego VOCÊ TELECOM x VIVO SMP_202607.xls]: Erro ao processar a leitura do arquivo C:\projetos\MVP2\MVP2\MVP2\DETRAF-UNIFICADO\unificado\arquivos\Entrada\9D024E55DD250D4D00005211FBDF0000137D0D4C70E1CF4091747B97613AB5A60000A35B1B380000\Declaração de Tráfego VOCÊ TELECOM x VIVO SMP_202607.xls: File contains no valid workbook part
2026-08-13 13:49:15.186 | WARNING |src.services.operadora_service:obter_operadora:157 - Falha ao extrair EOT de 'Declaração de Tráfego VOCÊ TELECOM x VIVO SMP_202607.xls': openpyxl does not support the old .xls file format, please use xlrd to read this file, or convert it to the more recent .xlsx file format.
2026-08-13 13:49:15.193 | INFO    |src.services.processamento_service:_reprovar:533 - [Layout] Motivo da recusa gravado em [Declaração de Tráfego VOCÊ TELECOM x VIVO SMP_202607_RECUSADO.md].
2026-08-13 13:49:15.195 | INFO    |comum.dados.repositorio_cache:salvar_dados_tabela_despesa:262 - Inserindo 1 registro(s) em [tbl_rpa_log_detraf_despesa_arquivos].
2026-08-13 13:49:15.204 | INFO    |comum.dados.repositorio_cache:salvar_dados_tabela_despesa:262 - 1 registro(s) persistidos em [tbl_rpa_log_detraf_despesa_arquivos].
2026-08-13 13:49:15.205 | WARNING |src.services.processamento_service:_processar_arquivo:264 - [RPA 1] 'Declaração de Tráfego VOCÊ TELECOM x VIVO SMP_202607.xls' REPROVADO na validação — quarentena em [C:\projetos\MVP2\MVP2\MVP2\DETRAF-UNIFICADO\unificado\arquivos\_QUARENTENA\202607\Declaração de Tráfego VOCÊ TELECOM x VIVO SMP_202607].
2026-08-13 13:49:15.239 | INFO    |src.services.processamento_service:_validar:482 - Resultado das validações para o arquivo do tipo 'detraf': {'v_col1_2': True, 'v_col2_vivo': True, 'v_col3': True, 'v_col4': True, 'v_col8': True, 'v_col9': True, 'v_col10': True, 'v_col11': True, 'v_col12_15': True, 'v_tarifas_remuneradas': True}
2026-08-13 13:49:15.244 | INFO    |src.services.processamento_service:executar:145 - Processado com sucesso: 202607-C-DETRAF-LC-TRIADE-VIVOMOVEL.csv (operadora identificada via 'eot')
2026-08-13 13:49:15.286 | INFO    |src.services.processamento_service:_validar:482 - Resultado das validações para o arquivo do tipo 'detraf': {'v_col1_2': True, 'v_col2_vivo': True, 'v_col3': True, 'v_col4': True, 'v_col8': True, 'v_col9': True, 'v_col10': True, 'v_col11': True, 'v_col12_15': True, 'v_tarifas_remuneradas': True}
2026-08-13 13:49:15.294 | INFO    |src.services.processamento_service:executar:145 - Processado com sucesso: 202607-C-DETRAF-LD-TRIADE-VIVOMOVEL.csv (operadora identificada via 'eot')
2026-08-13 13:49:15.470 | INFO    |comum.dominio.validacao_colunas:validar_tudo_detalhado:252 - Validação de tarifas concluída | Total: 3457 | Válidas: 3454 | Inválidas: 3 | Resultado final: False
2026-08-13 13:49:15.496 | INFO    |src.services.processamento_service:_validar:482 - Resultado das validações para o arquivo do tipo 'detraf': {'v_col1_2': True, 'v_col2_vivo': True, 'v_col3': True, 'v_col4': True, 'v_col8': True, 'v_col9': True, 'v_col10': True, 'v_col11': True, 'v_col12_15': True, 'v_tarifas_remuneradas': False}
2026-08-13 13:49:15.497 | WARNING |src.services.processamento_service:_processar_arquivo:262 - Arquivo [DETRAF_FINAL_202607_HOME_TELEFONICA_C_20260804195316_ITX.csv] rejeitado: regras de coluna não atendidas.
  Tarifas remuneradas: há linhas cuja tarifa não corresponde à tarifa regulada vigente para a região, o grupo horário e o mês de tráfego da linha.
2026-08-13 13:49:15.520 | INFO    |src.services.processamento_service:_reprovar:533 - [Layout] Motivo da recusa gravado em [DETRAF_FINAL_202607_HOME_TELEFONICA_C_20260804195316_ITX_RECUSADO.md].
2026-08-13 13:49:15.522 | INFO    |comum.dados.repositorio_cache:salvar_dados_tabela_despesa:262 - Inserindo 1 registro(s) em [tbl_rpa_log_detraf_despesa_arquivos].
2026-08-13 13:49:15.532 | INFO    |comum.dados.repositorio_cache:salvar_dados_tabela_despesa:262 - 1 registro(s) persistidos em [tbl_rpa_log_detraf_despesa_arquivos].
2026-08-13 13:49:15.533 | WARNING |src.services.processamento_service:_processar_arquivo:264 - [RPA 1] 'DETRAF_FINAL_202607_HOME_TELEFONICA_C_20260804195316_ITX.csv' REPROVADO na validação — quarentena em [C:\projetos\MVP2\MVP2\MVP2\DETRAF-UNIFICADO\unificado\arquivos\_QUARENTENA\202607\DETRAF_FINAL_202607_HOME_TELEFONICA_C_20260804195316_ITX].
2026-08-13 13:49:15.868 | INFO    |comum.dominio.validacao_colunas:validar_tudo_detalhado:252 - Validação de tarifas concluída | Total: 7377 | Válidas: 7373 | Inválidas: 4 | Resultado final: False
2026-08-13 13:49:15.906 | INFO    |src.services.processamento_service:_validar:482 - Resultado das validações para o arquivo do tipo 'detraf': {'v_col1_2': True, 'v_col2_vivo': True, 'v_col3': True, 'v_col4': True, 'v_col8': True, 'v_col9': True, 'v_col10': True, 'v_col11': True, 'v_col12_15': True, 'v_tarifas_remuneradas': False}
2026-08-13 13:49:15.907 | WARNING |src.services.processamento_service:_processar_arquivo:262 - Arquivo [DETRAF_FINAL_202607_HOME_VIVO_STFC_C_20260804195317_ITX.csv] rejeitado: regras de coluna não atendidas.
  Tarifas remuneradas: há linhas cuja tarifa não corresponde à tarifa regulada vigente para a região, o grupo horário e o mês de tráfego da linha.
2026-08-13 13:49:15.933 | INFO    |src.services.processamento_service:_reprovar:533 - [Layout] Motivo da recusa gravado em [DETRAF_FINAL_202607_HOME_VIVO_STFC_C_20260804195317_ITX_RECUSADO.md].
2026-08-13 13:49:15.935 | INFO    |comum.dados.repositorio_cache:salvar_dados_tabela_despesa:262 - Inserindo 1 registro(s) em [tbl_rpa_log_detraf_despesa_arquivos].
2026-08-13 13:49:15.945 | INFO    |comum.dados.repositorio_cache:salvar_dados_tabela_despesa:262 - 1 registro(s) persistidos em [tbl_rpa_log_detraf_despesa_arquivos].
2026-08-13 13:49:15.946 | WARNING |src.services.processamento_service:_processar_arquivo:264 - [RPA 1] 'DETRAF_FINAL_202607_HOME_VIVO_STFC_C_20260804195317_ITX.csv' REPROVADO na validação — quarentena em [C:\projetos\MVP2\MVP2\MVP2\DETRAF-UNIFICADO\unificado\arquivos\_QUARENTENA\202607\DETRAF_FINAL_202607_HOME_VIVO_STFC_C_20260804195317_ITX].
2026-08-13 13:49:16.067 | INFO    |comum.dominio.validacao_colunas:validar_tudo_detalhado:252 - Validação de tarifas concluída | Total: 1638 | Válidas: 936 | Inválidas: 702 | Resultado final: False
2026-08-13 13:49:16.084 | INFO    |comum.dominio.validacao_colunas:validar_tudo_detalhado:271 - DataFrame reprovado na validação das Colunas Financeiras (12-15). Encontrados valores monetários com mais de 2 casas decimais.
2026-08-13 13:49:16.085 | INFO    |src.services.processamento_service:_validar:482 - Resultado das validações para o arquivo do tipo 'detraf': {'v_col1_2': True, 'v_col2_vivo': True, 'v_col3': True, 'v_col4': True, 'v_col8': True, 'v_col9': True, 'v_col10': True, 'v_col11': True, 'v_col12_15': False, 'v_tarifas_remuneradas': False}
2026-08-13 13:49:16.085 | WARNING |src.services.processamento_service:_processar_arquivo:262 - Arquivo [DETRAF_FINAL_202607_HOME_VIVO_C_20260804195317_ITX.csv] rejeitado: regras de coluna não atendidas.
  Colunas 12 a 15 (valores financeiros): os valores financeiros admitem no máximo 2 casas decimais.
  Tarifas remuneradas: há linhas cuja tarifa não corresponde à tarifa regulada vigente para a região, o grupo horário e o mês de tráfego da linha.
2026-08-13 13:49:16.111 | INFO    |src.services.processamento_service:_reprovar:533 - [Layout] Motivo da recusa gravado em [DETRAF_FINAL_202607_HOME_VIVO_C_20260804195317_ITX_RECUSADO.md].
2026-08-13 13:49:16.114 | INFO    |comum.dados.repositorio_cache:salvar_dados_tabela_despesa:262 - Inserindo 1 registro(s) em [tbl_rpa_log_detraf_despesa_arquivos].
2026-08-13 13:49:16.125 | INFO    |comum.dados.repositorio_cache:salvar_dados_tabela_despesa:262 - 1 registro(s) persistidos em [tbl_rpa_log_detraf_despesa_arquivos].
2026-08-13 13:49:16.125 | WARNING |src.services.processamento_service:_processar_arquivo:264 - [RPA 1] 'DETRAF_FINAL_202607_HOME_VIVO_C_20260804195317_ITX.csv' REPROVADO na validação — quarentena em [C:\projetos\MVP2\MVP2\MVP2\DETRAF-UNIFICADO\unificado\arquivos\_QUARENTENA\202607\DETRAF_FINAL_202607_HOME_VIVO_C_20260804195317_ITX].
2026-08-13 13:49:16.168 | INFO    |src.services.processamento_service:_validar:482 - Resultado das validações para o arquivo do tipo 'detraf': {'v_col1_2': True, 'v_col2_vivo': True, 'v_col3': True, 'v_col4': True, 'v_col8': True, 'v_col9': True, 'v_col10': True, 'v_col11': True, 'v_col12_15': True, 'v_tarifas_remuneradas': True}
2026-08-13 13:49:16.176 | WARNING |src.services.processamento_service:_processar_arquivo:297 - Estrutura do mês anterior não encontrada em 'C:\projetos\MVP2\MVP2\MVP2\DETRAF-UNIFICADO\unificado\arquivos\Operadoras\T1 Telecom\2026\202606' — criando 'C:\projetos\MVP2\MVP2\MVP2\DETRAF-UNIFICADO\unificado\arquivos\Operadoras\T1 Telecom\2026\202607' vazio.
2026-08-13 13:49:16.178 | INFO    |src.services.processamento_service:executar:145 - Processado com sucesso: expectativa-telefonica-brasil-smp-c-vc1-202607.xlsx (operadora identificada via 'eot')
2026-08-13 13:49:16.223 | INFO    |src.services.processamento_service:_validar:482 - Resultado das validações para o arquivo do tipo 'detraf': {'v_col1_2': True, 'v_col2_vivo': True, 'v_col3': True, 'v_col4': True, 'v_col8': True, 'v_col9': True, 'v_col10': True, 'v_col11': True, 'v_col12_15': True, 'v_tarifas_remuneradas': True}
2026-08-13 13:49:16.233 | INFO    |src.services.processamento_service:executar:145 - Processado com sucesso: expectativa-telefonica-brasil-stfc-c-ldn-202607.xlsx (operadora identificada via 'eot')
2026-08-13 13:49:16.267 | INFO    |src.services.processamento_service:_validar:482 - Resultado das validações para o arquivo do tipo 'detraf': {'v_col1_2': True, 'v_col2_vivo': True, 'v_col3': True, 'v_col4': True, 'v_col8': True, 'v_col9': True, 'v_col10': True, 'v_col11': True, 'v_col12_15': True, 'v_tarifas_remuneradas': True}
2026-08-13 13:49:16.271 | INFO    |src.services.processamento_service:executar:145 - Processado com sucesso: 202607-C-DETRAF-LC-SAMM-TBRASMP.csv (operadora identificada via 'eot')
2026-08-13 13:49:16.309 | INFO    |src.services.processamento_service:_validar:482 - Resultado das validações para o arquivo do tipo 'detraf': {'v_col1_2': True, 'v_col2_vivo': True, 'v_col3': True, 'v_col4': True, 'v_col8': True, 'v_col9': True, 'v_col10': True, 'v_col11': True, 'v_col12_15': True, 'v_tarifas_remuneradas': True}
2026-08-13 13:49:16.315 | INFO    |src.services.processamento_service:executar:145 - Processado com sucesso: 202607-C-DETRAF-LD-SAMM-TBRASMP.csv (operadora identificada via 'eot')
2026-08-13 13:49:16.371 | INFO    |src.services.processamento_service:_validar:482 - Resultado das validações para o arquivo do tipo 'detraf': {'v_col1_2': True, 'v_col2_vivo': True, 'v_col3': True, 'v_col4': True, 'v_col8': True, 'v_col9': True, 'v_col10': True, 'v_col11': True, 'v_col12_15': True, 'v_tarifas_remuneradas': True}
2026-08-13 13:49:16.389 | WARNING |src.services.processamento_service:_processar_arquivo:297 - Estrutura do mês anterior não encontrada em 'C:\projetos\MVP2\MVP2\MVP2\DETRAF-UNIFICADO\unificado\arquivos\Operadoras\Itelco Telecom\2026\202606' — criando 'C:\projetos\MVP2\MVP2\MVP2\DETRAF-UNIFICADO\unificado\arquivos\Operadoras\Itelco Telecom\2026\202607' vazio.
2026-08-13 13:49:16.393 | INFO    |src.services.processamento_service:executar:145 - Processado com sucesso: DETRAF-TMCO ( ITELCO X VIVO 07-26).xlsx (operadora identificada via 'eot')
2026-08-13 13:49:16.394 | WARNING |src.services.processamento_service:_processar_arquivo:261 - [RPA 1] Não foi possível ler [DETRAF-TMCO-0128-2026-ITELCO-VIVO SMP- RESUMO_EOT -10_202607.xls]: Erro ao processar a leitura do arquivo C:\projetos\MVP2\MVP2\MVP2\DETRAF-UNIFICADO\unificado\arquivos\Entrada\9D024E55DD250D4D00005211FBDF0000137D0D4C70E1CF4091747B97613AB5A60000A35B1B3F0000\DETRAF-TMCO-0128-2026-ITELCO-VIVO SMP- RESUMO_EOT -10_202607.xls: File contains no valid workbook part
2026-08-13 13:49:16.395 | WARNING |src.services.operadora_service:obter_operadora:157 - Falha ao extrair EOT de 'DETRAF-TMCO-0128-2026-ITELCO-VIVO SMP- RESUMO_EOT -10_202607.xls': openpyxl does not support the old .xls file format, please use xlrd to read this file, or convert it to the more recent .xlsx file format.
2026-08-13 13:49:16.418 | INFO    |src.services.processamento_service:_reprovar:533 - [Layout] Motivo da recusa gravado em [DETRAF-TMCO-0128-2026-ITELCO-VIVO SMP- RESUMO_EOT -10_202607_RECUSADO.md].
2026-08-13 13:49:16.420 | INFO    |comum.dados.repositorio_cache:salvar_dados_tabela_despesa:262 - Inserindo 1 registro(s) em [tbl_rpa_log_detraf_despesa_arquivos].
2026-08-13 13:49:16.428 | INFO    |comum.dados.repositorio_cache:salvar_dados_tabela_despesa:262 - 1 registro(s) persistidos em [tbl_rpa_log_detraf_despesa_arquivos].
2026-08-13 13:49:16.428 | WARNING |src.services.processamento_service:_processar_arquivo:264 - [RPA 1] 'DETRAF-TMCO-0128-2026-ITELCO-VIVO SMP- RESUMO_EOT -10_202607.xls' REPROVADO na validação — quarentena em [C:\projetos\MVP2\MVP2\MVP2\DETRAF-UNIFICADO\unificado\arquivos\_QUARENTENA\202607\DETRAF-TMCO-0128-2026-ITELCO-VIVO SMP- RESUMO_EOT -10_202607].
2026-08-13 13:49:16.430 | WARNING |src.services.processamento_service:_processar_arquivo:261 - [RPA 1] Não foi possível ler [Declaração de Tráfego DUARTE DIAS x VIVO LD_07-2026.xls]: Erro ao processar a leitura do arquivo C:\projetos\MVP2\MVP2\MVP2\DETRAF-UNIFICADO\unificado\arquivos\Entrada\9D024E55DD250D4D00005211FBDF0000137D0D4C70E1CF4091747B97613AB5A60000A35B1B400000\Declaração de Tráfego DUARTE DIAS x VIVO LD_07-2026.xls: File contains no valid workbook part
2026-08-13 13:49:16.431 | WARNING |src.services.operadora_service:obter_operadora:157 - Falha ao extrair EOT de 'Declaração de Tráfego DUARTE DIAS x VIVO LD_07-2026.xls': openpyxl does not support the old .xls file format, please use xlrd to read this file, or convert it to the more recent .xlsx file format.
2026-08-13 13:49:16.437 | INFO    |src.services.processamento_service:_reprovar:533 - [Layout] Motivo da recusa gravado em [Declaração de Tráfego DUARTE DIAS x VIVO LD_07-2026_RECUSADO.md].
2026-08-13 13:49:16.438 | INFO    |comum.dados.repositorio_cache:salvar_dados_tabela_despesa:262 - Inserindo 1 registro(s) em [tbl_rpa_log_detraf_despesa_arquivos].
2026-08-13 13:49:16.446 | INFO    |comum.dados.repositorio_cache:salvar_dados_tabela_despesa:262 - 1 registro(s) persistidos em [tbl_rpa_log_detraf_despesa_arquivos].
2026-08-13 13:49:16.446 | WARNING |src.services.processamento_service:_processar_arquivo:264 - [RPA 1] 'Declaração de Tráfego DUARTE DIAS x VIVO LD_07-2026.xls' REPROVADO na validação — quarentena em [C:\projetos\MVP2\MVP2\MVP2\DETRAF-UNIFICADO\unificado\arquivos\_QUARENTENA\202607\Declaração de Tráfego DUARTE DIAS x VIVO LD_07-2026].
2026-08-13 13:49:16.447 | WARNING |src.services.processamento_service:_processar_arquivo:261 - [RPA 1] Não foi possível ler [Declaração de Tráfego DUARTE DIAS x VIVO SMP_07-2026.xls]: Erro ao processar a leitura do arquivo C:\projetos\MVP2\MVP2\MVP2\DETRAF-UNIFICADO\unificado\arquivos\Entrada\9D024E55DD250D4D00005211FBDF0000137D0D4C70E1CF4091747B97613AB5A60000A35B1B400000\Declaração de Tráfego DUARTE DIAS x VIVO SMP_07-2026.xls: File contains no valid workbook part
2026-08-13 13:49:16.448 | WARNING |src.services.operadora_service:obter_operadora:157 - Falha ao extrair EOT de 'Declaração de Tráfego DUARTE DIAS x VIVO SMP_07-2026.xls': openpyxl does not support the old .xls file format, please use xlrd to read this file, or convert it to the more recent .xlsx file format.
2026-08-13 13:49:16.453 | INFO    |src.services.processamento_service:_reprovar:533 - [Layout] Motivo da recusa gravado em [Declaração de Tráfego DUARTE DIAS x VIVO SMP_07-2026_RECUSADO.md].
2026-08-13 13:49:16.454 | INFO    |comum.dados.repositorio_cache:salvar_dados_tabela_despesa:262 - Inserindo 1 registro(s) em [tbl_rpa_log_detraf_despesa_arquivos].
2026-08-13 13:49:16.461 | INFO    |comum.dados.repositorio_cache:salvar_dados_tabela_despesa:262 - 1 registro(s) persistidos em [tbl_rpa_log_detraf_despesa_arquivos].
2026-08-13 13:49:16.462 | WARNING |src.services.processamento_service:_processar_arquivo:264 - [RPA 1] 'Declaração de Tráfego DUARTE DIAS x VIVO SMP_07-2026.xls' REPROVADO na validação — quarentena em [C:\projetos\MVP2\MVP2\MVP2\DETRAF-UNIFICADO\unificado\arquivos\_QUARENTENA\202607\Declaração de Tráfego DUARTE DIAS x VIVO SMP_07-2026].
2026-08-13 13:49:16.501 | INFO    |src.services.processamento_service:_validar:482 - Resultado das validações para o arquivo do tipo 'detraf': {'v_col1_2': True, 'v_col2_vivo': True, 'v_col3': True, 'v_col4': True, 'v_col8': True, 'v_col9': True, 'v_col10': True, 'v_col11': True, 'v_col12_15': True, 'v_tarifas_remuneradas': True}
2026-08-13 13:49:16.509 | WARNING |src.services.processamento_service:_processar_arquivo:297 - Estrutura do mês anterior não encontrada em 'C:\projetos\MVP2\MVP2\MVP2\DETRAF-UNIFICADO\unificado\arquivos\Operadoras\LH Telecomunicacoes LTDA\2026\202606' — criando 'C:\projetos\MVP2\MVP2\MVP2\DETRAF-UNIFICADO\unificado\arquivos\Operadoras\LH Telecomunicacoes LTDA\2026\202607' vazio.
2026-08-13 13:49:16.511 | INFO    |src.services.processamento_service:executar:145 - Processado com sucesso: expectativa-telefonica-brasil-smp-c-vc1-202607.xlsx (operadora identificada via 'eot')
2026-08-13 13:49:16.551 | INFO    |src.services.processamento_service:_validar:482 - Resultado das validações para o arquivo do tipo 'detraf': {'v_col1_2': True, 'v_col2_vivo': True, 'v_col3': True, 'v_col4': True, 'v_col8': True, 'v_col9': True, 'v_col10': True, 'v_col11': True, 'v_col12_15': True, 'v_tarifas_remuneradas': True}
2026-08-13 13:49:16.559 | INFO    |src.services.processamento_service:executar:145 - Processado com sucesso: expectativa-telefonica-brasil-stfc-c-ldn-202607.xlsx (operadora identificada via 'eot')
2026-08-13 13:49:16.561 | WARNING |src.services.processamento_service:_processar_arquivo:261 - [RPA 1] Não foi possível ler [Declaração de Tráfego JP x VIVO LD_07-2026.xls]: Erro ao processar a leitura do arquivo C:\projetos\MVP2\MVP2\MVP2\DETRAF-UNIFICADO\unificado\arquivos\Entrada\9D024E55DD250D4D00005211FBDF0000137D0D4C70E1CF4091747B97613AB5A60000A35B1B420000\Declaração de Tráfego JP x VIVO LD_07-2026.xls: File contains no valid workbook part
2026-08-13 13:49:16.561 | WARNING |src.services.operadora_service:obter_operadora:157 - Falha ao extrair EOT de 'Declaração de Tráfego JP x VIVO LD_07-2026.xls': openpyxl does not support the old .xls file format, please use xlrd to read this file, or convert it to the more recent .xlsx file format.
2026-08-13 13:49:16.567 | INFO    |src.services.processamento_service:_reprovar:533 - [Layout] Motivo da recusa gravado em [Declaração de Tráfego JP x VIVO LD_07-2026_RECUSADO.md].
2026-08-13 13:49:16.568 | INFO    |comum.dados.repositorio_cache:salvar_dados_tabela_despesa:262 - Inserindo 1 registro(s) em [tbl_rpa_log_detraf_despesa_arquivos].
2026-08-13 13:49:16.575 | INFO    |comum.dados.repositorio_cache:salvar_dados_tabela_despesa:262 - 1 registro(s) persistidos em [tbl_rpa_log_detraf_despesa_arquivos].
2026-08-13 13:49:16.575 | WARNING |src.services.processamento_service:_processar_arquivo:264 - [RPA 1] 'Declaração de Tráfego JP x VIVO LD_07-2026.xls' REPROVADO na validação — quarentena em [C:\projetos\MVP2\MVP2\MVP2\DETRAF-UNIFICADO\unificado\arquivos\_QUARENTENA\202607\Declaração de Tráfego JP x VIVO LD_07-2026].
2026-08-13 13:49:16.576 | WARNING |src.services.processamento_service:_processar_arquivo:261 - [RPA 1] Não foi possível ler [Declaração de Tráfego JP x VIVO SMP_07-2026.xls]: Erro ao processar a leitura do arquivo C:\projetos\MVP2\MVP2\MVP2\DETRAF-UNIFICADO\unificado\arquivos\Entrada\9D024E55DD250D4D00005211FBDF0000137D0D4C70E1CF4091747B97613AB5A60000A35B1B420000\Declaração de Tráfego JP x VIVO SMP_07-2026.xls: File contains no valid workbook part
2026-08-13 13:49:16.576 | WARNING |src.services.operadora_service:obter_operadora:157 - Falha ao extrair EOT de 'Declaração de Tráfego JP x VIVO SMP_07-2026.xls': openpyxl does not support the old .xls file format, please use xlrd to read this file, or convert it to the more recent .xlsx file format.
2026-08-13 13:49:16.582 | INFO    |src.services.processamento_service:_reprovar:533 - [Layout] Motivo da recusa gravado em [Declaração de Tráfego JP x VIVO SMP_07-2026_RECUSADO.md].
2026-08-13 13:49:16.583 | INFO    |comum.dados.repositorio_cache:salvar_dados_tabela_despesa:262 - Inserindo 1 registro(s) em [tbl_rpa_log_detraf_despesa_arquivos].
2026-08-13 13:49:16.590 | INFO    |comum.dados.repositorio_cache:salvar_dados_tabela_despesa:262 - 1 registro(s) persistidos em [tbl_rpa_log_detraf_despesa_arquivos].
2026-08-13 13:49:16.591 | WARNING |src.services.processamento_service:_processar_arquivo:264 - [RPA 1] 'Declaração de Tráfego JP x VIVO SMP_07-2026.xls' REPROVADO na validação — quarentena em [C:\projetos\MVP2\MVP2\MVP2\DETRAF-UNIFICADO\unificado\arquivos\_QUARENTENA\202607\Declaração de Tráfego JP x VIVO SMP_07-2026].
2026-08-13 13:49:16.635 | INFO    |src.services.processamento_service:_validar:482 - Resultado das validações para o arquivo do tipo 'detraf': {'v_col1_2': True, 'v_col2_vivo': True, 'v_col3': True, 'v_col4': True, 'v_col8': True, 'v_col9': True, 'v_col10': True, 'v_col11': True, 'v_col12_15': True, 'v_tarifas_remuneradas': True}
2026-08-13 13:49:16.644 | WARNING |src.services.processamento_service:_processar_arquivo:297 - Estrutura do mês anterior não encontrada em 'C:\projetos\MVP2\MVP2\MVP2\DETRAF-UNIFICADO\unificado\arquivos\Operadoras\Invista Net\2026\202606' — criando 'C:\projetos\MVP2\MVP2\MVP2\DETRAF-UNIFICADO\unificado\arquivos\Operadoras\Invista Net\2026\202607' vazio.
2026-08-13 13:49:16.646 | INFO    |src.services.processamento_service:executar:145 - Processado com sucesso: expectativa-telefonica-brasil-smp-c-vc1-202607.xlsx (operadora identificada via 'eot')
2026-08-13 13:49:16.689 | INFO    |src.services.processamento_service:_validar:482 - Resultado das validações para o arquivo do tipo 'detraf': {'v_col1_2': True, 'v_col2_vivo': True, 'v_col3': True, 'v_col4': True, 'v_col8': True, 'v_col9': True, 'v_col10': True, 'v_col11': True, 'v_col12_15': True, 'v_tarifas_remuneradas': True}
2026-08-13 13:49:16.723 | INFO    |src.services.processamento_service:executar:145 - Processado com sucesso: expectativa-telefonica-brasil-stfc-c-ldn-202607.xlsx (operadora identificada via 'eot')
2026-08-13 13:49:16.726 | WARNING |src.services.processamento_service:_processar_arquivo:261 - [RPA 1] Não foi possível ler [Declaração de Tráfego FLEXUS x VIVO LD_07-2026.xls]: Erro ao processar a leitura do arquivo C:\projetos\MVP2\MVP2\MVP2\DETRAF-UNIFICADO\unificado\arquivos\Entrada\9D024E55DD250D4D00005211FBDF0000137D0D4C70E1CF4091747B97613AB5A60000A35B1B440000\Declaração de Tráfego FLEXUS x VIVO LD_07-2026.xls: File contains no valid workbook part
2026-08-13 13:49:16.727 | WARNING |src.services.operadora_service:obter_operadora:157 - Falha ao extrair EOT de 'Declaração de Tráfego FLEXUS x VIVO LD_07-2026.xls': openpyxl does not support the old .xls file format, please use xlrd to read this file, or convert it to the more recent .xlsx file format.
2026-08-13 13:49:16.734 | INFO    |src.services.processamento_service:_reprovar:533 - [Layout] Motivo da recusa gravado em [Declaração de Tráfego FLEXUS x VIVO LD_07-2026_RECUSADO.md].
2026-08-13 13:49:16.736 | INFO    |comum.dados.repositorio_cache:salvar_dados_tabela_despesa:262 - Inserindo 1 registro(s) em [tbl_rpa_log_detraf_despesa_arquivos].
2026-08-13 13:49:16.745 | INFO    |comum.dados.repositorio_cache:salvar_dados_tabela_despesa:262 - 1 registro(s) persistidos em [tbl_rpa_log_detraf_despesa_arquivos].
2026-08-13 13:49:16.746 | WARNING |src.services.processamento_service:_processar_arquivo:264 - [RPA 1] 'Declaração de Tráfego FLEXUS x VIVO LD_07-2026.xls' REPROVADO na validação — quarentena em [C:\projetos\MVP2\MVP2\MVP2\DETRAF-UNIFICADO\unificado\arquivos\_QUARENTENA\202607\Declaração de Tráfego FLEXUS x VIVO LD_07-2026].
2026-08-13 13:49:16.748 | WARNING |src.services.processamento_service:_processar_arquivo:261 - [RPA 1] Não foi possível ler [Declaração de Tráfego FLEXUS x VIVO SMP_07-2026.xls]: Erro ao processar a leitura do arquivo C:\projetos\MVP2\MVP2\MVP2\DETRAF-UNIFICADO\unificado\arquivos\Entrada\9D024E55DD250D4D00005211FBDF0000137D0D4C70E1CF4091747B97613AB5A60000A35B1B440000\Declaração de Tráfego FLEXUS x VIVO SMP_07-2026.xls: File contains no valid workbook part
2026-08-13 13:49:16.748 | WARNING |src.services.operadora_service:obter_operadora:157 - Falha ao extrair EOT de 'Declaração de Tráfego FLEXUS x VIVO SMP_07-2026.xls': openpyxl does not support the old .xls file format, please use xlrd to read this file, or convert it to the more recent .xlsx file format.
2026-08-13 13:49:16.755 | INFO    |src.services.processamento_service:_reprovar:533 - [Layout] Motivo da recusa gravado em [Declaração de Tráfego FLEXUS x VIVO SMP_07-2026_RECUSADO.md].
2026-08-13 13:49:16.757 | INFO    |comum.dados.repositorio_cache:salvar_dados_tabela_despesa:262 - Inserindo 1 registro(s) em [tbl_rpa_log_detraf_despesa_arquivos].
2026-08-13 13:49:16.774 | INFO    |comum.dados.repositorio_cache:salvar_dados_tabela_despesa:262 - 1 registro(s) persistidos em [tbl_rpa_log_detraf_despesa_arquivos].
2026-08-13 13:49:16.775 | WARNING |src.services.processamento_service:_processar_arquivo:264 - [RPA 1] 'Declaração de Tráfego FLEXUS x VIVO SMP_07-2026.xls' REPROVADO na validação — quarentena em [C:\projetos\MVP2\MVP2\MVP2\DETRAF-UNIFICADO\unificado\arquivos\_QUARENTENA\202607\Declaração de Tráfego FLEXUS x VIVO SMP_07-2026].
2026-08-13 13:49:16.778 | WARNING |src.services.processamento_service:_processar_arquivo:261 - [RPA 1] Não foi possível ler [Declaração de Tráfego BRA x VIVO LD_07-2026.xls]: Erro ao processar a leitura do arquivo C:\projetos\MVP2\MVP2\MVP2\DETRAF-UNIFICADO\unificado\arquivos\Entrada\9D024E55DD250D4D00005211FBDF0000137D0D4C70E1CF4091747B97613AB5A60000A35B1B450000\Declaração de Tráfego BRA x VIVO LD_07-2026.xls: File contains no valid workbook part
2026-08-13 13:49:16.779 | WARNING |src.services.operadora_service:obter_operadora:157 - Falha ao extrair EOT de 'Declaração de Tráfego BRA x VIVO LD_07-2026.xls': openpyxl does not support the old .xls file format, please use xlrd to read this file, or convert it to the more recent .xlsx file format.
2026-08-13 13:49:16.787 | INFO    |src.services.processamento_service:_reprovar:533 - [Layout] Motivo da recusa gravado em [Declaração de Tráfego BRA x VIVO LD_07-2026_RECUSADO.md].
2026-08-13 13:49:16.788 | INFO    |comum.dados.repositorio_cache:salvar_dados_tabela_despesa:262 - Inserindo 1 registro(s) em [tbl_rpa_log_detraf_despesa_arquivos].
2026-08-13 13:49:16.799 | INFO    |comum.dados.repositorio_cache:salvar_dados_tabela_despesa:262 - 1 registro(s) persistidos em [tbl_rpa_log_detraf_despesa_arquivos].
2026-08-13 13:49:16.800 | WARNING |src.services.processamento_service:_processar_arquivo:264 - [RPA 1] 'Declaração de Tráfego BRA x VIVO LD_07-2026.xls' REPROVADO na validação — quarentena em [C:\projetos\MVP2\MVP2\MVP2\DETRAF-UNIFICADO\unificado\arquivos\_QUARENTENA\202607\Declaração de Tráfego BRA x VIVO LD_07-2026].
2026-08-13 13:49:16.802 | WARNING |src.services.processamento_service:_processar_arquivo:261 - [RPA 1] Não foi possível ler [Declaração de Tráfego BRA x VIVO SMP_07-2026.xls]: Erro ao processar a leitura do arquivo C:\projetos\MVP2\MVP2\MVP2\DETRAF-UNIFICADO\unificado\arquivos\Entrada\9D024E55DD250D4D00005211FBDF0000137D0D4C70E1CF4091747B97613AB5A60000A35B1B450000\Declaração de Tráfego BRA x VIVO SMP_07-2026.xls: File contains no valid workbook part
2026-08-13 13:49:16.803 | WARNING |src.services.operadora_service:obter_operadora:157 - Falha ao extrair EOT de 'Declaração de Tráfego BRA x VIVO SMP_07-2026.xls': openpyxl does not support the old .xls file format, please use xlrd to read this file, or convert it to the more recent .xlsx file format.
2026-08-13 13:49:16.813 | INFO    |src.services.processamento_service:_reprovar:533 - [Layout] Motivo da recusa gravado em [Declaração de Tráfego BRA x VIVO SMP_07-2026_RECUSADO.md].
2026-08-13 13:49:16.814 | INFO    |comum.dados.repositorio_cache:salvar_dados_tabela_despesa:262 - Inserindo 1 registro(s) em [tbl_rpa_log_detraf_despesa_arquivos].
2026-08-13 13:49:16.825 | INFO    |comum.dados.repositorio_cache:salvar_dados_tabela_despesa:262 - 1 registro(s) persistidos em [tbl_rpa_log_detraf_despesa_arquivos].
2026-08-13 13:49:16.826 | WARNING |src.services.processamento_service:_processar_arquivo:264 - [RPA 1] 'Declaração de Tráfego BRA x VIVO SMP_07-2026.xls' REPROVADO na validação — quarentena em [C:\projetos\MVP2\MVP2\MVP2\DETRAF-UNIFICADO\unificado\arquivos\_QUARENTENA\202607\Declaração de Tráfego BRA x VIVO SMP_07-2026].
2026-08-13 13:49:16.869 | INFO    |src.services.processamento_service:_validar:482 - Resultado das validações para o arquivo do tipo 'detraf': {'v_col1_2': True, 'v_col2_vivo': True, 'v_col3': True, 'v_col4': True, 'v_col8': True, 'v_col9': True, 'v_col10': True, 'v_col11': True, 'v_col12_15': True, 'v_tarifas_remuneradas': True}
2026-08-13 13:49:16.873 | INFO    |src.services.processamento_service:executar:145 - Processado com sucesso: DETRAF-TMCO-0122-2026-GGNET-VIVO STFC - RESUMO_EOT_200_948_202607.csv (operadora identificada via 'eot')
2026-08-13 13:49:16.875 | WARNING |src.services.processamento_service:_processar_arquivo:261 - [RPA 1] Não foi possível ler [DETRAF-TMCO-0122-2026-GGNET-VIVO STFC - RESUMO_EOT_200_948_202607.xls]: Erro ao processar a leitura do arquivo C:\projetos\MVP2\MVP2\MVP2\DETRAF-UNIFICADO\unificado\arquivos\Entrada\9D024E55DD250D4D00005211FBDF0000137D0D4C70E1CF4091747B97613AB5A60000A35B1B460000\DETRAF-TMCO-0122-2026-GGNET-VIVO STFC - RESUMO_EOT_200_948_202607.xls: File contains no valid workbook part
2026-08-13 13:49:16.875 | WARNING |src.services.operadora_service:obter_operadora:157 - Falha ao extrair EOT de 'DETRAF-TMCO-0122-2026-GGNET-VIVO STFC - RESUMO_EOT_200_948_202607.xls': openpyxl does not support the old .xls file format, please use xlrd to read this file, or convert it to the more recent .xlsx file format.
2026-08-13 13:49:16.881 | INFO    |src.services.processamento_service:_reprovar:533 - [Layout] Motivo da recusa gravado em [DETRAF-TMCO-0122-2026-GGNET-VIVO STFC - RESUMO_EOT_200_948_202607_RECUSADO.md].
2026-08-13 13:49:16.882 | INFO    |comum.dados.repositorio_cache:salvar_dados_tabela_despesa:262 - Inserindo 1 registro(s) em [tbl_rpa_log_detraf_despesa_arquivos].
2026-08-13 13:49:16.889 | INFO    |comum.dados.repositorio_cache:salvar_dados_tabela_despesa:262 - 1 registro(s) persistidos em [tbl_rpa_log_detraf_despesa_arquivos].
2026-08-13 13:49:16.890 | WARNING |src.services.processamento_service:_processar_arquivo:264 - [RPA 1] 'DETRAF-TMCO-0122-2026-GGNET-VIVO STFC - RESUMO_EOT_200_948_202607.xls' REPROVADO na validação — quarentena em [C:\projetos\MVP2\MVP2\MVP2\DETRAF-UNIFICADO\unificado\arquivos\_QUARENTENA\202607\DETRAF-TMCO-0122-2026-GGNET-VIVO STFC - RESUMO_EOT_200_948_202607].
2026-08-13 13:49:16.926 | INFO    |src.services.processamento_service:_validar:482 - Resultado das validações para o arquivo do tipo 'detraf': {'v_col1_2': True, 'v_col2_vivo': True, 'v_col3': True, 'v_col4': True, 'v_col8': True, 'v_col9': True, 'v_col10': True, 'v_col11': True, 'v_col12_15': True, 'v_tarifas_remuneradas': True}
2026-08-13 13:49:16.932 | INFO    |src.services.processamento_service:executar:145 - Processado com sucesso: DETRAF-TMCO-0123-2026-GGNET-VIVO SMP - RESUMO EOT_044_045_202607.csv (operadora identificada via 'eot')
2026-08-13 13:49:16.934 | WARNING |src.services.processamento_service:_processar_arquivo:261 - [RPA 1] Não foi possível ler [DETRAF-TMCO-0123-2026-GGNET-VIVO SMP - RESUMO EOT_044_045_202607.xls]: Erro ao processar a leitura do arquivo C:\projetos\MVP2\MVP2\MVP2\DETRAF-UNIFICADO\unificado\arquivos\Entrada\9D024E55DD250D4D00005211FBDF0000137D0D4C70E1CF4091747B97613AB5A60000A35B1B460000\DETRAF-TMCO-0123-2026-GGNET-VIVO SMP - RESUMO EOT_044_045_202607.xls: File contains no valid workbook part
2026-08-13 13:49:16.934 | WARNING |src.services.operadora_service:obter_operadora:157 - Falha ao extrair EOT de 'DETRAF-TMCO-0123-2026-GGNET-VIVO SMP - RESUMO EOT_044_045_202607.xls': openpyxl does not support the old .xls file format, please use xlrd to read this file, or convert it to the more recent .xlsx file format.
2026-08-13 13:49:16.941 | INFO    |src.services.processamento_service:_reprovar:533 - [Layout] Motivo da recusa gravado em [DETRAF-TMCO-0123-2026-GGNET-VIVO SMP - RESUMO EOT_044_045_202607_RECUSADO.md].
2026-08-13 13:49:16.943 | INFO    |comum.dados.repositorio_cache:salvar_dados_tabela_despesa:262 - Inserindo 1 registro(s) em [tbl_rpa_log_detraf_despesa_arquivos].
2026-08-13 13:49:16.953 | INFO    |comum.dados.repositorio_cache:salvar_dados_tabela_despesa:262 - 1 registro(s) persistidos em [tbl_rpa_log_detraf_despesa_arquivos].
2026-08-13 13:49:16.953 | WARNING |src.services.processamento_service:_processar_arquivo:264 - [RPA 1] 'DETRAF-TMCO-0123-2026-GGNET-VIVO SMP - RESUMO EOT_044_045_202607.xls' REPROVADO na validação — quarentena em [C:\projetos\MVP2\MVP2\MVP2\DETRAF-UNIFICADO\unificado\arquivos\_QUARENTENA\202607\DETRAF-TMCO-0123-2026-GGNET-VIVO SMP - RESUMO EOT_044_045_202607].
2026-08-13 13:49:16.955 | WARNING |src.services.processamento_service:_processar_arquivo:261 - [RPA 1] Não foi possível ler [BALANCE_ALGAR_X_VIVO_SMP_R_202607_V00.csv]: Erro ao processar a leitura do arquivo C:\projetos\MVP2\MVP2\MVP2\DETRAF-UNIFICADO\unificado\arquivos\Entrada\9D024E55DD250D4D00005211FBDF0000137D0D4C70E1CF4091747B97613AB5A60000A35B1B470000\BALANCE_ALGAR_X_VIVO_SMP_R_202607_V00.csv: Error tokenizing data. C error: Expected 16 fields in line 60, saw 17

2026-08-13 13:49:16.962 | INFO    |src.services.processamento_service:_reprovar:533 - [Layout] Motivo da recusa gravado em [BALANCE_ALGAR_X_VIVO_SMP_R_202607_V00_RECUSADO.md].
2026-08-13 13:49:16.963 | INFO    |comum.dados.repositorio_cache:salvar_dados_tabela_despesa:262 - Inserindo 1 registro(s) em [tbl_rpa_log_detraf_despesa_arquivos].
2026-08-13 13:49:16.971 | INFO    |comum.dados.repositorio_cache:salvar_dados_tabela_despesa:262 - 1 registro(s) persistidos em [tbl_rpa_log_detraf_despesa_arquivos].
2026-08-13 13:49:16.972 | WARNING |src.services.processamento_service:_processar_arquivo:264 - [RPA 1] 'BALANCE_ALGAR_X_VIVO_SMP_R_202607_V00.csv' REPROVADO na validação — quarentena em [C:\projetos\MVP2\MVP2\MVP2\DETRAF-UNIFICADO\unificado\arquivos\_QUARENTENA\202607\BALANCE_ALGAR_X_VIVO_SMP_R_202607_V00].
2026-08-13 13:49:17.101 | INFO    |comum.dominio.validacao_colunas:validar_tudo_detalhado:252 - Validação de tarifas concluída | Total: 1107 | Válidas: 440 | Inválidas: 667 | Resultado final: False
2026-08-13 13:49:17.122 | INFO    |src.services.processamento_service:_validar:482 - Resultado das validações para o arquivo do tipo 'detraf': {'v_col1_2': True, 'v_col2_vivo': True, 'v_col3': True, 'v_col4': True, 'v_col8': True, 'v_col9': True, 'v_col10': True, 'v_col11': True, 'v_col12_15': True, 'v_tarifas_remuneradas': False}
2026-08-13 13:49:17.123 | WARNING |src.services.processamento_service:_processar_arquivo:262 - Arquivo [DETRAT_ALGAR_X_VIVO_SMP_R_202607_V00.csv] rejeitado: regras de coluna não atendidas.
  Tarifas remuneradas: há linhas cuja tarifa não corresponde à tarifa regulada vigente para a região, o grupo horário e o mês de tráfego da linha.
2026-08-13 13:49:17.150 | INFO    |src.services.processamento_service:_reprovar:533 - [Layout] Motivo da recusa gravado em [DETRAT_ALGAR_X_VIVO_SMP_R_202607_V00_RECUSADO.md].
2026-08-13 13:49:17.153 | INFO    |comum.dados.repositorio_cache:salvar_dados_tabela_despesa:262 - Inserindo 1 registro(s) em [tbl_rpa_log_detraf_despesa_arquivos].
2026-08-13 13:49:17.165 | INFO    |comum.dados.repositorio_cache:salvar_dados_tabela_despesa:262 - 1 registro(s) persistidos em [tbl_rpa_log_detraf_despesa_arquivos].
2026-08-13 13:49:17.166 | WARNING |src.services.processamento_service:_processar_arquivo:264 - [RPA 1] 'DETRAT_ALGAR_X_VIVO_SMP_R_202607_V00.csv' REPROVADO na validação — quarentena em [C:\projetos\MVP2\MVP2\MVP2\DETRAF-UNIFICADO\unificado\arquivos\_QUARENTENA\202607\DETRAT_ALGAR_X_VIVO_SMP_R_202607_V00].
2026-08-13 13:49:17.618 | INFO    |comum.dominio.validacao_colunas:validar_tudo_detalhado:252 - Validação de tarifas concluída | Total: 11601 | Válidas: 4414 | Inválidas: 7187 | Resultado final: False
2026-08-13 13:49:17.677 | INFO    |src.services.processamento_service:_validar:482 - Resultado das validações para o arquivo do tipo 'detraf': {'v_col1_2': True, 'v_col2_vivo': True, 'v_col3': True, 'v_col4': True, 'v_col8': True, 'v_col9': True, 'v_col10': True, 'v_col11': True, 'v_col12_15': True, 'v_tarifas_remuneradas': False}
2026-08-13 13:49:17.679 | WARNING |src.services.processamento_service:_processar_arquivo:262 - Arquivo [DETRAT_ALGAR_X_VIVO_STFC_R_202607_V00.csv] rejeitado: regras de coluna não atendidas.
  Tarifas remuneradas: há linhas cuja tarifa não corresponde à tarifa regulada vigente para a região, o grupo horário e o mês de tráfego da linha.
2026-08-13 13:49:17.708 | INFO    |src.services.processamento_service:_reprovar:533 - [Layout] Motivo da recusa gravado em [DETRAT_ALGAR_X_VIVO_STFC_R_202607_V00_RECUSADO.md].
2026-08-13 13:49:17.711 | INFO    |comum.dados.repositorio_cache:salvar_dados_tabela_despesa:262 - Inserindo 1 registro(s) em [tbl_rpa_log_detraf_despesa_arquivos].
2026-08-13 13:49:17.722 | INFO    |comum.dados.repositorio_cache:salvar_dados_tabela_despesa:262 - 1 registro(s) persistidos em [tbl_rpa_log_detraf_despesa_arquivos].
2026-08-13 13:49:17.722 | WARNING |src.services.processamento_service:_processar_arquivo:264 - [RPA 1] 'DETRAT_ALGAR_X_VIVO_STFC_R_202607_V00.csv' REPROVADO na validação — quarentena em [C:\projetos\MVP2\MVP2\MVP2\DETRAF-UNIFICADO\unificado\arquivos\_QUARENTENA\202607\DETRAT_ALGAR_X_VIVO_STFC_R_202607_V00].
2026-08-13 13:49:17.766 | INFO    |src.services.processamento_service:_validar:482 - Resultado das validações para o arquivo do tipo 'detraf': {'v_col1_2': True, 'v_col2_vivo': True, 'v_col3': True, 'v_col4': True, 'v_col8': True, 'v_col9': True, 'v_col10': True, 'v_col11': True, 'v_col12_15': True, 'v_tarifas_remuneradas': True}
2026-08-13 13:49:17.772 | INFO    |src.services.processamento_service:executar:145 - Processado com sucesso: RELAM_SMS_ALGAR_X_VIVO_SMP_R_202607_V00.csv (operadora identificada via 'eot')
2026-08-13 13:49:17.787 | WARNING |src.services.processamento_service:_processar_arquivo:261 - [RPA 1] Não foi possível ler [DETRAF_ONE_Telefonica-GVT-Julho-2026.xlsx]: Erro ao processar a leitura do arquivo C:\projetos\MVP2\MVP2\MVP2\DETRAF-UNIFICADO\unificado\arquivos\Entrada\9D024E55DD250D4D00005211FBDF0000137D0D4C70E1CF4091747B97613AB5A60000A35B1B480000\DETRAF_ONE_Telefonica-GVT-Julho-2026.xlsx: expected string or bytes-like object, got 'float'
2026-08-13 13:49:17.797 | INFO    |src.services.operadora_service:obter_operadora:159 - Nome Fantasia não encontrado para o EOT [EOT Credora]
2026-08-13 13:49:17.803 | INFO    |src.services.processamento_service:_reprovar:533 - [Layout] Motivo da recusa gravado em [DETRAF_ONE_Telefonica-GVT-Julho-2026_RECUSADO.md].
2026-08-13 13:49:17.804 | INFO    |comum.dados.repositorio_cache:salvar_dados_tabela_despesa:262 - Inserindo 1 registro(s) em [tbl_rpa_log_detraf_despesa_arquivos].
2026-08-13 13:49:17.815 | INFO    |comum.dados.repositorio_cache:salvar_dados_tabela_despesa:262 - 1 registro(s) persistidos em [tbl_rpa_log_detraf_despesa_arquivos].
2026-08-13 13:49:17.815 | WARNING |src.services.processamento_service:_processar_arquivo:264 - [RPA 1] 'DETRAF_ONE_Telefonica-GVT-Julho-2026.xlsx' REPROVADO na validação — quarentena em [C:\projetos\MVP2\MVP2\MVP2\DETRAF-UNIFICADO\unificado\arquivos\_QUARENTENA\202607\DETRAF_ONE_Telefonica-GVT-Julho-2026].
2026-08-13 13:49:17.856 | INFO    |comum.dominio.validacao_colunas:validar_tudo_detalhado:269 - DataFrame reprovado na validação da Coluna 10 (Minutos). Encontrados valores com mais de 1 casa decimal.
2026-08-13 13:49:17.860 | INFO    |comum.dominio.validacao_colunas:validar_tudo_detalhado:271 - DataFrame reprovado na validação das Colunas Financeiras (12-15). Encontrados valores monetários com mais de 2 casas decimais.
2026-08-13 13:49:17.861 | INFO    |src.services.processamento_service:_validar:482 - Resultado das validações para o arquivo do tipo 'detraf': {'v_col1_2': True, 'v_col2_vivo': True, 'v_col3': True, 'v_col4': True, 'v_col8': True, 'v_col9': True, 'v_col10': False, 'v_col11': True, 'v_col12_15': False, 'v_tarifas_remuneradas': True}
2026-08-13 13:49:17.861 | WARNING |src.services.processamento_service:_processar_arquivo:262 - Arquivo [DETRAF_ONE_Vivo-Julho-2026.xlsx] rejeitado: regras de coluna não atendidas.
  Coluna 10 (Minutos): os minutos admitem no máximo 1 casa decimal.
  Colunas 12 a 15 (valores financeiros): os valores financeiros admitem no máximo 2 casas decimais.
2026-08-13 13:49:17.873 | INFO    |src.services.processamento_service:_reprovar:533 - [Layout] Motivo da recusa gravado em [DETRAF_ONE_Vivo-Julho-2026_RECUSADO.md].
2026-08-13 13:49:17.874 | INFO    |comum.dados.repositorio_cache:salvar_dados_tabela_despesa:262 - Inserindo 1 registro(s) em [tbl_rpa_log_detraf_despesa_arquivos].
2026-08-13 13:49:17.882 | INFO    |comum.dados.repositorio_cache:salvar_dados_tabela_despesa:262 - 1 registro(s) persistidos em [tbl_rpa_log_detraf_despesa_arquivos].
2026-08-13 13:49:17.882 | WARNING |src.services.processamento_service:_processar_arquivo:264 - [RPA 1] 'DETRAF_ONE_Vivo-Julho-2026.xlsx' REPROVADO na validação — quarentena em [C:\projetos\MVP2\MVP2\MVP2\DETRAF-UNIFICADO\unificado\arquivos\_QUARENTENA\202607\DETRAF_ONE_Vivo-Julho-2026].
2026-08-13 13:49:17.931 | INFO    |comum.dominio.validacao_colunas:validar_tudo_detalhado:252 - Validação de tarifas concluída | Total: 102 | Válidas: 97 | Inválidas: 5 | Resultado final: False
2026-08-13 13:49:17.934 | INFO    |comum.dominio.validacao_colunas:validar_tudo_detalhado:269 - DataFrame reprovado na validação da Coluna 10 (Minutos). Valores nulos ou não numéricos detectados.
2026-08-13 13:49:17.939 | INFO    |comum.dominio.validacao_colunas:validar_tudo_detalhado:271 - DataFrame reprovado na validação das Colunas Financeiras (12-15). Valores nulos ou não numéricos encontrados.
2026-08-13 13:49:17.940 | INFO    |src.services.processamento_service:_validar:482 - Resultado das validações para o arquivo do tipo 'detraf': {'v_col1_2': True, 'v_col2_vivo': True, 'v_col3': True, 'v_col4': True, 'v_col8': True, 'v_col9': True, 'v_col10': False, 'v_col11': True, 'v_col12_15': False, 'v_tarifas_remuneradas': False}
2026-08-13 13:49:17.940 | WARNING |src.services.processamento_service:_processar_arquivo:262 - Arquivo [DETRAF VIVO - CICLO 072026.csv] rejeitado: regras de coluna não atendidas.
  Coluna 10 (Minutos): os minutos admitem no máximo 1 casa decimal.
  Colunas 12 a 15 (valores financeiros): os valores financeiros admitem no máximo 2 casas decimais.
  Tarifas remuneradas: há linhas cuja tarifa não corresponde à tarifa regulada vigente para a região, o grupo horário e o mês de tráfego da linha.
2026-08-13 13:49:17.952 | INFO    |src.services.processamento_service:_reprovar:533 - [Layout] Motivo da recusa gravado em [DETRAF VIVO - CICLO 072026_RECUSADO.md].
2026-08-13 13:49:17.953 | INFO    |comum.dados.repositorio_cache:salvar_dados_tabela_despesa:262 - Inserindo 1 registro(s) em [tbl_rpa_log_detraf_despesa_arquivos].
2026-08-13 13:49:17.963 | INFO    |comum.dados.repositorio_cache:salvar_dados_tabela_despesa:262 - 1 registro(s) persistidos em [tbl_rpa_log_detraf_despesa_arquivos].
2026-08-13 13:49:17.964 | WARNING |src.services.processamento_service:_processar_arquivo:264 - [RPA 1] 'DETRAF VIVO - CICLO 072026.csv' REPROVADO na validação — quarentena em [C:\projetos\MVP2\MVP2\MVP2\DETRAF-UNIFICADO\unificado\arquivos\_QUARENTENA\202607\DETRAF VIVO - CICLO 072026].
2026-08-13 13:49:18.018 | INFO    |src.services.processamento_service:_validar:482 - Resultado das validações para o arquivo do tipo 'detraf': {'v_col1_2': True, 'v_col2_vivo': True, 'v_col3': True, 'v_col4': True, 'v_col8': True, 'v_col9': True, 'v_col10': True, 'v_col11': True, 'v_col12_15': True, 'v_tarifas_remuneradas': True}
2026-08-13 13:49:18.027 | INFO    |src.services.processamento_service:executar:145 - Processado com sucesso: layout-telefonica-brasil-smp-c-vc1-202607.xlsx (operadora identificada via 'eot')
2026-08-13 13:49:18.074 | INFO    |src.services.processamento_service:_validar:482 - Resultado das validações para o arquivo do tipo 'detraf': {'v_col1_2': True, 'v_col2_vivo': True, 'v_col3': True, 'v_col4': True, 'v_col8': True, 'v_col9': True, 'v_col10': True, 'v_col11': True, 'v_col12_15': True, 'v_tarifas_remuneradas': True}
2026-08-13 13:49:18.086 | INFO    |src.services.processamento_service:executar:145 - Processado com sucesso: layout-telefonica-brasil-stfc-c-ldn-202607.xlsx (operadora identificada via 'eot')
2026-08-13 13:49:18.124 | INFO    |comum.dominio.validacao_colunas:validar_tudo_detalhado:269 - DataFrame reprovado na validação da Coluna 10 (Minutos). Valores nulos ou não numéricos detectados.
2026-08-13 13:49:18.128 | INFO    |src.services.processamento_service:_validar:482 - Resultado das validações para o arquivo do tipo 'detraf': {'v_col1_2': True, 'v_col2_vivo': True, 'v_col3': True, 'v_col4': True, 'v_col8': True, 'v_col9': True, 'v_col10': False, 'v_col11': True, 'v_col12_15': True, 'v_tarifas_remuneradas': True}
2026-08-13 13:49:18.129 | WARNING |src.services.processamento_service:_processar_arquivo:262 - Arquivo [MUNDIVOX_VIVO_202607.csv] rejeitado: regras de coluna não atendidas.
  Coluna 10 (Minutos): os minutos admitem no máximo 1 casa decimal.
2026-08-13 13:49:18.135 | INFO    |src.services.processamento_service:_reprovar:533 - [Layout] Motivo da recusa gravado em [MUNDIVOX_VIVO_202607_RECUSADO.md].
2026-08-13 13:49:18.136 | INFO    |comum.dados.repositorio_cache:salvar_dados_tabela_despesa:262 - Inserindo 1 registro(s) em [tbl_rpa_log_detraf_despesa_arquivos].
2026-08-13 13:49:18.161 | INFO    |comum.dados.repositorio_cache:salvar_dados_tabela_despesa:262 - 1 registro(s) persistidos em [tbl_rpa_log_detraf_despesa_arquivos].
2026-08-13 13:49:18.162 | WARNING |src.services.processamento_service:_processar_arquivo:264 - [RPA 1] 'MUNDIVOX_VIVO_202607.csv' REPROVADO na validação — quarentena em [C:\projetos\MVP2\MVP2\MVP2\DETRAF-UNIFICADO\unificado\arquivos\_QUARENTENA\202607\MUNDIVOX_VIVO_202607].
2026-08-13 13:49:18.198 | INFO    |comum.dominio.validacao_colunas:validar_tudo_detalhado:252 - Validação de tarifas concluída | Total: 4 | Válidas: 3 | Inválidas: 1 | Resultado final: False
2026-08-13 13:49:18.200 | INFO    |comum.dominio.validacao_colunas:validar_tudo_detalhado:270 - DataFrame reprovado na validação da Coluna 11 (Tarifa). Encontrada tarifa zerada (0), o que não é permitido.
2026-08-13 13:49:18.203 | INFO    |src.services.processamento_service:_validar:482 - Resultado das validações para o arquivo do tipo 'detraf': {'v_col1_2': True, 'v_col2_vivo': True, 'v_col3': True, 'v_col4': True, 'v_col8': True, 'v_col9': True, 'v_col10': True, 'v_col11': False, 'v_col12_15': True, 'v_tarifas_remuneradas': False}
2026-08-13 13:49:18.203 | WARNING |src.services.processamento_service:_processar_arquivo:262 - Arquivo [DETRAF_SOTHIS_X_VIVO_202607.xlsx] rejeitado: regras de coluna não atendidas.
  Coluna 11 (Tarifa): a tarifa admite no máximo 5 casas decimais e não pode ser zero.
  Tarifas remuneradas: há linhas cuja tarifa não corresponde à tarifa regulada vigente para a região, o grupo horário e o mês de tráfego da linha.
2026-08-13 13:49:18.215 | INFO    |src.services.processamento_service:_reprovar:533 - [Layout] Motivo da recusa gravado em [DETRAF_SOTHIS_X_VIVO_202607_RECUSADO.md].
2026-08-13 13:49:18.216 | INFO    |comum.dados.repositorio_cache:salvar_dados_tabela_despesa:262 - Inserindo 1 registro(s) em [tbl_rpa_log_detraf_despesa_arquivos].
2026-08-13 13:49:18.224 | INFO    |comum.dados.repositorio_cache:salvar_dados_tabela_despesa:262 - 1 registro(s) persistidos em [tbl_rpa_log_detraf_despesa_arquivos].
2026-08-13 13:49:18.224 | WARNING |src.services.processamento_service:_processar_arquivo:264 - [RPA 1] 'DETRAF_SOTHIS_X_VIVO_202607.xlsx' REPROVADO na validação — quarentena em [C:\projetos\MVP2\MVP2\MVP2\DETRAF-UNIFICADO\unificado\arquivos\_QUARENTENA\202607\DETRAF_SOTHIS_X_VIVO_202607].
2026-08-13 13:49:18.284 | INFO    |src.services.processamento_service:_validar:482 - Resultado das validações para o arquivo do tipo 'detraf': {'v_col1_2': True, 'v_col2_vivo': True, 'v_col3': True, 'v_col4': True, 'v_col8': True, 'v_col9': True, 'v_col10': True, 'v_col11': True, 'v_col12_15': True, 'v_tarifas_remuneradas': True}
2026-08-13 13:49:18.288 | INFO    |src.services.processamento_service:executar:145 - Processado com sucesso: DETRAF_FINAL_202607_VONARE_VIVO_ITX_20260806161630.csv (operadora identificada via 'eot')
2026-08-13 13:49:18.302 | WARNING |src.services.processamento_service:_processar_arquivo:262 - Arquivo [DETRAF_FINAL_202607_HOME_VIVO_C_20260804195236_SMS.csv] rejeitado: layout fora do padrão da V2.
  posição 7 (GH): esperado S, R, N ou D, encontrado "F", "nan", "F" [0/200 válidos]
2026-08-13 13:49:18.313 | INFO    |src.services.processamento_service:_reprovar:533 - [Layout] Motivo da recusa gravado em [DETRAF_FINAL_202607_HOME_VIVO_C_20260804195236_SMS_RECUSADO.md].
2026-08-13 13:49:18.314 | INFO    |comum.dados.repositorio_cache:salvar_dados_tabela_despesa:262 - Inserindo 1 registro(s) em [tbl_rpa_log_detraf_despesa_arquivos].
2026-08-13 13:49:18.322 | INFO    |comum.dados.repositorio_cache:salvar_dados_tabela_despesa:262 - 1 registro(s) persistidos em [tbl_rpa_log_detraf_despesa_arquivos].
2026-08-13 13:49:18.322 | WARNING |src.services.processamento_service:_processar_arquivo:264 - [RPA 1] 'DETRAF_FINAL_202607_HOME_VIVO_C_20260804195236_SMS.csv' REPROVADO na validação — quarentena em [C:\projetos\MVP2\MVP2\MVP2\DETRAF-UNIFICADO\unificado\arquivos\_QUARENTENA\202607\DETRAF_FINAL_202607_HOME_VIVO_C_20260804195236_SMS].
2026-08-13 13:49:18.323 | WARNING |src.services.processamento_service:_processar_arquivo:261 - [RPA 1] Não foi possível ler [DETRAF CLARO STFC LD X TELEFONICA 202607.xls]: Erro ao processar a leitura do arquivo C:\projetos\MVP2\MVP2\MVP2\DETRAF-UNIFICADO\unificado\arquivos\Entrada\9D024E55DD250D4D00005211FBDF0000137D0D4C70E1CF4091747B97613AB5A60000A35B1B4F0000\DETRAF CLARO STFC LD X TELEFONICA 202607.xls: File is not a zip file
2026-08-13 13:49:18.324 | WARNING |src.services.operadora_service:obter_operadora:157 - Falha ao extrair EOT de 'DETRAF CLARO STFC LD X TELEFONICA 202607.xls': openpyxl does not support the old .xls file format, please use xlrd to read this file, or convert it to the more recent .xlsx file format.
2026-08-13 13:49:18.330 | INFO    |src.services.processamento_service:_reprovar:533 - [Layout] Motivo da recusa gravado em [DETRAF CLARO STFC LD X TELEFONICA 202607_RECUSADO.md].
2026-08-13 13:49:18.332 | INFO    |comum.dados.repositorio_cache:salvar_dados_tabela_despesa:262 - Inserindo 1 registro(s) em [tbl_rpa_log_detraf_despesa_arquivos].
2026-08-13 13:49:18.339 | INFO    |comum.dados.repositorio_cache:salvar_dados_tabela_despesa:262 - 1 registro(s) persistidos em [tbl_rpa_log_detraf_despesa_arquivos].
2026-08-13 13:49:18.339 | WARNING |src.services.processamento_service:_processar_arquivo:264 - [RPA 1] 'DETRAF CLARO STFC LD X TELEFONICA 202607.xls' REPROVADO na validação — quarentena em [C:\projetos\MVP2\MVP2\MVP2\DETRAF-UNIFICADO\unificado\arquivos\_QUARENTENA\202607\DETRAF CLARO STFC LD X TELEFONICA 202607].
2026-08-13 13:49:18.340 | WARNING |src.services.processamento_service:_processar_arquivo:261 - [RPA 1] Não foi possível ler [DETRAF CLARO STFC LD X VIVO SMP 202607.xls]: Erro ao processar a leitura do arquivo C:\projetos\MVP2\MVP2\MVP2\DETRAF-UNIFICADO\unificado\arquivos\Entrada\9D024E55DD250D4D00005211FBDF0000137D0D4C70E1CF4091747B97613AB5A60000A35B1B500000\DETRAF CLARO STFC LD X VIVO SMP 202607.xls: File is not a zip file
2026-08-13 13:49:18.340 | WARNING |src.services.operadora_service:obter_operadora:157 - Falha ao extrair EOT de 'DETRAF CLARO STFC LD X VIVO SMP 202607.xls': openpyxl does not support the old .xls file format, please use xlrd to read this file, or convert it to the more recent .xlsx file format.
2026-08-13 13:49:18.348 | INFO    |src.services.processamento_service:_reprovar:533 - [Layout] Motivo da recusa gravado em [DETRAF CLARO STFC LD X VIVO SMP 202607_RECUSADO.md].
2026-08-13 13:49:18.349 | INFO    |comum.dados.repositorio_cache:salvar_dados_tabela_despesa:262 - Inserindo 1 registro(s) em [tbl_rpa_log_detraf_despesa_arquivos].
2026-08-13 13:49:18.357 | INFO    |comum.dados.repositorio_cache:salvar_dados_tabela_despesa:262 - 1 registro(s) persistidos em [tbl_rpa_log_detraf_despesa_arquivos].
2026-08-13 13:49:18.357 | WARNING |src.services.processamento_service:_processar_arquivo:264 - [RPA 1] 'DETRAF CLARO STFC LD X VIVO SMP 202607.xls' REPROVADO na validação — quarentena em [C:\projetos\MVP2\MVP2\MVP2\DETRAF-UNIFICADO\unificado\arquivos\_QUARENTENA\202607\DETRAF CLARO STFC LD X VIVO SMP 202607].
2026-08-13 13:49:18.358 | WARNING |src.services.processamento_service:_processar_arquivo:261 - [RPA 1] Não foi possível ler [DETRAF CLARO STFC LD X VIVO STFC 202607.xls]: Erro ao processar a leitura do arquivo C:\projetos\MVP2\MVP2\MVP2\DETRAF-UNIFICADO\unificado\arquivos\Entrada\9D024E55DD250D4D00005211FBDF0000137D0D4C70E1CF4091747B97613AB5A60000A35B1B510000\DETRAF CLARO STFC LD X VIVO STFC 202607.xls: File is not a zip file
2026-08-13 13:49:18.358 | WARNING |src.services.operadora_service:obter_operadora:157 - Falha ao extrair EOT de 'DETRAF CLARO STFC LD X VIVO STFC 202607.xls': openpyxl does not support the old .xls file format, please use xlrd to read this file, or convert it to the more recent .xlsx file format.
2026-08-13 13:49:18.367 | INFO    |src.services.processamento_service:_reprovar:533 - [Layout] Motivo da recusa gravado em [DETRAF CLARO STFC LD X VIVO STFC 202607_RECUSADO.md].
2026-08-13 13:49:18.368 | INFO    |comum.dados.repositorio_cache:salvar_dados_tabela_despesa:262 - Inserindo 1 registro(s) em [tbl_rpa_log_detraf_despesa_arquivos].
2026-08-13 13:49:18.374 | INFO    |comum.dados.repositorio_cache:salvar_dados_tabela_despesa:262 - 1 registro(s) persistidos em [tbl_rpa_log_detraf_despesa_arquivos].
2026-08-13 13:49:18.375 | WARNING |src.services.processamento_service:_processar_arquivo:264 - [RPA 1] 'DETRAF CLARO STFC LD X VIVO STFC 202607.xls' REPROVADO na validação — quarentena em [C:\projetos\MVP2\MVP2\MVP2\DETRAF-UNIFICADO\unificado\arquivos\_QUARENTENA\202607\DETRAF CLARO STFC LD X VIVO STFC 202607].
2026-08-13 13:49:18.376 | WARNING |src.services.processamento_service:_processar_arquivo:261 - [RPA 1] Não foi possível ler [DETRAF CLARO STFC LC X TELEFONICA 202607.xls]: Erro ao processar a leitura do arquivo C:\projetos\MVP2\MVP2\MVP2\DETRAF-UNIFICADO\unificado\arquivos\Entrada\9D024E55DD250D4D00005211FBDF0000137D0D4C70E1CF4091747B97613AB5A60000A35B1B520000\DETRAF CLARO STFC LC X TELEFONICA 202607.xls: File is not a zip file
2026-08-13 13:49:18.376 | WARNING |src.services.operadora_service:obter_operadora:157 - Falha ao extrair EOT de 'DETRAF CLARO STFC LC X TELEFONICA 202607.xls': openpyxl does not support the old .xls file format, please use xlrd to read this file, or convert it to the more recent .xlsx file format.
2026-08-13 13:49:18.383 | INFO    |src.services.processamento_service:_reprovar:533 - [Layout] Motivo da recusa gravado em [DETRAF CLARO STFC LC X TELEFONICA 202607_RECUSADO.md].
2026-08-13 13:49:18.384 | INFO    |comum.dados.repositorio_cache:salvar_dados_tabela_despesa:262 - Inserindo 1 registro(s) em [tbl_rpa_log_detraf_despesa_arquivos].
2026-08-13 13:49:18.391 | INFO    |comum.dados.repositorio_cache:salvar_dados_tabela_despesa:262 - 1 registro(s) persistidos em [tbl_rpa_log_detraf_despesa_arquivos].
2026-08-13 13:49:18.391 | WARNING |src.services.processamento_service:_processar_arquivo:264 - [RPA 1] 'DETRAF CLARO STFC LC X TELEFONICA 202607.xls' REPROVADO na validação — quarentena em [C:\projetos\MVP2\MVP2\MVP2\DETRAF-UNIFICADO\unificado\arquivos\_QUARENTENA\202607\DETRAF CLARO STFC LC X TELEFONICA 202607].
2026-08-13 13:49:18.392 | WARNING |src.services.processamento_service:_processar_arquivo:261 - [RPA 1] Não foi possível ler [DETRAF CLARO STFC LC X VIVO SMP 202607.xls]: Erro ao processar a leitura do arquivo C:\projetos\MVP2\MVP2\MVP2\DETRAF-UNIFICADO\unificado\arquivos\Entrada\9D024E55DD250D4D00005211FBDF0000137D0D4C70E1CF4091747B97613AB5A60000A35B1B530000\DETRAF CLARO STFC LC X VIVO SMP 202607.xls: File is not a zip file
2026-08-13 13:49:18.393 | WARNING |src.services.operadora_service:obter_operadora:157 - Falha ao extrair EOT de 'DETRAF CLARO STFC LC X VIVO SMP 202607.xls': openpyxl does not support the old .xls file format, please use xlrd to read this file, or convert it to the more recent .xlsx file format.
2026-08-13 13:49:18.400 | INFO    |src.services.processamento_service:_reprovar:533 - [Layout] Motivo da recusa gravado em [DETRAF CLARO STFC LC X VIVO SMP 202607_RECUSADO.md].
2026-08-13 13:49:18.401 | INFO    |comum.dados.repositorio_cache:salvar_dados_tabela_despesa:262 - Inserindo 1 registro(s) em [tbl_rpa_log_detraf_despesa_arquivos].
2026-08-13 13:49:18.408 | INFO    |comum.dados.repositorio_cache:salvar_dados_tabela_despesa:262 - 1 registro(s) persistidos em [tbl_rpa_log_detraf_despesa_arquivos].
2026-08-13 13:49:18.409 | WARNING |src.services.processamento_service:_processar_arquivo:264 - [RPA 1] 'DETRAF CLARO STFC LC X VIVO SMP 202607.xls' REPROVADO na validação — quarentena em [C:\projetos\MVP2\MVP2\MVP2\DETRAF-UNIFICADO\unificado\arquivos\_QUARENTENA\202607\DETRAF CLARO STFC LC X VIVO SMP 202607].
2026-08-13 13:49:18.410 | WARNING |src.services.processamento_service:_processar_arquivo:261 - [RPA 1] Não foi possível ler [DETRAF CLARO STFC LC X VIVO STFC 202607.xls]: Erro ao processar a leitura do arquivo C:\projetos\MVP2\MVP2\MVP2\DETRAF-UNIFICADO\unificado\arquivos\Entrada\9D024E55DD250D4D00005211FBDF0000137D0D4C70E1CF4091747B97613AB5A60000A35B1B540000\DETRAF CLARO STFC LC X VIVO STFC 202607.xls: File is not a zip file
2026-08-13 13:49:18.410 | WARNING |src.services.operadora_service:obter_operadora:157 - Falha ao extrair EOT de 'DETRAF CLARO STFC LC X VIVO STFC 202607.xls': openpyxl does not support the old .xls file format, please use xlrd to read this file, or convert it to the more recent .xlsx file format.
2026-08-13 13:49:18.418 | INFO    |src.services.processamento_service:_reprovar:533 - [Layout] Motivo da recusa gravado em [DETRAF CLARO STFC LC X VIVO STFC 202607_RECUSADO.md].
2026-08-13 13:49:18.419 | INFO    |comum.dados.repositorio_cache:salvar_dados_tabela_despesa:262 - Inserindo 1 registro(s) em [tbl_rpa_log_detraf_despesa_arquivos].
2026-08-13 13:49:18.426 | INFO    |comum.dados.repositorio_cache:salvar_dados_tabela_despesa:262 - 1 registro(s) persistidos em [tbl_rpa_log_detraf_despesa_arquivos].
2026-08-13 13:49:18.426 | WARNING |src.services.processamento_service:_processar_arquivo:264 - [RPA 1] 'DETRAF CLARO STFC LC X VIVO STFC 202607.xls' REPROVADO na validação — quarentena em [C:\projetos\MVP2\MVP2\MVP2\DETRAF-UNIFICADO\unificado\arquivos\_QUARENTENA\202607\DETRAF CLARO STFC LC X VIVO STFC 202607].
2026-08-13 13:49:18.427 | WARNING |src.services.processamento_service:_processar_arquivo:261 - [RPA 1] Não foi possível ler [D_IPCorp_Telecom_Vivo_-_Fixa_LD_202607.XLS]: Erro ao processar a leitura do arquivo C:\projetos\MVP2\MVP2\MVP2\DETRAF-UNIFICADO\unificado\arquivos\Entrada\9D024E55DD250D4D00005211FBDF0000137D0D4C70E1CF4091747B97613AB5A60000A35B1B550000\D_IPCorp_Telecom_Vivo_-_Fixa_LD_202607.XLS: File contains no valid workbook part
2026-08-13 13:49:18.428 | WARNING |src.services.operadora_service:obter_operadora:157 - Falha ao extrair EOT de 'D_IPCorp_Telecom_Vivo_-_Fixa_LD_202607.XLS': openpyxl does not support the old .xls file format, please use xlrd to read this file, or convert it to the more recent .xlsx file format.
2026-08-13 13:49:18.433 | INFO    |src.services.processamento_service:_reprovar:533 - [Layout] Motivo da recusa gravado em [D_IPCorp_Telecom_Vivo_-_Fixa_LD_202607_RECUSADO.md].
2026-08-13 13:49:18.435 | INFO    |comum.dados.repositorio_cache:salvar_dados_tabela_despesa:262 - Inserindo 1 registro(s) em [tbl_rpa_log_detraf_despesa_arquivos].
2026-08-13 13:49:18.441 | INFO    |comum.dados.repositorio_cache:salvar_dados_tabela_despesa:262 - 1 registro(s) persistidos em [tbl_rpa_log_detraf_despesa_arquivos].
2026-08-13 13:49:18.442 | WARNING |src.services.processamento_service:_processar_arquivo:264 - [RPA 1] 'D_IPCorp_Telecom_Vivo_-_Fixa_LD_202607.XLS' REPROVADO na validação — quarentena em [C:\projetos\MVP2\MVP2\MVP2\DETRAF-UNIFICADO\unificado\arquivos\_QUARENTENA\202607\D_IPCorp_Telecom_Vivo_-_Fixa_LD_202607].
2026-08-13 13:49:18.443 | WARNING |src.services.processamento_service:_processar_arquivo:261 - [RPA 1] Não foi possível ler [D_IPCorp_Telecom_Vivo_-_Móvel_LC_202607.xls]: Erro ao processar a leitura do arquivo C:\projetos\MVP2\MVP2\MVP2\DETRAF-UNIFICADO\unificado\arquivos\Entrada\9D024E55DD250D4D00005211FBDF0000137D0D4C70E1CF4091747B97613AB5A60000A35B1B550000\D_IPCorp_Telecom_Vivo_-_Móvel_LC_202607.xls: File contains no valid workbook part
2026-08-13 13:49:18.444 | WARNING |src.services.operadora_service:obter_operadora:157 - Falha ao extrair EOT de 'D_IPCorp_Telecom_Vivo_-_Móvel_LC_202607.xls': openpyxl does not support the old .xls file format, please use xlrd to read this file, or convert it to the more recent .xlsx file format.
2026-08-13 13:49:18.450 | INFO    |src.services.processamento_service:_reprovar:533 - [Layout] Motivo da recusa gravado em [D_IPCorp_Telecom_Vivo_-_Móvel_LC_202607_RECUSADO.md].
2026-08-13 13:49:18.451 | INFO    |comum.dados.repositorio_cache:salvar_dados_tabela_despesa:262 - Inserindo 1 registro(s) em [tbl_rpa_log_detraf_despesa_arquivos].
2026-08-13 13:49:18.458 | INFO    |comum.dados.repositorio_cache:salvar_dados_tabela_despesa:262 - 1 registro(s) persistidos em [tbl_rpa_log_detraf_despesa_arquivos].
2026-08-13 13:49:18.458 | WARNING |src.services.processamento_service:_processar_arquivo:264 - [RPA 1] 'D_IPCorp_Telecom_Vivo_-_Móvel_LC_202607.xls' REPROVADO na validação — quarentena em [C:\projetos\MVP2\MVP2\MVP2\DETRAF-UNIFICADO\unificado\arquivos\_QUARENTENA\202607\D_IPCorp_Telecom_Vivo_-_Móvel_LC_202607].
2026-08-13 13:49:18.460 | WARNING |src.services.processamento_service:_processar_arquivo:261 - [RPA 1] Não foi possível ler [D_IPCorp_Telecom_Vivo_-_Móvel_LD_202607.XLS]: Erro ao processar a leitura do arquivo C:\projetos\MVP2\MVP2\MVP2\DETRAF-UNIFICADO\unificado\arquivos\Entrada\9D024E55DD250D4D00005211FBDF0000137D0D4C70E1CF4091747B97613AB5A60000A35B1B550000\D_IPCorp_Telecom_Vivo_-_Móvel_LD_202607.XLS: File is not a zip file
2026-08-13 13:49:18.460 | WARNING |src.services.operadora_service:obter_operadora:157 - Falha ao extrair EOT de 'D_IPCorp_Telecom_Vivo_-_Móvel_LD_202607.XLS': openpyxl does not support the old .xls file format, please use xlrd to read this file, or convert it to the more recent .xlsx file format.
2026-08-13 13:49:18.467 | INFO    |src.services.processamento_service:_reprovar:533 - [Layout] Motivo da recusa gravado em [D_IPCorp_Telecom_Vivo_-_Móvel_LD_202607_RECUSADO.md].
2026-08-13 13:49:18.468 | INFO    |comum.dados.repositorio_cache:salvar_dados_tabela_despesa:262 - Inserindo 1 registro(s) em [tbl_rpa_log_detraf_despesa_arquivos].
2026-08-13 13:49:18.476 | INFO    |comum.dados.repositorio_cache:salvar_dados_tabela_despesa:262 - 1 registro(s) persistidos em [tbl_rpa_log_detraf_despesa_arquivos].
2026-08-13 13:49:18.476 | WARNING |src.services.processamento_service:_processar_arquivo:264 - [RPA 1] 'D_IPCorp_Telecom_Vivo_-_Móvel_LD_202607.XLS' REPROVADO na validação — quarentena em [C:\projetos\MVP2\MVP2\MVP2\DETRAF-UNIFICADO\unificado\arquivos\_QUARENTENA\202607\D_IPCorp_Telecom_Vivo_-_Móvel_LD_202607].
2026-08-13 13:49:18.488 | WARNING |src.services.processamento_service:_processar_arquivo:262 - Arquivo [detraf_072026_credor.xlsx] rejeitado: layout fora do padrão da V2.
  posição 1 (Devedora): esperado EOT (Anexo 5), encontrado "Xturbo Provedor de Internet EIRELI", "Xturbo Provedor de Internet EIRELI", "Xturbo Provedor de Internet EIRELI" [0/5 válidos]
  posição 2 (Referencia): esperado AAAAMM, encontrado "010", "010", "011" [0/5 válidos]
  posição 3 (Tráfego): esperado AAAAMM, encontrado "Vivo", "Vivo", "Telefâ€œnica" [0/5 válidos]
  posição 5 (Rel): esperado 0, 1 ou vazio, encontrado "202607", "202607", "202607" [0/5 válidos]
  posição 7 (GH): esperado S, R, N ou D, encontrado "00", "00", "00" [0/5 válidos]
  posição 8 (Chamadas): esperado número inteiro, encontrado "LENL", "LENL", "LENLC" [0/5 válidos]
  posição 9 (Minutos): esperado número, encontrado "N", "R", "N" [0/5 válidos]
2026-08-13 13:49:18.500 | INFO    |src.services.processamento_service:_reprovar:533 - [Layout] Motivo da recusa gravado em [detraf_072026_credor_RECUSADO.md].
2026-08-13 13:49:18.501 | INFO    |comum.dados.repositorio_cache:salvar_dados_tabela_despesa:262 - Inserindo 1 registro(s) em [tbl_rpa_log_detraf_despesa_arquivos].
2026-08-13 13:49:18.510 | INFO    |comum.dados.repositorio_cache:salvar_dados_tabela_despesa:262 - 1 registro(s) persistidos em [tbl_rpa_log_detraf_despesa_arquivos].
2026-08-13 13:49:18.510 | WARNING |src.services.processamento_service:_processar_arquivo:264 - [RPA 1] 'detraf_072026_credor.xlsx' REPROVADO na validação — quarentena em [C:\projetos\MVP2\MVP2\MVP2\DETRAF-UNIFICADO\unificado\arquivos\_QUARENTENA\202607\detraf_072026_credor].
2026-08-13 13:49:18.571 | INFO    |comum.dominio.validacao_colunas:validar_tudo_detalhado:252 - Validação de tarifas concluída | Total: 76 | Válidas: 74 | Inválidas: 2 | Resultado final: False
2026-08-13 13:49:18.573 | INFO    |comum.dominio.validacao_colunas:validar_tudo_detalhado:269 - DataFrame reprovado na validação da Coluna 10 (Minutos). Encontrados valores com mais de 1 casa decimal.
2026-08-13 13:49:18.578 | INFO    |src.services.processamento_service:_validar:482 - Resultado das validações para o arquivo do tipo 'detraf': {'v_col1_2': True, 'v_col2_vivo': True, 'v_col3': True, 'v_col4': True, 'v_col8': True, 'v_col9': True, 'v_col10': False, 'v_col11': True, 'v_col12_15': True, 'v_tarifas_remuneradas': False}
2026-08-13 13:49:18.579 | WARNING |src.services.processamento_service:_processar_arquivo:262 - Arquivo [LYTUX - 07.2026  - VIVO.xlsx] rejeitado: regras de coluna não atendidas.
  Coluna 10 (Minutos): os minutos admitem no máximo 1 casa decimal.
  Tarifas remuneradas: há linhas cuja tarifa não corresponde à tarifa regulada vigente para a região, o grupo horário e o mês de tráfego da linha.
2026-08-13 13:49:18.597 | INFO    |src.services.processamento_service:_reprovar:533 - [Layout] Motivo da recusa gravado em [LYTUX - 07.2026  - VIVO_RECUSADO.md].
2026-08-13 13:49:18.598 | INFO    |comum.dados.repositorio_cache:salvar_dados_tabela_despesa:262 - Inserindo 1 registro(s) em [tbl_rpa_log_detraf_despesa_arquivos].
2026-08-13 13:49:18.606 | INFO    |comum.dados.repositorio_cache:salvar_dados_tabela_despesa:262 - 1 registro(s) persistidos em [tbl_rpa_log_detraf_despesa_arquivos].
2026-08-13 13:49:18.606 | WARNING |src.services.processamento_service:_processar_arquivo:264 - [RPA 1] 'LYTUX - 07.2026  - VIVO.xlsx' REPROVADO na validação — quarentena em [C:\projetos\MVP2\MVP2\MVP2\DETRAF-UNIFICADO\unificado\arquivos\_QUARENTENA\202607\LYTUX - 07.2026  - VIVO].
2026-08-13 13:49:18.628 | INFO    |comum.dominio.validacao_colunas:validar_tudo_detalhado:249 - DataFrame reprovado na validação da Coluna 2 (EOT Vivo). Encontrados códigos de operadoras que não correspondem aos nomes fantasia da Vivo.
2026-08-13 13:49:18.645 | INFO    |comum.dominio.validacao_colunas:validar_tudo_detalhado:252 - Validação de tarifas concluída | Total: 3 | Válidas: 2 | Inválidas: 1 | Resultado final: False
2026-08-13 13:49:18.647 | INFO    |comum.dominio.validacao_colunas:validar_tudo_detalhado:267 - DataFrame reprovado na validação da Coluna 8 (GH). Valores fora das opções {'D', 'N', 'R', 'S'} detectados.
2026-08-13 13:49:18.651 | INFO    |src.services.processamento_service:_validar:482 - Resultado das validações para o arquivo do tipo 'detraf': {'v_col1_2': True, 'v_col2_vivo': False, 'v_col3': True, 'v_col4': True, 'v_col8': False, 'v_col9': True, 'v_col10': True, 'v_col11': True, 'v_col12_15': True, 'v_tarifas_remuneradas': False}
2026-08-13 13:49:18.652 | WARNING |src.services.processamento_service:_processar_arquivo:262 - Arquivo [NOVACIA - 07.2026 - VIVO.xlsx] rejeitado: regras de coluna não atendidas.
  Coluna 2 (EOT da Vivo): a coluna da devedora traz EOT que não corresponde a nenhum nome fantasia da Vivo.
  Coluna 8 (GH): o grupo horário precisa ser S, R, N ou D.
  Tarifas remuneradas: há linhas cuja tarifa não corresponde à tarifa regulada vigente para a região, o grupo horário e o mês de tráfego da linha.
2026-08-13 13:49:18.666 | INFO    |src.services.processamento_service:_reprovar:533 - [Layout] Motivo da recusa gravado em [NOVACIA - 07.2026 - VIVO_RECUSADO.md].
2026-08-13 13:49:18.668 | INFO    |comum.dados.repositorio_cache:salvar_dados_tabela_despesa:262 - Inserindo 1 registro(s) em [tbl_rpa_log_detraf_despesa_arquivos].
2026-08-13 13:49:18.676 | INFO    |comum.dados.repositorio_cache:salvar_dados_tabela_despesa:262 - 1 registro(s) persistidos em [tbl_rpa_log_detraf_despesa_arquivos].
2026-08-13 13:49:18.676 | WARNING |src.services.processamento_service:_processar_arquivo:264 - [RPA 1] 'NOVACIA - 07.2026 - VIVO.xlsx' REPROVADO na validação — quarentena em [C:\projetos\MVP2\MVP2\MVP2\DETRAF-UNIFICADO\unificado\arquivos\_QUARENTENA\202607\NOVACIA - 07.2026 - VIVO].
2026-08-13 13:49:18.711 | INFO    |src.services.processamento_service:_validar:482 - Resultado das validações para o arquivo do tipo 'detraf': {'v_col1_2': True, 'v_col2_vivo': True, 'v_col3': True, 'v_col4': True, 'v_col8': True, 'v_col9': True, 'v_col10': True, 'v_col11': True, 'v_col12_15': True, 'v_tarifas_remuneradas': True}
2026-08-13 13:49:18.716 | INFO    |src.services.processamento_service:executar:145 - Processado com sucesso: DETRAF-TMCO-0116-2026-PREDLINK-VIVO SMP - RESUMO_EOT 20-202607.csv (operadora identificada via 'eot')
2026-08-13 13:49:18.718 | WARNING |src.services.processamento_service:_processar_arquivo:261 - [RPA 1] Não foi possível ler [DETRAF-TMCO-0116-2026-PREDLINK-VIVO SMP - RESUMO_EOT 20-202607.xls]: Erro ao processar a leitura do arquivo C:\projetos\MVP2\MVP2\MVP2\DETRAF-UNIFICADO\unificado\arquivos\Entrada\9D024E55DD250D4D00005211FBDF0000137D0D4C70E1CF4091747B97613AB5A60000A35B1B590000\DETRAF-TMCO-0116-2026-PREDLINK-VIVO SMP - RESUMO_EOT 20-202607.xls: File contains no valid workbook part
2026-08-13 13:49:18.718 | WARNING |src.services.operadora_service:obter_operadora:157 - Falha ao extrair EOT de 'DETRAF-TMCO-0116-2026-PREDLINK-VIVO SMP - RESUMO_EOT 20-202607.xls': openpyxl does not support the old .xls file format, please use xlrd to read this file, or convert it to the more recent .xlsx file format.
2026-08-13 13:49:18.724 | INFO    |src.services.processamento_service:_reprovar:533 - [Layout] Motivo da recusa gravado em [DETRAF-TMCO-0116-2026-PREDLINK-VIVO SMP - RESUMO_EOT 20-202607_RECUSADO.md].
2026-08-13 13:49:18.725 | INFO    |comum.dados.repositorio_cache:salvar_dados_tabela_despesa:262 - Inserindo 1 registro(s) em [tbl_rpa_log_detraf_despesa_arquivos].
2026-08-13 13:49:18.733 | INFO    |comum.dados.repositorio_cache:salvar_dados_tabela_despesa:262 - 1 registro(s) persistidos em [tbl_rpa_log_detraf_despesa_arquivos].
2026-08-13 13:49:18.734 | WARNING |src.services.processamento_service:_processar_arquivo:264 - [RPA 1] 'DETRAF-TMCO-0116-2026-PREDLINK-VIVO SMP - RESUMO_EOT 20-202607.xls' REPROVADO na validação — quarentena em [C:\projetos\MVP2\MVP2\MVP2\DETRAF-UNIFICADO\unificado\arquivos\_QUARENTENA\202607\DETRAF-TMCO-0116-2026-PREDLINK-VIVO SMP - RESUMO_EOT 20-202607].
2026-08-13 13:49:21.672 | INFO    |comum.dominio.validacao_colunas:validar_tudo_detalhado:252 - Validação de tarifas concluída | Total: 7 | Válidas: 0 | Inválidas: 7 | Resultado final: False
2026-08-13 13:49:21.678 | INFO    |comum.dominio.validacao_colunas:validar_tudo_detalhado:271 - DataFrame reprovado na validação das Colunas Financeiras (12-15). Encontrados valores monetários com mais de 2 casas decimais.
2026-08-13 13:49:21.678 | INFO    |src.services.processamento_service:_validar:482 - Resultado das validações para o arquivo do tipo 'detraf': {'v_col1_2': True, 'v_col2_vivo': True, 'v_col3': True, 'v_col4': True, 'v_col8': True, 'v_col9': True, 'v_col10': True, 'v_col11': True, 'v_col12_15': False, 'v_tarifas_remuneradas': False}
2026-08-13 13:49:21.687 | WARNING |src.services.processamento_service:_processar_arquivo:262 - Arquivo [Detraf Credora Mundo (EOT A04) x Devedora Vivo (EOT 030) - Agosto.2026.csv] rejeitado: regras de coluna não atendidas.
  Colunas 12 a 15 (valores financeiros): os valores financeiros admitem no máximo 2 casas decimais.
  Tarifas remuneradas: há linhas cuja tarifa não corresponde à tarifa regulada vigente para a região, o grupo horário e o mês de tráfego da linha.
2026-08-13 13:49:22.143 | INFO    |src.services.processamento_service:_reprovar:533 - [Layout] Motivo da recusa gravado em [Detraf Credora Mundo (EOT A04) x Devedora Vivo (EOT 030) - Agosto.2026_RECUSADO.md].
2026-08-13 13:49:22.146 | INFO    |comum.dados.repositorio_cache:salvar_dados_tabela_despesa:262 - Inserindo 1 registro(s) em [tbl_rpa_log_detraf_despesa_arquivos].
2026-08-13 13:49:22.158 | INFO    |comum.dados.repositorio_cache:salvar_dados_tabela_despesa:262 - 1 registro(s) persistidos em [tbl_rpa_log_detraf_despesa_arquivos].
2026-08-13 13:49:22.159 | WARNING |src.services.processamento_service:_processar_arquivo:264 - [RPA 1] 'Detraf Credora Mundo (EOT A04) x Devedora Vivo (EOT 030) - Agosto.2026.csv' REPROVADO na validação — quarentena em [C:\projetos\MVP2\MVP2\MVP2\DETRAF-UNIFICADO\unificado\arquivos\_QUARENTENA\202607\Detraf Credora Mundo (EOT A04) x Devedora Vivo (EOT 030) - Agosto.2026].
2026-08-13 13:49:22.232 | INFO    |comum.dominio.validacao_colunas:validar_tudo_detalhado:252 - Validação de tarifas concluída | Total: 1 | Válidas: 0 | Inválidas: 1 | Resultado final: False
2026-08-13 13:49:22.238 | INFO    |comum.dominio.validacao_colunas:validar_tudo_detalhado:271 - DataFrame reprovado na validação das Colunas Financeiras (12-15). Encontrados valores monetários com mais de 2 casas decimais.
2026-08-13 13:49:22.238 | INFO    |src.services.processamento_service:_validar:482 - Resultado das validações para o arquivo do tipo 'detraf': {'v_col1_2': True, 'v_col2_vivo': True, 'v_col3': True, 'v_col4': True, 'v_col8': True, 'v_col9': True, 'v_col10': True, 'v_col11': True, 'v_col12_15': False, 'v_tarifas_remuneradas': False}
2026-08-13 13:49:22.238 | WARNING |src.services.processamento_service:_processar_arquivo:262 - Arquivo [Detraf Credora Mundo (EOT A04) x Devedora Vivo (EOT 931) - Agosto.2026.csv] rejeitado: regras de coluna não atendidas.
  Colunas 12 a 15 (valores financeiros): os valores financeiros admitem no máximo 2 casas decimais.
  Tarifas remuneradas: há linhas cuja tarifa não corresponde à tarifa regulada vigente para a região, o grupo horário e o mês de tráfego da linha.
2026-08-13 13:49:22.246 | INFO    |src.services.processamento_service:_reprovar:533 - [Layout] Motivo da recusa gravado em [Detraf Credora Mundo (EOT A04) x Devedora Vivo (EOT 931) - Agosto.2026_RECUSADO.md].
2026-08-13 13:49:22.247 | INFO    |comum.dados.repositorio_cache:salvar_dados_tabela_despesa:262 - Inserindo 1 registro(s) em [tbl_rpa_log_detraf_despesa_arquivos].
2026-08-13 13:49:22.256 | INFO    |comum.dados.repositorio_cache:salvar_dados_tabela_despesa:262 - 1 registro(s) persistidos em [tbl_rpa_log_detraf_despesa_arquivos].
2026-08-13 13:49:22.256 | WARNING |src.services.processamento_service:_processar_arquivo:264 - [RPA 1] 'Detraf Credora Mundo (EOT A04) x Devedora Vivo (EOT 931) - Agosto.2026.csv' REPROVADO na validação — quarentena em [C:\projetos\MVP2\MVP2\MVP2\DETRAF-UNIFICADO\unificado\arquivos\_QUARENTENA\202607\Detraf Credora Mundo (EOT A04) x Devedora Vivo (EOT 931) - Agosto.2026].
2026-08-13 13:49:22.297 | INFO    |src.services.processamento_service:_validar:482 - Resultado das validações para o arquivo do tipo 'detraf': {'v_col1_2': True, 'v_col2_vivo': True, 'v_col3': True, 'v_col4': True, 'v_col8': True, 'v_col9': True, 'v_col10': True, 'v_col11': True, 'v_col12_15': True, 'v_tarifas_remuneradas': True}
2026-08-13 13:49:22.307 | WARNING |src.services.processamento_service:_processar_arquivo:297 - Estrutura do mês anterior não encontrada em 'C:\projetos\MVP2\MVP2\MVP2\DETRAF-UNIFICADO\unificado\arquivos\Operadoras\Sistel Fibra\2026\202606' — criando 'C:\projetos\MVP2\MVP2\MVP2\DETRAF-UNIFICADO\unificado\arquivos\Operadoras\Sistel Fibra\2026\202607' vazio.
2026-08-13 13:49:22.309 | INFO    |src.services.processamento_service:executar:145 - Processado com sucesso: SISTEL - 07.2026 - VIVO.xlsx (operadora identificada via 'eot')
2026-08-13 13:49:22.352 | INFO    |comum.dominio.validacao_colunas:validar_tudo_detalhado:269 - DataFrame reprovado na validação da Coluna 10 (Minutos). Encontrados valores com mais de 1 casa decimal.
2026-08-13 13:49:22.356 | INFO    |src.services.processamento_service:_validar:482 - Resultado das validações para o arquivo do tipo 'detraf': {'v_col1_2': True, 'v_col2_vivo': True, 'v_col3': True, 'v_col4': True, 'v_col8': True, 'v_col9': True, 'v_col10': False, 'v_col11': True, 'v_col12_15': True, 'v_tarifas_remuneradas': True}
2026-08-13 13:49:22.356 | WARNING |src.services.processamento_service:_processar_arquivo:262 - Arquivo [SEA - 07.2026 - VIVO.xlsx] rejeitado: regras de coluna não atendidas.
  Coluna 10 (Minutos): os minutos admitem no máximo 1 casa decimal.
2026-08-13 13:49:22.369 | INFO    |src.services.processamento_service:_reprovar:533 - [Layout] Motivo da recusa gravado em [SEA - 07.2026 - VIVO_RECUSADO.md].
2026-08-13 13:49:22.370 | INFO    |comum.dados.repositorio_cache:salvar_dados_tabela_despesa:262 - Inserindo 1 registro(s) em [tbl_rpa_log_detraf_despesa_arquivos].
2026-08-13 13:49:22.379 | INFO    |comum.dados.repositorio_cache:salvar_dados_tabela_despesa:262 - 1 registro(s) persistidos em [tbl_rpa_log_detraf_despesa_arquivos].
2026-08-13 13:49:22.380 | WARNING |src.services.processamento_service:_processar_arquivo:264 - [RPA 1] 'SEA - 07.2026 - VIVO.xlsx' REPROVADO na validação — quarentena em [C:\projetos\MVP2\MVP2\MVP2\DETRAF-UNIFICADO\unificado\arquivos\_QUARENTENA\202607\SEA - 07.2026 - VIVO].
2026-08-13 13:49:22.421 | INFO    |src.services.processamento_service:_validar:482 - Resultado das validações para o arquivo do tipo 'detraf': {'v_col1_2': True, 'v_col2_vivo': True, 'v_col3': True, 'v_col4': True, 'v_col8': True, 'v_col9': True, 'v_col10': True, 'v_col11': True, 'v_col12_15': True, 'v_tarifas_remuneradas': True}
2026-08-13 13:49:22.435 | WARNING |src.services.processamento_service:_processar_arquivo:297 - Estrutura do mês anterior não encontrada em 'C:\projetos\MVP2\MVP2\MVP2\DETRAF-UNIFICADO\unificado\arquivos\Operadoras\Unifique\2026\202606' — criando 'C:\projetos\MVP2\MVP2\MVP2\DETRAF-UNIFICADO\unificado\arquivos\Operadoras\Unifique\2026\202607' vazio.
2026-08-13 13:49:22.437 | INFO    |src.services.processamento_service:executar:145 - Processado com sucesso: 202607 Detraf C SMS SMP Unifique X SMP Telefonica Brasil.xlsx (operadora identificada via 'eot')
2026-08-13 13:49:22.479 | INFO    |comum.dominio.validacao_colunas:validar_tudo_detalhado:269 - DataFrame reprovado na validação da Coluna 10 (Minutos). Encontrados valores com mais de 1 casa decimal.
2026-08-13 13:49:22.483 | INFO    |src.services.processamento_service:_validar:482 - Resultado das validações para o arquivo do tipo 'detraf': {'v_col1_2': True, 'v_col2_vivo': True, 'v_col3': True, 'v_col4': True, 'v_col8': True, 'v_col9': True, 'v_col10': False, 'v_col11': True, 'v_col12_15': True, 'v_tarifas_remuneradas': True}
2026-08-13 13:49:22.483 | WARNING |src.services.processamento_service:_processar_arquivo:262 - Arquivo [RAMAL VIRTUAL - 07.2026  -  VIVO.xlsx] rejeitado: regras de coluna não atendidas.
  Coluna 10 (Minutos): os minutos admitem no máximo 1 casa decimal.
2026-08-13 13:49:22.525 | INFO    |src.services.processamento_service:_reprovar:533 - [Layout] Motivo da recusa gravado em [RAMAL VIRTUAL - 07.2026  -  VIVO_RECUSADO.md].
2026-08-13 13:49:22.528 | INFO    |comum.dados.repositorio_cache:salvar_dados_tabela_despesa:262 - Inserindo 1 registro(s) em [tbl_rpa_log_detraf_despesa_arquivos].
2026-08-13 13:49:22.538 | INFO    |comum.dados.repositorio_cache:salvar_dados_tabela_despesa:262 - 1 registro(s) persistidos em [tbl_rpa_log_detraf_despesa_arquivos].
2026-08-13 13:49:22.538 | WARNING |src.services.processamento_service:_processar_arquivo:264 - [RPA 1] 'RAMAL VIRTUAL - 07.2026  -  VIVO.xlsx' REPROVADO na validação — quarentena em [C:\projetos\MVP2\MVP2\MVP2\DETRAF-UNIFICADO\unificado\arquivos\_QUARENTENA\202607\RAMAL VIRTUAL - 07.2026  -  VIVO].
2026-08-13 13:49:22.590 | INFO    |comum.dominio.validacao_colunas:validar_tudo_detalhado:265 - DataFrame reprovado na validação da Coluna 3 (Referência). Esperado apenas: 202607
2026-08-13 13:49:22.597 | INFO    |src.services.processamento_service:_validar:482 - Resultado das validações para o arquivo do tipo 'detraf': {'v_col1_2': True, 'v_col2_vivo': True, 'v_col3': False, 'v_col4': True, 'v_col8': True, 'v_col9': True, 'v_col10': True, 'v_col11': True, 'v_col12_15': True, 'v_tarifas_remuneradas': True}
2026-08-13 13:49:22.598 | WARNING |src.services.processamento_service:_processar_arquivo:262 - Arquivo [ROCKETNET - 07.2026 - VIVO.xlsx] rejeitado: regras de coluna não atendidas.
  Coluna 3 (Referência): a referência precisa ser 202607 (AAAAMM) em todas as linhas.
2026-08-13 13:49:22.613 | INFO    |src.services.processamento_service:_reprovar:533 - [Layout] Motivo da recusa gravado em [ROCKETNET - 07.2026 - VIVO_RECUSADO.md].
2026-08-13 13:49:22.614 | INFO    |comum.dados.repositorio_cache:salvar_dados_tabela_despesa:262 - Inserindo 1 registro(s) em [tbl_rpa_log_detraf_despesa_arquivos].
2026-08-13 13:49:22.622 | INFO    |comum.dados.repositorio_cache:salvar_dados_tabela_despesa:262 - 1 registro(s) persistidos em [tbl_rpa_log_detraf_despesa_arquivos].
2026-08-13 13:49:22.622 | WARNING |src.services.processamento_service:_processar_arquivo:264 - [RPA 1] 'ROCKETNET - 07.2026 - VIVO.xlsx' REPROVADO na validação — quarentena em [C:\projetos\MVP2\MVP2\MVP2\DETRAF-UNIFICADO\unificado\arquivos\_QUARENTENA\202607\ROCKETNET - 07.2026 - VIVO].
2026-08-13 13:49:22.654 | INFO    |src.services.processamento_service:_validar:482 - Resultado das validações para o arquivo do tipo 'detraf': {'v_col1_2': True, 'v_col2_vivo': True, 'v_col3': True, 'v_col4': True, 'v_col8': True, 'v_col9': True, 'v_col10': True, 'v_col11': True, 'v_col12_15': True, 'v_tarifas_remuneradas': True}
2026-08-13 13:49:22.659 | INFO    |src.services.processamento_service:executar:145 - Processado com sucesso: 20260806103500_655_030_detraf_203.csv (operadora identificada via 'eot')
2026-08-13 13:49:22.705 | INFO    |comum.dominio.validacao_colunas:validar_tudo_detalhado:269 - DataFrame reprovado na validação da Coluna 10 (Minutos). Encontrados valores com mais de 1 casa decimal.
2026-08-13 13:49:22.709 | INFO    |src.services.processamento_service:_validar:482 - Resultado das validações para o arquivo do tipo 'detraf': {'v_col1_2': True, 'v_col2_vivo': True, 'v_col3': True, 'v_col4': True, 'v_col8': True, 'v_col9': True, 'v_col10': False, 'v_col11': True, 'v_col12_15': True, 'v_tarifas_remuneradas': True}
2026-08-13 13:49:22.709 | WARNING |src.services.processamento_service:_processar_arquivo:262 - Arquivo [202607 Detraf RS-SC C LD STFC Unifique X STFC Telefonica Brasil.xlsx] rejeitado: regras de coluna não atendidas.
  Coluna 10 (Minutos): os minutos admitem no máximo 1 casa decimal.
2026-08-13 13:49:22.727 | INFO    |src.services.processamento_service:_reprovar:533 - [Layout] Motivo da recusa gravado em [202607 Detraf RS-SC C LD STFC Unifique X STFC Telefonica Brasil_RECUSADO.md].
2026-08-13 13:49:22.728 | INFO    |comum.dados.repositorio_cache:salvar_dados_tabela_despesa:262 - Inserindo 1 registro(s) em [tbl_rpa_log_detraf_despesa_arquivos].
2026-08-13 13:49:22.735 | INFO    |comum.dados.repositorio_cache:salvar_dados_tabela_despesa:262 - 1 registro(s) persistidos em [tbl_rpa_log_detraf_despesa_arquivos].
2026-08-13 13:49:22.736 | WARNING |src.services.processamento_service:_processar_arquivo:264 - [RPA 1] '202607 Detraf RS-SC C LD STFC Unifique X STFC Telefonica Brasil.xlsx' REPROVADO na validação — quarentena em [C:\projetos\MVP2\MVP2\MVP2\DETRAF-UNIFICADO\unificado\arquivos\_QUARENTENA\202607\202607 Detraf RS-SC C LD STFC Unifique X STFC Telefonica Brasil].
2026-08-13 13:49:22.774 | INFO    |src.services.processamento_service:_validar:482 - Resultado das validações para o arquivo do tipo 'detraf': {'v_col1_2': True, 'v_col2_vivo': True, 'v_col3': True, 'v_col4': True, 'v_col8': True, 'v_col9': True, 'v_col10': True, 'v_col11': True, 'v_col12_15': True, 'v_tarifas_remuneradas': True}
2026-08-13 13:49:22.786 | WARNING |src.services.processamento_service:_processar_arquivo:297 - Estrutura do mês anterior não encontrada em 'C:\projetos\MVP2\MVP2\MVP2\DETRAF-UNIFICADO\unificado\arquivos\Operadoras\Megalink Servicos\2026\202606' — criando 'C:\projetos\MVP2\MVP2\MVP2\DETRAF-UNIFICADO\unificado\arquivos\Operadoras\Megalink Servicos\2026\202607' vazio.
2026-08-13 13:49:22.788 | INFO    |src.services.processamento_service:executar:145 - Processado com sucesso: MEGALINK - 07.2026  -  VIVO.xlsx (operadora identificada via 'eot')
2026-08-13 13:49:22.846 | INFO    |comum.dominio.validacao_colunas:validar_tudo_detalhado:269 - DataFrame reprovado na validação da Coluna 10 (Minutos). Encontrados valores com mais de 1 casa decimal.
2026-08-13 13:49:22.851 | INFO    |src.services.processamento_service:_validar:482 - Resultado das validações para o arquivo do tipo 'detraf': {'v_col1_2': True, 'v_col2_vivo': True, 'v_col3': True, 'v_col4': True, 'v_col8': True, 'v_col9': True, 'v_col10': False, 'v_col11': True, 'v_col12_15': True, 'v_tarifas_remuneradas': True}
2026-08-13 13:49:22.852 | WARNING |src.services.processamento_service:_processar_arquivo:262 - Arquivo [ITANET -  07.2026 - VIVO.xlsx] rejeitado: regras de coluna não atendidas.
  Coluna 10 (Minutos): os minutos admitem no máximo 1 casa decimal.
2026-08-13 13:49:22.871 | INFO    |src.services.processamento_service:_reprovar:533 - [Layout] Motivo da recusa gravado em [ITANET -  07.2026 - VIVO_RECUSADO.md].
2026-08-13 13:49:22.873 | INFO    |comum.dados.repositorio_cache:salvar_dados_tabela_despesa:262 - Inserindo 1 registro(s) em [tbl_rpa_log_detraf_despesa_arquivos].
2026-08-13 13:49:22.898 | INFO    |comum.dados.repositorio_cache:salvar_dados_tabela_despesa:262 - 1 registro(s) persistidos em [tbl_rpa_log_detraf_despesa_arquivos].
2026-08-13 13:49:22.899 | WARNING |src.services.processamento_service:_processar_arquivo:264 - [RPA 1] 'ITANET -  07.2026 - VIVO.xlsx' REPROVADO na validação — quarentena em [C:\projetos\MVP2\MVP2\MVP2\DETRAF-UNIFICADO\unificado\arquivos\_QUARENTENA\202607\ITANET -  07.2026 - VIVO].
2026-08-13 13:49:22.955 | INFO    |comum.dominio.validacao_colunas:validar_tudo_detalhado:269 - DataFrame reprovado na validação da Coluna 10 (Minutos). Encontrados valores com mais de 1 casa decimal.
2026-08-13 13:49:22.960 | INFO    |src.services.processamento_service:_validar:482 - Resultado das validações para o arquivo do tipo 'detraf': {'v_col1_2': True, 'v_col2_vivo': True, 'v_col3': True, 'v_col4': True, 'v_col8': True, 'v_col9': True, 'v_col10': False, 'v_col11': True, 'v_col12_15': True, 'v_tarifas_remuneradas': True}
2026-08-13 13:49:22.961 | WARNING |src.services.processamento_service:_processar_arquivo:262 - Arquivo [FORZA -  07.2026 - VIVO.xlsx] rejeitado: regras de coluna não atendidas.
  Coluna 10 (Minutos): os minutos admitem no máximo 1 casa decimal.
2026-08-13 13:49:22.973 | INFO    |src.services.processamento_service:_reprovar:533 - [Layout] Motivo da recusa gravado em [FORZA -  07.2026 - VIVO_RECUSADO.md].
2026-08-13 13:49:22.974 | INFO    |comum.dados.repositorio_cache:salvar_dados_tabela_despesa:262 - Inserindo 1 registro(s) em [tbl_rpa_log_detraf_despesa_arquivos].
2026-08-13 13:49:22.981 | INFO    |comum.dados.repositorio_cache:salvar_dados_tabela_despesa:262 - 1 registro(s) persistidos em [tbl_rpa_log_detraf_despesa_arquivos].
2026-08-13 13:49:22.982 | WARNING |src.services.processamento_service:_processar_arquivo:264 - [RPA 1] 'FORZA -  07.2026 - VIVO.xlsx' REPROVADO na validação — quarentena em [C:\projetos\MVP2\MVP2\MVP2\DETRAF-UNIFICADO\unificado\arquivos\_QUARENTENA\202607\FORZA -  07.2026 - VIVO].
2026-08-13 13:49:23.004 | INFO    |comum.dominio.validacao_colunas:validar_tudo_detalhado:249 - DataFrame reprovado na validação da Coluna 2 (EOT Vivo). Encontrados códigos de operadoras que não correspondem aos nomes fantasia da Vivo.
2026-08-13 13:49:23.026 | INFO    |comum.dominio.validacao_colunas:validar_tudo_detalhado:252 - Validação de tarifas concluída | Total: 21 | Válidas: 8 | Inválidas: 13 | Resultado final: False
2026-08-13 13:49:23.034 | INFO    |src.services.processamento_service:_validar:482 - Resultado das validações para o arquivo do tipo 'detraf': {'v_col1_2': True, 'v_col2_vivo': False, 'v_col3': True, 'v_col4': True, 'v_col8': True, 'v_col9': True, 'v_col10': True, 'v_col11': True, 'v_col12_15': True, 'v_tarifas_remuneradas': False}
2026-08-13 13:49:23.034 | WARNING |src.services.processamento_service:_processar_arquivo:262 - Arquivo [GMARX - 07.2026 - VIVO.xlsx] rejeitado: regras de coluna não atendidas.
  Coluna 2 (EOT da Vivo): a coluna da devedora traz EOT que não corresponde a nenhum nome fantasia da Vivo.
  Tarifas remuneradas: há linhas cuja tarifa não corresponde à tarifa regulada vigente para a região, o grupo horário e o mês de tráfego da linha.
2026-08-13 13:49:23.047 | INFO    |src.services.processamento_service:_reprovar:533 - [Layout] Motivo da recusa gravado em [GMARX - 07.2026 - VIVO_RECUSADO.md].
2026-08-13 13:49:23.048 | INFO    |comum.dados.repositorio_cache:salvar_dados_tabela_despesa:262 - Inserindo 1 registro(s) em [tbl_rpa_log_detraf_despesa_arquivos].
2026-08-13 13:49:23.056 | INFO    |comum.dados.repositorio_cache:salvar_dados_tabela_despesa:262 - 1 registro(s) persistidos em [tbl_rpa_log_detraf_despesa_arquivos].
2026-08-13 13:49:23.056 | WARNING |src.services.processamento_service:_processar_arquivo:264 - [RPA 1] 'GMARX - 07.2026 - VIVO.xlsx' REPROVADO na validação — quarentena em [C:\projetos\MVP2\MVP2\MVP2\DETRAF-UNIFICADO\unificado\arquivos\_QUARENTENA\202607\GMARX - 07.2026 - VIVO].
2026-08-13 13:49:23.098 | INFO    |comum.dominio.validacao_colunas:validar_tudo_detalhado:269 - DataFrame reprovado na validação da Coluna 10 (Minutos). Encontrados valores com mais de 1 casa decimal.
2026-08-13 13:49:23.101 | INFO    |src.services.processamento_service:_validar:482 - Resultado das validações para o arquivo do tipo 'detraf': {'v_col1_2': True, 'v_col2_vivo': True, 'v_col3': True, 'v_col4': True, 'v_col8': True, 'v_col9': True, 'v_col10': False, 'v_col11': True, 'v_col12_15': True, 'v_tarifas_remuneradas': True}
2026-08-13 13:49:23.102 | WARNING |src.services.processamento_service:_processar_arquivo:262 - Arquivo [CDI - 07.2026 - VIVO.xlsx] rejeitado: regras de coluna não atendidas.
  Coluna 10 (Minutos): os minutos admitem no máximo 1 casa decimal.
2026-08-13 13:49:23.113 | INFO    |src.services.processamento_service:_reprovar:533 - [Layout] Motivo da recusa gravado em [CDI - 07.2026 - VIVO_RECUSADO.md].
2026-08-13 13:49:23.114 | INFO    |comum.dados.repositorio_cache:salvar_dados_tabela_despesa:262 - Inserindo 1 registro(s) em [tbl_rpa_log_detraf_despesa_arquivos].
2026-08-13 13:49:23.121 | INFO    |comum.dados.repositorio_cache:salvar_dados_tabela_despesa:262 - 1 registro(s) persistidos em [tbl_rpa_log_detraf_despesa_arquivos].
2026-08-13 13:49:23.122 | WARNING |src.services.processamento_service:_processar_arquivo:264 - [RPA 1] 'CDI - 07.2026 - VIVO.xlsx' REPROVADO na validação — quarentena em [C:\projetos\MVP2\MVP2\MVP2\DETRAF-UNIFICADO\unificado\arquivos\_QUARENTENA\202607\CDI - 07.2026 - VIVO].
2026-08-13 13:49:23.169 | INFO    |comum.dominio.validacao_colunas:validar_tudo_detalhado:269 - DataFrame reprovado na validação da Coluna 10 (Minutos). Encontrados valores com mais de 1 casa decimal.
2026-08-13 13:49:23.172 | INFO    |src.services.processamento_service:_validar:482 - Resultado das validações para o arquivo do tipo 'detraf': {'v_col1_2': True, 'v_col2_vivo': True, 'v_col3': True, 'v_col4': True, 'v_col8': True, 'v_col9': True, 'v_col10': False, 'v_col11': True, 'v_col12_15': True, 'v_tarifas_remuneradas': True}
2026-08-13 13:49:23.173 | WARNING |src.services.processamento_service:_processar_arquivo:262 - Arquivo [202607 Detraf RS-SC C LC STFC Unifique X SMP Telefonica Brasil.xlsx] rejeitado: regras de coluna não atendidas.
  Coluna 10 (Minutos): os minutos admitem no máximo 1 casa decimal.
2026-08-13 13:49:23.187 | INFO    |src.services.processamento_service:_reprovar:533 - [Layout] Motivo da recusa gravado em [202607 Detraf RS-SC C LC STFC Unifique X SMP Telefonica Brasil_RECUSADO.md].
2026-08-13 13:49:23.188 | INFO    |comum.dados.repositorio_cache:salvar_dados_tabela_despesa:262 - Inserindo 1 registro(s) em [tbl_rpa_log_detraf_despesa_arquivos].
2026-08-13 13:49:23.196 | INFO    |comum.dados.repositorio_cache:salvar_dados_tabela_despesa:262 - 1 registro(s) persistidos em [tbl_rpa_log_detraf_despesa_arquivos].
2026-08-13 13:49:23.196 | WARNING |src.services.processamento_service:_processar_arquivo:264 - [RPA 1] '202607 Detraf RS-SC C LC STFC Unifique X SMP Telefonica Brasil.xlsx' REPROVADO na validação — quarentena em [C:\projetos\MVP2\MVP2\MVP2\DETRAF-UNIFICADO\unificado\arquivos\_QUARENTENA\202607\202607 Detraf RS-SC C LC STFC Unifique X SMP Telefonica Brasil].
2026-08-13 13:49:23.198 | WARNING |src.services.processamento_service:_processar_arquivo:261 - [RPA 1] Não foi possível ler [DETRAT_DATORA_STFC_X_TELEFONICA_BRASIL___STFC_STFC_R_072026_V00.csv]: Erro ao processar a leitura do arquivo C:\projetos\MVP2\MVP2\MVP2\DETRAF-UNIFICADO\unificado\arquivos\Entrada\9D024E55DD250D4D00005211FBDF0000137D0D4C70E1CF4091747B97613AB5A60000A35B1B680000\DETRAT_DATORA_STFC_X_TELEFONICA_BRASIL___STFC_STFC_R_072026_V00.csv: 'utf-8' codec can't decode byte 0xca in position 28: invalid continuation byte
2026-08-13 13:49:23.204 | INFO    |src.services.processamento_service:_reprovar:533 - [Layout] Motivo da recusa gravado em [DETRAT_DATORA_STFC_X_TELEFONICA_BRASIL___STFC_STFC_R_072026_V00_RECUSADO.md].
2026-08-13 13:49:23.205 | INFO    |comum.dados.repositorio_cache:salvar_dados_tabela_despesa:262 - Inserindo 1 registro(s) em [tbl_rpa_log_detraf_despesa_arquivos].
2026-08-13 13:49:23.212 | INFO    |comum.dados.repositorio_cache:salvar_dados_tabela_despesa:262 - 1 registro(s) persistidos em [tbl_rpa_log_detraf_despesa_arquivos].
2026-08-13 13:49:23.213 | WARNING |src.services.processamento_service:_processar_arquivo:264 - [RPA 1] 'DETRAT_DATORA_STFC_X_TELEFONICA_BRASIL___STFC_STFC_R_072026_V00.csv' REPROVADO na validação — quarentena em [C:\projetos\MVP2\MVP2\MVP2\DETRAF-UNIFICADO\unificado\arquivos\_QUARENTENA\202607\DETRAT_DATORA_STFC_X_TELEFONICA_BRASIL___STFC_STFC_R_072026_V00].
2026-08-13 13:49:23.272 | WARNING |src.services.processamento_service:_processar_arquivo:262 - Arquivo [DETRAT_DATORA_STFC_X_TELEFONICA_BRASIL___STFC_STFC_R_072026_V00.xlsx] rejeitado: layout fora do padrão da V2.
  posição 7 (GH): esperado S, R, N ou D, encontrado "TNENL", "TNENI", "TNENI" [0/200 válidos]
  posição 8 (Chamadas): esperado número inteiro, encontrado "N", "N", "N" [0/200 válidos]
2026-08-13 13:49:23.287 | INFO    |src.services.processamento_service:_reprovar:533 - [Layout] Motivo da recusa gravado em [DETRAT_DATORA_STFC_X_TELEFONICA_BRASIL___STFC_STFC_R_072026_V00_RECUSADO.md].
2026-08-13 13:49:23.289 | INFO    |comum.dados.repositorio_cache:salvar_dados_tabela_despesa:262 - Inserindo 1 registro(s) em [tbl_rpa_log_detraf_despesa_arquivos].
2026-08-13 13:49:23.297 | INFO    |comum.dados.repositorio_cache:salvar_dados_tabela_despesa:262 - 1 registro(s) persistidos em [tbl_rpa_log_detraf_despesa_arquivos].
2026-08-13 13:49:23.298 | WARNING |src.services.processamento_service:_processar_arquivo:264 - [RPA 1] 'DETRAT_DATORA_STFC_X_TELEFONICA_BRASIL___STFC_STFC_R_072026_V00.xlsx' REPROVADO na validação — quarentena em [C:\projetos\MVP2\MVP2\MVP2\DETRAF-UNIFICADO\unificado\arquivos\_QUARENTENA\202607\DETRAT_DATORA_STFC_X_TELEFONICA_BRASIL___STFC_STFC_R_072026_V00].
2026-08-13 13:49:23.338 | INFO    |src.services.processamento_service:_validar:482 - Resultado das validações para o arquivo do tipo 'detraf': {'v_col1_2': True, 'v_col2_vivo': True, 'v_col3': True, 'v_col4': True, 'v_col8': True, 'v_col9': True, 'v_col10': True, 'v_col11': True, 'v_col12_15': True, 'v_tarifas_remuneradas': True}
2026-08-13 13:49:23.350 | WARNING |src.services.processamento_service:_processar_arquivo:297 - Estrutura do mês anterior não encontrada em 'C:\projetos\MVP2\MVP2\MVP2\DETRAF-UNIFICADO\unificado\arquivos\Operadoras\Atlanet Telecomunicacoes\2026\202606' — criando 'C:\projetos\MVP2\MVP2\MVP2\DETRAF-UNIFICADO\unificado\arquivos\Operadoras\Atlanet Telecomunicacoes\2026\202607' vazio.
2026-08-13 13:49:23.352 | INFO    |src.services.processamento_service:executar:145 - Processado com sucesso: ATLANET - 07.2026 - VIVO.xlsx (operadora identificada via 'eot')
2026-08-13 13:49:23.402 | INFO    |src.services.processamento_service:_validar:482 - Resultado das validações para o arquivo do tipo 'detraf': {'v_col1_2': True, 'v_col2_vivo': True, 'v_col3': True, 'v_col4': True, 'v_col8': True, 'v_col9': True, 'v_col10': True, 'v_col11': True, 'v_col12_15': True, 'v_tarifas_remuneradas': True}
2026-08-13 13:49:23.413 | INFO    |src.services.processamento_service:executar:145 - Processado com sucesso: Detraf_GLT912XVivo020_202607.xlsx (operadora identificada via 'eot')
2026-08-13 13:49:23.464 | INFO    |comum.dominio.validacao_colunas:validar_tudo_detalhado:252 - Validação de tarifas concluída | Total: 336 | Válidas: 325 | Inválidas: 11 | Resultado final: False
2026-08-13 13:49:23.467 | INFO    |comum.dominio.validacao_colunas:validar_tudo_detalhado:269 - DataFrame reprovado na validação da Coluna 10 (Minutos). Valores nulos ou não numéricos detectados.
2026-08-13 13:49:23.471 | INFO    |comum.dominio.validacao_colunas:validar_tudo_detalhado:271 - DataFrame reprovado na validação das Colunas Financeiras (12-15). Valores nulos ou não numéricos encontrados.
2026-08-13 13:49:23.471 | INFO    |src.services.processamento_service:_validar:482 - Resultado das validações para o arquivo do tipo 'detraf': {'v_col1_2': True, 'v_col2_vivo': True, 'v_col3': True, 'v_col4': True, 'v_col8': True, 'v_col9': True, 'v_col10': False, 'v_col11': True, 'v_col12_15': False, 'v_tarifas_remuneradas': False}
2026-08-13 13:49:23.472 | WARNING |src.services.processamento_service:_processar_arquivo:262 - Arquivo [detraf_202607_VIVO_SMP.csv] rejeitado: regras de coluna não atendidas.
  Coluna 10 (Minutos): os minutos admitem no máximo 1 casa decimal.
  Colunas 12 a 15 (valores financeiros): os valores financeiros admitem no máximo 2 casas decimais.
  Tarifas remuneradas: há linhas cuja tarifa não corresponde à tarifa regulada vigente para a região, o grupo horário e o mês de tráfego da linha.
2026-08-13 13:49:23.479 | INFO    |src.services.processamento_service:_reprovar:533 - [Layout] Motivo da recusa gravado em [detraf_202607_VIVO_SMP_RECUSADO.md].
2026-08-13 13:49:23.480 | INFO    |comum.dados.repositorio_cache:salvar_dados_tabela_despesa:262 - Inserindo 1 registro(s) em [tbl_rpa_log_detraf_despesa_arquivos].
2026-08-13 13:49:23.505 | INFO    |comum.dados.repositorio_cache:salvar_dados_tabela_despesa:262 - 1 registro(s) persistidos em [tbl_rpa_log_detraf_despesa_arquivos].
2026-08-13 13:49:23.506 | WARNING |src.services.processamento_service:_processar_arquivo:264 - [RPA 1] 'detraf_202607_VIVO_SMP.csv' REPROVADO na validação — quarentena em [C:\projetos\MVP2\MVP2\MVP2\DETRAF-UNIFICADO\unificado\arquivos\_QUARENTENA\202607\detraf_202607_VIVO_SMP].
2026-08-13 13:49:23.558 | INFO    |comum.dominio.validacao_colunas:validar_tudo_detalhado:269 - DataFrame reprovado na validação da Coluna 10 (Minutos). Valores nulos ou não numéricos detectados.
2026-08-13 13:49:23.562 | INFO    |comum.dominio.validacao_colunas:validar_tudo_detalhado:271 - DataFrame reprovado na validação das Colunas Financeiras (12-15). Valores nulos ou não numéricos encontrados.
2026-08-13 13:49:23.562 | INFO    |src.services.processamento_service:_validar:482 - Resultado das validações para o arquivo do tipo 'detraf': {'v_col1_2': True, 'v_col2_vivo': True, 'v_col3': True, 'v_col4': True, 'v_col8': True, 'v_col9': True, 'v_col10': False, 'v_col11': True, 'v_col12_15': False, 'v_tarifas_remuneradas': True}
2026-08-13 13:49:23.563 | WARNING |src.services.processamento_service:_processar_arquivo:262 - Arquivo [detraf_202607_VIVO_STFC.csv] rejeitado: regras de coluna não atendidas.
  Coluna 10 (Minutos): os minutos admitem no máximo 1 casa decimal.
  Colunas 12 a 15 (valores financeiros): os valores financeiros admitem no máximo 2 casas decimais.
2026-08-13 13:49:23.569 | INFO    |src.services.processamento_service:_reprovar:533 - [Layout] Motivo da recusa gravado em [detraf_202607_VIVO_STFC_RECUSADO.md].
2026-08-13 13:49:23.571 | INFO    |comum.dados.repositorio_cache:salvar_dados_tabela_despesa:262 - Inserindo 1 registro(s) em [tbl_rpa_log_detraf_despesa_arquivos].
2026-08-13 13:49:23.579 | INFO    |comum.dados.repositorio_cache:salvar_dados_tabela_despesa:262 - 1 registro(s) persistidos em [tbl_rpa_log_detraf_despesa_arquivos].
2026-08-13 13:49:23.580 | WARNING |src.services.processamento_service:_processar_arquivo:264 - [RPA 1] 'detraf_202607_VIVO_STFC.csv' REPROVADO na validação — quarentena em [C:\projetos\MVP2\MVP2\MVP2\DETRAF-UNIFICADO\unificado\arquivos\_QUARENTENA\202607\detraf_202607_VIVO_STFC].
2026-08-13 13:49:23.620 | INFO    |src.services.processamento_service:_validar:482 - Resultado das validações para o arquivo do tipo 'detraf': {'v_col1_2': True, 'v_col2_vivo': True, 'v_col3': True, 'v_col4': True, 'v_col8': True, 'v_col9': True, 'v_col10': True, 'v_col11': True, 'v_col12_15': True, 'v_tarifas_remuneradas': True}
2026-08-13 13:49:23.624 | INFO    |src.services.processamento_service:executar:145 - Processado com sucesso: 202607-C-DETRAF-LC-ADYLNET-TBRASMP.csv (operadora identificada via 'eot')
2026-08-13 13:49:23.670 | INFO    |src.services.processamento_service:_validar:482 - Resultado das validações para o arquivo do tipo 'detraf': {'v_col1_2': True, 'v_col2_vivo': True, 'v_col3': True, 'v_col4': True, 'v_col8': True, 'v_col9': True, 'v_col10': True, 'v_col11': True, 'v_col12_15': True, 'v_tarifas_remuneradas': True}
2026-08-13 13:49:23.675 | INFO    |src.services.processamento_service:executar:145 - Processado com sucesso: 202607-C-DETRAF-LD-ADYLNET-TBRASTFC.csv (operadora identificada via 'eot')
2026-08-13 13:49:23.720 | INFO    |comum.dominio.validacao_colunas:validar_tudo_detalhado:252 - Validação de tarifas concluída | Total: 49 | Válidas: 40 | Inválidas: 9 | Resultado final: False
2026-08-13 13:49:23.726 | INFO    |src.services.processamento_service:_validar:482 - Resultado das validações para o arquivo do tipo 'detraf': {'v_col1_2': True, 'v_col2_vivo': True, 'v_col3': True, 'v_col4': True, 'v_col8': True, 'v_col9': True, 'v_col10': True, 'v_col11': True, 'v_col12_15': True, 'v_tarifas_remuneradas': False}
2026-08-13 13:49:23.727 | WARNING |src.services.processamento_service:_processar_arquivo:262 - Arquivo [Detraf TVN Vivo_072026.csv] rejeitado: regras de coluna não atendidas.
  Tarifas remuneradas: há linhas cuja tarifa não corresponde à tarifa regulada vigente para a região, o grupo horário e o mês de tráfego da linha.
2026-08-13 13:49:23.734 | INFO    |src.services.processamento_service:_reprovar:533 - [Layout] Motivo da recusa gravado em [Detraf TVN Vivo_072026_RECUSADO.md].
2026-08-13 13:49:23.736 | INFO    |comum.dados.repositorio_cache:salvar_dados_tabela_despesa:262 - Inserindo 1 registro(s) em [tbl_rpa_log_detraf_despesa_arquivos].
2026-08-13 13:49:23.760 | INFO    |comum.dados.repositorio_cache:salvar_dados_tabela_despesa:262 - 1 registro(s) persistidos em [tbl_rpa_log_detraf_despesa_arquivos].
2026-08-13 13:49:23.761 | WARNING |src.services.processamento_service:_processar_arquivo:264 - [RPA 1] 'Detraf TVN Vivo_072026.csv' REPROVADO na validação — quarentena em [C:\projetos\MVP2\MVP2\MVP2\DETRAF-UNIFICADO\unificado\arquivos\_QUARENTENA\202607\Detraf TVN Vivo_072026].
2026-08-13 13:49:23.795 | INFO    |comum.dominio.validacao_colunas:validar_tudo_detalhado:252 - Validação de tarifas concluída | Total: 9 | Válidas: 2 | Inválidas: 7 | Resultado final: False
2026-08-13 13:49:23.798 | INFO    |comum.dominio.validacao_colunas:validar_tudo_detalhado:270 - DataFrame reprovado na validação da Coluna 11 (Tarifa). Encontrada tarifa zerada (0), o que não é permitido.
2026-08-13 13:49:23.800 | INFO    |src.services.processamento_service:_validar:482 - Resultado das validações para o arquivo do tipo 'detraf': {'v_col1_2': True, 'v_col2_vivo': True, 'v_col3': True, 'v_col4': True, 'v_col8': True, 'v_col9': True, 'v_col10': True, 'v_col11': False, 'v_col12_15': True, 'v_tarifas_remuneradas': False}
2026-08-13 13:49:23.800 | WARNING |src.services.processamento_service:_processar_arquivo:262 - Arquivo [Solução Network - VIVO (FIXA) - DETRAF - JULHO 2026.csv] rejeitado: regras de coluna não atendidas.
  Coluna 11 (Tarifa): a tarifa admite no máximo 5 casas decimais e não pode ser zero.
  Tarifas remuneradas: há linhas cuja tarifa não corresponde à tarifa regulada vigente para a região, o grupo horário e o mês de tráfego da linha.
2026-08-13 13:49:23.806 | INFO    |src.services.processamento_service:_reprovar:533 - [Layout] Motivo da recusa gravado em [Solução Network - VIVO (FIXA) - DETRAF - JULHO 2026_RECUSADO.md].
2026-08-13 13:49:23.807 | INFO    |comum.dados.repositorio_cache:salvar_dados_tabela_despesa:262 - Inserindo 1 registro(s) em [tbl_rpa_log_detraf_despesa_arquivos].
2026-08-13 13:49:23.814 | INFO    |comum.dados.repositorio_cache:salvar_dados_tabela_despesa:262 - 1 registro(s) persistidos em [tbl_rpa_log_detraf_despesa_arquivos].
2026-08-13 13:49:23.815 | WARNING |src.services.processamento_service:_processar_arquivo:264 - [RPA 1] 'Solução Network - VIVO (FIXA) - DETRAF - JULHO 2026.csv' REPROVADO na validação — quarentena em [C:\projetos\MVP2\MVP2\MVP2\DETRAF-UNIFICADO\unificado\arquivos\_QUARENTENA\202607\Solução Network - VIVO (FIXA) - DETRAF - JULHO 2026].
2026-08-13 13:49:23.849 | INFO    |comum.dominio.validacao_colunas:validar_tudo_detalhado:252 - Validação de tarifas concluída | Total: 19 | Válidas: 11 | Inválidas: 8 | Resultado final: False
2026-08-13 13:49:23.853 | INFO    |comum.dominio.validacao_colunas:validar_tudo_detalhado:270 - DataFrame reprovado na validação da Coluna 11 (Tarifa). Encontrada tarifa zerada (0), o que não é permitido.
2026-08-13 13:49:23.858 | INFO    |src.services.processamento_service:_validar:482 - Resultado das validações para o arquivo do tipo 'detraf': {'v_col1_2': True, 'v_col2_vivo': True, 'v_col3': True, 'v_col4': True, 'v_col8': True, 'v_col9': True, 'v_col10': True, 'v_col11': False, 'v_col12_15': True, 'v_tarifas_remuneradas': False}
2026-08-13 13:49:23.858 | WARNING |src.services.processamento_service:_processar_arquivo:262 - Arquivo [Solução Network - VIVO (MOVEL) - DETRAF - JULHO 2026.csv] rejeitado: regras de coluna não atendidas.
  Coluna 11 (Tarifa): a tarifa admite no máximo 5 casas decimais e não pode ser zero.
  Tarifas remuneradas: há linhas cuja tarifa não corresponde à tarifa regulada vigente para a região, o grupo horário e o mês de tráfego da linha.
2026-08-13 13:49:23.867 | INFO    |src.services.processamento_service:_reprovar:533 - [Layout] Motivo da recusa gravado em [Solução Network - VIVO (MOVEL) - DETRAF - JULHO 2026_RECUSADO.md].
2026-08-13 13:49:23.868 | INFO    |comum.dados.repositorio_cache:salvar_dados_tabela_despesa:262 - Inserindo 1 registro(s) em [tbl_rpa_log_detraf_despesa_arquivos].
2026-08-13 13:49:23.878 | INFO    |comum.dados.repositorio_cache:salvar_dados_tabela_despesa:262 - 1 registro(s) persistidos em [tbl_rpa_log_detraf_despesa_arquivos].
2026-08-13 13:49:23.879 | WARNING |src.services.processamento_service:_processar_arquivo:264 - [RPA 1] 'Solução Network - VIVO (MOVEL) - DETRAF - JULHO 2026.csv' REPROVADO na validação — quarentena em [C:\projetos\MVP2\MVP2\MVP2\DETRAF-UNIFICADO\unificado\arquivos\_QUARENTENA\202607\Solução Network - VIVO (MOVEL) - DETRAF - JULHO 2026].
2026-08-13 13:49:24.013 | WARNING |src.services.processamento_service:_processar_arquivo:261 - [RPA 1] Não foi possível ler [DÉBITOS VIVO.xlsx]: Erro ao processar a leitura do arquivo C:\projetos\MVP2\MVP2\MVP2\DETRAF-UNIFICADO\unificado\arquivos\Entrada\9D024E55DD250D4D00005211FBDF0000137D0D4C70E1CF4091747B97613AB5A60000A35B1B6F0000\DÉBITOS VIVO.xlsx: expected string or bytes-like object, got 'float'
2026-08-13 13:49:24.025 | INFO    |src.services.processamento_service:_reprovar:533 - [Layout] Motivo da recusa gravado em [DÉBITOS VIVO_RECUSADO.md].
2026-08-13 13:49:24.028 | INFO    |comum.dados.repositorio_cache:salvar_dados_tabela_despesa:262 - Inserindo 1 registro(s) em [tbl_rpa_log_detraf_despesa_arquivos].
2026-08-13 13:49:24.053 | INFO    |comum.dados.repositorio_cache:salvar_dados_tabela_despesa:262 - 1 registro(s) persistidos em [tbl_rpa_log_detraf_despesa_arquivos].
2026-08-13 13:49:24.053 | WARNING |src.services.processamento_service:_processar_arquivo:264 - [RPA 1] 'DÉBITOS VIVO.xlsx' REPROVADO na validação — quarentena em [C:\projetos\MVP2\MVP2\MVP2\DETRAF-UNIFICADO\unificado\arquivos\_QUARENTENA\202607\DÉBITOS VIVO].
2026-08-13 13:49:24.097 | WARNING |src.services.processamento_service:_processar_arquivo:261 - [RPA 1] Não foi possível ler [EC FALE SEMPRE - 202605.xlsx]: Erro ao processar a leitura do arquivo C:\projetos\MVP2\MVP2\MVP2\DETRAF-UNIFICADO\unificado\arquivos\Entrada\9D024E55DD250D4D00005211FBDF0000137D0D4C70E1CF4091747B97613AB5A60000A35B1B6F0000\EC FALE SEMPRE - 202605.xlsx: expected string or bytes-like object, got 'float'
2026-08-13 13:49:24.130 | INFO    |src.services.processamento_service:_reprovar:533 - [Layout] Motivo da recusa gravado em [EC FALE SEMPRE - 202605_RECUSADO.md].
2026-08-13 13:49:24.131 | INFO    |comum.dados.repositorio_cache:salvar_dados_tabela_despesa:262 - Inserindo 1 registro(s) em [tbl_rpa_log_detraf_despesa_arquivos].
2026-08-13 13:49:24.139 | INFO    |comum.dados.repositorio_cache:salvar_dados_tabela_despesa:262 - 1 registro(s) persistidos em [tbl_rpa_log_detraf_despesa_arquivos].
2026-08-13 13:49:24.139 | WARNING |src.services.processamento_service:_processar_arquivo:264 - [RPA 1] 'EC FALE SEMPRE - 202605.xlsx' REPROVADO na validação — quarentena em [C:\projetos\MVP2\MVP2\MVP2\DETRAF-UNIFICADO\unificado\arquivos\_QUARENTENA\202607\EC FALE SEMPRE - 202605].
2026-08-13 13:49:24.174 | WARNING |src.services.processamento_service:_processar_arquivo:261 - [RPA 1] Não foi possível ler [EC VIVO - FSM 202602.xlsx]: Erro ao processar a leitura do arquivo C:\projetos\MVP2\MVP2\MVP2\DETRAF-UNIFICADO\unificado\arquivos\Entrada\9D024E55DD250D4D00005211FBDF0000137D0D4C70E1CF4091747B97613AB5A60000A35B1B6F0000\EC VIVO - FSM 202602.xlsx: expected string or bytes-like object, got 'float'
2026-08-13 13:49:24.197 | INFO    |src.services.processamento_service:_reprovar:533 - [Layout] Motivo da recusa gravado em [EC VIVO - FSM 202602_RECUSADO.md].
2026-08-13 13:49:24.199 | INFO    |comum.dados.repositorio_cache:salvar_dados_tabela_despesa:262 - Inserindo 1 registro(s) em [tbl_rpa_log_detraf_despesa_arquivos].
2026-08-13 13:49:24.209 | INFO    |comum.dados.repositorio_cache:salvar_dados_tabela_despesa:262 - 1 registro(s) persistidos em [tbl_rpa_log_detraf_despesa_arquivos].
2026-08-13 13:49:24.210 | WARNING |src.services.processamento_service:_processar_arquivo:264 - [RPA 1] 'EC VIVO - FSM 202602.xlsx' REPROVADO na validação — quarentena em [C:\projetos\MVP2\MVP2\MVP2\DETRAF-UNIFICADO\unificado\arquivos\_QUARENTENA\202607\EC VIVO - FSM 202602].
2026-08-13 13:49:24.258 | WARNING |src.services.processamento_service:_processar_arquivo:261 - [RPA 1] Não foi possível ler [EC VIVO FSM 202606.xlsx]: Erro ao processar a leitura do arquivo C:\projetos\MVP2\MVP2\MVP2\DETRAF-UNIFICADO\unificado\arquivos\Entrada\9D024E55DD250D4D00005211FBDF0000137D0D4C70E1CF4091747B97613AB5A60000A35B1B6F0000\EC VIVO FSM 202606.xlsx: expected string or bytes-like object, got 'float'
2026-08-13 13:49:24.288 | INFO    |src.services.processamento_service:_reprovar:533 - [Layout] Motivo da recusa gravado em [EC VIVO FSM 202606_RECUSADO.md].
2026-08-13 13:49:24.289 | INFO    |comum.dados.repositorio_cache:salvar_dados_tabela_despesa:262 - Inserindo 1 registro(s) em [tbl_rpa_log_detraf_despesa_arquivos].
2026-08-13 13:49:24.297 | INFO    |comum.dados.repositorio_cache:salvar_dados_tabela_despesa:262 - 1 registro(s) persistidos em [tbl_rpa_log_detraf_despesa_arquivos].
2026-08-13 13:49:24.298 | WARNING |src.services.processamento_service:_processar_arquivo:264 - [RPA 1] 'EC VIVO FSM 202606.xlsx' REPROVADO na validação — quarentena em [C:\projetos\MVP2\MVP2\MVP2\DETRAF-UNIFICADO\unificado\arquivos\_QUARENTENA\202607\EC VIVO FSM 202606].
2026-08-13 13:49:24.340 | WARNING |src.services.processamento_service:_processar_arquivo:261 - [RPA 1] Não foi possível ler [EC VIVO AGERA 202606.xlsx]: Erro ao processar a leitura do arquivo C:\projetos\MVP2\MVP2\MVP2\DETRAF-UNIFICADO\unificado\arquivos\Entrada\9D024E55DD250D4D00005211FBDF0000137D0D4C70E1CF4091747B97613AB5A60000A35B1B700000\EC VIVO AGERA 202606.xlsx: expected string or bytes-like object, got 'float'
2026-08-13 13:49:24.372 | INFO    |src.services.processamento_service:_reprovar:533 - [Layout] Motivo da recusa gravado em [EC VIVO AGERA 202606_RECUSADO.md].
2026-08-13 13:49:24.374 | INFO    |comum.dados.repositorio_cache:salvar_dados_tabela_despesa:262 - Inserindo 1 registro(s) em [tbl_rpa_log_detraf_despesa_arquivos].
2026-08-13 13:49:24.382 | INFO    |comum.dados.repositorio_cache:salvar_dados_tabela_despesa:262 - 1 registro(s) persistidos em [tbl_rpa_log_detraf_despesa_arquivos].
2026-08-13 13:49:24.382 | WARNING |src.services.processamento_service:_processar_arquivo:264 - [RPA 1] 'EC VIVO AGERA 202606.xlsx' REPROVADO na validação — quarentena em [C:\projetos\MVP2\MVP2\MVP2\DETRAF-UNIFICADO\unificado\arquivos\_QUARENTENA\202607\EC VIVO AGERA 202606].
2026-08-13 13:49:24.422 | WARNING |src.services.processamento_service:_processar_arquivo:261 - [RPA 1] Não foi possível ler [EC VIVO FSM 202604.xlsx]: Erro ao processar a leitura do arquivo C:\projetos\MVP2\MVP2\MVP2\DETRAF-UNIFICADO\unificado\arquivos\Entrada\9D024E55DD250D4D00005211FBDF0000137D0D4C70E1CF4091747B97613AB5A60000A35B1B710000\EC VIVO FSM 202604.xlsx: expected string or bytes-like object, got 'float'
2026-08-13 13:49:24.447 | INFO    |src.services.processamento_service:_reprovar:533 - [Layout] Motivo da recusa gravado em [EC VIVO FSM 202604_RECUSADO.md].
2026-08-13 13:49:24.448 | INFO    |comum.dados.repositorio_cache:salvar_dados_tabela_despesa:262 - Inserindo 1 registro(s) em [tbl_rpa_log_detraf_despesa_arquivos].
2026-08-13 13:49:24.458 | INFO    |comum.dados.repositorio_cache:salvar_dados_tabela_despesa:262 - 1 registro(s) persistidos em [tbl_rpa_log_detraf_despesa_arquivos].
2026-08-13 13:49:24.458 | WARNING |src.services.processamento_service:_processar_arquivo:264 - [RPA 1] 'EC VIVO FSM 202604.xlsx' REPROVADO na validação — quarentena em [C:\projetos\MVP2\MVP2\MVP2\DETRAF-UNIFICADO\unificado\arquivos\_QUARENTENA\202607\EC VIVO FSM 202604].
2026-08-13 13:49:24.535 | WARNING |src.services.processamento_service:_processar_arquivo:261 - [RPA 1] Não foi possível ler [EC VIVO FSM 202605.xlsx]: Erro ao processar a leitura do arquivo C:\projetos\MVP2\MVP2\MVP2\DETRAF-UNIFICADO\unificado\arquivos\Entrada\9D024E55DD250D4D00005211FBDF0000137D0D4C70E1CF4091747B97613AB5A60000A35B1B710000\EC VIVO FSM 202605.xlsx: expected string or bytes-like object, got 'float'
2026-08-13 13:49:24.572 | INFO    |src.services.processamento_service:_reprovar:533 - [Layout] Motivo da recusa gravado em [EC VIVO FSM 202605_RECUSADO.md].
2026-08-13 13:49:24.573 | INFO    |comum.dados.repositorio_cache:salvar_dados_tabela_despesa:262 - Inserindo 1 registro(s) em [tbl_rpa_log_detraf_despesa_arquivos].
2026-08-13 13:49:24.609 | INFO    |comum.dados.repositorio_cache:salvar_dados_tabela_despesa:262 - 1 registro(s) persistidos em [tbl_rpa_log_detraf_despesa_arquivos].
2026-08-13 13:49:24.609 | WARNING |src.services.processamento_service:_processar_arquivo:264 - [RPA 1] 'EC VIVO FSM 202605.xlsx' REPROVADO na validação — quarentena em [C:\projetos\MVP2\MVP2\MVP2\DETRAF-UNIFICADO\unificado\arquivos\_QUARENTENA\202607\EC VIVO FSM 202605].
2026-08-13 13:49:24.654 | WARNING |src.services.processamento_service:_processar_arquivo:261 - [RPA 1] Não foi possível ler [EC VIVO FSM 202606.xlsx]: Erro ao processar a leitura do arquivo C:\projetos\MVP2\MVP2\MVP2\DETRAF-UNIFICADO\unificado\arquivos\Entrada\9D024E55DD250D4D00005211FBDF0000137D0D4C70E1CF4091747B97613AB5A60000A35B1B710000\EC VIVO FSM 202606.xlsx: expected string or bytes-like object, got 'float'
2026-08-13 13:49:24.684 | INFO    |src.services.processamento_service:_reprovar:533 - [Layout] Motivo da recusa gravado em [EC VIVO FSM 202606_RECUSADO.md].
2026-08-13 13:49:24.685 | INFO    |comum.dados.repositorio_cache:salvar_dados_tabela_despesa:262 - Inserindo 1 registro(s) em [tbl_rpa_log_detraf_despesa_arquivos].
2026-08-13 13:49:24.694 | INFO    |comum.dados.repositorio_cache:salvar_dados_tabela_despesa:262 - 1 registro(s) persistidos em [tbl_rpa_log_detraf_despesa_arquivos].
2026-08-13 13:49:24.694 | WARNING |src.services.processamento_service:_processar_arquivo:264 - [RPA 1] 'EC VIVO FSM 202606.xlsx' REPROVADO na validação — quarentena em [C:\projetos\MVP2\MVP2\MVP2\DETRAF-UNIFICADO\unificado\arquivos\_QUARENTENA\202607\EC VIVO FSM 202606].
2026-08-13 13:49:24.732 | WARNING |src.services.processamento_service:_processar_arquivo:261 - [RPA 1] Não foi possível ler [EC INTEREDE 202604.xlsx]: Erro ao processar a leitura do arquivo C:\projetos\MVP2\MVP2\MVP2\DETRAF-UNIFICADO\unificado\arquivos\Entrada\9D024E55DD250D4D00005211FBDF0000137D0D4C70E1CF4091747B97613AB5A60000A35B1B720000\EC INTEREDE 202604.xlsx: expected string or bytes-like object, got 'float'
2026-08-13 13:49:24.754 | INFO    |src.services.processamento_service:_reprovar:533 - [Layout] Motivo da recusa gravado em [EC INTEREDE 202604_RECUSADO.md].
2026-08-13 13:49:24.755 | INFO    |comum.dados.repositorio_cache:salvar_dados_tabela_despesa:262 - Inserindo 1 registro(s) em [tbl_rpa_log_detraf_despesa_arquivos].
2026-08-13 13:49:24.766 | INFO    |comum.dados.repositorio_cache:salvar_dados_tabela_despesa:262 - 1 registro(s) persistidos em [tbl_rpa_log_detraf_despesa_arquivos].
2026-08-13 13:49:24.766 | WARNING |src.services.processamento_service:_processar_arquivo:264 - [RPA 1] 'EC INTEREDE 202604.xlsx' REPROVADO na validação — quarentena em [C:\projetos\MVP2\MVP2\MVP2\DETRAF-UNIFICADO\unificado\arquivos\_QUARENTENA\202607\EC INTEREDE 202604].
2026-08-13 13:49:24.823 | WARNING |src.services.processamento_service:_processar_arquivo:261 - [RPA 1] Não foi possível ler [EC INTEREDE 202605.xlsx]: Erro ao processar a leitura do arquivo C:\projetos\MVP2\MVP2\MVP2\DETRAF-UNIFICADO\unificado\arquivos\Entrada\9D024E55DD250D4D00005211FBDF0000137D0D4C70E1CF4091747B97613AB5A60000A35B1B720000\EC INTEREDE 202605.xlsx: expected string or bytes-like object, got 'float'
2026-08-13 13:49:24.873 | INFO    |src.services.processamento_service:_reprovar:533 - [Layout] Motivo da recusa gravado em [EC INTEREDE 202605_RECUSADO.md].
2026-08-13 13:49:24.874 | INFO    |comum.dados.repositorio_cache:salvar_dados_tabela_despesa:262 - Inserindo 1 registro(s) em [tbl_rpa_log_detraf_despesa_arquivos].
2026-08-13 13:49:24.913 | INFO    |comum.dados.repositorio_cache:salvar_dados_tabela_despesa:262 - 1 registro(s) persistidos em [tbl_rpa_log_detraf_despesa_arquivos].
2026-08-13 13:49:24.914 | WARNING |src.services.processamento_service:_processar_arquivo:264 - [RPA 1] 'EC INTEREDE 202605.xlsx' REPROVADO na validação — quarentena em [C:\projetos\MVP2\MVP2\MVP2\DETRAF-UNIFICADO\unificado\arquivos\_QUARENTENA\202607\EC INTEREDE 202605].
2026-08-13 13:49:24.974 | WARNING |src.services.processamento_service:_processar_arquivo:261 - [RPA 1] Não foi possível ler [EC INTEREDE 202606.xlsx]: Erro ao processar a leitura do arquivo C:\projetos\MVP2\MVP2\MVP2\DETRAF-UNIFICADO\unificado\arquivos\Entrada\9D024E55DD250D4D00005211FBDF0000137D0D4C70E1CF4091747B97613AB5A60000A35B1B720000\EC INTEREDE 202606.xlsx: expected string or bytes-like object, got 'float'
2026-08-13 13:49:25.031 | INFO    |src.services.processamento_service:_reprovar:533 - [Layout] Motivo da recusa gravado em [EC INTEREDE 202606_RECUSADO.md].
2026-08-13 13:49:25.033 | INFO    |comum.dados.repositorio_cache:salvar_dados_tabela_despesa:262 - Inserindo 1 registro(s) em [tbl_rpa_log_detraf_despesa_arquivos].
2026-08-13 13:49:25.042 | INFO    |comum.dados.repositorio_cache:salvar_dados_tabela_despesa:262 - 1 registro(s) persistidos em [tbl_rpa_log_detraf_despesa_arquivos].
2026-08-13 13:49:25.043 | WARNING |src.services.processamento_service:_processar_arquivo:264 - [RPA 1] 'EC INTEREDE 202606.xlsx' REPROVADO na validação — quarentena em [C:\projetos\MVP2\MVP2\MVP2\DETRAF-UNIFICADO\unificado\arquivos\_QUARENTENA\202607\EC INTEREDE 202606].
2026-08-13 13:49:25.045 | WARNING |src.services.notificacao_operadora:notificar_arquivos_recusados:74 - [RPA 1] 'Claro SMP - Receita - Rede SIP - 07.2026 - Enviado TLF.xlsx' foi reprovado, mas não há e-mail de origem para responder (sem entry_id e sem rastreamento). É o esperado numa pasta preparada à mão.
2026-08-13 13:49:25.046 | INFO    |src.services.processamento_service:executar:151 - [RPA 1] E-mail de origem de 'Claro SMP - Receita - Rede SIP - 07.2026 - Enviado TLF.xlsx': 1 arquivo(s) recusado(s), operadora NÃO notificada.
2026-08-13 13:49:25.048 | WARNING |src.services.notificacao_operadora:notificar_arquivos_recusados:74 - [RPA 1] 'Ampernet_Vivo_202607.csv' foi reprovado, mas não há e-mail de origem para responder (sem entry_id e sem rastreamento). É o esperado numa pasta preparada à mão.
2026-08-13 13:49:25.048 | INFO    |src.services.processamento_service:executar:151 - [RPA 1] E-mail de origem de 'Ampernet_Vivo_202607.csv': 1 arquivo(s) recusado(s), operadora NÃO notificada.
2026-08-13 13:49:25.050 | WARNING |src.services.notificacao_operadora:notificar_arquivos_recusados:74 - [RPA 1] 'Detraf Nova x TLF_011 202605.csv' foi reprovado, mas não há e-mail de origem para responder (sem entry_id e sem rastreamento). É o esperado numa pasta preparada à mão.
2026-08-13 13:49:25.051 | INFO    |src.services.processamento_service:executar:151 - [RPA 1] E-mail de origem de 'Detraf Nova x TLF_011 202605.csv': 1 arquivo(s) recusado(s), operadora NÃO notificada.
2026-08-13 13:49:25.052 | WARNING |src.services.notificacao_operadora:notificar_arquivos_recusados:74 - [RPA 1] 'Detraf Nova x Vivo SMP 202605.csv' foi reprovado, mas não há e-mail de origem para responder (sem entry_id e sem rastreamento). É o esperado numa pasta preparada à mão.
2026-08-13 13:49:25.052 | INFO    |src.services.processamento_service:executar:151 - [RPA 1] E-mail de origem de 'Detraf Nova x Vivo SMP 202605.csv': 1 arquivo(s) recusado(s), operadora NÃO notificada.
2026-08-13 13:49:25.054 | WARNING |src.services.notificacao_operadora:notificar_arquivos_recusados:74 - [RPA 1] 'VIVO.xlsx' foi reprovado, mas não há e-mail de origem para responder (sem entry_id e sem rastreamento). É o esperado numa pasta preparada à mão.
2026-08-13 13:49:25.054 | INFO    |src.services.processamento_service:executar:151 - [RPA 1] E-mail de origem de 'VIVO.xlsx': 1 arquivo(s) recusado(s), operadora NÃO notificada.
2026-08-13 13:49:25.056 | WARNING |src.services.notificacao_operadora:notificar_arquivos_recusados:74 - [RPA 1] 'Declaração de Tráfego UFINET x VIVO SMP 07-2026.xlsx' foi reprovado, mas não há e-mail de origem para responder (sem entry_id e sem rastreamento). É o esperado numa pasta preparada à mão.
2026-08-13 13:49:25.056 | INFO    |src.services.processamento_service:executar:151 - [RPA 1] E-mail de origem de 'Declaração de Tráfego UFINET x VIVO SMP 07-2026.xlsx': 1 arquivo(s) recusado(s), operadora NÃO notificada.
2026-08-13 13:49:25.057 | WARNING |src.services.notificacao_operadora:notificar_arquivos_recusados:74 - [RPA 1] 'detraf_202607_O51_010.csv' foi reprovado, mas não há e-mail de origem para responder (sem entry_id e sem rastreamento). É o esperado numa pasta preparada à mão.
2026-08-13 13:49:25.058 | INFO    |src.services.processamento_service:executar:151 - [RPA 1] E-mail de origem de 'detraf_202607_O51_010.csv': 1 arquivo(s) recusado(s), operadora NÃO notificada.
2026-08-13 13:49:25.059 | WARNING |src.services.notificacao_operadora:notificar_arquivos_recusados:74 - [RPA 1] 'detraf_202607_O51_011.csv' foi reprovado, mas não há e-mail de origem para responder (sem entry_id e sem rastreamento). É o esperado numa pasta preparada à mão.
2026-08-13 13:49:25.060 | INFO    |src.services.processamento_service:executar:151 - [RPA 1] E-mail de origem de 'detraf_202607_O51_011.csv': 1 arquivo(s) recusado(s), operadora NÃO notificada.
2026-08-13 13:49:25.061 | WARNING |src.services.notificacao_operadora:notificar_arquivos_recusados:74 - [RPA 1] 'DETRAF_IDT_TELEFONICA_07-2026_CRED.csv' foi reprovado, mas não há e-mail de origem para responder (sem entry_id e sem rastreamento). É o esperado numa pasta preparada à mão.
2026-08-13 13:49:25.062 | INFO    |src.services.processamento_service:executar:151 - [RPA 1] E-mail de origem de 'DETRAF_IDT_TELEFONICA_07-2026_CRED.csv': 1 arquivo(s) recusado(s), operadora NÃO notificada.
2026-08-13 13:49:25.063 | WARNING |src.services.notificacao_operadora:notificar_arquivos_recusados:74 - [RPA 1] 'DETRAF_IDT_VIVO_07-2026_CRED.csv' foi reprovado, mas não há e-mail de origem para responder (sem entry_id e sem rastreamento). É o esperado numa pasta preparada à mão.
2026-08-13 13:49:25.064 | INFO    |src.services.processamento_service:executar:151 - [RPA 1] E-mail de origem de 'DETRAF_IDT_VIVO_07-2026_CRED.csv': 1 arquivo(s) recusado(s), operadora NÃO notificada.
2026-08-13 13:49:25.065 | WARNING |src.services.notificacao_operadora:notificar_arquivos_recusados:74 - [RPA 1] 'expectativa-telefonica-brasil-smp-c-vc1-202607.xlsx' foi reprovado, mas não há e-mail de origem para responder (sem entry_id e sem rastreamento). É o esperado numa pasta preparada à mão.
2026-08-13 13:49:25.065 | INFO    |src.services.processamento_service:executar:151 - [RPA 1] E-mail de origem de 'expectativa-telefonica-brasil-smp-c-vc1-202607.xlsx': 1 arquivo(s) recusado(s), operadora NÃO notificada.
2026-08-13 13:49:25.066 | WARNING |src.services.notificacao_operadora:notificar_arquivos_recusados:74 - [RPA 1] 'expectativa-telefonica-brasil-stfc-c-ldn-202607.xlsx' foi reprovado, mas não há e-mail de origem para responder (sem entry_id e sem rastreamento). É o esperado numa pasta preparada à mão.
2026-08-13 13:49:25.067 | INFO    |src.services.processamento_service:executar:151 - [RPA 1] E-mail de origem de 'expectativa-telefonica-brasil-stfc-c-ldn-202607.xlsx': 1 arquivo(s) recusado(s), operadora NÃO notificada.
2026-08-13 13:49:25.068 | WARNING |src.services.notificacao_operadora:notificar_arquivos_recusados:74 - [RPA 1] 'DETRAF VMAX x TELEFONICA LDN_202607.xlsx' foi reprovado, mas não há e-mail de origem para responder (sem entry_id e sem rastreamento). É o esperado numa pasta preparada à mão.
2026-08-13 13:49:25.068 | INFO    |src.services.processamento_service:executar:151 - [RPA 1] E-mail de origem de 'DETRAF VMAX x TELEFONICA LDN_202607.xlsx': 1 arquivo(s) recusado(s), operadora NÃO notificada.
2026-08-13 13:49:25.069 | WARNING |src.services.notificacao_operadora:notificar_arquivos_recusados:74 - [RPA 1] 'DETRAF VMAX x TELEFONICA SMP_202607.xlsx' foi reprovado, mas não há e-mail de origem para responder (sem entry_id e sem rastreamento). É o esperado numa pasta preparada à mão.
2026-08-13 13:49:25.069 | INFO    |src.services.processamento_service:executar:151 - [RPA 1] E-mail de origem de 'DETRAF VMAX x TELEFONICA SMP_202607.xlsx': 1 arquivo(s) recusado(s), operadora NÃO notificada.
2026-08-13 13:49:25.070 | WARNING |src.services.notificacao_operadora:notificar_arquivos_recusados:74 - [RPA 1] 'Declaração de Tráfego G30 x VIVO SMP 07-2026.xls' foi reprovado, mas não há e-mail de origem para responder (sem entry_id e sem rastreamento). É o esperado numa pasta preparada à mão.
2026-08-13 13:49:25.071 | INFO    |src.services.processamento_service:executar:151 - [RPA 1] E-mail de origem de 'Declaração de Tráfego G30 x VIVO SMP 07-2026.xls': 1 arquivo(s) recusado(s), operadora NÃO notificada.
2026-08-13 13:49:25.072 | WARNING |src.services.notificacao_operadora:notificar_arquivos_recusados:74 - [RPA 1] 'Declaração de Tráfego VOCÊ TELECOM x VIVO SMP_202607.xls' foi reprovado, mas não há e-mail de origem para responder (sem entry_id e sem rastreamento). É o esperado numa pasta preparada à mão.
2026-08-13 13:49:25.072 | INFO    |src.services.processamento_service:executar:151 - [RPA 1] E-mail de origem de 'Declaração de Tráfego VOCÊ TELECOM x VIVO SMP_202607.xls': 1 arquivo(s) recusado(s), operadora NÃO notificada.
2026-08-13 13:49:25.073 | WARNING |src.services.notificacao_operadora:notificar_arquivos_recusados:74 - [RPA 1] 'DETRAF_FINAL_202607_HOME_TELEFONICA_C_20260804195316_ITX.csv' foi reprovado, mas não há e-mail de origem para responder (sem entry_id e sem rastreamento). É o esperado numa pasta preparada à mão.
2026-08-13 13:49:25.074 | INFO    |src.services.processamento_service:executar:151 - [RPA 1] E-mail de origem de 'DETRAF_FINAL_202607_HOME_TELEFONICA_C_20260804195316_ITX.csv': 1 arquivo(s) recusado(s), operadora NÃO notificada.
2026-08-13 13:49:25.075 | WARNING |src.services.notificacao_operadora:notificar_arquivos_recusados:74 - [RPA 1] 'DETRAF_FINAL_202607_HOME_VIVO_STFC_C_20260804195317_ITX.csv' foi reprovado, mas não há e-mail de origem para responder (sem entry_id e sem rastreamento). É o esperado numa pasta preparada à mão.
2026-08-13 13:49:25.075 | INFO    |src.services.processamento_service:executar:151 - [RPA 1] E-mail de origem de 'DETRAF_FINAL_202607_HOME_VIVO_STFC_C_20260804195317_ITX.csv': 1 arquivo(s) recusado(s), operadora NÃO notificada.
2026-08-13 13:49:25.076 | WARNING |src.services.notificacao_operadora:notificar_arquivos_recusados:74 - [RPA 1] 'DETRAF_FINAL_202607_HOME_VIVO_C_20260804195317_ITX.csv' foi reprovado, mas não há e-mail de origem para responder (sem entry_id e sem rastreamento). É o esperado numa pasta preparada à mão.
2026-08-13 13:49:25.077 | INFO    |src.services.processamento_service:executar:151 - [RPA 1] E-mail de origem de 'DETRAF_FINAL_202607_HOME_VIVO_C_20260804195317_ITX.csv': 1 arquivo(s) recusado(s), operadora NÃO notificada.
2026-08-13 13:49:25.078 | WARNING |src.services.notificacao_operadora:notificar_arquivos_recusados:74 - [RPA 1] 'DETRAF-TMCO-0128-2026-ITELCO-VIVO SMP- RESUMO_EOT -10_202607.xls' foi reprovado, mas não há e-mail de origem para responder (sem entry_id e sem rastreamento). É o esperado numa pasta preparada à mão.
2026-08-13 13:49:25.079 | INFO    |src.services.processamento_service:executar:151 - [RPA 1] E-mail de origem de 'DETRAF-TMCO-0128-2026-ITELCO-VIVO SMP- RESUMO_EOT -10_202607.xls': 1 arquivo(s) recusado(s), operadora NÃO notificada.
2026-08-13 13:49:25.080 | WARNING |src.services.notificacao_operadora:notificar_arquivos_recusados:74 - [RPA 1] 'Declaração de Tráfego DUARTE DIAS x VIVO LD_07-2026.xls' foi reprovado, mas não há e-mail de origem para responder (sem entry_id e sem rastreamento). É o esperado numa pasta preparada à mão.
2026-08-13 13:49:25.081 | INFO    |src.services.processamento_service:executar:151 - [RPA 1] E-mail de origem de 'Declaração de Tráfego DUARTE DIAS x VIVO LD_07-2026.xls': 1 arquivo(s) recusado(s), operadora NÃO notificada.
2026-08-13 13:49:25.082 | WARNING |src.services.notificacao_operadora:notificar_arquivos_recusados:74 - [RPA 1] 'Declaração de Tráfego DUARTE DIAS x VIVO SMP_07-2026.xls' foi reprovado, mas não há e-mail de origem para responder (sem entry_id e sem rastreamento). É o esperado numa pasta preparada à mão.
2026-08-13 13:49:25.082 | INFO    |src.services.processamento_service:executar:151 - [RPA 1] E-mail de origem de 'Declaração de Tráfego DUARTE DIAS x VIVO SMP_07-2026.xls': 1 arquivo(s) recusado(s), operadora NÃO notificada.
2026-08-13 13:49:25.083 | WARNING |src.services.notificacao_operadora:notificar_arquivos_recusados:74 - [RPA 1] 'Declaração de Tráfego JP x VIVO LD_07-2026.xls' foi reprovado, mas não há e-mail de origem para responder (sem entry_id e sem rastreamento). É o esperado numa pasta preparada à mão.
2026-08-13 13:49:25.083 | INFO    |src.services.processamento_service:executar:151 - [RPA 1] E-mail de origem de 'Declaração de Tráfego JP x VIVO LD_07-2026.xls': 1 arquivo(s) recusado(s), operadora NÃO notificada.
2026-08-13 13:49:25.085 | WARNING |src.services.notificacao_operadora:notificar_arquivos_recusados:74 - [RPA 1] 'Declaração de Tráfego JP x VIVO SMP_07-2026.xls' foi reprovado, mas não há e-mail de origem para responder (sem entry_id e sem rastreamento). É o esperado numa pasta preparada à mão.
2026-08-13 13:49:25.085 | INFO    |src.services.processamento_service:executar:151 - [RPA 1] E-mail de origem de 'Declaração de Tráfego JP x VIVO SMP_07-2026.xls': 1 arquivo(s) recusado(s), operadora NÃO notificada.
2026-08-13 13:49:25.087 | WARNING |src.services.notificacao_operadora:notificar_arquivos_recusados:74 - [RPA 1] 'Declaração de Tráfego FLEXUS x VIVO LD_07-2026.xls' foi reprovado, mas não há e-mail de origem para responder (sem entry_id e sem rastreamento). É o esperado numa pasta preparada à mão.
2026-08-13 13:49:25.087 | INFO    |src.services.processamento_service:executar:151 - [RPA 1] E-mail de origem de 'Declaração de Tráfego FLEXUS x VIVO LD_07-2026.xls': 1 arquivo(s) recusado(s), operadora NÃO notificada.
2026-08-13 13:49:25.088 | WARNING |src.services.notificacao_operadora:notificar_arquivos_recusados:74 - [RPA 1] 'Declaração de Tráfego FLEXUS x VIVO SMP_07-2026.xls' foi reprovado, mas não há e-mail de origem para responder (sem entry_id e sem rastreamento). É o esperado numa pasta preparada à mão.
2026-08-13 13:49:25.088 | INFO    |src.services.processamento_service:executar:151 - [RPA 1] E-mail de origem de 'Declaração de Tráfego FLEXUS x VIVO SMP_07-2026.xls': 1 arquivo(s) recusado(s), operadora NÃO notificada.
2026-08-13 13:49:25.089 | WARNING |src.services.notificacao_operadora:notificar_arquivos_recusados:74 - [RPA 1] 'Declaração de Tráfego BRA x VIVO LD_07-2026.xls' foi reprovado, mas não há e-mail de origem para responder (sem entry_id e sem rastreamento). É o esperado numa pasta preparada à mão.
2026-08-13 13:49:25.090 | INFO    |src.services.processamento_service:executar:151 - [RPA 1] E-mail de origem de 'Declaração de Tráfego BRA x VIVO LD_07-2026.xls': 1 arquivo(s) recusado(s), operadora NÃO notificada.
2026-08-13 13:49:25.091 | WARNING |src.services.notificacao_operadora:notificar_arquivos_recusados:74 - [RPA 1] 'Declaração de Tráfego BRA x VIVO SMP_07-2026.xls' foi reprovado, mas não há e-mail de origem para responder (sem entry_id e sem rastreamento). É o esperado numa pasta preparada à mão.
2026-08-13 13:49:25.091 | INFO    |src.services.processamento_service:executar:151 - [RPA 1] E-mail de origem de 'Declaração de Tráfego BRA x VIVO SMP_07-2026.xls': 1 arquivo(s) recusado(s), operadora NÃO notificada.
2026-08-13 13:49:25.092 | WARNING |src.services.notificacao_operadora:notificar_arquivos_recusados:74 - [RPA 1] 'DETRAF-TMCO-0122-2026-GGNET-VIVO STFC - RESUMO_EOT_200_948_202607.xls' foi reprovado, mas não há e-mail de origem para responder (sem entry_id e sem rastreamento). É o esperado numa pasta preparada à mão.
2026-08-13 13:49:25.092 | INFO    |src.services.processamento_service:executar:151 - [RPA 1] E-mail de origem de 'DETRAF-TMCO-0122-2026-GGNET-VIVO STFC - RESUMO_EOT_200_948_202607.xls': 1 arquivo(s) recusado(s), operadora NÃO notificada.
2026-08-13 13:49:25.093 | WARNING |src.services.notificacao_operadora:notificar_arquivos_recusados:74 - [RPA 1] 'DETRAF-TMCO-0123-2026-GGNET-VIVO SMP - RESUMO EOT_044_045_202607.xls' foi reprovado, mas não há e-mail de origem para responder (sem entry_id e sem rastreamento). É o esperado numa pasta preparada à mão.
2026-08-13 13:49:25.094 | INFO    |src.services.processamento_service:executar:151 - [RPA 1] E-mail de origem de 'DETRAF-TMCO-0123-2026-GGNET-VIVO SMP - RESUMO EOT_044_045_202607.xls': 1 arquivo(s) recusado(s), operadora NÃO notificada.
2026-08-13 13:49:25.095 | WARNING |src.services.notificacao_operadora:notificar_arquivos_recusados:74 - [RPA 1] 'BALANCE_ALGAR_X_VIVO_SMP_R_202607_V00.csv' foi reprovado, mas não há e-mail de origem para responder (sem entry_id e sem rastreamento). É o esperado numa pasta preparada à mão.
2026-08-13 13:49:25.095 | INFO    |src.services.processamento_service:executar:151 - [RPA 1] E-mail de origem de 'BALANCE_ALGAR_X_VIVO_SMP_R_202607_V00.csv': 1 arquivo(s) recusado(s), operadora NÃO notificada.
2026-08-13 13:49:25.097 | WARNING |src.services.notificacao_operadora:notificar_arquivos_recusados:74 - [RPA 1] 'DETRAT_ALGAR_X_VIVO_SMP_R_202607_V00.csv' foi reprovado, mas não há e-mail de origem para responder (sem entry_id e sem rastreamento). É o esperado numa pasta preparada à mão.
2026-08-13 13:49:25.098 | INFO    |src.services.processamento_service:executar:151 - [RPA 1] E-mail de origem de 'DETRAT_ALGAR_X_VIVO_SMP_R_202607_V00.csv': 1 arquivo(s) recusado(s), operadora NÃO notificada.
2026-08-13 13:49:25.100 | WARNING |src.services.notificacao_operadora:notificar_arquivos_recusados:74 - [RPA 1] 'DETRAT_ALGAR_X_VIVO_STFC_R_202607_V00.csv' foi reprovado, mas não há e-mail de origem para responder (sem entry_id e sem rastreamento). É o esperado numa pasta preparada à mão.
2026-08-13 13:49:25.100 | INFO    |src.services.processamento_service:executar:151 - [RPA 1] E-mail de origem de 'DETRAT_ALGAR_X_VIVO_STFC_R_202607_V00.csv': 1 arquivo(s) recusado(s), operadora NÃO notificada.
2026-08-13 13:49:25.101 | WARNING |src.services.notificacao_operadora:notificar_arquivos_recusados:74 - [RPA 1] 'DETRAF_ONE_Telefonica-GVT-Julho-2026.xlsx' foi reprovado, mas não há e-mail de origem para responder (sem entry_id e sem rastreamento). É o esperado numa pasta preparada à mão.
2026-08-13 13:49:25.101 | INFO    |src.services.processamento_service:executar:151 - [RPA 1] E-mail de origem de 'DETRAF_ONE_Telefonica-GVT-Julho-2026.xlsx': 1 arquivo(s) recusado(s), operadora NÃO notificada.
2026-08-13 13:49:25.103 | WARNING |src.services.notificacao_operadora:notificar_arquivos_recusados:74 - [RPA 1] 'DETRAF_ONE_Vivo-Julho-2026.xlsx' foi reprovado, mas não há e-mail de origem para responder (sem entry_id e sem rastreamento). É o esperado numa pasta preparada à mão.
2026-08-13 13:49:25.103 | INFO    |src.services.processamento_service:executar:151 - [RPA 1] E-mail de origem de 'DETRAF_ONE_Vivo-Julho-2026.xlsx': 1 arquivo(s) recusado(s), operadora NÃO notificada.
2026-08-13 13:49:25.104 | WARNING |src.services.notificacao_operadora:notificar_arquivos_recusados:74 - [RPA 1] 'DETRAF VIVO - CICLO 072026.csv' foi reprovado, mas não há e-mail de origem para responder (sem entry_id e sem rastreamento). É o esperado numa pasta preparada à mão.
2026-08-13 13:49:25.104 | INFO    |src.services.processamento_service:executar:151 - [RPA 1] E-mail de origem de 'DETRAF VIVO - CICLO 072026.csv': 1 arquivo(s) recusado(s), operadora NÃO notificada.
2026-08-13 13:49:25.105 | WARNING |src.services.notificacao_operadora:notificar_arquivos_recusados:74 - [RPA 1] 'MUNDIVOX_VIVO_202607.csv' foi reprovado, mas não há e-mail de origem para responder (sem entry_id e sem rastreamento). É o esperado numa pasta preparada à mão.
2026-08-13 13:49:25.106 | INFO    |src.services.processamento_service:executar:151 - [RPA 1] E-mail de origem de 'MUNDIVOX_VIVO_202607.csv': 1 arquivo(s) recusado(s), operadora NÃO notificada.
2026-08-13 13:49:25.107 | WARNING |src.services.notificacao_operadora:notificar_arquivos_recusados:74 - [RPA 1] 'DETRAF_SOTHIS_X_VIVO_202607.xlsx' foi reprovado, mas não há e-mail de origem para responder (sem entry_id e sem rastreamento). É o esperado numa pasta preparada à mão.
2026-08-13 13:49:25.107 | INFO    |src.services.processamento_service:executar:151 - [RPA 1] E-mail de origem de 'DETRAF_SOTHIS_X_VIVO_202607.xlsx': 1 arquivo(s) recusado(s), operadora NÃO notificada.
2026-08-13 13:49:25.109 | WARNING |src.services.notificacao_operadora:notificar_arquivos_recusados:74 - [RPA 1] 'DETRAF_FINAL_202607_HOME_VIVO_C_20260804195236_SMS.csv' foi reprovado, mas não há e-mail de origem para responder (sem entry_id e sem rastreamento). É o esperado numa pasta preparada à mão.
2026-08-13 13:49:25.109 | INFO    |src.services.processamento_service:executar:151 - [RPA 1] E-mail de origem de 'DETRAF_FINAL_202607_HOME_VIVO_C_20260804195236_SMS.csv': 1 arquivo(s) recusado(s), operadora NÃO notificada.
2026-08-13 13:49:25.110 | WARNING |src.services.notificacao_operadora:notificar_arquivos_recusados:74 - [RPA 1] 'DETRAF CLARO STFC LD X TELEFONICA 202607.xls' foi reprovado, mas não há e-mail de origem para responder (sem entry_id e sem rastreamento). É o esperado numa pasta preparada à mão.
2026-08-13 13:49:25.110 | INFO    |src.services.processamento_service:executar:151 - [RPA 1] E-mail de origem de 'DETRAF CLARO STFC LD X TELEFONICA 202607.xls': 1 arquivo(s) recusado(s), operadora NÃO notificada.
2026-08-13 13:49:25.112 | WARNING |src.services.notificacao_operadora:notificar_arquivos_recusados:74 - [RPA 1] 'DETRAF CLARO STFC LD X VIVO SMP 202607.xls' foi reprovado, mas não há e-mail de origem para responder (sem entry_id e sem rastreamento). É o esperado numa pasta preparada à mão.
2026-08-13 13:49:25.112 | INFO    |src.services.processamento_service:executar:151 - [RPA 1] E-mail de origem de 'DETRAF CLARO STFC LD X VIVO SMP 202607.xls': 1 arquivo(s) recusado(s), operadora NÃO notificada.
2026-08-13 13:49:25.113 | WARNING |src.services.notificacao_operadora:notificar_arquivos_recusados:74 - [RPA 1] 'DETRAF CLARO STFC LD X VIVO STFC 202607.xls' foi reprovado, mas não há e-mail de origem para responder (sem entry_id e sem rastreamento). É o esperado numa pasta preparada à mão.
2026-08-13 13:49:25.113 | INFO    |src.services.processamento_service:executar:151 - [RPA 1] E-mail de origem de 'DETRAF CLARO STFC LD X VIVO STFC 202607.xls': 1 arquivo(s) recusado(s), operadora NÃO notificada.
2026-08-13 13:49:25.115 | WARNING |src.services.notificacao_operadora:notificar_arquivos_recusados:74 - [RPA 1] 'DETRAF CLARO STFC LC X TELEFONICA 202607.xls' foi reprovado, mas não há e-mail de origem para responder (sem entry_id e sem rastreamento). É o esperado numa pasta preparada à mão.
2026-08-13 13:49:25.115 | INFO    |src.services.processamento_service:executar:151 - [RPA 1] E-mail de origem de 'DETRAF CLARO STFC LC X TELEFONICA 202607.xls': 1 arquivo(s) recusado(s), operadora NÃO notificada.
2026-08-13 13:49:25.116 | WARNING |src.services.notificacao_operadora:notificar_arquivos_recusados:74 - [RPA 1] 'DETRAF CLARO STFC LC X VIVO SMP 202607.xls' foi reprovado, mas não há e-mail de origem para responder (sem entry_id e sem rastreamento). É o esperado numa pasta preparada à mão.
2026-08-13 13:49:25.116 | INFO    |src.services.processamento_service:executar:151 - [RPA 1] E-mail de origem de 'DETRAF CLARO STFC LC X VIVO SMP 202607.xls': 1 arquivo(s) recusado(s), operadora NÃO notificada.
2026-08-13 13:49:25.118 | WARNING |src.services.notificacao_operadora:notificar_arquivos_recusados:74 - [RPA 1] 'DETRAF CLARO STFC LC X VIVO STFC 202607.xls' foi reprovado, mas não há e-mail de origem para responder (sem entry_id e sem rastreamento). É o esperado numa pasta preparada à mão.
2026-08-13 13:49:25.118 | INFO    |src.services.processamento_service:executar:151 - [RPA 1] E-mail de origem de 'DETRAF CLARO STFC LC X VIVO STFC 202607.xls': 1 arquivo(s) recusado(s), operadora NÃO notificada.
2026-08-13 13:49:25.119 | WARNING |src.services.notificacao_operadora:notificar_arquivos_recusados:74 - [RPA 1] 'D_IPCorp_Telecom_Vivo_-_Fixa_LD_202607.XLS' foi reprovado, mas não há e-mail de origem para responder (sem entry_id e sem rastreamento). É o esperado numa pasta preparada à mão.
2026-08-13 13:49:25.119 | INFO    |src.services.processamento_service:executar:151 - [RPA 1] E-mail de origem de 'D_IPCorp_Telecom_Vivo_-_Fixa_LD_202607.XLS': 1 arquivo(s) recusado(s), operadora NÃO notificada.
2026-08-13 13:49:25.120 | WARNING |src.services.notificacao_operadora:notificar_arquivos_recusados:74 - [RPA 1] 'D_IPCorp_Telecom_Vivo_-_Móvel_LC_202607.xls' foi reprovado, mas não há e-mail de origem para responder (sem entry_id e sem rastreamento). É o esperado numa pasta preparada à mão.
2026-08-13 13:49:25.121 | INFO    |src.services.processamento_service:executar:151 - [RPA 1] E-mail de origem de 'D_IPCorp_Telecom_Vivo_-_Móvel_LC_202607.xls': 1 arquivo(s) recusado(s), operadora NÃO notificada.
2026-08-13 13:49:25.122 | WARNING |src.services.notificacao_operadora:notificar_arquivos_recusados:74 - [RPA 1] 'D_IPCorp_Telecom_Vivo_-_Móvel_LD_202607.XLS' foi reprovado, mas não há e-mail de origem para responder (sem entry_id e sem rastreamento). É o esperado numa pasta preparada à mão.
2026-08-13 13:49:25.122 | INFO    |src.services.processamento_service:executar:151 - [RPA 1] E-mail de origem de 'D_IPCorp_Telecom_Vivo_-_Móvel_LD_202607.XLS': 1 arquivo(s) recusado(s), operadora NÃO notificada.
2026-08-13 13:49:25.123 | WARNING |src.services.notificacao_operadora:notificar_arquivos_recusados:74 - [RPA 1] 'detraf_072026_credor.xlsx' foi reprovado, mas não há e-mail de origem para responder (sem entry_id e sem rastreamento). É o esperado numa pasta preparada à mão.
2026-08-13 13:49:25.123 | INFO    |src.services.processamento_service:executar:151 - [RPA 1] E-mail de origem de 'detraf_072026_credor.xlsx': 1 arquivo(s) recusado(s), operadora NÃO notificada.
2026-08-13 13:49:25.124 | WARNING |src.services.notificacao_operadora:notificar_arquivos_recusados:74 - [RPA 1] 'LYTUX - 07.2026  - VIVO.xlsx' foi reprovado, mas não há e-mail de origem para responder (sem entry_id e sem rastreamento). É o esperado numa pasta preparada à mão.
2026-08-13 13:49:25.125 | INFO    |src.services.processamento_service:executar:151 - [RPA 1] E-mail de origem de 'LYTUX - 07.2026  - VIVO.xlsx': 1 arquivo(s) recusado(s), operadora NÃO notificada.
2026-08-13 13:49:25.126 | WARNING |src.services.notificacao_operadora:notificar_arquivos_recusados:74 - [RPA 1] 'NOVACIA - 07.2026 - VIVO.xlsx' foi reprovado, mas não há e-mail de origem para responder (sem entry_id e sem rastreamento). É o esperado numa pasta preparada à mão.
2026-08-13 13:49:25.126 | INFO    |src.services.processamento_service:executar:151 - [RPA 1] E-mail de origem de 'NOVACIA - 07.2026 - VIVO.xlsx': 1 arquivo(s) recusado(s), operadora NÃO notificada.
2026-08-13 13:49:25.128 | WARNING |src.services.notificacao_operadora:notificar_arquivos_recusados:74 - [RPA 1] 'DETRAF-TMCO-0116-2026-PREDLINK-VIVO SMP - RESUMO_EOT 20-202607.xls' foi reprovado, mas não há e-mail de origem para responder (sem entry_id e sem rastreamento). É o esperado numa pasta preparada à mão.
2026-08-13 13:49:25.128 | INFO    |src.services.processamento_service:executar:151 - [RPA 1] E-mail de origem de 'DETRAF-TMCO-0116-2026-PREDLINK-VIVO SMP - RESUMO_EOT 20-202607.xls': 1 arquivo(s) recusado(s), operadora NÃO notificada.
2026-08-13 13:49:25.129 | WARNING |src.services.notificacao_operadora:notificar_arquivos_recusados:74 - [RPA 1] 'Detraf Credora Mundo (EOT A04) x Devedora Vivo (EOT 030) - Agosto.2026.csv' foi reprovado, mas não há e-mail de origem para responder (sem entry_id e sem rastreamento). É o esperado numa pasta preparada à mão.
2026-08-13 13:49:25.130 | INFO    |src.services.processamento_service:executar:151 - [RPA 1] E-mail de origem de 'Detraf Credora Mundo (EOT A04) x Devedora Vivo (EOT 030) - Agosto.2026.csv': 1 arquivo(s) recusado(s), operadora NÃO notificada.
2026-08-13 13:49:25.131 | WARNING |src.services.notificacao_operadora:notificar_arquivos_recusados:74 - [RPA 1] 'Detraf Credora Mundo (EOT A04) x Devedora Vivo (EOT 931) - Agosto.2026.csv' foi reprovado, mas não há e-mail de origem para responder (sem entry_id e sem rastreamento). É o esperado numa pasta preparada à mão.
2026-08-13 13:49:25.131 | INFO    |src.services.processamento_service:executar:151 - [RPA 1] E-mail de origem de 'Detraf Credora Mundo (EOT A04) x Devedora Vivo (EOT 931) - Agosto.2026.csv': 1 arquivo(s) recusado(s), operadora NÃO notificada.
2026-08-13 13:49:25.132 | WARNING |src.services.notificacao_operadora:notificar_arquivos_recusados:74 - [RPA 1] 'SEA - 07.2026 - VIVO.xlsx' foi reprovado, mas não há e-mail de origem para responder (sem entry_id e sem rastreamento). É o esperado numa pasta preparada à mão.
2026-08-13 13:49:25.133 | INFO    |src.services.processamento_service:executar:151 - [RPA 1] E-mail de origem de 'SEA - 07.2026 - VIVO.xlsx': 1 arquivo(s) recusado(s), operadora NÃO notificada.
2026-08-13 13:49:25.134 | WARNING |src.services.notificacao_operadora:notificar_arquivos_recusados:74 - [RPA 1] 'RAMAL VIRTUAL - 07.2026  -  VIVO.xlsx' foi reprovado, mas não há e-mail de origem para responder (sem entry_id e sem rastreamento). É o esperado numa pasta preparada à mão.
2026-08-13 13:49:25.134 | INFO    |src.services.processamento_service:executar:151 - [RPA 1] E-mail de origem de 'RAMAL VIRTUAL - 07.2026  -  VIVO.xlsx': 1 arquivo(s) recusado(s), operadora NÃO notificada.
2026-08-13 13:49:25.135 | WARNING |src.services.notificacao_operadora:notificar_arquivos_recusados:74 - [RPA 1] 'ROCKETNET - 07.2026 - VIVO.xlsx' foi reprovado, mas não há e-mail de origem para responder (sem entry_id e sem rastreamento). É o esperado numa pasta preparada à mão.
2026-08-13 13:49:25.135 | INFO    |src.services.processamento_service:executar:151 - [RPA 1] E-mail de origem de 'ROCKETNET - 07.2026 - VIVO.xlsx': 1 arquivo(s) recusado(s), operadora NÃO notificada.
2026-08-13 13:49:25.137 | WARNING |src.services.notificacao_operadora:notificar_arquivos_recusados:74 - [RPA 1] '202607 Detraf RS-SC C LD STFC Unifique X STFC Telefonica Brasil.xlsx' foi reprovado, mas não há e-mail de origem para responder (sem entry_id e sem rastreamento). É o esperado numa pasta preparada à mão.
2026-08-13 13:49:25.137 | INFO    |src.services.processamento_service:executar:151 - [RPA 1] E-mail de origem de '202607 Detraf RS-SC C LD STFC Unifique X STFC Telefonica Brasil.xlsx': 1 arquivo(s) recusado(s), operadora NÃO notificada.
2026-08-13 13:49:25.138 | WARNING |src.services.notificacao_operadora:notificar_arquivos_recusados:74 - [RPA 1] 'ITANET -  07.2026 - VIVO.xlsx' foi reprovado, mas não há e-mail de origem para responder (sem entry_id e sem rastreamento). É o esperado numa pasta preparada à mão.
2026-08-13 13:49:25.138 | INFO    |src.services.processamento_service:executar:151 - [RPA 1] E-mail de origem de 'ITANET -  07.2026 - VIVO.xlsx': 1 arquivo(s) recusado(s), operadora NÃO notificada.
2026-08-13 13:49:25.139 | WARNING |src.services.notificacao_operadora:notificar_arquivos_recusados:74 - [RPA 1] 'FORZA -  07.2026 - VIVO.xlsx' foi reprovado, mas não há e-mail de origem para responder (sem entry_id e sem rastreamento). É o esperado numa pasta preparada à mão.
2026-08-13 13:49:25.139 | INFO    |src.services.processamento_service:executar:151 - [RPA 1] E-mail de origem de 'FORZA -  07.2026 - VIVO.xlsx': 1 arquivo(s) recusado(s), operadora NÃO notificada.
2026-08-13 13:49:25.141 | WARNING |src.services.notificacao_operadora:notificar_arquivos_recusados:74 - [RPA 1] 'GMARX - 07.2026 - VIVO.xlsx' foi reprovado, mas não há e-mail de origem para responder (sem entry_id e sem rastreamento). É o esperado numa pasta preparada à mão.
2026-08-13 13:49:25.141 | INFO    |src.services.processamento_service:executar:151 - [RPA 1] E-mail de origem de 'GMARX - 07.2026 - VIVO.xlsx': 1 arquivo(s) recusado(s), operadora NÃO notificada.
2026-08-13 13:49:25.142 | WARNING |src.services.notificacao_operadora:notificar_arquivos_recusados:74 - [RPA 1] 'CDI - 07.2026 - VIVO.xlsx' foi reprovado, mas não há e-mail de origem para responder (sem entry_id e sem rastreamento). É o esperado numa pasta preparada à mão.
2026-08-13 13:49:25.142 | INFO    |src.services.processamento_service:executar:151 - [RPA 1] E-mail de origem de 'CDI - 07.2026 - VIVO.xlsx': 1 arquivo(s) recusado(s), operadora NÃO notificada.
2026-08-13 13:49:25.143 | WARNING |src.services.notificacao_operadora:notificar_arquivos_recusados:74 - [RPA 1] '202607 Detraf RS-SC C LC STFC Unifique X SMP Telefonica Brasil.xlsx' foi reprovado, mas não há e-mail de origem para responder (sem entry_id e sem rastreamento). É o esperado numa pasta preparada à mão.
2026-08-13 13:49:25.144 | INFO    |src.services.processamento_service:executar:151 - [RPA 1] E-mail de origem de '202607 Detraf RS-SC C LC STFC Unifique X SMP Telefonica Brasil.xlsx': 1 arquivo(s) recusado(s), operadora NÃO notificada.
2026-08-13 13:49:25.145 | WARNING |src.services.notificacao_operadora:notificar_arquivos_recusados:74 - [RPA 1] 'DETRAT_DATORA_STFC_X_TELEFONICA_BRASIL___STFC_STFC_R_072026_V00.csv' foi reprovado, mas não há e-mail de origem para responder (sem entry_id e sem rastreamento). É o esperado numa pasta preparada à mão.
2026-08-13 13:49:25.145 | INFO    |src.services.processamento_service:executar:151 - [RPA 1] E-mail de origem de 'DETRAT_DATORA_STFC_X_TELEFONICA_BRASIL___STFC_STFC_R_072026_V00.csv': 1 arquivo(s) recusado(s), operadora NÃO notificada.
2026-08-13 13:49:25.147 | WARNING |src.services.notificacao_operadora:notificar_arquivos_recusados:74 - [RPA 1] 'DETRAT_DATORA_STFC_X_TELEFONICA_BRASIL___STFC_STFC_R_072026_V00.xlsx' foi reprovado, mas não há e-mail de origem para responder (sem entry_id e sem rastreamento). É o esperado numa pasta preparada à mão.
2026-08-13 13:49:25.147 | INFO    |src.services.processamento_service:executar:151 - [RPA 1] E-mail de origem de 'DETRAT_DATORA_STFC_X_TELEFONICA_BRASIL___STFC_STFC_R_072026_V00.xlsx': 1 arquivo(s) recusado(s), operadora NÃO notificada.
2026-08-13 13:49:25.148 | WARNING |src.services.notificacao_operadora:notificar_arquivos_recusados:74 - [RPA 1] 'detraf_202607_VIVO_SMP.csv' foi reprovado, mas não há e-mail de origem para responder (sem entry_id e sem rastreamento). É o esperado numa pasta preparada à mão.
2026-08-13 13:49:25.149 | INFO    |src.services.processamento_service:executar:151 - [RPA 1] E-mail de origem de 'detraf_202607_VIVO_SMP.csv': 1 arquivo(s) recusado(s), operadora NÃO notificada.
2026-08-13 13:49:25.150 | WARNING |src.services.notificacao_operadora:notificar_arquivos_recusados:74 - [RPA 1] 'detraf_202607_VIVO_STFC.csv' foi reprovado, mas não há e-mail de origem para responder (sem entry_id e sem rastreamento). É o esperado numa pasta preparada à mão.
2026-08-13 13:49:25.150 | INFO    |src.services.processamento_service:executar:151 - [RPA 1] E-mail de origem de 'detraf_202607_VIVO_STFC.csv': 1 arquivo(s) recusado(s), operadora NÃO notificada.
2026-08-13 13:49:25.151 | WARNING |src.services.notificacao_operadora:notificar_arquivos_recusados:74 - [RPA 1] 'Detraf TVN Vivo_072026.csv' foi reprovado, mas não há e-mail de origem para responder (sem entry_id e sem rastreamento). É o esperado numa pasta preparada à mão.
2026-08-13 13:49:25.151 | INFO    |src.services.processamento_service:executar:151 - [RPA 1] E-mail de origem de 'Detraf TVN Vivo_072026.csv': 1 arquivo(s) recusado(s), operadora NÃO notificada.
2026-08-13 13:49:25.152 | WARNING |src.services.notificacao_operadora:notificar_arquivos_recusados:74 - [RPA 1] 'Solução Network - VIVO (FIXA) - DETRAF - JULHO 2026.csv' foi reprovado, mas não há e-mail de origem para responder (sem entry_id e sem rastreamento). É o esperado numa pasta preparada à mão.
2026-08-13 13:49:25.152 | INFO    |src.services.processamento_service:executar:151 - [RPA 1] E-mail de origem de 'Solução Network - VIVO (FIXA) - DETRAF - JULHO 2026.csv': 1 arquivo(s) recusado(s), operadora NÃO notificada.
2026-08-13 13:49:25.153 | WARNING |src.services.notificacao_operadora:notificar_arquivos_recusados:74 - [RPA 1] 'Solução Network - VIVO (MOVEL) - DETRAF - JULHO 2026.csv' foi reprovado, mas não há e-mail de origem para responder (sem entry_id e sem rastreamento). É o esperado numa pasta preparada à mão.
2026-08-13 13:49:25.153 | INFO    |src.services.processamento_service:executar:151 - [RPA 1] E-mail de origem de 'Solução Network - VIVO (MOVEL) - DETRAF - JULHO 2026.csv': 1 arquivo(s) recusado(s), operadora NÃO notificada.
2026-08-13 13:49:25.154 | WARNING |src.services.notificacao_operadora:notificar_arquivos_recusados:74 - [RPA 1] 'DÉBITOS VIVO.xlsx' foi reprovado, mas não há e-mail de origem para responder (sem entry_id e sem rastreamento). É o esperado numa pasta preparada à mão.
2026-08-13 13:49:25.155 | INFO    |src.services.processamento_service:executar:151 - [RPA 1] E-mail de origem de 'DÉBITOS VIVO.xlsx': 1 arquivo(s) recusado(s), operadora NÃO notificada.
2026-08-13 13:49:25.156 | WARNING |src.services.notificacao_operadora:notificar_arquivos_recusados:74 - [RPA 1] 'EC FALE SEMPRE - 202605.xlsx' foi reprovado, mas não há e-mail de origem para responder (sem entry_id e sem rastreamento). É o esperado numa pasta preparada à mão.
2026-08-13 13:49:25.156 | INFO    |src.services.processamento_service:executar:151 - [RPA 1] E-mail de origem de 'EC FALE SEMPRE - 202605.xlsx': 1 arquivo(s) recusado(s), operadora NÃO notificada.
2026-08-13 13:49:25.157 | WARNING |src.services.notificacao_operadora:notificar_arquivos_recusados:74 - [RPA 1] 'EC VIVO - FSM 202602.xlsx' foi reprovado, mas não há e-mail de origem para responder (sem entry_id e sem rastreamento). É o esperado numa pasta preparada à mão.
2026-08-13 13:49:25.157 | INFO    |src.services.processamento_service:executar:151 - [RPA 1] E-mail de origem de 'EC VIVO - FSM 202602.xlsx': 1 arquivo(s) recusado(s), operadora NÃO notificada.
2026-08-13 13:49:25.158 | WARNING |src.services.notificacao_operadora:notificar_arquivos_recusados:74 - [RPA 1] 'EC VIVO FSM 202606.xlsx' foi reprovado, mas não há e-mail de origem para responder (sem entry_id e sem rastreamento). É o esperado numa pasta preparada à mão.
2026-08-13 13:49:25.158 | INFO    |src.services.processamento_service:executar:151 - [RPA 1] E-mail de origem de 'EC VIVO FSM 202606.xlsx': 1 arquivo(s) recusado(s), operadora NÃO notificada.
2026-08-13 13:49:25.159 | WARNING |src.services.notificacao_operadora:notificar_arquivos_recusados:74 - [RPA 1] 'EC VIVO AGERA 202606.xlsx' foi reprovado, mas não há e-mail de origem para responder (sem entry_id e sem rastreamento). É o esperado numa pasta preparada à mão.
2026-08-13 13:49:25.159 | INFO    |src.services.processamento_service:executar:151 - [RPA 1] E-mail de origem de 'EC VIVO AGERA 202606.xlsx': 1 arquivo(s) recusado(s), operadora NÃO notificada.
2026-08-13 13:49:25.161 | WARNING |src.services.notificacao_operadora:notificar_arquivos_recusados:74 - [RPA 1] 'EC VIVO FSM 202604.xlsx' foi reprovado, mas não há e-mail de origem para responder (sem entry_id e sem rastreamento). É o esperado numa pasta preparada à mão.
2026-08-13 13:49:25.161 | INFO    |src.services.processamento_service:executar:151 - [RPA 1] E-mail de origem de 'EC VIVO FSM 202604.xlsx': 1 arquivo(s) recusado(s), operadora NÃO notificada.
2026-08-13 13:49:25.162 | WARNING |src.services.notificacao_operadora:notificar_arquivos_recusados:74 - [RPA 1] 'EC VIVO FSM 202605.xlsx' foi reprovado, mas não há e-mail de origem para responder (sem entry_id e sem rastreamento). É o esperado numa pasta preparada à mão.
2026-08-13 13:49:25.163 | INFO    |src.services.processamento_service:executar:151 - [RPA 1] E-mail de origem de 'EC VIVO FSM 202605.xlsx': 1 arquivo(s) recusado(s), operadora NÃO notificada.
2026-08-13 13:49:25.164 | WARNING |src.services.notificacao_operadora:notificar_arquivos_recusados:74 - [RPA 1] 'EC VIVO FSM 202606.xlsx' foi reprovado, mas não há e-mail de origem para responder (sem entry_id e sem rastreamento). É o esperado numa pasta preparada à mão.
2026-08-13 13:49:25.164 | INFO    |src.services.processamento_service:executar:151 - [RPA 1] E-mail de origem de 'EC VIVO FSM 202606.xlsx': 1 arquivo(s) recusado(s), operadora NÃO notificada.
2026-08-13 13:49:25.165 | WARNING |src.services.notificacao_operadora:notificar_arquivos_recusados:74 - [RPA 1] 'EC INTEREDE 202604.xlsx' foi reprovado, mas não há e-mail de origem para responder (sem entry_id e sem rastreamento). É o esperado numa pasta preparada à mão.
2026-08-13 13:49:25.165 | INFO    |src.services.processamento_service:executar:151 - [RPA 1] E-mail de origem de 'EC INTEREDE 202604.xlsx': 1 arquivo(s) recusado(s), operadora NÃO notificada.
2026-08-13 13:49:25.166 | WARNING |src.services.notificacao_operadora:notificar_arquivos_recusados:74 - [RPA 1] 'EC INTEREDE 202605.xlsx' foi reprovado, mas não há e-mail de origem para responder (sem entry_id e sem rastreamento). É o esperado numa pasta preparada à mão.
2026-08-13 13:49:25.167 | INFO    |src.services.processamento_service:executar:151 - [RPA 1] E-mail de origem de 'EC INTEREDE 202605.xlsx': 1 arquivo(s) recusado(s), operadora NÃO notificada.
2026-08-13 13:49:25.168 | WARNING |src.services.notificacao_operadora:notificar_arquivos_recusados:74 - [RPA 1] 'EC INTEREDE 202606.xlsx' foi reprovado, mas não há e-mail de origem para responder (sem entry_id e sem rastreamento). É o esperado numa pasta preparada à mão.
2026-08-13 13:49:25.168 | INFO    |src.services.processamento_service:executar:151 - [RPA 1] E-mail de origem de 'EC INTEREDE 202606.xlsx': 1 arquivo(s) recusado(s), operadora NÃO notificada.
2026-08-13 13:49:25.168 | INFO    |src.services.processamento_service:executar:153 - Resumo — Sucesso: 32 | Reprovados: 81 | Não identificados: 0 | Erros: 0
2026-08-13 13:49:25.169 | INFO    |src.controllers.processamento_controller:processar:158 - [RPA 1 — etapa 2/2: identificação e salvamento] Arquivos salvos:          32
2026-08-13 13:49:25.169 | INFO    |src.controllers.processamento_controller:processar:158 - [RPA 1 — etapa 2/2: identificação e salvamento] Reprovados na validação:  81
2026-08-13 13:49:25.169 | INFO    |src.controllers.processamento_controller:processar:158 - [RPA 1 — etapa 2/2: identificação e salvamento] Não identificados:        0
2026-08-13 13:49:25.169 | INFO    |src.controllers.processamento_controller:processar:158 - [RPA 1 — etapa 2/2: identificação e salvamento] Com erro:                 0
2026-08-13 13:49:25.169 | INFO    |src.controllers.processamento_controller:processar:158 - [RPA 1 — etapa 2/2: identificação e salvamento] Reprovados (vão para a quarentena, não para a operadora):
2026-08-13 13:49:25.169 | INFO    |src.controllers.processamento_controller:processar:158 - [RPA 1 — etapa 2/2: identificação e salvamento]   Claro SMP - Receita - Rede SIP - 07.2026 - Enviado TLF.xlsx (Claro STFC)
2026-08-13 13:49:25.170 | INFO    |src.controllers.processamento_controller:processar:158 - [RPA 1 — etapa 2/2: identificação e salvamento]       o arquivo não pôde ser lido (formato, codificação ou conteúdo corrompido).
2026-08-13 13:49:25.170 | INFO    |src.controllers.processamento_controller:processar:158 - [RPA 1 — etapa 2/2: identificação e salvamento]       operadora notificada: NÃO
2026-08-13 13:49:25.170 | INFO    |src.controllers.processamento_controller:processar:158 - [RPA 1 — etapa 2/2: identificação e salvamento]   Ampernet_Vivo_202607.csv (Ampernet)
2026-08-13 13:49:25.170 | INFO    |src.controllers.processamento_controller:processar:158 - [RPA 1 — etapa 2/2: identificação e salvamento]       Coluna 10 (Minutos): os minutos admitem no máximo 1 casa decimal.
2026-08-13 13:49:25.170 | INFO    |src.controllers.processamento_controller:processar:158 - [RPA 1 — etapa 2/2: identificação e salvamento]       operadora notificada: NÃO
2026-08-13 13:49:25.170 | INFO    |src.controllers.processamento_controller:processar:158 - [RPA 1 — etapa 2/2: identificação e salvamento]   Detraf Nova x TLF_011 202605.csv (Nova Tecnologia e Telecomunicacoes)
2026-08-13 13:49:25.170 | INFO    |src.controllers.processamento_controller:processar:158 - [RPA 1 — etapa 2/2: identificação e salvamento]       Coluna 3 (Referência): a referência precisa ser 202607 (AAAAMM) em todas as linhas.
2026-08-13 13:49:25.170 | INFO    |src.controllers.processamento_controller:processar:158 - [RPA 1 — etapa 2/2: identificação e salvamento]       operadora notificada: NÃO
2026-08-13 13:49:25.170 | INFO    |src.controllers.processamento_controller:processar:158 - [RPA 1 — etapa 2/2: identificação e salvamento]   Detraf Nova x Vivo SMP 202605.csv (Nova Tecnologia e Telecomunicacoes)
2026-08-13 13:49:25.170 | INFO    |src.controllers.processamento_controller:processar:158 - [RPA 1 — etapa 2/2: identificação e salvamento]       Coluna 3 (Referência): a referência precisa ser 202607 (AAAAMM) em todas as linhas.
2026-08-13 13:49:25.171 | INFO    |src.controllers.processamento_controller:processar:158 - [RPA 1 — etapa 2/2: identificação e salvamento]       operadora notificada: NÃO
2026-08-13 13:49:25.171 | INFO    |src.controllers.processamento_controller:processar:158 - [RPA 1 — etapa 2/2: identificação e salvamento]   VIVO.xlsx (Tcheturbo Internet Provider)
2026-08-13 13:49:25.171 | INFO    |src.controllers.processamento_controller:processar:158 - [RPA 1 — etapa 2/2: identificação e salvamento]       Tarifas remuneradas: há linhas cuja tarifa não corresponde à tarifa regulada vigente para a região, o grupo horário e o mês de tráfego da linha.
2026-08-13 13:49:25.171 | INFO    |src.controllers.processamento_controller:processar:158 - [RPA 1 — etapa 2/2: identificação e salvamento]       operadora notificada: NÃO
2026-08-13 13:49:25.171 | INFO    |src.controllers.processamento_controller:processar:158 - [RPA 1 — etapa 2/2: identificação e salvamento]   Declaração de Tráfego UFINET x VIVO SMP 07-2026.xlsx (UFINET BRASIL)
2026-08-13 13:49:25.171 | INFO    |src.controllers.processamento_controller:processar:158 - [RPA 1 — etapa 2/2: identificação e salvamento]       Coluna 10 (Minutos): os minutos admitem no máximo 1 casa decimal.
2026-08-13 13:49:25.171 | INFO    |src.controllers.processamento_controller:processar:158 - [RPA 1 — etapa 2/2: identificação e salvamento]       operadora notificada: NÃO
2026-08-13 13:49:25.171 | INFO    |src.controllers.processamento_controller:processar:158 - [RPA 1 — etapa 2/2: identificação e salvamento]   detraf_202607_O51_010.csv (Union)
2026-08-13 13:49:25.171 | INFO    |src.controllers.processamento_controller:processar:158 - [RPA 1 — etapa 2/2: identificação e salvamento]       posição 9 (Minutos): esperado número, encontrado "279.377,05", "4.276,35", "nan" [2/5 válidos]
2026-08-13 13:49:25.172 | INFO    |src.controllers.processamento_controller:processar:158 - [RPA 1 — etapa 2/2: identificação e salvamento]       operadora notificada: NÃO
2026-08-13 13:49:25.172 | INFO    |src.controllers.processamento_controller:processar:158 - [RPA 1 — etapa 2/2: identificação e salvamento]   detraf_202607_O51_011.csv (Union)
2026-08-13 13:49:25.172 | INFO    |src.controllers.processamento_controller:processar:158 - [RPA 1 — etapa 2/2: identificação e salvamento]       posição 9 (Minutos): esperado número, encontrado "167.921,31", "3.128,81", "nan" [0/3 válidos]
2026-08-13 13:49:25.172 | INFO    |src.controllers.processamento_controller:processar:158 - [RPA 1 — etapa 2/2: identificação e salvamento]       operadora notificada: NÃO
2026-08-13 13:49:25.172 | INFO    |src.controllers.processamento_controller:processar:158 - [RPA 1 — etapa 2/2: identificação e salvamento]   DETRAF_IDT_TELEFONICA_07-2026_CRED.csv (IDT Brasil)
2026-08-13 13:49:25.172 | INFO    |src.controllers.processamento_controller:processar:158 - [RPA 1 — etapa 2/2: identificação e salvamento]       Tarifas remuneradas: há linhas cuja tarifa não corresponde à tarifa regulada vigente para a região, o grupo horário e o mês de tráfego da linha.
2026-08-13 13:49:25.172 | INFO    |src.controllers.processamento_controller:processar:158 - [RPA 1 — etapa 2/2: identificação e salvamento]       operadora notificada: NÃO
2026-08-13 13:49:25.172 | INFO    |src.controllers.processamento_controller:processar:158 - [RPA 1 — etapa 2/2: identificação e salvamento]   DETRAF_IDT_VIVO_07-2026_CRED.csv (IDT Brasil)
2026-08-13 13:49:25.172 | INFO    |src.controllers.processamento_controller:processar:158 - [RPA 1 — etapa 2/2: identificação e salvamento]       Tarifas remuneradas: há linhas cuja tarifa não corresponde à tarifa regulada vigente para a região, o grupo horário e o mês de tráfego da linha.
2026-08-13 13:49:25.172 | INFO    |src.controllers.processamento_controller:processar:158 - [RPA 1 — etapa 2/2: identificação e salvamento]       operadora notificada: NÃO
2026-08-13 13:49:25.173 | INFO    |src.controllers.processamento_controller:processar:158 - [RPA 1 — etapa 2/2: identificação e salvamento]   expectativa-telefonica-brasil-smp-c-vc1-202607.xlsx (Gigalink)
2026-08-13 13:49:25.173 | INFO    |src.controllers.processamento_controller:processar:158 - [RPA 1 — etapa 2/2: identificação e salvamento]       posição 9 (Minutos): esperado número, encontrado "72,370.7", "6,291.4", "nan" [1/4 válidos]
2026-08-13 13:49:25.173 | INFO    |src.controllers.processamento_controller:processar:158 - [RPA 1 — etapa 2/2: identificação e salvamento]       operadora notificada: NÃO
2026-08-13 13:49:25.173 | INFO    |src.controllers.processamento_controller:processar:158 - [RPA 1 — etapa 2/2: identificação e salvamento]   expectativa-telefonica-brasil-stfc-c-ldn-202607.xlsx (Gigalink)
2026-08-13 13:49:25.173 | INFO    |src.controllers.processamento_controller:processar:158 - [RPA 1 — etapa 2/2: identificação e salvamento]       Coluna 10 (Minutos): os minutos admitem no máximo 1 casa decimal.
2026-08-13 13:49:25.173 | INFO    |src.controllers.processamento_controller:processar:158 - [RPA 1 — etapa 2/2: identificação e salvamento]       operadora notificada: NÃO
2026-08-13 13:49:25.173 | INFO    |src.controllers.processamento_controller:processar:158 - [RPA 1 — etapa 2/2: identificação e salvamento]   DETRAF VMAX x TELEFONICA LDN_202607.xlsx (Claro STFC)
2026-08-13 13:49:25.173 | INFO    |src.controllers.processamento_controller:processar:158 - [RPA 1 — etapa 2/2: identificação e salvamento]       o arquivo não pôde ser lido (formato, codificação ou conteúdo corrompido).
2026-08-13 13:49:25.173 | INFO    |src.controllers.processamento_controller:processar:158 - [RPA 1 — etapa 2/2: identificação e salvamento]       operadora notificada: NÃO
2026-08-13 13:49:25.174 | INFO    |src.controllers.processamento_controller:processar:158 - [RPA 1 — etapa 2/2: identificação e salvamento]   DETRAF VMAX x TELEFONICA SMP_202607.xlsx (Claro STFC)
2026-08-13 13:49:25.174 | INFO    |src.controllers.processamento_controller:processar:158 - [RPA 1 — etapa 2/2: identificação e salvamento]       o arquivo não pôde ser lido (formato, codificação ou conteúdo corrompido).
2026-08-13 13:49:25.174 | INFO    |src.controllers.processamento_controller:processar:158 - [RPA 1 — etapa 2/2: identificação e salvamento]       operadora notificada: NÃO
2026-08-13 13:49:25.174 | INFO    |src.controllers.processamento_controller:processar:158 - [RPA 1 — etapa 2/2: identificação e salvamento]   Declaração de Tráfego G30 x VIVO SMP 07-2026.xls (Claro STFC)
2026-08-13 13:49:25.174 | INFO    |src.controllers.processamento_controller:processar:158 - [RPA 1 — etapa 2/2: identificação e salvamento]       o arquivo não pôde ser lido (formato, codificação ou conteúdo corrompido).
2026-08-13 13:49:25.174 | INFO    |src.controllers.processamento_controller:processar:158 - [RPA 1 — etapa 2/2: identificação e salvamento]       operadora notificada: NÃO
2026-08-13 13:49:25.174 | INFO    |src.controllers.processamento_controller:processar:158 - [RPA 1 — etapa 2/2: identificação e salvamento]   Declaração de Tráfego VOCÊ TELECOM x VIVO SMP_202607.xls (Claro STFC)
2026-08-13 13:49:25.174 | INFO    |src.controllers.processamento_controller:processar:158 - [RPA 1 — etapa 2/2: identificação e salvamento]       o arquivo não pôde ser lido (formato, codificação ou conteúdo corrompido).
2026-08-13 13:49:25.174 | INFO    |src.controllers.processamento_controller:processar:158 - [RPA 1 — etapa 2/2: identificação e salvamento]       operadora notificada: NÃO
2026-08-13 13:49:25.175 | INFO    |src.controllers.processamento_controller:processar:158 - [RPA 1 — etapa 2/2: identificação e salvamento]   DETRAF_FINAL_202607_HOME_TELEFONICA_C_20260804195316_ITX.csv (Claro SMP)
2026-08-13 13:49:25.175 | INFO    |src.controllers.processamento_controller:processar:158 - [RPA 1 — etapa 2/2: identificação e salvamento]       Tarifas remuneradas: há linhas cuja tarifa não corresponde à tarifa regulada vigente para a região, o grupo horário e o mês de tráfego da linha.
2026-08-13 13:49:25.175 | INFO    |src.controllers.processamento_controller:processar:158 - [RPA 1 — etapa 2/2: identificação e salvamento]       operadora notificada: NÃO
2026-08-13 13:49:25.175 | INFO    |src.controllers.processamento_controller:processar:158 - [RPA 1 — etapa 2/2: identificação e salvamento]   DETRAF_FINAL_202607_HOME_VIVO_STFC_C_20260804195317_ITX.csv (Claro SMP)
2026-08-13 13:49:25.175 | INFO    |src.controllers.processamento_controller:processar:158 - [RPA 1 — etapa 2/2: identificação e salvamento]       Tarifas remuneradas: há linhas cuja tarifa não corresponde à tarifa regulada vigente para a região, o grupo horário e o mês de tráfego da linha.
2026-08-13 13:49:25.176 | INFO    |src.controllers.processamento_controller:processar:158 - [RPA 1 — etapa 2/2: identificação e salvamento]       operadora notificada: NÃO
2026-08-13 13:49:25.176 | INFO    |src.controllers.processamento_controller:processar:158 - [RPA 1 — etapa 2/2: identificação e salvamento]   DETRAF_FINAL_202607_HOME_VIVO_C_20260804195317_ITX.csv (Claro SMP)
2026-08-13 13:49:25.176 | INFO    |src.controllers.processamento_controller:processar:158 - [RPA 1 — etapa 2/2: identificação e salvamento]       Colunas 12 a 15 (valores financeiros): os valores financeiros admitem no máximo 2 casas decimais.
2026-08-13 13:49:25.176 | INFO    |src.controllers.processamento_controller:processar:158 - [RPA 1 — etapa 2/2: identificação e salvamento]       operadora notificada: NÃO
2026-08-13 13:49:25.177 | INFO    |src.controllers.processamento_controller:processar:158 - [RPA 1 — etapa 2/2: identificação e salvamento]   DETRAF-TMCO-0128-2026-ITELCO-VIVO SMP- RESUMO_EOT -10_202607.xls (Claro STFC)
2026-08-13 13:49:25.177 | INFO    |src.controllers.processamento_controller:processar:158 - [RPA 1 — etapa 2/2: identificação e salvamento]       o arquivo não pôde ser lido (formato, codificação ou conteúdo corrompido).
2026-08-13 13:49:25.178 | INFO    |src.controllers.processamento_controller:processar:158 - [RPA 1 — etapa 2/2: identificação e salvamento]       operadora notificada: NÃO
2026-08-13 13:49:25.178 | INFO    |src.controllers.processamento_controller:processar:158 - [RPA 1 — etapa 2/2: identificação e salvamento]   Declaração de Tráfego DUARTE DIAS x VIVO LD_07-2026.xls (Claro STFC)
2026-08-13 13:49:25.178 | INFO    |src.controllers.processamento_controller:processar:158 - [RPA 1 — etapa 2/2: identificação e salvamento]       o arquivo não pôde ser lido (formato, codificação ou conteúdo corrompido).
2026-08-13 13:49:25.179 | INFO    |src.controllers.processamento_controller:processar:158 - [RPA 1 — etapa 2/2: identificação e salvamento]       operadora notificada: NÃO
2026-08-13 13:49:25.179 | INFO    |src.controllers.processamento_controller:processar:158 - [RPA 1 — etapa 2/2: identificação e salvamento]   Declaração de Tráfego DUARTE DIAS x VIVO SMP_07-2026.xls (Claro STFC)
2026-08-13 13:49:25.180 | INFO    |src.controllers.processamento_controller:processar:158 - [RPA 1 — etapa 2/2: identificação e salvamento]       o arquivo não pôde ser lido (formato, codificação ou conteúdo corrompido).
2026-08-13 13:49:25.180 | INFO    |src.controllers.processamento_controller:processar:158 - [RPA 1 — etapa 2/2: identificação e salvamento]       operadora notificada: NÃO
2026-08-13 13:49:25.181 | INFO    |src.controllers.processamento_controller:processar:158 - [RPA 1 — etapa 2/2: identificação e salvamento]   Declaração de Tráfego JP x VIVO LD_07-2026.xls (Claro STFC)
2026-08-13 13:49:25.181 | INFO    |src.controllers.processamento_controller:processar:158 - [RPA 1 — etapa 2/2: identificação e salvamento]       o arquivo não pôde ser lido (formato, codificação ou conteúdo corrompido).
2026-08-13 13:49:25.181 | INFO    |src.controllers.processamento_controller:processar:158 - [RPA 1 — etapa 2/2: identificação e salvamento]       operadora notificada: NÃO
2026-08-13 13:49:25.182 | INFO    |src.controllers.processamento_controller:processar:158 - [RPA 1 — etapa 2/2: identificação e salvamento]   Declaração de Tráfego JP x VIVO SMP_07-2026.xls (Claro STFC)
2026-08-13 13:49:25.182 | INFO    |src.controllers.processamento_controller:processar:158 - [RPA 1 — etapa 2/2: identificação e salvamento]       o arquivo não pôde ser lido (formato, codificação ou conteúdo corrompido).
2026-08-13 13:49:25.182 | INFO    |src.controllers.processamento_controller:processar:158 - [RPA 1 — etapa 2/2: identificação e salvamento]       operadora notificada: NÃO
2026-08-13 13:49:25.182 | INFO    |src.controllers.processamento_controller:processar:158 - [RPA 1 — etapa 2/2: identificação e salvamento]   Declaração de Tráfego FLEXUS x VIVO LD_07-2026.xls (Claro STFC)
2026-08-13 13:49:25.183 | INFO    |src.controllers.processamento_controller:processar:158 - [RPA 1 — etapa 2/2: identificação e salvamento]       o arquivo não pôde ser lido (formato, codificação ou conteúdo corrompido).
2026-08-13 13:49:25.183 | INFO    |src.controllers.processamento_controller:processar:158 - [RPA 1 — etapa 2/2: identificação e salvamento]       operadora notificada: NÃO
2026-08-13 13:49:25.183 | INFO    |src.controllers.processamento_controller:processar:158 - [RPA 1 — etapa 2/2: identificação e salvamento]   Declaração de Tráfego FLEXUS x VIVO SMP_07-2026.xls (Claro STFC)
2026-08-13 13:49:25.183 | INFO    |src.controllers.processamento_controller:processar:158 - [RPA 1 — etapa 2/2: identificação e salvamento]       o arquivo não pôde ser lido (formato, codificação ou conteúdo corrompido).
2026-08-13 13:49:25.183 | INFO    |src.controllers.processamento_controller:processar:158 - [RPA 1 — etapa 2/2: identificação e salvamento]       operadora notificada: NÃO
2026-08-13 13:49:25.183 | INFO    |src.controllers.processamento_controller:processar:158 - [RPA 1 — etapa 2/2: identificação e salvamento]   Declaração de Tráfego BRA x VIVO LD_07-2026.xls (Claro STFC)
2026-08-13 13:49:25.184 | INFO    |src.controllers.processamento_controller:processar:158 - [RPA 1 — etapa 2/2: identificação e salvamento]       o arquivo não pôde ser lido (formato, codificação ou conteúdo corrompido).
2026-08-13 13:49:25.184 | INFO    |src.controllers.processamento_controller:processar:158 - [RPA 1 — etapa 2/2: identificação e salvamento]       operadora notificada: NÃO
2026-08-13 13:49:25.184 | INFO    |src.controllers.processamento_controller:processar:158 - [RPA 1 — etapa 2/2: identificação e salvamento]   Declaração de Tráfego BRA x VIVO SMP_07-2026.xls (Claro STFC)
2026-08-13 13:49:25.184 | INFO    |src.controllers.processamento_controller:processar:158 - [RPA 1 — etapa 2/2: identificação e salvamento]       o arquivo não pôde ser lido (formato, codificação ou conteúdo corrompido).
2026-08-13 13:49:25.185 | INFO    |src.controllers.processamento_controller:processar:158 - [RPA 1 — etapa 2/2: identificação e salvamento]       operadora notificada: NÃO
2026-08-13 13:49:25.185 | INFO    |src.controllers.processamento_controller:processar:158 - [RPA 1 — etapa 2/2: identificação e salvamento]   DETRAF-TMCO-0122-2026-GGNET-VIVO STFC - RESUMO_EOT_200_948_202607.xls (Claro STFC)
2026-08-13 13:49:25.185 | INFO    |src.controllers.processamento_controller:processar:158 - [RPA 1 — etapa 2/2: identificação e salvamento]       o arquivo não pôde ser lido (formato, codificação ou conteúdo corrompido).
2026-08-13 13:49:25.185 | INFO    |src.controllers.processamento_controller:processar:158 - [RPA 1 — etapa 2/2: identificação e salvamento]       operadora notificada: NÃO
2026-08-13 13:49:25.185 | INFO    |src.controllers.processamento_controller:processar:158 - [RPA 1 — etapa 2/2: identificação e salvamento]   DETRAF-TMCO-0123-2026-GGNET-VIVO SMP - RESUMO EOT_044_045_202607.xls (Claro STFC)
2026-08-13 13:49:25.186 | INFO    |src.controllers.processamento_controller:processar:158 - [RPA 1 — etapa 2/2: identificação e salvamento]       o arquivo não pôde ser lido (formato, codificação ou conteúdo corrompido).
2026-08-13 13:49:25.186 | INFO    |src.controllers.processamento_controller:processar:158 - [RPA 1 — etapa 2/2: identificação e salvamento]       operadora notificada: NÃO
2026-08-13 13:49:25.186 | INFO    |src.controllers.processamento_controller:processar:158 - [RPA 1 — etapa 2/2: identificação e salvamento]   BALANCE_ALGAR_X_VIVO_SMP_R_202607_V00.csv (Algar)
2026-08-13 13:49:25.186 | INFO    |src.controllers.processamento_controller:processar:158 - [RPA 1 — etapa 2/2: identificação e salvamento]       o arquivo não pôde ser lido (formato, codificação ou conteúdo corrompido).
2026-08-13 13:49:25.187 | INFO    |src.controllers.processamento_controller:processar:158 - [RPA 1 — etapa 2/2: identificação e salvamento]       operadora notificada: NÃO
2026-08-13 13:49:25.187 | INFO    |src.controllers.processamento_controller:processar:158 - [RPA 1 — etapa 2/2: identificação e salvamento]   DETRAT_ALGAR_X_VIVO_SMP_R_202607_V00.csv (Algar)
2026-08-13 13:49:25.187 | INFO    |src.controllers.processamento_controller:processar:158 - [RPA 1 — etapa 2/2: identificação e salvamento]       Tarifas remuneradas: há linhas cuja tarifa não corresponde à tarifa regulada vigente para a região, o grupo horário e o mês de tráfego da linha.
2026-08-13 13:49:25.187 | INFO    |src.controllers.processamento_controller:processar:158 - [RPA 1 — etapa 2/2: identificação e salvamento]       operadora notificada: NÃO
2026-08-13 13:49:25.187 | INFO    |src.controllers.processamento_controller:processar:158 - [RPA 1 — etapa 2/2: identificação e salvamento]   DETRAT_ALGAR_X_VIVO_STFC_R_202607_V00.csv (Algar)
2026-08-13 13:49:25.188 | INFO    |src.controllers.processamento_controller:processar:158 - [RPA 1 — etapa 2/2: identificação e salvamento]       Tarifas remuneradas: há linhas cuja tarifa não corresponde à tarifa regulada vigente para a região, o grupo horário e o mês de tráfego da linha.
2026-08-13 13:49:25.188 | INFO    |src.controllers.processamento_controller:processar:158 - [RPA 1 — etapa 2/2: identificação e salvamento]       operadora notificada: NÃO
2026-08-13 13:49:25.188 | INFO    |src.controllers.processamento_controller:processar:158 - [RPA 1 — etapa 2/2: identificação e salvamento]   DETRAF_ONE_Telefonica-GVT-Julho-2026.xlsx (Claro STFC)
2026-08-13 13:49:25.188 | INFO    |src.controllers.processamento_controller:processar:158 - [RPA 1 — etapa 2/2: identificação e salvamento]       o arquivo não pôde ser lido (formato, codificação ou conteúdo corrompido).
2026-08-13 13:49:25.189 | INFO    |src.controllers.processamento_controller:processar:158 - [RPA 1 — etapa 2/2: identificação e salvamento]       operadora notificada: NÃO
2026-08-13 13:49:25.189 | INFO    |src.controllers.processamento_controller:processar:158 - [RPA 1 — etapa 2/2: identificação e salvamento]   DETRAF_ONE_Vivo-Julho-2026.xlsx (One Telecom)
2026-08-13 13:49:25.189 | INFO    |src.controllers.processamento_controller:processar:158 - [RPA 1 — etapa 2/2: identificação e salvamento]       Coluna 10 (Minutos): os minutos admitem no máximo 1 casa decimal.
2026-08-13 13:49:25.189 | INFO    |src.controllers.processamento_controller:processar:158 - [RPA 1 — etapa 2/2: identificação e salvamento]       operadora notificada: NÃO
2026-08-13 13:49:25.189 | INFO    |src.controllers.processamento_controller:processar:158 - [RPA 1 — etapa 2/2: identificação e salvamento]   DETRAF VIVO - CICLO 072026.csv (Duo Telecom)
2026-08-13 13:49:25.190 | INFO    |src.controllers.processamento_controller:processar:158 - [RPA 1 — etapa 2/2: identificação e salvamento]       Coluna 10 (Minutos): os minutos admitem no máximo 1 casa decimal.
2026-08-13 13:49:25.190 | INFO    |src.controllers.processamento_controller:processar:158 - [RPA 1 — etapa 2/2: identificação e salvamento]       operadora notificada: NÃO
2026-08-13 13:49:25.190 | INFO    |src.controllers.processamento_controller:processar:158 - [RPA 1 — etapa 2/2: identificação e salvamento]   MUNDIVOX_VIVO_202607.csv (Mundivox)
2026-08-13 13:49:25.190 | INFO    |src.controllers.processamento_controller:processar:158 - [RPA 1 — etapa 2/2: identificação e salvamento]       Coluna 10 (Minutos): os minutos admitem no máximo 1 casa decimal.
2026-08-13 13:49:25.191 | INFO    |src.controllers.processamento_controller:processar:158 - [RPA 1 — etapa 2/2: identificação e salvamento]       operadora notificada: NÃO
2026-08-13 13:49:25.191 | INFO    |src.controllers.processamento_controller:processar:158 - [RPA 1 — etapa 2/2: identificação e salvamento]   DETRAF_SOTHIS_X_VIVO_202607.xlsx (Sothis)
2026-08-13 13:49:25.191 | INFO    |src.controllers.processamento_controller:processar:158 - [RPA 1 — etapa 2/2: identificação e salvamento]       Coluna 11 (Tarifa): a tarifa admite no máximo 5 casas decimais e não pode ser zero.
2026-08-13 13:49:25.191 | INFO    |src.controllers.processamento_controller:processar:158 - [RPA 1 — etapa 2/2: identificação e salvamento]       operadora notificada: NÃO
2026-08-13 13:49:25.192 | INFO    |src.controllers.processamento_controller:processar:158 - [RPA 1 — etapa 2/2: identificação e salvamento]   DETRAF_FINAL_202607_HOME_VIVO_C_20260804195236_SMS.csv (Claro STFC)
2026-08-13 13:49:25.192 | INFO    |src.controllers.processamento_controller:processar:158 - [RPA 1 — etapa 2/2: identificação e salvamento]       posição 7 (GH): esperado S, R, N ou D, encontrado "F", "nan", "F" [0/200 válidos]
2026-08-13 13:49:25.192 | INFO    |src.controllers.processamento_controller:processar:158 - [RPA 1 — etapa 2/2: identificação e salvamento]       operadora notificada: NÃO
2026-08-13 13:49:25.192 | INFO    |src.controllers.processamento_controller:processar:158 - [RPA 1 — etapa 2/2: identificação e salvamento]   DETRAF CLARO STFC LD X TELEFONICA 202607.xls (Claro STFC)
2026-08-13 13:49:25.193 | INFO    |src.controllers.processamento_controller:processar:158 - [RPA 1 — etapa 2/2: identificação e salvamento]       o arquivo não pôde ser lido (formato, codificação ou conteúdo corrompido).
2026-08-13 13:49:25.193 | INFO    |src.controllers.processamento_controller:processar:158 - [RPA 1 — etapa 2/2: identificação e salvamento]       operadora notificada: NÃO
2026-08-13 13:49:25.193 | INFO    |src.controllers.processamento_controller:processar:158 - [RPA 1 — etapa 2/2: identificação e salvamento]   DETRAF CLARO STFC LD X VIVO SMP 202607.xls (Claro STFC)
2026-08-13 13:49:25.194 | INFO    |src.controllers.processamento_controller:processar:158 - [RPA 1 — etapa 2/2: identificação e salvamento]       o arquivo não pôde ser lido (formato, codificação ou conteúdo corrompido).
2026-08-13 13:49:25.194 | INFO    |src.controllers.processamento_controller:processar:158 - [RPA 1 — etapa 2/2: identificação e salvamento]       operadora notificada: NÃO
2026-08-13 13:49:25.194 | INFO    |src.controllers.processamento_controller:processar:158 - [RPA 1 — etapa 2/2: identificação e salvamento]   DETRAF CLARO STFC LD X VIVO STFC 202607.xls (Claro STFC)
2026-08-13 13:49:25.195 | INFO    |src.controllers.processamento_controller:processar:158 - [RPA 1 — etapa 2/2: identificação e salvamento]       o arquivo não pôde ser lido (formato, codificação ou conteúdo corrompido).
2026-08-13 13:49:25.195 | INFO    |src.controllers.processamento_controller:processar:158 - [RPA 1 — etapa 2/2: identificação e salvamento]       operadora notificada: NÃO
2026-08-13 13:49:25.195 | INFO    |src.controllers.processamento_controller:processar:158 - [RPA 1 — etapa 2/2: identificação e salvamento]   DETRAF CLARO STFC LC X TELEFONICA 202607.xls (Claro STFC)
2026-08-13 13:49:25.195 | INFO    |src.controllers.processamento_controller:processar:158 - [RPA 1 — etapa 2/2: identificação e salvamento]       o arquivo não pôde ser lido (formato, codificação ou conteúdo corrompido).
2026-08-13 13:49:25.196 | INFO    |src.controllers.processamento_controller:processar:158 - [RPA 1 — etapa 2/2: identificação e salvamento]       operadora notificada: NÃO
2026-08-13 13:49:25.196 | INFO    |src.controllers.processamento_controller:processar:158 - [RPA 1 — etapa 2/2: identificação e salvamento]   DETRAF CLARO STFC LC X VIVO SMP 202607.xls (Claro STFC)
2026-08-13 13:49:25.197 | INFO    |src.controllers.processamento_controller:processar:158 - [RPA 1 — etapa 2/2: identificação e salvamento]       o arquivo não pôde ser lido (formato, codificação ou conteúdo corrompido).
2026-08-13 13:49:25.197 | INFO    |src.controllers.processamento_controller:processar:158 - [RPA 1 — etapa 2/2: identificação e salvamento]       operadora notificada: NÃO
2026-08-13 13:49:25.198 | INFO    |src.controllers.processamento_controller:processar:158 - [RPA 1 — etapa 2/2: identificação e salvamento]   DETRAF CLARO STFC LC X VIVO STFC 202607.xls (Claro STFC)
2026-08-13 13:49:25.198 | INFO    |src.controllers.processamento_controller:processar:158 - [RPA 1 — etapa 2/2: identificação e salvamento]       o arquivo não pôde ser lido (formato, codificação ou conteúdo corrompido).
2026-08-13 13:49:25.198 | INFO    |src.controllers.processamento_controller:processar:158 - [RPA 1 — etapa 2/2: identificação e salvamento]       operadora notificada: NÃO
2026-08-13 13:49:25.198 | INFO    |src.controllers.processamento_controller:processar:158 - [RPA 1 — etapa 2/2: identificação e salvamento]   D_IPCorp_Telecom_Vivo_-_Fixa_LD_202607.XLS (Claro STFC)
2026-08-13 13:49:25.199 | INFO    |src.controllers.processamento_controller:processar:158 - [RPA 1 — etapa 2/2: identificação e salvamento]       o arquivo não pôde ser lido (formato, codificação ou conteúdo corrompido).
2026-08-13 13:49:25.199 | INFO    |src.controllers.processamento_controller:processar:158 - [RPA 1 — etapa 2/2: identificação e salvamento]       operadora notificada: NÃO
2026-08-13 13:49:25.199 | INFO    |src.controllers.processamento_controller:processar:158 - [RPA 1 — etapa 2/2: identificação e salvamento]   D_IPCorp_Telecom_Vivo_-_Móvel_LC_202607.xls (Claro STFC)
2026-08-13 13:49:25.199 | INFO    |src.controllers.processamento_controller:processar:158 - [RPA 1 — etapa 2/2: identificação e salvamento]       o arquivo não pôde ser lido (formato, codificação ou conteúdo corrompido).
2026-08-13 13:49:25.200 | INFO    |src.controllers.processamento_controller:processar:158 - [RPA 1 — etapa 2/2: identificação e salvamento]       operadora notificada: NÃO
2026-08-13 13:49:25.200 | INFO    |src.controllers.processamento_controller:processar:158 - [RPA 1 — etapa 2/2: identificação e salvamento]   D_IPCorp_Telecom_Vivo_-_Móvel_LD_202607.XLS (Claro STFC)
2026-08-13 13:49:25.200 | INFO    |src.controllers.processamento_controller:processar:158 - [RPA 1 — etapa 2/2: identificação e salvamento]       o arquivo não pôde ser lido (formato, codificação ou conteúdo corrompido).
2026-08-13 13:49:25.200 | INFO    |src.controllers.processamento_controller:processar:158 - [RPA 1 — etapa 2/2: identificação e salvamento]       operadora notificada: NÃO
2026-08-13 13:49:25.201 | INFO    |src.controllers.processamento_controller:processar:158 - [RPA 1 — etapa 2/2: identificação e salvamento]   detraf_072026_credor.xlsx (Xturbo Provedor de Internet EIRELI)
2026-08-13 13:49:25.201 | INFO    |src.controllers.processamento_controller:processar:158 - [RPA 1 — etapa 2/2: identificação e salvamento]       posição 1 (Devedora): esperado EOT (Anexo 5), encontrado "Xturbo Provedor de Internet EIRELI", "Xturbo Provedor de Internet EIRELI", "Xturbo Provedor de Internet EIRELI" [0/5 válidos]
2026-08-13 13:49:25.201 | INFO    |src.controllers.processamento_controller:processar:158 - [RPA 1 — etapa 2/2: identificação e salvamento]       operadora notificada: NÃO
2026-08-13 13:49:25.201 | INFO    |src.controllers.processamento_controller:processar:158 - [RPA 1 — etapa 2/2: identificação e salvamento]   LYTUX - 07.2026  - VIVO.xlsx (Lytux - PABX Virtual & Telefonia IP)
2026-08-13 13:49:25.202 | INFO    |src.controllers.processamento_controller:processar:158 - [RPA 1 — etapa 2/2: identificação e salvamento]       Coluna 10 (Minutos): os minutos admitem no máximo 1 casa decimal.
2026-08-13 13:49:25.202 | INFO    |src.controllers.processamento_controller:processar:158 - [RPA 1 — etapa 2/2: identificação e salvamento]       operadora notificada: NÃO
2026-08-13 13:49:25.202 | INFO    |src.controllers.processamento_controller:processar:158 - [RPA 1 — etapa 2/2: identificação e salvamento]   NOVACIA - 07.2026 - VIVO.xlsx (Novacia Telecom)
2026-08-13 13:49:25.202 | INFO    |src.controllers.processamento_controller:processar:158 - [RPA 1 — etapa 2/2: identificação e salvamento]       Coluna 2 (EOT da Vivo): a coluna da devedora traz EOT que não corresponde a nenhum nome fantasia da Vivo.
2026-08-13 13:49:25.203 | INFO    |src.controllers.processamento_controller:processar:158 - [RPA 1 — etapa 2/2: identificação e salvamento]       operadora notificada: NÃO
2026-08-13 13:49:25.203 | INFO    |src.controllers.processamento_controller:processar:158 - [RPA 1 — etapa 2/2: identificação e salvamento]   DETRAF-TMCO-0116-2026-PREDLINK-VIVO SMP - RESUMO_EOT 20-202607.xls (Claro STFC)
2026-08-13 13:49:25.203 | INFO    |src.controllers.processamento_controller:processar:158 - [RPA 1 — etapa 2/2: identificação e salvamento]       o arquivo não pôde ser lido (formato, codificação ou conteúdo corrompido).
2026-08-13 13:49:25.203 | INFO    |src.controllers.processamento_controller:processar:158 - [RPA 1 — etapa 2/2: identificação e salvamento]       operadora notificada: NÃO
2026-08-13 13:49:25.204 | INFO    |src.controllers.processamento_controller:processar:158 - [RPA 1 — etapa 2/2: identificação e salvamento]   Detraf Credora Mundo (EOT A04) x Devedora Vivo (EOT 030) - Agosto.2026.csv (Mundo Telecom)
2026-08-13 13:49:25.204 | INFO    |src.controllers.processamento_controller:processar:158 - [RPA 1 — etapa 2/2: identificação e salvamento]       Colunas 12 a 15 (valores financeiros): os valores financeiros admitem no máximo 2 casas decimais.
2026-08-13 13:49:25.204 | INFO    |src.controllers.processamento_controller:processar:158 - [RPA 1 — etapa 2/2: identificação e salvamento]       operadora notificada: NÃO
2026-08-13 13:49:25.204 | INFO    |src.controllers.processamento_controller:processar:158 - [RPA 1 — etapa 2/2: identificação e salvamento]   Detraf Credora Mundo (EOT A04) x Devedora Vivo (EOT 931) - Agosto.2026.csv (Mundo Telecom)
2026-08-13 13:49:25.204 | INFO    |src.controllers.processamento_controller:processar:158 - [RPA 1 — etapa 2/2: identificação e salvamento]       Colunas 12 a 15 (valores financeiros): os valores financeiros admitem no máximo 2 casas decimais.
2026-08-13 13:49:25.204 | INFO    |src.controllers.processamento_controller:processar:158 - [RPA 1 — etapa 2/2: identificação e salvamento]       operadora notificada: NÃO
2026-08-13 13:49:25.205 | INFO    |src.controllers.processamento_controller:processar:158 - [RPA 1 — etapa 2/2: identificação e salvamento]   SEA - 07.2026 - VIVO.xlsx (Sea Telecom)
2026-08-13 13:49:25.205 | INFO    |src.controllers.processamento_controller:processar:158 - [RPA 1 — etapa 2/2: identificação e salvamento]       Coluna 10 (Minutos): os minutos admitem no máximo 1 casa decimal.
2026-08-13 13:49:25.205 | INFO    |src.controllers.processamento_controller:processar:158 - [RPA 1 — etapa 2/2: identificação e salvamento]       operadora notificada: NÃO
2026-08-13 13:49:25.205 | INFO    |src.controllers.processamento_controller:processar:158 - [RPA 1 — etapa 2/2: identificação e salvamento]   RAMAL VIRTUAL - 07.2026  -  VIVO.xlsx (Ramalvirtual Telecomunicacoes)
2026-08-13 13:49:25.206 | INFO    |src.controllers.processamento_controller:processar:158 - [RPA 1 — etapa 2/2: identificação e salvamento]       Coluna 10 (Minutos): os minutos admitem no máximo 1 casa decimal.
2026-08-13 13:49:25.206 | INFO    |src.controllers.processamento_controller:processar:158 - [RPA 1 — etapa 2/2: identificação e salvamento]       operadora notificada: NÃO
2026-08-13 13:49:25.206 | INFO    |src.controllers.processamento_controller:processar:158 - [RPA 1 — etapa 2/2: identificação e salvamento]   ROCKETNET - 07.2026 - VIVO.xlsx (Rocketnet)
2026-08-13 13:49:25.206 | INFO    |src.controllers.processamento_controller:processar:158 - [RPA 1 — etapa 2/2: identificação e salvamento]       Coluna 3 (Referência): a referência precisa ser 202607 (AAAAMM) em todas as linhas.
2026-08-13 13:49:25.207 | INFO    |src.controllers.processamento_controller:processar:158 - [RPA 1 — etapa 2/2: identificação e salvamento]       operadora notificada: NÃO
2026-08-13 13:49:25.207 | INFO    |src.controllers.processamento_controller:processar:158 - [RPA 1 — etapa 2/2: identificação e salvamento]   202607 Detraf RS-SC C LD STFC Unifique X STFC Telefonica Brasil.xlsx (Unifique)
2026-08-13 13:49:25.207 | INFO    |src.controllers.processamento_controller:processar:158 - [RPA 1 — etapa 2/2: identificação e salvamento]       Coluna 10 (Minutos): os minutos admitem no máximo 1 casa decimal.
2026-08-13 13:49:25.208 | INFO    |src.controllers.processamento_controller:processar:158 - [RPA 1 — etapa 2/2: identificação e salvamento]       operadora notificada: NÃO
2026-08-13 13:49:25.208 | INFO    |src.controllers.processamento_controller:processar:158 - [RPA 1 — etapa 2/2: identificação e salvamento]   ITANET -  07.2026 - VIVO.xlsx (ITANET)
2026-08-13 13:49:25.208 | INFO    |src.controllers.processamento_controller:processar:158 - [RPA 1 — etapa 2/2: identificação e salvamento]       Coluna 10 (Minutos): os minutos admitem no máximo 1 casa decimal.
2026-08-13 13:49:25.209 | INFO    |src.controllers.processamento_controller:processar:158 - [RPA 1 — etapa 2/2: identificação e salvamento]       operadora notificada: NÃO
2026-08-13 13:49:25.209 | INFO    |src.controllers.processamento_controller:processar:158 - [RPA 1 — etapa 2/2: identificação e salvamento]   FORZA -  07.2026 - VIVO.xlsx (FORZA TELECOMUNICACOES LTDA)
2026-08-13 13:49:25.209 | INFO    |src.controllers.processamento_controller:processar:158 - [RPA 1 — etapa 2/2: identificação e salvamento]       Coluna 10 (Minutos): os minutos admitem no máximo 1 casa decimal.
2026-08-13 13:49:25.210 | INFO    |src.controllers.processamento_controller:processar:158 - [RPA 1 — etapa 2/2: identificação e salvamento]       operadora notificada: NÃO
2026-08-13 13:49:25.210 | INFO    |src.controllers.processamento_controller:processar:158 - [RPA 1 — etapa 2/2: identificação e salvamento]   GMARX - 07.2026 - VIVO.xlsx (Vivo)
2026-08-13 13:49:25.210 | INFO    |src.controllers.processamento_controller:processar:158 - [RPA 1 — etapa 2/2: identificação e salvamento]       Coluna 2 (EOT da Vivo): a coluna da devedora traz EOT que não corresponde a nenhum nome fantasia da Vivo.
2026-08-13 13:49:25.210 | INFO    |src.controllers.processamento_controller:processar:158 - [RPA 1 — etapa 2/2: identificação e salvamento]       operadora notificada: NÃO
2026-08-13 13:49:25.210 | INFO    |src.controllers.processamento_controller:processar:158 - [RPA 1 — etapa 2/2: identificação e salvamento]   CDI - 07.2026 - VIVO.xlsx (CDI Telecom)
2026-08-13 13:49:25.211 | INFO    |src.controllers.processamento_controller:processar:158 - [RPA 1 — etapa 2/2: identificação e salvamento]       Coluna 10 (Minutos): os minutos admitem no máximo 1 casa decimal.
2026-08-13 13:49:25.211 | INFO    |src.controllers.processamento_controller:processar:158 - [RPA 1 — etapa 2/2: identificação e salvamento]       operadora notificada: NÃO
2026-08-13 13:49:25.212 | INFO    |src.controllers.processamento_controller:processar:158 - [RPA 1 — etapa 2/2: identificação e salvamento]   202607 Detraf RS-SC C LC STFC Unifique X SMP Telefonica Brasil.xlsx (Unifique)
2026-08-13 13:49:25.212 | INFO    |src.controllers.processamento_controller:processar:158 - [RPA 1 — etapa 2/2: identificação e salvamento]       Coluna 10 (Minutos): os minutos admitem no máximo 1 casa decimal.
2026-08-13 13:49:25.212 | INFO    |src.controllers.processamento_controller:processar:158 - [RPA 1 — etapa 2/2: identificação e salvamento]       operadora notificada: NÃO
2026-08-13 13:49:25.213 | INFO    |src.controllers.processamento_controller:processar:158 - [RPA 1 — etapa 2/2: identificação e salvamento]   DETRAT_DATORA_STFC_X_TELEFONICA_BRASIL___STFC_STFC_R_072026_V00.csv (Datora)
2026-08-13 13:49:25.213 | INFO    |src.controllers.processamento_controller:processar:158 - [RPA 1 — etapa 2/2: identificação e salvamento]       o arquivo não pôde ser lido (formato, codificação ou conteúdo corrompido).
2026-08-13 13:49:25.213 | INFO    |src.controllers.processamento_controller:processar:158 - [RPA 1 — etapa 2/2: identificação e salvamento]       operadora notificada: NÃO
2026-08-13 13:49:25.214 | INFO    |src.controllers.processamento_controller:processar:158 - [RPA 1 — etapa 2/2: identificação e salvamento]   DETRAT_DATORA_STFC_X_TELEFONICA_BRASIL___STFC_STFC_R_072026_V00.xlsx (Datora)
2026-08-13 13:49:25.214 | INFO    |src.controllers.processamento_controller:processar:158 - [RPA 1 — etapa 2/2: identificação e salvamento]       posição 7 (GH): esperado S, R, N ou D, encontrado "TNENL", "TNENI", "TNENI" [0/200 válidos]
2026-08-13 13:49:25.214 | INFO    |src.controllers.processamento_controller:processar:158 - [RPA 1 — etapa 2/2: identificação e salvamento]       operadora notificada: NÃO
2026-08-13 13:49:25.214 | INFO    |src.controllers.processamento_controller:processar:158 - [RPA 1 — etapa 2/2: identificação e salvamento]   detraf_202607_VIVO_SMP.csv (FALE SEMPRE)
2026-08-13 13:49:25.215 | INFO    |src.controllers.processamento_controller:processar:158 - [RPA 1 — etapa 2/2: identificação e salvamento]       Coluna 10 (Minutos): os minutos admitem no máximo 1 casa decimal.
2026-08-13 13:49:25.215 | INFO    |src.controllers.processamento_controller:processar:158 - [RPA 1 — etapa 2/2: identificação e salvamento]       operadora notificada: NÃO
2026-08-13 13:49:25.215 | INFO    |src.controllers.processamento_controller:processar:158 - [RPA 1 — etapa 2/2: identificação e salvamento]   detraf_202607_VIVO_STFC.csv (FALE SEMPRE)
2026-08-13 13:49:25.215 | INFO    |src.controllers.processamento_controller:processar:158 - [RPA 1 — etapa 2/2: identificação e salvamento]       Coluna 10 (Minutos): os minutos admitem no máximo 1 casa decimal.
2026-08-13 13:49:25.215 | INFO    |src.controllers.processamento_controller:processar:158 - [RPA 1 — etapa 2/2: identificação e salvamento]       operadora notificada: NÃO
2026-08-13 13:49:25.216 | INFO    |src.controllers.processamento_controller:processar:158 - [RPA 1 — etapa 2/2: identificação e salvamento]   Detraf TVN Vivo_072026.csv (TVN VOZ)
2026-08-13 13:49:25.216 | INFO    |src.controllers.processamento_controller:processar:158 - [RPA 1 — etapa 2/2: identificação e salvamento]       Tarifas remuneradas: há linhas cuja tarifa não corresponde à tarifa regulada vigente para a região, o grupo horário e o mês de tráfego da linha.
2026-08-13 13:49:25.216 | INFO    |src.controllers.processamento_controller:processar:158 - [RPA 1 — etapa 2/2: identificação e salvamento]       operadora notificada: NÃO
2026-08-13 13:49:25.217 | INFO    |src.controllers.processamento_controller:processar:158 - [RPA 1 — etapa 2/2: identificação e salvamento]   Solução Network - VIVO (FIXA) - DETRAF - JULHO 2026.csv (Solucao Network)
2026-08-13 13:49:25.217 | INFO    |src.controllers.processamento_controller:processar:158 - [RPA 1 — etapa 2/2: identificação e salvamento]       Coluna 11 (Tarifa): a tarifa admite no máximo 5 casas decimais e não pode ser zero.
2026-08-13 13:49:25.217 | INFO    |src.controllers.processamento_controller:processar:158 - [RPA 1 — etapa 2/2: identificação e salvamento]       operadora notificada: NÃO
2026-08-13 13:49:25.217 | INFO    |src.controllers.processamento_controller:processar:158 - [RPA 1 — etapa 2/2: identificação e salvamento]   Solução Network - VIVO (MOVEL) - DETRAF - JULHO 2026.csv (Solucao Network)
2026-08-13 13:49:25.218 | INFO    |src.controllers.processamento_controller:processar:158 - [RPA 1 — etapa 2/2: identificação e salvamento]       Coluna 11 (Tarifa): a tarifa admite no máximo 5 casas decimais e não pode ser zero.
2026-08-13 13:49:25.218 | INFO    |src.controllers.processamento_controller:processar:158 - [RPA 1 — etapa 2/2: identificação e salvamento]       operadora notificada: NÃO
2026-08-13 13:49:25.218 | INFO    |src.controllers.processamento_controller:processar:158 - [RPA 1 — etapa 2/2: identificação e salvamento]   DÉBITOS VIVO.xlsx (Claro STFC)
2026-08-13 13:49:25.219 | INFO    |src.controllers.processamento_controller:processar:158 - [RPA 1 — etapa 2/2: identificação e salvamento]       o arquivo não pôde ser lido (formato, codificação ou conteúdo corrompido).
2026-08-13 13:49:25.219 | INFO    |src.controllers.processamento_controller:processar:158 - [RPA 1 — etapa 2/2: identificação e salvamento]       operadora notificada: NÃO
2026-08-13 13:49:25.219 | INFO    |src.controllers.processamento_controller:processar:158 - [RPA 1 — etapa 2/2: identificação e salvamento]   EC FALE SEMPRE - 202605.xlsx (Claro STFC)
2026-08-13 13:49:25.220 | INFO    |src.controllers.processamento_controller:processar:158 - [RPA 1 — etapa 2/2: identificação e salvamento]       o arquivo não pôde ser lido (formato, codificação ou conteúdo corrompido).
2026-08-13 13:49:25.220 | INFO    |src.controllers.processamento_controller:processar:158 - [RPA 1 — etapa 2/2: identificação e salvamento]       operadora notificada: NÃO
2026-08-13 13:49:25.220 | INFO    |src.controllers.processamento_controller:processar:158 - [RPA 1 — etapa 2/2: identificação e salvamento]   EC VIVO - FSM 202602.xlsx (Claro STFC)
2026-08-13 13:49:25.220 | INFO    |src.controllers.processamento_controller:processar:158 - [RPA 1 — etapa 2/2: identificação e salvamento]       o arquivo não pôde ser lido (formato, codificação ou conteúdo corrompido).
2026-08-13 13:49:25.220 | INFO    |src.controllers.processamento_controller:processar:158 - [RPA 1 — etapa 2/2: identificação e salvamento]       operadora notificada: NÃO
2026-08-13 13:49:25.220 | INFO    |src.controllers.processamento_controller:processar:158 - [RPA 1 — etapa 2/2: identificação e salvamento]   EC VIVO FSM 202606.xlsx (Claro STFC)
2026-08-13 13:49:25.221 | INFO    |src.controllers.processamento_controller:processar:158 - [RPA 1 — etapa 2/2: identificação e salvamento]       o arquivo não pôde ser lido (formato, codificação ou conteúdo corrompido).
2026-08-13 13:49:25.221 | INFO    |src.controllers.processamento_controller:processar:158 - [RPA 1 — etapa 2/2: identificação e salvamento]       operadora notificada: NÃO
2026-08-13 13:49:25.221 | INFO    |src.controllers.processamento_controller:processar:158 - [RPA 1 — etapa 2/2: identificação e salvamento]   EC VIVO AGERA 202606.xlsx (Claro STFC)
2026-08-13 13:49:25.221 | INFO    |src.controllers.processamento_controller:processar:158 - [RPA 1 — etapa 2/2: identificação e salvamento]       o arquivo não pôde ser lido (formato, codificação ou conteúdo corrompido).
2026-08-13 13:49:25.221 | INFO    |src.controllers.processamento_controller:processar:158 - [RPA 1 — etapa 2/2: identificação e salvamento]       operadora notificada: NÃO
2026-08-13 13:49:25.222 | INFO    |src.controllers.processamento_controller:processar:158 - [RPA 1 — etapa 2/2: identificação e salvamento]   EC VIVO FSM 202604.xlsx (Claro STFC)
2026-08-13 13:49:25.222 | INFO    |src.controllers.processamento_controller:processar:158 - [RPA 1 — etapa 2/2: identificação e salvamento]       o arquivo não pôde ser lido (formato, codificação ou conteúdo corrompido).
2026-08-13 13:49:25.222 | INFO    |src.controllers.processamento_controller:processar:158 - [RPA 1 — etapa 2/2: identificação e salvamento]       operadora notificada: NÃO
2026-08-13 13:49:25.223 | INFO    |src.controllers.processamento_controller:processar:158 - [RPA 1 — etapa 2/2: identificação e salvamento]   EC VIVO FSM 202605.xlsx (Claro STFC)
2026-08-13 13:49:25.223 | INFO    |src.controllers.processamento_controller:processar:158 - [RPA 1 — etapa 2/2: identificação e salvamento]       o arquivo não pôde ser lido (formato, codificação ou conteúdo corrompido).
2026-08-13 13:49:25.223 | INFO    |src.controllers.processamento_controller:processar:158 - [RPA 1 — etapa 2/2: identificação e salvamento]       operadora notificada: NÃO
2026-08-13 13:49:25.223 | INFO    |src.controllers.processamento_controller:processar:158 - [RPA 1 — etapa 2/2: identificação e salvamento]   EC VIVO FSM 202606.xlsx (Claro STFC)
2026-08-13 13:49:25.224 | INFO    |src.controllers.processamento_controller:processar:158 - [RPA 1 — etapa 2/2: identificação e salvamento]       o arquivo não pôde ser lido (formato, codificação ou conteúdo corrompido).
2026-08-13 13:49:25.224 | INFO    |src.controllers.processamento_controller:processar:158 - [RPA 1 — etapa 2/2: identificação e salvamento]       operadora notificada: NÃO
2026-08-13 13:49:25.224 | INFO    |src.controllers.processamento_controller:processar:158 - [RPA 1 — etapa 2/2: identificação e salvamento]   EC INTEREDE 202604.xlsx (Claro STFC)
2026-08-13 13:49:25.224 | INFO    |src.controllers.processamento_controller:processar:158 - [RPA 1 — etapa 2/2: identificação e salvamento]       o arquivo não pôde ser lido (formato, codificação ou conteúdo corrompido).
2026-08-13 13:49:25.225 | INFO    |src.controllers.processamento_controller:processar:158 - [RPA 1 — etapa 2/2: identificação e salvamento]       operadora notificada: NÃO
2026-08-13 13:49:25.225 | INFO    |src.controllers.processamento_controller:processar:158 - [RPA 1 — etapa 2/2: identificação e salvamento]   EC INTEREDE 202605.xlsx (Claro STFC)
2026-08-13 13:49:25.225 | INFO    |src.controllers.processamento_controller:processar:158 - [RPA 1 — etapa 2/2: identificação e salvamento]       o arquivo não pôde ser lido (formato, codificação ou conteúdo corrompido).
2026-08-13 13:49:25.225 | INFO    |src.controllers.processamento_controller:processar:158 - [RPA 1 — etapa 2/2: identificação e salvamento]       operadora notificada: NÃO
2026-08-13 13:49:25.226 | INFO    |src.controllers.processamento_controller:processar:158 - [RPA 1 — etapa 2/2: identificação e salvamento]   EC INTEREDE 202606.xlsx (Claro STFC)
2026-08-13 13:49:25.226 | INFO    |src.controllers.processamento_controller:processar:158 - [RPA 1 — etapa 2/2: identificação e salvamento]       o arquivo não pôde ser lido (formato, codificação ou conteúdo corrompido).
2026-08-13 13:49:25.226 | INFO    |src.controllers.processamento_controller:processar:158 - [RPA 1 — etapa 2/2: identificação e salvamento]       operadora notificada: NÃO
2026-08-13 13:49:25.227 | INFO    |src.controllers.processamento_controller:processar:158 - [RPA 1 — etapa 2/2: identificação e salvamento] Pasta: C:\projetos\MVP2\MVP2\MVP2\DETRAF-UNIFICADO\unificado\arquivos\Operadoras
2026-08-13 13:49:25.227 | INFO    |src.controllers.processamento_controller:processar:158 - [RPA 1 — etapa 2/2: identificação e salvamento] ────────────────────────────────────────────────────────────
2026-08-13 13:49:25.228 | INFO    |src.controllers.processamento_controller:processar:158 - [RPA 1 — etapa 2/2: identificação e salvamento] Esta é a última etapa da execução.
2026-08-13 13:49:25.228 | INFO    |main:main:94 - Aplicação finalizada
2026-08-13 13:49:25.231 | INFO    |main:main:110 - [Diagnóstico] Etapas desta execução em [C:\projetos\MVP2\MVP2\MVP2\DETRAF-UNIFICADO\unificado\logs\DESKTOP-64TNDKM\rpa1_captura\diagnosticos\2026-08-13_13-49-12.txt].
2026-08-13 13:49:25.231 | INFO    |__main__:<module>:7 - [RPA 1] Diagnóstico das etapas em [C:\projetos\MVP2\MVP2\MVP2\DETRAF-UNIFICADO\unificado\logs\DESKTOP-64TNDKM\rpa1_captura\diagnosticos\2026-08-13_13-49-12.txt]
