035,011,202603,202601,1ALG006I,00,NENL,N,000000000655,"000000001714,6","0,00626","0000000000010,73","0000000000000,41","0000000000000,00","0000000000011,14",,"0000000000000,10","0000000000000,00","0000000000000,00",000000000000001,035
035,011,202603,202601,1ALG006I,00,NENL,R,000000000006,"000000000010,5","0,00438","0000000000000,05","0000000000000,00","0000000000000,00","0000000000000,05",,"0000000000000,00","0000000000000,00","0000000000000,00",000000000000000,035
035,011,202603,202601,1ALG015I,00,NENL,N,000000000188,"000000000418,5","0,00626","0000000000002,62","0000000000000,10","0000000000000,00","0000000000002,72",,"0000000000000,02","0000000000000,00","0000000000000,00",000000000000000,035
035,011,202603,202601,1ALG015I,00,NENL,R,000000000003,"000000000005,9","0,00438","0000000000000,03","0000000000000,00","0000000000000,00","0000000000000,03",,"0000000000000,00","0000000000000,00","0000000000000,00",000000000000000,035
035,011,202603,202601,1CTB006I,00,NENL,N,000000000076,"000000000144,4","0,00626","0000000000000,90","0000000000000,03","0000000000000,00","0000000000000,93",,"0000000000000,01","0000000000000,00","0000000000000,00",000000000000000,035
035,011,202603,202601,1CTB006I,00,NENL,R,000000000001,"000000000017,4","0,00438","0000000000000,08","0000000000000,00","0000000000000,00","0000000000000,08",,"0000000000000,00","0000000000000,00","0000000000000,00",000000000000000,035
035,011,202603,202601,1CTB009I,00,NENL,N,000000001522,"000000004469,3","0,00626","0000000000027,98","0000000000001,06","0000000000000,00","0000000000029,04",,"0000000000000,25","0000000000000,00","0000000000000,00",000000000000003,035
035,011,202603,202601,1CTB009I,00,NENL,R,000000000024,"000000000207,7","0,00438","0000000000000,91","0000000000000,03","0000000000000,00","0000000000000,94",,"0000000000000,01","0000000000000,00","0000000000000,00",000000000000000,035
035,011,202603,202601,1CTB012I,00,NENL,N,000000000360,"000000000844,5","0,00626","0000000000005,29","0000000000000,20","0000000000000,00","0000000000005,49",,"0000000000000,05","0000000000000,00","0000000000000,00",000000000000001,035
035,011,202603,202601,1CTB012I,00,NENL,R,000000000004,"000000000006,0","0,00438","0000000000000,03","0000000000000,00","0000000000000,00","0000000000000,03",,"0000000000000,00","0000000000000,00","0000000000000,00",000000000000000,035
035,011,202603,202601,1CTB017I,00,GE8L,N,000000000024,"000000000280,0","0,00626","0000000000001,75","0000000000000,07","0000000000000,00","0000000000001,82",,"0000000000000,02","0000000000000,00","0000000000000,00",000000000000000,035
035,011,202603,202601,1CTB018I,00,NENL,N,000000000300,"000000001409,8","0,00626","0000000000008,83","0000000000000,33","0000000000000,00","0000000000009,16",,"0000000000000,08","0000000000000,00","0000000000000,00",000000000000001,035
035,011,202603,202601,1CTB018I,00,NENL,R,000000000007,"000000000019,7","0,00438","0000000000000,09","0000000000000,00","0000000000000,00","0000000000000,09",,"0000000000000,00","0000000000000,00","0000000000000,00",000000000000000,035
035,011,202603,202601,1CTB020I,00,GE8L,N,000000000050,"000000000471,3","0,00626","0000000000002,95","0000000000000,11","0000000000000,00","0000000000003,06",,"0000000000000,03","0000000000000,00","0000000000000,00",000000000000000,035
035,011,202603,202601,1CTB020I,00,GE8L,R,000000000003,"000000000016,7","0,00438","0000000000000,07","0000000000000,00","0000000000000,00","0000000000000,07",,"0000000000000,00","0000000000000,00","0000000000000,00",000000000000000,035
035,011,202603,202601,1CTB021I,00,NENL,N,000000000864,"000000003039,1","0,00626","0000000000019,02","0000000000000,72","0000000000000,00","0000000000019,74",,"0000000000000,17","0000000000000,00","0000000000000,00",000000000000002,035
035,011,202603,202601,1CTB021I,00,NENL,R,000000000007,"000000000071,4","0,00438","0000000000000,31","0000000000000,01","0000000000000,00","0000000000000,32",,"0000000000000,00","0000000000000,00","0000000000000,00",000000000000000,035
035,011,202603,202601,1CTB023I,00,GE8L,N,000000000007,"000000000019,3","0,00626","0000000000000,12","0000000000000,00","0000000000000,00","0000000000000,12",,"0000000000000,00","0000000000000,00","0000000000000,00",000000000000000,035
035,011,202603,202601,1CTB027I,00,NENL,N,000000000203,"000000000492,5","0,00626","0000000000003,08","0000000000000,12","0000000000000,00","0000000000003,20",,"0000000000000,03","0000000000000,00","0000000000000,00",000000000000000,035
035,011,202603,202601,1CTB027I,00,NENL,R,000000000002,"000000000003,7","0,00438","0000000000000,02","0000000000000,00","0000000000000,00","0000000000000,02",,"0000000000000,00","0000000000000,00","0000000000000,00",000000000000000,035
035,011,202603,202601,1CTB032I,00,GE8L,N,000000000004,"000000000063,0","0,00626","0000000000000,39","0000000000000,01","0000000000000,00","0000000000000,40",,"0000000000000,00","0000000000000,00","0000000000000,00",000000000000000,035
035,011,202603,202601,1CTB033I,00,NENL,N,000000001477,"000000004194,2","0,00626","0000000000026,26","0000000000000,99","0000000000000,00","0000000000027,25",,"0000000000000,24","0000000000000,00","0000000000000,00",000000000000003,035
035,011,202603,202601,1CTB033I,00,NENL,R,000000000019,"000000000121,8","0,00438","0000000000000,53","0000000000000,02","0000000000000,00","0000000000000,55",,"0000000000000,00","0000000000000,00","0000000000000,00",000000000000000,035
035,011,202603,202601,1OIF009I,00,NENL,N,000000000001,"000000000000,8","0,00626","0000000000000,01","0000000000000,00","0000000000000,00","0000000000000,01",,"0000000000000,00","0000000000000,00","0000000000000,00",000000000000000,035
035,011,202603,202601,1OIF018I,00,NENL,N,000000000006,"000000000009,6","0,00626","0000000000000,06","0000000000000,00","0000000000000,00","0000000000000,06",,"0000000000000,00","0000000000000,00","0000000000000,00",000000000000000,035
035,011,202603,202601,1OIF018I,00,NENL,R,000000000003,"000000000010,7","0,00438","0000000000000,05","0000000000000,00","0000000000000,00","0000000000000,05",,"0000000000000,00","0000000000000,00","0000000000000,00",000000000000000,035
035,011,202603,202601,1OIF021I,00,NENL,N,000000000004,"000000000005,1","0,00626","0000000000000,03","0000000000000,00","0000000000000,00","0000000000000,03",,"0000000000000,00","0000000000000,00","0000000000000,00",000000000000000,035
035,011,202603,202601,1OIF024I,00,NENL,N,000000000005,"000000000010,2","0,00626","0000000000000,06","0000000000000,00","0000000000000,00","0000000000000,06",,"0000000000000,00","0000000000000,00","0000000000000,00",000000000000000,035
035,011,202603,202601,1OIF033I,00,NENL,N,000000000011,"000000000054,9","0,00626","0000000000000,34","0000000000000,01","0000000000000,00","0000000000000,35",,"0000000000000,00","0000000000000,00","0000000000000,00",000000000000000,035
035,011,202603,202601,1OIF036I,00,NENL,N,000000000002,"000000000009,7","0,00626","0000000000000,06","0000000000000,00","0000000000000,00","0000000000000,06",,"0000000000000,00","0000000000000,00","0000000000000,00",000000000000000,035
035,011,202603,202601,1OIF039I,00,NENL,N,000000000008,"000000000011,4","0,00626","0000000000000,07","0000000000000,00","0000000000000,00","0000000000000,07",,"0000000000000,00","0000000000000,00","0000000000000,00",000000000000000,035
035,011,202603,202601,1OIF042I,00,NENL,N,000000000027,"000000000055,3","0,00626","0000000000000,35","0000000000000,01","0000000000000,00","0000000000000,36",,"0000000000000,00","0000000000000,00","0000000000000,00",000000000000000,035
035,011,202603,202601,1OIF045I,00,NENL,N,000000000017,"000000000043,2","0,00626","0000000000000,27","0000000000000,01","0000000000000,00","0000000000000,28",,"0000000000000,00","0000000000000,00","0000000000000,00",000000000000000,035
035,011,202603,202601,1OIF045I,00,NENL,R,000000000001,"000000000002,0","0,00438","0000000000000,01","0000000000000,00","0000000000000,00","0000000000000,01",,"0000000000000,00","0000000000000,00","0000000000000,00",000000000000000,035
035,011,202603,202601,1OIF062I,00,NENL,N,000000000002,"000000000025,3","0,00626","0000000000000,16","0000000000000,01","0000000000000,00","0000000000000,17",,"0000000000000,00","0000000000000,00","0000000000000,00",000000000000000,035
035,011,202603,202601,1OIF087I,00,NENL,N,000000000001,"000000000000,7","0,00626","0000000000000,00","0000000000000,00","0000000000000,00","0000000000000,00",,"0000000000000,00","0000000000000,00","0000000000000,00",000000000000000,035
035,011,202603,202601,30003IP4,00,NENL,N,000000000001,"000000000000,5","0,00626","0000000000000,00","0000000000000,00","0000000000000,00","0000000000000,00",,"0000000000000,00","0000000000000,00","0000000000000,00",000000000000000,035
035,011,202603,202601,3ALG001I,00,NENL,N,000000000147,"000000000274,4","0,00626","0000000000001,72","0000000000000,07","0000000000000,00","0000000000001,79",,"0000000000000,02","0000000000000,00","0000000000000,00",000000000000000,035
035,011,202603,202601,3ALG001I,00,NENL,R,000000000001,"000000000004,0","0,00438","0000000000000,02","0000000000000,00","0000000000000,00","0000000000000,02",,"0000000000000,00","0000000000000,00","0000000000000,00",000000000000000,035
035,011,202603,202601,3ALG003I,00,NENL,N,000000000081,"000000000269,2","0,00626","0000000000001,69","0000000000000,06","0000000000000,00","0000000000001,75",,"0000000000000,02","0000000000000,00","0000000000000,00",000000000000000,035
035,011,202603,202601,3ALG006I,00,NENL,N,000000000017,"000000000045,7","0,00626","0000000000000,29","0000000000000,01","0000000000000,00","0000000000000,30",,"0000000000000,00","0000000000000,00","0000000000000,00",000000000000000,035
035,011,202603,202601,3CTB0021,00,NENL,N,000000000362,"000000002141,8","0,00626","0000000000013,41","0000000000000,51","0000000000000,00","0000000000013,92",,"0000000000000,12","0000000000000,00","0000000000000,00",000000000000001,035
035,011,202603,202601,3CTB0021,00,NENL,R,000000000002,"000000000024,1","0,00438","0000000000000,11","0000000000000,00","0000000000000,00","0000000000000,11",,"0000000000000,00","0000000000000,00","0000000000000,00",000000000000000,035
035,011,202603,202601,3CTB003I,00,NENL,N,000000000339,"000000000729,5","0,00626","0000000000004,57","0000000000000,17","0000000000000,00","0000000000004,74",,"0000000000000,04","0000000000000,00","0000000000000,00",000000000000000,035
035,011,202603,202601,3CTB003I,00,NENL,R,000000000001,"000000000001,8","0,00438","0000000000000,01","0000000000000,00","0000000000000,00","0000000000000,01",,"0000000000000,00","0000000000000,00","0000000000000,00",000000000000000,035
035,011,202603,202601,3CTB006I,00,NENL,N,000000000049,"000000000067,5","0,00626","0000000000000,42","0000000000000,02","0000000000000,00","0000000000000,44",,"0000000000000,00","0000000000000,00","0000000000000,00",000000000000000,035
035,011,202603,202601,3CTB009I,00,NENL,N,000000000090,"000000000175,1","0,00626","0000000000001,10","0000000000000,04","0000000000000,00","0000000000001,14",,"0000000000000,01","0000000000000,00","0000000000000,00",000000000000000,035
035,011,202603,202601,3CTB012I,00,NENL,N,000000000106,"000000000290,0","0,00626","0000000000001,82","0000000000000,07","0000000000000,00","0000000000001,89",,"0000000000000,02","0000000000000,00","0000000000000,00",000000000000000,035
035,011,202603,202601,3CTB012I,00,NENL,R,000000000001,"000000000002,3","0,00438","0000000000000,01","0000000000000,00","0000000000000,00","0000000000000,01",,"0000000000000,00","0000000000000,00","0000000000000,00",000000000000000,035
035,011,202603,202601,3CTB015I,00,NENL,N,000000000024,"000000000103,4","0,00626","0000000000000,65","0000000000000,02","0000000000000,00","0000000000000,67",,"0000000000000,01","0000000000000,00","0000000000000,00",000000000000000,035
035,011,202603,202601,3CTB018I,00,NENL,N,000000000143,"000000000423,0","0,00626","0000000000002,65","0000000000000,10","0000000000000,00","0000000000002,75",,"0000000000000,02","0000000000000,00","0000000000000,00",000000000000000,035
035,011,202603,202601,3CTB018I,00,NENL,R,000000000005,"000000000054,7","0,00438","0000000000000,24","0000000000000,01","0000000000000,00","0000000000000,25",,"0000000000000,00","0000000000000,00","0000000000000,00",000000000000000,035
035,011,202603,202601,3CTB021I,00,NENL,N,000000000095,"000000000137,0","0,00626","0000000000000,86","0000000000000,03","0000000000000,00","0000000000000,89",,"0000000000000,01","0000000000000,00","0000000000000,00",000000000000000,035
035,011,202603,202601,3CTB021I,00,NENL,R,000000000001,"000000000005,7","0,00438","0000000000000,02","0000000000000,00","0000000000000,00","0000000000000,02",,"0000000000000,00","0000000000000,00","0000000000000,00",000000000000000,035
035,011,202603,202601,3CTB024I,00,NENL,N,000000000071,"000000000339,9","0,00626","0000000000002,13","0000000000000,08","0000000000000,00","0000000000002,21",,"0000000000000,02","0000000000000,00","0000000000000,00",000000000000000,035
035,011,202603,202601,3CTB024I,00,NENL,R,000000000001,"000000000021,9","0,00438","0000000000000,10","0000000000000,00","0000000000000,00","0000000000000,10",,"0000000000000,00","0000000000000,00","0000000000000,00",000000000000000,035
035,011,202603,202601,3CTB027I,00,NENL,N,000000000044,"000000000054,8","0,00626","0000000000000,34","0000000000000,01","0000000000000,00","0000000000000,35",,"0000000000000,00","0000000000000,00","0000000000000,00",000000000000000,035
035,011,202603,202601,3CTB033I,00,NENL,N,000000000417,"000000000363,1","0,00626","0000000000002,27","0000000000000,09","0000000000000,00","0000000000002,36",,"0000000000000,02","0000000000000,00","0000000000000,00",000000000000000,035
035,011,202603,202601,3CTB036I,00,NENL,N,000000000028,"000000000041,4","0,00626","0000000000000,26","0000000000000,01","0000000000000,00","0000000000000,27",,"0000000000000,00","0000000000000,00","0000000000000,00",000000000000000,035
035,011,202603,202601,3OIF025I,00,NENL,N,000000000002,"000000000001,8","0,00626","0000000000000,01","0000000000000,00","0000000000000,00","0000000000000,01",,"0000000000000,00","0000000000000,00","0000000000000,00",000000000000000,035
035,011,202603,202601,3OIF028I,00,NENL,N,000000000002,"000000000001,7","0,00626","0000000000000,01","0000000000000,00","0000000000000,00","0000000000000,01",,"0000000000000,00","0000000000000,00","0000000000000,00",000000000000000,035
035,011,202603,202601,3OIF043I,00,NENL,N,000000000012,"000000000008,4","0,00626","0000000000000,05","0000000000000,00","0000000000000,00","0000000000000,05",,"0000000000000,00","0000000000000,00","0000000000000,00",000000000000000,035
035,011,202603,202601,3OIF046I,00,NENL,N,000000000009,"000000000010,5","0,00626","0000000000000,07","0000000000000,00","0000000000000,00","0000000000000,07",,"0000000000000,00","0000000000000,00","0000000000000,00",000000000000000,035
035,011,202603,202601,3OIF052I,00,NENL,N,000000000002,"000000000001,0","0,00626","0000000000000,01","0000000000000,00","0000000000000,00","0000000000000,01",,"0000000000000,00","0000000000000,00","0000000000000,00",000000000000000,035
035,011,202603,202601,3OIF057I,00,NENL,N,000000000004,"000000000002,0","0,00626","0000000000000,01","0000000000000,00","0000000000000,00","0000000000000,01",,"0000000000000,00","0000000000000,00","0000000000000,00",000000000000000,035
035,011,202603,202601,3OIF060I,00,NENL,N,000000000001,"000000000001,2","0,00626","0000000000000,01","0000000000000,00","0000000000000,00","0000000000000,01",,"0000000000000,00","0000000000000,00","0000000000000,00",000000000000000,035
035,011,202603,202601,3OIF114I,00,NENL,N,000000000012,"000000000073,6","0,00626","0000000000000,46","0000000000000,02","0000000000000,00","0000000000000,48",,"0000000000000,00","0000000000000,00","0000000000000,00",000000000000000,035
035,011,202603,202601,3OIF127I,00,NENL,N,000000000026,"000000000044,8","0,00626","0000000000000,28","0000000000000,01","0000000000000,00","0000000000000,29",,"0000000000000,00","0000000000000,00","0000000000000,00",000000000000000,035
035,011,202603,202601,3OIF214I,00,NENL,N,000000000006,"000000000004,7","0,00626","0000000000000,03","0000000000000,00","0000000000000,00","0000000000000,03",,"0000000000000,00","0000000000000,00","0000000000000,00",000000000000000,035
035,011,202603,202601,3PA_FALK,00,NENL,N,000000000002,"000000000004,1","0,00626","0000000000000,03","0000000000000,00","0000000000000,00","0000000000000,03",,"0000000000000,00","0000000000000,00","0000000000000,00",000000000000000,035
035,011,202603,202601,4FACTR4I,00,NENL,N,000000001095,"000000003426,8","0,00626","0000000000021,45","0000000000000,81","0000000000000,00","0000000000022,26",,"0000000000000,19","0000000000000,00","0000000000000,00",000000000000002,035
035,011,202603,202601,4FACTR4I,00,NENL,R,000000000017,"000000000073,3","0,00438","0000000000000,32","0000000000000,01","0000000000000,00","0000000000000,33",,"0000000000000,00","0000000000000,00","0000000000000,00",000000000000000,035
035,011,202603,202601,6ALG006I,00,NENL,N,000000000638,"000000001521,4","0,00626","0000000000009,52","0000000000000,36","0000000000000,00","0000000000009,88",,"0000000000000,09","0000000000000,00","0000000000000,00",000000000000001,035
035,011,202603,202601,6ALG006I,00,NENL,R,000000000009,"000000000043,7","0,00438","0000000000000,19","0000000000000,01","0000000000000,00","0000000000000,20",,"0000000000000,00","0000000000000,00","0000000000000,00",000000000000000,035
035,011,202603,202601,6ALG012I,00,NENL,N,000000000001,"000000000000,5","0,00626","0000000000000,00","0000000000000,00","0000000000000,00","0000000000000,00",,"0000000000000,00","0000000000000,00","0000000000000,00",000000000000000,035
035,011,202603,202601,6ALG015I,00,NENL,N,000000000158,"000000000398,8","0,00626","0000000000002,50","0000000000000,09","0000000000000,00","0000000000002,59",,"0000000000000,02","0000000000000,00","0000000000000,00",000000000000000,035
035,011,202603,202601,6ALG015I,00,NENL,R,000000000003,"000000000003,8","0,00438","0000000000000,02","0000000000000,00","0000000000000,00","0000000000000,02",,"0000000000000,00","0000000000000,00","0000000000000,00",000000000000000,035
035,011,202603,202601,6CTB003I,00,NENL,N,000000000139,"000000000370,8","0,00626","0000000000002,32","0000000000000,09","0000000000000,00","0000000000002,41",,"0000000000000,02","0000000000000,00","0000000000000,00",000000000000000,035
035,011,202603,202601,6CTB003I,00,NENL,R,000000000003,"000000000010,3","0,00438","0000000000000,05","0000000000000,00","0000000000000,00","0000000000000,05",,"0000000000000,00","0000000000000,00","0000000000000,00",000000000000000,035
035,011,202603,202601,6CTB006I,00,NENL,N,000000000067,"000000000161,8","0,00626","0000000000001,01","0000000000000,04","0000000000000,00","0000000000001,05",,"0000000000000,01","0000000000000,00","0000000000000,00",000000000000000,035
035,011,202603,202601,6CTB006I,00,NENL,R,000000000001,"000000000005,3","0,00438","0000000000000,02","0000000000000,00","0000000000000,00","0000000000000,02",,"0000000000000,00","0000000000000,00","0000000000000,00",000000000000000,035
035,011,202603,202601,6CTB009I,00,NENL,N,000000001405,"000000004689,7","0,00626","0000000000029,36","0000000000001,11","0000000000000,00","0000000000030,47",,"0000000000000,26","0000000000000,00","0000000000000,00",000000000000003,035
035,011,202603,202601,6CTB009I,00,NENL,R,000000000017,"000000000112,0","0,00438","0000000000000,49","0000000000000,02","0000000000000,00","0000000000000,51",,"0000000000000,00","0000000000000,00","0000000000000,00",000000000000000,035
035,011,202603,202601,6CTB012I,00,NENL,N,000000000353,"000000000904,1","0,00626","0000000000005,66","0000000000000,21","0000000000000,00","0000000000005,87",,"0000000000000,05","0000000000000,00","0000000000000,00",000000000000001,035
035,011,202603,202601,6CTB012I,00,NENL,R,000000000005,"000000000010,6","0,00438","0000000000000,05","0000000000000,00","0000000000000,00","0000000000000,05",,"0000000000000,00","0000000000000,00","0000000000000,00",000000000000000,035
035,011,202603,202601,6CTB016I,00,NENL,N,000000000196,"000000000670,7","0,00626","0000000000004,20","0000000000000,16","0000000000000,00","0000000000004,36",,"0000000000000,04","0000000000000,00","0000000000000,00",000000000000000,035
035,011,202603,202601,6CTB016I,00,NENL,R,000000000001,"000000000000,6","0,00438","0000000000000,00","0000000000000,00","0000000000000,00","0000000000000,00",,"0000000000000,00","0000000000000,00","0000000000000,00",000000000000000,035
035,011,202603,202601,6CTB017I,00,GE8L,N,000000000021,"000000000187,1","0,00626","0000000000001,17","0000000000000,04","0000000000000,00","0000000000001,21",,"0000000000000,01","0000000000000,00","0000000000000,00",000000000000000,035
035,011,202603,202601,6CTB018I,00,NENL,N,000000000293,"000000001549,4","0,00626","0000000000009,70","0000000000000,37","0000000000000,00","0000000000010,07",,"0000000000000,09","0000000000000,00","0000000000000,00",000000000000001,035
035,011,202603,202601,6CTB018I,00,NENL,R,000000000007,"000000000015,7","0,00438","0000000000000,07","0000000000000,00","0000000000000,00","0000000000000,07",,"0000000000000,00","0000000000000,00","0000000000000,00",000000000000000,035
035,011,202603,202601,6CTB020I,00,GE8L,N,000000000040,"000000000533,7","0,00626","0000000000003,34","0000000000000,13","0000000000000,00","0000000000003,47",,"0000000000000,03","0000000000000,00","0000000000000,00",000000000000000,035
035,011,202603,202601,6CTB021I,00,NENL,N,000000000857,"000000002509,8","0,00626","0000000000015,71","0000000000000,60","0000000000000,00","0000000000016,31",,"0000000000000,14","0000000000000,00","0000000000000,00",000000000000002,035
035,011,202603,202601,6CTB021I,00,NENL,R,000000000011,"000000000142,1","0,00438","0000000000000,62","0000000000000,02","0000000000000,00","0000000000000,64",,"0000000000000,01","0000000000000,00","0000000000000,00",000000000000000,035
035,011,202603,202601,6CTB023I,00,GE8L,N,000000000004,"000000000029,6","0,00626","0000000000000,19","0000000000000,01","0000000000000,00","0000000000000,20",,"0000000000000,00","0000000000000,00","0000000000000,00",000000000000000,035
035,011,202603,202601,6CTB024I,00,NENL,N,000000000035,"000000000098,4","0,00626","0000000000000,62","0000000000000,02","0000000000000,00","0000000000000,64",,"0000000000000,01","0000000000000,00","0000000000000,00",000000000000000,035
035,011,202603,202601,6CTB025I,00,NENL,N,000000000433,"000000002137,7","0,00626","0000000000013,38","0000000000000,51","0000000000000,00","0000000000013,89",,"0000000000000,12","0000000000000,00","0000000000000,00",000000000000001,035
035,011,202603,202601,6CTB025I,00,NENL,R,000000000002,"000000000017,3","0,00438","0000000000000,08","0000000000000,00","0000000000000,00","0000000000000,08",,"0000000000000,00","0000000000000,00","0000000000000,00",000000000000000,035
035,011,202603,202601,6CTB027I,00,NENL,N,000000000211,"000000000559,0","0,00626","0000000000003,50","0000000000000,13","0000000000000,00","0000000000003,63",,"0000000000000,03","0000000000000,00","0000000000000,00",000000000000000,035
035,011,202603,202601,6CTB028I,00,NENL,N,000000000501,"000000001312,4","0,00626","0000000000008,22","0000000000000,31","0000000000000,00","0000000000008,53",,"0000000000000,07","0000000000000,00","0000000000000,00",000000000000001,035
035,011,202603,202601,6CTB028I,00,NENL,R,000000000007,"000000000088,8","0,00438","0000000000000,39","0000000000000,01","0000000000000,00","0000000000000,40",,"0000000000000,00","0000000000000,00","0000000000000,00",000000000000000,035
035,011,202603,202601,6CTB031I,00,NENL,N,000000000072,"000000000206,7","0,00626","0000000000001,29","0000000000000,05","0000000000000,00","0000000000001,34",,"0000000000000,01","0000000000000,00","0000000000000,00",000000000000000,035
035,011,202603,202601,6CTB031I,00,NENL,R,000000000003,"000000000004,3","0,00438","0000000000000,02","0000000000000,00","0000000000000,00","0000000000000,02",,"0000000000000,00","0000000000000,00","0000000000000,00",000000000000000,035
035,011,202603,202601,6CTB032I,00,GE8L,N,000000000003,"000000000036,7","0,00626","0000000000000,23","0000000000000,01","0000000000000,00","0000000000000,24",,"0000000000000,00","0000000000000,00","0000000000000,00",000000000000000,035
035,011,202603,202601,6CTB033I,00,NENL,N,000000001376,"000000004129,2","0,00626","0000000000025,85","0000000000000,98","0000000000000,00","0000000000026,83",,"0000000000000,23","0000000000000,00","0000000000000,00",000000000000003,035
035,011,202603,202601,6CTB033I,00,NENL,R,000000000026,"000000000169,9","0,00438","0000000000000,74","0000000000000,03","0000000000000,00","0000000000000,77",,"0000000000000,01","0000000000000,00","0000000000000,00",000000000000000,035
035,011,202603,202601,6CTB034I,00,NENL,N,000000000314,"000000001056,5","0,00626","0000000000006,61","0000000000000,25","0000000000000,00","0000000000006,86",,"0000000000000,06","0000000000000,00","0000000000000,00",000000000000001,035
035,011,202603,202601,6CTB034I,00,NENL,R,000000000009,"000000000037,3","0,00438","0000000000000,16","0000000000000,01","0000000000000,00","0000000000000,17",,"0000000000000,00","0000000000000,00","0000000000000,00",000000000000000,035
035,011,202603,202601,6DAI002I,00,NENL,N,000000000001,"000000000000,5","0,00626","0000000000000,00","0000000000000,00","0000000000000,00","0000000000000,00",,"0000000000000,00","0000000000000,00","0000000000000,00",000000000000000,035
035,011,202603,202601,6OIF009I,00,NENL,N,000000000001,"000000000000,9","0,00626","0000000000000,01","0000000000000,00","0000000000000,00","0000000000000,01",,"0000000000000,00","0000000000000,00","0000000000000,00",000000000000000,035
035,011,202603,202601,6OIF018I,00,NENL,N,000000000009,"000000000026,5","0,00626","0000000000000,17","0000000000000,01","0000000000000,00","0000000000000,18",,"0000000000000,00","0000000000000,00","0000000000000,00",000000000000000,035
035,011,202603,202601,6OIF018I,00,NENL,R,000000000001,"000000000005,8","0,00438","0000000000000,03","0000000000000,00","0000000000000,00","0000000000000,03",,"0000000000000,00","0000000000000,00","0000000000000,00",000000000000000,035
035,011,202603,202601,6OIF024I,00,NENL,N,000000000003,"000000000011,8","0,00626","0000000000000,07","0000000000000,00","0000000000000,00","0000000000000,07",,"0000000000000,00","0000000000000,00","0000000000000,00",000000000000000,035
035,011,202603,202601,6OIF027I,00,NENL,N,000000000003,"000000000002,5","0,00626","0000000000000,02","0000000000000,00","0000000000000,00","0000000000000,02",,"0000000000000,00","0000000000000,00","0000000000000,00",000000000000000,035
035,011,202603,202601,6OIF033I,00,NENL,N,000000000020,"000000000138,9","0,00626","0000000000000,87","0000000000000,03","0000000000000,00","0000000000000,90",,"0000000000000,01","0000000000000,00","0000000000000,00",000000000000000,035
035,011,202603,202601,6OIF033I,00,NENL,R,000000000001,"000000000009,7","0,00438","0000000000000,04","0000000000000,00","0000000000000,00","0000000000000,04",,"0000000000000,00","0000000000000,00","0000000000000,00",000000000000000,035
035,011,202603,202601,6OIF036I,00,NENL,N,000000000002,"000000000001,0","0,00626","0000000000000,01","0000000000000,00","0000000000000,00","0000000000000,01",,"0000000000000,00","0000000000000,00","0000000000000,00",000000000000000,035
035,011,202603,202601,6OIF039I,00,NENL,N,000000000006,"000000000005,2","0,00626","0000000000000,03","0000000000000,00","0000000000000,00","0000000000000,03",,"0000000000000,00","0000000000000,00","0000000000000,00",000000000000000,035
035,011,202603,202601,6OIF042I,00,NENL,N,000000000031,"000000000068,7","0,00626","0000000000000,43","0000000000000,02","0000000000000,00","0000000000000,45",,"0000000000000,00","0000000000000,00","0000000000000,00",000000000000000,035
035,011,202603,202601,6OIF045I,00,NENL,N,000000000012,"000000000030,1","0,00626","0000000000000,19","0000000000000,01","0000000000000,00","0000000000000,20",,"0000000000000,00","0000000000000,00","0000000000000,00",000000000000000,035
035,011,202603,202601,6OIF045I,00,NENL,R,000000000001,"000000000003,6","0,00438","0000000000000,02","0000000000000,00","0000000000000,00","0000000000000,02",,"0000000000000,00","0000000000000,00","0000000000000,00",000000000000000,035
035,011,202603,202601,6OIF062I,00,NENL,N,000000000004,"000000000046,7","0,00626","0000000000000,29","0000000000000,01","0000000000000,00","0000000000000,30",,"0000000000000,00","0000000000000,00","0000000000000,00",000000000000000,035
035,011,202603,202601,6OIF081I,00,NENL,N,000000000004,"000000000021,5","0,00626","0000000000000,13","0000000000000,01","0000000000000,00","0000000000000,14",,"0000000000000,00","0000000000000,00","0000000000000,00",000000000000000,035
035,011,202603,202601,6OIF082I,00,NENL,N,000000000001,"000000000005,8","0,00626","0000000000000,04","0000000000000,00","0000000000000,00","0000000000000,04",,"0000000000000,00","0000000000000,00","0000000000000,00",000000000000000,035
035,011,202603,202601,6OIF083I,00,NENL,N,000000000003,"000000000039,2","0,00626","0000000000000,25","0000000000000,01","0000000000000,00","0000000000000,26",,"0000000000000,00","0000000000000,00","0000000000000,00",000000000000000,035
035,011,202603,202601,6OIF086I,00,NENL,N,000000000056,"000000000619,2","0,00626","0000000000003,88","0000000000000,15","0000000000000,00","0000000000004,03",,"0000000000000,03","0000000000000,00","0000000000000,00",000000000000000,035
035,011,202603,202601,6OIF089I,00,NENL,N,000000000001,"000000000000,5","0,00626","0000000000000,00","0000000000000,00","0000000000000,00","0000000000000,00",,"0000000000000,00","0000000000000,00","0000000000000,00",000000000000000,035
035,011,202603,202601,7CTB003I,00,NENL,N,000000000160,"000000000300,4","0,00626","0000000000001,88","0000000000000,07","0000000000000,00","0000000000001,95",,"0000000000000,02","0000000000000,00","0000000000000,00",000000000000000,035
035,011,202603,202601,7CTB003I,00,NENL,R,000000000004,"000000000021,9","0,00438","0000000000000,10","0000000000000,00","0000000000000,00","0000000000000,10",,"0000000000000,00","0000000000000,00","0000000000000,00",000000000000000,035
035,011,202603,202601,7CTB016I,00,NENL,N,000000000182,"000000000515,3","0,00626","0000000000003,23","0000000000000,12","0000000000000,00","0000000000003,35",,"0000000000000,03","0000000000000,00","0000000000000,00",000000000000000,035
035,011,202603,202601,7CTB016I,00,NENL,R,000000000006,"000000000089,0","0,00438","0000000000000,39","0000000000000,01","0000000000000,00","0000000000000,40",,"0000000000000,00","0000000000000,00","0000000000000,00",000000000000000,035
035,011,202603,202601,7CTB025I,00,NENL,N,000000000428,"000000002037,6","0,00626","0000000000012,76","0000000000000,48","0000000000000,00","0000000000013,24",,"0000000000000,11","0000000000000,00","0000000000000,00",000000000000001,035
035,011,202603,202601,7CTB025I,00,NENL,R,000000000001,"000000000001,1","0,00438","0000000000000,00","0000000000000,00","0000000000000,00","0000000000000,00",,"0000000000000,00","0000000000000,00","0000000000000,00",000000000000000,035
035,011,202603,202601,7CTB026I,00,NENL,N,000000000001,"000000000001,9","0,00626","0000000000000,01","0000000000000,00","0000000000000,00","0000000000000,01",,"0000000000000,00","0000000000000,00","0000000000000,00",000000000000000,035
035,011,202603,202601,7CTB028I,00,NENL,N,000000000507,"000000001438,6","0,00626","0000000000009,01","0000000000000,34","0000000000000,00","0000000000009,35",,"0000000000000,08","0000000000000,00","0000000000000,00",000000000000001,035
035,011,202603,202601,7CTB028I,00,NENL,R,000000000005,"000000000037,6","0,00438","0000000000000,16","0000000000000,01","0000000000000,00","0000000000000,17",,"0000000000000,00","0000000000000,00","0000000000000,00",000000000000000,035
035,011,202603,202601,7CTB031I,00,NENL,N,000000000067,"000000000137,6","0,00626","0000000000000,86","0000000000000,03","0000000000000,00","0000000000000,89",,"0000000000000,01","0000000000000,00","0000000000000,00",000000000000000,035
035,011,202603,202601,7CTB031I,00,NENL,R,000000000001,"000000000012,6","0,00438","0000000000000,06","0000000000000,00","0000000000000,00","0000000000000,06",,"0000000000000,00","0000000000000,00","0000000000000,00",000000000000000,035
035,011,202603,202601,7CTB034I,00,NENL,N,000000000298,"000000001251,1","0,00626","0000000000007,83","0000000000000,30","0000000000000,00","0000000000008,13",,"0000000000000,07","0000000000000,00","0000000000000,00",000000000000001,035
035,011,202603,202601,7CTB034I,00,NENL,R,000000000010,"000000000078,8","0,00438","0000000000000,35","0000000000000,01","0000000000000,00","0000000000000,36",,"0000000000000,00","0000000000000,00","0000000000000,00",000000000000000,035
035,011,202603,202601,7DAI009I,00,NENL,N,000000000001,"000000000000,5","0,00626","0000000000000,00","0000000000000,00","0000000000000,00","0000000000000,00",,"0000000000000,00","0000000000000,00","0000000000000,00",000000000000000,035
035,011,202603,202601,7OIF039I,00,NENL,N,000000000001,"000000000000,9","0,00626","0000000000000,01","0000000000000,00","0000000000000,00","0000000000000,01",,"0000000000000,00","0000000000000,00","0000000000000,00",000000000000000,035
035,011,202603,202601,7OIF081I,00,NENL,N,000000000001,"000000000003,4","0,00626","0000000000000,02","0000000000000,00","0000000000000,00","0000000000000,02",,"0000000000000,00","0000000000000,00","0000000000000,00",000000000000000,035
035,011,202603,202601,7OIF083I,00,NENL,N,000000000003,"000000000012,1","0,00626","0000000000000,08","0000000000000,00","0000000000000,00","0000000000000,08",,"0000000000000,00","0000000000000,00","0000000000000,00",000000000000000,035
035,011,202603,202601,7OIF086I,00,NENL,N,000000000065,"000000000671,6","0,00626","0000000000004,20","0000000000000,16","0000000000000,00","0000000000004,36",,"0000000000000,04","0000000000000,00","0000000000000,00",000000000000000,035
035,011,202603,202601,7OIF086I,00,NENL,R,000000000004,"000000000058,2","0,00438","0000000000000,25","0000000000000,01","0000000000000,00","0000000000000,26",,"0000000000000,00","0000000000000,00","0000000000000,00",000000000000000,035
035,011,202603,202601,8ALG003I,00,NENL,N,000000000076,"000000000272,7","0,00626","0000000000001,71","0000000000000,06","0000000000000,00","0000000000001,77",,"0000000000000,02","0000000000000,00","0000000000000,00",000000000000000,035
035,011,202603,202601,8ALG006I,00,NENL,N,000000000016,"000000000035,9","0,00626","0000000000000,22","0000000000000,01","0000000000000,00","0000000000000,23",,"0000000000000,00","0000000000000,00","0000000000000,00",000000000000000,035
035,011,202603,202601,8CTB0021,00,NENL,N,000000000354,"000000002038,2","0,00626","0000000000012,76","0000000000000,48","0000000000000,00","0000000000013,24",,"0000000000000,11","0000000000000,00","0000000000000,00",000000000000001,035
035,011,202603,202601,8CTB0021,00,NENL,R,000000000005,"000000000048,4","0,00438","0000000000000,21","0000000000000,01","0000000000000,00","0000000000000,22",,"0000000000000,00","0000000000000,00","0000000000000,00",000000000000000,035
035,011,202603,202601,8CTB003I,00,NENL,N,000000000177,"000000000323,1","0,00626","0000000000002,02","0000000000000,08","0000000000000,00","0000000000002,10",,"0000000000000,02","0000000000000,00","0000000000000,00",000000000000000,035
035,011,202603,202601,8CTB003I,00,NENL,R,000000000006,"000000000005,1","0,00438","0000000000000,02","0000000000000,00","0000000000000,00","0000000000000,02",,"0000000000000,00","0000000000000,00","0000000000000,00",000000000000000,035
035,011,202603,202601,8CTB006I,00,NENL,N,000000000042,"000000000076,2","0,00626","0000000000000,48","0000000000000,02","0000000000000,00","0000000000000,50",,"0000000000000,00","0000000000000,00","0000000000000,00",000000000000000,035
035,011,202603,202601,8CTB015I,00,NENL,N,000000000023,"000000000124,9","0,00626","0000000000000,78","0000000000000,03","0000000000000,00","0000000000000,81",,"0000000000000,01","0000000000000,00","0000000000000,00",000000000000000,035
035,011,202603,202601,8CTB018I,00,NENL,N,000000000066,"000000000213,1","0,00626","0000000000001,33","0000000000000,05","0000000000000,00","0000000000001,38",,"0000000000000,01","0000000000000,00","0000000000000,00",000000000000000,035
035,011,202603,202601,8CTB018I,00,NENL,R,000000000002,"000000000056,5","0,00438","0000000000000,25","0000000000000,01","0000000000000,00","0000000000000,26",,"0000000000000,00","0000000000000,00","0000000000000,00",000000000000000,035
035,011,202603,202601,8CTB024I,00,NENL,N,000000000070,"000000000292,2","0,00626","0000000000001,83","0000000000000,07","0000000000000,00","0000000000001,90",,"0000000000000,02","0000000000000,00","0000000000000,00",000000000000000,035
035,011,202603,202601,8CTB024I,00,NENL,R,000000000001,"000000000013,9","0,00438","0000000000000,06","0000000000000,00","0000000000000,00","0000000000000,06",,"0000000000000,00","0000000000000,00","0000000000000,00",000000000000000,035
035,011,202603,202601,8CTB027I,00,NENL,N,000000000029,"000000000027,7","0,00626","0000000000000,17","0000000000000,01","0000000000000,00","0000000000000,18",,"0000000000000,00","0000000000000,00","0000000000000,00",000000000000000,035
035,011,202603,202601,8CTB030I,00,NENL,N,000000000117,"000000000238,4","0,00626","0000000000001,49","0000000000000,06","0000000000000,00","0000000000001,55",,"0000000000000,01","0000000000000,00","0000000000000,00",000000000000000,035
035,011,202603,202601,8CTB033I,00,NENL,N,000000000016,"000000000028,8","0,00626","0000000000000,18","0000000000000,01","0000000000000,00","0000000000000,19",,"0000000000000,00","0000000000000,00","0000000000000,00",000000000000000,035
035,011,202603,202601,8CTB036I,00,NENL,N,000000000020,"000000000040,9","0,00626","0000000000000,26","0000000000000,01","0000000000000,00","0000000000000,27",,"0000000000000,00","0000000000000,00","0000000000000,00",000000000000000,035
035,011,202603,202601,8OIF025I,00,NENL,N,000000000001,"000000000000,8","0,00626","0000000000000,01","0000000000000,00","0000000000000,00","0000000000000,01",,"0000000000000,00","0000000000000,00","0000000000000,00",000000000000000,035
035,011,202603,202601,8OIF028I,00,NENL,N,000000000001,"000000000001,5","0,00626","0000000000000,01","0000000000000,00","0000000000000,00","0000000000000,01",,"0000000000000,00","0000000000000,00","0000000000000,00",000000000000000,035
035,011,202603,202601,8OIF037I,00,NENL,N,000000000002,"000000000002,9","0,00626","0000000000000,02","0000000000000,00","0000000000000,00","0000000000000,02",,"0000000000000,00","0000000000000,00","0000000000000,00",000000000000000,035
035,011,202603,202601,8OIF043I,00,NENL,N,000000000010,"000000000008,6","0,00626","0000000000000,05","0000000000000,00","0000000000000,00","0000000000000,05",,"0000000000000,00","0000000000000,00","0000000000000,00",000000000000000,035
035,011,202603,202601,8OIF046I,00,NENL,N,000000000005,"000000000008,9","0,00626","0000000000000,06","0000000000000,00","0000000000000,00","0000000000000,06",,"0000000000000,00","0000000000000,00","0000000000000,00",000000000000000,035
035,011,202603,202601,8OIF052I,00,NENL,N,000000000002,"000000000006,6","0,00626","0000000000000,04","0000000000000,00","0000000000000,00","0000000000000,04",,"0000000000000,00","0000000000000,00","0000000000000,00",000000000000000,035
035,011,202603,202601,8OIF060I,00,NENL,N,000000000002,"000000000001,0","0,00626","0000000000000,01","0000000000000,00","0000000000000,00","0000000000000,01",,"0000000000000,00","0000000000000,00","0000000000000,00",000000000000000,035
035,011,202603,202601,8OIF063I,00,NENL,N,000000000004,"000000000007,8","0,00626","0000000000000,05","0000000000000,00","0000000000000,00","0000000000000,05",,"0000000000000,00","0000000000000,00","0000000000000,00",000000000000000,035
035,011,202603,202601,8OIF069I,00,NENL,R,000000000001,"000000000000,5","0,00438","0000000000000,00","0000000000000,00","0000000000000,00","0000000000000,00",,"0000000000000,00","0000000000000,00","0000000000000,00",000000000000000,035
035,011,202603,202601,8OIF114I,00,NENL,N,000000000018,"000000000083,2","0,00626","0000000000000,52","0000000000000,02","0000000000000,00","0000000000000,54",,"0000000000000,00","0000000000000,00","0000000000000,00",000000000000000,035
035,011,202603,202601,8OIF127I,00,NENL,N,000000000022,"000000000025,2","0,00626","0000000000000,16","0000000000000,01","0000000000000,00","0000000000000,17",,"0000000000000,00","0000000000000,00","0000000000000,00",000000000000000,035
035,011,202603,202601,A021239,00,NENL,N,000000000163,"000000000413,6","0,00626","0000000000002,59","0000000000000,10","0000000000000,00","0000000000002,69",,"0000000000000,02","0000000000000,00","0000000000000,00",000000000000000,035
035,011,202603,202601,A030901,00,NENL,N,000000000157,"000000000511,1","0,00626","0000000000003,20","0000000000000,12","0000000000000,00","0000000000003,32",,"0000000000000,03","0000000000000,00","0000000000000,00",000000000000000,035
035,011,202603,202601,A030901,00,NENL,R,000000000001,"000000000001,3","0,00438","0000000000000,01","0000000000000,00","0000000000000,00","0000000000000,01",,"0000000000000,00","0000000000000,00","0000000000000,00",000000000000000,035
035,011,202603,202601,AP1TLF_N,00,NENL,N,000000002086,"000000003647,7","0,00626","0000000000022,83","0000000000000,87","0000000000000,00","0000000000023,70",,"0000000000000,21","0000000000000,00","0000000000000,00",000000000000002,035
035,011,202603,202601,AP1TLF_N,00,NENL,R,000000000023,"000000000137,5","0,00438","0000000000000,60","0000000000000,02","0000000000000,00","0000000000000,62",,"0000000000000,01","0000000000000,00","0000000000000,00",000000000000000,035
035,011,202603,202601,AP2TLF_N,00,NENL,N,000000002109,"000000004146,6","0,00626","0000000000025,96","0000000000000,98","0000000000000,00","0000000000026,94",,"0000000000000,23","0000000000000,00","0000000000000,00",000000000000003,035
035,011,202603,202601,AP2TLF_N,00,NENL,R,000000000018,"000000000155,4","0,00438","0000000000000,68","0000000000000,03","0000000000000,00","0000000000000,71",,"0000000000000,01","0000000000000,00","0000000000000,00",000000000000000,035
035,011,202603,202601,CO100812,00,GE8L,N,000000000001,"000000000010,7","0,00626","0000000000000,07","0000000000000,00","0000000000000,00","0000000000000,07",,"0000000000000,00","0000000000000,00","0000000000000,00",000000000000000,035
035,011,202603,202601,CO100812,00,NENL,N,000000000212,"000000000532,5","0,00626","0000000000003,33","0000000000000,13","0000000000000,00","0000000000003,46",,"0000000000000,03","0000000000000,00","0000000000000,00",000000000000000,035
035,011,202603,202601,CO100814,00,NENL,N,000000000202,"000000000695,2","0,00626","0000000000004,35","0000000000000,16","0000000000000,00","0000000000004,51",,"0000000000000,04","0000000000000,00","0000000000000,00",000000000000000,035
035,011,202603,202601,D017CTBC,00,NENL,N,000000000082,"000000000196,0","0,00626","0000000000001,23","0000000000000,05","0000000000000,00","0000000000001,28",,"0000000000000,01","0000000000000,00","0000000000000,00",000000000000000,035
035,011,202603,202601,E0403386,00,NENL,N,000000000032,"000000000100,4","0,00626","0000000000000,63","0000000000000,02","0000000000000,00","0000000000000,65",,"0000000000000,01","0000000000000,00","0000000000000,00",000000000000000,035
035,011,202603,202601,E0404084,00,NENL,N,000000000057,"000000000128,3","0,00626","0000000000000,80","0000000000000,03","0000000000000,00","0000000000000,83",,"0000000000000,01","0000000000000,00","0000000000000,00",000000000000000,035
035,011,202603,202601,IB100812,00,GE8L,N,000000000001,"000000000005,9","0,00626","0000000000000,04","0000000000000,00","0000000000000,00","0000000000000,04",,"0000000000000,00","0000000000000,00","0000000000000,00",000000000000000,035
035,011,202603,202601,IB100812,00,NENL,N,000000000200,"000000000731,0","0,00626","0000000000004,58","0000000000000,17","0000000000000,00","0000000000004,75",,"0000000000000,04","0000000000000,00","0000000000000,00",000000000000000,035
035,011,202603,202601,IB100814,00,NENL,N,000000000186,"000000000510,1","0,00626","0000000000003,19","0000000000000,12","0000000000000,00","0000000000003,31",,"0000000000000,03","0000000000000,00","0000000000000,00",000000000000000,035
035,011,202603,202601,JG6TLF_S,00,GE8L,N,000000000002,"000000000012,8","0,00626","0000000000000,08","0000000000000,00","0000000000000,00","0000000000000,08",,"0000000000000,00","0000000000000,00","0000000000000,00",000000000000000,035
035,011,202603,202601,L017105,00,NENL,N,000000000051,"000000000107,5","0,00626","0000000000000,67","0000000000000,03","0000000000000,00","0000000000000,70",,"0000000000000,01","0000000000000,00","0000000000000,00",000000000000000,035
035,011,202603,202601,MB301110,00,NENL,N,000000000576,"000000001719,9","0,00626","0000000000010,77","0000000000000,41","0000000000000,00","0000000000011,18",,"0000000000000,10","0000000000000,00","0000000000000,00",000000000000001,035
035,011,202603,202601,MB301110,00,NENL,R,000000000004,"000000000029,1","0,00438","0000000000000,13","0000000000000,00","0000000000000,00","0000000000000,13",,"0000000000000,00","0000000000000,00","0000000000000,00",000000000000000,035
035,011,202603,202601,MB301152,00,GE8L,N,000000000003,"000000000009,4","0,00626","0000000000000,06","0000000000000,00","0000000000000,00","0000000000000,06",,"0000000000000,00","0000000000000,00","0000000000000,00",000000000000000,035
035,011,202603,202601,MB301153,00,GE8L,N,000000000013,"000000000021,8","0,00626","0000000000000,14","0000000000000,01","0000000000000,00","0000000000000,15",,"0000000000000,00","0000000000000,00","0000000000000,00",000000000000000,035
035,011,202603,202601,MB301153,00,NENL,N,000000001058,"000000003230,5","0,00626","0000000000020,22","0000000000000,77","0000000000000,00","0000000000020,99",,"0000000000000,18","0000000000000,00","0000000000000,00",000000000000002,035
035,011,202603,202601,MB301153,00,NENL,R,000000000015,"000000000120,9","0,00438","0000000000000,53","0000000000000,02","0000000000000,00","0000000000000,55",,"0000000000000,00","0000000000000,00","0000000000000,00",000000000000000,035
035,011,202603,202601,MB303284,00,NENL,N,000000000002,"000000000001,0","0,00626","0000000000000,01","0000000000000,00","0000000000000,00","0000000000000,01",,"0000000000000,00","0000000000000,00","0000000000000,00",000000000000000,035
035,011,202603,202601,MB303539,00,NENL,N,000000000031,"000000000077,4","0,00626","0000000000000,48","0000000000000,02","0000000000000,00","0000000000000,50",,"0000000000000,00","0000000000000,00","0000000000000,00",000000000000000,035
035,011,202603,202601,MB303543,00,NENL,N,000000000033,"000000000072,2","0,00626","0000000000000,45","0000000000000,02","0000000000000,00","0000000000000,47",,"0000000000000,00","0000000000000,00","0000000000000,00",000000000000000,035
035,011,202603,202601,O012105,00,NENL,N,000000000148,"000000000479,0","0,00626","0000000000003,00","0000000000000,11","0000000000000,00","0000000000003,11",,"0000000000000,03","0000000000000,00","0000000000000,00",000000000000000,035
035,011,202603,202601,O012105,00,NENL,R,000000000003,"000000000061,8","0,00438","0000000000000,27","0000000000000,01","0000000000000,00","0000000000000,28",,"0000000000000,00","0000000000000,00","0000000000000,00",000000000000000,035
035,011,202603,202601,PD6ICTBC,00,NENL,N,000000000904,"000000003045,2","0,00626","0000000000019,06","0000000000000,72","0000000000000,00","0000000000019,78",,"0000000000000,17","0000000000000,00","0000000000000,00",000000000000002,035
035,011,202603,202601,PD6ICTBC,00,NENL,R,000000000022,"000000000134,5","0,00438","0000000000000,59","0000000000000,02","0000000000000,00","0000000000000,61",,"0000000000000,01","0000000000000,00","0000000000000,00",000000000000000,035
035,011,202603,202601,PW018FKL,00,NENL,N,000000000002,"000000000001,4","0,00626","0000000000000,01","0000000000000,00","0000000000000,00","0000000000000,01",,"0000000000000,00","0000000000000,00","0000000000000,00",000000000000000,035
035,011,202603,202601,PW019CTB,00,NEAL,N,000000000003,"000000000004,0","0,00626","0000000000000,03","0000000000000,00","0000000000000,00","0000000000000,03",,"0000000000000,00","0000000000000,00","0000000000000,00",000000000000000,035
035,011,202603,202601,PW019CTB,00,NENL,N,000000004055,"000000016749,9","0,00626","0000000000104,85","0000000000003,97","0000000000000,00","0000000000108,82",,"0000000000000,94","0000000000000,00","0000000000000,00",000000000000010,035
035,011,202603,202601,PW019CTB,00,NENL,R,000000000170,"000000001767,4","0,00438","0000000000007,74","0000000000000,29","0000000000000,00","0000000000008,03",,"0000000000000,07","0000000000000,00","0000000000000,00",000000000000001,035
035,011,202603,202601,PW028FKL,00,GE8L,N,000000000001,"000000000016,7","0,00626","0000000000000,10","0000000000000,00","0000000000000,00","0000000000000,10",,"0000000000000,00","0000000000000,00","0000000000000,00",000000000000000,035
035,011,202603,202601,PW028FKL,00,NENL,N,000000000002,"000000000001,2","0,00626","0000000000000,01","0000000000000,00","0000000000000,00","0000000000000,01",,"0000000000000,00","0000000000000,00","0000000000000,00",000000000000000,035
035,011,202603,202601,PW029CTB,00,NENL,N,000000002754,"000000011024,4","0,00626","0000000000069,01","0000000000002,61","0000000000000,00","0000000000071,62",,"0000000000000,62","0000000000000,00","0000000000000,00",000000000000007,035
035,011,202603,202601,PW029CTB,00,NENL,R,000000000072,"000000000647,5","0,00438","0000000000002,84","0000000000000,11","0000000000000,00","0000000000002,95",,"0000000000000,03","0000000000000,00","0000000000000,00",000000000000000,035
035,011,202603,202601,Q020486,00,NENL,N,000000000568,"000000002016,6","0,00626","0000000000012,62","0000000000000,48","0000000000000,00","0000000000013,10",,"0000000000000,11","0000000000000,00","0000000000000,00",000000000000001,035
035,011,202603,202601,Q020486,00,NENL,R,000000000008,"000000000113,2","0,00438","0000000000000,50","0000000000000,02","0000000000000,00","0000000000000,52",,"0000000000000,00","0000000000000,00","0000000000000,00",000000000000000,035
035,011,202603,202601,Q0703212,00,NENL,N,000000000149,"000000000582,4","0,00626","0000000000003,65","0000000000000,14","0000000000000,00","0000000000003,79",,"0000000000000,03","0000000000000,00","0000000000000,00",000000000000000,035
035,011,202603,202601,Q0703338,00,NENL,N,000000000095,"000000000188,7","0,00626","0000000000001,18","0000000000000,04","0000000000000,00","0000000000001,22",,"0000000000000,01","0000000000000,00","0000000000000,00",000000000000000,035
035,011,202603,202601,Q0703365,00,NENL,N,000000000585,"000000001905,3","0,00626","0000000000011,93","0000000000000,45","0000000000000,00","0000000000012,38",,"0000000000000,11","0000000000000,00","0000000000000,00",000000000000001,035
035,011,202603,202601,Q0703365,00,NENL,R,000000000021,"000000000189,9","0,00438","0000000000000,83","0000000000000,03","0000000000000,00","0000000000000,86",,"0000000000000,01","0000000000000,00","0000000000000,00",000000000000000,035
035,011,202603,202601,Q0703412,00,NENL,N,000000000066,"000000000125,6","0,00626","0000000000000,79","0000000000000,03","0000000000000,00","0000000000000,82",,"0000000000000,01","0000000000000,00","0000000000000,00",000000000000000,035
035,011,202603,202601,Q0703412,00,NENL,R,000000000001,"000000000008,9","0,00438","0000000000000,04","0000000000000,00","0000000000000,00","0000000000000,04",,"0000000000000,00","0000000000000,00","0000000000000,00",000000000000000,035
035,011,202603,202601,Q0703558,00,NENL,N,000000001462,"000000003979,7","0,00626","0000000000024,91","0000000000000,94","0000000000000,00","0000000000025,85",,"0000000000000,22","0000000000000,00","0000000000000,00",000000000000002,035
035,011,202603,202601,Q0703558,00,NENL,R,000000000030,"000000000151,2","0,00438","0000000000000,66","0000000000000,03","0000000000000,00","0000000000000,69",,"0000000000000,01","0000000000000,00","0000000000000,00",000000000000000,035
035,011,202603,202601,RQ0112AQ,00,NENL,N,000000000064,"000000000195,7","0,00626","0000000000001,23","0000000000000,05","0000000000000,00","0000000000001,28",,"0000000000000,01","0000000000000,00","0000000000000,00",000000000000000,035
035,011,202603,202601,RQ0112AQ,00,NENL,R,000000000003,"000000000027,6","0,00438","0000000000000,12","0000000000000,00","0000000000000,00","0000000000000,12",,"0000000000000,00","0000000000000,00","0000000000000,00",000000000000000,035
035,011,202603,202601,RQ0412JL,00,NENL,N,000000000030,"000000000145,2","0,00626","0000000000000,91","0000000000000,03","0000000000000,00","0000000000000,94",,"0000000000000,01","0000000000000,00","0000000000000,00",000000000000000,035
035,011,202603,202601,RQ0412JL,00,NENL,R,000000000006,"000000000026,3","0,00438","0000000000000,12","0000000000000,00","0000000000000,00","0000000000000,12",,"0000000000000,00","0000000000000,00","0000000000000,00",000000000000000,035
035,011,202603,202601,RQ0412MM,00,NENL,N,000000000050,"000000000145,0","0,00626","0000000000000,91","0000000000000,03","0000000000000,00","0000000000000,94",,"0000000000000,01","0000000000000,00","0000000000000,00",000000000000000,035
035,011,202603,202601,RQ0412MM,00,NENL,R,000000000001,"000000000003,1","0,00438","0000000000000,01","0000000000000,00","0000000000000,00","0000000000000,01",,"0000000000000,00","0000000000000,00","0000000000000,00",000000000000000,035
035,011,202603,202601,RQ053FAC,00,NENL,N,000000004185,"000000012617,8","0,00626","0000000000078,99","0000000000002,99","0000000000000,00","0000000000081,98",,"0000000000000,71","0000000000000,00","0000000000000,00",000000000000008,035
035,011,202603,202601,RQ053FAC,00,NENL,R,000000000186,"000000003077,1","0,00438","0000000000013,48","0000000000000,51","0000000000000,00","0000000000013,99",,"0000000000000,12","0000000000000,00","0000000000000,00",000000000000001,035
035,011,202603,202601,RR0112SR,00,NENL,N,000000000615,"000000002493,5","0,00626","0000000000015,61","0000000000000,59","0000000000000,00","0000000000016,20",,"0000000000000,14","0000000000000,00","0000000000000,00",000000000000002,035
035,011,202603,202601,RR0112SR,00,NENL,R,000000000007,"000000000035,9","0,00438","0000000000000,16","0000000000000,01","0000000000000,00","0000000000000,17",,"0000000000000,00","0000000000000,00","0000000000000,00",000000000000000,035
035,011,202603,202601,RR0312SR,00,NENL,N,000000000623,"000000002426,8","0,00626","0000000000015,19","0000000000000,58","0000000000000,00","0000000000015,77",,"0000000000000,14","0000000000000,00","0000000000000,00",000000000000002,035
035,011,202603,202601,RR0312SR,00,NENL,R,000000000012,"000000000153,4","0,00438","0000000000000,67","0000000000000,03","0000000000000,00","0000000000000,70",,"0000000000000,01","0000000000000,00","0000000000000,00",000000000000000,035
035,011,202603,202601,RU01BR12,00,NENL,N,000000000070,"000000000335,5","0,00626","0000000000002,10","0000000000000,08","0000000000000,00","0000000000002,18",,"0000000000000,02","0000000000000,00","0000000000000,00",000000000000000,035
035,011,202603,202601,S017105,00,NENL,N,000000000041,"000000000090,2","0,00626","0000000000000,56","0000000000000,02","0000000000000,00","0000000000000,58",,"0000000000000,01","0000000000000,00","0000000000000,00",000000000000000,035
035,011,202603,202601,S017105,00,NENL,R,000000000001,"000000000016,8","0,00438","0000000000000,07","0000000000000,00","0000000000000,00","0000000000000,07",,"0000000000000,00","0000000000000,00","0000000000000,00",000000000000000,035
035,011,202603,202601,S0703008,00,NENL,N,000000000338,"000000001132,9","0,00626","0000000000007,09","0000000000000,27","0000000000000,00","0000000000007,36",,"0000000000000,06","0000000000000,00","0000000000000,00",000000000000001,035
035,011,202603,202601,S0703008,00,NENL,R,000000000023,"000000000261,5","0,00438","0000000000001,15","0000000000000,04","0000000000000,00","0000000000001,19",,"0000000000000,01","0000000000000,00","0000000000000,00",000000000000000,035
035,011,202603,202601,S0703241,00,NENL,N,000000000002,"000000000009,9","0,00626","0000000000000,06","0000000000000,00","0000000000000,00","0000000000000,06",,"0000000000000,00","0000000000000,00","0000000000000,00",000000000000000,035
035,011,202603,202601,S1001572,00,NENL,N,000000000631,"000000002103,0","0,00626","0000000000013,16","0000000000000,50","0000000000000,00","0000000000013,66",,"0000000000000,12","0000000000000,00","0000000000000,00",000000000000001,035
035,011,202603,202601,S1001572,00,NENL,R,000000000004,"000000000016,2","0,00438","0000000000000,07","0000000000000,00","0000000000000,00","0000000000000,07",,"0000000000000,00","0000000000000,00","0000000000000,00",000000000000000,035
035,011,202603,202601,S1001580,00,GE8L,N,000000000001,"000000000006,2","0,00626","0000000000000,04","0000000000000,00","0000000000000,00","0000000000000,04",,"0000000000000,00","0000000000000,00","0000000000000,00",000000000000000,035
035,011,202603,202601,S1001581,00,GE8L,N,000000000016,"000000000036,7","0,00626","0000000000000,23","0000000000000,01","0000000000000,00","0000000000000,24",,"0000000000000,00","0000000000000,00","0000000000000,00",000000000000000,035
035,011,202603,202601,S1001581,00,NENL,N,000000001062,"000000003046,5","0,00626","0000000000019,07","0000000000000,72","0000000000000,00","0000000000019,79",,"0000000000000,17","0000000000000,00","0000000000000,00",000000000000002,035
035,011,202603,202601,S1001581,00,NENL,R,000000000011,"000000000032,4","0,00438","0000000000000,14","0000000000000,01","0000000000000,00","0000000000000,15",,"0000000000000,00","0000000000000,00","0000000000000,00",000000000000000,035
035,011,202603,202601,S1003284,00,NENL,N,000000000002,"000000000001,1","0,00626","0000000000000,01","0000000000000,00","0000000000000,00","0000000000000,01",,"0000000000000,00","0000000000000,00","0000000000000,00",000000000000000,035
035,011,202603,202601,S1003539,00,NENL,N,000000000038,"000000000116,3","0,00626","0000000000000,73","0000000000000,03","0000000000000,00","0000000000000,76",,"0000000000000,01","0000000000000,00","0000000000000,00",000000000000000,035
035,011,202603,202601,S1003543,00,NENL,N,000000000027,"000000000075,6","0,00626","0000000000000,47","0000000000000,02","0000000000000,00","0000000000000,49",,"0000000000000,00","0000000000000,00","0000000000000,00",000000000000000,035
035,011,202603,202601,S1603366,00,NENL,N,000000001047,"000000004994,5","0,00626","0000000000031,27","0000000000001,18","0000000000000,00","0000000000032,45",,"0000000000000,28","0000000000000,00","0000000000000,00",000000000000003,035
035,011,202603,202601,S1603366,00,NENL,R,000000000006,"000000000060,5","0,00438","0000000000000,26","0000000000000,01","0000000000000,00","0000000000000,27",,"0000000000000,00","0000000000000,00","0000000000000,00",000000000000000,035
035,011,202603,202601,S1603369,00,NENL,N,000000001048,"000000005179,2","0,00626","0000000000032,42","0000000000001,23","0000000000000,00","0000000000033,65",,"0000000000000,29","0000000000000,00","0000000000000,00",000000000000003,035
035,011,202603,202601,S1603369,00,NENL,R,000000000003,"000000000014,5","0,00438","0000000000000,06","0000000000000,00","0000000000000,00","0000000000000,06",,"0000000000000,00","0000000000000,00","0000000000000,00",000000000000000,035
035,011,202603,202601,S1604102,00,NENL,N,000000000317,"000000000805,6","0,00626","0000000000005,04","0000000000000,19","0000000000000,00","0000000000005,23",,"0000000000000,05","0000000000000,00","0000000000000,00",000000000000001,035
035,011,202603,202601,S1604102,00,NENL,R,000000000001,"000000000011,7","0,00438","0000000000000,05","0000000000000,00","0000000000000,00","0000000000000,05",,"0000000000000,00","0000000000000,00","0000000000000,00",000000000000000,035
035,011,202603,202601,TZ01CTIP,00,NENL,N,000000000138,"000000000412,6","0,00626","0000000000002,58","0000000000000,10","0000000000000,00","0000000000002,68",,"0000000000000,02","0000000000000,00","0000000000000,00",000000000000000,035
035,011,202603,202601,TZ01CTIP,00,NENL,R,000000000005,"000000000012,7","0,00438","0000000000000,06","0000000000000,00","0000000000000,00","0000000000000,06",,"0000000000000,00","0000000000000,00","0000000000000,00",000000000000000,035
035,011,202603,202601,VM300572,00,NENL,N,000000000607,"000000001712,0","0,00626","0000000000010,72","0000000000000,41","0000000000000,00","0000000000011,13",,"0000000000000,10","0000000000000,00","0000000000000,00",000000000000001,035
035,011,202603,202601,VM300572,00,NENL,R,000000000001,"000000000003,8","0,00438","0000000000000,02","0000000000000,00","0000000000000,00","0000000000000,02",,"0000000000000,00","0000000000000,00","0000000000000,00",000000000000000,035
035,011,202603,202601,VM300580,00,GE8L,N,000000000003,"000000000008,5","0,00626","0000000000000,05","0000000000000,00","0000000000000,00","0000000000000,05",,"0000000000000,00","0000000000000,00","0000000000000,00",000000000000000,035
035,011,202603,202601,VM300581,00,GE8L,N,000000000014,"000000000054,0","0,00626","0000000000000,34","0000000000000,01","0000000000000,00","0000000000000,35",,"0000000000000,00","0000000000000,00","0000000000000,00",000000000000000,035
035,011,202603,202601,VM300581,00,NENL,N,000000001073,"000000003491,6","0,00626","0000000000021,86","0000000000000,83","0000000000000,00","0000000000022,69",,"0000000000000,20","0000000000000,00","0000000000000,00",000000000000002,035
035,011,202603,202601,VM300581,00,NENL,R,000000000011,"000000000048,9","0,00438","0000000000000,21","0000000000000,01","0000000000000,00","0000000000000,22",,"0000000000000,00","0000000000000,00","0000000000000,00",000000000000000,035
035,011,202603,202601,VM303539,00,NENL,N,000000000027,"000000000084,4","0,00626","0000000000000,53","0000000000000,02","0000000000000,00","0000000000000,55",,"0000000000000,00","0000000000000,00","0000000000000,00",000000000000000,035
035,011,202603,202601,VM303543,00,NENL,N,000000000028,"000000000065,5","0,00626","0000000000000,41","0000000000000,02","0000000000000,00","0000000000000,43",,"0000000000000,00","0000000000000,00","0000000000000,00",000000000000000,035
035,011,202603,202601,VU11029,00,NENL,N,000000000002,"000000000003,5","0,00626","0000000000000,02","0000000000000,00","0000000000000,00","0000000000000,02",,"0000000000000,00","0000000000000,00","0000000000000,00",000000000000000,035
048,011,202603,202601,1ALG006I,00,NENL,N,000000000005,"000000000005,0","0,00626","0000000000000,03","0000000000000,00","0000000000000,00","0000000000000,03",,"0000000000000,00","0000000000000,00","0000000000000,00",000000000000000,048
048,011,202603,202601,1CTB006I,00,NENL,N,000000000002,"000000000009,2","0,00626","0000000000000,06","0000000000000,00","0000000000000,00","0000000000000,06",,"0000000000000,00","0000000000000,00","0000000000000,00",000000000000000,048
048,011,202603,202601,1CTB009I,00,NENL,N,000000000013,"000000000098,7","0,00626","0000000000000,62","0000000000000,02","0000000000000,00","0000000000000,64",,"0000000000000,01","0000000000000,00","0000000000000,00",000000000000000,048
048,011,202603,202601,1CTB018I,00,NENL,N,000000000011,"000000000023,6","0,00626","0000000000000,15","0000000000000,01","0000000000000,00","0000000000000,16",,"0000000000000,00","0000000000000,00","0000000000000,00",000000000000000,048
048,011,202603,202601,1CTB018I,00,NENL,R,000000000002,"000000000010,5","0,00438","0000000000000,05","0000000000000,00","0000000000000,00","0000000000000,05",,"0000000000000,00","0000000000000,00","0000000000000,00",000000000000000,048
048,011,202603,202601,1CTB021I,00,NENL,N,000000000001,"000000000001,6","0,00626","0000000000000,01","0000000000000,00","0000000000000,00","0000000000000,01",,"0000000000000,00","0000000000000,00","0000000000000,00",000000000000000,048
048,011,202603,202601,1CTB027I,00,NENL,N,000000000001,"000000000006,2","0,00626","0000000000000,04","0000000000000,00","0000000000000,00","0000000000000,04",,"0000000000000,00","0000000000000,00","0000000000000,00",000000000000000,048
048,011,202603,202601,1CTB033I,00,NENL,N,000000000004,"000000000004,4","0,00626","0000000000000,03","0000000000000,00","0000000000000,00","0000000000000,03",,"0000000000000,00","0000000000000,00","0000000000000,00",000000000000000,048
048,011,202603,202601,1OIF045I,00,NENL,N,000000000010,"000000000020,1","0,00626","0000000000000,13","0000000000000,00","0000000000000,00","0000000000000,13",,"0000000000000,00","0000000000000,00","0000000000000,00",000000000000000,048
048,011,202603,202601,1OIF047I,00,NENL,N,000000000006,"000000000006,3","0,00626","0000000000000,04","0000000000000,00","0000000000000,00","0000000000000,04",,"0000000000000,00","0000000000000,00","0000000000000,00",000000000000000,048
048,011,202603,202601,30003IP4,00,GE8L,N,000000000001,"000000000001,6","0,00626","0000000000000,01","0000000000000,00","0000000000000,00","0000000000000,01",,"0000000000000,00","0000000000000,00","0000000000000,00",000000000000000,048
048,011,202603,202601,3ALG003I,00,NENL,N,000000000009,"000000000077,1","0,00626","0000000000000,48","0000000000000,02","0000000000000,00","0000000000000,50",,"0000000000000,00","0000000000000,00","0000000000000,00",000000000000000,048
048,011,202603,202601,3ALG006I,00,NENL,N,000000000005,"000000000012,4","0,00626","0000000000000,08","0000000000000,00","0000000000000,00","0000000000000,08",,"0000000000000,00","0000000000000,00","0000000000000,00",000000000000000,048
048,011,202603,202601,3CTB0021,00,NENL,N,000000000035,"000000000592,9","0,00626","0000000000003,71","0000000000000,14","0000000000000,00","0000000000003,85",,"0000000000000,03","0000000000000,00","0000000000000,00",000000000000000,048
048,011,202603,202601,3CTB0021,00,NENL,R,000000000001,"000000000009,2","0,00438","0000000000000,04","0000000000000,00","0000000000000,00","0000000000000,04",,"0000000000000,00","0000000000000,00","0000000000000,00",000000000000000,048
048,011,202603,202601,3CTB003I,00,NENL,N,000000000006,"000000000016,2","0,00626","0000000000000,10","0000000000000,00","0000000000000,00","0000000000000,10",,"0000000000000,00","0000000000000,00","0000000000000,00",000000000000000,048
048,011,202603,202601,3CTB006I,00,NENL,N,000000000003,"000000000002,1","0,00626","0000000000000,01","0000000000000,00","0000000000000,00","0000000000000,01",,"0000000000000,00","0000000000000,00","0000000000000,00",000000000000000,048
048,011,202603,202601,3CTB009I,00,NENL,N,000000000002,"000000000005,0","0,00626","0000000000000,03","0000000000000,00","0000000000000,00","0000000000000,03",,"0000000000000,00","0000000000000,00","0000000000000,00",000000000000000,048
048,011,202603,202601,3CTB021I,00,NENL,N,000000000003,"000000000007,0","0,00626","0000000000000,04","0000000000000,00","0000000000000,00","0000000000000,04",,"0000000000000,00","0000000000000,00","0000000000000,00",000000000000000,048
048,011,202603,202601,3CTB024I,00,NENL,N,000000000001,"000000000002,3","0,00626","0000000000000,01","0000000000000,00","0000000000000,00","0000000000000,01",,"0000000000000,00","0000000000000,00","0000000000000,00",000000000000000,048
048,011,202603,202601,3OIF114I,00,NENL,N,000000000002,"000000000007,6","0,00626","0000000000000,05","0000000000000,00","0000000000000,00","0000000000000,05",,"0000000000000,00","0000000000000,00","0000000000000,00",000000000000000,048
048,011,202603,202601,3PA_FALK,00,GE8L,N,000000000001,"000000000000,6","0,00626","0000000000000,00","0000000000000,00","0000000000000,00","0000000000000,00",,"0000000000000,00","0000000000000,00","0000000000000,00",000000000000000,048
048,011,202603,202601,4FACTR4I,00,NENL,N,000000000024,"000000000078,1","0,00626","0000000000000,49","0000000000000,02","0000000000000,00","0000000000000,51",,"0000000000000,00","0000000000000,00","0000000000000,00",000000000000000,048
048,011,202603,202601,6ALG006I,00,NENL,N,000000000007,"000000000009,2","0,00626","0000000000000,06","0000000000000,00","0000000000000,00","0000000000000,06",,"0000000000000,00","0000000000000,00","0000000000000,00",000000000000000,048
048,011,202603,202601,6ALG015I,00,NENL,N,000000000001,"000000000000,5","0,00626","0000000000000,00","0000000000000,00","0000000000000,00","0000000000000,00",,"0000000000000,00","0000000000000,00","0000000000000,00",000000000000000,048
048,011,202603,202601,6CTB006I,00,NENL,N,000000000001,"000000000003,8","0,00626","0000000000000,02","0000000000000,00","0000000000000,00","0000000000000,02",,"0000000000000,00","0000000000000,00","0000000000000,00",000000000000000,048
048,011,202603,202601,6CTB009I,00,NENL,N,000000000020,"000000000083,6","0,00626","0000000000000,52","0000000000000,02","0000000000000,00","0000000000000,54",,"0000000000000,00","0000000000000,00","0000000000000,00",000000000000000,048
048,011,202603,202601,6CTB016I,00,NENL,N,000000000003,"000000000006,2","0,00626","0000000000000,04","0000000000000,00","0000000000000,00","0000000000000,04",,"0000000000000,00","0000000000000,00","0000000000000,00",000000000000000,048
048,011,202603,202601,6CTB018I,00,NENL,N,000000000027,"000000000101,5","0,00626","0000000000000,64","0000000000000,02","0000000000000,00","0000000000000,66",,"0000000000000,01","0000000000000,00","0000000000000,00",000000000000000,048
048,011,202603,202601,6CTB018I,00,NENL,R,000000000004,"000000000007,9","0,00438","0000000000000,03","0000000000000,00","0000000000000,00","0000000000000,03",,"0000000000000,00","0000000000000,00","0000000000000,00",000000000000000,048
048,011,202603,202601,6CTB021I,00,NENL,N,000000000003,"000000000001,9","0,00626","0000000000000,01","0000000000000,00","0000000000000,00","0000000000000,01",,"0000000000000,00","0000000000000,00","0000000000000,00",000000000000000,048
048,011,202603,202601,6CTB025I,00,NENL,N,000000000004,"000000000012,1","0,00626","0000000000000,08","0000000000000,00","0000000000000,00","0000000000000,08",,"0000000000000,00","0000000000000,00","0000000000000,00",000000000000000,048
048,011,202603,202601,6CTB025I,00,NENL,R,000000000001,"000000000000,9","0,00438","0000000000000,00","0000000000000,00","0000000000000,00","0000000000000,00",,"0000000000000,00","0000000000000,00","0000000000000,00",000000000000000,048
048,011,202603,202601,6CTB027I,00,NENL,N,000000000002,"000000000009,0","0,00626","0000000000000,06","0000000000000,00","0000000000000,00","0000000000000,06",,"0000000000000,00","0000000000000,00","0000000000000,00",000000000000000,048
048,011,202603,202601,6CTB028I,00,NENL,N,000000000014,"000000000051,4","0,00626","0000000000000,32","0000000000000,01","0000000000000,00","0000000000000,33",,"0000000000000,00","0000000000000,00","0000000000000,00",000000000000000,048
048,011,202603,202601,6CTB031I,00,NENL,N,000000000001,"000000000002,0","0,00626","0000000000000,01","0000000000000,00","0000000000000,00","0000000000000,01",,"0000000000000,00","0000000000000,00","0000000000000,00",000000000000000,048
048,011,202603,202601,6CTB033I,00,NENL,N,000000000003,"000000000004,4","0,00626","0000000000000,03","0000000000000,00","0000000000000,00","0000000000000,03",,"0000000000000,00","0000000000000,00","0000000000000,00",000000000000000,048
048,011,202603,202601,6CTB034I,00,NENL,N,000000000014,"000000000067,5","0,00626","0000000000000,42","0000000000000,02","0000000000000,00","0000000000000,44",,"0000000000000,00","0000000000000,00","0000000000000,00",000000000000000,048
048,011,202603,202601,6CTB034I,00,NENL,R,000000000001,"000000000005,7","0,00438","0000000000000,02","0000000000000,00","0000000000000,00","0000000000000,02",,"0000000000000,00","0000000000000,00","0000000000000,00",000000000000000,048
048,011,202603,202601,6OIF045I,00,NENL,N,000000000010,"000000000038,5","0,00626","0000000000000,24","0000000000000,01","0000000000000,00","0000000000000,25",,"0000000000000,00","0000000000000,00","0000000000000,00",000000000000000,048
048,011,202603,202601,6OIF047I,00,NENL,N,000000000006,"000000000007,7","0,00626","0000000000000,05","0000000000000,00","0000000000000,00","0000000000000,05",,"0000000000000,00","0000000000000,00","0000000000000,00",000000000000000,048
048,011,202603,202601,6OIF047I,00,NENL,R,000000000001,"000000000002,6","0,00438","0000000000000,01","0000000000000,00","0000000000000,00","0000000000000,01",,"0000000000000,00","0000000000000,00","0000000000000,00",000000000000000,048
048,011,202603,202601,6OIF086I,00,NENL,N,000000000012,"000000000054,4","0,00626","0000000000000,34","0000000000000,01","0000000000000,00","0000000000000,35",,"0000000000000,00","0000000000000,00","0000000000000,00",000000000000000,048
048,011,202603,202601,7CTB003I,00,NENL,N,000000000003,"000000000016,0","0,00626","0000000000000,10","0000000000000,00","0000000000000,00","0000000000000,10",,"0000000000000,00","0000000000000,00","0000000000000,00",000000000000000,048
048,011,202603,202601,7CTB016I,00,NENL,N,000000000009,"000000000037,8","0,00626","0000000000000,24","0000000000000,01","0000000000000,00","0000000000000,25",,"0000000000000,00","0000000000000,00","0000000000000,00",000000000000000,048
048,011,202603,202601,7CTB025I,00,NENL,N,000000000009,"000000000043,9","0,00626","0000000000000,27","0000000000000,01","0000000000000,00","0000000000000,28",,"0000000000000,00","0000000000000,00","0000000000000,00",000000000000000,048
048,011,202603,202601,7CTB028I,00,NENL,N,000000000007,"000000000018,2","0,00626","0000000000000,11","0000000000000,00","0000000000000,00","0000000000000,11",,"0000000000000,00","0000000000000,00","0000000000000,00",000000000000000,048
048,011,202603,202601,7CTB031I,00,NENL,N,000000000002,"000000000001,7","0,00626","0000000000000,01","0000000000000,00","0000000000000,00","0000000000000,01",,"0000000000000,00","0000000000000,00","0000000000000,00",000000000000000,048
048,011,202603,202601,7CTB034I,00,NENL,N,000000000019,"000000000048,5","0,00626","0000000000000,30","0000000000000,01","0000000000000,00","0000000000000,31",,"0000000000000,00","0000000000000,00","0000000000000,00",000000000000000,048
048,011,202603,202601,7CTB034I,00,NENL,R,000000000002,"000000000001,8","0,00438","0000000000000,01","0000000000000,00","0000000000000,00","0000000000000,01",,"0000000000000,00","0000000000000,00","0000000000000,00",000000000000000,048
048,011,202603,202601,7OIF086I,00,NENL,N,000000000011,"000000000023,3","0,00626","0000000000000,15","0000000000000,01","0000000000000,00","0000000000000,16",,"0000000000000,00","0000000000000,00","0000000000000,00",000000000000000,048
048,011,202603,202601,7OIF089I,00,NENL,N,000000000001,"000000000000,5","0,00626","0000000000000,00","0000000000000,00","0000000000000,00","0000000000000,00",,"0000000000000,00","0000000000000,00","0000000000000,00",000000000000000,048
048,011,202603,202601,8ALG003I,00,NENL,N,000000000007,"000000000026,2","0,00626","0000000000000,16","0000000000000,01","0000000000000,00","0000000000000,17",,"0000000000000,00","0000000000000,00","0000000000000,00",000000000000000,048
048,011,202603,202601,8ALG006I,00,NENL,N,000000000003,"000000000005,9","0,00626","0000000000000,04","0000000000000,00","0000000000000,00","0000000000000,04",,"0000000000000,00","0000000000000,00","0000000000000,00",000000000000000,048
048,011,202603,202601,8CTB0021,00,NENL,N,000000000053,"000000000726,8","0,00626","0000000000004,55","0000000000000,17","0000000000000,00","0000000000004,72",,"0000000000000,04","0000000000000,00","0000000000000,00",000000000000000,048
048,011,202603,202601,8CTB003I,00,NENL,N,000000000004,"000000000006,1","0,00626","0000000000000,04","0000000000000,00","0000000000000,00","0000000000000,04",,"0000000000000,00","0000000000000,00","0000000000000,00",000000000000000,048
048,011,202603,202601,8CTB006I,00,NENL,N,000000000001,"000000000001,2","0,00626","0000000000000,01","0000000000000,00","0000000000000,00","0000000000000,01",,"0000000000000,00","0000000000000,00","0000000000000,00",000000000000000,048
048,011,202603,202601,8CTB030I,00,NENL,N,000000000009,"000000000011,5","0,00626","0000000000000,07","0000000000000,00","0000000000000,00","0000000000000,07",,"0000000000000,00","0000000000000,00","0000000000000,00",000000000000000,048
048,011,202603,202601,8OIF028I,00,NENL,N,000000000001,"000000000000,5","0,00626","0000000000000,00","0000000000000,00","0000000000000,00","0000000000000,00",,"0000000000000,00","0000000000000,00","0000000000000,00",000000000000000,048
048,011,202603,202601,8OIF046I,00,NENL,N,000000000001,"000000000001,5","0,00626","0000000000000,01","0000000000000,00","0000000000000,00","0000000000000,01",,"0000000000000,00","0000000000000,00","0000000000000,00",000000000000000,048
048,011,202603,202601,8OIF114I,00,NENL,N,000000000002,"000000000023,4","0,00626","0000000000000,15","0000000000000,01","0000000000000,00","0000000000000,16",,"0000000000000,00","0000000000000,00","0000000000000,00",000000000000000,048
048,011,202603,202601,8OIF127I,00,NENL,N,000000000001,"000000000000,5","0,00626","0000000000000,00","0000000000000,00","0000000000000,00","0000000000000,00",,"0000000000000,00","0000000000000,00","0000000000000,00",000000000000000,048
048,011,202603,202601,A021239,00,NENL,N,000000000005,"000000000012,0","0,00626","0000000000000,08","0000000000000,00","0000000000000,00","0000000000000,08",,"0000000000000,00","0000000000000,00","0000000000000,00",000000000000000,048
048,011,202603,202601,A030901,00,NENL,N,000000000013,"000000000029,1","0,00626","0000000000000,18","0000000000000,01","0000000000000,00","0000000000000,19",,"0000000000000,00","0000000000000,00","0000000000000,00",000000000000000,048
048,011,202603,202601,AP1TLF_N,00,NENL,N,000000000493,"000000001581,3","0,00626","0000000000009,90","0000000000000,37","0000000000000,00","0000000000010,27",,"0000000000000,09","0000000000000,00","0000000000000,00",000000000000001,048
048,011,202603,202601,AP1TLF_N,00,NENL,R,000000000017,"000000000023,5","0,00438","0000000000000,10","0000000000000,00","0000000000000,00","0000000000000,10",,"0000000000000,00","0000000000000,00","0000000000000,00",000000000000000,048
048,011,202603,202601,AP2TLF_N,00,NENL,N,000000000538,"000000001740,4","0,00626","0000000000010,89","0000000000000,41","0000000000000,00","0000000000011,30",,"0000000000000,10","0000000000000,00","0000000000000,00",000000000000001,048
048,011,202603,202601,AP2TLF_N,00,NENL,R,000000000023,"000000000057,2","0,00438","0000000000000,25","0000000000000,01","0000000000000,00","0000000000000,26",,"0000000000000,00","0000000000000,00","0000000000000,00",000000000000000,048
048,011,202603,202601,CO100812,00,NENL,N,000000000004,"000000000016,3","0,00626","0000000000000,10","0000000000000,00","0000000000000,00","0000000000000,10",,"0000000000000,00","0000000000000,00","0000000000000,00",000000000000000,048
048,011,202603,202601,CO100814,00,NENL,N,000000000007,"000000000034,6","0,00626","0000000000000,22","0000000000000,01","0000000000000,00","0000000000000,23",,"0000000000000,00","0000000000000,00","0000000000000,00",000000000000000,048
048,011,202603,202601,D017CTBC,00,NENL,N,000000000004,"000000000007,0","0,00626","0000000000000,04","0000000000000,00","0000000000000,00","0000000000000,04",,"0000000000000,00","0000000000000,00","0000000000000,00",000000000000000,048
048,011,202603,202601,E0404084,00,NENL,N,000000000006,"000000000020,0","0,00626","0000000000000,13","0000000000000,00","0000000000000,00","0000000000000,13",,"0000000000000,00","0000000000000,00","0000000000000,00",000000000000000,048
048,011,202603,202601,IB100812,00,NENL,N,000000000005,"000000000027,6","0,00626","0000000000000,17","0000000000000,01","0000000000000,00","0000000000000,18",,"0000000000000,00","0000000000000,00","0000000000000,00",000000000000000,048
048,011,202603,202601,IB100814,00,NENL,N,000000000005,"000000000031,4","0,00626","0000000000000,20","0000000000000,01","0000000000000,00","0000000000000,21",,"0000000000000,00","0000000000000,00","0000000000000,00",000000000000000,048
048,011,202603,202601,MB301110,00,NENL,N,000000000028,"000000000094,3","0,00626","0000000000000,59","0000000000000,02","0000000000000,00","0000000000000,61",,"0000000000000,01","0000000000000,00","0000000000000,00",000000000000000,048
048,011,202603,202601,MB301153,00,GE8L,N,000000000001,"000000000008,9","0,00626","0000000000000,06","0000000000000,00","0000000000000,00","0000000000000,06",,"0000000000000,00","0000000000000,00","0000000000000,00",000000000000000,048
048,011,202603,202601,MB301153,00,NENL,N,000000000036,"000000000136,2","0,00626","0000000000000,85","0000000000000,03","0000000000000,00","0000000000000,88",,"0000000000000,01","0000000000000,00","0000000000000,00",000000000000000,048
048,011,202603,202601,MB301153,00,NENL,R,000000000002,"000000000002,5","0,00438","0000000000000,01","0000000000000,00","0000000000000,00","0000000000000,01",,"0000000000000,00","0000000000000,00","0000000000000,00",000000000000000,048
048,011,202603,202601,O012105,00,NENL,N,000000000006,"000000000016,9","0,00626","0000000000000,11","0000000000000,00","0000000000000,00","0000000000000,11",,"0000000000000,00","0000000000000,00","0000000000000,00",000000000000000,048
048,011,202603,202601,PD6ICTBC,00,NENL,N,000000000032,"000000000086,4","0,00626","0000000000000,54","0000000000000,02","0000000000000,00","0000000000000,56",,"0000000000000,00","0000000000000,00","0000000000000,00",000000000000000,048
048,011,202603,202601,PD6ICTBC,00,NENL,R,000000000001,"000000000001,0","0,00438","0000000000000,00","0000000000000,00","0000000000000,00","0000000000000,00",,"0000000000000,00","0000000000000,00","0000000000000,00",000000000000000,048
048,011,202603,202601,PW019CTB,00,NENL,N,000000000214,"000000000942,4","0,00626","0000000000005,90","0000000000000,22","0000000000000,00","0000000000006,12",,"0000000000000,05","0000000000000,00","0000000000000,00",000000000000001,048
048,011,202603,202601,PW019CTB,00,NENL,R,000000000002,"000000000010,5","0,00438","0000000000000,05","0000000000000,00","0000000000000,00","0000000000000,05",,"0000000000000,00","0000000000000,00","0000000000000,00",000000000000000,048
048,011,202603,202601,PW029CTB,00,NENL,N,000000000116,"000000000433,0","0,00626","0000000000002,71","0000000000000,10","0000000000000,00","0000000000002,81",,"0000000000000,02","0000000000000,00","0000000000000,00",000000000000000,048
048,011,202603,202601,PW029CTB,00,NENL,R,000000000003,"000000000007,7","0,00438","0000000000000,03","0000000000000,00","0000000000000,00","0000000000000,03",,"0000000000000,00","0000000000000,00","0000000000000,00",000000000000000,048
048,011,202603,202601,Q020486,00,NENL,N,000000000027,"000000000089,8","0,00626","0000000000000,56","0000000000000,02","0000000000000,00","0000000000000,58",,"0000000000000,01","0000000000000,00","0000000000000,00",000000000000000,048
048,011,202603,202601,Q0703212,00,NENL,N,000000000004,"000000000009,5","0,00626","0000000000000,06","0000000000000,00","0000000000000,00","0000000000000,06",,"0000000000000,00","0000000000000,00","0000000000000,00",000000000000000,048
048,011,202603,202601,Q0703365,00,NENL,N,000000000033,"000000000056,7","0,00626","0000000000000,35","0000000000000,01","0000000000000,00","0000000000000,36",,"0000000000000,00","0000000000000,00","0000000000000,00",000000000000000,048
048,011,202603,202601,Q0703365,00,NENL,R,000000000003,"000000000004,7","0,00438","0000000000000,02","0000000000000,00","0000000000000,00","0000000000000,02",,"0000000000000,00","0000000000000,00","0000000000000,00",000000000000000,048
048,011,202603,202601,Q0703412,00,NENL,N,000000000003,"000000000006,5","0,00626","0000000000000,04","0000000000000,00","0000000000000,00","0000000000000,04",,"0000000000000,00","0000000000000,00","0000000000000,00",000000000000000,048
048,011,202603,202601,Q0703558,00,NENL,N,000000000049,"000000000136,3","0,00626","0000000000000,85","0000000000000,03","0000000000000,00","0000000000000,88",,"0000000000000,01","0000000000000,00","0000000000000,00",000000000000000,048
048,011,202603,202601,RQ0112AQ,00,NENL,N,000000000003,"000000000003,6","0,00626","0000000000000,02","0000000000000,00","0000000000000,00","0000000000000,02",,"0000000000000,00","0000000000000,00","0000000000000,00",000000000000000,048
048,011,202603,202601,RQ0412JL,00,NENL,N,000000000001,"000000000002,1","0,00626","0000000000000,01","0000000000000,00","0000000000000,00","0000000000000,01",,"0000000000000,00","0000000000000,00","0000000000000,00",000000000000000,048
048,011,202603,202601,RQ053FAC,00,NENL,N,000000000120,"000000000434,1","0,00626","0000000000002,72","0000000000000,10","0000000000000,00","0000000000002,82",,"0000000000000,02","0000000000000,00","0000000000000,00",000000000000000,048
048,011,202603,202601,RQ053FAC,00,NENL,R,000000000001,"000000000004,8","0,00438","0000000000000,02","0000000000000,00","0000000000000,00","0000000000000,02",,"0000000000000,00","0000000000000,00","0000000000000,00",000000000000000,048
048,011,202603,202601,RR0112SR,00,NENL,N,000000000003,"000000000008,6","0,00626","0000000000000,05","0000000000000,00","0000000000000,00","0000000000000,05",,"0000000000000,00","0000000000000,00","0000000000000,00",000000000000000,048
048,011,202603,202601,RR0112SR,00,NENL,R,000000000002,"000000000003,0","0,00438","0000000000000,01","0000000000000,00","0000000000000,00","0000000000000,01",,"0000000000000,00","0000000000000,00","0000000000000,00",000000000000000,048
048,011,202603,202601,RR0312SR,00,NENL,N,000000000008,"000000000021,7","0,00626","0000000000000,14","0000000000000,01","0000000000000,00","0000000000000,15",,"0000000000000,00","0000000000000,00","0000000000000,00",000000000000000,048
048,011,202603,202601,RR0312SR,00,NENL,R,000000000001,"000000000003,3","0,00438","0000000000000,01","0000000000000,00","0000000000000,00","0000000000000,01",,"0000000000000,00","0000000000000,00","0000000000000,00",000000000000000,048
048,011,202603,202601,S017105,00,NENL,N,000000000002,"000000000005,9","0,00626","0000000000000,04","0000000000000,00","0000000000000,00","0000000000000,04",,"0000000000000,00","0000000000000,00","0000000000000,00",000000000000000,048
048,011,202603,202601,S0703008,00,NENL,N,000000000006,"000000000004,6","0,00626","0000000000000,03","0000000000000,00","0000000000000,00","0000000000000,03",,"0000000000000,00","0000000000000,00","0000000000000,00",000000000000000,048
048,011,202603,202601,S1001572,00,NENL,N,000000000033,"000000000107,9","0,00626","0000000000000,68","0000000000000,03","0000000000000,00","0000000000000,71",,"0000000000000,01","0000000000000,00","0000000000000,00",000000000000000,048
048,011,202603,202601,S1001581,00,NENL,N,000000000034,"000000000134,3","0,00626","0000000000000,84","0000000000000,03","0000000000000,00","0000000000000,87",,"0000000000000,01","0000000000000,00","0000000000000,00",000000000000000,048
048,011,202603,202601,S1603366,00,NENL,N,000000000023,"000000000048,7","0,00626","0000000000000,30","0000000000000,01","0000000000000,00","0000000000000,31",,"0000000000000,00","0000000000000,00","0000000000000,00",000000000000000,048
048,011,202603,202601,S1603366,00,NENL,R,000000000003,"000000000006,5","0,00438","0000000000000,03","0000000000000,00","0000000000000,00","0000000000000,03",,"0000000000000,00","0000000000000,00","0000000000000,00",000000000000000,048
048,011,202603,202601,S1603369,00,NENL,N,000000000013,"000000000055,1","0,00626","0000000000000,34","0000000000000,01","0000000000000,00","0000000000000,35",,"0000000000000,00","0000000000000,00","0000000000000,00",000000000000000,048
048,011,202603,202601,S1603369,00,NENL,R,000000000008,"000000000013,1","0,00438","0000000000000,06","0000000000000,00","0000000000000,00","0000000000000,06",,"0000000000000,00","0000000000000,00","0000000000000,00",000000000000000,048
048,011,202603,202601,S1604102,00,NENL,N,000000000011,"000000000029,1","0,00626","0000000000000,18","0000000000000,01","0000000000000,00","0000000000000,19",,"0000000000000,00","0000000000000,00","0000000000000,00",000000000000000,048
048,011,202603,202601,VM300572,00,NENL,N,000000000023,"000000000061,4","0,00626","0000000000000,38","0000000000000,01","0000000000000,00","0000000000000,39",,"0000000000000,00","0000000000000,00","0000000000000,00",000000000000000,048
048,011,202603,202601,VM300581,00,GE8L,N,000000000001,"000000000000,5","0,00626","0000000000000,00","0000000000000,00","0000000000000,00","0000000000000,00",,"0000000000000,00","0000000000000,00","0000000000000,00",000000000000000,048
048,011,202603,202601,VM300581,00,NENL,N,000000000034,"000000000166,1","0,00626","0000000000001,04","0000000000000,04","0000000000000,00","0000000000001,08",,"0000000000000,01","0000000000000,00","0000000000000,00",000000000000000,048
049,011,202603,202601,1ALG006I,00,NENL,N,000000000005,"000000000004,4","0,00626","0000000000000,03","0000000000000,00","0000000000000,00","0000000000000,03",,"0000000000000,00","0000000000000,00","0000000000000,00",000000000000000,049
049,011,202603,202601,1ALG015I,00,NENL,N,000000000001,"000000000001,0","0,00626","0000000000000,01","0000000000000,00","0000000000000,00","0000000000000,01",,"0000000000000,00","0000000000000,00","0000000000000,00",000000000000000,049
049,011,202603,202601,1CTB006I,00,NENL,N,000000000001,"000000000000,9","0,00626","0000000000000,01","0000000000000,00","0000000000000,00","0000000000000,01",,"0000000000000,00","0000000000000,00","0000000000000,00",000000000000000,049
049,011,202603,202601,1CTB009I,00,NENL,N,000000000013,"000000000041,5","0,00626","0000000000000,26","0000000000000,01","0000000000000,00","0000000000000,27",,"0000000000000,00","0000000000000,00","0000000000000,00",000000000000000,049
049,011,202603,202601,1CTB012I,00,NENL,N,000000000002,"000000000001,8","0,00626","0000000000000,01","0000000000000,00","0000000000000,00","0000000000000,01",,"0000000000000,00","0000000000000,00","0000000000000,00",000000000000000,049
049,011,202603,202601,1CTB021I,00,NENL,N,000000000002,"000000000001,6","0,00626","0000000000000,01","0000000000000,00","0000000000000,00","0000000000000,01",,"0000000000000,00","0000000000000,00","0000000000000,00",000000000000000,049
049,011,202603,202601,1CTB027I,00,NENL,N,000000000003,"000000000005,4","0,00626","0000000000000,03","0000000000000,00","0000000000000,00","0000000000000,03",,"0000000000000,00","0000000000000,00","0000000000000,00",000000000000000,049
049,011,202603,202601,1CTB033I,00,NENL,N,000000000002,"000000000001,8","0,00626","0000000000000,01","0000000000000,00","0000000000000,00","0000000000000,01",,"0000000000000,00","0000000000000,00","0000000000000,00",000000000000000,049
049,011,202603,202601,1OIF006I,00,NENL,N,000000000001,"000000000000,5","0,00626","0000000000000,00","0000000000000,00","0000000000000,00","0000000000000,00",,"0000000000000,00","0000000000000,00","0000000000000,00",000000000000000,049
049,011,202603,202601,3ALG001I,00,NENL,N,000000000002,"000000000002,0","0,00626","0000000000000,01","0000000000000,00","0000000000000,00","0000000000000,01",,"0000000000000,00","0000000000000,00","0000000000000,00",000000000000000,049
049,011,202603,202601,3ALG002I,00,GE8L,N,000000000003,"000000000037,0","0,00626","0000000000000,23","0000000000000,01","0000000000000,00","0000000000000,24",,"0000000000000,00","0000000000000,00","0000000000000,00",000000000000000,049
049,011,202603,202601,3ALG003I,00,NENL,N,000000000084,"000000000405,9","0,00626","0000000000002,54","0000000000000,10","0000000000000,00","0000000000002,64",,"0000000000000,02","0000000000000,00","0000000000000,00",000000000000000,049
049,011,202603,202601,3CTB003I,00,NENL,N,000000000001,"000000000004,3","0,00626","0000000000000,03","0000000000000,00","0000000000000,00","0000000000000,03",,"0000000000000,00","0000000000000,00","0000000000000,00",000000000000000,049
049,011,202603,202601,3CTB012I,00,NENL,N,000000000001,"000000000001,1","0,00626","0000000000000,01","0000000000000,00","0000000000000,00","0000000000000,01",,"0000000000000,00","0000000000000,00","0000000000000,00",000000000000000,049
049,011,202603,202601,3CTB021I,00,NENL,N,000000000002,"000000000001,0","0,00626","0000000000000,01","0000000000000,00","0000000000000,00","0000000000000,01",,"0000000000000,00","0000000000000,00","0000000000000,00",000000000000000,049
049,011,202603,202601,3CTB024I,00,NENL,N,000000000003,"000000000003,3","0,00626","0000000000000,02","0000000000000,00","0000000000000,00","0000000000000,02",,"0000000000000,00","0000000000000,00","0000000000000,00",000000000000000,049
049,011,202603,202601,3CTB027I,00,NENL,N,000000000001,"000000000001,1","0,00626","0000000000000,01","0000000000000,00","0000000000000,00","0000000000000,01",,"0000000000000,00","0000000000000,00","0000000000000,00",000000000000000,049
049,011,202603,202601,3OIF114I,00,NENL,N,000000000004,"000000000007,8","0,00626","0000000000000,05","0000000000000,00","0000000000000,00","0000000000000,05",,"0000000000000,00","0000000000000,00","0000000000000,00",000000000000000,049
049,011,202603,202601,4FACTR4I,00,NENL,N,000000000020,"000000000041,3","0,00626","0000000000000,26","0000000000000,01","0000000000000,00","0000000000000,27",,"0000000000000,00","0000000000000,00","0000000000000,00",000000000000000,049
049,011,202603,202601,6ALG006I,00,NENL,N,000000000006,"000000000009,7","0,00626","0000000000000,06","0000000000000,00","0000000000000,00","0000000000000,06",,"0000000000000,00","0000000000000,00","0000000000000,00",000000000000000,049
049,011,202603,202601,6ALG015I,00,NENL,N,000000000001,"000000000000,5","0,00626","0000000000000,00","0000000000000,00","0000000000000,00","0000000000000,00",,"0000000000000,00","0000000000000,00","0000000000000,00",000000000000000,049
049,011,202603,202601,6CTB009I,00,NENL,N,000000000008,"000000000021,5","0,00626","0000000000000,13","0000000000000,01","0000000000000,00","0000000000000,14",,"0000000000000,00","0000000000000,00","0000000000000,00",000000000000000,049
049,011,202603,202601,6CTB012I,00,NENL,N,000000000002,"000000000001,3","0,00626","0000000000000,01","0000000000000,00","0000000000000,00","0000000000000,01",,"0000000000000,00","0000000000000,00","0000000000000,00",000000000000000,049
049,011,202603,202601,6CTB021I,00,NENL,N,000000000002,"000000000002,2","0,00626","0000000000000,01","0000000000000,00","0000000000000,00","0000000000000,01",,"0000000000000,00","0000000000000,00","0000000000000,00",000000000000000,049
049,011,202603,202601,6CTB024I,00,NENL,N,000000000002,"000000000001,1","0,00626","0000000000000,01","0000000000000,00","0000000000000,00","0000000000000,01",,"0000000000000,00","0000000000000,00","0000000000000,00",000000000000000,049
049,011,202603,202601,6CTB025I,00,NENL,N,000000000002,"000000000003,3","0,00626","0000000000000,02","0000000000000,00","0000000000000,00","0000000000000,02",,"0000000000000,00","0000000000000,00","0000000000000,00",000000000000000,049
049,011,202603,202601,6CTB028I,00,NENL,N,000000000006,"000000000024,4","0,00626","0000000000000,15","0000000000000,01","0000000000000,00","0000000000000,16",,"0000000000000,00","0000000000000,00","0000000000000,00",000000000000000,049
049,011,202603,202601,6CTB033I,00,NENL,N,000000000002,"000000000002,7","0,00626","0000000000000,02","0000000000000,00","0000000000000,00","0000000000000,02",,"0000000000000,00","0000000000000,00","0000000000000,00",000000000000000,049
049,011,202603,202601,6CTB034I,00,NENL,N,000000000001,"000000000006,7","0,00626","0000000000000,04","0000000000000,00","0000000000000,00","0000000000000,04",,"0000000000000,00","0000000000000,00","0000000000000,00",000000000000000,049
049,011,202603,202601,6OIF006I,00,NENL,N,000000000001,"000000000000,5","0,00626","0000000000000,00","0000000000000,00","0000000000000,00","0000000000000,00",,"0000000000000,00","0000000000000,00","0000000000000,00",000000000000000,049
049,011,202603,202601,6OIF033I,00,NENL,N,000000000001,"000000000011,1","0,00626","0000000000000,07","0000000000000,00","0000000000000,00","0000000000000,07",,"0000000000000,00","0000000000000,00","0000000000000,00",000000000000000,049
049,011,202603,202601,6OIF082I,00,NENL,N,000000000004,"000000000002,0","0,00626","0000000000000,01","0000000000000,00","0000000000000,00","0000000000000,01",,"0000000000000,00","0000000000000,00","0000000000000,00",000000000000000,049
049,011,202603,202601,6OIF083I,00,NENL,N,000000000006,"000000000012,4","0,00626","0000000000000,08","0000000000000,00","0000000000000,00","0000000000000,08",,"0000000000000,00","0000000000000,00","0000000000000,00",000000000000000,049
049,011,202603,202601,6OIF089I,00,NENL,N,000000000001,"000000000000,5","0,00626","0000000000000,00","0000000000000,00","0000000000000,00","0000000000000,00",,"0000000000000,00","0000000000000,00","0000000000000,00",000000000000000,049
049,011,202603,202601,7CTB016I,00,NENL,N,000000000002,"000000000026,0","0,00626","0000000000000,16","0000000000000,01","0000000000000,00","0000000000000,17",,"0000000000000,00","0000000000000,00","0000000000000,00",000000000000000,049
049,011,202603,202601,7CTB028I,00,NENL,N,000000000003,"000000000012,0","0,00626","0000000000000,08","0000000000000,00","0000000000000,00","0000000000000,08",,"0000000000000,00","0000000000000,00","0000000000000,00",000000000000000,049
049,011,202603,202601,7CTB034I,00,NENL,N,000000000007,"000000000007,4","0,00626","0000000000000,05","0000000000000,00","0000000000000,00","0000000000000,05",,"0000000000000,00","0000000000000,00","0000000000000,00",000000000000000,049
049,011,202603,202601,7OIF070I,00,NENL,N,000000000001,"000000000007,4","0,00626","0000000000000,05","0000000000000,00","0000000000000,00","0000000000000,05",,"0000000000000,00","0000000000000,00","0000000000000,00",000000000000000,049
049,011,202603,202601,7OIF082I,00,NENL,N,000000000003,"000000000001,7","0,00626","0000000000000,01","0000000000000,00","0000000000000,00","0000000000000,01",,"0000000000000,00","0000000000000,00","0000000000000,00",000000000000000,049
049,011,202603,202601,7OIF083I,00,NENL,N,000000000008,"000000000020,5","0,00626","0000000000000,13","0000000000000,00","0000000000000,00","0000000000000,13",,"0000000000000,00","0000000000000,00","0000000000000,00",000000000000000,049
049,011,202603,202601,8ALG002I,00,GE8L,N,000000000001,"000000000010,7","0,00626","0000000000000,07","0000000000000,00","0000000000000,00","0000000000000,07",,"0000000000000,00","0000000000000,00","0000000000000,00",000000000000000,049
049,011,202603,202601,8ALG003I,00,NENL,N,000000000099,"000000000366,4","0,00626","0000000000002,29","0000000000000,09","0000000000000,00","0000000000002,38",,"0000000000000,02","0000000000000,00","0000000000000,00",000000000000000,049
049,011,202603,202601,8CTB0021,00,NENL,N,000000000002,"000000000003,6","0,00626","0000000000000,02","0000000000000,00","0000000000000,00","0000000000000,02",,"0000000000000,00","0000000000000,00","0000000000000,00",000000000000000,049
049,011,202603,202601,8CTB003I,00,NENL,N,000000000001,"000000000004,2","0,00626","0000000000000,03","0000000000000,00","0000000000000,00","0000000000000,03",,"0000000000000,00","0000000000000,00","0000000000000,00",000000000000000,049
049,011,202603,202601,8CTB024I,00,NENL,N,000000000002,"000000000001,5","0,00626","0000000000000,01","0000000000000,00","0000000000000,00","0000000000000,01",,"0000000000000,00","0000000000000,00","0000000000000,00",000000000000000,049
049,011,202603,202601,8CTB030I,00,NENL,N,000000000001,"000000000000,5","0,00626","0000000000000,00","0000000000000,00","0000000000000,00","0000000000000,00",,"0000000000000,00","0000000000000,00","0000000000000,00",000000000000000,049
049,011,202603,202601,8OIF046I,00,NENL,N,000000000001,"000000000000,6","0,00626","0000000000000,00","0000000000000,00","0000000000000,00","0000000000000,00",,"0000000000000,00","0000000000000,00","0000000000000,00",000000000000000,049
049,011,202603,202601,8OIF114I,00,NENL,N,000000000005,"000000000013,3","0,00626","0000000000000,08","0000000000000,00","0000000000000,00","0000000000000,08",,"0000000000000,00","0000000000000,00","0000000000000,00",000000000000000,049
049,011,202603,202601,8OIF127I,00,NENL,N,000000000002,"000000000002,9","0,00626","0000000000000,02","0000000000000,00","0000000000000,00","0000000000000,02",,"0000000000000,00","0000000000000,00","0000000000000,00",000000000000000,049
049,011,202603,202601,A021239,00,NENL,N,000000000010,"000000000034,9","0,00626","0000000000000,22","0000000000000,01","0000000000000,00","0000000000000,23",,"0000000000000,00","0000000000000,00","0000000000000,00",000000000000000,049
049,011,202603,202601,A030901,00,NENL,N,000000000010,"000000000026,0","0,00626","0000000000000,16","0000000000000,01","0000000000000,00","0000000000000,17",,"0000000000000,00","0000000000000,00","0000000000000,00",000000000000000,049
049,011,202603,202601,AP1TLF_N,00,NENL,N,000000000007,"000000000035,1","0,00626","0000000000000,22","0000000000000,01","0000000000000,00","0000000000000,23",,"0000000000000,00","0000000000000,00","0000000000000,00",000000000000000,049
049,011,202603,202601,AP2TLF_N,00,NENL,N,000000000010,"000000000060,0","0,00626","0000000000000,38","0000000000000,01","0000000000000,00","0000000000000,39",,"0000000000000,00","0000000000000,00","0000000000000,00",000000000000000,049
049,011,202603,202601,CO100812,00,NENL,N,000000000004,"000000000046,4","0,00626","0000000000000,29","0000000000000,01","0000000000000,00","0000000000000,30",,"0000000000000,00","0000000000000,00","0000000000000,00",000000000000000,049
049,011,202603,202601,CO100814,00,NENL,N,000000000007,"000000000011,9","0,00626","0000000000000,07","0000000000000,00","0000000000000,00","0000000000000,07",,"0000000000000,00","0000000000000,00","0000000000000,00",000000000000000,049
049,011,202603,202601,D017CTBC,00,NENL,N,000000000001,"000000000001,6","0,00626","0000000000000,01","0000000000000,00","0000000000000,00","0000000000000,01",,"0000000000000,00","0000000000000,00","0000000000000,00",000000000000000,049
049,011,202603,202601,E0403386,00,NENL,N,000000000001,"000000000000,5","0,00626","0000000000000,00","0000000000000,00","0000000000000,00","0000000000000,00",,"0000000000000,00","0000000000000,00","0000000000000,00",000000000000000,049
049,011,202603,202601,IB100812,00,NENL,N,000000000002,"000000000001,7","0,00626","0000000000000,01","0000000000000,00","0000000000000,00","0000000000000,01",,"0000000000000,00","0000000000000,00","0000000000000,00",000000000000000,049
049,011,202603,202601,IB100814,00,NENL,N,000000000002,"000000000001,0","0,00626","0000000000000,01","0000000000000,00","0000000000000,00","0000000000000,01",,"0000000000000,00","0000000000000,00","0000000000000,00",000000000000000,049
049,011,202603,202601,MB301110,00,NENL,N,000000000065,"000000000204,8","0,00626","0000000000001,28","0000000000000,05","0000000000000,00","0000000000001,33",,"0000000000000,01","0000000000000,00","0000000000000,00",000000000000000,049
049,011,202603,202601,MB301153,00,NENL,N,000000000015,"000000000093,3","0,00626","0000000000000,58","0000000000000,02","0000000000000,00","0000000000000,60",,"0000000000000,01","0000000000000,00","0000000000000,00",000000000000000,049
049,011,202603,202601,O012105,00,NENL,N,000000000002,"000000000001,6","0,00626","0000000000000,01","0000000000000,00","0000000000000,00","0000000000000,01",,"0000000000000,00","0000000000000,00","0000000000000,00",000000000000000,049
049,011,202603,202601,PD6ICTBC,00,NENL,N,000000000021,"000000000081,3","0,00626","0000000000000,51","0000000000000,02","0000000000000,00","0000000000000,53",,"0000000000000,00","0000000000000,00","0000000000000,00",000000000000000,049
049,011,202603,202601,PW019CTB,00,NENL,N,000000000082,"000000000260,0","0,00626","0000000000001,63","0000000000000,06","0000000000000,00","0000000000001,69",,"0000000000000,01","0000000000000,00","0000000000000,00",000000000000000,049
049,011,202603,202601,PW029CTB,00,NENL,N,000000000049,"000000000145,1","0,00626","0000000000000,91","0000000000000,03","0000000000000,00","0000000000000,94",,"0000000000000,01","0000000000000,00","0000000000000,00",000000000000000,049
049,011,202603,202601,Q020486,00,NENL,N,000000000040,"000000000181,9","0,00626","0000000000001,14","0000000000000,04","0000000000000,00","0000000000001,18",,"0000000000000,01","0000000000000,00","0000000000000,00",000000000000000,049
049,011,202603,202601,Q020486,00,NENL,R,000000000001,"000000000001,9","0,00438","0000000000000,01","0000000000000,00","0000000000000,00","0000000000000,01",,"0000000000000,00","0000000000000,00","0000000000000,00",000000000000000,049
049,011,202603,202601,Q0703212,00,NENL,N,000000000033,"000000000203,0","0,00626","0000000000001,27","0000000000000,05","0000000000000,00","0000000000001,32",,"0000000000000,01","0000000000000,00","0000000000000,00",000000000000000,049
049,011,202603,202601,Q0703212,00,NENL,R,000000000001,"000000000001,9","0,00438","0000000000000,01","0000000000000,00","0000000000000,00","0000000000000,01",,"0000000000000,00","0000000000000,00","0000000000000,00",000000000000000,049
049,011,202603,202601,Q0703365,00,NENL,N,000000000007,"000000000008,2","0,00626","0000000000000,05","0000000000000,00","0000000000000,00","0000000000000,05",,"0000000000000,00","0000000000000,00","0000000000000,00",000000000000000,049
049,011,202603,202601,Q0703365,00,NENL,R,000000000003,"000000000009,0","0,00438","0000000000000,04","0000000000000,00","0000000000000,00","0000000000000,04",,"0000000000000,00","0000000000000,00","0000000000000,00",000000000000000,049
049,011,202603,202601,Q0703412,00,NENL,N,000000000001,"000000000002,3","0,00626","0000000000000,01","0000000000000,00","0000000000000,00","0000000000000,01",,"0000000000000,00","0000000000000,00","0000000000000,00",000000000000000,049
049,011,202603,202601,Q0703558,00,NENL,N,000000000129,"000000000307,4","0,00626","0000000000001,92","0000000000000,07","0000000000000,00","0000000000001,99",,"0000000000000,02","0000000000000,00","0000000000000,00",000000000000000,049
049,011,202603,202601,Q0703558,00,NENL,R,000000000001,"000000000011,6","0,00438","0000000000000,05","0000000000000,00","0000000000000,00","0000000000000,05",,"0000000000000,00","0000000000000,00","0000000000000,00",000000000000000,049
049,011,202603,202601,RQ0112AQ,00,NENL,N,000000000005,"000000000012,8","0,00626","0000000000000,08","0000000000000,00","0000000000000,00","0000000000000,08",,"0000000000000,00","0000000000000,00","0000000000000,00",000000000000000,049
049,011,202603,202601,RQ0412JL,00,NENL,N,000000000002,"000000000003,3","0,00626","0000000000000,02","0000000000000,00","0000000000000,00","0000000000000,02",,"0000000000000,00","0000000000000,00","0000000000000,00",000000000000000,049
049,011,202603,202601,RQ0412MM,00,NENL,N,000000000001,"000000000004,4","0,00626","0000000000000,03","0000000000000,00","0000000000000,00","0000000000000,03",,"0000000000000,00","0000000000000,00","0000000000000,00",000000000000000,049
049,011,202603,202601,RQ053FAC,00,NENL,N,000000000055,"000000000087,0","0,00626","0000000000000,54","0000000000000,02","0000000000000,00","0000000000000,56",,"0000000000000,00","0000000000000,00","0000000000000,00",000000000000000,049
049,011,202603,202601,RR0112SR,00,NENL,N,000000000075,"000000000410,1","0,00626","0000000000002,57","0000000000000,10","0000000000000,00","0000000000002,67",,"0000000000000,02","0000000000000,00","0000000000000,00",000000000000000,049
049,011,202603,202601,RR0112SR,00,NENL,R,000000000003,"000000000054,8","0,00438","0000000000000,24","0000000000000,01","0000000000000,00","0000000000000,25",,"0000000000000,00","0000000000000,00","0000000000000,00",000000000000000,049
049,011,202603,202601,RR0312SR,00,NENL,N,000000000086,"000000000432,9","0,00626","0000000000002,71","0000000000000,10","0000000000000,00","0000000000002,81",,"0000000000000,02","0000000000000,00","0000000000000,00",000000000000000,049
049,011,202603,202601,RR0312SR,00,NENL,R,000000000001,"000000000017,6","0,00438","0000000000000,08","0000000000000,00","0000000000000,00","0000000000000,08",,"0000000000000,00","0000000000000,00","0000000000000,00",000000000000000,049
049,011,202603,202601,RU01BR12,00,NENL,N,000000000002,"000000000002,8","0,00626","0000000000000,02","0000000000000,00","0000000000000,00","0000000000000,02",,"0000000000000,00","0000000000000,00","0000000000000,00",000000000000000,049
049,011,202603,202601,S0703008,00,NENL,N,000000000003,"000000000001,6","0,00626","0000000000000,01","0000000000000,00","0000000000000,00","0000000000000,01",,"0000000000000,00","0000000000000,00","0000000000000,00",000000000000000,049
049,011,202603,202601,S1001572,00,NENL,N,000000000068,"000000000252,7","0,00626","0000000000001,58","0000000000000,06","0000000000000,00","0000000000001,64",,"0000000000000,01","0000000000000,00","0000000000000,00",000000000000000,049
049,011,202603,202601,S1001581,00,GE8L,N,000000000001,"000000000008,1","0,00626","0000000000000,05","0000000000000,00","0000000000000,00","0000000000000,05",,"0000000000000,00","0000000000000,00","0000000000000,00",000000000000000,049
049,011,202603,202601,S1001581,00,NENL,N,000000000019,"000000000050,5","0,00626","0000000000000,32","0000000000000,01","0000000000000,00","0000000000000,33",,"0000000000000,00","0000000000000,00","0000000000000,00",000000000000000,049
049,011,202603,202601,S1603366,00,NENL,N,000000000001,"000000000000,8","0,00626","0000000000000,01","0000000000000,00","0000000000000,00","0000000000000,01",,"0000000000000,00","0000000000000,00","0000000000000,00",000000000000000,049
049,011,202603,202601,S1603369,00,NENL,N,000000000001,"000000000005,9","0,00626","0000000000000,04","0000000000000,00","0000000000000,00","0000000000000,04",,"0000000000000,00","0000000000000,00","0000000000000,00",000000000000000,049
049,011,202603,202601,S1604102,00,NENL,N,000000000009,"000000000014,2","0,00626","0000000000000,09","0000000000000,00","0000000000000,00","0000000000000,09",,"0000000000000,00","0000000000000,00","0000000000000,00",000000000000000,049
049,011,202603,202601,VM300572,00,NENL,N,000000000065,"000000000212,5","0,00626","0000000000001,33","0000000000000,05","0000000000000,00","0000000000001,38",,"0000000000000,01","0000000000000,00","0000000000000,00",000000000000000,049
049,011,202603,202601,VM300572,00,NENL,R,000000000001,"000000000008,1","0,00438","0000000000000,04","0000000000000,00","0000000000000,00","0000000000000,04",,"0000000000000,00","0000000000000,00","0000000000000,00",000000000000000,049
049,011,202603,202601,VM300581,00,GE8L,N,000000000001,"000000000006,4","0,00626","0000000000000,04","0000000000000,00","0000000000000,00","0000000000000,04",,"0000000000000,00","0000000000000,00","0000000000000,00",000000000000000,049
049,011,202603,202601,VM300581,00,NENL,N,000000000014,"000000000042,9","0,00626","0000000000000,27","0000000000000,01","0000000000000,00","0000000000000,28",,"0000000000000,00","0000000000000,00","0000000000000,00",000000000000000,049
143,011,202603,202601,00002IP2,00,NENL,N,000000000010,"000000000007,2","0,00604","0000000000000,04","0000000000000,00","0000000000000,00","0000000000000,04",,"0000000000000,00","0000000000000,00","0000000000000,00",000000000000000,143
143,011,202603,202601,1ALG006I,00,NENL,N,000000000081,"000000000103,5","0,00604","0000000000000,63","0000000000000,02","0000000000000,00","0000000000000,65",,"0000000000000,01","0000000000000,00","0000000000000,00",000000000000000,143
143,011,202603,202601,1ALG006I,00,NENL,R,000000000001,"000000000003,4","0,00422","0000000000000,01","0000000000000,00","0000000000000,00","0000000000000,01",,"0000000000000,00","0000000000000,00","0000000000000,00",000000000000000,143
143,011,202603,202601,1ALG012I,00,NENL,N,000000000004,"000000000004,0","0,00604","0000000000000,02","0000000000000,00","0000000000000,00","0000000000000,02",,"0000000000000,00","0000000000000,00","0000000000000,00",000000000000000,143
143,011,202603,202601,1ALG015I,00,NENL,N,000000000254,"000000000306,3","0,00604","0000000000001,85","0000000000000,07","0000000000000,00","0000000000001,92",,"0000000000000,02","0000000000000,00","0000000000000,00",000000000000000,143
143,011,202603,202601,1CTB006I,00,NENL,N,000000000016,"000000000013,1","0,00604","0000000000000,08","0000000000000,00","0000000000000,00","0000000000000,08",,"0000000000000,00","0000000000000,00","0000000000000,00",000000000000000,143
143,011,202603,202601,1CTB009I,00,NENL,N,000000000242,"000000000292,3","0,00604","0000000000001,77","0000000000000,07","0000000000000,00","0000000000001,84",,"0000000000000,02","0000000000000,00","0000000000000,00",000000000000000,143
143,011,202603,202601,1CTB012I,00,NENL,N,000000000213,"000000000342,1","0,00604","0000000000002,07","0000000000000,08","0000000000000,00","0000000000002,15",,"0000000000000,02","0000000000000,00","0000000000000,00",000000000000000,143
143,011,202603,202601,1CTB012I,00,NENL,R,000000000001,"000000000008,4","0,00422","0000000000000,04","0000000000000,00","0000000000000,00","0000000000000,04",,"0000000000000,00","0000000000000,00","0000000000000,00",000000000000000,143
143,011,202603,202601,1CTB018I,00,NENL,N,000000000027,"000000000044,6","0,00604","0000000000000,27","0000000000000,01","0000000000000,00","0000000000000,28",,"0000000000000,00","0000000000000,00","0000000000000,00",000000000000000,143
143,011,202603,202601,1CTB021I,00,NENL,N,000000000150,"000000000232,1","0,00604","0000000000001,40","0000000000000,05","0000000000000,00","0000000000001,45",,"0000000000000,01","0000000000000,00","0000000000000,00",000000000000000,143
143,011,202603,202601,1CTB027I,00,NENL,N,000000000244,"000000000433,3","0,00604","0000000000002,62","0000000000000,10","0000000000000,00","0000000000002,72",,"0000000000000,02","0000000000000,00","0000000000000,00",000000000000000,143
143,011,202603,202601,1CTB027I,00,NENL,R,000000000001,"000000000000,5","0,00422","0000000000000,00","0000000000000,00","0000000000000,00","0000000000000,00",,"0000000000000,00","0000000000000,00","0000000000000,00",000000000000000,143
143,011,202603,202601,1CTB033I,00,NENL,N,000000000238,"000000000341,9","0,00604","0000000000002,07","0000000000000,08","0000000000000,00","0000000000002,15",,"0000000000000,02","0000000000000,00","0000000000000,00",000000000000000,143
143,011,202603,202601,1OIF006I,00,NENL,N,000000000008,"000000000006,0","0,00604","0000000000000,04","0000000000000,00","0000000000000,00","0000000000000,04",,"0000000000000,00","0000000000000,00","0000000000000,00",000000000000000,143
143,011,202603,202601,1OIF009I,00,NENL,N,000000000004,"000000000009,0","0,00604","0000000000000,05","0000000000000,00","0000000000000,00","0000000000000,05",,"0000000000000,00","0000000000000,00","0000000000000,00",000000000000000,143
143,011,202603,202601,1OIF012I,00,NENL,N,000000000003,"000000000001,5","0,00604","0000000000000,01","0000000000000,00","0000000000000,00","0000000000000,01",,"0000000000000,00","0000000000000,00","0000000000000,00",000000000000000,143
143,011,202603,202601,1OIF018I,00,NENL,N,000000000005,"000000000061,4","0,00604","0000000000000,37","0000000000000,01","0000000000000,00","0000000000000,38",,"0000000000000,00","0000000000000,00","0000000000000,00",000000000000000,143
143,011,202603,202601,1OIF024I,00,NENL,N,000000000013,"000000000013,6","0,00604","0000000000000,08","0000000000000,00","0000000000000,00","0000000000000,08",,"0000000000000,00","0000000000000,00","0000000000000,00",000000000000000,143
143,011,202603,202601,1OIF039I,00,NENL,N,000000000007,"000000000003,5","0,00604","0000000000000,02","0000000000000,00","0000000000000,00","0000000000000,02",,"0000000000000,00","0000000000000,00","0000000000000,00",000000000000000,143
143,011,202603,202601,1OIF041I,00,NENL,N,000000000008,"000000000010,1","0,00604","0000000000000,06","0000000000000,00","0000000000000,00","0000000000000,06",,"0000000000000,00","0000000000000,00","0000000000000,00",000000000000000,143
143,011,202603,202601,1OIF042I,00,NENL,N,000000000002,"000000000001,0","0,00604","0000000000000,01","0000000000000,00","0000000000000,00","0000000000000,01",,"0000000000000,00","0000000000000,00","0000000000000,00",000000000000000,143
143,011,202603,202601,1OIF045I,00,NENL,N,000000000009,"000000000027,4","0,00604","0000000000000,17","0000000000000,01","0000000000000,00","0000000000000,18",,"0000000000000,00","0000000000000,00","0000000000000,00",000000000000000,143
143,011,202603,202601,1OIF047I,00,NENL,N,000000000001,"000000000000,5","0,00604","0000000000000,00","0000000000000,00","0000000000000,00","0000000000000,00",,"0000000000000,00","0000000000000,00","0000000000000,00",000000000000000,143
143,011,202603,202601,1OIF062I,00,NENL,N,000000000003,"000000000011,3","0,00604","0000000000000,07","0000000000000,00","0000000000000,00","0000000000000,07",,"0000000000000,00","0000000000000,00","0000000000000,00",000000000000000,143
143,011,202603,202601,1OIF087I,00,NENL,N,000000000003,"000000000005,9","0,00604","0000000000000,04","0000000000000,00","0000000000000,00","0000000000000,04",,"0000000000000,00","0000000000000,00","0000000000000,00",000000000000000,143
143,011,202603,202601,300021P1,00,NENL,N,000000000003,"000000000001,7","0,00604","0000000000000,01","0000000000000,00","0000000000000,00","0000000000000,01",,"0000000000000,00","0000000000000,00","0000000000000,00",000000000000000,143
143,011,202603,202601,30002IP1,00,NENL,N,000000000008,"000000000005,1","0,00604","0000000000000,03","0000000000000,00","0000000000000,00","0000000000000,03",,"0000000000000,00","0000000000000,00","0000000000000,00",000000000000000,143
143,011,202603,202601,30003IP4,00,GE8L,N,000000000005,"000000000018,1","0,00604","0000000000000,11","0000000000000,00","0000000000000,00","0000000000000,11",,"0000000000000,00","0000000000000,00","0000000000000,00",000000000000000,143
143,011,202603,202601,30003IP4,00,NENL,N,000000000084,"000000000085,6","0,00604","0000000000000,52","0000000000000,02","0000000000000,00","0000000000000,54",,"0000000000000,00","0000000000000,00","0000000000000,00",000000000000000,143
143,011,202603,202601,30003IP4,00,NENL,R,000000000001,"000000000001,1","0,00422","0000000000000,00","0000000000000,00","0000000000000,00","0000000000000,00",,"0000000000000,00","0000000000000,00","0000000000000,00",000000000000000,143
143,011,202603,202601,3ALG001I,00,NENL,N,000000000375,"000000000519,0","0,00604","0000000000003,13","0000000000000,12","0000000000000,00","0000000000003,25",,"0000000000000,03","0000000000000,00","0000000000000,00",000000000000000,143
143,011,202603,202601,3ALG001I,00,NENL,R,000000000013,"000000000035,3","0,00422","0000000000000,15","0000000000000,01","0000000000000,00","0000000000000,16",,"0000000000000,00","0000000000000,00","0000000000000,00",000000000000000,143
143,011,202603,202601,3ALG003I,00,NENL,N,000000000248,"000000000354,1","0,00604","0000000000002,14","0000000000000,08","0000000000000,00","0000000000002,22",,"0000000000000,02","0000000000000,00","0000000000000,00",000000000000000,143
143,011,202603,202601,3ALG003I,00,NENL,R,000000000001,"000000000002,5","0,00422","0000000000000,01","0000000000000,00","0000000000000,00","0000000000000,01",,"0000000000000,00","0000000000000,00","0000000000000,00",000000000000000,143
143,011,202603,202601,3ALG006I,00,NENL,N,000000000102,"000000000193,9","0,00604","0000000000001,17","0000000000000,04","0000000000000,00","0000000000001,21",,"0000000000000,01","0000000000000,00","0000000000000,00",000000000000000,143
143,011,202603,202601,3CTB0021,00,NENL,N,000000000972,"000000001673,0","0,00604","0000000000010,10","0000000000000,38","0000000000000,00","0000000000010,48",,"0000000000000,09","0000000000000,00","0000000000000,00",000000000000001,143
143,011,202603,202601,3CTB0021,00,NENL,R,000000000002,"000000000007,5","0,00422","0000000000000,03","0000000000000,00","0000000000000,00","0000000000000,03",,"0000000000000,00","0000000000000,00","0000000000000,00",000000000000000,143
143,011,202603,202601,3CTB003I,00,NENL,N,000000002016,"000000002355,0","0,00604","0000000000014,22","0000000000000,54","0000000000000,00","0000000000014,76",,"0000000000000,13","0000000000000,00","0000000000000,00",000000000000001,143
143,011,202603,202601,3CTB003I,00,NENL,R,000000000034,"000000000025,5","0,00422","0000000000000,11","0000000000000,00","0000000000000,00","0000000000000,11",,"0000000000000,00","0000000000000,00","0000000000000,00",000000000000000,143
143,011,202603,202601,3CTB006I,00,NENL,N,000000000181,"000000000205,8","0,00604","0000000000001,24","0000000000000,05","0000000000000,00","0000000000001,29",,"0000000000000,01","0000000000000,00","0000000000000,00",000000000000000,143
143,011,202603,202601,3CTB006I,00,NENL,R,000000000001,"000000000000,5","0,00422","0000000000000,00","0000000000000,00","0000000000000,00","0000000000000,00",,"0000000000000,00","0000000000000,00","0000000000000,00",000000000000000,143
143,011,202603,202601,3CTB009I,00,NENL,N,000000000163,"000000000272,7","0,00604","0000000000001,65","0000000000000,06","0000000000000,00","0000000000001,71",,"0000000000000,01","0000000000000,00","0000000000000,00",000000000000000,143
143,011,202603,202601,3CTB009I,00,NENL,R,000000000003,"000000000019,9","0,00422","0000000000000,08","0000000000000,00","0000000000000,00","0000000000000,08",,"0000000000000,00","0000000000000,00","0000000000000,00",000000000000000,143
143,011,202603,202601,3CTB012I,00,NENL,N,000000000801,"000000001467,7","0,00604","0000000000008,86","0000000000000,34","0000000000000,00","0000000000009,20",,"0000000000000,08","0000000000000,00","0000000000000,00",000000000000001,143
143,011,202603,202601,3CTB012I,00,NENL,R,000000000009,"000000000020,8","0,00422","0000000000000,09","0000000000000,00","0000000000000,00","0000000000000,09",,"0000000000000,00","0000000000000,00","0000000000000,00",000000000000000,143
143,011,202603,202601,3CTB015I,00,NENL,N,000000000015,"000000000069,5","0,00604","0000000000000,42","0000000000000,02","0000000000000,00","0000000000000,44",,"0000000000000,00","0000000000000,00","0000000000000,00",000000000000000,143
143,011,202603,202601,3CTB018I,00,NENL,N,000000000288,"000000000405,4","0,00604","0000000000002,45","0000000000000,09","0000000000000,00","0000000000002,54",,"0000000000000,02","0000000000000,00","0000000000000,00",000000000000000,143
143,011,202603,202601,3CTB018I,00,NENL,R,000000000001,"000000000001,0","0,00422","0000000000000,00","0000000000000,00","0000000000000,00","0000000000000,00",,"0000000000000,00","0000000000000,00","0000000000000,00",000000000000000,143
143,011,202603,202601,3CTB021I,00,NENL,N,000000000373,"000000000334,5","0,00604","0000000000002,02","0000000000000,08","0000000000000,00","0000000000002,10",,"0000000000000,02","0000000000000,00","0000000000000,00",000000000000000,143
143,011,202603,202601,3CTB021I,00,NENL,R,000000000001,"000000000004,0","0,00422","0000000000000,02","0000000000000,00","0000000000000,00","0000000000000,02",,"0000000000000,00","0000000000000,00","0000000000000,00",000000000000000,143
143,011,202603,202601,3CTB024I,00,NENL,N,000000000182,"000000000291,0","0,00604","0000000000001,76","0000000000000,07","0000000000000,00","0000000000001,83",,"0000000000000,02","0000000000000,00","0000000000000,00",000000000000000,143
143,011,202603,202601,3CTB027I,00,NENL,N,000000000096,"000000000125,1","0,00604","0000000000000,76","0000000000000,03","0000000000000,00","0000000000000,79",,"0000000000000,01","0000000000000,00","0000000000000,00",000000000000000,143
143,011,202603,202601,3CTB033I,00,NENL,N,000000000518,"000000000615,0","0,00604","0000000000003,71","0000000000000,14","0000000000000,00","0000000000003,85",,"0000000000000,03","0000000000000,00","0000000000000,00",000000000000000,143
143,011,202603,202601,3CTB033I,00,NENL,R,000000000004,"000000000006,9","0,00422","0000000000000,03","0000000000000,00","0000000000000,00","0000000000000,03",,"0000000000000,00","0000000000000,00","0000000000000,00",000000000000000,143
143,011,202603,202601,3CTB036I,00,NENL,N,000000000279,"000000000289,3","0,00604","0000000000001,75","0000000000000,07","0000000000000,00","0000000000001,82",,"0000000000000,02","0000000000000,00","0000000000000,00",000000000000000,143
143,011,202603,202601,3CTB036I,00,NENL,R,000000000001,"000000000000,5","0,00422","0000000000000,00","0000000000000,00","0000000000000,00","0000000000000,00",,"0000000000000,00","0000000000000,00","0000000000000,00",000000000000000,143
143,011,202603,202601,3OIF003I,00,NENL,N,000000000002,"000000000001,2","0,00604","0000000000000,01","0000000000000,00","0000000000000,00","0000000000000,01",,"0000000000000,00","0000000000000,00","0000000000000,00",000000000000000,143
143,011,202603,202601,3OIF006I,00,NENL,N,000000000007,"000000000003,5","0,00604","0000000000000,02","0000000000000,00","0000000000000,00","0000000000000,02",,"0000000000000,00","0000000000000,00","0000000000000,00",000000000000000,143
143,011,202603,202601,3OIF009I,00,NENL,N,000000000002,"000000000001,0","0,00604","0000000000000,01","0000000000000,00","0000000000000,00","0000000000000,01",,"0000000000000,00","0000000000000,00","0000000000000,00",000000000000000,143
143,011,202603,202601,3OIF013I,00,NENL,N,000000000003,"000000000002,1","0,00604","0000000000000,01","0000000000000,00","0000000000000,00","0000000000000,01",,"0000000000000,00","0000000000000,00","0000000000000,00",000000000000000,143
143,011,202603,202601,3OIF019I,00,NENL,N,000000000001,"000000000000,5","0,00604","0000000000000,00","0000000000000,00","0000000000000,00","0000000000000,00",,"0000000000000,00","0000000000000,00","0000000000000,00",000000000000000,143
143,011,202603,202601,3OIF027I,00,NENL,N,000000000013,"000000000019,0","0,00604","0000000000000,11","0000000000000,00","0000000000000,00","0000000000000,11",,"0000000000000,00","0000000000000,00","0000000000000,00",000000000000000,143
143,011,202603,202601,3OIF028I,00,NENL,N,000000000004,"000000000002,0","0,00604","0000000000000,01","0000000000000,00","0000000000000,00","0000000000000,01",,"0000000000000,00","0000000000000,00","0000000000000,00",000000000000000,143
143,011,202603,202601,3OIF033I,00,NENL,N,000000000006,"000000000005,9","0,00604","0000000000000,04","0000000000000,00","0000000000000,00","0000000000000,04",,"0000000000000,00","0000000000000,00","0000000000000,00",000000000000000,143
143,011,202603,202601,3OIF036I,00,NENL,N,000000000003,"000000000001,8","0,00604","0000000000000,01","0000000000000,00","0000000000000,00","0000000000000,01",,"0000000000000,00","0000000000000,00","0000000000000,00",000000000000000,143
143,011,202603,202601,3OIF037I,00,NENL,N,000000000015,"000000000012,2","0,00604","0000000000000,07","0000000000000,00","0000000000000,00","0000000000000,07",,"0000000000000,00","0000000000000,00","0000000000000,00",000000000000000,143
143,011,202603,202601,3OIF040I,00,NENL,N,000000000001,"000000000001,0","0,00604","0000000000000,01","0000000000000,00","0000000000000,00","0000000000000,01",,"0000000000000,00","0000000000000,00","0000000000000,00",000000000000000,143
143,011,202603,202601,3OIF042I,00,NENL,N,000000000002,"000000000002,4","0,00604","0000000000000,01","0000000000000,00","0000000000000,00","0000000000000,01",,"0000000000000,00","0000000000000,00","0000000000000,00",000000000000000,143
143,011,202603,202601,3OIF043I,00,NENL,N,000000000021,"000000000022,7","0,00604","0000000000000,14","0000000000000,01","0000000000000,00","0000000000000,15",,"0000000000000,00","0000000000000,00","0000000000000,00",000000000000000,143
143,011,202603,202601,3OIF045I,00,NENL,N,000000000002,"000000000001,3","0,00604","0000000000000,01","0000000000000,00","0000000000000,00","0000000000000,01",,"0000000000000,00","0000000000000,00","0000000000000,00",000000000000000,143
143,011,202603,202601,3OIF046I,00,NENL,N,000000000064,"000000000132,7","0,00604","0000000000000,80","0000000000000,03","0000000000000,00","0000000000000,83",,"0000000000000,01","0000000000000,00","0000000000000,00",000000000000000,143
143,011,202603,202601,3OIF052I,00,NENL,N,000000000011,"000000000020,4","0,00604","0000000000000,12","0000000000000,00","0000000000000,00","0000000000000,12",,"0000000000000,00","0000000000000,00","0000000000000,00",000000000000000,143
143,011,202603,202601,3OIF057I,00,NENL,N,000000000013,"000000000047,4","0,00604","0000000000000,29","0000000000000,01","0000000000000,00","0000000000000,30",,"0000000000000,00","0000000000000,00","0000000000000,00",000000000000000,143
143,011,202603,202601,3OIF057I,00,NENL,R,000000000001,"000000000001,7","0,00422","0000000000000,01","0000000000000,00","0000000000000,00","0000000000000,01",,"0000000000000,00","0000000000000,00","0000000000000,00",000000000000000,143
143,011,202603,202601,3OIF060I,00,NENL,N,000000000006,"000000000003,6","0,00604","0000000000000,02","0000000000000,00","0000000000000,00","0000000000000,02",,"0000000000000,00","0000000000000,00","0000000000000,00",000000000000000,143
143,011,202603,202601,3OIF063I,00,NENL,N,000000000017,"000000000013,9","0,00604","0000000000000,08","0000000000000,00","0000000000000,00","0000000000000,08",,"0000000000000,00","0000000000000,00","0000000000000,00",000000000000000,143
143,011,202603,202601,3OIF065I,00,GE8L,N,000000000002,"000000000005,4","0,00604","0000000000000,03","0000000000000,00","0000000000000,00","0000000000000,03",,"0000000000000,00","0000000000000,00","0000000000000,00",000000000000000,143
143,011,202603,202601,3OIF066I,00,NENL,N,000000000005,"000000000002,5","0,00604","0000000000000,02","0000000000000,00","0000000000000,00","0000000000000,02",,"0000000000000,00","0000000000000,00","0000000000000,00",000000000000000,143
143,011,202603,202601,3OIF069I,00,NENL,N,000000000003,"000000000004,0","0,00604","0000000000000,02","0000000000000,00","0000000000000,00","0000000000000,02",,"0000000000000,00","0000000000000,00","0000000000000,00",000000000000000,143
143,011,202603,202601,3OIF114I,00,NENL,N,000000000045,"000000000049,9","0,00604","0000000000000,30","0000000000000,01","0000000000000,00","0000000000000,31",,"0000000000000,00","0000000000000,00","0000000000000,00",000000000000000,143
143,011,202603,202601,3OIF120I,00,NENL,N,000000000134,"000000000069,7","0,00604","0000000000000,42","0000000000000,02","0000000000000,00","0000000000000,44",,"0000000000000,00","0000000000000,00","0000000000000,00",000000000000000,143
143,011,202603,202601,3OIF120I,00,NENL,R,000000000001,"000000000002,0","0,00422","0000000000000,01","0000000000000,00","0000000000000,00","0000000000000,01",,"0000000000000,00","0000000000000,00","0000000000000,00",000000000000000,143
143,011,202603,202601,3OIF127I,00,NENL,N,000000000080,"000000000154,7","0,00604","0000000000000,93","0000000000000,04","0000000000000,00","0000000000000,97",,"0000000000000,01","0000000000000,00","0000000000000,00",000000000000000,143
143,011,202603,202601,3OIF127I,00,NENL,R,000000000001,"000000000001,0","0,00422","0000000000000,00","0000000000000,00","0000000000000,00","0000000000000,00",,"0000000000000,00","0000000000000,00","0000000000000,00",000000000000000,143
143,011,202603,202601,3OIF214I,00,NENL,N,000000000003,"000000000004,2","0,00604","0000000000000,03","0000000000000,00","0000000000000,00","0000000000000,03",,"0000000000000,00","0000000000000,00","0000000000000,00",000000000000000,143
143,011,202603,202601,3PA_FALK,00,GE8L,N,000000000063,"000000000333,2","0,00604","0000000000002,01","0000000000000,08","0000000000000,00","0000000000002,09",,"0000000000000,02","0000000000000,00","0000000000000,00",000000000000000,143
143,011,202603,202601,3PA_FALK,00,GE8L,R,000000000004,"000000000003,7","0,00422","0000000000000,02","0000000000000,00","0000000000000,00","0000000000000,02",,"0000000000000,00","0000000000000,00","0000000000000,00",000000000000000,143
143,011,202603,202601,3PA_FALK,00,NENL,N,000000000529,"000000000681,4","0,00604","0000000000004,12","0000000000000,16","0000000000000,00","0000000000004,28",,"0000000000000,04","0000000000000,00","0000000000000,00",000000000000000,143
143,011,202603,202601,3PA_FALK,00,NENL,R,000000000005,"000000000002,8","0,00422","0000000000000,01","0000000000000,00","0000000000000,00","0000000000000,01",,"0000000000000,00","0000000000000,00","0000000000000,00",000000000000000,143
143,011,202603,202601,4FACTR4I,00,NENL,N,000000000417,"000000000488,2","0,00604","0000000000002,95","0000000000000,11","0000000000000,00","0000000000003,06",,"0000000000000,03","0000000000000,00","0000000000000,00",000000000000000,143
143,011,202603,202601,4FACTR4I,00,NENL,R,000000000004,"000000000002,4","0,00422","0000000000000,01","0000000000000,00","0000000000000,00","0000000000000,01",,"0000000000000,00","0000000000000,00","0000000000000,00",000000000000000,143
143,011,202603,202601,6012003I,00,NENL,N,000000000146,"000000000282,6","0,00604","0000000000001,71","0000000000000,06","0000000000000,00","0000000000001,77",,"0000000000000,02","0000000000000,00","0000000000000,00",000000000000000,143
143,011,202603,202601,6ADC018I,00,GE8L,N,000000000001,"000000000000,5","0,00604","0000000000000,00","0000000000000,00","0000000000000,00","0000000000000,00",,"0000000000000,00","0000000000000,00","0000000000000,00",000000000000000,143
143,011,202603,202601,6ALG006I,00,NENL,N,000000000077,"000000000129,2","0,00604","0000000000000,78","0000000000000,03","0000000000000,00","0000000000000,81",,"0000000000000,01","0000000000000,00","0000000000000,00",000000000000000,143
143,011,202603,202601,6ALG012I,00,NENL,N,000000000004,"000000000002,9","0,00604","0000000000000,02","0000000000000,00","0000000000000,00","0000000000000,02",,"0000000000000,00","0000000000000,00","0000000000000,00",000000000000000,143
143,011,202603,202601,6ALG015I,00,NENL,N,000000000254,"000000000325,0","0,00604","0000000000001,96","0000000000000,07","0000000000000,00","0000000000002,03",,"0000000000000,02","0000000000000,00","0000000000000,00",000000000000000,143
143,011,202603,202601,6ALG015I,00,NENL,R,000000000003,"000000000002,5","0,00422","0000000000000,01","0000000000000,00","0000000000000,00","0000000000000,01",,"0000000000000,00","0000000000000,00","0000000000000,00",000000000000000,143
143,011,202603,202601,6CTB003I,00,NENL,N,000000000619,"000000000932,3","0,00604","0000000000005,63","0000000000000,21","0000000000000,00","0000000000005,84",,"0000000000000,05","0000000000000,00","0000000000000,00",000000000000001,143
143,011,202603,202601,6CTB003I,00,NENL,R,000000000004,"000000000003,8","0,00422","0000000000000,02","0000000000000,00","0000000000000,00","0000000000000,02",,"0000000000000,00","0000000000000,00","0000000000000,00",000000000000000,143
143,011,202603,202601,6CTB006I,00,NENL,N,000000000016,"000000000021,2","0,00604","0000000000000,13","0000000000000,00","0000000000000,00","0000000000000,13",,"0000000000000,00","0000000000000,00","0000000000000,00",000000000000000,143
143,011,202603,202601,6CTB009I,00,NENL,N,000000000248,"000000000350,7","0,00604","0000000000002,12","0000000000000,08","0000000000000,00","0000000000002,20",,"0000000000000,02","0000000000000,00","0000000000000,00",000000000000000,143
143,011,202603,202601,6CTB012I,00,NENL,N,000000000197,"000000000264,9","0,00604","0000000000001,60","0000000000000,06","0000000000000,00","0000000000001,66",,"0000000000000,01","0000000000000,00","0000000000000,00",000000000000000,143
143,011,202603,202601,6CTB015I,00,NENL,N,000000000007,"000000000005,5","0,00604","0000000000000,03","0000000000000,00","0000000000000,00","0000000000000,03",,"0000000000000,00","0000000000000,00","0000000000000,00",000000000000000,143
143,011,202603,202601,6CTB016I,00,NENL,N,000000001780,"000000002477,7","0,00604","0000000000014,97","0000000000000,57","0000000000000,00","0000000000015,54",,"0000000000000,13","0000000000000,00","0000000000000,00",000000000000001,143
143,011,202603,202601,6CTB016I,00,NENL,R,000000000012,"000000000013,6","0,00422","0000000000000,06","0000000000000,00","0000000000000,00","0000000000000,06",,"0000000000000,00","0000000000000,00","0000000000000,00",000000000000000,143
143,011,202603,202601,6CTB017I,00,GE8L,N,000000000002,"000000000001,4","0,00604","0000000000000,01","0000000000000,00","0000000000000,00","0000000000000,01",,"0000000000000,00","0000000000000,00","0000000000000,00",000000000000000,143
143,011,202603,202601,6CTB018I,00,NENL,N,000000000032,"000000000064,8","0,00604","0000000000000,39","0000000000000,01","0000000000000,00","0000000000000,40",,"0000000000000,00","0000000000000,00","0000000000000,00",000000000000000,143
143,011,202603,202601,6CTB021I,00,NENL,N,000000000146,"000000000163,6","0,00604","0000000000000,99","0000000000000,04","0000000000000,00","0000000000001,03",,"0000000000000,01","0000000000000,00","0000000000000,00",000000000000000,143
143,011,202603,202601,6CTB021I,00,NENL,R,000000000001,"000000000000,5","0,00422","0000000000000,00","0000000000000,00","0000000000000,00","0000000000000,00",,"0000000000000,00","0000000000000,00","0000000000000,00",000000000000000,143
143,011,202603,202601,6CTB023I,00,NENL,N,000000000001,"000000000000,5","0,00604","0000000000000,00","0000000000000,00","0000000000000,00","0000000000000,00",,"0000000000000,00","0000000000000,00","0000000000000,00",000000000000000,143
143,011,202603,202601,6CTB024I,00,GE8L,N,000000000005,"000000000015,4","0,00604","0000000000000,09","0000000000000,00","0000000000000,00","0000000000000,09",,"0000000000000,00","0000000000000,00","0000000000000,00",000000000000000,143
143,011,202603,202601,6CTB024I,00,GE8L,N,000000000002,"000000000018,0","0,00604","0000000000000,11","0000000000000,00","0000000000000,00","0000000000000,11",,"0000000000000,00","0000000000000,00","0000000000000,00",000000000000000,143
143,011,202603,202601,6CTB024I,00,NENL,N,000000000020,"000000000018,0","0,00604","0000000000000,11","0000000000000,00","0000000000000,00","0000000000000,11",,"0000000000000,00","0000000000000,00","0000000000000,00",000000000000000,143
143,011,202603,202601,6CTB025I,00,NENL,N,000000000932,"000000001096,9","0,00604","0000000000006,63","0000000000000,25","0000000000000,00","0000000000006,88",,"0000000000000,06","0000000000000,00","0000000000000,00",000000000000001,143
143,011,202603,202601,6CTB025I,00,NENL,R,000000000054,"000000000038,8","0,00422","0000000000000,16","0000000000000,01","0000000000000,00","0000000000000,17",,"0000000000000,00","0000000000000,00","0000000000000,00",000000000000000,143
143,011,202603,202601,6CTB026I,00,NENL,N,000000000010,"000000000008,1","0,00604","0000000000000,05","0000000000000,00","0000000000000,00","0000000000000,05",,"0000000000000,00","0000000000000,00","0000000000000,00",000000000000000,143
143,011,202603,202601,6CTB027I,00,GE8L,N,000000000006,"000000000049,4","0,00604","0000000000000,30","0000000000000,01","0000000000000,00","0000000000000,31",,"0000000000000,00","0000000000000,00","0000000000000,00",000000000000000,143
143,011,202603,202601,6CTB027I,00,NENL,N,000000000218,"000000000314,3","0,00604","0000000000001,90","0000000000000,07","0000000000000,00","0000000000001,97",,"0000000000000,02","0000000000000,00","0000000000000,00",000000000000000,143
143,011,202603,202601,6CTB027I,00,NENL,R,000000000001,"000000000002,2","0,00422","0000000000000,01","0000000000000,00","0000000000000,00","0000000000000,01",,"0000000000000,00","0000000000000,00","0000000000000,00",000000000000000,143
143,011,202603,202601,6CTB028I,00,GE8L,N,000000000001,"000000000006,0","0,00604","0000000000000,04","0000000000000,00","0000000000000,00","0000000000000,04",,"0000000000000,00","0000000000000,00","0000000000000,00",000000000000000,143
143,011,202603,202601,6CTB028I,00,NENL,N,000000001185,"000000001968,7","0,00604","0000000000011,89","0000000000000,45","0000000000000,00","0000000000012,34",,"0000000000000,11","0000000000000,00","0000000000000,00",000000000000001,143
143,011,202603,202601,6CTB028I,00,NENL,R,000000000019,"000000000050,1","0,00422","0000000000000,21","0000000000000,01","0000000000000,00","0000000000000,22",,"0000000000000,00","0000000000000,00","0000000000000,00",000000000000000,143
143,011,202603,202601,6CTB029I,00,NENL,N,000000000001,"000000000002,1","0,00604","0000000000000,01","0000000000000,00","0000000000000,00","0000000000000,01",,"0000000000000,00","0000000000000,00","0000000000000,00",000000000000000,143
143,011,202603,202601,6CTB030I,00,GE8L,N,000000000003,"000000000006,9","0,00604","0000000000000,04","0000000000000,00","0000000000000,00","0000000000000,04",,"0000000000000,00","0000000000000,00","0000000000000,00",000000000000000,143
143,011,202603,202601,6CTB031I,00,NENL,N,000000000246,"000000000409,4","0,00604","0000000000002,47","0000000000000,09","0000000000000,00","0000000000002,56",,"0000000000000,02","0000000000000,00","0000000000000,00",000000000000000,143
143,011,202603,202601,6CTB033I,00,GE8L,N,000000000002,"000000000011,2","0,00604","0000000000000,07","0000000000000,00","0000000000000,00","0000000000000,07",,"0000000000000,00","0000000000000,00","0000000000000,00",000000000000000,143
143,011,202603,202601,6CTB033I,00,NENL,N,000000000266,"000000000343,7","0,00604","0000000000002,08","0000000000000,08","0000000000000,00","0000000000002,16",,"0000000000000,02","0000000000000,00","0000000000000,00",000000000000000,143
143,011,202603,202601,6CTB034I,00,NENL,N,000000000278,"000000000424,8","0,00604","0000000000002,57","0000000000000,10","0000000000000,00","0000000000002,67",,"0000000000000,02","0000000000000,00","0000000000000,00",000000000000000,143
143,011,202603,202601,6CTB034I,00,NENL,R,000000000001,"000000000002,7","0,00422","0000000000000,01","0000000000000,00","0000000000000,00","0000000000000,01",,"0000000000000,00","0000000000000,00","0000000000000,00",000000000000000,143
143,011,202603,202601,6OIF006I,00,NENL,N,000000000006,"000000000003,0","0,00604","0000000000000,02","0000000000000,00","0000000000000,00","0000000000000,02",,"0000000000000,00","0000000000000,00","0000000000000,00",000000000000000,143
143,011,202603,202601,6OIF009I,00,NENL,N,000000000006,"000000000004,9","0,00604","0000000000000,03","0000000000000,00","0000000000000,00","0000000000000,03",,"0000000000000,00","0000000000000,00","0000000000000,00",000000000000000,143
143,011,202603,202601,6OIF018I,00,NENL,N,000000000014,"000000000023,6","0,00604","0000000000000,14","0000000000000,01","0000000000000,00","0000000000000,15",,"0000000000000,00","0000000000000,00","0000000000000,00",000000000000000,143
143,011,202603,202601,6OIF021I,00,NENL,N,000000000001,"000000000000,5","0,00604","0000000000000,00","0000000000000,00","0000000000000,00","0000000000000,00",,"0000000000000,00","0000000000000,00","0000000000000,00",000000000000000,143
143,011,202603,202601,6OIF024I,00,NENL,N,000000000016,"000000000019,4","0,00604","0000000000000,12","0000000000000,00","0000000000000,00","0000000000000,12",,"0000000000000,00","0000000000000,00","0000000000000,00",000000000000000,143
143,011,202603,202601,6OIF036I,00,NENL,N,000000000002,"000000000004,0","0,00604","0000000000000,02","0000000000000,00","0000000000000,00","0000000000000,02",,"0000000000000,00","0000000000000,00","0000000000000,00",000000000000000,143
143,011,202603,202601,6OIF039I,00,NENL,N,000000000005,"000000000002,5","0,00604","0000000000000,02","0000000000000,00","0000000000000,00","0000000000000,02",,"0000000000000,00","0000000000000,00","0000000000000,00",000000000000000,143
143,011,202603,202601,6OIF041I,00,NENL,N,000000000007,"000000000010,0","0,00604","0000000000000,06","0000000000000,00","0000000000000,00","0000000000000,06",,"0000000000000,00","0000000000000,00","0000000000000,00",000000000000000,143
143,011,202603,202601,6OIF042I,00,NENL,N,000000000002,"000000000002,8","0,00604","0000000000000,02","0000000000000,00","0000000000000,00","0000000000000,02",,"0000000000000,00","0000000000000,00","0000000000000,00",000000000000000,143
143,011,202603,202601,6OIF045I,00,NENL,N,000000000003,"000000000003,4","0,00604","0000000000000,02","0000000000000,00","0000000000000,00","0000000000000,02",,"0000000000000,00","0000000000000,00","0000000000000,00",000000000000000,143
143,011,202603,202601,6OIF062I,00,NENL,N,000000000001,"000000000000,5","0,00604","0000000000000,00","0000000000000,00","0000000000000,00","0000000000000,00",,"0000000000000,00","0000000000000,00","0000000000000,00",000000000000000,143
143,011,202603,202601,6OIF064I,00,NENL,N,000000000005,"000000000002,7","0,00604","0000000000000,02","0000000000000,00","0000000000000,00","0000000000000,02",,"0000000000000,00","0000000000000,00","0000000000000,00",000000000000000,143
143,011,202603,202601,6OIF066I,00,GE8L,N,000000000002,"000000000030,2","0,00604","0000000000000,18","0000000000000,01","0000000000000,00","0000000000000,19",,"0000000000000,00","0000000000000,00","0000000000000,00",000000000000000,143
143,011,202603,202601,6OIF069I,00,GE8L,N,000000000002,"000000000003,8","0,00604","0000000000000,02","0000000000000,00","0000000000000,00","0000000000000,02",,"0000000000000,00","0000000000000,00","0000000000000,00",000000000000000,143
143,011,202603,202601,6OIF072I,00,GE8L,N,000000000004,"000000000035,4","0,00604","0000000000000,21","0000000000000,01","0000000000000,00","0000000000000,22",,"0000000000000,00","0000000000000,00","0000000000000,00",000000000000000,143
143,011,202603,202601,6OIF076I,00,NENL,N,000000000004,"000000000003,9","0,00604","0000000000000,02","0000000000000,00","0000000000000,00","0000000000000,02",,"0000000000000,00","0000000000000,00","0000000000000,00",000000000000000,143
143,011,202603,202601,6OIF081I,00,NENL,N,000000000114,"000000000403,9","0,00604","0000000000002,44","0000000000000,09","0000000000000,00","0000000000002,53",,"0000000000000,02","0000000000000,00","0000000000000,00",000000000000000,143
143,011,202603,202601,6OIF082I,00,NENL,N,000000000010,"000000000007,0","0,00604","0000000000000,04","0000000000000,00","0000000000000,00","0000000000000,04",,"0000000000000,00","0000000000000,00","0000000000000,00",000000000000000,143
143,011,202603,202601,6OIF083I,00,NENL,N,000000000008,"000000000006,6","0,00604","0000000000000,04","0000000000000,00","0000000000000,00","0000000000000,04",,"0000000000000,00","0000000000000,00","0000000000000,00",000000000000000,143
143,011,202603,202601,6OIF086I,00,NENL,N,000000000044,"000000000099,9","0,00604","0000000000000,60","0000000000000,02","0000000000000,00","0000000000000,62",,"0000000000000,01","0000000000000,00","0000000000000,00",000000000000000,143
143,011,202603,202601,6OIF087I,00,GE8L,N,000000000023,"000000000089,7","0,00604","0000000000000,54","0000000000000,02","0000000000000,00","0000000000000,56",,"0000000000000,00","0000000000000,00","0000000000000,00",000000000000000,143
143,011,202603,202601,6OIF089I,00,NENL,N,000000000014,"000000000018,4","0,00604","0000000000000,11","0000000000000,00","0000000000000,00","0000000000000,11",,"0000000000000,00","0000000000000,00","0000000000000,00",000000000000000,143
143,011,202603,202601,6VNX010I,00,GE8L,N,000000000004,"000000000003,8","0,00604","0000000000000,02","0000000000000,00","0000000000000,00","0000000000000,02",,"0000000000000,00","0000000000000,00","0000000000000,00",000000000000000,143
143,011,202603,202601,7012003I,00,NENL,N,000000000085,"000000000123,6","0,00604","0000000000000,75","0000000000000,03","0000000000000,00","0000000000000,78",,"0000000000000,01","0000000000000,00","0000000000000,00",000000000000000,143
143,011,202603,202601,7ADC018I,00,GE8L,N,000000000002,"000000000001,0","0,00604","0000000000000,01","0000000000000,00","0000000000000,00","0000000000000,01",,"0000000000000,00","0000000000000,00","0000000000000,00",000000000000000,143
143,011,202603,202601,7ADC019I,00,GE8L,N,000000000003,"000000000001,5","0,00604","0000000000000,01","0000000000000,00","0000000000000,00","0000000000000,01",,"0000000000000,00","0000000000000,00","0000000000000,00",000000000000000,143
143,011,202603,202601,7CTB003I,00,NENL,N,000000000616,"000000000778,5","0,00604","0000000000004,70","0000000000000,18","0000000000000,00","0000000000004,88",,"0000000000000,04","0000000000000,00","0000000000000,00",000000000000000,143
143,011,202603,202601,7CTB003I,00,NENL,R,000000000003,"000000000001,8","0,00422","0000000000000,01","0000000000000,00","0000000000000,00","0000000000000,01",,"0000000000000,00","0000000000000,00","0000000000000,00",000000000000000,143
143,011,202603,202601,7CTB015I,00,NENL,N,000000000008,"000000000058,7","0,00604","0000000000000,35","0000000000000,01","0000000000000,00","0000000000000,36",,"0000000000000,00","0000000000000,00","0000000000000,00",000000000000000,143
143,011,202603,202601,7CTB015I,00,NENL,R,000000000001,"000000000000,5","0,00422","0000000000000,00","0000000000000,00","0000000000000,00","0000000000000,00",,"0000000000000,00","0000000000000,00","0000000000000,00",000000000000000,143
143,011,202603,202601,7CTB016I,00,NENL,N,000000001728,"000000002237,9","0,00604","0000000000013,52","0000000000000,51","0000000000000,00","0000000000014,03",,"0000000000000,12","0000000000000,00","0000000000000,00",000000000000001,143
143,011,202603,202601,7CTB016I,00,NENL,R,000000000011,"000000000025,9","0,00422","0000000000000,11","0000000000000,00","0000000000000,00","0000000000000,11",,"0000000000000,00","0000000000000,00","0000000000000,00",000000000000000,143
143,011,202603,202601,7CTB017I,00,GE8L,N,000000000002,"000000000016,1","0,00604","0000000000000,10","0000000000000,00","0000000000000,00","0000000000000,10",,"0000000000000,00","0000000000000,00","0000000000000,00",000000000000000,143
143,011,202603,202601,7CTB023I,00,NENL,N,000000000010,"000000000012,3","0,00604","0000000000000,07","0000000000000,00","0000000000000,00","0000000000000,07",,"0000000000000,00","0000000000000,00","0000000000000,00",000000000000000,143
143,011,202603,202601,7CTB024I,00,GE8L,N,000000000008,"000000000041,0","0,00604","0000000000000,25","0000000000000,01","0000000000000,00","0000000000000,26",,"0000000000000,00","0000000000000,00","0000000000000,00",000000000000000,143
143,011,202603,202601,7CTB024I,00,GE8L,N,000000000004,"000000000100,8","0,00604","0000000000000,61","0000000000000,02","0000000000000,00","0000000000000,63",,"0000000000000,01","0000000000000,00","0000000000000,00",000000000000000,143
143,011,202603,202601,7CTB024I,00,GE8L,R,000000000001,"000000000000,5","0,00422","0000000000000,00","0000000000000,00","0000000000000,00","0000000000000,00",,"0000000000000,00","0000000000000,00","0000000000000,00",000000000000000,143
143,011,202603,202601,7CTB025I,00,NENL,N,000000000946,"000000001274,9","0,00604","0000000000007,70","0000000000000,29","0000000000000,00","0000000000007,99",,"0000000000000,07","0000000000000,00","0000000000000,00",000000000000001,143
143,011,202603,202601,7CTB025I,00,NENL,R,000000000050,"000000000032,7","0,00422","0000000000000,14","0000000000000,01","0000000000000,00","0000000000000,15",,"0000000000000,00","0000000000000,00","0000000000000,00",000000000000000,143
143,011,202603,202601,7CTB026I,00,NENL,N,000000000017,"000000000012,4","0,00604","0000000000000,07","0000000000000,00","0000000000000,00","0000000000000,07",,"0000000000000,00","0000000000000,00","0000000000000,00",000000000000000,143
143,011,202603,202601,7CTB027I,00,GE8L,N,000000000009,"000000000079,6","0,00604","0000000000000,48","0000000000000,02","0000000000000,00","0000000000000,50",,"0000000000000,00","0000000000000,00","0000000000000,00",000000000000000,143
143,011,202603,202601,7CTB028I,00,GE8L,N,000000000001,"000000000003,6","0,00604","0000000000000,02","0000000000000,00","0000000000000,00","0000000000000,02",,"0000000000000,00","0000000000000,00","0000000000000,00",000000000000000,143
143,011,202603,202601,7CTB028I,00,NENL,N,000000001278,"000000002080,8","0,00604","0000000000012,57","0000000000000,48","0000000000000,00","0000000000013,05",,"0000000000000,11","0000000000000,00","0000000000000,00",000000000000001,143
143,011,202603,202601,7CTB028I,00,NENL,R,000000000012,"000000000031,6","0,00422","0000000000000,13","0000000000000,01","0000000000000,00","0000000000000,14",,"0000000000000,00","0000000000000,00","0000000000000,00",000000000000000,143
143,011,202603,202601,7CTB031I,00,NENL,N,000000000266,"000000000414,4","0,00604","0000000000002,50","0000000000000,09","0000000000000,00","0000000000002,59",,"0000000000000,02","0000000000000,00","0000000000000,00",000000000000000,143
143,011,202603,202601,7CTB032I,00,NENL,N,000000000001,"000000000000,8","0,00604","0000000000000,00","0000000000000,00","0000000000000,00","0000000000000,00",,"0000000000000,00","0000000000000,00","0000000000000,00",000000000000000,143
143,011,202603,202601,7CTB032I,00,NENL,R,000000000001,"000000000000,6","0,00422","0000000000000,00","0000000000000,00","0000000000000,00","0000000000000,00",,"0000000000000,00","0000000000000,00","0000000000000,00",000000000000000,143
143,011,202603,202601,7CTB034I,00,NENL,N,000000000281,"000000000501,3","0,00604","0000000000003,03","0000000000000,11","0000000000000,00","0000000000003,14",,"0000000000000,03","0000000000000,00","0000000000000,00",000000000000000,143
143,011,202603,202601,7CTB034I,00,NENL,R,000000000001,"000000000001,0","0,00422","0000000000000,00","0000000000000,00","0000000000000,00","0000000000000,00",,"0000000000000,00","0000000000000,00","0000000000000,00",000000000000000,143
143,011,202603,202601,7OIF066I,00,GE8L,N,000000000001,"000000000008,2","0,00604","0000000000000,05","0000000000000,00","0000000000000,00","0000000000000,05",,"0000000000000,00","0000000000000,00","0000000000000,00",000000000000000,143
143,011,202603,202601,7OIF072I,00,GE8L,N,000000000016,"000000000133,8","0,00604","0000000000000,81","0000000000000,03","0000000000000,00","0000000000000,84",,"0000000000000,01","0000000000000,00","0000000000000,00",000000000000000,143
143,011,202603,202601,7OIF076I,00,NENL,N,000000000001,"000000000000,5","0,00604","0000000000000,00","0000000000000,00","0000000000000,00","0000000000000,00",,"0000000000000,00","0000000000000,00","0000000000000,00",000000000000000,143
143,011,202603,202601,7OIF078I,00,GE8L,N,000000000001,"000000000014,1","0,00604","0000000000000,09","0000000000000,00","0000000000000,00","0000000000000,09",,"0000000000000,00","0000000000000,00","0000000000000,00",000000000000000,143
143,011,202603,202601,7OIF081I,00,NENL,N,000000000097,"000000000413,4","0,00604","0000000000002,50","0000000000000,09","0000000000000,00","0000000000002,59",,"0000000000000,02","0000000000000,00","0000000000000,00",000000000000000,143
143,011,202603,202601,7OIF082I,00,NENL,N,000000000009,"000000000009,7","0,00604","0000000000000,06","0000000000000,00","0000000000000,00","0000000000000,06",,"0000000000000,00","0000000000000,00","0000000000000,00",000000000000000,143
143,011,202603,202601,7OIF083I,00,NENL,N,000000000002,"000000000002,3","0,00604","0000000000000,01","0000000000000,00","0000000000000,00","0000000000000,01",,"0000000000000,00","0000000000000,00","0000000000000,00",000000000000000,143
143,011,202603,202601,7OIF086I,00,NENL,N,000000000027,"000000000076,4","0,00604","0000000000000,46","0000000000000,02","0000000000000,00","0000000000000,48",,"0000000000000,00","0000000000000,00","0000000000000,00",000000000000000,143
143,011,202603,202601,7OIF086I,00,NENL,R,000000000002,"000000000006,4","0,00422","0000000000000,03","0000000000000,00","0000000000000,00","0000000000000,03",,"0000000000000,00","0000000000000,00","0000000000000,00",000000000000000,143
143,011,202603,202601,7OIF087I,00,GE8L,N,000000000056,"000000000221,6","0,00604","0000000000001,34","0000000000000,05","0000000000000,00","0000000000001,39",,"0000000000000,01","0000000000000,00","0000000000000,00",000000000000000,143
143,011,202603,202601,7OIF087I,00,GE8L,R,000000000004,"000000000022,2","0,00422","0000000000000,09","0000000000000,00","0000000000000,00","0000000000000,09",,"0000000000000,00","0000000000000,00","0000000000000,00",000000000000000,143
143,011,202603,202601,7OIF089I,00,NENL,N,000000000015,"000000000015,4","0,00604","0000000000000,09","0000000000000,00","0000000000000,00","0000000000000,09",,"0000000000000,00","0000000000000,00","0000000000000,00",000000000000000,143
143,011,202603,202601,7TIF018I,00,NENL,N,000000000001,"000000000000,6","0,00604","0000000000000,00","0000000000000,00","0000000000000,00","0000000000000,00",,"0000000000000,00","0000000000000,00","0000000000000,00",000000000000000,143
143,011,202603,202601,7VNX009I,00,GE8L,N,000000000002,"000000000003,4","0,00604","0000000000000,02","0000000000000,00","0000000000000,00","0000000000000,02",,"0000000000000,00","0000000000000,00","0000000000000,00",000000000000000,143
143,011,202603,202601,7VNX010I,00,NENL,N,000000000001,"000000000005,7","0,00604","0000000000000,03","0000000000000,00","0000000000000,00","0000000000000,03",,"0000000000000,00","0000000000000,00","0000000000000,00",000000000000000,143
143,011,202603,202601,8ALG003I,00,NENL,N,000000000286,"000000000358,1","0,00604","0000000000002,16","0000000000000,08","0000000000000,00","0000000000002,24",,"0000000000000,02","0000000000000,00","0000000000000,00",000000000000000,143
143,011,202603,202601,8ALG006I,00,NENL,N,000000000103,"000000000156,4","0,00604","0000000000000,94","0000000000000,04","0000000000000,00","0000000000000,98",,"0000000000000,01","0000000000000,00","0000000000000,00",000000000000000,143
143,011,202603,202601,8ALG006I,00,NENL,R,000000000001,"000000000000,8","0,00422","0000000000000,00","0000000000000,00","0000000000000,00","0000000000000,00",,"0000000000000,00","0000000000000,00","0000000000000,00",000000000000000,143
143,011,202603,202601,8CTB0021,00,NENL,N,000000001032,"000000001720,1","0,00604","0000000000010,39","0000000000000,39","0000000000000,00","0000000000010,78",,"0000000000000,09","0000000000000,00","0000000000000,00",000000000000001,143
143,011,202603,202601,8CTB0021,00,NENL,R,000000000002,"000000000006,3","0,00422","0000000000000,03","0000000000000,00","0000000000000,00","0000000000000,03",,"0000000000000,00","0000000000000,00","0000000000000,00",000000000000000,143
143,011,202603,202601,8CTB003I,00,NENL,N,000000001540,"000000001730,7","0,00604","0000000000010,45","0000000000000,40","0000000000000,00","0000000000010,85",,"0000000000000,09","0000000000000,00","0000000000000,00",000000000000001,143
143,011,202603,202601,8CTB003I,00,NENL,R,000000000023,"000000000097,5","0,00422","0000000000000,41","0000000000000,02","0000000000000,00","0000000000000,43",,"0000000000000,00","0000000000000,00","0000000000000,00",000000000000000,143
143,011,202603,202601,8CTB006I,00,NENL,N,000000000183,"000000000224,4","0,00604","0000000000001,36","0000000000000,05","0000000000000,00","0000000000001,41",,"0000000000000,01","0000000000000,00","0000000000000,00",000000000000000,143
143,011,202603,202601,8CTB006I,00,NENL,R,000000000002,"000000000001,0","0,00422","0000000000000,00","0000000000000,00","0000000000000,00","0000000000000,00",,"0000000000000,00","0000000000000,00","0000000000000,00",000000000000000,143
143,011,202603,202601,8CTB009I,00,NENL,N,000000000001,"000000000001,1","0,00604","0000000000000,01","0000000000000,00","0000000000000,00","0000000000000,01",,"0000000000000,00","0000000000000,00","0000000000000,00",000000000000000,143
143,011,202603,202601,8CTB015I,00,NENL,N,000000000013,"000000000024,1","0,00604","0000000000000,15","0000000000000,01","0000000000000,00","0000000000000,16",,"0000000000000,00","0000000000000,00","0000000000000,00",000000000000000,143
143,011,202603,202601,8CTB018I,00,NENL,N,000000000217,"000000000330,8","0,00604","0000000000002,00","0000000000000,08","0000000000000,00","0000000000002,08",,"0000000000000,02","0000000000000,00","0000000000000,00",000000000000000,143
143,011,202603,202601,8CTB024I,00,NENL,N,000000000199,"000000000274,5","0,00604","0000000000001,66","0000000000000,06","0000000000000,00","0000000000001,72",,"0000000000000,01","0000000000000,00","0000000000000,00",000000000000000,143
143,011,202603,202601,8CTB027I,00,NENL,N,000000000088,"000000000099,5","0,00604","0000000000000,60","0000000000000,02","0000000000000,00","0000000000000,62",,"0000000000000,01","0000000000000,00","0000000000000,00",000000000000000,143
143,011,202603,202601,8CTB030I,00,NENL,N,000000000686,"000000000785,9","0,00604","0000000000004,75","0000000000000,18","0000000000000,00","0000000000004,93",,"0000000000000,04","0000000000000,00","0000000000000,00",000000000000000,143
143,011,202603,202601,8CTB033I,00,NENL,N,000000000091,"000000000105,9","0,00604","0000000000000,64","0000000000000,02","0000000000000,00","0000000000000,66",,"0000000000000,01","0000000000000,00","0000000000000,00",000000000000000,143
143,011,202603,202601,8CTB036I,00,NENL,N,000000000278,"000000000259,8","0,00604","0000000000001,57","0000000000000,06","0000000000000,00","0000000000001,63",,"0000000000000,01","0000000000000,00","0000000000000,00",000000000000000,143
143,011,202603,202601,8CTB036I,00,NENL,R,000000000003,"000000000001,5","0,00422","0000000000000,01","0000000000000,00","0000000000000,00","0000000000000,01",,"0000000000000,00","0000000000000,00","0000000000000,00",000000000000000,143
143,011,202603,202601,8OIF013I,00,NENL,N,000000000002,"000000000001,4","0,00604","0000000000000,01","0000000000000,00","0000000000000,00","0000000000000,01",,"0000000000000,00","0000000000000,00","0000000000000,00",000000000000000,143
143,011,202603,202601,8OIF019I,00,NENL,N,000000000002,"000000000002,1","0,00604","0000000000000,01","0000000000000,00","0000000000000,00","0000000000000,01",,"0000000000000,00","0000000000000,00","0000000000000,00",000000000000000,143
143,011,202603,202601,8OIF025I,00,NENL,N,000000000003,"000000000005,4","0,00604","0000000000000,03","0000000000000,00","0000000000000,00","0000000000000,03",,"0000000000000,00","0000000000000,00","0000000000000,00",000000000000000,143
143,011,202603,202601,8OIF028I,00,NENL,N,000000000011,"000000000028,9","0,00604","0000000000000,17","0000000000000,01","0000000000000,00","0000000000000,18",,"0000000000000,00","0000000000000,00","0000000000000,00",000000000000000,143
143,011,202603,202601,8OIF037I,00,NENL,N,000000000018,"000000000013,8","0,00604","0000000000000,08","0000000000000,00","0000000000000,00","0000000000000,08",,"0000000000000,00","0000000000000,00","0000000000000,00",000000000000000,143
143,011,202603,202601,8OIF040I,00,NENL,N,000000000003,"000000000006,4","0,00604","0000000000000,04","0000000000000,00","0000000000000,00","0000000000000,04",,"0000000000000,00","0000000000000,00","0000000000000,00",000000000000000,143
143,011,202603,202601,8OIF043I,00,NENL,N,000000000022,"000000000025,1","0,00604","0000000000000,15","0000000000000,01","0000000000000,00","0000000000000,16",,"0000000000000,00","0000000000000,00","0000000000000,00",000000000000000,143
143,011,202603,202601,8OIF046I,00,NENL,N,000000000050,"000000000143,1","0,00604","0000000000000,86","0000000000000,03","0000000000000,00","0000000000000,89",,"0000000000000,01","0000000000000,00","0000000000000,00",000000000000000,143
143,011,202603,202601,8OIF052I,00,NENL,N,000000000003,"000000000012,5","0,00604","0000000000000,08","0000000000000,00","0000000000000,00","0000000000000,08",,"0000000000000,00","0000000000000,00","0000000000000,00",000000000000000,143
143,011,202603,202601,8OIF060I,00,NENL,N,000000000011,"000000000005,8","0,00604","0000000000000,04","0000000000000,00","0000000000000,00","0000000000000,04",,"0000000000000,00","0000000000000,00","0000000000000,00",000000000000000,143
143,011,202603,202601,8OIF063I,00,NENL,N,000000000022,"000000000037,3","0,00604","0000000000000,23","0000000000000,01","0000000000000,00","0000000000000,24",,"0000000000000,00","0000000000000,00","0000000000000,00",000000000000000,143
143,011,202603,202601,8OIF066I,00,NENL,N,000000000001,"000000000000,5","0,00604","0000000000000,00","0000000000000,00","0000000000000,00","0000000000000,00",,"0000000000000,00","0000000000000,00","0000000000000,00",000000000000000,143
143,011,202603,202601,8OIF069I,00,NENL,N,000000000004,"000000000004,1","0,00604","0000000000000,02","0000000000000,00","0000000000000,00","0000000000000,02",,"0000000000000,00","0000000000000,00","0000000000000,00",000000000000000,143
143,011,202603,202601,8OIF114I,00,NENL,N,000000000042,"000000000055,3","0,00604","0000000000000,33","0000000000000,01","0000000000000,00","0000000000000,34",,"0000000000000,00","0000000000000,00","0000000000000,00",000000000000000,143
143,011,202603,202601,8OIF127I,00,NENL,N,000000000061,"000000000096,1","0,00604","0000000000000,58","0000000000000,02","0000000000000,00","0000000000000,60",,"0000000000000,01","0000000000000,00","0000000000000,00",000000000000000,143
143,011,202603,202601,8SER016I,00,NENL,N,000000000001,"000000000000,5","0,00604","0000000000000,00","0000000000000,00","0000000000000,00","0000000000000,00",,"0000000000000,00","0000000000000,00","0000000000000,00",000000000000000,143
143,011,202603,202601,A021239,00,NENL,N,000000001109,"000000001429,1","0,00604","0000000000008,63","0000000000000,33","0000000000000,00","0000000000008,96",,"0000000000000,08","0000000000000,00","0000000000000,00",000000000000001,143
143,011,202603,202601,A021239,00,NENL,R,000000000002,"000000000007,0","0,00422","0000000000000,03","0000000000000,00","0000000000000,00","0000000000000,03",,"0000000000000,00","0000000000000,00","0000000000000,00",000000000000000,143
143,011,202603,202601,A030901,00,NENL,N,000000000975,"000000001399,4","0,00604","0000000000008,45","0000000000000,32","0000000000000,00","0000000000008,77",,"0000000000000,08","0000000000000,00","0000000000000,00",000000000000001,143
143,011,202603,202601,A030901,00,NENL,R,000000000001,"000000000002,0","0,00422","0000000000000,01","0000000000000,00","0000000000000,00","0000000000000,01",,"0000000000000,00","0000000000000,00","0000000000000,00",000000000000000,143
143,011,202603,202601,AM10002,00,NENL,N,000000000003,"000000000004,4","0,00604","0000000000000,03","0000000000000,00","0000000000000,00","0000000000000,03",,"0000000000000,00","0000000000000,00","0000000000000,00",000000000000000,143
143,011,202603,202601,AM11030,00,NENL,N,000000000027,"000000000041,5","0,00604","0000000000000,25","0000000000000,01","0000000000000,00","0000000000000,26",,"0000000000000,00","0000000000000,00","0000000000000,00",000000000000000,143
143,011,202603,202601,AM11030,00,NENL,R,000000000006,"000000000003,4","0,00422","0000000000000,01","0000000000000,00","0000000000000,00","0000000000000,01",,"0000000000000,00","0000000000000,00","0000000000000,00",000000000000000,143
143,011,202603,202601,AP1TLF_N,00,NENL,N,000000001192,"000000002177,9","0,00604","0000000000013,15","0000000000000,50","0000000000000,00","0000000000013,65",,"0000000000000,12","0000000000000,00","0000000000000,00",000000000000001,143
143,011,202603,202601,AP1TLF_N,00,NENL,R,000000000007,"000000000012,5","0,00422","0000000000000,05","0000000000000,00","0000000000000,00","0000000000000,05",,"0000000000000,00","0000000000000,00","0000000000000,00",000000000000000,143
143,011,202603,202601,AP2TLF_N,00,NENL,N,000000001280,"000000002221,2","0,00604","0000000000013,42","0000000000000,51","0000000000000,00","0000000000013,93",,"0000000000000,12","0000000000000,00","0000000000000,00",000000000000001,143
143,011,202603,202601,AP2TLF_N,00,NENL,R,000000000003,"000000000011,8","0,00422","0000000000000,05","0000000000000,00","0000000000000,00","0000000000000,05",,"0000000000000,00","0000000000000,00","0000000000000,00",000000000000000,143
143,011,202603,202601,AS02CTBP,00,GE8L,N,000000000002,"000000000042,5","0,00604","0000000000000,26","0000000000000,01","0000000000000,00","0000000000000,27",,"0000000000000,00","0000000000000,00","0000000000000,00",000000000000000,143
143,011,202603,202601,AS02CTOM,00,GE8L,N,000000000008,"000000000091,7","0,00604","0000000000000,55","0000000000000,02","0000000000000,00","0000000000000,57",,"0000000000000,00","0000000000000,00","0000000000000,00",000000000000000,143
143,011,202603,202601,AS109CTB,00,NENL,N,000000000019,"000000000030,2","0,00604","0000000000000,18","0000000000000,01","0000000000000,00","0000000000000,19",,"0000000000000,00","0000000000000,00","0000000000000,00",000000000000000,143
143,011,202603,202601,AS109CTB,00,NENL,R,000000000003,"000000000003,5","0,00422","0000000000000,01","0000000000000,00","0000000000000,00","0000000000000,01",,"0000000000000,00","0000000000000,00","0000000000000,00",000000000000000,143
143,011,202603,202601,CO100812,00,NENL,N,000000000644,"000000001198,4","0,00604","0000000000007,24","0000000000000,27","0000000000000,00","0000000000007,51",,"0000000000000,07","0000000000000,00","0000000000000,00",000000000000001,143
143,011,202603,202601,CO100814,00,GE8L,N,000000000001,"000000000000,5","0,00604","0000000000000,00","0000000000000,00","0000000000000,00","0000000000000,00",,"0000000000000,00","0000000000000,00","0000000000000,00",000000000000000,143
143,011,202603,202601,CO100814,00,NENL,N,000000000771,"000000001562,8","0,00604","0000000000009,44","0000000000000,36","0000000000000,00","0000000000009,80",,"0000000000000,08","0000000000000,00","0000000000000,00",000000000000001,143
143,011,202603,202601,CO100816,00,GE8L,N,000000000002,"000000000005,3","0,00604","0000000000000,03","0000000000000,00","0000000000000,00","0000000000000,03",,"0000000000000,00","0000000000000,00","0000000000000,00",000000000000000,143
143,011,202603,202601,CO100816,00,GE8L,R,000000000001,"000000000000,5","0,00422","0000000000000,00","0000000000000,00","0000000000000,00","0000000000000,00",,"0000000000000,00","0000000000000,00","0000000000000,00",000000000000000,143
143,011,202603,202601,D017CTBC,00,NENL,N,000000000250,"000000000393,8","0,00604","0000000000002,38","0000000000000,09","0000000000000,00","0000000000002,47",,"0000000000000,02","0000000000000,00","0000000000000,00",000000000000000,143
143,011,202603,202601,E0403386,00,NENL,N,000000000236,"000000000387,7","0,00604","0000000000002,34","0000000000000,09","0000000000000,00","0000000000002,43",,"0000000000000,02","0000000000000,00","0000000000000,00",000000000000000,143
143,011,202603,202601,E0403386,00,NENL,R,000000000003,"000000000004,1","0,00422","0000000000000,02","0000000000000,00","0000000000000,00","0000000000000,02",,"0000000000000,00","0000000000000,00","0000000000000,00",000000000000000,143
143,011,202603,202601,E0404084,00,NENL,N,000000000260,"000000000524,9","0,00604","0000000000003,17","0000000000000,12","0000000000000,00","0000000000003,29",,"0000000000000,03","0000000000000,00","0000000000000,00",000000000000000,143
143,011,202603,202601,IB100812,00,NENL,N,000000000700,"000000001364,7","0,00604","0000000000008,24","0000000000000,31","0000000000000,00","0000000000008,55",,"0000000000000,07","0000000000000,00","0000000000000,00",000000000000001,143
143,011,202603,202601,IB100814,00,GE8L,N,000000000001,"000000000001,3","0,00604","0000000000000,01","0000000000000,00","0000000000000,00","0000000000000,01",,"0000000000000,00","0000000000000,00","0000000000000,00",000000000000000,143
143,011,202603,202601,IB100814,00,NENL,N,000000000706,"000000001367,1","0,00604","0000000000008,26","0000000000000,31","0000000000000,00","0000000000008,57",,"0000000000000,07","0000000000000,00","0000000000000,00",000000000000001,143
143,011,202603,202601,IP600950,00,NENL,N,000000000021,"000000000057,2","0,00604","0000000000000,35","0000000000000,01","0000000000000,00","0000000000000,36",,"0000000000000,00","0000000000000,00","0000000000000,00",000000000000000,143
143,011,202603,202601,IP600952,00,NENL,N,000000000071,"000000000112,1","0,00604","0000000000000,68","0000000000000,03","0000000000000,00","0000000000000,71",,"0000000000000,01","0000000000000,00","0000000000000,00",000000000000000,143
143,011,202603,202601,IP600952,00,NENL,R,000000000001,"000000000000,6","0,00422","0000000000000,00","0000000000000,00","0000000000000,00","0000000000000,00",,"0000000000000,00","0000000000000,00","0000000000000,00",000000000000000,143
143,011,202603,202601,IP600956,00,NENL,N,000000000003,"000000000006,7","0,00604","0000000000000,04","0000000000000,00","0000000000000,00","0000000000000,04",,"0000000000000,00","0000000000000,00","0000000000000,00",000000000000000,143
143,011,202603,202601,JG300952,00,NENL,N,000000000052,"000000000082,3","0,00604","0000000000000,50","0000000000000,02","0000000000000,00","0000000000000,52",,"0000000000000,00","0000000000000,00","0000000000000,00",000000000000000,143
143,011,202603,202601,JG6TLF_S,00,GE8L,N,000000000151,"000000000968,7","0,00604","0000000000005,85","0000000000000,22","0000000000000,00","0000000000006,07",,"0000000000000,05","0000000000000,00","0000000000000,00",000000000000001,143
143,011,202603,202601,JG6TLF_S,00,GE8L,R,000000000007,"000000000030,4","0,00422","0000000000000,13","0000000000000,00","0000000000000,00","0000000000000,13",,"0000000000000,00","0000000000000,00","0000000000000,00",000000000000000,143
143,011,202603,202601,L017105,00,NENL,N,000000000156,"000000000279,3","0,00604","0000000000001,69","0000000000000,06","0000000000000,00","0000000000001,75",,"0000000000000,02","0000000000000,00","0000000000000,00",000000000000000,143
143,011,202603,202601,L017105,00,NENL,R,000000000018,"000000000020,3","0,00422","0000000000000,09","0000000000000,00","0000000000000,00","0000000000000,09",,"0000000000000,00","0000000000000,00","0000000000000,00",000000000000000,143
143,011,202603,202601,MB301106,00,GE8L,N,000000000002,"000000000001,4","0,00604","0000000000000,01","0000000000000,00","0000000000000,00","0000000000000,01",,"0000000000000,00","0000000000000,00","0000000000000,00",000000000000000,143
143,011,202603,202601,MB301110,00,GE8L,N,000000000001,"000000000001,5","0,00604","0000000000000,01","0000000000000,00","0000000000000,00","0000000000000,01",,"0000000000000,00","0000000000000,00","0000000000000,00",000000000000000,143
143,011,202603,202601,MB301110,00,NENL,N,000000002594,"000000004805,2","0,00604","0000000000029,02","0000000000001,10","0000000000000,00","0000000000030,12",,"0000000000000,26","0000000000000,00","0000000000000,00",000000000000003,143
143,011,202603,202601,MB301110,00,NENL,R,000000000006,"000000000022,7","0,00422","0000000000000,10","0000000000000,00","0000000000000,00","0000000000000,10",,"0000000000000,00","0000000000000,00","0000000000000,00",000000000000000,143
143,011,202603,202601,MB301148,00,NENL,N,000000000196,"000000001056,4","0,00604","0000000000006,38","0000000000000,24","0000000000000,00","0000000000006,62",,"0000000000000,06","0000000000000,00","0000000000000,00",000000000000001,143
143,011,202603,202601,MB301148,00,NENL,R,000000000066,"000000000448,2","0,00422","0000000000001,89","0000000000000,07","0000000000000,00","0000000000001,96",,"0000000000000,02","0000000000000,00","0000000000000,00",000000000000000,143
143,011,202603,202601,MB301153,00,NENL,N,000000001117,"000000001812,5","0,00604","0000000000010,95","0000000000000,41","0000000000000,00","0000000000011,36",,"0000000000000,10","0000000000000,00","0000000000000,00",000000000000001,143
143,011,202603,202601,MB301153,00,NENL,R,000000000005,"000000000024,0","0,00422","0000000000000,10","0000000000000,00","0000000000000,00","0000000000000,10",,"0000000000000,00","0000000000000,00","0000000000000,00",000000000000000,143
143,011,202603,202601,MB301156,00,NENL,N,000000000179,"000000000760,5","0,00604","0000000000004,59","0000000000000,17","0000000000000,00","0000000000004,76",,"0000000000000,04","0000000000000,00","0000000000000,00",000000000000000,143
143,011,202603,202601,MB301156,00,NENL,R,000000000048,"000000000297,7","0,00422","0000000000001,26","0000000000000,05","0000000000000,00","0000000000001,31",,"0000000000000,01","0000000000000,00","0000000000000,00",000000000000000,143
143,011,202603,202601,MB301157,00,GE8L,N,000000000032,"000000000310,0","0,00604","0000000000001,87","0000000000000,07","0000000000000,00","0000000000001,94",,"0000000000000,02","0000000000000,00","0000000000000,00",000000000000000,143
143,011,202603,202601,MB301188,00,NENL,N,000000000017,"000000000036,3","0,00604","0000000000000,22","0000000000000,01","0000000000000,00","0000000000000,23",,"0000000000000,00","0000000000000,00","0000000000000,00",000000000000000,143
143,011,202603,202601,MB301188,00,NENL,R,000000000001,"000000000001,0","0,00422","0000000000000,00","0000000000000,00","0000000000000,00","0000000000000,00",,"0000000000000,00","0000000000000,00","0000000000000,00",000000000000000,143
143,011,202603,202601,MB301189,00,NENL,N,000000000061,"000000000106,8","0,00604","0000000000000,65","0000000000000,02","0000000000000,00","0000000000000,67",,"0000000000000,01","0000000000000,00","0000000000000,00",000000000000000,143
143,011,202603,202601,MB301192,00,NENL,N,000000000003,"000000000014,8","0,00604","0000000000000,09","0000000000000,00","0000000000000,00","0000000000000,09",,"0000000000000,00","0000000000000,00","0000000000000,00",000000000000000,143
143,011,202603,202601,MB303355,00,NENL,N,000000000078,"000000000205,1","0,00604","0000000000001,24","0000000000000,05","0000000000000,00","0000000000001,29",,"0000000000000,01","0000000000000,00","0000000000000,00",000000000000000,143
143,011,202603,202601,MB303355,00,NENL,R,000000000020,"000000000117,4","0,00422","0000000000000,50","0000000000000,02","0000000000000,00","0000000000000,52",,"0000000000000,00","0000000000000,00","0000000000000,00",000000000000000,143
143,011,202603,202601,MB303359,00,GE8L,N,000000000009,"000000000046,7","0,00604","0000000000000,28","0000000000000,01","0000000000000,00","0000000000000,29",,"0000000000000,00","0000000000000,00","0000000000000,00",000000000000000,143
143,011,202603,202601,MB303360,00,NENL,N,000000000052,"000000000127,9","0,00604","0000000000000,77","0000000000000,03","0000000000000,00","0000000000000,80",,"0000000000000,01","0000000000000,00","0000000000000,00",000000000000000,143
143,011,202603,202601,MB303360,00,NENL,R,000000000018,"000000000134,0","0,00422","0000000000000,57","0000000000000,02","0000000000000,00","0000000000000,59",,"0000000000000,01","0000000000000,00","0000000000000,00",000000000000000,143
143,011,202603,202601,MB303364,00,GE8L,N,000000000012,"000000000078,6","0,00604","0000000000000,47","0000000000000,02","0000000000000,00","0000000000000,49",,"0000000000000,00","0000000000000,00","0000000000000,00",000000000000000,143
143,011,202603,202601,MB303539,00,NENL,N,000000000001,"000000000000,5","0,00604","0000000000000,00","0000000000000,00","0000000000000,00","0000000000000,00",,"0000000000000,00","0000000000000,00","0000000000000,00",000000000000000,143
143,011,202603,202601,MB303543,00,NENL,N,000000000001,"000000000013,2","0,00604","0000000000000,08","0000000000000,00","0000000000000,00","0000000000000,08",,"0000000000000,00","0000000000000,00","0000000000000,00",000000000000000,143
143,011,202603,202601,MB303543,00,NENL,R,000000000001,"000000000002,4","0,00422","0000000000000,01","0000000000000,00","0000000000000,00","0000000000000,01",,"0000000000000,00","0000000000000,00","0000000000000,00",000000000000000,143
143,011,202603,202601,MB303979,00,GE8L,N,000000000001,"000000000003,0","0,00604","0000000000000,02","0000000000000,00","0000000000000,00","0000000000000,02",,"0000000000000,00","0000000000000,00","0000000000000,00",000000000000000,143
143,011,202603,202601,MB303979,00,GE8L,R,000000000001,"000000000000,5","0,00422","0000000000000,00","0000000000000,00","0000000000000,00","0000000000000,00",,"0000000000000,00","0000000000000,00","0000000000000,00",000000000000000,143
143,011,202603,202601,O011141,00,NENL,N,000000000004,"000000000011,4","0,00604","0000000000000,07","0000000000000,00","0000000000000,00","0000000000000,07",,"0000000000000,00","0000000000000,00","0000000000000,00",000000000000000,143
143,011,202603,202601,O012105,00,NENL,N,000000000451,"000000000756,9","0,00604","0000000000004,57","0000000000000,17","0000000000000,00","0000000000004,74",,"0000000000000,04","0000000000000,00","0000000000000,00",000000000000000,143
143,011,202603,202601,O012105,00,NENL,R,000000000003,"000000000014,2","0,00422","0000000000000,06","0000000000000,00","0000000000000,00","0000000000000,06",,"0000000000000,00","0000000000000,00","0000000000000,00",000000000000000,143
143,011,202603,202601,PBR13FKL,00,NENL,N,000000000007,"000000000006,0","0,00604","0000000000000,04","0000000000000,00","0000000000000,00","0000000000000,04",,"0000000000000,00","0000000000000,00","0000000000000,00",000000000000000,143
143,011,202603,202601,PD6ICTBC,00,NENL,N,000000000363,"000000000454,6","0,00604","0000000000002,75","0000000000000,10","0000000000000,00","0000000000002,85",,"0000000000000,02","0000000000000,00","0000000000000,00",000000000000000,143
143,011,202603,202601,PD6ICTBC,00,NENL,R,000000000001,"000000000000,7","0,00422","0000000000000,00","0000000000000,00","0000000000000,00","0000000000000,00",,"0000000000000,00","0000000000000,00","0000000000000,00",000000000000000,143
143,011,202603,202601,PW018FKL,00,GE8L,N,000000000004,"000000000010,5","0,00604","0000000000000,06","0000000000000,00","0000000000000,00","0000000000000,06",,"0000000000000,00","0000000000000,00","0000000000000,00",000000000000000,143
143,011,202603,202601,PW018FKL,00,NENL,N,000000000075,"000000000137,4","0,00604","0000000000000,83","0000000000000,03","0000000000000,00","0000000000000,86",,"0000000000000,01","0000000000000,00","0000000000000,00",000000000000000,143
143,011,202603,202601,PW018FKL,00,NENL,R,000000000002,"000000000001,0","0,00422","0000000000000,00","0000000000000,00","0000000000000,00","0000000000000,00",,"0000000000000,00","0000000000000,00","0000000000000,00",000000000000000,143
143,011,202603,202601,PW019CTB,00,NENL,N,000000004294,"000000010885,6","0,00604","0000000000065,75","0000000000002,49","0000000000000,00","0000000000068,24",,"0000000000000,59","0000000000000,00","0000000000000,00",000000000000007,143
143,011,202603,202601,PW019CTB,00,NENL,R,000000000083,"000000000280,9","0,00422","0000000000001,19","0000000000000,04","0000000000000,00","0000000000001,23",,"0000000000000,01","0000000000000,00","0000000000000,00",000000000000000,143
143,011,202603,202601,PW028FKL,00,GE8L,N,000000000006,"000000000035,6","0,00604","0000000000000,22","0000000000000,01","0000000000000,00","0000000000000,23",,"0000000000000,00","0000000000000,00","0000000000000,00",000000000000000,143
143,011,202603,202601,PW028FKL,00,GE8L,R,000000000001,"000000000000,5","0,00422","0000000000000,00","0000000000000,00","0000000000000,00","0000000000000,00",,"0000000000000,00","0000000000000,00","0000000000000,00",000000000000000,143
143,011,202603,202601,PW028FKL,00,NENL,N,000000000223,"000000000357,9","0,00604","0000000000002,16","0000000000000,08","0000000000000,00","0000000000002,24",,"0000000000000,02","0000000000000,00","0000000000000,00",000000000000000,143
143,011,202603,202601,PW028FKL,00,NENL,R,000000000003,"000000000001,5","0,00422","0000000000000,01","0000000000000,00","0000000000000,00","0000000000000,01",,"0000000000000,00","0000000000000,00","0000000000000,00",000000000000000,143
143,011,202603,202601,PW029CTB,00,NENL,N,000000002772,"000000006888,9","0,00604","0000000000041,61","0000000000001,58","0000000000000,00","0000000000043,19",,"0000000000000,37","0000000000000,00","0000000000000,00",000000000000004,143
143,011,202603,202601,PW029CTB,00,NENL,R,000000000048,"000000000167,9","0,00422","0000000000000,71","0000000000000,03","0000000000000,00","0000000000000,74",,"0000000000000,01","0000000000000,00","0000000000000,00",000000000000000,143
143,011,202603,202601,Q020486,00,NENL,N,000000001796,"000000003633,0","0,00604","0000000000021,94","0000000000000,83","0000000000000,00","0000000000022,77",,"0000000000000,20","0000000000000,00","0000000000000,00",000000000000002,143
143,011,202603,202601,Q020486,00,NENL,R,000000000020,"000000000277,2","0,00422","0000000000001,17","0000000000000,04","0000000000000,00","0000000000001,21",,"0000000000000,01","0000000000000,00","0000000000000,00",000000000000000,143
143,011,202603,202601,Q020499,00,GE8L,N,000000000001,"000000000003,6","0,00604","0000000000000,02","0000000000000,00","0000000000000,00","0000000000000,02",,"0000000000000,00","0000000000000,00","0000000000000,00",000000000000000,143
143,011,202603,202601,Q020512,00,GE8L,N,000000000002,"000000000006,4","0,00604","0000000000000,04","0000000000000,00","0000000000000,00","0000000000000,04",,"0000000000000,00","0000000000000,00","0000000000000,00",000000000000000,143
143,011,202603,202601,Q020551,00,GE8L,N,000000000001,"000000000008,0","0,00604","0000000000000,05","0000000000000,00","0000000000000,00","0000000000000,05",,"0000000000000,00","0000000000000,00","0000000000000,00",000000000000000,143
143,011,202603,202601,Q0703210,00,NENL,N,000000000001,"000000000004,0","0,00604","0000000000000,02","0000000000000,00","0000000000000,00","0000000000000,02",,"0000000000000,00","0000000000000,00","0000000000000,00",000000000000000,143
143,011,202603,202601,Q0703211,00,GE8L,N,000000000001,"000000000015,0","0,00604","0000000000000,09","0000000000000,00","0000000000000,00","0000000000000,09",,"0000000000000,00","0000000000000,00","0000000000000,00",000000000000000,143
143,011,202603,202601,Q0703212,00,NENL,N,000000000149,"000000000315,4","0,00604","0000000000001,91","0000000000000,07","0000000000000,00","0000000000001,98",,"0000000000000,02","0000000000000,00","0000000000000,00",000000000000000,143
143,011,202603,202601,Q0703212,00,NENL,R,000000000012,"000000000022,3","0,00422","0000000000000,09","0000000000000,00","0000000000000,00","0000000000000,09",,"0000000000000,00","0000000000000,00","0000000000000,00",000000000000000,143
143,011,202603,202601,Q0703338,00,NENL,N,000000000058,"000000000096,4","0,00604","0000000000000,58","0000000000000,02","0000000000000,00","0000000000000,60",,"0000000000000,01","0000000000000,00","0000000000000,00",000000000000000,143
143,011,202603,202601,Q0703363,00,NENL,N,000000000006,"000000000007,7","0,00604","0000000000000,05","0000000000000,00","0000000000000,00","0000000000000,05",,"0000000000000,00","0000000000000,00","0000000000000,00",000000000000000,143
143,011,202603,202601,Q0703363,00,NENL,R,000000000001,"000000000000,7","0,00422","0000000000000,00","0000000000000,00","0000000000000,00","0000000000000,00",,"0000000000000,00","0000000000000,00","0000000000000,00",000000000000000,143
143,011,202603,202601,Q0703365,00,NENL,N,000000000599,"000000000985,0","0,00604","0000000000005,95","0000000000000,23","0000000000000,00","0000000000006,18",,"0000000000000,05","0000000000000,00","0000000000000,00",000000000000001,143
143,011,202603,202601,Q0703365,00,NENL,R,000000000005,"000000000007,9","0,00422","0000000000000,03","0000000000000,00","0000000000000,00","0000000000000,03",,"0000000000000,00","0000000000000,00","0000000000000,00",000000000000000,143
143,011,202603,202601,Q0703412,00,NENL,N,000000000427,"000000000793,4","0,00604","0000000000004,79","0000000000000,18","0000000000000,00","0000000000004,97",,"0000000000000,04","0000000000000,00","0000000000000,00",000000000000000,143
143,011,202603,202601,Q0703412,00,NENL,R,000000000007,"000000000018,9","0,00422","0000000000000,08","0000000000000,00","0000000000000,00","0000000000000,08",,"0000000000000,00","0000000000000,00","0000000000000,00",000000000000000,143
143,011,202603,202601,Q0703434,00,NENL,N,000000000003,"000000000001,5","0,00604","0000000000000,01","0000000000000,00","0000000000000,00","0000000000000,01",,"0000000000000,00","0000000000000,00","0000000000000,00",000000000000000,143
143,011,202603,202601,Q0703435,00,GE8L,N,000000000008,"000000000021,0","0,00604","0000000000000,13","0000000000000,00","0000000000000,00","0000000000000,13",,"0000000000000,00","0000000000000,00","0000000000000,00",000000000000000,143
143,011,202603,202601,Q0703439,00,GE8L,N,000000000001,"000000000000,5","0,00604","0000000000000,00","0000000000000,00","0000000000000,00","0000000000000,00",,"0000000000000,00","0000000000000,00","0000000000000,00",000000000000000,143
143,011,202603,202601,Q0703556,00,NENL,N,000000000001,"000000000023,5","0,00604","0000000000000,14","0000000000000,01","0000000000000,00","0000000000000,15",,"0000000000000,00","0000000000000,00","0000000000000,00",000000000000000,143
143,011,202603,202601,Q0703558,00,GE8L,N,000000000011,"000000000120,8","0,00604","0000000000000,73","0000000000000,03","0000000000000,00","0000000000000,76",,"0000000000000,01","0000000000000,00","0000000000000,00",000000000000000,143
143,011,202603,202601,Q0703558,00,NENL,N,000000002071,"000000004004,0","0,00604","0000000000024,18","0000000000000,92","0000000000000,00","0000000000025,10",,"0000000000000,22","0000000000000,00","0000000000000,00",000000000000002,143
143,011,202603,202601,Q0703558,00,NENL,R,000000000126,"000000000247,6","0,00422","0000000000001,04","0000000000000,04","0000000000000,00","0000000000001,08",,"0000000000000,01","0000000000000,00","0000000000000,00",000000000000000,143
143,011,202603,202601,RQ0112AQ,00,NENL,N,000000000800,"000000001364,4","0,00604","0000000000008,24","0000000000000,31","0000000000000,00","0000000000008,55",,"0000000000000,07","0000000000000,00","0000000000000,00",000000000000001,143
143,011,202603,202601,RQ0412JL,00,NENL,N,000000000072,"000000000081,3","0,00604","0000000000000,49","0000000000000,02","0000000000000,00","0000000000000,51",,"0000000000000,00","0000000000000,00","0000000000000,00",000000000000000,143
143,011,202603,202601,RQ0412JL,00,NENL,R,000000000001,"000000000001,0","0,00422","0000000000000,00","0000000000000,00","0000000000000,00","0000000000000,00",,"0000000000000,00","0000000000000,00","0000000000000,00",000000000000000,143
143,011,202603,202601,RQ0412MM,00,NENL,N,000000000084,"000000000158,6","0,00604","0000000000000,96","0000000000000,04","0000000000000,00","0000000000001,00",,"0000000000000,01","0000000000000,00","0000000000000,00",000000000000000,143
143,011,202603,202601,RQ0412MM,00,NENL,R,000000000002,"000000000008,9","0,00422","0000000000000,04","0000000000000,00","0000000000000,00","0000000000000,04",,"0000000000000,00","0000000000000,00","0000000000000,00",000000000000000,143
143,011,202603,202601,RQ053FAC,00,GE8L,N,000000000003,"000000000008,3","0,00604","0000000000000,05","0000000000000,00","0000000000000,00","0000000000000,05",,"0000000000000,00","0000000000000,00","0000000000000,00",000000000000000,143
143,011,202603,202601,RQ053FAC,00,NENL,N,000000017309,"000000031043,8","0,00604","0000000000187,50","0000000000007,10","0000000000000,00","0000000000194,60",,"0000000000001,69","0000000000000,00","0000000000000,00",000000000000019,143
143,011,202603,202601,RQ053FAC,00,NENL,R,000000000345,"000000000969,4","0,00422","0000000000004,09","0000000000000,15","0000000000000,00","0000000000004,24",,"0000000000000,04","0000000000000,00","0000000000000,00",000000000000000,143
143,011,202603,202601,RQ05CTBR,00,GE8L,N,000000000001,"000000000004,2","0,00604","0000000000000,03","0000000000000,00","0000000000000,00","0000000000000,03",,"0000000000000,00","0000000000000,00","0000000000000,00",000000000000000,143
143,011,202603,202601,RQ05FAC3,00,GE8L,N,000000000003,"000000000022,1","0,00604","0000000000000,13","0000000000000,01","0000000000000,00","0000000000000,14",,"0000000000000,00","0000000000000,00","0000000000000,00",000000000000000,143
143,011,202603,202601,RR0112SR,00,NENL,N,000000000721,"000000001633,4","0,00604","0000000000009,87","0000000000000,37","0000000000000,00","0000000000010,24",,"0000000000000,09","0000000000000,00","0000000000000,00",000000000000001,143
143,011,202603,202601,RR0112SR,00,NENL,R,000000000063,"000000000088,5","0,00422","0000000000000,37","0000000000000,01","0000000000000,00","0000000000000,38",,"0000000000000,00","0000000000000,00","0000000000000,00",000000000000000,143
143,011,202603,202601,RR0312SR,00,NENL,N,000000000708,"000000001475,1","0,00604","0000000000008,91","0000000000000,34","0000000000000,00","0000000000009,25",,"0000000000000,08","0000000000000,00","0000000000000,00",000000000000001,143
143,011,202603,202601,RR0312SR,00,NENL,R,000000000052,"000000000089,5","0,00422","0000000000000,38","0000000000000,01","0000000000000,00","0000000000000,39",,"0000000000000,00","0000000000000,00","0000000000000,00",000000000000000,143
143,011,202603,202601,RU01BR12,00,NENL,N,000000000240,"000000000566,6","0,00604","0000000000003,42","0000000000000,13","0000000000000,00","0000000000003,55",,"0000000000000,03","0000000000000,00","0000000000000,00",000000000000000,143
143,011,202603,202601,RU01BR12,00,NENL,R,000000000002,"000000000006,1","0,00422","0000000000000,03","0000000000000,00","0000000000000,00","0000000000000,03",,"0000000000000,00","0000000000000,00","0000000000000,00",000000000000000,143
143,011,202603,202601,S017105,00,NENL,N,000000000205,"000000000308,1","0,00604","0000000000001,86","0000000000000,07","0000000000000,00","0000000000001,93",,"0000000000000,02","0000000000000,00","0000000000000,00",000000000000000,143
143,011,202603,202601,S02TLF_N,00,GE8L,N,000000000004,"000000000027,6","0,00604","0000000000000,17","0000000000000,01","0000000000000,00","0000000000000,18",,"0000000000000,00","0000000000000,00","0000000000000,00",000000000000000,143
143,011,202603,202601,S042215,00,GE8L,N,000000000010,"000000000146,0","0,00604","0000000000000,88","0000000000000,03","0000000000000,00","0000000000000,91",,"0000000000000,01","0000000000000,00","0000000000000,00",000000000000000,143
143,011,202603,202601,S042215,00,GE8L,R,000000000007,"000000000025,0","0,00422","0000000000000,11","0000000000000,00","0000000000000,00","0000000000000,11",,"0000000000000,00","0000000000000,00","0000000000000,00",000000000000000,143
143,011,202603,202601,S043105,00,GE8L,N,000000000005,"000000000048,6","0,00604","0000000000000,29","0000000000000,01","0000000000000,00","0000000000000,30",,"0000000000000,00","0000000000000,00","0000000000000,00",000000000000000,143
143,011,202603,202601,S04TLF_N,00,GE8L,N,000000000001,"000000000007,1","0,00604","0000000000000,04","0000000000000,00","0000000000000,00","0000000000000,04",,"0000000000000,00","0000000000000,00","0000000000000,00",000000000000000,143
143,011,202603,202601,S0703006,00,NENL,N,000000000021,"000000000026,3","0,00604","0000000000000,16","0000000000000,01","0000000000000,00","0000000000000,17",,"0000000000000,00","0000000000000,00","0000000000000,00",000000000000000,143
143,011,202603,202601,S0703006,00,NENL,R,000000000004,"000000000005,7","0,00422","0000000000000,02","0000000000000,00","0000000000000,00","0000000000000,02",,"0000000000000,00","0000000000000,00","0000000000000,00",000000000000000,143
143,011,202603,202601,S0703008,00,NENL,N,000000002597,"000000003724,3","0,00604","0000000000022,49","0000000000000,85","0000000000000,00","0000000000023,34",,"0000000000000,20","0000000000000,00","0000000000000,00",000000000000002,143
143,011,202603,202601,S0703008,00,NENL,R,000000000011,"000000000043,9","0,00422","0000000000000,19","0000000000000,01","0000000000000,00","0000000000000,20",,"0000000000000,00","0000000000000,00","0000000000000,00",000000000000000,143
143,011,202603,202601,S1001188,00,NENL,N,000000000021,"000000000041,3","0,00604","0000000000000,25","0000000000000,01","0000000000000,00","0000000000000,26",,"0000000000000,00","0000000000000,00","0000000000000,00",000000000000000,143
143,011,202603,202601,S1001189,00,NENL,N,000000000061,"000000000105,5","0,00604","0000000000000,64","0000000000000,02","0000000000000,00","0000000000000,66",,"0000000000000,01","0000000000000,00","0000000000000,00",000000000000000,143
143,011,202603,202601,S1001190,00,NENL,N,000000000003,"000000000036,4","0,00604","0000000000000,22","0000000000000,01","0000000000000,00","0000000000000,23",,"0000000000000,00","0000000000000,00","0000000000000,00",000000000000000,143
143,011,202603,202601,S1001475,00,GE8L,N,000000000031,"000000000177,9","0,00604","0000000000001,07","0000000000000,04","0000000000000,00","0000000000001,11",,"0000000000000,01","0000000000000,00","0000000000000,00",000000000000000,143
143,011,202603,202601,S1001475,00,GE8L,R,000000000001,"000000000000,5","0,00422","0000000000000,00","0000000000000,00","0000000000000,00","0000000000000,00",,"0000000000000,00","0000000000000,00","0000000000000,00",000000000000000,143
143,011,202603,202601,S1001572,00,GE8L,N,000000000001,"000000000001,6","0,00604","0000000000000,01","0000000000000,00","0000000000000,00","0000000000000,01",,"0000000000000,00","0000000000000,00","0000000000000,00",000000000000000,143
143,011,202603,202601,S1001572,00,NENL,N,000000002731,"000000004736,6","0,00604","0000000000028,61","0000000000001,08","0000000000000,00","0000000000029,69",,"0000000000000,26","0000000000000,00","0000000000000,00",000000000000003,143
143,011,202603,202601,S1001572,00,NENL,R,000000000004,"000000000028,6","0,00422","0000000000000,12","0000000000000,00","0000000000000,00","0000000000000,12",,"0000000000000,00","0000000000000,00","0000000000000,00",000000000000000,143
143,011,202603,202601,S1001577,00,NENL,N,000000000166,"000000000595,3","0,00604","0000000000003,60","0000000000000,14","0000000000000,00","0000000000003,74",,"0000000000000,03","0000000000000,00","0000000000000,00",000000000000000,143
143,011,202603,202601,S1001577,00,NENL,R,000000000045,"000000000231,3","0,00422","0000000000000,98","0000000000000,04","0000000000000,00","0000000000001,02",,"0000000000000,01","0000000000000,00","0000000000000,00",000000000000000,143
143,011,202603,202601,S1001581,00,NENL,N,000000001096,"000000001863,5","0,00604","0000000000011,26","0000000000000,43","0000000000000,00","0000000000011,69",,"0000000000000,10","0000000000000,00","0000000000000,00",000000000000001,143
143,011,202603,202601,S1001581,00,NENL,R,000000000002,"000000000001,6","0,00422","0000000000000,01","0000000000000,00","0000000000000,00","0000000000000,01",,"0000000000000,00","0000000000000,00","0000000000000,00",000000000000000,143
143,011,202603,202601,S1001596,00,NENL,N,000000000210,"000000000751,6","0,00604","0000000000004,54","0000000000000,17","0000000000000,00","0000000000004,71",,"0000000000000,04","0000000000000,00","0000000000000,00",000000000000000,143
143,011,202603,202601,S1001596,00,NENL,R,000000000040,"000000000201,7","0,00422","0000000000000,85","0000000000000,03","0000000000000,00","0000000000000,88",,"0000000000000,01","0000000000000,00","0000000000000,00",000000000000000,143
143,011,202603,202601,S1001597,00,GE8L,N,000000000038,"000000000232,3","0,00604","0000000000001,40","0000000000000,05","0000000000000,00","0000000000001,45",,"0000000000000,01","0000000000000,00","0000000000000,00",000000000000000,143
143,011,202603,202601,S1001889,00,GE8L,N,000000000001,"000000000002,1","0,00604","0000000000000,01","0000000000000,00","0000000000000,00","0000000000000,01",,"0000000000000,00","0000000000000,00","0000000000000,00",000000000000000,143
143,011,202603,202601,S1003355,00,NENL,N,000000000082,"000000000274,9","0,00604","0000000000001,66","0000000000000,06","0000000000000,00","0000000000001,72",,"0000000000000,01","0000000000000,00","0000000000000,00",000000000000000,143
143,011,202603,202601,S1003355,00,NENL,R,000000000022,"000000000139,1","0,00422","0000000000000,59","0000000000000,02","0000000000000,00","0000000000000,61",,"0000000000000,01","0000000000000,00","0000000000000,00",000000000000000,143
143,011,202603,202601,S1003359,00,GE8L,N,000000000009,"000000000030,6","0,00604","0000000000000,18","0000000000000,01","0000000000000,00","0000000000000,19",,"0000000000000,00","0000000000000,00","0000000000000,00",000000000000000,143
143,011,202603,202601,S1003360,00,NENL,N,000000000060,"000000000227,9","0,00604","0000000000001,38","0000000000000,05","0000000000000,00","0000000000001,43",,"0000000000000,01","0000000000000,00","0000000000000,00",000000000000000,143
143,011,202603,202601,S1003360,00,NENL,R,000000000024,"000000000097,0","0,00422","0000000000000,41","0000000000000,02","0000000000000,00","0000000000000,43",,"0000000000000,00","0000000000000,00","0000000000000,00",000000000000000,143
143,011,202603,202601,S1003364,00,GE8L,N,000000000008,"000000000059,4","0,00604","0000000000000,36","0000000000000,01","0000000000000,00","0000000000000,37",,"0000000000000,00","0000000000000,00","0000000000000,00",000000000000000,143
143,011,202603,202601,S1003539,00,NENL,N,000000000002,"000000000009,0","0,00604","0000000000000,05","0000000000000,00","0000000000000,00","0000000000000,05",,"0000000000000,00","0000000000000,00","0000000000000,00",000000000000000,143
143,011,202603,202601,S1003543,00,NENL,N,000000000002,"000000000006,4","0,00604","0000000000000,04","0000000000000,00","0000000000000,00","0000000000000,04",,"0000000000000,00","0000000000000,00","0000000000000,00",000000000000000,143
143,011,202603,202601,S1004116,00,NENL,R,000000000001,"000000000015,1","0,00422","0000000000000,06","0000000000000,00","0000000000000,00","0000000000000,06",,"0000000000000,00","0000000000000,00","0000000000000,00",000000000000000,143
143,011,202603,202601,S111214,00,NENL,N,000000000014,"000000000017,3","0,00604","0000000000000,10","0000000000000,00","0000000000000,00","0000000000000,10",,"0000000000000,00","0000000000000,00","0000000000000,00",000000000000000,143
143,011,202603,202601,S111214,00,NENL,R,000000000005,"000000000003,5","0,00422","0000000000000,01","0000000000000,00","0000000000000,00","0000000000000,01",,"0000000000000,00","0000000000000,00","0000000000000,00",000000000000000,143
143,011,202603,202601,S1603364,00,NENL,N,000000000015,"000000000033,2","0,00604","0000000000000,20","0000000000000,01","0000000000000,00","0000000000000,21",,"0000000000000,00","0000000000000,00","0000000000000,00",000000000000000,143
143,011,202603,202601,S1603364,00,NENL,R,000000000002,"000000000001,7","0,00422","0000000000000,01","0000000000000,00","0000000000000,00","0000000000000,01",,"0000000000000,00","0000000000000,00","0000000000000,00",000000000000000,143
143,011,202603,202601,S1603365,00,GE8L,N,000000000018,"000000000274,8","0,00604","0000000000001,66","0000000000000,06","0000000000000,00","0000000000001,72",,"0000000000000,01","0000000000000,00","0000000000000,00",000000000000000,143
143,011,202603,202601,S1603365,00,GE8L,N,000000000001,"000000000000,9","0,00604","0000000000000,01","0000000000000,00","0000000000000,00","0000000000000,01",,"0000000000000,00","0000000000000,00","0000000000000,00",000000000000000,143
143,011,202603,202601,S1603365,00,GE8L,R,000000000002,"000000000012,4","0,00422","0000000000000,05","0000000000000,00","0000000000000,00","0000000000000,05",,"0000000000000,00","0000000000000,00","0000000000000,00",000000000000000,143
143,011,202603,202601,S1603365,00,NENL,N,000000000001,"000000000002,6","0,00604","0000000000000,02","0000000000000,00","0000000000000,00","0000000000000,02",,"0000000000000,00","0000000000000,00","0000000000000,00",000000000000000,143
143,011,202603,202601,S1603366,00,NENL,N,000000002227,"000000003249,5","0,00604","0000000000019,63","0000000000000,74","0000000000000,00","0000000000020,37",,"0000000000000,18","0000000000000,00","0000000000000,00",000000000000002,143
143,011,202603,202601,S1603366,00,NENL,R,000000000119,"000000000086,1","0,00422","0000000000000,36","0000000000000,01","0000000000000,00","0000000000000,37",,"0000000000000,00","0000000000000,00","0000000000000,00",000000000000000,143
143,011,202603,202601,S1603367,00,NENL,N,000000000014,"000000000034,5","0,00604","0000000000000,21","0000000000000,01","0000000000000,00","0000000000000,22",,"0000000000000,00","0000000000000,00","0000000000000,00",000000000000000,143
143,011,202603,202601,S1603367,00,NENL,R,000000000002,"000000000005,4","0,00422","0000000000000,02","0000000000000,00","0000000000000,00","0000000000000,02",,"0000000000000,00","0000000000000,00","0000000000000,00",000000000000000,143
143,011,202603,202601,S1603368,00,GE8L,N,000000000016,"000000000225,7","0,00604","0000000000001,36","0000000000000,05","0000000000000,00","0000000000001,41",,"0000000000000,01","0000000000000,00","0000000000000,00",000000000000000,143
143,011,202603,202601,S1603368,00,GE8L,R,000000000002,"000000000010,0","0,00422","0000000000000,04","0000000000000,00","0000000000000,00","0000000000000,04",,"0000000000000,00","0000000000000,00","0000000000000,00",000000000000000,143
143,011,202603,202601,S1603369,00,NENL,N,000000002189,"000000002686,7","0,00604","0000000000016,23","0000000000000,61","0000000000000,00","0000000000016,84",,"0000000000000,15","0000000000000,00","0000000000000,00",000000000000002,143
143,011,202603,202601,S1603369,00,NENL,R,000000000111,"000000000070,4","0,00422","0000000000000,30","0000000000000,01","0000000000000,00","0000000000000,31",,"0000000000000,00","0000000000000,00","0000000000000,00",000000000000000,143
143,011,202603,202601,S1604100,00,NENL,N,000000000006,"000000000008,1","0,00604","0000000000000,05","0000000000000,00","0000000000000,00","0000000000000,05",,"0000000000000,00","0000000000000,00","0000000000000,00",000000000000000,143
143,011,202603,202601,S1604100,00,NENL,R,000000000003,"000000000001,6","0,00422","0000000000000,01","0000000000000,00","0000000000000,00","0000000000000,01",,"0000000000000,00","0000000000000,00","0000000000000,00",000000000000000,143
143,011,202603,202601,S1604101,00,GE8L,N,000000000009,"000000000033,2","0,00604","0000000000000,20","0000000000000,01","0000000000000,00","0000000000000,21",,"0000000000000,00","0000000000000,00","0000000000000,00",000000000000000,143
143,011,202603,202601,S1604102,00,NENL,N,000000002413,"000000004100,5","0,00604","0000000000024,77","0000000000000,94","0000000000000,00","0000000000025,71",,"0000000000000,22","0000000000000,00","0000000000000,00",000000000000002,143
143,011,202603,202601,S1604102,00,NENL,R,000000000017,"000000000012,9","0,00422","0000000000000,05","0000000000000,00","0000000000000,00","0000000000000,05",,"0000000000000,00","0000000000000,00","0000000000000,00",000000000000000,143
143,011,202603,202601,SI11038,00,NENL,N,000000000011,"000000000010,9","0,00604","0000000000000,07","0000000000000,00","0000000000000,00","0000000000000,07",,"0000000000000,00","0000000000000,00","0000000000000,00",000000000000000,143
143,011,202603,202601,TZ01CTIP,00,NENL,N,000000000043,"000000000027,9","0,00604","0000000000000,17","0000000000000,01","0000000000000,00","0000000000000,18",,"0000000000000,00","0000000000000,00","0000000000000,00",000000000000000,143
143,011,202603,202601,U1400245,00,GE8L,N,000000000001,"000000000000,5","0,00604","0000000000000,00","0000000000000,00","0000000000000,00","0000000000000,00",,"0000000000000,00","0000000000000,00","0000000000000,00",000000000000000,143
143,011,202603,202601,VM300188,00,GE8L,N,000000000001,"000000000001,5","0,00604","0000000000000,01","0000000000000,00","0000000000000,00","0000000000000,01",,"0000000000000,00","0000000000000,00","0000000000000,00",000000000000000,143
143,011,202603,202601,VM300188,00,NENL,N,000000000012,"000000000014,4","0,00604","0000000000000,09","0000000000000,00","0000000000000,00","0000000000000,09",,"0000000000000,00","0000000000000,00","0000000000000,00",000000000000000,143
143,011,202603,202601,VM300188,00,NENL,R,000000000001,"000000000000,5","0,00422","0000000000000,00","0000000000000,00","0000000000000,00","0000000000000,00",,"0000000000000,00","0000000000000,00","0000000000000,00",000000000000000,143
143,011,202603,202601,VM300189,00,NENL,N,000000000060,"000000000090,6","0,00604","0000000000000,55","0000000000000,02","0000000000000,00","0000000000000,57",,"0000000000000,00","0000000000000,00","0000000000000,00",000000000000000,143
143,011,202603,202601,VM300189,00,NENL,R,000000000001,"000000000000,5","0,00422","0000000000000,00","0000000000000,00","0000000000000,00","0000000000000,00",,"0000000000000,00","0000000000000,00","0000000000000,00",000000000000000,143
143,011,202603,202601,VM300190,00,NENL,N,000000000002,"000000000004,6","0,00604","0000000000000,03","0000000000000,00","0000000000000,00","0000000000000,03",,"0000000000000,00","0000000000000,00","0000000000000,00",000000000000000,143
143,011,202603,202601,VM300475,00,GE8L,N,000000000045,"000000000224,0","0,00604","0000000000001,35","0000000000000,05","0000000000000,00","0000000000001,40",,"0000000000000,01","0000000000000,00","0000000000000,00",000000000000000,143
143,011,202603,202601,VM300475,00,GE8L,N,000000000001,"000000000009,8","0,00604","0000000000000,06","0000000000000,00","0000000000000,00","0000000000000,06",,"0000000000000,00","0000000000000,00","0000000000000,00",000000000000000,143
143,011,202603,202601,VM300571,00,GE8L,N,000000000001,"000000000010,9","0,00604","0000000000000,07","0000000000000,00","0000000000000,00","0000000000000,07",,"0000000000000,00","0000000000000,00","0000000000000,00",000000000000000,143
143,011,202603,202601,VM300572,00,NENL,N,000000002731,"000000004721,2","0,00604","0000000000028,52","0000000000001,08","0000000000000,00","0000000000029,60",,"0000000000000,26","0000000000000,00","0000000000000,00",000000000000003,143
143,011,202603,202601,VM300572,00,NENL,R,000000000010,"000000000082,8","0,00422","0000000000000,35","0000000000000,01","0000000000000,00","0000000000000,36",,"0000000000000,00","0000000000000,00","0000000000000,00",000000000000000,143
143,011,202603,202601,VM300577,00,NENL,N,000000000189,"000000000643,9","0,00604","0000000000003,89","0000000000000,15","0000000000000,00","0000000000004,04",,"0000000000000,04","0000000000000,00","0000000000000,00",000000000000000,143
143,011,202603,202601,VM300577,00,NENL,R,000000000050,"000000000334,0","0,00422","0000000000001,41","0000000000000,05","0000000000000,00","0000000000001,46",,"0000000000000,01","0000000000000,00","0000000000000,00",000000000000000,143
143,011,202603,202601,VM300581,00,GE8L,N,000000000001,"000000000001,2","0,00604","0000000000000,01","0000000000000,00","0000000000000,00","0000000000000,01",,"0000000000000,00","0000000000000,00","0000000000000,00",000000000000000,143
143,011,202603,202601,VM300581,00,NENL,N,000000001136,"000000001696,9","0,00604","0000000000010,25","0000000000000,39","0000000000000,00","0000000000010,64",,"0000000000000,09","0000000000000,00","0000000000000,00",000000000000001,143
143,011,202603,202601,VM300581,00,NENL,R,000000000001,"000000000000,5","0,00422","0000000000000,00","0000000000000,00","0000000000000,00","0000000000000,00",,"0000000000000,00","0000000000000,00","0000000000000,00",000000000000000,143
143,011,202603,202601,VM300596,00,NENL,N,000000000169,"000000000662,2","0,00604","0000000000004,00","0000000000000,15","0000000000000,00","0000000000004,15",,"0000000000000,04","0000000000000,00","0000000000000,00",000000000000000,143
143,011,202603,202601,VM300596,00,NENL,R,000000000052,"000000000337,7","0,00422","0000000000001,43","0000000000000,05","0000000000000,00","0000000000001,48",,"0000000000000,01","0000000000000,00","0000000000000,00",000000000000000,143
143,011,202603,202601,VM300597,00,GE8L,N,000000000042,"000000000211,9","0,00604","0000000000001,28","0000000000000,05","0000000000000,00","0000000000001,33",,"0000000000000,01","0000000000000,00","0000000000000,00",000000000000000,143
143,011,202603,202601,VM300597,00,GE8L,R,000000000001,"000000000000,5","0,00422","0000000000000,00","0000000000000,00","0000000000000,00","0000000000000,00",,"0000000000000,00","0000000000000,00","0000000000000,00",000000000000000,143
143,011,202603,202601,VM303355,00,NENL,N,000000000066,"000000000272,8","0,00604","0000000000001,65","0000000000000,06","0000000000000,00","0000000000001,71",,"0000000000000,01","0000000000000,00","0000000000000,00",000000000000000,143
143,011,202603,202601,VM303355,00,NENL,R,000000000017,"000000000087,2","0,00422","0000000000000,37","0000000000000,01","0000000000000,00","0000000000000,38",,"0000000000000,00","0000000000000,00","0000000000000,00",000000000000000,143
143,011,202603,202601,VM303359,00,GE8L,N,000000000017,"000000000155,4","0,00604","0000000000000,94","0000000000000,04","0000000000000,00","0000000000000,98",,"0000000000000,01","0000000000000,00","0000000000000,00",000000000000000,143
143,011,202603,202601,VM303360,00,NENL,N,000000000078,"000000000274,4","0,00604","0000000000001,66","0000000000000,06","0000000000000,00","0000000000001,72",,"0000000000000,01","0000000000000,00","0000000000000,00",000000000000000,143
143,011,202603,202601,VM303360,00,NENL,R,000000000020,"000000000136,0","0,00422","0000000000000,57","0000000000000,02","0000000000000,00","0000000000000,59",,"0000000000000,01","0000000000000,00","0000000000000,00",000000000000000,143
143,011,202603,202601,VM303364,00,GE8L,N,000000000011,"000000000039,9","0,00604","0000000000000,24","0000000000000,01","0000000000000,00","0000000000000,25",,"0000000000000,00","0000000000000,00","0000000000000,00",000000000000000,143
143,011,202603,202601,VM303539,00,NENL,N,000000000001,"000000000002,6","0,00604","0000000000000,02","0000000000000,00","0000000000000,00","0000000000000,02",,"0000000000000,00","0000000000000,00","0000000000000,00",000000000000000,143
143,011,202603,202601,VM303564,00,NENL,N,000000000001,"000000000000,5","0,00604","0000000000000,00","0000000000000,00","0000000000000,00","0000000000000,00",,"0000000000000,00","0000000000000,00","0000000000000,00",000000000000000,143
143,011,202603,202601,VU11029,00,GE8L,N,000000000001,"000000000001,1","0,00604","0000000000000,01","0000000000000,00","0000000000000,00","0000000000000,01",,"0000000000000,00","0000000000000,00","0000000000000,00",000000000000000,143
143,011,202603,202601,VU11029,00,NENL,N,000000000094,"000000000134,0","0,00604","0000000000000,81","0000000000000,03","0000000000000,00","0000000000000,84",,"0000000000000,01","0000000000000,00","0000000000000,00",000000000000000,143
143,011,202603,202601,VU11029,00,NENL,R,000000000002,"000000000001,0","0,00422","0000000000000,00","0000000000000,00","0000000000000,00","0000000000000,00",,"0000000000000,00","0000000000000,00","0000000000000,00",000000000000000,143
144,011,202603,202601,1ALG006I,00,NENL,N,000000000040,"000000000087,5","0,00604","0000000000000,53","0000000000000,02","0000000000000,00","0000000000000,55",,"0000000000000,00","0000000000000,00","0000000000000,00",000000000000000,144
144,011,202603,202601,1ALG012I,00,NENL,N,000000000001,"000000000001,0","0,00604","0000000000000,01","0000000000000,00","0000000000000,00","0000000000000,01",,"0000000000000,00","0000000000000,00","0000000000000,00",000000000000000,144
144,011,202603,202601,1ALG015I,00,NENL,N,000000000008,"000000000007,7","0,00604","0000000000000,05","0000000000000,00","0000000000000,00","0000000000000,05",,"0000000000000,00","0000000000000,00","0000000000000,00",000000000000000,144
144,011,202603,202601,1CTB009I,00,NENL,N,000000000024,"000000000039,9","0,00604","0000000000000,24","0000000000000,01","0000000000000,00","0000000000000,25",,"0000000000000,00","0000000000000,00","0000000000000,00",000000000000000,144
144,011,202603,202601,1CTB012I,00,NENL,N,000000000003,"000000000001,5","0,00604","0000000000000,01","0000000000000,00","0000000000000,00","0000000000000,01",,"0000000000000,00","0000000000000,00","0000000000000,00",000000000000000,144
144,011,202603,202601,1CTB018I,00,NENL,N,000000000011,"000000000011,5","0,00604","0000000000000,07","0000000000000,00","0000000000000,00","0000000000000,07",,"0000000000000,00","0000000000000,00","0000000000000,00",000000000000000,144
144,011,202603,202601,1CTB021I,00,NENL,N,000000000004,"000000000008,7","0,00604","0000000000000,05","0000000000000,00","0000000000000,00","0000000000000,05",,"0000000000000,00","0000000000000,00","0000000000000,00",000000000000000,144
144,011,202603,202601,1CTB027I,00,NENL,N,000000000004,"000000000010,0","0,00604","0000000000000,06","0000000000000,00","0000000000000,00","0000000000000,06",,"0000000000000,00","0000000000000,00","0000000000000,00",000000000000000,144
144,011,202603,202601,1CTB033I,00,NENL,N,000000000006,"000000000009,9","0,00604","0000000000000,06","0000000000000,00","0000000000000,00","0000000000000,06",,"0000000000000,00","0000000000000,00","0000000000000,00",000000000000000,144
144,011,202603,202601,1OIF009I,00,NENL,N,000000000001,"000000000001,3","0,00604","0000000000000,01","0000000000000,00","0000000000000,00","0000000000000,01",,"0000000000000,00","0000000000000,00","0000000000000,00",000000000000000,144
144,011,202603,202601,3ALG001I,00,NENL,N,000000000022,"000000000038,9","0,00604","0000000000000,23","0000000000000,01","0000000000000,00","0000000000000,24",,"0000000000000,00","0000000000000,00","0000000000000,00",000000000000000,144
144,011,202603,202601,3ALG003I,00,NENL,N,000000000011,"000000000017,1","0,00604","0000000000000,10","0000000000000,00","0000000000000,00","0000000000000,10",,"0000000000000,00","0000000000000,00","0000000000000,00",000000000000000,144
144,011,202603,202601,3ALG006I,00,NENL,N,000000000002,"000000000015,9","0,00604","0000000000000,10","0000000000000,00","0000000000000,00","0000000000000,10",,"0000000000000,00","0000000000000,00","0000000000000,00",000000000000000,144
144,011,202603,202601,3CTB0021,00,NENL,N,000000000150,"000000000407,5","0,00604","0000000000002,46","0000000000000,09","0000000000000,00","0000000000002,55",,"0000000000000,02","0000000000000,00","0000000000000,00",000000000000000,144
144,011,202603,202601,3CTB0021,00,NENL,R,000000000033,"000000000090,3","0,00422","0000000000000,38","0000000000000,01","0000000000000,00","0000000000000,39",,"0000000000000,00","0000000000000,00","0000000000000,00",000000000000000,144
144,011,202603,202601,3CTB003I,00,NENL,N,000000000055,"000000000080,0","0,00604","0000000000000,48","0000000000000,02","0000000000000,00","0000000000000,50",,"0000000000000,00","0000000000000,00","0000000000000,00",000000000000000,144
144,011,202603,202601,3CTB003I,00,NENL,R,000000000002,"000000000005,6","0,00422","0000000000000,02","0000000000000,00","0000000000000,00","0000000000000,02",,"0000000000000,00","0000000000000,00","0000000000000,00",000000000000000,144
144,011,202603,202601,3CTB006I,00,NENL,N,000000000002,"000000000001,2","0,00604","0000000000000,01","0000000000000,00","0000000000000,00","0000000000000,01",,"0000000000000,00","0000000000000,00","0000000000000,00",000000000000000,144
144,011,202603,202601,3CTB009I,00,NENL,N,000000000066,"000000000394,0","0,00604","0000000000002,38","0000000000000,09","0000000000000,00","0000000000002,47",,"0000000000000,02","0000000000000,00","0000000000000,00",000000000000000,144
144,011,202603,202601,3CTB009I,00,NENL,R,000000000020,"000000000142,6","0,00422","0000000000000,60","0000000000000,02","0000000000000,00","0000000000000,62",,"0000000000000,01","0000000000000,00","0000000000000,00",000000000000000,144
144,011,202603,202601,3CTB012I,00,NENL,N,000000000003,"000000000040,7","0,00604","0000000000000,25","0000000000000,01","0000000000000,00","0000000000000,26",,"0000000000000,00","0000000000000,00","0000000000000,00",000000000000000,144
144,011,202603,202601,3CTB018I,00,NENL,N,000000000007,"000000000036,7","0,00604","0000000000000,22","0000000000000,01","0000000000000,00","0000000000000,23",,"0000000000000,00","0000000000000,00","0000000000000,00",000000000000000,144
144,011,202603,202601,3CTB018I,00,NENL,R,000000000003,"000000000008,0","0,00422","0000000000000,03","0000000000000,00","0000000000000,00","0000000000000,03",,"0000000000000,00","0000000000000,00","0000000000000,00",000000000000000,144
144,011,202603,202601,3CTB024I,00,NENL,N,000000000004,"000000000006,9","0,00604","0000000000000,04","0000000000000,00","0000000000000,00","0000000000000,04",,"0000000000000,00","0000000000000,00","0000000000000,00",000000000000000,144
144,011,202603,202601,3CTB027I,00,NENL,N,000000000006,"000000000030,8","0,00604","0000000000000,19","0000000000000,01","0000000000000,00","0000000000000,20",,"0000000000000,00","0000000000000,00","0000000000000,00",000000000000000,144
144,011,202603,202601,3CTB033I,00,NENL,N,000000000024,"000000000066,8","0,00604","0000000000000,40","0000000000000,02","0000000000000,00","0000000000000,42",,"0000000000000,00","0000000000000,00","0000000000000,00",000000000000000,144
144,011,202603,202601,3CTB033I,00,NENL,R,000000000005,"000000000005,9","0,00422","0000000000000,02","0000000000000,00","0000000000000,00","0000000000000,02",,"0000000000000,00","0000000000000,00","0000000000000,00",000000000000000,144
144,011,202603,202601,3OIF037I,00,NENL,N,000000000001,"000000000003,0","0,00604","0000000000000,02","0000000000000,00","0000000000000,00","0000000000000,02",,"0000000000000,00","0000000000000,00","0000000000000,00",000000000000000,144
144,011,202603,202601,3OIF043I,00,NENL,N,000000000001,"000000000000,5","0,00604","0000000000000,00","0000000000000,00","0000000000000,00","0000000000000,00",,"0000000000000,00","0000000000000,00","0000000000000,00",000000000000000,144
144,011,202603,202601,3OIF114I,00,NENL,N,000000000003,"000000000018,1","0,00604","0000000000000,11","0000000000000,00","0000000000000,00","0000000000000,11",,"0000000000000,00","0000000000000,00","0000000000000,00",000000000000000,144
144,011,202603,202601,3OIF127I,00,NENL,N,000000000002,"000000000006,6","0,00604","0000000000000,04","0000000000000,00","0000000000000,00","0000000000000,04",,"0000000000000,00","0000000000000,00","0000000000000,00",000000000000000,144
144,011,202603,202601,4FACTR4I,00,NENL,N,000000000012,"000000000020,9","0,00604","0000000000000,13","0000000000000,00","0000000000000,00","0000000000000,13",,"0000000000000,00","0000000000000,00","0000000000000,00",000000000000000,144
144,011,202603,202601,6ALG006I,00,NENL,N,000000000034,"000000000081,6","0,00604","0000000000000,49","0000000000000,02","0000000000000,00","0000000000000,51",,"0000000000000,00","0000000000000,00","0000000000000,00",000000000000000,144
144,011,202603,202601,6ALG012I,00,NENL,N,000000000001,"000000000002,5","0,00604","0000000000000,02","0000000000000,00","0000000000000,00","0000000000000,02",,"0000000000000,00","0000000000000,00","0000000000000,00",000000000000000,144
144,011,202603,202601,6ALG015I,00,NENL,N,000000000001,"000000000000,5","0,00604","0000000000000,00","0000000000000,00","0000000000000,00","0000000000000,00",,"0000000000000,00","0000000000000,00","0000000000000,00",000000000000000,144
144,011,202603,202601,6CTB003I,00,NENL,N,000000000015,"000000000043,8","0,00604","0000000000000,26","0000000000000,01","0000000000000,00","0000000000000,27",,"0000000000000,00","0000000000000,00","0000000000000,00",000000000000000,144
144,011,202603,202601,6CTB009I,00,NENL,N,000000000026,"000000000072,2","0,00604","0000000000000,44","0000000000000,02","0000000000000,00","0000000000000,46",,"0000000000000,00","0000000000000,00","0000000000000,00",000000000000000,144
144,011,202603,202601,6CTB012I,00,NENL,N,000000000003,"000000000003,0","0,00604","0000000000000,02","0000000000000,00","0000000000000,00","0000000000000,02",,"0000000000000,00","0000000000000,00","0000000000000,00",000000000000000,144
144,011,202603,202601,6CTB016I,00,NENL,N,000000000027,"000000000054,9","0,00604","0000000000000,33","0000000000000,01","0000000000000,00","0000000000000,34",,"0000000000000,00","0000000000000,00","0000000000000,00",000000000000000,144
144,011,202603,202601,6CTB018I,00,NENL,N,000000000005,"000000000007,1","0,00604","0000000000000,04","0000000000000,00","0000000000000,00","0000000000000,04",,"0000000000000,00","0000000000000,00","0000000000000,00",000000000000000,144
144,011,202603,202601,6CTB021I,00,NENL,N,000000000005,"000000000005,7","0,00604","0000000000000,03","0000000000000,00","0000000000000,00","0000000000000,03",,"0000000000000,00","0000000000000,00","0000000000000,00",000000000000000,144
144,011,202603,202601,6CTB024I,00,NENL,N,000000000001,"000000000000,8","0,00604","0000000000000,00","0000000000000,00","0000000000000,00","0000000000000,00",,"0000000000000,00","0000000000000,00","0000000000000,00",000000000000000,144
144,011,202603,202601,6CTB025I,00,NENL,N,000000000068,"000000000197,4","0,00604","0000000000001,19","0000000000000,05","0000000000000,00","0000000000001,24",,"0000000000000,01","0000000000000,00","0000000000000,00",000000000000000,144
144,011,202603,202601,6CTB025I,00,NENL,R,000000000018,"000000000042,5","0,00422","0000000000000,18","0000000000000,01","0000000000000,00","0000000000000,19",,"0000000000000,00","0000000000000,00","0000000000000,00",000000000000000,144
144,011,202603,202601,6CTB027I,00,NENL,N,000000000007,"000000000049,0","0,00604","0000000000000,30","0000000000000,01","0000000000000,00","0000000000000,31",,"0000000000000,00","0000000000000,00","0000000000000,00",000000000000000,144
144,011,202603,202601,6CTB028I,00,NENL,N,000000000076,"000000000224,4","0,00604","0000000000001,36","0000000000000,05","0000000000000,00","0000000000001,41",,"0000000000000,01","0000000000000,00","0000000000000,00",000000000000000,144
144,011,202603,202601,6CTB028I,00,NENL,R,000000000002,"000000000010,9","0,00422","0000000000000,05","0000000000000,00","0000000000000,00","0000000000000,05",,"0000000000000,00","0000000000000,00","0000000000000,00",000000000000000,144
144,011,202603,202601,6CTB031I,00,NENL,N,000000000003,"000000000003,0","0,00604","0000000000000,02","0000000000000,00","0000000000000,00","0000000000000,02",,"0000000000000,00","0000000000000,00","0000000000000,00",000000000000000,144
144,011,202603,202601,6CTB033I,00,GE8L,N,000000000001,"000000000000,9","0,00604","0000000000000,01","0000000000000,00","0000000000000,00","0000000000000,01",,"0000000000000,00","0000000000000,00","0000000000000,00",000000000000000,144
144,011,202603,202601,6CTB033I,00,NENL,N,000000000007,"000000000005,4","0,00604","0000000000000,03","0000000000000,00","0000000000000,00","0000000000000,03",,"0000000000000,00","0000000000000,00","0000000000000,00",000000000000000,144
144,011,202603,202601,6OIF024I,00,NENL,N,000000000001,"000000000002,2","0,00604","0000000000000,01","0000000000000,00","0000000000000,00","0000000000000,01",,"0000000000000,00","0000000000000,00","0000000000000,00",000000000000000,144
144,011,202603,202601,6OIF045I,00,NENL,N,000000000001,"000000000003,6","0,00604","0000000000000,02","0000000000000,00","0000000000000,00","0000000000000,02",,"0000000000000,00","0000000000000,00","0000000000000,00",000000000000000,144
144,011,202603,202601,6OIF069I,00,GE8L,N,000000000021,"000000000243,9","0,00604","0000000000001,47","0000000000000,06","0000000000000,00","0000000000001,53",,"0000000000000,01","0000000000000,00","0000000000000,00",000000000000000,144
144,011,202603,202601,6OIF086I,00,NENL,N,000000000010,"000000000081,3","0,00604","0000000000000,49","0000000000000,02","0000000000000,00","0000000000000,51",,"0000000000000,00","0000000000000,00","0000000000000,00",000000000000000,144
144,011,202603,202601,7CTB003I,00,NENL,N,000000000018,"000000000087,0","0,00604","0000000000000,53","0000000000000,02","0000000000000,00","0000000000000,55",,"0000000000000,00","0000000000000,00","0000000000000,00",000000000000000,144
144,011,202603,202601,7CTB016I,00,NENL,N,000000000040,"000000000121,7","0,00604","0000000000000,74","0000000000000,03","0000000000000,00","0000000000000,77",,"0000000000000,01","0000000000000,00","0000000000000,00",000000000000000,144
144,011,202603,202601,7CTB025I,00,NENL,N,000000000084,"000000000295,2","0,00604","0000000000001,78","0000000000000,07","0000000000000,00","0000000000001,85",,"0000000000000,02","0000000000000,00","0000000000000,00",000000000000000,144
144,011,202603,202601,7CTB025I,00,NENL,R,000000000013,"000000000049,7","0,00422","0000000000000,21","0000000000000,01","0000000000000,00","0000000000000,22",,"0000000000000,00","0000000000000,00","0000000000000,00",000000000000000,144
144,011,202603,202601,7CTB028I,00,NENL,N,000000000071,"000000000151,8","0,00604","0000000000000,92","0000000000000,03","0000000000000,00","0000000000000,95",,"0000000000000,01","0000000000000,00","0000000000000,00",000000000000000,144
144,011,202603,202601,7CTB028I,00,NENL,R,000000000001,"000000000010,1","0,00422","0000000000000,04","0000000000000,00","0000000000000,00","0000000000000,04",,"0000000000000,00","0000000000000,00","0000000000000,00",000000000000000,144
144,011,202603,202601,7CTB031I,00,NENL,N,000000000005,"000000000011,0","0,00604","0000000000000,07","0000000000000,00","0000000000000,00","0000000000000,07",,"0000000000000,00","0000000000000,00","0000000000000,00",000000000000000,144
144,011,202603,202601,7OIF069I,00,GE8L,N,000000000006,"000000000171,8","0,00604","0000000000001,04","0000000000000,04","0000000000000,00","0000000000001,08",,"0000000000000,01","0000000000000,00","0000000000000,00",000000000000000,144
144,011,202603,202601,7OIF086I,00,NENL,N,000000000012,"000000000102,9","0,00604","0000000000000,62","0000000000000,02","0000000000000,00","0000000000000,64",,"0000000000000,01","0000000000000,00","0000000000000,00",000000000000000,144
144,011,202603,202601,8ALG003I,00,NENL,N,000000000010,"000000000016,9","0,00604","0000000000000,10","0000000000000,00","0000000000000,00","0000000000000,10",,"0000000000000,00","0000000000000,00","0000000000000,00",000000000000000,144
144,011,202603,202601,8ALG006I,00,NENL,N,000000000001,"000000000002,0","0,00604","0000000000000,01","0000000000000,00","0000000000000,00","0000000000000,01",,"0000000000000,00","0000000000000,00","0000000000000,00",000000000000000,144
144,011,202603,202601,8CTB0021,00,NENL,N,000000000153,"000000000427,9","0,00604","0000000000002,58","0000000000000,10","0000000000000,00","0000000000002,68",,"0000000000000,02","0000000000000,00","0000000000000,00",000000000000000,144
144,011,202603,202601,8CTB0021,00,NENL,R,000000000029,"000000000052,6","0,00422","0000000000000,22","0000000000000,01","0000000000000,00","0000000000000,23",,"0000000000000,00","0000000000000,00","0000000000000,00",000000000000000,144
144,011,202603,202601,8CTB003I,00,NENL,N,000000000027,"000000000061,1","0,00604","0000000000000,37","0000000000000,01","0000000000000,00","0000000000000,38",,"0000000000000,00","0000000000000,00","0000000000000,00",000000000000000,144
144,011,202603,202601,8CTB003I,00,NENL,R,000000000005,"000000000006,3","0,00422","0000000000000,03","0000000000000,00","0000000000000,00","0000000000000,03",,"0000000000000,00","0000000000000,00","0000000000000,00",000000000000000,144
144,011,202603,202601,8CTB006I,00,NENL,N,000000000004,"000000000003,0","0,00604","0000000000000,02","0000000000000,00","0000000000000,00","0000000000000,02",,"0000000000000,00","0000000000000,00","0000000000000,00",000000000000000,144
144,011,202603,202601,8CTB015I,00,NENL,N,000000000001,"000000000000,5","0,00604","0000000000000,00","0000000000000,00","0000000000000,00","0000000000000,00",,"0000000000000,00","0000000000000,00","0000000000000,00",000000000000000,144
144,011,202603,202601,8CTB018I,00,NENL,N,000000000012,"000000000034,1","0,00604","0000000000000,21","0000000000000,01","0000000000000,00","0000000000000,22",,"0000000000000,00","0000000000000,00","0000000000000,00",000000000000000,144
144,011,202603,202601,8CTB018I,00,NENL,R,000000000001,"000000000001,0","0,00422","0000000000000,00","0000000000000,00","0000000000000,00","0000000000000,00",,"0000000000000,00","0000000000000,00","0000000000000,00",000000000000000,144
144,011,202603,202601,8CTB024I,00,NENL,N,000000000003,"000000000036,8","0,00604","0000000000000,22","0000000000000,01","0000000000000,00","0000000000000,23",,"0000000000000,00","0000000000000,00","0000000000000,00",000000000000000,144
144,011,202603,202601,8CTB027I,00,NENL,N,000000000002,"000000000003,3","0,00604","0000000000000,02","0000000000000,00","0000000000000,00","0000000000000,02",,"0000000000000,00","0000000000000,00","0000000000000,00",000000000000000,144
144,011,202603,202601,8CTB030I,00,NENL,N,000000000025,"000000000074,5","0,00604","0000000000000,45","0000000000000,02","0000000000000,00","0000000000000,47",,"0000000000000,00","0000000000000,00","0000000000000,00",000000000000000,144
144,011,202603,202601,8CTB030I,00,NENL,R,000000000001,"000000000006,4","0,00422","0000000000000,03","0000000000000,00","0000000000000,00","0000000000000,03",,"0000000000000,00","0000000000000,00","0000000000000,00",000000000000000,144
144,011,202603,202601,8CTB033I,00,NENL,N,000000000022,"000000000040,9","0,00604","0000000000000,25","0000000000000,01","0000000000000,00","0000000000000,26",,"0000000000000,00","0000000000000,00","0000000000000,00",000000000000000,144
144,011,202603,202601,8CTB033I,00,NENL,R,000000000006,"000000000020,7","0,00422","0000000000000,09","0000000000000,00","0000000000000,00","0000000000000,09",,"0000000000000,00","0000000000000,00","0000000000000,00",000000000000000,144
144,011,202603,202601,8CTB036I,00,NENL,N,000000000001,"000000000000,5","0,00604","0000000000000,00","0000000000000,00","0000000000000,00","0000000000000,00",,"0000000000000,00","0000000000000,00","0000000000000,00",000000000000000,144
144,011,202603,202601,8OIF043I,00,NENL,N,000000000005,"000000000016,1","0,00604","0000000000000,10","0000000000000,00","0000000000000,00","0000000000000,10",,"0000000000000,00","0000000000000,00","0000000000000,00",000000000000000,144
144,011,202603,202601,8OIF046I,00,NENL,N,000000000001,"000000000003,2","0,00604","0000000000000,02","0000000000000,00","0000000000000,00","0000000000000,02",,"0000000000000,00","0000000000000,00","0000000000000,00",000000000000000,144
144,011,202603,202601,8OIF114I,00,NENL,N,000000000002,"000000000007,0","0,00604","0000000000000,04","0000000000000,00","0000000000000,00","0000000000000,04",,"0000000000000,00","0000000000000,00","0000000000000,00",000000000000000,144
144,011,202603,202601,8OIF127I,00,NENL,N,000000000002,"000000000001,9","0,00604","0000000000000,01","0000000000000,00","0000000000000,00","0000000000000,01",,"0000000000000,00","0000000000000,00","0000000000000,00",000000000000000,144
144,011,202603,202601,A021239,00,NENL,N,000000000024,"000000000055,1","0,00604","0000000000000,33","0000000000000,01","0000000000000,00","0000000000000,34",,"0000000000000,00","0000000000000,00","0000000000000,00",000000000000000,144
144,011,202603,202601,A030901,00,NENL,N,000000000030,"000000000125,6","0,00604","0000000000000,76","0000000000000,03","0000000000000,00","0000000000000,79",,"0000000000000,01","0000000000000,00","0000000000000,00",000000000000000,144
144,011,202603,202601,AP1TLF_N,00,NENL,N,000000000097,"000000000311,4","0,00604","0000000000001,88","0000000000000,07","0000000000000,00","0000000000001,95",,"0000000000000,02","0000000000000,00","0000000000000,00",000000000000000,144
144,011,202603,202601,AP1TLF_N,00,NENL,R,000000000040,"000000000113,6","0,00422","0000000000000,48","0000000000000,02","0000000000000,00","0000000000000,50",,"0000000000000,00","0000000000000,00","0000000000000,00",000000000000000,144
144,011,202603,202601,AP2TLF_N,00,NENL,N,000000000085,"000000000311,9","0,00604","0000000000001,88","0000000000000,07","0000000000000,00","0000000000001,95",,"0000000000000,02","0000000000000,00","0000000000000,00",000000000000000,144
144,011,202603,202601,AP2TLF_N,00,NENL,R,000000000024,"000000000047,2","0,00422","0000000000000,20","0000000000000,01","0000000000000,00","0000000000000,21",,"0000000000000,00","0000000000000,00","0000000000000,00",000000000000000,144
144,011,202603,202601,CO100812,00,NENL,N,000000000017,"000000000100,3","0,00604","0000000000000,61","0000000000000,02","0000000000000,00","0000000000000,63",,"0000000000000,01","0000000000000,00","0000000000000,00",000000000000000,144
144,011,202603,202601,CO100814,00,NENL,N,000000000014,"000000000033,5","0,00604","0000000000000,20","0000000000000,01","0000000000000,00","0000000000000,21",,"0000000000000,00","0000000000000,00","0000000000000,00",000000000000000,144
144,011,202603,202601,D017CTBC,00,NENL,N,000000000049,"000000000083,4","0,00604","0000000000000,50","0000000000000,02","0000000000000,00","0000000000000,52",,"0000000000000,00","0000000000000,00","0000000000000,00",000000000000000,144
144,011,202603,202601,E0403386,00,NENL,N,000000000017,"000000000039,1","0,00604","0000000000000,24","0000000000000,01","0000000000000,00","0000000000000,25",,"0000000000000,00","0000000000000,00","0000000000000,00",000000000000000,144
144,011,202603,202601,E0404084,00,NENL,N,000000000021,"000000000079,6","0,00604","0000000000000,48","0000000000000,02","0000000000000,00","0000000000000,50",,"0000000000000,00","0000000000000,00","0000000000000,00",000000000000000,144
144,011,202603,202601,IB100812,00,NENL,N,000000000020,"000000000059,6","0,00604","0000000000000,36","0000000000000,01","0000000000000,00","0000000000000,37",,"0000000000000,00","0000000000000,00","0000000000000,00",000000000000000,144
144,011,202603,202601,IB100814,00,NENL,N,000000000019,"000000000048,2","0,00604","0000000000000,29","0000000000000,01","0000000000000,00","0000000000000,30",,"0000000000000,00","0000000000000,00","0000000000000,00",000000000000000,144
144,011,202603,202601,JG6TLF_S,00,GE8L,N,000000000006,"000000000132,6","0,00604","0000000000000,80","0000000000000,03","0000000000000,00","0000000000000,83",,"0000000000000,01","0000000000000,00","0000000000000,00",000000000000000,144
144,011,202603,202601,L017105,00,NENL,N,000000000018,"000000000017,9","0,00604","0000000000000,11","0000000000000,00","0000000000000,00","0000000000000,11",,"0000000000000,00","0000000000000,00","0000000000000,00",000000000000000,144
144,011,202603,202601,MB301110,00,NENL,N,000000000214,"000000000805,6","0,00604","0000000000004,87","0000000000000,18","0000000000000,00","0000000000005,05",,"0000000000000,04","0000000000000,00","0000000000000,00",000000000000000,144
144,011,202603,202601,MB301110,00,NENL,R,000000000001,"000000000000,5","0,00422","0000000000000,00","0000000000000,00","0000000000000,00","0000000000000,00",,"0000000000000,00","0000000000000,00","0000000000000,00",000000000000000,144
144,011,202603,202601,MB301153,00,NENL,N,000000000014,"000000000056,8","0,00604","0000000000000,34","0000000000000,01","0000000000000,00","0000000000000,35",,"0000000000000,00","0000000000000,00","0000000000000,00",000000000000000,144
144,011,202603,202601,O012105,00,NENL,N,000000000018,"000000000063,5","0,00604","0000000000000,38","0000000000000,01","0000000000000,00","0000000000000,39",,"0000000000000,00","0000000000000,00","0000000000000,00",000000000000000,144
144,011,202603,202601,PD6ICTBC,00,NENL,N,000000000008,"000000000012,2","0,00604","0000000000000,07","0000000000000,00","0000000000000,00","0000000000000,07",,"0000000000000,00","0000000000000,00","0000000000000,00",000000000000000,144
144,011,202603,202601,PD6ICTBC,00,NENL,R,000000000001,"000000000009,3","0,00422","0000000000000,04","0000000000000,00","0000000000000,00","0000000000000,04",,"0000000000000,00","0000000000000,00","0000000000000,00",000000000000000,144
144,011,202603,202601,PW019CTB,00,NENL,N,000000000357,"000000001063,1","0,00604","0000000000006,42","0000000000000,24","0000000000000,00","0000000000006,66",,"0000000000000,06","0000000000000,00","0000000000000,00",000000000000001,144
144,011,202603,202601,PW019CTB,00,NENL,R,000000000001,"000000000001,4","0,00422","0000000000000,01","0000000000000,00","0000000000000,00","0000000000000,01",,"0000000000000,00","0000000000000,00","0000000000000,00",000000000000000,144
144,011,202603,202601,PW029CTB,00,NENL,N,000000000253,"000000000697,0","0,00604","0000000000004,21","0000000000000,16","0000000000000,00","0000000000004,37",,"0000000000000,04","0000000000000,00","0000000000000,00",000000000000000,144
144,011,202603,202601,Q020486,00,NENL,N,000000000242,"000000000578,5","0,00604","0000000000003,49","0000000000000,13","0000000000000,00","0000000000003,62",,"0000000000000,03","0000000000000,00","0000000000000,00",000000000000000,144
144,011,202603,202601,Q020486,00,NENL,R,000000000004,"000000000004,2","0,00422","0000000000000,02","0000000000000,00","0000000000000,00","0000000000000,02",,"0000000000000,00","0000000000000,00","0000000000000,00",000000000000000,144
144,011,202603,202601,Q0703212,00,NENL,N,000000000006,"000000000010,6","0,00604","0000000000000,06","0000000000000,00","0000000000000,00","0000000000000,06",,"0000000000000,00","0000000000000,00","0000000000000,00",000000000000000,144
144,011,202603,202601,Q0703338,00,NENL,N,000000000008,"000000000011,4","0,00604","0000000000000,07","0000000000000,00","0000000000000,00","0000000000000,07",,"0000000000000,00","0000000000000,00","0000000000000,00",000000000000000,144
144,011,202603,202601,Q0703412,00,NENL,N,000000000051,"000000000105,5","0,00604","0000000000000,64","0000000000000,02","0000000000000,00","0000000000000,66",,"0000000000000,01","0000000000000,00","0000000000000,00",000000000000000,144
144,011,202603,202601,Q0703558,00,NENL,N,000000000145,"000000000252,3","0,00604","0000000000001,52","0000000000000,06","0000000000000,00","0000000000001,58",,"0000000000000,01","0000000000000,00","0000000000000,00",000000000000000,144
144,011,202603,202601,RQ0112AQ,00,NENL,N,000000000070,"000000000133,1","0,00604","0000000000000,80","0000000000000,03","0000000000000,00","0000000000000,83",,"0000000000000,01","0000000000000,00","0000000000000,00",000000000000000,144
144,011,202603,202601,RQ0412MM,00,NENL,N,000000000008,"000000000006,9","0,00604","0000000000000,04","0000000000000,00","0000000000000,00","0000000000000,04",,"0000000000000,00","0000000000000,00","0000000000000,00",000000000000000,144
144,011,202603,202601,RQ053FAC,00,NENL,N,000000000556,"000000001766,8","0,00604","0000000000010,67","0000000000000,40","0000000000000,00","0000000000011,07",,"0000000000000,10","0000000000000,00","0000000000000,00",000000000000001,144
144,011,202603,202601,RQ053FAC,00,NENL,R,000000000067,"000000000187,7","0,00422","0000000000000,79","0000000000000,03","0000000000000,00","0000000000000,82",,"0000000000000,01","0000000000000,00","0000000000000,00",000000000000000,144
144,011,202603,202601,RR0112SR,00,NENL,N,000000000045,"000000000097,1","0,00604","0000000000000,59","0000000000000,02","0000000000000,00","0000000000000,61",,"0000000000000,01","0000000000000,00","0000000000000,00",000000000000000,144
144,011,202603,202601,RR0312SR,00,NENL,N,000000000045,"000000000124,8","0,00604","0000000000000,75","0000000000000,03","0000000000000,00","0000000000000,78",,"0000000000000,01","0000000000000,00","0000000000000,00",000000000000000,144
144,011,202603,202601,RU01BR12,00,NENL,N,000000000030,"000000000045,3","0,00604","0000000000000,27","0000000000000,01","0000000000000,00","0000000000000,28",,"0000000000000,00","0000000000000,00","0000000000000,00",000000000000000,144
144,011,202603,202601,S017105,00,NENL,N,000000000015,"000000000047,0","0,00604","0000000000000,28","0000000000000,01","0000000000000,00","0000000000000,29",,"0000000000000,00","0000000000000,00","0000000000000,00",000000000000000,144
144,011,202603,202601,S017105,00,NENL,R,000000000017,"000000000008,8","0,00422","0000000000000,04","0000000000000,00","0000000000000,00","0000000000000,04",,"0000000000000,00","0000000000000,00","0000000000000,00",000000000000000,144
144,011,202603,202601,S0703008,00,NENL,N,000000000076,"000000000183,8","0,00604","0000000000001,11","0000000000000,04","0000000000000,00","0000000000001,15",,"0000000000000,01","0000000000000,00","0000000000000,00",000000000000000,144
144,011,202603,202601,S0703008,00,NENL,R,000000000012,"000000000026,8","0,00422","0000000000000,11","0000000000000,00","0000000000000,00","0000000000000,11",,"0000000000000,00","0000000000000,00","0000000000000,00",000000000000000,144
144,011,202603,202601,S1001572,00,NENL,N,000000000200,"000000000528,6","0,00604","0000000000003,19","0000000000000,12","0000000000000,00","0000000000003,31",,"0000000000000,03","0000000000000,00","0000000000000,00",000000000000000,144
144,011,202603,202601,S1001572,00,NENL,R,000000000003,"000000000003,0","0,00422","0000000000000,01","0000000000000,00","0000000000000,00","0000000000000,01",,"0000000000000,00","0000000000000,00","0000000000000,00",000000000000000,144
144,011,202603,202601,S1001581,00,NENL,N,000000000027,"000000000042,6","0,00604","0000000000000,26","0000000000000,01","0000000000000,00","0000000000000,27",,"0000000000000,00","0000000000000,00","0000000000000,00",000000000000000,144
144,011,202603,202601,S1603366,00,NENL,N,000000000154,"000000000450,6","0,00604","0000000000002,72","0000000000000,10","0000000000000,00","0000000000002,82",,"0000000000000,02","0000000000000,00","0000000000000,00",000000000000000,144
144,011,202603,202601,S1603366,00,NENL,R,000000000040,"000000000138,4","0,00422","0000000000000,58","0000000000000,02","0000000000000,00","0000000000000,60",,"0000000000000,01","0000000000000,00","0000000000000,00",000000000000000,144
144,011,202603,202601,S1603369,00,NENL,N,000000000176,"000000000595,3","0,00604","0000000000003,60","0000000000000,14","0000000000000,00","0000000000003,74",,"0000000000000,03","0000000000000,00","0000000000000,00",000000000000000,144
144,011,202603,202601,S1603369,00,NENL,R,000000000034,"000000000098,4","0,00422","0000000000000,42","0000000000000,02","0000000000000,00","0000000000000,44",,"0000000000000,00","0000000000000,00","0000000000000,00",000000000000000,144
144,011,202603,202601,S1604102,00,NENL,N,000000000040,"000000000230,1","0,00604","0000000000001,39","0000000000000,05","0000000000000,00","0000000000001,44",,"0000000000000,01","0000000000000,00","0000000000000,00",000000000000000,144
144,011,202603,202601,TZ01CTIP,00,NENL,N,000000000004,"000000000004,0","0,00604","0000000000000,02","0000000000000,00","0000000000000,00","0000000000000,02",,"0000000000000,00","0000000000000,00","0000000000000,00",000000000000000,144
144,011,202603,202601,VM300572,00,NENL,N,000000000194,"000000000682,0","0,00604","0000000000004,12","0000000000000,16","0000000000000,00","0000000000004,28",,"0000000000000,04","0000000000000,00","0000000000000,00",000000000000000,144
144,011,202603,202601,VM300572,00,NENL,R,000000000003,"000000000004,2","0,00422","0000000000000,02","0000000000000,00","0000000000000,00","0000000000000,02",,"0000000000000,00","0000000000000,00","0000000000000,00",000000000000000,144
144,011,202603,202601,VM300581,00,NENL,N,000000000029,"000000000077,1","0,00604","0000000000000,47","0000000000000,02","0000000000000,00","0000000000000,49",,"0000000000000,00","0000000000000,00","0000000000000,00",000000000000000,144
145,011,202603,202601,1ALG015I,00,NENL,N,000000000002,"000000000004,6","0,00604","0000000000000,03","0000000000000,00","0000000000000,00","0000000000000,03",,"0000000000000,00","0000000000000,00","0000000000000,00",000000000000000,145
145,011,202603,202601,1OIF006I,00,NENL,N,000000000001,"000000000002,7","0,00604","0000000000000,02","0000000000000,00","0000000000000,00","0000000000000,02",,"0000000000000,00","0000000000000,00","0000000000000,00",000000000000000,145
145,011,202603,202601,3ALG001I,00,NENL,N,000000000002,"000000000008,1","0,00604","0000000000000,05","0000000000000,00","0000000000000,00","0000000000000,05",,"0000000000000,00","0000000000000,00","0000000000000,00",000000000000000,145
145,011,202603,202601,3CTB0021,00,NENL,N,000000000005,"000000000005,6","0,00604","0000000000000,03","0000000000000,00","0000000000000,00","0000000000000,03",,"0000000000000,00","0000000000000,00","0000000000000,00",000000000000000,145
145,011,202603,202601,3CTB003I,00,NENL,N,000000000007,"000000000009,4","0,00604","0000000000000,06","0000000000000,00","0000000000000,00","0000000000000,06",,"0000000000000,00","0000000000000,00","0000000000000,00",000000000000000,145
145,011,202603,202601,3CTB009I,00,NENL,N,000000000001,"000000000000,5","0,00604","0000000000000,00","0000000000000,00","0000000000000,00","0000000000000,00",,"0000000000000,00","0000000000000,00","0000000000000,00",000000000000000,145
145,011,202603,202601,3CTB012I,00,NENL,N,000000000003,"000000000013,1","0,00604","0000000000000,08","0000000000000,00","0000000000000,00","0000000000000,08",,"0000000000000,00","0000000000000,00","0000000000000,00",000000000000000,145
145,011,202603,202601,3CTB018I,00,NENL,N,000000000004,"000000000009,3","0,00604","0000000000000,06","0000000000000,00","0000000000000,00","0000000000000,06",,"0000000000000,00","0000000000000,00","0000000000000,00",000000000000000,145
145,011,202603,202601,3CTB021I,00,NENL,N,000000000002,"000000000007,5","0,00604","0000000000000,05","0000000000000,00","0000000000000,00","0000000000000,05",,"0000000000000,00","0000000000000,00","0000000000000,00",000000000000000,145
145,011,202603,202601,3CTB024I,00,NENL,N,000000000001,"000000000000,9","0,00604","0000000000000,01","0000000000000,00","0000000000000,00","0000000000000,01",,"0000000000000,00","0000000000000,00","0000000000000,00",000000000000000,145
145,011,202603,202601,3CTB027I,00,NENL,N,000000000005,"000000000005,8","0,00604","0000000000000,04","0000000000000,00","0000000000000,00","0000000000000,04",,"0000000000000,00","0000000000000,00","0000000000000,00",000000000000000,145
145,011,202603,202601,6ALG015I,00,NENL,N,000000000001,"000000000002,4","0,00604","0000000000000,01","0000000000000,00","0000000000000,00","0000000000000,01",,"0000000000000,00","0000000000000,00","0000000000000,00",000000000000000,145
145,011,202603,202601,6CTB003I,00,NENL,N,000000000005,"000000000008,3","0,00604","0000000000000,05","0000000000000,00","0000000000000,00","0000000000000,05",,"0000000000000,00","0000000000000,00","0000000000000,00",000000000000000,145
145,011,202603,202601,6CTB006I,00,NENL,N,000000000001,"000000000000,5","0,00604","0000000000000,00","0000000000000,00","0000000000000,00","0000000000000,00",,"0000000000000,00","0000000000000,00","0000000000000,00",000000000000000,145
145,011,202603,202601,6CTB012I,00,NENL,N,000000000001,"000000000001,4","0,00604","0000000000000,01","0000000000000,00","0000000000000,00","0000000000000,01",,"0000000000000,00","0000000000000,00","0000000000000,00",000000000000000,145
145,011,202603,202601,6CTB016I,00,NENL,N,000000000020,"000000000030,0","0,00604","0000000000000,18","0000000000000,01","0000000000000,00","0000000000000,19",,"0000000000000,00","0000000000000,00","0000000000000,00",000000000000000,145
145,011,202603,202601,6CTB025I,00,NENL,N,000000000001,"000000000002,6","0,00604","0000000000000,02","0000000000000,00","0000000000000,00","0000000000000,02",,"0000000000000,00","0000000000000,00","0000000000000,00",000000000000000,145
145,011,202603,202601,6CTB027I,00,NENL,N,000000000001,"000000000002,2","0,00604","0000000000000,01","0000000000000,00","0000000000000,00","0000000000000,01",,"0000000000000,00","0000000000000,00","0000000000000,00",000000000000000,145
145,011,202603,202601,6CTB028I,00,NENL,N,000000000003,"000000000004,7","0,00604","0000000000000,03","0000000000000,00","0000000000000,00","0000000000000,03",,"0000000000000,00","0000000000000,00","0000000000000,00",000000000000000,145
145,011,202603,202601,6CTB031I,00,NENL,N,000000000003,"000000000005,4","0,00604","0000000000000,03","0000000000000,00","0000000000000,00","0000000000000,03",,"0000000000000,00","0000000000000,00","0000000000000,00",000000000000000,145
145,011,202603,202601,6CTB033I,00,NENL,N,000000000001,"000000000003,2","0,00604","0000000000000,02","0000000000000,00","0000000000000,00","0000000000000,02",,"0000000000000,00","0000000000000,00","0000000000000,00",000000000000000,145
145,011,202603,202601,6OIF009I,00,NENL,N,000000000001,"000000000000,6","0,00604","0000000000000,00","0000000000000,00","0000000000000,00","0000000000000,00",,"0000000000000,00","0000000000000,00","0000000000000,00",000000000000000,145
145,011,202603,202601,7CTB003I,00,NENL,N,000000000004,"000000000007,8","0,00604","0000000000000,05","0000000000000,00","0000000000000,00","0000000000000,05",,"0000000000000,00","0000000000000,00","0000000000000,00",000000000000000,145
145,011,202603,202601,7CTB016I,00,NENL,N,000000000013,"000000000021,1","0,00604","0000000000000,13","0000000000000,00","0000000000000,00","0000000000000,13",,"0000000000000,00","0000000000000,00","0000000000000,00",000000000000000,145
145,011,202603,202601,7CTB025I,00,NENL,N,000000000001,"000000000001,9","0,00604","0000000000000,01","0000000000000,00","0000000000000,00","0000000000000,01",,"0000000000000,00","0000000000000,00","0000000000000,00",000000000000000,145
145,011,202603,202601,7CTB028I,00,NENL,N,000000000007,"000000000015,7","0,00604","0000000000000,09","0000000000000,00","0000000000000,00","0000000000000,09",,"0000000000000,00","0000000000000,00","0000000000000,00",000000000000000,145
145,011,202603,202601,7CTB031I,00,NENL,N,000000000001,"000000000000,5","0,00604","0000000000000,00","0000000000000,00","0000000000000,00","0000000000000,00",,"0000000000000,00","0000000000000,00","0000000000000,00",000000000000000,145
145,011,202603,202601,8CTB0021,00,NENL,N,000000000002,"000000000002,9","0,00604","0000000000000,02","0000000000000,00","0000000000000,00","0000000000000,02",,"0000000000000,00","0000000000000,00","0000000000000,00",000000000000000,145
145,011,202603,202601,8CTB003I,00,NENL,N,000000000002,"000000000005,2","0,00604","0000000000000,03","0000000000000,00","0000000000000,00","0000000000000,03",,"0000000000000,00","0000000000000,00","0000000000000,00",000000000000000,145
145,011,202603,202601,8CTB006I,00,NENL,N,000000000001,"000000000001,7","0,00604","0000000000000,01","0000000000000,00","0000000000000,00","0000000000000,01",,"0000000000000,00","0000000000000,00","0000000000000,00",000000000000000,145
145,011,202603,202601,8CTB024I,00,NENL,N,000000000004,"000000000008,6","0,00604","0000000000000,05","0000000000000,00","0000000000000,00","0000000000000,05",,"0000000000000,00","0000000000000,00","0000000000000,00",000000000000000,145
145,011,202603,202601,8CTB027I,00,NENL,N,000000000001,"000000000001,0","0,00604","0000000000000,01","0000000000000,00","0000000000000,00","0000000000000,01",,"0000000000000,00","0000000000000,00","0000000000000,00",000000000000000,145
145,011,202603,202601,A021239,00,NENL,N,000000000005,"000000000010,2","0,00604","0000000000000,06","0000000000000,00","0000000000000,00","0000000000000,06",,"0000000000000,00","0000000000000,00","0000000000000,00",000000000000000,145
145,011,202603,202601,A030901,00,NENL,N,000000000008,"000000000007,2","0,00604","0000000000000,04","0000000000000,00","0000000000000,00","0000000000000,04",,"0000000000000,00","0000000000000,00","0000000000000,00",000000000000000,145
145,011,202603,202601,AP1TLF_N,00,NENL,N,000000000003,"000000000005,7","0,00604","0000000000000,03","0000000000000,00","0000000000000,00","0000000000000,03",,"0000000000000,00","0000000000000,00","0000000000000,00",000000000000000,145
145,011,202603,202601,CO100812,00,NENL,N,000000000004,"000000000015,0","0,00604","0000000000000,09","0000000000000,00","0000000000000,00","0000000000000,09",,"0000000000000,00","0000000000000,00","0000000000000,00",000000000000000,145
145,011,202603,202601,CO100814,00,NENL,N,000000000001,"000000000002,5","0,00604","0000000000000,02","0000000000000,00","0000000000000,00","0000000000000,02",,"0000000000000,00","0000000000000,00","0000000000000,00",000000000000000,145
145,011,202603,202601,D017CTBC,00,NENL,N,000000000002,"000000000005,7","0,00604","0000000000000,03","0000000000000,00","0000000000000,00","0000000000000,03",,"0000000000000,00","0000000000000,00","0000000000000,00",000000000000000,145
145,011,202603,202601,E0403386,00,NENL,N,000000000005,"000000000006,1","0,00604","0000000000000,04","0000000000000,00","0000000000000,00","0000000000000,04",,"0000000000000,00","0000000000000,00","0000000000000,00",000000000000000,145
145,011,202603,202601,IB100812,00,NENL,N,000000000002,"000000000012,0","0,00604","0000000000000,07","0000000000000,00","0000000000000,00","0000000000000,07",,"0000000000000,00","0000000000000,00","0000000000000,00",000000000000000,145
145,011,202603,202601,IB100814,00,NENL,N,000000000001,"000000000002,2","0,00604","0000000000000,01","0000000000000,00","0000000000000,00","0000000000000,01",,"0000000000000,00","0000000000000,00","0000000000000,00",000000000000000,145
145,011,202603,202601,L017105,00,NENL,N,000000000001,"000000000002,9","0,00604","0000000000000,02","0000000000000,00","0000000000000,00","0000000000000,02",,"0000000000000,00","0000000000000,00","0000000000000,00",000000000000000,145
145,011,202603,202601,MB301110,00,NENL,N,000000000007,"000000000018,7","0,00604","0000000000000,11","0000000000000,00","0000000000000,00","0000000000000,11",,"0000000000000,00","0000000000000,00","0000000000000,00",000000000000000,145
145,011,202603,202601,MB301153,00,NENL,N,000000000001,"000000000004,5","0,00604","0000000000000,03","0000000000000,00","0000000000000,00","0000000000000,03",,"0000000000000,00","0000000000000,00","0000000000000,00",000000000000000,145
145,011,202603,202601,O012105,00,NENL,N,000000000008,"000000000011,5","0,00604","0000000000000,07","0000000000000,00","0000000000000,00","0000000000000,07",,"0000000000000,00","0000000000000,00","0000000000000,00",000000000000000,145
145,011,202603,202601,PW029CTB,00,NENL,N,000000000001,"000000000002,8","0,00604","0000000000000,02","0000000000000,00","0000000000000,00","0000000000000,02",,"0000000000000,00","0000000000000,00","0000000000000,00",000000000000000,145
145,011,202603,202601,Q020486,00,NENL,N,000000000003,"000000000006,1","0,00604","0000000000000,04","0000000000000,00","0000000000000,00","0000000000000,04",,"0000000000000,00","0000000000000,00","0000000000000,00",000000000000000,145
145,011,202603,202601,Q0703212,00,NENL,N,000000000002,"000000000001,9","0,00604","0000000000000,01","0000000000000,00","0000000000000,00","0000000000000,01",,"0000000000000,00","0000000000000,00","0000000000000,00",000000000000000,145
145,011,202603,202601,Q0703365,00,NENL,N,000000000001,"000000000008,7","0,00604","0000000000000,05","0000000000000,00","0000000000000,00","0000000000000,05",,"0000000000000,00","0000000000000,00","0000000000000,00",000000000000000,145
145,011,202603,202601,Q0703412,00,NENL,N,000000000002,"000000000001,2","0,00604","0000000000000,01","0000000000000,00","0000000000000,00","0000000000000,01",,"0000000000000,00","0000000000000,00","0000000000000,00",000000000000000,145
145,011,202603,202601,Q0703558,00,NENL,N,000000000002,"000000000003,0","0,00604","0000000000000,02","0000000000000,00","0000000000000,00","0000000000000,02",,"0000000000000,00","0000000000000,00","0000000000000,00",000000000000000,145
145,011,202603,202601,RQ053FAC,00,NENL,N,000000000053,"000000000106,1","0,00604","0000000000000,64","0000000000000,02","0000000000000,00","0000000000000,66",,"0000000000000,01","0000000000000,00","0000000000000,00",000000000000000,145
145,011,202603,202601,RR0112SR,00,NENL,N,000000000004,"000000000011,1","0,00604","0000000000000,07","0000000000000,00","0000000000000,00","0000000000000,07",,"0000000000000,00","0000000000000,00","0000000000000,00",000000000000000,145
145,011,202603,202601,RR0312SR,00,NENL,N,000000000007,"000000000016,4","0,00604","0000000000000,10","0000000000000,00","0000000000000,00","0000000000000,10",,"0000000000000,00","0000000000000,00","0000000000000,00",000000000000000,145
145,011,202603,202601,S0703008,00,NENL,N,000000000015,"000000000024,1","0,00604","0000000000000,15","0000000000000,01","0000000000000,00","0000000000000,16",,"0000000000000,00","0000000000000,00","0000000000000,00",000000000000000,145
145,011,202603,202601,S1001572,00,NENL,N,000000000006,"000000000010,7","0,00604","0000000000000,06","0000000000000,00","0000000000000,00","0000000000000,06",,"0000000000000,00","0000000000000,00","0000000000000,00",000000000000000,145
145,011,202603,202601,S1001581,00,NENL,N,000000000002,"000000000001,0","0,00604","0000000000000,01","0000000000000,00","0000000000000,00","0000000000000,01",,"0000000000000,00","0000000000000,00","0000000000000,00",000000000000000,145
145,011,202603,202601,S1603366,00,NENL,N,000000000007,"000000000017,3","0,00604","0000000000000,10","0000000000000,00","0000000000000,00","0000000000000,10",,"0000000000000,00","0000000000000,00","0000000000000,00",000000000000000,145
145,011,202603,202601,S1603369,00,NENL,N,000000000009,"000000000019,6","0,00604","0000000000000,12","0000000000000,00","0000000000000,00","0000000000000,12",,"0000000000000,00","0000000000000,00","0000000000000,00",000000000000000,145
145,011,202603,202601,S1604102,00,NENL,N,000000000004,"000000000018,0","0,00604","0000000000000,11","0000000000000,00","0000000000000,00","0000000000000,11",,"0000000000000,00","0000000000000,00","0000000000000,00",000000000000000,145
145,011,202603,202601,VM300572,00,NENL,N,000000000005,"000000000010,2","0,00604","0000000000000,06","0000000000000,00","0000000000000,00","0000000000000,06",,"0000000000000,00","0000000000000,00","0000000000000,00",000000000000000,145
145,011,202603,202601,VM300581,00,NENL,N,000000000005,"000000000009,0","0,00604","0000000000000,05","0000000000000,00","0000000000000,00","0000000000000,05",,"0000000000000,00","0000000000000,00","0000000000000,00",000000000000000,145
025,011,202603,202602,00002IP2,00,NENL,N,000000000002,"000000000001,0","0,00631","0000000000000,01","0000000000000,00","0000000000000,00","0000000000000,01",,"0000000000000,00","0000000000000,00","0000000000000,00",000000000000000,025
025,011,202603,202602,1ALG006I,00,NENL,N,000000000017,"000000000042,5","0,00631","0000000000000,27","0000000000000,01","0000000000000,00","0000000000000,28",,"0000000000000,00","0000000000000,00","0000000000000,00",000000000000000,025
025,011,202603,202602,1CTB009I,00,NENL,N,000000000004,"000000000005,7","0,00631","0000000000000,04","0000000000000,00","0000000000000,00","0000000000000,04",,"0000000000000,00","0000000000000,00","0000000000000,00",000000000000000,025
025,011,202603,202602,1CTB021I,00,NENL,N,000000000004,"000000000002,0","0,00631","0000000000000,01","0000000000000,00","0000000000000,00","0000000000000,01",,"0000000000000,00","0000000000000,00","0000000000000,00",000000000000000,025
025,011,202603,202602,1CTB033I,00,NENL,N,000000000003,"000000000001,5","0,00631","0000000000000,01","0000000000000,00","0000000000000,00","0000000000000,01",,"0000000000000,00","0000000000000,00","0000000000000,00",000000000000000,025
025,011,202603,202602,3ALG003I,00,NENL,N,000000000004,"000000000009,5","0,00631","0000000000000,06","0000000000000,00","0000000000000,00","0000000000000,06",,"0000000000000,00","0000000000000,00","0000000000000,00",000000000000000,025
025,011,202603,202602,3CTB0021,00,NENL,N,000000000004,"000000000019,7","0,00631","0000000000000,12","0000000000000,00","0000000000000,00","0000000000000,12",,"0000000000000,00","0000000000000,00","0000000000000,00",000000000000000,025
025,011,202603,202602,3CTB003I,00,NENL,N,000000000001,"000000000001,9","0,00631","0000000000000,01","0000000000000,00","0000000000000,00","0000000000000,01",,"0000000000000,00","0000000000000,00","0000000000000,00",000000000000000,025
025,011,202603,202602,3CTB018I,00,NENL,N,000000000003,"000000000008,1","0,00631","0000000000000,05","0000000000000,00","0000000000000,00","0000000000000,05",,"0000000000000,00","0000000000000,00","0000000000000,00",000000000000000,025
025,011,202603,202602,3CTB024I,00,NENL,N,000000000002,"000000000001,4","0,00631","0000000000000,01","0000000000000,00","0000000000000,00","0000000000000,01",,"0000000000000,00","0000000000000,00","0000000000000,00",000000000000000,025
025,011,202603,202602,3CTB033I,00,NENL,N,000000000001,"000000000000,5","0,00631","0000000000000,00","0000000000000,00","0000000000000,00","0000000000000,00",,"0000000000000,00","0000000000000,00","0000000000000,00",000000000000000,025
025,011,202603,202602,3OIF063I,00,NENL,N,000000000001,"000000000000,5","0,00631","0000000000000,00","0000000000000,00","0000000000000,00","0000000000000,00",,"0000000000000,00","0000000000000,00","0000000000000,00",000000000000000,025
025,011,202603,202602,4FACTR4I,00,NENL,N,000000000001,"000000000012,0","0,00631","0000000000000,08","0000000000000,00","0000000000000,00","0000000000000,08",,"0000000000000,00","0000000000000,00","0000000000000,00",000000000000000,025
025,011,202603,202602,6ALG006I,00,NENL,N,000000000010,"000000000018,2","0,00631","0000000000000,11","0000000000000,00","0000000000000,00","0000000000000,11",,"0000000000000,00","0000000000000,00","0000000000000,00",000000000000000,025
025,011,202603,202602,6CTB003I,00,NENL,N,000000000001,"000000000000,5","0,00631","0000000000000,00","0000000000000,00","0000000000000,00","0000000000000,00",,"0000000000000,00","0000000000000,00","0000000000000,00",000000000000000,025
025,011,202603,202602,6CTB016I,00,NENL,N,000000000003,"000000000005,9","0,00631","0000000000000,04","0000000000000,00","0000000000000,00","0000000000000,04",,"0000000000000,00","0000000000000,00","0000000000000,00",000000000000000,025
025,011,202603,202602,6CTB018I,00,NENL,N,000000000001,"000000000003,1","0,00631","0000000000000,02","0000000000000,00","0000000000000,00","0000000000000,02",,"0000000000000,00","0000000000000,00","0000000000000,00",000000000000000,025
025,011,202603,202602,6CTB021I,00,NENL,N,000000000001,"000000000004,1","0,00631","0000000000000,03","0000000000000,00","0000000000000,00","0000000000000,03",,"0000000000000,00","0000000000000,00","0000000000000,00",000000000000000,025
025,011,202603,202602,6CTB025I,00,NENL,N,000000000002,"000000000001,8","0,00631","0000000000000,01","0000000000000,00","0000000000000,00","0000000000000,01",,"0000000000000,00","0000000000000,00","0000000000000,00",000000000000000,025
025,011,202603,202602,6CTB026I,00,NENL,N,000000000001,"000000000002,8","0,00631","0000000000000,02","0000000000000,00","0000000000000,00","0000000000000,02",,"0000000000000,00","0000000000000,00","0000000000000,00",000000000000000,025
025,011,202603,202602,6CTB028I,00,NENL,N,000000000018,"000000000059,8","0,00631","0000000000000,38","0000000000000,01","0000000000000,00","0000000000000,39",,"0000000000000,00","0000000000000,00","0000000000000,00",000000000000000,025
025,011,202603,202602,6CTB028I,00,NENL,R,000000000001,"000000000002,5","0,00441","0000000000000,01","0000000000000,00","0000000000000,00","0000000000000,01",,"0000000000000,00","0000000000000,00","0000000000000,00",000000000000000,025
025,011,202603,202602,6CTB031I,00,NENL,N,000000000003,"000000000059,6","0,00631","0000000000000,38","0000000000000,01","0000000000000,00","0000000000000,39",,"0000000000000,00","0000000000000,00","0000000000000,00",000000000000000,025
025,011,202603,202602,6CTB033I,00,NENL,N,000000000004,"000000000005,4","0,00631","0000000000000,03","0000000000000,00","0000000000000,00","0000000000000,03",,"0000000000000,00","0000000000000,00","0000000000000,00",000000000000000,025
025,011,202603,202602,6OIF062I,00,NENL,N,000000000001,"000000000000,5","0,00631","0000000000000,00","0000000000000,00","0000000000000,00","0000000000000,00",,"0000000000000,00","0000000000000,00","0000000000000,00",000000000000000,025
025,011,202603,202602,6OIF069I,00,GE8L,N,000000000018,"000000000229,4","0,00631","0000000000001,45","0000000000000,05","0000000000000,00","0000000000001,50",,"0000000000000,01","0000000000000,00","0000000000000,00",000000000000000,025
025,011,202603,202602,6OIF086I,00,NENL,N,000000000005,"000000000050,1","0,00631","0000000000000,32","0000000000000,01","0000000000000,00","0000000000000,33",,"0000000000000,00","0000000000000,00","0000000000000,00",000000000000000,025
025,011,202603,202602,7CTB016I,00,NENL,N,000000000003,"000000000003,7","0,00631","0000000000000,02","0000000000000,00","0000000000000,00","0000000000000,02",,"0000000000000,00","0000000000000,00","0000000000000,00",000000000000000,025
025,011,202603,202602,7CTB025I,00,NENL,N,000000000004,"000000000013,7","0,00631","0000000000000,09","0000000000000,00","0000000000000,00","0000000000000,09",,"0000000000000,00","0000000000000,00","0000000000000,00",000000000000000,025
025,011,202603,202602,7CTB028I,00,NENL,N,000000000025,"000000000105,8","0,00631","0000000000000,67","0000000000000,03","0000000000000,00","0000000000000,70",,"0000000000000,01","0000000000000,00","0000000000000,00",000000000000000,025
025,011,202603,202602,7CTB028I,00,NENL,R,000000000001,"000000000004,9","0,00441","0000000000000,02","0000000000000,00","0000000000000,00","0000000000000,02",,"0000000000000,00","0000000000000,00","0000000000000,00",000000000000000,025
025,011,202603,202602,7CTB031I,00,NENL,N,000000000004,"000000000028,1","0,00631","0000000000000,18","0000000000000,01","0000000000000,00","0000000000000,19",,"0000000000000,00","0000000000000,00","0000000000000,00",000000000000000,025
025,011,202603,202602,7CTB034I,00,NENL,N,000000000001,"000000000000,5","0,00631","0000000000000,00","0000000000000,00","0000000000000,00","0000000000000,00",,"0000000000000,00","0000000000000,00","0000000000000,00",000000000000000,025
025,011,202603,202602,7OIF069I,00,GE8L,N,000000000014,"000000000165,4","0,00631","0000000000001,04","0000000000000,04","0000000000000,00","0000000000001,08",,"0000000000000,01","0000000000000,00","0000000000000,00",000000000000000,025
025,011,202603,202602,7OIF086I,00,NENL,N,000000000009,"000000000068,6","0,00631","0000000000000,43","0000000000000,02","0000000000000,00","0000000000000,45",,"0000000000000,00","0000000000000,00","0000000000000,00",000000000000000,025
025,011,202603,202602,8ALG003I,00,NENL,N,000000000003,"000000000005,1","0,00631","0000000000000,03","0000000000000,00","0000000000000,00","0000000000000,03",,"0000000000000,00","0000000000000,00","0000000000000,00",000000000000000,025
025,011,202603,202602,8CTB0021,00,NENL,N,000000000004,"000000000036,1","0,00631","0000000000000,23","0000000000000,01","0000000000000,00","0000000000000,24",,"0000000000000,00","0000000000000,00","0000000000000,00",000000000000000,025
025,011,202603,202602,8CTB018I,00,NENL,N,000000000003,"000000000009,4","0,00631","0000000000000,06","0000000000000,00","0000000000000,00","0000000000000,06",,"0000000000000,00","0000000000000,00","0000000000000,00",000000000000000,025
025,011,202603,202602,8CTB024I,00,NENL,N,000000000001,"000000000000,9","0,00631","0000000000000,01","0000000000000,00","0000000000000,00","0000000000000,01",,"0000000000000,00","0000000000000,00","0000000000000,00",000000000000000,025
025,011,202603,202602,8CTB030I,00,NENL,N,000000000001,"000000000000,8","0,00631","0000000000000,01","0000000000000,00","0000000000000,00","0000000000000,01",,"0000000000000,00","0000000000000,00","0000000000000,00",000000000000000,025
025,011,202603,202602,8OIF127I,00,NENL,N,000000000002,"000000000004,2","0,00631","0000000000000,03","0000000000000,00","0000000000000,00","0000000000000,03",,"0000000000000,00","0000000000000,00","0000000000000,00",000000000000000,025
025,011,202603,202602,A021239,00,NENL,N,000000000005,"000000000011,6","0,00631","0000000000000,07","0000000000000,00","0000000000000,00","0000000000000,07",,"0000000000000,00","0000000000000,00","0000000000000,00",000000000000000,025
025,011,202603,202602,A030901,00,NENL,N,000000000006,"000000000017,5","0,00631","0000000000000,11","0000000000000,00","0000000000000,00","0000000000000,11",,"0000000000000,00","0000000000000,00","0000000000000,00",000000000000000,025
025,011,202603,202602,AM10002,00,NENL,N,000000000001,"000000000000,5","0,00631","0000000000000,00","0000000000000,00","0000000000000,00","0000000000000,00",,"0000000000000,00","0000000000000,00","0000000000000,00",000000000000000,025
025,011,202603,202602,AP1TLF_N,00,NENL,N,000000000013,"000000000041,9","0,00631","0000000000000,26","0000000000000,01","0000000000000,00","0000000000000,27",,"0000000000000,00","0000000000000,00","0000000000000,00",000000000000000,025
025,011,202603,202602,AP2TLF_N,00,NENL,N,000000000018,"000000000053,1","0,00631","0000000000000,34","0000000000000,01","0000000000000,00","0000000000000,35",,"0000000000000,00","0000000000000,00","0000000000000,00",000000000000000,025
025,011,202603,202602,AP2TLF_N,00,NENL,R,000000000001,"000000000004,7","0,00441","0000000000000,02","0000000000000,00","0000000000000,00","0000000000000,02",,"0000000000000,00","0000000000000,00","0000000000000,00",000000000000000,025
025,011,202603,202602,CO100812,00,NENL,N,000000005960,"000000003148,9","0,00631","0000000000019,87","0000000000000,75","0000000000000,00","0000000000020,62",,"0000000000000,18","0000000000000,00","0000000000000,00",000000000000002,025
025,011,202603,202602,CO100812,00,NENL,R,000000000005,"000000000002,5","0,00441","0000000000000,01","0000000000000,00","0000000000000,00","0000000000000,01",,"0000000000000,00","0000000000000,00","0000000000000,00",000000000000000,025
025,011,202603,202602,CO100814,00,NENL,N,000000008350,"000000004392,0","0,00631","0000000000027,71","0000000000001,05","0000000000000,00","0000000000028,76",,"0000000000000,25","0000000000000,00","0000000000000,00",000000000000003,025
025,011,202603,202602,CO100814,00,NENL,R,000000000004,"000000000002,1","0,00441","0000000000000,01","0000000000000,00","0000000000000,00","0000000000000,01",,"0000000000000,00","0000000000000,00","0000000000000,00",000000000000000,025
025,011,202603,202602,D017CTBC,00,NENL,N,000000000002,"000000000003,1","0,00631","0000000000000,02","0000000000000,00","0000000000000,00","0000000000000,02",,"0000000000000,00","0000000000000,00","0000000000000,00",000000000000000,025
025,011,202603,202602,E0403385,00,GE8L,N,000000000001,"000000000003,2","0,00631","0000000000000,02","0000000000000,00","0000000000000,00","0000000000000,02",,"0000000000000,00","0000000000000,00","0000000000000,00",000000000000000,025
025,011,202603,202602,E0404084,00,NENL,N,000000000003,"000000000015,7","0,00631","0000000000000,10","0000000000000,00","0000000000000,00","0000000000000,10",,"0000000000000,00","0000000000000,00","0000000000000,00",000000000000000,025
025,011,202603,202602,IB100812,00,NENL,N,000000006036,"000000003174,2","0,00631","0000000000020,03","0000000000000,76","0000000000000,00","0000000000020,79",,"0000000000000,18","0000000000000,00","0000000000000,00",000000000000002,025
025,011,202603,202602,IB100812,00,NENL,R,000000000009,"000000000004,5","0,00441","0000000000000,02","0000000000000,00","0000000000000,00","0000000000000,02",,"0000000000000,00","0000000000000,00","0000000000000,00",000000000000000,025
025,011,202603,202602,IB100814,00,NENL,N,000000007941,"000000004179,8","0,00631","0000000000026,37","0000000000001,00","0000000000000,00","0000000000027,37",,"0000000000000,24","0000000000000,00","0000000000000,00",000000000000003,025
025,011,202603,202602,IB100814,00,NENL,R,000000000005,"000000000002,6","0,00441","0000000000000,01","0000000000000,00","0000000000000,00","0000000000000,01",,"0000000000000,00","0000000000000,00","0000000000000,00",000000000000000,025
025,011,202603,202602,JG6TLF_S,00,GE8L,N,000000000007,"000000000071,3","0,00631","0000000000000,45","0000000000000,02","0000000000000,00","0000000000000,47",,"0000000000000,00","0000000000000,00","0000000000000,00",000000000000000,025
025,011,202603,202602,MB301110,00,NENL,N,000000000101,"000000000533,7","0,00631","0000000000003,37","0000000000000,13","0000000000000,00","0000000000003,50",,"0000000000000,03","0000000000000,00","0000000000000,00",000000000000000,025
025,011,202603,202602,MB301110,00,NENL,R,000000000002,"000000000001,6","0,00441","0000000000000,01","0000000000000,00","0000000000000,00","0000000000000,01",,"0000000000000,00","0000000000000,00","0000000000000,00",000000000000000,025
025,011,202603,202602,MB301153,00,NENL,N,000000000001,"000000000000,5","0,00631","0000000000000,00","0000000000000,00","0000000000000,00","0000000000000,00",,"0000000000000,00","0000000000000,00","0000000000000,00",000000000000000,025
025,011,202603,202602,O011141,00,NENL,N,000000000003,"000000000015,2","0,00631","0000000000000,10","0000000000000,00","0000000000000,00","0000000000000,10",,"0000000000000,00","0000000000000,00","0000000000000,00",000000000000000,025
025,011,202603,202602,O012105,00,NENL,N,000000000002,"000000000005,0","0,00631","0000000000000,03","0000000000000,00","0000000000000,00","0000000000000,03",,"0000000000000,00","0000000000000,00","0000000000000,00",000000000000000,025
025,011,202603,202602,PD6ICTBC,00,NENL,N,000000000001,"000000000000,7","0,00631","0000000000000,00","0000000000000,00","0000000000000,00","0000000000000,00",,"0000000000000,00","0000000000000,00","0000000000000,00",000000000000000,025
025,011,202603,202602,PW018FKL,00,NENL,N,000000000001,"000000000000,7","0,00631","0000000000000,00","0000000000000,00","0000000000000,00","0000000000000,00",,"0000000000000,00","0000000000000,00","0000000000000,00",000000000000000,025
025,011,202603,202602,PW019CTB,00,NENL,N,000000000105,"000000000508,6","0,00631","0000000000003,21","0000000000000,12","0000000000000,00","0000000000003,33",,"0000000000000,03","0000000000000,00","0000000000000,00",000000000000000,025
025,011,202603,202602,PW019CTB,00,NENL,R,000000000003,"000000000037,2","0,00441","0000000000000,16","0000000000000,01","0000000000000,00","0000000000000,17",,"0000000000000,00","0000000000000,00","0000000000000,00",000000000000000,025
025,011,202603,202602,PW028FKL,00,NENL,N,000000000001,"000000000003,9","0,00631","0000000000000,02","0000000000000,00","0000000000000,00","0000000000000,02",,"0000000000000,00","0000000000000,00","0000000000000,00",000000000000000,025
025,011,202603,202602,PW029CTB,00,NENL,N,000000000081,"000000000222,6","0,00631","0000000000001,40","0000000000000,05","0000000000000,00","0000000000001,45",,"0000000000000,01","0000000000000,00","0000000000000,00",000000000000000,025
025,011,202603,202602,Q020486,00,GE8L,N,000000000004,"000000000029,2","0,00631","0000000000000,18","0000000000000,01","0000000000000,00","0000000000000,19",,"0000000000000,00","0000000000000,00","0000000000000,00",000000000000000,025
025,011,202603,202602,Q020486,00,GE8L,R,000000000002,"000000000044,4","0,00441","0000000000000,20","0000000000000,01","0000000000000,00","0000000000000,21",,"0000000000000,00","0000000000000,00","0000000000000,00",000000000000000,025
025,011,202603,202602,Q020486,00,NENL,N,000000000009,"000000000033,1","0,00631","0000000000000,21","0000000000000,01","0000000000000,00","0000000000000,22",,"0000000000000,00","0000000000000,00","0000000000000,00",000000000000000,025
025,011,202603,202602,Q020487,00,GE8L,N,000000000001,"000000000003,5","0,00631","0000000000000,02","0000000000000,00","0000000000000,00","0000000000000,02",,"0000000000000,00","0000000000000,00","0000000000000,00",000000000000000,025
025,011,202603,202602,Q020488,00,GE8L,N,000000000004,"000000000079,0","0,00631","0000000000000,50","0000000000000,02","0000000000000,00","0000000000000,52",,"0000000000000,00","0000000000000,00","0000000000000,00",000000000000000,025
025,011,202603,202602,Q0703212,00,NENL,N,000000000005,"000000000010,1","0,00631","0000000000000,06","0000000000000,00","0000000000000,00","0000000000000,06",,"0000000000000,00","0000000000000,00","0000000000000,00",000000000000000,025
025,011,202603,202602,Q0703337,00,GE8L,N,000000000005,"000000000019,1","0,00631","0000000000000,12","0000000000000,00","0000000000000,00","0000000000000,12",,"0000000000000,00","0000000000000,00","0000000000000,00",000000000000000,025
025,011,202603,202602,Q0703338,00,NENL,N,000000000011,"000000000044,9","0,00631","0000000000000,28","0000000000000,01","0000000000000,00","0000000000000,29",,"0000000000000,00","0000000000000,00","0000000000000,00",000000000000000,025
025,011,202603,202602,Q0703365,00,NENL,N,000000000001,"000000000002,2","0,00631","0000000000000,01","0000000000000,00","0000000000000,00","0000000000000,01",,"0000000000000,00","0000000000000,00","0000000000000,00",000000000000000,025
025,011,202603,202602,Q0703412,00,NENL,N,000000000013,"000000000024,3","0,00631","0000000000000,15","0000000000000,01","0000000000000,00","0000000000000,16",,"0000000000000,00","0000000000000,00","0000000000000,00",000000000000000,025
025,011,202603,202602,Q0703412,00,NENL,R,000000000002,"000000000036,0","0,00441","0000000000000,16","0000000000000,01","0000000000000,00","0000000000000,17",,"0000000000000,00","0000000000000,00","0000000000000,00",000000000000000,025
025,011,202603,202602,Q0703557,00,GE8L,N,000000000002,"000000000043,7","0,00631","0000000000000,28","0000000000000,01","0000000000000,00","0000000000000,29",,"0000000000000,00","0000000000000,00","0000000000000,00",000000000000000,025
025,011,202603,202602,Q0703558,00,NENL,N,000000000091,"000000000228,8","0,00631","0000000000001,44","0000000000000,05","0000000000000,00","0000000000001,49",,"0000000000000,01","0000000000000,00","0000000000000,00",000000000000000,025
025,011,202603,202602,RQ0112AQ,00,NENL,N,000000000010,"000000000021,4","0,00631","0000000000000,14","0000000000000,01","0000000000000,00","0000000000000,15",,"0000000000000,00","0000000000000,00","0000000000000,00",000000000000000,025
025,011,202603,202602,RQ0412JL,00,NENL,N,000000000002,"000000000004,5","0,00631","0000000000000,03","0000000000000,00","0000000000000,00","0000000000000,03",,"0000000000000,00","0000000000000,00","0000000000000,00",000000000000000,025
025,011,202603,202602,RQ0412MM,00,NENL,N,000000000006,"000000000011,8","0,00631","0000000000000,07","0000000000000,00","0000000000000,00","0000000000000,07",,"0000000000000,00","0000000000000,00","0000000000000,00",000000000000000,025
025,011,202603,202602,RQ053FAC,00,NENL,N,000000000093,"000000000305,0","0,00631","0000000000001,92","0000000000000,07","0000000000000,00","0000000000001,99",,"0000000000000,02","0000000000000,00","0000000000000,00",000000000000000,025
025,011,202603,202602,RR0112SR,00,NENL,N,000000000022,"000000000052,8","0,00631","0000000000000,33","0000000000000,01","0000000000000,00","0000000000000,34",,"0000000000000,00","0000000000000,00","0000000000000,00",000000000000000,025
025,011,202603,202602,RR0312SR,00,NENL,N,000000000025,"000000000062,7","0,00631","0000000000000,40","0000000000000,01","0000000000000,00","0000000000000,41",,"0000000000000,00","0000000000000,00","0000000000000,00",000000000000000,025
025,011,202603,202602,RU01BR12,00,NENL,N,000000000001,"000000000015,7","0,00631","0000000000000,10","0000000000000,00","0000000000000,00","0000000000000,10",,"0000000000000,00","0000000000000,00","0000000000000,00",000000000000000,025
025,011,202603,202602,S017105,00,NENL,N,000000000008,"000000000009,1","0,00631","0000000000000,06","0000000000000,00","0000000000000,00","0000000000000,06",,"0000000000000,00","0000000000000,00","0000000000000,00",000000000000000,025
025,011,202603,202602,S0703008,00,NENL,N,000000000004,"000000000005,7","0,00631","0000000000000,04","0000000000000,00","0000000000000,00","0000000000000,04",,"0000000000000,00","0000000000000,00","0000000000000,00",000000000000000,025
025,011,202603,202602,S1001572,00,NENL,N,000000000107,"000000000574,4","0,00631","0000000000003,62","0000000000000,14","0000000000000,00","0000000000003,76",,"0000000000000,03","0000000000000,00","0000000000000,00",000000000000000,025
025,011,202603,202602,S1001572,00,NENL,R,000000000003,"000000000002,7","0,00441","0000000000000,01","0000000000000,00","0000000000000,00","0000000000000,01",,"0000000000000,00","0000000000000,00","0000000000000,00",000000000000000,025
025,011,202603,202602,S1001581,00,NENL,N,000000000003,"000000000002,4","0,00631","0000000000000,02","0000000000000,00","0000000000000,00","0000000000000,02",,"0000000000000,00","0000000000000,00","0000000000000,00",000000000000000,025
025,011,202603,202602,S1603366,00,NENL,N,000000000011,"000000000026,3","0,00631","0000000000000,17","0000000000000,01","0000000000000,00","0000000000000,18",,"0000000000000,00","0000000000000,00","0000000000000,00",000000000000000,025
025,011,202603,202602,S1603369,00,NENL,N,000000000017,"000000000041,1","0,00631","0000000000000,26","0000000000000,01","0000000000000,00","0000000000000,27",,"0000000000000,00","0000000000000,00","0000000000000,00",000000000000000,025
025,011,202603,202602,S1604102,00,NENL,N,000000000007,"000000000023,6","0,00631","0000000000000,15","0000000000000,01","0000000000000,00","0000000000000,16",,"0000000000000,00","0000000000000,00","0000000000000,00",000000000000000,025
025,011,202603,202602,TZ01CTIP,00,NENL,N,000000000003,"000000000024,3","0,00631","0000000000000,15","0000000000000,01","0000000000000,00","0000000000000,16",,"0000000000000,00","0000000000000,00","0000000000000,00",000000000000000,025
025,011,202603,202602,VM300572,00,NENL,N,000000000112,"000000000319,4","0,00631","0000000000002,02","0000000000000,08","0000000000000,00","0000000000002,10",,"0000000000000,02","0000000000000,00","0000000000000,00",000000000000000,025
025,011,202603,202602,VM300572,00,NENL,R,000000000002,"000000000001,7","0,00441","0000000000000,01","0000000000000,00","0000000000000,00","0000000000000,01",,"0000000000000,00","0000000000000,00","0000000000000,00",000000000000000,025
025,011,202603,202602,VM300581,00,NENL,N,000000000004,"000000000004,8","0,00631","0000000000000,03","0000000000000,00","0000000000000,00","0000000000000,03",,"0000000000000,00","0000000000000,00","0000000000000,00",000000000000000,025
025,011,202603,202602,VU11029,00,NENL,N,000000000001,"000000000000,5","0,00631","0000000000000,00","0000000000000,00","0000000000000,00","0000000000000,00",,"0000000000000,00","0000000000000,00","0000000000000,00",000000000000000,025
035,011,202603,202602,00002IP2,00,NENL,N,000000000108,"000000000077,4","0,00626","0000000000000,48","0000000000000,02","0000000000000,00","0000000000000,50",,"0000000000000,00","0000000000000,00","0000000000000,00",000000000000000,035
035,011,202603,202602,00002IP2,00,NENL,N,000000000008,"000000000005,2","0,00631","0000000000000,03","0000000000000,00","0000000000000,00","0000000000000,03",,"0000000000000,00","0000000000000,00","0000000000000,00",000000000000000,035
035,011,202603,202602,1ALG003I,00,NENL,N,000000000001,"000000000000,7","0,00626","0000000000000,00","0000000000000,00","0000000000000,00","0000000000000,00",,"0000000000000,00","0000000000000,00","0000000000000,00",000000000000000,035
035,011,202603,202602,1ALG006I,00,NENL,N,000000000454,"000000001229,0","0,00626","0000000000007,69","0000000000000,29","0000000000000,00","0000000000007,98",,"0000000000000,07","0000000000000,00","0000000000000,00",000000000000001,035
035,011,202603,202602,1ALG006I,00,NENL,N,000000000076,"000000000263,7","0,00631","0000000000001,66","0000000000000,06","0000000000000,00","0000000000001,72",,"0000000000000,01","0000000000000,00","0000000000000,00",000000000000000,035
035,011,202603,202602,1ALG006I,00,NENL,R,000000000004,"000000000023,8","0,00438","0000000000000,10","0000000000000,00","0000000000000,00","0000000000000,10",,"0000000000000,00","0000000000000,00","0000000000000,00",000000000000000,035
035,011,202603,202602,1ALG006I,00,NENL,R,000000000001,"000000000001,2","0,00441","0000000000000,01","0000000000000,00","0000000000000,00","0000000000000,01",,"0000000000000,00","0000000000000,00","0000000000000,00",000000000000000,035
035,011,202603,202602,1ALG015I,00,NENL,N,000000000107,"000000000242,6","0,00626","0000000000001,52","0000000000000,06","0000000000000,00","0000000000001,58",,"0000000000000,01","0000000000000,00","0000000000000,00",000000000000000,035
035,011,202603,202602,1ALG015I,00,NENL,N,000000000023,"000000000067,0","0,00631","0000000000000,42","0000000000000,02","0000000000000,00","0000000000000,44",,"0000000000000,00","0000000000000,00","0000000000000,00",000000000000000,035
035,011,202603,202602,1ALG015I,00,NENL,R,000000000003,"000000000020,6","0,00438","0000000000000,09","0000000000000,00","0000000000000,00","0000000000000,09",,"0000000000000,00","0000000000000,00","0000000000000,00",000000000000000,035
035,011,202603,202602,1CTB006I,00,NENL,N,000000000041,"000000000156,0","0,00626","0000000000000,98","0000000000000,04","0000000000000,00","0000000000001,02",,"0000000000000,01","0000000000000,00","0000000000000,00",000000000000000,035
035,011,202603,202602,1CTB006I,00,NENL,N,000000000006,"000000000005,1","0,00631","0000000000000,03","0000000000000,00","0000000000000,00","0000000000000,03",,"0000000000000,00","0000000000000,00","0000000000000,00",000000000000000,035
035,011,202603,202602,1CTB009I,00,NENL,N,000000001158,"000000003878,2","0,00626","0000000000024,28","0000000000000,92","0000000000000,00","0000000000025,20",,"0000000000000,22","0000000000000,00","0000000000000,00",000000000000002,035
035,011,202603,202602,1CTB009I,00,NENL,N,000000000221,"000000000682,5","0,00631","0000000000004,31","0000000000000,16","0000000000000,00","0000000000004,47",,"0000000000000,04","0000000000000,00","0000000000000,00",000000000000000,035
035,011,202603,202602,1CTB009I,00,NENL,R,000000000009,"000000000069,0","0,00438","0000000000000,30","0000000000000,01","0000000000000,00","0000000000000,31",,"0000000000000,00","0000000000000,00","0000000000000,00",000000000000000,035
035,011,202603,202602,1CTB009I,00,NENL,R,000000000006,"000000000030,6","0,00441","0000000000000,13","0000000000000,01","0000000000000,00","0000000000000,14",,"0000000000000,00","0000000000000,00","0000000000000,00",000000000000000,035
035,011,202603,202602,1CTB012I,00,NENL,N,000000000231,"000000000509,8","0,00626","0000000000003,19","0000000000000,12","0000000000000,00","0000000000003,31",,"0000000000000,03","0000000000000,00","0000000000000,00",000000000000000,035
035,011,202603,202602,1CTB012I,00,NENL,N,000000000054,"000000000063,8","0,00631","0000000000000,40","0000000000000,02","0000000000000,00","0000000000000,42",,"0000000000000,00","0000000000000,00","0000000000000,00",000000000000000,035
035,011,202603,202602,1CTB017I,00,GE8L,N,000000000020,"000000000202,7","0,00626","0000000000001,27","0000000000000,05","0000000000000,00","0000000000001,32",,"0000000000000,01","0000000000000,00","0000000000000,00",000000000000000,035
035,011,202603,202602,1CTB017I,00,GE8L,N,000000000003,"000000000017,1","0,00631","0000000000000,11","0000000000000,00","0000000000000,00","0000000000000,11",,"0000000000000,00","0000000000000,00","0000000000000,00",000000000000000,035
035,011,202603,202602,1CTB017I,00,GE8L,R,000000000001,"000000000010,2","0,00438","0000000000000,04","0000000000000,00","0000000000000,00","0000000000000,04",,"0000000000000,00","0000000000000,00","0000000000000,00",000000000000000,035
035,011,202603,202602,1CTB018I,00,NENL,N,000000000213,"000000001044,6","0,00626","0000000000006,54","0000000000000,25","0000000000000,00","0000000000006,79",,"0000000000000,06","0000000000000,00","0000000000000,00",000000000000001,035
035,011,202603,202602,1CTB018I,00,NENL,N,000000000032,"000000000205,1","0,00631","0000000000001,29","0000000000000,05","0000000000000,00","0000000000001,34",,"0000000000000,01","0000000000000,00","0000000000000,00",000000000000000,035
035,011,202603,202602,1CTB018I,00,NENL,R,000000000007,"000000000028,6","0,00438","0000000000000,13","0000000000000,00","0000000000000,00","0000000000000,13",,"0000000000000,00","0000000000000,00","0000000000000,00",000000000000000,035
035,011,202603,202602,1CTB020I,00,GE8L,N,000000000028,"000000000265,3","0,00626","0000000000001,66","0000000000000,06","0000000000000,00","0000000000001,72",,"0000000000000,01","0000000000000,00","0000000000000,00",000000000000000,035
035,011,202603,202602,1CTB020I,00,GE8L,N,000000000008,"000000000099,4","0,00631","0000000000000,63","0000000000000,02","0000000000000,00","0000000000000,65",,"0000000000000,01","0000000000000,00","0000000000000,00",000000000000000,035
035,011,202603,202602,1CTB021I,00,NENL,N,000000000711,"000000002490,0","0,00626","0000000000015,59","0000000000000,59","0000000000000,00","0000000000016,18",,"0000000000000,14","0000000000000,00","0000000000000,00",000000000000002,035
035,011,202603,202602,1CTB021I,00,NENL,N,000000000150,"000000000543,2","0,00631","0000000000003,43","0000000000000,13","0000000000000,00","0000000000003,56",,"0000000000000,03","0000000000000,00","0000000000000,00",000000000000000,035
035,011,202603,202602,1CTB021I,00,NENL,R,000000000007,"000000000073,5","0,00438","0000000000000,32","0000000000000,01","0000000000000,00","0000000000000,33",,"0000000000000,00","0000000000000,00","0000000000000,00",000000000000000,035
035,011,202603,202602,1CTB021I,00,NENL,R,000000000001,"000000000011,7","0,00441","0000000000000,05","0000000000000,00","0000000000000,00","0000000000000,05",,"0000000000000,00","0000000000000,00","0000000000000,00",000000000000000,035
035,011,202603,202602,1CTB023I,00,GE8L,N,000000000001,"000000000002,1","0,00626","0000000000000,01","0000000000000,00","0000000000000,00","0000000000000,01",,"0000000000000,00","0000000000000,00","0000000000000,00",000000000000000,035
035,011,202603,202602,1CTB023I,00,GE8L,N,000000000001,"000000000029,5","0,00631","0000000000000,19","0000000000000,01","0000000000000,00","0000000000000,20",,"0000000000000,00","0000000000000,00","0000000000000,00",000000000000000,035
035,011,202603,202602,1CTB027I,00,NENL,N,000000000135,"000000000276,8","0,00626","0000000000001,73","0000000000000,07","0000000000000,00","0000000000001,80",,"0000000000000,02","0000000000000,00","0000000000000,00",000000000000000,035
035,011,202603,202602,1CTB027I,00,NENL,N,000000000018,"000000000023,6","0,00631","0000000000000,15","0000000000000,01","0000000000000,00","0000000000000,16",,"0000000000000,00","0000000000000,00","0000000000000,00",000000000000000,035
035,011,202603,202602,1CTB027I,00,NENL,R,000000000003,"000000000004,5","0,00438","0000000000000,02","0000000000000,00","0000000000000,00","0000000000000,02",,"0000000000000,00","0000000000000,00","0000000000000,00",000000000000000,035
035,011,202603,202602,1CTB033I,00,NENL,N,000000001025,"000000002421,6","0,00626","0000000000015,16","0000000000000,57","0000000000000,00","0000000000015,73",,"0000000000000,14","0000000000000,00","0000000000000,00",000000000000002,035
035,011,202603,202602,1CTB033I,00,NENL,N,000000000196,"000000000556,0","0,00631","0000000000003,51","0000000000000,13","0000000000000,00","0000000000003,64",,"0000000000000,03","0000000000000,00","0000000000000,00",000000000000000,035
035,011,202603,202602,1CTB033I,00,NENL,R,000000000023,"000000000079,0","0,00438","0000000000000,35","0000000000000,01","0000000000000,00","0000000000000,36",,"0000000000000,00","0000000000000,00","0000000000000,00",000000000000000,035
035,011,202603,202602,1CTB033I,00,NENL,R,000000000002,"000000000002,6","0,00441","0000000000000,01","0000000000000,00","0000000000000,00","0000000000000,01",,"0000000000000,00","0000000000000,00","0000000000000,00",000000000000000,035
035,011,202603,202602,1OIF012I,00,NENL,N,000000000001,"000000000000,8","0,00631","0000000000000,01","0000000000000,00","0000000000000,00","0000000000000,01",,"0000000000000,00","0000000000000,00","0000000000000,00",000000000000000,035
035,011,202603,202602,1OIF018I,00,NENL,N,000000000002,"000000000005,7","0,00626","0000000000000,04","0000000000000,00","0000000000000,00","0000000000000,04",,"0000000000000,00","0000000000000,00","0000000000000,00",000000000000000,035
035,011,202603,202602,1OIF018I,00,NENL,N,000000000001,"000000000007,3","0,00631","0000000000000,05","0000000000000,00","0000000000000,00","0000000000000,05",,"0000000000000,00","0000000000000,00","0000000000000,00",000000000000000,035
035,011,202603,202602,1OIF018I,00,NENL,R,000000000001,"000000000006,5","0,00438","0000000000000,03","0000000000000,00","0000000000000,00","0000000000000,03",,"0000000000000,00","0000000000000,00","0000000000000,00",000000000000000,035
035,011,202603,202602,1OIF024I,00,NENL,N,000000000007,"000000000019,9","0,00626","0000000000000,12","0000000000000,00","0000000000000,00","0000000000000,12",,"0000000000000,00","0000000000000,00","0000000000000,00",000000000000000,035
035,011,202603,202602,1OIF024I,00,NENL,N,000000000001,"000000000001,3","0,00631","0000000000000,01","0000000000000,00","0000000000000,00","0000000000000,01",,"0000000000000,00","0000000000000,00","0000000000000,00",000000000000000,035
035,011,202603,202602,1OIF033I,00,NENL,N,000000000010,"000000000027,5","0,00626","0000000000000,17","0000000000000,01","0000000000000,00","0000000000000,18",,"0000000000000,00","0000000000000,00","0000000000000,00",000000000000000,035
035,011,202603,202602,1OIF033I,00,NENL,N,000000000003,"000000000019,5","0,00631","0000000000000,12","0000000000000,00","0000000000000,00","0000000000000,12",,"0000000000000,00","0000000000000,00","0000000000000,00",000000000000000,035
035,011,202603,202602,1OIF039I,00,NENL,N,000000000001,"000000000005,0","0,00631","0000000000000,03","0000000000000,00","0000000000000,00","0000000000000,03",,"0000000000000,00","0000000000000,00","0000000000000,00",000000000000000,035
035,011,202603,202602,1OIF041I,00,NENL,N,000000000005,"000000000017,1","0,00626","0000000000000,11","0000000000000,00","0000000000000,00","0000000000000,11",,"0000000000000,00","0000000000000,00","0000000000000,00",000000000000000,035
035,011,202603,202602,1OIF042I,00,NENL,N,000000000035,"000000000082,0","0,00626","0000000000000,51","0000000000000,02","0000000000000,00","0000000000000,53",,"0000000000000,00","0000000000000,00","0000000000000,00",000000000000000,035
035,011,202603,202602,1OIF042I,00,NENL,N,000000000001,"000000000002,0","0,00631","0000000000000,01","0000000000000,00","0000000000000,00","0000000000000,01",,"0000000000000,00","0000000000000,00","0000000000000,00",000000000000000,035
035,011,202603,202602,1OIF045I,00,NENL,N,000000000005,"000000000019,5","0,00626","0000000000000,12","0000000000000,00","0000000000000,00","0000000000000,12",,"0000000000000,00","0000000000000,00","0000000000000,00",000000000000000,035
035,011,202603,202602,1OIF045I,00,NENL,N,000000000006,"000000000005,8","0,00631","0000000000000,04","0000000000000,00","0000000000000,00","0000000000000,04",,"0000000000000,00","0000000000000,00","0000000000000,00",000000000000000,035
035,011,202603,202602,1OIF045I,00,NENL,R,000000000002,"000000000002,2","0,00438","0000000000000,01","0000000000000,00","0000000000000,00","0000000000000,01",,"0000000000000,00","0000000000000,00","0000000000000,00",000000000000000,035
035,011,202603,202602,1OIF062I,00,NENL,N,000000000010,"000000000012,7","0,00626","0000000000000,08","0000000000000,00","0000000000000,00","0000000000000,08",,"0000000000000,00","0000000000000,00","0000000000000,00",000000000000000,035
035,011,202603,202602,1OIF062I,00,NENL,N,000000000003,"000000000003,6","0,00631","0000000000000,02","0000000000000,00","0000000000000,00","0000000000000,02",,"0000000000000,00","0000000000000,00","0000000000000,00",000000000000000,035
035,011,202603,202602,1V2OUT00,00,GE8L,N,000000000001,"000000000018,8","0,00626","0000000000000,12","0000000000000,00","0000000000000,00","0000000000000,12",,"0000000000000,00","0000000000000,00","0000000000000,00",000000000000000,035
035,011,202603,202602,1V2OUT07,00,GE8L,N,000000000001,"000000000005,5","0,00626","0000000000000,03","0000000000000,00","0000000000000,00","0000000000000,03",,"0000000000000,00","0000000000000,00","0000000000000,00",000000000000000,035
035,011,202603,202602,1V2OUT10,00,GE8L,N,000000000002,"000000000013,5","0,00626","0000000000000,08","0000000000000,00","0000000000000,00","0000000000000,08",,"0000000000000,00","0000000000000,00","0000000000000,00",000000000000000,035
035,011,202603,202602,1V2OUT13,00,GE8L,N,000000000001,"000000000032,1","0,00626","0000000000000,20","0000000000000,01","0000000000000,00","0000000000000,21",,"0000000000000,00","0000000000000,00","0000000000000,00",000000000000000,035
035,011,202603,202602,300021P1,00,NENL,N,000000000040,"000000000024,9","0,00626","0000000000000,16","0000000000000,01","0000000000000,00","0000000000000,17",,"0000000000000,00","0000000000000,00","0000000000000,00",000000000000000,035
035,011,202603,202602,30002IP1,00,NENL,N,000000000064,"000000000053,0","0,00626","0000000000000,33","0000000000000,01","0000000000000,00","0000000000000,34",,"0000000000000,00","0000000000000,00","0000000000000,00",000000000000000,035
035,011,202603,202602,30002IP1,00,NENL,N,000000000002,"000000000001,0","0,00631","0000000000000,01","0000000000000,00","0000000000000,00","0000000000000,01",,"0000000000000,00","0000000000000,00","0000000000000,00",000000000000000,035
035,011,202603,202602,30003IP4,00,GE8L,N,000000000002,"000000000001,1","0,00631","0000000000000,01","0000000000000,00","0000000000000,00","0000000000000,01",,"0000000000000,00","0000000000000,00","0000000000000,00",000000000000000,035
035,011,202603,202602,30003IP4,00,NENL,N,000000000160,"000000000151,9","0,00626","0000000000000,95","0000000000000,04","0000000000000,00","0000000000000,99",,"0000000000000,01","0000000000000,00","0000000000000,00",000000000000000,035
035,011,202603,202602,30003IP4,00,NENL,N,000000000015,"000000000014,1","0,00631","0000000000000,09","0000000000000,00","0000000000000,00","0000000000000,09",,"0000000000000,00","0000000000000,00","0000000000000,00",000000000000000,035
035,011,202603,202602,3ALG001I,00,NENL,N,000000000100,"000000000174,5","0,00626","0000000000001,09","0000000000000,04","0000000000000,00","0000000000001,13",,"0000000000000,01","0000000000000,00","0000000000000,00",000000000000000,035
035,011,202603,202602,3ALG001I,00,NENL,N,000000000011,"000000000014,4","0,00631","0000000000000,09","0000000000000,00","0000000000000,00","0000000000000,09",,"0000000000000,00","0000000000000,00","0000000000000,00",000000000000000,035
035,011,202603,202602,3ALG003I,00,NENL,N,000000000044,"000000000125,0","0,00626","0000000000000,78","0000000000000,03","0000000000000,00","0000000000000,81",,"0000000000000,01","0000000000000,00","0000000000000,00",000000000000000,035
035,011,202603,202602,3ALG003I,00,NENL,N,000000000007,"000000000011,9","0,00631","0000000000000,08","0000000000000,00","0000000000000,00","0000000000000,08",,"0000000000000,00","0000000000000,00","0000000000000,00",000000000000000,035
035,011,202603,202602,3ALG006I,00,NENL,N,000000000008,"000000000018,9","0,00626","0000000000000,12","0000000000000,00","0000000000000,00","0000000000000,12",,"0000000000000,00","0000000000000,00","0000000000000,00",000000000000000,035
035,011,202603,202602,3CTB0021,00,NENL,N,000000000259,"000000001455,3","0,00626","0000000000009,11","0000000000000,35","0000000000000,00","0000000000009,46",,"0000000000000,08","0000000000000,00","0000000000000,00",000000000000001,035
035,011,202603,202602,3CTB0021,00,NENL,N,000000000037,"000000000173,2","0,00631","0000000000001,09","0000000000000,04","0000000000000,00","0000000000001,13",,"0000000000000,01","0000000000000,00","0000000000000,00",000000000000000,035
035,011,202603,202602,3CTB0021,00,NENL,R,000000000004,"000000000009,1","0,00438","0000000000000,04","0000000000000,00","0000000000000,00","0000000000000,04",,"0000000000000,00","0000000000000,00","0000000000000,00",000000000000000,035
035,011,202603,202602,3CTB003I,00,NENL,N,000000000172,"000000000525,3","0,00626","0000000000003,29","0000000000000,12","0000000000000,00","0000000000003,41",,"0000000000000,03","0000000000000,00","0000000000000,00",000000000000000,035
035,011,202603,202602,3CTB003I,00,NENL,N,000000000025,"000000000092,9","0,00631","0000000000000,59","0000000000000,02","0000000000000,00","0000000000000,61",,"0000000000000,01","0000000000000,00","0000000000000,00",000000000000000,035
035,011,202603,202602,3CTB003I,00,NENL,R,000000000008,"000000000017,1","0,00438","0000000000000,07","0000000000000,00","0000000000000,00","0000000000000,07",,"0000000000000,00","0000000000000,00","0000000000000,00",000000000000000,035
035,011,202603,202602,3CTB006I,00,NENL,N,000000000045,"000000000082,4","0,00626","0000000000000,52","0000000000000,02","0000000000000,00","0000000000000,54",,"0000000000000,00","0000000000000,00","0000000000000,00",000000000000000,035
035,011,202603,202602,3CTB006I,00,NENL,N,000000000014,"000000000023,4","0,00631","0000000000000,15","0000000000000,01","0000000000000,00","0000000000000,16",,"0000000000000,00","0000000000000,00","0000000000000,00",000000000000000,035
035,011,202603,202602,3CTB009I,00,NENL,N,000000000059,"000000000181,2","0,00626","0000000000001,13","0000000000000,04","0000000000000,00","0000000000001,17",,"0000000000000,01","0000000000000,00","0000000000000,00",000000000000000,035
035,011,202603,202602,3CTB009I,00,NENL,N,000000000005,"000000000008,6","0,00631","0000000000000,05","0000000000000,00","0000000000000,00","0000000000000,05",,"0000000000000,00","0000000000000,00","0000000000000,00",000000000000000,035
035,011,202603,202602,3CTB012I,00,NENL,N,000000000196,"000000000243,4","0,00626","0000000000001,52","0000000000000,06","0000000000000,00","0000000000001,58",,"0000000000000,01","0000000000000,00","0000000000000,00",000000000000000,035
035,011,202603,202602,3CTB012I,00,NENL,N,000000000023,"000000000092,9","0,00631","0000000000000,59","0000000000000,02","0000000000000,00","0000000000000,61",,"0000000000000,01","0000000000000,00","0000000000000,00",000000000000000,035
035,011,202603,202602,3CTB015I,00,NENL,N,000000000016,"000000000056,9","0,00626","0000000000000,36","0000000000000,01","0000000000000,00","0000000000000,37",,"0000000000000,00","0000000000000,00","0000000000000,00",000000000000000,035
035,011,202603,202602,3CTB015I,00,NENL,N,000000000001,"000000000000,5","0,00631","0000000000000,00","0000000000000,00","0000000000000,00","0000000000000,00",,"0000000000000,00","0000000000000,00","0000000000000,00",000000000000000,035
035,011,202603,202602,3CTB018I,00,NENL,N,000000000093,"000000000347,9","0,00626","0000000000002,18","0000000000000,08","0000000000000,00","0000000000002,26",,"0000000000000,02","0000000000000,00","0000000000000,00",000000000000000,035
035,011,202603,202602,3CTB018I,00,NENL,N,000000000019,"000000000042,5","0,00631","0000000000000,27","0000000000000,01","0000000000000,00","0000000000000,28",,"0000000000000,00","0000000000000,00","0000000000000,00",000000000000000,035
035,011,202603,202602,3CTB018I,00,NENL,R,000000000001,"000000000010,5","0,00438","0000000000000,05","0000000000000,00","0000000000000,00","0000000000000,05",,"0000000000000,00","0000000000000,00","0000000000000,00",000000000000000,035
035,011,202603,202602,3CTB021I,00,NENL,N,000000000030,"000000000038,9","0,00626","0000000000000,24","0000000000000,01","0000000000000,00","0000000000000,25",,"0000000000000,00","0000000000000,00","0000000000000,00",000000000000000,035
035,011,202603,202602,3CTB021I,00,NENL,N,000000000007,"000000000020,3","0,00631","0000000000000,13","0000000000000,00","0000000000000,00","0000000000000,13",,"0000000000000,00","0000000000000,00","0000000000000,00",000000000000000,035
035,011,202603,202602,3CTB021I,00,NENL,R,000000000002,"000000000001,7","0,00438","0000000000000,01","0000000000000,00","0000000000000,00","0000000000000,01",,"0000000000000,00","0000000000000,00","0000000000000,00",000000000000000,035
035,011,202603,202602,3CTB024I,00,NENL,N,000000000045,"000000000134,2","0,00626","0000000000000,84","0000000000000,03","0000000000000,00","0000000000000,87",,"0000000000000,01","0000000000000,00","0000000000000,00",000000000000000,035
035,011,202603,202602,3CTB024I,00,NENL,N,000000000005,"000000000039,9","0,00631","0000000000000,25","0000000000000,01","0000000000000,00","0000000000000,26",,"0000000000000,00","0000000000000,00","0000000000000,00",000000000000000,035
035,011,202603,202602,3CTB024I,00,NENL,R,000000000001,"000000000021,1","0,00438","0000000000000,09","0000000000000,00","0000000000000,00","0000000000000,09",,"0000000000000,00","0000000000000,00","0000000000000,00",000000000000000,035
035,011,202603,202602,3CTB027I,00,NENL,N,000000000007,"000000000007,8","0,00626","0000000000000,05","0000000000000,00","0000000000000,00","0000000000000,05",,"0000000000000,00","0000000000000,00","0000000000000,00",000000000000000,035
035,011,202603,202602,3CTB033I,00,NENL,N,000000000059,"000000000098,9","0,00626","0000000000000,62","0000000000000,02","0000000000000,00","0000000000000,64",,"0000000000000,01","0000000000000,00","0000000000000,00",000000000000000,035
035,011,202603,202602,3CTB033I,00,NENL,N,000000000102,"000000000109,1","0,00631","0000000000000,69","0000000000000,03","0000000000000,00","0000000000000,72",,"0000000000000,01","0000000000000,00","0000000000000,00",000000000000000,035
035,011,202603,202602,3CTB036I,00,NENL,N,000000000019,"000000000062,0","0,00626","0000000000000,39","0000000000000,01","0000000000000,00","0000000000000,40",,"0000000000000,00","0000000000000,00","0000000000000,00",000000000000000,035
035,011,202603,202602,3OIF006I,00,NENL,N,000000000002,"000000000003,0","0,00626","0000000000000,02","0000000000000,00","0000000000000,00","0000000000000,02",,"0000000000000,00","0000000000000,00","0000000000000,00",000000000000000,035
035,011,202603,202602,3OIF037I,00,NENL,N,000000000001,"000000000000,5","0,00631","0000000000000,00","0000000000000,00","0000000000000,00","0000000000000,00",,"0000000000000,00","0000000000000,00","0000000000000,00",000000000000000,035
035,011,202603,202602,3OIF039I,00,NENL,N,000000000001,"000000000000,5","0,00626","0000000000000,00","0000000000000,00","0000000000000,00","0000000000000,00",,"0000000000000,00","0000000000000,00","0000000000000,00",000000000000000,035
035,011,202603,202602,3OIF046I,00,NENL,N,000000000006,"000000000012,8","0,00626","0000000000000,08","0000000000000,00","0000000000000,00","0000000000000,08",,"0000000000000,00","0000000000000,00","0000000000000,00",000000000000000,035
035,011,202603,202602,3OIF046I,00,NENL,N,000000000002,"000000000002,9","0,00631","0000000000000,02","0000000000000,00","0000000000000,00","0000000000000,02",,"0000000000000,00","0000000000000,00","0000000000000,00",000000000000000,035
035,011,202603,202602,3OIF052I,00,NENL,N,000000000003,"000000000004,1","0,00626","0000000000000,03","0000000000000,00","0000000000000,00","0000000000000,03",,"0000000000000,00","0000000000000,00","0000000000000,00",000000000000000,035
035,011,202603,202602,3OIF052I,00,NENL,N,000000000001,"000000000000,5","0,00631","0000000000000,00","0000000000000,00","0000000000000,00","0000000000000,00",,"0000000000000,00","0000000000000,00","0000000000000,00",000000000000000,035
035,011,202603,202602,3OIF058I,00,NENL,N,000000000001,"000000000003,6","0,00626","0000000000000,02","0000000000000,00","0000000000000,00","0000000000000,02",,"0000000000000,00","0000000000000,00","0000000000000,00",000000000000000,035
035,011,202603,202602,3OIF060I,00,NENL,N,000000000002,"000000000005,3","0,00626","0000000000000,03","0000000000000,00","0000000000000,00","0000000000000,03",,"0000000000000,00","0000000000000,00","0000000000000,00",000000000000000,035
035,011,202603,202602,3OIF114I,00,NENL,N,000000000017,"000000000152,6","0,00626","0000000000000,96","0000000000000,04","0000000000000,00","0000000000001,00",,"0000000000000,01","0000000000000,00","0000000000000,00",000000000000000,035
035,011,202603,202602,3OIF114I,00,NENL,N,000000000002,"000000000001,0","0,00631","0000000000000,01","0000000000000,00","0000000000000,00","0000000000000,01",,"0000000000000,00","0000000000000,00","0000000000000,00",000000000000000,035
035,011,202603,202602,3OIF127I,00,NENL,N,000000000020,"000000000042,5","0,00626","0000000000000,27","0000000000000,01","0000000000000,00","0000000000000,28",,"0000000000000,00","0000000000000,00","0000000000000,00",000000000000000,035
035,011,202603,202602,3OIF127I,00,NENL,N,000000000004,"000000000017,2","0,00631","0000000000000,11","0000000000000,00","0000000000000,00","0000000000000,11",,"0000000000000,00","0000000000000,00","0000000000000,00",000000000000000,035
035,011,202603,202602,3OIF189I,00,NENL,N,000000000001,"000000000004,8","0,00626","0000000000000,03","0000000000000,00","0000000000000,00","0000000000000,03",,"0000000000000,00","0000000000000,00","0000000000000,00",000000000000000,035
035,011,202603,202602,3PA_FALK,00,GE8L,N,000000000002,"000000000003,6","0,00631","0000000000000,02","0000000000000,00","0000000000000,00","0000000000000,02",,"0000000000000,00","0000000000000,00","0000000000000,00",000000000000000,035
035,011,202603,202602,3PA_FALK,00,NENL,N,000000000170,"000000000143,4","0,00626","0000000000000,90","0000000000000,03","0000000000000,00","0000000000000,93",,"0000000000000,01","0000000000000,00","0000000000000,00",000000000000000,035
035,011,202603,202602,3PA_FALK,00,NENL,N,000000000021,"000000000016,8","0,00631","0000000000000,11","0000000000000,00","0000000000000,00","0000000000000,11",,"0000000000000,00","0000000000000,00","0000000000000,00",000000000000000,035
035,011,202603,202602,4FACTR4I,00,NENL,N,000000000678,"000000002226,5","0,00626","0000000000013,94","0000000000000,53","0000000000000,00","0000000000014,47",,"0000000000000,13","0000000000000,00","0000000000000,00",000000000000001,035
035,011,202603,202602,4FACTR4I,00,NENL,N,000000000147,"000000000367,9","0,00631","0000000000002,32","0000000000000,09","0000000000000,00","0000000000002,41",,"0000000000000,02","0000000000000,00","0000000000000,00",000000000000000,035
035,011,202603,202602,4FACTR4I,00,NENL,R,000000000007,"000000000063,6","0,00438","0000000000000,28","0000000000000,01","0000000000000,00","0000000000000,29",,"0000000000000,00","0000000000000,00","0000000000000,00",000000000000000,035
035,011,202603,202602,6ALG006I,00,NENL,N,000000000462,"000000001100,8","0,00626","0000000000006,89","0000000000000,26","0000000000000,00","0000000000007,15",,"0000000000000,06","0000000000000,00","0000000000000,00",000000000000001,035
035,011,202603,202602,6ALG006I,00,NENL,N,000000000095,"000000000395,4","0,00631","0000000000002,49","0000000000000,09","0000000000000,00","0000000000002,58",,"0000000000000,02","0000000000000,00","0000000000000,00",000000000000000,035
035,011,202603,202602,6ALG006I,00,NENL,R,000000000003,"000000000004,6","0,00438","0000000000000,02","0000000000000,00","0000000000000,00","0000000000000,02",,"0000000000000,00","0000000000000,00","0000000000000,00",000000000000000,035
035,011,202603,202602,6ALG012I,00,NENL,N,000000000001,"000000000000,5","0,00626","0000000000000,00","0000000000000,00","0000000000000,00","0000000000000,00",,"0000000000000,00","0000000000000,00","0000000000000,00",000000000000000,035
035,011,202603,202602,6ALG015I,00,NENL,N,000000000124,"000000000226,9","0,00626","0000000000001,42","0000000000000,05","0000000000000,00","0000000000001,47",,"0000000000000,01","0000000000000,00","0000000000000,00",000000000000000,035
035,011,202603,202602,6ALG015I,00,NENL,N,000000000027,"000000000071,2","0,00631","0000000000000,45","0000000000000,02","0000000000000,00","0000000000000,47",,"0000000000000,00","0000000000000,00","0000000000000,00",000000000000000,035
035,011,202603,202602,6ALG015I,00,NENL,R,000000000005,"000000000039,4","0,00438","0000000000000,17","0000000000000,01","0000000000000,00","0000000000000,18",,"0000000000000,00","0000000000000,00","0000000000000,00",000000000000000,035
035,011,202603,202602,6CTB003I,00,NENL,N,000000000098,"000000000278,6","0,00626","0000000000001,74","0000000000000,07","0000000000000,00","0000000000001,81",,"0000000000000,02","0000000000000,00","0000000000000,00",000000000000000,035
035,011,202603,202602,6CTB003I,00,NENL,N,000000000027,"000000000082,1","0,00631","0000000000000,52","0000000000000,02","0000000000000,00","0000000000000,54",,"0000000000000,00","0000000000000,00","0000000000000,00",000000000000000,035
035,011,202603,202602,6CTB003I,00,NENL,R,000000000002,"000000000016,0","0,00438","0000000000000,07","0000000000000,00","0000000000000,00","0000000000000,07",,"0000000000000,00","0000000000000,00","0000000000000,00",000000000000000,035
035,011,202603,202602,6CTB006I,00,NENL,N,000000000054,"000000000123,5","0,00626","0000000000000,77","0000000000000,03","0000000000000,00","0000000000000,80",,"0000000000000,01","0000000000000,00","0000000000000,00",000000000000000,035
035,011,202603,202602,6CTB006I,00,NENL,N,000000000004,"000000000009,5","0,00631","0000000000000,06","0000000000000,00","0000000000000,00","0000000000000,06",,"0000000000000,00","0000000000000,00","0000000000000,00",000000000000000,035
035,011,202603,202602,6CTB006I,00,NENL,R,000000000001,"000000000001,9","0,00438","0000000000000,01","0000000000000,00","0000000000000,00","0000000000000,01",,"0000000000000,00","0000000000000,00","0000000000000,00",000000000000000,035
035,011,202603,202602,6CTB009I,00,NENL,N,000000001124,"000000003295,0","0,00626","0000000000020,63","0000000000000,78","0000000000000,00","0000000000021,41",,"0000000000000,19","0000000000000,00","0000000000000,00",000000000000002,035
035,011,202603,202602,6CTB009I,00,NENL,N,000000000198,"000000000670,5","0,00631","0000000000004,23","0000000000000,16","0000000000000,00","0000000000004,39",,"0000000000000,04","0000000000000,00","0000000000000,00",000000000000000,035
035,011,202603,202602,6CTB009I,00,NENL,R,000000000014,"000000000165,5","0,00438","0000000000000,72","0000000000000,03","0000000000000,00","0000000000000,75",,"0000000000000,01","0000000000000,00","0000000000000,00",000000000000000,035
035,011,202603,202602,6CTB009I,00,NENL,R,000000000004,"000000000064,6","0,00441","0000000000000,28","0000000000000,01","0000000000000,00","0000000000000,29",,"0000000000000,00","0000000000000,00","0000000000000,00",000000000000000,035
035,011,202603,202602,6CTB012I,00,NENL,N,000000000246,"000000000551,5","0,00626","0000000000003,45","0000000000000,13","0000000000000,00","0000000000003,58",,"0000000000000,03","0000000000000,00","0000000000000,00",000000000000000,035
035,011,202603,202602,6CTB012I,00,NENL,N,000000000052,"000000000169,6","0,00631","0000000000001,07","0000000000000,04","0000000000000,00","0000000000001,11",,"0000000000000,01","0000000000000,00","0000000000000,00",000000000000000,035
035,011,202603,202602,6CTB012I,00,NENL,R,000000000003,"000000000008,8","0,00438","0000000000000,04","0000000000000,00","0000000000000,00","0000000000000,04",,"0000000000000,00","0000000000000,00","0000000000000,00",000000000000000,035
035,011,202603,202602,6CTB016I,00,NENL,N,000000000122,"000000000327,4","0,00626","0000000000002,05","0000000000000,08","0000000000000,00","0000000000002,13",,"0000000000000,02","0000000000000,00","0000000000000,00",000000000000000,035
035,011,202603,202602,6CTB016I,00,NENL,N,000000000022,"000000000102,0","0,00631","0000000000000,64","0000000000000,02","0000000000000,00","0000000000000,66",,"0000000000000,01","0000000000000,00","0000000000000,00",000000000000000,035
035,011,202603,202602,6CTB016I,00,NENL,R,000000000002,"000000000037,1","0,00438","0000000000000,16","0000000000000,01","0000000000000,00","0000000000000,17",,"0000000000000,00","0000000000000,00","0000000000000,00",000000000000000,035
035,011,202603,202602,6CTB017I,00,GE8L,N,000000000015,"000000000149,4","0,00626","0000000000000,94","0000000000000,04","0000000000000,00","0000000000000,98",,"0000000000000,01","0000000000000,00","0000000000000,00",000000000000000,035
035,011,202603,202602,6CTB017I,00,GE8L,N,000000000004,"000000000022,3","0,00631","0000000000000,14","0000000000000,01","0000000000000,00","0000000000000,15",,"0000000000000,00","0000000000000,00","0000000000000,00",000000000000000,035
035,011,202603,202602,6CTB017I,00,GE8L,R,000000000001,"000000000015,2","0,00438","0000000000000,07","0000000000000,00","0000000000000,00","0000000000000,07",,"0000000000000,00","0000000000000,00","0000000000000,00",000000000000000,035
035,011,202603,202602,6CTB018I,00,NENL,N,000000000236,"000000001012,8","0,00626","0000000000006,34","0000000000000,24","0000000000000,00","0000000000006,58",,"0000000000000,06","0000000000000,00","0000000000000,00",000000000000001,035
035,011,202603,202602,6CTB018I,00,NENL,N,000000000037,"000000000138,3","0,00631","0000000000000,87","0000000000000,03","0000000000000,00","0000000000000,90",,"0000000000000,01","0000000000000,00","0000000000000,00",000000000000000,035
035,011,202603,202602,6CTB018I,00,NENL,R,000000000007,"000000000019,4","0,00438","0000000000000,08","0000000000000,00","0000000000000,00","0000000000000,08",,"0000000000000,00","0000000000000,00","0000000000000,00",000000000000000,035
035,011,202603,202602,6CTB020I,00,GE8L,N,000000000024,"000000000285,9","0,00626","0000000000001,79","0000000000000,07","0000000000000,00","0000000000001,86",,"0000000000000,02","0000000000000,00","0000000000000,00",000000000000000,035
035,011,202603,202602,6CTB020I,00,GE8L,N,000000000002,"000000000030,0","0,00631","0000000000000,19","0000000000000,01","0000000000000,00","0000000000000,20",,"0000000000000,00","0000000000000,00","0000000000000,00",000000000000000,035
035,011,202603,202602,6CTB020I,00,GE8L,R,000000000001,"000000000016,5","0,00438","0000000000000,07","0000000000000,00","0000000000000,00","0000000000000,07",,"0000000000000,00","0000000000000,00","0000000000000,00",000000000000000,035
035,011,202603,202602,6CTB021I,00,NENL,N,000000000742,"000000002546,0","0,00626","0000000000015,94","0000000000000,60","0000000000000,00","0000000000016,54",,"0000000000000,14","0000000000000,00","0000000000000,00",000000000000002,035
035,011,202603,202602,6CTB021I,00,NENL,N,000000000147,"000000000511,7","0,00631","0000000000003,23","0000000000000,12","0000000000000,00","0000000000003,35",,"0000000000000,03","0000000000000,00","0000000000000,00",000000000000000,035
035,011,202603,202602,6CTB021I,00,NENL,R,000000000004,"000000000074,4","0,00438","0000000000000,33","0000000000000,01","0000000000000,00","0000000000000,34",,"0000000000000,00","0000000000000,00","0000000000000,00",000000000000000,035
035,011,202603,202602,6CTB021I,00,NENL,R,000000000001,"000000000010,9","0,00441","0000000000000,05","0000000000000,00","0000000000000,00","0000000000000,05",,"0000000000000,00","0000000000000,00","0000000000000,00",000000000000000,035
035,011,202603,202602,6CTB023I,00,GE8L,N,000000000002,"000000000022,0","0,00626","0000000000000,14","0000000000000,01","0000000000000,00","0000000000000,15",,"0000000000000,00","0000000000000,00","0000000000000,00",000000000000000,035
035,011,202603,202602,6CTB024I,00,NENL,N,000000000029,"000000000051,1","0,00626","0000000000000,32","0000000000000,01","0000000000000,00","0000000000000,33",,"0000000000000,00","0000000000000,00","0000000000000,00",000000000000000,035
035,011,202603,202602,6CTB024I,00,NENL,N,000000000004,"000000000009,2","0,00631","0000000000000,06","0000000000000,00","0000000000000,00","0000000000000,06",,"0000000000000,00","0000000000000,00","0000000000000,00",000000000000000,035
035,011,202603,202602,6CTB025I,00,NENL,N,000000000255,"000000001157,1","0,00626","0000000000007,24","0000000000000,27","0000000000000,00","0000000000007,51",,"0000000000000,07","0000000000000,00","0000000000000,00",000000000000001,035
035,011,202603,202602,6CTB025I,00,NENL,N,000000000067,"000000000321,4","0,00631","0000000000002,03","0000000000000,08","0000000000000,00","0000000000002,11",,"0000000000000,02","0000000000000,00","0000000000000,00",000000000000000,035
035,011,202603,202602,6CTB025I,00,NENL,R,000000000003,"000000000028,2","0,00438","0000000000000,12","0000000000000,00","0000000000000,00","0000000000000,12",,"0000000000000,00","0000000000000,00","0000000000000,00",000000000000000,035
035,011,202603,202602,6CTB026I,00,NENL,N,000000000007,"000000000016,0","0,00626","0000000000000,10","0000000000000,00","0000000000000,00","0000000000000,10",,"0000000000000,00","0000000000000,00","0000000000000,00",000000000000000,035
035,011,202603,202602,6CTB027I,00,NENL,N,000000000134,"000000000297,9","0,00626","0000000000001,86","0000000000000,07","0000000000000,00","0000000000001,93",,"0000000000000,02","0000000000000,00","0000000000000,00",000000000000000,035
035,011,202603,202602,6CTB027I,00,NENL,N,000000000018,"000000000036,6","0,00631","0000000000000,23","0000000000000,01","0000000000000,00","0000000000000,24",,"0000000000000,00","0000000000000,00","0000000000000,00",000000000000000,035
035,011,202603,202602,6CTB028I,00,NENL,N,000000000349,"000000000970,1","0,00626","0000000000006,07","0000000000000,23","0000000000000,00","0000000000006,30",,"0000000000000,05","0000000000000,00","0000000000000,00",000000000000001,035
035,011,202603,202602,6CTB028I,00,NENL,N,000000000065,"000000000180,1","0,00631","0000000000001,14","0000000000000,04","0000000000000,00","0000000000001,18",,"0000000000000,01","0000000000000,00","0000000000000,00",000000000000000,035
035,011,202603,202602,6CTB028I,00,NENL,R,000000000007,"000000000033,6","0,00438","0000000000000,15","0000000000000,01","0000000000000,00","0000000000000,16",,"0000000000000,00","0000000000000,00","0000000000000,00",000000000000000,035
035,011,202603,202602,6CTB028I,00,NENL,R,000000000001,"000000000031,0","0,00441","0000000000000,14","0000000000000,01","0000000000000,00","0000000000000,15",,"0000000000000,00","0000000000000,00","0000000000000,00",000000000000000,035
035,011,202603,202602,6CTB031I,00,NENL,N,000000000053,"000000000120,7","0,00626","0000000000000,76","0000000000000,03","0000000000000,00","0000000000000,79",,"0000000000000,01","0000000000000,00","0000000000000,00",000000000000000,035
035,011,202603,202602,6CTB031I,00,NENL,N,000000000004,"000000000005,3","0,00631","0000000000000,03","0000000000000,00","0000000000000,00","0000000000000,03",,"0000000000000,00","0000000000000,00","0000000000000,00",000000000000000,035
035,011,202603,202602,6CTB031I,00,NENL,R,000000000004,"000000000032,4","0,00438","0000000000000,14","0000000000000,01","0000000000000,00","0000000000000,15",,"0000000000000,00","0000000000000,00","0000000000000,00",000000000000000,035
035,011,202603,202602,6CTB033I,00,NENL,N,000000001015,"000000002846,7","0,00626","0000000000017,82","0000000000000,68","0000000000000,00","0000000000018,50",,"0000000000000,16","0000000000000,00","0000000000000,00",000000000000002,035
035,011,202603,202602,6CTB033I,00,NENL,N,000000000179,"000000000673,5","0,00631","0000000000004,25","0000000000000,16","0000000000000,00","0000000000004,41",,"0000000000000,04","0000000000000,00","0000000000000,00",000000000000000,035
035,011,202603,202602,6CTB033I,00,NENL,R,000000000031,"000000000103,0","0,00438","0000000000000,45","0000000000000,02","0000000000000,00","0000000000000,47",,"0000000000000,00","0000000000000,00","0000000000000,00",000000000000000,035
035,011,202603,202602,6CTB034I,00,NENL,N,000000000203,"000000000671,1","0,00626","0000000000004,20","0000000000000,16","0000000000000,00","0000000000004,36",,"0000000000000,04","0000000000000,00","0000000000000,00",000000000000000,035
035,011,202603,202602,6CTB034I,00,NENL,N,000000000041,"000000000195,7","0,00631","0000000000001,23","0000000000000,05","0000000000000,00","0000000000001,28",,"0000000000000,01","0000000000000,00","0000000000000,00",000000000000000,035
035,011,202603,202602,6CTB034I,00,NENL,R,000000000008,"000000000140,3","0,00438","0000000000000,61","0000000000000,02","0000000000000,00","0000000000000,63",,"0000000000000,01","0000000000000,00","0000000000000,00",000000000000000,035
035,011,202603,202602,6OIF018I,00,NENL,N,000000000002,"000000000005,6","0,00626","0000000000000,04","0000000000000,00","0000000000000,00","0000000000000,04",,"0000000000000,00","0000000000000,00","0000000000000,00",000000000000000,035
035,011,202603,202602,6OIF018I,00,NENL,N,000000000001,"000000000001,3","0,00631","0000000000000,01","0000000000000,00","0000000000000,00","0000000000000,01",,"0000000000000,00","0000000000000,00","0000000000000,00",000000000000000,035
035,011,202603,202602,6OIF021I,00,NENL,N,000000000001,"000000000004,3","0,00626","0000000000000,03","0000000000000,00","0000000000000,00","0000000000000,03",,"0000000000000,00","0000000000000,00","0000000000000,00",000000000000000,035
035,011,202603,202602,6OIF024I,00,NENL,N,000000000011,"000000000058,0","0,00626","0000000000000,36","0000000000000,01","0000000000000,00","0000000000000,37",,"0000000000000,00","0000000000000,00","0000000000000,00",000000000000000,035
035,011,202603,202602,6OIF024I,00,NENL,N,000000000005,"000000000010,5","0,00631","0000000000000,07","0000000000000,00","0000000000000,00","0000000000000,07",,"0000000000000,00","0000000000000,00","0000000000000,00",000000000000000,035
035,011,202603,202602,6OIF033I,00,NENL,N,000000000014,"000000000023,4","0,00626","0000000000000,15","0000000000000,01","0000000000000,00","0000000000000,16",,"0000000000000,00","0000000000000,00","0000000000000,00",000000000000000,035
035,011,202603,202602,6OIF033I,00,NENL,N,000000000006,"000000000007,4","0,00631","0000000000000,05","0000000000000,00","0000000000000,00","0000000000000,05",,"0000000000000,00","0000000000000,00","0000000000000,00",000000000000000,035
035,011,202603,202602,6OIF039I,00,NENL,N,000000000004,"000000000020,3","0,00626","0000000000000,13","0000000000000,00","0000000000000,00","0000000000000,13",,"0000000000000,00","0000000000000,00","0000000000000,00",000000000000000,035
035,011,202603,202602,6OIF041I,00,NENL,N,000000000001,"000000000000,5","0,00626","0000000000000,00","0000000000000,00","0000000000000,00","0000000000000,00",,"0000000000000,00","0000000000000,00","0000000000000,00",000000000000000,035
035,011,202603,202602,6OIF042I,00,NENL,N,000000000033,"000000000075,0","0,00626","0000000000000,47","0000000000000,02","0000000000000,00","0000000000000,49",,"0000000000000,00","0000000000000,00","0000000000000,00",000000000000000,035
035,011,202603,202602,6OIF042I,00,NENL,N,000000000005,"000000000023,0","0,00631","0000000000000,15","0000000000000,01","0000000000000,00","0000000000000,16",,"0000000000000,00","0000000000000,00","0000000000000,00",000000000000000,035
035,011,202603,202602,6OIF045I,00,NENL,N,000000000010,"000000000015,6","0,00626","0000000000000,10","0000000000000,00","0000000000000,00","0000000000000,10",,"0000000000000,00","0000000000000,00","0000000000000,00",000000000000000,035
035,011,202603,202602,6OIF045I,00,NENL,N,000000000003,"000000000001,5","0,00631","0000000000000,01","0000000000000,00","0000000000000,00","0000000000000,01",,"0000000000000,00","0000000000000,00","0000000000000,00",000000000000000,035
035,011,202603,202602,6OIF045I,00,NENL,R,000000000001,"000000000001,6","0,00438","0000000000000,01","0000000000000,00","0000000000000,00","0000000000000,01",,"0000000000000,00","0000000000000,00","0000000000000,00",000000000000000,035
035,011,202603,202602,6OIF062I,00,NENL,N,000000000011,"000000000021,9","0,00626","0000000000000,14","0000000000000,01","0000000000000,00","0000000000000,15",,"0000000000000,00","0000000000000,00","0000000000000,00",000000000000000,035
035,011,202603,202602,6OIF062I,00,NENL,N,000000000002,"000000000004,8","0,00631","0000000000000,03","0000000000000,00","0000000000000,00","0000000000000,03",,"0000000000000,00","0000000000000,00","0000000000000,00",000000000000000,035
035,011,202603,202602,6OIF080I,00,NENL,N,000000000001,"000000000002,7","0,00626","0000000000000,02","0000000000000,00","0000000000000,00","0000000000000,02",,"0000000000000,00","0000000000000,00","0000000000000,00",000000000000000,035
035,011,202603,202602,6OIF083I,00,NENL,N,000000000002,"000000000003,2","0,00626","0000000000000,02","0000000000000,00","0000000000000,00","0000000000000,02",,"0000000000000,00","0000000000000,00","0000000000000,00",000000000000000,035
035,011,202603,202602,6OIF083I,00,NENL,R,000000000001,"000000000000,5","0,00441","0000000000000,00","0000000000000,00","0000000000000,00","0000000000000,00",,"0000000000000,00","0000000000000,00","0000000000000,00",000000000000000,035
035,011,202603,202602,6OIF084I,00,NENL,N,000000000001,"000000000004,2","0,00631","0000000000000,03","0000000000000,00","0000000000000,00","0000000000000,03",,"0000000000000,00","0000000000000,00","0000000000000,00",000000000000000,035
035,011,202603,202602,6OIF086I,00,NENL,N,000000000039,"000000000253,1","0,00626","0000000000001,58","0000000000000,06","0000000000000,00","0000000000001,64",,"0000000000000,01","0000000000000,00","0000000000000,00",000000000000000,035
035,011,202603,202602,6OIF086I,00,NENL,N,000000000004,"000000000016,9","0,00631","0000000000000,11","0000000000000,00","0000000000000,00","0000000000000,11",,"0000000000000,00","0000000000000,00","0000000000000,00",000000000000000,035
035,011,202603,202602,6OIF086I,00,NENL,R,000000000001,"000000000002,9","0,00438","0000000000000,01","0000000000000,00","0000000000000,00","0000000000000,01",,"0000000000000,00","0000000000000,00","0000000000000,00",000000000000000,035
035,011,202603,202602,6OIF087I,00,NENL,N,000000000003,"000000000006,2","0,00631","0000000000000,04","0000000000000,00","0000000000000,00","0000000000000,04",,"0000000000000,00","0000000000000,00","0000000000000,00",000000000000000,035
035,011,202603,202602,7CTB003I,00,NENL,N,000000000106,"000000000305,7","0,00626","0000000000001,91","0000000000000,07","0000000000000,00","0000000000001,98",,"0000000000000,02","0000000000000,00","0000000000000,00",000000000000000,035
035,011,202603,202602,7CTB003I,00,NENL,N,000000000022,"000000000042,4","0,00631","0000000000000,27","0000000000000,01","0000000000000,00","0000000000000,28",,"0000000000000,00","0000000000000,00","0000000000000,00",000000000000000,035
035,011,202603,202602,7CTB003I,00,NENL,R,000000000001,"000000000017,6","0,00438","0000000000000,08","0000000000000,00","0000000000000,00","0000000000000,08",,"0000000000000,00","0000000000000,00","0000000000000,00",000000000000000,035
035,011,202603,202602,7CTB016I,00,NENL,N,000000000120,"000000000407,2","0,00626","0000000000002,55","0000000000000,10","0000000000000,00","0000000000002,65",,"0000000000000,02","0000000000000,00","0000000000000,00",000000000000000,035
035,011,202603,202602,7CTB016I,00,NENL,N,000000000013,"000000000027,2","0,00631","0000000000000,17","0000000000000,01","0000000000000,00","0000000000000,18",,"0000000000000,00","0000000000000,00","0000000000000,00",000000000000000,035
035,011,202603,202602,7CTB016I,00,NENL,R,000000000004,"000000000053,2","0,00438","0000000000000,23","0000000000000,01","0000000000000,00","0000000000000,24",,"0000000000000,00","0000000000000,00","0000000000000,00",000000000000000,035
035,011,202603,202602,7CTB025I,00,NENL,N,000000000268,"000000001135,3","0,00626","0000000000007,11","0000000000000,27","0000000000000,00","0000000000007,38",,"0000000000000,06","0000000000000,00","0000000000000,00",000000000000001,035
035,011,202603,202602,7CTB025I,00,NENL,N,000000000050,"000000000249,5","0,00631","0000000000001,57","0000000000000,06","0000000000000,00","0000000000001,63",,"0000000000000,01","0000000000000,00","0000000000000,00",000000000000000,035
035,011,202603,202602,7CTB025I,00,NENL,R,000000000002,"000000000003,7","0,00438","0000000000000,02","0000000000000,00","0000000000000,00","0000000000000,02",,"0000000000000,00","0000000000000,00","0000000000000,00",000000000000000,035
035,011,202603,202602,7CTB026I,00,NENL,N,000000000004,"000000000009,6","0,00626","0000000000000,06","0000000000000,00","0000000000000,00","0000000000000,06",,"0000000000000,00","0000000000000,00","0000000000000,00",000000000000000,035
035,011,202603,202602,7CTB028I,00,NENL,N,000000000335,"000000000825,3","0,00626","0000000000005,17","0000000000000,20","0000000000000,00","0000000000005,37",,"0000000000000,05","0000000000000,00","0000000000000,00",000000000000001,035
035,011,202603,202602,7CTB028I,00,NENL,N,000000000065,"000000000190,4","0,00631","0000000000001,20","0000000000000,05","0000000000000,00","0000000000001,25",,"0000000000000,01","0000000000000,00","0000000000000,00",000000000000000,035
035,011,202603,202602,7CTB028I,00,NENL,R,000000000007,"000000000059,0","0,00438","0000000000000,26","0000000000000,01","0000000000000,00","0000000000000,27",,"0000000000000,00","0000000000000,00","0000000000000,00",000000000000000,035
035,011,202603,202602,7CTB031I,00,NENL,N,000000000049,"000000000093,8","0,00626","0000000000000,59","0000000000000,02","0000000000000,00","0000000000000,61",,"0000000000000,01","0000000000000,00","0000000000000,00",000000000000000,035
035,011,202603,202602,7CTB031I,00,NENL,N,000000000006,"000000000013,5","0,00631","0000000000000,09","0000000000000,00","0000000000000,00","0000000000000,09",,"0000000000000,00","0000000000000,00","0000000000000,00",000000000000000,035
035,011,202603,202602,7CTB031I,00,NENL,R,000000000003,"000000000009,1","0,00438","0000000000000,04","0000000000000,00","0000000000000,00","0000000000000,04",,"0000000000000,00","0000000000000,00","0000000000000,00",000000000000000,035
035,011,202603,202602,7CTB034I,00,NENL,N,000000000203,"000000000642,6","0,00626","0000000000004,02","0000000000000,15","0000000000000,00","0000000000004,17",,"0000000000000,04","0000000000000,00","0000000000000,00",000000000000000,035
035,011,202603,202602,7CTB034I,00,NENL,N,000000000046,"000000000181,3","0,00631","0000000000001,14","0000000000000,04","0000000000000,00","0000000000001,18",,"0000000000000,01","0000000000000,00","0000000000000,00",000000000000000,035
035,011,202603,202602,7CTB034I,00,NENL,R,000000000013,"000000000137,3","0,00438","0000000000000,60","0000000000000,02","0000000000000,00","0000000000000,62",,"0000000000000,01","0000000000000,00","0000000000000,00",000000000000000,035
035,011,202603,202602,7CTB034I,00,NENL,R,000000000002,"000000000011,0","0,00441","0000000000000,05","0000000000000,00","0000000000000,00","0000000000000,05",,"0000000000000,00","0000000000000,00","0000000000000,00",000000000000000,035
035,011,202603,202602,7OIF081I,00,NENL,N,000000000001,"000000000003,9","0,00626","0000000000000,02","0000000000000,00","0000000000000,00","0000000000000,02",,"0000000000000,00","0000000000000,00","0000000000000,00",000000000000000,035
035,011,202603,202602,7OIF083I,00,NENL,N,000000000002,"000000000005,7","0,00631","0000000000000,04","0000000000000,00","0000000000000,00","0000000000000,04",,"0000000000000,00","0000000000000,00","0000000000000,00",000000000000000,035
035,011,202603,202602,7OIF083I,00,NENL,R,000000000001,"000000000007,8","0,00441","0000000000000,03","0000000000000,00","0000000000000,00","0000000000000,03",,"0000000000000,00","0000000000000,00","0000000000000,00",000000000000000,035
035,011,202603,202602,7OIF084I,00,NENL,N,000000000001,"000000000002,9","0,00631","0000000000000,02","0000000000000,00","0000000000000,00","0000000000000,02",,"0000000000000,00","0000000000000,00","0000000000000,00",000000000000000,035
035,011,202603,202602,7OIF086I,00,NENL,N,000000000040,"000000000316,2","0,00626","0000000000001,98","0000000000000,07","0000000000000,00","0000000000002,05",,"0000000000000,02","0000000000000,00","0000000000000,00",000000000000000,035
035,011,202603,202602,7OIF086I,00,NENL,N,000000000014,"000000000078,7","0,00631","0000000000000,50","0000000000000,02","0000000000000,00","0000000000000,52",,"0000000000000,00","0000000000000,00","0000000000000,00",000000000000000,035
035,011,202603,202602,7TIF020I,00,NENL,N,000000000001,"000000000000,5","0,00626","0000000000000,00","0000000000000,00","0000000000000,00","0000000000000,00",,"0000000000000,00","0000000000000,00","0000000000000,00",000000000000000,035
035,011,202603,202602,8ALG003I,00,NENL,N,000000000054,"000000000120,8","0,00626","0000000000000,76","0000000000000,03","0000000000000,00","0000000000000,79",,"0000000000000,01","0000000000000,00","0000000000000,00",000000000000000,035
035,011,202603,202602,8ALG003I,00,NENL,N,000000000014,"000000000042,1","0,00631","0000000000000,27","0000000000000,01","0000000000000,00","0000000000000,28",,"0000000000000,00","0000000000000,00","0000000000000,00",000000000000000,035
035,011,202603,202602,8ALG006I,00,NENL,N,000000000010,"000000000030,9","0,00626","0000000000000,19","0000000000000,01","0000000000000,00","0000000000000,20",,"0000000000000,00","0000000000000,00","0000000000000,00",000000000000000,035
035,011,202603,202602,8CTB0021,00,NENL,N,000000000285,"000000001382,6","0,00626","0000000000008,66","0000000000000,33","0000000000000,00","0000000000008,99",,"0000000000000,08","0000000000000,00","0000000000000,00",000000000000001,035
035,011,202603,202602,8CTB0021,00,NENL,N,000000000044,"000000000154,4","0,00631","0000000000000,97","0000000000000,04","0000000000000,00","0000000000001,01",,"0000000000000,01","0000000000000,00","0000000000000,00",000000000000000,035
035,011,202603,202602,8CTB003I,00,NENL,N,000000000170,"000000000598,0","0,00626","0000000000003,74","0000000000000,14","0000000000000,00","0000000000003,88",,"0000000000000,03","0000000000000,00","0000000000000,00",000000000000000,035
035,011,202603,202602,8CTB003I,00,NENL,N,000000000026,"000000000074,5","0,00631","0000000000000,47","0000000000000,02","0000000000000,00","0000000000000,49",,"0000000000000,00","0000000000000,00","0000000000000,00",000000000000000,035
035,011,202603,202602,8CTB003I,00,NENL,R,000000000006,"000000000018,7","0,00438","0000000000000,08","0000000000000,00","0000000000000,00","0000000000000,08",,"0000000000000,00","0000000000000,00","0000000000000,00",000000000000000,035
035,011,202603,202602,8CTB003I,00,NENL,R,000000000001,"000000000002,2","0,00441","0000000000000,01","0000000000000,00","0000000000000,00","0000000000000,01",,"0000000000000,00","0000000000000,00","0000000000000,00",000000000000000,035
035,011,202603,202602,8CTB006I,00,NENL,N,000000000053,"000000000096,3","0,00626","0000000000000,60","0000000000000,02","0000000000000,00","0000000000000,62",,"0000000000000,01","0000000000000,00","0000000000000,00",000000000000000,035
035,011,202603,202602,8CTB006I,00,NENL,N,000000000018,"000000000014,6","0,00631","0000000000000,09","0000000000000,00","0000000000000,00","0000000000000,09",,"0000000000000,00","0000000000000,00","0000000000000,00",000000000000000,035
035,011,202603,202602,8CTB015I,00,NENL,N,000000000015,"000000000077,3","0,00626","0000000000000,48","0000000000000,02","0000000000000,00","0000000000000,50",,"0000000000000,00","0000000000000,00","0000000000000,00",000000000000000,035
035,011,202603,202602,8CTB015I,00,NENL,N,000000000005,"000000000011,0","0,00631","0000000000000,07","0000000000000,00","0000000000000,00","0000000000000,07",,"0000000000000,00","0000000000000,00","0000000000000,00",000000000000000,035
035,011,202603,202602,8CTB018I,00,NENL,N,000000000041,"000000000143,0","0,00626","0000000000000,90","0000000000000,03","0000000000000,00","0000000000000,93",,"0000000000000,01","0000000000000,00","0000000000000,00",000000000000000,035
035,011,202603,202602,8CTB018I,00,NENL,N,000000000006,"000000000043,3","0,00631","0000000000000,27","0000000000000,01","0000000000000,00","0000000000000,28",,"0000000000000,00","0000000000000,00","0000000000000,00",000000000000000,035
035,011,202603,202602,8CTB018I,00,NENL,R,000000000002,"000000000009,0","0,00438","0000000000000,04","0000000000000,00","0000000000000,00","0000000000000,04",,"0000000000000,00","0000000000000,00","0000000000000,00",000000000000000,035
035,011,202603,202602,8CTB018I,00,NENL,R,000000000001,"000000000014,6","0,00441","0000000000000,06","0000000000000,00","0000000000000,00","0000000000000,06",,"0000000000000,00","0000000000000,00","0000000000000,00",000000000000000,035
035,011,202603,202602,8CTB024I,00,NENL,N,000000000049,"000000000219,6","0,00626","0000000000001,37","0000000000000,05","0000000000000,00","0000000000001,42",,"0000000000000,01","0000000000000,00","0000000000000,00",000000000000000,035
035,011,202603,202602,8CTB024I,00,NENL,N,000000000004,"000000000004,5","0,00631","0000000000000,03","0000000000000,00","0000000000000,00","0000000000000,03",,"0000000000000,00","0000000000000,00","0000000000000,00",000000000000000,035
035,011,202603,202602,8CTB024I,00,NENL,R,000000000001,"000000000005,5","0,00438","0000000000000,02","0000000000000,00","0000000000000,00","0000000000000,02",,"0000000000000,00","0000000000000,00","0000000000000,00",000000000000000,035
035,011,202603,202602,8CTB027I,00,NENL,N,000000000006,"000000000015,0","0,00626","0000000000000,09","0000000000000,00","0000000000000,00","0000000000000,09",,"0000000000000,00","0000000000000,00","0000000000000,00",000000000000000,035
035,011,202603,202602,8CTB027I,00,NENL,N,000000000001,"000000000001,7","0,00631","0000000000000,01","0000000000000,00","0000000000000,00","0000000000000,01",,"0000000000000,00","0000000000000,00","0000000000000,00",000000000000000,035
035,011,202603,202602,8CTB030I,00,NENL,N,000000000072,"000000000186,7","0,00626","0000000000001,17","0000000000000,04","0000000000000,00","0000000000001,21",,"0000000000000,01","0000000000000,00","0000000000000,00",000000000000000,035
035,011,202603,202602,8CTB030I,00,NENL,N,000000000012,"000000000022,0","0,00631","0000000000000,14","0000000000000,01","0000000000000,00","0000000000000,15",,"0000000000000,00","0000000000000,00","0000000000000,00",000000000000000,035
035,011,202603,202602,8CTB033I,00,NENL,N,000000000014,"000000000015,4","0,00626","0000000000000,10","0000000000000,00","0000000000000,00","0000000000000,10",,"0000000000000,00","0000000000000,00","0000000000000,00",000000000000000,035
035,011,202603,202602,8CTB033I,00,NENL,N,000000000002,"000000000009,1","0,00631","0000000000000,06","0000000000000,00","0000000000000,00","0000000000000,06",,"0000000000000,00","0000000000000,00","0000000000000,00",000000000000000,035
035,011,202603,202602,8CTB036I,00,NENL,N,000000000017,"000000000057,5","0,00626","0000000000000,36","0000000000000,01","0000000000000,00","0000000000000,37",,"0000000000000,00","0000000000000,00","0000000000000,00",000000000000000,035
035,011,202603,202602,8OIF037I,00,NENL,N,000000000002,"000000000002,5","0,00626","0000000000000,02","0000000000000,00","0000000000000,00","0000000000000,02",,"0000000000000,00","0000000000000,00","0000000000000,00",000000000000000,035
035,011,202603,202602,8OIF046I,00,NENL,N,000000000008,"000000000021,2","0,00626","0000000000000,13","0000000000000,01","0000000000000,00","0000000000000,14",,"0000000000000,00","0000000000000,00","0000000000000,00",000000000000000,035
035,011,202603,202602,8OIF046I,00,NENL,N,000000000001,"000000000002,9","0,00631","0000000000000,02","0000000000000,00","0000000000000,00","0000000000000,02",,"0000000000000,00","0000000000000,00","0000000000000,00",000000000000000,035
035,011,202603,202602,8OIF052I,00,NENL,N,000000000003,"000000000005,4","0,00626","0000000000000,03","0000000000000,00","0000000000000,00","0000000000000,03",,"0000000000000,00","0000000000000,00","0000000000000,00",000000000000000,035
035,011,202603,202602,8OIF060I,00,NENL,N,000000000005,"000000000019,5","0,00626","0000000000000,12","0000000000000,00","0000000000000,00","0000000000000,12",,"0000000000000,00","0000000000000,00","0000000000000,00",000000000000000,035
035,011,202603,202602,8OIF069I,00,NENL,N,000000000001,"000000000001,1","0,00626","0000000000000,01","0000000000000,00","0000000000000,00","0000000000000,01",,"0000000000000,00","0000000000000,00","0000000000000,00",000000000000000,035
035,011,202603,202602,8OIF069I,00,NENL,R,000000000001,"000000000000,5","0,00441","0000000000000,00","0000000000000,00","0000000000000,00","0000000000000,00",,"0000000000000,00","0000000000000,00","0000000000000,00",000000000000000,035
035,011,202603,202602,8OIF114I,00,NENL,N,000000000021,"000000000190,4","0,00626","0000000000001,19","0000000000000,05","0000000000000,00","0000000000001,24",,"0000000000000,01","0000000000000,00","0000000000000,00",000000000000000,035
035,011,202603,202602,8OIF114I,00,NENL,N,000000000004,"000000000022,8","0,00631","0000000000000,14","0000000000000,01","0000000000000,00","0000000000000,15",,"0000000000000,00","0000000000000,00","0000000000000,00",000000000000000,035
035,011,202603,202602,8OIF127I,00,NENL,N,000000000023,"000000000076,4","0,00626","0000000000000,48","0000000000000,02","0000000000000,00","0000000000000,50",,"0000000000000,00","0000000000000,00","0000000000000,00",000000000000000,035
035,011,202603,202602,8OIF127I,00,NENL,N,000000000006,"000000000008,5","0,00631","0000000000000,05","0000000000000,00","0000000000000,00","0000000000000,05",,"0000000000000,00","0000000000000,00","0000000000000,00",000000000000000,035
035,011,202603,202602,A021239,00,NENL,N,000000000117,"000000000236,9","0,00626","0000000000001,48","0000000000000,06","0000000000000,00","0000000000001,54",,"0000000000000,01","0000000000000,00","0000000000000,00",000000000000000,035
035,011,202603,202602,A021239,00,NENL,N,000000000024,"000000000051,3","0,00631","0000000000000,32","0000000000000,01","0000000000000,00","0000000000000,33",,"0000000000000,00","0000000000000,00","0000000000000,00",000000000000000,035
035,011,202603,202602,A021239,00,NENL,R,000000000001,"000000000004,7","0,00438","0000000000000,02","0000000000000,00","0000000000000,00","0000000000000,02",,"0000000000000,00","0000000000000,00","0000000000000,00",000000000000000,035
035,011,202603,202602,A021239,00,NENL,R,000000000001,"000000000000,5","0,00441","0000000000000,00","0000000000000,00","0000000000000,00","0000000000000,00",,"0000000000000,00","0000000000000,00","0000000000000,00",000000000000000,035
035,011,202603,202602,A030901,00,NENL,N,000000000119,"000000000293,6","0,00626","0000000000001,84","0000000000000,07","0000000000000,00","0000000000001,91",,"0000000000000,02","0000000000000,00","0000000000000,00",000000000000000,035
035,011,202603,202602,A030901,00,NENL,N,000000000023,"000000000074,0","0,00631","0000000000000,47","0000000000000,02","0000000000000,00","0000000000000,49",,"0000000000000,00","0000000000000,00","0000000000000,00",000000000000000,035
035,011,202603,202602,A030901,00,NENL,R,000000000002,"000000000004,7","0,00438","0000000000000,02","0000000000000,00","0000000000000,00","0000000000000,02",,"0000000000000,00","0000000000000,00","0000000000000,00",000000000000000,035
035,011,202603,202602,AM10002,00,NENL,N,000000000175,"000000000108,3","0,00626","0000000000000,68","0000000000000,03","0000000000000,00","0000000000000,71",,"0000000000000,01","0000000000000,00","0000000000000,00",000000000000000,035
035,011,202603,202602,AM10002,00,NENL,N,000000000006,"000000000003,0","0,00631","0000000000000,02","0000000000000,00","0000000000000,00","0000000000000,02",,"0000000000000,00","0000000000000,00","0000000000000,00",000000000000000,035
035,011,202603,202602,AM11030,00,NENL,N,000000000012,"000000000012,1","0,00626","0000000000000,08","0000000000000,00","0000000000000,00","0000000000000,08",,"0000000000000,00","0000000000000,00","0000000000000,00",000000000000000,035
035,011,202603,202602,AP1TLF_N,00,NENL,N,000000000972,"000000002441,7","0,00626","0000000000015,29","0000000000000,58","0000000000000,00","0000000000015,87",,"0000000000000,14","0000000000000,00","0000000000000,00",000000000000002,035
035,011,202603,202602,AP1TLF_N,00,NENL,N,000000000132,"000000000423,5","0,00631","0000000000002,67","0000000000000,10","0000000000000,00","0000000000002,77",,"0000000000000,02","0000000000000,00","0000000000000,00",000000000000000,035
035,011,202603,202602,AP1TLF_N,00,NENL,R,000000000018,"000000000419,2","0,00438","0000000000001,84","0000000000000,07","0000000000000,00","0000000000001,91",,"0000000000000,02","0000000000000,00","0000000000000,00",000000000000000,035
035,011,202603,202602,AP1TLF_N,00,NENL,R,000000000003,"000000000040,2","0,00441","0000000000000,18","0000000000000,01","0000000000000,00","0000000000000,19",,"0000000000000,00","0000000000000,00","0000000000000,00",000000000000000,035
035,011,202603,202602,AP2TLF_N,00,NENL,N,000000000998,"000000002848,0","0,00626","0000000000017,83","0000000000000,68","0000000000000,00","0000000000018,51",,"0000000000000,16","0000000000000,00","0000000000000,00",000000000000002,035
035,011,202603,202602,AP2TLF_N,00,NENL,N,000000000154,"000000000543,6","0,00631","0000000000003,43","0000000000000,13","0000000000000,00","0000000000003,56",,"0000000000000,03","0000000000000,00","0000000000000,00",000000000000000,035
035,011,202603,202602,AP2TLF_N,00,NENL,R,000000000022,"000000000484,1","0,00438","0000000000002,12","0000000000000,08","0000000000000,00","0000000000002,20",,"0000000000000,02","0000000000000,00","0000000000000,00",000000000000000,035
035,011,202603,202602,AP2TLF_N,00,NENL,R,000000000004,"000000000026,4","0,00441","0000000000000,12","0000000000000,00","0000000000000,00","0000000000000,12",,"0000000000000,00","0000000000000,00","0000000000000,00",000000000000000,035
035,011,202603,202602,CO100812,00,NENL,N,000000000106,"000000000382,9","0,00626","0000000000002,40","0000000000000,09","0000000000000,00","0000000000002,49",,"0000000000000,02","0000000000000,00","0000000000000,00",000000000000000,035
035,011,202603,202602,CO100812,00,NENL,N,000000000015,"000000000034,4","0,00631","0000000000000,22","0000000000000,01","0000000000000,00","0000000000000,23",,"0000000000000,00","0000000000000,00","0000000000000,00",000000000000000,035
035,011,202603,202602,CO100814,00,GE8L,N,000000000001,"000000000006,3","0,00626","0000000000000,04","0000000000000,00","0000000000000,00","0000000000000,04",,"0000000000000,00","0000000000000,00","0000000000000,00",000000000000000,035
035,011,202603,202602,CO100814,00,NENL,N,000000000088,"000000000306,8","0,00626","0000000000001,92","0000000000000,07","0000000000000,00","0000000000001,99",,"0000000000000,02","0000000000000,00","0000000000000,00",000000000000000,035
035,011,202603,202602,CO100814,00,NENL,N,000000000013,"000000000023,9","0,00631","0000000000000,15","0000000000000,01","0000000000000,00","0000000000000,16",,"0000000000000,00","0000000000000,00","0000000000000,00",000000000000000,035
035,011,202603,202602,D017CTBC,00,NENL,N,000000000049,"000000000096,9","0,00626","0000000000000,61","0000000000000,02","0000000000000,00","0000000000000,63",,"0000000000000,01","0000000000000,00","0000000000000,00",000000000000000,035
035,011,202603,202602,D017CTBC,00,NENL,N,000000000010,"000000000061,4","0,00631","0000000000000,39","0000000000000,01","0000000000000,00","0000000000000,40",,"0000000000000,00","0000000000000,00","0000000000000,00",000000000000000,035
035,011,202603,202602,D017CTBC,00,NENL,R,000000000004,"000000000017,1","0,00438","0000000000000,07","0000000000000,00","0000000000000,00","0000000000000,07",,"0000000000000,00","0000000000000,00","0000000000000,00",000000000000000,035
035,011,202603,202602,E0403386,00,NENL,N,000000000023,"000000000057,2","0,00626","0000000000000,36","0000000000000,01","0000000000000,00","0000000000000,37",,"0000000000000,00","0000000000000,00","0000000000000,00",000000000000000,035
035,011,202603,202602,E0403386,00,NENL,N,000000000002,"000000000005,8","0,00631","0000000000000,04","0000000000000,00","0000000000000,00","0000000000000,04",,"0000000000000,00","0000000000000,00","0000000000000,00",000000000000000,035
035,011,202603,202602,E0404084,00,NENL,N,000000000040,"000000000084,5","0,00626","0000000000000,53","0000000000000,02","0000000000000,00","0000000000000,55",,"0000000000000,00","0000000000000,00","0000000000000,00",000000000000000,035
035,011,202603,202602,E0404084,00,NENL,N,000000000004,"000000000004,7","0,00631","0000000000000,03","0000000000000,00","0000000000000,00","0000000000000,03",,"0000000000000,00","0000000000000,00","0000000000000,00",000000000000000,035
035,011,202603,202602,IB100812,00,NENL,N,000000000100,"000000000280,1","0,00626","0000000000001,75","0000000000000,07","0000000000000,00","0000000000001,82",,"0000000000000,02","0000000000000,00","0000000000000,00",000000000000000,035
035,011,202603,202602,IB100812,00,NENL,N,000000000017,"000000000047,9","0,00631","0000000000000,30","0000000000000,01","0000000000000,00","0000000000000,31",,"0000000000000,00","0000000000000,00","0000000000000,00",000000000000000,035
035,011,202603,202602,IB100814,00,NENL,N,000000000092,"000000000290,2","0,00626","0000000000001,82","0000000000000,07","0000000000000,00","0000000000001,89",,"0000000000000,02","0000000000000,00","0000000000000,00",000000000000000,035
035,011,202603,202602,IB100814,00,NENL,N,000000000017,"000000000041,2","0,00631","0000000000000,26","0000000000000,01","0000000000000,00","0000000000000,27",,"0000000000000,00","0000000000000,00","0000000000000,00",000000000000000,035
035,011,202603,202602,JG6TLF_S,00,GE8L,N,000000000002,"000000000006,8","0,00626","0000000000000,04","0000000000000,00","0000000000000,00","0000000000000,04",,"0000000000000,00","0000000000000,00","0000000000000,00",000000000000000,035
035,011,202603,202602,MB301110,00,NENL,N,000000000465,"000000001299,4","0,00626","0000000000008,13","0000000000000,31","0000000000000,00","0000000000008,44",,"0000000000000,07","0000000000000,00","0000000000000,00",000000000000001,035
035,011,202603,202602,MB301110,00,NENL,N,000000000052,"000000000139,1","0,00631","0000000000000,88","0000000000000,03","0000000000000,00","0000000000000,91",,"0000000000000,01","0000000000000,00","0000000000000,00",000000000000000,035
035,011,202603,202602,MB301110,00,NENL,R,000000000002,"000000000005,4","0,00438","0000000000000,02","0000000000000,00","0000000000000,00","0000000000000,02",,"0000000000000,00","0000000000000,00","0000000000000,00",000000000000000,035
035,011,202603,202602,MB301153,00,GE8L,N,000000000013,"000000000061,5","0,00626","0000000000000,38","0000000000000,01","0000000000000,00","0000000000000,39",,"0000000000000,00","0000000000000,00","0000000000000,00",000000000000000,035
035,011,202603,202602,MB301153,00,NENL,N,000000000680,"000000002598,8","0,00626","0000000000016,27","0000000000000,62","0000000000000,00","0000000000016,89",,"0000000000000,15","0000000000000,00","0000000000000,00",000000000000002,035
035,011,202603,202602,MB301153,00,NENL,N,000000000120,"000000000363,1","0,00631","0000000000002,29","0000000000000,09","0000000000000,00","0000000000002,38",,"0000000000000,02","0000000000000,00","0000000000000,00",000000000000000,035
035,011,202603,202602,MB301153,00,NENL,R,000000000007,"000000000021,8","0,00438","0000000000000,10","0000000000000,00","0000000000000,00","0000000000000,10",,"0000000000000,00","0000000000000,00","0000000000000,00",000000000000000,035
035,011,202603,202602,MB303287,00,NENL,N,000000000001,"000000000001,3","0,00626","0000000000000,01","0000000000000,00","0000000000000,00","0000000000000,01",,"0000000000000,00","0000000000000,00","0000000000000,00",000000000000000,035
035,011,202603,202602,MB303539,00,NENL,N,000000000011,"000000000037,0","0,00626","0000000000000,23","0000000000000,01","0000000000000,00","0000000000000,24",,"0000000000000,00","0000000000000,00","0000000000000,00",000000000000000,035
035,011,202603,202602,MB303539,00,NENL,N,000000000011,"000000000024,6","0,00631","0000000000000,16","0000000000000,01","0000000000000,00","0000000000000,17",,"0000000000000,00","0000000000000,00","0000000000000,00",000000000000000,035
035,011,202603,202602,MB303543,00,NENL,N,000000000012,"000000000039,2","0,00626","0000000000000,25","0000000000000,01","0000000000000,00","0000000000000,26",,"0000000000000,00","0000000000000,00","0000000000000,00",000000000000000,035
035,011,202603,202602,MB303543,00,NENL,N,000000000018,"000000000050,7","0,00631","0000000000000,32","0000000000000,01","0000000000000,00","0000000000000,33",,"0000000000000,00","0000000000000,00","0000000000000,00",000000000000000,035
035,011,202603,202602,O012105,00,NENL,N,000000000114,"000000000321,7","0,00626","0000000000002,01","0000000000000,08","0000000000000,00","0000000000002,09",,"0000000000000,02","0000000000000,00","0000000000000,00",000000000000000,035
035,011,202603,202602,O012105,00,NENL,N,000000000030,"000000000094,4","0,00631","0000000000000,60","0000000000000,02","0000000000000,00","0000000000000,62",,"0000000000000,01","0000000000000,00","0000000000000,00",000000000000000,035
035,011,202603,202602,O012105,00,NENL,R,000000000002,"000000000052,6","0,00438","0000000000000,23","0000000000000,01","0000000000000,00","0000000000000,24",,"0000000000000,00","0000000000000,00","0000000000000,00",000000000000000,035
035,011,202603,202602,PD6ICTBC,00,NENL,N,000000000743,"000000002506,3","0,00626","0000000000015,69","0000000000000,59","0000000000000,00","0000000000016,28",,"0000000000000,14","0000000000000,00","0000000000000,00",000000000000002,035
035,011,202603,202602,PD6ICTBC,00,NENL,N,000000000133,"000000000415,2","0,00631","0000000000002,62","0000000000000,10","0000000000000,00","0000000000002,72",,"0000000000000,02","0000000000000,00","0000000000000,00",000000000000000,035
035,011,202603,202602,PD6ICTBC,00,NENL,R,000000000010,"000000000050,5","0,00438","0000000000000,22","0000000000000,01","0000000000000,00","0000000000000,23",,"0000000000000,00","0000000000000,00","0000000000000,00",000000000000000,035
035,011,202603,202602,PD6ICTBC,00,NENL,R,000000000001,"000000000000,5","0,00441","0000000000000,00","0000000000000,00","0000000000000,00","0000000000000,00",,"0000000000000,00","0000000000000,00","0000000000000,00",000000000000000,035
035,011,202603,202602,PW018FKL,00,NENL,N,000000000045,"000000000026,4","0,00626","0000000000000,17","0000000000000,01","0000000000000,00","0000000000000,18",,"0000000000000,00","0000000000000,00","0000000000000,00",000000000000000,035
035,011,202603,202602,PW018FKL,00,NENL,N,000000000005,"000000000005,4","0,00631","0000000000000,03","0000000000000,00","0000000000000,00","0000000000000,03",,"0000000000000,00","0000000000000,00","0000000000000,00",000000000000000,035
035,011,202603,202602,PW018HJE,00,NENL,N,000000000002,"000000000003,7","0,00626","0000000000000,02","0000000000000,00","0000000000000,00","0000000000000,02",,"0000000000000,00","0000000000000,00","0000000000000,00",000000000000000,035
035,011,202603,202602,PW019CTB,00,NEAL,N,000000000001,"000000000001,7","0,00626","0000000000000,01","0000000000000,00","0000000000000,00","0000000000000,01",,"0000000000000,00","0000000000000,00","0000000000000,00",000000000000000,035
035,011,202603,202602,PW019CTB,00,NENL,N,000000002932,"000000013223,0","0,00626","0000000000082,78","0000000000003,14","0000000000000,00","0000000000085,92",,"0000000000000,74","0000000000000,00","0000000000000,00",000000000000008,035
035,011,202603,202602,PW019CTB,00,NENL,N,000000000486,"000000001988,5","0,00631","0000000000012,55","0000000000000,48","0000000000000,00","0000000000013,03",,"0000000000000,11","0000000000000,00","0000000000000,00",000000000000001,035
035,011,202603,202602,PW019CTB,00,NENL,R,000000000107,"000000001092,0","0,00438","0000000000004,78","0000000000000,18","0000000000000,00","0000000000004,96",,"0000000000000,04","0000000000000,00","0000000000000,00",000000000000000,035
035,011,202603,202602,PW019CTB,00,NENL,R,000000000014,"000000000124,3","0,00441","0000000000000,55","0000000000000,02","0000000000000,00","0000000000000,57",,"0000000000000,00","0000000000000,00","0000000000000,00",000000000000000,035
035,011,202603,202602,PW028FKL,00,NENL,N,000000000124,"000000000086,7","0,00626","0000000000000,54","0000000000000,02","0000000000000,00","0000000000000,56",,"0000000000000,00","0000000000000,00","0000000000000,00",000000000000000,035
035,011,202603,202602,PW028FKL,00,NENL,N,000000000010,"000000000017,6","0,00631","0000000000000,11","0000000000000,00","0000000000000,00","0000000000000,11",,"0000000000000,00","0000000000000,00","0000000000000,00",000000000000000,035
035,011,202603,202602,PW028HJE,00,NENL,N,000000000004,"000000000009,0","0,00626","0000000000000,06","0000000000000,00","0000000000000,00","0000000000000,06",,"0000000000000,00","0000000000000,00","0000000000000,00",000000000000000,035
035,011,202603,202602,PW029CTB,00,NENL,N,000000001942,"000000007526,7","0,00626","0000000000047,12","0000000000001,78","0000000000000,00","0000000000048,90",,"0000000000000,42","0000000000000,00","0000000000000,00",000000000000005,035
035,011,202603,202602,PW029CTB,00,NENL,N,000000000375,"000000001876,9","0,00631","0000000000011,84","0000000000000,45","0000000000000,00","0000000000012,29",,"0000000000000,11","0000000000000,00","0000000000000,00",000000000000001,035
035,011,202603,202602,PW029CTB,00,NENL,R,000000000069,"000000000913,4","0,00438","0000000000004,00","0000000000000,15","0000000000000,00","0000000000004,15",,"0000000000000,04","0000000000000,00","0000000000000,00",000000000000000,035
035,011,202603,202602,PW029CTB,00,NENL,R,000000000010,"000000000083,3","0,00441","0000000000000,37","0000000000000,01","0000000000000,00","0000000000000,38",,"0000000000000,00","0000000000000,00","0000000000000,00",000000000000000,035
035,011,202603,202602,Q020486,00,NENL,N,000000000130,"000000000313,2","0,00626","0000000000001,96","0000000000000,07","0000000000000,00","0000000000002,03",,"0000000000000,02","0000000000000,00","0000000000000,00",000000000000000,035
035,011,202603,202602,Q020486,00,NENL,N,000000000020,"000000000121,7","0,00631","0000000000000,77","0000000000000,03","0000000000000,00","0000000000000,80",,"0000000000000,01","0000000000000,00","0000000000000,00",000000000000000,035
035,011,202603,202602,Q020486,00,NENL,R,000000000002,"000000000001,0","0,00438","0000000000000,00","0000000000000,00","0000000000000,00","0000000000000,00",,"0000000000000,00","0000000000000,00","0000000000000,00",000000000000000,035
035,011,202603,202602,Q0703212,00,NENL,N,000000000148,"000000000535,2","0,00626","0000000000003,35","0000000000000,13","0000000000000,00","0000000000003,48",,"0000000000000,03","0000000000000,00","0000000000000,00",000000000000000,035
035,011,202603,202602,Q0703212,00,NENL,N,000000000021,"000000000105,0","0,00631","0000000000000,66","0000000000000,03","0000000000000,00","0000000000000,69",,"0000000000000,01","0000000000000,00","0000000000000,00",000000000000000,035
035,011,202603,202602,Q0703212,00,NENL,R,000000000002,"000000000017,9","0,00438","0000000000000,08","0000000000000,00","0000000000000,00","0000000000000,08",,"0000000000000,00","0000000000000,00","0000000000000,00",000000000000000,035
035,011,202603,202602,Q0703338,00,NENL,N,000000000088,"000000000247,4","0,00626","0000000000001,55","0000000000000,06","0000000000000,00","0000000000001,61",,"0000000000000,01","0000000000000,00","0000000000000,00",000000000000000,035
035,011,202603,202602,Q0703338,00,NENL,N,000000000011,"000000000026,6","0,00631","0000000000000,17","0000000000000,01","0000000000000,00","0000000000000,18",,"0000000000000,00","0000000000000,00","0000000000000,00",000000000000000,035
035,011,202603,202602,Q0703338,00,NENL,R,000000000001,"000000000048,5","0,00438","0000000000000,21","0000000000000,01","0000000000000,00","0000000000000,22",,"0000000000000,00","0000000000000,00","0000000000000,00",000000000000000,035
035,011,202603,202602,Q0703365,00,NENL,N,000000000552,"000000001593,9","0,00626","0000000000009,98","0000000000000,38","0000000000000,00","0000000000010,36",,"0000000000000,09","0000000000000,00","0000000000000,00",000000000000001,035
035,011,202603,202602,Q0703365,00,NENL,N,000000000072,"000000000256,0","0,00631","0000000000001,62","0000000000000,06","0000000000000,00","0000000000001,68",,"0000000000000,01","0000000000000,00","0000000000000,00",000000000000000,035
035,011,202603,202602,Q0703365,00,NENL,R,000000000031,"000000000251,5","0,00438","0000000000001,10","0000000000000,04","0000000000000,00","0000000000001,14",,"0000000000000,01","0000000000000,00","0000000000000,00",000000000000000,035
035,011,202603,202602,Q0703412,00,NENL,N,000000000145,"000000000357,2","0,00626","0000000000002,24","0000000000000,08","0000000000000,00","0000000000002,32",,"0000000000000,02","0000000000000,00","0000000000000,00",000000000000000,035
035,011,202603,202602,Q0703412,00,NENL,N,000000000014,"000000000031,5","0,00631","0000000000000,20","0000000000000,01","0000000000000,00","0000000000000,21",,"0000000000000,00","0000000000000,00","0000000000000,00",000000000000000,035
035,011,202603,202602,Q0703412,00,NENL,R,000000000004,"000000000012,4","0,00438","0000000000000,05","0000000000000,00","0000000000000,00","0000000000000,05",,"0000000000000,00","0000000000000,00","0000000000000,00",000000000000000,035
035,011,202603,202602,Q0703558,00,NENL,N,000000001204,"000000003478,8","0,00626","0000000000021,78","0000000000000,82","0000000000000,00","0000000000022,60",,"0000000000000,20","0000000000000,00","0000000000000,00",000000000000002,035
035,011,202603,202602,Q0703558,00,NENL,N,000000000159,"000000000393,5","0,00631","0000000000002,48","0000000000000,09","0000000000000,00","0000000000002,57",,"0000000000000,02","0000000000000,00","0000000000000,00",000000000000000,035
035,011,202603,202602,Q0703558,00,NENL,R,000000000031,"000000000259,2","0,00438","0000000000001,14","0000000000000,04","0000000000000,00","0000000000001,18",,"0000000000000,01","0000000000000,00","0000000000000,00",000000000000000,035
035,011,202603,202602,Q0703558,00,NENL,R,000000000004,"000000000022,4","0,00441","0000000000000,10","0000000000000,00","0000000000000,00","0000000000000,10",,"0000000000000,00","0000000000000,00","0000000000000,00",000000000000000,035
035,011,202603,202602,RQ0112AQ,00,NENL,N,000000000059,"000000000111,4","0,00626","0000000000000,70","0000000000000,03","0000000000000,00","0000000000000,73",,"0000000000000,01","0000000000000,00","0000000000000,00",000000000000000,035
035,011,202603,202602,RQ0112AQ,00,NENL,N,000000000011,"000000000042,3","0,00631","0000000000000,27","0000000000000,01","0000000000000,00","0000000000000,28",,"0000000000000,00","0000000000000,00","0000000000000,00",000000000000000,035
035,011,202603,202602,RQ0112AQ,00,NENL,R,000000000004,"000000000037,8","0,00438","0000000000000,17","0000000000000,01","0000000000000,00","0000000000000,18",,"0000000000000,00","0000000000000,00","0000000000000,00",000000000000000,035
035,011,202603,202602,RQ0412JL,00,NENL,N,000000000037,"000000000179,1","0,00626","0000000000001,12","0000000000000,04","0000000000000,00","0000000000001,16",,"0000000000000,01","0000000000000,00","0000000000000,00",000000000000000,035
035,011,202603,202602,RQ0412JL,00,NENL,N,000000000014,"000000000036,0","0,00631","0000000000000,23","0000000000000,01","0000000000000,00","0000000000000,24",,"0000000000000,00","0000000000000,00","0000000000000,00",000000000000000,035
035,011,202603,202602,RQ0412JL,00,NENL,R,000000000005,"000000000037,2","0,00438","0000000000000,16","0000000000000,01","0000000000000,00","0000000000000,17",,"0000000000000,00","0000000000000,00","0000000000000,00",000000000000000,035
035,011,202603,202602,RQ0412JL,00,NENL,R,000000000002,"000000000009,4","0,00441","0000000000000,04","0000000000000,00","0000000000000,00","0000000000000,04",,"0000000000000,00","0000000000000,00","0000000000000,00",000000000000000,035
035,011,202603,202602,RQ0412MM,00,NENL,N,000000000035,"000000000145,6","0,00626","0000000000000,91","0000000000000,03","0000000000000,00","0000000000000,94",,"0000000000000,01","0000000000000,00","0000000000000,00",000000000000000,035
035,011,202603,202602,RQ0412MM,00,NENL,N,000000000004,"000000000015,9","0,00631","0000000000000,10","0000000000000,00","0000000000000,00","0000000000000,10",,"0000000000000,00","0000000000000,00","0000000000000,00",000000000000000,035
035,011,202603,202602,RQ053FAC,00,NENL,N,000000003044,"000000010915,7","0,00626","0000000000068,33","0000000000002,59","0000000000000,00","0000000000070,92",,"0000000000000,61","0000000000000,00","0000000000000,00",000000000000007,035
035,011,202603,202602,RQ053FAC,00,NENL,N,000000000610,"000000002196,2","0,00631","0000000000013,86","0000000000000,52","0000000000000,00","0000000000014,38",,"0000000000000,12","0000000000000,00","0000000000000,00",000000000000001,035
035,011,202603,202602,RQ053FAC,00,NENL,R,000000000229,"000000004625,4","0,00438","0000000000020,26","0000000000000,77","0000000000000,00","0000000000021,03",,"0000000000000,18","0000000000000,00","0000000000000,00",000000000000002,035
035,011,202603,202602,RQ053FAC,00,NENL,R,000000000025,"000000000327,5","0,00441","0000000000001,44","0000000000000,05","0000000000000,00","0000000000001,49",,"0000000000000,01","0000000000000,00","0000000000000,00",000000000000000,035
035,011,202603,202602,RR0112SR,00,NENL,N,000000000494,"000000002131,6","0,00626","0000000000013,34","0000000000000,51","0000000000000,00","0000000000013,85",,"0000000000000,12","0000000000000,00","0000000000000,00",000000000000001,035
035,011,202603,202602,RR0112SR,00,NENL,N,000000000066,"000000000273,9","0,00631","0000000000001,73","0000000000000,07","0000000000000,00","0000000000001,80",,"0000000000000,02","0000000000000,00","0000000000000,00",000000000000000,035
035,011,202603,202602,RR0112SR,00,NENL,R,000000000017,"000000000209,4","0,00438","0000000000000,92","0000000000000,03","0000000000000,00","0000000000000,95",,"0000000000000,01","0000000000000,00","0000000000000,00",000000000000000,035
035,011,202603,202602,RR0112SR,00,NENL,R,000000000001,"000000000027,5","0,00441","0000000000000,12","0000000000000,00","0000000000000,00","0000000000000,12",,"0000000000000,00","0000000000000,00","0000000000000,00",000000000000000,035
035,011,202603,202602,RR0312SR,00,NENL,N,000000000509,"000000001961,8","0,00626","0000000000012,28","0000000000000,47","0000000000000,00","0000000000012,75",,"0000000000000,11","0000000000000,00","0000000000000,00",000000000000001,035
035,011,202603,202602,RR0312SR,00,NENL,N,000000000078,"000000000417,9","0,00631","0000000000002,64","0000000000000,10","0000000000000,00","0000000000002,74",,"0000000000000,02","0000000000000,00","0000000000000,00",000000000000000,035
035,011,202603,202602,RR0312SR,00,NENL,R,000000000015,"000000000150,6","0,00438","0000000000000,66","0000000000000,02","0000000000000,00","0000000000000,68",,"0000000000000,01","0000000000000,00","0000000000000,00",000000000000000,035
035,011,202603,202602,RR0312SR,00,NENL,R,000000000002,"000000000040,8","0,00441","0000000000000,18","0000000000000,01","0000000000000,00","0000000000000,19",,"0000000000000,00","0000000000000,00","0000000000000,00",000000000000000,035
035,011,202603,202602,RU01BR12,00,NENL,N,000000000049,"000000000136,2","0,00626","0000000000000,85","0000000000000,03","0000000000000,00","0000000000000,88",,"0000000000000,01","0000000000000,00","0000000000000,00",000000000000000,035
035,011,202603,202602,RU01BR12,00,NENL,N,000000000010,"000000000061,8","0,00631","0000000000000,39","0000000000000,01","0000000000000,00","0000000000000,40",,"0000000000000,00","0000000000000,00","0000000000000,00",000000000000000,035
035,011,202603,202602,RU01BR12,00,NENL,R,000000000002,"000000000010,7","0,00438","0000000000000,05","0000000000000,00","0000000000000,00","0000000000000,05",,"0000000000000,00","0000000000000,00","0000000000000,00",000000000000000,035
035,011,202603,202602,S017105,00,NENL,N,000000000023,"000000000045,1","0,00626","0000000000000,28","0000000000000,01","0000000000000,00","0000000000000,29",,"0000000000000,00","0000000000000,00","0000000000000,00",000000000000000,035
035,011,202603,202602,S017105,00,NENL,N,000000000004,"000000000024,0","0,00631","0000000000000,15","0000000000000,01","0000000000000,00","0000000000000,16",,"0000000000000,00","0000000000000,00","0000000000000,00",000000000000000,035
035,011,202603,202602,S0703008,00,NENL,N,000000000204,"000000000523,0","0,00626","0000000000003,27","0000000000000,12","0000000000000,00","0000000000003,39",,"0000000000000,03","0000000000000,00","0000000000000,00",000000000000000,035
035,011,202603,202602,S0703008,00,NENL,N,000000000043,"000000000144,9","0,00631","0000000000000,91","0000000000000,03","0000000000000,00","0000000000000,94",,"0000000000000,01","0000000000000,00","0000000000000,00",000000000000000,035
035,011,202603,202602,S0703008,00,NENL,R,000000000021,"000000000212,6","0,00438","0000000000000,93","0000000000000,04","0000000000000,00","0000000000000,97",,"0000000000000,01","0000000000000,00","0000000000000,00",000000000000000,035
035,011,202603,202602,S0703008,00,NENL,R,000000000002,"000000000004,7","0,00441","0000000000000,02","0000000000000,00","0000000000000,00","0000000000000,02",,"0000000000000,00","0000000000000,00","0000000000000,00",000000000000000,035
035,011,202603,202602,S0703241,00,NENL,N,000000000001,"000000000001,6","0,00626","0000000000000,01","0000000000000,00","0000000000000,00","0000000000000,01",,"0000000000000,00","0000000000000,00","0000000000000,00",000000000000000,035
035,011,202603,202602,S0703244,00,NENL,N,000000000001,"000000000001,3","0,00626","0000000000000,01","0000000000000,00","0000000000000,00","0000000000000,01",,"0000000000000,00","0000000000000,00","0000000000000,00",000000000000000,035
035,011,202603,202602,S1001572,00,NENL,N,000000000511,"000000001807,3","0,00626","0000000000011,31","0000000000000,43","0000000000000,00","0000000000011,74",,"0000000000000,10","0000000000000,00","0000000000000,00",000000000000001,035
035,011,202603,202602,S1001572,00,NENL,N,000000000070,"000000000252,3","0,00631","0000000000001,59","0000000000000,06","0000000000000,00","0000000000001,65",,"0000000000000,01","0000000000000,00","0000000000000,00",000000000000000,035
035,011,202603,202602,S1001572,00,NENL,R,000000000012,"000000000041,8","0,00438","0000000000000,18","0000000000000,01","0000000000000,00","0000000000000,19",,"0000000000000,00","0000000000000,00","0000000000000,00",000000000000000,035
035,011,202603,202602,S1001580,00,GE8L,N,000000000002,"000000000021,7","0,00626","0000000000000,14","0000000000000,01","0000000000000,00","0000000000000,15",,"0000000000000,00","0000000000000,00","0000000000000,00",000000000000000,035
035,011,202603,202602,S1001581,00,GE8L,N,000000000015,"000000000045,7","0,00626","0000000000000,29","0000000000000,01","0000000000000,00","0000000000000,30",,"0000000000000,00","0000000000000,00","0000000000000,00",000000000000000,035
035,011,202603,202602,S1001581,00,GE8L,N,000000000002,"000000000006,5","0,00631","0000000000000,04","0000000000000,00","0000000000000,00","0000000000000,04",,"0000000000000,00","0000000000000,00","0000000000000,00",000000000000000,035
035,011,202603,202602,S1001581,00,NENL,N,000000000665,"000000002265,2","0,00626","0000000000014,18","0000000000000,54","0000000000000,00","0000000000014,72",,"0000000000000,13","0000000000000,00","0000000000000,00",000000000000001,035
035,011,202603,202602,S1001581,00,NENL,N,000000000126,"000000000350,3","0,00631","0000000000002,21","0000000000000,08","0000000000000,00","0000000000002,29",,"0000000000000,02","0000000000000,00","0000000000000,00",000000000000000,035
035,011,202603,202602,S1001581,00,NENL,R,000000000010,"000000000055,9","0,00438","0000000000000,24","0000000000000,01","0000000000000,00","0000000000000,25",,"0000000000000,00","0000000000000,00","0000000000000,00",000000000000000,035
035,011,202603,202602,S1003539,00,NENL,N,000000000019,"000000000062,8","0,00626","0000000000000,39","0000000000000,01","0000000000000,00","0000000000000,40",,"0000000000000,00","0000000000000,00","0000000000000,00",000000000000000,035
035,011,202603,202602,S1003539,00,NENL,N,000000000004,"000000000015,2","0,00631","0000000000000,10","0000000000000,00","0000000000000,00","0000000000000,10",,"0000000000000,00","0000000000000,00","0000000000000,00",000000000000000,035
035,011,202603,202602,S1003543,00,NENL,N,000000000027,"000000000082,3","0,00626","0000000000000,52","0000000000000,02","0000000000000,00","0000000000000,54",,"0000000000000,00","0000000000000,00","0000000000000,00",000000000000000,035
035,011,202603,202602,S1003543,00,NENL,N,000000000011,"000000000026,0","0,00631","0000000000000,16","0000000000000,01","0000000000000,00","0000000000000,17",,"0000000000000,00","0000000000000,00","0000000000000,00",000000000000000,035
035,011,202603,202602,S1603366,00,NENL,N,000000000721,"000000003280,2","0,00626","0000000000020,53","0000000000000,78","0000000000000,00","0000000000021,31",,"0000000000000,18","0000000000000,00","0000000000000,00",000000000000002,035
035,011,202603,202602,S1603366,00,NENL,N,000000000136,"000000000720,5","0,00631","0000000000004,55","0000000000000,17","0000000000000,00","0000000000004,72",,"0000000000000,04","0000000000000,00","0000000000000,00",000000000000000,035
035,011,202603,202602,S1603366,00,NENL,R,000000000007,"000000000084,5","0,00438","0000000000000,37","0000000000000,01","0000000000000,00","0000000000000,38",,"0000000000000,00","0000000000000,00","0000000000000,00",000000000000000,035
035,011,202603,202602,S1603369,00,NENL,N,000000000770,"000000003548,0","0,00626","0000000000022,21","0000000000000,84","0000000000000,00","0000000000023,05",,"0000000000000,20","0000000000000,00","0000000000000,00",000000000000002,035
035,011,202603,202602,S1603369,00,NENL,N,000000000118,"000000000521,8","0,00631","0000000000003,29","0000000000000,12","0000000000000,00","0000000000003,41",,"0000000000000,03","0000000000000,00","0000000000000,00",000000000000000,035
035,011,202603,202602,S1603369,00,NENL,R,000000000002,"000000000028,8","0,00438","0000000000000,13","0000000000000,00","0000000000000,00","0000000000000,13",,"0000000000000,00","0000000000000,00","0000000000000,00",000000000000000,035
035,011,202603,202602,S1604102,00,NENL,N,000000000302,"000000000636,2","0,00626","0000000000003,98","0000000000000,15","0000000000000,00","0000000000004,13",,"0000000000000,04","0000000000000,00","0000000000000,00",000000000000000,035
035,011,202603,202602,S1604102,00,NENL,N,000000000028,"000000000081,8","0,00631","0000000000000,52","0000000000000,02","0000000000000,00","0000000000000,54",,"0000000000000,00","0000000000000,00","0000000000000,00",000000000000000,035
035,011,202603,202602,TZ01CTIP,00,NENL,N,000000000030,"000000000047,7","0,00626","0000000000000,30","0000000000000,01","0000000000000,00","0000000000000,31",,"0000000000000,00","0000000000000,00","0000000000000,00",000000000000000,035
035,011,202603,202602,TZ01CTIP,00,NENL,N,000000000018,"000000000079,8","0,00631","0000000000000,50","0000000000000,02","0000000000000,00","0000000000000,52",,"0000000000000,00","0000000000000,00","0000000000000,00",000000000000000,035
035,011,202603,202602,TZ01CTIP,00,NENL,R,000000000001,"000000000000,5","0,00438","0000000000000,00","0000000000000,00","0000000000000,00","0000000000000,00",,"0000000000000,00","0000000000000,00","0000000000000,00",000000000000000,035
035,011,202603,202602,VM300186,00,NENL,N,000000000001,"000000000000,6","0,00626","0000000000000,00","0000000000000,00","0000000000000,00","0000000000000,00",,"0000000000000,00","0000000000000,00","0000000000000,00",000000000000000,035
035,011,202603,202602,VM300572,00,NENL,N,000000000483,"000000001810,4","0,00626","0000000000011,33","0000000000000,43","0000000000000,00","0000000000011,76",,"0000000000000,10","0000000000000,00","0000000000000,00",000000000000001,035
035,011,202603,202602,VM300572,00,NENL,N,000000000061,"000000000219,7","0,00631","0000000000001,39","0000000000000,05","0000000000000,00","0000000000001,44",,"0000000000000,01","0000000000000,00","0000000000000,00",000000000000000,035
035,011,202603,202602,VM300572,00,NENL,R,000000000005,"000000000027,2","0,00438","0000000000000,12","0000000000000,00","0000000000000,00","0000000000000,12",,"0000000000000,00","0000000000000,00","0000000000000,00",000000000000000,035
035,011,202603,202602,VM300580,00,GE8L,N,000000000001,"000000000000,9","0,00626","0000000000000,01","0000000000000,00","0000000000000,00","0000000000000,01",,"0000000000000,00","0000000000000,00","0000000000000,00",000000000000000,035
035,011,202603,202602,VM300581,00,GE8L,N,000000000015,"000000000031,9","0,00626","0000000000000,20","0000000000000,01","0000000000000,00","0000000000000,21",,"0000000000000,00","0000000000000,00","0000000000000,00",000000000000000,035
035,011,202603,202602,VM300581,00,GE8L,N,000000000004,"000000000017,0","0,00631","0000000000000,11","0000000000000,00","0000000000000,00","0000000000000,11",,"0000000000000,00","0000000000000,00","0000000000000,00",000000000000000,035
035,011,202603,202602,VM300581,00,NENL,N,000000000669,"000000002241,3","0,00626","0000000000014,03","0000000000000,53","0000000000000,00","0000000000014,56",,"0000000000000,13","0000000000000,00","0000000000000,00",000000000000001,035
035,011,202603,202602,VM300581,00,NENL,N,000000000113,"000000000336,2","0,00631","0000000000002,12","0000000000000,08","0000000000000,00","0000000000002,20",,"0000000000000,02","0000000000000,00","0000000000000,00",000000000000000,035
035,011,202603,202602,VM300581,00,NENL,R,000000000007,"000000000110,9","0,00438","0000000000000,49","0000000000000,02","0000000000000,00","0000000000000,51",,"0000000000000,00","0000000000000,00","0000000000000,00",000000000000000,035
035,011,202603,202602,VM300581,00,NENL,R,000000000005,"000000000051,2","0,00441","0000000000000,23","0000000000000,01","0000000000000,00","0000000000000,24",,"0000000000000,00","0000000000000,00","0000000000000,00",000000000000000,035
035,011,202603,202602,VM303539,00,NENL,N,000000000026,"000000000069,5","0,00626","0000000000000,44","0000000000000,02","0000000000000,00","0000000000000,46",,"0000000000000,00","0000000000000,00","0000000000000,00",000000000000000,035
035,011,202603,202602,VM303539,00,NENL,N,000000000009,"000000000024,7","0,00631","0000000000000,16","0000000000000,01","0000000000000,00","0000000000000,17",,"0000000000000,00","0000000000000,00","0000000000000,00",000000000000000,035
035,011,202603,202602,VM303543,00,NENL,N,000000000021,"000000000063,7","0,00626","0000000000000,40","0000000000000,02","0000000000000,00","0000000000000,42",,"0000000000000,00","0000000000000,00","0000000000000,00",000000000000000,035
035,011,202603,202602,VM303543,00,NENL,N,000000000004,"000000000010,8","0,00631","0000000000000,07","0000000000000,00","0000000000000,00","0000000000000,07",,"0000000000000,00","0000000000000,00","0000000000000,00",000000000000000,035
035,011,202603,202602,VU11029,00,NENL,N,000000000067,"000000000052,5","0,00626","0000000000000,33","0000000000000,01","0000000000000,00","0000000000000,34",,"0000000000000,00","0000000000000,00","0000000000000,00",000000000000000,035
035,011,202603,202602,VU11029,00,NENL,N,000000000005,"000000000004,6","0,00631","0000000000000,03","0000000000000,00","0000000000000,00","0000000000000,03",,"0000000000000,00","0000000000000,00","0000000000000,00",000000000000000,035
048,011,202603,202602,00002IP2,00,NENL,N,000000000004,"000000000007,4","0,00626","0000000000000,05","0000000000000,00","0000000000000,00","0000000000000,05",,"0000000000000,00","0000000000000,00","0000000000000,00",000000000000000,048
048,011,202603,202602,00002IP2,00,NENL,N,000000000001,"000000000000,5","0,00631","0000000000000,00","0000000000000,00","0000000000000,00","0000000000000,00",,"0000000000000,00","0000000000000,00","0000000000000,00",000000000000000,048
048,011,202603,202602,1ALG006I,00,NENL,N,000000000004,"000000000006,1","0,00626","0000000000000,04","0000000000000,00","0000000000000,00","0000000000000,04",,"0000000000000,00","0000000000000,00","0000000000000,00",000000000000000,048
048,011,202603,202602,1ALG006I,00,NENL,N,000000000001,"000000000000,5","0,00631","0000000000000,00","0000000000000,00","0000000000000,00","0000000000000,00",,"0000000000000,00","0000000000000,00","0000000000000,00",000000000000000,048
048,011,202603,202602,1ALG015I,00,NENL,N,000000000001,"000000000000,5","0,00626","0000000000000,00","0000000000000,00","0000000000000,00","0000000000000,00",,"0000000000000,00","0000000000000,00","0000000000000,00",000000000000000,048
048,011,202603,202602,1CTB006I,00,NENL,N,000000000001,"000000000000,6","0,00626","0000000000000,00","0000000000000,00","0000000000000,00","0000000000000,00",,"0000000000000,00","0000000000000,00","0000000000000,00",000000000000000,048
048,011,202603,202602,1CTB009I,00,NENL,N,000000000015,"000000000079,3","0,00626","0000000000000,50","0000000000000,02","0000000000000,00","0000000000000,52",,"0000000000000,00","0000000000000,00","0000000000000,00",000000000000000,048
048,011,202603,202602,1CTB009I,00,NENL,N,000000000001,"000000000013,9","0,00631","0000000000000,09","0000000000000,00","0000000000000,00","0000000000000,09",,"0000000000000,00","0000000000000,00","0000000000000,00",000000000000000,048
048,011,202603,202602,1CTB009I,00,NENL,R,000000000002,"000000000002,5","0,00438","0000000000000,01","0000000000000,00","0000000000000,00","0000000000000,01",,"0000000000000,00","0000000000000,00","0000000000000,00",000000000000000,048
048,011,202603,202602,1CTB018I,00,NENL,N,000000000018,"000000000086,2","0,00626","0000000000000,54","0000000000000,02","0000000000000,00","0000000000000,56",,"0000000000000,00","0000000000000,00","0000000000000,00",000000000000000,048
048,011,202603,202602,1CTB018I,00,NENL,N,000000000005,"000000000008,5","0,00631","0000000000000,05","0000000000000,00","0000000000000,00","0000000000000,05",,"0000000000000,00","0000000000000,00","0000000000000,00",000000000000000,048
048,011,202603,202602,1CTB018I,00,NENL,R,000000000001,"000000000000,6","0,00438","0000000000000,00","0000000000000,00","0000000000000,00","0000000000000,00",,"0000000000000,00","0000000000000,00","0000000000000,00",000000000000000,048
048,011,202603,202602,1CTB021I,00,NENL,N,000000000003,"000000000011,0","0,00626","0000000000000,07","0000000000000,00","0000000000000,00","0000000000000,07",,"0000000000000,00","0000000000000,00","0000000000000,00",000000000000000,048
048,011,202603,202602,1CTB021I,00,NENL,N,000000000006,"000000000015,9","0,00631","0000000000000,10","0000000000000,00","0000000000000,00","0000000000000,10",,"0000000000000,00","0000000000000,00","0000000000000,00",000000000000000,048
048,011,202603,202602,1CTB027I,00,NENL,N,000000000002,"000000000002,7","0,00626","0000000000000,02","0000000000000,00","0000000000000,00","0000000000000,02",,"0000000000000,00","0000000000000,00","0000000000000,00",000000000000000,048
048,011,202603,202602,1CTB033I,00,NENL,N,000000000001,"000000000000,5","0,00626","0000000000000,00","0000000000000,00","0000000000000,00","0000000000000,00",,"0000000000000,00","0000000000000,00","0000000000000,00",000000000000000,048
048,011,202603,202602,1OIF045I,00,NENL,N,000000000013,"000000000024,0","0,00626","0000000000000,15","0000000000000,01","0000000000000,00","0000000000000,16",,"0000000000000,00","0000000000000,00","0000000000000,00",000000000000000,048
048,011,202603,202602,1OIF045I,00,NENL,N,000000000004,"000000000014,7","0,00631","0000000000000,09","0000000000000,00","0000000000000,00","0000000000000,09",,"0000000000000,00","0000000000000,00","0000000000000,00",000000000000000,048
048,011,202603,202602,1OIF047I,00,NENL,N,000000000005,"000000000010,3","0,00626","0000000000000,06","0000000000000,00","0000000000000,00","0000000000000,06",,"0000000000000,00","0000000000000,00","0000000000000,00",000000000000000,048
048,011,202603,202602,300021P1,00,NENL,N,000000000001,"000000000000,5","0,00626","0000000000000,00","0000000000000,00","0000000000000,00","0000000000000,00",,"0000000000000,00","0000000000000,00","0000000000000,00",000000000000000,048
048,011,202603,202602,30002IP1,00,NENL,N,000000000003,"000000000001,5","0,00626","0000000000000,01","0000000000000,00","0000000000000,00","0000000000000,01",,"0000000000000,00","0000000000000,00","0000000000000,00",000000000000000,048
048,011,202603,202602,30003IP4,00,GE8L,N,000000000001,"000000000000,5","0,00626","0000000000000,00","0000000000000,00","0000000000000,00","0000000000000,00",,"0000000000000,00","0000000000000,00","0000000000000,00",000000000000000,048
048,011,202603,202602,30003IP4,00,NENL,N,000000000003,"000000000001,5","0,00626","0000000000000,01","0000000000000,00","0000000000000,00","0000000000000,01",,"0000000000000,00","0000000000000,00","0000000000000,00",000000000000000,048
048,011,202603,202602,3ALG003I,00,NENL,N,000000000003,"000000000024,8","0,00626","0000000000000,16","0000000000000,01","0000000000000,00","0000000000000,17",,"0000000000000,00","0000000000000,00","0000000000000,00",000000000000000,048
048,011,202603,202602,3ALG003I,00,NENL,N,000000000002,"000000000001,1","0,00631","0000000000000,01","0000000000000,00","0000000000000,00","0000000000000,01",,"0000000000000,00","0000000000000,00","0000000000000,00",000000000000000,048
048,011,202603,202602,3ALG006I,00,NENL,N,000000000014,"000000000043,3","0,00626","0000000000000,27","0000000000000,01","0000000000000,00","0000000000000,28",,"0000000000000,00","0000000000000,00","0000000000000,00",000000000000000,048
048,011,202603,202602,3ALG006I,00,NENL,N,000000000003,"000000000011,7","0,00631","0000000000000,07","0000000000000,00","0000000000000,00","0000000000000,07",,"0000000000000,00","0000000000000,00","0000000000000,00",000000000000000,048
048,011,202603,202602,3CTB0021,00,NENL,N,000000000015,"000000000318,5","0,00626","0000000000001,99","0000000000000,08","0000000000000,00","0000000000002,07",,"0000000000000,02","0000000000000,00","0000000000000,00",000000000000000,048
048,011,202603,202602,3CTB0021,00,NENL,N,000000000011,"000000000239,8","0,00631","0000000000001,51","0000000000000,06","0000000000000,00","0000000000001,57",,"0000000000000,01","0000000000000,00","0000000000000,00",000000000000000,048
048,011,202603,202602,3CTB003I,00,NENL,N,000000000006,"000000000017,7","0,00626","0000000000000,11","0000000000000,00","0000000000000,00","0000000000000,11",,"0000000000000,00","0000000000000,00","0000000000000,00",000000000000000,048
048,011,202603,202602,3CTB003I,00,NENL,N,000000000002,"000000000009,4","0,00631","0000000000000,06","0000000000000,00","0000000000000,00","0000000000000,06",,"0000000000000,00","0000000000000,00","0000000000000,00",000000000000000,048
048,011,202603,202602,3CTB006I,00,NENL,N,000000000002,"000000000004,2","0,00626","0000000000000,03","0000000000000,00","0000000000000,00","0000000000000,03",,"0000000000000,00","0000000000000,00","0000000000000,00",000000000000000,048
048,011,202603,202602,3CTB006I,00,NENL,N,000000000001,"000000000001,8","0,00631","0000000000000,01","0000000000000,00","0000000000000,00","0000000000000,01",,"0000000000000,00","0000000000000,00","0000000000000,00",000000000000000,048
048,011,202603,202602,3CTB021I,00,NENL,N,000000000001,"000000000001,5","0,00626","0000000000000,01","0000000000000,00","0000000000000,00","0000000000000,01",,"0000000000000,00","0000000000000,00","0000000000000,00",000000000000000,048
048,011,202603,202602,3OIF028I,00,NENL,N,000000000001,"000000000000,6","0,00626","0000000000000,00","0000000000000,00","0000000000000,00","0000000000000,00",,"0000000000000,00","0000000000000,00","0000000000000,00",000000000000000,048
048,011,202603,202602,3OIF043I,00,NENL,N,000000000001,"000000000012,9","0,00631","0000000000000,08","0000000000000,00","0000000000000,00","0000000000000,08",,"0000000000000,00","0000000000000,00","0000000000000,00",000000000000000,048
048,011,202603,202602,3OIF114I,00,NENL,N,000000000003,"000000000005,7","0,00626","0000000000000,04","0000000000000,00","0000000000000,00","0000000000000,04",,"0000000000000,00","0000000000000,00","0000000000000,00",000000000000000,048
048,011,202603,202602,3OIF114I,00,NENL,N,000000000001,"000000000003,1","0,00631","0000000000000,02","0000000000000,00","0000000000000,00","0000000000000,02",,"0000000000000,00","0000000000000,00","0000000000000,00",000000000000000,048
048,011,202603,202602,3OIF127I,00,NENL,N,000000000001,"000000000003,1","0,00626","0000000000000,02","0000000000000,00","0000000000000,00","0000000000000,02",,"0000000000000,00","0000000000000,00","0000000000000,00",000000000000000,048
048,011,202603,202602,3PA_FALK,00,GE8L,N,000000000001,"000000000007,5","0,00626","0000000000000,05","0000000000000,00","0000000000000,00","0000000000000,05",,"0000000000000,00","0000000000000,00","0000000000000,00",000000000000000,048
048,011,202603,202602,3PA_FALK,00,NENL,N,000000000001,"000000000000,5","0,00626","0000000000000,00","0000000000000,00","0000000000000,00","0000000000000,00",,"0000000000000,00","0000000000000,00","0000000000000,00",000000000000000,048
048,011,202603,202602,4FACTR4I,00,GE8L,N,000000000001,"000000000007,1","0,00626","0000000000000,04","0000000000000,00","0000000000000,00","0000000000000,04",,"0000000000000,00","0000000000000,00","0000000000000,00",000000000000000,048
048,011,202603,202602,4FACTR4I,00,NENL,N,000000000015,"000000000073,5","0,00626","0000000000000,46","0000000000000,02","0000000000000,00","0000000000000,48",,"0000000000000,00","0000000000000,00","0000000000000,00",000000000000000,048
048,011,202603,202602,4FACTR4I,00,NENL,N,000000000006,"000000000008,6","0,00631","0000000000000,05","0000000000000,00","0000000000000,00","0000000000000,05",,"0000000000000,00","0000000000000,00","0000000000000,00",000000000000000,048
048,011,202603,202602,6ALG006I,00,NENL,N,000000000003,"000000000005,9","0,00626","0000000000000,04","0000000000000,00","0000000000000,00","0000000000000,04",,"0000000000000,00","0000000000000,00","0000000000000,00",000000000000000,048
048,011,202603,202602,6ALG006I,00,NENL,N,000000000002,"000000000001,6","0,00631","0000000000000,01","0000000000000,00","0000000000000,00","0000000000000,01",,"0000000000000,00","0000000000000,00","0000000000000,00",000000000000000,048
048,011,202603,202602,6CTB003I,00,NENL,N,000000000001,"000000000001,8","0,00626","0000000000000,01","0000000000000,00","0000000000000,00","0000000000000,01",,"0000000000000,00","0000000000000,00","0000000000000,00",000000000000000,048
048,011,202603,202602,6CTB003I,00,NENL,N,000000000001,"000000000000,5","0,00631","0000000000000,00","0000000000000,00","0000000000000,00","0000000000000,00",,"0000000000000,00","0000000000000,00","0000000000000,00",000000000000000,048
048,011,202603,202602,6CTB009I,00,NENL,N,000000000010,"000000000062,5","0,00626","0000000000000,39","0000000000000,01","0000000000000,00","0000000000000,40",,"0000000000000,00","0000000000000,00","0000000000000,00",000000000000000,048
048,011,202603,202602,6CTB009I,00,NENL,R,000000000004,"000000000090,3","0,00438","0000000000000,40","0000000000000,01","0000000000000,00","0000000000000,41",,"0000000000000,00","0000000000000,00","0000000000000,00",000000000000000,048
048,011,202603,202602,6CTB016I,00,NENL,N,000000000004,"000000000023,2","0,00626","0000000000000,15","0000000000000,01","0000000000000,00","0000000000000,16",,"0000000000000,00","0000000000000,00","0000000000000,00",000000000000000,048
048,011,202603,202602,6CTB018I,00,NENL,N,000000000015,"000000000163,4","0,00626","0000000000001,02","0000000000000,04","0000000000000,00","0000000000001,06",,"0000000000000,01","0000000000000,00","0000000000000,00",000000000000000,048
048,011,202603,202602,6CTB018I,00,NENL,N,000000000003,"000000000005,0","0,00631","0000000000000,03","0000000000000,00","0000000000000,00","0000000000000,03",,"0000000000000,00","0000000000000,00","0000000000000,00",000000000000000,048
048,011,202603,202602,6CTB018I,00,NENL,R,000000000002,"000000000021,2","0,00438","0000000000000,09","0000000000000,00","0000000000000,00","0000000000000,09",,"0000000000000,00","0000000000000,00","0000000000000,00",000000000000000,048
048,011,202603,202602,6CTB021I,00,NENL,N,000000000007,"000000000013,2","0,00626","0000000000000,08","0000000000000,00","0000000000000,00","0000000000000,08",,"0000000000000,00","0000000000000,00","0000000000000,00",000000000000000,048
048,011,202603,202602,6CTB021I,00,NENL,N,000000000007,"000000000009,3","0,00631","0000000000000,06","0000000000000,00","0000000000000,00","0000000000000,06",,"0000000000000,00","0000000000000,00","0000000000000,00",000000000000000,048
048,011,202603,202602,6CTB025I,00,NENL,N,000000000006,"000000000011,1","0,00626","0000000000000,07","0000000000000,00","0000000000000,00","0000000000000,07",,"0000000000000,00","0000000000000,00","0000000000000,00",000000000000000,048
048,011,202603,202602,6CTB027I,00,NENL,N,000000000003,"000000000008,0","0,00626","0000000000000,05","0000000000000,00","0000000000000,00","0000000000000,05",,"0000000000000,00","0000000000000,00","0000000000000,00",000000000000000,048
048,011,202603,202602,6CTB028I,00,NENL,N,000000000001,"000000000004,5","0,00626","0000000000000,03","0000000000000,00","0000000000000,00","0000000000000,03",,"0000000000000,00","0000000000000,00","0000000000000,00",000000000000000,048
048,011,202603,202602,6CTB028I,00,NENL,N,000000000001,"000000000006,3","0,00631","0000000000000,04","0000000000000,00","0000000000000,00","0000000000000,04",,"0000000000000,00","0000000000000,00","0000000000000,00",000000000000000,048
048,011,202603,202602,6CTB031I,00,NENL,N,000000000002,"000000000004,5","0,00626","0000000000000,03","0000000000000,00","0000000000000,00","0000000000000,03",,"0000000000000,00","0000000000000,00","0000000000000,00",000000000000000,048
048,011,202603,202602,6CTB033I,00,NENL,N,000000000001,"000000000001,6","0,00626","0000000000000,01","0000000000000,00","0000000000000,00","0000000000000,01",,"0000000000000,00","0000000000000,00","0000000000000,00",000000000000000,048
048,011,202603,202602,6CTB034I,00,NENL,N,000000000006,"000000000044,8","0,00626","0000000000000,28","0000000000000,01","0000000000000,00","0000000000000,29",,"0000000000000,00","0000000000000,00","0000000000000,00",000000000000000,048
048,011,202603,202602,6OIF012I,00,NEAL,N,000000000001,"000000000000,5","0,00631","0000000000000,00","0000000000000,00","0000000000000,00","0000000000000,00",,"0000000000000,00","0000000000000,00","0000000000000,00",000000000000000,048
048,011,202603,202602,6OIF042I,00,NENL,N,000000000001,"000000000000,5","0,00626","0000000000000,00","0000000000000,00","0000000000000,00","0000000000000,00",,"0000000000000,00","0000000000000,00","0000000000000,00",000000000000000,048
048,011,202603,202602,6OIF045I,00,NENL,N,000000000010,"000000000018,5","0,00626","0000000000000,12","0000000000000,00","0000000000000,00","0000000000000,12",,"0000000000000,00","0000000000000,00","0000000000000,00",000000000000000,048
048,011,202603,202602,6OIF045I,00,NENL,N,000000000002,"000000000007,8","0,00631","0000000000000,05","0000000000000,00","0000000000000,00","0000000000000,05",,"0000000000000,00","0000000000000,00","0000000000000,00",000000000000000,048
048,011,202603,202602,6OIF086I,00,NENL,N,000000000004,"000000000027,8","0,00626","0000000000000,17","0000000000000,01","0000000000000,00","0000000000000,18",,"0000000000000,00","0000000000000,00","0000000000000,00",000000000000000,048
048,011,202603,202602,6TIF020I,00,NENL,N,000000000001,"000000000000,5","0,00626","0000000000000,00","0000000000000,00","0000000000000,00","0000000000000,00",,"0000000000000,00","0000000000000,00","0000000000000,00",000000000000000,048
048,011,202603,202602,7CTB016I,00,NENL,N,000000000002,"000000000004,1","0,00626","0000000000000,03","0000000000000,00","0000000000000,00","0000000000000,03",,"0000000000000,00","0000000000000,00","0000000000000,00",000000000000000,048
048,011,202603,202602,7CTB025I,00,NENL,N,000000000008,"000000000017,9","0,00626","0000000000000,11","0000000000000,00","0000000000000,00","0000000000000,11",,"0000000000000,00","0000000000000,00","0000000000000,00",000000000000000,048
048,011,202603,202602,7CTB025I,00,NENL,N,000000000001,"000000000001,5","0,00631","0000000000000,01","0000000000000,00","0000000000000,00","0000000000000,01",,"0000000000000,00","0000000000000,00","0000000000000,00",000000000000000,048
048,011,202603,202602,7CTB028I,00,NENL,N,000000000003,"000000000048,7","0,00626","0000000000000,30","0000000000000,01","0000000000000,00","0000000000000,31",,"0000000000000,00","0000000000000,00","0000000000000,00",000000000000000,048
048,011,202603,202602,7CTB028I,00,NENL,N,000000000001,"000000000000,8","0,00631","0000000000000,01","0000000000000,00","0000000000000,00","0000000000000,01",,"0000000000000,00","0000000000000,00","0000000000000,00",000000000000000,048
048,011,202603,202602,7CTB031I,00,NENL,N,000000000003,"000000000004,6","0,00626","0000000000000,03","0000000000000,00","0000000000000,00","0000000000000,03",,"0000000000000,00","0000000000000,00","0000000000000,00",000000000000000,048
048,011,202603,202602,7CTB034I,00,NENL,N,000000000003,"000000000019,5","0,00626","0000000000000,12","0000000000000,00","0000000000000,00","0000000000000,12",,"0000000000000,00","0000000000000,00","0000000000000,00",000000000000000,048
048,011,202603,202602,7CTB034I,00,NENL,N,000000000003,"000000000012,8","0,00631","0000000000000,08","0000000000000,00","0000000000000,00","0000000000000,08",,"0000000000000,00","0000000000000,00","0000000000000,00",000000000000000,048
048,011,202603,202602,7CTB034I,00,NENL,R,000000000001,"000000000003,2","0,00438","0000000000000,01","0000000000000,00","0000000000000,00","0000000000000,01",,"0000000000000,00","0000000000000,00","0000000000000,00",000000000000000,048
048,011,202603,202602,7OIF086I,00,NENL,N,000000000002,"000000000033,6","0,00626","0000000000000,21","0000000000000,01","0000000000000,00","0000000000000,22",,"0000000000000,00","0000000000000,00","0000000000000,00",000000000000000,048
048,011,202603,202602,8ALG003I,00,NENL,N,000000000002,"000000000008,8","0,00626","0000000000000,06","0000000000000,00","0000000000000,00","0000000000000,06",,"0000000000000,00","0000000000000,00","0000000000000,00",000000000000000,048
048,011,202603,202602,8ALG003I,00,NENL,N,000000000003,"000000000003,2","0,00631","0000000000000,02","0000000000000,00","0000000000000,00","0000000000000,02",,"0000000000000,00","0000000000000,00","0000000000000,00",000000000000000,048
048,011,202603,202602,8ALG006I,00,NENL,N,000000000019,"000000000049,8","0,00626","0000000000000,31","0000000000000,01","0000000000000,00","0000000000000,32",,"0000000000000,00","0000000000000,00","0000000000000,00",000000000000000,048
048,011,202603,202602,8ALG006I,00,NENL,N,000000000003,"000000000007,0","0,00631","0000000000000,04","0000000000000,00","0000000000000,00","0000000000000,04",,"0000000000000,00","0000000000000,00","0000000000000,00",000000000000000,048
048,011,202603,202602,8CTB0021,00,NENL,N,000000000022,"000000000249,0","0,00626","0000000000001,56","0000000000000,06","0000000000000,00","0000000000001,62",,"0000000000000,01","0000000000000,00","0000000000000,00",000000000000000,048
048,011,202603,202602,8CTB0021,00,NENL,N,000000000006,"000000000125,1","0,00631","0000000000000,79","0000000000000,03","0000000000000,00","0000000000000,82",,"0000000000000,01","0000000000000,00","0000000000000,00",000000000000000,048
048,011,202603,202602,8CTB003I,00,NENL,N,000000000007,"000000000060,8","0,00626","0000000000000,38","0000000000000,01","0000000000000,00","0000000000000,39",,"0000000000000,00","0000000000000,00","0000000000000,00",000000000000000,048
048,011,202603,202602,8CTB003I,00,NENL,N,000000000002,"000000000007,4","0,00631","0000000000000,05","0000000000000,00","0000000000000,00","0000000000000,05",,"0000000000000,00","0000000000000,00","0000000000000,00",000000000000000,048
048,011,202603,202602,8CTB006I,00,NENL,N,000000000004,"000000000002,6","0,00626","0000000000000,02","0000000000000,00","0000000000000,00","0000000000000,02",,"0000000000000,00","0000000000000,00","0000000000000,00",000000000000000,048
048,011,202603,202602,8CTB006I,00,NENL,N,000000000002,"000000000006,7","0,00631","0000000000000,04","0000000000000,00","0000000000000,00","0000000000000,04",,"0000000000000,00","0000000000000,00","0000000000000,00",000000000000000,048
048,011,202603,202602,8CTB018I,00,NENL,N,000000000001,"000000000001,2","0,00626","0000000000000,01","0000000000000,00","0000000000000,00","0000000000000,01",,"0000000000000,00","0000000000000,00","0000000000000,00",000000000000000,048
048,011,202603,202602,8CTB030I,00,NENL,N,000000000001,"000000000003,4","0,00626","0000000000000,02","0000000000000,00","0000000000000,00","0000000000000,02",,"0000000000000,00","0000000000000,00","0000000000000,00",000000000000000,048
048,011,202603,202602,8CTB030I,00,NENL,N,000000000001,"000000000001,9","0,00631","0000000000000,01","0000000000000,00","0000000000000,00","0000000000000,01",,"0000000000000,00","0000000000000,00","0000000000000,00",000000000000000,048
048,011,202603,202602,8OIF114I,00,NENL,N,000000000002,"000000000003,2","0,00626","0000000000000,02","0000000000000,00","0000000000000,00","0000000000000,02",,"0000000000000,00","0000000000000,00","0000000000000,00",000000000000000,048
048,011,202603,202602,8OIF114I,00,NENL,N,000000000001,"000000000000,5","0,00631","0000000000000,00","0000000000000,00","0000000000000,00","0000000000000,00",,"0000000000000,00","0000000000000,00","0000000000000,00",000000000000000,048
048,011,202603,202602,8OIF127I,00,NENL,N,000000000002,"000000000010,7","0,00626","0000000000000,07","0000000000000,00","0000000000000,00","0000000000000,07",,"0000000000000,00","0000000000000,00","0000000000000,00",000000000000000,048
048,011,202603,202602,A021239,00,NENL,N,000000000007,"000000000013,7","0,00626","0000000000000,09","0000000000000,00","0000000000000,00","0000000000000,09",,"0000000000000,00","0000000000000,00","0000000000000,00",000000000000000,048
048,011,202603,202602,A021239,00,NENL,N,000000000001,"000000000002,6","0,00631","0000000000000,02","0000000000000,00","0000000000000,00","0000000000000,02",,"0000000000000,00","0000000000000,00","0000000000000,00",000000000000000,048
048,011,202603,202602,A030901,00,NENL,N,000000000006,"000000000021,6","0,00626","0000000000000,14","0000000000000,01","0000000000000,00","0000000000000,15",,"0000000000000,00","0000000000000,00","0000000000000,00",000000000000000,048
048,011,202603,202602,A030901,00,NENL,N,000000000001,"000000000001,2","0,00631","0000000000000,01","0000000000000,00","0000000000000,00","0000000000000,01",,"0000000000000,00","0000000000000,00","0000000000000,00",000000000000000,048
048,011,202603,202602,AM10002,00,NENL,N,000000000001,"000000000000,5","0,00626","0000000000000,00","0000000000000,00","0000000000000,00","0000000000000,00",,"0000000000000,00","0000000000000,00","0000000000000,00",000000000000000,048
048,011,202603,202602,AM10002,00,NENL,N,000000000001,"000000000024,2","0,00631","0000000000000,15","0000000000000,01","0000000000000,00","0000000000000,16",,"0000000000000,00","0000000000000,00","0000000000000,00",000000000000000,048
048,011,202603,202602,AP1TLF_N,00,NENL,N,000000000314,"000000000986,9","0,00626","0000000000006,18","0000000000000,23","0000000000000,00","0000000000006,41",,"0000000000000,06","0000000000000,00","0000000000000,00",000000000000001,048
048,011,202603,202602,AP1TLF_N,00,NENL,N,000000000079,"000000000231,7","0,00631","0000000000001,46","0000000000000,06","0000000000000,00","0000000000001,52",,"0000000000000,01","0000000000000,00","0000000000000,00",000000000000000,048
048,011,202603,202602,AP1TLF_N,00,NENL,R,000000000011,"000000000012,6","0,00438","0000000000000,06","0000000000000,00","0000000000000,00","0000000000000,06",,"0000000000000,00","0000000000000,00","0000000000000,00",000000000000000,048
048,011,202603,202602,AP2TLF_N,00,NENL,N,000000000328,"000000000977,5","0,00626","0000000000006,12","0000000000000,23","0000000000000,00","0000000000006,35",,"0000000000000,06","0000000000000,00","0000000000000,00",000000000000001,048
048,011,202603,202602,AP2TLF_N,00,NENL,N,000000000086,"000000000242,6","0,00631","0000000000001,53","0000000000000,06","0000000000000,00","0000000000001,59",,"0000000000000,01","0000000000000,00","0000000000000,00",000000000000000,048
048,011,202603,202602,AP2TLF_N,00,NENL,R,000000000009,"000000000014,3","0,00438","0000000000000,06","0000000000000,00","0000000000000,00","0000000000000,06",,"0000000000000,00","0000000000000,00","0000000000000,00",000000000000000,048
048,011,202603,202602,CO100812,00,NENL,N,000000000004,"000000000011,8","0,00626","0000000000000,07","0000000000000,00","0000000000000,00","0000000000000,07",,"0000000000000,00","0000000000000,00","0000000000000,00",000000000000000,048
048,011,202603,202602,CO100814,00,NENL,N,000000000003,"000000000006,0","0,00626","0000000000000,04","0000000000000,00","0000000000000,00","0000000000000,04",,"0000000000000,00","0000000000000,00","0000000000000,00",000000000000000,048
048,011,202603,202602,CO100814,00,NENL,N,000000000001,"000000000001,9","0,00631","0000000000000,01","0000000000000,00","0000000000000,00","0000000000000,01",,"0000000000000,00","0000000000000,00","0000000000000,00",000000000000000,048
048,011,202603,202602,D017CTBC,00,NENL,N,000000000001,"000000000003,0","0,00626","0000000000000,02","0000000000000,00","0000000000000,00","0000000000000,02",,"0000000000000,00","0000000000000,00","0000000000000,00",000000000000000,048
048,011,202603,202602,EP308406,00,NENL,N,000000000001,"000000000000,5","0,00626","0000000000000,00","0000000000000,00","0000000000000,00","0000000000000,00",,"0000000000000,00","0000000000000,00","0000000000000,00",000000000000000,048
048,011,202603,202602,IB100812,00,NENL,N,000000000003,"000000000011,1","0,00626","0000000000000,07","0000000000000,00","0000000000000,00","0000000000000,07",,"0000000000000,00","0000000000000,00","0000000000000,00",000000000000000,048
048,011,202603,202602,IB100812,00,NENL,N,000000000001,"000000000001,9","0,00631","0000000000000,01","0000000000000,00","0000000000000,00","0000000000000,01",,"0000000000000,00","0000000000000,00","0000000000000,00",000000000000000,048
048,011,202603,202602,IB100814,00,NENL,N,000000000002,"000000000022,6","0,00626","0000000000000,14","0000000000000,01","0000000000000,00","0000000000000,15",,"0000000000000,00","0000000000000,00","0000000000000,00",000000000000000,048
048,011,202603,202602,IB100814,00,NENL,N,000000000001,"000000000003,9","0,00631","0000000000000,02","0000000000000,00","0000000000000,00","0000000000000,02",,"0000000000000,00","0000000000000,00","0000000000000,00",000000000000000,048
048,011,202603,202602,JG6TLF_S,00,GE8L,N,000000000001,"000000000007,5","0,00626","0000000000000,05","0000000000000,00","0000000000000,00","0000000000000,05",,"0000000000000,00","0000000000000,00","0000000000000,00",000000000000000,048
048,011,202603,202602,MB301110,00,NENL,N,000000000027,"000000000061,1","0,00626","0000000000000,38","0000000000000,01","0000000000000,00","0000000000000,39",,"0000000000000,00","0000000000000,00","0000000000000,00",000000000000000,048
048,011,202603,202602,MB301110,00,NENL,N,000000000007,"000000000027,7","0,00631","0000000000000,17","0000000000000,01","0000000000000,00","0000000000000,18",,"0000000000000,00","0000000000000,00","0000000000000,00",000000000000000,048
048,011,202603,202602,MB301153,00,GE8L,N,000000000001,"000000000005,1","0,00626","0000000000000,03","0000000000000,00","0000000000000,00","0000000000000,03",,"0000000000000,00","0000000000000,00","0000000000000,00",000000000000000,048
048,011,202603,202602,MB301153,00,GE8L,N,000000000001,"000000000000,5","0,00631","0000000000000,00","0000000000000,00","0000000000000,00","0000000000000,00",,"0000000000000,00","0000000000000,00","0000000000000,00",000000000000000,048
048,011,202603,202602,MB301153,00,NENL,N,000000000016,"000000000045,1","0,00626","0000000000000,28","0000000000000,01","0000000000000,00","0000000000000,29",,"0000000000000,00","0000000000000,00","0000000000000,00",000000000000000,048
048,011,202603,202602,MB301153,00,NENL,N,000000000006,"000000000017,2","0,00631","0000000000000,11","0000000000000,00","0000000000000,00","0000000000000,11",,"0000000000000,00","0000000000000,00","0000000000000,00",000000000000000,048
048,011,202603,202602,O012105,00,NENL,N,000000000001,"000000000001,1","0,00626","0000000000000,01","0000000000000,00","0000000000000,00","0000000000000,01",,"0000000000000,00","0000000000000,00","0000000000000,00",000000000000000,048
048,011,202603,202602,OP408406,00,NENL,N,000000000001,"000000000000,5","0,00631","0000000000000,00","0000000000000,00","0000000000000,00","0000000000000,00",,"0000000000000,00","0000000000000,00","0000000000000,00",000000000000000,048
048,011,202603,202602,PD6ICTBC,00,NENL,N,000000000019,"000000000064,1","0,00626","0000000000000,40","0000000000000,02","0000000000000,00","0000000000000,42",,"0000000000000,00","0000000000000,00","0000000000000,00",000000000000000,048
048,011,202603,202602,PD6ICTBC,00,NENL,N,000000000006,"000000000011,6","0,00631","0000000000000,07","0000000000000,00","0000000000000,00","0000000000000,07",,"0000000000000,00","0000000000000,00","0000000000000,00",000000000000000,048
048,011,202603,202602,PW019CTB,00,NENL,N,000000000127,"000000000571,9","0,00626","0000000000003,58","0000000000000,14","0000000000000,00","0000000000003,72",,"0000000000000,03","0000000000000,00","0000000000000,00",000000000000000,048
048,011,202603,202602,PW019CTB,00,NENL,N,000000000029,"000000000096,2","0,00631","0000000000000,61","0000000000000,02","0000000000000,00","0000000000000,63",,"0000000000000,01","0000000000000,00","0000000000000,00",000000000000000,048
048,011,202603,202602,PW019CTB,00,NENL,R,000000000001,"000000000001,0","0,00438","0000000000000,00","0000000000000,00","0000000000000,00","0000000000000,00",,"0000000000000,00","0000000000000,00","0000000000000,00",000000000000000,048
048,011,202603,202602,PW029CTB,00,NENL,N,000000000077,"000000000325,5","0,00626","0000000000002,04","0000000000000,08","0000000000000,00","0000000000002,12",,"0000000000000,02","0000000000000,00","0000000000000,00",000000000000000,048
048,011,202603,202602,PW029CTB,00,NENL,N,000000000017,"000000000034,7","0,00631","0000000000000,22","0000000000000,01","0000000000000,00","0000000000000,23",,"0000000000000,00","0000000000000,00","0000000000000,00",000000000000000,048
048,011,202603,202602,Q020486,00,NENL,N,000000000001,"000000000004,5","0,00631","0000000000000,03","0000000000000,00","0000000000000,00","0000000000000,03",,"0000000000000,00","0000000000000,00","0000000000000,00",000000000000000,048
048,011,202603,202602,Q0703212,00,NENL,N,000000000001,"000000000001,5","0,00626","0000000000000,01","0000000000000,00","0000000000000,00","0000000000000,01",,"0000000000000,00","0000000000000,00","0000000000000,00",000000000000000,048
048,011,202603,202602,Q0703212,00,NENL,R,000000000002,"000000000004,8","0,00438","0000000000000,02","0000000000000,00","0000000000000,00","0000000000000,02",,"0000000000000,00","0000000000000,00","0000000000000,00",000000000000000,048
048,011,202603,202602,Q0703338,00,NENL,N,000000000001,"000000000023,6","0,00631","0000000000000,15","0000000000000,01","0000000000000,00","0000000000000,16",,"0000000000000,00","0000000000000,00","0000000000000,00",000000000000000,048
048,011,202603,202602,Q0703365,00,NENL,N,000000000009,"000000000024,5","0,00626","0000000000000,15","0000000000000,01","0000000000000,00","0000000000000,16",,"0000000000000,00","0000000000000,00","0000000000000,00",000000000000000,048
048,011,202603,202602,Q0703365,00,NENL,N,000000000002,"000000000004,1","0,00631","0000000000000,03","0000000000000,00","0000000000000,00","0000000000000,03",,"0000000000000,00","0000000000000,00","0000000000000,00",000000000000000,048
048,011,202603,202602,Q0703365,00,NENL,R,000000000002,"000000000004,2","0,00438","0000000000000,02","0000000000000,00","0000000000000,00","0000000000000,02",,"0000000000000,00","0000000000000,00","0000000000000,00",000000000000000,048
048,011,202603,202602,Q0703558,00,NENL,N,000000000036,"000000000149,5","0,00626","0000000000000,94","0000000000000,04","0000000000000,00","0000000000000,98",,"0000000000000,01","0000000000000,00","0000000000000,00",000000000000000,048
048,011,202603,202602,Q0703558,00,NENL,N,000000000007,"000000000015,9","0,00631","0000000000000,10","0000000000000,00","0000000000000,00","0000000000000,10",,"0000000000000,00","0000000000000,00","0000000000000,00",000000000000000,048
048,011,202603,202602,RQ0412MM,00,NENL,N,000000000002,"000000000002,3","0,00626","0000000000000,01","0000000000000,00","0000000000000,00","0000000000000,01",,"0000000000000,00","0000000000000,00","0000000000000,00",000000000000000,048
048,011,202603,202602,RQ053FAC,00,NENL,N,000000000093,"000000000402,2","0,00626","0000000000002,52","0000000000000,10","0000000000000,00","0000000000002,62",,"0000000000000,02","0000000000000,00","0000000000000,00",000000000000000,048
048,011,202603,202602,RQ053FAC,00,NENL,N,000000000023,"000000000089,2","0,00631","0000000000000,56","0000000000000,02","0000000000000,00","0000000000000,58",,"0000000000000,01","0000000000000,00","0000000000000,00",000000000000000,048
048,011,202603,202602,RQ053FAC,00,NENL,R,000000000002,"000000000002,8","0,00438","0000000000000,01","0000000000000,00","0000000000000,00","0000000000000,01",,"0000000000000,00","0000000000000,00","0000000000000,00",000000000000000,048
048,011,202603,202602,RR0112SR,00,NENL,N,000000000004,"000000000006,5","0,00626","0000000000000,04","0000000000000,00","0000000000000,00","0000000000000,04",,"0000000000000,00","0000000000000,00","0000000000000,00",000000000000000,048
048,011,202603,202602,RR0112SR,00,NENL,N,000000000002,"000000000002,9","0,00631","0000000000000,02","0000000000000,00","0000000000000,00","0000000000000,02",,"0000000000000,00","0000000000000,00","0000000000000,00",000000000000000,048
048,011,202603,202602,RR0112SR,00,NENL,R,000000000002,"000000000009,3","0,00438","0000000000000,04","0000000000000,00","0000000000000,00","0000000000000,04",,"0000000000000,00","0000000000000,00","0000000000000,00",000000000000000,048
048,011,202603,202602,RR0312SR,00,NENL,N,000000000002,"000000000005,9","0,00626","0000000000000,04","0000000000000,00","0000000000000,00","0000000000000,04",,"0000000000000,00","0000000000000,00","0000000000000,00",000000000000000,048
048,011,202603,202602,RR0312SR,00,NENL,R,000000000001,"000000000002,4","0,00438","0000000000000,01","0000000000000,00","0000000000000,00","0000000000000,01",,"0000000000000,00","0000000000000,00","0000000000000,00",000000000000000,048
048,011,202603,202602,RU01BR12,00,NENL,N,000000000001,"000000000017,8","0,00626","0000000000000,11","0000000000000,00","0000000000000,00","0000000000000,11",,"0000000000000,00","0000000000000,00","0000000000000,00",000000000000000,048
048,011,202603,202602,S0703008,00,NENL,N,000000000001,"000000000001,2","0,00626","0000000000000,01","0000000000000,00","0000000000000,00","0000000000000,01",,"0000000000000,00","0000000000000,00","0000000000000,00",000000000000000,048
048,011,202603,202602,S0703008,00,NENL,N,000000000005,"000000000005,2","0,00631","0000000000000,03","0000000000000,00","0000000000000,00","0000000000000,03",,"0000000000000,00","0000000000000,00","0000000000000,00",000000000000000,048
048,011,202603,202602,S1001187,00,NENL,N,000000000001,"000000000000,5","0,00631","0000000000000,00","0000000000000,00","0000000000000,00","0000000000000,00",,"0000000000000,00","0000000000000,00","0000000000000,00",000000000000000,048
048,011,202603,202602,S1001572,00,NENL,N,000000000025,"000000000078,2","0,00626","0000000000000,49","0000000000000,02","0000000000000,00","0000000000000,51",,"0000000000000,00","0000000000000,00","0000000000000,00",000000000000000,048
048,011,202603,202602,S1001572,00,NENL,N,000000000004,"000000000006,2","0,00631","0000000000000,04","0000000000000,00","0000000000000,00","0000000000000,04",,"0000000000000,00","0000000000000,00","0000000000000,00",000000000000000,048
048,011,202603,202602,S1001572,00,NENL,R,000000000001,"000000000020,0","0,00438","0000000000000,09","0000000000000,00","0000000000000,00","0000000000000,09",,"0000000000000,00","0000000000000,00","0000000000000,00",000000000000000,048
048,011,202603,202602,S1001581,00,NENL,N,000000000028,"000000000129,4","0,00626","0000000000000,81","0000000000000,03","0000000000000,00","0000000000000,84",,"0000000000000,01","0000000000000,00","0000000000000,00",000000000000000,048
048,011,202603,202602,S1001581,00,NENL,N,000000000003,"000000000011,8","0,00631","0000000000000,07","0000000000000,00","0000000000000,00","0000000000000,07",,"0000000000000,00","0000000000000,00","0000000000000,00",000000000000000,048
048,011,202603,202602,S1603366,00,NENL,N,000000000020,"000000000027,5","0,00626","0000000000000,17","0000000000000,01","0000000000000,00","0000000000000,18",,"0000000000000,00","0000000000000,00","0000000000000,00",000000000000000,048
048,011,202603,202602,S1603366,00,NENL,N,000000000003,"000000000006,0","0,00631","0000000000000,04","0000000000000,00","0000000000000,00","0000000000000,04",,"0000000000000,00","0000000000000,00","0000000000000,00",000000000000000,048
048,011,202603,202602,S1603369,00,NENL,N,000000000020,"000000000040,1","0,00626","0000000000000,25","0000000000000,01","0000000000000,00","0000000000000,26",,"0000000000000,00","0000000000000,00","0000000000000,00",000000000000000,048
048,011,202603,202602,S1603369,00,NENL,N,000000000007,"000000000022,6","0,00631","0000000000000,14","0000000000000,01","0000000000000,00","0000000000000,15",,"0000000000000,00","0000000000000,00","0000000000000,00",000000000000000,048
048,011,202603,202602,S1603369,00,NENL,R,000000000001,"000000000001,6","0,00438","0000000000000,01","0000000000000,00","0000000000000,00","0000000000000,01",,"0000000000000,00","0000000000000,00","0000000000000,00",000000000000000,048
048,011,202603,202602,S1603369,00,NENL,R,000000000001,"000000000001,1","0,00441","0000000000000,00","0000000000000,00","0000000000000,00","0000000000000,00",,"0000000000000,00","0000000000000,00","0000000000000,00",000000000000000,048
048,011,202603,202602,S1604102,00,NENL,N,000000000011,"000000000052,1","0,00626","0000000000000,33","0000000000000,01","0000000000000,00","0000000000000,34",,"0000000000000,00","0000000000000,00","0000000000000,00",000000000000000,048
048,011,202603,202602,VM300187,00,NENL,N,000000000001,"000000000000,5","0,00631","0000000000000,00","0000000000000,00","0000000000000,00","0000000000000,00",,"0000000000000,00","0000000000000,00","0000000000000,00",000000000000000,048
048,011,202603,202602,VM300572,00,NENL,N,000000000026,"000000000145,8","0,00626","0000000000000,91","0000000000000,03","0000000000000,00","0000000000000,94",,"0000000000000,01","0000000000000,00","0000000000000,00",000000000000000,048
048,011,202603,202602,VM300572,00,NENL,N,000000000006,"000000000014,2","0,00631","0000000000000,09","0000000000000,00","0000000000000,00","0000000000000,09",,"0000000000000,00","0000000000000,00","0000000000000,00",000000000000000,048
048,011,202603,202602,VM300581,00,GE8L,N,000000000001,"000000000001,9","0,00626","0000000000000,01","0000000000000,00","0000000000000,00","0000000000000,01",,"0000000000000,00","0000000000000,00","0000000000000,00",000000000000000,048
048,011,202603,202602,VM300581,00,NENL,N,000000000013,"000000000050,8","0,00626","0000000000000,32","0000000000000,01","0000000000000,00","0000000000000,33",,"0000000000000,00","0000000000000,00","0000000000000,00",000000000000000,048
048,011,202603,202602,VM300581,00,NENL,N,000000000003,"000000000003,1","0,00631","0000000000000,02","0000000000000,00","0000000000000,00","0000000000000,02",,"0000000000000,00","0000000000000,00","0000000000000,00",000000000000000,048
049,011,202603,202602,1ALG006I,00,NENL,N,000000000009,"000000000008,0","0,00626","0000000000000,05","0000000000000,00","0000000000000,00","0000000000000,05",,"0000000000000,00","0000000000000,00","0000000000000,00",000000000000000,049
049,011,202603,202602,1ALG006I,00,NENL,N,000000000002,"000000000001,0","0,00631","0000000000000,01","0000000000000,00","0000000000000,00","0000000000000,01",,"0000000000000,00","0000000000000,00","0000000000000,00",000000000000000,049
049,011,202603,202602,1ALG015I,00,NENL,N,000000000005,"000000000003,5","0,00626","0000000000000,02","0000000000000,00","0000000000000,00","0000000000000,02",,"0000000000000,00","0000000000000,00","0000000000000,00",000000000000000,049
049,011,202603,202602,1ALG015I,00,NENL,N,000000000001,"000000000001,0","0,00631","0000000000000,01","0000000000000,00","0000000000000,00","0000000000000,01",,"0000000000000,00","0000000000000,00","0000000000000,00",000000000000000,049
049,011,202603,202602,1CTB009I,00,NENL,N,000000000010,"000000000007,3","0,00626","0000000000000,05","0000000000000,00","0000000000000,00","0000000000000,05",,"0000000000000,00","0000000000000,00","0000000000000,00",000000000000000,049
049,011,202603,202602,1CTB009I,00,NENL,N,000000000001,"000000000000,8","0,00631","0000000000000,01","0000000000000,00","0000000000000,00","0000000000000,01",,"0000000000000,00","0000000000000,00","0000000000000,00",000000000000000,049
049,011,202603,202602,1CTB012I,00,NENL,N,000000000004,"000000000002,2","0,00626","0000000000000,01","0000000000000,00","0000000000000,00","0000000000000,01",,"0000000000000,00","0000000000000,00","0000000000000,00",000000000000000,049
049,011,202603,202602,1CTB012I,00,NENL,N,000000000002,"000000000001,3","0,00631","0000000000000,01","0000000000000,00","0000000000000,00","0000000000000,01",,"0000000000000,00","0000000000000,00","0000000000000,00",000000000000000,049
049,011,202603,202602,1CTB021I,00,NENL,N,000000000003,"000000000001,9","0,00626","0000000000000,01","0000000000000,00","0000000000000,00","0000000000000,01",,"0000000000000,00","0000000000000,00","0000000000000,00",000000000000000,049
049,011,202603,202602,1CTB021I,00,NENL,N,000000000001,"000000000000,5","0,00631","0000000000000,00","0000000000000,00","0000000000000,00","0000000000000,00",,"0000000000000,00","0000000000000,00","0000000000000,00",000000000000000,049
049,011,202603,202602,1CTB027I,00,NENL,N,000000000002,"000000000001,4","0,00626","0000000000000,01","0000000000000,00","0000000000000,00","0000000000000,01",,"0000000000000,00","0000000000000,00","0000000000000,00",000000000000000,049
049,011,202603,202602,1CTB033I,00,NENL,N,000000000003,"000000000003,5","0,00626","0000000000000,02","0000000000000,00","0000000000000,00","0000000000000,02",,"0000000000000,00","0000000000000,00","0000000000000,00",000000000000000,049
049,011,202603,202602,1CTB033I,00,NENL,N,000000000003,"000000000008,9","0,00631","0000000000000,06","0000000000000,00","0000000000000,00","0000000000000,06",,"0000000000000,00","0000000000000,00","0000000000000,00",000000000000000,049
049,011,202603,202602,30003IP4,00,NENL,N,000000000001,"000000000005,6","0,00626","0000000000000,04","0000000000000,00","0000000000000,00","0000000000000,04",,"0000000000000,00","0000000000000,00","0000000000000,00",000000000000000,049
049,011,202603,202602,3ALG001I,00,NENL,N,000000000005,"000000000006,1","0,00626","0000000000000,04","0000000000000,00","0000000000000,00","0000000000000,04",,"0000000000000,00","0000000000000,00","0000000000000,00",000000000000000,049
049,011,202603,202602,3ALG003I,00,NENL,N,000000000057,"000000000378,7","0,00626","0000000000002,37","0000000000000,09","0000000000000,00","0000000000002,46",,"0000000000000,02","0000000000000,00","0000000000000,00",000000000000000,049
049,011,202603,202602,3ALG003I,00,NENL,N,000000000013,"000000000023,6","0,00631","0000000000000,15","0000000000000,01","0000000000000,00","0000000000000,16",,"0000000000000,00","0000000000000,00","0000000000000,00",000000000000000,049
049,011,202603,202602,3CTB0021,00,NENL,N,000000000002,"000000000002,7","0,00626","0000000000000,02","0000000000000,00","0000000000000,00","0000000000000,02",,"0000000000000,00","0000000000000,00","0000000000000,00",000000000000000,049
049,011,202603,202602,3CTB003I,00,NENL,N,000000000006,"000000000014,7","0,00626","0000000000000,09","0000000000000,00","0000000000000,00","0000000000000,09",,"0000000000000,00","0000000000000,00","0000000000000,00",000000000000000,049
049,011,202603,202602,3CTB003I,00,NENL,N,000000000001,"000000000001,3","0,00631","0000000000000,01","0000000000000,00","0000000000000,00","0000000000000,01",,"0000000000000,00","0000000000000,00","0000000000000,00",000000000000000,049
049,011,202603,202602,3CTB012I,00,NENL,N,000000000002,"000000000001,1","0,00626","0000000000000,01","0000000000000,00","0000000000000,00","0000000000000,01",,"0000000000000,00","0000000000000,00","0000000000000,00",000000000000000,049
049,011,202603,202602,3CTB018I,00,NENL,N,000000000001,"000000000000,5","0,00626","0000000000000,00","0000000000000,00","0000000000000,00","0000000000000,00",,"0000000000000,00","0000000000000,00","0000000000000,00",000000000000000,049
049,011,202603,202602,3CTB021I,00,NENL,N,000000000003,"000000000001,5","0,00626","0000000000000,01","0000000000000,00","0000000000000,00","0000000000000,01",,"0000000000000,00","0000000000000,00","0000000000000,00",000000000000000,049
049,011,202603,202602,3CTB024I,00,NENL,N,000000000004,"000000000011,0","0,00626","0000000000000,07","0000000000000,00","0000000000000,00","0000000000000,07",,"0000000000000,00","0000000000000,00","0000000000000,00",000000000000000,049
049,011,202603,202602,3CTB024I,00,NENL,N,000000000001,"000000000002,5","0,00631","0000000000000,02","0000000000000,00","0000000000000,00","0000000000000,02",,"0000000000000,00","0000000000000,00","0000000000000,00",000000000000000,049
049,011,202603,202602,3OIF114I,00,NENL,N,000000000017,"000000000066,8","0,00626","0000000000000,42","0000000000000,02","0000000000000,00","0000000000000,44",,"0000000000000,00","0000000000000,00","0000000000000,00",000000000000000,049
049,011,202603,202602,3OIF114I,00,NENL,N,000000000003,"000000000007,3","0,00631","0000000000000,05","0000000000000,00","0000000000000,00","0000000000000,05",,"0000000000000,00","0000000000000,00","0000000000000,00",000000000000000,049
049,011,202603,202602,3OIF127I,00,NENL,N,000000000001,"000000000000,5","0,00626","0000000000000,00","0000000000000,00","0000000000000,00","0000000000000,00",,"0000000000000,00","0000000000000,00","0000000000000,00",000000000000000,049
049,011,202603,202602,3OIF127I,00,NENL,N,000000000001,"000000000000,5","0,00631","0000000000000,00","0000000000000,00","0000000000000,00","0000000000000,00",,"0000000000000,00","0000000000000,00","0000000000000,00",000000000000000,049
049,011,202603,202602,4FACTR4I,00,NENL,N,000000000012,"000000000038,4","0,00626","0000000000000,24","0000000000000,01","0000000000000,00","0000000000000,25",,"0000000000000,00","0000000000000,00","0000000000000,00",000000000000000,049
049,011,202603,202602,4FACTR4I,00,NENL,N,000000000003,"000000000004,6","0,00631","0000000000000,03","0000000000000,00","0000000000000,00","0000000000000,03",,"0000000000000,00","0000000000000,00","0000000000000,00",000000000000000,049
049,011,202603,202602,6ALG006I,00,NENL,N,000000000004,"000000000003,7","0,00626","0000000000000,02","0000000000000,00","0000000000000,00","0000000000000,02",,"0000000000000,00","0000000000000,00","0000000000000,00",000000000000000,049
049,011,202603,202602,6ALG006I,00,NENL,N,000000000002,"000000000002,5","0,00631","0000000000000,02","0000000000000,00","0000000000000,00","0000000000000,02",,"0000000000000,00","0000000000000,00","0000000000000,00",000000000000000,049
049,011,202603,202602,6ALG015I,00,NENL,N,000000000001,"000000000007,8","0,00626","0000000000000,05","0000000000000,00","0000000000000,00","0000000000000,05",,"0000000000000,00","0000000000000,00","0000000000000,00",000000000000000,049
049,011,202603,202602,6ALG015I,00,NENL,N,000000000001,"000000000000,5","0,00631","0000000000000,00","0000000000000,00","0000000000000,00","0000000000000,00",,"0000000000000,00","0000000000000,00","0000000000000,00",000000000000000,049
049,011,202603,202602,6CTB006I,00,NENL,N,000000000005,"000000000003,7","0,00626","0000000000000,02","0000000000000,00","0000000000000,00","0000000000000,02",,"0000000000000,00","0000000000000,00","0000000000000,00",000000000000000,049
049,011,202603,202602,6CTB009I,00,NENL,N,000000000007,"000000000004,5","0,00626","0000000000000,03","0000000000000,00","0000000000000,00","0000000000000,03",,"0000000000000,00","0000000000000,00","0000000000000,00",000000000000000,049
049,011,202603,202602,6CTB012I,00,NENL,N,000000000002,"000000000001,0","0,00626","0000000000000,01","0000000000000,00","0000000000000,00","0000000000000,01",,"0000000000000,00","0000000000000,00","0000000000000,00",000000000000000,049
049,011,202603,202602,6CTB012I,00,NENL,N,000000000001,"000000000001,3","0,00631","0000000000000,01","0000000000000,00","0000000000000,00","0000000000000,01",,"0000000000000,00","0000000000000,00","0000000000000,00",000000000000000,049
049,011,202603,202602,6CTB016I,00,NENL,N,000000000002,"000000000016,8","0,00626","0000000000000,11","0000000000000,00","0000000000000,00","0000000000000,11",,"0000000000000,00","0000000000000,00","0000000000000,00",000000000000000,049
049,011,202603,202602,6CTB016I,00,NENL,R,000000000001,"000000000005,7","0,00438","0000000000000,02","0000000000000,00","0000000000000,00","0000000000000,02",,"0000000000000,00","0000000000000,00","0000000000000,00",000000000000000,049
049,011,202603,202602,6CTB021I,00,NENL,N,000000000002,"000000000001,0","0,00626","0000000000000,01","0000000000000,00","0000000000000,00","0000000000000,01",,"0000000000000,00","0000000000000,00","0000000000000,00",000000000000000,049
049,011,202603,202602,6CTB021I,00,NENL,N,000000000001,"000000000001,8","0,00631","0000000000000,01","0000000000000,00","0000000000000,00","0000000000000,01",,"0000000000000,00","0000000000000,00","0000000000000,00",000000000000000,049
049,011,202603,202602,6CTB025I,00,NENL,N,000000000002,"000000000003,0","0,00626","0000000000000,02","0000000000000,00","0000000000000,00","0000000000000,02",,"0000000000000,00","0000000000000,00","0000000000000,00",000000000000000,049
049,011,202603,202602,6CTB028I,00,NENL,N,000000000001,"000000000012,8","0,00626","0000000000000,08","0000000000000,00","0000000000000,00","0000000000000,08",,"0000000000000,00","0000000000000,00","0000000000000,00",000000000000000,049
049,011,202603,202602,6CTB033I,00,NENL,N,000000000002,"000000000001,0","0,00626","0000000000000,01","0000000000000,00","0000000000000,00","0000000000000,01",,"0000000000000,00","0000000000000,00","0000000000000,00",000000000000000,049
049,011,202603,202602,6CTB033I,00,NENL,N,000000000004,"000000000007,4","0,00631","0000000000000,05","0000000000000,00","0000000000000,00","0000000000000,05",,"0000000000000,00","0000000000000,00","0000000000000,00",000000000000000,049
049,011,202603,202602,6CTB034I,00,NENL,N,000000000005,"000000000018,7","0,00626","0000000000000,12","0000000000000,00","0000000000000,00","0000000000000,12",,"0000000000000,00","0000000000000,00","0000000000000,00",000000000000000,049
049,011,202603,202602,6OIF033I,00,NENL,N,000000000002,"000000000020,4","0,00626","0000000000000,13","0000000000000,00","0000000000000,00","0000000000000,13",,"0000000000000,00","0000000000000,00","0000000000000,00",000000000000000,049
049,011,202603,202602,6OIF083I,00,NENL,N,000000000008,"000000000030,9","0,00626","0000000000000,19","0000000000000,01","0000000000000,00","0000000000000,20",,"0000000000000,00","0000000000000,00","0000000000000,00",000000000000000,049
049,011,202603,202602,6OIF083I,00,NENL,N,000000000001,"000000000004,7","0,00631","0000000000000,03","0000000000000,00","0000000000000,00","0000000000000,03",,"0000000000000,00","0000000000000,00","0000000000000,00",000000000000000,049
049,011,202603,202602,6OIF086I,00,NENL,N,000000000004,"000000000005,8","0,00626","0000000000000,04","0000000000000,00","0000000000000,00","0000000000000,04",,"0000000000000,00","0000000000000,00","0000000000000,00",000000000000000,049
049,011,202603,202602,7CTB028I,00,NENL,N,000000000002,"000000000002,8","0,00626","0000000000000,02","0000000000000,00","0000000000000,00","0000000000000,02",,"0000000000000,00","0000000000000,00","0000000000000,00",000000000000000,049
049,011,202603,202602,7CTB028I,00,NENL,N,000000000001,"000000000006,4","0,00631","0000000000000,04","0000000000000,00","0000000000000,00","0000000000000,04",,"0000000000000,00","0000000000000,00","0000000000000,00",000000000000000,049
049,011,202603,202602,7CTB031I,00,NENL,N,000000000001,"000000000004,7","0,00626","0000000000000,03","0000000000000,00","0000000000000,00","0000000000000,03",,"0000000000000,00","0000000000000,00","0000000000000,00",000000000000000,049
049,011,202603,202602,7CTB034I,00,NENL,N,000000000005,"000000000013,4","0,00626","0000000000000,08","0000000000000,00","0000000000000,00","0000000000000,08",,"0000000000000,00","0000000000000,00","0000000000000,00",000000000000000,049
049,011,202603,202602,7OIF083I,00,NENL,N,000000000006,"000000000022,9","0,00626","0000000000000,14","0000000000000,01","0000000000000,00","0000000000000,15",,"0000000000000,00","0000000000000,00","0000000000000,00",000000000000000,049
049,011,202603,202602,7OIF086I,00,NENL,N,000000000001,"000000000000,5","0,00626","0000000000000,00","0000000000000,00","0000000000000,00","0000000000000,00",,"0000000000000,00","0000000000000,00","0000000000000,00",000000000000000,049
049,011,202603,202602,8ALG003I,00,NENL,N,000000000078,"000000000345,0","0,00626","0000000000002,16","0000000000000,08","0000000000000,00","0000000000002,24",,"0000000000000,02","0000000000000,00","0000000000000,00",000000000000000,049
049,011,202603,202602,8ALG003I,00,NENL,N,000000000020,"000000000103,5","0,00631","0000000000000,65","0000000000000,02","0000000000000,00","0000000000000,67",,"0000000000000,01","0000000000000,00","0000000000000,00",000000000000000,049
049,011,202603,202602,8CTB0021,00,NENL,N,000000000002,"000000000002,3","0,00626","0000000000000,01","0000000000000,00","0000000000000,00","0000000000000,01",,"0000000000000,00","0000000000000,00","0000000000000,00",000000000000000,049
049,011,202603,202602,8CTB003I,00,NENL,N,000000000008,"000000000021,9","0,00626","0000000000000,14","0000000000000,01","0000000000000,00","0000000000000,15",,"0000000000000,00","0000000000000,00","0000000000000,00",000000000000000,049
049,011,202603,202602,8CTB024I,00,NENL,N,000000000004,"000000000010,2","0,00626","0000000000000,06","0000000000000,00","0000000000000,00","0000000000000,06",,"0000000000000,00","0000000000000,00","0000000000000,00",000000000000000,049
049,011,202603,202602,8CTB024I,00,NENL,N,000000000002,"000000000002,8","0,00631","0000000000000,02","0000000000000,00","0000000000000,00","0000000000000,02",,"0000000000000,00","0000000000000,00","0000000000000,00",000000000000000,049
049,011,202603,202602,8CTB027I,00,NENL,N,000000000001,"000000000000,9","0,00626","0000000000000,01","0000000000000,00","0000000000000,00","0000000000000,01",,"0000000000000,00","0000000000000,00","0000000000000,00",000000000000000,049
049,011,202603,202602,8CTB027I,00,NENL,N,000000000001,"000000000000,7","0,00631","0000000000000,00","0000000000000,00","0000000000000,00","0000000000000,00",,"0000000000000,00","0000000000000,00","0000000000000,00",000000000000000,049
049,011,202603,202602,8OIF043I,00,NENL,N,000000000001,"000000000006,0","0,00631","0000000000000,04","0000000000000,00","0000000000000,00","0000000000000,04",,"0000000000000,00","0000000000000,00","0000000000000,00",000000000000000,049
049,011,202603,202602,8OIF114I,00,NENL,N,000000000020,"000000000043,3","0,00626","0000000000000,27","0000000000000,01","0000000000000,00","0000000000000,28",,"0000000000000,00","0000000000000,00","0000000000000,00",000000000000000,049
049,011,202603,202602,8OIF114I,00,NENL,N,000000000002,"000000000002,2","0,00631","0000000000000,01","0000000000000,00","0000000000000,00","0000000000000,01",,"0000000000000,00","0000000000000,00","0000000000000,00",000000000000000,049
049,011,202603,202602,A021239,00,NENL,N,000000000001,"000000000007,5","0,00626","0000000000000,05","0000000000000,00","0000000000000,00","0000000000000,05",,"0000000000000,00","0000000000000,00","0000000000000,00",000000000000000,049
049,011,202603,202602,A021239,00,NENL,N,000000000003,"000000000007,0","0,00631","0000000000000,04","0000000000000,00","0000000000000,00","0000000000000,04",,"0000000000000,00","0000000000000,00","0000000000000,00",000000000000000,049
049,011,202603,202602,A030901,00,NENL,N,000000000006,"000000000004,1","0,00631","0000000000000,03","0000000000000,00","0000000000000,00","0000000000000,03",,"0000000000000,00","0000000000000,00","0000000000000,00",000000000000000,049
049,011,202603,202602,AP1TLF_N,00,NENL,N,000000000004,"000000000019,5","0,00626","0000000000000,12","0000000000000,00","0000000000000,00","0000000000000,12",,"0000000000000,00","0000000000000,00","0000000000000,00",000000000000000,049
049,011,202603,202602,AP2TLF_N,00,NENL,N,000000000005,"000000000030,1","0,00626","0000000000000,19","0000000000000,01","0000000000000,00","0000000000000,20",,"0000000000000,00","0000000000000,00","0000000000000,00",000000000000000,049
049,011,202603,202602,CO100812,00,NENL,N,000000000001,"000000000001,1","0,00626","0000000000000,01","0000000000000,00","0000000000000,00","0000000000000,01",,"0000000000000,00","0000000000000,00","0000000000000,00",000000000000000,049
049,011,202603,202602,CO100814,00,NENL,N,000000000002,"000000000001,0","0,00626","0000000000000,01","0000000000000,00","0000000000000,00","0000000000000,01",,"0000000000000,00","0000000000000,00","0000000000000,00",000000000000000,049
049,011,202603,202602,IB100812,00,NENL,N,000000000002,"000000000005,1","0,00626","0000000000000,03","0000000000000,00","0000000000000,00","0000000000000,03",,"0000000000000,00","0000000000000,00","0000000000000,00",000000000000000,049
049,011,202603,202602,MB301110,00,NENL,N,000000000052,"000000000131,0","0,00626","0000000000000,82","0000000000000,03","0000000000000,00","0000000000000,85",,"0000000000000,01","0000000000000,00","0000000000000,00",000000000000000,049
049,011,202603,202602,MB301110,00,NENL,N,000000000012,"000000000045,3","0,00631","0000000000000,29","0000000000000,01","0000000000000,00","0000000000000,30",,"0000000000000,00","0000000000000,00","0000000000000,00",000000000000000,049
049,011,202603,202602,MB301153,00,GE8L,N,000000000003,"000000000009,4","0,00626","0000000000000,06","0000000000000,00","0000000000000,00","0000000000000,06",,"0000000000000,00","0000000000000,00","0000000000000,00",000000000000000,049
049,011,202603,202602,MB301153,00,NENL,N,000000000019,"000000000072,8","0,00626","0000000000000,46","0000000000000,02","0000000000000,00","0000000000000,48",,"0000000000000,00","0000000000000,00","0000000000000,00",000000000000000,049
049,011,202603,202602,MB301153,00,NENL,N,000000000005,"000000000021,1","0,00631","0000000000000,13","0000000000000,01","0000000000000,00","0000000000000,14",,"0000000000000,00","0000000000000,00","0000000000000,00",000000000000000,049
049,011,202603,202602,O012105,00,NENL,N,000000000002,"000000000003,9","0,00626","0000000000000,02","0000000000000,00","0000000000000,00","0000000000000,02",,"0000000000000,00","0000000000000,00","0000000000000,00",000000000000000,049
049,011,202603,202602,PD6ICTBC,00,NENL,N,000000000024,"000000000065,1","0,00626","0000000000000,41","0000000000000,02","0000000000000,00","0000000000000,43",,"0000000000000,00","0000000000000,00","0000000000000,00",000000000000000,049
049,011,202603,202602,PD6ICTBC,00,NENL,N,000000000005,"000000000008,1","0,00631","0000000000000,05","0000000000000,00","0000000000000,00","0000000000000,05",,"0000000000000,00","0000000000000,00","0000000000000,00",000000000000000,049
049,011,202603,202602,PW019CTB,00,NENL,N,000000000041,"000000000066,0","0,00626","0000000000000,41","0000000000000,02","0000000000000,00","0000000000000,43",,"0000000000000,00","0000000000000,00","0000000000000,00",000000000000000,049
049,011,202603,202602,PW019CTB,00,NENL,N,000000000007,"000000000065,0","0,00631","0000000000000,41","0000000000000,02","0000000000000,00","0000000000000,43",,"0000000000000,00","0000000000000,00","0000000000000,00",000000000000000,049
049,011,202603,202602,PW029CTB,00,NENL,N,000000000032,"000000000101,7","0,00626","0000000000000,64","0000000000000,02","0000000000000,00","0000000000000,66",,"0000000000000,01","0000000000000,00","0000000000000,00",000000000000000,049
049,011,202603,202602,PW029CTB,00,NENL,N,000000000011,"000000000032,4","0,00631","0000000000000,20","0000000000000,01","0000000000000,00","0000000000000,21",,"0000000000000,00","0000000000000,00","0000000000000,00",000000000000000,049
049,011,202603,202602,Q020486,00,NENL,N,000000000001,"000000000000,6","0,00626","0000000000000,00","0000000000000,00","0000000000000,00","0000000000000,00",,"0000000000000,00","0000000000000,00","0000000000000,00",000000000000000,049
049,011,202603,202602,Q0703212,00,NENL,N,000000000012,"000000000045,6","0,00626","0000000000000,29","0000000000000,01","0000000000000,00","0000000000000,30",,"0000000000000,00","0000000000000,00","0000000000000,00",000000000000000,049
049,011,202603,202602,Q0703212,00,NENL,R,000000000002,"000000000008,2","0,00438","0000000000000,04","0000000000000,00","0000000000000,00","0000000000000,04",,"0000000000000,00","0000000000000,00","0000000000000,00",000000000000000,049
049,011,202603,202602,Q0703365,00,NENL,N,000000000005,"000000000013,0","0,00626","0000000000000,08","0000000000000,00","0000000000000,00","0000000000000,08",,"0000000000000,00","0000000000000,00","0000000000000,00",000000000000000,049
049,011,202603,202602,Q0703365,00,NENL,N,000000000001,"000000000003,6","0,00631","0000000000000,02","0000000000000,00","0000000000000,00","0000000000000,02",,"0000000000000,00","0000000000000,00","0000000000000,00",000000000000000,049
049,011,202603,202602,Q0703412,00,NENL,N,000000000004,"000000000003,2","0,00626","0000000000000,02","0000000000000,00","0000000000000,00","0000000000000,02",,"0000000000000,00","0000000000000,00","0000000000000,00",000000000000000,049
049,011,202603,202602,Q0703558,00,NENL,N,000000000108,"000000000341,5","0,00626","0000000000002,14","0000000000000,08","0000000000000,00","0000000000002,22",,"0000000000000,02","0000000000000,00","0000000000000,00",000000000000000,049
049,011,202603,202602,Q0703558,00,NENL,N,000000000024,"000000000085,2","0,00631","0000000000000,54","0000000000000,02","0000000000000,00","0000000000000,56",,"0000000000000,00","0000000000000,00","0000000000000,00",000000000000000,049
049,011,202603,202602,Q0703558,00,NENL,R,000000000008,"000000000064,0","0,00438","0000000000000,28","0000000000000,01","0000000000000,00","0000000000000,29",,"0000000000000,00","0000000000000,00","0000000000000,00",000000000000000,049
049,011,202603,202602,RQ0112AQ,00,NENL,N,000000000004,"000000000009,6","0,00626","0000000000000,06","0000000000000,00","0000000000000,00","0000000000000,06",,"0000000000000,00","0000000000000,00","0000000000000,00",000000000000000,049
049,011,202603,202602,RQ0412JL,00,NENL,N,000000000001,"000000000000,5","0,00626","0000000000000,00","0000000000000,00","0000000000000,00","0000000000000,00",,"0000000000000,00","0000000000000,00","0000000000000,00",000000000000000,049
049,011,202603,202602,RQ0412MM,00,NENL,N,000000000001,"000000000000,5","0,00626","0000000000000,00","0000000000000,00","0000000000000,00","0000000000000,00",,"0000000000000,00","0000000000000,00","0000000000000,00",000000000000000,049
049,011,202603,202602,RQ053FAC,00,NENL,N,000000000050,"000000000111,9","0,00626","0000000000000,70","0000000000000,03","0000000000000,00","0000000000000,73",,"0000000000000,01","0000000000000,00","0000000000000,00",000000000000000,049
049,011,202603,202602,RQ053FAC,00,NENL,N,000000000008,"000000000017,1","0,00631","0000000000000,11","0000000000000,00","0000000000000,00","0000000000000,11",,"0000000000000,00","0000000000000,00","0000000000000,00",000000000000000,049
049,011,202603,202602,RR0112SR,00,NENL,N,000000000045,"000000000177,1","0,00626","0000000000001,11","0000000000000,04","0000000000000,00","0000000000001,15",,"0000000000000,01","0000000000000,00","0000000000000,00",000000000000000,049
049,011,202603,202602,RR0112SR,00,NENL,N,000000000009,"000000000038,0","0,00631","0000000000000,24","0000000000000,01","0000000000000,00","0000000000000,25",,"0000000000000,00","0000000000000,00","0000000000000,00",000000000000000,049
049,011,202603,202602,RR0112SR,00,NENL,R,000000000003,"000000000107,5","0,00438","0000000000000,47","0000000000000,02","0000000000000,00","0000000000000,49",,"0000000000000,00","0000000000000,00","0000000000000,00",000000000000000,049
049,011,202603,202602,RR0312SR,00,NENL,N,000000000047,"000000000297,4","0,00626","0000000000001,86","0000000000000,07","0000000000000,00","0000000000001,93",,"0000000000000,02","0000000000000,00","0000000000000,00",000000000000000,049
049,011,202603,202602,RR0312SR,00,NENL,N,000000000005,"000000000024,6","0,00631","0000000000000,16","0000000000000,01","0000000000000,00","0000000000000,17",,"0000000000000,00","0000000000000,00","0000000000000,00",000000000000000,049
049,011,202603,202602,RU01BR12,00,NENL,N,000000000005,"000000000008,6","0,00626","0000000000000,05","0000000000000,00","0000000000000,00","0000000000000,05",,"0000000000000,00","0000000000000,00","0000000000000,00",000000000000000,049
049,011,202603,202602,S0703008,00,NENL,N,000000000001,"000000000004,7","0,00626","0000000000000,03","0000000000000,00","0000000000000,00","0000000000000,03",,"0000000000000,00","0000000000000,00","0000000000000,00",000000000000000,049
049,011,202603,202602,S1001572,00,NENL,N,000000000048,"000000000220,1","0,00626","0000000000001,38","0000000000000,05","0000000000000,00","0000000000001,43",,"0000000000000,01","0000000000000,00","0000000000000,00",000000000000000,049
049,011,202603,202602,S1001572,00,NENL,N,000000000011,"000000000035,2","0,00631","0000000000000,22","0000000000000,01","0000000000000,00","0000000000000,23",,"0000000000000,00","0000000000000,00","0000000000000,00",000000000000000,049
049,011,202603,202602,S1001581,00,GE8L,N,000000000002,"000000000022,5","0,00626","0000000000000,14","0000000000000,01","0000000000000,00","0000000000000,15",,"0000000000000,00","0000000000000,00","0000000000000,00",000000000000000,049
049,011,202603,202602,S1001581,00,NENL,N,000000000016,"000000000031,4","0,00626","0000000000000,20","0000000000000,01","0000000000000,00","0000000000000,21",,"0000000000000,00","0000000000000,00","0000000000000,00",000000000000000,049
049,011,202603,202602,S1001581,00,NENL,N,000000000006,"000000000017,5","0,00631","0000000000000,11","0000000000000,00","0000000000000,00","0000000000000,11",,"0000000000000,00","0000000000000,00","0000000000000,00",000000000000000,049
049,011,202603,202602,S1603366,00,NENL,N,000000000002,"000000000005,0","0,00626","0000000000000,03","0000000000000,00","0000000000000,00","0000000000000,03",,"0000000000000,00","0000000000000,00","0000000000000,00",000000000000000,049
049,011,202603,202602,S1603366,00,NENL,N,000000000003,"000000000009,6","0,00631","0000000000000,06","0000000000000,00","0000000000000,00","0000000000000,06",,"0000000000000,00","0000000000000,00","0000000000000,00",000000000000000,049
049,011,202603,202602,S1603369,00,NENL,N,000000000004,"000000000008,0","0,00626","0000000000000,05","0000000000000,00","0000000000000,00","0000000000000,05",,"0000000000000,00","0000000000000,00","0000000000000,00",000000000000000,049
049,011,202603,202602,S1603369,00,NENL,N,000000000001,"000000000002,1","0,00631","0000000000000,01","0000000000000,00","0000000000000,00","0000000000000,01",,"0000000000000,00","0000000000000,00","0000000000000,00",000000000000000,049
049,011,202603,202602,S1604102,00,NENL,N,000000000005,"000000000002,9","0,00626","0000000000000,02","0000000000000,00","0000000000000,00","0000000000000,02",,"0000000000000,00","0000000000000,00","0000000000000,00",000000000000000,049
049,011,202603,202602,VM300572,00,NENL,N,000000000068,"000000000652,9","0,00626","0000000000004,09","0000000000000,15","0000000000000,00","0000000000004,24",,"0000000000000,04","0000000000000,00","0000000000000,00",000000000000000,049
049,011,202603,202602,VM300572,00,NENL,N,000000000012,"000000000021,5","0,00631","0000000000000,14","0000000000000,01","0000000000000,00","0000000000000,15",,"0000000000000,00","0000000000000,00","0000000000000,00",000000000000000,049
049,011,202603,202602,VM300572,00,NENL,R,000000000001,"000000000004,0","0,00438","0000000000000,02","0000000000000,00","0000000000000,00","0000000000000,02",,"0000000000000,00","0000000000000,00","0000000000000,00",000000000000000,049
049,011,202603,202602,VM300581,00,NENL,N,000000000015,"000000000065,7","0,00626","0000000000000,41","0000000000000,02","0000000000000,00","0000000000000,43",,"0000000000000,00","0000000000000,00","0000000000000,00",000000000000000,049
049,011,202603,202602,VM300581,00,NENL,N,000000000003,"000000000002,6","0,00631","0000000000000,02","0000000000000,00","0000000000000,00","0000000000000,02",,"0000000000000,00","0000000000000,00","0000000000000,00",000000000000000,049
143,011,202603,202602,00002IP2,00,GE8L,N,000000000001,"000000000016,1","0,00604","0000000000000,10","0000000000000,00","0000000000000,00","0000000000000,10",,"0000000000000,00","0000000000000,00","0000000000000,00",000000000000000,143
143,011,202603,202602,00002IP2,00,NENL,N,000000000159,"000000000141,1","0,00604","0000000000000,85","0000000000000,03","0000000000000,00","0000000000000,88",,"0000000000000,01","0000000000000,00","0000000000000,00",000000000000000,143
143,011,202603,202602,00002IP2,00,NENL,R,000000000015,"000000000008,4","0,00422","0000000000000,04","0000000000000,00","0000000000000,00","0000000000000,04",,"0000000000000,00","0000000000000,00","0000000000000,00",000000000000000,143
143,011,202603,202602,1ALG006I,00,NENL,N,000000000200,"000000000287,3","0,00604","0000000000001,74","0000000000000,07","0000000000000,00","0000000000001,81",,"0000000000000,02","0000000000000,00","0000000000000,00",000000000000000,143
143,011,202603,202602,1ALG006I,00,NENL,R,000000000001,"000000000000,5","0,00422","0000000000000,00","0000000000000,00","0000000000000,00","0000000000000,00",,"0000000000000,00","0000000000000,00","0000000000000,00",000000000000000,143
143,011,202603,202602,1ALG012I,00,NENL,N,000000000001,"000000000001,0","0,00604","0000000000000,01","0000000000000,00","0000000000000,00","0000000000000,01",,"0000000000000,00","0000000000000,00","0000000000000,00",000000000000000,143
143,011,202603,202602,1ALG015I,00,NENL,N,000000000206,"000000000329,6","0,00604","0000000000001,99","0000000000000,08","0000000000000,00","0000000000002,07",,"0000000000000,02","0000000000000,00","0000000000000,00",000000000000000,143
143,011,202603,202602,1ALG015I,00,NENL,R,000000000004,"000000000002,1","0,00422","0000000000000,01","0000000000000,00","0000000000000,00","0000000000000,01",,"0000000000000,00","0000000000000,00","0000000000000,00",000000000000000,143
143,011,202603,202602,1CTB006I,00,NENL,N,000000000049,"000000000094,2","0,00604","0000000000000,57","0000000000000,02","0000000000000,00","0000000000000,59",,"0000000000000,01","0000000000000,00","0000000000000,00",000000000000000,143
143,011,202603,202602,1CTB009I,00,NENL,N,000000000261,"000000000406,0","0,00604","0000000000002,45","0000000000000,09","0000000000000,00","0000000000002,54",,"0000000000000,02","0000000000000,00","0000000000000,00",000000000000000,143
143,011,202603,202602,1CTB009I,00,NENL,R,000000000001,"000000000000,5","0,00422","0000000000000,00","0000000000000,00","0000000000000,00","0000000000000,00",,"0000000000000,00","0000000000000,00","0000000000000,00",000000000000000,143
143,011,202603,202602,1CTB012I,00,NENL,N,000000000125,"000000000199,0","0,00604","0000000000001,20","0000000000000,05","0000000000000,00","0000000000001,25",,"0000000000000,01","0000000000000,00","0000000000000,00",000000000000000,143
143,011,202603,202602,1CTB018I,00,NENL,N,000000000012,"000000000015,0","0,00604","0000000000000,09","0000000000000,00","0000000000000,00","0000000000000,09",,"0000000000000,00","0000000000000,00","0000000000000,00",000000000000000,143
143,011,202603,202602,1CTB021I,00,NENL,N,000000000104,"000000000153,0","0,00604","0000000000000,92","0000000000000,04","0000000000000,00","0000000000000,96",,"0000000000000,01","0000000000000,00","0000000000000,00",000000000000000,143
143,011,202603,202602,1CTB027I,00,NENL,N,000000000227,"000000000340,7","0,00604","0000000000002,06","0000000000000,08","0000000000000,00","0000000000002,14",,"0000000000000,02","0000000000000,00","0000000000000,00",000000000000000,143
143,011,202603,202602,1CTB027I,00,NENL,R,000000000001,"000000000000,5","0,00422","0000000000000,00","0000000000000,00","0000000000000,00","0000000000000,00",,"0000000000000,00","0000000000000,00","0000000000000,00",000000000000000,143
143,011,202603,202602,1CTB033I,00,NENL,N,000000000172,"000000000287,3","0,00604","0000000000001,74","0000000000000,07","0000000000000,00","0000000000001,81",,"0000000000000,02","0000000000000,00","0000000000000,00",000000000000000,143
143,011,202603,202602,1OIF006I,00,NENL,N,000000000008,"000000000006,7","0,00604","0000000000000,04","0000000000000,00","0000000000000,00","0000000000000,04",,"0000000000000,00","0000000000000,00","0000000000000,00",000000000000000,143
143,011,202603,202602,1OIF009I,00,NENL,N,000000000001,"000000000002,2","0,00604","0000000000000,01","0000000000000,00","0000000000000,00","0000000000000,01",,"0000000000000,00","0000000000000,00","0000000000000,00",000000000000000,143
143,011,202603,202602,1OIF012I,00,NENL,N,000000000003,"000000000001,5","0,00604","0000000000000,01","0000000000000,00","0000000000000,00","0000000000000,01",,"0000000000000,00","0000000000000,00","0000000000000,00",000000000000000,143
143,011,202603,202602,1OIF018I,00,NENL,N,000000000008,"000000000015,8","0,00604","0000000000000,10","0000000000000,00","0000000000000,00","0000000000000,10",,"0000000000000,00","0000000000000,00","0000000000000,00",000000000000000,143
143,011,202603,202602,1OIF024I,00,NENL,N,000000000015,"000000000052,9","0,00604","0000000000000,32","0000000000000,01","0000000000000,00","0000000000000,33",,"0000000000000,00","0000000000000,00","0000000000000,00",000000000000000,143
143,011,202603,202602,1OIF033I,00,NENL,N,000000000003,"000000000001,5","0,00604","0000000000000,01","0000000000000,00","0000000000000,00","0000000000000,01",,"0000000000000,00","0000000000000,00","0000000000000,00",000000000000000,143
143,011,202603,202602,1OIF039I,00,NENL,N,000000000002,"000000000001,0","0,00604","0000000000000,01","0000000000000,00","0000000000000,00","0000000000000,01",,"0000000000000,00","0000000000000,00","0000000000000,00",000000000000000,143
143,011,202603,202602,1OIF041I,00,NENL,N,000000000010,"000000000013,7","0,00604","0000000000000,08","0000000000000,00","0000000000000,00","0000000000000,08",,"0000000000000,00","0000000000000,00","0000000000000,00",000000000000000,143
143,011,202603,202602,1OIF042I,00,NENL,N,000000000002,"000000000002,5","0,00604","0000000000000,02","0000000000000,00","0000000000000,00","0000000000000,02",,"0000000000000,00","0000000000000,00","0000000000000,00",000000000000000,143
143,011,202603,202602,1OIF045I,00,NENL,N,000000000012,"000000000012,1","0,00604","0000000000000,07","0000000000000,00","0000000000000,00","0000000000000,07",,"0000000000000,00","0000000000000,00","0000000000000,00",000000000000000,143
143,011,202603,202602,1OIF047I,00,NENL,N,000000000001,"000000000000,5","0,00604","0000000000000,00","0000000000000,00","0000000000000,00","0000000000000,00",,"0000000000000,00","0000000000000,00","0000000000000,00",000000000000000,143
143,011,202603,202602,1OIF062I,00,NENL,N,000000000001,"000000000000,9","0,00604","0000000000000,01","0000000000000,00","0000000000000,00","0000000000000,01",,"0000000000000,00","0000000000000,00","0000000000000,00",000000000000000,143
143,011,202603,202602,300021P1,00,NENL,N,000000000094,"000000000109,8","0,00604","0000000000000,66","0000000000000,03","0000000000000,00","0000000000000,69",,"0000000000000,01","0000000000000,00","0000000000000,00",000000000000000,143
143,011,202603,202602,300021P1,00,NENL,R,000000000001,"000000000000,5","0,00422","0000000000000,00","0000000000000,00","0000000000000,00","0000000000000,00",,"0000000000000,00","0000000000000,00","0000000000000,00",000000000000000,143
143,011,202603,202602,30002IP1,00,GE8L,N,000000000154,"000000001073,8","0,00604","0000000000006,49","0000000000000,25","0000000000000,00","0000000000006,74",,"0000000000000,06","0000000000000,00","0000000000000,00",000000000000001,143
143,011,202603,202602,30002IP1,00,NENL,N,000000000087,"000000000064,3","0,00604","0000000000000,39","0000000000000,01","0000000000000,00","0000000000000,40",,"0000000000000,00","0000000000000,00","0000000000000,00",000000000000000,143
143,011,202603,202602,30002IP1,00,NENL,R,000000000006,"000000000003,0","0,00422","0000000000000,01","0000000000000,00","0000000000000,00","0000000000000,01",,"0000000000000,00","0000000000000,00","0000000000000,00",000000000000000,143
143,011,202603,202602,30003IP4,00,GE8L,N,000000000204,"000000001205,9","0,00604","0000000000007,28","0000000000000,28","0000000000000,00","0000000000007,56",,"0000000000000,07","0000000000000,00","0000000000000,00",000000000000001,143
143,011,202603,202602,30003IP4,00,GE8L,R,000000000001,"000000000000,8","0,00422","0000000000000,00","0000000000000,00","0000000000000,00","0000000000000,00",,"0000000000000,00","0000000000000,00","0000000000000,00",000000000000000,143
143,011,202603,202602,30003IP4,00,NENL,N,000000000276,"000000000236,9","0,00604","0000000000001,43","0000000000000,05","0000000000000,00","0000000000001,48",,"0000000000000,01","0000000000000,00","0000000000000,00",000000000000000,143
143,011,202603,202602,30003IP4,00,NENL,R,000000000014,"000000000009,0","0,00422","0000000000000,04","0000000000000,00","0000000000000,00","0000000000000,04",,"0000000000000,00","0000000000000,00","0000000000000,00",000000000000000,143
143,011,202603,202602,3ALG001I,00,NENL,N,000000000328,"000000000448,5","0,00604","0000000000002,71","0000000000000,10","0000000000000,00","0000000000002,81",,"0000000000000,02","0000000000000,00","0000000000000,00",000000000000000,143
143,011,202603,202602,3ALG001I,00,NENL,R,000000000015,"000000000021,3","0,00422","0000000000000,09","0000000000000,00","0000000000000,00","0000000000000,09",,"0000000000000,00","0000000000000,00","0000000000000,00",000000000000000,143
143,011,202603,202602,3ALG003I,00,NENL,N,000000000176,"000000000221,7","0,00604","0000000000001,34","0000000000000,05","0000000000000,00","0000000000001,39",,"0000000000000,01","0000000000000,00","0000000000000,00",000000000000000,143
143,011,202603,202602,3ALG006I,00,NENL,N,000000000058,"000000000066,4","0,00604","0000000000000,40","0000000000000,02","0000000000000,00","0000000000000,42",,"0000000000000,00","0000000000000,00","0000000000000,00",000000000000000,143
143,011,202603,202602,3CTB0021,00,NENL,N,000000000568,"000000001043,5","0,00604","0000000000006,30","0000000000000,24","0000000000000,00","0000000000006,54",,"0000000000000,06","0000000000000,00","0000000000000,00",000000000000001,143
143,011,202603,202602,3CTB0021,00,NENL,R,000000000003,"000000000013,4","0,00422","0000000000000,06","0000000000000,00","0000000000000,00","0000000000000,06",,"0000000000000,00","0000000000000,00","0000000000000,00",000000000000000,143
143,011,202603,202602,3CTB003I,00,NENL,N,000000001198,"000000001590,3","0,00604","0000000000009,61","0000000000000,36","0000000000000,00","0000000000009,97",,"0000000000000,09","0000000000000,00","0000000000000,00",000000000000001,143
143,011,202603,202602,3CTB003I,00,NENL,R,000000000008,"000000000025,1","0,00422","0000000000000,11","0000000000000,00","0000000000000,00","0000000000000,11",,"0000000000000,00","0000000000000,00","0000000000000,00",000000000000000,143
143,011,202603,202602,3CTB006I,00,NENL,N,000000000104,"000000000156,2","0,00604","0000000000000,94","0000000000000,04","0000000000000,00","0000000000000,98",,"0000000000000,01","0000000000000,00","0000000000000,00",000000000000000,143
143,011,202603,202602,3CTB009I,00,NENL,N,000000000131,"000000000236,2","0,00604","0000000000001,43","0000000000000,05","0000000000000,00","0000000000001,48",,"0000000000000,01","0000000000000,00","0000000000000,00",000000000000000,143
143,011,202603,202602,3CTB012I,00,NENL,N,000000000433,"000000000889,3","0,00604","0000000000005,37","0000000000000,20","0000000000000,00","0000000000005,57",,"0000000000000,05","0000000000000,00","0000000000000,00",000000000000001,143
143,011,202603,202602,3CTB015I,00,NENL,N,000000000009,"000000000009,5","0,00604","0000000000000,06","0000000000000,00","0000000000000,00","0000000000000,06",,"0000000000000,00","0000000000000,00","0000000000000,00",000000000000000,143
143,011,202603,202602,3CTB018I,00,NENL,N,000000000175,"000000000269,5","0,00604","0000000000001,63","0000000000000,06","0000000000000,00","0000000000001,69",,"0000000000000,01","0000000000000,00","0000000000000,00",000000000000000,143
143,011,202603,202602,3CTB018I,00,NENL,R,000000000002,"000000000003,4","0,00422","0000000000000,01","0000000000000,00","0000000000000,00","0000000000000,01",,"0000000000000,00","0000000000000,00","0000000000000,00",000000000000000,143
143,011,202603,202602,3CTB021I,00,NENL,N,000000000300,"000000000271,4","0,00604","0000000000001,64","0000000000000,06","0000000000000,00","0000000000001,70",,"0000000000000,01","0000000000000,00","0000000000000,00",000000000000000,143
143,011,202603,202602,3CTB021I,00,NENL,R,000000000001,"000000000001,9","0,00422","0000000000000,01","0000000000000,00","0000000000000,00","0000000000000,01",,"0000000000000,00","0000000000000,00","0000000000000,00",000000000000000,143
143,011,202603,202602,3CTB024I,00,NENL,N,000000000142,"000000000188,8","0,00604","0000000000001,14","0000000000000,04","0000000000000,00","0000000000001,18",,"0000000000000,01","0000000000000,00","0000000000000,00",000000000000000,143
143,011,202603,202602,3CTB027I,00,NENL,N,000000000044,"000000000057,6","0,00604","0000000000000,35","0000000000000,01","0000000000000,00","0000000000000,36",,"0000000000000,00","0000000000000,00","0000000000000,00",000000000000000,143
143,011,202603,202602,3CTB033I,00,NENL,N,000000000254,"000000000393,2","0,00604","0000000000002,37","0000000000000,09","0000000000000,00","0000000000002,46",,"0000000000000,02","0000000000000,00","0000000000000,00",000000000000000,143
143,011,202603,202602,3CTB033I,00,NENL,R,000000000003,"000000000014,1","0,00422","0000000000000,06","0000000000000,00","0000000000000,00","0000000000000,06",,"0000000000000,00","0000000000000,00","0000000000000,00",000000000000000,143
143,011,202603,202602,3CTB036I,00,NENL,N,000000000177,"000000000220,2","0,00604","0000000000001,33","0000000000000,05","0000000000000,00","0000000000001,38",,"0000000000000,01","0000000000000,00","0000000000000,00",000000000000000,143
143,011,202603,202602,3CTB036I,00,NENL,R,000000000001,"000000000000,5","0,00422","0000000000000,00","0000000000000,00","0000000000000,00","0000000000000,00",,"0000000000000,00","0000000000000,00","0000000000000,00",000000000000000,143
143,011,202603,202602,3FJICTEB,00,NSNL,N,000000007542,"000000016656,1","0,00604","0000000000100,60","0000000000003,81","0000000000000,00","0000000000104,41",,"0000000000000,91","0000000000000,00","0000000000000,00",000000000000010,143
143,011,202603,202602,3FJICTEB,00,NSNL,R,000000000462,"000000000436,7","0,00422","0000000000001,84","0000000000000,07","0000000000000,00","0000000000001,91",,"0000000000000,02","0000000000000,00","0000000000000,00",000000000000000,143
143,011,202603,202602,3FJICTFB,00,NSNL,N,000000007605,"000000017549,7","0,00604","0000000000106,00","0000000000004,02","0000000000000,00","0000000000110,02",,"0000000000000,95","0000000000000,00","0000000000000,00",000000000000011,143
143,011,202603,202602,3FJICTFB,00,NSNL,R,000000000440,"000000000367,0","0,00422","0000000000001,55","0000000000000,06","0000000000000,00","0000000000001,61",,"0000000000000,01","0000000000000,00","0000000000000,00",000000000000000,143
143,011,202603,202602,3OIF013I,00,NENL,N,000000000002,"000000000002,0","0,00604","0000000000000,01","0000000000000,00","0000000000000,00","0000000000000,01",,"0000000000000,00","0000000000000,00","0000000000000,00",000000000000000,143
143,011,202603,202602,3OIF019I,00,NENL,N,000000000001,"000000000000,5","0,00604","0000000000000,00","0000000000000,00","0000000000000,00","0000000000000,00",,"0000000000000,00","0000000000000,00","0000000000000,00",000000000000000,143
143,011,202603,202602,3OIF025I,00,NENL,N,000000000001,"000000000000,9","0,00604","0000000000000,01","0000000000000,00","0000000000000,00","0000000000000,01",,"0000000000000,00","0000000000000,00","0000000000000,00",000000000000000,143
143,011,202603,202602,3OIF027I,00,NENL,N,000000000002,"000000000012,8","0,00604","0000000000000,08","0000000000000,00","0000000000000,00","0000000000000,08",,"0000000000000,00","0000000000000,00","0000000000000,00",000000000000000,143
143,011,202603,202602,3OIF028I,00,NENL,N,000000000005,"000000000009,4","0,00604","0000000000000,06","0000000000000,00","0000000000000,00","0000000000000,06",,"0000000000000,00","0000000000000,00","0000000000000,00",000000000000000,143
143,011,202603,202602,3OIF033I,00,NENL,N,000000000001,"000000000000,5","0,00604","0000000000000,00","0000000000000,00","0000000000000,00","0000000000000,00",,"0000000000000,00","0000000000000,00","0000000000000,00",000000000000000,143
143,011,202603,202602,3OIF037I,00,NENL,N,000000000003,"000000000006,2","0,00604","0000000000000,04","0000000000000,00","0000000000000,00","0000000000000,04",,"0000000000000,00","0000000000000,00","0000000000000,00",000000000000000,143
143,011,202603,202602,3OIF039I,00,NENL,N,000000000001,"000000000000,5","0,00604","0000000000000,00","0000000000000,00","0000000000000,00","0000000000000,00",,"0000000000000,00","0000000000000,00","0000000000000,00",000000000000000,143
143,011,202603,202602,3OIF040I,00,NENL,N,000000000002,"000000000001,0","0,00604","0000000000000,01","0000000000000,00","0000000000000,00","0000000000000,01",,"0000000000000,00","0000000000000,00","0000000000000,00",000000000000000,143
143,011,202603,202602,3OIF043I,00,NENL,N,000000000013,"000000000023,1","0,00604","0000000000000,14","0000000000000,01","0000000000000,00","0000000000000,15",,"0000000000000,00","0000000000000,00","0000000000000,00",000000000000000,143
143,011,202603,202602,3OIF046I,00,NENL,N,000000000030,"000000000079,0","0,00604","0000000000000,48","0000000000000,02","0000000000000,00","0000000000000,50",,"0000000000000,00","0000000000000,00","0000000000000,00",000000000000000,143
143,011,202603,202602,3OIF051I,00,NENL,N,000000000001,"000000000000,8","0,00604","0000000000000,00","0000000000000,00","0000000000000,00","0000000000000,00",,"0000000000000,00","0000000000000,00","0000000000000,00",000000000000000,143
143,011,202603,202602,3OIF052I,00,NENL,N,000000000002,"000000000002,2","0,00604","0000000000000,01","0000000000000,00","0000000000000,00","0000000000000,01",,"0000000000000,00","0000000000000,00","0000000000000,00",000000000000000,143
143,011,202603,202602,3OIF057I,00,NENL,N,000000000010,"000000000027,5","0,00604","0000000000000,17","0000000000000,01","0000000000000,00","0000000000000,18",,"0000000000000,00","0000000000000,00","0000000000000,00",000000000000000,143
143,011,202603,202602,3OIF060I,00,NENL,N,000000000003,"000000000004,1","0,00604","0000000000000,02","0000000000000,00","0000000000000,00","0000000000000,02",,"0000000000000,00","0000000000000,00","0000000000000,00",000000000000000,143
143,011,202603,202602,3OIF063I,00,NENL,N,000000000021,"000000000032,4","0,00604","0000000000000,20","0000000000000,01","0000000000000,00","0000000000000,21",,"0000000000000,00","0000000000000,00","0000000000000,00",000000000000000,143
143,011,202603,202602,3OIF066I,00,NENL,N,000000000012,"000000000006,0","0,00604","0000000000000,04","0000000000000,00","0000000000000,00","0000000000000,04",,"0000000000000,00","0000000000000,00","0000000000000,00",000000000000000,143
143,011,202603,202602,3OIF069I,00,NENL,N,000000000001,"000000000006,6","0,00604","0000000000000,04","0000000000000,00","0000000000000,00","0000000000000,04",,"0000000000000,00","0000000000000,00","0000000000000,00",000000000000000,143
143,011,202603,202602,3OIF114I,00,NENL,N,000000000050,"000000000058,9","0,00604","0000000000000,36","0000000000000,01","0000000000000,00","0000000000000,37",,"0000000000000,00","0000000000000,00","0000000000000,00",000000000000000,143
143,011,202603,202602,3OIF120I,00,NENL,N,000000000025,"000000000013,2","0,00604","0000000000000,08","0000000000000,00","0000000000000,00","0000000000000,08",,"0000000000000,00","0000000000000,00","0000000000000,00",000000000000000,143
143,011,202603,202602,3OIF127I,00,NENL,N,000000000045,"000000000057,3","0,00604","0000000000000,35","0000000000000,01","0000000000000,00","0000000000000,36",,"0000000000000,00","0000000000000,00","0000000000000,00",000000000000000,143
143,011,202603,202602,3OIF132O,00,NSNL,N,000000000001,"000000000000,8","0,00604","0000000000000,00","0000000000000,00","0000000000000,00","0000000000000,00",,"0000000000000,00","0000000000000,00","0000000000000,00",000000000000000,143
143,011,202603,202602,3PA_FALK,00,GE8L,N,000000000184,"000000001478,2","0,00604","0000000000008,93","0000000000000,34","0000000000000,00","0000000000009,27",,"0000000000000,08","0000000000000,00","0000000000000,00",000000000000001,143
143,011,202603,202602,3PA_FALK,00,GE8L,R,000000000001,"000000000001,8","0,00422","0000000000000,01","0000000000000,00","0000000000000,00","0000000000000,01",,"0000000000000,00","0000000000000,00","0000000000000,00",000000000000000,143
143,011,202603,202602,3PA_FALK,00,NENL,N,000000000261,"000000000226,3","0,00604","0000000000001,37","0000000000000,05","0000000000000,00","0000000000001,42",,"0000000000000,01","0000000000000,00","0000000000000,00",000000000000000,143
143,011,202603,202602,3PA_FALK,00,NENL,R,000000000012,"000000000006,3","0,00422","0000000000000,03","0000000000000,00","0000000000000,00","0000000000000,03",,"0000000000000,00","0000000000000,00","0000000000000,00",000000000000000,143
143,011,202603,202602,4FACTR4I,00,NENL,N,000000000288,"000000000381,1","0,00604","0000000000002,30","0000000000000,09","0000000000000,00","0000000000002,39",,"0000000000000,02","0000000000000,00","0000000000000,00",000000000000000,143
143,011,202603,202602,4FVICTGB,00,NSNL,N,000000007466,"000000016160,7","0,00604","0000000000097,61","0000000000003,70","0000000000000,00","0000000000101,31",,"0000000000000,88","0000000000000,00","0000000000000,00",000000000000010,143
143,011,202603,202602,4FVICTGB,00,NSNL,R,000000000467,"000000000438,0","0,00422","0000000000001,85","0000000000000,07","0000000000000,00","0000000000001,92",,"0000000000000,02","0000000000000,00","0000000000000,00",000000000000000,143
143,011,202603,202602,6012003I,00,NENL,N,000000000155,"000000000292,7","0,00604","0000000000001,77","0000000000000,07","0000000000000,00","0000000000001,84",,"0000000000000,02","0000000000000,00","0000000000000,00",000000000000000,143
143,011,202603,202602,6ALG006I,00,NENL,N,000000000201,"000000000321,4","0,00604","0000000000001,94","0000000000000,07","0000000000000,00","0000000000002,01",,"0000000000000,02","0000000000000,00","0000000000000,00",000000000000000,143
143,011,202603,202602,6ALG006I,00,NENL,R,000000000003,"000000000006,4","0,00422","0000000000000,03","0000000000000,00","0000000000000,00","0000000000000,03",,"0000000000000,00","0000000000000,00","0000000000000,00",000000000000000,143
143,011,202603,202602,6ALG012I,00,NENL,N,000000000001,"000000000001,1","0,00604","0000000000000,01","0000000000000,00","0000000000000,00","0000000000000,01",,"0000000000000,00","0000000000000,00","0000000000000,00",000000000000000,143
143,011,202603,202602,6ALG015I,00,NENL,N,000000000190,"000000000237,7","0,00604","0000000000001,44","0000000000000,05","0000000000000,00","0000000000001,49",,"0000000000000,01","0000000000000,00","0000000000000,00",000000000000000,143
143,011,202603,202602,6ALG015I,00,NENL,R,000000000005,"000000000004,9","0,00422","0000000000000,02","0000000000000,00","0000000000000,00","0000000000000,02",,"0000000000000,00","0000000000000,00","0000000000000,00",000000000000000,143
143,011,202603,202602,6CTB003I,00,NENL,N,000000000531,"000000000696,7","0,00604","0000000000004,21","0000000000000,16","0000000000000,00","0000000000004,37",,"0000000000000,04","0000000000000,00","0000000000000,00",000000000000000,143
143,011,202603,202602,6CTB003I,00,NENL,R,000000000005,"000000000028,7","0,00422","0000000000000,12","0000000000000,00","0000000000000,00","0000000000000,12",,"0000000000000,00","0000000000000,00","0000000000000,00",000000000000000,143
143,011,202603,202602,6CTB006I,00,NENL,N,000000000045,"000000000058,1","0,00604","0000000000000,35","0000000000000,01","0000000000000,00","0000000000000,36",,"0000000000000,00","0000000000000,00","0000000000000,00",000000000000000,143
143,011,202603,202602,6CTB009I,00,NENL,N,000000000290,"000000000410,0","0,00604","0000000000002,48","0000000000000,09","0000000000000,00","0000000000002,57",,"0000000000000,02","0000000000000,00","0000000000000,00",000000000000000,143
143,011,202603,202602,6CTB012I,00,NENL,N,000000000126,"000000000159,1","0,00604","0000000000000,96","0000000000000,04","0000000000000,00","0000000000001,00",,"0000000000000,01","0000000000000,00","0000000000000,00",000000000000000,143
143,011,202603,202602,6CTB015I,00,NENL,N,000000000008,"000000000012,8","0,00604","0000000000000,08","0000000000000,00","0000000000000,00","0000000000000,08",,"0000000000000,00","0000000000000,00","0000000000000,00",000000000000000,143
143,011,202603,202602,6CTB015I,00,NENL,R,000000000003,"000000000001,5","0,00422","0000000000000,01","0000000000000,00","0000000000000,00","0000000000000,01",,"0000000000000,00","0000000000000,00","0000000000000,00",000000000000000,143
143,011,202603,202602,6CTB016I,00,NENL,N,000000001501,"000000001970,9","0,00604","0000000000011,90","0000000000000,45","0000000000000,00","0000000000012,35",,"0000000000000,11","0000000000000,00","0000000000000,00",000000000000001,143
143,011,202603,202602,6CTB016I,00,NENL,R,000000000016,"000000000025,8","0,00422","0000000000000,11","0000000000000,00","0000000000000,00","0000000000000,11",,"0000000000000,00","0000000000000,00","0000000000000,00",000000000000000,143
143,011,202603,202602,6CTB017I,00,GE8L,N,000000000002,"000000000015,4","0,00604","0000000000000,09","0000000000000,00","0000000000000,00","0000000000000,09",,"0000000000000,00","0000000000000,00","0000000000000,00",000000000000000,143
143,011,202603,202602,6CTB018I,00,NENL,N,000000000021,"000000000027,6","0,00604","0000000000000,17","0000000000000,01","0000000000000,00","0000000000000,18",,"0000000000000,00","0000000000000,00","0000000000000,00",000000000000000,143
143,011,202603,202602,6CTB021I,00,NENL,N,000000000098,"000000000149,0","0,00604","0000000000000,90","0000000000000,03","0000000000000,00","0000000000000,93",,"0000000000000,01","0000000000000,00","0000000000000,00",000000000000000,143
143,011,202603,202602,6CTB021I,00,NENL,R,000000000001,"000000000000,9","0,00422","0000000000000,00","0000000000000,00","0000000000000,00","0000000000000,00",,"0000000000000,00","0000000000000,00","0000000000000,00",000000000000000,143
143,011,202603,202602,6CTB023I,00,NENL,N,000000000013,"000000000013,6","0,00604","0000000000000,08","0000000000000,00","0000000000000,00","0000000000000,08",,"0000000000000,00","0000000000000,00","0000000000000,00",000000000000000,143
143,011,202603,202602,6CTB023I,00,NENL,R,000000000001,"000000000000,5","0,00422","0000000000000,00","0000000000000,00","0000000000000,00","0000000000000,00",,"0000000000000,00","0000000000000,00","0000000000000,00",000000000000000,143
143,011,202603,202602,6CTB024I,00,GE8L,N,000000000007,"000000000043,9","0,00604","0000000000000,27","0000000000000,01","0000000000000,00","0000000000000,28",,"0000000000000,00","0000000000000,00","0000000000000,00",000000000000000,143
143,011,202603,202602,6CTB024I,00,GE8L,N,000000000004,"000000000013,8","0,00604","0000000000000,08","0000000000000,00","0000000000000,00","0000000000000,08",,"0000000000000,00","0000000000000,00","0000000000000,00",000000000000000,143
143,011,202603,202602,6CTB024I,00,NENL,N,000000000010,"000000000014,9","0,00604","0000000000000,09","0000000000000,00","0000000000000,00","0000000000000,09",,"0000000000000,00","0000000000000,00","0000000000000,00",000000000000000,143
143,011,202603,202602,6CTB025I,00,NENL,N,000000000658,"000000000803,6","0,00604","0000000000004,85","0000000000000,18","0000000000000,00","0000000000005,03",,"0000000000000,04","0000000000000,00","0000000000000,00",000000000000000,143
143,011,202603,202602,6CTB025I,00,NENL,R,000000000039,"000000000020,7","0,00422","0000000000000,09","0000000000000,00","0000000000000,00","0000000000000,09",,"0000000000000,00","0000000000000,00","0000000000000,00",000000000000000,143
143,011,202603,202602,6CTB026I,00,NENL,N,000000000011,"000000000008,1","0,00604","0000000000000,05","0000000000000,00","0000000000000,00","0000000000000,05",,"0000000000000,00","0000000000000,00","0000000000000,00",000000000000000,143
143,011,202603,202602,6CTB027I,00,GE8L,N,000000000001,"000000000007,6","0,00604","0000000000000,05","0000000000000,00","0000000000000,00","0000000000000,05",,"0000000000000,00","0000000000000,00","0000000000000,00",000000000000000,143
143,011,202603,202602,6CTB027I,00,NENL,N,000000000220,"000000000355,7","0,00604","0000000000002,15","0000000000000,08","0000000000000,00","0000000000002,23",,"0000000000000,02","0000000000000,00","0000000000000,00",000000000000000,143
143,011,202603,202602,6CTB027I,00,NENL,R,000000000002,"000000000001,0","0,00422","0000000000000,00","0000000000000,00","0000000000000,00","0000000000000,00",,"0000000000000,00","0000000000000,00","0000000000000,00",000000000000000,143
143,011,202603,202602,6CTB028I,00,GE8L,N,000000000002,"000000000001,8","0,00604","0000000000000,01","0000000000000,00","0000000000000,00","0000000000000,01",,"0000000000000,00","0000000000000,00","0000000000000,00",000000000000000,143
143,011,202603,202602,6CTB028I,00,NENL,N,000000000909,"000000001409,9","0,00604","0000000000008,52","0000000000000,32","0000000000000,00","0000000000008,84",,"0000000000000,08","0000000000000,00","0000000000000,00",000000000000001,143
143,011,202603,202602,6CTB028I,00,NENL,R,000000000007,"000000000035,4","0,00422","0000000000000,15","0000000000000,01","0000000000000,00","0000000000000,16",,"0000000000000,00","0000000000000,00","0000000000000,00",000000000000000,143
143,011,202603,202602,6CTB031I,00,NENL,N,000000000174,"000000000290,8","0,00604","0000000000001,76","0000000000000,07","0000000000000,00","0000000000001,83",,"0000000000000,02","0000000000000,00","0000000000000,00",000000000000000,143
143,011,202603,202602,6CTB032I,00,NENL,N,000000000006,"000000000022,8","0,00604","0000000000000,14","0000000000000,01","0000000000000,00","0000000000000,15",,"0000000000000,00","0000000000000,00","0000000000000,00",000000000000000,143
143,011,202603,202602,6CTB033I,00,GE8L,N,000000000002,"000000000002,6","0,00604","0000000000000,02","0000000000000,00","0000000000000,00","0000000000000,02",,"0000000000000,00","0000000000000,00","0000000000000,00",000000000000000,143
143,011,202603,202602,6CTB033I,00,NENL,N,000000000182,"000000000219,2","0,00604","0000000000001,32","0000000000000,05","0000000000000,00","0000000000001,37",,"0000000000000,01","0000000000000,00","0000000000000,00",000000000000000,143
143,011,202603,202602,6CTB034I,00,NENL,N,000000000226,"000000000466,9","0,00604","0000000000002,82","0000000000000,11","0000000000000,00","0000000000002,93",,"0000000000000,03","0000000000000,00","0000000000000,00",000000000000000,143
143,011,202603,202602,6CTB034I,00,NENL,R,000000000001,"000000000000,7","0,00422","0000000000000,00","0000000000000,00","0000000000000,00","0000000000000,00",,"0000000000000,00","0000000000000,00","0000000000000,00",000000000000000,143
143,011,202603,202602,6ITE021I,00,NENL,N,000000000001,"000000000000,5","0,00604","0000000000000,00","0000000000000,00","0000000000000,00","0000000000000,00",,"0000000000000,00","0000000000000,00","0000000000000,00",000000000000000,143
143,011,202603,202602,6LHT007I,00,GE8L,N,000000000001,"000000000000,5","0,00604","0000000000000,00","0000000000000,00","0000000000000,00","0000000000000,00",,"0000000000000,00","0000000000000,00","0000000000000,00",000000000000000,143
143,011,202603,202602,6OIF006I,00,NENL,N,000000000010,"000000000012,0","0,00604","0000000000000,07","0000000000000,00","0000000000000,00","0000000000000,07",,"0000000000000,00","0000000000000,00","0000000000000,00",000000000000000,143
143,011,202603,202602,6OIF009I,00,NENL,N,000000000003,"000000000002,9","0,00604","0000000000000,02","0000000000000,00","0000000000000,00","0000000000000,02",,"0000000000000,00","0000000000000,00","0000000000000,00",000000000000000,143
143,011,202603,202602,6OIF018I,00,NENL,N,000000000002,"000000000002,8","0,00604","0000000000000,02","0000000000000,00","0000000000000,00","0000000000000,02",,"0000000000000,00","0000000000000,00","0000000000000,00",000000000000000,143
143,011,202603,202602,6OIF024I,00,NENL,N,000000000015,"000000000138,2","0,00604","0000000000000,83","0000000000000,03","0000000000000,00","0000000000000,86",,"0000000000000,01","0000000000000,00","0000000000000,00",000000000000000,143
143,011,202603,202602,6OIF033I,00,NENL,N,000000000003,"000000000001,9","0,00604","0000000000000,01","0000000000000,00","0000000000000,00","0000000000000,01",,"0000000000000,00","0000000000000,00","0000000000000,00",000000000000000,143
143,011,202603,202602,6OIF036I,00,NENL,N,000000000001,"000000000001,7","0,00604","0000000000000,01","0000000000000,00","0000000000000,00","0000000000000,01",,"0000000000000,00","0000000000000,00","0000000000000,00",000000000000000,143
143,011,202603,202602,6OIF039I,00,NENL,N,000000000003,"000000000001,5","0,00604","0000000000000,01","0000000000000,00","0000000000000,00","0000000000000,01",,"0000000000000,00","0000000000000,00","0000000000000,00",000000000000000,143
143,011,202603,202602,6OIF041I,00,NENL,N,000000000019,"000000000016,2","0,00604","0000000000000,10","0000000000000,00","0000000000000,00","0000000000000,10",,"0000000000000,00","0000000000000,00","0000000000000,00",000000000000000,143
143,011,202603,202602,6OIF042I,00,NENL,N,000000000002,"000000000020,5","0,00604","0000000000000,12","0000000000000,00","0000000000000,00","0000000000000,12",,"0000000000000,00","0000000000000,00","0000000000000,00",000000000000000,143
143,011,202603,202602,6OIF045I,00,NENL,N,000000000012,"000000000009,6","0,00604","0000000000000,06","0000000000000,00","0000000000000,00","0000000000000,06",,"0000000000000,00","0000000000000,00","0000000000000,00",000000000000000,143
143,011,202603,202602,6OIF069I,00,GE8L,N,000000000004,"000000000074,8","0,00604","0000000000000,45","0000000000000,02","0000000000000,00","0000000000000,47",,"0000000000000,00","0000000000000,00","0000000000000,00",000000000000000,143
143,011,202603,202602,6OIF072I,00,GE8L,N,000000000006,"000000000016,0","0,00604","0000000000000,10","0000000000000,00","0000000000000,00","0000000000000,10",,"0000000000000,00","0000000000000,00","0000000000000,00",000000000000000,143
143,011,202603,202602,6OIF076I,00,NENL,N,000000000005,"000000000002,9","0,00604","0000000000000,02","0000000000000,00","0000000000000,00","0000000000000,02",,"0000000000000,00","0000000000000,00","0000000000000,00",000000000000000,143
143,011,202603,202602,6OIF081I,00,NENL,N,000000000007,"000000000007,3","0,00604","0000000000000,04","0000000000000,00","0000000000000,00","0000000000000,04",,"0000000000000,00","0000000000000,00","0000000000000,00",000000000000000,143
143,011,202603,202602,6OIF082I,00,NENL,N,000000000018,"000000000020,5","0,00604","0000000000000,12","0000000000000,00","0000000000000,00","0000000000000,12",,"0000000000000,00","0000000000000,00","0000000000000,00",000000000000000,143
143,011,202603,202602,6OIF083I,00,NENL,N,000000000011,"000000000017,7","0,00604","0000000000000,11","0000000000000,00","0000000000000,00","0000000000000,11",,"0000000000000,00","0000000000000,00","0000000000000,00",000000000000000,143
143,011,202603,202602,6OIF086I,00,NENL,N,000000000045,"000000000111,1","0,00604","0000000000000,67","0000000000000,03","0000000000000,00","0000000000000,70",,"0000000000000,01","0000000000000,00","0000000000000,00",000000000000000,143
143,011,202603,202602,6OIF087I,00,GE8L,N,000000000061,"000000000291,7","0,00604","0000000000001,76","0000000000000,07","0000000000000,00","0000000000001,83",,"0000000000000,02","0000000000000,00","0000000000000,00",000000000000000,143
143,011,202603,202602,6OIF089I,00,NENL,N,000000000011,"000000000025,3","0,00604","0000000000000,15","0000000000000,01","0000000000000,00","0000000000000,16",,"0000000000000,00","0000000000000,00","0000000000000,00",000000000000000,143
143,011,202603,202602,6TIF020I,00,NENL,N,000000000001,"000000000000,5","0,00604","0000000000000,00","0000000000000,00","0000000000000,00","0000000000000,00",,"0000000000000,00","0000000000000,00","0000000000000,00",000000000000000,143
143,011,202603,202602,7012003I,00,NENL,N,000000000150,"000000000306,4","0,00604","0000000000001,85","0000000000000,07","0000000000000,00","0000000000001,92",,"0000000000000,02","0000000000000,00","0000000000000,00",000000000000000,143
143,011,202603,202602,7BAL009I,00,GE8L,N,000000000003,"000000000004,5","0,00604","0000000000000,03","0000000000000,00","0000000000000,00","0000000000000,03",,"0000000000000,00","0000000000000,00","0000000000000,00",000000000000000,143
143,011,202603,202602,7BAL015I,00,NENL,N,000000000004,"000000000023,9","0,00604","0000000000000,14","0000000000000,01","0000000000000,00","0000000000000,15",,"0000000000000,00","0000000000000,00","0000000000000,00",000000000000000,143
143,011,202603,202602,7CTB003I,00,NENL,N,000000000513,"000000000664,5","0,00604","0000000000004,01","0000000000000,15","0000000000000,00","0000000000004,16",,"0000000000000,04","0000000000000,00","0000000000000,00",000000000000000,143
143,011,202603,202602,7CTB003I,00,NENL,R,000000000008,"000000000012,6","0,00422","0000000000000,05","0000000000000,00","0000000000000,00","0000000000000,05",,"0000000000000,00","0000000000000,00","0000000000000,00",000000000000000,143
143,011,202603,202602,7CTB015I,00,NENL,N,000000000005,"000000000005,6","0,00604","0000000000000,03","0000000000000,00","0000000000000,00","0000000000000,03",,"0000000000000,00","0000000000000,00","0000000000000,00",000000000000000,143
143,011,202603,202602,7CTB015I,00,NENL,R,000000000001,"000000000000,5","0,00422","0000000000000,00","0000000000000,00","0000000000000,00","0000000000000,00",,"0000000000000,00","0000000000000,00","0000000000000,00",000000000000000,143
143,011,202603,202602,7CTB016I,00,NENL,N,000000001467,"000000001811,3","0,00604","0000000000010,94","0000000000000,41","0000000000000,00","0000000000011,35",,"0000000000000,10","0000000000000,00","0000000000000,00",000000000000001,143
143,011,202603,202602,7CTB016I,00,NENL,R,000000000012,"000000000017,1","0,00422","0000000000000,07","0000000000000,00","0000000000000,00","0000000000000,07",,"0000000000000,00","0000000000000,00","0000000000000,00",000000000000000,143
143,011,202603,202602,7CTB017I,00,GE8L,N,000000000003,"000000000034,0","0,00604","0000000000000,21","0000000000000,01","0000000000000,00","0000000000000,22",,"0000000000000,00","0000000000000,00","0000000000000,00",000000000000000,143
143,011,202603,202602,7CTB023I,00,NENL,N,000000000017,"000000000043,5","0,00604","0000000000000,26","0000000000000,01","0000000000000,00","0000000000000,27",,"0000000000000,00","0000000000000,00","0000000000000,00",000000000000000,143
143,011,202603,202602,7CTB023I,00,NENL,R,000000000001,"000000000001,1","0,00422","0000000000000,00","0000000000000,00","0000000000000,00","0000000000000,00",,"0000000000000,00","0000000000000,00","0000000000000,00",000000000000000,143
143,011,202603,202602,7CTB024I,00,GE8L,N,000000000006,"000000000017,3","0,00604","0000000000000,10","0000000000000,00","0000000000000,00","0000000000000,10",,"0000000000000,00","0000000000000,00","0000000000000,00",000000000000000,143
143,011,202603,202602,7CTB025I,00,NENL,N,000000000662,"000000000779,7","0,00604","0000000000004,71","0000000000000,18","0000000000000,00","0000000000004,89",,"0000000000000,04","0000000000000,00","0000000000000,00",000000000000000,143
143,011,202603,202602,7CTB025I,00,NENL,R,000000000057,"000000000030,0","0,00422","0000000000000,13","0000000000000,00","0000000000000,00","0000000000000,13",,"0000000000000,00","0000000000000,00","0000000000000,00",000000000000000,143
143,011,202603,202602,7CTB025O,00,GS8L,N,000000000001,"000000000001,9","0,00604","0000000000000,01","0000000000000,00","0000000000000,00","0000000000000,01",,"0000000000000,00","0000000000000,00","0000000000000,00",000000000000000,143
143,011,202603,202602,7CTB026I,00,NENL,N,000000000014,"000000000020,5","0,00604","0000000000000,12","0000000000000,00","0000000000000,00","0000000000000,12",,"0000000000000,00","0000000000000,00","0000000000000,00",000000000000000,143
143,011,202603,202602,7CTB027I,00,GE8L,N,000000000003,"000000000010,1","0,00604","0000000000000,06","0000000000000,00","0000000000000,00","0000000000000,06",,"0000000000000,00","0000000000000,00","0000000000000,00",000000000000000,143
143,011,202603,202602,7CTB028I,00,GE8L,N,000000000002,"000000000008,1","0,00604","0000000000000,05","0000000000000,00","0000000000000,00","0000000000000,05",,"0000000000000,00","0000000000000,00","0000000000000,00",000000000000000,143
143,011,202603,202602,7CTB028I,00,NENL,N,000000000894,"000000001349,4","0,00604","0000000000008,15","0000000000000,31","0000000000000,00","0000000000008,46",,"0000000000000,07","0000000000000,00","0000000000000,00",000000000000001,143
143,011,202603,202602,7CTB028I,00,NENL,R,000000000013,"000000000017,5","0,00422","0000000000000,07","0000000000000,00","0000000000000,00","0000000000000,07",,"0000000000000,00","0000000000000,00","0000000000000,00",000000000000000,143
143,011,202603,202602,7CTB029I,00,NENL,N,000000000002,"000000000002,4","0,00604","0000000000000,01","0000000000000,00","0000000000000,00","0000000000000,01",,"0000000000000,00","0000000000000,00","0000000000000,00",000000000000000,143
143,011,202603,202602,7CTB031I,00,NENL,N,000000000205,"000000000411,5","0,00604","0000000000002,49","0000000000000,09","0000000000000,00","0000000000002,58",,"0000000000000,02","0000000000000,00","0000000000000,00",000000000000000,143
143,011,202603,202602,7CTB032I,00,NENL,N,000000000013,"000000000032,5","0,00604","0000000000000,20","0000000000000,01","0000000000000,00","0000000000000,21",,"0000000000000,00","0000000000000,00","0000000000000,00",000000000000000,143
143,011,202603,202602,7CTB034I,00,NENL,N,000000000284,"000000000452,8","0,00604","0000000000002,73","0000000000000,10","0000000000000,00","0000000000002,83",,"0000000000000,02","0000000000000,00","0000000000000,00",000000000000000,143
143,011,202603,202602,7CTB034I,00,NENL,R,000000000001,"000000000000,6","0,00422","0000000000000,00","0000000000000,00","0000000000000,00","0000000000000,00",,"0000000000000,00","0000000000000,00","0000000000000,00",000000000000000,143
143,011,202603,202602,7CTB037O,00,GS8L,N,000000000001,"000000000001,1","0,00604","0000000000000,01","0000000000000,00","0000000000000,00","0000000000000,01",,"0000000000000,00","0000000000000,00","0000000000000,00",000000000000000,143
143,011,202603,202602,7LHT002I,00,GE8L,N,000000000002,"000000000003,0","0,00604","0000000000000,02","0000000000000,00","0000000000000,00","0000000000000,02",,"0000000000000,00","0000000000000,00","0000000000000,00",000000000000000,143
143,011,202603,202602,7LHT007I,00,GE8L,N,000000000002,"000000000003,2","0,00604","0000000000000,02","0000000000000,00","0000000000000,00","0000000000000,02",,"0000000000000,00","0000000000000,00","0000000000000,00",000000000000000,143
143,011,202603,202602,7OIF069I,00,GE8L,N,000000000017,"000000000132,5","0,00604","0000000000000,80","0000000000000,03","0000000000000,00","0000000000000,83",,"0000000000000,01","0000000000000,00","0000000000000,00",000000000000000,143
143,011,202603,202602,7OIF072I,00,GE8L,N,000000000006,"000000000027,0","0,00604","0000000000000,16","0000000000000,01","0000000000000,00","0000000000000,17",,"0000000000000,00","0000000000000,00","0000000000000,00",000000000000000,143
143,011,202603,202602,7OIF076I,00,NENL,N,000000000005,"000000000002,6","0,00604","0000000000000,02","0000000000000,00","0000000000000,00","0000000000000,02",,"0000000000000,00","0000000000000,00","0000000000000,00",000000000000000,143
143,011,202603,202602,7OIF081I,00,NENL,N,000000000005,"000000000002,5","0,00604","0000000000000,02","0000000000000,00","0000000000000,00","0000000000000,02",,"0000000000000,00","0000000000000,00","0000000000000,00",000000000000000,143
143,011,202603,202602,7OIF082I,00,NENL,N,000000000024,"000000000013,6","0,00604","0000000000000,08","0000000000000,00","0000000000000,00","0000000000000,08",,"0000000000000,00","0000000000000,00","0000000000000,00",000000000000000,143
143,011,202603,202602,7OIF083I,00,NENL,N,000000000005,"000000000011,4","0,00604","0000000000000,07","0000000000000,00","0000000000000,00","0000000000000,07",,"0000000000000,00","0000000000000,00","0000000000000,00",000000000000000,143
143,011,202603,202602,7OIF086I,00,NENL,N,000000000056,"000000000225,3","0,00604","0000000000001,36","0000000000000,05","0000000000000,00","0000000000001,41",,"0000000000000,01","0000000000000,00","0000000000000,00",000000000000000,143
143,011,202603,202602,7OIF086I,00,NENL,R,000000000001,"000000000000,5","0,00422","0000000000000,00","0000000000000,00","0000000000000,00","0000000000000,00",,"0000000000000,00","0000000000000,00","0000000000000,00",000000000000000,143
143,011,202603,202602,7OIF087I,00,GE8L,N,000000000055,"000000000185,0","0,00604","0000000000001,12","0000000000000,04","0000000000000,00","0000000000001,16",,"0000000000000,01","0000000000000,00","0000000000000,00",000000000000000,143
143,011,202603,202602,7OIF089I,00,NENL,N,000000000013,"000000000020,3","0,00604","0000000000000,12","0000000000000,00","0000000000000,00","0000000000000,12",,"0000000000000,00","0000000000000,00","0000000000000,00",000000000000000,143
143,011,202603,202602,8ALG003I,00,NENL,N,000000000192,"000000000223,0","0,00604","0000000000001,35","0000000000000,05","0000000000000,00","0000000000001,40",,"0000000000000,01","0000000000000,00","0000000000000,00",000000000000000,143
143,011,202603,202602,8ALG003I,00,NENL,R,000000000002,"000000000001,3","0,00422","0000000000000,01","0000000000000,00","0000000000000,00","0000000000000,01",,"0000000000000,00","0000000000000,00","0000000000000,00",000000000000000,143
143,011,202603,202602,8ALG006I,00,NENL,N,000000000070,"000000000128,4","0,00604","0000000000000,78","0000000000000,03","0000000000000,00","0000000000000,81",,"0000000000000,01","0000000000000,00","0000000000000,00",000000000000000,143
143,011,202603,202602,8ALG006I,00,NENL,R,000000000004,"000000000006,0","0,00422","0000000000000,03","0000000000000,00","0000000000000,00","0000000000000,03",,"0000000000000,00","0000000000000,00","0000000000000,00",000000000000000,143
143,011,202603,202602,8CTB0021,00,NENL,N,000000000646,"000000001267,5","0,00604","0000000000007,66","0000000000000,29","0000000000000,00","0000000000007,95",,"0000000000000,07","0000000000000,00","0000000000000,00",000000000000001,143
143,011,202603,202602,8CTB0021,00,NENL,R,000000000001,"000000000011,3","0,00422","0000000000000,05","0000000000000,00","0000000000000,00","0000000000000,05",,"0000000000000,00","0000000000000,00","0000000000000,00",000000000000000,143
143,011,202603,202602,8CTB003I,00,NENL,N,000000000961,"000000001033,6","0,00604","0000000000006,24","0000000000000,24","0000000000000,00","0000000000006,48",,"0000000000000,06","0000000000000,00","0000000000000,00",000000000000001,143
143,011,202603,202602,8CTB003I,00,NENL,R,000000000011,"000000000007,1","0,00422","0000000000000,03","0000000000000,00","0000000000000,00","0000000000000,03",,"0000000000000,00","0000000000000,00","0000000000000,00",000000000000000,143
143,011,202603,202602,8CTB006I,00,NENL,N,000000000106,"000000000153,9","0,00604","0000000000000,93","0000000000000,04","0000000000000,00","0000000000000,97",,"0000000000000,01","0000000000000,00","0000000000000,00",000000000000000,143
143,011,202603,202602,8CTB015I,00,NENL,N,000000000014,"000000000022,4","0,00604","0000000000000,14","0000000000000,01","0000000000000,00","0000000000000,15",,"0000000000000,00","0000000000000,00","0000000000000,00",000000000000000,143
143,011,202603,202602,8CTB018I,00,NENL,N,000000000150,"000000000226,1","0,00604","0000000000001,37","0000000000000,05","0000000000000,00","0000000000001,42",,"0000000000000,01","0000000000000,00","0000000000000,00",000000000000000,143
143,011,202603,202602,8CTB024I,00,NENL,N,000000000171,"000000000269,7","0,00604","0000000000001,63","0000000000000,06","0000000000000,00","0000000000001,69",,"0000000000000,01","0000000000000,00","0000000000000,00",000000000000000,143
143,011,202603,202602,8CTB027I,00,NENL,N,000000000040,"000000000050,7","0,00604","0000000000000,31","0000000000000,01","0000000000000,00","0000000000000,32",,"0000000000000,00","0000000000000,00","0000000000000,00",000000000000000,143
143,011,202603,202602,8CTB030I,00,NENL,N,000000000333,"000000000466,3","0,00604","0000000000002,82","0000000000000,11","0000000000000,00","0000000000002,93",,"0000000000000,03","0000000000000,00","0000000000000,00",000000000000000,143
143,011,202603,202602,8CTB030I,00,NENL,R,000000000007,"000000000004,6","0,00422","0000000000000,02","0000000000000,00","0000000000000,00","0000000000000,02",,"0000000000000,00","0000000000000,00","0000000000000,00",000000000000000,143
143,011,202603,202602,8CTB033I,00,NENL,N,000000000062,"000000000077,1","0,00604","0000000000000,47","0000000000000,02","0000000000000,00","0000000000000,49",,"0000000000000,00","0000000000000,00","0000000000000,00",000000000000000,143
143,011,202603,202602,8CTB036I,00,NENL,N,000000000172,"000000000163,3","0,00604","0000000000000,99","0000000000000,04","0000000000000,00","0000000000001,03",,"0000000000000,01","0000000000000,00","0000000000000,00",000000000000000,143
143,011,202603,202602,8OIF019I,00,NENL,N,000000000002,"000000000001,1","0,00604","0000000000000,01","0000000000000,00","0000000000000,00","0000000000000,01",,"0000000000000,00","0000000000000,00","0000000000000,00",000000000000000,143
143,011,202603,202602,8OIF028I,00,NENL,N,000000000003,"000000000002,1","0,00604","0000000000000,01","0000000000000,00","0000000000000,00","0000000000000,01",,"0000000000000,00","0000000000000,00","0000000000000,00",000000000000000,143
143,011,202603,202602,8OIF037I,00,NENL,N,000000000006,"000000000010,9","0,00604","0000000000000,07","0000000000000,00","0000000000000,00","0000000000000,07",,"0000000000000,00","0000000000000,00","0000000000000,00",000000000000000,143
143,011,202603,202602,8OIF040I,00,NENL,N,000000000010,"000000000006,2","0,00604","0000000000000,04","0000000000000,00","0000000000000,00","0000000000000,04",,"0000000000000,00","0000000000000,00","0000000000000,00",000000000000000,143
143,011,202603,202602,8OIF043I,00,NENL,N,000000000014,"000000000019,5","0,00604","0000000000000,12","0000000000000,00","0000000000000,00","0000000000000,12",,"0000000000000,00","0000000000000,00","0000000000000,00",000000000000000,143
143,011,202603,202602,8OIF046I,00,NENL,N,000000000036,"000000000059,4","0,00604","0000000000000,36","0000000000000,01","0000000000000,00","0000000000000,37",,"0000000000000,00","0000000000000,00","0000000000000,00",000000000000000,143
143,011,202603,202602,8OIF052I,00,NENL,N,000000000002,"000000000004,2","0,00604","0000000000000,03","0000000000000,00","0000000000000,00","0000000000000,03",,"0000000000000,00","0000000000000,00","0000000000000,00",000000000000000,143
143,011,202603,202602,8OIF060I,00,NENL,N,000000000007,"000000000012,6","0,00604","0000000000000,08","0000000000000,00","0000000000000,00","0000000000000,08",,"0000000000000,00","0000000000000,00","0000000000000,00",000000000000000,143
143,011,202603,202602,8OIF063I,00,NENL,N,000000000022,"000000000031,5","0,00604","0000000000000,19","0000000000000,01","0000000000000,00","0000000000000,20",,"0000000000000,00","0000000000000,00","0000000000000,00",000000000000000,143
143,011,202603,202602,8OIF066I,00,NENL,N,000000000009,"000000000004,5","0,00604","0000000000000,03","0000000000000,00","0000000000000,00","0000000000000,03",,"0000000000000,00","0000000000000,00","0000000000000,00",000000000000000,143
143,011,202603,202602,8OIF069I,00,NENL,N,000000000001,"000000000006,2","0,00604","0000000000000,04","0000000000000,00","0000000000000,00","0000000000000,04",,"0000000000000,00","0000000000000,00","0000000000000,00",000000000000000,143
143,011,202603,202602,8OIF114I,00,NENL,N,000000000059,"000000000071,3","0,00604","0000000000000,43","0000000000000,02","0000000000000,00","0000000000000,45",,"0000000000000,00","0000000000000,00","0000000000000,00",000000000000000,143
143,011,202603,202602,8OIF127I,00,NENL,N,000000000049,"000000000053,9","0,00604","0000000000000,33","0000000000000,01","0000000000000,00","0000000000000,34",,"0000000000000,00","0000000000000,00","0000000000000,00",000000000000000,143
143,011,202603,202602,A021239,00,NENL,N,000000000852,"000000001314,0","0,00604","0000000000007,94","0000000000000,30","0000000000000,00","0000000000008,24",,"0000000000000,07","0000000000000,00","0000000000000,00",000000000000001,143
143,011,202603,202602,A021239,00,NENL,R,000000000001,"000000000000,8","0,00422","0000000000000,00","0000000000000,00","0000000000000,00","0000000000000,00",,"0000000000000,00","0000000000000,00","0000000000000,00",000000000000000,143
143,011,202603,202602,A030901,00,NENL,N,000000000833,"000000001251,2","0,00604","0000000000007,56","0000000000000,29","0000000000000,00","0000000000007,85",,"0000000000000,07","0000000000000,00","0000000000000,00",000000000000001,143
143,011,202603,202602,A030901,00,NENL,R,000000000006,"000000000019,9","0,00422","0000000000000,08","0000000000000,00","0000000000000,00","0000000000000,08",,"0000000000000,00","0000000000000,00","0000000000000,00",000000000000000,143
143,011,202603,202602,AM10002,00,NENL,N,000000000146,"000000000135,7","0,00604","0000000000000,82","0000000000000,03","0000000000000,00","0000000000000,85",,"0000000000000,01","0000000000000,00","0000000000000,00",000000000000000,143
143,011,202603,202602,AM10002,00,NENL,R,000000000002,"000000000001,2","0,00422","0000000000000,01","0000000000000,00","0000000000000,00","0000000000000,01",,"0000000000000,00","0000000000000,00","0000000000000,00",000000000000000,143
143,011,202603,202602,AM11030,00,NENL,N,000000000029,"000000000021,2","0,00604","0000000000000,13","0000000000000,00","0000000000000,00","0000000000000,13",,"0000000000000,00","0000000000000,00","0000000000000,00",000000000000000,143
143,011,202603,202602,AM11030,00,NENL,R,000000000002,"000000000001,0","0,00422","0000000000000,00","0000000000000,00","0000000000000,00","0000000000000,00",,"0000000000000,00","0000000000000,00","0000000000000,00",000000000000000,143
143,011,202603,202602,AP1TLF_N,00,NENL,N,000000000963,"000000001986,5","0,00604","0000000000012,00","0000000000000,45","0000000000000,00","0000000000012,45",,"0000000000000,11","0000000000000,00","0000000000000,00",000000000000001,143
143,011,202603,202602,AP1TLF_N,00,NENL,R,000000000003,"000000000009,7","0,00422","0000000000000,04","0000000000000,00","0000000000000,00","0000000000000,04",,"0000000000000,00","0000000000000,00","0000000000000,00",000000000000000,143
143,011,202603,202602,AP2TLF_N,00,NENL,N,000000000976,"000000001764,6","0,00604","0000000000010,66","0000000000000,40","0000000000000,00","0000000000011,06",,"0000000000000,10","0000000000000,00","0000000000000,00",000000000000001,143
143,011,202603,202602,AP2TLF_N,00,NENL,R,000000000007,"000000000016,5","0,00422","0000000000000,07","0000000000000,00","0000000000000,00","0000000000000,07",,"0000000000000,00","0000000000000,00","0000000000000,00",000000000000000,143
143,011,202603,202602,AS02CTBP,00,GE8L,N,000000000001,"000000000001,0","0,00604","0000000000000,01","0000000000000,00","0000000000000,00","0000000000000,01",,"0000000000000,00","0000000000000,00","0000000000000,00",000000000000000,143
143,011,202603,202602,AS02CTOM,00,GE8L,N,000000000015,"000000000059,5","0,00604","0000000000000,36","0000000000000,01","0000000000000,00","0000000000000,37",,"0000000000000,00","0000000000000,00","0000000000000,00",000000000000000,143
143,011,202603,202602,AS109CTB,00,NENL,N,000000000037,"000000000105,3","0,00604","0000000000000,64","0000000000000,02","0000000000000,00","0000000000000,66",,"0000000000000,01","0000000000000,00","0000000000000,00",000000000000000,143
143,011,202603,202602,AS109CTB,00,NENL,R,000000000004,"000000000040,5","0,00422","0000000000000,17","0000000000000,01","0000000000000,00","0000000000000,18",,"0000000000000,00","0000000000000,00","0000000000000,00",000000000000000,143
143,011,202603,202602,CO100812,00,NENL,N,000000000459,"000000000822,3","0,00604","0000000000004,97","0000000000000,19","0000000000000,00","0000000000005,16",,"0000000000000,04","0000000000000,00","0000000000000,00",000000000000000,143
143,011,202603,202602,CO100814,00,NENL,N,000000000409,"000000000717,0","0,00604","0000000000004,33","0000000000000,16","0000000000000,00","0000000000004,49",,"0000000000000,04","0000000000000,00","0000000000000,00",000000000000000,143
143,011,202603,202602,CO100816,00,GE8L,N,000000000001,"000000000004,0","0,00604","0000000000000,02","0000000000000,00","0000000000000,00","0000000000000,02",,"0000000000000,00","0000000000000,00","0000000000000,00",000000000000000,143
143,011,202603,202602,D017CTBC,00,NENL,N,000000000226,"000000000341,0","0,00604","0000000000002,06","0000000000000,08","0000000000000,00","0000000000002,14",,"0000000000000,02","0000000000000,00","0000000000000,00",000000000000000,143
143,011,202603,202602,D017CTBC,00,NENL,R,000000000009,"000000000006,8","0,00422","0000000000000,03","0000000000000,00","0000000000000,00","0000000000000,03",,"0000000000000,00","0000000000000,00","0000000000000,00",000000000000000,143
143,011,202603,202602,E0403386,00,NENL,N,000000000229,"000000000289,4","0,00604","0000000000001,75","0000000000000,07","0000000000000,00","0000000000001,82",,"0000000000000,02","0000000000000,00","0000000000000,00",000000000000000,143
143,011,202603,202602,E0404084,00,NENL,N,000000000208,"000000000348,3","0,00604","0000000000002,10","0000000000000,08","0000000000000,00","0000000000002,18",,"0000000000000,02","0000000000000,00","0000000000000,00",000000000000000,143
143,011,202603,202602,E04TLF_S,00,GE8L,N,000000000001,"000000000001,1","0,00604","0000000000000,01","0000000000000,00","0000000000000,00","0000000000000,01",,"0000000000000,00","0000000000000,00","0000000000000,00",000000000000000,143
143,011,202603,202602,IB100812,00,NENL,N,000000000412,"000000000773,1","0,00604","0000000000004,67","0000000000000,18","0000000000000,00","0000000000004,85",,"0000000000000,04","0000000000000,00","0000000000000,00",000000000000000,143
143,011,202603,202602,IB100814,00,NENL,N,000000000446,"000000000774,5","0,00604","0000000000004,68","0000000000000,18","0000000000000,00","0000000000004,86",,"0000000000000,04","0000000000000,00","0000000000000,00",000000000000000,143
143,011,202603,202602,IP600950,00,NENL,N,000000000038,"000000000049,9","0,00604","0000000000000,30","0000000000000,01","0000000000000,00","0000000000000,31",,"0000000000000,00","0000000000000,00","0000000000000,00",000000000000000,143
143,011,202603,202602,IP600952,00,NENL,N,000000000088,"000000000123,5","0,00604","0000000000000,75","0000000000000,03","0000000000000,00","0000000000000,78",,"0000000000000,01","0000000000000,00","0000000000000,00",000000000000000,143
143,011,202603,202602,IP600956,00,NENL,N,000000000002,"000000000002,4","0,00604","0000000000000,01","0000000000000,00","0000000000000,00","0000000000000,01",,"0000000000000,00","0000000000000,00","0000000000000,00",000000000000000,143
143,011,202603,202602,JG300952,00,NENL,N,000000000087,"000000000128,9","0,00604","0000000000000,78","0000000000000,03","0000000000000,00","0000000000000,81",,"0000000000000,01","0000000000000,00","0000000000000,00",000000000000000,143
143,011,202603,202602,JG6TLF_S,00,GE3L,R,000000000001,"000000000000,5","0,00422","0000000000000,00","0000000000000,00","0000000000000,00","0000000000000,00",,"0000000000000,00","0000000000000,00","0000000000000,00",000000000000000,143
143,011,202603,202602,JG6TLF_S,00,GE8L,N,000000000423,"000000003015,6","0,00604","0000000000018,21","0000000000000,69","0000000000000,00","0000000000018,90",,"0000000000000,16","0000000000000,00","0000000000000,00",000000000000002,143
143,011,202603,202602,MB301106,00,GE8L,N,000000000002,"000000000005,1","0,00604","0000000000000,03","0000000000000,00","0000000000000,00","0000000000000,03",,"0000000000000,00","0000000000000,00","0000000000000,00",000000000000000,143
143,011,202603,202602,MB301110,00,NENL,N,000000002282,"000000005075,0","0,00604","0000000000030,65","0000000000001,16","0000000000000,00","0000000000031,81",,"0000000000000,28","0000000000000,00","0000000000000,00",000000000000003,143
143,011,202603,202602,MB301110,00,NENL,R,000000000010,"000000000027,8","0,00422","0000000000000,12","0000000000000,00","0000000000000,00","0000000000000,12",,"0000000000000,00","0000000000000,00","0000000000000,00",000000000000000,143
143,011,202603,202602,MB301148,00,NENL,N,000000000231,"000000000777,1","0,00604","0000000000004,69","0000000000000,18","0000000000000,00","0000000000004,87",,"0000000000000,04","0000000000000,00","0000000000000,00",000000000000000,143
143,011,202603,202602,MB301148,00,NENL,R,000000000077,"000000000528,9","0,00422","0000000000002,23","0000000000000,08","0000000000000,00","0000000000002,31",,"0000000000000,02","0000000000000,00","0000000000000,00",000000000000000,143
143,011,202603,202602,MB301153,00,NENL,N,000000000704,"000000001067,5","0,00604","0000000000006,45","0000000000000,24","0000000000000,00","0000000000006,69",,"0000000000000,06","0000000000000,00","0000000000000,00",000000000000001,143
143,011,202603,202602,MB301153,00,NENL,R,000000000001,"000000000000,6","0,00422","0000000000000,00","0000000000000,00","0000000000000,00","0000000000000,00",,"0000000000000,00","0000000000000,00","0000000000000,00",000000000000000,143
143,011,202603,202602,MB301156,00,NENL,N,000000000231,"000000000808,2","0,00604","0000000000004,88","0000000000000,18","0000000000000,00","0000000000005,06",,"0000000000000,04","0000000000000,00","0000000000000,00",000000000000000,143
143,011,202603,202602,MB301156,00,NENL,R,000000000073,"000000000482,1","0,00422","0000000000002,03","0000000000000,08","0000000000000,00","0000000000002,11",,"0000000000000,02","0000000000000,00","0000000000000,00",000000000000000,143
143,011,202603,202602,MB301157,00,GE8L,N,000000000039,"000000000309,0","0,00604","0000000000001,87","0000000000000,07","0000000000000,00","0000000000001,94",,"0000000000000,02","0000000000000,00","0000000000000,00",000000000000000,143
143,011,202603,202602,MB301188,00,NENL,N,000000000021,"000000000028,3","0,00604","0000000000000,17","0000000000000,01","0000000000000,00","0000000000000,18",,"0000000000000,00","0000000000000,00","0000000000000,00",000000000000000,143
143,011,202603,202602,MB301189,00,NENL,N,000000000091,"000000000135,8","0,00604","0000000000000,82","0000000000000,03","0000000000000,00","0000000000000,85",,"0000000000000,01","0000000000000,00","0000000000000,00",000000000000000,143
143,011,202603,202602,MB301192,00,NENL,N,000000000003,"000000000006,4","0,00604","0000000000000,04","0000000000000,00","0000000000000,00","0000000000000,04",,"0000000000000,00","0000000000000,00","0000000000000,00",000000000000000,143
143,011,202603,202602,MB301889,00,GE8L,N,000000000001,"000000000002,2","0,00604","0000000000000,01","0000000000000,00","0000000000000,00","0000000000000,01",,"0000000000000,00","0000000000000,00","0000000000000,00",000000000000000,143
143,011,202603,202602,MB303355,00,NENL,N,000000000073,"000000000275,0","0,00604","0000000000001,66","0000000000000,06","0000000000000,00","0000000000001,72",,"0000000000000,01","0000000000000,00","0000000000000,00",000000000000000,143
143,011,202603,202602,MB303355,00,NENL,R,000000000025,"000000000149,7","0,00422","0000000000000,63","0000000000000,02","0000000000000,00","0000000000000,65",,"0000000000000,01","0000000000000,00","0000000000000,00",000000000000000,143
143,011,202603,202602,MB303359,00,GE8L,N,000000000010,"000000000044,9","0,00604","0000000000000,27","0000000000000,01","0000000000000,00","0000000000000,28",,"0000000000000,00","0000000000000,00","0000000000000,00",000000000000000,143
143,011,202603,202602,MB303360,00,NENL,N,000000000097,"000000000273,2","0,00604","0000000000001,65","0000000000000,06","0000000000000,00","0000000000001,71",,"0000000000000,01","0000000000000,00","0000000000000,00",000000000000000,143
143,011,202603,202602,MB303360,00,NENL,R,000000000030,"000000000139,4","0,00422","0000000000000,59","0000000000000,02","0000000000000,00","0000000000000,61",,"0000000000000,01","0000000000000,00","0000000000000,00",000000000000000,143
143,011,202603,202602,MB303364,00,GE8L,N,000000000006,"000000000046,8","0,00604","0000000000000,28","0000000000000,01","0000000000000,00","0000000000000,29",,"0000000000000,00","0000000000000,00","0000000000000,00",000000000000000,143
143,011,202603,202602,MB303539,00,NENL,N,000000000002,"000000000001,9","0,00604","0000000000000,01","0000000000000,00","0000000000000,00","0000000000000,01",,"0000000000000,00","0000000000000,00","0000000000000,00",000000000000000,143
143,011,202603,202602,MB303543,00,NENL,N,000000000001,"000000000001,0","0,00604","0000000000000,01","0000000000000,00","0000000000000,00","0000000000000,01",,"0000000000000,00","0000000000000,00","0000000000000,00",000000000000000,143
143,011,202603,202602,MB303979,00,GE8L,N,000000000002,"000000000020,6","0,00604","0000000000000,12","0000000000000,00","0000000000000,00","0000000000000,12",,"0000000000000,00","0000000000000,00","0000000000000,00",000000000000000,143
143,011,202603,202602,O011141,00,NENL,N,000000000005,"000000000039,0","0,00604","0000000000000,24","0000000000000,01","0000000000000,00","0000000000000,25",,"0000000000000,00","0000000000000,00","0000000000000,00",000000000000000,143
143,011,202603,202602,O012105,00,NENL,N,000000000352,"000000000575,2","0,00604","0000000000003,47","0000000000000,13","0000000000000,00","0000000000003,60",,"0000000000000,03","0000000000000,00","0000000000000,00",000000000000000,143
143,011,202603,202602,O012105,00,NENL,R,000000000002,"000000000008,7","0,00422","0000000000000,04","0000000000000,00","0000000000000,00","0000000000000,04",,"0000000000000,00","0000000000000,00","0000000000000,00",000000000000000,143
143,011,202603,202602,PBR13FKL,00,NENL,N,000000000004,"000000000004,1","0,00604","0000000000000,02","0000000000000,00","0000000000000,00","0000000000000,02",,"0000000000000,00","0000000000000,00","0000000000000,00",000000000000000,143
143,011,202603,202602,PD6ICTBC,00,NENL,N,000000000308,"000000000350,3","0,00604","0000000000002,12","0000000000000,08","0000000000000,00","0000000000002,20",,"0000000000000,02","0000000000000,00","0000000000000,00",000000000000000,143
143,011,202603,202602,PD6ICTBC,00,NENL,R,000000000004,"000000000003,1","0,00422","0000000000000,01","0000000000000,00","0000000000000,00","0000000000000,01",,"0000000000000,00","0000000000000,00","0000000000000,00",000000000000000,143
143,011,202603,202602,PW018FKL,00,GE8L,N,000000000006,"000000000025,5","0,00604","0000000000000,15","0000000000000,01","0000000000000,00","0000000000000,16",,"0000000000000,00","0000000000000,00","0000000000000,00",000000000000000,143
143,011,202603,202602,PW018FKL,00,NENL,N,000000000085,"000000000069,9","0,00604","0000000000000,42","0000000000000,02","0000000000000,00","0000000000000,44",,"0000000000000,00","0000000000000,00","0000000000000,00",000000000000000,143
143,011,202603,202602,PW018FKL,00,NENL,R,000000000001,"000000000000,8","0,00422","0000000000000,00","0000000000000,00","0000000000000,00","0000000000000,00",,"0000000000000,00","0000000000000,00","0000000000000,00",000000000000000,143
143,011,202603,202602,PW019CTB,00,NENL,N,000000003741,"000000007803,7","0,00604","0000000000047,13","0000000000001,79","0000000000000,00","0000000000048,92",,"0000000000000,42","0000000000000,00","0000000000000,00",000000000000005,143
143,011,202603,202602,PW019CTB,00,NENL,R,000000000062,"000000000187,2","0,00422","0000000000000,79","0000000000000,03","0000000000000,00","0000000000000,82",,"0000000000000,01","0000000000000,00","0000000000000,00",000000000000000,143
143,011,202603,202602,PW028FKL,00,GE8L,N,000000000003,"000000000013,7","0,00604","0000000000000,08","0000000000000,00","0000000000000,00","0000000000000,08",,"0000000000000,00","0000000000000,00","0000000000000,00",000000000000000,143
143,011,202603,202602,PW028FKL,00,GE8L,R,000000000001,"000000000002,9","0,00422","0000000000000,01","0000000000000,00","0000000000000,00","0000000000000,01",,"0000000000000,00","0000000000000,00","0000000000000,00",000000000000000,143
143,011,202603,202602,PW028FKL,00,NENL,N,000000000148,"000000000201,0","0,00604","0000000000001,21","0000000000000,05","0000000000000,00","0000000000001,26",,"0000000000000,01","0000000000000,00","0000000000000,00",000000000000000,143
143,011,202603,202602,PW028FKL,00,NENL,R,000000000004,"000000000002,0","0,00422","0000000000000,01","0000000000000,00","0000000000000,00","0000000000000,01",,"0000000000000,00","0000000000000,00","0000000000000,00",000000000000000,143
143,011,202603,202602,PW028HJE,00,NENL,N,000000000002,"000000000001,0","0,00604","0000000000000,01","0000000000000,00","0000000000000,00","0000000000000,01",,"0000000000000,00","0000000000000,00","0000000000000,00",000000000000000,143
143,011,202603,202602,PW029CTB,00,NENL,N,000000002412,"000000005237,9","0,00604","0000000000031,64","0000000000001,20","0000000000000,00","0000000000032,84",,"0000000000000,28","0000000000000,00","0000000000000,00",000000000000003,143
143,011,202603,202602,PW029CTB,00,NENL,R,000000000035,"000000000119,3","0,00422","0000000000000,50","0000000000000,02","0000000000000,00","0000000000000,52",,"0000000000000,00","0000000000000,00","0000000000000,00",000000000000000,143
143,011,202603,202602,Q020486,00,GE8L,N,000000000012,"000000000149,2","0,00604","0000000000000,90","0000000000000,03","0000000000000,00","0000000000000,93",,"0000000000000,01","0000000000000,00","0000000000000,00",000000000000000,143
143,011,202603,202602,Q020486,00,NENL,N,000000000289,"000000000441,6","0,00604","0000000000002,67","0000000000000,10","0000000000000,00","0000000000002,77",,"0000000000000,02","0000000000000,00","0000000000000,00",000000000000000,143
143,011,202603,202602,Q020486,00,NENL,R,000000000005,"000000000039,6","0,00422","0000000000000,17","0000000000000,01","0000000000000,00","0000000000000,18",,"0000000000000,00","0000000000000,00","0000000000000,00",000000000000000,143
143,011,202603,202602,Q020502,00,GE8L,N,000000000001,"000000000002,9","0,00604","0000000000000,02","0000000000000,00","0000000000000,00","0000000000000,02",,"0000000000000,00","0000000000000,00","0000000000000,00",000000000000000,143
143,011,202603,202602,Q0703211,00,GE8L,N,000000000001,"000000000011,6","0,00604","0000000000000,07","0000000000000,00","0000000000000,00","0000000000000,07",,"0000000000000,00","0000000000000,00","0000000000000,00",000000000000000,143
143,011,202603,202602,Q0703212,00,NENL,N,000000000153,"000000000327,9","0,00604","0000000000001,98","0000000000000,08","0000000000000,00","0000000000002,06",,"0000000000000,02","0000000000000,00","0000000000000,00",000000000000000,143
143,011,202603,202602,Q0703212,00,NENL,R,000000000009,"000000000025,0","0,00422","0000000000000,11","0000000000000,00","0000000000000,00","0000000000000,11",,"0000000000000,00","0000000000000,00","0000000000000,00",000000000000000,143
143,011,202603,202602,Q0703338,00,NENL,N,000000000106,"000000000143,0","0,00604","0000000000000,86","0000000000000,03","0000000000000,00","0000000000000,89",,"0000000000000,01","0000000000000,00","0000000000000,00",000000000000000,143
143,011,202603,202602,Q0703363,00,NENL,N,000000000018,"000000000040,8","0,00604","0000000000000,25","0000000000000,01","0000000000000,00","0000000000000,26",,"0000000000000,00","0000000000000,00","0000000000000,00",000000000000000,143
143,011,202603,202602,Q0703365,00,NENL,N,000000000608,"000000001222,5","0,00604","0000000000007,38","0000000000000,28","0000000000000,00","0000000000007,66",,"0000000000000,07","0000000000000,00","0000000000000,00",000000000000001,143
143,011,202603,202602,Q0703365,00,NENL,R,000000000005,"000000000010,5","0,00422","0000000000000,04","0000000000000,00","0000000000000,00","0000000000000,04",,"0000000000000,00","0000000000000,00","0000000000000,00",000000000000000,143
143,011,202603,202602,Q0703412,00,NENL,N,000000000601,"000000001079,4","0,00604","0000000000006,52","0000000000000,25","0000000000000,00","0000000000006,77",,"0000000000000,06","0000000000000,00","0000000000000,00",000000000000001,143
143,011,202603,202602,Q0703412,00,NENL,R,000000000019,"000000000026,4","0,00422","0000000000000,11","0000000000000,00","0000000000000,00","0000000000000,11",,"0000000000000,00","0000000000000,00","0000000000000,00",000000000000000,143
143,011,202603,202602,Q0703434,00,NENL,N,000000000001,"000000000000,5","0,00604","0000000000000,00","0000000000000,00","0000000000000,00","0000000000000,00",,"0000000000000,00","0000000000000,00","0000000000000,00",000000000000000,143
143,011,202603,202602,Q0703435,00,GE8L,N,000000000006,"000000000100,6","0,00604","0000000000000,61","0000000000000,02","0000000000000,00","0000000000000,63",,"0000000000000,01","0000000000000,00","0000000000000,00",000000000000000,143
143,011,202603,202602,Q0703439,00,GE8L,N,000000000004,"000000000032,0","0,00604","0000000000000,19","0000000000000,01","0000000000000,00","0000000000000,20",,"0000000000000,00","0000000000000,00","0000000000000,00",000000000000000,143
143,011,202603,202602,Q0703558,00,GE8L,N,000000000008,"000000000056,0","0,00604","0000000000000,34","0000000000000,01","0000000000000,00","0000000000000,35",,"0000000000000,00","0000000000000,00","0000000000000,00",000000000000000,143
143,011,202603,202602,Q0703558,00,NENL,N,000000002006,"000000003835,5","0,00604","0000000000023,17","0000000000000,88","0000000000000,00","0000000000024,05",,"0000000000000,21","0000000000000,00","0000000000000,00",000000000000002,143
143,011,202603,202602,Q0703558,00,NENL,R,000000000131,"000000000207,0","0,00422","0000000000000,87","0000000000000,03","0000000000000,00","0000000000000,90",,"0000000000000,01","0000000000000,00","0000000000000,00",000000000000000,143
143,011,202603,202602,RQ0112AQ,00,NENL,N,000000000596,"000000001062,0","0,00604","0000000000006,41","0000000000000,24","0000000000000,00","0000000000006,65",,"0000000000000,06","0000000000000,00","0000000000000,00",000000000000001,143
143,011,202603,202602,RQ0412JL,00,NENL,N,000000000102,"000000000168,2","0,00604","0000000000001,02","0000000000000,04","0000000000000,00","0000000000001,06",,"0000000000000,01","0000000000000,00","0000000000000,00",000000000000000,143
143,011,202603,202602,RQ0412JL,00,NENL,R,000000000001,"000000000004,8","0,00422","0000000000000,02","0000000000000,00","0000000000000,00","0000000000000,02",,"0000000000000,00","0000000000000,00","0000000000000,00",000000000000000,143
143,011,202603,202602,RQ0412MM,00,NENL,N,000000000091,"000000000175,6","0,00604","0000000000001,06","0000000000000,04","0000000000000,00","0000000000001,10",,"0000000000000,01","0000000000000,00","0000000000000,00",000000000000000,143
143,011,202603,202602,RQ053FAC,00,GE8L,N,000000000001,"000000000011,3","0,00604","0000000000000,07","0000000000000,00","0000000000000,00","0000000000000,07",,"0000000000000,00","0000000000000,00","0000000000000,00",000000000000000,143
143,011,202603,202602,RQ053FAC,00,NENL,N,000000014556,"000000026290,5","0,00604","0000000000158,79","0000000000006,02","0000000000000,00","0000000000164,81",,"0000000000001,43","0000000000000,00","0000000000000,00",000000000000016,143
143,011,202603,202602,RQ053FAC,00,NENL,R,000000000256,"000000000647,0","0,00422","0000000000002,73","0000000000000,10","0000000000000,00","0000000000002,83",,"0000000000000,02","0000000000000,00","0000000000000,00",000000000000000,143
143,011,202603,202602,RQ05FAC3,00,GE8L,N,000000000001,"000000000026,5","0,00604","0000000000000,16","0000000000000,01","0000000000000,00","0000000000000,17",,"0000000000000,00","0000000000000,00","0000000000000,00",000000000000000,143
143,011,202603,202602,RR0112SR,00,NENL,N,000000000556,"000000001135,6","0,00604","0000000000006,86","0000000000000,26","0000000000000,00","0000000000007,12",,"0000000000000,06","0000000000000,00","0000000000000,00",000000000000001,143
143,011,202603,202602,RR0112SR,00,NENL,R,000000000042,"000000000110,4","0,00422","0000000000000,47","0000000000000,02","0000000000000,00","0000000000000,49",,"0000000000000,00","0000000000000,00","0000000000000,00",000000000000000,143
143,011,202603,202602,RR0312SR,00,NENL,N,000000000548,"000000001059,9","0,00604","0000000000006,40","0000000000000,24","0000000000000,00","0000000000006,64",,"0000000000000,06","0000000000000,00","0000000000000,00",000000000000001,143
143,011,202603,202602,RR0312SR,00,NENL,R,000000000056,"000000000123,1","0,00422","0000000000000,52","0000000000000,02","0000000000000,00","0000000000000,54",,"0000000000000,00","0000000000000,00","0000000000000,00",000000000000000,143
143,011,202603,202602,RU01BR12,00,NENL,N,000000000210,"000000000428,9","0,00604","0000000000002,59","0000000000000,10","0000000000000,00","0000000000002,69",,"0000000000000,02","0000000000000,00","0000000000000,00",000000000000000,143
143,011,202603,202602,RU01BR12,00,NENL,R,000000000002,"000000000016,7","0,00422","0000000000000,07","0000000000000,00","0000000000000,00","0000000000000,07",,"0000000000000,00","0000000000000,00","0000000000000,00",000000000000000,143
143,011,202603,202602,S017105,00,NENL,N,000000000159,"000000000254,9","0,00604","0000000000001,54","0000000000000,06","0000000000000,00","0000000000001,60",,"0000000000000,01","0000000000000,00","0000000000000,00",000000000000000,143
143,011,202603,202602,S02TLF_N,00,GE8L,N,000000000004,"000000000018,5","0,00604","0000000000000,11","0000000000000,00","0000000000000,00","0000000000000,11",,"0000000000000,00","0000000000000,00","0000000000000,00",000000000000000,143
143,011,202603,202602,S042215,00,GE8L,N,000000000010,"000000000084,4","0,00604","0000000000000,51","0000000000000,02","0000000000000,00","0000000000000,53",,"0000000000000,00","0000000000000,00","0000000000000,00",000000000000000,143
143,011,202603,202602,S043105,00,GE8L,N,000000000005,"000000000029,5","0,00604","0000000000000,18","0000000000000,01","0000000000000,00","0000000000000,19",,"0000000000000,00","0000000000000,00","0000000000000,00",000000000000000,143
143,011,202603,202602,S04TLF_N,00,GE8L,N,000000000002,"000000000010,9","0,00604","0000000000000,07","0000000000000,00","0000000000000,00","0000000000000,07",,"0000000000000,00","0000000000000,00","0000000000000,00",000000000000000,143
143,011,202603,202602,S0703006,00,NENL,N,000000000035,"000000000070,1","0,00604","0000000000000,42","0000000000000,02","0000000000000,00","0000000000000,44",,"0000000000000,00","0000000000000,00","0000000000000,00",000000000000000,143
143,011,202603,202602,S0703006,00,NENL,R,000000000003,"000000000006,7","0,00422","0000000000000,03","0000000000000,00","0000000000000,00","0000000000000,03",,"0000000000000,00","0000000000000,00","0000000000000,00",000000000000000,143
143,011,202603,202602,S0703007,00,GE8L,N,000000000002,"000000000008,1","0,00604","0000000000000,05","0000000000000,00","0000000000000,00","0000000000000,05",,"0000000000000,00","0000000000000,00","0000000000000,00",000000000000000,143
143,011,202603,202602,S0703008,00,NENL,N,000000002036,"000000002795,0","0,00604","0000000000016,88","0000000000000,64","0000000000000,00","0000000000017,52",,"0000000000000,15","0000000000000,00","0000000000000,00",000000000000002,143
143,011,202603,202602,S0703008,00,NENL,R,000000000020,"000000000073,4","0,00422","0000000000000,31","0000000000000,01","0000000000000,00","0000000000000,32",,"0000000000000,00","0000000000000,00","0000000000000,00",000000000000000,143
143,011,202603,202602,S1001188,00,NENL,N,000000000024,"000000000035,9","0,00604","0000000000000,22","0000000000000,01","0000000000000,00","0000000000000,23",,"0000000000000,00","0000000000000,00","0000000000000,00",000000000000000,143
143,011,202603,202602,S1001188,00,NENL,R,000000000001,"000000000000,5","0,00422","0000000000000,00","0000000000000,00","0000000000000,00","0000000000000,00",,"0000000000000,00","0000000000000,00","0000000000000,00",000000000000000,143
143,011,202603,202602,S1001189,00,NENL,N,000000000081,"000000000125,7","0,00604","0000000000000,76","0000000000000,03","0000000000000,00","0000000000000,79",,"0000000000000,01","0000000000000,00","0000000000000,00",000000000000000,143
143,011,202603,202602,S1001190,00,NENL,N,000000000003,"000000000003,0","0,00604","0000000000000,02","0000000000000,00","0000000000000,00","0000000000000,02",,"0000000000000,00","0000000000000,00","0000000000000,00",000000000000000,143
143,011,202603,202602,S1001475,00,GE8L,N,000000000034,"000000000348,0","0,00604","0000000000002,10","0000000000000,08","0000000000000,00","0000000000002,18",,"0000000000000,02","0000000000000,00","0000000000000,00",000000000000000,143
143,011,202603,202602,S1001571,00,GE8L,N,000000000001,"000000000004,7","0,00604","0000000000000,03","0000000000000,00","0000000000000,00","0000000000000,03",,"0000000000000,00","0000000000000,00","0000000000000,00",000000000000000,143
143,011,202603,202602,S1001572,00,NENL,N,000000002268,"000000004344,2","0,00604","0000000000026,24","0000000000000,99","0000000000000,00","0000000000027,23",,"0000000000000,24","0000000000000,00","0000000000000,00",000000000000003,143
143,011,202603,202602,S1001572,00,NENL,R,000000000007,"000000000104,4","0,00422","0000000000000,44","0000000000000,02","0000000000000,00","0000000000000,46",,"0000000000000,00","0000000000000,00","0000000000000,00",000000000000000,143
143,011,202603,202602,S1001577,00,NENL,N,000000000211,"000000000455,6","0,00604","0000000000002,75","0000000000000,10","0000000000000,00","0000000000002,85",,"0000000000000,02","0000000000000,00","0000000000000,00",000000000000000,143
143,011,202603,202602,S1001577,00,NENL,R,000000000071,"000000000465,4","0,00422","0000000000001,96","0000000000000,07","0000000000000,00","0000000000002,03",,"0000000000000,02","0000000000000,00","0000000000000,00",000000000000000,143
143,011,202603,202602,S1001581,00,NENL,N,000000000694,"000000001196,0","0,00604","0000000000007,22","0000000000000,27","0000000000000,00","0000000000007,49",,"0000000000000,07","0000000000000,00","0000000000000,00",000000000000001,143
143,011,202603,202602,S1001581,00,NENL,R,000000000004,"000000000015,3","0,00422","0000000000000,06","0000000000000,00","0000000000000,00","0000000000000,06",,"0000000000000,00","0000000000000,00","0000000000000,00",000000000000000,143
143,011,202603,202602,S1001596,00,NENL,N,000000000207,"000000000839,4","0,00604","0000000000005,07","0000000000000,19","0000000000000,00","0000000000005,26",,"0000000000000,05","0000000000000,00","0000000000000,00",000000000000001,143
143,011,202603,202602,S1001596,00,NENL,R,000000000084,"000000000590,0","0,00422","0000000000002,49","0000000000000,09","0000000000000,00","0000000000002,58",,"0000000000000,02","0000000000000,00","0000000000000,00",000000000000000,143
143,011,202603,202602,S1001597,00,GE8L,N,000000000034,"000000000213,1","0,00604","0000000000001,29","0000000000000,05","0000000000000,00","0000000000001,34",,"0000000000000,01","0000000000000,00","0000000000000,00",000000000000000,143
143,011,202603,202602,S1001889,00,GE8L,N,000000000001,"000000000000,5","0,00604","0000000000000,00","0000000000000,00","0000000000000,00","0000000000000,00",,"0000000000000,00","0000000000000,00","0000000000000,00",000000000000000,143
143,011,202603,202602,S1003355,00,NENL,N,000000000080,"000000000234,1","0,00604","0000000000001,41","0000000000000,05","0000000000000,00","0000000000001,46",,"0000000000000,01","0000000000000,00","0000000000000,00",000000000000000,143
143,011,202603,202602,S1003355,00,NENL,R,000000000021,"000000000094,9","0,00422","0000000000000,40","0000000000000,02","0000000000000,00","0000000000000,42",,"0000000000000,00","0000000000000,00","0000000000000,00",000000000000000,143
143,011,202603,202602,S1003359,00,GE8L,N,000000000010,"000000000059,7","0,00604","0000000000000,36","0000000000000,01","0000000000000,00","0000000000000,37",,"0000000000000,00","0000000000000,00","0000000000000,00",000000000000000,143
143,011,202603,202602,S1003360,00,NENL,N,000000000092,"000000000270,1","0,00604","0000000000001,63","0000000000000,06","0000000000000,00","0000000000001,69",,"0000000000000,01","0000000000000,00","0000000000000,00",000000000000000,143
143,011,202603,202602,S1003360,00,NENL,R,000000000030,"000000000199,1","0,00422","0000000000000,84","0000000000000,03","0000000000000,00","0000000000000,87",,"0000000000000,01","0000000000000,00","0000000000000,00",000000000000000,143
143,011,202603,202602,S1003364,00,GE8L,N,000000000009,"000000000101,3","0,00604","0000000000000,61","0000000000000,02","0000000000000,00","0000000000000,63",,"0000000000000,01","0000000000000,00","0000000000000,00",000000000000000,143
143,011,202603,202602,S1003543,00,NENL,N,000000000001,"000000000000,5","0,00604","0000000000000,00","0000000000000,00","0000000000000,00","0000000000000,00",,"0000000000000,00","0000000000000,00","0000000000000,00",000000000000000,143
143,011,202603,202602,S1003979,00,GE8L,N,000000000002,"000000000001,4","0,00604","0000000000000,01","0000000000000,00","0000000000000,00","0000000000000,01",,"0000000000000,00","0000000000000,00","0000000000000,00",000000000000000,143
143,011,202603,202602,S1004039,00,GE8L,N,000000000001,"000000000007,9","0,00604","0000000000000,05","0000000000000,00","0000000000000,00","0000000000000,05",,"0000000000000,00","0000000000000,00","0000000000000,00",000000000000000,143
143,011,202603,202602,S111214,00,NENL,N,000000000030,"000000000069,4","0,00604","0000000000000,42","0000000000000,02","0000000000000,00","0000000000000,44",,"0000000000000,00","0000000000000,00","0000000000000,00",000000000000000,143
143,011,202603,202602,S111214,00,NENL,R,000000000004,"000000000005,6","0,00422","0000000000000,02","0000000000000,00","0000000000000,00","0000000000000,02",,"0000000000000,00","0000000000000,00","0000000000000,00",000000000000000,143
143,011,202603,202602,S1603364,00,NENL,N,000000000037,"000000000080,5","0,00604","0000000000000,49","0000000000000,02","0000000000000,00","0000000000000,51",,"0000000000000,00","0000000000000,00","0000000000000,00",000000000000000,143
143,011,202603,202602,S1603364,00,NENL,R,000000000001,"000000000000,5","0,00422","0000000000000,00","0000000000000,00","0000000000000,00","0000000000000,00",,"0000000000000,00","0000000000000,00","0000000000000,00",000000000000000,143
143,011,202603,202602,S1603365,00,GE8L,N,000000000010,"000000000044,4","0,00604","0000000000000,27","0000000000000,01","0000000000000,00","0000000000000,28",,"0000000000000,00","0000000000000,00","0000000000000,00",000000000000000,143
143,011,202603,202602,S1603366,00,NENL,N,000000001928,"000000002202,1","0,00604","0000000000013,30","0000000000000,50","0000000000000,00","0000000000013,80",,"0000000000000,12","0000000000000,00","0000000000000,00",000000000000001,143
143,011,202603,202602,S1603366,00,NENL,R,000000000091,"000000000049,5","0,00422","0000000000000,21","0000000000000,01","0000000000000,00","0000000000000,22",,"0000000000000,00","0000000000000,00","0000000000000,00",000000000000000,143
143,011,202603,202602,S1603367,00,NENL,N,000000000033,"000000000054,9","0,00604","0000000000000,33","0000000000000,01","0000000000000,00","0000000000000,34",,"0000000000000,00","0000000000000,00","0000000000000,00",000000000000000,143
143,011,202603,202602,S1603367,00,NENL,R,000000000004,"000000000006,0","0,00422","0000000000000,03","0000000000000,00","0000000000000,00","0000000000000,03",,"0000000000000,00","0000000000000,00","0000000000000,00",000000000000000,143
143,011,202603,202602,S1603368,00,GE8L,N,000000000012,"000000000021,3","0,00604","0000000000000,13","0000000000000,00","0000000000000,00","0000000000000,13",,"0000000000000,00","0000000000000,00","0000000000000,00",000000000000000,143
143,011,202603,202602,S1603368,00,NENL,N,000000000001,"000000000003,1","0,00604","0000000000000,02","0000000000000,00","0000000000000,00","0000000000000,02",,"0000000000000,00","0000000000000,00","0000000000000,00",000000000000000,143
143,011,202603,202602,S1603369,00,NENL,N,000000002042,"000000002818,7","0,00604","0000000000017,02","0000000000000,64","0000000000000,00","0000000000017,66",,"0000000000000,15","0000000000000,00","0000000000000,00",000000000000002,143
143,011,202603,202602,S1603369,00,NENL,R,000000000090,"000000000046,4","0,00422","0000000000000,20","0000000000000,01","0000000000000,00","0000000000000,21",,"0000000000000,00","0000000000000,00","0000000000000,00",000000000000000,143
143,011,202603,202602,S1604100,00,NENL,N,000000000028,"000000000025,7","0,00604","0000000000000,16","0000000000000,01","0000000000000,00","0000000000000,17",,"0000000000000,00","0000000000000,00","0000000000000,00",000000000000000,143
143,011,202603,202602,S1604100,00,NENL,R,000000000005,"000000000002,6","0,00422","0000000000000,01","0000000000000,00","0000000000000,00","0000000000000,01",,"0000000000000,00","0000000000000,00","0000000000000,00",000000000000000,143
143,011,202603,202602,S1604101,00,GE8L,N,000000000009,"000000000018,1","0,00604","0000000000000,11","0000000000000,00","0000000000000,00","0000000000000,11",,"0000000000000,00","0000000000000,00","0000000000000,00",000000000000000,143
143,011,202603,202602,S1604102,00,NENL,N,000000001915,"000000003122,8","0,00604","0000000000018,86","0000000000000,71","0000000000000,00","0000000000019,57",,"0000000000000,17","0000000000000,00","0000000000000,00",000000000000002,143
143,011,202603,202602,S1604102,00,NENL,R,000000000013,"000000000012,0","0,00422","0000000000000,05","0000000000000,00","0000000000000,00","0000000000000,05",,"0000000000000,00","0000000000000,00","0000000000000,00",000000000000000,143
143,011,202603,202602,SI11038,00,NENL,N,000000000013,"000000000010,7","0,00604","0000000000000,06","0000000000000,00","0000000000000,00","0000000000000,06",,"0000000000000,00","0000000000000,00","0000000000000,00",000000000000000,143
143,011,202603,202602,SI11038,00,NENL,R,000000000001,"000000000000,5","0,00422","0000000000000,00","0000000000000,00","0000000000000,00","0000000000000,00",,"0000000000000,00","0000000000000,00","0000000000000,00",000000000000000,143
143,011,202603,202602,TZ01CTIP,00,NENL,N,000000000008,"000000000018,4","0,00604","0000000000000,11","0000000000000,00","0000000000000,00","0000000000000,11",,"0000000000000,00","0000000000000,00","0000000000000,00",000000000000000,143
143,011,202603,202602,TZ01CTST,00,NENL,N,000000000001,"000000000005,6","0,00604","0000000000000,03","0000000000000,00","0000000000000,00","0000000000000,03",,"0000000000000,00","0000000000000,00","0000000000000,00",000000000000000,143
143,011,202603,202602,U1400245,00,GE8L,N,000000000005,"000000000008,1","0,00604","0000000000000,05","0000000000000,00","0000000000000,00","0000000000000,05",,"0000000000000,00","0000000000000,00","0000000000000,00",000000000000000,143
143,011,202603,202602,VM300188,00,NENL,N,000000000031,"000000000038,9","0,00604","0000000000000,23","0000000000000,01","0000000000000,00","0000000000000,24",,"0000000000000,00","0000000000000,00","0000000000000,00",000000000000000,143
143,011,202603,202602,VM300189,00,NENL,N,000000000079,"000000000112,0","0,00604","0000000000000,68","0000000000000,03","0000000000000,00","0000000000000,71",,"0000000000000,01","0000000000000,00","0000000000000,00",000000000000000,143
143,011,202603,202602,VM300190,00,NENL,N,000000000002,"000000000002,5","0,00604","0000000000000,02","0000000000000,00","0000000000000,00","0000000000000,02",,"0000000000000,00","0000000000000,00","0000000000000,00",000000000000000,143
143,011,202603,202602,VM300475,00,GE8L,N,000000000040,"000000000274,2","0,00604","0000000000001,66","0000000000000,06","0000000000000,00","0000000000001,72",,"0000000000000,01","0000000000000,00","0000000000000,00",000000000000000,143
143,011,202603,202602,VM300572,00,GE8L,N,000000000003,"000000000012,5","0,00604","0000000000000,08","0000000000000,00","0000000000000,00","0000000000000,08",,"0000000000000,00","0000000000000,00","0000000000000,00",000000000000000,143
143,011,202603,202602,VM300572,00,NENL,N,000000002356,"000000004770,5","0,00604","0000000000028,81","0000000000001,09","0000000000000,00","0000000000029,90",,"0000000000000,26","0000000000000,00","0000000000000,00",000000000000003,143
143,011,202603,202602,VM300572,00,NENL,R,000000000007,"000000000030,7","0,00422","0000000000000,13","0000000000000,00","0000000000000,00","0000000000000,13",,"0000000000000,00","0000000000000,00","0000000000000,00",000000000000000,143
143,011,202603,202602,VM300577,00,NENL,N,000000000203,"000000000567,6","0,00604","0000000000003,43","0000000000000,13","0000000000000,00","0000000000003,56",,"0000000000000,03","0000000000000,00","0000000000000,00",000000000000000,143
143,011,202603,202602,VM300577,00,NENL,R,000000000079,"000000000569,0","0,00422","0000000000002,40","0000000000000,09","0000000000000,00","0000000000002,49",,"0000000000000,02","0000000000000,00","0000000000000,00",000000000000000,143
143,011,202603,202602,VM300581,00,NENL,N,000000000697,"000000001115,2","0,00604","0000000000006,74","0000000000000,26","0000000000000,00","0000000000007,00",,"0000000000000,06","0000000000000,00","0000000000000,00",000000000000001,143
143,011,202603,202602,VM300581,00,NENL,R,000000000002,"000000000002,0","0,00422","0000000000000,01","0000000000000,00","0000000000000,00","0000000000000,01",,"0000000000000,00","0000000000000,00","0000000000000,00",000000000000000,143
143,011,202603,202602,VM300596,00,NENL,N,000000000230,"000000000707,7","0,00604","0000000000004,27","0000000000000,16","0000000000000,00","0000000000004,43",,"0000000000000,04","0000000000000,00","0000000000000,00",000000000000000,143
143,011,202603,202602,VM300596,00,NENL,R,000000000079,"000000000734,3","0,00422","0000000000003,10","0000000000000,12","0000000000000,00","0000000000003,22",,"0000000000000,03","0000000000000,00","0000000000000,00",000000000000000,143
143,011,202603,202602,VM300597,00,GE8L,N,000000000030,"000000000204,2","0,00604","0000000000001,23","0000000000000,05","0000000000000,00","0000000000001,28",,"0000000000000,01","0000000000000,00","0000000000000,00",000000000000000,143
143,011,202603,202602,VM303355,00,NENL,N,000000000079,"000000000256,5","0,00604","0000000000001,55","0000000000000,06","0000000000000,00","0000000000001,61",,"0000000000000,01","0000000000000,00","0000000000000,00",000000000000000,143
143,011,202603,202602,VM303355,00,NENL,R,000000000031,"000000000151,5","0,00422","0000000000000,64","0000000000000,02","0000000000000,00","0000000000000,66",,"0000000000000,01","0000000000000,00","0000000000000,00",000000000000000,143
143,011,202603,202602,VM303359,00,GE8L,N,000000000010,"000000000078,5","0,00604","0000000000000,47","0000000000000,02","0000000000000,00","0000000000000,49",,"0000000000000,00","0000000000000,00","0000000000000,00",000000000000000,143
143,011,202603,202602,VM303360,00,NENL,N,000000000086,"000000000199,1","0,00604","0000000000001,20","0000000000000,05","0000000000000,00","0000000000001,25",,"0000000000000,01","0000000000000,00","0000000000000,00",000000000000000,143
143,011,202603,202602,VM303360,00,NENL,R,000000000024,"000000000099,5","0,00422","0000000000000,42","0000000000000,02","0000000000000,00","0000000000000,44",,"0000000000000,00","0000000000000,00","0000000000000,00",000000000000000,143
143,011,202603,202602,VM303364,00,GE8L,N,000000000005,"000000000019,1","0,00604","0000000000000,12","0000000000000,00","0000000000000,00","0000000000000,12",,"0000000000000,00","0000000000000,00","0000000000000,00",000000000000000,143
143,011,202603,202602,VU11029,00,NENL,N,000000000075,"000000000070,8","0,00604","0000000000000,43","0000000000000,02","0000000000000,00","0000000000000,45",,"0000000000000,00","0000000000000,00","0000000000000,00",000000000000000,143
143,011,202603,202602,VU11029,00,NENL,R,000000000004,"000000000002,0","0,00422","0000000000000,01","0000000000000,00","0000000000000,00","0000000000000,01",,"0000000000000,00","0000000000000,00","0000000000000,00",000000000000000,143
144,011,202603,202602,1ALG006I,00,NENL,N,000000000080,"000000000313,7","0,00604","0000000000001,89","0000000000000,07","0000000000000,00","0000000000001,96",,"0000000000000,02","0000000000000,00","0000000000000,00",000000000000000,144
144,011,202603,202602,1ALG015I,00,NENL,N,000000000028,"000000000249,0","0,00604","0000000000001,50","0000000000000,06","0000000000000,00","0000000000001,56",,"0000000000000,01","0000000000000,00","0000000000000,00",000000000000000,144
144,011,202603,202602,1CTB009I,00,NENL,N,000000000043,"000000000183,5","0,00604","0000000000001,11","0000000000000,04","0000000000000,00","0000000000001,15",,"0000000000000,01","0000000000000,00","0000000000000,00",000000000000000,144
144,011,202603,202602,1CTB012I,00,NENL,N,000000000009,"000000000036,0","0,00604","0000000000000,22","0000000000000,01","0000000000000,00","0000000000000,23",,"0000000000000,00","0000000000000,00","0000000000000,00",000000000000000,144
144,011,202603,202602,1CTB018I,00,NENL,N,000000000007,"000000000009,6","0,00604","0000000000000,06","0000000000000,00","0000000000000,00","0000000000000,06",,"0000000000000,00","0000000000000,00","0000000000000,00",000000000000000,144
144,011,202603,202602,1CTB021I,00,NENL,N,000000000026,"000000000097,2","0,00604","0000000000000,59","0000000000000,02","0000000000000,00","0000000000000,61",,"0000000000000,01","0000000000000,00","0000000000000,00",000000000000000,144
144,011,202603,202602,1CTB027I,00,NENL,N,000000000035,"000000000224,3","0,00604","0000000000001,35","0000000000000,05","0000000000000,00","0000000000001,40",,"0000000000000,01","0000000000000,00","0000000000000,00",000000000000000,144
144,011,202603,202602,1CTB033I,00,NENL,N,000000000006,"000000000029,9","0,00604","0000000000000,18","0000000000000,01","0000000000000,00","0000000000000,19",,"0000000000000,00","0000000000000,00","0000000000000,00",000000000000000,144
144,011,202603,202602,1OIF018I,00,NENL,N,000000000001,"000000000014,5","0,00604","0000000000000,09","0000000000000,00","0000000000000,00","0000000000000,09",,"0000000000000,00","0000000000000,00","0000000000000,00",000000000000000,144
144,011,202603,202602,1OIF024I,00,NENL,N,000000000009,"000000000105,6","0,00604","0000000000000,64","0000000000000,02","0000000000000,00","0000000000000,66",,"0000000000000,01","0000000000000,00","0000000000000,00",000000000000000,144
144,011,202603,202602,1OIF041I,00,NENL,N,000000000002,"000000000001,8","0,00604","0000000000000,01","0000000000000,00","0000000000000,00","0000000000000,01",,"0000000000000,00","0000000000000,00","0000000000000,00",000000000000000,144
144,011,202603,202602,3ALG001I,00,NENL,N,000000000057,"000000000238,9","0,00604","0000000000001,44","0000000000000,05","0000000000000,00","0000000000001,49",,"0000000000000,01","0000000000000,00","0000000000000,00",000000000000000,144
144,011,202603,202602,3ALG003I,00,NENL,N,000000000014,"000000000027,7","0,00604","0000000000000,17","0000000000000,01","0000000000000,00","0000000000000,18",,"0000000000000,00","0000000000000,00","0000000000000,00",000000000000000,144
144,011,202603,202602,3ALG006I,00,NENL,N,000000000003,"000000000014,6","0,00604","0000000000000,09","0000000000000,00","0000000000000,00","0000000000000,09",,"0000000000000,00","0000000000000,00","0000000000000,00",000000000000000,144
144,011,202603,202602,3ALG006I,00,NENL,R,000000000001,"000000000000,5","0,00422","0000000000000,00","0000000000000,00","0000000000000,00","0000000000000,00",,"0000000000000,00","0000000000000,00","0000000000000,00",000000000000000,144
144,011,202603,202602,3CTB0021,00,NENL,N,000000000112,"000000000593,5","0,00604","0000000000003,58","0000000000000,14","0000000000000,00","0000000000003,72",,"0000000000000,03","0000000000000,00","0000000000000,00",000000000000000,144
144,011,202603,202602,3CTB0021,00,NENL,R,000000000015,"000000000021,0","0,00422","0000000000000,09","0000000000000,00","0000000000000,00","0000000000000,09",,"0000000000000,00","0000000000000,00","0000000000000,00",000000000000000,144
144,011,202603,202602,3CTB003I,00,NENL,N,000000000042,"000000000199,8","0,00604","0000000000001,21","0000000000000,05","0000000000000,00","0000000000001,26",,"0000000000000,01","0000000000000,00","0000000000000,00",000000000000000,144
144,011,202603,202602,3CTB006I,00,NENL,N,000000000004,"000000000011,4","0,00604","0000000000000,07","0000000000000,00","0000000000000,00","0000000000000,07",,"0000000000000,00","0000000000000,00","0000000000000,00",000000000000000,144
144,011,202603,202602,3CTB009I,00,NENL,N,000000000081,"000000000284,1","0,00604","0000000000001,72","0000000000000,07","0000000000000,00","0000000000001,79",,"0000000000000,02","0000000000000,00","0000000000000,00",000000000000000,144
144,011,202603,202602,3CTB009I,00,NENL,R,000000000029,"000000000160,0","0,00422","0000000000000,68","0000000000000,03","0000000000000,00","0000000000000,71",,"0000000000000,01","0000000000000,00","0000000000000,00",000000000000000,144
144,011,202603,202602,3CTB012I,00,NENL,N,000000000008,"000000000017,5","0,00604","0000000000000,11","0000000000000,00","0000000000000,00","0000000000000,11",,"0000000000000,00","0000000000000,00","0000000000000,00",000000000000000,144
144,011,202603,202602,3CTB018I,00,NENL,N,000000000019,"000000000026,6","0,00604","0000000000000,16","0000000000000,01","0000000000000,00","0000000000000,17",,"0000000000000,00","0000000000000,00","0000000000000,00",000000000000000,144
144,011,202603,202602,3CTB018I,00,NENL,R,000000000001,"000000000007,1","0,00422","0000000000000,03","0000000000000,00","0000000000000,00","0000000000000,03",,"0000000000000,00","0000000000000,00","0000000000000,00",000000000000000,144
144,011,202603,202602,3CTB021I,00,NENL,N,000000000009,"000000000020,1","0,00604","0000000000000,12","0000000000000,00","0000000000000,00","0000000000000,12",,"0000000000000,00","0000000000000,00","0000000000000,00",000000000000000,144
144,011,202603,202602,3CTB024I,00,NENL,N,000000000023,"000000000163,9","0,00604","0000000000000,99","0000000000000,04","0000000000000,00","0000000000001,03",,"0000000000000,01","0000000000000,00","0000000000000,00",000000000000000,144
144,011,202603,202602,3CTB027I,00,NENL,N,000000000012,"000000000122,6","0,00604","0000000000000,74","0000000000000,03","0000000000000,00","0000000000000,77",,"0000000000000,01","0000000000000,00","0000000000000,00",000000000000000,144
144,011,202603,202602,3CTB033I,00,NENL,N,000000000042,"000000000177,7","0,00604","0000000000001,07","0000000000000,04","0000000000000,00","0000000000001,11",,"0000000000000,01","0000000000000,00","0000000000000,00",000000000000000,144
144,011,202603,202602,3CTB033I,00,NENL,R,000000000004,"000000000008,3","0,00422","0000000000000,04","0000000000000,00","0000000000000,00","0000000000000,04",,"0000000000000,00","0000000000000,00","0000000000000,00",000000000000000,144
144,011,202603,202602,3OIF037I,00,NENL,N,000000000002,"000000000002,8","0,00604","0000000000000,02","0000000000000,00","0000000000000,00","0000000000000,02",,"0000000000000,00","0000000000000,00","0000000000000,00",000000000000000,144
144,011,202603,202602,3OIF043I,00,NENL,N,000000000008,"000000000059,9","0,00604","0000000000000,36","0000000000000,01","0000000000000,00","0000000000000,37",,"0000000000000,00","0000000000000,00","0000000000000,00",000000000000000,144
144,011,202603,202602,3OIF046I,00,NENL,N,000000000006,"000000000058,1","0,00604","0000000000000,35","0000000000000,01","0000000000000,00","0000000000000,36",,"0000000000000,00","0000000000000,00","0000000000000,00",000000000000000,144
144,011,202603,202602,3OIF060I,00,NENL,N,000000000002,"000000000018,9","0,00604","0000000000000,11","0000000000000,00","0000000000000,00","0000000000000,11",,"0000000000000,00","0000000000000,00","0000000000000,00",000000000000000,144
144,011,202603,202602,3OIF114I,00,NENL,N,000000000002,"000000000006,9","0,00604","0000000000000,04","0000000000000,00","0000000000000,00","0000000000000,04",,"0000000000000,00","0000000000000,00","0000000000000,00",000000000000000,144
144,011,202603,202602,3OIF127I,00,NENL,N,000000000002,"000000000001,8","0,00604","0000000000000,01","0000000000000,00","0000000000000,00","0000000000000,01",,"0000000000000,00","0000000000000,00","0000000000000,00",000000000000000,144
144,011,202603,202602,4FACTR4I,00,NENL,N,000000000011,"000000000048,6","0,00604","0000000000000,29","0000000000000,01","0000000000000,00","0000000000000,30",,"0000000000000,00","0000000000000,00","0000000000000,00",000000000000000,144
144,011,202603,202602,4FACTR4I,00,NENL,R,000000000002,"000000000001,7","0,00422","0000000000000,01","0000000000000,00","0000000000000,00","0000000000000,01",,"0000000000000,00","0000000000000,00","0000000000000,00",000000000000000,144
144,011,202603,202602,6012003I,00,NENL,N,000000000002,"000000000004,6","0,00604","0000000000000,03","0000000000000,00","0000000000000,00","0000000000000,03",,"0000000000000,00","0000000000000,00","0000000000000,00",000000000000000,144
144,011,202603,202602,6ALG006I,00,NENL,N,000000000073,"000000000316,0","0,00604","0000000000001,91","0000000000000,07","0000000000000,00","0000000000001,98",,"0000000000000,02","0000000000000,00","0000000000000,00",000000000000000,144
144,011,202603,202602,6ALG006I,00,NENL,R,000000000001,"000000000000,5","0,00422","0000000000000,00","0000000000000,00","0000000000000,00","0000000000000,00",,"0000000000000,00","0000000000000,00","0000000000000,00",000000000000000,144
144,011,202603,202602,6ALG015I,00,NENL,N,000000000027,"000000000151,8","0,00604","0000000000000,92","0000000000000,03","0000000000000,00","0000000000000,95",,"0000000000000,01","0000000000000,00","0000000000000,00",000000000000000,144
144,011,202603,202602,6CTB003I,00,NENL,N,000000000040,"000000000249,7","0,00604","0000000000001,51","0000000000000,06","0000000000000,00","0000000000001,57",,"0000000000000,01","0000000000000,00","0000000000000,00",000000000000000,144
144,011,202603,202602,6CTB006I,00,NENL,N,000000000002,"000000000001,5","0,00604","0000000000000,01","0000000000000,00","0000000000000,00","0000000000000,01",,"0000000000000,00","0000000000000,00","0000000000000,00",000000000000000,144
144,011,202603,202602,6CTB009I,00,NENL,N,000000000050,"000000000182,8","0,00604","0000000000001,10","0000000000000,04","0000000000000,00","0000000000001,14",,"0000000000000,01","0000000000000,00","0000000000000,00",000000000000000,144
144,011,202603,202602,6CTB009I,00,NENL,R,000000000001,"000000000000,5","0,00422","0000000000000,00","0000000000000,00","0000000000000,00","0000000000000,00",,"0000000000000,00","0000000000000,00","0000000000000,00",000000000000000,144
144,011,202603,202602,6CTB012I,00,NENL,N,000000000005,"000000000020,8","0,00604","0000000000000,13","0000000000000,00","0000000000000,00","0000000000000,13",,"0000000000000,00","0000000000000,00","0000000000000,00",000000000000000,144
144,011,202603,202602,6CTB016I,00,NENL,N,000000000066,"000000000271,9","0,00604","0000000000001,64","0000000000000,06","0000000000000,00","0000000000001,70",,"0000000000000,01","0000000000000,00","0000000000000,00",000000000000000,144
144,011,202603,202602,6CTB016I,00,NENL,R,000000000001,"000000000000,5","0,00422","0000000000000,00","0000000000000,00","0000000000000,00","0000000000000,00",,"0000000000000,00","0000000000000,00","0000000000000,00",000000000000000,144
144,011,202603,202602,6CTB018I,00,NENL,N,000000000007,"000000000016,4","0,00604","0000000000000,10","0000000000000,00","0000000000000,00","0000000000000,10",,"0000000000000,00","0000000000000,00","0000000000000,00",000000000000000,144
144,011,202603,202602,6CTB021I,00,NENL,N,000000000027,"000000000100,8","0,00604","0000000000000,61","0000000000000,02","0000000000000,00","0000000000000,63",,"0000000000000,01","0000000000000,00","0000000000000,00",000000000000000,144
144,011,202603,202602,6CTB024I,00,NENL,N,000000000002,"000000000003,4","0,00604","0000000000000,02","0000000000000,00","0000000000000,00","0000000000000,02",,"0000000000000,00","0000000000000,00","0000000000000,00",000000000000000,144
144,011,202603,202602,6CTB025I,00,NENL,N,000000000080,"000000000345,8","0,00604","0000000000002,09","0000000000000,08","0000000000000,00","0000000000002,17",,"0000000000000,02","0000000000000,00","0000000000000,00",000000000000000,144
144,011,202603,202602,6CTB025I,00,NENL,R,000000000013,"000000000034,9","0,00422","0000000000000,15","0000000000000,01","0000000000000,00","0000000000000,16",,"0000000000000,00","0000000000000,00","0000000000000,00",000000000000000,144
144,011,202603,202602,6CTB026I,00,NENL,N,000000000001,"000000000003,7","0,00604","0000000000000,02","0000000000000,00","0000000000000,00","0000000000000,02",,"0000000000000,00","0000000000000,00","0000000000000,00",000000000000000,144
144,011,202603,202602,6CTB027I,00,NENL,N,000000000027,"000000000198,7","0,00604","0000000000001,20","0000000000000,05","0000000000000,00","0000000000001,25",,"0000000000000,01","0000000000000,00","0000000000000,00",000000000000000,144
144,011,202603,202602,6CTB028I,00,NENL,N,000000000095,"000000000459,1","0,00604","0000000000002,77","0000000000000,11","0000000000000,00","0000000000002,88",,"0000000000000,02","0000000000000,00","0000000000000,00",000000000000000,144
144,011,202603,202602,6CTB028I,00,NENL,R,000000000002,"000000000002,4","0,00422","0000000000000,01","0000000000000,00","0000000000000,00","0000000000000,01",,"0000000000000,00","0000000000000,00","0000000000000,00",000000000000000,144
144,011,202603,202602,6CTB031I,00,NENL,N,000000000016,"000000000044,4","0,00604","0000000000000,27","0000000000000,01","0000000000000,00","0000000000000,28",,"0000000000000,00","0000000000000,00","0000000000000,00",000000000000000,144
144,011,202603,202602,6CTB033I,00,NENL,N,000000000013,"000000000010,8","0,00604","0000000000000,07","0000000000000,00","0000000000000,00","0000000000000,07",,"0000000000000,00","0000000000000,00","0000000000000,00",000000000000000,144
144,011,202603,202602,6OIF024I,00,NENL,N,000000000010,"000000000080,7","0,00604","0000000000000,49","0000000000000,02","0000000000000,00","0000000000000,51",,"0000000000000,00","0000000000000,00","0000000000000,00",000000000000000,144
144,011,202603,202602,6OIF045I,00,NENL,N,000000000001,"000000000001,9","0,00604","0000000000000,01","0000000000000,00","0000000000000,00","0000000000000,01",,"0000000000000,00","0000000000000,00","0000000000000,00",000000000000000,144
144,011,202603,202602,6OIF069I,00,GE8L,N,000000000001,"000000000000,5","0,00604","0000000000000,00","0000000000000,00","0000000000000,00","0000000000000,00",,"0000000000000,00","0000000000000,00","0000000000000,00",000000000000000,144
144,011,202603,202602,6OIF086I,00,NENL,N,000000000003,"000000000003,8","0,00604","0000000000000,02","0000000000000,00","0000000000000,00","0000000000000,02",,"0000000000000,00","0000000000000,00","0000000000000,00",000000000000000,144
144,011,202603,202602,7012003I,00,NENL,N,000000000002,"000000000006,0","0,00604","0000000000000,04","0000000000000,00","0000000000000,00","0000000000000,04",,"0000000000000,00","0000000000000,00","0000000000000,00",000000000000000,144
144,011,202603,202602,7CTB003I,00,NENL,N,000000000046,"000000000266,8","0,00604","0000000000001,61","0000000000000,06","0000000000000,00","0000000000001,67",,"0000000000000,01","0000000000000,00","0000000000000,00",000000000000000,144
144,011,202603,202602,7CTB016I,00,NENL,N,000000000057,"000000000264,6","0,00604","0000000000001,60","0000000000000,06","0000000000000,00","0000000000001,66",,"0000000000000,01","0000000000000,00","0000000000000,00",000000000000000,144
144,011,202603,202602,7CTB016I,00,NENL,R,000000000001,"000000000000,5","0,00422","0000000000000,00","0000000000000,00","0000000000000,00","0000000000000,00",,"0000000000000,00","0000000000000,00","0000000000000,00",000000000000000,144
144,011,202603,202602,7CTB025I,00,NENL,N,000000000052,"000000000291,7","0,00604","0000000000001,76","0000000000000,07","0000000000000,00","0000000000001,83",,"0000000000000,02","0000000000000,00","0000000000000,00",000000000000000,144
144,011,202603,202602,7CTB025I,00,NENL,R,000000000016,"000000000042,0","0,00422","0000000000000,18","0000000000000,01","0000000000000,00","0000000000000,19",,"0000000000000,00","0000000000000,00","0000000000000,00",000000000000000,144
144,011,202603,202602,7CTB026I,00,NENL,N,000000000001,"000000000000,6","0,00604","0000000000000,00","0000000000000,00","0000000000000,00","0000000000000,00",,"0000000000000,00","0000000000000,00","0000000000000,00",000000000000000,144
144,011,202603,202602,7CTB028I,00,NENL,N,000000000098,"000000000491,5","0,00604","0000000000002,97","0000000000000,11","0000000000000,00","0000000000003,08",,"0000000000000,03","0000000000000,00","0000000000000,00",000000000000000,144
144,011,202603,202602,7CTB028I,00,NENL,R,000000000001,"000000000000,5","0,00422","0000000000000,00","0000000000000,00","0000000000000,00","0000000000000,00",,"0000000000000,00","0000000000000,00","0000000000000,00",000000000000000,144
144,011,202603,202602,7CTB031I,00,NENL,N,000000000016,"000000000039,8","0,00604","0000000000000,24","0000000000000,01","0000000000000,00","0000000000000,25",,"0000000000000,00","0000000000000,00","0000000000000,00",000000000000000,144
144,011,202603,202602,7OIF086I,00,NENL,N,000000000006,"000000000042,2","0,00604","0000000000000,25","0000000000000,01","0000000000000,00","0000000000000,26",,"0000000000000,00","0000000000000,00","0000000000000,00",000000000000000,144
144,011,202603,202602,8ALG003I,00,NENL,N,000000000018,"000000000097,5","0,00604","0000000000000,59","0000000000000,02","0000000000000,00","0000000000000,61",,"0000000000000,01","0000000000000,00","0000000000000,00",000000000000000,144
144,011,202603,202602,8ALG006I,00,NENL,N,000000000007,"000000000048,4","0,00604","0000000000000,29","0000000000000,01","0000000000000,00","0000000000000,30",,"0000000000000,00","0000000000000,00","0000000000000,00",000000000000000,144
144,011,202603,202602,8CTB0021,00,NENL,N,000000000140,"000000000648,3","0,00604","0000000000003,92","0000000000000,15","0000000000000,00","0000000000004,07",,"0000000000000,04","0000000000000,00","0000000000000,00",000000000000000,144
144,011,202603,202602,8CTB0021,00,NENL,R,000000000029,"000000000060,0","0,00422","0000000000000,25","0000000000000,01","0000000000000,00","0000000000000,26",,"0000000000000,00","0000000000000,00","0000000000000,00",000000000000000,144
144,011,202603,202602,8CTB003I,00,NENL,N,000000000048,"000000000160,3","0,00604","0000000000000,97","0000000000000,04","0000000000000,00","0000000000001,01",,"0000000000000,01","0000000000000,00","0000000000000,00",000000000000000,144
144,011,202603,202602,8CTB003I,00,NENL,R,000000000001,"000000000001,0","0,00422","0000000000000,00","0000000000000,00","0000000000000,00","0000000000000,00",,"0000000000000,00","0000000000000,00","0000000000000,00",000000000000000,144
144,011,202603,202602,8CTB006I,00,NENL,N,000000000006,"000000000033,5","0,00604","0000000000000,20","0000000000000,01","0000000000000,00","0000000000000,21",,"0000000000000,00","0000000000000,00","0000000000000,00",000000000000000,144
144,011,202603,202602,8CTB018I,00,NENL,N,000000000018,"000000000034,7","0,00604","0000000000000,21","0000000000000,01","0000000000000,00","0000000000000,22",,"0000000000000,00","0000000000000,00","0000000000000,00",000000000000000,144
144,011,202603,202602,8CTB018I,00,NENL,R,000000000001,"000000000003,0","0,00422","0000000000000,01","0000000000000,00","0000000000000,00","0000000000000,01",,"0000000000000,00","0000000000000,00","0000000000000,00",000000000000000,144
144,011,202603,202602,8CTB024I,00,NENL,N,000000000015,"000000000129,9","0,00604","0000000000000,78","0000000000000,03","0000000000000,00","0000000000000,81",,"0000000000000,01","0000000000000,00","0000000000000,00",000000000000000,144
144,011,202603,202602,8CTB027I,00,NENL,N,000000000009,"000000000092,0","0,00604","0000000000000,56","0000000000000,02","0000000000000,00","0000000000000,58",,"0000000000000,01","0000000000000,00","0000000000000,00",000000000000000,144
144,011,202603,202602,8CTB030I,00,NENL,N,000000000039,"000000000098,2","0,00604","0000000000000,59","0000000000000,02","0000000000000,00","0000000000000,61",,"0000000000000,01","0000000000000,00","0000000000000,00",000000000000000,144
144,011,202603,202602,8CTB030I,00,NENL,R,000000000004,"000000000011,2","0,00422","0000000000000,05","0000000000000,00","0000000000000,00","0000000000000,05",,"0000000000000,00","0000000000000,00","0000000000000,00",000000000000000,144
144,011,202603,202602,8CTB033I,00,NENL,N,000000000022,"000000000027,5","0,00604","0000000000000,17","0000000000000,01","0000000000000,00","0000000000000,18",,"0000000000000,00","0000000000000,00","0000000000000,00",000000000000000,144
144,011,202603,202602,8CTB033I,00,NENL,R,000000000002,"000000000001,5","0,00422","0000000000000,01","0000000000000,00","0000000000000,00","0000000000000,01",,"0000000000000,00","0000000000000,00","0000000000000,00",000000000000000,144
144,011,202603,202602,8OIF043I,00,NENL,N,000000000004,"000000000120,6","0,00604","0000000000000,73","0000000000000,03","0000000000000,00","0000000000000,76",,"0000000000000,01","0000000000000,00","0000000000000,00",000000000000000,144
144,011,202603,202602,8OIF046I,00,NENL,N,000000000002,"000000000039,6","0,00604","0000000000000,24","0000000000000,01","0000000000000,00","0000000000000,25",,"0000000000000,00","0000000000000,00","0000000000000,00",000000000000000,144
144,011,202603,202602,8OIF114I,00,NENL,N,000000000002,"000000000004,4","0,00604","0000000000000,03","0000000000000,00","0000000000000,00","0000000000000,03",,"0000000000000,00","0000000000000,00","0000000000000,00",000000000000000,144
144,011,202603,202602,8OIF127I,00,NENL,N,000000000004,"000000000004,9","0,00604","0000000000000,03","0000000000000,00","0000000000000,00","0000000000000,03",,"0000000000000,00","0000000000000,00","0000000000000,00",000000000000000,144
144,011,202603,202602,A021239,00,NENL,N,000000000043,"000000000271,6","0,00604","0000000000001,64","0000000000000,06","0000000000000,00","0000000000001,70",,"0000000000000,01","0000000000000,00","0000000000000,00",000000000000000,144
144,011,202603,202602,A021239,00,NENL,R,000000000001,"000000000000,5","0,00422","0000000000000,00","0000000000000,00","0000000000000,00","0000000000000,00",,"0000000000000,00","0000000000000,00","0000000000000,00",000000000000000,144
144,011,202603,202602,A030901,00,NENL,N,000000000061,"000000000266,2","0,00604","0000000000001,61","0000000000000,06","0000000000000,00","0000000000001,67",,"0000000000000,01","0000000000000,00","0000000000000,00",000000000000000,144
144,011,202603,202602,AP1TLF_N,00,NENL,N,000000000103,"000000000438,5","0,00604","0000000000002,65","0000000000000,10","0000000000000,00","0000000000002,75",,"0000000000000,02","0000000000000,00","0000000000000,00",000000000000000,144
144,011,202603,202602,AP1TLF_N,00,NENL,R,000000000021,"000000000065,4","0,00422","0000000000000,28","0000000000000,01","0000000000000,00","0000000000000,29",,"0000000000000,00","0000000000000,00","0000000000000,00",000000000000000,144
144,011,202603,202602,AP2TLF_N,00,NENL,N,000000000097,"000000000370,1","0,00604","0000000000002,24","0000000000000,08","0000000000000,00","0000000000002,32",,"0000000000000,02","0000000000000,00","0000000000000,00",000000000000000,144
144,011,202603,202602,AP2TLF_N,00,NENL,R,000000000029,"000000000096,4","0,00422","0000000000000,41","0000000000000,02","0000000000000,00","0000000000000,43",,"0000000000000,00","0000000000000,00","0000000000000,00",000000000000000,144
144,011,202603,202602,CO100812,00,NENL,N,000000000022,"000000000235,4","0,00604","0000000000001,42","0000000000000,05","0000000000000,00","0000000000001,47",,"0000000000000,01","0000000000000,00","0000000000000,00",000000000000000,144
144,011,202603,202602,CO100814,00,NENL,N,000000000045,"000000000306,7","0,00604","0000000000001,85","0000000000000,07","0000000000000,00","0000000000001,92",,"0000000000000,02","0000000000000,00","0000000000000,00",000000000000000,144
144,011,202603,202602,D017CTBC,00,NENL,N,000000000018,"000000000041,9","0,00604","0000000000000,25","0000000000000,01","0000000000000,00","0000000000000,26",,"0000000000000,00","0000000000000,00","0000000000000,00",000000000000000,144
144,011,202603,202602,E0403386,00,NENL,N,000000000006,"000000000009,7","0,00604","0000000000000,06","0000000000000,00","0000000000000,00","0000000000000,06",,"0000000000000,00","0000000000000,00","0000000000000,00",000000000000000,144
144,011,202603,202602,E0404084,00,NENL,N,000000000017,"000000000047,9","0,00604","0000000000000,29","0000000000000,01","0000000000000,00","0000000000000,30",,"0000000000000,00","0000000000000,00","0000000000000,00",000000000000000,144
144,011,202603,202602,IB100812,00,NENL,N,000000000040,"000000000243,2","0,00604","0000000000001,47","0000000000000,06","0000000000000,00","0000000000001,53",,"0000000000000,01","0000000000000,00","0000000000000,00",000000000000000,144
144,011,202603,202602,IB100814,00,NENL,N,000000000028,"000000000279,5","0,00604","0000000000001,69","0000000000000,06","0000000000000,00","0000000000001,75",,"0000000000000,02","0000000000000,00","0000000000000,00",000000000000000,144
144,011,202603,202602,MB301110,00,NENL,N,000000000364,"000000001310,5","0,00604","0000000000007,92","0000000000000,30","0000000000000,00","0000000000008,22",,"0000000000000,07","0000000000000,00","0000000000000,00",000000000000001,144
144,011,202603,202602,MB301110,00,NENL,R,000000000006,"000000000013,0","0,00422","0000000000000,05","0000000000000,00","0000000000000,00","0000000000000,05",,"0000000000000,00","0000000000000,00","0000000000000,00",000000000000000,144
144,011,202603,202602,MB301153,00,NENL,N,000000000041,"000000000168,8","0,00604","0000000000001,02","0000000000000,04","0000000000000,00","0000000000001,06",,"0000000000000,01","0000000000000,00","0000000000000,00",000000000000000,144
144,011,202603,202602,MB301153,00,NENL,R,000000000001,"000000000000,5","0,00422","0000000000000,00","0000000000000,00","0000000000000,00","0000000000000,00",,"0000000000000,00","0000000000000,00","0000000000000,00",000000000000000,144
144,011,202603,202602,O012105,00,NENL,N,000000000026,"000000000122,5","0,00604","0000000000000,74","0000000000000,03","0000000000000,00","0000000000000,77",,"0000000000000,01","0000000000000,00","0000000000000,00",000000000000000,144
144,011,202603,202602,O012105,00,NENL,R,000000000001,"000000000001,0","0,00422","0000000000000,00","0000000000000,00","0000000000000,00","0000000000000,00",,"0000000000000,00","0000000000000,00","0000000000000,00",000000000000000,144
144,011,202603,202602,PD6ICTBC,00,NENL,N,000000000011,"000000000030,8","0,00604","0000000000000,19","0000000000000,01","0000000000000,00","0000000000000,20",,"0000000000000,00","0000000000000,00","0000000000000,00",000000000000000,144
144,011,202603,202602,PD6ICTBC,00,NENL,R,000000000001,"000000000000,5","0,00422","0000000000000,00","0000000000000,00","0000000000000,00","0000000000000,00",,"0000000000000,00","0000000000000,00","0000000000000,00",000000000000000,144
144,011,202603,202602,PW019CTB,00,NENL,N,000000000543,"000000003273,9","0,00604","0000000000019,77","0000000000000,75","0000000000000,00","0000000000020,52",,"0000000000000,18","0000000000000,00","0000000000000,00",000000000000002,144
144,011,202603,202602,PW019CTB,00,NENL,R,000000000008,"000000000009,6","0,00422","0000000000000,04","0000000000000,00","0000000000000,00","0000000000000,04",,"0000000000000,00","0000000000000,00","0000000000000,00",000000000000000,144
144,011,202603,202602,PW029CTB,00,NENL,N,000000000328,"000000001861,0","0,00604","0000000000011,24","0000000000000,43","0000000000000,00","0000000000011,67",,"0000000000000,10","0000000000000,00","0000000000000,00",000000000000001,144
144,011,202603,202602,PW029CTB,00,NENL,R,000000000010,"000000000015,1","0,00422","0000000000000,06","0000000000000,00","0000000000000,00","0000000000000,06",,"0000000000000,00","0000000000000,00","0000000000000,00",000000000000000,144
144,011,202603,202602,Q020486,00,NENL,N,000000000030,"000000000132,2","0,00604","0000000000000,80","0000000000000,03","0000000000000,00","0000000000000,83",,"0000000000000,01","0000000000000,00","0000000000000,00",000000000000000,144
144,011,202603,202602,Q0703212,00,NENL,N,000000000019,"000000000069,0","0,00604","0000000000000,42","0000000000000,02","0000000000000,00","0000000000000,44",,"0000000000000,00","0000000000000,00","0000000000000,00",000000000000000,144
144,011,202603,202602,Q0703338,00,NENL,N,000000000024,"000000000147,7","0,00604","0000000000000,89","0000000000000,03","0000000000000,00","0000000000000,92",,"0000000000000,01","0000000000000,00","0000000000000,00",000000000000000,144
144,011,202603,202602,Q0703364,00,GE8L,N,000000000001,"000000000007,3","0,00604","0000000000000,04","0000000000000,00","0000000000000,00","0000000000000,04",,"0000000000000,00","0000000000000,00","0000000000000,00",000000000000000,144
144,011,202603,202602,Q0703412,00,NENL,N,000000000127,"000000000463,0","0,00604","0000000000002,80","0000000000000,11","0000000000000,00","0000000000002,91",,"0000000000000,03","0000000000000,00","0000000000000,00",000000000000000,144
144,011,202603,202602,Q0703412,00,NENL,R,000000000001,"000000000000,7","0,00422","0000000000000,00","0000000000000,00","0000000000000,00","0000000000000,00",,"0000000000000,00","0000000000000,00","0000000000000,00",000000000000000,144
144,011,202603,202602,Q0703558,00,NENL,N,000000000207,"000000000734,1","0,00604","0000000000004,43","0000000000000,17","0000000000000,00","0000000000004,60",,"0000000000000,04","0000000000000,00","0000000000000,00",000000000000000,144
144,011,202603,202602,Q0703558,00,NENL,R,000000000002,"000000000003,0","0,00422","0000000000000,01","0000000000000,00","0000000000000,00","0000000000000,01",,"0000000000000,00","0000000000000,00","0000000000000,00",000000000000000,144
144,011,202603,202602,RQ0112AQ,00,NENL,N,000000000124,"000000000549,0","0,00604","0000000000003,32","0000000000000,13","0000000000000,00","0000000000003,45",,"0000000000000,03","0000000000000,00","0000000000000,00",000000000000000,144
144,011,202603,202602,RQ0112AQ,00,NENL,R,000000000001,"000000000000,5","0,00422","0000000000000,00","0000000000000,00","0000000000000,00","0000000000000,00",,"0000000000000,00","0000000000000,00","0000000000000,00",000000000000000,144
144,011,202603,202602,RQ0412MM,00,NENL,N,000000000005,"000000000009,3","0,00604","0000000000000,06","0000000000000,00","0000000000000,00","0000000000000,06",,"0000000000000,00","0000000000000,00","0000000000000,00",000000000000000,144
144,011,202603,202602,RQ053FAC,00,NENL,N,000000001058,"000000005711,5","0,00604","0000000000034,50","0000000000001,31","0000000000000,00","0000000000035,81",,"0000000000000,31","0000000000000,00","0000000000000,00",000000000000003,144
144,011,202603,202602,RQ053FAC,00,NENL,R,000000000093,"000000000241,1","0,00422","0000000000001,02","0000000000000,04","0000000000000,00","0000000000001,06",,"0000000000000,01","0000000000000,00","0000000000000,00",000000000000000,144
144,011,202603,202602,RQ05CTBR,00,GE8L,N,000000000001,"000000000000,8","0,00604","0000000000000,00","0000000000000,00","0000000000000,00","0000000000000,00",,"0000000000000,00","0000000000000,00","0000000000000,00",000000000000000,144
144,011,202603,202602,RR0112SR,00,NENL,N,000000000050,"000000000150,8","0,00604","0000000000000,91","0000000000000,03","0000000000000,00","0000000000000,94",,"0000000000000,01","0000000000000,00","0000000000000,00",000000000000000,144
144,011,202603,202602,RR0112SR,00,NENL,R,000000000001,"000000000000,5","0,00422","0000000000000,00","0000000000000,00","0000000000000,00","0000000000000,00",,"0000000000000,00","0000000000000,00","0000000000000,00",000000000000000,144
144,011,202603,202602,RR0312SR,00,NENL,N,000000000048,"000000000164,7","0,00604","0000000000000,99","0000000000000,04","0000000000000,00","0000000000001,03",,"0000000000000,01","0000000000000,00","0000000000000,00",000000000000000,144
144,011,202603,202602,RU01BR12,00,NENL,N,000000000023,"000000000074,0","0,00604","0000000000000,45","0000000000000,02","0000000000000,00","0000000000000,47",,"0000000000000,00","0000000000000,00","0000000000000,00",000000000000000,144
144,011,202603,202602,S017105,00,NENL,N,000000000011,"000000000018,0","0,00604","0000000000000,11","0000000000000,00","0000000000000,00","0000000000000,11",,"0000000000000,00","0000000000000,00","0000000000000,00",000000000000000,144
144,011,202603,202602,S0703008,00,NENL,N,000000000138,"000000000510,2","0,00604","0000000000003,08","0000000000000,12","0000000000000,00","0000000000003,20",,"0000000000000,03","0000000000000,00","0000000000000,00",000000000000000,144
144,011,202603,202602,S0703008,00,NENL,R,000000000004,"000000000010,5","0,00422","0000000000000,04","0000000000000,00","0000000000000,00","0000000000000,04",,"0000000000000,00","0000000000000,00","0000000000000,00",000000000000000,144
144,011,202603,202602,S1001572,00,NENL,N,000000000370,"000000001421,4","0,00604","0000000000008,59","0000000000000,33","0000000000000,00","0000000000008,92",,"0000000000000,08","0000000000000,00","0000000000000,00",000000000000001,144
144,011,202603,202602,S1001572,00,NENL,R,000000000011,"000000000017,5","0,00422","0000000000000,07","0000000000000,00","0000000000000,00","0000000000000,07",,"0000000000000,00","0000000000000,00","0000000000000,00",000000000000000,144
144,011,202603,202602,S1001581,00,NENL,N,000000000030,"000000000183,5","0,00604","0000000000001,11","0000000000000,04","0000000000000,00","0000000000001,15",,"0000000000000,01","0000000000000,00","0000000000000,00",000000000000000,144
144,011,202603,202602,S1603366,00,NENL,N,000000000180,"000000000922,9","0,00604","0000000000005,57","0000000000000,21","0000000000000,00","0000000000005,78",,"0000000000000,05","0000000000000,00","0000000000000,00",000000000000001,144
144,011,202603,202602,S1603366,00,NENL,R,000000000024,"000000000060,9","0,00422","0000000000000,26","0000000000000,01","0000000000000,00","0000000000000,27",,"0000000000000,00","0000000000000,00","0000000000000,00",000000000000000,144
144,011,202603,202602,S1603369,00,NENL,N,000000000216,"000000001237,2","0,00604","0000000000007,47","0000000000000,28","0000000000000,00","0000000000007,75",,"0000000000000,07","0000000000000,00","0000000000000,00",000000000000001,144
144,011,202603,202602,S1603369,00,NENL,R,000000000028,"000000000061,1","0,00422","0000000000000,26","0000000000000,01","0000000000000,00","0000000000000,27",,"0000000000000,00","0000000000000,00","0000000000000,00",000000000000000,144
144,011,202603,202602,S1604102,00,NENL,N,000000000232,"000000001090,8","0,00604","0000000000006,59","0000000000000,25","0000000000000,00","0000000000006,84",,"0000000000000,06","0000000000000,00","0000000000000,00",000000000000001,144
144,011,202603,202602,TZ01CTIP,00,NENL,N,000000000002,"000000000003,7","0,00604","0000000000000,02","0000000000000,00","0000000000000,00","0000000000000,02",,"0000000000000,00","0000000000000,00","0000000000000,00",000000000000000,144
144,011,202603,202602,VM300572,00,NENL,N,000000000365,"000000001645,2","0,00604","0000000000009,94","0000000000000,38","0000000000000,00","0000000000010,32",,"0000000000000,09","0000000000000,00","0000000000000,00",000000000000001,144
144,011,202603,202602,VM300572,00,NENL,R,000000000004,"000000000010,4","0,00422","0000000000000,04","0000000000000,00","0000000000000,00","0000000000000,04",,"0000000000000,00","0000000000000,00","0000000000000,00",000000000000000,144
144,011,202603,202602,VM300581,00,NENL,N,000000000042,"000000000201,3","0,00604","0000000000001,22","0000000000000,05","0000000000000,00","0000000000001,27",,"0000000000000,01","0000000000000,00","0000000000000,00",000000000000000,144
144,011,202603,202602,VM300581,00,NENL,R,000000000002,"000000000001,0","0,00422","0000000000000,00","0000000000000,00","0000000000000,00","0000000000000,00",,"0000000000000,00","0000000000000,00","0000000000000,00",000000000000000,144
145,011,202603,202602,1ALG006I,00,NENL,N,000000000001,"000000000001,9","0,00604","0000000000000,01","0000000000000,00","0000000000000,00","0000000000000,01",,"0000000000000,00","0000000000000,00","0000000000000,00",000000000000000,145
145,011,202603,202602,3ALG001I,00,NENL,N,000000000001,"000000000001,4","0,00604","0000000000000,01","0000000000000,00","0000000000000,00","0000000000000,01",,"0000000000000,00","0000000000000,00","0000000000000,00",000000000000000,145
145,011,202603,202602,3CTB003I,00,NENL,N,000000000003,"000000000001,5","0,00604","0000000000000,01","0000000000000,00","0000000000000,00","0000000000000,01",,"0000000000000,00","0000000000000,00","0000000000000,00",000000000000000,145
145,011,202603,202602,3CTB012I,00,NENL,N,000000000002,"000000000015,0","0,00604","0000000000000,09","0000000000000,00","0000000000000,00","0000000000000,09",,"0000000000000,00","0000000000000,00","0000000000000,00",000000000000000,145
145,011,202603,202602,3CTB021I,00,NENL,N,000000000001,"000000000001,4","0,00604","0000000000000,01","0000000000000,00","0000000000000,00","0000000000000,01",,"0000000000000,00","0000000000000,00","0000000000000,00",000000000000000,145
145,011,202603,202602,6CTB003I,00,NENL,N,000000000001,"000000000004,2","0,00604","0000000000000,03","0000000000000,00","0000000000000,00","0000000000000,03",,"0000000000000,00","0000000000000,00","0000000000000,00",000000000000000,145
145,011,202603,202602,6CTB009I,00,NENL,N,000000000001,"000000000000,5","0,00604","0000000000000,00","0000000000000,00","0000000000000,00","0000000000000,00",,"0000000000000,00","0000000000000,00","0000000000000,00",000000000000000,145
145,011,202603,202602,6CTB016I,00,NENL,N,000000000004,"000000000008,5","0,00604","0000000000000,05","0000000000000,00","0000000000000,00","0000000000000,05",,"0000000000000,00","0000000000000,00","0000000000000,00",000000000000000,145
145,011,202603,202602,6CTB025I,00,NENL,N,000000000002,"000000000005,4","0,00604","0000000000000,03","0000000000000,00","0000000000000,00","0000000000000,03",,"0000000000000,00","0000000000000,00","0000000000000,00",000000000000000,145
145,011,202603,202602,6CTB028I,00,NENL,N,000000000004,"000000000016,2","0,00604","0000000000000,10","0000000000000,00","0000000000000,00","0000000000000,10",,"0000000000000,00","0000000000000,00","0000000000000,00",000000000000000,145
145,011,202603,202602,6CTB031I,00,NENL,N,000000000001,"000000000004,8","0,00604","0000000000000,03","0000000000000,00","0000000000000,00","0000000000000,03",,"0000000000000,00","0000000000000,00","0000000000000,00",000000000000000,145
145,011,202603,202602,6OIF009I,00,NENL,N,000000000002,"000000000001,7","0,00604","0000000000000,01","0000000000000,00","0000000000000,00","0000000000000,01",,"0000000000000,00","0000000000000,00","0000000000000,00",000000000000000,145
145,011,202603,202602,6OIF041I,00,NENL,N,000000000002,"000000000005,2","0,00604","0000000000000,03","0000000000000,00","0000000000000,00","0000000000000,03",,"0000000000000,00","0000000000000,00","0000000000000,00",000000000000000,145
145,011,202603,202602,7CTB003I,00,NENL,N,000000000002,"000000000002,5","0,00604","0000000000000,02","0000000000000,00","0000000000000,00","0000000000000,02",,"0000000000000,00","0000000000000,00","0000000000000,00",000000000000000,145
145,011,202603,202602,7CTB016I,00,NENL,N,000000000004,"000000000007,1","0,00604","0000000000000,04","0000000000000,00","0000000000000,00","0000000000000,04",,"0000000000000,00","0000000000000,00","0000000000000,00",000000000000000,145
145,011,202603,202602,7CTB028I,00,NENL,N,000000000003,"000000000010,6","0,00604","0000000000000,06","0000000000000,00","0000000000000,00","0000000000000,06",,"0000000000000,00","0000000000000,00","0000000000000,00",000000000000000,145
145,011,202603,202602,8CTB0021,00,NENL,N,000000000004,"000000000011,3","0,00604","0000000000000,07","0000000000000,00","0000000000000,00","0000000000000,07",,"0000000000000,00","0000000000000,00","0000000000000,00",000000000000000,145
145,011,202603,202602,8CTB003I,00,NENL,N,000000000005,"000000000011,3","0,00604","0000000000000,07","0000000000000,00","0000000000000,00","0000000000000,07",,"0000000000000,00","0000000000000,00","0000000000000,00",000000000000000,145
145,011,202603,202602,8CTB006I,00,NENL,N,000000000001,"000000000003,9","0,00604","0000000000000,02","0000000000000,00","0000000000000,00","0000000000000,02",,"0000000000000,00","0000000000000,00","0000000000000,00",000000000000000,145
145,011,202603,202602,8CTB024I,00,NENL,N,000000000002,"000000000006,0","0,00604","0000000000000,04","0000000000000,00","0000000000000,00","0000000000000,04",,"0000000000000,00","0000000000000,00","0000000000000,00",000000000000000,145
145,011,202603,202602,A021239,00,NENL,N,000000000001,"000000000001,6","0,00604","0000000000000,01","0000000000000,00","0000000000000,00","0000000000000,01",,"0000000000000,00","0000000000000,00","0000000000000,00",000000000000000,145
145,011,202603,202602,A030901,00,NENL,N,000000000001,"000000000000,5","0,00604","0000000000000,00","0000000000000,00","0000000000000,00","0000000000000,00",,"0000000000000,00","0000000000000,00","0000000000000,00",000000000000000,145
145,011,202603,202602,AP1TLF_N,00,NENL,N,000000000006,"000000000009,2","0,00604","0000000000000,06","0000000000000,00","0000000000000,00","0000000000000,06",,"0000000000000,00","0000000000000,00","0000000000000,00",000000000000000,145
145,011,202603,202602,AP2TLF_N,00,NENL,N,000000000004,"000000000015,3","0,00604","0000000000000,09","0000000000000,00","0000000000000,00","0000000000000,09",,"0000000000000,00","0000000000000,00","0000000000000,00",000000000000000,145
145,011,202603,202602,IB100812,00,NENL,N,000000000001,"000000000001,4","0,00604","0000000000000,01","0000000000000,00","0000000000000,00","0000000000000,01",,"0000000000000,00","0000000000000,00","0000000000000,00",000000000000000,145
145,011,202603,202602,MB301110,00,NENL,N,000000000004,"000000000011,5","0,00604","0000000000000,07","0000000000000,00","0000000000000,00","0000000000000,07",,"0000000000000,00","0000000000000,00","0000000000000,00",000000000000000,145
145,011,202603,202602,O012105,00,NENL,N,000000000002,"000000000005,4","0,00604","0000000000000,03","0000000000000,00","0000000000000,00","0000000000000,03",,"0000000000000,00","0000000000000,00","0000000000000,00",000000000000000,145
145,011,202603,202602,PW019CTB,00,NENL,N,000000000012,"000000000027,9","0,00604","0000000000000,17","0000000000000,01","0000000000000,00","0000000000000,18",,"0000000000000,00","0000000000000,00","0000000000000,00",000000000000000,145
145,011,202603,202602,PW029CTB,00,NENL,N,000000000009,"000000000007,0","0,00604","0000000000000,04","0000000000000,00","0000000000000,00","0000000000000,04",,"0000000000000,00","0000000000000,00","0000000000000,00",000000000000000,145
145,011,202603,202602,RQ0112AQ,00,NENL,N,000000000001,"000000000001,5","0,00604","0000000000000,01","0000000000000,00","0000000000000,00","0000000000000,01",,"0000000000000,00","0000000000000,00","0000000000000,00",000000000000000,145
145,011,202603,202602,RQ053FAC,00,NENL,N,000000000035,"000000000076,2","0,00604","0000000000000,46","0000000000000,02","0000000000000,00","0000000000000,48",,"0000000000000,00","0000000000000,00","0000000000000,00",000000000000000,145
145,011,202603,202602,RR0112SR,00,NENL,N,000000000003,"000000000006,7","0,00604","0000000000000,04","0000000000000,00","0000000000000,00","0000000000000,04",,"0000000000000,00","0000000000000,00","0000000000000,00",000000000000000,145
145,011,202603,202602,S0703008,00,NENL,N,000000000008,"000000000016,0","0,00604","0000000000000,10","0000000000000,00","0000000000000,00","0000000000000,10",,"0000000000000,00","0000000000000,00","0000000000000,00",000000000000000,145
145,011,202603,202602,S1001572,00,NENL,N,000000000001,"000000000003,8","0,00604","0000000000000,02","0000000000000,00","0000000000000,00","0000000000000,02",,"0000000000000,00","0000000000000,00","0000000000000,00",000000000000000,145
145,011,202603,202602,S1603366,00,NENL,N,000000000007,"000000000012,2","0,00604","0000000000000,07","0000000000000,00","0000000000000,00","0000000000000,07",,"0000000000000,00","0000000000000,00","0000000000000,00",000000000000000,145
145,011,202603,202602,S1603369,00,NENL,N,000000000003,"000000000005,7","0,00604","0000000000000,03","0000000000000,00","0000000000000,00","0000000000000,03",,"0000000000000,00","0000000000000,00","0000000000000,00",000000000000000,145
145,011,202603,202602,S1604102,00,NENL,N,000000000002,"000000000001,9","0,00604","0000000000000,01","0000000000000,00","0000000000000,00","0000000000000,01",,"0000000000000,00","0000000000000,00","0000000000000,00",000000000000000,145
145,011,202603,202602,VM300581,00,NENL,N,000000000002,"000000000005,2","0,00604","0000000000000,03","0000000000000,00","0000000000000,00","0000000000000,03",,"0000000000000,00","0000000000000,00","0000000000000,00",000000000000000,145
363,011,202603,202602,6FLE001I,00,GE8L,N,000000000002,"000000000011,9","0,00604","0000000000000,07","0000000000000,00","0000000000000,00","0000000000000,07",,"0000000000000,00","0000000000000,00","0000000000000,00",000000000000000,363
363,011,202603,202602,7FLE001I,00,GE8L,N,000000000001,"000000000020,1","0,00604","0000000000000,12","0000000000000,00","0000000000000,00","0000000000000,12",,"0000000000000,00","0000000000000,00","0000000000000,00",000000000000000,363
025,011,202603,202603,3PA_FALK,00,GE8L,N,000000000001,"000000000003,8","0,00631","0000000000000,02","0000000000000,00","0000000000000,00","0000000000000,02",,"0000000000000,00","0000000000000,00","0000000000000,00",000000000000000,025
025,011,202603,202603,3PA_FALK,00,GE8L,N,000000000003,"000000000031,7","0,00631","0000000000000,20","0000000000000,01","0000000000000,00","0000000000000,21",,"0000000000000,00","0000000000000,00","0000000000000,00",000000000000000,025
025,011,202603,202603,6CTB034I,00,NENL,N,000000000002,"000000000001,0","0,00631","0000000000000,01","0000000000000,00","0000000000000,00","0000000000000,01",,"0000000000000,00","0000000000000,00","0000000000000,00",000000000000000,025
025,011,202603,202603,6OIF069I,00,GE8L,N,000000000007,"000000000040,9","0,00631","0000000000000,26","0000000000000,01","0000000000000,00","0000000000000,27",,"0000000000000,00","0000000000000,00","0000000000000,00",000000000000000,025
025,011,202603,202603,AM10002,00,GE8L,N,000000000001,"000000000000,7","0,00631","0000000000000,00","0000000000000,00","0000000000000,00","0000000000000,00",,"0000000000000,00","0000000000000,00","0000000000000,00",000000000000000,025
025,011,202603,202603,CO100812,00,NENL,N,000000028086,"000000014524,8","0,00631","0000000000091,65","0000000000003,47","0000000000000,00","0000000000095,12",,"0000000000000,82","0000000000000,00","0000000000000,00",000000000000009,025
025,011,202603,202603,CO100812,00,NENL,R,000000000107,"000000000053,6","0,00441","0000000000000,24","0000000000000,01","0000000000000,00","0000000000000,25",,"0000000000000,00","0000000000000,00","0000000000000,00",000000000000000,025
025,011,202603,202603,CO100814,00,NENL,N,000000037517,"000000019482,1","0,00631","0000000000122,93","0000000000004,66","0000000000000,00","0000000000127,59",,"0000000000001,11","0000000000000,00","0000000000000,00",000000000000012,025
025,011,202603,202603,CO100814,00,NENL,R,000000000079,"000000000040,6","0,00441","0000000000000,18","0000000000000,01","0000000000000,00","0000000000000,19",,"0000000000000,00","0000000000000,00","0000000000000,00",000000000000000,025
025,011,202603,202603,E0403385,00,GE8L,N,000000000061,"000000000290,4","0,00631","0000000000001,83","0000000000000,07","0000000000000,00","0000000000001,90",,"0000000000000,02","0000000000000,00","0000000000000,00",000000000000000,025
025,011,202603,202603,E0403385,00,GE8L,R,000000000008,"000000000017,4","0,00441","0000000000000,08","0000000000000,00","0000000000000,00","0000000000000,08",,"0000000000000,00","0000000000000,00","0000000000000,00",000000000000000,025
025,011,202603,202603,E0403385,00,NENL,N,000000000001,"000000000005,1","0,00631","0000000000000,03","0000000000000,00","0000000000000,00","0000000000000,03",,"0000000000000,00","0000000000000,00","0000000000000,00",000000000000000,025
025,011,202603,202603,E0403385,00,NSNL,N,000000000010,"000000000037,3","0,00631","0000000000000,24","0000000000000,01","0000000000000,00","0000000000000,25",,"0000000000000,00","0000000000000,00","0000000000000,00",000000000000000,025
025,011,202603,202603,IB100812,00,NENL,N,000000025894,"000000013388,8","0,00631","0000000000084,48","0000000000003,20","0000000000000,00","0000000000087,68",,"0000000000000,76","0000000000000,00","0000000000000,00",000000000000008,025
025,011,202603,202603,IB100812,00,NENL,R,000000000081,"000000000041,1","0,00441","0000000000000,18","0000000000000,01","0000000000000,00","0000000000000,19",,"0000000000000,00","0000000000000,00","0000000000000,00",000000000000000,025
025,011,202603,202603,IB100814,00,NENL,N,000000032921,"000000017110,3","0,00631","0000000000107,97","0000000000004,09","0000000000000,00","0000000000112,06",,"0000000000000,97","0000000000000,00","0000000000000,00",000000000000011,025
025,011,202603,202603,IB100814,00,NENL,R,000000000056,"000000000029,5","0,00441","0000000000000,13","0000000000000,00","0000000000000,00","0000000000000,13",,"0000000000000,00","0000000000000,00","0000000000000,00",000000000000000,025
025,011,202603,202603,JG6TLF_S,00,GE8L,N,000000000004,"000000000020,9","0,00631","0000000000000,13","0000000000000,00","0000000000000,00","0000000000000,13",,"0000000000000,00","0000000000000,00","0000000000000,00",000000000000000,025
025,011,202603,202603,MB301110,00,GE8L,N,000000000001,"000000000009,5","0,00631","0000000000000,06","0000000000000,00","0000000000000,00","0000000000000,06",,"0000000000000,00","0000000000000,00","0000000000000,00",000000000000000,025
025,011,202603,202603,O051030,00,NSNL,N,000000000005,"000000000006,8","0,00631","0000000000000,04","0000000000000,00","0000000000000,00","0000000000000,04",,"0000000000000,00","0000000000000,00","0000000000000,00",000000000000000,025
025,011,202603,202603,O070987,00,NSNL,N,000000000023,"000000000028,0","0,00631","0000000000000,18","0000000000000,01","0000000000000,00","0000000000000,19",,"0000000000000,00","0000000000000,00","0000000000000,00",000000000000000,025
025,011,202603,202603,O101030,00,NSNL,N,000000000008,"000000000044,4","0,00631","0000000000000,28","0000000000000,01","0000000000000,00","0000000000000,29",,"0000000000000,00","0000000000000,00","0000000000000,00",000000000000000,025
025,011,202603,202603,Q020455,00,GE8L,N,000000000012,"000000000060,1","0,00631","0000000000000,38","0000000000000,01","0000000000000,00","0000000000000,39",,"0000000000000,00","0000000000000,00","0000000000000,00",000000000000000,025
025,011,202603,202603,Q020486,00,NSNL,N,000000000031,"000000000065,6","0,00631","0000000000000,41","0000000000000,02","0000000000000,00","0000000000000,43",,"0000000000000,00","0000000000000,00","0000000000000,00",000000000000000,025
025,011,202603,202603,Q020487,00,NSNL,N,000000000009,"000000000016,3","0,00631","0000000000000,10","0000000000000,00","0000000000000,00","0000000000000,10",,"0000000000000,00","0000000000000,00","0000000000000,00",000000000000000,025
025,011,202603,202603,Q020487,00,NSNL,R,000000000001,"000000000001,0","0,00441","0000000000000,00","0000000000000,00","0000000000000,00","0000000000000,00",,"0000000000000,00","0000000000000,00","0000000000000,00",000000000000000,025
025,011,202603,202603,Q020488,00,GE8L,N,000000000004,"000000000020,9","0,00631","0000000000000,13","0000000000000,00","0000000000000,00","0000000000000,13",,"0000000000000,00","0000000000000,00","0000000000000,00",000000000000000,025
025,011,202603,202603,Q020488,00,NSNL,N,000000000008,"000000000018,0","0,00631","0000000000000,11","0000000000000,00","0000000000000,00","0000000000000,11",,"0000000000000,00","0000000000000,00","0000000000000,00",000000000000000,025
025,011,202603,202603,Q020502,00,NSNL,N,000000000003,"000000000002,1","0,00631","0000000000000,01","0000000000000,00","0000000000000,00","0000000000000,01",,"0000000000000,00","0000000000000,00","0000000000000,00",000000000000000,025
025,011,202603,202603,Q0703337,00,GE8L,N,000000000005,"000000000108,1","0,00631","0000000000000,68","0000000000000,03","0000000000000,00","0000000000000,71",,"0000000000000,01","0000000000000,00","0000000000000,00",000000000000000,025
025,011,202603,202603,Q0703337,00,NSNL,N,000000005837,"000000021929,1","0,00631","0000000000138,37","0000000000005,24","0000000000000,00","0000000000143,61",,"0000000000001,25","0000000000000,00","0000000000000,00",000000000000014,025
025,011,202603,202603,Q0703337,00,NSNL,R,000000000260,"000000001124,9","0,00441","0000000000004,96","0000000000000,19","0000000000000,00","0000000000005,15",,"0000000000000,04","0000000000000,00","0000000000000,00",000000000000000,025
025,011,202603,202603,Q0703364,00,NSNL,N,000000002578,"000000005763,3","0,00631","0000000000036,37","0000000000001,38","0000000000000,00","0000000000037,75",,"0000000000000,33","0000000000000,00","0000000000000,00",000000000000004,025
025,011,202603,202603,Q0703364,00,NSNL,R,000000000145,"000000000956,5","0,00441","0000000000004,22","0000000000000,16","0000000000000,00","0000000000004,38",,"0000000000000,04","0000000000000,00","0000000000000,00",000000000000000,025
025,011,202603,202603,Q0703411,00,NSNL,N,000000001702,"000000004073,2","0,00631","0000000000025,70","0000000000000,97","0000000000000,00","0000000000026,67",,"0000000000000,23","0000000000000,00","0000000000000,00",000000000000003,025
025,011,202603,202603,Q0703411,00,NSNL,R,000000000127,"000000000612,0","0,00441","0000000000002,70","0000000000000,10","0000000000000,00","0000000000002,80",,"0000000000000,02","0000000000000,00","0000000000000,00",000000000000000,025
025,011,202603,202603,Q0703496,00,NSNL,N,000000000005,"000000000008,2","0,00631","0000000000000,05","0000000000000,00","0000000000000,00","0000000000000,05",,"0000000000000,00","0000000000000,00","0000000000000,00",000000000000000,025
025,011,202603,202603,Q0703498,00,NSNL,N,000000000002,"000000000005,8","0,00631","0000000000000,04","0000000000000,00","0000000000000,00","0000000000000,04",,"0000000000000,00","0000000000000,00","0000000000000,00",000000000000000,025
025,011,202603,202603,Q0703557,00,NEAL,N,000000000001,"000000000001,2","0,00631","0000000000000,01","0000000000000,00","0000000000000,00","0000000000000,01",,"0000000000000,00","0000000000000,00","0000000000000,00",000000000000000,025
025,011,202603,202603,Q0703557,00,NEAL,R,000000000001,"000000000006,8","0,00441","0000000000000,03","0000000000000,00","0000000000000,00","0000000000000,03",,"0000000000000,00","0000000000000,00","0000000000000,00",000000000000000,025
025,011,202603,202603,RQ053CTD,00,GE8L,N,000000000012,"000000000035,8","0,00631","0000000000000,23","0000000000000,01","0000000000000,00","0000000000000,24",,"0000000000000,00","0000000000000,00","0000000000000,00",000000000000000,025
025,011,202603,202603,RQ053FAC,00,NSNL,N,000000000960,"000000000800,9","0,00631","0000000000005,05","0000000000000,19","0000000000000,00","0000000000005,24",,"0000000000000,05","0000000000000,00","0000000000000,00",000000000000001,025
025,011,202603,202603,RQ053FAC,00,NSNL,R,000000000006,"000000000015,6","0,00441","0000000000000,07","0000000000000,00","0000000000000,00","0000000000000,07",,"0000000000000,00","0000000000000,00","0000000000000,00",000000000000000,025
025,011,202603,202603,RQ055FAC,00,NSNL,N,000000001517,"000000001681,8","0,00631","0000000000010,61","0000000000000,40","0000000000000,00","0000000000011,01",,"0000000000000,10","0000000000000,00","0000000000000,00",000000000000001,025
025,011,202603,202603,RQ055FAC,00,NSNL,R,000000000006,"000000000008,2","0,00441","0000000000000,04","0000000000000,00","0000000000000,00","0000000000000,04",,"0000000000000,00","0000000000000,00","0000000000000,00",000000000000000,025
025,011,202603,202603,RQ056FAC,00,NSNL,N,000000001475,"000000001583,9","0,00631","0000000000009,99","0000000000000,38","0000000000000,00","0000000000010,37",,"0000000000000,09","0000000000000,00","0000000000000,00",000000000000001,025
025,011,202603,202603,RQ056FAC,00,NSNL,R,000000000006,"000000000018,7","0,00441","0000000000000,08","0000000000000,00","0000000000000,00","0000000000000,08",,"0000000000000,00","0000000000000,00","0000000000000,00",000000000000000,025
025,011,202603,202603,RQ05CTBR,00,NSNL,N,000000000002,"000000000003,2","0,00631","0000000000000,02","0000000000000,00","0000000000000,00","0000000000000,02",,"0000000000000,00","0000000000000,00","0000000000000,00",000000000000000,025
025,011,202603,202603,TZ01CTIP,00,NSNL,N,000000000003,"000000000006,7","0,00631","0000000000000,04","0000000000000,00","0000000000000,00","0000000000000,04",,"0000000000000,00","0000000000000,00","0000000000000,00",000000000000000,025
025,011,202603,202603,U1400245,00,GE8L,N,000000000047,"000000000448,1","0,00631","0000000000002,83","0000000000000,11","0000000000000,00","0000000000002,94",,"0000000000000,03","0000000000000,00","0000000000000,00",000000000000000,025
025,011,202603,202603,U1400245,00,GE8L,R,000000000002,"000000000001,1","0,00441","0000000000000,00","0000000000000,00","0000000000000,00","0000000000000,00",,"0000000000000,00","0000000000000,00","0000000000000,00",000000000000000,025
025,011,202603,202603,U1400245,00,NENL,N,000000000001,"000000000000,5","0,00631","0000000000000,00","0000000000000,00","0000000000000,00","0000000000000,00",,"0000000000000,00","0000000000000,00","0000000000000,00",000000000000000,025
025,916,202603,202603,30003IP4,00,GE8L,N,000000000001,"000000000012,0","0,00631","0000000000000,08","0000000000000,00","0000000000000,00","0000000000000,08",,"0000000000000,00","0000000000000,00","0000000000000,00",000000000000000,025
025,916,202603,202603,3PA_FALK,00,GE8L,N,000000000001,"000000000006,0","0,00631","0000000000000,04","0000000000000,00","0000000000000,00","0000000000000,04",,"0000000000000,00","0000000000000,00","0000000000000,00",000000000000000,025
025,916,202603,202603,6CTB033I,00,GE3L,N,000000000007,"000000000015,0","0,00631","0000000000000,09","0000000000000,00","0000000000000,00","0000000000000,09",,"0000000000000,00","0000000000000,00","0000000000000,00",000000000000000,025
025,916,202603,202603,6CTB033I,00,GE3L,R,000000000001,"000000000001,3","0,00441","0000000000000,01","0000000000000,00","0000000000000,00","0000000000000,01",,"0000000000000,00","0000000000000,00","0000000000000,00",000000000000000,025
025,916,202603,202603,6CTB033I,00,GE8L,N,000000000171,"000000001055,0","0,00631","0000000000006,66","0000000000000,25","0000000000000,00","0000000000006,91",,"0000000000000,06","0000000000000,00","0000000000000,00",000000000000001,025
025,916,202603,202603,6CTB033I,00,GE8L,R,000000000011,"000000000080,7","0,00441","0000000000000,36","0000000000000,01","0000000000000,00","0000000000000,37",,"0000000000000,00","0000000000000,00","0000000000000,00",000000000000000,025
025,916,202603,202603,6CTB033I,00,NENL,N,000000000008,"000000000014,1","0,00631","0000000000000,09","0000000000000,00","0000000000000,00","0000000000000,09",,"0000000000000,00","0000000000000,00","0000000000000,00",000000000000000,025
025,916,202603,202603,6CTB033I,00,NENL,R,000000000002,"000000000002,9","0,00441","0000000000000,01","0000000000000,00","0000000000000,00","0000000000000,01",,"0000000000000,00","0000000000000,00","0000000000000,00",000000000000000,025
025,916,202603,202603,6OIF069I,00,GE8L,N,000000000010,"000000000081,0","0,00631","0000000000000,51","0000000000000,02","0000000000000,00","0000000000000,53",,"0000000000000,00","0000000000000,00","0000000000000,00",000000000000000,025
025,916,202603,202603,7CTB033I,00,GE3L,N,000000000008,"000000000052,9","0,00631","0000000000000,33","0000000000000,01","0000000000000,00","0000000000000,34",,"0000000000000,00","0000000000000,00","0000000000000,00",000000000000000,025
025,916,202603,202603,7CTB033I,00,GE3L,R,000000000001,"000000000001,3","0,00441","0000000000000,01","0000000000000,00","0000000000000,00","0000000000000,01",,"0000000000000,00","0000000000000,00","0000000000000,00",000000000000000,025
025,916,202603,202603,7CTB033I,00,GE8L,N,000000000200,"000000001065,5","0,00631","0000000000006,72","0000000000000,25","0000000000000,00","0000000000006,97",,"0000000000000,06","0000000000000,00","0000000000000,00",000000000000001,025
025,916,202603,202603,7CTB033I,00,GE8L,R,000000000010,"000000000030,4","0,00441","0000000000000,13","0000000000000,01","0000000000000,00","0000000000000,14",,"0000000000000,00","0000000000000,00","0000000000000,00",000000000000000,025
025,916,202603,202603,7CTB033I,00,NENL,N,000000000010,"000000000015,6","0,00631","0000000000000,10","0000000000000,00","0000000000000,00","0000000000000,10",,"0000000000000,00","0000000000000,00","0000000000000,00",000000000000000,025
025,916,202603,202603,7CTB033I,00,NENL,R,000000000004,"000000000013,4","0,00441","0000000000000,06","0000000000000,00","0000000000000,00","0000000000000,06",,"0000000000000,00","0000000000000,00","0000000000000,00",000000000000000,025
025,916,202603,202603,7OIF069I,00,GE8L,N,000000000008,"000000000063,0","0,00631","0000000000000,40","0000000000000,02","0000000000000,00","0000000000000,42",,"0000000000000,00","0000000000000,00","0000000000000,00",000000000000000,025
025,916,202603,202603,JG6TLF_S,00,GE8L,N,000000000006,"000000000053,3","0,00631","0000000000000,34","0000000000000,01","0000000000000,00","0000000000000,35",,"0000000000000,00","0000000000000,00","0000000000000,00",000000000000000,025
025,916,202603,202603,MB301110,00,GE8L,N,000000000006,"000000000016,5","0,00631","0000000000000,10","0000000000000,00","0000000000000,00","0000000000000,10",,"0000000000000,00","0000000000000,00","0000000000000,00",000000000000000,025
025,916,202603,202603,MB303979,00,GE8L,N,000000000001,"000000000000,6","0,00631","0000000000000,00","0000000000000,00","0000000000000,00","0000000000000,00",,"0000000000000,00","0000000000000,00","0000000000000,00",000000000000000,025
025,916,202603,202603,PW018FKL,00,GE8L,N,000000000001,"000000000004,7","0,00631","0000000000000,03","0000000000000,00","0000000000000,00","0000000000000,03",,"0000000000000,00","0000000000000,00","0000000000000,00",000000000000000,025
025,916,202603,202603,PW028FKL,00,GE8L,N,000000000001,"000000000004,0","0,00631","0000000000000,03","0000000000000,00","0000000000000,00","0000000000000,03",,"0000000000000,00","0000000000000,00","0000000000000,00",000000000000000,025
025,916,202603,202603,Q020486,00,GE3L,N,000000000024,"000000000116,3","0,00631","0000000000000,73","0000000000000,03","0000000000000,00","0000000000000,76",,"0000000000000,01","0000000000000,00","0000000000000,00",000000000000000,025
025,916,202603,202603,Q020486,00,GE3L,R,000000000001,"000000000006,0","0,00441","0000000000000,03","0000000000000,00","0000000000000,00","0000000000000,03",,"0000000000000,00","0000000000000,00","0000000000000,00",000000000000000,025
025,916,202603,202603,Q020486,00,GE8L,N,000000003313,"000000022400,4","0,00631","0000000000141,35","0000000000005,35","0000000000000,00","0000000000146,70",,"0000000000001,27","0000000000000,00","0000000000000,00",000000000000014,025
025,916,202603,202603,Q020486,00,GE8L,R,000000000174,"000000000497,7","0,00441","0000000000002,19","0000000000000,08","0000000000000,00","0000000000002,27",,"0000000000000,02","0000000000000,00","0000000000000,00",000000000000000,025
025,916,202603,202603,Q020486,00,ISNL,N,000000000002,"000000000001,0","0,00631","0000000000000,01","0000000000000,00","0000000000000,00","0000000000000,01",,"0000000000000,00","0000000000000,00","0000000000000,00",000000000000000,025
025,916,202603,202603,Q020486,00,NENL,N,000000000136,"000000000339,8","0,00631","0000000000002,14","0000000000000,08","0000000000000,00","0000000000002,22",,"0000000000000,02","0000000000000,00","0000000000000,00",000000000000000,025
025,916,202603,202603,Q020486,00,NENL,R,000000000011,"000000000026,0","0,00441","0000000000000,11","0000000000000,00","0000000000000,00","0000000000000,11",,"0000000000000,00","0000000000000,00","0000000000000,00",000000000000000,025
025,916,202603,202603,Q020486,00,NSNL,N,000000000013,"000000000020,1","0,00631","0000000000000,13","0000000000000,00","0000000000000,00","0000000000000,13",,"0000000000000,00","0000000000000,00","0000000000000,00",000000000000000,025
025,916,202603,202603,Q020487,00,GE3L,N,000000000008,"000000000034,0","0,00631","0000000000000,21","0000000000000,01","0000000000000,00","0000000000000,22",,"0000000000000,00","0000000000000,00","0000000000000,00",000000000000000,025
025,916,202603,202603,Q020487,00,GE8L,N,000000000579,"000000004178,8","0,00631","0000000000026,37","0000000000001,00","0000000000000,00","0000000000027,37",,"0000000000000,24","0000000000000,00","0000000000000,00",000000000000003,025
025,916,202603,202603,Q020487,00,GE8L,R,000000000020,"000000000082,1","0,00441","0000000000000,36","0000000000000,01","0000000000000,00","0000000000000,37",,"0000000000000,00","0000000000000,00","0000000000000,00",000000000000000,025
025,916,202603,202603,Q020487,00,NENL,N,000000000011,"000000000065,3","0,00631","0000000000000,41","0000000000000,02","0000000000000,00","0000000000000,43",,"0000000000000,00","0000000000000,00","0000000000000,00",000000000000000,025
025,916,202603,202603,Q020487,00,NENL,R,000000000002,"000000000053,6","0,00441","0000000000000,24","0000000000000,01","0000000000000,00","0000000000000,25",,"0000000000000,00","0000000000000,00","0000000000000,00",000000000000000,025
025,916,202603,202603,Q020487,00,NSNL,N,000000000002,"000000000003,6","0,00631","0000000000000,02","0000000000000,00","0000000000000,00","0000000000000,02",,"0000000000000,00","0000000000000,00","0000000000000,00",000000000000000,025
025,916,202603,202603,Q020488,00,GE3L,N,000000000015,"000000000098,6","0,00631","0000000000000,62","0000000000000,02","0000000000000,00","0000000000000,64",,"0000000000000,01","0000000000000,00","0000000000000,00",000000000000000,025
025,916,202603,202603,Q020488,00,GE3L,R,000000000001,"000000000001,8","0,00441","0000000000000,01","0000000000000,00","0000000000000,00","0000000000000,01",,"0000000000000,00","0000000000000,00","0000000000000,00",000000000000000,025
025,916,202603,202603,Q020488,00,GE8L,N,000000000633,"000000004355,2","0,00631","0000000000027,48","0000000000001,04","0000000000000,00","0000000000028,52",,"0000000000000,25","0000000000000,00","0000000000000,00",000000000000003,025
025,916,202603,202603,Q020488,00,GE8L,R,000000000025,"000000000086,6","0,00441","0000000000000,38","0000000000000,01","0000000000000,00","0000000000000,39",,"0000000000000,00","0000000000000,00","0000000000000,00",000000000000000,025
025,916,202603,202603,Q020488,00,NENL,N,000000000016,"000000000085,5","0,00631","0000000000000,54","0000000000000,02","0000000000000,00","0000000000000,56",,"0000000000000,00","0000000000000,00","0000000000000,00",000000000000000,025
025,916,202603,202603,Q020488,00,NSNL,N,000000000001,"000000000005,9","0,00631","0000000000000,04","0000000000000,00","0000000000000,00","0000000000000,04",,"0000000000000,00","0000000000000,00","0000000000000,00",000000000000000,025
025,916,202603,202603,Q020502,00,GE3L,N,000000000001,"000000000002,8","0,00631","0000000000000,02","0000000000000,00","0000000000000,00","0000000000000,02",,"0000000000000,00","0000000000000,00","0000000000000,00",000000000000000,025
025,916,202603,202603,Q020502,00,GE8L,N,000000000043,"000000000310,2","0,00631","0000000000001,96","0000000000000,07","0000000000000,00","0000000000002,03",,"0000000000000,02","0000000000000,00","0000000000000,00",000000000000000,025
025,916,202603,202603,Q020502,00,GE8L,R,000000000002,"000000000007,7","0,00441","0000000000000,03","0000000000000,00","0000000000000,00","0000000000000,03",,"0000000000000,00","0000000000000,00","0000000000000,00",000000000000000,025
025,916,202603,202603,Q020502,00,IENL,N,000000000001,"000000000000,5","0,00631","0000000000000,00","0000000000000,00","0000000000000,00","0000000000000,00",,"0000000000000,00","0000000000000,00","0000000000000,00",000000000000000,025
025,916,202603,202603,Q0703167,00,GE3L,N,000000000001,"000000000020,5","0,00631","0000000000000,13","0000000000000,00","0000000000000,00","0000000000000,13",,"0000000000000,00","0000000000000,00","0000000000000,00",000000000000000,025
025,916,202603,202603,Q0703167,00,GE8L,N,000000000001,"000000000005,0","0,00631","0000000000000,03","0000000000000,00","0000000000000,00","0000000000000,03",,"0000000000000,00","0000000000000,00","0000000000000,00",000000000000000,025
025,916,202603,202603,Q0703336,00,NSNL,N,000000000001,"000000000000,5","0,00631","0000000000000,00","0000000000000,00","0000000000000,00","0000000000000,00",,"0000000000000,00","0000000000000,00","0000000000000,00",000000000000000,025
025,916,202603,202603,Q0703337,00,GE3L,N,000000000044,"000000000216,9","0,00631","0000000000001,37","0000000000000,05","0000000000000,00","0000000000001,42",,"0000000000000,01","0000000000000,00","0000000000000,00",000000000000000,025
025,916,202603,202603,Q0703337,00,GE8L,N,000000002690,"000000019552,5","0,00631","0000000000123,38","0000000000004,67","0000000000000,00","0000000000128,05",,"0000000000001,11","0000000000000,00","0000000000000,00",000000000000012,025
025,916,202603,202603,Q0703337,00,GE8L,R,000000000112,"000000000323,6","0,00441","0000000000001,43","0000000000000,05","0000000000000,00","0000000000001,48",,"0000000000000,01","0000000000000,00","0000000000000,00",000000000000000,025
025,916,202603,202603,Q0703337,00,NENL,N,000000000074,"000000000323,3","0,00631","0000000000002,04","0000000000000,08","0000000000000,00","0000000000002,12",,"0000000000000,02","0000000000000,00","0000000000000,00",000000000000000,025
025,916,202603,202603,Q0703337,00,NENL,R,000000000007,"000000000077,2","0,00441","0000000000000,34","0000000000000,01","0000000000000,00","0000000000000,35",,"0000000000000,00","0000000000000,00","0000000000000,00",000000000000000,025
025,916,202603,202603,Q0703337,00,NSNL,N,000000000010,"000000000024,5","0,00631","0000000000000,15","0000000000000,01","0000000000000,00","0000000000000,16",,"0000000000000,00","0000000000000,00","0000000000000,00",000000000000000,025
025,916,202603,202603,Q0703364,00,GE3L,N,000000000015,"000000000056,8","0,00631","0000000000000,36","0000000000000,01","0000000000000,00","0000000000000,37",,"0000000000000,00","0000000000000,00","0000000000000,00",000000000000000,025
025,916,202603,202603,Q0703364,00,GE3L,R,000000000004,"000000000007,6","0,00441","0000000000000,03","0000000000000,00","0000000000000,00","0000000000000,03",,"0000000000000,00","0000000000000,00","0000000000000,00",000000000000000,025
025,916,202603,202603,Q0703364,00,GE8L,N,000000000374,"000000002392,4","0,00631","0000000000015,10","0000000000000,57","0000000000000,00","0000000000015,67",,"0000000000000,14","0000000000000,00","0000000000000,00",000000000000002,025
025,916,202603,202603,Q0703364,00,GE8L,R,000000000015,"000000000058,9","0,00441","0000000000000,26","0000000000000,01","0000000000000,00","0000000000000,27",,"0000000000000,00","0000000000000,00","0000000000000,00",000000000000000,025
025,916,202603,202603,Q0703364,00,NENL,N,000000000018,"000000000038,3","0,00631","0000000000000,24","0000000000000,01","0000000000000,00","0000000000000,25",,"0000000000000,00","0000000000000,00","0000000000000,00",000000000000000,025
025,916,202603,202603,Q0703364,00,NENL,R,000000000007,"000000000008,0","0,00441","0000000000000,04","0000000000000,00","0000000000000,00","0000000000000,04",,"0000000000000,00","0000000000000,00","0000000000000,00",000000000000000,025
025,916,202603,202603,Q0703364,00,NSNL,N,000000000026,"000000000076,4","0,00631","0000000000000,48","0000000000000,02","0000000000000,00","0000000000000,50",,"0000000000000,00","0000000000000,00","0000000000000,00",000000000000000,025
025,916,202603,202603,Q0703411,00,NSNL,N,000000000013,"000000000019,4","0,00631","0000000000000,12","0000000000000,00","0000000000000,00","0000000000000,12",,"0000000000000,00","0000000000000,00","0000000000000,00",000000000000000,025
025,916,202603,202603,Q0703411,00,NSNL,R,000000000001,"000000000000,7","0,00441","0000000000000,00","0000000000000,00","0000000000000,00","0000000000000,00",,"0000000000000,00","0000000000000,00","0000000000000,00",000000000000000,025
025,916,202603,202603,Q0703496,00,GE8L,N,000000000001,"000000000001,0","0,00631","0000000000000,01","0000000000000,00","0000000000000,00","0000000000000,01",,"0000000000000,00","0000000000000,00","0000000000000,00",000000000000000,025
025,916,202603,202603,Q0703498,00,GE8L,N,000000000003,"000000000021,7","0,00631","0000000000000,14","0000000000000,01","0000000000000,00","0000000000000,15",,"0000000000000,00","0000000000000,00","0000000000000,00",000000000000000,025
025,916,202603,202603,Q0703557,00,GE8L,N,000000000507,"000000003562,7","0,00631","0000000000022,48","0000000000000,85","0000000000000,00","0000000000023,33",,"0000000000000,20","0000000000000,00","0000000000000,00",000000000000002,025
025,916,202603,202603,Q0703557,00,GE8L,R,000000000027,"000000000125,2","0,00441","0000000000000,55","0000000000000,02","0000000000000,00","0000000000000,57",,"0000000000000,00","0000000000000,00","0000000000000,00",000000000000000,025
025,916,202603,202603,Q0703557,00,NENL,N,000000000142,"000000000286,2","0,00631","0000000000001,81","0000000000000,07","0000000000000,00","0000000000001,88",,"0000000000000,02","0000000000000,00","0000000000000,00",000000000000000,025
025,916,202603,202603,Q0703557,00,NENL,R,000000000005,"000000000010,8","0,00441","0000000000000,05","0000000000000,00","0000000000000,00","0000000000000,05",,"0000000000000,00","0000000000000,00","0000000000000,00",000000000000000,025
025,916,202603,202603,RQ055FAC,00,GE3L,N,000000000011,"000000000071,5","0,00631","0000000000000,45","0000000000000,02","0000000000000,00","0000000000000,47",,"0000000000000,00","0000000000000,00","0000000000000,00",000000000000000,025
025,916,202603,202603,RQ055FAC,00,GE8L,N,000000000601,"000000004039,3","0,00631","0000000000025,49","0000000000000,97","0000000000000,00","0000000000026,46",,"0000000000000,23","0000000000000,00","0000000000000,00",000000000000003,025
025,916,202603,202603,RQ055FAC,00,GE8L,R,000000000026,"000000000063,5","0,00441","0000000000000,28","0000000000000,01","0000000000000,00","0000000000000,29",,"0000000000000,00","0000000000000,00","0000000000000,00",000000000000000,025
025,916,202603,202603,RQ055FAC,00,NENL,N,000000000023,"000000000084,9","0,00631","0000000000000,54","0000000000000,02","0000000000000,00","0000000000000,56",,"0000000000000,00","0000000000000,00","0000000000000,00",000000000000000,025
025,916,202603,202603,RQ056FAC,00,GE3L,N,000000000013,"000000000142,2","0,00631","0000000000000,90","0000000000000,03","0000000000000,00","0000000000000,93",,"0000000000000,01","0000000000000,00","0000000000000,00",000000000000000,025
025,916,202603,202603,RQ056FAC,00,GE8L,N,000000000634,"000000004328,4","0,00631","0000000000027,31","0000000000001,03","0000000000000,00","0000000000028,34",,"0000000000000,25","0000000000000,00","0000000000000,00",000000000000003,025
025,916,202603,202603,RQ056FAC,00,GE8L,R,000000000027,"000000000074,8","0,00441","0000000000000,33","0000000000000,01","0000000000000,00","0000000000000,34",,"0000000000000,00","0000000000000,00","0000000000000,00",000000000000000,025
025,916,202603,202603,RQ056FAC,00,NENL,N,000000000018,"000000000065,5","0,00631","0000000000000,41","0000000000000,02","0000000000000,00","0000000000000,43",,"0000000000000,00","0000000000000,00","0000000000000,00",000000000000000,025
025,916,202603,202603,RQ056FAC,00,NENL,R,000000000001,"000000000000,5","0,00441","0000000000000,00","0000000000000,00","0000000000000,00","0000000000000,00",,"0000000000000,00","0000000000000,00","0000000000000,00",000000000000000,025
025,916,202603,202603,RQ05CTBR,00,GE8L,N,000000000042,"000000000374,2","0,00631","0000000000002,36","0000000000000,09","0000000000000,00","0000000000002,45",,"0000000000000,02","0000000000000,00","0000000000000,00",000000000000000,025
025,916,202603,202603,RQ05CTBR,00,GE8L,R,000000000001,"000000000004,6","0,00441","0000000000000,02","0000000000000,00","0000000000000,00","0000000000000,02",,"0000000000000,00","0000000000000,00","0000000000000,00",000000000000000,025
025,916,202603,202603,RQ05CTBR,00,NENL,N,000000000007,"000000000006,2","0,00631","0000000000000,04","0000000000000,00","0000000000000,00","0000000000000,04",,"0000000000000,00","0000000000000,00","0000000000000,00",000000000000000,025
025,916,202603,202603,S1003979,00,GE8L,N,000000000002,"000000000007,9","0,00631","0000000000000,05","0000000000000,00","0000000000000,00","0000000000000,05",,"0000000000000,00","0000000000000,00","0000000000000,00",000000000000000,025
025,916,202603,202603,VM300572,00,GE8L,N,000000000002,"000000000015,3","0,00631","0000000000000,10","0000000000000,00","0000000000000,00","0000000000000,10",,"0000000000000,00","0000000000000,00","0000000000000,00",000000000000000,025
025,916,202603,202603,VM303979,00,GE8L,N,000000000004,"000000000016,8","0,00631","0000000000000,11","0000000000000,00","0000000000000,00","0000000000000,11",,"0000000000000,00","0000000000000,00","0000000000000,00",000000000000000,025
035,011,202603,202603,00002IP2,00,GE8L,N,000000000001,"000000000000,9","0,00631","0000000000000,01","0000000000000,00","0000000000000,00","0000000000000,01",,"0000000000000,00","0000000000000,00","0000000000000,00",000000000000000,035
035,011,202603,202603,00002IP2,00,NENL,N,000000000014,"000000000007,0","0,00631","0000000000000,04","0000000000000,00","0000000000000,00","0000000000000,04",,"0000000000000,00","0000000000000,00","0000000000000,00",000000000000000,035
035,011,202603,202603,1ALG002I,00,GE8L,N,000000000035,"000000000314,1","0,00631","0000000000001,98","0000000000000,08","0000000000000,00","0000000000002,06",,"0000000000000,02","0000000000000,00","0000000000000,00",000000000000000,035
035,011,202603,202603,1ALG002I,00,GE8L,R,000000000001,"000000000011,5","0,00441","0000000000000,05","0000000000000,00","0000000000000,00","0000000000000,05",,"0000000000000,00","0000000000000,00","0000000000000,00",000000000000000,035
035,011,202603,202603,1ALG006I,00,NENL,N,000000000018,"000000000028,4","0,00631","0000000000000,18","0000000000000,01","0000000000000,00","0000000000000,19",,"0000000000000,00","0000000000000,00","0000000000000,00",000000000000000,035
035,011,202603,202603,1ALG015I,00,NENL,N,000000000004,"000000000009,5","0,00631","0000000000000,06","0000000000000,00","0000000000000,00","0000000000000,06",,"0000000000000,00","0000000000000,00","0000000000000,00",000000000000000,035
035,011,202603,202603,1CTB009I,00,NENL,N,000000000021,"000000000105,8","0,00631","0000000000000,67","0000000000000,03","0000000000000,00","0000000000000,70",,"0000000000000,01","0000000000000,00","0000000000000,00",000000000000000,035
035,011,202603,202603,1CTB012I,00,NENL,N,000000000013,"000000000043,8","0,00631","0000000000000,28","0000000000000,01","0000000000000,00","0000000000000,29",,"0000000000000,00","0000000000000,00","0000000000000,00",000000000000000,035
035,011,202603,202603,1CTB017I,00,GE3L,N,000000000035,"000000000177,8","0,00631","0000000000001,12","0000000000000,04","0000000000000,00","0000000000001,16",,"0000000000000,01","0000000000000,00","0000000000000,00",000000000000000,035
035,011,202603,202603,1CTB017I,00,GE3L,R,000000000002,"000000000005,0","0,00441","0000000000000,02","0000000000000,00","0000000000000,00","0000000000000,02",,"0000000000000,00","0000000000000,00","0000000000000,00",000000000000000,035
035,011,202603,202603,1CTB017I,00,GE8L,N,000000003332,"000000020542,3","0,00631","0000000000129,62","0000000000004,91","0000000000000,00","0000000000134,53",,"0000000000001,17","0000000000000,00","0000000000000,00",000000000000013,035
035,011,202603,202603,1CTB017I,00,GE8L,R,000000000335,"000000000747,6","0,00441","0000000000003,30","0000000000000,12","0000000000000,00","0000000000003,42",,"0000000000000,03","0000000000000,00","0000000000000,00",000000000000000,035
035,011,202603,202603,1CTB020I,00,GE3L,N,000000000025,"000000000113,3","0,00631","0000000000000,71","0000000000000,03","0000000000000,00","0000000000000,74",,"0000000000000,01","0000000000000,00","0000000000000,00",000000000000000,035
035,011,202603,202603,1CTB020I,00,GE8L,N,000000000001,"000000000027,8","0,00631","0000000000000,18","0000000000000,01","0000000000000,00","0000000000000,19",,"0000000000000,00","0000000000000,00","0000000000000,00",000000000000000,035
035,011,202603,202603,1CTB020I,00,GE8L,N,000000004711,"000000030830,8","0,00631","0000000000194,54","0000000000007,37","0000000000000,00","0000000000201,91",,"0000000000001,75","0000000000000,00","0000000000000,00",000000000000019,035
035,011,202603,202603,1CTB020I,00,GE8L,R,000000000371,"000000000987,4","0,00441","0000000000004,35","0000000000000,16","0000000000000,00","0000000000004,51",,"0000000000000,04","0000000000000,00","0000000000000,00",000000000000000,035
035,011,202603,202603,1CTB020I,00,NEAL,N,000000000002,"000000000002,1","0,00631","0000000000000,01","0000000000000,00","0000000000000,00","0000000000000,01",,"0000000000000,00","0000000000000,00","0000000000000,00",000000000000000,035
035,011,202603,202603,1CTB020I,00,NEAL,R,000000000001,"000000000000,5","0,00441","0000000000000,00","0000000000000,00","0000000000000,00","0000000000000,00",,"0000000000000,00","0000000000000,00","0000000000000,00",000000000000000,035
035,011,202603,202603,1CTB020I,00,NENL,N,000000000001,"000000000001,7","0,00631","0000000000000,01","0000000000000,00","0000000000000,00","0000000000000,01",,"0000000000000,00","0000000000000,00","0000000000000,00",000000000000000,035
035,011,202603,202603,1CTB021I,00,NENL,N,000000000064,"000000000086,6","0,00631","0000000000000,55","0000000000000,02","0000000000000,00","0000000000000,57",,"0000000000000,00","0000000000000,00","0000000000000,00",000000000000000,035
035,011,202603,202603,1CTB021I,00,NENL,R,000000000002,"000000000003,2","0,00441","0000000000000,01","0000000000000,00","0000000000000,00","0000000000000,01",,"0000000000000,00","0000000000000,00","0000000000000,00",000000000000000,035
035,011,202603,202603,1CTB027I,00,NENL,N,000000000003,"000000000003,9","0,00631","0000000000000,02","0000000000000,00","0000000000000,00","0000000000000,02",,"0000000000000,00","0000000000000,00","0000000000000,00",000000000000000,035
035,011,202603,202603,1CTB033I,00,NENL,N,000000000006,"000000000007,7","0,00631","0000000000000,05","0000000000000,00","0000000000000,00","0000000000000,05",,"0000000000000,00","0000000000000,00","0000000000000,00",000000000000000,035
035,011,202603,202603,1OIF033I,00,NENL,N,000000000001,"000000000008,2","0,00631","0000000000000,05","0000000000000,00","0000000000000,00","0000000000000,05",,"0000000000000,00","0000000000000,00","0000000000000,00",000000000000000,035
035,011,202603,202603,1OIF036I,00,NENL,N,000000000003,"000000000025,0","0,00631","0000000000000,16","0000000000000,01","0000000000000,00","0000000000000,17",,"0000000000000,00","0000000000000,00","0000000000000,00",000000000000000,035
035,011,202603,202603,1OIF039I,00,NENL,N,000000000001,"000000000001,3","0,00631","0000000000000,01","0000000000000,00","0000000000000,00","0000000000000,01",,"0000000000000,00","0000000000000,00","0000000000000,00",000000000000000,035
035,011,202603,202603,1OIF040I,00,GE8L,N,000000000049,"000000000360,7","0,00631","0000000000002,28","0000000000000,09","0000000000000,00","0000000000002,37",,"0000000000000,02","0000000000000,00","0000000000000,00",000000000000000,035
035,011,202603,202603,1OIF040I,00,GE8L,R,000000000001,"000000000000,5","0,00441","0000000000000,00","0000000000000,00","0000000000000,00","0000000000000,00",,"0000000000000,00","0000000000000,00","0000000000000,00",000000000000000,035
035,011,202603,202603,1OIF042I,00,NENL,N,000000000002,"000000000053,9","0,00631","0000000000000,34","0000000000000,01","0000000000000,00","0000000000000,35",,"0000000000000,00","0000000000000,00","0000000000000,00",000000000000000,035
035,011,202603,202603,1OIF062I,00,NENL,N,000000000003,"000000000005,7","0,00631","0000000000000,04","0000000000000,00","0000000000000,00","0000000000000,04",,"0000000000000,00","0000000000000,00","0000000000000,00",000000000000000,035
035,011,202603,202603,1OIF087I,00,NENL,N,000000000004,"000000000045,4","0,00631","0000000000000,29","0000000000000,01","0000000000000,00","0000000000000,30",,"0000000000000,00","0000000000000,00","0000000000000,00",000000000000000,035
035,011,202603,202603,1V2OUT05,00,GE8L,N,000000000001,"000000000004,3","0,00631","0000000000000,03","0000000000000,00","0000000000000,00","0000000000000,03",,"0000000000000,00","0000000000000,00","0000000000000,00",000000000000000,035
035,011,202603,202603,300021P1,00,GE8L,N,000000000003,"000000000017,2","0,00631","0000000000000,11","0000000000000,00","0000000000000,00","0000000000000,11",,"0000000000000,00","0000000000000,00","0000000000000,00",000000000000000,035
035,011,202603,202603,300021P1,00,NENL,N,000000000001,"000000000001,3","0,00631","0000000000000,01","0000000000000,00","0000000000000,00","0000000000000,01",,"0000000000000,00","0000000000000,00","0000000000000,00",000000000000000,035
035,011,202603,202603,30002IP1,00,GE8L,N,000000000001,"000000000004,0","0,00631","0000000000000,03","0000000000000,00","0000000000000,00","0000000000000,03",,"0000000000000,00","0000000000000,00","0000000000000,00",000000000000000,035
035,011,202603,202603,30002IP1,00,NENL,N,000000000010,"000000000007,5","0,00631","0000000000000,05","0000000000000,00","0000000000000,00","0000000000000,05",,"0000000000000,00","0000000000000,00","0000000000000,00",000000000000000,035
035,011,202603,202603,30003IP4,00,GE8L,N,000000000006,"000000000024,7","0,00631","0000000000000,16","0000000000000,01","0000000000000,00","0000000000000,17",,"0000000000000,00","0000000000000,00","0000000000000,00",000000000000000,035
035,011,202603,202603,30003IP4,00,GE8L,N,000000000051,"000000000301,0","0,00631","0000000000001,90","0000000000000,07","0000000000000,00","0000000000001,97",,"0000000000000,02","0000000000000,00","0000000000000,00",000000000000000,035
035,011,202603,202603,30003IP4,00,GE8L,R,000000000004,"000000000002,4","0,00441","0000000000000,01","0000000000000,00","0000000000000,00","0000000000000,01",,"0000000000000,00","0000000000000,00","0000000000000,00",000000000000000,035
035,011,202603,202603,30003IP4,00,NENL,N,000000000033,"000000000045,5","0,00631","0000000000000,29","0000000000000,01","0000000000000,00","0000000000000,30",,"0000000000000,00","0000000000000,00","0000000000000,00",000000000000000,035
035,011,202603,202603,3ALG003I,00,NENL,N,000000000007,"000000000017,7","0,00631","0000000000000,11","0000000000000,00","0000000000000,00","0000000000000,11",,"0000000000000,00","0000000000000,00","0000000000000,00",000000000000000,035
035,011,202603,202603,3CTB0021,00,NENL,N,000000000004,"000000000012,7","0,00631","0000000000000,08","0000000000000,00","0000000000000,00","0000000000000,08",,"0000000000000,00","0000000000000,00","0000000000000,00",000000000000000,035
035,011,202603,202603,3CTB003I,00,NENL,N,000000000004,"000000000012,4","0,00631","0000000000000,08","0000000000000,00","0000000000000,00","0000000000000,08",,"0000000000000,00","0000000000000,00","0000000000000,00",000000000000000,035
035,011,202603,202603,3CTB009I,00,NENL,N,000000000003,"000000000002,5","0,00631","0000000000000,02","0000000000000,00","0000000000000,00","0000000000000,02",,"0000000000000,00","0000000000000,00","0000000000000,00",000000000000000,035
035,011,202603,202603,3CTB021I,00,NENL,N,000000000001,"000000000001,2","0,00631","0000000000000,01","0000000000000,00","0000000000000,00","0000000000000,01",,"0000000000000,00","0000000000000,00","0000000000000,00",000000000000000,035
035,011,202603,202603,3CTB033I,00,NENL,N,000000000011,"000000000021,0","0,00631","0000000000000,13","0000000000000,01","0000000000000,00","0000000000000,14",,"0000000000000,00","0000000000000,00","0000000000000,00",000000000000000,035
035,011,202603,202603,3CTB036I,00,NENL,N,000000000007,"000000000004,9","0,00631","0000000000000,03","0000000000000,00","0000000000000,00","0000000000000,03",,"0000000000000,00","0000000000000,00","0000000000000,00",000000000000000,035
035,011,202603,202603,3OIF054I,00,NENL,N,000000000002,"000000000004,5","0,00631","0000000000000,03","0000000000000,00","0000000000000,00","0000000000000,03",,"0000000000000,00","0000000000000,00","0000000000000,00",000000000000000,035
035,011,202603,202603,3OIF057I,00,NENL,N,000000000003,"000000000007,3","0,00631","0000000000000,05","0000000000000,00","0000000000000,00","0000000000000,05",,"0000000000000,00","0000000000000,00","0000000000000,00",000000000000000,035
035,011,202603,202603,3PA_FALK,00,GE8L,N,000000000005,"000000000029,3","0,00631","0000000000000,18","0000000000000,01","0000000000000,00","0000000000000,19",,"0000000000000,00","0000000000000,00","0000000000000,00",000000000000000,035
035,011,202603,202603,3PA_FALK,00,GE8L,N,000000000054,"000000000423,0","0,00631","0000000000002,67","0000000000000,10","0000000000000,00","0000000000002,77",,"0000000000000,02","0000000000000,00","0000000000000,00",000000000000000,035
035,011,202603,202603,3PA_FALK,00,GE8L,R,000000000007,"000000000005,2","0,00441","0000000000000,02","0000000000000,00","0000000000000,00","0000000000000,02",,"0000000000000,00","0000000000000,00","0000000000000,00",000000000000000,035
035,011,202603,202603,3PA_FALK,00,NENL,N,000000000030,"000000000021,7","0,00631","0000000000000,14","0000000000000,01","0000000000000,00","0000000000000,15",,"0000000000000,00","0000000000000,00","0000000000000,00",000000000000000,035
035,011,202603,202603,4FACTR4I,00,GE8L,N,000000000002,"000000000001,0","0,00631","0000000000000,01","0000000000000,00","0000000000000,00","0000000000000,01",,"0000000000000,00","0000000000000,00","0000000000000,00",000000000000000,035
035,011,202603,202603,4FACTR4I,00,NENL,N,000000000164,"000000000481,9","0,00631","0000000000003,04","0000000000000,12","0000000000000,00","0000000000003,16",,"0000000000000,03","0000000000000,00","0000000000000,00",000000000000000,035
035,011,202603,202603,4FACTR4I,00,NENL,R,000000000008,"000000000004,0","0,00441","0000000000000,02","0000000000000,00","0000000000000,00","0000000000000,02",,"0000000000000,00","0000000000000,00","0000000000000,00",000000000000000,035
035,011,202603,202603,4XCTPR7S,00,NSNL,N,000000001143,"000000003061,1","0,00631","0000000000019,32","0000000000000,73","0000000000000,00","0000000000020,05",,"0000000000000,17","0000000000000,00","0000000000000,00",000000000000002,035
035,011,202603,202603,4XCTPR7S,00,NSNL,R,000000000044,"000000000182,1","0,00441","0000000000000,80","0000000000000,03","0000000000000,00","0000000000000,83",,"0000000000000,01","0000000000000,00","0000000000000,00",000000000000000,035
035,011,202603,202603,4XCTUL4S,00,NSNL,N,000000016335,"000000054885,6","0,00631","0000000000346,33","0000000000013,12","0000000000000,00","0000000000359,45",,"0000000000003,12","0000000000000,00","0000000000000,00",000000000000035,035
035,011,202603,202603,4XCTUL4S,00,NSNL,R,000000000859,"000000004811,0","0,00441","0000000000021,22","0000000000000,80","0000000000000,00","0000000000022,02",,"0000000000000,19","0000000000000,00","0000000000000,00",000000000000002,035
035,011,202603,202603,6ALG002I,00,GE8L,N,000000000038,"000000000270,2","0,00631","0000000000001,70","0000000000000,06","0000000000000,00","0000000000001,76",,"0000000000000,02","0000000000000,00","0000000000000,00",000000000000000,035
035,011,202603,202603,6ALG006I,00,NENL,N,000000000016,"000000000030,8","0,00631","0000000000000,19","0000000000000,01","0000000000000,00","0000000000000,20",,"0000000000000,00","0000000000000,00","0000000000000,00",000000000000000,035
035,011,202603,202603,6ALG015I,00,NENL,N,000000000003,"000000000004,9","0,00631","0000000000000,03","0000000000000,00","0000000000000,00","0000000000000,03",,"0000000000000,00","0000000000000,00","0000000000000,00",000000000000000,035
035,011,202603,202603,6CLF156I,00,GE8L,N,000000000001,"000000000020,2","0,00631","0000000000000,13","0000000000000,00","0000000000000,00","0000000000000,13",,"0000000000000,00","0000000000000,00","0000000000000,00",000000000000000,035
035,011,202603,202603,6CTB003I,00,NENL,N,000000000017,"000000000016,6","0,00631","0000000000000,10","0000000000000,00","0000000000000,00","0000000000000,10",,"0000000000000,00","0000000000000,00","0000000000000,00",000000000000000,035
035,011,202603,202603,6CTB003I,00,NENL,R,000000000003,"000000000005,2","0,00441","0000000000000,02","0000000000000,00","0000000000000,00","0000000000000,02",,"0000000000000,00","0000000000000,00","0000000000000,00",000000000000000,035
035,011,202603,202603,6CTB006I,00,NENL,N,000000000001,"000000000002,6","0,00631","0000000000000,02","0000000000000,00","0000000000000,00","0000000000000,02",,"0000000000000,00","0000000000000,00","0000000000000,00",000000000000000,035
035,011,202603,202603,6CTB009I,00,NENL,N,000000000018,"000000000104,6","0,00631","0000000000000,66","0000000000000,03","0000000000000,00","0000000000000,69",,"0000000000000,01","0000000000000,00","0000000000000,00",000000000000000,035
035,011,202603,202603,6CTB012I,00,NENL,N,000000000015,"000000000096,8","0,00631","0000000000000,61","0000000000000,02","0000000000000,00","0000000000000,63",,"0000000000000,01","0000000000000,00","0000000000000,00",000000000000000,035
035,011,202603,202603,6CTB016I,00,NENL,N,000000000004,"000000000017,6","0,00631","0000000000000,11","0000000000000,00","0000000000000,00","0000000000000,11",,"0000000000000,00","0000000000000,00","0000000000000,00",000000000000000,035
035,011,202603,202603,6CTB017I,00,GE3L,N,000000000031,"000000000234,7","0,00631","0000000000001,48","0000000000000,06","0000000000000,00","0000000000001,54",,"0000000000000,01","0000000000000,00","0000000000000,00",000000000000000,035
035,011,202603,202603,6CTB017I,00,GE8L,N,000000003330,"000000020284,7","0,00631","0000000000128,00","0000000000004,85","0000000000000,00","0000000000132,85",,"0000000000001,15","0000000000000,00","0000000000000,00",000000000000013,035
035,011,202603,202603,6CTB017I,00,GE8L,R,000000000364,"000000000798,8","0,00441","0000000000003,52","0000000000000,13","0000000000000,00","0000000000003,65",,"0000000000000,03","0000000000000,00","0000000000000,00",000000000000000,035
035,011,202603,202603,6CTB018I,00,NENL,N,000000000004,"000000000007,4","0,00631","0000000000000,05","0000000000000,00","0000000000000,00","0000000000000,05",,"0000000000000,00","0000000000000,00","0000000000000,00",000000000000000,035
035,011,202603,202603,6CTB020I,00,GE3L,N,000000000019,"000000000099,7","0,00631","0000000000000,63","0000000000000,02","0000000000000,00","0000000000000,65",,"0000000000000,01","0000000000000,00","0000000000000,00",000000000000000,035
035,011,202603,202603,6CTB020I,00,GE3L,R,000000000002,"000000000007,3","0,00441","0000000000000,03","0000000000000,00","0000000000000,00","0000000000000,03",,"0000000000000,00","0000000000000,00","0000000000000,00",000000000000000,035
035,011,202603,202603,6CTB020I,00,GE8L,N,000000000002,"000000000006,1","0,00631","0000000000000,04","0000000000000,00","0000000000000,00","0000000000000,04",,"0000000000000,00","0000000000000,00","0000000000000,00",000000000000000,035
035,011,202603,202603,6CTB020I,00,GE8L,N,000000004756,"000000031919,0","0,00631","0000000000201,41","0000000000007,63","0000000000000,00","0000000000209,04",,"0000000000001,81","0000000000000,00","0000000000000,00",000000000000020,035
035,011,202603,202603,6CTB020I,00,GE8L,R,000000000406,"000000000915,8","0,00441","0000000000004,04","0000000000000,15","0000000000000,00","0000000000004,19",,"0000000000000,04","0000000000000,00","0000000000000,00",000000000000000,035
035,011,202603,202603,6CTB020I,00,NENL,N,000000000001,"000000000000,7","0,00631","0000000000000,00","0000000000000,00","0000000000000,00","0000000000000,00",,"0000000000000,00","0000000000000,00","0000000000000,00",000000000000000,035
035,011,202603,202603,6CTB021I,00,NENL,N,000000000044,"000000000073,8","0,00631","0000000000000,47","0000000000000,02","0000000000000,00","0000000000000,49",,"0000000000000,00","0000000000000,00","0000000000000,00",000000000000000,035
035,011,202603,202603,6CTB021I,00,NENL,R,000000000003,"000000000004,7","0,00441","0000000000000,02","0000000000000,00","0000000000000,00","0000000000000,02",,"0000000000000,00","0000000000000,00","0000000000000,00",000000000000000,035
035,011,202603,202603,6CTB025I,00,NENL,N,000000000004,"000000000004,0","0,00631","0000000000000,03","0000000000000,00","0000000000000,00","0000000000000,03",,"0000000000000,00","0000000000000,00","0000000000000,00",000000000000000,035
035,011,202603,202603,6CTB027I,00,NENL,N,000000000007,"000000000007,9","0,00631","0000000000000,05","0000000000000,00","0000000000000,00","0000000000000,05",,"0000000000000,00","0000000000000,00","0000000000000,00",000000000000000,035
035,011,202603,202603,6CTB028I,00,NENL,N,000000000012,"000000000016,6","0,00631","0000000000000,10","0000000000000,00","0000000000000,00","0000000000000,10",,"0000000000000,00","0000000000000,00","0000000000000,00",000000000000000,035
035,011,202603,202603,6CTB033I,00,NENL,N,000000000014,"000000000013,8","0,00631","0000000000000,09","0000000000000,00","0000000000000,00","0000000000000,09",,"0000000000000,00","0000000000000,00","0000000000000,00",000000000000000,035
035,011,202603,202603,6CTB034I,00,NENL,N,000000000002,"000000000002,8","0,00631","0000000000000,02","0000000000000,00","0000000000000,00","0000000000000,02",,"0000000000000,00","0000000000000,00","0000000000000,00",000000000000000,035
035,011,202603,202603,6OIF018I,00,NENL,N,000000000001,"000000000000,7","0,00631","0000000000000,00","0000000000000,00","0000000000000,00","0000000000000,00",,"0000000000000,00","0000000000000,00","0000000000000,00",000000000000000,035
035,011,202603,202603,6OIF030I,00,NENL,N,000000000001,"000000000001,6","0,00631","0000000000000,01","0000000000000,00","0000000000000,00","0000000000000,01",,"0000000000000,00","0000000000000,00","0000000000000,00",000000000000000,035
035,011,202603,202603,6OIF033I,00,NENL,N,000000000003,"000000000008,4","0,00631","0000000000000,05","0000000000000,00","0000000000000,00","0000000000000,05",,"0000000000000,00","0000000000000,00","0000000000000,00",000000000000000,035
035,011,202603,202603,6OIF036I,00,NENL,N,000000000002,"000000000013,0","0,00631","0000000000000,08","0000000000000,00","0000000000000,00","0000000000000,08",,"0000000000000,00","0000000000000,00","0000000000000,00",000000000000000,035
035,011,202603,202603,6OIF040I,00,GE8L,N,000000000047,"000000000284,3","0,00631","0000000000001,79","0000000000000,07","0000000000000,00","0000000000001,86",,"0000000000000,02","0000000000000,00","0000000000000,00",000000000000000,035
035,011,202603,202603,6OIF045I,00,NENL,N,000000000001,"000000000003,1","0,00631","0000000000000,02","0000000000000,00","0000000000000,00","0000000000000,02",,"0000000000000,00","0000000000000,00","0000000000000,00",000000000000000,035
035,011,202603,202603,6OIF062I,00,NENL,N,000000000001,"000000000025,7","0,00631","0000000000000,16","0000000000000,01","0000000000000,00","0000000000000,17",,"0000000000000,00","0000000000000,00","0000000000000,00",000000000000000,035
035,011,202603,202603,6OIF080I,00,NENL,N,000000000002,"000000000011,7","0,00631","0000000000000,07","0000000000000,00","0000000000000,00","0000000000000,07",,"0000000000000,00","0000000000000,00","0000000000000,00",000000000000000,035
035,011,202603,202603,6OIF081I,00,NENL,N,000000000003,"000000000017,4","0,00631","0000000000000,11","0000000000000,00","0000000000000,00","0000000000000,11",,"0000000000000,00","0000000000000,00","0000000000000,00",000000000000000,035
035,011,202603,202603,6OIF083I,00,NENL,N,000000000001,"000000000000,8","0,00631","0000000000000,01","0000000000000,00","0000000000000,00","0000000000000,01",,"0000000000000,00","0000000000000,00","0000000000000,00",000000000000000,035
035,011,202603,202603,6OIF086I,00,NENL,N,000000000001,"000000000001,1","0,00631","0000000000000,01","0000000000000,00","0000000000000,00","0000000000000,01",,"0000000000000,00","0000000000000,00","0000000000000,00",000000000000000,035
035,011,202603,202603,6OIF087I,00,NENL,N,000000000005,"000000000024,5","0,00631","0000000000000,15","0000000000000,01","0000000000000,00","0000000000000,16",,"0000000000000,00","0000000000000,00","0000000000000,00",000000000000000,035
035,011,202603,202603,6V2OUT13,00,GE8L,N,000000000001,"000000000001,1","0,00631","0000000000000,01","0000000000000,00","0000000000000,00","0000000000000,01",,"0000000000000,00","0000000000000,00","0000000000000,00",000000000000000,035
035,011,202603,202603,7CLF153I,00,GE8L,N,000000000002,"000000000007,7","0,00631","0000000000000,05","0000000000000,00","0000000000000,00","0000000000000,05",,"0000000000000,00","0000000000000,00","0000000000000,00",000000000000000,035
035,011,202603,202603,7CLF156I,00,GE8L,N,000000000004,"000000000008,7","0,00631","0000000000000,05","0000000000000,00","0000000000000,00","0000000000000,05",,"0000000000000,00","0000000000000,00","0000000000000,00",000000000000000,035
035,011,202603,202603,7CTB003I,00,NENL,N,000000000012,"000000000009,8","0,00631","0000000000000,06","0000000000000,00","0000000000000,00","0000000000000,06",,"0000000000000,00","0000000000000,00","0000000000000,00",000000000000000,035
035,011,202603,202603,7CTB003I,00,NENL,R,000000000002,"000000000001,1","0,00441","0000000000000,00","0000000000000,00","0000000000000,00","0000000000000,00",,"0000000000000,00","0000000000000,00","0000000000000,00",000000000000000,035
035,011,202603,202603,7CTB016I,00,NENL,N,000000000002,"000000000001,4","0,00631","0000000000000,01","0000000000000,00","0000000000000,00","0000000000000,01",,"0000000000000,00","0000000000000,00","0000000000000,00",000000000000000,035
035,011,202603,202603,7CTB025I,00,NENL,N,000000000002,"000000000001,9","0,00631","0000000000000,01","0000000000000,00","0000000000000,00","0000000000000,01",,"0000000000000,00","0000000000000,00","0000000000000,00",000000000000000,035
035,011,202603,202603,7CTB025I,00,NENL,R,000000000001,"000000000000,5","0,00441","0000000000000,00","0000000000000,00","0000000000000,00","0000000000000,00",,"0000000000000,00","0000000000000,00","0000000000000,00",000000000000000,035
035,011,202603,202603,7CTB028I,00,NENL,N,000000000009,"000000000013,2","0,00631","0000000000000,08","0000000000000,00","0000000000000,00","0000000000000,08",,"0000000000000,00","0000000000000,00","0000000000000,00",000000000000000,035
035,011,202603,202603,7CTB034I,00,NENL,N,000000000004,"000000000017,2","0,00631","0000000000000,11","0000000000000,00","0000000000000,00","0000000000000,11",,"0000000000000,00","0000000000000,00","0000000000000,00",000000000000000,035
035,011,202603,202603,7ITE002I,00,GE8L,N,000000000001,"000000000000,5","0,00631","0000000000000,00","0000000000000,00","0000000000000,00","0000000000000,00",,"0000000000000,00","0000000000000,00","0000000000000,00",000000000000000,035
035,011,202603,202603,7OIF080I,00,NENL,N,000000000002,"000000000014,7","0,00631","0000000000000,09","0000000000000,00","0000000000000,00","0000000000000,09",,"0000000000000,00","0000000000000,00","0000000000000,00",000000000000000,035
035,011,202603,202603,7OIF081I,00,NENL,N,000000000001,"000000000001,9","0,00631","0000000000000,01","0000000000000,00","0000000000000,00","0000000000000,01",,"0000000000000,00","0000000000000,00","0000000000000,00",000000000000000,035
035,011,202603,202603,7OIF082I,00,NENL,N,000000000001,"000000000000,5","0,00631","0000000000000,00","0000000000000,00","0000000000000,00","0000000000000,00",,"0000000000000,00","0000000000000,00","0000000000000,00",000000000000000,035
035,011,202603,202603,7OIF083I,00,NENL,N,000000000001,"000000000000,5","0,00631","0000000000000,00","0000000000000,00","0000000000000,00","0000000000000,00",,"0000000000000,00","0000000000000,00","0000000000000,00",000000000000000,035
035,011,202603,202603,7OIF086I,00,NENL,N,000000000005,"000000000009,7","0,00631","0000000000000,06","0000000000000,00","0000000000000,00","0000000000000,06",,"0000000000000,00","0000000000000,00","0000000000000,00",000000000000000,035
035,011,202603,202603,7OIF089I,00,NENL,N,000000000002,"000000000005,9","0,00631","0000000000000,04","0000000000000,00","0000000000000,00","0000000000000,04",,"0000000000000,00","0000000000000,00","0000000000000,00",000000000000000,035
035,011,202603,202603,8ALG003I,00,NENL,N,000000000007,"000000000006,4","0,00631","0000000000000,04","0000000000000,00","0000000000000,00","0000000000000,04",,"0000000000000,00","0000000000000,00","0000000000000,00",000000000000000,035
035,011,202603,202603,8CTB0021,00,NENL,N,000000000005,"000000000024,3","0,00631","0000000000000,15","0000000000000,01","0000000000000,00","0000000000000,16",,"0000000000000,00","0000000000000,00","0000000000000,00",000000000000000,035
035,011,202603,202603,8CTB003I,00,NENL,N,000000000003,"000000000005,5","0,00631","0000000000000,03","0000000000000,00","0000000000000,00","0000000000000,03",,"0000000000000,00","0000000000000,00","0000000000000,00",000000000000000,035
035,011,202603,202603,8CTB030I,00,NENL,N,000000000004,"000000000015,2","0,00631","0000000000000,10","0000000000000,00","0000000000000,00","0000000000000,10",,"0000000000000,00","0000000000000,00","0000000000000,00",000000000000000,035
035,011,202603,202603,8CTB033I,00,NENL,N,000000000003,"000000000004,0","0,00631","0000000000000,03","0000000000000,00","0000000000000,00","0000000000000,03",,"0000000000000,00","0000000000000,00","0000000000000,00",000000000000000,035
035,011,202603,202603,8CTB036I,00,NENL,N,000000000003,"000000000001,7","0,00631","0000000000000,01","0000000000000,00","0000000000000,00","0000000000000,01",,"0000000000000,00","0000000000000,00","0000000000000,00",000000000000000,035
035,011,202603,202603,8FLICTAB,00,NSNL,N,000000000003,"000000000004,3","0,00631","0000000000000,03","0000000000000,00","0000000000000,00","0000000000000,03",,"0000000000000,00","0000000000000,00","0000000000000,00",000000000000000,035
035,011,202603,202603,8FLICTBB,00,NSNL,N,000000000001,"000000000004,5","0,00631","0000000000000,03","0000000000000,00","0000000000000,00","0000000000000,03",,"0000000000000,00","0000000000000,00","0000000000000,00",000000000000000,035
035,011,202603,202603,8OIF046I,00,NENL,N,000000000001,"000000000001,1","0,00631","0000000000000,01","0000000000000,00","0000000000000,00","0000000000000,01",,"0000000000000,00","0000000000000,00","0000000000000,00",000000000000000,035
035,011,202603,202603,9FSICTAB,00,NSNL,N,000000000004,"000000000016,4","0,00631","0000000000000,10","0000000000000,00","0000000000000,00","0000000000000,10",,"0000000000000,00","0000000000000,00","0000000000000,00",000000000000000,035
035,011,202603,202603,9FSICTBB,00,NSNL,N,000000000003,"000000000005,5","0,00631","0000000000000,03","0000000000000,00","0000000000000,00","0000000000000,03",,"0000000000000,00","0000000000000,00","0000000000000,00",000000000000000,035
035,011,202603,202603,A01TLF_S,00,GE3L,N,000000000001,"000000000003,3","0,00631","0000000000000,02","0000000000000,00","0000000000000,00","0000000000000,02",,"0000000000000,00","0000000000000,00","0000000000000,00",000000000000000,035
035,011,202603,202603,A01TLF_S,00,GE8L,N,000000000131,"000000000670,0","0,00631","0000000000004,23","0000000000000,16","0000000000000,00","0000000000004,39",,"0000000000000,04","0000000000000,00","0000000000000,00",000000000000000,035
035,011,202603,202603,A01TLF_S,00,GE8L,R,000000000015,"000000000012,0","0,00441","0000000000000,05","0000000000000,00","0000000000000,00","0000000000000,05",,"0000000000000,00","0000000000000,00","0000000000000,00",000000000000000,035
035,011,202603,202603,A021239,00,NENL,N,000000000002,"000000000008,4","0,00631","0000000000000,05","0000000000000,00","0000000000000,00","0000000000000,05",,"0000000000000,00","0000000000000,00","0000000000000,00",000000000000000,035
035,011,202603,202603,AM10002,00,GE8L,N,000000000001,"000000000001,0","0,00631","0000000000000,01","0000000000000,00","0000000000000,00","0000000000000,01",,"0000000000000,00","0000000000000,00","0000000000000,00",000000000000000,035
035,011,202603,202603,AM10002,00,NENL,N,000000000009,"000000000004,5","0,00631","0000000000000,03","0000000000000,00","0000000000000,00","0000000000000,03",,"0000000000000,00","0000000000000,00","0000000000000,00",000000000000000,035
035,011,202603,202603,AM11030,00,GE8L,N,000000000001,"000000000007,9","0,00631","0000000000000,05","0000000000000,00","0000000000000,00","0000000000000,05",,"0000000000000,00","0000000000000,00","0000000000000,00",000000000000000,035
035,011,202603,202603,AM11030,00,GE8L,N,000000000004,"000000000004,6","0,00631","0000000000000,03","0000000000000,00","0000000000000,00","0000000000000,03",,"0000000000000,00","0000000000000,00","0000000000000,00",000000000000000,035
035,011,202603,202603,AM11030,00,GE8L,R,000000000005,"000000000005,6","0,00441","0000000000000,02","0000000000000,00","0000000000000,00","0000000000000,02",,"0000000000000,00","0000000000000,00","0000000000000,00",000000000000000,035
035,011,202603,202603,AM11030,00,NENL,N,000000000002,"000000000001,1","0,00631","0000000000000,01","0000000000000,00","0000000000000,00","0000000000000,01",,"0000000000000,00","0000000000000,00","0000000000000,00",000000000000000,035
035,011,202603,202603,AP100450,00,GE8L,N,000000000008,"000000000009,5","0,00631","0000000000000,06","0000000000000,00","0000000000000,00","0000000000000,06",,"0000000000000,00","0000000000000,00","0000000000000,00",000000000000000,035
035,011,202603,202603,AP100450,00,GE8L,R,000000000010,"000000000007,8","0,00441","0000000000000,03","0000000000000,00","0000000000000,00","0000000000000,03",,"0000000000000,00","0000000000000,00","0000000000000,00",000000000000000,035
035,011,202603,202603,AP100452,00,GE8L,N,000000000008,"000000000059,3","0,00631","0000000000000,37","0000000000000,01","0000000000000,00","0000000000000,38",,"0000000000000,00","0000000000000,00","0000000000000,00",000000000000000,035
035,011,202603,202603,AP200450,00,GE3L,N,000000000001,"000000000003,3","0,00631","0000000000000,02","0000000000000,00","0000000000000,00","0000000000000,02",,"0000000000000,00","0000000000000,00","0000000000000,00",000000000000000,035
035,011,202603,202603,AP200450,00,GE8L,N,000000000010,"000000000008,0","0,00631","0000000000000,05","0000000000000,00","0000000000000,00","0000000000000,05",,"0000000000000,00","0000000000000,00","0000000000000,00",000000000000000,035
035,011,202603,202603,AP200450,00,GE8L,R,000000000004,"000000000003,7","0,00441","0000000000000,02","0000000000000,00","0000000000000,00","0000000000000,02",,"0000000000000,00","0000000000000,00","0000000000000,00",000000000000000,035
035,011,202603,202603,AP200452,00,GE8L,N,000000000006,"000000000070,1","0,00631","0000000000000,44","0000000000000,02","0000000000000,00","0000000000000,46",,"0000000000000,00","0000000000000,00","0000000000000,00",000000000000000,035
035,011,202603,202603,CO100812,00,GE8L,N,000000000001,"000000000004,1","0,00631","0000000000000,03","0000000000000,00","0000000000000,00","0000000000000,03",,"0000000000000,00","0000000000000,00","0000000000000,00",000000000000000,035
035,011,202603,202603,CO100812,00,NENL,N,000000000017,"000000000053,9","0,00631","0000000000000,34","0000000000000,01","0000000000000,00","0000000000000,35",,"0000000000000,00","0000000000000,00","0000000000000,00",000000000000000,035
035,011,202603,202603,CO100814,00,GE8L,N,000000000005,"000000000048,0","0,00631","0000000000000,30","0000000000000,01","0000000000000,00","0000000000000,31",,"0000000000000,00","0000000000000,00","0000000000000,00",000000000000000,035
035,011,202603,202603,CO100814,00,NENL,N,000000000010,"000000000018,5","0,00631","0000000000000,12","0000000000000,00","0000000000000,00","0000000000000,12",,"0000000000000,00","0000000000000,00","0000000000000,00",000000000000000,035
035,011,202603,202603,D017CTBC,00,NENL,N,000000000002,"000000000004,8","0,00631","0000000000000,03","0000000000000,00","0000000000000,00","0000000000000,03",,"0000000000000,00","0000000000000,00","0000000000000,00",000000000000000,035
035,011,202603,202603,E0404084,00,NENL,N,000000000003,"000000000006,4","0,00631","0000000000000,04","0000000000000,00","0000000000000,00","0000000000000,04",,"0000000000000,00","0000000000000,00","0000000000000,00",000000000000000,035
035,011,202603,202603,G01TLF_S,00,GE3L,N,000000000001,"000000000003,3","0,00631","0000000000000,02","0000000000000,00","0000000000000,00","0000000000000,02",,"0000000000000,00","0000000000000,00","0000000000000,00",000000000000000,035
035,011,202603,202603,G01TLF_S,00,GE8L,N,000000000054,"000000000395,2","0,00631","0000000000002,49","0000000000000,09","0000000000000,00","0000000000002,58",,"0000000000000,02","0000000000000,00","0000000000000,00",000000000000000,035
035,011,202603,202603,G01TLF_S,00,GE8L,R,000000000016,"000000000018,0","0,00441","0000000000000,08","0000000000000,00","0000000000000,00","0000000000000,08",,"0000000000000,00","0000000000000,00","0000000000000,00",000000000000000,035
035,011,202603,202603,IB100812,00,GE8L,N,000000000002,"000000000006,9","0,00631","0000000000000,04","0000000000000,00","0000000000000,00","0000000000000,04",,"0000000000000,00","0000000000000,00","0000000000000,00",000000000000000,035
035,011,202603,202603,IB100812,00,NENL,N,000000000014,"000000000018,5","0,00631","0000000000000,12","0000000000000,00","0000000000000,00","0000000000000,12",,"0000000000000,00","0000000000000,00","0000000000000,00",000000000000000,035
035,011,202603,202603,IB100814,00,GE8L,N,000000000002,"000000000011,8","0,00631","0000000000000,07","0000000000000,00","0000000000000,00","0000000000000,07",,"0000000000000,00","0000000000000,00","0000000000000,00",000000000000000,035
035,011,202603,202603,IB100814,00,NENL,N,000000000018,"000000000042,2","0,00631","0000000000000,27","0000000000000,01","0000000000000,00","0000000000000,28",,"0000000000000,00","0000000000000,00","0000000000000,00",000000000000000,035
035,011,202603,202603,JG6TLF_S,00,GE8L,N,000000000015,"000000000118,2","0,00631","0000000000000,75","0000000000000,03","0000000000000,00","0000000000000,78",,"0000000000000,01","0000000000000,00","0000000000000,00",000000000000000,035
035,011,202603,202603,JG6TLF_S,00,GS3L,N,000000000006,"000000000007,2","0,0061","0000000000000,04","0000000000000,00","0000000000000,00","0000000000000,04",,"0000000000000,00","0000000000000,00","0000000000000,00",000000000000000,035
035,011,202603,202603,MB301110,00,GE8L,N,000000000001,"000000000030,9","0,00631","0000000000000,19","0000000000000,01","0000000000000,00","0000000000000,20",,"0000000000000,00","0000000000000,00","0000000000000,00",000000000000000,035
035,011,202603,202603,MB301110,00,NENL,N,000000000040,"000000000041,9","0,00631","0000000000000,26","0000000000000,01","0000000000000,00","0000000000000,27",,"0000000000000,00","0000000000000,00","0000000000000,00",000000000000000,035
035,011,202603,202603,MB301110,00,NENL,R,000000000003,"000000000003,0","0,00441","0000000000000,01","0000000000000,00","0000000000000,00","0000000000000,01",,"0000000000000,00","0000000000000,00","0000000000000,00",000000000000000,035
035,011,202603,202603,MB301152,00,GE8L,N,000000000002,"000000000008,4","0,00631","0000000000000,05","0000000000000,00","0000000000000,00","0000000000000,05",,"0000000000000,00","0000000000000,00","0000000000000,00",000000000000000,035
035,011,202603,202603,MB301153,00,NENL,N,000000000147,"000000000363,1","0,00631","0000000000002,29","0000000000000,09","0000000000000,00","0000000000002,38",,"0000000000000,02","0000000000000,00","0000000000000,00",000000000000000,035
035,011,202603,202603,MB301153,00,NENL,R,000000000009,"000000000009,5","0,00441","0000000000000,04","0000000000000,00","0000000000000,00","0000000000000,04",,"0000000000000,00","0000000000000,00","0000000000000,00",000000000000000,035
035,011,202603,202603,MB303964,00,NENL,N,000000000001,"000000000000,5","0,00631","0000000000000,00","0000000000000,00","0000000000000,00","0000000000000,00",,"0000000000000,00","0000000000000,00","0000000000000,00",000000000000000,035
035,011,202603,202603,MB304063,00,GE8L,N,000000000007,"000000000067,2","0,00631","0000000000000,42","0000000000000,02","0000000000000,00","0000000000000,44",,"0000000000000,00","0000000000000,00","0000000000000,00",000000000000000,035
035,011,202603,202603,MB304066,00,GE8L,N,000000000014,"000000000064,5","0,00631","0000000000000,41","0000000000000,02","0000000000000,00","0000000000000,43",,"0000000000000,00","0000000000000,00","0000000000000,00",000000000000000,035
035,011,202603,202603,PD6ICTBC,00,GE8L,N,000000000001,"000000000002,1","0,00631","0000000000000,01","0000000000000,00","0000000000000,00","0000000000000,01",,"0000000000000,00","0000000000000,00","0000000000000,00",000000000000000,035
035,011,202603,202603,PD6ICTBC,00,NENL,N,000000000136,"000000000478,8","0,00631","0000000000003,02","0000000000000,11","0000000000000,00","0000000000003,13",,"0000000000000,03","0000000000000,00","0000000000000,00",000000000000000,035
035,011,202603,202603,PD6ICTBC,00,NENL,R,000000000013,"000000000009,6","0,00441","0000000000000,04","0000000000000,00","0000000000000,00","0000000000000,04",,"0000000000000,00","0000000000000,00","0000000000000,00",000000000000000,035
035,011,202603,202603,PL7TLF_S,00,GS3L,N,000000000001,"000000000000,6","0,0061","0000000000000,00","0000000000000,00","0000000000000,00","0000000000000,00",,"0000000000000,00","0000000000000,00","0000000000000,00",000000000000000,035
035,011,202603,202603,PW018FKL,00,GE8L,N,000000000010,"000000000083,9","0,00631","0000000000000,53","0000000000000,02","0000000000000,00","0000000000000,55",,"0000000000000,00","0000000000000,00","0000000000000,00",000000000000000,035
035,011,202603,202603,PW018FKL,00,GE8L,R,000000000006,"000000000004,7","0,00441","0000000000000,02","0000000000000,00","0000000000000,00","0000000000000,02",,"0000000000000,00","0000000000000,00","0000000000000,00",000000000000000,035
035,011,202603,202603,PW018FKL,00,NENL,N,000000000004,"000000000002,0","0,00631","0000000000000,01","0000000000000,00","0000000000000,00","0000000000000,01",,"0000000000000,00","0000000000000,00","0000000000000,00",000000000000000,035
035,011,202603,202603,PW019CTB,00,NENL,N,000000000086,"000000000397,4","0,00631","0000000000002,51","0000000000000,09","0000000000000,00","0000000000002,60",,"0000000000000,02","0000000000000,00","0000000000000,00",000000000000000,035
035,011,202603,202603,PW028FKL,00,GE8L,N,000000000001,"000000000005,5","0,00631","0000000000000,03","0000000000000,00","0000000000000,00","0000000000000,03",,"0000000000000,00","0000000000000,00","0000000000000,00",000000000000000,035
035,011,202603,202603,PW028FKL,00,GE8L,N,000000000021,"000000000187,9","0,00631","0000000000001,19","0000000000000,04","0000000000000,00","0000000000001,23",,"0000000000000,01","0000000000000,00","0000000000000,00",000000000000000,035
035,011,202603,202603,PW028FKL,00,GE8L,R,000000000005,"000000000004,9","0,00441","0000000000000,02","0000000000000,00","0000000000000,00","0000000000000,02",,"0000000000000,00","0000000000000,00","0000000000000,00",000000000000000,035
035,011,202603,202603,PW028FKL,00,NENL,N,000000000009,"000000000029,3","0,00631","0000000000000,18","0000000000000,01","0000000000000,00","0000000000000,19",,"0000000000000,00","0000000000000,00","0000000000000,00",000000000000000,035
035,011,202603,202603,PW029CTB,00,NENL,N,000000000071,"000000000316,0","0,00631","0000000000001,99","0000000000000,08","0000000000000,00","0000000000002,07",,"0000000000000,02","0000000000000,00","0000000000000,00",000000000000000,035
035,011,202603,202603,Q020486,00,NENL,N,000000000048,"000000000056,6","0,00631","0000000000000,36","0000000000000,01","0000000000000,00","0000000000000,37",,"0000000000000,00","0000000000000,00","0000000000000,00",000000000000000,035
035,011,202603,202603,Q020486,00,NENL,R,000000000020,"000000000013,6","0,00441","0000000000000,06","0000000000000,00","0000000000000,00","0000000000000,06",,"0000000000000,00","0000000000000,00","0000000000000,00",000000000000000,035
035,011,202603,202603,Q0703167,00,GE8L,N,000000000002,"000000000022,1","0,00631","0000000000000,14","0000000000000,01","0000000000000,00","0000000000000,15",,"0000000000000,00","0000000000000,00","0000000000000,00",000000000000000,035
035,011,202603,202603,Q0703365,00,NENL,N,000000000010,"000000000026,5","0,00631","0000000000000,17","0000000000000,01","0000000000000,00","0000000000000,18",,"0000000000000,00","0000000000000,00","0000000000000,00",000000000000000,035
035,011,202603,202603,Q0703412,00,NENL,N,000000000003,"000000000006,1","0,00631","0000000000000,04","0000000000000,00","0000000000000,00","0000000000000,04",,"0000000000000,00","0000000000000,00","0000000000000,00",000000000000000,035
035,011,202603,202603,Q0703558,00,NENL,N,000000000014,"000000000029,3","0,00631","0000000000000,18","0000000000000,01","0000000000000,00","0000000000000,19",,"0000000000000,00","0000000000000,00","0000000000000,00",000000000000000,035
035,011,202603,202603,RQ0412JL,00,NENL,N,000000000001,"000000000000,6","0,00631","0000000000000,00","0000000000000,00","0000000000000,00","0000000000000,00",,"0000000000000,00","0000000000000,00","0000000000000,00",000000000000000,035
035,011,202603,202603,RQ0412MM,00,NENL,N,000000000002,"000000000004,9","0,00631","0000000000000,03","0000000000000,00","0000000000000,00","0000000000000,03",,"0000000000000,00","0000000000000,00","0000000000000,00",000000000000000,035
035,011,202603,202603,RQ053FAC,00,NENL,N,000000000251,"000000000460,9","0,00631","0000000000002,91","0000000000000,11","0000000000000,00","0000000000003,02",,"0000000000000,03","0000000000000,00","0000000000000,00",000000000000000,035
035,011,202603,202603,RQ053FAC,00,NENL,R,000000000034,"000000000038,2","0,00441","0000000000000,17","0000000000000,01","0000000000000,00","0000000000000,18",,"0000000000000,00","0000000000000,00","0000000000000,00",000000000000000,035
035,011,202603,202603,RR0112SR,00,NENL,N,000000000004,"000000000055,6","0,00631","0000000000000,35","0000000000000,01","0000000000000,00","0000000000000,36",,"0000000000000,00","0000000000000,00","0000000000000,00",000000000000000,035
035,011,202603,202603,RR0112SR,00,NENL,R,000000000001,"000000000030,9","0,00441","0000000000000,14","0000000000000,01","0000000000000,00","0000000000000,15",,"0000000000000,00","0000000000000,00","0000000000000,00",000000000000000,035
035,011,202603,202603,RR0312SR,00,NENL,N,000000000003,"000000000065,5","0,00631","0000000000000,41","0000000000000,02","0000000000000,00","0000000000000,43",,"0000000000000,00","0000000000000,00","0000000000000,00",000000000000000,035
035,011,202603,202603,RR0312SR,00,NENL,R,000000000002,"000000000076,9","0,00441","0000000000000,34","0000000000000,01","0000000000000,00","0000000000000,35",,"0000000000000,00","0000000000000,00","0000000000000,00",000000000000000,035
035,011,202603,202603,RU01BR12,00,NENL,N,000000000003,"000000000009,1","0,00631","0000000000000,06","0000000000000,00","0000000000000,00","0000000000000,06",,"0000000000000,00","0000000000000,00","0000000000000,00",000000000000000,035
035,011,202603,202603,S0703008,00,NENL,N,000000000011,"000000000024,5","0,00631","0000000000000,15","0000000000000,01","0000000000000,00","0000000000000,16",,"0000000000000,00","0000000000000,00","0000000000000,00",000000000000000,035
035,011,202603,202603,S1001572,00,NENL,N,000000000031,"000000000080,2","0,00631","0000000000000,51","0000000000000,02","0000000000000,00","0000000000000,53",,"0000000000000,00","0000000000000,00","0000000000000,00",000000000000000,035
035,011,202603,202603,S1001572,00,NENL,R,000000000004,"000000000003,1","0,00441","0000000000000,01","0000000000000,00","0000000000000,00","0000000000000,01",,"0000000000000,00","0000000000000,00","0000000000000,00",000000000000000,035
035,011,202603,202603,S1001581,00,GE8L,N,000000000002,"000000000013,1","0,00631","0000000000000,08","0000000000000,00","0000000000000,00","0000000000000,08",,"0000000000000,00","0000000000000,00","0000000000000,00",000000000000000,035
035,011,202603,202603,S1001581,00,NENL,N,000000000126,"000000000291,0","0,00631","0000000000001,84","0000000000000,07","0000000000000,00","0000000000001,91",,"0000000000000,02","0000000000000,00","0000000000000,00",000000000000000,035
035,011,202603,202603,S1001581,00,NENL,R,000000000010,"000000000024,9","0,00441","0000000000000,11","0000000000000,00","0000000000000,00","0000000000000,11",,"0000000000000,00","0000000000000,00","0000000000000,00",000000000000000,035
035,011,202603,202603,S1004063,00,GE8L,N,000000000010,"000000000055,9","0,00631","0000000000000,35","0000000000000,01","0000000000000,00","0000000000000,36",,"0000000000000,00","0000000000000,00","0000000000000,00",000000000000000,035
035,011,202603,202603,S1004066,00,GE8L,N,000000000006,"000000000037,0","0,00631","0000000000000,23","0000000000000,01","0000000000000,00","0000000000000,24",,"0000000000000,00","0000000000000,00","0000000000000,00",000000000000000,035
035,011,202603,202603,S1603366,00,NENL,N,000000000006,"000000000006,1","0,00631","0000000000000,04","0000000000000,00","0000000000000,00","0000000000000,04",,"0000000000000,00","0000000000000,00","0000000000000,00",000000000000000,035
035,011,202603,202603,S1603369,00,NENL,N,000000000005,"000000000010,0","0,00631","0000000000000,06","0000000000000,00","0000000000000,00","0000000000000,06",,"0000000000000,00","0000000000000,00","0000000000000,00",000000000000000,035
035,011,202603,202603,S1603369,00,NENL,R,000000000001,"000000000000,5","0,00441","0000000000000,00","0000000000000,00","0000000000000,00","0000000000000,00",,"0000000000000,00","0000000000000,00","0000000000000,00",000000000000000,035
035,011,202603,202603,S1604102,00,NENL,N,000000000012,"000000000031,1","0,00631","0000000000000,20","0000000000000,01","0000000000000,00","0000000000000,21",,"0000000000000,00","0000000000000,00","0000000000000,00",000000000000000,035
035,011,202603,202603,TZ01CTIP,00,NENL,N,000000000001,"000000000000,5","0,00631","0000000000000,00","0000000000000,00","0000000000000,00","0000000000000,00",,"0000000000000,00","0000000000000,00","0000000000000,00",000000000000000,035
035,011,202603,202603,TZ01CTIP,00,NENL,R,000000000001,"000000000000,5","0,00441","0000000000000,00","0000000000000,00","0000000000000,00","0000000000000,00",,"0000000000000,00","0000000000000,00","0000000000000,00",000000000000000,035
035,011,202603,202603,VM300572,00,GE8L,N,000000000004,"000000000028,0","0,00631","0000000000000,18","0000000000000,01","0000000000000,00","0000000000000,19",,"0000000000000,00","0000000000000,00","0000000000000,00",000000000000000,035
035,011,202603,202603,VM300572,00,NENL,N,000000000033,"000000000047,5","0,00631","0000000000000,30","0000000000000,01","0000000000000,00","0000000000000,31",,"0000000000000,00","0000000000000,00","0000000000000,00",000000000000000,035
035,011,202603,202603,VM300572,00,NENL,R,000000000002,"000000000001,5","0,00441","0000000000000,01","0000000000000,00","0000000000000,00","0000000000000,01",,"0000000000000,00","0000000000000,00","0000000000000,00",000000000000000,035
035,011,202603,202603,VM300581,00,GE8L,N,000000000001,"000000000005,2","0,00631","0000000000000,03","0000000000000,00","0000000000000,00","0000000000000,03",,"0000000000000,00","0000000000000,00","0000000000000,00",000000000000000,035
035,011,202603,202603,VM300581,00,GE8L,N,000000000001,"000000000000,5","0,00631","0000000000000,00","0000000000000,00","0000000000000,00","0000000000000,00",,"0000000000000,00","0000000000000,00","0000000000000,00",000000000000000,035
035,011,202603,202603,VM300581,00,NENL,N,000000000159,"000000000418,2","0,00631","0000000000002,64","0000000000000,10","0000000000000,00","0000000000002,74",,"0000000000000,02","0000000000000,00","0000000000000,00",000000000000000,035
035,011,202603,202603,VM300581,00,NENL,R,000000000014,"000000000009,5","0,00441","0000000000000,04","0000000000000,00","0000000000000,00","0000000000000,04",,"0000000000000,00","0000000000000,00","0000000000000,00",000000000000000,035
035,011,202603,202603,VM304063,00,GE8L,N,000000000011,"000000000050,1","0,00631","0000000000000,32","0000000000000,01","0000000000000,00","0000000000000,33",,"0000000000000,00","0000000000000,00","0000000000000,00",000000000000000,035
035,011,202603,202603,VM304066,00,GE8L,N,000000000010,"000000000089,1","0,00631","0000000000000,56","0000000000000,02","0000000000000,00","0000000000000,58",,"0000000000000,01","0000000000000,00","0000000000000,00",000000000000000,035
035,011,202603,202603,VU11029,00,GE8L,N,000000000011,"000000000090,7","0,00631","0000000000000,57","0000000000000,02","0000000000000,00","0000000000000,59",,"0000000000000,01","0000000000000,00","0000000000000,00",000000000000000,035
035,011,202603,202603,VU11029,00,GE8L,R,000000000006,"000000000004,3","0,00441","0000000000000,02","0000000000000,00","0000000000000,00","0000000000000,02",,"0000000000000,00","0000000000000,00","0000000000000,00",000000000000000,035
035,011,202603,202603,VU11029,00,NENL,N,000000000005,"000000000011,7","0,00631","0000000000000,07","0000000000000,00","0000000000000,00","0000000000000,07",,"0000000000000,00","0000000000000,00","0000000000000,00",000000000000000,035
035,011,202603,202603,W02TLF_N,00,GE8L,N,000000000001,"000000000005,5","0,00631","0000000000000,03","0000000000000,00","0000000000000,00","0000000000000,03",,"0000000000000,00","0000000000000,00","0000000000000,00",000000000000000,035
048,011,202603,202603,00002IP2,00,GE8L,N,000000000005,"000000000004,5","0,00631","0000000000000,03","0000000000000,00","0000000000000,00","0000000000000,03",,"0000000000000,00","0000000000000,00","0000000000000,00",000000000000000,048
048,011,202603,202603,1ALG015I,00,NENL,N,000000000001,"000000000004,3","0,00631","0000000000000,03","0000000000000,00","0000000000000,00","0000000000000,03",,"0000000000000,00","0000000000000,00","0000000000000,00",000000000000000,048
048,011,202603,202603,1CTB009I,00,NENL,N,000000000001,"000000000000,5","0,00631","0000000000000,00","0000000000000,00","0000000000000,00","0000000000000,00",,"0000000000000,00","0000000000000,00","0000000000000,00",000000000000000,048
048,011,202603,202603,300021P1,00,GE8L,N,000000000003,"000000000003,9","0,00631","0000000000000,02","0000000000000,00","0000000000000,00","0000000000000,02",,"0000000000000,00","0000000000000,00","0000000000000,00",000000000000000,048
048,011,202603,202603,30002IP1,00,GE8L,N,000000000004,"000000000014,0","0,00631","0000000000000,09","0000000000000,00","0000000000000,00","0000000000000,09",,"0000000000000,00","0000000000000,00","0000000000000,00",000000000000000,048
048,011,202603,202603,30003IP4,00,GE8L,N,000000000001,"000000000000,5","0,00631","0000000000000,00","0000000000000,00","0000000000000,00","0000000000000,00",,"0000000000000,00","0000000000000,00","0000000000000,00",000000000000000,048
048,011,202603,202603,30003IP4,00,GE8L,N,000000000038,"000000000322,4","0,00631","0000000000002,03","0000000000000,08","0000000000000,00","0000000000002,11",,"0000000000000,02","0000000000000,00","0000000000000,00",000000000000000,048
048,011,202603,202603,30003IP4,00,GE8L,R,000000000001,"000000000004,4","0,00441","0000000000000,02","0000000000000,00","0000000000000,00","0000000000000,02",,"0000000000000,00","0000000000000,00","0000000000000,00",000000000000000,048
048,011,202603,202603,3CTB0021,00,NENL,N,000000000001,"000000000005,1","0,00631","0000000000000,03","0000000000000,00","0000000000000,00","0000000000000,03",,"0000000000000,00","0000000000000,00","0000000000000,00",000000000000000,048
048,011,202603,202603,3CTB003I,00,NENL,N,000000000002,"000000000003,3","0,00631","0000000000000,02","0000000000000,00","0000000000000,00","0000000000000,02",,"0000000000000,00","0000000000000,00","0000000000000,00",000000000000000,048
048,011,202603,202603,3PA_FALK,00,GE8L,N,000000000004,"000000000022,8","0,00631","0000000000000,14","0000000000000,01","0000000000000,00","0000000000000,15",,"0000000000000,00","0000000000000,00","0000000000000,00",000000000000000,048
048,011,202603,202603,3PA_FALK,00,GE8L,N,000000000036,"000000000375,3","0,00631","0000000000002,37","0000000000000,09","0000000000000,00","0000000000002,46",,"0000000000000,02","0000000000000,00","0000000000000,00",000000000000000,048
048,011,202603,202603,4FACTR4I,00,NENL,N,000000000003,"000000000005,6","0,00631","0000000000000,04","0000000000000,00","0000000000000,00","0000000000000,04",,"0000000000000,00","0000000000000,00","0000000000000,00",000000000000000,048
048,011,202603,202603,6012003I,00,NENL,N,000000000001,"000000000001,5","0,00631","0000000000000,01","0000000000000,00","0000000000000,00","0000000000000,01",,"0000000000000,00","0000000000000,00","0000000000000,00",000000000000000,048
048,011,202603,202603,6CTB003I,00,NENL,N,000000000001,"000000000000,5","0,00631","0000000000000,00","0000000000000,00","0000000000000,00","0000000000000,00",,"0000000000000,00","0000000000000,00","0000000000000,00",000000000000000,048
048,011,202603,202603,6CTB009I,00,NENL,N,000000000003,"000000000003,0","0,00631","0000000000000,02","0000000000000,00","0000000000000,00","0000000000000,02",,"0000000000000,00","0000000000000,00","0000000000000,00",000000000000000,048
048,011,202603,202603,6CTB016I,00,NENL,N,000000000001,"000000000003,8","0,00631","0000000000000,02","0000000000000,00","0000000000000,00","0000000000000,02",,"0000000000000,00","0000000000000,00","0000000000000,00",000000000000000,048
048,011,202603,202603,6CTB028I,00,NENL,N,000000000001,"000000000001,5","0,00631","0000000000000,01","0000000000000,00","0000000000000,00","0000000000000,01",,"0000000000000,00","0000000000000,00","0000000000000,00",000000000000000,048
048,011,202603,202603,6GLO002I,00,GE8L,N,000000000001,"000000000006,1","0,00631","0000000000000,04","0000000000000,00","0000000000000,00","0000000000000,04",,"0000000000000,00","0000000000000,00","0000000000000,00",000000000000000,048
048,011,202603,202603,6OIF086I,00,NENL,N,000000000004,"000000000015,3","0,00631","0000000000000,10","0000000000000,00","0000000000000,00","0000000000000,10",,"0000000000000,00","0000000000000,00","0000000000000,00",000000000000000,048
048,011,202603,202603,6OIF087I,00,GE8L,N,000000000003,"000000000044,2","0,00631","0000000000000,28","0000000000000,01","0000000000000,00","0000000000000,29",,"0000000000000,00","0000000000000,00","0000000000000,00",000000000000000,048
048,011,202603,202603,7OIF086I,00,NENL,N,000000000003,"000000000053,8","0,00631","0000000000000,34","0000000000000,01","0000000000000,00","0000000000000,35",,"0000000000000,00","0000000000000,00","0000000000000,00",000000000000000,048
048,011,202603,202603,7OIF087I,00,GE8L,N,000000000006,"000000000075,9","0,00631","0000000000000,48","0000000000000,02","0000000000000,00","0000000000000,50",,"0000000000000,00","0000000000000,00","0000000000000,00",000000000000000,048
048,011,202603,202603,8CTB030I,00,NENL,N,000000000003,"000000000015,5","0,00631","0000000000000,10","0000000000000,00","0000000000000,00","0000000000000,10",,"0000000000000,00","0000000000000,00","0000000000000,00",000000000000000,048
048,011,202603,202603,A021239,00,NENL,N,000000000001,"000000000001,3","0,00631","0000000000000,01","0000000000000,00","0000000000000,00","0000000000000,01",,"0000000000000,00","0000000000000,00","0000000000000,00",000000000000000,048
048,011,202603,202603,A030901,00,NENL,N,000000000001,"000000000000,5","0,00631","0000000000000,00","0000000000000,00","0000000000000,00","0000000000000,00",,"0000000000000,00","0000000000000,00","0000000000000,00",000000000000000,048
048,011,202603,202603,AM10002,00,GE8L,N,000000000004,"000000000002,3","0,00631","0000000000000,01","0000000000000,00","0000000000000,00","0000000000000,01",,"0000000000000,00","0000000000000,00","0000000000000,00",000000000000000,048
048,011,202603,202603,AM11030,00,GE8L,N,000000000003,"000000000005,9","0,00631","0000000000000,04","0000000000000,00","0000000000000,00","0000000000000,04",,"0000000000000,00","0000000000000,00","0000000000000,00",000000000000000,048
048,011,202603,202603,AP1TLF_N,00,GE3L,N,000000000003,"000000000015,9","0,00631","0000000000000,10","0000000000000,00","0000000000000,00","0000000000000,10",,"0000000000000,00","0000000000000,00","0000000000000,00",000000000000000,048
048,011,202603,202603,AP1TLF_N,00,GE8L,N,000000000631,"000000004966,9","0,00631","0000000000031,34","0000000000001,19","0000000000000,00","0000000000032,53",,"0000000000000,28","0000000000000,00","0000000000000,00",000000000000003,048
048,011,202603,202603,AP1TLF_N,00,GE8L,R,000000000018,"000000000086,0","0,00441","0000000000000,38","0000000000000,01","0000000000000,00","0000000000000,39",,"0000000000000,00","0000000000000,00","0000000000000,00",000000000000000,048
048,011,202603,202603,AP2TLF_N,00,GE3L,N,000000000001,"000000000005,1","0,00631","0000000000000,03","0000000000000,00","0000000000000,00","0000000000000,03",,"0000000000000,00","0000000000000,00","0000000000000,00",000000000000000,048
048,011,202603,202603,AP2TLF_N,00,GE8L,N,000000000626,"000000004922,5","0,00631","0000000000031,06","0000000000001,18","0000000000000,00","0000000000032,24",,"0000000000000,28","0000000000000,00","0000000000000,00",000000000000003,048
048,011,202603,202603,AP2TLF_N,00,GE8L,R,000000000020,"000000000103,3","0,00441","0000000000000,46","0000000000000,02","0000000000000,00","0000000000000,48",,"0000000000000,00","0000000000000,00","0000000000000,00",000000000000000,048
048,011,202603,202603,CO100812,00,NENL,N,000000000001,"000000000001,0","0,00631","0000000000000,01","0000000000000,00","0000000000000,00","0000000000000,01",,"0000000000000,00","0000000000000,00","0000000000000,00",000000000000000,048
048,011,202603,202603,JG6TLF_S,00,GE8L,N,000000000005,"000000000014,9","0,00631","0000000000000,09","0000000000000,00","0000000000000,00","0000000000000,09",,"0000000000000,00","0000000000000,00","0000000000000,00",000000000000000,048
048,011,202603,202603,MB301110,00,NENL,N,000000000005,"000000000009,4","0,00631","0000000000000,06","0000000000000,00","0000000000000,00","0000000000000,06",,"0000000000000,00","0000000000000,00","0000000000000,00",000000000000000,048
048,011,202603,202603,MB301153,00,NENL,N,000000000004,"000000000014,3","0,00631","0000000000000,09","0000000000000,00","0000000000000,00","0000000000000,09",,"0000000000000,00","0000000000000,00","0000000000000,00",000000000000000,048
048,011,202603,202603,PD6ICTBC,00,NENL,N,000000000006,"000000000012,2","0,00631","0000000000000,08","0000000000000,00","0000000000000,00","0000000000000,08",,"0000000000000,00","0000000000000,00","0000000000000,00",000000000000000,048
048,011,202603,202603,PW018FKL,00,GE8L,N,000000000002,"000000000051,8","0,00631","0000000000000,33","0000000000000,01","0000000000000,00","0000000000000,34",,"0000000000000,00","0000000000000,00","0000000000000,00",000000000000000,048
048,011,202603,202603,PW018FKL,00,GE8L,N,000000000004,"000000000014,3","0,00631","0000000000000,09","0000000000000,00","0000000000000,00","0000000000000,09",,"0000000000000,00","0000000000000,00","0000000000000,00",000000000000000,048
048,011,202603,202603,PW019CTB,00,NENL,N,000000000014,"000000000036,7","0,00631","0000000000000,23","0000000000000,01","0000000000000,00","0000000000000,24",,"0000000000000,00","0000000000000,00","0000000000000,00",000000000000000,048
048,011,202603,202603,PW028FKL,00,GE8L,N,000000000002,"000000000001,0","0,00631","0000000000000,01","0000000000000,00","0000000000000,00","0000000000000,01",,"0000000000000,00","0000000000000,00","0000000000000,00",000000000000000,048
048,011,202603,202603,PW028FKL,00,GE8L,N,000000000014,"000000000041,5","0,00631","0000000000000,26","0000000000000,01","0000000000000,00","0000000000000,27",,"0000000000000,00","0000000000000,00","0000000000000,00",000000000000000,048
048,011,202603,202603,PW028FKL,00,GE8L,R,000000000001,"000000000000,7","0,00441","0000000000000,00","0000000000000,00","0000000000000,00","0000000000000,00",,"0000000000000,00","0000000000000,00","0000000000000,00",000000000000000,048
048,011,202603,202603,PW029CTB,00,NENL,N,000000000012,"000000000021,0","0,00631","0000000000000,13","0000000000000,01","0000000000000,00","0000000000000,14",,"0000000000000,00","0000000000000,00","0000000000000,00",000000000000000,048
048,011,202603,202603,Q020486,00,NENL,N,000000000001,"000000000000,5","0,00631","0000000000000,00","0000000000000,00","0000000000000,00","0000000000000,00",,"0000000000000,00","0000000000000,00","0000000000000,00",000000000000000,048
048,011,202603,202603,RQ053FAC,00,NENL,N,000000000013,"000000000034,8","0,00631","0000000000000,22","0000000000000,01","0000000000000,00","0000000000000,23",,"0000000000000,00","0000000000000,00","0000000000000,00",000000000000000,048
048,011,202603,202603,RR0112SR,00,NENL,N,000000000002,"000000000007,4","0,00631","0000000000000,05","0000000000000,00","0000000000000,00","0000000000000,05",,"0000000000000,00","0000000000000,00","0000000000000,00",000000000000000,048
048,011,202603,202603,RR0312SR,00,NENL,N,000000000001,"000000000009,3","0,00631","0000000000000,06","0000000000000,00","0000000000000,00","0000000000000,06",,"0000000000000,00","0000000000000,00","0000000000000,00",000000000000000,048
048,011,202603,202603,S1001572,00,NENL,N,000000000001,"000000000001,0","0,00631","0000000000000,01","0000000000000,00","0000000000000,00","0000000000000,01",,"0000000000000,00","0000000000000,00","0000000000000,00",000000000000000,048
048,011,202603,202603,S1001581,00,NENL,N,000000000004,"000000000006,4","0,00631","0000000000000,04","0000000000000,00","0000000000000,00","0000000000000,04",,"0000000000000,00","0000000000000,00","0000000000000,00",000000000000000,048
048,011,202603,202603,S1603369,00,NENL,N,000000000002,"000000000006,7","0,00631","0000000000000,04","0000000000000,00","0000000000000,00","0000000000000,04",,"0000000000000,00","0000000000000,00","0000000000000,00",000000000000000,048
048,011,202603,202603,S1604102,00,NENL,N,000000000002,"000000000006,2","0,00631","0000000000000,04","0000000000000,00","0000000000000,00","0000000000000,04",,"0000000000000,00","0000000000000,00","0000000000000,00",000000000000000,048
048,011,202603,202603,VM300581,00,NENL,N,000000000003,"000000000002,9","0,00631","0000000000000,02","0000000000000,00","0000000000000,00","0000000000000,02",,"0000000000000,00","0000000000000,00","0000000000000,00",000000000000000,048
048,011,202603,202603,VU11029,00,GE8L,N,000000000001,"000000000007,2","0,00631","0000000000000,05","0000000000000,00","0000000000000,00","0000000000000,05",,"0000000000000,00","0000000000000,00","0000000000000,00",000000000000000,048
048,011,202603,202603,VU11029,00,GE8L,N,000000000007,"000000000031,7","0,00631","0000000000000,20","0000000000000,01","0000000000000,00","0000000000000,21",,"0000000000000,00","0000000000000,00","0000000000000,00",000000000000000,048
048,011,202603,202603,W01TLF_N,00,GE8L,N,000000000001,"000000000046,3","0,00631","0000000000000,29","0000000000000,01","0000000000000,00","0000000000000,30",,"0000000000000,00","0000000000000,00","0000000000000,00",000000000000000,048
048,011,202603,202603,W02TLF_N,00,GE8L,N,000000000002,"000000000001,0","0,00631","0000000000000,01","0000000000000,00","0000000000000,00","0000000000000,01",,"0000000000000,00","0000000000000,00","0000000000000,00",000000000000000,048
049,011,202603,202603,8ALG003I,00,NENL,N,000000000001,"000000000000,7","0,00631","0000000000000,00","0000000000000,00","0000000000000,00","0000000000000,00",,"0000000000000,00","0000000000000,00","0000000000000,00",000000000000000,049
049,011,202603,202603,S1001580,00,GE8L,N,000000000001,"000000000008,9","0,00631","0000000000000,06","0000000000000,00","0000000000000,00","0000000000000,06",,"0000000000000,00","0000000000000,00","0000000000000,00",000000000000000,049
049,011,202603,202603,VM300580,00,GE8L,N,000000000001,"000000000010,3","0,00631","0000000000000,06","0000000000000,00","0000000000000,00","0000000000000,06",,"0000000000000,00","0000000000000,00","0000000000000,00",000000000000000,049
316,011,202603,202603,30003IP4,00,GE8L,N,000000000008,"000000000052,0","0,0061","0000000000000,32","0000000000000,01","0000000000000,00","0000000000000,33",,"0000000000000,00","0000000000000,00","0000000000000,00",000000000000000,316
316,011,202603,202603,3CLF022I,00,GE8L,N,000000000001,"000000000004,6","0,0061","0000000000000,03","0000000000000,00","0000000000000,00","0000000000000,03",,"0000000000000,00","0000000000000,00","0000000000000,00",000000000000000,316
316,011,202603,202603,3PA_FALK,00,GE8L,N,000000000006,"000000000038,3","0,0061","0000000000000,23","0000000000000,01","0000000000000,00","0000000000000,24",,"0000000000000,00","0000000000000,00","0000000000000,00",000000000000000,316
316,011,202603,202603,PW018FKL,00,GE8L,N,000000000002,"000000000001,2","0,0061","0000000000000,01","0000000000000,00","0000000000000,00","0000000000000,01",,"0000000000000,00","0000000000000,00","0000000000000,00",000000000000000,316
316,011,202603,202603,PW028FKL,00,GE8L,N,000000000001,"000000000002,5","0,0061","0000000000000,02","0000000000000,00","0000000000000,00","0000000000000,02",,"0000000000000,00","0000000000000,00","0000000000000,00",000000000000000,316
316,011,202603,202603,VU11029,00,GE8L,N,000000000002,"000000000018,3","0,0061","0000000000000,11","0000000000000,00","0000000000000,00","0000000000000,11",,"0000000000000,00","0000000000000,00","0000000000000,00",000000000000000,316
317,011,202603,202603,PL7TLF_S,00,GS3L,N,000000000001,"000000000001,3","0,0061","0000000000000,01","0000000000000,00","0000000000000,00","0000000000000,01",,"0000000000000,00","0000000000000,00","0000000000000,00",000000000000000,317
318,011,202603,202603,7CTB025O,00,GS8L,N,000000000008,"000000000026,9","0,0061","0000000000000,16","0000000000000,01","0000000000000,00","0000000000000,17",,"0000000000000,00","0000000000000,00","0000000000000,00",000000000000000,318
318,011,202603,202603,7CTB028O,00,GS8L,N,000000000001,"000000000004,0","0,0061","0000000000000,02","0000000000000,00","0000000000000,00","0000000000000,02",,"0000000000000,00","0000000000000,00","0000000000000,00",000000000000000,318
320,011,202603,202603,6AUE010I,00,GE8L,N,000000000010,"000000000088,6","0,0061","0000000000000,54","0000000000000,02","0000000000000,00","0000000000000,56",,"0000000000000,00","0000000000000,00","0000000000000,00",000000000000000,320
320,011,202603,202603,7AUE010I,00,GE8L,N,000000000003,"000000000016,6","0,0061","0000000000000,10","0000000000000,00","0000000000000,00","0000000000000,10",,"0000000000000,00","0000000000000,00","0000000000000,00",000000000000000,320
351,011,202603,202603,7012009O,00,GS8L,N,000000000001,"000000000003,0","0,0061","0000000000000,02","0000000000000,00","0000000000000,00","0000000000000,02",,"0000000000000,00","0000000000000,00","0000000000000,00",000000000000000,351
351,011,202603,202603,7CTB025O,00,GS8L,N,000000000002,"000000000002,3","0,0061","0000000000000,01","0000000000000,00","0000000000000,00","0000000000000,01",,"0000000000000,00","0000000000000,00","0000000000000,00",000000000000000,351
351,011,202603,202603,S1604100,00,GS8L,N,000000000001,"000000000003,4","0,0061","0000000000000,02","0000000000000,00","0000000000000,00","0000000000000,02",,"0000000000000,00","0000000000000,00","0000000000000,00",000000000000000,351
355,011,202603,202603,4XCTPR7S,00,NSNI,D,000000000892,"000000002213,7","0,00671","0000000000014,85","0000000000000,56","0000000000000,00","0000000000015,41",,"0000000000000,13","0000000000000,00","0000000000000,00",000000000000001,035
355,011,202603,202603,4XCTPR7S,00,NSNI,D,000000000150,"000000000424,9","0,00671","0000000000002,85","0000000000000,11","0000000000000,00","0000000000002,96",,"0000000000000,03","0000000000000,00","0000000000000,00",000000000000000,355
355,011,202603,202603,4XCTPR7S,00,NSNI,N,000000000261,"000000000832,1","0,00671","0000000000005,58","0000000000000,21","0000000000000,00","0000000000005,79",,"0000000000000,05","0000000000000,00","0000000000000,00",000000000000001,035
355,011,202603,202603,4XCTPR7S,00,NSNI,N,000000000050,"000000000101,4","0,00671","0000000000000,68","0000000000000,03","0000000000000,00","0000000000000,71",,"0000000000000,01","0000000000000,00","0000000000000,00",000000000000000,355
355,011,202603,202603,4XCTPR7S,00,NSNI,R,000000000041,"000000000186,3","0,00671","0000000000001,25","0000000000000,05","0000000000000,00","0000000000001,30",,"0000000000000,01","0000000000000,00","0000000000000,00",000000000000000,035
355,011,202603,202603,4XCTPR7S,00,NSNI,R,000000000002,"000000000003,5","0,00671","0000000000000,02","0000000000000,00","0000000000000,00","0000000000000,02",,"0000000000000,00","0000000000000,00","0000000000000,00",000000000000000,355
355,011,202603,202603,4XCTPR7S,00,NSNI,S,000000000009,"000000000011,1","0,00671","0000000000000,07","0000000000000,00","0000000000000,00","0000000000000,07",,"0000000000000,00","0000000000000,00","0000000000000,00",000000000000000,035
355,011,202603,202603,4XCTUL4S,00,NSNI,D,000000011531,"000000037445,0","0,00671","0000000000251,26","0000000000009,52","0000000000000,00","0000000000260,78",,"0000000000002,26","0000000000000,00","0000000000000,00",000000000000025,035
355,011,202603,202603,4XCTUL4S,00,NSNI,D,000000000042,"000000000105,2","0,00671","0000000000000,71","0000000000000,03","0000000000000,00","0000000000000,74",,"0000000000000,01","0000000000000,00","0000000000000,00",000000000000000,807
355,011,202603,202603,4XCTUL4S,00,NSNI,D,000000000007,"000000000003,5","0,00671","0000000000000,02","0000000000000,00","0000000000000,00","0000000000000,02",,"0000000000000,00","0000000000000,00","0000000000000,00",000000000000000,934
355,011,202603,202603,4XCTUL4S,00,NSNI,N,000000004758,"000000016227,4","0,00671","0000000000108,89","0000000000004,12","0000000000000,00","0000000000113,01",,"0000000000000,98","0000000000000,00","0000000000000,00",000000000000011,035
355,011,202603,202603,4XCTUL4S,00,NSNI,N,000000000008,"000000000030,4","0,00671","0000000000000,20","0000000000000,01","0000000000000,00","0000000000000,21",,"0000000000000,00","0000000000000,00","0000000000000,00",000000000000000,807
355,011,202603,202603,4XCTUL4S,00,NSNI,N,000000000003,"000000000002,3","0,00671","0000000000000,02","0000000000000,00","0000000000000,00","0000000000000,02",,"0000000000000,00","0000000000000,00","0000000000000,00",000000000000000,934
355,011,202603,202603,4XCTUL4S,00,NSNI,R,000000001115,"000000005786,1","0,00671","0000000000038,82","0000000000001,47","0000000000000,00","0000000000040,29",,"0000000000000,35","0000000000000,00","0000000000000,00",000000000000004,035
355,011,202603,202603,4XCTUL4S,00,NSNI,S,000000000074,"000000000238,1","0,00671","0000000000001,60","0000000000000,06","0000000000000,00","0000000000001,66",,"0000000000000,01","0000000000000,00","0000000000000,00",000000000000000,035
355,011,202603,202603,7CTB003O,00,GS8L,N,000000000002,"000000000010,6","0,0061","0000000000000,06","0000000000000,00","0000000000000,00","0000000000000,06",,"0000000000000,00","0000000000000,00","0000000000000,00",000000000000000,355
355,011,202603,202603,JG6TLF_S,00,GS3L,N,000000000007,"000000000011,2","0,0061","0000000000000,07","0000000000000,00","0000000000000,00","0000000000000,07",,"0000000000000,00","0000000000000,00","0000000000000,00",000000000000000,355
355,011,202603,202603,PL7TLF_S,00,GS3L,N,000000000009,"000000000004,7","0,0061","0000000000000,03","0000000000000,00","0000000000000,00","0000000000000,03",,"0000000000000,00","0000000000000,00","0000000000000,00",000000000000000,355
356,011,202603,202603,30003IP4,00,GE8L,N,000000000004,"000000000012,5","0,0061","0000000000000,08","0000000000000,00","0000000000000,00","0000000000000,08",,"0000000000000,00","0000000000000,00","0000000000000,00",000000000000000,356
356,011,202603,202603,3PA_FALK,00,GE8L,R,000000000001,"000000000001,1","0,00427","0000000000000,00","0000000000000,00","0000000000000,00","0000000000000,00",,"0000000000000,00","0000000000000,00","0000000000000,00",000000000000000,356
356,011,202603,202603,AM10002,00,GE8L,N,000000000001,"000000000000,9","0,0061","0000000000000,01","0000000000000,00","0000000000000,00","0000000000000,01",,"0000000000000,00","0000000000000,00","0000000000000,00",000000000000000,356
356,011,202603,202603,PW018FKL,00,GE8L,N,000000000001,"000000000001,2","0,0061","0000000000000,01","0000000000000,00","0000000000000,00","0000000000000,01",,"0000000000000,00","0000000000000,00","0000000000000,00",000000000000000,356
356,011,202603,202603,VU11029,00,GE8L,N,000000000001,"000000000000,5","0,0061","0000000000000,00","0000000000000,00","0000000000000,00","0000000000000,00",,"0000000000000,00","0000000000000,00","0000000000000,00",000000000000000,356
359,011,202603,202603,1OIF040I,00,GE8L,N,000000000146,"000000001211,7","0,0061","0000000000007,39","0000000000000,28","0000000000000,00","0000000000007,67",,"0000000000000,07","0000000000000,00","0000000000000,00",000000000000001,359
359,011,202603,202603,1OIF040I,00,GE8L,R,000000000023,"000000000232,5","0,00427","0000000000000,99","0000000000000,04","0000000000000,00","0000000000001,03",,"0000000000000,01","0000000000000,00","0000000000000,00",000000000000000,359
359,011,202603,202603,3OIF059I,00,GE8L,N,000000000002,"000000000012,7","0,0061","0000000000000,08","0000000000000,00","0000000000000,00","0000000000000,08",,"0000000000000,00","0000000000000,00","0000000000000,00",000000000000000,359
359,011,202603,202603,6OIF040I,00,GE8L,N,000000000152,"000000001288,7","0,0061","0000000000007,86","0000000000000,30","0000000000000,00","0000000000008,16",,"0000000000000,07","0000000000000,00","0000000000000,00",000000000000001,359
359,011,202603,202603,6OIF040I,00,GE8L,R,000000000024,"000000000169,0","0,00427","0000000000000,72","0000000000000,03","0000000000000,00","0000000000000,75",,"0000000000000,01","0000000000000,00","0000000000000,00",000000000000000,359
359,011,202603,202603,7CTB025O,00,GS8L,N,000000000006,"000000000035,1","0,0061","0000000000000,21","0000000000000,01","0000000000000,00","0000000000000,22",,"0000000000000,00","0000000000000,00","0000000000000,00",000000000000000,359
359,011,202603,202603,8OIF059I,00,GE8L,N,000000000003,"000000000037,8","0,0061","0000000000000,23","0000000000000,01","0000000000000,00","0000000000000,24",,"0000000000000,00","0000000000000,00","0000000000000,00",000000000000000,359
359,011,202603,202603,PW028FKL,00,GE8L,N,000000000001,"000000000008,8","0,0061","0000000000000,05","0000000000000,00","0000000000000,00","0000000000000,05",,"0000000000000,00","0000000000000,00","0000000000000,00",000000000000000,359
361,011,202603,202603,7CTB003O,00,GS8L,N,000000000003,"000000000009,4","0,0061","0000000000000,06","0000000000000,00","0000000000000,00","0000000000000,06",,"0000000000000,00","0000000000000,00","0000000000000,00",000000000000000,361
361,011,202603,202603,7CTB025O,00,GS8L,N,000000000027,"000000000146,9","0,0061","0000000000000,90","0000000000000,03","0000000000000,00","0000000000000,93",,"0000000000000,01","0000000000000,00","0000000000000,00",000000000000000,361
361,011,202603,202603,7CTB037O,00,GS8L,N,000000000001,"000000000008,7","0,0061","0000000000000,05","0000000000000,00","0000000000000,00","0000000000000,05",,"0000000000000,00","0000000000000,00","0000000000000,00",000000000000000,361
361,011,202603,202603,JG6TLF_S,00,GS3L,N,000000000017,"000000000008,5","0,0061","0000000000000,05","0000000000000,00","0000000000000,00","0000000000000,05",,"0000000000000,00","0000000000000,00","0000000000000,00",000000000000000,361
361,011,202603,202603,PL7TLF_S,00,GS3L,N,000000000008,"000000000007,1","0,0061","0000000000000,04","0000000000000,00","0000000000000,00","0000000000000,04",,"0000000000000,00","0000000000000,00","0000000000000,00",000000000000000,361
361,011,202603,202603,S1604100,00,GS8L,N,000000000002,"000000000012,3","0,0061","0000000000000,08","0000000000000,00","0000000000000,00","0000000000000,08",,"0000000000000,00","0000000000000,00","0000000000000,00",000000000000000,361
363,011,202603,202603,00002IP2,00,GE8L,N,000000000001,"000000000000,5","0,0061","0000000000000,00","0000000000000,00","0000000000000,00","0000000000000,00",,"0000000000000,00","0000000000000,00","0000000000000,00",000000000000000,363
363,011,202603,202603,300021P1,00,GE8L,N,000000000005,"000000000043,2","0,0061","0000000000000,26","0000000000000,01","0000000000000,00","0000000000000,27",,"0000000000000,00","0000000000000,00","0000000000000,00",000000000000000,363
363,011,202603,202603,30002IP1,00,GE8L,N,000000000007,"000000000033,0","0,0061","0000000000000,20","0000000000000,01","0000000000000,00","0000000000000,21",,"0000000000000,00","0000000000000,00","0000000000000,00",000000000000000,363
363,011,202603,202603,30003IP4,00,GE8L,N,000000000136,"000000000994,2","0,0061","0000000000006,06","0000000000000,23","0000000000000,00","0000000000006,29",,"0000000000000,05","0000000000000,00","0000000000000,00",000000000000001,363
363,011,202603,202603,30003IP4,00,GE8L,R,000000000002,"000000000002,5","0,00427","0000000000000,01","0000000000000,00","0000000000000,00","0000000000000,01",,"0000000000000,00","0000000000000,00","0000000000000,00",000000000000000,363
363,011,202603,202603,3CTB005I,00,GE3L,N,000000000012,"000000000081,1","0,0061","0000000000000,49","0000000000000,02","0000000000000,00","0000000000000,51",,"0000000000000,00","0000000000000,00","0000000000000,00",000000000000000,363
363,011,202603,202603,3CTB005I,00,GE8L,N,000000000575,"000000002805,5","0,0061","0000000000017,11","0000000000000,65","0000000000000,00","0000000000017,76",,"0000000000000,15","0000000000000,00","0000000000000,00",000000000000002,363
363,011,202603,202603,3CTB005I,00,GE8L,R,000000000080,"000000000128,9","0,00427","0000000000000,55","0000000000000,02","0000000000000,00","0000000000000,57",,"0000000000000,00","0000000000000,00","0000000000000,00",000000000000000,363
363,011,202603,202603,3OIF057I,00,GE8L,N,000000000003,"000000000012,1","0,0061","0000000000000,07","0000000000000,00","0000000000000,00","0000000000000,07",,"0000000000000,00","0000000000000,00","0000000000000,00",000000000000000,363
363,011,202603,202603,3OIF059I,00,GE8L,N,000000000005,"000000000039,5","0,0061","0000000000000,24","0000000000000,01","0000000000000,00","0000000000000,25",,"0000000000000,00","0000000000000,00","0000000000000,00",000000000000000,363
363,011,202603,202603,3PA_FALK,00,GE8L,N,000000000150,"000000001218,7","0,0061","0000000000007,43","0000000000000,28","0000000000000,00","0000000000007,71",,"0000000000000,07","0000000000000,00","0000000000000,00",000000000000001,363
363,011,202603,202603,3PA_FALK,00,GE8L,R,000000000003,"000000000001,8","0,00427","0000000000000,01","0000000000000,00","0000000000000,00","0000000000000,01",,"0000000000000,00","0000000000000,00","0000000000000,00",000000000000000,363
363,011,202603,202603,4OIF105O,00,NSNL,N,000000000018,"000000000012,0","0,00631","0000000000000,08","0000000000000,00","0000000000000,00","0000000000000,08",,"0000000000000,00","0000000000000,00","0000000000000,00",000000000000000,363
363,011,202603,202603,6EAI012I,00,GE8L,N,000000000001,"000000000006,6","0,0061","0000000000000,04","0000000000000,00","0000000000000,00","0000000000000,04",,"0000000000000,00","0000000000000,00","0000000000000,00",000000000000000,363
363,011,202603,202603,6OIF087I,00,GE8L,N,000000000022,"000000000149,2","0,0061","0000000000000,91","0000000000000,03","0000000000000,00","0000000000000,94",,"0000000000000,01","0000000000000,00","0000000000000,00",000000000000000,363
363,011,202603,202603,7OIF087I,00,GE8L,N,000000000019,"000000000144,5","0,0061","0000000000000,88","0000000000000,03","0000000000000,00","0000000000000,91",,"0000000000000,01","0000000000000,00","0000000000000,00",000000000000000,363
363,011,202603,202603,8CTB005I,00,GE3L,N,000000000014,"000000000036,7","0,0061","0000000000000,22","0000000000000,01","0000000000000,00","0000000000000,23",,"0000000000000,00","0000000000000,00","0000000000000,00",000000000000000,363
363,011,202603,202603,8CTB005I,00,GE8L,N,000000000618,"000000003004,9","0,0061","0000000000018,33","0000000000000,69","0000000000000,00","0000000000019,02",,"0000000000000,16","0000000000000,00","0000000000000,00",000000000000002,363
363,011,202603,202603,8CTB005I,00,GE8L,R,000000000095,"000000000123,0","0,00427","0000000000000,53","0000000000000,02","0000000000000,00","0000000000000,55",,"0000000000000,00","0000000000000,00","0000000000000,00",000000000000000,363
363,011,202603,202603,8OIF057I,00,GE8L,N,000000000005,"000000000024,3","0,0061","0000000000000,15","0000000000000,01","0000000000000,00","0000000000000,16",,"0000000000000,00","0000000000000,00","0000000000000,00",000000000000000,363
363,011,202603,202603,8OIF059I,00,GE8L,N,000000000002,"000000000006,3","0,0061","0000000000000,04","0000000000000,00","0000000000000,00","0000000000000,04",,"0000000000000,00","0000000000000,00","0000000000000,00",000000000000000,363
363,011,202603,202603,AM10002,00,GE8L,N,000000000008,"000000000009,2","0,0061","0000000000000,06","0000000000000,00","0000000000000,00","0000000000000,06",,"0000000000000,00","0000000000000,00","0000000000000,00",000000000000000,363
363,011,202603,202603,AM11030,00,GE8L,N,000000000008,"000000000049,6","0,0061","0000000000000,30","0000000000000,01","0000000000000,00","0000000000000,31",,"0000000000000,00","0000000000000,00","0000000000000,00",000000000000000,363
363,011,202603,202603,AM11030,00,GE8L,R,000000000002,"000000000001,6","0,00427","0000000000000,01","0000000000000,00","0000000000000,00","0000000000000,01",,"0000000000000,00","0000000000000,00","0000000000000,00",000000000000000,363
363,011,202603,202603,AP100448,00,GE8L,N,000000000001,"000000000000,6","0,0061","0000000000000,00","0000000000000,00","0000000000000,00","0000000000000,00",,"0000000000000,00","0000000000000,00","0000000000000,00",000000000000000,363
363,011,202603,202603,AP100474,00,GE8L,N,000000000003,"000000000003,1","0,0061","0000000000000,02","0000000000000,00","0000000000000,00","0000000000000,02",,"0000000000000,00","0000000000000,00","0000000000000,00",000000000000000,363
363,011,202603,202603,AP100474,00,GE8L,R,000000000005,"000000000002,8","0,00427","0000000000000,01","0000000000000,00","0000000000000,00","0000000000000,01",,"0000000000000,00","0000000000000,00","0000000000000,00",000000000000000,363
363,011,202603,202603,AP100478,00,GE8L,N,000000000001,"000000000000,9","0,0061","0000000000000,01","0000000000000,00","0000000000000,00","0000000000000,01",,"0000000000000,00","0000000000000,00","0000000000000,00",000000000000000,363
363,011,202603,202603,AP1TLF_N,00,GE8L,N,000000000050,"000000000194,4","0,0061","0000000000001,19","0000000000000,04","0000000000000,00","0000000000001,23",,"0000000000000,01","0000000000000,00","0000000000000,00",000000000000000,363
363,011,202603,202603,AP1TLF_N,00,GE8L,R,000000000001,"000000000002,1","0,00427","0000000000000,01","0000000000000,00","0000000000000,00","0000000000000,01",,"0000000000000,00","0000000000000,00","0000000000000,00",000000000000000,363
363,011,202603,202603,AP1TLF_S,00,GE8L,N,000000000002,"000000000001,5","0,0061","0000000000000,01","0000000000000,00","0000000000000,00","0000000000000,01",,"0000000000000,00","0000000000000,00","0000000000000,00",000000000000000,363
363,011,202603,202603,AP200474,00,GE8L,N,000000000001,"000000000000,5","0,0061","0000000000000,00","0000000000000,00","0000000000000,00","0000000000000,00",,"0000000000000,00","0000000000000,00","0000000000000,00",000000000000000,363
363,011,202603,202603,AP200474,00,GE8L,R,000000000006,"000000000003,8","0,00427","0000000000000,02","0000000000000,00","0000000000000,00","0000000000000,02",,"0000000000000,00","0000000000000,00","0000000000000,00",000000000000000,363
363,011,202603,202603,AP200478,00,GE8L,N,000000000001,"000000000004,3","0,0061","0000000000000,03","0000000000000,00","0000000000000,00","0000000000000,03",,"0000000000000,00","0000000000000,00","0000000000000,00",000000000000000,363
363,011,202603,202603,AP2TLF_N,00,GE8L,N,000000000042,"000000000138,9","0,0061","0000000000000,85","0000000000000,03","0000000000000,00","0000000000000,88",,"0000000000000,01","0000000000000,00","0000000000000,00",000000000000000,363
363,011,202603,202603,AP2TLF_N,00,GE8L,R,000000000001,"000000000001,2","0,00427","0000000000000,01","0000000000000,00","0000000000000,00","0000000000000,01",,"0000000000000,00","0000000000000,00","0000000000000,00",000000000000000,363
363,011,202603,202603,CO100818,00,GE3L,N,000000000001,"000000000003,4","0,0061","0000000000000,02","0000000000000,00","0000000000000,00","0000000000000,02",,"0000000000000,00","0000000000000,00","0000000000000,00",000000000000000,363
363,011,202603,202603,CO100818,00,GE8L,N,000000000073,"000000000428,6","0,0061","0000000000002,61","0000000000000,10","0000000000000,00","0000000000002,71",,"0000000000000,02","0000000000000,00","0000000000000,00",000000000000000,363
363,011,202603,202603,PW018FKL,00,GE8L,N,000000000020,"000000000142,1","0,0061","0000000000000,87","0000000000000,03","0000000000000,00","0000000000000,90",,"0000000000000,01","0000000000000,00","0000000000000,00",000000000000000,363
363,011,202603,202603,PW018FKL,00,GE8L,R,000000000001,"000000000001,4","0,00427","0000000000000,01","0000000000000,00","0000000000000,00","0000000000000,01",,"0000000000000,00","0000000000000,00","0000000000000,00",000000000000000,363
363,011,202603,202603,PW028FKL,00,GE8L,N,000000000040,"000000000216,9","0,0061","0000000000001,32","0000000000000,05","0000000000000,00","0000000000001,37",,"0000000000000,01","0000000000000,00","0000000000000,00",000000000000000,363
363,011,202603,202603,PW028FKL,00,GE8L,R,000000000002,"000000000001,8","0,00427","0000000000000,01","0000000000000,00","0000000000000,00","0000000000000,01",,"0000000000000,00","0000000000000,00","0000000000000,00",000000000000000,363
363,011,202603,202603,S1003979,00,GE8L,N,000000000001,"000000000006,5","0,0061","0000000000000,04","0000000000000,00","0000000000000,00","0000000000000,04",,"0000000000000,00","0000000000000,00","0000000000000,00",000000000000000,363
363,011,202603,202603,VM303502,00,GE8L,N,000000000001,"000000000008,4","0,0061","0000000000000,05","0000000000000,00","0000000000000,00","0000000000000,05",,"0000000000000,00","0000000000000,00","0000000000000,00",000000000000000,363
363,011,202603,202603,VU11029,00,GE3L,N,000000000001,"000000000005,9","0,0061","0000000000000,04","0000000000000,00","0000000000000,00","0000000000000,04",,"0000000000000,00","0000000000000,00","0000000000000,00",000000000000000,363
363,011,202603,202603,VU11029,00,GE8L,N,000000000015,"000000000078,7","0,0061","0000000000000,48","0000000000000,02","0000000000000,00","0000000000000,50",,"0000000000000,00","0000000000000,00","0000000000000,00",000000000000000,363
364,011,202603,202603,30003IP4,00,GE8L,N,000000000001,"000000000000,6","0,0061","0000000000000,00","0000000000000,00","0000000000000,00","0000000000000,00",,"0000000000000,00","0000000000000,00","0000000000000,00",000000000000000,364
364,011,202603,202603,3PA_FALK,00,GE8L,N,000000000003,"000000000047,2","0,0061","0000000000000,29","0000000000000,01","0000000000000,00","0000000000000,30",,"0000000000000,00","0000000000000,00","0000000000000,00",000000000000000,364
364,011,202603,202603,AM11030,00,GE8L,N,000000000001,"000000000001,2","0,0061","0000000000000,01","0000000000000,00","0000000000000,00","0000000000000,01",,"0000000000000,00","0000000000000,00","0000000000000,00",000000000000000,364
364,011,202603,202603,PW028FKL,00,GE8L,N,000000000001,"000000000000,6","0,0061","0000000000000,00","0000000000000,00","0000000000000,00","0000000000000,00",,"0000000000000,00","0000000000000,00","0000000000000,00",000000000000000,364
431,011,202603,202603,7CTB003O,00,GS8L,N,000000000002,"000000000004,6","0,0061","0000000000000,03","0000000000000,00","0000000000000,00","0000000000000,03",,"0000000000000,00","0000000000000,00","0000000000000,00",000000000000000,431
431,011,202603,202603,7CTB025O,00,GS8L,N,000000000035,"000000000168,5","0,0061","0000000000001,03","0000000000000,04","0000000000000,00","0000000000001,07",,"0000000000000,01","0000000000000,00","0000000000000,00",000000000000000,431
431,011,202603,202603,7CTB025O,00,GS8L,R,000000000002,"000000000003,1","0,00427","0000000000000,01","0000000000000,00","0000000000000,00","0000000000000,01",,"0000000000000,00","0000000000000,00","0000000000000,00",000000000000000,431
431,011,202603,202603,E0404082,00,GS8L,N,000000000001,"000000000005,3","0,0061","0000000000000,03","0000000000000,00","0000000000000,00","0000000000000,03",,"0000000000000,00","0000000000000,00","0000000000000,00",000000000000000,431
661,011,202603,202603,7012009O,00,GS8L,N,000000000001,"000000000000,6","0,0061","0000000000000,00","0000000000000,00","0000000000000,00","0000000000000,00",,"0000000000000,00","0000000000000,00","0000000000000,00",000000000000000,661
661,011,202603,202603,7012015O,00,GS8L,N,000000000001,"000000000001,8","0,0061","0000000000000,01","0000000000000,00","0000000000000,00","0000000000000,01",,"0000000000000,00","0000000000000,00","0000000000000,00",000000000000000,661
661,011,202603,202603,7CTB003O,00,GS8L,N,000000000003,"000000000020,2","0,0061","0000000000000,12","0000000000000,00","0000000000000,00","0000000000000,12",,"0000000000000,00","0000000000000,00","0000000000000,00",000000000000000,661
661,011,202603,202603,7CTB025O,00,GS8L,N,000000000008,"000000000034,6","0,0061","0000000000000,21","0000000000000,01","0000000000000,00","0000000000000,22",,"0000000000000,00","0000000000000,00","0000000000000,00",000000000000000,661
661,011,202603,202603,JG6TLF_S,00,GS3L,N,000000000006,"000000000003,1","0,0061","0000000000000,02","0000000000000,00","0000000000000,00","0000000000000,02",,"0000000000000,00","0000000000000,00","0000000000000,00",000000000000000,661
661,011,202603,202603,PL7TLF_S,00,GS3L,N,000000000003,"000000000004,7","0,0061","0000000000000,03","0000000000000,00","0000000000000,00","0000000000000,03",,"0000000000000,00","0000000000000,00","0000000000000,00",000000000000000,661
674,011,202603,202603,7CTB025O,00,GS8L,N,000000000001,"000000000000,5","0,0061","0000000000000,00","0000000000000,00","0000000000000,00","0000000000000,00",,"0000000000000,00","0000000000000,00","0000000000000,00",000000000000000,674
