2026-08-04 12:03:48.351 | INFO    |comum.dados.repositorio_cache:__init__:77 - Inicializando conexão com o banco no ambiente [dev]
2026-08-04 12:03:48.352 | INFO    |comum.dados.repositorio_cache:__init__:77 - Utilizando SQLite local [C:\Users\btime\AppData\Local\Temp\detraf_test_f_otsshl.db]
2026-08-04 12:03:48.567 | INFO    |comum.dados.repositorio_cache:obter_tabela:169 - Carregando tabela [tbl_anexo5_processado]
2026-08-04 12:03:48.570 | INFO    |comum.dados.repositorio_cache:obter_tabela:169 - Tabela [tbl_anexo5_processado] carregada | Linhas: 3 | Colunas: 2
2026-08-04 12:03:48.576 | INFO    |src.services.operadora_service:obter_operadora:153 - Nome Fantasia não encontrado para o EOT [999]
2026-08-04 12:03:48.581 | INFO    |src.services.operadora_service:obter_operadora:153 - Nome Fantasia não encontrado para o EOT [999]
2026-08-04 12:03:48.581 | INFO    |src.services.operadora_service:obter_operadora:163 - Nome Fantasia não encontrado para o texto [empresainexistente999]
2026-08-04 12:03:48.582 | WARNING |test_operadora_service:test_obter_operadora_nao_identificada:87 - Operadora não identificada para 'arquivo.csv' (eot='999', dominio='empresainexistente999.com.br', texto_busca='empresainexistente999')
2026-08-04 12:03:48.587 | INFO    |test_outlook_service_anexos:test_baixa_apenas_csv_e_excel:81 - E-mail 'ABC123': 3 anexo(s) ignorado(s) por extensão não permitida — carta_apresentacao.pdf, contrato.docx, assinatura.png
2026-08-04 12:03:48.587 | INFO    |test_outlook_service_anexos:test_baixa_apenas_csv_e_excel:81 - E-mail 'ABC123': 2 anexo(s) baixado(s) para 'C:\Users\btime\AppData\Local\Temp\pytest-of-btime\pytest-272\test_baixa_apenas_csv_e_excel0'.
2026-08-04 12:03:48.590 | INFO    |test_outlook_service_anexos:test_anexos_ignorados_nao_chegam_ao_disco:94 - E-mail 'ABC123': 1 anexo(s) ignorado(s) por extensão não permitida — carta.pdf
2026-08-04 12:03:48.591 | INFO    |test_outlook_service_anexos:test_anexos_ignorados_nao_chegam_ao_disco:94 - E-mail 'ABC123': 1 anexo(s) baixado(s) para 'C:\Users\btime\AppData\Local\Temp\pytest-of-btime\pytest-272\test_anexos_ignorados_nao_cheg0'.
2026-08-04 12:03:48.593 | INFO    |test_outlook_service_anexos:test_anexos_inline_continuam_ignorados:107 - E-mail 'ABC123': 1 anexo(s) baixado(s) para 'C:\Users\btime\AppData\Local\Temp\pytest-of-btime\pytest-272\test_anexos_inline_continuam_i0'.
2026-08-04 12:03:48.596 | INFO    |test_outlook_service_anexos:test_email_so_com_anexos_irrelevantes_devolve_lista_vazia:121 - E-mail 'ABC123': 1 anexo(s) ignorado(s) por extensão não permitida — apenas_um_pdf.pdf
2026-08-04 12:03:48.596 | INFO    |test_outlook_service_anexos:test_email_so_com_anexos_irrelevantes_devolve_lista_vazia:121 - E-mail 'ABC123': 0 anexo(s) baixado(s) para 'C:\Users\btime\AppData\Local\Temp\pytest-of-btime\pytest-272\test_email_so_com_anexos_irrel0'.
2026-08-04 12:03:48.598 | INFO    |test_outlook_service_anexos:test_extensao_e_avaliada_sem_distinguir_caixa:128 - E-mail 'ABC123': 2 anexo(s) baixado(s) para 'C:\Users\btime\AppData\Local\Temp\pytest-of-btime\pytest-272\test_extensao_e_avaliada_sem_d0'.
2026-08-04 12:03:48.601 | INFO    |test_outlook_service_anexos:test_o_filtro_usa_a_configuracao_e_nao_uma_lista_fixa:140 - E-mail 'ABC123': 1 anexo(s) ignorado(s) por extensão não permitida — planilha.xlsx
2026-08-04 12:03:48.601 | INFO    |test_outlook_service_anexos:test_o_filtro_usa_a_configuracao_e_nao_uma_lista_fixa:140 - E-mail 'ABC123': 1 anexo(s) baixado(s) para 'C:\Users\btime\AppData\Local\Temp\pytest-of-btime\pytest-272\test_o_filtro_usa_a_configurac0'.
2026-08-04 12:03:48.605 | INFO    |test_processamento_service:test_executar_sucesso_identifica_operadora_e_salva:55 - Iniciando fluxo de processamento
2026-08-04 12:03:48.605 | INFO    |test_processamento_service:test_executar_sucesso_identifica_operadora_e_salva:55 - Competência: 202602 | Ano: 2026
2026-08-04 12:03:48.605 | INFO    |test_processamento_service:test_executar_sucesso_identifica_operadora_e_salva:55 - Total de arquivos a processar: 1
2026-08-04 12:03:48.607 | WARNING |src.services.processamento_service:_processar_arquivo:129 - Estrutura do mês anterior não encontrada em 'C:\Users\btime\AppData\Local\Temp\pytest-of-btime\pytest-272\test_executar_sucesso_identifi0\operadoras\Megatelecom Telecomunicacoes S.A.\2026\202601' — criando 'C:\Users\btime\AppData\Local\Temp\pytest-of-btime\pytest-272\test_executar_sucesso_identifi0\operadoras\Megatelecom Telecomunicacoes S.A.\2026\202602' vazio.
2026-08-04 12:03:48.608 | INFO    |src.services.processamento_service:executar:84 - Processado com sucesso: sucesso_eot112.csv (operadora identificada via 'eot')
2026-08-04 12:03:48.609 | INFO    |comum.dados.repositorio_cache:salvar_dados_tabela_despesa:217 - Inserindo 1 registro(s) em [tbl_rpa_log_detraf_despesa_arquivos].
2026-08-04 12:03:48.622 | INFO    |comum.dados.repositorio_cache:salvar_dados_tabela_despesa:217 - 1 registro(s) persistidos em [tbl_rpa_log_detraf_despesa_arquivos].
2026-08-04 12:03:48.622 | INFO    |src.services.processamento_service:executar:86 - Resumo — Sucesso: 1 | Não identificados: 0 | Erros: 0
2026-08-04 12:03:48.627 | INFO    |test_processamento_service:test_executar_nao_identificado_vai_para_pasta_excecao:81 - Iniciando fluxo de processamento
2026-08-04 12:03:48.627 | INFO    |test_processamento_service:test_executar_nao_identificado_vai_para_pasta_excecao:81 - Competência: 202602 | Ano: 2026
2026-08-04 12:03:48.627 | INFO    |test_processamento_service:test_executar_nao_identificado_vai_para_pasta_excecao:81 - Total de arquivos a processar: 1
2026-08-04 12:03:48.628 | INFO    |src.services.operadora_service:obter_operadora:153 - Nome Fantasia não encontrado para o EOT [999]
2026-08-04 12:03:48.629 | INFO    |src.services.operadora_service:obter_operadora:163 - Nome Fantasia não encontrado para o texto [empresainexistente999]
2026-08-04 12:03:48.629 | WARNING |src.services.processamento_service:_processar_arquivo:108 - Operadora não identificada para 'nao_identificado.csv' (eot='999', dominio='empresainexistente999.com.br', texto_busca='empresainexistente999')
2026-08-04 12:03:48.630 | WARNING |src.services.processamento_service:_processar_arquivo:111 - Operadora não identificada para 'nao_identificado.csv' (remetente: 'contato@empresainexistente999.com.br') — copiado para 'C:\Users\btime\AppData\Local\Temp\pytest-of-btime\pytest-272\test_executar_nao_identificado0\_NAO_IDENTIFICADOS\202602'
2026-08-04 12:03:48.631 | INFO    |src.services.processamento_service:executar:86 - Resumo — Sucesso: 0 | Não identificados: 1 | Erros: 0
2026-08-04 12:03:48.636 | INFO    |test_processamento_service:test_executar_clona_estrutura_do_mes_anterior:104 - Iniciando fluxo de processamento
2026-08-04 12:03:48.636 | INFO    |test_processamento_service:test_executar_clona_estrutura_do_mes_anterior:104 - Competência: 202602 | Ano: 2026
2026-08-04 12:03:48.636 | INFO    |test_processamento_service:test_executar_clona_estrutura_do_mes_anterior:104 - Total de arquivos a processar: 1
2026-08-04 12:03:48.639 | INFO    |src.services.processamento_service:executar:84 - Processado com sucesso: clonagem.csv (operadora identificada via 'eot')
2026-08-04 12:03:48.639 | INFO    |comum.dados.repositorio_cache:salvar_dados_tabela_despesa:217 - Inserindo 1 registro(s) em [tbl_rpa_log_detraf_despesa_arquivos].
2026-08-04 12:03:48.645 | INFO    |comum.dados.repositorio_cache:salvar_dados_tabela_despesa:217 - 1 registro(s) persistidos em [tbl_rpa_log_detraf_despesa_arquivos].
2026-08-04 12:03:48.645 | INFO    |src.services.processamento_service:executar:86 - Resumo — Sucesso: 1 | Não identificados: 0 | Erros: 0
2026-08-04 12:03:48.648 | INFO    |test_processamento_service:test_executar_sem_argumentos_lista_diretorio_entrada:119 - Iniciando fluxo de processamento
2026-08-04 12:03:48.648 | INFO    |test_processamento_service:test_executar_sem_argumentos_lista_diretorio_entrada:119 - Competência: 202602 | Ano: 2026
2026-08-04 12:03:48.648 | INFO    |test_processamento_service:test_executar_sem_argumentos_lista_diretorio_entrada:119 - Total de arquivos a processar: 1
2026-08-04 12:03:48.649 | INFO    |src.services.operadora_service:obter_operadora:153 - Nome Fantasia não encontrado para o EOT [999]
2026-08-04 12:03:48.651 | WARNING |src.services.processamento_service:_processar_arquivo:129 - Estrutura do mês anterior não encontrada em 'C:\Users\btime\AppData\Local\Temp\pytest-of-btime\pytest-272\test_executar_sem_argumentos_l0\operadoras\Desktop Sigmanet\2026\202601' — criando 'C:\Users\btime\AppData\Local\Temp\pytest-of-btime\pytest-272\test_executar_sem_argumentos_l0\operadoras\Desktop Sigmanet\2026\202602' vazio.
2026-08-04 12:03:48.652 | INFO    |src.services.processamento_service:executar:84 - Processado com sucesso: arquivo_solto.csv (operadora identificada via 'dominio')
2026-08-04 12:03:48.652 | INFO    |comum.dados.repositorio_cache:salvar_dados_tabela_despesa:217 - Inserindo 1 registro(s) em [tbl_rpa_log_detraf_despesa_arquivos].
2026-08-04 12:03:48.658 | INFO    |comum.dados.repositorio_cache:salvar_dados_tabela_despesa:217 - 1 registro(s) persistidos em [tbl_rpa_log_detraf_despesa_arquivos].
2026-08-04 12:03:48.658 | INFO    |src.services.processamento_service:executar:86 - Resumo — Sucesso: 1 | Não identificados: 0 | Erros: 0
2026-08-04 12:03:48.684 | WARNING |test_repositorio_arquivos:test_clonar_estrutura_mes_anterior_origem_inexistente_degrada:74 - Estrutura do mês anterior não encontrada em 'C:\Users\btime\AppData\Local\Temp\pytest-of-btime\pytest-272\test_clonar_estrutura_mes_ante2\nao_existe' — criando 'C:\Users\btime\AppData\Local\Temp\pytest-of-btime\pytest-272\test_clonar_estrutura_mes_ante2\202606' vazio.
2026-08-04 12:03:48.687 | INFO    |test_repositorio_tabelas:test_buscar_nome_fantasia_por_eot_nao_encontrado:12 - Nome Fantasia não encontrado para o EOT [999]
2026-08-04 12:03:48.689 | INFO    |test_repositorio_tabelas:test_buscar_nome_fantasia_nao_encontrado:20 - Nome Fantasia não encontrado para o texto [naoexisteoperadora]
2026-08-04 12:03:48.690 | INFO    |comum.dados.repositorio_cache:salvar_dados_tabela_despesa:217 - Inserindo 1 registro(s) em [tbl_rpa_log_detraf_despesa_arquivos].
2026-08-04 12:03:48.696 | INFO    |comum.dados.repositorio_cache:salvar_dados_tabela_despesa:217 - 1 registro(s) persistidos em [tbl_rpa_log_detraf_despesa_arquivos].
2026-08-04 12:03:48.698 | INFO    |comum.dados.repositorio_cache:salvar_dados_tabela_despesa:217 - Nenhum registro para inserir em [tbl_rpa_log_detraf_despesa_arquivos].
2026-08-04 12:03:49.701 | INFO    |comum.dados.repositorio_cache:__init__:77 - Inicializando conexão com o banco no ambiente [dev]
2026-08-04 12:03:49.702 | INFO    |comum.dados.repositorio_cache:__init__:77 - Utilizando SQLite local [C:\Users\btime\AppData\Local\Temp\detraf_epico4_teste_ivkixnml\TABELAS_DETRAF_TESTE.db]
2026-08-04 12:03:49.836 | INFO    |comum.dados.repositorio_cache:__init__:77 - Inicializando conexão com o banco no ambiente [dev]
2026-08-04 12:03:49.837 | INFO    |comum.dados.repositorio_cache:__init__:77 - Utilizando SQLite local [C:\Users\btime\AppData\Local\Temp\detraf_epico4_teste_ivkixnml\TABELAS_DETRAF_TESTE.db]
2026-08-04 12:03:49.837 | INFO    |comum.dados.repositorio_cache:obter_tabela:169 - Carregando tabela [tbl_anexo5_processado]
2026-08-04 12:03:49.839 | INFO    |comum.dados.repositorio_cache:obter_tabela:169 - Tabela [tbl_anexo5_processado] carregada | Linhas: 3 | Colunas: 6
2026-08-04 12:03:49.840 | INFO    |comum.dados.repositorio_cache:obter_tabela:169 - Carregando tabela [tbl_detraf_tarifas]
2026-08-04 12:03:49.841 | INFO    |comum.dados.repositorio_cache:obter_tabela:169 - Tabela [tbl_detraf_tarifas] carregada | Linhas: 2 | Colunas: 8
2026-08-04 12:03:49.841 | INFO    |comum.dados.repositorio_cache:obter_tabela:169 - Carregando tabela [tbl_rpa_log_detraf_despesa_contestacao]
2026-08-04 12:03:49.842 | INFO    |comum.dados.repositorio_cache:obter_tabela:169 - Tabela [tbl_rpa_log_detraf_despesa_contestacao] carregada | Linhas: 2 | Colunas: 18
2026-08-04 12:03:49.844 | INFO    |comum.dados.repositorio_cache:__init__:77 - Inicializando conexão com o banco no ambiente [dev]
2026-08-04 12:03:49.845 | INFO    |comum.dados.repositorio_cache:__init__:77 - Utilizando SQLite local [C:\Users\btime\AppData\Local\Temp\detraf_epico4_teste_ivkixnml\TABELAS_DETRAF_TESTE.db]
2026-08-04 12:03:49.845 | INFO    |comum.dados.repositorio_cache:obter_tabela:169 - Carregando tabela [tbl_anexo5_processado]
2026-08-04 12:03:49.847 | INFO    |comum.dados.repositorio_cache:obter_tabela:169 - Tabela [tbl_anexo5_processado] carregada | Linhas: 3 | Colunas: 6
2026-08-04 12:03:49.849 | INFO    |test_configuracao_ambiente:test_repositorio_tabelas_valida_eot:41 - EOT não encontrado [999]
2026-08-04 12:03:49.852 | INFO    |comum.dados.repositorio_cache:__init__:77 - Inicializando conexão com o banco no ambiente [dev]
2026-08-04 12:03:49.852 | INFO    |comum.dados.repositorio_cache:__init__:77 - Utilizando SQLite local [C:\Users\btime\AppData\Local\Temp\detraf_epico4_teste_ivkixnml\TABELAS_DETRAF_TESTE.db]
2026-08-04 12:03:49.853 | INFO    |comum.dados.repositorio_cache:obter_tabela:169 - Carregando tabela [tbl_anexo5_processado]
2026-08-04 12:03:49.854 | INFO    |comum.dados.repositorio_cache:obter_tabela:169 - Tabela [tbl_anexo5_processado] carregada | Linhas: 3 | Colunas: 6
2026-08-04 12:03:49.855 | INFO    |test_configuracao_ambiente:test_repositorio_tabelas_obtem_endereco_por_eot:49 - EOT não encontrado para busca de endereço [999]
2026-08-04 12:03:49.862 | WARNING |test_consolidacao:test_listar_arquivos_pasta_inexistente:39 - Pasta de Detrafs inexistente: [C:\Users\btime\AppData\Local\Temp\pytest-of-btime\pytest-273\test_listar_arquivos_pasta_ine0\nao_existe]
2026-08-04 12:03:49.866 | INFO    |test_consolidacao:test_consolida_e_remove_totais:43 - [STEP] Iniciando: consolidar_detrafs_operadora
2026-08-04 12:03:49.866 | INFO    |src.services.consolidacao_contestacao:consolidar_detrafs_operadora:174 - [Consolidação] 2 arquivo(s) encontrado(s) em [C:\Users\btime\AppData\Local\Temp\pytest-of-btime\pytest-273\test_consolida_e_remove_totais0\Detrafs Recebidos].
2026-08-04 12:03:49.870 | INFO    |src.services.consolidacao_contestacao:consolidar_detrafs_operadora:177 - [Consolidação] [algar_smp.csv]: 5 linha(s) -> 4 após remover totais.
2026-08-04 12:03:49.873 | INFO    |src.services.consolidacao_contestacao:consolidar_detrafs_operadora:177 - [Consolidação] [algar_stfc.csv]: 4 linha(s) -> 3 após remover totais.
2026-08-04 12:03:49.873 | INFO    |src.services.consolidacao_contestacao:consolidar_detrafs_operadora:177 - [Consolidação] Consolidado: 7 linha(s) de 2 arquivo(s).
2026-08-04 12:03:49.873 | INFO    |test_consolidacao:test_consolida_e_remove_totais:43 - [STEP] Finalizando: consolidar_detrafs_operadora | Tempo gasto: 0.01s
2026-08-04 12:03:49.877 | INFO    |test_consolidacao:test_pasta_vazia_retorna_df_vazio:57 - [STEP] Iniciando: consolidar_detrafs_operadora
2026-08-04 12:03:49.877 | INFO    |src.services.consolidacao_contestacao:consolidar_detrafs_operadora:174 - [Consolidação] 0 arquivo(s) encontrado(s) em [C:\Users\btime\AppData\Local\Temp\pytest-of-btime\pytest-273\test_pasta_vazia_retorna_df_va0\vazia].
2026-08-04 12:03:49.877 | INFO    |test_consolidacao:test_pasta_vazia_retorna_df_vazio:57 - [STEP] Finalizando: consolidar_detrafs_operadora | Tempo gasto: 0.0s
2026-08-04 12:03:49.879 | INFO    |test_consolidacao:test_fail_fast_colunas_insuficientes:66 - [STEP] Iniciando: consolidar_detrafs_operadora
2026-08-04 12:03:49.880 | INFO    |src.services.consolidacao_contestacao:consolidar_detrafs_operadora:174 - [Consolidação] 1 arquivo(s) encontrado(s) em [C:\Users\btime\AppData\Local\Temp\pytest-of-btime\pytest-273\test_fail_fast_colunas_insufic0\Detrafs Recebidos].
2026-08-04 12:03:49.881 | INFO    |test_consolidacao:test_fail_fast_colunas_insuficientes:66 - [STEP] Finalizando: consolidar_detrafs_operadora | Tempo gasto: 0.0s
2026-08-04 12:03:49.885 | INFO    |test_consolidacao:test_consolida_expectativa_filtra_D_e_remove_totais:94 - [STEP] Iniciando: consolidar_expectativa_vivo
2026-08-04 12:03:49.885 | INFO    |src.services.consolidacao_contestacao:consolidar_expectativa_vivo:207 - [Consolidação] 2 arquivo(s) encontrado(s) em [C:\Users\btime\AppData\Local\Temp\pytest-of-btime\pytest-273\test_consolida_expectativa_fil0\Detrafs Enviados].
2026-08-04 12:03:49.887 | INFO    |src.services.consolidacao_contestacao:consolidar_expectativa_vivo:211 - [Consolidação] [DETRAF_FINAL_TRP_202605_CTB_STF_VIVO_D.csv]: 4 linha(s) -> 3 após remover totais.
2026-08-04 12:03:49.888 | INFO    |src.services.consolidacao_contestacao:consolidar_expectativa_vivo:211 - [Consolidação] Consolidado: 3 linha(s) de 1 arquivo(s).
2026-08-04 12:03:49.888 | INFO    |test_consolidacao:test_consolida_expectativa_filtra_D_e_remove_totais:94 - [STEP] Finalizando: consolidar_expectativa_vivo | Tempo gasto: 0.0s
2026-08-04 12:03:49.891 | INFO    |test_consolidacao:test_expectativa_truncamento_ate_coluna:103 - [STEP] Iniciando: consolidar_expectativa_vivo
2026-08-04 12:03:49.892 | INFO    |src.services.consolidacao_contestacao:consolidar_expectativa_vivo:207 - [Consolidação] 2 arquivo(s) encontrado(s) em [C:\Users\btime\AppData\Local\Temp\pytest-of-btime\pytest-273\test_expectativa_truncamento_a0\Detrafs Enviados].
2026-08-04 12:03:49.894 | INFO    |src.services.consolidacao_contestacao:consolidar_expectativa_vivo:211 - [Consolidação] [DETRAF_FINAL_TRP_202605_CTB_STF_VIVO_D.csv]: 4 linha(s) -> 3 após remover totais.
2026-08-04 12:03:49.894 | INFO    |src.services.consolidacao_contestacao:consolidar_expectativa_vivo:211 - [Consolidação] Consolidado: 3 linha(s) de 1 arquivo(s).
2026-08-04 12:03:49.894 | INFO    |test_consolidacao:test_expectativa_truncamento_ate_coluna:103 - [STEP] Finalizando: consolidar_expectativa_vivo | Tempo gasto: 0.0s
2026-08-04 12:03:49.897 | INFO    |test_consolidacao:test_expectativa_sem_arquivo_D_retorna_vazio:114 - [STEP] Iniciando: consolidar_expectativa_vivo
2026-08-04 12:03:49.897 | INFO    |src.services.consolidacao_contestacao:consolidar_expectativa_vivo:207 - [Consolidação] 1 arquivo(s) encontrado(s) em [C:\Users\btime\AppData\Local\Temp\pytest-of-btime\pytest-273\test_expectativa_sem_arquivo_D0\Detrafs Enviados].
2026-08-04 12:03:49.898 | WARNING |comum.utils.decoradores:wrapper:22 - [Consolidação] Nenhum arquivo de expectativa (_D_) em [C:\Users\btime\AppData\Local\Temp\pytest-of-btime\pytest-273\test_expectativa_sem_arquivo_D0\Detrafs Enviados].
2026-08-04 12:03:49.898 | INFO    |test_consolidacao:test_expectativa_sem_arquivo_D_retorna_vazio:114 - [STEP] Finalizando: consolidar_expectativa_vivo | Tempo gasto: 0.0s
2026-08-04 12:03:49.899 | INFO    |test_consolidacao:test_montar_resumo_agrupa_por_referencia_e_trafego:134 - [STEP] Iniciando: montar_resumo
2026-08-04 12:03:49.905 | INFO    |comum.utils.decoradores:wrapper:22 - [Consolidação] RESUMO: 2 combinação(ões) Referência/Tráfego.
2026-08-04 12:03:49.906 | INFO    |test_consolidacao:test_montar_resumo_agrupa_por_referencia_e_trafego:134 - [STEP] Finalizando: montar_resumo | Tempo gasto: 0.01s
2026-08-04 12:03:49.909 | INFO    |test_consolidacao:test_montar_resumo_vazio_retorna_df_vazio_com_colunas:142 - [STEP] Iniciando: montar_resumo
2026-08-04 12:03:49.910 | INFO    |test_consolidacao:test_montar_resumo_vazio_retorna_df_vazio_com_colunas:142 - [STEP] Finalizando: montar_resumo | Tempo gasto: 0.0s
2026-08-04 12:03:49.914 | INFO    |comum.dados.repositorio_cache:__init__:77 - Inicializando conexão com o banco no ambiente [dev]
2026-08-04 12:03:49.914 | INFO    |comum.dados.repositorio_cache:__init__:77 - Utilizando SQLite local [C:\Users\btime\AppData\Local\Temp\detraf_epico4_teste_ivkixnml\TABELAS_DETRAF_TESTE.db]
2026-08-04 12:03:49.915 | INFO    |comum.dados.repositorio_cache:obter_tabela:169 - Carregando tabela [tbl_detraf_mapeamento_descritores]
2026-08-04 12:03:49.917 | INFO    |comum.dados.repositorio_cache:obter_tabela:169 - Tabela [tbl_detraf_mapeamento_descritores] carregada | Linhas: 25 | Colunas: 5
2026-08-04 12:03:49.923 | INFO    |test_consolidacao:test_montar_contest_bate_com_exemplo_real_da_carta:176 - [STEP] Iniciando: montar_contest
2026-08-04 12:03:49.939 | INFO    |comum.utils.decoradores:wrapper:22 - [Consolidação] Contest: 1 combinação(ões) analisada(s).
2026-08-04 12:03:49.939 | INFO    |test_consolidacao:test_montar_contest_bate_com_exemplo_real_da_carta:176 - [STEP] Finalizando: montar_contest | Tempo gasto: 0.02s
2026-08-04 12:03:49.942 | INFO    |comum.dados.repositorio_cache:__init__:77 - Inicializando conexão com o banco no ambiente [dev]
2026-08-04 12:03:49.943 | INFO    |comum.dados.repositorio_cache:__init__:77 - Utilizando SQLite local [C:\Users\btime\AppData\Local\Temp\detraf_epico4_teste_ivkixnml\TABELAS_DETRAF_TESTE.db]
2026-08-04 12:03:49.943 | INFO    |comum.dados.repositorio_cache:obter_tabela:169 - Carregando tabela [tbl_detraf_mapeamento_descritores]
2026-08-04 12:03:49.945 | INFO    |comum.dados.repositorio_cache:obter_tabela:169 - Tabela [tbl_detraf_mapeamento_descritores] carregada | Linhas: 25 | Colunas: 5
2026-08-04 12:03:49.949 | INFO    |test_consolidacao:test_montar_contest_variacao_abaixo_do_limiar_marca_N:202 - [STEP] Iniciando: montar_contest
2026-08-04 12:03:49.961 | INFO    |comum.utils.decoradores:wrapper:22 - [Consolidação] Contest: 1 combinação(ões) analisada(s).
2026-08-04 12:03:49.962 | INFO    |test_consolidacao:test_montar_contest_variacao_abaixo_do_limiar_marca_N:202 - [STEP] Finalizando: montar_contest | Tempo gasto: 0.01s
2026-08-04 12:03:49.965 | INFO    |comum.dados.repositorio_cache:__init__:77 - Inicializando conexão com o banco no ambiente [dev]
2026-08-04 12:03:49.965 | INFO    |comum.dados.repositorio_cache:__init__:77 - Utilizando SQLite local [C:\Users\btime\AppData\Local\Temp\detraf_epico4_teste_ivkixnml\TABELAS_DETRAF_TESTE.db]
2026-08-04 12:03:49.965 | INFO    |comum.dados.repositorio_cache:obter_tabela:169 - Carregando tabela [tbl_detraf_mapeamento_descritores]
2026-08-04 12:03:49.967 | INFO    |comum.dados.repositorio_cache:obter_tabela:169 - Tabela [tbl_detraf_mapeamento_descritores] carregada | Linhas: 25 | Colunas: 5
2026-08-04 12:03:49.971 | INFO    |test_consolidacao:test_montar_contest_par_ausente_lado_zerado:217 - [STEP] Iniciando: montar_contest
2026-08-04 12:03:49.980 | INFO    |comum.utils.decoradores:wrapper:22 - [Consolidação] Contest: 1 combinação(ões) analisada(s).
2026-08-04 12:03:49.980 | INFO    |test_consolidacao:test_montar_contest_par_ausente_lado_zerado:217 - [STEP] Finalizando: montar_contest | Tempo gasto: 0.01s
2026-08-04 12:03:49.988 | INFO    |comum.dados.repositorio_cache:__init__:77 - Inicializando conexão com o banco no ambiente [dev]
2026-08-04 12:03:49.988 | INFO    |comum.dados.repositorio_cache:__init__:77 - Utilizando SQLite local [C:\Users\btime\AppData\Local\Temp\detraf_epico4_teste_ivkixnml\TABELAS_DETRAF_TESTE.db]
2026-08-04 12:03:49.989 | INFO    |comum.dados.repositorio_cache:obter_tabela:169 - Carregando tabela [tbl_detraf_mapeamento_descritores]
2026-08-04 12:03:49.990 | INFO    |comum.dados.repositorio_cache:obter_tabela:169 - Tabela [tbl_detraf_mapeamento_descritores] carregada | Linhas: 25 | Colunas: 5
2026-08-04 12:03:49.995 | INFO    |test_consolidacao:test_montar_contest_descritor_nao_mapeado_e_ignorado:232 - [STEP] Iniciando: montar_contest
2026-08-04 12:03:49.997 | INFO    |src.services.consolidacao_contestacao:montar_contest:385 - [Consolidação] 1 linha(s) com descritor não mapeado — ignoradas na aba Contest (AI/09 §7).
2026-08-04 12:03:50.001 | INFO    |comum.utils.decoradores:wrapper:22 - [Consolidação] Contest: 0 combinação(ões) analisada(s).
2026-08-04 12:03:50.002 | INFO    |test_consolidacao:test_montar_contest_descritor_nao_mapeado_e_ignorado:232 - [STEP] Finalizando: montar_contest | Tempo gasto: 0.01s
2026-08-04 12:03:50.005 | INFO    |comum.dados.repositorio_cache:__init__:77 - Inicializando conexão com o banco no ambiente [dev]
2026-08-04 12:03:50.005 | INFO    |comum.dados.repositorio_cache:__init__:77 - Utilizando SQLite local [C:\Users\btime\AppData\Local\Temp\detraf_epico4_teste_ivkixnml\TABELAS_DETRAF_TESTE.db]
2026-08-04 12:03:50.006 | INFO    |comum.dados.repositorio_cache:obter_tabela:169 - Carregando tabela [tbl_detraf_mapeamento_descritores]
2026-08-04 12:03:50.007 | INFO    |comum.dados.repositorio_cache:obter_tabela:169 - Tabela [tbl_detraf_mapeamento_descritores] carregada | Linhas: 25 | Colunas: 5
2026-08-04 12:03:50.011 | INFO    |test_consolidacao:test_montar_contest_descritor_antes_ambiguo_agora_resolvido:246 - [STEP] Iniciando: montar_contest
2026-08-04 12:03:50.020 | INFO    |comum.utils.decoradores:wrapper:22 - [Consolidação] Contest: 1 combinação(ões) analisada(s).
2026-08-04 12:03:50.020 | INFO    |test_consolidacao:test_montar_contest_descritor_antes_ambiguo_agora_resolvido:246 - [STEP] Finalizando: montar_contest | Tempo gasto: 0.01s
2026-08-04 12:03:50.024 | INFO    |comum.dados.repositorio_cache:__init__:77 - Inicializando conexão com o banco no ambiente [dev]
2026-08-04 12:03:50.024 | INFO    |comum.dados.repositorio_cache:__init__:77 - Utilizando SQLite local [C:\Users\btime\AppData\Local\Temp\detraf_epico4_teste_ivkixnml\TABELAS_DETRAF_TESTE.db]
2026-08-04 12:03:50.025 | INFO    |comum.dados.repositorio_cache:obter_tabela:169 - Carregando tabela [tbl_detraf_mapeamento_descritores]
2026-08-04 12:03:50.026 | INFO    |comum.dados.repositorio_cache:obter_tabela:169 - Tabela [tbl_detraf_mapeamento_descritores] carregada | Linhas: 25 | Colunas: 5
2026-08-04 12:03:50.030 | INFO    |test_consolidacao:test_montar_contest_tipo_operacao_opcional:258 - [STEP] Iniciando: montar_contest
2026-08-04 12:03:50.039 | INFO    |comum.utils.decoradores:wrapper:22 - [Consolidação] Contest: 1 combinação(ões) analisada(s).
2026-08-04 12:03:50.039 | INFO    |test_consolidacao:test_montar_contest_tipo_operacao_opcional:258 - [STEP] Finalizando: montar_contest | Tempo gasto: 0.01s
2026-08-04 12:03:50.044 | INFO    |comum.dados.repositorio_cache:__init__:77 - Inicializando conexão com o banco no ambiente [dev]
2026-08-04 12:03:50.045 | INFO    |comum.dados.repositorio_cache:__init__:77 - Utilizando SQLite local [C:\Users\btime\AppData\Local\Temp\detraf_epico4_teste_ivkixnml\TABELAS_DETRAF_TESTE.db]
2026-08-04 12:03:50.046 | INFO    |comum.dados.repositorio_cache:obter_tabela:169 - Carregando tabela [tbl_rpa_log_detraf_despesa_contestacao]
2026-08-04 12:03:50.049 | INFO    |comum.dados.repositorio_cache:obter_tabela:169 - Tabela [tbl_rpa_log_detraf_despesa_contestacao] carregada | Linhas: 2 | Colunas: 18
2026-08-04 12:03:50.055 | INFO    |comum.dados.repositorio_cache:__init__:77 - Inicializando conexão com o banco no ambiente [dev]
2026-08-04 12:03:50.055 | INFO    |comum.dados.repositorio_cache:__init__:77 - Utilizando SQLite local [C:\Users\btime\AppData\Local\Temp\detraf_epico4_teste_ivkixnml\TABELAS_DETRAF_TESTE.db]
2026-08-04 12:03:50.056 | INFO    |comum.dados.repositorio_cache:obter_tabela:169 - Carregando tabela [tbl_rpa_log_detraf_despesa_contestacao]
2026-08-04 12:03:50.058 | INFO    |comum.dados.repositorio_cache:obter_tabela:169 - Tabela [tbl_rpa_log_detraf_despesa_contestacao] carregada | Linhas: 2 | Colunas: 18
2026-08-04 12:03:50.062 | INFO    |comum.dados.repositorio_cache:__init__:77 - Inicializando conexão com o banco no ambiente [dev]
2026-08-04 12:03:50.063 | INFO    |comum.dados.repositorio_cache:__init__:77 - Utilizando SQLite local [C:\Users\btime\AppData\Local\Temp\detraf_epico4_teste_ivkixnml\TABELAS_DETRAF_TESTE.db]
2026-08-04 12:03:50.063 | INFO    |comum.dados.repositorio_cache:obter_tabela:169 - Carregando tabela [tbl_rpa_log_detraf_despesa_contestacao]
2026-08-04 12:03:50.065 | INFO    |comum.dados.repositorio_cache:obter_tabela:169 - Tabela [tbl_rpa_log_detraf_despesa_contestacao] carregada | Linhas: 2 | Colunas: 18
2026-08-04 12:03:50.066 | INFO    |test_contestacao_sinal:test_nao_encontrado_retorna_none:31 - Sinal de contestação não encontrado para [operadora=999, tbra=011, referencia=202507, trafego=202507, remuneracao=TU-RL] — tratado como sem contestação.
2026-08-04 12:03:50.069 | INFO    |comum.dados.repositorio_cache:__init__:77 - Inicializando conexão com o banco no ambiente [dev]
2026-08-04 12:03:50.069 | INFO    |comum.dados.repositorio_cache:__init__:77 - Utilizando SQLite local [C:\Users\btime\AppData\Local\Temp\detraf_epico4_teste_ivkixnml\TABELAS_DETRAF_TESTE.db]
2026-08-04 12:03:50.070 | INFO    |comum.dados.repositorio_cache:obter_tabela:169 - Carregando tabela [tbl_rpa_log_detraf_despesa_contestacao]
2026-08-04 12:03:50.072 | INFO    |comum.dados.repositorio_cache:obter_tabela:169 - Tabela [tbl_rpa_log_detraf_despesa_contestacao] carregada | Linhas: 2 | Colunas: 18
2026-08-04 12:03:50.074 | INFO    |test_contestacao_sinal:test_remuneracao_diferente_nao_encontra:42 - Sinal de contestação não encontrado para [operadora=021, tbra=011, referencia=202507, trafego=202507, remuneracao=OUTRA-REMUNERACAO] — tratado como sem contestação.
2026-08-04 12:03:50.076 | INFO    |comum.dados.repositorio_cache:__init__:77 - Inicializando conexão com o banco no ambiente [dev]
2026-08-04 12:03:50.076 | INFO    |comum.dados.repositorio_cache:__init__:77 - Utilizando SQLite local [C:\Users\btime\AppData\Local\Temp\detraf_epico4_teste_ivkixnml\TABELAS_DETRAF_TESTE.db]
2026-08-04 12:03:50.077 | INFO    |comum.dados.repositorio_cache:obter_tabela:169 - Carregando tabela [tbl_rpa_log_detraf_despesa_contestacao]
2026-08-04 12:03:50.079 | INFO    |comum.dados.repositorio_cache:obter_tabela:169 - Tabela [tbl_rpa_log_detraf_despesa_contestacao] carregada | Linhas: 2 | Colunas: 18
2026-08-04 12:03:50.082 | INFO    |test_encontro_contas:test_preparar_atualizacoes_vazio_retorna_vazio:56 - [STEP] Iniciando: preparar_atualizacoes_despesa_contestacao
2026-08-04 12:03:50.082 | INFO    |test_encontro_contas:test_preparar_atualizacoes_vazio_retorna_vazio:56 - [STEP] Finalizando: preparar_atualizacoes_despesa_contestacao | Tempo gasto: 0.0s
2026-08-04 12:03:50.084 | INFO    |test_encontro_contas:test_preparar_atualizacoes_inclui_todas_independente_de_contestacao_a_enviar:72 - [STEP] Iniciando: preparar_atualizacoes_despesa_contestacao
2026-08-04 12:03:50.085 | INFO    |comum.utils.decoradores:wrapper:22 - [HU-19 Despesa Contestação] 2 atualização(ões) preparada(s).
2026-08-04 12:03:50.085 | INFO    |test_encontro_contas:test_preparar_atualizacoes_inclui_todas_independente_de_contestacao_a_enviar:72 - [STEP] Finalizando: preparar_atualizacoes_despesa_contestacao | Tempo gasto: 0.0s
2026-08-04 12:03:50.087 | INFO    |test_encontro_contas:test_preparar_atualizacoes_monta_a_chave_da_linha:80 - [STEP] Iniciando: preparar_atualizacoes_despesa_contestacao
2026-08-04 12:03:50.088 | INFO    |comum.utils.decoradores:wrapper:22 - [HU-19 Despesa Contestação] 1 atualização(ões) preparada(s).
2026-08-04 12:03:50.088 | INFO    |test_encontro_contas:test_preparar_atualizacoes_monta_a_chave_da_linha:80 - [STEP] Finalizando: preparar_atualizacoes_despesa_contestacao | Tempo gasto: 0.0s
2026-08-04 12:03:50.089 | INFO    |test_encontro_contas:test_preparar_atualizacoes_vb_operadora_e_vb_diferenca_sempre_negativos:97 - [STEP] Iniciando: preparar_atualizacoes_despesa_contestacao
2026-08-04 12:03:50.090 | INFO    |comum.utils.decoradores:wrapper:22 - [HU-19 Despesa Contestação] 2 atualização(ões) preparada(s).
2026-08-04 12:03:50.090 | INFO    |test_encontro_contas:test_preparar_atualizacoes_vb_operadora_e_vb_diferenca_sempre_negativos:97 - [STEP] Finalizando: preparar_atualizacoes_despesa_contestacao | Tempo gasto: 0.0s
2026-08-04 12:03:50.091 | INFO    |test_encontro_contas:test_preparar_atualizacoes_nao_escreve_campos_de_outras_hus:112 - [STEP] Iniciando: preparar_atualizacoes_despesa_contestacao
2026-08-04 12:03:50.092 | INFO    |comum.utils.decoradores:wrapper:22 - [HU-19 Despesa Contestação] 1 atualização(ões) preparada(s).
2026-08-04 12:03:50.092 | INFO    |test_encontro_contas:test_preparar_atualizacoes_nao_escreve_campos_de_outras_hus:112 - [STEP] Finalizando: preparar_atualizacoes_despesa_contestacao | Tempo gasto: 0.0s
2026-08-04 12:03:50.093 | INFO    |test_encontro_contas:test_preparar_atualizacoes_atualiza_exatamente_os_seis_campos_da_v2:128 - [STEP] Iniciando: preparar_atualizacoes_despesa_contestacao
2026-08-04 12:03:50.094 | INFO    |comum.utils.decoradores:wrapper:22 - [HU-19 Despesa Contestação] 1 atualização(ões) preparada(s).
2026-08-04 12:03:50.094 | INFO    |test_encontro_contas:test_preparar_atualizacoes_atualiza_exatamente_os_seis_campos_da_v2:128 - [STEP] Finalizando: preparar_atualizacoes_despesa_contestacao | Tempo gasto: 0.0s
2026-08-04 12:03:50.109 | INFO    |comum.dados.repositorio_cache:__init__:77 - Inicializando conexão com o banco no ambiente [dev]
2026-08-04 12:03:50.109 | INFO    |comum.dados.repositorio_cache:__init__:77 - Utilizando SQLite local [C:\Users\btime\AppData\Local\Temp\detraf_epico4_teste_ivkixnml\TABELAS_DETRAF_TESTE.db]
2026-08-04 12:03:50.111 | INFO    |test_geracao_agi_controller:test_gerar_cont_proc_grava_arquivo_e_regrava_o_sinal:50 - [STEP] Iniciando: GeracaoAgiController.gerar_cont_proc
2026-08-04 12:03:50.112 | INFO    |src.controllers.geracao_agi_controller:gerar_cont_proc:54 - [STEP] Iniciando: montar_linhas_cont_proc
2026-08-04 12:03:50.112 | INFO    |src.services.geracao_cont_proc:montar_linhas_cont_proc:195 - [STEP] Iniciando: selecionar_linhas_contestadas
2026-08-04 12:03:50.113 | INFO    |comum.dados.repositorio_cache:obter_tabela:169 - Carregando tabela [tbl_rpa_log_detraf_despesa_contestacao]
2026-08-04 12:03:50.114 | INFO    |comum.dados.repositorio_cache:obter_tabela:169 - Tabela [tbl_rpa_log_detraf_despesa_contestacao] carregada | Linhas: 2 | Colunas: 18
2026-08-04 12:03:50.116 | INFO    |comum.utils.decoradores:wrapper:22 - [HU-16 CONT_PROC] 1 linha(s) contestada(s).
2026-08-04 12:03:50.117 | INFO    |src.services.geracao_cont_proc:montar_linhas_cont_proc:195 - [STEP] Finalizando: selecionar_linhas_contestadas | Tempo gasto: 0.0s
2026-08-04 12:03:50.118 | INFO    |comum.utils.decoradores:wrapper:22 - [HU-16 CONT_PROC] 1 linha(s) montada(s) (T-100+T-101 completos).
2026-08-04 12:03:50.118 | INFO    |src.controllers.geracao_agi_controller:gerar_cont_proc:54 - [STEP] Finalizando: montar_linhas_cont_proc | Tempo gasto: 0.01s
2026-08-04 12:03:50.118 | INFO    |src.controllers.geracao_agi_controller:gerar_cont_proc:60 - [STEP] Iniciando: gerar_arquivo_cont_proc
2026-08-04 12:03:50.236 | INFO    |comum.utils.decoradores:wrapper:22 - [HU-16 CONT_PROC] Arquivo gravado em [C:\Users\btime\AppData\Local\Temp\pytest-of-btime\pytest-273\test_gerar_cont_proc_grava_arq0\Claro\2025\202507\AGI\CONT_PROC_MASCARA_Claro_202507.xlsx].
2026-08-04 12:03:50.237 | INFO    |src.controllers.geracao_agi_controller:gerar_cont_proc:60 - [STEP] Finalizando: gerar_arquivo_cont_proc | Tempo gasto: 0.12s
2026-08-04 12:03:50.237 | INFO    |src.controllers.geracao_agi_controller:gerar_cont_proc:70 - [STEP] Iniciando: selecionar_linhas_contestadas
2026-08-04 12:03:50.240 | INFO    |comum.utils.decoradores:wrapper:22 - [HU-16 CONT_PROC] 1 linha(s) contestada(s).
2026-08-04 12:03:50.240 | INFO    |src.controllers.geracao_agi_controller:gerar_cont_proc:70 - [STEP] Finalizando: selecionar_linhas_contestadas | Tempo gasto: 0.0s
2026-08-04 12:03:50.243 | INFO    |comum.dados.repositorio_tabelas:_atualizar_contestacao_em_lote:864 - 1 linha(s) atualizada(s) em [tbl_rpa_log_detraf_despesa_contestacao].
2026-08-04 12:03:50.243 | INFO    |comum.dados.repositorio_cache:recarregar_cache_local:330 - Carregando tabela [tbl_rpa_log_detraf_despesa_contestacao]
2026-08-04 12:03:50.244 | INFO    |comum.dados.repositorio_cache:recarregar_cache_local:330 - Tabela [tbl_rpa_log_detraf_despesa_contestacao] carregada | Linhas: 2 | Colunas: 18
2026-08-04 12:03:50.245 | INFO    |comum.dados.repositorio_tabelas:atualizar_tipo_contestacao:930 - [HU-16 Writeback tipo_contestacao] 1 linha(s) atualizada(s), 0 chave(s) ausente(s).
2026-08-04 12:03:50.245 | INFO    |test_geracao_agi_controller:test_gerar_cont_proc_grava_arquivo_e_regrava_o_sinal:50 - [STEP] Finalizando: GeracaoAgiController.gerar_cont_proc | Tempo gasto: 0.13s
2026-08-04 12:03:50.249 | INFO    |comum.dados.repositorio_cache:__init__:77 - Inicializando conexão com o banco no ambiente [dev]
2026-08-04 12:03:50.249 | INFO    |comum.dados.repositorio_cache:__init__:77 - Utilizando SQLite local [C:\Users\btime\AppData\Local\Temp\detraf_epico4_teste_ivkixnml\TABELAS_DETRAF_TESTE.db]
2026-08-04 12:03:50.252 | INFO    |test_geracao_agi_controller:test_gerar_cont_proc_sem_contestacao_nao_gera_nem_regrava:67 - [STEP] Iniciando: GeracaoAgiController.gerar_cont_proc
2026-08-04 12:03:50.253 | INFO    |src.controllers.geracao_agi_controller:gerar_cont_proc:54 - [STEP] Iniciando: montar_linhas_cont_proc
2026-08-04 12:03:50.253 | INFO    |src.services.geracao_cont_proc:montar_linhas_cont_proc:195 - [STEP] Iniciando: selecionar_linhas_contestadas
2026-08-04 12:03:50.254 | INFO    |comum.dados.repositorio_cache:obter_tabela:169 - Carregando tabela [tbl_rpa_log_detraf_despesa_contestacao]
2026-08-04 12:03:50.259 | INFO    |comum.dados.repositorio_cache:obter_tabela:169 - Tabela [tbl_rpa_log_detraf_despesa_contestacao] carregada | Linhas: 2 | Colunas: 18
2026-08-04 12:03:50.261 | INFO    |src.services.geracao_cont_proc:selecionar_linhas_contestadas:115 - Sinal de contestação não encontrado para [operadora=999, tbra=011, referencia=202507, trafego=202507, remuneracao=TU-COM] — tratado como sem contestação.
2026-08-04 12:03:50.262 | INFO    |comum.utils.decoradores:wrapper:22 - [HU-16 CONT_PROC] Nenhuma combinação com sinal do analista (todas 'sem contestação' apesar da variação).
2026-08-04 12:03:50.262 | INFO    |src.services.geracao_cont_proc:montar_linhas_cont_proc:195 - [STEP] Finalizando: selecionar_linhas_contestadas | Tempo gasto: 0.01s
2026-08-04 12:03:50.262 | INFO    |src.controllers.geracao_agi_controller:gerar_cont_proc:54 - [STEP] Finalizando: montar_linhas_cont_proc | Tempo gasto: 0.01s
2026-08-04 12:03:50.263 | INFO    |src.controllers.geracao_agi_controller:gerar_cont_proc:60 - [STEP] Iniciando: gerar_arquivo_cont_proc
2026-08-04 12:03:50.263 | INFO    |comum.utils.decoradores:wrapper:22 - [HU-16 CONT_PROC] Nada a gravar (nenhuma linha a contestar).
2026-08-04 12:03:50.263 | INFO    |src.controllers.geracao_agi_controller:gerar_cont_proc:60 - [STEP] Finalizando: gerar_arquivo_cont_proc | Tempo gasto: 0.0s
2026-08-04 12:03:50.263 | INFO    |test_geracao_agi_controller:test_gerar_cont_proc_sem_contestacao_nao_gera_nem_regrava:67 - [STEP] Finalizando: GeracaoAgiController.gerar_cont_proc | Tempo gasto: 0.01s
2026-08-04 12:03:50.266 | INFO    |comum.dados.repositorio_cache:__init__:77 - Inicializando conexão com o banco no ambiente [dev]
2026-08-04 12:03:50.266 | INFO    |comum.dados.repositorio_cache:__init__:77 - Utilizando SQLite local [C:\Users\btime\AppData\Local\Temp\detraf_epico4_teste_ivkixnml\TABELAS_DETRAF_TESTE.db]
2026-08-04 12:03:50.267 | INFO    |test_geracao_agi_controller:test_atualizar_despesa_contestacao_delega_e_devolve_o_resumo:78 - [STEP] Iniciando: GeracaoAgiController.atualizar_despesa_contestacao
2026-08-04 12:03:50.268 | INFO    |src.controllers.geracao_agi_controller:atualizar_despesa_contestacao:90 - [STEP] Iniciando: preparar_atualizacoes_despesa_contestacao
2026-08-04 12:03:50.269 | INFO    |comum.utils.decoradores:wrapper:22 - [HU-19 Despesa Contestação] 1 atualização(ões) preparada(s).
2026-08-04 12:03:50.269 | INFO    |src.controllers.geracao_agi_controller:atualizar_despesa_contestacao:90 - [STEP] Finalizando: preparar_atualizacoes_despesa_contestacao | Tempo gasto: 0.0s
2026-08-04 12:03:50.269 | INFO    |comum.dados.repositorio_cache:obter_tabela:169 - Carregando tabela [tbl_rpa_log_detraf_despesa_contestacao]
2026-08-04 12:03:50.271 | INFO    |comum.dados.repositorio_cache:obter_tabela:169 - Tabela [tbl_rpa_log_detraf_despesa_contestacao] carregada | Linhas: 2 | Colunas: 18
2026-08-04 12:03:50.277 | INFO    |comum.dados.repositorio_tabelas:_atualizar_contestacao_em_lote:864 - 1 linha(s) atualizada(s) em [tbl_rpa_log_detraf_despesa_contestacao].
2026-08-04 12:03:50.278 | INFO    |comum.dados.repositorio_cache:recarregar_cache_local:330 - Carregando tabela [tbl_rpa_log_detraf_despesa_contestacao]
2026-08-04 12:03:50.279 | INFO    |comum.dados.repositorio_cache:recarregar_cache_local:330 - Tabela [tbl_rpa_log_detraf_despesa_contestacao] carregada | Linhas: 2 | Colunas: 18
2026-08-04 12:03:50.279 | INFO    |comum.dados.repositorio_tabelas:atualizar_despesa_contestacao:903 - [HU-19 Despesa Contestação] 1 linha(s) atualizada(s), 0 chave(s) ausente(s).
2026-08-04 12:03:50.279 | INFO    |test_geracao_agi_controller:test_atualizar_despesa_contestacao_delega_e_devolve_o_resumo:78 - [STEP] Finalizando: GeracaoAgiController.atualizar_despesa_contestacao | Tempo gasto: 0.01s
2026-08-04 12:03:50.282 | INFO    |test_geracao_cont_proc:test_df_vazio_retorna_vazio:48 - [STEP] Iniciando: montar_linhas_cont_proc
2026-08-04 12:03:50.282 | INFO    |src.services.geracao_cont_proc:montar_linhas_cont_proc:195 - [STEP] Iniciando: selecionar_linhas_contestadas
2026-08-04 12:03:50.282 | INFO    |src.services.geracao_cont_proc:montar_linhas_cont_proc:195 - [STEP] Finalizando: selecionar_linhas_contestadas | Tempo gasto: 0.0s
2026-08-04 12:03:50.283 | INFO    |test_geracao_cont_proc:test_df_vazio_retorna_vazio:48 - [STEP] Finalizando: montar_linhas_cont_proc | Tempo gasto: 0.0s
2026-08-04 12:03:50.284 | INFO    |test_geracao_cont_proc:test_exclui_linhas_sem_contestacao_a_enviar:56 - [STEP] Iniciando: montar_linhas_cont_proc
2026-08-04 12:03:50.284 | INFO    |src.services.geracao_cont_proc:montar_linhas_cont_proc:195 - [STEP] Iniciando: selecionar_linhas_contestadas
2026-08-04 12:03:50.285 | INFO    |comum.utils.decoradores:wrapper:22 - [HU-16 CONT_PROC] Nenhuma combinação com 'contestacao_a_enviar'=S.
2026-08-04 12:03:50.285 | INFO    |src.services.geracao_cont_proc:montar_linhas_cont_proc:195 - [STEP] Finalizando: selecionar_linhas_contestadas | Tempo gasto: 0.0s
2026-08-04 12:03:50.285 | INFO    |test_geracao_cont_proc:test_exclui_linhas_sem_contestacao_a_enviar:56 - [STEP] Finalizando: montar_linhas_cont_proc | Tempo gasto: 0.0s
2026-08-04 12:03:50.287 | INFO    |test_geracao_cont_proc:test_exclui_linha_com_flag_s_mas_sem_sinal_do_analista:65 - [STEP] Iniciando: montar_linhas_cont_proc
2026-08-04 12:03:50.287 | INFO    |src.services.geracao_cont_proc:montar_linhas_cont_proc:195 - [STEP] Iniciando: selecionar_linhas_contestadas
2026-08-04 12:03:50.288 | INFO    |comum.utils.decoradores:wrapper:22 - [HU-16 CONT_PROC] Nenhuma combinação com sinal do analista (todas 'sem contestação' apesar da variação).
2026-08-04 12:03:50.289 | INFO    |src.services.geracao_cont_proc:montar_linhas_cont_proc:195 - [STEP] Finalizando: selecionar_linhas_contestadas | Tempo gasto: 0.0s
2026-08-04 12:03:50.289 | INFO    |test_geracao_cont_proc:test_exclui_linha_com_flag_s_mas_sem_sinal_do_analista:65 - [STEP] Finalizando: montar_linhas_cont_proc | Tempo gasto: 0.0s
2026-08-04 12:03:50.290 | INFO    |test_geracao_cont_proc:test_flag_pag_rec_com_retencao:73 - [STEP] Iniciando: montar_linhas_cont_proc
2026-08-04 12:03:50.291 | INFO    |src.services.geracao_cont_proc:montar_linhas_cont_proc:195 - [STEP] Iniciando: selecionar_linhas_contestadas
2026-08-04 12:03:50.292 | INFO    |comum.utils.decoradores:wrapper:22 - [HU-16 CONT_PROC] 1 linha(s) contestada(s).
2026-08-04 12:03:50.292 | INFO    |src.services.geracao_cont_proc:montar_linhas_cont_proc:195 - [STEP] Finalizando: selecionar_linhas_contestadas | Tempo gasto: 0.0s
2026-08-04 12:03:50.293 | INFO    |comum.utils.decoradores:wrapper:22 - [HU-16 CONT_PROC] 1 linha(s) montada(s) (T-100+T-101 completos).
2026-08-04 12:03:50.293 | INFO    |test_geracao_cont_proc:test_flag_pag_rec_com_retencao:73 - [STEP] Finalizando: montar_linhas_cont_proc | Tempo gasto: 0.0s
2026-08-04 12:03:50.294 | INFO    |test_geracao_cont_proc:test_flag_pag_rec_sem_retencao:89 - [STEP] Iniciando: montar_linhas_cont_proc
2026-08-04 12:03:50.294 | INFO    |src.services.geracao_cont_proc:montar_linhas_cont_proc:195 - [STEP] Iniciando: selecionar_linhas_contestadas
2026-08-04 12:03:50.295 | INFO    |comum.utils.decoradores:wrapper:22 - [HU-16 CONT_PROC] 1 linha(s) contestada(s).
2026-08-04 12:03:50.296 | INFO    |src.services.geracao_cont_proc:montar_linhas_cont_proc:195 - [STEP] Finalizando: selecionar_linhas_contestadas | Tempo gasto: 0.0s
2026-08-04 12:03:50.296 | INFO    |comum.utils.decoradores:wrapper:22 - [HU-16 CONT_PROC] 1 linha(s) montada(s) (T-100+T-101 completos).
2026-08-04 12:03:50.297 | INFO    |test_geracao_cont_proc:test_flag_pag_rec_sem_retencao:89 - [STEP] Finalizando: montar_linhas_cont_proc | Tempo gasto: 0.0s
2026-08-04 12:03:50.298 | INFO    |test_geracao_cont_proc:test_multiplas_linhas_mistas:105 - [STEP] Iniciando: montar_linhas_cont_proc
2026-08-04 12:03:50.298 | INFO    |src.services.geracao_cont_proc:montar_linhas_cont_proc:195 - [STEP] Iniciando: selecionar_linhas_contestadas
2026-08-04 12:03:50.299 | INFO    |comum.utils.decoradores:wrapper:22 - [HU-16 CONT_PROC] 1 linha(s) contestada(s).
2026-08-04 12:03:50.299 | INFO    |src.services.geracao_cont_proc:montar_linhas_cont_proc:195 - [STEP] Finalizando: selecionar_linhas_contestadas | Tempo gasto: 0.0s
2026-08-04 12:03:50.301 | INFO    |comum.utils.decoradores:wrapper:22 - [HU-16 CONT_PROC] 1 linha(s) montada(s) (T-100+T-101 completos).
2026-08-04 12:03:50.301 | INFO    |test_geracao_cont_proc:test_multiplas_linhas_mistas:105 - [STEP] Finalizando: montar_linhas_cont_proc | Tempo gasto: 0.0s
2026-08-04 12:03:50.303 | INFO    |test_geracao_cont_proc:test_duracao_e_vlr_bruto_sao_negativos_da_diferenca:120 - [STEP] Iniciando: montar_linhas_cont_proc
2026-08-04 12:03:50.303 | INFO    |src.services.geracao_cont_proc:montar_linhas_cont_proc:195 - [STEP] Iniciando: selecionar_linhas_contestadas
2026-08-04 12:03:50.304 | INFO    |comum.utils.decoradores:wrapper:22 - [HU-16 CONT_PROC] 1 linha(s) contestada(s).
2026-08-04 12:03:50.305 | INFO    |src.services.geracao_cont_proc:montar_linhas_cont_proc:195 - [STEP] Finalizando: selecionar_linhas_contestadas | Tempo gasto: 0.0s
2026-08-04 12:03:50.306 | INFO    |comum.utils.decoradores:wrapper:22 - [HU-16 CONT_PROC] 1 linha(s) montada(s) (T-100+T-101 completos).
2026-08-04 12:03:50.306 | INFO    |test_geracao_cont_proc:test_duracao_e_vlr_bruto_sao_negativos_da_diferenca:120 - [STEP] Finalizando: montar_linhas_cont_proc | Tempo gasto: 0.0s
2026-08-04 12:03:50.307 | INFO    |test_geracao_cont_proc:test_remuneracao_fixa_vem_do_contest:131 - [STEP] Iniciando: montar_linhas_cont_proc
2026-08-04 12:03:50.307 | INFO    |src.services.geracao_cont_proc:montar_linhas_cont_proc:195 - [STEP] Iniciando: selecionar_linhas_contestadas
2026-08-04 12:03:50.309 | INFO    |comum.utils.decoradores:wrapper:22 - [HU-16 CONT_PROC] 1 linha(s) contestada(s).
2026-08-04 12:03:50.309 | INFO    |src.services.geracao_cont_proc:montar_linhas_cont_proc:195 - [STEP] Finalizando: selecionar_linhas_contestadas | Tempo gasto: 0.0s
2026-08-04 12:03:50.310 | INFO    |comum.utils.decoradores:wrapper:22 - [HU-16 CONT_PROC] 1 linha(s) montada(s) (T-100+T-101 completos).
2026-08-04 12:03:50.310 | INFO    |test_geracao_cont_proc:test_remuneracao_fixa_vem_do_contest:131 - [STEP] Finalizando: montar_linhas_cont_proc | Tempo gasto: 0.0s
2026-08-04 12:03:50.311 | INFO    |test_geracao_cont_proc:test_id_modalidade_e_sempre_00:142 - [STEP] Iniciando: montar_linhas_cont_proc
2026-08-04 12:03:50.311 | INFO    |src.services.geracao_cont_proc:montar_linhas_cont_proc:195 - [STEP] Iniciando: selecionar_linhas_contestadas
2026-08-04 12:03:50.313 | INFO    |comum.utils.decoradores:wrapper:22 - [HU-16 CONT_PROC] 1 linha(s) contestada(s).
2026-08-04 12:03:50.313 | INFO    |src.services.geracao_cont_proc:montar_linhas_cont_proc:195 - [STEP] Finalizando: selecionar_linhas_contestadas | Tempo gasto: 0.0s
2026-08-04 12:03:50.314 | INFO    |comum.utils.decoradores:wrapper:22 - [HU-16 CONT_PROC] 1 linha(s) montada(s) (T-100+T-101 completos).
2026-08-04 12:03:50.314 | INFO    |test_geracao_cont_proc:test_id_modalidade_e_sempre_00:142 - [STEP] Finalizando: montar_linhas_cont_proc | Tempo gasto: 0.0s
2026-08-04 12:03:50.317 | INFO    |test_geracao_cont_proc:test_gerar_arquivo_nao_grava_quando_vazio:151 - [STEP] Iniciando: gerar_arquivo_cont_proc
2026-08-04 12:03:50.317 | INFO    |comum.utils.decoradores:wrapper:22 - [HU-16 CONT_PROC] Nada a gravar (nenhuma linha a contestar).
2026-08-04 12:03:50.317 | INFO    |test_geracao_cont_proc:test_gerar_arquivo_nao_grava_quando_vazio:151 - [STEP] Finalizando: gerar_arquivo_cont_proc | Tempo gasto: 0.0s
2026-08-04 12:03:50.320 | INFO    |test_geracao_cont_proc:test_gerar_arquivo_grava_no_caminho_e_nome_corretos:161 - [STEP] Iniciando: montar_linhas_cont_proc
2026-08-04 12:03:50.321 | INFO    |src.services.geracao_cont_proc:montar_linhas_cont_proc:195 - [STEP] Iniciando: selecionar_linhas_contestadas
2026-08-04 12:03:50.322 | INFO    |comum.utils.decoradores:wrapper:22 - [HU-16 CONT_PROC] 1 linha(s) contestada(s).
2026-08-04 12:03:50.322 | INFO    |src.services.geracao_cont_proc:montar_linhas_cont_proc:195 - [STEP] Finalizando: selecionar_linhas_contestadas | Tempo gasto: 0.0s
2026-08-04 12:03:50.323 | INFO    |comum.utils.decoradores:wrapper:22 - [HU-16 CONT_PROC] 1 linha(s) montada(s) (T-100+T-101 completos).
2026-08-04 12:03:50.323 | INFO    |test_geracao_cont_proc:test_gerar_arquivo_grava_no_caminho_e_nome_corretos:161 - [STEP] Finalizando: montar_linhas_cont_proc | Tempo gasto: 0.0s
2026-08-04 12:03:50.323 | INFO    |test_geracao_cont_proc:test_gerar_arquivo_grava_no_caminho_e_nome_corretos:163 - [STEP] Iniciando: gerar_arquivo_cont_proc
2026-08-04 12:03:50.330 | INFO    |comum.utils.decoradores:wrapper:22 - [HU-16 CONT_PROC] Arquivo gravado em [C:\Users\btime\AppData\Local\Temp\pytest-of-btime\pytest-273\test_gerar_arquivo_grava_no_ca0\Claro\2025\202507\AGI\CONT_PROC_MASCARA_Claro_202507.xlsx].
2026-08-04 12:03:50.331 | INFO    |test_geracao_cont_proc:test_gerar_arquivo_grava_no_caminho_e_nome_corretos:163 - [STEP] Finalizando: gerar_arquivo_cont_proc | Tempo gasto: 0.01s
2026-08-04 12:03:50.332 | INFO    |test_geracao_cont_proc:test_gate_df_vazio_retorna_vazio_com_o_schema_da_chave:187 - [STEP] Iniciando: selecionar_linhas_contestadas
2026-08-04 12:03:50.332 | INFO    |test_geracao_cont_proc:test_gate_df_vazio_retorna_vazio_com_o_schema_da_chave:187 - [STEP] Finalizando: selecionar_linhas_contestadas | Tempo gasto: 0.0s
2026-08-04 12:03:50.334 | INFO    |test_geracao_cont_proc:test_gate_cenario_sem_contestacao_exclui_linha:199 - [STEP] Iniciando: selecionar_linhas_contestadas
2026-08-04 12:03:50.335 | INFO    |comum.utils.decoradores:wrapper:22 - [HU-16 CONT_PROC] Nenhuma combinação com 'contestacao_a_enviar'=S.
2026-08-04 12:03:50.335 | INFO    |test_geracao_cont_proc:test_gate_cenario_sem_contestacao_exclui_linha:199 - [STEP] Finalizando: selecionar_linhas_contestadas | Tempo gasto: 0.0s
2026-08-04 12:03:50.337 | INFO    |test_geracao_cont_proc:test_gate_flag_s_sem_sinal_do_analista_exclui_linha:207 - [STEP] Iniciando: selecionar_linhas_contestadas
2026-08-04 12:03:50.340 | INFO    |comum.utils.decoradores:wrapper:22 - [HU-16 CONT_PROC] Nenhuma combinação com sinal do analista (todas 'sem contestação' apesar da variação).
2026-08-04 12:03:50.340 | INFO    |test_geracao_cont_proc:test_gate_flag_s_sem_sinal_do_analista_exclui_linha:207 - [STEP] Finalizando: selecionar_linhas_contestadas | Tempo gasto: 0.0s
2026-08-04 12:03:50.342 | INFO    |test_geracao_cont_proc:test_gate_cenarios_sem_e_com_retencao_selecionam_a_linha:215 - [STEP] Iniciando: selecionar_linhas_contestadas
2026-08-04 12:03:50.343 | INFO    |comum.utils.decoradores:wrapper:22 - [HU-16 CONT_PROC] 1 linha(s) contestada(s).
2026-08-04 12:03:50.343 | INFO    |test_geracao_cont_proc:test_gate_cenarios_sem_e_com_retencao_selecionam_a_linha:215 - [STEP] Finalizando: selecionar_linhas_contestadas | Tempo gasto: 0.0s
2026-08-04 12:03:50.345 | INFO    |test_geracao_cont_proc:test_gate_cenarios_sem_e_com_retencao_selecionam_a_linha:215 - [STEP] Iniciando: selecionar_linhas_contestadas
2026-08-04 12:03:50.346 | INFO    |comum.utils.decoradores:wrapper:22 - [HU-16 CONT_PROC] 1 linha(s) contestada(s).
2026-08-04 12:03:50.346 | INFO    |test_geracao_cont_proc:test_gate_cenarios_sem_e_com_retencao_selecionam_a_linha:215 - [STEP] Finalizando: selecionar_linhas_contestadas | Tempo gasto: 0.0s
2026-08-04 12:03:50.347 | INFO    |test_geracao_cont_proc:test_gate_preserva_o_indice_do_contest:239 - [STEP] Iniciando: selecionar_linhas_contestadas
2026-08-04 12:03:50.349 | INFO    |comum.utils.decoradores:wrapper:22 - [HU-16 CONT_PROC] 1 linha(s) contestada(s).
2026-08-04 12:03:50.349 | INFO    |test_geracao_cont_proc:test_gate_preserva_o_indice_do_contest:239 - [STEP] Finalizando: selecionar_linhas_contestadas | Tempo gasto: 0.0s
2026-08-04 12:03:50.350 | INFO    |test_geracao_cont_proc:test_gate_consulta_o_sinal_uma_vez_por_chave_unica:269 - [STEP] Iniciando: selecionar_linhas_contestadas
2026-08-04 12:03:50.352 | INFO    |comum.utils.decoradores:wrapper:22 - [HU-16 CONT_PROC] 3 linha(s) contestada(s).
2026-08-04 12:03:50.353 | INFO    |test_geracao_cont_proc:test_gate_consulta_o_sinal_uma_vez_por_chave_unica:269 - [STEP] Finalizando: selecionar_linhas_contestadas | Tempo gasto: 0.0s
2026-08-04 12:03:50.356 | INFO    |test_geracao_env_carta:test_pasta_inexistente_levanta_erro:31 - [STEP] Iniciando: obter_proximo_numero_carta
2026-08-04 12:03:50.356 | INFO    |test_geracao_env_carta:test_pasta_inexistente_levanta_erro:31 - [STEP] Finalizando: obter_proximo_numero_carta | Tempo gasto: 0.0s
2026-08-04 12:03:50.358 | INFO    |test_geracao_env_carta:test_pasta_vazia_levanta_erro:39 - [STEP] Iniciando: obter_proximo_numero_carta
2026-08-04 12:03:50.359 | INFO    |test_geracao_env_carta:test_pasta_vazia_levanta_erro:39 - [STEP] Finalizando: obter_proximo_numero_carta | Tempo gasto: 0.0s
2026-08-04 12:03:50.362 | INFO    |test_geracao_env_carta:test_pasta_sem_carta_reconhecivel_levanta_erro:50 - [STEP] Iniciando: obter_proximo_numero_carta
2026-08-04 12:03:50.362 | INFO    |test_geracao_env_carta:test_pasta_sem_carta_reconhecivel_levanta_erro:50 - [STEP] Finalizando: obter_proximo_numero_carta | Tempo gasto: 0.0s
2026-08-04 12:03:50.438 | INFO    |test_geracao_env_carta:test_pasta_vazia_com_numero_inicial_configurado:65 - [STEP] Iniciando: obter_proximo_numero_carta
2026-08-04 12:03:50.439 | WARNING |comum.utils.decoradores:wrapper:22 - [HU-14] Nenhuma carta CT em [C:\Users\btime\AppData\Local\Temp\pytest-of-btime\pytest-273\test_pasta_vazia_com_numero_in0\CT\2026] — iniciando a sequência em 500 (CT_NUMERO_INICIAL).
2026-08-04 12:03:50.439 | INFO    |test_geracao_env_carta:test_pasta_vazia_com_numero_inicial_configurado:65 - [STEP] Finalizando: obter_proximo_numero_carta | Tempo gasto: 0.0s
2026-08-04 12:03:50.442 | INFO    |test_geracao_env_carta:test_numero_inicial_nao_sobrepoe_sequencia_existente:78 - [STEP] Iniciando: obter_proximo_numero_carta
2026-08-04 12:03:50.442 | INFO    |comum.utils.decoradores:wrapper:22 - [HU-14] Último número CT encontrado: 362. Próximo: 363.
2026-08-04 12:03:50.442 | INFO    |test_geracao_env_carta:test_numero_inicial_nao_sobrepoe_sequencia_existente:78 - [STEP] Finalizando: obter_proximo_numero_carta | Tempo gasto: 0.0s
2026-08-04 12:03:50.445 | INFO    |test_geracao_env_carta:test_encontra_maior_numero_e_soma_um:87 - [STEP] Iniciando: obter_proximo_numero_carta
2026-08-04 12:03:50.445 | INFO    |comum.utils.decoradores:wrapper:22 - [HU-14] Último número CT encontrado: 362. Próximo: 363.
2026-08-04 12:03:50.446 | INFO    |test_geracao_env_carta:test_encontra_maior_numero_e_soma_um:87 - [STEP] Finalizando: obter_proximo_numero_carta | Tempo gasto: 0.0s
2026-08-04 12:03:50.449 | INFO    |test_geracao_env_carta:test_tolera_variacoes_de_grafia:98 - [STEP] Iniciando: obter_proximo_numero_carta
2026-08-04 12:03:50.449 | INFO    |comum.utils.decoradores:wrapper:22 - [HU-14] Último número CT encontrado: 334. Próximo: 335.
2026-08-04 12:03:50.449 | INFO    |test_geracao_env_carta:test_tolera_variacoes_de_grafia:98 - [STEP] Finalizando: obter_proximo_numero_carta | Tempo gasto: 0.0s
2026-08-04 12:03:50.454 | INFO    |test_geracao_env_carta:test_ignora_arquivos_sem_padrao_ct:107 - [STEP] Iniciando: obter_proximo_numero_carta
2026-08-04 12:03:50.454 | INFO    |comum.utils.decoradores:wrapper:22 - [HU-14] Último número CT encontrado: 100. Próximo: 101.
2026-08-04 12:03:50.455 | INFO    |test_geracao_env_carta:test_ignora_arquivos_sem_padrao_ct:107 - [STEP] Finalizando: obter_proximo_numero_carta | Tempo gasto: 0.0s
2026-08-04 12:03:50.458 | INFO    |src.services.geracao_env_carta:nome_proxima_carta:159 - [STEP] Iniciando: obter_proximo_numero_carta
2026-08-04 12:03:50.459 | INFO    |comum.utils.decoradores:wrapper:22 - [HU-14] Último número CT encontrado: 362. Próximo: 363.
2026-08-04 12:03:50.459 | INFO    |src.services.geracao_env_carta:nome_proxima_carta:159 - [STEP] Finalizando: obter_proximo_numero_carta | Tempo gasto: 0.0s
2026-08-04 12:03:50.460 | INFO    |comum.dados.repositorio_cache:__init__:77 - Inicializando conexão com o banco no ambiente [dev]
2026-08-04 12:03:50.460 | INFO    |comum.dados.repositorio_cache:__init__:77 - Utilizando SQLite local [C:\Users\btime\AppData\Local\Temp\detraf_epico4_teste_ivkixnml\TABELAS_DETRAF_TESTE.db]
2026-08-04 12:03:50.461 | INFO    |comum.dados.repositorio_cache:obter_tabela:169 - Carregando tabela [tbl_detraf_mapeamento_descritores]
2026-08-04 12:03:50.462 | INFO    |comum.dados.repositorio_cache:obter_tabela:169 - Tabela [tbl_detraf_mapeamento_descritores] carregada | Linhas: 25 | Colunas: 5
2026-08-04 12:03:50.465 | INFO    |test_geracao_env_carta:test_montar_abas_env_vazio_quando_sem_contestacao:168 - [STEP] Iniciando: montar_abas_env
2026-08-04 12:03:50.466 | INFO    |comum.utils.decoradores:wrapper:22 - [HU-14 _ENV] Nenhuma linha contestada — abas ficam vazias.
2026-08-04 12:03:50.466 | INFO    |test_geracao_env_carta:test_montar_abas_env_vazio_quando_sem_contestacao:168 - [STEP] Finalizando: montar_abas_env | Tempo gasto: 0.0s
2026-08-04 12:03:50.469 | INFO    |comum.dados.repositorio_cache:__init__:77 - Inicializando conexão com o banco no ambiente [dev]
2026-08-04 12:03:50.469 | INFO    |comum.dados.repositorio_cache:__init__:77 - Utilizando SQLite local [C:\Users\btime\AppData\Local\Temp\detraf_epico4_teste_ivkixnml\TABELAS_DETRAF_TESTE.db]
2026-08-04 12:03:50.469 | INFO    |comum.dados.repositorio_cache:obter_tabela:169 - Carregando tabela [tbl_detraf_mapeamento_descritores]
2026-08-04 12:03:50.471 | INFO    |comum.dados.repositorio_cache:obter_tabela:169 - Tabela [tbl_detraf_mapeamento_descritores] carregada | Linhas: 25 | Colunas: 5
2026-08-04 12:03:50.474 | INFO    |test_geracao_env_carta:test_montar_abas_env_exclui_sem_sinal_do_analista:181 - [STEP] Iniciando: montar_abas_env
2026-08-04 12:03:50.475 | INFO    |comum.utils.decoradores:wrapper:22 - [HU-14 _ENV] Nenhuma linha contestada — abas ficam vazias.
2026-08-04 12:03:50.476 | INFO    |test_geracao_env_carta:test_montar_abas_env_exclui_sem_sinal_do_analista:181 - [STEP] Finalizando: montar_abas_env | Tempo gasto: 0.0s
2026-08-04 12:03:50.478 | INFO    |comum.dados.repositorio_cache:__init__:77 - Inicializando conexão com o banco no ambiente [dev]
2026-08-04 12:03:50.478 | INFO    |comum.dados.repositorio_cache:__init__:77 - Utilizando SQLite local [C:\Users\btime\AppData\Local\Temp\detraf_epico4_teste_ivkixnml\TABELAS_DETRAF_TESTE.db]
2026-08-04 12:03:50.479 | INFO    |comum.dados.repositorio_cache:obter_tabela:169 - Carregando tabela [tbl_detraf_mapeamento_descritores]
2026-08-04 12:03:50.480 | INFO    |comum.dados.repositorio_cache:obter_tabela:169 - Tabela [tbl_detraf_mapeamento_descritores] carregada | Linhas: 25 | Colunas: 5
2026-08-04 12:03:50.483 | INFO    |test_geracao_env_carta:test_montar_abas_env_filtra_contest_e_tbra_corretamente:204 - [STEP] Iniciando: montar_abas_env
2026-08-04 12:03:50.487 | INFO    |comum.utils.decoradores:wrapper:22 - [HU-14 _ENV] Contest: 1 linha(s) contestada(s); TBRA: 1 linha(s) correspondente(s).
2026-08-04 12:03:50.487 | INFO    |test_geracao_env_carta:test_montar_abas_env_filtra_contest_e_tbra_corretamente:204 - [STEP] Finalizando: montar_abas_env | Tempo gasto: 0.0s
2026-08-04 12:03:50.491 | INFO    |test_geracao_env_carta:test_gerar_arquivo_env_nao_grava_quando_vazio:216 - [STEP] Iniciando: gerar_arquivo_env
2026-08-04 12:03:50.491 | INFO    |comum.utils.decoradores:wrapper:22 - [HU-14 _ENV] Nada a gravar (nenhuma linha contestada).
2026-08-04 12:03:50.491 | INFO    |test_geracao_env_carta:test_gerar_arquivo_env_nao_grava_quando_vazio:216 - [STEP] Finalizando: gerar_arquivo_env | Tempo gasto: 0.0s
2026-08-04 12:03:50.494 | INFO    |comum.dados.repositorio_cache:__init__:77 - Inicializando conexão com o banco no ambiente [dev]
2026-08-04 12:03:50.494 | INFO    |comum.dados.repositorio_cache:__init__:77 - Utilizando SQLite local [C:\Users\btime\AppData\Local\Temp\detraf_epico4_teste_ivkixnml\TABELAS_DETRAF_TESTE.db]
2026-08-04 12:03:50.494 | INFO    |comum.dados.repositorio_cache:obter_tabela:169 - Carregando tabela [tbl_detraf_mapeamento_descritores]
2026-08-04 12:03:50.496 | INFO    |comum.dados.repositorio_cache:obter_tabela:169 - Tabela [tbl_detraf_mapeamento_descritores] carregada | Linhas: 25 | Colunas: 5
2026-08-04 12:03:50.499 | INFO    |test_geracao_env_carta:test_gerar_arquivo_env_grava_no_caminho_e_nome_corretos:228 - [STEP] Iniciando: montar_abas_env
2026-08-04 12:03:50.502 | INFO    |comum.utils.decoradores:wrapper:22 - [HU-14 _ENV] Contest: 1 linha(s) contestada(s); TBRA: 1 linha(s) correspondente(s).
2026-08-04 12:03:50.502 | INFO    |test_geracao_env_carta:test_gerar_arquivo_env_grava_no_caminho_e_nome_corretos:228 - [STEP] Finalizando: montar_abas_env | Tempo gasto: 0.0s
2026-08-04 12:03:50.502 | INFO    |test_geracao_env_carta:test_gerar_arquivo_env_grava_no_caminho_e_nome_corretos:231 - [STEP] Iniciando: gerar_arquivo_env
2026-08-04 12:03:50.510 | INFO    |comum.utils.decoradores:wrapper:22 - [HU-14 _ENV] Arquivo gravado em [C:\Users\btime\AppData\Local\Temp\pytest-of-btime\pytest-273\test_gerar_arquivo_env_grava_n0\Claro\2025\202507\Contestações\Base Contestação_Claro_202507_ENV.xlsx].
2026-08-04 12:03:50.510 | INFO    |test_geracao_env_carta:test_gerar_arquivo_env_grava_no_caminho_e_nome_corretos:231 - [STEP] Finalizando: gerar_arquivo_env | Tempo gasto: 0.01s
2026-08-04 12:03:50.518 | INFO    |test_geracao_env_carta:test_montar_tabelas_carta_vazio:280 - [STEP] Iniciando: montar_tabelas_carta
2026-08-04 12:03:50.518 | INFO    |test_geracao_env_carta:test_montar_tabelas_carta_vazio:280 - [STEP] Finalizando: montar_tabelas_carta | Tempo gasto: 0.0s
2026-08-04 12:03:50.519 | INFO    |test_geracao_env_carta:test_montar_tabelas_carta_agrupa_por_remuneracao:291 - [STEP] Iniciando: montar_tabelas_carta
2026-08-04 12:03:50.523 | INFO    |comum.utils.decoradores:wrapper:22 - [HU-14 Carta] 2 tabela(s) de remuneração montada(s).
2026-08-04 12:03:50.523 | INFO    |test_geracao_env_carta:test_montar_tabelas_carta_agrupa_por_remuneracao:291 - [STEP] Finalizando: montar_tabelas_carta | Tempo gasto: 0.0s
2026-08-04 12:03:50.524 | INFO    |test_geracao_env_carta:test_montar_tabelas_carta_linha_total_soma_valores_numericos:306 - [STEP] Iniciando: montar_tabelas_carta
2026-08-04 12:03:50.526 | INFO    |comum.utils.decoradores:wrapper:22 - [HU-14 Carta] 1 tabela(s) de remuneração montada(s).
2026-08-04 12:03:50.526 | INFO    |test_geracao_env_carta:test_montar_tabelas_carta_linha_total_soma_valores_numericos:306 - [STEP] Finalizando: montar_tabelas_carta | Tempo gasto: 0.0s
2026-08-04 12:03:50.528 | INFO    |test_geracao_env_carta:test_montar_tabelas_carta_variacao_perc_em_branco_no_total:317 - [STEP] Iniciando: montar_tabelas_carta
2026-08-04 12:03:50.529 | INFO    |comum.utils.decoradores:wrapper:22 - [HU-14 Carta] 1 tabela(s) de remuneração montada(s).
2026-08-04 12:03:50.529 | INFO    |test_geracao_env_carta:test_montar_tabelas_carta_variacao_perc_em_branco_no_total:317 - [STEP] Finalizando: montar_tabelas_carta | Tempo gasto: 0.0s
2026-08-04 12:03:50.531 | INFO    |test_geracao_env_carta:test_montar_tabelas_carta_nao_inclui_coluna_contestacao_a_enviar:327 - [STEP] Iniciando: montar_tabelas_carta
2026-08-04 12:03:50.532 | INFO    |comum.utils.decoradores:wrapper:22 - [HU-14 Carta] 1 tabela(s) de remuneração montada(s).
2026-08-04 12:03:50.533 | INFO    |test_geracao_env_carta:test_montar_tabelas_carta_nao_inclui_coluna_contestacao_a_enviar:327 - [STEP] Finalizando: montar_tabelas_carta | Tempo gasto: 0.0s
2026-08-04 12:03:50.534 | INFO    |test_geracao_env_carta:test_montar_tabelas_carta_expoe_tipo_operacao_quando_uniforme:337 - [STEP] Iniciando: montar_tabelas_carta
2026-08-04 12:03:50.536 | INFO    |comum.utils.decoradores:wrapper:22 - [HU-14 Carta] 1 tabela(s) de remuneração montada(s).
2026-08-04 12:03:50.536 | INFO    |test_geracao_env_carta:test_montar_tabelas_carta_expoe_tipo_operacao_quando_uniforme:337 - [STEP] Finalizando: montar_tabelas_carta | Tempo gasto: 0.0s
2026-08-04 12:03:50.539 | INFO    |test_geracao_env_carta:test_renderizar_carta_conteudo_basico:363 - [STEP] Iniciando: montar_tabelas_carta
2026-08-04 12:03:50.541 | INFO    |comum.utils.decoradores:wrapper:22 - [HU-14 Carta] 1 tabela(s) de remuneração montada(s).
2026-08-04 12:03:50.541 | INFO    |test_geracao_env_carta:test_renderizar_carta_conteudo_basico:363 - [STEP] Finalizando: montar_tabelas_carta | Tempo gasto: 0.0s
2026-08-04 12:03:50.541 | INFO    |test_geracao_env_carta:test_renderizar_carta_conteudo_basico:367 - [STEP] Iniciando: renderizar_carta
2026-08-04 12:03:50.557 | INFO    |comum.utils.decoradores:wrapper:22 - [HU-14 Carta] Carta CT-363 renderizada (1 tabela(s)).
2026-08-04 12:03:50.557 | INFO    |test_geracao_env_carta:test_renderizar_carta_conteudo_basico:367 - [STEP] Finalizando: renderizar_carta | Tempo gasto: 0.02s
2026-08-04 12:03:50.559 | INFO    |test_geracao_env_carta:test_renderizar_carta_texto_com_retencao:386 - [STEP] Iniciando: montar_tabelas_carta
2026-08-04 12:03:50.562 | INFO    |comum.utils.decoradores:wrapper:22 - [HU-14 Carta] 1 tabela(s) de remuneração montada(s).
2026-08-04 12:03:50.562 | INFO    |test_geracao_env_carta:test_renderizar_carta_texto_com_retencao:386 - [STEP] Finalizando: montar_tabelas_carta | Tempo gasto: 0.0s
2026-08-04 12:03:50.562 | INFO    |test_geracao_env_carta:test_renderizar_carta_texto_com_retencao:390 - [STEP] Iniciando: renderizar_carta
2026-08-04 12:03:50.574 | INFO    |comum.utils.decoradores:wrapper:22 - [HU-14 Carta] Carta CT-1 renderizada (1 tabela(s)).
2026-08-04 12:03:50.574 | INFO    |test_geracao_env_carta:test_renderizar_carta_texto_com_retencao:390 - [STEP] Finalizando: renderizar_carta | Tempo gasto: 0.01s
2026-08-04 12:03:50.576 | INFO    |test_geracao_env_carta:test_renderizar_carta_sem_cidade_usa_padrao_sao_paulo:406 - [STEP] Iniciando: montar_tabelas_carta
2026-08-04 12:03:50.578 | INFO    |comum.utils.decoradores:wrapper:22 - [HU-14 Carta] 1 tabela(s) de remuneração montada(s).
2026-08-04 12:03:50.578 | INFO    |test_geracao_env_carta:test_renderizar_carta_sem_cidade_usa_padrao_sao_paulo:406 - [STEP] Finalizando: montar_tabelas_carta | Tempo gasto: 0.0s
2026-08-04 12:03:50.579 | INFO    |test_geracao_env_carta:test_renderizar_carta_sem_cidade_usa_padrao_sao_paulo:410 - [STEP] Iniciando: renderizar_carta
2026-08-04 12:03:50.591 | INFO    |comum.utils.decoradores:wrapper:22 - [HU-14 Carta] Carta CT-1 renderizada (1 tabela(s)).
2026-08-04 12:03:50.591 | INFO    |test_geracao_env_carta:test_renderizar_carta_sem_cidade_usa_padrao_sao_paulo:410 - [STEP] Finalizando: renderizar_carta | Tempo gasto: 0.01s
2026-08-04 12:03:50.593 | INFO    |test_geracao_env_carta:test_renderizar_carta_aceita_override_de_cidade:424 - [STEP] Iniciando: montar_tabelas_carta
2026-08-04 12:03:50.596 | INFO    |comum.utils.decoradores:wrapper:22 - [HU-14 Carta] 1 tabela(s) de remuneração montada(s).
2026-08-04 12:03:50.596 | INFO    |test_geracao_env_carta:test_renderizar_carta_aceita_override_de_cidade:424 - [STEP] Finalizando: montar_tabelas_carta | Tempo gasto: 0.0s
2026-08-04 12:03:50.596 | INFO    |test_geracao_env_carta:test_renderizar_carta_aceita_override_de_cidade:428 - [STEP] Iniciando: renderizar_carta
2026-08-04 12:03:50.608 | INFO    |comum.utils.decoradores:wrapper:22 - [HU-14 Carta] Carta CT-1 renderizada (1 tabela(s)).
2026-08-04 12:03:50.608 | INFO    |test_geracao_env_carta:test_renderizar_carta_aceita_override_de_cidade:428 - [STEP] Finalizando: renderizar_carta | Tempo gasto: 0.01s
2026-08-04 12:03:50.612 | INFO    |test_geracao_env_carta:test_gerar_arquivo_carta_grava_no_caminho_e_nome_corretos:446 - [STEP] Iniciando: montar_tabelas_carta
2026-08-04 12:03:50.614 | INFO    |comum.utils.decoradores:wrapper:22 - [HU-14 Carta] 1 tabela(s) de remuneração montada(s).
2026-08-04 12:03:50.614 | INFO    |test_geracao_env_carta:test_gerar_arquivo_carta_grava_no_caminho_e_nome_corretos:446 - [STEP] Finalizando: montar_tabelas_carta | Tempo gasto: 0.0s
2026-08-04 12:03:50.614 | INFO    |test_geracao_env_carta:test_gerar_arquivo_carta_grava_no_caminho_e_nome_corretos:449 - [STEP] Iniciando: renderizar_carta
2026-08-04 12:03:50.625 | INFO    |comum.utils.decoradores:wrapper:22 - [HU-14 Carta] Carta CT-363 renderizada (1 tabela(s)).
2026-08-04 12:03:50.625 | INFO    |test_geracao_env_carta:test_gerar_arquivo_carta_grava_no_caminho_e_nome_corretos:449 - [STEP] Finalizando: renderizar_carta | Tempo gasto: 0.01s
2026-08-04 12:03:50.625 | INFO    |test_geracao_env_carta:test_gerar_arquivo_carta_grava_no_caminho_e_nome_corretos:459 - [STEP] Iniciando: gerar_arquivo_carta
2026-08-04 12:03:50.635 | INFO    |comum.utils.decoradores:wrapper:22 - [HU-14 Carta] Carta gravada em [C:\Users\btime\AppData\Local\Temp\pytest-of-btime\pytest-273\test_gerar_arquivo_carta_grava0\operadoras\Claro\2026\202606\Contestações\CT - 363.docx], cópia em [C:\Users\btime\AppData\Local\Temp\pytest-of-btime\pytest-273\test_gerar_arquivo_carta_grava0\controle_ct\2026\CT - 363.docx].
2026-08-04 12:03:50.635 | INFO    |test_geracao_env_carta:test_gerar_arquivo_carta_grava_no_caminho_e_nome_corretos:459 - [STEP] Finalizando: gerar_arquivo_carta | Tempo gasto: 0.01s
2026-08-04 12:03:50.638 | INFO    |test_geracao_env_carta:test_gerar_arquivo_carta_salva_copia_em_controle_ct:474 - [STEP] Iniciando: montar_tabelas_carta
2026-08-04 12:03:50.640 | INFO    |comum.utils.decoradores:wrapper:22 - [HU-14 Carta] 1 tabela(s) de remuneração montada(s).
2026-08-04 12:03:50.640 | INFO    |test_geracao_env_carta:test_gerar_arquivo_carta_salva_copia_em_controle_ct:474 - [STEP] Finalizando: montar_tabelas_carta | Tempo gasto: 0.0s
2026-08-04 12:03:50.640 | INFO    |test_geracao_env_carta:test_gerar_arquivo_carta_salva_copia_em_controle_ct:477 - [STEP] Iniciando: renderizar_carta
2026-08-04 12:03:50.652 | INFO    |comum.utils.decoradores:wrapper:22 - [HU-14 Carta] Carta CT-363 renderizada (1 tabela(s)).
2026-08-04 12:03:50.652 | INFO    |test_geracao_env_carta:test_gerar_arquivo_carta_salva_copia_em_controle_ct:477 - [STEP] Finalizando: renderizar_carta | Tempo gasto: 0.01s
2026-08-04 12:03:50.652 | INFO    |test_geracao_env_carta:test_gerar_arquivo_carta_salva_copia_em_controle_ct:487 - [STEP] Iniciando: gerar_arquivo_carta
2026-08-04 12:03:50.662 | INFO    |comum.utils.decoradores:wrapper:22 - [HU-14 Carta] Carta gravada em [C:\Users\btime\AppData\Local\Temp\pytest-of-btime\pytest-273\test_gerar_arquivo_carta_salva0\operadoras\Claro\2026\202606\Contestações\CT - 363.docx], cópia em [C:\Users\btime\AppData\Local\Temp\pytest-of-btime\pytest-273\test_gerar_arquivo_carta_salva0\controle_ct\2026\CT - 363.docx].
2026-08-04 12:03:50.662 | INFO    |test_geracao_env_carta:test_gerar_arquivo_carta_salva_copia_em_controle_ct:487 - [STEP] Finalizando: gerar_arquivo_carta | Tempo gasto: 0.01s
2026-08-04 12:03:50.671 | INFO    |comum.dados.repositorio_cache:__init__:77 - Inicializando conexão com o banco no ambiente [dev]
2026-08-04 12:03:50.671 | INFO    |comum.dados.repositorio_cache:__init__:77 - Utilizando SQLite local [C:\Users\btime\AppData\Local\Temp\detraf_epico4_teste_ivkixnml\TABELAS_DETRAF_TESTE.db]
2026-08-04 12:03:50.671 | INFO    |comum.dados.repositorio_cache:obter_tabela:169 - Carregando tabela [tbl_detraf_mapeamento_descritores]
2026-08-04 12:03:50.687 | INFO    |comum.dados.repositorio_cache:obter_tabela:169 - Tabela [tbl_detraf_mapeamento_descritores] carregada | Linhas: 25 | Colunas: 5
2026-08-04 12:03:50.690 | INFO    |test_geracao_ext:test_montar_linhas_ext_vazio_retorna_vazio:44 - [STEP] Iniciando: montar_linhas_ext
2026-08-04 12:03:50.690 | INFO    |test_geracao_ext:test_montar_linhas_ext_vazio_retorna_vazio:44 - [STEP] Finalizando: montar_linhas_ext | Tempo gasto: 0.0s
2026-08-04 12:03:50.693 | INFO    |comum.dados.repositorio_cache:__init__:77 - Inicializando conexão com o banco no ambiente [dev]
2026-08-04 12:03:50.693 | INFO    |comum.dados.repositorio_cache:__init__:77 - Utilizando SQLite local [C:\Users\btime\AppData\Local\Temp\detraf_epico4_teste_ivkixnml\TABELAS_DETRAF_TESTE.db]
2026-08-04 12:03:50.693 | INFO    |comum.dados.repositorio_cache:obter_tabela:169 - Carregando tabela [tbl_detraf_mapeamento_descritores]
2026-08-04 12:03:50.695 | INFO    |comum.dados.repositorio_cache:obter_tabela:169 - Tabela [tbl_detraf_mapeamento_descritores] carregada | Linhas: 25 | Colunas: 5
2026-08-04 12:03:50.697 | INFO    |test_geracao_ext:test_montar_linhas_ext_cenario_sem_contestacao:54 - [STEP] Iniciando: montar_linhas_ext
2026-08-04 12:03:50.700 | INFO    |comum.utils.decoradores:wrapper:22 - [HU-12 EXT] 1 linha(s) montada(s).
2026-08-04 12:03:50.701 | INFO    |test_geracao_ext:test_montar_linhas_ext_cenario_sem_contestacao:54 - [STEP] Finalizando: montar_linhas_ext | Tempo gasto: 0.0s
2026-08-04 12:03:50.703 | INFO    |comum.dados.repositorio_cache:__init__:77 - Inicializando conexão com o banco no ambiente [dev]
2026-08-04 12:03:50.703 | INFO    |comum.dados.repositorio_cache:__init__:77 - Utilizando SQLite local [C:\Users\btime\AppData\Local\Temp\detraf_epico4_teste_ivkixnml\TABELAS_DETRAF_TESTE.db]
2026-08-04 12:03:50.704 | INFO    |comum.dados.repositorio_cache:obter_tabela:169 - Carregando tabela [tbl_detraf_mapeamento_descritores]
2026-08-04 12:03:50.705 | INFO    |comum.dados.repositorio_cache:obter_tabela:169 - Tabela [tbl_detraf_mapeamento_descritores] carregada | Linhas: 25 | Colunas: 5
2026-08-04 12:03:50.708 | INFO    |test_geracao_ext:test_montar_linhas_ext_cenario_sem_retencao:69 - [STEP] Iniciando: montar_linhas_ext
2026-08-04 12:03:50.711 | INFO    |comum.utils.decoradores:wrapper:22 - [HU-12 EXT] 1 linha(s) montada(s).
2026-08-04 12:03:50.711 | INFO    |test_geracao_ext:test_montar_linhas_ext_cenario_sem_retencao:69 - [STEP] Finalizando: montar_linhas_ext | Tempo gasto: 0.0s
2026-08-04 12:03:50.713 | INFO    |comum.dados.repositorio_cache:__init__:77 - Inicializando conexão com o banco no ambiente [dev]
2026-08-04 12:03:50.714 | INFO    |comum.dados.repositorio_cache:__init__:77 - Utilizando SQLite local [C:\Users\btime\AppData\Local\Temp\detraf_epico4_teste_ivkixnml\TABELAS_DETRAF_TESTE.db]
2026-08-04 12:03:50.714 | INFO    |comum.dados.repositorio_cache:obter_tabela:169 - Carregando tabela [tbl_detraf_mapeamento_descritores]
2026-08-04 12:03:50.715 | INFO    |comum.dados.repositorio_cache:obter_tabela:169 - Tabela [tbl_detraf_mapeamento_descritores] carregada | Linhas: 25 | Colunas: 5
2026-08-04 12:03:50.719 | INFO    |test_geracao_ext:test_montar_linhas_ext_cenario_com_retencao:80 - [STEP] Iniciando: montar_linhas_ext
2026-08-04 12:03:50.722 | INFO    |comum.utils.decoradores:wrapper:22 - [HU-12 EXT] 1 linha(s) montada(s).
2026-08-04 12:03:50.722 | INFO    |test_geracao_ext:test_montar_linhas_ext_cenario_com_retencao:80 - [STEP] Finalizando: montar_linhas_ext | Tempo gasto: 0.0s
2026-08-04 12:03:50.724 | INFO    |comum.dados.repositorio_cache:__init__:77 - Inicializando conexão com o banco no ambiente [dev]
2026-08-04 12:03:50.724 | INFO    |comum.dados.repositorio_cache:__init__:77 - Utilizando SQLite local [C:\Users\btime\AppData\Local\Temp\detraf_epico4_teste_ivkixnml\TABELAS_DETRAF_TESTE.db]
2026-08-04 12:03:50.725 | INFO    |comum.dados.repositorio_cache:obter_tabela:169 - Carregando tabela [tbl_detraf_mapeamento_descritores]
2026-08-04 12:03:50.726 | INFO    |comum.dados.repositorio_cache:obter_tabela:169 - Tabela [tbl_detraf_mapeamento_descritores] carregada | Linhas: 25 | Colunas: 5
2026-08-04 12:03:50.729 | INFO    |test_geracao_ext:test_montar_linhas_ext_descritor_nao_mapeado_mantem_linha:93 - [STEP] Iniciando: montar_linhas_ext
2026-08-04 12:03:50.731 | INFO    |comum.utils.decoradores:wrapper:22 - [HU-12 EXT] 1 linha(s) montada(s).
2026-08-04 12:03:50.731 | INFO    |test_geracao_ext:test_montar_linhas_ext_descritor_nao_mapeado_mantem_linha:93 - [STEP] Finalizando: montar_linhas_ext | Tempo gasto: 0.0s
2026-08-04 12:03:50.734 | INFO    |comum.dados.repositorio_cache:__init__:77 - Inicializando conexão com o banco no ambiente [dev]
2026-08-04 12:03:50.735 | INFO    |comum.dados.repositorio_cache:__init__:77 - Utilizando SQLite local [C:\Users\btime\AppData\Local\Temp\detraf_epico4_teste_ivkixnml\TABELAS_DETRAF_TESTE.db]
2026-08-04 12:03:50.735 | INFO    |comum.dados.repositorio_cache:obter_tabela:169 - Carregando tabela [tbl_detraf_mapeamento_descritores]
2026-08-04 12:03:50.737 | INFO    |comum.dados.repositorio_cache:obter_tabela:169 - Tabela [tbl_detraf_mapeamento_descritores] carregada | Linhas: 25 | Colunas: 5
2026-08-04 12:03:50.740 | INFO    |test_geracao_ext:test_montar_linhas_ext_mesmo_grupo_compartilha_expectativa:114 - [STEP] Iniciando: montar_linhas_ext
2026-08-04 12:03:50.743 | INFO    |comum.utils.decoradores:wrapper:22 - [HU-12 EXT] 2 linha(s) montada(s).
2026-08-04 12:03:50.743 | INFO    |test_geracao_ext:test_montar_linhas_ext_mesmo_grupo_compartilha_expectativa:114 - [STEP] Finalizando: montar_linhas_ext | Tempo gasto: 0.0s
2026-08-04 12:03:50.747 | INFO    |comum.dados.repositorio_cache:__init__:77 - Inicializando conexão com o banco no ambiente [dev]
2026-08-04 12:03:50.747 | INFO    |comum.dados.repositorio_cache:__init__:77 - Utilizando SQLite local [C:\Users\btime\AppData\Local\Temp\detraf_epico4_teste_ivkixnml\TABELAS_DETRAF_TESTE.db]
2026-08-04 12:03:50.747 | INFO    |comum.dados.repositorio_cache:obter_tabela:169 - Carregando tabela [tbl_detraf_mapeamento_descritores]
2026-08-04 12:03:50.749 | INFO    |comum.dados.repositorio_cache:obter_tabela:169 - Tabela [tbl_detraf_mapeamento_descritores] carregada | Linhas: 25 | Colunas: 5
2026-08-04 12:03:50.752 | INFO    |test_geracao_ext:test_gerar_arquivo_ext_grava_no_caminho_e_nome_corretos:121 - [STEP] Iniciando: montar_linhas_ext
2026-08-04 12:03:50.755 | INFO    |comum.utils.decoradores:wrapper:22 - [HU-12 EXT] 1 linha(s) montada(s).
2026-08-04 12:03:50.755 | INFO    |test_geracao_ext:test_gerar_arquivo_ext_grava_no_caminho_e_nome_corretos:121 - [STEP] Finalizando: montar_linhas_ext | Tempo gasto: 0.0s
2026-08-04 12:03:50.755 | INFO    |test_geracao_ext:test_gerar_arquivo_ext_grava_no_caminho_e_nome_corretos:125 - [STEP] Iniciando: gerar_arquivo_ext
2026-08-04 12:03:50.762 | INFO    |comum.utils.decoradores:wrapper:22 - [HU-12 EXT] Arquivo gravado em [C:\Users\btime\AppData\Local\Temp\pytest-of-btime\pytest-273\test_gerar_arquivo_ext_grava_n0\Claro\2025\202507\AGI\DE_AGI_D_202507_TBRA_X_CLARO_EXT.xlsx].
2026-08-04 12:03:50.763 | INFO    |test_geracao_ext:test_gerar_arquivo_ext_grava_no_caminho_e_nome_corretos:125 - [STEP] Finalizando: gerar_arquivo_ext | Tempo gasto: 0.01s
2026-08-04 12:03:50.768 | INFO    |comum.dados.repositorio_cache:__init__:77 - Inicializando conexão com o banco no ambiente [dev]
2026-08-04 12:03:50.769 | INFO    |comum.dados.repositorio_cache:__init__:77 - Utilizando SQLite local [C:\Users\btime\AppData\Local\Temp\detraf_epico4_teste_ivkixnml\TABELAS_DETRAF_TESTE.db]
2026-08-04 12:03:50.769 | INFO    |comum.dados.repositorio_cache:obter_tabela:169 - Carregando tabela [tbl_detraf_mapeamento_descritores]
2026-08-04 12:03:50.771 | INFO    |comum.dados.repositorio_cache:obter_tabela:169 - Tabela [tbl_detraf_mapeamento_descritores] carregada | Linhas: 25 | Colunas: 5
2026-08-04 12:03:50.773 | INFO    |test_geracao_int:test_montar_linhas_int_vazio_retorna_vazio:43 - [STEP] Iniciando: montar_linhas_int
2026-08-04 12:03:50.774 | INFO    |test_geracao_int:test_montar_linhas_int_vazio_retorna_vazio:43 - [STEP] Finalizando: montar_linhas_int | Tempo gasto: 0.0s
2026-08-04 12:03:50.776 | INFO    |comum.dados.repositorio_cache:__init__:77 - Inicializando conexão com o banco no ambiente [dev]
2026-08-04 12:03:50.776 | INFO    |comum.dados.repositorio_cache:__init__:77 - Utilizando SQLite local [C:\Users\btime\AppData\Local\Temp\detraf_epico4_teste_ivkixnml\TABELAS_DETRAF_TESTE.db]
2026-08-04 12:03:50.776 | INFO    |comum.dados.repositorio_cache:obter_tabela:169 - Carregando tabela [tbl_detraf_mapeamento_descritores]
2026-08-04 12:03:50.777 | INFO    |comum.dados.repositorio_cache:obter_tabela:169 - Tabela [tbl_detraf_mapeamento_descritores] carregada | Linhas: 25 | Colunas: 5
2026-08-04 12:03:50.780 | INFO    |test_geracao_int:test_montar_linhas_int_cenario_sem_contestacao_fica_vazio:53 - [STEP] Iniciando: montar_linhas_int
2026-08-04 12:03:50.782 | INFO    |comum.utils.decoradores:wrapper:22 - [HU-13 INT] Nenhuma linha COM retenção — INT não se aplica a este cenário.
2026-08-04 12:03:50.782 | INFO    |test_geracao_int:test_montar_linhas_int_cenario_sem_contestacao_fica_vazio:53 - [STEP] Finalizando: montar_linhas_int | Tempo gasto: 0.0s
2026-08-04 12:03:50.785 | INFO    |comum.dados.repositorio_cache:__init__:77 - Inicializando conexão com o banco no ambiente [dev]
2026-08-04 12:03:50.785 | INFO    |comum.dados.repositorio_cache:__init__:77 - Utilizando SQLite local [C:\Users\btime\AppData\Local\Temp\detraf_epico4_teste_ivkixnml\TABELAS_DETRAF_TESTE.db]
2026-08-04 12:03:50.785 | INFO    |comum.dados.repositorio_cache:obter_tabela:169 - Carregando tabela [tbl_detraf_mapeamento_descritores]
2026-08-04 12:03:50.787 | INFO    |comum.dados.repositorio_cache:obter_tabela:169 - Tabela [tbl_detraf_mapeamento_descritores] carregada | Linhas: 25 | Colunas: 5
2026-08-04 12:03:50.790 | INFO    |test_geracao_int:test_montar_linhas_int_cenario_sem_retencao_fica_vazio:62 - [STEP] Iniciando: montar_linhas_int
2026-08-04 12:03:50.792 | INFO    |comum.utils.decoradores:wrapper:22 - [HU-13 INT] Nenhuma linha COM retenção — INT não se aplica a este cenário.
2026-08-04 12:03:50.792 | INFO    |test_geracao_int:test_montar_linhas_int_cenario_sem_retencao_fica_vazio:62 - [STEP] Finalizando: montar_linhas_int | Tempo gasto: 0.0s
2026-08-04 12:03:50.794 | INFO    |comum.dados.repositorio_cache:__init__:77 - Inicializando conexão com o banco no ambiente [dev]
2026-08-04 12:03:50.795 | INFO    |comum.dados.repositorio_cache:__init__:77 - Utilizando SQLite local [C:\Users\btime\AppData\Local\Temp\detraf_epico4_teste_ivkixnml\TABELAS_DETRAF_TESTE.db]
2026-08-04 12:03:50.795 | INFO    |comum.dados.repositorio_cache:obter_tabela:169 - Carregando tabela [tbl_detraf_mapeamento_descritores]
2026-08-04 12:03:50.797 | INFO    |comum.dados.repositorio_cache:obter_tabela:169 - Tabela [tbl_detraf_mapeamento_descritores] carregada | Linhas: 25 | Colunas: 5
2026-08-04 12:03:50.799 | INFO    |test_geracao_int:test_montar_linhas_int_cenario_com_retencao_preenche_linhas:71 - [STEP] Iniciando: montar_linhas_int
2026-08-04 12:03:50.802 | INFO    |comum.utils.decoradores:wrapper:22 - [HU-13 INT] 1 linha(s) montada(s) (COM retenção).
2026-08-04 12:03:50.803 | INFO    |test_geracao_int:test_montar_linhas_int_cenario_com_retencao_preenche_linhas:71 - [STEP] Finalizando: montar_linhas_int | Tempo gasto: 0.0s
2026-08-04 12:03:50.805 | INFO    |comum.dados.repositorio_cache:__init__:77 - Inicializando conexão com o banco no ambiente [dev]
2026-08-04 12:03:50.806 | INFO    |comum.dados.repositorio_cache:__init__:77 - Utilizando SQLite local [C:\Users\btime\AppData\Local\Temp\detraf_epico4_teste_ivkixnml\TABELAS_DETRAF_TESTE.db]
2026-08-04 12:03:50.806 | INFO    |comum.dados.repositorio_cache:obter_tabela:169 - Carregando tabela [tbl_detraf_mapeamento_descritores]
2026-08-04 12:03:50.807 | INFO    |comum.dados.repositorio_cache:obter_tabela:169 - Tabela [tbl_detraf_mapeamento_descritores] carregada | Linhas: 25 | Colunas: 5
2026-08-04 12:03:50.810 | INFO    |test_geracao_int:test_montar_linhas_int_filtra_apenas_com_retencao:95 - [STEP] Iniciando: montar_linhas_int
2026-08-04 12:03:50.813 | INFO    |comum.utils.decoradores:wrapper:22 - [HU-13 INT] 1 linha(s) montada(s) (COM retenção).
2026-08-04 12:03:50.813 | INFO    |test_geracao_int:test_montar_linhas_int_filtra_apenas_com_retencao:95 - [STEP] Finalizando: montar_linhas_int | Tempo gasto: 0.0s
2026-08-04 12:03:50.816 | INFO    |test_geracao_int:test_gerar_arquivo_int_nao_grava_quando_vazio:102 - [STEP] Iniciando: gerar_arquivo_int
2026-08-04 12:03:50.817 | INFO    |comum.utils.decoradores:wrapper:22 - [HU-13 INT] Nada a gravar (sem linhas COM retenção) — arquivo não criado.
2026-08-04 12:03:50.817 | INFO    |test_geracao_int:test_gerar_arquivo_int_nao_grava_quando_vazio:102 - [STEP] Finalizando: gerar_arquivo_int | Tempo gasto: 0.0s
2026-08-04 12:03:50.820 | INFO    |comum.dados.repositorio_cache:__init__:77 - Inicializando conexão com o banco no ambiente [dev]
2026-08-04 12:03:50.820 | INFO    |comum.dados.repositorio_cache:__init__:77 - Utilizando SQLite local [C:\Users\btime\AppData\Local\Temp\detraf_epico4_teste_ivkixnml\TABELAS_DETRAF_TESTE.db]
2026-08-04 12:03:50.820 | INFO    |comum.dados.repositorio_cache:obter_tabela:169 - Carregando tabela [tbl_detraf_mapeamento_descritores]
2026-08-04 12:03:50.822 | INFO    |comum.dados.repositorio_cache:obter_tabela:169 - Tabela [tbl_detraf_mapeamento_descritores] carregada | Linhas: 25 | Colunas: 5
2026-08-04 12:03:50.825 | INFO    |test_geracao_int:test_gerar_arquivo_int_grava_no_caminho_e_nome_corretos:110 - [STEP] Iniciando: montar_linhas_int
2026-08-04 12:03:50.827 | INFO    |comum.utils.decoradores:wrapper:22 - [HU-13 INT] 1 linha(s) montada(s) (COM retenção).
2026-08-04 12:03:50.828 | INFO    |test_geracao_int:test_gerar_arquivo_int_grava_no_caminho_e_nome_corretos:110 - [STEP] Finalizando: montar_linhas_int | Tempo gasto: 0.0s
2026-08-04 12:03:50.828 | INFO    |test_geracao_int:test_gerar_arquivo_int_grava_no_caminho_e_nome_corretos:112 - [STEP] Iniciando: gerar_arquivo_int
2026-08-04 12:03:50.835 | INFO    |comum.utils.decoradores:wrapper:22 - [HU-13 INT] Arquivo gravado em [C:\Users\btime\AppData\Local\Temp\pytest-of-btime\pytest-273\test_gerar_arquivo_int_grava_n0\Claro\2025\202507\AGI\DE_AGI_D_202507_TBRA_X_CLARO_INT.xlsx].
2026-08-04 12:03:50.836 | INFO    |test_geracao_int:test_gerar_arquivo_int_grava_no_caminho_e_nome_corretos:112 - [STEP] Finalizando: gerar_arquivo_int | Tempo gasto: 0.01s
2026-08-04 12:03:50.861 | INFO    |comum.dados.repositorio_cache:__init__:77 - Inicializando conexão com o banco no ambiente [dev]
2026-08-04 12:03:50.861 | INFO    |comum.dados.repositorio_cache:__init__:77 - Utilizando SQLite local [C:\Users\btime\AppData\Local\Temp\detraf_epico4_teste_ivkixnml\TABELAS_DETRAF_TESTE.db]
2026-08-04 12:03:50.862 | INFO    |comum.dados.repositorio_cache:obter_tabela:169 - Carregando tabela [tbl_detraf_mapeamento_descritores]
2026-08-04 12:03:50.864 | INFO    |comum.dados.repositorio_cache:obter_tabela:169 - Tabela [tbl_detraf_mapeamento_descritores] carregada | Linhas: 25 | Colunas: 5
2026-08-04 12:03:50.868 | INFO    |comum.dados.repositorio_cache:__init__:77 - Inicializando conexão com o banco no ambiente [dev]
2026-08-04 12:03:50.868 | INFO    |comum.dados.repositorio_cache:__init__:77 - Utilizando SQLite local [C:\Users\btime\AppData\Local\Temp\detraf_epico4_teste_ivkixnml\TABELAS_DETRAF_TESTE.db]
2026-08-04 12:03:50.869 | INFO    |comum.dados.repositorio_cache:obter_tabela:169 - Carregando tabela [tbl_detraf_mapeamento_descritores]
2026-08-04 12:03:50.870 | INFO    |comum.dados.repositorio_cache:obter_tabela:169 - Tabela [tbl_detraf_mapeamento_descritores] carregada | Linhas: 25 | Colunas: 5
2026-08-04 12:03:50.875 | INFO    |comum.dados.repositorio_cache:__init__:77 - Inicializando conexão com o banco no ambiente [dev]
2026-08-04 12:03:50.875 | INFO    |comum.dados.repositorio_cache:__init__:77 - Utilizando SQLite local [C:\Users\btime\AppData\Local\Temp\detraf_epico4_teste_ivkixnml\TABELAS_DETRAF_TESTE.db]
2026-08-04 12:03:50.875 | INFO    |comum.dados.repositorio_cache:obter_tabela:169 - Carregando tabela [tbl_detraf_mapeamento_descritores]
2026-08-04 12:03:50.876 | INFO    |comum.dados.repositorio_cache:obter_tabela:169 - Tabela [tbl_detraf_mapeamento_descritores] carregada | Linhas: 25 | Colunas: 5
2026-08-04 12:03:50.881 | INFO    |comum.dados.repositorio_cache:__init__:77 - Inicializando conexão com o banco no ambiente [dev]
2026-08-04 12:03:50.881 | INFO    |comum.dados.repositorio_cache:__init__:77 - Utilizando SQLite local [C:\Users\btime\AppData\Local\Temp\detraf_epico4_teste_ivkixnml\TABELAS_DETRAF_TESTE.db]
2026-08-04 12:03:50.881 | INFO    |comum.dados.repositorio_cache:obter_tabela:169 - Carregando tabela [tbl_detraf_mapeamento_descritores]
2026-08-04 12:03:50.883 | INFO    |comum.dados.repositorio_cache:obter_tabela:169 - Tabela [tbl_detraf_mapeamento_descritores] carregada | Linhas: 25 | Colunas: 5
2026-08-04 12:03:50.888 | INFO    |comum.dados.repositorio_cache:__init__:77 - Inicializando conexão com o banco no ambiente [dev]
2026-08-04 12:03:50.888 | INFO    |comum.dados.repositorio_cache:__init__:77 - Utilizando SQLite local [C:\Users\btime\AppData\Local\Temp\detraf_epico4_teste_ivkixnml\TABELAS_DETRAF_TESTE.db]
2026-08-04 12:03:50.888 | INFO    |comum.dados.repositorio_cache:obter_tabela:169 - Carregando tabela [tbl_detraf_mapeamento_descritores]
2026-08-04 12:03:50.890 | INFO    |comum.dados.repositorio_cache:obter_tabela:169 - Tabela [tbl_detraf_mapeamento_descritores] carregada | Linhas: 25 | Colunas: 5
2026-08-04 12:03:50.894 | INFO    |comum.dados.repositorio_cache:__init__:77 - Inicializando conexão com o banco no ambiente [dev]
2026-08-04 12:03:50.894 | INFO    |comum.dados.repositorio_cache:__init__:77 - Utilizando SQLite local [C:\Users\btime\AppData\Local\Temp\detraf_epico4_teste_ivkixnml\TABELAS_DETRAF_TESTE.db]
2026-08-04 12:03:50.895 | INFO    |comum.dados.repositorio_cache:obter_tabela:169 - Carregando tabela [tbl_detraf_mapeamento_descritores]
2026-08-04 12:03:50.896 | INFO    |comum.dados.repositorio_cache:obter_tabela:169 - Tabela [tbl_detraf_mapeamento_descritores] carregada | Linhas: 25 | Colunas: 5
2026-08-04 12:03:50.901 | INFO    |comum.dados.repositorio_cache:__init__:77 - Inicializando conexão com o banco no ambiente [dev]
2026-08-04 12:03:50.901 | INFO    |comum.dados.repositorio_cache:__init__:77 - Utilizando SQLite local [C:\Users\btime\AppData\Local\Temp\detraf_epico4_teste_ivkixnml\TABELAS_DETRAF_TESTE.db]
2026-08-04 12:03:50.902 | INFO    |comum.dados.repositorio_cache:obter_tabela:169 - Carregando tabela [tbl_detraf_mapeamento_descritores]
2026-08-04 12:03:50.903 | INFO    |comum.dados.repositorio_cache:obter_tabela:169 - Tabela [tbl_detraf_mapeamento_descritores] carregada | Linhas: 25 | Colunas: 5
2026-08-04 12:03:50.908 | INFO    |comum.dados.repositorio_cache:__init__:77 - Inicializando conexão com o banco no ambiente [dev]
2026-08-04 12:03:50.908 | INFO    |comum.dados.repositorio_cache:__init__:77 - Utilizando SQLite local [C:\Users\btime\AppData\Local\Temp\detraf_epico4_teste_ivkixnml\TABELAS_DETRAF_TESTE.db]
2026-08-04 12:03:50.908 | INFO    |comum.dados.repositorio_cache:obter_tabela:169 - Carregando tabela [tbl_detraf_mapeamento_descritores]
2026-08-04 12:03:50.910 | INFO    |comum.dados.repositorio_cache:obter_tabela:169 - Tabela [tbl_detraf_mapeamento_descritores] carregada | Linhas: 25 | Colunas: 5
2026-08-04 12:03:50.914 | INFO    |comum.dados.repositorio_cache:__init__:77 - Inicializando conexão com o banco no ambiente [dev]
2026-08-04 12:03:50.914 | INFO    |comum.dados.repositorio_cache:__init__:77 - Utilizando SQLite local [C:\Users\btime\AppData\Local\Temp\detraf_epico4_teste_ivkixnml\TABELAS_DETRAF_TESTE.db]
2026-08-04 12:03:50.915 | INFO    |comum.dados.repositorio_cache:obter_tabela:169 - Carregando tabela [tbl_detraf_mapeamento_descritores]
2026-08-04 12:03:50.916 | INFO    |comum.dados.repositorio_cache:obter_tabela:169 - Tabela [tbl_detraf_mapeamento_descritores] carregada | Linhas: 25 | Colunas: 5
2026-08-04 12:03:50.922 | INFO    |comum.dados.repositorio_cache:__init__:77 - Inicializando conexão com o banco no ambiente [dev]
2026-08-04 12:03:50.922 | INFO    |comum.dados.repositorio_cache:__init__:77 - Utilizando SQLite local [C:\Users\btime\AppData\Local\Temp\detraf_epico4_teste_ivkixnml\TABELAS_DETRAF_TESTE.db]
2026-08-04 12:03:50.923 | INFO    |comum.dados.repositorio_cache:obter_tabela:169 - Carregando tabela [tbl_detraf_mapeamento_descritores]
2026-08-04 12:03:50.924 | INFO    |comum.dados.repositorio_cache:obter_tabela:169 - Tabela [tbl_detraf_mapeamento_descritores] carregada | Linhas: 25 | Colunas: 5
2026-08-04 12:03:50.928 | INFO    |comum.dados.repositorio_cache:__init__:77 - Inicializando conexão com o banco no ambiente [dev]
2026-08-04 12:03:50.929 | INFO    |comum.dados.repositorio_cache:__init__:77 - Utilizando SQLite local [C:\Users\btime\AppData\Local\Temp\detraf_epico4_teste_ivkixnml\TABELAS_DETRAF_TESTE.db]
2026-08-04 12:03:50.929 | INFO    |comum.dados.repositorio_cache:obter_tabela:169 - Carregando tabela [tbl_detraf_mapeamento_descritores]
2026-08-04 12:03:50.930 | INFO    |comum.dados.repositorio_cache:obter_tabela:169 - Tabela [tbl_detraf_mapeamento_descritores] carregada | Linhas: 25 | Colunas: 5
2026-08-04 12:03:50.935 | INFO    |comum.dados.repositorio_cache:__init__:77 - Inicializando conexão com o banco no ambiente [dev]
2026-08-04 12:03:50.936 | INFO    |comum.dados.repositorio_cache:__init__:77 - Utilizando SQLite local [C:\Users\btime\AppData\Local\Temp\detraf_epico4_teste_ivkixnml\TABELAS_DETRAF_TESTE.db]
2026-08-04 12:03:50.936 | INFO    |comum.dados.repositorio_cache:obter_tabela:169 - Carregando tabela [tbl_detraf_mapeamento_descritores]
2026-08-04 12:03:50.938 | INFO    |comum.dados.repositorio_cache:obter_tabela:169 - Tabela [tbl_detraf_mapeamento_descritores] carregada | Linhas: 25 | Colunas: 5
2026-08-04 12:03:50.943 | INFO    |comum.dados.repositorio_cache:__init__:77 - Inicializando conexão com o banco no ambiente [dev]
2026-08-04 12:03:50.943 | INFO    |comum.dados.repositorio_cache:__init__:77 - Utilizando SQLite local [C:\Users\btime\AppData\Local\Temp\detraf_epico4_teste_ivkixnml\TABELAS_DETRAF_TESTE.db]
2026-08-04 12:03:50.944 | INFO    |comum.dados.repositorio_cache:obter_tabela:169 - Carregando tabela [tbl_detraf_mapeamento_descritores]
2026-08-04 12:03:50.945 | INFO    |comum.dados.repositorio_cache:obter_tabela:169 - Tabela [tbl_detraf_mapeamento_descritores] carregada | Linhas: 25 | Colunas: 5
2026-08-04 12:03:50.963 | INFO    |comum.dados.repositorio_cache:__init__:77 - Inicializando conexão com o banco no ambiente [dev]
2026-08-04 12:03:50.963 | INFO    |comum.dados.repositorio_cache:__init__:77 - Utilizando SQLite local [C:\Users\btime\AppData\Local\Temp\detraf_epico4_teste_ivkixnml\TABELAS_DETRAF_TESTE.db]
2026-08-04 12:03:50.968 | INFO    |test_repositorio_escrita:test_atualizar_dados_aplica_update_e_retorna_rowcount:53 - 1 linha(s) atualizada(s) em [tbl_rpa_log_detraf_despesa_contestacao].
2026-08-04 12:03:50.968 | INFO    |comum.dados.repositorio_cache:recarregar_cache_local:330 - Carregando tabela [tbl_rpa_log_detraf_despesa_contestacao]
2026-08-04 12:03:50.970 | INFO    |comum.dados.repositorio_cache:recarregar_cache_local:330 - Tabela [tbl_rpa_log_detraf_despesa_contestacao] carregada | Linhas: 2 | Colunas: 18
2026-08-04 12:03:50.973 | INFO    |comum.dados.repositorio_cache:__init__:77 - Inicializando conexão com o banco no ambiente [dev]
2026-08-04 12:03:50.973 | INFO    |comum.dados.repositorio_cache:__init__:77 - Utilizando SQLite local [C:\Users\btime\AppData\Local\Temp\detraf_epico4_teste_ivkixnml\TABELAS_DETRAF_TESTE.db]
2026-08-04 12:03:50.975 | INFO    |test_repositorio_escrita:test_atualizar_dados_chave_inexistente_retorna_zero:64 - 0 linha(s) atualizada(s) em [tbl_rpa_log_detraf_despesa_contestacao].
2026-08-04 12:03:50.977 | INFO    |comum.dados.repositorio_cache:__init__:77 - Inicializando conexão com o banco no ambiente [dev]
2026-08-04 12:03:50.977 | INFO    |comum.dados.repositorio_cache:__init__:77 - Utilizando SQLite local [C:\Users\btime\AppData\Local\Temp\detraf_epico4_teste_ivkixnml\TABELAS_DETRAF_TESTE.db]
2026-08-04 12:03:50.980 | INFO    |comum.dados.repositorio_cache:__init__:77 - Inicializando conexão com o banco no ambiente [dev]
2026-08-04 12:03:50.980 | INFO    |comum.dados.repositorio_cache:__init__:77 - Utilizando SQLite local [C:\Users\btime\AppData\Local\Temp\detraf_epico4_teste_ivkixnml\TABELAS_DETRAF_TESTE.db]
2026-08-04 12:03:50.982 | INFO    |comum.dados.repositorio_cache:__init__:77 - Inicializando conexão com o banco no ambiente [dev]
2026-08-04 12:03:50.982 | INFO    |comum.dados.repositorio_cache:__init__:77 - Utilizando SQLite local [C:\Users\btime\AppData\Local\Temp\detraf_epico4_teste_ivkixnml\TABELAS_DETRAF_TESTE.db]
2026-08-04 12:03:50.985 | INFO    |comum.dados.repositorio_cache:__init__:77 - Inicializando conexão com o banco no ambiente [dev]
2026-08-04 12:03:50.985 | INFO    |comum.dados.repositorio_cache:__init__:77 - Utilizando SQLite local [C:\Users\btime\AppData\Local\Temp\detraf_epico4_teste_ivkixnml\TABELAS_DETRAF_TESTE.db]
2026-08-04 12:03:50.986 | INFO    |comum.dados.repositorio_cache:inserir_dados:255 - Nenhum registro para inserir em [tbl_rpa_log_detraf_despesa_contestacao].
2026-08-04 12:03:50.987 | INFO    |comum.dados.repositorio_cache:obter_tabela:169 - Carregando tabela [tbl_rpa_log_detraf_despesa_contestacao]
2026-08-04 12:03:50.988 | INFO    |comum.dados.repositorio_cache:obter_tabela:169 - Tabela [tbl_rpa_log_detraf_despesa_contestacao] carregada | Linhas: 2 | Colunas: 18
2026-08-04 12:03:50.990 | INFO    |comum.dados.repositorio_cache:__init__:77 - Inicializando conexão com o banco no ambiente [dev]
2026-08-04 12:03:50.990 | INFO    |comum.dados.repositorio_cache:__init__:77 - Utilizando SQLite local [C:\Users\btime\AppData\Local\Temp\detraf_epico4_teste_ivkixnml\TABELAS_DETRAF_TESTE.db]
2026-08-04 12:03:50.995 | INFO    |test_repositorio_escrita:test_atualizar_dados_nao_vaza_valor_para_a_sql:101 - 1 linha(s) atualizada(s) em [tbl_rpa_log_detraf_despesa_contestacao].
2026-08-04 12:03:50.995 | INFO    |comum.dados.repositorio_cache:recarregar_cache_local:330 - Carregando tabela [tbl_rpa_log_detraf_despesa_contestacao]
2026-08-04 12:03:50.997 | INFO    |comum.dados.repositorio_cache:recarregar_cache_local:330 - Tabela [tbl_rpa_log_detraf_despesa_contestacao] carregada | Linhas: 2 | Colunas: 18
2026-08-04 12:03:51.000 | INFO    |comum.dados.repositorio_cache:__init__:77 - Inicializando conexão com o banco no ambiente [dev]
2026-08-04 12:03:51.001 | INFO    |comum.dados.repositorio_cache:__init__:77 - Utilizando SQLite local [C:\Users\btime\AppData\Local\Temp\detraf_epico4_teste_ivkixnml\TABELAS_DETRAF_TESTE.db]
2026-08-04 12:03:51.002 | INFO    |test_repositorio_escrita:test_atualizar_despesa_atualiza_os_seis_campos_sem_criar_linha:115 - [STEP] Iniciando: preparar_atualizacoes_despesa_contestacao
2026-08-04 12:03:51.003 | INFO    |comum.utils.decoradores:wrapper:22 - [HU-19 Despesa Contestação] 1 atualização(ões) preparada(s).
2026-08-04 12:03:51.003 | INFO    |test_repositorio_escrita:test_atualizar_despesa_atualiza_os_seis_campos_sem_criar_linha:115 - [STEP] Finalizando: preparar_atualizacoes_despesa_contestacao | Tempo gasto: 0.0s
2026-08-04 12:03:51.003 | INFO    |comum.dados.repositorio_cache:obter_tabela:169 - Carregando tabela [tbl_rpa_log_detraf_despesa_contestacao]
2026-08-04 12:03:51.004 | INFO    |comum.dados.repositorio_cache:obter_tabela:169 - Tabela [tbl_rpa_log_detraf_despesa_contestacao] carregada | Linhas: 2 | Colunas: 18
2026-08-04 12:03:51.010 | INFO    |comum.dados.repositorio_tabelas:_atualizar_contestacao_em_lote:864 - 1 linha(s) atualizada(s) em [tbl_rpa_log_detraf_despesa_contestacao].
2026-08-04 12:03:51.011 | INFO    |comum.dados.repositorio_cache:recarregar_cache_local:330 - Carregando tabela [tbl_rpa_log_detraf_despesa_contestacao]
2026-08-04 12:03:51.012 | INFO    |comum.dados.repositorio_cache:recarregar_cache_local:330 - Tabela [tbl_rpa_log_detraf_despesa_contestacao] carregada | Linhas: 2 | Colunas: 18
2026-08-04 12:03:51.012 | INFO    |comum.dados.repositorio_tabelas:atualizar_despesa_contestacao:903 - [HU-19 Despesa Contestação] 1 linha(s) atualizada(s), 0 chave(s) ausente(s).
2026-08-04 12:03:51.015 | INFO    |comum.dados.repositorio_cache:__init__:77 - Inicializando conexão com o banco no ambiente [dev]
2026-08-04 12:03:51.015 | INFO    |comum.dados.repositorio_cache:__init__:77 - Utilizando SQLite local [C:\Users\btime\AppData\Local\Temp\detraf_epico4_teste_ivkixnml\TABELAS_DETRAF_TESTE.db]
2026-08-04 12:03:51.016 | INFO    |test_repositorio_escrita:test_atualizar_despesa_preserva_lado_tbra_e_sinal_do_analista:134 - [STEP] Iniciando: preparar_atualizacoes_despesa_contestacao
2026-08-04 12:03:51.017 | INFO    |comum.utils.decoradores:wrapper:22 - [HU-19 Despesa Contestação] 1 atualização(ões) preparada(s).
2026-08-04 12:03:51.017 | INFO    |test_repositorio_escrita:test_atualizar_despesa_preserva_lado_tbra_e_sinal_do_analista:134 - [STEP] Finalizando: preparar_atualizacoes_despesa_contestacao | Tempo gasto: 0.0s
2026-08-04 12:03:51.018 | INFO    |comum.dados.repositorio_cache:obter_tabela:169 - Carregando tabela [tbl_rpa_log_detraf_despesa_contestacao]
2026-08-04 12:03:51.020 | INFO    |comum.dados.repositorio_cache:obter_tabela:169 - Tabela [tbl_rpa_log_detraf_despesa_contestacao] carregada | Linhas: 2 | Colunas: 18
2026-08-04 12:03:51.025 | INFO    |comum.dados.repositorio_tabelas:_atualizar_contestacao_em_lote:864 - 1 linha(s) atualizada(s) em [tbl_rpa_log_detraf_despesa_contestacao].
2026-08-04 12:03:51.026 | INFO    |comum.dados.repositorio_cache:recarregar_cache_local:330 - Carregando tabela [tbl_rpa_log_detraf_despesa_contestacao]
2026-08-04 12:03:51.027 | INFO    |comum.dados.repositorio_cache:recarregar_cache_local:330 - Tabela [tbl_rpa_log_detraf_despesa_contestacao] carregada | Linhas: 2 | Colunas: 18
2026-08-04 12:03:51.027 | INFO    |comum.dados.repositorio_tabelas:atualizar_despesa_contestacao:903 - [HU-19 Despesa Contestação] 1 linha(s) atualizada(s), 0 chave(s) ausente(s).
2026-08-04 12:03:51.030 | INFO    |comum.dados.repositorio_cache:__init__:77 - Inicializando conexão com o banco no ambiente [dev]
2026-08-04 12:03:51.030 | INFO    |comum.dados.repositorio_cache:__init__:77 - Utilizando SQLite local [C:\Users\btime\AppData\Local\Temp\detraf_epico4_teste_ivkixnml\TABELAS_DETRAF_TESTE.db]
2026-08-04 12:03:51.031 | INFO    |test_repositorio_escrita:test_atualizar_despesa_chave_ausente_nao_aborta_o_lote:154 - [STEP] Iniciando: preparar_atualizacoes_despesa_contestacao
2026-08-04 12:03:51.032 | INFO    |comum.utils.decoradores:wrapper:22 - [HU-19 Despesa Contestação] 2 atualização(ões) preparada(s).
2026-08-04 12:03:51.032 | INFO    |test_repositorio_escrita:test_atualizar_despesa_chave_ausente_nao_aborta_o_lote:154 - [STEP] Finalizando: preparar_atualizacoes_despesa_contestacao | Tempo gasto: 0.0s
2026-08-04 12:03:51.032 | INFO    |comum.dados.repositorio_cache:obter_tabela:169 - Carregando tabela [tbl_rpa_log_detraf_despesa_contestacao]
2026-08-04 12:03:51.034 | INFO    |comum.dados.repositorio_cache:obter_tabela:169 - Tabela [tbl_rpa_log_detraf_despesa_contestacao] carregada | Linhas: 2 | Colunas: 18
2026-08-04 12:03:51.040 | INFO    |comum.dados.repositorio_tabelas:_atualizar_contestacao_em_lote:864 - 1 linha(s) atualizada(s) em [tbl_rpa_log_detraf_despesa_contestacao].
2026-08-04 12:03:51.042 | WARNING |comum.dados.repositorio_tabelas:atualizar_despesa_contestacao:903 - [HU-19 Despesa Contestação] Chave sem linha correspondente no banco {'eot_operadora': '999', 'eot_tbra': '099', 'referencia': '202507', 'trafego': '202507', 'remuneracao': 'TU-COM'} — ignorada (a linha-base é inserida pelo Épico 3, B-D20).
2026-08-04 12:03:51.042 | INFO    |comum.dados.repositorio_cache:recarregar_cache_local:330 - Carregando tabela [tbl_rpa_log_detraf_despesa_contestacao]
2026-08-04 12:03:51.043 | INFO    |comum.dados.repositorio_cache:recarregar_cache_local:330 - Tabela [tbl_rpa_log_detraf_despesa_contestacao] carregada | Linhas: 2 | Colunas: 18
2026-08-04 12:03:51.043 | INFO    |comum.dados.repositorio_tabelas:atualizar_despesa_contestacao:903 - [HU-19 Despesa Contestação] 1 linha(s) atualizada(s), 1 chave(s) ausente(s).
2026-08-04 12:03:51.045 | INFO    |comum.dados.repositorio_cache:__init__:77 - Inicializando conexão com o banco no ambiente [dev]
2026-08-04 12:03:51.045 | INFO    |comum.dados.repositorio_cache:__init__:77 - Utilizando SQLite local [C:\Users\btime\AppData\Local\Temp\detraf_epico4_teste_ivkixnml\TABELAS_DETRAF_TESTE.db]
2026-08-04 12:03:51.046 | INFO    |comum.dados.repositorio_tabelas:atualizar_despesa_contestacao:903 - [HU-19 Despesa Contestação] Nada a atualizar (lote vazio).
2026-08-04 12:03:51.048 | INFO    |comum.dados.repositorio_cache:__init__:77 - Inicializando conexão com o banco no ambiente [dev]
2026-08-04 12:03:51.048 | INFO    |comum.dados.repositorio_cache:__init__:77 - Utilizando SQLite local [C:\Users\btime\AppData\Local\Temp\detraf_epico4_teste_ivkixnml\TABELAS_DETRAF_TESTE.db]
2026-08-04 12:03:51.049 | INFO    |test_repositorio_escrita:test_atualizar_despesa_normaliza_eot_como_a_leitura_do_sinal:172 - [STEP] Iniciando: preparar_atualizacoes_despesa_contestacao
2026-08-04 12:03:51.050 | INFO    |comum.utils.decoradores:wrapper:22 - [HU-19 Despesa Contestação] 1 atualização(ões) preparada(s).
2026-08-04 12:03:51.050 | INFO    |test_repositorio_escrita:test_atualizar_despesa_normaliza_eot_como_a_leitura_do_sinal:172 - [STEP] Finalizando: preparar_atualizacoes_despesa_contestacao | Tempo gasto: 0.0s
2026-08-04 12:03:51.051 | INFO    |comum.dados.repositorio_cache:obter_tabela:169 - Carregando tabela [tbl_rpa_log_detraf_despesa_contestacao]
2026-08-04 12:03:51.053 | INFO    |comum.dados.repositorio_cache:obter_tabela:169 - Tabela [tbl_rpa_log_detraf_despesa_contestacao] carregada | Linhas: 2 | Colunas: 18
2026-08-04 12:03:51.059 | INFO    |comum.dados.repositorio_tabelas:_atualizar_contestacao_em_lote:864 - 1 linha(s) atualizada(s) em [tbl_rpa_log_detraf_despesa_contestacao].
2026-08-04 12:03:51.059 | INFO    |comum.dados.repositorio_cache:recarregar_cache_local:330 - Carregando tabela [tbl_rpa_log_detraf_despesa_contestacao]
2026-08-04 12:03:51.060 | INFO    |comum.dados.repositorio_cache:recarregar_cache_local:330 - Tabela [tbl_rpa_log_detraf_despesa_contestacao] carregada | Linhas: 2 | Colunas: 18
2026-08-04 12:03:51.060 | INFO    |comum.dados.repositorio_tabelas:atualizar_despesa_contestacao:903 - [HU-19 Despesa Contestação] 1 linha(s) atualizada(s), 0 chave(s) ausente(s).
2026-08-04 12:03:51.063 | INFO    |comum.dados.repositorio_cache:__init__:77 - Inicializando conexão com o banco no ambiente [dev]
2026-08-04 12:03:51.063 | INFO    |comum.dados.repositorio_cache:__init__:77 - Utilizando SQLite local [C:\Users\btime\AppData\Local\Temp\detraf_epico4_teste_ivkixnml\TABELAS_DETRAF_TESTE.db]
2026-08-04 12:03:51.064 | INFO    |comum.dados.repositorio_cache:obter_tabela:169 - Carregando tabela [tbl_rpa_log_detraf_despesa_contestacao]
2026-08-04 12:03:51.066 | INFO    |comum.dados.repositorio_cache:obter_tabela:169 - Tabela [tbl_rpa_log_detraf_despesa_contestacao] carregada | Linhas: 2 | Colunas: 18
2026-08-04 12:03:51.068 | INFO    |comum.dados.repositorio_tabelas:_atualizar_contestacao_em_lote:864 - 1 linha(s) atualizada(s) em [tbl_rpa_log_detraf_despesa_contestacao].
2026-08-04 12:03:51.068 | INFO    |comum.dados.repositorio_cache:recarregar_cache_local:330 - Carregando tabela [tbl_rpa_log_detraf_despesa_contestacao]
2026-08-04 12:03:51.069 | INFO    |comum.dados.repositorio_cache:recarregar_cache_local:330 - Tabela [tbl_rpa_log_detraf_despesa_contestacao] carregada | Linhas: 2 | Colunas: 18
2026-08-04 12:03:51.070 | INFO    |comum.dados.repositorio_tabelas:atualizar_tipo_contestacao:930 - [HU-16 Writeback tipo_contestacao] 1 linha(s) atualizada(s), 0 chave(s) ausente(s).
2026-08-04 12:03:51.073 | INFO    |comum.dados.repositorio_cache:__init__:77 - Inicializando conexão com o banco no ambiente [dev]
2026-08-04 12:03:51.074 | INFO    |comum.dados.repositorio_cache:__init__:77 - Utilizando SQLite local [C:\Users\btime\AppData\Local\Temp\detraf_epico4_teste_ivkixnml\TABELAS_DETRAF_TESTE.db]
2026-08-04 12:03:51.075 | INFO    |comum.dados.repositorio_cache:obter_tabela:169 - Carregando tabela [tbl_rpa_log_detraf_despesa_contestacao]
2026-08-04 12:03:51.076 | INFO    |comum.dados.repositorio_cache:obter_tabela:169 - Tabela [tbl_rpa_log_detraf_despesa_contestacao] carregada | Linhas: 2 | Colunas: 18
2026-08-04 12:03:51.078 | INFO    |comum.dados.repositorio_tabelas:_atualizar_contestacao_em_lote:864 - 1 linha(s) atualizada(s) em [tbl_rpa_log_detraf_despesa_contestacao].
2026-08-04 12:03:51.078 | INFO    |comum.dados.repositorio_cache:recarregar_cache_local:330 - Carregando tabela [tbl_rpa_log_detraf_despesa_contestacao]
2026-08-04 12:03:51.079 | INFO    |comum.dados.repositorio_cache:recarregar_cache_local:330 - Tabela [tbl_rpa_log_detraf_despesa_contestacao] carregada | Linhas: 2 | Colunas: 18
2026-08-04 12:03:51.079 | INFO    |comum.dados.repositorio_tabelas:atualizar_tipo_contestacao:930 - [HU-16 Writeback tipo_contestacao] 1 linha(s) atualizada(s), 0 chave(s) ausente(s).
2026-08-04 12:03:51.082 | INFO    |comum.dados.repositorio_cache:__init__:77 - Inicializando conexão com o banco no ambiente [dev]
2026-08-04 12:03:51.082 | INFO    |comum.dados.repositorio_cache:__init__:77 - Utilizando SQLite local [C:\Users\btime\AppData\Local\Temp\detraf_epico4_teste_ivkixnml\TABELAS_DETRAF_TESTE.db]
2026-08-04 12:03:51.084 | INFO    |comum.dados.repositorio_cache:obter_tabela:169 - Carregando tabela [tbl_rpa_log_detraf_despesa_contestacao]
2026-08-04 12:03:51.086 | INFO    |comum.dados.repositorio_cache:obter_tabela:169 - Tabela [tbl_rpa_log_detraf_despesa_contestacao] carregada | Linhas: 2 | Colunas: 18
2026-08-04 12:03:51.087 | WARNING |comum.dados.repositorio_tabelas:atualizar_tipo_contestacao:930 - [HU-16 Writeback tipo_contestacao] Chave sem linha correspondente no banco {'eot_operadora': '888', 'eot_tbra': '011', 'referencia': '202507', 'trafego': '202507', 'remuneracao': 'TU-RL'} — ignorada (a linha-base é inserida pelo Épico 3, B-D20).
2026-08-04 12:03:51.087 | INFO    |comum.dados.repositorio_cache:recarregar_cache_local:330 - Carregando tabela [tbl_rpa_log_detraf_despesa_contestacao]
2026-08-04 12:03:51.089 | INFO    |comum.dados.repositorio_cache:recarregar_cache_local:330 - Tabela [tbl_rpa_log_detraf_despesa_contestacao] carregada | Linhas: 2 | Colunas: 18
2026-08-04 12:03:51.089 | INFO    |comum.dados.repositorio_tabelas:atualizar_tipo_contestacao:930 - [HU-16 Writeback tipo_contestacao] 0 linha(s) atualizada(s), 1 chave(s) ausente(s).
2026-08-04 12:03:51.092 | INFO    |comum.dados.repositorio_cache:__init__:77 - Inicializando conexão com o banco no ambiente [dev]
2026-08-04 12:03:51.092 | INFO    |comum.dados.repositorio_cache:__init__:77 - Utilizando SQLite local [C:\Users\btime\AppData\Local\Temp\detraf_epico4_teste_ivkixnml\TABELAS_DETRAF_TESTE.db]
2026-08-04 12:03:51.097 | INFO    |test_repositorio_escrita:test_cache_e_recarregado_apos_update:250 - 1 linha(s) atualizada(s) em [tbl_rpa_log_detraf_despesa_contestacao].
2026-08-04 12:03:51.097 | INFO    |comum.dados.repositorio_cache:recarregar_cache_local:330 - Carregando tabela [tbl_rpa_log_detraf_despesa_contestacao]
2026-08-04 12:03:51.098 | INFO    |comum.dados.repositorio_cache:recarregar_cache_local:330 - Tabela [tbl_rpa_log_detraf_despesa_contestacao] carregada | Linhas: 2 | Colunas: 18
2026-08-04 12:03:57.808 | ERROR   |tests.test_contrato_rpa1_rpa2:test_rastreamento_inexistente_nao_estoura:259 - Arquivo de rastreamento não encontrado: 'C:\Users\btime\AppData\Local\Temp\pytest-of-btime\pytest-274\test_rastreamento_inexistente_0\nao_existe.json'.
2026-08-04 12:03:57.965 | INFO    |comum.dados.repositorio_cache:__init__:77 - Inicializando conexão com o banco no ambiente [dev]
2026-08-04 12:03:57.966 | INFO    |comum.dados.repositorio_cache:__init__:77 - Utilizando SQLite local [banco_de_dados\TABELAS_DETRAF.db]
2026-08-04 12:03:57.976 | INFO    |comum.dados.repositorio_cache:__init__:77 - Inicializando conexão com o banco no ambiente [dev]
2026-08-04 12:03:57.977 | INFO    |comum.dados.repositorio_cache:__init__:77 - Utilizando SQLite local [C:\Users\btime\Desktop\Projetos\detraf unificado\DETRAF-UNIFICADO\unificado\banco_de_dados\TABELAS_DETRAF.db]
2026-08-04 12:03:57.978 | INFO    |comum.dados.repositorio_cache:__init__:77 - Inicializando conexão com o banco no ambiente [dev]
2026-08-04 12:03:57.978 | INFO    |comum.dados.repositorio_cache:__init__:77 - Utilizando SQLite local [C:\Users\btime\Desktop\Projetos\detraf unificado\DETRAF-UNIFICADO\unificado\banco_de_dados\TABELAS_DETRAF.db]
2026-08-04 12:03:57.979 | INFO    |comum.dados.repositorio_cache:obter_tabela:169 - Carregando tabela [tbl_anexo5_processado]
2026-08-04 12:03:58.001 | INFO    |comum.dados.repositorio_cache:obter_tabela:169 - Tabela [tbl_anexo5_processado] carregada | Linhas: 2656 | Colunas: 17
2026-08-04 12:03:58.003 | INFO    |comum.dados.repositorio_cache:__init__:77 - Inicializando conexão com o banco no ambiente [dev]
2026-08-04 12:03:58.003 | INFO    |comum.dados.repositorio_cache:__init__:77 - Utilizando SQLite local [C:\Users\btime\Desktop\Projetos\detraf unificado\DETRAF-UNIFICADO\unificado\banco_de_dados\TABELAS_DETRAF.db]
2026-08-04 12:03:58.004 | INFO    |comum.dados.repositorio_cache:obter_tabela:169 - Carregando tabela [tbl_anexo5_processado]
2026-08-04 12:03:58.014 | INFO    |comum.dados.repositorio_cache:obter_tabela:169 - Tabela [tbl_anexo5_processado] carregada | Linhas: 2656 | Colunas: 17
2026-08-04 12:03:58.016 | INFO    |comum.dados.repositorio_cache:__init__:77 - Inicializando conexão com o banco no ambiente [dev]
2026-08-04 12:03:58.016 | INFO    |comum.dados.repositorio_cache:__init__:77 - Utilizando SQLite local [C:\Users\btime\Desktop\Projetos\detraf unificado\DETRAF-UNIFICADO\unificado\banco_de_dados\TABELAS_DETRAF.db]
2026-08-04 12:03:58.018 | INFO    |comum.dados.repositorio_cache:__init__:77 - Inicializando conexão com o banco no ambiente [dev]
2026-08-04 12:03:58.018 | INFO    |comum.dados.repositorio_cache:__init__:77 - Utilizando SQLite local [C:\Users\btime\Desktop\Projetos\detraf unificado\DETRAF-UNIFICADO\unificado\banco_de_dados\TABELAS_DETRAF.db]
2026-08-04 12:03:58.019 | INFO    |comum.dados.repositorio_cache:obter_tabela:169 - Carregando tabela [tbl_anexo5_processado]
2026-08-04 12:03:58.029 | INFO    |comum.dados.repositorio_cache:obter_tabela:169 - Tabela [tbl_anexo5_processado] carregada | Linhas: 2656 | Colunas: 17
2026-08-04 12:03:58.032 | INFO    |comum.dados.repositorio_cache:__init__:77 - Inicializando conexão com o banco no ambiente [dev]
2026-08-04 12:03:58.032 | INFO    |comum.dados.repositorio_cache:__init__:77 - Utilizando SQLite local [C:\Users\btime\Desktop\Projetos\detraf unificado\DETRAF-UNIFICADO\unificado\banco_de_dados\TABELAS_DETRAF.db]
2026-08-04 12:03:58.033 | INFO    |comum.dados.repositorio_cache:obter_tabela:169 - Carregando tabela [tbl_anexo5_processado]
2026-08-04 12:03:58.044 | INFO    |comum.dados.repositorio_cache:obter_tabela:169 - Tabela [tbl_anexo5_processado] carregada | Linhas: 2656 | Colunas: 17
2026-08-04 12:03:58.045 | INFO    |tests.test_repositorio_tabelas:test_buscar_nome_fantasia_por_eot_inexistente:104 - Nome Fantasia não encontrado para o EOT [999999]
2026-08-04 12:03:58.047 | INFO    |comum.dados.repositorio_cache:__init__:77 - Inicializando conexão com o banco no ambiente [dev]
2026-08-04 12:03:58.047 | INFO    |comum.dados.repositorio_cache:__init__:77 - Utilizando SQLite local [C:\Users\btime\Desktop\Projetos\detraf unificado\DETRAF-UNIFICADO\unificado\banco_de_dados\TABELAS_DETRAF.db]
2026-08-04 12:03:58.048 | INFO    |comum.dados.repositorio_cache:obter_tabela:169 - Carregando tabela [tbl_anexo5_processado]
2026-08-04 12:03:58.059 | INFO    |comum.dados.repositorio_cache:obter_tabela:169 - Tabela [tbl_anexo5_processado] carregada | Linhas: 2656 | Colunas: 17
2026-08-04 12:03:58.062 | INFO    |comum.dados.repositorio_cache:__init__:77 - Inicializando conexão com o banco no ambiente [dev]
2026-08-04 12:03:58.062 | INFO    |comum.dados.repositorio_cache:__init__:77 - Utilizando SQLite local [C:\Users\btime\Desktop\Projetos\detraf unificado\DETRAF-UNIFICADO\unificado\banco_de_dados\TABELAS_DETRAF.db]
2026-08-04 12:03:58.063 | INFO    |comum.dados.repositorio_cache:obter_tabela:169 - Carregando tabela [tbl_detraf_tarifas]
2026-08-04 12:03:58.066 | INFO    |comum.dados.repositorio_cache:obter_tabela:169 - Tabela [tbl_detraf_tarifas] carregada | Linhas: 110 | Colunas: 17
2026-08-04 12:03:58.068 | INFO    |comum.dados.repositorio_cache:__init__:77 - Inicializando conexão com o banco no ambiente [dev]
2026-08-04 12:03:58.068 | INFO    |comum.dados.repositorio_cache:__init__:77 - Utilizando SQLite local [C:\Users\btime\Desktop\Projetos\detraf unificado\DETRAF-UNIFICADO\unificado\banco_de_dados\TABELAS_DETRAF.db]
2026-08-04 12:03:58.069 | INFO    |comum.dados.repositorio_cache:obter_tabela:169 - Carregando tabela [tbl_detraf_mapeamento_descritores]
2026-08-04 12:03:58.071 | INFO    |comum.dados.repositorio_cache:obter_tabela:169 - Tabela [tbl_detraf_mapeamento_descritores] carregada | Linhas: 25 | Colunas: 3
2026-08-04 12:03:58.072 | INFO    |comum.dados.repositorio_cache:__init__:77 - Inicializando conexão com o banco no ambiente [dev]
2026-08-04 12:03:58.072 | INFO    |comum.dados.repositorio_cache:__init__:77 - Utilizando SQLite local [C:\Users\btime\Desktop\Projetos\detraf unificado\DETRAF-UNIFICADO\unificado\banco_de_dados\TABELAS_DETRAF.db]
2026-08-04 12:04:02.719 | ERROR   |tests.test_contrato_rpa1_rpa2:test_rastreamento_inexistente_nao_estoura:259 - Arquivo de rastreamento não encontrado: 'C:\Users\btime\AppData\Local\Temp\pytest-of-btime\pytest-275\test_rastreamento_inexistente_0\nao_existe.json'.
2026-08-04 12:04:02.873 | INFO    |comum.dados.repositorio_cache:__init__:77 - Inicializando conexão com o banco no ambiente [dev]
2026-08-04 12:04:02.873 | INFO    |comum.dados.repositorio_cache:__init__:77 - Utilizando SQLite local [banco_de_dados\TABELAS_DETRAF.db]
2026-08-04 12:04:02.884 | INFO    |comum.dados.repositorio_cache:__init__:77 - Inicializando conexão com o banco no ambiente [dev]
2026-08-04 12:04:02.884 | INFO    |comum.dados.repositorio_cache:__init__:77 - Utilizando SQLite local [C:\Users\btime\Desktop\Projetos\detraf unificado\DETRAF-UNIFICADO\unificado\banco_de_dados\TABELAS_DETRAF.db]
2026-08-04 12:04:02.886 | INFO    |comum.dados.repositorio_cache:__init__:77 - Inicializando conexão com o banco no ambiente [dev]
2026-08-04 12:04:02.886 | INFO    |comum.dados.repositorio_cache:__init__:77 - Utilizando SQLite local [C:\Users\btime\Desktop\Projetos\detraf unificado\DETRAF-UNIFICADO\unificado\banco_de_dados\TABELAS_DETRAF.db]
2026-08-04 12:04:02.887 | INFO    |comum.dados.repositorio_cache:obter_tabela:169 - Carregando tabela [tbl_anexo5_processado]
2026-08-04 12:04:02.899 | INFO    |comum.dados.repositorio_cache:obter_tabela:169 - Tabela [tbl_anexo5_processado] carregada | Linhas: 2656 | Colunas: 17
2026-08-04 12:04:02.902 | INFO    |comum.dados.repositorio_cache:__init__:77 - Inicializando conexão com o banco no ambiente [dev]
2026-08-04 12:04:02.902 | INFO    |comum.dados.repositorio_cache:__init__:77 - Utilizando SQLite local [C:\Users\btime\Desktop\Projetos\detraf unificado\DETRAF-UNIFICADO\unificado\banco_de_dados\TABELAS_DETRAF.db]
2026-08-04 12:04:02.903 | INFO    |comum.dados.repositorio_cache:obter_tabela:169 - Carregando tabela [tbl_anexo5_processado]
2026-08-04 12:04:02.914 | INFO    |comum.dados.repositorio_cache:obter_tabela:169 - Tabela [tbl_anexo5_processado] carregada | Linhas: 2656 | Colunas: 17
2026-08-04 12:04:02.916 | INFO    |comum.dados.repositorio_cache:__init__:77 - Inicializando conexão com o banco no ambiente [dev]
2026-08-04 12:04:02.916 | INFO    |comum.dados.repositorio_cache:__init__:77 - Utilizando SQLite local [C:\Users\btime\Desktop\Projetos\detraf unificado\DETRAF-UNIFICADO\unificado\banco_de_dados\TABELAS_DETRAF.db]
2026-08-04 12:04:02.917 | INFO    |comum.dados.repositorio_cache:__init__:77 - Inicializando conexão com o banco no ambiente [dev]
2026-08-04 12:04:02.917 | INFO    |comum.dados.repositorio_cache:__init__:77 - Utilizando SQLite local [C:\Users\btime\Desktop\Projetos\detraf unificado\DETRAF-UNIFICADO\unificado\banco_de_dados\TABELAS_DETRAF.db]
2026-08-04 12:04:02.918 | INFO    |comum.dados.repositorio_cache:obter_tabela:169 - Carregando tabela [tbl_anexo5_processado]
2026-08-04 12:04:02.929 | INFO    |comum.dados.repositorio_cache:obter_tabela:169 - Tabela [tbl_anexo5_processado] carregada | Linhas: 2656 | Colunas: 17
2026-08-04 12:04:02.932 | INFO    |comum.dados.repositorio_cache:__init__:77 - Inicializando conexão com o banco no ambiente [dev]
2026-08-04 12:04:02.932 | INFO    |comum.dados.repositorio_cache:__init__:77 - Utilizando SQLite local [C:\Users\btime\Desktop\Projetos\detraf unificado\DETRAF-UNIFICADO\unificado\banco_de_dados\TABELAS_DETRAF.db]
2026-08-04 12:04:02.933 | INFO    |comum.dados.repositorio_cache:obter_tabela:169 - Carregando tabela [tbl_anexo5_processado]
2026-08-04 12:04:02.945 | INFO    |comum.dados.repositorio_cache:obter_tabela:169 - Tabela [tbl_anexo5_processado] carregada | Linhas: 2656 | Colunas: 17
2026-08-04 12:04:02.946 | INFO    |tests.test_repositorio_tabelas:test_buscar_nome_fantasia_por_eot_inexistente:104 - Nome Fantasia não encontrado para o EOT [999999]
2026-08-04 12:04:02.948 | INFO    |comum.dados.repositorio_cache:__init__:77 - Inicializando conexão com o banco no ambiente [dev]
2026-08-04 12:04:02.948 | INFO    |comum.dados.repositorio_cache:__init__:77 - Utilizando SQLite local [C:\Users\btime\Desktop\Projetos\detraf unificado\DETRAF-UNIFICADO\unificado\banco_de_dados\TABELAS_DETRAF.db]
2026-08-04 12:04:02.949 | INFO    |comum.dados.repositorio_cache:obter_tabela:169 - Carregando tabela [tbl_anexo5_processado]
2026-08-04 12:04:02.960 | INFO    |comum.dados.repositorio_cache:obter_tabela:169 - Tabela [tbl_anexo5_processado] carregada | Linhas: 2656 | Colunas: 17
2026-08-04 12:04:02.962 | INFO    |comum.dados.repositorio_cache:__init__:77 - Inicializando conexão com o banco no ambiente [dev]
2026-08-04 12:04:02.963 | INFO    |comum.dados.repositorio_cache:__init__:77 - Utilizando SQLite local [C:\Users\btime\Desktop\Projetos\detraf unificado\DETRAF-UNIFICADO\unificado\banco_de_dados\TABELAS_DETRAF.db]
2026-08-04 12:04:02.963 | INFO    |comum.dados.repositorio_cache:obter_tabela:169 - Carregando tabela [tbl_detraf_tarifas]
2026-08-04 12:04:02.965 | INFO    |comum.dados.repositorio_cache:obter_tabela:169 - Tabela [tbl_detraf_tarifas] carregada | Linhas: 110 | Colunas: 17
2026-08-04 12:04:02.967 | INFO    |comum.dados.repositorio_cache:__init__:77 - Inicializando conexão com o banco no ambiente [dev]
2026-08-04 12:04:02.967 | INFO    |comum.dados.repositorio_cache:__init__:77 - Utilizando SQLite local [C:\Users\btime\Desktop\Projetos\detraf unificado\DETRAF-UNIFICADO\unificado\banco_de_dados\TABELAS_DETRAF.db]
2026-08-04 12:04:02.968 | INFO    |comum.dados.repositorio_cache:obter_tabela:169 - Carregando tabela [tbl_detraf_mapeamento_descritores]
2026-08-04 12:04:02.969 | INFO    |comum.dados.repositorio_cache:obter_tabela:169 - Tabela [tbl_detraf_mapeamento_descritores] carregada | Linhas: 25 | Colunas: 3
2026-08-04 12:04:02.970 | INFO    |comum.dados.repositorio_cache:__init__:77 - Inicializando conexão com o banco no ambiente [dev]
2026-08-04 12:04:02.970 | INFO    |comum.dados.repositorio_cache:__init__:77 - Utilizando SQLite local [C:\Users\btime\Desktop\Projetos\detraf unificado\DETRAF-UNIFICADO\unificado\banco_de_dados\TABELAS_DETRAF.db]
2026-08-04 12:04:04.032 | INFO    |comum.dados.repositorio_cache:__init__:77 - Inicializando conexão com o banco no ambiente [dev]
2026-08-04 12:04:04.032 | INFO    |comum.dados.repositorio_cache:__init__:77 - Utilizando SQLite local [C:\Users\btime\AppData\Local\Temp\detraf_test_y9qdvl2a.db]
2026-08-04 12:04:04.101 | INFO    |comum.dados.repositorio_cache:obter_tabela:169 - Carregando tabela [tbl_anexo5_processado]
2026-08-04 12:04:04.103 | INFO    |comum.dados.repositorio_cache:obter_tabela:169 - Tabela [tbl_anexo5_processado] carregada | Linhas: 3 | Colunas: 2
2026-08-04 12:04:04.108 | INFO    |src.services.operadora_service:obter_operadora:153 - Nome Fantasia não encontrado para o EOT [999]
2026-08-04 12:04:04.111 | INFO    |src.services.operadora_service:obter_operadora:153 - Nome Fantasia não encontrado para o EOT [999]
2026-08-04 12:04:04.112 | INFO    |src.services.operadora_service:obter_operadora:163 - Nome Fantasia não encontrado para o texto [empresainexistente999]
2026-08-04 12:04:04.112 | WARNING |test_operadora_service:test_obter_operadora_nao_identificada:87 - Operadora não identificada para 'arquivo.csv' (eot='999', dominio='empresainexistente999.com.br', texto_busca='empresainexistente999')
2026-08-04 12:04:04.115 | INFO    |test_outlook_service_anexos:test_baixa_apenas_csv_e_excel:81 - E-mail 'ABC123': 3 anexo(s) ignorado(s) por extensão não permitida — carta_apresentacao.pdf, contrato.docx, assinatura.png
2026-08-04 12:04:04.115 | INFO    |test_outlook_service_anexos:test_baixa_apenas_csv_e_excel:81 - E-mail 'ABC123': 2 anexo(s) baixado(s) para 'C:\Users\btime\AppData\Local\Temp\pytest-of-btime\pytest-276\test_baixa_apenas_csv_e_excel0'.
2026-08-04 12:04:04.117 | INFO    |test_outlook_service_anexos:test_anexos_ignorados_nao_chegam_ao_disco:94 - E-mail 'ABC123': 1 anexo(s) ignorado(s) por extensão não permitida — carta.pdf
2026-08-04 12:04:04.117 | INFO    |test_outlook_service_anexos:test_anexos_ignorados_nao_chegam_ao_disco:94 - E-mail 'ABC123': 1 anexo(s) baixado(s) para 'C:\Users\btime\AppData\Local\Temp\pytest-of-btime\pytest-276\test_anexos_ignorados_nao_cheg0'.
2026-08-04 12:04:04.120 | INFO    |test_outlook_service_anexos:test_anexos_inline_continuam_ignorados:107 - E-mail 'ABC123': 1 anexo(s) baixado(s) para 'C:\Users\btime\AppData\Local\Temp\pytest-of-btime\pytest-276\test_anexos_inline_continuam_i0'.
2026-08-04 12:04:04.122 | INFO    |test_outlook_service_anexos:test_email_so_com_anexos_irrelevantes_devolve_lista_vazia:121 - E-mail 'ABC123': 1 anexo(s) ignorado(s) por extensão não permitida — apenas_um_pdf.pdf
2026-08-04 12:04:04.122 | INFO    |test_outlook_service_anexos:test_email_so_com_anexos_irrelevantes_devolve_lista_vazia:121 - E-mail 'ABC123': 0 anexo(s) baixado(s) para 'C:\Users\btime\AppData\Local\Temp\pytest-of-btime\pytest-276\test_email_so_com_anexos_irrel0'.
2026-08-04 12:04:04.125 | INFO    |test_outlook_service_anexos:test_extensao_e_avaliada_sem_distinguir_caixa:128 - E-mail 'ABC123': 2 anexo(s) baixado(s) para 'C:\Users\btime\AppData\Local\Temp\pytest-of-btime\pytest-276\test_extensao_e_avaliada_sem_d0'.
2026-08-04 12:04:04.127 | INFO    |test_outlook_service_anexos:test_o_filtro_usa_a_configuracao_e_nao_uma_lista_fixa:140 - E-mail 'ABC123': 1 anexo(s) ignorado(s) por extensão não permitida — planilha.xlsx
2026-08-04 12:04:04.127 | INFO    |test_outlook_service_anexos:test_o_filtro_usa_a_configuracao_e_nao_uma_lista_fixa:140 - E-mail 'ABC123': 1 anexo(s) baixado(s) para 'C:\Users\btime\AppData\Local\Temp\pytest-of-btime\pytest-276\test_o_filtro_usa_a_configurac0'.
2026-08-04 12:04:04.129 | INFO    |test_processamento_service:test_executar_sucesso_identifica_operadora_e_salva:55 - Iniciando fluxo de processamento
2026-08-04 12:04:04.129 | INFO    |test_processamento_service:test_executar_sucesso_identifica_operadora_e_salva:55 - Competência: 202602 | Ano: 2026
2026-08-04 12:04:04.130 | INFO    |test_processamento_service:test_executar_sucesso_identifica_operadora_e_salva:55 - Total de arquivos a processar: 1
2026-08-04 12:04:04.131 | WARNING |src.services.processamento_service:_processar_arquivo:129 - Estrutura do mês anterior não encontrada em 'C:\Users\btime\AppData\Local\Temp\pytest-of-btime\pytest-276\test_executar_sucesso_identifi0\operadoras\Megatelecom Telecomunicacoes S.A.\2026\202601' — criando 'C:\Users\btime\AppData\Local\Temp\pytest-of-btime\pytest-276\test_executar_sucesso_identifi0\operadoras\Megatelecom Telecomunicacoes S.A.\2026\202602' vazio.
2026-08-04 12:04:04.133 | INFO    |src.services.processamento_service:executar:84 - Processado com sucesso: sucesso_eot112.csv (operadora identificada via 'eot')
2026-08-04 12:04:04.133 | INFO    |comum.dados.repositorio_cache:salvar_dados_tabela_despesa:217 - Inserindo 1 registro(s) em [tbl_rpa_log_detraf_despesa_arquivos].
2026-08-04 12:04:04.146 | INFO    |comum.dados.repositorio_cache:salvar_dados_tabela_despesa:217 - 1 registro(s) persistidos em [tbl_rpa_log_detraf_despesa_arquivos].
2026-08-04 12:04:04.146 | INFO    |src.services.processamento_service:executar:86 - Resumo — Sucesso: 1 | Não identificados: 0 | Erros: 0
2026-08-04 12:04:04.151 | INFO    |test_processamento_service:test_executar_nao_identificado_vai_para_pasta_excecao:81 - Iniciando fluxo de processamento
2026-08-04 12:04:04.151 | INFO    |test_processamento_service:test_executar_nao_identificado_vai_para_pasta_excecao:81 - Competência: 202602 | Ano: 2026
2026-08-04 12:04:04.151 | INFO    |test_processamento_service:test_executar_nao_identificado_vai_para_pasta_excecao:81 - Total de arquivos a processar: 1
2026-08-04 12:04:04.153 | INFO    |src.services.operadora_service:obter_operadora:153 - Nome Fantasia não encontrado para o EOT [999]
2026-08-04 12:04:04.153 | INFO    |src.services.operadora_service:obter_operadora:163 - Nome Fantasia não encontrado para o texto [empresainexistente999]
2026-08-04 12:04:04.153 | WARNING |src.services.processamento_service:_processar_arquivo:108 - Operadora não identificada para 'nao_identificado.csv' (eot='999', dominio='empresainexistente999.com.br', texto_busca='empresainexistente999')
2026-08-04 12:04:04.155 | WARNING |src.services.processamento_service:_processar_arquivo:111 - Operadora não identificada para 'nao_identificado.csv' (remetente: 'contato@empresainexistente999.com.br') — copiado para 'C:\Users\btime\AppData\Local\Temp\pytest-of-btime\pytest-276\test_executar_nao_identificado0\_NAO_IDENTIFICADOS\202602'
2026-08-04 12:04:04.155 | INFO    |src.services.processamento_service:executar:86 - Resumo — Sucesso: 0 | Não identificados: 1 | Erros: 0
2026-08-04 12:04:04.160 | INFO    |test_processamento_service:test_executar_clona_estrutura_do_mes_anterior:104 - Iniciando fluxo de processamento
2026-08-04 12:04:04.160 | INFO    |test_processamento_service:test_executar_clona_estrutura_do_mes_anterior:104 - Competência: 202602 | Ano: 2026
2026-08-04 12:04:04.160 | INFO    |test_processamento_service:test_executar_clona_estrutura_do_mes_anterior:104 - Total de arquivos a processar: 1
2026-08-04 12:04:04.163 | INFO    |src.services.processamento_service:executar:84 - Processado com sucesso: clonagem.csv (operadora identificada via 'eot')
2026-08-04 12:04:04.163 | INFO    |comum.dados.repositorio_cache:salvar_dados_tabela_despesa:217 - Inserindo 1 registro(s) em [tbl_rpa_log_detraf_despesa_arquivos].
2026-08-04 12:04:04.169 | INFO    |comum.dados.repositorio_cache:salvar_dados_tabela_despesa:217 - 1 registro(s) persistidos em [tbl_rpa_log_detraf_despesa_arquivos].
2026-08-04 12:04:04.170 | INFO    |src.services.processamento_service:executar:86 - Resumo — Sucesso: 1 | Não identificados: 0 | Erros: 0
2026-08-04 12:04:04.173 | INFO    |test_processamento_service:test_executar_sem_argumentos_lista_diretorio_entrada:119 - Iniciando fluxo de processamento
2026-08-04 12:04:04.173 | INFO    |test_processamento_service:test_executar_sem_argumentos_lista_diretorio_entrada:119 - Competência: 202602 | Ano: 2026
2026-08-04 12:04:04.173 | INFO    |test_processamento_service:test_executar_sem_argumentos_lista_diretorio_entrada:119 - Total de arquivos a processar: 1
2026-08-04 12:04:04.174 | INFO    |src.services.operadora_service:obter_operadora:153 - Nome Fantasia não encontrado para o EOT [999]
2026-08-04 12:04:04.176 | WARNING |src.services.processamento_service:_processar_arquivo:129 - Estrutura do mês anterior não encontrada em 'C:\Users\btime\AppData\Local\Temp\pytest-of-btime\pytest-276\test_executar_sem_argumentos_l0\operadoras\Desktop Sigmanet\2026\202601' — criando 'C:\Users\btime\AppData\Local\Temp\pytest-of-btime\pytest-276\test_executar_sem_argumentos_l0\operadoras\Desktop Sigmanet\2026\202602' vazio.
2026-08-04 12:04:04.176 | INFO    |src.services.processamento_service:executar:84 - Processado com sucesso: arquivo_solto.csv (operadora identificada via 'dominio')
2026-08-04 12:04:04.177 | INFO    |comum.dados.repositorio_cache:salvar_dados_tabela_despesa:217 - Inserindo 1 registro(s) em [tbl_rpa_log_detraf_despesa_arquivos].
2026-08-04 12:04:04.183 | INFO    |comum.dados.repositorio_cache:salvar_dados_tabela_despesa:217 - 1 registro(s) persistidos em [tbl_rpa_log_detraf_despesa_arquivos].
2026-08-04 12:04:04.183 | INFO    |src.services.processamento_service:executar:86 - Resumo — Sucesso: 1 | Não identificados: 0 | Erros: 0
2026-08-04 12:04:04.215 | WARNING |test_repositorio_arquivos:test_clonar_estrutura_mes_anterior_origem_inexistente_degrada:74 - Estrutura do mês anterior não encontrada em 'C:\Users\btime\AppData\Local\Temp\pytest-of-btime\pytest-276\test_clonar_estrutura_mes_ante2\nao_existe' — criando 'C:\Users\btime\AppData\Local\Temp\pytest-of-btime\pytest-276\test_clonar_estrutura_mes_ante2\202606' vazio.
2026-08-04 12:04:04.218 | INFO    |test_repositorio_tabelas:test_buscar_nome_fantasia_por_eot_nao_encontrado:12 - Nome Fantasia não encontrado para o EOT [999]
2026-08-04 12:04:04.221 | INFO    |test_repositorio_tabelas:test_buscar_nome_fantasia_nao_encontrado:20 - Nome Fantasia não encontrado para o texto [naoexisteoperadora]
2026-08-04 12:04:04.222 | INFO    |comum.dados.repositorio_cache:salvar_dados_tabela_despesa:217 - Inserindo 1 registro(s) em [tbl_rpa_log_detraf_despesa_arquivos].
2026-08-04 12:04:04.229 | INFO    |comum.dados.repositorio_cache:salvar_dados_tabela_despesa:217 - 1 registro(s) persistidos em [tbl_rpa_log_detraf_despesa_arquivos].
2026-08-04 12:04:04.231 | INFO    |comum.dados.repositorio_cache:salvar_dados_tabela_despesa:217 - Nenhum registro para inserir em [tbl_rpa_log_detraf_despesa_arquivos].
2026-08-04 12:04:05.207 | INFO    |comum.dados.repositorio_cache:__init__:77 - Inicializando conexão com o banco no ambiente [dev]
2026-08-04 12:04:05.208 | INFO    |comum.dados.repositorio_cache:__init__:77 - Utilizando SQLite local [C:\Users\btime\AppData\Local\Temp\detraf_epico4_teste_m592j732\TABELAS_DETRAF_TESTE.db]
2026-08-04 12:04:05.310 | INFO    |comum.dados.repositorio_cache:__init__:77 - Inicializando conexão com o banco no ambiente [dev]
2026-08-04 12:04:05.310 | INFO    |comum.dados.repositorio_cache:__init__:77 - Utilizando SQLite local [C:\Users\btime\AppData\Local\Temp\detraf_epico4_teste_m592j732\TABELAS_DETRAF_TESTE.db]
2026-08-04 12:04:05.311 | INFO    |comum.dados.repositorio_cache:obter_tabela:169 - Carregando tabela [tbl_anexo5_processado]
2026-08-04 12:04:05.313 | INFO    |comum.dados.repositorio_cache:obter_tabela:169 - Tabela [tbl_anexo5_processado] carregada | Linhas: 3 | Colunas: 6
2026-08-04 12:04:05.314 | INFO    |comum.dados.repositorio_cache:obter_tabela:169 - Carregando tabela [tbl_detraf_tarifas]
2026-08-04 12:04:05.315 | INFO    |comum.dados.repositorio_cache:obter_tabela:169 - Tabela [tbl_detraf_tarifas] carregada | Linhas: 2 | Colunas: 8
2026-08-04 12:04:05.315 | INFO    |comum.dados.repositorio_cache:obter_tabela:169 - Carregando tabela [tbl_rpa_log_detraf_despesa_contestacao]
2026-08-04 12:04:05.317 | INFO    |comum.dados.repositorio_cache:obter_tabela:169 - Tabela [tbl_rpa_log_detraf_despesa_contestacao] carregada | Linhas: 2 | Colunas: 18
2026-08-04 12:04:05.322 | INFO    |comum.dados.repositorio_cache:__init__:77 - Inicializando conexão com o banco no ambiente [dev]
2026-08-04 12:04:05.322 | INFO    |comum.dados.repositorio_cache:__init__:77 - Utilizando SQLite local [C:\Users\btime\AppData\Local\Temp\detraf_epico4_teste_m592j732\TABELAS_DETRAF_TESTE.db]
2026-08-04 12:04:05.323 | INFO    |comum.dados.repositorio_cache:obter_tabela:169 - Carregando tabela [tbl_anexo5_processado]
2026-08-04 12:04:05.325 | INFO    |comum.dados.repositorio_cache:obter_tabela:169 - Tabela [tbl_anexo5_processado] carregada | Linhas: 3 | Colunas: 6
2026-08-04 12:04:05.328 | INFO    |test_configuracao_ambiente:test_repositorio_tabelas_valida_eot:41 - EOT não encontrado [999]
2026-08-04 12:04:05.331 | INFO    |comum.dados.repositorio_cache:__init__:77 - Inicializando conexão com o banco no ambiente [dev]
2026-08-04 12:04:05.331 | INFO    |comum.dados.repositorio_cache:__init__:77 - Utilizando SQLite local [C:\Users\btime\AppData\Local\Temp\detraf_epico4_teste_m592j732\TABELAS_DETRAF_TESTE.db]
2026-08-04 12:04:05.332 | INFO    |comum.dados.repositorio_cache:obter_tabela:169 - Carregando tabela [tbl_anexo5_processado]
2026-08-04 12:04:05.335 | INFO    |comum.dados.repositorio_cache:obter_tabela:169 - Tabela [tbl_anexo5_processado] carregada | Linhas: 3 | Colunas: 6
2026-08-04 12:04:05.337 | INFO    |test_configuracao_ambiente:test_repositorio_tabelas_obtem_endereco_por_eot:49 - EOT não encontrado para busca de endereço [999]
2026-08-04 12:04:05.348 | WARNING |test_consolidacao:test_listar_arquivos_pasta_inexistente:39 - Pasta de Detrafs inexistente: [C:\Users\btime\AppData\Local\Temp\pytest-of-btime\pytest-277\test_listar_arquivos_pasta_ine0\nao_existe]
2026-08-04 12:04:05.352 | INFO    |test_consolidacao:test_consolida_e_remove_totais:43 - [STEP] Iniciando: consolidar_detrafs_operadora
2026-08-04 12:04:05.353 | INFO    |src.services.consolidacao_contestacao:consolidar_detrafs_operadora:174 - [Consolidação] 2 arquivo(s) encontrado(s) em [C:\Users\btime\AppData\Local\Temp\pytest-of-btime\pytest-277\test_consolida_e_remove_totais0\Detrafs Recebidos].
2026-08-04 12:04:05.357 | INFO    |src.services.consolidacao_contestacao:consolidar_detrafs_operadora:177 - [Consolidação] [algar_smp.csv]: 5 linha(s) -> 4 após remover totais.
2026-08-04 12:04:05.361 | INFO    |src.services.consolidacao_contestacao:consolidar_detrafs_operadora:177 - [Consolidação] [algar_stfc.csv]: 4 linha(s) -> 3 após remover totais.
2026-08-04 12:04:05.362 | INFO    |src.services.consolidacao_contestacao:consolidar_detrafs_operadora:177 - [Consolidação] Consolidado: 7 linha(s) de 2 arquivo(s).
2026-08-04 12:04:05.362 | INFO    |test_consolidacao:test_consolida_e_remove_totais:43 - [STEP] Finalizando: consolidar_detrafs_operadora | Tempo gasto: 0.01s
2026-08-04 12:04:05.366 | INFO    |test_consolidacao:test_pasta_vazia_retorna_df_vazio:57 - [STEP] Iniciando: consolidar_detrafs_operadora
2026-08-04 12:04:05.367 | INFO    |src.services.consolidacao_contestacao:consolidar_detrafs_operadora:174 - [Consolidação] 0 arquivo(s) encontrado(s) em [C:\Users\btime\AppData\Local\Temp\pytest-of-btime\pytest-277\test_pasta_vazia_retorna_df_va0\vazia].
2026-08-04 12:04:05.367 | INFO    |test_consolidacao:test_pasta_vazia_retorna_df_vazio:57 - [STEP] Finalizando: consolidar_detrafs_operadora | Tempo gasto: 0.0s
2026-08-04 12:04:05.373 | INFO    |test_consolidacao:test_fail_fast_colunas_insuficientes:66 - [STEP] Iniciando: consolidar_detrafs_operadora
2026-08-04 12:04:05.374 | INFO    |src.services.consolidacao_contestacao:consolidar_detrafs_operadora:174 - [Consolidação] 1 arquivo(s) encontrado(s) em [C:\Users\btime\AppData\Local\Temp\pytest-of-btime\pytest-277\test_fail_fast_colunas_insufic0\Detrafs Recebidos].
2026-08-04 12:04:05.375 | INFO    |test_consolidacao:test_fail_fast_colunas_insuficientes:66 - [STEP] Finalizando: consolidar_detrafs_operadora | Tempo gasto: 0.0s
2026-08-04 12:04:05.381 | INFO    |test_consolidacao:test_consolida_expectativa_filtra_D_e_remove_totais:94 - [STEP] Iniciando: consolidar_expectativa_vivo
2026-08-04 12:04:05.381 | INFO    |src.services.consolidacao_contestacao:consolidar_expectativa_vivo:207 - [Consolidação] 2 arquivo(s) encontrado(s) em [C:\Users\btime\AppData\Local\Temp\pytest-of-btime\pytest-277\test_consolida_expectativa_fil0\Detrafs Enviados].
2026-08-04 12:04:05.384 | INFO    |src.services.consolidacao_contestacao:consolidar_expectativa_vivo:211 - [Consolidação] [DETRAF_FINAL_TRP_202605_CTB_STF_VIVO_D.csv]: 4 linha(s) -> 3 após remover totais.
2026-08-04 12:04:05.384 | INFO    |src.services.consolidacao_contestacao:consolidar_expectativa_vivo:211 - [Consolidação] Consolidado: 3 linha(s) de 1 arquivo(s).
2026-08-04 12:04:05.385 | INFO    |test_consolidacao:test_consolida_expectativa_filtra_D_e_remove_totais:94 - [STEP] Finalizando: consolidar_expectativa_vivo | Tempo gasto: 0.0s
2026-08-04 12:04:05.390 | INFO    |test_consolidacao:test_expectativa_truncamento_ate_coluna:103 - [STEP] Iniciando: consolidar_expectativa_vivo
2026-08-04 12:04:05.390 | INFO    |src.services.consolidacao_contestacao:consolidar_expectativa_vivo:207 - [Consolidação] 2 arquivo(s) encontrado(s) em [C:\Users\btime\AppData\Local\Temp\pytest-of-btime\pytest-277\test_expectativa_truncamento_a0\Detrafs Enviados].
2026-08-04 12:04:05.393 | INFO    |src.services.consolidacao_contestacao:consolidar_expectativa_vivo:211 - [Consolidação] [DETRAF_FINAL_TRP_202605_CTB_STF_VIVO_D.csv]: 4 linha(s) -> 3 após remover totais.
2026-08-04 12:04:05.394 | INFO    |src.services.consolidacao_contestacao:consolidar_expectativa_vivo:211 - [Consolidação] Consolidado: 3 linha(s) de 1 arquivo(s).
2026-08-04 12:04:05.394 | INFO    |test_consolidacao:test_expectativa_truncamento_ate_coluna:103 - [STEP] Finalizando: consolidar_expectativa_vivo | Tempo gasto: 0.0s
2026-08-04 12:04:05.397 | INFO    |test_consolidacao:test_expectativa_sem_arquivo_D_retorna_vazio:114 - [STEP] Iniciando: consolidar_expectativa_vivo
2026-08-04 12:04:05.398 | INFO    |src.services.consolidacao_contestacao:consolidar_expectativa_vivo:207 - [Consolidação] 1 arquivo(s) encontrado(s) em [C:\Users\btime\AppData\Local\Temp\pytest-of-btime\pytest-277\test_expectativa_sem_arquivo_D0\Detrafs Enviados].
2026-08-04 12:04:05.398 | WARNING |comum.utils.decoradores:wrapper:22 - [Consolidação] Nenhum arquivo de expectativa (_D_) em [C:\Users\btime\AppData\Local\Temp\pytest-of-btime\pytest-277\test_expectativa_sem_arquivo_D0\Detrafs Enviados].
2026-08-04 12:04:05.399 | INFO    |test_consolidacao:test_expectativa_sem_arquivo_D_retorna_vazio:114 - [STEP] Finalizando: consolidar_expectativa_vivo | Tempo gasto: 0.0s
2026-08-04 12:04:05.401 | INFO    |test_consolidacao:test_montar_resumo_agrupa_por_referencia_e_trafego:134 - [STEP] Iniciando: montar_resumo
2026-08-04 12:04:05.406 | INFO    |comum.utils.decoradores:wrapper:22 - [Consolidação] RESUMO: 2 combinação(ões) Referência/Tráfego.
2026-08-04 12:04:05.407 | INFO    |test_consolidacao:test_montar_resumo_agrupa_por_referencia_e_trafego:134 - [STEP] Finalizando: montar_resumo | Tempo gasto: 0.01s
2026-08-04 12:04:05.410 | INFO    |test_consolidacao:test_montar_resumo_vazio_retorna_df_vazio_com_colunas:142 - [STEP] Iniciando: montar_resumo
2026-08-04 12:04:05.410 | INFO    |test_consolidacao:test_montar_resumo_vazio_retorna_df_vazio_com_colunas:142 - [STEP] Finalizando: montar_resumo | Tempo gasto: 0.0s
2026-08-04 12:04:05.414 | INFO    |comum.dados.repositorio_cache:__init__:77 - Inicializando conexão com o banco no ambiente [dev]
2026-08-04 12:04:05.414 | INFO    |comum.dados.repositorio_cache:__init__:77 - Utilizando SQLite local [C:\Users\btime\AppData\Local\Temp\detraf_epico4_teste_m592j732\TABELAS_DETRAF_TESTE.db]
2026-08-04 12:04:05.415 | INFO    |comum.dados.repositorio_cache:obter_tabela:169 - Carregando tabela [tbl_detraf_mapeamento_descritores]
2026-08-04 12:04:05.416 | INFO    |comum.dados.repositorio_cache:obter_tabela:169 - Tabela [tbl_detraf_mapeamento_descritores] carregada | Linhas: 25 | Colunas: 5
2026-08-04 12:04:05.422 | INFO    |test_consolidacao:test_montar_contest_bate_com_exemplo_real_da_carta:176 - [STEP] Iniciando: montar_contest
2026-08-04 12:04:05.445 | INFO    |comum.utils.decoradores:wrapper:22 - [Consolidação] Contest: 1 combinação(ões) analisada(s).
2026-08-04 12:04:05.445 | INFO    |test_consolidacao:test_montar_contest_bate_com_exemplo_real_da_carta:176 - [STEP] Finalizando: montar_contest | Tempo gasto: 0.02s
2026-08-04 12:04:05.450 | INFO    |comum.dados.repositorio_cache:__init__:77 - Inicializando conexão com o banco no ambiente [dev]
2026-08-04 12:04:05.450 | INFO    |comum.dados.repositorio_cache:__init__:77 - Utilizando SQLite local [C:\Users\btime\AppData\Local\Temp\detraf_epico4_teste_m592j732\TABELAS_DETRAF_TESTE.db]
2026-08-04 12:04:05.451 | INFO    |comum.dados.repositorio_cache:obter_tabela:169 - Carregando tabela [tbl_detraf_mapeamento_descritores]
2026-08-04 12:04:05.453 | INFO    |comum.dados.repositorio_cache:obter_tabela:169 - Tabela [tbl_detraf_mapeamento_descritores] carregada | Linhas: 25 | Colunas: 5
2026-08-04 12:04:05.457 | INFO    |test_consolidacao:test_montar_contest_variacao_abaixo_do_limiar_marca_N:202 - [STEP] Iniciando: montar_contest
2026-08-04 12:04:05.467 | INFO    |comum.utils.decoradores:wrapper:22 - [Consolidação] Contest: 1 combinação(ões) analisada(s).
2026-08-04 12:04:05.467 | INFO    |test_consolidacao:test_montar_contest_variacao_abaixo_do_limiar_marca_N:202 - [STEP] Finalizando: montar_contest | Tempo gasto: 0.01s
2026-08-04 12:04:05.470 | INFO    |comum.dados.repositorio_cache:__init__:77 - Inicializando conexão com o banco no ambiente [dev]
2026-08-04 12:04:05.470 | INFO    |comum.dados.repositorio_cache:__init__:77 - Utilizando SQLite local [C:\Users\btime\AppData\Local\Temp\detraf_epico4_teste_m592j732\TABELAS_DETRAF_TESTE.db]
2026-08-04 12:04:05.471 | INFO    |comum.dados.repositorio_cache:obter_tabela:169 - Carregando tabela [tbl_detraf_mapeamento_descritores]
2026-08-04 12:04:05.472 | INFO    |comum.dados.repositorio_cache:obter_tabela:169 - Tabela [tbl_detraf_mapeamento_descritores] carregada | Linhas: 25 | Colunas: 5
2026-08-04 12:04:05.475 | INFO    |test_consolidacao:test_montar_contest_par_ausente_lado_zerado:217 - [STEP] Iniciando: montar_contest
2026-08-04 12:04:05.482 | INFO    |comum.utils.decoradores:wrapper:22 - [Consolidação] Contest: 1 combinação(ões) analisada(s).
2026-08-04 12:04:05.482 | INFO    |test_consolidacao:test_montar_contest_par_ausente_lado_zerado:217 - [STEP] Finalizando: montar_contest | Tempo gasto: 0.01s
2026-08-04 12:04:05.485 | INFO    |comum.dados.repositorio_cache:__init__:77 - Inicializando conexão com o banco no ambiente [dev]
2026-08-04 12:04:05.485 | INFO    |comum.dados.repositorio_cache:__init__:77 - Utilizando SQLite local [C:\Users\btime\AppData\Local\Temp\detraf_epico4_teste_m592j732\TABELAS_DETRAF_TESTE.db]
2026-08-04 12:04:05.485 | INFO    |comum.dados.repositorio_cache:obter_tabela:169 - Carregando tabela [tbl_detraf_mapeamento_descritores]
2026-08-04 12:04:05.487 | INFO    |comum.dados.repositorio_cache:obter_tabela:169 - Tabela [tbl_detraf_mapeamento_descritores] carregada | Linhas: 25 | Colunas: 5
2026-08-04 12:04:05.490 | INFO    |test_consolidacao:test_montar_contest_descritor_nao_mapeado_e_ignorado:232 - [STEP] Iniciando: montar_contest
2026-08-04 12:04:05.491 | INFO    |src.services.consolidacao_contestacao:montar_contest:385 - [Consolidação] 1 linha(s) com descritor não mapeado — ignoradas na aba Contest (AI/09 §7).
2026-08-04 12:04:05.494 | INFO    |comum.utils.decoradores:wrapper:22 - [Consolidação] Contest: 0 combinação(ões) analisada(s).
2026-08-04 12:04:05.494 | INFO    |test_consolidacao:test_montar_contest_descritor_nao_mapeado_e_ignorado:232 - [STEP] Finalizando: montar_contest | Tempo gasto: 0.0s
2026-08-04 12:04:05.497 | INFO    |comum.dados.repositorio_cache:__init__:77 - Inicializando conexão com o banco no ambiente [dev]
2026-08-04 12:04:05.498 | INFO    |comum.dados.repositorio_cache:__init__:77 - Utilizando SQLite local [C:\Users\btime\AppData\Local\Temp\detraf_epico4_teste_m592j732\TABELAS_DETRAF_TESTE.db]
2026-08-04 12:04:05.498 | INFO    |comum.dados.repositorio_cache:obter_tabela:169 - Carregando tabela [tbl_detraf_mapeamento_descritores]
2026-08-04 12:04:05.499 | INFO    |comum.dados.repositorio_cache:obter_tabela:169 - Tabela [tbl_detraf_mapeamento_descritores] carregada | Linhas: 25 | Colunas: 5
2026-08-04 12:04:05.502 | INFO    |test_consolidacao:test_montar_contest_descritor_antes_ambiguo_agora_resolvido:246 - [STEP] Iniciando: montar_contest
2026-08-04 12:04:05.509 | INFO    |comum.utils.decoradores:wrapper:22 - [Consolidação] Contest: 1 combinação(ões) analisada(s).
2026-08-04 12:04:05.509 | INFO    |test_consolidacao:test_montar_contest_descritor_antes_ambiguo_agora_resolvido:246 - [STEP] Finalizando: montar_contest | Tempo gasto: 0.01s
2026-08-04 12:04:05.512 | INFO    |comum.dados.repositorio_cache:__init__:77 - Inicializando conexão com o banco no ambiente [dev]
2026-08-04 12:04:05.512 | INFO    |comum.dados.repositorio_cache:__init__:77 - Utilizando SQLite local [C:\Users\btime\AppData\Local\Temp\detraf_epico4_teste_m592j732\TABELAS_DETRAF_TESTE.db]
2026-08-04 12:04:05.512 | INFO    |comum.dados.repositorio_cache:obter_tabela:169 - Carregando tabela [tbl_detraf_mapeamento_descritores]
2026-08-04 12:04:05.514 | INFO    |comum.dados.repositorio_cache:obter_tabela:169 - Tabela [tbl_detraf_mapeamento_descritores] carregada | Linhas: 25 | Colunas: 5
2026-08-04 12:04:05.516 | INFO    |test_consolidacao:test_montar_contest_tipo_operacao_opcional:258 - [STEP] Iniciando: montar_contest
2026-08-04 12:04:05.523 | INFO    |comum.utils.decoradores:wrapper:22 - [Consolidação] Contest: 1 combinação(ões) analisada(s).
2026-08-04 12:04:05.524 | INFO    |test_consolidacao:test_montar_contest_tipo_operacao_opcional:258 - [STEP] Finalizando: montar_contest | Tempo gasto: 0.01s
2026-08-04 12:04:05.527 | INFO    |comum.dados.repositorio_cache:__init__:77 - Inicializando conexão com o banco no ambiente [dev]
2026-08-04 12:04:05.527 | INFO    |comum.dados.repositorio_cache:__init__:77 - Utilizando SQLite local [C:\Users\btime\AppData\Local\Temp\detraf_epico4_teste_m592j732\TABELAS_DETRAF_TESTE.db]
2026-08-04 12:04:05.528 | INFO    |comum.dados.repositorio_cache:obter_tabela:169 - Carregando tabela [tbl_rpa_log_detraf_despesa_contestacao]
2026-08-04 12:04:05.529 | INFO    |comum.dados.repositorio_cache:obter_tabela:169 - Tabela [tbl_rpa_log_detraf_despesa_contestacao] carregada | Linhas: 2 | Colunas: 18
2026-08-04 12:04:05.533 | INFO    |comum.dados.repositorio_cache:__init__:77 - Inicializando conexão com o banco no ambiente [dev]
2026-08-04 12:04:05.533 | INFO    |comum.dados.repositorio_cache:__init__:77 - Utilizando SQLite local [C:\Users\btime\AppData\Local\Temp\detraf_epico4_teste_m592j732\TABELAS_DETRAF_TESTE.db]
2026-08-04 12:04:05.534 | INFO    |comum.dados.repositorio_cache:obter_tabela:169 - Carregando tabela [tbl_rpa_log_detraf_despesa_contestacao]
2026-08-04 12:04:05.536 | INFO    |comum.dados.repositorio_cache:obter_tabela:169 - Tabela [tbl_rpa_log_detraf_despesa_contestacao] carregada | Linhas: 2 | Colunas: 18
2026-08-04 12:04:05.541 | INFO    |comum.dados.repositorio_cache:__init__:77 - Inicializando conexão com o banco no ambiente [dev]
2026-08-04 12:04:05.541 | INFO    |comum.dados.repositorio_cache:__init__:77 - Utilizando SQLite local [C:\Users\btime\AppData\Local\Temp\detraf_epico4_teste_m592j732\TABELAS_DETRAF_TESTE.db]
2026-08-04 12:04:05.542 | INFO    |comum.dados.repositorio_cache:obter_tabela:169 - Carregando tabela [tbl_rpa_log_detraf_despesa_contestacao]
2026-08-04 12:04:05.543 | INFO    |comum.dados.repositorio_cache:obter_tabela:169 - Tabela [tbl_rpa_log_detraf_despesa_contestacao] carregada | Linhas: 2 | Colunas: 18
2026-08-04 12:04:05.545 | INFO    |test_contestacao_sinal:test_nao_encontrado_retorna_none:31 - Sinal de contestação não encontrado para [operadora=999, tbra=011, referencia=202507, trafego=202507, remuneracao=TU-RL] — tratado como sem contestação.
2026-08-04 12:04:05.547 | INFO    |comum.dados.repositorio_cache:__init__:77 - Inicializando conexão com o banco no ambiente [dev]
2026-08-04 12:04:05.547 | INFO    |comum.dados.repositorio_cache:__init__:77 - Utilizando SQLite local [C:\Users\btime\AppData\Local\Temp\detraf_epico4_teste_m592j732\TABELAS_DETRAF_TESTE.db]
2026-08-04 12:04:05.548 | INFO    |comum.dados.repositorio_cache:obter_tabela:169 - Carregando tabela [tbl_rpa_log_detraf_despesa_contestacao]
2026-08-04 12:04:05.550 | INFO    |comum.dados.repositorio_cache:obter_tabela:169 - Tabela [tbl_rpa_log_detraf_despesa_contestacao] carregada | Linhas: 2 | Colunas: 18
2026-08-04 12:04:05.551 | INFO    |test_contestacao_sinal:test_remuneracao_diferente_nao_encontra:42 - Sinal de contestação não encontrado para [operadora=021, tbra=011, referencia=202507, trafego=202507, remuneracao=OUTRA-REMUNERACAO] — tratado como sem contestação.
2026-08-04 12:04:05.554 | INFO    |comum.dados.repositorio_cache:__init__:77 - Inicializando conexão com o banco no ambiente [dev]
2026-08-04 12:04:05.554 | INFO    |comum.dados.repositorio_cache:__init__:77 - Utilizando SQLite local [C:\Users\btime\AppData\Local\Temp\detraf_epico4_teste_m592j732\TABELAS_DETRAF_TESTE.db]
2026-08-04 12:04:05.555 | INFO    |comum.dados.repositorio_cache:obter_tabela:169 - Carregando tabela [tbl_rpa_log_detraf_despesa_contestacao]
2026-08-04 12:04:05.556 | INFO    |comum.dados.repositorio_cache:obter_tabela:169 - Tabela [tbl_rpa_log_detraf_despesa_contestacao] carregada | Linhas: 2 | Colunas: 18
2026-08-04 12:04:05.560 | INFO    |test_encontro_contas:test_preparar_atualizacoes_vazio_retorna_vazio:56 - [STEP] Iniciando: preparar_atualizacoes_despesa_contestacao
2026-08-04 12:04:05.560 | INFO    |test_encontro_contas:test_preparar_atualizacoes_vazio_retorna_vazio:56 - [STEP] Finalizando: preparar_atualizacoes_despesa_contestacao | Tempo gasto: 0.0s
2026-08-04 12:04:05.561 | INFO    |test_encontro_contas:test_preparar_atualizacoes_inclui_todas_independente_de_contestacao_a_enviar:72 - [STEP] Iniciando: preparar_atualizacoes_despesa_contestacao
2026-08-04 12:04:05.562 | INFO    |comum.utils.decoradores:wrapper:22 - [HU-19 Despesa Contestação] 2 atualização(ões) preparada(s).
2026-08-04 12:04:05.562 | INFO    |test_encontro_contas:test_preparar_atualizacoes_inclui_todas_independente_de_contestacao_a_enviar:72 - [STEP] Finalizando: preparar_atualizacoes_despesa_contestacao | Tempo gasto: 0.0s
2026-08-04 12:04:05.563 | INFO    |test_encontro_contas:test_preparar_atualizacoes_monta_a_chave_da_linha:80 - [STEP] Iniciando: preparar_atualizacoes_despesa_contestacao
2026-08-04 12:04:05.564 | INFO    |comum.utils.decoradores:wrapper:22 - [HU-19 Despesa Contestação] 1 atualização(ões) preparada(s).
2026-08-04 12:04:05.564 | INFO    |test_encontro_contas:test_preparar_atualizacoes_monta_a_chave_da_linha:80 - [STEP] Finalizando: preparar_atualizacoes_despesa_contestacao | Tempo gasto: 0.0s
2026-08-04 12:04:05.566 | INFO    |test_encontro_contas:test_preparar_atualizacoes_vb_operadora_e_vb_diferenca_sempre_negativos:97 - [STEP] Iniciando: preparar_atualizacoes_despesa_contestacao
2026-08-04 12:04:05.566 | INFO    |comum.utils.decoradores:wrapper:22 - [HU-19 Despesa Contestação] 2 atualização(ões) preparada(s).
2026-08-04 12:04:05.567 | INFO    |test_encontro_contas:test_preparar_atualizacoes_vb_operadora_e_vb_diferenca_sempre_negativos:97 - [STEP] Finalizando: preparar_atualizacoes_despesa_contestacao | Tempo gasto: 0.0s
2026-08-04 12:04:05.569 | INFO    |test_encontro_contas:test_preparar_atualizacoes_nao_escreve_campos_de_outras_hus:112 - [STEP] Iniciando: preparar_atualizacoes_despesa_contestacao
2026-08-04 12:04:05.569 | INFO    |comum.utils.decoradores:wrapper:22 - [HU-19 Despesa Contestação] 1 atualização(ões) preparada(s).
2026-08-04 12:04:05.570 | INFO    |test_encontro_contas:test_preparar_atualizacoes_nao_escreve_campos_de_outras_hus:112 - [STEP] Finalizando: preparar_atualizacoes_despesa_contestacao | Tempo gasto: 0.0s
2026-08-04 12:04:05.571 | INFO    |test_encontro_contas:test_preparar_atualizacoes_atualiza_exatamente_os_seis_campos_da_v2:128 - [STEP] Iniciando: preparar_atualizacoes_despesa_contestacao
2026-08-04 12:04:05.572 | INFO    |comum.utils.decoradores:wrapper:22 - [HU-19 Despesa Contestação] 1 atualização(ões) preparada(s).
2026-08-04 12:04:05.572 | INFO    |test_encontro_contas:test_preparar_atualizacoes_atualiza_exatamente_os_seis_campos_da_v2:128 - [STEP] Finalizando: preparar_atualizacoes_despesa_contestacao | Tempo gasto: 0.0s
2026-08-04 12:04:05.585 | INFO    |comum.dados.repositorio_cache:__init__:77 - Inicializando conexão com o banco no ambiente [dev]
2026-08-04 12:04:05.586 | INFO    |comum.dados.repositorio_cache:__init__:77 - Utilizando SQLite local [C:\Users\btime\AppData\Local\Temp\detraf_epico4_teste_m592j732\TABELAS_DETRAF_TESTE.db]
2026-08-04 12:04:05.588 | INFO    |test_geracao_agi_controller:test_gerar_cont_proc_grava_arquivo_e_regrava_o_sinal:50 - [STEP] Iniciando: GeracaoAgiController.gerar_cont_proc
2026-08-04 12:04:05.588 | INFO    |src.controllers.geracao_agi_controller:gerar_cont_proc:54 - [STEP] Iniciando: montar_linhas_cont_proc
2026-08-04 12:04:05.588 | INFO    |src.services.geracao_cont_proc:montar_linhas_cont_proc:195 - [STEP] Iniciando: selecionar_linhas_contestadas
2026-08-04 12:04:05.589 | INFO    |comum.dados.repositorio_cache:obter_tabela:169 - Carregando tabela [tbl_rpa_log_detraf_despesa_contestacao]
2026-08-04 12:04:05.591 | INFO    |comum.dados.repositorio_cache:obter_tabela:169 - Tabela [tbl_rpa_log_detraf_despesa_contestacao] carregada | Linhas: 2 | Colunas: 18
2026-08-04 12:04:05.593 | INFO    |comum.utils.decoradores:wrapper:22 - [HU-16 CONT_PROC] 1 linha(s) contestada(s).
2026-08-04 12:04:05.593 | INFO    |src.services.geracao_cont_proc:montar_linhas_cont_proc:195 - [STEP] Finalizando: selecionar_linhas_contestadas | Tempo gasto: 0.0s
2026-08-04 12:04:05.594 | INFO    |comum.utils.decoradores:wrapper:22 - [HU-16 CONT_PROC] 1 linha(s) montada(s) (T-100+T-101 completos).
2026-08-04 12:04:05.594 | INFO    |src.controllers.geracao_agi_controller:gerar_cont_proc:54 - [STEP] Finalizando: montar_linhas_cont_proc | Tempo gasto: 0.01s
2026-08-04 12:04:05.594 | INFO    |src.controllers.geracao_agi_controller:gerar_cont_proc:60 - [STEP] Iniciando: gerar_arquivo_cont_proc
2026-08-04 12:04:05.709 | INFO    |comum.utils.decoradores:wrapper:22 - [HU-16 CONT_PROC] Arquivo gravado em [C:\Users\btime\AppData\Local\Temp\pytest-of-btime\pytest-277\test_gerar_cont_proc_grava_arq0\Claro\2025\202507\AGI\CONT_PROC_MASCARA_Claro_202507.xlsx].
2026-08-04 12:04:05.709 | INFO    |src.controllers.geracao_agi_controller:gerar_cont_proc:60 - [STEP] Finalizando: gerar_arquivo_cont_proc | Tempo gasto: 0.12s
2026-08-04 12:04:05.709 | INFO    |src.controllers.geracao_agi_controller:gerar_cont_proc:70 - [STEP] Iniciando: selecionar_linhas_contestadas
2026-08-04 12:04:05.712 | INFO    |comum.utils.decoradores:wrapper:22 - [HU-16 CONT_PROC] 1 linha(s) contestada(s).
2026-08-04 12:04:05.712 | INFO    |src.controllers.geracao_agi_controller:gerar_cont_proc:70 - [STEP] Finalizando: selecionar_linhas_contestadas | Tempo gasto: 0.0s
2026-08-04 12:04:05.715 | INFO    |comum.dados.repositorio_tabelas:_atualizar_contestacao_em_lote:864 - 1 linha(s) atualizada(s) em [tbl_rpa_log_detraf_despesa_contestacao].
2026-08-04 12:04:05.715 | INFO    |comum.dados.repositorio_cache:recarregar_cache_local:330 - Carregando tabela [tbl_rpa_log_detraf_despesa_contestacao]
2026-08-04 12:04:05.716 | INFO    |comum.dados.repositorio_cache:recarregar_cache_local:330 - Tabela [tbl_rpa_log_detraf_despesa_contestacao] carregada | Linhas: 2 | Colunas: 18
2026-08-04 12:04:05.716 | INFO    |comum.dados.repositorio_tabelas:atualizar_tipo_contestacao:930 - [HU-16 Writeback tipo_contestacao] 1 linha(s) atualizada(s), 0 chave(s) ausente(s).
2026-08-04 12:04:05.716 | INFO    |test_geracao_agi_controller:test_gerar_cont_proc_grava_arquivo_e_regrava_o_sinal:50 - [STEP] Finalizando: GeracaoAgiController.gerar_cont_proc | Tempo gasto: 0.13s
2026-08-04 12:04:05.721 | INFO    |comum.dados.repositorio_cache:__init__:77 - Inicializando conexão com o banco no ambiente [dev]
2026-08-04 12:04:05.721 | INFO    |comum.dados.repositorio_cache:__init__:77 - Utilizando SQLite local [C:\Users\btime\AppData\Local\Temp\detraf_epico4_teste_m592j732\TABELAS_DETRAF_TESTE.db]
2026-08-04 12:04:05.723 | INFO    |test_geracao_agi_controller:test_gerar_cont_proc_sem_contestacao_nao_gera_nem_regrava:67 - [STEP] Iniciando: GeracaoAgiController.gerar_cont_proc
2026-08-04 12:04:05.724 | INFO    |src.controllers.geracao_agi_controller:gerar_cont_proc:54 - [STEP] Iniciando: montar_linhas_cont_proc
2026-08-04 12:04:05.724 | INFO    |src.services.geracao_cont_proc:montar_linhas_cont_proc:195 - [STEP] Iniciando: selecionar_linhas_contestadas
2026-08-04 12:04:05.725 | INFO    |comum.dados.repositorio_cache:obter_tabela:169 - Carregando tabela [tbl_rpa_log_detraf_despesa_contestacao]
2026-08-04 12:04:05.726 | INFO    |comum.dados.repositorio_cache:obter_tabela:169 - Tabela [tbl_rpa_log_detraf_despesa_contestacao] carregada | Linhas: 2 | Colunas: 18
2026-08-04 12:04:05.727 | INFO    |src.services.geracao_cont_proc:selecionar_linhas_contestadas:115 - Sinal de contestação não encontrado para [operadora=999, tbra=011, referencia=202507, trafego=202507, remuneracao=TU-COM] — tratado como sem contestação.
2026-08-04 12:04:05.728 | INFO    |comum.utils.decoradores:wrapper:22 - [HU-16 CONT_PROC] Nenhuma combinação com sinal do analista (todas 'sem contestação' apesar da variação).
2026-08-04 12:04:05.728 | INFO    |src.services.geracao_cont_proc:montar_linhas_cont_proc:195 - [STEP] Finalizando: selecionar_linhas_contestadas | Tempo gasto: 0.0s
2026-08-04 12:04:05.729 | INFO    |src.controllers.geracao_agi_controller:gerar_cont_proc:54 - [STEP] Finalizando: montar_linhas_cont_proc | Tempo gasto: 0.01s
2026-08-04 12:04:05.729 | INFO    |src.controllers.geracao_agi_controller:gerar_cont_proc:60 - [STEP] Iniciando: gerar_arquivo_cont_proc
2026-08-04 12:04:05.729 | INFO    |comum.utils.decoradores:wrapper:22 - [HU-16 CONT_PROC] Nada a gravar (nenhuma linha a contestar).
2026-08-04 12:04:05.729 | INFO    |src.controllers.geracao_agi_controller:gerar_cont_proc:60 - [STEP] Finalizando: gerar_arquivo_cont_proc | Tempo gasto: 0.0s
2026-08-04 12:04:05.729 | INFO    |test_geracao_agi_controller:test_gerar_cont_proc_sem_contestacao_nao_gera_nem_regrava:67 - [STEP] Finalizando: GeracaoAgiController.gerar_cont_proc | Tempo gasto: 0.01s
2026-08-04 12:04:05.732 | INFO    |comum.dados.repositorio_cache:__init__:77 - Inicializando conexão com o banco no ambiente [dev]
2026-08-04 12:04:05.732 | INFO    |comum.dados.repositorio_cache:__init__:77 - Utilizando SQLite local [C:\Users\btime\AppData\Local\Temp\detraf_epico4_teste_m592j732\TABELAS_DETRAF_TESTE.db]
2026-08-04 12:04:05.733 | INFO    |test_geracao_agi_controller:test_atualizar_despesa_contestacao_delega_e_devolve_o_resumo:78 - [STEP] Iniciando: GeracaoAgiController.atualizar_despesa_contestacao
2026-08-04 12:04:05.733 | INFO    |src.controllers.geracao_agi_controller:atualizar_despesa_contestacao:90 - [STEP] Iniciando: preparar_atualizacoes_despesa_contestacao
2026-08-04 12:04:05.734 | INFO    |comum.utils.decoradores:wrapper:22 - [HU-19 Despesa Contestação] 1 atualização(ões) preparada(s).
2026-08-04 12:04:05.734 | INFO    |src.controllers.geracao_agi_controller:atualizar_despesa_contestacao:90 - [STEP] Finalizando: preparar_atualizacoes_despesa_contestacao | Tempo gasto: 0.0s
2026-08-04 12:04:05.735 | INFO    |comum.dados.repositorio_cache:obter_tabela:169 - Carregando tabela [tbl_rpa_log_detraf_despesa_contestacao]
2026-08-04 12:04:05.737 | INFO    |comum.dados.repositorio_cache:obter_tabela:169 - Tabela [tbl_rpa_log_detraf_despesa_contestacao] carregada | Linhas: 2 | Colunas: 18
2026-08-04 12:04:05.742 | INFO    |comum.dados.repositorio_tabelas:_atualizar_contestacao_em_lote:864 - 1 linha(s) atualizada(s) em [tbl_rpa_log_detraf_despesa_contestacao].
2026-08-04 12:04:05.743 | INFO    |comum.dados.repositorio_cache:recarregar_cache_local:330 - Carregando tabela [tbl_rpa_log_detraf_despesa_contestacao]
2026-08-04 12:04:05.744 | INFO    |comum.dados.repositorio_cache:recarregar_cache_local:330 - Tabela [tbl_rpa_log_detraf_despesa_contestacao] carregada | Linhas: 2 | Colunas: 18
2026-08-04 12:04:05.744 | INFO    |comum.dados.repositorio_tabelas:atualizar_despesa_contestacao:903 - [HU-19 Despesa Contestação] 1 linha(s) atualizada(s), 0 chave(s) ausente(s).
2026-08-04 12:04:05.744 | INFO    |test_geracao_agi_controller:test_atualizar_despesa_contestacao_delega_e_devolve_o_resumo:78 - [STEP] Finalizando: GeracaoAgiController.atualizar_despesa_contestacao | Tempo gasto: 0.01s
2026-08-04 12:04:05.747 | INFO    |test_geracao_cont_proc:test_df_vazio_retorna_vazio:48 - [STEP] Iniciando: montar_linhas_cont_proc
2026-08-04 12:04:05.747 | INFO    |src.services.geracao_cont_proc:montar_linhas_cont_proc:195 - [STEP] Iniciando: selecionar_linhas_contestadas
2026-08-04 12:04:05.747 | INFO    |src.services.geracao_cont_proc:montar_linhas_cont_proc:195 - [STEP] Finalizando: selecionar_linhas_contestadas | Tempo gasto: 0.0s
2026-08-04 12:04:05.747 | INFO    |test_geracao_cont_proc:test_df_vazio_retorna_vazio:48 - [STEP] Finalizando: montar_linhas_cont_proc | Tempo gasto: 0.0s
2026-08-04 12:04:05.749 | INFO    |test_geracao_cont_proc:test_exclui_linhas_sem_contestacao_a_enviar:56 - [STEP] Iniciando: montar_linhas_cont_proc
2026-08-04 12:04:05.749 | INFO    |src.services.geracao_cont_proc:montar_linhas_cont_proc:195 - [STEP] Iniciando: selecionar_linhas_contestadas
2026-08-04 12:04:05.749 | INFO    |comum.utils.decoradores:wrapper:22 - [HU-16 CONT_PROC] Nenhuma combinação com 'contestacao_a_enviar'=S.
2026-08-04 12:04:05.750 | INFO    |src.services.geracao_cont_proc:montar_linhas_cont_proc:195 - [STEP] Finalizando: selecionar_linhas_contestadas | Tempo gasto: 0.0s
2026-08-04 12:04:05.750 | INFO    |test_geracao_cont_proc:test_exclui_linhas_sem_contestacao_a_enviar:56 - [STEP] Finalizando: montar_linhas_cont_proc | Tempo gasto: 0.0s
2026-08-04 12:04:05.751 | INFO    |test_geracao_cont_proc:test_exclui_linha_com_flag_s_mas_sem_sinal_do_analista:65 - [STEP] Iniciando: montar_linhas_cont_proc
2026-08-04 12:04:05.752 | INFO    |src.services.geracao_cont_proc:montar_linhas_cont_proc:195 - [STEP] Iniciando: selecionar_linhas_contestadas
2026-08-04 12:04:05.753 | INFO    |comum.utils.decoradores:wrapper:22 - [HU-16 CONT_PROC] Nenhuma combinação com sinal do analista (todas 'sem contestação' apesar da variação).
2026-08-04 12:04:05.754 | INFO    |src.services.geracao_cont_proc:montar_linhas_cont_proc:195 - [STEP] Finalizando: selecionar_linhas_contestadas | Tempo gasto: 0.0s
2026-08-04 12:04:05.754 | INFO    |test_geracao_cont_proc:test_exclui_linha_com_flag_s_mas_sem_sinal_do_analista:65 - [STEP] Finalizando: montar_linhas_cont_proc | Tempo gasto: 0.0s
2026-08-04 12:04:05.755 | INFO    |test_geracao_cont_proc:test_flag_pag_rec_com_retencao:73 - [STEP] Iniciando: montar_linhas_cont_proc
2026-08-04 12:04:05.756 | INFO    |src.services.geracao_cont_proc:montar_linhas_cont_proc:195 - [STEP] Iniciando: selecionar_linhas_contestadas
2026-08-04 12:04:05.757 | INFO    |comum.utils.decoradores:wrapper:22 - [HU-16 CONT_PROC] 1 linha(s) contestada(s).
2026-08-04 12:04:05.757 | INFO    |src.services.geracao_cont_proc:montar_linhas_cont_proc:195 - [STEP] Finalizando: selecionar_linhas_contestadas | Tempo gasto: 0.0s
2026-08-04 12:04:05.758 | INFO    |comum.utils.decoradores:wrapper:22 - [HU-16 CONT_PROC] 1 linha(s) montada(s) (T-100+T-101 completos).
2026-08-04 12:04:05.758 | INFO    |test_geracao_cont_proc:test_flag_pag_rec_com_retencao:73 - [STEP] Finalizando: montar_linhas_cont_proc | Tempo gasto: 0.0s
2026-08-04 12:04:05.759 | INFO    |test_geracao_cont_proc:test_flag_pag_rec_sem_retencao:89 - [STEP] Iniciando: montar_linhas_cont_proc
2026-08-04 12:04:05.759 | INFO    |src.services.geracao_cont_proc:montar_linhas_cont_proc:195 - [STEP] Iniciando: selecionar_linhas_contestadas
2026-08-04 12:04:05.761 | INFO    |comum.utils.decoradores:wrapper:22 - [HU-16 CONT_PROC] 1 linha(s) contestada(s).
2026-08-04 12:04:05.761 | INFO    |src.services.geracao_cont_proc:montar_linhas_cont_proc:195 - [STEP] Finalizando: selecionar_linhas_contestadas | Tempo gasto: 0.0s
2026-08-04 12:04:05.762 | INFO    |comum.utils.decoradores:wrapper:22 - [HU-16 CONT_PROC] 1 linha(s) montada(s) (T-100+T-101 completos).
2026-08-04 12:04:05.762 | INFO    |test_geracao_cont_proc:test_flag_pag_rec_sem_retencao:89 - [STEP] Finalizando: montar_linhas_cont_proc | Tempo gasto: 0.0s
2026-08-04 12:04:05.763 | INFO    |test_geracao_cont_proc:test_multiplas_linhas_mistas:105 - [STEP] Iniciando: montar_linhas_cont_proc
2026-08-04 12:04:05.763 | INFO    |src.services.geracao_cont_proc:montar_linhas_cont_proc:195 - [STEP] Iniciando: selecionar_linhas_contestadas
2026-08-04 12:04:05.764 | INFO    |comum.utils.decoradores:wrapper:22 - [HU-16 CONT_PROC] 1 linha(s) contestada(s).
2026-08-04 12:04:05.764 | INFO    |src.services.geracao_cont_proc:montar_linhas_cont_proc:195 - [STEP] Finalizando: selecionar_linhas_contestadas | Tempo gasto: 0.0s
2026-08-04 12:04:05.765 | INFO    |comum.utils.decoradores:wrapper:22 - [HU-16 CONT_PROC] 1 linha(s) montada(s) (T-100+T-101 completos).
2026-08-04 12:04:05.765 | INFO    |test_geracao_cont_proc:test_multiplas_linhas_mistas:105 - [STEP] Finalizando: montar_linhas_cont_proc | Tempo gasto: 0.0s
2026-08-04 12:04:05.767 | INFO    |test_geracao_cont_proc:test_duracao_e_vlr_bruto_sao_negativos_da_diferenca:120 - [STEP] Iniciando: montar_linhas_cont_proc
2026-08-04 12:04:05.767 | INFO    |src.services.geracao_cont_proc:montar_linhas_cont_proc:195 - [STEP] Iniciando: selecionar_linhas_contestadas
2026-08-04 12:04:05.768 | INFO    |comum.utils.decoradores:wrapper:22 - [HU-16 CONT_PROC] 1 linha(s) contestada(s).
2026-08-04 12:04:05.768 | INFO    |src.services.geracao_cont_proc:montar_linhas_cont_proc:195 - [STEP] Finalizando: selecionar_linhas_contestadas | Tempo gasto: 0.0s
2026-08-04 12:04:05.769 | INFO    |comum.utils.decoradores:wrapper:22 - [HU-16 CONT_PROC] 1 linha(s) montada(s) (T-100+T-101 completos).
2026-08-04 12:04:05.770 | INFO    |test_geracao_cont_proc:test_duracao_e_vlr_bruto_sao_negativos_da_diferenca:120 - [STEP] Finalizando: montar_linhas_cont_proc | Tempo gasto: 0.0s
2026-08-04 12:04:05.771 | INFO    |test_geracao_cont_proc:test_remuneracao_fixa_vem_do_contest:131 - [STEP] Iniciando: montar_linhas_cont_proc
2026-08-04 12:04:05.771 | INFO    |src.services.geracao_cont_proc:montar_linhas_cont_proc:195 - [STEP] Iniciando: selecionar_linhas_contestadas
2026-08-04 12:04:05.772 | INFO    |comum.utils.decoradores:wrapper:22 - [HU-16 CONT_PROC] 1 linha(s) contestada(s).
2026-08-04 12:04:05.773 | INFO    |src.services.geracao_cont_proc:montar_linhas_cont_proc:195 - [STEP] Finalizando: selecionar_linhas_contestadas | Tempo gasto: 0.0s
2026-08-04 12:04:05.773 | INFO    |comum.utils.decoradores:wrapper:22 - [HU-16 CONT_PROC] 1 linha(s) montada(s) (T-100+T-101 completos).
2026-08-04 12:04:05.774 | INFO    |test_geracao_cont_proc:test_remuneracao_fixa_vem_do_contest:131 - [STEP] Finalizando: montar_linhas_cont_proc | Tempo gasto: 0.0s
2026-08-04 12:04:05.775 | INFO    |test_geracao_cont_proc:test_id_modalidade_e_sempre_00:142 - [STEP] Iniciando: montar_linhas_cont_proc
2026-08-04 12:04:05.775 | INFO    |src.services.geracao_cont_proc:montar_linhas_cont_proc:195 - [STEP] Iniciando: selecionar_linhas_contestadas
2026-08-04 12:04:05.776 | INFO    |comum.utils.decoradores:wrapper:22 - [HU-16 CONT_PROC] 1 linha(s) contestada(s).
2026-08-04 12:04:05.776 | INFO    |src.services.geracao_cont_proc:montar_linhas_cont_proc:195 - [STEP] Finalizando: selecionar_linhas_contestadas | Tempo gasto: 0.0s
2026-08-04 12:04:05.777 | INFO    |comum.utils.decoradores:wrapper:22 - [HU-16 CONT_PROC] 1 linha(s) montada(s) (T-100+T-101 completos).
2026-08-04 12:04:05.777 | INFO    |test_geracao_cont_proc:test_id_modalidade_e_sempre_00:142 - [STEP] Finalizando: montar_linhas_cont_proc | Tempo gasto: 0.0s
2026-08-04 12:04:05.780 | INFO    |test_geracao_cont_proc:test_gerar_arquivo_nao_grava_quando_vazio:151 - [STEP] Iniciando: gerar_arquivo_cont_proc
2026-08-04 12:04:05.780 | INFO    |comum.utils.decoradores:wrapper:22 - [HU-16 CONT_PROC] Nada a gravar (nenhuma linha a contestar).
2026-08-04 12:04:05.780 | INFO    |test_geracao_cont_proc:test_gerar_arquivo_nao_grava_quando_vazio:151 - [STEP] Finalizando: gerar_arquivo_cont_proc | Tempo gasto: 0.0s
2026-08-04 12:04:05.782 | INFO    |test_geracao_cont_proc:test_gerar_arquivo_grava_no_caminho_e_nome_corretos:161 - [STEP] Iniciando: montar_linhas_cont_proc
2026-08-04 12:04:05.782 | INFO    |src.services.geracao_cont_proc:montar_linhas_cont_proc:195 - [STEP] Iniciando: selecionar_linhas_contestadas
2026-08-04 12:04:05.784 | INFO    |comum.utils.decoradores:wrapper:22 - [HU-16 CONT_PROC] 1 linha(s) contestada(s).
2026-08-04 12:04:05.784 | INFO    |src.services.geracao_cont_proc:montar_linhas_cont_proc:195 - [STEP] Finalizando: selecionar_linhas_contestadas | Tempo gasto: 0.0s
2026-08-04 12:04:05.785 | INFO    |comum.utils.decoradores:wrapper:22 - [HU-16 CONT_PROC] 1 linha(s) montada(s) (T-100+T-101 completos).
2026-08-04 12:04:05.785 | INFO    |test_geracao_cont_proc:test_gerar_arquivo_grava_no_caminho_e_nome_corretos:161 - [STEP] Finalizando: montar_linhas_cont_proc | Tempo gasto: 0.0s
2026-08-04 12:04:05.786 | INFO    |test_geracao_cont_proc:test_gerar_arquivo_grava_no_caminho_e_nome_corretos:163 - [STEP] Iniciando: gerar_arquivo_cont_proc
2026-08-04 12:04:05.792 | INFO    |comum.utils.decoradores:wrapper:22 - [HU-16 CONT_PROC] Arquivo gravado em [C:\Users\btime\AppData\Local\Temp\pytest-of-btime\pytest-277\test_gerar_arquivo_grava_no_ca0\Claro\2025\202507\AGI\CONT_PROC_MASCARA_Claro_202507.xlsx].
2026-08-04 12:04:05.792 | INFO    |test_geracao_cont_proc:test_gerar_arquivo_grava_no_caminho_e_nome_corretos:163 - [STEP] Finalizando: gerar_arquivo_cont_proc | Tempo gasto: 0.01s
2026-08-04 12:04:05.793 | INFO    |test_geracao_cont_proc:test_gate_df_vazio_retorna_vazio_com_o_schema_da_chave:187 - [STEP] Iniciando: selecionar_linhas_contestadas
2026-08-04 12:04:05.794 | INFO    |test_geracao_cont_proc:test_gate_df_vazio_retorna_vazio_com_o_schema_da_chave:187 - [STEP] Finalizando: selecionar_linhas_contestadas | Tempo gasto: 0.0s
2026-08-04 12:04:05.795 | INFO    |test_geracao_cont_proc:test_gate_cenario_sem_contestacao_exclui_linha:199 - [STEP] Iniciando: selecionar_linhas_contestadas
2026-08-04 12:04:05.795 | INFO    |comum.utils.decoradores:wrapper:22 - [HU-16 CONT_PROC] Nenhuma combinação com 'contestacao_a_enviar'=S.
2026-08-04 12:04:05.796 | INFO    |test_geracao_cont_proc:test_gate_cenario_sem_contestacao_exclui_linha:199 - [STEP] Finalizando: selecionar_linhas_contestadas | Tempo gasto: 0.0s
2026-08-04 12:04:05.797 | INFO    |test_geracao_cont_proc:test_gate_flag_s_sem_sinal_do_analista_exclui_linha:207 - [STEP] Iniciando: selecionar_linhas_contestadas
2026-08-04 12:04:05.798 | INFO    |comum.utils.decoradores:wrapper:22 - [HU-16 CONT_PROC] Nenhuma combinação com sinal do analista (todas 'sem contestação' apesar da variação).
2026-08-04 12:04:05.799 | INFO    |test_geracao_cont_proc:test_gate_flag_s_sem_sinal_do_analista_exclui_linha:207 - [STEP] Finalizando: selecionar_linhas_contestadas | Tempo gasto: 0.0s
2026-08-04 12:04:05.800 | INFO    |test_geracao_cont_proc:test_gate_cenarios_sem_e_com_retencao_selecionam_a_linha:215 - [STEP] Iniciando: selecionar_linhas_contestadas
2026-08-04 12:04:05.802 | INFO    |comum.utils.decoradores:wrapper:22 - [HU-16 CONT_PROC] 1 linha(s) contestada(s).
2026-08-04 12:04:05.802 | INFO    |test_geracao_cont_proc:test_gate_cenarios_sem_e_com_retencao_selecionam_a_linha:215 - [STEP] Finalizando: selecionar_linhas_contestadas | Tempo gasto: 0.0s
2026-08-04 12:04:05.804 | INFO    |test_geracao_cont_proc:test_gate_cenarios_sem_e_com_retencao_selecionam_a_linha:215 - [STEP] Iniciando: selecionar_linhas_contestadas
2026-08-04 12:04:05.806 | INFO    |comum.utils.decoradores:wrapper:22 - [HU-16 CONT_PROC] 1 linha(s) contestada(s).
2026-08-04 12:04:05.807 | INFO    |test_geracao_cont_proc:test_gate_cenarios_sem_e_com_retencao_selecionam_a_linha:215 - [STEP] Finalizando: selecionar_linhas_contestadas | Tempo gasto: 0.0s
2026-08-04 12:04:05.808 | INFO    |test_geracao_cont_proc:test_gate_preserva_o_indice_do_contest:239 - [STEP] Iniciando: selecionar_linhas_contestadas
2026-08-04 12:04:05.810 | INFO    |comum.utils.decoradores:wrapper:22 - [HU-16 CONT_PROC] 1 linha(s) contestada(s).
2026-08-04 12:04:05.810 | INFO    |test_geracao_cont_proc:test_gate_preserva_o_indice_do_contest:239 - [STEP] Finalizando: selecionar_linhas_contestadas | Tempo gasto: 0.0s
2026-08-04 12:04:05.811 | INFO    |test_geracao_cont_proc:test_gate_consulta_o_sinal_uma_vez_por_chave_unica:269 - [STEP] Iniciando: selecionar_linhas_contestadas
2026-08-04 12:04:05.812 | INFO    |comum.utils.decoradores:wrapper:22 - [HU-16 CONT_PROC] 3 linha(s) contestada(s).
2026-08-04 12:04:05.812 | INFO    |test_geracao_cont_proc:test_gate_consulta_o_sinal_uma_vez_por_chave_unica:269 - [STEP] Finalizando: selecionar_linhas_contestadas | Tempo gasto: 0.0s
2026-08-04 12:04:05.814 | INFO    |test_geracao_env_carta:test_pasta_inexistente_levanta_erro:31 - [STEP] Iniciando: obter_proximo_numero_carta
2026-08-04 12:04:05.815 | INFO    |test_geracao_env_carta:test_pasta_inexistente_levanta_erro:31 - [STEP] Finalizando: obter_proximo_numero_carta | Tempo gasto: 0.0s
2026-08-04 12:04:05.817 | INFO    |test_geracao_env_carta:test_pasta_vazia_levanta_erro:39 - [STEP] Iniciando: obter_proximo_numero_carta
2026-08-04 12:04:05.817 | INFO    |test_geracao_env_carta:test_pasta_vazia_levanta_erro:39 - [STEP] Finalizando: obter_proximo_numero_carta | Tempo gasto: 0.0s
2026-08-04 12:04:05.821 | INFO    |test_geracao_env_carta:test_pasta_sem_carta_reconhecivel_levanta_erro:50 - [STEP] Iniciando: obter_proximo_numero_carta
2026-08-04 12:04:05.821 | INFO    |test_geracao_env_carta:test_pasta_sem_carta_reconhecivel_levanta_erro:50 - [STEP] Finalizando: obter_proximo_numero_carta | Tempo gasto: 0.0s
2026-08-04 12:04:05.824 | INFO    |test_geracao_env_carta:test_pasta_vazia_com_numero_inicial_configurado:65 - [STEP] Iniciando: obter_proximo_numero_carta
2026-08-04 12:04:05.824 | WARNING |comum.utils.decoradores:wrapper:22 - [HU-14] Nenhuma carta CT em [C:\Users\btime\AppData\Local\Temp\pytest-of-btime\pytest-277\test_pasta_vazia_com_numero_in0\CT\2026] — iniciando a sequência em 500 (CT_NUMERO_INICIAL).
2026-08-04 12:04:05.824 | INFO    |test_geracao_env_carta:test_pasta_vazia_com_numero_inicial_configurado:65 - [STEP] Finalizando: obter_proximo_numero_carta | Tempo gasto: 0.0s
2026-08-04 12:04:05.826 | INFO    |test_geracao_env_carta:test_numero_inicial_nao_sobrepoe_sequencia_existente:78 - [STEP] Iniciando: obter_proximo_numero_carta
2026-08-04 12:04:05.827 | INFO    |comum.utils.decoradores:wrapper:22 - [HU-14] Último número CT encontrado: 362. Próximo: 363.
2026-08-04 12:04:05.827 | INFO    |test_geracao_env_carta:test_numero_inicial_nao_sobrepoe_sequencia_existente:78 - [STEP] Finalizando: obter_proximo_numero_carta | Tempo gasto: 0.0s
2026-08-04 12:04:05.829 | INFO    |test_geracao_env_carta:test_encontra_maior_numero_e_soma_um:87 - [STEP] Iniciando: obter_proximo_numero_carta
2026-08-04 12:04:05.830 | INFO    |comum.utils.decoradores:wrapper:22 - [HU-14] Último número CT encontrado: 362. Próximo: 363.
2026-08-04 12:04:05.830 | INFO    |test_geracao_env_carta:test_encontra_maior_numero_e_soma_um:87 - [STEP] Finalizando: obter_proximo_numero_carta | Tempo gasto: 0.0s
2026-08-04 12:04:05.833 | INFO    |test_geracao_env_carta:test_tolera_variacoes_de_grafia:98 - [STEP] Iniciando: obter_proximo_numero_carta
2026-08-04 12:04:05.833 | INFO    |comum.utils.decoradores:wrapper:22 - [HU-14] Último número CT encontrado: 334. Próximo: 335.
2026-08-04 12:04:05.833 | INFO    |test_geracao_env_carta:test_tolera_variacoes_de_grafia:98 - [STEP] Finalizando: obter_proximo_numero_carta | Tempo gasto: 0.0s
2026-08-04 12:04:05.837 | INFO    |test_geracao_env_carta:test_ignora_arquivos_sem_padrao_ct:107 - [STEP] Iniciando: obter_proximo_numero_carta
2026-08-04 12:04:05.837 | INFO    |comum.utils.decoradores:wrapper:22 - [HU-14] Último número CT encontrado: 100. Próximo: 101.
2026-08-04 12:04:05.837 | INFO    |test_geracao_env_carta:test_ignora_arquivos_sem_padrao_ct:107 - [STEP] Finalizando: obter_proximo_numero_carta | Tempo gasto: 0.0s
2026-08-04 12:04:05.840 | INFO    |src.services.geracao_env_carta:nome_proxima_carta:159 - [STEP] Iniciando: obter_proximo_numero_carta
2026-08-04 12:04:05.840 | INFO    |comum.utils.decoradores:wrapper:22 - [HU-14] Último número CT encontrado: 362. Próximo: 363.
2026-08-04 12:04:05.840 | INFO    |src.services.geracao_env_carta:nome_proxima_carta:159 - [STEP] Finalizando: obter_proximo_numero_carta | Tempo gasto: 0.0s
2026-08-04 12:04:05.842 | INFO    |comum.dados.repositorio_cache:__init__:77 - Inicializando conexão com o banco no ambiente [dev]
2026-08-04 12:04:05.842 | INFO    |comum.dados.repositorio_cache:__init__:77 - Utilizando SQLite local [C:\Users\btime\AppData\Local\Temp\detraf_epico4_teste_m592j732\TABELAS_DETRAF_TESTE.db]
2026-08-04 12:04:05.842 | INFO    |comum.dados.repositorio_cache:obter_tabela:169 - Carregando tabela [tbl_detraf_mapeamento_descritores]
2026-08-04 12:04:05.844 | INFO    |comum.dados.repositorio_cache:obter_tabela:169 - Tabela [tbl_detraf_mapeamento_descritores] carregada | Linhas: 25 | Colunas: 5
2026-08-04 12:04:05.847 | INFO    |test_geracao_env_carta:test_montar_abas_env_vazio_quando_sem_contestacao:168 - [STEP] Iniciando: montar_abas_env
2026-08-04 12:04:05.847 | INFO    |comum.utils.decoradores:wrapper:22 - [HU-14 _ENV] Nenhuma linha contestada — abas ficam vazias.
2026-08-04 12:04:05.847 | INFO    |test_geracao_env_carta:test_montar_abas_env_vazio_quando_sem_contestacao:168 - [STEP] Finalizando: montar_abas_env | Tempo gasto: 0.0s
2026-08-04 12:04:05.850 | INFO    |comum.dados.repositorio_cache:__init__:77 - Inicializando conexão com o banco no ambiente [dev]
2026-08-04 12:04:05.850 | INFO    |comum.dados.repositorio_cache:__init__:77 - Utilizando SQLite local [C:\Users\btime\AppData\Local\Temp\detraf_epico4_teste_m592j732\TABELAS_DETRAF_TESTE.db]
2026-08-04 12:04:05.850 | INFO    |comum.dados.repositorio_cache:obter_tabela:169 - Carregando tabela [tbl_detraf_mapeamento_descritores]
2026-08-04 12:04:05.852 | INFO    |comum.dados.repositorio_cache:obter_tabela:169 - Tabela [tbl_detraf_mapeamento_descritores] carregada | Linhas: 25 | Colunas: 5
2026-08-04 12:04:05.855 | INFO    |test_geracao_env_carta:test_montar_abas_env_exclui_sem_sinal_do_analista:181 - [STEP] Iniciando: montar_abas_env
2026-08-04 12:04:05.856 | INFO    |comum.utils.decoradores:wrapper:22 - [HU-14 _ENV] Nenhuma linha contestada — abas ficam vazias.
2026-08-04 12:04:05.857 | INFO    |test_geracao_env_carta:test_montar_abas_env_exclui_sem_sinal_do_analista:181 - [STEP] Finalizando: montar_abas_env | Tempo gasto: 0.0s
2026-08-04 12:04:05.859 | INFO    |comum.dados.repositorio_cache:__init__:77 - Inicializando conexão com o banco no ambiente [dev]
2026-08-04 12:04:05.859 | INFO    |comum.dados.repositorio_cache:__init__:77 - Utilizando SQLite local [C:\Users\btime\AppData\Local\Temp\detraf_epico4_teste_m592j732\TABELAS_DETRAF_TESTE.db]
2026-08-04 12:04:05.859 | INFO    |comum.dados.repositorio_cache:obter_tabela:169 - Carregando tabela [tbl_detraf_mapeamento_descritores]
2026-08-04 12:04:05.861 | INFO    |comum.dados.repositorio_cache:obter_tabela:169 - Tabela [tbl_detraf_mapeamento_descritores] carregada | Linhas: 25 | Colunas: 5
2026-08-04 12:04:05.864 | INFO    |test_geracao_env_carta:test_montar_abas_env_filtra_contest_e_tbra_corretamente:204 - [STEP] Iniciando: montar_abas_env
2026-08-04 12:04:05.867 | INFO    |comum.utils.decoradores:wrapper:22 - [HU-14 _ENV] Contest: 1 linha(s) contestada(s); TBRA: 1 linha(s) correspondente(s).
2026-08-04 12:04:05.867 | INFO    |test_geracao_env_carta:test_montar_abas_env_filtra_contest_e_tbra_corretamente:204 - [STEP] Finalizando: montar_abas_env | Tempo gasto: 0.0s
2026-08-04 12:04:05.870 | INFO    |test_geracao_env_carta:test_gerar_arquivo_env_nao_grava_quando_vazio:216 - [STEP] Iniciando: gerar_arquivo_env
2026-08-04 12:04:05.870 | INFO    |comum.utils.decoradores:wrapper:22 - [HU-14 _ENV] Nada a gravar (nenhuma linha contestada).
2026-08-04 12:04:05.871 | INFO    |test_geracao_env_carta:test_gerar_arquivo_env_nao_grava_quando_vazio:216 - [STEP] Finalizando: gerar_arquivo_env | Tempo gasto: 0.0s
2026-08-04 12:04:05.873 | INFO    |comum.dados.repositorio_cache:__init__:77 - Inicializando conexão com o banco no ambiente [dev]
2026-08-04 12:04:05.873 | INFO    |comum.dados.repositorio_cache:__init__:77 - Utilizando SQLite local [C:\Users\btime\AppData\Local\Temp\detraf_epico4_teste_m592j732\TABELAS_DETRAF_TESTE.db]
2026-08-04 12:04:05.874 | INFO    |comum.dados.repositorio_cache:obter_tabela:169 - Carregando tabela [tbl_detraf_mapeamento_descritores]
2026-08-04 12:04:05.875 | INFO    |comum.dados.repositorio_cache:obter_tabela:169 - Tabela [tbl_detraf_mapeamento_descritores] carregada | Linhas: 25 | Colunas: 5
2026-08-04 12:04:05.878 | INFO    |test_geracao_env_carta:test_gerar_arquivo_env_grava_no_caminho_e_nome_corretos:228 - [STEP] Iniciando: montar_abas_env
2026-08-04 12:04:05.881 | INFO    |comum.utils.decoradores:wrapper:22 - [HU-14 _ENV] Contest: 1 linha(s) contestada(s); TBRA: 1 linha(s) correspondente(s).
2026-08-04 12:04:05.881 | INFO    |test_geracao_env_carta:test_gerar_arquivo_env_grava_no_caminho_e_nome_corretos:228 - [STEP] Finalizando: montar_abas_env | Tempo gasto: 0.0s
2026-08-04 12:04:05.881 | INFO    |test_geracao_env_carta:test_gerar_arquivo_env_grava_no_caminho_e_nome_corretos:231 - [STEP] Iniciando: gerar_arquivo_env
2026-08-04 12:04:05.889 | INFO    |comum.utils.decoradores:wrapper:22 - [HU-14 _ENV] Arquivo gravado em [C:\Users\btime\AppData\Local\Temp\pytest-of-btime\pytest-277\test_gerar_arquivo_env_grava_n0\Claro\2025\202507\Contestações\Base Contestação_Claro_202507_ENV.xlsx].
2026-08-04 12:04:05.889 | INFO    |test_geracao_env_carta:test_gerar_arquivo_env_grava_no_caminho_e_nome_corretos:231 - [STEP] Finalizando: gerar_arquivo_env | Tempo gasto: 0.01s
2026-08-04 12:04:05.896 | INFO    |test_geracao_env_carta:test_montar_tabelas_carta_vazio:280 - [STEP] Iniciando: montar_tabelas_carta
2026-08-04 12:04:05.896 | INFO    |test_geracao_env_carta:test_montar_tabelas_carta_vazio:280 - [STEP] Finalizando: montar_tabelas_carta | Tempo gasto: 0.0s
2026-08-04 12:04:05.897 | INFO    |test_geracao_env_carta:test_montar_tabelas_carta_agrupa_por_remuneracao:291 - [STEP] Iniciando: montar_tabelas_carta
2026-08-04 12:04:05.900 | INFO    |comum.utils.decoradores:wrapper:22 - [HU-14 Carta] 2 tabela(s) de remuneração montada(s).
2026-08-04 12:04:05.900 | INFO    |test_geracao_env_carta:test_montar_tabelas_carta_agrupa_por_remuneracao:291 - [STEP] Finalizando: montar_tabelas_carta | Tempo gasto: 0.0s
2026-08-04 12:04:05.902 | INFO    |test_geracao_env_carta:test_montar_tabelas_carta_linha_total_soma_valores_numericos:306 - [STEP] Iniciando: montar_tabelas_carta
2026-08-04 12:04:05.904 | INFO    |comum.utils.decoradores:wrapper:22 - [HU-14 Carta] 1 tabela(s) de remuneração montada(s).
2026-08-04 12:04:05.904 | INFO    |test_geracao_env_carta:test_montar_tabelas_carta_linha_total_soma_valores_numericos:306 - [STEP] Finalizando: montar_tabelas_carta | Tempo gasto: 0.0s
2026-08-04 12:04:05.906 | INFO    |test_geracao_env_carta:test_montar_tabelas_carta_variacao_perc_em_branco_no_total:317 - [STEP] Iniciando: montar_tabelas_carta
2026-08-04 12:04:05.908 | INFO    |comum.utils.decoradores:wrapper:22 - [HU-14 Carta] 1 tabela(s) de remuneração montada(s).
2026-08-04 12:04:05.908 | INFO    |test_geracao_env_carta:test_montar_tabelas_carta_variacao_perc_em_branco_no_total:317 - [STEP] Finalizando: montar_tabelas_carta | Tempo gasto: 0.0s
2026-08-04 12:04:05.909 | INFO    |test_geracao_env_carta:test_montar_tabelas_carta_nao_inclui_coluna_contestacao_a_enviar:327 - [STEP] Iniciando: montar_tabelas_carta
2026-08-04 12:04:05.911 | INFO    |comum.utils.decoradores:wrapper:22 - [HU-14 Carta] 1 tabela(s) de remuneração montada(s).
2026-08-04 12:04:05.911 | INFO    |test_geracao_env_carta:test_montar_tabelas_carta_nao_inclui_coluna_contestacao_a_enviar:327 - [STEP] Finalizando: montar_tabelas_carta | Tempo gasto: 0.0s
2026-08-04 12:04:05.912 | INFO    |test_geracao_env_carta:test_montar_tabelas_carta_expoe_tipo_operacao_quando_uniforme:337 - [STEP] Iniciando: montar_tabelas_carta
2026-08-04 12:04:05.914 | INFO    |comum.utils.decoradores:wrapper:22 - [HU-14 Carta] 1 tabela(s) de remuneração montada(s).
2026-08-04 12:04:05.914 | INFO    |test_geracao_env_carta:test_montar_tabelas_carta_expoe_tipo_operacao_quando_uniforme:337 - [STEP] Finalizando: montar_tabelas_carta | Tempo gasto: 0.0s
2026-08-04 12:04:05.916 | INFO    |test_geracao_env_carta:test_renderizar_carta_conteudo_basico:363 - [STEP] Iniciando: montar_tabelas_carta
2026-08-04 12:04:05.918 | INFO    |comum.utils.decoradores:wrapper:22 - [HU-14 Carta] 1 tabela(s) de remuneração montada(s).
2026-08-04 12:04:05.918 | INFO    |test_geracao_env_carta:test_renderizar_carta_conteudo_basico:363 - [STEP] Finalizando: montar_tabelas_carta | Tempo gasto: 0.0s
2026-08-04 12:04:05.918 | INFO    |test_geracao_env_carta:test_renderizar_carta_conteudo_basico:367 - [STEP] Iniciando: renderizar_carta
2026-08-04 12:04:05.930 | INFO    |comum.utils.decoradores:wrapper:22 - [HU-14 Carta] Carta CT-363 renderizada (1 tabela(s)).
2026-08-04 12:04:05.931 | INFO    |test_geracao_env_carta:test_renderizar_carta_conteudo_basico:367 - [STEP] Finalizando: renderizar_carta | Tempo gasto: 0.01s
2026-08-04 12:04:05.932 | INFO    |test_geracao_env_carta:test_renderizar_carta_texto_com_retencao:386 - [STEP] Iniciando: montar_tabelas_carta
2026-08-04 12:04:05.935 | INFO    |comum.utils.decoradores:wrapper:22 - [HU-14 Carta] 1 tabela(s) de remuneração montada(s).
2026-08-04 12:04:05.935 | INFO    |test_geracao_env_carta:test_renderizar_carta_texto_com_retencao:386 - [STEP] Finalizando: montar_tabelas_carta | Tempo gasto: 0.0s
2026-08-04 12:04:05.935 | INFO    |test_geracao_env_carta:test_renderizar_carta_texto_com_retencao:390 - [STEP] Iniciando: renderizar_carta
2026-08-04 12:04:05.947 | INFO    |comum.utils.decoradores:wrapper:22 - [HU-14 Carta] Carta CT-1 renderizada (1 tabela(s)).
2026-08-04 12:04:05.947 | INFO    |test_geracao_env_carta:test_renderizar_carta_texto_com_retencao:390 - [STEP] Finalizando: renderizar_carta | Tempo gasto: 0.01s
2026-08-04 12:04:05.949 | INFO    |test_geracao_env_carta:test_renderizar_carta_sem_cidade_usa_padrao_sao_paulo:406 - [STEP] Iniciando: montar_tabelas_carta
2026-08-04 12:04:05.951 | INFO    |comum.utils.decoradores:wrapper:22 - [HU-14 Carta] 1 tabela(s) de remuneração montada(s).
2026-08-04 12:04:05.951 | INFO    |test_geracao_env_carta:test_renderizar_carta_sem_cidade_usa_padrao_sao_paulo:406 - [STEP] Finalizando: montar_tabelas_carta | Tempo gasto: 0.0s
2026-08-04 12:04:05.951 | INFO    |test_geracao_env_carta:test_renderizar_carta_sem_cidade_usa_padrao_sao_paulo:410 - [STEP] Iniciando: renderizar_carta
2026-08-04 12:04:05.962 | INFO    |comum.utils.decoradores:wrapper:22 - [HU-14 Carta] Carta CT-1 renderizada (1 tabela(s)).
2026-08-04 12:04:05.962 | INFO    |test_geracao_env_carta:test_renderizar_carta_sem_cidade_usa_padrao_sao_paulo:410 - [STEP] Finalizando: renderizar_carta | Tempo gasto: 0.01s
2026-08-04 12:04:05.964 | INFO    |test_geracao_env_carta:test_renderizar_carta_aceita_override_de_cidade:424 - [STEP] Iniciando: montar_tabelas_carta
2026-08-04 12:04:05.966 | INFO    |comum.utils.decoradores:wrapper:22 - [HU-14 Carta] 1 tabela(s) de remuneração montada(s).
2026-08-04 12:04:05.966 | INFO    |test_geracao_env_carta:test_renderizar_carta_aceita_override_de_cidade:424 - [STEP] Finalizando: montar_tabelas_carta | Tempo gasto: 0.0s
2026-08-04 12:04:05.966 | INFO    |test_geracao_env_carta:test_renderizar_carta_aceita_override_de_cidade:428 - [STEP] Iniciando: renderizar_carta
2026-08-04 12:04:05.977 | INFO    |comum.utils.decoradores:wrapper:22 - [HU-14 Carta] Carta CT-1 renderizada (1 tabela(s)).
2026-08-04 12:04:05.978 | INFO    |test_geracao_env_carta:test_renderizar_carta_aceita_override_de_cidade:428 - [STEP] Finalizando: renderizar_carta | Tempo gasto: 0.01s
2026-08-04 12:04:05.981 | INFO    |test_geracao_env_carta:test_gerar_arquivo_carta_grava_no_caminho_e_nome_corretos:446 - [STEP] Iniciando: montar_tabelas_carta
2026-08-04 12:04:05.983 | INFO    |comum.utils.decoradores:wrapper:22 - [HU-14 Carta] 1 tabela(s) de remuneração montada(s).
2026-08-04 12:04:05.983 | INFO    |test_geracao_env_carta:test_gerar_arquivo_carta_grava_no_caminho_e_nome_corretos:446 - [STEP] Finalizando: montar_tabelas_carta | Tempo gasto: 0.0s
2026-08-04 12:04:05.983 | INFO    |test_geracao_env_carta:test_gerar_arquivo_carta_grava_no_caminho_e_nome_corretos:449 - [STEP] Iniciando: renderizar_carta
2026-08-04 12:04:05.994 | INFO    |comum.utils.decoradores:wrapper:22 - [HU-14 Carta] Carta CT-363 renderizada (1 tabela(s)).
2026-08-04 12:04:05.995 | INFO    |test_geracao_env_carta:test_gerar_arquivo_carta_grava_no_caminho_e_nome_corretos:449 - [STEP] Finalizando: renderizar_carta | Tempo gasto: 0.01s
2026-08-04 12:04:05.995 | INFO    |test_geracao_env_carta:test_gerar_arquivo_carta_grava_no_caminho_e_nome_corretos:459 - [STEP] Iniciando: gerar_arquivo_carta
2026-08-04 12:04:06.005 | INFO    |comum.utils.decoradores:wrapper:22 - [HU-14 Carta] Carta gravada em [C:\Users\btime\AppData\Local\Temp\pytest-of-btime\pytest-277\test_gerar_arquivo_carta_grava0\operadoras\Claro\2026\202606\Contestações\CT - 363.docx], cópia em [C:\Users\btime\AppData\Local\Temp\pytest-of-btime\pytest-277\test_gerar_arquivo_carta_grava0\controle_ct\2026\CT - 363.docx].
2026-08-04 12:04:06.005 | INFO    |test_geracao_env_carta:test_gerar_arquivo_carta_grava_no_caminho_e_nome_corretos:459 - [STEP] Finalizando: gerar_arquivo_carta | Tempo gasto: 0.01s
2026-08-04 12:04:06.007 | INFO    |test_geracao_env_carta:test_gerar_arquivo_carta_salva_copia_em_controle_ct:474 - [STEP] Iniciando: montar_tabelas_carta
2026-08-04 12:04:06.010 | INFO    |comum.utils.decoradores:wrapper:22 - [HU-14 Carta] 1 tabela(s) de remuneração montada(s).
2026-08-04 12:04:06.010 | INFO    |test_geracao_env_carta:test_gerar_arquivo_carta_salva_copia_em_controle_ct:474 - [STEP] Finalizando: montar_tabelas_carta | Tempo gasto: 0.0s
2026-08-04 12:04:06.010 | INFO    |test_geracao_env_carta:test_gerar_arquivo_carta_salva_copia_em_controle_ct:477 - [STEP] Iniciando: renderizar_carta
2026-08-04 12:04:06.020 | INFO    |comum.utils.decoradores:wrapper:22 - [HU-14 Carta] Carta CT-363 renderizada (1 tabela(s)).
2026-08-04 12:04:06.021 | INFO    |test_geracao_env_carta:test_gerar_arquivo_carta_salva_copia_em_controle_ct:477 - [STEP] Finalizando: renderizar_carta | Tempo gasto: 0.01s
2026-08-04 12:04:06.021 | INFO    |test_geracao_env_carta:test_gerar_arquivo_carta_salva_copia_em_controle_ct:487 - [STEP] Iniciando: gerar_arquivo_carta
2026-08-04 12:04:06.029 | INFO    |comum.utils.decoradores:wrapper:22 - [HU-14 Carta] Carta gravada em [C:\Users\btime\AppData\Local\Temp\pytest-of-btime\pytest-277\test_gerar_arquivo_carta_salva0\operadoras\Claro\2026\202606\Contestações\CT - 363.docx], cópia em [C:\Users\btime\AppData\Local\Temp\pytest-of-btime\pytest-277\test_gerar_arquivo_carta_salva0\controle_ct\2026\CT - 363.docx].
2026-08-04 12:04:06.030 | INFO    |test_geracao_env_carta:test_gerar_arquivo_carta_salva_copia_em_controle_ct:487 - [STEP] Finalizando: gerar_arquivo_carta | Tempo gasto: 0.01s
2026-08-04 12:04:06.039 | INFO    |comum.dados.repositorio_cache:__init__:77 - Inicializando conexão com o banco no ambiente [dev]
2026-08-04 12:04:06.039 | INFO    |comum.dados.repositorio_cache:__init__:77 - Utilizando SQLite local [C:\Users\btime\AppData\Local\Temp\detraf_epico4_teste_m592j732\TABELAS_DETRAF_TESTE.db]
2026-08-04 12:04:06.039 | INFO    |comum.dados.repositorio_cache:obter_tabela:169 - Carregando tabela [tbl_detraf_mapeamento_descritores]
2026-08-04 12:04:06.055 | INFO    |comum.dados.repositorio_cache:obter_tabela:169 - Tabela [tbl_detraf_mapeamento_descritores] carregada | Linhas: 25 | Colunas: 5
2026-08-04 12:04:06.058 | INFO    |test_geracao_ext:test_montar_linhas_ext_vazio_retorna_vazio:44 - [STEP] Iniciando: montar_linhas_ext
2026-08-04 12:04:06.059 | INFO    |test_geracao_ext:test_montar_linhas_ext_vazio_retorna_vazio:44 - [STEP] Finalizando: montar_linhas_ext | Tempo gasto: 0.0s
2026-08-04 12:04:06.061 | INFO    |comum.dados.repositorio_cache:__init__:77 - Inicializando conexão com o banco no ambiente [dev]
2026-08-04 12:04:06.061 | INFO    |comum.dados.repositorio_cache:__init__:77 - Utilizando SQLite local [C:\Users\btime\AppData\Local\Temp\detraf_epico4_teste_m592j732\TABELAS_DETRAF_TESTE.db]
2026-08-04 12:04:06.062 | INFO    |comum.dados.repositorio_cache:obter_tabela:169 - Carregando tabela [tbl_detraf_mapeamento_descritores]
2026-08-04 12:04:06.063 | INFO    |comum.dados.repositorio_cache:obter_tabela:169 - Tabela [tbl_detraf_mapeamento_descritores] carregada | Linhas: 25 | Colunas: 5
2026-08-04 12:04:06.066 | INFO    |test_geracao_ext:test_montar_linhas_ext_cenario_sem_contestacao:54 - [STEP] Iniciando: montar_linhas_ext
2026-08-04 12:04:06.069 | INFO    |comum.utils.decoradores:wrapper:22 - [HU-12 EXT] 1 linha(s) montada(s).
2026-08-04 12:04:06.069 | INFO    |test_geracao_ext:test_montar_linhas_ext_cenario_sem_contestacao:54 - [STEP] Finalizando: montar_linhas_ext | Tempo gasto: 0.0s
2026-08-04 12:04:06.072 | INFO    |comum.dados.repositorio_cache:__init__:77 - Inicializando conexão com o banco no ambiente [dev]
2026-08-04 12:04:06.072 | INFO    |comum.dados.repositorio_cache:__init__:77 - Utilizando SQLite local [C:\Users\btime\AppData\Local\Temp\detraf_epico4_teste_m592j732\TABELAS_DETRAF_TESTE.db]
2026-08-04 12:04:06.072 | INFO    |comum.dados.repositorio_cache:obter_tabela:169 - Carregando tabela [tbl_detraf_mapeamento_descritores]
2026-08-04 12:04:06.074 | INFO    |comum.dados.repositorio_cache:obter_tabela:169 - Tabela [tbl_detraf_mapeamento_descritores] carregada | Linhas: 25 | Colunas: 5
2026-08-04 12:04:06.077 | INFO    |test_geracao_ext:test_montar_linhas_ext_cenario_sem_retencao:69 - [STEP] Iniciando: montar_linhas_ext
2026-08-04 12:04:06.079 | INFO    |comum.utils.decoradores:wrapper:22 - [HU-12 EXT] 1 linha(s) montada(s).
2026-08-04 12:04:06.079 | INFO    |test_geracao_ext:test_montar_linhas_ext_cenario_sem_retencao:69 - [STEP] Finalizando: montar_linhas_ext | Tempo gasto: 0.0s
2026-08-04 12:04:06.082 | INFO    |comum.dados.repositorio_cache:__init__:77 - Inicializando conexão com o banco no ambiente [dev]
2026-08-04 12:04:06.082 | INFO    |comum.dados.repositorio_cache:__init__:77 - Utilizando SQLite local [C:\Users\btime\AppData\Local\Temp\detraf_epico4_teste_m592j732\TABELAS_DETRAF_TESTE.db]
2026-08-04 12:04:06.082 | INFO    |comum.dados.repositorio_cache:obter_tabela:169 - Carregando tabela [tbl_detraf_mapeamento_descritores]
2026-08-04 12:04:06.084 | INFO    |comum.dados.repositorio_cache:obter_tabela:169 - Tabela [tbl_detraf_mapeamento_descritores] carregada | Linhas: 25 | Colunas: 5
2026-08-04 12:04:06.087 | INFO    |test_geracao_ext:test_montar_linhas_ext_cenario_com_retencao:80 - [STEP] Iniciando: montar_linhas_ext
2026-08-04 12:04:06.090 | INFO    |comum.utils.decoradores:wrapper:22 - [HU-12 EXT] 1 linha(s) montada(s).
2026-08-04 12:04:06.090 | INFO    |test_geracao_ext:test_montar_linhas_ext_cenario_com_retencao:80 - [STEP] Finalizando: montar_linhas_ext | Tempo gasto: 0.0s
2026-08-04 12:04:06.093 | INFO    |comum.dados.repositorio_cache:__init__:77 - Inicializando conexão com o banco no ambiente [dev]
2026-08-04 12:04:06.093 | INFO    |comum.dados.repositorio_cache:__init__:77 - Utilizando SQLite local [C:\Users\btime\AppData\Local\Temp\detraf_epico4_teste_m592j732\TABELAS_DETRAF_TESTE.db]
2026-08-04 12:04:06.093 | INFO    |comum.dados.repositorio_cache:obter_tabela:169 - Carregando tabela [tbl_detraf_mapeamento_descritores]
2026-08-04 12:04:06.095 | INFO    |comum.dados.repositorio_cache:obter_tabela:169 - Tabela [tbl_detraf_mapeamento_descritores] carregada | Linhas: 25 | Colunas: 5
2026-08-04 12:04:06.097 | INFO    |test_geracao_ext:test_montar_linhas_ext_descritor_nao_mapeado_mantem_linha:93 - [STEP] Iniciando: montar_linhas_ext
2026-08-04 12:04:06.100 | INFO    |comum.utils.decoradores:wrapper:22 - [HU-12 EXT] 1 linha(s) montada(s).
2026-08-04 12:04:06.100 | INFO    |test_geracao_ext:test_montar_linhas_ext_descritor_nao_mapeado_mantem_linha:93 - [STEP] Finalizando: montar_linhas_ext | Tempo gasto: 0.0s
2026-08-04 12:04:06.103 | INFO    |comum.dados.repositorio_cache:__init__:77 - Inicializando conexão com o banco no ambiente [dev]
2026-08-04 12:04:06.103 | INFO    |comum.dados.repositorio_cache:__init__:77 - Utilizando SQLite local [C:\Users\btime\AppData\Local\Temp\detraf_epico4_teste_m592j732\TABELAS_DETRAF_TESTE.db]
2026-08-04 12:04:06.104 | INFO    |comum.dados.repositorio_cache:obter_tabela:169 - Carregando tabela [tbl_detraf_mapeamento_descritores]
2026-08-04 12:04:06.105 | INFO    |comum.dados.repositorio_cache:obter_tabela:169 - Tabela [tbl_detraf_mapeamento_descritores] carregada | Linhas: 25 | Colunas: 5
2026-08-04 12:04:06.108 | INFO    |test_geracao_ext:test_montar_linhas_ext_mesmo_grupo_compartilha_expectativa:114 - [STEP] Iniciando: montar_linhas_ext
2026-08-04 12:04:06.111 | INFO    |comum.utils.decoradores:wrapper:22 - [HU-12 EXT] 2 linha(s) montada(s).
2026-08-04 12:04:06.111 | INFO    |test_geracao_ext:test_montar_linhas_ext_mesmo_grupo_compartilha_expectativa:114 - [STEP] Finalizando: montar_linhas_ext | Tempo gasto: 0.0s
2026-08-04 12:04:06.115 | INFO    |comum.dados.repositorio_cache:__init__:77 - Inicializando conexão com o banco no ambiente [dev]
2026-08-04 12:04:06.115 | INFO    |comum.dados.repositorio_cache:__init__:77 - Utilizando SQLite local [C:\Users\btime\AppData\Local\Temp\detraf_epico4_teste_m592j732\TABELAS_DETRAF_TESTE.db]
2026-08-04 12:04:06.115 | INFO    |comum.dados.repositorio_cache:obter_tabela:169 - Carregando tabela [tbl_detraf_mapeamento_descritores]
2026-08-04 12:04:06.117 | INFO    |comum.dados.repositorio_cache:obter_tabela:169 - Tabela [tbl_detraf_mapeamento_descritores] carregada | Linhas: 25 | Colunas: 5
2026-08-04 12:04:06.120 | INFO    |test_geracao_ext:test_gerar_arquivo_ext_grava_no_caminho_e_nome_corretos:121 - [STEP] Iniciando: montar_linhas_ext
2026-08-04 12:04:06.123 | INFO    |comum.utils.decoradores:wrapper:22 - [HU-12 EXT] 1 linha(s) montada(s).
2026-08-04 12:04:06.123 | INFO    |test_geracao_ext:test_gerar_arquivo_ext_grava_no_caminho_e_nome_corretos:121 - [STEP] Finalizando: montar_linhas_ext | Tempo gasto: 0.0s
2026-08-04 12:04:06.123 | INFO    |test_geracao_ext:test_gerar_arquivo_ext_grava_no_caminho_e_nome_corretos:125 - [STEP] Iniciando: gerar_arquivo_ext
2026-08-04 12:04:06.130 | INFO    |comum.utils.decoradores:wrapper:22 - [HU-12 EXT] Arquivo gravado em [C:\Users\btime\AppData\Local\Temp\pytest-of-btime\pytest-277\test_gerar_arquivo_ext_grava_n0\Claro\2025\202507\AGI\DE_AGI_D_202507_TBRA_X_CLARO_EXT.xlsx].
2026-08-04 12:04:06.130 | INFO    |test_geracao_ext:test_gerar_arquivo_ext_grava_no_caminho_e_nome_corretos:125 - [STEP] Finalizando: gerar_arquivo_ext | Tempo gasto: 0.01s
2026-08-04 12:04:06.136 | INFO    |comum.dados.repositorio_cache:__init__:77 - Inicializando conexão com o banco no ambiente [dev]
2026-08-04 12:04:06.136 | INFO    |comum.dados.repositorio_cache:__init__:77 - Utilizando SQLite local [C:\Users\btime\AppData\Local\Temp\detraf_epico4_teste_m592j732\TABELAS_DETRAF_TESTE.db]
2026-08-04 12:04:06.136 | INFO    |comum.dados.repositorio_cache:obter_tabela:169 - Carregando tabela [tbl_detraf_mapeamento_descritores]
2026-08-04 12:04:06.138 | INFO    |comum.dados.repositorio_cache:obter_tabela:169 - Tabela [tbl_detraf_mapeamento_descritores] carregada | Linhas: 25 | Colunas: 5
2026-08-04 12:04:06.141 | INFO    |test_geracao_int:test_montar_linhas_int_vazio_retorna_vazio:43 - [STEP] Iniciando: montar_linhas_int
2026-08-04 12:04:06.141 | INFO    |test_geracao_int:test_montar_linhas_int_vazio_retorna_vazio:43 - [STEP] Finalizando: montar_linhas_int | Tempo gasto: 0.0s
2026-08-04 12:04:06.143 | INFO    |comum.dados.repositorio_cache:__init__:77 - Inicializando conexão com o banco no ambiente [dev]
2026-08-04 12:04:06.143 | INFO    |comum.dados.repositorio_cache:__init__:77 - Utilizando SQLite local [C:\Users\btime\AppData\Local\Temp\detraf_epico4_teste_m592j732\TABELAS_DETRAF_TESTE.db]
2026-08-04 12:04:06.144 | INFO    |comum.dados.repositorio_cache:obter_tabela:169 - Carregando tabela [tbl_detraf_mapeamento_descritores]
2026-08-04 12:04:06.145 | INFO    |comum.dados.repositorio_cache:obter_tabela:169 - Tabela [tbl_detraf_mapeamento_descritores] carregada | Linhas: 25 | Colunas: 5
2026-08-04 12:04:06.148 | INFO    |test_geracao_int:test_montar_linhas_int_cenario_sem_contestacao_fica_vazio:53 - [STEP] Iniciando: montar_linhas_int
2026-08-04 12:04:06.150 | INFO    |comum.utils.decoradores:wrapper:22 - [HU-13 INT] Nenhuma linha COM retenção — INT não se aplica a este cenário.
2026-08-04 12:04:06.150 | INFO    |test_geracao_int:test_montar_linhas_int_cenario_sem_contestacao_fica_vazio:53 - [STEP] Finalizando: montar_linhas_int | Tempo gasto: 0.0s
2026-08-04 12:04:06.152 | INFO    |comum.dados.repositorio_cache:__init__:77 - Inicializando conexão com o banco no ambiente [dev]
2026-08-04 12:04:06.153 | INFO    |comum.dados.repositorio_cache:__init__:77 - Utilizando SQLite local [C:\Users\btime\AppData\Local\Temp\detraf_epico4_teste_m592j732\TABELAS_DETRAF_TESTE.db]
2026-08-04 12:04:06.153 | INFO    |comum.dados.repositorio_cache:obter_tabela:169 - Carregando tabela [tbl_detraf_mapeamento_descritores]
2026-08-04 12:04:06.155 | INFO    |comum.dados.repositorio_cache:obter_tabela:169 - Tabela [tbl_detraf_mapeamento_descritores] carregada | Linhas: 25 | Colunas: 5
2026-08-04 12:04:06.157 | INFO    |test_geracao_int:test_montar_linhas_int_cenario_sem_retencao_fica_vazio:62 - [STEP] Iniciando: montar_linhas_int
2026-08-04 12:04:06.159 | INFO    |comum.utils.decoradores:wrapper:22 - [HU-13 INT] Nenhuma linha COM retenção — INT não se aplica a este cenário.
2026-08-04 12:04:06.160 | INFO    |test_geracao_int:test_montar_linhas_int_cenario_sem_retencao_fica_vazio:62 - [STEP] Finalizando: montar_linhas_int | Tempo gasto: 0.0s
2026-08-04 12:04:06.162 | INFO    |comum.dados.repositorio_cache:__init__:77 - Inicializando conexão com o banco no ambiente [dev]
2026-08-04 12:04:06.162 | INFO    |comum.dados.repositorio_cache:__init__:77 - Utilizando SQLite local [C:\Users\btime\AppData\Local\Temp\detraf_epico4_teste_m592j732\TABELAS_DETRAF_TESTE.db]
2026-08-04 12:04:06.162 | INFO    |comum.dados.repositorio_cache:obter_tabela:169 - Carregando tabela [tbl_detraf_mapeamento_descritores]
2026-08-04 12:04:06.164 | INFO    |comum.dados.repositorio_cache:obter_tabela:169 - Tabela [tbl_detraf_mapeamento_descritores] carregada | Linhas: 25 | Colunas: 5
2026-08-04 12:04:06.167 | INFO    |test_geracao_int:test_montar_linhas_int_cenario_com_retencao_preenche_linhas:71 - [STEP] Iniciando: montar_linhas_int
2026-08-04 12:04:06.169 | INFO    |comum.utils.decoradores:wrapper:22 - [HU-13 INT] 1 linha(s) montada(s) (COM retenção).
2026-08-04 12:04:06.170 | INFO    |test_geracao_int:test_montar_linhas_int_cenario_com_retencao_preenche_linhas:71 - [STEP] Finalizando: montar_linhas_int | Tempo gasto: 0.0s
2026-08-04 12:04:06.173 | INFO    |comum.dados.repositorio_cache:__init__:77 - Inicializando conexão com o banco no ambiente [dev]
2026-08-04 12:04:06.173 | INFO    |comum.dados.repositorio_cache:__init__:77 - Utilizando SQLite local [C:\Users\btime\AppData\Local\Temp\detraf_epico4_teste_m592j732\TABELAS_DETRAF_TESTE.db]
2026-08-04 12:04:06.173 | INFO    |comum.dados.repositorio_cache:obter_tabela:169 - Carregando tabela [tbl_detraf_mapeamento_descritores]
2026-08-04 12:04:06.175 | INFO    |comum.dados.repositorio_cache:obter_tabela:169 - Tabela [tbl_detraf_mapeamento_descritores] carregada | Linhas: 25 | Colunas: 5
2026-08-04 12:04:06.178 | INFO    |test_geracao_int:test_montar_linhas_int_filtra_apenas_com_retencao:95 - [STEP] Iniciando: montar_linhas_int
2026-08-04 12:04:06.180 | INFO    |comum.utils.decoradores:wrapper:22 - [HU-13 INT] 1 linha(s) montada(s) (COM retenção).
2026-08-04 12:04:06.181 | INFO    |test_geracao_int:test_montar_linhas_int_filtra_apenas_com_retencao:95 - [STEP] Finalizando: montar_linhas_int | Tempo gasto: 0.0s
2026-08-04 12:04:06.184 | INFO    |test_geracao_int:test_gerar_arquivo_int_nao_grava_quando_vazio:102 - [STEP] Iniciando: gerar_arquivo_int
2026-08-04 12:04:06.184 | INFO    |comum.utils.decoradores:wrapper:22 - [HU-13 INT] Nada a gravar (sem linhas COM retenção) — arquivo não criado.
2026-08-04 12:04:06.184 | INFO    |test_geracao_int:test_gerar_arquivo_int_nao_grava_quando_vazio:102 - [STEP] Finalizando: gerar_arquivo_int | Tempo gasto: 0.0s
2026-08-04 12:04:06.187 | INFO    |comum.dados.repositorio_cache:__init__:77 - Inicializando conexão com o banco no ambiente [dev]
2026-08-04 12:04:06.187 | INFO    |comum.dados.repositorio_cache:__init__:77 - Utilizando SQLite local [C:\Users\btime\AppData\Local\Temp\detraf_epico4_teste_m592j732\TABELAS_DETRAF_TESTE.db]
2026-08-04 12:04:06.188 | INFO    |comum.dados.repositorio_cache:obter_tabela:169 - Carregando tabela [tbl_detraf_mapeamento_descritores]
2026-08-04 12:04:06.189 | INFO    |comum.dados.repositorio_cache:obter_tabela:169 - Tabela [tbl_detraf_mapeamento_descritores] carregada | Linhas: 25 | Colunas: 5
2026-08-04 12:04:06.192 | INFO    |test_geracao_int:test_gerar_arquivo_int_grava_no_caminho_e_nome_corretos:110 - [STEP] Iniciando: montar_linhas_int
2026-08-04 12:04:06.195 | INFO    |comum.utils.decoradores:wrapper:22 - [HU-13 INT] 1 linha(s) montada(s) (COM retenção).
2026-08-04 12:04:06.195 | INFO    |test_geracao_int:test_gerar_arquivo_int_grava_no_caminho_e_nome_corretos:110 - [STEP] Finalizando: montar_linhas_int | Tempo gasto: 0.0s
2026-08-04 12:04:06.195 | INFO    |test_geracao_int:test_gerar_arquivo_int_grava_no_caminho_e_nome_corretos:112 - [STEP] Iniciando: gerar_arquivo_int
2026-08-04 12:04:06.202 | INFO    |comum.utils.decoradores:wrapper:22 - [HU-13 INT] Arquivo gravado em [C:\Users\btime\AppData\Local\Temp\pytest-of-btime\pytest-277\test_gerar_arquivo_int_grava_n0\Claro\2025\202507\AGI\DE_AGI_D_202507_TBRA_X_CLARO_INT.xlsx].
2026-08-04 12:04:06.202 | INFO    |test_geracao_int:test_gerar_arquivo_int_grava_no_caminho_e_nome_corretos:112 - [STEP] Finalizando: gerar_arquivo_int | Tempo gasto: 0.01s
2026-08-04 12:04:06.227 | INFO    |comum.dados.repositorio_cache:__init__:77 - Inicializando conexão com o banco no ambiente [dev]
2026-08-04 12:04:06.227 | INFO    |comum.dados.repositorio_cache:__init__:77 - Utilizando SQLite local [C:\Users\btime\AppData\Local\Temp\detraf_epico4_teste_m592j732\TABELAS_DETRAF_TESTE.db]
2026-08-04 12:04:06.228 | INFO    |comum.dados.repositorio_cache:obter_tabela:169 - Carregando tabela [tbl_detraf_mapeamento_descritores]
2026-08-04 12:04:06.230 | INFO    |comum.dados.repositorio_cache:obter_tabela:169 - Tabela [tbl_detraf_mapeamento_descritores] carregada | Linhas: 25 | Colunas: 5
2026-08-04 12:04:06.234 | INFO    |comum.dados.repositorio_cache:__init__:77 - Inicializando conexão com o banco no ambiente [dev]
2026-08-04 12:04:06.234 | INFO    |comum.dados.repositorio_cache:__init__:77 - Utilizando SQLite local [C:\Users\btime\AppData\Local\Temp\detraf_epico4_teste_m592j732\TABELAS_DETRAF_TESTE.db]
2026-08-04 12:04:06.234 | INFO    |comum.dados.repositorio_cache:obter_tabela:169 - Carregando tabela [tbl_detraf_mapeamento_descritores]
2026-08-04 12:04:06.236 | INFO    |comum.dados.repositorio_cache:obter_tabela:169 - Tabela [tbl_detraf_mapeamento_descritores] carregada | Linhas: 25 | Colunas: 5
2026-08-04 12:04:06.240 | INFO    |comum.dados.repositorio_cache:__init__:77 - Inicializando conexão com o banco no ambiente [dev]
2026-08-04 12:04:06.240 | INFO    |comum.dados.repositorio_cache:__init__:77 - Utilizando SQLite local [C:\Users\btime\AppData\Local\Temp\detraf_epico4_teste_m592j732\TABELAS_DETRAF_TESTE.db]
2026-08-04 12:04:06.241 | INFO    |comum.dados.repositorio_cache:obter_tabela:169 - Carregando tabela [tbl_detraf_mapeamento_descritores]
2026-08-04 12:04:06.242 | INFO    |comum.dados.repositorio_cache:obter_tabela:169 - Tabela [tbl_detraf_mapeamento_descritores] carregada | Linhas: 25 | Colunas: 5
2026-08-04 12:04:06.246 | INFO    |comum.dados.repositorio_cache:__init__:77 - Inicializando conexão com o banco no ambiente [dev]
2026-08-04 12:04:06.246 | INFO    |comum.dados.repositorio_cache:__init__:77 - Utilizando SQLite local [C:\Users\btime\AppData\Local\Temp\detraf_epico4_teste_m592j732\TABELAS_DETRAF_TESTE.db]
2026-08-04 12:04:06.247 | INFO    |comum.dados.repositorio_cache:obter_tabela:169 - Carregando tabela [tbl_detraf_mapeamento_descritores]
2026-08-04 12:04:06.248 | INFO    |comum.dados.repositorio_cache:obter_tabela:169 - Tabela [tbl_detraf_mapeamento_descritores] carregada | Linhas: 25 | Colunas: 5
2026-08-04 12:04:06.253 | INFO    |comum.dados.repositorio_cache:__init__:77 - Inicializando conexão com o banco no ambiente [dev]
2026-08-04 12:04:06.253 | INFO    |comum.dados.repositorio_cache:__init__:77 - Utilizando SQLite local [C:\Users\btime\AppData\Local\Temp\detraf_epico4_teste_m592j732\TABELAS_DETRAF_TESTE.db]
2026-08-04 12:04:06.253 | INFO    |comum.dados.repositorio_cache:obter_tabela:169 - Carregando tabela [tbl_detraf_mapeamento_descritores]
2026-08-04 12:04:06.255 | INFO    |comum.dados.repositorio_cache:obter_tabela:169 - Tabela [tbl_detraf_mapeamento_descritores] carregada | Linhas: 25 | Colunas: 5
2026-08-04 12:04:06.259 | INFO    |comum.dados.repositorio_cache:__init__:77 - Inicializando conexão com o banco no ambiente [dev]
2026-08-04 12:04:06.259 | INFO    |comum.dados.repositorio_cache:__init__:77 - Utilizando SQLite local [C:\Users\btime\AppData\Local\Temp\detraf_epico4_teste_m592j732\TABELAS_DETRAF_TESTE.db]
2026-08-04 12:04:06.260 | INFO    |comum.dados.repositorio_cache:obter_tabela:169 - Carregando tabela [tbl_detraf_mapeamento_descritores]
2026-08-04 12:04:06.261 | INFO    |comum.dados.repositorio_cache:obter_tabela:169 - Tabela [tbl_detraf_mapeamento_descritores] carregada | Linhas: 25 | Colunas: 5
2026-08-04 12:04:06.265 | INFO    |comum.dados.repositorio_cache:__init__:77 - Inicializando conexão com o banco no ambiente [dev]
2026-08-04 12:04:06.265 | INFO    |comum.dados.repositorio_cache:__init__:77 - Utilizando SQLite local [C:\Users\btime\AppData\Local\Temp\detraf_epico4_teste_m592j732\TABELAS_DETRAF_TESTE.db]
2026-08-04 12:04:06.266 | INFO    |comum.dados.repositorio_cache:obter_tabela:169 - Carregando tabela [tbl_detraf_mapeamento_descritores]
2026-08-04 12:04:06.267 | INFO    |comum.dados.repositorio_cache:obter_tabela:169 - Tabela [tbl_detraf_mapeamento_descritores] carregada | Linhas: 25 | Colunas: 5
2026-08-04 12:04:06.271 | INFO    |comum.dados.repositorio_cache:__init__:77 - Inicializando conexão com o banco no ambiente [dev]
2026-08-04 12:04:06.271 | INFO    |comum.dados.repositorio_cache:__init__:77 - Utilizando SQLite local [C:\Users\btime\AppData\Local\Temp\detraf_epico4_teste_m592j732\TABELAS_DETRAF_TESTE.db]
2026-08-04 12:04:06.272 | INFO    |comum.dados.repositorio_cache:obter_tabela:169 - Carregando tabela [tbl_detraf_mapeamento_descritores]
2026-08-04 12:04:06.273 | INFO    |comum.dados.repositorio_cache:obter_tabela:169 - Tabela [tbl_detraf_mapeamento_descritores] carregada | Linhas: 25 | Colunas: 5
2026-08-04 12:04:06.278 | INFO    |comum.dados.repositorio_cache:__init__:77 - Inicializando conexão com o banco no ambiente [dev]
2026-08-04 12:04:06.278 | INFO    |comum.dados.repositorio_cache:__init__:77 - Utilizando SQLite local [C:\Users\btime\AppData\Local\Temp\detraf_epico4_teste_m592j732\TABELAS_DETRAF_TESTE.db]
2026-08-04 12:04:06.278 | INFO    |comum.dados.repositorio_cache:obter_tabela:169 - Carregando tabela [tbl_detraf_mapeamento_descritores]
2026-08-04 12:04:06.280 | INFO    |comum.dados.repositorio_cache:obter_tabela:169 - Tabela [tbl_detraf_mapeamento_descritores] carregada | Linhas: 25 | Colunas: 5
2026-08-04 12:04:06.285 | INFO    |comum.dados.repositorio_cache:__init__:77 - Inicializando conexão com o banco no ambiente [dev]
2026-08-04 12:04:06.285 | INFO    |comum.dados.repositorio_cache:__init__:77 - Utilizando SQLite local [C:\Users\btime\AppData\Local\Temp\detraf_epico4_teste_m592j732\TABELAS_DETRAF_TESTE.db]
2026-08-04 12:04:06.286 | INFO    |comum.dados.repositorio_cache:obter_tabela:169 - Carregando tabela [tbl_detraf_mapeamento_descritores]
2026-08-04 12:04:06.287 | INFO    |comum.dados.repositorio_cache:obter_tabela:169 - Tabela [tbl_detraf_mapeamento_descritores] carregada | Linhas: 25 | Colunas: 5
2026-08-04 12:04:06.292 | INFO    |comum.dados.repositorio_cache:__init__:77 - Inicializando conexão com o banco no ambiente [dev]
2026-08-04 12:04:06.293 | INFO    |comum.dados.repositorio_cache:__init__:77 - Utilizando SQLite local [C:\Users\btime\AppData\Local\Temp\detraf_epico4_teste_m592j732\TABELAS_DETRAF_TESTE.db]
2026-08-04 12:04:06.293 | INFO    |comum.dados.repositorio_cache:obter_tabela:169 - Carregando tabela [tbl_detraf_mapeamento_descritores]
2026-08-04 12:04:06.294 | INFO    |comum.dados.repositorio_cache:obter_tabela:169 - Tabela [tbl_detraf_mapeamento_descritores] carregada | Linhas: 25 | Colunas: 5
2026-08-04 12:04:06.299 | INFO    |comum.dados.repositorio_cache:__init__:77 - Inicializando conexão com o banco no ambiente [dev]
2026-08-04 12:04:06.299 | INFO    |comum.dados.repositorio_cache:__init__:77 - Utilizando SQLite local [C:\Users\btime\AppData\Local\Temp\detraf_epico4_teste_m592j732\TABELAS_DETRAF_TESTE.db]
2026-08-04 12:04:06.299 | INFO    |comum.dados.repositorio_cache:obter_tabela:169 - Carregando tabela [tbl_detraf_mapeamento_descritores]
2026-08-04 12:04:06.301 | INFO    |comum.dados.repositorio_cache:obter_tabela:169 - Tabela [tbl_detraf_mapeamento_descritores] carregada | Linhas: 25 | Colunas: 5
2026-08-04 12:04:06.306 | INFO    |comum.dados.repositorio_cache:__init__:77 - Inicializando conexão com o banco no ambiente [dev]
2026-08-04 12:04:06.306 | INFO    |comum.dados.repositorio_cache:__init__:77 - Utilizando SQLite local [C:\Users\btime\AppData\Local\Temp\detraf_epico4_teste_m592j732\TABELAS_DETRAF_TESTE.db]
2026-08-04 12:04:06.306 | INFO    |comum.dados.repositorio_cache:obter_tabela:169 - Carregando tabela [tbl_detraf_mapeamento_descritores]
2026-08-04 12:04:06.307 | INFO    |comum.dados.repositorio_cache:obter_tabela:169 - Tabela [tbl_detraf_mapeamento_descritores] carregada | Linhas: 25 | Colunas: 5
2026-08-04 12:04:06.325 | INFO    |comum.dados.repositorio_cache:__init__:77 - Inicializando conexão com o banco no ambiente [dev]
2026-08-04 12:04:06.325 | INFO    |comum.dados.repositorio_cache:__init__:77 - Utilizando SQLite local [C:\Users\btime\AppData\Local\Temp\detraf_epico4_teste_m592j732\TABELAS_DETRAF_TESTE.db]
2026-08-04 12:04:06.330 | INFO    |test_repositorio_escrita:test_atualizar_dados_aplica_update_e_retorna_rowcount:53 - 1 linha(s) atualizada(s) em [tbl_rpa_log_detraf_despesa_contestacao].
2026-08-04 12:04:06.331 | INFO    |comum.dados.repositorio_cache:recarregar_cache_local:330 - Carregando tabela [tbl_rpa_log_detraf_despesa_contestacao]
2026-08-04 12:04:06.332 | INFO    |comum.dados.repositorio_cache:recarregar_cache_local:330 - Tabela [tbl_rpa_log_detraf_despesa_contestacao] carregada | Linhas: 2 | Colunas: 18
2026-08-04 12:04:06.336 | INFO    |comum.dados.repositorio_cache:__init__:77 - Inicializando conexão com o banco no ambiente [dev]
2026-08-04 12:04:06.337 | INFO    |comum.dados.repositorio_cache:__init__:77 - Utilizando SQLite local [C:\Users\btime\AppData\Local\Temp\detraf_epico4_teste_m592j732\TABELAS_DETRAF_TESTE.db]
2026-08-04 12:04:06.339 | INFO    |test_repositorio_escrita:test_atualizar_dados_chave_inexistente_retorna_zero:64 - 0 linha(s) atualizada(s) em [tbl_rpa_log_detraf_despesa_contestacao].
2026-08-04 12:04:06.341 | INFO    |comum.dados.repositorio_cache:__init__:77 - Inicializando conexão com o banco no ambiente [dev]
2026-08-04 12:04:06.341 | INFO    |comum.dados.repositorio_cache:__init__:77 - Utilizando SQLite local [C:\Users\btime\AppData\Local\Temp\detraf_epico4_teste_m592j732\TABELAS_DETRAF_TESTE.db]
2026-08-04 12:04:06.344 | INFO    |comum.dados.repositorio_cache:__init__:77 - Inicializando conexão com o banco no ambiente [dev]
2026-08-04 12:04:06.344 | INFO    |comum.dados.repositorio_cache:__init__:77 - Utilizando SQLite local [C:\Users\btime\AppData\Local\Temp\detraf_epico4_teste_m592j732\TABELAS_DETRAF_TESTE.db]
2026-08-04 12:04:06.347 | INFO    |comum.dados.repositorio_cache:__init__:77 - Inicializando conexão com o banco no ambiente [dev]
2026-08-04 12:04:06.347 | INFO    |comum.dados.repositorio_cache:__init__:77 - Utilizando SQLite local [C:\Users\btime\AppData\Local\Temp\detraf_epico4_teste_m592j732\TABELAS_DETRAF_TESTE.db]
2026-08-04 12:04:06.349 | INFO    |comum.dados.repositorio_cache:__init__:77 - Inicializando conexão com o banco no ambiente [dev]
2026-08-04 12:04:06.349 | INFO    |comum.dados.repositorio_cache:__init__:77 - Utilizando SQLite local [C:\Users\btime\AppData\Local\Temp\detraf_epico4_teste_m592j732\TABELAS_DETRAF_TESTE.db]
2026-08-04 12:04:06.350 | INFO    |comum.dados.repositorio_cache:inserir_dados:255 - Nenhum registro para inserir em [tbl_rpa_log_detraf_despesa_contestacao].
2026-08-04 12:04:06.350 | INFO    |comum.dados.repositorio_cache:obter_tabela:169 - Carregando tabela [tbl_rpa_log_detraf_despesa_contestacao]
2026-08-04 12:04:06.352 | INFO    |comum.dados.repositorio_cache:obter_tabela:169 - Tabela [tbl_rpa_log_detraf_despesa_contestacao] carregada | Linhas: 2 | Colunas: 18
2026-08-04 12:04:06.354 | INFO    |comum.dados.repositorio_cache:__init__:77 - Inicializando conexão com o banco no ambiente [dev]
2026-08-04 12:04:06.355 | INFO    |comum.dados.repositorio_cache:__init__:77 - Utilizando SQLite local [C:\Users\btime\AppData\Local\Temp\detraf_epico4_teste_m592j732\TABELAS_DETRAF_TESTE.db]
2026-08-04 12:04:06.359 | INFO    |test_repositorio_escrita:test_atualizar_dados_nao_vaza_valor_para_a_sql:101 - 1 linha(s) atualizada(s) em [tbl_rpa_log_detraf_despesa_contestacao].
2026-08-04 12:04:06.359 | INFO    |comum.dados.repositorio_cache:recarregar_cache_local:330 - Carregando tabela [tbl_rpa_log_detraf_despesa_contestacao]
2026-08-04 12:04:06.361 | INFO    |comum.dados.repositorio_cache:recarregar_cache_local:330 - Tabela [tbl_rpa_log_detraf_despesa_contestacao] carregada | Linhas: 2 | Colunas: 18
2026-08-04 12:04:06.364 | INFO    |comum.dados.repositorio_cache:__init__:77 - Inicializando conexão com o banco no ambiente [dev]
2026-08-04 12:04:06.364 | INFO    |comum.dados.repositorio_cache:__init__:77 - Utilizando SQLite local [C:\Users\btime\AppData\Local\Temp\detraf_epico4_teste_m592j732\TABELAS_DETRAF_TESTE.db]
2026-08-04 12:04:06.365 | INFO    |test_repositorio_escrita:test_atualizar_despesa_atualiza_os_seis_campos_sem_criar_linha:115 - [STEP] Iniciando: preparar_atualizacoes_despesa_contestacao
2026-08-04 12:04:06.366 | INFO    |comum.utils.decoradores:wrapper:22 - [HU-19 Despesa Contestação] 1 atualização(ões) preparada(s).
2026-08-04 12:04:06.366 | INFO    |test_repositorio_escrita:test_atualizar_despesa_atualiza_os_seis_campos_sem_criar_linha:115 - [STEP] Finalizando: preparar_atualizacoes_despesa_contestacao | Tempo gasto: 0.0s
2026-08-04 12:04:06.366 | INFO    |comum.dados.repositorio_cache:obter_tabela:169 - Carregando tabela [tbl_rpa_log_detraf_despesa_contestacao]
2026-08-04 12:04:06.368 | INFO    |comum.dados.repositorio_cache:obter_tabela:169 - Tabela [tbl_rpa_log_detraf_despesa_contestacao] carregada | Linhas: 2 | Colunas: 18
2026-08-04 12:04:06.374 | INFO    |comum.dados.repositorio_tabelas:_atualizar_contestacao_em_lote:864 - 1 linha(s) atualizada(s) em [tbl_rpa_log_detraf_despesa_contestacao].
2026-08-04 12:04:06.374 | INFO    |comum.dados.repositorio_cache:recarregar_cache_local:330 - Carregando tabela [tbl_rpa_log_detraf_despesa_contestacao]
2026-08-04 12:04:06.375 | INFO    |comum.dados.repositorio_cache:recarregar_cache_local:330 - Tabela [tbl_rpa_log_detraf_despesa_contestacao] carregada | Linhas: 2 | Colunas: 18
2026-08-04 12:04:06.375 | INFO    |comum.dados.repositorio_tabelas:atualizar_despesa_contestacao:903 - [HU-19 Despesa Contestação] 1 linha(s) atualizada(s), 0 chave(s) ausente(s).
2026-08-04 12:04:06.379 | INFO    |comum.dados.repositorio_cache:__init__:77 - Inicializando conexão com o banco no ambiente [dev]
2026-08-04 12:04:06.379 | INFO    |comum.dados.repositorio_cache:__init__:77 - Utilizando SQLite local [C:\Users\btime\AppData\Local\Temp\detraf_epico4_teste_m592j732\TABELAS_DETRAF_TESTE.db]
2026-08-04 12:04:06.380 | INFO    |test_repositorio_escrita:test_atualizar_despesa_preserva_lado_tbra_e_sinal_do_analista:134 - [STEP] Iniciando: preparar_atualizacoes_despesa_contestacao
2026-08-04 12:04:06.381 | INFO    |comum.utils.decoradores:wrapper:22 - [HU-19 Despesa Contestação] 1 atualização(ões) preparada(s).
2026-08-04 12:04:06.381 | INFO    |test_repositorio_escrita:test_atualizar_despesa_preserva_lado_tbra_e_sinal_do_analista:134 - [STEP] Finalizando: preparar_atualizacoes_despesa_contestacao | Tempo gasto: 0.0s
2026-08-04 12:04:06.381 | INFO    |comum.dados.repositorio_cache:obter_tabela:169 - Carregando tabela [tbl_rpa_log_detraf_despesa_contestacao]
2026-08-04 12:04:06.383 | INFO    |comum.dados.repositorio_cache:obter_tabela:169 - Tabela [tbl_rpa_log_detraf_despesa_contestacao] carregada | Linhas: 2 | Colunas: 18
2026-08-04 12:04:06.389 | INFO    |comum.dados.repositorio_tabelas:_atualizar_contestacao_em_lote:864 - 1 linha(s) atualizada(s) em [tbl_rpa_log_detraf_despesa_contestacao].
2026-08-04 12:04:06.389 | INFO    |comum.dados.repositorio_cache:recarregar_cache_local:330 - Carregando tabela [tbl_rpa_log_detraf_despesa_contestacao]
2026-08-04 12:04:06.390 | INFO    |comum.dados.repositorio_cache:recarregar_cache_local:330 - Tabela [tbl_rpa_log_detraf_despesa_contestacao] carregada | Linhas: 2 | Colunas: 18
2026-08-04 12:04:06.391 | INFO    |comum.dados.repositorio_tabelas:atualizar_despesa_contestacao:903 - [HU-19 Despesa Contestação] 1 linha(s) atualizada(s), 0 chave(s) ausente(s).
2026-08-04 12:04:06.394 | INFO    |comum.dados.repositorio_cache:__init__:77 - Inicializando conexão com o banco no ambiente [dev]
2026-08-04 12:04:06.394 | INFO    |comum.dados.repositorio_cache:__init__:77 - Utilizando SQLite local [C:\Users\btime\AppData\Local\Temp\detraf_epico4_teste_m592j732\TABELAS_DETRAF_TESTE.db]
2026-08-04 12:04:06.395 | INFO    |test_repositorio_escrita:test_atualizar_despesa_chave_ausente_nao_aborta_o_lote:154 - [STEP] Iniciando: preparar_atualizacoes_despesa_contestacao
2026-08-04 12:04:06.396 | INFO    |comum.utils.decoradores:wrapper:22 - [HU-19 Despesa Contestação] 2 atualização(ões) preparada(s).
2026-08-04 12:04:06.396 | INFO    |test_repositorio_escrita:test_atualizar_despesa_chave_ausente_nao_aborta_o_lote:154 - [STEP] Finalizando: preparar_atualizacoes_despesa_contestacao | Tempo gasto: 0.0s
2026-08-04 12:04:06.397 | INFO    |comum.dados.repositorio_cache:obter_tabela:169 - Carregando tabela [tbl_rpa_log_detraf_despesa_contestacao]
2026-08-04 12:04:06.398 | INFO    |comum.dados.repositorio_cache:obter_tabela:169 - Tabela [tbl_rpa_log_detraf_despesa_contestacao] carregada | Linhas: 2 | Colunas: 18
2026-08-04 12:04:06.403 | INFO    |comum.dados.repositorio_tabelas:_atualizar_contestacao_em_lote:864 - 1 linha(s) atualizada(s) em [tbl_rpa_log_detraf_despesa_contestacao].
2026-08-04 12:04:06.405 | WARNING |comum.dados.repositorio_tabelas:atualizar_despesa_contestacao:903 - [HU-19 Despesa Contestação] Chave sem linha correspondente no banco {'eot_operadora': '999', 'eot_tbra': '099', 'referencia': '202507', 'trafego': '202507', 'remuneracao': 'TU-COM'} — ignorada (a linha-base é inserida pelo Épico 3, B-D20).
2026-08-04 12:04:06.405 | INFO    |comum.dados.repositorio_cache:recarregar_cache_local:330 - Carregando tabela [tbl_rpa_log_detraf_despesa_contestacao]
2026-08-04 12:04:06.407 | INFO    |comum.dados.repositorio_cache:recarregar_cache_local:330 - Tabela [tbl_rpa_log_detraf_despesa_contestacao] carregada | Linhas: 2 | Colunas: 18
2026-08-04 12:04:06.407 | INFO    |comum.dados.repositorio_tabelas:atualizar_despesa_contestacao:903 - [HU-19 Despesa Contestação] 1 linha(s) atualizada(s), 1 chave(s) ausente(s).
2026-08-04 12:04:06.409 | INFO    |comum.dados.repositorio_cache:__init__:77 - Inicializando conexão com o banco no ambiente [dev]
2026-08-04 12:04:06.409 | INFO    |comum.dados.repositorio_cache:__init__:77 - Utilizando SQLite local [C:\Users\btime\AppData\Local\Temp\detraf_epico4_teste_m592j732\TABELAS_DETRAF_TESTE.db]
2026-08-04 12:04:06.410 | INFO    |comum.dados.repositorio_tabelas:atualizar_despesa_contestacao:903 - [HU-19 Despesa Contestação] Nada a atualizar (lote vazio).
2026-08-04 12:04:06.412 | INFO    |comum.dados.repositorio_cache:__init__:77 - Inicializando conexão com o banco no ambiente [dev]
2026-08-04 12:04:06.412 | INFO    |comum.dados.repositorio_cache:__init__:77 - Utilizando SQLite local [C:\Users\btime\AppData\Local\Temp\detraf_epico4_teste_m592j732\TABELAS_DETRAF_TESTE.db]
2026-08-04 12:04:06.413 | INFO    |test_repositorio_escrita:test_atualizar_despesa_normaliza_eot_como_a_leitura_do_sinal:172 - [STEP] Iniciando: preparar_atualizacoes_despesa_contestacao
2026-08-04 12:04:06.414 | INFO    |comum.utils.decoradores:wrapper:22 - [HU-19 Despesa Contestação] 1 atualização(ões) preparada(s).
2026-08-04 12:04:06.414 | INFO    |test_repositorio_escrita:test_atualizar_despesa_normaliza_eot_como_a_leitura_do_sinal:172 - [STEP] Finalizando: preparar_atualizacoes_despesa_contestacao | Tempo gasto: 0.0s
2026-08-04 12:04:06.415 | INFO    |comum.dados.repositorio_cache:obter_tabela:169 - Carregando tabela [tbl_rpa_log_detraf_despesa_contestacao]
2026-08-04 12:04:06.416 | INFO    |comum.dados.repositorio_cache:obter_tabela:169 - Tabela [tbl_rpa_log_detraf_despesa_contestacao] carregada | Linhas: 2 | Colunas: 18
2026-08-04 12:04:06.422 | INFO    |comum.dados.repositorio_tabelas:_atualizar_contestacao_em_lote:864 - 1 linha(s) atualizada(s) em [tbl_rpa_log_detraf_despesa_contestacao].
2026-08-04 12:04:06.422 | INFO    |comum.dados.repositorio_cache:recarregar_cache_local:330 - Carregando tabela [tbl_rpa_log_detraf_despesa_contestacao]
2026-08-04 12:04:06.424 | INFO    |comum.dados.repositorio_cache:recarregar_cache_local:330 - Tabela [tbl_rpa_log_detraf_despesa_contestacao] carregada | Linhas: 2 | Colunas: 18
2026-08-04 12:04:06.424 | INFO    |comum.dados.repositorio_tabelas:atualizar_despesa_contestacao:903 - [HU-19 Despesa Contestação] 1 linha(s) atualizada(s), 0 chave(s) ausente(s).
2026-08-04 12:04:06.427 | INFO    |comum.dados.repositorio_cache:__init__:77 - Inicializando conexão com o banco no ambiente [dev]
2026-08-04 12:04:06.427 | INFO    |comum.dados.repositorio_cache:__init__:77 - Utilizando SQLite local [C:\Users\btime\AppData\Local\Temp\detraf_epico4_teste_m592j732\TABELAS_DETRAF_TESTE.db]
2026-08-04 12:04:06.428 | INFO    |comum.dados.repositorio_cache:obter_tabela:169 - Carregando tabela [tbl_rpa_log_detraf_despesa_contestacao]
2026-08-04 12:04:06.430 | INFO    |comum.dados.repositorio_cache:obter_tabela:169 - Tabela [tbl_rpa_log_detraf_despesa_contestacao] carregada | Linhas: 2 | Colunas: 18
2026-08-04 12:04:06.432 | INFO    |comum.dados.repositorio_tabelas:_atualizar_contestacao_em_lote:864 - 1 linha(s) atualizada(s) em [tbl_rpa_log_detraf_despesa_contestacao].
2026-08-04 12:04:06.432 | INFO    |comum.dados.repositorio_cache:recarregar_cache_local:330 - Carregando tabela [tbl_rpa_log_detraf_despesa_contestacao]
2026-08-04 12:04:06.433 | INFO    |comum.dados.repositorio_cache:recarregar_cache_local:330 - Tabela [tbl_rpa_log_detraf_despesa_contestacao] carregada | Linhas: 2 | Colunas: 18
2026-08-04 12:04:06.433 | INFO    |comum.dados.repositorio_tabelas:atualizar_tipo_contestacao:930 - [HU-16 Writeback tipo_contestacao] 1 linha(s) atualizada(s), 0 chave(s) ausente(s).
2026-08-04 12:04:06.437 | INFO    |comum.dados.repositorio_cache:__init__:77 - Inicializando conexão com o banco no ambiente [dev]
2026-08-04 12:04:06.438 | INFO    |comum.dados.repositorio_cache:__init__:77 - Utilizando SQLite local [C:\Users\btime\AppData\Local\Temp\detraf_epico4_teste_m592j732\TABELAS_DETRAF_TESTE.db]
2026-08-04 12:04:06.439 | INFO    |comum.dados.repositorio_cache:obter_tabela:169 - Carregando tabela [tbl_rpa_log_detraf_despesa_contestacao]
2026-08-04 12:04:06.441 | INFO    |comum.dados.repositorio_cache:obter_tabela:169 - Tabela [tbl_rpa_log_detraf_despesa_contestacao] carregada | Linhas: 2 | Colunas: 18
2026-08-04 12:04:06.443 | INFO    |comum.dados.repositorio_tabelas:_atualizar_contestacao_em_lote:864 - 1 linha(s) atualizada(s) em [tbl_rpa_log_detraf_despesa_contestacao].
2026-08-04 12:04:06.443 | INFO    |comum.dados.repositorio_cache:recarregar_cache_local:330 - Carregando tabela [tbl_rpa_log_detraf_despesa_contestacao]
2026-08-04 12:04:06.444 | INFO    |comum.dados.repositorio_cache:recarregar_cache_local:330 - Tabela [tbl_rpa_log_detraf_despesa_contestacao] carregada | Linhas: 2 | Colunas: 18
2026-08-04 12:04:06.444 | INFO    |comum.dados.repositorio_tabelas:atualizar_tipo_contestacao:930 - [HU-16 Writeback tipo_contestacao] 1 linha(s) atualizada(s), 0 chave(s) ausente(s).
2026-08-04 12:04:06.447 | INFO    |comum.dados.repositorio_cache:__init__:77 - Inicializando conexão com o banco no ambiente [dev]
2026-08-04 12:04:06.447 | INFO    |comum.dados.repositorio_cache:__init__:77 - Utilizando SQLite local [C:\Users\btime\AppData\Local\Temp\detraf_epico4_teste_m592j732\TABELAS_DETRAF_TESTE.db]
2026-08-04 12:04:06.449 | INFO    |comum.dados.repositorio_cache:obter_tabela:169 - Carregando tabela [tbl_rpa_log_detraf_despesa_contestacao]
2026-08-04 12:04:06.450 | INFO    |comum.dados.repositorio_cache:obter_tabela:169 - Tabela [tbl_rpa_log_detraf_despesa_contestacao] carregada | Linhas: 2 | Colunas: 18
2026-08-04 12:04:06.452 | WARNING |comum.dados.repositorio_tabelas:atualizar_tipo_contestacao:930 - [HU-16 Writeback tipo_contestacao] Chave sem linha correspondente no banco {'eot_operadora': '888', 'eot_tbra': '011', 'referencia': '202507', 'trafego': '202507', 'remuneracao': 'TU-RL'} — ignorada (a linha-base é inserida pelo Épico 3, B-D20).
2026-08-04 12:04:06.452 | INFO    |comum.dados.repositorio_cache:recarregar_cache_local:330 - Carregando tabela [tbl_rpa_log_detraf_despesa_contestacao]
2026-08-04 12:04:06.454 | INFO    |comum.dados.repositorio_cache:recarregar_cache_local:330 - Tabela [tbl_rpa_log_detraf_despesa_contestacao] carregada | Linhas: 2 | Colunas: 18
2026-08-04 12:04:06.455 | INFO    |comum.dados.repositorio_tabelas:atualizar_tipo_contestacao:930 - [HU-16 Writeback tipo_contestacao] 0 linha(s) atualizada(s), 1 chave(s) ausente(s).
2026-08-04 12:04:06.457 | INFO    |comum.dados.repositorio_cache:__init__:77 - Inicializando conexão com o banco no ambiente [dev]
2026-08-04 12:04:06.457 | INFO    |comum.dados.repositorio_cache:__init__:77 - Utilizando SQLite local [C:\Users\btime\AppData\Local\Temp\detraf_epico4_teste_m592j732\TABELAS_DETRAF_TESTE.db]
2026-08-04 12:04:06.462 | INFO    |test_repositorio_escrita:test_cache_e_recarregado_apos_update:250 - 1 linha(s) atualizada(s) em [tbl_rpa_log_detraf_despesa_contestacao].
2026-08-04 12:04:06.463 | INFO    |comum.dados.repositorio_cache:recarregar_cache_local:330 - Carregando tabela [tbl_rpa_log_detraf_despesa_contestacao]
2026-08-04 12:04:06.464 | INFO    |comum.dados.repositorio_cache:recarregar_cache_local:330 - Tabela [tbl_rpa_log_detraf_despesa_contestacao] carregada | Linhas: 2 | Colunas: 18
2026-08-04 12:11:22.386 | INFO    |comum.integracoes.outlook:send_email:306 - E-mail enviado para 'operadora@exemplo.com' — assunto 'Assunto', 0 anexo(s).
2026-08-04 12:11:22.388 | INFO    |comum.integracoes.outlook:send_email:306 - E-mail enviado para '['a@x.com', 'b@x.com']' — assunto 's', 0 anexo(s).
2026-08-04 12:11:22.389 | INFO    |comum.integracoes.outlook:send_email:306 - E-mail enviado para 'a@x.com' — assunto 's', 0 anexo(s).
2026-08-04 12:11:22.389 | INFO    |comum.integracoes.outlook:send_email:306 - E-mail enviado para 'a@x.com' — assunto 's', 0 anexo(s).
2026-08-04 12:11:22.396 | INFO    |tests.test_outlook_comum:test_anexa_cada_arquivo_antes_de_enviar:110 - E-mail enviado para 'a@x.com' — assunto 's', 2 anexo(s).
2026-08-04 12:11:22.406 | INFO    |tests.test_outlook_comum:test_envio_sem_anexo_e_valido:154 - E-mail enviado para 'a@x.com' — assunto 's', 0 anexo(s).
2026-08-04 12:11:22.407 | INFO    |tests.test_outlook_comum:test_rascunho_e_o_default:177 - Resposta salva como rascunho para o e-mail 'ABC123'.
2026-08-04 12:11:22.407 | INFO    |tests.test_outlook_comum:test_envia_quando_pedido_explicitamente:183 - Resposta enviada para o e-mail 'ABC123'.
2026-08-04 12:11:22.408 | INFO    |tests.test_outlook_comum:test_assunto_prefixado_e_corpo_preenchido:189 - Resposta salva como rascunho para o e-mail 'ABC123'.
2026-08-04 12:11:22.409 | INFO    |comum.integracoes.outlook:create_reply_draft:276 - Resposta salva como rascunho para o e-mail 'ABC123'.
2026-08-04 12:12:42.834 | ERROR   |tests.test_contrato_rpa1_rpa2:test_rastreamento_inexistente_nao_estoura:259 - Arquivo de rastreamento não encontrado: 'C:\Users\btime\AppData\Local\Temp\pytest-of-btime\pytest-280\test_rastreamento_inexistente_0\nao_existe.json'.
2026-08-04 12:12:42.882 | INFO    |comum.integracoes.outlook:send_email:306 - E-mail enviado para 'operadora@exemplo.com' — assunto 'Assunto', 0 anexo(s).
2026-08-04 12:12:42.883 | INFO    |comum.integracoes.outlook:send_email:306 - E-mail enviado para '['a@x.com', 'b@x.com']' — assunto 's', 0 anexo(s).
2026-08-04 12:12:42.883 | INFO    |comum.integracoes.outlook:send_email:306 - E-mail enviado para 'a@x.com' — assunto 's', 0 anexo(s).
2026-08-04 12:12:42.884 | INFO    |comum.integracoes.outlook:send_email:306 - E-mail enviado para 'a@x.com' — assunto 's', 0 anexo(s).
2026-08-04 12:12:42.887 | INFO    |tests.test_outlook_comum:test_anexa_cada_arquivo_antes_de_enviar:110 - E-mail enviado para 'a@x.com' — assunto 's', 2 anexo(s).
2026-08-04 12:12:42.895 | INFO    |tests.test_outlook_comum:test_envio_sem_anexo_e_valido:154 - E-mail enviado para 'a@x.com' — assunto 's', 0 anexo(s).
2026-08-04 12:12:42.896 | INFO    |tests.test_outlook_comum:test_rascunho_e_o_default:177 - Resposta salva como rascunho para o e-mail 'ABC123'.
2026-08-04 12:12:42.897 | INFO    |tests.test_outlook_comum:test_envia_quando_pedido_explicitamente:183 - Resposta enviada para o e-mail 'ABC123'.
2026-08-04 12:12:42.897 | INFO    |tests.test_outlook_comum:test_assunto_prefixado_e_corpo_preenchido:189 - Resposta salva como rascunho para o e-mail 'ABC123'.
2026-08-04 12:12:42.898 | INFO    |comum.integracoes.outlook:create_reply_draft:276 - Resposta salva como rascunho para o e-mail 'ABC123'.
2026-08-04 12:12:43.010 | INFO    |comum.dados.repositorio_cache:__init__:77 - Inicializando conexão com o banco no ambiente [dev]
2026-08-04 12:12:43.010 | INFO    |comum.dados.repositorio_cache:__init__:77 - Utilizando SQLite local [banco_de_dados\TABELAS_DETRAF.db]
2026-08-04 12:12:43.020 | INFO    |comum.dados.repositorio_cache:__init__:77 - Inicializando conexão com o banco no ambiente [dev]
2026-08-04 12:12:43.020 | INFO    |comum.dados.repositorio_cache:__init__:77 - Utilizando SQLite local [C:\Users\btime\Desktop\Projetos\detraf unificado\DETRAF-UNIFICADO\unificado\banco_de_dados\TABELAS_DETRAF.db]
2026-08-04 12:12:43.022 | INFO    |comum.dados.repositorio_cache:__init__:77 - Inicializando conexão com o banco no ambiente [dev]
2026-08-04 12:12:43.023 | INFO    |comum.dados.repositorio_cache:__init__:77 - Utilizando SQLite local [C:\Users\btime\Desktop\Projetos\detraf unificado\DETRAF-UNIFICADO\unificado\banco_de_dados\TABELAS_DETRAF.db]
2026-08-04 12:12:43.023 | INFO    |comum.dados.repositorio_cache:obter_tabela:169 - Carregando tabela [tbl_anexo5_processado]
2026-08-04 12:12:43.036 | INFO    |comum.dados.repositorio_cache:obter_tabela:169 - Tabela [tbl_anexo5_processado] carregada | Linhas: 2656 | Colunas: 17
2026-08-04 12:12:43.038 | INFO    |comum.dados.repositorio_cache:__init__:77 - Inicializando conexão com o banco no ambiente [dev]
2026-08-04 12:12:43.038 | INFO    |comum.dados.repositorio_cache:__init__:77 - Utilizando SQLite local [C:\Users\btime\Desktop\Projetos\detraf unificado\DETRAF-UNIFICADO\unificado\banco_de_dados\TABELAS_DETRAF.db]
2026-08-04 12:12:43.039 | INFO    |comum.dados.repositorio_cache:obter_tabela:169 - Carregando tabela [tbl_anexo5_processado]
2026-08-04 12:12:43.050 | INFO    |comum.dados.repositorio_cache:obter_tabela:169 - Tabela [tbl_anexo5_processado] carregada | Linhas: 2656 | Colunas: 17
2026-08-04 12:12:43.052 | INFO    |comum.dados.repositorio_cache:__init__:77 - Inicializando conexão com o banco no ambiente [dev]
2026-08-04 12:12:43.052 | INFO    |comum.dados.repositorio_cache:__init__:77 - Utilizando SQLite local [C:\Users\btime\Desktop\Projetos\detraf unificado\DETRAF-UNIFICADO\unificado\banco_de_dados\TABELAS_DETRAF.db]
2026-08-04 12:12:43.053 | INFO    |comum.dados.repositorio_cache:__init__:77 - Inicializando conexão com o banco no ambiente [dev]
2026-08-04 12:12:43.053 | INFO    |comum.dados.repositorio_cache:__init__:77 - Utilizando SQLite local [C:\Users\btime\Desktop\Projetos\detraf unificado\DETRAF-UNIFICADO\unificado\banco_de_dados\TABELAS_DETRAF.db]
2026-08-04 12:12:43.054 | INFO    |comum.dados.repositorio_cache:obter_tabela:169 - Carregando tabela [tbl_anexo5_processado]
2026-08-04 12:12:43.065 | INFO    |comum.dados.repositorio_cache:obter_tabela:169 - Tabela [tbl_anexo5_processado] carregada | Linhas: 2656 | Colunas: 17
2026-08-04 12:12:43.069 | INFO    |comum.dados.repositorio_cache:__init__:77 - Inicializando conexão com o banco no ambiente [dev]
2026-08-04 12:12:43.069 | INFO    |comum.dados.repositorio_cache:__init__:77 - Utilizando SQLite local [C:\Users\btime\Desktop\Projetos\detraf unificado\DETRAF-UNIFICADO\unificado\banco_de_dados\TABELAS_DETRAF.db]
2026-08-04 12:12:43.070 | INFO    |comum.dados.repositorio_cache:obter_tabela:169 - Carregando tabela [tbl_anexo5_processado]
2026-08-04 12:12:43.081 | INFO    |comum.dados.repositorio_cache:obter_tabela:169 - Tabela [tbl_anexo5_processado] carregada | Linhas: 2656 | Colunas: 17
2026-08-04 12:12:43.082 | INFO    |tests.test_repositorio_tabelas:test_buscar_nome_fantasia_por_eot_inexistente:104 - Nome Fantasia não encontrado para o EOT [999999]
2026-08-04 12:12:43.084 | INFO    |comum.dados.repositorio_cache:__init__:77 - Inicializando conexão com o banco no ambiente [dev]
2026-08-04 12:12:43.084 | INFO    |comum.dados.repositorio_cache:__init__:77 - Utilizando SQLite local [C:\Users\btime\Desktop\Projetos\detraf unificado\DETRAF-UNIFICADO\unificado\banco_de_dados\TABELAS_DETRAF.db]
2026-08-04 12:12:43.085 | INFO    |comum.dados.repositorio_cache:obter_tabela:169 - Carregando tabela [tbl_anexo5_processado]
2026-08-04 12:12:43.098 | INFO    |comum.dados.repositorio_cache:obter_tabela:169 - Tabela [tbl_anexo5_processado] carregada | Linhas: 2656 | Colunas: 17
2026-08-04 12:12:43.101 | INFO    |comum.dados.repositorio_cache:__init__:77 - Inicializando conexão com o banco no ambiente [dev]
2026-08-04 12:12:43.102 | INFO    |comum.dados.repositorio_cache:__init__:77 - Utilizando SQLite local [C:\Users\btime\Desktop\Projetos\detraf unificado\DETRAF-UNIFICADO\unificado\banco_de_dados\TABELAS_DETRAF.db]
2026-08-04 12:12:43.102 | INFO    |comum.dados.repositorio_cache:obter_tabela:169 - Carregando tabela [tbl_detraf_tarifas]
2026-08-04 12:12:43.105 | INFO    |comum.dados.repositorio_cache:obter_tabela:169 - Tabela [tbl_detraf_tarifas] carregada | Linhas: 110 | Colunas: 17
2026-08-04 12:12:43.107 | INFO    |comum.dados.repositorio_cache:__init__:77 - Inicializando conexão com o banco no ambiente [dev]
2026-08-04 12:12:43.107 | INFO    |comum.dados.repositorio_cache:__init__:77 - Utilizando SQLite local [C:\Users\btime\Desktop\Projetos\detraf unificado\DETRAF-UNIFICADO\unificado\banco_de_dados\TABELAS_DETRAF.db]
2026-08-04 12:12:43.108 | INFO    |comum.dados.repositorio_cache:obter_tabela:169 - Carregando tabela [tbl_detraf_mapeamento_descritores]
2026-08-04 12:12:43.109 | INFO    |comum.dados.repositorio_cache:obter_tabela:169 - Tabela [tbl_detraf_mapeamento_descritores] carregada | Linhas: 25 | Colunas: 3
2026-08-04 12:12:43.110 | INFO    |comum.dados.repositorio_cache:__init__:77 - Inicializando conexão com o banco no ambiente [dev]
2026-08-04 12:12:43.110 | INFO    |comum.dados.repositorio_cache:__init__:77 - Utilizando SQLite local [C:\Users\btime\Desktop\Projetos\detraf unificado\DETRAF-UNIFICADO\unificado\banco_de_dados\TABELAS_DETRAF.db]
2026-08-04 12:12:44.232 | INFO    |comum.dados.repositorio_cache:__init__:77 - Inicializando conexão com o banco no ambiente [dev]
2026-08-04 12:12:44.232 | INFO    |comum.dados.repositorio_cache:__init__:77 - Utilizando SQLite local [C:\Users\btime\AppData\Local\Temp\detraf_test_wrd092tt.db]
2026-08-04 12:12:44.299 | INFO    |comum.dados.repositorio_cache:obter_tabela:169 - Carregando tabela [tbl_anexo5_processado]
2026-08-04 12:12:44.301 | INFO    |comum.dados.repositorio_cache:obter_tabela:169 - Tabela [tbl_anexo5_processado] carregada | Linhas: 3 | Colunas: 2
2026-08-04 12:12:44.308 | INFO    |src.services.operadora_service:obter_operadora:153 - Nome Fantasia não encontrado para o EOT [999]
2026-08-04 12:12:44.311 | INFO    |src.services.operadora_service:obter_operadora:153 - Nome Fantasia não encontrado para o EOT [999]
2026-08-04 12:12:44.312 | INFO    |src.services.operadora_service:obter_operadora:163 - Nome Fantasia não encontrado para o texto [empresainexistente999]
2026-08-04 12:12:44.312 | WARNING |test_operadora_service:test_obter_operadora_nao_identificada:87 - Operadora não identificada para 'arquivo.csv' (eot='999', dominio='empresainexistente999.com.br', texto_busca='empresainexistente999')
2026-08-04 12:12:44.315 | INFO    |test_outlook_service_anexos:test_baixa_apenas_csv_e_excel:81 - E-mail 'ABC123': 3 anexo(s) ignorado(s) por extensão não permitida — carta_apresentacao.pdf, contrato.docx, assinatura.png
2026-08-04 12:12:44.316 | INFO    |test_outlook_service_anexos:test_baixa_apenas_csv_e_excel:81 - E-mail 'ABC123': 2 anexo(s) baixado(s) para 'C:\Users\btime\AppData\Local\Temp\pytest-of-btime\pytest-281\test_baixa_apenas_csv_e_excel0'.
2026-08-04 12:12:44.318 | INFO    |test_outlook_service_anexos:test_anexos_ignorados_nao_chegam_ao_disco:94 - E-mail 'ABC123': 1 anexo(s) ignorado(s) por extensão não permitida — carta.pdf
2026-08-04 12:12:44.318 | INFO    |test_outlook_service_anexos:test_anexos_ignorados_nao_chegam_ao_disco:94 - E-mail 'ABC123': 1 anexo(s) baixado(s) para 'C:\Users\btime\AppData\Local\Temp\pytest-of-btime\pytest-281\test_anexos_ignorados_nao_cheg0'.
2026-08-04 12:12:44.322 | INFO    |test_outlook_service_anexos:test_anexos_inline_continuam_ignorados:107 - E-mail 'ABC123': 1 anexo(s) baixado(s) para 'C:\Users\btime\AppData\Local\Temp\pytest-of-btime\pytest-281\test_anexos_inline_continuam_i0'.
2026-08-04 12:12:44.324 | INFO    |test_outlook_service_anexos:test_email_so_com_anexos_irrelevantes_devolve_lista_vazia:121 - E-mail 'ABC123': 1 anexo(s) ignorado(s) por extensão não permitida — apenas_um_pdf.pdf
2026-08-04 12:12:44.324 | INFO    |test_outlook_service_anexos:test_email_so_com_anexos_irrelevantes_devolve_lista_vazia:121 - E-mail 'ABC123': 0 anexo(s) baixado(s) para 'C:\Users\btime\AppData\Local\Temp\pytest-of-btime\pytest-281\test_email_so_com_anexos_irrel0'.
2026-08-04 12:12:44.327 | INFO    |test_outlook_service_anexos:test_extensao_e_avaliada_sem_distinguir_caixa:128 - E-mail 'ABC123': 2 anexo(s) baixado(s) para 'C:\Users\btime\AppData\Local\Temp\pytest-of-btime\pytest-281\test_extensao_e_avaliada_sem_d0'.
2026-08-04 12:12:44.330 | INFO    |test_outlook_service_anexos:test_o_filtro_usa_a_configuracao_e_nao_uma_lista_fixa:140 - E-mail 'ABC123': 1 anexo(s) ignorado(s) por extensão não permitida — planilha.xlsx
2026-08-04 12:12:44.330 | INFO    |test_outlook_service_anexos:test_o_filtro_usa_a_configuracao_e_nao_uma_lista_fixa:140 - E-mail 'ABC123': 1 anexo(s) baixado(s) para 'C:\Users\btime\AppData\Local\Temp\pytest-of-btime\pytest-281\test_o_filtro_usa_a_configurac0'.
2026-08-04 12:12:44.333 | INFO    |test_processamento_service:test_executar_sucesso_identifica_operadora_e_salva:55 - Iniciando fluxo de processamento
2026-08-04 12:12:44.333 | INFO    |test_processamento_service:test_executar_sucesso_identifica_operadora_e_salva:55 - Competência: 202602 | Ano: 2026
2026-08-04 12:12:44.333 | INFO    |test_processamento_service:test_executar_sucesso_identifica_operadora_e_salva:55 - Total de arquivos a processar: 1
2026-08-04 12:12:44.335 | WARNING |src.services.processamento_service:_processar_arquivo:129 - Estrutura do mês anterior não encontrada em 'C:\Users\btime\AppData\Local\Temp\pytest-of-btime\pytest-281\test_executar_sucesso_identifi0\operadoras\Megatelecom Telecomunicacoes S.A.\2026\202601' — criando 'C:\Users\btime\AppData\Local\Temp\pytest-of-btime\pytest-281\test_executar_sucesso_identifi0\operadoras\Megatelecom Telecomunicacoes S.A.\2026\202602' vazio.
2026-08-04 12:12:44.338 | INFO    |src.services.processamento_service:executar:84 - Processado com sucesso: sucesso_eot112.csv (operadora identificada via 'eot')
2026-08-04 12:12:44.339 | INFO    |comum.dados.repositorio_cache:salvar_dados_tabela_despesa:217 - Inserindo 1 registro(s) em [tbl_rpa_log_detraf_despesa_arquivos].
2026-08-04 12:12:44.352 | INFO    |comum.dados.repositorio_cache:salvar_dados_tabela_despesa:217 - 1 registro(s) persistidos em [tbl_rpa_log_detraf_despesa_arquivos].
2026-08-04 12:12:44.352 | INFO    |src.services.processamento_service:executar:86 - Resumo — Sucesso: 1 | Não identificados: 0 | Erros: 0
2026-08-04 12:12:44.359 | INFO    |test_processamento_service:test_executar_nao_identificado_vai_para_pasta_excecao:81 - Iniciando fluxo de processamento
2026-08-04 12:12:44.360 | INFO    |test_processamento_service:test_executar_nao_identificado_vai_para_pasta_excecao:81 - Competência: 202602 | Ano: 2026
2026-08-04 12:12:44.360 | INFO    |test_processamento_service:test_executar_nao_identificado_vai_para_pasta_excecao:81 - Total de arquivos a processar: 1
2026-08-04 12:12:44.362 | INFO    |src.services.operadora_service:obter_operadora:153 - Nome Fantasia não encontrado para o EOT [999]
2026-08-04 12:12:44.363 | INFO    |src.services.operadora_service:obter_operadora:163 - Nome Fantasia não encontrado para o texto [empresainexistente999]
2026-08-04 12:12:44.363 | WARNING |src.services.processamento_service:_processar_arquivo:108 - Operadora não identificada para 'nao_identificado.csv' (eot='999', dominio='empresainexistente999.com.br', texto_busca='empresainexistente999')
2026-08-04 12:12:44.366 | WARNING |src.services.processamento_service:_processar_arquivo:111 - Operadora não identificada para 'nao_identificado.csv' (remetente: 'contato@empresainexistente999.com.br') — copiado para 'C:\Users\btime\AppData\Local\Temp\pytest-of-btime\pytest-281\test_executar_nao_identificado0\_NAO_IDENTIFICADOS\202602'
2026-08-04 12:12:44.367 | INFO    |src.services.processamento_service:executar:86 - Resumo — Sucesso: 0 | Não identificados: 1 | Erros: 0
2026-08-04 12:12:44.376 | INFO    |test_processamento_service:test_executar_clona_estrutura_do_mes_anterior:104 - Iniciando fluxo de processamento
2026-08-04 12:12:44.377 | INFO    |test_processamento_service:test_executar_clona_estrutura_do_mes_anterior:104 - Competência: 202602 | Ano: 2026
2026-08-04 12:12:44.377 | INFO    |test_processamento_service:test_executar_clona_estrutura_do_mes_anterior:104 - Total de arquivos a processar: 1
2026-08-04 12:12:44.383 | INFO    |src.services.processamento_service:executar:84 - Processado com sucesso: clonagem.csv (operadora identificada via 'eot')
2026-08-04 12:12:44.384 | INFO    |comum.dados.repositorio_cache:salvar_dados_tabela_despesa:217 - Inserindo 1 registro(s) em [tbl_rpa_log_detraf_despesa_arquivos].
2026-08-04 12:12:44.394 | INFO    |comum.dados.repositorio_cache:salvar_dados_tabela_despesa:217 - 1 registro(s) persistidos em [tbl_rpa_log_detraf_despesa_arquivos].
2026-08-04 12:12:44.395 | INFO    |src.services.processamento_service:executar:86 - Resumo — Sucesso: 1 | Não identificados: 0 | Erros: 0
2026-08-04 12:12:44.399 | INFO    |test_processamento_service:test_executar_sem_argumentos_lista_diretorio_entrada:119 - Iniciando fluxo de processamento
2026-08-04 12:12:44.399 | INFO    |test_processamento_service:test_executar_sem_argumentos_lista_diretorio_entrada:119 - Competência: 202602 | Ano: 2026
2026-08-04 12:12:44.399 | INFO    |test_processamento_service:test_executar_sem_argumentos_lista_diretorio_entrada:119 - Total de arquivos a processar: 1
2026-08-04 12:12:44.401 | INFO    |src.services.operadora_service:obter_operadora:153 - Nome Fantasia não encontrado para o EOT [999]
2026-08-04 12:12:44.403 | WARNING |src.services.processamento_service:_processar_arquivo:129 - Estrutura do mês anterior não encontrada em 'C:\Users\btime\AppData\Local\Temp\pytest-of-btime\pytest-281\test_executar_sem_argumentos_l0\operadoras\Desktop Sigmanet\2026\202601' — criando 'C:\Users\btime\AppData\Local\Temp\pytest-of-btime\pytest-281\test_executar_sem_argumentos_l0\operadoras\Desktop Sigmanet\2026\202602' vazio.
2026-08-04 12:12:44.405 | INFO    |src.services.processamento_service:executar:84 - Processado com sucesso: arquivo_solto.csv (operadora identificada via 'dominio')
2026-08-04 12:12:44.406 | INFO    |comum.dados.repositorio_cache:salvar_dados_tabela_despesa:217 - Inserindo 1 registro(s) em [tbl_rpa_log_detraf_despesa_arquivos].
2026-08-04 12:12:44.417 | INFO    |comum.dados.repositorio_cache:salvar_dados_tabela_despesa:217 - 1 registro(s) persistidos em [tbl_rpa_log_detraf_despesa_arquivos].
2026-08-04 12:12:44.418 | INFO    |src.services.processamento_service:executar:86 - Resumo — Sucesso: 1 | Não identificados: 0 | Erros: 0
2026-08-04 12:12:44.452 | WARNING |test_repositorio_arquivos:test_clonar_estrutura_mes_anterior_origem_inexistente_degrada:74 - Estrutura do mês anterior não encontrada em 'C:\Users\btime\AppData\Local\Temp\pytest-of-btime\pytest-281\test_clonar_estrutura_mes_ante2\nao_existe' — criando 'C:\Users\btime\AppData\Local\Temp\pytest-of-btime\pytest-281\test_clonar_estrutura_mes_ante2\202606' vazio.
2026-08-04 12:12:44.458 | INFO    |test_repositorio_tabelas:test_buscar_nome_fantasia_por_eot_nao_encontrado:12 - Nome Fantasia não encontrado para o EOT [999]
2026-08-04 12:12:44.461 | INFO    |test_repositorio_tabelas:test_buscar_nome_fantasia_nao_encontrado:20 - Nome Fantasia não encontrado para o texto [naoexisteoperadora]
2026-08-04 12:12:44.463 | INFO    |comum.dados.repositorio_cache:salvar_dados_tabela_despesa:217 - Inserindo 1 registro(s) em [tbl_rpa_log_detraf_despesa_arquivos].
2026-08-04 12:12:44.473 | INFO    |comum.dados.repositorio_cache:salvar_dados_tabela_despesa:217 - 1 registro(s) persistidos em [tbl_rpa_log_detraf_despesa_arquivos].
2026-08-04 12:12:44.476 | INFO    |comum.dados.repositorio_cache:salvar_dados_tabela_despesa:217 - Nenhum registro para inserir em [tbl_rpa_log_detraf_despesa_arquivos].
2026-08-04 12:12:45.436 | INFO    |comum.dados.repositorio_cache:__init__:77 - Inicializando conexão com o banco no ambiente [dev]
2026-08-04 12:12:45.436 | INFO    |comum.dados.repositorio_cache:__init__:77 - Utilizando SQLite local [C:\Users\btime\AppData\Local\Temp\detraf_epico4_teste_nzgofaex\TABELAS_DETRAF_TESTE.db]
2026-08-04 12:12:45.811 | INFO    |comum.dados.repositorio_cache:__init__:77 - Inicializando conexão com o banco no ambiente [dev]
2026-08-04 12:12:45.811 | INFO    |comum.dados.repositorio_cache:__init__:77 - Utilizando SQLite local [C:\Users\btime\AppData\Local\Temp\detraf_epico4_teste_nzgofaex\TABELAS_DETRAF_TESTE.db]
2026-08-04 12:12:45.812 | INFO    |comum.dados.repositorio_cache:obter_tabela:169 - Carregando tabela [tbl_anexo5_processado]
2026-08-04 12:12:45.814 | INFO    |comum.dados.repositorio_cache:obter_tabela:169 - Tabela [tbl_anexo5_processado] carregada | Linhas: 3 | Colunas: 6
2026-08-04 12:12:45.814 | INFO    |comum.dados.repositorio_cache:obter_tabela:169 - Carregando tabela [tbl_detraf_tarifas]
2026-08-04 12:12:45.815 | INFO    |comum.dados.repositorio_cache:obter_tabela:169 - Tabela [tbl_detraf_tarifas] carregada | Linhas: 2 | Colunas: 8
2026-08-04 12:12:45.815 | INFO    |comum.dados.repositorio_cache:obter_tabela:169 - Carregando tabela [tbl_rpa_log_detraf_despesa_contestacao]
2026-08-04 12:12:45.822 | INFO    |comum.dados.repositorio_cache:obter_tabela:169 - Tabela [tbl_rpa_log_detraf_despesa_contestacao] carregada | Linhas: 2 | Colunas: 18
2026-08-04 12:12:45.824 | INFO    |comum.dados.repositorio_cache:__init__:77 - Inicializando conexão com o banco no ambiente [dev]
2026-08-04 12:12:45.825 | INFO    |comum.dados.repositorio_cache:__init__:77 - Utilizando SQLite local [C:\Users\btime\AppData\Local\Temp\detraf_epico4_teste_nzgofaex\TABELAS_DETRAF_TESTE.db]
2026-08-04 12:12:45.825 | INFO    |comum.dados.repositorio_cache:obter_tabela:169 - Carregando tabela [tbl_anexo5_processado]
2026-08-04 12:12:45.827 | INFO    |comum.dados.repositorio_cache:obter_tabela:169 - Tabela [tbl_anexo5_processado] carregada | Linhas: 3 | Colunas: 6
2026-08-04 12:12:45.829 | INFO    |test_configuracao_ambiente:test_repositorio_tabelas_valida_eot:41 - EOT não encontrado [999]
2026-08-04 12:12:45.831 | INFO    |comum.dados.repositorio_cache:__init__:77 - Inicializando conexão com o banco no ambiente [dev]
2026-08-04 12:12:45.831 | INFO    |comum.dados.repositorio_cache:__init__:77 - Utilizando SQLite local [C:\Users\btime\AppData\Local\Temp\detraf_epico4_teste_nzgofaex\TABELAS_DETRAF_TESTE.db]
2026-08-04 12:12:45.832 | INFO    |comum.dados.repositorio_cache:obter_tabela:169 - Carregando tabela [tbl_anexo5_processado]
2026-08-04 12:12:45.833 | INFO    |comum.dados.repositorio_cache:obter_tabela:169 - Tabela [tbl_anexo5_processado] carregada | Linhas: 3 | Colunas: 6
2026-08-04 12:12:45.834 | INFO    |test_configuracao_ambiente:test_repositorio_tabelas_obtem_endereco_por_eot:49 - EOT não encontrado para busca de endereço [999]
2026-08-04 12:12:45.841 | WARNING |test_consolidacao:test_listar_arquivos_pasta_inexistente:39 - Pasta de Detrafs inexistente: [C:\Users\btime\AppData\Local\Temp\pytest-of-btime\pytest-282\test_listar_arquivos_pasta_ine0\nao_existe]
2026-08-04 12:12:45.844 | INFO    |test_consolidacao:test_consolida_e_remove_totais:43 - [STEP] Iniciando: consolidar_detrafs_operadora
2026-08-04 12:12:45.844 | INFO    |src.services.consolidacao_contestacao:consolidar_detrafs_operadora:174 - [Consolidação] 2 arquivo(s) encontrado(s) em [C:\Users\btime\AppData\Local\Temp\pytest-of-btime\pytest-282\test_consolida_e_remove_totais0\Detrafs Recebidos].
2026-08-04 12:12:45.847 | INFO    |src.services.consolidacao_contestacao:consolidar_detrafs_operadora:177 - [Consolidação] [algar_smp.csv]: 5 linha(s) -> 4 após remover totais.
2026-08-04 12:12:45.849 | INFO    |src.services.consolidacao_contestacao:consolidar_detrafs_operadora:177 - [Consolidação] [algar_stfc.csv]: 4 linha(s) -> 3 após remover totais.
2026-08-04 12:12:45.850 | INFO    |src.services.consolidacao_contestacao:consolidar_detrafs_operadora:177 - [Consolidação] Consolidado: 7 linha(s) de 2 arquivo(s).
2026-08-04 12:12:45.850 | INFO    |test_consolidacao:test_consolida_e_remove_totais:43 - [STEP] Finalizando: consolidar_detrafs_operadora | Tempo gasto: 0.01s
2026-08-04 12:12:45.853 | INFO    |test_consolidacao:test_pasta_vazia_retorna_df_vazio:57 - [STEP] Iniciando: consolidar_detrafs_operadora
2026-08-04 12:12:45.853 | INFO    |src.services.consolidacao_contestacao:consolidar_detrafs_operadora:174 - [Consolidação] 0 arquivo(s) encontrado(s) em [C:\Users\btime\AppData\Local\Temp\pytest-of-btime\pytest-282\test_pasta_vazia_retorna_df_va0\vazia].
2026-08-04 12:12:45.853 | INFO    |test_consolidacao:test_pasta_vazia_retorna_df_vazio:57 - [STEP] Finalizando: consolidar_detrafs_operadora | Tempo gasto: 0.0s
2026-08-04 12:12:45.855 | INFO    |test_consolidacao:test_fail_fast_colunas_insuficientes:66 - [STEP] Iniciando: consolidar_detrafs_operadora
2026-08-04 12:12:45.856 | INFO    |src.services.consolidacao_contestacao:consolidar_detrafs_operadora:174 - [Consolidação] 1 arquivo(s) encontrado(s) em [C:\Users\btime\AppData\Local\Temp\pytest-of-btime\pytest-282\test_fail_fast_colunas_insufic0\Detrafs Recebidos].
2026-08-04 12:12:45.857 | INFO    |test_consolidacao:test_fail_fast_colunas_insuficientes:66 - [STEP] Finalizando: consolidar_detrafs_operadora | Tempo gasto: 0.0s
2026-08-04 12:12:45.861 | INFO    |test_consolidacao:test_consolida_expectativa_filtra_D_e_remove_totais:94 - [STEP] Iniciando: consolidar_expectativa_vivo
2026-08-04 12:12:45.861 | INFO    |src.services.consolidacao_contestacao:consolidar_expectativa_vivo:207 - [Consolidação] 2 arquivo(s) encontrado(s) em [C:\Users\btime\AppData\Local\Temp\pytest-of-btime\pytest-282\test_consolida_expectativa_fil0\Detrafs Enviados].
2026-08-04 12:12:45.863 | INFO    |src.services.consolidacao_contestacao:consolidar_expectativa_vivo:211 - [Consolidação] [DETRAF_FINAL_TRP_202605_CTB_STF_VIVO_D.csv]: 4 linha(s) -> 3 após remover totais.
2026-08-04 12:12:45.863 | INFO    |src.services.consolidacao_contestacao:consolidar_expectativa_vivo:211 - [Consolidação] Consolidado: 3 linha(s) de 1 arquivo(s).
2026-08-04 12:12:45.863 | INFO    |test_consolidacao:test_consolida_expectativa_filtra_D_e_remove_totais:94 - [STEP] Finalizando: consolidar_expectativa_vivo | Tempo gasto: 0.0s
2026-08-04 12:12:45.866 | INFO    |test_consolidacao:test_expectativa_truncamento_ate_coluna:103 - [STEP] Iniciando: consolidar_expectativa_vivo
2026-08-04 12:12:45.867 | INFO    |src.services.consolidacao_contestacao:consolidar_expectativa_vivo:207 - [Consolidação] 2 arquivo(s) encontrado(s) em [C:\Users\btime\AppData\Local\Temp\pytest-of-btime\pytest-282\test_expectativa_truncamento_a0\Detrafs Enviados].
2026-08-04 12:12:45.869 | INFO    |src.services.consolidacao_contestacao:consolidar_expectativa_vivo:211 - [Consolidação] [DETRAF_FINAL_TRP_202605_CTB_STF_VIVO_D.csv]: 4 linha(s) -> 3 após remover totais.
2026-08-04 12:12:45.870 | INFO    |src.services.consolidacao_contestacao:consolidar_expectativa_vivo:211 - [Consolidação] Consolidado: 3 linha(s) de 1 arquivo(s).
2026-08-04 12:12:45.870 | INFO    |test_consolidacao:test_expectativa_truncamento_ate_coluna:103 - [STEP] Finalizando: consolidar_expectativa_vivo | Tempo gasto: 0.0s
2026-08-04 12:12:45.873 | INFO    |test_consolidacao:test_expectativa_sem_arquivo_D_retorna_vazio:114 - [STEP] Iniciando: consolidar_expectativa_vivo
2026-08-04 12:12:45.873 | INFO    |src.services.consolidacao_contestacao:consolidar_expectativa_vivo:207 - [Consolidação] 1 arquivo(s) encontrado(s) em [C:\Users\btime\AppData\Local\Temp\pytest-of-btime\pytest-282\test_expectativa_sem_arquivo_D0\Detrafs Enviados].
2026-08-04 12:12:45.873 | WARNING |comum.utils.decoradores:wrapper:22 - [Consolidação] Nenhum arquivo de expectativa (_D_) em [C:\Users\btime\AppData\Local\Temp\pytest-of-btime\pytest-282\test_expectativa_sem_arquivo_D0\Detrafs Enviados].
2026-08-04 12:12:45.873 | INFO    |test_consolidacao:test_expectativa_sem_arquivo_D_retorna_vazio:114 - [STEP] Finalizando: consolidar_expectativa_vivo | Tempo gasto: 0.0s
2026-08-04 12:12:45.875 | INFO    |test_consolidacao:test_montar_resumo_agrupa_por_referencia_e_trafego:134 - [STEP] Iniciando: montar_resumo
2026-08-04 12:12:45.878 | INFO    |comum.utils.decoradores:wrapper:22 - [Consolidação] RESUMO: 2 combinação(ões) Referência/Tráfego.
2026-08-04 12:12:45.878 | INFO    |test_consolidacao:test_montar_resumo_agrupa_por_referencia_e_trafego:134 - [STEP] Finalizando: montar_resumo | Tempo gasto: 0.0s
2026-08-04 12:12:45.880 | INFO    |test_consolidacao:test_montar_resumo_vazio_retorna_df_vazio_com_colunas:142 - [STEP] Iniciando: montar_resumo
2026-08-04 12:12:45.880 | INFO    |test_consolidacao:test_montar_resumo_vazio_retorna_df_vazio_com_colunas:142 - [STEP] Finalizando: montar_resumo | Tempo gasto: 0.0s
2026-08-04 12:12:45.881 | INFO    |comum.dados.repositorio_cache:__init__:77 - Inicializando conexão com o banco no ambiente [dev]
2026-08-04 12:12:45.882 | INFO    |comum.dados.repositorio_cache:__init__:77 - Utilizando SQLite local [C:\Users\btime\AppData\Local\Temp\detraf_epico4_teste_nzgofaex\TABELAS_DETRAF_TESTE.db]
2026-08-04 12:12:45.882 | INFO    |comum.dados.repositorio_cache:obter_tabela:169 - Carregando tabela [tbl_detraf_mapeamento_descritores]
2026-08-04 12:12:45.883 | INFO    |comum.dados.repositorio_cache:obter_tabela:169 - Tabela [tbl_detraf_mapeamento_descritores] carregada | Linhas: 25 | Colunas: 5
2026-08-04 12:12:45.886 | INFO    |test_consolidacao:test_montar_contest_bate_com_exemplo_real_da_carta:176 - [STEP] Iniciando: montar_contest
2026-08-04 12:12:45.898 | INFO    |comum.utils.decoradores:wrapper:22 - [Consolidação] Contest: 1 combinação(ões) analisada(s).
2026-08-04 12:12:45.899 | INFO    |test_consolidacao:test_montar_contest_bate_com_exemplo_real_da_carta:176 - [STEP] Finalizando: montar_contest | Tempo gasto: 0.01s
2026-08-04 12:12:45.902 | INFO    |comum.dados.repositorio_cache:__init__:77 - Inicializando conexão com o banco no ambiente [dev]
2026-08-04 12:12:45.902 | INFO    |comum.dados.repositorio_cache:__init__:77 - Utilizando SQLite local [C:\Users\btime\AppData\Local\Temp\detraf_epico4_teste_nzgofaex\TABELAS_DETRAF_TESTE.db]
2026-08-04 12:12:45.902 | INFO    |comum.dados.repositorio_cache:obter_tabela:169 - Carregando tabela [tbl_detraf_mapeamento_descritores]
2026-08-04 12:12:45.903 | INFO    |comum.dados.repositorio_cache:obter_tabela:169 - Tabela [tbl_detraf_mapeamento_descritores] carregada | Linhas: 25 | Colunas: 5
2026-08-04 12:12:45.907 | INFO    |test_consolidacao:test_montar_contest_variacao_abaixo_do_limiar_marca_N:202 - [STEP] Iniciando: montar_contest
2026-08-04 12:12:45.916 | INFO    |comum.utils.decoradores:wrapper:22 - [Consolidação] Contest: 1 combinação(ões) analisada(s).
2026-08-04 12:12:45.917 | INFO    |test_consolidacao:test_montar_contest_variacao_abaixo_do_limiar_marca_N:202 - [STEP] Finalizando: montar_contest | Tempo gasto: 0.01s
2026-08-04 12:12:45.919 | INFO    |comum.dados.repositorio_cache:__init__:77 - Inicializando conexão com o banco no ambiente [dev]
2026-08-04 12:12:45.919 | INFO    |comum.dados.repositorio_cache:__init__:77 - Utilizando SQLite local [C:\Users\btime\AppData\Local\Temp\detraf_epico4_teste_nzgofaex\TABELAS_DETRAF_TESTE.db]
2026-08-04 12:12:45.920 | INFO    |comum.dados.repositorio_cache:obter_tabela:169 - Carregando tabela [tbl_detraf_mapeamento_descritores]
2026-08-04 12:12:45.922 | INFO    |comum.dados.repositorio_cache:obter_tabela:169 - Tabela [tbl_detraf_mapeamento_descritores] carregada | Linhas: 25 | Colunas: 5
2026-08-04 12:12:45.925 | INFO    |test_consolidacao:test_montar_contest_par_ausente_lado_zerado:217 - [STEP] Iniciando: montar_contest
2026-08-04 12:12:45.932 | INFO    |comum.utils.decoradores:wrapper:22 - [Consolidação] Contest: 1 combinação(ões) analisada(s).
2026-08-04 12:12:45.932 | INFO    |test_consolidacao:test_montar_contest_par_ausente_lado_zerado:217 - [STEP] Finalizando: montar_contest | Tempo gasto: 0.01s
2026-08-04 12:12:45.934 | INFO    |comum.dados.repositorio_cache:__init__:77 - Inicializando conexão com o banco no ambiente [dev]
2026-08-04 12:12:45.935 | INFO    |comum.dados.repositorio_cache:__init__:77 - Utilizando SQLite local [C:\Users\btime\AppData\Local\Temp\detraf_epico4_teste_nzgofaex\TABELAS_DETRAF_TESTE.db]
2026-08-04 12:12:45.935 | INFO    |comum.dados.repositorio_cache:obter_tabela:169 - Carregando tabela [tbl_detraf_mapeamento_descritores]
2026-08-04 12:12:45.936 | INFO    |comum.dados.repositorio_cache:obter_tabela:169 - Tabela [tbl_detraf_mapeamento_descritores] carregada | Linhas: 25 | Colunas: 5
2026-08-04 12:12:45.940 | INFO    |test_consolidacao:test_montar_contest_descritor_nao_mapeado_e_ignorado:232 - [STEP] Iniciando: montar_contest
2026-08-04 12:12:45.941 | INFO    |src.services.consolidacao_contestacao:montar_contest:385 - [Consolidação] 1 linha(s) com descritor não mapeado — ignoradas na aba Contest (AI/09 §7).
2026-08-04 12:12:45.944 | INFO    |comum.utils.decoradores:wrapper:22 - [Consolidação] Contest: 0 combinação(ões) analisada(s).
2026-08-04 12:12:45.944 | INFO    |test_consolidacao:test_montar_contest_descritor_nao_mapeado_e_ignorado:232 - [STEP] Finalizando: montar_contest | Tempo gasto: 0.0s
2026-08-04 12:12:45.947 | INFO    |comum.dados.repositorio_cache:__init__:77 - Inicializando conexão com o banco no ambiente [dev]
2026-08-04 12:12:45.947 | INFO    |comum.dados.repositorio_cache:__init__:77 - Utilizando SQLite local [C:\Users\btime\AppData\Local\Temp\detraf_epico4_teste_nzgofaex\TABELAS_DETRAF_TESTE.db]
2026-08-04 12:12:45.947 | INFO    |comum.dados.repositorio_cache:obter_tabela:169 - Carregando tabela [tbl_detraf_mapeamento_descritores]
2026-08-04 12:12:45.949 | INFO    |comum.dados.repositorio_cache:obter_tabela:169 - Tabela [tbl_detraf_mapeamento_descritores] carregada | Linhas: 25 | Colunas: 5
2026-08-04 12:12:45.951 | INFO    |test_consolidacao:test_montar_contest_descritor_antes_ambiguo_agora_resolvido:246 - [STEP] Iniciando: montar_contest
2026-08-04 12:12:45.958 | INFO    |comum.utils.decoradores:wrapper:22 - [Consolidação] Contest: 1 combinação(ões) analisada(s).
2026-08-04 12:12:45.959 | INFO    |test_consolidacao:test_montar_contest_descritor_antes_ambiguo_agora_resolvido:246 - [STEP] Finalizando: montar_contest | Tempo gasto: 0.01s
2026-08-04 12:12:45.961 | INFO    |comum.dados.repositorio_cache:__init__:77 - Inicializando conexão com o banco no ambiente [dev]
2026-08-04 12:12:45.962 | INFO    |comum.dados.repositorio_cache:__init__:77 - Utilizando SQLite local [C:\Users\btime\AppData\Local\Temp\detraf_epico4_teste_nzgofaex\TABELAS_DETRAF_TESTE.db]
2026-08-04 12:12:45.962 | INFO    |comum.dados.repositorio_cache:obter_tabela:169 - Carregando tabela [tbl_detraf_mapeamento_descritores]
2026-08-04 12:12:45.963 | INFO    |comum.dados.repositorio_cache:obter_tabela:169 - Tabela [tbl_detraf_mapeamento_descritores] carregada | Linhas: 25 | Colunas: 5
2026-08-04 12:12:45.966 | INFO    |test_consolidacao:test_montar_contest_tipo_operacao_opcional:258 - [STEP] Iniciando: montar_contest
2026-08-04 12:12:45.974 | INFO    |comum.utils.decoradores:wrapper:22 - [Consolidação] Contest: 1 combinação(ões) analisada(s).
2026-08-04 12:12:45.974 | INFO    |test_consolidacao:test_montar_contest_tipo_operacao_opcional:258 - [STEP] Finalizando: montar_contest | Tempo gasto: 0.01s
2026-08-04 12:12:45.977 | INFO    |comum.dados.repositorio_cache:__init__:77 - Inicializando conexão com o banco no ambiente [dev]
2026-08-04 12:12:45.977 | INFO    |comum.dados.repositorio_cache:__init__:77 - Utilizando SQLite local [C:\Users\btime\AppData\Local\Temp\detraf_epico4_teste_nzgofaex\TABELAS_DETRAF_TESTE.db]
2026-08-04 12:12:45.978 | INFO    |comum.dados.repositorio_cache:obter_tabela:169 - Carregando tabela [tbl_rpa_log_detraf_despesa_contestacao]
2026-08-04 12:12:45.979 | INFO    |comum.dados.repositorio_cache:obter_tabela:169 - Tabela [tbl_rpa_log_detraf_despesa_contestacao] carregada | Linhas: 2 | Colunas: 18
2026-08-04 12:12:45.983 | INFO    |comum.dados.repositorio_cache:__init__:77 - Inicializando conexão com o banco no ambiente [dev]
2026-08-04 12:12:45.983 | INFO    |comum.dados.repositorio_cache:__init__:77 - Utilizando SQLite local [C:\Users\btime\AppData\Local\Temp\detraf_epico4_teste_nzgofaex\TABELAS_DETRAF_TESTE.db]
2026-08-04 12:12:45.984 | INFO    |comum.dados.repositorio_cache:obter_tabela:169 - Carregando tabela [tbl_rpa_log_detraf_despesa_contestacao]
2026-08-04 12:12:45.986 | INFO    |comum.dados.repositorio_cache:obter_tabela:169 - Tabela [tbl_rpa_log_detraf_despesa_contestacao] carregada | Linhas: 2 | Colunas: 18
2026-08-04 12:12:45.990 | INFO    |comum.dados.repositorio_cache:__init__:77 - Inicializando conexão com o banco no ambiente [dev]
2026-08-04 12:12:45.990 | INFO    |comum.dados.repositorio_cache:__init__:77 - Utilizando SQLite local [C:\Users\btime\AppData\Local\Temp\detraf_epico4_teste_nzgofaex\TABELAS_DETRAF_TESTE.db]
2026-08-04 12:12:45.991 | INFO    |comum.dados.repositorio_cache:obter_tabela:169 - Carregando tabela [tbl_rpa_log_detraf_despesa_contestacao]
2026-08-04 12:12:45.993 | INFO    |comum.dados.repositorio_cache:obter_tabela:169 - Tabela [tbl_rpa_log_detraf_despesa_contestacao] carregada | Linhas: 2 | Colunas: 18
2026-08-04 12:12:45.994 | INFO    |test_contestacao_sinal:test_nao_encontrado_retorna_none:31 - Sinal de contestação não encontrado para [operadora=999, tbra=011, referencia=202507, trafego=202507, remuneracao=TU-RL] — tratado como sem contestação.
2026-08-04 12:12:45.996 | INFO    |comum.dados.repositorio_cache:__init__:77 - Inicializando conexão com o banco no ambiente [dev]
2026-08-04 12:12:45.996 | INFO    |comum.dados.repositorio_cache:__init__:77 - Utilizando SQLite local [C:\Users\btime\AppData\Local\Temp\detraf_epico4_teste_nzgofaex\TABELAS_DETRAF_TESTE.db]
2026-08-04 12:12:45.997 | INFO    |comum.dados.repositorio_cache:obter_tabela:169 - Carregando tabela [tbl_rpa_log_detraf_despesa_contestacao]
2026-08-04 12:12:45.998 | INFO    |comum.dados.repositorio_cache:obter_tabela:169 - Tabela [tbl_rpa_log_detraf_despesa_contestacao] carregada | Linhas: 2 | Colunas: 18
2026-08-04 12:12:46.000 | INFO    |test_contestacao_sinal:test_remuneracao_diferente_nao_encontra:42 - Sinal de contestação não encontrado para [operadora=021, tbra=011, referencia=202507, trafego=202507, remuneracao=OUTRA-REMUNERACAO] — tratado como sem contestação.
2026-08-04 12:12:46.002 | INFO    |comum.dados.repositorio_cache:__init__:77 - Inicializando conexão com o banco no ambiente [dev]
2026-08-04 12:12:46.002 | INFO    |comum.dados.repositorio_cache:__init__:77 - Utilizando SQLite local [C:\Users\btime\AppData\Local\Temp\detraf_epico4_teste_nzgofaex\TABELAS_DETRAF_TESTE.db]
2026-08-04 12:12:46.003 | INFO    |comum.dados.repositorio_cache:obter_tabela:169 - Carregando tabela [tbl_rpa_log_detraf_despesa_contestacao]
2026-08-04 12:12:46.006 | INFO    |comum.dados.repositorio_cache:obter_tabela:169 - Tabela [tbl_rpa_log_detraf_despesa_contestacao] carregada | Linhas: 2 | Colunas: 18
2026-08-04 12:12:46.010 | INFO    |test_encontro_contas:test_preparar_atualizacoes_vazio_retorna_vazio:56 - [STEP] Iniciando: preparar_atualizacoes_despesa_contestacao
2026-08-04 12:12:46.010 | INFO    |test_encontro_contas:test_preparar_atualizacoes_vazio_retorna_vazio:56 - [STEP] Finalizando: preparar_atualizacoes_despesa_contestacao | Tempo gasto: 0.0s
2026-08-04 12:12:46.012 | INFO    |test_encontro_contas:test_preparar_atualizacoes_inclui_todas_independente_de_contestacao_a_enviar:72 - [STEP] Iniciando: preparar_atualizacoes_despesa_contestacao
2026-08-04 12:12:46.012 | INFO    |comum.utils.decoradores:wrapper:22 - [HU-19 Despesa Contestação] 2 atualização(ões) preparada(s).
2026-08-04 12:12:46.013 | INFO    |test_encontro_contas:test_preparar_atualizacoes_inclui_todas_independente_de_contestacao_a_enviar:72 - [STEP] Finalizando: preparar_atualizacoes_despesa_contestacao | Tempo gasto: 0.0s
2026-08-04 12:12:46.014 | INFO    |test_encontro_contas:test_preparar_atualizacoes_monta_a_chave_da_linha:80 - [STEP] Iniciando: preparar_atualizacoes_despesa_contestacao
2026-08-04 12:12:46.014 | INFO    |comum.utils.decoradores:wrapper:22 - [HU-19 Despesa Contestação] 1 atualização(ões) preparada(s).
2026-08-04 12:12:46.015 | INFO    |test_encontro_contas:test_preparar_atualizacoes_monta_a_chave_da_linha:80 - [STEP] Finalizando: preparar_atualizacoes_despesa_contestacao | Tempo gasto: 0.0s
2026-08-04 12:12:46.016 | INFO    |test_encontro_contas:test_preparar_atualizacoes_vb_operadora_e_vb_diferenca_sempre_negativos:97 - [STEP] Iniciando: preparar_atualizacoes_despesa_contestacao
2026-08-04 12:12:46.017 | INFO    |comum.utils.decoradores:wrapper:22 - [HU-19 Despesa Contestação] 2 atualização(ões) preparada(s).
2026-08-04 12:12:46.017 | INFO    |test_encontro_contas:test_preparar_atualizacoes_vb_operadora_e_vb_diferenca_sempre_negativos:97 - [STEP] Finalizando: preparar_atualizacoes_despesa_contestacao | Tempo gasto: 0.0s
2026-08-04 12:12:46.018 | INFO    |test_encontro_contas:test_preparar_atualizacoes_nao_escreve_campos_de_outras_hus:112 - [STEP] Iniciando: preparar_atualizacoes_despesa_contestacao
2026-08-04 12:12:46.019 | INFO    |comum.utils.decoradores:wrapper:22 - [HU-19 Despesa Contestação] 1 atualização(ões) preparada(s).
2026-08-04 12:12:46.019 | INFO    |test_encontro_contas:test_preparar_atualizacoes_nao_escreve_campos_de_outras_hus:112 - [STEP] Finalizando: preparar_atualizacoes_despesa_contestacao | Tempo gasto: 0.0s
2026-08-04 12:12:46.021 | INFO    |test_encontro_contas:test_preparar_atualizacoes_atualiza_exatamente_os_seis_campos_da_v2:128 - [STEP] Iniciando: preparar_atualizacoes_despesa_contestacao
2026-08-04 12:12:46.022 | INFO    |comum.utils.decoradores:wrapper:22 - [HU-19 Despesa Contestação] 1 atualização(ões) preparada(s).
2026-08-04 12:12:46.022 | INFO    |test_encontro_contas:test_preparar_atualizacoes_atualiza_exatamente_os_seis_campos_da_v2:128 - [STEP] Finalizando: preparar_atualizacoes_despesa_contestacao | Tempo gasto: 0.0s
2026-08-04 12:12:46.029 | WARNING |test_envio_email_contestacao:test_pasta_inexistente_devolve_nada_sem_levantar:70 - [HU-15] Pasta de contestações não encontrada para OPERADORA_SEM_PASTA/202507: [C:\Users\btime\AppData\Local\Temp\pytest-of-btime\pytest-282\test_pasta_inexistente_devolve0\Operadoras\OPERADORA_SEM_PASTA\2025\202507\Contestações].
2026-08-04 12:12:46.032 | WARNING |test_envio_email_contestacao:test_env_de_outro_mes_nao_e_confundido:81 - [HU-15] Arquivo _ENV não encontrado: [C:\Users\btime\AppData\Local\Temp\pytest-of-btime\pytest-282\test_env_de_outro_mes_nao_e_co0\Operadoras\CLARO\2025\202507\Contestações\Base Contestação_CLARO_202507_ENV.xlsx].
2026-08-04 12:12:46.033 | WARNING |test_envio_email_contestacao:test_env_de_outro_mes_nao_e_confundido:81 - [HU-15] Carta CT não encontrada em [C:\Users\btime\AppData\Local\Temp\pytest-of-btime\pytest-282\test_env_de_outro_mes_nao_e_co0\Operadoras\CLARO\2025\202507\Contestações].
2026-08-04 12:12:46.038 | WARNING |test_envio_email_contestacao:test_duas_cartas_usa_a_mais_recente:98 - [HU-15] 2 cartas em [C:\Users\btime\AppData\Local\Temp\pytest-of-btime\pytest-282\test_duas_cartas_usa_a_mais_re0\Operadoras\CLARO\2025\202507\Contestações] para CLARO/202507 — usando a mais recente: [CT - 364.docx].
2026-08-04 12:12:46.039 | WARNING |test_envio_email_contestacao:test_destinatarios_bloqueado_na_q16:107 - [HU-15] Contatos de 'CLARO' indisponíveis: a tabela de contatos do WebFat ainda não foi informada pelo cliente (pendência Q16).
2026-08-04 12:12:46.040 | WARNING |test_envio_email_contestacao:test_busca_de_sinalizadas_nao_devolve_nada_sem_controle_de_reenvio:110 - [HU-15] Busca de contestações sinalizadas ainda não ligada: falta a coluna que marca o e-mail como enviado, sem a qual não há proteção contra reenvio.
2026-08-04 12:12:46.044 | INFO    |test_envio_email_contestacao:test_sem_destinatario_nao_envia_e_acusa:122 - [STEP] Iniciando: enviar_contestacao
2026-08-04 12:12:46.044 | WARNING |src.services.envio_email_contestacao:enviar_contestacao:192 - [HU-15] Contatos de 'CLARO' indisponíveis: a tabela de contatos do WebFat ainda não foi informada pelo cliente (pendência Q16).
2026-08-04 12:12:46.044 | INFO    |test_envio_email_contestacao:test_sem_destinatario_nao_envia_e_acusa:122 - [STEP] Finalizando: enviar_contestacao | Tempo gasto: 0.0s
2026-08-04 12:12:46.047 | INFO    |test_envio_email_contestacao:test_falta_de_anexo_e_nomeada_no_erro:133 - [STEP] Iniciando: enviar_contestacao
2026-08-04 12:12:46.047 | WARNING |src.services.envio_email_contestacao:enviar_contestacao:193 - [HU-15] Arquivo _ENV não encontrado: [C:\Users\btime\AppData\Local\Temp\pytest-of-btime\pytest-282\test_falta_de_anexo_e_nomeada_0\Operadoras\CLARO\2025\202507\Contestações\Base Contestação_CLARO_202507_ENV.xlsx].
2026-08-04 12:12:46.048 | WARNING |src.services.envio_email_contestacao:enviar_contestacao:193 - [HU-15] Carta CT não encontrada em [C:\Users\btime\AppData\Local\Temp\pytest-of-btime\pytest-282\test_falta_de_anexo_e_nomeada_0\Operadoras\CLARO\2025\202507\Contestações].
2026-08-04 12:12:46.048 | INFO    |test_envio_email_contestacao:test_falta_de_anexo_e_nomeada_no_erro:133 - [STEP] Finalizando: enviar_contestacao | Tempo gasto: 0.0s
2026-08-04 12:12:46.051 | INFO    |test_envio_email_contestacao:test_kill_switch_desligado_monta_e_nao_envia:144 - [STEP] Iniciando: enviar_contestacao
2026-08-04 12:12:46.052 | INFO    |comum.utils.decoradores:wrapper:22 - [MODO SEGURO] PERMITIR_ENVIO_EMAIL=false — e-mail montado e não enviado: 'CONTESTAÇÃO_TBRA|CLARO_202507' para ['op@exemplo.com'], anexos [CT - 363.docx, Base Contestação_CLARO_202507_ENV.xlsx].
2026-08-04 12:12:46.052 | INFO    |test_envio_email_contestacao:test_kill_switch_desligado_monta_e_nao_envia:144 - [STEP] Finalizando: enviar_contestacao | Tempo gasto: 0.0s
2026-08-04 12:12:46.056 | INFO    |test_envio_email_contestacao:test_com_tudo_pronto_envia_carta_e_env:155 - [STEP] Iniciando: enviar_contestacao
2026-08-04 12:12:46.057 | INFO    |comum.utils.decoradores:wrapper:22 - [HU-15] Contestação de CLARO/202507 enviada para ['op@exemplo.com'].
2026-08-04 12:12:46.057 | INFO    |test_envio_email_contestacao:test_com_tudo_pronto_envia_carta_e_env:155 - [STEP] Finalizando: enviar_contestacao | Tempo gasto: 0.0s
2026-08-04 12:12:46.070 | INFO    |comum.dados.repositorio_cache:__init__:77 - Inicializando conexão com o banco no ambiente [dev]
2026-08-04 12:12:46.071 | INFO    |comum.dados.repositorio_cache:__init__:77 - Utilizando SQLite local [C:\Users\btime\AppData\Local\Temp\detraf_epico4_teste_nzgofaex\TABELAS_DETRAF_TESTE.db]
2026-08-04 12:12:46.073 | INFO    |test_geracao_agi_controller:test_gerar_cont_proc_grava_arquivo_e_regrava_o_sinal:50 - [STEP] Iniciando: GeracaoAgiController.gerar_cont_proc
2026-08-04 12:12:46.074 | INFO    |src.controllers.geracao_agi_controller:gerar_cont_proc:54 - [STEP] Iniciando: montar_linhas_cont_proc
2026-08-04 12:12:46.074 | INFO    |src.services.geracao_cont_proc:montar_linhas_cont_proc:195 - [STEP] Iniciando: selecionar_linhas_contestadas
2026-08-04 12:12:46.075 | INFO    |comum.dados.repositorio_cache:obter_tabela:169 - Carregando tabela [tbl_rpa_log_detraf_despesa_contestacao]
2026-08-04 12:12:46.076 | INFO    |comum.dados.repositorio_cache:obter_tabela:169 - Tabela [tbl_rpa_log_detraf_despesa_contestacao] carregada | Linhas: 2 | Colunas: 18
2026-08-04 12:12:46.078 | INFO    |comum.utils.decoradores:wrapper:22 - [HU-16 CONT_PROC] 1 linha(s) contestada(s).
2026-08-04 12:12:46.079 | INFO    |src.services.geracao_cont_proc:montar_linhas_cont_proc:195 - [STEP] Finalizando: selecionar_linhas_contestadas | Tempo gasto: 0.01s
2026-08-04 12:12:46.080 | INFO    |comum.utils.decoradores:wrapper:22 - [HU-16 CONT_PROC] 1 linha(s) montada(s) (T-100+T-101 completos).
2026-08-04 12:12:46.080 | INFO    |src.controllers.geracao_agi_controller:gerar_cont_proc:54 - [STEP] Finalizando: montar_linhas_cont_proc | Tempo gasto: 0.01s
2026-08-04 12:12:46.080 | INFO    |src.controllers.geracao_agi_controller:gerar_cont_proc:60 - [STEP] Iniciando: gerar_arquivo_cont_proc
2026-08-04 12:12:46.193 | INFO    |comum.utils.decoradores:wrapper:22 - [HU-16 CONT_PROC] Arquivo gravado em [C:\Users\btime\AppData\Local\Temp\pytest-of-btime\pytest-282\test_gerar_cont_proc_grava_arq0\Claro\2025\202507\AGI\CONT_PROC_MASCARA_Claro_202507.xlsx].
2026-08-04 12:12:46.193 | INFO    |src.controllers.geracao_agi_controller:gerar_cont_proc:60 - [STEP] Finalizando: gerar_arquivo_cont_proc | Tempo gasto: 0.11s
2026-08-04 12:12:46.193 | INFO    |src.controllers.geracao_agi_controller:gerar_cont_proc:70 - [STEP] Iniciando: selecionar_linhas_contestadas
2026-08-04 12:12:46.196 | INFO    |comum.utils.decoradores:wrapper:22 - [HU-16 CONT_PROC] 1 linha(s) contestada(s).
2026-08-04 12:12:46.196 | INFO    |src.controllers.geracao_agi_controller:gerar_cont_proc:70 - [STEP] Finalizando: selecionar_linhas_contestadas | Tempo gasto: 0.0s
2026-08-04 12:12:46.199 | INFO    |comum.dados.repositorio_tabelas:_atualizar_contestacao_em_lote:864 - 1 linha(s) atualizada(s) em [tbl_rpa_log_detraf_despesa_contestacao].
2026-08-04 12:12:46.199 | INFO    |comum.dados.repositorio_cache:recarregar_cache_local:330 - Carregando tabela [tbl_rpa_log_detraf_despesa_contestacao]
2026-08-04 12:12:46.200 | INFO    |comum.dados.repositorio_cache:recarregar_cache_local:330 - Tabela [tbl_rpa_log_detraf_despesa_contestacao] carregada | Linhas: 2 | Colunas: 18
2026-08-04 12:12:46.200 | INFO    |comum.dados.repositorio_tabelas:atualizar_tipo_contestacao:930 - [HU-16 Writeback tipo_contestacao] 1 linha(s) atualizada(s), 0 chave(s) ausente(s).
2026-08-04 12:12:46.200 | INFO    |test_geracao_agi_controller:test_gerar_cont_proc_grava_arquivo_e_regrava_o_sinal:50 - [STEP] Finalizando: GeracaoAgiController.gerar_cont_proc | Tempo gasto: 0.13s
2026-08-04 12:12:46.205 | INFO    |comum.dados.repositorio_cache:__init__:77 - Inicializando conexão com o banco no ambiente [dev]
2026-08-04 12:12:46.205 | INFO    |comum.dados.repositorio_cache:__init__:77 - Utilizando SQLite local [C:\Users\btime\AppData\Local\Temp\detraf_epico4_teste_nzgofaex\TABELAS_DETRAF_TESTE.db]
2026-08-04 12:12:46.207 | INFO    |test_geracao_agi_controller:test_gerar_cont_proc_sem_contestacao_nao_gera_nem_regrava:67 - [STEP] Iniciando: GeracaoAgiController.gerar_cont_proc
2026-08-04 12:12:46.207 | INFO    |src.controllers.geracao_agi_controller:gerar_cont_proc:54 - [STEP] Iniciando: montar_linhas_cont_proc
2026-08-04 12:12:46.208 | INFO    |src.services.geracao_cont_proc:montar_linhas_cont_proc:195 - [STEP] Iniciando: selecionar_linhas_contestadas
2026-08-04 12:12:46.209 | INFO    |comum.dados.repositorio_cache:obter_tabela:169 - Carregando tabela [tbl_rpa_log_detraf_despesa_contestacao]
2026-08-04 12:12:46.210 | INFO    |comum.dados.repositorio_cache:obter_tabela:169 - Tabela [tbl_rpa_log_detraf_despesa_contestacao] carregada | Linhas: 2 | Colunas: 18
2026-08-04 12:12:46.211 | INFO    |src.services.geracao_cont_proc:selecionar_linhas_contestadas:115 - Sinal de contestação não encontrado para [operadora=999, tbra=011, referencia=202507, trafego=202507, remuneracao=TU-COM] — tratado como sem contestação.
2026-08-04 12:12:46.212 | INFO    |comum.utils.decoradores:wrapper:22 - [HU-16 CONT_PROC] Nenhuma combinação com sinal do analista (todas 'sem contestação' apesar da variação).
2026-08-04 12:12:46.213 | INFO    |src.services.geracao_cont_proc:montar_linhas_cont_proc:195 - [STEP] Finalizando: selecionar_linhas_contestadas | Tempo gasto: 0.01s
2026-08-04 12:12:46.213 | INFO    |src.controllers.geracao_agi_controller:gerar_cont_proc:54 - [STEP] Finalizando: montar_linhas_cont_proc | Tempo gasto: 0.01s
2026-08-04 12:12:46.213 | INFO    |src.controllers.geracao_agi_controller:gerar_cont_proc:60 - [STEP] Iniciando: gerar_arquivo_cont_proc
2026-08-04 12:12:46.213 | INFO    |comum.utils.decoradores:wrapper:22 - [HU-16 CONT_PROC] Nada a gravar (nenhuma linha a contestar).
2026-08-04 12:12:46.213 | INFO    |src.controllers.geracao_agi_controller:gerar_cont_proc:60 - [STEP] Finalizando: gerar_arquivo_cont_proc | Tempo gasto: 0.0s
2026-08-04 12:12:46.213 | INFO    |test_geracao_agi_controller:test_gerar_cont_proc_sem_contestacao_nao_gera_nem_regrava:67 - [STEP] Finalizando: GeracaoAgiController.gerar_cont_proc | Tempo gasto: 0.01s
2026-08-04 12:12:46.216 | INFO    |comum.dados.repositorio_cache:__init__:77 - Inicializando conexão com o banco no ambiente [dev]
2026-08-04 12:12:46.216 | INFO    |comum.dados.repositorio_cache:__init__:77 - Utilizando SQLite local [C:\Users\btime\AppData\Local\Temp\detraf_epico4_teste_nzgofaex\TABELAS_DETRAF_TESTE.db]
2026-08-04 12:12:46.217 | INFO    |test_geracao_agi_controller:test_atualizar_despesa_contestacao_delega_e_devolve_o_resumo:78 - [STEP] Iniciando: GeracaoAgiController.atualizar_despesa_contestacao
2026-08-04 12:12:46.217 | INFO    |src.controllers.geracao_agi_controller:atualizar_despesa_contestacao:90 - [STEP] Iniciando: preparar_atualizacoes_despesa_contestacao
2026-08-04 12:12:46.218 | INFO    |comum.utils.decoradores:wrapper:22 - [HU-19 Despesa Contestação] 1 atualização(ões) preparada(s).
2026-08-04 12:12:46.219 | INFO    |src.controllers.geracao_agi_controller:atualizar_despesa_contestacao:90 - [STEP] Finalizando: preparar_atualizacoes_despesa_contestacao | Tempo gasto: 0.0s
2026-08-04 12:12:46.219 | INFO    |comum.dados.repositorio_cache:obter_tabela:169 - Carregando tabela [tbl_rpa_log_detraf_despesa_contestacao]
2026-08-04 12:12:46.221 | INFO    |comum.dados.repositorio_cache:obter_tabela:169 - Tabela [tbl_rpa_log_detraf_despesa_contestacao] carregada | Linhas: 2 | Colunas: 18
2026-08-04 12:12:46.227 | INFO    |comum.dados.repositorio_tabelas:_atualizar_contestacao_em_lote:864 - 1 linha(s) atualizada(s) em [tbl_rpa_log_detraf_despesa_contestacao].
2026-08-04 12:12:46.227 | INFO    |comum.dados.repositorio_cache:recarregar_cache_local:330 - Carregando tabela [tbl_rpa_log_detraf_despesa_contestacao]
2026-08-04 12:12:46.228 | INFO    |comum.dados.repositorio_cache:recarregar_cache_local:330 - Tabela [tbl_rpa_log_detraf_despesa_contestacao] carregada | Linhas: 2 | Colunas: 18
2026-08-04 12:12:46.229 | INFO    |comum.dados.repositorio_tabelas:atualizar_despesa_contestacao:903 - [HU-19 Despesa Contestação] 1 linha(s) atualizada(s), 0 chave(s) ausente(s).
2026-08-04 12:12:46.229 | INFO    |test_geracao_agi_controller:test_atualizar_despesa_contestacao_delega_e_devolve_o_resumo:78 - [STEP] Finalizando: GeracaoAgiController.atualizar_despesa_contestacao | Tempo gasto: 0.01s
2026-08-04 12:12:46.231 | INFO    |test_geracao_cont_proc:test_df_vazio_retorna_vazio:48 - [STEP] Iniciando: montar_linhas_cont_proc
2026-08-04 12:12:46.231 | INFO    |src.services.geracao_cont_proc:montar_linhas_cont_proc:195 - [STEP] Iniciando: selecionar_linhas_contestadas
2026-08-04 12:12:46.232 | INFO    |src.services.geracao_cont_proc:montar_linhas_cont_proc:195 - [STEP] Finalizando: selecionar_linhas_contestadas | Tempo gasto: 0.0s
2026-08-04 12:12:46.232 | INFO    |test_geracao_cont_proc:test_df_vazio_retorna_vazio:48 - [STEP] Finalizando: montar_linhas_cont_proc | Tempo gasto: 0.0s
2026-08-04 12:12:46.233 | INFO    |test_geracao_cont_proc:test_exclui_linhas_sem_contestacao_a_enviar:56 - [STEP] Iniciando: montar_linhas_cont_proc
2026-08-04 12:12:46.233 | INFO    |src.services.geracao_cont_proc:montar_linhas_cont_proc:195 - [STEP] Iniciando: selecionar_linhas_contestadas
2026-08-04 12:12:46.234 | INFO    |comum.utils.decoradores:wrapper:22 - [HU-16 CONT_PROC] Nenhuma combinação com 'contestacao_a_enviar'=S.
2026-08-04 12:12:46.234 | INFO    |src.services.geracao_cont_proc:montar_linhas_cont_proc:195 - [STEP] Finalizando: selecionar_linhas_contestadas | Tempo gasto: 0.0s
2026-08-04 12:12:46.235 | INFO    |test_geracao_cont_proc:test_exclui_linhas_sem_contestacao_a_enviar:56 - [STEP] Finalizando: montar_linhas_cont_proc | Tempo gasto: 0.0s
2026-08-04 12:12:46.236 | INFO    |test_geracao_cont_proc:test_exclui_linha_com_flag_s_mas_sem_sinal_do_analista:65 - [STEP] Iniciando: montar_linhas_cont_proc
2026-08-04 12:12:46.236 | INFO    |src.services.geracao_cont_proc:montar_linhas_cont_proc:195 - [STEP] Iniciando: selecionar_linhas_contestadas
2026-08-04 12:12:46.238 | INFO    |comum.utils.decoradores:wrapper:22 - [HU-16 CONT_PROC] Nenhuma combinação com sinal do analista (todas 'sem contestação' apesar da variação).
2026-08-04 12:12:46.238 | INFO    |src.services.geracao_cont_proc:montar_linhas_cont_proc:195 - [STEP] Finalizando: selecionar_linhas_contestadas | Tempo gasto: 0.0s
2026-08-04 12:12:46.239 | INFO    |test_geracao_cont_proc:test_exclui_linha_com_flag_s_mas_sem_sinal_do_analista:65 - [STEP] Finalizando: montar_linhas_cont_proc | Tempo gasto: 0.0s
2026-08-04 12:12:46.240 | INFO    |test_geracao_cont_proc:test_flag_pag_rec_com_retencao:73 - [STEP] Iniciando: montar_linhas_cont_proc
2026-08-04 12:12:46.240 | INFO    |src.services.geracao_cont_proc:montar_linhas_cont_proc:195 - [STEP] Iniciando: selecionar_linhas_contestadas
2026-08-04 12:12:46.241 | INFO    |comum.utils.decoradores:wrapper:22 - [HU-16 CONT_PROC] 1 linha(s) contestada(s).
2026-08-04 12:12:46.241 | INFO    |src.services.geracao_cont_proc:montar_linhas_cont_proc:195 - [STEP] Finalizando: selecionar_linhas_contestadas | Tempo gasto: 0.0s
2026-08-04 12:12:46.242 | INFO    |comum.utils.decoradores:wrapper:22 - [HU-16 CONT_PROC] 1 linha(s) montada(s) (T-100+T-101 completos).
2026-08-04 12:12:46.243 | INFO    |test_geracao_cont_proc:test_flag_pag_rec_com_retencao:73 - [STEP] Finalizando: montar_linhas_cont_proc | Tempo gasto: 0.0s
2026-08-04 12:12:46.244 | INFO    |test_geracao_cont_proc:test_flag_pag_rec_sem_retencao:89 - [STEP] Iniciando: montar_linhas_cont_proc
2026-08-04 12:12:46.244 | INFO    |src.services.geracao_cont_proc:montar_linhas_cont_proc:195 - [STEP] Iniciando: selecionar_linhas_contestadas
2026-08-04 12:12:46.245 | INFO    |comum.utils.decoradores:wrapper:22 - [HU-16 CONT_PROC] 1 linha(s) contestada(s).
2026-08-04 12:12:46.245 | INFO    |src.services.geracao_cont_proc:montar_linhas_cont_proc:195 - [STEP] Finalizando: selecionar_linhas_contestadas | Tempo gasto: 0.0s
2026-08-04 12:12:46.246 | INFO    |comum.utils.decoradores:wrapper:22 - [HU-16 CONT_PROC] 1 linha(s) montada(s) (T-100+T-101 completos).
2026-08-04 12:12:46.246 | INFO    |test_geracao_cont_proc:test_flag_pag_rec_sem_retencao:89 - [STEP] Finalizando: montar_linhas_cont_proc | Tempo gasto: 0.0s
2026-08-04 12:12:46.248 | INFO    |test_geracao_cont_proc:test_multiplas_linhas_mistas:105 - [STEP] Iniciando: montar_linhas_cont_proc
2026-08-04 12:12:46.248 | INFO    |src.services.geracao_cont_proc:montar_linhas_cont_proc:195 - [STEP] Iniciando: selecionar_linhas_contestadas
2026-08-04 12:12:46.249 | INFO    |comum.utils.decoradores:wrapper:22 - [HU-16 CONT_PROC] 1 linha(s) contestada(s).
2026-08-04 12:12:46.249 | INFO    |src.services.geracao_cont_proc:montar_linhas_cont_proc:195 - [STEP] Finalizando: selecionar_linhas_contestadas | Tempo gasto: 0.0s
2026-08-04 12:12:46.251 | INFO    |comum.utils.decoradores:wrapper:22 - [HU-16 CONT_PROC] 1 linha(s) montada(s) (T-100+T-101 completos).
2026-08-04 12:12:46.251 | INFO    |test_geracao_cont_proc:test_multiplas_linhas_mistas:105 - [STEP] Finalizando: montar_linhas_cont_proc | Tempo gasto: 0.0s
2026-08-04 12:12:46.252 | INFO    |test_geracao_cont_proc:test_duracao_e_vlr_bruto_sao_negativos_da_diferenca:120 - [STEP] Iniciando: montar_linhas_cont_proc
2026-08-04 12:12:46.252 | INFO    |src.services.geracao_cont_proc:montar_linhas_cont_proc:195 - [STEP] Iniciando: selecionar_linhas_contestadas
2026-08-04 12:12:46.254 | INFO    |comum.utils.decoradores:wrapper:22 - [HU-16 CONT_PROC] 1 linha(s) contestada(s).
2026-08-04 12:12:46.254 | INFO    |src.services.geracao_cont_proc:montar_linhas_cont_proc:195 - [STEP] Finalizando: selecionar_linhas_contestadas | Tempo gasto: 0.0s
2026-08-04 12:12:46.256 | INFO    |comum.utils.decoradores:wrapper:22 - [HU-16 CONT_PROC] 1 linha(s) montada(s) (T-100+T-101 completos).
2026-08-04 12:12:46.256 | INFO    |test_geracao_cont_proc:test_duracao_e_vlr_bruto_sao_negativos_da_diferenca:120 - [STEP] Finalizando: montar_linhas_cont_proc | Tempo gasto: 0.0s
2026-08-04 12:12:46.258 | INFO    |test_geracao_cont_proc:test_remuneracao_fixa_vem_do_contest:131 - [STEP] Iniciando: montar_linhas_cont_proc
2026-08-04 12:12:46.258 | INFO    |src.services.geracao_cont_proc:montar_linhas_cont_proc:195 - [STEP] Iniciando: selecionar_linhas_contestadas
2026-08-04 12:12:46.260 | INFO    |comum.utils.decoradores:wrapper:22 - [HU-16 CONT_PROC] 1 linha(s) contestada(s).
2026-08-04 12:12:46.260 | INFO    |src.services.geracao_cont_proc:montar_linhas_cont_proc:195 - [STEP] Finalizando: selecionar_linhas_contestadas | Tempo gasto: 0.0s
2026-08-04 12:12:46.261 | INFO    |comum.utils.decoradores:wrapper:22 - [HU-16 CONT_PROC] 1 linha(s) montada(s) (T-100+T-101 completos).
2026-08-04 12:12:46.261 | INFO    |test_geracao_cont_proc:test_remuneracao_fixa_vem_do_contest:131 - [STEP] Finalizando: montar_linhas_cont_proc | Tempo gasto: 0.0s
2026-08-04 12:12:46.263 | INFO    |test_geracao_cont_proc:test_id_modalidade_e_sempre_00:142 - [STEP] Iniciando: montar_linhas_cont_proc
2026-08-04 12:12:46.263 | INFO    |src.services.geracao_cont_proc:montar_linhas_cont_proc:195 - [STEP] Iniciando: selecionar_linhas_contestadas
2026-08-04 12:12:46.264 | INFO    |comum.utils.decoradores:wrapper:22 - [HU-16 CONT_PROC] 1 linha(s) contestada(s).
2026-08-04 12:12:46.264 | INFO    |src.services.geracao_cont_proc:montar_linhas_cont_proc:195 - [STEP] Finalizando: selecionar_linhas_contestadas | Tempo gasto: 0.0s
2026-08-04 12:12:46.265 | INFO    |comum.utils.decoradores:wrapper:22 - [HU-16 CONT_PROC] 1 linha(s) montada(s) (T-100+T-101 completos).
2026-08-04 12:12:46.265 | INFO    |test_geracao_cont_proc:test_id_modalidade_e_sempre_00:142 - [STEP] Finalizando: montar_linhas_cont_proc | Tempo gasto: 0.0s
2026-08-04 12:12:46.268 | INFO    |test_geracao_cont_proc:test_gerar_arquivo_nao_grava_quando_vazio:151 - [STEP] Iniciando: gerar_arquivo_cont_proc
2026-08-04 12:12:46.268 | INFO    |comum.utils.decoradores:wrapper:22 - [HU-16 CONT_PROC] Nada a gravar (nenhuma linha a contestar).
2026-08-04 12:12:46.268 | INFO    |test_geracao_cont_proc:test_gerar_arquivo_nao_grava_quando_vazio:151 - [STEP] Finalizando: gerar_arquivo_cont_proc | Tempo gasto: 0.0s
2026-08-04 12:12:46.271 | INFO    |test_geracao_cont_proc:test_gerar_arquivo_grava_no_caminho_e_nome_corretos:161 - [STEP] Iniciando: montar_linhas_cont_proc
2026-08-04 12:12:46.272 | INFO    |src.services.geracao_cont_proc:montar_linhas_cont_proc:195 - [STEP] Iniciando: selecionar_linhas_contestadas
2026-08-04 12:12:46.273 | INFO    |comum.utils.decoradores:wrapper:22 - [HU-16 CONT_PROC] 1 linha(s) contestada(s).
2026-08-04 12:12:46.273 | INFO    |src.services.geracao_cont_proc:montar_linhas_cont_proc:195 - [STEP] Finalizando: selecionar_linhas_contestadas | Tempo gasto: 0.0s
2026-08-04 12:12:46.274 | INFO    |comum.utils.decoradores:wrapper:22 - [HU-16 CONT_PROC] 1 linha(s) montada(s) (T-100+T-101 completos).
2026-08-04 12:12:46.274 | INFO    |test_geracao_cont_proc:test_gerar_arquivo_grava_no_caminho_e_nome_corretos:161 - [STEP] Finalizando: montar_linhas_cont_proc | Tempo gasto: 0.0s
2026-08-04 12:12:46.274 | INFO    |test_geracao_cont_proc:test_gerar_arquivo_grava_no_caminho_e_nome_corretos:163 - [STEP] Iniciando: gerar_arquivo_cont_proc
2026-08-04 12:12:46.281 | INFO    |comum.utils.decoradores:wrapper:22 - [HU-16 CONT_PROC] Arquivo gravado em [C:\Users\btime\AppData\Local\Temp\pytest-of-btime\pytest-282\test_gerar_arquivo_grava_no_ca0\Claro\2025\202507\AGI\CONT_PROC_MASCARA_Claro_202507.xlsx].
2026-08-04 12:12:46.281 | INFO    |test_geracao_cont_proc:test_gerar_arquivo_grava_no_caminho_e_nome_corretos:163 - [STEP] Finalizando: gerar_arquivo_cont_proc | Tempo gasto: 0.01s
2026-08-04 12:12:46.282 | INFO    |test_geracao_cont_proc:test_gate_df_vazio_retorna_vazio_com_o_schema_da_chave:187 - [STEP] Iniciando: selecionar_linhas_contestadas
2026-08-04 12:12:46.283 | INFO    |test_geracao_cont_proc:test_gate_df_vazio_retorna_vazio_com_o_schema_da_chave:187 - [STEP] Finalizando: selecionar_linhas_contestadas | Tempo gasto: 0.0s
2026-08-04 12:12:46.284 | INFO    |test_geracao_cont_proc:test_gate_cenario_sem_contestacao_exclui_linha:199 - [STEP] Iniciando: selecionar_linhas_contestadas
2026-08-04 12:12:46.285 | INFO    |comum.utils.decoradores:wrapper:22 - [HU-16 CONT_PROC] Nenhuma combinação com 'contestacao_a_enviar'=S.
2026-08-04 12:12:46.285 | INFO    |test_geracao_cont_proc:test_gate_cenario_sem_contestacao_exclui_linha:199 - [STEP] Finalizando: selecionar_linhas_contestadas | Tempo gasto: 0.0s
2026-08-04 12:12:46.286 | INFO    |test_geracao_cont_proc:test_gate_flag_s_sem_sinal_do_analista_exclui_linha:207 - [STEP] Iniciando: selecionar_linhas_contestadas
2026-08-04 12:12:46.288 | INFO    |comum.utils.decoradores:wrapper:22 - [HU-16 CONT_PROC] Nenhuma combinação com sinal do analista (todas 'sem contestação' apesar da variação).
2026-08-04 12:12:46.289 | INFO    |test_geracao_cont_proc:test_gate_flag_s_sem_sinal_do_analista_exclui_linha:207 - [STEP] Finalizando: selecionar_linhas_contestadas | Tempo gasto: 0.0s
2026-08-04 12:12:46.290 | INFO    |test_geracao_cont_proc:test_gate_cenarios_sem_e_com_retencao_selecionam_a_linha:215 - [STEP] Iniciando: selecionar_linhas_contestadas
2026-08-04 12:12:46.292 | INFO    |comum.utils.decoradores:wrapper:22 - [HU-16 CONT_PROC] 1 linha(s) contestada(s).
2026-08-04 12:12:46.292 | INFO    |test_geracao_cont_proc:test_gate_cenarios_sem_e_com_retencao_selecionam_a_linha:215 - [STEP] Finalizando: selecionar_linhas_contestadas | Tempo gasto: 0.0s
2026-08-04 12:12:46.293 | INFO    |test_geracao_cont_proc:test_gate_cenarios_sem_e_com_retencao_selecionam_a_linha:215 - [STEP] Iniciando: selecionar_linhas_contestadas
2026-08-04 12:12:46.295 | INFO    |comum.utils.decoradores:wrapper:22 - [HU-16 CONT_PROC] 1 linha(s) contestada(s).
2026-08-04 12:12:46.295 | INFO    |test_geracao_cont_proc:test_gate_cenarios_sem_e_com_retencao_selecionam_a_linha:215 - [STEP] Finalizando: selecionar_linhas_contestadas | Tempo gasto: 0.0s
2026-08-04 12:12:46.296 | INFO    |test_geracao_cont_proc:test_gate_preserva_o_indice_do_contest:239 - [STEP] Iniciando: selecionar_linhas_contestadas
2026-08-04 12:12:46.297 | INFO    |comum.utils.decoradores:wrapper:22 - [HU-16 CONT_PROC] 1 linha(s) contestada(s).
2026-08-04 12:12:46.297 | INFO    |test_geracao_cont_proc:test_gate_preserva_o_indice_do_contest:239 - [STEP] Finalizando: selecionar_linhas_contestadas | Tempo gasto: 0.0s
2026-08-04 12:12:46.298 | INFO    |test_geracao_cont_proc:test_gate_consulta_o_sinal_uma_vez_por_chave_unica:269 - [STEP] Iniciando: selecionar_linhas_contestadas
2026-08-04 12:12:46.300 | INFO    |comum.utils.decoradores:wrapper:22 - [HU-16 CONT_PROC] 3 linha(s) contestada(s).
2026-08-04 12:12:46.300 | INFO    |test_geracao_cont_proc:test_gate_consulta_o_sinal_uma_vez_por_chave_unica:269 - [STEP] Finalizando: selecionar_linhas_contestadas | Tempo gasto: 0.0s
2026-08-04 12:12:46.302 | INFO    |test_geracao_env_carta:test_pasta_inexistente_levanta_erro:31 - [STEP] Iniciando: obter_proximo_numero_carta
2026-08-04 12:12:46.302 | INFO    |test_geracao_env_carta:test_pasta_inexistente_levanta_erro:31 - [STEP] Finalizando: obter_proximo_numero_carta | Tempo gasto: 0.0s
2026-08-04 12:12:46.305 | INFO    |test_geracao_env_carta:test_pasta_vazia_levanta_erro:39 - [STEP] Iniciando: obter_proximo_numero_carta
2026-08-04 12:12:46.305 | INFO    |test_geracao_env_carta:test_pasta_vazia_levanta_erro:39 - [STEP] Finalizando: obter_proximo_numero_carta | Tempo gasto: 0.0s
2026-08-04 12:12:46.308 | INFO    |test_geracao_env_carta:test_pasta_sem_carta_reconhecivel_levanta_erro:50 - [STEP] Iniciando: obter_proximo_numero_carta
2026-08-04 12:12:46.308 | INFO    |test_geracao_env_carta:test_pasta_sem_carta_reconhecivel_levanta_erro:50 - [STEP] Finalizando: obter_proximo_numero_carta | Tempo gasto: 0.0s
2026-08-04 12:12:46.311 | INFO    |test_geracao_env_carta:test_pasta_vazia_com_numero_inicial_configurado:65 - [STEP] Iniciando: obter_proximo_numero_carta
2026-08-04 12:12:46.311 | WARNING |comum.utils.decoradores:wrapper:22 - [HU-14] Nenhuma carta CT em [C:\Users\btime\AppData\Local\Temp\pytest-of-btime\pytest-282\test_pasta_vazia_com_numero_in0\CT\2026] — iniciando a sequência em 500 (CT_NUMERO_INICIAL).
2026-08-04 12:12:46.311 | INFO    |test_geracao_env_carta:test_pasta_vazia_com_numero_inicial_configurado:65 - [STEP] Finalizando: obter_proximo_numero_carta | Tempo gasto: 0.0s
2026-08-04 12:12:46.314 | INFO    |test_geracao_env_carta:test_numero_inicial_nao_sobrepoe_sequencia_existente:78 - [STEP] Iniciando: obter_proximo_numero_carta
2026-08-04 12:12:46.315 | INFO    |comum.utils.decoradores:wrapper:22 - [HU-14] Último número CT encontrado: 362. Próximo: 363.
2026-08-04 12:12:46.315 | INFO    |test_geracao_env_carta:test_numero_inicial_nao_sobrepoe_sequencia_existente:78 - [STEP] Finalizando: obter_proximo_numero_carta | Tempo gasto: 0.0s
2026-08-04 12:12:46.319 | INFO    |test_geracao_env_carta:test_encontra_maior_numero_e_soma_um:87 - [STEP] Iniciando: obter_proximo_numero_carta
2026-08-04 12:12:46.319 | INFO    |comum.utils.decoradores:wrapper:22 - [HU-14] Último número CT encontrado: 362. Próximo: 363.
2026-08-04 12:12:46.319 | INFO    |test_geracao_env_carta:test_encontra_maior_numero_e_soma_um:87 - [STEP] Finalizando: obter_proximo_numero_carta | Tempo gasto: 0.0s
2026-08-04 12:12:46.325 | INFO    |test_geracao_env_carta:test_tolera_variacoes_de_grafia:98 - [STEP] Iniciando: obter_proximo_numero_carta
2026-08-04 12:12:46.325 | INFO    |comum.utils.decoradores:wrapper:22 - [HU-14] Último número CT encontrado: 334. Próximo: 335.
2026-08-04 12:12:46.325 | INFO    |test_geracao_env_carta:test_tolera_variacoes_de_grafia:98 - [STEP] Finalizando: obter_proximo_numero_carta | Tempo gasto: 0.0s
2026-08-04 12:12:46.329 | INFO    |test_geracao_env_carta:test_ignora_arquivos_sem_padrao_ct:107 - [STEP] Iniciando: obter_proximo_numero_carta
2026-08-04 12:12:46.329 | INFO    |comum.utils.decoradores:wrapper:22 - [HU-14] Último número CT encontrado: 100. Próximo: 101.
2026-08-04 12:12:46.330 | INFO    |test_geracao_env_carta:test_ignora_arquivos_sem_padrao_ct:107 - [STEP] Finalizando: obter_proximo_numero_carta | Tempo gasto: 0.0s
2026-08-04 12:12:46.333 | INFO    |src.services.geracao_env_carta:nome_proxima_carta:159 - [STEP] Iniciando: obter_proximo_numero_carta
2026-08-04 12:12:46.333 | INFO    |comum.utils.decoradores:wrapper:22 - [HU-14] Último número CT encontrado: 362. Próximo: 363.
2026-08-04 12:12:46.333 | INFO    |src.services.geracao_env_carta:nome_proxima_carta:159 - [STEP] Finalizando: obter_proximo_numero_carta | Tempo gasto: 0.0s
2026-08-04 12:12:46.335 | INFO    |comum.dados.repositorio_cache:__init__:77 - Inicializando conexão com o banco no ambiente [dev]
2026-08-04 12:12:46.335 | INFO    |comum.dados.repositorio_cache:__init__:77 - Utilizando SQLite local [C:\Users\btime\AppData\Local\Temp\detraf_epico4_teste_nzgofaex\TABELAS_DETRAF_TESTE.db]
2026-08-04 12:12:46.335 | INFO    |comum.dados.repositorio_cache:obter_tabela:169 - Carregando tabela [tbl_detraf_mapeamento_descritores]
2026-08-04 12:12:46.337 | INFO    |comum.dados.repositorio_cache:obter_tabela:169 - Tabela [tbl_detraf_mapeamento_descritores] carregada | Linhas: 25 | Colunas: 5
2026-08-04 12:12:46.340 | INFO    |test_geracao_env_carta:test_montar_abas_env_vazio_quando_sem_contestacao:168 - [STEP] Iniciando: montar_abas_env
2026-08-04 12:12:46.341 | INFO    |comum.utils.decoradores:wrapper:22 - [HU-14 _ENV] Nenhuma linha contestada — abas ficam vazias.
2026-08-04 12:12:46.341 | INFO    |test_geracao_env_carta:test_montar_abas_env_vazio_quando_sem_contestacao:168 - [STEP] Finalizando: montar_abas_env | Tempo gasto: 0.0s
2026-08-04 12:12:46.344 | INFO    |comum.dados.repositorio_cache:__init__:77 - Inicializando conexão com o banco no ambiente [dev]
2026-08-04 12:12:46.344 | INFO    |comum.dados.repositorio_cache:__init__:77 - Utilizando SQLite local [C:\Users\btime\AppData\Local\Temp\detraf_epico4_teste_nzgofaex\TABELAS_DETRAF_TESTE.db]
2026-08-04 12:12:46.344 | INFO    |comum.dados.repositorio_cache:obter_tabela:169 - Carregando tabela [tbl_detraf_mapeamento_descritores]
2026-08-04 12:12:46.345 | INFO    |comum.dados.repositorio_cache:obter_tabela:169 - Tabela [tbl_detraf_mapeamento_descritores] carregada | Linhas: 25 | Colunas: 5
2026-08-04 12:12:46.348 | INFO    |test_geracao_env_carta:test_montar_abas_env_exclui_sem_sinal_do_analista:181 - [STEP] Iniciando: montar_abas_env
2026-08-04 12:12:46.349 | INFO    |comum.utils.decoradores:wrapper:22 - [HU-14 _ENV] Nenhuma linha contestada — abas ficam vazias.
2026-08-04 12:12:46.350 | INFO    |test_geracao_env_carta:test_montar_abas_env_exclui_sem_sinal_do_analista:181 - [STEP] Finalizando: montar_abas_env | Tempo gasto: 0.0s
2026-08-04 12:12:46.352 | INFO    |comum.dados.repositorio_cache:__init__:77 - Inicializando conexão com o banco no ambiente [dev]
2026-08-04 12:12:46.353 | INFO    |comum.dados.repositorio_cache:__init__:77 - Utilizando SQLite local [C:\Users\btime\AppData\Local\Temp\detraf_epico4_teste_nzgofaex\TABELAS_DETRAF_TESTE.db]
2026-08-04 12:12:46.353 | INFO    |comum.dados.repositorio_cache:obter_tabela:169 - Carregando tabela [tbl_detraf_mapeamento_descritores]
2026-08-04 12:12:46.355 | INFO    |comum.dados.repositorio_cache:obter_tabela:169 - Tabela [tbl_detraf_mapeamento_descritores] carregada | Linhas: 25 | Colunas: 5
2026-08-04 12:12:46.358 | INFO    |test_geracao_env_carta:test_montar_abas_env_filtra_contest_e_tbra_corretamente:204 - [STEP] Iniciando: montar_abas_env
2026-08-04 12:12:46.361 | INFO    |comum.utils.decoradores:wrapper:22 - [HU-14 _ENV] Contest: 1 linha(s) contestada(s); TBRA: 1 linha(s) correspondente(s).
2026-08-04 12:12:46.361 | INFO    |test_geracao_env_carta:test_montar_abas_env_filtra_contest_e_tbra_corretamente:204 - [STEP] Finalizando: montar_abas_env | Tempo gasto: 0.0s
2026-08-04 12:12:46.365 | INFO    |test_geracao_env_carta:test_gerar_arquivo_env_nao_grava_quando_vazio:216 - [STEP] Iniciando: gerar_arquivo_env
2026-08-04 12:12:46.365 | INFO    |comum.utils.decoradores:wrapper:22 - [HU-14 _ENV] Nada a gravar (nenhuma linha contestada).
2026-08-04 12:12:46.365 | INFO    |test_geracao_env_carta:test_gerar_arquivo_env_nao_grava_quando_vazio:216 - [STEP] Finalizando: gerar_arquivo_env | Tempo gasto: 0.0s
2026-08-04 12:12:46.368 | INFO    |comum.dados.repositorio_cache:__init__:77 - Inicializando conexão com o banco no ambiente [dev]
2026-08-04 12:12:46.368 | INFO    |comum.dados.repositorio_cache:__init__:77 - Utilizando SQLite local [C:\Users\btime\AppData\Local\Temp\detraf_epico4_teste_nzgofaex\TABELAS_DETRAF_TESTE.db]
2026-08-04 12:12:46.368 | INFO    |comum.dados.repositorio_cache:obter_tabela:169 - Carregando tabela [tbl_detraf_mapeamento_descritores]
2026-08-04 12:12:46.370 | INFO    |comum.dados.repositorio_cache:obter_tabela:169 - Tabela [tbl_detraf_mapeamento_descritores] carregada | Linhas: 25 | Colunas: 5
2026-08-04 12:12:46.374 | INFO    |test_geracao_env_carta:test_gerar_arquivo_env_grava_no_caminho_e_nome_corretos:228 - [STEP] Iniciando: montar_abas_env
2026-08-04 12:12:46.377 | INFO    |comum.utils.decoradores:wrapper:22 - [HU-14 _ENV] Contest: 1 linha(s) contestada(s); TBRA: 1 linha(s) correspondente(s).
2026-08-04 12:12:46.377 | INFO    |test_geracao_env_carta:test_gerar_arquivo_env_grava_no_caminho_e_nome_corretos:228 - [STEP] Finalizando: montar_abas_env | Tempo gasto: 0.0s
2026-08-04 12:12:46.377 | INFO    |test_geracao_env_carta:test_gerar_arquivo_env_grava_no_caminho_e_nome_corretos:231 - [STEP] Iniciando: gerar_arquivo_env
2026-08-04 12:12:46.386 | INFO    |comum.utils.decoradores:wrapper:22 - [HU-14 _ENV] Arquivo gravado em [C:\Users\btime\AppData\Local\Temp\pytest-of-btime\pytest-282\test_gerar_arquivo_env_grava_n0\Claro\2025\202507\Contestações\Base Contestação_Claro_202507_ENV.xlsx].
2026-08-04 12:12:46.386 | INFO    |test_geracao_env_carta:test_gerar_arquivo_env_grava_no_caminho_e_nome_corretos:231 - [STEP] Finalizando: gerar_arquivo_env | Tempo gasto: 0.01s
2026-08-04 12:12:46.395 | INFO    |test_geracao_env_carta:test_montar_tabelas_carta_vazio:280 - [STEP] Iniciando: montar_tabelas_carta
2026-08-04 12:12:46.395 | INFO    |test_geracao_env_carta:test_montar_tabelas_carta_vazio:280 - [STEP] Finalizando: montar_tabelas_carta | Tempo gasto: 0.0s
2026-08-04 12:12:46.396 | INFO    |test_geracao_env_carta:test_montar_tabelas_carta_agrupa_por_remuneracao:291 - [STEP] Iniciando: montar_tabelas_carta
2026-08-04 12:12:46.399 | INFO    |comum.utils.decoradores:wrapper:22 - [HU-14 Carta] 2 tabela(s) de remuneração montada(s).
2026-08-04 12:12:46.399 | INFO    |test_geracao_env_carta:test_montar_tabelas_carta_agrupa_por_remuneracao:291 - [STEP] Finalizando: montar_tabelas_carta | Tempo gasto: 0.0s
2026-08-04 12:12:46.401 | INFO    |test_geracao_env_carta:test_montar_tabelas_carta_linha_total_soma_valores_numericos:306 - [STEP] Iniciando: montar_tabelas_carta
2026-08-04 12:12:46.403 | INFO    |comum.utils.decoradores:wrapper:22 - [HU-14 Carta] 1 tabela(s) de remuneração montada(s).
2026-08-04 12:12:46.403 | INFO    |test_geracao_env_carta:test_montar_tabelas_carta_linha_total_soma_valores_numericos:306 - [STEP] Finalizando: montar_tabelas_carta | Tempo gasto: 0.0s
2026-08-04 12:12:46.405 | INFO    |test_geracao_env_carta:test_montar_tabelas_carta_variacao_perc_em_branco_no_total:317 - [STEP] Iniciando: montar_tabelas_carta
2026-08-04 12:12:46.407 | INFO    |comum.utils.decoradores:wrapper:22 - [HU-14 Carta] 1 tabela(s) de remuneração montada(s).
2026-08-04 12:12:46.407 | INFO    |test_geracao_env_carta:test_montar_tabelas_carta_variacao_perc_em_branco_no_total:317 - [STEP] Finalizando: montar_tabelas_carta | Tempo gasto: 0.0s
2026-08-04 12:12:46.408 | INFO    |test_geracao_env_carta:test_montar_tabelas_carta_nao_inclui_coluna_contestacao_a_enviar:327 - [STEP] Iniciando: montar_tabelas_carta
2026-08-04 12:12:46.410 | INFO    |comum.utils.decoradores:wrapper:22 - [HU-14 Carta] 1 tabela(s) de remuneração montada(s).
2026-08-04 12:12:46.410 | INFO    |test_geracao_env_carta:test_montar_tabelas_carta_nao_inclui_coluna_contestacao_a_enviar:327 - [STEP] Finalizando: montar_tabelas_carta | Tempo gasto: 0.0s
2026-08-04 12:12:46.411 | INFO    |test_geracao_env_carta:test_montar_tabelas_carta_expoe_tipo_operacao_quando_uniforme:337 - [STEP] Iniciando: montar_tabelas_carta
2026-08-04 12:12:46.413 | INFO    |comum.utils.decoradores:wrapper:22 - [HU-14 Carta] 1 tabela(s) de remuneração montada(s).
2026-08-04 12:12:46.413 | INFO    |test_geracao_env_carta:test_montar_tabelas_carta_expoe_tipo_operacao_quando_uniforme:337 - [STEP] Finalizando: montar_tabelas_carta | Tempo gasto: 0.0s
2026-08-04 12:12:46.416 | INFO    |test_geracao_env_carta:test_renderizar_carta_conteudo_basico:363 - [STEP] Iniciando: montar_tabelas_carta
2026-08-04 12:12:46.417 | INFO    |comum.utils.decoradores:wrapper:22 - [HU-14 Carta] 1 tabela(s) de remuneração montada(s).
2026-08-04 12:12:46.418 | INFO    |test_geracao_env_carta:test_renderizar_carta_conteudo_basico:363 - [STEP] Finalizando: montar_tabelas_carta | Tempo gasto: 0.0s
2026-08-04 12:12:46.418 | INFO    |test_geracao_env_carta:test_renderizar_carta_conteudo_basico:367 - [STEP] Iniciando: renderizar_carta
2026-08-04 12:12:46.430 | INFO    |comum.utils.decoradores:wrapper:22 - [HU-14 Carta] Carta CT-363 renderizada (1 tabela(s)).
2026-08-04 12:12:46.430 | INFO    |test_geracao_env_carta:test_renderizar_carta_conteudo_basico:367 - [STEP] Finalizando: renderizar_carta | Tempo gasto: 0.01s
2026-08-04 12:12:46.432 | INFO    |test_geracao_env_carta:test_renderizar_carta_texto_com_retencao:386 - [STEP] Iniciando: montar_tabelas_carta
2026-08-04 12:12:46.434 | INFO    |comum.utils.decoradores:wrapper:22 - [HU-14 Carta] 1 tabela(s) de remuneração montada(s).
2026-08-04 12:12:46.434 | INFO    |test_geracao_env_carta:test_renderizar_carta_texto_com_retencao:386 - [STEP] Finalizando: montar_tabelas_carta | Tempo gasto: 0.0s
2026-08-04 12:12:46.434 | INFO    |test_geracao_env_carta:test_renderizar_carta_texto_com_retencao:390 - [STEP] Iniciando: renderizar_carta
2026-08-04 12:12:46.446 | INFO    |comum.utils.decoradores:wrapper:22 - [HU-14 Carta] Carta CT-1 renderizada (1 tabela(s)).
2026-08-04 12:12:46.446 | INFO    |test_geracao_env_carta:test_renderizar_carta_texto_com_retencao:390 - [STEP] Finalizando: renderizar_carta | Tempo gasto: 0.01s
2026-08-04 12:12:46.448 | INFO    |test_geracao_env_carta:test_renderizar_carta_sem_cidade_usa_padrao_sao_paulo:406 - [STEP] Iniciando: montar_tabelas_carta
2026-08-04 12:12:46.450 | INFO    |comum.utils.decoradores:wrapper:22 - [HU-14 Carta] 1 tabela(s) de remuneração montada(s).
2026-08-04 12:12:46.450 | INFO    |test_geracao_env_carta:test_renderizar_carta_sem_cidade_usa_padrao_sao_paulo:406 - [STEP] Finalizando: montar_tabelas_carta | Tempo gasto: 0.0s
2026-08-04 12:12:46.450 | INFO    |test_geracao_env_carta:test_renderizar_carta_sem_cidade_usa_padrao_sao_paulo:410 - [STEP] Iniciando: renderizar_carta
2026-08-04 12:12:46.461 | INFO    |comum.utils.decoradores:wrapper:22 - [HU-14 Carta] Carta CT-1 renderizada (1 tabela(s)).
2026-08-04 12:12:46.461 | INFO    |test_geracao_env_carta:test_renderizar_carta_sem_cidade_usa_padrao_sao_paulo:410 - [STEP] Finalizando: renderizar_carta | Tempo gasto: 0.01s
2026-08-04 12:12:46.463 | INFO    |test_geracao_env_carta:test_renderizar_carta_aceita_override_de_cidade:424 - [STEP] Iniciando: montar_tabelas_carta
2026-08-04 12:12:46.465 | INFO    |comum.utils.decoradores:wrapper:22 - [HU-14 Carta] 1 tabela(s) de remuneração montada(s).
2026-08-04 12:12:46.465 | INFO    |test_geracao_env_carta:test_renderizar_carta_aceita_override_de_cidade:424 - [STEP] Finalizando: montar_tabelas_carta | Tempo gasto: 0.0s
2026-08-04 12:12:46.466 | INFO    |test_geracao_env_carta:test_renderizar_carta_aceita_override_de_cidade:428 - [STEP] Iniciando: renderizar_carta
2026-08-04 12:12:46.477 | INFO    |comum.utils.decoradores:wrapper:22 - [HU-14 Carta] Carta CT-1 renderizada (1 tabela(s)).
2026-08-04 12:12:46.477 | INFO    |test_geracao_env_carta:test_renderizar_carta_aceita_override_de_cidade:428 - [STEP] Finalizando: renderizar_carta | Tempo gasto: 0.01s
2026-08-04 12:12:46.480 | INFO    |test_geracao_env_carta:test_gerar_arquivo_carta_grava_no_caminho_e_nome_corretos:446 - [STEP] Iniciando: montar_tabelas_carta
2026-08-04 12:12:46.482 | INFO    |comum.utils.decoradores:wrapper:22 - [HU-14 Carta] 1 tabela(s) de remuneração montada(s).
2026-08-04 12:12:46.483 | INFO    |test_geracao_env_carta:test_gerar_arquivo_carta_grava_no_caminho_e_nome_corretos:446 - [STEP] Finalizando: montar_tabelas_carta | Tempo gasto: 0.0s
2026-08-04 12:12:46.483 | INFO    |test_geracao_env_carta:test_gerar_arquivo_carta_grava_no_caminho_e_nome_corretos:449 - [STEP] Iniciando: renderizar_carta
2026-08-04 12:12:46.495 | INFO    |comum.utils.decoradores:wrapper:22 - [HU-14 Carta] Carta CT-363 renderizada (1 tabela(s)).
2026-08-04 12:12:46.495 | INFO    |test_geracao_env_carta:test_gerar_arquivo_carta_grava_no_caminho_e_nome_corretos:449 - [STEP] Finalizando: renderizar_carta | Tempo gasto: 0.01s
2026-08-04 12:12:46.495 | INFO    |test_geracao_env_carta:test_gerar_arquivo_carta_grava_no_caminho_e_nome_corretos:459 - [STEP] Iniciando: gerar_arquivo_carta
2026-08-04 12:12:46.509 | INFO    |comum.utils.decoradores:wrapper:22 - [HU-14 Carta] Carta gravada em [C:\Users\btime\AppData\Local\Temp\pytest-of-btime\pytest-282\test_gerar_arquivo_carta_grava0\operadoras\Claro\2026\202606\Contestações\CT - 363.docx], cópia em [C:\Users\btime\AppData\Local\Temp\pytest-of-btime\pytest-282\test_gerar_arquivo_carta_grava0\controle_ct\2026\CT - 363.docx].
2026-08-04 12:12:46.509 | INFO    |test_geracao_env_carta:test_gerar_arquivo_carta_grava_no_caminho_e_nome_corretos:459 - [STEP] Finalizando: gerar_arquivo_carta | Tempo gasto: 0.01s
2026-08-04 12:12:46.512 | INFO    |test_geracao_env_carta:test_gerar_arquivo_carta_salva_copia_em_controle_ct:474 - [STEP] Iniciando: montar_tabelas_carta
2026-08-04 12:12:46.514 | INFO    |comum.utils.decoradores:wrapper:22 - [HU-14 Carta] 1 tabela(s) de remuneração montada(s).
2026-08-04 12:12:46.514 | INFO    |test_geracao_env_carta:test_gerar_arquivo_carta_salva_copia_em_controle_ct:474 - [STEP] Finalizando: montar_tabelas_carta | Tempo gasto: 0.0s
2026-08-04 12:12:46.515 | INFO    |test_geracao_env_carta:test_gerar_arquivo_carta_salva_copia_em_controle_ct:477 - [STEP] Iniciando: renderizar_carta
2026-08-04 12:12:46.526 | INFO    |comum.utils.decoradores:wrapper:22 - [HU-14 Carta] Carta CT-363 renderizada (1 tabela(s)).
2026-08-04 12:12:46.526 | INFO    |test_geracao_env_carta:test_gerar_arquivo_carta_salva_copia_em_controle_ct:477 - [STEP] Finalizando: renderizar_carta | Tempo gasto: 0.01s
2026-08-04 12:12:46.527 | INFO    |test_geracao_env_carta:test_gerar_arquivo_carta_salva_copia_em_controle_ct:487 - [STEP] Iniciando: gerar_arquivo_carta
2026-08-04 12:12:46.537 | INFO    |comum.utils.decoradores:wrapper:22 - [HU-14 Carta] Carta gravada em [C:\Users\btime\AppData\Local\Temp\pytest-of-btime\pytest-282\test_gerar_arquivo_carta_salva0\operadoras\Claro\2026\202606\Contestações\CT - 363.docx], cópia em [C:\Users\btime\AppData\Local\Temp\pytest-of-btime\pytest-282\test_gerar_arquivo_carta_salva0\controle_ct\2026\CT - 363.docx].
2026-08-04 12:12:46.537 | INFO    |test_geracao_env_carta:test_gerar_arquivo_carta_salva_copia_em_controle_ct:487 - [STEP] Finalizando: gerar_arquivo_carta | Tempo gasto: 0.01s
2026-08-04 12:12:46.546 | INFO    |comum.dados.repositorio_cache:__init__:77 - Inicializando conexão com o banco no ambiente [dev]
2026-08-04 12:12:46.546 | INFO    |comum.dados.repositorio_cache:__init__:77 - Utilizando SQLite local [C:\Users\btime\AppData\Local\Temp\detraf_epico4_teste_nzgofaex\TABELAS_DETRAF_TESTE.db]
2026-08-04 12:12:46.547 | INFO    |comum.dados.repositorio_cache:obter_tabela:169 - Carregando tabela [tbl_detraf_mapeamento_descritores]
2026-08-04 12:12:46.548 | INFO    |comum.dados.repositorio_cache:obter_tabela:169 - Tabela [tbl_detraf_mapeamento_descritores] carregada | Linhas: 25 | Colunas: 5
2026-08-04 12:12:46.551 | INFO    |test_geracao_ext:test_montar_linhas_ext_vazio_retorna_vazio:44 - [STEP] Iniciando: montar_linhas_ext
2026-08-04 12:12:46.552 | INFO    |test_geracao_ext:test_montar_linhas_ext_vazio_retorna_vazio:44 - [STEP] Finalizando: montar_linhas_ext | Tempo gasto: 0.0s
2026-08-04 12:12:46.555 | INFO    |comum.dados.repositorio_cache:__init__:77 - Inicializando conexão com o banco no ambiente [dev]
2026-08-04 12:12:46.556 | INFO    |comum.dados.repositorio_cache:__init__:77 - Utilizando SQLite local [C:\Users\btime\AppData\Local\Temp\detraf_epico4_teste_nzgofaex\TABELAS_DETRAF_TESTE.db]
2026-08-04 12:12:46.556 | INFO    |comum.dados.repositorio_cache:obter_tabela:169 - Carregando tabela [tbl_detraf_mapeamento_descritores]
2026-08-04 12:12:46.558 | INFO    |comum.dados.repositorio_cache:obter_tabela:169 - Tabela [tbl_detraf_mapeamento_descritores] carregada | Linhas: 25 | Colunas: 5
2026-08-04 12:12:46.560 | INFO    |test_geracao_ext:test_montar_linhas_ext_cenario_sem_contestacao:54 - [STEP] Iniciando: montar_linhas_ext
2026-08-04 12:12:46.563 | INFO    |comum.utils.decoradores:wrapper:22 - [HU-12 EXT] 1 linha(s) montada(s).
2026-08-04 12:12:46.563 | INFO    |test_geracao_ext:test_montar_linhas_ext_cenario_sem_contestacao:54 - [STEP] Finalizando: montar_linhas_ext | Tempo gasto: 0.0s
2026-08-04 12:12:46.566 | INFO    |comum.dados.repositorio_cache:__init__:77 - Inicializando conexão com o banco no ambiente [dev]
2026-08-04 12:12:46.566 | INFO    |comum.dados.repositorio_cache:__init__:77 - Utilizando SQLite local [C:\Users\btime\AppData\Local\Temp\detraf_epico4_teste_nzgofaex\TABELAS_DETRAF_TESTE.db]
2026-08-04 12:12:46.566 | INFO    |comum.dados.repositorio_cache:obter_tabela:169 - Carregando tabela [tbl_detraf_mapeamento_descritores]
2026-08-04 12:12:46.568 | INFO    |comum.dados.repositorio_cache:obter_tabela:169 - Tabela [tbl_detraf_mapeamento_descritores] carregada | Linhas: 25 | Colunas: 5
2026-08-04 12:12:46.572 | INFO    |test_geracao_ext:test_montar_linhas_ext_cenario_sem_retencao:69 - [STEP] Iniciando: montar_linhas_ext
2026-08-04 12:12:46.575 | INFO    |comum.utils.decoradores:wrapper:22 - [HU-12 EXT] 1 linha(s) montada(s).
2026-08-04 12:12:46.575 | INFO    |test_geracao_ext:test_montar_linhas_ext_cenario_sem_retencao:69 - [STEP] Finalizando: montar_linhas_ext | Tempo gasto: 0.0s
2026-08-04 12:12:46.578 | INFO    |comum.dados.repositorio_cache:__init__:77 - Inicializando conexão com o banco no ambiente [dev]
2026-08-04 12:12:46.578 | INFO    |comum.dados.repositorio_cache:__init__:77 - Utilizando SQLite local [C:\Users\btime\AppData\Local\Temp\detraf_epico4_teste_nzgofaex\TABELAS_DETRAF_TESTE.db]
2026-08-04 12:12:46.579 | INFO    |comum.dados.repositorio_cache:obter_tabela:169 - Carregando tabela [tbl_detraf_mapeamento_descritores]
2026-08-04 12:12:46.580 | INFO    |comum.dados.repositorio_cache:obter_tabela:169 - Tabela [tbl_detraf_mapeamento_descritores] carregada | Linhas: 25 | Colunas: 5
2026-08-04 12:12:46.583 | INFO    |test_geracao_ext:test_montar_linhas_ext_cenario_com_retencao:80 - [STEP] Iniciando: montar_linhas_ext
2026-08-04 12:12:46.586 | INFO    |comum.utils.decoradores:wrapper:22 - [HU-12 EXT] 1 linha(s) montada(s).
2026-08-04 12:12:46.586 | INFO    |test_geracao_ext:test_montar_linhas_ext_cenario_com_retencao:80 - [STEP] Finalizando: montar_linhas_ext | Tempo gasto: 0.0s
2026-08-04 12:12:46.589 | INFO    |comum.dados.repositorio_cache:__init__:77 - Inicializando conexão com o banco no ambiente [dev]
2026-08-04 12:12:46.589 | INFO    |comum.dados.repositorio_cache:__init__:77 - Utilizando SQLite local [C:\Users\btime\AppData\Local\Temp\detraf_epico4_teste_nzgofaex\TABELAS_DETRAF_TESTE.db]
2026-08-04 12:12:46.590 | INFO    |comum.dados.repositorio_cache:obter_tabela:169 - Carregando tabela [tbl_detraf_mapeamento_descritores]
2026-08-04 12:12:46.591 | INFO    |comum.dados.repositorio_cache:obter_tabela:169 - Tabela [tbl_detraf_mapeamento_descritores] carregada | Linhas: 25 | Colunas: 5
2026-08-04 12:12:46.594 | INFO    |test_geracao_ext:test_montar_linhas_ext_descritor_nao_mapeado_mantem_linha:93 - [STEP] Iniciando: montar_linhas_ext
2026-08-04 12:12:46.596 | INFO    |comum.utils.decoradores:wrapper:22 - [HU-12 EXT] 1 linha(s) montada(s).
2026-08-04 12:12:46.597 | INFO    |test_geracao_ext:test_montar_linhas_ext_descritor_nao_mapeado_mantem_linha:93 - [STEP] Finalizando: montar_linhas_ext | Tempo gasto: 0.0s
2026-08-04 12:12:46.599 | INFO    |comum.dados.repositorio_cache:__init__:77 - Inicializando conexão com o banco no ambiente [dev]
2026-08-04 12:12:46.599 | INFO    |comum.dados.repositorio_cache:__init__:77 - Utilizando SQLite local [C:\Users\btime\AppData\Local\Temp\detraf_epico4_teste_nzgofaex\TABELAS_DETRAF_TESTE.db]
2026-08-04 12:12:46.600 | INFO    |comum.dados.repositorio_cache:obter_tabela:169 - Carregando tabela [tbl_detraf_mapeamento_descritores]
2026-08-04 12:12:46.601 | INFO    |comum.dados.repositorio_cache:obter_tabela:169 - Tabela [tbl_detraf_mapeamento_descritores] carregada | Linhas: 25 | Colunas: 5
2026-08-04 12:12:46.605 | INFO    |test_geracao_ext:test_montar_linhas_ext_mesmo_grupo_compartilha_expectativa:114 - [STEP] Iniciando: montar_linhas_ext
2026-08-04 12:12:46.609 | INFO    |comum.utils.decoradores:wrapper:22 - [HU-12 EXT] 2 linha(s) montada(s).
2026-08-04 12:12:46.609 | INFO    |test_geracao_ext:test_montar_linhas_ext_mesmo_grupo_compartilha_expectativa:114 - [STEP] Finalizando: montar_linhas_ext | Tempo gasto: 0.0s
2026-08-04 12:12:46.614 | INFO    |comum.dados.repositorio_cache:__init__:77 - Inicializando conexão com o banco no ambiente [dev]
2026-08-04 12:12:46.614 | INFO    |comum.dados.repositorio_cache:__init__:77 - Utilizando SQLite local [C:\Users\btime\AppData\Local\Temp\detraf_epico4_teste_nzgofaex\TABELAS_DETRAF_TESTE.db]
2026-08-04 12:12:46.615 | INFO    |comum.dados.repositorio_cache:obter_tabela:169 - Carregando tabela [tbl_detraf_mapeamento_descritores]
2026-08-04 12:12:46.616 | INFO    |comum.dados.repositorio_cache:obter_tabela:169 - Tabela [tbl_detraf_mapeamento_descritores] carregada | Linhas: 25 | Colunas: 5
2026-08-04 12:12:46.619 | INFO    |test_geracao_ext:test_gerar_arquivo_ext_grava_no_caminho_e_nome_corretos:121 - [STEP] Iniciando: montar_linhas_ext
2026-08-04 12:12:46.623 | INFO    |comum.utils.decoradores:wrapper:22 - [HU-12 EXT] 1 linha(s) montada(s).
2026-08-04 12:12:46.623 | INFO    |test_geracao_ext:test_gerar_arquivo_ext_grava_no_caminho_e_nome_corretos:121 - [STEP] Finalizando: montar_linhas_ext | Tempo gasto: 0.0s
2026-08-04 12:12:46.624 | INFO    |test_geracao_ext:test_gerar_arquivo_ext_grava_no_caminho_e_nome_corretos:125 - [STEP] Iniciando: gerar_arquivo_ext
2026-08-04 12:12:46.632 | INFO    |comum.utils.decoradores:wrapper:22 - [HU-12 EXT] Arquivo gravado em [C:\Users\btime\AppData\Local\Temp\pytest-of-btime\pytest-282\test_gerar_arquivo_ext_grava_n0\Claro\2025\202507\AGI\DE_AGI_D_202507_TBRA_X_CLARO_EXT.xlsx].
2026-08-04 12:12:46.632 | INFO    |test_geracao_ext:test_gerar_arquivo_ext_grava_no_caminho_e_nome_corretos:125 - [STEP] Finalizando: gerar_arquivo_ext | Tempo gasto: 0.01s
2026-08-04 12:12:46.639 | INFO    |comum.dados.repositorio_cache:__init__:77 - Inicializando conexão com o banco no ambiente [dev]
2026-08-04 12:12:46.639 | INFO    |comum.dados.repositorio_cache:__init__:77 - Utilizando SQLite local [C:\Users\btime\AppData\Local\Temp\detraf_epico4_teste_nzgofaex\TABELAS_DETRAF_TESTE.db]
2026-08-04 12:12:46.640 | INFO    |comum.dados.repositorio_cache:obter_tabela:169 - Carregando tabela [tbl_detraf_mapeamento_descritores]
2026-08-04 12:12:46.641 | INFO    |comum.dados.repositorio_cache:obter_tabela:169 - Tabela [tbl_detraf_mapeamento_descritores] carregada | Linhas: 25 | Colunas: 5
2026-08-04 12:12:46.644 | INFO    |test_geracao_int:test_montar_linhas_int_vazio_retorna_vazio:43 - [STEP] Iniciando: montar_linhas_int
2026-08-04 12:12:46.644 | INFO    |test_geracao_int:test_montar_linhas_int_vazio_retorna_vazio:43 - [STEP] Finalizando: montar_linhas_int | Tempo gasto: 0.0s
2026-08-04 12:12:46.647 | INFO    |comum.dados.repositorio_cache:__init__:77 - Inicializando conexão com o banco no ambiente [dev]
2026-08-04 12:12:46.647 | INFO    |comum.dados.repositorio_cache:__init__:77 - Utilizando SQLite local [C:\Users\btime\AppData\Local\Temp\detraf_epico4_teste_nzgofaex\TABELAS_DETRAF_TESTE.db]
2026-08-04 12:12:46.647 | INFO    |comum.dados.repositorio_cache:obter_tabela:169 - Carregando tabela [tbl_detraf_mapeamento_descritores]
2026-08-04 12:12:46.649 | INFO    |comum.dados.repositorio_cache:obter_tabela:169 - Tabela [tbl_detraf_mapeamento_descritores] carregada | Linhas: 25 | Colunas: 5
2026-08-04 12:12:46.652 | INFO    |test_geracao_int:test_montar_linhas_int_cenario_sem_contestacao_fica_vazio:53 - [STEP] Iniciando: montar_linhas_int
2026-08-04 12:12:46.655 | INFO    |comum.utils.decoradores:wrapper:22 - [HU-13 INT] Nenhuma linha COM retenção — INT não se aplica a este cenário.
2026-08-04 12:12:46.655 | INFO    |test_geracao_int:test_montar_linhas_int_cenario_sem_contestacao_fica_vazio:53 - [STEP] Finalizando: montar_linhas_int | Tempo gasto: 0.0s
2026-08-04 12:12:46.658 | INFO    |comum.dados.repositorio_cache:__init__:77 - Inicializando conexão com o banco no ambiente [dev]
2026-08-04 12:12:46.658 | INFO    |comum.dados.repositorio_cache:__init__:77 - Utilizando SQLite local [C:\Users\btime\AppData\Local\Temp\detraf_epico4_teste_nzgofaex\TABELAS_DETRAF_TESTE.db]
2026-08-04 12:12:46.659 | INFO    |comum.dados.repositorio_cache:obter_tabela:169 - Carregando tabela [tbl_detraf_mapeamento_descritores]
2026-08-04 12:12:46.660 | INFO    |comum.dados.repositorio_cache:obter_tabela:169 - Tabela [tbl_detraf_mapeamento_descritores] carregada | Linhas: 25 | Colunas: 5
2026-08-04 12:12:46.663 | INFO    |test_geracao_int:test_montar_linhas_int_cenario_sem_retencao_fica_vazio:62 - [STEP] Iniciando: montar_linhas_int
2026-08-04 12:12:46.666 | INFO    |comum.utils.decoradores:wrapper:22 - [HU-13 INT] Nenhuma linha COM retenção — INT não se aplica a este cenário.
2026-08-04 12:12:46.666 | INFO    |test_geracao_int:test_montar_linhas_int_cenario_sem_retencao_fica_vazio:62 - [STEP] Finalizando: montar_linhas_int | Tempo gasto: 0.0s
2026-08-04 12:12:46.668 | INFO    |comum.dados.repositorio_cache:__init__:77 - Inicializando conexão com o banco no ambiente [dev]
2026-08-04 12:12:46.669 | INFO    |comum.dados.repositorio_cache:__init__:77 - Utilizando SQLite local [C:\Users\btime\AppData\Local\Temp\detraf_epico4_teste_nzgofaex\TABELAS_DETRAF_TESTE.db]
2026-08-04 12:12:46.669 | INFO    |comum.dados.repositorio_cache:obter_tabela:169 - Carregando tabela [tbl_detraf_mapeamento_descritores]
2026-08-04 12:12:46.671 | INFO    |comum.dados.repositorio_cache:obter_tabela:169 - Tabela [tbl_detraf_mapeamento_descritores] carregada | Linhas: 25 | Colunas: 5
2026-08-04 12:12:46.674 | INFO    |test_geracao_int:test_montar_linhas_int_cenario_com_retencao_preenche_linhas:71 - [STEP] Iniciando: montar_linhas_int
2026-08-04 12:12:46.677 | INFO    |comum.utils.decoradores:wrapper:22 - [HU-13 INT] 1 linha(s) montada(s) (COM retenção).
2026-08-04 12:12:46.677 | INFO    |test_geracao_int:test_montar_linhas_int_cenario_com_retencao_preenche_linhas:71 - [STEP] Finalizando: montar_linhas_int | Tempo gasto: 0.0s
2026-08-04 12:12:46.680 | INFO    |comum.dados.repositorio_cache:__init__:77 - Inicializando conexão com o banco no ambiente [dev]
2026-08-04 12:12:46.680 | INFO    |comum.dados.repositorio_cache:__init__:77 - Utilizando SQLite local [C:\Users\btime\AppData\Local\Temp\detraf_epico4_teste_nzgofaex\TABELAS_DETRAF_TESTE.db]
2026-08-04 12:12:46.681 | INFO    |comum.dados.repositorio_cache:obter_tabela:169 - Carregando tabela [tbl_detraf_mapeamento_descritores]
2026-08-04 12:12:46.682 | INFO    |comum.dados.repositorio_cache:obter_tabela:169 - Tabela [tbl_detraf_mapeamento_descritores] carregada | Linhas: 25 | Colunas: 5
2026-08-04 12:12:46.685 | INFO    |test_geracao_int:test_montar_linhas_int_filtra_apenas_com_retencao:95 - [STEP] Iniciando: montar_linhas_int
2026-08-04 12:12:46.688 | INFO    |comum.utils.decoradores:wrapper:22 - [HU-13 INT] 1 linha(s) montada(s) (COM retenção).
2026-08-04 12:12:46.689 | INFO    |test_geracao_int:test_montar_linhas_int_filtra_apenas_com_retencao:95 - [STEP] Finalizando: montar_linhas_int | Tempo gasto: 0.0s
2026-08-04 12:12:46.693 | INFO    |test_geracao_int:test_gerar_arquivo_int_nao_grava_quando_vazio:102 - [STEP] Iniciando: gerar_arquivo_int
2026-08-04 12:12:46.693 | INFO    |comum.utils.decoradores:wrapper:22 - [HU-13 INT] Nada a gravar (sem linhas COM retenção) — arquivo não criado.
2026-08-04 12:12:46.693 | INFO    |test_geracao_int:test_gerar_arquivo_int_nao_grava_quando_vazio:102 - [STEP] Finalizando: gerar_arquivo_int | Tempo gasto: 0.0s
2026-08-04 12:12:46.696 | INFO    |comum.dados.repositorio_cache:__init__:77 - Inicializando conexão com o banco no ambiente [dev]
2026-08-04 12:12:46.697 | INFO    |comum.dados.repositorio_cache:__init__:77 - Utilizando SQLite local [C:\Users\btime\AppData\Local\Temp\detraf_epico4_teste_nzgofaex\TABELAS_DETRAF_TESTE.db]
2026-08-04 12:12:46.697 | INFO    |comum.dados.repositorio_cache:obter_tabela:169 - Carregando tabela [tbl_detraf_mapeamento_descritores]
2026-08-04 12:12:46.698 | INFO    |comum.dados.repositorio_cache:obter_tabela:169 - Tabela [tbl_detraf_mapeamento_descritores] carregada | Linhas: 25 | Colunas: 5
2026-08-04 12:12:46.702 | INFO    |test_geracao_int:test_gerar_arquivo_int_grava_no_caminho_e_nome_corretos:110 - [STEP] Iniciando: montar_linhas_int
2026-08-04 12:12:46.705 | INFO    |comum.utils.decoradores:wrapper:22 - [HU-13 INT] 1 linha(s) montada(s) (COM retenção).
2026-08-04 12:12:46.705 | INFO    |test_geracao_int:test_gerar_arquivo_int_grava_no_caminho_e_nome_corretos:110 - [STEP] Finalizando: montar_linhas_int | Tempo gasto: 0.0s
2026-08-04 12:12:46.706 | INFO    |test_geracao_int:test_gerar_arquivo_int_grava_no_caminho_e_nome_corretos:112 - [STEP] Iniciando: gerar_arquivo_int
2026-08-04 12:12:46.713 | INFO    |comum.utils.decoradores:wrapper:22 - [HU-13 INT] Arquivo gravado em [C:\Users\btime\AppData\Local\Temp\pytest-of-btime\pytest-282\test_gerar_arquivo_int_grava_n0\Claro\2025\202507\AGI\DE_AGI_D_202507_TBRA_X_CLARO_INT.xlsx].
2026-08-04 12:12:46.714 | INFO    |test_geracao_int:test_gerar_arquivo_int_grava_no_caminho_e_nome_corretos:112 - [STEP] Finalizando: gerar_arquivo_int | Tempo gasto: 0.01s
2026-08-04 12:12:46.740 | INFO    |comum.dados.repositorio_cache:__init__:77 - Inicializando conexão com o banco no ambiente [dev]
2026-08-04 12:12:46.740 | INFO    |comum.dados.repositorio_cache:__init__:77 - Utilizando SQLite local [C:\Users\btime\AppData\Local\Temp\detraf_epico4_teste_nzgofaex\TABELAS_DETRAF_TESTE.db]
2026-08-04 12:12:46.741 | INFO    |comum.dados.repositorio_cache:obter_tabela:169 - Carregando tabela [tbl_detraf_mapeamento_descritores]
2026-08-04 12:12:46.742 | INFO    |comum.dados.repositorio_cache:obter_tabela:169 - Tabela [tbl_detraf_mapeamento_descritores] carregada | Linhas: 25 | Colunas: 5
2026-08-04 12:12:46.747 | INFO    |comum.dados.repositorio_cache:__init__:77 - Inicializando conexão com o banco no ambiente [dev]
2026-08-04 12:12:46.747 | INFO    |comum.dados.repositorio_cache:__init__:77 - Utilizando SQLite local [C:\Users\btime\AppData\Local\Temp\detraf_epico4_teste_nzgofaex\TABELAS_DETRAF_TESTE.db]
2026-08-04 12:12:46.747 | INFO    |comum.dados.repositorio_cache:obter_tabela:169 - Carregando tabela [tbl_detraf_mapeamento_descritores]
2026-08-04 12:12:46.749 | INFO    |comum.dados.repositorio_cache:obter_tabela:169 - Tabela [tbl_detraf_mapeamento_descritores] carregada | Linhas: 25 | Colunas: 5
2026-08-04 12:12:46.753 | INFO    |comum.dados.repositorio_cache:__init__:77 - Inicializando conexão com o banco no ambiente [dev]
2026-08-04 12:12:46.754 | INFO    |comum.dados.repositorio_cache:__init__:77 - Utilizando SQLite local [C:\Users\btime\AppData\Local\Temp\detraf_epico4_teste_nzgofaex\TABELAS_DETRAF_TESTE.db]
2026-08-04 12:12:46.754 | INFO    |comum.dados.repositorio_cache:obter_tabela:169 - Carregando tabela [tbl_detraf_mapeamento_descritores]
2026-08-04 12:12:46.756 | INFO    |comum.dados.repositorio_cache:obter_tabela:169 - Tabela [tbl_detraf_mapeamento_descritores] carregada | Linhas: 25 | Colunas: 5
2026-08-04 12:12:46.761 | INFO    |comum.dados.repositorio_cache:__init__:77 - Inicializando conexão com o banco no ambiente [dev]
2026-08-04 12:12:46.761 | INFO    |comum.dados.repositorio_cache:__init__:77 - Utilizando SQLite local [C:\Users\btime\AppData\Local\Temp\detraf_epico4_teste_nzgofaex\TABELAS_DETRAF_TESTE.db]
2026-08-04 12:12:46.761 | INFO    |comum.dados.repositorio_cache:obter_tabela:169 - Carregando tabela [tbl_detraf_mapeamento_descritores]
2026-08-04 12:12:46.762 | INFO    |comum.dados.repositorio_cache:obter_tabela:169 - Tabela [tbl_detraf_mapeamento_descritores] carregada | Linhas: 25 | Colunas: 5
2026-08-04 12:12:46.767 | INFO    |comum.dados.repositorio_cache:__init__:77 - Inicializando conexão com o banco no ambiente [dev]
2026-08-04 12:12:46.768 | INFO    |comum.dados.repositorio_cache:__init__:77 - Utilizando SQLite local [C:\Users\btime\AppData\Local\Temp\detraf_epico4_teste_nzgofaex\TABELAS_DETRAF_TESTE.db]
2026-08-04 12:12:46.768 | INFO    |comum.dados.repositorio_cache:obter_tabela:169 - Carregando tabela [tbl_detraf_mapeamento_descritores]
2026-08-04 12:12:46.769 | INFO    |comum.dados.repositorio_cache:obter_tabela:169 - Tabela [tbl_detraf_mapeamento_descritores] carregada | Linhas: 25 | Colunas: 5
2026-08-04 12:12:46.774 | INFO    |comum.dados.repositorio_cache:__init__:77 - Inicializando conexão com o banco no ambiente [dev]
2026-08-04 12:12:46.774 | INFO    |comum.dados.repositorio_cache:__init__:77 - Utilizando SQLite local [C:\Users\btime\AppData\Local\Temp\detraf_epico4_teste_nzgofaex\TABELAS_DETRAF_TESTE.db]
2026-08-04 12:12:46.775 | INFO    |comum.dados.repositorio_cache:obter_tabela:169 - Carregando tabela [tbl_detraf_mapeamento_descritores]
2026-08-04 12:12:46.776 | INFO    |comum.dados.repositorio_cache:obter_tabela:169 - Tabela [tbl_detraf_mapeamento_descritores] carregada | Linhas: 25 | Colunas: 5
2026-08-04 12:12:46.781 | INFO    |comum.dados.repositorio_cache:__init__:77 - Inicializando conexão com o banco no ambiente [dev]
2026-08-04 12:12:46.781 | INFO    |comum.dados.repositorio_cache:__init__:77 - Utilizando SQLite local [C:\Users\btime\AppData\Local\Temp\detraf_epico4_teste_nzgofaex\TABELAS_DETRAF_TESTE.db]
2026-08-04 12:12:46.781 | INFO    |comum.dados.repositorio_cache:obter_tabela:169 - Carregando tabela [tbl_detraf_mapeamento_descritores]
2026-08-04 12:12:46.782 | INFO    |comum.dados.repositorio_cache:obter_tabela:169 - Tabela [tbl_detraf_mapeamento_descritores] carregada | Linhas: 25 | Colunas: 5
2026-08-04 12:12:46.787 | INFO    |comum.dados.repositorio_cache:__init__:77 - Inicializando conexão com o banco no ambiente [dev]
2026-08-04 12:12:46.787 | INFO    |comum.dados.repositorio_cache:__init__:77 - Utilizando SQLite local [C:\Users\btime\AppData\Local\Temp\detraf_epico4_teste_nzgofaex\TABELAS_DETRAF_TESTE.db]
2026-08-04 12:12:46.788 | INFO    |comum.dados.repositorio_cache:obter_tabela:169 - Carregando tabela [tbl_detraf_mapeamento_descritores]
2026-08-04 12:12:46.789 | INFO    |comum.dados.repositorio_cache:obter_tabela:169 - Tabela [tbl_detraf_mapeamento_descritores] carregada | Linhas: 25 | Colunas: 5
2026-08-04 12:12:46.794 | INFO    |comum.dados.repositorio_cache:__init__:77 - Inicializando conexão com o banco no ambiente [dev]
2026-08-04 12:12:46.794 | INFO    |comum.dados.repositorio_cache:__init__:77 - Utilizando SQLite local [C:\Users\btime\AppData\Local\Temp\detraf_epico4_teste_nzgofaex\TABELAS_DETRAF_TESTE.db]
2026-08-04 12:12:46.794 | INFO    |comum.dados.repositorio_cache:obter_tabela:169 - Carregando tabela [tbl_detraf_mapeamento_descritores]
2026-08-04 12:12:46.796 | INFO    |comum.dados.repositorio_cache:obter_tabela:169 - Tabela [tbl_detraf_mapeamento_descritores] carregada | Linhas: 25 | Colunas: 5
2026-08-04 12:12:46.800 | INFO    |comum.dados.repositorio_cache:__init__:77 - Inicializando conexão com o banco no ambiente [dev]
2026-08-04 12:12:46.800 | INFO    |comum.dados.repositorio_cache:__init__:77 - Utilizando SQLite local [C:\Users\btime\AppData\Local\Temp\detraf_epico4_teste_nzgofaex\TABELAS_DETRAF_TESTE.db]
2026-08-04 12:12:46.800 | INFO    |comum.dados.repositorio_cache:obter_tabela:169 - Carregando tabela [tbl_detraf_mapeamento_descritores]
2026-08-04 12:12:46.802 | INFO    |comum.dados.repositorio_cache:obter_tabela:169 - Tabela [tbl_detraf_mapeamento_descritores] carregada | Linhas: 25 | Colunas: 5
2026-08-04 12:12:46.807 | INFO    |comum.dados.repositorio_cache:__init__:77 - Inicializando conexão com o banco no ambiente [dev]
2026-08-04 12:12:46.807 | INFO    |comum.dados.repositorio_cache:__init__:77 - Utilizando SQLite local [C:\Users\btime\AppData\Local\Temp\detraf_epico4_teste_nzgofaex\TABELAS_DETRAF_TESTE.db]
2026-08-04 12:12:46.808 | INFO    |comum.dados.repositorio_cache:obter_tabela:169 - Carregando tabela [tbl_detraf_mapeamento_descritores]
2026-08-04 12:12:46.809 | INFO    |comum.dados.repositorio_cache:obter_tabela:169 - Tabela [tbl_detraf_mapeamento_descritores] carregada | Linhas: 25 | Colunas: 5
2026-08-04 12:12:46.814 | INFO    |comum.dados.repositorio_cache:__init__:77 - Inicializando conexão com o banco no ambiente [dev]
2026-08-04 12:12:46.814 | INFO    |comum.dados.repositorio_cache:__init__:77 - Utilizando SQLite local [C:\Users\btime\AppData\Local\Temp\detraf_epico4_teste_nzgofaex\TABELAS_DETRAF_TESTE.db]
2026-08-04 12:12:46.814 | INFO    |comum.dados.repositorio_cache:obter_tabela:169 - Carregando tabela [tbl_detraf_mapeamento_descritores]
2026-08-04 12:12:46.816 | INFO    |comum.dados.repositorio_cache:obter_tabela:169 - Tabela [tbl_detraf_mapeamento_descritores] carregada | Linhas: 25 | Colunas: 5
2026-08-04 12:12:46.821 | INFO    |comum.dados.repositorio_cache:__init__:77 - Inicializando conexão com o banco no ambiente [dev]
2026-08-04 12:12:46.821 | INFO    |comum.dados.repositorio_cache:__init__:77 - Utilizando SQLite local [C:\Users\btime\AppData\Local\Temp\detraf_epico4_teste_nzgofaex\TABELAS_DETRAF_TESTE.db]
2026-08-04 12:12:46.821 | INFO    |comum.dados.repositorio_cache:obter_tabela:169 - Carregando tabela [tbl_detraf_mapeamento_descritores]
2026-08-04 12:12:46.823 | INFO    |comum.dados.repositorio_cache:obter_tabela:169 - Tabela [tbl_detraf_mapeamento_descritores] carregada | Linhas: 25 | Colunas: 5
2026-08-04 12:12:46.842 | INFO    |comum.dados.repositorio_cache:__init__:77 - Inicializando conexão com o banco no ambiente [dev]
2026-08-04 12:12:46.842 | INFO    |comum.dados.repositorio_cache:__init__:77 - Utilizando SQLite local [C:\Users\btime\AppData\Local\Temp\detraf_epico4_teste_nzgofaex\TABELAS_DETRAF_TESTE.db]
2026-08-04 12:12:46.848 | INFO    |test_repositorio_escrita:test_atualizar_dados_aplica_update_e_retorna_rowcount:53 - 1 linha(s) atualizada(s) em [tbl_rpa_log_detraf_despesa_contestacao].
2026-08-04 12:12:46.848 | INFO    |comum.dados.repositorio_cache:recarregar_cache_local:330 - Carregando tabela [tbl_rpa_log_detraf_despesa_contestacao]
2026-08-04 12:12:46.849 | INFO    |comum.dados.repositorio_cache:recarregar_cache_local:330 - Tabela [tbl_rpa_log_detraf_despesa_contestacao] carregada | Linhas: 2 | Colunas: 18
2026-08-04 12:12:46.852 | INFO    |comum.dados.repositorio_cache:__init__:77 - Inicializando conexão com o banco no ambiente [dev]
2026-08-04 12:12:46.852 | INFO    |comum.dados.repositorio_cache:__init__:77 - Utilizando SQLite local [C:\Users\btime\AppData\Local\Temp\detraf_epico4_teste_nzgofaex\TABELAS_DETRAF_TESTE.db]
2026-08-04 12:12:46.854 | INFO    |test_repositorio_escrita:test_atualizar_dados_chave_inexistente_retorna_zero:64 - 0 linha(s) atualizada(s) em [tbl_rpa_log_detraf_despesa_contestacao].
2026-08-04 12:12:46.857 | INFO    |comum.dados.repositorio_cache:__init__:77 - Inicializando conexão com o banco no ambiente [dev]
2026-08-04 12:12:46.857 | INFO    |comum.dados.repositorio_cache:__init__:77 - Utilizando SQLite local [C:\Users\btime\AppData\Local\Temp\detraf_epico4_teste_nzgofaex\TABELAS_DETRAF_TESTE.db]
2026-08-04 12:12:46.860 | INFO    |comum.dados.repositorio_cache:__init__:77 - Inicializando conexão com o banco no ambiente [dev]
2026-08-04 12:12:46.860 | INFO    |comum.dados.repositorio_cache:__init__:77 - Utilizando SQLite local [C:\Users\btime\AppData\Local\Temp\detraf_epico4_teste_nzgofaex\TABELAS_DETRAF_TESTE.db]
2026-08-04 12:12:46.863 | INFO    |comum.dados.repositorio_cache:__init__:77 - Inicializando conexão com o banco no ambiente [dev]
2026-08-04 12:12:46.863 | INFO    |comum.dados.repositorio_cache:__init__:77 - Utilizando SQLite local [C:\Users\btime\AppData\Local\Temp\detraf_epico4_teste_nzgofaex\TABELAS_DETRAF_TESTE.db]
2026-08-04 12:12:46.866 | INFO    |comum.dados.repositorio_cache:__init__:77 - Inicializando conexão com o banco no ambiente [dev]
2026-08-04 12:12:46.866 | INFO    |comum.dados.repositorio_cache:__init__:77 - Utilizando SQLite local [C:\Users\btime\AppData\Local\Temp\detraf_epico4_teste_nzgofaex\TABELAS_DETRAF_TESTE.db]
2026-08-04 12:12:46.867 | INFO    |comum.dados.repositorio_cache:inserir_dados:255 - Nenhum registro para inserir em [tbl_rpa_log_detraf_despesa_contestacao].
2026-08-04 12:12:46.867 | INFO    |comum.dados.repositorio_cache:obter_tabela:169 - Carregando tabela [tbl_rpa_log_detraf_despesa_contestacao]
2026-08-04 12:12:46.869 | INFO    |comum.dados.repositorio_cache:obter_tabela:169 - Tabela [tbl_rpa_log_detraf_despesa_contestacao] carregada | Linhas: 2 | Colunas: 18
2026-08-04 12:12:46.871 | INFO    |comum.dados.repositorio_cache:__init__:77 - Inicializando conexão com o banco no ambiente [dev]
2026-08-04 12:12:46.871 | INFO    |comum.dados.repositorio_cache:__init__:77 - Utilizando SQLite local [C:\Users\btime\AppData\Local\Temp\detraf_epico4_teste_nzgofaex\TABELAS_DETRAF_TESTE.db]
2026-08-04 12:12:46.879 | INFO    |test_repositorio_escrita:test_atualizar_dados_nao_vaza_valor_para_a_sql:101 - 1 linha(s) atualizada(s) em [tbl_rpa_log_detraf_despesa_contestacao].
2026-08-04 12:12:46.879 | INFO    |comum.dados.repositorio_cache:recarregar_cache_local:330 - Carregando tabela [tbl_rpa_log_detraf_despesa_contestacao]
2026-08-04 12:12:46.881 | INFO    |comum.dados.repositorio_cache:recarregar_cache_local:330 - Tabela [tbl_rpa_log_detraf_despesa_contestacao] carregada | Linhas: 2 | Colunas: 18
2026-08-04 12:12:46.884 | INFO    |comum.dados.repositorio_cache:__init__:77 - Inicializando conexão com o banco no ambiente [dev]
2026-08-04 12:12:46.884 | INFO    |comum.dados.repositorio_cache:__init__:77 - Utilizando SQLite local [C:\Users\btime\AppData\Local\Temp\detraf_epico4_teste_nzgofaex\TABELAS_DETRAF_TESTE.db]
2026-08-04 12:12:46.885 | INFO    |test_repositorio_escrita:test_atualizar_despesa_atualiza_os_seis_campos_sem_criar_linha:115 - [STEP] Iniciando: preparar_atualizacoes_despesa_contestacao
2026-08-04 12:12:46.886 | INFO    |comum.utils.decoradores:wrapper:22 - [HU-19 Despesa Contestação] 1 atualização(ões) preparada(s).
2026-08-04 12:12:46.886 | INFO    |test_repositorio_escrita:test_atualizar_despesa_atualiza_os_seis_campos_sem_criar_linha:115 - [STEP] Finalizando: preparar_atualizacoes_despesa_contestacao | Tempo gasto: 0.0s
2026-08-04 12:12:46.886 | INFO    |comum.dados.repositorio_cache:obter_tabela:169 - Carregando tabela [tbl_rpa_log_detraf_despesa_contestacao]
2026-08-04 12:12:46.887 | INFO    |comum.dados.repositorio_cache:obter_tabela:169 - Tabela [tbl_rpa_log_detraf_despesa_contestacao] carregada | Linhas: 2 | Colunas: 18
2026-08-04 12:12:46.894 | INFO    |comum.dados.repositorio_tabelas:_atualizar_contestacao_em_lote:864 - 1 linha(s) atualizada(s) em [tbl_rpa_log_detraf_despesa_contestacao].
2026-08-04 12:12:46.894 | INFO    |comum.dados.repositorio_cache:recarregar_cache_local:330 - Carregando tabela [tbl_rpa_log_detraf_despesa_contestacao]
2026-08-04 12:12:46.895 | INFO    |comum.dados.repositorio_cache:recarregar_cache_local:330 - Tabela [tbl_rpa_log_detraf_despesa_contestacao] carregada | Linhas: 2 | Colunas: 18
2026-08-04 12:12:46.895 | INFO    |comum.dados.repositorio_tabelas:atualizar_despesa_contestacao:903 - [HU-19 Despesa Contestação] 1 linha(s) atualizada(s), 0 chave(s) ausente(s).
2026-08-04 12:12:46.898 | INFO    |comum.dados.repositorio_cache:__init__:77 - Inicializando conexão com o banco no ambiente [dev]
2026-08-04 12:12:46.898 | INFO    |comum.dados.repositorio_cache:__init__:77 - Utilizando SQLite local [C:\Users\btime\AppData\Local\Temp\detraf_epico4_teste_nzgofaex\TABELAS_DETRAF_TESTE.db]
2026-08-04 12:12:46.899 | INFO    |test_repositorio_escrita:test_atualizar_despesa_preserva_lado_tbra_e_sinal_do_analista:134 - [STEP] Iniciando: preparar_atualizacoes_despesa_contestacao
2026-08-04 12:12:46.900 | INFO    |comum.utils.decoradores:wrapper:22 - [HU-19 Despesa Contestação] 1 atualização(ões) preparada(s).
2026-08-04 12:12:46.900 | INFO    |test_repositorio_escrita:test_atualizar_despesa_preserva_lado_tbra_e_sinal_do_analista:134 - [STEP] Finalizando: preparar_atualizacoes_despesa_contestacao | Tempo gasto: 0.0s
2026-08-04 12:12:46.901 | INFO    |comum.dados.repositorio_cache:obter_tabela:169 - Carregando tabela [tbl_rpa_log_detraf_despesa_contestacao]
2026-08-04 12:12:46.902 | INFO    |comum.dados.repositorio_cache:obter_tabela:169 - Tabela [tbl_rpa_log_detraf_despesa_contestacao] carregada | Linhas: 2 | Colunas: 18
2026-08-04 12:12:46.909 | INFO    |comum.dados.repositorio_tabelas:_atualizar_contestacao_em_lote:864 - 1 linha(s) atualizada(s) em [tbl_rpa_log_detraf_despesa_contestacao].
2026-08-04 12:12:46.910 | INFO    |comum.dados.repositorio_cache:recarregar_cache_local:330 - Carregando tabela [tbl_rpa_log_detraf_despesa_contestacao]
2026-08-04 12:12:46.911 | INFO    |comum.dados.repositorio_cache:recarregar_cache_local:330 - Tabela [tbl_rpa_log_detraf_despesa_contestacao] carregada | Linhas: 2 | Colunas: 18
2026-08-04 12:12:46.911 | INFO    |comum.dados.repositorio_tabelas:atualizar_despesa_contestacao:903 - [HU-19 Despesa Contestação] 1 linha(s) atualizada(s), 0 chave(s) ausente(s).
2026-08-04 12:12:46.914 | INFO    |comum.dados.repositorio_cache:__init__:77 - Inicializando conexão com o banco no ambiente [dev]
2026-08-04 12:12:46.914 | INFO    |comum.dados.repositorio_cache:__init__:77 - Utilizando SQLite local [C:\Users\btime\AppData\Local\Temp\detraf_epico4_teste_nzgofaex\TABELAS_DETRAF_TESTE.db]
2026-08-04 12:12:46.915 | INFO    |test_repositorio_escrita:test_atualizar_despesa_chave_ausente_nao_aborta_o_lote:154 - [STEP] Iniciando: preparar_atualizacoes_despesa_contestacao
2026-08-04 12:12:46.916 | INFO    |comum.utils.decoradores:wrapper:22 - [HU-19 Despesa Contestação] 2 atualização(ões) preparada(s).
2026-08-04 12:12:46.916 | INFO    |test_repositorio_escrita:test_atualizar_despesa_chave_ausente_nao_aborta_o_lote:154 - [STEP] Finalizando: preparar_atualizacoes_despesa_contestacao | Tempo gasto: 0.0s
2026-08-04 12:12:46.917 | INFO    |comum.dados.repositorio_cache:obter_tabela:169 - Carregando tabela [tbl_rpa_log_detraf_despesa_contestacao]
2026-08-04 12:12:46.918 | INFO    |comum.dados.repositorio_cache:obter_tabela:169 - Tabela [tbl_rpa_log_detraf_despesa_contestacao] carregada | Linhas: 2 | Colunas: 18
2026-08-04 12:12:46.924 | INFO    |comum.dados.repositorio_tabelas:_atualizar_contestacao_em_lote:864 - 1 linha(s) atualizada(s) em [tbl_rpa_log_detraf_despesa_contestacao].
2026-08-04 12:12:46.926 | WARNING |comum.dados.repositorio_tabelas:atualizar_despesa_contestacao:903 - [HU-19 Despesa Contestação] Chave sem linha correspondente no banco {'eot_operadora': '999', 'eot_tbra': '099', 'referencia': '202507', 'trafego': '202507', 'remuneracao': 'TU-COM'} — ignorada (a linha-base é inserida pelo Épico 3, B-D20).
2026-08-04 12:12:46.926 | INFO    |comum.dados.repositorio_cache:recarregar_cache_local:330 - Carregando tabela [tbl_rpa_log_detraf_despesa_contestacao]
2026-08-04 12:12:46.927 | INFO    |comum.dados.repositorio_cache:recarregar_cache_local:330 - Tabela [tbl_rpa_log_detraf_despesa_contestacao] carregada | Linhas: 2 | Colunas: 18
2026-08-04 12:12:46.927 | INFO    |comum.dados.repositorio_tabelas:atualizar_despesa_contestacao:903 - [HU-19 Despesa Contestação] 1 linha(s) atualizada(s), 1 chave(s) ausente(s).
2026-08-04 12:12:46.930 | INFO    |comum.dados.repositorio_cache:__init__:77 - Inicializando conexão com o banco no ambiente [dev]
2026-08-04 12:12:46.930 | INFO    |comum.dados.repositorio_cache:__init__:77 - Utilizando SQLite local [C:\Users\btime\AppData\Local\Temp\detraf_epico4_teste_nzgofaex\TABELAS_DETRAF_TESTE.db]
2026-08-04 12:12:46.931 | INFO    |comum.dados.repositorio_tabelas:atualizar_despesa_contestacao:903 - [HU-19 Despesa Contestação] Nada a atualizar (lote vazio).
2026-08-04 12:12:46.933 | INFO    |comum.dados.repositorio_cache:__init__:77 - Inicializando conexão com o banco no ambiente [dev]
2026-08-04 12:12:46.933 | INFO    |comum.dados.repositorio_cache:__init__:77 - Utilizando SQLite local [C:\Users\btime\AppData\Local\Temp\detraf_epico4_teste_nzgofaex\TABELAS_DETRAF_TESTE.db]
2026-08-04 12:12:46.934 | INFO    |test_repositorio_escrita:test_atualizar_despesa_normaliza_eot_como_a_leitura_do_sinal:172 - [STEP] Iniciando: preparar_atualizacoes_despesa_contestacao
2026-08-04 12:12:46.935 | INFO    |comum.utils.decoradores:wrapper:22 - [HU-19 Despesa Contestação] 1 atualização(ões) preparada(s).
2026-08-04 12:12:46.935 | INFO    |test_repositorio_escrita:test_atualizar_despesa_normaliza_eot_como_a_leitura_do_sinal:172 - [STEP] Finalizando: preparar_atualizacoes_despesa_contestacao | Tempo gasto: 0.0s
2026-08-04 12:12:46.935 | INFO    |comum.dados.repositorio_cache:obter_tabela:169 - Carregando tabela [tbl_rpa_log_detraf_despesa_contestacao]
2026-08-04 12:12:46.937 | INFO    |comum.dados.repositorio_cache:obter_tabela:169 - Tabela [tbl_rpa_log_detraf_despesa_contestacao] carregada | Linhas: 2 | Colunas: 18
2026-08-04 12:12:46.943 | INFO    |comum.dados.repositorio_tabelas:_atualizar_contestacao_em_lote:864 - 1 linha(s) atualizada(s) em [tbl_rpa_log_detraf_despesa_contestacao].
2026-08-04 12:12:46.943 | INFO    |comum.dados.repositorio_cache:recarregar_cache_local:330 - Carregando tabela [tbl_rpa_log_detraf_despesa_contestacao]
2026-08-04 12:12:46.945 | INFO    |comum.dados.repositorio_cache:recarregar_cache_local:330 - Tabela [tbl_rpa_log_detraf_despesa_contestacao] carregada | Linhas: 2 | Colunas: 18
2026-08-04 12:12:46.945 | INFO    |comum.dados.repositorio_tabelas:atualizar_despesa_contestacao:903 - [HU-19 Despesa Contestação] 1 linha(s) atualizada(s), 0 chave(s) ausente(s).
2026-08-04 12:12:46.947 | INFO    |comum.dados.repositorio_cache:__init__:77 - Inicializando conexão com o banco no ambiente [dev]
2026-08-04 12:12:46.947 | INFO    |comum.dados.repositorio_cache:__init__:77 - Utilizando SQLite local [C:\Users\btime\AppData\Local\Temp\detraf_epico4_teste_nzgofaex\TABELAS_DETRAF_TESTE.db]
2026-08-04 12:12:46.949 | INFO    |comum.dados.repositorio_cache:obter_tabela:169 - Carregando tabela [tbl_rpa_log_detraf_despesa_contestacao]
2026-08-04 12:12:46.950 | INFO    |comum.dados.repositorio_cache:obter_tabela:169 - Tabela [tbl_rpa_log_detraf_despesa_contestacao] carregada | Linhas: 2 | Colunas: 18
2026-08-04 12:12:46.952 | INFO    |comum.dados.repositorio_tabelas:_atualizar_contestacao_em_lote:864 - 1 linha(s) atualizada(s) em [tbl_rpa_log_detraf_despesa_contestacao].
2026-08-04 12:12:46.952 | INFO    |comum.dados.repositorio_cache:recarregar_cache_local:330 - Carregando tabela [tbl_rpa_log_detraf_despesa_contestacao]
2026-08-04 12:12:46.953 | INFO    |comum.dados.repositorio_cache:recarregar_cache_local:330 - Tabela [tbl_rpa_log_detraf_despesa_contestacao] carregada | Linhas: 2 | Colunas: 18
2026-08-04 12:12:46.953 | INFO    |comum.dados.repositorio_tabelas:atualizar_tipo_contestacao:930 - [HU-16 Writeback tipo_contestacao] 1 linha(s) atualizada(s), 0 chave(s) ausente(s).
2026-08-04 12:12:46.958 | INFO    |comum.dados.repositorio_cache:__init__:77 - Inicializando conexão com o banco no ambiente [dev]
2026-08-04 12:12:46.958 | INFO    |comum.dados.repositorio_cache:__init__:77 - Utilizando SQLite local [C:\Users\btime\AppData\Local\Temp\detraf_epico4_teste_nzgofaex\TABELAS_DETRAF_TESTE.db]
2026-08-04 12:12:46.960 | INFO    |comum.dados.repositorio_cache:obter_tabela:169 - Carregando tabela [tbl_rpa_log_detraf_despesa_contestacao]
2026-08-04 12:12:46.962 | INFO    |comum.dados.repositorio_cache:obter_tabela:169 - Tabela [tbl_rpa_log_detraf_despesa_contestacao] carregada | Linhas: 2 | Colunas: 18
2026-08-04 12:12:46.963 | INFO    |comum.dados.repositorio_tabelas:_atualizar_contestacao_em_lote:864 - 1 linha(s) atualizada(s) em [tbl_rpa_log_detraf_despesa_contestacao].
2026-08-04 12:12:46.964 | INFO    |comum.dados.repositorio_cache:recarregar_cache_local:330 - Carregando tabela [tbl_rpa_log_detraf_despesa_contestacao]
2026-08-04 12:12:46.965 | INFO    |comum.dados.repositorio_cache:recarregar_cache_local:330 - Tabela [tbl_rpa_log_detraf_despesa_contestacao] carregada | Linhas: 2 | Colunas: 18
2026-08-04 12:12:46.965 | INFO    |comum.dados.repositorio_tabelas:atualizar_tipo_contestacao:930 - [HU-16 Writeback tipo_contestacao] 1 linha(s) atualizada(s), 0 chave(s) ausente(s).
2026-08-04 12:12:46.968 | INFO    |comum.dados.repositorio_cache:__init__:77 - Inicializando conexão com o banco no ambiente [dev]
2026-08-04 12:12:46.969 | INFO    |comum.dados.repositorio_cache:__init__:77 - Utilizando SQLite local [C:\Users\btime\AppData\Local\Temp\detraf_epico4_teste_nzgofaex\TABELAS_DETRAF_TESTE.db]
2026-08-04 12:12:46.970 | INFO    |comum.dados.repositorio_cache:obter_tabela:169 - Carregando tabela [tbl_rpa_log_detraf_despesa_contestacao]
2026-08-04 12:12:46.972 | INFO    |comum.dados.repositorio_cache:obter_tabela:169 - Tabela [tbl_rpa_log_detraf_despesa_contestacao] carregada | Linhas: 2 | Colunas: 18
2026-08-04 12:12:46.974 | WARNING |comum.dados.repositorio_tabelas:atualizar_tipo_contestacao:930 - [HU-16 Writeback tipo_contestacao] Chave sem linha correspondente no banco {'eot_operadora': '888', 'eot_tbra': '011', 'referencia': '202507', 'trafego': '202507', 'remuneracao': 'TU-RL'} — ignorada (a linha-base é inserida pelo Épico 3, B-D20).
2026-08-04 12:12:46.974 | INFO    |comum.dados.repositorio_cache:recarregar_cache_local:330 - Carregando tabela [tbl_rpa_log_detraf_despesa_contestacao]
2026-08-04 12:12:46.975 | INFO    |comum.dados.repositorio_cache:recarregar_cache_local:330 - Tabela [tbl_rpa_log_detraf_despesa_contestacao] carregada | Linhas: 2 | Colunas: 18
2026-08-04 12:12:46.975 | INFO    |comum.dados.repositorio_tabelas:atualizar_tipo_contestacao:930 - [HU-16 Writeback tipo_contestacao] 0 linha(s) atualizada(s), 1 chave(s) ausente(s).
2026-08-04 12:12:46.978 | INFO    |comum.dados.repositorio_cache:__init__:77 - Inicializando conexão com o banco no ambiente [dev]
2026-08-04 12:12:46.978 | INFO    |comum.dados.repositorio_cache:__init__:77 - Utilizando SQLite local [C:\Users\btime\AppData\Local\Temp\detraf_epico4_teste_nzgofaex\TABELAS_DETRAF_TESTE.db]
2026-08-04 12:12:46.984 | INFO    |test_repositorio_escrita:test_cache_e_recarregado_apos_update:250 - 1 linha(s) atualizada(s) em [tbl_rpa_log_detraf_despesa_contestacao].
2026-08-04 12:12:46.984 | INFO    |comum.dados.repositorio_cache:recarregar_cache_local:330 - Carregando tabela [tbl_rpa_log_detraf_despesa_contestacao]
2026-08-04 12:12:46.985 | INFO    |comum.dados.repositorio_cache:recarregar_cache_local:330 - Tabela [tbl_rpa_log_detraf_despesa_contestacao] carregada | Linhas: 2 | Colunas: 18
2026-08-04 12:12:47.002 | INFO    |test_upload_agi:test_operadora_sem_pasta_nao_quebra:76 - [HU-17] Sem pasta AGI para INEXISTENTE/202507: [C:\Users\btime\AppData\Local\Temp\pytest-of-btime\pytest-282\test_operadora_sem_pasta_nao_q0\Operadoras\INEXISTENTE\2025\202507\AGI].
2026-08-04 12:12:47.007 | INFO    |test_upload_agi:test_arquivo_de_outro_tipo_na_pasta_e_ignorado:81 - [HU-17] Nenhum EXT/INT em [C:\Users\btime\AppData\Local\Temp\pytest-of-btime\pytest-282\test_arquivo_de_outro_tipo_na_0\Operadoras\CLARO\2025\202507\AGI].
2026-08-04 12:12:47.019 | INFO    |test_upload_agi:test_a_carta_e_o_env_da_mesma_pasta_nao_entram:108 - [HU-18] Nenhum CONT_PROC_MASCARA em [C:\Users\btime\AppData\Local\Temp\pytest-of-btime\pytest-282\test_a_carta_e_o_env_da_mesma_0\Operadoras\CLARO\2025\202507\Contestações].
2026-08-04 12:12:47.024 | INFO    |test_upload_agi:test_hu17_nao_abre_o_agi_com_o_switch_desligado:117 - [STEP] Iniciando: UploadDetrafAGI.executar
2026-08-04 12:12:47.024 | INFO    |comum.utils.decoradores:wrapper:22 - [MODO SEGURO] PERMITIR_UPLOAD_AGI=false — 2 arquivo(s) pendente(s), nada enviado ao AGI:
2026-08-04 12:12:47.024 | INFO    |comum.utils.decoradores:wrapper:22 -   CLARO: DE_AGI_D_202507_TBRA_X_CLARO_EXT.txt
2026-08-04 12:12:47.024 | INFO    |comum.utils.decoradores:wrapper:22 -   CLARO: DE_AGI_D_202507_TBRA_X_CLARO_INT.txt
2026-08-04 12:12:47.025 | INFO    |test_upload_agi:test_hu17_nao_abre_o_agi_com_o_switch_desligado:117 - [STEP] Finalizando: UploadDetrafAGI.executar | Tempo gasto: 0.0s
2026-08-04 12:12:47.028 | INFO    |test_upload_agi:test_hu18_nao_abre_o_agi_com_o_switch_desligado:128 - [STEP] Iniciando: UploadContestacaoAGI.executar
2026-08-04 12:12:47.029 | INFO    |comum.utils.decoradores:wrapper:22 - [MODO SEGURO] PERMITIR_UPLOAD_AGI=false — 1 arquivo(s) de contestação pendente(s), nada enviado ao AGI:
2026-08-04 12:12:47.029 | INFO    |comum.utils.decoradores:wrapper:22 -   CLARO: CONT_PROC_MASCARA_CLARO_202507.xlsx
2026-08-04 12:12:47.029 | INFO    |test_upload_agi:test_hu18_nao_abre_o_agi_com_o_switch_desligado:128 - [STEP] Finalizando: UploadContestacaoAGI.executar | Tempo gasto: 0.0s
2026-08-04 12:12:47.031 | INFO    |test_upload_agi:test_sem_pendencia_o_agi_nao_e_aberto_nem_com_o_switch_ligado:138 - [STEP] Iniciando: UploadDetrafAGI.executar
2026-08-04 12:12:47.031 | INFO    |src.services.upload_detraf_agi:executar:158 - [HU-17] Sem pasta AGI para CLARO/202507: [C:\Users\btime\AppData\Local\Temp\pytest-of-btime\pytest-282\test_sem_pendencia_o_agi_nao_e0\Operadoras\CLARO\2025\202507\AGI].
2026-08-04 12:12:47.031 | INFO    |comum.utils.decoradores:wrapper:22 - [HU-17] Nada pendente em EXT/INT; nada a fazer.
2026-08-04 12:12:47.031 | INFO    |test_upload_agi:test_sem_pendencia_o_agi_nao_e_aberto_nem_com_o_switch_ligado:138 - [STEP] Finalizando: UploadDetrafAGI.executar | Tempo gasto: 0.0s
2026-08-04 12:12:47.032 | WARNING |test_upload_agi:test_sem_diretorio_configurado_nao_grava_e_nao_quebra:147 - [HU-17] DIRETORIO_EVIDENCIAS não configurado — evidência não capturada.
2026-08-04 12:12:47.034 | WARNING |test_upload_agi:test_falha_na_captura_nao_derruba_o_upload:158 - [HU-17] Falha ao capturar evidência em [C:\Users\btime\AppData\Local\Temp\pytest-of-btime\pytest-282\test_falha_na_captura_nao_derr0\evidencias\evidencia_arquivo_20260804_121247.png]: sem display
2026-08-04 12:16:54.557 | ERROR   |tests.test_contrato_rpa1_rpa2:test_rastreamento_inexistente_nao_estoura:259 - Arquivo de rastreamento não encontrado: 'C:\Users\btime\AppData\Local\Temp\pytest-of-btime\pytest-283\test_rastreamento_inexistente_0\nao_existe.json'.
2026-08-04 12:16:54.612 | INFO    |comum.integracoes.outlook:send_email:306 - E-mail enviado para 'operadora@exemplo.com' — assunto 'Assunto', 0 anexo(s).
2026-08-04 12:16:54.613 | INFO    |comum.integracoes.outlook:send_email:306 - E-mail enviado para '['a@x.com', 'b@x.com']' — assunto 's', 0 anexo(s).
2026-08-04 12:16:54.613 | INFO    |comum.integracoes.outlook:send_email:306 - E-mail enviado para 'a@x.com' — assunto 's', 0 anexo(s).
2026-08-04 12:16:54.614 | INFO    |comum.integracoes.outlook:send_email:306 - E-mail enviado para 'a@x.com' — assunto 's', 0 anexo(s).
2026-08-04 12:16:54.617 | INFO    |tests.test_outlook_comum:test_anexa_cada_arquivo_antes_de_enviar:110 - E-mail enviado para 'a@x.com' — assunto 's', 2 anexo(s).
2026-08-04 12:16:54.625 | INFO    |tests.test_outlook_comum:test_envio_sem_anexo_e_valido:154 - E-mail enviado para 'a@x.com' — assunto 's', 0 anexo(s).
2026-08-04 12:16:54.627 | INFO    |tests.test_outlook_comum:test_rascunho_e_o_default:177 - Resposta salva como rascunho para o e-mail 'ABC123'.
2026-08-04 12:16:54.628 | INFO    |tests.test_outlook_comum:test_envia_quando_pedido_explicitamente:183 - Resposta enviada para o e-mail 'ABC123'.
2026-08-04 12:16:54.628 | INFO    |tests.test_outlook_comum:test_assunto_prefixado_e_corpo_preenchido:189 - Resposta salva como rascunho para o e-mail 'ABC123'.
2026-08-04 12:16:54.629 | INFO    |comum.integracoes.outlook:create_reply_draft:276 - Resposta salva como rascunho para o e-mail 'ABC123'.
2026-08-04 12:16:54.764 | INFO    |comum.dados.repositorio_cache:__init__:77 - Inicializando conexão com o banco no ambiente [dev]
2026-08-04 12:16:54.765 | INFO    |comum.dados.repositorio_cache:__init__:77 - Utilizando SQLite local [banco_de_dados\TABELAS_DETRAF.db]
2026-08-04 12:16:54.777 | INFO    |comum.dados.repositorio_cache:__init__:77 - Inicializando conexão com o banco no ambiente [dev]
2026-08-04 12:16:54.778 | INFO    |comum.dados.repositorio_cache:__init__:77 - Utilizando SQLite local [C:\Users\btime\Desktop\Projetos\detraf unificado\DETRAF-UNIFICADO\unificado\banco_de_dados\TABELAS_DETRAF.db]
2026-08-04 12:16:54.779 | INFO    |comum.dados.repositorio_cache:__init__:77 - Inicializando conexão com o banco no ambiente [dev]
2026-08-04 12:16:54.780 | INFO    |comum.dados.repositorio_cache:__init__:77 - Utilizando SQLite local [C:\Users\btime\Desktop\Projetos\detraf unificado\DETRAF-UNIFICADO\unificado\banco_de_dados\TABELAS_DETRAF.db]
2026-08-04 12:16:54.780 | INFO    |comum.dados.repositorio_cache:obter_tabela:169 - Carregando tabela [tbl_anexo5_processado]
2026-08-04 12:16:54.795 | INFO    |comum.dados.repositorio_cache:obter_tabela:169 - Tabela [tbl_anexo5_processado] carregada | Linhas: 2656 | Colunas: 17
2026-08-04 12:16:54.797 | INFO    |comum.dados.repositorio_cache:__init__:77 - Inicializando conexão com o banco no ambiente [dev]
2026-08-04 12:16:54.797 | INFO    |comum.dados.repositorio_cache:__init__:77 - Utilizando SQLite local [C:\Users\btime\Desktop\Projetos\detraf unificado\DETRAF-UNIFICADO\unificado\banco_de_dados\TABELAS_DETRAF.db]
2026-08-04 12:16:54.798 | INFO    |comum.dados.repositorio_cache:obter_tabela:169 - Carregando tabela [tbl_anexo5_processado]
2026-08-04 12:16:54.811 | INFO    |comum.dados.repositorio_cache:obter_tabela:169 - Tabela [tbl_anexo5_processado] carregada | Linhas: 2656 | Colunas: 17
2026-08-04 12:16:54.813 | INFO    |comum.dados.repositorio_cache:__init__:77 - Inicializando conexão com o banco no ambiente [dev]
2026-08-04 12:16:54.813 | INFO    |comum.dados.repositorio_cache:__init__:77 - Utilizando SQLite local [C:\Users\btime\Desktop\Projetos\detraf unificado\DETRAF-UNIFICADO\unificado\banco_de_dados\TABELAS_DETRAF.db]
2026-08-04 12:16:54.815 | INFO    |comum.dados.repositorio_cache:__init__:77 - Inicializando conexão com o banco no ambiente [dev]
2026-08-04 12:16:54.815 | INFO    |comum.dados.repositorio_cache:__init__:77 - Utilizando SQLite local [C:\Users\btime\Desktop\Projetos\detraf unificado\DETRAF-UNIFICADO\unificado\banco_de_dados\TABELAS_DETRAF.db]
2026-08-04 12:16:54.816 | INFO    |comum.dados.repositorio_cache:obter_tabela:169 - Carregando tabela [tbl_anexo5_processado]
2026-08-04 12:16:54.830 | INFO    |comum.dados.repositorio_cache:obter_tabela:169 - Tabela [tbl_anexo5_processado] carregada | Linhas: 2656 | Colunas: 17
2026-08-04 12:16:54.834 | INFO    |comum.dados.repositorio_cache:__init__:77 - Inicializando conexão com o banco no ambiente [dev]
2026-08-04 12:16:54.834 | INFO    |comum.dados.repositorio_cache:__init__:77 - Utilizando SQLite local [C:\Users\btime\Desktop\Projetos\detraf unificado\DETRAF-UNIFICADO\unificado\banco_de_dados\TABELAS_DETRAF.db]
2026-08-04 12:16:54.835 | INFO    |comum.dados.repositorio_cache:obter_tabela:169 - Carregando tabela [tbl_anexo5_processado]
2026-08-04 12:16:54.848 | INFO    |comum.dados.repositorio_cache:obter_tabela:169 - Tabela [tbl_anexo5_processado] carregada | Linhas: 2656 | Colunas: 17
2026-08-04 12:16:54.849 | INFO    |tests.test_repositorio_tabelas:test_buscar_nome_fantasia_por_eot_inexistente:104 - Nome Fantasia não encontrado para o EOT [999999]
2026-08-04 12:16:54.851 | INFO    |comum.dados.repositorio_cache:__init__:77 - Inicializando conexão com o banco no ambiente [dev]
2026-08-04 12:16:54.851 | INFO    |comum.dados.repositorio_cache:__init__:77 - Utilizando SQLite local [C:\Users\btime\Desktop\Projetos\detraf unificado\DETRAF-UNIFICADO\unificado\banco_de_dados\TABELAS_DETRAF.db]
2026-08-04 12:16:54.852 | INFO    |comum.dados.repositorio_cache:obter_tabela:169 - Carregando tabela [tbl_anexo5_processado]
2026-08-04 12:16:54.868 | INFO    |comum.dados.repositorio_cache:obter_tabela:169 - Tabela [tbl_anexo5_processado] carregada | Linhas: 2656 | Colunas: 17
2026-08-04 12:16:54.871 | INFO    |comum.dados.repositorio_cache:__init__:77 - Inicializando conexão com o banco no ambiente [dev]
2026-08-04 12:16:54.871 | INFO    |comum.dados.repositorio_cache:__init__:77 - Utilizando SQLite local [C:\Users\btime\Desktop\Projetos\detraf unificado\DETRAF-UNIFICADO\unificado\banco_de_dados\TABELAS_DETRAF.db]
2026-08-04 12:16:54.873 | INFO    |comum.dados.repositorio_cache:obter_tabela:169 - Carregando tabela [tbl_detraf_tarifas]
2026-08-04 12:16:54.875 | INFO    |comum.dados.repositorio_cache:obter_tabela:169 - Tabela [tbl_detraf_tarifas] carregada | Linhas: 110 | Colunas: 17
2026-08-04 12:16:54.877 | INFO    |comum.dados.repositorio_cache:__init__:77 - Inicializando conexão com o banco no ambiente [dev]
2026-08-04 12:16:54.877 | INFO    |comum.dados.repositorio_cache:__init__:77 - Utilizando SQLite local [C:\Users\btime\Desktop\Projetos\detraf unificado\DETRAF-UNIFICADO\unificado\banco_de_dados\TABELAS_DETRAF.db]
2026-08-04 12:16:54.877 | INFO    |comum.dados.repositorio_cache:obter_tabela:169 - Carregando tabela [tbl_detraf_mapeamento_descritores]
2026-08-04 12:16:54.879 | INFO    |comum.dados.repositorio_cache:obter_tabela:169 - Tabela [tbl_detraf_mapeamento_descritores] carregada | Linhas: 25 | Colunas: 3
2026-08-04 12:16:54.880 | INFO    |comum.dados.repositorio_cache:__init__:77 - Inicializando conexão com o banco no ambiente [dev]
2026-08-04 12:16:54.880 | INFO    |comum.dados.repositorio_cache:__init__:77 - Utilizando SQLite local [C:\Users\btime\Desktop\Projetos\detraf unificado\DETRAF-UNIFICADO\unificado\banco_de_dados\TABELAS_DETRAF.db]
2026-08-04 12:16:56.020 | INFO    |comum.dados.repositorio_cache:__init__:77 - Inicializando conexão com o banco no ambiente [dev]
2026-08-04 12:16:56.021 | INFO    |comum.dados.repositorio_cache:__init__:77 - Utilizando SQLite local [C:\Users\btime\AppData\Local\Temp\detraf_test_yu4qsew6.db]
2026-08-04 12:16:56.091 | INFO    |comum.dados.repositorio_cache:obter_tabela:169 - Carregando tabela [tbl_anexo5_processado]
2026-08-04 12:16:56.094 | INFO    |comum.dados.repositorio_cache:obter_tabela:169 - Tabela [tbl_anexo5_processado] carregada | Linhas: 3 | Colunas: 2
2026-08-04 12:16:56.099 | INFO    |src.services.operadora_service:obter_operadora:153 - Nome Fantasia não encontrado para o EOT [999]
2026-08-04 12:16:56.103 | INFO    |src.services.operadora_service:obter_operadora:153 - Nome Fantasia não encontrado para o EOT [999]
2026-08-04 12:16:56.104 | INFO    |src.services.operadora_service:obter_operadora:163 - Nome Fantasia não encontrado para o texto [empresainexistente999]
2026-08-04 12:16:56.104 | WARNING |test_operadora_service:test_obter_operadora_nao_identificada:87 - Operadora não identificada para 'arquivo.csv' (eot='999', dominio='empresainexistente999.com.br', texto_busca='empresainexistente999')
2026-08-04 12:16:56.109 | INFO    |test_outlook_service_anexos:test_baixa_apenas_csv_e_excel:81 - E-mail 'ABC123': 3 anexo(s) ignorado(s) por extensão não permitida — carta_apresentacao.pdf, contrato.docx, assinatura.png
2026-08-04 12:16:56.110 | INFO    |test_outlook_service_anexos:test_baixa_apenas_csv_e_excel:81 - E-mail 'ABC123': 2 anexo(s) baixado(s) para 'C:\Users\btime\AppData\Local\Temp\pytest-of-btime\pytest-284\test_baixa_apenas_csv_e_excel0'.
2026-08-04 12:16:56.114 | INFO    |test_outlook_service_anexos:test_anexos_ignorados_nao_chegam_ao_disco:94 - E-mail 'ABC123': 1 anexo(s) ignorado(s) por extensão não permitida — carta.pdf
2026-08-04 12:16:56.115 | INFO    |test_outlook_service_anexos:test_anexos_ignorados_nao_chegam_ao_disco:94 - E-mail 'ABC123': 1 anexo(s) baixado(s) para 'C:\Users\btime\AppData\Local\Temp\pytest-of-btime\pytest-284\test_anexos_ignorados_nao_cheg0'.
2026-08-04 12:16:56.121 | INFO    |test_outlook_service_anexos:test_anexos_inline_continuam_ignorados:107 - E-mail 'ABC123': 1 anexo(s) baixado(s) para 'C:\Users\btime\AppData\Local\Temp\pytest-of-btime\pytest-284\test_anexos_inline_continuam_i0'.
2026-08-04 12:16:56.125 | INFO    |test_outlook_service_anexos:test_email_so_com_anexos_irrelevantes_devolve_lista_vazia:121 - E-mail 'ABC123': 1 anexo(s) ignorado(s) por extensão não permitida — apenas_um_pdf.pdf
2026-08-04 12:16:56.125 | INFO    |test_outlook_service_anexos:test_email_so_com_anexos_irrelevantes_devolve_lista_vazia:121 - E-mail 'ABC123': 0 anexo(s) baixado(s) para 'C:\Users\btime\AppData\Local\Temp\pytest-of-btime\pytest-284\test_email_so_com_anexos_irrel0'.
2026-08-04 12:16:56.131 | INFO    |test_outlook_service_anexos:test_extensao_e_avaliada_sem_distinguir_caixa:128 - E-mail 'ABC123': 2 anexo(s) baixado(s) para 'C:\Users\btime\AppData\Local\Temp\pytest-of-btime\pytest-284\test_extensao_e_avaliada_sem_d0'.
2026-08-04 12:16:56.136 | INFO    |test_outlook_service_anexos:test_o_filtro_usa_a_configuracao_e_nao_uma_lista_fixa:140 - E-mail 'ABC123': 1 anexo(s) ignorado(s) por extensão não permitida — planilha.xlsx
2026-08-04 12:16:56.136 | INFO    |test_outlook_service_anexos:test_o_filtro_usa_a_configuracao_e_nao_uma_lista_fixa:140 - E-mail 'ABC123': 1 anexo(s) baixado(s) para 'C:\Users\btime\AppData\Local\Temp\pytest-of-btime\pytest-284\test_o_filtro_usa_a_configurac0'.
2026-08-04 12:16:56.141 | INFO    |test_processamento_service:test_executar_sucesso_identifica_operadora_e_salva:55 - Iniciando fluxo de processamento
2026-08-04 12:16:56.142 | INFO    |test_processamento_service:test_executar_sucesso_identifica_operadora_e_salva:55 - Competência: 202602 | Ano: 2026
2026-08-04 12:16:56.142 | INFO    |test_processamento_service:test_executar_sucesso_identifica_operadora_e_salva:55 - Total de arquivos a processar: 1
2026-08-04 12:16:56.145 | WARNING |src.services.processamento_service:_processar_arquivo:129 - Estrutura do mês anterior não encontrada em 'C:\Users\btime\AppData\Local\Temp\pytest-of-btime\pytest-284\test_executar_sucesso_identifi0\operadoras\Megatelecom Telecomunicacoes S.A.\2026\202601' — criando 'C:\Users\btime\AppData\Local\Temp\pytest-of-btime\pytest-284\test_executar_sucesso_identifi0\operadoras\Megatelecom Telecomunicacoes S.A.\2026\202602' vazio.
2026-08-04 12:16:56.147 | INFO    |src.services.processamento_service:executar:84 - Processado com sucesso: sucesso_eot112.csv (operadora identificada via 'eot')
2026-08-04 12:16:56.148 | INFO    |comum.dados.repositorio_cache:salvar_dados_tabela_despesa:217 - Inserindo 1 registro(s) em [tbl_rpa_log_detraf_despesa_arquivos].
2026-08-04 12:16:56.165 | INFO    |comum.dados.repositorio_cache:salvar_dados_tabela_despesa:217 - 1 registro(s) persistidos em [tbl_rpa_log_detraf_despesa_arquivos].
2026-08-04 12:16:56.165 | INFO    |src.services.processamento_service:executar:86 - Resumo — Sucesso: 1 | Não identificados: 0 | Erros: 0
2026-08-04 12:16:56.172 | INFO    |test_processamento_service:test_executar_nao_identificado_vai_para_pasta_excecao:81 - Iniciando fluxo de processamento
2026-08-04 12:16:56.172 | INFO    |test_processamento_service:test_executar_nao_identificado_vai_para_pasta_excecao:81 - Competência: 202602 | Ano: 2026
2026-08-04 12:16:56.172 | INFO    |test_processamento_service:test_executar_nao_identificado_vai_para_pasta_excecao:81 - Total de arquivos a processar: 1
2026-08-04 12:16:56.173 | INFO    |src.services.operadora_service:obter_operadora:153 - Nome Fantasia não encontrado para o EOT [999]
2026-08-04 12:16:56.174 | INFO    |src.services.operadora_service:obter_operadora:163 - Nome Fantasia não encontrado para o texto [empresainexistente999]
2026-08-04 12:16:56.174 | WARNING |src.services.processamento_service:_processar_arquivo:108 - Operadora não identificada para 'nao_identificado.csv' (eot='999', dominio='empresainexistente999.com.br', texto_busca='empresainexistente999')
2026-08-04 12:16:56.177 | WARNING |src.services.processamento_service:_processar_arquivo:111 - Operadora não identificada para 'nao_identificado.csv' (remetente: 'contato@empresainexistente999.com.br') — copiado para 'C:\Users\btime\AppData\Local\Temp\pytest-of-btime\pytest-284\test_executar_nao_identificado0\_NAO_IDENTIFICADOS\202602'
2026-08-04 12:16:56.177 | INFO    |src.services.processamento_service:executar:86 - Resumo — Sucesso: 0 | Não identificados: 1 | Erros: 0
2026-08-04 12:16:56.184 | INFO    |test_processamento_service:test_executar_clona_estrutura_do_mes_anterior:104 - Iniciando fluxo de processamento
2026-08-04 12:16:56.184 | INFO    |test_processamento_service:test_executar_clona_estrutura_do_mes_anterior:104 - Competência: 202602 | Ano: 2026
2026-08-04 12:16:56.184 | INFO    |test_processamento_service:test_executar_clona_estrutura_do_mes_anterior:104 - Total de arquivos a processar: 1
2026-08-04 12:16:56.187 | INFO    |src.services.processamento_service:executar:84 - Processado com sucesso: clonagem.csv (operadora identificada via 'eot')
2026-08-04 12:16:56.188 | INFO    |comum.dados.repositorio_cache:salvar_dados_tabela_despesa:217 - Inserindo 1 registro(s) em [tbl_rpa_log_detraf_despesa_arquivos].
2026-08-04 12:16:56.196 | INFO    |comum.dados.repositorio_cache:salvar_dados_tabela_despesa:217 - 1 registro(s) persistidos em [tbl_rpa_log_detraf_despesa_arquivos].
2026-08-04 12:16:56.197 | INFO    |src.services.processamento_service:executar:86 - Resumo — Sucesso: 1 | Não identificados: 0 | Erros: 0
2026-08-04 12:16:56.200 | INFO    |test_processamento_service:test_executar_sem_argumentos_lista_diretorio_entrada:119 - Iniciando fluxo de processamento
2026-08-04 12:16:56.200 | INFO    |test_processamento_service:test_executar_sem_argumentos_lista_diretorio_entrada:119 - Competência: 202602 | Ano: 2026
2026-08-04 12:16:56.201 | INFO    |test_processamento_service:test_executar_sem_argumentos_lista_diretorio_entrada:119 - Total de arquivos a processar: 1
2026-08-04 12:16:56.202 | INFO    |src.services.operadora_service:obter_operadora:153 - Nome Fantasia não encontrado para o EOT [999]
2026-08-04 12:16:56.205 | WARNING |src.services.processamento_service:_processar_arquivo:129 - Estrutura do mês anterior não encontrada em 'C:\Users\btime\AppData\Local\Temp\pytest-of-btime\pytest-284\test_executar_sem_argumentos_l0\operadoras\Desktop Sigmanet\2026\202601' — criando 'C:\Users\btime\AppData\Local\Temp\pytest-of-btime\pytest-284\test_executar_sem_argumentos_l0\operadoras\Desktop Sigmanet\2026\202602' vazio.
2026-08-04 12:16:56.207 | INFO    |src.services.processamento_service:executar:84 - Processado com sucesso: arquivo_solto.csv (operadora identificada via 'dominio')
2026-08-04 12:16:56.208 | INFO    |comum.dados.repositorio_cache:salvar_dados_tabela_despesa:217 - Inserindo 1 registro(s) em [tbl_rpa_log_detraf_despesa_arquivos].
2026-08-04 12:16:56.215 | INFO    |comum.dados.repositorio_cache:salvar_dados_tabela_despesa:217 - 1 registro(s) persistidos em [tbl_rpa_log_detraf_despesa_arquivos].
2026-08-04 12:16:56.215 | INFO    |src.services.processamento_service:executar:86 - Resumo — Sucesso: 1 | Não identificados: 0 | Erros: 0
2026-08-04 12:16:56.245 | WARNING |test_repositorio_arquivos:test_clonar_estrutura_mes_anterior_origem_inexistente_degrada:74 - Estrutura do mês anterior não encontrada em 'C:\Users\btime\AppData\Local\Temp\pytest-of-btime\pytest-284\test_clonar_estrutura_mes_ante2\nao_existe' — criando 'C:\Users\btime\AppData\Local\Temp\pytest-of-btime\pytest-284\test_clonar_estrutura_mes_ante2\202606' vazio.
2026-08-04 12:16:56.248 | INFO    |test_repositorio_tabelas:test_buscar_nome_fantasia_por_eot_nao_encontrado:12 - Nome Fantasia não encontrado para o EOT [999]
2026-08-04 12:16:56.250 | INFO    |test_repositorio_tabelas:test_buscar_nome_fantasia_nao_encontrado:20 - Nome Fantasia não encontrado para o texto [naoexisteoperadora]
2026-08-04 12:16:56.252 | INFO    |comum.dados.repositorio_cache:salvar_dados_tabela_despesa:217 - Inserindo 1 registro(s) em [tbl_rpa_log_detraf_despesa_arquivos].
2026-08-04 12:16:56.258 | INFO    |comum.dados.repositorio_cache:salvar_dados_tabela_despesa:217 - 1 registro(s) persistidos em [tbl_rpa_log_detraf_despesa_arquivos].
2026-08-04 12:16:56.260 | INFO    |comum.dados.repositorio_cache:salvar_dados_tabela_despesa:217 - Nenhum registro para inserir em [tbl_rpa_log_detraf_despesa_arquivos].
2026-08-04 12:16:57.332 | INFO    |comum.dados.repositorio_cache:__init__:77 - Inicializando conexão com o banco no ambiente [dev]
2026-08-04 12:16:57.332 | INFO    |comum.dados.repositorio_cache:__init__:77 - Utilizando SQLite local [C:\Users\btime\AppData\Local\Temp\detraf_epico4_teste_lgxysuno\TABELAS_DETRAF_TESTE.db]
2026-08-04 12:16:57.706 | INFO    |comum.dados.repositorio_cache:__init__:77 - Inicializando conexão com o banco no ambiente [dev]
2026-08-04 12:16:57.707 | INFO    |comum.dados.repositorio_cache:__init__:77 - Utilizando SQLite local [C:\Users\btime\AppData\Local\Temp\detraf_epico4_teste_lgxysuno\TABELAS_DETRAF_TESTE.db]
2026-08-04 12:16:57.708 | INFO    |comum.dados.repositorio_cache:obter_tabela:169 - Carregando tabela [tbl_anexo5_processado]
2026-08-04 12:16:57.710 | INFO    |comum.dados.repositorio_cache:obter_tabela:169 - Tabela [tbl_anexo5_processado] carregada | Linhas: 3 | Colunas: 6
2026-08-04 12:16:57.710 | INFO    |comum.dados.repositorio_cache:obter_tabela:169 - Carregando tabela [tbl_detraf_tarifas]
2026-08-04 12:16:57.711 | INFO    |comum.dados.repositorio_cache:obter_tabela:169 - Tabela [tbl_detraf_tarifas] carregada | Linhas: 2 | Colunas: 8
2026-08-04 12:16:57.711 | INFO    |comum.dados.repositorio_cache:obter_tabela:169 - Carregando tabela [tbl_rpa_log_detraf_despesa_contestacao]
2026-08-04 12:16:57.712 | INFO    |comum.dados.repositorio_cache:obter_tabela:169 - Tabela [tbl_rpa_log_detraf_despesa_contestacao] carregada | Linhas: 2 | Colunas: 18
2026-08-04 12:16:57.715 | INFO    |comum.dados.repositorio_cache:__init__:77 - Inicializando conexão com o banco no ambiente [dev]
2026-08-04 12:16:57.715 | INFO    |comum.dados.repositorio_cache:__init__:77 - Utilizando SQLite local [C:\Users\btime\AppData\Local\Temp\detraf_epico4_teste_lgxysuno\TABELAS_DETRAF_TESTE.db]
2026-08-04 12:16:57.716 | INFO    |comum.dados.repositorio_cache:obter_tabela:169 - Carregando tabela [tbl_anexo5_processado]
2026-08-04 12:16:57.717 | INFO    |comum.dados.repositorio_cache:obter_tabela:169 - Tabela [tbl_anexo5_processado] carregada | Linhas: 3 | Colunas: 6
2026-08-04 12:16:57.719 | INFO    |test_configuracao_ambiente:test_repositorio_tabelas_valida_eot:41 - EOT não encontrado [999]
2026-08-04 12:16:57.722 | INFO    |comum.dados.repositorio_cache:__init__:77 - Inicializando conexão com o banco no ambiente [dev]
2026-08-04 12:16:57.722 | INFO    |comum.dados.repositorio_cache:__init__:77 - Utilizando SQLite local [C:\Users\btime\AppData\Local\Temp\detraf_epico4_teste_lgxysuno\TABELAS_DETRAF_TESTE.db]
2026-08-04 12:16:57.723 | INFO    |comum.dados.repositorio_cache:obter_tabela:169 - Carregando tabela [tbl_anexo5_processado]
2026-08-04 12:16:57.724 | INFO    |comum.dados.repositorio_cache:obter_tabela:169 - Tabela [tbl_anexo5_processado] carregada | Linhas: 3 | Colunas: 6
2026-08-04 12:16:57.725 | INFO    |test_configuracao_ambiente:test_repositorio_tabelas_obtem_endereco_por_eot:49 - EOT não encontrado para busca de endereço [999]
2026-08-04 12:16:57.732 | WARNING |test_consolidacao:test_listar_arquivos_pasta_inexistente:39 - Pasta de Detrafs inexistente: [C:\Users\btime\AppData\Local\Temp\pytest-of-btime\pytest-285\test_listar_arquivos_pasta_ine0\nao_existe]
2026-08-04 12:16:57.735 | INFO    |test_consolidacao:test_consolida_e_remove_totais:43 - [STEP] Iniciando: consolidar_detrafs_operadora
2026-08-04 12:16:57.736 | INFO    |src.services.consolidacao_contestacao:consolidar_detrafs_operadora:174 - [Consolidação] 2 arquivo(s) encontrado(s) em [C:\Users\btime\AppData\Local\Temp\pytest-of-btime\pytest-285\test_consolida_e_remove_totais0\Detrafs Recebidos].
2026-08-04 12:16:57.739 | INFO    |src.services.consolidacao_contestacao:consolidar_detrafs_operadora:177 - [Consolidação] [algar_smp.csv]: 5 linha(s) -> 4 após remover totais.
2026-08-04 12:16:57.741 | INFO    |src.services.consolidacao_contestacao:consolidar_detrafs_operadora:177 - [Consolidação] [algar_stfc.csv]: 4 linha(s) -> 3 após remover totais.
2026-08-04 12:16:57.742 | INFO    |src.services.consolidacao_contestacao:consolidar_detrafs_operadora:177 - [Consolidação] Consolidado: 7 linha(s) de 2 arquivo(s).
2026-08-04 12:16:57.742 | INFO    |test_consolidacao:test_consolida_e_remove_totais:43 - [STEP] Finalizando: consolidar_detrafs_operadora | Tempo gasto: 0.01s
2026-08-04 12:16:57.745 | INFO    |test_consolidacao:test_pasta_vazia_retorna_df_vazio:57 - [STEP] Iniciando: consolidar_detrafs_operadora
2026-08-04 12:16:57.745 | INFO    |src.services.consolidacao_contestacao:consolidar_detrafs_operadora:174 - [Consolidação] 0 arquivo(s) encontrado(s) em [C:\Users\btime\AppData\Local\Temp\pytest-of-btime\pytest-285\test_pasta_vazia_retorna_df_va0\vazia].
2026-08-04 12:16:57.746 | INFO    |test_consolidacao:test_pasta_vazia_retorna_df_vazio:57 - [STEP] Finalizando: consolidar_detrafs_operadora | Tempo gasto: 0.0s
2026-08-04 12:16:57.748 | INFO    |test_consolidacao:test_fail_fast_colunas_insuficientes:66 - [STEP] Iniciando: consolidar_detrafs_operadora
2026-08-04 12:16:57.748 | INFO    |src.services.consolidacao_contestacao:consolidar_detrafs_operadora:174 - [Consolidação] 1 arquivo(s) encontrado(s) em [C:\Users\btime\AppData\Local\Temp\pytest-of-btime\pytest-285\test_fail_fast_colunas_insufic0\Detrafs Recebidos].
2026-08-04 12:16:57.749 | INFO    |test_consolidacao:test_fail_fast_colunas_insuficientes:66 - [STEP] Finalizando: consolidar_detrafs_operadora | Tempo gasto: 0.0s
2026-08-04 12:16:57.753 | INFO    |test_consolidacao:test_consolida_expectativa_filtra_D_e_remove_totais:94 - [STEP] Iniciando: consolidar_expectativa_vivo
2026-08-04 12:16:57.753 | INFO    |src.services.consolidacao_contestacao:consolidar_expectativa_vivo:207 - [Consolidação] 2 arquivo(s) encontrado(s) em [C:\Users\btime\AppData\Local\Temp\pytest-of-btime\pytest-285\test_consolida_expectativa_fil0\Detrafs Enviados].
2026-08-04 12:16:57.755 | INFO    |src.services.consolidacao_contestacao:consolidar_expectativa_vivo:211 - [Consolidação] [DETRAF_FINAL_TRP_202605_CTB_STF_VIVO_D.csv]: 4 linha(s) -> 3 após remover totais.
2026-08-04 12:16:57.756 | INFO    |src.services.consolidacao_contestacao:consolidar_expectativa_vivo:211 - [Consolidação] Consolidado: 3 linha(s) de 1 arquivo(s).
2026-08-04 12:16:57.756 | INFO    |test_consolidacao:test_consolida_expectativa_filtra_D_e_remove_totais:94 - [STEP] Finalizando: consolidar_expectativa_vivo | Tempo gasto: 0.0s
2026-08-04 12:16:57.760 | INFO    |test_consolidacao:test_expectativa_truncamento_ate_coluna:103 - [STEP] Iniciando: consolidar_expectativa_vivo
2026-08-04 12:16:57.761 | INFO    |src.services.consolidacao_contestacao:consolidar_expectativa_vivo:207 - [Consolidação] 2 arquivo(s) encontrado(s) em [C:\Users\btime\AppData\Local\Temp\pytest-of-btime\pytest-285\test_expectativa_truncamento_a0\Detrafs Enviados].
2026-08-04 12:16:57.763 | INFO    |src.services.consolidacao_contestacao:consolidar_expectativa_vivo:211 - [Consolidação] [DETRAF_FINAL_TRP_202605_CTB_STF_VIVO_D.csv]: 4 linha(s) -> 3 após remover totais.
2026-08-04 12:16:57.763 | INFO    |src.services.consolidacao_contestacao:consolidar_expectativa_vivo:211 - [Consolidação] Consolidado: 3 linha(s) de 1 arquivo(s).
2026-08-04 12:16:57.764 | INFO    |test_consolidacao:test_expectativa_truncamento_ate_coluna:103 - [STEP] Finalizando: consolidar_expectativa_vivo | Tempo gasto: 0.0s
2026-08-04 12:16:57.767 | INFO    |test_consolidacao:test_expectativa_sem_arquivo_D_retorna_vazio:114 - [STEP] Iniciando: consolidar_expectativa_vivo
2026-08-04 12:16:57.767 | INFO    |src.services.consolidacao_contestacao:consolidar_expectativa_vivo:207 - [Consolidação] 1 arquivo(s) encontrado(s) em [C:\Users\btime\AppData\Local\Temp\pytest-of-btime\pytest-285\test_expectativa_sem_arquivo_D0\Detrafs Enviados].
2026-08-04 12:16:57.767 | WARNING |comum.utils.decoradores:wrapper:22 - [Consolidação] Nenhum arquivo de expectativa (_D_) em [C:\Users\btime\AppData\Local\Temp\pytest-of-btime\pytest-285\test_expectativa_sem_arquivo_D0\Detrafs Enviados].
2026-08-04 12:16:57.768 | INFO    |test_consolidacao:test_expectativa_sem_arquivo_D_retorna_vazio:114 - [STEP] Finalizando: consolidar_expectativa_vivo | Tempo gasto: 0.0s
2026-08-04 12:16:57.769 | INFO    |test_consolidacao:test_montar_resumo_agrupa_por_referencia_e_trafego:134 - [STEP] Iniciando: montar_resumo
2026-08-04 12:16:57.773 | INFO    |comum.utils.decoradores:wrapper:22 - [Consolidação] RESUMO: 2 combinação(ões) Referência/Tráfego.
2026-08-04 12:16:57.773 | INFO    |test_consolidacao:test_montar_resumo_agrupa_por_referencia_e_trafego:134 - [STEP] Finalizando: montar_resumo | Tempo gasto: 0.0s
2026-08-04 12:16:57.775 | INFO    |test_consolidacao:test_montar_resumo_vazio_retorna_df_vazio_com_colunas:142 - [STEP] Iniciando: montar_resumo
2026-08-04 12:16:57.775 | INFO    |test_consolidacao:test_montar_resumo_vazio_retorna_df_vazio_com_colunas:142 - [STEP] Finalizando: montar_resumo | Tempo gasto: 0.0s
2026-08-04 12:16:57.777 | INFO    |comum.dados.repositorio_cache:__init__:77 - Inicializando conexão com o banco no ambiente [dev]
2026-08-04 12:16:57.777 | INFO    |comum.dados.repositorio_cache:__init__:77 - Utilizando SQLite local [C:\Users\btime\AppData\Local\Temp\detraf_epico4_teste_lgxysuno\TABELAS_DETRAF_TESTE.db]
2026-08-04 12:16:57.778 | INFO    |comum.dados.repositorio_cache:obter_tabela:169 - Carregando tabela [tbl_detraf_mapeamento_descritores]
2026-08-04 12:16:57.779 | INFO    |comum.dados.repositorio_cache:obter_tabela:169 - Tabela [tbl_detraf_mapeamento_descritores] carregada | Linhas: 25 | Colunas: 5
2026-08-04 12:16:57.782 | INFO    |test_consolidacao:test_montar_contest_bate_com_exemplo_real_da_carta:176 - [STEP] Iniciando: montar_contest
2026-08-04 12:16:57.792 | INFO    |comum.utils.decoradores:wrapper:22 - [Consolidação] Contest: 1 combinação(ões) analisada(s).
2026-08-04 12:16:57.793 | INFO    |test_consolidacao:test_montar_contest_bate_com_exemplo_real_da_carta:176 - [STEP] Finalizando: montar_contest | Tempo gasto: 0.01s
2026-08-04 12:16:57.796 | INFO    |comum.dados.repositorio_cache:__init__:77 - Inicializando conexão com o banco no ambiente [dev]
2026-08-04 12:16:57.796 | INFO    |comum.dados.repositorio_cache:__init__:77 - Utilizando SQLite local [C:\Users\btime\AppData\Local\Temp\detraf_epico4_teste_lgxysuno\TABELAS_DETRAF_TESTE.db]
2026-08-04 12:16:57.796 | INFO    |comum.dados.repositorio_cache:obter_tabela:169 - Carregando tabela [tbl_detraf_mapeamento_descritores]
2026-08-04 12:16:57.798 | INFO    |comum.dados.repositorio_cache:obter_tabela:169 - Tabela [tbl_detraf_mapeamento_descritores] carregada | Linhas: 25 | Colunas: 5
2026-08-04 12:16:57.801 | INFO    |test_consolidacao:test_montar_contest_variacao_abaixo_do_limiar_marca_N:202 - [STEP] Iniciando: montar_contest
2026-08-04 12:16:57.812 | INFO    |comum.utils.decoradores:wrapper:22 - [Consolidação] Contest: 1 combinação(ões) analisada(s).
2026-08-04 12:16:57.812 | INFO    |test_consolidacao:test_montar_contest_variacao_abaixo_do_limiar_marca_N:202 - [STEP] Finalizando: montar_contest | Tempo gasto: 0.01s
2026-08-04 12:16:57.815 | INFO    |comum.dados.repositorio_cache:__init__:77 - Inicializando conexão com o banco no ambiente [dev]
2026-08-04 12:16:57.815 | INFO    |comum.dados.repositorio_cache:__init__:77 - Utilizando SQLite local [C:\Users\btime\AppData\Local\Temp\detraf_epico4_teste_lgxysuno\TABELAS_DETRAF_TESTE.db]
2026-08-04 12:16:57.815 | INFO    |comum.dados.repositorio_cache:obter_tabela:169 - Carregando tabela [tbl_detraf_mapeamento_descritores]
2026-08-04 12:16:57.817 | INFO    |comum.dados.repositorio_cache:obter_tabela:169 - Tabela [tbl_detraf_mapeamento_descritores] carregada | Linhas: 25 | Colunas: 5
2026-08-04 12:16:57.820 | INFO    |test_consolidacao:test_montar_contest_par_ausente_lado_zerado:217 - [STEP] Iniciando: montar_contest
2026-08-04 12:16:57.827 | INFO    |comum.utils.decoradores:wrapper:22 - [Consolidação] Contest: 1 combinação(ões) analisada(s).
2026-08-04 12:16:57.827 | INFO    |test_consolidacao:test_montar_contest_par_ausente_lado_zerado:217 - [STEP] Finalizando: montar_contest | Tempo gasto: 0.01s
2026-08-04 12:16:57.830 | INFO    |comum.dados.repositorio_cache:__init__:77 - Inicializando conexão com o banco no ambiente [dev]
2026-08-04 12:16:57.830 | INFO    |comum.dados.repositorio_cache:__init__:77 - Utilizando SQLite local [C:\Users\btime\AppData\Local\Temp\detraf_epico4_teste_lgxysuno\TABELAS_DETRAF_TESTE.db]
2026-08-04 12:16:57.831 | INFO    |comum.dados.repositorio_cache:obter_tabela:169 - Carregando tabela [tbl_detraf_mapeamento_descritores]
2026-08-04 12:16:57.832 | INFO    |comum.dados.repositorio_cache:obter_tabela:169 - Tabela [tbl_detraf_mapeamento_descritores] carregada | Linhas: 25 | Colunas: 5
2026-08-04 12:16:57.835 | INFO    |test_consolidacao:test_montar_contest_descritor_nao_mapeado_e_ignorado:232 - [STEP] Iniciando: montar_contest
2026-08-04 12:16:57.837 | INFO    |src.services.consolidacao_contestacao:montar_contest:385 - [Consolidação] 1 linha(s) com descritor não mapeado — ignoradas na aba Contest (AI/09 §7).
2026-08-04 12:16:57.840 | INFO    |comum.utils.decoradores:wrapper:22 - [Consolidação] Contest: 0 combinação(ões) analisada(s).
2026-08-04 12:16:57.840 | INFO    |test_consolidacao:test_montar_contest_descritor_nao_mapeado_e_ignorado:232 - [STEP] Finalizando: montar_contest | Tempo gasto: 0.0s
2026-08-04 12:16:57.843 | INFO    |comum.dados.repositorio_cache:__init__:77 - Inicializando conexão com o banco no ambiente [dev]
2026-08-04 12:16:57.843 | INFO    |comum.dados.repositorio_cache:__init__:77 - Utilizando SQLite local [C:\Users\btime\AppData\Local\Temp\detraf_epico4_teste_lgxysuno\TABELAS_DETRAF_TESTE.db]
2026-08-04 12:16:57.844 | INFO    |comum.dados.repositorio_cache:obter_tabela:169 - Carregando tabela [tbl_detraf_mapeamento_descritores]
2026-08-04 12:16:57.845 | INFO    |comum.dados.repositorio_cache:obter_tabela:169 - Tabela [tbl_detraf_mapeamento_descritores] carregada | Linhas: 25 | Colunas: 5
2026-08-04 12:16:57.848 | INFO    |test_consolidacao:test_montar_contest_descritor_antes_ambiguo_agora_resolvido:246 - [STEP] Iniciando: montar_contest
2026-08-04 12:16:57.854 | INFO    |comum.utils.decoradores:wrapper:22 - [Consolidação] Contest: 1 combinação(ões) analisada(s).
2026-08-04 12:16:57.855 | INFO    |test_consolidacao:test_montar_contest_descritor_antes_ambiguo_agora_resolvido:246 - [STEP] Finalizando: montar_contest | Tempo gasto: 0.01s
2026-08-04 12:16:57.858 | INFO    |comum.dados.repositorio_cache:__init__:77 - Inicializando conexão com o banco no ambiente [dev]
2026-08-04 12:16:57.858 | INFO    |comum.dados.repositorio_cache:__init__:77 - Utilizando SQLite local [C:\Users\btime\AppData\Local\Temp\detraf_epico4_teste_lgxysuno\TABELAS_DETRAF_TESTE.db]
2026-08-04 12:16:57.859 | INFO    |comum.dados.repositorio_cache:obter_tabela:169 - Carregando tabela [tbl_detraf_mapeamento_descritores]
2026-08-04 12:16:57.860 | INFO    |comum.dados.repositorio_cache:obter_tabela:169 - Tabela [tbl_detraf_mapeamento_descritores] carregada | Linhas: 25 | Colunas: 5
2026-08-04 12:16:57.863 | INFO    |test_consolidacao:test_montar_contest_tipo_operacao_opcional:258 - [STEP] Iniciando: montar_contest
2026-08-04 12:16:57.870 | INFO    |comum.utils.decoradores:wrapper:22 - [Consolidação] Contest: 1 combinação(ões) analisada(s).
2026-08-04 12:16:57.870 | INFO    |test_consolidacao:test_montar_contest_tipo_operacao_opcional:258 - [STEP] Finalizando: montar_contest | Tempo gasto: 0.01s
2026-08-04 12:16:57.873 | INFO    |comum.dados.repositorio_cache:__init__:77 - Inicializando conexão com o banco no ambiente [dev]
2026-08-04 12:16:57.874 | INFO    |comum.dados.repositorio_cache:__init__:77 - Utilizando SQLite local [C:\Users\btime\AppData\Local\Temp\detraf_epico4_teste_lgxysuno\TABELAS_DETRAF_TESTE.db]
2026-08-04 12:16:57.875 | INFO    |comum.dados.repositorio_cache:obter_tabela:169 - Carregando tabela [tbl_rpa_log_detraf_despesa_contestacao]
2026-08-04 12:16:57.876 | INFO    |comum.dados.repositorio_cache:obter_tabela:169 - Tabela [tbl_rpa_log_detraf_despesa_contestacao] carregada | Linhas: 2 | Colunas: 18
2026-08-04 12:16:57.880 | INFO    |comum.dados.repositorio_cache:__init__:77 - Inicializando conexão com o banco no ambiente [dev]
2026-08-04 12:16:57.880 | INFO    |comum.dados.repositorio_cache:__init__:77 - Utilizando SQLite local [C:\Users\btime\AppData\Local\Temp\detraf_epico4_teste_lgxysuno\TABELAS_DETRAF_TESTE.db]
2026-08-04 12:16:57.881 | INFO    |comum.dados.repositorio_cache:obter_tabela:169 - Carregando tabela [tbl_rpa_log_detraf_despesa_contestacao]
2026-08-04 12:16:57.882 | INFO    |comum.dados.repositorio_cache:obter_tabela:169 - Tabela [tbl_rpa_log_detraf_despesa_contestacao] carregada | Linhas: 2 | Colunas: 18
2026-08-04 12:16:57.886 | INFO    |comum.dados.repositorio_cache:__init__:77 - Inicializando conexão com o banco no ambiente [dev]
2026-08-04 12:16:57.886 | INFO    |comum.dados.repositorio_cache:__init__:77 - Utilizando SQLite local [C:\Users\btime\AppData\Local\Temp\detraf_epico4_teste_lgxysuno\TABELAS_DETRAF_TESTE.db]
2026-08-04 12:16:57.887 | INFO    |comum.dados.repositorio_cache:obter_tabela:169 - Carregando tabela [tbl_rpa_log_detraf_despesa_contestacao]
2026-08-04 12:16:57.888 | INFO    |comum.dados.repositorio_cache:obter_tabela:169 - Tabela [tbl_rpa_log_detraf_despesa_contestacao] carregada | Linhas: 2 | Colunas: 18
2026-08-04 12:16:57.890 | INFO    |test_contestacao_sinal:test_nao_encontrado_retorna_none:31 - Sinal de contestação não encontrado para [operadora=999, tbra=011, referencia=202507, trafego=202507, remuneracao=TU-RL] — tratado como sem contestação.
2026-08-04 12:16:57.893 | INFO    |comum.dados.repositorio_cache:__init__:77 - Inicializando conexão com o banco no ambiente [dev]
2026-08-04 12:16:57.893 | INFO    |comum.dados.repositorio_cache:__init__:77 - Utilizando SQLite local [C:\Users\btime\AppData\Local\Temp\detraf_epico4_teste_lgxysuno\TABELAS_DETRAF_TESTE.db]
2026-08-04 12:16:57.894 | INFO    |comum.dados.repositorio_cache:obter_tabela:169 - Carregando tabela [tbl_rpa_log_detraf_despesa_contestacao]
2026-08-04 12:16:57.896 | INFO    |comum.dados.repositorio_cache:obter_tabela:169 - Tabela [tbl_rpa_log_detraf_despesa_contestacao] carregada | Linhas: 2 | Colunas: 18
2026-08-04 12:16:57.897 | INFO    |test_contestacao_sinal:test_remuneracao_diferente_nao_encontra:42 - Sinal de contestação não encontrado para [operadora=021, tbra=011, referencia=202507, trafego=202507, remuneracao=OUTRA-REMUNERACAO] — tratado como sem contestação.
2026-08-04 12:16:57.899 | INFO    |comum.dados.repositorio_cache:__init__:77 - Inicializando conexão com o banco no ambiente [dev]
2026-08-04 12:16:57.899 | INFO    |comum.dados.repositorio_cache:__init__:77 - Utilizando SQLite local [C:\Users\btime\AppData\Local\Temp\detraf_epico4_teste_lgxysuno\TABELAS_DETRAF_TESTE.db]
2026-08-04 12:16:57.900 | INFO    |comum.dados.repositorio_cache:obter_tabela:169 - Carregando tabela [tbl_rpa_log_detraf_despesa_contestacao]
2026-08-04 12:16:57.901 | INFO    |comum.dados.repositorio_cache:obter_tabela:169 - Tabela [tbl_rpa_log_detraf_despesa_contestacao] carregada | Linhas: 2 | Colunas: 18
2026-08-04 12:16:57.904 | INFO    |test_encontro_contas:test_preparar_atualizacoes_vazio_retorna_vazio:56 - [STEP] Iniciando: preparar_atualizacoes_despesa_contestacao
2026-08-04 12:16:57.905 | INFO    |test_encontro_contas:test_preparar_atualizacoes_vazio_retorna_vazio:56 - [STEP] Finalizando: preparar_atualizacoes_despesa_contestacao | Tempo gasto: 0.0s
2026-08-04 12:16:57.906 | INFO    |test_encontro_contas:test_preparar_atualizacoes_inclui_todas_independente_de_contestacao_a_enviar:72 - [STEP] Iniciando: preparar_atualizacoes_despesa_contestacao
2026-08-04 12:16:57.907 | INFO    |comum.utils.decoradores:wrapper:22 - [HU-19 Despesa Contestação] 2 atualização(ões) preparada(s).
2026-08-04 12:16:57.908 | INFO    |test_encontro_contas:test_preparar_atualizacoes_inclui_todas_independente_de_contestacao_a_enviar:72 - [STEP] Finalizando: preparar_atualizacoes_despesa_contestacao | Tempo gasto: 0.0s
2026-08-04 12:16:57.909 | INFO    |test_encontro_contas:test_preparar_atualizacoes_monta_a_chave_da_linha:80 - [STEP] Iniciando: preparar_atualizacoes_despesa_contestacao
2026-08-04 12:16:57.910 | INFO    |comum.utils.decoradores:wrapper:22 - [HU-19 Despesa Contestação] 1 atualização(ões) preparada(s).
2026-08-04 12:16:57.910 | INFO    |test_encontro_contas:test_preparar_atualizacoes_monta_a_chave_da_linha:80 - [STEP] Finalizando: preparar_atualizacoes_despesa_contestacao | Tempo gasto: 0.0s
2026-08-04 12:16:57.911 | INFO    |test_encontro_contas:test_preparar_atualizacoes_vb_operadora_e_vb_diferenca_sempre_negativos:97 - [STEP] Iniciando: preparar_atualizacoes_despesa_contestacao
2026-08-04 12:16:57.912 | INFO    |comum.utils.decoradores:wrapper:22 - [HU-19 Despesa Contestação] 2 atualização(ões) preparada(s).
2026-08-04 12:16:57.912 | INFO    |test_encontro_contas:test_preparar_atualizacoes_vb_operadora_e_vb_diferenca_sempre_negativos:97 - [STEP] Finalizando: preparar_atualizacoes_despesa_contestacao | Tempo gasto: 0.0s
2026-08-04 12:16:57.914 | INFO    |test_encontro_contas:test_preparar_atualizacoes_nao_escreve_campos_de_outras_hus:112 - [STEP] Iniciando: preparar_atualizacoes_despesa_contestacao
2026-08-04 12:16:57.915 | INFO    |comum.utils.decoradores:wrapper:22 - [HU-19 Despesa Contestação] 1 atualização(ões) preparada(s).
2026-08-04 12:16:57.915 | INFO    |test_encontro_contas:test_preparar_atualizacoes_nao_escreve_campos_de_outras_hus:112 - [STEP] Finalizando: preparar_atualizacoes_despesa_contestacao | Tempo gasto: 0.0s
2026-08-04 12:16:57.916 | INFO    |test_encontro_contas:test_preparar_atualizacoes_atualiza_exatamente_os_seis_campos_da_v2:128 - [STEP] Iniciando: preparar_atualizacoes_despesa_contestacao
2026-08-04 12:16:57.916 | INFO    |comum.utils.decoradores:wrapper:22 - [HU-19 Despesa Contestação] 1 atualização(ões) preparada(s).
2026-08-04 12:16:57.917 | INFO    |test_encontro_contas:test_preparar_atualizacoes_atualiza_exatamente_os_seis_campos_da_v2:128 - [STEP] Finalizando: preparar_atualizacoes_despesa_contestacao | Tempo gasto: 0.0s
2026-08-04 12:16:57.924 | WARNING |test_envio_email_contestacao:test_pasta_inexistente_devolve_nada_sem_levantar:70 - [HU-15] Pasta de contestações não encontrada para OPERADORA_SEM_PASTA/202507: [C:\Users\btime\AppData\Local\Temp\pytest-of-btime\pytest-285\test_pasta_inexistente_devolve0\Operadoras\OPERADORA_SEM_PASTA\2025\202507\Contestações].
2026-08-04 12:16:57.927 | WARNING |test_envio_email_contestacao:test_env_de_outro_mes_nao_e_confundido:81 - [HU-15] Arquivo _ENV não encontrado: [C:\Users\btime\AppData\Local\Temp\pytest-of-btime\pytest-285\test_env_de_outro_mes_nao_e_co0\Operadoras\CLARO\2025\202507\Contestações\Base Contestação_CLARO_202507_ENV.xlsx].
2026-08-04 12:16:57.928 | WARNING |test_envio_email_contestacao:test_env_de_outro_mes_nao_e_confundido:81 - [HU-15] Carta CT não encontrada em [C:\Users\btime\AppData\Local\Temp\pytest-of-btime\pytest-285\test_env_de_outro_mes_nao_e_co0\Operadoras\CLARO\2025\202507\Contestações].
2026-08-04 12:16:57.932 | WARNING |test_envio_email_contestacao:test_duas_cartas_usa_a_mais_recente:98 - [HU-15] 2 cartas em [C:\Users\btime\AppData\Local\Temp\pytest-of-btime\pytest-285\test_duas_cartas_usa_a_mais_re0\Operadoras\CLARO\2025\202507\Contestações] para CLARO/202507 — usando a mais recente: [CT - 364.docx].
2026-08-04 12:16:57.933 | WARNING |test_envio_email_contestacao:test_destinatarios_bloqueado_na_q16:107 - [HU-15] Contatos de 'CLARO' indisponíveis: a tabela de contatos do WebFat ainda não foi informada pelo cliente (pendência Q16).
2026-08-04 12:16:57.934 | WARNING |test_envio_email_contestacao:test_busca_de_sinalizadas_nao_devolve_nada_sem_controle_de_reenvio:110 - [HU-15] Busca de contestações sinalizadas ainda não ligada: falta a coluna que marca o e-mail como enviado, sem a qual não há proteção contra reenvio.
2026-08-04 12:16:57.937 | INFO    |test_envio_email_contestacao:test_sem_destinatario_nao_envia_e_acusa:122 - [STEP] Iniciando: enviar_contestacao
2026-08-04 12:16:57.937 | WARNING |src.services.envio_email_contestacao:enviar_contestacao:192 - [HU-15] Contatos de 'CLARO' indisponíveis: a tabela de contatos do WebFat ainda não foi informada pelo cliente (pendência Q16).
2026-08-04 12:16:57.938 | INFO    |test_envio_email_contestacao:test_sem_destinatario_nao_envia_e_acusa:122 - [STEP] Finalizando: enviar_contestacao | Tempo gasto: 0.0s
2026-08-04 12:16:57.941 | INFO    |test_envio_email_contestacao:test_falta_de_anexo_e_nomeada_no_erro:133 - [STEP] Iniciando: enviar_contestacao
2026-08-04 12:16:57.941 | WARNING |src.services.envio_email_contestacao:enviar_contestacao:193 - [HU-15] Arquivo _ENV não encontrado: [C:\Users\btime\AppData\Local\Temp\pytest-of-btime\pytest-285\test_falta_de_anexo_e_nomeada_0\Operadoras\CLARO\2025\202507\Contestações\Base Contestação_CLARO_202507_ENV.xlsx].
2026-08-04 12:16:57.942 | WARNING |src.services.envio_email_contestacao:enviar_contestacao:193 - [HU-15] Carta CT não encontrada em [C:\Users\btime\AppData\Local\Temp\pytest-of-btime\pytest-285\test_falta_de_anexo_e_nomeada_0\Operadoras\CLARO\2025\202507\Contestações].
2026-08-04 12:16:57.942 | INFO    |test_envio_email_contestacao:test_falta_de_anexo_e_nomeada_no_erro:133 - [STEP] Finalizando: enviar_contestacao | Tempo gasto: 0.0s
2026-08-04 12:16:57.945 | INFO    |test_envio_email_contestacao:test_kill_switch_desligado_monta_e_nao_envia:144 - [STEP] Iniciando: enviar_contestacao
2026-08-04 12:16:57.946 | INFO    |comum.utils.decoradores:wrapper:22 - [MODO SEGURO] PERMITIR_ENVIO_EMAIL=false — e-mail montado e não enviado: 'CONTESTAÇÃO_TBRA|CLARO_202507' para ['op@exemplo.com'], anexos [CT - 363.docx, Base Contestação_CLARO_202507_ENV.xlsx].
2026-08-04 12:16:57.946 | INFO    |test_envio_email_contestacao:test_kill_switch_desligado_monta_e_nao_envia:144 - [STEP] Finalizando: enviar_contestacao | Tempo gasto: 0.0s
2026-08-04 12:16:57.949 | INFO    |test_envio_email_contestacao:test_com_tudo_pronto_envia_carta_e_env:155 - [STEP] Iniciando: enviar_contestacao
2026-08-04 12:16:57.950 | INFO    |comum.utils.decoradores:wrapper:22 - [HU-15] Contestação de CLARO/202507 enviada para ['op@exemplo.com'].
2026-08-04 12:16:57.950 | INFO    |test_envio_email_contestacao:test_com_tudo_pronto_envia_carta_e_env:155 - [STEP] Finalizando: enviar_contestacao | Tempo gasto: 0.0s
2026-08-04 12:16:57.965 | INFO    |comum.dados.repositorio_cache:__init__:77 - Inicializando conexão com o banco no ambiente [dev]
2026-08-04 12:16:57.965 | INFO    |comum.dados.repositorio_cache:__init__:77 - Utilizando SQLite local [C:\Users\btime\AppData\Local\Temp\detraf_epico4_teste_lgxysuno\TABELAS_DETRAF_TESTE.db]
2026-08-04 12:16:57.967 | INFO    |test_geracao_agi_controller:test_gerar_cont_proc_grava_arquivo_e_regrava_o_sinal:50 - [STEP] Iniciando: GeracaoAgiController.gerar_cont_proc
2026-08-04 12:16:57.967 | INFO    |src.controllers.geracao_agi_controller:gerar_cont_proc:54 - [STEP] Iniciando: montar_linhas_cont_proc
2026-08-04 12:16:57.967 | INFO    |src.services.geracao_cont_proc:montar_linhas_cont_proc:195 - [STEP] Iniciando: selecionar_linhas_contestadas
2026-08-04 12:16:57.968 | INFO    |comum.dados.repositorio_cache:obter_tabela:169 - Carregando tabela [tbl_rpa_log_detraf_despesa_contestacao]
2026-08-04 12:16:57.970 | INFO    |comum.dados.repositorio_cache:obter_tabela:169 - Tabela [tbl_rpa_log_detraf_despesa_contestacao] carregada | Linhas: 2 | Colunas: 18
2026-08-04 12:16:57.973 | INFO    |comum.utils.decoradores:wrapper:22 - [HU-16 CONT_PROC] 1 linha(s) contestada(s).
2026-08-04 12:16:57.973 | INFO    |src.services.geracao_cont_proc:montar_linhas_cont_proc:195 - [STEP] Finalizando: selecionar_linhas_contestadas | Tempo gasto: 0.01s
2026-08-04 12:16:57.974 | INFO    |comum.utils.decoradores:wrapper:22 - [HU-16 CONT_PROC] 1 linha(s) montada(s) (T-100+T-101 completos).
2026-08-04 12:16:57.974 | INFO    |src.controllers.geracao_agi_controller:gerar_cont_proc:54 - [STEP] Finalizando: montar_linhas_cont_proc | Tempo gasto: 0.01s
2026-08-04 12:16:57.974 | INFO    |src.controllers.geracao_agi_controller:gerar_cont_proc:60 - [STEP] Iniciando: gerar_arquivo_cont_proc
2026-08-04 12:16:58.085 | INFO    |comum.utils.decoradores:wrapper:22 - [HU-16 CONT_PROC] Arquivo gravado em [C:\Users\btime\AppData\Local\Temp\pytest-of-btime\pytest-285\test_gerar_cont_proc_grava_arq0\Claro\2025\202507\AGI\CONT_PROC_MASCARA_Claro_202507.xlsx].
2026-08-04 12:16:58.085 | INFO    |src.controllers.geracao_agi_controller:gerar_cont_proc:60 - [STEP] Finalizando: gerar_arquivo_cont_proc | Tempo gasto: 0.11s
2026-08-04 12:16:58.085 | INFO    |src.controllers.geracao_agi_controller:gerar_cont_proc:70 - [STEP] Iniciando: selecionar_linhas_contestadas
2026-08-04 12:16:58.088 | INFO    |comum.utils.decoradores:wrapper:22 - [HU-16 CONT_PROC] 1 linha(s) contestada(s).
2026-08-04 12:16:58.088 | INFO    |src.controllers.geracao_agi_controller:gerar_cont_proc:70 - [STEP] Finalizando: selecionar_linhas_contestadas | Tempo gasto: 0.0s
2026-08-04 12:16:58.092 | INFO    |comum.dados.repositorio_tabelas:_atualizar_contestacao_em_lote:864 - 1 linha(s) atualizada(s) em [tbl_rpa_log_detraf_despesa_contestacao].
2026-08-04 12:16:58.092 | INFO    |comum.dados.repositorio_cache:recarregar_cache_local:330 - Carregando tabela [tbl_rpa_log_detraf_despesa_contestacao]
2026-08-04 12:16:58.093 | INFO    |comum.dados.repositorio_cache:recarregar_cache_local:330 - Tabela [tbl_rpa_log_detraf_despesa_contestacao] carregada | Linhas: 2 | Colunas: 18
2026-08-04 12:16:58.093 | INFO    |comum.dados.repositorio_tabelas:atualizar_tipo_contestacao:930 - [HU-16 Writeback tipo_contestacao] 1 linha(s) atualizada(s), 0 chave(s) ausente(s).
2026-08-04 12:16:58.093 | INFO    |test_geracao_agi_controller:test_gerar_cont_proc_grava_arquivo_e_regrava_o_sinal:50 - [STEP] Finalizando: GeracaoAgiController.gerar_cont_proc | Tempo gasto: 0.13s
2026-08-04 12:16:58.097 | INFO    |comum.dados.repositorio_cache:__init__:77 - Inicializando conexão com o banco no ambiente [dev]
2026-08-04 12:16:58.097 | INFO    |comum.dados.repositorio_cache:__init__:77 - Utilizando SQLite local [C:\Users\btime\AppData\Local\Temp\detraf_epico4_teste_lgxysuno\TABELAS_DETRAF_TESTE.db]
2026-08-04 12:16:58.100 | INFO    |test_geracao_agi_controller:test_gerar_cont_proc_sem_contestacao_nao_gera_nem_regrava:67 - [STEP] Iniciando: GeracaoAgiController.gerar_cont_proc
2026-08-04 12:16:58.100 | INFO    |src.controllers.geracao_agi_controller:gerar_cont_proc:54 - [STEP] Iniciando: montar_linhas_cont_proc
2026-08-04 12:16:58.100 | INFO    |src.services.geracao_cont_proc:montar_linhas_cont_proc:195 - [STEP] Iniciando: selecionar_linhas_contestadas
2026-08-04 12:16:58.101 | INFO    |comum.dados.repositorio_cache:obter_tabela:169 - Carregando tabela [tbl_rpa_log_detraf_despesa_contestacao]
2026-08-04 12:16:58.102 | INFO    |comum.dados.repositorio_cache:obter_tabela:169 - Tabela [tbl_rpa_log_detraf_despesa_contestacao] carregada | Linhas: 2 | Colunas: 18
2026-08-04 12:16:58.104 | INFO    |src.services.geracao_cont_proc:selecionar_linhas_contestadas:115 - Sinal de contestação não encontrado para [operadora=999, tbra=011, referencia=202507, trafego=202507, remuneracao=TU-COM] — tratado como sem contestação.
2026-08-04 12:16:58.105 | INFO    |comum.utils.decoradores:wrapper:22 - [HU-16 CONT_PROC] Nenhuma combinação com sinal do analista (todas 'sem contestação' apesar da variação).
2026-08-04 12:16:58.105 | INFO    |src.services.geracao_cont_proc:montar_linhas_cont_proc:195 - [STEP] Finalizando: selecionar_linhas_contestadas | Tempo gasto: 0.01s
2026-08-04 12:16:58.105 | INFO    |src.controllers.geracao_agi_controller:gerar_cont_proc:54 - [STEP] Finalizando: montar_linhas_cont_proc | Tempo gasto: 0.01s
2026-08-04 12:16:58.105 | INFO    |src.controllers.geracao_agi_controller:gerar_cont_proc:60 - [STEP] Iniciando: gerar_arquivo_cont_proc
2026-08-04 12:16:58.106 | INFO    |comum.utils.decoradores:wrapper:22 - [HU-16 CONT_PROC] Nada a gravar (nenhuma linha a contestar).
2026-08-04 12:16:58.106 | INFO    |src.controllers.geracao_agi_controller:gerar_cont_proc:60 - [STEP] Finalizando: gerar_arquivo_cont_proc | Tempo gasto: 0.0s
2026-08-04 12:16:58.106 | INFO    |test_geracao_agi_controller:test_gerar_cont_proc_sem_contestacao_nao_gera_nem_regrava:67 - [STEP] Finalizando: GeracaoAgiController.gerar_cont_proc | Tempo gasto: 0.01s
2026-08-04 12:16:58.111 | INFO    |comum.dados.repositorio_cache:__init__:77 - Inicializando conexão com o banco no ambiente [dev]
2026-08-04 12:16:58.111 | INFO    |comum.dados.repositorio_cache:__init__:77 - Utilizando SQLite local [C:\Users\btime\AppData\Local\Temp\detraf_epico4_teste_lgxysuno\TABELAS_DETRAF_TESTE.db]
2026-08-04 12:16:58.112 | INFO    |test_geracao_agi_controller:test_atualizar_despesa_contestacao_delega_e_devolve_o_resumo:78 - [STEP] Iniciando: GeracaoAgiController.atualizar_despesa_contestacao
2026-08-04 12:16:58.112 | INFO    |src.controllers.geracao_agi_controller:atualizar_despesa_contestacao:90 - [STEP] Iniciando: preparar_atualizacoes_despesa_contestacao
2026-08-04 12:16:58.113 | INFO    |comum.utils.decoradores:wrapper:22 - [HU-19 Despesa Contestação] 1 atualização(ões) preparada(s).
2026-08-04 12:16:58.114 | INFO    |src.controllers.geracao_agi_controller:atualizar_despesa_contestacao:90 - [STEP] Finalizando: preparar_atualizacoes_despesa_contestacao | Tempo gasto: 0.0s
2026-08-04 12:16:58.114 | INFO    |comum.dados.repositorio_cache:obter_tabela:169 - Carregando tabela [tbl_rpa_log_detraf_despesa_contestacao]
2026-08-04 12:16:58.116 | INFO    |comum.dados.repositorio_cache:obter_tabela:169 - Tabela [tbl_rpa_log_detraf_despesa_contestacao] carregada | Linhas: 2 | Colunas: 18
2026-08-04 12:16:58.122 | INFO    |comum.dados.repositorio_tabelas:_atualizar_contestacao_em_lote:864 - 1 linha(s) atualizada(s) em [tbl_rpa_log_detraf_despesa_contestacao].
2026-08-04 12:16:58.122 | INFO    |comum.dados.repositorio_cache:recarregar_cache_local:330 - Carregando tabela [tbl_rpa_log_detraf_despesa_contestacao]
2026-08-04 12:16:58.124 | INFO    |comum.dados.repositorio_cache:recarregar_cache_local:330 - Tabela [tbl_rpa_log_detraf_despesa_contestacao] carregada | Linhas: 2 | Colunas: 18
2026-08-04 12:16:58.124 | INFO    |comum.dados.repositorio_tabelas:atualizar_despesa_contestacao:903 - [HU-19 Despesa Contestação] 1 linha(s) atualizada(s), 0 chave(s) ausente(s).
2026-08-04 12:16:58.124 | INFO    |test_geracao_agi_controller:test_atualizar_despesa_contestacao_delega_e_devolve_o_resumo:78 - [STEP] Finalizando: GeracaoAgiController.atualizar_despesa_contestacao | Tempo gasto: 0.01s
2026-08-04 12:16:58.127 | INFO    |test_geracao_cont_proc:test_df_vazio_retorna_vazio:48 - [STEP] Iniciando: montar_linhas_cont_proc
2026-08-04 12:16:58.127 | INFO    |src.services.geracao_cont_proc:montar_linhas_cont_proc:195 - [STEP] Iniciando: selecionar_linhas_contestadas
2026-08-04 12:16:58.127 | INFO    |src.services.geracao_cont_proc:montar_linhas_cont_proc:195 - [STEP] Finalizando: selecionar_linhas_contestadas | Tempo gasto: 0.0s
2026-08-04 12:16:58.128 | INFO    |test_geracao_cont_proc:test_df_vazio_retorna_vazio:48 - [STEP] Finalizando: montar_linhas_cont_proc | Tempo gasto: 0.0s
2026-08-04 12:16:58.129 | INFO    |test_geracao_cont_proc:test_exclui_linhas_sem_contestacao_a_enviar:56 - [STEP] Iniciando: montar_linhas_cont_proc
2026-08-04 12:16:58.129 | INFO    |src.services.geracao_cont_proc:montar_linhas_cont_proc:195 - [STEP] Iniciando: selecionar_linhas_contestadas
2026-08-04 12:16:58.130 | INFO    |comum.utils.decoradores:wrapper:22 - [HU-16 CONT_PROC] Nenhuma combinação com 'contestacao_a_enviar'=S.
2026-08-04 12:16:58.130 | INFO    |src.services.geracao_cont_proc:montar_linhas_cont_proc:195 - [STEP] Finalizando: selecionar_linhas_contestadas | Tempo gasto: 0.0s
2026-08-04 12:16:58.130 | INFO    |test_geracao_cont_proc:test_exclui_linhas_sem_contestacao_a_enviar:56 - [STEP] Finalizando: montar_linhas_cont_proc | Tempo gasto: 0.0s
2026-08-04 12:16:58.131 | INFO    |test_geracao_cont_proc:test_exclui_linha_com_flag_s_mas_sem_sinal_do_analista:65 - [STEP] Iniciando: montar_linhas_cont_proc
2026-08-04 12:16:58.131 | INFO    |src.services.geracao_cont_proc:montar_linhas_cont_proc:195 - [STEP] Iniciando: selecionar_linhas_contestadas
2026-08-04 12:16:58.133 | INFO    |comum.utils.decoradores:wrapper:22 - [HU-16 CONT_PROC] Nenhuma combinação com sinal do analista (todas 'sem contestação' apesar da variação).
2026-08-04 12:16:58.133 | INFO    |src.services.geracao_cont_proc:montar_linhas_cont_proc:195 - [STEP] Finalizando: selecionar_linhas_contestadas | Tempo gasto: 0.0s
2026-08-04 12:16:58.133 | INFO    |test_geracao_cont_proc:test_exclui_linha_com_flag_s_mas_sem_sinal_do_analista:65 - [STEP] Finalizando: montar_linhas_cont_proc | Tempo gasto: 0.0s
2026-08-04 12:16:58.135 | INFO    |test_geracao_cont_proc:test_flag_pag_rec_com_retencao:73 - [STEP] Iniciando: montar_linhas_cont_proc
2026-08-04 12:16:58.135 | INFO    |src.services.geracao_cont_proc:montar_linhas_cont_proc:195 - [STEP] Iniciando: selecionar_linhas_contestadas
2026-08-04 12:16:58.136 | INFO    |comum.utils.decoradores:wrapper:22 - [HU-16 CONT_PROC] 1 linha(s) contestada(s).
2026-08-04 12:16:58.136 | INFO    |src.services.geracao_cont_proc:montar_linhas_cont_proc:195 - [STEP] Finalizando: selecionar_linhas_contestadas | Tempo gasto: 0.0s
2026-08-04 12:16:58.137 | INFO    |comum.utils.decoradores:wrapper:22 - [HU-16 CONT_PROC] 1 linha(s) montada(s) (T-100+T-101 completos).
2026-08-04 12:16:58.137 | INFO    |test_geracao_cont_proc:test_flag_pag_rec_com_retencao:73 - [STEP] Finalizando: montar_linhas_cont_proc | Tempo gasto: 0.0s
2026-08-04 12:16:58.139 | INFO    |test_geracao_cont_proc:test_flag_pag_rec_sem_retencao:89 - [STEP] Iniciando: montar_linhas_cont_proc
2026-08-04 12:16:58.140 | INFO    |src.services.geracao_cont_proc:montar_linhas_cont_proc:195 - [STEP] Iniciando: selecionar_linhas_contestadas
2026-08-04 12:16:58.141 | INFO    |comum.utils.decoradores:wrapper:22 - [HU-16 CONT_PROC] 1 linha(s) contestada(s).
2026-08-04 12:16:58.141 | INFO    |src.services.geracao_cont_proc:montar_linhas_cont_proc:195 - [STEP] Finalizando: selecionar_linhas_contestadas | Tempo gasto: 0.0s
2026-08-04 12:16:58.142 | INFO    |comum.utils.decoradores:wrapper:22 - [HU-16 CONT_PROC] 1 linha(s) montada(s) (T-100+T-101 completos).
2026-08-04 12:16:58.143 | INFO    |test_geracao_cont_proc:test_flag_pag_rec_sem_retencao:89 - [STEP] Finalizando: montar_linhas_cont_proc | Tempo gasto: 0.0s
2026-08-04 12:16:58.144 | INFO    |test_geracao_cont_proc:test_multiplas_linhas_mistas:105 - [STEP] Iniciando: montar_linhas_cont_proc
2026-08-04 12:16:58.144 | INFO    |src.services.geracao_cont_proc:montar_linhas_cont_proc:195 - [STEP] Iniciando: selecionar_linhas_contestadas
2026-08-04 12:16:58.146 | INFO    |comum.utils.decoradores:wrapper:22 - [HU-16 CONT_PROC] 1 linha(s) contestada(s).
2026-08-04 12:16:58.146 | INFO    |src.services.geracao_cont_proc:montar_linhas_cont_proc:195 - [STEP] Finalizando: selecionar_linhas_contestadas | Tempo gasto: 0.0s
2026-08-04 12:16:58.147 | INFO    |comum.utils.decoradores:wrapper:22 - [HU-16 CONT_PROC] 1 linha(s) montada(s) (T-100+T-101 completos).
2026-08-04 12:16:58.147 | INFO    |test_geracao_cont_proc:test_multiplas_linhas_mistas:105 - [STEP] Finalizando: montar_linhas_cont_proc | Tempo gasto: 0.0s
2026-08-04 12:16:58.148 | INFO    |test_geracao_cont_proc:test_duracao_e_vlr_bruto_sao_negativos_da_diferenca:120 - [STEP] Iniciando: montar_linhas_cont_proc
2026-08-04 12:16:58.148 | INFO    |src.services.geracao_cont_proc:montar_linhas_cont_proc:195 - [STEP] Iniciando: selecionar_linhas_contestadas
2026-08-04 12:16:58.149 | INFO    |comum.utils.decoradores:wrapper:22 - [HU-16 CONT_PROC] 1 linha(s) contestada(s).
2026-08-04 12:16:58.150 | INFO    |src.services.geracao_cont_proc:montar_linhas_cont_proc:195 - [STEP] Finalizando: selecionar_linhas_contestadas | Tempo gasto: 0.0s
2026-08-04 12:16:58.150 | INFO    |comum.utils.decoradores:wrapper:22 - [HU-16 CONT_PROC] 1 linha(s) montada(s) (T-100+T-101 completos).
2026-08-04 12:16:58.151 | INFO    |test_geracao_cont_proc:test_duracao_e_vlr_bruto_sao_negativos_da_diferenca:120 - [STEP] Finalizando: montar_linhas_cont_proc | Tempo gasto: 0.0s
2026-08-04 12:16:58.152 | INFO    |test_geracao_cont_proc:test_remuneracao_fixa_vem_do_contest:131 - [STEP] Iniciando: montar_linhas_cont_proc
2026-08-04 12:16:58.152 | INFO    |src.services.geracao_cont_proc:montar_linhas_cont_proc:195 - [STEP] Iniciando: selecionar_linhas_contestadas
2026-08-04 12:16:58.153 | INFO    |comum.utils.decoradores:wrapper:22 - [HU-16 CONT_PROC] 1 linha(s) contestada(s).
2026-08-04 12:16:58.153 | INFO    |src.services.geracao_cont_proc:montar_linhas_cont_proc:195 - [STEP] Finalizando: selecionar_linhas_contestadas | Tempo gasto: 0.0s
2026-08-04 12:16:58.154 | INFO    |comum.utils.decoradores:wrapper:22 - [HU-16 CONT_PROC] 1 linha(s) montada(s) (T-100+T-101 completos).
2026-08-04 12:16:58.154 | INFO    |test_geracao_cont_proc:test_remuneracao_fixa_vem_do_contest:131 - [STEP] Finalizando: montar_linhas_cont_proc | Tempo gasto: 0.0s
2026-08-04 12:16:58.156 | INFO    |test_geracao_cont_proc:test_id_modalidade_e_sempre_00:142 - [STEP] Iniciando: montar_linhas_cont_proc
2026-08-04 12:16:58.156 | INFO    |src.services.geracao_cont_proc:montar_linhas_cont_proc:195 - [STEP] Iniciando: selecionar_linhas_contestadas
2026-08-04 12:16:58.158 | INFO    |comum.utils.decoradores:wrapper:22 - [HU-16 CONT_PROC] 1 linha(s) contestada(s).
2026-08-04 12:16:58.159 | INFO    |src.services.geracao_cont_proc:montar_linhas_cont_proc:195 - [STEP] Finalizando: selecionar_linhas_contestadas | Tempo gasto: 0.0s
2026-08-04 12:16:58.161 | INFO    |comum.utils.decoradores:wrapper:22 - [HU-16 CONT_PROC] 1 linha(s) montada(s) (T-100+T-101 completos).
2026-08-04 12:16:58.162 | INFO    |test_geracao_cont_proc:test_id_modalidade_e_sempre_00:142 - [STEP] Finalizando: montar_linhas_cont_proc | Tempo gasto: 0.01s
2026-08-04 12:16:58.165 | INFO    |test_geracao_cont_proc:test_gerar_arquivo_nao_grava_quando_vazio:151 - [STEP] Iniciando: gerar_arquivo_cont_proc
2026-08-04 12:16:58.165 | INFO    |comum.utils.decoradores:wrapper:22 - [HU-16 CONT_PROC] Nada a gravar (nenhuma linha a contestar).
2026-08-04 12:16:58.165 | INFO    |test_geracao_cont_proc:test_gerar_arquivo_nao_grava_quando_vazio:151 - [STEP] Finalizando: gerar_arquivo_cont_proc | Tempo gasto: 0.0s
2026-08-04 12:16:58.168 | INFO    |test_geracao_cont_proc:test_gerar_arquivo_grava_no_caminho_e_nome_corretos:161 - [STEP] Iniciando: montar_linhas_cont_proc
2026-08-04 12:16:58.168 | INFO    |src.services.geracao_cont_proc:montar_linhas_cont_proc:195 - [STEP] Iniciando: selecionar_linhas_contestadas
2026-08-04 12:16:58.170 | INFO    |comum.utils.decoradores:wrapper:22 - [HU-16 CONT_PROC] 1 linha(s) contestada(s).
2026-08-04 12:16:58.170 | INFO    |src.services.geracao_cont_proc:montar_linhas_cont_proc:195 - [STEP] Finalizando: selecionar_linhas_contestadas | Tempo gasto: 0.0s
2026-08-04 12:16:58.171 | INFO    |comum.utils.decoradores:wrapper:22 - [HU-16 CONT_PROC] 1 linha(s) montada(s) (T-100+T-101 completos).
2026-08-04 12:16:58.171 | INFO    |test_geracao_cont_proc:test_gerar_arquivo_grava_no_caminho_e_nome_corretos:161 - [STEP] Finalizando: montar_linhas_cont_proc | Tempo gasto: 0.0s
2026-08-04 12:16:58.171 | INFO    |test_geracao_cont_proc:test_gerar_arquivo_grava_no_caminho_e_nome_corretos:163 - [STEP] Iniciando: gerar_arquivo_cont_proc
2026-08-04 12:16:58.178 | INFO    |comum.utils.decoradores:wrapper:22 - [HU-16 CONT_PROC] Arquivo gravado em [C:\Users\btime\AppData\Local\Temp\pytest-of-btime\pytest-285\test_gerar_arquivo_grava_no_ca0\Claro\2025\202507\AGI\CONT_PROC_MASCARA_Claro_202507.xlsx].
2026-08-04 12:16:58.178 | INFO    |test_geracao_cont_proc:test_gerar_arquivo_grava_no_caminho_e_nome_corretos:163 - [STEP] Finalizando: gerar_arquivo_cont_proc | Tempo gasto: 0.01s
2026-08-04 12:16:58.179 | INFO    |test_geracao_cont_proc:test_gate_df_vazio_retorna_vazio_com_o_schema_da_chave:187 - [STEP] Iniciando: selecionar_linhas_contestadas
2026-08-04 12:16:58.180 | INFO    |test_geracao_cont_proc:test_gate_df_vazio_retorna_vazio_com_o_schema_da_chave:187 - [STEP] Finalizando: selecionar_linhas_contestadas | Tempo gasto: 0.0s
2026-08-04 12:16:58.181 | INFO    |test_geracao_cont_proc:test_gate_cenario_sem_contestacao_exclui_linha:199 - [STEP] Iniciando: selecionar_linhas_contestadas
2026-08-04 12:16:58.182 | INFO    |comum.utils.decoradores:wrapper:22 - [HU-16 CONT_PROC] Nenhuma combinação com 'contestacao_a_enviar'=S.
2026-08-04 12:16:58.182 | INFO    |test_geracao_cont_proc:test_gate_cenario_sem_contestacao_exclui_linha:199 - [STEP] Finalizando: selecionar_linhas_contestadas | Tempo gasto: 0.0s
2026-08-04 12:16:58.183 | INFO    |test_geracao_cont_proc:test_gate_flag_s_sem_sinal_do_analista_exclui_linha:207 - [STEP] Iniciando: selecionar_linhas_contestadas
2026-08-04 12:16:58.185 | INFO    |comum.utils.decoradores:wrapper:22 - [HU-16 CONT_PROC] Nenhuma combinação com sinal do analista (todas 'sem contestação' apesar da variação).
2026-08-04 12:16:58.185 | INFO    |test_geracao_cont_proc:test_gate_flag_s_sem_sinal_do_analista_exclui_linha:207 - [STEP] Finalizando: selecionar_linhas_contestadas | Tempo gasto: 0.0s
2026-08-04 12:16:58.186 | INFO    |test_geracao_cont_proc:test_gate_cenarios_sem_e_com_retencao_selecionam_a_linha:215 - [STEP] Iniciando: selecionar_linhas_contestadas
2026-08-04 12:16:58.187 | INFO    |comum.utils.decoradores:wrapper:22 - [HU-16 CONT_PROC] 1 linha(s) contestada(s).
2026-08-04 12:16:58.188 | INFO    |test_geracao_cont_proc:test_gate_cenarios_sem_e_com_retencao_selecionam_a_linha:215 - [STEP] Finalizando: selecionar_linhas_contestadas | Tempo gasto: 0.0s
2026-08-04 12:16:58.189 | INFO    |test_geracao_cont_proc:test_gate_cenarios_sem_e_com_retencao_selecionam_a_linha:215 - [STEP] Iniciando: selecionar_linhas_contestadas
2026-08-04 12:16:58.190 | INFO    |comum.utils.decoradores:wrapper:22 - [HU-16 CONT_PROC] 1 linha(s) contestada(s).
2026-08-04 12:16:58.190 | INFO    |test_geracao_cont_proc:test_gate_cenarios_sem_e_com_retencao_selecionam_a_linha:215 - [STEP] Finalizando: selecionar_linhas_contestadas | Tempo gasto: 0.0s
2026-08-04 12:16:58.192 | INFO    |test_geracao_cont_proc:test_gate_preserva_o_indice_do_contest:239 - [STEP] Iniciando: selecionar_linhas_contestadas
2026-08-04 12:16:58.193 | INFO    |comum.utils.decoradores:wrapper:22 - [HU-16 CONT_PROC] 1 linha(s) contestada(s).
2026-08-04 12:16:58.193 | INFO    |test_geracao_cont_proc:test_gate_preserva_o_indice_do_contest:239 - [STEP] Finalizando: selecionar_linhas_contestadas | Tempo gasto: 0.0s
2026-08-04 12:16:58.194 | INFO    |test_geracao_cont_proc:test_gate_consulta_o_sinal_uma_vez_por_chave_unica:269 - [STEP] Iniciando: selecionar_linhas_contestadas
2026-08-04 12:16:58.195 | INFO    |comum.utils.decoradores:wrapper:22 - [HU-16 CONT_PROC] 3 linha(s) contestada(s).
2026-08-04 12:16:58.196 | INFO    |test_geracao_cont_proc:test_gate_consulta_o_sinal_uma_vez_por_chave_unica:269 - [STEP] Finalizando: selecionar_linhas_contestadas | Tempo gasto: 0.0s
2026-08-04 12:16:58.198 | INFO    |test_geracao_env_carta:test_pasta_inexistente_levanta_erro:31 - [STEP] Iniciando: obter_proximo_numero_carta
2026-08-04 12:16:58.198 | INFO    |test_geracao_env_carta:test_pasta_inexistente_levanta_erro:31 - [STEP] Finalizando: obter_proximo_numero_carta | Tempo gasto: 0.0s
2026-08-04 12:16:58.200 | INFO    |test_geracao_env_carta:test_pasta_vazia_levanta_erro:39 - [STEP] Iniciando: obter_proximo_numero_carta
2026-08-04 12:16:58.201 | INFO    |test_geracao_env_carta:test_pasta_vazia_levanta_erro:39 - [STEP] Finalizando: obter_proximo_numero_carta | Tempo gasto: 0.0s
2026-08-04 12:16:58.203 | INFO    |test_geracao_env_carta:test_pasta_sem_carta_reconhecivel_levanta_erro:50 - [STEP] Iniciando: obter_proximo_numero_carta
2026-08-04 12:16:58.203 | INFO    |test_geracao_env_carta:test_pasta_sem_carta_reconhecivel_levanta_erro:50 - [STEP] Finalizando: obter_proximo_numero_carta | Tempo gasto: 0.0s
2026-08-04 12:16:58.206 | INFO    |test_geracao_env_carta:test_pasta_vazia_com_numero_inicial_configurado:65 - [STEP] Iniciando: obter_proximo_numero_carta
2026-08-04 12:16:58.206 | WARNING |comum.utils.decoradores:wrapper:22 - [HU-14] Nenhuma carta CT em [C:\Users\btime\AppData\Local\Temp\pytest-of-btime\pytest-285\test_pasta_vazia_com_numero_in0\CT\2026] — iniciando a sequência em 500 (CT_NUMERO_INICIAL).
2026-08-04 12:16:58.207 | INFO    |test_geracao_env_carta:test_pasta_vazia_com_numero_inicial_configurado:65 - [STEP] Finalizando: obter_proximo_numero_carta | Tempo gasto: 0.0s
2026-08-04 12:16:58.210 | INFO    |test_geracao_env_carta:test_numero_inicial_nao_sobrepoe_sequencia_existente:78 - [STEP] Iniciando: obter_proximo_numero_carta
2026-08-04 12:16:58.210 | INFO    |comum.utils.decoradores:wrapper:22 - [HU-14] Último número CT encontrado: 362. Próximo: 363.
2026-08-04 12:16:58.211 | INFO    |test_geracao_env_carta:test_numero_inicial_nao_sobrepoe_sequencia_existente:78 - [STEP] Finalizando: obter_proximo_numero_carta | Tempo gasto: 0.0s
2026-08-04 12:16:58.214 | INFO    |test_geracao_env_carta:test_encontra_maior_numero_e_soma_um:87 - [STEP] Iniciando: obter_proximo_numero_carta
2026-08-04 12:16:58.214 | INFO    |comum.utils.decoradores:wrapper:22 - [HU-14] Último número CT encontrado: 362. Próximo: 363.
2026-08-04 12:16:58.214 | INFO    |test_geracao_env_carta:test_encontra_maior_numero_e_soma_um:87 - [STEP] Finalizando: obter_proximo_numero_carta | Tempo gasto: 0.0s
2026-08-04 12:16:58.218 | INFO    |test_geracao_env_carta:test_tolera_variacoes_de_grafia:98 - [STEP] Iniciando: obter_proximo_numero_carta
2026-08-04 12:16:58.218 | INFO    |comum.utils.decoradores:wrapper:22 - [HU-14] Último número CT encontrado: 334. Próximo: 335.
2026-08-04 12:16:58.218 | INFO    |test_geracao_env_carta:test_tolera_variacoes_de_grafia:98 - [STEP] Finalizando: obter_proximo_numero_carta | Tempo gasto: 0.0s
2026-08-04 12:16:58.221 | INFO    |test_geracao_env_carta:test_ignora_arquivos_sem_padrao_ct:107 - [STEP] Iniciando: obter_proximo_numero_carta
2026-08-04 12:16:58.221 | INFO    |comum.utils.decoradores:wrapper:22 - [HU-14] Último número CT encontrado: 100. Próximo: 101.
2026-08-04 12:16:58.221 | INFO    |test_geracao_env_carta:test_ignora_arquivos_sem_padrao_ct:107 - [STEP] Finalizando: obter_proximo_numero_carta | Tempo gasto: 0.0s
2026-08-04 12:16:58.224 | INFO    |src.services.geracao_env_carta:nome_proxima_carta:159 - [STEP] Iniciando: obter_proximo_numero_carta
2026-08-04 12:16:58.225 | INFO    |comum.utils.decoradores:wrapper:22 - [HU-14] Último número CT encontrado: 362. Próximo: 363.
2026-08-04 12:16:58.225 | INFO    |src.services.geracao_env_carta:nome_proxima_carta:159 - [STEP] Finalizando: obter_proximo_numero_carta | Tempo gasto: 0.0s
2026-08-04 12:16:58.226 | INFO    |comum.dados.repositorio_cache:__init__:77 - Inicializando conexão com o banco no ambiente [dev]
2026-08-04 12:16:58.226 | INFO    |comum.dados.repositorio_cache:__init__:77 - Utilizando SQLite local [C:\Users\btime\AppData\Local\Temp\detraf_epico4_teste_lgxysuno\TABELAS_DETRAF_TESTE.db]
2026-08-04 12:16:58.227 | INFO    |comum.dados.repositorio_cache:obter_tabela:169 - Carregando tabela [tbl_detraf_mapeamento_descritores]
2026-08-04 12:16:58.228 | INFO    |comum.dados.repositorio_cache:obter_tabela:169 - Tabela [tbl_detraf_mapeamento_descritores] carregada | Linhas: 25 | Colunas: 5
2026-08-04 12:16:58.231 | INFO    |test_geracao_env_carta:test_montar_abas_env_vazio_quando_sem_contestacao:168 - [STEP] Iniciando: montar_abas_env
2026-08-04 12:16:58.232 | INFO    |comum.utils.decoradores:wrapper:22 - [HU-14 _ENV] Nenhuma linha contestada — abas ficam vazias.
2026-08-04 12:16:58.232 | INFO    |test_geracao_env_carta:test_montar_abas_env_vazio_quando_sem_contestacao:168 - [STEP] Finalizando: montar_abas_env | Tempo gasto: 0.0s
2026-08-04 12:16:58.234 | INFO    |comum.dados.repositorio_cache:__init__:77 - Inicializando conexão com o banco no ambiente [dev]
2026-08-04 12:16:58.234 | INFO    |comum.dados.repositorio_cache:__init__:77 - Utilizando SQLite local [C:\Users\btime\AppData\Local\Temp\detraf_epico4_teste_lgxysuno\TABELAS_DETRAF_TESTE.db]
2026-08-04 12:16:58.235 | INFO    |comum.dados.repositorio_cache:obter_tabela:169 - Carregando tabela [tbl_detraf_mapeamento_descritores]
2026-08-04 12:16:58.236 | INFO    |comum.dados.repositorio_cache:obter_tabela:169 - Tabela [tbl_detraf_mapeamento_descritores] carregada | Linhas: 25 | Colunas: 5
2026-08-04 12:16:58.239 | INFO    |test_geracao_env_carta:test_montar_abas_env_exclui_sem_sinal_do_analista:181 - [STEP] Iniciando: montar_abas_env
2026-08-04 12:16:58.241 | INFO    |comum.utils.decoradores:wrapper:22 - [HU-14 _ENV] Nenhuma linha contestada — abas ficam vazias.
2026-08-04 12:16:58.241 | INFO    |test_geracao_env_carta:test_montar_abas_env_exclui_sem_sinal_do_analista:181 - [STEP] Finalizando: montar_abas_env | Tempo gasto: 0.0s
2026-08-04 12:16:58.244 | INFO    |comum.dados.repositorio_cache:__init__:77 - Inicializando conexão com o banco no ambiente [dev]
2026-08-04 12:16:58.244 | INFO    |comum.dados.repositorio_cache:__init__:77 - Utilizando SQLite local [C:\Users\btime\AppData\Local\Temp\detraf_epico4_teste_lgxysuno\TABELAS_DETRAF_TESTE.db]
2026-08-04 12:16:58.244 | INFO    |comum.dados.repositorio_cache:obter_tabela:169 - Carregando tabela [tbl_detraf_mapeamento_descritores]
2026-08-04 12:16:58.246 | INFO    |comum.dados.repositorio_cache:obter_tabela:169 - Tabela [tbl_detraf_mapeamento_descritores] carregada | Linhas: 25 | Colunas: 5
2026-08-04 12:16:58.249 | INFO    |test_geracao_env_carta:test_montar_abas_env_filtra_contest_e_tbra_corretamente:204 - [STEP] Iniciando: montar_abas_env
2026-08-04 12:16:58.252 | INFO    |comum.utils.decoradores:wrapper:22 - [HU-14 _ENV] Contest: 1 linha(s) contestada(s); TBRA: 1 linha(s) correspondente(s).
2026-08-04 12:16:58.252 | INFO    |test_geracao_env_carta:test_montar_abas_env_filtra_contest_e_tbra_corretamente:204 - [STEP] Finalizando: montar_abas_env | Tempo gasto: 0.0s
2026-08-04 12:16:58.257 | INFO    |test_geracao_env_carta:test_gerar_arquivo_env_nao_grava_quando_vazio:216 - [STEP] Iniciando: gerar_arquivo_env
2026-08-04 12:16:58.257 | INFO    |comum.utils.decoradores:wrapper:22 - [HU-14 _ENV] Nada a gravar (nenhuma linha contestada).
2026-08-04 12:16:58.257 | INFO    |test_geracao_env_carta:test_gerar_arquivo_env_nao_grava_quando_vazio:216 - [STEP] Finalizando: gerar_arquivo_env | Tempo gasto: 0.0s
2026-08-04 12:16:58.261 | INFO    |comum.dados.repositorio_cache:__init__:77 - Inicializando conexão com o banco no ambiente [dev]
2026-08-04 12:16:58.261 | INFO    |comum.dados.repositorio_cache:__init__:77 - Utilizando SQLite local [C:\Users\btime\AppData\Local\Temp\detraf_epico4_teste_lgxysuno\TABELAS_DETRAF_TESTE.db]
2026-08-04 12:16:58.262 | INFO    |comum.dados.repositorio_cache:obter_tabela:169 - Carregando tabela [tbl_detraf_mapeamento_descritores]
2026-08-04 12:16:58.263 | INFO    |comum.dados.repositorio_cache:obter_tabela:169 - Tabela [tbl_detraf_mapeamento_descritores] carregada | Linhas: 25 | Colunas: 5
2026-08-04 12:16:58.266 | INFO    |test_geracao_env_carta:test_gerar_arquivo_env_grava_no_caminho_e_nome_corretos:228 - [STEP] Iniciando: montar_abas_env
2026-08-04 12:16:58.269 | INFO    |comum.utils.decoradores:wrapper:22 - [HU-14 _ENV] Contest: 1 linha(s) contestada(s); TBRA: 1 linha(s) correspondente(s).
2026-08-04 12:16:58.269 | INFO    |test_geracao_env_carta:test_gerar_arquivo_env_grava_no_caminho_e_nome_corretos:228 - [STEP] Finalizando: montar_abas_env | Tempo gasto: 0.0s
2026-08-04 12:16:58.270 | INFO    |test_geracao_env_carta:test_gerar_arquivo_env_grava_no_caminho_e_nome_corretos:231 - [STEP] Iniciando: gerar_arquivo_env
2026-08-04 12:16:58.278 | INFO    |comum.utils.decoradores:wrapper:22 - [HU-14 _ENV] Arquivo gravado em [C:\Users\btime\AppData\Local\Temp\pytest-of-btime\pytest-285\test_gerar_arquivo_env_grava_n0\Claro\2025\202507\Contestações\Base Contestação_Claro_202507_ENV.xlsx].
2026-08-04 12:16:58.278 | INFO    |test_geracao_env_carta:test_gerar_arquivo_env_grava_no_caminho_e_nome_corretos:231 - [STEP] Finalizando: gerar_arquivo_env | Tempo gasto: 0.01s
2026-08-04 12:16:58.286 | INFO    |test_geracao_env_carta:test_montar_tabelas_carta_vazio:280 - [STEP] Iniciando: montar_tabelas_carta
2026-08-04 12:16:58.286 | INFO    |test_geracao_env_carta:test_montar_tabelas_carta_vazio:280 - [STEP] Finalizando: montar_tabelas_carta | Tempo gasto: 0.0s
2026-08-04 12:16:58.287 | INFO    |test_geracao_env_carta:test_montar_tabelas_carta_agrupa_por_remuneracao:291 - [STEP] Iniciando: montar_tabelas_carta
2026-08-04 12:16:58.291 | INFO    |comum.utils.decoradores:wrapper:22 - [HU-14 Carta] 2 tabela(s) de remuneração montada(s).
2026-08-04 12:16:58.291 | INFO    |test_geracao_env_carta:test_montar_tabelas_carta_agrupa_por_remuneracao:291 - [STEP] Finalizando: montar_tabelas_carta | Tempo gasto: 0.0s
2026-08-04 12:16:58.292 | INFO    |test_geracao_env_carta:test_montar_tabelas_carta_linha_total_soma_valores_numericos:306 - [STEP] Iniciando: montar_tabelas_carta
2026-08-04 12:16:58.294 | INFO    |comum.utils.decoradores:wrapper:22 - [HU-14 Carta] 1 tabela(s) de remuneração montada(s).
2026-08-04 12:16:58.294 | INFO    |test_geracao_env_carta:test_montar_tabelas_carta_linha_total_soma_valores_numericos:306 - [STEP] Finalizando: montar_tabelas_carta | Tempo gasto: 0.0s
2026-08-04 12:16:58.296 | INFO    |test_geracao_env_carta:test_montar_tabelas_carta_variacao_perc_em_branco_no_total:317 - [STEP] Iniciando: montar_tabelas_carta
2026-08-04 12:16:58.297 | INFO    |comum.utils.decoradores:wrapper:22 - [HU-14 Carta] 1 tabela(s) de remuneração montada(s).
2026-08-04 12:16:58.298 | INFO    |test_geracao_env_carta:test_montar_tabelas_carta_variacao_perc_em_branco_no_total:317 - [STEP] Finalizando: montar_tabelas_carta | Tempo gasto: 0.0s
2026-08-04 12:16:58.299 | INFO    |test_geracao_env_carta:test_montar_tabelas_carta_nao_inclui_coluna_contestacao_a_enviar:327 - [STEP] Iniciando: montar_tabelas_carta
2026-08-04 12:16:58.301 | INFO    |comum.utils.decoradores:wrapper:22 - [HU-14 Carta] 1 tabela(s) de remuneração montada(s).
2026-08-04 12:16:58.301 | INFO    |test_geracao_env_carta:test_montar_tabelas_carta_nao_inclui_coluna_contestacao_a_enviar:327 - [STEP] Finalizando: montar_tabelas_carta | Tempo gasto: 0.0s
2026-08-04 12:16:58.302 | INFO    |test_geracao_env_carta:test_montar_tabelas_carta_expoe_tipo_operacao_quando_uniforme:337 - [STEP] Iniciando: montar_tabelas_carta
2026-08-04 12:16:58.304 | INFO    |comum.utils.decoradores:wrapper:22 - [HU-14 Carta] 1 tabela(s) de remuneração montada(s).
2026-08-04 12:16:58.304 | INFO    |test_geracao_env_carta:test_montar_tabelas_carta_expoe_tipo_operacao_quando_uniforme:337 - [STEP] Finalizando: montar_tabelas_carta | Tempo gasto: 0.0s
2026-08-04 12:16:58.307 | INFO    |test_geracao_env_carta:test_renderizar_carta_conteudo_basico:363 - [STEP] Iniciando: montar_tabelas_carta
2026-08-04 12:16:58.309 | INFO    |comum.utils.decoradores:wrapper:22 - [HU-14 Carta] 1 tabela(s) de remuneração montada(s).
2026-08-04 12:16:58.309 | INFO    |test_geracao_env_carta:test_renderizar_carta_conteudo_basico:363 - [STEP] Finalizando: montar_tabelas_carta | Tempo gasto: 0.0s
2026-08-04 12:16:58.309 | INFO    |test_geracao_env_carta:test_renderizar_carta_conteudo_basico:367 - [STEP] Iniciando: renderizar_carta
2026-08-04 12:16:58.320 | INFO    |comum.utils.decoradores:wrapper:22 - [HU-14 Carta] Carta CT-363 renderizada (1 tabela(s)).
2026-08-04 12:16:58.320 | INFO    |test_geracao_env_carta:test_renderizar_carta_conteudo_basico:367 - [STEP] Finalizando: renderizar_carta | Tempo gasto: 0.01s
2026-08-04 12:16:58.323 | INFO    |test_geracao_env_carta:test_renderizar_carta_texto_com_retencao:386 - [STEP] Iniciando: montar_tabelas_carta
2026-08-04 12:16:58.325 | INFO    |comum.utils.decoradores:wrapper:22 - [HU-14 Carta] 1 tabela(s) de remuneração montada(s).
2026-08-04 12:16:58.325 | INFO    |test_geracao_env_carta:test_renderizar_carta_texto_com_retencao:386 - [STEP] Finalizando: montar_tabelas_carta | Tempo gasto: 0.0s
2026-08-04 12:16:58.325 | INFO    |test_geracao_env_carta:test_renderizar_carta_texto_com_retencao:390 - [STEP] Iniciando: renderizar_carta
2026-08-04 12:16:58.336 | INFO    |comum.utils.decoradores:wrapper:22 - [HU-14 Carta] Carta CT-1 renderizada (1 tabela(s)).
2026-08-04 12:16:58.336 | INFO    |test_geracao_env_carta:test_renderizar_carta_texto_com_retencao:390 - [STEP] Finalizando: renderizar_carta | Tempo gasto: 0.01s
2026-08-04 12:16:58.338 | INFO    |test_geracao_env_carta:test_renderizar_carta_sem_cidade_usa_padrao_sao_paulo:406 - [STEP] Iniciando: montar_tabelas_carta
2026-08-04 12:16:58.341 | INFO    |comum.utils.decoradores:wrapper:22 - [HU-14 Carta] 1 tabela(s) de remuneração montada(s).
2026-08-04 12:16:58.341 | INFO    |test_geracao_env_carta:test_renderizar_carta_sem_cidade_usa_padrao_sao_paulo:406 - [STEP] Finalizando: montar_tabelas_carta | Tempo gasto: 0.0s
2026-08-04 12:16:58.341 | INFO    |test_geracao_env_carta:test_renderizar_carta_sem_cidade_usa_padrao_sao_paulo:410 - [STEP] Iniciando: renderizar_carta
2026-08-04 12:16:58.353 | INFO    |comum.utils.decoradores:wrapper:22 - [HU-14 Carta] Carta CT-1 renderizada (1 tabela(s)).
2026-08-04 12:16:58.354 | INFO    |test_geracao_env_carta:test_renderizar_carta_sem_cidade_usa_padrao_sao_paulo:410 - [STEP] Finalizando: renderizar_carta | Tempo gasto: 0.01s
2026-08-04 12:16:58.356 | INFO    |test_geracao_env_carta:test_renderizar_carta_aceita_override_de_cidade:424 - [STEP] Iniciando: montar_tabelas_carta
2026-08-04 12:16:58.359 | INFO    |comum.utils.decoradores:wrapper:22 - [HU-14 Carta] 1 tabela(s) de remuneração montada(s).
2026-08-04 12:16:58.360 | INFO    |test_geracao_env_carta:test_renderizar_carta_aceita_override_de_cidade:424 - [STEP] Finalizando: montar_tabelas_carta | Tempo gasto: 0.0s
2026-08-04 12:16:58.360 | INFO    |test_geracao_env_carta:test_renderizar_carta_aceita_override_de_cidade:428 - [STEP] Iniciando: renderizar_carta
2026-08-04 12:16:58.371 | INFO    |comum.utils.decoradores:wrapper:22 - [HU-14 Carta] Carta CT-1 renderizada (1 tabela(s)).
2026-08-04 12:16:58.371 | INFO    |test_geracao_env_carta:test_renderizar_carta_aceita_override_de_cidade:428 - [STEP] Finalizando: renderizar_carta | Tempo gasto: 0.01s
2026-08-04 12:16:58.375 | INFO    |test_geracao_env_carta:test_gerar_arquivo_carta_grava_no_caminho_e_nome_corretos:446 - [STEP] Iniciando: montar_tabelas_carta
2026-08-04 12:16:58.377 | INFO    |comum.utils.decoradores:wrapper:22 - [HU-14 Carta] 1 tabela(s) de remuneração montada(s).
2026-08-04 12:16:58.378 | INFO    |test_geracao_env_carta:test_gerar_arquivo_carta_grava_no_caminho_e_nome_corretos:446 - [STEP] Finalizando: montar_tabelas_carta | Tempo gasto: 0.0s
2026-08-04 12:16:58.378 | INFO    |test_geracao_env_carta:test_gerar_arquivo_carta_grava_no_caminho_e_nome_corretos:449 - [STEP] Iniciando: renderizar_carta
2026-08-04 12:16:58.388 | INFO    |comum.utils.decoradores:wrapper:22 - [HU-14 Carta] Carta CT-363 renderizada (1 tabela(s)).
2026-08-04 12:16:58.389 | INFO    |test_geracao_env_carta:test_gerar_arquivo_carta_grava_no_caminho_e_nome_corretos:449 - [STEP] Finalizando: renderizar_carta | Tempo gasto: 0.01s
2026-08-04 12:16:58.389 | INFO    |test_geracao_env_carta:test_gerar_arquivo_carta_grava_no_caminho_e_nome_corretos:459 - [STEP] Iniciando: gerar_arquivo_carta
2026-08-04 12:16:58.400 | INFO    |comum.utils.decoradores:wrapper:22 - [HU-14 Carta] Carta gravada em [C:\Users\btime\AppData\Local\Temp\pytest-of-btime\pytest-285\test_gerar_arquivo_carta_grava0\operadoras\Claro\2026\202606\Contestações\CT - 363.docx], cópia em [C:\Users\btime\AppData\Local\Temp\pytest-of-btime\pytest-285\test_gerar_arquivo_carta_grava0\controle_ct\2026\CT - 363.docx].
2026-08-04 12:16:58.400 | INFO    |test_geracao_env_carta:test_gerar_arquivo_carta_grava_no_caminho_e_nome_corretos:459 - [STEP] Finalizando: gerar_arquivo_carta | Tempo gasto: 0.01s
2026-08-04 12:16:58.404 | INFO    |test_geracao_env_carta:test_gerar_arquivo_carta_salva_copia_em_controle_ct:474 - [STEP] Iniciando: montar_tabelas_carta
2026-08-04 12:16:58.408 | INFO    |comum.utils.decoradores:wrapper:22 - [HU-14 Carta] 1 tabela(s) de remuneração montada(s).
2026-08-04 12:16:58.408 | INFO    |test_geracao_env_carta:test_gerar_arquivo_carta_salva_copia_em_controle_ct:474 - [STEP] Finalizando: montar_tabelas_carta | Tempo gasto: 0.0s
2026-08-04 12:16:58.408 | INFO    |test_geracao_env_carta:test_gerar_arquivo_carta_salva_copia_em_controle_ct:477 - [STEP] Iniciando: renderizar_carta
2026-08-04 12:16:58.418 | INFO    |comum.utils.decoradores:wrapper:22 - [HU-14 Carta] Carta CT-363 renderizada (1 tabela(s)).
2026-08-04 12:16:58.419 | INFO    |test_geracao_env_carta:test_gerar_arquivo_carta_salva_copia_em_controle_ct:477 - [STEP] Finalizando: renderizar_carta | Tempo gasto: 0.01s
2026-08-04 12:16:58.419 | INFO    |test_geracao_env_carta:test_gerar_arquivo_carta_salva_copia_em_controle_ct:487 - [STEP] Iniciando: gerar_arquivo_carta
2026-08-04 12:16:58.429 | INFO    |comum.utils.decoradores:wrapper:22 - [HU-14 Carta] Carta gravada em [C:\Users\btime\AppData\Local\Temp\pytest-of-btime\pytest-285\test_gerar_arquivo_carta_salva0\operadoras\Claro\2026\202606\Contestações\CT - 363.docx], cópia em [C:\Users\btime\AppData\Local\Temp\pytest-of-btime\pytest-285\test_gerar_arquivo_carta_salva0\controle_ct\2026\CT - 363.docx].
2026-08-04 12:16:58.429 | INFO    |test_geracao_env_carta:test_gerar_arquivo_carta_salva_copia_em_controle_ct:487 - [STEP] Finalizando: gerar_arquivo_carta | Tempo gasto: 0.01s
2026-08-04 12:16:58.439 | INFO    |comum.dados.repositorio_cache:__init__:77 - Inicializando conexão com o banco no ambiente [dev]
2026-08-04 12:16:58.439 | INFO    |comum.dados.repositorio_cache:__init__:77 - Utilizando SQLite local [C:\Users\btime\AppData\Local\Temp\detraf_epico4_teste_lgxysuno\TABELAS_DETRAF_TESTE.db]
2026-08-04 12:16:58.440 | INFO    |comum.dados.repositorio_cache:obter_tabela:169 - Carregando tabela [tbl_detraf_mapeamento_descritores]
2026-08-04 12:16:58.442 | INFO    |comum.dados.repositorio_cache:obter_tabela:169 - Tabela [tbl_detraf_mapeamento_descritores] carregada | Linhas: 25 | Colunas: 5
2026-08-04 12:16:58.445 | INFO    |test_geracao_ext:test_montar_linhas_ext_vazio_retorna_vazio:44 - [STEP] Iniciando: montar_linhas_ext
2026-08-04 12:16:58.446 | INFO    |test_geracao_ext:test_montar_linhas_ext_vazio_retorna_vazio:44 - [STEP] Finalizando: montar_linhas_ext | Tempo gasto: 0.0s
2026-08-04 12:16:58.448 | INFO    |comum.dados.repositorio_cache:__init__:77 - Inicializando conexão com o banco no ambiente [dev]
2026-08-04 12:16:58.449 | INFO    |comum.dados.repositorio_cache:__init__:77 - Utilizando SQLite local [C:\Users\btime\AppData\Local\Temp\detraf_epico4_teste_lgxysuno\TABELAS_DETRAF_TESTE.db]
2026-08-04 12:16:58.449 | INFO    |comum.dados.repositorio_cache:obter_tabela:169 - Carregando tabela [tbl_detraf_mapeamento_descritores]
2026-08-04 12:16:58.451 | INFO    |comum.dados.repositorio_cache:obter_tabela:169 - Tabela [tbl_detraf_mapeamento_descritores] carregada | Linhas: 25 | Colunas: 5
2026-08-04 12:16:58.454 | INFO    |test_geracao_ext:test_montar_linhas_ext_cenario_sem_contestacao:54 - [STEP] Iniciando: montar_linhas_ext
2026-08-04 12:16:58.459 | INFO    |comum.utils.decoradores:wrapper:22 - [HU-12 EXT] 1 linha(s) montada(s).
2026-08-04 12:16:58.459 | INFO    |test_geracao_ext:test_montar_linhas_ext_cenario_sem_contestacao:54 - [STEP] Finalizando: montar_linhas_ext | Tempo gasto: 0.01s
2026-08-04 12:16:58.462 | INFO    |comum.dados.repositorio_cache:__init__:77 - Inicializando conexão com o banco no ambiente [dev]
2026-08-04 12:16:58.463 | INFO    |comum.dados.repositorio_cache:__init__:77 - Utilizando SQLite local [C:\Users\btime\AppData\Local\Temp\detraf_epico4_teste_lgxysuno\TABELAS_DETRAF_TESTE.db]
2026-08-04 12:16:58.463 | INFO    |comum.dados.repositorio_cache:obter_tabela:169 - Carregando tabela [tbl_detraf_mapeamento_descritores]
2026-08-04 12:16:58.464 | INFO    |comum.dados.repositorio_cache:obter_tabela:169 - Tabela [tbl_detraf_mapeamento_descritores] carregada | Linhas: 25 | Colunas: 5
2026-08-04 12:16:58.468 | INFO    |test_geracao_ext:test_montar_linhas_ext_cenario_sem_retencao:69 - [STEP] Iniciando: montar_linhas_ext
2026-08-04 12:16:58.471 | INFO    |comum.utils.decoradores:wrapper:22 - [HU-12 EXT] 1 linha(s) montada(s).
2026-08-04 12:16:58.471 | INFO    |test_geracao_ext:test_montar_linhas_ext_cenario_sem_retencao:69 - [STEP] Finalizando: montar_linhas_ext | Tempo gasto: 0.0s
2026-08-04 12:16:58.475 | INFO    |comum.dados.repositorio_cache:__init__:77 - Inicializando conexão com o banco no ambiente [dev]
2026-08-04 12:16:58.475 | INFO    |comum.dados.repositorio_cache:__init__:77 - Utilizando SQLite local [C:\Users\btime\AppData\Local\Temp\detraf_epico4_teste_lgxysuno\TABELAS_DETRAF_TESTE.db]
2026-08-04 12:16:58.476 | INFO    |comum.dados.repositorio_cache:obter_tabela:169 - Carregando tabela [tbl_detraf_mapeamento_descritores]
2026-08-04 12:16:58.477 | INFO    |comum.dados.repositorio_cache:obter_tabela:169 - Tabela [tbl_detraf_mapeamento_descritores] carregada | Linhas: 25 | Colunas: 5
2026-08-04 12:16:58.480 | INFO    |test_geracao_ext:test_montar_linhas_ext_cenario_com_retencao:80 - [STEP] Iniciando: montar_linhas_ext
2026-08-04 12:16:58.483 | INFO    |comum.utils.decoradores:wrapper:22 - [HU-12 EXT] 1 linha(s) montada(s).
2026-08-04 12:16:58.483 | INFO    |test_geracao_ext:test_montar_linhas_ext_cenario_com_retencao:80 - [STEP] Finalizando: montar_linhas_ext | Tempo gasto: 0.0s
2026-08-04 12:16:58.486 | INFO    |comum.dados.repositorio_cache:__init__:77 - Inicializando conexão com o banco no ambiente [dev]
2026-08-04 12:16:58.486 | INFO    |comum.dados.repositorio_cache:__init__:77 - Utilizando SQLite local [C:\Users\btime\AppData\Local\Temp\detraf_epico4_teste_lgxysuno\TABELAS_DETRAF_TESTE.db]
2026-08-04 12:16:58.487 | INFO    |comum.dados.repositorio_cache:obter_tabela:169 - Carregando tabela [tbl_detraf_mapeamento_descritores]
2026-08-04 12:16:58.488 | INFO    |comum.dados.repositorio_cache:obter_tabela:169 - Tabela [tbl_detraf_mapeamento_descritores] carregada | Linhas: 25 | Colunas: 5
2026-08-04 12:16:58.492 | INFO    |test_geracao_ext:test_montar_linhas_ext_descritor_nao_mapeado_mantem_linha:93 - [STEP] Iniciando: montar_linhas_ext
2026-08-04 12:16:58.494 | INFO    |comum.utils.decoradores:wrapper:22 - [HU-12 EXT] 1 linha(s) montada(s).
2026-08-04 12:16:58.495 | INFO    |test_geracao_ext:test_montar_linhas_ext_descritor_nao_mapeado_mantem_linha:93 - [STEP] Finalizando: montar_linhas_ext | Tempo gasto: 0.0s
2026-08-04 12:16:58.498 | INFO    |comum.dados.repositorio_cache:__init__:77 - Inicializando conexão com o banco no ambiente [dev]
2026-08-04 12:16:58.498 | INFO    |comum.dados.repositorio_cache:__init__:77 - Utilizando SQLite local [C:\Users\btime\AppData\Local\Temp\detraf_epico4_teste_lgxysuno\TABELAS_DETRAF_TESTE.db]
2026-08-04 12:16:58.498 | INFO    |comum.dados.repositorio_cache:obter_tabela:169 - Carregando tabela [tbl_detraf_mapeamento_descritores]
2026-08-04 12:16:58.500 | INFO    |comum.dados.repositorio_cache:obter_tabela:169 - Tabela [tbl_detraf_mapeamento_descritores] carregada | Linhas: 25 | Colunas: 5
2026-08-04 12:16:58.503 | INFO    |test_geracao_ext:test_montar_linhas_ext_mesmo_grupo_compartilha_expectativa:114 - [STEP] Iniciando: montar_linhas_ext
2026-08-04 12:16:58.505 | INFO    |comum.utils.decoradores:wrapper:22 - [HU-12 EXT] 2 linha(s) montada(s).
2026-08-04 12:16:58.506 | INFO    |test_geracao_ext:test_montar_linhas_ext_mesmo_grupo_compartilha_expectativa:114 - [STEP] Finalizando: montar_linhas_ext | Tempo gasto: 0.0s
2026-08-04 12:16:58.509 | INFO    |comum.dados.repositorio_cache:__init__:77 - Inicializando conexão com o banco no ambiente [dev]
2026-08-04 12:16:58.510 | INFO    |comum.dados.repositorio_cache:__init__:77 - Utilizando SQLite local [C:\Users\btime\AppData\Local\Temp\detraf_epico4_teste_lgxysuno\TABELAS_DETRAF_TESTE.db]
2026-08-04 12:16:58.510 | INFO    |comum.dados.repositorio_cache:obter_tabela:169 - Carregando tabela [tbl_detraf_mapeamento_descritores]
2026-08-04 12:16:58.512 | INFO    |comum.dados.repositorio_cache:obter_tabela:169 - Tabela [tbl_detraf_mapeamento_descritores] carregada | Linhas: 25 | Colunas: 5
2026-08-04 12:16:58.514 | INFO    |test_geracao_ext:test_gerar_arquivo_ext_grava_no_caminho_e_nome_corretos:121 - [STEP] Iniciando: montar_linhas_ext
2026-08-04 12:16:58.517 | INFO    |comum.utils.decoradores:wrapper:22 - [HU-12 EXT] 1 linha(s) montada(s).
2026-08-04 12:16:58.518 | INFO    |test_geracao_ext:test_gerar_arquivo_ext_grava_no_caminho_e_nome_corretos:121 - [STEP] Finalizando: montar_linhas_ext | Tempo gasto: 0.0s
2026-08-04 12:16:58.518 | INFO    |test_geracao_ext:test_gerar_arquivo_ext_grava_no_caminho_e_nome_corretos:125 - [STEP] Iniciando: gerar_arquivo_ext
2026-08-04 12:16:58.525 | INFO    |comum.utils.decoradores:wrapper:22 - [HU-12 EXT] Arquivo gravado em [C:\Users\btime\AppData\Local\Temp\pytest-of-btime\pytest-285\test_gerar_arquivo_ext_grava_n0\Claro\2025\202507\AGI\DE_AGI_D_202507_TBRA_X_CLARO_EXT.xlsx].
2026-08-04 12:16:58.525 | INFO    |test_geracao_ext:test_gerar_arquivo_ext_grava_no_caminho_e_nome_corretos:125 - [STEP] Finalizando: gerar_arquivo_ext | Tempo gasto: 0.01s
2026-08-04 12:16:58.531 | INFO    |comum.dados.repositorio_cache:__init__:77 - Inicializando conexão com o banco no ambiente [dev]
2026-08-04 12:16:58.532 | INFO    |comum.dados.repositorio_cache:__init__:77 - Utilizando SQLite local [C:\Users\btime\AppData\Local\Temp\detraf_epico4_teste_lgxysuno\TABELAS_DETRAF_TESTE.db]
2026-08-04 12:16:58.532 | INFO    |comum.dados.repositorio_cache:obter_tabela:169 - Carregando tabela [tbl_detraf_mapeamento_descritores]
2026-08-04 12:16:58.533 | INFO    |comum.dados.repositorio_cache:obter_tabela:169 - Tabela [tbl_detraf_mapeamento_descritores] carregada | Linhas: 25 | Colunas: 5
2026-08-04 12:16:58.536 | INFO    |test_geracao_int:test_montar_linhas_int_vazio_retorna_vazio:43 - [STEP] Iniciando: montar_linhas_int
2026-08-04 12:16:58.536 | INFO    |test_geracao_int:test_montar_linhas_int_vazio_retorna_vazio:43 - [STEP] Finalizando: montar_linhas_int | Tempo gasto: 0.0s
2026-08-04 12:16:58.539 | INFO    |comum.dados.repositorio_cache:__init__:77 - Inicializando conexão com o banco no ambiente [dev]
2026-08-04 12:16:58.539 | INFO    |comum.dados.repositorio_cache:__init__:77 - Utilizando SQLite local [C:\Users\btime\AppData\Local\Temp\detraf_epico4_teste_lgxysuno\TABELAS_DETRAF_TESTE.db]
2026-08-04 12:16:58.539 | INFO    |comum.dados.repositorio_cache:obter_tabela:169 - Carregando tabela [tbl_detraf_mapeamento_descritores]
2026-08-04 12:16:58.541 | INFO    |comum.dados.repositorio_cache:obter_tabela:169 - Tabela [tbl_detraf_mapeamento_descritores] carregada | Linhas: 25 | Colunas: 5
2026-08-04 12:16:58.544 | INFO    |test_geracao_int:test_montar_linhas_int_cenario_sem_contestacao_fica_vazio:53 - [STEP] Iniciando: montar_linhas_int
2026-08-04 12:16:58.546 | INFO    |comum.utils.decoradores:wrapper:22 - [HU-13 INT] Nenhuma linha COM retenção — INT não se aplica a este cenário.
2026-08-04 12:16:58.546 | INFO    |test_geracao_int:test_montar_linhas_int_cenario_sem_contestacao_fica_vazio:53 - [STEP] Finalizando: montar_linhas_int | Tempo gasto: 0.0s
2026-08-04 12:16:58.549 | INFO    |comum.dados.repositorio_cache:__init__:77 - Inicializando conexão com o banco no ambiente [dev]
2026-08-04 12:16:58.549 | INFO    |comum.dados.repositorio_cache:__init__:77 - Utilizando SQLite local [C:\Users\btime\AppData\Local\Temp\detraf_epico4_teste_lgxysuno\TABELAS_DETRAF_TESTE.db]
2026-08-04 12:16:58.550 | INFO    |comum.dados.repositorio_cache:obter_tabela:169 - Carregando tabela [tbl_detraf_mapeamento_descritores]
2026-08-04 12:16:58.551 | INFO    |comum.dados.repositorio_cache:obter_tabela:169 - Tabela [tbl_detraf_mapeamento_descritores] carregada | Linhas: 25 | Colunas: 5
2026-08-04 12:16:58.554 | INFO    |test_geracao_int:test_montar_linhas_int_cenario_sem_retencao_fica_vazio:62 - [STEP] Iniciando: montar_linhas_int
2026-08-04 12:16:58.556 | INFO    |comum.utils.decoradores:wrapper:22 - [HU-13 INT] Nenhuma linha COM retenção — INT não se aplica a este cenário.
2026-08-04 12:16:58.557 | INFO    |test_geracao_int:test_montar_linhas_int_cenario_sem_retencao_fica_vazio:62 - [STEP] Finalizando: montar_linhas_int | Tempo gasto: 0.0s
2026-08-04 12:16:58.559 | INFO    |comum.dados.repositorio_cache:__init__:77 - Inicializando conexão com o banco no ambiente [dev]
2026-08-04 12:16:58.559 | INFO    |comum.dados.repositorio_cache:__init__:77 - Utilizando SQLite local [C:\Users\btime\AppData\Local\Temp\detraf_epico4_teste_lgxysuno\TABELAS_DETRAF_TESTE.db]
2026-08-04 12:16:58.560 | INFO    |comum.dados.repositorio_cache:obter_tabela:169 - Carregando tabela [tbl_detraf_mapeamento_descritores]
2026-08-04 12:16:58.561 | INFO    |comum.dados.repositorio_cache:obter_tabela:169 - Tabela [tbl_detraf_mapeamento_descritores] carregada | Linhas: 25 | Colunas: 5
2026-08-04 12:16:58.564 | INFO    |test_geracao_int:test_montar_linhas_int_cenario_com_retencao_preenche_linhas:71 - [STEP] Iniciando: montar_linhas_int
2026-08-04 12:16:58.567 | INFO    |comum.utils.decoradores:wrapper:22 - [HU-13 INT] 1 linha(s) montada(s) (COM retenção).
2026-08-04 12:16:58.567 | INFO    |test_geracao_int:test_montar_linhas_int_cenario_com_retencao_preenche_linhas:71 - [STEP] Finalizando: montar_linhas_int | Tempo gasto: 0.0s
2026-08-04 12:16:58.569 | INFO    |comum.dados.repositorio_cache:__init__:77 - Inicializando conexão com o banco no ambiente [dev]
2026-08-04 12:16:58.570 | INFO    |comum.dados.repositorio_cache:__init__:77 - Utilizando SQLite local [C:\Users\btime\AppData\Local\Temp\detraf_epico4_teste_lgxysuno\TABELAS_DETRAF_TESTE.db]
2026-08-04 12:16:58.570 | INFO    |comum.dados.repositorio_cache:obter_tabela:169 - Carregando tabela [tbl_detraf_mapeamento_descritores]
2026-08-04 12:16:58.571 | INFO    |comum.dados.repositorio_cache:obter_tabela:169 - Tabela [tbl_detraf_mapeamento_descritores] carregada | Linhas: 25 | Colunas: 5
2026-08-04 12:16:58.575 | INFO    |test_geracao_int:test_montar_linhas_int_filtra_apenas_com_retencao:95 - [STEP] Iniciando: montar_linhas_int
2026-08-04 12:16:58.578 | INFO    |comum.utils.decoradores:wrapper:22 - [HU-13 INT] 1 linha(s) montada(s) (COM retenção).
2026-08-04 12:16:58.578 | INFO    |test_geracao_int:test_montar_linhas_int_filtra_apenas_com_retencao:95 - [STEP] Finalizando: montar_linhas_int | Tempo gasto: 0.0s
2026-08-04 12:16:58.582 | INFO    |test_geracao_int:test_gerar_arquivo_int_nao_grava_quando_vazio:102 - [STEP] Iniciando: gerar_arquivo_int
2026-08-04 12:16:58.582 | INFO    |comum.utils.decoradores:wrapper:22 - [HU-13 INT] Nada a gravar (sem linhas COM retenção) — arquivo não criado.
2026-08-04 12:16:58.582 | INFO    |test_geracao_int:test_gerar_arquivo_int_nao_grava_quando_vazio:102 - [STEP] Finalizando: gerar_arquivo_int | Tempo gasto: 0.0s
2026-08-04 12:16:58.585 | INFO    |comum.dados.repositorio_cache:__init__:77 - Inicializando conexão com o banco no ambiente [dev]
2026-08-04 12:16:58.585 | INFO    |comum.dados.repositorio_cache:__init__:77 - Utilizando SQLite local [C:\Users\btime\AppData\Local\Temp\detraf_epico4_teste_lgxysuno\TABELAS_DETRAF_TESTE.db]
2026-08-04 12:16:58.585 | INFO    |comum.dados.repositorio_cache:obter_tabela:169 - Carregando tabela [tbl_detraf_mapeamento_descritores]
2026-08-04 12:16:58.587 | INFO    |comum.dados.repositorio_cache:obter_tabela:169 - Tabela [tbl_detraf_mapeamento_descritores] carregada | Linhas: 25 | Colunas: 5
2026-08-04 12:16:58.590 | INFO    |test_geracao_int:test_gerar_arquivo_int_grava_no_caminho_e_nome_corretos:110 - [STEP] Iniciando: montar_linhas_int
2026-08-04 12:16:58.593 | INFO    |comum.utils.decoradores:wrapper:22 - [HU-13 INT] 1 linha(s) montada(s) (COM retenção).
2026-08-04 12:16:58.593 | INFO    |test_geracao_int:test_gerar_arquivo_int_grava_no_caminho_e_nome_corretos:110 - [STEP] Finalizando: montar_linhas_int | Tempo gasto: 0.0s
2026-08-04 12:16:58.593 | INFO    |test_geracao_int:test_gerar_arquivo_int_grava_no_caminho_e_nome_corretos:112 - [STEP] Iniciando: gerar_arquivo_int
2026-08-04 12:16:58.600 | INFO    |comum.utils.decoradores:wrapper:22 - [HU-13 INT] Arquivo gravado em [C:\Users\btime\AppData\Local\Temp\pytest-of-btime\pytest-285\test_gerar_arquivo_int_grava_n0\Claro\2025\202507\AGI\DE_AGI_D_202507_TBRA_X_CLARO_INT.xlsx].
2026-08-04 12:16:58.600 | INFO    |test_geracao_int:test_gerar_arquivo_int_grava_no_caminho_e_nome_corretos:112 - [STEP] Finalizando: gerar_arquivo_int | Tempo gasto: 0.01s
2026-08-04 12:16:58.626 | INFO    |comum.dados.repositorio_cache:__init__:77 - Inicializando conexão com o banco no ambiente [dev]
2026-08-04 12:16:58.626 | INFO    |comum.dados.repositorio_cache:__init__:77 - Utilizando SQLite local [C:\Users\btime\AppData\Local\Temp\detraf_epico4_teste_lgxysuno\TABELAS_DETRAF_TESTE.db]
2026-08-04 12:16:58.627 | INFO    |comum.dados.repositorio_cache:obter_tabela:169 - Carregando tabela [tbl_detraf_mapeamento_descritores]
2026-08-04 12:16:58.628 | INFO    |comum.dados.repositorio_cache:obter_tabela:169 - Tabela [tbl_detraf_mapeamento_descritores] carregada | Linhas: 25 | Colunas: 5
2026-08-04 12:16:58.632 | INFO    |comum.dados.repositorio_cache:__init__:77 - Inicializando conexão com o banco no ambiente [dev]
2026-08-04 12:16:58.633 | INFO    |comum.dados.repositorio_cache:__init__:77 - Utilizando SQLite local [C:\Users\btime\AppData\Local\Temp\detraf_epico4_teste_lgxysuno\TABELAS_DETRAF_TESTE.db]
2026-08-04 12:16:58.633 | INFO    |comum.dados.repositorio_cache:obter_tabela:169 - Carregando tabela [tbl_detraf_mapeamento_descritores]
2026-08-04 12:16:58.634 | INFO    |comum.dados.repositorio_cache:obter_tabela:169 - Tabela [tbl_detraf_mapeamento_descritores] carregada | Linhas: 25 | Colunas: 5
2026-08-04 12:16:58.640 | INFO    |comum.dados.repositorio_cache:__init__:77 - Inicializando conexão com o banco no ambiente [dev]
2026-08-04 12:16:58.640 | INFO    |comum.dados.repositorio_cache:__init__:77 - Utilizando SQLite local [C:\Users\btime\AppData\Local\Temp\detraf_epico4_teste_lgxysuno\TABELAS_DETRAF_TESTE.db]
2026-08-04 12:16:58.640 | INFO    |comum.dados.repositorio_cache:obter_tabela:169 - Carregando tabela [tbl_detraf_mapeamento_descritores]
2026-08-04 12:16:58.642 | INFO    |comum.dados.repositorio_cache:obter_tabela:169 - Tabela [tbl_detraf_mapeamento_descritores] carregada | Linhas: 25 | Colunas: 5
2026-08-04 12:16:58.647 | INFO    |comum.dados.repositorio_cache:__init__:77 - Inicializando conexão com o banco no ambiente [dev]
2026-08-04 12:16:58.647 | INFO    |comum.dados.repositorio_cache:__init__:77 - Utilizando SQLite local [C:\Users\btime\AppData\Local\Temp\detraf_epico4_teste_lgxysuno\TABELAS_DETRAF_TESTE.db]
2026-08-04 12:16:58.647 | INFO    |comum.dados.repositorio_cache:obter_tabela:169 - Carregando tabela [tbl_detraf_mapeamento_descritores]
2026-08-04 12:16:58.648 | INFO    |comum.dados.repositorio_cache:obter_tabela:169 - Tabela [tbl_detraf_mapeamento_descritores] carregada | Linhas: 25 | Colunas: 5
2026-08-04 12:16:58.653 | INFO    |comum.dados.repositorio_cache:__init__:77 - Inicializando conexão com o banco no ambiente [dev]
2026-08-04 12:16:58.653 | INFO    |comum.dados.repositorio_cache:__init__:77 - Utilizando SQLite local [C:\Users\btime\AppData\Local\Temp\detraf_epico4_teste_lgxysuno\TABELAS_DETRAF_TESTE.db]
2026-08-04 12:16:58.654 | INFO    |comum.dados.repositorio_cache:obter_tabela:169 - Carregando tabela [tbl_detraf_mapeamento_descritores]
2026-08-04 12:16:58.655 | INFO    |comum.dados.repositorio_cache:obter_tabela:169 - Tabela [tbl_detraf_mapeamento_descritores] carregada | Linhas: 25 | Colunas: 5
2026-08-04 12:16:58.660 | INFO    |comum.dados.repositorio_cache:__init__:77 - Inicializando conexão com o banco no ambiente [dev]
2026-08-04 12:16:58.661 | INFO    |comum.dados.repositorio_cache:__init__:77 - Utilizando SQLite local [C:\Users\btime\AppData\Local\Temp\detraf_epico4_teste_lgxysuno\TABELAS_DETRAF_TESTE.db]
2026-08-04 12:16:58.661 | INFO    |comum.dados.repositorio_cache:obter_tabela:169 - Carregando tabela [tbl_detraf_mapeamento_descritores]
2026-08-04 12:16:58.662 | INFO    |comum.dados.repositorio_cache:obter_tabela:169 - Tabela [tbl_detraf_mapeamento_descritores] carregada | Linhas: 25 | Colunas: 5
2026-08-04 12:16:58.667 | INFO    |comum.dados.repositorio_cache:__init__:77 - Inicializando conexão com o banco no ambiente [dev]
2026-08-04 12:16:58.667 | INFO    |comum.dados.repositorio_cache:__init__:77 - Utilizando SQLite local [C:\Users\btime\AppData\Local\Temp\detraf_epico4_teste_lgxysuno\TABELAS_DETRAF_TESTE.db]
2026-08-04 12:16:58.667 | INFO    |comum.dados.repositorio_cache:obter_tabela:169 - Carregando tabela [tbl_detraf_mapeamento_descritores]
2026-08-04 12:16:58.669 | INFO    |comum.dados.repositorio_cache:obter_tabela:169 - Tabela [tbl_detraf_mapeamento_descritores] carregada | Linhas: 25 | Colunas: 5
2026-08-04 12:16:58.674 | INFO    |comum.dados.repositorio_cache:__init__:77 - Inicializando conexão com o banco no ambiente [dev]
2026-08-04 12:16:58.674 | INFO    |comum.dados.repositorio_cache:__init__:77 - Utilizando SQLite local [C:\Users\btime\AppData\Local\Temp\detraf_epico4_teste_lgxysuno\TABELAS_DETRAF_TESTE.db]
2026-08-04 12:16:58.675 | INFO    |comum.dados.repositorio_cache:obter_tabela:169 - Carregando tabela [tbl_detraf_mapeamento_descritores]
2026-08-04 12:16:58.676 | INFO    |comum.dados.repositorio_cache:obter_tabela:169 - Tabela [tbl_detraf_mapeamento_descritores] carregada | Linhas: 25 | Colunas: 5
2026-08-04 12:16:58.681 | INFO    |comum.dados.repositorio_cache:__init__:77 - Inicializando conexão com o banco no ambiente [dev]
2026-08-04 12:16:58.681 | INFO    |comum.dados.repositorio_cache:__init__:77 - Utilizando SQLite local [C:\Users\btime\AppData\Local\Temp\detraf_epico4_teste_lgxysuno\TABELAS_DETRAF_TESTE.db]
2026-08-04 12:16:58.681 | INFO    |comum.dados.repositorio_cache:obter_tabela:169 - Carregando tabela [tbl_detraf_mapeamento_descritores]
2026-08-04 12:16:58.683 | INFO    |comum.dados.repositorio_cache:obter_tabela:169 - Tabela [tbl_detraf_mapeamento_descritores] carregada | Linhas: 25 | Colunas: 5
2026-08-04 12:16:58.687 | INFO    |comum.dados.repositorio_cache:__init__:77 - Inicializando conexão com o banco no ambiente [dev]
2026-08-04 12:16:58.687 | INFO    |comum.dados.repositorio_cache:__init__:77 - Utilizando SQLite local [C:\Users\btime\AppData\Local\Temp\detraf_epico4_teste_lgxysuno\TABELAS_DETRAF_TESTE.db]
2026-08-04 12:16:58.688 | INFO    |comum.dados.repositorio_cache:obter_tabela:169 - Carregando tabela [tbl_detraf_mapeamento_descritores]
2026-08-04 12:16:58.690 | INFO    |comum.dados.repositorio_cache:obter_tabela:169 - Tabela [tbl_detraf_mapeamento_descritores] carregada | Linhas: 25 | Colunas: 5
2026-08-04 12:16:58.694 | INFO    |comum.dados.repositorio_cache:__init__:77 - Inicializando conexão com o banco no ambiente [dev]
2026-08-04 12:16:58.695 | INFO    |comum.dados.repositorio_cache:__init__:77 - Utilizando SQLite local [C:\Users\btime\AppData\Local\Temp\detraf_epico4_teste_lgxysuno\TABELAS_DETRAF_TESTE.db]
2026-08-04 12:16:58.695 | INFO    |comum.dados.repositorio_cache:obter_tabela:169 - Carregando tabela [tbl_detraf_mapeamento_descritores]
2026-08-04 12:16:58.696 | INFO    |comum.dados.repositorio_cache:obter_tabela:169 - Tabela [tbl_detraf_mapeamento_descritores] carregada | Linhas: 25 | Colunas: 5
2026-08-04 12:16:58.701 | INFO    |comum.dados.repositorio_cache:__init__:77 - Inicializando conexão com o banco no ambiente [dev]
2026-08-04 12:16:58.701 | INFO    |comum.dados.repositorio_cache:__init__:77 - Utilizando SQLite local [C:\Users\btime\AppData\Local\Temp\detraf_epico4_teste_lgxysuno\TABELAS_DETRAF_TESTE.db]
2026-08-04 12:16:58.701 | INFO    |comum.dados.repositorio_cache:obter_tabela:169 - Carregando tabela [tbl_detraf_mapeamento_descritores]
2026-08-04 12:16:58.702 | INFO    |comum.dados.repositorio_cache:obter_tabela:169 - Tabela [tbl_detraf_mapeamento_descritores] carregada | Linhas: 25 | Colunas: 5
2026-08-04 12:16:58.708 | INFO    |comum.dados.repositorio_cache:__init__:77 - Inicializando conexão com o banco no ambiente [dev]
2026-08-04 12:16:58.708 | INFO    |comum.dados.repositorio_cache:__init__:77 - Utilizando SQLite local [C:\Users\btime\AppData\Local\Temp\detraf_epico4_teste_lgxysuno\TABELAS_DETRAF_TESTE.db]
2026-08-04 12:16:58.708 | INFO    |comum.dados.repositorio_cache:obter_tabela:169 - Carregando tabela [tbl_detraf_mapeamento_descritores]
2026-08-04 12:16:58.710 | INFO    |comum.dados.repositorio_cache:obter_tabela:169 - Tabela [tbl_detraf_mapeamento_descritores] carregada | Linhas: 25 | Colunas: 5
2026-08-04 12:16:58.727 | INFO    |comum.dados.repositorio_cache:__init__:77 - Inicializando conexão com o banco no ambiente [dev]
2026-08-04 12:16:58.727 | INFO    |comum.dados.repositorio_cache:__init__:77 - Utilizando SQLite local [C:\Users\btime\AppData\Local\Temp\detraf_epico4_teste_lgxysuno\TABELAS_DETRAF_TESTE.db]
2026-08-04 12:16:58.734 | INFO    |test_repositorio_escrita:test_atualizar_dados_aplica_update_e_retorna_rowcount:53 - 1 linha(s) atualizada(s) em [tbl_rpa_log_detraf_despesa_contestacao].
2026-08-04 12:16:58.735 | INFO    |comum.dados.repositorio_cache:recarregar_cache_local:330 - Carregando tabela [tbl_rpa_log_detraf_despesa_contestacao]
2026-08-04 12:16:58.736 | INFO    |comum.dados.repositorio_cache:recarregar_cache_local:330 - Tabela [tbl_rpa_log_detraf_despesa_contestacao] carregada | Linhas: 2 | Colunas: 18
2026-08-04 12:16:58.739 | INFO    |comum.dados.repositorio_cache:__init__:77 - Inicializando conexão com o banco no ambiente [dev]
2026-08-04 12:16:58.739 | INFO    |comum.dados.repositorio_cache:__init__:77 - Utilizando SQLite local [C:\Users\btime\AppData\Local\Temp\detraf_epico4_teste_lgxysuno\TABELAS_DETRAF_TESTE.db]
2026-08-04 12:16:58.741 | INFO    |test_repositorio_escrita:test_atualizar_dados_chave_inexistente_retorna_zero:64 - 0 linha(s) atualizada(s) em [tbl_rpa_log_detraf_despesa_contestacao].
2026-08-04 12:16:58.744 | INFO    |comum.dados.repositorio_cache:__init__:77 - Inicializando conexão com o banco no ambiente [dev]
2026-08-04 12:16:58.744 | INFO    |comum.dados.repositorio_cache:__init__:77 - Utilizando SQLite local [C:\Users\btime\AppData\Local\Temp\detraf_epico4_teste_lgxysuno\TABELAS_DETRAF_TESTE.db]
2026-08-04 12:16:58.746 | INFO    |comum.dados.repositorio_cache:__init__:77 - Inicializando conexão com o banco no ambiente [dev]
2026-08-04 12:16:58.747 | INFO    |comum.dados.repositorio_cache:__init__:77 - Utilizando SQLite local [C:\Users\btime\AppData\Local\Temp\detraf_epico4_teste_lgxysuno\TABELAS_DETRAF_TESTE.db]
2026-08-04 12:16:58.749 | INFO    |comum.dados.repositorio_cache:__init__:77 - Inicializando conexão com o banco no ambiente [dev]
2026-08-04 12:16:58.749 | INFO    |comum.dados.repositorio_cache:__init__:77 - Utilizando SQLite local [C:\Users\btime\AppData\Local\Temp\detraf_epico4_teste_lgxysuno\TABELAS_DETRAF_TESTE.db]
2026-08-04 12:16:58.752 | INFO    |comum.dados.repositorio_cache:__init__:77 - Inicializando conexão com o banco no ambiente [dev]
2026-08-04 12:16:58.752 | INFO    |comum.dados.repositorio_cache:__init__:77 - Utilizando SQLite local [C:\Users\btime\AppData\Local\Temp\detraf_epico4_teste_lgxysuno\TABELAS_DETRAF_TESTE.db]
2026-08-04 12:16:58.753 | INFO    |comum.dados.repositorio_cache:inserir_dados:255 - Nenhum registro para inserir em [tbl_rpa_log_detraf_despesa_contestacao].
2026-08-04 12:16:58.753 | INFO    |comum.dados.repositorio_cache:obter_tabela:169 - Carregando tabela [tbl_rpa_log_detraf_despesa_contestacao]
2026-08-04 12:16:58.754 | INFO    |comum.dados.repositorio_cache:obter_tabela:169 - Tabela [tbl_rpa_log_detraf_despesa_contestacao] carregada | Linhas: 2 | Colunas: 18
2026-08-04 12:16:58.757 | INFO    |comum.dados.repositorio_cache:__init__:77 - Inicializando conexão com o banco no ambiente [dev]
2026-08-04 12:16:58.757 | INFO    |comum.dados.repositorio_cache:__init__:77 - Utilizando SQLite local [C:\Users\btime\AppData\Local\Temp\detraf_epico4_teste_lgxysuno\TABELAS_DETRAF_TESTE.db]
2026-08-04 12:16:58.762 | INFO    |test_repositorio_escrita:test_atualizar_dados_nao_vaza_valor_para_a_sql:101 - 1 linha(s) atualizada(s) em [tbl_rpa_log_detraf_despesa_contestacao].
2026-08-04 12:16:58.763 | INFO    |comum.dados.repositorio_cache:recarregar_cache_local:330 - Carregando tabela [tbl_rpa_log_detraf_despesa_contestacao]
2026-08-04 12:16:58.764 | INFO    |comum.dados.repositorio_cache:recarregar_cache_local:330 - Tabela [tbl_rpa_log_detraf_despesa_contestacao] carregada | Linhas: 2 | Colunas: 18
2026-08-04 12:16:58.766 | INFO    |comum.dados.repositorio_cache:__init__:77 - Inicializando conexão com o banco no ambiente [dev]
2026-08-04 12:16:58.767 | INFO    |comum.dados.repositorio_cache:__init__:77 - Utilizando SQLite local [C:\Users\btime\AppData\Local\Temp\detraf_epico4_teste_lgxysuno\TABELAS_DETRAF_TESTE.db]
2026-08-04 12:16:58.768 | INFO    |test_repositorio_escrita:test_atualizar_despesa_atualiza_os_seis_campos_sem_criar_linha:115 - [STEP] Iniciando: preparar_atualizacoes_despesa_contestacao
2026-08-04 12:16:58.769 | INFO    |comum.utils.decoradores:wrapper:22 - [HU-19 Despesa Contestação] 1 atualização(ões) preparada(s).
2026-08-04 12:16:58.769 | INFO    |test_repositorio_escrita:test_atualizar_despesa_atualiza_os_seis_campos_sem_criar_linha:115 - [STEP] Finalizando: preparar_atualizacoes_despesa_contestacao | Tempo gasto: 0.0s
2026-08-04 12:16:58.769 | INFO    |comum.dados.repositorio_cache:obter_tabela:169 - Carregando tabela [tbl_rpa_log_detraf_despesa_contestacao]
2026-08-04 12:16:58.770 | INFO    |comum.dados.repositorio_cache:obter_tabela:169 - Tabela [tbl_rpa_log_detraf_despesa_contestacao] carregada | Linhas: 2 | Colunas: 18
2026-08-04 12:16:58.778 | INFO    |comum.dados.repositorio_tabelas:_atualizar_contestacao_em_lote:864 - 1 linha(s) atualizada(s) em [tbl_rpa_log_detraf_despesa_contestacao].
2026-08-04 12:16:58.778 | INFO    |comum.dados.repositorio_cache:recarregar_cache_local:330 - Carregando tabela [tbl_rpa_log_detraf_despesa_contestacao]
2026-08-04 12:16:58.779 | INFO    |comum.dados.repositorio_cache:recarregar_cache_local:330 - Tabela [tbl_rpa_log_detraf_despesa_contestacao] carregada | Linhas: 2 | Colunas: 18
2026-08-04 12:16:58.779 | INFO    |comum.dados.repositorio_tabelas:atualizar_despesa_contestacao:903 - [HU-19 Despesa Contestação] 1 linha(s) atualizada(s), 0 chave(s) ausente(s).
2026-08-04 12:16:58.782 | INFO    |comum.dados.repositorio_cache:__init__:77 - Inicializando conexão com o banco no ambiente [dev]
2026-08-04 12:16:58.782 | INFO    |comum.dados.repositorio_cache:__init__:77 - Utilizando SQLite local [C:\Users\btime\AppData\Local\Temp\detraf_epico4_teste_lgxysuno\TABELAS_DETRAF_TESTE.db]
2026-08-04 12:16:58.783 | INFO    |test_repositorio_escrita:test_atualizar_despesa_preserva_lado_tbra_e_sinal_do_analista:134 - [STEP] Iniciando: preparar_atualizacoes_despesa_contestacao
2026-08-04 12:16:58.784 | INFO    |comum.utils.decoradores:wrapper:22 - [HU-19 Despesa Contestação] 1 atualização(ões) preparada(s).
2026-08-04 12:16:58.784 | INFO    |test_repositorio_escrita:test_atualizar_despesa_preserva_lado_tbra_e_sinal_do_analista:134 - [STEP] Finalizando: preparar_atualizacoes_despesa_contestacao | Tempo gasto: 0.0s
2026-08-04 12:16:58.785 | INFO    |comum.dados.repositorio_cache:obter_tabela:169 - Carregando tabela [tbl_rpa_log_detraf_despesa_contestacao]
2026-08-04 12:16:58.786 | INFO    |comum.dados.repositorio_cache:obter_tabela:169 - Tabela [tbl_rpa_log_detraf_despesa_contestacao] carregada | Linhas: 2 | Colunas: 18
2026-08-04 12:16:58.793 | INFO    |comum.dados.repositorio_tabelas:_atualizar_contestacao_em_lote:864 - 1 linha(s) atualizada(s) em [tbl_rpa_log_detraf_despesa_contestacao].
2026-08-04 12:16:58.793 | INFO    |comum.dados.repositorio_cache:recarregar_cache_local:330 - Carregando tabela [tbl_rpa_log_detraf_despesa_contestacao]
2026-08-04 12:16:58.794 | INFO    |comum.dados.repositorio_cache:recarregar_cache_local:330 - Tabela [tbl_rpa_log_detraf_despesa_contestacao] carregada | Linhas: 2 | Colunas: 18
2026-08-04 12:16:58.795 | INFO    |comum.dados.repositorio_tabelas:atualizar_despesa_contestacao:903 - [HU-19 Despesa Contestação] 1 linha(s) atualizada(s), 0 chave(s) ausente(s).
2026-08-04 12:16:58.797 | INFO    |comum.dados.repositorio_cache:__init__:77 - Inicializando conexão com o banco no ambiente [dev]
2026-08-04 12:16:58.798 | INFO    |comum.dados.repositorio_cache:__init__:77 - Utilizando SQLite local [C:\Users\btime\AppData\Local\Temp\detraf_epico4_teste_lgxysuno\TABELAS_DETRAF_TESTE.db]
2026-08-04 12:16:58.799 | INFO    |test_repositorio_escrita:test_atualizar_despesa_chave_ausente_nao_aborta_o_lote:154 - [STEP] Iniciando: preparar_atualizacoes_despesa_contestacao
2026-08-04 12:16:58.799 | INFO    |comum.utils.decoradores:wrapper:22 - [HU-19 Despesa Contestação] 2 atualização(ões) preparada(s).
2026-08-04 12:16:58.800 | INFO    |test_repositorio_escrita:test_atualizar_despesa_chave_ausente_nao_aborta_o_lote:154 - [STEP] Finalizando: preparar_atualizacoes_despesa_contestacao | Tempo gasto: 0.0s
2026-08-04 12:16:58.800 | INFO    |comum.dados.repositorio_cache:obter_tabela:169 - Carregando tabela [tbl_rpa_log_detraf_despesa_contestacao]
2026-08-04 12:16:58.802 | INFO    |comum.dados.repositorio_cache:obter_tabela:169 - Tabela [tbl_rpa_log_detraf_despesa_contestacao] carregada | Linhas: 2 | Colunas: 18
2026-08-04 12:16:58.807 | INFO    |comum.dados.repositorio_tabelas:_atualizar_contestacao_em_lote:864 - 1 linha(s) atualizada(s) em [tbl_rpa_log_detraf_despesa_contestacao].
2026-08-04 12:16:58.809 | WARNING |comum.dados.repositorio_tabelas:atualizar_despesa_contestacao:903 - [HU-19 Despesa Contestação] Chave sem linha correspondente no banco {'eot_operadora': '999', 'eot_tbra': '099', 'referencia': '202507', 'trafego': '202507', 'remuneracao': 'TU-COM'} — ignorada (a linha-base é inserida pelo Épico 3, B-D20).
2026-08-04 12:16:58.809 | INFO    |comum.dados.repositorio_cache:recarregar_cache_local:330 - Carregando tabela [tbl_rpa_log_detraf_despesa_contestacao]
2026-08-04 12:16:58.810 | INFO    |comum.dados.repositorio_cache:recarregar_cache_local:330 - Tabela [tbl_rpa_log_detraf_despesa_contestacao] carregada | Linhas: 2 | Colunas: 18
2026-08-04 12:16:58.810 | INFO    |comum.dados.repositorio_tabelas:atualizar_despesa_contestacao:903 - [HU-19 Despesa Contestação] 1 linha(s) atualizada(s), 1 chave(s) ausente(s).
2026-08-04 12:16:58.813 | INFO    |comum.dados.repositorio_cache:__init__:77 - Inicializando conexão com o banco no ambiente [dev]
2026-08-04 12:16:58.813 | INFO    |comum.dados.repositorio_cache:__init__:77 - Utilizando SQLite local [C:\Users\btime\AppData\Local\Temp\detraf_epico4_teste_lgxysuno\TABELAS_DETRAF_TESTE.db]
2026-08-04 12:16:58.814 | INFO    |comum.dados.repositorio_tabelas:atualizar_despesa_contestacao:903 - [HU-19 Despesa Contestação] Nada a atualizar (lote vazio).
2026-08-04 12:16:58.816 | INFO    |comum.dados.repositorio_cache:__init__:77 - Inicializando conexão com o banco no ambiente [dev]
2026-08-04 12:16:58.816 | INFO    |comum.dados.repositorio_cache:__init__:77 - Utilizando SQLite local [C:\Users\btime\AppData\Local\Temp\detraf_epico4_teste_lgxysuno\TABELAS_DETRAF_TESTE.db]
2026-08-04 12:16:58.817 | INFO    |test_repositorio_escrita:test_atualizar_despesa_normaliza_eot_como_a_leitura_do_sinal:172 - [STEP] Iniciando: preparar_atualizacoes_despesa_contestacao
2026-08-04 12:16:58.818 | INFO    |comum.utils.decoradores:wrapper:22 - [HU-19 Despesa Contestação] 1 atualização(ões) preparada(s).
2026-08-04 12:16:58.818 | INFO    |test_repositorio_escrita:test_atualizar_despesa_normaliza_eot_como_a_leitura_do_sinal:172 - [STEP] Finalizando: preparar_atualizacoes_despesa_contestacao | Tempo gasto: 0.0s
2026-08-04 12:16:58.819 | INFO    |comum.dados.repositorio_cache:obter_tabela:169 - Carregando tabela [tbl_rpa_log_detraf_despesa_contestacao]
2026-08-04 12:16:58.820 | INFO    |comum.dados.repositorio_cache:obter_tabela:169 - Tabela [tbl_rpa_log_detraf_despesa_contestacao] carregada | Linhas: 2 | Colunas: 18
2026-08-04 12:16:58.827 | INFO    |comum.dados.repositorio_tabelas:_atualizar_contestacao_em_lote:864 - 1 linha(s) atualizada(s) em [tbl_rpa_log_detraf_despesa_contestacao].
2026-08-04 12:16:58.827 | INFO    |comum.dados.repositorio_cache:recarregar_cache_local:330 - Carregando tabela [tbl_rpa_log_detraf_despesa_contestacao]
2026-08-04 12:16:58.828 | INFO    |comum.dados.repositorio_cache:recarregar_cache_local:330 - Tabela [tbl_rpa_log_detraf_despesa_contestacao] carregada | Linhas: 2 | Colunas: 18
2026-08-04 12:16:58.828 | INFO    |comum.dados.repositorio_tabelas:atualizar_despesa_contestacao:903 - [HU-19 Despesa Contestação] 1 linha(s) atualizada(s), 0 chave(s) ausente(s).
2026-08-04 12:16:58.831 | INFO    |comum.dados.repositorio_cache:__init__:77 - Inicializando conexão com o banco no ambiente [dev]
2026-08-04 12:16:58.831 | INFO    |comum.dados.repositorio_cache:__init__:77 - Utilizando SQLite local [C:\Users\btime\AppData\Local\Temp\detraf_epico4_teste_lgxysuno\TABELAS_DETRAF_TESTE.db]
2026-08-04 12:16:58.832 | INFO    |comum.dados.repositorio_cache:obter_tabela:169 - Carregando tabela [tbl_rpa_log_detraf_despesa_contestacao]
2026-08-04 12:16:58.834 | INFO    |comum.dados.repositorio_cache:obter_tabela:169 - Tabela [tbl_rpa_log_detraf_despesa_contestacao] carregada | Linhas: 2 | Colunas: 18
2026-08-04 12:16:58.836 | INFO    |comum.dados.repositorio_tabelas:_atualizar_contestacao_em_lote:864 - 1 linha(s) atualizada(s) em [tbl_rpa_log_detraf_despesa_contestacao].
2026-08-04 12:16:58.836 | INFO    |comum.dados.repositorio_cache:recarregar_cache_local:330 - Carregando tabela [tbl_rpa_log_detraf_despesa_contestacao]
2026-08-04 12:16:58.837 | INFO    |comum.dados.repositorio_cache:recarregar_cache_local:330 - Tabela [tbl_rpa_log_detraf_despesa_contestacao] carregada | Linhas: 2 | Colunas: 18
2026-08-04 12:16:58.837 | INFO    |comum.dados.repositorio_tabelas:atualizar_tipo_contestacao:930 - [HU-16 Writeback tipo_contestacao] 1 linha(s) atualizada(s), 0 chave(s) ausente(s).
2026-08-04 12:16:58.841 | INFO    |comum.dados.repositorio_cache:__init__:77 - Inicializando conexão com o banco no ambiente [dev]
2026-08-04 12:16:58.842 | INFO    |comum.dados.repositorio_cache:__init__:77 - Utilizando SQLite local [C:\Users\btime\AppData\Local\Temp\detraf_epico4_teste_lgxysuno\TABELAS_DETRAF_TESTE.db]
2026-08-04 12:16:58.843 | INFO    |comum.dados.repositorio_cache:obter_tabela:169 - Carregando tabela [tbl_rpa_log_detraf_despesa_contestacao]
2026-08-04 12:16:58.844 | INFO    |comum.dados.repositorio_cache:obter_tabela:169 - Tabela [tbl_rpa_log_detraf_despesa_contestacao] carregada | Linhas: 2 | Colunas: 18
2026-08-04 12:16:58.846 | INFO    |comum.dados.repositorio_tabelas:_atualizar_contestacao_em_lote:864 - 1 linha(s) atualizada(s) em [tbl_rpa_log_detraf_despesa_contestacao].
2026-08-04 12:16:58.846 | INFO    |comum.dados.repositorio_cache:recarregar_cache_local:330 - Carregando tabela [tbl_rpa_log_detraf_despesa_contestacao]
2026-08-04 12:16:58.847 | INFO    |comum.dados.repositorio_cache:recarregar_cache_local:330 - Tabela [tbl_rpa_log_detraf_despesa_contestacao] carregada | Linhas: 2 | Colunas: 18
2026-08-04 12:16:58.847 | INFO    |comum.dados.repositorio_tabelas:atualizar_tipo_contestacao:930 - [HU-16 Writeback tipo_contestacao] 1 linha(s) atualizada(s), 0 chave(s) ausente(s).
2026-08-04 12:16:58.850 | INFO    |comum.dados.repositorio_cache:__init__:77 - Inicializando conexão com o banco no ambiente [dev]
2026-08-04 12:16:58.850 | INFO    |comum.dados.repositorio_cache:__init__:77 - Utilizando SQLite local [C:\Users\btime\AppData\Local\Temp\detraf_epico4_teste_lgxysuno\TABELAS_DETRAF_TESTE.db]
2026-08-04 12:16:58.852 | INFO    |comum.dados.repositorio_cache:obter_tabela:169 - Carregando tabela [tbl_rpa_log_detraf_despesa_contestacao]
2026-08-04 12:16:58.854 | INFO    |comum.dados.repositorio_cache:obter_tabela:169 - Tabela [tbl_rpa_log_detraf_despesa_contestacao] carregada | Linhas: 2 | Colunas: 18
2026-08-04 12:16:58.856 | WARNING |comum.dados.repositorio_tabelas:atualizar_tipo_contestacao:930 - [HU-16 Writeback tipo_contestacao] Chave sem linha correspondente no banco {'eot_operadora': '888', 'eot_tbra': '011', 'referencia': '202507', 'trafego': '202507', 'remuneracao': 'TU-RL'} — ignorada (a linha-base é inserida pelo Épico 3, B-D20).
2026-08-04 12:16:58.856 | INFO    |comum.dados.repositorio_cache:recarregar_cache_local:330 - Carregando tabela [tbl_rpa_log_detraf_despesa_contestacao]
2026-08-04 12:16:58.857 | INFO    |comum.dados.repositorio_cache:recarregar_cache_local:330 - Tabela [tbl_rpa_log_detraf_despesa_contestacao] carregada | Linhas: 2 | Colunas: 18
2026-08-04 12:16:58.857 | INFO    |comum.dados.repositorio_tabelas:atualizar_tipo_contestacao:930 - [HU-16 Writeback tipo_contestacao] 0 linha(s) atualizada(s), 1 chave(s) ausente(s).
2026-08-04 12:16:58.861 | INFO    |comum.dados.repositorio_cache:__init__:77 - Inicializando conexão com o banco no ambiente [dev]
2026-08-04 12:16:58.861 | INFO    |comum.dados.repositorio_cache:__init__:77 - Utilizando SQLite local [C:\Users\btime\AppData\Local\Temp\detraf_epico4_teste_lgxysuno\TABELAS_DETRAF_TESTE.db]
2026-08-04 12:16:58.867 | INFO    |test_repositorio_escrita:test_cache_e_recarregado_apos_update:250 - 1 linha(s) atualizada(s) em [tbl_rpa_log_detraf_despesa_contestacao].
2026-08-04 12:16:58.867 | INFO    |comum.dados.repositorio_cache:recarregar_cache_local:330 - Carregando tabela [tbl_rpa_log_detraf_despesa_contestacao]
2026-08-04 12:16:58.868 | INFO    |comum.dados.repositorio_cache:recarregar_cache_local:330 - Tabela [tbl_rpa_log_detraf_despesa_contestacao] carregada | Linhas: 2 | Colunas: 18
2026-08-04 12:16:58.883 | INFO    |test_upload_agi:test_operadora_sem_pasta_nao_quebra:76 - [HU-17] Sem pasta AGI para INEXISTENTE/202507: [C:\Users\btime\AppData\Local\Temp\pytest-of-btime\pytest-285\test_operadora_sem_pasta_nao_q0\Operadoras\INEXISTENTE\2025\202507\AGI].
2026-08-04 12:16:58.886 | INFO    |test_upload_agi:test_arquivo_de_outro_tipo_na_pasta_e_ignorado:81 - [HU-17] Nenhum EXT/INT em [C:\Users\btime\AppData\Local\Temp\pytest-of-btime\pytest-285\test_arquivo_de_outro_tipo_na_0\Operadoras\CLARO\2025\202507\AGI].
2026-08-04 12:16:58.897 | INFO    |test_upload_agi:test_a_carta_e_o_env_da_mesma_pasta_nao_entram:108 - [HU-18] Nenhum CONT_PROC_MASCARA em [C:\Users\btime\AppData\Local\Temp\pytest-of-btime\pytest-285\test_a_carta_e_o_env_da_mesma_0\Operadoras\CLARO\2025\202507\Contestações].
2026-08-04 12:16:58.902 | INFO    |test_upload_agi:test_hu17_nao_abre_o_agi_com_o_switch_desligado:117 - [STEP] Iniciando: UploadDetrafAGI.executar
2026-08-04 12:16:58.902 | INFO    |comum.utils.decoradores:wrapper:22 - [MODO SEGURO] PERMITIR_UPLOAD_AGI=false — 2 arquivo(s) pendente(s), nada enviado ao AGI:
2026-08-04 12:16:58.903 | INFO    |comum.utils.decoradores:wrapper:22 -   CLARO: DE_AGI_D_202507_TBRA_X_CLARO_EXT.txt
2026-08-04 12:16:58.903 | INFO    |comum.utils.decoradores:wrapper:22 -   CLARO: DE_AGI_D_202507_TBRA_X_CLARO_INT.txt
2026-08-04 12:16:58.903 | INFO    |test_upload_agi:test_hu17_nao_abre_o_agi_com_o_switch_desligado:117 - [STEP] Finalizando: UploadDetrafAGI.executar | Tempo gasto: 0.0s
2026-08-04 12:16:58.906 | INFO    |test_upload_agi:test_hu18_nao_abre_o_agi_com_o_switch_desligado:128 - [STEP] Iniciando: UploadContestacaoAGI.executar
2026-08-04 12:16:58.907 | INFO    |comum.utils.decoradores:wrapper:22 - [MODO SEGURO] PERMITIR_UPLOAD_AGI=false — 1 arquivo(s) de contestação pendente(s), nada enviado ao AGI:
2026-08-04 12:16:58.907 | INFO    |comum.utils.decoradores:wrapper:22 -   CLARO: CONT_PROC_MASCARA_CLARO_202507.xlsx
2026-08-04 12:16:58.907 | INFO    |test_upload_agi:test_hu18_nao_abre_o_agi_com_o_switch_desligado:128 - [STEP] Finalizando: UploadContestacaoAGI.executar | Tempo gasto: 0.0s
2026-08-04 12:16:58.910 | INFO    |test_upload_agi:test_sem_pendencia_o_agi_nao_e_aberto_nem_com_o_switch_ligado:138 - [STEP] Iniciando: UploadDetrafAGI.executar
2026-08-04 12:16:58.910 | INFO    |src.services.upload_detraf_agi:executar:158 - [HU-17] Sem pasta AGI para CLARO/202507: [C:\Users\btime\AppData\Local\Temp\pytest-of-btime\pytest-285\test_sem_pendencia_o_agi_nao_e0\Operadoras\CLARO\2025\202507\AGI].
2026-08-04 12:16:58.910 | INFO    |comum.utils.decoradores:wrapper:22 - [HU-17] Nada pendente em EXT/INT; nada a fazer.
2026-08-04 12:16:58.910 | INFO    |test_upload_agi:test_sem_pendencia_o_agi_nao_e_aberto_nem_com_o_switch_ligado:138 - [STEP] Finalizando: UploadDetrafAGI.executar | Tempo gasto: 0.0s
2026-08-04 12:16:58.912 | WARNING |test_upload_agi:test_sem_diretorio_configurado_nao_grava_e_nao_quebra:147 - [HU-17] DIRETORIO_EVIDENCIAS não configurado — evidência não capturada.
2026-08-04 12:16:58.914 | WARNING |test_upload_agi:test_falha_na_captura_nao_derruba_o_upload:158 - [HU-17] Falha ao capturar evidência em [C:\Users\btime\AppData\Local\Temp\pytest-of-btime\pytest-285\test_falha_na_captura_nao_derr0\evidencias\evidencia_arquivo_20260804_121658.png]: sem display
2026-08-04 12:17:56.898 | ERROR   |tests.test_contrato_rpa1_rpa2:test_rastreamento_inexistente_nao_estoura:259 - Arquivo de rastreamento não encontrado: 'C:\Users\btime\AppData\Local\Temp\pytest-of-btime\pytest-286\test_rastreamento_inexistente_0\nao_existe.json'.
2026-08-04 12:17:56.944 | INFO    |comum.integracoes.outlook:send_email:306 - E-mail enviado para 'operadora@exemplo.com' — assunto 'Assunto', 0 anexo(s).
2026-08-04 12:17:56.945 | INFO    |comum.integracoes.outlook:send_email:306 - E-mail enviado para '['a@x.com', 'b@x.com']' — assunto 's', 0 anexo(s).
2026-08-04 12:17:56.946 | INFO    |comum.integracoes.outlook:send_email:306 - E-mail enviado para 'a@x.com' — assunto 's', 0 anexo(s).
2026-08-04 12:17:56.947 | INFO    |comum.integracoes.outlook:send_email:306 - E-mail enviado para 'a@x.com' — assunto 's', 0 anexo(s).
2026-08-04 12:17:56.949 | INFO    |tests.test_outlook_comum:test_anexa_cada_arquivo_antes_de_enviar:110 - E-mail enviado para 'a@x.com' — assunto 's', 2 anexo(s).
2026-08-04 12:17:56.955 | INFO    |tests.test_outlook_comum:test_envio_sem_anexo_e_valido:154 - E-mail enviado para 'a@x.com' — assunto 's', 0 anexo(s).
2026-08-04 12:17:56.956 | INFO    |tests.test_outlook_comum:test_rascunho_e_o_default:177 - Resposta salva como rascunho para o e-mail 'ABC123'.
2026-08-04 12:17:56.956 | INFO    |tests.test_outlook_comum:test_envia_quando_pedido_explicitamente:183 - Resposta enviada para o e-mail 'ABC123'.
2026-08-04 12:17:56.957 | INFO    |tests.test_outlook_comum:test_assunto_prefixado_e_corpo_preenchido:189 - Resposta salva como rascunho para o e-mail 'ABC123'.
2026-08-04 12:17:56.958 | INFO    |comum.integracoes.outlook:create_reply_draft:276 - Resposta salva como rascunho para o e-mail 'ABC123'.
2026-08-04 12:17:57.070 | INFO    |comum.dados.repositorio_cache:__init__:77 - Inicializando conexão com o banco no ambiente [dev]
2026-08-04 12:17:57.070 | INFO    |comum.dados.repositorio_cache:__init__:77 - Utilizando SQLite local [banco_de_dados\TABELAS_DETRAF.db]
2026-08-04 12:17:57.081 | INFO    |comum.dados.repositorio_cache:__init__:77 - Inicializando conexão com o banco no ambiente [dev]
2026-08-04 12:17:57.081 | INFO    |comum.dados.repositorio_cache:__init__:77 - Utilizando SQLite local [C:\Users\btime\Desktop\Projetos\detraf unificado\DETRAF-UNIFICADO\unificado\banco_de_dados\TABELAS_DETRAF.db]
2026-08-04 12:17:57.083 | INFO    |comum.dados.repositorio_cache:__init__:77 - Inicializando conexão com o banco no ambiente [dev]
2026-08-04 12:17:57.083 | INFO    |comum.dados.repositorio_cache:__init__:77 - Utilizando SQLite local [C:\Users\btime\Desktop\Projetos\detraf unificado\DETRAF-UNIFICADO\unificado\banco_de_dados\TABELAS_DETRAF.db]
2026-08-04 12:17:57.083 | INFO    |comum.dados.repositorio_cache:obter_tabela:169 - Carregando tabela [tbl_anexo5_processado]
2026-08-04 12:17:57.096 | INFO    |comum.dados.repositorio_cache:obter_tabela:169 - Tabela [tbl_anexo5_processado] carregada | Linhas: 2656 | Colunas: 17
2026-08-04 12:17:57.098 | INFO    |comum.dados.repositorio_cache:__init__:77 - Inicializando conexão com o banco no ambiente [dev]
2026-08-04 12:17:57.098 | INFO    |comum.dados.repositorio_cache:__init__:77 - Utilizando SQLite local [C:\Users\btime\Desktop\Projetos\detraf unificado\DETRAF-UNIFICADO\unificado\banco_de_dados\TABELAS_DETRAF.db]
2026-08-04 12:17:57.099 | INFO    |comum.dados.repositorio_cache:obter_tabela:169 - Carregando tabela [tbl_anexo5_processado]
2026-08-04 12:17:57.111 | INFO    |comum.dados.repositorio_cache:obter_tabela:169 - Tabela [tbl_anexo5_processado] carregada | Linhas: 2656 | Colunas: 17
2026-08-04 12:17:57.112 | INFO    |comum.dados.repositorio_cache:__init__:77 - Inicializando conexão com o banco no ambiente [dev]
2026-08-04 12:17:57.113 | INFO    |comum.dados.repositorio_cache:__init__:77 - Utilizando SQLite local [C:\Users\btime\Desktop\Projetos\detraf unificado\DETRAF-UNIFICADO\unificado\banco_de_dados\TABELAS_DETRAF.db]
2026-08-04 12:17:57.114 | INFO    |comum.dados.repositorio_cache:__init__:77 - Inicializando conexão com o banco no ambiente [dev]
2026-08-04 12:17:57.114 | INFO    |comum.dados.repositorio_cache:__init__:77 - Utilizando SQLite local [C:\Users\btime\Desktop\Projetos\detraf unificado\DETRAF-UNIFICADO\unificado\banco_de_dados\TABELAS_DETRAF.db]
2026-08-04 12:17:57.115 | INFO    |comum.dados.repositorio_cache:obter_tabela:169 - Carregando tabela [tbl_anexo5_processado]
2026-08-04 12:17:57.126 | INFO    |comum.dados.repositorio_cache:obter_tabela:169 - Tabela [tbl_anexo5_processado] carregada | Linhas: 2656 | Colunas: 17
2026-08-04 12:17:57.130 | INFO    |comum.dados.repositorio_cache:__init__:77 - Inicializando conexão com o banco no ambiente [dev]
2026-08-04 12:17:57.130 | INFO    |comum.dados.repositorio_cache:__init__:77 - Utilizando SQLite local [C:\Users\btime\Desktop\Projetos\detraf unificado\DETRAF-UNIFICADO\unificado\banco_de_dados\TABELAS_DETRAF.db]
2026-08-04 12:17:57.131 | INFO    |comum.dados.repositorio_cache:obter_tabela:169 - Carregando tabela [tbl_anexo5_processado]
2026-08-04 12:17:57.142 | INFO    |comum.dados.repositorio_cache:obter_tabela:169 - Tabela [tbl_anexo5_processado] carregada | Linhas: 2656 | Colunas: 17
2026-08-04 12:17:57.143 | INFO    |tests.test_repositorio_tabelas:test_buscar_nome_fantasia_por_eot_inexistente:104 - Nome Fantasia não encontrado para o EOT [999999]
2026-08-04 12:17:57.145 | INFO    |comum.dados.repositorio_cache:__init__:77 - Inicializando conexão com o banco no ambiente [dev]
2026-08-04 12:17:57.145 | INFO    |comum.dados.repositorio_cache:__init__:77 - Utilizando SQLite local [C:\Users\btime\Desktop\Projetos\detraf unificado\DETRAF-UNIFICADO\unificado\banco_de_dados\TABELAS_DETRAF.db]
2026-08-04 12:17:57.146 | INFO    |comum.dados.repositorio_cache:obter_tabela:169 - Carregando tabela [tbl_anexo5_processado]
2026-08-04 12:17:57.158 | INFO    |comum.dados.repositorio_cache:obter_tabela:169 - Tabela [tbl_anexo5_processado] carregada | Linhas: 2656 | Colunas: 17
2026-08-04 12:17:57.161 | INFO    |comum.dados.repositorio_cache:__init__:77 - Inicializando conexão com o banco no ambiente [dev]
2026-08-04 12:17:57.162 | INFO    |comum.dados.repositorio_cache:__init__:77 - Utilizando SQLite local [C:\Users\btime\Desktop\Projetos\detraf unificado\DETRAF-UNIFICADO\unificado\banco_de_dados\TABELAS_DETRAF.db]
2026-08-04 12:17:57.162 | INFO    |comum.dados.repositorio_cache:obter_tabela:169 - Carregando tabela [tbl_detraf_tarifas]
2026-08-04 12:17:57.164 | INFO    |comum.dados.repositorio_cache:obter_tabela:169 - Tabela [tbl_detraf_tarifas] carregada | Linhas: 110 | Colunas: 17
2026-08-04 12:17:57.165 | INFO    |comum.dados.repositorio_cache:__init__:77 - Inicializando conexão com o banco no ambiente [dev]
2026-08-04 12:17:57.166 | INFO    |comum.dados.repositorio_cache:__init__:77 - Utilizando SQLite local [C:\Users\btime\Desktop\Projetos\detraf unificado\DETRAF-UNIFICADO\unificado\banco_de_dados\TABELAS_DETRAF.db]
2026-08-04 12:17:57.166 | INFO    |comum.dados.repositorio_cache:obter_tabela:169 - Carregando tabela [tbl_detraf_mapeamento_descritores]
2026-08-04 12:17:57.168 | INFO    |comum.dados.repositorio_cache:obter_tabela:169 - Tabela [tbl_detraf_mapeamento_descritores] carregada | Linhas: 25 | Colunas: 3
2026-08-04 12:17:57.168 | INFO    |comum.dados.repositorio_cache:__init__:77 - Inicializando conexão com o banco no ambiente [dev]
2026-08-04 12:17:57.169 | INFO    |comum.dados.repositorio_cache:__init__:77 - Utilizando SQLite local [C:\Users\btime\Desktop\Projetos\detraf unificado\DETRAF-UNIFICADO\unificado\banco_de_dados\TABELAS_DETRAF.db]
2026-08-04 12:17:58.307 | INFO    |comum.dados.repositorio_cache:__init__:77 - Inicializando conexão com o banco no ambiente [dev]
2026-08-04 12:17:58.308 | INFO    |comum.dados.repositorio_cache:__init__:77 - Utilizando SQLite local [C:\Users\btime\AppData\Local\Temp\detraf_test_507hlt5c.db]
2026-08-04 12:17:58.375 | INFO    |comum.dados.repositorio_cache:obter_tabela:169 - Carregando tabela [tbl_anexo5_processado]
2026-08-04 12:17:58.377 | INFO    |comum.dados.repositorio_cache:obter_tabela:169 - Tabela [tbl_anexo5_processado] carregada | Linhas: 3 | Colunas: 2
2026-08-04 12:17:58.383 | INFO    |src.services.operadora_service:obter_operadora:153 - Nome Fantasia não encontrado para o EOT [999]
2026-08-04 12:17:58.387 | INFO    |src.services.operadora_service:obter_operadora:153 - Nome Fantasia não encontrado para o EOT [999]
2026-08-04 12:17:58.388 | INFO    |src.services.operadora_service:obter_operadora:163 - Nome Fantasia não encontrado para o texto [empresainexistente999]
2026-08-04 12:17:58.388 | WARNING |test_operadora_service:test_obter_operadora_nao_identificada:87 - Operadora não identificada para 'arquivo.csv' (eot='999', dominio='empresainexistente999.com.br', texto_busca='empresainexistente999')
2026-08-04 12:17:58.391 | INFO    |test_outlook_service_anexos:test_baixa_apenas_csv_e_excel:81 - E-mail 'ABC123': 3 anexo(s) ignorado(s) por extensão não permitida — carta_apresentacao.pdf, contrato.docx, assinatura.png
2026-08-04 12:17:58.391 | INFO    |test_outlook_service_anexos:test_baixa_apenas_csv_e_excel:81 - E-mail 'ABC123': 2 anexo(s) baixado(s) para 'C:\Users\btime\AppData\Local\Temp\pytest-of-btime\pytest-287\test_baixa_apenas_csv_e_excel0'.
2026-08-04 12:17:58.394 | INFO    |test_outlook_service_anexos:test_anexos_ignorados_nao_chegam_ao_disco:94 - E-mail 'ABC123': 1 anexo(s) ignorado(s) por extensão não permitida — carta.pdf
2026-08-04 12:17:58.394 | INFO    |test_outlook_service_anexos:test_anexos_ignorados_nao_chegam_ao_disco:94 - E-mail 'ABC123': 1 anexo(s) baixado(s) para 'C:\Users\btime\AppData\Local\Temp\pytest-of-btime\pytest-287\test_anexos_ignorados_nao_cheg0'.
2026-08-04 12:17:58.397 | INFO    |test_outlook_service_anexos:test_anexos_inline_continuam_ignorados:107 - E-mail 'ABC123': 1 anexo(s) baixado(s) para 'C:\Users\btime\AppData\Local\Temp\pytest-of-btime\pytest-287\test_anexos_inline_continuam_i0'.
2026-08-04 12:17:58.399 | INFO    |test_outlook_service_anexos:test_email_so_com_anexos_irrelevantes_devolve_lista_vazia:121 - E-mail 'ABC123': 1 anexo(s) ignorado(s) por extensão não permitida — apenas_um_pdf.pdf
2026-08-04 12:17:58.399 | INFO    |test_outlook_service_anexos:test_email_so_com_anexos_irrelevantes_devolve_lista_vazia:121 - E-mail 'ABC123': 0 anexo(s) baixado(s) para 'C:\Users\btime\AppData\Local\Temp\pytest-of-btime\pytest-287\test_email_so_com_anexos_irrel0'.
2026-08-04 12:17:58.402 | INFO    |test_outlook_service_anexos:test_extensao_e_avaliada_sem_distinguir_caixa:128 - E-mail 'ABC123': 2 anexo(s) baixado(s) para 'C:\Users\btime\AppData\Local\Temp\pytest-of-btime\pytest-287\test_extensao_e_avaliada_sem_d0'.
2026-08-04 12:17:58.404 | INFO    |test_outlook_service_anexos:test_o_filtro_usa_a_configuracao_e_nao_uma_lista_fixa:140 - E-mail 'ABC123': 1 anexo(s) ignorado(s) por extensão não permitida — planilha.xlsx
2026-08-04 12:17:58.404 | INFO    |test_outlook_service_anexos:test_o_filtro_usa_a_configuracao_e_nao_uma_lista_fixa:140 - E-mail 'ABC123': 1 anexo(s) baixado(s) para 'C:\Users\btime\AppData\Local\Temp\pytest-of-btime\pytest-287\test_o_filtro_usa_a_configurac0'.
2026-08-04 12:17:58.406 | INFO    |test_processamento_service:test_executar_sucesso_identifica_operadora_e_salva:55 - Iniciando fluxo de processamento
2026-08-04 12:17:58.407 | INFO    |test_processamento_service:test_executar_sucesso_identifica_operadora_e_salva:55 - Competência: 202602 | Ano: 2026
2026-08-04 12:17:58.407 | INFO    |test_processamento_service:test_executar_sucesso_identifica_operadora_e_salva:55 - Total de arquivos a processar: 1
2026-08-04 12:17:58.408 | WARNING |src.services.processamento_service:_processar_arquivo:129 - Estrutura do mês anterior não encontrada em 'C:\Users\btime\AppData\Local\Temp\pytest-of-btime\pytest-287\test_executar_sucesso_identifi0\operadoras\Megatelecom Telecomunicacoes S.A.\2026\202601' — criando 'C:\Users\btime\AppData\Local\Temp\pytest-of-btime\pytest-287\test_executar_sucesso_identifi0\operadoras\Megatelecom Telecomunicacoes S.A.\2026\202602' vazio.
2026-08-04 12:17:58.411 | INFO    |src.services.processamento_service:executar:84 - Processado com sucesso: sucesso_eot112.csv (operadora identificada via 'eot')
2026-08-04 12:17:58.412 | INFO    |comum.dados.repositorio_cache:salvar_dados_tabela_despesa:217 - Inserindo 1 registro(s) em [tbl_rpa_log_detraf_despesa_arquivos].
2026-08-04 12:17:58.427 | INFO    |comum.dados.repositorio_cache:salvar_dados_tabela_despesa:217 - 1 registro(s) persistidos em [tbl_rpa_log_detraf_despesa_arquivos].
2026-08-04 12:17:58.428 | INFO    |src.services.processamento_service:executar:86 - Resumo — Sucesso: 1 | Não identificados: 0 | Erros: 0
2026-08-04 12:17:58.434 | INFO    |test_processamento_service:test_executar_nao_identificado_vai_para_pasta_excecao:81 - Iniciando fluxo de processamento
2026-08-04 12:17:58.434 | INFO    |test_processamento_service:test_executar_nao_identificado_vai_para_pasta_excecao:81 - Competência: 202602 | Ano: 2026
2026-08-04 12:17:58.435 | INFO    |test_processamento_service:test_executar_nao_identificado_vai_para_pasta_excecao:81 - Total de arquivos a processar: 1
2026-08-04 12:17:58.436 | INFO    |src.services.operadora_service:obter_operadora:153 - Nome Fantasia não encontrado para o EOT [999]
2026-08-04 12:17:58.436 | INFO    |src.services.operadora_service:obter_operadora:163 - Nome Fantasia não encontrado para o texto [empresainexistente999]
2026-08-04 12:17:58.436 | WARNING |src.services.processamento_service:_processar_arquivo:108 - Operadora não identificada para 'nao_identificado.csv' (eot='999', dominio='empresainexistente999.com.br', texto_busca='empresainexistente999')
2026-08-04 12:17:58.438 | WARNING |src.services.processamento_service:_processar_arquivo:111 - Operadora não identificada para 'nao_identificado.csv' (remetente: 'contato@empresainexistente999.com.br') — copiado para 'C:\Users\btime\AppData\Local\Temp\pytest-of-btime\pytest-287\test_executar_nao_identificado0\_NAO_IDENTIFICADOS\202602'
2026-08-04 12:17:58.439 | INFO    |src.services.processamento_service:executar:86 - Resumo — Sucesso: 0 | Não identificados: 1 | Erros: 0
2026-08-04 12:17:58.445 | INFO    |test_processamento_service:test_executar_clona_estrutura_do_mes_anterior:104 - Iniciando fluxo de processamento
2026-08-04 12:17:58.445 | INFO    |test_processamento_service:test_executar_clona_estrutura_do_mes_anterior:104 - Competência: 202602 | Ano: 2026
2026-08-04 12:17:58.445 | INFO    |test_processamento_service:test_executar_clona_estrutura_do_mes_anterior:104 - Total de arquivos a processar: 1
2026-08-04 12:17:58.450 | INFO    |src.services.processamento_service:executar:84 - Processado com sucesso: clonagem.csv (operadora identificada via 'eot')
2026-08-04 12:17:58.451 | INFO    |comum.dados.repositorio_cache:salvar_dados_tabela_despesa:217 - Inserindo 1 registro(s) em [tbl_rpa_log_detraf_despesa_arquivos].
2026-08-04 12:17:58.462 | INFO    |comum.dados.repositorio_cache:salvar_dados_tabela_despesa:217 - 1 registro(s) persistidos em [tbl_rpa_log_detraf_despesa_arquivos].
2026-08-04 12:17:58.463 | INFO    |src.services.processamento_service:executar:86 - Resumo — Sucesso: 1 | Não identificados: 0 | Erros: 0
2026-08-04 12:17:58.467 | INFO    |test_processamento_service:test_executar_sem_argumentos_lista_diretorio_entrada:119 - Iniciando fluxo de processamento
2026-08-04 12:17:58.468 | INFO    |test_processamento_service:test_executar_sem_argumentos_lista_diretorio_entrada:119 - Competência: 202602 | Ano: 2026
2026-08-04 12:17:58.468 | INFO    |test_processamento_service:test_executar_sem_argumentos_lista_diretorio_entrada:119 - Total de arquivos a processar: 1
2026-08-04 12:17:58.469 | INFO    |src.services.operadora_service:obter_operadora:153 - Nome Fantasia não encontrado para o EOT [999]
2026-08-04 12:17:58.471 | WARNING |src.services.processamento_service:_processar_arquivo:129 - Estrutura do mês anterior não encontrada em 'C:\Users\btime\AppData\Local\Temp\pytest-of-btime\pytest-287\test_executar_sem_argumentos_l0\operadoras\Desktop Sigmanet\2026\202601' — criando 'C:\Users\btime\AppData\Local\Temp\pytest-of-btime\pytest-287\test_executar_sem_argumentos_l0\operadoras\Desktop Sigmanet\2026\202602' vazio.
2026-08-04 12:17:58.473 | INFO    |src.services.processamento_service:executar:84 - Processado com sucesso: arquivo_solto.csv (operadora identificada via 'dominio')
2026-08-04 12:17:58.473 | INFO    |comum.dados.repositorio_cache:salvar_dados_tabela_despesa:217 - Inserindo 1 registro(s) em [tbl_rpa_log_detraf_despesa_arquivos].
2026-08-04 12:17:58.481 | INFO    |comum.dados.repositorio_cache:salvar_dados_tabela_despesa:217 - 1 registro(s) persistidos em [tbl_rpa_log_detraf_despesa_arquivos].
2026-08-04 12:17:58.481 | INFO    |src.services.processamento_service:executar:86 - Resumo — Sucesso: 1 | Não identificados: 0 | Erros: 0
2026-08-04 12:17:58.520 | WARNING |test_repositorio_arquivos:test_clonar_estrutura_mes_anterior_origem_inexistente_degrada:74 - Estrutura do mês anterior não encontrada em 'C:\Users\btime\AppData\Local\Temp\pytest-of-btime\pytest-287\test_clonar_estrutura_mes_ante2\nao_existe' — criando 'C:\Users\btime\AppData\Local\Temp\pytest-of-btime\pytest-287\test_clonar_estrutura_mes_ante2\202606' vazio.
2026-08-04 12:17:58.522 | INFO    |test_repositorio_tabelas:test_buscar_nome_fantasia_por_eot_nao_encontrado:12 - Nome Fantasia não encontrado para o EOT [999]
2026-08-04 12:17:58.525 | INFO    |test_repositorio_tabelas:test_buscar_nome_fantasia_nao_encontrado:20 - Nome Fantasia não encontrado para o texto [naoexisteoperadora]
2026-08-04 12:17:58.526 | INFO    |comum.dados.repositorio_cache:salvar_dados_tabela_despesa:217 - Inserindo 1 registro(s) em [tbl_rpa_log_detraf_despesa_arquivos].
2026-08-04 12:17:58.533 | INFO    |comum.dados.repositorio_cache:salvar_dados_tabela_despesa:217 - 1 registro(s) persistidos em [tbl_rpa_log_detraf_despesa_arquivos].
2026-08-04 12:17:58.536 | INFO    |comum.dados.repositorio_cache:salvar_dados_tabela_despesa:217 - Nenhum registro para inserir em [tbl_rpa_log_detraf_despesa_arquivos].
2026-08-04 12:17:59.529 | INFO    |comum.dados.repositorio_cache:__init__:77 - Inicializando conexão com o banco no ambiente [dev]
2026-08-04 12:17:59.529 | INFO    |comum.dados.repositorio_cache:__init__:77 - Utilizando SQLite local [C:\Users\btime\AppData\Local\Temp\detraf_epico4_teste_8mg4ch5c\TABELAS_DETRAF_TESTE.db]
2026-08-04 12:17:59.897 | INFO    |comum.dados.repositorio_cache:__init__:77 - Inicializando conexão com o banco no ambiente [dev]
2026-08-04 12:17:59.897 | INFO    |comum.dados.repositorio_cache:__init__:77 - Utilizando SQLite local [C:\Users\btime\AppData\Local\Temp\detraf_epico4_teste_8mg4ch5c\TABELAS_DETRAF_TESTE.db]
2026-08-04 12:17:59.898 | INFO    |comum.dados.repositorio_cache:obter_tabela:169 - Carregando tabela [tbl_anexo5_processado]
2026-08-04 12:17:59.900 | INFO    |comum.dados.repositorio_cache:obter_tabela:169 - Tabela [tbl_anexo5_processado] carregada | Linhas: 3 | Colunas: 6
2026-08-04 12:17:59.900 | INFO    |comum.dados.repositorio_cache:obter_tabela:169 - Carregando tabela [tbl_detraf_tarifas]
2026-08-04 12:17:59.901 | INFO    |comum.dados.repositorio_cache:obter_tabela:169 - Tabela [tbl_detraf_tarifas] carregada | Linhas: 2 | Colunas: 8
2026-08-04 12:17:59.901 | INFO    |comum.dados.repositorio_cache:obter_tabela:169 - Carregando tabela [tbl_rpa_log_detraf_despesa_contestacao]
2026-08-04 12:17:59.903 | INFO    |comum.dados.repositorio_cache:obter_tabela:169 - Tabela [tbl_rpa_log_detraf_despesa_contestacao] carregada | Linhas: 2 | Colunas: 18
2026-08-04 12:17:59.905 | INFO    |comum.dados.repositorio_cache:__init__:77 - Inicializando conexão com o banco no ambiente [dev]
2026-08-04 12:17:59.906 | INFO    |comum.dados.repositorio_cache:__init__:77 - Utilizando SQLite local [C:\Users\btime\AppData\Local\Temp\detraf_epico4_teste_8mg4ch5c\TABELAS_DETRAF_TESTE.db]
2026-08-04 12:17:59.906 | INFO    |comum.dados.repositorio_cache:obter_tabela:169 - Carregando tabela [tbl_anexo5_processado]
2026-08-04 12:17:59.907 | INFO    |comum.dados.repositorio_cache:obter_tabela:169 - Tabela [tbl_anexo5_processado] carregada | Linhas: 3 | Colunas: 6
2026-08-04 12:17:59.910 | INFO    |test_configuracao_ambiente:test_repositorio_tabelas_valida_eot:41 - EOT não encontrado [999]
2026-08-04 12:17:59.913 | INFO    |comum.dados.repositorio_cache:__init__:77 - Inicializando conexão com o banco no ambiente [dev]
2026-08-04 12:17:59.913 | INFO    |comum.dados.repositorio_cache:__init__:77 - Utilizando SQLite local [C:\Users\btime\AppData\Local\Temp\detraf_epico4_teste_8mg4ch5c\TABELAS_DETRAF_TESTE.db]
2026-08-04 12:17:59.913 | INFO    |comum.dados.repositorio_cache:obter_tabela:169 - Carregando tabela [tbl_anexo5_processado]
2026-08-04 12:17:59.915 | INFO    |comum.dados.repositorio_cache:obter_tabela:169 - Tabela [tbl_anexo5_processado] carregada | Linhas: 3 | Colunas: 6
2026-08-04 12:17:59.916 | INFO    |test_configuracao_ambiente:test_repositorio_tabelas_obtem_endereco_por_eot:49 - EOT não encontrado para busca de endereço [999]
2026-08-04 12:17:59.922 | WARNING |test_consolidacao:test_listar_arquivos_pasta_inexistente:39 - Pasta de Detrafs inexistente: [C:\Users\btime\AppData\Local\Temp\pytest-of-btime\pytest-288\test_listar_arquivos_pasta_ine0\nao_existe]
2026-08-04 12:17:59.925 | INFO    |test_consolidacao:test_consolida_e_remove_totais:43 - [STEP] Iniciando: consolidar_detrafs_operadora
2026-08-04 12:17:59.925 | INFO    |src.services.consolidacao_contestacao:consolidar_detrafs_operadora:174 - [Consolidação] 2 arquivo(s) encontrado(s) em [C:\Users\btime\AppData\Local\Temp\pytest-of-btime\pytest-288\test_consolida_e_remove_totais0\Detrafs Recebidos].
2026-08-04 12:17:59.929 | INFO    |src.services.consolidacao_contestacao:consolidar_detrafs_operadora:177 - [Consolidação] [algar_smp.csv]: 5 linha(s) -> 4 após remover totais.
2026-08-04 12:17:59.931 | INFO    |src.services.consolidacao_contestacao:consolidar_detrafs_operadora:177 - [Consolidação] [algar_stfc.csv]: 4 linha(s) -> 3 após remover totais.
2026-08-04 12:17:59.932 | INFO    |src.services.consolidacao_contestacao:consolidar_detrafs_operadora:177 - [Consolidação] Consolidado: 7 linha(s) de 2 arquivo(s).
2026-08-04 12:17:59.932 | INFO    |test_consolidacao:test_consolida_e_remove_totais:43 - [STEP] Finalizando: consolidar_detrafs_operadora | Tempo gasto: 0.01s
2026-08-04 12:17:59.935 | INFO    |test_consolidacao:test_pasta_vazia_retorna_df_vazio:57 - [STEP] Iniciando: consolidar_detrafs_operadora
2026-08-04 12:17:59.935 | INFO    |src.services.consolidacao_contestacao:consolidar_detrafs_operadora:174 - [Consolidação] 0 arquivo(s) encontrado(s) em [C:\Users\btime\AppData\Local\Temp\pytest-of-btime\pytest-288\test_pasta_vazia_retorna_df_va0\vazia].
2026-08-04 12:17:59.935 | INFO    |test_consolidacao:test_pasta_vazia_retorna_df_vazio:57 - [STEP] Finalizando: consolidar_detrafs_operadora | Tempo gasto: 0.0s
2026-08-04 12:17:59.937 | INFO    |test_consolidacao:test_fail_fast_colunas_insuficientes:66 - [STEP] Iniciando: consolidar_detrafs_operadora
2026-08-04 12:17:59.938 | INFO    |src.services.consolidacao_contestacao:consolidar_detrafs_operadora:174 - [Consolidação] 1 arquivo(s) encontrado(s) em [C:\Users\btime\AppData\Local\Temp\pytest-of-btime\pytest-288\test_fail_fast_colunas_insufic0\Detrafs Recebidos].
2026-08-04 12:17:59.939 | INFO    |test_consolidacao:test_fail_fast_colunas_insuficientes:66 - [STEP] Finalizando: consolidar_detrafs_operadora | Tempo gasto: 0.0s
2026-08-04 12:17:59.942 | INFO    |test_consolidacao:test_consolida_expectativa_filtra_D_e_remove_totais:94 - [STEP] Iniciando: consolidar_expectativa_vivo
2026-08-04 12:17:59.943 | INFO    |src.services.consolidacao_contestacao:consolidar_expectativa_vivo:207 - [Consolidação] 2 arquivo(s) encontrado(s) em [C:\Users\btime\AppData\Local\Temp\pytest-of-btime\pytest-288\test_consolida_expectativa_fil0\Detrafs Enviados].
2026-08-04 12:17:59.945 | INFO    |src.services.consolidacao_contestacao:consolidar_expectativa_vivo:211 - [Consolidação] [DETRAF_FINAL_TRP_202605_CTB_STF_VIVO_D.csv]: 4 linha(s) -> 3 após remover totais.
2026-08-04 12:17:59.945 | INFO    |src.services.consolidacao_contestacao:consolidar_expectativa_vivo:211 - [Consolidação] Consolidado: 3 linha(s) de 1 arquivo(s).
2026-08-04 12:17:59.945 | INFO    |test_consolidacao:test_consolida_expectativa_filtra_D_e_remove_totais:94 - [STEP] Finalizando: consolidar_expectativa_vivo | Tempo gasto: 0.0s
2026-08-04 12:17:59.949 | INFO    |test_consolidacao:test_expectativa_truncamento_ate_coluna:103 - [STEP] Iniciando: consolidar_expectativa_vivo
2026-08-04 12:17:59.949 | INFO    |src.services.consolidacao_contestacao:consolidar_expectativa_vivo:207 - [Consolidação] 2 arquivo(s) encontrado(s) em [C:\Users\btime\AppData\Local\Temp\pytest-of-btime\pytest-288\test_expectativa_truncamento_a0\Detrafs Enviados].
2026-08-04 12:17:59.952 | INFO    |src.services.consolidacao_contestacao:consolidar_expectativa_vivo:211 - [Consolidação] [DETRAF_FINAL_TRP_202605_CTB_STF_VIVO_D.csv]: 4 linha(s) -> 3 após remover totais.
2026-08-04 12:17:59.952 | INFO    |src.services.consolidacao_contestacao:consolidar_expectativa_vivo:211 - [Consolidação] Consolidado: 3 linha(s) de 1 arquivo(s).
2026-08-04 12:17:59.952 | INFO    |test_consolidacao:test_expectativa_truncamento_ate_coluna:103 - [STEP] Finalizando: consolidar_expectativa_vivo | Tempo gasto: 0.0s
2026-08-04 12:17:59.954 | INFO    |test_consolidacao:test_expectativa_sem_arquivo_D_retorna_vazio:114 - [STEP] Iniciando: consolidar_expectativa_vivo
2026-08-04 12:17:59.955 | INFO    |src.services.consolidacao_contestacao:consolidar_expectativa_vivo:207 - [Consolidação] 1 arquivo(s) encontrado(s) em [C:\Users\btime\AppData\Local\Temp\pytest-of-btime\pytest-288\test_expectativa_sem_arquivo_D0\Detrafs Enviados].
2026-08-04 12:17:59.955 | WARNING |comum.utils.decoradores:wrapper:22 - [Consolidação] Nenhum arquivo de expectativa (_D_) em [C:\Users\btime\AppData\Local\Temp\pytest-of-btime\pytest-288\test_expectativa_sem_arquivo_D0\Detrafs Enviados].
2026-08-04 12:17:59.955 | INFO    |test_consolidacao:test_expectativa_sem_arquivo_D_retorna_vazio:114 - [STEP] Finalizando: consolidar_expectativa_vivo | Tempo gasto: 0.0s
2026-08-04 12:17:59.956 | INFO    |test_consolidacao:test_montar_resumo_agrupa_por_referencia_e_trafego:134 - [STEP] Iniciando: montar_resumo
2026-08-04 12:17:59.960 | INFO    |comum.utils.decoradores:wrapper:22 - [Consolidação] RESUMO: 2 combinação(ões) Referência/Tráfego.
2026-08-04 12:17:59.960 | INFO    |test_consolidacao:test_montar_resumo_agrupa_por_referencia_e_trafego:134 - [STEP] Finalizando: montar_resumo | Tempo gasto: 0.0s
2026-08-04 12:17:59.962 | INFO    |test_consolidacao:test_montar_resumo_vazio_retorna_df_vazio_com_colunas:142 - [STEP] Iniciando: montar_resumo
2026-08-04 12:17:59.962 | INFO    |test_consolidacao:test_montar_resumo_vazio_retorna_df_vazio_com_colunas:142 - [STEP] Finalizando: montar_resumo | Tempo gasto: 0.0s
2026-08-04 12:17:59.964 | INFO    |comum.dados.repositorio_cache:__init__:77 - Inicializando conexão com o banco no ambiente [dev]
2026-08-04 12:17:59.964 | INFO    |comum.dados.repositorio_cache:__init__:77 - Utilizando SQLite local [C:\Users\btime\AppData\Local\Temp\detraf_epico4_teste_8mg4ch5c\TABELAS_DETRAF_TESTE.db]
2026-08-04 12:17:59.965 | INFO    |comum.dados.repositorio_cache:obter_tabela:169 - Carregando tabela [tbl_detraf_mapeamento_descritores]
2026-08-04 12:17:59.966 | INFO    |comum.dados.repositorio_cache:obter_tabela:169 - Tabela [tbl_detraf_mapeamento_descritores] carregada | Linhas: 25 | Colunas: 5
2026-08-04 12:17:59.969 | INFO    |test_consolidacao:test_montar_contest_bate_com_exemplo_real_da_carta:176 - [STEP] Iniciando: montar_contest
2026-08-04 12:17:59.980 | INFO    |comum.utils.decoradores:wrapper:22 - [Consolidação] Contest: 1 combinação(ões) analisada(s).
2026-08-04 12:17:59.980 | INFO    |test_consolidacao:test_montar_contest_bate_com_exemplo_real_da_carta:176 - [STEP] Finalizando: montar_contest | Tempo gasto: 0.01s
2026-08-04 12:17:59.983 | INFO    |comum.dados.repositorio_cache:__init__:77 - Inicializando conexão com o banco no ambiente [dev]
2026-08-04 12:17:59.983 | INFO    |comum.dados.repositorio_cache:__init__:77 - Utilizando SQLite local [C:\Users\btime\AppData\Local\Temp\detraf_epico4_teste_8mg4ch5c\TABELAS_DETRAF_TESTE.db]
2026-08-04 12:17:59.984 | INFO    |comum.dados.repositorio_cache:obter_tabela:169 - Carregando tabela [tbl_detraf_mapeamento_descritores]
2026-08-04 12:17:59.985 | INFO    |comum.dados.repositorio_cache:obter_tabela:169 - Tabela [tbl_detraf_mapeamento_descritores] carregada | Linhas: 25 | Colunas: 5
2026-08-04 12:17:59.988 | INFO    |test_consolidacao:test_montar_contest_variacao_abaixo_do_limiar_marca_N:202 - [STEP] Iniciando: montar_contest
2026-08-04 12:17:59.998 | INFO    |comum.utils.decoradores:wrapper:22 - [Consolidação] Contest: 1 combinação(ões) analisada(s).
2026-08-04 12:17:59.998 | INFO    |test_consolidacao:test_montar_contest_variacao_abaixo_do_limiar_marca_N:202 - [STEP] Finalizando: montar_contest | Tempo gasto: 0.01s
2026-08-04 12:18:00.001 | INFO    |comum.dados.repositorio_cache:__init__:77 - Inicializando conexão com o banco no ambiente [dev]
2026-08-04 12:18:00.001 | INFO    |comum.dados.repositorio_cache:__init__:77 - Utilizando SQLite local [C:\Users\btime\AppData\Local\Temp\detraf_epico4_teste_8mg4ch5c\TABELAS_DETRAF_TESTE.db]
2026-08-04 12:18:00.001 | INFO    |comum.dados.repositorio_cache:obter_tabela:169 - Carregando tabela [tbl_detraf_mapeamento_descritores]
2026-08-04 12:18:00.002 | INFO    |comum.dados.repositorio_cache:obter_tabela:169 - Tabela [tbl_detraf_mapeamento_descritores] carregada | Linhas: 25 | Colunas: 5
2026-08-04 12:18:00.005 | INFO    |test_consolidacao:test_montar_contest_par_ausente_lado_zerado:217 - [STEP] Iniciando: montar_contest
2026-08-04 12:18:00.013 | INFO    |comum.utils.decoradores:wrapper:22 - [Consolidação] Contest: 1 combinação(ões) analisada(s).
2026-08-04 12:18:00.014 | INFO    |test_consolidacao:test_montar_contest_par_ausente_lado_zerado:217 - [STEP] Finalizando: montar_contest | Tempo gasto: 0.01s
2026-08-04 12:18:00.018 | INFO    |comum.dados.repositorio_cache:__init__:77 - Inicializando conexão com o banco no ambiente [dev]
2026-08-04 12:18:00.018 | INFO    |comum.dados.repositorio_cache:__init__:77 - Utilizando SQLite local [C:\Users\btime\AppData\Local\Temp\detraf_epico4_teste_8mg4ch5c\TABELAS_DETRAF_TESTE.db]
2026-08-04 12:18:00.019 | INFO    |comum.dados.repositorio_cache:obter_tabela:169 - Carregando tabela [tbl_detraf_mapeamento_descritores]
2026-08-04 12:18:00.021 | INFO    |comum.dados.repositorio_cache:obter_tabela:169 - Tabela [tbl_detraf_mapeamento_descritores] carregada | Linhas: 25 | Colunas: 5
2026-08-04 12:18:00.025 | INFO    |test_consolidacao:test_montar_contest_descritor_nao_mapeado_e_ignorado:232 - [STEP] Iniciando: montar_contest
2026-08-04 12:18:00.026 | INFO    |src.services.consolidacao_contestacao:montar_contest:385 - [Consolidação] 1 linha(s) com descritor não mapeado — ignoradas na aba Contest (AI/09 §7).
2026-08-04 12:18:00.030 | INFO    |comum.utils.decoradores:wrapper:22 - [Consolidação] Contest: 0 combinação(ões) analisada(s).
2026-08-04 12:18:00.030 | INFO    |test_consolidacao:test_montar_contest_descritor_nao_mapeado_e_ignorado:232 - [STEP] Finalizando: montar_contest | Tempo gasto: 0.01s
2026-08-04 12:18:00.033 | INFO    |comum.dados.repositorio_cache:__init__:77 - Inicializando conexão com o banco no ambiente [dev]
2026-08-04 12:18:00.033 | INFO    |comum.dados.repositorio_cache:__init__:77 - Utilizando SQLite local [C:\Users\btime\AppData\Local\Temp\detraf_epico4_teste_8mg4ch5c\TABELAS_DETRAF_TESTE.db]
2026-08-04 12:18:00.034 | INFO    |comum.dados.repositorio_cache:obter_tabela:169 - Carregando tabela [tbl_detraf_mapeamento_descritores]
2026-08-04 12:18:00.035 | INFO    |comum.dados.repositorio_cache:obter_tabela:169 - Tabela [tbl_detraf_mapeamento_descritores] carregada | Linhas: 25 | Colunas: 5
2026-08-04 12:18:00.038 | INFO    |test_consolidacao:test_montar_contest_descritor_antes_ambiguo_agora_resolvido:246 - [STEP] Iniciando: montar_contest
2026-08-04 12:18:00.044 | INFO    |comum.utils.decoradores:wrapper:22 - [Consolidação] Contest: 1 combinação(ões) analisada(s).
2026-08-04 12:18:00.045 | INFO    |test_consolidacao:test_montar_contest_descritor_antes_ambiguo_agora_resolvido:246 - [STEP] Finalizando: montar_contest | Tempo gasto: 0.01s
2026-08-04 12:18:00.048 | INFO    |comum.dados.repositorio_cache:__init__:77 - Inicializando conexão com o banco no ambiente [dev]
2026-08-04 12:18:00.048 | INFO    |comum.dados.repositorio_cache:__init__:77 - Utilizando SQLite local [C:\Users\btime\AppData\Local\Temp\detraf_epico4_teste_8mg4ch5c\TABELAS_DETRAF_TESTE.db]
2026-08-04 12:18:00.049 | INFO    |comum.dados.repositorio_cache:obter_tabela:169 - Carregando tabela [tbl_detraf_mapeamento_descritores]
2026-08-04 12:18:00.050 | INFO    |comum.dados.repositorio_cache:obter_tabela:169 - Tabela [tbl_detraf_mapeamento_descritores] carregada | Linhas: 25 | Colunas: 5
2026-08-04 12:18:00.053 | INFO    |test_consolidacao:test_montar_contest_tipo_operacao_opcional:258 - [STEP] Iniciando: montar_contest
2026-08-04 12:18:00.060 | INFO    |comum.utils.decoradores:wrapper:22 - [Consolidação] Contest: 1 combinação(ões) analisada(s).
2026-08-04 12:18:00.060 | INFO    |test_consolidacao:test_montar_contest_tipo_operacao_opcional:258 - [STEP] Finalizando: montar_contest | Tempo gasto: 0.01s
2026-08-04 12:18:00.063 | INFO    |comum.dados.repositorio_cache:__init__:77 - Inicializando conexão com o banco no ambiente [dev]
2026-08-04 12:18:00.063 | INFO    |comum.dados.repositorio_cache:__init__:77 - Utilizando SQLite local [C:\Users\btime\AppData\Local\Temp\detraf_epico4_teste_8mg4ch5c\TABELAS_DETRAF_TESTE.db]
2026-08-04 12:18:00.064 | INFO    |comum.dados.repositorio_cache:obter_tabela:169 - Carregando tabela [tbl_rpa_log_detraf_despesa_contestacao]
2026-08-04 12:18:00.065 | INFO    |comum.dados.repositorio_cache:obter_tabela:169 - Tabela [tbl_rpa_log_detraf_despesa_contestacao] carregada | Linhas: 2 | Colunas: 18
2026-08-04 12:18:00.069 | INFO    |comum.dados.repositorio_cache:__init__:77 - Inicializando conexão com o banco no ambiente [dev]
2026-08-04 12:18:00.069 | INFO    |comum.dados.repositorio_cache:__init__:77 - Utilizando SQLite local [C:\Users\btime\AppData\Local\Temp\detraf_epico4_teste_8mg4ch5c\TABELAS_DETRAF_TESTE.db]
2026-08-04 12:18:00.070 | INFO    |comum.dados.repositorio_cache:obter_tabela:169 - Carregando tabela [tbl_rpa_log_detraf_despesa_contestacao]
2026-08-04 12:18:00.071 | INFO    |comum.dados.repositorio_cache:obter_tabela:169 - Tabela [tbl_rpa_log_detraf_despesa_contestacao] carregada | Linhas: 2 | Colunas: 18
2026-08-04 12:18:00.075 | INFO    |comum.dados.repositorio_cache:__init__:77 - Inicializando conexão com o banco no ambiente [dev]
2026-08-04 12:18:00.075 | INFO    |comum.dados.repositorio_cache:__init__:77 - Utilizando SQLite local [C:\Users\btime\AppData\Local\Temp\detraf_epico4_teste_8mg4ch5c\TABELAS_DETRAF_TESTE.db]
2026-08-04 12:18:00.076 | INFO    |comum.dados.repositorio_cache:obter_tabela:169 - Carregando tabela [tbl_rpa_log_detraf_despesa_contestacao]
2026-08-04 12:18:00.078 | INFO    |comum.dados.repositorio_cache:obter_tabela:169 - Tabela [tbl_rpa_log_detraf_despesa_contestacao] carregada | Linhas: 2 | Colunas: 18
2026-08-04 12:18:00.080 | INFO    |test_contestacao_sinal:test_nao_encontrado_retorna_none:31 - Sinal de contestação não encontrado para [operadora=999, tbra=011, referencia=202507, trafego=202507, remuneracao=TU-RL] — tratado como sem contestação.
2026-08-04 12:18:00.082 | INFO    |comum.dados.repositorio_cache:__init__:77 - Inicializando conexão com o banco no ambiente [dev]
2026-08-04 12:18:00.082 | INFO    |comum.dados.repositorio_cache:__init__:77 - Utilizando SQLite local [C:\Users\btime\AppData\Local\Temp\detraf_epico4_teste_8mg4ch5c\TABELAS_DETRAF_TESTE.db]
2026-08-04 12:18:00.083 | INFO    |comum.dados.repositorio_cache:obter_tabela:169 - Carregando tabela [tbl_rpa_log_detraf_despesa_contestacao]
2026-08-04 12:18:00.085 | INFO    |comum.dados.repositorio_cache:obter_tabela:169 - Tabela [tbl_rpa_log_detraf_despesa_contestacao] carregada | Linhas: 2 | Colunas: 18
2026-08-04 12:18:00.087 | INFO    |test_contestacao_sinal:test_remuneracao_diferente_nao_encontra:42 - Sinal de contestação não encontrado para [operadora=021, tbra=011, referencia=202507, trafego=202507, remuneracao=OUTRA-REMUNERACAO] — tratado como sem contestação.
2026-08-04 12:18:00.089 | INFO    |comum.dados.repositorio_cache:__init__:77 - Inicializando conexão com o banco no ambiente [dev]
2026-08-04 12:18:00.089 | INFO    |comum.dados.repositorio_cache:__init__:77 - Utilizando SQLite local [C:\Users\btime\AppData\Local\Temp\detraf_epico4_teste_8mg4ch5c\TABELAS_DETRAF_TESTE.db]
2026-08-04 12:18:00.090 | INFO    |comum.dados.repositorio_cache:obter_tabela:169 - Carregando tabela [tbl_rpa_log_detraf_despesa_contestacao]
2026-08-04 12:18:00.092 | INFO    |comum.dados.repositorio_cache:obter_tabela:169 - Tabela [tbl_rpa_log_detraf_despesa_contestacao] carregada | Linhas: 2 | Colunas: 18
2026-08-04 12:18:00.096 | INFO    |test_encontro_contas:test_preparar_atualizacoes_vazio_retorna_vazio:56 - [STEP] Iniciando: preparar_atualizacoes_despesa_contestacao
2026-08-04 12:18:00.096 | INFO    |test_encontro_contas:test_preparar_atualizacoes_vazio_retorna_vazio:56 - [STEP] Finalizando: preparar_atualizacoes_despesa_contestacao | Tempo gasto: 0.0s
2026-08-04 12:18:00.097 | INFO    |test_encontro_contas:test_preparar_atualizacoes_inclui_todas_independente_de_contestacao_a_enviar:72 - [STEP] Iniciando: preparar_atualizacoes_despesa_contestacao
2026-08-04 12:18:00.098 | INFO    |comum.utils.decoradores:wrapper:22 - [HU-19 Despesa Contestação] 2 atualização(ões) preparada(s).
2026-08-04 12:18:00.098 | INFO    |test_encontro_contas:test_preparar_atualizacoes_inclui_todas_independente_de_contestacao_a_enviar:72 - [STEP] Finalizando: preparar_atualizacoes_despesa_contestacao | Tempo gasto: 0.0s
2026-08-04 12:18:00.100 | INFO    |test_encontro_contas:test_preparar_atualizacoes_monta_a_chave_da_linha:80 - [STEP] Iniciando: preparar_atualizacoes_despesa_contestacao
2026-08-04 12:18:00.101 | INFO    |comum.utils.decoradores:wrapper:22 - [HU-19 Despesa Contestação] 1 atualização(ões) preparada(s).
2026-08-04 12:18:00.101 | INFO    |test_encontro_contas:test_preparar_atualizacoes_monta_a_chave_da_linha:80 - [STEP] Finalizando: preparar_atualizacoes_despesa_contestacao | Tempo gasto: 0.0s
2026-08-04 12:18:00.102 | INFO    |test_encontro_contas:test_preparar_atualizacoes_vb_operadora_e_vb_diferenca_sempre_negativos:97 - [STEP] Iniciando: preparar_atualizacoes_despesa_contestacao
2026-08-04 12:18:00.103 | INFO    |comum.utils.decoradores:wrapper:22 - [HU-19 Despesa Contestação] 2 atualização(ões) preparada(s).
2026-08-04 12:18:00.103 | INFO    |test_encontro_contas:test_preparar_atualizacoes_vb_operadora_e_vb_diferenca_sempre_negativos:97 - [STEP] Finalizando: preparar_atualizacoes_despesa_contestacao | Tempo gasto: 0.0s
2026-08-04 12:18:00.104 | INFO    |test_encontro_contas:test_preparar_atualizacoes_nao_escreve_campos_de_outras_hus:112 - [STEP] Iniciando: preparar_atualizacoes_despesa_contestacao
2026-08-04 12:18:00.105 | INFO    |comum.utils.decoradores:wrapper:22 - [HU-19 Despesa Contestação] 1 atualização(ões) preparada(s).
2026-08-04 12:18:00.105 | INFO    |test_encontro_contas:test_preparar_atualizacoes_nao_escreve_campos_de_outras_hus:112 - [STEP] Finalizando: preparar_atualizacoes_despesa_contestacao | Tempo gasto: 0.0s
2026-08-04 12:18:00.106 | INFO    |test_encontro_contas:test_preparar_atualizacoes_atualiza_exatamente_os_seis_campos_da_v2:128 - [STEP] Iniciando: preparar_atualizacoes_despesa_contestacao
2026-08-04 12:18:00.107 | INFO    |comum.utils.decoradores:wrapper:22 - [HU-19 Despesa Contestação] 1 atualização(ões) preparada(s).
2026-08-04 12:18:00.107 | INFO    |test_encontro_contas:test_preparar_atualizacoes_atualiza_exatamente_os_seis_campos_da_v2:128 - [STEP] Finalizando: preparar_atualizacoes_despesa_contestacao | Tempo gasto: 0.0s
2026-08-04 12:18:00.114 | WARNING |test_envio_email_contestacao:test_pasta_inexistente_devolve_nada_sem_levantar:70 - [HU-15] Pasta de contestações não encontrada para OPERADORA_SEM_PASTA/202507: [C:\Users\btime\AppData\Local\Temp\pytest-of-btime\pytest-288\test_pasta_inexistente_devolve0\Operadoras\OPERADORA_SEM_PASTA\2025\202507\Contestações].
2026-08-04 12:18:00.118 | WARNING |test_envio_email_contestacao:test_env_de_outro_mes_nao_e_confundido:81 - [HU-15] Arquivo _ENV não encontrado: [C:\Users\btime\AppData\Local\Temp\pytest-of-btime\pytest-288\test_env_de_outro_mes_nao_e_co0\Operadoras\CLARO\2025\202507\Contestações\Base Contestação_CLARO_202507_ENV.xlsx].
2026-08-04 12:18:00.118 | WARNING |test_envio_email_contestacao:test_env_de_outro_mes_nao_e_confundido:81 - [HU-15] Carta CT não encontrada em [C:\Users\btime\AppData\Local\Temp\pytest-of-btime\pytest-288\test_env_de_outro_mes_nao_e_co0\Operadoras\CLARO\2025\202507\Contestações].
2026-08-04 12:18:00.122 | WARNING |test_envio_email_contestacao:test_duas_cartas_usa_a_mais_recente:98 - [HU-15] 2 cartas em [C:\Users\btime\AppData\Local\Temp\pytest-of-btime\pytest-288\test_duas_cartas_usa_a_mais_re0\Operadoras\CLARO\2025\202507\Contestações] para CLARO/202507 — usando a mais recente: [CT - 364.docx].
2026-08-04 12:18:00.123 | WARNING |test_envio_email_contestacao:test_destinatarios_bloqueado_na_q16:107 - [HU-15] Contatos de 'CLARO' indisponíveis: a tabela de contatos do WebFat ainda não foi informada pelo cliente (pendência Q16).
2026-08-04 12:18:00.124 | WARNING |test_envio_email_contestacao:test_busca_de_sinalizadas_nao_devolve_nada_sem_controle_de_reenvio:110 - [HU-15] Busca de contestações sinalizadas ainda não ligada: falta a coluna que marca o e-mail como enviado, sem a qual não há proteção contra reenvio.
2026-08-04 12:18:00.128 | INFO    |test_envio_email_contestacao:test_sem_destinatario_nao_envia_e_acusa:122 - [STEP] Iniciando: enviar_contestacao
2026-08-04 12:18:00.128 | WARNING |src.services.envio_email_contestacao:enviar_contestacao:192 - [HU-15] Contatos de 'CLARO' indisponíveis: a tabela de contatos do WebFat ainda não foi informada pelo cliente (pendência Q16).
2026-08-04 12:18:00.128 | INFO    |test_envio_email_contestacao:test_sem_destinatario_nao_envia_e_acusa:122 - [STEP] Finalizando: enviar_contestacao | Tempo gasto: 0.0s
2026-08-04 12:18:00.131 | INFO    |test_envio_email_contestacao:test_falta_de_anexo_e_nomeada_no_erro:133 - [STEP] Iniciando: enviar_contestacao
2026-08-04 12:18:00.132 | WARNING |src.services.envio_email_contestacao:enviar_contestacao:193 - [HU-15] Arquivo _ENV não encontrado: [C:\Users\btime\AppData\Local\Temp\pytest-of-btime\pytest-288\test_falta_de_anexo_e_nomeada_0\Operadoras\CLARO\2025\202507\Contestações\Base Contestação_CLARO_202507_ENV.xlsx].
2026-08-04 12:18:00.132 | WARNING |src.services.envio_email_contestacao:enviar_contestacao:193 - [HU-15] Carta CT não encontrada em [C:\Users\btime\AppData\Local\Temp\pytest-of-btime\pytest-288\test_falta_de_anexo_e_nomeada_0\Operadoras\CLARO\2025\202507\Contestações].
2026-08-04 12:18:00.132 | INFO    |test_envio_email_contestacao:test_falta_de_anexo_e_nomeada_no_erro:133 - [STEP] Finalizando: enviar_contestacao | Tempo gasto: 0.0s
2026-08-04 12:18:00.135 | INFO    |test_envio_email_contestacao:test_kill_switch_desligado_monta_e_nao_envia:144 - [STEP] Iniciando: enviar_contestacao
2026-08-04 12:18:00.136 | INFO    |comum.utils.decoradores:wrapper:22 - [MODO SEGURO] PERMITIR_ENVIO_EMAIL=false — e-mail montado e não enviado: 'CONTESTAÇÃO_TBRA|CLARO_202507' para ['op@exemplo.com'], anexos [CT - 363.docx, Base Contestação_CLARO_202507_ENV.xlsx].
2026-08-04 12:18:00.136 | INFO    |test_envio_email_contestacao:test_kill_switch_desligado_monta_e_nao_envia:144 - [STEP] Finalizando: enviar_contestacao | Tempo gasto: 0.0s
2026-08-04 12:18:00.139 | INFO    |test_envio_email_contestacao:test_com_tudo_pronto_envia_carta_e_env:155 - [STEP] Iniciando: enviar_contestacao
2026-08-04 12:18:00.139 | INFO    |comum.utils.decoradores:wrapper:22 - [HU-15] Contestação de CLARO/202507 enviada para ['op@exemplo.com'].
2026-08-04 12:18:00.140 | INFO    |test_envio_email_contestacao:test_com_tudo_pronto_envia_carta_e_env:155 - [STEP] Finalizando: enviar_contestacao | Tempo gasto: 0.0s
2026-08-04 12:18:00.153 | INFO    |comum.dados.repositorio_cache:__init__:77 - Inicializando conexão com o banco no ambiente [dev]
2026-08-04 12:18:00.154 | INFO    |comum.dados.repositorio_cache:__init__:77 - Utilizando SQLite local [C:\Users\btime\AppData\Local\Temp\detraf_epico4_teste_8mg4ch5c\TABELAS_DETRAF_TESTE.db]
2026-08-04 12:18:00.156 | INFO    |test_geracao_agi_controller:test_gerar_cont_proc_grava_arquivo_e_regrava_o_sinal:50 - [STEP] Iniciando: GeracaoAgiController.gerar_cont_proc
2026-08-04 12:18:00.156 | INFO    |src.controllers.geracao_agi_controller:gerar_cont_proc:54 - [STEP] Iniciando: montar_linhas_cont_proc
2026-08-04 12:18:00.156 | INFO    |src.services.geracao_cont_proc:montar_linhas_cont_proc:195 - [STEP] Iniciando: selecionar_linhas_contestadas
2026-08-04 12:18:00.157 | INFO    |comum.dados.repositorio_cache:obter_tabela:169 - Carregando tabela [tbl_rpa_log_detraf_despesa_contestacao]
2026-08-04 12:18:00.159 | INFO    |comum.dados.repositorio_cache:obter_tabela:169 - Tabela [tbl_rpa_log_detraf_despesa_contestacao] carregada | Linhas: 2 | Colunas: 18
2026-08-04 12:18:00.161 | INFO    |comum.utils.decoradores:wrapper:22 - [HU-16 CONT_PROC] 1 linha(s) contestada(s).
2026-08-04 12:18:00.162 | INFO    |src.services.geracao_cont_proc:montar_linhas_cont_proc:195 - [STEP] Finalizando: selecionar_linhas_contestadas | Tempo gasto: 0.01s
2026-08-04 12:18:00.163 | INFO    |comum.utils.decoradores:wrapper:22 - [HU-16 CONT_PROC] 1 linha(s) montada(s) (T-100+T-101 completos).
2026-08-04 12:18:00.163 | INFO    |src.controllers.geracao_agi_controller:gerar_cont_proc:54 - [STEP] Finalizando: montar_linhas_cont_proc | Tempo gasto: 0.01s
2026-08-04 12:18:00.163 | INFO    |src.controllers.geracao_agi_controller:gerar_cont_proc:60 - [STEP] Iniciando: gerar_arquivo_cont_proc
2026-08-04 12:18:00.274 | INFO    |comum.utils.decoradores:wrapper:22 - [HU-16 CONT_PROC] Arquivo gravado em [C:\Users\btime\AppData\Local\Temp\pytest-of-btime\pytest-288\test_gerar_cont_proc_grava_arq0\Claro\2025\202507\AGI\CONT_PROC_MASCARA_Claro_202507.xlsx].
2026-08-04 12:18:00.275 | INFO    |src.controllers.geracao_agi_controller:gerar_cont_proc:60 - [STEP] Finalizando: gerar_arquivo_cont_proc | Tempo gasto: 0.11s
2026-08-04 12:18:00.275 | INFO    |src.controllers.geracao_agi_controller:gerar_cont_proc:70 - [STEP] Iniciando: selecionar_linhas_contestadas
2026-08-04 12:18:00.278 | INFO    |comum.utils.decoradores:wrapper:22 - [HU-16 CONT_PROC] 1 linha(s) contestada(s).
2026-08-04 12:18:00.278 | INFO    |src.controllers.geracao_agi_controller:gerar_cont_proc:70 - [STEP] Finalizando: selecionar_linhas_contestadas | Tempo gasto: 0.0s
2026-08-04 12:18:00.281 | INFO    |comum.dados.repositorio_tabelas:_atualizar_contestacao_em_lote:864 - 1 linha(s) atualizada(s) em [tbl_rpa_log_detraf_despesa_contestacao].
2026-08-04 12:18:00.282 | INFO    |comum.dados.repositorio_cache:recarregar_cache_local:330 - Carregando tabela [tbl_rpa_log_detraf_despesa_contestacao]
2026-08-04 12:18:00.283 | INFO    |comum.dados.repositorio_cache:recarregar_cache_local:330 - Tabela [tbl_rpa_log_detraf_despesa_contestacao] carregada | Linhas: 2 | Colunas: 18
2026-08-04 12:18:00.283 | INFO    |comum.dados.repositorio_tabelas:atualizar_tipo_contestacao:930 - [HU-16 Writeback tipo_contestacao] 1 linha(s) atualizada(s), 0 chave(s) ausente(s).
2026-08-04 12:18:00.283 | INFO    |test_geracao_agi_controller:test_gerar_cont_proc_grava_arquivo_e_regrava_o_sinal:50 - [STEP] Finalizando: GeracaoAgiController.gerar_cont_proc | Tempo gasto: 0.13s
2026-08-04 12:18:00.287 | INFO    |comum.dados.repositorio_cache:__init__:77 - Inicializando conexão com o banco no ambiente [dev]
2026-08-04 12:18:00.288 | INFO    |comum.dados.repositorio_cache:__init__:77 - Utilizando SQLite local [C:\Users\btime\AppData\Local\Temp\detraf_epico4_teste_8mg4ch5c\TABELAS_DETRAF_TESTE.db]
2026-08-04 12:18:00.290 | INFO    |test_geracao_agi_controller:test_gerar_cont_proc_sem_contestacao_nao_gera_nem_regrava:67 - [STEP] Iniciando: GeracaoAgiController.gerar_cont_proc
2026-08-04 12:18:00.290 | INFO    |src.controllers.geracao_agi_controller:gerar_cont_proc:54 - [STEP] Iniciando: montar_linhas_cont_proc
2026-08-04 12:18:00.290 | INFO    |src.services.geracao_cont_proc:montar_linhas_cont_proc:195 - [STEP] Iniciando: selecionar_linhas_contestadas
2026-08-04 12:18:00.291 | INFO    |comum.dados.repositorio_cache:obter_tabela:169 - Carregando tabela [tbl_rpa_log_detraf_despesa_contestacao]
2026-08-04 12:18:00.293 | INFO    |comum.dados.repositorio_cache:obter_tabela:169 - Tabela [tbl_rpa_log_detraf_despesa_contestacao] carregada | Linhas: 2 | Colunas: 18
2026-08-04 12:18:00.294 | INFO    |src.services.geracao_cont_proc:selecionar_linhas_contestadas:115 - Sinal de contestação não encontrado para [operadora=999, tbra=011, referencia=202507, trafego=202507, remuneracao=TU-COM] — tratado como sem contestação.
2026-08-04 12:18:00.295 | INFO    |comum.utils.decoradores:wrapper:22 - [HU-16 CONT_PROC] Nenhuma combinação com sinal do analista (todas 'sem contestação' apesar da variação).
2026-08-04 12:18:00.296 | INFO    |src.services.geracao_cont_proc:montar_linhas_cont_proc:195 - [STEP] Finalizando: selecionar_linhas_contestadas | Tempo gasto: 0.01s
2026-08-04 12:18:00.296 | INFO    |src.controllers.geracao_agi_controller:gerar_cont_proc:54 - [STEP] Finalizando: montar_linhas_cont_proc | Tempo gasto: 0.01s
2026-08-04 12:18:00.297 | INFO    |src.controllers.geracao_agi_controller:gerar_cont_proc:60 - [STEP] Iniciando: gerar_arquivo_cont_proc
2026-08-04 12:18:00.297 | INFO    |comum.utils.decoradores:wrapper:22 - [HU-16 CONT_PROC] Nada a gravar (nenhuma linha a contestar).
2026-08-04 12:18:00.297 | INFO    |src.controllers.geracao_agi_controller:gerar_cont_proc:60 - [STEP] Finalizando: gerar_arquivo_cont_proc | Tempo gasto: 0.0s
2026-08-04 12:18:00.297 | INFO    |test_geracao_agi_controller:test_gerar_cont_proc_sem_contestacao_nao_gera_nem_regrava:67 - [STEP] Finalizando: GeracaoAgiController.gerar_cont_proc | Tempo gasto: 0.01s
2026-08-04 12:18:00.300 | INFO    |comum.dados.repositorio_cache:__init__:77 - Inicializando conexão com o banco no ambiente [dev]
2026-08-04 12:18:00.300 | INFO    |comum.dados.repositorio_cache:__init__:77 - Utilizando SQLite local [C:\Users\btime\AppData\Local\Temp\detraf_epico4_teste_8mg4ch5c\TABELAS_DETRAF_TESTE.db]
2026-08-04 12:18:00.301 | INFO    |test_geracao_agi_controller:test_atualizar_despesa_contestacao_delega_e_devolve_o_resumo:78 - [STEP] Iniciando: GeracaoAgiController.atualizar_despesa_contestacao
2026-08-04 12:18:00.301 | INFO    |src.controllers.geracao_agi_controller:atualizar_despesa_contestacao:90 - [STEP] Iniciando: preparar_atualizacoes_despesa_contestacao
2026-08-04 12:18:00.302 | INFO    |comum.utils.decoradores:wrapper:22 - [HU-19 Despesa Contestação] 1 atualização(ões) preparada(s).
2026-08-04 12:18:00.302 | INFO    |src.controllers.geracao_agi_controller:atualizar_despesa_contestacao:90 - [STEP] Finalizando: preparar_atualizacoes_despesa_contestacao | Tempo gasto: 0.0s
2026-08-04 12:18:00.303 | INFO    |comum.dados.repositorio_cache:obter_tabela:169 - Carregando tabela [tbl_rpa_log_detraf_despesa_contestacao]
2026-08-04 12:18:00.304 | INFO    |comum.dados.repositorio_cache:obter_tabela:169 - Tabela [tbl_rpa_log_detraf_despesa_contestacao] carregada | Linhas: 2 | Colunas: 18
2026-08-04 12:18:00.310 | INFO    |comum.dados.repositorio_tabelas:_atualizar_contestacao_em_lote:864 - 1 linha(s) atualizada(s) em [tbl_rpa_log_detraf_despesa_contestacao].
2026-08-04 12:18:00.310 | INFO    |comum.dados.repositorio_cache:recarregar_cache_local:330 - Carregando tabela [tbl_rpa_log_detraf_despesa_contestacao]
2026-08-04 12:18:00.312 | INFO    |comum.dados.repositorio_cache:recarregar_cache_local:330 - Tabela [tbl_rpa_log_detraf_despesa_contestacao] carregada | Linhas: 2 | Colunas: 18
2026-08-04 12:18:00.312 | INFO    |comum.dados.repositorio_tabelas:atualizar_despesa_contestacao:903 - [HU-19 Despesa Contestação] 1 linha(s) atualizada(s), 0 chave(s) ausente(s).
2026-08-04 12:18:00.312 | INFO    |test_geracao_agi_controller:test_atualizar_despesa_contestacao_delega_e_devolve_o_resumo:78 - [STEP] Finalizando: GeracaoAgiController.atualizar_despesa_contestacao | Tempo gasto: 0.01s
2026-08-04 12:18:00.315 | INFO    |test_geracao_cont_proc:test_df_vazio_retorna_vazio:48 - [STEP] Iniciando: montar_linhas_cont_proc
2026-08-04 12:18:00.315 | INFO    |src.services.geracao_cont_proc:montar_linhas_cont_proc:195 - [STEP] Iniciando: selecionar_linhas_contestadas
2026-08-04 12:18:00.315 | INFO    |src.services.geracao_cont_proc:montar_linhas_cont_proc:195 - [STEP] Finalizando: selecionar_linhas_contestadas | Tempo gasto: 0.0s
2026-08-04 12:18:00.315 | INFO    |test_geracao_cont_proc:test_df_vazio_retorna_vazio:48 - [STEP] Finalizando: montar_linhas_cont_proc | Tempo gasto: 0.0s
2026-08-04 12:18:00.317 | INFO    |test_geracao_cont_proc:test_exclui_linhas_sem_contestacao_a_enviar:56 - [STEP] Iniciando: montar_linhas_cont_proc
2026-08-04 12:18:00.317 | INFO    |src.services.geracao_cont_proc:montar_linhas_cont_proc:195 - [STEP] Iniciando: selecionar_linhas_contestadas
2026-08-04 12:18:00.317 | INFO    |comum.utils.decoradores:wrapper:22 - [HU-16 CONT_PROC] Nenhuma combinação com 'contestacao_a_enviar'=S.
2026-08-04 12:18:00.318 | INFO    |src.services.geracao_cont_proc:montar_linhas_cont_proc:195 - [STEP] Finalizando: selecionar_linhas_contestadas | Tempo gasto: 0.0s
2026-08-04 12:18:00.318 | INFO    |test_geracao_cont_proc:test_exclui_linhas_sem_contestacao_a_enviar:56 - [STEP] Finalizando: montar_linhas_cont_proc | Tempo gasto: 0.0s
2026-08-04 12:18:00.319 | INFO    |test_geracao_cont_proc:test_exclui_linha_com_flag_s_mas_sem_sinal_do_analista:65 - [STEP] Iniciando: montar_linhas_cont_proc
2026-08-04 12:18:00.319 | INFO    |src.services.geracao_cont_proc:montar_linhas_cont_proc:195 - [STEP] Iniciando: selecionar_linhas_contestadas
2026-08-04 12:18:00.321 | INFO    |comum.utils.decoradores:wrapper:22 - [HU-16 CONT_PROC] Nenhuma combinação com sinal do analista (todas 'sem contestação' apesar da variação).
2026-08-04 12:18:00.321 | INFO    |src.services.geracao_cont_proc:montar_linhas_cont_proc:195 - [STEP] Finalizando: selecionar_linhas_contestadas | Tempo gasto: 0.0s
2026-08-04 12:18:00.321 | INFO    |test_geracao_cont_proc:test_exclui_linha_com_flag_s_mas_sem_sinal_do_analista:65 - [STEP] Finalizando: montar_linhas_cont_proc | Tempo gasto: 0.0s
2026-08-04 12:18:00.322 | INFO    |test_geracao_cont_proc:test_flag_pag_rec_com_retencao:73 - [STEP] Iniciando: montar_linhas_cont_proc
2026-08-04 12:18:00.323 | INFO    |src.services.geracao_cont_proc:montar_linhas_cont_proc:195 - [STEP] Iniciando: selecionar_linhas_contestadas
2026-08-04 12:18:00.324 | INFO    |comum.utils.decoradores:wrapper:22 - [HU-16 CONT_PROC] 1 linha(s) contestada(s).
2026-08-04 12:18:00.324 | INFO    |src.services.geracao_cont_proc:montar_linhas_cont_proc:195 - [STEP] Finalizando: selecionar_linhas_contestadas | Tempo gasto: 0.0s
2026-08-04 12:18:00.325 | INFO    |comum.utils.decoradores:wrapper:22 - [HU-16 CONT_PROC] 1 linha(s) montada(s) (T-100+T-101 completos).
2026-08-04 12:18:00.325 | INFO    |test_geracao_cont_proc:test_flag_pag_rec_com_retencao:73 - [STEP] Finalizando: montar_linhas_cont_proc | Tempo gasto: 0.0s
2026-08-04 12:18:00.327 | INFO    |test_geracao_cont_proc:test_flag_pag_rec_sem_retencao:89 - [STEP] Iniciando: montar_linhas_cont_proc
2026-08-04 12:18:00.327 | INFO    |src.services.geracao_cont_proc:montar_linhas_cont_proc:195 - [STEP] Iniciando: selecionar_linhas_contestadas
2026-08-04 12:18:00.329 | INFO    |comum.utils.decoradores:wrapper:22 - [HU-16 CONT_PROC] 1 linha(s) contestada(s).
2026-08-04 12:18:00.329 | INFO    |src.services.geracao_cont_proc:montar_linhas_cont_proc:195 - [STEP] Finalizando: selecionar_linhas_contestadas | Tempo gasto: 0.0s
2026-08-04 12:18:00.330 | INFO    |comum.utils.decoradores:wrapper:22 - [HU-16 CONT_PROC] 1 linha(s) montada(s) (T-100+T-101 completos).
2026-08-04 12:18:00.330 | INFO    |test_geracao_cont_proc:test_flag_pag_rec_sem_retencao:89 - [STEP] Finalizando: montar_linhas_cont_proc | Tempo gasto: 0.0s
2026-08-04 12:18:00.331 | INFO    |test_geracao_cont_proc:test_multiplas_linhas_mistas:105 - [STEP] Iniciando: montar_linhas_cont_proc
2026-08-04 12:18:00.331 | INFO    |src.services.geracao_cont_proc:montar_linhas_cont_proc:195 - [STEP] Iniciando: selecionar_linhas_contestadas
2026-08-04 12:18:00.333 | INFO    |comum.utils.decoradores:wrapper:22 - [HU-16 CONT_PROC] 1 linha(s) contestada(s).
2026-08-04 12:18:00.333 | INFO    |src.services.geracao_cont_proc:montar_linhas_cont_proc:195 - [STEP] Finalizando: selecionar_linhas_contestadas | Tempo gasto: 0.0s
2026-08-04 12:18:00.334 | INFO    |comum.utils.decoradores:wrapper:22 - [HU-16 CONT_PROC] 1 linha(s) montada(s) (T-100+T-101 completos).
2026-08-04 12:18:00.334 | INFO    |test_geracao_cont_proc:test_multiplas_linhas_mistas:105 - [STEP] Finalizando: montar_linhas_cont_proc | Tempo gasto: 0.0s
2026-08-04 12:18:00.335 | INFO    |test_geracao_cont_proc:test_duracao_e_vlr_bruto_sao_negativos_da_diferenca:120 - [STEP] Iniciando: montar_linhas_cont_proc
2026-08-04 12:18:00.335 | INFO    |src.services.geracao_cont_proc:montar_linhas_cont_proc:195 - [STEP] Iniciando: selecionar_linhas_contestadas
2026-08-04 12:18:00.337 | INFO    |comum.utils.decoradores:wrapper:22 - [HU-16 CONT_PROC] 1 linha(s) contestada(s).
2026-08-04 12:18:00.337 | INFO    |src.services.geracao_cont_proc:montar_linhas_cont_proc:195 - [STEP] Finalizando: selecionar_linhas_contestadas | Tempo gasto: 0.0s
2026-08-04 12:18:00.338 | INFO    |comum.utils.decoradores:wrapper:22 - [HU-16 CONT_PROC] 1 linha(s) montada(s) (T-100+T-101 completos).
2026-08-04 12:18:00.338 | INFO    |test_geracao_cont_proc:test_duracao_e_vlr_bruto_sao_negativos_da_diferenca:120 - [STEP] Finalizando: montar_linhas_cont_proc | Tempo gasto: 0.0s
2026-08-04 12:18:00.339 | INFO    |test_geracao_cont_proc:test_remuneracao_fixa_vem_do_contest:131 - [STEP] Iniciando: montar_linhas_cont_proc
2026-08-04 12:18:00.339 | INFO    |src.services.geracao_cont_proc:montar_linhas_cont_proc:195 - [STEP] Iniciando: selecionar_linhas_contestadas
2026-08-04 12:18:00.340 | INFO    |comum.utils.decoradores:wrapper:22 - [HU-16 CONT_PROC] 1 linha(s) contestada(s).
2026-08-04 12:18:00.340 | INFO    |src.services.geracao_cont_proc:montar_linhas_cont_proc:195 - [STEP] Finalizando: selecionar_linhas_contestadas | Tempo gasto: 0.0s
2026-08-04 12:18:00.341 | INFO    |comum.utils.decoradores:wrapper:22 - [HU-16 CONT_PROC] 1 linha(s) montada(s) (T-100+T-101 completos).
2026-08-04 12:18:00.341 | INFO    |test_geracao_cont_proc:test_remuneracao_fixa_vem_do_contest:131 - [STEP] Finalizando: montar_linhas_cont_proc | Tempo gasto: 0.0s
2026-08-04 12:18:00.343 | INFO    |test_geracao_cont_proc:test_id_modalidade_e_sempre_00:142 - [STEP] Iniciando: montar_linhas_cont_proc
2026-08-04 12:18:00.344 | INFO    |src.services.geracao_cont_proc:montar_linhas_cont_proc:195 - [STEP] Iniciando: selecionar_linhas_contestadas
2026-08-04 12:18:00.345 | INFO    |comum.utils.decoradores:wrapper:22 - [HU-16 CONT_PROC] 1 linha(s) contestada(s).
2026-08-04 12:18:00.345 | INFO    |src.services.geracao_cont_proc:montar_linhas_cont_proc:195 - [STEP] Finalizando: selecionar_linhas_contestadas | Tempo gasto: 0.0s
2026-08-04 12:18:00.346 | INFO    |comum.utils.decoradores:wrapper:22 - [HU-16 CONT_PROC] 1 linha(s) montada(s) (T-100+T-101 completos).
2026-08-04 12:18:00.346 | INFO    |test_geracao_cont_proc:test_id_modalidade_e_sempre_00:142 - [STEP] Finalizando: montar_linhas_cont_proc | Tempo gasto: 0.0s
2026-08-04 12:18:00.348 | INFO    |test_geracao_cont_proc:test_gerar_arquivo_nao_grava_quando_vazio:151 - [STEP] Iniciando: gerar_arquivo_cont_proc
2026-08-04 12:18:00.349 | INFO    |comum.utils.decoradores:wrapper:22 - [HU-16 CONT_PROC] Nada a gravar (nenhuma linha a contestar).
2026-08-04 12:18:00.349 | INFO    |test_geracao_cont_proc:test_gerar_arquivo_nao_grava_quando_vazio:151 - [STEP] Finalizando: gerar_arquivo_cont_proc | Tempo gasto: 0.0s
2026-08-04 12:18:00.351 | INFO    |test_geracao_cont_proc:test_gerar_arquivo_grava_no_caminho_e_nome_corretos:161 - [STEP] Iniciando: montar_linhas_cont_proc
2026-08-04 12:18:00.351 | INFO    |src.services.geracao_cont_proc:montar_linhas_cont_proc:195 - [STEP] Iniciando: selecionar_linhas_contestadas
2026-08-04 12:18:00.353 | INFO    |comum.utils.decoradores:wrapper:22 - [HU-16 CONT_PROC] 1 linha(s) contestada(s).
2026-08-04 12:18:00.353 | INFO    |src.services.geracao_cont_proc:montar_linhas_cont_proc:195 - [STEP] Finalizando: selecionar_linhas_contestadas | Tempo gasto: 0.0s
2026-08-04 12:18:00.354 | INFO    |comum.utils.decoradores:wrapper:22 - [HU-16 CONT_PROC] 1 linha(s) montada(s) (T-100+T-101 completos).
2026-08-04 12:18:00.354 | INFO    |test_geracao_cont_proc:test_gerar_arquivo_grava_no_caminho_e_nome_corretos:161 - [STEP] Finalizando: montar_linhas_cont_proc | Tempo gasto: 0.0s
2026-08-04 12:18:00.354 | INFO    |test_geracao_cont_proc:test_gerar_arquivo_grava_no_caminho_e_nome_corretos:163 - [STEP] Iniciando: gerar_arquivo_cont_proc
2026-08-04 12:18:00.361 | INFO    |comum.utils.decoradores:wrapper:22 - [HU-16 CONT_PROC] Arquivo gravado em [C:\Users\btime\AppData\Local\Temp\pytest-of-btime\pytest-288\test_gerar_arquivo_grava_no_ca0\Claro\2025\202507\AGI\CONT_PROC_MASCARA_Claro_202507.xlsx].
2026-08-04 12:18:00.361 | INFO    |test_geracao_cont_proc:test_gerar_arquivo_grava_no_caminho_e_nome_corretos:163 - [STEP] Finalizando: gerar_arquivo_cont_proc | Tempo gasto: 0.01s
2026-08-04 12:18:00.363 | INFO    |test_geracao_cont_proc:test_gate_df_vazio_retorna_vazio_com_o_schema_da_chave:187 - [STEP] Iniciando: selecionar_linhas_contestadas
2026-08-04 12:18:00.363 | INFO    |test_geracao_cont_proc:test_gate_df_vazio_retorna_vazio_com_o_schema_da_chave:187 - [STEP] Finalizando: selecionar_linhas_contestadas | Tempo gasto: 0.0s
2026-08-04 12:18:00.364 | INFO    |test_geracao_cont_proc:test_gate_cenario_sem_contestacao_exclui_linha:199 - [STEP] Iniciando: selecionar_linhas_contestadas
2026-08-04 12:18:00.365 | INFO    |comum.utils.decoradores:wrapper:22 - [HU-16 CONT_PROC] Nenhuma combinação com 'contestacao_a_enviar'=S.
2026-08-04 12:18:00.365 | INFO    |test_geracao_cont_proc:test_gate_cenario_sem_contestacao_exclui_linha:199 - [STEP] Finalizando: selecionar_linhas_contestadas | Tempo gasto: 0.0s
2026-08-04 12:18:00.366 | INFO    |test_geracao_cont_proc:test_gate_flag_s_sem_sinal_do_analista_exclui_linha:207 - [STEP] Iniciando: selecionar_linhas_contestadas
2026-08-04 12:18:00.368 | INFO    |comum.utils.decoradores:wrapper:22 - [HU-16 CONT_PROC] Nenhuma combinação com sinal do analista (todas 'sem contestação' apesar da variação).
2026-08-04 12:18:00.368 | INFO    |test_geracao_cont_proc:test_gate_flag_s_sem_sinal_do_analista_exclui_linha:207 - [STEP] Finalizando: selecionar_linhas_contestadas | Tempo gasto: 0.0s
2026-08-04 12:18:00.369 | INFO    |test_geracao_cont_proc:test_gate_cenarios_sem_e_com_retencao_selecionam_a_linha:215 - [STEP] Iniciando: selecionar_linhas_contestadas
2026-08-04 12:18:00.371 | INFO    |comum.utils.decoradores:wrapper:22 - [HU-16 CONT_PROC] 1 linha(s) contestada(s).
2026-08-04 12:18:00.371 | INFO    |test_geracao_cont_proc:test_gate_cenarios_sem_e_com_retencao_selecionam_a_linha:215 - [STEP] Finalizando: selecionar_linhas_contestadas | Tempo gasto: 0.0s
2026-08-04 12:18:00.372 | INFO    |test_geracao_cont_proc:test_gate_cenarios_sem_e_com_retencao_selecionam_a_linha:215 - [STEP] Iniciando: selecionar_linhas_contestadas
2026-08-04 12:18:00.373 | INFO    |comum.utils.decoradores:wrapper:22 - [HU-16 CONT_PROC] 1 linha(s) contestada(s).
2026-08-04 12:18:00.374 | INFO    |test_geracao_cont_proc:test_gate_cenarios_sem_e_com_retencao_selecionam_a_linha:215 - [STEP] Finalizando: selecionar_linhas_contestadas | Tempo gasto: 0.0s
2026-08-04 12:18:00.375 | INFO    |test_geracao_cont_proc:test_gate_preserva_o_indice_do_contest:239 - [STEP] Iniciando: selecionar_linhas_contestadas
2026-08-04 12:18:00.377 | INFO    |comum.utils.decoradores:wrapper:22 - [HU-16 CONT_PROC] 1 linha(s) contestada(s).
2026-08-04 12:18:00.377 | INFO    |test_geracao_cont_proc:test_gate_preserva_o_indice_do_contest:239 - [STEP] Finalizando: selecionar_linhas_contestadas | Tempo gasto: 0.0s
2026-08-04 12:18:00.378 | INFO    |test_geracao_cont_proc:test_gate_consulta_o_sinal_uma_vez_por_chave_unica:269 - [STEP] Iniciando: selecionar_linhas_contestadas
2026-08-04 12:18:00.379 | INFO    |comum.utils.decoradores:wrapper:22 - [HU-16 CONT_PROC] 3 linha(s) contestada(s).
2026-08-04 12:18:00.380 | INFO    |test_geracao_cont_proc:test_gate_consulta_o_sinal_uma_vez_por_chave_unica:269 - [STEP] Finalizando: selecionar_linhas_contestadas | Tempo gasto: 0.0s
2026-08-04 12:18:00.382 | INFO    |test_geracao_env_carta:test_pasta_inexistente_levanta_erro:31 - [STEP] Iniciando: obter_proximo_numero_carta
2026-08-04 12:18:00.382 | INFO    |test_geracao_env_carta:test_pasta_inexistente_levanta_erro:31 - [STEP] Finalizando: obter_proximo_numero_carta | Tempo gasto: 0.0s
2026-08-04 12:18:00.384 | INFO    |test_geracao_env_carta:test_pasta_vazia_levanta_erro:39 - [STEP] Iniciando: obter_proximo_numero_carta
2026-08-04 12:18:00.385 | INFO    |test_geracao_env_carta:test_pasta_vazia_levanta_erro:39 - [STEP] Finalizando: obter_proximo_numero_carta | Tempo gasto: 0.0s
2026-08-04 12:18:00.387 | INFO    |test_geracao_env_carta:test_pasta_sem_carta_reconhecivel_levanta_erro:50 - [STEP] Iniciando: obter_proximo_numero_carta
2026-08-04 12:18:00.388 | INFO    |test_geracao_env_carta:test_pasta_sem_carta_reconhecivel_levanta_erro:50 - [STEP] Finalizando: obter_proximo_numero_carta | Tempo gasto: 0.0s
2026-08-04 12:18:00.390 | INFO    |test_geracao_env_carta:test_pasta_vazia_com_numero_inicial_configurado:65 - [STEP] Iniciando: obter_proximo_numero_carta
2026-08-04 12:18:00.390 | WARNING |comum.utils.decoradores:wrapper:22 - [HU-14] Nenhuma carta CT em [C:\Users\btime\AppData\Local\Temp\pytest-of-btime\pytest-288\test_pasta_vazia_com_numero_in0\CT\2026] — iniciando a sequência em 500 (CT_NUMERO_INICIAL).
2026-08-04 12:18:00.390 | INFO    |test_geracao_env_carta:test_pasta_vazia_com_numero_inicial_configurado:65 - [STEP] Finalizando: obter_proximo_numero_carta | Tempo gasto: 0.0s
2026-08-04 12:18:00.394 | INFO    |test_geracao_env_carta:test_numero_inicial_nao_sobrepoe_sequencia_existente:78 - [STEP] Iniciando: obter_proximo_numero_carta
2026-08-04 12:18:00.394 | INFO    |comum.utils.decoradores:wrapper:22 - [HU-14] Último número CT encontrado: 362. Próximo: 363.
2026-08-04 12:18:00.394 | INFO    |test_geracao_env_carta:test_numero_inicial_nao_sobrepoe_sequencia_existente:78 - [STEP] Finalizando: obter_proximo_numero_carta | Tempo gasto: 0.0s
2026-08-04 12:18:00.397 | INFO    |test_geracao_env_carta:test_encontra_maior_numero_e_soma_um:87 - [STEP] Iniciando: obter_proximo_numero_carta
2026-08-04 12:18:00.397 | INFO    |comum.utils.decoradores:wrapper:22 - [HU-14] Último número CT encontrado: 362. Próximo: 363.
2026-08-04 12:18:00.397 | INFO    |test_geracao_env_carta:test_encontra_maior_numero_e_soma_um:87 - [STEP] Finalizando: obter_proximo_numero_carta | Tempo gasto: 0.0s
2026-08-04 12:18:00.401 | INFO    |test_geracao_env_carta:test_tolera_variacoes_de_grafia:98 - [STEP] Iniciando: obter_proximo_numero_carta
2026-08-04 12:18:00.401 | INFO    |comum.utils.decoradores:wrapper:22 - [HU-14] Último número CT encontrado: 334. Próximo: 335.
2026-08-04 12:18:00.402 | INFO    |test_geracao_env_carta:test_tolera_variacoes_de_grafia:98 - [STEP] Finalizando: obter_proximo_numero_carta | Tempo gasto: 0.0s
2026-08-04 12:18:00.404 | INFO    |test_geracao_env_carta:test_ignora_arquivos_sem_padrao_ct:107 - [STEP] Iniciando: obter_proximo_numero_carta
2026-08-04 12:18:00.405 | INFO    |comum.utils.decoradores:wrapper:22 - [HU-14] Último número CT encontrado: 100. Próximo: 101.
2026-08-04 12:18:00.405 | INFO    |test_geracao_env_carta:test_ignora_arquivos_sem_padrao_ct:107 - [STEP] Finalizando: obter_proximo_numero_carta | Tempo gasto: 0.0s
2026-08-04 12:18:00.407 | INFO    |src.services.geracao_env_carta:nome_proxima_carta:159 - [STEP] Iniciando: obter_proximo_numero_carta
2026-08-04 12:18:00.407 | INFO    |comum.utils.decoradores:wrapper:22 - [HU-14] Último número CT encontrado: 362. Próximo: 363.
2026-08-04 12:18:00.408 | INFO    |src.services.geracao_env_carta:nome_proxima_carta:159 - [STEP] Finalizando: obter_proximo_numero_carta | Tempo gasto: 0.0s
2026-08-04 12:18:00.409 | INFO    |comum.dados.repositorio_cache:__init__:77 - Inicializando conexão com o banco no ambiente [dev]
2026-08-04 12:18:00.409 | INFO    |comum.dados.repositorio_cache:__init__:77 - Utilizando SQLite local [C:\Users\btime\AppData\Local\Temp\detraf_epico4_teste_8mg4ch5c\TABELAS_DETRAF_TESTE.db]
2026-08-04 12:18:00.410 | INFO    |comum.dados.repositorio_cache:obter_tabela:169 - Carregando tabela [tbl_detraf_mapeamento_descritores]
2026-08-04 12:18:00.412 | INFO    |comum.dados.repositorio_cache:obter_tabela:169 - Tabela [tbl_detraf_mapeamento_descritores] carregada | Linhas: 25 | Colunas: 5
2026-08-04 12:18:00.415 | INFO    |test_geracao_env_carta:test_montar_abas_env_vazio_quando_sem_contestacao:168 - [STEP] Iniciando: montar_abas_env
2026-08-04 12:18:00.416 | INFO    |comum.utils.decoradores:wrapper:22 - [HU-14 _ENV] Nenhuma linha contestada — abas ficam vazias.
2026-08-04 12:18:00.416 | INFO    |test_geracao_env_carta:test_montar_abas_env_vazio_quando_sem_contestacao:168 - [STEP] Finalizando: montar_abas_env | Tempo gasto: 0.0s
2026-08-04 12:18:00.419 | INFO    |comum.dados.repositorio_cache:__init__:77 - Inicializando conexão com o banco no ambiente [dev]
2026-08-04 12:18:00.419 | INFO    |comum.dados.repositorio_cache:__init__:77 - Utilizando SQLite local [C:\Users\btime\AppData\Local\Temp\detraf_epico4_teste_8mg4ch5c\TABELAS_DETRAF_TESTE.db]
2026-08-04 12:18:00.419 | INFO    |comum.dados.repositorio_cache:obter_tabela:169 - Carregando tabela [tbl_detraf_mapeamento_descritores]
2026-08-04 12:18:00.420 | INFO    |comum.dados.repositorio_cache:obter_tabela:169 - Tabela [tbl_detraf_mapeamento_descritores] carregada | Linhas: 25 | Colunas: 5
2026-08-04 12:18:00.423 | INFO    |test_geracao_env_carta:test_montar_abas_env_exclui_sem_sinal_do_analista:181 - [STEP] Iniciando: montar_abas_env
2026-08-04 12:18:00.425 | INFO    |comum.utils.decoradores:wrapper:22 - [HU-14 _ENV] Nenhuma linha contestada — abas ficam vazias.
2026-08-04 12:18:00.425 | INFO    |test_geracao_env_carta:test_montar_abas_env_exclui_sem_sinal_do_analista:181 - [STEP] Finalizando: montar_abas_env | Tempo gasto: 0.0s
2026-08-04 12:18:00.428 | INFO    |comum.dados.repositorio_cache:__init__:77 - Inicializando conexão com o banco no ambiente [dev]
2026-08-04 12:18:00.428 | INFO    |comum.dados.repositorio_cache:__init__:77 - Utilizando SQLite local [C:\Users\btime\AppData\Local\Temp\detraf_epico4_teste_8mg4ch5c\TABELAS_DETRAF_TESTE.db]
2026-08-04 12:18:00.429 | INFO    |comum.dados.repositorio_cache:obter_tabela:169 - Carregando tabela [tbl_detraf_mapeamento_descritores]
2026-08-04 12:18:00.430 | INFO    |comum.dados.repositorio_cache:obter_tabela:169 - Tabela [tbl_detraf_mapeamento_descritores] carregada | Linhas: 25 | Colunas: 5
2026-08-04 12:18:00.433 | INFO    |test_geracao_env_carta:test_montar_abas_env_filtra_contest_e_tbra_corretamente:204 - [STEP] Iniciando: montar_abas_env
2026-08-04 12:18:00.437 | INFO    |comum.utils.decoradores:wrapper:22 - [HU-14 _ENV] Contest: 1 linha(s) contestada(s); TBRA: 1 linha(s) correspondente(s).
2026-08-04 12:18:00.437 | INFO    |test_geracao_env_carta:test_montar_abas_env_filtra_contest_e_tbra_corretamente:204 - [STEP] Finalizando: montar_abas_env | Tempo gasto: 0.0s
2026-08-04 12:18:00.440 | INFO    |test_geracao_env_carta:test_gerar_arquivo_env_nao_grava_quando_vazio:216 - [STEP] Iniciando: gerar_arquivo_env
2026-08-04 12:18:00.440 | INFO    |comum.utils.decoradores:wrapper:22 - [HU-14 _ENV] Nada a gravar (nenhuma linha contestada).
2026-08-04 12:18:00.441 | INFO    |test_geracao_env_carta:test_gerar_arquivo_env_nao_grava_quando_vazio:216 - [STEP] Finalizando: gerar_arquivo_env | Tempo gasto: 0.0s
2026-08-04 12:18:00.444 | INFO    |comum.dados.repositorio_cache:__init__:77 - Inicializando conexão com o banco no ambiente [dev]
2026-08-04 12:18:00.444 | INFO    |comum.dados.repositorio_cache:__init__:77 - Utilizando SQLite local [C:\Users\btime\AppData\Local\Temp\detraf_epico4_teste_8mg4ch5c\TABELAS_DETRAF_TESTE.db]
2026-08-04 12:18:00.445 | INFO    |comum.dados.repositorio_cache:obter_tabela:169 - Carregando tabela [tbl_detraf_mapeamento_descritores]
2026-08-04 12:18:00.446 | INFO    |comum.dados.repositorio_cache:obter_tabela:169 - Tabela [tbl_detraf_mapeamento_descritores] carregada | Linhas: 25 | Colunas: 5
2026-08-04 12:18:00.449 | INFO    |test_geracao_env_carta:test_gerar_arquivo_env_grava_no_caminho_e_nome_corretos:228 - [STEP] Iniciando: montar_abas_env
2026-08-04 12:18:00.452 | INFO    |comum.utils.decoradores:wrapper:22 - [HU-14 _ENV] Contest: 1 linha(s) contestada(s); TBRA: 1 linha(s) correspondente(s).
2026-08-04 12:18:00.452 | INFO    |test_geracao_env_carta:test_gerar_arquivo_env_grava_no_caminho_e_nome_corretos:228 - [STEP] Finalizando: montar_abas_env | Tempo gasto: 0.0s
2026-08-04 12:18:00.452 | INFO    |test_geracao_env_carta:test_gerar_arquivo_env_grava_no_caminho_e_nome_corretos:231 - [STEP] Iniciando: gerar_arquivo_env
2026-08-04 12:18:00.461 | INFO    |comum.utils.decoradores:wrapper:22 - [HU-14 _ENV] Arquivo gravado em [C:\Users\btime\AppData\Local\Temp\pytest-of-btime\pytest-288\test_gerar_arquivo_env_grava_n0\Claro\2025\202507\Contestações\Base Contestação_Claro_202507_ENV.xlsx].
2026-08-04 12:18:00.461 | INFO    |test_geracao_env_carta:test_gerar_arquivo_env_grava_no_caminho_e_nome_corretos:231 - [STEP] Finalizando: gerar_arquivo_env | Tempo gasto: 0.01s
2026-08-04 12:18:00.468 | INFO    |test_geracao_env_carta:test_montar_tabelas_carta_vazio:280 - [STEP] Iniciando: montar_tabelas_carta
2026-08-04 12:18:00.469 | INFO    |test_geracao_env_carta:test_montar_tabelas_carta_vazio:280 - [STEP] Finalizando: montar_tabelas_carta | Tempo gasto: 0.0s
2026-08-04 12:18:00.470 | INFO    |test_geracao_env_carta:test_montar_tabelas_carta_agrupa_por_remuneracao:291 - [STEP] Iniciando: montar_tabelas_carta
2026-08-04 12:18:00.473 | INFO    |comum.utils.decoradores:wrapper:22 - [HU-14 Carta] 2 tabela(s) de remuneração montada(s).
2026-08-04 12:18:00.473 | INFO    |test_geracao_env_carta:test_montar_tabelas_carta_agrupa_por_remuneracao:291 - [STEP] Finalizando: montar_tabelas_carta | Tempo gasto: 0.0s
2026-08-04 12:18:00.474 | INFO    |test_geracao_env_carta:test_montar_tabelas_carta_linha_total_soma_valores_numericos:306 - [STEP] Iniciando: montar_tabelas_carta
2026-08-04 12:18:00.478 | INFO    |comum.utils.decoradores:wrapper:22 - [HU-14 Carta] 1 tabela(s) de remuneração montada(s).
2026-08-04 12:18:00.478 | INFO    |test_geracao_env_carta:test_montar_tabelas_carta_linha_total_soma_valores_numericos:306 - [STEP] Finalizando: montar_tabelas_carta | Tempo gasto: 0.0s
2026-08-04 12:18:00.479 | INFO    |test_geracao_env_carta:test_montar_tabelas_carta_variacao_perc_em_branco_no_total:317 - [STEP] Iniciando: montar_tabelas_carta
2026-08-04 12:18:00.481 | INFO    |comum.utils.decoradores:wrapper:22 - [HU-14 Carta] 1 tabela(s) de remuneração montada(s).
2026-08-04 12:18:00.482 | INFO    |test_geracao_env_carta:test_montar_tabelas_carta_variacao_perc_em_branco_no_total:317 - [STEP] Finalizando: montar_tabelas_carta | Tempo gasto: 0.0s
2026-08-04 12:18:00.483 | INFO    |test_geracao_env_carta:test_montar_tabelas_carta_nao_inclui_coluna_contestacao_a_enviar:327 - [STEP] Iniciando: montar_tabelas_carta
2026-08-04 12:18:00.485 | INFO    |comum.utils.decoradores:wrapper:22 - [HU-14 Carta] 1 tabela(s) de remuneração montada(s).
2026-08-04 12:18:00.485 | INFO    |test_geracao_env_carta:test_montar_tabelas_carta_nao_inclui_coluna_contestacao_a_enviar:327 - [STEP] Finalizando: montar_tabelas_carta | Tempo gasto: 0.0s
2026-08-04 12:18:00.487 | INFO    |test_geracao_env_carta:test_montar_tabelas_carta_expoe_tipo_operacao_quando_uniforme:337 - [STEP] Iniciando: montar_tabelas_carta
2026-08-04 12:18:00.489 | INFO    |comum.utils.decoradores:wrapper:22 - [HU-14 Carta] 1 tabela(s) de remuneração montada(s).
2026-08-04 12:18:00.489 | INFO    |test_geracao_env_carta:test_montar_tabelas_carta_expoe_tipo_operacao_quando_uniforme:337 - [STEP] Finalizando: montar_tabelas_carta | Tempo gasto: 0.0s
2026-08-04 12:18:00.492 | INFO    |test_geracao_env_carta:test_renderizar_carta_conteudo_basico:363 - [STEP] Iniciando: montar_tabelas_carta
2026-08-04 12:18:00.495 | INFO    |comum.utils.decoradores:wrapper:22 - [HU-14 Carta] 1 tabela(s) de remuneração montada(s).
2026-08-04 12:18:00.495 | INFO    |test_geracao_env_carta:test_renderizar_carta_conteudo_basico:363 - [STEP] Finalizando: montar_tabelas_carta | Tempo gasto: 0.0s
2026-08-04 12:18:00.495 | INFO    |test_geracao_env_carta:test_renderizar_carta_conteudo_basico:367 - [STEP] Iniciando: renderizar_carta
2026-08-04 12:18:00.507 | INFO    |comum.utils.decoradores:wrapper:22 - [HU-14 Carta] Carta CT-363 renderizada (1 tabela(s)).
2026-08-04 12:18:00.507 | INFO    |test_geracao_env_carta:test_renderizar_carta_conteudo_basico:367 - [STEP] Finalizando: renderizar_carta | Tempo gasto: 0.01s
2026-08-04 12:18:00.509 | INFO    |test_geracao_env_carta:test_renderizar_carta_texto_com_retencao:386 - [STEP] Iniciando: montar_tabelas_carta
2026-08-04 12:18:00.512 | INFO    |comum.utils.decoradores:wrapper:22 - [HU-14 Carta] 1 tabela(s) de remuneração montada(s).
2026-08-04 12:18:00.512 | INFO    |test_geracao_env_carta:test_renderizar_carta_texto_com_retencao:386 - [STEP] Finalizando: montar_tabelas_carta | Tempo gasto: 0.0s
2026-08-04 12:18:00.512 | INFO    |test_geracao_env_carta:test_renderizar_carta_texto_com_retencao:390 - [STEP] Iniciando: renderizar_carta
2026-08-04 12:18:00.523 | INFO    |comum.utils.decoradores:wrapper:22 - [HU-14 Carta] Carta CT-1 renderizada (1 tabela(s)).
2026-08-04 12:18:00.523 | INFO    |test_geracao_env_carta:test_renderizar_carta_texto_com_retencao:390 - [STEP] Finalizando: renderizar_carta | Tempo gasto: 0.01s
2026-08-04 12:18:00.525 | INFO    |test_geracao_env_carta:test_renderizar_carta_sem_cidade_usa_padrao_sao_paulo:406 - [STEP] Iniciando: montar_tabelas_carta
2026-08-04 12:18:00.528 | INFO    |comum.utils.decoradores:wrapper:22 - [HU-14 Carta] 1 tabela(s) de remuneração montada(s).
2026-08-04 12:18:00.528 | INFO    |test_geracao_env_carta:test_renderizar_carta_sem_cidade_usa_padrao_sao_paulo:406 - [STEP] Finalizando: montar_tabelas_carta | Tempo gasto: 0.0s
2026-08-04 12:18:00.528 | INFO    |test_geracao_env_carta:test_renderizar_carta_sem_cidade_usa_padrao_sao_paulo:410 - [STEP] Iniciando: renderizar_carta
2026-08-04 12:18:00.540 | INFO    |comum.utils.decoradores:wrapper:22 - [HU-14 Carta] Carta CT-1 renderizada (1 tabela(s)).
2026-08-04 12:18:00.540 | INFO    |test_geracao_env_carta:test_renderizar_carta_sem_cidade_usa_padrao_sao_paulo:410 - [STEP] Finalizando: renderizar_carta | Tempo gasto: 0.01s
2026-08-04 12:18:00.543 | INFO    |test_geracao_env_carta:test_renderizar_carta_aceita_override_de_cidade:424 - [STEP] Iniciando: montar_tabelas_carta
2026-08-04 12:18:00.545 | INFO    |comum.utils.decoradores:wrapper:22 - [HU-14 Carta] 1 tabela(s) de remuneração montada(s).
2026-08-04 12:18:00.545 | INFO    |test_geracao_env_carta:test_renderizar_carta_aceita_override_de_cidade:424 - [STEP] Finalizando: montar_tabelas_carta | Tempo gasto: 0.0s
2026-08-04 12:18:00.545 | INFO    |test_geracao_env_carta:test_renderizar_carta_aceita_override_de_cidade:428 - [STEP] Iniciando: renderizar_carta
2026-08-04 12:18:00.556 | INFO    |comum.utils.decoradores:wrapper:22 - [HU-14 Carta] Carta CT-1 renderizada (1 tabela(s)).
2026-08-04 12:18:00.556 | INFO    |test_geracao_env_carta:test_renderizar_carta_aceita_override_de_cidade:428 - [STEP] Finalizando: renderizar_carta | Tempo gasto: 0.01s
2026-08-04 12:18:00.560 | INFO    |test_geracao_env_carta:test_gerar_arquivo_carta_grava_no_caminho_e_nome_corretos:446 - [STEP] Iniciando: montar_tabelas_carta
2026-08-04 12:18:00.562 | INFO    |comum.utils.decoradores:wrapper:22 - [HU-14 Carta] 1 tabela(s) de remuneração montada(s).
2026-08-04 12:18:00.562 | INFO    |test_geracao_env_carta:test_gerar_arquivo_carta_grava_no_caminho_e_nome_corretos:446 - [STEP] Finalizando: montar_tabelas_carta | Tempo gasto: 0.0s
2026-08-04 12:18:00.563 | INFO    |test_geracao_env_carta:test_gerar_arquivo_carta_grava_no_caminho_e_nome_corretos:449 - [STEP] Iniciando: renderizar_carta
2026-08-04 12:18:00.573 | INFO    |comum.utils.decoradores:wrapper:22 - [HU-14 Carta] Carta CT-363 renderizada (1 tabela(s)).
2026-08-04 12:18:00.574 | INFO    |test_geracao_env_carta:test_gerar_arquivo_carta_grava_no_caminho_e_nome_corretos:449 - [STEP] Finalizando: renderizar_carta | Tempo gasto: 0.01s
2026-08-04 12:18:00.574 | INFO    |test_geracao_env_carta:test_gerar_arquivo_carta_grava_no_caminho_e_nome_corretos:459 - [STEP] Iniciando: gerar_arquivo_carta
2026-08-04 12:18:00.584 | INFO    |comum.utils.decoradores:wrapper:22 - [HU-14 Carta] Carta gravada em [C:\Users\btime\AppData\Local\Temp\pytest-of-btime\pytest-288\test_gerar_arquivo_carta_grava0\operadoras\Claro\2026\202606\Contestações\CT - 363.docx], cópia em [C:\Users\btime\AppData\Local\Temp\pytest-of-btime\pytest-288\test_gerar_arquivo_carta_grava0\controle_ct\2026\CT - 363.docx].
2026-08-04 12:18:00.585 | INFO    |test_geracao_env_carta:test_gerar_arquivo_carta_grava_no_caminho_e_nome_corretos:459 - [STEP] Finalizando: gerar_arquivo_carta | Tempo gasto: 0.01s
2026-08-04 12:18:00.588 | INFO    |test_geracao_env_carta:test_gerar_arquivo_carta_salva_copia_em_controle_ct:474 - [STEP] Iniciando: montar_tabelas_carta
2026-08-04 12:18:00.590 | INFO    |comum.utils.decoradores:wrapper:22 - [HU-14 Carta] 1 tabela(s) de remuneração montada(s).
2026-08-04 12:18:00.590 | INFO    |test_geracao_env_carta:test_gerar_arquivo_carta_salva_copia_em_controle_ct:474 - [STEP] Finalizando: montar_tabelas_carta | Tempo gasto: 0.0s
2026-08-04 12:18:00.590 | INFO    |test_geracao_env_carta:test_gerar_arquivo_carta_salva_copia_em_controle_ct:477 - [STEP] Iniciando: renderizar_carta
2026-08-04 12:18:00.601 | INFO    |comum.utils.decoradores:wrapper:22 - [HU-14 Carta] Carta CT-363 renderizada (1 tabela(s)).
2026-08-04 12:18:00.602 | INFO    |test_geracao_env_carta:test_gerar_arquivo_carta_salva_copia_em_controle_ct:477 - [STEP] Finalizando: renderizar_carta | Tempo gasto: 0.01s
2026-08-04 12:18:00.602 | INFO    |test_geracao_env_carta:test_gerar_arquivo_carta_salva_copia_em_controle_ct:487 - [STEP] Iniciando: gerar_arquivo_carta
2026-08-04 12:18:00.612 | INFO    |comum.utils.decoradores:wrapper:22 - [HU-14 Carta] Carta gravada em [C:\Users\btime\AppData\Local\Temp\pytest-of-btime\pytest-288\test_gerar_arquivo_carta_salva0\operadoras\Claro\2026\202606\Contestações\CT - 363.docx], cópia em [C:\Users\btime\AppData\Local\Temp\pytest-of-btime\pytest-288\test_gerar_arquivo_carta_salva0\controle_ct\2026\CT - 363.docx].
2026-08-04 12:18:00.613 | INFO    |test_geracao_env_carta:test_gerar_arquivo_carta_salva_copia_em_controle_ct:487 - [STEP] Finalizando: gerar_arquivo_carta | Tempo gasto: 0.01s
2026-08-04 12:18:00.621 | INFO    |comum.dados.repositorio_cache:__init__:77 - Inicializando conexão com o banco no ambiente [dev]
2026-08-04 12:18:00.621 | INFO    |comum.dados.repositorio_cache:__init__:77 - Utilizando SQLite local [C:\Users\btime\AppData\Local\Temp\detraf_epico4_teste_8mg4ch5c\TABELAS_DETRAF_TESTE.db]
2026-08-04 12:18:00.622 | INFO    |comum.dados.repositorio_cache:obter_tabela:169 - Carregando tabela [tbl_detraf_mapeamento_descritores]
2026-08-04 12:18:00.623 | INFO    |comum.dados.repositorio_cache:obter_tabela:169 - Tabela [tbl_detraf_mapeamento_descritores] carregada | Linhas: 25 | Colunas: 5
2026-08-04 12:18:00.626 | INFO    |test_geracao_ext:test_montar_linhas_ext_vazio_retorna_vazio:44 - [STEP] Iniciando: montar_linhas_ext
2026-08-04 12:18:00.627 | INFO    |test_geracao_ext:test_montar_linhas_ext_vazio_retorna_vazio:44 - [STEP] Finalizando: montar_linhas_ext | Tempo gasto: 0.0s
2026-08-04 12:18:00.629 | INFO    |comum.dados.repositorio_cache:__init__:77 - Inicializando conexão com o banco no ambiente [dev]
2026-08-04 12:18:00.629 | INFO    |comum.dados.repositorio_cache:__init__:77 - Utilizando SQLite local [C:\Users\btime\AppData\Local\Temp\detraf_epico4_teste_8mg4ch5c\TABELAS_DETRAF_TESTE.db]
2026-08-04 12:18:00.630 | INFO    |comum.dados.repositorio_cache:obter_tabela:169 - Carregando tabela [tbl_detraf_mapeamento_descritores]
2026-08-04 12:18:00.631 | INFO    |comum.dados.repositorio_cache:obter_tabela:169 - Tabela [tbl_detraf_mapeamento_descritores] carregada | Linhas: 25 | Colunas: 5
2026-08-04 12:18:00.634 | INFO    |test_geracao_ext:test_montar_linhas_ext_cenario_sem_contestacao:54 - [STEP] Iniciando: montar_linhas_ext
2026-08-04 12:18:00.637 | INFO    |comum.utils.decoradores:wrapper:22 - [HU-12 EXT] 1 linha(s) montada(s).
2026-08-04 12:18:00.637 | INFO    |test_geracao_ext:test_montar_linhas_ext_cenario_sem_contestacao:54 - [STEP] Finalizando: montar_linhas_ext | Tempo gasto: 0.0s
2026-08-04 12:18:00.639 | INFO    |comum.dados.repositorio_cache:__init__:77 - Inicializando conexão com o banco no ambiente [dev]
2026-08-04 12:18:00.639 | INFO    |comum.dados.repositorio_cache:__init__:77 - Utilizando SQLite local [C:\Users\btime\AppData\Local\Temp\detraf_epico4_teste_8mg4ch5c\TABELAS_DETRAF_TESTE.db]
2026-08-04 12:18:00.640 | INFO    |comum.dados.repositorio_cache:obter_tabela:169 - Carregando tabela [tbl_detraf_mapeamento_descritores]
2026-08-04 12:18:00.641 | INFO    |comum.dados.repositorio_cache:obter_tabela:169 - Tabela [tbl_detraf_mapeamento_descritores] carregada | Linhas: 25 | Colunas: 5
2026-08-04 12:18:00.644 | INFO    |test_geracao_ext:test_montar_linhas_ext_cenario_sem_retencao:69 - [STEP] Iniciando: montar_linhas_ext
2026-08-04 12:18:00.647 | INFO    |comum.utils.decoradores:wrapper:22 - [HU-12 EXT] 1 linha(s) montada(s).
2026-08-04 12:18:00.648 | INFO    |test_geracao_ext:test_montar_linhas_ext_cenario_sem_retencao:69 - [STEP] Finalizando: montar_linhas_ext | Tempo gasto: 0.0s
2026-08-04 12:18:00.650 | INFO    |comum.dados.repositorio_cache:__init__:77 - Inicializando conexão com o banco no ambiente [dev]
2026-08-04 12:18:00.651 | INFO    |comum.dados.repositorio_cache:__init__:77 - Utilizando SQLite local [C:\Users\btime\AppData\Local\Temp\detraf_epico4_teste_8mg4ch5c\TABELAS_DETRAF_TESTE.db]
2026-08-04 12:18:00.651 | INFO    |comum.dados.repositorio_cache:obter_tabela:169 - Carregando tabela [tbl_detraf_mapeamento_descritores]
2026-08-04 12:18:00.652 | INFO    |comum.dados.repositorio_cache:obter_tabela:169 - Tabela [tbl_detraf_mapeamento_descritores] carregada | Linhas: 25 | Colunas: 5
2026-08-04 12:18:00.655 | INFO    |test_geracao_ext:test_montar_linhas_ext_cenario_com_retencao:80 - [STEP] Iniciando: montar_linhas_ext
2026-08-04 12:18:00.658 | INFO    |comum.utils.decoradores:wrapper:22 - [HU-12 EXT] 1 linha(s) montada(s).
2026-08-04 12:18:00.658 | INFO    |test_geracao_ext:test_montar_linhas_ext_cenario_com_retencao:80 - [STEP] Finalizando: montar_linhas_ext | Tempo gasto: 0.0s
2026-08-04 12:18:00.661 | INFO    |comum.dados.repositorio_cache:__init__:77 - Inicializando conexão com o banco no ambiente [dev]
2026-08-04 12:18:00.661 | INFO    |comum.dados.repositorio_cache:__init__:77 - Utilizando SQLite local [C:\Users\btime\AppData\Local\Temp\detraf_epico4_teste_8mg4ch5c\TABELAS_DETRAF_TESTE.db]
2026-08-04 12:18:00.662 | INFO    |comum.dados.repositorio_cache:obter_tabela:169 - Carregando tabela [tbl_detraf_mapeamento_descritores]
2026-08-04 12:18:00.663 | INFO    |comum.dados.repositorio_cache:obter_tabela:169 - Tabela [tbl_detraf_mapeamento_descritores] carregada | Linhas: 25 | Colunas: 5
2026-08-04 12:18:00.666 | INFO    |test_geracao_ext:test_montar_linhas_ext_descritor_nao_mapeado_mantem_linha:93 - [STEP] Iniciando: montar_linhas_ext
2026-08-04 12:18:00.669 | INFO    |comum.utils.decoradores:wrapper:22 - [HU-12 EXT] 1 linha(s) montada(s).
2026-08-04 12:18:00.669 | INFO    |test_geracao_ext:test_montar_linhas_ext_descritor_nao_mapeado_mantem_linha:93 - [STEP] Finalizando: montar_linhas_ext | Tempo gasto: 0.0s
2026-08-04 12:18:00.673 | INFO    |comum.dados.repositorio_cache:__init__:77 - Inicializando conexão com o banco no ambiente [dev]
2026-08-04 12:18:00.673 | INFO    |comum.dados.repositorio_cache:__init__:77 - Utilizando SQLite local [C:\Users\btime\AppData\Local\Temp\detraf_epico4_teste_8mg4ch5c\TABELAS_DETRAF_TESTE.db]
2026-08-04 12:18:00.674 | INFO    |comum.dados.repositorio_cache:obter_tabela:169 - Carregando tabela [tbl_detraf_mapeamento_descritores]
2026-08-04 12:18:00.676 | INFO    |comum.dados.repositorio_cache:obter_tabela:169 - Tabela [tbl_detraf_mapeamento_descritores] carregada | Linhas: 25 | Colunas: 5
2026-08-04 12:18:00.682 | INFO    |test_geracao_ext:test_montar_linhas_ext_mesmo_grupo_compartilha_expectativa:114 - [STEP] Iniciando: montar_linhas_ext
2026-08-04 12:18:00.687 | INFO    |comum.utils.decoradores:wrapper:22 - [HU-12 EXT] 2 linha(s) montada(s).
2026-08-04 12:18:00.687 | INFO    |test_geracao_ext:test_montar_linhas_ext_mesmo_grupo_compartilha_expectativa:114 - [STEP] Finalizando: montar_linhas_ext | Tempo gasto: 0.01s
2026-08-04 12:18:00.693 | INFO    |comum.dados.repositorio_cache:__init__:77 - Inicializando conexão com o banco no ambiente [dev]
2026-08-04 12:18:00.693 | INFO    |comum.dados.repositorio_cache:__init__:77 - Utilizando SQLite local [C:\Users\btime\AppData\Local\Temp\detraf_epico4_teste_8mg4ch5c\TABELAS_DETRAF_TESTE.db]
2026-08-04 12:18:00.693 | INFO    |comum.dados.repositorio_cache:obter_tabela:169 - Carregando tabela [tbl_detraf_mapeamento_descritores]
2026-08-04 12:18:00.695 | INFO    |comum.dados.repositorio_cache:obter_tabela:169 - Tabela [tbl_detraf_mapeamento_descritores] carregada | Linhas: 25 | Colunas: 5
2026-08-04 12:18:00.698 | INFO    |test_geracao_ext:test_gerar_arquivo_ext_grava_no_caminho_e_nome_corretos:121 - [STEP] Iniciando: montar_linhas_ext
2026-08-04 12:18:00.701 | INFO    |comum.utils.decoradores:wrapper:22 - [HU-12 EXT] 1 linha(s) montada(s).
2026-08-04 12:18:00.701 | INFO    |test_geracao_ext:test_gerar_arquivo_ext_grava_no_caminho_e_nome_corretos:121 - [STEP] Finalizando: montar_linhas_ext | Tempo gasto: 0.0s
2026-08-04 12:18:00.701 | INFO    |test_geracao_ext:test_gerar_arquivo_ext_grava_no_caminho_e_nome_corretos:125 - [STEP] Iniciando: gerar_arquivo_ext
2026-08-04 12:18:00.708 | INFO    |comum.utils.decoradores:wrapper:22 - [HU-12 EXT] Arquivo gravado em [C:\Users\btime\AppData\Local\Temp\pytest-of-btime\pytest-288\test_gerar_arquivo_ext_grava_n0\Claro\2025\202507\AGI\DE_AGI_D_202507_TBRA_X_CLARO_EXT.xlsx].
2026-08-04 12:18:00.709 | INFO    |test_geracao_ext:test_gerar_arquivo_ext_grava_no_caminho_e_nome_corretos:125 - [STEP] Finalizando: gerar_arquivo_ext | Tempo gasto: 0.01s
2026-08-04 12:18:00.717 | INFO    |comum.dados.repositorio_cache:__init__:77 - Inicializando conexão com o banco no ambiente [dev]
2026-08-04 12:18:00.717 | INFO    |comum.dados.repositorio_cache:__init__:77 - Utilizando SQLite local [C:\Users\btime\AppData\Local\Temp\detraf_epico4_teste_8mg4ch5c\TABELAS_DETRAF_TESTE.db]
2026-08-04 12:18:00.717 | INFO    |comum.dados.repositorio_cache:obter_tabela:169 - Carregando tabela [tbl_detraf_mapeamento_descritores]
2026-08-04 12:18:00.719 | INFO    |comum.dados.repositorio_cache:obter_tabela:169 - Tabela [tbl_detraf_mapeamento_descritores] carregada | Linhas: 25 | Colunas: 5
2026-08-04 12:18:00.722 | INFO    |test_geracao_int:test_montar_linhas_int_vazio_retorna_vazio:43 - [STEP] Iniciando: montar_linhas_int
2026-08-04 12:18:00.722 | INFO    |test_geracao_int:test_montar_linhas_int_vazio_retorna_vazio:43 - [STEP] Finalizando: montar_linhas_int | Tempo gasto: 0.0s
2026-08-04 12:18:00.724 | INFO    |comum.dados.repositorio_cache:__init__:77 - Inicializando conexão com o banco no ambiente [dev]
2026-08-04 12:18:00.724 | INFO    |comum.dados.repositorio_cache:__init__:77 - Utilizando SQLite local [C:\Users\btime\AppData\Local\Temp\detraf_epico4_teste_8mg4ch5c\TABELAS_DETRAF_TESTE.db]
2026-08-04 12:18:00.725 | INFO    |comum.dados.repositorio_cache:obter_tabela:169 - Carregando tabela [tbl_detraf_mapeamento_descritores]
2026-08-04 12:18:00.727 | INFO    |comum.dados.repositorio_cache:obter_tabela:169 - Tabela [tbl_detraf_mapeamento_descritores] carregada | Linhas: 25 | Colunas: 5
2026-08-04 12:18:00.731 | INFO    |test_geracao_int:test_montar_linhas_int_cenario_sem_contestacao_fica_vazio:53 - [STEP] Iniciando: montar_linhas_int
2026-08-04 12:18:00.733 | INFO    |comum.utils.decoradores:wrapper:22 - [HU-13 INT] Nenhuma linha COM retenção — INT não se aplica a este cenário.
2026-08-04 12:18:00.734 | INFO    |test_geracao_int:test_montar_linhas_int_cenario_sem_contestacao_fica_vazio:53 - [STEP] Finalizando: montar_linhas_int | Tempo gasto: 0.0s
2026-08-04 12:18:00.737 | INFO    |comum.dados.repositorio_cache:__init__:77 - Inicializando conexão com o banco no ambiente [dev]
2026-08-04 12:18:00.737 | INFO    |comum.dados.repositorio_cache:__init__:77 - Utilizando SQLite local [C:\Users\btime\AppData\Local\Temp\detraf_epico4_teste_8mg4ch5c\TABELAS_DETRAF_TESTE.db]
2026-08-04 12:18:00.737 | INFO    |comum.dados.repositorio_cache:obter_tabela:169 - Carregando tabela [tbl_detraf_mapeamento_descritores]
2026-08-04 12:18:00.739 | INFO    |comum.dados.repositorio_cache:obter_tabela:169 - Tabela [tbl_detraf_mapeamento_descritores] carregada | Linhas: 25 | Colunas: 5
2026-08-04 12:18:00.742 | INFO    |test_geracao_int:test_montar_linhas_int_cenario_sem_retencao_fica_vazio:62 - [STEP] Iniciando: montar_linhas_int
2026-08-04 12:18:00.745 | INFO    |comum.utils.decoradores:wrapper:22 - [HU-13 INT] Nenhuma linha COM retenção — INT não se aplica a este cenário.
2026-08-04 12:18:00.745 | INFO    |test_geracao_int:test_montar_linhas_int_cenario_sem_retencao_fica_vazio:62 - [STEP] Finalizando: montar_linhas_int | Tempo gasto: 0.0s
2026-08-04 12:18:00.748 | INFO    |comum.dados.repositorio_cache:__init__:77 - Inicializando conexão com o banco no ambiente [dev]
2026-08-04 12:18:00.748 | INFO    |comum.dados.repositorio_cache:__init__:77 - Utilizando SQLite local [C:\Users\btime\AppData\Local\Temp\detraf_epico4_teste_8mg4ch5c\TABELAS_DETRAF_TESTE.db]
2026-08-04 12:18:00.749 | INFO    |comum.dados.repositorio_cache:obter_tabela:169 - Carregando tabela [tbl_detraf_mapeamento_descritores]
2026-08-04 12:18:00.751 | INFO    |comum.dados.repositorio_cache:obter_tabela:169 - Tabela [tbl_detraf_mapeamento_descritores] carregada | Linhas: 25 | Colunas: 5
2026-08-04 12:18:00.754 | INFO    |test_geracao_int:test_montar_linhas_int_cenario_com_retencao_preenche_linhas:71 - [STEP] Iniciando: montar_linhas_int
2026-08-04 12:18:00.756 | INFO    |comum.utils.decoradores:wrapper:22 - [HU-13 INT] 1 linha(s) montada(s) (COM retenção).
2026-08-04 12:18:00.757 | INFO    |test_geracao_int:test_montar_linhas_int_cenario_com_retencao_preenche_linhas:71 - [STEP] Finalizando: montar_linhas_int | Tempo gasto: 0.0s
2026-08-04 12:18:00.760 | INFO    |comum.dados.repositorio_cache:__init__:77 - Inicializando conexão com o banco no ambiente [dev]
2026-08-04 12:18:00.761 | INFO    |comum.dados.repositorio_cache:__init__:77 - Utilizando SQLite local [C:\Users\btime\AppData\Local\Temp\detraf_epico4_teste_8mg4ch5c\TABELAS_DETRAF_TESTE.db]
2026-08-04 12:18:00.761 | INFO    |comum.dados.repositorio_cache:obter_tabela:169 - Carregando tabela [tbl_detraf_mapeamento_descritores]
2026-08-04 12:18:00.763 | INFO    |comum.dados.repositorio_cache:obter_tabela:169 - Tabela [tbl_detraf_mapeamento_descritores] carregada | Linhas: 25 | Colunas: 5
2026-08-04 12:18:00.767 | INFO    |test_geracao_int:test_montar_linhas_int_filtra_apenas_com_retencao:95 - [STEP] Iniciando: montar_linhas_int
2026-08-04 12:18:00.770 | INFO    |comum.utils.decoradores:wrapper:22 - [HU-13 INT] 1 linha(s) montada(s) (COM retenção).
2026-08-04 12:18:00.771 | INFO    |test_geracao_int:test_montar_linhas_int_filtra_apenas_com_retencao:95 - [STEP] Finalizando: montar_linhas_int | Tempo gasto: 0.0s
2026-08-04 12:18:00.774 | INFO    |test_geracao_int:test_gerar_arquivo_int_nao_grava_quando_vazio:102 - [STEP] Iniciando: gerar_arquivo_int
2026-08-04 12:18:00.775 | INFO    |comum.utils.decoradores:wrapper:22 - [HU-13 INT] Nada a gravar (sem linhas COM retenção) — arquivo não criado.
2026-08-04 12:18:00.775 | INFO    |test_geracao_int:test_gerar_arquivo_int_nao_grava_quando_vazio:102 - [STEP] Finalizando: gerar_arquivo_int | Tempo gasto: 0.0s
2026-08-04 12:18:00.778 | INFO    |comum.dados.repositorio_cache:__init__:77 - Inicializando conexão com o banco no ambiente [dev]
2026-08-04 12:18:00.778 | INFO    |comum.dados.repositorio_cache:__init__:77 - Utilizando SQLite local [C:\Users\btime\AppData\Local\Temp\detraf_epico4_teste_8mg4ch5c\TABELAS_DETRAF_TESTE.db]
2026-08-04 12:18:00.779 | INFO    |comum.dados.repositorio_cache:obter_tabela:169 - Carregando tabela [tbl_detraf_mapeamento_descritores]
2026-08-04 12:18:00.780 | INFO    |comum.dados.repositorio_cache:obter_tabela:169 - Tabela [tbl_detraf_mapeamento_descritores] carregada | Linhas: 25 | Colunas: 5
2026-08-04 12:18:00.784 | INFO    |test_geracao_int:test_gerar_arquivo_int_grava_no_caminho_e_nome_corretos:110 - [STEP] Iniciando: montar_linhas_int
2026-08-04 12:18:00.786 | INFO    |comum.utils.decoradores:wrapper:22 - [HU-13 INT] 1 linha(s) montada(s) (COM retenção).
2026-08-04 12:18:00.786 | INFO    |test_geracao_int:test_gerar_arquivo_int_grava_no_caminho_e_nome_corretos:110 - [STEP] Finalizando: montar_linhas_int | Tempo gasto: 0.0s
2026-08-04 12:18:00.787 | INFO    |test_geracao_int:test_gerar_arquivo_int_grava_no_caminho_e_nome_corretos:112 - [STEP] Iniciando: gerar_arquivo_int
2026-08-04 12:18:00.794 | INFO    |comum.utils.decoradores:wrapper:22 - [HU-13 INT] Arquivo gravado em [C:\Users\btime\AppData\Local\Temp\pytest-of-btime\pytest-288\test_gerar_arquivo_int_grava_n0\Claro\2025\202507\AGI\DE_AGI_D_202507_TBRA_X_CLARO_INT.xlsx].
2026-08-04 12:18:00.794 | INFO    |test_geracao_int:test_gerar_arquivo_int_grava_no_caminho_e_nome_corretos:112 - [STEP] Finalizando: gerar_arquivo_int | Tempo gasto: 0.01s
2026-08-04 12:18:00.818 | INFO    |comum.dados.repositorio_cache:__init__:77 - Inicializando conexão com o banco no ambiente [dev]
2026-08-04 12:18:00.818 | INFO    |comum.dados.repositorio_cache:__init__:77 - Utilizando SQLite local [C:\Users\btime\AppData\Local\Temp\detraf_epico4_teste_8mg4ch5c\TABELAS_DETRAF_TESTE.db]
2026-08-04 12:18:00.819 | INFO    |comum.dados.repositorio_cache:obter_tabela:169 - Carregando tabela [tbl_detraf_mapeamento_descritores]
2026-08-04 12:18:00.820 | INFO    |comum.dados.repositorio_cache:obter_tabela:169 - Tabela [tbl_detraf_mapeamento_descritores] carregada | Linhas: 25 | Colunas: 5
2026-08-04 12:18:00.824 | INFO    |comum.dados.repositorio_cache:__init__:77 - Inicializando conexão com o banco no ambiente [dev]
2026-08-04 12:18:00.824 | INFO    |comum.dados.repositorio_cache:__init__:77 - Utilizando SQLite local [C:\Users\btime\AppData\Local\Temp\detraf_epico4_teste_8mg4ch5c\TABELAS_DETRAF_TESTE.db]
2026-08-04 12:18:00.825 | INFO    |comum.dados.repositorio_cache:obter_tabela:169 - Carregando tabela [tbl_detraf_mapeamento_descritores]
2026-08-04 12:18:00.827 | INFO    |comum.dados.repositorio_cache:obter_tabela:169 - Tabela [tbl_detraf_mapeamento_descritores] carregada | Linhas: 25 | Colunas: 5
2026-08-04 12:18:00.837 | INFO    |comum.dados.repositorio_cache:__init__:77 - Inicializando conexão com o banco no ambiente [dev]
2026-08-04 12:18:00.837 | INFO    |comum.dados.repositorio_cache:__init__:77 - Utilizando SQLite local [C:\Users\btime\AppData\Local\Temp\detraf_epico4_teste_8mg4ch5c\TABELAS_DETRAF_TESTE.db]
2026-08-04 12:18:00.838 | INFO    |comum.dados.repositorio_cache:obter_tabela:169 - Carregando tabela [tbl_detraf_mapeamento_descritores]
2026-08-04 12:18:00.839 | INFO    |comum.dados.repositorio_cache:obter_tabela:169 - Tabela [tbl_detraf_mapeamento_descritores] carregada | Linhas: 25 | Colunas: 5
2026-08-04 12:18:00.845 | INFO    |comum.dados.repositorio_cache:__init__:77 - Inicializando conexão com o banco no ambiente [dev]
2026-08-04 12:18:00.845 | INFO    |comum.dados.repositorio_cache:__init__:77 - Utilizando SQLite local [C:\Users\btime\AppData\Local\Temp\detraf_epico4_teste_8mg4ch5c\TABELAS_DETRAF_TESTE.db]
2026-08-04 12:18:00.846 | INFO    |comum.dados.repositorio_cache:obter_tabela:169 - Carregando tabela [tbl_detraf_mapeamento_descritores]
2026-08-04 12:18:00.848 | INFO    |comum.dados.repositorio_cache:obter_tabela:169 - Tabela [tbl_detraf_mapeamento_descritores] carregada | Linhas: 25 | Colunas: 5
2026-08-04 12:18:00.854 | INFO    |comum.dados.repositorio_cache:__init__:77 - Inicializando conexão com o banco no ambiente [dev]
2026-08-04 12:18:00.854 | INFO    |comum.dados.repositorio_cache:__init__:77 - Utilizando SQLite local [C:\Users\btime\AppData\Local\Temp\detraf_epico4_teste_8mg4ch5c\TABELAS_DETRAF_TESTE.db]
2026-08-04 12:18:00.854 | INFO    |comum.dados.repositorio_cache:obter_tabela:169 - Carregando tabela [tbl_detraf_mapeamento_descritores]
2026-08-04 12:18:00.856 | INFO    |comum.dados.repositorio_cache:obter_tabela:169 - Tabela [tbl_detraf_mapeamento_descritores] carregada | Linhas: 25 | Colunas: 5
2026-08-04 12:18:00.861 | INFO    |comum.dados.repositorio_cache:__init__:77 - Inicializando conexão com o banco no ambiente [dev]
2026-08-04 12:18:00.862 | INFO    |comum.dados.repositorio_cache:__init__:77 - Utilizando SQLite local [C:\Users\btime\AppData\Local\Temp\detraf_epico4_teste_8mg4ch5c\TABELAS_DETRAF_TESTE.db]
2026-08-04 12:18:00.862 | INFO    |comum.dados.repositorio_cache:obter_tabela:169 - Carregando tabela [tbl_detraf_mapeamento_descritores]
2026-08-04 12:18:00.864 | INFO    |comum.dados.repositorio_cache:obter_tabela:169 - Tabela [tbl_detraf_mapeamento_descritores] carregada | Linhas: 25 | Colunas: 5
2026-08-04 12:18:00.869 | INFO    |comum.dados.repositorio_cache:__init__:77 - Inicializando conexão com o banco no ambiente [dev]
2026-08-04 12:18:00.869 | INFO    |comum.dados.repositorio_cache:__init__:77 - Utilizando SQLite local [C:\Users\btime\AppData\Local\Temp\detraf_epico4_teste_8mg4ch5c\TABELAS_DETRAF_TESTE.db]
2026-08-04 12:18:00.870 | INFO    |comum.dados.repositorio_cache:obter_tabela:169 - Carregando tabela [tbl_detraf_mapeamento_descritores]
2026-08-04 12:18:00.871 | INFO    |comum.dados.repositorio_cache:obter_tabela:169 - Tabela [tbl_detraf_mapeamento_descritores] carregada | Linhas: 25 | Colunas: 5
2026-08-04 12:18:00.877 | INFO    |comum.dados.repositorio_cache:__init__:77 - Inicializando conexão com o banco no ambiente [dev]
2026-08-04 12:18:00.878 | INFO    |comum.dados.repositorio_cache:__init__:77 - Utilizando SQLite local [C:\Users\btime\AppData\Local\Temp\detraf_epico4_teste_8mg4ch5c\TABELAS_DETRAF_TESTE.db]
2026-08-04 12:18:00.878 | INFO    |comum.dados.repositorio_cache:obter_tabela:169 - Carregando tabela [tbl_detraf_mapeamento_descritores]
2026-08-04 12:18:00.880 | INFO    |comum.dados.repositorio_cache:obter_tabela:169 - Tabela [tbl_detraf_mapeamento_descritores] carregada | Linhas: 25 | Colunas: 5
2026-08-04 12:18:00.886 | INFO    |comum.dados.repositorio_cache:__init__:77 - Inicializando conexão com o banco no ambiente [dev]
2026-08-04 12:18:00.886 | INFO    |comum.dados.repositorio_cache:__init__:77 - Utilizando SQLite local [C:\Users\btime\AppData\Local\Temp\detraf_epico4_teste_8mg4ch5c\TABELAS_DETRAF_TESTE.db]
2026-08-04 12:18:00.886 | INFO    |comum.dados.repositorio_cache:obter_tabela:169 - Carregando tabela [tbl_detraf_mapeamento_descritores]
2026-08-04 12:18:00.888 | INFO    |comum.dados.repositorio_cache:obter_tabela:169 - Tabela [tbl_detraf_mapeamento_descritores] carregada | Linhas: 25 | Colunas: 5
2026-08-04 12:18:00.895 | INFO    |comum.dados.repositorio_cache:__init__:77 - Inicializando conexão com o banco no ambiente [dev]
2026-08-04 12:18:00.895 | INFO    |comum.dados.repositorio_cache:__init__:77 - Utilizando SQLite local [C:\Users\btime\AppData\Local\Temp\detraf_epico4_teste_8mg4ch5c\TABELAS_DETRAF_TESTE.db]
2026-08-04 12:18:00.896 | INFO    |comum.dados.repositorio_cache:obter_tabela:169 - Carregando tabela [tbl_detraf_mapeamento_descritores]
2026-08-04 12:18:00.899 | INFO    |comum.dados.repositorio_cache:obter_tabela:169 - Tabela [tbl_detraf_mapeamento_descritores] carregada | Linhas: 25 | Colunas: 5
2026-08-04 12:18:00.905 | INFO    |comum.dados.repositorio_cache:__init__:77 - Inicializando conexão com o banco no ambiente [dev]
2026-08-04 12:18:00.905 | INFO    |comum.dados.repositorio_cache:__init__:77 - Utilizando SQLite local [C:\Users\btime\AppData\Local\Temp\detraf_epico4_teste_8mg4ch5c\TABELAS_DETRAF_TESTE.db]
2026-08-04 12:18:00.905 | INFO    |comum.dados.repositorio_cache:obter_tabela:169 - Carregando tabela [tbl_detraf_mapeamento_descritores]
2026-08-04 12:18:00.907 | INFO    |comum.dados.repositorio_cache:obter_tabela:169 - Tabela [tbl_detraf_mapeamento_descritores] carregada | Linhas: 25 | Colunas: 5
2026-08-04 12:18:00.913 | INFO    |comum.dados.repositorio_cache:__init__:77 - Inicializando conexão com o banco no ambiente [dev]
2026-08-04 12:18:00.913 | INFO    |comum.dados.repositorio_cache:__init__:77 - Utilizando SQLite local [C:\Users\btime\AppData\Local\Temp\detraf_epico4_teste_8mg4ch5c\TABELAS_DETRAF_TESTE.db]
2026-08-04 12:18:00.913 | INFO    |comum.dados.repositorio_cache:obter_tabela:169 - Carregando tabela [tbl_detraf_mapeamento_descritores]
2026-08-04 12:18:00.916 | INFO    |comum.dados.repositorio_cache:obter_tabela:169 - Tabela [tbl_detraf_mapeamento_descritores] carregada | Linhas: 25 | Colunas: 5
2026-08-04 12:18:00.921 | INFO    |comum.dados.repositorio_cache:__init__:77 - Inicializando conexão com o banco no ambiente [dev]
2026-08-04 12:18:00.921 | INFO    |comum.dados.repositorio_cache:__init__:77 - Utilizando SQLite local [C:\Users\btime\AppData\Local\Temp\detraf_epico4_teste_8mg4ch5c\TABELAS_DETRAF_TESTE.db]
2026-08-04 12:18:00.921 | INFO    |comum.dados.repositorio_cache:obter_tabela:169 - Carregando tabela [tbl_detraf_mapeamento_descritores]
2026-08-04 12:18:00.923 | INFO    |comum.dados.repositorio_cache:obter_tabela:169 - Tabela [tbl_detraf_mapeamento_descritores] carregada | Linhas: 25 | Colunas: 5
2026-08-04 12:18:00.940 | INFO    |comum.dados.repositorio_cache:__init__:77 - Inicializando conexão com o banco no ambiente [dev]
2026-08-04 12:18:00.940 | INFO    |comum.dados.repositorio_cache:__init__:77 - Utilizando SQLite local [C:\Users\btime\AppData\Local\Temp\detraf_epico4_teste_8mg4ch5c\TABELAS_DETRAF_TESTE.db]
2026-08-04 12:18:00.946 | INFO    |test_repositorio_escrita:test_atualizar_dados_aplica_update_e_retorna_rowcount:53 - 1 linha(s) atualizada(s) em [tbl_rpa_log_detraf_despesa_contestacao].
2026-08-04 12:18:00.946 | INFO    |comum.dados.repositorio_cache:recarregar_cache_local:330 - Carregando tabela [tbl_rpa_log_detraf_despesa_contestacao]
2026-08-04 12:18:00.948 | INFO    |comum.dados.repositorio_cache:recarregar_cache_local:330 - Tabela [tbl_rpa_log_detraf_despesa_contestacao] carregada | Linhas: 2 | Colunas: 18
2026-08-04 12:18:00.952 | INFO    |comum.dados.repositorio_cache:__init__:77 - Inicializando conexão com o banco no ambiente [dev]
2026-08-04 12:18:00.952 | INFO    |comum.dados.repositorio_cache:__init__:77 - Utilizando SQLite local [C:\Users\btime\AppData\Local\Temp\detraf_epico4_teste_8mg4ch5c\TABELAS_DETRAF_TESTE.db]
2026-08-04 12:18:00.954 | INFO    |test_repositorio_escrita:test_atualizar_dados_chave_inexistente_retorna_zero:64 - 0 linha(s) atualizada(s) em [tbl_rpa_log_detraf_despesa_contestacao].
2026-08-04 12:18:00.956 | INFO    |comum.dados.repositorio_cache:__init__:77 - Inicializando conexão com o banco no ambiente [dev]
2026-08-04 12:18:00.956 | INFO    |comum.dados.repositorio_cache:__init__:77 - Utilizando SQLite local [C:\Users\btime\AppData\Local\Temp\detraf_epico4_teste_8mg4ch5c\TABELAS_DETRAF_TESTE.db]
2026-08-04 12:18:00.958 | INFO    |comum.dados.repositorio_cache:__init__:77 - Inicializando conexão com o banco no ambiente [dev]
2026-08-04 12:18:00.959 | INFO    |comum.dados.repositorio_cache:__init__:77 - Utilizando SQLite local [C:\Users\btime\AppData\Local\Temp\detraf_epico4_teste_8mg4ch5c\TABELAS_DETRAF_TESTE.db]
2026-08-04 12:18:00.962 | INFO    |comum.dados.repositorio_cache:__init__:77 - Inicializando conexão com o banco no ambiente [dev]
2026-08-04 12:18:00.962 | INFO    |comum.dados.repositorio_cache:__init__:77 - Utilizando SQLite local [C:\Users\btime\AppData\Local\Temp\detraf_epico4_teste_8mg4ch5c\TABELAS_DETRAF_TESTE.db]
2026-08-04 12:18:00.965 | INFO    |comum.dados.repositorio_cache:__init__:77 - Inicializando conexão com o banco no ambiente [dev]
2026-08-04 12:18:00.965 | INFO    |comum.dados.repositorio_cache:__init__:77 - Utilizando SQLite local [C:\Users\btime\AppData\Local\Temp\detraf_epico4_teste_8mg4ch5c\TABELAS_DETRAF_TESTE.db]
2026-08-04 12:18:00.966 | INFO    |comum.dados.repositorio_cache:inserir_dados:255 - Nenhum registro para inserir em [tbl_rpa_log_detraf_despesa_contestacao].
2026-08-04 12:18:00.966 | INFO    |comum.dados.repositorio_cache:obter_tabela:169 - Carregando tabela [tbl_rpa_log_detraf_despesa_contestacao]
2026-08-04 12:18:00.968 | INFO    |comum.dados.repositorio_cache:obter_tabela:169 - Tabela [tbl_rpa_log_detraf_despesa_contestacao] carregada | Linhas: 2 | Colunas: 18
2026-08-04 12:18:00.970 | INFO    |comum.dados.repositorio_cache:__init__:77 - Inicializando conexão com o banco no ambiente [dev]
2026-08-04 12:18:00.970 | INFO    |comum.dados.repositorio_cache:__init__:77 - Utilizando SQLite local [C:\Users\btime\AppData\Local\Temp\detraf_epico4_teste_8mg4ch5c\TABELAS_DETRAF_TESTE.db]
2026-08-04 12:18:00.976 | INFO    |test_repositorio_escrita:test_atualizar_dados_nao_vaza_valor_para_a_sql:101 - 1 linha(s) atualizada(s) em [tbl_rpa_log_detraf_despesa_contestacao].
2026-08-04 12:18:00.976 | INFO    |comum.dados.repositorio_cache:recarregar_cache_local:330 - Carregando tabela [tbl_rpa_log_detraf_despesa_contestacao]
2026-08-04 12:18:00.977 | INFO    |comum.dados.repositorio_cache:recarregar_cache_local:330 - Tabela [tbl_rpa_log_detraf_despesa_contestacao] carregada | Linhas: 2 | Colunas: 18
2026-08-04 12:18:00.981 | INFO    |comum.dados.repositorio_cache:__init__:77 - Inicializando conexão com o banco no ambiente [dev]
2026-08-04 12:18:00.981 | INFO    |comum.dados.repositorio_cache:__init__:77 - Utilizando SQLite local [C:\Users\btime\AppData\Local\Temp\detraf_epico4_teste_8mg4ch5c\TABELAS_DETRAF_TESTE.db]
2026-08-04 12:18:00.982 | INFO    |test_repositorio_escrita:test_atualizar_despesa_atualiza_os_seis_campos_sem_criar_linha:115 - [STEP] Iniciando: preparar_atualizacoes_despesa_contestacao
2026-08-04 12:18:00.983 | INFO    |comum.utils.decoradores:wrapper:22 - [HU-19 Despesa Contestação] 1 atualização(ões) preparada(s).
2026-08-04 12:18:00.983 | INFO    |test_repositorio_escrita:test_atualizar_despesa_atualiza_os_seis_campos_sem_criar_linha:115 - [STEP] Finalizando: preparar_atualizacoes_despesa_contestacao | Tempo gasto: 0.0s
2026-08-04 12:18:00.983 | INFO    |comum.dados.repositorio_cache:obter_tabela:169 - Carregando tabela [tbl_rpa_log_detraf_despesa_contestacao]
2026-08-04 12:18:00.984 | INFO    |comum.dados.repositorio_cache:obter_tabela:169 - Tabela [tbl_rpa_log_detraf_despesa_contestacao] carregada | Linhas: 2 | Colunas: 18
2026-08-04 12:18:00.990 | INFO    |comum.dados.repositorio_tabelas:_atualizar_contestacao_em_lote:864 - 1 linha(s) atualizada(s) em [tbl_rpa_log_detraf_despesa_contestacao].
2026-08-04 12:18:00.990 | INFO    |comum.dados.repositorio_cache:recarregar_cache_local:330 - Carregando tabela [tbl_rpa_log_detraf_despesa_contestacao]
2026-08-04 12:18:00.992 | INFO    |comum.dados.repositorio_cache:recarregar_cache_local:330 - Tabela [tbl_rpa_log_detraf_despesa_contestacao] carregada | Linhas: 2 | Colunas: 18
2026-08-04 12:18:00.992 | INFO    |comum.dados.repositorio_tabelas:atualizar_despesa_contestacao:903 - [HU-19 Despesa Contestação] 1 linha(s) atualizada(s), 0 chave(s) ausente(s).
2026-08-04 12:18:00.995 | INFO    |comum.dados.repositorio_cache:__init__:77 - Inicializando conexão com o banco no ambiente [dev]
2026-08-04 12:18:00.995 | INFO    |comum.dados.repositorio_cache:__init__:77 - Utilizando SQLite local [C:\Users\btime\AppData\Local\Temp\detraf_epico4_teste_8mg4ch5c\TABELAS_DETRAF_TESTE.db]
2026-08-04 12:18:00.996 | INFO    |test_repositorio_escrita:test_atualizar_despesa_preserva_lado_tbra_e_sinal_do_analista:134 - [STEP] Iniciando: preparar_atualizacoes_despesa_contestacao
2026-08-04 12:18:00.997 | INFO    |comum.utils.decoradores:wrapper:22 - [HU-19 Despesa Contestação] 1 atualização(ões) preparada(s).
2026-08-04 12:18:00.997 | INFO    |test_repositorio_escrita:test_atualizar_despesa_preserva_lado_tbra_e_sinal_do_analista:134 - [STEP] Finalizando: preparar_atualizacoes_despesa_contestacao | Tempo gasto: 0.0s
2026-08-04 12:18:00.998 | INFO    |comum.dados.repositorio_cache:obter_tabela:169 - Carregando tabela [tbl_rpa_log_detraf_despesa_contestacao]
2026-08-04 12:18:00.999 | INFO    |comum.dados.repositorio_cache:obter_tabela:169 - Tabela [tbl_rpa_log_detraf_despesa_contestacao] carregada | Linhas: 2 | Colunas: 18
2026-08-04 12:18:01.006 | INFO    |comum.dados.repositorio_tabelas:_atualizar_contestacao_em_lote:864 - 1 linha(s) atualizada(s) em [tbl_rpa_log_detraf_despesa_contestacao].
2026-08-04 12:18:01.006 | INFO    |comum.dados.repositorio_cache:recarregar_cache_local:330 - Carregando tabela [tbl_rpa_log_detraf_despesa_contestacao]
2026-08-04 12:18:01.007 | INFO    |comum.dados.repositorio_cache:recarregar_cache_local:330 - Tabela [tbl_rpa_log_detraf_despesa_contestacao] carregada | Linhas: 2 | Colunas: 18
2026-08-04 12:18:01.007 | INFO    |comum.dados.repositorio_tabelas:atualizar_despesa_contestacao:903 - [HU-19 Despesa Contestação] 1 linha(s) atualizada(s), 0 chave(s) ausente(s).
2026-08-04 12:18:01.011 | INFO    |comum.dados.repositorio_cache:__init__:77 - Inicializando conexão com o banco no ambiente [dev]
2026-08-04 12:18:01.011 | INFO    |comum.dados.repositorio_cache:__init__:77 - Utilizando SQLite local [C:\Users\btime\AppData\Local\Temp\detraf_epico4_teste_8mg4ch5c\TABELAS_DETRAF_TESTE.db]
2026-08-04 12:18:01.012 | INFO    |test_repositorio_escrita:test_atualizar_despesa_chave_ausente_nao_aborta_o_lote:154 - [STEP] Iniciando: preparar_atualizacoes_despesa_contestacao
2026-08-04 12:18:01.013 | INFO    |comum.utils.decoradores:wrapper:22 - [HU-19 Despesa Contestação] 2 atualização(ões) preparada(s).
2026-08-04 12:18:01.013 | INFO    |test_repositorio_escrita:test_atualizar_despesa_chave_ausente_nao_aborta_o_lote:154 - [STEP] Finalizando: preparar_atualizacoes_despesa_contestacao | Tempo gasto: 0.0s
2026-08-04 12:18:01.014 | INFO    |comum.dados.repositorio_cache:obter_tabela:169 - Carregando tabela [tbl_rpa_log_detraf_despesa_contestacao]
2026-08-04 12:18:01.015 | INFO    |comum.dados.repositorio_cache:obter_tabela:169 - Tabela [tbl_rpa_log_detraf_despesa_contestacao] carregada | Linhas: 2 | Colunas: 18
2026-08-04 12:18:01.021 | INFO    |comum.dados.repositorio_tabelas:_atualizar_contestacao_em_lote:864 - 1 linha(s) atualizada(s) em [tbl_rpa_log_detraf_despesa_contestacao].
2026-08-04 12:18:01.023 | WARNING |comum.dados.repositorio_tabelas:atualizar_despesa_contestacao:903 - [HU-19 Despesa Contestação] Chave sem linha correspondente no banco {'eot_operadora': '999', 'eot_tbra': '099', 'referencia': '202507', 'trafego': '202507', 'remuneracao': 'TU-COM'} — ignorada (a linha-base é inserida pelo Épico 3, B-D20).
2026-08-04 12:18:01.023 | INFO    |comum.dados.repositorio_cache:recarregar_cache_local:330 - Carregando tabela [tbl_rpa_log_detraf_despesa_contestacao]
2026-08-04 12:18:01.024 | INFO    |comum.dados.repositorio_cache:recarregar_cache_local:330 - Tabela [tbl_rpa_log_detraf_despesa_contestacao] carregada | Linhas: 2 | Colunas: 18
2026-08-04 12:18:01.024 | INFO    |comum.dados.repositorio_tabelas:atualizar_despesa_contestacao:903 - [HU-19 Despesa Contestação] 1 linha(s) atualizada(s), 1 chave(s) ausente(s).
2026-08-04 12:18:01.027 | INFO    |comum.dados.repositorio_cache:__init__:77 - Inicializando conexão com o banco no ambiente [dev]
2026-08-04 12:18:01.027 | INFO    |comum.dados.repositorio_cache:__init__:77 - Utilizando SQLite local [C:\Users\btime\AppData\Local\Temp\detraf_epico4_teste_8mg4ch5c\TABELAS_DETRAF_TESTE.db]
2026-08-04 12:18:01.028 | INFO    |comum.dados.repositorio_tabelas:atualizar_despesa_contestacao:903 - [HU-19 Despesa Contestação] Nada a atualizar (lote vazio).
2026-08-04 12:18:01.030 | INFO    |comum.dados.repositorio_cache:__init__:77 - Inicializando conexão com o banco no ambiente [dev]
2026-08-04 12:18:01.030 | INFO    |comum.dados.repositorio_cache:__init__:77 - Utilizando SQLite local [C:\Users\btime\AppData\Local\Temp\detraf_epico4_teste_8mg4ch5c\TABELAS_DETRAF_TESTE.db]
2026-08-04 12:18:01.031 | INFO    |test_repositorio_escrita:test_atualizar_despesa_normaliza_eot_como_a_leitura_do_sinal:172 - [STEP] Iniciando: preparar_atualizacoes_despesa_contestacao
2026-08-04 12:18:01.032 | INFO    |comum.utils.decoradores:wrapper:22 - [HU-19 Despesa Contestação] 1 atualização(ões) preparada(s).
2026-08-04 12:18:01.032 | INFO    |test_repositorio_escrita:test_atualizar_despesa_normaliza_eot_como_a_leitura_do_sinal:172 - [STEP] Finalizando: preparar_atualizacoes_despesa_contestacao | Tempo gasto: 0.0s
2026-08-04 12:18:01.033 | INFO    |comum.dados.repositorio_cache:obter_tabela:169 - Carregando tabela [tbl_rpa_log_detraf_despesa_contestacao]
2026-08-04 12:18:01.035 | INFO    |comum.dados.repositorio_cache:obter_tabela:169 - Tabela [tbl_rpa_log_detraf_despesa_contestacao] carregada | Linhas: 2 | Colunas: 18
2026-08-04 12:18:01.040 | INFO    |comum.dados.repositorio_tabelas:_atualizar_contestacao_em_lote:864 - 1 linha(s) atualizada(s) em [tbl_rpa_log_detraf_despesa_contestacao].
2026-08-04 12:18:01.040 | INFO    |comum.dados.repositorio_cache:recarregar_cache_local:330 - Carregando tabela [tbl_rpa_log_detraf_despesa_contestacao]
2026-08-04 12:18:01.041 | INFO    |comum.dados.repositorio_cache:recarregar_cache_local:330 - Tabela [tbl_rpa_log_detraf_despesa_contestacao] carregada | Linhas: 2 | Colunas: 18
2026-08-04 12:18:01.041 | INFO    |comum.dados.repositorio_tabelas:atualizar_despesa_contestacao:903 - [HU-19 Despesa Contestação] 1 linha(s) atualizada(s), 0 chave(s) ausente(s).
2026-08-04 12:18:01.044 | INFO    |comum.dados.repositorio_cache:__init__:77 - Inicializando conexão com o banco no ambiente [dev]
2026-08-04 12:18:01.045 | INFO    |comum.dados.repositorio_cache:__init__:77 - Utilizando SQLite local [C:\Users\btime\AppData\Local\Temp\detraf_epico4_teste_8mg4ch5c\TABELAS_DETRAF_TESTE.db]
2026-08-04 12:18:01.046 | INFO    |comum.dados.repositorio_cache:obter_tabela:169 - Carregando tabela [tbl_rpa_log_detraf_despesa_contestacao]
2026-08-04 12:18:01.048 | INFO    |comum.dados.repositorio_cache:obter_tabela:169 - Tabela [tbl_rpa_log_detraf_despesa_contestacao] carregada | Linhas: 2 | Colunas: 18
2026-08-04 12:18:01.051 | INFO    |comum.dados.repositorio_tabelas:_atualizar_contestacao_em_lote:864 - 1 linha(s) atualizada(s) em [tbl_rpa_log_detraf_despesa_contestacao].
2026-08-04 12:18:01.051 | INFO    |comum.dados.repositorio_cache:recarregar_cache_local:330 - Carregando tabela [tbl_rpa_log_detraf_despesa_contestacao]
2026-08-04 12:18:01.052 | INFO    |comum.dados.repositorio_cache:recarregar_cache_local:330 - Tabela [tbl_rpa_log_detraf_despesa_contestacao] carregada | Linhas: 2 | Colunas: 18
2026-08-04 12:18:01.052 | INFO    |comum.dados.repositorio_tabelas:atualizar_tipo_contestacao:930 - [HU-16 Writeback tipo_contestacao] 1 linha(s) atualizada(s), 0 chave(s) ausente(s).
2026-08-04 12:18:01.057 | INFO    |comum.dados.repositorio_cache:__init__:77 - Inicializando conexão com o banco no ambiente [dev]
2026-08-04 12:18:01.057 | INFO    |comum.dados.repositorio_cache:__init__:77 - Utilizando SQLite local [C:\Users\btime\AppData\Local\Temp\detraf_epico4_teste_8mg4ch5c\TABELAS_DETRAF_TESTE.db]
2026-08-04 12:18:01.058 | INFO    |comum.dados.repositorio_cache:obter_tabela:169 - Carregando tabela [tbl_rpa_log_detraf_despesa_contestacao]
2026-08-04 12:18:01.060 | INFO    |comum.dados.repositorio_cache:obter_tabela:169 - Tabela [tbl_rpa_log_detraf_despesa_contestacao] carregada | Linhas: 2 | Colunas: 18
2026-08-04 12:18:01.062 | INFO    |comum.dados.repositorio_tabelas:_atualizar_contestacao_em_lote:864 - 1 linha(s) atualizada(s) em [tbl_rpa_log_detraf_despesa_contestacao].
2026-08-04 12:18:01.062 | INFO    |comum.dados.repositorio_cache:recarregar_cache_local:330 - Carregando tabela [tbl_rpa_log_detraf_despesa_contestacao]
2026-08-04 12:18:01.063 | INFO    |comum.dados.repositorio_cache:recarregar_cache_local:330 - Tabela [tbl_rpa_log_detraf_despesa_contestacao] carregada | Linhas: 2 | Colunas: 18
2026-08-04 12:18:01.063 | INFO    |comum.dados.repositorio_tabelas:atualizar_tipo_contestacao:930 - [HU-16 Writeback tipo_contestacao] 1 linha(s) atualizada(s), 0 chave(s) ausente(s).
2026-08-04 12:18:01.066 | INFO    |comum.dados.repositorio_cache:__init__:77 - Inicializando conexão com o banco no ambiente [dev]
2026-08-04 12:18:01.066 | INFO    |comum.dados.repositorio_cache:__init__:77 - Utilizando SQLite local [C:\Users\btime\AppData\Local\Temp\detraf_epico4_teste_8mg4ch5c\TABELAS_DETRAF_TESTE.db]
2026-08-04 12:18:01.068 | INFO    |comum.dados.repositorio_cache:obter_tabela:169 - Carregando tabela [tbl_rpa_log_detraf_despesa_contestacao]
2026-08-04 12:18:01.069 | INFO    |comum.dados.repositorio_cache:obter_tabela:169 - Tabela [tbl_rpa_log_detraf_despesa_contestacao] carregada | Linhas: 2 | Colunas: 18
2026-08-04 12:18:01.070 | WARNING |comum.dados.repositorio_tabelas:atualizar_tipo_contestacao:930 - [HU-16 Writeback tipo_contestacao] Chave sem linha correspondente no banco {'eot_operadora': '888', 'eot_tbra': '011', 'referencia': '202507', 'trafego': '202507', 'remuneracao': 'TU-RL'} — ignorada (a linha-base é inserida pelo Épico 3, B-D20).
2026-08-04 12:18:01.071 | INFO    |comum.dados.repositorio_cache:recarregar_cache_local:330 - Carregando tabela [tbl_rpa_log_detraf_despesa_contestacao]
2026-08-04 12:18:01.072 | INFO    |comum.dados.repositorio_cache:recarregar_cache_local:330 - Tabela [tbl_rpa_log_detraf_despesa_contestacao] carregada | Linhas: 2 | Colunas: 18
2026-08-04 12:18:01.072 | INFO    |comum.dados.repositorio_tabelas:atualizar_tipo_contestacao:930 - [HU-16 Writeback tipo_contestacao] 0 linha(s) atualizada(s), 1 chave(s) ausente(s).
2026-08-04 12:18:01.074 | INFO    |comum.dados.repositorio_cache:__init__:77 - Inicializando conexão com o banco no ambiente [dev]
2026-08-04 12:18:01.074 | INFO    |comum.dados.repositorio_cache:__init__:77 - Utilizando SQLite local [C:\Users\btime\AppData\Local\Temp\detraf_epico4_teste_8mg4ch5c\TABELAS_DETRAF_TESTE.db]
2026-08-04 12:18:01.079 | INFO    |test_repositorio_escrita:test_cache_e_recarregado_apos_update:250 - 1 linha(s) atualizada(s) em [tbl_rpa_log_detraf_despesa_contestacao].
2026-08-04 12:18:01.080 | INFO    |comum.dados.repositorio_cache:recarregar_cache_local:330 - Carregando tabela [tbl_rpa_log_detraf_despesa_contestacao]
2026-08-04 12:18:01.081 | INFO    |comum.dados.repositorio_cache:recarregar_cache_local:330 - Tabela [tbl_rpa_log_detraf_despesa_contestacao] carregada | Linhas: 2 | Colunas: 18
2026-08-04 12:18:01.095 | INFO    |test_upload_agi:test_operadora_sem_pasta_nao_quebra:76 - [HU-17] Sem pasta AGI para INEXISTENTE/202507: [C:\Users\btime\AppData\Local\Temp\pytest-of-btime\pytest-288\test_operadora_sem_pasta_nao_q0\Operadoras\INEXISTENTE\2025\202507\AGI].
2026-08-04 12:18:01.100 | INFO    |test_upload_agi:test_arquivo_de_outro_tipo_na_pasta_e_ignorado:81 - [HU-17] Nenhum EXT/INT em [C:\Users\btime\AppData\Local\Temp\pytest-of-btime\pytest-288\test_arquivo_de_outro_tipo_na_0\Operadoras\CLARO\2025\202507\AGI].
2026-08-04 12:18:01.115 | INFO    |test_upload_agi:test_a_carta_e_o_env_da_mesma_pasta_nao_entram:108 - [HU-18] Nenhum CONT_PROC_MASCARA em [C:\Users\btime\AppData\Local\Temp\pytest-of-btime\pytest-288\test_a_carta_e_o_env_da_mesma_0\Operadoras\CLARO\2025\202507\Contestações].
2026-08-04 12:18:01.119 | INFO    |test_upload_agi:test_hu17_nao_abre_o_agi_com_o_switch_desligado:117 - [STEP] Iniciando: UploadDetrafAGI.executar
2026-08-04 12:18:01.120 | INFO    |comum.utils.decoradores:wrapper:22 - [MODO SEGURO] PERMITIR_UPLOAD_AGI=false — 2 arquivo(s) pendente(s), nada enviado ao AGI:
2026-08-04 12:18:01.120 | INFO    |comum.utils.decoradores:wrapper:22 -   CLARO: DE_AGI_D_202507_TBRA_X_CLARO_EXT.txt
2026-08-04 12:18:01.120 | INFO    |comum.utils.decoradores:wrapper:22 -   CLARO: DE_AGI_D_202507_TBRA_X_CLARO_INT.txt
2026-08-04 12:18:01.120 | INFO    |test_upload_agi:test_hu17_nao_abre_o_agi_com_o_switch_desligado:117 - [STEP] Finalizando: UploadDetrafAGI.executar | Tempo gasto: 0.0s
2026-08-04 12:18:01.123 | INFO    |test_upload_agi:test_hu18_nao_abre_o_agi_com_o_switch_desligado:128 - [STEP] Iniciando: UploadContestacaoAGI.executar
2026-08-04 12:18:01.123 | INFO    |comum.utils.decoradores:wrapper:22 - [MODO SEGURO] PERMITIR_UPLOAD_AGI=false — 1 arquivo(s) de contestação pendente(s), nada enviado ao AGI:
2026-08-04 12:18:01.123 | INFO    |comum.utils.decoradores:wrapper:22 -   CLARO: CONT_PROC_MASCARA_CLARO_202507.xlsx
2026-08-04 12:18:01.123 | INFO    |test_upload_agi:test_hu18_nao_abre_o_agi_com_o_switch_desligado:128 - [STEP] Finalizando: UploadContestacaoAGI.executar | Tempo gasto: 0.0s
2026-08-04 12:18:01.126 | INFO    |test_upload_agi:test_sem_pendencia_o_agi_nao_e_aberto_nem_com_o_switch_ligado:138 - [STEP] Iniciando: UploadDetrafAGI.executar
2026-08-04 12:18:01.126 | INFO    |src.services.upload_detraf_agi:executar:158 - [HU-17] Sem pasta AGI para CLARO/202507: [C:\Users\btime\AppData\Local\Temp\pytest-of-btime\pytest-288\test_sem_pendencia_o_agi_nao_e0\Operadoras\CLARO\2025\202507\AGI].
2026-08-04 12:18:01.126 | INFO    |comum.utils.decoradores:wrapper:22 - [HU-17] Nada pendente em EXT/INT; nada a fazer.
2026-08-04 12:18:01.126 | INFO    |test_upload_agi:test_sem_pendencia_o_agi_nao_e_aberto_nem_com_o_switch_ligado:138 - [STEP] Finalizando: UploadDetrafAGI.executar | Tempo gasto: 0.0s
2026-08-04 12:18:01.127 | WARNING |test_upload_agi:test_sem_diretorio_configurado_nao_grava_e_nao_quebra:147 - [HU-17] DIRETORIO_EVIDENCIAS não configurado — evidência não capturada.
2026-08-04 12:18:01.130 | WARNING |test_upload_agi:test_falha_na_captura_nao_derruba_o_upload:158 - [HU-17] Falha ao capturar evidência em [C:\Users\btime\AppData\Local\Temp\pytest-of-btime\pytest-288\test_falha_na_captura_nao_derr0\evidencias\evidencia_arquivo_20260804_121801.png]: sem display
2026-08-04 14:08:03.772 | ERROR   |tests.test_contrato_rpa1_rpa2:test_rastreamento_inexistente_nao_estoura:259 - Arquivo de rastreamento não encontrado: 'C:\Users\btime\AppData\Local\Temp\pytest-of-btime\pytest-290\test_rastreamento_inexistente_0\nao_existe.json'.
2026-08-04 14:08:03.830 | INFO    |comum.integracoes.outlook:send_email:306 - E-mail enviado para 'operadora@exemplo.com' — assunto 'Assunto', 0 anexo(s).
2026-08-04 14:08:03.831 | INFO    |comum.integracoes.outlook:send_email:306 - E-mail enviado para '['a@x.com', 'b@x.com']' — assunto 's', 0 anexo(s).
2026-08-04 14:08:03.832 | INFO    |comum.integracoes.outlook:send_email:306 - E-mail enviado para 'a@x.com' — assunto 's', 0 anexo(s).
2026-08-04 14:08:03.832 | INFO    |comum.integracoes.outlook:send_email:306 - E-mail enviado para 'a@x.com' — assunto 's', 0 anexo(s).
2026-08-04 14:08:03.835 | INFO    |tests.test_outlook_comum:test_anexa_cada_arquivo_antes_de_enviar:110 - E-mail enviado para 'a@x.com' — assunto 's', 2 anexo(s).
2026-08-04 14:08:03.841 | INFO    |tests.test_outlook_comum:test_envio_sem_anexo_e_valido:154 - E-mail enviado para 'a@x.com' — assunto 's', 0 anexo(s).
2026-08-04 14:08:03.843 | INFO    |tests.test_outlook_comum:test_rascunho_e_o_default:177 - Resposta salva como rascunho para o e-mail 'ABC123'.
2026-08-04 14:08:03.844 | INFO    |tests.test_outlook_comum:test_envia_quando_pedido_explicitamente:183 - Resposta enviada para o e-mail 'ABC123'.
2026-08-04 14:08:03.845 | INFO    |tests.test_outlook_comum:test_assunto_prefixado_e_corpo_preenchido:189 - Resposta salva como rascunho para o e-mail 'ABC123'.
2026-08-04 14:08:03.845 | INFO    |comum.integracoes.outlook:create_reply_draft:276 - Resposta salva como rascunho para o e-mail 'ABC123'.
2026-08-04 14:08:03.989 | INFO    |comum.dados.repositorio_cache:__init__:77 - Inicializando conexão com o banco no ambiente [dev]
2026-08-04 14:08:03.989 | INFO    |comum.dados.repositorio_cache:__init__:77 - Utilizando SQLite local [banco_de_dados\TABELAS_DETRAF.db]
2026-08-04 14:08:04.003 | INFO    |comum.dados.repositorio_cache:__init__:77 - Inicializando conexão com o banco no ambiente [dev]
2026-08-04 14:08:04.003 | INFO    |comum.dados.repositorio_cache:__init__:77 - Utilizando SQLite local [C:\Users\btime\Desktop\Projetos\detraf unificado\DETRAF-UNIFICADO\unificado\banco_de_dados\TABELAS_DETRAF.db]
2026-08-04 14:08:04.005 | INFO    |comum.dados.repositorio_cache:__init__:77 - Inicializando conexão com o banco no ambiente [dev]
2026-08-04 14:08:04.005 | INFO    |comum.dados.repositorio_cache:__init__:77 - Utilizando SQLite local [C:\Users\btime\Desktop\Projetos\detraf unificado\DETRAF-UNIFICADO\unificado\banco_de_dados\TABELAS_DETRAF.db]
2026-08-04 14:08:04.005 | INFO    |comum.dados.repositorio_cache:obter_tabela:169 - Carregando tabela [tbl_anexo5_processado]
2026-08-04 14:08:04.028 | INFO    |comum.dados.repositorio_cache:obter_tabela:169 - Tabela [tbl_anexo5_processado] carregada | Linhas: 2656 | Colunas: 17
2026-08-04 14:08:04.031 | INFO    |comum.dados.repositorio_cache:__init__:77 - Inicializando conexão com o banco no ambiente [dev]
2026-08-04 14:08:04.031 | INFO    |comum.dados.repositorio_cache:__init__:77 - Utilizando SQLite local [C:\Users\btime\Desktop\Projetos\detraf unificado\DETRAF-UNIFICADO\unificado\banco_de_dados\TABELAS_DETRAF.db]
2026-08-04 14:08:04.032 | INFO    |comum.dados.repositorio_cache:obter_tabela:169 - Carregando tabela [tbl_anexo5_processado]
2026-08-04 14:08:04.043 | INFO    |comum.dados.repositorio_cache:obter_tabela:169 - Tabela [tbl_anexo5_processado] carregada | Linhas: 2656 | Colunas: 17
2026-08-04 14:08:04.045 | INFO    |comum.dados.repositorio_cache:__init__:77 - Inicializando conexão com o banco no ambiente [dev]
2026-08-04 14:08:04.045 | INFO    |comum.dados.repositorio_cache:__init__:77 - Utilizando SQLite local [C:\Users\btime\Desktop\Projetos\detraf unificado\DETRAF-UNIFICADO\unificado\banco_de_dados\TABELAS_DETRAF.db]
2026-08-04 14:08:04.046 | INFO    |comum.dados.repositorio_cache:__init__:77 - Inicializando conexão com o banco no ambiente [dev]
2026-08-04 14:08:04.046 | INFO    |comum.dados.repositorio_cache:__init__:77 - Utilizando SQLite local [C:\Users\btime\Desktop\Projetos\detraf unificado\DETRAF-UNIFICADO\unificado\banco_de_dados\TABELAS_DETRAF.db]
2026-08-04 14:08:04.047 | INFO    |comum.dados.repositorio_cache:obter_tabela:169 - Carregando tabela [tbl_anexo5_processado]
2026-08-04 14:08:04.058 | INFO    |comum.dados.repositorio_cache:obter_tabela:169 - Tabela [tbl_anexo5_processado] carregada | Linhas: 2656 | Colunas: 17
2026-08-04 14:08:04.065 | INFO    |comum.dados.repositorio_cache:__init__:77 - Inicializando conexão com o banco no ambiente [dev]
2026-08-04 14:08:04.065 | INFO    |comum.dados.repositorio_cache:__init__:77 - Utilizando SQLite local [C:\Users\btime\Desktop\Projetos\detraf unificado\DETRAF-UNIFICADO\unificado\banco_de_dados\TABELAS_DETRAF.db]
2026-08-04 14:08:04.066 | INFO    |comum.dados.repositorio_cache:obter_tabela:169 - Carregando tabela [tbl_anexo5_processado]
2026-08-04 14:08:04.079 | INFO    |comum.dados.repositorio_cache:obter_tabela:169 - Tabela [tbl_anexo5_processado] carregada | Linhas: 2656 | Colunas: 17
2026-08-04 14:08:04.081 | INFO    |tests.test_repositorio_tabelas:test_buscar_nome_fantasia_por_eot_inexistente:104 - Nome Fantasia não encontrado para o EOT [999999]
2026-08-04 14:08:04.083 | INFO    |comum.dados.repositorio_cache:__init__:77 - Inicializando conexão com o banco no ambiente [dev]
2026-08-04 14:08:04.083 | INFO    |comum.dados.repositorio_cache:__init__:77 - Utilizando SQLite local [C:\Users\btime\Desktop\Projetos\detraf unificado\DETRAF-UNIFICADO\unificado\banco_de_dados\TABELAS_DETRAF.db]
2026-08-04 14:08:04.084 | INFO    |comum.dados.repositorio_cache:obter_tabela:169 - Carregando tabela [tbl_anexo5_processado]
2026-08-04 14:08:04.098 | INFO    |comum.dados.repositorio_cache:obter_tabela:169 - Tabela [tbl_anexo5_processado] carregada | Linhas: 2656 | Colunas: 17
2026-08-04 14:08:04.101 | INFO    |comum.dados.repositorio_cache:__init__:77 - Inicializando conexão com o banco no ambiente [dev]
2026-08-04 14:08:04.101 | INFO    |comum.dados.repositorio_cache:__init__:77 - Utilizando SQLite local [C:\Users\btime\Desktop\Projetos\detraf unificado\DETRAF-UNIFICADO\unificado\banco_de_dados\TABELAS_DETRAF.db]
2026-08-04 14:08:04.102 | INFO    |comum.dados.repositorio_cache:obter_tabela:169 - Carregando tabela [tbl_detraf_tarifas]
2026-08-04 14:08:04.105 | INFO    |comum.dados.repositorio_cache:obter_tabela:169 - Tabela [tbl_detraf_tarifas] carregada | Linhas: 110 | Colunas: 17
2026-08-04 14:08:04.107 | INFO    |comum.dados.repositorio_cache:__init__:77 - Inicializando conexão com o banco no ambiente [dev]
2026-08-04 14:08:04.107 | INFO    |comum.dados.repositorio_cache:__init__:77 - Utilizando SQLite local [C:\Users\btime\Desktop\Projetos\detraf unificado\DETRAF-UNIFICADO\unificado\banco_de_dados\TABELAS_DETRAF.db]
2026-08-04 14:08:04.108 | INFO    |comum.dados.repositorio_cache:obter_tabela:169 - Carregando tabela [tbl_detraf_mapeamento_descritores]
2026-08-04 14:08:04.110 | INFO    |comum.dados.repositorio_cache:obter_tabela:169 - Tabela [tbl_detraf_mapeamento_descritores] carregada | Linhas: 25 | Colunas: 3
2026-08-04 14:08:04.111 | INFO    |comum.dados.repositorio_cache:__init__:77 - Inicializando conexão com o banco no ambiente [dev]
2026-08-04 14:08:04.111 | INFO    |comum.dados.repositorio_cache:__init__:77 - Utilizando SQLite local [C:\Users\btime\Desktop\Projetos\detraf unificado\DETRAF-UNIFICADO\unificado\banco_de_dados\TABELAS_DETRAF.db]
2026-08-04 14:08:05.272 | INFO    |comum.dados.repositorio_cache:__init__:77 - Inicializando conexão com o banco no ambiente [dev]
2026-08-04 14:08:05.273 | INFO    |comum.dados.repositorio_cache:__init__:77 - Utilizando SQLite local [C:\Users\btime\AppData\Local\Temp\detraf_test_n4snutos.db]
2026-08-04 14:08:05.343 | INFO    |comum.dados.repositorio_cache:obter_tabela:169 - Carregando tabela [tbl_anexo5_processado]
2026-08-04 14:08:05.345 | INFO    |comum.dados.repositorio_cache:obter_tabela:169 - Tabela [tbl_anexo5_processado] carregada | Linhas: 3 | Colunas: 2
2026-08-04 14:08:05.350 | INFO    |src.services.operadora_service:obter_operadora:153 - Nome Fantasia não encontrado para o EOT [999]
2026-08-04 14:08:05.353 | INFO    |src.services.operadora_service:obter_operadora:153 - Nome Fantasia não encontrado para o EOT [999]
2026-08-04 14:08:05.354 | INFO    |src.services.operadora_service:obter_operadora:163 - Nome Fantasia não encontrado para o texto [empresainexistente999]
2026-08-04 14:08:05.354 | WARNING |test_operadora_service:test_obter_operadora_nao_identificada:87 - Operadora não identificada para 'arquivo.csv' (eot='999', dominio='empresainexistente999.com.br', texto_busca='empresainexistente999')
2026-08-04 14:08:05.357 | INFO    |test_outlook_service_anexos:test_baixa_apenas_csv_e_excel:81 - E-mail 'ABC123': 3 anexo(s) ignorado(s) por extensão não permitida — carta_apresentacao.pdf, contrato.docx, assinatura.png
2026-08-04 14:08:05.357 | INFO    |test_outlook_service_anexos:test_baixa_apenas_csv_e_excel:81 - E-mail 'ABC123': 2 anexo(s) baixado(s) para 'C:\Users\btime\AppData\Local\Temp\pytest-of-btime\pytest-291\test_baixa_apenas_csv_e_excel0'.
2026-08-04 14:08:05.360 | INFO    |test_outlook_service_anexos:test_anexos_ignorados_nao_chegam_ao_disco:94 - E-mail 'ABC123': 1 anexo(s) ignorado(s) por extensão não permitida — carta.pdf
2026-08-04 14:08:05.360 | INFO    |test_outlook_service_anexos:test_anexos_ignorados_nao_chegam_ao_disco:94 - E-mail 'ABC123': 1 anexo(s) baixado(s) para 'C:\Users\btime\AppData\Local\Temp\pytest-of-btime\pytest-291\test_anexos_ignorados_nao_cheg0'.
2026-08-04 14:08:05.363 | INFO    |test_outlook_service_anexos:test_anexos_inline_continuam_ignorados:107 - E-mail 'ABC123': 1 anexo(s) baixado(s) para 'C:\Users\btime\AppData\Local\Temp\pytest-of-btime\pytest-291\test_anexos_inline_continuam_i0'.
2026-08-04 14:08:05.365 | INFO    |test_outlook_service_anexos:test_email_so_com_anexos_irrelevantes_devolve_lista_vazia:121 - E-mail 'ABC123': 1 anexo(s) ignorado(s) por extensão não permitida — apenas_um_pdf.pdf
2026-08-04 14:08:05.365 | INFO    |test_outlook_service_anexos:test_email_so_com_anexos_irrelevantes_devolve_lista_vazia:121 - E-mail 'ABC123': 0 anexo(s) baixado(s) para 'C:\Users\btime\AppData\Local\Temp\pytest-of-btime\pytest-291\test_email_so_com_anexos_irrel0'.
2026-08-04 14:08:05.368 | INFO    |test_outlook_service_anexos:test_extensao_e_avaliada_sem_distinguir_caixa:128 - E-mail 'ABC123': 2 anexo(s) baixado(s) para 'C:\Users\btime\AppData\Local\Temp\pytest-of-btime\pytest-291\test_extensao_e_avaliada_sem_d0'.
2026-08-04 14:08:05.370 | INFO    |test_outlook_service_anexos:test_o_filtro_usa_a_configuracao_e_nao_uma_lista_fixa:140 - E-mail 'ABC123': 1 anexo(s) ignorado(s) por extensão não permitida — planilha.xlsx
2026-08-04 14:08:05.370 | INFO    |test_outlook_service_anexos:test_o_filtro_usa_a_configuracao_e_nao_uma_lista_fixa:140 - E-mail 'ABC123': 1 anexo(s) baixado(s) para 'C:\Users\btime\AppData\Local\Temp\pytest-of-btime\pytest-291\test_o_filtro_usa_a_configurac0'.
2026-08-04 14:08:05.372 | INFO    |test_processamento_service:test_executar_sucesso_identifica_operadora_e_salva:55 - Iniciando fluxo de processamento
2026-08-04 14:08:05.372 | INFO    |test_processamento_service:test_executar_sucesso_identifica_operadora_e_salva:55 - Competência: 202602 | Ano: 2026
2026-08-04 14:08:05.373 | INFO    |test_processamento_service:test_executar_sucesso_identifica_operadora_e_salva:55 - Total de arquivos a processar: 1
2026-08-04 14:08:05.375 | WARNING |src.services.processamento_service:_processar_arquivo:129 - Estrutura do mês anterior não encontrada em 'C:\Users\btime\AppData\Local\Temp\pytest-of-btime\pytest-291\test_executar_sucesso_identifi0\operadoras\Megatelecom Telecomunicacoes S.A.\2026\202601' — criando 'C:\Users\btime\AppData\Local\Temp\pytest-of-btime\pytest-291\test_executar_sucesso_identifi0\operadoras\Megatelecom Telecomunicacoes S.A.\2026\202602' vazio.
2026-08-04 14:08:05.377 | INFO    |src.services.processamento_service:executar:84 - Processado com sucesso: sucesso_eot112.csv (operadora identificada via 'eot')
2026-08-04 14:08:05.378 | INFO    |comum.dados.repositorio_cache:salvar_dados_tabela_despesa:217 - Inserindo 1 registro(s) em [tbl_rpa_log_detraf_despesa_arquivos].
2026-08-04 14:08:05.396 | INFO    |comum.dados.repositorio_cache:salvar_dados_tabela_despesa:217 - 1 registro(s) persistidos em [tbl_rpa_log_detraf_despesa_arquivos].
2026-08-04 14:08:05.397 | INFO    |src.services.processamento_service:executar:86 - Resumo — Sucesso: 1 | Não identificados: 0 | Erros: 0
2026-08-04 14:08:05.401 | INFO    |test_processamento_service:test_executar_nao_identificado_vai_para_pasta_excecao:81 - Iniciando fluxo de processamento
2026-08-04 14:08:05.401 | INFO    |test_processamento_service:test_executar_nao_identificado_vai_para_pasta_excecao:81 - Competência: 202602 | Ano: 2026
2026-08-04 14:08:05.402 | INFO    |test_processamento_service:test_executar_nao_identificado_vai_para_pasta_excecao:81 - Total de arquivos a processar: 1
2026-08-04 14:08:05.402 | INFO    |src.services.operadora_service:obter_operadora:153 - Nome Fantasia não encontrado para o EOT [999]
2026-08-04 14:08:05.403 | INFO    |src.services.operadora_service:obter_operadora:163 - Nome Fantasia não encontrado para o texto [empresainexistente999]
2026-08-04 14:08:05.403 | WARNING |src.services.processamento_service:_processar_arquivo:108 - Operadora não identificada para 'nao_identificado.csv' (eot='999', dominio='empresainexistente999.com.br', texto_busca='empresainexistente999')
2026-08-04 14:08:05.405 | WARNING |src.services.processamento_service:_processar_arquivo:111 - Operadora não identificada para 'nao_identificado.csv' (remetente: 'contato@empresainexistente999.com.br') — copiado para 'C:\Users\btime\AppData\Local\Temp\pytest-of-btime\pytest-291\test_executar_nao_identificado0\_NAO_IDENTIFICADOS\202602'
2026-08-04 14:08:05.405 | INFO    |src.services.processamento_service:executar:86 - Resumo — Sucesso: 0 | Não identificados: 1 | Erros: 0
2026-08-04 14:08:05.410 | INFO    |test_processamento_service:test_executar_clona_estrutura_do_mes_anterior:104 - Iniciando fluxo de processamento
2026-08-04 14:08:05.411 | INFO    |test_processamento_service:test_executar_clona_estrutura_do_mes_anterior:104 - Competência: 202602 | Ano: 2026
2026-08-04 14:08:05.411 | INFO    |test_processamento_service:test_executar_clona_estrutura_do_mes_anterior:104 - Total de arquivos a processar: 1
2026-08-04 14:08:05.413 | INFO    |src.services.processamento_service:executar:84 - Processado com sucesso: clonagem.csv (operadora identificada via 'eot')
2026-08-04 14:08:05.414 | INFO    |comum.dados.repositorio_cache:salvar_dados_tabela_despesa:217 - Inserindo 1 registro(s) em [tbl_rpa_log_detraf_despesa_arquivos].
2026-08-04 14:08:05.422 | INFO    |comum.dados.repositorio_cache:salvar_dados_tabela_despesa:217 - 1 registro(s) persistidos em [tbl_rpa_log_detraf_despesa_arquivos].
2026-08-04 14:08:05.422 | INFO    |src.services.processamento_service:executar:86 - Resumo — Sucesso: 1 | Não identificados: 0 | Erros: 0
2026-08-04 14:08:05.432 | INFO    |test_processamento_service:test_executar_sem_argumentos_lista_diretorio_entrada:119 - Iniciando fluxo de processamento
2026-08-04 14:08:05.432 | INFO    |test_processamento_service:test_executar_sem_argumentos_lista_diretorio_entrada:119 - Competência: 202602 | Ano: 2026
2026-08-04 14:08:05.433 | INFO    |test_processamento_service:test_executar_sem_argumentos_lista_diretorio_entrada:119 - Total de arquivos a processar: 1
2026-08-04 14:08:05.434 | INFO    |src.services.operadora_service:obter_operadora:153 - Nome Fantasia não encontrado para o EOT [999]
2026-08-04 14:08:05.435 | WARNING |src.services.processamento_service:_processar_arquivo:129 - Estrutura do mês anterior não encontrada em 'C:\Users\btime\AppData\Local\Temp\pytest-of-btime\pytest-291\test_executar_sem_argumentos_l0\operadoras\Desktop Sigmanet\2026\202601' — criando 'C:\Users\btime\AppData\Local\Temp\pytest-of-btime\pytest-291\test_executar_sem_argumentos_l0\operadoras\Desktop Sigmanet\2026\202602' vazio.
2026-08-04 14:08:05.436 | INFO    |src.services.processamento_service:executar:84 - Processado com sucesso: arquivo_solto.csv (operadora identificada via 'dominio')
2026-08-04 14:08:05.436 | INFO    |comum.dados.repositorio_cache:salvar_dados_tabela_despesa:217 - Inserindo 1 registro(s) em [tbl_rpa_log_detraf_despesa_arquivos].
2026-08-04 14:08:05.445 | INFO    |comum.dados.repositorio_cache:salvar_dados_tabela_despesa:217 - 1 registro(s) persistidos em [tbl_rpa_log_detraf_despesa_arquivos].
2026-08-04 14:08:05.445 | INFO    |src.services.processamento_service:executar:86 - Resumo — Sucesso: 1 | Não identificados: 0 | Erros: 0
2026-08-04 14:08:05.471 | WARNING |test_repositorio_arquivos:test_clonar_estrutura_mes_anterior_origem_inexistente_degrada:74 - Estrutura do mês anterior não encontrada em 'C:\Users\btime\AppData\Local\Temp\pytest-of-btime\pytest-291\test_clonar_estrutura_mes_ante2\nao_existe' — criando 'C:\Users\btime\AppData\Local\Temp\pytest-of-btime\pytest-291\test_clonar_estrutura_mes_ante2\202606' vazio.
2026-08-04 14:08:05.474 | INFO    |test_repositorio_tabelas:test_buscar_nome_fantasia_por_eot_nao_encontrado:12 - Nome Fantasia não encontrado para o EOT [999]
2026-08-04 14:08:05.477 | INFO    |test_repositorio_tabelas:test_buscar_nome_fantasia_nao_encontrado:20 - Nome Fantasia não encontrado para o texto [naoexisteoperadora]
2026-08-04 14:08:05.479 | INFO    |comum.dados.repositorio_cache:salvar_dados_tabela_despesa:217 - Inserindo 1 registro(s) em [tbl_rpa_log_detraf_despesa_arquivos].
2026-08-04 14:08:05.489 | INFO    |comum.dados.repositorio_cache:salvar_dados_tabela_despesa:217 - 1 registro(s) persistidos em [tbl_rpa_log_detraf_despesa_arquivos].
2026-08-04 14:08:05.492 | INFO    |comum.dados.repositorio_cache:salvar_dados_tabela_despesa:217 - Nenhum registro para inserir em [tbl_rpa_log_detraf_despesa_arquivos].
2026-08-04 14:08:06.580 | INFO    |comum.dados.repositorio_cache:__init__:77 - Inicializando conexão com o banco no ambiente [dev]
2026-08-04 14:08:06.581 | INFO    |comum.dados.repositorio_cache:__init__:77 - Utilizando SQLite local [C:\Users\btime\AppData\Local\Temp\detraf_epico4_teste_bfk67u28\TABELAS_DETRAF_TESTE.db]
2026-08-04 14:08:06.971 | INFO    |comum.dados.repositorio_cache:__init__:77 - Inicializando conexão com o banco no ambiente [dev]
2026-08-04 14:08:06.972 | INFO    |comum.dados.repositorio_cache:__init__:77 - Utilizando SQLite local [C:\Users\btime\AppData\Local\Temp\detraf_epico4_teste_bfk67u28\TABELAS_DETRAF_TESTE.db]
2026-08-04 14:08:06.973 | INFO    |comum.dados.repositorio_cache:obter_tabela:169 - Carregando tabela [tbl_anexo5_processado]
2026-08-04 14:08:06.975 | INFO    |comum.dados.repositorio_cache:obter_tabela:169 - Tabela [tbl_anexo5_processado] carregada | Linhas: 3 | Colunas: 6
2026-08-04 14:08:06.975 | INFO    |comum.dados.repositorio_cache:obter_tabela:169 - Carregando tabela [tbl_detraf_tarifas]
2026-08-04 14:08:06.976 | INFO    |comum.dados.repositorio_cache:obter_tabela:169 - Tabela [tbl_detraf_tarifas] carregada | Linhas: 2 | Colunas: 8
2026-08-04 14:08:06.976 | INFO    |comum.dados.repositorio_cache:obter_tabela:169 - Carregando tabela [tbl_rpa_log_detraf_despesa_contestacao]
2026-08-04 14:08:06.978 | INFO    |comum.dados.repositorio_cache:obter_tabela:169 - Tabela [tbl_rpa_log_detraf_despesa_contestacao] carregada | Linhas: 2 | Colunas: 18
2026-08-04 14:08:06.981 | INFO    |comum.dados.repositorio_cache:__init__:77 - Inicializando conexão com o banco no ambiente [dev]
2026-08-04 14:08:06.981 | INFO    |comum.dados.repositorio_cache:__init__:77 - Utilizando SQLite local [C:\Users\btime\AppData\Local\Temp\detraf_epico4_teste_bfk67u28\TABELAS_DETRAF_TESTE.db]
2026-08-04 14:08:06.982 | INFO    |comum.dados.repositorio_cache:obter_tabela:169 - Carregando tabela [tbl_anexo5_processado]
2026-08-04 14:08:06.983 | INFO    |comum.dados.repositorio_cache:obter_tabela:169 - Tabela [tbl_anexo5_processado] carregada | Linhas: 3 | Colunas: 6
2026-08-04 14:08:06.985 | INFO    |test_configuracao_ambiente:test_repositorio_tabelas_valida_eot:41 - EOT não encontrado [999]
2026-08-04 14:08:06.987 | INFO    |comum.dados.repositorio_cache:__init__:77 - Inicializando conexão com o banco no ambiente [dev]
2026-08-04 14:08:06.987 | INFO    |comum.dados.repositorio_cache:__init__:77 - Utilizando SQLite local [C:\Users\btime\AppData\Local\Temp\detraf_epico4_teste_bfk67u28\TABELAS_DETRAF_TESTE.db]
2026-08-04 14:08:06.988 | INFO    |comum.dados.repositorio_cache:obter_tabela:169 - Carregando tabela [tbl_anexo5_processado]
2026-08-04 14:08:06.989 | INFO    |comum.dados.repositorio_cache:obter_tabela:169 - Tabela [tbl_anexo5_processado] carregada | Linhas: 3 | Colunas: 6
2026-08-04 14:08:06.990 | INFO    |test_configuracao_ambiente:test_repositorio_tabelas_obtem_endereco_por_eot:49 - EOT não encontrado para busca de endereço [999]
2026-08-04 14:08:06.998 | WARNING |test_consolidacao:test_listar_arquivos_pasta_inexistente:39 - Pasta de Detrafs inexistente: [C:\Users\btime\AppData\Local\Temp\pytest-of-btime\pytest-292\test_listar_arquivos_pasta_ine0\nao_existe]
2026-08-04 14:08:07.001 | INFO    |test_consolidacao:test_consolida_e_remove_totais:43 - [STEP] Iniciando: consolidar_detrafs_operadora
2026-08-04 14:08:07.002 | INFO    |src.services.consolidacao_contestacao:consolidar_detrafs_operadora:174 - [Consolidação] 2 arquivo(s) encontrado(s) em [C:\Users\btime\AppData\Local\Temp\pytest-of-btime\pytest-292\test_consolida_e_remove_totais0\Detrafs Recebidos].
2026-08-04 14:08:07.005 | INFO    |src.services.consolidacao_contestacao:consolidar_detrafs_operadora:177 - [Consolidação] [algar_smp.csv]: 5 linha(s) -> 4 após remover totais.
2026-08-04 14:08:07.007 | INFO    |src.services.consolidacao_contestacao:consolidar_detrafs_operadora:177 - [Consolidação] [algar_stfc.csv]: 4 linha(s) -> 3 após remover totais.
2026-08-04 14:08:07.008 | INFO    |src.services.consolidacao_contestacao:consolidar_detrafs_operadora:177 - [Consolidação] Consolidado: 7 linha(s) de 2 arquivo(s).
2026-08-04 14:08:07.008 | INFO    |test_consolidacao:test_consolida_e_remove_totais:43 - [STEP] Finalizando: consolidar_detrafs_operadora | Tempo gasto: 0.01s
2026-08-04 14:08:07.011 | INFO    |test_consolidacao:test_pasta_vazia_retorna_df_vazio:57 - [STEP] Iniciando: consolidar_detrafs_operadora
2026-08-04 14:08:07.012 | INFO    |src.services.consolidacao_contestacao:consolidar_detrafs_operadora:174 - [Consolidação] 0 arquivo(s) encontrado(s) em [C:\Users\btime\AppData\Local\Temp\pytest-of-btime\pytest-292\test_pasta_vazia_retorna_df_va0\vazia].
2026-08-04 14:08:07.012 | INFO    |test_consolidacao:test_pasta_vazia_retorna_df_vazio:57 - [STEP] Finalizando: consolidar_detrafs_operadora | Tempo gasto: 0.0s
2026-08-04 14:08:07.014 | INFO    |test_consolidacao:test_fail_fast_colunas_insuficientes:66 - [STEP] Iniciando: consolidar_detrafs_operadora
2026-08-04 14:08:07.015 | INFO    |src.services.consolidacao_contestacao:consolidar_detrafs_operadora:174 - [Consolidação] 1 arquivo(s) encontrado(s) em [C:\Users\btime\AppData\Local\Temp\pytest-of-btime\pytest-292\test_fail_fast_colunas_insufic0\Detrafs Recebidos].
2026-08-04 14:08:07.016 | INFO    |test_consolidacao:test_fail_fast_colunas_insuficientes:66 - [STEP] Finalizando: consolidar_detrafs_operadora | Tempo gasto: 0.0s
2026-08-04 14:08:07.019 | INFO    |test_consolidacao:test_consolida_expectativa_filtra_D_e_remove_totais:94 - [STEP] Iniciando: consolidar_expectativa_vivo
2026-08-04 14:08:07.020 | INFO    |src.services.consolidacao_contestacao:consolidar_expectativa_vivo:207 - [Consolidação] 2 arquivo(s) encontrado(s) em [C:\Users\btime\AppData\Local\Temp\pytest-of-btime\pytest-292\test_consolida_expectativa_fil0\Detrafs Enviados].
2026-08-04 14:08:07.022 | INFO    |src.services.consolidacao_contestacao:consolidar_expectativa_vivo:211 - [Consolidação] [DETRAF_FINAL_TRP_202605_CTB_STF_VIVO_D.csv]: 4 linha(s) -> 3 após remover totais.
2026-08-04 14:08:07.022 | INFO    |src.services.consolidacao_contestacao:consolidar_expectativa_vivo:211 - [Consolidação] Consolidado: 3 linha(s) de 1 arquivo(s).
2026-08-04 14:08:07.022 | INFO    |test_consolidacao:test_consolida_expectativa_filtra_D_e_remove_totais:94 - [STEP] Finalizando: consolidar_expectativa_vivo | Tempo gasto: 0.0s
2026-08-04 14:08:07.026 | INFO    |test_consolidacao:test_expectativa_truncamento_ate_coluna:103 - [STEP] Iniciando: consolidar_expectativa_vivo
2026-08-04 14:08:07.027 | INFO    |src.services.consolidacao_contestacao:consolidar_expectativa_vivo:207 - [Consolidação] 2 arquivo(s) encontrado(s) em [C:\Users\btime\AppData\Local\Temp\pytest-of-btime\pytest-292\test_expectativa_truncamento_a0\Detrafs Enviados].
2026-08-04 14:08:07.030 | INFO    |src.services.consolidacao_contestacao:consolidar_expectativa_vivo:211 - [Consolidação] [DETRAF_FINAL_TRP_202605_CTB_STF_VIVO_D.csv]: 4 linha(s) -> 3 após remover totais.
2026-08-04 14:08:07.030 | INFO    |src.services.consolidacao_contestacao:consolidar_expectativa_vivo:211 - [Consolidação] Consolidado: 3 linha(s) de 1 arquivo(s).
2026-08-04 14:08:07.030 | INFO    |test_consolidacao:test_expectativa_truncamento_ate_coluna:103 - [STEP] Finalizando: consolidar_expectativa_vivo | Tempo gasto: 0.0s
2026-08-04 14:08:07.033 | INFO    |test_consolidacao:test_expectativa_sem_arquivo_D_retorna_vazio:114 - [STEP] Iniciando: consolidar_expectativa_vivo
2026-08-04 14:08:07.033 | INFO    |src.services.consolidacao_contestacao:consolidar_expectativa_vivo:207 - [Consolidação] 1 arquivo(s) encontrado(s) em [C:\Users\btime\AppData\Local\Temp\pytest-of-btime\pytest-292\test_expectativa_sem_arquivo_D0\Detrafs Enviados].
2026-08-04 14:08:07.033 | WARNING |comum.utils.decoradores:wrapper:22 - [Consolidação] Nenhum arquivo de expectativa (_D_) em [C:\Users\btime\AppData\Local\Temp\pytest-of-btime\pytest-292\test_expectativa_sem_arquivo_D0\Detrafs Enviados].
2026-08-04 14:08:07.033 | INFO    |test_consolidacao:test_expectativa_sem_arquivo_D_retorna_vazio:114 - [STEP] Finalizando: consolidar_expectativa_vivo | Tempo gasto: 0.0s
2026-08-04 14:08:07.035 | INFO    |test_consolidacao:test_montar_resumo_agrupa_por_referencia_e_trafego:134 - [STEP] Iniciando: montar_resumo
2026-08-04 14:08:07.042 | INFO    |comum.utils.decoradores:wrapper:22 - [Consolidação] RESUMO: 2 combinação(ões) Referência/Tráfego.
2026-08-04 14:08:07.042 | INFO    |test_consolidacao:test_montar_resumo_agrupa_por_referencia_e_trafego:134 - [STEP] Finalizando: montar_resumo | Tempo gasto: 0.01s
2026-08-04 14:08:07.045 | INFO    |test_consolidacao:test_montar_resumo_vazio_retorna_df_vazio_com_colunas:142 - [STEP] Iniciando: montar_resumo
2026-08-04 14:08:07.045 | INFO    |test_consolidacao:test_montar_resumo_vazio_retorna_df_vazio_com_colunas:142 - [STEP] Finalizando: montar_resumo | Tempo gasto: 0.0s
2026-08-04 14:08:07.047 | INFO    |comum.dados.repositorio_cache:__init__:77 - Inicializando conexão com o banco no ambiente [dev]
2026-08-04 14:08:07.047 | INFO    |comum.dados.repositorio_cache:__init__:77 - Utilizando SQLite local [C:\Users\btime\AppData\Local\Temp\detraf_epico4_teste_bfk67u28\TABELAS_DETRAF_TESTE.db]
2026-08-04 14:08:07.048 | INFO    |comum.dados.repositorio_cache:obter_tabela:169 - Carregando tabela [tbl_detraf_mapeamento_descritores]
2026-08-04 14:08:07.049 | INFO    |comum.dados.repositorio_cache:obter_tabela:169 - Tabela [tbl_detraf_mapeamento_descritores] carregada | Linhas: 25 | Colunas: 5
2026-08-04 14:08:07.052 | INFO    |test_consolidacao:test_montar_contest_bate_com_exemplo_real_da_carta:176 - [STEP] Iniciando: montar_contest
2026-08-04 14:08:07.065 | INFO    |comum.utils.decoradores:wrapper:22 - [Consolidação] Contest: 1 combinação(ões) analisada(s).
2026-08-04 14:08:07.065 | INFO    |test_consolidacao:test_montar_contest_bate_com_exemplo_real_da_carta:176 - [STEP] Finalizando: montar_contest | Tempo gasto: 0.01s
2026-08-04 14:08:07.068 | INFO    |comum.dados.repositorio_cache:__init__:77 - Inicializando conexão com o banco no ambiente [dev]
2026-08-04 14:08:07.068 | INFO    |comum.dados.repositorio_cache:__init__:77 - Utilizando SQLite local [C:\Users\btime\AppData\Local\Temp\detraf_epico4_teste_bfk67u28\TABELAS_DETRAF_TESTE.db]
2026-08-04 14:08:07.068 | INFO    |comum.dados.repositorio_cache:obter_tabela:169 - Carregando tabela [tbl_detraf_mapeamento_descritores]
2026-08-04 14:08:07.070 | INFO    |comum.dados.repositorio_cache:obter_tabela:169 - Tabela [tbl_detraf_mapeamento_descritores] carregada | Linhas: 25 | Colunas: 5
2026-08-04 14:08:07.073 | INFO    |test_consolidacao:test_montar_contest_variacao_abaixo_do_limiar_marca_N:202 - [STEP] Iniciando: montar_contest
2026-08-04 14:08:07.083 | INFO    |comum.utils.decoradores:wrapper:22 - [Consolidação] Contest: 1 combinação(ões) analisada(s).
2026-08-04 14:08:07.083 | INFO    |test_consolidacao:test_montar_contest_variacao_abaixo_do_limiar_marca_N:202 - [STEP] Finalizando: montar_contest | Tempo gasto: 0.01s
2026-08-04 14:08:07.086 | INFO    |comum.dados.repositorio_cache:__init__:77 - Inicializando conexão com o banco no ambiente [dev]
2026-08-04 14:08:07.086 | INFO    |comum.dados.repositorio_cache:__init__:77 - Utilizando SQLite local [C:\Users\btime\AppData\Local\Temp\detraf_epico4_teste_bfk67u28\TABELAS_DETRAF_TESTE.db]
2026-08-04 14:08:07.086 | INFO    |comum.dados.repositorio_cache:obter_tabela:169 - Carregando tabela [tbl_detraf_mapeamento_descritores]
2026-08-04 14:08:07.088 | INFO    |comum.dados.repositorio_cache:obter_tabela:169 - Tabela [tbl_detraf_mapeamento_descritores] carregada | Linhas: 25 | Colunas: 5
2026-08-04 14:08:07.091 | INFO    |test_consolidacao:test_montar_contest_par_ausente_lado_zerado:217 - [STEP] Iniciando: montar_contest
2026-08-04 14:08:07.098 | INFO    |comum.utils.decoradores:wrapper:22 - [Consolidação] Contest: 1 combinação(ões) analisada(s).
2026-08-04 14:08:07.098 | INFO    |test_consolidacao:test_montar_contest_par_ausente_lado_zerado:217 - [STEP] Finalizando: montar_contest | Tempo gasto: 0.01s
2026-08-04 14:08:07.101 | INFO    |comum.dados.repositorio_cache:__init__:77 - Inicializando conexão com o banco no ambiente [dev]
2026-08-04 14:08:07.101 | INFO    |comum.dados.repositorio_cache:__init__:77 - Utilizando SQLite local [C:\Users\btime\AppData\Local\Temp\detraf_epico4_teste_bfk67u28\TABELAS_DETRAF_TESTE.db]
2026-08-04 14:08:07.101 | INFO    |comum.dados.repositorio_cache:obter_tabela:169 - Carregando tabela [tbl_detraf_mapeamento_descritores]
2026-08-04 14:08:07.102 | INFO    |comum.dados.repositorio_cache:obter_tabela:169 - Tabela [tbl_detraf_mapeamento_descritores] carregada | Linhas: 25 | Colunas: 5
2026-08-04 14:08:07.105 | INFO    |test_consolidacao:test_montar_contest_descritor_nao_mapeado_e_ignorado:232 - [STEP] Iniciando: montar_contest
2026-08-04 14:08:07.106 | INFO    |src.services.consolidacao_contestacao:montar_contest:385 - [Consolidação] 1 linha(s) com descritor não mapeado — ignoradas na aba Contest (AI/09 §7).
2026-08-04 14:08:07.110 | INFO    |comum.utils.decoradores:wrapper:22 - [Consolidação] Contest: 0 combinação(ões) analisada(s).
2026-08-04 14:08:07.110 | INFO    |test_consolidacao:test_montar_contest_descritor_nao_mapeado_e_ignorado:232 - [STEP] Finalizando: montar_contest | Tempo gasto: 0.0s
2026-08-04 14:08:07.112 | INFO    |comum.dados.repositorio_cache:__init__:77 - Inicializando conexão com o banco no ambiente [dev]
2026-08-04 14:08:07.113 | INFO    |comum.dados.repositorio_cache:__init__:77 - Utilizando SQLite local [C:\Users\btime\AppData\Local\Temp\detraf_epico4_teste_bfk67u28\TABELAS_DETRAF_TESTE.db]
2026-08-04 14:08:07.113 | INFO    |comum.dados.repositorio_cache:obter_tabela:169 - Carregando tabela [tbl_detraf_mapeamento_descritores]
2026-08-04 14:08:07.114 | INFO    |comum.dados.repositorio_cache:obter_tabela:169 - Tabela [tbl_detraf_mapeamento_descritores] carregada | Linhas: 25 | Colunas: 5
2026-08-04 14:08:07.117 | INFO    |test_consolidacao:test_montar_contest_descritor_antes_ambiguo_agora_resolvido:246 - [STEP] Iniciando: montar_contest
2026-08-04 14:08:07.124 | INFO    |comum.utils.decoradores:wrapper:22 - [Consolidação] Contest: 1 combinação(ões) analisada(s).
2026-08-04 14:08:07.124 | INFO    |test_consolidacao:test_montar_contest_descritor_antes_ambiguo_agora_resolvido:246 - [STEP] Finalizando: montar_contest | Tempo gasto: 0.01s
2026-08-04 14:08:07.127 | INFO    |comum.dados.repositorio_cache:__init__:77 - Inicializando conexão com o banco no ambiente [dev]
2026-08-04 14:08:07.127 | INFO    |comum.dados.repositorio_cache:__init__:77 - Utilizando SQLite local [C:\Users\btime\AppData\Local\Temp\detraf_epico4_teste_bfk67u28\TABELAS_DETRAF_TESTE.db]
2026-08-04 14:08:07.128 | INFO    |comum.dados.repositorio_cache:obter_tabela:169 - Carregando tabela [tbl_detraf_mapeamento_descritores]
2026-08-04 14:08:07.129 | INFO    |comum.dados.repositorio_cache:obter_tabela:169 - Tabela [tbl_detraf_mapeamento_descritores] carregada | Linhas: 25 | Colunas: 5
2026-08-04 14:08:07.132 | INFO    |test_consolidacao:test_montar_contest_tipo_operacao_opcional:258 - [STEP] Iniciando: montar_contest
2026-08-04 14:08:07.138 | INFO    |comum.utils.decoradores:wrapper:22 - [Consolidação] Contest: 1 combinação(ões) analisada(s).
2026-08-04 14:08:07.138 | INFO    |test_consolidacao:test_montar_contest_tipo_operacao_opcional:258 - [STEP] Finalizando: montar_contest | Tempo gasto: 0.01s
2026-08-04 14:08:07.141 | INFO    |comum.dados.repositorio_cache:__init__:77 - Inicializando conexão com o banco no ambiente [dev]
2026-08-04 14:08:07.141 | INFO    |comum.dados.repositorio_cache:__init__:77 - Utilizando SQLite local [C:\Users\btime\AppData\Local\Temp\detraf_epico4_teste_bfk67u28\TABELAS_DETRAF_TESTE.db]
2026-08-04 14:08:07.142 | INFO    |comum.dados.repositorio_cache:obter_tabela:169 - Carregando tabela [tbl_rpa_log_detraf_despesa_contestacao]
2026-08-04 14:08:07.144 | INFO    |comum.dados.repositorio_cache:obter_tabela:169 - Tabela [tbl_rpa_log_detraf_despesa_contestacao] carregada | Linhas: 2 | Colunas: 18
2026-08-04 14:08:07.148 | INFO    |comum.dados.repositorio_cache:__init__:77 - Inicializando conexão com o banco no ambiente [dev]
2026-08-04 14:08:07.148 | INFO    |comum.dados.repositorio_cache:__init__:77 - Utilizando SQLite local [C:\Users\btime\AppData\Local\Temp\detraf_epico4_teste_bfk67u28\TABELAS_DETRAF_TESTE.db]
2026-08-04 14:08:07.149 | INFO    |comum.dados.repositorio_cache:obter_tabela:169 - Carregando tabela [tbl_rpa_log_detraf_despesa_contestacao]
2026-08-04 14:08:07.150 | INFO    |comum.dados.repositorio_cache:obter_tabela:169 - Tabela [tbl_rpa_log_detraf_despesa_contestacao] carregada | Linhas: 2 | Colunas: 18
2026-08-04 14:08:07.154 | INFO    |comum.dados.repositorio_cache:__init__:77 - Inicializando conexão com o banco no ambiente [dev]
2026-08-04 14:08:07.154 | INFO    |comum.dados.repositorio_cache:__init__:77 - Utilizando SQLite local [C:\Users\btime\AppData\Local\Temp\detraf_epico4_teste_bfk67u28\TABELAS_DETRAF_TESTE.db]
2026-08-04 14:08:07.154 | INFO    |comum.dados.repositorio_cache:obter_tabela:169 - Carregando tabela [tbl_rpa_log_detraf_despesa_contestacao]
2026-08-04 14:08:07.156 | INFO    |comum.dados.repositorio_cache:obter_tabela:169 - Tabela [tbl_rpa_log_detraf_despesa_contestacao] carregada | Linhas: 2 | Colunas: 18
2026-08-04 14:08:07.157 | INFO    |test_contestacao_sinal:test_nao_encontrado_retorna_none:31 - Sinal de contestação não encontrado para [operadora=999, tbra=011, referencia=202507, trafego=202507, remuneracao=TU-RL] — tratado como sem contestação.
2026-08-04 14:08:07.160 | INFO    |comum.dados.repositorio_cache:__init__:77 - Inicializando conexão com o banco no ambiente [dev]
2026-08-04 14:08:07.160 | INFO    |comum.dados.repositorio_cache:__init__:77 - Utilizando SQLite local [C:\Users\btime\AppData\Local\Temp\detraf_epico4_teste_bfk67u28\TABELAS_DETRAF_TESTE.db]
2026-08-04 14:08:07.161 | INFO    |comum.dados.repositorio_cache:obter_tabela:169 - Carregando tabela [tbl_rpa_log_detraf_despesa_contestacao]
2026-08-04 14:08:07.163 | INFO    |comum.dados.repositorio_cache:obter_tabela:169 - Tabela [tbl_rpa_log_detraf_despesa_contestacao] carregada | Linhas: 2 | Colunas: 18
2026-08-04 14:08:07.165 | INFO    |test_contestacao_sinal:test_remuneracao_diferente_nao_encontra:42 - Sinal de contestação não encontrado para [operadora=021, tbra=011, referencia=202507, trafego=202507, remuneracao=OUTRA-REMUNERACAO] — tratado como sem contestação.
2026-08-04 14:08:07.167 | INFO    |comum.dados.repositorio_cache:__init__:77 - Inicializando conexão com o banco no ambiente [dev]
2026-08-04 14:08:07.167 | INFO    |comum.dados.repositorio_cache:__init__:77 - Utilizando SQLite local [C:\Users\btime\AppData\Local\Temp\detraf_epico4_teste_bfk67u28\TABELAS_DETRAF_TESTE.db]
2026-08-04 14:08:07.168 | INFO    |comum.dados.repositorio_cache:obter_tabela:169 - Carregando tabela [tbl_rpa_log_detraf_despesa_contestacao]
2026-08-04 14:08:07.169 | INFO    |comum.dados.repositorio_cache:obter_tabela:169 - Tabela [tbl_rpa_log_detraf_despesa_contestacao] carregada | Linhas: 2 | Colunas: 18
2026-08-04 14:08:07.173 | INFO    |test_encontro_contas:test_preparar_atualizacoes_vazio_retorna_vazio:56 - [STEP] Iniciando: preparar_atualizacoes_despesa_contestacao
2026-08-04 14:08:07.173 | INFO    |test_encontro_contas:test_preparar_atualizacoes_vazio_retorna_vazio:56 - [STEP] Finalizando: preparar_atualizacoes_despesa_contestacao | Tempo gasto: 0.0s
2026-08-04 14:08:07.174 | INFO    |test_encontro_contas:test_preparar_atualizacoes_inclui_todas_independente_de_contestacao_a_enviar:72 - [STEP] Iniciando: preparar_atualizacoes_despesa_contestacao
2026-08-04 14:08:07.176 | INFO    |comum.utils.decoradores:wrapper:22 - [HU-19 Despesa Contestação] 2 atualização(ões) preparada(s).
2026-08-04 14:08:07.176 | INFO    |test_encontro_contas:test_preparar_atualizacoes_inclui_todas_independente_de_contestacao_a_enviar:72 - [STEP] Finalizando: preparar_atualizacoes_despesa_contestacao | Tempo gasto: 0.0s
2026-08-04 14:08:07.177 | INFO    |test_encontro_contas:test_preparar_atualizacoes_monta_a_chave_da_linha:80 - [STEP] Iniciando: preparar_atualizacoes_despesa_contestacao
2026-08-04 14:08:07.178 | INFO    |comum.utils.decoradores:wrapper:22 - [HU-19 Despesa Contestação] 1 atualização(ões) preparada(s).
2026-08-04 14:08:07.178 | INFO    |test_encontro_contas:test_preparar_atualizacoes_monta_a_chave_da_linha:80 - [STEP] Finalizando: preparar_atualizacoes_despesa_contestacao | Tempo gasto: 0.0s
2026-08-04 14:08:07.180 | INFO    |test_encontro_contas:test_preparar_atualizacoes_vb_operadora_e_vb_diferenca_sempre_negativos:97 - [STEP] Iniciando: preparar_atualizacoes_despesa_contestacao
2026-08-04 14:08:07.181 | INFO    |comum.utils.decoradores:wrapper:22 - [HU-19 Despesa Contestação] 2 atualização(ões) preparada(s).
2026-08-04 14:08:07.181 | INFO    |test_encontro_contas:test_preparar_atualizacoes_vb_operadora_e_vb_diferenca_sempre_negativos:97 - [STEP] Finalizando: preparar_atualizacoes_despesa_contestacao | Tempo gasto: 0.0s
2026-08-04 14:08:07.182 | INFO    |test_encontro_contas:test_preparar_atualizacoes_nao_escreve_campos_de_outras_hus:112 - [STEP] Iniciando: preparar_atualizacoes_despesa_contestacao
2026-08-04 14:08:07.183 | INFO    |comum.utils.decoradores:wrapper:22 - [HU-19 Despesa Contestação] 1 atualização(ões) preparada(s).
2026-08-04 14:08:07.183 | INFO    |test_encontro_contas:test_preparar_atualizacoes_nao_escreve_campos_de_outras_hus:112 - [STEP] Finalizando: preparar_atualizacoes_despesa_contestacao | Tempo gasto: 0.0s
2026-08-04 14:08:07.185 | INFO    |test_encontro_contas:test_preparar_atualizacoes_atualiza_exatamente_os_seis_campos_da_v2:128 - [STEP] Iniciando: preparar_atualizacoes_despesa_contestacao
2026-08-04 14:08:07.185 | INFO    |comum.utils.decoradores:wrapper:22 - [HU-19 Despesa Contestação] 1 atualização(ões) preparada(s).
2026-08-04 14:08:07.185 | INFO    |test_encontro_contas:test_preparar_atualizacoes_atualiza_exatamente_os_seis_campos_da_v2:128 - [STEP] Finalizando: preparar_atualizacoes_despesa_contestacao | Tempo gasto: 0.0s
2026-08-04 14:08:07.192 | WARNING |test_envio_email_contestacao:test_pasta_inexistente_devolve_nada_sem_levantar:70 - [HU-15] Pasta de contestações não encontrada para OPERADORA_SEM_PASTA/202507: [C:\Users\btime\AppData\Local\Temp\pytest-of-btime\pytest-292\test_pasta_inexistente_devolve0\Operadoras\OPERADORA_SEM_PASTA\2025\202507\Contestações].
2026-08-04 14:08:07.196 | WARNING |test_envio_email_contestacao:test_env_de_outro_mes_nao_e_confundido:81 - [HU-15] Arquivo _ENV não encontrado: [C:\Users\btime\AppData\Local\Temp\pytest-of-btime\pytest-292\test_env_de_outro_mes_nao_e_co0\Operadoras\CLARO\2025\202507\Contestações\Base Contestação_CLARO_202507_ENV.xlsx].
2026-08-04 14:08:07.197 | WARNING |test_envio_email_contestacao:test_env_de_outro_mes_nao_e_confundido:81 - [HU-15] Carta CT não encontrada em [C:\Users\btime\AppData\Local\Temp\pytest-of-btime\pytest-292\test_env_de_outro_mes_nao_e_co0\Operadoras\CLARO\2025\202507\Contestações].
2026-08-04 14:08:07.202 | WARNING |test_envio_email_contestacao:test_duas_cartas_usa_a_mais_recente:98 - [HU-15] 2 cartas em [C:\Users\btime\AppData\Local\Temp\pytest-of-btime\pytest-292\test_duas_cartas_usa_a_mais_re0\Operadoras\CLARO\2025\202507\Contestações] para CLARO/202507 — usando a mais recente: [CT - 364.docx].
2026-08-04 14:08:07.203 | WARNING |test_envio_email_contestacao:test_destinatarios_bloqueado_na_q16:107 - [HU-15] Contatos de 'CLARO' indisponíveis: a tabela de contatos do WebFat ainda não foi informada pelo cliente (pendência Q16).
2026-08-04 14:08:07.204 | WARNING |test_envio_email_contestacao:test_busca_de_sinalizadas_nao_devolve_nada_sem_controle_de_reenvio:110 - [HU-15] Busca de contestações sinalizadas ainda não ligada: falta a coluna que marca o e-mail como enviado, sem a qual não há proteção contra reenvio.
2026-08-04 14:08:07.207 | INFO    |test_envio_email_contestacao:test_sem_destinatario_nao_envia_e_acusa:122 - [STEP] Iniciando: enviar_contestacao
2026-08-04 14:08:07.207 | WARNING |src.services.envio_email_contestacao:enviar_contestacao:192 - [HU-15] Contatos de 'CLARO' indisponíveis: a tabela de contatos do WebFat ainda não foi informada pelo cliente (pendência Q16).
2026-08-04 14:08:07.207 | INFO    |test_envio_email_contestacao:test_sem_destinatario_nao_envia_e_acusa:122 - [STEP] Finalizando: enviar_contestacao | Tempo gasto: 0.0s
2026-08-04 14:08:07.211 | INFO    |test_envio_email_contestacao:test_falta_de_anexo_e_nomeada_no_erro:133 - [STEP] Iniciando: enviar_contestacao
2026-08-04 14:08:07.211 | WARNING |src.services.envio_email_contestacao:enviar_contestacao:193 - [HU-15] Arquivo _ENV não encontrado: [C:\Users\btime\AppData\Local\Temp\pytest-of-btime\pytest-292\test_falta_de_anexo_e_nomeada_0\Operadoras\CLARO\2025\202507\Contestações\Base Contestação_CLARO_202507_ENV.xlsx].
2026-08-04 14:08:07.212 | WARNING |src.services.envio_email_contestacao:enviar_contestacao:193 - [HU-15] Carta CT não encontrada em [C:\Users\btime\AppData\Local\Temp\pytest-of-btime\pytest-292\test_falta_de_anexo_e_nomeada_0\Operadoras\CLARO\2025\202507\Contestações].
2026-08-04 14:08:07.212 | INFO    |test_envio_email_contestacao:test_falta_de_anexo_e_nomeada_no_erro:133 - [STEP] Finalizando: enviar_contestacao | Tempo gasto: 0.0s
2026-08-04 14:08:07.216 | INFO    |test_envio_email_contestacao:test_kill_switch_desligado_monta_e_nao_envia:144 - [STEP] Iniciando: enviar_contestacao
2026-08-04 14:08:07.216 | INFO    |comum.utils.decoradores:wrapper:22 - [MODO SEGURO] PERMITIR_ENVIO_EMAIL=false — e-mail montado e não enviado: 'CONTESTAÇÃO_TBRA|CLARO_202507' para ['op@exemplo.com'], anexos [CT - 363.docx, Base Contestação_CLARO_202507_ENV.xlsx].
2026-08-04 14:08:07.216 | INFO    |test_envio_email_contestacao:test_kill_switch_desligado_monta_e_nao_envia:144 - [STEP] Finalizando: enviar_contestacao | Tempo gasto: 0.0s
2026-08-04 14:08:07.220 | INFO    |test_envio_email_contestacao:test_com_tudo_pronto_envia_carta_e_env:155 - [STEP] Iniciando: enviar_contestacao
2026-08-04 14:08:07.220 | INFO    |comum.utils.decoradores:wrapper:22 - [HU-15] Contestação de CLARO/202507 enviada para ['op@exemplo.com'].
2026-08-04 14:08:07.220 | INFO    |test_envio_email_contestacao:test_com_tudo_pronto_envia_carta_e_env:155 - [STEP] Finalizando: enviar_contestacao | Tempo gasto: 0.0s
2026-08-04 14:08:07.234 | INFO    |comum.dados.repositorio_cache:__init__:77 - Inicializando conexão com o banco no ambiente [dev]
2026-08-04 14:08:07.234 | INFO    |comum.dados.repositorio_cache:__init__:77 - Utilizando SQLite local [C:\Users\btime\AppData\Local\Temp\detraf_epico4_teste_bfk67u28\TABELAS_DETRAF_TESTE.db]
2026-08-04 14:08:07.236 | INFO    |test_geracao_agi_controller:test_gerar_cont_proc_grava_arquivo_e_regrava_o_sinal:50 - [STEP] Iniciando: GeracaoAgiController.gerar_cont_proc
2026-08-04 14:08:07.237 | INFO    |src.controllers.geracao_agi_controller:gerar_cont_proc:54 - [STEP] Iniciando: montar_linhas_cont_proc
2026-08-04 14:08:07.237 | INFO    |src.services.geracao_cont_proc:montar_linhas_cont_proc:195 - [STEP] Iniciando: selecionar_linhas_contestadas
2026-08-04 14:08:07.238 | INFO    |comum.dados.repositorio_cache:obter_tabela:169 - Carregando tabela [tbl_rpa_log_detraf_despesa_contestacao]
2026-08-04 14:08:07.239 | INFO    |comum.dados.repositorio_cache:obter_tabela:169 - Tabela [tbl_rpa_log_detraf_despesa_contestacao] carregada | Linhas: 2 | Colunas: 18
2026-08-04 14:08:07.242 | INFO    |comum.utils.decoradores:wrapper:22 - [HU-16 CONT_PROC] 1 linha(s) contestada(s).
2026-08-04 14:08:07.242 | INFO    |src.services.geracao_cont_proc:montar_linhas_cont_proc:195 - [STEP] Finalizando: selecionar_linhas_contestadas | Tempo gasto: 0.01s
2026-08-04 14:08:07.243 | INFO    |comum.utils.decoradores:wrapper:22 - [HU-16 CONT_PROC] 1 linha(s) montada(s) (T-100+T-101 completos).
2026-08-04 14:08:07.243 | INFO    |src.controllers.geracao_agi_controller:gerar_cont_proc:54 - [STEP] Finalizando: montar_linhas_cont_proc | Tempo gasto: 0.01s
2026-08-04 14:08:07.243 | INFO    |src.controllers.geracao_agi_controller:gerar_cont_proc:60 - [STEP] Iniciando: gerar_arquivo_cont_proc
2026-08-04 14:08:07.352 | INFO    |comum.utils.decoradores:wrapper:22 - [HU-16 CONT_PROC] Arquivo gravado em [C:\Users\btime\AppData\Local\Temp\pytest-of-btime\pytest-292\test_gerar_cont_proc_grava_arq0\Claro\2025\202507\AGI\CONT_PROC_MASCARA_Claro_202507.xlsx].
2026-08-04 14:08:07.352 | INFO    |src.controllers.geracao_agi_controller:gerar_cont_proc:60 - [STEP] Finalizando: gerar_arquivo_cont_proc | Tempo gasto: 0.11s
2026-08-04 14:08:07.352 | INFO    |src.controllers.geracao_agi_controller:gerar_cont_proc:70 - [STEP] Iniciando: selecionar_linhas_contestadas
2026-08-04 14:08:07.355 | INFO    |comum.utils.decoradores:wrapper:22 - [HU-16 CONT_PROC] 1 linha(s) contestada(s).
2026-08-04 14:08:07.355 | INFO    |src.controllers.geracao_agi_controller:gerar_cont_proc:70 - [STEP] Finalizando: selecionar_linhas_contestadas | Tempo gasto: 0.0s
2026-08-04 14:08:07.359 | INFO    |comum.dados.repositorio_tabelas:_atualizar_contestacao_em_lote:864 - 1 linha(s) atualizada(s) em [tbl_rpa_log_detraf_despesa_contestacao].
2026-08-04 14:08:07.360 | INFO    |comum.dados.repositorio_cache:recarregar_cache_local:330 - Carregando tabela [tbl_rpa_log_detraf_despesa_contestacao]
2026-08-04 14:08:07.361 | INFO    |comum.dados.repositorio_cache:recarregar_cache_local:330 - Tabela [tbl_rpa_log_detraf_despesa_contestacao] carregada | Linhas: 2 | Colunas: 18
2026-08-04 14:08:07.361 | INFO    |comum.dados.repositorio_tabelas:atualizar_tipo_contestacao:930 - [HU-16 Writeback tipo_contestacao] 1 linha(s) atualizada(s), 0 chave(s) ausente(s).
2026-08-04 14:08:07.361 | INFO    |test_geracao_agi_controller:test_gerar_cont_proc_grava_arquivo_e_regrava_o_sinal:50 - [STEP] Finalizando: GeracaoAgiController.gerar_cont_proc | Tempo gasto: 0.12s
2026-08-04 14:08:07.365 | INFO    |comum.dados.repositorio_cache:__init__:77 - Inicializando conexão com o banco no ambiente [dev]
2026-08-04 14:08:07.365 | INFO    |comum.dados.repositorio_cache:__init__:77 - Utilizando SQLite local [C:\Users\btime\AppData\Local\Temp\detraf_epico4_teste_bfk67u28\TABELAS_DETRAF_TESTE.db]
2026-08-04 14:08:07.367 | INFO    |test_geracao_agi_controller:test_gerar_cont_proc_sem_contestacao_nao_gera_nem_regrava:67 - [STEP] Iniciando: GeracaoAgiController.gerar_cont_proc
2026-08-04 14:08:07.368 | INFO    |src.controllers.geracao_agi_controller:gerar_cont_proc:54 - [STEP] Iniciando: montar_linhas_cont_proc
2026-08-04 14:08:07.368 | INFO    |src.services.geracao_cont_proc:montar_linhas_cont_proc:195 - [STEP] Iniciando: selecionar_linhas_contestadas
2026-08-04 14:08:07.369 | INFO    |comum.dados.repositorio_cache:obter_tabela:169 - Carregando tabela [tbl_rpa_log_detraf_despesa_contestacao]
2026-08-04 14:08:07.370 | INFO    |comum.dados.repositorio_cache:obter_tabela:169 - Tabela [tbl_rpa_log_detraf_despesa_contestacao] carregada | Linhas: 2 | Colunas: 18
2026-08-04 14:08:07.372 | INFO    |src.services.geracao_cont_proc:selecionar_linhas_contestadas:115 - Sinal de contestação não encontrado para [operadora=999, tbra=011, referencia=202507, trafego=202507, remuneracao=TU-COM] — tratado como sem contestação.
2026-08-04 14:08:07.372 | INFO    |comum.utils.decoradores:wrapper:22 - [HU-16 CONT_PROC] Nenhuma combinação com sinal do analista (todas 'sem contestação' apesar da variação).
2026-08-04 14:08:07.373 | INFO    |src.services.geracao_cont_proc:montar_linhas_cont_proc:195 - [STEP] Finalizando: selecionar_linhas_contestadas | Tempo gasto: 0.0s
2026-08-04 14:08:07.373 | INFO    |src.controllers.geracao_agi_controller:gerar_cont_proc:54 - [STEP] Finalizando: montar_linhas_cont_proc | Tempo gasto: 0.01s
2026-08-04 14:08:07.373 | INFO    |src.controllers.geracao_agi_controller:gerar_cont_proc:60 - [STEP] Iniciando: gerar_arquivo_cont_proc
2026-08-04 14:08:07.373 | INFO    |comum.utils.decoradores:wrapper:22 - [HU-16 CONT_PROC] Nada a gravar (nenhuma linha a contestar).
2026-08-04 14:08:07.373 | INFO    |src.controllers.geracao_agi_controller:gerar_cont_proc:60 - [STEP] Finalizando: gerar_arquivo_cont_proc | Tempo gasto: 0.0s
2026-08-04 14:08:07.373 | INFO    |test_geracao_agi_controller:test_gerar_cont_proc_sem_contestacao_nao_gera_nem_regrava:67 - [STEP] Finalizando: GeracaoAgiController.gerar_cont_proc | Tempo gasto: 0.01s
2026-08-04 14:08:07.376 | INFO    |comum.dados.repositorio_cache:__init__:77 - Inicializando conexão com o banco no ambiente [dev]
2026-08-04 14:08:07.377 | INFO    |comum.dados.repositorio_cache:__init__:77 - Utilizando SQLite local [C:\Users\btime\AppData\Local\Temp\detraf_epico4_teste_bfk67u28\TABELAS_DETRAF_TESTE.db]
2026-08-04 14:08:07.378 | INFO    |test_geracao_agi_controller:test_atualizar_despesa_contestacao_delega_e_devolve_o_resumo:78 - [STEP] Iniciando: GeracaoAgiController.atualizar_despesa_contestacao
2026-08-04 14:08:07.378 | INFO    |src.controllers.geracao_agi_controller:atualizar_despesa_contestacao:90 - [STEP] Iniciando: preparar_atualizacoes_despesa_contestacao
2026-08-04 14:08:07.379 | INFO    |comum.utils.decoradores:wrapper:22 - [HU-19 Despesa Contestação] 1 atualização(ões) preparada(s).
2026-08-04 14:08:07.379 | INFO    |src.controllers.geracao_agi_controller:atualizar_despesa_contestacao:90 - [STEP] Finalizando: preparar_atualizacoes_despesa_contestacao | Tempo gasto: 0.0s
2026-08-04 14:08:07.379 | INFO    |comum.dados.repositorio_cache:obter_tabela:169 - Carregando tabela [tbl_rpa_log_detraf_despesa_contestacao]
2026-08-04 14:08:07.381 | INFO    |comum.dados.repositorio_cache:obter_tabela:169 - Tabela [tbl_rpa_log_detraf_despesa_contestacao] carregada | Linhas: 2 | Colunas: 18
2026-08-04 14:08:07.392 | INFO    |comum.dados.repositorio_tabelas:_atualizar_contestacao_em_lote:864 - 1 linha(s) atualizada(s) em [tbl_rpa_log_detraf_despesa_contestacao].
2026-08-04 14:08:07.392 | INFO    |comum.dados.repositorio_cache:recarregar_cache_local:330 - Carregando tabela [tbl_rpa_log_detraf_despesa_contestacao]
2026-08-04 14:08:07.393 | INFO    |comum.dados.repositorio_cache:recarregar_cache_local:330 - Tabela [tbl_rpa_log_detraf_despesa_contestacao] carregada | Linhas: 2 | Colunas: 18
2026-08-04 14:08:07.393 | INFO    |comum.dados.repositorio_tabelas:atualizar_despesa_contestacao:903 - [HU-19 Despesa Contestação] 1 linha(s) atualizada(s), 0 chave(s) ausente(s).
2026-08-04 14:08:07.393 | INFO    |test_geracao_agi_controller:test_atualizar_despesa_contestacao_delega_e_devolve_o_resumo:78 - [STEP] Finalizando: GeracaoAgiController.atualizar_despesa_contestacao | Tempo gasto: 0.02s
2026-08-04 14:08:07.397 | INFO    |test_geracao_cont_proc:test_df_vazio_retorna_vazio:48 - [STEP] Iniciando: montar_linhas_cont_proc
2026-08-04 14:08:07.397 | INFO    |src.services.geracao_cont_proc:montar_linhas_cont_proc:195 - [STEP] Iniciando: selecionar_linhas_contestadas
2026-08-04 14:08:07.397 | INFO    |src.services.geracao_cont_proc:montar_linhas_cont_proc:195 - [STEP] Finalizando: selecionar_linhas_contestadas | Tempo gasto: 0.0s
2026-08-04 14:08:07.398 | INFO    |test_geracao_cont_proc:test_df_vazio_retorna_vazio:48 - [STEP] Finalizando: montar_linhas_cont_proc | Tempo gasto: 0.0s
2026-08-04 14:08:07.399 | INFO    |test_geracao_cont_proc:test_exclui_linhas_sem_contestacao_a_enviar:56 - [STEP] Iniciando: montar_linhas_cont_proc
2026-08-04 14:08:07.399 | INFO    |src.services.geracao_cont_proc:montar_linhas_cont_proc:195 - [STEP] Iniciando: selecionar_linhas_contestadas
2026-08-04 14:08:07.400 | INFO    |comum.utils.decoradores:wrapper:22 - [HU-16 CONT_PROC] Nenhuma combinação com 'contestacao_a_enviar'=S.
2026-08-04 14:08:07.400 | INFO    |src.services.geracao_cont_proc:montar_linhas_cont_proc:195 - [STEP] Finalizando: selecionar_linhas_contestadas | Tempo gasto: 0.0s
2026-08-04 14:08:07.400 | INFO    |test_geracao_cont_proc:test_exclui_linhas_sem_contestacao_a_enviar:56 - [STEP] Finalizando: montar_linhas_cont_proc | Tempo gasto: 0.0s
2026-08-04 14:08:07.401 | INFO    |test_geracao_cont_proc:test_exclui_linha_com_flag_s_mas_sem_sinal_do_analista:65 - [STEP] Iniciando: montar_linhas_cont_proc
2026-08-04 14:08:07.401 | INFO    |src.services.geracao_cont_proc:montar_linhas_cont_proc:195 - [STEP] Iniciando: selecionar_linhas_contestadas
2026-08-04 14:08:07.403 | INFO    |comum.utils.decoradores:wrapper:22 - [HU-16 CONT_PROC] Nenhuma combinação com sinal do analista (todas 'sem contestação' apesar da variação).
2026-08-04 14:08:07.403 | INFO    |src.services.geracao_cont_proc:montar_linhas_cont_proc:195 - [STEP] Finalizando: selecionar_linhas_contestadas | Tempo gasto: 0.0s
2026-08-04 14:08:07.403 | INFO    |test_geracao_cont_proc:test_exclui_linha_com_flag_s_mas_sem_sinal_do_analista:65 - [STEP] Finalizando: montar_linhas_cont_proc | Tempo gasto: 0.0s
2026-08-04 14:08:07.404 | INFO    |test_geracao_cont_proc:test_flag_pag_rec_com_retencao:73 - [STEP] Iniciando: montar_linhas_cont_proc
2026-08-04 14:08:07.405 | INFO    |src.services.geracao_cont_proc:montar_linhas_cont_proc:195 - [STEP] Iniciando: selecionar_linhas_contestadas
2026-08-04 14:08:07.406 | INFO    |comum.utils.decoradores:wrapper:22 - [HU-16 CONT_PROC] 1 linha(s) contestada(s).
2026-08-04 14:08:07.406 | INFO    |src.services.geracao_cont_proc:montar_linhas_cont_proc:195 - [STEP] Finalizando: selecionar_linhas_contestadas | Tempo gasto: 0.0s
2026-08-04 14:08:07.407 | INFO    |comum.utils.decoradores:wrapper:22 - [HU-16 CONT_PROC] 1 linha(s) montada(s) (T-100+T-101 completos).
2026-08-04 14:08:07.407 | INFO    |test_geracao_cont_proc:test_flag_pag_rec_com_retencao:73 - [STEP] Finalizando: montar_linhas_cont_proc | Tempo gasto: 0.0s
2026-08-04 14:08:07.408 | INFO    |test_geracao_cont_proc:test_flag_pag_rec_sem_retencao:89 - [STEP] Iniciando: montar_linhas_cont_proc
2026-08-04 14:08:07.409 | INFO    |src.services.geracao_cont_proc:montar_linhas_cont_proc:195 - [STEP] Iniciando: selecionar_linhas_contestadas
2026-08-04 14:08:07.410 | INFO    |comum.utils.decoradores:wrapper:22 - [HU-16 CONT_PROC] 1 linha(s) contestada(s).
2026-08-04 14:08:07.410 | INFO    |src.services.geracao_cont_proc:montar_linhas_cont_proc:195 - [STEP] Finalizando: selecionar_linhas_contestadas | Tempo gasto: 0.0s
2026-08-04 14:08:07.411 | INFO    |comum.utils.decoradores:wrapper:22 - [HU-16 CONT_PROC] 1 linha(s) montada(s) (T-100+T-101 completos).
2026-08-04 14:08:07.411 | INFO    |test_geracao_cont_proc:test_flag_pag_rec_sem_retencao:89 - [STEP] Finalizando: montar_linhas_cont_proc | Tempo gasto: 0.0s
2026-08-04 14:08:07.413 | INFO    |test_geracao_cont_proc:test_multiplas_linhas_mistas:105 - [STEP] Iniciando: montar_linhas_cont_proc
2026-08-04 14:08:07.413 | INFO    |src.services.geracao_cont_proc:montar_linhas_cont_proc:195 - [STEP] Iniciando: selecionar_linhas_contestadas
2026-08-04 14:08:07.414 | INFO    |comum.utils.decoradores:wrapper:22 - [HU-16 CONT_PROC] 1 linha(s) contestada(s).
2026-08-04 14:08:07.414 | INFO    |src.services.geracao_cont_proc:montar_linhas_cont_proc:195 - [STEP] Finalizando: selecionar_linhas_contestadas | Tempo gasto: 0.0s
2026-08-04 14:08:07.416 | INFO    |comum.utils.decoradores:wrapper:22 - [HU-16 CONT_PROC] 1 linha(s) montada(s) (T-100+T-101 completos).
2026-08-04 14:08:07.416 | INFO    |test_geracao_cont_proc:test_multiplas_linhas_mistas:105 - [STEP] Finalizando: montar_linhas_cont_proc | Tempo gasto: 0.0s
2026-08-04 14:08:07.417 | INFO    |test_geracao_cont_proc:test_duracao_e_vlr_bruto_sao_negativos_da_diferenca:120 - [STEP] Iniciando: montar_linhas_cont_proc
2026-08-04 14:08:07.417 | INFO    |src.services.geracao_cont_proc:montar_linhas_cont_proc:195 - [STEP] Iniciando: selecionar_linhas_contestadas
2026-08-04 14:08:07.419 | INFO    |comum.utils.decoradores:wrapper:22 - [HU-16 CONT_PROC] 1 linha(s) contestada(s).
2026-08-04 14:08:07.419 | INFO    |src.services.geracao_cont_proc:montar_linhas_cont_proc:195 - [STEP] Finalizando: selecionar_linhas_contestadas | Tempo gasto: 0.0s
2026-08-04 14:08:07.420 | INFO    |comum.utils.decoradores:wrapper:22 - [HU-16 CONT_PROC] 1 linha(s) montada(s) (T-100+T-101 completos).
2026-08-04 14:08:07.420 | INFO    |test_geracao_cont_proc:test_duracao_e_vlr_bruto_sao_negativos_da_diferenca:120 - [STEP] Finalizando: montar_linhas_cont_proc | Tempo gasto: 0.0s
2026-08-04 14:08:07.421 | INFO    |test_geracao_cont_proc:test_remuneracao_fixa_vem_do_contest:131 - [STEP] Iniciando: montar_linhas_cont_proc
2026-08-04 14:08:07.421 | INFO    |src.services.geracao_cont_proc:montar_linhas_cont_proc:195 - [STEP] Iniciando: selecionar_linhas_contestadas
2026-08-04 14:08:07.422 | INFO    |comum.utils.decoradores:wrapper:22 - [HU-16 CONT_PROC] 1 linha(s) contestada(s).
2026-08-04 14:08:07.422 | INFO    |src.services.geracao_cont_proc:montar_linhas_cont_proc:195 - [STEP] Finalizando: selecionar_linhas_contestadas | Tempo gasto: 0.0s
2026-08-04 14:08:07.423 | INFO    |comum.utils.decoradores:wrapper:22 - [HU-16 CONT_PROC] 1 linha(s) montada(s) (T-100+T-101 completos).
2026-08-04 14:08:07.423 | INFO    |test_geracao_cont_proc:test_remuneracao_fixa_vem_do_contest:131 - [STEP] Finalizando: montar_linhas_cont_proc | Tempo gasto: 0.0s
2026-08-04 14:08:07.425 | INFO    |test_geracao_cont_proc:test_id_modalidade_e_sempre_00:142 - [STEP] Iniciando: montar_linhas_cont_proc
2026-08-04 14:08:07.426 | INFO    |src.services.geracao_cont_proc:montar_linhas_cont_proc:195 - [STEP] Iniciando: selecionar_linhas_contestadas
2026-08-04 14:08:07.427 | INFO    |comum.utils.decoradores:wrapper:22 - [HU-16 CONT_PROC] 1 linha(s) contestada(s).
2026-08-04 14:08:07.427 | INFO    |src.services.geracao_cont_proc:montar_linhas_cont_proc:195 - [STEP] Finalizando: selecionar_linhas_contestadas | Tempo gasto: 0.0s
2026-08-04 14:08:07.428 | INFO    |comum.utils.decoradores:wrapper:22 - [HU-16 CONT_PROC] 1 linha(s) montada(s) (T-100+T-101 completos).
2026-08-04 14:08:07.428 | INFO    |test_geracao_cont_proc:test_id_modalidade_e_sempre_00:142 - [STEP] Finalizando: montar_linhas_cont_proc | Tempo gasto: 0.0s
2026-08-04 14:08:07.431 | INFO    |test_geracao_cont_proc:test_gerar_arquivo_nao_grava_quando_vazio:151 - [STEP] Iniciando: gerar_arquivo_cont_proc
2026-08-04 14:08:07.431 | INFO    |comum.utils.decoradores:wrapper:22 - [HU-16 CONT_PROC] Nada a gravar (nenhuma linha a contestar).
2026-08-04 14:08:07.431 | INFO    |test_geracao_cont_proc:test_gerar_arquivo_nao_grava_quando_vazio:151 - [STEP] Finalizando: gerar_arquivo_cont_proc | Tempo gasto: 0.0s
2026-08-04 14:08:07.433 | INFO    |test_geracao_cont_proc:test_gerar_arquivo_grava_no_caminho_e_nome_corretos:161 - [STEP] Iniciando: montar_linhas_cont_proc
2026-08-04 14:08:07.434 | INFO    |src.services.geracao_cont_proc:montar_linhas_cont_proc:195 - [STEP] Iniciando: selecionar_linhas_contestadas
2026-08-04 14:08:07.435 | INFO    |comum.utils.decoradores:wrapper:22 - [HU-16 CONT_PROC] 1 linha(s) contestada(s).
2026-08-04 14:08:07.435 | INFO    |src.services.geracao_cont_proc:montar_linhas_cont_proc:195 - [STEP] Finalizando: selecionar_linhas_contestadas | Tempo gasto: 0.0s
2026-08-04 14:08:07.436 | INFO    |comum.utils.decoradores:wrapper:22 - [HU-16 CONT_PROC] 1 linha(s) montada(s) (T-100+T-101 completos).
2026-08-04 14:08:07.436 | INFO    |test_geracao_cont_proc:test_gerar_arquivo_grava_no_caminho_e_nome_corretos:161 - [STEP] Finalizando: montar_linhas_cont_proc | Tempo gasto: 0.0s
2026-08-04 14:08:07.437 | INFO    |test_geracao_cont_proc:test_gerar_arquivo_grava_no_caminho_e_nome_corretos:163 - [STEP] Iniciando: gerar_arquivo_cont_proc
2026-08-04 14:08:07.443 | INFO    |comum.utils.decoradores:wrapper:22 - [HU-16 CONT_PROC] Arquivo gravado em [C:\Users\btime\AppData\Local\Temp\pytest-of-btime\pytest-292\test_gerar_arquivo_grava_no_ca0\Claro\2025\202507\AGI\CONT_PROC_MASCARA_Claro_202507.xlsx].
2026-08-04 14:08:07.443 | INFO    |test_geracao_cont_proc:test_gerar_arquivo_grava_no_caminho_e_nome_corretos:163 - [STEP] Finalizando: gerar_arquivo_cont_proc | Tempo gasto: 0.01s
2026-08-04 14:08:07.445 | INFO    |test_geracao_cont_proc:test_gate_df_vazio_retorna_vazio_com_o_schema_da_chave:187 - [STEP] Iniciando: selecionar_linhas_contestadas
2026-08-04 14:08:07.445 | INFO    |test_geracao_cont_proc:test_gate_df_vazio_retorna_vazio_com_o_schema_da_chave:187 - [STEP] Finalizando: selecionar_linhas_contestadas | Tempo gasto: 0.0s
2026-08-04 14:08:07.446 | INFO    |test_geracao_cont_proc:test_gate_cenario_sem_contestacao_exclui_linha:199 - [STEP] Iniciando: selecionar_linhas_contestadas
2026-08-04 14:08:07.447 | INFO    |comum.utils.decoradores:wrapper:22 - [HU-16 CONT_PROC] Nenhuma combinação com 'contestacao_a_enviar'=S.
2026-08-04 14:08:07.448 | INFO    |test_geracao_cont_proc:test_gate_cenario_sem_contestacao_exclui_linha:199 - [STEP] Finalizando: selecionar_linhas_contestadas | Tempo gasto: 0.0s
2026-08-04 14:08:07.449 | INFO    |test_geracao_cont_proc:test_gate_flag_s_sem_sinal_do_analista_exclui_linha:207 - [STEP] Iniciando: selecionar_linhas_contestadas
2026-08-04 14:08:07.451 | INFO    |comum.utils.decoradores:wrapper:22 - [HU-16 CONT_PROC] Nenhuma combinação com sinal do analista (todas 'sem contestação' apesar da variação).
2026-08-04 14:08:07.452 | INFO    |test_geracao_cont_proc:test_gate_flag_s_sem_sinal_do_analista_exclui_linha:207 - [STEP] Finalizando: selecionar_linhas_contestadas | Tempo gasto: 0.0s
2026-08-04 14:08:07.453 | INFO    |test_geracao_cont_proc:test_gate_cenarios_sem_e_com_retencao_selecionam_a_linha:215 - [STEP] Iniciando: selecionar_linhas_contestadas
2026-08-04 14:08:07.455 | INFO    |comum.utils.decoradores:wrapper:22 - [HU-16 CONT_PROC] 1 linha(s) contestada(s).
2026-08-04 14:08:07.456 | INFO    |test_geracao_cont_proc:test_gate_cenarios_sem_e_com_retencao_selecionam_a_linha:215 - [STEP] Finalizando: selecionar_linhas_contestadas | Tempo gasto: 0.0s
2026-08-04 14:08:07.459 | INFO    |test_geracao_cont_proc:test_gate_cenarios_sem_e_com_retencao_selecionam_a_linha:215 - [STEP] Iniciando: selecionar_linhas_contestadas
2026-08-04 14:08:07.461 | INFO    |comum.utils.decoradores:wrapper:22 - [HU-16 CONT_PROC] 1 linha(s) contestada(s).
2026-08-04 14:08:07.461 | INFO    |test_geracao_cont_proc:test_gate_cenarios_sem_e_com_retencao_selecionam_a_linha:215 - [STEP] Finalizando: selecionar_linhas_contestadas | Tempo gasto: 0.0s
2026-08-04 14:08:07.463 | INFO    |test_geracao_cont_proc:test_gate_preserva_o_indice_do_contest:239 - [STEP] Iniciando: selecionar_linhas_contestadas
2026-08-04 14:08:07.465 | INFO    |comum.utils.decoradores:wrapper:22 - [HU-16 CONT_PROC] 1 linha(s) contestada(s).
2026-08-04 14:08:07.465 | INFO    |test_geracao_cont_proc:test_gate_preserva_o_indice_do_contest:239 - [STEP] Finalizando: selecionar_linhas_contestadas | Tempo gasto: 0.0s
2026-08-04 14:08:07.466 | INFO    |test_geracao_cont_proc:test_gate_consulta_o_sinal_uma_vez_por_chave_unica:269 - [STEP] Iniciando: selecionar_linhas_contestadas
2026-08-04 14:08:07.468 | INFO    |comum.utils.decoradores:wrapper:22 - [HU-16 CONT_PROC] 3 linha(s) contestada(s).
2026-08-04 14:08:07.468 | INFO    |test_geracao_cont_proc:test_gate_consulta_o_sinal_uma_vez_por_chave_unica:269 - [STEP] Finalizando: selecionar_linhas_contestadas | Tempo gasto: 0.0s
2026-08-04 14:08:07.471 | INFO    |test_geracao_env_carta:test_pasta_inexistente_levanta_erro:31 - [STEP] Iniciando: obter_proximo_numero_carta
2026-08-04 14:08:07.471 | INFO    |test_geracao_env_carta:test_pasta_inexistente_levanta_erro:31 - [STEP] Finalizando: obter_proximo_numero_carta | Tempo gasto: 0.0s
2026-08-04 14:08:07.473 | INFO    |test_geracao_env_carta:test_pasta_vazia_levanta_erro:39 - [STEP] Iniciando: obter_proximo_numero_carta
2026-08-04 14:08:07.474 | INFO    |test_geracao_env_carta:test_pasta_vazia_levanta_erro:39 - [STEP] Finalizando: obter_proximo_numero_carta | Tempo gasto: 0.0s
2026-08-04 14:08:07.477 | INFO    |test_geracao_env_carta:test_pasta_sem_carta_reconhecivel_levanta_erro:50 - [STEP] Iniciando: obter_proximo_numero_carta
2026-08-04 14:08:07.478 | INFO    |test_geracao_env_carta:test_pasta_sem_carta_reconhecivel_levanta_erro:50 - [STEP] Finalizando: obter_proximo_numero_carta | Tempo gasto: 0.0s
2026-08-04 14:08:07.480 | INFO    |test_geracao_env_carta:test_pasta_vazia_com_numero_inicial_configurado:65 - [STEP] Iniciando: obter_proximo_numero_carta
2026-08-04 14:08:07.481 | WARNING |comum.utils.decoradores:wrapper:22 - [HU-14] Nenhuma carta CT em [C:\Users\btime\AppData\Local\Temp\pytest-of-btime\pytest-292\test_pasta_vazia_com_numero_in0\CT\2026] — iniciando a sequência em 500 (CT_NUMERO_INICIAL).
2026-08-04 14:08:07.481 | INFO    |test_geracao_env_carta:test_pasta_vazia_com_numero_inicial_configurado:65 - [STEP] Finalizando: obter_proximo_numero_carta | Tempo gasto: 0.0s
2026-08-04 14:08:07.484 | INFO    |test_geracao_env_carta:test_numero_inicial_nao_sobrepoe_sequencia_existente:78 - [STEP] Iniciando: obter_proximo_numero_carta
2026-08-04 14:08:07.484 | INFO    |comum.utils.decoradores:wrapper:22 - [HU-14] Último número CT encontrado: 362. Próximo: 363.
2026-08-04 14:08:07.484 | INFO    |test_geracao_env_carta:test_numero_inicial_nao_sobrepoe_sequencia_existente:78 - [STEP] Finalizando: obter_proximo_numero_carta | Tempo gasto: 0.0s
2026-08-04 14:08:07.487 | INFO    |test_geracao_env_carta:test_encontra_maior_numero_e_soma_um:87 - [STEP] Iniciando: obter_proximo_numero_carta
2026-08-04 14:08:07.487 | INFO    |comum.utils.decoradores:wrapper:22 - [HU-14] Último número CT encontrado: 362. Próximo: 363.
2026-08-04 14:08:07.487 | INFO    |test_geracao_env_carta:test_encontra_maior_numero_e_soma_um:87 - [STEP] Finalizando: obter_proximo_numero_carta | Tempo gasto: 0.0s
2026-08-04 14:08:07.492 | INFO    |test_geracao_env_carta:test_tolera_variacoes_de_grafia:98 - [STEP] Iniciando: obter_proximo_numero_carta
2026-08-04 14:08:07.492 | INFO    |comum.utils.decoradores:wrapper:22 - [HU-14] Último número CT encontrado: 334. Próximo: 335.
2026-08-04 14:08:07.492 | INFO    |test_geracao_env_carta:test_tolera_variacoes_de_grafia:98 - [STEP] Finalizando: obter_proximo_numero_carta | Tempo gasto: 0.0s
2026-08-04 14:08:07.495 | INFO    |test_geracao_env_carta:test_ignora_arquivos_sem_padrao_ct:107 - [STEP] Iniciando: obter_proximo_numero_carta
2026-08-04 14:08:07.496 | INFO    |comum.utils.decoradores:wrapper:22 - [HU-14] Último número CT encontrado: 100. Próximo: 101.
2026-08-04 14:08:07.496 | INFO    |test_geracao_env_carta:test_ignora_arquivos_sem_padrao_ct:107 - [STEP] Finalizando: obter_proximo_numero_carta | Tempo gasto: 0.0s
2026-08-04 14:08:07.500 | INFO    |src.services.geracao_env_carta:nome_proxima_carta:159 - [STEP] Iniciando: obter_proximo_numero_carta
2026-08-04 14:08:07.501 | INFO    |comum.utils.decoradores:wrapper:22 - [HU-14] Último número CT encontrado: 362. Próximo: 363.
2026-08-04 14:08:07.501 | INFO    |src.services.geracao_env_carta:nome_proxima_carta:159 - [STEP] Finalizando: obter_proximo_numero_carta | Tempo gasto: 0.0s
2026-08-04 14:08:07.502 | INFO    |comum.dados.repositorio_cache:__init__:77 - Inicializando conexão com o banco no ambiente [dev]
2026-08-04 14:08:07.503 | INFO    |comum.dados.repositorio_cache:__init__:77 - Utilizando SQLite local [C:\Users\btime\AppData\Local\Temp\detraf_epico4_teste_bfk67u28\TABELAS_DETRAF_TESTE.db]
2026-08-04 14:08:07.503 | INFO    |comum.dados.repositorio_cache:obter_tabela:169 - Carregando tabela [tbl_detraf_mapeamento_descritores]
2026-08-04 14:08:07.504 | INFO    |comum.dados.repositorio_cache:obter_tabela:169 - Tabela [tbl_detraf_mapeamento_descritores] carregada | Linhas: 25 | Colunas: 5
2026-08-04 14:08:07.508 | INFO    |test_geracao_env_carta:test_montar_abas_env_vazio_quando_sem_contestacao:168 - [STEP] Iniciando: montar_abas_env
2026-08-04 14:08:07.509 | INFO    |comum.utils.decoradores:wrapper:22 - [HU-14 _ENV] Nenhuma linha contestada — abas ficam vazias.
2026-08-04 14:08:07.509 | INFO    |test_geracao_env_carta:test_montar_abas_env_vazio_quando_sem_contestacao:168 - [STEP] Finalizando: montar_abas_env | Tempo gasto: 0.0s
2026-08-04 14:08:07.512 | INFO    |comum.dados.repositorio_cache:__init__:77 - Inicializando conexão com o banco no ambiente [dev]
2026-08-04 14:08:07.513 | INFO    |comum.dados.repositorio_cache:__init__:77 - Utilizando SQLite local [C:\Users\btime\AppData\Local\Temp\detraf_epico4_teste_bfk67u28\TABELAS_DETRAF_TESTE.db]
2026-08-04 14:08:07.513 | INFO    |comum.dados.repositorio_cache:obter_tabela:169 - Carregando tabela [tbl_detraf_mapeamento_descritores]
2026-08-04 14:08:07.515 | INFO    |comum.dados.repositorio_cache:obter_tabela:169 - Tabela [tbl_detraf_mapeamento_descritores] carregada | Linhas: 25 | Colunas: 5
2026-08-04 14:08:07.518 | INFO    |test_geracao_env_carta:test_montar_abas_env_exclui_sem_sinal_do_analista:181 - [STEP] Iniciando: montar_abas_env
2026-08-04 14:08:07.519 | INFO    |comum.utils.decoradores:wrapper:22 - [HU-14 _ENV] Nenhuma linha contestada — abas ficam vazias.
2026-08-04 14:08:07.519 | INFO    |test_geracao_env_carta:test_montar_abas_env_exclui_sem_sinal_do_analista:181 - [STEP] Finalizando: montar_abas_env | Tempo gasto: 0.0s
2026-08-04 14:08:07.522 | INFO    |comum.dados.repositorio_cache:__init__:77 - Inicializando conexão com o banco no ambiente [dev]
2026-08-04 14:08:07.522 | INFO    |comum.dados.repositorio_cache:__init__:77 - Utilizando SQLite local [C:\Users\btime\AppData\Local\Temp\detraf_epico4_teste_bfk67u28\TABELAS_DETRAF_TESTE.db]
2026-08-04 14:08:07.522 | INFO    |comum.dados.repositorio_cache:obter_tabela:169 - Carregando tabela [tbl_detraf_mapeamento_descritores]
2026-08-04 14:08:07.524 | INFO    |comum.dados.repositorio_cache:obter_tabela:169 - Tabela [tbl_detraf_mapeamento_descritores] carregada | Linhas: 25 | Colunas: 5
2026-08-04 14:08:07.527 | INFO    |test_geracao_env_carta:test_montar_abas_env_filtra_contest_e_tbra_corretamente:204 - [STEP] Iniciando: montar_abas_env
2026-08-04 14:08:07.531 | INFO    |comum.utils.decoradores:wrapper:22 - [HU-14 _ENV] Contest: 1 linha(s) contestada(s); TBRA: 1 linha(s) correspondente(s).
2026-08-04 14:08:07.532 | INFO    |test_geracao_env_carta:test_montar_abas_env_filtra_contest_e_tbra_corretamente:204 - [STEP] Finalizando: montar_abas_env | Tempo gasto: 0.0s
2026-08-04 14:08:07.535 | INFO    |test_geracao_env_carta:test_gerar_arquivo_env_nao_grava_quando_vazio:216 - [STEP] Iniciando: gerar_arquivo_env
2026-08-04 14:08:07.536 | INFO    |comum.utils.decoradores:wrapper:22 - [HU-14 _ENV] Nada a gravar (nenhuma linha contestada).
2026-08-04 14:08:07.536 | INFO    |test_geracao_env_carta:test_gerar_arquivo_env_nao_grava_quando_vazio:216 - [STEP] Finalizando: gerar_arquivo_env | Tempo gasto: 0.0s
2026-08-04 14:08:07.539 | INFO    |comum.dados.repositorio_cache:__init__:77 - Inicializando conexão com o banco no ambiente [dev]
2026-08-04 14:08:07.539 | INFO    |comum.dados.repositorio_cache:__init__:77 - Utilizando SQLite local [C:\Users\btime\AppData\Local\Temp\detraf_epico4_teste_bfk67u28\TABELAS_DETRAF_TESTE.db]
2026-08-04 14:08:07.539 | INFO    |comum.dados.repositorio_cache:obter_tabela:169 - Carregando tabela [tbl_detraf_mapeamento_descritores]
2026-08-04 14:08:07.541 | INFO    |comum.dados.repositorio_cache:obter_tabela:169 - Tabela [tbl_detraf_mapeamento_descritores] carregada | Linhas: 25 | Colunas: 5
2026-08-04 14:08:07.545 | INFO    |test_geracao_env_carta:test_gerar_arquivo_env_grava_no_caminho_e_nome_corretos:228 - [STEP] Iniciando: montar_abas_env
2026-08-04 14:08:07.548 | INFO    |comum.utils.decoradores:wrapper:22 - [HU-14 _ENV] Contest: 1 linha(s) contestada(s); TBRA: 1 linha(s) correspondente(s).
2026-08-04 14:08:07.548 | INFO    |test_geracao_env_carta:test_gerar_arquivo_env_grava_no_caminho_e_nome_corretos:228 - [STEP] Finalizando: montar_abas_env | Tempo gasto: 0.0s
2026-08-04 14:08:07.548 | INFO    |test_geracao_env_carta:test_gerar_arquivo_env_grava_no_caminho_e_nome_corretos:231 - [STEP] Iniciando: gerar_arquivo_env
2026-08-04 14:08:07.556 | INFO    |comum.utils.decoradores:wrapper:22 - [HU-14 _ENV] Arquivo gravado em [C:\Users\btime\AppData\Local\Temp\pytest-of-btime\pytest-292\test_gerar_arquivo_env_grava_n0\Claro\2025\202507\Contestações\Base Contestação_Claro_202507_ENV.xlsx].
2026-08-04 14:08:07.556 | INFO    |test_geracao_env_carta:test_gerar_arquivo_env_grava_no_caminho_e_nome_corretos:231 - [STEP] Finalizando: gerar_arquivo_env | Tempo gasto: 0.01s
2026-08-04 14:08:07.565 | INFO    |test_geracao_env_carta:test_montar_tabelas_carta_vazio:280 - [STEP] Iniciando: montar_tabelas_carta
2026-08-04 14:08:07.566 | INFO    |test_geracao_env_carta:test_montar_tabelas_carta_vazio:280 - [STEP] Finalizando: montar_tabelas_carta | Tempo gasto: 0.0s
2026-08-04 14:08:07.568 | INFO    |test_geracao_env_carta:test_montar_tabelas_carta_agrupa_por_remuneracao:291 - [STEP] Iniciando: montar_tabelas_carta
2026-08-04 14:08:07.571 | INFO    |comum.utils.decoradores:wrapper:22 - [HU-14 Carta] 2 tabela(s) de remuneração montada(s).
2026-08-04 14:08:07.572 | INFO    |test_geracao_env_carta:test_montar_tabelas_carta_agrupa_por_remuneracao:291 - [STEP] Finalizando: montar_tabelas_carta | Tempo gasto: 0.0s
2026-08-04 14:08:07.573 | INFO    |test_geracao_env_carta:test_montar_tabelas_carta_linha_total_soma_valores_numericos:306 - [STEP] Iniciando: montar_tabelas_carta
2026-08-04 14:08:07.577 | INFO    |comum.utils.decoradores:wrapper:22 - [HU-14 Carta] 1 tabela(s) de remuneração montada(s).
2026-08-04 14:08:07.578 | INFO    |test_geracao_env_carta:test_montar_tabelas_carta_linha_total_soma_valores_numericos:306 - [STEP] Finalizando: montar_tabelas_carta | Tempo gasto: 0.0s
2026-08-04 14:08:07.579 | INFO    |test_geracao_env_carta:test_montar_tabelas_carta_variacao_perc_em_branco_no_total:317 - [STEP] Iniciando: montar_tabelas_carta
2026-08-04 14:08:07.581 | INFO    |comum.utils.decoradores:wrapper:22 - [HU-14 Carta] 1 tabela(s) de remuneração montada(s).
2026-08-04 14:08:07.581 | INFO    |test_geracao_env_carta:test_montar_tabelas_carta_variacao_perc_em_branco_no_total:317 - [STEP] Finalizando: montar_tabelas_carta | Tempo gasto: 0.0s
2026-08-04 14:08:07.583 | INFO    |test_geracao_env_carta:test_montar_tabelas_carta_nao_inclui_coluna_contestacao_a_enviar:327 - [STEP] Iniciando: montar_tabelas_carta
2026-08-04 14:08:07.585 | INFO    |comum.utils.decoradores:wrapper:22 - [HU-14 Carta] 1 tabela(s) de remuneração montada(s).
2026-08-04 14:08:07.585 | INFO    |test_geracao_env_carta:test_montar_tabelas_carta_nao_inclui_coluna_contestacao_a_enviar:327 - [STEP] Finalizando: montar_tabelas_carta | Tempo gasto: 0.0s
2026-08-04 14:08:07.586 | INFO    |test_geracao_env_carta:test_montar_tabelas_carta_expoe_tipo_operacao_quando_uniforme:337 - [STEP] Iniciando: montar_tabelas_carta
2026-08-04 14:08:07.588 | INFO    |comum.utils.decoradores:wrapper:22 - [HU-14 Carta] 1 tabela(s) de remuneração montada(s).
2026-08-04 14:08:07.588 | INFO    |test_geracao_env_carta:test_montar_tabelas_carta_expoe_tipo_operacao_quando_uniforme:337 - [STEP] Finalizando: montar_tabelas_carta | Tempo gasto: 0.0s
2026-08-04 14:08:07.590 | INFO    |test_geracao_env_carta:test_renderizar_carta_conteudo_basico:363 - [STEP] Iniciando: montar_tabelas_carta
2026-08-04 14:08:07.593 | INFO    |comum.utils.decoradores:wrapper:22 - [HU-14 Carta] 1 tabela(s) de remuneração montada(s).
2026-08-04 14:08:07.594 | INFO    |test_geracao_env_carta:test_renderizar_carta_conteudo_basico:363 - [STEP] Finalizando: montar_tabelas_carta | Tempo gasto: 0.0s
2026-08-04 14:08:07.594 | INFO    |test_geracao_env_carta:test_renderizar_carta_conteudo_basico:367 - [STEP] Iniciando: renderizar_carta
2026-08-04 14:08:07.607 | INFO    |comum.utils.decoradores:wrapper:22 - [HU-14 Carta] Carta CT-363 renderizada (1 tabela(s)).
2026-08-04 14:08:07.608 | INFO    |test_geracao_env_carta:test_renderizar_carta_conteudo_basico:367 - [STEP] Finalizando: renderizar_carta | Tempo gasto: 0.01s
2026-08-04 14:08:07.610 | INFO    |test_geracao_env_carta:test_renderizar_carta_texto_com_retencao:386 - [STEP] Iniciando: montar_tabelas_carta
2026-08-04 14:08:07.612 | INFO    |comum.utils.decoradores:wrapper:22 - [HU-14 Carta] 1 tabela(s) de remuneração montada(s).
2026-08-04 14:08:07.612 | INFO    |test_geracao_env_carta:test_renderizar_carta_texto_com_retencao:386 - [STEP] Finalizando: montar_tabelas_carta | Tempo gasto: 0.0s
2026-08-04 14:08:07.613 | INFO    |test_geracao_env_carta:test_renderizar_carta_texto_com_retencao:390 - [STEP] Iniciando: renderizar_carta
2026-08-04 14:08:07.623 | INFO    |comum.utils.decoradores:wrapper:22 - [HU-14 Carta] Carta CT-1 renderizada (1 tabela(s)).
2026-08-04 14:08:07.624 | INFO    |test_geracao_env_carta:test_renderizar_carta_texto_com_retencao:390 - [STEP] Finalizando: renderizar_carta | Tempo gasto: 0.01s
2026-08-04 14:08:07.626 | INFO    |test_geracao_env_carta:test_renderizar_carta_sem_cidade_usa_padrao_sao_paulo:406 - [STEP] Iniciando: montar_tabelas_carta
2026-08-04 14:08:07.628 | INFO    |comum.utils.decoradores:wrapper:22 - [HU-14 Carta] 1 tabela(s) de remuneração montada(s).
2026-08-04 14:08:07.629 | INFO    |test_geracao_env_carta:test_renderizar_carta_sem_cidade_usa_padrao_sao_paulo:406 - [STEP] Finalizando: montar_tabelas_carta | Tempo gasto: 0.0s
2026-08-04 14:08:07.629 | INFO    |test_geracao_env_carta:test_renderizar_carta_sem_cidade_usa_padrao_sao_paulo:410 - [STEP] Iniciando: renderizar_carta
2026-08-04 14:08:07.640 | INFO    |comum.utils.decoradores:wrapper:22 - [HU-14 Carta] Carta CT-1 renderizada (1 tabela(s)).
2026-08-04 14:08:07.640 | INFO    |test_geracao_env_carta:test_renderizar_carta_sem_cidade_usa_padrao_sao_paulo:410 - [STEP] Finalizando: renderizar_carta | Tempo gasto: 0.01s
2026-08-04 14:08:07.642 | INFO    |test_geracao_env_carta:test_renderizar_carta_aceita_override_de_cidade:424 - [STEP] Iniciando: montar_tabelas_carta
2026-08-04 14:08:07.644 | INFO    |comum.utils.decoradores:wrapper:22 - [HU-14 Carta] 1 tabela(s) de remuneração montada(s).
2026-08-04 14:08:07.644 | INFO    |test_geracao_env_carta:test_renderizar_carta_aceita_override_de_cidade:424 - [STEP] Finalizando: montar_tabelas_carta | Tempo gasto: 0.0s
2026-08-04 14:08:07.645 | INFO    |test_geracao_env_carta:test_renderizar_carta_aceita_override_de_cidade:428 - [STEP] Iniciando: renderizar_carta
2026-08-04 14:08:07.655 | INFO    |comum.utils.decoradores:wrapper:22 - [HU-14 Carta] Carta CT-1 renderizada (1 tabela(s)).
2026-08-04 14:08:07.655 | INFO    |test_geracao_env_carta:test_renderizar_carta_aceita_override_de_cidade:428 - [STEP] Finalizando: renderizar_carta | Tempo gasto: 0.01s
2026-08-04 14:08:07.659 | INFO    |test_geracao_env_carta:test_gerar_arquivo_carta_grava_no_caminho_e_nome_corretos:446 - [STEP] Iniciando: montar_tabelas_carta
2026-08-04 14:08:07.661 | INFO    |comum.utils.decoradores:wrapper:22 - [HU-14 Carta] 1 tabela(s) de remuneração montada(s).
2026-08-04 14:08:07.661 | INFO    |test_geracao_env_carta:test_gerar_arquivo_carta_grava_no_caminho_e_nome_corretos:446 - [STEP] Finalizando: montar_tabelas_carta | Tempo gasto: 0.0s
2026-08-04 14:08:07.661 | INFO    |test_geracao_env_carta:test_gerar_arquivo_carta_grava_no_caminho_e_nome_corretos:449 - [STEP] Iniciando: renderizar_carta
2026-08-04 14:08:07.672 | INFO    |comum.utils.decoradores:wrapper:22 - [HU-14 Carta] Carta CT-363 renderizada (1 tabela(s)).
2026-08-04 14:08:07.672 | INFO    |test_geracao_env_carta:test_gerar_arquivo_carta_grava_no_caminho_e_nome_corretos:449 - [STEP] Finalizando: renderizar_carta | Tempo gasto: 0.01s
2026-08-04 14:08:07.672 | INFO    |test_geracao_env_carta:test_gerar_arquivo_carta_grava_no_caminho_e_nome_corretos:459 - [STEP] Iniciando: gerar_arquivo_carta
2026-08-04 14:08:07.683 | INFO    |comum.utils.decoradores:wrapper:22 - [HU-14 Carta] Carta gravada em [C:\Users\btime\AppData\Local\Temp\pytest-of-btime\pytest-292\test_gerar_arquivo_carta_grava0\operadoras\Claro\2026\202606\Contestações\CT - 363.docx], cópia em [C:\Users\btime\AppData\Local\Temp\pytest-of-btime\pytest-292\test_gerar_arquivo_carta_grava0\controle_ct\2026\CT - 363.docx].
2026-08-04 14:08:07.683 | INFO    |test_geracao_env_carta:test_gerar_arquivo_carta_grava_no_caminho_e_nome_corretos:459 - [STEP] Finalizando: gerar_arquivo_carta | Tempo gasto: 0.01s
2026-08-04 14:08:07.686 | INFO    |test_geracao_env_carta:test_gerar_arquivo_carta_salva_copia_em_controle_ct:474 - [STEP] Iniciando: montar_tabelas_carta
2026-08-04 14:08:07.688 | INFO    |comum.utils.decoradores:wrapper:22 - [HU-14 Carta] 1 tabela(s) de remuneração montada(s).
2026-08-04 14:08:07.689 | INFO    |test_geracao_env_carta:test_gerar_arquivo_carta_salva_copia_em_controle_ct:474 - [STEP] Finalizando: montar_tabelas_carta | Tempo gasto: 0.0s
2026-08-04 14:08:07.689 | INFO    |test_geracao_env_carta:test_gerar_arquivo_carta_salva_copia_em_controle_ct:477 - [STEP] Iniciando: renderizar_carta
2026-08-04 14:08:07.699 | INFO    |comum.utils.decoradores:wrapper:22 - [HU-14 Carta] Carta CT-363 renderizada (1 tabela(s)).
2026-08-04 14:08:07.700 | INFO    |test_geracao_env_carta:test_gerar_arquivo_carta_salva_copia_em_controle_ct:477 - [STEP] Finalizando: renderizar_carta | Tempo gasto: 0.01s
2026-08-04 14:08:07.700 | INFO    |test_geracao_env_carta:test_gerar_arquivo_carta_salva_copia_em_controle_ct:487 - [STEP] Iniciando: gerar_arquivo_carta
2026-08-04 14:08:07.710 | INFO    |comum.utils.decoradores:wrapper:22 - [HU-14 Carta] Carta gravada em [C:\Users\btime\AppData\Local\Temp\pytest-of-btime\pytest-292\test_gerar_arquivo_carta_salva0\operadoras\Claro\2026\202606\Contestações\CT - 363.docx], cópia em [C:\Users\btime\AppData\Local\Temp\pytest-of-btime\pytest-292\test_gerar_arquivo_carta_salva0\controle_ct\2026\CT - 363.docx].
2026-08-04 14:08:07.710 | INFO    |test_geracao_env_carta:test_gerar_arquivo_carta_salva_copia_em_controle_ct:487 - [STEP] Finalizando: gerar_arquivo_carta | Tempo gasto: 0.01s
2026-08-04 14:08:07.719 | INFO    |comum.dados.repositorio_cache:__init__:77 - Inicializando conexão com o banco no ambiente [dev]
2026-08-04 14:08:07.719 | INFO    |comum.dados.repositorio_cache:__init__:77 - Utilizando SQLite local [C:\Users\btime\AppData\Local\Temp\detraf_epico4_teste_bfk67u28\TABELAS_DETRAF_TESTE.db]
2026-08-04 14:08:07.720 | INFO    |comum.dados.repositorio_cache:obter_tabela:169 - Carregando tabela [tbl_detraf_mapeamento_descritores]
2026-08-04 14:08:07.721 | INFO    |comum.dados.repositorio_cache:obter_tabela:169 - Tabela [tbl_detraf_mapeamento_descritores] carregada | Linhas: 25 | Colunas: 5
2026-08-04 14:08:07.724 | INFO    |test_geracao_ext:test_montar_linhas_ext_vazio_retorna_vazio:44 - [STEP] Iniciando: montar_linhas_ext
2026-08-04 14:08:07.725 | INFO    |test_geracao_ext:test_montar_linhas_ext_vazio_retorna_vazio:44 - [STEP] Finalizando: montar_linhas_ext | Tempo gasto: 0.0s
2026-08-04 14:08:07.728 | INFO    |comum.dados.repositorio_cache:__init__:77 - Inicializando conexão com o banco no ambiente [dev]
2026-08-04 14:08:07.728 | INFO    |comum.dados.repositorio_cache:__init__:77 - Utilizando SQLite local [C:\Users\btime\AppData\Local\Temp\detraf_epico4_teste_bfk67u28\TABELAS_DETRAF_TESTE.db]
2026-08-04 14:08:07.729 | INFO    |comum.dados.repositorio_cache:obter_tabela:169 - Carregando tabela [tbl_detraf_mapeamento_descritores]
2026-08-04 14:08:07.730 | INFO    |comum.dados.repositorio_cache:obter_tabela:169 - Tabela [tbl_detraf_mapeamento_descritores] carregada | Linhas: 25 | Colunas: 5
2026-08-04 14:08:07.733 | INFO    |test_geracao_ext:test_montar_linhas_ext_cenario_sem_contestacao:54 - [STEP] Iniciando: montar_linhas_ext
2026-08-04 14:08:07.737 | INFO    |comum.utils.decoradores:wrapper:22 - [HU-12 EXT] 1 linha(s) montada(s).
2026-08-04 14:08:07.737 | INFO    |test_geracao_ext:test_montar_linhas_ext_cenario_sem_contestacao:54 - [STEP] Finalizando: montar_linhas_ext | Tempo gasto: 0.0s
2026-08-04 14:08:07.739 | INFO    |comum.dados.repositorio_cache:__init__:77 - Inicializando conexão com o banco no ambiente [dev]
2026-08-04 14:08:07.739 | INFO    |comum.dados.repositorio_cache:__init__:77 - Utilizando SQLite local [C:\Users\btime\AppData\Local\Temp\detraf_epico4_teste_bfk67u28\TABELAS_DETRAF_TESTE.db]
2026-08-04 14:08:07.740 | INFO    |comum.dados.repositorio_cache:obter_tabela:169 - Carregando tabela [tbl_detraf_mapeamento_descritores]
2026-08-04 14:08:07.741 | INFO    |comum.dados.repositorio_cache:obter_tabela:169 - Tabela [tbl_detraf_mapeamento_descritores] carregada | Linhas: 25 | Colunas: 5
2026-08-04 14:08:07.745 | INFO    |test_geracao_ext:test_montar_linhas_ext_cenario_sem_retencao:69 - [STEP] Iniciando: montar_linhas_ext
2026-08-04 14:08:07.748 | INFO    |comum.utils.decoradores:wrapper:22 - [HU-12 EXT] 1 linha(s) montada(s).
2026-08-04 14:08:07.748 | INFO    |test_geracao_ext:test_montar_linhas_ext_cenario_sem_retencao:69 - [STEP] Finalizando: montar_linhas_ext | Tempo gasto: 0.0s
2026-08-04 14:08:07.751 | INFO    |comum.dados.repositorio_cache:__init__:77 - Inicializando conexão com o banco no ambiente [dev]
2026-08-04 14:08:07.751 | INFO    |comum.dados.repositorio_cache:__init__:77 - Utilizando SQLite local [C:\Users\btime\AppData\Local\Temp\detraf_epico4_teste_bfk67u28\TABELAS_DETRAF_TESTE.db]
2026-08-04 14:08:07.752 | INFO    |comum.dados.repositorio_cache:obter_tabela:169 - Carregando tabela [tbl_detraf_mapeamento_descritores]
2026-08-04 14:08:07.753 | INFO    |comum.dados.repositorio_cache:obter_tabela:169 - Tabela [tbl_detraf_mapeamento_descritores] carregada | Linhas: 25 | Colunas: 5
2026-08-04 14:08:07.756 | INFO    |test_geracao_ext:test_montar_linhas_ext_cenario_com_retencao:80 - [STEP] Iniciando: montar_linhas_ext
2026-08-04 14:08:07.759 | INFO    |comum.utils.decoradores:wrapper:22 - [HU-12 EXT] 1 linha(s) montada(s).
2026-08-04 14:08:07.759 | INFO    |test_geracao_ext:test_montar_linhas_ext_cenario_com_retencao:80 - [STEP] Finalizando: montar_linhas_ext | Tempo gasto: 0.0s
2026-08-04 14:08:07.762 | INFO    |comum.dados.repositorio_cache:__init__:77 - Inicializando conexão com o banco no ambiente [dev]
2026-08-04 14:08:07.762 | INFO    |comum.dados.repositorio_cache:__init__:77 - Utilizando SQLite local [C:\Users\btime\AppData\Local\Temp\detraf_epico4_teste_bfk67u28\TABELAS_DETRAF_TESTE.db]
2026-08-04 14:08:07.763 | INFO    |comum.dados.repositorio_cache:obter_tabela:169 - Carregando tabela [tbl_detraf_mapeamento_descritores]
2026-08-04 14:08:07.764 | INFO    |comum.dados.repositorio_cache:obter_tabela:169 - Tabela [tbl_detraf_mapeamento_descritores] carregada | Linhas: 25 | Colunas: 5
2026-08-04 14:08:07.767 | INFO    |test_geracao_ext:test_montar_linhas_ext_descritor_nao_mapeado_mantem_linha:93 - [STEP] Iniciando: montar_linhas_ext
2026-08-04 14:08:07.770 | INFO    |comum.utils.decoradores:wrapper:22 - [HU-12 EXT] 1 linha(s) montada(s).
2026-08-04 14:08:07.770 | INFO    |test_geracao_ext:test_montar_linhas_ext_descritor_nao_mapeado_mantem_linha:93 - [STEP] Finalizando: montar_linhas_ext | Tempo gasto: 0.0s
2026-08-04 14:08:07.773 | INFO    |comum.dados.repositorio_cache:__init__:77 - Inicializando conexão com o banco no ambiente [dev]
2026-08-04 14:08:07.773 | INFO    |comum.dados.repositorio_cache:__init__:77 - Utilizando SQLite local [C:\Users\btime\AppData\Local\Temp\detraf_epico4_teste_bfk67u28\TABELAS_DETRAF_TESTE.db]
2026-08-04 14:08:07.773 | INFO    |comum.dados.repositorio_cache:obter_tabela:169 - Carregando tabela [tbl_detraf_mapeamento_descritores]
2026-08-04 14:08:07.775 | INFO    |comum.dados.repositorio_cache:obter_tabela:169 - Tabela [tbl_detraf_mapeamento_descritores] carregada | Linhas: 25 | Colunas: 5
2026-08-04 14:08:07.778 | INFO    |test_geracao_ext:test_montar_linhas_ext_mesmo_grupo_compartilha_expectativa:114 - [STEP] Iniciando: montar_linhas_ext
2026-08-04 14:08:07.781 | INFO    |comum.utils.decoradores:wrapper:22 - [HU-12 EXT] 2 linha(s) montada(s).
2026-08-04 14:08:07.782 | INFO    |test_geracao_ext:test_montar_linhas_ext_mesmo_grupo_compartilha_expectativa:114 - [STEP] Finalizando: montar_linhas_ext | Tempo gasto: 0.0s
2026-08-04 14:08:07.786 | INFO    |comum.dados.repositorio_cache:__init__:77 - Inicializando conexão com o banco no ambiente [dev]
2026-08-04 14:08:07.786 | INFO    |comum.dados.repositorio_cache:__init__:77 - Utilizando SQLite local [C:\Users\btime\AppData\Local\Temp\detraf_epico4_teste_bfk67u28\TABELAS_DETRAF_TESTE.db]
2026-08-04 14:08:07.786 | INFO    |comum.dados.repositorio_cache:obter_tabela:169 - Carregando tabela [tbl_detraf_mapeamento_descritores]
2026-08-04 14:08:07.788 | INFO    |comum.dados.repositorio_cache:obter_tabela:169 - Tabela [tbl_detraf_mapeamento_descritores] carregada | Linhas: 25 | Colunas: 5
2026-08-04 14:08:07.791 | INFO    |test_geracao_ext:test_gerar_arquivo_ext_grava_no_caminho_e_nome_corretos:121 - [STEP] Iniciando: montar_linhas_ext
2026-08-04 14:08:07.794 | INFO    |comum.utils.decoradores:wrapper:22 - [HU-12 EXT] 1 linha(s) montada(s).
2026-08-04 14:08:07.795 | INFO    |test_geracao_ext:test_gerar_arquivo_ext_grava_no_caminho_e_nome_corretos:121 - [STEP] Finalizando: montar_linhas_ext | Tempo gasto: 0.0s
2026-08-04 14:08:07.795 | INFO    |test_geracao_ext:test_gerar_arquivo_ext_grava_no_caminho_e_nome_corretos:125 - [STEP] Iniciando: gerar_arquivo_ext
2026-08-04 14:08:07.803 | INFO    |comum.utils.decoradores:wrapper:22 - [HU-12 EXT] Arquivo gravado em [C:\Users\btime\AppData\Local\Temp\pytest-of-btime\pytest-292\test_gerar_arquivo_ext_grava_n0\Claro\2025\202507\AGI\DE_AGI_D_202507_TBRA_X_CLARO_EXT.xlsx].
2026-08-04 14:08:07.803 | INFO    |test_geracao_ext:test_gerar_arquivo_ext_grava_no_caminho_e_nome_corretos:125 - [STEP] Finalizando: gerar_arquivo_ext | Tempo gasto: 0.01s
2026-08-04 14:08:07.811 | INFO    |comum.dados.repositorio_cache:__init__:77 - Inicializando conexão com o banco no ambiente [dev]
2026-08-04 14:08:07.811 | INFO    |comum.dados.repositorio_cache:__init__:77 - Utilizando SQLite local [C:\Users\btime\AppData\Local\Temp\detraf_epico4_teste_bfk67u28\TABELAS_DETRAF_TESTE.db]
2026-08-04 14:08:07.811 | INFO    |comum.dados.repositorio_cache:obter_tabela:169 - Carregando tabela [tbl_detraf_mapeamento_descritores]
2026-08-04 14:08:07.813 | INFO    |comum.dados.repositorio_cache:obter_tabela:169 - Tabela [tbl_detraf_mapeamento_descritores] carregada | Linhas: 25 | Colunas: 5
2026-08-04 14:08:07.816 | INFO    |test_geracao_int:test_montar_linhas_int_vazio_retorna_vazio:43 - [STEP] Iniciando: montar_linhas_int
2026-08-04 14:08:07.816 | INFO    |test_geracao_int:test_montar_linhas_int_vazio_retorna_vazio:43 - [STEP] Finalizando: montar_linhas_int | Tempo gasto: 0.0s
2026-08-04 14:08:07.819 | INFO    |comum.dados.repositorio_cache:__init__:77 - Inicializando conexão com o banco no ambiente [dev]
2026-08-04 14:08:07.819 | INFO    |comum.dados.repositorio_cache:__init__:77 - Utilizando SQLite local [C:\Users\btime\AppData\Local\Temp\detraf_epico4_teste_bfk67u28\TABELAS_DETRAF_TESTE.db]
2026-08-04 14:08:07.820 | INFO    |comum.dados.repositorio_cache:obter_tabela:169 - Carregando tabela [tbl_detraf_mapeamento_descritores]
2026-08-04 14:08:07.822 | INFO    |comum.dados.repositorio_cache:obter_tabela:169 - Tabela [tbl_detraf_mapeamento_descritores] carregada | Linhas: 25 | Colunas: 5
2026-08-04 14:08:07.826 | INFO    |test_geracao_int:test_montar_linhas_int_cenario_sem_contestacao_fica_vazio:53 - [STEP] Iniciando: montar_linhas_int
2026-08-04 14:08:07.830 | INFO    |comum.utils.decoradores:wrapper:22 - [HU-13 INT] Nenhuma linha COM retenção — INT não se aplica a este cenário.
2026-08-04 14:08:07.830 | INFO    |test_geracao_int:test_montar_linhas_int_cenario_sem_contestacao_fica_vazio:53 - [STEP] Finalizando: montar_linhas_int | Tempo gasto: 0.0s
2026-08-04 14:08:07.834 | INFO    |comum.dados.repositorio_cache:__init__:77 - Inicializando conexão com o banco no ambiente [dev]
2026-08-04 14:08:07.835 | INFO    |comum.dados.repositorio_cache:__init__:77 - Utilizando SQLite local [C:\Users\btime\AppData\Local\Temp\detraf_epico4_teste_bfk67u28\TABELAS_DETRAF_TESTE.db]
2026-08-04 14:08:07.835 | INFO    |comum.dados.repositorio_cache:obter_tabela:169 - Carregando tabela [tbl_detraf_mapeamento_descritores]
2026-08-04 14:08:07.837 | INFO    |comum.dados.repositorio_cache:obter_tabela:169 - Tabela [tbl_detraf_mapeamento_descritores] carregada | Linhas: 25 | Colunas: 5
2026-08-04 14:08:07.841 | INFO    |test_geracao_int:test_montar_linhas_int_cenario_sem_retencao_fica_vazio:62 - [STEP] Iniciando: montar_linhas_int
2026-08-04 14:08:07.843 | INFO    |comum.utils.decoradores:wrapper:22 - [HU-13 INT] Nenhuma linha COM retenção — INT não se aplica a este cenário.
2026-08-04 14:08:07.843 | INFO    |test_geracao_int:test_montar_linhas_int_cenario_sem_retencao_fica_vazio:62 - [STEP] Finalizando: montar_linhas_int | Tempo gasto: 0.0s
2026-08-04 14:08:07.846 | INFO    |comum.dados.repositorio_cache:__init__:77 - Inicializando conexão com o banco no ambiente [dev]
2026-08-04 14:08:07.846 | INFO    |comum.dados.repositorio_cache:__init__:77 - Utilizando SQLite local [C:\Users\btime\AppData\Local\Temp\detraf_epico4_teste_bfk67u28\TABELAS_DETRAF_TESTE.db]
2026-08-04 14:08:07.847 | INFO    |comum.dados.repositorio_cache:obter_tabela:169 - Carregando tabela [tbl_detraf_mapeamento_descritores]
2026-08-04 14:08:07.848 | INFO    |comum.dados.repositorio_cache:obter_tabela:169 - Tabela [tbl_detraf_mapeamento_descritores] carregada | Linhas: 25 | Colunas: 5
2026-08-04 14:08:07.851 | INFO    |test_geracao_int:test_montar_linhas_int_cenario_com_retencao_preenche_linhas:71 - [STEP] Iniciando: montar_linhas_int
2026-08-04 14:08:07.854 | INFO    |comum.utils.decoradores:wrapper:22 - [HU-13 INT] 1 linha(s) montada(s) (COM retenção).
2026-08-04 14:08:07.855 | INFO    |test_geracao_int:test_montar_linhas_int_cenario_com_retencao_preenche_linhas:71 - [STEP] Finalizando: montar_linhas_int | Tempo gasto: 0.0s
2026-08-04 14:08:07.857 | INFO    |comum.dados.repositorio_cache:__init__:77 - Inicializando conexão com o banco no ambiente [dev]
2026-08-04 14:08:07.858 | INFO    |comum.dados.repositorio_cache:__init__:77 - Utilizando SQLite local [C:\Users\btime\AppData\Local\Temp\detraf_epico4_teste_bfk67u28\TABELAS_DETRAF_TESTE.db]
2026-08-04 14:08:07.858 | INFO    |comum.dados.repositorio_cache:obter_tabela:169 - Carregando tabela [tbl_detraf_mapeamento_descritores]
2026-08-04 14:08:07.860 | INFO    |comum.dados.repositorio_cache:obter_tabela:169 - Tabela [tbl_detraf_mapeamento_descritores] carregada | Linhas: 25 | Colunas: 5
2026-08-04 14:08:07.863 | INFO    |test_geracao_int:test_montar_linhas_int_filtra_apenas_com_retencao:95 - [STEP] Iniciando: montar_linhas_int
2026-08-04 14:08:07.866 | INFO    |comum.utils.decoradores:wrapper:22 - [HU-13 INT] 1 linha(s) montada(s) (COM retenção).
2026-08-04 14:08:07.866 | INFO    |test_geracao_int:test_montar_linhas_int_filtra_apenas_com_retencao:95 - [STEP] Finalizando: montar_linhas_int | Tempo gasto: 0.0s
2026-08-04 14:08:07.870 | INFO    |test_geracao_int:test_gerar_arquivo_int_nao_grava_quando_vazio:102 - [STEP] Iniciando: gerar_arquivo_int
2026-08-04 14:08:07.870 | INFO    |comum.utils.decoradores:wrapper:22 - [HU-13 INT] Nada a gravar (sem linhas COM retenção) — arquivo não criado.
2026-08-04 14:08:07.870 | INFO    |test_geracao_int:test_gerar_arquivo_int_nao_grava_quando_vazio:102 - [STEP] Finalizando: gerar_arquivo_int | Tempo gasto: 0.0s
2026-08-04 14:08:07.873 | INFO    |comum.dados.repositorio_cache:__init__:77 - Inicializando conexão com o banco no ambiente [dev]
2026-08-04 14:08:07.873 | INFO    |comum.dados.repositorio_cache:__init__:77 - Utilizando SQLite local [C:\Users\btime\AppData\Local\Temp\detraf_epico4_teste_bfk67u28\TABELAS_DETRAF_TESTE.db]
2026-08-04 14:08:07.873 | INFO    |comum.dados.repositorio_cache:obter_tabela:169 - Carregando tabela [tbl_detraf_mapeamento_descritores]
2026-08-04 14:08:07.875 | INFO    |comum.dados.repositorio_cache:obter_tabela:169 - Tabela [tbl_detraf_mapeamento_descritores] carregada | Linhas: 25 | Colunas: 5
2026-08-04 14:08:07.878 | INFO    |test_geracao_int:test_gerar_arquivo_int_grava_no_caminho_e_nome_corretos:110 - [STEP] Iniciando: montar_linhas_int
2026-08-04 14:08:07.882 | INFO    |comum.utils.decoradores:wrapper:22 - [HU-13 INT] 1 linha(s) montada(s) (COM retenção).
2026-08-04 14:08:07.882 | INFO    |test_geracao_int:test_gerar_arquivo_int_grava_no_caminho_e_nome_corretos:110 - [STEP] Finalizando: montar_linhas_int | Tempo gasto: 0.0s
2026-08-04 14:08:07.882 | INFO    |test_geracao_int:test_gerar_arquivo_int_grava_no_caminho_e_nome_corretos:112 - [STEP] Iniciando: gerar_arquivo_int
2026-08-04 14:08:07.890 | INFO    |comum.utils.decoradores:wrapper:22 - [HU-13 INT] Arquivo gravado em [C:\Users\btime\AppData\Local\Temp\pytest-of-btime\pytest-292\test_gerar_arquivo_int_grava_n0\Claro\2025\202507\AGI\DE_AGI_D_202507_TBRA_X_CLARO_INT.xlsx].
2026-08-04 14:08:07.890 | INFO    |test_geracao_int:test_gerar_arquivo_int_grava_no_caminho_e_nome_corretos:112 - [STEP] Finalizando: gerar_arquivo_int | Tempo gasto: 0.01s
2026-08-04 14:08:07.917 | INFO    |comum.dados.repositorio_cache:__init__:77 - Inicializando conexão com o banco no ambiente [dev]
2026-08-04 14:08:07.918 | INFO    |comum.dados.repositorio_cache:__init__:77 - Utilizando SQLite local [C:\Users\btime\AppData\Local\Temp\detraf_epico4_teste_bfk67u28\TABELAS_DETRAF_TESTE.db]
2026-08-04 14:08:07.919 | INFO    |comum.dados.repositorio_cache:obter_tabela:169 - Carregando tabela [tbl_detraf_mapeamento_descritores]
2026-08-04 14:08:07.921 | INFO    |comum.dados.repositorio_cache:obter_tabela:169 - Tabela [tbl_detraf_mapeamento_descritores] carregada | Linhas: 25 | Colunas: 5
2026-08-04 14:08:07.926 | INFO    |comum.dados.repositorio_cache:__init__:77 - Inicializando conexão com o banco no ambiente [dev]
2026-08-04 14:08:07.926 | INFO    |comum.dados.repositorio_cache:__init__:77 - Utilizando SQLite local [C:\Users\btime\AppData\Local\Temp\detraf_epico4_teste_bfk67u28\TABELAS_DETRAF_TESTE.db]
2026-08-04 14:08:07.927 | INFO    |comum.dados.repositorio_cache:obter_tabela:169 - Carregando tabela [tbl_detraf_mapeamento_descritores]
2026-08-04 14:08:07.928 | INFO    |comum.dados.repositorio_cache:obter_tabela:169 - Tabela [tbl_detraf_mapeamento_descritores] carregada | Linhas: 25 | Colunas: 5
2026-08-04 14:08:07.933 | INFO    |comum.dados.repositorio_cache:__init__:77 - Inicializando conexão com o banco no ambiente [dev]
2026-08-04 14:08:07.933 | INFO    |comum.dados.repositorio_cache:__init__:77 - Utilizando SQLite local [C:\Users\btime\AppData\Local\Temp\detraf_epico4_teste_bfk67u28\TABELAS_DETRAF_TESTE.db]
2026-08-04 14:08:07.934 | INFO    |comum.dados.repositorio_cache:obter_tabela:169 - Carregando tabela [tbl_detraf_mapeamento_descritores]
2026-08-04 14:08:07.935 | INFO    |comum.dados.repositorio_cache:obter_tabela:169 - Tabela [tbl_detraf_mapeamento_descritores] carregada | Linhas: 25 | Colunas: 5
2026-08-04 14:08:07.940 | INFO    |comum.dados.repositorio_cache:__init__:77 - Inicializando conexão com o banco no ambiente [dev]
2026-08-04 14:08:07.940 | INFO    |comum.dados.repositorio_cache:__init__:77 - Utilizando SQLite local [C:\Users\btime\AppData\Local\Temp\detraf_epico4_teste_bfk67u28\TABELAS_DETRAF_TESTE.db]
2026-08-04 14:08:07.940 | INFO    |comum.dados.repositorio_cache:obter_tabela:169 - Carregando tabela [tbl_detraf_mapeamento_descritores]
2026-08-04 14:08:07.942 | INFO    |comum.dados.repositorio_cache:obter_tabela:169 - Tabela [tbl_detraf_mapeamento_descritores] carregada | Linhas: 25 | Colunas: 5
2026-08-04 14:08:07.947 | INFO    |comum.dados.repositorio_cache:__init__:77 - Inicializando conexão com o banco no ambiente [dev]
2026-08-04 14:08:07.947 | INFO    |comum.dados.repositorio_cache:__init__:77 - Utilizando SQLite local [C:\Users\btime\AppData\Local\Temp\detraf_epico4_teste_bfk67u28\TABELAS_DETRAF_TESTE.db]
2026-08-04 14:08:07.948 | INFO    |comum.dados.repositorio_cache:obter_tabela:169 - Carregando tabela [tbl_detraf_mapeamento_descritores]
2026-08-04 14:08:07.949 | INFO    |comum.dados.repositorio_cache:obter_tabela:169 - Tabela [tbl_detraf_mapeamento_descritores] carregada | Linhas: 25 | Colunas: 5
2026-08-04 14:08:07.954 | INFO    |comum.dados.repositorio_cache:__init__:77 - Inicializando conexão com o banco no ambiente [dev]
2026-08-04 14:08:07.954 | INFO    |comum.dados.repositorio_cache:__init__:77 - Utilizando SQLite local [C:\Users\btime\AppData\Local\Temp\detraf_epico4_teste_bfk67u28\TABELAS_DETRAF_TESTE.db]
2026-08-04 14:08:07.955 | INFO    |comum.dados.repositorio_cache:obter_tabela:169 - Carregando tabela [tbl_detraf_mapeamento_descritores]
2026-08-04 14:08:07.956 | INFO    |comum.dados.repositorio_cache:obter_tabela:169 - Tabela [tbl_detraf_mapeamento_descritores] carregada | Linhas: 25 | Colunas: 5
2026-08-04 14:08:07.961 | INFO    |comum.dados.repositorio_cache:__init__:77 - Inicializando conexão com o banco no ambiente [dev]
2026-08-04 14:08:07.961 | INFO    |comum.dados.repositorio_cache:__init__:77 - Utilizando SQLite local [C:\Users\btime\AppData\Local\Temp\detraf_epico4_teste_bfk67u28\TABELAS_DETRAF_TESTE.db]
2026-08-04 14:08:07.962 | INFO    |comum.dados.repositorio_cache:obter_tabela:169 - Carregando tabela [tbl_detraf_mapeamento_descritores]
2026-08-04 14:08:07.963 | INFO    |comum.dados.repositorio_cache:obter_tabela:169 - Tabela [tbl_detraf_mapeamento_descritores] carregada | Linhas: 25 | Colunas: 5
2026-08-04 14:08:07.968 | INFO    |comum.dados.repositorio_cache:__init__:77 - Inicializando conexão com o banco no ambiente [dev]
2026-08-04 14:08:07.968 | INFO    |comum.dados.repositorio_cache:__init__:77 - Utilizando SQLite local [C:\Users\btime\AppData\Local\Temp\detraf_epico4_teste_bfk67u28\TABELAS_DETRAF_TESTE.db]
2026-08-04 14:08:07.968 | INFO    |comum.dados.repositorio_cache:obter_tabela:169 - Carregando tabela [tbl_detraf_mapeamento_descritores]
2026-08-04 14:08:07.970 | INFO    |comum.dados.repositorio_cache:obter_tabela:169 - Tabela [tbl_detraf_mapeamento_descritores] carregada | Linhas: 25 | Colunas: 5
2026-08-04 14:08:07.974 | INFO    |comum.dados.repositorio_cache:__init__:77 - Inicializando conexão com o banco no ambiente [dev]
2026-08-04 14:08:07.974 | INFO    |comum.dados.repositorio_cache:__init__:77 - Utilizando SQLite local [C:\Users\btime\AppData\Local\Temp\detraf_epico4_teste_bfk67u28\TABELAS_DETRAF_TESTE.db]
2026-08-04 14:08:07.975 | INFO    |comum.dados.repositorio_cache:obter_tabela:169 - Carregando tabela [tbl_detraf_mapeamento_descritores]
2026-08-04 14:08:07.976 | INFO    |comum.dados.repositorio_cache:obter_tabela:169 - Tabela [tbl_detraf_mapeamento_descritores] carregada | Linhas: 25 | Colunas: 5
2026-08-04 14:08:07.981 | INFO    |comum.dados.repositorio_cache:__init__:77 - Inicializando conexão com o banco no ambiente [dev]
2026-08-04 14:08:07.981 | INFO    |comum.dados.repositorio_cache:__init__:77 - Utilizando SQLite local [C:\Users\btime\AppData\Local\Temp\detraf_epico4_teste_bfk67u28\TABELAS_DETRAF_TESTE.db]
2026-08-04 14:08:07.982 | INFO    |comum.dados.repositorio_cache:obter_tabela:169 - Carregando tabela [tbl_detraf_mapeamento_descritores]
2026-08-04 14:08:07.983 | INFO    |comum.dados.repositorio_cache:obter_tabela:169 - Tabela [tbl_detraf_mapeamento_descritores] carregada | Linhas: 25 | Colunas: 5
2026-08-04 14:08:07.987 | INFO    |comum.dados.repositorio_cache:__init__:77 - Inicializando conexão com o banco no ambiente [dev]
2026-08-04 14:08:07.988 | INFO    |comum.dados.repositorio_cache:__init__:77 - Utilizando SQLite local [C:\Users\btime\AppData\Local\Temp\detraf_epico4_teste_bfk67u28\TABELAS_DETRAF_TESTE.db]
2026-08-04 14:08:07.988 | INFO    |comum.dados.repositorio_cache:obter_tabela:169 - Carregando tabela [tbl_detraf_mapeamento_descritores]
2026-08-04 14:08:07.989 | INFO    |comum.dados.repositorio_cache:obter_tabela:169 - Tabela [tbl_detraf_mapeamento_descritores] carregada | Linhas: 25 | Colunas: 5
2026-08-04 14:08:07.994 | INFO    |comum.dados.repositorio_cache:__init__:77 - Inicializando conexão com o banco no ambiente [dev]
2026-08-04 14:08:07.994 | INFO    |comum.dados.repositorio_cache:__init__:77 - Utilizando SQLite local [C:\Users\btime\AppData\Local\Temp\detraf_epico4_teste_bfk67u28\TABELAS_DETRAF_TESTE.db]
2026-08-04 14:08:07.995 | INFO    |comum.dados.repositorio_cache:obter_tabela:169 - Carregando tabela [tbl_detraf_mapeamento_descritores]
2026-08-04 14:08:07.996 | INFO    |comum.dados.repositorio_cache:obter_tabela:169 - Tabela [tbl_detraf_mapeamento_descritores] carregada | Linhas: 25 | Colunas: 5
2026-08-04 14:08:08.001 | INFO    |comum.dados.repositorio_cache:__init__:77 - Inicializando conexão com o banco no ambiente [dev]
2026-08-04 14:08:08.001 | INFO    |comum.dados.repositorio_cache:__init__:77 - Utilizando SQLite local [C:\Users\btime\AppData\Local\Temp\detraf_epico4_teste_bfk67u28\TABELAS_DETRAF_TESTE.db]
2026-08-04 14:08:08.002 | INFO    |comum.dados.repositorio_cache:obter_tabela:169 - Carregando tabela [tbl_detraf_mapeamento_descritores]
2026-08-04 14:08:08.003 | INFO    |comum.dados.repositorio_cache:obter_tabela:169 - Tabela [tbl_detraf_mapeamento_descritores] carregada | Linhas: 25 | Colunas: 5
2026-08-04 14:08:08.020 | INFO    |comum.dados.repositorio_cache:__init__:77 - Inicializando conexão com o banco no ambiente [dev]
2026-08-04 14:08:08.020 | INFO    |comum.dados.repositorio_cache:__init__:77 - Utilizando SQLite local [C:\Users\btime\AppData\Local\Temp\detraf_epico4_teste_bfk67u28\TABELAS_DETRAF_TESTE.db]
2026-08-04 14:08:08.029 | INFO    |test_repositorio_escrita:test_atualizar_dados_aplica_update_e_retorna_rowcount:53 - 1 linha(s) atualizada(s) em [tbl_rpa_log_detraf_despesa_contestacao].
2026-08-04 14:08:08.029 | INFO    |comum.dados.repositorio_cache:recarregar_cache_local:330 - Carregando tabela [tbl_rpa_log_detraf_despesa_contestacao]
2026-08-04 14:08:08.030 | INFO    |comum.dados.repositorio_cache:recarregar_cache_local:330 - Tabela [tbl_rpa_log_detraf_despesa_contestacao] carregada | Linhas: 2 | Colunas: 18
2026-08-04 14:08:08.034 | INFO    |comum.dados.repositorio_cache:__init__:77 - Inicializando conexão com o banco no ambiente [dev]
2026-08-04 14:08:08.034 | INFO    |comum.dados.repositorio_cache:__init__:77 - Utilizando SQLite local [C:\Users\btime\AppData\Local\Temp\detraf_epico4_teste_bfk67u28\TABELAS_DETRAF_TESTE.db]
2026-08-04 14:08:08.036 | INFO    |test_repositorio_escrita:test_atualizar_dados_chave_inexistente_retorna_zero:64 - 0 linha(s) atualizada(s) em [tbl_rpa_log_detraf_despesa_contestacao].
2026-08-04 14:08:08.038 | INFO    |comum.dados.repositorio_cache:__init__:77 - Inicializando conexão com o banco no ambiente [dev]
2026-08-04 14:08:08.038 | INFO    |comum.dados.repositorio_cache:__init__:77 - Utilizando SQLite local [C:\Users\btime\AppData\Local\Temp\detraf_epico4_teste_bfk67u28\TABELAS_DETRAF_TESTE.db]
2026-08-04 14:08:08.040 | INFO    |comum.dados.repositorio_cache:__init__:77 - Inicializando conexão com o banco no ambiente [dev]
2026-08-04 14:08:08.040 | INFO    |comum.dados.repositorio_cache:__init__:77 - Utilizando SQLite local [C:\Users\btime\AppData\Local\Temp\detraf_epico4_teste_bfk67u28\TABELAS_DETRAF_TESTE.db]
2026-08-04 14:08:08.043 | INFO    |comum.dados.repositorio_cache:__init__:77 - Inicializando conexão com o banco no ambiente [dev]
2026-08-04 14:08:08.043 | INFO    |comum.dados.repositorio_cache:__init__:77 - Utilizando SQLite local [C:\Users\btime\AppData\Local\Temp\detraf_epico4_teste_bfk67u28\TABELAS_DETRAF_TESTE.db]
2026-08-04 14:08:08.046 | INFO    |comum.dados.repositorio_cache:__init__:77 - Inicializando conexão com o banco no ambiente [dev]
2026-08-04 14:08:08.046 | INFO    |comum.dados.repositorio_cache:__init__:77 - Utilizando SQLite local [C:\Users\btime\AppData\Local\Temp\detraf_epico4_teste_bfk67u28\TABELAS_DETRAF_TESTE.db]
2026-08-04 14:08:08.047 | INFO    |comum.dados.repositorio_cache:inserir_dados:255 - Nenhum registro para inserir em [tbl_rpa_log_detraf_despesa_contestacao].
2026-08-04 14:08:08.047 | INFO    |comum.dados.repositorio_cache:obter_tabela:169 - Carregando tabela [tbl_rpa_log_detraf_despesa_contestacao]
2026-08-04 14:08:08.049 | INFO    |comum.dados.repositorio_cache:obter_tabela:169 - Tabela [tbl_rpa_log_detraf_despesa_contestacao] carregada | Linhas: 2 | Colunas: 18
2026-08-04 14:08:08.051 | INFO    |comum.dados.repositorio_cache:__init__:77 - Inicializando conexão com o banco no ambiente [dev]
2026-08-04 14:08:08.051 | INFO    |comum.dados.repositorio_cache:__init__:77 - Utilizando SQLite local [C:\Users\btime\AppData\Local\Temp\detraf_epico4_teste_bfk67u28\TABELAS_DETRAF_TESTE.db]
2026-08-04 14:08:08.057 | INFO    |test_repositorio_escrita:test_atualizar_dados_nao_vaza_valor_para_a_sql:101 - 1 linha(s) atualizada(s) em [tbl_rpa_log_detraf_despesa_contestacao].
2026-08-04 14:08:08.057 | INFO    |comum.dados.repositorio_cache:recarregar_cache_local:330 - Carregando tabela [tbl_rpa_log_detraf_despesa_contestacao]
2026-08-04 14:08:08.059 | INFO    |comum.dados.repositorio_cache:recarregar_cache_local:330 - Tabela [tbl_rpa_log_detraf_despesa_contestacao] carregada | Linhas: 2 | Colunas: 18
2026-08-04 14:08:08.062 | INFO    |comum.dados.repositorio_cache:__init__:77 - Inicializando conexão com o banco no ambiente [dev]
2026-08-04 14:08:08.062 | INFO    |comum.dados.repositorio_cache:__init__:77 - Utilizando SQLite local [C:\Users\btime\AppData\Local\Temp\detraf_epico4_teste_bfk67u28\TABELAS_DETRAF_TESTE.db]
2026-08-04 14:08:08.063 | INFO    |test_repositorio_escrita:test_atualizar_despesa_atualiza_os_seis_campos_sem_criar_linha:115 - [STEP] Iniciando: preparar_atualizacoes_despesa_contestacao
2026-08-04 14:08:08.064 | INFO    |comum.utils.decoradores:wrapper:22 - [HU-19 Despesa Contestação] 1 atualização(ões) preparada(s).
2026-08-04 14:08:08.064 | INFO    |test_repositorio_escrita:test_atualizar_despesa_atualiza_os_seis_campos_sem_criar_linha:115 - [STEP] Finalizando: preparar_atualizacoes_despesa_contestacao | Tempo gasto: 0.0s
2026-08-04 14:08:08.065 | INFO    |comum.dados.repositorio_cache:obter_tabela:169 - Carregando tabela [tbl_rpa_log_detraf_despesa_contestacao]
2026-08-04 14:08:08.066 | INFO    |comum.dados.repositorio_cache:obter_tabela:169 - Tabela [tbl_rpa_log_detraf_despesa_contestacao] carregada | Linhas: 2 | Colunas: 18
2026-08-04 14:08:08.074 | INFO    |comum.dados.repositorio_tabelas:_atualizar_contestacao_em_lote:864 - 1 linha(s) atualizada(s) em [tbl_rpa_log_detraf_despesa_contestacao].
2026-08-04 14:08:08.075 | INFO    |comum.dados.repositorio_cache:recarregar_cache_local:330 - Carregando tabela [tbl_rpa_log_detraf_despesa_contestacao]
2026-08-04 14:08:08.076 | INFO    |comum.dados.repositorio_cache:recarregar_cache_local:330 - Tabela [tbl_rpa_log_detraf_despesa_contestacao] carregada | Linhas: 2 | Colunas: 18
2026-08-04 14:08:08.077 | INFO    |comum.dados.repositorio_tabelas:atualizar_despesa_contestacao:903 - [HU-19 Despesa Contestação] 1 linha(s) atualizada(s), 0 chave(s) ausente(s).
2026-08-04 14:08:08.080 | INFO    |comum.dados.repositorio_cache:__init__:77 - Inicializando conexão com o banco no ambiente [dev]
2026-08-04 14:08:08.081 | INFO    |comum.dados.repositorio_cache:__init__:77 - Utilizando SQLite local [C:\Users\btime\AppData\Local\Temp\detraf_epico4_teste_bfk67u28\TABELAS_DETRAF_TESTE.db]
2026-08-04 14:08:08.082 | INFO    |test_repositorio_escrita:test_atualizar_despesa_preserva_lado_tbra_e_sinal_do_analista:134 - [STEP] Iniciando: preparar_atualizacoes_despesa_contestacao
2026-08-04 14:08:08.083 | INFO    |comum.utils.decoradores:wrapper:22 - [HU-19 Despesa Contestação] 1 atualização(ões) preparada(s).
2026-08-04 14:08:08.083 | INFO    |test_repositorio_escrita:test_atualizar_despesa_preserva_lado_tbra_e_sinal_do_analista:134 - [STEP] Finalizando: preparar_atualizacoes_despesa_contestacao | Tempo gasto: 0.0s
2026-08-04 14:08:08.083 | INFO    |comum.dados.repositorio_cache:obter_tabela:169 - Carregando tabela [tbl_rpa_log_detraf_despesa_contestacao]
2026-08-04 14:08:08.085 | INFO    |comum.dados.repositorio_cache:obter_tabela:169 - Tabela [tbl_rpa_log_detraf_despesa_contestacao] carregada | Linhas: 2 | Colunas: 18
2026-08-04 14:08:08.092 | INFO    |comum.dados.repositorio_tabelas:_atualizar_contestacao_em_lote:864 - 1 linha(s) atualizada(s) em [tbl_rpa_log_detraf_despesa_contestacao].
2026-08-04 14:08:08.092 | INFO    |comum.dados.repositorio_cache:recarregar_cache_local:330 - Carregando tabela [tbl_rpa_log_detraf_despesa_contestacao]
2026-08-04 14:08:08.093 | INFO    |comum.dados.repositorio_cache:recarregar_cache_local:330 - Tabela [tbl_rpa_log_detraf_despesa_contestacao] carregada | Linhas: 2 | Colunas: 18
2026-08-04 14:08:08.093 | INFO    |comum.dados.repositorio_tabelas:atualizar_despesa_contestacao:903 - [HU-19 Despesa Contestação] 1 linha(s) atualizada(s), 0 chave(s) ausente(s).
2026-08-04 14:08:08.096 | INFO    |comum.dados.repositorio_cache:__init__:77 - Inicializando conexão com o banco no ambiente [dev]
2026-08-04 14:08:08.097 | INFO    |comum.dados.repositorio_cache:__init__:77 - Utilizando SQLite local [C:\Users\btime\AppData\Local\Temp\detraf_epico4_teste_bfk67u28\TABELAS_DETRAF_TESTE.db]
2026-08-04 14:08:08.098 | INFO    |test_repositorio_escrita:test_atualizar_despesa_chave_ausente_nao_aborta_o_lote:154 - [STEP] Iniciando: preparar_atualizacoes_despesa_contestacao
2026-08-04 14:08:08.099 | INFO    |comum.utils.decoradores:wrapper:22 - [HU-19 Despesa Contestação] 2 atualização(ões) preparada(s).
2026-08-04 14:08:08.099 | INFO    |test_repositorio_escrita:test_atualizar_despesa_chave_ausente_nao_aborta_o_lote:154 - [STEP] Finalizando: preparar_atualizacoes_despesa_contestacao | Tempo gasto: 0.0s
2026-08-04 14:08:08.099 | INFO    |comum.dados.repositorio_cache:obter_tabela:169 - Carregando tabela [tbl_rpa_log_detraf_despesa_contestacao]
2026-08-04 14:08:08.101 | INFO    |comum.dados.repositorio_cache:obter_tabela:169 - Tabela [tbl_rpa_log_detraf_despesa_contestacao] carregada | Linhas: 2 | Colunas: 18
2026-08-04 14:08:08.109 | INFO    |comum.dados.repositorio_tabelas:_atualizar_contestacao_em_lote:864 - 1 linha(s) atualizada(s) em [tbl_rpa_log_detraf_despesa_contestacao].
2026-08-04 14:08:08.111 | WARNING |comum.dados.repositorio_tabelas:atualizar_despesa_contestacao:903 - [HU-19 Despesa Contestação] Chave sem linha correspondente no banco {'eot_operadora': '999', 'eot_tbra': '099', 'referencia': '202507', 'trafego': '202507', 'remuneracao': 'TU-COM'} — ignorada (a linha-base é inserida pelo Épico 3, B-D20).
2026-08-04 14:08:08.112 | INFO    |comum.dados.repositorio_cache:recarregar_cache_local:330 - Carregando tabela [tbl_rpa_log_detraf_despesa_contestacao]
2026-08-04 14:08:08.113 | INFO    |comum.dados.repositorio_cache:recarregar_cache_local:330 - Tabela [tbl_rpa_log_detraf_despesa_contestacao] carregada | Linhas: 2 | Colunas: 18
2026-08-04 14:08:08.113 | INFO    |comum.dados.repositorio_tabelas:atualizar_despesa_contestacao:903 - [HU-19 Despesa Contestação] 1 linha(s) atualizada(s), 1 chave(s) ausente(s).
2026-08-04 14:08:08.116 | INFO    |comum.dados.repositorio_cache:__init__:77 - Inicializando conexão com o banco no ambiente [dev]
2026-08-04 14:08:08.116 | INFO    |comum.dados.repositorio_cache:__init__:77 - Utilizando SQLite local [C:\Users\btime\AppData\Local\Temp\detraf_epico4_teste_bfk67u28\TABELAS_DETRAF_TESTE.db]
2026-08-04 14:08:08.117 | INFO    |comum.dados.repositorio_tabelas:atualizar_despesa_contestacao:903 - [HU-19 Despesa Contestação] Nada a atualizar (lote vazio).
2026-08-04 14:08:08.119 | INFO    |comum.dados.repositorio_cache:__init__:77 - Inicializando conexão com o banco no ambiente [dev]
2026-08-04 14:08:08.119 | INFO    |comum.dados.repositorio_cache:__init__:77 - Utilizando SQLite local [C:\Users\btime\AppData\Local\Temp\detraf_epico4_teste_bfk67u28\TABELAS_DETRAF_TESTE.db]
2026-08-04 14:08:08.120 | INFO    |test_repositorio_escrita:test_atualizar_despesa_normaliza_eot_como_a_leitura_do_sinal:172 - [STEP] Iniciando: preparar_atualizacoes_despesa_contestacao
2026-08-04 14:08:08.121 | INFO    |comum.utils.decoradores:wrapper:22 - [HU-19 Despesa Contestação] 1 atualização(ões) preparada(s).
2026-08-04 14:08:08.121 | INFO    |test_repositorio_escrita:test_atualizar_despesa_normaliza_eot_como_a_leitura_do_sinal:172 - [STEP] Finalizando: preparar_atualizacoes_despesa_contestacao | Tempo gasto: 0.0s
2026-08-04 14:08:08.122 | INFO    |comum.dados.repositorio_cache:obter_tabela:169 - Carregando tabela [tbl_rpa_log_detraf_despesa_contestacao]
2026-08-04 14:08:08.123 | INFO    |comum.dados.repositorio_cache:obter_tabela:169 - Tabela [tbl_rpa_log_detraf_despesa_contestacao] carregada | Linhas: 2 | Colunas: 18
2026-08-04 14:08:08.131 | INFO    |comum.dados.repositorio_tabelas:_atualizar_contestacao_em_lote:864 - 1 linha(s) atualizada(s) em [tbl_rpa_log_detraf_despesa_contestacao].
2026-08-04 14:08:08.132 | INFO    |comum.dados.repositorio_cache:recarregar_cache_local:330 - Carregando tabela [tbl_rpa_log_detraf_despesa_contestacao]
2026-08-04 14:08:08.133 | INFO    |comum.dados.repositorio_cache:recarregar_cache_local:330 - Tabela [tbl_rpa_log_detraf_despesa_contestacao] carregada | Linhas: 2 | Colunas: 18
2026-08-04 14:08:08.133 | INFO    |comum.dados.repositorio_tabelas:atualizar_despesa_contestacao:903 - [HU-19 Despesa Contestação] 1 linha(s) atualizada(s), 0 chave(s) ausente(s).
2026-08-04 14:08:08.135 | INFO    |comum.dados.repositorio_cache:__init__:77 - Inicializando conexão com o banco no ambiente [dev]
2026-08-04 14:08:08.136 | INFO    |comum.dados.repositorio_cache:__init__:77 - Utilizando SQLite local [C:\Users\btime\AppData\Local\Temp\detraf_epico4_teste_bfk67u28\TABELAS_DETRAF_TESTE.db]
2026-08-04 14:08:08.137 | INFO    |comum.dados.repositorio_cache:obter_tabela:169 - Carregando tabela [tbl_rpa_log_detraf_despesa_contestacao]
2026-08-04 14:08:08.139 | INFO    |comum.dados.repositorio_cache:obter_tabela:169 - Tabela [tbl_rpa_log_detraf_despesa_contestacao] carregada | Linhas: 2 | Colunas: 18
2026-08-04 14:08:08.141 | INFO    |comum.dados.repositorio_tabelas:_atualizar_contestacao_em_lote:864 - 1 linha(s) atualizada(s) em [tbl_rpa_log_detraf_despesa_contestacao].
2026-08-04 14:08:08.141 | INFO    |comum.dados.repositorio_cache:recarregar_cache_local:330 - Carregando tabela [tbl_rpa_log_detraf_despesa_contestacao]
2026-08-04 14:08:08.142 | INFO    |comum.dados.repositorio_cache:recarregar_cache_local:330 - Tabela [tbl_rpa_log_detraf_despesa_contestacao] carregada | Linhas: 2 | Colunas: 18
2026-08-04 14:08:08.143 | INFO    |comum.dados.repositorio_tabelas:atualizar_tipo_contestacao:930 - [HU-16 Writeback tipo_contestacao] 1 linha(s) atualizada(s), 0 chave(s) ausente(s).
2026-08-04 14:08:08.147 | INFO    |comum.dados.repositorio_cache:__init__:77 - Inicializando conexão com o banco no ambiente [dev]
2026-08-04 14:08:08.147 | INFO    |comum.dados.repositorio_cache:__init__:77 - Utilizando SQLite local [C:\Users\btime\AppData\Local\Temp\detraf_epico4_teste_bfk67u28\TABELAS_DETRAF_TESTE.db]
2026-08-04 14:08:08.148 | INFO    |comum.dados.repositorio_cache:obter_tabela:169 - Carregando tabela [tbl_rpa_log_detraf_despesa_contestacao]
2026-08-04 14:08:08.150 | INFO    |comum.dados.repositorio_cache:obter_tabela:169 - Tabela [tbl_rpa_log_detraf_despesa_contestacao] carregada | Linhas: 2 | Colunas: 18
2026-08-04 14:08:08.152 | INFO    |comum.dados.repositorio_tabelas:_atualizar_contestacao_em_lote:864 - 1 linha(s) atualizada(s) em [tbl_rpa_log_detraf_despesa_contestacao].
2026-08-04 14:08:08.152 | INFO    |comum.dados.repositorio_cache:recarregar_cache_local:330 - Carregando tabela [tbl_rpa_log_detraf_despesa_contestacao]
2026-08-04 14:08:08.153 | INFO    |comum.dados.repositorio_cache:recarregar_cache_local:330 - Tabela [tbl_rpa_log_detraf_despesa_contestacao] carregada | Linhas: 2 | Colunas: 18
2026-08-04 14:08:08.153 | INFO    |comum.dados.repositorio_tabelas:atualizar_tipo_contestacao:930 - [HU-16 Writeback tipo_contestacao] 1 linha(s) atualizada(s), 0 chave(s) ausente(s).
2026-08-04 14:08:08.156 | INFO    |comum.dados.repositorio_cache:__init__:77 - Inicializando conexão com o banco no ambiente [dev]
2026-08-04 14:08:08.156 | INFO    |comum.dados.repositorio_cache:__init__:77 - Utilizando SQLite local [C:\Users\btime\AppData\Local\Temp\detraf_epico4_teste_bfk67u28\TABELAS_DETRAF_TESTE.db]
2026-08-04 14:08:08.158 | INFO    |comum.dados.repositorio_cache:obter_tabela:169 - Carregando tabela [tbl_rpa_log_detraf_despesa_contestacao]
2026-08-04 14:08:08.162 | INFO    |comum.dados.repositorio_cache:obter_tabela:169 - Tabela [tbl_rpa_log_detraf_despesa_contestacao] carregada | Linhas: 2 | Colunas: 18
2026-08-04 14:08:08.164 | WARNING |comum.dados.repositorio_tabelas:atualizar_tipo_contestacao:930 - [HU-16 Writeback tipo_contestacao] Chave sem linha correspondente no banco {'eot_operadora': '888', 'eot_tbra': '011', 'referencia': '202507', 'trafego': '202507', 'remuneracao': 'TU-RL'} — ignorada (a linha-base é inserida pelo Épico 3, B-D20).
2026-08-04 14:08:08.164 | INFO    |comum.dados.repositorio_cache:recarregar_cache_local:330 - Carregando tabela [tbl_rpa_log_detraf_despesa_contestacao]
2026-08-04 14:08:08.165 | INFO    |comum.dados.repositorio_cache:recarregar_cache_local:330 - Tabela [tbl_rpa_log_detraf_despesa_contestacao] carregada | Linhas: 2 | Colunas: 18
2026-08-04 14:08:08.165 | INFO    |comum.dados.repositorio_tabelas:atualizar_tipo_contestacao:930 - [HU-16 Writeback tipo_contestacao] 0 linha(s) atualizada(s), 1 chave(s) ausente(s).
2026-08-04 14:08:08.168 | INFO    |comum.dados.repositorio_cache:__init__:77 - Inicializando conexão com o banco no ambiente [dev]
2026-08-04 14:08:08.168 | INFO    |comum.dados.repositorio_cache:__init__:77 - Utilizando SQLite local [C:\Users\btime\AppData\Local\Temp\detraf_epico4_teste_bfk67u28\TABELAS_DETRAF_TESTE.db]
2026-08-04 14:08:08.174 | INFO    |test_repositorio_escrita:test_cache_e_recarregado_apos_update:250 - 1 linha(s) atualizada(s) em [tbl_rpa_log_detraf_despesa_contestacao].
2026-08-04 14:08:08.175 | INFO    |comum.dados.repositorio_cache:recarregar_cache_local:330 - Carregando tabela [tbl_rpa_log_detraf_despesa_contestacao]
2026-08-04 14:08:08.176 | INFO    |comum.dados.repositorio_cache:recarregar_cache_local:330 - Tabela [tbl_rpa_log_detraf_despesa_contestacao] carregada | Linhas: 2 | Colunas: 18
2026-08-04 14:08:08.190 | INFO    |test_upload_agi:test_operadora_sem_pasta_nao_quebra:76 - [HU-17] Sem pasta AGI para INEXISTENTE/202507: [C:\Users\btime\AppData\Local\Temp\pytest-of-btime\pytest-292\test_operadora_sem_pasta_nao_q0\Operadoras\INEXISTENTE\2025\202507\AGI].
2026-08-04 14:08:08.194 | INFO    |test_upload_agi:test_arquivo_de_outro_tipo_na_pasta_e_ignorado:81 - [HU-17] Nenhum EXT/INT em [C:\Users\btime\AppData\Local\Temp\pytest-of-btime\pytest-292\test_arquivo_de_outro_tipo_na_0\Operadoras\CLARO\2025\202507\AGI].
2026-08-04 14:08:08.204 | INFO    |test_upload_agi:test_le_da_mesma_pasta_em_que_a_hu16_grava:118 - [STEP] Iniciando: gerar_arquivo_cont_proc
2026-08-04 14:08:08.210 | INFO    |comum.utils.decoradores:wrapper:22 - [HU-16 CONT_PROC] Arquivo gravado em [C:\Users\btime\AppData\Local\Temp\pytest-of-btime\pytest-292\test_le_da_mesma_pasta_em_que_0\Operadoras\CLARO\2025\202507\AGI\CONT_PROC_MASCARA_CLARO_202507.xlsx].
2026-08-04 14:08:08.210 | INFO    |test_upload_agi:test_le_da_mesma_pasta_em_que_a_hu16_grava:118 - [STEP] Finalizando: gerar_arquivo_cont_proc | Tempo gasto: 0.01s
2026-08-04 14:08:08.216 | INFO    |test_upload_agi:test_o_ext_e_o_int_da_mesma_pasta_nao_entram:136 - [HU-18] Nenhum CONT_PROC_MASCARA em [C:\Users\btime\AppData\Local\Temp\pytest-of-btime\pytest-292\test_o_ext_e_o_int_da_mesma_pa0\Operadoras\CLARO\2025\202507\AGI].
2026-08-04 14:08:08.219 | INFO    |test_upload_agi:test_a_carta_e_o_env_nao_entram:144 - [HU-18] Sem pasta AGI para CLARO/202507: [C:\Users\btime\AppData\Local\Temp\pytest-of-btime\pytest-292\test_a_carta_e_o_env_nao_entra0\Operadoras\CLARO\2025\202507\AGI].
2026-08-04 14:08:08.223 | INFO    |test_upload_agi:test_hu17_nao_abre_o_agi_com_o_switch_desligado:153 - [STEP] Iniciando: UploadDetrafAGI.executar
2026-08-04 14:08:08.224 | INFO    |comum.utils.decoradores:wrapper:22 - [MODO SEGURO] PERMITIR_UPLOAD_AGI=false — 2 arquivo(s) pendente(s), nada enviado ao AGI:
2026-08-04 14:08:08.224 | INFO    |comum.utils.decoradores:wrapper:22 -   CLARO: DE_AGI_D_202507_TBRA_X_CLARO_EXT.txt
2026-08-04 14:08:08.224 | INFO    |comum.utils.decoradores:wrapper:22 -   CLARO: DE_AGI_D_202507_TBRA_X_CLARO_INT.txt
2026-08-04 14:08:08.224 | INFO    |test_upload_agi:test_hu17_nao_abre_o_agi_com_o_switch_desligado:153 - [STEP] Finalizando: UploadDetrafAGI.executar | Tempo gasto: 0.0s
2026-08-04 14:08:08.229 | INFO    |test_upload_agi:test_hu18_nao_abre_o_agi_com_o_switch_desligado:164 - [STEP] Iniciando: UploadContestacaoAGI.executar
2026-08-04 14:08:08.230 | INFO    |src.services.upload_contestacao_agi:executar:114 - [HU-18] Sem pasta AGI para CLARO/202507: [C:\Users\btime\AppData\Local\Temp\pytest-of-btime\pytest-292\test_hu18_nao_abre_o_agi_com_o0\Operadoras\CLARO\2025\202507\AGI].
2026-08-04 14:08:08.230 | INFO    |comum.utils.decoradores:wrapper:22 - [HU-18] Nenhum CONT_PROC_MASCARA pendente; nada a fazer.
2026-08-04 14:08:08.230 | INFO    |test_upload_agi:test_hu18_nao_abre_o_agi_com_o_switch_desligado:164 - [STEP] Finalizando: UploadContestacaoAGI.executar | Tempo gasto: 0.0s
2026-08-04 14:08:08.233 | INFO    |test_upload_agi:test_sem_pendencia_o_agi_nao_e_aberto_nem_com_o_switch_ligado:174 - [STEP] Iniciando: UploadDetrafAGI.executar
2026-08-04 14:08:08.233 | INFO    |src.services.upload_detraf_agi:executar:163 - [HU-17] Sem pasta AGI para CLARO/202507: [C:\Users\btime\AppData\Local\Temp\pytest-of-btime\pytest-292\test_sem_pendencia_o_agi_nao_e0\Operadoras\CLARO\2025\202507\AGI].
2026-08-04 14:08:08.233 | INFO    |comum.utils.decoradores:wrapper:22 - [HU-17] Nada pendente em EXT/INT; nada a fazer.
2026-08-04 14:08:08.233 | INFO    |test_upload_agi:test_sem_pendencia_o_agi_nao_e_aberto_nem_com_o_switch_ligado:174 - [STEP] Finalizando: UploadDetrafAGI.executar | Tempo gasto: 0.0s
2026-08-04 14:08:08.234 | WARNING |test_upload_agi:test_sem_diretorio_configurado_nao_grava_e_nao_quebra:183 - [HU-17] DIRETORIO_EVIDENCIAS não configurado — evidência não capturada.
2026-08-04 14:08:08.236 | WARNING |test_upload_agi:test_falha_na_captura_nao_derruba_o_upload:194 - [HU-17] Falha ao capturar evidência em [C:\Users\btime\AppData\Local\Temp\pytest-of-btime\pytest-292\test_falha_na_captura_nao_derr0\evidencias\evidencia_arquivo_20260804_140808.png]: sem display
2026-08-04 14:12:51.700 | ERROR   |tests.test_erros_nao_silenciados:test_json_corrompido_e_preservado_e_nao_apagado:63 - Histórico de arquivos processados ilegível em [C:\Users\btime\AppData\Local\Temp\pytest-of-btime\pytest-293\test_json_corrompido_e_preserv0\historico_arquivos_processados\arquivos_validados_202607.json]: Expecting property name enclosed in double quotes: line 1 column 2 (char 1). O arquivo foi preservado em [arquivos_validados_202607.corrompido-20260804_141251.json]. ATENÇÃO: sem histórico, os arquivos deste mês serão tratados como novos e REPROCESSADOS.
2026-08-04 14:12:51.704 | ERROR   |tests.test_erros_nao_silenciados:test_o_reprocessamento_e_anunciado:75 - Histórico de arquivos processados ilegível em [C:\Users\btime\AppData\Local\Temp\pytest-of-btime\pytest-293\test_o_reprocessamento_e_anunc0\historico_arquivos_processados\arquivos_validados_202607.json]: Expecting property name enclosed in double quotes: line 1 column 2 (char 1). O arquivo foi preservado em [arquivos_validados_202607.corrompido-20260804_141251.json]. ATENÇÃO: sem histórico, os arquivos deste mês serão tratados como novos e REPROCESSADOS.
2026-08-04 14:12:52.165 | INFO    |comum.dados.repositorio_cache:__init__:77 - Inicializando conexão com o banco no ambiente [dev]
2026-08-04 14:12:52.166 | INFO    |comum.dados.repositorio_cache:__init__:77 - Utilizando SQLite local [banco_de_dados\TABELAS_DETRAF.db]
2026-08-04 14:13:00.159 | ERROR   |tests.test_erros_nao_silenciados:test_json_corrompido_e_preservado_e_nao_apagado:63 - Histórico de arquivos processados ilegível em [C:\Users\btime\AppData\Local\Temp\pytest-of-btime\pytest-294\test_json_corrompido_e_preserv0\historico_arquivos_processados\arquivos_validados_202607.json]: Expecting property name enclosed in double quotes: line 1 column 2 (char 1). O arquivo foi preservado em [arquivos_validados_202607.corrompido-20260804_141300.json]. ATENÇÃO: sem histórico, os arquivos deste mês serão tratados como novos e REPROCESSADOS.
2026-08-04 14:13:00.163 | ERROR   |tests.test_erros_nao_silenciados:test_o_reprocessamento_e_anunciado:75 - Histórico de arquivos processados ilegível em [C:\Users\btime\AppData\Local\Temp\pytest-of-btime\pytest-294\test_o_reprocessamento_e_anunc0\historico_arquivos_processados\arquivos_validados_202607.json]: Expecting property name enclosed in double quotes: line 1 column 2 (char 1). O arquivo foi preservado em [arquivos_validados_202607.corrompido-20260804_141300.json]. ATENÇÃO: sem histórico, os arquivos deste mês serão tratados como novos e REPROCESSADOS.
2026-08-04 14:13:00.574 | INFO    |comum.dados.repositorio_cache:__init__:77 - Inicializando conexão com o banco no ambiente [dev]
2026-08-04 14:13:00.574 | INFO    |comum.dados.repositorio_cache:__init__:77 - Utilizando SQLite local [banco_de_dados\TABELAS_DETRAF.db]
2026-08-04 14:14:17.987 | ERROR   |tests.test_erros_nao_silenciados:test_json_corrompido_e_preservado_e_nao_apagado:49 - Histórico de arquivos processados ilegível em [C:\Users\btime\AppData\Local\Temp\pytest-of-btime\pytest-295\test_json_corrompido_e_preserv0\historico_arquivos_processados\arquivos_validados_202607.json]: Expecting property name enclosed in double quotes: line 1 column 2 (char 1). O arquivo foi preservado em [arquivos_validados_202607.corrompido-20260804_141417.json]. ATENÇÃO: sem histórico, os arquivos deste mês serão tratados como novos e REPROCESSADOS.
2026-08-04 14:14:17.992 | ERROR   |tests.test_erros_nao_silenciados:test_o_reprocessamento_e_anunciado:61 - Histórico de arquivos processados ilegível em [C:\Users\btime\AppData\Local\Temp\pytest-of-btime\pytest-295\test_o_reprocessamento_e_anunc0\historico_arquivos_processados\arquivos_validados_202607.json]: Expecting property name enclosed in double quotes: line 1 column 2 (char 1). O arquivo foi preservado em [arquivos_validados_202607.corrompido-20260804_141417.json]. ATENÇÃO: sem histórico, os arquivos deste mês serão tratados como novos e REPROCESSADOS.
2026-08-04 14:14:18.374 | INFO    |comum.dados.repositorio_cache:__init__:77 - Inicializando conexão com o banco no ambiente [dev]
2026-08-04 14:14:18.375 | INFO    |comum.dados.repositorio_cache:__init__:77 - Utilizando SQLite local [banco_de_dados\TABELAS_DETRAF.db]
2026-08-04 14:14:18.397 | INFO    |comum.dados.repositorio_cache:obter_tabela:169 - Carregando tabela [tbl_anexo5_processado]
2026-08-04 14:14:18.411 | INFO    |comum.dados.repositorio_cache:obter_tabela:169 - Tabela [tbl_anexo5_processado] carregada | Linhas: 2656 | Colunas: 17
2026-08-04 14:14:18.415 | INFO    |tests.test_erros_nao_silenciados:test_lote_registra_a_falha_sem_zerar_a_volumetria:137 - Iniciando transformação de lote tipo [DETRAF_SUCESSO] com 1 arquivo(s).
2026-08-04 14:14:18.415 | ERROR   |tests.test_erros_nao_silenciados:test_lote_registra_a_falha_sem_zerar_a_volumetria:137 - [DETRAF_SUCESSO] Não foi possível ler o arquivo [inexistente.csv]: O arquivo não foi encontrado: C:\Users\btime\AppData\Local\Temp\pytest-of-btime\pytest-295\test_lote_registra_a_falha_sem0\inexistente.csv — registrando como não validado (ERR_LEITURA_ARQUIVO), sem volumetria.
2026-08-04 14:14:18.427 | WARNING |comum.arquivos.gerenciador:carregar_dados:100 - Nenhum separador reconhecido nas primeiras 20 linhas de [C:\Users\btime\AppData\Local\Temp\pytest-of-btime\pytest-295\test_arquivo_sem_separador_rec0\sem_separador.csv] — assumindo ';'. Se o arquivo usar outro, ele será lido como coluna única e reprovado na validação.
2026-08-04 14:14:27.975 | ERROR   |tests.test_contrato_rpa1_rpa2:test_rastreamento_inexistente_nao_estoura:259 - Arquivo de rastreamento não encontrado: 'C:\Users\btime\AppData\Local\Temp\pytest-of-btime\pytest-296\test_rastreamento_inexistente_0\nao_existe.json'.
2026-08-04 14:14:28.177 | ERROR   |tests.test_erros_nao_silenciados:test_json_corrompido_e_preservado_e_nao_apagado:49 - Histórico de arquivos processados ilegível em [C:\Users\btime\AppData\Local\Temp\pytest-of-btime\pytest-296\test_json_corrompido_e_preserv0\historico_arquivos_processados\arquivos_validados_202607.json]: Expecting property name enclosed in double quotes: line 1 column 2 (char 1). O arquivo foi preservado em [arquivos_validados_202607.corrompido-20260804_141428.json]. ATENÇÃO: sem histórico, os arquivos deste mês serão tratados como novos e REPROCESSADOS.
2026-08-04 14:14:28.181 | ERROR   |tests.test_erros_nao_silenciados:test_o_reprocessamento_e_anunciado:61 - Histórico de arquivos processados ilegível em [C:\Users\btime\AppData\Local\Temp\pytest-of-btime\pytest-296\test_o_reprocessamento_e_anunc0\historico_arquivos_processados\arquivos_validados_202607.json]: Expecting property name enclosed in double quotes: line 1 column 2 (char 1). O arquivo foi preservado em [arquivos_validados_202607.corrompido-20260804_141428.json]. ATENÇÃO: sem histórico, os arquivos deste mês serão tratados como novos e REPROCESSADOS.
2026-08-04 14:14:28.301 | INFO    |comum.dados.repositorio_cache:__init__:77 - Inicializando conexão com o banco no ambiente [dev]
2026-08-04 14:14:28.301 | INFO    |comum.dados.repositorio_cache:__init__:77 - Utilizando SQLite local [banco_de_dados\TABELAS_DETRAF.db]
2026-08-04 14:14:28.320 | INFO    |comum.dados.repositorio_cache:obter_tabela:169 - Carregando tabela [tbl_anexo5_processado]
2026-08-04 14:14:28.334 | INFO    |comum.dados.repositorio_cache:obter_tabela:169 - Tabela [tbl_anexo5_processado] carregada | Linhas: 2656 | Colunas: 17
2026-08-04 14:14:28.338 | INFO    |tests.test_erros_nao_silenciados:test_lote_registra_a_falha_sem_zerar_a_volumetria:137 - Iniciando transformação de lote tipo [DETRAF_SUCESSO] com 1 arquivo(s).
2026-08-04 14:14:28.338 | ERROR   |tests.test_erros_nao_silenciados:test_lote_registra_a_falha_sem_zerar_a_volumetria:137 - [DETRAF_SUCESSO] Não foi possível ler o arquivo [inexistente.csv]: O arquivo não foi encontrado: C:\Users\btime\AppData\Local\Temp\pytest-of-btime\pytest-296\test_lote_registra_a_falha_sem0\inexistente.csv — registrando como não validado (ERR_LEITURA_ARQUIVO), sem volumetria.
2026-08-04 14:14:28.348 | WARNING |comum.arquivos.gerenciador:carregar_dados:100 - Nenhum separador reconhecido nas primeiras 20 linhas de [C:\Users\btime\AppData\Local\Temp\pytest-of-btime\pytest-296\test_arquivo_sem_separador_rec0\sem_separador.csv] — assumindo ';'. Se o arquivo usar outro, ele será lido como coluna única e reprovado na validação.
2026-08-04 14:14:28.394 | INFO    |comum.integracoes.outlook:send_email:306 - E-mail enviado para 'operadora@exemplo.com' — assunto 'Assunto', 0 anexo(s).
2026-08-04 14:14:28.396 | INFO    |comum.integracoes.outlook:send_email:306 - E-mail enviado para '['a@x.com', 'b@x.com']' — assunto 's', 0 anexo(s).
2026-08-04 14:14:28.397 | INFO    |comum.integracoes.outlook:send_email:306 - E-mail enviado para 'a@x.com' — assunto 's', 0 anexo(s).
2026-08-04 14:14:28.399 | INFO    |comum.integracoes.outlook:send_email:306 - E-mail enviado para 'a@x.com' — assunto 's', 0 anexo(s).
2026-08-04 14:14:28.403 | INFO    |tests.test_outlook_comum:test_anexa_cada_arquivo_antes_de_enviar:110 - E-mail enviado para 'a@x.com' — assunto 's', 2 anexo(s).
2026-08-04 14:14:28.411 | INFO    |tests.test_outlook_comum:test_envio_sem_anexo_e_valido:154 - E-mail enviado para 'a@x.com' — assunto 's', 0 anexo(s).
2026-08-04 14:14:28.413 | INFO    |tests.test_outlook_comum:test_rascunho_e_o_default:177 - Resposta salva como rascunho para o e-mail 'ABC123'.
2026-08-04 14:14:28.415 | INFO    |tests.test_outlook_comum:test_envia_quando_pedido_explicitamente:183 - Resposta enviada para o e-mail 'ABC123'.
2026-08-04 14:14:28.417 | INFO    |tests.test_outlook_comum:test_assunto_prefixado_e_corpo_preenchido:189 - Resposta salva como rascunho para o e-mail 'ABC123'.
2026-08-04 14:14:28.419 | INFO    |comum.integracoes.outlook:create_reply_draft:276 - Resposta salva como rascunho para o e-mail 'ABC123'.
2026-08-04 14:14:28.421 | INFO    |comum.dados.repositorio_cache:__init__:77 - Inicializando conexão com o banco no ambiente [dev]
2026-08-04 14:14:28.422 | INFO    |comum.dados.repositorio_cache:__init__:77 - Utilizando SQLite local [C:\Users\btime\Desktop\Projetos\detraf unificado\DETRAF-UNIFICADO\unificado\banco_de_dados\TABELAS_DETRAF.db]
2026-08-04 14:14:28.423 | INFO    |comum.dados.repositorio_cache:__init__:77 - Inicializando conexão com o banco no ambiente [dev]
2026-08-04 14:14:28.424 | INFO    |comum.dados.repositorio_cache:__init__:77 - Utilizando SQLite local [C:\Users\btime\Desktop\Projetos\detraf unificado\DETRAF-UNIFICADO\unificado\banco_de_dados\TABELAS_DETRAF.db]
2026-08-04 14:14:28.424 | INFO    |comum.dados.repositorio_cache:obter_tabela:169 - Carregando tabela [tbl_anexo5_processado]
2026-08-04 14:14:28.438 | INFO    |comum.dados.repositorio_cache:obter_tabela:169 - Tabela [tbl_anexo5_processado] carregada | Linhas: 2656 | Colunas: 17
2026-08-04 14:14:28.440 | INFO    |comum.dados.repositorio_cache:__init__:77 - Inicializando conexão com o banco no ambiente [dev]
2026-08-04 14:14:28.441 | INFO    |comum.dados.repositorio_cache:__init__:77 - Utilizando SQLite local [C:\Users\btime\Desktop\Projetos\detraf unificado\DETRAF-UNIFICADO\unificado\banco_de_dados\TABELAS_DETRAF.db]
2026-08-04 14:14:28.442 | INFO    |comum.dados.repositorio_cache:obter_tabela:169 - Carregando tabela [tbl_anexo5_processado]
2026-08-04 14:14:28.454 | INFO    |comum.dados.repositorio_cache:obter_tabela:169 - Tabela [tbl_anexo5_processado] carregada | Linhas: 2656 | Colunas: 17
2026-08-04 14:14:28.456 | INFO    |comum.dados.repositorio_cache:__init__:77 - Inicializando conexão com o banco no ambiente [dev]
2026-08-04 14:14:28.456 | INFO    |comum.dados.repositorio_cache:__init__:77 - Utilizando SQLite local [C:\Users\btime\Desktop\Projetos\detraf unificado\DETRAF-UNIFICADO\unificado\banco_de_dados\TABELAS_DETRAF.db]
2026-08-04 14:14:28.458 | INFO    |comum.dados.repositorio_cache:__init__:77 - Inicializando conexão com o banco no ambiente [dev]
2026-08-04 14:14:28.459 | INFO    |comum.dados.repositorio_cache:__init__:77 - Utilizando SQLite local [C:\Users\btime\Desktop\Projetos\detraf unificado\DETRAF-UNIFICADO\unificado\banco_de_dados\TABELAS_DETRAF.db]
2026-08-04 14:14:28.459 | INFO    |comum.dados.repositorio_cache:obter_tabela:169 - Carregando tabela [tbl_anexo5_processado]
2026-08-04 14:14:28.487 | INFO    |comum.dados.repositorio_cache:obter_tabela:169 - Tabela [tbl_anexo5_processado] carregada | Linhas: 2656 | Colunas: 17
2026-08-04 14:14:28.491 | INFO    |comum.dados.repositorio_cache:__init__:77 - Inicializando conexão com o banco no ambiente [dev]
2026-08-04 14:14:28.491 | INFO    |comum.dados.repositorio_cache:__init__:77 - Utilizando SQLite local [C:\Users\btime\Desktop\Projetos\detraf unificado\DETRAF-UNIFICADO\unificado\banco_de_dados\TABELAS_DETRAF.db]
2026-08-04 14:14:28.492 | INFO    |comum.dados.repositorio_cache:obter_tabela:169 - Carregando tabela [tbl_anexo5_processado]
2026-08-04 14:14:28.504 | INFO    |comum.dados.repositorio_cache:obter_tabela:169 - Tabela [tbl_anexo5_processado] carregada | Linhas: 2656 | Colunas: 17
2026-08-04 14:14:28.506 | INFO    |tests.test_repositorio_tabelas:test_buscar_nome_fantasia_por_eot_inexistente:104 - Nome Fantasia não encontrado para o EOT [999999]
2026-08-04 14:14:28.508 | INFO    |comum.dados.repositorio_cache:__init__:77 - Inicializando conexão com o banco no ambiente [dev]
2026-08-04 14:14:28.508 | INFO    |comum.dados.repositorio_cache:__init__:77 - Utilizando SQLite local [C:\Users\btime\Desktop\Projetos\detraf unificado\DETRAF-UNIFICADO\unificado\banco_de_dados\TABELAS_DETRAF.db]
2026-08-04 14:14:28.509 | INFO    |comum.dados.repositorio_cache:obter_tabela:169 - Carregando tabela [tbl_anexo5_processado]
2026-08-04 14:14:28.521 | INFO    |comum.dados.repositorio_cache:obter_tabela:169 - Tabela [tbl_anexo5_processado] carregada | Linhas: 2656 | Colunas: 17
2026-08-04 14:14:28.524 | INFO    |comum.dados.repositorio_cache:__init__:77 - Inicializando conexão com o banco no ambiente [dev]
2026-08-04 14:14:28.525 | INFO    |comum.dados.repositorio_cache:__init__:77 - Utilizando SQLite local [C:\Users\btime\Desktop\Projetos\detraf unificado\DETRAF-UNIFICADO\unificado\banco_de_dados\TABELAS_DETRAF.db]
2026-08-04 14:14:28.525 | INFO    |comum.dados.repositorio_cache:obter_tabela:169 - Carregando tabela [tbl_detraf_tarifas]
2026-08-04 14:14:28.527 | INFO    |comum.dados.repositorio_cache:obter_tabela:169 - Tabela [tbl_detraf_tarifas] carregada | Linhas: 110 | Colunas: 17
2026-08-04 14:14:28.529 | INFO    |comum.dados.repositorio_cache:__init__:77 - Inicializando conexão com o banco no ambiente [dev]
2026-08-04 14:14:28.529 | INFO    |comum.dados.repositorio_cache:__init__:77 - Utilizando SQLite local [C:\Users\btime\Desktop\Projetos\detraf unificado\DETRAF-UNIFICADO\unificado\banco_de_dados\TABELAS_DETRAF.db]
2026-08-04 14:14:28.530 | INFO    |comum.dados.repositorio_cache:obter_tabela:169 - Carregando tabela [tbl_detraf_mapeamento_descritores]
2026-08-04 14:14:28.531 | INFO    |comum.dados.repositorio_cache:obter_tabela:169 - Tabela [tbl_detraf_mapeamento_descritores] carregada | Linhas: 25 | Colunas: 3
2026-08-04 14:14:28.533 | INFO    |comum.dados.repositorio_cache:__init__:77 - Inicializando conexão com o banco no ambiente [dev]
2026-08-04 14:14:28.533 | INFO    |comum.dados.repositorio_cache:__init__:77 - Utilizando SQLite local [C:\Users\btime\Desktop\Projetos\detraf unificado\DETRAF-UNIFICADO\unificado\banco_de_dados\TABELAS_DETRAF.db]
2026-08-04 14:14:29.689 | INFO    |comum.dados.repositorio_cache:__init__:77 - Inicializando conexão com o banco no ambiente [dev]
2026-08-04 14:14:29.689 | INFO    |comum.dados.repositorio_cache:__init__:77 - Utilizando SQLite local [C:\Users\btime\AppData\Local\Temp\detraf_test_24ca6ko_.db]
2026-08-04 14:14:29.759 | INFO    |comum.dados.repositorio_cache:obter_tabela:169 - Carregando tabela [tbl_anexo5_processado]
2026-08-04 14:14:29.761 | INFO    |comum.dados.repositorio_cache:obter_tabela:169 - Tabela [tbl_anexo5_processado] carregada | Linhas: 3 | Colunas: 2
2026-08-04 14:14:29.766 | INFO    |src.services.operadora_service:obter_operadora:153 - Nome Fantasia não encontrado para o EOT [999]
2026-08-04 14:14:29.770 | INFO    |src.services.operadora_service:obter_operadora:153 - Nome Fantasia não encontrado para o EOT [999]
2026-08-04 14:14:29.770 | INFO    |src.services.operadora_service:obter_operadora:163 - Nome Fantasia não encontrado para o texto [empresainexistente999]
2026-08-04 14:14:29.771 | WARNING |test_operadora_service:test_obter_operadora_nao_identificada:87 - Operadora não identificada para 'arquivo.csv' (eot='999', dominio='empresainexistente999.com.br', texto_busca='empresainexistente999')
2026-08-04 14:14:29.773 | INFO    |test_outlook_service_anexos:test_baixa_apenas_csv_e_excel:81 - E-mail 'ABC123': 3 anexo(s) ignorado(s) por extensão não permitida — carta_apresentacao.pdf, contrato.docx, assinatura.png
2026-08-04 14:14:29.774 | INFO    |test_outlook_service_anexos:test_baixa_apenas_csv_e_excel:81 - E-mail 'ABC123': 2 anexo(s) baixado(s) para 'C:\Users\btime\AppData\Local\Temp\pytest-of-btime\pytest-297\test_baixa_apenas_csv_e_excel0'.
2026-08-04 14:14:29.776 | INFO    |test_outlook_service_anexos:test_anexos_ignorados_nao_chegam_ao_disco:94 - E-mail 'ABC123': 1 anexo(s) ignorado(s) por extensão não permitida — carta.pdf
2026-08-04 14:14:29.776 | INFO    |test_outlook_service_anexos:test_anexos_ignorados_nao_chegam_ao_disco:94 - E-mail 'ABC123': 1 anexo(s) baixado(s) para 'C:\Users\btime\AppData\Local\Temp\pytest-of-btime\pytest-297\test_anexos_ignorados_nao_cheg0'.
2026-08-04 14:14:29.778 | INFO    |test_outlook_service_anexos:test_anexos_inline_continuam_ignorados:107 - E-mail 'ABC123': 1 anexo(s) baixado(s) para 'C:\Users\btime\AppData\Local\Temp\pytest-of-btime\pytest-297\test_anexos_inline_continuam_i0'.
2026-08-04 14:14:29.780 | INFO    |test_outlook_service_anexos:test_email_so_com_anexos_irrelevantes_devolve_lista_vazia:121 - E-mail 'ABC123': 1 anexo(s) ignorado(s) por extensão não permitida — apenas_um_pdf.pdf
2026-08-04 14:14:29.780 | INFO    |test_outlook_service_anexos:test_email_so_com_anexos_irrelevantes_devolve_lista_vazia:121 - E-mail 'ABC123': 0 anexo(s) baixado(s) para 'C:\Users\btime\AppData\Local\Temp\pytest-of-btime\pytest-297\test_email_so_com_anexos_irrel0'.
2026-08-04 14:14:29.783 | INFO    |test_outlook_service_anexos:test_extensao_e_avaliada_sem_distinguir_caixa:128 - E-mail 'ABC123': 2 anexo(s) baixado(s) para 'C:\Users\btime\AppData\Local\Temp\pytest-of-btime\pytest-297\test_extensao_e_avaliada_sem_d0'.
2026-08-04 14:14:29.786 | INFO    |test_outlook_service_anexos:test_o_filtro_usa_a_configuracao_e_nao_uma_lista_fixa:140 - E-mail 'ABC123': 1 anexo(s) ignorado(s) por extensão não permitida — planilha.xlsx
2026-08-04 14:14:29.786 | INFO    |test_outlook_service_anexos:test_o_filtro_usa_a_configuracao_e_nao_uma_lista_fixa:140 - E-mail 'ABC123': 1 anexo(s) baixado(s) para 'C:\Users\btime\AppData\Local\Temp\pytest-of-btime\pytest-297\test_o_filtro_usa_a_configurac0'.
2026-08-04 14:14:29.789 | INFO    |test_processamento_service:test_executar_sucesso_identifica_operadora_e_salva:55 - Iniciando fluxo de processamento
2026-08-04 14:14:29.789 | INFO    |test_processamento_service:test_executar_sucesso_identifica_operadora_e_salva:55 - Competência: 202602 | Ano: 2026
2026-08-04 14:14:29.789 | INFO    |test_processamento_service:test_executar_sucesso_identifica_operadora_e_salva:55 - Total de arquivos a processar: 1
2026-08-04 14:14:29.791 | WARNING |src.services.processamento_service:_processar_arquivo:129 - Estrutura do mês anterior não encontrada em 'C:\Users\btime\AppData\Local\Temp\pytest-of-btime\pytest-297\test_executar_sucesso_identifi0\operadoras\Megatelecom Telecomunicacoes S.A.\2026\202601' — criando 'C:\Users\btime\AppData\Local\Temp\pytest-of-btime\pytest-297\test_executar_sucesso_identifi0\operadoras\Megatelecom Telecomunicacoes S.A.\2026\202602' vazio.
2026-08-04 14:14:29.793 | INFO    |src.services.processamento_service:executar:84 - Processado com sucesso: sucesso_eot112.csv (operadora identificada via 'eot')
2026-08-04 14:14:29.794 | INFO    |comum.dados.repositorio_cache:salvar_dados_tabela_despesa:217 - Inserindo 1 registro(s) em [tbl_rpa_log_detraf_despesa_arquivos].
2026-08-04 14:14:29.806 | INFO    |comum.dados.repositorio_cache:salvar_dados_tabela_despesa:217 - 1 registro(s) persistidos em [tbl_rpa_log_detraf_despesa_arquivos].
2026-08-04 14:14:29.807 | INFO    |src.services.processamento_service:executar:86 - Resumo — Sucesso: 1 | Não identificados: 0 | Erros: 0
2026-08-04 14:14:29.811 | INFO    |test_processamento_service:test_executar_nao_identificado_vai_para_pasta_excecao:81 - Iniciando fluxo de processamento
2026-08-04 14:14:29.812 | INFO    |test_processamento_service:test_executar_nao_identificado_vai_para_pasta_excecao:81 - Competência: 202602 | Ano: 2026
2026-08-04 14:14:29.812 | INFO    |test_processamento_service:test_executar_nao_identificado_vai_para_pasta_excecao:81 - Total de arquivos a processar: 1
2026-08-04 14:14:29.813 | INFO    |src.services.operadora_service:obter_operadora:153 - Nome Fantasia não encontrado para o EOT [999]
2026-08-04 14:14:29.813 | INFO    |src.services.operadora_service:obter_operadora:163 - Nome Fantasia não encontrado para o texto [empresainexistente999]
2026-08-04 14:14:29.814 | WARNING |src.services.processamento_service:_processar_arquivo:108 - Operadora não identificada para 'nao_identificado.csv' (eot='999', dominio='empresainexistente999.com.br', texto_busca='empresainexistente999')
2026-08-04 14:14:29.816 | WARNING |src.services.processamento_service:_processar_arquivo:111 - Operadora não identificada para 'nao_identificado.csv' (remetente: 'contato@empresainexistente999.com.br') — copiado para 'C:\Users\btime\AppData\Local\Temp\pytest-of-btime\pytest-297\test_executar_nao_identificado0\_NAO_IDENTIFICADOS\202602'
2026-08-04 14:14:29.816 | INFO    |src.services.processamento_service:executar:86 - Resumo — Sucesso: 0 | Não identificados: 1 | Erros: 0
2026-08-04 14:14:29.821 | INFO    |test_processamento_service:test_executar_clona_estrutura_do_mes_anterior:104 - Iniciando fluxo de processamento
2026-08-04 14:14:29.821 | INFO    |test_processamento_service:test_executar_clona_estrutura_do_mes_anterior:104 - Competência: 202602 | Ano: 2026
2026-08-04 14:14:29.821 | INFO    |test_processamento_service:test_executar_clona_estrutura_do_mes_anterior:104 - Total de arquivos a processar: 1
2026-08-04 14:14:29.824 | INFO    |src.services.processamento_service:executar:84 - Processado com sucesso: clonagem.csv (operadora identificada via 'eot')
2026-08-04 14:14:29.825 | INFO    |comum.dados.repositorio_cache:salvar_dados_tabela_despesa:217 - Inserindo 1 registro(s) em [tbl_rpa_log_detraf_despesa_arquivos].
2026-08-04 14:14:29.831 | INFO    |comum.dados.repositorio_cache:salvar_dados_tabela_despesa:217 - 1 registro(s) persistidos em [tbl_rpa_log_detraf_despesa_arquivos].
2026-08-04 14:14:29.831 | INFO    |src.services.processamento_service:executar:86 - Resumo — Sucesso: 1 | Não identificados: 0 | Erros: 0
2026-08-04 14:14:29.834 | INFO    |test_processamento_service:test_executar_sem_argumentos_lista_diretorio_entrada:119 - Iniciando fluxo de processamento
2026-08-04 14:14:29.835 | INFO    |test_processamento_service:test_executar_sem_argumentos_lista_diretorio_entrada:119 - Competência: 202602 | Ano: 2026
2026-08-04 14:14:29.835 | INFO    |test_processamento_service:test_executar_sem_argumentos_lista_diretorio_entrada:119 - Total de arquivos a processar: 1
2026-08-04 14:14:29.836 | INFO    |src.services.operadora_service:obter_operadora:153 - Nome Fantasia não encontrado para o EOT [999]
2026-08-04 14:14:29.838 | WARNING |src.services.processamento_service:_processar_arquivo:129 - Estrutura do mês anterior não encontrada em 'C:\Users\btime\AppData\Local\Temp\pytest-of-btime\pytest-297\test_executar_sem_argumentos_l0\operadoras\Desktop Sigmanet\2026\202601' — criando 'C:\Users\btime\AppData\Local\Temp\pytest-of-btime\pytest-297\test_executar_sem_argumentos_l0\operadoras\Desktop Sigmanet\2026\202602' vazio.
2026-08-04 14:14:29.839 | INFO    |src.services.processamento_service:executar:84 - Processado com sucesso: arquivo_solto.csv (operadora identificada via 'dominio')
2026-08-04 14:14:29.840 | INFO    |comum.dados.repositorio_cache:salvar_dados_tabela_despesa:217 - Inserindo 1 registro(s) em [tbl_rpa_log_detraf_despesa_arquivos].
2026-08-04 14:14:29.846 | INFO    |comum.dados.repositorio_cache:salvar_dados_tabela_despesa:217 - 1 registro(s) persistidos em [tbl_rpa_log_detraf_despesa_arquivos].
2026-08-04 14:14:29.846 | INFO    |src.services.processamento_service:executar:86 - Resumo — Sucesso: 1 | Não identificados: 0 | Erros: 0
2026-08-04 14:14:29.871 | WARNING |test_repositorio_arquivos:test_clonar_estrutura_mes_anterior_origem_inexistente_degrada:74 - Estrutura do mês anterior não encontrada em 'C:\Users\btime\AppData\Local\Temp\pytest-of-btime\pytest-297\test_clonar_estrutura_mes_ante2\nao_existe' — criando 'C:\Users\btime\AppData\Local\Temp\pytest-of-btime\pytest-297\test_clonar_estrutura_mes_ante2\202606' vazio.
2026-08-04 14:14:29.874 | INFO    |test_repositorio_tabelas:test_buscar_nome_fantasia_por_eot_nao_encontrado:12 - Nome Fantasia não encontrado para o EOT [999]
2026-08-04 14:14:29.876 | INFO    |test_repositorio_tabelas:test_buscar_nome_fantasia_nao_encontrado:20 - Nome Fantasia não encontrado para o texto [naoexisteoperadora]
2026-08-04 14:14:29.877 | INFO    |comum.dados.repositorio_cache:salvar_dados_tabela_despesa:217 - Inserindo 1 registro(s) em [tbl_rpa_log_detraf_despesa_arquivos].
2026-08-04 14:14:29.884 | INFO    |comum.dados.repositorio_cache:salvar_dados_tabela_despesa:217 - 1 registro(s) persistidos em [tbl_rpa_log_detraf_despesa_arquivos].
2026-08-04 14:14:29.886 | INFO    |comum.dados.repositorio_cache:salvar_dados_tabela_despesa:217 - Nenhum registro para inserir em [tbl_rpa_log_detraf_despesa_arquivos].
2026-08-04 14:14:30.868 | INFO    |comum.dados.repositorio_cache:__init__:77 - Inicializando conexão com o banco no ambiente [dev]
2026-08-04 14:14:30.869 | INFO    |comum.dados.repositorio_cache:__init__:77 - Utilizando SQLite local [C:\Users\btime\AppData\Local\Temp\detraf_epico4_teste_1gtll2d6\TABELAS_DETRAF_TESTE.db]
2026-08-04 14:14:31.238 | INFO    |comum.dados.repositorio_cache:__init__:77 - Inicializando conexão com o banco no ambiente [dev]
2026-08-04 14:14:31.238 | INFO    |comum.dados.repositorio_cache:__init__:77 - Utilizando SQLite local [C:\Users\btime\AppData\Local\Temp\detraf_epico4_teste_1gtll2d6\TABELAS_DETRAF_TESTE.db]
2026-08-04 14:14:31.239 | INFO    |comum.dados.repositorio_cache:obter_tabela:169 - Carregando tabela [tbl_anexo5_processado]
2026-08-04 14:14:31.241 | INFO    |comum.dados.repositorio_cache:obter_tabela:169 - Tabela [tbl_anexo5_processado] carregada | Linhas: 3 | Colunas: 6
2026-08-04 14:14:31.241 | INFO    |comum.dados.repositorio_cache:obter_tabela:169 - Carregando tabela [tbl_detraf_tarifas]
2026-08-04 14:14:31.242 | INFO    |comum.dados.repositorio_cache:obter_tabela:169 - Tabela [tbl_detraf_tarifas] carregada | Linhas: 2 | Colunas: 8
2026-08-04 14:14:31.243 | INFO    |comum.dados.repositorio_cache:obter_tabela:169 - Carregando tabela [tbl_rpa_log_detraf_despesa_contestacao]
2026-08-04 14:14:31.244 | INFO    |comum.dados.repositorio_cache:obter_tabela:169 - Tabela [tbl_rpa_log_detraf_despesa_contestacao] carregada | Linhas: 2 | Colunas: 18
2026-08-04 14:14:31.246 | INFO    |comum.dados.repositorio_cache:__init__:77 - Inicializando conexão com o banco no ambiente [dev]
2026-08-04 14:14:31.246 | INFO    |comum.dados.repositorio_cache:__init__:77 - Utilizando SQLite local [C:\Users\btime\AppData\Local\Temp\detraf_epico4_teste_1gtll2d6\TABELAS_DETRAF_TESTE.db]
2026-08-04 14:14:31.247 | INFO    |comum.dados.repositorio_cache:obter_tabela:169 - Carregando tabela [tbl_anexo5_processado]
2026-08-04 14:14:31.248 | INFO    |comum.dados.repositorio_cache:obter_tabela:169 - Tabela [tbl_anexo5_processado] carregada | Linhas: 3 | Colunas: 6
2026-08-04 14:14:31.251 | INFO    |test_configuracao_ambiente:test_repositorio_tabelas_valida_eot:41 - EOT não encontrado [999]
2026-08-04 14:14:31.253 | INFO    |comum.dados.repositorio_cache:__init__:77 - Inicializando conexão com o banco no ambiente [dev]
2026-08-04 14:14:31.254 | INFO    |comum.dados.repositorio_cache:__init__:77 - Utilizando SQLite local [C:\Users\btime\AppData\Local\Temp\detraf_epico4_teste_1gtll2d6\TABELAS_DETRAF_TESTE.db]
2026-08-04 14:14:31.254 | INFO    |comum.dados.repositorio_cache:obter_tabela:169 - Carregando tabela [tbl_anexo5_processado]
2026-08-04 14:14:31.256 | INFO    |comum.dados.repositorio_cache:obter_tabela:169 - Tabela [tbl_anexo5_processado] carregada | Linhas: 3 | Colunas: 6
2026-08-04 14:14:31.257 | INFO    |test_configuracao_ambiente:test_repositorio_tabelas_obtem_endereco_por_eot:49 - EOT não encontrado para busca de endereço [999]
2026-08-04 14:14:31.263 | WARNING |test_consolidacao:test_listar_arquivos_pasta_inexistente:39 - Pasta de Detrafs inexistente: [C:\Users\btime\AppData\Local\Temp\pytest-of-btime\pytest-298\test_listar_arquivos_pasta_ine0\nao_existe]
2026-08-04 14:14:31.266 | INFO    |test_consolidacao:test_consolida_e_remove_totais:43 - [STEP] Iniciando: consolidar_detrafs_operadora
2026-08-04 14:14:31.266 | INFO    |src.services.consolidacao_contestacao:consolidar_detrafs_operadora:174 - [Consolidação] 2 arquivo(s) encontrado(s) em [C:\Users\btime\AppData\Local\Temp\pytest-of-btime\pytest-298\test_consolida_e_remove_totais0\Detrafs Recebidos].
2026-08-04 14:14:31.270 | INFO    |src.services.consolidacao_contestacao:consolidar_detrafs_operadora:177 - [Consolidação] [algar_smp.csv]: 5 linha(s) -> 4 após remover totais.
2026-08-04 14:14:31.272 | INFO    |src.services.consolidacao_contestacao:consolidar_detrafs_operadora:177 - [Consolidação] [algar_stfc.csv]: 4 linha(s) -> 3 após remover totais.
2026-08-04 14:14:31.273 | INFO    |src.services.consolidacao_contestacao:consolidar_detrafs_operadora:177 - [Consolidação] Consolidado: 7 linha(s) de 2 arquivo(s).
2026-08-04 14:14:31.273 | INFO    |test_consolidacao:test_consolida_e_remove_totais:43 - [STEP] Finalizando: consolidar_detrafs_operadora | Tempo gasto: 0.01s
2026-08-04 14:14:31.276 | INFO    |test_consolidacao:test_pasta_vazia_retorna_df_vazio:57 - [STEP] Iniciando: consolidar_detrafs_operadora
2026-08-04 14:14:31.276 | INFO    |src.services.consolidacao_contestacao:consolidar_detrafs_operadora:174 - [Consolidação] 0 arquivo(s) encontrado(s) em [C:\Users\btime\AppData\Local\Temp\pytest-of-btime\pytest-298\test_pasta_vazia_retorna_df_va0\vazia].
2026-08-04 14:14:31.277 | INFO    |test_consolidacao:test_pasta_vazia_retorna_df_vazio:57 - [STEP] Finalizando: consolidar_detrafs_operadora | Tempo gasto: 0.0s
2026-08-04 14:14:31.279 | INFO    |test_consolidacao:test_fail_fast_colunas_insuficientes:66 - [STEP] Iniciando: consolidar_detrafs_operadora
2026-08-04 14:14:31.279 | INFO    |src.services.consolidacao_contestacao:consolidar_detrafs_operadora:174 - [Consolidação] 1 arquivo(s) encontrado(s) em [C:\Users\btime\AppData\Local\Temp\pytest-of-btime\pytest-298\test_fail_fast_colunas_insufic0\Detrafs Recebidos].
2026-08-04 14:14:31.279 | WARNING |comum.arquivos.gerenciador:carregar_dados:100 - Nenhum separador reconhecido nas primeiras 20 linhas de [C:\Users\btime\AppData\Local\Temp\pytest-of-btime\pytest-298\test_fail_fast_colunas_insufic0\Detrafs Recebidos\curto.csv] — assumindo ';'. Se o arquivo usar outro, ele será lido como coluna única e reprovado na validação.
2026-08-04 14:14:31.280 | INFO    |test_consolidacao:test_fail_fast_colunas_insuficientes:66 - [STEP] Finalizando: consolidar_detrafs_operadora | Tempo gasto: 0.0s
2026-08-04 14:14:31.284 | INFO    |test_consolidacao:test_consolida_expectativa_filtra_D_e_remove_totais:94 - [STEP] Iniciando: consolidar_expectativa_vivo
2026-08-04 14:14:31.285 | INFO    |src.services.consolidacao_contestacao:consolidar_expectativa_vivo:207 - [Consolidação] 2 arquivo(s) encontrado(s) em [C:\Users\btime\AppData\Local\Temp\pytest-of-btime\pytest-298\test_consolida_expectativa_fil0\Detrafs Enviados].
2026-08-04 14:14:31.287 | INFO    |src.services.consolidacao_contestacao:consolidar_expectativa_vivo:211 - [Consolidação] [DETRAF_FINAL_TRP_202605_CTB_STF_VIVO_D.csv]: 4 linha(s) -> 3 após remover totais.
2026-08-04 14:14:31.287 | INFO    |src.services.consolidacao_contestacao:consolidar_expectativa_vivo:211 - [Consolidação] Consolidado: 3 linha(s) de 1 arquivo(s).
2026-08-04 14:14:31.287 | INFO    |test_consolidacao:test_consolida_expectativa_filtra_D_e_remove_totais:94 - [STEP] Finalizando: consolidar_expectativa_vivo | Tempo gasto: 0.0s
2026-08-04 14:14:31.291 | INFO    |test_consolidacao:test_expectativa_truncamento_ate_coluna:103 - [STEP] Iniciando: consolidar_expectativa_vivo
2026-08-04 14:14:31.291 | INFO    |src.services.consolidacao_contestacao:consolidar_expectativa_vivo:207 - [Consolidação] 2 arquivo(s) encontrado(s) em [C:\Users\btime\AppData\Local\Temp\pytest-of-btime\pytest-298\test_expectativa_truncamento_a0\Detrafs Enviados].
2026-08-04 14:14:31.293 | INFO    |src.services.consolidacao_contestacao:consolidar_expectativa_vivo:211 - [Consolidação] [DETRAF_FINAL_TRP_202605_CTB_STF_VIVO_D.csv]: 4 linha(s) -> 3 após remover totais.
2026-08-04 14:14:31.294 | INFO    |src.services.consolidacao_contestacao:consolidar_expectativa_vivo:211 - [Consolidação] Consolidado: 3 linha(s) de 1 arquivo(s).
2026-08-04 14:14:31.294 | INFO    |test_consolidacao:test_expectativa_truncamento_ate_coluna:103 - [STEP] Finalizando: consolidar_expectativa_vivo | Tempo gasto: 0.0s
2026-08-04 14:14:31.296 | INFO    |test_consolidacao:test_expectativa_sem_arquivo_D_retorna_vazio:114 - [STEP] Iniciando: consolidar_expectativa_vivo
2026-08-04 14:14:31.297 | INFO    |src.services.consolidacao_contestacao:consolidar_expectativa_vivo:207 - [Consolidação] 1 arquivo(s) encontrado(s) em [C:\Users\btime\AppData\Local\Temp\pytest-of-btime\pytest-298\test_expectativa_sem_arquivo_D0\Detrafs Enviados].
2026-08-04 14:14:31.297 | WARNING |comum.utils.decoradores:wrapper:22 - [Consolidação] Nenhum arquivo de expectativa (_D_) em [C:\Users\btime\AppData\Local\Temp\pytest-of-btime\pytest-298\test_expectativa_sem_arquivo_D0\Detrafs Enviados].
2026-08-04 14:14:31.297 | INFO    |test_consolidacao:test_expectativa_sem_arquivo_D_retorna_vazio:114 - [STEP] Finalizando: consolidar_expectativa_vivo | Tempo gasto: 0.0s
2026-08-04 14:14:31.298 | INFO    |test_consolidacao:test_montar_resumo_agrupa_por_referencia_e_trafego:134 - [STEP] Iniciando: montar_resumo
2026-08-04 14:14:31.302 | INFO    |comum.utils.decoradores:wrapper:22 - [Consolidação] RESUMO: 2 combinação(ões) Referência/Tráfego.
2026-08-04 14:14:31.302 | INFO    |test_consolidacao:test_montar_resumo_agrupa_por_referencia_e_trafego:134 - [STEP] Finalizando: montar_resumo | Tempo gasto: 0.0s
2026-08-04 14:14:31.304 | INFO    |test_consolidacao:test_montar_resumo_vazio_retorna_df_vazio_com_colunas:142 - [STEP] Iniciando: montar_resumo
2026-08-04 14:14:31.304 | INFO    |test_consolidacao:test_montar_resumo_vazio_retorna_df_vazio_com_colunas:142 - [STEP] Finalizando: montar_resumo | Tempo gasto: 0.0s
2026-08-04 14:14:31.306 | INFO    |comum.dados.repositorio_cache:__init__:77 - Inicializando conexão com o banco no ambiente [dev]
2026-08-04 14:14:31.306 | INFO    |comum.dados.repositorio_cache:__init__:77 - Utilizando SQLite local [C:\Users\btime\AppData\Local\Temp\detraf_epico4_teste_1gtll2d6\TABELAS_DETRAF_TESTE.db]
2026-08-04 14:14:31.307 | INFO    |comum.dados.repositorio_cache:obter_tabela:169 - Carregando tabela [tbl_detraf_mapeamento_descritores]
2026-08-04 14:14:31.308 | INFO    |comum.dados.repositorio_cache:obter_tabela:169 - Tabela [tbl_detraf_mapeamento_descritores] carregada | Linhas: 25 | Colunas: 5
2026-08-04 14:14:31.311 | INFO    |test_consolidacao:test_montar_contest_bate_com_exemplo_real_da_carta:176 - [STEP] Iniciando: montar_contest
2026-08-04 14:14:31.322 | INFO    |comum.utils.decoradores:wrapper:22 - [Consolidação] Contest: 1 combinação(ões) analisada(s).
2026-08-04 14:14:31.322 | INFO    |test_consolidacao:test_montar_contest_bate_com_exemplo_real_da_carta:176 - [STEP] Finalizando: montar_contest | Tempo gasto: 0.01s
2026-08-04 14:14:31.324 | INFO    |comum.dados.repositorio_cache:__init__:77 - Inicializando conexão com o banco no ambiente [dev]
2026-08-04 14:14:31.325 | INFO    |comum.dados.repositorio_cache:__init__:77 - Utilizando SQLite local [C:\Users\btime\AppData\Local\Temp\detraf_epico4_teste_1gtll2d6\TABELAS_DETRAF_TESTE.db]
2026-08-04 14:14:31.325 | INFO    |comum.dados.repositorio_cache:obter_tabela:169 - Carregando tabela [tbl_detraf_mapeamento_descritores]
2026-08-04 14:14:31.326 | INFO    |comum.dados.repositorio_cache:obter_tabela:169 - Tabela [tbl_detraf_mapeamento_descritores] carregada | Linhas: 25 | Colunas: 5
2026-08-04 14:14:31.330 | INFO    |test_consolidacao:test_montar_contest_variacao_abaixo_do_limiar_marca_N:202 - [STEP] Iniciando: montar_contest
2026-08-04 14:14:31.340 | INFO    |comum.utils.decoradores:wrapper:22 - [Consolidação] Contest: 1 combinação(ões) analisada(s).
2026-08-04 14:14:31.340 | INFO    |test_consolidacao:test_montar_contest_variacao_abaixo_do_limiar_marca_N:202 - [STEP] Finalizando: montar_contest | Tempo gasto: 0.01s
2026-08-04 14:14:31.342 | INFO    |comum.dados.repositorio_cache:__init__:77 - Inicializando conexão com o banco no ambiente [dev]
2026-08-04 14:14:31.342 | INFO    |comum.dados.repositorio_cache:__init__:77 - Utilizando SQLite local [C:\Users\btime\AppData\Local\Temp\detraf_epico4_teste_1gtll2d6\TABELAS_DETRAF_TESTE.db]
2026-08-04 14:14:31.343 | INFO    |comum.dados.repositorio_cache:obter_tabela:169 - Carregando tabela [tbl_detraf_mapeamento_descritores]
2026-08-04 14:14:31.344 | INFO    |comum.dados.repositorio_cache:obter_tabela:169 - Tabela [tbl_detraf_mapeamento_descritores] carregada | Linhas: 25 | Colunas: 5
2026-08-04 14:14:31.347 | INFO    |test_consolidacao:test_montar_contest_par_ausente_lado_zerado:217 - [STEP] Iniciando: montar_contest
2026-08-04 14:14:31.354 | INFO    |comum.utils.decoradores:wrapper:22 - [Consolidação] Contest: 1 combinação(ões) analisada(s).
2026-08-04 14:14:31.354 | INFO    |test_consolidacao:test_montar_contest_par_ausente_lado_zerado:217 - [STEP] Finalizando: montar_contest | Tempo gasto: 0.01s
2026-08-04 14:14:31.357 | INFO    |comum.dados.repositorio_cache:__init__:77 - Inicializando conexão com o banco no ambiente [dev]
2026-08-04 14:14:31.357 | INFO    |comum.dados.repositorio_cache:__init__:77 - Utilizando SQLite local [C:\Users\btime\AppData\Local\Temp\detraf_epico4_teste_1gtll2d6\TABELAS_DETRAF_TESTE.db]
2026-08-04 14:14:31.357 | INFO    |comum.dados.repositorio_cache:obter_tabela:169 - Carregando tabela [tbl_detraf_mapeamento_descritores]
2026-08-04 14:14:31.359 | INFO    |comum.dados.repositorio_cache:obter_tabela:169 - Tabela [tbl_detraf_mapeamento_descritores] carregada | Linhas: 25 | Colunas: 5
2026-08-04 14:14:31.361 | INFO    |test_consolidacao:test_montar_contest_descritor_nao_mapeado_e_ignorado:232 - [STEP] Iniciando: montar_contest
2026-08-04 14:14:31.362 | INFO    |src.services.consolidacao_contestacao:montar_contest:385 - [Consolidação] 1 linha(s) com descritor não mapeado — ignoradas na aba Contest (AI/09 §7).
2026-08-04 14:14:31.366 | INFO    |comum.utils.decoradores:wrapper:22 - [Consolidação] Contest: 0 combinação(ões) analisada(s).
2026-08-04 14:14:31.366 | INFO    |test_consolidacao:test_montar_contest_descritor_nao_mapeado_e_ignorado:232 - [STEP] Finalizando: montar_contest | Tempo gasto: 0.0s
2026-08-04 14:14:31.368 | INFO    |comum.dados.repositorio_cache:__init__:77 - Inicializando conexão com o banco no ambiente [dev]
2026-08-04 14:14:31.369 | INFO    |comum.dados.repositorio_cache:__init__:77 - Utilizando SQLite local [C:\Users\btime\AppData\Local\Temp\detraf_epico4_teste_1gtll2d6\TABELAS_DETRAF_TESTE.db]
2026-08-04 14:14:31.369 | INFO    |comum.dados.repositorio_cache:obter_tabela:169 - Carregando tabela [tbl_detraf_mapeamento_descritores]
2026-08-04 14:14:31.370 | INFO    |comum.dados.repositorio_cache:obter_tabela:169 - Tabela [tbl_detraf_mapeamento_descritores] carregada | Linhas: 25 | Colunas: 5
2026-08-04 14:14:31.373 | INFO    |test_consolidacao:test_montar_contest_descritor_antes_ambiguo_agora_resolvido:246 - [STEP] Iniciando: montar_contest
2026-08-04 14:14:31.380 | INFO    |comum.utils.decoradores:wrapper:22 - [Consolidação] Contest: 1 combinação(ões) analisada(s).
2026-08-04 14:14:31.380 | INFO    |test_consolidacao:test_montar_contest_descritor_antes_ambiguo_agora_resolvido:246 - [STEP] Finalizando: montar_contest | Tempo gasto: 0.01s
2026-08-04 14:14:31.382 | INFO    |comum.dados.repositorio_cache:__init__:77 - Inicializando conexão com o banco no ambiente [dev]
2026-08-04 14:14:31.382 | INFO    |comum.dados.repositorio_cache:__init__:77 - Utilizando SQLite local [C:\Users\btime\AppData\Local\Temp\detraf_epico4_teste_1gtll2d6\TABELAS_DETRAF_TESTE.db]
2026-08-04 14:14:31.383 | INFO    |comum.dados.repositorio_cache:obter_tabela:169 - Carregando tabela [tbl_detraf_mapeamento_descritores]
2026-08-04 14:14:31.385 | INFO    |comum.dados.repositorio_cache:obter_tabela:169 - Tabela [tbl_detraf_mapeamento_descritores] carregada | Linhas: 25 | Colunas: 5
2026-08-04 14:14:31.388 | INFO    |test_consolidacao:test_montar_contest_tipo_operacao_opcional:258 - [STEP] Iniciando: montar_contest
2026-08-04 14:14:31.395 | INFO    |comum.utils.decoradores:wrapper:22 - [Consolidação] Contest: 1 combinação(ões) analisada(s).
2026-08-04 14:14:31.395 | INFO    |test_consolidacao:test_montar_contest_tipo_operacao_opcional:258 - [STEP] Finalizando: montar_contest | Tempo gasto: 0.01s
2026-08-04 14:14:31.398 | INFO    |comum.dados.repositorio_cache:__init__:77 - Inicializando conexão com o banco no ambiente [dev]
2026-08-04 14:14:31.398 | INFO    |comum.dados.repositorio_cache:__init__:77 - Utilizando SQLite local [C:\Users\btime\AppData\Local\Temp\detraf_epico4_teste_1gtll2d6\TABELAS_DETRAF_TESTE.db]
2026-08-04 14:14:31.399 | INFO    |comum.dados.repositorio_cache:obter_tabela:169 - Carregando tabela [tbl_rpa_log_detraf_despesa_contestacao]
2026-08-04 14:14:31.401 | INFO    |comum.dados.repositorio_cache:obter_tabela:169 - Tabela [tbl_rpa_log_detraf_despesa_contestacao] carregada | Linhas: 2 | Colunas: 18
2026-08-04 14:14:31.406 | INFO    |comum.dados.repositorio_cache:__init__:77 - Inicializando conexão com o banco no ambiente [dev]
2026-08-04 14:14:31.406 | INFO    |comum.dados.repositorio_cache:__init__:77 - Utilizando SQLite local [C:\Users\btime\AppData\Local\Temp\detraf_epico4_teste_1gtll2d6\TABELAS_DETRAF_TESTE.db]
2026-08-04 14:14:31.407 | INFO    |comum.dados.repositorio_cache:obter_tabela:169 - Carregando tabela [tbl_rpa_log_detraf_despesa_contestacao]
2026-08-04 14:14:31.408 | INFO    |comum.dados.repositorio_cache:obter_tabela:169 - Tabela [tbl_rpa_log_detraf_despesa_contestacao] carregada | Linhas: 2 | Colunas: 18
2026-08-04 14:14:31.412 | INFO    |comum.dados.repositorio_cache:__init__:77 - Inicializando conexão com o banco no ambiente [dev]
2026-08-04 14:14:31.413 | INFO    |comum.dados.repositorio_cache:__init__:77 - Utilizando SQLite local [C:\Users\btime\AppData\Local\Temp\detraf_epico4_teste_1gtll2d6\TABELAS_DETRAF_TESTE.db]
2026-08-04 14:14:31.413 | INFO    |comum.dados.repositorio_cache:obter_tabela:169 - Carregando tabela [tbl_rpa_log_detraf_despesa_contestacao]
2026-08-04 14:14:31.415 | INFO    |comum.dados.repositorio_cache:obter_tabela:169 - Tabela [tbl_rpa_log_detraf_despesa_contestacao] carregada | Linhas: 2 | Colunas: 18
2026-08-04 14:14:31.417 | INFO    |test_contestacao_sinal:test_nao_encontrado_retorna_none:31 - Sinal de contestação não encontrado para [operadora=999, tbra=011, referencia=202507, trafego=202507, remuneracao=TU-RL] — tratado como sem contestação.
2026-08-04 14:14:31.420 | INFO    |comum.dados.repositorio_cache:__init__:77 - Inicializando conexão com o banco no ambiente [dev]
2026-08-04 14:14:31.420 | INFO    |comum.dados.repositorio_cache:__init__:77 - Utilizando SQLite local [C:\Users\btime\AppData\Local\Temp\detraf_epico4_teste_1gtll2d6\TABELAS_DETRAF_TESTE.db]
2026-08-04 14:14:31.421 | INFO    |comum.dados.repositorio_cache:obter_tabela:169 - Carregando tabela [tbl_rpa_log_detraf_despesa_contestacao]
2026-08-04 14:14:31.423 | INFO    |comum.dados.repositorio_cache:obter_tabela:169 - Tabela [tbl_rpa_log_detraf_despesa_contestacao] carregada | Linhas: 2 | Colunas: 18
2026-08-04 14:14:31.424 | INFO    |test_contestacao_sinal:test_remuneracao_diferente_nao_encontra:42 - Sinal de contestação não encontrado para [operadora=021, tbra=011, referencia=202507, trafego=202507, remuneracao=OUTRA-REMUNERACAO] — tratado como sem contestação.
2026-08-04 14:14:31.427 | INFO    |comum.dados.repositorio_cache:__init__:77 - Inicializando conexão com o banco no ambiente [dev]
2026-08-04 14:14:31.427 | INFO    |comum.dados.repositorio_cache:__init__:77 - Utilizando SQLite local [C:\Users\btime\AppData\Local\Temp\detraf_epico4_teste_1gtll2d6\TABELAS_DETRAF_TESTE.db]
2026-08-04 14:14:31.428 | INFO    |comum.dados.repositorio_cache:obter_tabela:169 - Carregando tabela [tbl_rpa_log_detraf_despesa_contestacao]
2026-08-04 14:14:31.430 | INFO    |comum.dados.repositorio_cache:obter_tabela:169 - Tabela [tbl_rpa_log_detraf_despesa_contestacao] carregada | Linhas: 2 | Colunas: 18
2026-08-04 14:14:31.433 | INFO    |test_encontro_contas:test_preparar_atualizacoes_vazio_retorna_vazio:56 - [STEP] Iniciando: preparar_atualizacoes_despesa_contestacao
2026-08-04 14:14:31.434 | INFO    |test_encontro_contas:test_preparar_atualizacoes_vazio_retorna_vazio:56 - [STEP] Finalizando: preparar_atualizacoes_despesa_contestacao | Tempo gasto: 0.0s
2026-08-04 14:14:31.436 | INFO    |test_encontro_contas:test_preparar_atualizacoes_inclui_todas_independente_de_contestacao_a_enviar:72 - [STEP] Iniciando: preparar_atualizacoes_despesa_contestacao
2026-08-04 14:14:31.437 | INFO    |comum.utils.decoradores:wrapper:22 - [HU-19 Despesa Contestação] 2 atualização(ões) preparada(s).
2026-08-04 14:14:31.437 | INFO    |test_encontro_contas:test_preparar_atualizacoes_inclui_todas_independente_de_contestacao_a_enviar:72 - [STEP] Finalizando: preparar_atualizacoes_despesa_contestacao | Tempo gasto: 0.0s
2026-08-04 14:14:31.439 | INFO    |test_encontro_contas:test_preparar_atualizacoes_monta_a_chave_da_linha:80 - [STEP] Iniciando: preparar_atualizacoes_despesa_contestacao
2026-08-04 14:14:31.440 | INFO    |comum.utils.decoradores:wrapper:22 - [HU-19 Despesa Contestação] 1 atualização(ões) preparada(s).
2026-08-04 14:14:31.440 | INFO    |test_encontro_contas:test_preparar_atualizacoes_monta_a_chave_da_linha:80 - [STEP] Finalizando: preparar_atualizacoes_despesa_contestacao | Tempo gasto: 0.0s
2026-08-04 14:14:31.442 | INFO    |test_encontro_contas:test_preparar_atualizacoes_vb_operadora_e_vb_diferenca_sempre_negativos:97 - [STEP] Iniciando: preparar_atualizacoes_despesa_contestacao
2026-08-04 14:14:31.442 | INFO    |comum.utils.decoradores:wrapper:22 - [HU-19 Despesa Contestação] 2 atualização(ões) preparada(s).
2026-08-04 14:14:31.442 | INFO    |test_encontro_contas:test_preparar_atualizacoes_vb_operadora_e_vb_diferenca_sempre_negativos:97 - [STEP] Finalizando: preparar_atualizacoes_despesa_contestacao | Tempo gasto: 0.0s
2026-08-04 14:14:31.444 | INFO    |test_encontro_contas:test_preparar_atualizacoes_nao_escreve_campos_de_outras_hus:112 - [STEP] Iniciando: preparar_atualizacoes_despesa_contestacao
2026-08-04 14:14:31.445 | INFO    |comum.utils.decoradores:wrapper:22 - [HU-19 Despesa Contestação] 1 atualização(ões) preparada(s).
2026-08-04 14:14:31.445 | INFO    |test_encontro_contas:test_preparar_atualizacoes_nao_escreve_campos_de_outras_hus:112 - [STEP] Finalizando: preparar_atualizacoes_despesa_contestacao | Tempo gasto: 0.0s
2026-08-04 14:14:31.447 | INFO    |test_encontro_contas:test_preparar_atualizacoes_atualiza_exatamente_os_seis_campos_da_v2:128 - [STEP] Iniciando: preparar_atualizacoes_despesa_contestacao
2026-08-04 14:14:31.448 | INFO    |comum.utils.decoradores:wrapper:22 - [HU-19 Despesa Contestação] 1 atualização(ões) preparada(s).
2026-08-04 14:14:31.448 | INFO    |test_encontro_contas:test_preparar_atualizacoes_atualiza_exatamente_os_seis_campos_da_v2:128 - [STEP] Finalizando: preparar_atualizacoes_despesa_contestacao | Tempo gasto: 0.0s
2026-08-04 14:14:31.456 | WARNING |test_envio_email_contestacao:test_pasta_inexistente_devolve_nada_sem_levantar:70 - [HU-15] Pasta de contestações não encontrada para OPERADORA_SEM_PASTA/202507: [C:\Users\btime\AppData\Local\Temp\pytest-of-btime\pytest-298\test_pasta_inexistente_devolve0\Operadoras\OPERADORA_SEM_PASTA\2025\202507\Contestações].
2026-08-04 14:14:31.460 | WARNING |test_envio_email_contestacao:test_env_de_outro_mes_nao_e_confundido:81 - [HU-15] Arquivo _ENV não encontrado: [C:\Users\btime\AppData\Local\Temp\pytest-of-btime\pytest-298\test_env_de_outro_mes_nao_e_co0\Operadoras\CLARO\2025\202507\Contestações\Base Contestação_CLARO_202507_ENV.xlsx].
2026-08-04 14:14:31.460 | WARNING |test_envio_email_contestacao:test_env_de_outro_mes_nao_e_confundido:81 - [HU-15] Carta CT não encontrada em [C:\Users\btime\AppData\Local\Temp\pytest-of-btime\pytest-298\test_env_de_outro_mes_nao_e_co0\Operadoras\CLARO\2025\202507\Contestações].
2026-08-04 14:14:31.465 | WARNING |test_envio_email_contestacao:test_duas_cartas_usa_a_mais_recente:98 - [HU-15] 2 cartas em [C:\Users\btime\AppData\Local\Temp\pytest-of-btime\pytest-298\test_duas_cartas_usa_a_mais_re0\Operadoras\CLARO\2025\202507\Contestações] para CLARO/202507 — usando a mais recente: [CT - 364.docx].
2026-08-04 14:14:31.467 | WARNING |test_envio_email_contestacao:test_destinatarios_bloqueado_na_q16:107 - [HU-15] Contatos de 'CLARO' indisponíveis: a tabela de contatos do WebFat ainda não foi informada pelo cliente (pendência Q16).
2026-08-04 14:14:31.468 | WARNING |test_envio_email_contestacao:test_busca_de_sinalizadas_nao_devolve_nada_sem_controle_de_reenvio:110 - [HU-15] Busca de contestações sinalizadas ainda não ligada: falta a coluna que marca o e-mail como enviado, sem a qual não há proteção contra reenvio.
2026-08-04 14:14:31.472 | INFO    |test_envio_email_contestacao:test_sem_destinatario_nao_envia_e_acusa:122 - [STEP] Iniciando: enviar_contestacao
2026-08-04 14:14:31.472 | WARNING |src.services.envio_email_contestacao:enviar_contestacao:192 - [HU-15] Contatos de 'CLARO' indisponíveis: a tabela de contatos do WebFat ainda não foi informada pelo cliente (pendência Q16).
2026-08-04 14:14:31.473 | INFO    |test_envio_email_contestacao:test_sem_destinatario_nao_envia_e_acusa:122 - [STEP] Finalizando: enviar_contestacao | Tempo gasto: 0.0s
2026-08-04 14:14:31.476 | INFO    |test_envio_email_contestacao:test_falta_de_anexo_e_nomeada_no_erro:133 - [STEP] Iniciando: enviar_contestacao
2026-08-04 14:14:31.477 | WARNING |src.services.envio_email_contestacao:enviar_contestacao:193 - [HU-15] Arquivo _ENV não encontrado: [C:\Users\btime\AppData\Local\Temp\pytest-of-btime\pytest-298\test_falta_de_anexo_e_nomeada_0\Operadoras\CLARO\2025\202507\Contestações\Base Contestação_CLARO_202507_ENV.xlsx].
2026-08-04 14:14:31.477 | WARNING |src.services.envio_email_contestacao:enviar_contestacao:193 - [HU-15] Carta CT não encontrada em [C:\Users\btime\AppData\Local\Temp\pytest-of-btime\pytest-298\test_falta_de_anexo_e_nomeada_0\Operadoras\CLARO\2025\202507\Contestações].
2026-08-04 14:14:31.477 | INFO    |test_envio_email_contestacao:test_falta_de_anexo_e_nomeada_no_erro:133 - [STEP] Finalizando: enviar_contestacao | Tempo gasto: 0.0s
2026-08-04 14:14:31.481 | INFO    |test_envio_email_contestacao:test_kill_switch_desligado_monta_e_nao_envia:144 - [STEP] Iniciando: enviar_contestacao
2026-08-04 14:14:31.482 | INFO    |comum.utils.decoradores:wrapper:22 - [MODO SEGURO] PERMITIR_ENVIO_EMAIL=false — e-mail montado e não enviado: 'CONTESTAÇÃO_TBRA|CLARO_202507' para ['op@exemplo.com'], anexos [CT - 363.docx, Base Contestação_CLARO_202507_ENV.xlsx].
2026-08-04 14:14:31.482 | INFO    |test_envio_email_contestacao:test_kill_switch_desligado_monta_e_nao_envia:144 - [STEP] Finalizando: enviar_contestacao | Tempo gasto: 0.0s
2026-08-04 14:14:31.486 | INFO    |test_envio_email_contestacao:test_com_tudo_pronto_envia_carta_e_env:155 - [STEP] Iniciando: enviar_contestacao
2026-08-04 14:14:31.487 | INFO    |comum.utils.decoradores:wrapper:22 - [HU-15] Contestação de CLARO/202507 enviada para ['op@exemplo.com'].
2026-08-04 14:14:31.487 | INFO    |test_envio_email_contestacao:test_com_tudo_pronto_envia_carta_e_env:155 - [STEP] Finalizando: enviar_contestacao | Tempo gasto: 0.0s
2026-08-04 14:14:31.502 | INFO    |comum.dados.repositorio_cache:__init__:77 - Inicializando conexão com o banco no ambiente [dev]
2026-08-04 14:14:31.502 | INFO    |comum.dados.repositorio_cache:__init__:77 - Utilizando SQLite local [C:\Users\btime\AppData\Local\Temp\detraf_epico4_teste_1gtll2d6\TABELAS_DETRAF_TESTE.db]
2026-08-04 14:14:31.506 | INFO    |test_geracao_agi_controller:test_gerar_cont_proc_grava_arquivo_e_regrava_o_sinal:50 - [STEP] Iniciando: GeracaoAgiController.gerar_cont_proc
2026-08-04 14:14:31.507 | INFO    |src.controllers.geracao_agi_controller:gerar_cont_proc:54 - [STEP] Iniciando: montar_linhas_cont_proc
2026-08-04 14:14:31.507 | INFO    |src.services.geracao_cont_proc:montar_linhas_cont_proc:195 - [STEP] Iniciando: selecionar_linhas_contestadas
2026-08-04 14:14:31.508 | INFO    |comum.dados.repositorio_cache:obter_tabela:169 - Carregando tabela [tbl_rpa_log_detraf_despesa_contestacao]
2026-08-04 14:14:31.510 | INFO    |comum.dados.repositorio_cache:obter_tabela:169 - Tabela [tbl_rpa_log_detraf_despesa_contestacao] carregada | Linhas: 2 | Colunas: 18
2026-08-04 14:14:31.512 | INFO    |comum.utils.decoradores:wrapper:22 - [HU-16 CONT_PROC] 1 linha(s) contestada(s).
2026-08-04 14:14:31.512 | INFO    |src.services.geracao_cont_proc:montar_linhas_cont_proc:195 - [STEP] Finalizando: selecionar_linhas_contestadas | Tempo gasto: 0.01s
2026-08-04 14:14:31.513 | INFO    |comum.utils.decoradores:wrapper:22 - [HU-16 CONT_PROC] 1 linha(s) montada(s) (T-100+T-101 completos).
2026-08-04 14:14:31.513 | INFO    |src.controllers.geracao_agi_controller:gerar_cont_proc:54 - [STEP] Finalizando: montar_linhas_cont_proc | Tempo gasto: 0.01s
2026-08-04 14:14:31.513 | INFO    |src.controllers.geracao_agi_controller:gerar_cont_proc:60 - [STEP] Iniciando: gerar_arquivo_cont_proc
2026-08-04 14:14:31.622 | INFO    |comum.utils.decoradores:wrapper:22 - [HU-16 CONT_PROC] Arquivo gravado em [C:\Users\btime\AppData\Local\Temp\pytest-of-btime\pytest-298\test_gerar_cont_proc_grava_arq0\Claro\2025\202507\AGI\CONT_PROC_MASCARA_Claro_202507.xlsx].
2026-08-04 14:14:31.622 | INFO    |src.controllers.geracao_agi_controller:gerar_cont_proc:60 - [STEP] Finalizando: gerar_arquivo_cont_proc | Tempo gasto: 0.11s
2026-08-04 14:14:31.622 | INFO    |src.controllers.geracao_agi_controller:gerar_cont_proc:70 - [STEP] Iniciando: selecionar_linhas_contestadas
2026-08-04 14:14:31.625 | INFO    |comum.utils.decoradores:wrapper:22 - [HU-16 CONT_PROC] 1 linha(s) contestada(s).
2026-08-04 14:14:31.625 | INFO    |src.controllers.geracao_agi_controller:gerar_cont_proc:70 - [STEP] Finalizando: selecionar_linhas_contestadas | Tempo gasto: 0.0s
2026-08-04 14:14:31.628 | INFO    |comum.dados.repositorio_tabelas:_atualizar_contestacao_em_lote:864 - 1 linha(s) atualizada(s) em [tbl_rpa_log_detraf_despesa_contestacao].
2026-08-04 14:14:31.628 | INFO    |comum.dados.repositorio_cache:recarregar_cache_local:330 - Carregando tabela [tbl_rpa_log_detraf_despesa_contestacao]
2026-08-04 14:14:31.629 | INFO    |comum.dados.repositorio_cache:recarregar_cache_local:330 - Tabela [tbl_rpa_log_detraf_despesa_contestacao] carregada | Linhas: 2 | Colunas: 18
2026-08-04 14:14:31.630 | INFO    |comum.dados.repositorio_tabelas:atualizar_tipo_contestacao:930 - [HU-16 Writeback tipo_contestacao] 1 linha(s) atualizada(s), 0 chave(s) ausente(s).
2026-08-04 14:14:31.630 | INFO    |test_geracao_agi_controller:test_gerar_cont_proc_grava_arquivo_e_regrava_o_sinal:50 - [STEP] Finalizando: GeracaoAgiController.gerar_cont_proc | Tempo gasto: 0.12s
2026-08-04 14:14:31.634 | INFO    |comum.dados.repositorio_cache:__init__:77 - Inicializando conexão com o banco no ambiente [dev]
2026-08-04 14:14:31.635 | INFO    |comum.dados.repositorio_cache:__init__:77 - Utilizando SQLite local [C:\Users\btime\AppData\Local\Temp\detraf_epico4_teste_1gtll2d6\TABELAS_DETRAF_TESTE.db]
2026-08-04 14:14:31.638 | INFO    |test_geracao_agi_controller:test_gerar_cont_proc_sem_contestacao_nao_gera_nem_regrava:67 - [STEP] Iniciando: GeracaoAgiController.gerar_cont_proc
2026-08-04 14:14:31.639 | INFO    |src.controllers.geracao_agi_controller:gerar_cont_proc:54 - [STEP] Iniciando: montar_linhas_cont_proc
2026-08-04 14:14:31.639 | INFO    |src.services.geracao_cont_proc:montar_linhas_cont_proc:195 - [STEP] Iniciando: selecionar_linhas_contestadas
2026-08-04 14:14:31.640 | INFO    |comum.dados.repositorio_cache:obter_tabela:169 - Carregando tabela [tbl_rpa_log_detraf_despesa_contestacao]
2026-08-04 14:14:31.641 | INFO    |comum.dados.repositorio_cache:obter_tabela:169 - Tabela [tbl_rpa_log_detraf_despesa_contestacao] carregada | Linhas: 2 | Colunas: 18
2026-08-04 14:14:31.643 | INFO    |src.services.geracao_cont_proc:selecionar_linhas_contestadas:115 - Sinal de contestação não encontrado para [operadora=999, tbra=011, referencia=202507, trafego=202507, remuneracao=TU-COM] — tratado como sem contestação.
2026-08-04 14:14:31.644 | INFO    |comum.utils.decoradores:wrapper:22 - [HU-16 CONT_PROC] Nenhuma combinação com sinal do analista (todas 'sem contestação' apesar da variação).
2026-08-04 14:14:31.644 | INFO    |src.services.geracao_cont_proc:montar_linhas_cont_proc:195 - [STEP] Finalizando: selecionar_linhas_contestadas | Tempo gasto: 0.01s
2026-08-04 14:14:31.644 | INFO    |src.controllers.geracao_agi_controller:gerar_cont_proc:54 - [STEP] Finalizando: montar_linhas_cont_proc | Tempo gasto: 0.01s
2026-08-04 14:14:31.644 | INFO    |src.controllers.geracao_agi_controller:gerar_cont_proc:60 - [STEP] Iniciando: gerar_arquivo_cont_proc
2026-08-04 14:14:31.645 | INFO    |comum.utils.decoradores:wrapper:22 - [HU-16 CONT_PROC] Nada a gravar (nenhuma linha a contestar).
2026-08-04 14:14:31.645 | INFO    |src.controllers.geracao_agi_controller:gerar_cont_proc:60 - [STEP] Finalizando: gerar_arquivo_cont_proc | Tempo gasto: 0.0s
2026-08-04 14:14:31.645 | INFO    |test_geracao_agi_controller:test_gerar_cont_proc_sem_contestacao_nao_gera_nem_regrava:67 - [STEP] Finalizando: GeracaoAgiController.gerar_cont_proc | Tempo gasto: 0.01s
2026-08-04 14:14:31.647 | INFO    |comum.dados.repositorio_cache:__init__:77 - Inicializando conexão com o banco no ambiente [dev]
2026-08-04 14:14:31.648 | INFO    |comum.dados.repositorio_cache:__init__:77 - Utilizando SQLite local [C:\Users\btime\AppData\Local\Temp\detraf_epico4_teste_1gtll2d6\TABELAS_DETRAF_TESTE.db]
2026-08-04 14:14:31.649 | INFO    |test_geracao_agi_controller:test_atualizar_despesa_contestacao_delega_e_devolve_o_resumo:78 - [STEP] Iniciando: GeracaoAgiController.atualizar_despesa_contestacao
2026-08-04 14:14:31.649 | INFO    |src.controllers.geracao_agi_controller:atualizar_despesa_contestacao:90 - [STEP] Iniciando: preparar_atualizacoes_despesa_contestacao
2026-08-04 14:14:31.650 | INFO    |comum.utils.decoradores:wrapper:22 - [HU-19 Despesa Contestação] 1 atualização(ões) preparada(s).
2026-08-04 14:14:31.650 | INFO    |src.controllers.geracao_agi_controller:atualizar_despesa_contestacao:90 - [STEP] Finalizando: preparar_atualizacoes_despesa_contestacao | Tempo gasto: 0.0s
2026-08-04 14:14:31.650 | INFO    |comum.dados.repositorio_cache:obter_tabela:169 - Carregando tabela [tbl_rpa_log_detraf_despesa_contestacao]
2026-08-04 14:14:31.652 | INFO    |comum.dados.repositorio_cache:obter_tabela:169 - Tabela [tbl_rpa_log_detraf_despesa_contestacao] carregada | Linhas: 2 | Colunas: 18
2026-08-04 14:14:31.658 | INFO    |comum.dados.repositorio_tabelas:_atualizar_contestacao_em_lote:864 - 1 linha(s) atualizada(s) em [tbl_rpa_log_detraf_despesa_contestacao].
2026-08-04 14:14:31.658 | INFO    |comum.dados.repositorio_cache:recarregar_cache_local:330 - Carregando tabela [tbl_rpa_log_detraf_despesa_contestacao]
2026-08-04 14:14:31.659 | INFO    |comum.dados.repositorio_cache:recarregar_cache_local:330 - Tabela [tbl_rpa_log_detraf_despesa_contestacao] carregada | Linhas: 2 | Colunas: 18
2026-08-04 14:14:31.660 | INFO    |comum.dados.repositorio_tabelas:atualizar_despesa_contestacao:903 - [HU-19 Despesa Contestação] 1 linha(s) atualizada(s), 0 chave(s) ausente(s).
2026-08-04 14:14:31.660 | INFO    |test_geracao_agi_controller:test_atualizar_despesa_contestacao_delega_e_devolve_o_resumo:78 - [STEP] Finalizando: GeracaoAgiController.atualizar_despesa_contestacao | Tempo gasto: 0.01s
2026-08-04 14:14:31.662 | INFO    |test_geracao_cont_proc:test_df_vazio_retorna_vazio:48 - [STEP] Iniciando: montar_linhas_cont_proc
2026-08-04 14:14:31.663 | INFO    |src.services.geracao_cont_proc:montar_linhas_cont_proc:195 - [STEP] Iniciando: selecionar_linhas_contestadas
2026-08-04 14:14:31.663 | INFO    |src.services.geracao_cont_proc:montar_linhas_cont_proc:195 - [STEP] Finalizando: selecionar_linhas_contestadas | Tempo gasto: 0.0s
2026-08-04 14:14:31.664 | INFO    |test_geracao_cont_proc:test_df_vazio_retorna_vazio:48 - [STEP] Finalizando: montar_linhas_cont_proc | Tempo gasto: 0.0s
2026-08-04 14:14:31.665 | INFO    |test_geracao_cont_proc:test_exclui_linhas_sem_contestacao_a_enviar:56 - [STEP] Iniciando: montar_linhas_cont_proc
2026-08-04 14:14:31.665 | INFO    |src.services.geracao_cont_proc:montar_linhas_cont_proc:195 - [STEP] Iniciando: selecionar_linhas_contestadas
2026-08-04 14:14:31.665 | INFO    |comum.utils.decoradores:wrapper:22 - [HU-16 CONT_PROC] Nenhuma combinação com 'contestacao_a_enviar'=S.
2026-08-04 14:14:31.666 | INFO    |src.services.geracao_cont_proc:montar_linhas_cont_proc:195 - [STEP] Finalizando: selecionar_linhas_contestadas | Tempo gasto: 0.0s
2026-08-04 14:14:31.666 | INFO    |test_geracao_cont_proc:test_exclui_linhas_sem_contestacao_a_enviar:56 - [STEP] Finalizando: montar_linhas_cont_proc | Tempo gasto: 0.0s
2026-08-04 14:14:31.668 | INFO    |test_geracao_cont_proc:test_exclui_linha_com_flag_s_mas_sem_sinal_do_analista:65 - [STEP] Iniciando: montar_linhas_cont_proc
2026-08-04 14:14:31.668 | INFO    |src.services.geracao_cont_proc:montar_linhas_cont_proc:195 - [STEP] Iniciando: selecionar_linhas_contestadas
2026-08-04 14:14:31.669 | INFO    |comum.utils.decoradores:wrapper:22 - [HU-16 CONT_PROC] Nenhuma combinação com sinal do analista (todas 'sem contestação' apesar da variação).
2026-08-04 14:14:31.670 | INFO    |src.services.geracao_cont_proc:montar_linhas_cont_proc:195 - [STEP] Finalizando: selecionar_linhas_contestadas | Tempo gasto: 0.0s
2026-08-04 14:14:31.670 | INFO    |test_geracao_cont_proc:test_exclui_linha_com_flag_s_mas_sem_sinal_do_analista:65 - [STEP] Finalizando: montar_linhas_cont_proc | Tempo gasto: 0.0s
2026-08-04 14:14:31.672 | INFO    |test_geracao_cont_proc:test_flag_pag_rec_com_retencao:73 - [STEP] Iniciando: montar_linhas_cont_proc
2026-08-04 14:14:31.672 | INFO    |src.services.geracao_cont_proc:montar_linhas_cont_proc:195 - [STEP] Iniciando: selecionar_linhas_contestadas
2026-08-04 14:14:31.673 | INFO    |comum.utils.decoradores:wrapper:22 - [HU-16 CONT_PROC] 1 linha(s) contestada(s).
2026-08-04 14:14:31.673 | INFO    |src.services.geracao_cont_proc:montar_linhas_cont_proc:195 - [STEP] Finalizando: selecionar_linhas_contestadas | Tempo gasto: 0.0s
2026-08-04 14:14:31.674 | INFO    |comum.utils.decoradores:wrapper:22 - [HU-16 CONT_PROC] 1 linha(s) montada(s) (T-100+T-101 completos).
2026-08-04 14:14:31.674 | INFO    |test_geracao_cont_proc:test_flag_pag_rec_com_retencao:73 - [STEP] Finalizando: montar_linhas_cont_proc | Tempo gasto: 0.0s
2026-08-04 14:14:31.675 | INFO    |test_geracao_cont_proc:test_flag_pag_rec_sem_retencao:89 - [STEP] Iniciando: montar_linhas_cont_proc
2026-08-04 14:14:31.676 | INFO    |src.services.geracao_cont_proc:montar_linhas_cont_proc:195 - [STEP] Iniciando: selecionar_linhas_contestadas
2026-08-04 14:14:31.677 | INFO    |comum.utils.decoradores:wrapper:22 - [HU-16 CONT_PROC] 1 linha(s) contestada(s).
2026-08-04 14:14:31.677 | INFO    |src.services.geracao_cont_proc:montar_linhas_cont_proc:195 - [STEP] Finalizando: selecionar_linhas_contestadas | Tempo gasto: 0.0s
2026-08-04 14:14:31.678 | INFO    |comum.utils.decoradores:wrapper:22 - [HU-16 CONT_PROC] 1 linha(s) montada(s) (T-100+T-101 completos).
2026-08-04 14:14:31.678 | INFO    |test_geracao_cont_proc:test_flag_pag_rec_sem_retencao:89 - [STEP] Finalizando: montar_linhas_cont_proc | Tempo gasto: 0.0s
2026-08-04 14:14:31.679 | INFO    |test_geracao_cont_proc:test_multiplas_linhas_mistas:105 - [STEP] Iniciando: montar_linhas_cont_proc
2026-08-04 14:14:31.679 | INFO    |src.services.geracao_cont_proc:montar_linhas_cont_proc:195 - [STEP] Iniciando: selecionar_linhas_contestadas
2026-08-04 14:14:31.681 | INFO    |comum.utils.decoradores:wrapper:22 - [HU-16 CONT_PROC] 1 linha(s) contestada(s).
2026-08-04 14:14:31.681 | INFO    |src.services.geracao_cont_proc:montar_linhas_cont_proc:195 - [STEP] Finalizando: selecionar_linhas_contestadas | Tempo gasto: 0.0s
2026-08-04 14:14:31.682 | INFO    |comum.utils.decoradores:wrapper:22 - [HU-16 CONT_PROC] 1 linha(s) montada(s) (T-100+T-101 completos).
2026-08-04 14:14:31.682 | INFO    |test_geracao_cont_proc:test_multiplas_linhas_mistas:105 - [STEP] Finalizando: montar_linhas_cont_proc | Tempo gasto: 0.0s
2026-08-04 14:14:31.683 | INFO    |test_geracao_cont_proc:test_duracao_e_vlr_bruto_sao_negativos_da_diferenca:120 - [STEP] Iniciando: montar_linhas_cont_proc
2026-08-04 14:14:31.684 | INFO    |src.services.geracao_cont_proc:montar_linhas_cont_proc:195 - [STEP] Iniciando: selecionar_linhas_contestadas
2026-08-04 14:14:31.685 | INFO    |comum.utils.decoradores:wrapper:22 - [HU-16 CONT_PROC] 1 linha(s) contestada(s).
2026-08-04 14:14:31.685 | INFO    |src.services.geracao_cont_proc:montar_linhas_cont_proc:195 - [STEP] Finalizando: selecionar_linhas_contestadas | Tempo gasto: 0.0s
2026-08-04 14:14:31.687 | INFO    |comum.utils.decoradores:wrapper:22 - [HU-16 CONT_PROC] 1 linha(s) montada(s) (T-100+T-101 completos).
2026-08-04 14:14:31.687 | INFO    |test_geracao_cont_proc:test_duracao_e_vlr_bruto_sao_negativos_da_diferenca:120 - [STEP] Finalizando: montar_linhas_cont_proc | Tempo gasto: 0.0s
2026-08-04 14:14:31.688 | INFO    |test_geracao_cont_proc:test_remuneracao_fixa_vem_do_contest:131 - [STEP] Iniciando: montar_linhas_cont_proc
2026-08-04 14:14:31.688 | INFO    |src.services.geracao_cont_proc:montar_linhas_cont_proc:195 - [STEP] Iniciando: selecionar_linhas_contestadas
2026-08-04 14:14:31.690 | INFO    |comum.utils.decoradores:wrapper:22 - [HU-16 CONT_PROC] 1 linha(s) contestada(s).
2026-08-04 14:14:31.690 | INFO    |src.services.geracao_cont_proc:montar_linhas_cont_proc:195 - [STEP] Finalizando: selecionar_linhas_contestadas | Tempo gasto: 0.0s
2026-08-04 14:14:31.691 | INFO    |comum.utils.decoradores:wrapper:22 - [HU-16 CONT_PROC] 1 linha(s) montada(s) (T-100+T-101 completos).
2026-08-04 14:14:31.691 | INFO    |test_geracao_cont_proc:test_remuneracao_fixa_vem_do_contest:131 - [STEP] Finalizando: montar_linhas_cont_proc | Tempo gasto: 0.0s
2026-08-04 14:14:31.692 | INFO    |test_geracao_cont_proc:test_id_modalidade_e_sempre_00:142 - [STEP] Iniciando: montar_linhas_cont_proc
2026-08-04 14:14:31.692 | INFO    |src.services.geracao_cont_proc:montar_linhas_cont_proc:195 - [STEP] Iniciando: selecionar_linhas_contestadas
2026-08-04 14:14:31.693 | INFO    |comum.utils.decoradores:wrapper:22 - [HU-16 CONT_PROC] 1 linha(s) contestada(s).
2026-08-04 14:14:31.694 | INFO    |src.services.geracao_cont_proc:montar_linhas_cont_proc:195 - [STEP] Finalizando: selecionar_linhas_contestadas | Tempo gasto: 0.0s
2026-08-04 14:14:31.694 | INFO    |comum.utils.decoradores:wrapper:22 - [HU-16 CONT_PROC] 1 linha(s) montada(s) (T-100+T-101 completos).
2026-08-04 14:14:31.695 | INFO    |test_geracao_cont_proc:test_id_modalidade_e_sempre_00:142 - [STEP] Finalizando: montar_linhas_cont_proc | Tempo gasto: 0.0s
2026-08-04 14:14:31.697 | INFO    |test_geracao_cont_proc:test_gerar_arquivo_nao_grava_quando_vazio:151 - [STEP] Iniciando: gerar_arquivo_cont_proc
2026-08-04 14:14:31.697 | INFO    |comum.utils.decoradores:wrapper:22 - [HU-16 CONT_PROC] Nada a gravar (nenhuma linha a contestar).
2026-08-04 14:14:31.697 | INFO    |test_geracao_cont_proc:test_gerar_arquivo_nao_grava_quando_vazio:151 - [STEP] Finalizando: gerar_arquivo_cont_proc | Tempo gasto: 0.0s
2026-08-04 14:14:31.700 | INFO    |test_geracao_cont_proc:test_gerar_arquivo_grava_no_caminho_e_nome_corretos:161 - [STEP] Iniciando: montar_linhas_cont_proc
2026-08-04 14:14:31.700 | INFO    |src.services.geracao_cont_proc:montar_linhas_cont_proc:195 - [STEP] Iniciando: selecionar_linhas_contestadas
2026-08-04 14:14:31.702 | INFO    |comum.utils.decoradores:wrapper:22 - [HU-16 CONT_PROC] 1 linha(s) contestada(s).
2026-08-04 14:14:31.702 | INFO    |src.services.geracao_cont_proc:montar_linhas_cont_proc:195 - [STEP] Finalizando: selecionar_linhas_contestadas | Tempo gasto: 0.0s
2026-08-04 14:14:31.703 | INFO    |comum.utils.decoradores:wrapper:22 - [HU-16 CONT_PROC] 1 linha(s) montada(s) (T-100+T-101 completos).
2026-08-04 14:14:31.703 | INFO    |test_geracao_cont_proc:test_gerar_arquivo_grava_no_caminho_e_nome_corretos:161 - [STEP] Finalizando: montar_linhas_cont_proc | Tempo gasto: 0.0s
2026-08-04 14:14:31.703 | INFO    |test_geracao_cont_proc:test_gerar_arquivo_grava_no_caminho_e_nome_corretos:163 - [STEP] Iniciando: gerar_arquivo_cont_proc
2026-08-04 14:14:31.711 | INFO    |comum.utils.decoradores:wrapper:22 - [HU-16 CONT_PROC] Arquivo gravado em [C:\Users\btime\AppData\Local\Temp\pytest-of-btime\pytest-298\test_gerar_arquivo_grava_no_ca0\Claro\2025\202507\AGI\CONT_PROC_MASCARA_Claro_202507.xlsx].
2026-08-04 14:14:31.711 | INFO    |test_geracao_cont_proc:test_gerar_arquivo_grava_no_caminho_e_nome_corretos:163 - [STEP] Finalizando: gerar_arquivo_cont_proc | Tempo gasto: 0.01s
2026-08-04 14:14:31.712 | INFO    |test_geracao_cont_proc:test_gate_df_vazio_retorna_vazio_com_o_schema_da_chave:187 - [STEP] Iniciando: selecionar_linhas_contestadas
2026-08-04 14:14:31.713 | INFO    |test_geracao_cont_proc:test_gate_df_vazio_retorna_vazio_com_o_schema_da_chave:187 - [STEP] Finalizando: selecionar_linhas_contestadas | Tempo gasto: 0.0s
2026-08-04 14:14:31.714 | INFO    |test_geracao_cont_proc:test_gate_cenario_sem_contestacao_exclui_linha:199 - [STEP] Iniciando: selecionar_linhas_contestadas
2026-08-04 14:14:31.715 | INFO    |comum.utils.decoradores:wrapper:22 - [HU-16 CONT_PROC] Nenhuma combinação com 'contestacao_a_enviar'=S.
2026-08-04 14:14:31.715 | INFO    |test_geracao_cont_proc:test_gate_cenario_sem_contestacao_exclui_linha:199 - [STEP] Finalizando: selecionar_linhas_contestadas | Tempo gasto: 0.0s
2026-08-04 14:14:31.716 | INFO    |test_geracao_cont_proc:test_gate_flag_s_sem_sinal_do_analista_exclui_linha:207 - [STEP] Iniciando: selecionar_linhas_contestadas
2026-08-04 14:14:31.718 | INFO    |comum.utils.decoradores:wrapper:22 - [HU-16 CONT_PROC] Nenhuma combinação com sinal do analista (todas 'sem contestação' apesar da variação).
2026-08-04 14:14:31.718 | INFO    |test_geracao_cont_proc:test_gate_flag_s_sem_sinal_do_analista_exclui_linha:207 - [STEP] Finalizando: selecionar_linhas_contestadas | Tempo gasto: 0.0s
2026-08-04 14:14:31.720 | INFO    |test_geracao_cont_proc:test_gate_cenarios_sem_e_com_retencao_selecionam_a_linha:215 - [STEP] Iniciando: selecionar_linhas_contestadas
2026-08-04 14:14:31.722 | INFO    |comum.utils.decoradores:wrapper:22 - [HU-16 CONT_PROC] 1 linha(s) contestada(s).
2026-08-04 14:14:31.722 | INFO    |test_geracao_cont_proc:test_gate_cenarios_sem_e_com_retencao_selecionam_a_linha:215 - [STEP] Finalizando: selecionar_linhas_contestadas | Tempo gasto: 0.0s
2026-08-04 14:14:31.723 | INFO    |test_geracao_cont_proc:test_gate_cenarios_sem_e_com_retencao_selecionam_a_linha:215 - [STEP] Iniciando: selecionar_linhas_contestadas
2026-08-04 14:14:31.725 | INFO    |comum.utils.decoradores:wrapper:22 - [HU-16 CONT_PROC] 1 linha(s) contestada(s).
2026-08-04 14:14:31.725 | INFO    |test_geracao_cont_proc:test_gate_cenarios_sem_e_com_retencao_selecionam_a_linha:215 - [STEP] Finalizando: selecionar_linhas_contestadas | Tempo gasto: 0.0s
2026-08-04 14:14:31.726 | INFO    |test_geracao_cont_proc:test_gate_preserva_o_indice_do_contest:239 - [STEP] Iniciando: selecionar_linhas_contestadas
2026-08-04 14:14:31.727 | INFO    |comum.utils.decoradores:wrapper:22 - [HU-16 CONT_PROC] 1 linha(s) contestada(s).
2026-08-04 14:14:31.727 | INFO    |test_geracao_cont_proc:test_gate_preserva_o_indice_do_contest:239 - [STEP] Finalizando: selecionar_linhas_contestadas | Tempo gasto: 0.0s
2026-08-04 14:14:31.728 | INFO    |test_geracao_cont_proc:test_gate_consulta_o_sinal_uma_vez_por_chave_unica:269 - [STEP] Iniciando: selecionar_linhas_contestadas
2026-08-04 14:14:31.730 | INFO    |comum.utils.decoradores:wrapper:22 - [HU-16 CONT_PROC] 3 linha(s) contestada(s).
2026-08-04 14:14:31.730 | INFO    |test_geracao_cont_proc:test_gate_consulta_o_sinal_uma_vez_por_chave_unica:269 - [STEP] Finalizando: selecionar_linhas_contestadas | Tempo gasto: 0.0s
2026-08-04 14:14:31.732 | INFO    |test_geracao_env_carta:test_pasta_inexistente_levanta_erro:31 - [STEP] Iniciando: obter_proximo_numero_carta
2026-08-04 14:14:31.732 | INFO    |test_geracao_env_carta:test_pasta_inexistente_levanta_erro:31 - [STEP] Finalizando: obter_proximo_numero_carta | Tempo gasto: 0.0s
2026-08-04 14:14:31.735 | INFO    |test_geracao_env_carta:test_pasta_vazia_levanta_erro:39 - [STEP] Iniciando: obter_proximo_numero_carta
2026-08-04 14:14:31.736 | INFO    |test_geracao_env_carta:test_pasta_vazia_levanta_erro:39 - [STEP] Finalizando: obter_proximo_numero_carta | Tempo gasto: 0.0s
2026-08-04 14:14:31.739 | INFO    |test_geracao_env_carta:test_pasta_sem_carta_reconhecivel_levanta_erro:50 - [STEP] Iniciando: obter_proximo_numero_carta
2026-08-04 14:14:31.740 | INFO    |test_geracao_env_carta:test_pasta_sem_carta_reconhecivel_levanta_erro:50 - [STEP] Finalizando: obter_proximo_numero_carta | Tempo gasto: 0.0s
2026-08-04 14:14:31.742 | INFO    |test_geracao_env_carta:test_pasta_vazia_com_numero_inicial_configurado:65 - [STEP] Iniciando: obter_proximo_numero_carta
2026-08-04 14:14:31.742 | WARNING |comum.utils.decoradores:wrapper:22 - [HU-14] Nenhuma carta CT em [C:\Users\btime\AppData\Local\Temp\pytest-of-btime\pytest-298\test_pasta_vazia_com_numero_in0\CT\2026] — iniciando a sequência em 500 (CT_NUMERO_INICIAL).
2026-08-04 14:14:31.742 | INFO    |test_geracao_env_carta:test_pasta_vazia_com_numero_inicial_configurado:65 - [STEP] Finalizando: obter_proximo_numero_carta | Tempo gasto: 0.0s
2026-08-04 14:14:31.745 | INFO    |test_geracao_env_carta:test_numero_inicial_nao_sobrepoe_sequencia_existente:78 - [STEP] Iniciando: obter_proximo_numero_carta
2026-08-04 14:14:31.745 | INFO    |comum.utils.decoradores:wrapper:22 - [HU-14] Último número CT encontrado: 362. Próximo: 363.
2026-08-04 14:14:31.745 | INFO    |test_geracao_env_carta:test_numero_inicial_nao_sobrepoe_sequencia_existente:78 - [STEP] Finalizando: obter_proximo_numero_carta | Tempo gasto: 0.0s
2026-08-04 14:14:31.748 | INFO    |test_geracao_env_carta:test_encontra_maior_numero_e_soma_um:87 - [STEP] Iniciando: obter_proximo_numero_carta
2026-08-04 14:14:31.748 | INFO    |comum.utils.decoradores:wrapper:22 - [HU-14] Último número CT encontrado: 362. Próximo: 363.
2026-08-04 14:14:31.749 | INFO    |test_geracao_env_carta:test_encontra_maior_numero_e_soma_um:87 - [STEP] Finalizando: obter_proximo_numero_carta | Tempo gasto: 0.0s
2026-08-04 14:14:31.754 | INFO    |test_geracao_env_carta:test_tolera_variacoes_de_grafia:98 - [STEP] Iniciando: obter_proximo_numero_carta
2026-08-04 14:14:31.755 | INFO    |comum.utils.decoradores:wrapper:22 - [HU-14] Último número CT encontrado: 334. Próximo: 335.
2026-08-04 14:14:31.755 | INFO    |test_geracao_env_carta:test_tolera_variacoes_de_grafia:98 - [STEP] Finalizando: obter_proximo_numero_carta | Tempo gasto: 0.0s
2026-08-04 14:14:31.759 | INFO    |test_geracao_env_carta:test_ignora_arquivos_sem_padrao_ct:107 - [STEP] Iniciando: obter_proximo_numero_carta
2026-08-04 14:14:31.759 | INFO    |comum.utils.decoradores:wrapper:22 - [HU-14] Último número CT encontrado: 100. Próximo: 101.
2026-08-04 14:14:31.759 | INFO    |test_geracao_env_carta:test_ignora_arquivos_sem_padrao_ct:107 - [STEP] Finalizando: obter_proximo_numero_carta | Tempo gasto: 0.0s
2026-08-04 14:14:31.762 | INFO    |src.services.geracao_env_carta:nome_proxima_carta:159 - [STEP] Iniciando: obter_proximo_numero_carta
2026-08-04 14:14:31.762 | INFO    |comum.utils.decoradores:wrapper:22 - [HU-14] Último número CT encontrado: 362. Próximo: 363.
2026-08-04 14:14:31.762 | INFO    |src.services.geracao_env_carta:nome_proxima_carta:159 - [STEP] Finalizando: obter_proximo_numero_carta | Tempo gasto: 0.0s
2026-08-04 14:14:31.764 | INFO    |comum.dados.repositorio_cache:__init__:77 - Inicializando conexão com o banco no ambiente [dev]
2026-08-04 14:14:31.764 | INFO    |comum.dados.repositorio_cache:__init__:77 - Utilizando SQLite local [C:\Users\btime\AppData\Local\Temp\detraf_epico4_teste_1gtll2d6\TABELAS_DETRAF_TESTE.db]
2026-08-04 14:14:31.764 | INFO    |comum.dados.repositorio_cache:obter_tabela:169 - Carregando tabela [tbl_detraf_mapeamento_descritores]
2026-08-04 14:14:31.766 | INFO    |comum.dados.repositorio_cache:obter_tabela:169 - Tabela [tbl_detraf_mapeamento_descritores] carregada | Linhas: 25 | Colunas: 5
2026-08-04 14:14:31.769 | INFO    |test_geracao_env_carta:test_montar_abas_env_vazio_quando_sem_contestacao:168 - [STEP] Iniciando: montar_abas_env
2026-08-04 14:14:31.770 | INFO    |comum.utils.decoradores:wrapper:22 - [HU-14 _ENV] Nenhuma linha contestada — abas ficam vazias.
2026-08-04 14:14:31.770 | INFO    |test_geracao_env_carta:test_montar_abas_env_vazio_quando_sem_contestacao:168 - [STEP] Finalizando: montar_abas_env | Tempo gasto: 0.0s
2026-08-04 14:14:31.773 | INFO    |comum.dados.repositorio_cache:__init__:77 - Inicializando conexão com o banco no ambiente [dev]
2026-08-04 14:14:31.773 | INFO    |comum.dados.repositorio_cache:__init__:77 - Utilizando SQLite local [C:\Users\btime\AppData\Local\Temp\detraf_epico4_teste_1gtll2d6\TABELAS_DETRAF_TESTE.db]
2026-08-04 14:14:31.773 | INFO    |comum.dados.repositorio_cache:obter_tabela:169 - Carregando tabela [tbl_detraf_mapeamento_descritores]
2026-08-04 14:14:31.775 | INFO    |comum.dados.repositorio_cache:obter_tabela:169 - Tabela [tbl_detraf_mapeamento_descritores] carregada | Linhas: 25 | Colunas: 5
2026-08-04 14:14:31.778 | INFO    |test_geracao_env_carta:test_montar_abas_env_exclui_sem_sinal_do_analista:181 - [STEP] Iniciando: montar_abas_env
2026-08-04 14:14:31.779 | INFO    |comum.utils.decoradores:wrapper:22 - [HU-14 _ENV] Nenhuma linha contestada — abas ficam vazias.
2026-08-04 14:14:31.779 | INFO    |test_geracao_env_carta:test_montar_abas_env_exclui_sem_sinal_do_analista:181 - [STEP] Finalizando: montar_abas_env | Tempo gasto: 0.0s
2026-08-04 14:14:31.782 | INFO    |comum.dados.repositorio_cache:__init__:77 - Inicializando conexão com o banco no ambiente [dev]
2026-08-04 14:14:31.782 | INFO    |comum.dados.repositorio_cache:__init__:77 - Utilizando SQLite local [C:\Users\btime\AppData\Local\Temp\detraf_epico4_teste_1gtll2d6\TABELAS_DETRAF_TESTE.db]
2026-08-04 14:14:31.782 | INFO    |comum.dados.repositorio_cache:obter_tabela:169 - Carregando tabela [tbl_detraf_mapeamento_descritores]
2026-08-04 14:14:31.783 | INFO    |comum.dados.repositorio_cache:obter_tabela:169 - Tabela [tbl_detraf_mapeamento_descritores] carregada | Linhas: 25 | Colunas: 5
2026-08-04 14:14:31.787 | INFO    |test_geracao_env_carta:test_montar_abas_env_filtra_contest_e_tbra_corretamente:204 - [STEP] Iniciando: montar_abas_env
2026-08-04 14:14:31.790 | INFO    |comum.utils.decoradores:wrapper:22 - [HU-14 _ENV] Contest: 1 linha(s) contestada(s); TBRA: 1 linha(s) correspondente(s).
2026-08-04 14:14:31.791 | INFO    |test_geracao_env_carta:test_montar_abas_env_filtra_contest_e_tbra_corretamente:204 - [STEP] Finalizando: montar_abas_env | Tempo gasto: 0.0s
2026-08-04 14:14:31.794 | INFO    |test_geracao_env_carta:test_gerar_arquivo_env_nao_grava_quando_vazio:216 - [STEP] Iniciando: gerar_arquivo_env
2026-08-04 14:14:31.794 | INFO    |comum.utils.decoradores:wrapper:22 - [HU-14 _ENV] Nada a gravar (nenhuma linha contestada).
2026-08-04 14:14:31.794 | INFO    |test_geracao_env_carta:test_gerar_arquivo_env_nao_grava_quando_vazio:216 - [STEP] Finalizando: gerar_arquivo_env | Tempo gasto: 0.0s
2026-08-04 14:14:31.797 | INFO    |comum.dados.repositorio_cache:__init__:77 - Inicializando conexão com o banco no ambiente [dev]
2026-08-04 14:14:31.797 | INFO    |comum.dados.repositorio_cache:__init__:77 - Utilizando SQLite local [C:\Users\btime\AppData\Local\Temp\detraf_epico4_teste_1gtll2d6\TABELAS_DETRAF_TESTE.db]
2026-08-04 14:14:31.797 | INFO    |comum.dados.repositorio_cache:obter_tabela:169 - Carregando tabela [tbl_detraf_mapeamento_descritores]
2026-08-04 14:14:31.799 | INFO    |comum.dados.repositorio_cache:obter_tabela:169 - Tabela [tbl_detraf_mapeamento_descritores] carregada | Linhas: 25 | Colunas: 5
2026-08-04 14:14:31.802 | INFO    |test_geracao_env_carta:test_gerar_arquivo_env_grava_no_caminho_e_nome_corretos:228 - [STEP] Iniciando: montar_abas_env
2026-08-04 14:14:31.806 | INFO    |comum.utils.decoradores:wrapper:22 - [HU-14 _ENV] Contest: 1 linha(s) contestada(s); TBRA: 1 linha(s) correspondente(s).
2026-08-04 14:14:31.806 | INFO    |test_geracao_env_carta:test_gerar_arquivo_env_grava_no_caminho_e_nome_corretos:228 - [STEP] Finalizando: montar_abas_env | Tempo gasto: 0.0s
2026-08-04 14:14:31.806 | INFO    |test_geracao_env_carta:test_gerar_arquivo_env_grava_no_caminho_e_nome_corretos:231 - [STEP] Iniciando: gerar_arquivo_env
2026-08-04 14:14:31.814 | INFO    |comum.utils.decoradores:wrapper:22 - [HU-14 _ENV] Arquivo gravado em [C:\Users\btime\AppData\Local\Temp\pytest-of-btime\pytest-298\test_gerar_arquivo_env_grava_n0\Claro\2025\202507\Contestações\Base Contestação_Claro_202507_ENV.xlsx].
2026-08-04 14:14:31.814 | INFO    |test_geracao_env_carta:test_gerar_arquivo_env_grava_no_caminho_e_nome_corretos:231 - [STEP] Finalizando: gerar_arquivo_env | Tempo gasto: 0.01s
2026-08-04 14:14:31.822 | INFO    |test_geracao_env_carta:test_montar_tabelas_carta_vazio:280 - [STEP] Iniciando: montar_tabelas_carta
2026-08-04 14:14:31.822 | INFO    |test_geracao_env_carta:test_montar_tabelas_carta_vazio:280 - [STEP] Finalizando: montar_tabelas_carta | Tempo gasto: 0.0s
2026-08-04 14:14:31.823 | INFO    |test_geracao_env_carta:test_montar_tabelas_carta_agrupa_por_remuneracao:291 - [STEP] Iniciando: montar_tabelas_carta
2026-08-04 14:14:31.826 | INFO    |comum.utils.decoradores:wrapper:22 - [HU-14 Carta] 2 tabela(s) de remuneração montada(s).
2026-08-04 14:14:31.826 | INFO    |test_geracao_env_carta:test_montar_tabelas_carta_agrupa_por_remuneracao:291 - [STEP] Finalizando: montar_tabelas_carta | Tempo gasto: 0.0s
2026-08-04 14:14:31.828 | INFO    |test_geracao_env_carta:test_montar_tabelas_carta_linha_total_soma_valores_numericos:306 - [STEP] Iniciando: montar_tabelas_carta
2026-08-04 14:14:31.830 | INFO    |comum.utils.decoradores:wrapper:22 - [HU-14 Carta] 1 tabela(s) de remuneração montada(s).
2026-08-04 14:14:31.830 | INFO    |test_geracao_env_carta:test_montar_tabelas_carta_linha_total_soma_valores_numericos:306 - [STEP] Finalizando: montar_tabelas_carta | Tempo gasto: 0.0s
2026-08-04 14:14:31.831 | INFO    |test_geracao_env_carta:test_montar_tabelas_carta_variacao_perc_em_branco_no_total:317 - [STEP] Iniciando: montar_tabelas_carta
2026-08-04 14:14:31.833 | INFO    |comum.utils.decoradores:wrapper:22 - [HU-14 Carta] 1 tabela(s) de remuneração montada(s).
2026-08-04 14:14:31.833 | INFO    |test_geracao_env_carta:test_montar_tabelas_carta_variacao_perc_em_branco_no_total:317 - [STEP] Finalizando: montar_tabelas_carta | Tempo gasto: 0.0s
2026-08-04 14:14:31.834 | INFO    |test_geracao_env_carta:test_montar_tabelas_carta_nao_inclui_coluna_contestacao_a_enviar:327 - [STEP] Iniciando: montar_tabelas_carta
2026-08-04 14:14:31.840 | INFO    |comum.utils.decoradores:wrapper:22 - [HU-14 Carta] 1 tabela(s) de remuneração montada(s).
2026-08-04 14:14:31.841 | INFO    |test_geracao_env_carta:test_montar_tabelas_carta_nao_inclui_coluna_contestacao_a_enviar:327 - [STEP] Finalizando: montar_tabelas_carta | Tempo gasto: 0.01s
2026-08-04 14:14:31.842 | INFO    |test_geracao_env_carta:test_montar_tabelas_carta_expoe_tipo_operacao_quando_uniforme:337 - [STEP] Iniciando: montar_tabelas_carta
2026-08-04 14:14:31.844 | INFO    |comum.utils.decoradores:wrapper:22 - [HU-14 Carta] 1 tabela(s) de remuneração montada(s).
2026-08-04 14:14:31.844 | INFO    |test_geracao_env_carta:test_montar_tabelas_carta_expoe_tipo_operacao_quando_uniforme:337 - [STEP] Finalizando: montar_tabelas_carta | Tempo gasto: 0.0s
2026-08-04 14:14:31.847 | INFO    |test_geracao_env_carta:test_renderizar_carta_conteudo_basico:363 - [STEP] Iniciando: montar_tabelas_carta
2026-08-04 14:14:31.849 | INFO    |comum.utils.decoradores:wrapper:22 - [HU-14 Carta] 1 tabela(s) de remuneração montada(s).
2026-08-04 14:14:31.849 | INFO    |test_geracao_env_carta:test_renderizar_carta_conteudo_basico:363 - [STEP] Finalizando: montar_tabelas_carta | Tempo gasto: 0.0s
2026-08-04 14:14:31.849 | INFO    |test_geracao_env_carta:test_renderizar_carta_conteudo_basico:367 - [STEP] Iniciando: renderizar_carta
2026-08-04 14:14:31.862 | INFO    |comum.utils.decoradores:wrapper:22 - [HU-14 Carta] Carta CT-363 renderizada (1 tabela(s)).
2026-08-04 14:14:31.862 | INFO    |test_geracao_env_carta:test_renderizar_carta_conteudo_basico:367 - [STEP] Finalizando: renderizar_carta | Tempo gasto: 0.01s
2026-08-04 14:14:31.864 | INFO    |test_geracao_env_carta:test_renderizar_carta_texto_com_retencao:386 - [STEP] Iniciando: montar_tabelas_carta
2026-08-04 14:14:31.866 | INFO    |comum.utils.decoradores:wrapper:22 - [HU-14 Carta] 1 tabela(s) de remuneração montada(s).
2026-08-04 14:14:31.866 | INFO    |test_geracao_env_carta:test_renderizar_carta_texto_com_retencao:386 - [STEP] Finalizando: montar_tabelas_carta | Tempo gasto: 0.0s
2026-08-04 14:14:31.867 | INFO    |test_geracao_env_carta:test_renderizar_carta_texto_com_retencao:390 - [STEP] Iniciando: renderizar_carta
2026-08-04 14:14:31.877 | INFO    |comum.utils.decoradores:wrapper:22 - [HU-14 Carta] Carta CT-1 renderizada (1 tabela(s)).
2026-08-04 14:14:31.878 | INFO    |test_geracao_env_carta:test_renderizar_carta_texto_com_retencao:390 - [STEP] Finalizando: renderizar_carta | Tempo gasto: 0.01s
2026-08-04 14:14:31.880 | INFO    |test_geracao_env_carta:test_renderizar_carta_sem_cidade_usa_padrao_sao_paulo:406 - [STEP] Iniciando: montar_tabelas_carta
2026-08-04 14:14:31.882 | INFO    |comum.utils.decoradores:wrapper:22 - [HU-14 Carta] 1 tabela(s) de remuneração montada(s).
2026-08-04 14:14:31.882 | INFO    |test_geracao_env_carta:test_renderizar_carta_sem_cidade_usa_padrao_sao_paulo:406 - [STEP] Finalizando: montar_tabelas_carta | Tempo gasto: 0.0s
2026-08-04 14:14:31.882 | INFO    |test_geracao_env_carta:test_renderizar_carta_sem_cidade_usa_padrao_sao_paulo:410 - [STEP] Iniciando: renderizar_carta
2026-08-04 14:14:31.894 | INFO    |comum.utils.decoradores:wrapper:22 - [HU-14 Carta] Carta CT-1 renderizada (1 tabela(s)).
2026-08-04 14:14:31.895 | INFO    |test_geracao_env_carta:test_renderizar_carta_sem_cidade_usa_padrao_sao_paulo:410 - [STEP] Finalizando: renderizar_carta | Tempo gasto: 0.01s
2026-08-04 14:14:31.897 | INFO    |test_geracao_env_carta:test_renderizar_carta_aceita_override_de_cidade:424 - [STEP] Iniciando: montar_tabelas_carta
2026-08-04 14:14:31.899 | INFO    |comum.utils.decoradores:wrapper:22 - [HU-14 Carta] 1 tabela(s) de remuneração montada(s).
2026-08-04 14:14:31.899 | INFO    |test_geracao_env_carta:test_renderizar_carta_aceita_override_de_cidade:424 - [STEP] Finalizando: montar_tabelas_carta | Tempo gasto: 0.0s
2026-08-04 14:14:31.899 | INFO    |test_geracao_env_carta:test_renderizar_carta_aceita_override_de_cidade:428 - [STEP] Iniciando: renderizar_carta
2026-08-04 14:14:31.910 | INFO    |comum.utils.decoradores:wrapper:22 - [HU-14 Carta] Carta CT-1 renderizada (1 tabela(s)).
2026-08-04 14:14:31.911 | INFO    |test_geracao_env_carta:test_renderizar_carta_aceita_override_de_cidade:428 - [STEP] Finalizando: renderizar_carta | Tempo gasto: 0.01s
2026-08-04 14:14:31.914 | INFO    |test_geracao_env_carta:test_gerar_arquivo_carta_grava_no_caminho_e_nome_corretos:446 - [STEP] Iniciando: montar_tabelas_carta
2026-08-04 14:14:31.916 | INFO    |comum.utils.decoradores:wrapper:22 - [HU-14 Carta] 1 tabela(s) de remuneração montada(s).
2026-08-04 14:14:31.917 | INFO    |test_geracao_env_carta:test_gerar_arquivo_carta_grava_no_caminho_e_nome_corretos:446 - [STEP] Finalizando: montar_tabelas_carta | Tempo gasto: 0.0s
2026-08-04 14:14:31.917 | INFO    |test_geracao_env_carta:test_gerar_arquivo_carta_grava_no_caminho_e_nome_corretos:449 - [STEP] Iniciando: renderizar_carta
2026-08-04 14:14:31.928 | INFO    |comum.utils.decoradores:wrapper:22 - [HU-14 Carta] Carta CT-363 renderizada (1 tabela(s)).
2026-08-04 14:14:31.928 | INFO    |test_geracao_env_carta:test_gerar_arquivo_carta_grava_no_caminho_e_nome_corretos:449 - [STEP] Finalizando: renderizar_carta | Tempo gasto: 0.01s
2026-08-04 14:14:31.928 | INFO    |test_geracao_env_carta:test_gerar_arquivo_carta_grava_no_caminho_e_nome_corretos:459 - [STEP] Iniciando: gerar_arquivo_carta
2026-08-04 14:14:31.939 | INFO    |comum.utils.decoradores:wrapper:22 - [HU-14 Carta] Carta gravada em [C:\Users\btime\AppData\Local\Temp\pytest-of-btime\pytest-298\test_gerar_arquivo_carta_grava0\operadoras\Claro\2026\202606\Contestações\CT - 363.docx], cópia em [C:\Users\btime\AppData\Local\Temp\pytest-of-btime\pytest-298\test_gerar_arquivo_carta_grava0\controle_ct\2026\CT - 363.docx].
2026-08-04 14:14:31.939 | INFO    |test_geracao_env_carta:test_gerar_arquivo_carta_grava_no_caminho_e_nome_corretos:459 - [STEP] Finalizando: gerar_arquivo_carta | Tempo gasto: 0.01s
2026-08-04 14:14:31.942 | INFO    |test_geracao_env_carta:test_gerar_arquivo_carta_salva_copia_em_controle_ct:474 - [STEP] Iniciando: montar_tabelas_carta
2026-08-04 14:14:31.944 | INFO    |comum.utils.decoradores:wrapper:22 - [HU-14 Carta] 1 tabela(s) de remuneração montada(s).
2026-08-04 14:14:31.944 | INFO    |test_geracao_env_carta:test_gerar_arquivo_carta_salva_copia_em_controle_ct:474 - [STEP] Finalizando: montar_tabelas_carta | Tempo gasto: 0.0s
2026-08-04 14:14:31.944 | INFO    |test_geracao_env_carta:test_gerar_arquivo_carta_salva_copia_em_controle_ct:477 - [STEP] Iniciando: renderizar_carta
2026-08-04 14:14:31.956 | INFO    |comum.utils.decoradores:wrapper:22 - [HU-14 Carta] Carta CT-363 renderizada (1 tabela(s)).
2026-08-04 14:14:31.956 | INFO    |test_geracao_env_carta:test_gerar_arquivo_carta_salva_copia_em_controle_ct:477 - [STEP] Finalizando: renderizar_carta | Tempo gasto: 0.01s
2026-08-04 14:14:31.957 | INFO    |test_geracao_env_carta:test_gerar_arquivo_carta_salva_copia_em_controle_ct:487 - [STEP] Iniciando: gerar_arquivo_carta
2026-08-04 14:14:31.966 | INFO    |comum.utils.decoradores:wrapper:22 - [HU-14 Carta] Carta gravada em [C:\Users\btime\AppData\Local\Temp\pytest-of-btime\pytest-298\test_gerar_arquivo_carta_salva0\operadoras\Claro\2026\202606\Contestações\CT - 363.docx], cópia em [C:\Users\btime\AppData\Local\Temp\pytest-of-btime\pytest-298\test_gerar_arquivo_carta_salva0\controle_ct\2026\CT - 363.docx].
2026-08-04 14:14:31.966 | INFO    |test_geracao_env_carta:test_gerar_arquivo_carta_salva_copia_em_controle_ct:487 - [STEP] Finalizando: gerar_arquivo_carta | Tempo gasto: 0.01s
2026-08-04 14:14:31.975 | INFO    |comum.dados.repositorio_cache:__init__:77 - Inicializando conexão com o banco no ambiente [dev]
2026-08-04 14:14:31.975 | INFO    |comum.dados.repositorio_cache:__init__:77 - Utilizando SQLite local [C:\Users\btime\AppData\Local\Temp\detraf_epico4_teste_1gtll2d6\TABELAS_DETRAF_TESTE.db]
2026-08-04 14:14:31.976 | INFO    |comum.dados.repositorio_cache:obter_tabela:169 - Carregando tabela [tbl_detraf_mapeamento_descritores]
2026-08-04 14:14:31.977 | INFO    |comum.dados.repositorio_cache:obter_tabela:169 - Tabela [tbl_detraf_mapeamento_descritores] carregada | Linhas: 25 | Colunas: 5
2026-08-04 14:14:31.980 | INFO    |test_geracao_ext:test_montar_linhas_ext_vazio_retorna_vazio:44 - [STEP] Iniciando: montar_linhas_ext
2026-08-04 14:14:31.980 | INFO    |test_geracao_ext:test_montar_linhas_ext_vazio_retorna_vazio:44 - [STEP] Finalizando: montar_linhas_ext | Tempo gasto: 0.0s
2026-08-04 14:14:31.983 | INFO    |comum.dados.repositorio_cache:__init__:77 - Inicializando conexão com o banco no ambiente [dev]
2026-08-04 14:14:31.983 | INFO    |comum.dados.repositorio_cache:__init__:77 - Utilizando SQLite local [C:\Users\btime\AppData\Local\Temp\detraf_epico4_teste_1gtll2d6\TABELAS_DETRAF_TESTE.db]
2026-08-04 14:14:31.983 | INFO    |comum.dados.repositorio_cache:obter_tabela:169 - Carregando tabela [tbl_detraf_mapeamento_descritores]
2026-08-04 14:14:31.985 | INFO    |comum.dados.repositorio_cache:obter_tabela:169 - Tabela [tbl_detraf_mapeamento_descritores] carregada | Linhas: 25 | Colunas: 5
2026-08-04 14:14:31.988 | INFO    |test_geracao_ext:test_montar_linhas_ext_cenario_sem_contestacao:54 - [STEP] Iniciando: montar_linhas_ext
2026-08-04 14:14:31.991 | INFO    |comum.utils.decoradores:wrapper:22 - [HU-12 EXT] 1 linha(s) montada(s).
2026-08-04 14:14:31.992 | INFO    |test_geracao_ext:test_montar_linhas_ext_cenario_sem_contestacao:54 - [STEP] Finalizando: montar_linhas_ext | Tempo gasto: 0.0s
2026-08-04 14:14:31.994 | INFO    |comum.dados.repositorio_cache:__init__:77 - Inicializando conexão com o banco no ambiente [dev]
2026-08-04 14:14:31.994 | INFO    |comum.dados.repositorio_cache:__init__:77 - Utilizando SQLite local [C:\Users\btime\AppData\Local\Temp\detraf_epico4_teste_1gtll2d6\TABELAS_DETRAF_TESTE.db]
2026-08-04 14:14:31.995 | INFO    |comum.dados.repositorio_cache:obter_tabela:169 - Carregando tabela [tbl_detraf_mapeamento_descritores]
2026-08-04 14:14:31.996 | INFO    |comum.dados.repositorio_cache:obter_tabela:169 - Tabela [tbl_detraf_mapeamento_descritores] carregada | Linhas: 25 | Colunas: 5
2026-08-04 14:14:31.999 | INFO    |test_geracao_ext:test_montar_linhas_ext_cenario_sem_retencao:69 - [STEP] Iniciando: montar_linhas_ext
2026-08-04 14:14:32.002 | INFO    |comum.utils.decoradores:wrapper:22 - [HU-12 EXT] 1 linha(s) montada(s).
2026-08-04 14:14:32.002 | INFO    |test_geracao_ext:test_montar_linhas_ext_cenario_sem_retencao:69 - [STEP] Finalizando: montar_linhas_ext | Tempo gasto: 0.0s
2026-08-04 14:14:32.005 | INFO    |comum.dados.repositorio_cache:__init__:77 - Inicializando conexão com o banco no ambiente [dev]
2026-08-04 14:14:32.006 | INFO    |comum.dados.repositorio_cache:__init__:77 - Utilizando SQLite local [C:\Users\btime\AppData\Local\Temp\detraf_epico4_teste_1gtll2d6\TABELAS_DETRAF_TESTE.db]
2026-08-04 14:14:32.006 | INFO    |comum.dados.repositorio_cache:obter_tabela:169 - Carregando tabela [tbl_detraf_mapeamento_descritores]
2026-08-04 14:14:32.008 | INFO    |comum.dados.repositorio_cache:obter_tabela:169 - Tabela [tbl_detraf_mapeamento_descritores] carregada | Linhas: 25 | Colunas: 5
2026-08-04 14:14:32.010 | INFO    |test_geracao_ext:test_montar_linhas_ext_cenario_com_retencao:80 - [STEP] Iniciando: montar_linhas_ext
2026-08-04 14:14:32.013 | INFO    |comum.utils.decoradores:wrapper:22 - [HU-12 EXT] 1 linha(s) montada(s).
2026-08-04 14:14:32.013 | INFO    |test_geracao_ext:test_montar_linhas_ext_cenario_com_retencao:80 - [STEP] Finalizando: montar_linhas_ext | Tempo gasto: 0.0s
2026-08-04 14:14:32.016 | INFO    |comum.dados.repositorio_cache:__init__:77 - Inicializando conexão com o banco no ambiente [dev]
2026-08-04 14:14:32.016 | INFO    |comum.dados.repositorio_cache:__init__:77 - Utilizando SQLite local [C:\Users\btime\AppData\Local\Temp\detraf_epico4_teste_1gtll2d6\TABELAS_DETRAF_TESTE.db]
2026-08-04 14:14:32.016 | INFO    |comum.dados.repositorio_cache:obter_tabela:169 - Carregando tabela [tbl_detraf_mapeamento_descritores]
2026-08-04 14:14:32.018 | INFO    |comum.dados.repositorio_cache:obter_tabela:169 - Tabela [tbl_detraf_mapeamento_descritores] carregada | Linhas: 25 | Colunas: 5
2026-08-04 14:14:32.021 | INFO    |test_geracao_ext:test_montar_linhas_ext_descritor_nao_mapeado_mantem_linha:93 - [STEP] Iniciando: montar_linhas_ext
2026-08-04 14:14:32.024 | INFO    |comum.utils.decoradores:wrapper:22 - [HU-12 EXT] 1 linha(s) montada(s).
2026-08-04 14:14:32.024 | INFO    |test_geracao_ext:test_montar_linhas_ext_descritor_nao_mapeado_mantem_linha:93 - [STEP] Finalizando: montar_linhas_ext | Tempo gasto: 0.0s
2026-08-04 14:14:32.027 | INFO    |comum.dados.repositorio_cache:__init__:77 - Inicializando conexão com o banco no ambiente [dev]
2026-08-04 14:14:32.027 | INFO    |comum.dados.repositorio_cache:__init__:77 - Utilizando SQLite local [C:\Users\btime\AppData\Local\Temp\detraf_epico4_teste_1gtll2d6\TABELAS_DETRAF_TESTE.db]
2026-08-04 14:14:32.028 | INFO    |comum.dados.repositorio_cache:obter_tabela:169 - Carregando tabela [tbl_detraf_mapeamento_descritores]
2026-08-04 14:14:32.029 | INFO    |comum.dados.repositorio_cache:obter_tabela:169 - Tabela [tbl_detraf_mapeamento_descritores] carregada | Linhas: 25 | Colunas: 5
2026-08-04 14:14:32.032 | INFO    |test_geracao_ext:test_montar_linhas_ext_mesmo_grupo_compartilha_expectativa:114 - [STEP] Iniciando: montar_linhas_ext
2026-08-04 14:14:32.035 | INFO    |comum.utils.decoradores:wrapper:22 - [HU-12 EXT] 2 linha(s) montada(s).
2026-08-04 14:14:32.035 | INFO    |test_geracao_ext:test_montar_linhas_ext_mesmo_grupo_compartilha_expectativa:114 - [STEP] Finalizando: montar_linhas_ext | Tempo gasto: 0.0s
2026-08-04 14:14:32.039 | INFO    |comum.dados.repositorio_cache:__init__:77 - Inicializando conexão com o banco no ambiente [dev]
2026-08-04 14:14:32.039 | INFO    |comum.dados.repositorio_cache:__init__:77 - Utilizando SQLite local [C:\Users\btime\AppData\Local\Temp\detraf_epico4_teste_1gtll2d6\TABELAS_DETRAF_TESTE.db]
2026-08-04 14:14:32.039 | INFO    |comum.dados.repositorio_cache:obter_tabela:169 - Carregando tabela [tbl_detraf_mapeamento_descritores]
2026-08-04 14:14:32.041 | INFO    |comum.dados.repositorio_cache:obter_tabela:169 - Tabela [tbl_detraf_mapeamento_descritores] carregada | Linhas: 25 | Colunas: 5
2026-08-04 14:14:32.043 | INFO    |test_geracao_ext:test_gerar_arquivo_ext_grava_no_caminho_e_nome_corretos:121 - [STEP] Iniciando: montar_linhas_ext
2026-08-04 14:14:32.046 | INFO    |comum.utils.decoradores:wrapper:22 - [HU-12 EXT] 1 linha(s) montada(s).
2026-08-04 14:14:32.047 | INFO    |test_geracao_ext:test_gerar_arquivo_ext_grava_no_caminho_e_nome_corretos:121 - [STEP] Finalizando: montar_linhas_ext | Tempo gasto: 0.0s
2026-08-04 14:14:32.047 | INFO    |test_geracao_ext:test_gerar_arquivo_ext_grava_no_caminho_e_nome_corretos:125 - [STEP] Iniciando: gerar_arquivo_ext
2026-08-04 14:14:32.055 | INFO    |comum.utils.decoradores:wrapper:22 - [HU-12 EXT] Arquivo gravado em [C:\Users\btime\AppData\Local\Temp\pytest-of-btime\pytest-298\test_gerar_arquivo_ext_grava_n0\Claro\2025\202507\AGI\DE_AGI_D_202507_TBRA_X_CLARO_EXT.xlsx].
2026-08-04 14:14:32.055 | INFO    |test_geracao_ext:test_gerar_arquivo_ext_grava_no_caminho_e_nome_corretos:125 - [STEP] Finalizando: gerar_arquivo_ext | Tempo gasto: 0.01s
2026-08-04 14:14:32.061 | INFO    |comum.dados.repositorio_cache:__init__:77 - Inicializando conexão com o banco no ambiente [dev]
2026-08-04 14:14:32.062 | INFO    |comum.dados.repositorio_cache:__init__:77 - Utilizando SQLite local [C:\Users\btime\AppData\Local\Temp\detraf_epico4_teste_1gtll2d6\TABELAS_DETRAF_TESTE.db]
2026-08-04 14:14:32.062 | INFO    |comum.dados.repositorio_cache:obter_tabela:169 - Carregando tabela [tbl_detraf_mapeamento_descritores]
2026-08-04 14:14:32.064 | INFO    |comum.dados.repositorio_cache:obter_tabela:169 - Tabela [tbl_detraf_mapeamento_descritores] carregada | Linhas: 25 | Colunas: 5
2026-08-04 14:14:32.066 | INFO    |test_geracao_int:test_montar_linhas_int_vazio_retorna_vazio:43 - [STEP] Iniciando: montar_linhas_int
2026-08-04 14:14:32.067 | INFO    |test_geracao_int:test_montar_linhas_int_vazio_retorna_vazio:43 - [STEP] Finalizando: montar_linhas_int | Tempo gasto: 0.0s
2026-08-04 14:14:32.069 | INFO    |comum.dados.repositorio_cache:__init__:77 - Inicializando conexão com o banco no ambiente [dev]
2026-08-04 14:14:32.069 | INFO    |comum.dados.repositorio_cache:__init__:77 - Utilizando SQLite local [C:\Users\btime\AppData\Local\Temp\detraf_epico4_teste_1gtll2d6\TABELAS_DETRAF_TESTE.db]
2026-08-04 14:14:32.070 | INFO    |comum.dados.repositorio_cache:obter_tabela:169 - Carregando tabela [tbl_detraf_mapeamento_descritores]
2026-08-04 14:14:32.071 | INFO    |comum.dados.repositorio_cache:obter_tabela:169 - Tabela [tbl_detraf_mapeamento_descritores] carregada | Linhas: 25 | Colunas: 5
2026-08-04 14:14:32.074 | INFO    |test_geracao_int:test_montar_linhas_int_cenario_sem_contestacao_fica_vazio:53 - [STEP] Iniciando: montar_linhas_int
2026-08-04 14:14:32.077 | INFO    |comum.utils.decoradores:wrapper:22 - [HU-13 INT] Nenhuma linha COM retenção — INT não se aplica a este cenário.
2026-08-04 14:14:32.077 | INFO    |test_geracao_int:test_montar_linhas_int_cenario_sem_contestacao_fica_vazio:53 - [STEP] Finalizando: montar_linhas_int | Tempo gasto: 0.0s
2026-08-04 14:14:32.079 | INFO    |comum.dados.repositorio_cache:__init__:77 - Inicializando conexão com o banco no ambiente [dev]
2026-08-04 14:14:32.080 | INFO    |comum.dados.repositorio_cache:__init__:77 - Utilizando SQLite local [C:\Users\btime\AppData\Local\Temp\detraf_epico4_teste_1gtll2d6\TABELAS_DETRAF_TESTE.db]
2026-08-04 14:14:32.080 | INFO    |comum.dados.repositorio_cache:obter_tabela:169 - Carregando tabela [tbl_detraf_mapeamento_descritores]
2026-08-04 14:14:32.081 | INFO    |comum.dados.repositorio_cache:obter_tabela:169 - Tabela [tbl_detraf_mapeamento_descritores] carregada | Linhas: 25 | Colunas: 5
2026-08-04 14:14:32.084 | INFO    |test_geracao_int:test_montar_linhas_int_cenario_sem_retencao_fica_vazio:62 - [STEP] Iniciando: montar_linhas_int
2026-08-04 14:14:32.087 | INFO    |comum.utils.decoradores:wrapper:22 - [HU-13 INT] Nenhuma linha COM retenção — INT não se aplica a este cenário.
2026-08-04 14:14:32.087 | INFO    |test_geracao_int:test_montar_linhas_int_cenario_sem_retencao_fica_vazio:62 - [STEP] Finalizando: montar_linhas_int | Tempo gasto: 0.0s
2026-08-04 14:14:32.089 | INFO    |comum.dados.repositorio_cache:__init__:77 - Inicializando conexão com o banco no ambiente [dev]
2026-08-04 14:14:32.090 | INFO    |comum.dados.repositorio_cache:__init__:77 - Utilizando SQLite local [C:\Users\btime\AppData\Local\Temp\detraf_epico4_teste_1gtll2d6\TABELAS_DETRAF_TESTE.db]
2026-08-04 14:14:32.090 | INFO    |comum.dados.repositorio_cache:obter_tabela:169 - Carregando tabela [tbl_detraf_mapeamento_descritores]
2026-08-04 14:14:32.091 | INFO    |comum.dados.repositorio_cache:obter_tabela:169 - Tabela [tbl_detraf_mapeamento_descritores] carregada | Linhas: 25 | Colunas: 5
2026-08-04 14:14:32.094 | INFO    |test_geracao_int:test_montar_linhas_int_cenario_com_retencao_preenche_linhas:71 - [STEP] Iniciando: montar_linhas_int
2026-08-04 14:14:32.097 | INFO    |comum.utils.decoradores:wrapper:22 - [HU-13 INT] 1 linha(s) montada(s) (COM retenção).
2026-08-04 14:14:32.097 | INFO    |test_geracao_int:test_montar_linhas_int_cenario_com_retencao_preenche_linhas:71 - [STEP] Finalizando: montar_linhas_int | Tempo gasto: 0.0s
2026-08-04 14:14:32.099 | INFO    |comum.dados.repositorio_cache:__init__:77 - Inicializando conexão com o banco no ambiente [dev]
2026-08-04 14:14:32.099 | INFO    |comum.dados.repositorio_cache:__init__:77 - Utilizando SQLite local [C:\Users\btime\AppData\Local\Temp\detraf_epico4_teste_1gtll2d6\TABELAS_DETRAF_TESTE.db]
2026-08-04 14:14:32.100 | INFO    |comum.dados.repositorio_cache:obter_tabela:169 - Carregando tabela [tbl_detraf_mapeamento_descritores]
2026-08-04 14:14:32.101 | INFO    |comum.dados.repositorio_cache:obter_tabela:169 - Tabela [tbl_detraf_mapeamento_descritores] carregada | Linhas: 25 | Colunas: 5
2026-08-04 14:14:32.105 | INFO    |test_geracao_int:test_montar_linhas_int_filtra_apenas_com_retencao:95 - [STEP] Iniciando: montar_linhas_int
2026-08-04 14:14:32.108 | INFO    |comum.utils.decoradores:wrapper:22 - [HU-13 INT] 1 linha(s) montada(s) (COM retenção).
2026-08-04 14:14:32.108 | INFO    |test_geracao_int:test_montar_linhas_int_filtra_apenas_com_retencao:95 - [STEP] Finalizando: montar_linhas_int | Tempo gasto: 0.0s
2026-08-04 14:14:32.112 | INFO    |test_geracao_int:test_gerar_arquivo_int_nao_grava_quando_vazio:102 - [STEP] Iniciando: gerar_arquivo_int
2026-08-04 14:14:32.112 | INFO    |comum.utils.decoradores:wrapper:22 - [HU-13 INT] Nada a gravar (sem linhas COM retenção) — arquivo não criado.
2026-08-04 14:14:32.112 | INFO    |test_geracao_int:test_gerar_arquivo_int_nao_grava_quando_vazio:102 - [STEP] Finalizando: gerar_arquivo_int | Tempo gasto: 0.0s
2026-08-04 14:14:32.115 | INFO    |comum.dados.repositorio_cache:__init__:77 - Inicializando conexão com o banco no ambiente [dev]
2026-08-04 14:14:32.115 | INFO    |comum.dados.repositorio_cache:__init__:77 - Utilizando SQLite local [C:\Users\btime\AppData\Local\Temp\detraf_epico4_teste_1gtll2d6\TABELAS_DETRAF_TESTE.db]
2026-08-04 14:14:32.115 | INFO    |comum.dados.repositorio_cache:obter_tabela:169 - Carregando tabela [tbl_detraf_mapeamento_descritores]
2026-08-04 14:14:32.117 | INFO    |comum.dados.repositorio_cache:obter_tabela:169 - Tabela [tbl_detraf_mapeamento_descritores] carregada | Linhas: 25 | Colunas: 5
2026-08-04 14:14:32.120 | INFO    |test_geracao_int:test_gerar_arquivo_int_grava_no_caminho_e_nome_corretos:110 - [STEP] Iniciando: montar_linhas_int
2026-08-04 14:14:32.123 | INFO    |comum.utils.decoradores:wrapper:22 - [HU-13 INT] 1 linha(s) montada(s) (COM retenção).
2026-08-04 14:14:32.123 | INFO    |test_geracao_int:test_gerar_arquivo_int_grava_no_caminho_e_nome_corretos:110 - [STEP] Finalizando: montar_linhas_int | Tempo gasto: 0.0s
2026-08-04 14:14:32.124 | INFO    |test_geracao_int:test_gerar_arquivo_int_grava_no_caminho_e_nome_corretos:112 - [STEP] Iniciando: gerar_arquivo_int
2026-08-04 14:14:32.131 | INFO    |comum.utils.decoradores:wrapper:22 - [HU-13 INT] Arquivo gravado em [C:\Users\btime\AppData\Local\Temp\pytest-of-btime\pytest-298\test_gerar_arquivo_int_grava_n0\Claro\2025\202507\AGI\DE_AGI_D_202507_TBRA_X_CLARO_INT.xlsx].
2026-08-04 14:14:32.131 | INFO    |test_geracao_int:test_gerar_arquivo_int_grava_no_caminho_e_nome_corretos:112 - [STEP] Finalizando: gerar_arquivo_int | Tempo gasto: 0.01s
2026-08-04 14:14:32.155 | INFO    |comum.dados.repositorio_cache:__init__:77 - Inicializando conexão com o banco no ambiente [dev]
2026-08-04 14:14:32.155 | INFO    |comum.dados.repositorio_cache:__init__:77 - Utilizando SQLite local [C:\Users\btime\AppData\Local\Temp\detraf_epico4_teste_1gtll2d6\TABELAS_DETRAF_TESTE.db]
2026-08-04 14:14:32.156 | INFO    |comum.dados.repositorio_cache:obter_tabela:169 - Carregando tabela [tbl_detraf_mapeamento_descritores]
2026-08-04 14:14:32.157 | INFO    |comum.dados.repositorio_cache:obter_tabela:169 - Tabela [tbl_detraf_mapeamento_descritores] carregada | Linhas: 25 | Colunas: 5
2026-08-04 14:14:32.162 | INFO    |comum.dados.repositorio_cache:__init__:77 - Inicializando conexão com o banco no ambiente [dev]
2026-08-04 14:14:32.162 | INFO    |comum.dados.repositorio_cache:__init__:77 - Utilizando SQLite local [C:\Users\btime\AppData\Local\Temp\detraf_epico4_teste_1gtll2d6\TABELAS_DETRAF_TESTE.db]
2026-08-04 14:14:32.162 | INFO    |comum.dados.repositorio_cache:obter_tabela:169 - Carregando tabela [tbl_detraf_mapeamento_descritores]
2026-08-04 14:14:32.164 | INFO    |comum.dados.repositorio_cache:obter_tabela:169 - Tabela [tbl_detraf_mapeamento_descritores] carregada | Linhas: 25 | Colunas: 5
2026-08-04 14:14:32.169 | INFO    |comum.dados.repositorio_cache:__init__:77 - Inicializando conexão com o banco no ambiente [dev]
2026-08-04 14:14:32.169 | INFO    |comum.dados.repositorio_cache:__init__:77 - Utilizando SQLite local [C:\Users\btime\AppData\Local\Temp\detraf_epico4_teste_1gtll2d6\TABELAS_DETRAF_TESTE.db]
2026-08-04 14:14:32.169 | INFO    |comum.dados.repositorio_cache:obter_tabela:169 - Carregando tabela [tbl_detraf_mapeamento_descritores]
2026-08-04 14:14:32.171 | INFO    |comum.dados.repositorio_cache:obter_tabela:169 - Tabela [tbl_detraf_mapeamento_descritores] carregada | Linhas: 25 | Colunas: 5
2026-08-04 14:14:32.176 | INFO    |comum.dados.repositorio_cache:__init__:77 - Inicializando conexão com o banco no ambiente [dev]
2026-08-04 14:14:32.176 | INFO    |comum.dados.repositorio_cache:__init__:77 - Utilizando SQLite local [C:\Users\btime\AppData\Local\Temp\detraf_epico4_teste_1gtll2d6\TABELAS_DETRAF_TESTE.db]
2026-08-04 14:14:32.176 | INFO    |comum.dados.repositorio_cache:obter_tabela:169 - Carregando tabela [tbl_detraf_mapeamento_descritores]
2026-08-04 14:14:32.177 | INFO    |comum.dados.repositorio_cache:obter_tabela:169 - Tabela [tbl_detraf_mapeamento_descritores] carregada | Linhas: 25 | Colunas: 5
2026-08-04 14:14:32.182 | INFO    |comum.dados.repositorio_cache:__init__:77 - Inicializando conexão com o banco no ambiente [dev]
2026-08-04 14:14:32.182 | INFO    |comum.dados.repositorio_cache:__init__:77 - Utilizando SQLite local [C:\Users\btime\AppData\Local\Temp\detraf_epico4_teste_1gtll2d6\TABELAS_DETRAF_TESTE.db]
2026-08-04 14:14:32.182 | INFO    |comum.dados.repositorio_cache:obter_tabela:169 - Carregando tabela [tbl_detraf_mapeamento_descritores]
2026-08-04 14:14:32.184 | INFO    |comum.dados.repositorio_cache:obter_tabela:169 - Tabela [tbl_detraf_mapeamento_descritores] carregada | Linhas: 25 | Colunas: 5
2026-08-04 14:14:32.189 | INFO    |comum.dados.repositorio_cache:__init__:77 - Inicializando conexão com o banco no ambiente [dev]
2026-08-04 14:14:32.190 | INFO    |comum.dados.repositorio_cache:__init__:77 - Utilizando SQLite local [C:\Users\btime\AppData\Local\Temp\detraf_epico4_teste_1gtll2d6\TABELAS_DETRAF_TESTE.db]
2026-08-04 14:14:32.190 | INFO    |comum.dados.repositorio_cache:obter_tabela:169 - Carregando tabela [tbl_detraf_mapeamento_descritores]
2026-08-04 14:14:32.192 | INFO    |comum.dados.repositorio_cache:obter_tabela:169 - Tabela [tbl_detraf_mapeamento_descritores] carregada | Linhas: 25 | Colunas: 5
2026-08-04 14:14:32.197 | INFO    |comum.dados.repositorio_cache:__init__:77 - Inicializando conexão com o banco no ambiente [dev]
2026-08-04 14:14:32.197 | INFO    |comum.dados.repositorio_cache:__init__:77 - Utilizando SQLite local [C:\Users\btime\AppData\Local\Temp\detraf_epico4_teste_1gtll2d6\TABELAS_DETRAF_TESTE.db]
2026-08-04 14:14:32.197 | INFO    |comum.dados.repositorio_cache:obter_tabela:169 - Carregando tabela [tbl_detraf_mapeamento_descritores]
2026-08-04 14:14:32.199 | INFO    |comum.dados.repositorio_cache:obter_tabela:169 - Tabela [tbl_detraf_mapeamento_descritores] carregada | Linhas: 25 | Colunas: 5
2026-08-04 14:14:32.203 | INFO    |comum.dados.repositorio_cache:__init__:77 - Inicializando conexão com o banco no ambiente [dev]
2026-08-04 14:14:32.204 | INFO    |comum.dados.repositorio_cache:__init__:77 - Utilizando SQLite local [C:\Users\btime\AppData\Local\Temp\detraf_epico4_teste_1gtll2d6\TABELAS_DETRAF_TESTE.db]
2026-08-04 14:14:32.204 | INFO    |comum.dados.repositorio_cache:obter_tabela:169 - Carregando tabela [tbl_detraf_mapeamento_descritores]
2026-08-04 14:14:32.205 | INFO    |comum.dados.repositorio_cache:obter_tabela:169 - Tabela [tbl_detraf_mapeamento_descritores] carregada | Linhas: 25 | Colunas: 5
2026-08-04 14:14:32.210 | INFO    |comum.dados.repositorio_cache:__init__:77 - Inicializando conexão com o banco no ambiente [dev]
2026-08-04 14:14:32.210 | INFO    |comum.dados.repositorio_cache:__init__:77 - Utilizando SQLite local [C:\Users\btime\AppData\Local\Temp\detraf_epico4_teste_1gtll2d6\TABELAS_DETRAF_TESTE.db]
2026-08-04 14:14:32.210 | INFO    |comum.dados.repositorio_cache:obter_tabela:169 - Carregando tabela [tbl_detraf_mapeamento_descritores]
2026-08-04 14:14:32.212 | INFO    |comum.dados.repositorio_cache:obter_tabela:169 - Tabela [tbl_detraf_mapeamento_descritores] carregada | Linhas: 25 | Colunas: 5
2026-08-04 14:14:32.216 | INFO    |comum.dados.repositorio_cache:__init__:77 - Inicializando conexão com o banco no ambiente [dev]
2026-08-04 14:14:32.216 | INFO    |comum.dados.repositorio_cache:__init__:77 - Utilizando SQLite local [C:\Users\btime\AppData\Local\Temp\detraf_epico4_teste_1gtll2d6\TABELAS_DETRAF_TESTE.db]
2026-08-04 14:14:32.217 | INFO    |comum.dados.repositorio_cache:obter_tabela:169 - Carregando tabela [tbl_detraf_mapeamento_descritores]
2026-08-04 14:14:32.218 | INFO    |comum.dados.repositorio_cache:obter_tabela:169 - Tabela [tbl_detraf_mapeamento_descritores] carregada | Linhas: 25 | Colunas: 5
2026-08-04 14:14:32.224 | INFO    |comum.dados.repositorio_cache:__init__:77 - Inicializando conexão com o banco no ambiente [dev]
2026-08-04 14:14:32.224 | INFO    |comum.dados.repositorio_cache:__init__:77 - Utilizando SQLite local [C:\Users\btime\AppData\Local\Temp\detraf_epico4_teste_1gtll2d6\TABELAS_DETRAF_TESTE.db]
2026-08-04 14:14:32.225 | INFO    |comum.dados.repositorio_cache:obter_tabela:169 - Carregando tabela [tbl_detraf_mapeamento_descritores]
2026-08-04 14:14:32.227 | INFO    |comum.dados.repositorio_cache:obter_tabela:169 - Tabela [tbl_detraf_mapeamento_descritores] carregada | Linhas: 25 | Colunas: 5
2026-08-04 14:14:32.232 | INFO    |comum.dados.repositorio_cache:__init__:77 - Inicializando conexão com o banco no ambiente [dev]
2026-08-04 14:14:32.232 | INFO    |comum.dados.repositorio_cache:__init__:77 - Utilizando SQLite local [C:\Users\btime\AppData\Local\Temp\detraf_epico4_teste_1gtll2d6\TABELAS_DETRAF_TESTE.db]
2026-08-04 14:14:32.232 | INFO    |comum.dados.repositorio_cache:obter_tabela:169 - Carregando tabela [tbl_detraf_mapeamento_descritores]
2026-08-04 14:14:32.234 | INFO    |comum.dados.repositorio_cache:obter_tabela:169 - Tabela [tbl_detraf_mapeamento_descritores] carregada | Linhas: 25 | Colunas: 5
2026-08-04 14:14:32.239 | INFO    |comum.dados.repositorio_cache:__init__:77 - Inicializando conexão com o banco no ambiente [dev]
2026-08-04 14:14:32.239 | INFO    |comum.dados.repositorio_cache:__init__:77 - Utilizando SQLite local [C:\Users\btime\AppData\Local\Temp\detraf_epico4_teste_1gtll2d6\TABELAS_DETRAF_TESTE.db]
2026-08-04 14:14:32.240 | INFO    |comum.dados.repositorio_cache:obter_tabela:169 - Carregando tabela [tbl_detraf_mapeamento_descritores]
2026-08-04 14:14:32.241 | INFO    |comum.dados.repositorio_cache:obter_tabela:169 - Tabela [tbl_detraf_mapeamento_descritores] carregada | Linhas: 25 | Colunas: 5
2026-08-04 14:14:32.259 | INFO    |comum.dados.repositorio_cache:__init__:77 - Inicializando conexão com o banco no ambiente [dev]
2026-08-04 14:14:32.259 | INFO    |comum.dados.repositorio_cache:__init__:77 - Utilizando SQLite local [C:\Users\btime\AppData\Local\Temp\detraf_epico4_teste_1gtll2d6\TABELAS_DETRAF_TESTE.db]
2026-08-04 14:14:32.265 | INFO    |test_repositorio_escrita:test_atualizar_dados_aplica_update_e_retorna_rowcount:53 - 1 linha(s) atualizada(s) em [tbl_rpa_log_detraf_despesa_contestacao].
2026-08-04 14:14:32.265 | INFO    |comum.dados.repositorio_cache:recarregar_cache_local:330 - Carregando tabela [tbl_rpa_log_detraf_despesa_contestacao]
2026-08-04 14:14:32.267 | INFO    |comum.dados.repositorio_cache:recarregar_cache_local:330 - Tabela [tbl_rpa_log_detraf_despesa_contestacao] carregada | Linhas: 2 | Colunas: 18
2026-08-04 14:14:32.271 | INFO    |comum.dados.repositorio_cache:__init__:77 - Inicializando conexão com o banco no ambiente [dev]
2026-08-04 14:14:32.271 | INFO    |comum.dados.repositorio_cache:__init__:77 - Utilizando SQLite local [C:\Users\btime\AppData\Local\Temp\detraf_epico4_teste_1gtll2d6\TABELAS_DETRAF_TESTE.db]
2026-08-04 14:14:32.273 | INFO    |test_repositorio_escrita:test_atualizar_dados_chave_inexistente_retorna_zero:64 - 0 linha(s) atualizada(s) em [tbl_rpa_log_detraf_despesa_contestacao].
2026-08-04 14:14:32.275 | INFO    |comum.dados.repositorio_cache:__init__:77 - Inicializando conexão com o banco no ambiente [dev]
2026-08-04 14:14:32.275 | INFO    |comum.dados.repositorio_cache:__init__:77 - Utilizando SQLite local [C:\Users\btime\AppData\Local\Temp\detraf_epico4_teste_1gtll2d6\TABELAS_DETRAF_TESTE.db]
2026-08-04 14:14:32.277 | INFO    |comum.dados.repositorio_cache:__init__:77 - Inicializando conexão com o banco no ambiente [dev]
2026-08-04 14:14:32.278 | INFO    |comum.dados.repositorio_cache:__init__:77 - Utilizando SQLite local [C:\Users\btime\AppData\Local\Temp\detraf_epico4_teste_1gtll2d6\TABELAS_DETRAF_TESTE.db]
2026-08-04 14:14:32.280 | INFO    |comum.dados.repositorio_cache:__init__:77 - Inicializando conexão com o banco no ambiente [dev]
2026-08-04 14:14:32.280 | INFO    |comum.dados.repositorio_cache:__init__:77 - Utilizando SQLite local [C:\Users\btime\AppData\Local\Temp\detraf_epico4_teste_1gtll2d6\TABELAS_DETRAF_TESTE.db]
2026-08-04 14:14:32.283 | INFO    |comum.dados.repositorio_cache:__init__:77 - Inicializando conexão com o banco no ambiente [dev]
2026-08-04 14:14:32.283 | INFO    |comum.dados.repositorio_cache:__init__:77 - Utilizando SQLite local [C:\Users\btime\AppData\Local\Temp\detraf_epico4_teste_1gtll2d6\TABELAS_DETRAF_TESTE.db]
2026-08-04 14:14:32.284 | INFO    |comum.dados.repositorio_cache:inserir_dados:255 - Nenhum registro para inserir em [tbl_rpa_log_detraf_despesa_contestacao].
2026-08-04 14:14:32.285 | INFO    |comum.dados.repositorio_cache:obter_tabela:169 - Carregando tabela [tbl_rpa_log_detraf_despesa_contestacao]
2026-08-04 14:14:32.287 | INFO    |comum.dados.repositorio_cache:obter_tabela:169 - Tabela [tbl_rpa_log_detraf_despesa_contestacao] carregada | Linhas: 2 | Colunas: 18
2026-08-04 14:14:32.289 | INFO    |comum.dados.repositorio_cache:__init__:77 - Inicializando conexão com o banco no ambiente [dev]
2026-08-04 14:14:32.289 | INFO    |comum.dados.repositorio_cache:__init__:77 - Utilizando SQLite local [C:\Users\btime\AppData\Local\Temp\detraf_epico4_teste_1gtll2d6\TABELAS_DETRAF_TESTE.db]
2026-08-04 14:14:32.294 | INFO    |test_repositorio_escrita:test_atualizar_dados_nao_vaza_valor_para_a_sql:101 - 1 linha(s) atualizada(s) em [tbl_rpa_log_detraf_despesa_contestacao].
2026-08-04 14:14:32.294 | INFO    |comum.dados.repositorio_cache:recarregar_cache_local:330 - Carregando tabela [tbl_rpa_log_detraf_despesa_contestacao]
2026-08-04 14:14:32.295 | INFO    |comum.dados.repositorio_cache:recarregar_cache_local:330 - Tabela [tbl_rpa_log_detraf_despesa_contestacao] carregada | Linhas: 2 | Colunas: 18
2026-08-04 14:14:32.298 | INFO    |comum.dados.repositorio_cache:__init__:77 - Inicializando conexão com o banco no ambiente [dev]
2026-08-04 14:14:32.298 | INFO    |comum.dados.repositorio_cache:__init__:77 - Utilizando SQLite local [C:\Users\btime\AppData\Local\Temp\detraf_epico4_teste_1gtll2d6\TABELAS_DETRAF_TESTE.db]
2026-08-04 14:14:32.299 | INFO    |test_repositorio_escrita:test_atualizar_despesa_atualiza_os_seis_campos_sem_criar_linha:115 - [STEP] Iniciando: preparar_atualizacoes_despesa_contestacao
2026-08-04 14:14:32.300 | INFO    |comum.utils.decoradores:wrapper:22 - [HU-19 Despesa Contestação] 1 atualização(ões) preparada(s).
2026-08-04 14:14:32.300 | INFO    |test_repositorio_escrita:test_atualizar_despesa_atualiza_os_seis_campos_sem_criar_linha:115 - [STEP] Finalizando: preparar_atualizacoes_despesa_contestacao | Tempo gasto: 0.0s
2026-08-04 14:14:32.300 | INFO    |comum.dados.repositorio_cache:obter_tabela:169 - Carregando tabela [tbl_rpa_log_detraf_despesa_contestacao]
2026-08-04 14:14:32.303 | INFO    |comum.dados.repositorio_cache:obter_tabela:169 - Tabela [tbl_rpa_log_detraf_despesa_contestacao] carregada | Linhas: 2 | Colunas: 18
2026-08-04 14:14:32.309 | INFO    |comum.dados.repositorio_tabelas:_atualizar_contestacao_em_lote:864 - 1 linha(s) atualizada(s) em [tbl_rpa_log_detraf_despesa_contestacao].
2026-08-04 14:14:32.309 | INFO    |comum.dados.repositorio_cache:recarregar_cache_local:330 - Carregando tabela [tbl_rpa_log_detraf_despesa_contestacao]
2026-08-04 14:14:32.310 | INFO    |comum.dados.repositorio_cache:recarregar_cache_local:330 - Tabela [tbl_rpa_log_detraf_despesa_contestacao] carregada | Linhas: 2 | Colunas: 18
2026-08-04 14:14:32.310 | INFO    |comum.dados.repositorio_tabelas:atualizar_despesa_contestacao:903 - [HU-19 Despesa Contestação] 1 linha(s) atualizada(s), 0 chave(s) ausente(s).
2026-08-04 14:14:32.313 | INFO    |comum.dados.repositorio_cache:__init__:77 - Inicializando conexão com o banco no ambiente [dev]
2026-08-04 14:14:32.313 | INFO    |comum.dados.repositorio_cache:__init__:77 - Utilizando SQLite local [C:\Users\btime\AppData\Local\Temp\detraf_epico4_teste_1gtll2d6\TABELAS_DETRAF_TESTE.db]
2026-08-04 14:14:32.314 | INFO    |test_repositorio_escrita:test_atualizar_despesa_preserva_lado_tbra_e_sinal_do_analista:134 - [STEP] Iniciando: preparar_atualizacoes_despesa_contestacao
2026-08-04 14:14:32.315 | INFO    |comum.utils.decoradores:wrapper:22 - [HU-19 Despesa Contestação] 1 atualização(ões) preparada(s).
2026-08-04 14:14:32.315 | INFO    |test_repositorio_escrita:test_atualizar_despesa_preserva_lado_tbra_e_sinal_do_analista:134 - [STEP] Finalizando: preparar_atualizacoes_despesa_contestacao | Tempo gasto: 0.0s
2026-08-04 14:14:32.316 | INFO    |comum.dados.repositorio_cache:obter_tabela:169 - Carregando tabela [tbl_rpa_log_detraf_despesa_contestacao]
2026-08-04 14:14:32.317 | INFO    |comum.dados.repositorio_cache:obter_tabela:169 - Tabela [tbl_rpa_log_detraf_despesa_contestacao] carregada | Linhas: 2 | Colunas: 18
2026-08-04 14:14:32.323 | INFO    |comum.dados.repositorio_tabelas:_atualizar_contestacao_em_lote:864 - 1 linha(s) atualizada(s) em [tbl_rpa_log_detraf_despesa_contestacao].
2026-08-04 14:14:32.323 | INFO    |comum.dados.repositorio_cache:recarregar_cache_local:330 - Carregando tabela [tbl_rpa_log_detraf_despesa_contestacao]
2026-08-04 14:14:32.324 | INFO    |comum.dados.repositorio_cache:recarregar_cache_local:330 - Tabela [tbl_rpa_log_detraf_despesa_contestacao] carregada | Linhas: 2 | Colunas: 18
2026-08-04 14:14:32.325 | INFO    |comum.dados.repositorio_tabelas:atualizar_despesa_contestacao:903 - [HU-19 Despesa Contestação] 1 linha(s) atualizada(s), 0 chave(s) ausente(s).
2026-08-04 14:14:32.327 | INFO    |comum.dados.repositorio_cache:__init__:77 - Inicializando conexão com o banco no ambiente [dev]
2026-08-04 14:14:32.328 | INFO    |comum.dados.repositorio_cache:__init__:77 - Utilizando SQLite local [C:\Users\btime\AppData\Local\Temp\detraf_epico4_teste_1gtll2d6\TABELAS_DETRAF_TESTE.db]
2026-08-04 14:14:32.329 | INFO    |test_repositorio_escrita:test_atualizar_despesa_chave_ausente_nao_aborta_o_lote:154 - [STEP] Iniciando: preparar_atualizacoes_despesa_contestacao
2026-08-04 14:14:32.329 | INFO    |comum.utils.decoradores:wrapper:22 - [HU-19 Despesa Contestação] 2 atualização(ões) preparada(s).
2026-08-04 14:14:32.330 | INFO    |test_repositorio_escrita:test_atualizar_despesa_chave_ausente_nao_aborta_o_lote:154 - [STEP] Finalizando: preparar_atualizacoes_despesa_contestacao | Tempo gasto: 0.0s
2026-08-04 14:14:32.330 | INFO    |comum.dados.repositorio_cache:obter_tabela:169 - Carregando tabela [tbl_rpa_log_detraf_despesa_contestacao]
2026-08-04 14:14:32.332 | INFO    |comum.dados.repositorio_cache:obter_tabela:169 - Tabela [tbl_rpa_log_detraf_despesa_contestacao] carregada | Linhas: 2 | Colunas: 18
2026-08-04 14:14:32.337 | INFO    |comum.dados.repositorio_tabelas:_atualizar_contestacao_em_lote:864 - 1 linha(s) atualizada(s) em [tbl_rpa_log_detraf_despesa_contestacao].
2026-08-04 14:14:32.339 | WARNING |comum.dados.repositorio_tabelas:atualizar_despesa_contestacao:903 - [HU-19 Despesa Contestação] Chave sem linha correspondente no banco {'eot_operadora': '999', 'eot_tbra': '099', 'referencia': '202507', 'trafego': '202507', 'remuneracao': 'TU-COM'} — ignorada (a linha-base é inserida pelo Épico 3, B-D20).
2026-08-04 14:14:32.339 | INFO    |comum.dados.repositorio_cache:recarregar_cache_local:330 - Carregando tabela [tbl_rpa_log_detraf_despesa_contestacao]
2026-08-04 14:14:32.340 | INFO    |comum.dados.repositorio_cache:recarregar_cache_local:330 - Tabela [tbl_rpa_log_detraf_despesa_contestacao] carregada | Linhas: 2 | Colunas: 18
2026-08-04 14:14:32.341 | INFO    |comum.dados.repositorio_tabelas:atualizar_despesa_contestacao:903 - [HU-19 Despesa Contestação] 1 linha(s) atualizada(s), 1 chave(s) ausente(s).
2026-08-04 14:14:32.343 | INFO    |comum.dados.repositorio_cache:__init__:77 - Inicializando conexão com o banco no ambiente [dev]
2026-08-04 14:14:32.343 | INFO    |comum.dados.repositorio_cache:__init__:77 - Utilizando SQLite local [C:\Users\btime\AppData\Local\Temp\detraf_epico4_teste_1gtll2d6\TABELAS_DETRAF_TESTE.db]
2026-08-04 14:14:32.344 | INFO    |comum.dados.repositorio_tabelas:atualizar_despesa_contestacao:903 - [HU-19 Despesa Contestação] Nada a atualizar (lote vazio).
2026-08-04 14:14:32.346 | INFO    |comum.dados.repositorio_cache:__init__:77 - Inicializando conexão com o banco no ambiente [dev]
2026-08-04 14:14:32.346 | INFO    |comum.dados.repositorio_cache:__init__:77 - Utilizando SQLite local [C:\Users\btime\AppData\Local\Temp\detraf_epico4_teste_1gtll2d6\TABELAS_DETRAF_TESTE.db]
2026-08-04 14:14:32.347 | INFO    |test_repositorio_escrita:test_atualizar_despesa_normaliza_eot_como_a_leitura_do_sinal:172 - [STEP] Iniciando: preparar_atualizacoes_despesa_contestacao
2026-08-04 14:14:32.348 | INFO    |comum.utils.decoradores:wrapper:22 - [HU-19 Despesa Contestação] 1 atualização(ões) preparada(s).
2026-08-04 14:14:32.348 | INFO    |test_repositorio_escrita:test_atualizar_despesa_normaliza_eot_como_a_leitura_do_sinal:172 - [STEP] Finalizando: preparar_atualizacoes_despesa_contestacao | Tempo gasto: 0.0s
2026-08-04 14:14:32.349 | INFO    |comum.dados.repositorio_cache:obter_tabela:169 - Carregando tabela [tbl_rpa_log_detraf_despesa_contestacao]
2026-08-04 14:14:32.350 | INFO    |comum.dados.repositorio_cache:obter_tabela:169 - Tabela [tbl_rpa_log_detraf_despesa_contestacao] carregada | Linhas: 2 | Colunas: 18
2026-08-04 14:14:32.357 | INFO    |comum.dados.repositorio_tabelas:_atualizar_contestacao_em_lote:864 - 1 linha(s) atualizada(s) em [tbl_rpa_log_detraf_despesa_contestacao].
2026-08-04 14:14:32.357 | INFO    |comum.dados.repositorio_cache:recarregar_cache_local:330 - Carregando tabela [tbl_rpa_log_detraf_despesa_contestacao]
2026-08-04 14:14:32.359 | INFO    |comum.dados.repositorio_cache:recarregar_cache_local:330 - Tabela [tbl_rpa_log_detraf_despesa_contestacao] carregada | Linhas: 2 | Colunas: 18
2026-08-04 14:14:32.359 | INFO    |comum.dados.repositorio_tabelas:atualizar_despesa_contestacao:903 - [HU-19 Despesa Contestação] 1 linha(s) atualizada(s), 0 chave(s) ausente(s).
2026-08-04 14:14:32.361 | INFO    |comum.dados.repositorio_cache:__init__:77 - Inicializando conexão com o banco no ambiente [dev]
2026-08-04 14:14:32.361 | INFO    |comum.dados.repositorio_cache:__init__:77 - Utilizando SQLite local [C:\Users\btime\AppData\Local\Temp\detraf_epico4_teste_1gtll2d6\TABELAS_DETRAF_TESTE.db]
2026-08-04 14:14:32.363 | INFO    |comum.dados.repositorio_cache:obter_tabela:169 - Carregando tabela [tbl_rpa_log_detraf_despesa_contestacao]
2026-08-04 14:14:32.364 | INFO    |comum.dados.repositorio_cache:obter_tabela:169 - Tabela [tbl_rpa_log_detraf_despesa_contestacao] carregada | Linhas: 2 | Colunas: 18
2026-08-04 14:14:32.366 | INFO    |comum.dados.repositorio_tabelas:_atualizar_contestacao_em_lote:864 - 1 linha(s) atualizada(s) em [tbl_rpa_log_detraf_despesa_contestacao].
2026-08-04 14:14:32.366 | INFO    |comum.dados.repositorio_cache:recarregar_cache_local:330 - Carregando tabela [tbl_rpa_log_detraf_despesa_contestacao]
2026-08-04 14:14:32.367 | INFO    |comum.dados.repositorio_cache:recarregar_cache_local:330 - Tabela [tbl_rpa_log_detraf_despesa_contestacao] carregada | Linhas: 2 | Colunas: 18
2026-08-04 14:14:32.367 | INFO    |comum.dados.repositorio_tabelas:atualizar_tipo_contestacao:930 - [HU-16 Writeback tipo_contestacao] 1 linha(s) atualizada(s), 0 chave(s) ausente(s).
2026-08-04 14:14:32.373 | INFO    |comum.dados.repositorio_cache:__init__:77 - Inicializando conexão com o banco no ambiente [dev]
2026-08-04 14:14:32.373 | INFO    |comum.dados.repositorio_cache:__init__:77 - Utilizando SQLite local [C:\Users\btime\AppData\Local\Temp\detraf_epico4_teste_1gtll2d6\TABELAS_DETRAF_TESTE.db]
2026-08-04 14:14:32.375 | INFO    |comum.dados.repositorio_cache:obter_tabela:169 - Carregando tabela [tbl_rpa_log_detraf_despesa_contestacao]
2026-08-04 14:14:32.376 | INFO    |comum.dados.repositorio_cache:obter_tabela:169 - Tabela [tbl_rpa_log_detraf_despesa_contestacao] carregada | Linhas: 2 | Colunas: 18
2026-08-04 14:14:32.378 | INFO    |comum.dados.repositorio_tabelas:_atualizar_contestacao_em_lote:864 - 1 linha(s) atualizada(s) em [tbl_rpa_log_detraf_despesa_contestacao].
2026-08-04 14:14:32.378 | INFO    |comum.dados.repositorio_cache:recarregar_cache_local:330 - Carregando tabela [tbl_rpa_log_detraf_despesa_contestacao]
2026-08-04 14:14:32.379 | INFO    |comum.dados.repositorio_cache:recarregar_cache_local:330 - Tabela [tbl_rpa_log_detraf_despesa_contestacao] carregada | Linhas: 2 | Colunas: 18
2026-08-04 14:14:32.380 | INFO    |comum.dados.repositorio_tabelas:atualizar_tipo_contestacao:930 - [HU-16 Writeback tipo_contestacao] 1 linha(s) atualizada(s), 0 chave(s) ausente(s).
2026-08-04 14:14:32.382 | INFO    |comum.dados.repositorio_cache:__init__:77 - Inicializando conexão com o banco no ambiente [dev]
2026-08-04 14:14:32.382 | INFO    |comum.dados.repositorio_cache:__init__:77 - Utilizando SQLite local [C:\Users\btime\AppData\Local\Temp\detraf_epico4_teste_1gtll2d6\TABELAS_DETRAF_TESTE.db]
2026-08-04 14:14:32.384 | INFO    |comum.dados.repositorio_cache:obter_tabela:169 - Carregando tabela [tbl_rpa_log_detraf_despesa_contestacao]
2026-08-04 14:14:32.386 | INFO    |comum.dados.repositorio_cache:obter_tabela:169 - Tabela [tbl_rpa_log_detraf_despesa_contestacao] carregada | Linhas: 2 | Colunas: 18
2026-08-04 14:14:32.388 | WARNING |comum.dados.repositorio_tabelas:atualizar_tipo_contestacao:930 - [HU-16 Writeback tipo_contestacao] Chave sem linha correspondente no banco {'eot_operadora': '888', 'eot_tbra': '011', 'referencia': '202507', 'trafego': '202507', 'remuneracao': 'TU-RL'} — ignorada (a linha-base é inserida pelo Épico 3, B-D20).
2026-08-04 14:14:32.388 | INFO    |comum.dados.repositorio_cache:recarregar_cache_local:330 - Carregando tabela [tbl_rpa_log_detraf_despesa_contestacao]
2026-08-04 14:14:32.389 | INFO    |comum.dados.repositorio_cache:recarregar_cache_local:330 - Tabela [tbl_rpa_log_detraf_despesa_contestacao] carregada | Linhas: 2 | Colunas: 18
2026-08-04 14:14:32.389 | INFO    |comum.dados.repositorio_tabelas:atualizar_tipo_contestacao:930 - [HU-16 Writeback tipo_contestacao] 0 linha(s) atualizada(s), 1 chave(s) ausente(s).
2026-08-04 14:14:32.392 | INFO    |comum.dados.repositorio_cache:__init__:77 - Inicializando conexão com o banco no ambiente [dev]
2026-08-04 14:14:32.392 | INFO    |comum.dados.repositorio_cache:__init__:77 - Utilizando SQLite local [C:\Users\btime\AppData\Local\Temp\detraf_epico4_teste_1gtll2d6\TABELAS_DETRAF_TESTE.db]
2026-08-04 14:14:32.397 | INFO    |test_repositorio_escrita:test_cache_e_recarregado_apos_update:250 - 1 linha(s) atualizada(s) em [tbl_rpa_log_detraf_despesa_contestacao].
2026-08-04 14:14:32.397 | INFO    |comum.dados.repositorio_cache:recarregar_cache_local:330 - Carregando tabela [tbl_rpa_log_detraf_despesa_contestacao]
2026-08-04 14:14:32.398 | INFO    |comum.dados.repositorio_cache:recarregar_cache_local:330 - Tabela [tbl_rpa_log_detraf_despesa_contestacao] carregada | Linhas: 2 | Colunas: 18
2026-08-04 14:14:32.413 | INFO    |test_upload_agi:test_operadora_sem_pasta_nao_quebra:76 - [HU-17] Sem pasta AGI para INEXISTENTE/202507: [C:\Users\btime\AppData\Local\Temp\pytest-of-btime\pytest-298\test_operadora_sem_pasta_nao_q0\Operadoras\INEXISTENTE\2025\202507\AGI].
2026-08-04 14:14:32.416 | INFO    |test_upload_agi:test_arquivo_de_outro_tipo_na_pasta_e_ignorado:81 - [HU-17] Nenhum EXT/INT em [C:\Users\btime\AppData\Local\Temp\pytest-of-btime\pytest-298\test_arquivo_de_outro_tipo_na_0\Operadoras\CLARO\2025\202507\AGI].
2026-08-04 14:14:32.427 | INFO    |test_upload_agi:test_le_da_mesma_pasta_em_que_a_hu16_grava:118 - [STEP] Iniciando: gerar_arquivo_cont_proc
2026-08-04 14:14:32.433 | INFO    |comum.utils.decoradores:wrapper:22 - [HU-16 CONT_PROC] Arquivo gravado em [C:\Users\btime\AppData\Local\Temp\pytest-of-btime\pytest-298\test_le_da_mesma_pasta_em_que_0\Operadoras\CLARO\2025\202507\AGI\CONT_PROC_MASCARA_CLARO_202507.xlsx].
2026-08-04 14:14:32.433 | INFO    |test_upload_agi:test_le_da_mesma_pasta_em_que_a_hu16_grava:118 - [STEP] Finalizando: gerar_arquivo_cont_proc | Tempo gasto: 0.01s
2026-08-04 14:14:32.439 | INFO    |test_upload_agi:test_o_ext_e_o_int_da_mesma_pasta_nao_entram:136 - [HU-18] Nenhum CONT_PROC_MASCARA em [C:\Users\btime\AppData\Local\Temp\pytest-of-btime\pytest-298\test_o_ext_e_o_int_da_mesma_pa0\Operadoras\CLARO\2025\202507\AGI].
2026-08-04 14:14:32.443 | INFO    |test_upload_agi:test_a_carta_e_o_env_nao_entram:144 - [HU-18] Sem pasta AGI para CLARO/202507: [C:\Users\btime\AppData\Local\Temp\pytest-of-btime\pytest-298\test_a_carta_e_o_env_nao_entra0\Operadoras\CLARO\2025\202507\AGI].
2026-08-04 14:14:32.447 | INFO    |test_upload_agi:test_hu17_nao_abre_o_agi_com_o_switch_desligado:153 - [STEP] Iniciando: UploadDetrafAGI.executar
2026-08-04 14:14:32.448 | INFO    |comum.utils.decoradores:wrapper:22 - [MODO SEGURO] PERMITIR_UPLOAD_AGI=false — 2 arquivo(s) pendente(s), nada enviado ao AGI:
2026-08-04 14:14:32.448 | INFO    |comum.utils.decoradores:wrapper:22 -   CLARO: DE_AGI_D_202507_TBRA_X_CLARO_EXT.txt
2026-08-04 14:14:32.448 | INFO    |comum.utils.decoradores:wrapper:22 -   CLARO: DE_AGI_D_202507_TBRA_X_CLARO_INT.txt
2026-08-04 14:14:32.448 | INFO    |test_upload_agi:test_hu17_nao_abre_o_agi_com_o_switch_desligado:153 - [STEP] Finalizando: UploadDetrafAGI.executar | Tempo gasto: 0.0s
2026-08-04 14:14:32.453 | INFO    |test_upload_agi:test_hu18_nao_abre_o_agi_com_o_switch_desligado:164 - [STEP] Iniciando: UploadContestacaoAGI.executar
2026-08-04 14:14:32.453 | INFO    |src.services.upload_contestacao_agi:executar:114 - [HU-18] Sem pasta AGI para CLARO/202507: [C:\Users\btime\AppData\Local\Temp\pytest-of-btime\pytest-298\test_hu18_nao_abre_o_agi_com_o0\Operadoras\CLARO\2025\202507\AGI].
2026-08-04 14:14:32.453 | INFO    |comum.utils.decoradores:wrapper:22 - [HU-18] Nenhum CONT_PROC_MASCARA pendente; nada a fazer.
2026-08-04 14:14:32.453 | INFO    |test_upload_agi:test_hu18_nao_abre_o_agi_com_o_switch_desligado:164 - [STEP] Finalizando: UploadContestacaoAGI.executar | Tempo gasto: 0.0s
2026-08-04 14:14:32.456 | INFO    |test_upload_agi:test_sem_pendencia_o_agi_nao_e_aberto_nem_com_o_switch_ligado:174 - [STEP] Iniciando: UploadDetrafAGI.executar
2026-08-04 14:14:32.457 | INFO    |src.services.upload_detraf_agi:executar:163 - [HU-17] Sem pasta AGI para CLARO/202507: [C:\Users\btime\AppData\Local\Temp\pytest-of-btime\pytest-298\test_sem_pendencia_o_agi_nao_e0\Operadoras\CLARO\2025\202507\AGI].
2026-08-04 14:14:32.457 | INFO    |comum.utils.decoradores:wrapper:22 - [HU-17] Nada pendente em EXT/INT; nada a fazer.
2026-08-04 14:14:32.457 | INFO    |test_upload_agi:test_sem_pendencia_o_agi_nao_e_aberto_nem_com_o_switch_ligado:174 - [STEP] Finalizando: UploadDetrafAGI.executar | Tempo gasto: 0.0s
2026-08-04 14:14:32.458 | WARNING |test_upload_agi:test_sem_diretorio_configurado_nao_grava_e_nao_quebra:183 - [HU-17] DIRETORIO_EVIDENCIAS não configurado — evidência não capturada.
2026-08-04 14:14:32.460 | WARNING |test_upload_agi:test_falha_na_captura_nao_derruba_o_upload:194 - [HU-17] Falha ao capturar evidência em [C:\Users\btime\AppData\Local\Temp\pytest-of-btime\pytest-298\test_falha_na_captura_nao_derr0\evidencias\evidencia_arquivo_20260804_141432.png]: sem display
