2026-08-13 11:53:14.974 | INFO    |__main__:<module>:118 - [RPA 1] robô: rpa1_captura
2026-08-13 11:53:14.977 | INFO    |__main__:<module>:118 - [RPA 1] modo: DEV  (de ENV)
2026-08-13 11:53:14.979 | INFO    |__main__:<module>:118 - [RPA 1] log: nível INFO (de LOG_LEVEL), diagnose ligado
2026-08-13 11:53:14.980 | INFO    |__main__:<module>:118 - [RPA 1] competência: 202607  (mês anterior ao corrente)
2026-08-13 11:53:14.981 | INFO    |__main__:<module>:118 - [RPA 1] banco: SQLite [C:\RPA\Dtraf\MVP2\MVP2\DETRAF-UNIFICADO\unificado\banco_de_dados\TABELAS_DETRAF_espelho.db] (de CAMINHO_SQLITE)
2026-08-13 11:53:14.981 | INFO    |__main__:<module>:118 - [RPA 1] AGI: ambiente [producao] host [10.238.6.120] (de AGI_AMBIENTE) | executável [C:\RPA\Dtraf\MVP2\MVP2\DETRAF-UNIFICADO\unificado\aplicacao_agi\Portal AIR\portal_air_vivo.exe]
2026-08-13 11:53:14.983 | INFO    |__main__:<module>:118 - [RPA 1] EFEITOS EXTERNOS -> e-mail: desligado | upload AGI: desligado | acesso AGI: desligado | e-mail à operadora (RPA 1): desligado | download SFTP: desligado
2026-08-13 11:53:14.983 | INFO    |__main__:<module>:118 - [RPA 1] parâmetros: nenhum — execução completa, como na agenda
2026-08-13 11:53:17.704 | INFO    |comum.dados.repositorio_cache:__init__:77 - Inicializando conexão com o banco no ambiente [dev]
2026-08-13 11:53:17.705 | INFO    |comum.dados.repositorio_cache:__init__:77 - Utilizando SQLite local [C:\RPA\Dtraf\MVP2\MVP2\DETRAF-UNIFICADO\unificado\banco_de_dados\TABELAS_DETRAF_espelho.db]
2026-08-13 11:53:18.527 | INFO    |__main__:main:94 - Aplicação iniciada
2026-08-13 11:53:18.527 | INFO    |src.main.process_handle:run:34 - [RPA 1] Etapa 1/2 — captura dos anexos no Outlook (HU-01)
2026-08-13 11:53:18.528 | INFO    |src.controllers.outlook_controller:capturar_arquivos:104 - Conectando ao Outlook (conta configurada: 'detrafTBRA')...
2026-08-13 11:53:18.558 | INFO    |src.controllers.outlook_controller:capturar_arquivos:104 - Conectado ao Outlook com sucesso.
2026-08-13 11:53:20.293 | ERROR   |comum.integracoes.outlook:_build_email:476 - Falha ao enumerar os anexos do e-mail: (-2147467262, 'Não há suporte para esta interface', None, None). 0 de ? anexo(s) descrito(s) — os demais NÃO serão vistos por este robô.
Traceback (most recent call last):

  File "C:\RPA\Dtraf\MVP2\MVP2\DETRAF-UNIFICADO\unificado\rpa1_captura\main.py", line 118, in <module>
    raise SystemExit(main())
                     └ <function main at 0x000001FE9ED014E0>

  File "C:\RPA\Dtraf\MVP2\MVP2\DETRAF-UNIFICADO\unificado\rpa1_captura\main.py", line 94, in main
    run(pasta_entrada=recorte.pasta_entrada, etapa=recorte.etapa, diagnostico=diagnostico)
    │                 │       │                    │       │                  └ <comum.config.diagnostico_execucao.DiagnosticoDeExecucao object at 0x000001FEA1555D30>
    │                 │       │                    │       └ None
    │                 │       │                    └ Argumentos(referencia=None, operadoras=[], etapa=None, pasta_entrada=None, de_pasta=None, dry_run=False, pausar=False)
    │                 │       └ None
    │                 └ Argumentos(referencia=None, operadoras=[], etapa=None, pasta_entrada=None, de_pasta=None, dry_run=False, pausar=False)
    └ <function run at 0x000001FEA15AAAC0>

  File "C:\RPA\Dtraf\MVP2\MVP2\DETRAF-UNIFICADO\unificado\rpa1_captura\src\main\process_handle.py", line 34, in run
    controller.processar(
    │          └ <function ProcessamentoController.processar at 0x000001FEBB0BFD80>
    └ <src.controllers.processamento_controller.ProcessamentoController object at 0x000001FEBB084C20>

  File "C:\RPA\Dtraf\MVP2\MVP2\DETRAF-UNIFICADO\unificado\rpa1_captura\src\controllers\processamento_controller.py", line 104, in processar
    arquivos = self._outlook.capturar_arquivos()
               │    └ <property object at 0x000001FEA15B03B0>
               └ <src.controllers.processamento_controller.ProcessamentoController object at 0x000001FEBB084C20>

  File "C:\RPA\Dtraf\MVP2\MVP2\DETRAF-UNIFICADO\unificado\rpa1_captura\src\controllers\outlook_controller.py", line 105, in capturar_arquivos
    self.organizar_caixa_de_entrada(outlook)
    │    │                          └ <comum.integracoes.outlook.OutlookService object at 0x000001FEBB085940>
    │    └ <function OutlookController.organizar_caixa_de_entrada at 0x000001FEA17476A0>
    └ <src.controllers.outlook_controller.OutlookController object at 0x000001FEBB085550>

  File "C:\RPA\Dtraf\MVP2\MVP2\DETRAF-UNIFICADO\unificado\rpa1_captura\src\controllers\outlook_controller.py", line 66, in organizar_caixa_de_entrada
    emails = outlook.fetch_emails_from_inbox()
             │       └ <function OutlookService.fetch_emails_from_inbox at 0x000001FEA1746CA0>
             └ <comum.integracoes.outlook.OutlookService object at 0x000001FEBB085940>

  File "C:\RPA\Dtraf\MVP2\MVP2\DETRAF-UNIFICADO\unificado\comum\integracoes\outlook.py", line 159, in fetch_emails_from_inbox
    emails.append(self._build_email(item))
    │      │      │    │            └ <COMObject <unknown>>
    │      │      │    └ <function OutlookService._build_email at 0x000001FEA1747420>
    │      │      └ <comum.integracoes.outlook.OutlookService object at 0x000001FEBB085940>
    │      └ <method 'append' of 'list' objects>
    └ [EmailMessage(entry_id='00000000A949F53E017BB44C86E46D56D2D6BB100700F25FC41A3584FC499D024E55DD250D4D00000000010C0000F25FC41A3...

  File "C:\RPA\Dtraf\MVP2\MVP2\DETRAF-UNIFICADO\unificado\comum\integracoes\outlook.py", line 476, in _build_email
    attachments = self._build_attachments(item)
                  │    │                  └ <COMObject <unknown>>
                  │    └ <function OutlookService._build_attachments at 0x000001FEA17474C0>
                  └ <comum.integracoes.outlook.OutlookService object at 0x000001FEBB085940>

> File "C:\RPA\Dtraf\MVP2\MVP2\DETRAF-UNIFICADO\unificado\comum\integracoes\outlook.py", line 508, in _build_attachments
    attachments = item.Attachments
                  └ <COMObject <unknown>>

  File "C:\RPA\Dtraf\MVP2\MVP2\DETRAF-UNIFICADO\unificado\.venv\Lib\site-packages\win32com\client\dynamic.py", line 620, in __getattr__
    ret = self._oleobj_.Invoke(retEntry.dispid, 0, invoke_type, 1)
          │    │        │      │        │          └ 2
          │    │        │      │        └ 63509
          │    │        │      └ MapEntry(dispid=63509, desc=PyFUNCDESC(memid=63509, scodeArray=(), args=(), funckind=4, invkind=2, callconv=4, cParamsOpt=0, ...
          │    │        └ <method 'Invoke' of 'PyIDispatch' objects>
          │    └ <PyIDispatch at 0x000001FE9E790F10 with obj at 0x000001FEB9446538>
          └ <COMObject <unknown>>

pywintypes.com_error: (-2147467262, 'Não há suporte para esta interface', None, None)
2026-08-13 11:53:20.310 | WARNING |src.controllers.outlook_controller:organizar_caixa_de_entrada:66 - Item ignorado ao ler a Caixa de Entrada (não é um e-mail válido?): (-2147467262, 'Não há suporte para esta interface', None, None)
2026-08-13 11:53:20.323 | ERROR   |comum.integracoes.outlook:_build_email:476 - Falha ao enumerar os anexos do e-mail: (-2147467262, 'Não há suporte para esta interface', None, None). 0 de ? anexo(s) descrito(s) — os demais NÃO serão vistos por este robô.
Traceback (most recent call last):

  File "C:\RPA\Dtraf\MVP2\MVP2\DETRAF-UNIFICADO\unificado\rpa1_captura\main.py", line 118, in <module>
    raise SystemExit(main())
                     └ <function main at 0x000001FE9ED014E0>

  File "C:\RPA\Dtraf\MVP2\MVP2\DETRAF-UNIFICADO\unificado\rpa1_captura\main.py", line 94, in main
    run(pasta_entrada=recorte.pasta_entrada, etapa=recorte.etapa, diagnostico=diagnostico)
    │                 │       │                    │       │                  └ <comum.config.diagnostico_execucao.DiagnosticoDeExecucao object at 0x000001FEA1555D30>
    │                 │       │                    │       └ None
    │                 │       │                    └ Argumentos(referencia=None, operadoras=[], etapa=None, pasta_entrada=None, de_pasta=None, dry_run=False, pausar=False)
    │                 │       └ None
    │                 └ Argumentos(referencia=None, operadoras=[], etapa=None, pasta_entrada=None, de_pasta=None, dry_run=False, pausar=False)
    └ <function run at 0x000001FEA15AAAC0>

  File "C:\RPA\Dtraf\MVP2\MVP2\DETRAF-UNIFICADO\unificado\rpa1_captura\src\main\process_handle.py", line 34, in run
    controller.processar(
    │          └ <function ProcessamentoController.processar at 0x000001FEBB0BFD80>
    └ <src.controllers.processamento_controller.ProcessamentoController object at 0x000001FEBB084C20>

  File "C:\RPA\Dtraf\MVP2\MVP2\DETRAF-UNIFICADO\unificado\rpa1_captura\src\controllers\processamento_controller.py", line 104, in processar
    arquivos = self._outlook.capturar_arquivos()
               │    └ <property object at 0x000001FEA15B03B0>
               └ <src.controllers.processamento_controller.ProcessamentoController object at 0x000001FEBB084C20>

  File "C:\RPA\Dtraf\MVP2\MVP2\DETRAF-UNIFICADO\unificado\rpa1_captura\src\controllers\outlook_controller.py", line 105, in capturar_arquivos
    self.organizar_caixa_de_entrada(outlook)
    │    │                          └ <comum.integracoes.outlook.OutlookService object at 0x000001FEBB085940>
    │    └ <function OutlookController.organizar_caixa_de_entrada at 0x000001FEA17476A0>
    └ <src.controllers.outlook_controller.OutlookController object at 0x000001FEBB085550>

  File "C:\RPA\Dtraf\MVP2\MVP2\DETRAF-UNIFICADO\unificado\rpa1_captura\src\controllers\outlook_controller.py", line 66, in organizar_caixa_de_entrada
    emails = outlook.fetch_emails_from_inbox()
             │       └ <function OutlookService.fetch_emails_from_inbox at 0x000001FEA1746CA0>
             └ <comum.integracoes.outlook.OutlookService object at 0x000001FEBB085940>

  File "C:\RPA\Dtraf\MVP2\MVP2\DETRAF-UNIFICADO\unificado\comum\integracoes\outlook.py", line 159, in fetch_emails_from_inbox
    emails.append(self._build_email(item))
    │      │      │    │            └ <COMObject <unknown>>
    │      │      │    └ <function OutlookService._build_email at 0x000001FEA1747420>
    │      │      └ <comum.integracoes.outlook.OutlookService object at 0x000001FEBB085940>
    │      └ <method 'append' of 'list' objects>
    └ [EmailMessage(entry_id='00000000A949F53E017BB44C86E46D56D2D6BB100700F25FC41A3584FC499D024E55DD250D4D00000000010C0000F25FC41A3...

  File "C:\RPA\Dtraf\MVP2\MVP2\DETRAF-UNIFICADO\unificado\comum\integracoes\outlook.py", line 476, in _build_email
    attachments = self._build_attachments(item)
                  │    │                  └ <COMObject <unknown>>
                  │    └ <function OutlookService._build_attachments at 0x000001FEA17474C0>
                  └ <comum.integracoes.outlook.OutlookService object at 0x000001FEBB085940>

> File "C:\RPA\Dtraf\MVP2\MVP2\DETRAF-UNIFICADO\unificado\comum\integracoes\outlook.py", line 508, in _build_attachments
    attachments = item.Attachments
                  └ <COMObject <unknown>>

  File "C:\RPA\Dtraf\MVP2\MVP2\DETRAF-UNIFICADO\unificado\.venv\Lib\site-packages\win32com\client\dynamic.py", line 620, in __getattr__
    ret = self._oleobj_.Invoke(retEntry.dispid, 0, invoke_type, 1)
          │    │        │      │        │          └ 2
          │    │        │      │        └ 63509
          │    │        │      └ MapEntry(dispid=63509, desc=PyFUNCDESC(memid=63509, scodeArray=(), args=(), funckind=4, invkind=2, callconv=4, cParamsOpt=0, ...
          │    │        └ <method 'Invoke' of 'PyIDispatch' objects>
          │    └ <PyIDispatch at 0x000001FE9E7906D0 with obj at 0x000001FEB9446938>
          └ <COMObject <unknown>>

pywintypes.com_error: (-2147467262, 'Não há suporte para esta interface', None, None)
2026-08-13 11:53:20.330 | WARNING |src.controllers.outlook_controller:organizar_caixa_de_entrada:66 - Item ignorado ao ler a Caixa de Entrada (não é um e-mail válido?): (-2147467262, 'Não há suporte para esta interface', None, None)
2026-08-13 11:53:38.220 | INFO    |src.controllers.outlook_controller:capturar_arquivos:105 - Organização da Caixa de Entrada: 152 e-mail(s) lido(s), 72 movido(s) para 'Detraf Despesas'.
2026-08-13 11:53:42.258 | INFO    |src.controllers.processamento_controller:processar:104 - 72 e-mail(s) em 'Detraf Despesas'
2026-08-13 11:53:42.371 | INFO    |src.controllers.outlook_controller:capturar_arquivos:134 - E-mail '00000000A949F53E017BB44C86E46D56D2D6BB100700F25FC41A3584FC499D024E55DD250D4D00005211FBDF0000137D0D4C70E1CF4091747B97613AB5A60000A35B1B2B0000': 1 anexo(s) baixado(s) para 'C:\RPA\Dtraf\MVP2\MVP2\DETRAF-UNIFICADO\unificado\arquivos\Entrada\9D024E55DD250D4D00005211FBDF0000137D0D4C70E1CF4091747B97613AB5A60000A35B1B2B0000'.
2026-08-13 11:53:42.402 | INFO    |comum.integracoes.outlook:move_to_subfolder:188 - Pasta 'PROCESSADOS' não encontrada em 'Detraf Despesas' — criando.
2026-08-13 11:53:51.331 | INFO    |src.controllers.processamento_controller:processar:104 - E-mail '00000000A949F53E017BB44C86E46D56D2D6BB100700F25FC41A3584FC499D024E55DD250D4D00005211FBDF0000137D0D4C70E1CF4091747B97613AB5A60000A35B1B2B0000' capturado e movido para 'PROCESSADOS'.
2026-08-13 11:53:51.402 | INFO    |src.controllers.outlook_controller:capturar_arquivos:134 - E-mail '00000000A949F53E017BB44C86E46D56D2D6BB100700F25FC41A3584FC499D024E55DD250D4D00005211FBDF0000137D0D4C70E1CF4091747B97613AB5A60000A35B1B2C0000': 2 anexo(s) baixado(s) para 'C:\RPA\Dtraf\MVP2\MVP2\DETRAF-UNIFICADO\unificado\arquivos\Entrada\9D024E55DD250D4D00005211FBDF0000137D0D4C70E1CF4091747B97613AB5A60000A35B1B2C0000'.
2026-08-13 11:53:51.442 | INFO    |comum.integracoes.outlook:move_to_subfolder:188 - Pasta 'PROCESSADOS' não encontrada em 'Detraf Despesas' — criando.
2026-08-13 11:53:51.684 | ERROR   |src.controllers.processamento_controller:processar:104 - E-mail '00000000A949F53E017BB44C86E46D56D2D6BB100700F25FC41A3584FC499D024E55DD250D4D00005211FBDF0000137D0D4C70E1CF4091747B97613AB5A60000A35B1B2C0000' capturado mas não movido para 'PROCESSADOS': Não foi possível acessar/criar a pasta 'PROCESSADOS'. Detalhe: (-2147352567, 'Exceção.', (4096, 'Microsoft Outlook', 'Não é possível criar a pasta.', None, 0, -2147352567), None)
2026-08-13 11:53:51.736 | INFO    |src.controllers.outlook_controller:capturar_arquivos:134 - E-mail '00000000A949F53E017BB44C86E46D56D2D6BB100700F25FC41A3584FC499D024E55DD250D4D00005211FBDF0000137D0D4C70E1CF4091747B97613AB5A60000A35B1B2D0000': 1 anexo(s) baixado(s) para 'C:\RPA\Dtraf\MVP2\MVP2\DETRAF-UNIFICADO\unificado\arquivos\Entrada\9D024E55DD250D4D00005211FBDF0000137D0D4C70E1CF4091747B97613AB5A60000A35B1B2D0000'.
2026-08-13 11:53:51.767 | INFO    |comum.integracoes.outlook:move_to_subfolder:188 - Pasta 'PROCESSADOS' não encontrada em 'Detraf Despesas' — criando.
2026-08-13 11:53:52.000 | ERROR   |src.controllers.processamento_controller:processar:104 - E-mail '00000000A949F53E017BB44C86E46D56D2D6BB100700F25FC41A3584FC499D024E55DD250D4D00005211FBDF0000137D0D4C70E1CF4091747B97613AB5A60000A35B1B2D0000' capturado mas não movido para 'PROCESSADOS': Não foi possível acessar/criar a pasta 'PROCESSADOS'. Detalhe: (-2147352567, 'Exceção.', (4096, 'Microsoft Outlook', 'Não é possível criar a pasta.', None, 0, -2147352567), None)
2026-08-13 11:53:52.054 | INFO    |src.controllers.outlook_controller:capturar_arquivos:134 - E-mail '00000000A949F53E017BB44C86E46D56D2D6BB100700F25FC41A3584FC499D024E55DD250D4D00005211FBDF0000137D0D4C70E1CF4091747B97613AB5A60000A35B1B2E0000': 1 anexo(s) baixado(s) para 'C:\RPA\Dtraf\MVP2\MVP2\DETRAF-UNIFICADO\unificado\arquivos\Entrada\9D024E55DD250D4D00005211FBDF0000137D0D4C70E1CF4091747B97613AB5A60000A35B1B2E0000'.
2026-08-13 11:53:52.081 | INFO    |comum.integracoes.outlook:move_to_subfolder:188 - Pasta 'PROCESSADOS' não encontrada em 'Detraf Despesas' — criando.
2026-08-13 11:53:52.314 | ERROR   |src.controllers.processamento_controller:processar:104 - E-mail '00000000A949F53E017BB44C86E46D56D2D6BB100700F25FC41A3584FC499D024E55DD250D4D00005211FBDF0000137D0D4C70E1CF4091747B97613AB5A60000A35B1B2E0000' capturado mas não movido para 'PROCESSADOS': Não foi possível acessar/criar a pasta 'PROCESSADOS'. Detalhe: (-2147352567, 'Exceção.', (4096, 'Microsoft Outlook', 'Não é possível criar a pasta.', None, 0, -2147352567), None)
2026-08-13 11:53:52.381 | INFO    |src.controllers.outlook_controller:capturar_arquivos:134 - E-mail '00000000A949F53E017BB44C86E46D56D2D6BB100700F25FC41A3584FC499D024E55DD250D4D00005211FBDF0000137D0D4C70E1CF4091747B97613AB5A60000A35B1B2F0000': 2 anexo(s) baixado(s) para 'C:\RPA\Dtraf\MVP2\MVP2\DETRAF-UNIFICADO\unificado\arquivos\Entrada\9D024E55DD250D4D00005211FBDF0000137D0D4C70E1CF4091747B97613AB5A60000A35B1B2F0000'.
2026-08-13 11:53:52.414 | INFO    |comum.integracoes.outlook:move_to_subfolder:188 - Pasta 'PROCESSADOS' não encontrada em 'Detraf Despesas' — criando.
2026-08-13 11:53:52.646 | ERROR   |src.controllers.processamento_controller:processar:104 - E-mail '00000000A949F53E017BB44C86E46D56D2D6BB100700F25FC41A3584FC499D024E55DD250D4D00005211FBDF0000137D0D4C70E1CF4091747B97613AB5A60000A35B1B2F0000' capturado mas não movido para 'PROCESSADOS': Não foi possível acessar/criar a pasta 'PROCESSADOS'. Detalhe: (-2147352567, 'Exceção.', (4096, 'Microsoft Outlook', 'Não é possível criar a pasta.', None, 0, -2147352567), None)
2026-08-13 11:53:52.708 | INFO    |src.controllers.outlook_controller:capturar_arquivos:134 - E-mail '00000000A949F53E017BB44C86E46D56D2D6BB100700F25FC41A3584FC499D024E55DD250D4D00005211FBDF0000137D0D4C70E1CF4091747B97613AB5A60000A35B1B300000': 2 anexo(s) baixado(s) para 'C:\RPA\Dtraf\MVP2\MVP2\DETRAF-UNIFICADO\unificado\arquivos\Entrada\9D024E55DD250D4D00005211FBDF0000137D0D4C70E1CF4091747B97613AB5A60000A35B1B300000'.
2026-08-13 11:53:52.764 | INFO    |comum.integracoes.outlook:move_to_subfolder:188 - Pasta 'PROCESSADOS' não encontrada em 'Detraf Despesas' — criando.
2026-08-13 11:53:53.002 | ERROR   |src.controllers.processamento_controller:processar:104 - E-mail '00000000A949F53E017BB44C86E46D56D2D6BB100700F25FC41A3584FC499D024E55DD250D4D00005211FBDF0000137D0D4C70E1CF4091747B97613AB5A60000A35B1B300000' capturado mas não movido para 'PROCESSADOS': Não foi possível acessar/criar a pasta 'PROCESSADOS'. Detalhe: (-2147352567, 'Exceção.', (4096, 'Microsoft Outlook', 'Não é possível criar a pasta.', None, 0, -2147352567), None)
2026-08-13 11:53:53.068 | INFO    |src.controllers.outlook_controller:capturar_arquivos:134 - E-mail '00000000A949F53E017BB44C86E46D56D2D6BB100700F25FC41A3584FC499D024E55DD250D4D00005211FBDF0000137D0D4C70E1CF4091747B97613AB5A60000A35B1B310000': 3 anexo(s) ignorado(s) por extensão não permitida — ROBSON LUAN THEODORO.png, XML TELEFONICA.xml, NFCOM TELEFONICA.pdf
2026-08-13 11:53:53.069 | INFO    |src.controllers.outlook_controller:capturar_arquivos:134 - E-mail '00000000A949F53E017BB44C86E46D56D2D6BB100700F25FC41A3584FC499D024E55DD250D4D00005211FBDF0000137D0D4C70E1CF4091747B97613AB5A60000A35B1B310000': 1 anexo(s) baixado(s) para 'C:\RPA\Dtraf\MVP2\MVP2\DETRAF-UNIFICADO\unificado\arquivos\Entrada\9D024E55DD250D4D00005211FBDF0000137D0D4C70E1CF4091747B97613AB5A60000A35B1B310000'.
2026-08-13 11:53:53.100 | INFO    |comum.integracoes.outlook:move_to_subfolder:188 - Pasta 'PROCESSADOS' não encontrada em 'Detraf Despesas' — criando.
2026-08-13 11:53:53.333 | ERROR   |src.controllers.processamento_controller:processar:104 - E-mail '00000000A949F53E017BB44C86E46D56D2D6BB100700F25FC41A3584FC499D024E55DD250D4D00005211FBDF0000137D0D4C70E1CF4091747B97613AB5A60000A35B1B310000' capturado mas não movido para 'PROCESSADOS': Não foi possível acessar/criar a pasta 'PROCESSADOS'. Detalhe: (-2147352567, 'Exceção.', (4096, 'Microsoft Outlook', 'Não é possível criar a pasta.', None, 0, -2147352567), None)
2026-08-13 11:53:53.413 | INFO    |src.controllers.outlook_controller:capturar_arquivos:134 - E-mail '00000000A949F53E017BB44C86E46D56D2D6BB100700F25FC41A3584FC499D024E55DD250D4D00005211FBDF0000137D0D4C70E1CF4091747B97613AB5A60000A35B1B320000': 2 anexo(s) baixado(s) para 'C:\RPA\Dtraf\MVP2\MVP2\DETRAF-UNIFICADO\unificado\arquivos\Entrada\9D024E55DD250D4D00005211FBDF0000137D0D4C70E1CF4091747B97613AB5A60000A35B1B320000'.
2026-08-13 11:53:53.445 | INFO    |comum.integracoes.outlook:move_to_subfolder:188 - Pasta 'PROCESSADOS' não encontrada em 'Detraf Despesas' — criando.
2026-08-13 11:53:53.679 | ERROR   |src.controllers.processamento_controller:processar:104 - E-mail '00000000A949F53E017BB44C86E46D56D2D6BB100700F25FC41A3584FC499D024E55DD250D4D00005211FBDF0000137D0D4C70E1CF4091747B97613AB5A60000A35B1B320000' capturado mas não movido para 'PROCESSADOS': Não foi possível acessar/criar a pasta 'PROCESSADOS'. Detalhe: (-2147352567, 'Exceção.', (4096, 'Microsoft Outlook', 'Não é possível criar a pasta.', None, 0, -2147352567), None)
2026-08-13 11:53:53.791 | INFO    |src.controllers.outlook_controller:capturar_arquivos:134 - E-mail '00000000A949F53E017BB44C86E46D56D2D6BB100700F25FC41A3584FC499D024E55DD250D4D00005211FBDF0000137D0D4C70E1CF4091747B97613AB5A60000A35B1B330000': 4 anexo(s) ignorado(s) por extensão não permitida — NF 206 VIVO SMP.pdf, NF 207 VIVO LD.pdf, 35260816750312000152620010000002071020102043.xml, 35260816750312000152620010000002061043154697.xml
2026-08-13 11:53:53.791 | INFO    |src.controllers.outlook_controller:capturar_arquivos:134 - E-mail '00000000A949F53E017BB44C86E46D56D2D6BB100700F25FC41A3584FC499D024E55DD250D4D00005211FBDF0000137D0D4C70E1CF4091747B97613AB5A60000A35B1B330000': 2 anexo(s) baixado(s) para 'C:\RPA\Dtraf\MVP2\MVP2\DETRAF-UNIFICADO\unificado\arquivos\Entrada\9D024E55DD250D4D00005211FBDF0000137D0D4C70E1CF4091747B97613AB5A60000A35B1B330000'.
2026-08-13 11:53:53.832 | INFO    |comum.integracoes.outlook:move_to_subfolder:188 - Pasta 'PROCESSADOS' não encontrada em 'Detraf Despesas' — criando.
2026-08-13 11:53:54.066 | ERROR   |src.controllers.processamento_controller:processar:104 - E-mail '00000000A949F53E017BB44C86E46D56D2D6BB100700F25FC41A3584FC499D024E55DD250D4D00005211FBDF0000137D0D4C70E1CF4091747B97613AB5A60000A35B1B330000' capturado mas não movido para 'PROCESSADOS': Não foi possível acessar/criar a pasta 'PROCESSADOS'. Detalhe: (-2147352567, 'Exceção.', (4096, 'Microsoft Outlook', 'Não é possível criar a pasta.', None, 0, -2147352567), None)
2026-08-13 11:53:54.135 | INFO    |src.controllers.outlook_controller:capturar_arquivos:134 - E-mail '00000000A949F53E017BB44C86E46D56D2D6BB100700F25FC41A3584FC499D024E55DD250D4D00005211FBDF0000137D0D4C70E1CF4091747B97613AB5A60000A35B1B340000': 2 anexo(s) baixado(s) para 'C:\RPA\Dtraf\MVP2\MVP2\DETRAF-UNIFICADO\unificado\arquivos\Entrada\9D024E55DD250D4D00005211FBDF0000137D0D4C70E1CF4091747B97613AB5A60000A35B1B340000'.
2026-08-13 11:53:54.176 | INFO    |comum.integracoes.outlook:move_to_subfolder:188 - Pasta 'PROCESSADOS' não encontrada em 'Detraf Despesas' — criando.
2026-08-13 11:53:54.410 | ERROR   |src.controllers.processamento_controller:processar:104 - E-mail '00000000A949F53E017BB44C86E46D56D2D6BB100700F25FC41A3584FC499D024E55DD250D4D00005211FBDF0000137D0D4C70E1CF4091747B97613AB5A60000A35B1B340000' capturado mas não movido para 'PROCESSADOS': Não foi possível acessar/criar a pasta 'PROCESSADOS'. Detalhe: (-2147352567, 'Exceção.', (4096, 'Microsoft Outlook', 'Não é possível criar a pasta.', None, 0, -2147352567), None)
2026-08-13 11:53:54.483 | INFO    |src.controllers.outlook_controller:capturar_arquivos:134 - E-mail '00000000A949F53E017BB44C86E46D56D2D6BB100700F25FC41A3584FC499D024E55DD250D4D00005211FBDF0000137D0D4C70E1CF4091747B97613AB5A60000A35B1B350000': 2 anexo(s) baixado(s) para 'C:\RPA\Dtraf\MVP2\MVP2\DETRAF-UNIFICADO\unificado\arquivos\Entrada\9D024E55DD250D4D00005211FBDF0000137D0D4C70E1CF4091747B97613AB5A60000A35B1B350000'.
2026-08-13 11:53:54.517 | INFO    |comum.integracoes.outlook:move_to_subfolder:188 - Pasta 'PROCESSADOS' não encontrada em 'Detraf Despesas' — criando.
2026-08-13 11:53:54.750 | ERROR   |src.controllers.processamento_controller:processar:104 - E-mail '00000000A949F53E017BB44C86E46D56D2D6BB100700F25FC41A3584FC499D024E55DD250D4D00005211FBDF0000137D0D4C70E1CF4091747B97613AB5A60000A35B1B350000' capturado mas não movido para 'PROCESSADOS': Não foi possível acessar/criar a pasta 'PROCESSADOS'. Detalhe: (-2147352567, 'Exceção.', (4096, 'Microsoft Outlook', 'Não é possível criar a pasta.', None, 0, -2147352567), None)
2026-08-13 11:53:54.820 | INFO    |src.controllers.outlook_controller:capturar_arquivos:134 - E-mail '00000000A949F53E017BB44C86E46D56D2D6BB100700F25FC41A3584FC499D024E55DD250D4D00005211FBDF0000137D0D4C70E1CF4091747B97613AB5A60000A35B1B360000': 2 anexo(s) baixado(s) para 'C:\RPA\Dtraf\MVP2\MVP2\DETRAF-UNIFICADO\unificado\arquivos\Entrada\9D024E55DD250D4D00005211FBDF0000137D0D4C70E1CF4091747B97613AB5A60000A35B1B360000'.
2026-08-13 11:53:54.856 | INFO    |comum.integracoes.outlook:move_to_subfolder:188 - Pasta 'PROCESSADOS' não encontrada em 'Detraf Despesas' — criando.
2026-08-13 11:53:55.112 | ERROR   |src.controllers.processamento_controller:processar:104 - E-mail '00000000A949F53E017BB44C86E46D56D2D6BB100700F25FC41A3584FC499D024E55DD250D4D00005211FBDF0000137D0D4C70E1CF4091747B97613AB5A60000A35B1B360000' capturado mas não movido para 'PROCESSADOS': Não foi possível acessar/criar a pasta 'PROCESSADOS'. Detalhe: (-2147352567, 'Exceção.', (4096, 'Microsoft Outlook', 'Não é possível criar a pasta.', None, 0, -2147352567), None)
2026-08-13 11:53:55.164 | INFO    |src.controllers.outlook_controller:capturar_arquivos:134 - E-mail '00000000A949F53E017BB44C86E46D56D2D6BB100700F25FC41A3584FC499D024E55DD250D4D00005211FBDF0000137D0D4C70E1CF4091747B97613AB5A60000A35B1B370000': 1 anexo(s) baixado(s) para 'C:\RPA\Dtraf\MVP2\MVP2\DETRAF-UNIFICADO\unificado\arquivos\Entrada\9D024E55DD250D4D00005211FBDF0000137D0D4C70E1CF4091747B97613AB5A60000A35B1B370000'.
2026-08-13 11:53:55.195 | INFO    |comum.integracoes.outlook:move_to_subfolder:188 - Pasta 'PROCESSADOS' não encontrada em 'Detraf Despesas' — criando.
2026-08-13 11:53:55.428 | ERROR   |src.controllers.processamento_controller:processar:104 - E-mail '00000000A949F53E017BB44C86E46D56D2D6BB100700F25FC41A3584FC499D024E55DD250D4D00005211FBDF0000137D0D4C70E1CF4091747B97613AB5A60000A35B1B370000' capturado mas não movido para 'PROCESSADOS': Não foi possível acessar/criar a pasta 'PROCESSADOS'. Detalhe: (-2147352567, 'Exceção.', (4096, 'Microsoft Outlook', 'Não é possível criar a pasta.', None, 0, -2147352567), None)
2026-08-13 11:53:55.470 | INFO    |src.controllers.outlook_controller:capturar_arquivos:134 - E-mail '00000000A949F53E017BB44C86E46D56D2D6BB100700F25FC41A3584FC499D024E55DD250D4D00005211FBDF0000137D0D4C70E1CF4091747B97613AB5A60000A35B1B380000': 1 anexo(s) baixado(s) para 'C:\RPA\Dtraf\MVP2\MVP2\DETRAF-UNIFICADO\unificado\arquivos\Entrada\9D024E55DD250D4D00005211FBDF0000137D0D4C70E1CF4091747B97613AB5A60000A35B1B380000'.
2026-08-13 11:53:55.500 | INFO    |comum.integracoes.outlook:move_to_subfolder:188 - Pasta 'PROCESSADOS' não encontrada em 'Detraf Despesas' — criando.
2026-08-13 11:53:55.734 | ERROR   |src.controllers.processamento_controller:processar:104 - E-mail '00000000A949F53E017BB44C86E46D56D2D6BB100700F25FC41A3584FC499D024E55DD250D4D00005211FBDF0000137D0D4C70E1CF4091747B97613AB5A60000A35B1B380000' capturado mas não movido para 'PROCESSADOS': Não foi possível acessar/criar a pasta 'PROCESSADOS'. Detalhe: (-2147352567, 'Exceção.', (4096, 'Microsoft Outlook', 'Não é possível criar a pasta.', None, 0, -2147352567), None)
2026-08-13 11:53:55.803 | INFO    |src.controllers.outlook_controller:capturar_arquivos:134 - E-mail '00000000A949F53E017BB44C86E46D56D2D6BB100700F25FC41A3584FC499D024E55DD250D4D00005211FBDF0000137D0D4C70E1CF4091747B97613AB5A60000A35B1B390000': 2 anexo(s) baixado(s) para 'C:\RPA\Dtraf\MVP2\MVP2\DETRAF-UNIFICADO\unificado\arquivos\Entrada\9D024E55DD250D4D00005211FBDF0000137D0D4C70E1CF4091747B97613AB5A60000A35B1B390000'.
2026-08-13 11:53:55.832 | INFO    |comum.integracoes.outlook:move_to_subfolder:188 - Pasta 'PROCESSADOS' não encontrada em 'Detraf Despesas' — criando.
2026-08-13 11:53:56.065 | ERROR   |src.controllers.processamento_controller:processar:104 - E-mail '00000000A949F53E017BB44C86E46D56D2D6BB100700F25FC41A3584FC499D024E55DD250D4D00005211FBDF0000137D0D4C70E1CF4091747B97613AB5A60000A35B1B390000' capturado mas não movido para 'PROCESSADOS': Não foi possível acessar/criar a pasta 'PROCESSADOS'. Detalhe: (-2147352567, 'Exceção.', (4096, 'Microsoft Outlook', 'Não é possível criar a pasta.', None, 0, -2147352567), None)
2026-08-13 11:53:56.118 | INFO    |src.controllers.outlook_controller:capturar_arquivos:134 - E-mail '00000000A949F53E017BB44C86E46D56D2D6BB100700F25FC41A3584FC499D024E55DD250D4D00005211FBDF0000137D0D4C70E1CF4091747B97613AB5A60000A35B1B3A0000': 1 anexo(s) ignorado(s) por extensão não permitida — logo.png
2026-08-13 11:53:56.118 | INFO    |src.controllers.outlook_controller:capturar_arquivos:134 - E-mail '00000000A949F53E017BB44C86E46D56D2D6BB100700F25FC41A3584FC499D024E55DD250D4D00005211FBDF0000137D0D4C70E1CF4091747B97613AB5A60000A35B1B3A0000': 1 anexo(s) baixado(s) para 'C:\RPA\Dtraf\MVP2\MVP2\DETRAF-UNIFICADO\unificado\arquivos\Entrada\9D024E55DD250D4D00005211FBDF0000137D0D4C70E1CF4091747B97613AB5A60000A35B1B3A0000'.
2026-08-13 11:53:56.158 | INFO    |comum.integracoes.outlook:move_to_subfolder:188 - Pasta 'PROCESSADOS' não encontrada em 'Detraf Despesas' — criando.
2026-08-13 11:53:56.392 | ERROR   |src.controllers.processamento_controller:processar:104 - E-mail '00000000A949F53E017BB44C86E46D56D2D6BB100700F25FC41A3584FC499D024E55DD250D4D00005211FBDF0000137D0D4C70E1CF4091747B97613AB5A60000A35B1B3A0000' capturado mas não movido para 'PROCESSADOS': Não foi possível acessar/criar a pasta 'PROCESSADOS'. Detalhe: (-2147352567, 'Exceção.', (4096, 'Microsoft Outlook', 'Não é possível criar a pasta.', None, 0, -2147352567), None)
2026-08-13 11:53:56.437 | INFO    |src.controllers.outlook_controller:capturar_arquivos:134 - E-mail '00000000A949F53E017BB44C86E46D56D2D6BB100700F25FC41A3584FC499D024E55DD250D4D00005211FBDF0000137D0D4C70E1CF4091747B97613AB5A60000A35B1B3B0000': 1 anexo(s) ignorado(s) por extensão não permitida — logo.png
2026-08-13 11:53:56.438 | INFO    |src.controllers.outlook_controller:capturar_arquivos:134 - E-mail '00000000A949F53E017BB44C86E46D56D2D6BB100700F25FC41A3584FC499D024E55DD250D4D00005211FBDF0000137D0D4C70E1CF4091747B97613AB5A60000A35B1B3B0000': 1 anexo(s) baixado(s) para 'C:\RPA\Dtraf\MVP2\MVP2\DETRAF-UNIFICADO\unificado\arquivos\Entrada\9D024E55DD250D4D00005211FBDF0000137D0D4C70E1CF4091747B97613AB5A60000A35B1B3B0000'.
2026-08-13 11:53:56.470 | INFO    |comum.integracoes.outlook:move_to_subfolder:188 - Pasta 'PROCESSADOS' não encontrada em 'Detraf Despesas' — criando.
2026-08-13 11:53:56.711 | ERROR   |src.controllers.processamento_controller:processar:104 - E-mail '00000000A949F53E017BB44C86E46D56D2D6BB100700F25FC41A3584FC499D024E55DD250D4D00005211FBDF0000137D0D4C70E1CF4091747B97613AB5A60000A35B1B3B0000' capturado mas não movido para 'PROCESSADOS': Não foi possível acessar/criar a pasta 'PROCESSADOS'. Detalhe: (-2147352567, 'Exceção.', (4096, 'Microsoft Outlook', 'Não é possível criar a pasta.', None, 0, -2147352567), None)
2026-08-13 11:53:56.758 | INFO    |src.controllers.outlook_controller:capturar_arquivos:134 - E-mail '00000000A949F53E017BB44C86E46D56D2D6BB100700F25FC41A3584FC499D024E55DD250D4D00005211FBDF0000137D0D4C70E1CF4091747B97613AB5A60000A35B1B3C0000': 1 anexo(s) ignorado(s) por extensão não permitida — logo.png
2026-08-13 11:53:56.758 | INFO    |src.controllers.outlook_controller:capturar_arquivos:134 - E-mail '00000000A949F53E017BB44C86E46D56D2D6BB100700F25FC41A3584FC499D024E55DD250D4D00005211FBDF0000137D0D4C70E1CF4091747B97613AB5A60000A35B1B3C0000': 1 anexo(s) baixado(s) para 'C:\RPA\Dtraf\MVP2\MVP2\DETRAF-UNIFICADO\unificado\arquivos\Entrada\9D024E55DD250D4D00005211FBDF0000137D0D4C70E1CF4091747B97613AB5A60000A35B1B3C0000'.
2026-08-13 11:53:56.785 | INFO    |comum.integracoes.outlook:move_to_subfolder:188 - Pasta 'PROCESSADOS' não encontrada em 'Detraf Despesas' — criando.
2026-08-13 11:53:57.061 | ERROR   |src.controllers.processamento_controller:processar:104 - E-mail '00000000A949F53E017BB44C86E46D56D2D6BB100700F25FC41A3584FC499D024E55DD250D4D00005211FBDF0000137D0D4C70E1CF4091747B97613AB5A60000A35B1B3C0000' capturado mas não movido para 'PROCESSADOS': Não foi possível acessar/criar a pasta 'PROCESSADOS'. Detalhe: (-2147352567, 'Exceção.', (4096, 'Microsoft Outlook', 'Não é possível criar a pasta.', None, 0, -2147352567), None)
2026-08-13 11:53:57.161 | INFO    |src.controllers.outlook_controller:capturar_arquivos:134 - E-mail '00000000A949F53E017BB44C86E46D56D2D6BB100700F25FC41A3584FC499D024E55DD250D4D00005211FBDF0000137D0D4C70E1CF4091747B97613AB5A60000A35B1B3D0000': 4 anexo(s) ignorado(s) por extensão não permitida — Vivo LDN ref 07-2026.pdf, Vivo SMP ref 07-2026.pdf, XML Vivo LDN ref 07-2026.xml, XML Vivo SMP ref 07-2026.xml
2026-08-13 11:53:57.161 | INFO    |src.controllers.outlook_controller:capturar_arquivos:134 - E-mail '00000000A949F53E017BB44C86E46D56D2D6BB100700F25FC41A3584FC499D024E55DD250D4D00005211FBDF0000137D0D4C70E1CF4091747B97613AB5A60000A35B1B3D0000': 2 anexo(s) baixado(s) para 'C:\RPA\Dtraf\MVP2\MVP2\DETRAF-UNIFICADO\unificado\arquivos\Entrada\9D024E55DD250D4D00005211FBDF0000137D0D4C70E1CF4091747B97613AB5A60000A35B1B3D0000'.
2026-08-13 11:53:57.196 | INFO    |comum.integracoes.outlook:move_to_subfolder:188 - Pasta 'PROCESSADOS' não encontrada em 'Detraf Despesas' — criando.
2026-08-13 11:53:57.430 | ERROR   |src.controllers.processamento_controller:processar:104 - E-mail '00000000A949F53E017BB44C86E46D56D2D6BB100700F25FC41A3584FC499D024E55DD250D4D00005211FBDF0000137D0D4C70E1CF4091747B97613AB5A60000A35B1B3D0000' capturado mas não movido para 'PROCESSADOS': Não foi possível acessar/criar a pasta 'PROCESSADOS'. Detalhe: (-2147352567, 'Exceção.', (4096, 'Microsoft Outlook', 'Não é possível criar a pasta.', None, 0, -2147352567), None)
2026-08-13 11:53:57.496 | INFO    |src.controllers.outlook_controller:capturar_arquivos:134 - E-mail '00000000A949F53E017BB44C86E46D56D2D6BB100700F25FC41A3584FC499D024E55DD250D4D00005211FBDF0000137D0D4C70E1CF4091747B97613AB5A60000A35B1B3E0000': 2 anexo(s) baixado(s) para 'C:\RPA\Dtraf\MVP2\MVP2\DETRAF-UNIFICADO\unificado\arquivos\Entrada\9D024E55DD250D4D00005211FBDF0000137D0D4C70E1CF4091747B97613AB5A60000A35B1B3E0000'.
2026-08-13 11:53:57.529 | INFO    |comum.integracoes.outlook:move_to_subfolder:188 - Pasta 'PROCESSADOS' não encontrada em 'Detraf Despesas' — criando.
2026-08-13 11:53:57.766 | ERROR   |src.controllers.processamento_controller:processar:104 - E-mail '00000000A949F53E017BB44C86E46D56D2D6BB100700F25FC41A3584FC499D024E55DD250D4D00005211FBDF0000137D0D4C70E1CF4091747B97613AB5A60000A35B1B3E0000' capturado mas não movido para 'PROCESSADOS': Não foi possível acessar/criar a pasta 'PROCESSADOS'. Detalhe: (-2147352567, 'Exceção.', (4096, 'Microsoft Outlook', 'Não é possível criar a pasta.', None, 0, -2147352567), None)
2026-08-13 11:53:57.827 | INFO    |src.controllers.outlook_controller:capturar_arquivos:134 - E-mail '00000000A949F53E017BB44C86E46D56D2D6BB100700F25FC41A3584FC499D024E55DD250D4D00005211FBDF0000137D0D4C70E1CF4091747B97613AB5A60000A35B1B3F0000': 2 anexo(s) baixado(s) para 'C:\RPA\Dtraf\MVP2\MVP2\DETRAF-UNIFICADO\unificado\arquivos\Entrada\9D024E55DD250D4D00005211FBDF0000137D0D4C70E1CF4091747B97613AB5A60000A35B1B3F0000'.
2026-08-13 11:53:57.860 | INFO    |comum.integracoes.outlook:move_to_subfolder:188 - Pasta 'PROCESSADOS' não encontrada em 'Detraf Despesas' — criando.
2026-08-13 11:53:58.095 | ERROR   |src.controllers.processamento_controller:processar:104 - E-mail '00000000A949F53E017BB44C86E46D56D2D6BB100700F25FC41A3584FC499D024E55DD250D4D00005211FBDF0000137D0D4C70E1CF4091747B97613AB5A60000A35B1B3F0000' capturado mas não movido para 'PROCESSADOS': Não foi possível acessar/criar a pasta 'PROCESSADOS'. Detalhe: (-2147352567, 'Exceção.', (4096, 'Microsoft Outlook', 'Não é possível criar a pasta.', None, 0, -2147352567), None)
2026-08-13 11:53:58.160 | INFO    |src.controllers.outlook_controller:capturar_arquivos:134 - E-mail '00000000A949F53E017BB44C86E46D56D2D6BB100700F25FC41A3584FC499D024E55DD250D4D00005211FBDF0000137D0D4C70E1CF4091747B97613AB5A60000A35B1B400000': 2 anexo(s) baixado(s) para 'C:\RPA\Dtraf\MVP2\MVP2\DETRAF-UNIFICADO\unificado\arquivos\Entrada\9D024E55DD250D4D00005211FBDF0000137D0D4C70E1CF4091747B97613AB5A60000A35B1B400000'.
2026-08-13 11:53:58.209 | INFO    |comum.integracoes.outlook:move_to_subfolder:188 - Pasta 'PROCESSADOS' não encontrada em 'Detraf Despesas' — criando.
2026-08-13 11:53:58.455 | ERROR   |src.controllers.processamento_controller:processar:104 - E-mail '00000000A949F53E017BB44C86E46D56D2D6BB100700F25FC41A3584FC499D024E55DD250D4D00005211FBDF0000137D0D4C70E1CF4091747B97613AB5A60000A35B1B400000' capturado mas não movido para 'PROCESSADOS': Não foi possível acessar/criar a pasta 'PROCESSADOS'. Detalhe: (-2147352567, 'Exceção.', (4096, 'Microsoft Outlook', 'Não é possível criar a pasta.', None, 0, -2147352567), None)
2026-08-13 11:53:58.524 | INFO    |src.controllers.outlook_controller:capturar_arquivos:134 - E-mail '00000000A949F53E017BB44C86E46D56D2D6BB100700F25FC41A3584FC499D024E55DD250D4D00005211FBDF0000137D0D4C70E1CF4091747B97613AB5A60000A35B1B410000': 2 anexo(s) baixado(s) para 'C:\RPA\Dtraf\MVP2\MVP2\DETRAF-UNIFICADO\unificado\arquivos\Entrada\9D024E55DD250D4D00005211FBDF0000137D0D4C70E1CF4091747B97613AB5A60000A35B1B410000'.
2026-08-13 11:53:58.557 | INFO    |comum.integracoes.outlook:move_to_subfolder:188 - Pasta 'PROCESSADOS' não encontrada em 'Detraf Despesas' — criando.
2026-08-13 11:53:58.791 | ERROR   |src.controllers.processamento_controller:processar:104 - E-mail '00000000A949F53E017BB44C86E46D56D2D6BB100700F25FC41A3584FC499D024E55DD250D4D00005211FBDF0000137D0D4C70E1CF4091747B97613AB5A60000A35B1B410000' capturado mas não movido para 'PROCESSADOS': Não foi possível acessar/criar a pasta 'PROCESSADOS'. Detalhe: (-2147352567, 'Exceção.', (4096, 'Microsoft Outlook', 'Não é possível criar a pasta.', None, 0, -2147352567), None)
2026-08-13 11:53:58.866 | INFO    |src.controllers.outlook_controller:capturar_arquivos:134 - E-mail '00000000A949F53E017BB44C86E46D56D2D6BB100700F25FC41A3584FC499D024E55DD250D4D00005211FBDF0000137D0D4C70E1CF4091747B97613AB5A60000A35B1B420000': 2 anexo(s) baixado(s) para 'C:\RPA\Dtraf\MVP2\MVP2\DETRAF-UNIFICADO\unificado\arquivos\Entrada\9D024E55DD250D4D00005211FBDF0000137D0D4C70E1CF4091747B97613AB5A60000A35B1B420000'.
2026-08-13 11:53:58.907 | INFO    |comum.integracoes.outlook:move_to_subfolder:188 - Pasta 'PROCESSADOS' não encontrada em 'Detraf Despesas' — criando.
2026-08-13 11:53:59.144 | ERROR   |src.controllers.processamento_controller:processar:104 - E-mail '00000000A949F53E017BB44C86E46D56D2D6BB100700F25FC41A3584FC499D024E55DD250D4D00005211FBDF0000137D0D4C70E1CF4091747B97613AB5A60000A35B1B420000' capturado mas não movido para 'PROCESSADOS': Não foi possível acessar/criar a pasta 'PROCESSADOS'. Detalhe: (-2147352567, 'Exceção.', (4096, 'Microsoft Outlook', 'Não é possível criar a pasta.', None, 0, -2147352567), None)
2026-08-13 11:53:59.217 | INFO    |src.controllers.outlook_controller:capturar_arquivos:134 - E-mail '00000000A949F53E017BB44C86E46D56D2D6BB100700F25FC41A3584FC499D024E55DD250D4D00005211FBDF0000137D0D4C70E1CF4091747B97613AB5A60000A35B1B430000': 2 anexo(s) baixado(s) para 'C:\RPA\Dtraf\MVP2\MVP2\DETRAF-UNIFICADO\unificado\arquivos\Entrada\9D024E55DD250D4D00005211FBDF0000137D0D4C70E1CF4091747B97613AB5A60000A35B1B430000'.
2026-08-13 11:53:59.251 | INFO    |comum.integracoes.outlook:move_to_subfolder:188 - Pasta 'PROCESSADOS' não encontrada em 'Detraf Despesas' — criando.
2026-08-13 11:53:59.484 | ERROR   |src.controllers.processamento_controller:processar:104 - E-mail '00000000A949F53E017BB44C86E46D56D2D6BB100700F25FC41A3584FC499D024E55DD250D4D00005211FBDF0000137D0D4C70E1CF4091747B97613AB5A60000A35B1B430000' capturado mas não movido para 'PROCESSADOS': Não foi possível acessar/criar a pasta 'PROCESSADOS'. Detalhe: (-2147352567, 'Exceção.', (4096, 'Microsoft Outlook', 'Não é possível criar a pasta.', None, 0, -2147352567), None)
2026-08-13 11:53:59.560 | INFO    |src.controllers.outlook_controller:capturar_arquivos:134 - E-mail '00000000A949F53E017BB44C86E46D56D2D6BB100700F25FC41A3584FC499D024E55DD250D4D00005211FBDF0000137D0D4C70E1CF4091747B97613AB5A60000A35B1B440000': 2 anexo(s) baixado(s) para 'C:\RPA\Dtraf\MVP2\MVP2\DETRAF-UNIFICADO\unificado\arquivos\Entrada\9D024E55DD250D4D00005211FBDF0000137D0D4C70E1CF4091747B97613AB5A60000A35B1B440000'.
2026-08-13 11:53:59.605 | INFO    |comum.integracoes.outlook:move_to_subfolder:188 - Pasta 'PROCESSADOS' não encontrada em 'Detraf Despesas' — criando.
2026-08-13 11:53:59.841 | ERROR   |src.controllers.processamento_controller:processar:104 - E-mail '00000000A949F53E017BB44C86E46D56D2D6BB100700F25FC41A3584FC499D024E55DD250D4D00005211FBDF0000137D0D4C70E1CF4091747B97613AB5A60000A35B1B440000' capturado mas não movido para 'PROCESSADOS': Não foi possível acessar/criar a pasta 'PROCESSADOS'. Detalhe: (-2147352567, 'Exceção.', (4096, 'Microsoft Outlook', 'Não é possível criar a pasta.', None, 0, -2147352567), None)
2026-08-13 11:53:59.919 | INFO    |src.controllers.outlook_controller:capturar_arquivos:134 - E-mail '00000000A949F53E017BB44C86E46D56D2D6BB100700F25FC41A3584FC499D024E55DD250D4D00005211FBDF0000137D0D4C70E1CF4091747B97613AB5A60000A35B1B450000': 2 anexo(s) ignorado(s) por extensão não permitida — VIVO LD _notas_20260807092150509.zip, Vivo SMP_notas_20260807092201416.zip
2026-08-13 11:53:59.919 | INFO    |src.controllers.outlook_controller:capturar_arquivos:134 - E-mail '00000000A949F53E017BB44C86E46D56D2D6BB100700F25FC41A3584FC499D024E55DD250D4D00005211FBDF0000137D0D4C70E1CF4091747B97613AB5A60000A35B1B450000': 2 anexo(s) baixado(s) para 'C:\RPA\Dtraf\MVP2\MVP2\DETRAF-UNIFICADO\unificado\arquivos\Entrada\9D024E55DD250D4D00005211FBDF0000137D0D4C70E1CF4091747B97613AB5A60000A35B1B450000'.
2026-08-13 11:53:59.949 | INFO    |comum.integracoes.outlook:move_to_subfolder:188 - Pasta 'PROCESSADOS' não encontrada em 'Detraf Despesas' — criando.
2026-08-13 11:54:00.183 | ERROR   |src.controllers.processamento_controller:processar:104 - E-mail '00000000A949F53E017BB44C86E46D56D2D6BB100700F25FC41A3584FC499D024E55DD250D4D00005211FBDF0000137D0D4C70E1CF4091747B97613AB5A60000A35B1B450000' capturado mas não movido para 'PROCESSADOS': Não foi possível acessar/criar a pasta 'PROCESSADOS'. Detalhe: (-2147352567, 'Exceção.', (4096, 'Microsoft Outlook', 'Não é possível criar a pasta.', None, 0, -2147352567), None)
2026-08-13 11:54:00.293 | INFO    |src.controllers.outlook_controller:capturar_arquivos:134 - E-mail '00000000A949F53E017BB44C86E46D56D2D6BB100700F25FC41A3584FC499D024E55DD250D4D00005211FBDF0000137D0D4C70E1CF4091747B97613AB5A60000A35B1B460000': 4 anexo(s) baixado(s) para 'C:\RPA\Dtraf\MVP2\MVP2\DETRAF-UNIFICADO\unificado\arquivos\Entrada\9D024E55DD250D4D00005211FBDF0000137D0D4C70E1CF4091747B97613AB5A60000A35B1B460000'.
2026-08-13 11:54:00.332 | INFO    |comum.integracoes.outlook:move_to_subfolder:188 - Pasta 'PROCESSADOS' não encontrada em 'Detraf Despesas' — criando.
2026-08-13 11:54:00.574 | ERROR   |src.controllers.processamento_controller:processar:104 - E-mail '00000000A949F53E017BB44C86E46D56D2D6BB100700F25FC41A3584FC499D024E55DD250D4D00005211FBDF0000137D0D4C70E1CF4091747B97613AB5A60000A35B1B460000' capturado mas não movido para 'PROCESSADOS': Não foi possível acessar/criar a pasta 'PROCESSADOS'. Detalhe: (-2147352567, 'Exceção.', (4096, 'Microsoft Outlook', 'Não é possível criar a pasta.', None, 0, -2147352567), None)
2026-08-13 11:54:00.674 | INFO    |src.controllers.outlook_controller:capturar_arquivos:134 - E-mail '00000000A949F53E017BB44C86E46D56D2D6BB100700F25FC41A3584FC499D024E55DD250D4D00005211FBDF0000137D0D4C70E1CF4091747B97613AB5A60000A35B1B470000': 4 anexo(s) baixado(s) para 'C:\RPA\Dtraf\MVP2\MVP2\DETRAF-UNIFICADO\unificado\arquivos\Entrada\9D024E55DD250D4D00005211FBDF0000137D0D4C70E1CF4091747B97613AB5A60000A35B1B470000'.
2026-08-13 11:54:00.719 | INFO    |comum.integracoes.outlook:move_to_subfolder:188 - Pasta 'PROCESSADOS' não encontrada em 'Detraf Despesas' — criando.
2026-08-13 11:54:00.954 | ERROR   |src.controllers.processamento_controller:processar:104 - E-mail '00000000A949F53E017BB44C86E46D56D2D6BB100700F25FC41A3584FC499D024E55DD250D4D00005211FBDF0000137D0D4C70E1CF4091747B97613AB5A60000A35B1B470000' capturado mas não movido para 'PROCESSADOS': Não foi possível acessar/criar a pasta 'PROCESSADOS'. Detalhe: (-2147352567, 'Exceção.', (4096, 'Microsoft Outlook', 'Não é possível criar a pasta.', None, 0, -2147352567), None)
2026-08-13 11:54:01.030 | INFO    |src.controllers.outlook_controller:capturar_arquivos:134 - E-mail '00000000A949F53E017BB44C86E46D56D2D6BB100700F25FC41A3584FC499D024E55DD250D4D00005211FBDF0000137D0D4C70E1CF4091747B97613AB5A60000A35B1B480000': 2 anexo(s) baixado(s) para 'C:\RPA\Dtraf\MVP2\MVP2\DETRAF-UNIFICADO\unificado\arquivos\Entrada\9D024E55DD250D4D00005211FBDF0000137D0D4C70E1CF4091747B97613AB5A60000A35B1B480000'.
2026-08-13 11:54:01.067 | INFO    |comum.integracoes.outlook:move_to_subfolder:188 - Pasta 'PROCESSADOS' não encontrada em 'Detraf Despesas' — criando.
2026-08-13 11:54:01.298 | ERROR   |src.controllers.processamento_controller:processar:104 - E-mail '00000000A949F53E017BB44C86E46D56D2D6BB100700F25FC41A3584FC499D024E55DD250D4D00005211FBDF0000137D0D4C70E1CF4091747B97613AB5A60000A35B1B480000' capturado mas não movido para 'PROCESSADOS': Não foi possível acessar/criar a pasta 'PROCESSADOS'. Detalhe: (-2147352567, 'Exceção.', (4096, 'Microsoft Outlook', 'Não é possível criar a pasta.', None, 0, -2147352567), None)
2026-08-13 11:54:01.337 | INFO    |src.controllers.outlook_controller:capturar_arquivos:134 - E-mail '00000000A949F53E017BB44C86E46D56D2D6BB100700F25FC41A3584FC499D024E55DD250D4D00005211FBDF0000137D0D4C70E1CF4091747B97613AB5A60000A35B1B490000': 1 anexo(s) baixado(s) para 'C:\RPA\Dtraf\MVP2\MVP2\DETRAF-UNIFICADO\unificado\arquivos\Entrada\9D024E55DD250D4D00005211FBDF0000137D0D4C70E1CF4091747B97613AB5A60000A35B1B490000'.
2026-08-13 11:54:01.367 | INFO    |comum.integracoes.outlook:move_to_subfolder:188 - Pasta 'PROCESSADOS' não encontrada em 'Detraf Despesas' — criando.
2026-08-13 11:54:01.603 | ERROR   |src.controllers.processamento_controller:processar:104 - E-mail '00000000A949F53E017BB44C86E46D56D2D6BB100700F25FC41A3584FC499D024E55DD250D4D00005211FBDF0000137D0D4C70E1CF4091747B97613AB5A60000A35B1B490000' capturado mas não movido para 'PROCESSADOS': Não foi possível acessar/criar a pasta 'PROCESSADOS'. Detalhe: (-2147352567, 'Exceção.', (4096, 'Microsoft Outlook', 'Não é possível criar a pasta.', None, 0, -2147352567), None)
2026-08-13 11:54:01.689 | INFO    |src.controllers.outlook_controller:capturar_arquivos:134 - E-mail '00000000A949F53E017BB44C86E46D56D2D6BB100700F25FC41A3584FC499D024E55DD250D4D00005211FBDF0000137D0D4C70E1CF4091747B97613AB5A60000A35B1B4A0000': 2 anexo(s) baixado(s) para 'C:\RPA\Dtraf\MVP2\MVP2\DETRAF-UNIFICADO\unificado\arquivos\Entrada\9D024E55DD250D4D00005211FBDF0000137D0D4C70E1CF4091747B97613AB5A60000A35B1B4A0000'.
2026-08-13 11:54:01.732 | INFO    |comum.integracoes.outlook:move_to_subfolder:188 - Pasta 'PROCESSADOS' não encontrada em 'Detraf Despesas' — criando.
2026-08-13 11:54:01.975 | ERROR   |src.controllers.processamento_controller:processar:104 - E-mail '00000000A949F53E017BB44C86E46D56D2D6BB100700F25FC41A3584FC499D024E55DD250D4D00005211FBDF0000137D0D4C70E1CF4091747B97613AB5A60000A35B1B4A0000' capturado mas não movido para 'PROCESSADOS': Não foi possível acessar/criar a pasta 'PROCESSADOS'. Detalhe: (-2147352567, 'Exceção.', (4096, 'Microsoft Outlook', 'Não é possível criar a pasta.', None, 0, -2147352567), None)
2026-08-13 11:54:02.029 | INFO    |src.controllers.outlook_controller:capturar_arquivos:134 - E-mail '00000000A949F53E017BB44C86E46D56D2D6BB100700F25FC41A3584FC499D024E55DD250D4D00005211FBDF0000137D0D4C70E1CF4091747B97613AB5A60000A35B1B4B0000': 2 anexo(s) ignorado(s) por extensão não permitida — CT_DETRAF_MVX_VIVO.pdf, RESUMO_DETRAF_MVX_VIVO.pdf
2026-08-13 11:54:02.029 | INFO    |src.controllers.outlook_controller:capturar_arquivos:134 - E-mail '00000000A949F53E017BB44C86E46D56D2D6BB100700F25FC41A3584FC499D024E55DD250D4D00005211FBDF0000137D0D4C70E1CF4091747B97613AB5A60000A35B1B4B0000': 1 anexo(s) baixado(s) para 'C:\RPA\Dtraf\MVP2\MVP2\DETRAF-UNIFICADO\unificado\arquivos\Entrada\9D024E55DD250D4D00005211FBDF0000137D0D4C70E1CF4091747B97613AB5A60000A35B1B4B0000'.
2026-08-13 11:54:02.062 | INFO    |comum.integracoes.outlook:move_to_subfolder:188 - Pasta 'PROCESSADOS' não encontrada em 'Detraf Despesas' — criando.
2026-08-13 11:54:02.296 | ERROR   |src.controllers.processamento_controller:processar:104 - E-mail '00000000A949F53E017BB44C86E46D56D2D6BB100700F25FC41A3584FC499D024E55DD250D4D00005211FBDF0000137D0D4C70E1CF4091747B97613AB5A60000A35B1B4B0000' capturado mas não movido para 'PROCESSADOS': Não foi possível acessar/criar a pasta 'PROCESSADOS'. Detalhe: (-2147352567, 'Exceção.', (4096, 'Microsoft Outlook', 'Não é possível criar a pasta.', None, 0, -2147352567), None)
2026-08-13 11:54:02.340 | INFO    |src.controllers.outlook_controller:capturar_arquivos:134 - E-mail '00000000A949F53E017BB44C86E46D56D2D6BB100700F25FC41A3584FC499D024E55DD250D4D00005211FBDF0000137D0D4C70E1CF4091747B97613AB5A60000A35B1B4C0000': 1 anexo(s) baixado(s) para 'C:\RPA\Dtraf\MVP2\MVP2\DETRAF-UNIFICADO\unificado\arquivos\Entrada\9D024E55DD250D4D00005211FBDF0000137D0D4C70E1CF4091747B97613AB5A60000A35B1B4C0000'.
2026-08-13 11:54:02.383 | INFO    |comum.integracoes.outlook:move_to_subfolder:188 - Pasta 'PROCESSADOS' não encontrada em 'Detraf Despesas' — criando.
2026-08-13 11:54:02.620 | ERROR   |src.controllers.processamento_controller:processar:104 - E-mail '00000000A949F53E017BB44C86E46D56D2D6BB100700F25FC41A3584FC499D024E55DD250D4D00005211FBDF0000137D0D4C70E1CF4091747B97613AB5A60000A35B1B4C0000' capturado mas não movido para 'PROCESSADOS': Não foi possível acessar/criar a pasta 'PROCESSADOS'. Detalhe: (-2147352567, 'Exceção.', (4096, 'Microsoft Outlook', 'Não é possível criar a pasta.', None, 0, -2147352567), None)
2026-08-13 11:54:02.657 | INFO    |src.controllers.outlook_controller:capturar_arquivos:134 - E-mail '00000000A949F53E017BB44C86E46D56D2D6BB100700F25FC41A3584FC499D024E55DD250D4D00005211FBDF0000137D0D4C70E1CF4091747B97613AB5A60000A35B1B4D0000': 1 anexo(s) baixado(s) para 'C:\RPA\Dtraf\MVP2\MVP2\DETRAF-UNIFICADO\unificado\arquivos\Entrada\9D024E55DD250D4D00005211FBDF0000137D0D4C70E1CF4091747B97613AB5A60000A35B1B4D0000'.
2026-08-13 11:54:02.689 | INFO    |comum.integracoes.outlook:move_to_subfolder:188 - Pasta 'PROCESSADOS' não encontrada em 'Detraf Despesas' — criando.
2026-08-13 11:54:02.922 | ERROR   |src.controllers.processamento_controller:processar:104 - E-mail '00000000A949F53E017BB44C86E46D56D2D6BB100700F25FC41A3584FC499D024E55DD250D4D00005211FBDF0000137D0D4C70E1CF4091747B97613AB5A60000A35B1B4D0000' capturado mas não movido para 'PROCESSADOS': Não foi possível acessar/criar a pasta 'PROCESSADOS'. Detalhe: (-2147352567, 'Exceção.', (4096, 'Microsoft Outlook', 'Não é possível criar a pasta.', None, 0, -2147352567), None)
2026-08-13 11:54:02.968 | INFO    |src.controllers.outlook_controller:capturar_arquivos:134 - E-mail '00000000A949F53E017BB44C86E46D56D2D6BB100700F25FC41A3584FC499D024E55DD250D4D00005211FBDF0000137D0D4C70E1CF4091747B97613AB5A60000A35B1B4E0000': 1 anexo(s) baixado(s) para 'C:\RPA\Dtraf\MVP2\MVP2\DETRAF-UNIFICADO\unificado\arquivos\Entrada\9D024E55DD250D4D00005211FBDF0000137D0D4C70E1CF4091747B97613AB5A60000A35B1B4E0000'.
2026-08-13 11:54:03.001 | INFO    |comum.integracoes.outlook:move_to_subfolder:188 - Pasta 'PROCESSADOS' não encontrada em 'Detraf Despesas' — criando.
2026-08-13 11:54:03.237 | ERROR   |src.controllers.processamento_controller:processar:104 - E-mail '00000000A949F53E017BB44C86E46D56D2D6BB100700F25FC41A3584FC499D024E55DD250D4D00005211FBDF0000137D0D4C70E1CF4091747B97613AB5A60000A35B1B4E0000' capturado mas não movido para 'PROCESSADOS': Não foi possível acessar/criar a pasta 'PROCESSADOS'. Detalhe: (-2147352567, 'Exceção.', (4096, 'Microsoft Outlook', 'Não é possível criar a pasta.', None, 0, -2147352567), None)
2026-08-13 11:54:03.287 | INFO    |src.controllers.outlook_controller:capturar_arquivos:134 - E-mail '00000000A949F53E017BB44C86E46D56D2D6BB100700F25FC41A3584FC499D024E55DD250D4D00005211FBDF0000137D0D4C70E1CF4091747B97613AB5A60000A35B1B4F0000': 1 anexo(s) baixado(s) para 'C:\RPA\Dtraf\MVP2\MVP2\DETRAF-UNIFICADO\unificado\arquivos\Entrada\9D024E55DD250D4D00005211FBDF0000137D0D4C70E1CF4091747B97613AB5A60000A35B1B4F0000'.
2026-08-13 11:54:03.316 | INFO    |comum.integracoes.outlook:move_to_subfolder:188 - Pasta 'PROCESSADOS' não encontrada em 'Detraf Despesas' — criando.
2026-08-13 11:54:03.559 | ERROR   |src.controllers.processamento_controller:processar:104 - E-mail '00000000A949F53E017BB44C86E46D56D2D6BB100700F25FC41A3584FC499D024E55DD250D4D00005211FBDF0000137D0D4C70E1CF4091747B97613AB5A60000A35B1B4F0000' capturado mas não movido para 'PROCESSADOS': Não foi possível acessar/criar a pasta 'PROCESSADOS'. Detalhe: (-2147352567, 'Exceção.', (4096, 'Microsoft Outlook', 'Não é possível criar a pasta.', None, 0, -2147352567), None)
2026-08-13 11:54:03.613 | INFO    |src.controllers.outlook_controller:capturar_arquivos:134 - E-mail '00000000A949F53E017BB44C86E46D56D2D6BB100700F25FC41A3584FC499D024E55DD250D4D00005211FBDF0000137D0D4C70E1CF4091747B97613AB5A60000A35B1B500000': 1 anexo(s) baixado(s) para 'C:\RPA\Dtraf\MVP2\MVP2\DETRAF-UNIFICADO\unificado\arquivos\Entrada\9D024E55DD250D4D00005211FBDF0000137D0D4C70E1CF4091747B97613AB5A60000A35B1B500000'.
2026-08-13 11:54:03.648 | INFO    |comum.integracoes.outlook:move_to_subfolder:188 - Pasta 'PROCESSADOS' não encontrada em 'Detraf Despesas' — criando.
2026-08-13 11:54:03.895 | ERROR   |src.controllers.processamento_controller:processar:104 - E-mail '00000000A949F53E017BB44C86E46D56D2D6BB100700F25FC41A3584FC499D024E55DD250D4D00005211FBDF0000137D0D4C70E1CF4091747B97613AB5A60000A35B1B500000' capturado mas não movido para 'PROCESSADOS': Não foi possível acessar/criar a pasta 'PROCESSADOS'. Detalhe: (-2147352567, 'Exceção.', (4096, 'Microsoft Outlook', 'Não é possível criar a pasta.', None, 0, -2147352567), None)
2026-08-13 11:54:03.949 | INFO    |src.controllers.outlook_controller:capturar_arquivos:134 - E-mail '00000000A949F53E017BB44C86E46D56D2D6BB100700F25FC41A3584FC499D024E55DD250D4D00005211FBDF0000137D0D4C70E1CF4091747B97613AB5A60000A35B1B510000': 1 anexo(s) baixado(s) para 'C:\RPA\Dtraf\MVP2\MVP2\DETRAF-UNIFICADO\unificado\arquivos\Entrada\9D024E55DD250D4D00005211FBDF0000137D0D4C70E1CF4091747B97613AB5A60000A35B1B510000'.
2026-08-13 11:54:03.977 | INFO    |comum.integracoes.outlook:move_to_subfolder:188 - Pasta 'PROCESSADOS' não encontrada em 'Detraf Despesas' — criando.
2026-08-13 11:54:04.217 | ERROR   |src.controllers.processamento_controller:processar:104 - E-mail '00000000A949F53E017BB44C86E46D56D2D6BB100700F25FC41A3584FC499D024E55DD250D4D00005211FBDF0000137D0D4C70E1CF4091747B97613AB5A60000A35B1B510000' capturado mas não movido para 'PROCESSADOS': Não foi possível acessar/criar a pasta 'PROCESSADOS'. Detalhe: (-2147352567, 'Exceção.', (4096, 'Microsoft Outlook', 'Não é possível criar a pasta.', None, 0, -2147352567), None)
2026-08-13 11:54:04.278 | INFO    |src.controllers.outlook_controller:capturar_arquivos:134 - E-mail '00000000A949F53E017BB44C86E46D56D2D6BB100700F25FC41A3584FC499D024E55DD250D4D00005211FBDF0000137D0D4C70E1CF4091747B97613AB5A60000A35B1B520000': 1 anexo(s) baixado(s) para 'C:\RPA\Dtraf\MVP2\MVP2\DETRAF-UNIFICADO\unificado\arquivos\Entrada\9D024E55DD250D4D00005211FBDF0000137D0D4C70E1CF4091747B97613AB5A60000A35B1B520000'.
2026-08-13 11:54:04.314 | INFO    |comum.integracoes.outlook:move_to_subfolder:188 - Pasta 'PROCESSADOS' não encontrada em 'Detraf Despesas' — criando.
2026-08-13 11:54:04.548 | ERROR   |src.controllers.processamento_controller:processar:104 - E-mail '00000000A949F53E017BB44C86E46D56D2D6BB100700F25FC41A3584FC499D024E55DD250D4D00005211FBDF0000137D0D4C70E1CF4091747B97613AB5A60000A35B1B520000' capturado mas não movido para 'PROCESSADOS': Não foi possível acessar/criar a pasta 'PROCESSADOS'. Detalhe: (-2147352567, 'Exceção.', (4096, 'Microsoft Outlook', 'Não é possível criar a pasta.', None, 0, -2147352567), None)
2026-08-13 11:54:04.610 | INFO    |src.controllers.outlook_controller:capturar_arquivos:134 - E-mail '00000000A949F53E017BB44C86E46D56D2D6BB100700F25FC41A3584FC499D024E55DD250D4D00005211FBDF0000137D0D4C70E1CF4091747B97613AB5A60000A35B1B530000': 1 anexo(s) baixado(s) para 'C:\RPA\Dtraf\MVP2\MVP2\DETRAF-UNIFICADO\unificado\arquivos\Entrada\9D024E55DD250D4D00005211FBDF0000137D0D4C70E1CF4091747B97613AB5A60000A35B1B530000'.
2026-08-13 11:54:04.650 | INFO    |comum.integracoes.outlook:move_to_subfolder:188 - Pasta 'PROCESSADOS' não encontrada em 'Detraf Despesas' — criando.
2026-08-13 11:54:04.883 | ERROR   |src.controllers.processamento_controller:processar:104 - E-mail '00000000A949F53E017BB44C86E46D56D2D6BB100700F25FC41A3584FC499D024E55DD250D4D00005211FBDF0000137D0D4C70E1CF4091747B97613AB5A60000A35B1B530000' capturado mas não movido para 'PROCESSADOS': Não foi possível acessar/criar a pasta 'PROCESSADOS'. Detalhe: (-2147352567, 'Exceção.', (4096, 'Microsoft Outlook', 'Não é possível criar a pasta.', None, 0, -2147352567), None)
2026-08-13 11:54:04.954 | INFO    |src.controllers.outlook_controller:capturar_arquivos:134 - E-mail '00000000A949F53E017BB44C86E46D56D2D6BB100700F25FC41A3584FC499D024E55DD250D4D00005211FBDF0000137D0D4C70E1CF4091747B97613AB5A60000A35B1B540000': 1 anexo(s) baixado(s) para 'C:\RPA\Dtraf\MVP2\MVP2\DETRAF-UNIFICADO\unificado\arquivos\Entrada\9D024E55DD250D4D00005211FBDF0000137D0D4C70E1CF4091747B97613AB5A60000A35B1B540000'.
2026-08-13 11:54:04.992 | INFO    |comum.integracoes.outlook:move_to_subfolder:188 - Pasta 'PROCESSADOS' não encontrada em 'Detraf Despesas' — criando.
2026-08-13 11:54:05.234 | ERROR   |src.controllers.processamento_controller:processar:104 - E-mail '00000000A949F53E017BB44C86E46D56D2D6BB100700F25FC41A3584FC499D024E55DD250D4D00005211FBDF0000137D0D4C70E1CF4091747B97613AB5A60000A35B1B540000' capturado mas não movido para 'PROCESSADOS': Não foi possível acessar/criar a pasta 'PROCESSADOS'. Detalhe: (-2147352567, 'Exceção.', (4096, 'Microsoft Outlook', 'Não é possível criar a pasta.', None, 0, -2147352567), None)
2026-08-13 11:54:05.335 | INFO    |src.controllers.outlook_controller:capturar_arquivos:134 - E-mail '00000000A949F53E017BB44C86E46D56D2D6BB100700F25FC41A3584FC499D024E55DD250D4D00005211FBDF0000137D0D4C70E1CF4091747B97613AB5A60000A35B1B550000': 3 anexo(s) baixado(s) para 'C:\RPA\Dtraf\MVP2\MVP2\DETRAF-UNIFICADO\unificado\arquivos\Entrada\9D024E55DD250D4D00005211FBDF0000137D0D4C70E1CF4091747B97613AB5A60000A35B1B550000'.
2026-08-13 11:54:05.374 | INFO    |comum.integracoes.outlook:move_to_subfolder:188 - Pasta 'PROCESSADOS' não encontrada em 'Detraf Despesas' — criando.
2026-08-13 11:54:05.611 | ERROR   |src.controllers.processamento_controller:processar:104 - E-mail '00000000A949F53E017BB44C86E46D56D2D6BB100700F25FC41A3584FC499D024E55DD250D4D00005211FBDF0000137D0D4C70E1CF4091747B97613AB5A60000A35B1B550000' capturado mas não movido para 'PROCESSADOS': Não foi possível acessar/criar a pasta 'PROCESSADOS'. Detalhe: (-2147352567, 'Exceção.', (4096, 'Microsoft Outlook', 'Não é possível criar a pasta.', None, 0, -2147352567), None)
2026-08-13 11:54:05.668 | INFO    |src.controllers.outlook_controller:capturar_arquivos:134 - E-mail '00000000A949F53E017BB44C86E46D56D2D6BB100700F25FC41A3584FC499D024E55DD250D4D00005211FBDF0000137D0D4C70E1CF4091747B97613AB5A60000A35B1B560000': 1 anexo(s) baixado(s) para 'C:\RPA\Dtraf\MVP2\MVP2\DETRAF-UNIFICADO\unificado\arquivos\Entrada\9D024E55DD250D4D00005211FBDF0000137D0D4C70E1CF4091747B97613AB5A60000A35B1B560000'.
2026-08-13 11:54:05.708 | INFO    |comum.integracoes.outlook:move_to_subfolder:188 - Pasta 'PROCESSADOS' não encontrada em 'Detraf Despesas' — criando.
2026-08-13 11:54:05.954 | ERROR   |src.controllers.processamento_controller:processar:104 - E-mail '00000000A949F53E017BB44C86E46D56D2D6BB100700F25FC41A3584FC499D024E55DD250D4D00005211FBDF0000137D0D4C70E1CF4091747B97613AB5A60000A35B1B560000' capturado mas não movido para 'PROCESSADOS': Não foi possível acessar/criar a pasta 'PROCESSADOS'. Detalhe: (-2147352567, 'Exceção.', (4096, 'Microsoft Outlook', 'Não é possível criar a pasta.', None, 0, -2147352567), None)
2026-08-13 11:54:06.006 | INFO    |src.controllers.outlook_controller:capturar_arquivos:134 - E-mail '00000000A949F53E017BB44C86E46D56D2D6BB100700F25FC41A3584FC499D024E55DD250D4D00005211FBDF0000137D0D4C70E1CF4091747B97613AB5A60000A35B1B570000': 1 anexo(s) baixado(s) para 'C:\RPA\Dtraf\MVP2\MVP2\DETRAF-UNIFICADO\unificado\arquivos\Entrada\9D024E55DD250D4D00005211FBDF0000137D0D4C70E1CF4091747B97613AB5A60000A35B1B570000'.
2026-08-13 11:54:06.048 | INFO    |comum.integracoes.outlook:move_to_subfolder:188 - Pasta 'PROCESSADOS' não encontrada em 'Detraf Despesas' — criando.
2026-08-13 11:54:06.287 | ERROR   |src.controllers.processamento_controller:processar:104 - E-mail '00000000A949F53E017BB44C86E46D56D2D6BB100700F25FC41A3584FC499D024E55DD250D4D00005211FBDF0000137D0D4C70E1CF4091747B97613AB5A60000A35B1B570000' capturado mas não movido para 'PROCESSADOS': Não foi possível acessar/criar a pasta 'PROCESSADOS'. Detalhe: (-2147352567, 'Exceção.', (4096, 'Microsoft Outlook', 'Não é possível criar a pasta.', None, 0, -2147352567), None)
2026-08-13 11:54:06.339 | INFO    |src.controllers.outlook_controller:capturar_arquivos:134 - E-mail '00000000A949F53E017BB44C86E46D56D2D6BB100700F25FC41A3584FC499D024E55DD250D4D00005211FBDF0000137D0D4C70E1CF4091747B97613AB5A60000A35B1B580000': 1 anexo(s) baixado(s) para 'C:\RPA\Dtraf\MVP2\MVP2\DETRAF-UNIFICADO\unificado\arquivos\Entrada\9D024E55DD250D4D00005211FBDF0000137D0D4C70E1CF4091747B97613AB5A60000A35B1B580000'.
2026-08-13 11:54:06.382 | INFO    |comum.integracoes.outlook:move_to_subfolder:188 - Pasta 'PROCESSADOS' não encontrada em 'Detraf Despesas' — criando.
2026-08-13 11:54:06.615 | ERROR   |src.controllers.processamento_controller:processar:104 - E-mail '00000000A949F53E017BB44C86E46D56D2D6BB100700F25FC41A3584FC499D024E55DD250D4D00005211FBDF0000137D0D4C70E1CF4091747B97613AB5A60000A35B1B580000' capturado mas não movido para 'PROCESSADOS': Não foi possível acessar/criar a pasta 'PROCESSADOS'. Detalhe: (-2147352567, 'Exceção.', (4096, 'Microsoft Outlook', 'Não é possível criar a pasta.', None, 0, -2147352567), None)
2026-08-13 11:54:06.680 | INFO    |src.controllers.outlook_controller:capturar_arquivos:134 - E-mail '00000000A949F53E017BB44C86E46D56D2D6BB100700F25FC41A3584FC499D024E55DD250D4D00005211FBDF0000137D0D4C70E1CF4091747B97613AB5A60000A35B1B590000': 2 anexo(s) baixado(s) para 'C:\RPA\Dtraf\MVP2\MVP2\DETRAF-UNIFICADO\unificado\arquivos\Entrada\9D024E55DD250D4D00005211FBDF0000137D0D4C70E1CF4091747B97613AB5A60000A35B1B590000'.
2026-08-13 11:54:06.722 | INFO    |comum.integracoes.outlook:move_to_subfolder:188 - Pasta 'PROCESSADOS' não encontrada em 'Detraf Despesas' — criando.
2026-08-13 11:54:06.958 | ERROR   |src.controllers.processamento_controller:processar:104 - E-mail '00000000A949F53E017BB44C86E46D56D2D6BB100700F25FC41A3584FC499D024E55DD250D4D00005211FBDF0000137D0D4C70E1CF4091747B97613AB5A60000A35B1B590000' capturado mas não movido para 'PROCESSADOS': Não foi possível acessar/criar a pasta 'PROCESSADOS'. Detalhe: (-2147352567, 'Exceção.', (4096, 'Microsoft Outlook', 'Não é possível criar a pasta.', None, 0, -2147352567), None)
2026-08-13 11:54:07.034 | INFO    |src.controllers.outlook_controller:capturar_arquivos:134 - E-mail '00000000A949F53E017BB44C86E46D56D2D6BB100700F25FC41A3584FC499D024E55DD250D4D00005211FBDF0000137D0D4C70E1CF4091747B97613AB5A60000A35B1B5A0000': 2 anexo(s) baixado(s) para 'C:\RPA\Dtraf\MVP2\MVP2\DETRAF-UNIFICADO\unificado\arquivos\Entrada\9D024E55DD250D4D00005211FBDF0000137D0D4C70E1CF4091747B97613AB5A60000A35B1B5A0000'.
2026-08-13 11:54:07.075 | INFO    |comum.integracoes.outlook:move_to_subfolder:188 - Pasta 'PROCESSADOS' não encontrada em 'Detraf Despesas' — criando.
2026-08-13 11:54:07.310 | ERROR   |src.controllers.processamento_controller:processar:104 - E-mail '00000000A949F53E017BB44C86E46D56D2D6BB100700F25FC41A3584FC499D024E55DD250D4D00005211FBDF0000137D0D4C70E1CF4091747B97613AB5A60000A35B1B5A0000' capturado mas não movido para 'PROCESSADOS': Não foi possível acessar/criar a pasta 'PROCESSADOS'. Detalhe: (-2147352567, 'Exceção.', (4096, 'Microsoft Outlook', 'Não é possível criar a pasta.', None, 0, -2147352567), None)
2026-08-13 11:54:07.355 | INFO    |src.controllers.outlook_controller:capturar_arquivos:134 - E-mail '00000000A949F53E017BB44C86E46D56D2D6BB100700F25FC41A3584FC499D024E55DD250D4D00005211FBDF0000137D0D4C70E1CF4091747B97613AB5A60000A35B1B5B0000': 1 anexo(s) baixado(s) para 'C:\RPA\Dtraf\MVP2\MVP2\DETRAF-UNIFICADO\unificado\arquivos\Entrada\9D024E55DD250D4D00005211FBDF0000137D0D4C70E1CF4091747B97613AB5A60000A35B1B5B0000'.
2026-08-13 11:54:07.397 | INFO    |comum.integracoes.outlook:move_to_subfolder:188 - Pasta 'PROCESSADOS' não encontrada em 'Detraf Despesas' — criando.
2026-08-13 11:54:07.631 | ERROR   |src.controllers.processamento_controller:processar:104 - E-mail '00000000A949F53E017BB44C86E46D56D2D6BB100700F25FC41A3584FC499D024E55DD250D4D00005211FBDF0000137D0D4C70E1CF4091747B97613AB5A60000A35B1B5B0000' capturado mas não movido para 'PROCESSADOS': Não foi possível acessar/criar a pasta 'PROCESSADOS'. Detalhe: (-2147352567, 'Exceção.', (4096, 'Microsoft Outlook', 'Não é possível criar a pasta.', None, 0, -2147352567), None)
2026-08-13 11:54:07.671 | INFO    |src.controllers.outlook_controller:capturar_arquivos:134 - E-mail '00000000A949F53E017BB44C86E46D56D2D6BB100700F25FC41A3584FC499D024E55DD250D4D00005211FBDF0000137D0D4C70E1CF4091747B97613AB5A60000A35B1B5C0000': 1 anexo(s) baixado(s) para 'C:\RPA\Dtraf\MVP2\MVP2\DETRAF-UNIFICADO\unificado\arquivos\Entrada\9D024E55DD250D4D00005211FBDF0000137D0D4C70E1CF4091747B97613AB5A60000A35B1B5C0000'.
2026-08-13 11:54:07.709 | INFO    |comum.integracoes.outlook:move_to_subfolder:188 - Pasta 'PROCESSADOS' não encontrada em 'Detraf Despesas' — criando.
2026-08-13 11:54:07.945 | ERROR   |src.controllers.processamento_controller:processar:104 - E-mail '00000000A949F53E017BB44C86E46D56D2D6BB100700F25FC41A3584FC499D024E55DD250D4D00005211FBDF0000137D0D4C70E1CF4091747B97613AB5A60000A35B1B5C0000' capturado mas não movido para 'PROCESSADOS': Não foi possível acessar/criar a pasta 'PROCESSADOS'. Detalhe: (-2147352567, 'Exceção.', (4096, 'Microsoft Outlook', 'Não é possível criar a pasta.', None, 0, -2147352567), None)
2026-08-13 11:54:07.982 | INFO    |src.controllers.outlook_controller:capturar_arquivos:134 - E-mail '00000000A949F53E017BB44C86E46D56D2D6BB100700F25FC41A3584FC499D024E55DD250D4D00005211FBDF0000137D0D4C70E1CF4091747B97613AB5A60000A35B1B5D0000': 1 anexo(s) baixado(s) para 'C:\RPA\Dtraf\MVP2\MVP2\DETRAF-UNIFICADO\unificado\arquivos\Entrada\9D024E55DD250D4D00005211FBDF0000137D0D4C70E1CF4091747B97613AB5A60000A35B1B5D0000'.
2026-08-13 11:54:08.013 | INFO    |comum.integracoes.outlook:move_to_subfolder:188 - Pasta 'PROCESSADOS' não encontrada em 'Detraf Despesas' — criando.
2026-08-13 11:54:08.247 | ERROR   |src.controllers.processamento_controller:processar:104 - E-mail '00000000A949F53E017BB44C86E46D56D2D6BB100700F25FC41A3584FC499D024E55DD250D4D00005211FBDF0000137D0D4C70E1CF4091747B97613AB5A60000A35B1B5D0000' capturado mas não movido para 'PROCESSADOS': Não foi possível acessar/criar a pasta 'PROCESSADOS'. Detalhe: (-2147352567, 'Exceção.', (4096, 'Microsoft Outlook', 'Não é possível criar a pasta.', None, 0, -2147352567), None)
2026-08-13 11:54:08.287 | INFO    |src.controllers.outlook_controller:capturar_arquivos:134 - E-mail '00000000A949F53E017BB44C86E46D56D2D6BB100700F25FC41A3584FC499D024E55DD250D4D00005211FBDF0000137D0D4C70E1CF4091747B97613AB5A60000A35B1B5E0000': 1 anexo(s) baixado(s) para 'C:\RPA\Dtraf\MVP2\MVP2\DETRAF-UNIFICADO\unificado\arquivos\Entrada\9D024E55DD250D4D00005211FBDF0000137D0D4C70E1CF4091747B97613AB5A60000A35B1B5E0000'.
2026-08-13 11:54:08.320 | INFO    |comum.integracoes.outlook:move_to_subfolder:188 - Pasta 'PROCESSADOS' não encontrada em 'Detraf Despesas' — criando.
2026-08-13 11:54:08.553 | ERROR   |src.controllers.processamento_controller:processar:104 - E-mail '00000000A949F53E017BB44C86E46D56D2D6BB100700F25FC41A3584FC499D024E55DD250D4D00005211FBDF0000137D0D4C70E1CF4091747B97613AB5A60000A35B1B5E0000' capturado mas não movido para 'PROCESSADOS': Não foi possível acessar/criar a pasta 'PROCESSADOS'. Detalhe: (-2147352567, 'Exceção.', (4096, 'Microsoft Outlook', 'Não é possível criar a pasta.', None, 0, -2147352567), None)
2026-08-13 11:54:08.594 | INFO    |src.controllers.outlook_controller:capturar_arquivos:134 - E-mail '00000000A949F53E017BB44C86E46D56D2D6BB100700F25FC41A3584FC499D024E55DD250D4D00005211FBDF0000137D0D4C70E1CF4091747B97613AB5A60000A35B1B5F0000': 1 anexo(s) baixado(s) para 'C:\RPA\Dtraf\MVP2\MVP2\DETRAF-UNIFICADO\unificado\arquivos\Entrada\9D024E55DD250D4D00005211FBDF0000137D0D4C70E1CF4091747B97613AB5A60000A35B1B5F0000'.
2026-08-13 11:54:08.621 | INFO    |comum.integracoes.outlook:move_to_subfolder:188 - Pasta 'PROCESSADOS' não encontrada em 'Detraf Despesas' — criando.
2026-08-13 11:54:08.854 | ERROR   |src.controllers.processamento_controller:processar:104 - E-mail '00000000A949F53E017BB44C86E46D56D2D6BB100700F25FC41A3584FC499D024E55DD250D4D00005211FBDF0000137D0D4C70E1CF4091747B97613AB5A60000A35B1B5F0000' capturado mas não movido para 'PROCESSADOS': Não foi possível acessar/criar a pasta 'PROCESSADOS'. Detalhe: (-2147352567, 'Exceção.', (4096, 'Microsoft Outlook', 'Não é possível criar a pasta.', None, 0, -2147352567), None)
2026-08-13 11:54:08.893 | INFO    |src.controllers.outlook_controller:capturar_arquivos:134 - E-mail '00000000A949F53E017BB44C86E46D56D2D6BB100700F25FC41A3584FC499D024E55DD250D4D00005211FBDF0000137D0D4C70E1CF4091747B97613AB5A60000A35B1B600000': 1 anexo(s) baixado(s) para 'C:\RPA\Dtraf\MVP2\MVP2\DETRAF-UNIFICADO\unificado\arquivos\Entrada\9D024E55DD250D4D00005211FBDF0000137D0D4C70E1CF4091747B97613AB5A60000A35B1B600000'.
2026-08-13 11:54:08.920 | INFO    |comum.integracoes.outlook:move_to_subfolder:188 - Pasta 'PROCESSADOS' não encontrada em 'Detraf Despesas' — criando.
2026-08-13 11:54:09.160 | ERROR   |src.controllers.processamento_controller:processar:104 - E-mail '00000000A949F53E017BB44C86E46D56D2D6BB100700F25FC41A3584FC499D024E55DD250D4D00005211FBDF0000137D0D4C70E1CF4091747B97613AB5A60000A35B1B600000' capturado mas não movido para 'PROCESSADOS': Não foi possível acessar/criar a pasta 'PROCESSADOS'. Detalhe: (-2147352567, 'Exceção.', (4096, 'Microsoft Outlook', 'Não é possível criar a pasta.', None, 0, -2147352567), None)
2026-08-13 11:54:09.198 | INFO    |src.controllers.outlook_controller:capturar_arquivos:134 - E-mail '00000000A949F53E017BB44C86E46D56D2D6BB100700F25FC41A3584FC499D024E55DD250D4D00005211FBDF0000137D0D4C70E1CF4091747B97613AB5A60000A35B1B610000': 1 anexo(s) baixado(s) para 'C:\RPA\Dtraf\MVP2\MVP2\DETRAF-UNIFICADO\unificado\arquivos\Entrada\9D024E55DD250D4D00005211FBDF0000137D0D4C70E1CF4091747B97613AB5A60000A35B1B610000'.
2026-08-13 11:54:09.232 | INFO    |comum.integracoes.outlook:move_to_subfolder:188 - Pasta 'PROCESSADOS' não encontrada em 'Detraf Despesas' — criando.
2026-08-13 11:54:09.468 | ERROR   |src.controllers.processamento_controller:processar:104 - E-mail '00000000A949F53E017BB44C86E46D56D2D6BB100700F25FC41A3584FC499D024E55DD250D4D00005211FBDF0000137D0D4C70E1CF4091747B97613AB5A60000A35B1B610000' capturado mas não movido para 'PROCESSADOS': Não foi possível acessar/criar a pasta 'PROCESSADOS'. Detalhe: (-2147352567, 'Exceção.', (4096, 'Microsoft Outlook', 'Não é possível criar a pasta.', None, 0, -2147352567), None)
2026-08-13 11:54:09.511 | INFO    |src.controllers.outlook_controller:capturar_arquivos:134 - E-mail '00000000A949F53E017BB44C86E46D56D2D6BB100700F25FC41A3584FC499D024E55DD250D4D00005211FBDF0000137D0D4C70E1CF4091747B97613AB5A60000A35B1B620000': 1 anexo(s) baixado(s) para 'C:\RPA\Dtraf\MVP2\MVP2\DETRAF-UNIFICADO\unificado\arquivos\Entrada\9D024E55DD250D4D00005211FBDF0000137D0D4C70E1CF4091747B97613AB5A60000A35B1B620000'.
2026-08-13 11:54:09.540 | INFO    |comum.integracoes.outlook:move_to_subfolder:188 - Pasta 'PROCESSADOS' não encontrada em 'Detraf Despesas' — criando.
2026-08-13 11:54:09.777 | ERROR   |src.controllers.processamento_controller:processar:104 - E-mail '00000000A949F53E017BB44C86E46D56D2D6BB100700F25FC41A3584FC499D024E55DD250D4D00005211FBDF0000137D0D4C70E1CF4091747B97613AB5A60000A35B1B620000' capturado mas não movido para 'PROCESSADOS': Não foi possível acessar/criar a pasta 'PROCESSADOS'. Detalhe: (-2147352567, 'Exceção.', (4096, 'Microsoft Outlook', 'Não é possível criar a pasta.', None, 0, -2147352567), None)
2026-08-13 11:54:09.817 | INFO    |src.controllers.outlook_controller:capturar_arquivos:134 - E-mail '00000000A949F53E017BB44C86E46D56D2D6BB100700F25FC41A3584FC499D024E55DD250D4D00005211FBDF0000137D0D4C70E1CF4091747B97613AB5A60000A35B1B630000': 1 anexo(s) baixado(s) para 'C:\RPA\Dtraf\MVP2\MVP2\DETRAF-UNIFICADO\unificado\arquivos\Entrada\9D024E55DD250D4D00005211FBDF0000137D0D4C70E1CF4091747B97613AB5A60000A35B1B630000'.
2026-08-13 11:54:09.846 | INFO    |comum.integracoes.outlook:move_to_subfolder:188 - Pasta 'PROCESSADOS' não encontrada em 'Detraf Despesas' — criando.
2026-08-13 11:54:10.079 | ERROR   |src.controllers.processamento_controller:processar:104 - E-mail '00000000A949F53E017BB44C86E46D56D2D6BB100700F25FC41A3584FC499D024E55DD250D4D00005211FBDF0000137D0D4C70E1CF4091747B97613AB5A60000A35B1B630000' capturado mas não movido para 'PROCESSADOS': Não foi possível acessar/criar a pasta 'PROCESSADOS'. Detalhe: (-2147352567, 'Exceção.', (4096, 'Microsoft Outlook', 'Não é possível criar a pasta.', None, 0, -2147352567), None)
2026-08-13 11:54:10.124 | INFO    |src.controllers.outlook_controller:capturar_arquivos:134 - E-mail '00000000A949F53E017BB44C86E46D56D2D6BB100700F25FC41A3584FC499D024E55DD250D4D00005211FBDF0000137D0D4C70E1CF4091747B97613AB5A60000A35B1B640000': 1 anexo(s) baixado(s) para 'C:\RPA\Dtraf\MVP2\MVP2\DETRAF-UNIFICADO\unificado\arquivos\Entrada\9D024E55DD250D4D00005211FBDF0000137D0D4C70E1CF4091747B97613AB5A60000A35B1B640000'.
2026-08-13 11:54:10.154 | INFO    |comum.integracoes.outlook:move_to_subfolder:188 - Pasta 'PROCESSADOS' não encontrada em 'Detraf Despesas' — criando.
2026-08-13 11:54:10.391 | ERROR   |src.controllers.processamento_controller:processar:104 - E-mail '00000000A949F53E017BB44C86E46D56D2D6BB100700F25FC41A3584FC499D024E55DD250D4D00005211FBDF0000137D0D4C70E1CF4091747B97613AB5A60000A35B1B640000' capturado mas não movido para 'PROCESSADOS': Não foi possível acessar/criar a pasta 'PROCESSADOS'. Detalhe: (-2147352567, 'Exceção.', (4096, 'Microsoft Outlook', 'Não é possível criar a pasta.', None, 0, -2147352567), None)
2026-08-13 11:54:10.432 | INFO    |src.controllers.outlook_controller:capturar_arquivos:134 - E-mail '00000000A949F53E017BB44C86E46D56D2D6BB100700F25FC41A3584FC499D024E55DD250D4D00005211FBDF0000137D0D4C70E1CF4091747B97613AB5A60000A35B1B650000': 1 anexo(s) baixado(s) para 'C:\RPA\Dtraf\MVP2\MVP2\DETRAF-UNIFICADO\unificado\arquivos\Entrada\9D024E55DD250D4D00005211FBDF0000137D0D4C70E1CF4091747B97613AB5A60000A35B1B650000'.
2026-08-13 11:54:10.463 | INFO    |comum.integracoes.outlook:move_to_subfolder:188 - Pasta 'PROCESSADOS' não encontrada em 'Detraf Despesas' — criando.
2026-08-13 11:54:10.700 | ERROR   |src.controllers.processamento_controller:processar:104 - E-mail '00000000A949F53E017BB44C86E46D56D2D6BB100700F25FC41A3584FC499D024E55DD250D4D00005211FBDF0000137D0D4C70E1CF4091747B97613AB5A60000A35B1B650000' capturado mas não movido para 'PROCESSADOS': Não foi possível acessar/criar a pasta 'PROCESSADOS'. Detalhe: (-2147352567, 'Exceção.', (4096, 'Microsoft Outlook', 'Não é possível criar a pasta.', None, 0, -2147352567), None)
2026-08-13 11:54:10.744 | INFO    |src.controllers.outlook_controller:capturar_arquivos:134 - E-mail '00000000A949F53E017BB44C86E46D56D2D6BB100700F25FC41A3584FC499D024E55DD250D4D00005211FBDF0000137D0D4C70E1CF4091747B97613AB5A60000A35B1B660000': 1 anexo(s) baixado(s) para 'C:\RPA\Dtraf\MVP2\MVP2\DETRAF-UNIFICADO\unificado\arquivos\Entrada\9D024E55DD250D4D00005211FBDF0000137D0D4C70E1CF4091747B97613AB5A60000A35B1B660000'.
2026-08-13 11:54:10.776 | INFO    |comum.integracoes.outlook:move_to_subfolder:188 - Pasta 'PROCESSADOS' não encontrada em 'Detraf Despesas' — criando.
2026-08-13 11:54:11.008 | ERROR   |src.controllers.processamento_controller:processar:104 - E-mail '00000000A949F53E017BB44C86E46D56D2D6BB100700F25FC41A3584FC499D024E55DD250D4D00005211FBDF0000137D0D4C70E1CF4091747B97613AB5A60000A35B1B660000' capturado mas não movido para 'PROCESSADOS': Não foi possível acessar/criar a pasta 'PROCESSADOS'. Detalhe: (-2147352567, 'Exceção.', (4096, 'Microsoft Outlook', 'Não é possível criar a pasta.', None, 0, -2147352567), None)
2026-08-13 11:54:11.053 | INFO    |src.controllers.outlook_controller:capturar_arquivos:134 - E-mail '00000000A949F53E017BB44C86E46D56D2D6BB100700F25FC41A3584FC499D024E55DD250D4D00005211FBDF0000137D0D4C70E1CF4091747B97613AB5A60000A35B1B670000': 1 anexo(s) baixado(s) para 'C:\RPA\Dtraf\MVP2\MVP2\DETRAF-UNIFICADO\unificado\arquivos\Entrada\9D024E55DD250D4D00005211FBDF0000137D0D4C70E1CF4091747B97613AB5A60000A35B1B670000'.
2026-08-13 11:54:11.092 | INFO    |comum.integracoes.outlook:move_to_subfolder:188 - Pasta 'PROCESSADOS' não encontrada em 'Detraf Despesas' — criando.
2026-08-13 11:54:11.341 | ERROR   |src.controllers.processamento_controller:processar:104 - E-mail '00000000A949F53E017BB44C86E46D56D2D6BB100700F25FC41A3584FC499D024E55DD250D4D00005211FBDF0000137D0D4C70E1CF4091747B97613AB5A60000A35B1B670000' capturado mas não movido para 'PROCESSADOS': Não foi possível acessar/criar a pasta 'PROCESSADOS'. Detalhe: (-2147352567, 'Exceção.', (4096, 'Microsoft Outlook', 'Não é possível criar a pasta.', None, 0, -2147352567), None)
2026-08-13 11:54:11.481 | INFO    |src.controllers.outlook_controller:capturar_arquivos:134 - E-mail '00000000A949F53E017BB44C86E46D56D2D6BB100700F25FC41A3584FC499D024E55DD250D4D00005211FBDF0000137D0D4C70E1CF4091747B97613AB5A60000A35B1B680000': 2 anexo(s) baixado(s) para 'C:\RPA\Dtraf\MVP2\MVP2\DETRAF-UNIFICADO\unificado\arquivos\Entrada\9D024E55DD250D4D00005211FBDF0000137D0D4C70E1CF4091747B97613AB5A60000A35B1B680000'.
2026-08-13 11:54:11.527 | INFO    |comum.integracoes.outlook:move_to_subfolder:188 - Pasta 'PROCESSADOS' não encontrada em 'Detraf Despesas' — criando.
2026-08-13 11:54:11.767 | ERROR   |src.controllers.processamento_controller:processar:104 - E-mail '00000000A949F53E017BB44C86E46D56D2D6BB100700F25FC41A3584FC499D024E55DD250D4D00005211FBDF0000137D0D4C70E1CF4091747B97613AB5A60000A35B1B680000' capturado mas não movido para 'PROCESSADOS': Não foi possível acessar/criar a pasta 'PROCESSADOS'. Detalhe: (-2147352567, 'Exceção.', (4096, 'Microsoft Outlook', 'Não é possível criar a pasta.', None, 0, -2147352567), None)
2026-08-13 11:54:11.808 | INFO    |src.controllers.outlook_controller:capturar_arquivos:134 - E-mail '00000000A949F53E017BB44C86E46D56D2D6BB100700F25FC41A3584FC499D024E55DD250D4D00005211FBDF0000137D0D4C70E1CF4091747B97613AB5A60000A35B1B690000': 1 anexo(s) baixado(s) para 'C:\RPA\Dtraf\MVP2\MVP2\DETRAF-UNIFICADO\unificado\arquivos\Entrada\9D024E55DD250D4D00005211FBDF0000137D0D4C70E1CF4091747B97613AB5A60000A35B1B690000'.
2026-08-13 11:54:11.834 | INFO    |comum.integracoes.outlook:move_to_subfolder:188 - Pasta 'PROCESSADOS' não encontrada em 'Detraf Despesas' — criando.
2026-08-13 11:54:12.067 | ERROR   |src.controllers.processamento_controller:processar:104 - E-mail '00000000A949F53E017BB44C86E46D56D2D6BB100700F25FC41A3584FC499D024E55DD250D4D00005211FBDF0000137D0D4C70E1CF4091747B97613AB5A60000A35B1B690000' capturado mas não movido para 'PROCESSADOS': Não foi possível acessar/criar a pasta 'PROCESSADOS'. Detalhe: (-2147352567, 'Exceção.', (4096, 'Microsoft Outlook', 'Não é possível criar a pasta.', None, 0, -2147352567), None)
2026-08-13 11:54:12.126 | INFO    |src.controllers.outlook_controller:capturar_arquivos:134 - E-mail '00000000A949F53E017BB44C86E46D56D2D6BB100700F25FC41A3584FC499D024E55DD250D4D00005211FBDF0000137D0D4C70E1CF4091747B97613AB5A60000A35B1B6A0000': 1 anexo(s) baixado(s) para 'C:\RPA\Dtraf\MVP2\MVP2\DETRAF-UNIFICADO\unificado\arquivos\Entrada\9D024E55DD250D4D00005211FBDF0000137D0D4C70E1CF4091747B97613AB5A60000A35B1B6A0000'.
2026-08-13 11:54:12.162 | INFO    |comum.integracoes.outlook:move_to_subfolder:188 - Pasta 'PROCESSADOS' não encontrada em 'Detraf Despesas' — criando.
2026-08-13 11:54:12.396 | ERROR   |src.controllers.processamento_controller:processar:104 - E-mail '00000000A949F53E017BB44C86E46D56D2D6BB100700F25FC41A3584FC499D024E55DD250D4D00005211FBDF0000137D0D4C70E1CF4091747B97613AB5A60000A35B1B6A0000' capturado mas não movido para 'PROCESSADOS': Não foi possível acessar/criar a pasta 'PROCESSADOS'. Detalhe: (-2147352567, 'Exceção.', (4096, 'Microsoft Outlook', 'Não é possível criar a pasta.', None, 0, -2147352567), None)
2026-08-13 11:54:12.455 | INFO    |src.controllers.outlook_controller:capturar_arquivos:134 - E-mail '00000000A949F53E017BB44C86E46D56D2D6BB100700F25FC41A3584FC499D024E55DD250D4D00005211FBDF0000137D0D4C70E1CF4091747B97613AB5A60000A35B1B6B0000': 2 anexo(s) baixado(s) para 'C:\RPA\Dtraf\MVP2\MVP2\DETRAF-UNIFICADO\unificado\arquivos\Entrada\9D024E55DD250D4D00005211FBDF0000137D0D4C70E1CF4091747B97613AB5A60000A35B1B6B0000'.
2026-08-13 11:54:12.490 | INFO    |comum.integracoes.outlook:move_to_subfolder:188 - Pasta 'PROCESSADOS' não encontrada em 'Detraf Despesas' — criando.
2026-08-13 11:54:12.726 | ERROR   |src.controllers.processamento_controller:processar:104 - E-mail '00000000A949F53E017BB44C86E46D56D2D6BB100700F25FC41A3584FC499D024E55DD250D4D00005211FBDF0000137D0D4C70E1CF4091747B97613AB5A60000A35B1B6B0000' capturado mas não movido para 'PROCESSADOS': Não foi possível acessar/criar a pasta 'PROCESSADOS'. Detalhe: (-2147352567, 'Exceção.', (4096, 'Microsoft Outlook', 'Não é possível criar a pasta.', None, 0, -2147352567), None)
2026-08-13 11:54:12.794 | INFO    |src.controllers.outlook_controller:capturar_arquivos:134 - E-mail '00000000A949F53E017BB44C86E46D56D2D6BB100700F25FC41A3584FC499D024E55DD250D4D00005211FBDF0000137D0D4C70E1CF4091747B97613AB5A60000A35B1B6C0000': 2 anexo(s) baixado(s) para 'C:\RPA\Dtraf\MVP2\MVP2\DETRAF-UNIFICADO\unificado\arquivos\Entrada\9D024E55DD250D4D00005211FBDF0000137D0D4C70E1CF4091747B97613AB5A60000A35B1B6C0000'.
2026-08-13 11:54:12.833 | INFO    |comum.integracoes.outlook:move_to_subfolder:188 - Pasta 'PROCESSADOS' não encontrada em 'Detraf Despesas' — criando.
2026-08-13 11:54:13.067 | ERROR   |src.controllers.processamento_controller:processar:104 - E-mail '00000000A949F53E017BB44C86E46D56D2D6BB100700F25FC41A3584FC499D024E55DD250D4D00005211FBDF0000137D0D4C70E1CF4091747B97613AB5A60000A35B1B6C0000' capturado mas não movido para 'PROCESSADOS': Não foi possível acessar/criar a pasta 'PROCESSADOS'. Detalhe: (-2147352567, 'Exceção.', (4096, 'Microsoft Outlook', 'Não é possível criar a pasta.', None, 0, -2147352567), None)
2026-08-13 11:54:13.107 | INFO    |src.controllers.outlook_controller:capturar_arquivos:134 - E-mail '00000000A949F53E017BB44C86E46D56D2D6BB100700F25FC41A3584FC499D024E55DD250D4D00005211FBDF0000137D0D4C70E1CF4091747B97613AB5A60000A35B1B6D0000': 1 anexo(s) baixado(s) para 'C:\RPA\Dtraf\MVP2\MVP2\DETRAF-UNIFICADO\unificado\arquivos\Entrada\9D024E55DD250D4D00005211FBDF0000137D0D4C70E1CF4091747B97613AB5A60000A35B1B6D0000'.
2026-08-13 11:54:13.150 | INFO    |comum.integracoes.outlook:move_to_subfolder:188 - Pasta 'PROCESSADOS' não encontrada em 'Detraf Despesas' — criando.
2026-08-13 11:54:13.391 | ERROR   |src.controllers.processamento_controller:processar:104 - E-mail '00000000A949F53E017BB44C86E46D56D2D6BB100700F25FC41A3584FC499D024E55DD250D4D00005211FBDF0000137D0D4C70E1CF4091747B97613AB5A60000A35B1B6D0000' capturado mas não movido para 'PROCESSADOS': Não foi possível acessar/criar a pasta 'PROCESSADOS'. Detalhe: (-2147352567, 'Exceção.', (4096, 'Microsoft Outlook', 'Não é possível criar a pasta.', None, 0, -2147352567), None)
2026-08-13 11:54:13.466 | INFO    |src.controllers.outlook_controller:capturar_arquivos:134 - E-mail '00000000A949F53E017BB44C86E46D56D2D6BB100700F25FC41A3584FC499D024E55DD250D4D00005211FBDF0000137D0D4C70E1CF4091747B97613AB5A60000A35B1B6E0000': 2 anexo(s) baixado(s) para 'C:\RPA\Dtraf\MVP2\MVP2\DETRAF-UNIFICADO\unificado\arquivos\Entrada\9D024E55DD250D4D00005211FBDF0000137D0D4C70E1CF4091747B97613AB5A60000A35B1B6E0000'.
2026-08-13 11:54:13.511 | INFO    |comum.integracoes.outlook:move_to_subfolder:188 - Pasta 'PROCESSADOS' não encontrada em 'Detraf Despesas' — criando.
2026-08-13 11:54:13.750 | ERROR   |src.controllers.processamento_controller:processar:104 - E-mail '00000000A949F53E017BB44C86E46D56D2D6BB100700F25FC41A3584FC499D024E55DD250D4D00005211FBDF0000137D0D4C70E1CF4091747B97613AB5A60000A35B1B6E0000' capturado mas não movido para 'PROCESSADOS': Não foi possível acessar/criar a pasta 'PROCESSADOS'. Detalhe: (-2147352567, 'Exceção.', (4096, 'Microsoft Outlook', 'Não é possível criar a pasta.', None, 0, -2147352567), None)
2026-08-13 11:54:13.910 | INFO    |src.controllers.outlook_controller:capturar_arquivos:134 - E-mail '00000000A949F53E017BB44C86E46D56D2D6BB100700F25FC41A3584FC499D024E55DD250D4D00005211FBDF0000137D0D4C70E1CF4091747B97613AB5A60000A35B1B6F0000': 4 anexo(s) baixado(s) para 'C:\RPA\Dtraf\MVP2\MVP2\DETRAF-UNIFICADO\unificado\arquivos\Entrada\9D024E55DD250D4D00005211FBDF0000137D0D4C70E1CF4091747B97613AB5A60000A35B1B6F0000'.
2026-08-13 11:54:13.953 | INFO    |comum.integracoes.outlook:move_to_subfolder:188 - Pasta 'PROCESSADOS' não encontrada em 'Detraf Despesas' — criando.
2026-08-13 11:54:14.189 | ERROR   |src.controllers.processamento_controller:processar:104 - E-mail '00000000A949F53E017BB44C86E46D56D2D6BB100700F25FC41A3584FC499D024E55DD250D4D00005211FBDF0000137D0D4C70E1CF4091747B97613AB5A60000A35B1B6F0000' capturado mas não movido para 'PROCESSADOS': Não foi possível acessar/criar a pasta 'PROCESSADOS'. Detalhe: (-2147352567, 'Exceção.', (4096, 'Microsoft Outlook', 'Não é possível criar a pasta.', None, 0, -2147352567), None)
2026-08-13 11:54:14.251 | INFO    |src.controllers.outlook_controller:capturar_arquivos:134 - E-mail '00000000A949F53E017BB44C86E46D56D2D6BB100700F25FC41A3584FC499D024E55DD250D4D00005211FBDF0000137D0D4C70E1CF4091747B97613AB5A60000A35B1B700000': 1 anexo(s) ignorado(s) por extensão não permitida — Notas Fiscais - DETRAF (Ref 202606)_AGERA.msg
2026-08-13 11:54:14.252 | INFO    |src.controllers.outlook_controller:capturar_arquivos:134 - E-mail '00000000A949F53E017BB44C86E46D56D2D6BB100700F25FC41A3584FC499D024E55DD250D4D00005211FBDF0000137D0D4C70E1CF4091747B97613AB5A60000A35B1B700000': 1 anexo(s) baixado(s) para 'C:\RPA\Dtraf\MVP2\MVP2\DETRAF-UNIFICADO\unificado\arquivos\Entrada\9D024E55DD250D4D00005211FBDF0000137D0D4C70E1CF4091747B97613AB5A60000A35B1B700000'.
2026-08-13 11:54:14.291 | INFO    |comum.integracoes.outlook:move_to_subfolder:188 - Pasta 'PROCESSADOS' não encontrada em 'Detraf Despesas' — criando.
2026-08-13 11:54:14.530 | ERROR   |src.controllers.processamento_controller:processar:104 - E-mail '00000000A949F53E017BB44C86E46D56D2D6BB100700F25FC41A3584FC499D024E55DD250D4D00005211FBDF0000137D0D4C70E1CF4091747B97613AB5A60000A35B1B700000' capturado mas não movido para 'PROCESSADOS': Não foi possível acessar/criar a pasta 'PROCESSADOS'. Detalhe: (-2147352567, 'Exceção.', (4096, 'Microsoft Outlook', 'Não é possível criar a pasta.', None, 0, -2147352567), None)
2026-08-13 11:54:14.662 | INFO    |src.controllers.outlook_controller:capturar_arquivos:134 - E-mail '00000000A949F53E017BB44C86E46D56D2D6BB100700F25FC41A3584FC499D024E55DD250D4D00005211FBDF0000137D0D4C70E1CF4091747B97613AB5A60000A35B1B710000': 3 anexo(s) baixado(s) para 'C:\RPA\Dtraf\MVP2\MVP2\DETRAF-UNIFICADO\unificado\arquivos\Entrada\9D024E55DD250D4D00005211FBDF0000137D0D4C70E1CF4091747B97613AB5A60000A35B1B710000'.
2026-08-13 11:54:14.724 | INFO    |comum.integracoes.outlook:move_to_subfolder:188 - Pasta 'PROCESSADOS' não encontrada em 'Detraf Despesas' — criando.
2026-08-13 11:54:14.961 | ERROR   |src.controllers.processamento_controller:processar:104 - E-mail '00000000A949F53E017BB44C86E46D56D2D6BB100700F25FC41A3584FC499D024E55DD250D4D00005211FBDF0000137D0D4C70E1CF4091747B97613AB5A60000A35B1B710000' capturado mas não movido para 'PROCESSADOS': Não foi possível acessar/criar a pasta 'PROCESSADOS'. Detalhe: (-2147352567, 'Exceção.', (4096, 'Microsoft Outlook', 'Não é possível criar a pasta.', None, 0, -2147352567), None)
2026-08-13 11:54:15.100 | INFO    |src.controllers.outlook_controller:capturar_arquivos:134 - E-mail '00000000A949F53E017BB44C86E46D56D2D6BB100700F25FC41A3584FC499D024E55DD250D4D00005211FBDF0000137D0D4C70E1CF4091747B97613AB5A60000A35B1B720000': 3 anexo(s) baixado(s) para 'C:\RPA\Dtraf\MVP2\MVP2\DETRAF-UNIFICADO\unificado\arquivos\Entrada\9D024E55DD250D4D00005211FBDF0000137D0D4C70E1CF4091747B97613AB5A60000A35B1B720000'.
2026-08-13 11:54:15.148 | INFO    |comum.integracoes.outlook:move_to_subfolder:188 - Pasta 'PROCESSADOS' não encontrada em 'Detraf Despesas' — criando.
2026-08-13 11:54:15.386 | ERROR   |src.controllers.processamento_controller:processar:104 - E-mail '00000000A949F53E017BB44C86E46D56D2D6BB100700F25FC41A3584FC499D024E55DD250D4D00005211FBDF0000137D0D4C70E1CF4091747B97613AB5A60000A35B1B720000' capturado mas não movido para 'PROCESSADOS': Não foi possível acessar/criar a pasta 'PROCESSADOS'. Detalhe: (-2147352567, 'Exceção.', (4096, 'Microsoft Outlook', 'Não é possível criar a pasta.', None, 0, -2147352567), None)
2026-08-13 11:54:15.389 | INFO    |src.controllers.processamento_controller:processar:104 - Resumo da captura — lidos: 72 | filtrados (ignorados): 0 | já rastreados (ignorados): 0 | falha no download: 0 | falha ao mover p/ PROCESSADOS: 71 | arquivos capturados: 113
2026-08-13 11:54:15.391 | INFO    |src.controllers.processamento_controller:processar:106 - [RPA 1 — etapa 1/2: captura] E-mails lidos:            72
2026-08-13 11:54:15.392 | INFO    |src.controllers.processamento_controller:processar:106 - [RPA 1 — etapa 1/2: captura] Ignorados pelo filtro:    0
2026-08-13 11:54:15.392 | INFO    |src.controllers.processamento_controller:processar:106 - [RPA 1 — etapa 1/2: captura] Ignorados (já capturados):0
2026-08-13 11:54:15.393 | INFO    |src.controllers.processamento_controller:processar:106 - [RPA 1 — etapa 1/2: captura] Falha no download:        0
2026-08-13 11:54:15.393 | INFO    |src.controllers.processamento_controller:processar:106 - [RPA 1 — etapa 1/2: captura] Falha ao mover:           71
2026-08-13 11:54:15.394 | INFO    |src.controllers.processamento_controller:processar:106 - [RPA 1 — etapa 1/2: captura] Arquivos baixados:        113
2026-08-13 11:54:15.394 | INFO    |src.controllers.processamento_controller:processar:106 - [RPA 1 — etapa 1/2: captura] Pasta: C:\RPA\Dtraf\MVP2\MVP2\DETRAF-UNIFICADO\unificado\arquivos\Entrada
2026-08-13 11:54:15.395 | INFO    |src.controllers.processamento_controller:processar:106 - [RPA 1 — etapa 1/2: captura] ────────────────────────────────────────────────────────────
2026-08-13 11:54:15.395 | INFO    |src.controllers.processamento_controller:processar:106 - [RPA 1 — etapa 1/2: captura] PRÓXIMA ETAPA: identificação da operadora e salvamento na árvore
2026-08-13 11:54:15.396 | INFO    |src.main.process_handle:run:34 - [RPA 1] Etapa 2/2 — identificação da operadora e salvamento (HU-02/HU-03)
2026-08-13 11:54:15.397 | INFO    |src.controllers.processamento_controller:processar:155 - Iniciando fluxo de processamento
2026-08-13 11:54:15.397 | INFO    |src.controllers.processamento_controller:processar:155 - Competência: 202607 | Ano: 2026
2026-08-13 11:54:15.398 | INFO    |src.controllers.processamento_controller:processar:155 - Total de arquivos a processar: 113
2026-08-13 11:54:15.458 | WARNING |src.services.processamento_service:_processar_arquivo:261 - [RPA 1] Não foi possível ler [Claro SMP - Receita - Rede SIP - 07.2026 - Enviado TLF.xlsx]: Erro ao processar a leitura do arquivo C:\RPA\Dtraf\MVP2\MVP2\DETRAF-UNIFICADO\unificado\arquivos\Entrada\9D024E55DD250D4D00005211FBDF0000137D0D4C70E1CF4091747B97613AB5A60000A35B1B2B0000\Claro SMP - Receita - Rede SIP - 07.2026 - Enviado TLF.xlsx: expected string or bytes-like object, got 'float'
2026-08-13 11:54:15.480 | INFO    |comum.dados.repositorio_cache:obter_tabela:214 - Carregando tabela [tbl_anexo5_processado]
2026-08-13 11:54:15.525 | INFO    |comum.dados.repositorio_cache:obter_tabela:214 - Tabela [tbl_anexo5_processado] carregada | Linhas: 2656 | Colunas: 18
2026-08-13 11:54:15.547 | INFO    |src.services.processamento_service:_reprovar:533 - [Layout] Motivo da recusa gravado em [Claro SMP - Receita - Rede SIP - 07.2026 - Enviado TLF_RECUSADO.md].
2026-08-13 11:54:15.549 | INFO    |comum.dados.repositorio_cache:salvar_dados_tabela_despesa:262 - Inserindo 1 registro(s) em [tbl_rpa_log_detraf_despesa_arquivos].
2026-08-13 11:54:15.565 | INFO    |comum.dados.repositorio_cache:salvar_dados_tabela_despesa:262 - 1 registro(s) persistidos em [tbl_rpa_log_detraf_despesa_arquivos].
2026-08-13 11:54:15.566 | WARNING |src.services.processamento_service:_processar_arquivo:264 - [RPA 1] 'Claro SMP - Receita - Rede SIP - 07.2026 - Enviado TLF.xlsx' REPROVADO na validação — quarentena em [C:\RPA\Dtraf\MVP2\MVP2\DETRAF-UNIFICADO\unificado\arquivos\_QUARENTENA\202607\9D024E55DD250D4D00005211FBDF0000137D0D4C70E1CF4091747B97613AB5A60000A35B1B2B0000].
2026-08-13 11:54:15.578 | WARNING |src.services.processamento_service:_processar_arquivo:262 - Arquivo [Agil_Vivo_202607.csv] rejeitado: layout fora do padrão da V2.
  posição 0 (Credora): esperado EOT numérica, encontrado "B67", "B67", "B67" [0/10 válidos]
2026-08-13 11:54:15.591 | INFO    |src.services.processamento_service:_reprovar:533 - [Layout] Motivo da recusa gravado em [Agil_Vivo_202607_RECUSADO.md].
2026-08-13 11:54:15.593 | INFO    |comum.dados.repositorio_cache:salvar_dados_tabela_despesa:262 - Inserindo 1 registro(s) em [tbl_rpa_log_detraf_despesa_arquivos].
2026-08-13 11:54:15.605 | INFO    |comum.dados.repositorio_cache:salvar_dados_tabela_despesa:262 - 1 registro(s) persistidos em [tbl_rpa_log_detraf_despesa_arquivos].
2026-08-13 11:54:15.605 | WARNING |src.services.processamento_service:_processar_arquivo:264 - [RPA 1] 'Agil_Vivo_202607.csv' REPROVADO na validação — quarentena em [C:\RPA\Dtraf\MVP2\MVP2\DETRAF-UNIFICADO\unificado\arquivos\_QUARENTENA\202607\9D024E55DD250D4D00005211FBDF0000137D0D4C70E1CF4091747B97613AB5A60000A35B1B2C0000].
2026-08-13 11:54:15.611 | WARNING |src.services.processamento_service:_processar_arquivo:262 - Arquivo [Agil_Vivo_SMP_202607.csv] rejeitado: layout fora do padrão da V2.
  posição 0 (Credora): esperado EOT numérica, encontrado "B67", "B67", "B68" [0/4 válidos]
2026-08-13 11:54:15.622 | INFO    |src.services.processamento_service:_reprovar:533 - [Layout] Motivo da recusa gravado em [Agil_Vivo_SMP_202607_RECUSADO.md].
2026-08-13 11:54:15.623 | INFO    |comum.dados.repositorio_cache:salvar_dados_tabela_despesa:262 - Inserindo 1 registro(s) em [tbl_rpa_log_detraf_despesa_arquivos].
2026-08-13 11:54:15.638 | INFO    |comum.dados.repositorio_cache:salvar_dados_tabela_despesa:262 - 1 registro(s) persistidos em [tbl_rpa_log_detraf_despesa_arquivos].
2026-08-13 11:54:15.638 | WARNING |src.services.processamento_service:_processar_arquivo:264 - [RPA 1] 'Agil_Vivo_SMP_202607.csv' REPROVADO na validação — quarentena em [C:\RPA\Dtraf\MVP2\MVP2\DETRAF-UNIFICADO\unificado\arquivos\_QUARENTENA\202607\9D024E55DD250D4D00005211FBDF0000137D0D4C70E1CF4091747B97613AB5A60000A35B1B2C0000].
2026-08-13 11:54:15.698 | INFO    |comum.dados.repositorio_cache:obter_tabela:214 - Carregando tabela [tbl_detraf_tarifas]
2026-08-13 11:54:15.702 | INFO    |comum.dados.repositorio_cache:obter_tabela:214 - Tabela [tbl_detraf_tarifas] carregada | Linhas: 110 | Colunas: 21
2026-08-13 11:54:15.733 | INFO    |comum.dominio.validacao_colunas:validar_tudo_detalhado:269 - DataFrame reprovado na validação da Coluna 10 (Minutos). Valores nulos ou não numéricos detectados.
2026-08-13 11:54:15.739 | INFO    |src.services.processamento_service:_validar:482 - Resultado das validações para o arquivo do tipo 'detraf': {'v_col1_2': True, 'v_col2_vivo': True, 'v_col3': True, 'v_col4': True, 'v_col8': True, 'v_col9': True, 'v_col10': False, 'v_col11': True, 'v_col12_15': True, 'v_tarifas_remuneradas': True}
2026-08-13 11:54:15.740 | WARNING |src.services.processamento_service:_processar_arquivo:262 - Arquivo [Ampernet_Vivo_202607.csv] rejeitado: regras de coluna não atendidas.
  Coluna 10 (Minutos): os minutos admitem no máximo 1 casa decimal.
2026-08-13 11:54:15.752 | INFO    |src.services.processamento_service:_reprovar:533 - [Layout] Motivo da recusa gravado em [Ampernet_Vivo_202607_RECUSADO.md].
2026-08-13 11:54:15.754 | INFO    |comum.dados.repositorio_cache:salvar_dados_tabela_despesa:262 - Inserindo 1 registro(s) em [tbl_rpa_log_detraf_despesa_arquivos].
2026-08-13 11:54:15.767 | INFO    |comum.dados.repositorio_cache:salvar_dados_tabela_despesa:262 - 1 registro(s) persistidos em [tbl_rpa_log_detraf_despesa_arquivos].
2026-08-13 11:54:15.768 | WARNING |src.services.processamento_service:_processar_arquivo:264 - [RPA 1] 'Ampernet_Vivo_202607.csv' REPROVADO na validação — quarentena em [C:\RPA\Dtraf\MVP2\MVP2\DETRAF-UNIFICADO\unificado\arquivos\_QUARENTENA\202607\9D024E55DD250D4D00005211FBDF0000137D0D4C70E1CF4091747B97613AB5A60000A35B1B2D0000].
2026-08-13 11:54:15.823 | INFO    |src.services.processamento_service:_validar:482 - Resultado das validações para o arquivo do tipo 'detraf': {'v_col1_2': True, 'v_col2_vivo': True, 'v_col3': True, 'v_col4': True, 'v_col8': True, 'v_col9': True, 'v_col10': True, 'v_col11': True, 'v_col12_15': True, 'v_tarifas_remuneradas': True}
2026-08-13 11:54:15.831 | WARNING |src.services.processamento_service:_processar_arquivo:297 - Estrutura do mês anterior não encontrada em 'C:\RPA\Dtraf\MVP2\MVP2\DETRAF-UNIFICADO\unificado\arquivos\Operadoras\Opcao Telecom\2026\202606' — criando 'C:\RPA\Dtraf\MVP2\MVP2\DETRAF-UNIFICADO\unificado\arquivos\Operadoras\Opcao Telecom\2026\202607' vazio.
2026-08-13 11:54:15.835 | INFO    |src.services.processamento_service:executar:145 - Processado com sucesso: Opcao_Telefonica_Brasil_S_A__202607.csv (operadora identificada via 'eot')
2026-08-13 11:54:15.893 | INFO    |src.services.processamento_service:_validar:482 - Resultado das validações para o arquivo do tipo 'detraf': {'v_col1_2': True, 'v_col2_vivo': True, 'v_col3': True, 'v_col4': True, 'v_col8': True, 'v_col9': True, 'v_col10': True, 'v_col11': True, 'v_col12_15': True, 'v_tarifas_remuneradas': True}
2026-08-13 11:54:15.900 | WARNING |src.services.processamento_service:_processar_arquivo:297 - Estrutura do mês anterior não encontrada em 'C:\RPA\Dtraf\MVP2\MVP2\DETRAF-UNIFICADO\unificado\arquivos\Operadoras\Nova Tecnologia e Telecomunicacoes\2026\202606' — criando 'C:\RPA\Dtraf\MVP2\MVP2\DETRAF-UNIFICADO\unificado\arquivos\Operadoras\Nova Tecnologia e Telecomunicacoes\2026\202607' vazio.
2026-08-13 11:54:15.903 | INFO    |src.services.processamento_service:executar:145 - Processado com sucesso: Detraf Nova x TLF_011 202607.csv (operadora identificada via 'eot')
2026-08-13 11:54:15.977 | INFO    |src.services.processamento_service:_validar:482 - Resultado das validações para o arquivo do tipo 'detraf': {'v_col1_2': True, 'v_col2_vivo': True, 'v_col3': True, 'v_col4': True, 'v_col8': True, 'v_col9': True, 'v_col10': True, 'v_col11': True, 'v_col12_15': True, 'v_tarifas_remuneradas': True}
2026-08-13 11:54:15.985 | INFO    |src.services.processamento_service:executar:145 - Processado com sucesso: Detraf Nova x Vivo SMP 202607.csv (operadora identificada via 'eot')
2026-08-13 11:54:16.044 | INFO    |comum.dominio.validacao_colunas:validar_tudo_detalhado:252 - Validação de tarifas concluída | Total: 4 | Válidas: 2 | Inválidas: 2 | Resultado final: False
2026-08-13 11:54:16.047 | INFO    |comum.dominio.validacao_colunas:validar_tudo_detalhado:265 - DataFrame reprovado na validação da Coluna 3 (Referência). Esperado apenas: 202607
2026-08-13 11:54:16.055 | INFO    |src.services.processamento_service:_validar:482 - Resultado das validações para o arquivo do tipo 'detraf': {'v_col1_2': True, 'v_col2_vivo': True, 'v_col3': False, 'v_col4': True, 'v_col8': True, 'v_col9': True, 'v_col10': True, 'v_col11': True, 'v_col12_15': True, 'v_tarifas_remuneradas': False}
2026-08-13 11:54:16.056 | WARNING |src.services.processamento_service:_processar_arquivo:262 - Arquivo [Detraf Nova x Vivo SMP 202605.csv] rejeitado: regras de coluna não atendidas.
  Coluna 3 (Referência): a referência precisa ser 202607 (AAAAMM) em todas as linhas.
  Tarifas remuneradas: há linhas cuja tarifa não corresponde à tarifa regulada vigente para a região, o grupo horário e o mês de tráfego da linha.
2026-08-13 11:54:16.069 | INFO    |src.services.processamento_service:_reprovar:533 - [Layout] Motivo da recusa gravado em [Detraf Nova x Vivo SMP 202605_RECUSADO.md].
2026-08-13 11:54:16.070 | INFO    |comum.dados.repositorio_cache:salvar_dados_tabela_despesa:262 - Inserindo 1 registro(s) em [tbl_rpa_log_detraf_despesa_arquivos].
2026-08-13 11:54:16.084 | INFO    |comum.dados.repositorio_cache:salvar_dados_tabela_despesa:262 - 1 registro(s) persistidos em [tbl_rpa_log_detraf_despesa_arquivos].
2026-08-13 11:54:16.085 | WARNING |src.services.processamento_service:_processar_arquivo:264 - [RPA 1] 'Detraf Nova x Vivo SMP 202605.csv' REPROVADO na validação — quarentena em [C:\RPA\Dtraf\MVP2\MVP2\DETRAF-UNIFICADO\unificado\arquivos\_QUARENTENA\202607\9D024E55DD250D4D00005211FBDF0000137D0D4C70E1CF4091747B97613AB5A60000A35B1B300000].
2026-08-13 11:54:16.132 | INFO    |comum.dominio.validacao_colunas:validar_tudo_detalhado:265 - DataFrame reprovado na validação da Coluna 3 (Referência). Esperado apenas: 202607
2026-08-13 11:54:16.138 | INFO    |src.services.processamento_service:_validar:482 - Resultado das validações para o arquivo do tipo 'detraf': {'v_col1_2': True, 'v_col2_vivo': True, 'v_col3': False, 'v_col4': True, 'v_col8': True, 'v_col9': True, 'v_col10': True, 'v_col11': True, 'v_col12_15': True, 'v_tarifas_remuneradas': True}
2026-08-13 11:54:16.139 | WARNING |src.services.processamento_service:_processar_arquivo:262 - Arquivo [Detraf Nova x TLF_011 202605.csv] rejeitado: regras de coluna não atendidas.
  Coluna 3 (Referência): a referência precisa ser 202607 (AAAAMM) em todas as linhas.
2026-08-13 11:54:16.150 | INFO    |src.services.processamento_service:_reprovar:533 - [Layout] Motivo da recusa gravado em [Detraf Nova x TLF_011 202605_RECUSADO.md].
2026-08-13 11:54:16.152 | INFO    |comum.dados.repositorio_cache:salvar_dados_tabela_despesa:262 - Inserindo 1 registro(s) em [tbl_rpa_log_detraf_despesa_arquivos].
2026-08-13 11:54:16.167 | INFO    |comum.dados.repositorio_cache:salvar_dados_tabela_despesa:262 - 1 registro(s) persistidos em [tbl_rpa_log_detraf_despesa_arquivos].
2026-08-13 11:54:16.168 | WARNING |src.services.processamento_service:_processar_arquivo:264 - [RPA 1] 'Detraf Nova x TLF_011 202605.csv' REPROVADO na validação — quarentena em [C:\RPA\Dtraf\MVP2\MVP2\DETRAF-UNIFICADO\unificado\arquivos\_QUARENTENA\202607\9D024E55DD250D4D00005211FBDF0000137D0D4C70E1CF4091747B97613AB5A60000A35B1B300000].
2026-08-13 11:54:16.227 | INFO    |comum.dominio.validacao_colunas:validar_tudo_detalhado:252 - Validação de tarifas concluída | Total: 2 | Válidas: 1 | Inválidas: 1 | Resultado final: False
2026-08-13 11:54:16.236 | INFO    |src.services.processamento_service:_validar:482 - Resultado das validações para o arquivo do tipo 'detraf': {'v_col1_2': True, 'v_col2_vivo': True, 'v_col3': True, 'v_col4': True, 'v_col8': True, 'v_col9': True, 'v_col10': True, 'v_col11': True, 'v_col12_15': True, 'v_tarifas_remuneradas': False}
2026-08-13 11:54:16.237 | WARNING |src.services.processamento_service:_processar_arquivo:262 - Arquivo [VIVO.xlsx] rejeitado: regras de coluna não atendidas.
  Tarifas remuneradas: há linhas cuja tarifa não corresponde à tarifa regulada vigente para a região, o grupo horário e o mês de tráfego da linha.
2026-08-13 11:54:16.253 | INFO    |src.services.processamento_service:_reprovar:533 - [Layout] Motivo da recusa gravado em [VIVO_RECUSADO.md].
2026-08-13 11:54:16.255 | INFO    |comum.dados.repositorio_cache:salvar_dados_tabela_despesa:262 - Inserindo 1 registro(s) em [tbl_rpa_log_detraf_despesa_arquivos].
2026-08-13 11:54:16.270 | INFO    |comum.dados.repositorio_cache:salvar_dados_tabela_despesa:262 - 1 registro(s) persistidos em [tbl_rpa_log_detraf_despesa_arquivos].
2026-08-13 11:54:16.271 | WARNING |src.services.processamento_service:_processar_arquivo:264 - [RPA 1] 'VIVO.xlsx' REPROVADO na validação — quarentena em [C:\RPA\Dtraf\MVP2\MVP2\DETRAF-UNIFICADO\unificado\arquivos\_QUARENTENA\202607\9D024E55DD250D4D00005211FBDF0000137D0D4C70E1CF4091747B97613AB5A60000A35B1B310000].
2026-08-13 11:54:16.353 | INFO    |comum.dominio.validacao_colunas:validar_tudo_detalhado:269 - DataFrame reprovado na validação da Coluna 10 (Minutos). Encontrados valores com mais de 1 casa decimal.
2026-08-13 11:54:16.359 | INFO    |src.services.processamento_service:_validar:482 - Resultado das validações para o arquivo do tipo 'detraf': {'v_col1_2': True, 'v_col2_vivo': True, 'v_col3': True, 'v_col4': True, 'v_col8': True, 'v_col9': True, 'v_col10': False, 'v_col11': True, 'v_col12_15': True, 'v_tarifas_remuneradas': True}
2026-08-13 11:54:16.360 | WARNING |src.services.processamento_service:_processar_arquivo:262 - Arquivo [Declaração de Tráfego UFINET x VIVO SMP 07-2026.xlsx] rejeitado: regras de coluna não atendidas.
  Coluna 10 (Minutos): os minutos admitem no máximo 1 casa decimal.
2026-08-13 11:54:16.390 | INFO    |src.services.processamento_service:_reprovar:533 - [Layout] Motivo da recusa gravado em [Declaração de Tráfego UFINET x VIVO SMP 07-2026_RECUSADO.md].
2026-08-13 11:54:16.392 | INFO    |comum.dados.repositorio_cache:salvar_dados_tabela_despesa:262 - Inserindo 1 registro(s) em [tbl_rpa_log_detraf_despesa_arquivos].
2026-08-13 11:54:16.408 | INFO    |comum.dados.repositorio_cache:salvar_dados_tabela_despesa:262 - 1 registro(s) persistidos em [tbl_rpa_log_detraf_despesa_arquivos].
2026-08-13 11:54:16.408 | WARNING |src.services.processamento_service:_processar_arquivo:264 - [RPA 1] 'Declaração de Tráfego UFINET x VIVO SMP 07-2026.xlsx' REPROVADO na validação — quarentena em [C:\RPA\Dtraf\MVP2\MVP2\DETRAF-UNIFICADO\unificado\arquivos\_QUARENTENA\202607\9D024E55DD250D4D00005211FBDF0000137D0D4C70E1CF4091747B97613AB5A60000A35B1B320000].
2026-08-13 11:54:16.473 | INFO    |src.services.processamento_service:_validar:482 - Resultado das validações para o arquivo do tipo 'detraf': {'v_col1_2': True, 'v_col2_vivo': True, 'v_col3': True, 'v_col4': True, 'v_col8': True, 'v_col9': True, 'v_col10': True, 'v_col11': True, 'v_col12_15': True, 'v_tarifas_remuneradas': True}
2026-08-13 11:54:16.490 | WARNING |src.services.processamento_service:_processar_arquivo:297 - Estrutura do mês anterior não encontrada em 'C:\RPA\Dtraf\MVP2\MVP2\DETRAF-UNIFICADO\unificado\arquivos\Operadoras\UFINET BRASIL\2026\202606' — criando 'C:\RPA\Dtraf\MVP2\MVP2\DETRAF-UNIFICADO\unificado\arquivos\Operadoras\UFINET BRASIL\2026\202607' vazio.
2026-08-13 11:54:16.496 | INFO    |src.services.processamento_service:executar:145 - Processado com sucesso: Declaração de Tráfego UFINET x VIVO LDN 07-2026.xlsx (operadora identificada via 'eot')
2026-08-13 11:54:16.500 | WARNING |src.services.processamento_service:_processar_arquivo:262 - Arquivo [detraf_202607_O51_010.csv] rejeitado: layout fora do padrão da V2.
  posição 0 (Credora): esperado EOT numérica, encontrado "O51", "O31", "H90" [0/5 válidos]
  posição 9 (Minutos): esperado número, encontrado "279.377,05", "4.276,35", "nan" [2/5 válidos]
2026-08-13 11:54:16.511 | INFO    |src.services.processamento_service:_reprovar:533 - [Layout] Motivo da recusa gravado em [detraf_202607_O51_010_RECUSADO.md].
2026-08-13 11:54:16.513 | INFO    |comum.dados.repositorio_cache:salvar_dados_tabela_despesa:262 - Inserindo 1 registro(s) em [tbl_rpa_log_detraf_despesa_arquivos].
2026-08-13 11:54:16.528 | INFO    |comum.dados.repositorio_cache:salvar_dados_tabela_despesa:262 - 1 registro(s) persistidos em [tbl_rpa_log_detraf_despesa_arquivos].
2026-08-13 11:54:16.529 | WARNING |src.services.processamento_service:_processar_arquivo:264 - [RPA 1] 'detraf_202607_O51_010.csv' REPROVADO na validação — quarentena em [C:\RPA\Dtraf\MVP2\MVP2\DETRAF-UNIFICADO\unificado\arquivos\_QUARENTENA\202607\9D024E55DD250D4D00005211FBDF0000137D0D4C70E1CF4091747B97613AB5A60000A35B1B330000].
2026-08-13 11:54:16.533 | WARNING |src.services.processamento_service:_processar_arquivo:262 - Arquivo [detraf_202607_O51_011.csv] rejeitado: layout fora do padrão da V2.
  posição 0 (Credora): esperado EOT numérica, encontrado "H90", "H90", "nan" [0/3 válidos]
  posição 9 (Minutos): esperado número, encontrado "167.921,31", "3.128,81", "nan" [0/3 válidos]
  posição 11 (R$_Liq): esperado número, encontrado "1.024,32", "1.037,68" [1/3 válidos]
  posição 14 (R$_Bruto): esperado número, encontrado "1.061,68", "1.075,53" [1/3 válidos]
2026-08-13 11:54:16.543 | INFO    |src.services.processamento_service:_reprovar:533 - [Layout] Motivo da recusa gravado em [detraf_202607_O51_011_RECUSADO.md].
2026-08-13 11:54:16.545 | INFO    |comum.dados.repositorio_cache:salvar_dados_tabela_despesa:262 - Inserindo 1 registro(s) em [tbl_rpa_log_detraf_despesa_arquivos].
2026-08-13 11:54:16.558 | INFO    |comum.dados.repositorio_cache:salvar_dados_tabela_despesa:262 - 1 registro(s) persistidos em [tbl_rpa_log_detraf_despesa_arquivos].
2026-08-13 11:54:16.559 | WARNING |src.services.processamento_service:_processar_arquivo:264 - [RPA 1] 'detraf_202607_O51_011.csv' REPROVADO na validação — quarentena em [C:\RPA\Dtraf\MVP2\MVP2\DETRAF-UNIFICADO\unificado\arquivos\_QUARENTENA\202607\9D024E55DD250D4D00005211FBDF0000137D0D4C70E1CF4091747B97613AB5A60000A35B1B330000].
2026-08-13 11:54:16.593 | INFO    |comum.dominio.validacao_colunas:validar_tudo_detalhado:252 - Validação de tarifas concluída | Total: 5 | Válidas: 4 | Inválidas: 1 | Resultado final: False
2026-08-13 11:54:16.600 | INFO    |src.services.processamento_service:_validar:482 - Resultado das validações para o arquivo do tipo 'detraf': {'v_col1_2': True, 'v_col2_vivo': True, 'v_col3': True, 'v_col4': True, 'v_col8': True, 'v_col9': True, 'v_col10': True, 'v_col11': True, 'v_col12_15': True, 'v_tarifas_remuneradas': False}
2026-08-13 11:54:16.601 | WARNING |src.services.processamento_service:_processar_arquivo:262 - Arquivo [DETRAF_IDT_TELEFONICA_07-2026_CRED.csv] rejeitado: regras de coluna não atendidas.
  Tarifas remuneradas: há linhas cuja tarifa não corresponde à tarifa regulada vigente para a região, o grupo horário e o mês de tráfego da linha.
2026-08-13 11:54:16.613 | INFO    |src.services.processamento_service:_reprovar:533 - [Layout] Motivo da recusa gravado em [DETRAF_IDT_TELEFONICA_07-2026_CRED_RECUSADO.md].
2026-08-13 11:54:16.615 | INFO    |comum.dados.repositorio_cache:salvar_dados_tabela_despesa:262 - Inserindo 1 registro(s) em [tbl_rpa_log_detraf_despesa_arquivos].
2026-08-13 11:54:16.627 | INFO    |comum.dados.repositorio_cache:salvar_dados_tabela_despesa:262 - 1 registro(s) persistidos em [tbl_rpa_log_detraf_despesa_arquivos].
2026-08-13 11:54:16.628 | WARNING |src.services.processamento_service:_processar_arquivo:264 - [RPA 1] 'DETRAF_IDT_TELEFONICA_07-2026_CRED.csv' REPROVADO na validação — quarentena em [C:\RPA\Dtraf\MVP2\MVP2\DETRAF-UNIFICADO\unificado\arquivos\_QUARENTENA\202607\9D024E55DD250D4D00005211FBDF0000137D0D4C70E1CF4091747B97613AB5A60000A35B1B340000].
2026-08-13 11:54:16.672 | INFO    |comum.dominio.validacao_colunas:validar_tudo_detalhado:252 - Validação de tarifas concluída | Total: 21 | Válidas: 20 | Inválidas: 1 | Resultado final: False
2026-08-13 11:54:16.681 | INFO    |src.services.processamento_service:_validar:482 - Resultado das validações para o arquivo do tipo 'detraf': {'v_col1_2': True, 'v_col2_vivo': True, 'v_col3': True, 'v_col4': True, 'v_col8': True, 'v_col9': True, 'v_col10': True, 'v_col11': True, 'v_col12_15': True, 'v_tarifas_remuneradas': False}
2026-08-13 11:54:16.682 | WARNING |src.services.processamento_service:_processar_arquivo:262 - Arquivo [DETRAF_IDT_VIVO_07-2026_CRED.csv] rejeitado: regras de coluna não atendidas.
  Tarifas remuneradas: há linhas cuja tarifa não corresponde à tarifa regulada vigente para a região, o grupo horário e o mês de tráfego da linha.
2026-08-13 11:54:16.693 | INFO    |src.services.processamento_service:_reprovar:533 - [Layout] Motivo da recusa gravado em [DETRAF_IDT_VIVO_07-2026_CRED_RECUSADO.md].
2026-08-13 11:54:16.695 | INFO    |comum.dados.repositorio_cache:salvar_dados_tabela_despesa:262 - Inserindo 1 registro(s) em [tbl_rpa_log_detraf_despesa_arquivos].
2026-08-13 11:54:16.709 | INFO    |comum.dados.repositorio_cache:salvar_dados_tabela_despesa:262 - 1 registro(s) persistidos em [tbl_rpa_log_detraf_despesa_arquivos].
2026-08-13 11:54:16.709 | WARNING |src.services.processamento_service:_processar_arquivo:264 - [RPA 1] 'DETRAF_IDT_VIVO_07-2026_CRED.csv' REPROVADO na validação — quarentena em [C:\RPA\Dtraf\MVP2\MVP2\DETRAF-UNIFICADO\unificado\arquivos\_QUARENTENA\202607\9D024E55DD250D4D00005211FBDF0000137D0D4C70E1CF4091747B97613AB5A60000A35B1B340000].
2026-08-13 11:54:16.719 | WARNING |src.services.processamento_service:_processar_arquivo:262 - Arquivo [expectativa-telefonica-brasil-smp-c-vc1-202607.xlsx] rejeitado: layout fora do padrão da V2.
  posição 0 (Credora): esperado EOT numérica, encontrado "B19", "B19", "B19" [0/4 válidos]
  posição 9 (Minutos): esperado número, encontrado "72,370.7", "6,291.4", "nan" [1/4 válidos]
2026-08-13 11:54:16.734 | INFO    |src.services.processamento_service:_reprovar:533 - [Layout] Motivo da recusa gravado em [expectativa-telefonica-brasil-smp-c-vc1-202607_RECUSADO.md].
2026-08-13 11:54:16.735 | INFO    |comum.dados.repositorio_cache:salvar_dados_tabela_despesa:262 - Inserindo 1 registro(s) em [tbl_rpa_log_detraf_despesa_arquivos].
2026-08-13 11:54:16.748 | INFO    |comum.dados.repositorio_cache:salvar_dados_tabela_despesa:262 - 1 registro(s) persistidos em [tbl_rpa_log_detraf_despesa_arquivos].
2026-08-13 11:54:16.749 | WARNING |src.services.processamento_service:_processar_arquivo:264 - [RPA 1] 'expectativa-telefonica-brasil-smp-c-vc1-202607.xlsx' REPROVADO na validação — quarentena em [C:\RPA\Dtraf\MVP2\MVP2\DETRAF-UNIFICADO\unificado\arquivos\_QUARENTENA\202607\9D024E55DD250D4D00005211FBDF0000137D0D4C70E1CF4091747B97613AB5A60000A35B1B350000].
2026-08-13 11:54:16.759 | WARNING |src.services.processamento_service:_processar_arquivo:262 - Arquivo [expectativa-telefonica-brasil-stfc-c-ldn-202607.xlsx] rejeitado: layout fora do padrão da V2.
  posição 0 (Credora): esperado EOT numérica, encontrado "B19", "B19", "B19" [0/7 válidos]
2026-08-13 11:54:16.773 | INFO    |src.services.processamento_service:_reprovar:533 - [Layout] Motivo da recusa gravado em [expectativa-telefonica-brasil-stfc-c-ldn-202607_RECUSADO.md].
2026-08-13 11:54:16.774 | INFO    |comum.dados.repositorio_cache:salvar_dados_tabela_despesa:262 - Inserindo 1 registro(s) em [tbl_rpa_log_detraf_despesa_arquivos].
2026-08-13 11:54:16.788 | INFO    |comum.dados.repositorio_cache:salvar_dados_tabela_despesa:262 - 1 registro(s) persistidos em [tbl_rpa_log_detraf_despesa_arquivos].
2026-08-13 11:54:16.789 | WARNING |src.services.processamento_service:_processar_arquivo:264 - [RPA 1] 'expectativa-telefonica-brasil-stfc-c-ldn-202607.xlsx' REPROVADO na validação — quarentena em [C:\RPA\Dtraf\MVP2\MVP2\DETRAF-UNIFICADO\unificado\arquivos\_QUARENTENA\202607\9D024E55DD250D4D00005211FBDF0000137D0D4C70E1CF4091747B97613AB5A60000A35B1B350000].
2026-08-13 11:54:16.802 | WARNING |src.services.processamento_service:_processar_arquivo:261 - [RPA 1] Não foi possível ler [DETRAF VMAX x TELEFONICA LDN_202607.xlsx]: Erro ao processar a leitura do arquivo C:\RPA\Dtraf\MVP2\MVP2\DETRAF-UNIFICADO\unificado\arquivos\Entrada\9D024E55DD250D4D00005211FBDF0000137D0D4C70E1CF4091747B97613AB5A60000A35B1B360000\DETRAF VMAX x TELEFONICA LDN_202607.xlsx: expected string or bytes-like object, got 'float'
2026-08-13 11:54:16.817 | INFO    |src.services.operadora_service:obter_operadora:169 - Nome Fantasia não encontrado para o texto [chimentao]
2026-08-13 11:54:16.817 | WARNING |src.services.processamento_service:_reprovar:509 - Operadora não identificada para 'DETRAF VMAX x TELEFONICA LDN_202607.xlsx' (eot='None', dominio='chimentao.com.br', texto_busca='chimentao')
2026-08-13 11:54:16.823 | INFO    |src.services.processamento_service:_reprovar:533 - [Layout] Motivo da recusa gravado em [DETRAF VMAX x TELEFONICA LDN_202607_RECUSADO.md].
2026-08-13 11:54:16.825 | INFO    |comum.dados.repositorio_cache:salvar_dados_tabela_despesa:262 - Inserindo 1 registro(s) em [tbl_rpa_log_detraf_despesa_arquivos].
2026-08-13 11:54:16.837 | INFO    |comum.dados.repositorio_cache:salvar_dados_tabela_despesa:262 - 1 registro(s) persistidos em [tbl_rpa_log_detraf_despesa_arquivos].
2026-08-13 11:54:16.837 | WARNING |src.services.processamento_service:_processar_arquivo:264 - [RPA 1] 'DETRAF VMAX x TELEFONICA LDN_202607.xlsx' REPROVADO na validação — quarentena em [C:\RPA\Dtraf\MVP2\MVP2\DETRAF-UNIFICADO\unificado\arquivos\_QUARENTENA\202607\9D024E55DD250D4D00005211FBDF0000137D0D4C70E1CF4091747B97613AB5A60000A35B1B360000].
2026-08-13 11:54:16.850 | WARNING |src.services.processamento_service:_processar_arquivo:261 - [RPA 1] Não foi possível ler [DETRAF VMAX x TELEFONICA SMP_202607.xlsx]: Erro ao processar a leitura do arquivo C:\RPA\Dtraf\MVP2\MVP2\DETRAF-UNIFICADO\unificado\arquivos\Entrada\9D024E55DD250D4D00005211FBDF0000137D0D4C70E1CF4091747B97613AB5A60000A35B1B360000\DETRAF VMAX x TELEFONICA SMP_202607.xlsx: expected string or bytes-like object, got 'float'
2026-08-13 11:54:16.864 | INFO    |src.services.operadora_service:obter_operadora:169 - Nome Fantasia não encontrado para o texto [chimentao]
2026-08-13 11:54:16.864 | WARNING |src.services.processamento_service:_reprovar:509 - Operadora não identificada para 'DETRAF VMAX x TELEFONICA SMP_202607.xlsx' (eot='None', dominio='chimentao.com.br', texto_busca='chimentao')
2026-08-13 11:54:16.868 | INFO    |src.services.processamento_service:_reprovar:533 - [Layout] Motivo da recusa gravado em [DETRAF VMAX x TELEFONICA SMP_202607_RECUSADO.md].
2026-08-13 11:54:16.870 | INFO    |comum.dados.repositorio_cache:salvar_dados_tabela_despesa:262 - Inserindo 1 registro(s) em [tbl_rpa_log_detraf_despesa_arquivos].
2026-08-13 11:54:16.883 | INFO    |comum.dados.repositorio_cache:salvar_dados_tabela_despesa:262 - 1 registro(s) persistidos em [tbl_rpa_log_detraf_despesa_arquivos].
2026-08-13 11:54:16.883 | WARNING |src.services.processamento_service:_processar_arquivo:264 - [RPA 1] 'DETRAF VMAX x TELEFONICA SMP_202607.xlsx' REPROVADO na validação — quarentena em [C:\RPA\Dtraf\MVP2\MVP2\DETRAF-UNIFICADO\unificado\arquivos\_QUARENTENA\202607\9D024E55DD250D4D00005211FBDF0000137D0D4C70E1CF4091747B97613AB5A60000A35B1B360000].
2026-08-13 11:54:16.885 | WARNING |src.services.processamento_service:_processar_arquivo:261 - [RPA 1] Não foi possível ler [Declaração de Tráfego G30 x VIVO SMP 07-2026.xls]: Erro ao processar a leitura do arquivo C:\RPA\Dtraf\MVP2\MVP2\DETRAF-UNIFICADO\unificado\arquivos\Entrada\9D024E55DD250D4D00005211FBDF0000137D0D4C70E1CF4091747B97613AB5A60000A35B1B370000\Declaração de Tráfego G30 x VIVO SMP 07-2026.xls: File contains no valid workbook part
2026-08-13 11:54:16.886 | WARNING |src.services.operadora_service:obter_operadora:157 - Falha ao extrair EOT de 'Declaração de Tráfego G30 x VIVO SMP 07-2026.xls': openpyxl does not support the old .xls file format, please use xlrd to read this file, or convert it to the more recent .xlsx file format.
2026-08-13 11:54:16.891 | INFO    |src.services.operadora_service:obter_operadora:169 - Nome Fantasia não encontrado para o texto [chimentao]
2026-08-13 11:54:16.891 | WARNING |src.services.processamento_service:_reprovar:509 - Operadora não identificada para 'Declaração de Tráfego G30 x VIVO SMP 07-2026.xls' (eot='None', dominio='chimentao.com.br', texto_busca='chimentao')
2026-08-13 11:54:16.898 | INFO    |src.services.processamento_service:_reprovar:533 - [Layout] Motivo da recusa gravado em [Declaração de Tráfego G30 x VIVO SMP 07-2026_RECUSADO.md].
2026-08-13 11:54:16.900 | INFO    |comum.dados.repositorio_cache:salvar_dados_tabela_despesa:262 - Inserindo 1 registro(s) em [tbl_rpa_log_detraf_despesa_arquivos].
2026-08-13 11:54:16.912 | INFO    |comum.dados.repositorio_cache:salvar_dados_tabela_despesa:262 - 1 registro(s) persistidos em [tbl_rpa_log_detraf_despesa_arquivos].
2026-08-13 11:54:16.913 | WARNING |src.services.processamento_service:_processar_arquivo:264 - [RPA 1] 'Declaração de Tráfego G30 x VIVO SMP 07-2026.xls' REPROVADO na validação — quarentena em [C:\RPA\Dtraf\MVP2\MVP2\DETRAF-UNIFICADO\unificado\arquivos\_QUARENTENA\202607\9D024E55DD250D4D00005211FBDF0000137D0D4C70E1CF4091747B97613AB5A60000A35B1B370000].
2026-08-13 11:54:16.915 | WARNING |src.services.processamento_service:_processar_arquivo:261 - [RPA 1] Não foi possível ler [Declaração de Tráfego VOCÊ TELECOM x VIVO SMP_202607.xls]: Erro ao processar a leitura do arquivo C:\RPA\Dtraf\MVP2\MVP2\DETRAF-UNIFICADO\unificado\arquivos\Entrada\9D024E55DD250D4D00005211FBDF0000137D0D4C70E1CF4091747B97613AB5A60000A35B1B380000\Declaração de Tráfego VOCÊ TELECOM x VIVO SMP_202607.xls: File contains no valid workbook part
2026-08-13 11:54:16.916 | WARNING |src.services.operadora_service:obter_operadora:157 - Falha ao extrair EOT de 'Declaração de Tráfego VOCÊ TELECOM x VIVO SMP_202607.xls': openpyxl does not support the old .xls file format, please use xlrd to read this file, or convert it to the more recent .xlsx file format.
2026-08-13 11:54:16.920 | INFO    |src.services.operadora_service:obter_operadora:169 - Nome Fantasia não encontrado para o texto [chimentao]
2026-08-13 11:54:16.921 | WARNING |src.services.processamento_service:_reprovar:509 - Operadora não identificada para 'Declaração de Tráfego VOCÊ TELECOM x VIVO SMP_202607.xls' (eot='None', dominio='chimentao.com.br', texto_busca='chimentao')
2026-08-13 11:54:16.931 | INFO    |src.services.processamento_service:_reprovar:533 - [Layout] Motivo da recusa gravado em [Declaração de Tráfego VOCÊ TELECOM x VIVO SMP_202607_RECUSADO.md].
2026-08-13 11:54:16.933 | INFO    |comum.dados.repositorio_cache:salvar_dados_tabela_despesa:262 - Inserindo 1 registro(s) em [tbl_rpa_log_detraf_despesa_arquivos].
2026-08-13 11:54:16.947 | INFO    |comum.dados.repositorio_cache:salvar_dados_tabela_despesa:262 - 1 registro(s) persistidos em [tbl_rpa_log_detraf_despesa_arquivos].
2026-08-13 11:54:16.948 | WARNING |src.services.processamento_service:_processar_arquivo:264 - [RPA 1] 'Declaração de Tráfego VOCÊ TELECOM x VIVO SMP_202607.xls' REPROVADO na validação — quarentena em [C:\RPA\Dtraf\MVP2\MVP2\DETRAF-UNIFICADO\unificado\arquivos\_QUARENTENA\202607\9D024E55DD250D4D00005211FBDF0000137D0D4C70E1CF4091747B97613AB5A60000A35B1B380000].
2026-08-13 11:54:17.017 | INFO    |src.services.processamento_service:_validar:482 - Resultado das validações para o arquivo do tipo 'detraf': {'v_col1_2': True, 'v_col2_vivo': True, 'v_col3': True, 'v_col4': True, 'v_col8': True, 'v_col9': True, 'v_col10': True, 'v_col11': True, 'v_col12_15': True, 'v_tarifas_remuneradas': True}
2026-08-13 11:54:17.024 | WARNING |src.services.processamento_service:_processar_arquivo:297 - Estrutura do mês anterior não encontrada em 'C:\RPA\Dtraf\MVP2\MVP2\DETRAF-UNIFICADO\unificado\arquivos\Operadoras\Tri Telecom\2026\202606' — criando 'C:\RPA\Dtraf\MVP2\MVP2\DETRAF-UNIFICADO\unificado\arquivos\Operadoras\Tri Telecom\2026\202607' vazio.
2026-08-13 11:54:17.028 | INFO    |src.services.processamento_service:executar:145 - Processado com sucesso: 202607-C-DETRAF-LC-TRIADE-VIVOMOVEL.csv (operadora identificada via 'eot')
2026-08-13 11:54:17.089 | INFO    |src.services.processamento_service:_validar:482 - Resultado das validações para o arquivo do tipo 'detraf': {'v_col1_2': True, 'v_col2_vivo': True, 'v_col3': True, 'v_col4': True, 'v_col8': True, 'v_col9': True, 'v_col10': True, 'v_col11': True, 'v_col12_15': True, 'v_tarifas_remuneradas': True}
2026-08-13 11:54:17.100 | INFO    |src.services.processamento_service:executar:145 - Processado com sucesso: 202607-C-DETRAF-LD-TRIADE-VIVOMOVEL.csv (operadora identificada via 'eot')
2026-08-13 11:54:17.326 | INFO    |comum.dominio.validacao_colunas:validar_tudo_detalhado:252 - Validação de tarifas concluída | Total: 3457 | Válidas: 3454 | Inválidas: 3 | Resultado final: False
2026-08-13 11:54:17.366 | INFO    |src.services.processamento_service:_validar:482 - Resultado das validações para o arquivo do tipo 'detraf': {'v_col1_2': True, 'v_col2_vivo': True, 'v_col3': True, 'v_col4': True, 'v_col8': True, 'v_col9': True, 'v_col10': True, 'v_col11': True, 'v_col12_15': True, 'v_tarifas_remuneradas': False}
2026-08-13 11:54:17.367 | WARNING |src.services.processamento_service:_processar_arquivo:262 - Arquivo [DETRAF_FINAL_202607_HOME_TELEFONICA_C_20260804195316_ITX.csv] rejeitado: regras de coluna não atendidas.
  Tarifas remuneradas: há linhas cuja tarifa não corresponde à tarifa regulada vigente para a região, o grupo horário e o mês de tráfego da linha.
2026-08-13 11:54:17.380 | INFO    |src.services.processamento_service:_reprovar:533 - [Layout] Motivo da recusa gravado em [DETRAF_FINAL_202607_HOME_TELEFONICA_C_20260804195316_ITX_RECUSADO.md].
2026-08-13 11:54:17.382 | INFO    |comum.dados.repositorio_cache:salvar_dados_tabela_despesa:262 - Inserindo 1 registro(s) em [tbl_rpa_log_detraf_despesa_arquivos].
2026-08-13 11:54:17.395 | INFO    |comum.dados.repositorio_cache:salvar_dados_tabela_despesa:262 - 1 registro(s) persistidos em [tbl_rpa_log_detraf_despesa_arquivos].
2026-08-13 11:54:17.396 | WARNING |src.services.processamento_service:_processar_arquivo:264 - [RPA 1] 'DETRAF_FINAL_202607_HOME_TELEFONICA_C_20260804195316_ITX.csv' REPROVADO na validação — quarentena em [C:\RPA\Dtraf\MVP2\MVP2\DETRAF-UNIFICADO\unificado\arquivos\_QUARENTENA\202607\9D024E55DD250D4D00005211FBDF0000137D0D4C70E1CF4091747B97613AB5A60000A35B1B3A0000].
2026-08-13 11:54:17.885 | INFO    |comum.dominio.validacao_colunas:validar_tudo_detalhado:252 - Validação de tarifas concluída | Total: 7377 | Válidas: 7373 | Inválidas: 4 | Resultado final: False
2026-08-13 11:54:17.960 | INFO    |src.services.processamento_service:_validar:482 - Resultado das validações para o arquivo do tipo 'detraf': {'v_col1_2': True, 'v_col2_vivo': True, 'v_col3': True, 'v_col4': True, 'v_col8': True, 'v_col9': True, 'v_col10': True, 'v_col11': True, 'v_col12_15': True, 'v_tarifas_remuneradas': False}
2026-08-13 11:54:17.964 | WARNING |src.services.processamento_service:_processar_arquivo:262 - Arquivo [DETRAF_FINAL_202607_HOME_VIVO_STFC_C_20260804195317_ITX.csv] rejeitado: regras de coluna não atendidas.
  Tarifas remuneradas: há linhas cuja tarifa não corresponde à tarifa regulada vigente para a região, o grupo horário e o mês de tráfego da linha.
2026-08-13 11:54:17.985 | INFO    |src.services.processamento_service:_reprovar:533 - [Layout] Motivo da recusa gravado em [DETRAF_FINAL_202607_HOME_VIVO_STFC_C_20260804195317_ITX_RECUSADO.md].
2026-08-13 11:54:17.987 | INFO    |comum.dados.repositorio_cache:salvar_dados_tabela_despesa:262 - Inserindo 1 registro(s) em [tbl_rpa_log_detraf_despesa_arquivos].
2026-08-13 11:54:17.999 | INFO    |comum.dados.repositorio_cache:salvar_dados_tabela_despesa:262 - 1 registro(s) persistidos em [tbl_rpa_log_detraf_despesa_arquivos].
2026-08-13 11:54:18.000 | WARNING |src.services.processamento_service:_processar_arquivo:264 - [RPA 1] 'DETRAF_FINAL_202607_HOME_VIVO_STFC_C_20260804195317_ITX.csv' REPROVADO na validação — quarentena em [C:\RPA\Dtraf\MVP2\MVP2\DETRAF-UNIFICADO\unificado\arquivos\_QUARENTENA\202607\9D024E55DD250D4D00005211FBDF0000137D0D4C70E1CF4091747B97613AB5A60000A35B1B3B0000].
2026-08-13 11:54:18.195 | INFO    |comum.dominio.validacao_colunas:validar_tudo_detalhado:252 - Validação de tarifas concluída | Total: 1638 | Válidas: 936 | Inválidas: 702 | Resultado final: False
2026-08-13 11:54:18.218 | INFO    |comum.dominio.validacao_colunas:validar_tudo_detalhado:271 - DataFrame reprovado na validação das Colunas Financeiras (12-15). Encontrados valores monetários com mais de 2 casas decimais.
2026-08-13 11:54:18.219 | INFO    |src.services.processamento_service:_validar:482 - Resultado das validações para o arquivo do tipo 'detraf': {'v_col1_2': True, 'v_col2_vivo': True, 'v_col3': True, 'v_col4': True, 'v_col8': True, 'v_col9': True, 'v_col10': True, 'v_col11': True, 'v_col12_15': False, 'v_tarifas_remuneradas': False}
2026-08-13 11:54:18.220 | WARNING |src.services.processamento_service:_processar_arquivo:262 - Arquivo [DETRAF_FINAL_202607_HOME_VIVO_C_20260804195317_ITX.csv] rejeitado: regras de coluna não atendidas.
  Colunas 12 a 15 (valores financeiros): os valores financeiros admitem no máximo 2 casas decimais.
  Tarifas remuneradas: há linhas cuja tarifa não corresponde à tarifa regulada vigente para a região, o grupo horário e o mês de tráfego da linha.
2026-08-13 11:54:18.235 | INFO    |src.services.processamento_service:_reprovar:533 - [Layout] Motivo da recusa gravado em [DETRAF_FINAL_202607_HOME_VIVO_C_20260804195317_ITX_RECUSADO.md].
2026-08-13 11:54:18.237 | INFO    |comum.dados.repositorio_cache:salvar_dados_tabela_despesa:262 - Inserindo 1 registro(s) em [tbl_rpa_log_detraf_despesa_arquivos].
2026-08-13 11:54:18.252 | INFO    |comum.dados.repositorio_cache:salvar_dados_tabela_despesa:262 - 1 registro(s) persistidos em [tbl_rpa_log_detraf_despesa_arquivos].
2026-08-13 11:54:18.253 | WARNING |src.services.processamento_service:_processar_arquivo:264 - [RPA 1] 'DETRAF_FINAL_202607_HOME_VIVO_C_20260804195317_ITX.csv' REPROVADO na validação — quarentena em [C:\RPA\Dtraf\MVP2\MVP2\DETRAF-UNIFICADO\unificado\arquivos\_QUARENTENA\202607\9D024E55DD250D4D00005211FBDF0000137D0D4C70E1CF4091747B97613AB5A60000A35B1B3C0000].
2026-08-13 11:54:18.266 | WARNING |src.services.processamento_service:_processar_arquivo:262 - Arquivo [expectativa-telefonica-brasil-smp-c-vc1-202607.xlsx] rejeitado: layout fora do padrão da V2.
  posição 0 (Credora): esperado EOT numérica, encontrado "E39", "E39", "E39" [0/7 válidos]
2026-08-13 11:54:18.287 | INFO    |src.services.processamento_service:_reprovar:533 - [Layout] Motivo da recusa gravado em [expectativa-telefonica-brasil-smp-c-vc1-202607_RECUSADO.md].
2026-08-13 11:54:18.288 | INFO    |comum.dados.repositorio_cache:salvar_dados_tabela_despesa:262 - Inserindo 1 registro(s) em [tbl_rpa_log_detraf_despesa_arquivos].
2026-08-13 11:54:18.301 | INFO    |comum.dados.repositorio_cache:salvar_dados_tabela_despesa:262 - 1 registro(s) persistidos em [tbl_rpa_log_detraf_despesa_arquivos].
2026-08-13 11:54:18.301 | WARNING |src.services.processamento_service:_processar_arquivo:264 - [RPA 1] 'expectativa-telefonica-brasil-smp-c-vc1-202607.xlsx' REPROVADO na validação — quarentena em [C:\RPA\Dtraf\MVP2\MVP2\DETRAF-UNIFICADO\unificado\arquivos\_QUARENTENA\202607\9D024E55DD250D4D00005211FBDF0000137D0D4C70E1CF4091747B97613AB5A60000A35B1B3D0000].
2026-08-13 11:54:18.314 | WARNING |src.services.processamento_service:_processar_arquivo:262 - Arquivo [expectativa-telefonica-brasil-stfc-c-ldn-202607.xlsx] rejeitado: layout fora do padrão da V2.
  posição 0 (Credora): esperado EOT numérica, encontrado "E39", "E39", "E39" [0/4 válidos]
2026-08-13 11:54:18.331 | INFO    |src.services.processamento_service:_reprovar:533 - [Layout] Motivo da recusa gravado em [expectativa-telefonica-brasil-stfc-c-ldn-202607_RECUSADO.md].
2026-08-13 11:54:18.333 | INFO    |comum.dados.repositorio_cache:salvar_dados_tabela_despesa:262 - Inserindo 1 registro(s) em [tbl_rpa_log_detraf_despesa_arquivos].
2026-08-13 11:54:18.347 | INFO    |comum.dados.repositorio_cache:salvar_dados_tabela_despesa:262 - 1 registro(s) persistidos em [tbl_rpa_log_detraf_despesa_arquivos].
2026-08-13 11:54:18.348 | WARNING |src.services.processamento_service:_processar_arquivo:264 - [RPA 1] 'expectativa-telefonica-brasil-stfc-c-ldn-202607.xlsx' REPROVADO na validação — quarentena em [C:\RPA\Dtraf\MVP2\MVP2\DETRAF-UNIFICADO\unificado\arquivos\_QUARENTENA\202607\9D024E55DD250D4D00005211FBDF0000137D0D4C70E1CF4091747B97613AB5A60000A35B1B3D0000].
2026-08-13 11:54:18.400 | INFO    |src.services.processamento_service:_validar:482 - Resultado das validações para o arquivo do tipo 'detraf': {'v_col1_2': True, 'v_col2_vivo': True, 'v_col3': True, 'v_col4': True, 'v_col8': True, 'v_col9': True, 'v_col10': True, 'v_col11': True, 'v_col12_15': True, 'v_tarifas_remuneradas': True}
2026-08-13 11:54:18.408 | WARNING |src.services.processamento_service:_processar_arquivo:297 - Estrutura do mês anterior não encontrada em 'C:\RPA\Dtraf\MVP2\MVP2\DETRAF-UNIFICADO\unificado\arquivos\Operadoras\Megatelecom Telecomunicacoes S.A.\2026\202606' — criando 'C:\RPA\Dtraf\MVP2\MVP2\DETRAF-UNIFICADO\unificado\arquivos\Operadoras\Megatelecom Telecomunicacoes S.A.\2026\202607' vazio.
2026-08-13 11:54:18.415 | INFO    |src.services.processamento_service:executar:145 - Processado com sucesso: 202607-C-DETRAF-LC-SAMM-TBRASMP.csv (operadora identificada via 'eot')
2026-08-13 11:54:18.474 | INFO    |src.services.processamento_service:_validar:482 - Resultado das validações para o arquivo do tipo 'detraf': {'v_col1_2': True, 'v_col2_vivo': True, 'v_col3': True, 'v_col4': True, 'v_col8': True, 'v_col9': True, 'v_col10': True, 'v_col11': True, 'v_col12_15': True, 'v_tarifas_remuneradas': True}
2026-08-13 11:54:18.483 | INFO    |src.services.processamento_service:executar:145 - Processado com sucesso: 202607-C-DETRAF-LD-SAMM-TBRASMP.csv (operadora identificada via 'eot')
2026-08-13 11:54:18.505 | WARNING |src.services.processamento_service:_processar_arquivo:262 - Arquivo [DETRAF-TMCO ( ITELCO X VIVO 07-26).xlsx] rejeitado: layout fora do padrão da V2.
  posição 0 (Credora): esperado EOT numérica, encontrado "H35", "H35", "nan" [0/3 válidos]
2026-08-13 11:54:18.534 | INFO    |src.services.processamento_service:_reprovar:533 - [Layout] Motivo da recusa gravado em [DETRAF-TMCO ( ITELCO X VIVO 07-26)_RECUSADO.md].
2026-08-13 11:54:18.536 | INFO    |comum.dados.repositorio_cache:salvar_dados_tabela_despesa:262 - Inserindo 1 registro(s) em [tbl_rpa_log_detraf_despesa_arquivos].
2026-08-13 11:54:18.551 | INFO    |comum.dados.repositorio_cache:salvar_dados_tabela_despesa:262 - 1 registro(s) persistidos em [tbl_rpa_log_detraf_despesa_arquivos].
2026-08-13 11:54:18.552 | WARNING |src.services.processamento_service:_processar_arquivo:264 - [RPA 1] 'DETRAF-TMCO ( ITELCO X VIVO 07-26).xlsx' REPROVADO na validação — quarentena em [C:\RPA\Dtraf\MVP2\MVP2\DETRAF-UNIFICADO\unificado\arquivos\_QUARENTENA\202607\9D024E55DD250D4D00005211FBDF0000137D0D4C70E1CF4091747B97613AB5A60000A35B1B3F0000].
2026-08-13 11:54:18.554 | WARNING |src.services.processamento_service:_processar_arquivo:261 - [RPA 1] Não foi possível ler [DETRAF-TMCO-0128-2026-ITELCO-VIVO SMP- RESUMO_EOT -10_202607.xls]: Erro ao processar a leitura do arquivo C:\RPA\Dtraf\MVP2\MVP2\DETRAF-UNIFICADO\unificado\arquivos\Entrada\9D024E55DD250D4D00005211FBDF0000137D0D4C70E1CF4091747B97613AB5A60000A35B1B3F0000\DETRAF-TMCO-0128-2026-ITELCO-VIVO SMP- RESUMO_EOT -10_202607.xls: File contains no valid workbook part
2026-08-13 11:54:18.555 | WARNING |src.services.operadora_service:obter_operadora:157 - Falha ao extrair EOT de 'DETRAF-TMCO-0128-2026-ITELCO-VIVO SMP- RESUMO_EOT -10_202607.xls': openpyxl does not support the old .xls file format, please use xlrd to read this file, or convert it to the more recent .xlsx file format.
2026-08-13 11:54:18.562 | INFO    |src.services.operadora_service:obter_operadora:169 - Nome Fantasia não encontrado para o texto [tmco]
2026-08-13 11:54:18.563 | WARNING |src.services.processamento_service:_reprovar:509 - Operadora não identificada para 'DETRAF-TMCO-0128-2026-ITELCO-VIVO SMP- RESUMO_EOT -10_202607.xls' (eot='None', dominio='tmco.com.br', texto_busca='tmco')
2026-08-13 11:54:18.571 | INFO    |src.services.processamento_service:_reprovar:533 - [Layout] Motivo da recusa gravado em [DETRAF-TMCO-0128-2026-ITELCO-VIVO SMP- RESUMO_EOT -10_202607_RECUSADO.md].
2026-08-13 11:54:18.573 | INFO    |comum.dados.repositorio_cache:salvar_dados_tabela_despesa:262 - Inserindo 1 registro(s) em [tbl_rpa_log_detraf_despesa_arquivos].
2026-08-13 11:54:18.587 | INFO    |comum.dados.repositorio_cache:salvar_dados_tabela_despesa:262 - 1 registro(s) persistidos em [tbl_rpa_log_detraf_despesa_arquivos].
2026-08-13 11:54:18.588 | WARNING |src.services.processamento_service:_processar_arquivo:264 - [RPA 1] 'DETRAF-TMCO-0128-2026-ITELCO-VIVO SMP- RESUMO_EOT -10_202607.xls' REPROVADO na validação — quarentena em [C:\RPA\Dtraf\MVP2\MVP2\DETRAF-UNIFICADO\unificado\arquivos\_QUARENTENA\202607\9D024E55DD250D4D00005211FBDF0000137D0D4C70E1CF4091747B97613AB5A60000A35B1B3F0000].
2026-08-13 11:54:18.591 | WARNING |src.services.processamento_service:_processar_arquivo:261 - [RPA 1] Não foi possível ler [Declaração de Tráfego DUARTE DIAS x VIVO LD_07-2026.xls]: Erro ao processar a leitura do arquivo C:\RPA\Dtraf\MVP2\MVP2\DETRAF-UNIFICADO\unificado\arquivos\Entrada\9D024E55DD250D4D00005211FBDF0000137D0D4C70E1CF4091747B97613AB5A60000A35B1B400000\Declaração de Tráfego DUARTE DIAS x VIVO LD_07-2026.xls: File contains no valid workbook part
2026-08-13 11:54:18.592 | WARNING |src.services.operadora_service:obter_operadora:157 - Falha ao extrair EOT de 'Declaração de Tráfego DUARTE DIAS x VIVO LD_07-2026.xls': openpyxl does not support the old .xls file format, please use xlrd to read this file, or convert it to the more recent .xlsx file format.
2026-08-13 11:54:18.601 | INFO    |src.services.operadora_service:obter_operadora:169 - Nome Fantasia não encontrado para o texto [chimentao]
2026-08-13 11:54:18.602 | WARNING |src.services.processamento_service:_reprovar:509 - Operadora não identificada para 'Declaração de Tráfego DUARTE DIAS x VIVO LD_07-2026.xls' (eot='None', dominio='chimentao.com.br', texto_busca='chimentao')
2026-08-13 11:54:18.609 | INFO    |src.services.processamento_service:_reprovar:533 - [Layout] Motivo da recusa gravado em [Declaração de Tráfego DUARTE DIAS x VIVO LD_07-2026_RECUSADO.md].
2026-08-13 11:54:18.611 | INFO    |comum.dados.repositorio_cache:salvar_dados_tabela_despesa:262 - Inserindo 1 registro(s) em [tbl_rpa_log_detraf_despesa_arquivos].
2026-08-13 11:54:18.630 | INFO    |comum.dados.repositorio_cache:salvar_dados_tabela_despesa:262 - 1 registro(s) persistidos em [tbl_rpa_log_detraf_despesa_arquivos].
2026-08-13 11:54:18.630 | WARNING |src.services.processamento_service:_processar_arquivo:264 - [RPA 1] 'Declaração de Tráfego DUARTE DIAS x VIVO LD_07-2026.xls' REPROVADO na validação — quarentena em [C:\RPA\Dtraf\MVP2\MVP2\DETRAF-UNIFICADO\unificado\arquivos\_QUARENTENA\202607\9D024E55DD250D4D00005211FBDF0000137D0D4C70E1CF4091747B97613AB5A60000A35B1B400000].
2026-08-13 11:54:18.633 | WARNING |src.services.processamento_service:_processar_arquivo:261 - [RPA 1] Não foi possível ler [Declaração de Tráfego DUARTE DIAS x VIVO SMP_07-2026.xls]: Erro ao processar a leitura do arquivo C:\RPA\Dtraf\MVP2\MVP2\DETRAF-UNIFICADO\unificado\arquivos\Entrada\9D024E55DD250D4D00005211FBDF0000137D0D4C70E1CF4091747B97613AB5A60000A35B1B400000\Declaração de Tráfego DUARTE DIAS x VIVO SMP_07-2026.xls: File contains no valid workbook part
2026-08-13 11:54:18.633 | WARNING |src.services.operadora_service:obter_operadora:157 - Falha ao extrair EOT de 'Declaração de Tráfego DUARTE DIAS x VIVO SMP_07-2026.xls': openpyxl does not support the old .xls file format, please use xlrd to read this file, or convert it to the more recent .xlsx file format.
2026-08-13 11:54:18.640 | INFO    |src.services.operadora_service:obter_operadora:169 - Nome Fantasia não encontrado para o texto [chimentao]
2026-08-13 11:54:18.642 | WARNING |src.services.processamento_service:_reprovar:509 - Operadora não identificada para 'Declaração de Tráfego DUARTE DIAS x VIVO SMP_07-2026.xls' (eot='None', dominio='chimentao.com.br', texto_busca='chimentao')
2026-08-13 11:54:18.649 | INFO    |src.services.processamento_service:_reprovar:533 - [Layout] Motivo da recusa gravado em [Declaração de Tráfego DUARTE DIAS x VIVO SMP_07-2026_RECUSADO.md].
2026-08-13 11:54:18.652 | INFO    |comum.dados.repositorio_cache:salvar_dados_tabela_despesa:262 - Inserindo 1 registro(s) em [tbl_rpa_log_detraf_despesa_arquivos].
2026-08-13 11:54:18.666 | INFO    |comum.dados.repositorio_cache:salvar_dados_tabela_despesa:262 - 1 registro(s) persistidos em [tbl_rpa_log_detraf_despesa_arquivos].
2026-08-13 11:54:18.667 | WARNING |src.services.processamento_service:_processar_arquivo:264 - [RPA 1] 'Declaração de Tráfego DUARTE DIAS x VIVO SMP_07-2026.xls' REPROVADO na validação — quarentena em [C:\RPA\Dtraf\MVP2\MVP2\DETRAF-UNIFICADO\unificado\arquivos\_QUARENTENA\202607\9D024E55DD250D4D00005211FBDF0000137D0D4C70E1CF4091747B97613AB5A60000A35B1B400000].
2026-08-13 11:54:18.681 | WARNING |src.services.processamento_service:_processar_arquivo:262 - Arquivo [expectativa-telefonica-brasil-smp-c-vc1-202607.xlsx] rejeitado: layout fora do padrão da V2.
  posição 0 (Credora): esperado EOT numérica, encontrado "N33", "N33", "nan" [0/3 válidos]
2026-08-13 11:54:18.704 | INFO    |src.services.processamento_service:_reprovar:533 - [Layout] Motivo da recusa gravado em [expectativa-telefonica-brasil-smp-c-vc1-202607_RECUSADO.md].
2026-08-13 11:54:18.706 | INFO    |comum.dados.repositorio_cache:salvar_dados_tabela_despesa:262 - Inserindo 1 registro(s) em [tbl_rpa_log_detraf_despesa_arquivos].
2026-08-13 11:54:18.723 | INFO    |comum.dados.repositorio_cache:salvar_dados_tabela_despesa:262 - 1 registro(s) persistidos em [tbl_rpa_log_detraf_despesa_arquivos].
2026-08-13 11:54:18.724 | WARNING |src.services.processamento_service:_processar_arquivo:264 - [RPA 1] 'expectativa-telefonica-brasil-smp-c-vc1-202607.xlsx' REPROVADO na validação — quarentena em [C:\RPA\Dtraf\MVP2\MVP2\DETRAF-UNIFICADO\unificado\arquivos\_QUARENTENA\202607\9D024E55DD250D4D00005211FBDF0000137D0D4C70E1CF4091747B97613AB5A60000A35B1B410000].
2026-08-13 11:54:18.740 | WARNING |src.services.processamento_service:_processar_arquivo:262 - Arquivo [expectativa-telefonica-brasil-stfc-c-ldn-202607.xlsx] rejeitado: layout fora do padrão da V2.
  posição 0 (Credora): esperado EOT numérica, encontrado "N33", "N33", "N33" [0/4 válidos]
2026-08-13 11:54:18.759 | INFO    |src.services.processamento_service:_reprovar:533 - [Layout] Motivo da recusa gravado em [expectativa-telefonica-brasil-stfc-c-ldn-202607_RECUSADO.md].
2026-08-13 11:54:18.762 | INFO    |comum.dados.repositorio_cache:salvar_dados_tabela_despesa:262 - Inserindo 1 registro(s) em [tbl_rpa_log_detraf_despesa_arquivos].
2026-08-13 11:54:18.776 | INFO    |comum.dados.repositorio_cache:salvar_dados_tabela_despesa:262 - 1 registro(s) persistidos em [tbl_rpa_log_detraf_despesa_arquivos].
2026-08-13 11:54:18.777 | WARNING |src.services.processamento_service:_processar_arquivo:264 - [RPA 1] 'expectativa-telefonica-brasil-stfc-c-ldn-202607.xlsx' REPROVADO na validação — quarentena em [C:\RPA\Dtraf\MVP2\MVP2\DETRAF-UNIFICADO\unificado\arquivos\_QUARENTENA\202607\9D024E55DD250D4D00005211FBDF0000137D0D4C70E1CF4091747B97613AB5A60000A35B1B410000].
2026-08-13 11:54:18.780 | WARNING |src.services.processamento_service:_processar_arquivo:261 - [RPA 1] Não foi possível ler [Declaração de Tráfego JP x VIVO LD_07-2026.xls]: Erro ao processar a leitura do arquivo C:\RPA\Dtraf\MVP2\MVP2\DETRAF-UNIFICADO\unificado\arquivos\Entrada\9D024E55DD250D4D00005211FBDF0000137D0D4C70E1CF4091747B97613AB5A60000A35B1B420000\Declaração de Tráfego JP x VIVO LD_07-2026.xls: File contains no valid workbook part
2026-08-13 11:54:18.781 | WARNING |src.services.operadora_service:obter_operadora:157 - Falha ao extrair EOT de 'Declaração de Tráfego JP x VIVO LD_07-2026.xls': openpyxl does not support the old .xls file format, please use xlrd to read this file, or convert it to the more recent .xlsx file format.
2026-08-13 11:54:18.786 | INFO    |src.services.operadora_service:obter_operadora:169 - Nome Fantasia não encontrado para o texto [chimentao]
2026-08-13 11:54:18.787 | WARNING |src.services.processamento_service:_reprovar:509 - Operadora não identificada para 'Declaração de Tráfego JP x VIVO LD_07-2026.xls' (eot='None', dominio='chimentao.com.br', texto_busca='chimentao')
2026-08-13 11:54:18.794 | INFO    |src.services.processamento_service:_reprovar:533 - [Layout] Motivo da recusa gravado em [Declaração de Tráfego JP x VIVO LD_07-2026_RECUSADO.md].
2026-08-13 11:54:18.795 | INFO    |comum.dados.repositorio_cache:salvar_dados_tabela_despesa:262 - Inserindo 1 registro(s) em [tbl_rpa_log_detraf_despesa_arquivos].
2026-08-13 11:54:18.809 | INFO    |comum.dados.repositorio_cache:salvar_dados_tabela_despesa:262 - 1 registro(s) persistidos em [tbl_rpa_log_detraf_despesa_arquivos].
2026-08-13 11:54:18.810 | WARNING |src.services.processamento_service:_processar_arquivo:264 - [RPA 1] 'Declaração de Tráfego JP x VIVO LD_07-2026.xls' REPROVADO na validação — quarentena em [C:\RPA\Dtraf\MVP2\MVP2\DETRAF-UNIFICADO\unificado\arquivos\_QUARENTENA\202607\9D024E55DD250D4D00005211FBDF0000137D0D4C70E1CF4091747B97613AB5A60000A35B1B420000].
2026-08-13 11:54:18.813 | WARNING |src.services.processamento_service:_processar_arquivo:261 - [RPA 1] Não foi possível ler [Declaração de Tráfego JP x VIVO SMP_07-2026.xls]: Erro ao processar a leitura do arquivo C:\RPA\Dtraf\MVP2\MVP2\DETRAF-UNIFICADO\unificado\arquivos\Entrada\9D024E55DD250D4D00005211FBDF0000137D0D4C70E1CF4091747B97613AB5A60000A35B1B420000\Declaração de Tráfego JP x VIVO SMP_07-2026.xls: File contains no valid workbook part
2026-08-13 11:54:18.814 | WARNING |src.services.operadora_service:obter_operadora:157 - Falha ao extrair EOT de 'Declaração de Tráfego JP x VIVO SMP_07-2026.xls': openpyxl does not support the old .xls file format, please use xlrd to read this file, or convert it to the more recent .xlsx file format.
2026-08-13 11:54:18.820 | INFO    |src.services.operadora_service:obter_operadora:169 - Nome Fantasia não encontrado para o texto [chimentao]
2026-08-13 11:54:18.821 | WARNING |src.services.processamento_service:_reprovar:509 - Operadora não identificada para 'Declaração de Tráfego JP x VIVO SMP_07-2026.xls' (eot='None', dominio='chimentao.com.br', texto_busca='chimentao')
2026-08-13 11:54:18.827 | INFO    |src.services.processamento_service:_reprovar:533 - [Layout] Motivo da recusa gravado em [Declaração de Tráfego JP x VIVO SMP_07-2026_RECUSADO.md].
2026-08-13 11:54:18.830 | INFO    |comum.dados.repositorio_cache:salvar_dados_tabela_despesa:262 - Inserindo 1 registro(s) em [tbl_rpa_log_detraf_despesa_arquivos].
2026-08-13 11:54:18.844 | INFO    |comum.dados.repositorio_cache:salvar_dados_tabela_despesa:262 - 1 registro(s) persistidos em [tbl_rpa_log_detraf_despesa_arquivos].
2026-08-13 11:54:18.845 | WARNING |src.services.processamento_service:_processar_arquivo:264 - [RPA 1] 'Declaração de Tráfego JP x VIVO SMP_07-2026.xls' REPROVADO na validação — quarentena em [C:\RPA\Dtraf\MVP2\MVP2\DETRAF-UNIFICADO\unificado\arquivos\_QUARENTENA\202607\9D024E55DD250D4D00005211FBDF0000137D0D4C70E1CF4091747B97613AB5A60000A35B1B420000].
2026-08-13 11:54:18.858 | WARNING |src.services.processamento_service:_processar_arquivo:262 - Arquivo [expectativa-telefonica-brasil-smp-c-vc1-202607.xlsx] rejeitado: layout fora do padrão da V2.
  posição 0 (Credora): esperado EOT numérica, encontrado "L40", "L40", "nan" [0/3 válidos]
2026-08-13 11:54:18.877 | INFO    |src.services.processamento_service:_reprovar:533 - [Layout] Motivo da recusa gravado em [expectativa-telefonica-brasil-smp-c-vc1-202607_RECUSADO.md].
2026-08-13 11:54:18.880 | INFO    |comum.dados.repositorio_cache:salvar_dados_tabela_despesa:262 - Inserindo 1 registro(s) em [tbl_rpa_log_detraf_despesa_arquivos].
2026-08-13 11:54:18.891 | INFO    |comum.dados.repositorio_cache:salvar_dados_tabela_despesa:262 - 1 registro(s) persistidos em [tbl_rpa_log_detraf_despesa_arquivos].
2026-08-13 11:54:18.892 | WARNING |src.services.processamento_service:_processar_arquivo:264 - [RPA 1] 'expectativa-telefonica-brasil-smp-c-vc1-202607.xlsx' REPROVADO na validação — quarentena em [C:\RPA\Dtraf\MVP2\MVP2\DETRAF-UNIFICADO\unificado\arquivos\_QUARENTENA\202607\9D024E55DD250D4D00005211FBDF0000137D0D4C70E1CF4091747B97613AB5A60000A35B1B430000].
2026-08-13 11:54:18.908 | WARNING |src.services.processamento_service:_processar_arquivo:262 - Arquivo [expectativa-telefonica-brasil-stfc-c-ldn-202607.xlsx] rejeitado: layout fora do padrão da V2.
  posição 0 (Credora): esperado EOT numérica, encontrado "L40", "L40", "L40" [0/6 válidos]
2026-08-13 11:54:18.924 | INFO    |src.services.processamento_service:_reprovar:533 - [Layout] Motivo da recusa gravado em [expectativa-telefonica-brasil-stfc-c-ldn-202607_RECUSADO.md].
2026-08-13 11:54:18.926 | INFO    |comum.dados.repositorio_cache:salvar_dados_tabela_despesa:262 - Inserindo 1 registro(s) em [tbl_rpa_log_detraf_despesa_arquivos].
2026-08-13 11:54:18.939 | INFO    |comum.dados.repositorio_cache:salvar_dados_tabela_despesa:262 - 1 registro(s) persistidos em [tbl_rpa_log_detraf_despesa_arquivos].
2026-08-13 11:54:18.940 | WARNING |src.services.processamento_service:_processar_arquivo:264 - [RPA 1] 'expectativa-telefonica-brasil-stfc-c-ldn-202607.xlsx' REPROVADO na validação — quarentena em [C:\RPA\Dtraf\MVP2\MVP2\DETRAF-UNIFICADO\unificado\arquivos\_QUARENTENA\202607\9D024E55DD250D4D00005211FBDF0000137D0D4C70E1CF4091747B97613AB5A60000A35B1B430000].
2026-08-13 11:54:18.943 | WARNING |src.services.processamento_service:_processar_arquivo:261 - [RPA 1] Não foi possível ler [Declaração de Tráfego FLEXUS x VIVO LD_07-2026.xls]: Erro ao processar a leitura do arquivo C:\RPA\Dtraf\MVP2\MVP2\DETRAF-UNIFICADO\unificado\arquivos\Entrada\9D024E55DD250D4D00005211FBDF0000137D0D4C70E1CF4091747B97613AB5A60000A35B1B440000\Declaração de Tráfego FLEXUS x VIVO LD_07-2026.xls: File contains no valid workbook part
2026-08-13 11:54:18.944 | WARNING |src.services.operadora_service:obter_operadora:157 - Falha ao extrair EOT de 'Declaração de Tráfego FLEXUS x VIVO LD_07-2026.xls': openpyxl does not support the old .xls file format, please use xlrd to read this file, or convert it to the more recent .xlsx file format.
2026-08-13 11:54:18.949 | INFO    |src.services.operadora_service:obter_operadora:169 - Nome Fantasia não encontrado para o texto [chimentao]
2026-08-13 11:54:18.950 | WARNING |src.services.processamento_service:_reprovar:509 - Operadora não identificada para 'Declaração de Tráfego FLEXUS x VIVO LD_07-2026.xls' (eot='None', dominio='chimentao.com.br', texto_busca='chimentao')
2026-08-13 11:54:18.957 | INFO    |src.services.processamento_service:_reprovar:533 - [Layout] Motivo da recusa gravado em [Declaração de Tráfego FLEXUS x VIVO LD_07-2026_RECUSADO.md].
2026-08-13 11:54:18.960 | INFO    |comum.dados.repositorio_cache:salvar_dados_tabela_despesa:262 - Inserindo 1 registro(s) em [tbl_rpa_log_detraf_despesa_arquivos].
2026-08-13 11:54:18.972 | INFO    |comum.dados.repositorio_cache:salvar_dados_tabela_despesa:262 - 1 registro(s) persistidos em [tbl_rpa_log_detraf_despesa_arquivos].
2026-08-13 11:54:18.973 | WARNING |src.services.processamento_service:_processar_arquivo:264 - [RPA 1] 'Declaração de Tráfego FLEXUS x VIVO LD_07-2026.xls' REPROVADO na validação — quarentena em [C:\RPA\Dtraf\MVP2\MVP2\DETRAF-UNIFICADO\unificado\arquivos\_QUARENTENA\202607\9D024E55DD250D4D00005211FBDF0000137D0D4C70E1CF4091747B97613AB5A60000A35B1B440000].
2026-08-13 11:54:18.975 | WARNING |src.services.processamento_service:_processar_arquivo:261 - [RPA 1] Não foi possível ler [Declaração de Tráfego FLEXUS x VIVO SMP_07-2026.xls]: Erro ao processar a leitura do arquivo C:\RPA\Dtraf\MVP2\MVP2\DETRAF-UNIFICADO\unificado\arquivos\Entrada\9D024E55DD250D4D00005211FBDF0000137D0D4C70E1CF4091747B97613AB5A60000A35B1B440000\Declaração de Tráfego FLEXUS x VIVO SMP_07-2026.xls: File contains no valid workbook part
2026-08-13 11:54:18.976 | WARNING |src.services.operadora_service:obter_operadora:157 - Falha ao extrair EOT de 'Declaração de Tráfego FLEXUS x VIVO SMP_07-2026.xls': openpyxl does not support the old .xls file format, please use xlrd to read this file, or convert it to the more recent .xlsx file format.
2026-08-13 11:54:18.982 | INFO    |src.services.operadora_service:obter_operadora:169 - Nome Fantasia não encontrado para o texto [chimentao]
2026-08-13 11:54:18.983 | WARNING |src.services.processamento_service:_reprovar:509 - Operadora não identificada para 'Declaração de Tráfego FLEXUS x VIVO SMP_07-2026.xls' (eot='None', dominio='chimentao.com.br', texto_busca='chimentao')
2026-08-13 11:54:18.989 | INFO    |src.services.processamento_service:_reprovar:533 - [Layout] Motivo da recusa gravado em [Declaração de Tráfego FLEXUS x VIVO SMP_07-2026_RECUSADO.md].
2026-08-13 11:54:18.991 | INFO    |comum.dados.repositorio_cache:salvar_dados_tabela_despesa:262 - Inserindo 1 registro(s) em [tbl_rpa_log_detraf_despesa_arquivos].
2026-08-13 11:54:19.004 | INFO    |comum.dados.repositorio_cache:salvar_dados_tabela_despesa:262 - 1 registro(s) persistidos em [tbl_rpa_log_detraf_despesa_arquivos].
2026-08-13 11:54:19.005 | WARNING |src.services.processamento_service:_processar_arquivo:264 - [RPA 1] 'Declaração de Tráfego FLEXUS x VIVO SMP_07-2026.xls' REPROVADO na validação — quarentena em [C:\RPA\Dtraf\MVP2\MVP2\DETRAF-UNIFICADO\unificado\arquivos\_QUARENTENA\202607\9D024E55DD250D4D00005211FBDF0000137D0D4C70E1CF4091747B97613AB5A60000A35B1B440000].
2026-08-13 11:54:19.007 | WARNING |src.services.processamento_service:_processar_arquivo:261 - [RPA 1] Não foi possível ler [Declaração de Tráfego BRA x VIVO LD_07-2026.xls]: Erro ao processar a leitura do arquivo C:\RPA\Dtraf\MVP2\MVP2\DETRAF-UNIFICADO\unificado\arquivos\Entrada\9D024E55DD250D4D00005211FBDF0000137D0D4C70E1CF4091747B97613AB5A60000A35B1B450000\Declaração de Tráfego BRA x VIVO LD_07-2026.xls: File contains no valid workbook part
2026-08-13 11:54:19.008 | WARNING |src.services.operadora_service:obter_operadora:157 - Falha ao extrair EOT de 'Declaração de Tráfego BRA x VIVO LD_07-2026.xls': openpyxl does not support the old .xls file format, please use xlrd to read this file, or convert it to the more recent .xlsx file format.
2026-08-13 11:54:19.014 | INFO    |src.services.operadora_service:obter_operadora:169 - Nome Fantasia não encontrado para o texto [chimentao]
2026-08-13 11:54:19.015 | WARNING |src.services.processamento_service:_reprovar:509 - Operadora não identificada para 'Declaração de Tráfego BRA x VIVO LD_07-2026.xls' (eot='None', dominio='chimentao.com.br', texto_busca='chimentao')
2026-08-13 11:54:19.021 | INFO    |src.services.processamento_service:_reprovar:533 - [Layout] Motivo da recusa gravado em [Declaração de Tráfego BRA x VIVO LD_07-2026_RECUSADO.md].
2026-08-13 11:54:19.023 | INFO    |comum.dados.repositorio_cache:salvar_dados_tabela_despesa:262 - Inserindo 1 registro(s) em [tbl_rpa_log_detraf_despesa_arquivos].
2026-08-13 11:54:19.101 | INFO    |comum.dados.repositorio_cache:salvar_dados_tabela_despesa:262 - 1 registro(s) persistidos em [tbl_rpa_log_detraf_despesa_arquivos].
2026-08-13 11:54:19.102 | WARNING |src.services.processamento_service:_processar_arquivo:264 - [RPA 1] 'Declaração de Tráfego BRA x VIVO LD_07-2026.xls' REPROVADO na validação — quarentena em [C:\RPA\Dtraf\MVP2\MVP2\DETRAF-UNIFICADO\unificado\arquivos\_QUARENTENA\202607\9D024E55DD250D4D00005211FBDF0000137D0D4C70E1CF4091747B97613AB5A60000A35B1B450000].
2026-08-13 11:54:19.104 | WARNING |src.services.processamento_service:_processar_arquivo:261 - [RPA 1] Não foi possível ler [Declaração de Tráfego BRA x VIVO SMP_07-2026.xls]: Erro ao processar a leitura do arquivo C:\RPA\Dtraf\MVP2\MVP2\DETRAF-UNIFICADO\unificado\arquivos\Entrada\9D024E55DD250D4D00005211FBDF0000137D0D4C70E1CF4091747B97613AB5A60000A35B1B450000\Declaração de Tráfego BRA x VIVO SMP_07-2026.xls: File contains no valid workbook part
2026-08-13 11:54:19.105 | WARNING |src.services.operadora_service:obter_operadora:157 - Falha ao extrair EOT de 'Declaração de Tráfego BRA x VIVO SMP_07-2026.xls': openpyxl does not support the old .xls file format, please use xlrd to read this file, or convert it to the more recent .xlsx file format.
2026-08-13 11:54:19.110 | INFO    |src.services.operadora_service:obter_operadora:169 - Nome Fantasia não encontrado para o texto [chimentao]
2026-08-13 11:54:19.111 | WARNING |src.services.processamento_service:_reprovar:509 - Operadora não identificada para 'Declaração de Tráfego BRA x VIVO SMP_07-2026.xls' (eot='None', dominio='chimentao.com.br', texto_busca='chimentao')
2026-08-13 11:54:19.117 | INFO    |src.services.processamento_service:_reprovar:533 - [Layout] Motivo da recusa gravado em [Declaração de Tráfego BRA x VIVO SMP_07-2026_RECUSADO.md].
2026-08-13 11:54:19.119 | INFO    |comum.dados.repositorio_cache:salvar_dados_tabela_despesa:262 - Inserindo 1 registro(s) em [tbl_rpa_log_detraf_despesa_arquivos].
2026-08-13 11:54:19.135 | INFO    |comum.dados.repositorio_cache:salvar_dados_tabela_despesa:262 - 1 registro(s) persistidos em [tbl_rpa_log_detraf_despesa_arquivos].
2026-08-13 11:54:19.136 | WARNING |src.services.processamento_service:_processar_arquivo:264 - [RPA 1] 'Declaração de Tráfego BRA x VIVO SMP_07-2026.xls' REPROVADO na validação — quarentena em [C:\RPA\Dtraf\MVP2\MVP2\DETRAF-UNIFICADO\unificado\arquivos\_QUARENTENA\202607\9D024E55DD250D4D00005211FBDF0000137D0D4C70E1CF4091747B97613AB5A60000A35B1B450000].
2026-08-13 11:54:19.206 | INFO    |src.services.processamento_service:_validar:482 - Resultado das validações para o arquivo do tipo 'detraf': {'v_col1_2': True, 'v_col2_vivo': True, 'v_col3': True, 'v_col4': True, 'v_col8': True, 'v_col9': True, 'v_col10': True, 'v_col11': True, 'v_col12_15': True, 'v_tarifas_remuneradas': True}
2026-08-13 11:54:19.215 | WARNING |src.services.processamento_service:_processar_arquivo:297 - Estrutura do mês anterior não encontrada em 'C:\RPA\Dtraf\MVP2\MVP2\DETRAF-UNIFICADO\unificado\arquivos\Operadoras\GGNET Telecom\2026\202606' — criando 'C:\RPA\Dtraf\MVP2\MVP2\DETRAF-UNIFICADO\unificado\arquivos\Operadoras\GGNET Telecom\2026\202607' vazio.
2026-08-13 11:54:19.220 | INFO    |src.services.processamento_service:executar:145 - Processado com sucesso: DETRAF-TMCO-0122-2026-GGNET-VIVO STFC - RESUMO_EOT_200_948_202607.csv (operadora identificada via 'eot')
2026-08-13 11:54:19.222 | WARNING |src.services.processamento_service:_processar_arquivo:261 - [RPA 1] Não foi possível ler [DETRAF-TMCO-0122-2026-GGNET-VIVO STFC - RESUMO_EOT_200_948_202607.xls]: Erro ao processar a leitura do arquivo C:\RPA\Dtraf\MVP2\MVP2\DETRAF-UNIFICADO\unificado\arquivos\Entrada\9D024E55DD250D4D00005211FBDF0000137D0D4C70E1CF4091747B97613AB5A60000A35B1B460000\DETRAF-TMCO-0122-2026-GGNET-VIVO STFC - RESUMO_EOT_200_948_202607.xls: File contains no valid workbook part
2026-08-13 11:54:19.223 | WARNING |src.services.operadora_service:obter_operadora:157 - Falha ao extrair EOT de 'DETRAF-TMCO-0122-2026-GGNET-VIVO STFC - RESUMO_EOT_200_948_202607.xls': openpyxl does not support the old .xls file format, please use xlrd to read this file, or convert it to the more recent .xlsx file format.
2026-08-13 11:54:19.229 | INFO    |src.services.operadora_service:obter_operadora:169 - Nome Fantasia não encontrado para o texto [tmco]
2026-08-13 11:54:19.231 | WARNING |src.services.processamento_service:_reprovar:509 - Operadora não identificada para 'DETRAF-TMCO-0122-2026-GGNET-VIVO STFC - RESUMO_EOT_200_948_202607.xls' (eot='None', dominio='tmco.com.br', texto_busca='tmco')
2026-08-13 11:54:19.238 | INFO    |src.services.processamento_service:_reprovar:533 - [Layout] Motivo da recusa gravado em [DETRAF-TMCO-0122-2026-GGNET-VIVO STFC - RESUMO_EOT_200_948_202607_RECUSADO.md].
2026-08-13 11:54:19.239 | INFO    |comum.dados.repositorio_cache:salvar_dados_tabela_despesa:262 - Inserindo 1 registro(s) em [tbl_rpa_log_detraf_despesa_arquivos].
2026-08-13 11:54:19.253 | INFO    |comum.dados.repositorio_cache:salvar_dados_tabela_despesa:262 - 1 registro(s) persistidos em [tbl_rpa_log_detraf_despesa_arquivos].
2026-08-13 11:54:19.254 | WARNING |src.services.processamento_service:_processar_arquivo:264 - [RPA 1] 'DETRAF-TMCO-0122-2026-GGNET-VIVO STFC - RESUMO_EOT_200_948_202607.xls' REPROVADO na validação — quarentena em [C:\RPA\Dtraf\MVP2\MVP2\DETRAF-UNIFICADO\unificado\arquivos\_QUARENTENA\202607\9D024E55DD250D4D00005211FBDF0000137D0D4C70E1CF4091747B97613AB5A60000A35B1B460000].
2026-08-13 11:54:19.317 | INFO    |src.services.processamento_service:_validar:482 - Resultado das validações para o arquivo do tipo 'detraf': {'v_col1_2': True, 'v_col2_vivo': True, 'v_col3': True, 'v_col4': True, 'v_col8': True, 'v_col9': True, 'v_col10': True, 'v_col11': True, 'v_col12_15': True, 'v_tarifas_remuneradas': True}
2026-08-13 11:54:19.325 | INFO    |src.services.processamento_service:executar:145 - Processado com sucesso: DETRAF-TMCO-0123-2026-GGNET-VIVO SMP - RESUMO EOT_044_045_202607.csv (operadora identificada via 'eot')
2026-08-13 11:54:19.328 | WARNING |src.services.processamento_service:_processar_arquivo:261 - [RPA 1] Não foi possível ler [DETRAF-TMCO-0123-2026-GGNET-VIVO SMP - RESUMO EOT_044_045_202607.xls]: Erro ao processar a leitura do arquivo C:\RPA\Dtraf\MVP2\MVP2\DETRAF-UNIFICADO\unificado\arquivos\Entrada\9D024E55DD250D4D00005211FBDF0000137D0D4C70E1CF4091747B97613AB5A60000A35B1B460000\DETRAF-TMCO-0123-2026-GGNET-VIVO SMP - RESUMO EOT_044_045_202607.xls: File contains no valid workbook part
2026-08-13 11:54:19.329 | WARNING |src.services.operadora_service:obter_operadora:157 - Falha ao extrair EOT de 'DETRAF-TMCO-0123-2026-GGNET-VIVO SMP - RESUMO EOT_044_045_202607.xls': openpyxl does not support the old .xls file format, please use xlrd to read this file, or convert it to the more recent .xlsx file format.
2026-08-13 11:54:19.334 | INFO    |src.services.operadora_service:obter_operadora:169 - Nome Fantasia não encontrado para o texto [tmco]
2026-08-13 11:54:19.335 | WARNING |src.services.processamento_service:_reprovar:509 - Operadora não identificada para 'DETRAF-TMCO-0123-2026-GGNET-VIVO SMP - RESUMO EOT_044_045_202607.xls' (eot='None', dominio='tmco.com.br', texto_busca='tmco')
2026-08-13 11:54:19.341 | INFO    |src.services.processamento_service:_reprovar:533 - [Layout] Motivo da recusa gravado em [DETRAF-TMCO-0123-2026-GGNET-VIVO SMP - RESUMO EOT_044_045_202607_RECUSADO.md].
2026-08-13 11:54:19.344 | INFO    |comum.dados.repositorio_cache:salvar_dados_tabela_despesa:262 - Inserindo 1 registro(s) em [tbl_rpa_log_detraf_despesa_arquivos].
2026-08-13 11:54:19.356 | INFO    |comum.dados.repositorio_cache:salvar_dados_tabela_despesa:262 - 1 registro(s) persistidos em [tbl_rpa_log_detraf_despesa_arquivos].
2026-08-13 11:54:19.356 | WARNING |src.services.processamento_service:_processar_arquivo:264 - [RPA 1] 'DETRAF-TMCO-0123-2026-GGNET-VIVO SMP - RESUMO EOT_044_045_202607.xls' REPROVADO na validação — quarentena em [C:\RPA\Dtraf\MVP2\MVP2\DETRAF-UNIFICADO\unificado\arquivos\_QUARENTENA\202607\9D024E55DD250D4D00005211FBDF0000137D0D4C70E1CF4091747B97613AB5A60000A35B1B460000].
2026-08-13 11:54:19.359 | WARNING |src.services.processamento_service:_processar_arquivo:261 - [RPA 1] Não foi possível ler [BALANCE_ALGAR_X_VIVO_SMP_R_202607_V00.csv]: Erro ao processar a leitura do arquivo C:\RPA\Dtraf\MVP2\MVP2\DETRAF-UNIFICADO\unificado\arquivos\Entrada\9D024E55DD250D4D00005211FBDF0000137D0D4C70E1CF4091747B97613AB5A60000A35B1B470000\BALANCE_ALGAR_X_VIVO_SMP_R_202607_V00.csv: Error tokenizing data. C error: Expected 16 fields in line 60, saw 17

2026-08-13 11:54:19.370 | INFO    |src.services.processamento_service:_reprovar:533 - [Layout] Motivo da recusa gravado em [BALANCE_ALGAR_X_VIVO_SMP_R_202607_V00_RECUSADO.md].
2026-08-13 11:54:19.371 | INFO    |comum.dados.repositorio_cache:salvar_dados_tabela_despesa:262 - Inserindo 1 registro(s) em [tbl_rpa_log_detraf_despesa_arquivos].
2026-08-13 11:54:19.385 | INFO    |comum.dados.repositorio_cache:salvar_dados_tabela_despesa:262 - 1 registro(s) persistidos em [tbl_rpa_log_detraf_despesa_arquivos].
2026-08-13 11:54:19.386 | WARNING |src.services.processamento_service:_processar_arquivo:264 - [RPA 1] 'BALANCE_ALGAR_X_VIVO_SMP_R_202607_V00.csv' REPROVADO na validação — quarentena em [C:\RPA\Dtraf\MVP2\MVP2\DETRAF-UNIFICADO\unificado\arquivos\_QUARENTENA\202607\9D024E55DD250D4D00005211FBDF0000137D0D4C70E1CF4091747B97613AB5A60000A35B1B470000].
2026-08-13 11:54:19.634 | INFO    |comum.dominio.validacao_colunas:validar_tudo_detalhado:252 - Validação de tarifas concluída | Total: 1107 | Válidas: 440 | Inválidas: 667 | Resultado final: False
2026-08-13 11:54:19.657 | INFO    |src.services.processamento_service:_validar:482 - Resultado das validações para o arquivo do tipo 'detraf': {'v_col1_2': True, 'v_col2_vivo': True, 'v_col3': True, 'v_col4': True, 'v_col8': True, 'v_col9': True, 'v_col10': True, 'v_col11': True, 'v_col12_15': True, 'v_tarifas_remuneradas': False}
2026-08-13 11:54:19.659 | WARNING |src.services.processamento_service:_processar_arquivo:262 - Arquivo [DETRAT_ALGAR_X_VIVO_SMP_R_202607_V00.csv] rejeitado: regras de coluna não atendidas.
  Tarifas remuneradas: há linhas cuja tarifa não corresponde à tarifa regulada vigente para a região, o grupo horário e o mês de tráfego da linha.
2026-08-13 11:54:19.675 | INFO    |src.services.processamento_service:_reprovar:533 - [Layout] Motivo da recusa gravado em [DETRAT_ALGAR_X_VIVO_SMP_R_202607_V00_RECUSADO.md].
2026-08-13 11:54:19.684 | INFO    |comum.dados.repositorio_cache:salvar_dados_tabela_despesa:262 - Inserindo 1 registro(s) em [tbl_rpa_log_detraf_despesa_arquivos].
2026-08-13 11:54:19.705 | INFO    |comum.dados.repositorio_cache:salvar_dados_tabela_despesa:262 - 1 registro(s) persistidos em [tbl_rpa_log_detraf_despesa_arquivos].
2026-08-13 11:54:19.706 | WARNING |src.services.processamento_service:_processar_arquivo:264 - [RPA 1] 'DETRAT_ALGAR_X_VIVO_SMP_R_202607_V00.csv' REPROVADO na validação — quarentena em [C:\RPA\Dtraf\MVP2\MVP2\DETRAF-UNIFICADO\unificado\arquivos\_QUARENTENA\202607\9D024E55DD250D4D00005211FBDF0000137D0D4C70E1CF4091747B97613AB5A60000A35B1B470000].
2026-08-13 11:54:20.281 | INFO    |comum.dominio.validacao_colunas:validar_tudo_detalhado:252 - Validação de tarifas concluída | Total: 11601 | Válidas: 4414 | Inválidas: 7187 | Resultado final: False
2026-08-13 11:54:20.346 | INFO    |src.services.processamento_service:_validar:482 - Resultado das validações para o arquivo do tipo 'detraf': {'v_col1_2': True, 'v_col2_vivo': True, 'v_col3': True, 'v_col4': True, 'v_col8': True, 'v_col9': True, 'v_col10': True, 'v_col11': True, 'v_col12_15': True, 'v_tarifas_remuneradas': False}
2026-08-13 11:54:20.348 | WARNING |src.services.processamento_service:_processar_arquivo:262 - Arquivo [DETRAT_ALGAR_X_VIVO_STFC_R_202607_V00.csv] rejeitado: regras de coluna não atendidas.
  Tarifas remuneradas: há linhas cuja tarifa não corresponde à tarifa regulada vigente para a região, o grupo horário e o mês de tráfego da linha.
2026-08-13 11:54:20.362 | INFO    |src.services.processamento_service:_reprovar:533 - [Layout] Motivo da recusa gravado em [DETRAT_ALGAR_X_VIVO_STFC_R_202607_V00_RECUSADO.md].
2026-08-13 11:54:20.364 | INFO    |comum.dados.repositorio_cache:salvar_dados_tabela_despesa:262 - Inserindo 1 registro(s) em [tbl_rpa_log_detraf_despesa_arquivos].
2026-08-13 11:54:20.380 | INFO    |comum.dados.repositorio_cache:salvar_dados_tabela_despesa:262 - 1 registro(s) persistidos em [tbl_rpa_log_detraf_despesa_arquivos].
2026-08-13 11:54:20.380 | WARNING |src.services.processamento_service:_processar_arquivo:264 - [RPA 1] 'DETRAT_ALGAR_X_VIVO_STFC_R_202607_V00.csv' REPROVADO na validação — quarentena em [C:\RPA\Dtraf\MVP2\MVP2\DETRAF-UNIFICADO\unificado\arquivos\_QUARENTENA\202607\9D024E55DD250D4D00005211FBDF0000137D0D4C70E1CF4091747B97613AB5A60000A35B1B470000].
2026-08-13 11:54:20.417 | INFO    |src.services.processamento_service:_validar:482 - Resultado das validações para o arquivo do tipo 'detraf': {'v_col1_2': True, 'v_col2_vivo': True, 'v_col3': True, 'v_col4': True, 'v_col8': True, 'v_col9': True, 'v_col10': True, 'v_col11': True, 'v_col12_15': True, 'v_tarifas_remuneradas': True}
2026-08-13 11:54:20.421 | WARNING |src.services.processamento_service:_processar_arquivo:297 - Estrutura do mês anterior não encontrada em 'C:\RPA\Dtraf\MVP2\MVP2\DETRAF-UNIFICADO\unificado\arquivos\Operadoras\Algar\2026\202606' — criando 'C:\RPA\Dtraf\MVP2\MVP2\DETRAF-UNIFICADO\unificado\arquivos\Operadoras\Algar\2026\202607' vazio.
2026-08-13 11:54:20.425 | INFO    |src.services.processamento_service:executar:145 - Processado com sucesso: RELAM_SMS_ALGAR_X_VIVO_SMP_R_202607_V00.csv (operadora identificada via 'eot')
2026-08-13 11:54:20.472 | INFO    |comum.dominio.validacao_colunas:validar_tudo_detalhado:269 - DataFrame reprovado na validação da Coluna 10 (Minutos). Encontrados valores com mais de 1 casa decimal.
2026-08-13 11:54:20.478 | INFO    |comum.dominio.validacao_colunas:validar_tudo_detalhado:271 - DataFrame reprovado na validação das Colunas Financeiras (12-15). Encontrados valores monetários com mais de 2 casas decimais.
2026-08-13 11:54:20.478 | INFO    |src.services.processamento_service:_validar:482 - Resultado das validações para o arquivo do tipo 'detraf': {'v_col1_2': True, 'v_col2_vivo': True, 'v_col3': True, 'v_col4': True, 'v_col8': True, 'v_col9': True, 'v_col10': False, 'v_col11': True, 'v_col12_15': False, 'v_tarifas_remuneradas': True}
2026-08-13 11:54:20.479 | WARNING |src.services.processamento_service:_processar_arquivo:262 - Arquivo [DETRAF_ONE_Vivo-Julho-2026.xlsx] rejeitado: regras de coluna não atendidas.
  Coluna 10 (Minutos): os minutos admitem no máximo 1 casa decimal.
  Colunas 12 a 15 (valores financeiros): os valores financeiros admitem no máximo 2 casas decimais.
2026-08-13 11:54:20.497 | INFO    |src.services.processamento_service:_reprovar:533 - [Layout] Motivo da recusa gravado em [DETRAF_ONE_Vivo-Julho-2026_RECUSADO.md].
2026-08-13 11:54:20.499 | INFO    |comum.dados.repositorio_cache:salvar_dados_tabela_despesa:262 - Inserindo 1 registro(s) em [tbl_rpa_log_detraf_despesa_arquivos].
2026-08-13 11:54:20.509 | INFO    |comum.dados.repositorio_cache:salvar_dados_tabela_despesa:262 - 1 registro(s) persistidos em [tbl_rpa_log_detraf_despesa_arquivos].
2026-08-13 11:54:20.510 | WARNING |src.services.processamento_service:_processar_arquivo:264 - [RPA 1] 'DETRAF_ONE_Vivo-Julho-2026.xlsx' REPROVADO na validação — quarentena em [C:\RPA\Dtraf\MVP2\MVP2\DETRAF-UNIFICADO\unificado\arquivos\_QUARENTENA\202607\9D024E55DD250D4D00005211FBDF0000137D0D4C70E1CF4091747B97613AB5A60000A35B1B480000].
2026-08-13 11:54:20.523 | WARNING |src.services.processamento_service:_processar_arquivo:261 - [RPA 1] Não foi possível ler [DETRAF_ONE_Telefonica-GVT-Julho-2026.xlsx]: Erro ao processar a leitura do arquivo C:\RPA\Dtraf\MVP2\MVP2\DETRAF-UNIFICADO\unificado\arquivos\Entrada\9D024E55DD250D4D00005211FBDF0000137D0D4C70E1CF4091747B97613AB5A60000A35B1B480000\DETRAF_ONE_Telefonica-GVT-Julho-2026.xlsx: expected string or bytes-like object, got 'float'
2026-08-13 11:54:20.535 | INFO    |src.services.operadora_service:obter_operadora:159 - Nome Fantasia não encontrado para o EOT [EOT Credora]
2026-08-13 11:54:20.541 | INFO    |src.services.operadora_service:obter_operadora:169 - Nome Fantasia não encontrado para o texto [onetele]
2026-08-13 11:54:20.542 | WARNING |src.services.processamento_service:_reprovar:509 - Operadora não identificada para 'DETRAF_ONE_Telefonica-GVT-Julho-2026.xlsx' (eot='EOT Credora', dominio='onetele.com.br', texto_busca='onetele')
2026-08-13 11:54:20.548 | INFO    |src.services.processamento_service:_reprovar:533 - [Layout] Motivo da recusa gravado em [DETRAF_ONE_Telefonica-GVT-Julho-2026_RECUSADO.md].
2026-08-13 11:54:20.550 | INFO    |comum.dados.repositorio_cache:salvar_dados_tabela_despesa:262 - Inserindo 1 registro(s) em [tbl_rpa_log_detraf_despesa_arquivos].
2026-08-13 11:54:20.563 | INFO    |comum.dados.repositorio_cache:salvar_dados_tabela_despesa:262 - 1 registro(s) persistidos em [tbl_rpa_log_detraf_despesa_arquivos].
2026-08-13 11:54:20.564 | WARNING |src.services.processamento_service:_processar_arquivo:264 - [RPA 1] 'DETRAF_ONE_Telefonica-GVT-Julho-2026.xlsx' REPROVADO na validação — quarentena em [C:\RPA\Dtraf\MVP2\MVP2\DETRAF-UNIFICADO\unificado\arquivos\_QUARENTENA\202607\9D024E55DD250D4D00005211FBDF0000137D0D4C70E1CF4091747B97613AB5A60000A35B1B480000].
2026-08-13 11:54:20.572 | WARNING |src.services.processamento_service:_processar_arquivo:262 - Arquivo [DETRAF VIVO - CICLO 072026.csv] rejeitado: layout fora do padrão da V2.
  posição 0 (Credora): esperado EOT numérica, encontrado "L74", "J07", "J07" [0/103 válidos]
2026-08-13 11:54:20.583 | INFO    |src.services.processamento_service:_reprovar:533 - [Layout] Motivo da recusa gravado em [DETRAF VIVO - CICLO 072026_RECUSADO.md].
2026-08-13 11:54:20.585 | INFO    |comum.dados.repositorio_cache:salvar_dados_tabela_despesa:262 - Inserindo 1 registro(s) em [tbl_rpa_log_detraf_despesa_arquivos].
2026-08-13 11:54:20.598 | INFO    |comum.dados.repositorio_cache:salvar_dados_tabela_despesa:262 - 1 registro(s) persistidos em [tbl_rpa_log_detraf_despesa_arquivos].
2026-08-13 11:54:20.598 | WARNING |src.services.processamento_service:_processar_arquivo:264 - [RPA 1] 'DETRAF VIVO - CICLO 072026.csv' REPROVADO na validação — quarentena em [C:\RPA\Dtraf\MVP2\MVP2\DETRAF-UNIFICADO\unificado\arquivos\_QUARENTENA\202607\9D024E55DD250D4D00005211FBDF0000137D0D4C70E1CF4091747B97613AB5A60000A35B1B490000].
2026-08-13 11:54:20.666 | INFO    |src.services.processamento_service:_validar:482 - Resultado das validações para o arquivo do tipo 'detraf': {'v_col1_2': True, 'v_col2_vivo': True, 'v_col3': True, 'v_col4': True, 'v_col8': True, 'v_col9': True, 'v_col10': True, 'v_col11': True, 'v_col12_15': True, 'v_tarifas_remuneradas': True}
2026-08-13 11:54:20.680 | WARNING |src.services.processamento_service:_processar_arquivo:297 - Estrutura do mês anterior não encontrada em 'C:\RPA\Dtraf\MVP2\MVP2\DETRAF-UNIFICADO\unificado\arquivos\Operadoras\Desktop Sigmanet\2026\202606' — criando 'C:\RPA\Dtraf\MVP2\MVP2\DETRAF-UNIFICADO\unificado\arquivos\Operadoras\Desktop Sigmanet\2026\202607' vazio.
2026-08-13 11:54:20.684 | INFO    |src.services.processamento_service:executar:145 - Processado com sucesso: layout-telefonica-brasil-smp-c-vc1-202607.xlsx (operadora identificada via 'eot')
2026-08-13 11:54:20.754 | INFO    |src.services.processamento_service:_validar:482 - Resultado das validações para o arquivo do tipo 'detraf': {'v_col1_2': True, 'v_col2_vivo': True, 'v_col3': True, 'v_col4': True, 'v_col8': True, 'v_col9': True, 'v_col10': True, 'v_col11': True, 'v_col12_15': True, 'v_tarifas_remuneradas': True}
2026-08-13 11:54:20.769 | INFO    |src.services.processamento_service:executar:145 - Processado com sucesso: layout-telefonica-brasil-stfc-c-ldn-202607.xlsx (operadora identificada via 'eot')
2026-08-13 11:54:20.819 | INFO    |comum.dominio.validacao_colunas:validar_tudo_detalhado:269 - DataFrame reprovado na validação da Coluna 10 (Minutos). Valores nulos ou não numéricos detectados.
2026-08-13 11:54:20.823 | INFO    |src.services.processamento_service:_validar:482 - Resultado das validações para o arquivo do tipo 'detraf': {'v_col1_2': True, 'v_col2_vivo': True, 'v_col3': True, 'v_col4': True, 'v_col8': True, 'v_col9': True, 'v_col10': False, 'v_col11': True, 'v_col12_15': True, 'v_tarifas_remuneradas': True}
2026-08-13 11:54:20.824 | WARNING |src.services.processamento_service:_processar_arquivo:262 - Arquivo [MUNDIVOX_VIVO_202607.csv] rejeitado: regras de coluna não atendidas.
  Coluna 10 (Minutos): os minutos admitem no máximo 1 casa decimal.
2026-08-13 11:54:20.835 | INFO    |src.services.processamento_service:_reprovar:533 - [Layout] Motivo da recusa gravado em [MUNDIVOX_VIVO_202607_RECUSADO.md].
2026-08-13 11:54:20.837 | INFO    |comum.dados.repositorio_cache:salvar_dados_tabela_despesa:262 - Inserindo 1 registro(s) em [tbl_rpa_log_detraf_despesa_arquivos].
2026-08-13 11:54:20.851 | INFO    |comum.dados.repositorio_cache:salvar_dados_tabela_despesa:262 - 1 registro(s) persistidos em [tbl_rpa_log_detraf_despesa_arquivos].
2026-08-13 11:54:20.852 | WARNING |src.services.processamento_service:_processar_arquivo:264 - [RPA 1] 'MUNDIVOX_VIVO_202607.csv' REPROVADO na validação — quarentena em [C:\RPA\Dtraf\MVP2\MVP2\DETRAF-UNIFICADO\unificado\arquivos\_QUARENTENA\202607\9D024E55DD250D4D00005211FBDF0000137D0D4C70E1CF4091747B97613AB5A60000A35B1B4B0000].
2026-08-13 11:54:20.907 | INFO    |comum.dominio.validacao_colunas:validar_tudo_detalhado:252 - Validação de tarifas concluída | Total: 4 | Válidas: 3 | Inválidas: 1 | Resultado final: False
2026-08-13 11:54:20.912 | INFO    |comum.dominio.validacao_colunas:validar_tudo_detalhado:270 - DataFrame reprovado na validação da Coluna 11 (Tarifa). Encontrada tarifa zerada (0), o que não é permitido.
2026-08-13 11:54:20.916 | INFO    |src.services.processamento_service:_validar:482 - Resultado das validações para o arquivo do tipo 'detraf': {'v_col1_2': True, 'v_col2_vivo': True, 'v_col3': True, 'v_col4': True, 'v_col8': True, 'v_col9': True, 'v_col10': True, 'v_col11': False, 'v_col12_15': True, 'v_tarifas_remuneradas': False}
2026-08-13 11:54:20.917 | WARNING |src.services.processamento_service:_processar_arquivo:262 - Arquivo [DETRAF_SOTHIS_X_VIVO_202607.xlsx] rejeitado: regras de coluna não atendidas.
  Coluna 11 (Tarifa): a tarifa admite no máximo 5 casas decimais e não pode ser zero.
  Tarifas remuneradas: há linhas cuja tarifa não corresponde à tarifa regulada vigente para a região, o grupo horário e o mês de tráfego da linha.
2026-08-13 11:54:20.935 | INFO    |src.services.processamento_service:_reprovar:533 - [Layout] Motivo da recusa gravado em [DETRAF_SOTHIS_X_VIVO_202607_RECUSADO.md].
2026-08-13 11:54:20.936 | INFO    |comum.dados.repositorio_cache:salvar_dados_tabela_despesa:262 - Inserindo 1 registro(s) em [tbl_rpa_log_detraf_despesa_arquivos].
2026-08-13 11:54:20.950 | INFO    |comum.dados.repositorio_cache:salvar_dados_tabela_despesa:262 - 1 registro(s) persistidos em [tbl_rpa_log_detraf_despesa_arquivos].
2026-08-13 11:54:20.951 | WARNING |src.services.processamento_service:_processar_arquivo:264 - [RPA 1] 'DETRAF_SOTHIS_X_VIVO_202607.xlsx' REPROVADO na validação — quarentena em [C:\RPA\Dtraf\MVP2\MVP2\DETRAF-UNIFICADO\unificado\arquivos\_QUARENTENA\202607\9D024E55DD250D4D00005211FBDF0000137D0D4C70E1CF4091747B97613AB5A60000A35B1B4C0000].
2026-08-13 11:54:21.034 | INFO    |src.services.processamento_service:_validar:482 - Resultado das validações para o arquivo do tipo 'detraf': {'v_col1_2': True, 'v_col2_vivo': True, 'v_col3': True, 'v_col4': True, 'v_col8': True, 'v_col9': True, 'v_col10': True, 'v_col11': True, 'v_col12_15': True, 'v_tarifas_remuneradas': True}
2026-08-13 11:54:21.041 | WARNING |src.services.processamento_service:_processar_arquivo:297 - Estrutura do mês anterior não encontrada em 'C:\RPA\Dtraf\MVP2\MVP2\DETRAF-UNIFICADO\unificado\arquivos\Operadoras\Vonare\2026\202606' — criando 'C:\RPA\Dtraf\MVP2\MVP2\DETRAF-UNIFICADO\unificado\arquivos\Operadoras\Vonare\2026\202607' vazio.
2026-08-13 11:54:21.046 | INFO    |src.services.processamento_service:executar:145 - Processado com sucesso: DETRAF_FINAL_202607_VONARE_VIVO_ITX_20260806161630.csv (operadora identificada via 'eot')
2026-08-13 11:54:21.059 | WARNING |src.services.processamento_service:_processar_arquivo:262 - Arquivo [DETRAF_FINAL_202607_HOME_VIVO_C_20260804195236_SMS.csv] rejeitado: layout fora do padrão da V2.
  posição 7 (GH): esperado S, R, N ou D, encontrado "F", "nan", "F" [0/200 válidos]
2026-08-13 11:54:21.073 | INFO    |src.services.processamento_service:_reprovar:533 - [Layout] Motivo da recusa gravado em [DETRAF_FINAL_202607_HOME_VIVO_C_20260804195236_SMS_RECUSADO.md].
2026-08-13 11:54:21.076 | INFO    |comum.dados.repositorio_cache:salvar_dados_tabela_despesa:262 - Inserindo 1 registro(s) em [tbl_rpa_log_detraf_despesa_arquivos].
2026-08-13 11:54:21.090 | INFO    |comum.dados.repositorio_cache:salvar_dados_tabela_despesa:262 - 1 registro(s) persistidos em [tbl_rpa_log_detraf_despesa_arquivos].
2026-08-13 11:54:21.091 | WARNING |src.services.processamento_service:_processar_arquivo:264 - [RPA 1] 'DETRAF_FINAL_202607_HOME_VIVO_C_20260804195236_SMS.csv' REPROVADO na validação — quarentena em [C:\RPA\Dtraf\MVP2\MVP2\DETRAF-UNIFICADO\unificado\arquivos\_QUARENTENA\202607\9D024E55DD250D4D00005211FBDF0000137D0D4C70E1CF4091747B97613AB5A60000A35B1B4E0000].
2026-08-13 11:54:21.094 | WARNING |src.services.processamento_service:_processar_arquivo:261 - [RPA 1] Não foi possível ler [DETRAF CLARO STFC LD X TELEFONICA 202607.xls]: Erro ao processar a leitura do arquivo C:\RPA\Dtraf\MVP2\MVP2\DETRAF-UNIFICADO\unificado\arquivos\Entrada\9D024E55DD250D4D00005211FBDF0000137D0D4C70E1CF4091747B97613AB5A60000A35B1B4F0000\DETRAF CLARO STFC LD X TELEFONICA 202607.xls: File is not a zip file
2026-08-13 11:54:21.095 | WARNING |src.services.operadora_service:obter_operadora:157 - Falha ao extrair EOT de 'DETRAF CLARO STFC LD X TELEFONICA 202607.xls': openpyxl does not support the old .xls file format, please use xlrd to read this file, or convert it to the more recent .xlsx file format.
2026-08-13 11:54:21.111 | INFO    |src.services.processamento_service:_reprovar:533 - [Layout] Motivo da recusa gravado em [DETRAF CLARO STFC LD X TELEFONICA 202607_RECUSADO.md].
2026-08-13 11:54:21.113 | INFO    |comum.dados.repositorio_cache:salvar_dados_tabela_despesa:262 - Inserindo 1 registro(s) em [tbl_rpa_log_detraf_despesa_arquivos].
2026-08-13 11:54:21.125 | INFO    |comum.dados.repositorio_cache:salvar_dados_tabela_despesa:262 - 1 registro(s) persistidos em [tbl_rpa_log_detraf_despesa_arquivos].
2026-08-13 11:54:21.126 | WARNING |src.services.processamento_service:_processar_arquivo:264 - [RPA 1] 'DETRAF CLARO STFC LD X TELEFONICA 202607.xls' REPROVADO na validação — quarentena em [C:\RPA\Dtraf\MVP2\MVP2\DETRAF-UNIFICADO\unificado\arquivos\_QUARENTENA\202607\9D024E55DD250D4D00005211FBDF0000137D0D4C70E1CF4091747B97613AB5A60000A35B1B4F0000].
2026-08-13 11:54:21.128 | WARNING |src.services.processamento_service:_processar_arquivo:261 - [RPA 1] Não foi possível ler [DETRAF CLARO STFC LD X VIVO SMP 202607.xls]: Erro ao processar a leitura do arquivo C:\RPA\Dtraf\MVP2\MVP2\DETRAF-UNIFICADO\unificado\arquivos\Entrada\9D024E55DD250D4D00005211FBDF0000137D0D4C70E1CF4091747B97613AB5A60000A35B1B500000\DETRAF CLARO STFC LD X VIVO SMP 202607.xls: File is not a zip file
2026-08-13 11:54:21.128 | WARNING |src.services.operadora_service:obter_operadora:157 - Falha ao extrair EOT de 'DETRAF CLARO STFC LD X VIVO SMP 202607.xls': openpyxl does not support the old .xls file format, please use xlrd to read this file, or convert it to the more recent .xlsx file format.
2026-08-13 11:54:21.141 | INFO    |src.services.processamento_service:_reprovar:533 - [Layout] Motivo da recusa gravado em [DETRAF CLARO STFC LD X VIVO SMP 202607_RECUSADO.md].
2026-08-13 11:54:21.143 | INFO    |comum.dados.repositorio_cache:salvar_dados_tabela_despesa:262 - Inserindo 1 registro(s) em [tbl_rpa_log_detraf_despesa_arquivos].
2026-08-13 11:54:21.156 | INFO    |comum.dados.repositorio_cache:salvar_dados_tabela_despesa:262 - 1 registro(s) persistidos em [tbl_rpa_log_detraf_despesa_arquivos].
2026-08-13 11:54:21.157 | WARNING |src.services.processamento_service:_processar_arquivo:264 - [RPA 1] 'DETRAF CLARO STFC LD X VIVO SMP 202607.xls' REPROVADO na validação — quarentena em [C:\RPA\Dtraf\MVP2\MVP2\DETRAF-UNIFICADO\unificado\arquivos\_QUARENTENA\202607\9D024E55DD250D4D00005211FBDF0000137D0D4C70E1CF4091747B97613AB5A60000A35B1B500000].
2026-08-13 11:54:21.159 | WARNING |src.services.processamento_service:_processar_arquivo:261 - [RPA 1] Não foi possível ler [DETRAF CLARO STFC LD X VIVO STFC 202607.xls]: Erro ao processar a leitura do arquivo C:\RPA\Dtraf\MVP2\MVP2\DETRAF-UNIFICADO\unificado\arquivos\Entrada\9D024E55DD250D4D00005211FBDF0000137D0D4C70E1CF4091747B97613AB5A60000A35B1B510000\DETRAF CLARO STFC LD X VIVO STFC 202607.xls: File is not a zip file
2026-08-13 11:54:21.160 | WARNING |src.services.operadora_service:obter_operadora:157 - Falha ao extrair EOT de 'DETRAF CLARO STFC LD X VIVO STFC 202607.xls': openpyxl does not support the old .xls file format, please use xlrd to read this file, or convert it to the more recent .xlsx file format.
2026-08-13 11:54:21.178 | INFO    |src.services.processamento_service:_reprovar:533 - [Layout] Motivo da recusa gravado em [DETRAF CLARO STFC LD X VIVO STFC 202607_RECUSADO.md].
2026-08-13 11:54:21.180 | INFO    |comum.dados.repositorio_cache:salvar_dados_tabela_despesa:262 - Inserindo 1 registro(s) em [tbl_rpa_log_detraf_despesa_arquivos].
2026-08-13 11:54:21.193 | INFO    |comum.dados.repositorio_cache:salvar_dados_tabela_despesa:262 - 1 registro(s) persistidos em [tbl_rpa_log_detraf_despesa_arquivos].
2026-08-13 11:54:21.195 | WARNING |src.services.processamento_service:_processar_arquivo:264 - [RPA 1] 'DETRAF CLARO STFC LD X VIVO STFC 202607.xls' REPROVADO na validação — quarentena em [C:\RPA\Dtraf\MVP2\MVP2\DETRAF-UNIFICADO\unificado\arquivos\_QUARENTENA\202607\9D024E55DD250D4D00005211FBDF0000137D0D4C70E1CF4091747B97613AB5A60000A35B1B510000].
2026-08-13 11:54:21.197 | WARNING |src.services.processamento_service:_processar_arquivo:261 - [RPA 1] Não foi possível ler [DETRAF CLARO STFC LC X TELEFONICA 202607.xls]: Erro ao processar a leitura do arquivo C:\RPA\Dtraf\MVP2\MVP2\DETRAF-UNIFICADO\unificado\arquivos\Entrada\9D024E55DD250D4D00005211FBDF0000137D0D4C70E1CF4091747B97613AB5A60000A35B1B520000\DETRAF CLARO STFC LC X TELEFONICA 202607.xls: File is not a zip file
2026-08-13 11:54:21.197 | WARNING |src.services.operadora_service:obter_operadora:157 - Falha ao extrair EOT de 'DETRAF CLARO STFC LC X TELEFONICA 202607.xls': openpyxl does not support the old .xls file format, please use xlrd to read this file, or convert it to the more recent .xlsx file format.
2026-08-13 11:54:21.203 | INFO    |src.services.operadora_service:obter_operadora:169 - Nome Fantasia não encontrado para o texto [embratel]
2026-08-13 11:54:21.203 | WARNING |src.services.processamento_service:_reprovar:509 - Operadora não identificada para 'DETRAF CLARO STFC LC X TELEFONICA 202607.xls' (eot='None', dominio='embratel.com.br', texto_busca='embratel')
2026-08-13 11:54:21.212 | INFO    |src.services.processamento_service:_reprovar:533 - [Layout] Motivo da recusa gravado em [DETRAF CLARO STFC LC X TELEFONICA 202607_RECUSADO.md].
2026-08-13 11:54:21.214 | INFO    |comum.dados.repositorio_cache:salvar_dados_tabela_despesa:262 - Inserindo 1 registro(s) em [tbl_rpa_log_detraf_despesa_arquivos].
2026-08-13 11:54:21.228 | INFO    |comum.dados.repositorio_cache:salvar_dados_tabela_despesa:262 - 1 registro(s) persistidos em [tbl_rpa_log_detraf_despesa_arquivos].
2026-08-13 11:54:21.229 | WARNING |src.services.processamento_service:_processar_arquivo:264 - [RPA 1] 'DETRAF CLARO STFC LC X TELEFONICA 202607.xls' REPROVADO na validação — quarentena em [C:\RPA\Dtraf\MVP2\MVP2\DETRAF-UNIFICADO\unificado\arquivos\_QUARENTENA\202607\9D024E55DD250D4D00005211FBDF0000137D0D4C70E1CF4091747B97613AB5A60000A35B1B520000].
2026-08-13 11:54:21.231 | WARNING |src.services.processamento_service:_processar_arquivo:261 - [RPA 1] Não foi possível ler [DETRAF CLARO STFC LC X VIVO SMP 202607.xls]: Erro ao processar a leitura do arquivo C:\RPA\Dtraf\MVP2\MVP2\DETRAF-UNIFICADO\unificado\arquivos\Entrada\9D024E55DD250D4D00005211FBDF0000137D0D4C70E1CF4091747B97613AB5A60000A35B1B530000\DETRAF CLARO STFC LC X VIVO SMP 202607.xls: File is not a zip file
2026-08-13 11:54:21.232 | WARNING |src.services.operadora_service:obter_operadora:157 - Falha ao extrair EOT de 'DETRAF CLARO STFC LC X VIVO SMP 202607.xls': openpyxl does not support the old .xls file format, please use xlrd to read this file, or convert it to the more recent .xlsx file format.
2026-08-13 11:54:21.245 | INFO    |src.services.processamento_service:_reprovar:533 - [Layout] Motivo da recusa gravado em [DETRAF CLARO STFC LC X VIVO SMP 202607_RECUSADO.md].
2026-08-13 11:54:21.247 | INFO    |comum.dados.repositorio_cache:salvar_dados_tabela_despesa:262 - Inserindo 1 registro(s) em [tbl_rpa_log_detraf_despesa_arquivos].
2026-08-13 11:54:21.260 | INFO    |comum.dados.repositorio_cache:salvar_dados_tabela_despesa:262 - 1 registro(s) persistidos em [tbl_rpa_log_detraf_despesa_arquivos].
2026-08-13 11:54:21.261 | WARNING |src.services.processamento_service:_processar_arquivo:264 - [RPA 1] 'DETRAF CLARO STFC LC X VIVO SMP 202607.xls' REPROVADO na validação — quarentena em [C:\RPA\Dtraf\MVP2\MVP2\DETRAF-UNIFICADO\unificado\arquivos\_QUARENTENA\202607\9D024E55DD250D4D00005211FBDF0000137D0D4C70E1CF4091747B97613AB5A60000A35B1B530000].
2026-08-13 11:54:21.263 | WARNING |src.services.processamento_service:_processar_arquivo:261 - [RPA 1] Não foi possível ler [DETRAF CLARO STFC LC X VIVO STFC 202607.xls]: Erro ao processar a leitura do arquivo C:\RPA\Dtraf\MVP2\MVP2\DETRAF-UNIFICADO\unificado\arquivos\Entrada\9D024E55DD250D4D00005211FBDF0000137D0D4C70E1CF4091747B97613AB5A60000A35B1B540000\DETRAF CLARO STFC LC X VIVO STFC 202607.xls: File is not a zip file
2026-08-13 11:54:21.264 | WARNING |src.services.operadora_service:obter_operadora:157 - Falha ao extrair EOT de 'DETRAF CLARO STFC LC X VIVO STFC 202607.xls': openpyxl does not support the old .xls file format, please use xlrd to read this file, or convert it to the more recent .xlsx file format.
2026-08-13 11:54:21.279 | INFO    |src.services.processamento_service:_reprovar:533 - [Layout] Motivo da recusa gravado em [DETRAF CLARO STFC LC X VIVO STFC 202607_RECUSADO.md].
2026-08-13 11:54:21.282 | INFO    |comum.dados.repositorio_cache:salvar_dados_tabela_despesa:262 - Inserindo 1 registro(s) em [tbl_rpa_log_detraf_despesa_arquivos].
2026-08-13 11:54:21.296 | INFO    |comum.dados.repositorio_cache:salvar_dados_tabela_despesa:262 - 1 registro(s) persistidos em [tbl_rpa_log_detraf_despesa_arquivos].
2026-08-13 11:54:21.297 | WARNING |src.services.processamento_service:_processar_arquivo:264 - [RPA 1] 'DETRAF CLARO STFC LC X VIVO STFC 202607.xls' REPROVADO na validação — quarentena em [C:\RPA\Dtraf\MVP2\MVP2\DETRAF-UNIFICADO\unificado\arquivos\_QUARENTENA\202607\9D024E55DD250D4D00005211FBDF0000137D0D4C70E1CF4091747B97613AB5A60000A35B1B540000].
2026-08-13 11:54:21.299 | WARNING |src.services.processamento_service:_processar_arquivo:261 - [RPA 1] Não foi possível ler [D_IPCorp_Telecom_Vivo_-_Fixa_LD_202607.XLS]: Erro ao processar a leitura do arquivo C:\RPA\Dtraf\MVP2\MVP2\DETRAF-UNIFICADO\unificado\arquivos\Entrada\9D024E55DD250D4D00005211FBDF0000137D0D4C70E1CF4091747B97613AB5A60000A35B1B550000\D_IPCorp_Telecom_Vivo_-_Fixa_LD_202607.XLS: File contains no valid workbook part
2026-08-13 11:54:21.300 | WARNING |src.services.operadora_service:obter_operadora:157 - Falha ao extrair EOT de 'D_IPCorp_Telecom_Vivo_-_Fixa_LD_202607.XLS': openpyxl does not support the old .xls file format, please use xlrd to read this file, or convert it to the more recent .xlsx file format.
2026-08-13 11:54:21.306 | INFO    |src.services.operadora_service:obter_operadora:169 - Nome Fantasia não encontrado para o texto [ageratelecom]
2026-08-13 11:54:21.307 | WARNING |src.services.processamento_service:_reprovar:509 - Operadora não identificada para 'D_IPCorp_Telecom_Vivo_-_Fixa_LD_202607.XLS' (eot='None', dominio='ageratelecom.com.br', texto_busca='ageratelecom')
2026-08-13 11:54:21.317 | INFO    |src.services.processamento_service:_reprovar:533 - [Layout] Motivo da recusa gravado em [D_IPCorp_Telecom_Vivo_-_Fixa_LD_202607_RECUSADO.md].
2026-08-13 11:54:21.319 | INFO    |comum.dados.repositorio_cache:salvar_dados_tabela_despesa:262 - Inserindo 1 registro(s) em [tbl_rpa_log_detraf_despesa_arquivos].
2026-08-13 11:54:21.334 | INFO    |comum.dados.repositorio_cache:salvar_dados_tabela_despesa:262 - 1 registro(s) persistidos em [tbl_rpa_log_detraf_despesa_arquivos].
2026-08-13 11:54:21.334 | WARNING |src.services.processamento_service:_processar_arquivo:264 - [RPA 1] 'D_IPCorp_Telecom_Vivo_-_Fixa_LD_202607.XLS' REPROVADO na validação — quarentena em [C:\RPA\Dtraf\MVP2\MVP2\DETRAF-UNIFICADO\unificado\arquivos\_QUARENTENA\202607\9D024E55DD250D4D00005211FBDF0000137D0D4C70E1CF4091747B97613AB5A60000A35B1B550000].
2026-08-13 11:54:21.337 | WARNING |src.services.processamento_service:_processar_arquivo:261 - [RPA 1] Não foi possível ler [D_IPCorp_Telecom_Vivo_-_Móvel_LC_202607.xls]: Erro ao processar a leitura do arquivo C:\RPA\Dtraf\MVP2\MVP2\DETRAF-UNIFICADO\unificado\arquivos\Entrada\9D024E55DD250D4D00005211FBDF0000137D0D4C70E1CF4091747B97613AB5A60000A35B1B550000\D_IPCorp_Telecom_Vivo_-_Móvel_LC_202607.xls: File contains no valid workbook part
2026-08-13 11:54:21.337 | WARNING |src.services.operadora_service:obter_operadora:157 - Falha ao extrair EOT de 'D_IPCorp_Telecom_Vivo_-_Móvel_LC_202607.xls': openpyxl does not support the old .xls file format, please use xlrd to read this file, or convert it to the more recent .xlsx file format.
2026-08-13 11:54:21.345 | INFO    |src.services.operadora_service:obter_operadora:169 - Nome Fantasia não encontrado para o texto [ageratelecom]
2026-08-13 11:54:21.346 | WARNING |src.services.processamento_service:_reprovar:509 - Operadora não identificada para 'D_IPCorp_Telecom_Vivo_-_Móvel_LC_202607.xls' (eot='None', dominio='ageratelecom.com.br', texto_busca='ageratelecom')
2026-08-13 11:54:21.355 | INFO    |src.services.processamento_service:_reprovar:533 - [Layout] Motivo da recusa gravado em [D_IPCorp_Telecom_Vivo_-_Móvel_LC_202607_RECUSADO.md].
2026-08-13 11:54:21.357 | INFO    |comum.dados.repositorio_cache:salvar_dados_tabela_despesa:262 - Inserindo 1 registro(s) em [tbl_rpa_log_detraf_despesa_arquivos].
2026-08-13 11:54:21.373 | INFO    |comum.dados.repositorio_cache:salvar_dados_tabela_despesa:262 - 1 registro(s) persistidos em [tbl_rpa_log_detraf_despesa_arquivos].
2026-08-13 11:54:21.373 | WARNING |src.services.processamento_service:_processar_arquivo:264 - [RPA 1] 'D_IPCorp_Telecom_Vivo_-_Móvel_LC_202607.xls' REPROVADO na validação — quarentena em [C:\RPA\Dtraf\MVP2\MVP2\DETRAF-UNIFICADO\unificado\arquivos\_QUARENTENA\202607\9D024E55DD250D4D00005211FBDF0000137D0D4C70E1CF4091747B97613AB5A60000A35B1B550000].
2026-08-13 11:54:21.376 | WARNING |src.services.processamento_service:_processar_arquivo:261 - [RPA 1] Não foi possível ler [D_IPCorp_Telecom_Vivo_-_Móvel_LD_202607.XLS]: Erro ao processar a leitura do arquivo C:\RPA\Dtraf\MVP2\MVP2\DETRAF-UNIFICADO\unificado\arquivos\Entrada\9D024E55DD250D4D00005211FBDF0000137D0D4C70E1CF4091747B97613AB5A60000A35B1B550000\D_IPCorp_Telecom_Vivo_-_Móvel_LD_202607.XLS: File is not a zip file
2026-08-13 11:54:21.378 | WARNING |src.services.operadora_service:obter_operadora:157 - Falha ao extrair EOT de 'D_IPCorp_Telecom_Vivo_-_Móvel_LD_202607.XLS': openpyxl does not support the old .xls file format, please use xlrd to read this file, or convert it to the more recent .xlsx file format.
2026-08-13 11:54:21.386 | INFO    |src.services.operadora_service:obter_operadora:169 - Nome Fantasia não encontrado para o texto [ageratelecom]
2026-08-13 11:54:21.387 | WARNING |src.services.processamento_service:_reprovar:509 - Operadora não identificada para 'D_IPCorp_Telecom_Vivo_-_Móvel_LD_202607.XLS' (eot='None', dominio='ageratelecom.com.br', texto_busca='ageratelecom')
2026-08-13 11:54:21.395 | INFO    |src.services.processamento_service:_reprovar:533 - [Layout] Motivo da recusa gravado em [D_IPCorp_Telecom_Vivo_-_Móvel_LD_202607_RECUSADO.md].
2026-08-13 11:54:21.397 | INFO    |comum.dados.repositorio_cache:salvar_dados_tabela_despesa:262 - Inserindo 1 registro(s) em [tbl_rpa_log_detraf_despesa_arquivos].
2026-08-13 11:54:21.412 | INFO    |comum.dados.repositorio_cache:salvar_dados_tabela_despesa:262 - 1 registro(s) persistidos em [tbl_rpa_log_detraf_despesa_arquivos].
2026-08-13 11:54:21.413 | WARNING |src.services.processamento_service:_processar_arquivo:264 - [RPA 1] 'D_IPCorp_Telecom_Vivo_-_Móvel_LD_202607.XLS' REPROVADO na validação — quarentena em [C:\RPA\Dtraf\MVP2\MVP2\DETRAF-UNIFICADO\unificado\arquivos\_QUARENTENA\202607\9D024E55DD250D4D00005211FBDF0000137D0D4C70E1CF4091747B97613AB5A60000A35B1B550000].
2026-08-13 11:54:21.428 | WARNING |src.services.processamento_service:_processar_arquivo:262 - Arquivo [detraf_072026_credor.xlsx] rejeitado: layout fora do padrão da V2.
  posição 0 (Credora): esperado EOT numérica, encontrado "I55", "I55", "I55" [0/5 válidos]
  posição 1 (Devedora): esperado EOT numérica, encontrado "Xturbo Provedor de Internet EIRELI", "Xturbo Provedor de Internet EIRELI", "Xturbo Provedor de Internet EIRELI" [0/5 válidos]
  posição 2 (Referencia): esperado AAAAMM, encontrado "010", "010", "011" [0/5 válidos]
  posição 3 (Tráfego): esperado AAAAMM, encontrado "Vivo", "Vivo", "Telefâ€œnica" [0/5 válidos]
  posição 5 (Rel): esperado 0, 1 ou vazio, encontrado "202607", "202607", "202607" [0/5 válidos]
  posição 7 (GH): esperado S, R, N ou D, encontrado "00", "00", "00" [0/5 válidos]
  posição 8 (Chamadas): esperado número inteiro, encontrado "LENL", "LENL", "LENLC" [0/5 válidos]
  posição 9 (Minutos): esperado número, encontrado "N", "R", "N" [0/5 válidos]
2026-08-13 11:54:21.452 | INFO    |src.services.processamento_service:_reprovar:533 - [Layout] Motivo da recusa gravado em [detraf_072026_credor_RECUSADO.md].
2026-08-13 11:54:21.454 | INFO    |comum.dados.repositorio_cache:salvar_dados_tabela_despesa:262 - Inserindo 1 registro(s) em [tbl_rpa_log_detraf_despesa_arquivos].
2026-08-13 11:54:21.477 | INFO    |comum.dados.repositorio_cache:salvar_dados_tabela_despesa:262 - 1 registro(s) persistidos em [tbl_rpa_log_detraf_despesa_arquivos].
2026-08-13 11:54:21.478 | WARNING |src.services.processamento_service:_processar_arquivo:264 - [RPA 1] 'detraf_072026_credor.xlsx' REPROVADO na validação — quarentena em [C:\RPA\Dtraf\MVP2\MVP2\DETRAF-UNIFICADO\unificado\arquivos\_QUARENTENA\202607\9D024E55DD250D4D00005211FBDF0000137D0D4C70E1CF4091747B97613AB5A60000A35B1B560000].
2026-08-13 11:54:21.516 | WARNING |src.services.processamento_service:_processar_arquivo:262 - Arquivo [LYTUX - 07.2026  - VIVO.xlsx] rejeitado: layout fora do padrão da V2.
  posição 0 (Credora): esperado EOT numérica, encontrado "E65", "E68", "E66" [0/77 válidos]
2026-08-13 11:54:21.545 | INFO    |src.services.processamento_service:_reprovar:533 - [Layout] Motivo da recusa gravado em [LYTUX - 07.2026  - VIVO_RECUSADO.md].
2026-08-13 11:54:21.547 | INFO    |comum.dados.repositorio_cache:salvar_dados_tabela_despesa:262 - Inserindo 1 registro(s) em [tbl_rpa_log_detraf_despesa_arquivos].
2026-08-13 11:54:21.561 | INFO    |comum.dados.repositorio_cache:salvar_dados_tabela_despesa:262 - 1 registro(s) persistidos em [tbl_rpa_log_detraf_despesa_arquivos].
2026-08-13 11:54:21.562 | WARNING |src.services.processamento_service:_processar_arquivo:264 - [RPA 1] 'LYTUX - 07.2026  - VIVO.xlsx' REPROVADO na validação — quarentena em [C:\RPA\Dtraf\MVP2\MVP2\DETRAF-UNIFICADO\unificado\arquivos\_QUARENTENA\202607\9D024E55DD250D4D00005211FBDF0000137D0D4C70E1CF4091747B97613AB5A60000A35B1B570000].
2026-08-13 11:54:21.577 | WARNING |src.services.processamento_service:_processar_arquivo:262 - Arquivo [NOVACIA - 07.2026 - VIVO.xlsx] rejeitado: layout fora do padrão da V2.
  posição 0 (Credora): esperado EOT numérica, encontrado "D67", "D67", "D67" [0/4 válidos]
2026-08-13 11:54:21.598 | INFO    |src.services.processamento_service:_reprovar:533 - [Layout] Motivo da recusa gravado em [NOVACIA - 07.2026 - VIVO_RECUSADO.md].
2026-08-13 11:54:21.600 | INFO    |comum.dados.repositorio_cache:salvar_dados_tabela_despesa:262 - Inserindo 1 registro(s) em [tbl_rpa_log_detraf_despesa_arquivos].
2026-08-13 11:54:21.613 | INFO    |comum.dados.repositorio_cache:salvar_dados_tabela_despesa:262 - 1 registro(s) persistidos em [tbl_rpa_log_detraf_despesa_arquivos].
2026-08-13 11:54:21.614 | WARNING |src.services.processamento_service:_processar_arquivo:264 - [RPA 1] 'NOVACIA - 07.2026 - VIVO.xlsx' REPROVADO na validação — quarentena em [C:\RPA\Dtraf\MVP2\MVP2\DETRAF-UNIFICADO\unificado\arquivos\_QUARENTENA\202607\9D024E55DD250D4D00005211FBDF0000137D0D4C70E1CF4091747B97613AB5A60000A35B1B580000].
2026-08-13 11:54:21.674 | INFO    |src.services.processamento_service:_validar:482 - Resultado das validações para o arquivo do tipo 'detraf': {'v_col1_2': True, 'v_col2_vivo': True, 'v_col3': True, 'v_col4': True, 'v_col8': True, 'v_col9': True, 'v_col10': True, 'v_col11': True, 'v_col12_15': True, 'v_tarifas_remuneradas': True}
2026-08-13 11:54:21.682 | WARNING |src.services.processamento_service:_processar_arquivo:297 - Estrutura do mês anterior não encontrada em 'C:\RPA\Dtraf\MVP2\MVP2\DETRAF-UNIFICADO\unificado\arquivos\Operadoras\Predialnet\2026\202606' — criando 'C:\RPA\Dtraf\MVP2\MVP2\DETRAF-UNIFICADO\unificado\arquivos\Operadoras\Predialnet\2026\202607' vazio.
2026-08-13 11:54:21.686 | INFO    |src.services.processamento_service:executar:145 - Processado com sucesso: DETRAF-TMCO-0116-2026-PREDLINK-VIVO SMP - RESUMO_EOT 20-202607.csv (operadora identificada via 'eot')
2026-08-13 11:54:21.688 | WARNING |src.services.processamento_service:_processar_arquivo:261 - [RPA 1] Não foi possível ler [DETRAF-TMCO-0116-2026-PREDLINK-VIVO SMP - RESUMO_EOT 20-202607.xls]: Erro ao processar a leitura do arquivo C:\RPA\Dtraf\MVP2\MVP2\DETRAF-UNIFICADO\unificado\arquivos\Entrada\9D024E55DD250D4D00005211FBDF0000137D0D4C70E1CF4091747B97613AB5A60000A35B1B590000\DETRAF-TMCO-0116-2026-PREDLINK-VIVO SMP - RESUMO_EOT 20-202607.xls: File contains no valid workbook part
2026-08-13 11:54:21.689 | WARNING |src.services.operadora_service:obter_operadora:157 - Falha ao extrair EOT de 'DETRAF-TMCO-0116-2026-PREDLINK-VIVO SMP - RESUMO_EOT 20-202607.xls': openpyxl does not support the old .xls file format, please use xlrd to read this file, or convert it to the more recent .xlsx file format.
2026-08-13 11:54:21.697 | INFO    |src.services.operadora_service:obter_operadora:169 - Nome Fantasia não encontrado para o texto [tmco]
2026-08-13 11:54:21.697 | WARNING |src.services.processamento_service:_reprovar:509 - Operadora não identificada para 'DETRAF-TMCO-0116-2026-PREDLINK-VIVO SMP - RESUMO_EOT 20-202607.xls' (eot='None', dominio='tmco.com.br', texto_busca='tmco')
2026-08-13 11:54:21.704 | INFO    |src.services.processamento_service:_reprovar:533 - [Layout] Motivo da recusa gravado em [DETRAF-TMCO-0116-2026-PREDLINK-VIVO SMP - RESUMO_EOT 20-202607_RECUSADO.md].
2026-08-13 11:54:21.706 | INFO    |comum.dados.repositorio_cache:salvar_dados_tabela_despesa:262 - Inserindo 1 registro(s) em [tbl_rpa_log_detraf_despesa_arquivos].
2026-08-13 11:54:21.720 | INFO    |comum.dados.repositorio_cache:salvar_dados_tabela_despesa:262 - 1 registro(s) persistidos em [tbl_rpa_log_detraf_despesa_arquivos].
2026-08-13 11:54:21.721 | WARNING |src.services.processamento_service:_processar_arquivo:264 - [RPA 1] 'DETRAF-TMCO-0116-2026-PREDLINK-VIVO SMP - RESUMO_EOT 20-202607.xls' REPROVADO na validação — quarentena em [C:\RPA\Dtraf\MVP2\MVP2\DETRAF-UNIFICADO\unificado\arquivos\_QUARENTENA\202607\9D024E55DD250D4D00005211FBDF0000137D0D4C70E1CF4091747B97613AB5A60000A35B1B590000].
2026-08-13 11:54:21.728 | WARNING |src.services.processamento_service:_processar_arquivo:262 - Arquivo [Detraf Credora Mundo (EOT A04) x Devedora Vivo (EOT 931) - Agosto.2026.csv] rejeitado: layout fora do padrão da V2.
  posição 0 (Credora): esperado EOT numérica, encontrado "A04", "nan" [0/2 válidos]
2026-08-13 11:54:21.740 | INFO    |src.services.processamento_service:_reprovar:533 - [Layout] Motivo da recusa gravado em [Detraf Credora Mundo (EOT A04) x Devedora Vivo (EOT 931) - Agosto.2026_RECUSADO.md].
2026-08-13 11:54:21.742 | INFO    |comum.dados.repositorio_cache:salvar_dados_tabela_despesa:262 - Inserindo 1 registro(s) em [tbl_rpa_log_detraf_despesa_arquivos].
2026-08-13 11:54:21.754 | INFO    |comum.dados.repositorio_cache:salvar_dados_tabela_despesa:262 - 1 registro(s) persistidos em [tbl_rpa_log_detraf_despesa_arquivos].
2026-08-13 11:54:21.755 | WARNING |src.services.processamento_service:_processar_arquivo:264 - [RPA 1] 'Detraf Credora Mundo (EOT A04) x Devedora Vivo (EOT 931) - Agosto.2026.csv' REPROVADO na validação — quarentena em [C:\RPA\Dtraf\MVP2\MVP2\DETRAF-UNIFICADO\unificado\arquivos\_QUARENTENA\202607\9D024E55DD250D4D00005211FBDF0000137D0D4C70E1CF4091747B97613AB5A60000A35B1B5A0000].
2026-08-13 11:54:22.659 | WARNING |src.services.processamento_service:_processar_arquivo:262 - Arquivo [Detraf Credora Mundo (EOT A04) x Devedora Vivo (EOT 030) - Agosto.2026.csv] rejeitado: layout fora do padrão da V2.
  posição 0 (Credora): esperado EOT numérica, encontrado "A04", "A04", "A04" [0/8 válidos]
2026-08-13 11:54:23.124 | INFO    |src.services.processamento_service:_reprovar:533 - [Layout] Motivo da recusa gravado em [Detraf Credora Mundo (EOT A04) x Devedora Vivo (EOT 030) - Agosto.2026_RECUSADO.md].
2026-08-13 11:54:23.126 | INFO    |comum.dados.repositorio_cache:salvar_dados_tabela_despesa:262 - Inserindo 1 registro(s) em [tbl_rpa_log_detraf_despesa_arquivos].
2026-08-13 11:54:23.135 | INFO    |comum.dados.repositorio_cache:salvar_dados_tabela_despesa:262 - 1 registro(s) persistidos em [tbl_rpa_log_detraf_despesa_arquivos].
2026-08-13 11:54:23.136 | WARNING |src.services.processamento_service:_processar_arquivo:264 - [RPA 1] 'Detraf Credora Mundo (EOT A04) x Devedora Vivo (EOT 030) - Agosto.2026.csv' REPROVADO na validação — quarentena em [C:\RPA\Dtraf\MVP2\MVP2\DETRAF-UNIFICADO\unificado\arquivos\_QUARENTENA\202607\9D024E55DD250D4D00005211FBDF0000137D0D4C70E1CF4091747B97613AB5A60000A35B1B5A0000].
2026-08-13 11:54:23.172 | WARNING |src.services.processamento_service:_processar_arquivo:262 - Arquivo [SISTEL - 07.2026 - VIVO.xlsx] rejeitado: layout fora do padrão da V2.
  posição 0 (Credora): esperado EOT numérica, encontrado "G19", "G19", "G19" [0/9 válidos]
2026-08-13 11:54:23.187 | INFO    |src.services.processamento_service:_reprovar:533 - [Layout] Motivo da recusa gravado em [SISTEL - 07.2026 - VIVO_RECUSADO.md].
2026-08-13 11:54:23.189 | INFO    |comum.dados.repositorio_cache:salvar_dados_tabela_despesa:262 - Inserindo 1 registro(s) em [tbl_rpa_log_detraf_despesa_arquivos].
2026-08-13 11:54:23.201 | INFO    |comum.dados.repositorio_cache:salvar_dados_tabela_despesa:262 - 1 registro(s) persistidos em [tbl_rpa_log_detraf_despesa_arquivos].
2026-08-13 11:54:23.201 | WARNING |src.services.processamento_service:_processar_arquivo:264 - [RPA 1] 'SISTEL - 07.2026 - VIVO.xlsx' REPROVADO na validação — quarentena em [C:\RPA\Dtraf\MVP2\MVP2\DETRAF-UNIFICADO\unificado\arquivos\_QUARENTENA\202607\9D024E55DD250D4D00005211FBDF0000137D0D4C70E1CF4091747B97613AB5A60000A35B1B5B0000].
2026-08-13 11:54:23.212 | WARNING |src.services.processamento_service:_processar_arquivo:262 - Arquivo [SEA - 07.2026 - VIVO.xlsx] rejeitado: layout fora do padrão da V2.
  posição 0 (Credora): esperado EOT numérica, encontrado "D85", "D85", "D85" [0/4 válidos]
2026-08-13 11:54:23.230 | INFO    |src.services.processamento_service:_reprovar:533 - [Layout] Motivo da recusa gravado em [SEA - 07.2026 - VIVO_RECUSADO.md].
2026-08-13 11:54:23.231 | INFO    |comum.dados.repositorio_cache:salvar_dados_tabela_despesa:262 - Inserindo 1 registro(s) em [tbl_rpa_log_detraf_despesa_arquivos].
2026-08-13 11:54:23.245 | INFO    |comum.dados.repositorio_cache:salvar_dados_tabela_despesa:262 - 1 registro(s) persistidos em [tbl_rpa_log_detraf_despesa_arquivos].
2026-08-13 11:54:23.246 | WARNING |src.services.processamento_service:_processar_arquivo:264 - [RPA 1] 'SEA - 07.2026 - VIVO.xlsx' REPROVADO na validação — quarentena em [C:\RPA\Dtraf\MVP2\MVP2\DETRAF-UNIFICADO\unificado\arquivos\_QUARENTENA\202607\9D024E55DD250D4D00005211FBDF0000137D0D4C70E1CF4091747B97613AB5A60000A35B1B5C0000].
2026-08-13 11:54:23.265 | WARNING |src.services.processamento_service:_processar_arquivo:262 - Arquivo [202607 Detraf C SMS SMP Unifique X SMP Telefonica Brasil.xlsx] rejeitado: layout fora do padrão da V2.
  posição 0 (Credora): esperado EOT numérica, encontrado "L06", "L06", "L05" [0/73 válidos]
2026-08-13 11:54:23.282 | INFO    |src.services.processamento_service:_reprovar:533 - [Layout] Motivo da recusa gravado em [202607 Detraf C SMS SMP Unifique X SMP Telefonica Brasil_RECUSADO.md].
2026-08-13 11:54:23.283 | INFO    |comum.dados.repositorio_cache:salvar_dados_tabela_despesa:262 - Inserindo 1 registro(s) em [tbl_rpa_log_detraf_despesa_arquivos].
2026-08-13 11:54:23.296 | INFO    |comum.dados.repositorio_cache:salvar_dados_tabela_despesa:262 - 1 registro(s) persistidos em [tbl_rpa_log_detraf_despesa_arquivos].
2026-08-13 11:54:23.297 | WARNING |src.services.processamento_service:_processar_arquivo:264 - [RPA 1] '202607 Detraf C SMS SMP Unifique X SMP Telefonica Brasil.xlsx' REPROVADO na validação — quarentena em [C:\RPA\Dtraf\MVP2\MVP2\DETRAF-UNIFICADO\unificado\arquivos\_QUARENTENA\202607\9D024E55DD250D4D00005211FBDF0000137D0D4C70E1CF4091747B97613AB5A60000A35B1B5D0000].
2026-08-13 11:54:23.307 | WARNING |src.services.processamento_service:_processar_arquivo:262 - Arquivo [RAMAL VIRTUAL - 07.2026  -  VIVO.xlsx] rejeitado: layout fora do padrão da V2.
  posição 0 (Credora): esperado EOT numérica, encontrado "F47", "F47", "F47" [0/4 válidos]
2026-08-13 11:54:23.323 | INFO    |src.services.processamento_service:_reprovar:533 - [Layout] Motivo da recusa gravado em [RAMAL VIRTUAL - 07.2026  -  VIVO_RECUSADO.md].
2026-08-13 11:54:23.325 | INFO    |comum.dados.repositorio_cache:salvar_dados_tabela_despesa:262 - Inserindo 1 registro(s) em [tbl_rpa_log_detraf_despesa_arquivos].
2026-08-13 11:54:23.336 | INFO    |comum.dados.repositorio_cache:salvar_dados_tabela_despesa:262 - 1 registro(s) persistidos em [tbl_rpa_log_detraf_despesa_arquivos].
2026-08-13 11:54:23.337 | WARNING |src.services.processamento_service:_processar_arquivo:264 - [RPA 1] 'RAMAL VIRTUAL - 07.2026  -  VIVO.xlsx' REPROVADO na validação — quarentena em [C:\RPA\Dtraf\MVP2\MVP2\DETRAF-UNIFICADO\unificado\arquivos\_QUARENTENA\202607\9D024E55DD250D4D00005211FBDF0000137D0D4C70E1CF4091747B97613AB5A60000A35B1B5E0000].
2026-08-13 11:54:23.349 | WARNING |src.services.processamento_service:_processar_arquivo:262 - Arquivo [ROCKETNET - 07.2026 - VIVO.xlsx] rejeitado: layout fora do padrão da V2.
  posição 0 (Credora): esperado EOT numérica, encontrado "A41", "A41", "A41" [0/11 válidos]
2026-08-13 11:54:23.365 | INFO    |src.services.processamento_service:_reprovar:533 - [Layout] Motivo da recusa gravado em [ROCKETNET - 07.2026 - VIVO_RECUSADO.md].
2026-08-13 11:54:23.366 | INFO    |comum.dados.repositorio_cache:salvar_dados_tabela_despesa:262 - Inserindo 1 registro(s) em [tbl_rpa_log_detraf_despesa_arquivos].
2026-08-13 11:54:23.377 | INFO    |comum.dados.repositorio_cache:salvar_dados_tabela_despesa:262 - 1 registro(s) persistidos em [tbl_rpa_log_detraf_despesa_arquivos].
2026-08-13 11:54:23.378 | WARNING |src.services.processamento_service:_processar_arquivo:264 - [RPA 1] 'ROCKETNET - 07.2026 - VIVO.xlsx' REPROVADO na validação — quarentena em [C:\RPA\Dtraf\MVP2\MVP2\DETRAF-UNIFICADO\unificado\arquivos\_QUARENTENA\202607\9D024E55DD250D4D00005211FBDF0000137D0D4C70E1CF4091747B97613AB5A60000A35B1B5F0000].
2026-08-13 11:54:23.414 | INFO    |src.services.processamento_service:_validar:482 - Resultado das validações para o arquivo do tipo 'detraf': {'v_col1_2': True, 'v_col2_vivo': True, 'v_col3': True, 'v_col4': True, 'v_col8': True, 'v_col9': True, 'v_col10': True, 'v_col11': True, 'v_col12_15': True, 'v_tarifas_remuneradas': True}
2026-08-13 11:54:23.419 | WARNING |src.services.processamento_service:_processar_arquivo:297 - Estrutura do mês anterior não encontrada em 'C:\RPA\Dtraf\MVP2\MVP2\DETRAF-UNIFICADO\unificado\arquivos\Operadoras\BTT Telecomunicacoes S.A\2026\202606' — criando 'C:\RPA\Dtraf\MVP2\MVP2\DETRAF-UNIFICADO\unificado\arquivos\Operadoras\BTT Telecomunicacoes S.A\2026\202607' vazio.
2026-08-13 11:54:23.423 | INFO    |src.services.processamento_service:executar:145 - Processado com sucesso: 20260806103500_655_030_detraf_203.csv (operadora identificada via 'eot')
2026-08-13 11:54:23.476 | INFO    |comum.dominio.validacao_colunas:validar_tudo_detalhado:269 - DataFrame reprovado na validação da Coluna 10 (Minutos). Encontrados valores com mais de 1 casa decimal.
2026-08-13 11:54:23.480 | INFO    |src.services.processamento_service:_validar:482 - Resultado das validações para o arquivo do tipo 'detraf': {'v_col1_2': True, 'v_col2_vivo': True, 'v_col3': True, 'v_col4': True, 'v_col8': True, 'v_col9': True, 'v_col10': False, 'v_col11': True, 'v_col12_15': True, 'v_tarifas_remuneradas': True}
2026-08-13 11:54:23.480 | WARNING |src.services.processamento_service:_processar_arquivo:262 - Arquivo [202607 Detraf RS-SC C LD STFC Unifique X STFC Telefonica Brasil.xlsx] rejeitado: regras de coluna não atendidas.
  Coluna 10 (Minutos): os minutos admitem no máximo 1 casa decimal.
2026-08-13 11:54:23.500 | INFO    |src.services.processamento_service:_reprovar:533 - [Layout] Motivo da recusa gravado em [202607 Detraf RS-SC C LD STFC Unifique X STFC Telefonica Brasil_RECUSADO.md].
2026-08-13 11:54:23.501 | INFO    |comum.dados.repositorio_cache:salvar_dados_tabela_despesa:262 - Inserindo 1 registro(s) em [tbl_rpa_log_detraf_despesa_arquivos].
2026-08-13 11:54:23.514 | INFO    |comum.dados.repositorio_cache:salvar_dados_tabela_despesa:262 - 1 registro(s) persistidos em [tbl_rpa_log_detraf_despesa_arquivos].
2026-08-13 11:54:23.514 | WARNING |src.services.processamento_service:_processar_arquivo:264 - [RPA 1] '202607 Detraf RS-SC C LD STFC Unifique X STFC Telefonica Brasil.xlsx' REPROVADO na validação — quarentena em [C:\RPA\Dtraf\MVP2\MVP2\DETRAF-UNIFICADO\unificado\arquivos\_QUARENTENA\202607\9D024E55DD250D4D00005211FBDF0000137D0D4C70E1CF4091747B97613AB5A60000A35B1B610000].
2026-08-13 11:54:23.526 | WARNING |src.services.processamento_service:_processar_arquivo:262 - Arquivo [MEGALINK - 07.2026  -  VIVO.xlsx] rejeitado: layout fora do padrão da V2.
  posição 0 (Credora): esperado EOT numérica, encontrado "M68", "M68", "M68" [0/10 válidos]
2026-08-13 11:54:23.541 | INFO    |src.services.processamento_service:_reprovar:533 - [Layout] Motivo da recusa gravado em [MEGALINK - 07.2026  -  VIVO_RECUSADO.md].
2026-08-13 11:54:23.544 | INFO    |comum.dados.repositorio_cache:salvar_dados_tabela_despesa:262 - Inserindo 1 registro(s) em [tbl_rpa_log_detraf_despesa_arquivos].
2026-08-13 11:54:23.557 | INFO    |comum.dados.repositorio_cache:salvar_dados_tabela_despesa:262 - 1 registro(s) persistidos em [tbl_rpa_log_detraf_despesa_arquivos].
2026-08-13 11:54:23.557 | WARNING |src.services.processamento_service:_processar_arquivo:264 - [RPA 1] 'MEGALINK - 07.2026  -  VIVO.xlsx' REPROVADO na validação — quarentena em [C:\RPA\Dtraf\MVP2\MVP2\DETRAF-UNIFICADO\unificado\arquivos\_QUARENTENA\202607\9D024E55DD250D4D00005211FBDF0000137D0D4C70E1CF4091747B97613AB5A60000A35B1B620000].
2026-08-13 11:54:23.572 | WARNING |src.services.processamento_service:_processar_arquivo:262 - Arquivo [ITANET -  07.2026 - VIVO.xlsx] rejeitado: layout fora do padrão da V2.
  posição 0 (Credora): esperado EOT numérica, encontrado "A82", "A82", "A82" [0/18 válidos]
2026-08-13 11:54:23.587 | INFO    |src.services.processamento_service:_reprovar:533 - [Layout] Motivo da recusa gravado em [ITANET -  07.2026 - VIVO_RECUSADO.md].
2026-08-13 11:54:23.589 | INFO    |comum.dados.repositorio_cache:salvar_dados_tabela_despesa:262 - Inserindo 1 registro(s) em [tbl_rpa_log_detraf_despesa_arquivos].
2026-08-13 11:54:23.604 | INFO    |comum.dados.repositorio_cache:salvar_dados_tabela_despesa:262 - 1 registro(s) persistidos em [tbl_rpa_log_detraf_despesa_arquivos].
2026-08-13 11:54:23.605 | WARNING |src.services.processamento_service:_processar_arquivo:264 - [RPA 1] 'ITANET -  07.2026 - VIVO.xlsx' REPROVADO na validação — quarentena em [C:\RPA\Dtraf\MVP2\MVP2\DETRAF-UNIFICADO\unificado\arquivos\_QUARENTENA\202607\9D024E55DD250D4D00005211FBDF0000137D0D4C70E1CF4091747B97613AB5A60000A35B1B630000].
2026-08-13 11:54:23.617 | WARNING |src.services.processamento_service:_processar_arquivo:262 - Arquivo [FORZA -  07.2026 - VIVO.xlsx] rejeitado: layout fora do padrão da V2.
  posição 0 (Credora): esperado EOT numérica, encontrado "B47", "B47", "B47" [0/4 válidos]
2026-08-13 11:54:23.635 | INFO    |src.services.processamento_service:_reprovar:533 - [Layout] Motivo da recusa gravado em [FORZA -  07.2026 - VIVO_RECUSADO.md].
2026-08-13 11:54:23.636 | INFO    |comum.dados.repositorio_cache:salvar_dados_tabela_despesa:262 - Inserindo 1 registro(s) em [tbl_rpa_log_detraf_despesa_arquivos].
2026-08-13 11:54:23.649 | INFO    |comum.dados.repositorio_cache:salvar_dados_tabela_despesa:262 - 1 registro(s) persistidos em [tbl_rpa_log_detraf_despesa_arquivos].
2026-08-13 11:54:23.649 | WARNING |src.services.processamento_service:_processar_arquivo:264 - [RPA 1] 'FORZA -  07.2026 - VIVO.xlsx' REPROVADO na validação — quarentena em [C:\RPA\Dtraf\MVP2\MVP2\DETRAF-UNIFICADO\unificado\arquivos\_QUARENTENA\202607\9D024E55DD250D4D00005211FBDF0000137D0D4C70E1CF4091747B97613AB5A60000A35B1B640000].
2026-08-13 11:54:23.664 | WARNING |src.services.processamento_service:_processar_arquivo:262 - Arquivo [GMARX - 07.2026 - VIVO.xlsx] rejeitado: layout fora do padrão da V2.
  posição 0 (Credora): esperado EOT numérica, encontrado "A62", "E46", "C81" [5/22 válidos]
2026-08-13 11:54:23.681 | INFO    |src.services.processamento_service:_reprovar:533 - [Layout] Motivo da recusa gravado em [GMARX - 07.2026 - VIVO_RECUSADO.md].
2026-08-13 11:54:23.683 | INFO    |comum.dados.repositorio_cache:salvar_dados_tabela_despesa:262 - Inserindo 1 registro(s) em [tbl_rpa_log_detraf_despesa_arquivos].
2026-08-13 11:54:23.694 | INFO    |comum.dados.repositorio_cache:salvar_dados_tabela_despesa:262 - 1 registro(s) persistidos em [tbl_rpa_log_detraf_despesa_arquivos].
2026-08-13 11:54:23.695 | WARNING |src.services.processamento_service:_processar_arquivo:264 - [RPA 1] 'GMARX - 07.2026 - VIVO.xlsx' REPROVADO na validação — quarentena em [C:\RPA\Dtraf\MVP2\MVP2\DETRAF-UNIFICADO\unificado\arquivos\_QUARENTENA\202607\9D024E55DD250D4D00005211FBDF0000137D0D4C70E1CF4091747B97613AB5A60000A35B1B650000].
2026-08-13 11:54:23.705 | WARNING |src.services.processamento_service:_processar_arquivo:262 - Arquivo [CDI - 07.2026 - VIVO.xlsx] rejeitado: layout fora do padrão da V2.
  posição 0 (Credora): esperado EOT numérica, encontrado "C61", "C61", "C61" [0/5 válidos]
2026-08-13 11:54:23.720 | INFO    |src.services.processamento_service:_reprovar:533 - [Layout] Motivo da recusa gravado em [CDI - 07.2026 - VIVO_RECUSADO.md].
2026-08-13 11:54:23.721 | INFO    |comum.dados.repositorio_cache:salvar_dados_tabela_despesa:262 - Inserindo 1 registro(s) em [tbl_rpa_log_detraf_despesa_arquivos].
2026-08-13 11:54:23.733 | INFO    |comum.dados.repositorio_cache:salvar_dados_tabela_despesa:262 - 1 registro(s) persistidos em [tbl_rpa_log_detraf_despesa_arquivos].
2026-08-13 11:54:23.734 | WARNING |src.services.processamento_service:_processar_arquivo:264 - [RPA 1] 'CDI - 07.2026 - VIVO.xlsx' REPROVADO na validação — quarentena em [C:\RPA\Dtraf\MVP2\MVP2\DETRAF-UNIFICADO\unificado\arquivos\_QUARENTENA\202607\9D024E55DD250D4D00005211FBDF0000137D0D4C70E1CF4091747B97613AB5A60000A35B1B660000].
2026-08-13 11:54:23.784 | INFO    |comum.dominio.validacao_colunas:validar_tudo_detalhado:269 - DataFrame reprovado na validação da Coluna 10 (Minutos). Encontrados valores com mais de 1 casa decimal.
2026-08-13 11:54:23.788 | INFO    |src.services.processamento_service:_validar:482 - Resultado das validações para o arquivo do tipo 'detraf': {'v_col1_2': True, 'v_col2_vivo': True, 'v_col3': True, 'v_col4': True, 'v_col8': True, 'v_col9': True, 'v_col10': False, 'v_col11': True, 'v_col12_15': True, 'v_tarifas_remuneradas': True}
2026-08-13 11:54:23.789 | WARNING |src.services.processamento_service:_processar_arquivo:262 - Arquivo [202607 Detraf RS-SC C LC STFC Unifique X SMP Telefonica Brasil.xlsx] rejeitado: regras de coluna não atendidas.
  Coluna 10 (Minutos): os minutos admitem no máximo 1 casa decimal.
2026-08-13 11:54:23.806 | INFO    |src.services.processamento_service:_reprovar:533 - [Layout] Motivo da recusa gravado em [202607 Detraf RS-SC C LC STFC Unifique X SMP Telefonica Brasil_RECUSADO.md].
2026-08-13 11:54:23.808 | INFO    |comum.dados.repositorio_cache:salvar_dados_tabela_despesa:262 - Inserindo 1 registro(s) em [tbl_rpa_log_detraf_despesa_arquivos].
2026-08-13 11:54:23.819 | INFO    |comum.dados.repositorio_cache:salvar_dados_tabela_despesa:262 - 1 registro(s) persistidos em [tbl_rpa_log_detraf_despesa_arquivos].
2026-08-13 11:54:23.819 | WARNING |src.services.processamento_service:_processar_arquivo:264 - [RPA 1] '202607 Detraf RS-SC C LC STFC Unifique X SMP Telefonica Brasil.xlsx' REPROVADO na validação — quarentena em [C:\RPA\Dtraf\MVP2\MVP2\DETRAF-UNIFICADO\unificado\arquivos\_QUARENTENA\202607\9D024E55DD250D4D00005211FBDF0000137D0D4C70E1CF4091747B97613AB5A60000A35B1B670000].
2026-08-13 11:54:23.903 | WARNING |src.services.processamento_service:_processar_arquivo:262 - Arquivo [DETRAT_DATORA_STFC_X_TELEFONICA_BRASIL___STFC_STFC_R_072026_V00.xlsx] rejeitado: layout fora do padrão da V2.
  posição 7 (GH): esperado S, R, N ou D, encontrado "TNENL", "TNENI", "TNENI" [0/200 válidos]
  posição 8 (Chamadas): esperado número inteiro, encontrado "N", "N", "N" [0/200 válidos]
2026-08-13 11:54:23.928 | INFO    |src.services.processamento_service:_reprovar:533 - [Layout] Motivo da recusa gravado em [DETRAT_DATORA_STFC_X_TELEFONICA_BRASIL___STFC_STFC_R_072026_V00_RECUSADO.md].
2026-08-13 11:54:23.930 | INFO    |comum.dados.repositorio_cache:salvar_dados_tabela_despesa:262 - Inserindo 1 registro(s) em [tbl_rpa_log_detraf_despesa_arquivos].
2026-08-13 11:54:23.942 | INFO    |comum.dados.repositorio_cache:salvar_dados_tabela_despesa:262 - 1 registro(s) persistidos em [tbl_rpa_log_detraf_despesa_arquivos].
2026-08-13 11:54:23.942 | WARNING |src.services.processamento_service:_processar_arquivo:264 - [RPA 1] 'DETRAT_DATORA_STFC_X_TELEFONICA_BRASIL___STFC_STFC_R_072026_V00.xlsx' REPROVADO na validação — quarentena em [C:\RPA\Dtraf\MVP2\MVP2\DETRAF-UNIFICADO\unificado\arquivos\_QUARENTENA\202607\9D024E55DD250D4D00005211FBDF0000137D0D4C70E1CF4091747B97613AB5A60000A35B1B680000].
2026-08-13 11:54:23.946 | WARNING |src.services.processamento_service:_processar_arquivo:261 - [RPA 1] Não foi possível ler [DETRAT_DATORA_STFC_X_TELEFONICA_BRASIL___STFC_STFC_R_072026_V00.csv]: Erro ao processar a leitura do arquivo C:\RPA\Dtraf\MVP2\MVP2\DETRAF-UNIFICADO\unificado\arquivos\Entrada\9D024E55DD250D4D00005211FBDF0000137D0D4C70E1CF4091747B97613AB5A60000A35B1B680000\DETRAT_DATORA_STFC_X_TELEFONICA_BRASIL___STFC_STFC_R_072026_V00.csv: 'utf-8' codec can't decode byte 0xca in position 28: invalid continuation byte
2026-08-13 11:54:23.956 | INFO    |src.services.processamento_service:_reprovar:533 - [Layout] Motivo da recusa gravado em [DETRAT_DATORA_STFC_X_TELEFONICA_BRASIL___STFC_STFC_R_072026_V00_RECUSADO.md].
2026-08-13 11:54:23.958 | INFO    |comum.dados.repositorio_cache:salvar_dados_tabela_despesa:262 - Inserindo 1 registro(s) em [tbl_rpa_log_detraf_despesa_arquivos].
2026-08-13 11:54:23.969 | INFO    |comum.dados.repositorio_cache:salvar_dados_tabela_despesa:262 - 1 registro(s) persistidos em [tbl_rpa_log_detraf_despesa_arquivos].
2026-08-13 11:54:23.969 | WARNING |src.services.processamento_service:_processar_arquivo:264 - [RPA 1] 'DETRAT_DATORA_STFC_X_TELEFONICA_BRASIL___STFC_STFC_R_072026_V00.csv' REPROVADO na validação — quarentena em [C:\RPA\Dtraf\MVP2\MVP2\DETRAF-UNIFICADO\unificado\arquivos\_QUARENTENA\202607\9D024E55DD250D4D00005211FBDF0000137D0D4C70E1CF4091747B97613AB5A60000A35B1B680000].
2026-08-13 11:54:23.983 | WARNING |src.services.processamento_service:_processar_arquivo:262 - Arquivo [ATLANET - 07.2026 - VIVO.xlsx] rejeitado: layout fora do padrão da V2.
  posição 0 (Credora): esperado EOT numérica, encontrado "D58", "D58", "D58" [0/5 válidos]
2026-08-13 11:54:24.000 | INFO    |src.services.processamento_service:_reprovar:533 - [Layout] Motivo da recusa gravado em [ATLANET - 07.2026 - VIVO_RECUSADO.md].
2026-08-13 11:54:24.002 | INFO    |comum.dados.repositorio_cache:salvar_dados_tabela_despesa:262 - Inserindo 1 registro(s) em [tbl_rpa_log_detraf_despesa_arquivos].
2026-08-13 11:54:24.014 | INFO    |comum.dados.repositorio_cache:salvar_dados_tabela_despesa:262 - 1 registro(s) persistidos em [tbl_rpa_log_detraf_despesa_arquivos].
2026-08-13 11:54:24.014 | WARNING |src.services.processamento_service:_processar_arquivo:264 - [RPA 1] 'ATLANET - 07.2026 - VIVO.xlsx' REPROVADO na validação — quarentena em [C:\RPA\Dtraf\MVP2\MVP2\DETRAF-UNIFICADO\unificado\arquivos\_QUARENTENA\202607\9D024E55DD250D4D00005211FBDF0000137D0D4C70E1CF4091747B97613AB5A60000A35B1B690000].
2026-08-13 11:54:24.065 | INFO    |src.services.processamento_service:_validar:482 - Resultado das validações para o arquivo do tipo 'detraf': {'v_col1_2': True, 'v_col2_vivo': True, 'v_col3': True, 'v_col4': True, 'v_col8': True, 'v_col9': True, 'v_col10': True, 'v_col11': True, 'v_col12_15': True, 'v_tarifas_remuneradas': True}
2026-08-13 11:54:24.082 | WARNING |src.services.processamento_service:_processar_arquivo:297 - Estrutura do mês anterior não encontrada em 'C:\RPA\Dtraf\MVP2\MVP2\DETRAF-UNIFICADO\unificado\arquivos\Operadoras\Golden Line Telecom\2026\202606' — criando 'C:\RPA\Dtraf\MVP2\MVP2\DETRAF-UNIFICADO\unificado\arquivos\Operadoras\Golden Line Telecom\2026\202607' vazio.
2026-08-13 11:54:24.086 | INFO    |src.services.processamento_service:executar:145 - Processado com sucesso: Detraf_GLT912XVivo020_202607.xlsx (operadora identificada via 'eot')
2026-08-13 11:54:24.092 | WARNING |src.services.processamento_service:_processar_arquivo:262 - Arquivo [detraf_202607_VIVO_STFC.csv] rejeitado: layout fora do padrão da V2.
  posição 0 (Credora): esperado EOT numérica, encontrado "E90", "E90", "E90" [0/102 válidos]
2026-08-13 11:54:24.103 | INFO    |src.services.processamento_service:_reprovar:533 - [Layout] Motivo da recusa gravado em [detraf_202607_VIVO_STFC_RECUSADO.md].
2026-08-13 11:54:24.105 | INFO    |comum.dados.repositorio_cache:salvar_dados_tabela_despesa:262 - Inserindo 1 registro(s) em [tbl_rpa_log_detraf_despesa_arquivos].
2026-08-13 11:54:24.117 | INFO    |comum.dados.repositorio_cache:salvar_dados_tabela_despesa:262 - 1 registro(s) persistidos em [tbl_rpa_log_detraf_despesa_arquivos].
2026-08-13 11:54:24.117 | WARNING |src.services.processamento_service:_processar_arquivo:264 - [RPA 1] 'detraf_202607_VIVO_STFC.csv' REPROVADO na validação — quarentena em [C:\RPA\Dtraf\MVP2\MVP2\DETRAF-UNIFICADO\unificado\arquivos\_QUARENTENA\202607\9D024E55DD250D4D00005211FBDF0000137D0D4C70E1CF4091747B97613AB5A60000A35B1B6B0000].
2026-08-13 11:54:24.125 | WARNING |src.services.processamento_service:_processar_arquivo:262 - Arquivo [detraf_202607_VIVO_SMP.csv] rejeitado: layout fora do padrão da V2.
  posição 0 (Credora): esperado EOT numérica, encontrado "E90", "E90", "E90" [0/200 válidos]
2026-08-13 11:54:24.136 | INFO    |src.services.processamento_service:_reprovar:533 - [Layout] Motivo da recusa gravado em [detraf_202607_VIVO_SMP_RECUSADO.md].
2026-08-13 11:54:24.138 | INFO    |comum.dados.repositorio_cache:salvar_dados_tabela_despesa:262 - Inserindo 1 registro(s) em [tbl_rpa_log_detraf_despesa_arquivos].
2026-08-13 11:54:24.149 | INFO    |comum.dados.repositorio_cache:salvar_dados_tabela_despesa:262 - 1 registro(s) persistidos em [tbl_rpa_log_detraf_despesa_arquivos].
2026-08-13 11:54:24.149 | WARNING |src.services.processamento_service:_processar_arquivo:264 - [RPA 1] 'detraf_202607_VIVO_SMP.csv' REPROVADO na validação — quarentena em [C:\RPA\Dtraf\MVP2\MVP2\DETRAF-UNIFICADO\unificado\arquivos\_QUARENTENA\202607\9D024E55DD250D4D00005211FBDF0000137D0D4C70E1CF4091747B97613AB5A60000A35B1B6B0000].
2026-08-13 11:54:24.195 | INFO    |src.services.processamento_service:_validar:482 - Resultado das validações para o arquivo do tipo 'detraf': {'v_col1_2': True, 'v_col2_vivo': True, 'v_col3': True, 'v_col4': True, 'v_col8': True, 'v_col9': True, 'v_col10': True, 'v_col11': True, 'v_col12_15': True, 'v_tarifas_remuneradas': True}
2026-08-13 11:54:24.200 | WARNING |src.services.processamento_service:_processar_arquivo:297 - Estrutura do mês anterior não encontrada em 'C:\RPA\Dtraf\MVP2\MVP2\DETRAF-UNIFICADO\unificado\arquivos\Operadoras\Adylnet Internet Provider\2026\202606' — criando 'C:\RPA\Dtraf\MVP2\MVP2\DETRAF-UNIFICADO\unificado\arquivos\Operadoras\Adylnet Internet Provider\2026\202607' vazio.
2026-08-13 11:54:24.204 | INFO    |src.services.processamento_service:executar:145 - Processado com sucesso: 202607-C-DETRAF-LD-ADYLNET-TBRASTFC.csv (operadora identificada via 'eot')
2026-08-13 11:54:24.241 | INFO    |src.services.processamento_service:_validar:482 - Resultado das validações para o arquivo do tipo 'detraf': {'v_col1_2': True, 'v_col2_vivo': True, 'v_col3': True, 'v_col4': True, 'v_col8': True, 'v_col9': True, 'v_col10': True, 'v_col11': True, 'v_col12_15': True, 'v_tarifas_remuneradas': True}
2026-08-13 11:54:24.248 | INFO    |src.services.processamento_service:executar:145 - Processado com sucesso: 202607-C-DETRAF-LC-ADYLNET-TBRASMP.csv (operadora identificada via 'eot')
2026-08-13 11:54:24.291 | INFO    |comum.dominio.validacao_colunas:validar_tudo_detalhado:252 - Validação de tarifas concluída | Total: 49 | Válidas: 40 | Inválidas: 9 | Resultado final: False
2026-08-13 11:54:24.298 | INFO    |src.services.processamento_service:_validar:482 - Resultado das validações para o arquivo do tipo 'detraf': {'v_col1_2': True, 'v_col2_vivo': True, 'v_col3': True, 'v_col4': True, 'v_col8': True, 'v_col9': True, 'v_col10': True, 'v_col11': True, 'v_col12_15': True, 'v_tarifas_remuneradas': False}
2026-08-13 11:54:24.299 | WARNING |src.services.processamento_service:_processar_arquivo:262 - Arquivo [Detraf TVN Vivo_072026.csv] rejeitado: regras de coluna não atendidas.
  Tarifas remuneradas: há linhas cuja tarifa não corresponde à tarifa regulada vigente para a região, o grupo horário e o mês de tráfego da linha.
2026-08-13 11:54:24.309 | INFO    |src.services.processamento_service:_reprovar:533 - [Layout] Motivo da recusa gravado em [Detraf TVN Vivo_072026_RECUSADO.md].
2026-08-13 11:54:24.311 | INFO    |comum.dados.repositorio_cache:salvar_dados_tabela_despesa:262 - Inserindo 1 registro(s) em [tbl_rpa_log_detraf_despesa_arquivos].
2026-08-13 11:54:24.322 | INFO    |comum.dados.repositorio_cache:salvar_dados_tabela_despesa:262 - 1 registro(s) persistidos em [tbl_rpa_log_detraf_despesa_arquivos].
2026-08-13 11:54:24.323 | WARNING |src.services.processamento_service:_processar_arquivo:264 - [RPA 1] 'Detraf TVN Vivo_072026.csv' REPROVADO na validação — quarentena em [C:\RPA\Dtraf\MVP2\MVP2\DETRAF-UNIFICADO\unificado\arquivos\_QUARENTENA\202607\9D024E55DD250D4D00005211FBDF0000137D0D4C70E1CF4091747B97613AB5A60000A35B1B6D0000].
2026-08-13 11:54:24.328 | WARNING |src.services.processamento_service:_processar_arquivo:262 - Arquivo [Solução Network - VIVO (FIXA) - DETRAF - JULHO 2026.csv] rejeitado: layout fora do padrão da V2.
  posição 0 (Credora): esperado EOT numérica, encontrado "B38", "B38", "B38" [0/9 válidos]
2026-08-13 11:54:24.339 | INFO    |src.services.processamento_service:_reprovar:533 - [Layout] Motivo da recusa gravado em [Solução Network - VIVO (FIXA) - DETRAF - JULHO 2026_RECUSADO.md].
2026-08-13 11:54:24.340 | INFO    |comum.dados.repositorio_cache:salvar_dados_tabela_despesa:262 - Inserindo 1 registro(s) em [tbl_rpa_log_detraf_despesa_arquivos].
2026-08-13 11:54:24.352 | INFO    |comum.dados.repositorio_cache:salvar_dados_tabela_despesa:262 - 1 registro(s) persistidos em [tbl_rpa_log_detraf_despesa_arquivos].
2026-08-13 11:54:24.352 | WARNING |src.services.processamento_service:_processar_arquivo:264 - [RPA 1] 'Solução Network - VIVO (FIXA) - DETRAF - JULHO 2026.csv' REPROVADO na validação — quarentena em [C:\RPA\Dtraf\MVP2\MVP2\DETRAF-UNIFICADO\unificado\arquivos\_QUARENTENA\202607\9D024E55DD250D4D00005211FBDF0000137D0D4C70E1CF4091747B97613AB5A60000A35B1B6E0000].
2026-08-13 11:54:24.358 | WARNING |src.services.processamento_service:_processar_arquivo:262 - Arquivo [Solução Network - VIVO (MOVEL) - DETRAF - JULHO 2026.csv] rejeitado: layout fora do padrão da V2.
  posição 0 (Credora): esperado EOT numérica, encontrado "B38", "B38", "B38" [0/19 válidos]
2026-08-13 11:54:24.368 | INFO    |src.services.processamento_service:_reprovar:533 - [Layout] Motivo da recusa gravado em [Solução Network - VIVO (MOVEL) - DETRAF - JULHO 2026_RECUSADO.md].
2026-08-13 11:54:24.370 | INFO    |comum.dados.repositorio_cache:salvar_dados_tabela_despesa:262 - Inserindo 1 registro(s) em [tbl_rpa_log_detraf_despesa_arquivos].
2026-08-13 11:54:24.382 | INFO    |comum.dados.repositorio_cache:salvar_dados_tabela_despesa:262 - 1 registro(s) persistidos em [tbl_rpa_log_detraf_despesa_arquivos].
2026-08-13 11:54:24.382 | WARNING |src.services.processamento_service:_processar_arquivo:264 - [RPA 1] 'Solução Network - VIVO (MOVEL) - DETRAF - JULHO 2026.csv' REPROVADO na validação — quarentena em [C:\RPA\Dtraf\MVP2\MVP2\DETRAF-UNIFICADO\unificado\arquivos\_QUARENTENA\202607\9D024E55DD250D4D00005211FBDF0000137D0D4C70E1CF4091747B97613AB5A60000A35B1B6E0000].
2026-08-13 11:54:24.426 | WARNING |src.services.processamento_service:_processar_arquivo:261 - [RPA 1] Não foi possível ler [EC VIVO - FSM 202602.xlsx]: Erro ao processar a leitura do arquivo C:\RPA\Dtraf\MVP2\MVP2\DETRAF-UNIFICADO\unificado\arquivos\Entrada\9D024E55DD250D4D00005211FBDF0000137D0D4C70E1CF4091747B97613AB5A60000A35B1B6F0000\EC VIVO - FSM 202602.xlsx: expected string or bytes-like object, got 'float'
2026-08-13 11:54:24.449 | INFO    |src.services.operadora_service:obter_operadora:169 - Nome Fantasia não encontrado para o texto [falesempre]
2026-08-13 11:54:24.449 | WARNING |src.services.processamento_service:_reprovar:509 - Operadora não identificada para 'EC VIVO - FSM 202602.xlsx' (eot='None', dominio='falesempre.com.br', texto_busca='falesempre')
2026-08-13 11:54:24.456 | INFO    |src.services.processamento_service:_reprovar:533 - [Layout] Motivo da recusa gravado em [EC VIVO - FSM 202602_RECUSADO.md].
2026-08-13 11:54:24.457 | INFO    |comum.dados.repositorio_cache:salvar_dados_tabela_despesa:262 - Inserindo 1 registro(s) em [tbl_rpa_log_detraf_despesa_arquivos].
2026-08-13 11:54:24.468 | INFO    |comum.dados.repositorio_cache:salvar_dados_tabela_despesa:262 - 1 registro(s) persistidos em [tbl_rpa_log_detraf_despesa_arquivos].
2026-08-13 11:54:24.468 | WARNING |src.services.processamento_service:_processar_arquivo:264 - [RPA 1] 'EC VIVO - FSM 202602.xlsx' REPROVADO na validação — quarentena em [C:\RPA\Dtraf\MVP2\MVP2\DETRAF-UNIFICADO\unificado\arquivos\_QUARENTENA\202607\9D024E55DD250D4D00005211FBDF0000137D0D4C70E1CF4091747B97613AB5A60000A35B1B6F0000].
2026-08-13 11:54:24.520 | WARNING |src.services.processamento_service:_processar_arquivo:261 - [RPA 1] Não foi possível ler [EC VIVO FSM 202606.xlsx]: Erro ao processar a leitura do arquivo C:\RPA\Dtraf\MVP2\MVP2\DETRAF-UNIFICADO\unificado\arquivos\Entrada\9D024E55DD250D4D00005211FBDF0000137D0D4C70E1CF4091747B97613AB5A60000A35B1B6F0000\EC VIVO FSM 202606.xlsx: expected string or bytes-like object, got 'float'
2026-08-13 11:54:24.554 | INFO    |src.services.operadora_service:obter_operadora:169 - Nome Fantasia não encontrado para o texto [falesempre]
2026-08-13 11:54:24.555 | WARNING |src.services.processamento_service:_reprovar:509 - Operadora não identificada para 'EC VIVO FSM 202606.xlsx' (eot='None', dominio='falesempre.com.br', texto_busca='falesempre')
2026-08-13 11:54:24.560 | INFO    |src.services.processamento_service:_reprovar:533 - [Layout] Motivo da recusa gravado em [EC VIVO FSM 202606_RECUSADO.md].
2026-08-13 11:54:24.562 | INFO    |comum.dados.repositorio_cache:salvar_dados_tabela_despesa:262 - Inserindo 1 registro(s) em [tbl_rpa_log_detraf_despesa_arquivos].
2026-08-13 11:54:24.573 | INFO    |comum.dados.repositorio_cache:salvar_dados_tabela_despesa:262 - 1 registro(s) persistidos em [tbl_rpa_log_detraf_despesa_arquivos].
2026-08-13 11:54:24.574 | WARNING |src.services.processamento_service:_processar_arquivo:264 - [RPA 1] 'EC VIVO FSM 202606.xlsx' REPROVADO na validação — quarentena em [C:\RPA\Dtraf\MVP2\MVP2\DETRAF-UNIFICADO\unificado\arquivos\_QUARENTENA\202607\9D024E55DD250D4D00005211FBDF0000137D0D4C70E1CF4091747B97613AB5A60000A35B1B6F0000].
2026-08-13 11:54:24.678 | WARNING |src.services.processamento_service:_processar_arquivo:261 - [RPA 1] Não foi possível ler [EC FALE SEMPRE - 202605.xlsx]: Erro ao processar a leitura do arquivo C:\RPA\Dtraf\MVP2\MVP2\DETRAF-UNIFICADO\unificado\arquivos\Entrada\9D024E55DD250D4D00005211FBDF0000137D0D4C70E1CF4091747B97613AB5A60000A35B1B6F0000\EC FALE SEMPRE - 202605.xlsx: expected string or bytes-like object, got 'float'
2026-08-13 11:54:24.716 | INFO    |src.services.operadora_service:obter_operadora:169 - Nome Fantasia não encontrado para o texto [falesempre]
2026-08-13 11:54:24.716 | WARNING |src.services.processamento_service:_reprovar:509 - Operadora não identificada para 'EC FALE SEMPRE - 202605.xlsx' (eot='None', dominio='falesempre.com.br', texto_busca='falesempre')
2026-08-13 11:54:24.722 | INFO    |src.services.processamento_service:_reprovar:533 - [Layout] Motivo da recusa gravado em [EC FALE SEMPRE - 202605_RECUSADO.md].
2026-08-13 11:54:24.723 | INFO    |comum.dados.repositorio_cache:salvar_dados_tabela_despesa:262 - Inserindo 1 registro(s) em [tbl_rpa_log_detraf_despesa_arquivos].
2026-08-13 11:54:24.733 | INFO    |comum.dados.repositorio_cache:salvar_dados_tabela_despesa:262 - 1 registro(s) persistidos em [tbl_rpa_log_detraf_despesa_arquivos].
2026-08-13 11:54:24.734 | WARNING |src.services.processamento_service:_processar_arquivo:264 - [RPA 1] 'EC FALE SEMPRE - 202605.xlsx' REPROVADO na validação — quarentena em [C:\RPA\Dtraf\MVP2\MVP2\DETRAF-UNIFICADO\unificado\arquivos\_QUARENTENA\202607\9D024E55DD250D4D00005211FBDF0000137D0D4C70E1CF4091747B97613AB5A60000A35B1B6F0000].
2026-08-13 11:54:24.876 | WARNING |src.services.processamento_service:_processar_arquivo:261 - [RPA 1] Não foi possível ler [DÉBITOS VIVO.xlsx]: Erro ao processar a leitura do arquivo C:\RPA\Dtraf\MVP2\MVP2\DETRAF-UNIFICADO\unificado\arquivos\Entrada\9D024E55DD250D4D00005211FBDF0000137D0D4C70E1CF4091747B97613AB5A60000A35B1B6F0000\DÉBITOS VIVO.xlsx: expected string or bytes-like object, got 'float'
2026-08-13 11:54:24.887 | INFO    |src.services.operadora_service:obter_operadora:169 - Nome Fantasia não encontrado para o texto [falesempre]
2026-08-13 11:54:24.888 | WARNING |src.services.processamento_service:_reprovar:509 - Operadora não identificada para 'DÉBITOS VIVO.xlsx' (eot='None', dominio='falesempre.com.br', texto_busca='falesempre')
2026-08-13 11:54:24.894 | INFO    |src.services.processamento_service:_reprovar:533 - [Layout] Motivo da recusa gravado em [DÉBITOS VIVO_RECUSADO.md].
2026-08-13 11:54:24.895 | INFO    |comum.dados.repositorio_cache:salvar_dados_tabela_despesa:262 - Inserindo 1 registro(s) em [tbl_rpa_log_detraf_despesa_arquivos].
2026-08-13 11:54:24.905 | INFO    |comum.dados.repositorio_cache:salvar_dados_tabela_despesa:262 - 1 registro(s) persistidos em [tbl_rpa_log_detraf_despesa_arquivos].
2026-08-13 11:54:24.905 | WARNING |src.services.processamento_service:_processar_arquivo:264 - [RPA 1] 'DÉBITOS VIVO.xlsx' REPROVADO na validação — quarentena em [C:\RPA\Dtraf\MVP2\MVP2\DETRAF-UNIFICADO\unificado\arquivos\_QUARENTENA\202607\9D024E55DD250D4D00005211FBDF0000137D0D4C70E1CF4091747B97613AB5A60000A35B1B6F0000].
2026-08-13 11:54:24.951 | WARNING |src.services.processamento_service:_processar_arquivo:261 - [RPA 1] Não foi possível ler [EC VIVO AGERA 202606.xlsx]: Erro ao processar a leitura do arquivo C:\RPA\Dtraf\MVP2\MVP2\DETRAF-UNIFICADO\unificado\arquivos\Entrada\9D024E55DD250D4D00005211FBDF0000137D0D4C70E1CF4091747B97613AB5A60000A35B1B700000\EC VIVO AGERA 202606.xlsx: expected string or bytes-like object, got 'float'
2026-08-13 11:54:24.987 | INFO    |src.services.operadora_service:obter_operadora:169 - Nome Fantasia não encontrado para o texto [/o=exchangelabs/ou=exchange administrative group (fydibohf23spdlt)/cn=recipients/cn=59e9b6fcd2e44a1b86ded45ef583b5c2-5e9e7dcd-14]
2026-08-13 11:54:24.988 | WARNING |src.services.processamento_service:_reprovar:509 - Operadora não identificada para 'EC VIVO AGERA 202606.xlsx' (eot='None', dominio='/o=exchangelabs/ou=exchange administrative group (fydibohf23spdlt)/cn=recipients/cn=59e9b6fcd2e44a1b86ded45ef583b5c2-5e9e7dcd-14', texto_busca='/o=exchangelabs/ou=exchange administrative group (fydibohf23spdlt)/cn=recipients/cn=59e9b6fcd2e44a1b86ded45ef583b5c2-5e9e7dcd-14')
2026-08-13 11:54:24.993 | INFO    |src.services.processamento_service:_reprovar:533 - [Layout] Motivo da recusa gravado em [EC VIVO AGERA 202606_RECUSADO.md].
2026-08-13 11:54:24.995 | INFO    |comum.dados.repositorio_cache:salvar_dados_tabela_despesa:262 - Inserindo 1 registro(s) em [tbl_rpa_log_detraf_despesa_arquivos].
2026-08-13 11:54:25.006 | INFO    |comum.dados.repositorio_cache:salvar_dados_tabela_despesa:262 - 1 registro(s) persistidos em [tbl_rpa_log_detraf_despesa_arquivos].
2026-08-13 11:54:25.006 | WARNING |src.services.processamento_service:_processar_arquivo:264 - [RPA 1] 'EC VIVO AGERA 202606.xlsx' REPROVADO na validação — quarentena em [C:\RPA\Dtraf\MVP2\MVP2\DETRAF-UNIFICADO\unificado\arquivos\_QUARENTENA\202607\9D024E55DD250D4D00005211FBDF0000137D0D4C70E1CF4091747B97613AB5A60000A35B1B700000].
2026-08-13 11:54:25.040 | WARNING |src.services.processamento_service:_processar_arquivo:261 - [RPA 1] Não foi possível ler [EC VIVO FSM 202604.xlsx]: Erro ao processar a leitura do arquivo C:\RPA\Dtraf\MVP2\MVP2\DETRAF-UNIFICADO\unificado\arquivos\Entrada\9D024E55DD250D4D00005211FBDF0000137D0D4C70E1CF4091747B97613AB5A60000A35B1B710000\EC VIVO FSM 202604.xlsx: expected string or bytes-like object, got 'float'
2026-08-13 11:54:25.067 | INFO    |src.services.operadora_service:obter_operadora:169 - Nome Fantasia não encontrado para o texto [/o=exchangelabs/ou=exchange administrative group (fydibohf23spdlt)/cn=recipients/cn=59e9b6fcd2e44a1b86ded45ef583b5c2-5e9e7dcd-14]
2026-08-13 11:54:25.068 | WARNING |src.services.processamento_service:_reprovar:509 - Operadora não identificada para 'EC VIVO FSM 202604.xlsx' (eot='None', dominio='/o=exchangelabs/ou=exchange administrative group (fydibohf23spdlt)/cn=recipients/cn=59e9b6fcd2e44a1b86ded45ef583b5c2-5e9e7dcd-14', texto_busca='/o=exchangelabs/ou=exchange administrative group (fydibohf23spdlt)/cn=recipients/cn=59e9b6fcd2e44a1b86ded45ef583b5c2-5e9e7dcd-14')
2026-08-13 11:54:25.072 | INFO    |src.services.processamento_service:_reprovar:533 - [Layout] Motivo da recusa gravado em [EC VIVO FSM 202604_RECUSADO.md].
2026-08-13 11:54:25.073 | INFO    |comum.dados.repositorio_cache:salvar_dados_tabela_despesa:262 - Inserindo 1 registro(s) em [tbl_rpa_log_detraf_despesa_arquivos].
2026-08-13 11:54:25.084 | INFO    |comum.dados.repositorio_cache:salvar_dados_tabela_despesa:262 - 1 registro(s) persistidos em [tbl_rpa_log_detraf_despesa_arquivos].
2026-08-13 11:54:25.085 | WARNING |src.services.processamento_service:_processar_arquivo:264 - [RPA 1] 'EC VIVO FSM 202604.xlsx' REPROVADO na validação — quarentena em [C:\RPA\Dtraf\MVP2\MVP2\DETRAF-UNIFICADO\unificado\arquivos\_QUARENTENA\202607\9D024E55DD250D4D00005211FBDF0000137D0D4C70E1CF4091747B97613AB5A60000A35B1B710000].
2026-08-13 11:54:25.146 | WARNING |src.services.processamento_service:_processar_arquivo:261 - [RPA 1] Não foi possível ler [EC VIVO FSM 202605.xlsx]: Erro ao processar a leitura do arquivo C:\RPA\Dtraf\MVP2\MVP2\DETRAF-UNIFICADO\unificado\arquivos\Entrada\9D024E55DD250D4D00005211FBDF0000137D0D4C70E1CF4091747B97613AB5A60000A35B1B710000\EC VIVO FSM 202605.xlsx: expected string or bytes-like object, got 'float'
2026-08-13 11:54:25.178 | INFO    |src.services.operadora_service:obter_operadora:169 - Nome Fantasia não encontrado para o texto [/o=exchangelabs/ou=exchange administrative group (fydibohf23spdlt)/cn=recipients/cn=59e9b6fcd2e44a1b86ded45ef583b5c2-5e9e7dcd-14]
2026-08-13 11:54:25.179 | WARNING |src.services.processamento_service:_reprovar:509 - Operadora não identificada para 'EC VIVO FSM 202605.xlsx' (eot='None', dominio='/o=exchangelabs/ou=exchange administrative group (fydibohf23spdlt)/cn=recipients/cn=59e9b6fcd2e44a1b86ded45ef583b5c2-5e9e7dcd-14', texto_busca='/o=exchangelabs/ou=exchange administrative group (fydibohf23spdlt)/cn=recipients/cn=59e9b6fcd2e44a1b86ded45ef583b5c2-5e9e7dcd-14')
2026-08-13 11:54:25.183 | INFO    |src.services.processamento_service:_reprovar:533 - [Layout] Motivo da recusa gravado em [EC VIVO FSM 202605_RECUSADO.md].
2026-08-13 11:54:25.185 | INFO    |comum.dados.repositorio_cache:salvar_dados_tabela_despesa:262 - Inserindo 1 registro(s) em [tbl_rpa_log_detraf_despesa_arquivos].
2026-08-13 11:54:25.196 | INFO    |comum.dados.repositorio_cache:salvar_dados_tabela_despesa:262 - 1 registro(s) persistidos em [tbl_rpa_log_detraf_despesa_arquivos].
2026-08-13 11:54:25.197 | WARNING |src.services.processamento_service:_processar_arquivo:264 - [RPA 1] 'EC VIVO FSM 202605.xlsx' REPROVADO na validação — quarentena em [C:\RPA\Dtraf\MVP2\MVP2\DETRAF-UNIFICADO\unificado\arquivos\_QUARENTENA\202607\9D024E55DD250D4D00005211FBDF0000137D0D4C70E1CF4091747B97613AB5A60000A35B1B710000].
2026-08-13 11:54:25.245 | WARNING |src.services.processamento_service:_processar_arquivo:261 - [RPA 1] Não foi possível ler [EC VIVO FSM 202606.xlsx]: Erro ao processar a leitura do arquivo C:\RPA\Dtraf\MVP2\MVP2\DETRAF-UNIFICADO\unificado\arquivos\Entrada\9D024E55DD250D4D00005211FBDF0000137D0D4C70E1CF4091747B97613AB5A60000A35B1B710000\EC VIVO FSM 202606.xlsx: expected string or bytes-like object, got 'float'
2026-08-13 11:54:25.281 | INFO    |src.services.operadora_service:obter_operadora:169 - Nome Fantasia não encontrado para o texto [/o=exchangelabs/ou=exchange administrative group (fydibohf23spdlt)/cn=recipients/cn=59e9b6fcd2e44a1b86ded45ef583b5c2-5e9e7dcd-14]
2026-08-13 11:54:25.282 | WARNING |src.services.processamento_service:_reprovar:509 - Operadora não identificada para 'EC VIVO FSM 202606.xlsx' (eot='None', dominio='/o=exchangelabs/ou=exchange administrative group (fydibohf23spdlt)/cn=recipients/cn=59e9b6fcd2e44a1b86ded45ef583b5c2-5e9e7dcd-14', texto_busca='/o=exchangelabs/ou=exchange administrative group (fydibohf23spdlt)/cn=recipients/cn=59e9b6fcd2e44a1b86ded45ef583b5c2-5e9e7dcd-14')
2026-08-13 11:54:25.285 | INFO    |src.services.processamento_service:_reprovar:533 - [Layout] Motivo da recusa gravado em [EC VIVO FSM 202606_RECUSADO.md].
2026-08-13 11:54:25.287 | INFO    |comum.dados.repositorio_cache:salvar_dados_tabela_despesa:262 - Inserindo 1 registro(s) em [tbl_rpa_log_detraf_despesa_arquivos].
2026-08-13 11:54:25.297 | INFO    |comum.dados.repositorio_cache:salvar_dados_tabela_despesa:262 - 1 registro(s) persistidos em [tbl_rpa_log_detraf_despesa_arquivos].
2026-08-13 11:54:25.298 | WARNING |src.services.processamento_service:_processar_arquivo:264 - [RPA 1] 'EC VIVO FSM 202606.xlsx' REPROVADO na validação — quarentena em [C:\RPA\Dtraf\MVP2\MVP2\DETRAF-UNIFICADO\unificado\arquivos\_QUARENTENA\202607\9D024E55DD250D4D00005211FBDF0000137D0D4C70E1CF4091747B97613AB5A60000A35B1B710000].
2026-08-13 11:54:25.341 | WARNING |src.services.processamento_service:_processar_arquivo:261 - [RPA 1] Não foi possível ler [EC INTEREDE 202605.xlsx]: Erro ao processar a leitura do arquivo C:\RPA\Dtraf\MVP2\MVP2\DETRAF-UNIFICADO\unificado\arquivos\Entrada\9D024E55DD250D4D00005211FBDF0000137D0D4C70E1CF4091747B97613AB5A60000A35B1B720000\EC INTEREDE 202605.xlsx: expected string or bytes-like object, got 'float'
2026-08-13 11:54:25.380 | INFO    |src.services.operadora_service:obter_operadora:169 - Nome Fantasia não encontrado para o texto [/o=exchangelabs/ou=exchange administrative group (fydibohf23spdlt)/cn=recipients/cn=59e9b6fcd2e44a1b86ded45ef583b5c2-5e9e7dcd-14]
2026-08-13 11:54:25.380 | WARNING |src.services.processamento_service:_reprovar:509 - Operadora não identificada para 'EC INTEREDE 202605.xlsx' (eot='None', dominio='/o=exchangelabs/ou=exchange administrative group (fydibohf23spdlt)/cn=recipients/cn=59e9b6fcd2e44a1b86ded45ef583b5c2-5e9e7dcd-14', texto_busca='/o=exchangelabs/ou=exchange administrative group (fydibohf23spdlt)/cn=recipients/cn=59e9b6fcd2e44a1b86ded45ef583b5c2-5e9e7dcd-14')
2026-08-13 11:54:25.385 | INFO    |src.services.processamento_service:_reprovar:533 - [Layout] Motivo da recusa gravado em [EC INTEREDE 202605_RECUSADO.md].
2026-08-13 11:54:25.387 | INFO    |comum.dados.repositorio_cache:salvar_dados_tabela_despesa:262 - Inserindo 1 registro(s) em [tbl_rpa_log_detraf_despesa_arquivos].
2026-08-13 11:54:25.397 | INFO    |comum.dados.repositorio_cache:salvar_dados_tabela_despesa:262 - 1 registro(s) persistidos em [tbl_rpa_log_detraf_despesa_arquivos].
2026-08-13 11:54:25.398 | WARNING |src.services.processamento_service:_processar_arquivo:264 - [RPA 1] 'EC INTEREDE 202605.xlsx' REPROVADO na validação — quarentena em [C:\RPA\Dtraf\MVP2\MVP2\DETRAF-UNIFICADO\unificado\arquivos\_QUARENTENA\202607\9D024E55DD250D4D00005211FBDF0000137D0D4C70E1CF4091747B97613AB5A60000A35B1B720000].
2026-08-13 11:54:25.430 | WARNING |src.services.processamento_service:_processar_arquivo:261 - [RPA 1] Não foi possível ler [EC INTEREDE 202604.xlsx]: Erro ao processar a leitura do arquivo C:\RPA\Dtraf\MVP2\MVP2\DETRAF-UNIFICADO\unificado\arquivos\Entrada\9D024E55DD250D4D00005211FBDF0000137D0D4C70E1CF4091747B97613AB5A60000A35B1B720000\EC INTEREDE 202604.xlsx: expected string or bytes-like object, got 'float'
2026-08-13 11:54:25.450 | INFO    |src.services.operadora_service:obter_operadora:169 - Nome Fantasia não encontrado para o texto [/o=exchangelabs/ou=exchange administrative group (fydibohf23spdlt)/cn=recipients/cn=59e9b6fcd2e44a1b86ded45ef583b5c2-5e9e7dcd-14]
2026-08-13 11:54:25.450 | WARNING |src.services.processamento_service:_reprovar:509 - Operadora não identificada para 'EC INTEREDE 202604.xlsx' (eot='None', dominio='/o=exchangelabs/ou=exchange administrative group (fydibohf23spdlt)/cn=recipients/cn=59e9b6fcd2e44a1b86ded45ef583b5c2-5e9e7dcd-14', texto_busca='/o=exchangelabs/ou=exchange administrative group (fydibohf23spdlt)/cn=recipients/cn=59e9b6fcd2e44a1b86ded45ef583b5c2-5e9e7dcd-14')
2026-08-13 11:54:25.454 | INFO    |src.services.processamento_service:_reprovar:533 - [Layout] Motivo da recusa gravado em [EC INTEREDE 202604_RECUSADO.md].
2026-08-13 11:54:25.455 | INFO    |comum.dados.repositorio_cache:salvar_dados_tabela_despesa:262 - Inserindo 1 registro(s) em [tbl_rpa_log_detraf_despesa_arquivos].
2026-08-13 11:54:25.466 | INFO    |comum.dados.repositorio_cache:salvar_dados_tabela_despesa:262 - 1 registro(s) persistidos em [tbl_rpa_log_detraf_despesa_arquivos].
2026-08-13 11:54:25.466 | WARNING |src.services.processamento_service:_processar_arquivo:264 - [RPA 1] 'EC INTEREDE 202604.xlsx' REPROVADO na validação — quarentena em [C:\RPA\Dtraf\MVP2\MVP2\DETRAF-UNIFICADO\unificado\arquivos\_QUARENTENA\202607\9D024E55DD250D4D00005211FBDF0000137D0D4C70E1CF4091747B97613AB5A60000A35B1B720000].
2026-08-13 11:54:25.508 | WARNING |src.services.processamento_service:_processar_arquivo:261 - [RPA 1] Não foi possível ler [EC INTEREDE 202606.xlsx]: Erro ao processar a leitura do arquivo C:\RPA\Dtraf\MVP2\MVP2\DETRAF-UNIFICADO\unificado\arquivos\Entrada\9D024E55DD250D4D00005211FBDF0000137D0D4C70E1CF4091747B97613AB5A60000A35B1B720000\EC INTEREDE 202606.xlsx: expected string or bytes-like object, got 'float'
2026-08-13 11:54:25.546 | INFO    |src.services.operadora_service:obter_operadora:169 - Nome Fantasia não encontrado para o texto [/o=exchangelabs/ou=exchange administrative group (fydibohf23spdlt)/cn=recipients/cn=59e9b6fcd2e44a1b86ded45ef583b5c2-5e9e7dcd-14]
2026-08-13 11:54:25.547 | WARNING |src.services.processamento_service:_reprovar:509 - Operadora não identificada para 'EC INTEREDE 202606.xlsx' (eot='None', dominio='/o=exchangelabs/ou=exchange administrative group (fydibohf23spdlt)/cn=recipients/cn=59e9b6fcd2e44a1b86ded45ef583b5c2-5e9e7dcd-14', texto_busca='/o=exchangelabs/ou=exchange administrative group (fydibohf23spdlt)/cn=recipients/cn=59e9b6fcd2e44a1b86ded45ef583b5c2-5e9e7dcd-14')
2026-08-13 11:54:25.550 | INFO    |src.services.processamento_service:_reprovar:533 - [Layout] Motivo da recusa gravado em [EC INTEREDE 202606_RECUSADO.md].
2026-08-13 11:54:25.552 | INFO    |comum.dados.repositorio_cache:salvar_dados_tabela_despesa:262 - Inserindo 1 registro(s) em [tbl_rpa_log_detraf_despesa_arquivos].
2026-08-13 11:54:25.562 | INFO    |comum.dados.repositorio_cache:salvar_dados_tabela_despesa:262 - 1 registro(s) persistidos em [tbl_rpa_log_detraf_despesa_arquivos].
2026-08-13 11:54:25.562 | WARNING |src.services.processamento_service:_processar_arquivo:264 - [RPA 1] 'EC INTEREDE 202606.xlsx' REPROVADO na validação — quarentena em [C:\RPA\Dtraf\MVP2\MVP2\DETRAF-UNIFICADO\unificado\arquivos\_QUARENTENA\202607\9D024E55DD250D4D00005211FBDF0000137D0D4C70E1CF4091747B97613AB5A60000A35B1B720000].
2026-08-13 11:54:25.564 | INFO    |src.controllers.outlook_controller:responder:234 - Conectando ao Outlook (conta configurada: 'detrafTBRA')...
2026-08-13 11:54:25.573 | INFO    |src.controllers.outlook_controller:responder:234 - Conectado ao Outlook com sucesso.
2026-08-13 11:54:29.892 | ERROR   |src.services.notificacao_operadora:notificar_arquivos_recusados:74 - [RPA 1] Falha ao criar rascunho de resposta para 'Claro SMP - Receita - Rede SIP - 07.2026 - Enviado TLF.xlsx': Falha ao responder o e-mail '00000000A949F53E017BB44C86E46D56D2D6BB100700F25FC41A3584FC499D024E55DD250D4D00005211FBDF0000137D0D4C70E1CF4091747B97613AB5A60000A35B1B2B0000': (-2147467260, 'Operação anulada', None, None)
Traceback (most recent call last):

  File "C:\RPA\Dtraf\MVP2\MVP2\DETRAF-UNIFICADO\unificado\comum\integracoes\outlook.py", line 301, in responder_email
    reply.Save()
    └ <COMObject Reply>

  File "<COMObject Reply>", line 2, in Save

pywintypes.com_error: (-2147467260, 'Operação anulada', None, None)


The above exception was the direct cause of the following exception:


Traceback (most recent call last):

  File "C:\RPA\Dtraf\MVP2\MVP2\DETRAF-UNIFICADO\unificado\rpa1_captura\main.py", line 118, in <module>
    raise SystemExit(main())
                     └ <function main at 0x000001FE9ED014E0>

  File "C:\RPA\Dtraf\MVP2\MVP2\DETRAF-UNIFICADO\unificado\rpa1_captura\main.py", line 94, in main
    run(pasta_entrada=recorte.pasta_entrada, etapa=recorte.etapa, diagnostico=diagnostico)
    │                 │       │                    │       │                  └ <comum.config.diagnostico_execucao.DiagnosticoDeExecucao object at 0x000001FEA1555D30>
    │                 │       │                    │       └ None
    │                 │       │                    └ Argumentos(referencia=None, operadoras=[], etapa=None, pasta_entrada=None, de_pasta=None, dry_run=False, pausar=False)
    │                 │       └ None
    │                 └ Argumentos(referencia=None, operadoras=[], etapa=None, pasta_entrada=None, de_pasta=None, dry_run=False, pausar=False)
    └ <function run at 0x000001FEA15AAAC0>

  File "C:\RPA\Dtraf\MVP2\MVP2\DETRAF-UNIFICADO\unificado\rpa1_captura\src\main\process_handle.py", line 34, in run
    controller.processar(
    │          └ <function ProcessamentoController.processar at 0x000001FEBB0BFD80>
    └ <src.controllers.processamento_controller.ProcessamentoController object at 0x000001FEBB084C20>

  File "C:\RPA\Dtraf\MVP2\MVP2\DETRAF-UNIFICADO\unificado\rpa1_captura\src\controllers\processamento_controller.py", line 155, in processar
    self._servico.executar(arquivos)
    │    │        │        └ [ArquivoParaProcessar(caminho=WindowsPath('C:/RPA/Dtraf/MVP2/MVP2/DETRAF-UNIFICADO/unificado/arquivos/Entrada/9D024E55DD250D4...
    │    │        └ <function ProcessamentoService.executar at 0x000001FEBB0BF600>
    │    └ <src.services.processamento_service.ProcessamentoService object at 0x000001FEBB085160>
    └ <src.controllers.processamento_controller.ProcessamentoController object at 0x000001FEBB084C20>

  File "C:\RPA\Dtraf\MVP2\MVP2\DETRAF-UNIFICADO\unificado\rpa1_captura\src\services\processamento_service.py", line 151, in executar
    self._notificar_reprovados()
    │    └ <function ProcessamentoService._notificar_reprovados at 0x000001FEBB0BFA60>
    └ <src.services.processamento_service.ProcessamentoService object at 0x000001FEBB085160>

  File "C:\RPA\Dtraf\MVP2\MVP2\DETRAF-UNIFICADO\unificado\rpa1_captura\src\services\processamento_service.py", line 588, in _notificar_reprovados
    sucesso = bool(self._notificar_externo(pacote, recusas))
                   │    │                  │       └ [ArquivoRecusado(nome='Claro SMP - Receita - Rede SIP - 07.2026 - Enviado TLF.xlsx', motivos=['o arquivo não pôde ser lido (f...
                   │    │                  └ ArquivoParaProcessar(caminho=WindowsPath('C:/RPA/Dtraf/MVP2/MVP2/DETRAF-UNIFICADO/unificado/arquivos/Entrada/9D024E55DD250D4D...
                   │    └ <bound method ProcessamentoController._notificar_operadora of <src.controllers.processamento_controller.ProcessamentoControll...
                   └ <src.services.processamento_service.ProcessamentoService object at 0x000001FEBB085160>

  File "C:\RPA\Dtraf\MVP2\MVP2\DETRAF-UNIFICADO\unificado\rpa1_captura\src\controllers\processamento_controller.py", line 31, in _notificar_operadora
    return notificar_arquivos_recusados(self._outlook.responder, pacote, recusas)
           │                            │    │                   │       └ [ArquivoRecusado(nome='Claro SMP - Receita - Rede SIP - 07.2026 - Enviado TLF.xlsx', motivos=['o arquivo não pôde ser lido (f...
           │                            │    │                   └ ArquivoParaProcessar(caminho=WindowsPath('C:/RPA/Dtraf/MVP2/MVP2/DETRAF-UNIFICADO/unificado/arquivos/Entrada/9D024E55DD250D4D...
           │                            │    └ <property object at 0x000001FEA15B03B0>
           │                            └ <src.controllers.processamento_controller.ProcessamentoController object at 0x000001FEBB084C20>
           └ <function notificar_arquivos_recusados at 0x000001FEA17479C0>

  File "C:\RPA\Dtraf\MVP2\MVP2\DETRAF-UNIFICADO\unificado\rpa1_captura\src\services\notificacao_operadora.py", line 74, in notificar_arquivos_recusados
    return bool(responder(pacote, corpo, configuration.NOTIFICAR_OPERADORA_ENVIAR))
                │         │       │      │             └ False
                │         │       │      └ <module 'comum.config.configuration' from 'C:\\RPA\\Dtraf\\MVP2\\MVP2\\DETRAF-UNIFICADO\\unificado\\comum\\config\\configurat...
                │         │       └ 'Prezados,\n\nOs arquivos de Detraf abaixo, enviados por sua empresa nesta mensagem, não\npuderam ser processados e estão sen...
                │         └ ArquivoParaProcessar(caminho=WindowsPath('C:/RPA/Dtraf/MVP2/MVP2/DETRAF-UNIFICADO/unificado/arquivos/Entrada/9D024E55DD250D4D...
                └ <bound method OutlookController.responder of <src.controllers.outlook_controller.OutlookController object at 0x000001FEBB0855...

> File "C:\RPA\Dtraf\MVP2\MVP2\DETRAF-UNIFICADO\unificado\rpa1_captura\src\controllers\outlook_controller.py", line 234, in responder
    OutlookService(self._config.account).responder_email(
    │              │    │       └ 'detrafTBRA'
    │              │    └ OutlookConfig(account='detrafTBRA', detraf_despesas_folder='Detraf Despesas', processados_folder='PROCESSADOS', dest_root=Win...
    │              └ <src.controllers.outlook_controller.OutlookController object at 0x000001FEBB085550>
    └ <class 'comum.integracoes.outlook.OutlookService'>

  File "C:\RPA\Dtraf\MVP2\MVP2\DETRAF-UNIFICADO\unificado\comum\integracoes\outlook.py", line 303, in responder_email
    raise OutlookError(f"Falha ao responder o e-mail '{entry_id}': {exc}") from exc
          │                                            └ '00000000A949F53E017BB44C86E46D56D2D6BB100700F25FC41A3584FC499D024E55DD250D4D00005211FBDF0000137D0D4C70E1CF4091747B97613AB5A6...
          └ <class 'comum.integracoes.outlook.OutlookError'>

comum.integracoes.outlook.OutlookError: Falha ao responder o e-mail '00000000A949F53E017BB44C86E46D56D2D6BB100700F25FC41A3584FC499D024E55DD250D4D00005211FBDF0000137D0D4C70E1CF4091747B97613AB5A60000A35B1B2B0000': (-2147467260, 'Operação anulada', None, None)
2026-08-13 11:54:29.912 | INFO    |src.services.processamento_service:executar:151 - [RPA 1] E-mail de origem de 'Claro SMP - Receita - Rede SIP - 07.2026 - Enviado TLF.xlsx': 1 arquivo(s) recusado(s), operadora NÃO notificada.
2026-08-13 11:54:29.913 | INFO    |src.controllers.outlook_controller:responder:234 - Conectando ao Outlook (conta configurada: 'detrafTBRA')...
2026-08-13 11:54:29.926 | INFO    |src.controllers.outlook_controller:responder:234 - Conectado ao Outlook com sucesso.
2026-08-13 11:54:30.239 | ERROR   |src.services.notificacao_operadora:notificar_arquivos_recusados:74 - [RPA 1] Falha ao criar rascunho de resposta para 'Agil_Vivo_202607.csv': Falha ao responder o e-mail '00000000A949F53E017BB44C86E46D56D2D6BB100700F25FC41A3584FC499D024E55DD250D4D00005211FBDF0000137D0D4C70E1CF4091747B97613AB5A60000A35B1B2C0000': (-2147467260, 'Operação anulada', None, None)
Traceback (most recent call last):

  File "C:\RPA\Dtraf\MVP2\MVP2\DETRAF-UNIFICADO\unificado\comum\integracoes\outlook.py", line 301, in responder_email
    reply.Save()
    └ <COMObject Reply>

  File "<COMObject Reply>", line 2, in Save

pywintypes.com_error: (-2147467260, 'Operação anulada', None, None)


The above exception was the direct cause of the following exception:


Traceback (most recent call last):

  File "C:\RPA\Dtraf\MVP2\MVP2\DETRAF-UNIFICADO\unificado\rpa1_captura\main.py", line 118, in <module>
    raise SystemExit(main())
                     └ <function main at 0x000001FE9ED014E0>

  File "C:\RPA\Dtraf\MVP2\MVP2\DETRAF-UNIFICADO\unificado\rpa1_captura\main.py", line 94, in main
    run(pasta_entrada=recorte.pasta_entrada, etapa=recorte.etapa, diagnostico=diagnostico)
    │                 │       │                    │       │                  └ <comum.config.diagnostico_execucao.DiagnosticoDeExecucao object at 0x000001FEA1555D30>
    │                 │       │                    │       └ None
    │                 │       │                    └ Argumentos(referencia=None, operadoras=[], etapa=None, pasta_entrada=None, de_pasta=None, dry_run=False, pausar=False)
    │                 │       └ None
    │                 └ Argumentos(referencia=None, operadoras=[], etapa=None, pasta_entrada=None, de_pasta=None, dry_run=False, pausar=False)
    └ <function run at 0x000001FEA15AAAC0>

  File "C:\RPA\Dtraf\MVP2\MVP2\DETRAF-UNIFICADO\unificado\rpa1_captura\src\main\process_handle.py", line 34, in run
    controller.processar(
    │          └ <function ProcessamentoController.processar at 0x000001FEBB0BFD80>
    └ <src.controllers.processamento_controller.ProcessamentoController object at 0x000001FEBB084C20>

  File "C:\RPA\Dtraf\MVP2\MVP2\DETRAF-UNIFICADO\unificado\rpa1_captura\src\controllers\processamento_controller.py", line 155, in processar
    self._servico.executar(arquivos)
    │    │        │        └ [ArquivoParaProcessar(caminho=WindowsPath('C:/RPA/Dtraf/MVP2/MVP2/DETRAF-UNIFICADO/unificado/arquivos/Entrada/9D024E55DD250D4...
    │    │        └ <function ProcessamentoService.executar at 0x000001FEBB0BF600>
    │    └ <src.services.processamento_service.ProcessamentoService object at 0x000001FEBB085160>
    └ <src.controllers.processamento_controller.ProcessamentoController object at 0x000001FEBB084C20>

  File "C:\RPA\Dtraf\MVP2\MVP2\DETRAF-UNIFICADO\unificado\rpa1_captura\src\services\processamento_service.py", line 151, in executar
    self._notificar_reprovados()
    │    └ <function ProcessamentoService._notificar_reprovados at 0x000001FEBB0BFA60>
    └ <src.services.processamento_service.ProcessamentoService object at 0x000001FEBB085160>

  File "C:\RPA\Dtraf\MVP2\MVP2\DETRAF-UNIFICADO\unificado\rpa1_captura\src\services\processamento_service.py", line 588, in _notificar_reprovados
    sucesso = bool(self._notificar_externo(pacote, recusas))
                   │    │                  │       └ [ArquivoRecusado(nome='Agil_Vivo_202607.csv', motivos=['posição 0 (Credora): esperado EOT numérica, encontrado "B67", "B67", ...
                   │    │                  └ ArquivoParaProcessar(caminho=WindowsPath('C:/RPA/Dtraf/MVP2/MVP2/DETRAF-UNIFICADO/unificado/arquivos/Entrada/9D024E55DD250D4D...
                   │    └ <bound method ProcessamentoController._notificar_operadora of <src.controllers.processamento_controller.ProcessamentoControll...
                   └ <src.services.processamento_service.ProcessamentoService object at 0x000001FEBB085160>

  File "C:\RPA\Dtraf\MVP2\MVP2\DETRAF-UNIFICADO\unificado\rpa1_captura\src\controllers\processamento_controller.py", line 31, in _notificar_operadora
    return notificar_arquivos_recusados(self._outlook.responder, pacote, recusas)
           │                            │    │                   │       └ [ArquivoRecusado(nome='Agil_Vivo_202607.csv', motivos=['posição 0 (Credora): esperado EOT numérica, encontrado "B67", "B67", ...
           │                            │    │                   └ ArquivoParaProcessar(caminho=WindowsPath('C:/RPA/Dtraf/MVP2/MVP2/DETRAF-UNIFICADO/unificado/arquivos/Entrada/9D024E55DD250D4D...
           │                            │    └ <property object at 0x000001FEA15B03B0>
           │                            └ <src.controllers.processamento_controller.ProcessamentoController object at 0x000001FEBB084C20>
           └ <function notificar_arquivos_recusados at 0x000001FEA17479C0>

  File "C:\RPA\Dtraf\MVP2\MVP2\DETRAF-UNIFICADO\unificado\rpa1_captura\src\services\notificacao_operadora.py", line 74, in notificar_arquivos_recusados
    return bool(responder(pacote, corpo, configuration.NOTIFICAR_OPERADORA_ENVIAR))
                │         │       │      │             └ False
                │         │       │      └ <module 'comum.config.configuration' from 'C:\\RPA\\Dtraf\\MVP2\\MVP2\\DETRAF-UNIFICADO\\unificado\\comum\\config\\configurat...
                │         │       └ 'Prezados,\n\nOs arquivos de Detraf abaixo, enviados por sua empresa nesta mensagem, não\npuderam ser processados e estão sen...
                │         └ ArquivoParaProcessar(caminho=WindowsPath('C:/RPA/Dtraf/MVP2/MVP2/DETRAF-UNIFICADO/unificado/arquivos/Entrada/9D024E55DD250D4D...
                └ <bound method OutlookController.responder of <src.controllers.outlook_controller.OutlookController object at 0x000001FEBB0855...

> File "C:\RPA\Dtraf\MVP2\MVP2\DETRAF-UNIFICADO\unificado\rpa1_captura\src\controllers\outlook_controller.py", line 234, in responder
    OutlookService(self._config.account).responder_email(
    │              │    │       └ 'detrafTBRA'
    │              │    └ OutlookConfig(account='detrafTBRA', detraf_despesas_folder='Detraf Despesas', processados_folder='PROCESSADOS', dest_root=Win...
    │              └ <src.controllers.outlook_controller.OutlookController object at 0x000001FEBB085550>
    └ <class 'comum.integracoes.outlook.OutlookService'>

  File "C:\RPA\Dtraf\MVP2\MVP2\DETRAF-UNIFICADO\unificado\comum\integracoes\outlook.py", line 303, in responder_email
    raise OutlookError(f"Falha ao responder o e-mail '{entry_id}': {exc}") from exc
          │                                            └ '00000000A949F53E017BB44C86E46D56D2D6BB100700F25FC41A3584FC499D024E55DD250D4D00005211FBDF0000137D0D4C70E1CF4091747B97613AB5A6...
          └ <class 'comum.integracoes.outlook.OutlookError'>

comum.integracoes.outlook.OutlookError: Falha ao responder o e-mail '00000000A949F53E017BB44C86E46D56D2D6BB100700F25FC41A3584FC499D024E55DD250D4D00005211FBDF0000137D0D4C70E1CF4091747B97613AB5A60000A35B1B2C0000': (-2147467260, 'Operação anulada', None, None)
2026-08-13 11:54:30.252 | INFO    |src.services.processamento_service:executar:151 - [RPA 1] E-mail de origem de 'Agil_Vivo_202607.csv': 2 arquivo(s) recusado(s), operadora NÃO notificada.
2026-08-13 11:54:30.254 | INFO    |src.controllers.outlook_controller:responder:234 - Conectando ao Outlook (conta configurada: 'detrafTBRA')...
2026-08-13 11:54:30.268 | INFO    |src.controllers.outlook_controller:responder:234 - Conectado ao Outlook com sucesso.
2026-08-13 11:54:30.494 | ERROR   |src.services.notificacao_operadora:notificar_arquivos_recusados:74 - [RPA 1] Falha ao criar rascunho de resposta para 'Ampernet_Vivo_202607.csv': Falha ao responder o e-mail '00000000A949F53E017BB44C86E46D56D2D6BB100700F25FC41A3584FC499D024E55DD250D4D00005211FBDF0000137D0D4C70E1CF4091747B97613AB5A60000A35B1B2D0000': (-2147467260, 'Operação anulada', None, None)
Traceback (most recent call last):

  File "C:\RPA\Dtraf\MVP2\MVP2\DETRAF-UNIFICADO\unificado\comum\integracoes\outlook.py", line 301, in responder_email
    reply.Save()
    └ <COMObject Reply>

  File "<COMObject Reply>", line 2, in Save

pywintypes.com_error: (-2147467260, 'Operação anulada', None, None)


The above exception was the direct cause of the following exception:


Traceback (most recent call last):

  File "C:\RPA\Dtraf\MVP2\MVP2\DETRAF-UNIFICADO\unificado\rpa1_captura\main.py", line 118, in <module>
    raise SystemExit(main())
                     └ <function main at 0x000001FE9ED014E0>

  File "C:\RPA\Dtraf\MVP2\MVP2\DETRAF-UNIFICADO\unificado\rpa1_captura\main.py", line 94, in main
    run(pasta_entrada=recorte.pasta_entrada, etapa=recorte.etapa, diagnostico=diagnostico)
    │                 │       │                    │       │                  └ <comum.config.diagnostico_execucao.DiagnosticoDeExecucao object at 0x000001FEA1555D30>
    │                 │       │                    │       └ None
    │                 │       │                    └ Argumentos(referencia=None, operadoras=[], etapa=None, pasta_entrada=None, de_pasta=None, dry_run=False, pausar=False)
    │                 │       └ None
    │                 └ Argumentos(referencia=None, operadoras=[], etapa=None, pasta_entrada=None, de_pasta=None, dry_run=False, pausar=False)
    └ <function run at 0x000001FEA15AAAC0>

  File "C:\RPA\Dtraf\MVP2\MVP2\DETRAF-UNIFICADO\unificado\rpa1_captura\src\main\process_handle.py", line 34, in run
    controller.processar(
    │          └ <function ProcessamentoController.processar at 0x000001FEBB0BFD80>
    └ <src.controllers.processamento_controller.ProcessamentoController object at 0x000001FEBB084C20>

  File "C:\RPA\Dtraf\MVP2\MVP2\DETRAF-UNIFICADO\unificado\rpa1_captura\src\controllers\processamento_controller.py", line 155, in processar
    self._servico.executar(arquivos)
    │    │        │        └ [ArquivoParaProcessar(caminho=WindowsPath('C:/RPA/Dtraf/MVP2/MVP2/DETRAF-UNIFICADO/unificado/arquivos/Entrada/9D024E55DD250D4...
    │    │        └ <function ProcessamentoService.executar at 0x000001FEBB0BF600>
    │    └ <src.services.processamento_service.ProcessamentoService object at 0x000001FEBB085160>
    └ <src.controllers.processamento_controller.ProcessamentoController object at 0x000001FEBB084C20>

  File "C:\RPA\Dtraf\MVP2\MVP2\DETRAF-UNIFICADO\unificado\rpa1_captura\src\services\processamento_service.py", line 151, in executar
    self._notificar_reprovados()
    │    └ <function ProcessamentoService._notificar_reprovados at 0x000001FEBB0BFA60>
    └ <src.services.processamento_service.ProcessamentoService object at 0x000001FEBB085160>

  File "C:\RPA\Dtraf\MVP2\MVP2\DETRAF-UNIFICADO\unificado\rpa1_captura\src\services\processamento_service.py", line 588, in _notificar_reprovados
    sucesso = bool(self._notificar_externo(pacote, recusas))
                   │    │                  │       └ [ArquivoRecusado(nome='Ampernet_Vivo_202607.csv', motivos=['Coluna 10 (Minutos): os minutos admitem no máximo 1 casa decimal....
                   │    │                  └ ArquivoParaProcessar(caminho=WindowsPath('C:/RPA/Dtraf/MVP2/MVP2/DETRAF-UNIFICADO/unificado/arquivos/Entrada/9D024E55DD250D4D...
                   │    └ <bound method ProcessamentoController._notificar_operadora of <src.controllers.processamento_controller.ProcessamentoControll...
                   └ <src.services.processamento_service.ProcessamentoService object at 0x000001FEBB085160>

  File "C:\RPA\Dtraf\MVP2\MVP2\DETRAF-UNIFICADO\unificado\rpa1_captura\src\controllers\processamento_controller.py", line 31, in _notificar_operadora
    return notificar_arquivos_recusados(self._outlook.responder, pacote, recusas)
           │                            │    │                   │       └ [ArquivoRecusado(nome='Ampernet_Vivo_202607.csv', motivos=['Coluna 10 (Minutos): os minutos admitem no máximo 1 casa decimal....
           │                            │    │                   └ ArquivoParaProcessar(caminho=WindowsPath('C:/RPA/Dtraf/MVP2/MVP2/DETRAF-UNIFICADO/unificado/arquivos/Entrada/9D024E55DD250D4D...
           │                            │    └ <property object at 0x000001FEA15B03B0>
           │                            └ <src.controllers.processamento_controller.ProcessamentoController object at 0x000001FEBB084C20>
           └ <function notificar_arquivos_recusados at 0x000001FEA17479C0>

  File "C:\RPA\Dtraf\MVP2\MVP2\DETRAF-UNIFICADO\unificado\rpa1_captura\src\services\notificacao_operadora.py", line 74, in notificar_arquivos_recusados
    return bool(responder(pacote, corpo, configuration.NOTIFICAR_OPERADORA_ENVIAR))
                │         │       │      │             └ False
                │         │       │      └ <module 'comum.config.configuration' from 'C:\\RPA\\Dtraf\\MVP2\\MVP2\\DETRAF-UNIFICADO\\unificado\\comum\\config\\configurat...
                │         │       └ 'Prezados,\n\nOs arquivos de Detraf abaixo, enviados por sua empresa nesta mensagem, não\npuderam ser processados e estão sen...
                │         └ ArquivoParaProcessar(caminho=WindowsPath('C:/RPA/Dtraf/MVP2/MVP2/DETRAF-UNIFICADO/unificado/arquivos/Entrada/9D024E55DD250D4D...
                └ <bound method OutlookController.responder of <src.controllers.outlook_controller.OutlookController object at 0x000001FEBB0855...

> File "C:\RPA\Dtraf\MVP2\MVP2\DETRAF-UNIFICADO\unificado\rpa1_captura\src\controllers\outlook_controller.py", line 234, in responder
    OutlookService(self._config.account).responder_email(
    │              │    │       └ 'detrafTBRA'
    │              │    └ OutlookConfig(account='detrafTBRA', detraf_despesas_folder='Detraf Despesas', processados_folder='PROCESSADOS', dest_root=Win...
    │              └ <src.controllers.outlook_controller.OutlookController object at 0x000001FEBB085550>
    └ <class 'comum.integracoes.outlook.OutlookService'>

  File "C:\RPA\Dtraf\MVP2\MVP2\DETRAF-UNIFICADO\unificado\comum\integracoes\outlook.py", line 303, in responder_email
    raise OutlookError(f"Falha ao responder o e-mail '{entry_id}': {exc}") from exc
          │                                            └ '00000000A949F53E017BB44C86E46D56D2D6BB100700F25FC41A3584FC499D024E55DD250D4D00005211FBDF0000137D0D4C70E1CF4091747B97613AB5A6...
          └ <class 'comum.integracoes.outlook.OutlookError'>

comum.integracoes.outlook.OutlookError: Falha ao responder o e-mail '00000000A949F53E017BB44C86E46D56D2D6BB100700F25FC41A3584FC499D024E55DD250D4D00005211FBDF0000137D0D4C70E1CF4091747B97613AB5A60000A35B1B2D0000': (-2147467260, 'Operação anulada', None, None)
2026-08-13 11:54:30.503 | INFO    |src.services.processamento_service:executar:151 - [RPA 1] E-mail de origem de 'Ampernet_Vivo_202607.csv': 1 arquivo(s) recusado(s), operadora NÃO notificada.
2026-08-13 11:54:30.504 | INFO    |src.controllers.outlook_controller:responder:234 - Conectando ao Outlook (conta configurada: 'detrafTBRA')...
2026-08-13 11:54:30.514 | INFO    |src.controllers.outlook_controller:responder:234 - Conectado ao Outlook com sucesso.
2026-08-13 11:54:30.686 | ERROR   |src.services.notificacao_operadora:notificar_arquivos_recusados:74 - [RPA 1] Falha ao criar rascunho de resposta para 'Detraf Nova x Vivo SMP 202605.csv': Falha ao responder o e-mail '00000000A949F53E017BB44C86E46D56D2D6BB100700F25FC41A3584FC499D024E55DD250D4D00005211FBDF0000137D0D4C70E1CF4091747B97613AB5A60000A35B1B300000': (-2147467260, 'Operação anulada', None, None)
Traceback (most recent call last):

  File "C:\RPA\Dtraf\MVP2\MVP2\DETRAF-UNIFICADO\unificado\comum\integracoes\outlook.py", line 301, in responder_email
    reply.Save()
    └ <COMObject Reply>

  File "<COMObject Reply>", line 2, in Save

pywintypes.com_error: (-2147467260, 'Operação anulada', None, None)


The above exception was the direct cause of the following exception:


Traceback (most recent call last):

  File "C:\RPA\Dtraf\MVP2\MVP2\DETRAF-UNIFICADO\unificado\rpa1_captura\main.py", line 118, in <module>
    raise SystemExit(main())
                     └ <function main at 0x000001FE9ED014E0>

  File "C:\RPA\Dtraf\MVP2\MVP2\DETRAF-UNIFICADO\unificado\rpa1_captura\main.py", line 94, in main
    run(pasta_entrada=recorte.pasta_entrada, etapa=recorte.etapa, diagnostico=diagnostico)
    │                 │       │                    │       │                  └ <comum.config.diagnostico_execucao.DiagnosticoDeExecucao object at 0x000001FEA1555D30>
    │                 │       │                    │       └ None
    │                 │       │                    └ Argumentos(referencia=None, operadoras=[], etapa=None, pasta_entrada=None, de_pasta=None, dry_run=False, pausar=False)
    │                 │       └ None
    │                 └ Argumentos(referencia=None, operadoras=[], etapa=None, pasta_entrada=None, de_pasta=None, dry_run=False, pausar=False)
    └ <function run at 0x000001FEA15AAAC0>

  File "C:\RPA\Dtraf\MVP2\MVP2\DETRAF-UNIFICADO\unificado\rpa1_captura\src\main\process_handle.py", line 34, in run
    controller.processar(
    │          └ <function ProcessamentoController.processar at 0x000001FEBB0BFD80>
    └ <src.controllers.processamento_controller.ProcessamentoController object at 0x000001FEBB084C20>

  File "C:\RPA\Dtraf\MVP2\MVP2\DETRAF-UNIFICADO\unificado\rpa1_captura\src\controllers\processamento_controller.py", line 155, in processar
    self._servico.executar(arquivos)
    │    │        │        └ [ArquivoParaProcessar(caminho=WindowsPath('C:/RPA/Dtraf/MVP2/MVP2/DETRAF-UNIFICADO/unificado/arquivos/Entrada/9D024E55DD250D4...
    │    │        └ <function ProcessamentoService.executar at 0x000001FEBB0BF600>
    │    └ <src.services.processamento_service.ProcessamentoService object at 0x000001FEBB085160>
    └ <src.controllers.processamento_controller.ProcessamentoController object at 0x000001FEBB084C20>

  File "C:\RPA\Dtraf\MVP2\MVP2\DETRAF-UNIFICADO\unificado\rpa1_captura\src\services\processamento_service.py", line 151, in executar
    self._notificar_reprovados()
    │    └ <function ProcessamentoService._notificar_reprovados at 0x000001FEBB0BFA60>
    └ <src.services.processamento_service.ProcessamentoService object at 0x000001FEBB085160>

  File "C:\RPA\Dtraf\MVP2\MVP2\DETRAF-UNIFICADO\unificado\rpa1_captura\src\services\processamento_service.py", line 588, in _notificar_reprovados
    sucesso = bool(self._notificar_externo(pacote, recusas))
                   │    │                  │       └ [ArquivoRecusado(nome='Detraf Nova x Vivo SMP 202605.csv', motivos=['Coluna 3 (Referência): a referência precisa ser 202607 (...
                   │    │                  └ ArquivoParaProcessar(caminho=WindowsPath('C:/RPA/Dtraf/MVP2/MVP2/DETRAF-UNIFICADO/unificado/arquivos/Entrada/9D024E55DD250D4D...
                   │    └ <bound method ProcessamentoController._notificar_operadora of <src.controllers.processamento_controller.ProcessamentoControll...
                   └ <src.services.processamento_service.ProcessamentoService object at 0x000001FEBB085160>

  File "C:\RPA\Dtraf\MVP2\MVP2\DETRAF-UNIFICADO\unificado\rpa1_captura\src\controllers\processamento_controller.py", line 31, in _notificar_operadora
    return notificar_arquivos_recusados(self._outlook.responder, pacote, recusas)
           │                            │    │                   │       └ [ArquivoRecusado(nome='Detraf Nova x Vivo SMP 202605.csv', motivos=['Coluna 3 (Referência): a referência precisa ser 202607 (...
           │                            │    │                   └ ArquivoParaProcessar(caminho=WindowsPath('C:/RPA/Dtraf/MVP2/MVP2/DETRAF-UNIFICADO/unificado/arquivos/Entrada/9D024E55DD250D4D...
           │                            │    └ <property object at 0x000001FEA15B03B0>
           │                            └ <src.controllers.processamento_controller.ProcessamentoController object at 0x000001FEBB084C20>
           └ <function notificar_arquivos_recusados at 0x000001FEA17479C0>

  File "C:\RPA\Dtraf\MVP2\MVP2\DETRAF-UNIFICADO\unificado\rpa1_captura\src\services\notificacao_operadora.py", line 74, in notificar_arquivos_recusados
    return bool(responder(pacote, corpo, configuration.NOTIFICAR_OPERADORA_ENVIAR))
                │         │       │      │             └ False
                │         │       │      └ <module 'comum.config.configuration' from 'C:\\RPA\\Dtraf\\MVP2\\MVP2\\DETRAF-UNIFICADO\\unificado\\comum\\config\\configurat...
                │         │       └ 'Prezados,\n\nOs arquivos de Detraf abaixo, enviados por sua empresa nesta mensagem, não\npuderam ser processados e estão sen...
                │         └ ArquivoParaProcessar(caminho=WindowsPath('C:/RPA/Dtraf/MVP2/MVP2/DETRAF-UNIFICADO/unificado/arquivos/Entrada/9D024E55DD250D4D...
                └ <bound method OutlookController.responder of <src.controllers.outlook_controller.OutlookController object at 0x000001FEBB0855...

> File "C:\RPA\Dtraf\MVP2\MVP2\DETRAF-UNIFICADO\unificado\rpa1_captura\src\controllers\outlook_controller.py", line 234, in responder
    OutlookService(self._config.account).responder_email(
    │              │    │       └ 'detrafTBRA'
    │              │    └ OutlookConfig(account='detrafTBRA', detraf_despesas_folder='Detraf Despesas', processados_folder='PROCESSADOS', dest_root=Win...
    │              └ <src.controllers.outlook_controller.OutlookController object at 0x000001FEBB085550>
    └ <class 'comum.integracoes.outlook.OutlookService'>

  File "C:\RPA\Dtraf\MVP2\MVP2\DETRAF-UNIFICADO\unificado\comum\integracoes\outlook.py", line 303, in responder_email
    raise OutlookError(f"Falha ao responder o e-mail '{entry_id}': {exc}") from exc
          │                                            └ '00000000A949F53E017BB44C86E46D56D2D6BB100700F25FC41A3584FC499D024E55DD250D4D00005211FBDF0000137D0D4C70E1CF4091747B97613AB5A6...
          └ <class 'comum.integracoes.outlook.OutlookError'>

comum.integracoes.outlook.OutlookError: Falha ao responder o e-mail '00000000A949F53E017BB44C86E46D56D2D6BB100700F25FC41A3584FC499D024E55DD250D4D00005211FBDF0000137D0D4C70E1CF4091747B97613AB5A60000A35B1B300000': (-2147467260, 'Operação anulada', None, None)
2026-08-13 11:54:30.695 | INFO    |src.services.processamento_service:executar:151 - [RPA 1] E-mail de origem de 'Detraf Nova x Vivo SMP 202605.csv': 2 arquivo(s) recusado(s), operadora NÃO notificada.
2026-08-13 11:54:30.696 | INFO    |src.controllers.outlook_controller:responder:234 - Conectando ao Outlook (conta configurada: 'detrafTBRA')...
2026-08-13 11:54:30.704 | INFO    |src.controllers.outlook_controller:responder:234 - Conectado ao Outlook com sucesso.
2026-08-13 11:54:31.279 | ERROR   |src.services.notificacao_operadora:notificar_arquivos_recusados:74 - [RPA 1] Falha ao criar rascunho de resposta para 'VIVO.xlsx': Falha ao responder o e-mail '00000000A949F53E017BB44C86E46D56D2D6BB100700F25FC41A3584FC499D024E55DD250D4D00005211FBDF0000137D0D4C70E1CF4091747B97613AB5A60000A35B1B310000': (-2147467260, 'Operação anulada', None, None)
Traceback (most recent call last):

  File "C:\RPA\Dtraf\MVP2\MVP2\DETRAF-UNIFICADO\unificado\comum\integracoes\outlook.py", line 301, in responder_email
    reply.Save()
    └ <COMObject Reply>

  File "<COMObject Reply>", line 2, in Save

pywintypes.com_error: (-2147467260, 'Operação anulada', None, None)


The above exception was the direct cause of the following exception:


Traceback (most recent call last):

  File "C:\RPA\Dtraf\MVP2\MVP2\DETRAF-UNIFICADO\unificado\rpa1_captura\main.py", line 118, in <module>
    raise SystemExit(main())
                     └ <function main at 0x000001FE9ED014E0>

  File "C:\RPA\Dtraf\MVP2\MVP2\DETRAF-UNIFICADO\unificado\rpa1_captura\main.py", line 94, in main
    run(pasta_entrada=recorte.pasta_entrada, etapa=recorte.etapa, diagnostico=diagnostico)
    │                 │       │                    │       │                  └ <comum.config.diagnostico_execucao.DiagnosticoDeExecucao object at 0x000001FEA1555D30>
    │                 │       │                    │       └ None
    │                 │       │                    └ Argumentos(referencia=None, operadoras=[], etapa=None, pasta_entrada=None, de_pasta=None, dry_run=False, pausar=False)
    │                 │       └ None
    │                 └ Argumentos(referencia=None, operadoras=[], etapa=None, pasta_entrada=None, de_pasta=None, dry_run=False, pausar=False)
    └ <function run at 0x000001FEA15AAAC0>

  File "C:\RPA\Dtraf\MVP2\MVP2\DETRAF-UNIFICADO\unificado\rpa1_captura\src\main\process_handle.py", line 34, in run
    controller.processar(
    │          └ <function ProcessamentoController.processar at 0x000001FEBB0BFD80>
    └ <src.controllers.processamento_controller.ProcessamentoController object at 0x000001FEBB084C20>

  File "C:\RPA\Dtraf\MVP2\MVP2\DETRAF-UNIFICADO\unificado\rpa1_captura\src\controllers\processamento_controller.py", line 155, in processar
    self._servico.executar(arquivos)
    │    │        │        └ [ArquivoParaProcessar(caminho=WindowsPath('C:/RPA/Dtraf/MVP2/MVP2/DETRAF-UNIFICADO/unificado/arquivos/Entrada/9D024E55DD250D4...
    │    │        └ <function ProcessamentoService.executar at 0x000001FEBB0BF600>
    │    └ <src.services.processamento_service.ProcessamentoService object at 0x000001FEBB085160>
    └ <src.controllers.processamento_controller.ProcessamentoController object at 0x000001FEBB084C20>

  File "C:\RPA\Dtraf\MVP2\MVP2\DETRAF-UNIFICADO\unificado\rpa1_captura\src\services\processamento_service.py", line 151, in executar
    self._notificar_reprovados()
    │    └ <function ProcessamentoService._notificar_reprovados at 0x000001FEBB0BFA60>
    └ <src.services.processamento_service.ProcessamentoService object at 0x000001FEBB085160>

  File "C:\RPA\Dtraf\MVP2\MVP2\DETRAF-UNIFICADO\unificado\rpa1_captura\src\services\processamento_service.py", line 588, in _notificar_reprovados
    sucesso = bool(self._notificar_externo(pacote, recusas))
                   │    │                  │       └ [ArquivoRecusado(nome='VIVO.xlsx', motivos=['Tarifas remuneradas: há linhas cuja tarifa não corresponde à tarifa regulada vig...
                   │    │                  └ ArquivoParaProcessar(caminho=WindowsPath('C:/RPA/Dtraf/MVP2/MVP2/DETRAF-UNIFICADO/unificado/arquivos/Entrada/9D024E55DD250D4D...
                   │    └ <bound method ProcessamentoController._notificar_operadora of <src.controllers.processamento_controller.ProcessamentoControll...
                   └ <src.services.processamento_service.ProcessamentoService object at 0x000001FEBB085160>

  File "C:\RPA\Dtraf\MVP2\MVP2\DETRAF-UNIFICADO\unificado\rpa1_captura\src\controllers\processamento_controller.py", line 31, in _notificar_operadora
    return notificar_arquivos_recusados(self._outlook.responder, pacote, recusas)
           │                            │    │                   │       └ [ArquivoRecusado(nome='VIVO.xlsx', motivos=['Tarifas remuneradas: há linhas cuja tarifa não corresponde à tarifa regulada vig...
           │                            │    │                   └ ArquivoParaProcessar(caminho=WindowsPath('C:/RPA/Dtraf/MVP2/MVP2/DETRAF-UNIFICADO/unificado/arquivos/Entrada/9D024E55DD250D4D...
           │                            │    └ <property object at 0x000001FEA15B03B0>
           │                            └ <src.controllers.processamento_controller.ProcessamentoController object at 0x000001FEBB084C20>
           └ <function notificar_arquivos_recusados at 0x000001FEA17479C0>

  File "C:\RPA\Dtraf\MVP2\MVP2\DETRAF-UNIFICADO\unificado\rpa1_captura\src\services\notificacao_operadora.py", line 74, in notificar_arquivos_recusados
    return bool(responder(pacote, corpo, configuration.NOTIFICAR_OPERADORA_ENVIAR))
                │         │       │      │             └ False
                │         │       │      └ <module 'comum.config.configuration' from 'C:\\RPA\\Dtraf\\MVP2\\MVP2\\DETRAF-UNIFICADO\\unificado\\comum\\config\\configurat...
                │         │       └ 'Prezados,\n\nOs arquivos de Detraf abaixo, enviados por sua empresa nesta mensagem, não\npuderam ser processados e estão sen...
                │         └ ArquivoParaProcessar(caminho=WindowsPath('C:/RPA/Dtraf/MVP2/MVP2/DETRAF-UNIFICADO/unificado/arquivos/Entrada/9D024E55DD250D4D...
                └ <bound method OutlookController.responder of <src.controllers.outlook_controller.OutlookController object at 0x000001FEBB0855...

> File "C:\RPA\Dtraf\MVP2\MVP2\DETRAF-UNIFICADO\unificado\rpa1_captura\src\controllers\outlook_controller.py", line 234, in responder
    OutlookService(self._config.account).responder_email(
    │              │    │       └ 'detrafTBRA'
    │              │    └ OutlookConfig(account='detrafTBRA', detraf_despesas_folder='Detraf Despesas', processados_folder='PROCESSADOS', dest_root=Win...
    │              └ <src.controllers.outlook_controller.OutlookController object at 0x000001FEBB085550>
    └ <class 'comum.integracoes.outlook.OutlookService'>

  File "C:\RPA\Dtraf\MVP2\MVP2\DETRAF-UNIFICADO\unificado\comum\integracoes\outlook.py", line 303, in responder_email
    raise OutlookError(f"Falha ao responder o e-mail '{entry_id}': {exc}") from exc
          │                                            └ '00000000A949F53E017BB44C86E46D56D2D6BB100700F25FC41A3584FC499D024E55DD250D4D00005211FBDF0000137D0D4C70E1CF4091747B97613AB5A6...
          └ <class 'comum.integracoes.outlook.OutlookError'>

comum.integracoes.outlook.OutlookError: Falha ao responder o e-mail '00000000A949F53E017BB44C86E46D56D2D6BB100700F25FC41A3584FC499D024E55DD250D4D00005211FBDF0000137D0D4C70E1CF4091747B97613AB5A60000A35B1B310000': (-2147467260, 'Operação anulada', None, None)
2026-08-13 11:54:31.291 | INFO    |src.services.processamento_service:executar:151 - [RPA 1] E-mail de origem de 'VIVO.xlsx': 1 arquivo(s) recusado(s), operadora NÃO notificada.
2026-08-13 11:54:31.292 | INFO    |src.controllers.outlook_controller:responder:234 - Conectando ao Outlook (conta configurada: 'detrafTBRA')...
2026-08-13 11:54:31.298 | INFO    |src.controllers.outlook_controller:responder:234 - Conectado ao Outlook com sucesso.
2026-08-13 11:54:31.481 | ERROR   |src.services.notificacao_operadora:notificar_arquivos_recusados:74 - [RPA 1] Falha ao criar rascunho de resposta para 'Declaração de Tráfego UFINET x VIVO SMP 07-2026.xlsx': Falha ao responder o e-mail '00000000A949F53E017BB44C86E46D56D2D6BB100700F25FC41A3584FC499D024E55DD250D4D00005211FBDF0000137D0D4C70E1CF4091747B97613AB5A60000A35B1B320000': (-2147467260, 'Operação anulada', None, None)
Traceback (most recent call last):

  File "C:\RPA\Dtraf\MVP2\MVP2\DETRAF-UNIFICADO\unificado\comum\integracoes\outlook.py", line 301, in responder_email
    reply.Save()
    └ <COMObject Reply>

  File "<COMObject Reply>", line 2, in Save

pywintypes.com_error: (-2147467260, 'Operação anulada', None, None)


The above exception was the direct cause of the following exception:


Traceback (most recent call last):

  File "C:\RPA\Dtraf\MVP2\MVP2\DETRAF-UNIFICADO\unificado\rpa1_captura\main.py", line 118, in <module>
    raise SystemExit(main())
                     └ <function main at 0x000001FE9ED014E0>

  File "C:\RPA\Dtraf\MVP2\MVP2\DETRAF-UNIFICADO\unificado\rpa1_captura\main.py", line 94, in main
    run(pasta_entrada=recorte.pasta_entrada, etapa=recorte.etapa, diagnostico=diagnostico)
    │                 │       │                    │       │                  └ <comum.config.diagnostico_execucao.DiagnosticoDeExecucao object at 0x000001FEA1555D30>
    │                 │       │                    │       └ None
    │                 │       │                    └ Argumentos(referencia=None, operadoras=[], etapa=None, pasta_entrada=None, de_pasta=None, dry_run=False, pausar=False)
    │                 │       └ None
    │                 └ Argumentos(referencia=None, operadoras=[], etapa=None, pasta_entrada=None, de_pasta=None, dry_run=False, pausar=False)
    └ <function run at 0x000001FEA15AAAC0>

  File "C:\RPA\Dtraf\MVP2\MVP2\DETRAF-UNIFICADO\unificado\rpa1_captura\src\main\process_handle.py", line 34, in run
    controller.processar(
    │          └ <function ProcessamentoController.processar at 0x000001FEBB0BFD80>
    └ <src.controllers.processamento_controller.ProcessamentoController object at 0x000001FEBB084C20>

  File "C:\RPA\Dtraf\MVP2\MVP2\DETRAF-UNIFICADO\unificado\rpa1_captura\src\controllers\processamento_controller.py", line 155, in processar
    self._servico.executar(arquivos)
    │    │        │        └ [ArquivoParaProcessar(caminho=WindowsPath('C:/RPA/Dtraf/MVP2/MVP2/DETRAF-UNIFICADO/unificado/arquivos/Entrada/9D024E55DD250D4...
    │    │        └ <function ProcessamentoService.executar at 0x000001FEBB0BF600>
    │    └ <src.services.processamento_service.ProcessamentoService object at 0x000001FEBB085160>
    └ <src.controllers.processamento_controller.ProcessamentoController object at 0x000001FEBB084C20>

  File "C:\RPA\Dtraf\MVP2\MVP2\DETRAF-UNIFICADO\unificado\rpa1_captura\src\services\processamento_service.py", line 151, in executar
    self._notificar_reprovados()
    │    └ <function ProcessamentoService._notificar_reprovados at 0x000001FEBB0BFA60>
    └ <src.services.processamento_service.ProcessamentoService object at 0x000001FEBB085160>

  File "C:\RPA\Dtraf\MVP2\MVP2\DETRAF-UNIFICADO\unificado\rpa1_captura\src\services\processamento_service.py", line 588, in _notificar_reprovados
    sucesso = bool(self._notificar_externo(pacote, recusas))
                   │    │                  │       └ [ArquivoRecusado(nome='Declaração de Tráfego UFINET x VIVO SMP 07-2026.xlsx', motivos=['Coluna 10 (Minutos): os minutos admit...
                   │    │                  └ ArquivoParaProcessar(caminho=WindowsPath('C:/RPA/Dtraf/MVP2/MVP2/DETRAF-UNIFICADO/unificado/arquivos/Entrada/9D024E55DD250D4D...
                   │    └ <bound method ProcessamentoController._notificar_operadora of <src.controllers.processamento_controller.ProcessamentoControll...
                   └ <src.services.processamento_service.ProcessamentoService object at 0x000001FEBB085160>

  File "C:\RPA\Dtraf\MVP2\MVP2\DETRAF-UNIFICADO\unificado\rpa1_captura\src\controllers\processamento_controller.py", line 31, in _notificar_operadora
    return notificar_arquivos_recusados(self._outlook.responder, pacote, recusas)
           │                            │    │                   │       └ [ArquivoRecusado(nome='Declaração de Tráfego UFINET x VIVO SMP 07-2026.xlsx', motivos=['Coluna 10 (Minutos): os minutos admit...
           │                            │    │                   └ ArquivoParaProcessar(caminho=WindowsPath('C:/RPA/Dtraf/MVP2/MVP2/DETRAF-UNIFICADO/unificado/arquivos/Entrada/9D024E55DD250D4D...
           │                            │    └ <property object at 0x000001FEA15B03B0>
           │                            └ <src.controllers.processamento_controller.ProcessamentoController object at 0x000001FEBB084C20>
           └ <function notificar_arquivos_recusados at 0x000001FEA17479C0>

  File "C:\RPA\Dtraf\MVP2\MVP2\DETRAF-UNIFICADO\unificado\rpa1_captura\src\services\notificacao_operadora.py", line 74, in notificar_arquivos_recusados
    return bool(responder(pacote, corpo, configuration.NOTIFICAR_OPERADORA_ENVIAR))
                │         │       │      │             └ False
                │         │       │      └ <module 'comum.config.configuration' from 'C:\\RPA\\Dtraf\\MVP2\\MVP2\\DETRAF-UNIFICADO\\unificado\\comum\\config\\configurat...
                │         │       └ 'Prezados,\n\nOs arquivos de Detraf abaixo, enviados por sua empresa nesta mensagem, não\npuderam ser processados e estão sen...
                │         └ ArquivoParaProcessar(caminho=WindowsPath('C:/RPA/Dtraf/MVP2/MVP2/DETRAF-UNIFICADO/unificado/arquivos/Entrada/9D024E55DD250D4D...
                └ <bound method OutlookController.responder of <src.controllers.outlook_controller.OutlookController object at 0x000001FEBB0855...

> File "C:\RPA\Dtraf\MVP2\MVP2\DETRAF-UNIFICADO\unificado\rpa1_captura\src\controllers\outlook_controller.py", line 234, in responder
    OutlookService(self._config.account).responder_email(
    │              │    │       └ 'detrafTBRA'
    │              │    └ OutlookConfig(account='detrafTBRA', detraf_despesas_folder='Detraf Despesas', processados_folder='PROCESSADOS', dest_root=Win...
    │              └ <src.controllers.outlook_controller.OutlookController object at 0x000001FEBB085550>
    └ <class 'comum.integracoes.outlook.OutlookService'>

  File "C:\RPA\Dtraf\MVP2\MVP2\DETRAF-UNIFICADO\unificado\comum\integracoes\outlook.py", line 303, in responder_email
    raise OutlookError(f"Falha ao responder o e-mail '{entry_id}': {exc}") from exc
          │                                            └ '00000000A949F53E017BB44C86E46D56D2D6BB100700F25FC41A3584FC499D024E55DD250D4D00005211FBDF0000137D0D4C70E1CF4091747B97613AB5A6...
          └ <class 'comum.integracoes.outlook.OutlookError'>

comum.integracoes.outlook.OutlookError: Falha ao responder o e-mail '00000000A949F53E017BB44C86E46D56D2D6BB100700F25FC41A3584FC499D024E55DD250D4D00005211FBDF0000137D0D4C70E1CF4091747B97613AB5A60000A35B1B320000': (-2147467260, 'Operação anulada', None, None)
2026-08-13 11:54:31.491 | INFO    |src.services.processamento_service:executar:151 - [RPA 1] E-mail de origem de 'Declaração de Tráfego UFINET x VIVO SMP 07-2026.xlsx': 1 arquivo(s) recusado(s), operadora NÃO notificada.
2026-08-13 11:54:31.492 | INFO    |src.controllers.outlook_controller:responder:234 - Conectando ao Outlook (conta configurada: 'detrafTBRA')...
2026-08-13 11:54:31.502 | INFO    |src.controllers.outlook_controller:responder:234 - Conectado ao Outlook com sucesso.
2026-08-13 11:54:31.675 | ERROR   |src.services.notificacao_operadora:notificar_arquivos_recusados:74 - [RPA 1] Falha ao criar rascunho de resposta para 'detraf_202607_O51_010.csv': Falha ao responder o e-mail '00000000A949F53E017BB44C86E46D56D2D6BB100700F25FC41A3584FC499D024E55DD250D4D00005211FBDF0000137D0D4C70E1CF4091747B97613AB5A60000A35B1B330000': (-2147467260, 'Operação anulada', None, None)
Traceback (most recent call last):

  File "C:\RPA\Dtraf\MVP2\MVP2\DETRAF-UNIFICADO\unificado\comum\integracoes\outlook.py", line 301, in responder_email
    reply.Save()
    └ <COMObject Reply>

  File "<COMObject Reply>", line 2, in Save

pywintypes.com_error: (-2147467260, 'Operação anulada', None, None)


The above exception was the direct cause of the following exception:


Traceback (most recent call last):

  File "C:\RPA\Dtraf\MVP2\MVP2\DETRAF-UNIFICADO\unificado\rpa1_captura\main.py", line 118, in <module>
    raise SystemExit(main())
                     └ <function main at 0x000001FE9ED014E0>

  File "C:\RPA\Dtraf\MVP2\MVP2\DETRAF-UNIFICADO\unificado\rpa1_captura\main.py", line 94, in main
    run(pasta_entrada=recorte.pasta_entrada, etapa=recorte.etapa, diagnostico=diagnostico)
    │                 │       │                    │       │                  └ <comum.config.diagnostico_execucao.DiagnosticoDeExecucao object at 0x000001FEA1555D30>
    │                 │       │                    │       └ None
    │                 │       │                    └ Argumentos(referencia=None, operadoras=[], etapa=None, pasta_entrada=None, de_pasta=None, dry_run=False, pausar=False)
    │                 │       └ None
    │                 └ Argumentos(referencia=None, operadoras=[], etapa=None, pasta_entrada=None, de_pasta=None, dry_run=False, pausar=False)
    └ <function run at 0x000001FEA15AAAC0>

  File "C:\RPA\Dtraf\MVP2\MVP2\DETRAF-UNIFICADO\unificado\rpa1_captura\src\main\process_handle.py", line 34, in run
    controller.processar(
    │          └ <function ProcessamentoController.processar at 0x000001FEBB0BFD80>
    └ <src.controllers.processamento_controller.ProcessamentoController object at 0x000001FEBB084C20>

  File "C:\RPA\Dtraf\MVP2\MVP2\DETRAF-UNIFICADO\unificado\rpa1_captura\src\controllers\processamento_controller.py", line 155, in processar
    self._servico.executar(arquivos)
    │    │        │        └ [ArquivoParaProcessar(caminho=WindowsPath('C:/RPA/Dtraf/MVP2/MVP2/DETRAF-UNIFICADO/unificado/arquivos/Entrada/9D024E55DD250D4...
    │    │        └ <function ProcessamentoService.executar at 0x000001FEBB0BF600>
    │    └ <src.services.processamento_service.ProcessamentoService object at 0x000001FEBB085160>
    └ <src.controllers.processamento_controller.ProcessamentoController object at 0x000001FEBB084C20>

  File "C:\RPA\Dtraf\MVP2\MVP2\DETRAF-UNIFICADO\unificado\rpa1_captura\src\services\processamento_service.py", line 151, in executar
    self._notificar_reprovados()
    │    └ <function ProcessamentoService._notificar_reprovados at 0x000001FEBB0BFA60>
    └ <src.services.processamento_service.ProcessamentoService object at 0x000001FEBB085160>

  File "C:\RPA\Dtraf\MVP2\MVP2\DETRAF-UNIFICADO\unificado\rpa1_captura\src\services\processamento_service.py", line 588, in _notificar_reprovados
    sucesso = bool(self._notificar_externo(pacote, recusas))
                   │    │                  │       └ [ArquivoRecusado(nome='detraf_202607_O51_010.csv', motivos=['posição 0 (Credora): esperado EOT numérica, encontrado "O51", "O...
                   │    │                  └ ArquivoParaProcessar(caminho=WindowsPath('C:/RPA/Dtraf/MVP2/MVP2/DETRAF-UNIFICADO/unificado/arquivos/Entrada/9D024E55DD250D4D...
                   │    └ <bound method ProcessamentoController._notificar_operadora of <src.controllers.processamento_controller.ProcessamentoControll...
                   └ <src.services.processamento_service.ProcessamentoService object at 0x000001FEBB085160>

  File "C:\RPA\Dtraf\MVP2\MVP2\DETRAF-UNIFICADO\unificado\rpa1_captura\src\controllers\processamento_controller.py", line 31, in _notificar_operadora
    return notificar_arquivos_recusados(self._outlook.responder, pacote, recusas)
           │                            │    │                   │       └ [ArquivoRecusado(nome='detraf_202607_O51_010.csv', motivos=['posição 0 (Credora): esperado EOT numérica, encontrado "O51", "O...
           │                            │    │                   └ ArquivoParaProcessar(caminho=WindowsPath('C:/RPA/Dtraf/MVP2/MVP2/DETRAF-UNIFICADO/unificado/arquivos/Entrada/9D024E55DD250D4D...
           │                            │    └ <property object at 0x000001FEA15B03B0>
           │                            └ <src.controllers.processamento_controller.ProcessamentoController object at 0x000001FEBB084C20>
           └ <function notificar_arquivos_recusados at 0x000001FEA17479C0>

  File "C:\RPA\Dtraf\MVP2\MVP2\DETRAF-UNIFICADO\unificado\rpa1_captura\src\services\notificacao_operadora.py", line 74, in notificar_arquivos_recusados
    return bool(responder(pacote, corpo, configuration.NOTIFICAR_OPERADORA_ENVIAR))
                │         │       │      │             └ False
                │         │       │      └ <module 'comum.config.configuration' from 'C:\\RPA\\Dtraf\\MVP2\\MVP2\\DETRAF-UNIFICADO\\unificado\\comum\\config\\configurat...
                │         │       └ 'Prezados,\n\nOs arquivos de Detraf abaixo, enviados por sua empresa nesta mensagem, não\npuderam ser processados e estão sen...
                │         └ ArquivoParaProcessar(caminho=WindowsPath('C:/RPA/Dtraf/MVP2/MVP2/DETRAF-UNIFICADO/unificado/arquivos/Entrada/9D024E55DD250D4D...
                └ <bound method OutlookController.responder of <src.controllers.outlook_controller.OutlookController object at 0x000001FEBB0855...

> File "C:\RPA\Dtraf\MVP2\MVP2\DETRAF-UNIFICADO\unificado\rpa1_captura\src\controllers\outlook_controller.py", line 234, in responder
    OutlookService(self._config.account).responder_email(
    │              │    │       └ 'detrafTBRA'
    │              │    └ OutlookConfig(account='detrafTBRA', detraf_despesas_folder='Detraf Despesas', processados_folder='PROCESSADOS', dest_root=Win...
    │              └ <src.controllers.outlook_controller.OutlookController object at 0x000001FEBB085550>
    └ <class 'comum.integracoes.outlook.OutlookService'>

  File "C:\RPA\Dtraf\MVP2\MVP2\DETRAF-UNIFICADO\unificado\comum\integracoes\outlook.py", line 303, in responder_email
    raise OutlookError(f"Falha ao responder o e-mail '{entry_id}': {exc}") from exc
          │                                            └ '00000000A949F53E017BB44C86E46D56D2D6BB100700F25FC41A3584FC499D024E55DD250D4D00005211FBDF0000137D0D4C70E1CF4091747B97613AB5A6...
          └ <class 'comum.integracoes.outlook.OutlookError'>

comum.integracoes.outlook.OutlookError: Falha ao responder o e-mail '00000000A949F53E017BB44C86E46D56D2D6BB100700F25FC41A3584FC499D024E55DD250D4D00005211FBDF0000137D0D4C70E1CF4091747B97613AB5A60000A35B1B330000': (-2147467260, 'Operação anulada', None, None)
2026-08-13 11:54:31.684 | INFO    |src.services.processamento_service:executar:151 - [RPA 1] E-mail de origem de 'detraf_202607_O51_010.csv': 2 arquivo(s) recusado(s), operadora NÃO notificada.
2026-08-13 11:54:31.685 | INFO    |src.controllers.outlook_controller:responder:234 - Conectando ao Outlook (conta configurada: 'detrafTBRA')...
2026-08-13 11:54:31.694 | INFO    |src.controllers.outlook_controller:responder:234 - Conectado ao Outlook com sucesso.
2026-08-13 11:54:32.590 | ERROR   |src.services.notificacao_operadora:notificar_arquivos_recusados:74 - [RPA 1] Falha ao criar rascunho de resposta para 'DETRAF_IDT_TELEFONICA_07-2026_CRED.csv': Falha ao responder o e-mail '00000000A949F53E017BB44C86E46D56D2D6BB100700F25FC41A3584FC499D024E55DD250D4D00005211FBDF0000137D0D4C70E1CF4091747B97613AB5A60000A35B1B340000': (-2147467260, 'Operação anulada', None, None)
Traceback (most recent call last):

  File "C:\RPA\Dtraf\MVP2\MVP2\DETRAF-UNIFICADO\unificado\comum\integracoes\outlook.py", line 301, in responder_email
    reply.Save()
    └ <COMObject Reply>

  File "<COMObject Reply>", line 2, in Save

pywintypes.com_error: (-2147467260, 'Operação anulada', None, None)


The above exception was the direct cause of the following exception:


Traceback (most recent call last):

  File "C:\RPA\Dtraf\MVP2\MVP2\DETRAF-UNIFICADO\unificado\rpa1_captura\main.py", line 118, in <module>
    raise SystemExit(main())
                     └ <function main at 0x000001FE9ED014E0>

  File "C:\RPA\Dtraf\MVP2\MVP2\DETRAF-UNIFICADO\unificado\rpa1_captura\main.py", line 94, in main
    run(pasta_entrada=recorte.pasta_entrada, etapa=recorte.etapa, diagnostico=diagnostico)
    │                 │       │                    │       │                  └ <comum.config.diagnostico_execucao.DiagnosticoDeExecucao object at 0x000001FEA1555D30>
    │                 │       │                    │       └ None
    │                 │       │                    └ Argumentos(referencia=None, operadoras=[], etapa=None, pasta_entrada=None, de_pasta=None, dry_run=False, pausar=False)
    │                 │       └ None
    │                 └ Argumentos(referencia=None, operadoras=[], etapa=None, pasta_entrada=None, de_pasta=None, dry_run=False, pausar=False)
    └ <function run at 0x000001FEA15AAAC0>

  File "C:\RPA\Dtraf\MVP2\MVP2\DETRAF-UNIFICADO\unificado\rpa1_captura\src\main\process_handle.py", line 34, in run
    controller.processar(
    │          └ <function ProcessamentoController.processar at 0x000001FEBB0BFD80>
    └ <src.controllers.processamento_controller.ProcessamentoController object at 0x000001FEBB084C20>

  File "C:\RPA\Dtraf\MVP2\MVP2\DETRAF-UNIFICADO\unificado\rpa1_captura\src\controllers\processamento_controller.py", line 155, in processar
    self._servico.executar(arquivos)
    │    │        │        └ [ArquivoParaProcessar(caminho=WindowsPath('C:/RPA/Dtraf/MVP2/MVP2/DETRAF-UNIFICADO/unificado/arquivos/Entrada/9D024E55DD250D4...
    │    │        └ <function ProcessamentoService.executar at 0x000001FEBB0BF600>
    │    └ <src.services.processamento_service.ProcessamentoService object at 0x000001FEBB085160>
    └ <src.controllers.processamento_controller.ProcessamentoController object at 0x000001FEBB084C20>

  File "C:\RPA\Dtraf\MVP2\MVP2\DETRAF-UNIFICADO\unificado\rpa1_captura\src\services\processamento_service.py", line 151, in executar
    self._notificar_reprovados()
    │    └ <function ProcessamentoService._notificar_reprovados at 0x000001FEBB0BFA60>
    └ <src.services.processamento_service.ProcessamentoService object at 0x000001FEBB085160>

  File "C:\RPA\Dtraf\MVP2\MVP2\DETRAF-UNIFICADO\unificado\rpa1_captura\src\services\processamento_service.py", line 588, in _notificar_reprovados
    sucesso = bool(self._notificar_externo(pacote, recusas))
                   │    │                  │       └ [ArquivoRecusado(nome='DETRAF_IDT_TELEFONICA_07-2026_CRED.csv', motivos=['Tarifas remuneradas: há linhas cuja tarifa não corr...
                   │    │                  └ ArquivoParaProcessar(caminho=WindowsPath('C:/RPA/Dtraf/MVP2/MVP2/DETRAF-UNIFICADO/unificado/arquivos/Entrada/9D024E55DD250D4D...
                   │    └ <bound method ProcessamentoController._notificar_operadora of <src.controllers.processamento_controller.ProcessamentoControll...
                   └ <src.services.processamento_service.ProcessamentoService object at 0x000001FEBB085160>

  File "C:\RPA\Dtraf\MVP2\MVP2\DETRAF-UNIFICADO\unificado\rpa1_captura\src\controllers\processamento_controller.py", line 31, in _notificar_operadora
    return notificar_arquivos_recusados(self._outlook.responder, pacote, recusas)
           │                            │    │                   │       └ [ArquivoRecusado(nome='DETRAF_IDT_TELEFONICA_07-2026_CRED.csv', motivos=['Tarifas remuneradas: há linhas cuja tarifa não corr...
           │                            │    │                   └ ArquivoParaProcessar(caminho=WindowsPath('C:/RPA/Dtraf/MVP2/MVP2/DETRAF-UNIFICADO/unificado/arquivos/Entrada/9D024E55DD250D4D...
           │                            │    └ <property object at 0x000001FEA15B03B0>
           │                            └ <src.controllers.processamento_controller.ProcessamentoController object at 0x000001FEBB084C20>
           └ <function notificar_arquivos_recusados at 0x000001FEA17479C0>

  File "C:\RPA\Dtraf\MVP2\MVP2\DETRAF-UNIFICADO\unificado\rpa1_captura\src\services\notificacao_operadora.py", line 74, in notificar_arquivos_recusados
    return bool(responder(pacote, corpo, configuration.NOTIFICAR_OPERADORA_ENVIAR))
                │         │       │      │             └ False
                │         │       │      └ <module 'comum.config.configuration' from 'C:\\RPA\\Dtraf\\MVP2\\MVP2\\DETRAF-UNIFICADO\\unificado\\comum\\config\\configurat...
                │         │       └ 'Prezados,\n\nOs arquivos de Detraf abaixo, enviados por sua empresa nesta mensagem, não\npuderam ser processados e estão sen...
                │         └ ArquivoParaProcessar(caminho=WindowsPath('C:/RPA/Dtraf/MVP2/MVP2/DETRAF-UNIFICADO/unificado/arquivos/Entrada/9D024E55DD250D4D...
                └ <bound method OutlookController.responder of <src.controllers.outlook_controller.OutlookController object at 0x000001FEBB0855...

> File "C:\RPA\Dtraf\MVP2\MVP2\DETRAF-UNIFICADO\unificado\rpa1_captura\src\controllers\outlook_controller.py", line 234, in responder
    OutlookService(self._config.account).responder_email(
    │              │    │       └ 'detrafTBRA'
    │              │    └ OutlookConfig(account='detrafTBRA', detraf_despesas_folder='Detraf Despesas', processados_folder='PROCESSADOS', dest_root=Win...
    │              └ <src.controllers.outlook_controller.OutlookController object at 0x000001FEBB085550>
    └ <class 'comum.integracoes.outlook.OutlookService'>

  File "C:\RPA\Dtraf\MVP2\MVP2\DETRAF-UNIFICADO\unificado\comum\integracoes\outlook.py", line 303, in responder_email
    raise OutlookError(f"Falha ao responder o e-mail '{entry_id}': {exc}") from exc
          │                                            └ '00000000A949F53E017BB44C86E46D56D2D6BB100700F25FC41A3584FC499D024E55DD250D4D00005211FBDF0000137D0D4C70E1CF4091747B97613AB5A6...
          └ <class 'comum.integracoes.outlook.OutlookError'>

comum.integracoes.outlook.OutlookError: Falha ao responder o e-mail '00000000A949F53E017BB44C86E46D56D2D6BB100700F25FC41A3584FC499D024E55DD250D4D00005211FBDF0000137D0D4C70E1CF4091747B97613AB5A60000A35B1B340000': (-2147467260, 'Operação anulada', None, None)
2026-08-13 11:54:32.608 | INFO    |src.services.processamento_service:executar:151 - [RPA 1] E-mail de origem de 'DETRAF_IDT_TELEFONICA_07-2026_CRED.csv': 2 arquivo(s) recusado(s), operadora NÃO notificada.
2026-08-13 11:54:32.610 | INFO    |src.controllers.outlook_controller:responder:234 - Conectando ao Outlook (conta configurada: 'detrafTBRA')...
2026-08-13 11:54:32.616 | INFO    |src.controllers.outlook_controller:responder:234 - Conectado ao Outlook com sucesso.
2026-08-13 11:54:32.786 | ERROR   |src.services.notificacao_operadora:notificar_arquivos_recusados:74 - [RPA 1] Falha ao criar rascunho de resposta para 'expectativa-telefonica-brasil-smp-c-vc1-202607.xlsx': Falha ao responder o e-mail '00000000A949F53E017BB44C86E46D56D2D6BB100700F25FC41A3584FC499D024E55DD250D4D00005211FBDF0000137D0D4C70E1CF4091747B97613AB5A60000A35B1B350000': (-2147467260, 'Operação anulada', None, None)
Traceback (most recent call last):

  File "C:\RPA\Dtraf\MVP2\MVP2\DETRAF-UNIFICADO\unificado\comum\integracoes\outlook.py", line 301, in responder_email
    reply.Save()
    └ <COMObject Reply>

  File "<COMObject Reply>", line 2, in Save

pywintypes.com_error: (-2147467260, 'Operação anulada', None, None)


The above exception was the direct cause of the following exception:


Traceback (most recent call last):

  File "C:\RPA\Dtraf\MVP2\MVP2\DETRAF-UNIFICADO\unificado\rpa1_captura\main.py", line 118, in <module>
    raise SystemExit(main())
                     └ <function main at 0x000001FE9ED014E0>

  File "C:\RPA\Dtraf\MVP2\MVP2\DETRAF-UNIFICADO\unificado\rpa1_captura\main.py", line 94, in main
    run(pasta_entrada=recorte.pasta_entrada, etapa=recorte.etapa, diagnostico=diagnostico)
    │                 │       │                    │       │                  └ <comum.config.diagnostico_execucao.DiagnosticoDeExecucao object at 0x000001FEA1555D30>
    │                 │       │                    │       └ None
    │                 │       │                    └ Argumentos(referencia=None, operadoras=[], etapa=None, pasta_entrada=None, de_pasta=None, dry_run=False, pausar=False)
    │                 │       └ None
    │                 └ Argumentos(referencia=None, operadoras=[], etapa=None, pasta_entrada=None, de_pasta=None, dry_run=False, pausar=False)
    └ <function run at 0x000001FEA15AAAC0>

  File "C:\RPA\Dtraf\MVP2\MVP2\DETRAF-UNIFICADO\unificado\rpa1_captura\src\main\process_handle.py", line 34, in run
    controller.processar(
    │          └ <function ProcessamentoController.processar at 0x000001FEBB0BFD80>
    └ <src.controllers.processamento_controller.ProcessamentoController object at 0x000001FEBB084C20>

  File "C:\RPA\Dtraf\MVP2\MVP2\DETRAF-UNIFICADO\unificado\rpa1_captura\src\controllers\processamento_controller.py", line 155, in processar
    self._servico.executar(arquivos)
    │    │        │        └ [ArquivoParaProcessar(caminho=WindowsPath('C:/RPA/Dtraf/MVP2/MVP2/DETRAF-UNIFICADO/unificado/arquivos/Entrada/9D024E55DD250D4...
    │    │        └ <function ProcessamentoService.executar at 0x000001FEBB0BF600>
    │    └ <src.services.processamento_service.ProcessamentoService object at 0x000001FEBB085160>
    └ <src.controllers.processamento_controller.ProcessamentoController object at 0x000001FEBB084C20>

  File "C:\RPA\Dtraf\MVP2\MVP2\DETRAF-UNIFICADO\unificado\rpa1_captura\src\services\processamento_service.py", line 151, in executar
    self._notificar_reprovados()
    │    └ <function ProcessamentoService._notificar_reprovados at 0x000001FEBB0BFA60>
    └ <src.services.processamento_service.ProcessamentoService object at 0x000001FEBB085160>

  File "C:\RPA\Dtraf\MVP2\MVP2\DETRAF-UNIFICADO\unificado\rpa1_captura\src\services\processamento_service.py", line 588, in _notificar_reprovados
    sucesso = bool(self._notificar_externo(pacote, recusas))
                   │    │                  │       └ [ArquivoRecusado(nome='expectativa-telefonica-brasil-smp-c-vc1-202607.xlsx', motivos=['posição 0 (Credora): esperado EOT numé...
                   │    │                  └ ArquivoParaProcessar(caminho=WindowsPath('C:/RPA/Dtraf/MVP2/MVP2/DETRAF-UNIFICADO/unificado/arquivos/Entrada/9D024E55DD250D4D...
                   │    └ <bound method ProcessamentoController._notificar_operadora of <src.controllers.processamento_controller.ProcessamentoControll...
                   └ <src.services.processamento_service.ProcessamentoService object at 0x000001FEBB085160>

  File "C:\RPA\Dtraf\MVP2\MVP2\DETRAF-UNIFICADO\unificado\rpa1_captura\src\controllers\processamento_controller.py", line 31, in _notificar_operadora
    return notificar_arquivos_recusados(self._outlook.responder, pacote, recusas)
           │                            │    │                   │       └ [ArquivoRecusado(nome='expectativa-telefonica-brasil-smp-c-vc1-202607.xlsx', motivos=['posição 0 (Credora): esperado EOT numé...
           │                            │    │                   └ ArquivoParaProcessar(caminho=WindowsPath('C:/RPA/Dtraf/MVP2/MVP2/DETRAF-UNIFICADO/unificado/arquivos/Entrada/9D024E55DD250D4D...
           │                            │    └ <property object at 0x000001FEA15B03B0>
           │                            └ <src.controllers.processamento_controller.ProcessamentoController object at 0x000001FEBB084C20>
           └ <function notificar_arquivos_recusados at 0x000001FEA17479C0>

  File "C:\RPA\Dtraf\MVP2\MVP2\DETRAF-UNIFICADO\unificado\rpa1_captura\src\services\notificacao_operadora.py", line 74, in notificar_arquivos_recusados
    return bool(responder(pacote, corpo, configuration.NOTIFICAR_OPERADORA_ENVIAR))
                │         │       │      │             └ False
                │         │       │      └ <module 'comum.config.configuration' from 'C:\\RPA\\Dtraf\\MVP2\\MVP2\\DETRAF-UNIFICADO\\unificado\\comum\\config\\configurat...
                │         │       └ 'Prezados,\n\nOs arquivos de Detraf abaixo, enviados por sua empresa nesta mensagem, não\npuderam ser processados e estão sen...
                │         └ ArquivoParaProcessar(caminho=WindowsPath('C:/RPA/Dtraf/MVP2/MVP2/DETRAF-UNIFICADO/unificado/arquivos/Entrada/9D024E55DD250D4D...
                └ <bound method OutlookController.responder of <src.controllers.outlook_controller.OutlookController object at 0x000001FEBB0855...

> File "C:\RPA\Dtraf\MVP2\MVP2\DETRAF-UNIFICADO\unificado\rpa1_captura\src\controllers\outlook_controller.py", line 234, in responder
    OutlookService(self._config.account).responder_email(
    │              │    │       └ 'detrafTBRA'
    │              │    └ OutlookConfig(account='detrafTBRA', detraf_despesas_folder='Detraf Despesas', processados_folder='PROCESSADOS', dest_root=Win...
    │              └ <src.controllers.outlook_controller.OutlookController object at 0x000001FEBB085550>
    └ <class 'comum.integracoes.outlook.OutlookService'>

  File "C:\RPA\Dtraf\MVP2\MVP2\DETRAF-UNIFICADO\unificado\comum\integracoes\outlook.py", line 303, in responder_email
    raise OutlookError(f"Falha ao responder o e-mail '{entry_id}': {exc}") from exc
          │                                            └ '00000000A949F53E017BB44C86E46D56D2D6BB100700F25FC41A3584FC499D024E55DD250D4D00005211FBDF0000137D0D4C70E1CF4091747B97613AB5A6...
          └ <class 'comum.integracoes.outlook.OutlookError'>

comum.integracoes.outlook.OutlookError: Falha ao responder o e-mail '00000000A949F53E017BB44C86E46D56D2D6BB100700F25FC41A3584FC499D024E55DD250D4D00005211FBDF0000137D0D4C70E1CF4091747B97613AB5A60000A35B1B350000': (-2147467260, 'Operação anulada', None, None)
2026-08-13 11:54:32.795 | INFO    |src.services.processamento_service:executar:151 - [RPA 1] E-mail de origem de 'expectativa-telefonica-brasil-smp-c-vc1-202607.xlsx': 2 arquivo(s) recusado(s), operadora NÃO notificada.
2026-08-13 11:54:32.796 | INFO    |src.controllers.outlook_controller:responder:234 - Conectando ao Outlook (conta configurada: 'detrafTBRA')...
2026-08-13 11:54:32.804 | INFO    |src.controllers.outlook_controller:responder:234 - Conectado ao Outlook com sucesso.
2026-08-13 11:54:32.971 | ERROR   |src.services.notificacao_operadora:notificar_arquivos_recusados:74 - [RPA 1] Falha ao criar rascunho de resposta para 'DETRAF VMAX x TELEFONICA LDN_202607.xlsx': Falha ao responder o e-mail '00000000A949F53E017BB44C86E46D56D2D6BB100700F25FC41A3584FC499D024E55DD250D4D00005211FBDF0000137D0D4C70E1CF4091747B97613AB5A60000A35B1B360000': (-2147467260, 'Operação anulada', None, None)
Traceback (most recent call last):

  File "C:\RPA\Dtraf\MVP2\MVP2\DETRAF-UNIFICADO\unificado\comum\integracoes\outlook.py", line 301, in responder_email
    reply.Save()
    └ <COMObject Reply>

  File "<COMObject Reply>", line 2, in Save

pywintypes.com_error: (-2147467260, 'Operação anulada', None, None)


The above exception was the direct cause of the following exception:


Traceback (most recent call last):

  File "C:\RPA\Dtraf\MVP2\MVP2\DETRAF-UNIFICADO\unificado\rpa1_captura\main.py", line 118, in <module>
    raise SystemExit(main())
                     └ <function main at 0x000001FE9ED014E0>

  File "C:\RPA\Dtraf\MVP2\MVP2\DETRAF-UNIFICADO\unificado\rpa1_captura\main.py", line 94, in main
    run(pasta_entrada=recorte.pasta_entrada, etapa=recorte.etapa, diagnostico=diagnostico)
    │                 │       │                    │       │                  └ <comum.config.diagnostico_execucao.DiagnosticoDeExecucao object at 0x000001FEA1555D30>
    │                 │       │                    │       └ None
    │                 │       │                    └ Argumentos(referencia=None, operadoras=[], etapa=None, pasta_entrada=None, de_pasta=None, dry_run=False, pausar=False)
    │                 │       └ None
    │                 └ Argumentos(referencia=None, operadoras=[], etapa=None, pasta_entrada=None, de_pasta=None, dry_run=False, pausar=False)
    └ <function run at 0x000001FEA15AAAC0>

  File "C:\RPA\Dtraf\MVP2\MVP2\DETRAF-UNIFICADO\unificado\rpa1_captura\src\main\process_handle.py", line 34, in run
    controller.processar(
    │          └ <function ProcessamentoController.processar at 0x000001FEBB0BFD80>
    └ <src.controllers.processamento_controller.ProcessamentoController object at 0x000001FEBB084C20>

  File "C:\RPA\Dtraf\MVP2\MVP2\DETRAF-UNIFICADO\unificado\rpa1_captura\src\controllers\processamento_controller.py", line 155, in processar
    self._servico.executar(arquivos)
    │    │        │        └ [ArquivoParaProcessar(caminho=WindowsPath('C:/RPA/Dtraf/MVP2/MVP2/DETRAF-UNIFICADO/unificado/arquivos/Entrada/9D024E55DD250D4...
    │    │        └ <function ProcessamentoService.executar at 0x000001FEBB0BF600>
    │    └ <src.services.processamento_service.ProcessamentoService object at 0x000001FEBB085160>
    └ <src.controllers.processamento_controller.ProcessamentoController object at 0x000001FEBB084C20>

  File "C:\RPA\Dtraf\MVP2\MVP2\DETRAF-UNIFICADO\unificado\rpa1_captura\src\services\processamento_service.py", line 151, in executar
    self._notificar_reprovados()
    │    └ <function ProcessamentoService._notificar_reprovados at 0x000001FEBB0BFA60>
    └ <src.services.processamento_service.ProcessamentoService object at 0x000001FEBB085160>

  File "C:\RPA\Dtraf\MVP2\MVP2\DETRAF-UNIFICADO\unificado\rpa1_captura\src\services\processamento_service.py", line 588, in _notificar_reprovados
    sucesso = bool(self._notificar_externo(pacote, recusas))
                   │    │                  │       └ [ArquivoRecusado(nome='DETRAF VMAX x TELEFONICA LDN_202607.xlsx', motivos=['o arquivo não pôde ser lido (formato, codificação...
                   │    │                  └ ArquivoParaProcessar(caminho=WindowsPath('C:/RPA/Dtraf/MVP2/MVP2/DETRAF-UNIFICADO/unificado/arquivos/Entrada/9D024E55DD250D4D...
                   │    └ <bound method ProcessamentoController._notificar_operadora of <src.controllers.processamento_controller.ProcessamentoControll...
                   └ <src.services.processamento_service.ProcessamentoService object at 0x000001FEBB085160>

  File "C:\RPA\Dtraf\MVP2\MVP2\DETRAF-UNIFICADO\unificado\rpa1_captura\src\controllers\processamento_controller.py", line 31, in _notificar_operadora
    return notificar_arquivos_recusados(self._outlook.responder, pacote, recusas)
           │                            │    │                   │       └ [ArquivoRecusado(nome='DETRAF VMAX x TELEFONICA LDN_202607.xlsx', motivos=['o arquivo não pôde ser lido (formato, codificação...
           │                            │    │                   └ ArquivoParaProcessar(caminho=WindowsPath('C:/RPA/Dtraf/MVP2/MVP2/DETRAF-UNIFICADO/unificado/arquivos/Entrada/9D024E55DD250D4D...
           │                            │    └ <property object at 0x000001FEA15B03B0>
           │                            └ <src.controllers.processamento_controller.ProcessamentoController object at 0x000001FEBB084C20>
           └ <function notificar_arquivos_recusados at 0x000001FEA17479C0>

  File "C:\RPA\Dtraf\MVP2\MVP2\DETRAF-UNIFICADO\unificado\rpa1_captura\src\services\notificacao_operadora.py", line 74, in notificar_arquivos_recusados
    return bool(responder(pacote, corpo, configuration.NOTIFICAR_OPERADORA_ENVIAR))
                │         │       │      │             └ False
                │         │       │      └ <module 'comum.config.configuration' from 'C:\\RPA\\Dtraf\\MVP2\\MVP2\\DETRAF-UNIFICADO\\unificado\\comum\\config\\configurat...
                │         │       └ 'Prezados,\n\nOs arquivos de Detraf abaixo, enviados por sua empresa nesta mensagem, não\npuderam ser processados e estão sen...
                │         └ ArquivoParaProcessar(caminho=WindowsPath('C:/RPA/Dtraf/MVP2/MVP2/DETRAF-UNIFICADO/unificado/arquivos/Entrada/9D024E55DD250D4D...
                └ <bound method OutlookController.responder of <src.controllers.outlook_controller.OutlookController object at 0x000001FEBB0855...

> File "C:\RPA\Dtraf\MVP2\MVP2\DETRAF-UNIFICADO\unificado\rpa1_captura\src\controllers\outlook_controller.py", line 234, in responder
    OutlookService(self._config.account).responder_email(
    │              │    │       └ 'detrafTBRA'
    │              │    └ OutlookConfig(account='detrafTBRA', detraf_despesas_folder='Detraf Despesas', processados_folder='PROCESSADOS', dest_root=Win...
    │              └ <src.controllers.outlook_controller.OutlookController object at 0x000001FEBB085550>
    └ <class 'comum.integracoes.outlook.OutlookService'>

  File "C:\RPA\Dtraf\MVP2\MVP2\DETRAF-UNIFICADO\unificado\comum\integracoes\outlook.py", line 303, in responder_email
    raise OutlookError(f"Falha ao responder o e-mail '{entry_id}': {exc}") from exc
          │                                            └ '00000000A949F53E017BB44C86E46D56D2D6BB100700F25FC41A3584FC499D024E55DD250D4D00005211FBDF0000137D0D4C70E1CF4091747B97613AB5A6...
          └ <class 'comum.integracoes.outlook.OutlookError'>

comum.integracoes.outlook.OutlookError: Falha ao responder o e-mail '00000000A949F53E017BB44C86E46D56D2D6BB100700F25FC41A3584FC499D024E55DD250D4D00005211FBDF0000137D0D4C70E1CF4091747B97613AB5A60000A35B1B360000': (-2147467260, 'Operação anulada', None, None)
2026-08-13 11:54:32.981 | INFO    |src.services.processamento_service:executar:151 - [RPA 1] E-mail de origem de 'DETRAF VMAX x TELEFONICA LDN_202607.xlsx': 2 arquivo(s) recusado(s), operadora NÃO notificada.
2026-08-13 11:54:32.982 | INFO    |src.controllers.outlook_controller:responder:234 - Conectando ao Outlook (conta configurada: 'detrafTBRA')...
2026-08-13 11:54:32.991 | INFO    |src.controllers.outlook_controller:responder:234 - Conectado ao Outlook com sucesso.
2026-08-13 11:54:33.146 | ERROR   |src.services.notificacao_operadora:notificar_arquivos_recusados:74 - [RPA 1] Falha ao criar rascunho de resposta para 'Declaração de Tráfego G30 x VIVO SMP 07-2026.xls': Falha ao responder o e-mail '00000000A949F53E017BB44C86E46D56D2D6BB100700F25FC41A3584FC499D024E55DD250D4D00005211FBDF0000137D0D4C70E1CF4091747B97613AB5A60000A35B1B370000': (-2147467260, 'Operação anulada', None, None)
Traceback (most recent call last):

  File "C:\RPA\Dtraf\MVP2\MVP2\DETRAF-UNIFICADO\unificado\comum\integracoes\outlook.py", line 301, in responder_email
    reply.Save()
    └ <COMObject Reply>

  File "<COMObject Reply>", line 2, in Save

pywintypes.com_error: (-2147467260, 'Operação anulada', None, None)


The above exception was the direct cause of the following exception:


Traceback (most recent call last):

  File "C:\RPA\Dtraf\MVP2\MVP2\DETRAF-UNIFICADO\unificado\rpa1_captura\main.py", line 118, in <module>
    raise SystemExit(main())
                     └ <function main at 0x000001FE9ED014E0>

  File "C:\RPA\Dtraf\MVP2\MVP2\DETRAF-UNIFICADO\unificado\rpa1_captura\main.py", line 94, in main
    run(pasta_entrada=recorte.pasta_entrada, etapa=recorte.etapa, diagnostico=diagnostico)
    │                 │       │                    │       │                  └ <comum.config.diagnostico_execucao.DiagnosticoDeExecucao object at 0x000001FEA1555D30>
    │                 │       │                    │       └ None
    │                 │       │                    └ Argumentos(referencia=None, operadoras=[], etapa=None, pasta_entrada=None, de_pasta=None, dry_run=False, pausar=False)
    │                 │       └ None
    │                 └ Argumentos(referencia=None, operadoras=[], etapa=None, pasta_entrada=None, de_pasta=None, dry_run=False, pausar=False)
    └ <function run at 0x000001FEA15AAAC0>

  File "C:\RPA\Dtraf\MVP2\MVP2\DETRAF-UNIFICADO\unificado\rpa1_captura\src\main\process_handle.py", line 34, in run
    controller.processar(
    │          └ <function ProcessamentoController.processar at 0x000001FEBB0BFD80>
    └ <src.controllers.processamento_controller.ProcessamentoController object at 0x000001FEBB084C20>

  File "C:\RPA\Dtraf\MVP2\MVP2\DETRAF-UNIFICADO\unificado\rpa1_captura\src\controllers\processamento_controller.py", line 155, in processar
    self._servico.executar(arquivos)
    │    │        │        └ [ArquivoParaProcessar(caminho=WindowsPath('C:/RPA/Dtraf/MVP2/MVP2/DETRAF-UNIFICADO/unificado/arquivos/Entrada/9D024E55DD250D4...
    │    │        └ <function ProcessamentoService.executar at 0x000001FEBB0BF600>
    │    └ <src.services.processamento_service.ProcessamentoService object at 0x000001FEBB085160>
    └ <src.controllers.processamento_controller.ProcessamentoController object at 0x000001FEBB084C20>

  File "C:\RPA\Dtraf\MVP2\MVP2\DETRAF-UNIFICADO\unificado\rpa1_captura\src\services\processamento_service.py", line 151, in executar
    self._notificar_reprovados()
    │    └ <function ProcessamentoService._notificar_reprovados at 0x000001FEBB0BFA60>
    └ <src.services.processamento_service.ProcessamentoService object at 0x000001FEBB085160>

  File "C:\RPA\Dtraf\MVP2\MVP2\DETRAF-UNIFICADO\unificado\rpa1_captura\src\services\processamento_service.py", line 588, in _notificar_reprovados
    sucesso = bool(self._notificar_externo(pacote, recusas))
                   │    │                  │       └ [ArquivoRecusado(nome='Declaração de Tráfego G30 x VIVO SMP 07-2026.xls', motivos=['o arquivo não pôde ser lido (formato, cod...
                   │    │                  └ ArquivoParaProcessar(caminho=WindowsPath('C:/RPA/Dtraf/MVP2/MVP2/DETRAF-UNIFICADO/unificado/arquivos/Entrada/9D024E55DD250D4D...
                   │    └ <bound method ProcessamentoController._notificar_operadora of <src.controllers.processamento_controller.ProcessamentoControll...
                   └ <src.services.processamento_service.ProcessamentoService object at 0x000001FEBB085160>

  File "C:\RPA\Dtraf\MVP2\MVP2\DETRAF-UNIFICADO\unificado\rpa1_captura\src\controllers\processamento_controller.py", line 31, in _notificar_operadora
    return notificar_arquivos_recusados(self._outlook.responder, pacote, recusas)
           │                            │    │                   │       └ [ArquivoRecusado(nome='Declaração de Tráfego G30 x VIVO SMP 07-2026.xls', motivos=['o arquivo não pôde ser lido (formato, cod...
           │                            │    │                   └ ArquivoParaProcessar(caminho=WindowsPath('C:/RPA/Dtraf/MVP2/MVP2/DETRAF-UNIFICADO/unificado/arquivos/Entrada/9D024E55DD250D4D...
           │                            │    └ <property object at 0x000001FEA15B03B0>
           │                            └ <src.controllers.processamento_controller.ProcessamentoController object at 0x000001FEBB084C20>
           └ <function notificar_arquivos_recusados at 0x000001FEA17479C0>

  File "C:\RPA\Dtraf\MVP2\MVP2\DETRAF-UNIFICADO\unificado\rpa1_captura\src\services\notificacao_operadora.py", line 74, in notificar_arquivos_recusados
    return bool(responder(pacote, corpo, configuration.NOTIFICAR_OPERADORA_ENVIAR))
                │         │       │      │             └ False
                │         │       │      └ <module 'comum.config.configuration' from 'C:\\RPA\\Dtraf\\MVP2\\MVP2\\DETRAF-UNIFICADO\\unificado\\comum\\config\\configurat...
                │         │       └ 'Prezados,\n\nOs arquivos de Detraf abaixo, enviados por sua empresa nesta mensagem, não\npuderam ser processados e estão sen...
                │         └ ArquivoParaProcessar(caminho=WindowsPath('C:/RPA/Dtraf/MVP2/MVP2/DETRAF-UNIFICADO/unificado/arquivos/Entrada/9D024E55DD250D4D...
                └ <bound method OutlookController.responder of <src.controllers.outlook_controller.OutlookController object at 0x000001FEBB0855...

> File "C:\RPA\Dtraf\MVP2\MVP2\DETRAF-UNIFICADO\unificado\rpa1_captura\src\controllers\outlook_controller.py", line 234, in responder
    OutlookService(self._config.account).responder_email(
    │              │    │       └ 'detrafTBRA'
    │              │    └ OutlookConfig(account='detrafTBRA', detraf_despesas_folder='Detraf Despesas', processados_folder='PROCESSADOS', dest_root=Win...
    │              └ <src.controllers.outlook_controller.OutlookController object at 0x000001FEBB085550>
    └ <class 'comum.integracoes.outlook.OutlookService'>

  File "C:\RPA\Dtraf\MVP2\MVP2\DETRAF-UNIFICADO\unificado\comum\integracoes\outlook.py", line 303, in responder_email
    raise OutlookError(f"Falha ao responder o e-mail '{entry_id}': {exc}") from exc
          │                                            └ '00000000A949F53E017BB44C86E46D56D2D6BB100700F25FC41A3584FC499D024E55DD250D4D00005211FBDF0000137D0D4C70E1CF4091747B97613AB5A6...
          └ <class 'comum.integracoes.outlook.OutlookError'>

comum.integracoes.outlook.OutlookError: Falha ao responder o e-mail '00000000A949F53E017BB44C86E46D56D2D6BB100700F25FC41A3584FC499D024E55DD250D4D00005211FBDF0000137D0D4C70E1CF4091747B97613AB5A60000A35B1B370000': (-2147467260, 'Operação anulada', None, None)
2026-08-13 11:54:33.155 | INFO    |src.services.processamento_service:executar:151 - [RPA 1] E-mail de origem de 'Declaração de Tráfego G30 x VIVO SMP 07-2026.xls': 1 arquivo(s) recusado(s), operadora NÃO notificada.
2026-08-13 11:54:33.156 | INFO    |src.controllers.outlook_controller:responder:234 - Conectando ao Outlook (conta configurada: 'detrafTBRA')...
2026-08-13 11:54:33.164 | INFO    |src.controllers.outlook_controller:responder:234 - Conectado ao Outlook com sucesso.
2026-08-13 11:54:33.297 | ERROR   |src.services.notificacao_operadora:notificar_arquivos_recusados:74 - [RPA 1] Falha ao criar rascunho de resposta para 'Declaração de Tráfego VOCÊ TELECOM x VIVO SMP_202607.xls': Falha ao responder o e-mail '00000000A949F53E017BB44C86E46D56D2D6BB100700F25FC41A3584FC499D024E55DD250D4D00005211FBDF0000137D0D4C70E1CF4091747B97613AB5A60000A35B1B380000': (-2147467260, 'Operação anulada', None, None)
Traceback (most recent call last):

  File "C:\RPA\Dtraf\MVP2\MVP2\DETRAF-UNIFICADO\unificado\comum\integracoes\outlook.py", line 301, in responder_email
    reply.Save()
    └ <COMObject Reply>

  File "<COMObject Reply>", line 2, in Save

pywintypes.com_error: (-2147467260, 'Operação anulada', None, None)


The above exception was the direct cause of the following exception:


Traceback (most recent call last):

  File "C:\RPA\Dtraf\MVP2\MVP2\DETRAF-UNIFICADO\unificado\rpa1_captura\main.py", line 118, in <module>
    raise SystemExit(main())
                     └ <function main at 0x000001FE9ED014E0>

  File "C:\RPA\Dtraf\MVP2\MVP2\DETRAF-UNIFICADO\unificado\rpa1_captura\main.py", line 94, in main
    run(pasta_entrada=recorte.pasta_entrada, etapa=recorte.etapa, diagnostico=diagnostico)
    │                 │       │                    │       │                  └ <comum.config.diagnostico_execucao.DiagnosticoDeExecucao object at 0x000001FEA1555D30>
    │                 │       │                    │       └ None
    │                 │       │                    └ Argumentos(referencia=None, operadoras=[], etapa=None, pasta_entrada=None, de_pasta=None, dry_run=False, pausar=False)
    │                 │       └ None
    │                 └ Argumentos(referencia=None, operadoras=[], etapa=None, pasta_entrada=None, de_pasta=None, dry_run=False, pausar=False)
    └ <function run at 0x000001FEA15AAAC0>

  File "C:\RPA\Dtraf\MVP2\MVP2\DETRAF-UNIFICADO\unificado\rpa1_captura\src\main\process_handle.py", line 34, in run
    controller.processar(
    │          └ <function ProcessamentoController.processar at 0x000001FEBB0BFD80>
    └ <src.controllers.processamento_controller.ProcessamentoController object at 0x000001FEBB084C20>

  File "C:\RPA\Dtraf\MVP2\MVP2\DETRAF-UNIFICADO\unificado\rpa1_captura\src\controllers\processamento_controller.py", line 155, in processar
    self._servico.executar(arquivos)
    │    │        │        └ [ArquivoParaProcessar(caminho=WindowsPath('C:/RPA/Dtraf/MVP2/MVP2/DETRAF-UNIFICADO/unificado/arquivos/Entrada/9D024E55DD250D4...
    │    │        └ <function ProcessamentoService.executar at 0x000001FEBB0BF600>
    │    └ <src.services.processamento_service.ProcessamentoService object at 0x000001FEBB085160>
    └ <src.controllers.processamento_controller.ProcessamentoController object at 0x000001FEBB084C20>

  File "C:\RPA\Dtraf\MVP2\MVP2\DETRAF-UNIFICADO\unificado\rpa1_captura\src\services\processamento_service.py", line 151, in executar
    self._notificar_reprovados()
    │    └ <function ProcessamentoService._notificar_reprovados at 0x000001FEBB0BFA60>
    └ <src.services.processamento_service.ProcessamentoService object at 0x000001FEBB085160>

  File "C:\RPA\Dtraf\MVP2\MVP2\DETRAF-UNIFICADO\unificado\rpa1_captura\src\services\processamento_service.py", line 588, in _notificar_reprovados
    sucesso = bool(self._notificar_externo(pacote, recusas))
                   │    │                  │       └ [ArquivoRecusado(nome='Declaração de Tráfego VOCÊ TELECOM x VIVO SMP_202607.xls', motivos=['o arquivo não pôde ser lido (form...
                   │    │                  └ ArquivoParaProcessar(caminho=WindowsPath('C:/RPA/Dtraf/MVP2/MVP2/DETRAF-UNIFICADO/unificado/arquivos/Entrada/9D024E55DD250D4D...
                   │    └ <bound method ProcessamentoController._notificar_operadora of <src.controllers.processamento_controller.ProcessamentoControll...
                   └ <src.services.processamento_service.ProcessamentoService object at 0x000001FEBB085160>

  File "C:\RPA\Dtraf\MVP2\MVP2\DETRAF-UNIFICADO\unificado\rpa1_captura\src\controllers\processamento_controller.py", line 31, in _notificar_operadora
    return notificar_arquivos_recusados(self._outlook.responder, pacote, recusas)
           │                            │    │                   │       └ [ArquivoRecusado(nome='Declaração de Tráfego VOCÊ TELECOM x VIVO SMP_202607.xls', motivos=['o arquivo não pôde ser lido (form...
           │                            │    │                   └ ArquivoParaProcessar(caminho=WindowsPath('C:/RPA/Dtraf/MVP2/MVP2/DETRAF-UNIFICADO/unificado/arquivos/Entrada/9D024E55DD250D4D...
           │                            │    └ <property object at 0x000001FEA15B03B0>
           │                            └ <src.controllers.processamento_controller.ProcessamentoController object at 0x000001FEBB084C20>
           └ <function notificar_arquivos_recusados at 0x000001FEA17479C0>

  File "C:\RPA\Dtraf\MVP2\MVP2\DETRAF-UNIFICADO\unificado\rpa1_captura\src\services\notificacao_operadora.py", line 74, in notificar_arquivos_recusados
    return bool(responder(pacote, corpo, configuration.NOTIFICAR_OPERADORA_ENVIAR))
                │         │       │      │             └ False
                │         │       │      └ <module 'comum.config.configuration' from 'C:\\RPA\\Dtraf\\MVP2\\MVP2\\DETRAF-UNIFICADO\\unificado\\comum\\config\\configurat...
                │         │       └ 'Prezados,\n\nOs arquivos de Detraf abaixo, enviados por sua empresa nesta mensagem, não\npuderam ser processados e estão sen...
                │         └ ArquivoParaProcessar(caminho=WindowsPath('C:/RPA/Dtraf/MVP2/MVP2/DETRAF-UNIFICADO/unificado/arquivos/Entrada/9D024E55DD250D4D...
                └ <bound method OutlookController.responder of <src.controllers.outlook_controller.OutlookController object at 0x000001FEBB0855...

> File "C:\RPA\Dtraf\MVP2\MVP2\DETRAF-UNIFICADO\unificado\rpa1_captura\src\controllers\outlook_controller.py", line 234, in responder
    OutlookService(self._config.account).responder_email(
    │              │    │       └ 'detrafTBRA'
    │              │    └ OutlookConfig(account='detrafTBRA', detraf_despesas_folder='Detraf Despesas', processados_folder='PROCESSADOS', dest_root=Win...
    │              └ <src.controllers.outlook_controller.OutlookController object at 0x000001FEBB085550>
    └ <class 'comum.integracoes.outlook.OutlookService'>

  File "C:\RPA\Dtraf\MVP2\MVP2\DETRAF-UNIFICADO\unificado\comum\integracoes\outlook.py", line 303, in responder_email
    raise OutlookError(f"Falha ao responder o e-mail '{entry_id}': {exc}") from exc
          │                                            └ '00000000A949F53E017BB44C86E46D56D2D6BB100700F25FC41A3584FC499D024E55DD250D4D00005211FBDF0000137D0D4C70E1CF4091747B97613AB5A6...
          └ <class 'comum.integracoes.outlook.OutlookError'>

comum.integracoes.outlook.OutlookError: Falha ao responder o e-mail '00000000A949F53E017BB44C86E46D56D2D6BB100700F25FC41A3584FC499D024E55DD250D4D00005211FBDF0000137D0D4C70E1CF4091747B97613AB5A60000A35B1B380000': (-2147467260, 'Operação anulada', None, None)
2026-08-13 11:54:33.306 | INFO    |src.services.processamento_service:executar:151 - [RPA 1] E-mail de origem de 'Declaração de Tráfego VOCÊ TELECOM x VIVO SMP_202607.xls': 1 arquivo(s) recusado(s), operadora NÃO notificada.
2026-08-13 11:54:33.307 | INFO    |src.controllers.outlook_controller:responder:234 - Conectando ao Outlook (conta configurada: 'detrafTBRA')...
2026-08-13 11:54:33.315 | INFO    |src.controllers.outlook_controller:responder:234 - Conectado ao Outlook com sucesso.
2026-08-13 11:54:33.539 | ERROR   |src.services.notificacao_operadora:notificar_arquivos_recusados:74 - [RPA 1] Falha ao criar rascunho de resposta para 'DETRAF_FINAL_202607_HOME_TELEFONICA_C_20260804195316_ITX.csv': Falha ao responder o e-mail '00000000A949F53E017BB44C86E46D56D2D6BB100700F25FC41A3584FC499D024E55DD250D4D00005211FBDF0000137D0D4C70E1CF4091747B97613AB5A60000A35B1B3A0000': (-2147467260, 'Operação anulada', None, None)
Traceback (most recent call last):

  File "C:\RPA\Dtraf\MVP2\MVP2\DETRAF-UNIFICADO\unificado\comum\integracoes\outlook.py", line 301, in responder_email
    reply.Save()
    └ <COMObject Reply>

  File "<COMObject Reply>", line 2, in Save

pywintypes.com_error: (-2147467260, 'Operação anulada', None, None)


The above exception was the direct cause of the following exception:


Traceback (most recent call last):

  File "C:\RPA\Dtraf\MVP2\MVP2\DETRAF-UNIFICADO\unificado\rpa1_captura\main.py", line 118, in <module>
    raise SystemExit(main())
                     └ <function main at 0x000001FE9ED014E0>

  File "C:\RPA\Dtraf\MVP2\MVP2\DETRAF-UNIFICADO\unificado\rpa1_captura\main.py", line 94, in main
    run(pasta_entrada=recorte.pasta_entrada, etapa=recorte.etapa, diagnostico=diagnostico)
    │                 │       │                    │       │                  └ <comum.config.diagnostico_execucao.DiagnosticoDeExecucao object at 0x000001FEA1555D30>
    │                 │       │                    │       └ None
    │                 │       │                    └ Argumentos(referencia=None, operadoras=[], etapa=None, pasta_entrada=None, de_pasta=None, dry_run=False, pausar=False)
    │                 │       └ None
    │                 └ Argumentos(referencia=None, operadoras=[], etapa=None, pasta_entrada=None, de_pasta=None, dry_run=False, pausar=False)
    └ <function run at 0x000001FEA15AAAC0>

  File "C:\RPA\Dtraf\MVP2\MVP2\DETRAF-UNIFICADO\unificado\rpa1_captura\src\main\process_handle.py", line 34, in run
    controller.processar(
    │          └ <function ProcessamentoController.processar at 0x000001FEBB0BFD80>
    └ <src.controllers.processamento_controller.ProcessamentoController object at 0x000001FEBB084C20>

  File "C:\RPA\Dtraf\MVP2\MVP2\DETRAF-UNIFICADO\unificado\rpa1_captura\src\controllers\processamento_controller.py", line 155, in processar
    self._servico.executar(arquivos)
    │    │        │        └ [ArquivoParaProcessar(caminho=WindowsPath('C:/RPA/Dtraf/MVP2/MVP2/DETRAF-UNIFICADO/unificado/arquivos/Entrada/9D024E55DD250D4...
    │    │        └ <function ProcessamentoService.executar at 0x000001FEBB0BF600>
    │    └ <src.services.processamento_service.ProcessamentoService object at 0x000001FEBB085160>
    └ <src.controllers.processamento_controller.ProcessamentoController object at 0x000001FEBB084C20>

  File "C:\RPA\Dtraf\MVP2\MVP2\DETRAF-UNIFICADO\unificado\rpa1_captura\src\services\processamento_service.py", line 151, in executar
    self._notificar_reprovados()
    │    └ <function ProcessamentoService._notificar_reprovados at 0x000001FEBB0BFA60>
    └ <src.services.processamento_service.ProcessamentoService object at 0x000001FEBB085160>

  File "C:\RPA\Dtraf\MVP2\MVP2\DETRAF-UNIFICADO\unificado\rpa1_captura\src\services\processamento_service.py", line 588, in _notificar_reprovados
    sucesso = bool(self._notificar_externo(pacote, recusas))
                   │    │                  │       └ [ArquivoRecusado(nome='DETRAF_FINAL_202607_HOME_TELEFONICA_C_20260804195316_ITX.csv', motivos=['Tarifas remuneradas: há linha...
                   │    │                  └ ArquivoParaProcessar(caminho=WindowsPath('C:/RPA/Dtraf/MVP2/MVP2/DETRAF-UNIFICADO/unificado/arquivos/Entrada/9D024E55DD250D4D...
                   │    └ <bound method ProcessamentoController._notificar_operadora of <src.controllers.processamento_controller.ProcessamentoControll...
                   └ <src.services.processamento_service.ProcessamentoService object at 0x000001FEBB085160>

  File "C:\RPA\Dtraf\MVP2\MVP2\DETRAF-UNIFICADO\unificado\rpa1_captura\src\controllers\processamento_controller.py", line 31, in _notificar_operadora
    return notificar_arquivos_recusados(self._outlook.responder, pacote, recusas)
           │                            │    │                   │       └ [ArquivoRecusado(nome='DETRAF_FINAL_202607_HOME_TELEFONICA_C_20260804195316_ITX.csv', motivos=['Tarifas remuneradas: há linha...
           │                            │    │                   └ ArquivoParaProcessar(caminho=WindowsPath('C:/RPA/Dtraf/MVP2/MVP2/DETRAF-UNIFICADO/unificado/arquivos/Entrada/9D024E55DD250D4D...
           │                            │    └ <property object at 0x000001FEA15B03B0>
           │                            └ <src.controllers.processamento_controller.ProcessamentoController object at 0x000001FEBB084C20>
           └ <function notificar_arquivos_recusados at 0x000001FEA17479C0>

  File "C:\RPA\Dtraf\MVP2\MVP2\DETRAF-UNIFICADO\unificado\rpa1_captura\src\services\notificacao_operadora.py", line 74, in notificar_arquivos_recusados
    return bool(responder(pacote, corpo, configuration.NOTIFICAR_OPERADORA_ENVIAR))
                │         │       │      │             └ False
                │         │       │      └ <module 'comum.config.configuration' from 'C:\\RPA\\Dtraf\\MVP2\\MVP2\\DETRAF-UNIFICADO\\unificado\\comum\\config\\configurat...
                │         │       └ 'Prezados,\n\nOs arquivos de Detraf abaixo, enviados por sua empresa nesta mensagem, não\npuderam ser processados e estão sen...
                │         └ ArquivoParaProcessar(caminho=WindowsPath('C:/RPA/Dtraf/MVP2/MVP2/DETRAF-UNIFICADO/unificado/arquivos/Entrada/9D024E55DD250D4D...
                └ <bound method OutlookController.responder of <src.controllers.outlook_controller.OutlookController object at 0x000001FEBB0855...

> File "C:\RPA\Dtraf\MVP2\MVP2\DETRAF-UNIFICADO\unificado\rpa1_captura\src\controllers\outlook_controller.py", line 234, in responder
    OutlookService(self._config.account).responder_email(
    │              │    │       └ 'detrafTBRA'
    │              │    └ OutlookConfig(account='detrafTBRA', detraf_despesas_folder='Detraf Despesas', processados_folder='PROCESSADOS', dest_root=Win...
    │              └ <src.controllers.outlook_controller.OutlookController object at 0x000001FEBB085550>
    └ <class 'comum.integracoes.outlook.OutlookService'>

  File "C:\RPA\Dtraf\MVP2\MVP2\DETRAF-UNIFICADO\unificado\comum\integracoes\outlook.py", line 303, in responder_email
    raise OutlookError(f"Falha ao responder o e-mail '{entry_id}': {exc}") from exc
          │                                            └ '00000000A949F53E017BB44C86E46D56D2D6BB100700F25FC41A3584FC499D024E55DD250D4D00005211FBDF0000137D0D4C70E1CF4091747B97613AB5A6...
          └ <class 'comum.integracoes.outlook.OutlookError'>

comum.integracoes.outlook.OutlookError: Falha ao responder o e-mail '00000000A949F53E017BB44C86E46D56D2D6BB100700F25FC41A3584FC499D024E55DD250D4D00005211FBDF0000137D0D4C70E1CF4091747B97613AB5A60000A35B1B3A0000': (-2147467260, 'Operação anulada', None, None)
2026-08-13 11:54:33.551 | INFO    |src.services.processamento_service:executar:151 - [RPA 1] E-mail de origem de 'DETRAF_FINAL_202607_HOME_TELEFONICA_C_20260804195316_ITX.csv': 1 arquivo(s) recusado(s), operadora NÃO notificada.
2026-08-13 11:54:33.553 | INFO    |src.controllers.outlook_controller:responder:234 - Conectando ao Outlook (conta configurada: 'detrafTBRA')...
2026-08-13 11:54:33.563 | INFO    |src.controllers.outlook_controller:responder:234 - Conectado ao Outlook com sucesso.
2026-08-13 11:54:33.715 | ERROR   |src.services.notificacao_operadora:notificar_arquivos_recusados:74 - [RPA 1] Falha ao criar rascunho de resposta para 'DETRAF_FINAL_202607_HOME_VIVO_STFC_C_20260804195317_ITX.csv': Falha ao responder o e-mail '00000000A949F53E017BB44C86E46D56D2D6BB100700F25FC41A3584FC499D024E55DD250D4D00005211FBDF0000137D0D4C70E1CF4091747B97613AB5A60000A35B1B3B0000': (-2147467260, 'Operação anulada', None, None)
Traceback (most recent call last):

  File "C:\RPA\Dtraf\MVP2\MVP2\DETRAF-UNIFICADO\unificado\comum\integracoes\outlook.py", line 301, in responder_email
    reply.Save()
    └ <COMObject Reply>

  File "<COMObject Reply>", line 2, in Save

pywintypes.com_error: (-2147467260, 'Operação anulada', None, None)


The above exception was the direct cause of the following exception:


Traceback (most recent call last):

  File "C:\RPA\Dtraf\MVP2\MVP2\DETRAF-UNIFICADO\unificado\rpa1_captura\main.py", line 118, in <module>
    raise SystemExit(main())
                     └ <function main at 0x000001FE9ED014E0>

  File "C:\RPA\Dtraf\MVP2\MVP2\DETRAF-UNIFICADO\unificado\rpa1_captura\main.py", line 94, in main
    run(pasta_entrada=recorte.pasta_entrada, etapa=recorte.etapa, diagnostico=diagnostico)
    │                 │       │                    │       │                  └ <comum.config.diagnostico_execucao.DiagnosticoDeExecucao object at 0x000001FEA1555D30>
    │                 │       │                    │       └ None
    │                 │       │                    └ Argumentos(referencia=None, operadoras=[], etapa=None, pasta_entrada=None, de_pasta=None, dry_run=False, pausar=False)
    │                 │       └ None
    │                 └ Argumentos(referencia=None, operadoras=[], etapa=None, pasta_entrada=None, de_pasta=None, dry_run=False, pausar=False)
    └ <function run at 0x000001FEA15AAAC0>

  File "C:\RPA\Dtraf\MVP2\MVP2\DETRAF-UNIFICADO\unificado\rpa1_captura\src\main\process_handle.py", line 34, in run
    controller.processar(
    │          └ <function ProcessamentoController.processar at 0x000001FEBB0BFD80>
    └ <src.controllers.processamento_controller.ProcessamentoController object at 0x000001FEBB084C20>

  File "C:\RPA\Dtraf\MVP2\MVP2\DETRAF-UNIFICADO\unificado\rpa1_captura\src\controllers\processamento_controller.py", line 155, in processar
    self._servico.executar(arquivos)
    │    │        │        └ [ArquivoParaProcessar(caminho=WindowsPath('C:/RPA/Dtraf/MVP2/MVP2/DETRAF-UNIFICADO/unificado/arquivos/Entrada/9D024E55DD250D4...
    │    │        └ <function ProcessamentoService.executar at 0x000001FEBB0BF600>
    │    └ <src.services.processamento_service.ProcessamentoService object at 0x000001FEBB085160>
    └ <src.controllers.processamento_controller.ProcessamentoController object at 0x000001FEBB084C20>

  File "C:\RPA\Dtraf\MVP2\MVP2\DETRAF-UNIFICADO\unificado\rpa1_captura\src\services\processamento_service.py", line 151, in executar
    self._notificar_reprovados()
    │    └ <function ProcessamentoService._notificar_reprovados at 0x000001FEBB0BFA60>
    └ <src.services.processamento_service.ProcessamentoService object at 0x000001FEBB085160>

  File "C:\RPA\Dtraf\MVP2\MVP2\DETRAF-UNIFICADO\unificado\rpa1_captura\src\services\processamento_service.py", line 588, in _notificar_reprovados
    sucesso = bool(self._notificar_externo(pacote, recusas))
                   │    │                  │       └ [ArquivoRecusado(nome='DETRAF_FINAL_202607_HOME_VIVO_STFC_C_20260804195317_ITX.csv', motivos=['Tarifas remuneradas: há linhas...
                   │    │                  └ ArquivoParaProcessar(caminho=WindowsPath('C:/RPA/Dtraf/MVP2/MVP2/DETRAF-UNIFICADO/unificado/arquivos/Entrada/9D024E55DD250D4D...
                   │    └ <bound method ProcessamentoController._notificar_operadora of <src.controllers.processamento_controller.ProcessamentoControll...
                   └ <src.services.processamento_service.ProcessamentoService object at 0x000001FEBB085160>

  File "C:\RPA\Dtraf\MVP2\MVP2\DETRAF-UNIFICADO\unificado\rpa1_captura\src\controllers\processamento_controller.py", line 31, in _notificar_operadora
    return notificar_arquivos_recusados(self._outlook.responder, pacote, recusas)
           │                            │    │                   │       └ [ArquivoRecusado(nome='DETRAF_FINAL_202607_HOME_VIVO_STFC_C_20260804195317_ITX.csv', motivos=['Tarifas remuneradas: há linhas...
           │                            │    │                   └ ArquivoParaProcessar(caminho=WindowsPath('C:/RPA/Dtraf/MVP2/MVP2/DETRAF-UNIFICADO/unificado/arquivos/Entrada/9D024E55DD250D4D...
           │                            │    └ <property object at 0x000001FEA15B03B0>
           │                            └ <src.controllers.processamento_controller.ProcessamentoController object at 0x000001FEBB084C20>
           └ <function notificar_arquivos_recusados at 0x000001FEA17479C0>

  File "C:\RPA\Dtraf\MVP2\MVP2\DETRAF-UNIFICADO\unificado\rpa1_captura\src\services\notificacao_operadora.py", line 74, in notificar_arquivos_recusados
    return bool(responder(pacote, corpo, configuration.NOTIFICAR_OPERADORA_ENVIAR))
                │         │       │      │             └ False
                │         │       │      └ <module 'comum.config.configuration' from 'C:\\RPA\\Dtraf\\MVP2\\MVP2\\DETRAF-UNIFICADO\\unificado\\comum\\config\\configurat...
                │         │       └ 'Prezados,\n\nOs arquivos de Detraf abaixo, enviados por sua empresa nesta mensagem, não\npuderam ser processados e estão sen...
                │         └ ArquivoParaProcessar(caminho=WindowsPath('C:/RPA/Dtraf/MVP2/MVP2/DETRAF-UNIFICADO/unificado/arquivos/Entrada/9D024E55DD250D4D...
                └ <bound method OutlookController.responder of <src.controllers.outlook_controller.OutlookController object at 0x000001FEBB0855...

> File "C:\RPA\Dtraf\MVP2\MVP2\DETRAF-UNIFICADO\unificado\rpa1_captura\src\controllers\outlook_controller.py", line 234, in responder
    OutlookService(self._config.account).responder_email(
    │              │    │       └ 'detrafTBRA'
    │              │    └ OutlookConfig(account='detrafTBRA', detraf_despesas_folder='Detraf Despesas', processados_folder='PROCESSADOS', dest_root=Win...
    │              └ <src.controllers.outlook_controller.OutlookController object at 0x000001FEBB085550>
    └ <class 'comum.integracoes.outlook.OutlookService'>

  File "C:\RPA\Dtraf\MVP2\MVP2\DETRAF-UNIFICADO\unificado\comum\integracoes\outlook.py", line 303, in responder_email
    raise OutlookError(f"Falha ao responder o e-mail '{entry_id}': {exc}") from exc
          │                                            └ '00000000A949F53E017BB44C86E46D56D2D6BB100700F25FC41A3584FC499D024E55DD250D4D00005211FBDF0000137D0D4C70E1CF4091747B97613AB5A6...
          └ <class 'comum.integracoes.outlook.OutlookError'>

comum.integracoes.outlook.OutlookError: Falha ao responder o e-mail '00000000A949F53E017BB44C86E46D56D2D6BB100700F25FC41A3584FC499D024E55DD250D4D00005211FBDF0000137D0D4C70E1CF4091747B97613AB5A60000A35B1B3B0000': (-2147467260, 'Operação anulada', None, None)
2026-08-13 11:54:33.725 | INFO    |src.services.processamento_service:executar:151 - [RPA 1] E-mail de origem de 'DETRAF_FINAL_202607_HOME_VIVO_STFC_C_20260804195317_ITX.csv': 1 arquivo(s) recusado(s), operadora NÃO notificada.
2026-08-13 11:54:33.726 | INFO    |src.controllers.outlook_controller:responder:234 - Conectando ao Outlook (conta configurada: 'detrafTBRA')...
2026-08-13 11:54:33.733 | INFO    |src.controllers.outlook_controller:responder:234 - Conectado ao Outlook com sucesso.
2026-08-13 11:54:33.880 | ERROR   |src.services.notificacao_operadora:notificar_arquivos_recusados:74 - [RPA 1] Falha ao criar rascunho de resposta para 'DETRAF_FINAL_202607_HOME_VIVO_C_20260804195317_ITX.csv': Falha ao responder o e-mail '00000000A949F53E017BB44C86E46D56D2D6BB100700F25FC41A3584FC499D024E55DD250D4D00005211FBDF0000137D0D4C70E1CF4091747B97613AB5A60000A35B1B3C0000': (-2147467260, 'Operação anulada', None, None)
Traceback (most recent call last):

  File "C:\RPA\Dtraf\MVP2\MVP2\DETRAF-UNIFICADO\unificado\comum\integracoes\outlook.py", line 301, in responder_email
    reply.Save()
    └ <COMObject Reply>

  File "<COMObject Reply>", line 2, in Save

pywintypes.com_error: (-2147467260, 'Operação anulada', None, None)


The above exception was the direct cause of the following exception:


Traceback (most recent call last):

  File "C:\RPA\Dtraf\MVP2\MVP2\DETRAF-UNIFICADO\unificado\rpa1_captura\main.py", line 118, in <module>
    raise SystemExit(main())
                     └ <function main at 0x000001FE9ED014E0>

  File "C:\RPA\Dtraf\MVP2\MVP2\DETRAF-UNIFICADO\unificado\rpa1_captura\main.py", line 94, in main
    run(pasta_entrada=recorte.pasta_entrada, etapa=recorte.etapa, diagnostico=diagnostico)
    │                 │       │                    │       │                  └ <comum.config.diagnostico_execucao.DiagnosticoDeExecucao object at 0x000001FEA1555D30>
    │                 │       │                    │       └ None
    │                 │       │                    └ Argumentos(referencia=None, operadoras=[], etapa=None, pasta_entrada=None, de_pasta=None, dry_run=False, pausar=False)
    │                 │       └ None
    │                 └ Argumentos(referencia=None, operadoras=[], etapa=None, pasta_entrada=None, de_pasta=None, dry_run=False, pausar=False)
    └ <function run at 0x000001FEA15AAAC0>

  File "C:\RPA\Dtraf\MVP2\MVP2\DETRAF-UNIFICADO\unificado\rpa1_captura\src\main\process_handle.py", line 34, in run
    controller.processar(
    │          └ <function ProcessamentoController.processar at 0x000001FEBB0BFD80>
    └ <src.controllers.processamento_controller.ProcessamentoController object at 0x000001FEBB084C20>

  File "C:\RPA\Dtraf\MVP2\MVP2\DETRAF-UNIFICADO\unificado\rpa1_captura\src\controllers\processamento_controller.py", line 155, in processar
    self._servico.executar(arquivos)
    │    │        │        └ [ArquivoParaProcessar(caminho=WindowsPath('C:/RPA/Dtraf/MVP2/MVP2/DETRAF-UNIFICADO/unificado/arquivos/Entrada/9D024E55DD250D4...
    │    │        └ <function ProcessamentoService.executar at 0x000001FEBB0BF600>
    │    └ <src.services.processamento_service.ProcessamentoService object at 0x000001FEBB085160>
    └ <src.controllers.processamento_controller.ProcessamentoController object at 0x000001FEBB084C20>

  File "C:\RPA\Dtraf\MVP2\MVP2\DETRAF-UNIFICADO\unificado\rpa1_captura\src\services\processamento_service.py", line 151, in executar
    self._notificar_reprovados()
    │    └ <function ProcessamentoService._notificar_reprovados at 0x000001FEBB0BFA60>
    └ <src.services.processamento_service.ProcessamentoService object at 0x000001FEBB085160>

  File "C:\RPA\Dtraf\MVP2\MVP2\DETRAF-UNIFICADO\unificado\rpa1_captura\src\services\processamento_service.py", line 588, in _notificar_reprovados
    sucesso = bool(self._notificar_externo(pacote, recusas))
                   │    │                  │       └ [ArquivoRecusado(nome='DETRAF_FINAL_202607_HOME_VIVO_C_20260804195317_ITX.csv', motivos=['Colunas 12 a 15 (valores financeiro...
                   │    │                  └ ArquivoParaProcessar(caminho=WindowsPath('C:/RPA/Dtraf/MVP2/MVP2/DETRAF-UNIFICADO/unificado/arquivos/Entrada/9D024E55DD250D4D...
                   │    └ <bound method ProcessamentoController._notificar_operadora of <src.controllers.processamento_controller.ProcessamentoControll...
                   └ <src.services.processamento_service.ProcessamentoService object at 0x000001FEBB085160>

  File "C:\RPA\Dtraf\MVP2\MVP2\DETRAF-UNIFICADO\unificado\rpa1_captura\src\controllers\processamento_controller.py", line 31, in _notificar_operadora
    return notificar_arquivos_recusados(self._outlook.responder, pacote, recusas)
           │                            │    │                   │       └ [ArquivoRecusado(nome='DETRAF_FINAL_202607_HOME_VIVO_C_20260804195317_ITX.csv', motivos=['Colunas 12 a 15 (valores financeiro...
           │                            │    │                   └ ArquivoParaProcessar(caminho=WindowsPath('C:/RPA/Dtraf/MVP2/MVP2/DETRAF-UNIFICADO/unificado/arquivos/Entrada/9D024E55DD250D4D...
           │                            │    └ <property object at 0x000001FEA15B03B0>
           │                            └ <src.controllers.processamento_controller.ProcessamentoController object at 0x000001FEBB084C20>
           └ <function notificar_arquivos_recusados at 0x000001FEA17479C0>

  File "C:\RPA\Dtraf\MVP2\MVP2\DETRAF-UNIFICADO\unificado\rpa1_captura\src\services\notificacao_operadora.py", line 74, in notificar_arquivos_recusados
    return bool(responder(pacote, corpo, configuration.NOTIFICAR_OPERADORA_ENVIAR))
                │         │       │      │             └ False
                │         │       │      └ <module 'comum.config.configuration' from 'C:\\RPA\\Dtraf\\MVP2\\MVP2\\DETRAF-UNIFICADO\\unificado\\comum\\config\\configurat...
                │         │       └ 'Prezados,\n\nOs arquivos de Detraf abaixo, enviados por sua empresa nesta mensagem, não\npuderam ser processados e estão sen...
                │         └ ArquivoParaProcessar(caminho=WindowsPath('C:/RPA/Dtraf/MVP2/MVP2/DETRAF-UNIFICADO/unificado/arquivos/Entrada/9D024E55DD250D4D...
                └ <bound method OutlookController.responder of <src.controllers.outlook_controller.OutlookController object at 0x000001FEBB0855...

> File "C:\RPA\Dtraf\MVP2\MVP2\DETRAF-UNIFICADO\unificado\rpa1_captura\src\controllers\outlook_controller.py", line 234, in responder
    OutlookService(self._config.account).responder_email(
    │              │    │       └ 'detrafTBRA'
    │              │    └ OutlookConfig(account='detrafTBRA', detraf_despesas_folder='Detraf Despesas', processados_folder='PROCESSADOS', dest_root=Win...
    │              └ <src.controllers.outlook_controller.OutlookController object at 0x000001FEBB085550>
    └ <class 'comum.integracoes.outlook.OutlookService'>

  File "C:\RPA\Dtraf\MVP2\MVP2\DETRAF-UNIFICADO\unificado\comum\integracoes\outlook.py", line 303, in responder_email
    raise OutlookError(f"Falha ao responder o e-mail '{entry_id}': {exc}") from exc
          │                                            └ '00000000A949F53E017BB44C86E46D56D2D6BB100700F25FC41A3584FC499D024E55DD250D4D00005211FBDF0000137D0D4C70E1CF4091747B97613AB5A6...
          └ <class 'comum.integracoes.outlook.OutlookError'>

comum.integracoes.outlook.OutlookError: Falha ao responder o e-mail '00000000A949F53E017BB44C86E46D56D2D6BB100700F25FC41A3584FC499D024E55DD250D4D00005211FBDF0000137D0D4C70E1CF4091747B97613AB5A60000A35B1B3C0000': (-2147467260, 'Operação anulada', None, None)
2026-08-13 11:54:33.890 | INFO    |src.services.processamento_service:executar:151 - [RPA 1] E-mail de origem de 'DETRAF_FINAL_202607_HOME_VIVO_C_20260804195317_ITX.csv': 1 arquivo(s) recusado(s), operadora NÃO notificada.
2026-08-13 11:54:33.891 | INFO    |src.controllers.outlook_controller:responder:234 - Conectando ao Outlook (conta configurada: 'detrafTBRA')...
2026-08-13 11:54:33.897 | INFO    |src.controllers.outlook_controller:responder:234 - Conectado ao Outlook com sucesso.
2026-08-13 11:54:34.039 | ERROR   |src.services.notificacao_operadora:notificar_arquivos_recusados:74 - [RPA 1] Falha ao criar rascunho de resposta para 'expectativa-telefonica-brasil-smp-c-vc1-202607.xlsx': Falha ao responder o e-mail '00000000A949F53E017BB44C86E46D56D2D6BB100700F25FC41A3584FC499D024E55DD250D4D00005211FBDF0000137D0D4C70E1CF4091747B97613AB5A60000A35B1B3D0000': (-2147467260, 'Operação anulada', None, None)
Traceback (most recent call last):

  File "C:\RPA\Dtraf\MVP2\MVP2\DETRAF-UNIFICADO\unificado\comum\integracoes\outlook.py", line 301, in responder_email
    reply.Save()
    └ <COMObject Reply>

  File "<COMObject Reply>", line 2, in Save

pywintypes.com_error: (-2147467260, 'Operação anulada', None, None)


The above exception was the direct cause of the following exception:


Traceback (most recent call last):

  File "C:\RPA\Dtraf\MVP2\MVP2\DETRAF-UNIFICADO\unificado\rpa1_captura\main.py", line 118, in <module>
    raise SystemExit(main())
                     └ <function main at 0x000001FE9ED014E0>

  File "C:\RPA\Dtraf\MVP2\MVP2\DETRAF-UNIFICADO\unificado\rpa1_captura\main.py", line 94, in main
    run(pasta_entrada=recorte.pasta_entrada, etapa=recorte.etapa, diagnostico=diagnostico)
    │                 │       │                    │       │                  └ <comum.config.diagnostico_execucao.DiagnosticoDeExecucao object at 0x000001FEA1555D30>
    │                 │       │                    │       └ None
    │                 │       │                    └ Argumentos(referencia=None, operadoras=[], etapa=None, pasta_entrada=None, de_pasta=None, dry_run=False, pausar=False)
    │                 │       └ None
    │                 └ Argumentos(referencia=None, operadoras=[], etapa=None, pasta_entrada=None, de_pasta=None, dry_run=False, pausar=False)
    └ <function run at 0x000001FEA15AAAC0>

  File "C:\RPA\Dtraf\MVP2\MVP2\DETRAF-UNIFICADO\unificado\rpa1_captura\src\main\process_handle.py", line 34, in run
    controller.processar(
    │          └ <function ProcessamentoController.processar at 0x000001FEBB0BFD80>
    └ <src.controllers.processamento_controller.ProcessamentoController object at 0x000001FEBB084C20>

  File "C:\RPA\Dtraf\MVP2\MVP2\DETRAF-UNIFICADO\unificado\rpa1_captura\src\controllers\processamento_controller.py", line 155, in processar
    self._servico.executar(arquivos)
    │    │        │        └ [ArquivoParaProcessar(caminho=WindowsPath('C:/RPA/Dtraf/MVP2/MVP2/DETRAF-UNIFICADO/unificado/arquivos/Entrada/9D024E55DD250D4...
    │    │        └ <function ProcessamentoService.executar at 0x000001FEBB0BF600>
    │    └ <src.services.processamento_service.ProcessamentoService object at 0x000001FEBB085160>
    └ <src.controllers.processamento_controller.ProcessamentoController object at 0x000001FEBB084C20>

  File "C:\RPA\Dtraf\MVP2\MVP2\DETRAF-UNIFICADO\unificado\rpa1_captura\src\services\processamento_service.py", line 151, in executar
    self._notificar_reprovados()
    │    └ <function ProcessamentoService._notificar_reprovados at 0x000001FEBB0BFA60>
    └ <src.services.processamento_service.ProcessamentoService object at 0x000001FEBB085160>

  File "C:\RPA\Dtraf\MVP2\MVP2\DETRAF-UNIFICADO\unificado\rpa1_captura\src\services\processamento_service.py", line 588, in _notificar_reprovados
    sucesso = bool(self._notificar_externo(pacote, recusas))
                   │    │                  │       └ [ArquivoRecusado(nome='expectativa-telefonica-brasil-smp-c-vc1-202607.xlsx', motivos=['posição 0 (Credora): esperado EOT numé...
                   │    │                  └ ArquivoParaProcessar(caminho=WindowsPath('C:/RPA/Dtraf/MVP2/MVP2/DETRAF-UNIFICADO/unificado/arquivos/Entrada/9D024E55DD250D4D...
                   │    └ <bound method ProcessamentoController._notificar_operadora of <src.controllers.processamento_controller.ProcessamentoControll...
                   └ <src.services.processamento_service.ProcessamentoService object at 0x000001FEBB085160>

  File "C:\RPA\Dtraf\MVP2\MVP2\DETRAF-UNIFICADO\unificado\rpa1_captura\src\controllers\processamento_controller.py", line 31, in _notificar_operadora
    return notificar_arquivos_recusados(self._outlook.responder, pacote, recusas)
           │                            │    │                   │       └ [ArquivoRecusado(nome='expectativa-telefonica-brasil-smp-c-vc1-202607.xlsx', motivos=['posição 0 (Credora): esperado EOT numé...
           │                            │    │                   └ ArquivoParaProcessar(caminho=WindowsPath('C:/RPA/Dtraf/MVP2/MVP2/DETRAF-UNIFICADO/unificado/arquivos/Entrada/9D024E55DD250D4D...
           │                            │    └ <property object at 0x000001FEA15B03B0>
           │                            └ <src.controllers.processamento_controller.ProcessamentoController object at 0x000001FEBB084C20>
           └ <function notificar_arquivos_recusados at 0x000001FEA17479C0>

  File "C:\RPA\Dtraf\MVP2\MVP2\DETRAF-UNIFICADO\unificado\rpa1_captura\src\services\notificacao_operadora.py", line 74, in notificar_arquivos_recusados
    return bool(responder(pacote, corpo, configuration.NOTIFICAR_OPERADORA_ENVIAR))
                │         │       │      │             └ False
                │         │       │      └ <module 'comum.config.configuration' from 'C:\\RPA\\Dtraf\\MVP2\\MVP2\\DETRAF-UNIFICADO\\unificado\\comum\\config\\configurat...
                │         │       └ 'Prezados,\n\nOs arquivos de Detraf abaixo, enviados por sua empresa nesta mensagem, não\npuderam ser processados e estão sen...
                │         └ ArquivoParaProcessar(caminho=WindowsPath('C:/RPA/Dtraf/MVP2/MVP2/DETRAF-UNIFICADO/unificado/arquivos/Entrada/9D024E55DD250D4D...
                └ <bound method OutlookController.responder of <src.controllers.outlook_controller.OutlookController object at 0x000001FEBB0855...

> File "C:\RPA\Dtraf\MVP2\MVP2\DETRAF-UNIFICADO\unificado\rpa1_captura\src\controllers\outlook_controller.py", line 234, in responder
    OutlookService(self._config.account).responder_email(
    │              │    │       └ 'detrafTBRA'
    │              │    └ OutlookConfig(account='detrafTBRA', detraf_despesas_folder='Detraf Despesas', processados_folder='PROCESSADOS', dest_root=Win...
    │              └ <src.controllers.outlook_controller.OutlookController object at 0x000001FEBB085550>
    └ <class 'comum.integracoes.outlook.OutlookService'>

  File "C:\RPA\Dtraf\MVP2\MVP2\DETRAF-UNIFICADO\unificado\comum\integracoes\outlook.py", line 303, in responder_email
    raise OutlookError(f"Falha ao responder o e-mail '{entry_id}': {exc}") from exc
          │                                            └ '00000000A949F53E017BB44C86E46D56D2D6BB100700F25FC41A3584FC499D024E55DD250D4D00005211FBDF0000137D0D4C70E1CF4091747B97613AB5A6...
          └ <class 'comum.integracoes.outlook.OutlookError'>

comum.integracoes.outlook.OutlookError: Falha ao responder o e-mail '00000000A949F53E017BB44C86E46D56D2D6BB100700F25FC41A3584FC499D024E55DD250D4D00005211FBDF0000137D0D4C70E1CF4091747B97613AB5A60000A35B1B3D0000': (-2147467260, 'Operação anulada', None, None)
2026-08-13 11:54:34.048 | INFO    |src.services.processamento_service:executar:151 - [RPA 1] E-mail de origem de 'expectativa-telefonica-brasil-smp-c-vc1-202607.xlsx': 2 arquivo(s) recusado(s), operadora NÃO notificada.
2026-08-13 11:54:34.049 | INFO    |src.controllers.outlook_controller:responder:234 - Conectando ao Outlook (conta configurada: 'detrafTBRA')...
2026-08-13 11:54:34.056 | INFO    |src.controllers.outlook_controller:responder:234 - Conectado ao Outlook com sucesso.
2026-08-13 11:54:34.380 | ERROR   |src.services.notificacao_operadora:notificar_arquivos_recusados:74 - [RPA 1] Falha ao criar rascunho de resposta para 'DETRAF-TMCO ( ITELCO X VIVO 07-26).xlsx': Falha ao responder o e-mail '00000000A949F53E017BB44C86E46D56D2D6BB100700F25FC41A3584FC499D024E55DD250D4D00005211FBDF0000137D0D4C70E1CF4091747B97613AB5A60000A35B1B3F0000': (-2147467260, 'Operação anulada', None, None)
Traceback (most recent call last):

  File "C:\RPA\Dtraf\MVP2\MVP2\DETRAF-UNIFICADO\unificado\comum\integracoes\outlook.py", line 301, in responder_email
    reply.Save()
    └ <COMObject Reply>

  File "<COMObject Reply>", line 2, in Save

pywintypes.com_error: (-2147467260, 'Operação anulada', None, None)


The above exception was the direct cause of the following exception:


Traceback (most recent call last):

  File "C:\RPA\Dtraf\MVP2\MVP2\DETRAF-UNIFICADO\unificado\rpa1_captura\main.py", line 118, in <module>
    raise SystemExit(main())
                     └ <function main at 0x000001FE9ED014E0>

  File "C:\RPA\Dtraf\MVP2\MVP2\DETRAF-UNIFICADO\unificado\rpa1_captura\main.py", line 94, in main
    run(pasta_entrada=recorte.pasta_entrada, etapa=recorte.etapa, diagnostico=diagnostico)
    │                 │       │                    │       │                  └ <comum.config.diagnostico_execucao.DiagnosticoDeExecucao object at 0x000001FEA1555D30>
    │                 │       │                    │       └ None
    │                 │       │                    └ Argumentos(referencia=None, operadoras=[], etapa=None, pasta_entrada=None, de_pasta=None, dry_run=False, pausar=False)
    │                 │       └ None
    │                 └ Argumentos(referencia=None, operadoras=[], etapa=None, pasta_entrada=None, de_pasta=None, dry_run=False, pausar=False)
    └ <function run at 0x000001FEA15AAAC0>

  File "C:\RPA\Dtraf\MVP2\MVP2\DETRAF-UNIFICADO\unificado\rpa1_captura\src\main\process_handle.py", line 34, in run
    controller.processar(
    │          └ <function ProcessamentoController.processar at 0x000001FEBB0BFD80>
    └ <src.controllers.processamento_controller.ProcessamentoController object at 0x000001FEBB084C20>

  File "C:\RPA\Dtraf\MVP2\MVP2\DETRAF-UNIFICADO\unificado\rpa1_captura\src\controllers\processamento_controller.py", line 155, in processar
    self._servico.executar(arquivos)
    │    │        │        └ [ArquivoParaProcessar(caminho=WindowsPath('C:/RPA/Dtraf/MVP2/MVP2/DETRAF-UNIFICADO/unificado/arquivos/Entrada/9D024E55DD250D4...
    │    │        └ <function ProcessamentoService.executar at 0x000001FEBB0BF600>
    │    └ <src.services.processamento_service.ProcessamentoService object at 0x000001FEBB085160>
    └ <src.controllers.processamento_controller.ProcessamentoController object at 0x000001FEBB084C20>

  File "C:\RPA\Dtraf\MVP2\MVP2\DETRAF-UNIFICADO\unificado\rpa1_captura\src\services\processamento_service.py", line 151, in executar
    self._notificar_reprovados()
    │    └ <function ProcessamentoService._notificar_reprovados at 0x000001FEBB0BFA60>
    └ <src.services.processamento_service.ProcessamentoService object at 0x000001FEBB085160>

  File "C:\RPA\Dtraf\MVP2\MVP2\DETRAF-UNIFICADO\unificado\rpa1_captura\src\services\processamento_service.py", line 588, in _notificar_reprovados
    sucesso = bool(self._notificar_externo(pacote, recusas))
                   │    │                  │       └ [ArquivoRecusado(nome='DETRAF-TMCO ( ITELCO X VIVO 07-26).xlsx', motivos=['posição 0 (Credora): esperado EOT numérica, encont...
                   │    │                  └ ArquivoParaProcessar(caminho=WindowsPath('C:/RPA/Dtraf/MVP2/MVP2/DETRAF-UNIFICADO/unificado/arquivos/Entrada/9D024E55DD250D4D...
                   │    └ <bound method ProcessamentoController._notificar_operadora of <src.controllers.processamento_controller.ProcessamentoControll...
                   └ <src.services.processamento_service.ProcessamentoService object at 0x000001FEBB085160>

  File "C:\RPA\Dtraf\MVP2\MVP2\DETRAF-UNIFICADO\unificado\rpa1_captura\src\controllers\processamento_controller.py", line 31, in _notificar_operadora
    return notificar_arquivos_recusados(self._outlook.responder, pacote, recusas)
           │                            │    │                   │       └ [ArquivoRecusado(nome='DETRAF-TMCO ( ITELCO X VIVO 07-26).xlsx', motivos=['posição 0 (Credora): esperado EOT numérica, encont...
           │                            │    │                   └ ArquivoParaProcessar(caminho=WindowsPath('C:/RPA/Dtraf/MVP2/MVP2/DETRAF-UNIFICADO/unificado/arquivos/Entrada/9D024E55DD250D4D...
           │                            │    └ <property object at 0x000001FEA15B03B0>
           │                            └ <src.controllers.processamento_controller.ProcessamentoController object at 0x000001FEBB084C20>
           └ <function notificar_arquivos_recusados at 0x000001FEA17479C0>

  File "C:\RPA\Dtraf\MVP2\MVP2\DETRAF-UNIFICADO\unificado\rpa1_captura\src\services\notificacao_operadora.py", line 74, in notificar_arquivos_recusados
    return bool(responder(pacote, corpo, configuration.NOTIFICAR_OPERADORA_ENVIAR))
                │         │       │      │             └ False
                │         │       │      └ <module 'comum.config.configuration' from 'C:\\RPA\\Dtraf\\MVP2\\MVP2\\DETRAF-UNIFICADO\\unificado\\comum\\config\\configurat...
                │         │       └ 'Prezados,\n\nOs arquivos de Detraf abaixo, enviados por sua empresa nesta mensagem, não\npuderam ser processados e estão sen...
                │         └ ArquivoParaProcessar(caminho=WindowsPath('C:/RPA/Dtraf/MVP2/MVP2/DETRAF-UNIFICADO/unificado/arquivos/Entrada/9D024E55DD250D4D...
                └ <bound method OutlookController.responder of <src.controllers.outlook_controller.OutlookController object at 0x000001FEBB0855...

> File "C:\RPA\Dtraf\MVP2\MVP2\DETRAF-UNIFICADO\unificado\rpa1_captura\src\controllers\outlook_controller.py", line 234, in responder
    OutlookService(self._config.account).responder_email(
    │              │    │       └ 'detrafTBRA'
    │              │    └ OutlookConfig(account='detrafTBRA', detraf_despesas_folder='Detraf Despesas', processados_folder='PROCESSADOS', dest_root=Win...
    │              └ <src.controllers.outlook_controller.OutlookController object at 0x000001FEBB085550>
    └ <class 'comum.integracoes.outlook.OutlookService'>

  File "C:\RPA\Dtraf\MVP2\MVP2\DETRAF-UNIFICADO\unificado\comum\integracoes\outlook.py", line 303, in responder_email
    raise OutlookError(f"Falha ao responder o e-mail '{entry_id}': {exc}") from exc
          │                                            └ '00000000A949F53E017BB44C86E46D56D2D6BB100700F25FC41A3584FC499D024E55DD250D4D00005211FBDF0000137D0D4C70E1CF4091747B97613AB5A6...
          └ <class 'comum.integracoes.outlook.OutlookError'>

comum.integracoes.outlook.OutlookError: Falha ao responder o e-mail '00000000A949F53E017BB44C86E46D56D2D6BB100700F25FC41A3584FC499D024E55DD250D4D00005211FBDF0000137D0D4C70E1CF4091747B97613AB5A60000A35B1B3F0000': (-2147467260, 'Operação anulada', None, None)
2026-08-13 11:54:34.391 | INFO    |src.services.processamento_service:executar:151 - [RPA 1] E-mail de origem de 'DETRAF-TMCO ( ITELCO X VIVO 07-26).xlsx': 2 arquivo(s) recusado(s), operadora NÃO notificada.
2026-08-13 11:54:34.392 | INFO    |src.controllers.outlook_controller:responder:234 - Conectando ao Outlook (conta configurada: 'detrafTBRA')...
2026-08-13 11:54:34.401 | INFO    |src.controllers.outlook_controller:responder:234 - Conectado ao Outlook com sucesso.
2026-08-13 11:54:34.552 | ERROR   |src.services.notificacao_operadora:notificar_arquivos_recusados:74 - [RPA 1] Falha ao criar rascunho de resposta para 'Declaração de Tráfego DUARTE DIAS x VIVO LD_07-2026.xls': Falha ao responder o e-mail '00000000A949F53E017BB44C86E46D56D2D6BB100700F25FC41A3584FC499D024E55DD250D4D00005211FBDF0000137D0D4C70E1CF4091747B97613AB5A60000A35B1B400000': (-2147467260, 'Operação anulada', None, None)
Traceback (most recent call last):

  File "C:\RPA\Dtraf\MVP2\MVP2\DETRAF-UNIFICADO\unificado\comum\integracoes\outlook.py", line 301, in responder_email
    reply.Save()
    └ <COMObject Reply>

  File "<COMObject Reply>", line 2, in Save

pywintypes.com_error: (-2147467260, 'Operação anulada', None, None)


The above exception was the direct cause of the following exception:


Traceback (most recent call last):

  File "C:\RPA\Dtraf\MVP2\MVP2\DETRAF-UNIFICADO\unificado\rpa1_captura\main.py", line 118, in <module>
    raise SystemExit(main())
                     └ <function main at 0x000001FE9ED014E0>

  File "C:\RPA\Dtraf\MVP2\MVP2\DETRAF-UNIFICADO\unificado\rpa1_captura\main.py", line 94, in main
    run(pasta_entrada=recorte.pasta_entrada, etapa=recorte.etapa, diagnostico=diagnostico)
    │                 │       │                    │       │                  └ <comum.config.diagnostico_execucao.DiagnosticoDeExecucao object at 0x000001FEA1555D30>
    │                 │       │                    │       └ None
    │                 │       │                    └ Argumentos(referencia=None, operadoras=[], etapa=None, pasta_entrada=None, de_pasta=None, dry_run=False, pausar=False)
    │                 │       └ None
    │                 └ Argumentos(referencia=None, operadoras=[], etapa=None, pasta_entrada=None, de_pasta=None, dry_run=False, pausar=False)
    └ <function run at 0x000001FEA15AAAC0>

  File "C:\RPA\Dtraf\MVP2\MVP2\DETRAF-UNIFICADO\unificado\rpa1_captura\src\main\process_handle.py", line 34, in run
    controller.processar(
    │          └ <function ProcessamentoController.processar at 0x000001FEBB0BFD80>
    └ <src.controllers.processamento_controller.ProcessamentoController object at 0x000001FEBB084C20>

  File "C:\RPA\Dtraf\MVP2\MVP2\DETRAF-UNIFICADO\unificado\rpa1_captura\src\controllers\processamento_controller.py", line 155, in processar
    self._servico.executar(arquivos)
    │    │        │        └ [ArquivoParaProcessar(caminho=WindowsPath('C:/RPA/Dtraf/MVP2/MVP2/DETRAF-UNIFICADO/unificado/arquivos/Entrada/9D024E55DD250D4...
    │    │        └ <function ProcessamentoService.executar at 0x000001FEBB0BF600>
    │    └ <src.services.processamento_service.ProcessamentoService object at 0x000001FEBB085160>
    └ <src.controllers.processamento_controller.ProcessamentoController object at 0x000001FEBB084C20>

  File "C:\RPA\Dtraf\MVP2\MVP2\DETRAF-UNIFICADO\unificado\rpa1_captura\src\services\processamento_service.py", line 151, in executar
    self._notificar_reprovados()
    │    └ <function ProcessamentoService._notificar_reprovados at 0x000001FEBB0BFA60>
    └ <src.services.processamento_service.ProcessamentoService object at 0x000001FEBB085160>

  File "C:\RPA\Dtraf\MVP2\MVP2\DETRAF-UNIFICADO\unificado\rpa1_captura\src\services\processamento_service.py", line 588, in _notificar_reprovados
    sucesso = bool(self._notificar_externo(pacote, recusas))
                   │    │                  │       └ [ArquivoRecusado(nome='Declaração de Tráfego DUARTE DIAS x VIVO LD_07-2026.xls', motivos=['o arquivo não pôde ser lido (forma...
                   │    │                  └ ArquivoParaProcessar(caminho=WindowsPath('C:/RPA/Dtraf/MVP2/MVP2/DETRAF-UNIFICADO/unificado/arquivos/Entrada/9D024E55DD250D4D...
                   │    └ <bound method ProcessamentoController._notificar_operadora of <src.controllers.processamento_controller.ProcessamentoControll...
                   └ <src.services.processamento_service.ProcessamentoService object at 0x000001FEBB085160>

  File "C:\RPA\Dtraf\MVP2\MVP2\DETRAF-UNIFICADO\unificado\rpa1_captura\src\controllers\processamento_controller.py", line 31, in _notificar_operadora
    return notificar_arquivos_recusados(self._outlook.responder, pacote, recusas)
           │                            │    │                   │       └ [ArquivoRecusado(nome='Declaração de Tráfego DUARTE DIAS x VIVO LD_07-2026.xls', motivos=['o arquivo não pôde ser lido (forma...
           │                            │    │                   └ ArquivoParaProcessar(caminho=WindowsPath('C:/RPA/Dtraf/MVP2/MVP2/DETRAF-UNIFICADO/unificado/arquivos/Entrada/9D024E55DD250D4D...
           │                            │    └ <property object at 0x000001FEA15B03B0>
           │                            └ <src.controllers.processamento_controller.ProcessamentoController object at 0x000001FEBB084C20>
           └ <function notificar_arquivos_recusados at 0x000001FEA17479C0>

  File "C:\RPA\Dtraf\MVP2\MVP2\DETRAF-UNIFICADO\unificado\rpa1_captura\src\services\notificacao_operadora.py", line 74, in notificar_arquivos_recusados
    return bool(responder(pacote, corpo, configuration.NOTIFICAR_OPERADORA_ENVIAR))
                │         │       │      │             └ False
                │         │       │      └ <module 'comum.config.configuration' from 'C:\\RPA\\Dtraf\\MVP2\\MVP2\\DETRAF-UNIFICADO\\unificado\\comum\\config\\configurat...
                │         │       └ 'Prezados,\n\nOs arquivos de Detraf abaixo, enviados por sua empresa nesta mensagem, não\npuderam ser processados e estão sen...
                │         └ ArquivoParaProcessar(caminho=WindowsPath('C:/RPA/Dtraf/MVP2/MVP2/DETRAF-UNIFICADO/unificado/arquivos/Entrada/9D024E55DD250D4D...
                └ <bound method OutlookController.responder of <src.controllers.outlook_controller.OutlookController object at 0x000001FEBB0855...

> File "C:\RPA\Dtraf\MVP2\MVP2\DETRAF-UNIFICADO\unificado\rpa1_captura\src\controllers\outlook_controller.py", line 234, in responder
    OutlookService(self._config.account).responder_email(
    │              │    │       └ 'detrafTBRA'
    │              │    └ OutlookConfig(account='detrafTBRA', detraf_despesas_folder='Detraf Despesas', processados_folder='PROCESSADOS', dest_root=Win...
    │              └ <src.controllers.outlook_controller.OutlookController object at 0x000001FEBB085550>
    └ <class 'comum.integracoes.outlook.OutlookService'>

  File "C:\RPA\Dtraf\MVP2\MVP2\DETRAF-UNIFICADO\unificado\comum\integracoes\outlook.py", line 303, in responder_email
    raise OutlookError(f"Falha ao responder o e-mail '{entry_id}': {exc}") from exc
          │                                            └ '00000000A949F53E017BB44C86E46D56D2D6BB100700F25FC41A3584FC499D024E55DD250D4D00005211FBDF0000137D0D4C70E1CF4091747B97613AB5A6...
          └ <class 'comum.integracoes.outlook.OutlookError'>

comum.integracoes.outlook.OutlookError: Falha ao responder o e-mail '00000000A949F53E017BB44C86E46D56D2D6BB100700F25FC41A3584FC499D024E55DD250D4D00005211FBDF0000137D0D4C70E1CF4091747B97613AB5A60000A35B1B400000': (-2147467260, 'Operação anulada', None, None)
2026-08-13 11:54:34.562 | INFO    |src.services.processamento_service:executar:151 - [RPA 1] E-mail de origem de 'Declaração de Tráfego DUARTE DIAS x VIVO LD_07-2026.xls': 2 arquivo(s) recusado(s), operadora NÃO notificada.
2026-08-13 11:54:34.563 | INFO    |src.controllers.outlook_controller:responder:234 - Conectando ao Outlook (conta configurada: 'detrafTBRA')...
2026-08-13 11:54:34.571 | INFO    |src.controllers.outlook_controller:responder:234 - Conectado ao Outlook com sucesso.
2026-08-13 11:54:34.734 | ERROR   |src.services.notificacao_operadora:notificar_arquivos_recusados:74 - [RPA 1] Falha ao criar rascunho de resposta para 'expectativa-telefonica-brasil-smp-c-vc1-202607.xlsx': Falha ao responder o e-mail '00000000A949F53E017BB44C86E46D56D2D6BB100700F25FC41A3584FC499D024E55DD250D4D00005211FBDF0000137D0D4C70E1CF4091747B97613AB5A60000A35B1B410000': (-2147467260, 'Operação anulada', None, None)
Traceback (most recent call last):

  File "C:\RPA\Dtraf\MVP2\MVP2\DETRAF-UNIFICADO\unificado\comum\integracoes\outlook.py", line 301, in responder_email
    reply.Save()
    └ <COMObject Reply>

  File "<COMObject Reply>", line 2, in Save

pywintypes.com_error: (-2147467260, 'Operação anulada', None, None)


The above exception was the direct cause of the following exception:


Traceback (most recent call last):

  File "C:\RPA\Dtraf\MVP2\MVP2\DETRAF-UNIFICADO\unificado\rpa1_captura\main.py", line 118, in <module>
    raise SystemExit(main())
                     └ <function main at 0x000001FE9ED014E0>

  File "C:\RPA\Dtraf\MVP2\MVP2\DETRAF-UNIFICADO\unificado\rpa1_captura\main.py", line 94, in main
    run(pasta_entrada=recorte.pasta_entrada, etapa=recorte.etapa, diagnostico=diagnostico)
    │                 │       │                    │       │                  └ <comum.config.diagnostico_execucao.DiagnosticoDeExecucao object at 0x000001FEA1555D30>
    │                 │       │                    │       └ None
    │                 │       │                    └ Argumentos(referencia=None, operadoras=[], etapa=None, pasta_entrada=None, de_pasta=None, dry_run=False, pausar=False)
    │                 │       └ None
    │                 └ Argumentos(referencia=None, operadoras=[], etapa=None, pasta_entrada=None, de_pasta=None, dry_run=False, pausar=False)
    └ <function run at 0x000001FEA15AAAC0>

  File "C:\RPA\Dtraf\MVP2\MVP2\DETRAF-UNIFICADO\unificado\rpa1_captura\src\main\process_handle.py", line 34, in run
    controller.processar(
    │          └ <function ProcessamentoController.processar at 0x000001FEBB0BFD80>
    └ <src.controllers.processamento_controller.ProcessamentoController object at 0x000001FEBB084C20>

  File "C:\RPA\Dtraf\MVP2\MVP2\DETRAF-UNIFICADO\unificado\rpa1_captura\src\controllers\processamento_controller.py", line 155, in processar
    self._servico.executar(arquivos)
    │    │        │        └ [ArquivoParaProcessar(caminho=WindowsPath('C:/RPA/Dtraf/MVP2/MVP2/DETRAF-UNIFICADO/unificado/arquivos/Entrada/9D024E55DD250D4...
    │    │        └ <function ProcessamentoService.executar at 0x000001FEBB0BF600>
    │    └ <src.services.processamento_service.ProcessamentoService object at 0x000001FEBB085160>
    └ <src.controllers.processamento_controller.ProcessamentoController object at 0x000001FEBB084C20>

  File "C:\RPA\Dtraf\MVP2\MVP2\DETRAF-UNIFICADO\unificado\rpa1_captura\src\services\processamento_service.py", line 151, in executar
    self._notificar_reprovados()
    │    └ <function ProcessamentoService._notificar_reprovados at 0x000001FEBB0BFA60>
    └ <src.services.processamento_service.ProcessamentoService object at 0x000001FEBB085160>

  File "C:\RPA\Dtraf\MVP2\MVP2\DETRAF-UNIFICADO\unificado\rpa1_captura\src\services\processamento_service.py", line 588, in _notificar_reprovados
    sucesso = bool(self._notificar_externo(pacote, recusas))
                   │    │                  │       └ [ArquivoRecusado(nome='expectativa-telefonica-brasil-smp-c-vc1-202607.xlsx', motivos=['posição 0 (Credora): esperado EOT numé...
                   │    │                  └ ArquivoParaProcessar(caminho=WindowsPath('C:/RPA/Dtraf/MVP2/MVP2/DETRAF-UNIFICADO/unificado/arquivos/Entrada/9D024E55DD250D4D...
                   │    └ <bound method ProcessamentoController._notificar_operadora of <src.controllers.processamento_controller.ProcessamentoControll...
                   └ <src.services.processamento_service.ProcessamentoService object at 0x000001FEBB085160>

  File "C:\RPA\Dtraf\MVP2\MVP2\DETRAF-UNIFICADO\unificado\rpa1_captura\src\controllers\processamento_controller.py", line 31, in _notificar_operadora
    return notificar_arquivos_recusados(self._outlook.responder, pacote, recusas)
           │                            │    │                   │       └ [ArquivoRecusado(nome='expectativa-telefonica-brasil-smp-c-vc1-202607.xlsx', motivos=['posição 0 (Credora): esperado EOT numé...
           │                            │    │                   └ ArquivoParaProcessar(caminho=WindowsPath('C:/RPA/Dtraf/MVP2/MVP2/DETRAF-UNIFICADO/unificado/arquivos/Entrada/9D024E55DD250D4D...
           │                            │    └ <property object at 0x000001FEA15B03B0>
           │                            └ <src.controllers.processamento_controller.ProcessamentoController object at 0x000001FEBB084C20>
           └ <function notificar_arquivos_recusados at 0x000001FEA17479C0>

  File "C:\RPA\Dtraf\MVP2\MVP2\DETRAF-UNIFICADO\unificado\rpa1_captura\src\services\notificacao_operadora.py", line 74, in notificar_arquivos_recusados
    return bool(responder(pacote, corpo, configuration.NOTIFICAR_OPERADORA_ENVIAR))
                │         │       │      │             └ False
                │         │       │      └ <module 'comum.config.configuration' from 'C:\\RPA\\Dtraf\\MVP2\\MVP2\\DETRAF-UNIFICADO\\unificado\\comum\\config\\configurat...
                │         │       └ 'Prezados,\n\nOs arquivos de Detraf abaixo, enviados por sua empresa nesta mensagem, não\npuderam ser processados e estão sen...
                │         └ ArquivoParaProcessar(caminho=WindowsPath('C:/RPA/Dtraf/MVP2/MVP2/DETRAF-UNIFICADO/unificado/arquivos/Entrada/9D024E55DD250D4D...
                └ <bound method OutlookController.responder of <src.controllers.outlook_controller.OutlookController object at 0x000001FEBB0855...

> File "C:\RPA\Dtraf\MVP2\MVP2\DETRAF-UNIFICADO\unificado\rpa1_captura\src\controllers\outlook_controller.py", line 234, in responder
    OutlookService(self._config.account).responder_email(
    │              │    │       └ 'detrafTBRA'
    │              │    └ OutlookConfig(account='detrafTBRA', detraf_despesas_folder='Detraf Despesas', processados_folder='PROCESSADOS', dest_root=Win...
    │              └ <src.controllers.outlook_controller.OutlookController object at 0x000001FEBB085550>
    └ <class 'comum.integracoes.outlook.OutlookService'>

  File "C:\RPA\Dtraf\MVP2\MVP2\DETRAF-UNIFICADO\unificado\comum\integracoes\outlook.py", line 303, in responder_email
    raise OutlookError(f"Falha ao responder o e-mail '{entry_id}': {exc}") from exc
          │                                            └ '00000000A949F53E017BB44C86E46D56D2D6BB100700F25FC41A3584FC499D024E55DD250D4D00005211FBDF0000137D0D4C70E1CF4091747B97613AB5A6...
          └ <class 'comum.integracoes.outlook.OutlookError'>

comum.integracoes.outlook.OutlookError: Falha ao responder o e-mail '00000000A949F53E017BB44C86E46D56D2D6BB100700F25FC41A3584FC499D024E55DD250D4D00005211FBDF0000137D0D4C70E1CF4091747B97613AB5A60000A35B1B410000': (-2147467260, 'Operação anulada', None, None)
2026-08-13 11:54:34.744 | INFO    |src.services.processamento_service:executar:151 - [RPA 1] E-mail de origem de 'expectativa-telefonica-brasil-smp-c-vc1-202607.xlsx': 2 arquivo(s) recusado(s), operadora NÃO notificada.
2026-08-13 11:54:34.745 | INFO    |src.controllers.outlook_controller:responder:234 - Conectando ao Outlook (conta configurada: 'detrafTBRA')...
2026-08-13 11:54:34.755 | INFO    |src.controllers.outlook_controller:responder:234 - Conectado ao Outlook com sucesso.
2026-08-13 11:54:34.911 | ERROR   |src.services.notificacao_operadora:notificar_arquivos_recusados:74 - [RPA 1] Falha ao criar rascunho de resposta para 'Declaração de Tráfego JP x VIVO LD_07-2026.xls': Falha ao responder o e-mail '00000000A949F53E017BB44C86E46D56D2D6BB100700F25FC41A3584FC499D024E55DD250D4D00005211FBDF0000137D0D4C70E1CF4091747B97613AB5A60000A35B1B420000': (-2147467260, 'Operação anulada', None, None)
Traceback (most recent call last):

  File "C:\RPA\Dtraf\MVP2\MVP2\DETRAF-UNIFICADO\unificado\comum\integracoes\outlook.py", line 301, in responder_email
    reply.Save()
    └ <COMObject Reply>

  File "<COMObject Reply>", line 2, in Save

pywintypes.com_error: (-2147467260, 'Operação anulada', None, None)


The above exception was the direct cause of the following exception:


Traceback (most recent call last):

  File "C:\RPA\Dtraf\MVP2\MVP2\DETRAF-UNIFICADO\unificado\rpa1_captura\main.py", line 118, in <module>
    raise SystemExit(main())
                     └ <function main at 0x000001FE9ED014E0>

  File "C:\RPA\Dtraf\MVP2\MVP2\DETRAF-UNIFICADO\unificado\rpa1_captura\main.py", line 94, in main
    run(pasta_entrada=recorte.pasta_entrada, etapa=recorte.etapa, diagnostico=diagnostico)
    │                 │       │                    │       │                  └ <comum.config.diagnostico_execucao.DiagnosticoDeExecucao object at 0x000001FEA1555D30>
    │                 │       │                    │       └ None
    │                 │       │                    └ Argumentos(referencia=None, operadoras=[], etapa=None, pasta_entrada=None, de_pasta=None, dry_run=False, pausar=False)
    │                 │       └ None
    │                 └ Argumentos(referencia=None, operadoras=[], etapa=None, pasta_entrada=None, de_pasta=None, dry_run=False, pausar=False)
    └ <function run at 0x000001FEA15AAAC0>

  File "C:\RPA\Dtraf\MVP2\MVP2\DETRAF-UNIFICADO\unificado\rpa1_captura\src\main\process_handle.py", line 34, in run
    controller.processar(
    │          └ <function ProcessamentoController.processar at 0x000001FEBB0BFD80>
    └ <src.controllers.processamento_controller.ProcessamentoController object at 0x000001FEBB084C20>

  File "C:\RPA\Dtraf\MVP2\MVP2\DETRAF-UNIFICADO\unificado\rpa1_captura\src\controllers\processamento_controller.py", line 155, in processar
    self._servico.executar(arquivos)
    │    │        │        └ [ArquivoParaProcessar(caminho=WindowsPath('C:/RPA/Dtraf/MVP2/MVP2/DETRAF-UNIFICADO/unificado/arquivos/Entrada/9D024E55DD250D4...
    │    │        └ <function ProcessamentoService.executar at 0x000001FEBB0BF600>
    │    └ <src.services.processamento_service.ProcessamentoService object at 0x000001FEBB085160>
    └ <src.controllers.processamento_controller.ProcessamentoController object at 0x000001FEBB084C20>

  File "C:\RPA\Dtraf\MVP2\MVP2\DETRAF-UNIFICADO\unificado\rpa1_captura\src\services\processamento_service.py", line 151, in executar
    self._notificar_reprovados()
    │    └ <function ProcessamentoService._notificar_reprovados at 0x000001FEBB0BFA60>
    └ <src.services.processamento_service.ProcessamentoService object at 0x000001FEBB085160>

  File "C:\RPA\Dtraf\MVP2\MVP2\DETRAF-UNIFICADO\unificado\rpa1_captura\src\services\processamento_service.py", line 588, in _notificar_reprovados
    sucesso = bool(self._notificar_externo(pacote, recusas))
                   │    │                  │       └ [ArquivoRecusado(nome='Declaração de Tráfego JP x VIVO LD_07-2026.xls', motivos=['o arquivo não pôde ser lido (formato, codif...
                   │    │                  └ ArquivoParaProcessar(caminho=WindowsPath('C:/RPA/Dtraf/MVP2/MVP2/DETRAF-UNIFICADO/unificado/arquivos/Entrada/9D024E55DD250D4D...
                   │    └ <bound method ProcessamentoController._notificar_operadora of <src.controllers.processamento_controller.ProcessamentoControll...
                   └ <src.services.processamento_service.ProcessamentoService object at 0x000001FEBB085160>

  File "C:\RPA\Dtraf\MVP2\MVP2\DETRAF-UNIFICADO\unificado\rpa1_captura\src\controllers\processamento_controller.py", line 31, in _notificar_operadora
    return notificar_arquivos_recusados(self._outlook.responder, pacote, recusas)
           │                            │    │                   │       └ [ArquivoRecusado(nome='Declaração de Tráfego JP x VIVO LD_07-2026.xls', motivos=['o arquivo não pôde ser lido (formato, codif...
           │                            │    │                   └ ArquivoParaProcessar(caminho=WindowsPath('C:/RPA/Dtraf/MVP2/MVP2/DETRAF-UNIFICADO/unificado/arquivos/Entrada/9D024E55DD250D4D...
           │                            │    └ <property object at 0x000001FEA15B03B0>
           │                            └ <src.controllers.processamento_controller.ProcessamentoController object at 0x000001FEBB084C20>
           └ <function notificar_arquivos_recusados at 0x000001FEA17479C0>

  File "C:\RPA\Dtraf\MVP2\MVP2\DETRAF-UNIFICADO\unificado\rpa1_captura\src\services\notificacao_operadora.py", line 74, in notificar_arquivos_recusados
    return bool(responder(pacote, corpo, configuration.NOTIFICAR_OPERADORA_ENVIAR))
                │         │       │      │             └ False
                │         │       │      └ <module 'comum.config.configuration' from 'C:\\RPA\\Dtraf\\MVP2\\MVP2\\DETRAF-UNIFICADO\\unificado\\comum\\config\\configurat...
                │         │       └ 'Prezados,\n\nOs arquivos de Detraf abaixo, enviados por sua empresa nesta mensagem, não\npuderam ser processados e estão sen...
                │         └ ArquivoParaProcessar(caminho=WindowsPath('C:/RPA/Dtraf/MVP2/MVP2/DETRAF-UNIFICADO/unificado/arquivos/Entrada/9D024E55DD250D4D...
                └ <bound method OutlookController.responder of <src.controllers.outlook_controller.OutlookController object at 0x000001FEBB0855...

> File "C:\RPA\Dtraf\MVP2\MVP2\DETRAF-UNIFICADO\unificado\rpa1_captura\src\controllers\outlook_controller.py", line 234, in responder
    OutlookService(self._config.account).responder_email(
    │              │    │       └ 'detrafTBRA'
    │              │    └ OutlookConfig(account='detrafTBRA', detraf_despesas_folder='Detraf Despesas', processados_folder='PROCESSADOS', dest_root=Win...
    │              └ <src.controllers.outlook_controller.OutlookController object at 0x000001FEBB085550>
    └ <class 'comum.integracoes.outlook.OutlookService'>

  File "C:\RPA\Dtraf\MVP2\MVP2\DETRAF-UNIFICADO\unificado\comum\integracoes\outlook.py", line 303, in responder_email
    raise OutlookError(f"Falha ao responder o e-mail '{entry_id}': {exc}") from exc
          │                                            └ '00000000A949F53E017BB44C86E46D56D2D6BB100700F25FC41A3584FC499D024E55DD250D4D00005211FBDF0000137D0D4C70E1CF4091747B97613AB5A6...
          └ <class 'comum.integracoes.outlook.OutlookError'>

comum.integracoes.outlook.OutlookError: Falha ao responder o e-mail '00000000A949F53E017BB44C86E46D56D2D6BB100700F25FC41A3584FC499D024E55DD250D4D00005211FBDF0000137D0D4C70E1CF4091747B97613AB5A60000A35B1B420000': (-2147467260, 'Operação anulada', None, None)
2026-08-13 11:54:34.920 | INFO    |src.services.processamento_service:executar:151 - [RPA 1] E-mail de origem de 'Declaração de Tráfego JP x VIVO LD_07-2026.xls': 2 arquivo(s) recusado(s), operadora NÃO notificada.
2026-08-13 11:54:34.921 | INFO    |src.controllers.outlook_controller:responder:234 - Conectando ao Outlook (conta configurada: 'detrafTBRA')...
2026-08-13 11:54:34.930 | INFO    |src.controllers.outlook_controller:responder:234 - Conectado ao Outlook com sucesso.
2026-08-13 11:54:35.074 | ERROR   |src.services.notificacao_operadora:notificar_arquivos_recusados:74 - [RPA 1] Falha ao criar rascunho de resposta para 'expectativa-telefonica-brasil-smp-c-vc1-202607.xlsx': Falha ao responder o e-mail '00000000A949F53E017BB44C86E46D56D2D6BB100700F25FC41A3584FC499D024E55DD250D4D00005211FBDF0000137D0D4C70E1CF4091747B97613AB5A60000A35B1B430000': (-2147467260, 'Operação anulada', None, None)
Traceback (most recent call last):

  File "C:\RPA\Dtraf\MVP2\MVP2\DETRAF-UNIFICADO\unificado\comum\integracoes\outlook.py", line 301, in responder_email
    reply.Save()
    └ <COMObject Reply>

  File "<COMObject Reply>", line 2, in Save

pywintypes.com_error: (-2147467260, 'Operação anulada', None, None)


The above exception was the direct cause of the following exception:


Traceback (most recent call last):

  File "C:\RPA\Dtraf\MVP2\MVP2\DETRAF-UNIFICADO\unificado\rpa1_captura\main.py", line 118, in <module>
    raise SystemExit(main())
                     └ <function main at 0x000001FE9ED014E0>

  File "C:\RPA\Dtraf\MVP2\MVP2\DETRAF-UNIFICADO\unificado\rpa1_captura\main.py", line 94, in main
    run(pasta_entrada=recorte.pasta_entrada, etapa=recorte.etapa, diagnostico=diagnostico)
    │                 │       │                    │       │                  └ <comum.config.diagnostico_execucao.DiagnosticoDeExecucao object at 0x000001FEA1555D30>
    │                 │       │                    │       └ None
    │                 │       │                    └ Argumentos(referencia=None, operadoras=[], etapa=None, pasta_entrada=None, de_pasta=None, dry_run=False, pausar=False)
    │                 │       └ None
    │                 └ Argumentos(referencia=None, operadoras=[], etapa=None, pasta_entrada=None, de_pasta=None, dry_run=False, pausar=False)
    └ <function run at 0x000001FEA15AAAC0>

  File "C:\RPA\Dtraf\MVP2\MVP2\DETRAF-UNIFICADO\unificado\rpa1_captura\src\main\process_handle.py", line 34, in run
    controller.processar(
    │          └ <function ProcessamentoController.processar at 0x000001FEBB0BFD80>
    └ <src.controllers.processamento_controller.ProcessamentoController object at 0x000001FEBB084C20>

  File "C:\RPA\Dtraf\MVP2\MVP2\DETRAF-UNIFICADO\unificado\rpa1_captura\src\controllers\processamento_controller.py", line 155, in processar
    self._servico.executar(arquivos)
    │    │        │        └ [ArquivoParaProcessar(caminho=WindowsPath('C:/RPA/Dtraf/MVP2/MVP2/DETRAF-UNIFICADO/unificado/arquivos/Entrada/9D024E55DD250D4...
    │    │        └ <function ProcessamentoService.executar at 0x000001FEBB0BF600>
    │    └ <src.services.processamento_service.ProcessamentoService object at 0x000001FEBB085160>
    └ <src.controllers.processamento_controller.ProcessamentoController object at 0x000001FEBB084C20>

  File "C:\RPA\Dtraf\MVP2\MVP2\DETRAF-UNIFICADO\unificado\rpa1_captura\src\services\processamento_service.py", line 151, in executar
    self._notificar_reprovados()
    │    └ <function ProcessamentoService._notificar_reprovados at 0x000001FEBB0BFA60>
    └ <src.services.processamento_service.ProcessamentoService object at 0x000001FEBB085160>

  File "C:\RPA\Dtraf\MVP2\MVP2\DETRAF-UNIFICADO\unificado\rpa1_captura\src\services\processamento_service.py", line 588, in _notificar_reprovados
    sucesso = bool(self._notificar_externo(pacote, recusas))
                   │    │                  │       └ [ArquivoRecusado(nome='expectativa-telefonica-brasil-smp-c-vc1-202607.xlsx', motivos=['posição 0 (Credora): esperado EOT numé...
                   │    │                  └ ArquivoParaProcessar(caminho=WindowsPath('C:/RPA/Dtraf/MVP2/MVP2/DETRAF-UNIFICADO/unificado/arquivos/Entrada/9D024E55DD250D4D...
                   │    └ <bound method ProcessamentoController._notificar_operadora of <src.controllers.processamento_controller.ProcessamentoControll...
                   └ <src.services.processamento_service.ProcessamentoService object at 0x000001FEBB085160>

  File "C:\RPA\Dtraf\MVP2\MVP2\DETRAF-UNIFICADO\unificado\rpa1_captura\src\controllers\processamento_controller.py", line 31, in _notificar_operadora
    return notificar_arquivos_recusados(self._outlook.responder, pacote, recusas)
           │                            │    │                   │       └ [ArquivoRecusado(nome='expectativa-telefonica-brasil-smp-c-vc1-202607.xlsx', motivos=['posição 0 (Credora): esperado EOT numé...
           │                            │    │                   └ ArquivoParaProcessar(caminho=WindowsPath('C:/RPA/Dtraf/MVP2/MVP2/DETRAF-UNIFICADO/unificado/arquivos/Entrada/9D024E55DD250D4D...
           │                            │    └ <property object at 0x000001FEA15B03B0>
           │                            └ <src.controllers.processamento_controller.ProcessamentoController object at 0x000001FEBB084C20>
           └ <function notificar_arquivos_recusados at 0x000001FEA17479C0>

  File "C:\RPA\Dtraf\MVP2\MVP2\DETRAF-UNIFICADO\unificado\rpa1_captura\src\services\notificacao_operadora.py", line 74, in notificar_arquivos_recusados
    return bool(responder(pacote, corpo, configuration.NOTIFICAR_OPERADORA_ENVIAR))
                │         │       │      │             └ False
                │         │       │      └ <module 'comum.config.configuration' from 'C:\\RPA\\Dtraf\\MVP2\\MVP2\\DETRAF-UNIFICADO\\unificado\\comum\\config\\configurat...
                │         │       └ 'Prezados,\n\nOs arquivos de Detraf abaixo, enviados por sua empresa nesta mensagem, não\npuderam ser processados e estão sen...
                │         └ ArquivoParaProcessar(caminho=WindowsPath('C:/RPA/Dtraf/MVP2/MVP2/DETRAF-UNIFICADO/unificado/arquivos/Entrada/9D024E55DD250D4D...
                └ <bound method OutlookController.responder of <src.controllers.outlook_controller.OutlookController object at 0x000001FEBB0855...

> File "C:\RPA\Dtraf\MVP2\MVP2\DETRAF-UNIFICADO\unificado\rpa1_captura\src\controllers\outlook_controller.py", line 234, in responder
    OutlookService(self._config.account).responder_email(
    │              │    │       └ 'detrafTBRA'
    │              │    └ OutlookConfig(account='detrafTBRA', detraf_despesas_folder='Detraf Despesas', processados_folder='PROCESSADOS', dest_root=Win...
    │              └ <src.controllers.outlook_controller.OutlookController object at 0x000001FEBB085550>
    └ <class 'comum.integracoes.outlook.OutlookService'>

  File "C:\RPA\Dtraf\MVP2\MVP2\DETRAF-UNIFICADO\unificado\comum\integracoes\outlook.py", line 303, in responder_email
    raise OutlookError(f"Falha ao responder o e-mail '{entry_id}': {exc}") from exc
          │                                            └ '00000000A949F53E017BB44C86E46D56D2D6BB100700F25FC41A3584FC499D024E55DD250D4D00005211FBDF0000137D0D4C70E1CF4091747B97613AB5A6...
          └ <class 'comum.integracoes.outlook.OutlookError'>

comum.integracoes.outlook.OutlookError: Falha ao responder o e-mail '00000000A949F53E017BB44C86E46D56D2D6BB100700F25FC41A3584FC499D024E55DD250D4D00005211FBDF0000137D0D4C70E1CF4091747B97613AB5A60000A35B1B430000': (-2147467260, 'Operação anulada', None, None)
2026-08-13 11:54:35.088 | INFO    |src.services.processamento_service:executar:151 - [RPA 1] E-mail de origem de 'expectativa-telefonica-brasil-smp-c-vc1-202607.xlsx': 2 arquivo(s) recusado(s), operadora NÃO notificada.
2026-08-13 11:54:35.089 | INFO    |src.controllers.outlook_controller:responder:234 - Conectando ao Outlook (conta configurada: 'detrafTBRA')...
2026-08-13 11:54:35.099 | INFO    |src.controllers.outlook_controller:responder:234 - Conectado ao Outlook com sucesso.
2026-08-13 11:54:35.248 | ERROR   |src.services.notificacao_operadora:notificar_arquivos_recusados:74 - [RPA 1] Falha ao criar rascunho de resposta para 'Declaração de Tráfego FLEXUS x VIVO LD_07-2026.xls': Falha ao responder o e-mail '00000000A949F53E017BB44C86E46D56D2D6BB100700F25FC41A3584FC499D024E55DD250D4D00005211FBDF0000137D0D4C70E1CF4091747B97613AB5A60000A35B1B440000': (-2147467260, 'Operação anulada', None, None)
Traceback (most recent call last):

  File "C:\RPA\Dtraf\MVP2\MVP2\DETRAF-UNIFICADO\unificado\comum\integracoes\outlook.py", line 301, in responder_email
    reply.Save()
    └ <COMObject Reply>

  File "<COMObject Reply>", line 2, in Save

pywintypes.com_error: (-2147467260, 'Operação anulada', None, None)


The above exception was the direct cause of the following exception:


Traceback (most recent call last):

  File "C:\RPA\Dtraf\MVP2\MVP2\DETRAF-UNIFICADO\unificado\rpa1_captura\main.py", line 118, in <module>
    raise SystemExit(main())
                     └ <function main at 0x000001FE9ED014E0>

  File "C:\RPA\Dtraf\MVP2\MVP2\DETRAF-UNIFICADO\unificado\rpa1_captura\main.py", line 94, in main
    run(pasta_entrada=recorte.pasta_entrada, etapa=recorte.etapa, diagnostico=diagnostico)
    │                 │       │                    │       │                  └ <comum.config.diagnostico_execucao.DiagnosticoDeExecucao object at 0x000001FEA1555D30>
    │                 │       │                    │       └ None
    │                 │       │                    └ Argumentos(referencia=None, operadoras=[], etapa=None, pasta_entrada=None, de_pasta=None, dry_run=False, pausar=False)
    │                 │       └ None
    │                 └ Argumentos(referencia=None, operadoras=[], etapa=None, pasta_entrada=None, de_pasta=None, dry_run=False, pausar=False)
    └ <function run at 0x000001FEA15AAAC0>

  File "C:\RPA\Dtraf\MVP2\MVP2\DETRAF-UNIFICADO\unificado\rpa1_captura\src\main\process_handle.py", line 34, in run
    controller.processar(
    │          └ <function ProcessamentoController.processar at 0x000001FEBB0BFD80>
    └ <src.controllers.processamento_controller.ProcessamentoController object at 0x000001FEBB084C20>

  File "C:\RPA\Dtraf\MVP2\MVP2\DETRAF-UNIFICADO\unificado\rpa1_captura\src\controllers\processamento_controller.py", line 155, in processar
    self._servico.executar(arquivos)
    │    │        │        └ [ArquivoParaProcessar(caminho=WindowsPath('C:/RPA/Dtraf/MVP2/MVP2/DETRAF-UNIFICADO/unificado/arquivos/Entrada/9D024E55DD250D4...
    │    │        └ <function ProcessamentoService.executar at 0x000001FEBB0BF600>
    │    └ <src.services.processamento_service.ProcessamentoService object at 0x000001FEBB085160>
    └ <src.controllers.processamento_controller.ProcessamentoController object at 0x000001FEBB084C20>

  File "C:\RPA\Dtraf\MVP2\MVP2\DETRAF-UNIFICADO\unificado\rpa1_captura\src\services\processamento_service.py", line 151, in executar
    self._notificar_reprovados()
    │    └ <function ProcessamentoService._notificar_reprovados at 0x000001FEBB0BFA60>
    └ <src.services.processamento_service.ProcessamentoService object at 0x000001FEBB085160>

  File "C:\RPA\Dtraf\MVP2\MVP2\DETRAF-UNIFICADO\unificado\rpa1_captura\src\services\processamento_service.py", line 588, in _notificar_reprovados
    sucesso = bool(self._notificar_externo(pacote, recusas))
                   │    │                  │       └ [ArquivoRecusado(nome='Declaração de Tráfego FLEXUS x VIVO LD_07-2026.xls', motivos=['o arquivo não pôde ser lido (formato, c...
                   │    │                  └ ArquivoParaProcessar(caminho=WindowsPath('C:/RPA/Dtraf/MVP2/MVP2/DETRAF-UNIFICADO/unificado/arquivos/Entrada/9D024E55DD250D4D...
                   │    └ <bound method ProcessamentoController._notificar_operadora of <src.controllers.processamento_controller.ProcessamentoControll...
                   └ <src.services.processamento_service.ProcessamentoService object at 0x000001FEBB085160>

  File "C:\RPA\Dtraf\MVP2\MVP2\DETRAF-UNIFICADO\unificado\rpa1_captura\src\controllers\processamento_controller.py", line 31, in _notificar_operadora
    return notificar_arquivos_recusados(self._outlook.responder, pacote, recusas)
           │                            │    │                   │       └ [ArquivoRecusado(nome='Declaração de Tráfego FLEXUS x VIVO LD_07-2026.xls', motivos=['o arquivo não pôde ser lido (formato, c...
           │                            │    │                   └ ArquivoParaProcessar(caminho=WindowsPath('C:/RPA/Dtraf/MVP2/MVP2/DETRAF-UNIFICADO/unificado/arquivos/Entrada/9D024E55DD250D4D...
           │                            │    └ <property object at 0x000001FEA15B03B0>
           │                            └ <src.controllers.processamento_controller.ProcessamentoController object at 0x000001FEBB084C20>
           └ <function notificar_arquivos_recusados at 0x000001FEA17479C0>

  File "C:\RPA\Dtraf\MVP2\MVP2\DETRAF-UNIFICADO\unificado\rpa1_captura\src\services\notificacao_operadora.py", line 74, in notificar_arquivos_recusados
    return bool(responder(pacote, corpo, configuration.NOTIFICAR_OPERADORA_ENVIAR))
                │         │       │      │             └ False
                │         │       │      └ <module 'comum.config.configuration' from 'C:\\RPA\\Dtraf\\MVP2\\MVP2\\DETRAF-UNIFICADO\\unificado\\comum\\config\\configurat...
                │         │       └ 'Prezados,\n\nOs arquivos de Detraf abaixo, enviados por sua empresa nesta mensagem, não\npuderam ser processados e estão sen...
                │         └ ArquivoParaProcessar(caminho=WindowsPath('C:/RPA/Dtraf/MVP2/MVP2/DETRAF-UNIFICADO/unificado/arquivos/Entrada/9D024E55DD250D4D...
                └ <bound method OutlookController.responder of <src.controllers.outlook_controller.OutlookController object at 0x000001FEBB0855...

> File "C:\RPA\Dtraf\MVP2\MVP2\DETRAF-UNIFICADO\unificado\rpa1_captura\src\controllers\outlook_controller.py", line 234, in responder
    OutlookService(self._config.account).responder_email(
    │              │    │       └ 'detrafTBRA'
    │              │    └ OutlookConfig(account='detrafTBRA', detraf_despesas_folder='Detraf Despesas', processados_folder='PROCESSADOS', dest_root=Win...
    │              └ <src.controllers.outlook_controller.OutlookController object at 0x000001FEBB085550>
    └ <class 'comum.integracoes.outlook.OutlookService'>

  File "C:\RPA\Dtraf\MVP2\MVP2\DETRAF-UNIFICADO\unificado\comum\integracoes\outlook.py", line 303, in responder_email
    raise OutlookError(f"Falha ao responder o e-mail '{entry_id}': {exc}") from exc
          │                                            └ '00000000A949F53E017BB44C86E46D56D2D6BB100700F25FC41A3584FC499D024E55DD250D4D00005211FBDF0000137D0D4C70E1CF4091747B97613AB5A6...
          └ <class 'comum.integracoes.outlook.OutlookError'>

comum.integracoes.outlook.OutlookError: Falha ao responder o e-mail '00000000A949F53E017BB44C86E46D56D2D6BB100700F25FC41A3584FC499D024E55DD250D4D00005211FBDF0000137D0D4C70E1CF4091747B97613AB5A60000A35B1B440000': (-2147467260, 'Operação anulada', None, None)
2026-08-13 11:54:35.257 | INFO    |src.services.processamento_service:executar:151 - [RPA 1] E-mail de origem de 'Declaração de Tráfego FLEXUS x VIVO LD_07-2026.xls': 2 arquivo(s) recusado(s), operadora NÃO notificada.
2026-08-13 11:54:35.258 | INFO    |src.controllers.outlook_controller:responder:234 - Conectando ao Outlook (conta configurada: 'detrafTBRA')...
2026-08-13 11:54:35.266 | INFO    |src.controllers.outlook_controller:responder:234 - Conectado ao Outlook com sucesso.
2026-08-13 11:54:35.416 | ERROR   |src.services.notificacao_operadora:notificar_arquivos_recusados:74 - [RPA 1] Falha ao criar rascunho de resposta para 'Declaração de Tráfego BRA x VIVO LD_07-2026.xls': Falha ao responder o e-mail '00000000A949F53E017BB44C86E46D56D2D6BB100700F25FC41A3584FC499D024E55DD250D4D00005211FBDF0000137D0D4C70E1CF4091747B97613AB5A60000A35B1B450000': (-2147467260, 'Operação anulada', None, None)
Traceback (most recent call last):

  File "C:\RPA\Dtraf\MVP2\MVP2\DETRAF-UNIFICADO\unificado\comum\integracoes\outlook.py", line 301, in responder_email
    reply.Save()
    └ <COMObject Reply>

  File "<COMObject Reply>", line 2, in Save

pywintypes.com_error: (-2147467260, 'Operação anulada', None, None)


The above exception was the direct cause of the following exception:


Traceback (most recent call last):

  File "C:\RPA\Dtraf\MVP2\MVP2\DETRAF-UNIFICADO\unificado\rpa1_captura\main.py", line 118, in <module>
    raise SystemExit(main())
                     └ <function main at 0x000001FE9ED014E0>

  File "C:\RPA\Dtraf\MVP2\MVP2\DETRAF-UNIFICADO\unificado\rpa1_captura\main.py", line 94, in main
    run(pasta_entrada=recorte.pasta_entrada, etapa=recorte.etapa, diagnostico=diagnostico)
    │                 │       │                    │       │                  └ <comum.config.diagnostico_execucao.DiagnosticoDeExecucao object at 0x000001FEA1555D30>
    │                 │       │                    │       └ None
    │                 │       │                    └ Argumentos(referencia=None, operadoras=[], etapa=None, pasta_entrada=None, de_pasta=None, dry_run=False, pausar=False)
    │                 │       └ None
    │                 └ Argumentos(referencia=None, operadoras=[], etapa=None, pasta_entrada=None, de_pasta=None, dry_run=False, pausar=False)
    └ <function run at 0x000001FEA15AAAC0>

  File "C:\RPA\Dtraf\MVP2\MVP2\DETRAF-UNIFICADO\unificado\rpa1_captura\src\main\process_handle.py", line 34, in run
    controller.processar(
    │          └ <function ProcessamentoController.processar at 0x000001FEBB0BFD80>
    └ <src.controllers.processamento_controller.ProcessamentoController object at 0x000001FEBB084C20>

  File "C:\RPA\Dtraf\MVP2\MVP2\DETRAF-UNIFICADO\unificado\rpa1_captura\src\controllers\processamento_controller.py", line 155, in processar
    self._servico.executar(arquivos)
    │    │        │        └ [ArquivoParaProcessar(caminho=WindowsPath('C:/RPA/Dtraf/MVP2/MVP2/DETRAF-UNIFICADO/unificado/arquivos/Entrada/9D024E55DD250D4...
    │    │        └ <function ProcessamentoService.executar at 0x000001FEBB0BF600>
    │    └ <src.services.processamento_service.ProcessamentoService object at 0x000001FEBB085160>
    └ <src.controllers.processamento_controller.ProcessamentoController object at 0x000001FEBB084C20>

  File "C:\RPA\Dtraf\MVP2\MVP2\DETRAF-UNIFICADO\unificado\rpa1_captura\src\services\processamento_service.py", line 151, in executar
    self._notificar_reprovados()
    │    └ <function ProcessamentoService._notificar_reprovados at 0x000001FEBB0BFA60>
    └ <src.services.processamento_service.ProcessamentoService object at 0x000001FEBB085160>

  File "C:\RPA\Dtraf\MVP2\MVP2\DETRAF-UNIFICADO\unificado\rpa1_captura\src\services\processamento_service.py", line 588, in _notificar_reprovados
    sucesso = bool(self._notificar_externo(pacote, recusas))
                   │    │                  │       └ [ArquivoRecusado(nome='Declaração de Tráfego BRA x VIVO LD_07-2026.xls', motivos=['o arquivo não pôde ser lido (formato, codi...
                   │    │                  └ ArquivoParaProcessar(caminho=WindowsPath('C:/RPA/Dtraf/MVP2/MVP2/DETRAF-UNIFICADO/unificado/arquivos/Entrada/9D024E55DD250D4D...
                   │    └ <bound method ProcessamentoController._notificar_operadora of <src.controllers.processamento_controller.ProcessamentoControll...
                   └ <src.services.processamento_service.ProcessamentoService object at 0x000001FEBB085160>

  File "C:\RPA\Dtraf\MVP2\MVP2\DETRAF-UNIFICADO\unificado\rpa1_captura\src\controllers\processamento_controller.py", line 31, in _notificar_operadora
    return notificar_arquivos_recusados(self._outlook.responder, pacote, recusas)
           │                            │    │                   │       └ [ArquivoRecusado(nome='Declaração de Tráfego BRA x VIVO LD_07-2026.xls', motivos=['o arquivo não pôde ser lido (formato, codi...
           │                            │    │                   └ ArquivoParaProcessar(caminho=WindowsPath('C:/RPA/Dtraf/MVP2/MVP2/DETRAF-UNIFICADO/unificado/arquivos/Entrada/9D024E55DD250D4D...
           │                            │    └ <property object at 0x000001FEA15B03B0>
           │                            └ <src.controllers.processamento_controller.ProcessamentoController object at 0x000001FEBB084C20>
           └ <function notificar_arquivos_recusados at 0x000001FEA17479C0>

  File "C:\RPA\Dtraf\MVP2\MVP2\DETRAF-UNIFICADO\unificado\rpa1_captura\src\services\notificacao_operadora.py", line 74, in notificar_arquivos_recusados
    return bool(responder(pacote, corpo, configuration.NOTIFICAR_OPERADORA_ENVIAR))
                │         │       │      │             └ False
                │         │       │      └ <module 'comum.config.configuration' from 'C:\\RPA\\Dtraf\\MVP2\\MVP2\\DETRAF-UNIFICADO\\unificado\\comum\\config\\configurat...
                │         │       └ 'Prezados,\n\nOs arquivos de Detraf abaixo, enviados por sua empresa nesta mensagem, não\npuderam ser processados e estão sen...
                │         └ ArquivoParaProcessar(caminho=WindowsPath('C:/RPA/Dtraf/MVP2/MVP2/DETRAF-UNIFICADO/unificado/arquivos/Entrada/9D024E55DD250D4D...
                └ <bound method OutlookController.responder of <src.controllers.outlook_controller.OutlookController object at 0x000001FEBB0855...

> File "C:\RPA\Dtraf\MVP2\MVP2\DETRAF-UNIFICADO\unificado\rpa1_captura\src\controllers\outlook_controller.py", line 234, in responder
    OutlookService(self._config.account).responder_email(
    │              │    │       └ 'detrafTBRA'
    │              │    └ OutlookConfig(account='detrafTBRA', detraf_despesas_folder='Detraf Despesas', processados_folder='PROCESSADOS', dest_root=Win...
    │              └ <src.controllers.outlook_controller.OutlookController object at 0x000001FEBB085550>
    └ <class 'comum.integracoes.outlook.OutlookService'>

  File "C:\RPA\Dtraf\MVP2\MVP2\DETRAF-UNIFICADO\unificado\comum\integracoes\outlook.py", line 303, in responder_email
    raise OutlookError(f"Falha ao responder o e-mail '{entry_id}': {exc}") from exc
          │                                            └ '00000000A949F53E017BB44C86E46D56D2D6BB100700F25FC41A3584FC499D024E55DD250D4D00005211FBDF0000137D0D4C70E1CF4091747B97613AB5A6...
          └ <class 'comum.integracoes.outlook.OutlookError'>

comum.integracoes.outlook.OutlookError: Falha ao responder o e-mail '00000000A949F53E017BB44C86E46D56D2D6BB100700F25FC41A3584FC499D024E55DD250D4D00005211FBDF0000137D0D4C70E1CF4091747B97613AB5A60000A35B1B450000': (-2147467260, 'Operação anulada', None, None)
2026-08-13 11:54:35.425 | INFO    |src.services.processamento_service:executar:151 - [RPA 1] E-mail de origem de 'Declaração de Tráfego BRA x VIVO LD_07-2026.xls': 2 arquivo(s) recusado(s), operadora NÃO notificada.
2026-08-13 11:54:35.426 | INFO    |src.controllers.outlook_controller:responder:234 - Conectando ao Outlook (conta configurada: 'detrafTBRA')...
2026-08-13 11:54:35.434 | INFO    |src.controllers.outlook_controller:responder:234 - Conectado ao Outlook com sucesso.
2026-08-13 11:54:35.594 | ERROR   |src.services.notificacao_operadora:notificar_arquivos_recusados:74 - [RPA 1] Falha ao criar rascunho de resposta para 'DETRAF-TMCO-0122-2026-GGNET-VIVO STFC - RESUMO_EOT_200_948_202607.xls': Falha ao responder o e-mail '00000000A949F53E017BB44C86E46D56D2D6BB100700F25FC41A3584FC499D024E55DD250D4D00005211FBDF0000137D0D4C70E1CF4091747B97613AB5A60000A35B1B460000': (-2147467260, 'Operação anulada', None, None)
Traceback (most recent call last):

  File "C:\RPA\Dtraf\MVP2\MVP2\DETRAF-UNIFICADO\unificado\comum\integracoes\outlook.py", line 301, in responder_email
    reply.Save()
    └ <COMObject Reply>

  File "<COMObject Reply>", line 2, in Save

pywintypes.com_error: (-2147467260, 'Operação anulada', None, None)


The above exception was the direct cause of the following exception:


Traceback (most recent call last):

  File "C:\RPA\Dtraf\MVP2\MVP2\DETRAF-UNIFICADO\unificado\rpa1_captura\main.py", line 118, in <module>
    raise SystemExit(main())
                     └ <function main at 0x000001FE9ED014E0>

  File "C:\RPA\Dtraf\MVP2\MVP2\DETRAF-UNIFICADO\unificado\rpa1_captura\main.py", line 94, in main
    run(pasta_entrada=recorte.pasta_entrada, etapa=recorte.etapa, diagnostico=diagnostico)
    │                 │       │                    │       │                  └ <comum.config.diagnostico_execucao.DiagnosticoDeExecucao object at 0x000001FEA1555D30>
    │                 │       │                    │       └ None
    │                 │       │                    └ Argumentos(referencia=None, operadoras=[], etapa=None, pasta_entrada=None, de_pasta=None, dry_run=False, pausar=False)
    │                 │       └ None
    │                 └ Argumentos(referencia=None, operadoras=[], etapa=None, pasta_entrada=None, de_pasta=None, dry_run=False, pausar=False)
    └ <function run at 0x000001FEA15AAAC0>

  File "C:\RPA\Dtraf\MVP2\MVP2\DETRAF-UNIFICADO\unificado\rpa1_captura\src\main\process_handle.py", line 34, in run
    controller.processar(
    │          └ <function ProcessamentoController.processar at 0x000001FEBB0BFD80>
    └ <src.controllers.processamento_controller.ProcessamentoController object at 0x000001FEBB084C20>

  File "C:\RPA\Dtraf\MVP2\MVP2\DETRAF-UNIFICADO\unificado\rpa1_captura\src\controllers\processamento_controller.py", line 155, in processar
    self._servico.executar(arquivos)
    │    │        │        └ [ArquivoParaProcessar(caminho=WindowsPath('C:/RPA/Dtraf/MVP2/MVP2/DETRAF-UNIFICADO/unificado/arquivos/Entrada/9D024E55DD250D4...
    │    │        └ <function ProcessamentoService.executar at 0x000001FEBB0BF600>
    │    └ <src.services.processamento_service.ProcessamentoService object at 0x000001FEBB085160>
    └ <src.controllers.processamento_controller.ProcessamentoController object at 0x000001FEBB084C20>

  File "C:\RPA\Dtraf\MVP2\MVP2\DETRAF-UNIFICADO\unificado\rpa1_captura\src\services\processamento_service.py", line 151, in executar
    self._notificar_reprovados()
    │    └ <function ProcessamentoService._notificar_reprovados at 0x000001FEBB0BFA60>
    └ <src.services.processamento_service.ProcessamentoService object at 0x000001FEBB085160>

  File "C:\RPA\Dtraf\MVP2\MVP2\DETRAF-UNIFICADO\unificado\rpa1_captura\src\services\processamento_service.py", line 588, in _notificar_reprovados
    sucesso = bool(self._notificar_externo(pacote, recusas))
                   │    │                  │       └ [ArquivoRecusado(nome='DETRAF-TMCO-0122-2026-GGNET-VIVO STFC - RESUMO_EOT_200_948_202607.xls', motivos=['o arquivo não pôde s...
                   │    │                  └ ArquivoParaProcessar(caminho=WindowsPath('C:/RPA/Dtraf/MVP2/MVP2/DETRAF-UNIFICADO/unificado/arquivos/Entrada/9D024E55DD250D4D...
                   │    └ <bound method ProcessamentoController._notificar_operadora of <src.controllers.processamento_controller.ProcessamentoControll...
                   └ <src.services.processamento_service.ProcessamentoService object at 0x000001FEBB085160>

  File "C:\RPA\Dtraf\MVP2\MVP2\DETRAF-UNIFICADO\unificado\rpa1_captura\src\controllers\processamento_controller.py", line 31, in _notificar_operadora
    return notificar_arquivos_recusados(self._outlook.responder, pacote, recusas)
           │                            │    │                   │       └ [ArquivoRecusado(nome='DETRAF-TMCO-0122-2026-GGNET-VIVO STFC - RESUMO_EOT_200_948_202607.xls', motivos=['o arquivo não pôde s...
           │                            │    │                   └ ArquivoParaProcessar(caminho=WindowsPath('C:/RPA/Dtraf/MVP2/MVP2/DETRAF-UNIFICADO/unificado/arquivos/Entrada/9D024E55DD250D4D...
           │                            │    └ <property object at 0x000001FEA15B03B0>
           │                            └ <src.controllers.processamento_controller.ProcessamentoController object at 0x000001FEBB084C20>
           └ <function notificar_arquivos_recusados at 0x000001FEA17479C0>

  File "C:\RPA\Dtraf\MVP2\MVP2\DETRAF-UNIFICADO\unificado\rpa1_captura\src\services\notificacao_operadora.py", line 74, in notificar_arquivos_recusados
    return bool(responder(pacote, corpo, configuration.NOTIFICAR_OPERADORA_ENVIAR))
                │         │       │      │             └ False
                │         │       │      └ <module 'comum.config.configuration' from 'C:\\RPA\\Dtraf\\MVP2\\MVP2\\DETRAF-UNIFICADO\\unificado\\comum\\config\\configurat...
                │         │       └ 'Prezados,\n\nOs arquivos de Detraf abaixo, enviados por sua empresa nesta mensagem, não\npuderam ser processados e estão sen...
                │         └ ArquivoParaProcessar(caminho=WindowsPath('C:/RPA/Dtraf/MVP2/MVP2/DETRAF-UNIFICADO/unificado/arquivos/Entrada/9D024E55DD250D4D...
                └ <bound method OutlookController.responder of <src.controllers.outlook_controller.OutlookController object at 0x000001FEBB0855...

> File "C:\RPA\Dtraf\MVP2\MVP2\DETRAF-UNIFICADO\unificado\rpa1_captura\src\controllers\outlook_controller.py", line 234, in responder
    OutlookService(self._config.account).responder_email(
    │              │    │       └ 'detrafTBRA'
    │              │    └ OutlookConfig(account='detrafTBRA', detraf_despesas_folder='Detraf Despesas', processados_folder='PROCESSADOS', dest_root=Win...
    │              └ <src.controllers.outlook_controller.OutlookController object at 0x000001FEBB085550>
    └ <class 'comum.integracoes.outlook.OutlookService'>

  File "C:\RPA\Dtraf\MVP2\MVP2\DETRAF-UNIFICADO\unificado\comum\integracoes\outlook.py", line 303, in responder_email
    raise OutlookError(f"Falha ao responder o e-mail '{entry_id}': {exc}") from exc
          │                                            └ '00000000A949F53E017BB44C86E46D56D2D6BB100700F25FC41A3584FC499D024E55DD250D4D00005211FBDF0000137D0D4C70E1CF4091747B97613AB5A6...
          └ <class 'comum.integracoes.outlook.OutlookError'>

comum.integracoes.outlook.OutlookError: Falha ao responder o e-mail '00000000A949F53E017BB44C86E46D56D2D6BB100700F25FC41A3584FC499D024E55DD250D4D00005211FBDF0000137D0D4C70E1CF4091747B97613AB5A60000A35B1B460000': (-2147467260, 'Operação anulada', None, None)
2026-08-13 11:54:35.605 | INFO    |src.services.processamento_service:executar:151 - [RPA 1] E-mail de origem de 'DETRAF-TMCO-0122-2026-GGNET-VIVO STFC - RESUMO_EOT_200_948_202607.xls': 2 arquivo(s) recusado(s), operadora NÃO notificada.
2026-08-13 11:54:35.606 | INFO    |src.controllers.outlook_controller:responder:234 - Conectando ao Outlook (conta configurada: 'detrafTBRA')...
2026-08-13 11:54:35.617 | INFO    |src.controllers.outlook_controller:responder:234 - Conectado ao Outlook com sucesso.
2026-08-13 11:54:35.736 | ERROR   |src.services.notificacao_operadora:notificar_arquivos_recusados:74 - [RPA 1] Falha ao criar rascunho de resposta para 'BALANCE_ALGAR_X_VIVO_SMP_R_202607_V00.csv': Falha ao responder o e-mail '00000000A949F53E017BB44C86E46D56D2D6BB100700F25FC41A3584FC499D024E55DD250D4D00005211FBDF0000137D0D4C70E1CF4091747B97613AB5A60000A35B1B470000': (-2147467260, 'Operação anulada', None, None)
Traceback (most recent call last):

  File "C:\RPA\Dtraf\MVP2\MVP2\DETRAF-UNIFICADO\unificado\comum\integracoes\outlook.py", line 301, in responder_email
    reply.Save()
    └ <COMObject Reply>

  File "<COMObject Reply>", line 2, in Save

pywintypes.com_error: (-2147467260, 'Operação anulada', None, None)


The above exception was the direct cause of the following exception:


Traceback (most recent call last):

  File "C:\RPA\Dtraf\MVP2\MVP2\DETRAF-UNIFICADO\unificado\rpa1_captura\main.py", line 118, in <module>
    raise SystemExit(main())
                     └ <function main at 0x000001FE9ED014E0>

  File "C:\RPA\Dtraf\MVP2\MVP2\DETRAF-UNIFICADO\unificado\rpa1_captura\main.py", line 94, in main
    run(pasta_entrada=recorte.pasta_entrada, etapa=recorte.etapa, diagnostico=diagnostico)
    │                 │       │                    │       │                  └ <comum.config.diagnostico_execucao.DiagnosticoDeExecucao object at 0x000001FEA1555D30>
    │                 │       │                    │       └ None
    │                 │       │                    └ Argumentos(referencia=None, operadoras=[], etapa=None, pasta_entrada=None, de_pasta=None, dry_run=False, pausar=False)
    │                 │       └ None
    │                 └ Argumentos(referencia=None, operadoras=[], etapa=None, pasta_entrada=None, de_pasta=None, dry_run=False, pausar=False)
    └ <function run at 0x000001FEA15AAAC0>

  File "C:\RPA\Dtraf\MVP2\MVP2\DETRAF-UNIFICADO\unificado\rpa1_captura\src\main\process_handle.py", line 34, in run
    controller.processar(
    │          └ <function ProcessamentoController.processar at 0x000001FEBB0BFD80>
    └ <src.controllers.processamento_controller.ProcessamentoController object at 0x000001FEBB084C20>

  File "C:\RPA\Dtraf\MVP2\MVP2\DETRAF-UNIFICADO\unificado\rpa1_captura\src\controllers\processamento_controller.py", line 155, in processar
    self._servico.executar(arquivos)
    │    │        │        └ [ArquivoParaProcessar(caminho=WindowsPath('C:/RPA/Dtraf/MVP2/MVP2/DETRAF-UNIFICADO/unificado/arquivos/Entrada/9D024E55DD250D4...
    │    │        └ <function ProcessamentoService.executar at 0x000001FEBB0BF600>
    │    └ <src.services.processamento_service.ProcessamentoService object at 0x000001FEBB085160>
    └ <src.controllers.processamento_controller.ProcessamentoController object at 0x000001FEBB084C20>

  File "C:\RPA\Dtraf\MVP2\MVP2\DETRAF-UNIFICADO\unificado\rpa1_captura\src\services\processamento_service.py", line 151, in executar
    self._notificar_reprovados()
    │    └ <function ProcessamentoService._notificar_reprovados at 0x000001FEBB0BFA60>
    └ <src.services.processamento_service.ProcessamentoService object at 0x000001FEBB085160>

  File "C:\RPA\Dtraf\MVP2\MVP2\DETRAF-UNIFICADO\unificado\rpa1_captura\src\services\processamento_service.py", line 588, in _notificar_reprovados
    sucesso = bool(self._notificar_externo(pacote, recusas))
                   │    │                  │       └ [ArquivoRecusado(nome='BALANCE_ALGAR_X_VIVO_SMP_R_202607_V00.csv', motivos=['o arquivo não pôde ser lido (formato, codificaçã...
                   │    │                  └ ArquivoParaProcessar(caminho=WindowsPath('C:/RPA/Dtraf/MVP2/MVP2/DETRAF-UNIFICADO/unificado/arquivos/Entrada/9D024E55DD250D4D...
                   │    └ <bound method ProcessamentoController._notificar_operadora of <src.controllers.processamento_controller.ProcessamentoControll...
                   └ <src.services.processamento_service.ProcessamentoService object at 0x000001FEBB085160>

  File "C:\RPA\Dtraf\MVP2\MVP2\DETRAF-UNIFICADO\unificado\rpa1_captura\src\controllers\processamento_controller.py", line 31, in _notificar_operadora
    return notificar_arquivos_recusados(self._outlook.responder, pacote, recusas)
           │                            │    │                   │       └ [ArquivoRecusado(nome='BALANCE_ALGAR_X_VIVO_SMP_R_202607_V00.csv', motivos=['o arquivo não pôde ser lido (formato, codificaçã...
           │                            │    │                   └ ArquivoParaProcessar(caminho=WindowsPath('C:/RPA/Dtraf/MVP2/MVP2/DETRAF-UNIFICADO/unificado/arquivos/Entrada/9D024E55DD250D4D...
           │                            │    └ <property object at 0x000001FEA15B03B0>
           │                            └ <src.controllers.processamento_controller.ProcessamentoController object at 0x000001FEBB084C20>
           └ <function notificar_arquivos_recusados at 0x000001FEA17479C0>

  File "C:\RPA\Dtraf\MVP2\MVP2\DETRAF-UNIFICADO\unificado\rpa1_captura\src\services\notificacao_operadora.py", line 74, in notificar_arquivos_recusados
    return bool(responder(pacote, corpo, configuration.NOTIFICAR_OPERADORA_ENVIAR))
                │         │       │      │             └ False
                │         │       │      └ <module 'comum.config.configuration' from 'C:\\RPA\\Dtraf\\MVP2\\MVP2\\DETRAF-UNIFICADO\\unificado\\comum\\config\\configurat...
                │         │       └ 'Prezados,\n\nOs arquivos de Detraf abaixo, enviados por sua empresa nesta mensagem, não\npuderam ser processados e estão sen...
                │         └ ArquivoParaProcessar(caminho=WindowsPath('C:/RPA/Dtraf/MVP2/MVP2/DETRAF-UNIFICADO/unificado/arquivos/Entrada/9D024E55DD250D4D...
                └ <bound method OutlookController.responder of <src.controllers.outlook_controller.OutlookController object at 0x000001FEBB0855...

> File "C:\RPA\Dtraf\MVP2\MVP2\DETRAF-UNIFICADO\unificado\rpa1_captura\src\controllers\outlook_controller.py", line 234, in responder
    OutlookService(self._config.account).responder_email(
    │              │    │       └ 'detrafTBRA'
    │              │    └ OutlookConfig(account='detrafTBRA', detraf_despesas_folder='Detraf Despesas', processados_folder='PROCESSADOS', dest_root=Win...
    │              └ <src.controllers.outlook_controller.OutlookController object at 0x000001FEBB085550>
    └ <class 'comum.integracoes.outlook.OutlookService'>

  File "C:\RPA\Dtraf\MVP2\MVP2\DETRAF-UNIFICADO\unificado\comum\integracoes\outlook.py", line 303, in responder_email
    raise OutlookError(f"Falha ao responder o e-mail '{entry_id}': {exc}") from exc
          │                                            └ '00000000A949F53E017BB44C86E46D56D2D6BB100700F25FC41A3584FC499D024E55DD250D4D00005211FBDF0000137D0D4C70E1CF4091747B97613AB5A6...
          └ <class 'comum.integracoes.outlook.OutlookError'>

comum.integracoes.outlook.OutlookError: Falha ao responder o e-mail '00000000A949F53E017BB44C86E46D56D2D6BB100700F25FC41A3584FC499D024E55DD250D4D00005211FBDF0000137D0D4C70E1CF4091747B97613AB5A60000A35B1B470000': (-2147467260, 'Operação anulada', None, None)
2026-08-13 11:54:35.745 | INFO    |src.services.processamento_service:executar:151 - [RPA 1] E-mail de origem de 'BALANCE_ALGAR_X_VIVO_SMP_R_202607_V00.csv': 3 arquivo(s) recusado(s), operadora NÃO notificada.
2026-08-13 11:54:35.746 | INFO    |src.controllers.outlook_controller:responder:234 - Conectando ao Outlook (conta configurada: 'detrafTBRA')...
2026-08-13 11:54:35.770 | INFO    |src.controllers.outlook_controller:responder:234 - Conectado ao Outlook com sucesso.
2026-08-13 11:54:35.930 | ERROR   |src.services.notificacao_operadora:notificar_arquivos_recusados:74 - [RPA 1] Falha ao criar rascunho de resposta para 'DETRAF_ONE_Vivo-Julho-2026.xlsx': Falha ao responder o e-mail '00000000A949F53E017BB44C86E46D56D2D6BB100700F25FC41A3584FC499D024E55DD250D4D00005211FBDF0000137D0D4C70E1CF4091747B97613AB5A60000A35B1B480000': (-2147467260, 'Operação anulada', None, None)
Traceback (most recent call last):

  File "C:\RPA\Dtraf\MVP2\MVP2\DETRAF-UNIFICADO\unificado\comum\integracoes\outlook.py", line 301, in responder_email
    reply.Save()
    └ <COMObject Reply>

  File "<COMObject Reply>", line 2, in Save

pywintypes.com_error: (-2147467260, 'Operação anulada', None, None)


The above exception was the direct cause of the following exception:


Traceback (most recent call last):

  File "C:\RPA\Dtraf\MVP2\MVP2\DETRAF-UNIFICADO\unificado\rpa1_captura\main.py", line 118, in <module>
    raise SystemExit(main())
                     └ <function main at 0x000001FE9ED014E0>

  File "C:\RPA\Dtraf\MVP2\MVP2\DETRAF-UNIFICADO\unificado\rpa1_captura\main.py", line 94, in main
    run(pasta_entrada=recorte.pasta_entrada, etapa=recorte.etapa, diagnostico=diagnostico)
    │                 │       │                    │       │                  └ <comum.config.diagnostico_execucao.DiagnosticoDeExecucao object at 0x000001FEA1555D30>
    │                 │       │                    │       └ None
    │                 │       │                    └ Argumentos(referencia=None, operadoras=[], etapa=None, pasta_entrada=None, de_pasta=None, dry_run=False, pausar=False)
    │                 │       └ None
    │                 └ Argumentos(referencia=None, operadoras=[], etapa=None, pasta_entrada=None, de_pasta=None, dry_run=False, pausar=False)
    └ <function run at 0x000001FEA15AAAC0>

  File "C:\RPA\Dtraf\MVP2\MVP2\DETRAF-UNIFICADO\unificado\rpa1_captura\src\main\process_handle.py", line 34, in run
    controller.processar(
    │          └ <function ProcessamentoController.processar at 0x000001FEBB0BFD80>
    └ <src.controllers.processamento_controller.ProcessamentoController object at 0x000001FEBB084C20>

  File "C:\RPA\Dtraf\MVP2\MVP2\DETRAF-UNIFICADO\unificado\rpa1_captura\src\controllers\processamento_controller.py", line 155, in processar
    self._servico.executar(arquivos)
    │    │        │        └ [ArquivoParaProcessar(caminho=WindowsPath('C:/RPA/Dtraf/MVP2/MVP2/DETRAF-UNIFICADO/unificado/arquivos/Entrada/9D024E55DD250D4...
    │    │        └ <function ProcessamentoService.executar at 0x000001FEBB0BF600>
    │    └ <src.services.processamento_service.ProcessamentoService object at 0x000001FEBB085160>
    └ <src.controllers.processamento_controller.ProcessamentoController object at 0x000001FEBB084C20>

  File "C:\RPA\Dtraf\MVP2\MVP2\DETRAF-UNIFICADO\unificado\rpa1_captura\src\services\processamento_service.py", line 151, in executar
    self._notificar_reprovados()
    │    └ <function ProcessamentoService._notificar_reprovados at 0x000001FEBB0BFA60>
    └ <src.services.processamento_service.ProcessamentoService object at 0x000001FEBB085160>

  File "C:\RPA\Dtraf\MVP2\MVP2\DETRAF-UNIFICADO\unificado\rpa1_captura\src\services\processamento_service.py", line 588, in _notificar_reprovados
    sucesso = bool(self._notificar_externo(pacote, recusas))
                   │    │                  │       └ [ArquivoRecusado(nome='DETRAF_ONE_Vivo-Julho-2026.xlsx', motivos=['Coluna 10 (Minutos): os minutos admitem no máximo 1 casa d...
                   │    │                  └ ArquivoParaProcessar(caminho=WindowsPath('C:/RPA/Dtraf/MVP2/MVP2/DETRAF-UNIFICADO/unificado/arquivos/Entrada/9D024E55DD250D4D...
                   │    └ <bound method ProcessamentoController._notificar_operadora of <src.controllers.processamento_controller.ProcessamentoControll...
                   └ <src.services.processamento_service.ProcessamentoService object at 0x000001FEBB085160>

  File "C:\RPA\Dtraf\MVP2\MVP2\DETRAF-UNIFICADO\unificado\rpa1_captura\src\controllers\processamento_controller.py", line 31, in _notificar_operadora
    return notificar_arquivos_recusados(self._outlook.responder, pacote, recusas)
           │                            │    │                   │       └ [ArquivoRecusado(nome='DETRAF_ONE_Vivo-Julho-2026.xlsx', motivos=['Coluna 10 (Minutos): os minutos admitem no máximo 1 casa d...
           │                            │    │                   └ ArquivoParaProcessar(caminho=WindowsPath('C:/RPA/Dtraf/MVP2/MVP2/DETRAF-UNIFICADO/unificado/arquivos/Entrada/9D024E55DD250D4D...
           │                            │    └ <property object at 0x000001FEA15B03B0>
           │                            └ <src.controllers.processamento_controller.ProcessamentoController object at 0x000001FEBB084C20>
           └ <function notificar_arquivos_recusados at 0x000001FEA17479C0>

  File "C:\RPA\Dtraf\MVP2\MVP2\DETRAF-UNIFICADO\unificado\rpa1_captura\src\services\notificacao_operadora.py", line 74, in notificar_arquivos_recusados
    return bool(responder(pacote, corpo, configuration.NOTIFICAR_OPERADORA_ENVIAR))
                │         │       │      │             └ False
                │         │       │      └ <module 'comum.config.configuration' from 'C:\\RPA\\Dtraf\\MVP2\\MVP2\\DETRAF-UNIFICADO\\unificado\\comum\\config\\configurat...
                │         │       └ 'Prezados,\n\nOs arquivos de Detraf abaixo, enviados por sua empresa nesta mensagem, não\npuderam ser processados e estão sen...
                │         └ ArquivoParaProcessar(caminho=WindowsPath('C:/RPA/Dtraf/MVP2/MVP2/DETRAF-UNIFICADO/unificado/arquivos/Entrada/9D024E55DD250D4D...
                └ <bound method OutlookController.responder of <src.controllers.outlook_controller.OutlookController object at 0x000001FEBB0855...

> File "C:\RPA\Dtraf\MVP2\MVP2\DETRAF-UNIFICADO\unificado\rpa1_captura\src\controllers\outlook_controller.py", line 234, in responder
    OutlookService(self._config.account).responder_email(
    │              │    │       └ 'detrafTBRA'
    │              │    └ OutlookConfig(account='detrafTBRA', detraf_despesas_folder='Detraf Despesas', processados_folder='PROCESSADOS', dest_root=Win...
    │              └ <src.controllers.outlook_controller.OutlookController object at 0x000001FEBB085550>
    └ <class 'comum.integracoes.outlook.OutlookService'>

  File "C:\RPA\Dtraf\MVP2\MVP2\DETRAF-UNIFICADO\unificado\comum\integracoes\outlook.py", line 303, in responder_email
    raise OutlookError(f"Falha ao responder o e-mail '{entry_id}': {exc}") from exc
          │                                            └ '00000000A949F53E017BB44C86E46D56D2D6BB100700F25FC41A3584FC499D024E55DD250D4D00005211FBDF0000137D0D4C70E1CF4091747B97613AB5A6...
          └ <class 'comum.integracoes.outlook.OutlookError'>

comum.integracoes.outlook.OutlookError: Falha ao responder o e-mail '00000000A949F53E017BB44C86E46D56D2D6BB100700F25FC41A3584FC499D024E55DD250D4D00005211FBDF0000137D0D4C70E1CF4091747B97613AB5A60000A35B1B480000': (-2147467260, 'Operação anulada', None, None)
2026-08-13 11:54:35.937 | INFO    |src.services.processamento_service:executar:151 - [RPA 1] E-mail de origem de 'DETRAF_ONE_Vivo-Julho-2026.xlsx': 2 arquivo(s) recusado(s), operadora NÃO notificada.
2026-08-13 11:54:35.938 | INFO    |src.controllers.outlook_controller:responder:234 - Conectando ao Outlook (conta configurada: 'detrafTBRA')...
2026-08-13 11:54:35.945 | INFO    |src.controllers.outlook_controller:responder:234 - Conectado ao Outlook com sucesso.
2026-08-13 11:54:36.051 | ERROR   |src.services.notificacao_operadora:notificar_arquivos_recusados:74 - [RPA 1] Falha ao criar rascunho de resposta para 'DETRAF VIVO - CICLO 072026.csv': Falha ao responder o e-mail '00000000A949F53E017BB44C86E46D56D2D6BB100700F25FC41A3584FC499D024E55DD250D4D00005211FBDF0000137D0D4C70E1CF4091747B97613AB5A60000A35B1B490000': (-2147467260, 'Operação anulada', None, None)
Traceback (most recent call last):

  File "C:\RPA\Dtraf\MVP2\MVP2\DETRAF-UNIFICADO\unificado\comum\integracoes\outlook.py", line 301, in responder_email
    reply.Save()
    └ <COMObject Reply>

  File "<COMObject Reply>", line 2, in Save

pywintypes.com_error: (-2147467260, 'Operação anulada', None, None)


The above exception was the direct cause of the following exception:


Traceback (most recent call last):

  File "C:\RPA\Dtraf\MVP2\MVP2\DETRAF-UNIFICADO\unificado\rpa1_captura\main.py", line 118, in <module>
    raise SystemExit(main())
                     └ <function main at 0x000001FE9ED014E0>

  File "C:\RPA\Dtraf\MVP2\MVP2\DETRAF-UNIFICADO\unificado\rpa1_captura\main.py", line 94, in main
    run(pasta_entrada=recorte.pasta_entrada, etapa=recorte.etapa, diagnostico=diagnostico)
    │                 │       │                    │       │                  └ <comum.config.diagnostico_execucao.DiagnosticoDeExecucao object at 0x000001FEA1555D30>
    │                 │       │                    │       └ None
    │                 │       │                    └ Argumentos(referencia=None, operadoras=[], etapa=None, pasta_entrada=None, de_pasta=None, dry_run=False, pausar=False)
    │                 │       └ None
    │                 └ Argumentos(referencia=None, operadoras=[], etapa=None, pasta_entrada=None, de_pasta=None, dry_run=False, pausar=False)
    └ <function run at 0x000001FEA15AAAC0>

  File "C:\RPA\Dtraf\MVP2\MVP2\DETRAF-UNIFICADO\unificado\rpa1_captura\src\main\process_handle.py", line 34, in run
    controller.processar(
    │          └ <function ProcessamentoController.processar at 0x000001FEBB0BFD80>
    └ <src.controllers.processamento_controller.ProcessamentoController object at 0x000001FEBB084C20>

  File "C:\RPA\Dtraf\MVP2\MVP2\DETRAF-UNIFICADO\unificado\rpa1_captura\src\controllers\processamento_controller.py", line 155, in processar
    self._servico.executar(arquivos)
    │    │        │        └ [ArquivoParaProcessar(caminho=WindowsPath('C:/RPA/Dtraf/MVP2/MVP2/DETRAF-UNIFICADO/unificado/arquivos/Entrada/9D024E55DD250D4...
    │    │        └ <function ProcessamentoService.executar at 0x000001FEBB0BF600>
    │    └ <src.services.processamento_service.ProcessamentoService object at 0x000001FEBB085160>
    └ <src.controllers.processamento_controller.ProcessamentoController object at 0x000001FEBB084C20>

  File "C:\RPA\Dtraf\MVP2\MVP2\DETRAF-UNIFICADO\unificado\rpa1_captura\src\services\processamento_service.py", line 151, in executar
    self._notificar_reprovados()
    │    └ <function ProcessamentoService._notificar_reprovados at 0x000001FEBB0BFA60>
    └ <src.services.processamento_service.ProcessamentoService object at 0x000001FEBB085160>

  File "C:\RPA\Dtraf\MVP2\MVP2\DETRAF-UNIFICADO\unificado\rpa1_captura\src\services\processamento_service.py", line 588, in _notificar_reprovados
    sucesso = bool(self._notificar_externo(pacote, recusas))
                   │    │                  │       └ [ArquivoRecusado(nome='DETRAF VIVO - CICLO 072026.csv', motivos=['posição 0 (Credora): esperado EOT numérica, encontrado "L74...
                   │    │                  └ ArquivoParaProcessar(caminho=WindowsPath('C:/RPA/Dtraf/MVP2/MVP2/DETRAF-UNIFICADO/unificado/arquivos/Entrada/9D024E55DD250D4D...
                   │    └ <bound method ProcessamentoController._notificar_operadora of <src.controllers.processamento_controller.ProcessamentoControll...
                   └ <src.services.processamento_service.ProcessamentoService object at 0x000001FEBB085160>

  File "C:\RPA\Dtraf\MVP2\MVP2\DETRAF-UNIFICADO\unificado\rpa1_captura\src\controllers\processamento_controller.py", line 31, in _notificar_operadora
    return notificar_arquivos_recusados(self._outlook.responder, pacote, recusas)
           │                            │    │                   │       └ [ArquivoRecusado(nome='DETRAF VIVO - CICLO 072026.csv', motivos=['posição 0 (Credora): esperado EOT numérica, encontrado "L74...
           │                            │    │                   └ ArquivoParaProcessar(caminho=WindowsPath('C:/RPA/Dtraf/MVP2/MVP2/DETRAF-UNIFICADO/unificado/arquivos/Entrada/9D024E55DD250D4D...
           │                            │    └ <property object at 0x000001FEA15B03B0>
           │                            └ <src.controllers.processamento_controller.ProcessamentoController object at 0x000001FEBB084C20>
           └ <function notificar_arquivos_recusados at 0x000001FEA17479C0>

  File "C:\RPA\Dtraf\MVP2\MVP2\DETRAF-UNIFICADO\unificado\rpa1_captura\src\services\notificacao_operadora.py", line 74, in notificar_arquivos_recusados
    return bool(responder(pacote, corpo, configuration.NOTIFICAR_OPERADORA_ENVIAR))
                │         │       │      │             └ False
                │         │       │      └ <module 'comum.config.configuration' from 'C:\\RPA\\Dtraf\\MVP2\\MVP2\\DETRAF-UNIFICADO\\unificado\\comum\\config\\configurat...
                │         │       └ 'Prezados,\n\nOs arquivos de Detraf abaixo, enviados por sua empresa nesta mensagem, não\npuderam ser processados e estão sen...
                │         └ ArquivoParaProcessar(caminho=WindowsPath('C:/RPA/Dtraf/MVP2/MVP2/DETRAF-UNIFICADO/unificado/arquivos/Entrada/9D024E55DD250D4D...
                └ <bound method OutlookController.responder of <src.controllers.outlook_controller.OutlookController object at 0x000001FEBB0855...

> File "C:\RPA\Dtraf\MVP2\MVP2\DETRAF-UNIFICADO\unificado\rpa1_captura\src\controllers\outlook_controller.py", line 234, in responder
    OutlookService(self._config.account).responder_email(
    │              │    │       └ 'detrafTBRA'
    │              │    └ OutlookConfig(account='detrafTBRA', detraf_despesas_folder='Detraf Despesas', processados_folder='PROCESSADOS', dest_root=Win...
    │              └ <src.controllers.outlook_controller.OutlookController object at 0x000001FEBB085550>
    └ <class 'comum.integracoes.outlook.OutlookService'>

  File "C:\RPA\Dtraf\MVP2\MVP2\DETRAF-UNIFICADO\unificado\comum\integracoes\outlook.py", line 303, in responder_email
    raise OutlookError(f"Falha ao responder o e-mail '{entry_id}': {exc}") from exc
          │                                            └ '00000000A949F53E017BB44C86E46D56D2D6BB100700F25FC41A3584FC499D024E55DD250D4D00005211FBDF0000137D0D4C70E1CF4091747B97613AB5A6...
          └ <class 'comum.integracoes.outlook.OutlookError'>

comum.integracoes.outlook.OutlookError: Falha ao responder o e-mail '00000000A949F53E017BB44C86E46D56D2D6BB100700F25FC41A3584FC499D024E55DD250D4D00005211FBDF0000137D0D4C70E1CF4091747B97613AB5A60000A35B1B490000': (-2147467260, 'Operação anulada', None, None)
2026-08-13 11:54:36.060 | INFO    |src.services.processamento_service:executar:151 - [RPA 1] E-mail de origem de 'DETRAF VIVO - CICLO 072026.csv': 1 arquivo(s) recusado(s), operadora NÃO notificada.
2026-08-13 11:54:36.061 | INFO    |src.controllers.outlook_controller:responder:234 - Conectando ao Outlook (conta configurada: 'detrafTBRA')...
2026-08-13 11:54:36.068 | INFO    |src.controllers.outlook_controller:responder:234 - Conectado ao Outlook com sucesso.
2026-08-13 11:54:36.685 | ERROR   |src.services.notificacao_operadora:notificar_arquivos_recusados:74 - [RPA 1] Falha ao criar rascunho de resposta para 'MUNDIVOX_VIVO_202607.csv': Falha ao responder o e-mail '00000000A949F53E017BB44C86E46D56D2D6BB100700F25FC41A3584FC499D024E55DD250D4D00005211FBDF0000137D0D4C70E1CF4091747B97613AB5A60000A35B1B4B0000': (-2147467260, 'Operação anulada', None, None)
Traceback (most recent call last):

  File "C:\RPA\Dtraf\MVP2\MVP2\DETRAF-UNIFICADO\unificado\comum\integracoes\outlook.py", line 301, in responder_email
    reply.Save()
    └ <COMObject Reply>

  File "<COMObject Reply>", line 2, in Save

pywintypes.com_error: (-2147467260, 'Operação anulada', None, None)


The above exception was the direct cause of the following exception:


Traceback (most recent call last):

  File "C:\RPA\Dtraf\MVP2\MVP2\DETRAF-UNIFICADO\unificado\rpa1_captura\main.py", line 118, in <module>
    raise SystemExit(main())
                     └ <function main at 0x000001FE9ED014E0>

  File "C:\RPA\Dtraf\MVP2\MVP2\DETRAF-UNIFICADO\unificado\rpa1_captura\main.py", line 94, in main
    run(pasta_entrada=recorte.pasta_entrada, etapa=recorte.etapa, diagnostico=diagnostico)
    │                 │       │                    │       │                  └ <comum.config.diagnostico_execucao.DiagnosticoDeExecucao object at 0x000001FEA1555D30>
    │                 │       │                    │       └ None
    │                 │       │                    └ Argumentos(referencia=None, operadoras=[], etapa=None, pasta_entrada=None, de_pasta=None, dry_run=False, pausar=False)
    │                 │       └ None
    │                 └ Argumentos(referencia=None, operadoras=[], etapa=None, pasta_entrada=None, de_pasta=None, dry_run=False, pausar=False)
    └ <function run at 0x000001FEA15AAAC0>

  File "C:\RPA\Dtraf\MVP2\MVP2\DETRAF-UNIFICADO\unificado\rpa1_captura\src\main\process_handle.py", line 34, in run
    controller.processar(
    │          └ <function ProcessamentoController.processar at 0x000001FEBB0BFD80>
    └ <src.controllers.processamento_controller.ProcessamentoController object at 0x000001FEBB084C20>

  File "C:\RPA\Dtraf\MVP2\MVP2\DETRAF-UNIFICADO\unificado\rpa1_captura\src\controllers\processamento_controller.py", line 155, in processar
    self._servico.executar(arquivos)
    │    │        │        └ [ArquivoParaProcessar(caminho=WindowsPath('C:/RPA/Dtraf/MVP2/MVP2/DETRAF-UNIFICADO/unificado/arquivos/Entrada/9D024E55DD250D4...
    │    │        └ <function ProcessamentoService.executar at 0x000001FEBB0BF600>
    │    └ <src.services.processamento_service.ProcessamentoService object at 0x000001FEBB085160>
    └ <src.controllers.processamento_controller.ProcessamentoController object at 0x000001FEBB084C20>

  File "C:\RPA\Dtraf\MVP2\MVP2\DETRAF-UNIFICADO\unificado\rpa1_captura\src\services\processamento_service.py", line 151, in executar
    self._notificar_reprovados()
    │    └ <function ProcessamentoService._notificar_reprovados at 0x000001FEBB0BFA60>
    └ <src.services.processamento_service.ProcessamentoService object at 0x000001FEBB085160>

  File "C:\RPA\Dtraf\MVP2\MVP2\DETRAF-UNIFICADO\unificado\rpa1_captura\src\services\processamento_service.py", line 588, in _notificar_reprovados
    sucesso = bool(self._notificar_externo(pacote, recusas))
                   │    │                  │       └ [ArquivoRecusado(nome='MUNDIVOX_VIVO_202607.csv', motivos=['Coluna 10 (Minutos): os minutos admitem no máximo 1 casa decimal....
                   │    │                  └ ArquivoParaProcessar(caminho=WindowsPath('C:/RPA/Dtraf/MVP2/MVP2/DETRAF-UNIFICADO/unificado/arquivos/Entrada/9D024E55DD250D4D...
                   │    └ <bound method ProcessamentoController._notificar_operadora of <src.controllers.processamento_controller.ProcessamentoControll...
                   └ <src.services.processamento_service.ProcessamentoService object at 0x000001FEBB085160>

  File "C:\RPA\Dtraf\MVP2\MVP2\DETRAF-UNIFICADO\unificado\rpa1_captura\src\controllers\processamento_controller.py", line 31, in _notificar_operadora
    return notificar_arquivos_recusados(self._outlook.responder, pacote, recusas)
           │                            │    │                   │       └ [ArquivoRecusado(nome='MUNDIVOX_VIVO_202607.csv', motivos=['Coluna 10 (Minutos): os minutos admitem no máximo 1 casa decimal....
           │                            │    │                   └ ArquivoParaProcessar(caminho=WindowsPath('C:/RPA/Dtraf/MVP2/MVP2/DETRAF-UNIFICADO/unificado/arquivos/Entrada/9D024E55DD250D4D...
           │                            │    └ <property object at 0x000001FEA15B03B0>
           │                            └ <src.controllers.processamento_controller.ProcessamentoController object at 0x000001FEBB084C20>
           └ <function notificar_arquivos_recusados at 0x000001FEA17479C0>

  File "C:\RPA\Dtraf\MVP2\MVP2\DETRAF-UNIFICADO\unificado\rpa1_captura\src\services\notificacao_operadora.py", line 74, in notificar_arquivos_recusados
    return bool(responder(pacote, corpo, configuration.NOTIFICAR_OPERADORA_ENVIAR))
                │         │       │      │             └ False
                │         │       │      └ <module 'comum.config.configuration' from 'C:\\RPA\\Dtraf\\MVP2\\MVP2\\DETRAF-UNIFICADO\\unificado\\comum\\config\\configurat...
                │         │       └ 'Prezados,\n\nOs arquivos de Detraf abaixo, enviados por sua empresa nesta mensagem, não\npuderam ser processados e estão sen...
                │         └ ArquivoParaProcessar(caminho=WindowsPath('C:/RPA/Dtraf/MVP2/MVP2/DETRAF-UNIFICADO/unificado/arquivos/Entrada/9D024E55DD250D4D...
                └ <bound method OutlookController.responder of <src.controllers.outlook_controller.OutlookController object at 0x000001FEBB0855...

> File "C:\RPA\Dtraf\MVP2\MVP2\DETRAF-UNIFICADO\unificado\rpa1_captura\src\controllers\outlook_controller.py", line 234, in responder
    OutlookService(self._config.account).responder_email(
    │              │    │       └ 'detrafTBRA'
    │              │    └ OutlookConfig(account='detrafTBRA', detraf_despesas_folder='Detraf Despesas', processados_folder='PROCESSADOS', dest_root=Win...
    │              └ <src.controllers.outlook_controller.OutlookController object at 0x000001FEBB085550>
    └ <class 'comum.integracoes.outlook.OutlookService'>

  File "C:\RPA\Dtraf\MVP2\MVP2\DETRAF-UNIFICADO\unificado\comum\integracoes\outlook.py", line 303, in responder_email
    raise OutlookError(f"Falha ao responder o e-mail '{entry_id}': {exc}") from exc
          │                                            └ '00000000A949F53E017BB44C86E46D56D2D6BB100700F25FC41A3584FC499D024E55DD250D4D00005211FBDF0000137D0D4C70E1CF4091747B97613AB5A6...
          └ <class 'comum.integracoes.outlook.OutlookError'>

comum.integracoes.outlook.OutlookError: Falha ao responder o e-mail '00000000A949F53E017BB44C86E46D56D2D6BB100700F25FC41A3584FC499D024E55DD250D4D00005211FBDF0000137D0D4C70E1CF4091747B97613AB5A60000A35B1B4B0000': (-2147467260, 'Operação anulada', None, None)
2026-08-13 11:54:36.695 | INFO    |src.services.processamento_service:executar:151 - [RPA 1] E-mail de origem de 'MUNDIVOX_VIVO_202607.csv': 1 arquivo(s) recusado(s), operadora NÃO notificada.
2026-08-13 11:54:36.696 | INFO    |src.controllers.outlook_controller:responder:234 - Conectando ao Outlook (conta configurada: 'detrafTBRA')...
2026-08-13 11:54:36.704 | INFO    |src.controllers.outlook_controller:responder:234 - Conectado ao Outlook com sucesso.
2026-08-13 11:54:37.417 | ERROR   |src.services.notificacao_operadora:notificar_arquivos_recusados:74 - [RPA 1] Falha ao criar rascunho de resposta para 'DETRAF_SOTHIS_X_VIVO_202607.xlsx': Falha ao responder o e-mail '00000000A949F53E017BB44C86E46D56D2D6BB100700F25FC41A3584FC499D024E55DD250D4D00005211FBDF0000137D0D4C70E1CF4091747B97613AB5A60000A35B1B4C0000': (-2147467260, 'Operação anulada', None, None)
Traceback (most recent call last):

  File "C:\RPA\Dtraf\MVP2\MVP2\DETRAF-UNIFICADO\unificado\comum\integracoes\outlook.py", line 301, in responder_email
    reply.Save()
    └ <COMObject Reply>

  File "<COMObject Reply>", line 2, in Save

pywintypes.com_error: (-2147467260, 'Operação anulada', None, None)


The above exception was the direct cause of the following exception:


Traceback (most recent call last):

  File "C:\RPA\Dtraf\MVP2\MVP2\DETRAF-UNIFICADO\unificado\rpa1_captura\main.py", line 118, in <module>
    raise SystemExit(main())
                     └ <function main at 0x000001FE9ED014E0>

  File "C:\RPA\Dtraf\MVP2\MVP2\DETRAF-UNIFICADO\unificado\rpa1_captura\main.py", line 94, in main
    run(pasta_entrada=recorte.pasta_entrada, etapa=recorte.etapa, diagnostico=diagnostico)
    │                 │       │                    │       │                  └ <comum.config.diagnostico_execucao.DiagnosticoDeExecucao object at 0x000001FEA1555D30>
    │                 │       │                    │       └ None
    │                 │       │                    └ Argumentos(referencia=None, operadoras=[], etapa=None, pasta_entrada=None, de_pasta=None, dry_run=False, pausar=False)
    │                 │       └ None
    │                 └ Argumentos(referencia=None, operadoras=[], etapa=None, pasta_entrada=None, de_pasta=None, dry_run=False, pausar=False)
    └ <function run at 0x000001FEA15AAAC0>

  File "C:\RPA\Dtraf\MVP2\MVP2\DETRAF-UNIFICADO\unificado\rpa1_captura\src\main\process_handle.py", line 34, in run
    controller.processar(
    │          └ <function ProcessamentoController.processar at 0x000001FEBB0BFD80>
    └ <src.controllers.processamento_controller.ProcessamentoController object at 0x000001FEBB084C20>

  File "C:\RPA\Dtraf\MVP2\MVP2\DETRAF-UNIFICADO\unificado\rpa1_captura\src\controllers\processamento_controller.py", line 155, in processar
    self._servico.executar(arquivos)
    │    │        │        └ [ArquivoParaProcessar(caminho=WindowsPath('C:/RPA/Dtraf/MVP2/MVP2/DETRAF-UNIFICADO/unificado/arquivos/Entrada/9D024E55DD250D4...
    │    │        └ <function ProcessamentoService.executar at 0x000001FEBB0BF600>
    │    └ <src.services.processamento_service.ProcessamentoService object at 0x000001FEBB085160>
    └ <src.controllers.processamento_controller.ProcessamentoController object at 0x000001FEBB084C20>

  File "C:\RPA\Dtraf\MVP2\MVP2\DETRAF-UNIFICADO\unificado\rpa1_captura\src\services\processamento_service.py", line 151, in executar
    self._notificar_reprovados()
    │    └ <function ProcessamentoService._notificar_reprovados at 0x000001FEBB0BFA60>
    └ <src.services.processamento_service.ProcessamentoService object at 0x000001FEBB085160>

  File "C:\RPA\Dtraf\MVP2\MVP2\DETRAF-UNIFICADO\unificado\rpa1_captura\src\services\processamento_service.py", line 588, in _notificar_reprovados
    sucesso = bool(self._notificar_externo(pacote, recusas))
                   │    │                  │       └ [ArquivoRecusado(nome='DETRAF_SOTHIS_X_VIVO_202607.xlsx', motivos=['Coluna 11 (Tarifa): a tarifa admite no máximo 5 casas dec...
                   │    │                  └ ArquivoParaProcessar(caminho=WindowsPath('C:/RPA/Dtraf/MVP2/MVP2/DETRAF-UNIFICADO/unificado/arquivos/Entrada/9D024E55DD250D4D...
                   │    └ <bound method ProcessamentoController._notificar_operadora of <src.controllers.processamento_controller.ProcessamentoControll...
                   └ <src.services.processamento_service.ProcessamentoService object at 0x000001FEBB085160>

  File "C:\RPA\Dtraf\MVP2\MVP2\DETRAF-UNIFICADO\unificado\rpa1_captura\src\controllers\processamento_controller.py", line 31, in _notificar_operadora
    return notificar_arquivos_recusados(self._outlook.responder, pacote, recusas)
           │                            │    │                   │       └ [ArquivoRecusado(nome='DETRAF_SOTHIS_X_VIVO_202607.xlsx', motivos=['Coluna 11 (Tarifa): a tarifa admite no máximo 5 casas dec...
           │                            │    │                   └ ArquivoParaProcessar(caminho=WindowsPath('C:/RPA/Dtraf/MVP2/MVP2/DETRAF-UNIFICADO/unificado/arquivos/Entrada/9D024E55DD250D4D...
           │                            │    └ <property object at 0x000001FEA15B03B0>
           │                            └ <src.controllers.processamento_controller.ProcessamentoController object at 0x000001FEBB084C20>
           └ <function notificar_arquivos_recusados at 0x000001FEA17479C0>

  File "C:\RPA\Dtraf\MVP2\MVP2\DETRAF-UNIFICADO\unificado\rpa1_captura\src\services\notificacao_operadora.py", line 74, in notificar_arquivos_recusados
    return bool(responder(pacote, corpo, configuration.NOTIFICAR_OPERADORA_ENVIAR))
                │         │       │      │             └ False
                │         │       │      └ <module 'comum.config.configuration' from 'C:\\RPA\\Dtraf\\MVP2\\MVP2\\DETRAF-UNIFICADO\\unificado\\comum\\config\\configurat...
                │         │       └ 'Prezados,\n\nOs arquivos de Detraf abaixo, enviados por sua empresa nesta mensagem, não\npuderam ser processados e estão sen...
                │         └ ArquivoParaProcessar(caminho=WindowsPath('C:/RPA/Dtraf/MVP2/MVP2/DETRAF-UNIFICADO/unificado/arquivos/Entrada/9D024E55DD250D4D...
                └ <bound method OutlookController.responder of <src.controllers.outlook_controller.OutlookController object at 0x000001FEBB0855...

> File "C:\RPA\Dtraf\MVP2\MVP2\DETRAF-UNIFICADO\unificado\rpa1_captura\src\controllers\outlook_controller.py", line 234, in responder
    OutlookService(self._config.account).responder_email(
    │              │    │       └ 'detrafTBRA'
    │              │    └ OutlookConfig(account='detrafTBRA', detraf_despesas_folder='Detraf Despesas', processados_folder='PROCESSADOS', dest_root=Win...
    │              └ <src.controllers.outlook_controller.OutlookController object at 0x000001FEBB085550>
    └ <class 'comum.integracoes.outlook.OutlookService'>

  File "C:\RPA\Dtraf\MVP2\MVP2\DETRAF-UNIFICADO\unificado\comum\integracoes\outlook.py", line 303, in responder_email
    raise OutlookError(f"Falha ao responder o e-mail '{entry_id}': {exc}") from exc
          │                                            └ '00000000A949F53E017BB44C86E46D56D2D6BB100700F25FC41A3584FC499D024E55DD250D4D00005211FBDF0000137D0D4C70E1CF4091747B97613AB5A6...
          └ <class 'comum.integracoes.outlook.OutlookError'>

comum.integracoes.outlook.OutlookError: Falha ao responder o e-mail '00000000A949F53E017BB44C86E46D56D2D6BB100700F25FC41A3584FC499D024E55DD250D4D00005211FBDF0000137D0D4C70E1CF4091747B97613AB5A60000A35B1B4C0000': (-2147467260, 'Operação anulada', None, None)
2026-08-13 11:54:37.427 | INFO    |src.services.processamento_service:executar:151 - [RPA 1] E-mail de origem de 'DETRAF_SOTHIS_X_VIVO_202607.xlsx': 1 arquivo(s) recusado(s), operadora NÃO notificada.
2026-08-13 11:54:37.428 | INFO    |src.controllers.outlook_controller:responder:234 - Conectando ao Outlook (conta configurada: 'detrafTBRA')...
2026-08-13 11:54:37.434 | INFO    |src.controllers.outlook_controller:responder:234 - Conectado ao Outlook com sucesso.
2026-08-13 11:54:37.620 | ERROR   |src.services.notificacao_operadora:notificar_arquivos_recusados:74 - [RPA 1] Falha ao criar rascunho de resposta para 'DETRAF_FINAL_202607_HOME_VIVO_C_20260804195236_SMS.csv': Falha ao responder o e-mail '00000000A949F53E017BB44C86E46D56D2D6BB100700F25FC41A3584FC499D024E55DD250D4D00005211FBDF0000137D0D4C70E1CF4091747B97613AB5A60000A35B1B4E0000': (-2147467260, 'Operação anulada', None, None)
Traceback (most recent call last):

  File "C:\RPA\Dtraf\MVP2\MVP2\DETRAF-UNIFICADO\unificado\comum\integracoes\outlook.py", line 301, in responder_email
    reply.Save()
    └ <COMObject Reply>

  File "<COMObject Reply>", line 2, in Save

pywintypes.com_error: (-2147467260, 'Operação anulada', None, None)


The above exception was the direct cause of the following exception:


Traceback (most recent call last):

  File "C:\RPA\Dtraf\MVP2\MVP2\DETRAF-UNIFICADO\unificado\rpa1_captura\main.py", line 118, in <module>
    raise SystemExit(main())
                     └ <function main at 0x000001FE9ED014E0>

  File "C:\RPA\Dtraf\MVP2\MVP2\DETRAF-UNIFICADO\unificado\rpa1_captura\main.py", line 94, in main
    run(pasta_entrada=recorte.pasta_entrada, etapa=recorte.etapa, diagnostico=diagnostico)
    │                 │       │                    │       │                  └ <comum.config.diagnostico_execucao.DiagnosticoDeExecucao object at 0x000001FEA1555D30>
    │                 │       │                    │       └ None
    │                 │       │                    └ Argumentos(referencia=None, operadoras=[], etapa=None, pasta_entrada=None, de_pasta=None, dry_run=False, pausar=False)
    │                 │       └ None
    │                 └ Argumentos(referencia=None, operadoras=[], etapa=None, pasta_entrada=None, de_pasta=None, dry_run=False, pausar=False)
    └ <function run at 0x000001FEA15AAAC0>

  File "C:\RPA\Dtraf\MVP2\MVP2\DETRAF-UNIFICADO\unificado\rpa1_captura\src\main\process_handle.py", line 34, in run
    controller.processar(
    │          └ <function ProcessamentoController.processar at 0x000001FEBB0BFD80>
    └ <src.controllers.processamento_controller.ProcessamentoController object at 0x000001FEBB084C20>

  File "C:\RPA\Dtraf\MVP2\MVP2\DETRAF-UNIFICADO\unificado\rpa1_captura\src\controllers\processamento_controller.py", line 155, in processar
    self._servico.executar(arquivos)
    │    │        │        └ [ArquivoParaProcessar(caminho=WindowsPath('C:/RPA/Dtraf/MVP2/MVP2/DETRAF-UNIFICADO/unificado/arquivos/Entrada/9D024E55DD250D4...
    │    │        └ <function ProcessamentoService.executar at 0x000001FEBB0BF600>
    │    └ <src.services.processamento_service.ProcessamentoService object at 0x000001FEBB085160>
    └ <src.controllers.processamento_controller.ProcessamentoController object at 0x000001FEBB084C20>

  File "C:\RPA\Dtraf\MVP2\MVP2\DETRAF-UNIFICADO\unificado\rpa1_captura\src\services\processamento_service.py", line 151, in executar
    self._notificar_reprovados()
    │    └ <function ProcessamentoService._notificar_reprovados at 0x000001FEBB0BFA60>
    └ <src.services.processamento_service.ProcessamentoService object at 0x000001FEBB085160>

  File "C:\RPA\Dtraf\MVP2\MVP2\DETRAF-UNIFICADO\unificado\rpa1_captura\src\services\processamento_service.py", line 588, in _notificar_reprovados
    sucesso = bool(self._notificar_externo(pacote, recusas))
                   │    │                  │       └ [ArquivoRecusado(nome='DETRAF_FINAL_202607_HOME_VIVO_C_20260804195236_SMS.csv', motivos=['posição 7 (GH): esperado S, R, N ou...
                   │    │                  └ ArquivoParaProcessar(caminho=WindowsPath('C:/RPA/Dtraf/MVP2/MVP2/DETRAF-UNIFICADO/unificado/arquivos/Entrada/9D024E55DD250D4D...
                   │    └ <bound method ProcessamentoController._notificar_operadora of <src.controllers.processamento_controller.ProcessamentoControll...
                   └ <src.services.processamento_service.ProcessamentoService object at 0x000001FEBB085160>

  File "C:\RPA\Dtraf\MVP2\MVP2\DETRAF-UNIFICADO\unificado\rpa1_captura\src\controllers\processamento_controller.py", line 31, in _notificar_operadora
    return notificar_arquivos_recusados(self._outlook.responder, pacote, recusas)
           │                            │    │                   │       └ [ArquivoRecusado(nome='DETRAF_FINAL_202607_HOME_VIVO_C_20260804195236_SMS.csv', motivos=['posição 7 (GH): esperado S, R, N ou...
           │                            │    │                   └ ArquivoParaProcessar(caminho=WindowsPath('C:/RPA/Dtraf/MVP2/MVP2/DETRAF-UNIFICADO/unificado/arquivos/Entrada/9D024E55DD250D4D...
           │                            │    └ <property object at 0x000001FEA15B03B0>
           │                            └ <src.controllers.processamento_controller.ProcessamentoController object at 0x000001FEBB084C20>
           └ <function notificar_arquivos_recusados at 0x000001FEA17479C0>

  File "C:\RPA\Dtraf\MVP2\MVP2\DETRAF-UNIFICADO\unificado\rpa1_captura\src\services\notificacao_operadora.py", line 74, in notificar_arquivos_recusados
    return bool(responder(pacote, corpo, configuration.NOTIFICAR_OPERADORA_ENVIAR))
                │         │       │      │             └ False
                │         │       │      └ <module 'comum.config.configuration' from 'C:\\RPA\\Dtraf\\MVP2\\MVP2\\DETRAF-UNIFICADO\\unificado\\comum\\config\\configurat...
                │         │       └ 'Prezados,\n\nOs arquivos de Detraf abaixo, enviados por sua empresa nesta mensagem, não\npuderam ser processados e estão sen...
                │         └ ArquivoParaProcessar(caminho=WindowsPath('C:/RPA/Dtraf/MVP2/MVP2/DETRAF-UNIFICADO/unificado/arquivos/Entrada/9D024E55DD250D4D...
                └ <bound method OutlookController.responder of <src.controllers.outlook_controller.OutlookController object at 0x000001FEBB0855...

> File "C:\RPA\Dtraf\MVP2\MVP2\DETRAF-UNIFICADO\unificado\rpa1_captura\src\controllers\outlook_controller.py", line 234, in responder
    OutlookService(self._config.account).responder_email(
    │              │    │       └ 'detrafTBRA'
    │              │    └ OutlookConfig(account='detrafTBRA', detraf_despesas_folder='Detraf Despesas', processados_folder='PROCESSADOS', dest_root=Win...
    │              └ <src.controllers.outlook_controller.OutlookController object at 0x000001FEBB085550>
    └ <class 'comum.integracoes.outlook.OutlookService'>

  File "C:\RPA\Dtraf\MVP2\MVP2\DETRAF-UNIFICADO\unificado\comum\integracoes\outlook.py", line 303, in responder_email
    raise OutlookError(f"Falha ao responder o e-mail '{entry_id}': {exc}") from exc
          │                                            └ '00000000A949F53E017BB44C86E46D56D2D6BB100700F25FC41A3584FC499D024E55DD250D4D00005211FBDF0000137D0D4C70E1CF4091747B97613AB5A6...
          └ <class 'comum.integracoes.outlook.OutlookError'>

comum.integracoes.outlook.OutlookError: Falha ao responder o e-mail '00000000A949F53E017BB44C86E46D56D2D6BB100700F25FC41A3584FC499D024E55DD250D4D00005211FBDF0000137D0D4C70E1CF4091747B97613AB5A60000A35B1B4E0000': (-2147467260, 'Operação anulada', None, None)
2026-08-13 11:54:37.628 | INFO    |src.services.processamento_service:executar:151 - [RPA 1] E-mail de origem de 'DETRAF_FINAL_202607_HOME_VIVO_C_20260804195236_SMS.csv': 1 arquivo(s) recusado(s), operadora NÃO notificada.
2026-08-13 11:54:37.629 | INFO    |src.controllers.outlook_controller:responder:234 - Conectando ao Outlook (conta configurada: 'detrafTBRA')...
2026-08-13 11:54:37.636 | INFO    |src.controllers.outlook_controller:responder:234 - Conectado ao Outlook com sucesso.
2026-08-13 11:54:37.773 | ERROR   |src.services.notificacao_operadora:notificar_arquivos_recusados:74 - [RPA 1] Falha ao criar rascunho de resposta para 'DETRAF CLARO STFC LD X TELEFONICA 202607.xls': Falha ao responder o e-mail '00000000A949F53E017BB44C86E46D56D2D6BB100700F25FC41A3584FC499D024E55DD250D4D00005211FBDF0000137D0D4C70E1CF4091747B97613AB5A60000A35B1B4F0000': (-2147467260, 'Operação anulada', None, None)
Traceback (most recent call last):

  File "C:\RPA\Dtraf\MVP2\MVP2\DETRAF-UNIFICADO\unificado\comum\integracoes\outlook.py", line 301, in responder_email
    reply.Save()
    └ <COMObject Reply>

  File "<COMObject Reply>", line 2, in Save

pywintypes.com_error: (-2147467260, 'Operação anulada', None, None)


The above exception was the direct cause of the following exception:


Traceback (most recent call last):

  File "C:\RPA\Dtraf\MVP2\MVP2\DETRAF-UNIFICADO\unificado\rpa1_captura\main.py", line 118, in <module>
    raise SystemExit(main())
                     └ <function main at 0x000001FE9ED014E0>

  File "C:\RPA\Dtraf\MVP2\MVP2\DETRAF-UNIFICADO\unificado\rpa1_captura\main.py", line 94, in main
    run(pasta_entrada=recorte.pasta_entrada, etapa=recorte.etapa, diagnostico=diagnostico)
    │                 │       │                    │       │                  └ <comum.config.diagnostico_execucao.DiagnosticoDeExecucao object at 0x000001FEA1555D30>
    │                 │       │                    │       └ None
    │                 │       │                    └ Argumentos(referencia=None, operadoras=[], etapa=None, pasta_entrada=None, de_pasta=None, dry_run=False, pausar=False)
    │                 │       └ None
    │                 └ Argumentos(referencia=None, operadoras=[], etapa=None, pasta_entrada=None, de_pasta=None, dry_run=False, pausar=False)
    └ <function run at 0x000001FEA15AAAC0>

  File "C:\RPA\Dtraf\MVP2\MVP2\DETRAF-UNIFICADO\unificado\rpa1_captura\src\main\process_handle.py", line 34, in run
    controller.processar(
    │          └ <function ProcessamentoController.processar at 0x000001FEBB0BFD80>
    └ <src.controllers.processamento_controller.ProcessamentoController object at 0x000001FEBB084C20>

  File "C:\RPA\Dtraf\MVP2\MVP2\DETRAF-UNIFICADO\unificado\rpa1_captura\src\controllers\processamento_controller.py", line 155, in processar
    self._servico.executar(arquivos)
    │    │        │        └ [ArquivoParaProcessar(caminho=WindowsPath('C:/RPA/Dtraf/MVP2/MVP2/DETRAF-UNIFICADO/unificado/arquivos/Entrada/9D024E55DD250D4...
    │    │        └ <function ProcessamentoService.executar at 0x000001FEBB0BF600>
    │    └ <src.services.processamento_service.ProcessamentoService object at 0x000001FEBB085160>
    └ <src.controllers.processamento_controller.ProcessamentoController object at 0x000001FEBB084C20>

  File "C:\RPA\Dtraf\MVP2\MVP2\DETRAF-UNIFICADO\unificado\rpa1_captura\src\services\processamento_service.py", line 151, in executar
    self._notificar_reprovados()
    │    └ <function ProcessamentoService._notificar_reprovados at 0x000001FEBB0BFA60>
    └ <src.services.processamento_service.ProcessamentoService object at 0x000001FEBB085160>

  File "C:\RPA\Dtraf\MVP2\MVP2\DETRAF-UNIFICADO\unificado\rpa1_captura\src\services\processamento_service.py", line 588, in _notificar_reprovados
    sucesso = bool(self._notificar_externo(pacote, recusas))
                   │    │                  │       └ [ArquivoRecusado(nome='DETRAF CLARO STFC LD X TELEFONICA 202607.xls', motivos=['o arquivo não pôde ser lido (formato, codific...
                   │    │                  └ ArquivoParaProcessar(caminho=WindowsPath('C:/RPA/Dtraf/MVP2/MVP2/DETRAF-UNIFICADO/unificado/arquivos/Entrada/9D024E55DD250D4D...
                   │    └ <bound method ProcessamentoController._notificar_operadora of <src.controllers.processamento_controller.ProcessamentoControll...
                   └ <src.services.processamento_service.ProcessamentoService object at 0x000001FEBB085160>

  File "C:\RPA\Dtraf\MVP2\MVP2\DETRAF-UNIFICADO\unificado\rpa1_captura\src\controllers\processamento_controller.py", line 31, in _notificar_operadora
    return notificar_arquivos_recusados(self._outlook.responder, pacote, recusas)
           │                            │    │                   │       └ [ArquivoRecusado(nome='DETRAF CLARO STFC LD X TELEFONICA 202607.xls', motivos=['o arquivo não pôde ser lido (formato, codific...
           │                            │    │                   └ ArquivoParaProcessar(caminho=WindowsPath('C:/RPA/Dtraf/MVP2/MVP2/DETRAF-UNIFICADO/unificado/arquivos/Entrada/9D024E55DD250D4D...
           │                            │    └ <property object at 0x000001FEA15B03B0>
           │                            └ <src.controllers.processamento_controller.ProcessamentoController object at 0x000001FEBB084C20>
           └ <function notificar_arquivos_recusados at 0x000001FEA17479C0>

  File "C:\RPA\Dtraf\MVP2\MVP2\DETRAF-UNIFICADO\unificado\rpa1_captura\src\services\notificacao_operadora.py", line 74, in notificar_arquivos_recusados
    return bool(responder(pacote, corpo, configuration.NOTIFICAR_OPERADORA_ENVIAR))
                │         │       │      │             └ False
                │         │       │      └ <module 'comum.config.configuration' from 'C:\\RPA\\Dtraf\\MVP2\\MVP2\\DETRAF-UNIFICADO\\unificado\\comum\\config\\configurat...
                │         │       └ 'Prezados,\n\nOs arquivos de Detraf abaixo, enviados por sua empresa nesta mensagem, não\npuderam ser processados e estão sen...
                │         └ ArquivoParaProcessar(caminho=WindowsPath('C:/RPA/Dtraf/MVP2/MVP2/DETRAF-UNIFICADO/unificado/arquivos/Entrada/9D024E55DD250D4D...
                └ <bound method OutlookController.responder of <src.controllers.outlook_controller.OutlookController object at 0x000001FEBB0855...

> File "C:\RPA\Dtraf\MVP2\MVP2\DETRAF-UNIFICADO\unificado\rpa1_captura\src\controllers\outlook_controller.py", line 234, in responder
    OutlookService(self._config.account).responder_email(
    │              │    │       └ 'detrafTBRA'
    │              │    └ OutlookConfig(account='detrafTBRA', detraf_despesas_folder='Detraf Despesas', processados_folder='PROCESSADOS', dest_root=Win...
    │              └ <src.controllers.outlook_controller.OutlookController object at 0x000001FEBB085550>
    └ <class 'comum.integracoes.outlook.OutlookService'>

  File "C:\RPA\Dtraf\MVP2\MVP2\DETRAF-UNIFICADO\unificado\comum\integracoes\outlook.py", line 303, in responder_email
    raise OutlookError(f"Falha ao responder o e-mail '{entry_id}': {exc}") from exc
          │                                            └ '00000000A949F53E017BB44C86E46D56D2D6BB100700F25FC41A3584FC499D024E55DD250D4D00005211FBDF0000137D0D4C70E1CF4091747B97613AB5A6...
          └ <class 'comum.integracoes.outlook.OutlookError'>

comum.integracoes.outlook.OutlookError: Falha ao responder o e-mail '00000000A949F53E017BB44C86E46D56D2D6BB100700F25FC41A3584FC499D024E55DD250D4D00005211FBDF0000137D0D4C70E1CF4091747B97613AB5A60000A35B1B4F0000': (-2147467260, 'Operação anulada', None, None)
2026-08-13 11:54:37.782 | INFO    |src.services.processamento_service:executar:151 - [RPA 1] E-mail de origem de 'DETRAF CLARO STFC LD X TELEFONICA 202607.xls': 1 arquivo(s) recusado(s), operadora NÃO notificada.
2026-08-13 11:54:37.783 | INFO    |src.controllers.outlook_controller:responder:234 - Conectando ao Outlook (conta configurada: 'detrafTBRA')...
2026-08-13 11:54:37.791 | INFO    |src.controllers.outlook_controller:responder:234 - Conectado ao Outlook com sucesso.
2026-08-13 11:54:37.936 | ERROR   |src.services.notificacao_operadora:notificar_arquivos_recusados:74 - [RPA 1] Falha ao criar rascunho de resposta para 'DETRAF CLARO STFC LD X VIVO SMP 202607.xls': Falha ao responder o e-mail '00000000A949F53E017BB44C86E46D56D2D6BB100700F25FC41A3584FC499D024E55DD250D4D00005211FBDF0000137D0D4C70E1CF4091747B97613AB5A60000A35B1B500000': (-2147467260, 'Operação anulada', None, None)
Traceback (most recent call last):

  File "C:\RPA\Dtraf\MVP2\MVP2\DETRAF-UNIFICADO\unificado\comum\integracoes\outlook.py", line 301, in responder_email
    reply.Save()
    └ <COMObject Reply>

  File "<COMObject Reply>", line 2, in Save

pywintypes.com_error: (-2147467260, 'Operação anulada', None, None)


The above exception was the direct cause of the following exception:


Traceback (most recent call last):

  File "C:\RPA\Dtraf\MVP2\MVP2\DETRAF-UNIFICADO\unificado\rpa1_captura\main.py", line 118, in <module>
    raise SystemExit(main())
                     └ <function main at 0x000001FE9ED014E0>

  File "C:\RPA\Dtraf\MVP2\MVP2\DETRAF-UNIFICADO\unificado\rpa1_captura\main.py", line 94, in main
    run(pasta_entrada=recorte.pasta_entrada, etapa=recorte.etapa, diagnostico=diagnostico)
    │                 │       │                    │       │                  └ <comum.config.diagnostico_execucao.DiagnosticoDeExecucao object at 0x000001FEA1555D30>
    │                 │       │                    │       └ None
    │                 │       │                    └ Argumentos(referencia=None, operadoras=[], etapa=None, pasta_entrada=None, de_pasta=None, dry_run=False, pausar=False)
    │                 │       └ None
    │                 └ Argumentos(referencia=None, operadoras=[], etapa=None, pasta_entrada=None, de_pasta=None, dry_run=False, pausar=False)
    └ <function run at 0x000001FEA15AAAC0>

  File "C:\RPA\Dtraf\MVP2\MVP2\DETRAF-UNIFICADO\unificado\rpa1_captura\src\main\process_handle.py", line 34, in run
    controller.processar(
    │          └ <function ProcessamentoController.processar at 0x000001FEBB0BFD80>
    └ <src.controllers.processamento_controller.ProcessamentoController object at 0x000001FEBB084C20>

  File "C:\RPA\Dtraf\MVP2\MVP2\DETRAF-UNIFICADO\unificado\rpa1_captura\src\controllers\processamento_controller.py", line 155, in processar
    self._servico.executar(arquivos)
    │    │        │        └ [ArquivoParaProcessar(caminho=WindowsPath('C:/RPA/Dtraf/MVP2/MVP2/DETRAF-UNIFICADO/unificado/arquivos/Entrada/9D024E55DD250D4...
    │    │        └ <function ProcessamentoService.executar at 0x000001FEBB0BF600>
    │    └ <src.services.processamento_service.ProcessamentoService object at 0x000001FEBB085160>
    └ <src.controllers.processamento_controller.ProcessamentoController object at 0x000001FEBB084C20>

  File "C:\RPA\Dtraf\MVP2\MVP2\DETRAF-UNIFICADO\unificado\rpa1_captura\src\services\processamento_service.py", line 151, in executar
    self._notificar_reprovados()
    │    └ <function ProcessamentoService._notificar_reprovados at 0x000001FEBB0BFA60>
    └ <src.services.processamento_service.ProcessamentoService object at 0x000001FEBB085160>

  File "C:\RPA\Dtraf\MVP2\MVP2\DETRAF-UNIFICADO\unificado\rpa1_captura\src\services\processamento_service.py", line 588, in _notificar_reprovados
    sucesso = bool(self._notificar_externo(pacote, recusas))
                   │    │                  │       └ [ArquivoRecusado(nome='DETRAF CLARO STFC LD X VIVO SMP 202607.xls', motivos=['o arquivo não pôde ser lido (formato, codificaç...
                   │    │                  └ ArquivoParaProcessar(caminho=WindowsPath('C:/RPA/Dtraf/MVP2/MVP2/DETRAF-UNIFICADO/unificado/arquivos/Entrada/9D024E55DD250D4D...
                   │    └ <bound method ProcessamentoController._notificar_operadora of <src.controllers.processamento_controller.ProcessamentoControll...
                   └ <src.services.processamento_service.ProcessamentoService object at 0x000001FEBB085160>

  File "C:\RPA\Dtraf\MVP2\MVP2\DETRAF-UNIFICADO\unificado\rpa1_captura\src\controllers\processamento_controller.py", line 31, in _notificar_operadora
    return notificar_arquivos_recusados(self._outlook.responder, pacote, recusas)
           │                            │    │                   │       └ [ArquivoRecusado(nome='DETRAF CLARO STFC LD X VIVO SMP 202607.xls', motivos=['o arquivo não pôde ser lido (formato, codificaç...
           │                            │    │                   └ ArquivoParaProcessar(caminho=WindowsPath('C:/RPA/Dtraf/MVP2/MVP2/DETRAF-UNIFICADO/unificado/arquivos/Entrada/9D024E55DD250D4D...
           │                            │    └ <property object at 0x000001FEA15B03B0>
           │                            └ <src.controllers.processamento_controller.ProcessamentoController object at 0x000001FEBB084C20>
           └ <function notificar_arquivos_recusados at 0x000001FEA17479C0>

  File "C:\RPA\Dtraf\MVP2\MVP2\DETRAF-UNIFICADO\unificado\rpa1_captura\src\services\notificacao_operadora.py", line 74, in notificar_arquivos_recusados
    return bool(responder(pacote, corpo, configuration.NOTIFICAR_OPERADORA_ENVIAR))
                │         │       │      │             └ False
                │         │       │      └ <module 'comum.config.configuration' from 'C:\\RPA\\Dtraf\\MVP2\\MVP2\\DETRAF-UNIFICADO\\unificado\\comum\\config\\configurat...
                │         │       └ 'Prezados,\n\nOs arquivos de Detraf abaixo, enviados por sua empresa nesta mensagem, não\npuderam ser processados e estão sen...
                │         └ ArquivoParaProcessar(caminho=WindowsPath('C:/RPA/Dtraf/MVP2/MVP2/DETRAF-UNIFICADO/unificado/arquivos/Entrada/9D024E55DD250D4D...
                └ <bound method OutlookController.responder of <src.controllers.outlook_controller.OutlookController object at 0x000001FEBB0855...

> File "C:\RPA\Dtraf\MVP2\MVP2\DETRAF-UNIFICADO\unificado\rpa1_captura\src\controllers\outlook_controller.py", line 234, in responder
    OutlookService(self._config.account).responder_email(
    │              │    │       └ 'detrafTBRA'
    │              │    └ OutlookConfig(account='detrafTBRA', detraf_despesas_folder='Detraf Despesas', processados_folder='PROCESSADOS', dest_root=Win...
    │              └ <src.controllers.outlook_controller.OutlookController object at 0x000001FEBB085550>
    └ <class 'comum.integracoes.outlook.OutlookService'>

  File "C:\RPA\Dtraf\MVP2\MVP2\DETRAF-UNIFICADO\unificado\comum\integracoes\outlook.py", line 303, in responder_email
    raise OutlookError(f"Falha ao responder o e-mail '{entry_id}': {exc}") from exc
          │                                            └ '00000000A949F53E017BB44C86E46D56D2D6BB100700F25FC41A3584FC499D024E55DD250D4D00005211FBDF0000137D0D4C70E1CF4091747B97613AB5A6...
          └ <class 'comum.integracoes.outlook.OutlookError'>

comum.integracoes.outlook.OutlookError: Falha ao responder o e-mail '00000000A949F53E017BB44C86E46D56D2D6BB100700F25FC41A3584FC499D024E55DD250D4D00005211FBDF0000137D0D4C70E1CF4091747B97613AB5A60000A35B1B500000': (-2147467260, 'Operação anulada', None, None)
2026-08-13 11:54:37.945 | INFO    |src.services.processamento_service:executar:151 - [RPA 1] E-mail de origem de 'DETRAF CLARO STFC LD X VIVO SMP 202607.xls': 1 arquivo(s) recusado(s), operadora NÃO notificada.
2026-08-13 11:54:37.946 | INFO    |src.controllers.outlook_controller:responder:234 - Conectando ao Outlook (conta configurada: 'detrafTBRA')...
2026-08-13 11:54:37.953 | INFO    |src.controllers.outlook_controller:responder:234 - Conectado ao Outlook com sucesso.
2026-08-13 11:54:38.088 | ERROR   |src.services.notificacao_operadora:notificar_arquivos_recusados:74 - [RPA 1] Falha ao criar rascunho de resposta para 'DETRAF CLARO STFC LD X VIVO STFC 202607.xls': Falha ao responder o e-mail '00000000A949F53E017BB44C86E46D56D2D6BB100700F25FC41A3584FC499D024E55DD250D4D00005211FBDF0000137D0D4C70E1CF4091747B97613AB5A60000A35B1B510000': (-2147467260, 'Operação anulada', None, None)
Traceback (most recent call last):

  File "C:\RPA\Dtraf\MVP2\MVP2\DETRAF-UNIFICADO\unificado\comum\integracoes\outlook.py", line 301, in responder_email
    reply.Save()
    └ <COMObject Reply>

  File "<COMObject Reply>", line 2, in Save

pywintypes.com_error: (-2147467260, 'Operação anulada', None, None)


The above exception was the direct cause of the following exception:


Traceback (most recent call last):

  File "C:\RPA\Dtraf\MVP2\MVP2\DETRAF-UNIFICADO\unificado\rpa1_captura\main.py", line 118, in <module>
    raise SystemExit(main())
                     └ <function main at 0x000001FE9ED014E0>

  File "C:\RPA\Dtraf\MVP2\MVP2\DETRAF-UNIFICADO\unificado\rpa1_captura\main.py", line 94, in main
    run(pasta_entrada=recorte.pasta_entrada, etapa=recorte.etapa, diagnostico=diagnostico)
    │                 │       │                    │       │                  └ <comum.config.diagnostico_execucao.DiagnosticoDeExecucao object at 0x000001FEA1555D30>
    │                 │       │                    │       └ None
    │                 │       │                    └ Argumentos(referencia=None, operadoras=[], etapa=None, pasta_entrada=None, de_pasta=None, dry_run=False, pausar=False)
    │                 │       └ None
    │                 └ Argumentos(referencia=None, operadoras=[], etapa=None, pasta_entrada=None, de_pasta=None, dry_run=False, pausar=False)
    └ <function run at 0x000001FEA15AAAC0>

  File "C:\RPA\Dtraf\MVP2\MVP2\DETRAF-UNIFICADO\unificado\rpa1_captura\src\main\process_handle.py", line 34, in run
    controller.processar(
    │          └ <function ProcessamentoController.processar at 0x000001FEBB0BFD80>
    └ <src.controllers.processamento_controller.ProcessamentoController object at 0x000001FEBB084C20>

  File "C:\RPA\Dtraf\MVP2\MVP2\DETRAF-UNIFICADO\unificado\rpa1_captura\src\controllers\processamento_controller.py", line 155, in processar
    self._servico.executar(arquivos)
    │    │        │        └ [ArquivoParaProcessar(caminho=WindowsPath('C:/RPA/Dtraf/MVP2/MVP2/DETRAF-UNIFICADO/unificado/arquivos/Entrada/9D024E55DD250D4...
    │    │        └ <function ProcessamentoService.executar at 0x000001FEBB0BF600>
    │    └ <src.services.processamento_service.ProcessamentoService object at 0x000001FEBB085160>
    └ <src.controllers.processamento_controller.ProcessamentoController object at 0x000001FEBB084C20>

  File "C:\RPA\Dtraf\MVP2\MVP2\DETRAF-UNIFICADO\unificado\rpa1_captura\src\services\processamento_service.py", line 151, in executar
    self._notificar_reprovados()
    │    └ <function ProcessamentoService._notificar_reprovados at 0x000001FEBB0BFA60>
    └ <src.services.processamento_service.ProcessamentoService object at 0x000001FEBB085160>

  File "C:\RPA\Dtraf\MVP2\MVP2\DETRAF-UNIFICADO\unificado\rpa1_captura\src\services\processamento_service.py", line 588, in _notificar_reprovados
    sucesso = bool(self._notificar_externo(pacote, recusas))
                   │    │                  │       └ [ArquivoRecusado(nome='DETRAF CLARO STFC LD X VIVO STFC 202607.xls', motivos=['o arquivo não pôde ser lido (formato, codifica...
                   │    │                  └ ArquivoParaProcessar(caminho=WindowsPath('C:/RPA/Dtraf/MVP2/MVP2/DETRAF-UNIFICADO/unificado/arquivos/Entrada/9D024E55DD250D4D...
                   │    └ <bound method ProcessamentoController._notificar_operadora of <src.controllers.processamento_controller.ProcessamentoControll...
                   └ <src.services.processamento_service.ProcessamentoService object at 0x000001FEBB085160>

  File "C:\RPA\Dtraf\MVP2\MVP2\DETRAF-UNIFICADO\unificado\rpa1_captura\src\controllers\processamento_controller.py", line 31, in _notificar_operadora
    return notificar_arquivos_recusados(self._outlook.responder, pacote, recusas)
           │                            │    │                   │       └ [ArquivoRecusado(nome='DETRAF CLARO STFC LD X VIVO STFC 202607.xls', motivos=['o arquivo não pôde ser lido (formato, codifica...
           │                            │    │                   └ ArquivoParaProcessar(caminho=WindowsPath('C:/RPA/Dtraf/MVP2/MVP2/DETRAF-UNIFICADO/unificado/arquivos/Entrada/9D024E55DD250D4D...
           │                            │    └ <property object at 0x000001FEA15B03B0>
           │                            └ <src.controllers.processamento_controller.ProcessamentoController object at 0x000001FEBB084C20>
           └ <function notificar_arquivos_recusados at 0x000001FEA17479C0>

  File "C:\RPA\Dtraf\MVP2\MVP2\DETRAF-UNIFICADO\unificado\rpa1_captura\src\services\notificacao_operadora.py", line 74, in notificar_arquivos_recusados
    return bool(responder(pacote, corpo, configuration.NOTIFICAR_OPERADORA_ENVIAR))
                │         │       │      │             └ False
                │         │       │      └ <module 'comum.config.configuration' from 'C:\\RPA\\Dtraf\\MVP2\\MVP2\\DETRAF-UNIFICADO\\unificado\\comum\\config\\configurat...
                │         │       └ 'Prezados,\n\nOs arquivos de Detraf abaixo, enviados por sua empresa nesta mensagem, não\npuderam ser processados e estão sen...
                │         └ ArquivoParaProcessar(caminho=WindowsPath('C:/RPA/Dtraf/MVP2/MVP2/DETRAF-UNIFICADO/unificado/arquivos/Entrada/9D024E55DD250D4D...
                └ <bound method OutlookController.responder of <src.controllers.outlook_controller.OutlookController object at 0x000001FEBB0855...

> File "C:\RPA\Dtraf\MVP2\MVP2\DETRAF-UNIFICADO\unificado\rpa1_captura\src\controllers\outlook_controller.py", line 234, in responder
    OutlookService(self._config.account).responder_email(
    │              │    │       └ 'detrafTBRA'
    │              │    └ OutlookConfig(account='detrafTBRA', detraf_despesas_folder='Detraf Despesas', processados_folder='PROCESSADOS', dest_root=Win...
    │              └ <src.controllers.outlook_controller.OutlookController object at 0x000001FEBB085550>
    └ <class 'comum.integracoes.outlook.OutlookService'>

  File "C:\RPA\Dtraf\MVP2\MVP2\DETRAF-UNIFICADO\unificado\comum\integracoes\outlook.py", line 303, in responder_email
    raise OutlookError(f"Falha ao responder o e-mail '{entry_id}': {exc}") from exc
          │                                            └ '00000000A949F53E017BB44C86E46D56D2D6BB100700F25FC41A3584FC499D024E55DD250D4D00005211FBDF0000137D0D4C70E1CF4091747B97613AB5A6...
          └ <class 'comum.integracoes.outlook.OutlookError'>

comum.integracoes.outlook.OutlookError: Falha ao responder o e-mail '00000000A949F53E017BB44C86E46D56D2D6BB100700F25FC41A3584FC499D024E55DD250D4D00005211FBDF0000137D0D4C70E1CF4091747B97613AB5A60000A35B1B510000': (-2147467260, 'Operação anulada', None, None)
2026-08-13 11:54:38.097 | INFO    |src.services.processamento_service:executar:151 - [RPA 1] E-mail de origem de 'DETRAF CLARO STFC LD X VIVO STFC 202607.xls': 1 arquivo(s) recusado(s), operadora NÃO notificada.
2026-08-13 11:54:38.098 | INFO    |src.controllers.outlook_controller:responder:234 - Conectando ao Outlook (conta configurada: 'detrafTBRA')...
2026-08-13 11:54:38.105 | INFO    |src.controllers.outlook_controller:responder:234 - Conectado ao Outlook com sucesso.
2026-08-13 11:54:38.259 | ERROR   |src.services.notificacao_operadora:notificar_arquivos_recusados:74 - [RPA 1] Falha ao criar rascunho de resposta para 'DETRAF CLARO STFC LC X TELEFONICA 202607.xls': Falha ao responder o e-mail '00000000A949F53E017BB44C86E46D56D2D6BB100700F25FC41A3584FC499D024E55DD250D4D00005211FBDF0000137D0D4C70E1CF4091747B97613AB5A60000A35B1B520000': (-2147467260, 'Operação anulada', None, None)
Traceback (most recent call last):

  File "C:\RPA\Dtraf\MVP2\MVP2\DETRAF-UNIFICADO\unificado\comum\integracoes\outlook.py", line 301, in responder_email
    reply.Save()
    └ <COMObject Reply>

  File "<COMObject Reply>", line 2, in Save

pywintypes.com_error: (-2147467260, 'Operação anulada', None, None)


The above exception was the direct cause of the following exception:


Traceback (most recent call last):

  File "C:\RPA\Dtraf\MVP2\MVP2\DETRAF-UNIFICADO\unificado\rpa1_captura\main.py", line 118, in <module>
    raise SystemExit(main())
                     └ <function main at 0x000001FE9ED014E0>

  File "C:\RPA\Dtraf\MVP2\MVP2\DETRAF-UNIFICADO\unificado\rpa1_captura\main.py", line 94, in main
    run(pasta_entrada=recorte.pasta_entrada, etapa=recorte.etapa, diagnostico=diagnostico)
    │                 │       │                    │       │                  └ <comum.config.diagnostico_execucao.DiagnosticoDeExecucao object at 0x000001FEA1555D30>
    │                 │       │                    │       └ None
    │                 │       │                    └ Argumentos(referencia=None, operadoras=[], etapa=None, pasta_entrada=None, de_pasta=None, dry_run=False, pausar=False)
    │                 │       └ None
    │                 └ Argumentos(referencia=None, operadoras=[], etapa=None, pasta_entrada=None, de_pasta=None, dry_run=False, pausar=False)
    └ <function run at 0x000001FEA15AAAC0>

  File "C:\RPA\Dtraf\MVP2\MVP2\DETRAF-UNIFICADO\unificado\rpa1_captura\src\main\process_handle.py", line 34, in run
    controller.processar(
    │          └ <function ProcessamentoController.processar at 0x000001FEBB0BFD80>
    └ <src.controllers.processamento_controller.ProcessamentoController object at 0x000001FEBB084C20>

  File "C:\RPA\Dtraf\MVP2\MVP2\DETRAF-UNIFICADO\unificado\rpa1_captura\src\controllers\processamento_controller.py", line 155, in processar
    self._servico.executar(arquivos)
    │    │        │        └ [ArquivoParaProcessar(caminho=WindowsPath('C:/RPA/Dtraf/MVP2/MVP2/DETRAF-UNIFICADO/unificado/arquivos/Entrada/9D024E55DD250D4...
    │    │        └ <function ProcessamentoService.executar at 0x000001FEBB0BF600>
    │    └ <src.services.processamento_service.ProcessamentoService object at 0x000001FEBB085160>
    └ <src.controllers.processamento_controller.ProcessamentoController object at 0x000001FEBB084C20>

  File "C:\RPA\Dtraf\MVP2\MVP2\DETRAF-UNIFICADO\unificado\rpa1_captura\src\services\processamento_service.py", line 151, in executar
    self._notificar_reprovados()
    │    └ <function ProcessamentoService._notificar_reprovados at 0x000001FEBB0BFA60>
    └ <src.services.processamento_service.ProcessamentoService object at 0x000001FEBB085160>

  File "C:\RPA\Dtraf\MVP2\MVP2\DETRAF-UNIFICADO\unificado\rpa1_captura\src\services\processamento_service.py", line 588, in _notificar_reprovados
    sucesso = bool(self._notificar_externo(pacote, recusas))
                   │    │                  │       └ [ArquivoRecusado(nome='DETRAF CLARO STFC LC X TELEFONICA 202607.xls', motivos=['o arquivo não pôde ser lido (formato, codific...
                   │    │                  └ ArquivoParaProcessar(caminho=WindowsPath('C:/RPA/Dtraf/MVP2/MVP2/DETRAF-UNIFICADO/unificado/arquivos/Entrada/9D024E55DD250D4D...
                   │    └ <bound method ProcessamentoController._notificar_operadora of <src.controllers.processamento_controller.ProcessamentoControll...
                   └ <src.services.processamento_service.ProcessamentoService object at 0x000001FEBB085160>

  File "C:\RPA\Dtraf\MVP2\MVP2\DETRAF-UNIFICADO\unificado\rpa1_captura\src\controllers\processamento_controller.py", line 31, in _notificar_operadora
    return notificar_arquivos_recusados(self._outlook.responder, pacote, recusas)
           │                            │    │                   │       └ [ArquivoRecusado(nome='DETRAF CLARO STFC LC X TELEFONICA 202607.xls', motivos=['o arquivo não pôde ser lido (formato, codific...
           │                            │    │                   └ ArquivoParaProcessar(caminho=WindowsPath('C:/RPA/Dtraf/MVP2/MVP2/DETRAF-UNIFICADO/unificado/arquivos/Entrada/9D024E55DD250D4D...
           │                            │    └ <property object at 0x000001FEA15B03B0>
           │                            └ <src.controllers.processamento_controller.ProcessamentoController object at 0x000001FEBB084C20>
           └ <function notificar_arquivos_recusados at 0x000001FEA17479C0>

  File "C:\RPA\Dtraf\MVP2\MVP2\DETRAF-UNIFICADO\unificado\rpa1_captura\src\services\notificacao_operadora.py", line 74, in notificar_arquivos_recusados
    return bool(responder(pacote, corpo, configuration.NOTIFICAR_OPERADORA_ENVIAR))
                │         │       │      │             └ False
                │         │       │      └ <module 'comum.config.configuration' from 'C:\\RPA\\Dtraf\\MVP2\\MVP2\\DETRAF-UNIFICADO\\unificado\\comum\\config\\configurat...
                │         │       └ 'Prezados,\n\nOs arquivos de Detraf abaixo, enviados por sua empresa nesta mensagem, não\npuderam ser processados e estão sen...
                │         └ ArquivoParaProcessar(caminho=WindowsPath('C:/RPA/Dtraf/MVP2/MVP2/DETRAF-UNIFICADO/unificado/arquivos/Entrada/9D024E55DD250D4D...
                └ <bound method OutlookController.responder of <src.controllers.outlook_controller.OutlookController object at 0x000001FEBB0855...

> File "C:\RPA\Dtraf\MVP2\MVP2\DETRAF-UNIFICADO\unificado\rpa1_captura\src\controllers\outlook_controller.py", line 234, in responder
    OutlookService(self._config.account).responder_email(
    │              │    │       └ 'detrafTBRA'
    │              │    └ OutlookConfig(account='detrafTBRA', detraf_despesas_folder='Detraf Despesas', processados_folder='PROCESSADOS', dest_root=Win...
    │              └ <src.controllers.outlook_controller.OutlookController object at 0x000001FEBB085550>
    └ <class 'comum.integracoes.outlook.OutlookService'>

  File "C:\RPA\Dtraf\MVP2\MVP2\DETRAF-UNIFICADO\unificado\comum\integracoes\outlook.py", line 303, in responder_email
    raise OutlookError(f"Falha ao responder o e-mail '{entry_id}': {exc}") from exc
          │                                            └ '00000000A949F53E017BB44C86E46D56D2D6BB100700F25FC41A3584FC499D024E55DD250D4D00005211FBDF0000137D0D4C70E1CF4091747B97613AB5A6...
          └ <class 'comum.integracoes.outlook.OutlookError'>

comum.integracoes.outlook.OutlookError: Falha ao responder o e-mail '00000000A949F53E017BB44C86E46D56D2D6BB100700F25FC41A3584FC499D024E55DD250D4D00005211FBDF0000137D0D4C70E1CF4091747B97613AB5A60000A35B1B520000': (-2147467260, 'Operação anulada', None, None)
2026-08-13 11:54:38.268 | INFO    |src.services.processamento_service:executar:151 - [RPA 1] E-mail de origem de 'DETRAF CLARO STFC LC X TELEFONICA 202607.xls': 1 arquivo(s) recusado(s), operadora NÃO notificada.
2026-08-13 11:54:38.269 | INFO    |src.controllers.outlook_controller:responder:234 - Conectando ao Outlook (conta configurada: 'detrafTBRA')...
2026-08-13 11:54:38.278 | INFO    |src.controllers.outlook_controller:responder:234 - Conectado ao Outlook com sucesso.
2026-08-13 11:54:38.423 | ERROR   |src.services.notificacao_operadora:notificar_arquivos_recusados:74 - [RPA 1] Falha ao criar rascunho de resposta para 'DETRAF CLARO STFC LC X VIVO SMP 202607.xls': Falha ao responder o e-mail '00000000A949F53E017BB44C86E46D56D2D6BB100700F25FC41A3584FC499D024E55DD250D4D00005211FBDF0000137D0D4C70E1CF4091747B97613AB5A60000A35B1B530000': (-2147467260, 'Operação anulada', None, None)
Traceback (most recent call last):

  File "C:\RPA\Dtraf\MVP2\MVP2\DETRAF-UNIFICADO\unificado\comum\integracoes\outlook.py", line 301, in responder_email
    reply.Save()
    └ <COMObject Reply>

  File "<COMObject Reply>", line 2, in Save

pywintypes.com_error: (-2147467260, 'Operação anulada', None, None)


The above exception was the direct cause of the following exception:


Traceback (most recent call last):

  File "C:\RPA\Dtraf\MVP2\MVP2\DETRAF-UNIFICADO\unificado\rpa1_captura\main.py", line 118, in <module>
    raise SystemExit(main())
                     └ <function main at 0x000001FE9ED014E0>

  File "C:\RPA\Dtraf\MVP2\MVP2\DETRAF-UNIFICADO\unificado\rpa1_captura\main.py", line 94, in main
    run(pasta_entrada=recorte.pasta_entrada, etapa=recorte.etapa, diagnostico=diagnostico)
    │                 │       │                    │       │                  └ <comum.config.diagnostico_execucao.DiagnosticoDeExecucao object at 0x000001FEA1555D30>
    │                 │       │                    │       └ None
    │                 │       │                    └ Argumentos(referencia=None, operadoras=[], etapa=None, pasta_entrada=None, de_pasta=None, dry_run=False, pausar=False)
    │                 │       └ None
    │                 └ Argumentos(referencia=None, operadoras=[], etapa=None, pasta_entrada=None, de_pasta=None, dry_run=False, pausar=False)
    └ <function run at 0x000001FEA15AAAC0>

  File "C:\RPA\Dtraf\MVP2\MVP2\DETRAF-UNIFICADO\unificado\rpa1_captura\src\main\process_handle.py", line 34, in run
    controller.processar(
    │          └ <function ProcessamentoController.processar at 0x000001FEBB0BFD80>
    └ <src.controllers.processamento_controller.ProcessamentoController object at 0x000001FEBB084C20>

  File "C:\RPA\Dtraf\MVP2\MVP2\DETRAF-UNIFICADO\unificado\rpa1_captura\src\controllers\processamento_controller.py", line 155, in processar
    self._servico.executar(arquivos)
    │    │        │        └ [ArquivoParaProcessar(caminho=WindowsPath('C:/RPA/Dtraf/MVP2/MVP2/DETRAF-UNIFICADO/unificado/arquivos/Entrada/9D024E55DD250D4...
    │    │        └ <function ProcessamentoService.executar at 0x000001FEBB0BF600>
    │    └ <src.services.processamento_service.ProcessamentoService object at 0x000001FEBB085160>
    └ <src.controllers.processamento_controller.ProcessamentoController object at 0x000001FEBB084C20>

  File "C:\RPA\Dtraf\MVP2\MVP2\DETRAF-UNIFICADO\unificado\rpa1_captura\src\services\processamento_service.py", line 151, in executar
    self._notificar_reprovados()
    │    └ <function ProcessamentoService._notificar_reprovados at 0x000001FEBB0BFA60>
    └ <src.services.processamento_service.ProcessamentoService object at 0x000001FEBB085160>

  File "C:\RPA\Dtraf\MVP2\MVP2\DETRAF-UNIFICADO\unificado\rpa1_captura\src\services\processamento_service.py", line 588, in _notificar_reprovados
    sucesso = bool(self._notificar_externo(pacote, recusas))
                   │    │                  │       └ [ArquivoRecusado(nome='DETRAF CLARO STFC LC X VIVO SMP 202607.xls', motivos=['o arquivo não pôde ser lido (formato, codificaç...
                   │    │                  └ ArquivoParaProcessar(caminho=WindowsPath('C:/RPA/Dtraf/MVP2/MVP2/DETRAF-UNIFICADO/unificado/arquivos/Entrada/9D024E55DD250D4D...
                   │    └ <bound method ProcessamentoController._notificar_operadora of <src.controllers.processamento_controller.ProcessamentoControll...
                   └ <src.services.processamento_service.ProcessamentoService object at 0x000001FEBB085160>

  File "C:\RPA\Dtraf\MVP2\MVP2\DETRAF-UNIFICADO\unificado\rpa1_captura\src\controllers\processamento_controller.py", line 31, in _notificar_operadora
    return notificar_arquivos_recusados(self._outlook.responder, pacote, recusas)
           │                            │    │                   │       └ [ArquivoRecusado(nome='DETRAF CLARO STFC LC X VIVO SMP 202607.xls', motivos=['o arquivo não pôde ser lido (formato, codificaç...
           │                            │    │                   └ ArquivoParaProcessar(caminho=WindowsPath('C:/RPA/Dtraf/MVP2/MVP2/DETRAF-UNIFICADO/unificado/arquivos/Entrada/9D024E55DD250D4D...
           │                            │    └ <property object at 0x000001FEA15B03B0>
           │                            └ <src.controllers.processamento_controller.ProcessamentoController object at 0x000001FEBB084C20>
           └ <function notificar_arquivos_recusados at 0x000001FEA17479C0>

  File "C:\RPA\Dtraf\MVP2\MVP2\DETRAF-UNIFICADO\unificado\rpa1_captura\src\services\notificacao_operadora.py", line 74, in notificar_arquivos_recusados
    return bool(responder(pacote, corpo, configuration.NOTIFICAR_OPERADORA_ENVIAR))
                │         │       │      │             └ False
                │         │       │      └ <module 'comum.config.configuration' from 'C:\\RPA\\Dtraf\\MVP2\\MVP2\\DETRAF-UNIFICADO\\unificado\\comum\\config\\configurat...
                │         │       └ 'Prezados,\n\nOs arquivos de Detraf abaixo, enviados por sua empresa nesta mensagem, não\npuderam ser processados e estão sen...
                │         └ ArquivoParaProcessar(caminho=WindowsPath('C:/RPA/Dtraf/MVP2/MVP2/DETRAF-UNIFICADO/unificado/arquivos/Entrada/9D024E55DD250D4D...
                └ <bound method OutlookController.responder of <src.controllers.outlook_controller.OutlookController object at 0x000001FEBB0855...

> File "C:\RPA\Dtraf\MVP2\MVP2\DETRAF-UNIFICADO\unificado\rpa1_captura\src\controllers\outlook_controller.py", line 234, in responder
    OutlookService(self._config.account).responder_email(
    │              │    │       └ 'detrafTBRA'
    │              │    └ OutlookConfig(account='detrafTBRA', detraf_despesas_folder='Detraf Despesas', processados_folder='PROCESSADOS', dest_root=Win...
    │              └ <src.controllers.outlook_controller.OutlookController object at 0x000001FEBB085550>
    └ <class 'comum.integracoes.outlook.OutlookService'>

  File "C:\RPA\Dtraf\MVP2\MVP2\DETRAF-UNIFICADO\unificado\comum\integracoes\outlook.py", line 303, in responder_email
    raise OutlookError(f"Falha ao responder o e-mail '{entry_id}': {exc}") from exc
          │                                            └ '00000000A949F53E017BB44C86E46D56D2D6BB100700F25FC41A3584FC499D024E55DD250D4D00005211FBDF0000137D0D4C70E1CF4091747B97613AB5A6...
          └ <class 'comum.integracoes.outlook.OutlookError'>

comum.integracoes.outlook.OutlookError: Falha ao responder o e-mail '00000000A949F53E017BB44C86E46D56D2D6BB100700F25FC41A3584FC499D024E55DD250D4D00005211FBDF0000137D0D4C70E1CF4091747B97613AB5A60000A35B1B530000': (-2147467260, 'Operação anulada', None, None)
2026-08-13 11:54:38.432 | INFO    |src.services.processamento_service:executar:151 - [RPA 1] E-mail de origem de 'DETRAF CLARO STFC LC X VIVO SMP 202607.xls': 1 arquivo(s) recusado(s), operadora NÃO notificada.
2026-08-13 11:54:38.433 | INFO    |src.controllers.outlook_controller:responder:234 - Conectando ao Outlook (conta configurada: 'detrafTBRA')...
2026-08-13 11:54:38.440 | INFO    |src.controllers.outlook_controller:responder:234 - Conectado ao Outlook com sucesso.
2026-08-13 11:54:38.581 | ERROR   |src.services.notificacao_operadora:notificar_arquivos_recusados:74 - [RPA 1] Falha ao criar rascunho de resposta para 'DETRAF CLARO STFC LC X VIVO STFC 202607.xls': Falha ao responder o e-mail '00000000A949F53E017BB44C86E46D56D2D6BB100700F25FC41A3584FC499D024E55DD250D4D00005211FBDF0000137D0D4C70E1CF4091747B97613AB5A60000A35B1B540000': (-2147467260, 'Operação anulada', None, None)
Traceback (most recent call last):

  File "C:\RPA\Dtraf\MVP2\MVP2\DETRAF-UNIFICADO\unificado\comum\integracoes\outlook.py", line 301, in responder_email
    reply.Save()
    └ <COMObject Reply>

  File "<COMObject Reply>", line 2, in Save

pywintypes.com_error: (-2147467260, 'Operação anulada', None, None)


The above exception was the direct cause of the following exception:


Traceback (most recent call last):

  File "C:\RPA\Dtraf\MVP2\MVP2\DETRAF-UNIFICADO\unificado\rpa1_captura\main.py", line 118, in <module>
    raise SystemExit(main())
                     └ <function main at 0x000001FE9ED014E0>

  File "C:\RPA\Dtraf\MVP2\MVP2\DETRAF-UNIFICADO\unificado\rpa1_captura\main.py", line 94, in main
    run(pasta_entrada=recorte.pasta_entrada, etapa=recorte.etapa, diagnostico=diagnostico)
    │                 │       │                    │       │                  └ <comum.config.diagnostico_execucao.DiagnosticoDeExecucao object at 0x000001FEA1555D30>
    │                 │       │                    │       └ None
    │                 │       │                    └ Argumentos(referencia=None, operadoras=[], etapa=None, pasta_entrada=None, de_pasta=None, dry_run=False, pausar=False)
    │                 │       └ None
    │                 └ Argumentos(referencia=None, operadoras=[], etapa=None, pasta_entrada=None, de_pasta=None, dry_run=False, pausar=False)
    └ <function run at 0x000001FEA15AAAC0>

  File "C:\RPA\Dtraf\MVP2\MVP2\DETRAF-UNIFICADO\unificado\rpa1_captura\src\main\process_handle.py", line 34, in run
    controller.processar(
    │          └ <function ProcessamentoController.processar at 0x000001FEBB0BFD80>
    └ <src.controllers.processamento_controller.ProcessamentoController object at 0x000001FEBB084C20>

  File "C:\RPA\Dtraf\MVP2\MVP2\DETRAF-UNIFICADO\unificado\rpa1_captura\src\controllers\processamento_controller.py", line 155, in processar
    self._servico.executar(arquivos)
    │    │        │        └ [ArquivoParaProcessar(caminho=WindowsPath('C:/RPA/Dtraf/MVP2/MVP2/DETRAF-UNIFICADO/unificado/arquivos/Entrada/9D024E55DD250D4...
    │    │        └ <function ProcessamentoService.executar at 0x000001FEBB0BF600>
    │    └ <src.services.processamento_service.ProcessamentoService object at 0x000001FEBB085160>
    └ <src.controllers.processamento_controller.ProcessamentoController object at 0x000001FEBB084C20>

  File "C:\RPA\Dtraf\MVP2\MVP2\DETRAF-UNIFICADO\unificado\rpa1_captura\src\services\processamento_service.py", line 151, in executar
    self._notificar_reprovados()
    │    └ <function ProcessamentoService._notificar_reprovados at 0x000001FEBB0BFA60>
    └ <src.services.processamento_service.ProcessamentoService object at 0x000001FEBB085160>

  File "C:\RPA\Dtraf\MVP2\MVP2\DETRAF-UNIFICADO\unificado\rpa1_captura\src\services\processamento_service.py", line 588, in _notificar_reprovados
    sucesso = bool(self._notificar_externo(pacote, recusas))
                   │    │                  │       └ [ArquivoRecusado(nome='DETRAF CLARO STFC LC X VIVO STFC 202607.xls', motivos=['o arquivo não pôde ser lido (formato, codifica...
                   │    │                  └ ArquivoParaProcessar(caminho=WindowsPath('C:/RPA/Dtraf/MVP2/MVP2/DETRAF-UNIFICADO/unificado/arquivos/Entrada/9D024E55DD250D4D...
                   │    └ <bound method ProcessamentoController._notificar_operadora of <src.controllers.processamento_controller.ProcessamentoControll...
                   └ <src.services.processamento_service.ProcessamentoService object at 0x000001FEBB085160>

  File "C:\RPA\Dtraf\MVP2\MVP2\DETRAF-UNIFICADO\unificado\rpa1_captura\src\controllers\processamento_controller.py", line 31, in _notificar_operadora
    return notificar_arquivos_recusados(self._outlook.responder, pacote, recusas)
           │                            │    │                   │       └ [ArquivoRecusado(nome='DETRAF CLARO STFC LC X VIVO STFC 202607.xls', motivos=['o arquivo não pôde ser lido (formato, codifica...
           │                            │    │                   └ ArquivoParaProcessar(caminho=WindowsPath('C:/RPA/Dtraf/MVP2/MVP2/DETRAF-UNIFICADO/unificado/arquivos/Entrada/9D024E55DD250D4D...
           │                            │    └ <property object at 0x000001FEA15B03B0>
           │                            └ <src.controllers.processamento_controller.ProcessamentoController object at 0x000001FEBB084C20>
           └ <function notificar_arquivos_recusados at 0x000001FEA17479C0>

  File "C:\RPA\Dtraf\MVP2\MVP2\DETRAF-UNIFICADO\unificado\rpa1_captura\src\services\notificacao_operadora.py", line 74, in notificar_arquivos_recusados
    return bool(responder(pacote, corpo, configuration.NOTIFICAR_OPERADORA_ENVIAR))
                │         │       │      │             └ False
                │         │       │      └ <module 'comum.config.configuration' from 'C:\\RPA\\Dtraf\\MVP2\\MVP2\\DETRAF-UNIFICADO\\unificado\\comum\\config\\configurat...
                │         │       └ 'Prezados,\n\nOs arquivos de Detraf abaixo, enviados por sua empresa nesta mensagem, não\npuderam ser processados e estão sen...
                │         └ ArquivoParaProcessar(caminho=WindowsPath('C:/RPA/Dtraf/MVP2/MVP2/DETRAF-UNIFICADO/unificado/arquivos/Entrada/9D024E55DD250D4D...
                └ <bound method OutlookController.responder of <src.controllers.outlook_controller.OutlookController object at 0x000001FEBB0855...

> File "C:\RPA\Dtraf\MVP2\MVP2\DETRAF-UNIFICADO\unificado\rpa1_captura\src\controllers\outlook_controller.py", line 234, in responder
    OutlookService(self._config.account).responder_email(
    │              │    │       └ 'detrafTBRA'
    │              │    └ OutlookConfig(account='detrafTBRA', detraf_despesas_folder='Detraf Despesas', processados_folder='PROCESSADOS', dest_root=Win...
    │              └ <src.controllers.outlook_controller.OutlookController object at 0x000001FEBB085550>
    └ <class 'comum.integracoes.outlook.OutlookService'>

  File "C:\RPA\Dtraf\MVP2\MVP2\DETRAF-UNIFICADO\unificado\comum\integracoes\outlook.py", line 303, in responder_email
    raise OutlookError(f"Falha ao responder o e-mail '{entry_id}': {exc}") from exc
          │                                            └ '00000000A949F53E017BB44C86E46D56D2D6BB100700F25FC41A3584FC499D024E55DD250D4D00005211FBDF0000137D0D4C70E1CF4091747B97613AB5A6...
          └ <class 'comum.integracoes.outlook.OutlookError'>

comum.integracoes.outlook.OutlookError: Falha ao responder o e-mail '00000000A949F53E017BB44C86E46D56D2D6BB100700F25FC41A3584FC499D024E55DD250D4D00005211FBDF0000137D0D4C70E1CF4091747B97613AB5A60000A35B1B540000': (-2147467260, 'Operação anulada', None, None)
2026-08-13 11:54:38.590 | INFO    |src.services.processamento_service:executar:151 - [RPA 1] E-mail de origem de 'DETRAF CLARO STFC LC X VIVO STFC 202607.xls': 1 arquivo(s) recusado(s), operadora NÃO notificada.
2026-08-13 11:54:38.591 | INFO    |src.controllers.outlook_controller:responder:234 - Conectando ao Outlook (conta configurada: 'detrafTBRA')...
2026-08-13 11:54:38.599 | INFO    |src.controllers.outlook_controller:responder:234 - Conectado ao Outlook com sucesso.
2026-08-13 11:54:38.724 | ERROR   |src.services.notificacao_operadora:notificar_arquivos_recusados:74 - [RPA 1] Falha ao criar rascunho de resposta para 'D_IPCorp_Telecom_Vivo_-_Fixa_LD_202607.XLS': Falha ao responder o e-mail '00000000A949F53E017BB44C86E46D56D2D6BB100700F25FC41A3584FC499D024E55DD250D4D00005211FBDF0000137D0D4C70E1CF4091747B97613AB5A60000A35B1B550000': (-2147467260, 'Operação anulada', None, None)
Traceback (most recent call last):

  File "C:\RPA\Dtraf\MVP2\MVP2\DETRAF-UNIFICADO\unificado\comum\integracoes\outlook.py", line 301, in responder_email
    reply.Save()
    └ <COMObject Reply>

  File "<COMObject Reply>", line 2, in Save

pywintypes.com_error: (-2147467260, 'Operação anulada', None, None)


The above exception was the direct cause of the following exception:


Traceback (most recent call last):

  File "C:\RPA\Dtraf\MVP2\MVP2\DETRAF-UNIFICADO\unificado\rpa1_captura\main.py", line 118, in <module>
    raise SystemExit(main())
                     └ <function main at 0x000001FE9ED014E0>

  File "C:\RPA\Dtraf\MVP2\MVP2\DETRAF-UNIFICADO\unificado\rpa1_captura\main.py", line 94, in main
    run(pasta_entrada=recorte.pasta_entrada, etapa=recorte.etapa, diagnostico=diagnostico)
    │                 │       │                    │       │                  └ <comum.config.diagnostico_execucao.DiagnosticoDeExecucao object at 0x000001FEA1555D30>
    │                 │       │                    │       └ None
    │                 │       │                    └ Argumentos(referencia=None, operadoras=[], etapa=None, pasta_entrada=None, de_pasta=None, dry_run=False, pausar=False)
    │                 │       └ None
    │                 └ Argumentos(referencia=None, operadoras=[], etapa=None, pasta_entrada=None, de_pasta=None, dry_run=False, pausar=False)
    └ <function run at 0x000001FEA15AAAC0>

  File "C:\RPA\Dtraf\MVP2\MVP2\DETRAF-UNIFICADO\unificado\rpa1_captura\src\main\process_handle.py", line 34, in run
    controller.processar(
    │          └ <function ProcessamentoController.processar at 0x000001FEBB0BFD80>
    └ <src.controllers.processamento_controller.ProcessamentoController object at 0x000001FEBB084C20>

  File "C:\RPA\Dtraf\MVP2\MVP2\DETRAF-UNIFICADO\unificado\rpa1_captura\src\controllers\processamento_controller.py", line 155, in processar
    self._servico.executar(arquivos)
    │    │        │        └ [ArquivoParaProcessar(caminho=WindowsPath('C:/RPA/Dtraf/MVP2/MVP2/DETRAF-UNIFICADO/unificado/arquivos/Entrada/9D024E55DD250D4...
    │    │        └ <function ProcessamentoService.executar at 0x000001FEBB0BF600>
    │    └ <src.services.processamento_service.ProcessamentoService object at 0x000001FEBB085160>
    └ <src.controllers.processamento_controller.ProcessamentoController object at 0x000001FEBB084C20>

  File "C:\RPA\Dtraf\MVP2\MVP2\DETRAF-UNIFICADO\unificado\rpa1_captura\src\services\processamento_service.py", line 151, in executar
    self._notificar_reprovados()
    │    └ <function ProcessamentoService._notificar_reprovados at 0x000001FEBB0BFA60>
    └ <src.services.processamento_service.ProcessamentoService object at 0x000001FEBB085160>

  File "C:\RPA\Dtraf\MVP2\MVP2\DETRAF-UNIFICADO\unificado\rpa1_captura\src\services\processamento_service.py", line 588, in _notificar_reprovados
    sucesso = bool(self._notificar_externo(pacote, recusas))
                   │    │                  │       └ [ArquivoRecusado(nome='D_IPCorp_Telecom_Vivo_-_Fixa_LD_202607.XLS', motivos=['o arquivo não pôde ser lido (formato, codificaç...
                   │    │                  └ ArquivoParaProcessar(caminho=WindowsPath('C:/RPA/Dtraf/MVP2/MVP2/DETRAF-UNIFICADO/unificado/arquivos/Entrada/9D024E55DD250D4D...
                   │    └ <bound method ProcessamentoController._notificar_operadora of <src.controllers.processamento_controller.ProcessamentoControll...
                   └ <src.services.processamento_service.ProcessamentoService object at 0x000001FEBB085160>

  File "C:\RPA\Dtraf\MVP2\MVP2\DETRAF-UNIFICADO\unificado\rpa1_captura\src\controllers\processamento_controller.py", line 31, in _notificar_operadora
    return notificar_arquivos_recusados(self._outlook.responder, pacote, recusas)
           │                            │    │                   │       └ [ArquivoRecusado(nome='D_IPCorp_Telecom_Vivo_-_Fixa_LD_202607.XLS', motivos=['o arquivo não pôde ser lido (formato, codificaç...
           │                            │    │                   └ ArquivoParaProcessar(caminho=WindowsPath('C:/RPA/Dtraf/MVP2/MVP2/DETRAF-UNIFICADO/unificado/arquivos/Entrada/9D024E55DD250D4D...
           │                            │    └ <property object at 0x000001FEA15B03B0>
           │                            └ <src.controllers.processamento_controller.ProcessamentoController object at 0x000001FEBB084C20>
           └ <function notificar_arquivos_recusados at 0x000001FEA17479C0>

  File "C:\RPA\Dtraf\MVP2\MVP2\DETRAF-UNIFICADO\unificado\rpa1_captura\src\services\notificacao_operadora.py", line 74, in notificar_arquivos_recusados
    return bool(responder(pacote, corpo, configuration.NOTIFICAR_OPERADORA_ENVIAR))
                │         │       │      │             └ False
                │         │       │      └ <module 'comum.config.configuration' from 'C:\\RPA\\Dtraf\\MVP2\\MVP2\\DETRAF-UNIFICADO\\unificado\\comum\\config\\configurat...
                │         │       └ 'Prezados,\n\nOs arquivos de Detraf abaixo, enviados por sua empresa nesta mensagem, não\npuderam ser processados e estão sen...
                │         └ ArquivoParaProcessar(caminho=WindowsPath('C:/RPA/Dtraf/MVP2/MVP2/DETRAF-UNIFICADO/unificado/arquivos/Entrada/9D024E55DD250D4D...
                └ <bound method OutlookController.responder of <src.controllers.outlook_controller.OutlookController object at 0x000001FEBB0855...

> File "C:\RPA\Dtraf\MVP2\MVP2\DETRAF-UNIFICADO\unificado\rpa1_captura\src\controllers\outlook_controller.py", line 234, in responder
    OutlookService(self._config.account).responder_email(
    │              │    │       └ 'detrafTBRA'
    │              │    └ OutlookConfig(account='detrafTBRA', detraf_despesas_folder='Detraf Despesas', processados_folder='PROCESSADOS', dest_root=Win...
    │              └ <src.controllers.outlook_controller.OutlookController object at 0x000001FEBB085550>
    └ <class 'comum.integracoes.outlook.OutlookService'>

  File "C:\RPA\Dtraf\MVP2\MVP2\DETRAF-UNIFICADO\unificado\comum\integracoes\outlook.py", line 303, in responder_email
    raise OutlookError(f"Falha ao responder o e-mail '{entry_id}': {exc}") from exc
          │                                            └ '00000000A949F53E017BB44C86E46D56D2D6BB100700F25FC41A3584FC499D024E55DD250D4D00005211FBDF0000137D0D4C70E1CF4091747B97613AB5A6...
          └ <class 'comum.integracoes.outlook.OutlookError'>

comum.integracoes.outlook.OutlookError: Falha ao responder o e-mail '00000000A949F53E017BB44C86E46D56D2D6BB100700F25FC41A3584FC499D024E55DD250D4D00005211FBDF0000137D0D4C70E1CF4091747B97613AB5A60000A35B1B550000': (-2147467260, 'Operação anulada', None, None)
2026-08-13 11:54:38.732 | INFO    |src.services.processamento_service:executar:151 - [RPA 1] E-mail de origem de 'D_IPCorp_Telecom_Vivo_-_Fixa_LD_202607.XLS': 3 arquivo(s) recusado(s), operadora NÃO notificada.
2026-08-13 11:54:38.733 | INFO    |src.controllers.outlook_controller:responder:234 - Conectando ao Outlook (conta configurada: 'detrafTBRA')...
2026-08-13 11:54:38.740 | INFO    |src.controllers.outlook_controller:responder:234 - Conectado ao Outlook com sucesso.
2026-08-13 11:54:38.863 | ERROR   |src.services.notificacao_operadora:notificar_arquivos_recusados:74 - [RPA 1] Falha ao criar rascunho de resposta para 'detraf_072026_credor.xlsx': Falha ao responder o e-mail '00000000A949F53E017BB44C86E46D56D2D6BB100700F25FC41A3584FC499D024E55DD250D4D00005211FBDF0000137D0D4C70E1CF4091747B97613AB5A60000A35B1B560000': (-2147467260, 'Operação anulada', None, None)
Traceback (most recent call last):

  File "C:\RPA\Dtraf\MVP2\MVP2\DETRAF-UNIFICADO\unificado\comum\integracoes\outlook.py", line 301, in responder_email
    reply.Save()
    └ <COMObject Reply>

  File "<COMObject Reply>", line 2, in Save

pywintypes.com_error: (-2147467260, 'Operação anulada', None, None)


The above exception was the direct cause of the following exception:


Traceback (most recent call last):

  File "C:\RPA\Dtraf\MVP2\MVP2\DETRAF-UNIFICADO\unificado\rpa1_captura\main.py", line 118, in <module>
    raise SystemExit(main())
                     └ <function main at 0x000001FE9ED014E0>

  File "C:\RPA\Dtraf\MVP2\MVP2\DETRAF-UNIFICADO\unificado\rpa1_captura\main.py", line 94, in main
    run(pasta_entrada=recorte.pasta_entrada, etapa=recorte.etapa, diagnostico=diagnostico)
    │                 │       │                    │       │                  └ <comum.config.diagnostico_execucao.DiagnosticoDeExecucao object at 0x000001FEA1555D30>
    │                 │       │                    │       └ None
    │                 │       │                    └ Argumentos(referencia=None, operadoras=[], etapa=None, pasta_entrada=None, de_pasta=None, dry_run=False, pausar=False)
    │                 │       └ None
    │                 └ Argumentos(referencia=None, operadoras=[], etapa=None, pasta_entrada=None, de_pasta=None, dry_run=False, pausar=False)
    └ <function run at 0x000001FEA15AAAC0>

  File "C:\RPA\Dtraf\MVP2\MVP2\DETRAF-UNIFICADO\unificado\rpa1_captura\src\main\process_handle.py", line 34, in run
    controller.processar(
    │          └ <function ProcessamentoController.processar at 0x000001FEBB0BFD80>
    └ <src.controllers.processamento_controller.ProcessamentoController object at 0x000001FEBB084C20>

  File "C:\RPA\Dtraf\MVP2\MVP2\DETRAF-UNIFICADO\unificado\rpa1_captura\src\controllers\processamento_controller.py", line 155, in processar
    self._servico.executar(arquivos)
    │    │        │        └ [ArquivoParaProcessar(caminho=WindowsPath('C:/RPA/Dtraf/MVP2/MVP2/DETRAF-UNIFICADO/unificado/arquivos/Entrada/9D024E55DD250D4...
    │    │        └ <function ProcessamentoService.executar at 0x000001FEBB0BF600>
    │    └ <src.services.processamento_service.ProcessamentoService object at 0x000001FEBB085160>
    └ <src.controllers.processamento_controller.ProcessamentoController object at 0x000001FEBB084C20>

  File "C:\RPA\Dtraf\MVP2\MVP2\DETRAF-UNIFICADO\unificado\rpa1_captura\src\services\processamento_service.py", line 151, in executar
    self._notificar_reprovados()
    │    └ <function ProcessamentoService._notificar_reprovados at 0x000001FEBB0BFA60>
    └ <src.services.processamento_service.ProcessamentoService object at 0x000001FEBB085160>

  File "C:\RPA\Dtraf\MVP2\MVP2\DETRAF-UNIFICADO\unificado\rpa1_captura\src\services\processamento_service.py", line 588, in _notificar_reprovados
    sucesso = bool(self._notificar_externo(pacote, recusas))
                   │    │                  │       └ [ArquivoRecusado(nome='detraf_072026_credor.xlsx', motivos=['posição 0 (Credora): esperado EOT numérica, encontrado "I55", "I...
                   │    │                  └ ArquivoParaProcessar(caminho=WindowsPath('C:/RPA/Dtraf/MVP2/MVP2/DETRAF-UNIFICADO/unificado/arquivos/Entrada/9D024E55DD250D4D...
                   │    └ <bound method ProcessamentoController._notificar_operadora of <src.controllers.processamento_controller.ProcessamentoControll...
                   └ <src.services.processamento_service.ProcessamentoService object at 0x000001FEBB085160>

  File "C:\RPA\Dtraf\MVP2\MVP2\DETRAF-UNIFICADO\unificado\rpa1_captura\src\controllers\processamento_controller.py", line 31, in _notificar_operadora
    return notificar_arquivos_recusados(self._outlook.responder, pacote, recusas)
           │                            │    │                   │       └ [ArquivoRecusado(nome='detraf_072026_credor.xlsx', motivos=['posição 0 (Credora): esperado EOT numérica, encontrado "I55", "I...
           │                            │    │                   └ ArquivoParaProcessar(caminho=WindowsPath('C:/RPA/Dtraf/MVP2/MVP2/DETRAF-UNIFICADO/unificado/arquivos/Entrada/9D024E55DD250D4D...
           │                            │    └ <property object at 0x000001FEA15B03B0>
           │                            └ <src.controllers.processamento_controller.ProcessamentoController object at 0x000001FEBB084C20>
           └ <function notificar_arquivos_recusados at 0x000001FEA17479C0>

  File "C:\RPA\Dtraf\MVP2\MVP2\DETRAF-UNIFICADO\unificado\rpa1_captura\src\services\notificacao_operadora.py", line 74, in notificar_arquivos_recusados
    return bool(responder(pacote, corpo, configuration.NOTIFICAR_OPERADORA_ENVIAR))
                │         │       │      │             └ False
                │         │       │      └ <module 'comum.config.configuration' from 'C:\\RPA\\Dtraf\\MVP2\\MVP2\\DETRAF-UNIFICADO\\unificado\\comum\\config\\configurat...
                │         │       └ 'Prezados,\n\nOs arquivos de Detraf abaixo, enviados por sua empresa nesta mensagem, não\npuderam ser processados e estão sen...
                │         └ ArquivoParaProcessar(caminho=WindowsPath('C:/RPA/Dtraf/MVP2/MVP2/DETRAF-UNIFICADO/unificado/arquivos/Entrada/9D024E55DD250D4D...
                └ <bound method OutlookController.responder of <src.controllers.outlook_controller.OutlookController object at 0x000001FEBB0855...

> File "C:\RPA\Dtraf\MVP2\MVP2\DETRAF-UNIFICADO\unificado\rpa1_captura\src\controllers\outlook_controller.py", line 234, in responder
    OutlookService(self._config.account).responder_email(
    │              │    │       └ 'detrafTBRA'
    │              │    └ OutlookConfig(account='detrafTBRA', detraf_despesas_folder='Detraf Despesas', processados_folder='PROCESSADOS', dest_root=Win...
    │              └ <src.controllers.outlook_controller.OutlookController object at 0x000001FEBB085550>
    └ <class 'comum.integracoes.outlook.OutlookService'>

  File "C:\RPA\Dtraf\MVP2\MVP2\DETRAF-UNIFICADO\unificado\comum\integracoes\outlook.py", line 303, in responder_email
    raise OutlookError(f"Falha ao responder o e-mail '{entry_id}': {exc}") from exc
          │                                            └ '00000000A949F53E017BB44C86E46D56D2D6BB100700F25FC41A3584FC499D024E55DD250D4D00005211FBDF0000137D0D4C70E1CF4091747B97613AB5A6...
          └ <class 'comum.integracoes.outlook.OutlookError'>

comum.integracoes.outlook.OutlookError: Falha ao responder o e-mail '00000000A949F53E017BB44C86E46D56D2D6BB100700F25FC41A3584FC499D024E55DD250D4D00005211FBDF0000137D0D4C70E1CF4091747B97613AB5A60000A35B1B560000': (-2147467260, 'Operação anulada', None, None)
2026-08-13 11:54:38.872 | INFO    |src.services.processamento_service:executar:151 - [RPA 1] E-mail de origem de 'detraf_072026_credor.xlsx': 1 arquivo(s) recusado(s), operadora NÃO notificada.
2026-08-13 11:54:38.873 | INFO    |src.controllers.outlook_controller:responder:234 - Conectando ao Outlook (conta configurada: 'detrafTBRA')...
2026-08-13 11:54:38.879 | INFO    |src.controllers.outlook_controller:responder:234 - Conectado ao Outlook com sucesso.
2026-08-13 11:54:40.106 | ERROR   |src.services.notificacao_operadora:notificar_arquivos_recusados:74 - [RPA 1] Falha ao criar rascunho de resposta para 'LYTUX - 07.2026  - VIVO.xlsx': Falha ao responder o e-mail '00000000A949F53E017BB44C86E46D56D2D6BB100700F25FC41A3584FC499D024E55DD250D4D00005211FBDF0000137D0D4C70E1CF4091747B97613AB5A60000A35B1B570000': (-2147467260, 'Operação anulada', None, None)
Traceback (most recent call last):

  File "C:\RPA\Dtraf\MVP2\MVP2\DETRAF-UNIFICADO\unificado\comum\integracoes\outlook.py", line 301, in responder_email
    reply.Save()
    └ <COMObject Reply>

  File "<COMObject Reply>", line 2, in Save

pywintypes.com_error: (-2147467260, 'Operação anulada', None, None)


The above exception was the direct cause of the following exception:


Traceback (most recent call last):

  File "C:\RPA\Dtraf\MVP2\MVP2\DETRAF-UNIFICADO\unificado\rpa1_captura\main.py", line 118, in <module>
    raise SystemExit(main())
                     └ <function main at 0x000001FE9ED014E0>

  File "C:\RPA\Dtraf\MVP2\MVP2\DETRAF-UNIFICADO\unificado\rpa1_captura\main.py", line 94, in main
    run(pasta_entrada=recorte.pasta_entrada, etapa=recorte.etapa, diagnostico=diagnostico)
    │                 │       │                    │       │                  └ <comum.config.diagnostico_execucao.DiagnosticoDeExecucao object at 0x000001FEA1555D30>
    │                 │       │                    │       └ None
    │                 │       │                    └ Argumentos(referencia=None, operadoras=[], etapa=None, pasta_entrada=None, de_pasta=None, dry_run=False, pausar=False)
    │                 │       └ None
    │                 └ Argumentos(referencia=None, operadoras=[], etapa=None, pasta_entrada=None, de_pasta=None, dry_run=False, pausar=False)
    └ <function run at 0x000001FEA15AAAC0>

  File "C:\RPA\Dtraf\MVP2\MVP2\DETRAF-UNIFICADO\unificado\rpa1_captura\src\main\process_handle.py", line 34, in run
    controller.processar(
    │          └ <function ProcessamentoController.processar at 0x000001FEBB0BFD80>
    └ <src.controllers.processamento_controller.ProcessamentoController object at 0x000001FEBB084C20>

  File "C:\RPA\Dtraf\MVP2\MVP2\DETRAF-UNIFICADO\unificado\rpa1_captura\src\controllers\processamento_controller.py", line 155, in processar
    self._servico.executar(arquivos)
    │    │        │        └ [ArquivoParaProcessar(caminho=WindowsPath('C:/RPA/Dtraf/MVP2/MVP2/DETRAF-UNIFICADO/unificado/arquivos/Entrada/9D024E55DD250D4...
    │    │        └ <function ProcessamentoService.executar at 0x000001FEBB0BF600>
    │    └ <src.services.processamento_service.ProcessamentoService object at 0x000001FEBB085160>
    └ <src.controllers.processamento_controller.ProcessamentoController object at 0x000001FEBB084C20>

  File "C:\RPA\Dtraf\MVP2\MVP2\DETRAF-UNIFICADO\unificado\rpa1_captura\src\services\processamento_service.py", line 151, in executar
    self._notificar_reprovados()
    │    └ <function ProcessamentoService._notificar_reprovados at 0x000001FEBB0BFA60>
    └ <src.services.processamento_service.ProcessamentoService object at 0x000001FEBB085160>

  File "C:\RPA\Dtraf\MVP2\MVP2\DETRAF-UNIFICADO\unificado\rpa1_captura\src\services\processamento_service.py", line 588, in _notificar_reprovados
    sucesso = bool(self._notificar_externo(pacote, recusas))
                   │    │                  │       └ [ArquivoRecusado(nome='LYTUX - 07.2026  - VIVO.xlsx', motivos=['posição 0 (Credora): esperado EOT numérica, encontrado "E65",...
                   │    │                  └ ArquivoParaProcessar(caminho=WindowsPath('C:/RPA/Dtraf/MVP2/MVP2/DETRAF-UNIFICADO/unificado/arquivos/Entrada/9D024E55DD250D4D...
                   │    └ <bound method ProcessamentoController._notificar_operadora of <src.controllers.processamento_controller.ProcessamentoControll...
                   └ <src.services.processamento_service.ProcessamentoService object at 0x000001FEBB085160>

  File "C:\RPA\Dtraf\MVP2\MVP2\DETRAF-UNIFICADO\unificado\rpa1_captura\src\controllers\processamento_controller.py", line 31, in _notificar_operadora
    return notificar_arquivos_recusados(self._outlook.responder, pacote, recusas)
           │                            │    │                   │       └ [ArquivoRecusado(nome='LYTUX - 07.2026  - VIVO.xlsx', motivos=['posição 0 (Credora): esperado EOT numérica, encontrado "E65",...
           │                            │    │                   └ ArquivoParaProcessar(caminho=WindowsPath('C:/RPA/Dtraf/MVP2/MVP2/DETRAF-UNIFICADO/unificado/arquivos/Entrada/9D024E55DD250D4D...
           │                            │    └ <property object at 0x000001FEA15B03B0>
           │                            └ <src.controllers.processamento_controller.ProcessamentoController object at 0x000001FEBB084C20>
           └ <function notificar_arquivos_recusados at 0x000001FEA17479C0>

  File "C:\RPA\Dtraf\MVP2\MVP2\DETRAF-UNIFICADO\unificado\rpa1_captura\src\services\notificacao_operadora.py", line 74, in notificar_arquivos_recusados
    return bool(responder(pacote, corpo, configuration.NOTIFICAR_OPERADORA_ENVIAR))
                │         │       │      │             └ False
                │         │       │      └ <module 'comum.config.configuration' from 'C:\\RPA\\Dtraf\\MVP2\\MVP2\\DETRAF-UNIFICADO\\unificado\\comum\\config\\configurat...
                │         │       └ 'Prezados,\n\nOs arquivos de Detraf abaixo, enviados por sua empresa nesta mensagem, não\npuderam ser processados e estão sen...
                │         └ ArquivoParaProcessar(caminho=WindowsPath('C:/RPA/Dtraf/MVP2/MVP2/DETRAF-UNIFICADO/unificado/arquivos/Entrada/9D024E55DD250D4D...
                └ <bound method OutlookController.responder of <src.controllers.outlook_controller.OutlookController object at 0x000001FEBB0855...

> File "C:\RPA\Dtraf\MVP2\MVP2\DETRAF-UNIFICADO\unificado\rpa1_captura\src\controllers\outlook_controller.py", line 234, in responder
    OutlookService(self._config.account).responder_email(
    │              │    │       └ 'detrafTBRA'
    │              │    └ OutlookConfig(account='detrafTBRA', detraf_despesas_folder='Detraf Despesas', processados_folder='PROCESSADOS', dest_root=Win...
    │              └ <src.controllers.outlook_controller.OutlookController object at 0x000001FEBB085550>
    └ <class 'comum.integracoes.outlook.OutlookService'>

  File "C:\RPA\Dtraf\MVP2\MVP2\DETRAF-UNIFICADO\unificado\comum\integracoes\outlook.py", line 303, in responder_email
    raise OutlookError(f"Falha ao responder o e-mail '{entry_id}': {exc}") from exc
          │                                            └ '00000000A949F53E017BB44C86E46D56D2D6BB100700F25FC41A3584FC499D024E55DD250D4D00005211FBDF0000137D0D4C70E1CF4091747B97613AB5A6...
          └ <class 'comum.integracoes.outlook.OutlookError'>

comum.integracoes.outlook.OutlookError: Falha ao responder o e-mail '00000000A949F53E017BB44C86E46D56D2D6BB100700F25FC41A3584FC499D024E55DD250D4D00005211FBDF0000137D0D4C70E1CF4091747B97613AB5A60000A35B1B570000': (-2147467260, 'Operação anulada', None, None)
2026-08-13 11:54:40.117 | INFO    |src.services.processamento_service:executar:151 - [RPA 1] E-mail de origem de 'LYTUX - 07.2026  - VIVO.xlsx': 1 arquivo(s) recusado(s), operadora NÃO notificada.
2026-08-13 11:54:40.118 | INFO    |src.controllers.outlook_controller:responder:234 - Conectando ao Outlook (conta configurada: 'detrafTBRA')...
2026-08-13 11:54:40.125 | INFO    |src.controllers.outlook_controller:responder:234 - Conectado ao Outlook com sucesso.
2026-08-13 11:54:40.312 | ERROR   |src.services.notificacao_operadora:notificar_arquivos_recusados:74 - [RPA 1] Falha ao criar rascunho de resposta para 'NOVACIA - 07.2026 - VIVO.xlsx': Falha ao responder o e-mail '00000000A949F53E017BB44C86E46D56D2D6BB100700F25FC41A3584FC499D024E55DD250D4D00005211FBDF0000137D0D4C70E1CF4091747B97613AB5A60000A35B1B580000': (-2147467260, 'Operação anulada', None, None)
Traceback (most recent call last):

  File "C:\RPA\Dtraf\MVP2\MVP2\DETRAF-UNIFICADO\unificado\comum\integracoes\outlook.py", line 301, in responder_email
    reply.Save()
    └ <COMObject Reply>

  File "<COMObject Reply>", line 2, in Save

pywintypes.com_error: (-2147467260, 'Operação anulada', None, None)


The above exception was the direct cause of the following exception:


Traceback (most recent call last):

  File "C:\RPA\Dtraf\MVP2\MVP2\DETRAF-UNIFICADO\unificado\rpa1_captura\main.py", line 118, in <module>
    raise SystemExit(main())
                     └ <function main at 0x000001FE9ED014E0>

  File "C:\RPA\Dtraf\MVP2\MVP2\DETRAF-UNIFICADO\unificado\rpa1_captura\main.py", line 94, in main
    run(pasta_entrada=recorte.pasta_entrada, etapa=recorte.etapa, diagnostico=diagnostico)
    │                 │       │                    │       │                  └ <comum.config.diagnostico_execucao.DiagnosticoDeExecucao object at 0x000001FEA1555D30>
    │                 │       │                    │       └ None
    │                 │       │                    └ Argumentos(referencia=None, operadoras=[], etapa=None, pasta_entrada=None, de_pasta=None, dry_run=False, pausar=False)
    │                 │       └ None
    │                 └ Argumentos(referencia=None, operadoras=[], etapa=None, pasta_entrada=None, de_pasta=None, dry_run=False, pausar=False)
    └ <function run at 0x000001FEA15AAAC0>

  File "C:\RPA\Dtraf\MVP2\MVP2\DETRAF-UNIFICADO\unificado\rpa1_captura\src\main\process_handle.py", line 34, in run
    controller.processar(
    │          └ <function ProcessamentoController.processar at 0x000001FEBB0BFD80>
    └ <src.controllers.processamento_controller.ProcessamentoController object at 0x000001FEBB084C20>

  File "C:\RPA\Dtraf\MVP2\MVP2\DETRAF-UNIFICADO\unificado\rpa1_captura\src\controllers\processamento_controller.py", line 155, in processar
    self._servico.executar(arquivos)
    │    │        │        └ [ArquivoParaProcessar(caminho=WindowsPath('C:/RPA/Dtraf/MVP2/MVP2/DETRAF-UNIFICADO/unificado/arquivos/Entrada/9D024E55DD250D4...
    │    │        └ <function ProcessamentoService.executar at 0x000001FEBB0BF600>
    │    └ <src.services.processamento_service.ProcessamentoService object at 0x000001FEBB085160>
    └ <src.controllers.processamento_controller.ProcessamentoController object at 0x000001FEBB084C20>

  File "C:\RPA\Dtraf\MVP2\MVP2\DETRAF-UNIFICADO\unificado\rpa1_captura\src\services\processamento_service.py", line 151, in executar
    self._notificar_reprovados()
    │    └ <function ProcessamentoService._notificar_reprovados at 0x000001FEBB0BFA60>
    └ <src.services.processamento_service.ProcessamentoService object at 0x000001FEBB085160>

  File "C:\RPA\Dtraf\MVP2\MVP2\DETRAF-UNIFICADO\unificado\rpa1_captura\src\services\processamento_service.py", line 588, in _notificar_reprovados
    sucesso = bool(self._notificar_externo(pacote, recusas))
                   │    │                  │       └ [ArquivoRecusado(nome='NOVACIA - 07.2026 - VIVO.xlsx', motivos=['posição 0 (Credora): esperado EOT numérica, encontrado "D67"...
                   │    │                  └ ArquivoParaProcessar(caminho=WindowsPath('C:/RPA/Dtraf/MVP2/MVP2/DETRAF-UNIFICADO/unificado/arquivos/Entrada/9D024E55DD250D4D...
                   │    └ <bound method ProcessamentoController._notificar_operadora of <src.controllers.processamento_controller.ProcessamentoControll...
                   └ <src.services.processamento_service.ProcessamentoService object at 0x000001FEBB085160>

  File "C:\RPA\Dtraf\MVP2\MVP2\DETRAF-UNIFICADO\unificado\rpa1_captura\src\controllers\processamento_controller.py", line 31, in _notificar_operadora
    return notificar_arquivos_recusados(self._outlook.responder, pacote, recusas)
           │                            │    │                   │       └ [ArquivoRecusado(nome='NOVACIA - 07.2026 - VIVO.xlsx', motivos=['posição 0 (Credora): esperado EOT numérica, encontrado "D67"...
           │                            │    │                   └ ArquivoParaProcessar(caminho=WindowsPath('C:/RPA/Dtraf/MVP2/MVP2/DETRAF-UNIFICADO/unificado/arquivos/Entrada/9D024E55DD250D4D...
           │                            │    └ <property object at 0x000001FEA15B03B0>
           │                            └ <src.controllers.processamento_controller.ProcessamentoController object at 0x000001FEBB084C20>
           └ <function notificar_arquivos_recusados at 0x000001FEA17479C0>

  File "C:\RPA\Dtraf\MVP2\MVP2\DETRAF-UNIFICADO\unificado\rpa1_captura\src\services\notificacao_operadora.py", line 74, in notificar_arquivos_recusados
    return bool(responder(pacote, corpo, configuration.NOTIFICAR_OPERADORA_ENVIAR))
                │         │       │      │             └ False
                │         │       │      └ <module 'comum.config.configuration' from 'C:\\RPA\\Dtraf\\MVP2\\MVP2\\DETRAF-UNIFICADO\\unificado\\comum\\config\\configurat...
                │         │       └ 'Prezados,\n\nOs arquivos de Detraf abaixo, enviados por sua empresa nesta mensagem, não\npuderam ser processados e estão sen...
                │         └ ArquivoParaProcessar(caminho=WindowsPath('C:/RPA/Dtraf/MVP2/MVP2/DETRAF-UNIFICADO/unificado/arquivos/Entrada/9D024E55DD250D4D...
                └ <bound method OutlookController.responder of <src.controllers.outlook_controller.OutlookController object at 0x000001FEBB0855...

> File "C:\RPA\Dtraf\MVP2\MVP2\DETRAF-UNIFICADO\unificado\rpa1_captura\src\controllers\outlook_controller.py", line 234, in responder
    OutlookService(self._config.account).responder_email(
    │              │    │       └ 'detrafTBRA'
    │              │    └ OutlookConfig(account='detrafTBRA', detraf_despesas_folder='Detraf Despesas', processados_folder='PROCESSADOS', dest_root=Win...
    │              └ <src.controllers.outlook_controller.OutlookController object at 0x000001FEBB085550>
    └ <class 'comum.integracoes.outlook.OutlookService'>

  File "C:\RPA\Dtraf\MVP2\MVP2\DETRAF-UNIFICADO\unificado\comum\integracoes\outlook.py", line 303, in responder_email
    raise OutlookError(f"Falha ao responder o e-mail '{entry_id}': {exc}") from exc
          │                                            └ '00000000A949F53E017BB44C86E46D56D2D6BB100700F25FC41A3584FC499D024E55DD250D4D00005211FBDF0000137D0D4C70E1CF4091747B97613AB5A6...
          └ <class 'comum.integracoes.outlook.OutlookError'>

comum.integracoes.outlook.OutlookError: Falha ao responder o e-mail '00000000A949F53E017BB44C86E46D56D2D6BB100700F25FC41A3584FC499D024E55DD250D4D00005211FBDF0000137D0D4C70E1CF4091747B97613AB5A60000A35B1B580000': (-2147467260, 'Operação anulada', None, None)
2026-08-13 11:54:40.323 | INFO    |src.services.processamento_service:executar:151 - [RPA 1] E-mail de origem de 'NOVACIA - 07.2026 - VIVO.xlsx': 1 arquivo(s) recusado(s), operadora NÃO notificada.
2026-08-13 11:54:40.324 | INFO    |src.controllers.outlook_controller:responder:234 - Conectando ao Outlook (conta configurada: 'detrafTBRA')...
2026-08-13 11:54:40.331 | INFO    |src.controllers.outlook_controller:responder:234 - Conectado ao Outlook com sucesso.
2026-08-13 11:54:40.472 | ERROR   |src.services.notificacao_operadora:notificar_arquivos_recusados:74 - [RPA 1] Falha ao criar rascunho de resposta para 'DETRAF-TMCO-0116-2026-PREDLINK-VIVO SMP - RESUMO_EOT 20-202607.xls': Falha ao responder o e-mail '00000000A949F53E017BB44C86E46D56D2D6BB100700F25FC41A3584FC499D024E55DD250D4D00005211FBDF0000137D0D4C70E1CF4091747B97613AB5A60000A35B1B590000': (-2147467260, 'Operação anulada', None, None)
Traceback (most recent call last):

  File "C:\RPA\Dtraf\MVP2\MVP2\DETRAF-UNIFICADO\unificado\comum\integracoes\outlook.py", line 301, in responder_email
    reply.Save()
    └ <COMObject Reply>

  File "<COMObject Reply>", line 2, in Save

pywintypes.com_error: (-2147467260, 'Operação anulada', None, None)


The above exception was the direct cause of the following exception:


Traceback (most recent call last):

  File "C:\RPA\Dtraf\MVP2\MVP2\DETRAF-UNIFICADO\unificado\rpa1_captura\main.py", line 118, in <module>
    raise SystemExit(main())
                     └ <function main at 0x000001FE9ED014E0>

  File "C:\RPA\Dtraf\MVP2\MVP2\DETRAF-UNIFICADO\unificado\rpa1_captura\main.py", line 94, in main
    run(pasta_entrada=recorte.pasta_entrada, etapa=recorte.etapa, diagnostico=diagnostico)
    │                 │       │                    │       │                  └ <comum.config.diagnostico_execucao.DiagnosticoDeExecucao object at 0x000001FEA1555D30>
    │                 │       │                    │       └ None
    │                 │       │                    └ Argumentos(referencia=None, operadoras=[], etapa=None, pasta_entrada=None, de_pasta=None, dry_run=False, pausar=False)
    │                 │       └ None
    │                 └ Argumentos(referencia=None, operadoras=[], etapa=None, pasta_entrada=None, de_pasta=None, dry_run=False, pausar=False)
    └ <function run at 0x000001FEA15AAAC0>

  File "C:\RPA\Dtraf\MVP2\MVP2\DETRAF-UNIFICADO\unificado\rpa1_captura\src\main\process_handle.py", line 34, in run
    controller.processar(
    │          └ <function ProcessamentoController.processar at 0x000001FEBB0BFD80>
    └ <src.controllers.processamento_controller.ProcessamentoController object at 0x000001FEBB084C20>

  File "C:\RPA\Dtraf\MVP2\MVP2\DETRAF-UNIFICADO\unificado\rpa1_captura\src\controllers\processamento_controller.py", line 155, in processar
    self._servico.executar(arquivos)
    │    │        │        └ [ArquivoParaProcessar(caminho=WindowsPath('C:/RPA/Dtraf/MVP2/MVP2/DETRAF-UNIFICADO/unificado/arquivos/Entrada/9D024E55DD250D4...
    │    │        └ <function ProcessamentoService.executar at 0x000001FEBB0BF600>
    │    └ <src.services.processamento_service.ProcessamentoService object at 0x000001FEBB085160>
    └ <src.controllers.processamento_controller.ProcessamentoController object at 0x000001FEBB084C20>

  File "C:\RPA\Dtraf\MVP2\MVP2\DETRAF-UNIFICADO\unificado\rpa1_captura\src\services\processamento_service.py", line 151, in executar
    self._notificar_reprovados()
    │    └ <function ProcessamentoService._notificar_reprovados at 0x000001FEBB0BFA60>
    └ <src.services.processamento_service.ProcessamentoService object at 0x000001FEBB085160>

  File "C:\RPA\Dtraf\MVP2\MVP2\DETRAF-UNIFICADO\unificado\rpa1_captura\src\services\processamento_service.py", line 588, in _notificar_reprovados
    sucesso = bool(self._notificar_externo(pacote, recusas))
                   │    │                  │       └ [ArquivoRecusado(nome='DETRAF-TMCO-0116-2026-PREDLINK-VIVO SMP - RESUMO_EOT 20-202607.xls', motivos=['o arquivo não pôde ser ...
                   │    │                  └ ArquivoParaProcessar(caminho=WindowsPath('C:/RPA/Dtraf/MVP2/MVP2/DETRAF-UNIFICADO/unificado/arquivos/Entrada/9D024E55DD250D4D...
                   │    └ <bound method ProcessamentoController._notificar_operadora of <src.controllers.processamento_controller.ProcessamentoControll...
                   └ <src.services.processamento_service.ProcessamentoService object at 0x000001FEBB085160>

  File "C:\RPA\Dtraf\MVP2\MVP2\DETRAF-UNIFICADO\unificado\rpa1_captura\src\controllers\processamento_controller.py", line 31, in _notificar_operadora
    return notificar_arquivos_recusados(self._outlook.responder, pacote, recusas)
           │                            │    │                   │       └ [ArquivoRecusado(nome='DETRAF-TMCO-0116-2026-PREDLINK-VIVO SMP - RESUMO_EOT 20-202607.xls', motivos=['o arquivo não pôde ser ...
           │                            │    │                   └ ArquivoParaProcessar(caminho=WindowsPath('C:/RPA/Dtraf/MVP2/MVP2/DETRAF-UNIFICADO/unificado/arquivos/Entrada/9D024E55DD250D4D...
           │                            │    └ <property object at 0x000001FEA15B03B0>
           │                            └ <src.controllers.processamento_controller.ProcessamentoController object at 0x000001FEBB084C20>
           └ <function notificar_arquivos_recusados at 0x000001FEA17479C0>

  File "C:\RPA\Dtraf\MVP2\MVP2\DETRAF-UNIFICADO\unificado\rpa1_captura\src\services\notificacao_operadora.py", line 74, in notificar_arquivos_recusados
    return bool(responder(pacote, corpo, configuration.NOTIFICAR_OPERADORA_ENVIAR))
                │         │       │      │             └ False
                │         │       │      └ <module 'comum.config.configuration' from 'C:\\RPA\\Dtraf\\MVP2\\MVP2\\DETRAF-UNIFICADO\\unificado\\comum\\config\\configurat...
                │         │       └ 'Prezados,\n\nOs arquivos de Detraf abaixo, enviados por sua empresa nesta mensagem, não\npuderam ser processados e estão sen...
                │         └ ArquivoParaProcessar(caminho=WindowsPath('C:/RPA/Dtraf/MVP2/MVP2/DETRAF-UNIFICADO/unificado/arquivos/Entrada/9D024E55DD250D4D...
                └ <bound method OutlookController.responder of <src.controllers.outlook_controller.OutlookController object at 0x000001FEBB0855...

> File "C:\RPA\Dtraf\MVP2\MVP2\DETRAF-UNIFICADO\unificado\rpa1_captura\src\controllers\outlook_controller.py", line 234, in responder
    OutlookService(self._config.account).responder_email(
    │              │    │       └ 'detrafTBRA'
    │              │    └ OutlookConfig(account='detrafTBRA', detraf_despesas_folder='Detraf Despesas', processados_folder='PROCESSADOS', dest_root=Win...
    │              └ <src.controllers.outlook_controller.OutlookController object at 0x000001FEBB085550>
    └ <class 'comum.integracoes.outlook.OutlookService'>

  File "C:\RPA\Dtraf\MVP2\MVP2\DETRAF-UNIFICADO\unificado\comum\integracoes\outlook.py", line 303, in responder_email
    raise OutlookError(f"Falha ao responder o e-mail '{entry_id}': {exc}") from exc
          │                                            └ '00000000A949F53E017BB44C86E46D56D2D6BB100700F25FC41A3584FC499D024E55DD250D4D00005211FBDF0000137D0D4C70E1CF4091747B97613AB5A6...
          └ <class 'comum.integracoes.outlook.OutlookError'>

comum.integracoes.outlook.OutlookError: Falha ao responder o e-mail '00000000A949F53E017BB44C86E46D56D2D6BB100700F25FC41A3584FC499D024E55DD250D4D00005211FBDF0000137D0D4C70E1CF4091747B97613AB5A60000A35B1B590000': (-2147467260, 'Operação anulada', None, None)
2026-08-13 11:54:40.483 | INFO    |src.services.processamento_service:executar:151 - [RPA 1] E-mail de origem de 'DETRAF-TMCO-0116-2026-PREDLINK-VIVO SMP - RESUMO_EOT 20-202607.xls': 1 arquivo(s) recusado(s), operadora NÃO notificada.
2026-08-13 11:54:40.484 | INFO    |src.controllers.outlook_controller:responder:234 - Conectando ao Outlook (conta configurada: 'detrafTBRA')...
2026-08-13 11:54:40.491 | INFO    |src.controllers.outlook_controller:responder:234 - Conectado ao Outlook com sucesso.
2026-08-13 11:54:40.620 | ERROR   |src.services.notificacao_operadora:notificar_arquivos_recusados:74 - [RPA 1] Falha ao criar rascunho de resposta para 'Detraf Credora Mundo (EOT A04) x Devedora Vivo (EOT 931) - Agosto.2026.csv': Falha ao responder o e-mail '00000000A949F53E017BB44C86E46D56D2D6BB100700F25FC41A3584FC499D024E55DD250D4D00005211FBDF0000137D0D4C70E1CF4091747B97613AB5A60000A35B1B5A0000': (-2147467260, 'Operação anulada', None, None)
Traceback (most recent call last):

  File "C:\RPA\Dtraf\MVP2\MVP2\DETRAF-UNIFICADO\unificado\comum\integracoes\outlook.py", line 301, in responder_email
    reply.Save()
    └ <COMObject Reply>

  File "<COMObject Reply>", line 2, in Save

pywintypes.com_error: (-2147467260, 'Operação anulada', None, None)


The above exception was the direct cause of the following exception:


Traceback (most recent call last):

  File "C:\RPA\Dtraf\MVP2\MVP2\DETRAF-UNIFICADO\unificado\rpa1_captura\main.py", line 118, in <module>
    raise SystemExit(main())
                     └ <function main at 0x000001FE9ED014E0>

  File "C:\RPA\Dtraf\MVP2\MVP2\DETRAF-UNIFICADO\unificado\rpa1_captura\main.py", line 94, in main
    run(pasta_entrada=recorte.pasta_entrada, etapa=recorte.etapa, diagnostico=diagnostico)
    │                 │       │                    │       │                  └ <comum.config.diagnostico_execucao.DiagnosticoDeExecucao object at 0x000001FEA1555D30>
    │                 │       │                    │       └ None
    │                 │       │                    └ Argumentos(referencia=None, operadoras=[], etapa=None, pasta_entrada=None, de_pasta=None, dry_run=False, pausar=False)
    │                 │       └ None
    │                 └ Argumentos(referencia=None, operadoras=[], etapa=None, pasta_entrada=None, de_pasta=None, dry_run=False, pausar=False)
    └ <function run at 0x000001FEA15AAAC0>

  File "C:\RPA\Dtraf\MVP2\MVP2\DETRAF-UNIFICADO\unificado\rpa1_captura\src\main\process_handle.py", line 34, in run
    controller.processar(
    │          └ <function ProcessamentoController.processar at 0x000001FEBB0BFD80>
    └ <src.controllers.processamento_controller.ProcessamentoController object at 0x000001FEBB084C20>

  File "C:\RPA\Dtraf\MVP2\MVP2\DETRAF-UNIFICADO\unificado\rpa1_captura\src\controllers\processamento_controller.py", line 155, in processar
    self._servico.executar(arquivos)
    │    │        │        └ [ArquivoParaProcessar(caminho=WindowsPath('C:/RPA/Dtraf/MVP2/MVP2/DETRAF-UNIFICADO/unificado/arquivos/Entrada/9D024E55DD250D4...
    │    │        └ <function ProcessamentoService.executar at 0x000001FEBB0BF600>
    │    └ <src.services.processamento_service.ProcessamentoService object at 0x000001FEBB085160>
    └ <src.controllers.processamento_controller.ProcessamentoController object at 0x000001FEBB084C20>

  File "C:\RPA\Dtraf\MVP2\MVP2\DETRAF-UNIFICADO\unificado\rpa1_captura\src\services\processamento_service.py", line 151, in executar
    self._notificar_reprovados()
    │    └ <function ProcessamentoService._notificar_reprovados at 0x000001FEBB0BFA60>
    └ <src.services.processamento_service.ProcessamentoService object at 0x000001FEBB085160>

  File "C:\RPA\Dtraf\MVP2\MVP2\DETRAF-UNIFICADO\unificado\rpa1_captura\src\services\processamento_service.py", line 588, in _notificar_reprovados
    sucesso = bool(self._notificar_externo(pacote, recusas))
                   │    │                  │       └ [ArquivoRecusado(nome='Detraf Credora Mundo (EOT A04) x Devedora Vivo (EOT 931) - Agosto.2026.csv', motivos=['posição 0 (Cred...
                   │    │                  └ ArquivoParaProcessar(caminho=WindowsPath('C:/RPA/Dtraf/MVP2/MVP2/DETRAF-UNIFICADO/unificado/arquivos/Entrada/9D024E55DD250D4D...
                   │    └ <bound method ProcessamentoController._notificar_operadora of <src.controllers.processamento_controller.ProcessamentoControll...
                   └ <src.services.processamento_service.ProcessamentoService object at 0x000001FEBB085160>

  File "C:\RPA\Dtraf\MVP2\MVP2\DETRAF-UNIFICADO\unificado\rpa1_captura\src\controllers\processamento_controller.py", line 31, in _notificar_operadora
    return notificar_arquivos_recusados(self._outlook.responder, pacote, recusas)
           │                            │    │                   │       └ [ArquivoRecusado(nome='Detraf Credora Mundo (EOT A04) x Devedora Vivo (EOT 931) - Agosto.2026.csv', motivos=['posição 0 (Cred...
           │                            │    │                   └ ArquivoParaProcessar(caminho=WindowsPath('C:/RPA/Dtraf/MVP2/MVP2/DETRAF-UNIFICADO/unificado/arquivos/Entrada/9D024E55DD250D4D...
           │                            │    └ <property object at 0x000001FEA15B03B0>
           │                            └ <src.controllers.processamento_controller.ProcessamentoController object at 0x000001FEBB084C20>
           └ <function notificar_arquivos_recusados at 0x000001FEA17479C0>

  File "C:\RPA\Dtraf\MVP2\MVP2\DETRAF-UNIFICADO\unificado\rpa1_captura\src\services\notificacao_operadora.py", line 74, in notificar_arquivos_recusados
    return bool(responder(pacote, corpo, configuration.NOTIFICAR_OPERADORA_ENVIAR))
                │         │       │      │             └ False
                │         │       │      └ <module 'comum.config.configuration' from 'C:\\RPA\\Dtraf\\MVP2\\MVP2\\DETRAF-UNIFICADO\\unificado\\comum\\config\\configurat...
                │         │       └ 'Prezados,\n\nOs arquivos de Detraf abaixo, enviados por sua empresa nesta mensagem, não\npuderam ser processados e estão sen...
                │         └ ArquivoParaProcessar(caminho=WindowsPath('C:/RPA/Dtraf/MVP2/MVP2/DETRAF-UNIFICADO/unificado/arquivos/Entrada/9D024E55DD250D4D...
                └ <bound method OutlookController.responder of <src.controllers.outlook_controller.OutlookController object at 0x000001FEBB0855...

> File "C:\RPA\Dtraf\MVP2\MVP2\DETRAF-UNIFICADO\unificado\rpa1_captura\src\controllers\outlook_controller.py", line 234, in responder
    OutlookService(self._config.account).responder_email(
    │              │    │       └ 'detrafTBRA'
    │              │    └ OutlookConfig(account='detrafTBRA', detraf_despesas_folder='Detraf Despesas', processados_folder='PROCESSADOS', dest_root=Win...
    │              └ <src.controllers.outlook_controller.OutlookController object at 0x000001FEBB085550>
    └ <class 'comum.integracoes.outlook.OutlookService'>

  File "C:\RPA\Dtraf\MVP2\MVP2\DETRAF-UNIFICADO\unificado\comum\integracoes\outlook.py", line 303, in responder_email
    raise OutlookError(f"Falha ao responder o e-mail '{entry_id}': {exc}") from exc
          │                                            └ '00000000A949F53E017BB44C86E46D56D2D6BB100700F25FC41A3584FC499D024E55DD250D4D00005211FBDF0000137D0D4C70E1CF4091747B97613AB5A6...
          └ <class 'comum.integracoes.outlook.OutlookError'>

comum.integracoes.outlook.OutlookError: Falha ao responder o e-mail '00000000A949F53E017BB44C86E46D56D2D6BB100700F25FC41A3584FC499D024E55DD250D4D00005211FBDF0000137D0D4C70E1CF4091747B97613AB5A60000A35B1B5A0000': (-2147467260, 'Operação anulada', None, None)
2026-08-13 11:54:40.629 | INFO    |src.services.processamento_service:executar:151 - [RPA 1] E-mail de origem de 'Detraf Credora Mundo (EOT A04) x Devedora Vivo (EOT 931) - Agosto.2026.csv': 2 arquivo(s) recusado(s), operadora NÃO notificada.
2026-08-13 11:54:40.630 | INFO    |src.controllers.outlook_controller:responder:234 - Conectando ao Outlook (conta configurada: 'detrafTBRA')...
2026-08-13 11:54:40.638 | INFO    |src.controllers.outlook_controller:responder:234 - Conectado ao Outlook com sucesso.
2026-08-13 11:54:40.823 | ERROR   |src.services.notificacao_operadora:notificar_arquivos_recusados:74 - [RPA 1] Falha ao criar rascunho de resposta para 'SISTEL - 07.2026 - VIVO.xlsx': Falha ao responder o e-mail '00000000A949F53E017BB44C86E46D56D2D6BB100700F25FC41A3584FC499D024E55DD250D4D00005211FBDF0000137D0D4C70E1CF4091747B97613AB5A60000A35B1B5B0000': (-2147467260, 'Operação anulada', None, None)
Traceback (most recent call last):

  File "C:\RPA\Dtraf\MVP2\MVP2\DETRAF-UNIFICADO\unificado\comum\integracoes\outlook.py", line 301, in responder_email
    reply.Save()
    └ <COMObject Reply>

  File "<COMObject Reply>", line 2, in Save

pywintypes.com_error: (-2147467260, 'Operação anulada', None, None)


The above exception was the direct cause of the following exception:


Traceback (most recent call last):

  File "C:\RPA\Dtraf\MVP2\MVP2\DETRAF-UNIFICADO\unificado\rpa1_captura\main.py", line 118, in <module>
    raise SystemExit(main())
                     └ <function main at 0x000001FE9ED014E0>

  File "C:\RPA\Dtraf\MVP2\MVP2\DETRAF-UNIFICADO\unificado\rpa1_captura\main.py", line 94, in main
    run(pasta_entrada=recorte.pasta_entrada, etapa=recorte.etapa, diagnostico=diagnostico)
    │                 │       │                    │       │                  └ <comum.config.diagnostico_execucao.DiagnosticoDeExecucao object at 0x000001FEA1555D30>
    │                 │       │                    │       └ None
    │                 │       │                    └ Argumentos(referencia=None, operadoras=[], etapa=None, pasta_entrada=None, de_pasta=None, dry_run=False, pausar=False)
    │                 │       └ None
    │                 └ Argumentos(referencia=None, operadoras=[], etapa=None, pasta_entrada=None, de_pasta=None, dry_run=False, pausar=False)
    └ <function run at 0x000001FEA15AAAC0>

  File "C:\RPA\Dtraf\MVP2\MVP2\DETRAF-UNIFICADO\unificado\rpa1_captura\src\main\process_handle.py", line 34, in run
    controller.processar(
    │          └ <function ProcessamentoController.processar at 0x000001FEBB0BFD80>
    └ <src.controllers.processamento_controller.ProcessamentoController object at 0x000001FEBB084C20>

  File "C:\RPA\Dtraf\MVP2\MVP2\DETRAF-UNIFICADO\unificado\rpa1_captura\src\controllers\processamento_controller.py", line 155, in processar
    self._servico.executar(arquivos)
    │    │        │        └ [ArquivoParaProcessar(caminho=WindowsPath('C:/RPA/Dtraf/MVP2/MVP2/DETRAF-UNIFICADO/unificado/arquivos/Entrada/9D024E55DD250D4...
    │    │        └ <function ProcessamentoService.executar at 0x000001FEBB0BF600>
    │    └ <src.services.processamento_service.ProcessamentoService object at 0x000001FEBB085160>
    └ <src.controllers.processamento_controller.ProcessamentoController object at 0x000001FEBB084C20>

  File "C:\RPA\Dtraf\MVP2\MVP2\DETRAF-UNIFICADO\unificado\rpa1_captura\src\services\processamento_service.py", line 151, in executar
    self._notificar_reprovados()
    │    └ <function ProcessamentoService._notificar_reprovados at 0x000001FEBB0BFA60>
    └ <src.services.processamento_service.ProcessamentoService object at 0x000001FEBB085160>

  File "C:\RPA\Dtraf\MVP2\MVP2\DETRAF-UNIFICADO\unificado\rpa1_captura\src\services\processamento_service.py", line 588, in _notificar_reprovados
    sucesso = bool(self._notificar_externo(pacote, recusas))
                   │    │                  │       └ [ArquivoRecusado(nome='SISTEL - 07.2026 - VIVO.xlsx', motivos=['posição 0 (Credora): esperado EOT numérica, encontrado "G19",...
                   │    │                  └ ArquivoParaProcessar(caminho=WindowsPath('C:/RPA/Dtraf/MVP2/MVP2/DETRAF-UNIFICADO/unificado/arquivos/Entrada/9D024E55DD250D4D...
                   │    └ <bound method ProcessamentoController._notificar_operadora of <src.controllers.processamento_controller.ProcessamentoControll...
                   └ <src.services.processamento_service.ProcessamentoService object at 0x000001FEBB085160>

  File "C:\RPA\Dtraf\MVP2\MVP2\DETRAF-UNIFICADO\unificado\rpa1_captura\src\controllers\processamento_controller.py", line 31, in _notificar_operadora
    return notificar_arquivos_recusados(self._outlook.responder, pacote, recusas)
           │                            │    │                   │       └ [ArquivoRecusado(nome='SISTEL - 07.2026 - VIVO.xlsx', motivos=['posição 0 (Credora): esperado EOT numérica, encontrado "G19",...
           │                            │    │                   └ ArquivoParaProcessar(caminho=WindowsPath('C:/RPA/Dtraf/MVP2/MVP2/DETRAF-UNIFICADO/unificado/arquivos/Entrada/9D024E55DD250D4D...
           │                            │    └ <property object at 0x000001FEA15B03B0>
           │                            └ <src.controllers.processamento_controller.ProcessamentoController object at 0x000001FEBB084C20>
           └ <function notificar_arquivos_recusados at 0x000001FEA17479C0>

  File "C:\RPA\Dtraf\MVP2\MVP2\DETRAF-UNIFICADO\unificado\rpa1_captura\src\services\notificacao_operadora.py", line 74, in notificar_arquivos_recusados
    return bool(responder(pacote, corpo, configuration.NOTIFICAR_OPERADORA_ENVIAR))
                │         │       │      │             └ False
                │         │       │      └ <module 'comum.config.configuration' from 'C:\\RPA\\Dtraf\\MVP2\\MVP2\\DETRAF-UNIFICADO\\unificado\\comum\\config\\configurat...
                │         │       └ 'Prezados,\n\nOs arquivos de Detraf abaixo, enviados por sua empresa nesta mensagem, não\npuderam ser processados e estão sen...
                │         └ ArquivoParaProcessar(caminho=WindowsPath('C:/RPA/Dtraf/MVP2/MVP2/DETRAF-UNIFICADO/unificado/arquivos/Entrada/9D024E55DD250D4D...
                └ <bound method OutlookController.responder of <src.controllers.outlook_controller.OutlookController object at 0x000001FEBB0855...

> File "C:\RPA\Dtraf\MVP2\MVP2\DETRAF-UNIFICADO\unificado\rpa1_captura\src\controllers\outlook_controller.py", line 234, in responder
    OutlookService(self._config.account).responder_email(
    │              │    │       └ 'detrafTBRA'
    │              │    └ OutlookConfig(account='detrafTBRA', detraf_despesas_folder='Detraf Despesas', processados_folder='PROCESSADOS', dest_root=Win...
    │              └ <src.controllers.outlook_controller.OutlookController object at 0x000001FEBB085550>
    └ <class 'comum.integracoes.outlook.OutlookService'>

  File "C:\RPA\Dtraf\MVP2\MVP2\DETRAF-UNIFICADO\unificado\comum\integracoes\outlook.py", line 303, in responder_email
    raise OutlookError(f"Falha ao responder o e-mail '{entry_id}': {exc}") from exc
          │                                            └ '00000000A949F53E017BB44C86E46D56D2D6BB100700F25FC41A3584FC499D024E55DD250D4D00005211FBDF0000137D0D4C70E1CF4091747B97613AB5A6...
          └ <class 'comum.integracoes.outlook.OutlookError'>

comum.integracoes.outlook.OutlookError: Falha ao responder o e-mail '00000000A949F53E017BB44C86E46D56D2D6BB100700F25FC41A3584FC499D024E55DD250D4D00005211FBDF0000137D0D4C70E1CF4091747B97613AB5A60000A35B1B5B0000': (-2147467260, 'Operação anulada', None, None)
2026-08-13 11:54:40.834 | INFO    |src.services.processamento_service:executar:151 - [RPA 1] E-mail de origem de 'SISTEL - 07.2026 - VIVO.xlsx': 1 arquivo(s) recusado(s), operadora NÃO notificada.
2026-08-13 11:54:40.835 | INFO    |src.controllers.outlook_controller:responder:234 - Conectando ao Outlook (conta configurada: 'detrafTBRA')...
2026-08-13 11:54:40.844 | INFO    |src.controllers.outlook_controller:responder:234 - Conectado ao Outlook com sucesso.
2026-08-13 11:54:41.041 | ERROR   |src.services.notificacao_operadora:notificar_arquivos_recusados:74 - [RPA 1] Falha ao criar rascunho de resposta para 'SEA - 07.2026 - VIVO.xlsx': Falha ao responder o e-mail '00000000A949F53E017BB44C86E46D56D2D6BB100700F25FC41A3584FC499D024E55DD250D4D00005211FBDF0000137D0D4C70E1CF4091747B97613AB5A60000A35B1B5C0000': (-2147467260, 'Operação anulada', None, None)
Traceback (most recent call last):

  File "C:\RPA\Dtraf\MVP2\MVP2\DETRAF-UNIFICADO\unificado\comum\integracoes\outlook.py", line 301, in responder_email
    reply.Save()
    └ <COMObject Reply>

  File "<COMObject Reply>", line 2, in Save

pywintypes.com_error: (-2147467260, 'Operação anulada', None, None)


The above exception was the direct cause of the following exception:


Traceback (most recent call last):

  File "C:\RPA\Dtraf\MVP2\MVP2\DETRAF-UNIFICADO\unificado\rpa1_captura\main.py", line 118, in <module>
    raise SystemExit(main())
                     └ <function main at 0x000001FE9ED014E0>

  File "C:\RPA\Dtraf\MVP2\MVP2\DETRAF-UNIFICADO\unificado\rpa1_captura\main.py", line 94, in main
    run(pasta_entrada=recorte.pasta_entrada, etapa=recorte.etapa, diagnostico=diagnostico)
    │                 │       │                    │       │                  └ <comum.config.diagnostico_execucao.DiagnosticoDeExecucao object at 0x000001FEA1555D30>
    │                 │       │                    │       └ None
    │                 │       │                    └ Argumentos(referencia=None, operadoras=[], etapa=None, pasta_entrada=None, de_pasta=None, dry_run=False, pausar=False)
    │                 │       └ None
    │                 └ Argumentos(referencia=None, operadoras=[], etapa=None, pasta_entrada=None, de_pasta=None, dry_run=False, pausar=False)
    └ <function run at 0x000001FEA15AAAC0>

  File "C:\RPA\Dtraf\MVP2\MVP2\DETRAF-UNIFICADO\unificado\rpa1_captura\src\main\process_handle.py", line 34, in run
    controller.processar(
    │          └ <function ProcessamentoController.processar at 0x000001FEBB0BFD80>
    └ <src.controllers.processamento_controller.ProcessamentoController object at 0x000001FEBB084C20>

  File "C:\RPA\Dtraf\MVP2\MVP2\DETRAF-UNIFICADO\unificado\rpa1_captura\src\controllers\processamento_controller.py", line 155, in processar
    self._servico.executar(arquivos)
    │    │        │        └ [ArquivoParaProcessar(caminho=WindowsPath('C:/RPA/Dtraf/MVP2/MVP2/DETRAF-UNIFICADO/unificado/arquivos/Entrada/9D024E55DD250D4...
    │    │        └ <function ProcessamentoService.executar at 0x000001FEBB0BF600>
    │    └ <src.services.processamento_service.ProcessamentoService object at 0x000001FEBB085160>
    └ <src.controllers.processamento_controller.ProcessamentoController object at 0x000001FEBB084C20>

  File "C:\RPA\Dtraf\MVP2\MVP2\DETRAF-UNIFICADO\unificado\rpa1_captura\src\services\processamento_service.py", line 151, in executar
    self._notificar_reprovados()
    │    └ <function ProcessamentoService._notificar_reprovados at 0x000001FEBB0BFA60>
    └ <src.services.processamento_service.ProcessamentoService object at 0x000001FEBB085160>

  File "C:\RPA\Dtraf\MVP2\MVP2\DETRAF-UNIFICADO\unificado\rpa1_captura\src\services\processamento_service.py", line 588, in _notificar_reprovados
    sucesso = bool(self._notificar_externo(pacote, recusas))
                   │    │                  │       └ [ArquivoRecusado(nome='SEA - 07.2026 - VIVO.xlsx', motivos=['posição 0 (Credora): esperado EOT numérica, encontrado "D85", "D...
                   │    │                  └ ArquivoParaProcessar(caminho=WindowsPath('C:/RPA/Dtraf/MVP2/MVP2/DETRAF-UNIFICADO/unificado/arquivos/Entrada/9D024E55DD250D4D...
                   │    └ <bound method ProcessamentoController._notificar_operadora of <src.controllers.processamento_controller.ProcessamentoControll...
                   └ <src.services.processamento_service.ProcessamentoService object at 0x000001FEBB085160>

  File "C:\RPA\Dtraf\MVP2\MVP2\DETRAF-UNIFICADO\unificado\rpa1_captura\src\controllers\processamento_controller.py", line 31, in _notificar_operadora
    return notificar_arquivos_recusados(self._outlook.responder, pacote, recusas)
           │                            │    │                   │       └ [ArquivoRecusado(nome='SEA - 07.2026 - VIVO.xlsx', motivos=['posição 0 (Credora): esperado EOT numérica, encontrado "D85", "D...
           │                            │    │                   └ ArquivoParaProcessar(caminho=WindowsPath('C:/RPA/Dtraf/MVP2/MVP2/DETRAF-UNIFICADO/unificado/arquivos/Entrada/9D024E55DD250D4D...
           │                            │    └ <property object at 0x000001FEA15B03B0>
           │                            └ <src.controllers.processamento_controller.ProcessamentoController object at 0x000001FEBB084C20>
           └ <function notificar_arquivos_recusados at 0x000001FEA17479C0>

  File "C:\RPA\Dtraf\MVP2\MVP2\DETRAF-UNIFICADO\unificado\rpa1_captura\src\services\notificacao_operadora.py", line 74, in notificar_arquivos_recusados
    return bool(responder(pacote, corpo, configuration.NOTIFICAR_OPERADORA_ENVIAR))
                │         │       │      │             └ False
                │         │       │      └ <module 'comum.config.configuration' from 'C:\\RPA\\Dtraf\\MVP2\\MVP2\\DETRAF-UNIFICADO\\unificado\\comum\\config\\configurat...
                │         │       └ 'Prezados,\n\nOs arquivos de Detraf abaixo, enviados por sua empresa nesta mensagem, não\npuderam ser processados e estão sen...
                │         └ ArquivoParaProcessar(caminho=WindowsPath('C:/RPA/Dtraf/MVP2/MVP2/DETRAF-UNIFICADO/unificado/arquivos/Entrada/9D024E55DD250D4D...
                └ <bound method OutlookController.responder of <src.controllers.outlook_controller.OutlookController object at 0x000001FEBB0855...

> File "C:\RPA\Dtraf\MVP2\MVP2\DETRAF-UNIFICADO\unificado\rpa1_captura\src\controllers\outlook_controller.py", line 234, in responder
    OutlookService(self._config.account).responder_email(
    │              │    │       └ 'detrafTBRA'
    │              │    └ OutlookConfig(account='detrafTBRA', detraf_despesas_folder='Detraf Despesas', processados_folder='PROCESSADOS', dest_root=Win...
    │              └ <src.controllers.outlook_controller.OutlookController object at 0x000001FEBB085550>
    └ <class 'comum.integracoes.outlook.OutlookService'>

  File "C:\RPA\Dtraf\MVP2\MVP2\DETRAF-UNIFICADO\unificado\comum\integracoes\outlook.py", line 303, in responder_email
    raise OutlookError(f"Falha ao responder o e-mail '{entry_id}': {exc}") from exc
          │                                            └ '00000000A949F53E017BB44C86E46D56D2D6BB100700F25FC41A3584FC499D024E55DD250D4D00005211FBDF0000137D0D4C70E1CF4091747B97613AB5A6...
          └ <class 'comum.integracoes.outlook.OutlookError'>

comum.integracoes.outlook.OutlookError: Falha ao responder o e-mail '00000000A949F53E017BB44C86E46D56D2D6BB100700F25FC41A3584FC499D024E55DD250D4D00005211FBDF0000137D0D4C70E1CF4091747B97613AB5A60000A35B1B5C0000': (-2147467260, 'Operação anulada', None, None)
2026-08-13 11:54:41.051 | INFO    |src.services.processamento_service:executar:151 - [RPA 1] E-mail de origem de 'SEA - 07.2026 - VIVO.xlsx': 1 arquivo(s) recusado(s), operadora NÃO notificada.
2026-08-13 11:54:41.052 | INFO    |src.controllers.outlook_controller:responder:234 - Conectando ao Outlook (conta configurada: 'detrafTBRA')...
2026-08-13 11:54:41.060 | INFO    |src.controllers.outlook_controller:responder:234 - Conectado ao Outlook com sucesso.
2026-08-13 11:54:41.167 | ERROR   |src.services.notificacao_operadora:notificar_arquivos_recusados:74 - [RPA 1] Falha ao criar rascunho de resposta para '202607 Detraf C SMS SMP Unifique X SMP Telefonica Brasil.xlsx': Falha ao responder o e-mail '00000000A949F53E017BB44C86E46D56D2D6BB100700F25FC41A3584FC499D024E55DD250D4D00005211FBDF0000137D0D4C70E1CF4091747B97613AB5A60000A35B1B5D0000': (-2147467260, 'Operação anulada', None, None)
Traceback (most recent call last):

  File "C:\RPA\Dtraf\MVP2\MVP2\DETRAF-UNIFICADO\unificado\comum\integracoes\outlook.py", line 301, in responder_email
    reply.Save()
    └ <COMObject Reply>

  File "<COMObject Reply>", line 2, in Save

pywintypes.com_error: (-2147467260, 'Operação anulada', None, None)


The above exception was the direct cause of the following exception:


Traceback (most recent call last):

  File "C:\RPA\Dtraf\MVP2\MVP2\DETRAF-UNIFICADO\unificado\rpa1_captura\main.py", line 118, in <module>
    raise SystemExit(main())
                     └ <function main at 0x000001FE9ED014E0>

  File "C:\RPA\Dtraf\MVP2\MVP2\DETRAF-UNIFICADO\unificado\rpa1_captura\main.py", line 94, in main
    run(pasta_entrada=recorte.pasta_entrada, etapa=recorte.etapa, diagnostico=diagnostico)
    │                 │       │                    │       │                  └ <comum.config.diagnostico_execucao.DiagnosticoDeExecucao object at 0x000001FEA1555D30>
    │                 │       │                    │       └ None
    │                 │       │                    └ Argumentos(referencia=None, operadoras=[], etapa=None, pasta_entrada=None, de_pasta=None, dry_run=False, pausar=False)
    │                 │       └ None
    │                 └ Argumentos(referencia=None, operadoras=[], etapa=None, pasta_entrada=None, de_pasta=None, dry_run=False, pausar=False)
    └ <function run at 0x000001FEA15AAAC0>

  File "C:\RPA\Dtraf\MVP2\MVP2\DETRAF-UNIFICADO\unificado\rpa1_captura\src\main\process_handle.py", line 34, in run
    controller.processar(
    │          └ <function ProcessamentoController.processar at 0x000001FEBB0BFD80>
    └ <src.controllers.processamento_controller.ProcessamentoController object at 0x000001FEBB084C20>

  File "C:\RPA\Dtraf\MVP2\MVP2\DETRAF-UNIFICADO\unificado\rpa1_captura\src\controllers\processamento_controller.py", line 155, in processar
    self._servico.executar(arquivos)
    │    │        │        └ [ArquivoParaProcessar(caminho=WindowsPath('C:/RPA/Dtraf/MVP2/MVP2/DETRAF-UNIFICADO/unificado/arquivos/Entrada/9D024E55DD250D4...
    │    │        └ <function ProcessamentoService.executar at 0x000001FEBB0BF600>
    │    └ <src.services.processamento_service.ProcessamentoService object at 0x000001FEBB085160>
    └ <src.controllers.processamento_controller.ProcessamentoController object at 0x000001FEBB084C20>

  File "C:\RPA\Dtraf\MVP2\MVP2\DETRAF-UNIFICADO\unificado\rpa1_captura\src\services\processamento_service.py", line 151, in executar
    self._notificar_reprovados()
    │    └ <function ProcessamentoService._notificar_reprovados at 0x000001FEBB0BFA60>
    └ <src.services.processamento_service.ProcessamentoService object at 0x000001FEBB085160>

  File "C:\RPA\Dtraf\MVP2\MVP2\DETRAF-UNIFICADO\unificado\rpa1_captura\src\services\processamento_service.py", line 588, in _notificar_reprovados
    sucesso = bool(self._notificar_externo(pacote, recusas))
                   │    │                  │       └ [ArquivoRecusado(nome='202607 Detraf C SMS SMP Unifique X SMP Telefonica Brasil.xlsx', motivos=['posição 0 (Credora): esperad...
                   │    │                  └ ArquivoParaProcessar(caminho=WindowsPath('C:/RPA/Dtraf/MVP2/MVP2/DETRAF-UNIFICADO/unificado/arquivos/Entrada/9D024E55DD250D4D...
                   │    └ <bound method ProcessamentoController._notificar_operadora of <src.controllers.processamento_controller.ProcessamentoControll...
                   └ <src.services.processamento_service.ProcessamentoService object at 0x000001FEBB085160>

  File "C:\RPA\Dtraf\MVP2\MVP2\DETRAF-UNIFICADO\unificado\rpa1_captura\src\controllers\processamento_controller.py", line 31, in _notificar_operadora
    return notificar_arquivos_recusados(self._outlook.responder, pacote, recusas)
           │                            │    │                   │       └ [ArquivoRecusado(nome='202607 Detraf C SMS SMP Unifique X SMP Telefonica Brasil.xlsx', motivos=['posição 0 (Credora): esperad...
           │                            │    │                   └ ArquivoParaProcessar(caminho=WindowsPath('C:/RPA/Dtraf/MVP2/MVP2/DETRAF-UNIFICADO/unificado/arquivos/Entrada/9D024E55DD250D4D...
           │                            │    └ <property object at 0x000001FEA15B03B0>
           │                            └ <src.controllers.processamento_controller.ProcessamentoController object at 0x000001FEBB084C20>
           └ <function notificar_arquivos_recusados at 0x000001FEA17479C0>

  File "C:\RPA\Dtraf\MVP2\MVP2\DETRAF-UNIFICADO\unificado\rpa1_captura\src\services\notificacao_operadora.py", line 74, in notificar_arquivos_recusados
    return bool(responder(pacote, corpo, configuration.NOTIFICAR_OPERADORA_ENVIAR))
                │         │       │      │             └ False
                │         │       │      └ <module 'comum.config.configuration' from 'C:\\RPA\\Dtraf\\MVP2\\MVP2\\DETRAF-UNIFICADO\\unificado\\comum\\config\\configurat...
                │         │       └ 'Prezados,\n\nOs arquivos de Detraf abaixo, enviados por sua empresa nesta mensagem, não\npuderam ser processados e estão sen...
                │         └ ArquivoParaProcessar(caminho=WindowsPath('C:/RPA/Dtraf/MVP2/MVP2/DETRAF-UNIFICADO/unificado/arquivos/Entrada/9D024E55DD250D4D...
                └ <bound method OutlookController.responder of <src.controllers.outlook_controller.OutlookController object at 0x000001FEBB0855...

> File "C:\RPA\Dtraf\MVP2\MVP2\DETRAF-UNIFICADO\unificado\rpa1_captura\src\controllers\outlook_controller.py", line 234, in responder
    OutlookService(self._config.account).responder_email(
    │              │    │       └ 'detrafTBRA'
    │              │    └ OutlookConfig(account='detrafTBRA', detraf_despesas_folder='Detraf Despesas', processados_folder='PROCESSADOS', dest_root=Win...
    │              └ <src.controllers.outlook_controller.OutlookController object at 0x000001FEBB085550>
    └ <class 'comum.integracoes.outlook.OutlookService'>

  File "C:\RPA\Dtraf\MVP2\MVP2\DETRAF-UNIFICADO\unificado\comum\integracoes\outlook.py", line 303, in responder_email
    raise OutlookError(f"Falha ao responder o e-mail '{entry_id}': {exc}") from exc
          │                                            └ '00000000A949F53E017BB44C86E46D56D2D6BB100700F25FC41A3584FC499D024E55DD250D4D00005211FBDF0000137D0D4C70E1CF4091747B97613AB5A6...
          └ <class 'comum.integracoes.outlook.OutlookError'>

comum.integracoes.outlook.OutlookError: Falha ao responder o e-mail '00000000A949F53E017BB44C86E46D56D2D6BB100700F25FC41A3584FC499D024E55DD250D4D00005211FBDF0000137D0D4C70E1CF4091747B97613AB5A60000A35B1B5D0000': (-2147467260, 'Operação anulada', None, None)
2026-08-13 11:54:41.175 | INFO    |src.services.processamento_service:executar:151 - [RPA 1] E-mail de origem de '202607 Detraf C SMS SMP Unifique X SMP Telefonica Brasil.xlsx': 1 arquivo(s) recusado(s), operadora NÃO notificada.
2026-08-13 11:54:41.177 | INFO    |src.controllers.outlook_controller:responder:234 - Conectando ao Outlook (conta configurada: 'detrafTBRA')...
2026-08-13 11:54:41.183 | INFO    |src.controllers.outlook_controller:responder:234 - Conectado ao Outlook com sucesso.
2026-08-13 11:54:41.356 | ERROR   |src.services.notificacao_operadora:notificar_arquivos_recusados:74 - [RPA 1] Falha ao criar rascunho de resposta para 'RAMAL VIRTUAL - 07.2026  -  VIVO.xlsx': Falha ao responder o e-mail '00000000A949F53E017BB44C86E46D56D2D6BB100700F25FC41A3584FC499D024E55DD250D4D00005211FBDF0000137D0D4C70E1CF4091747B97613AB5A60000A35B1B5E0000': (-2147467260, 'Operação anulada', None, None)
Traceback (most recent call last):

  File "C:\RPA\Dtraf\MVP2\MVP2\DETRAF-UNIFICADO\unificado\comum\integracoes\outlook.py", line 301, in responder_email
    reply.Save()
    └ <COMObject Reply>

  File "<COMObject Reply>", line 2, in Save

pywintypes.com_error: (-2147467260, 'Operação anulada', None, None)


The above exception was the direct cause of the following exception:


Traceback (most recent call last):

  File "C:\RPA\Dtraf\MVP2\MVP2\DETRAF-UNIFICADO\unificado\rpa1_captura\main.py", line 118, in <module>
    raise SystemExit(main())
                     └ <function main at 0x000001FE9ED014E0>

  File "C:\RPA\Dtraf\MVP2\MVP2\DETRAF-UNIFICADO\unificado\rpa1_captura\main.py", line 94, in main
    run(pasta_entrada=recorte.pasta_entrada, etapa=recorte.etapa, diagnostico=diagnostico)
    │                 │       │                    │       │                  └ <comum.config.diagnostico_execucao.DiagnosticoDeExecucao object at 0x000001FEA1555D30>
    │                 │       │                    │       └ None
    │                 │       │                    └ Argumentos(referencia=None, operadoras=[], etapa=None, pasta_entrada=None, de_pasta=None, dry_run=False, pausar=False)
    │                 │       └ None
    │                 └ Argumentos(referencia=None, operadoras=[], etapa=None, pasta_entrada=None, de_pasta=None, dry_run=False, pausar=False)
    └ <function run at 0x000001FEA15AAAC0>

  File "C:\RPA\Dtraf\MVP2\MVP2\DETRAF-UNIFICADO\unificado\rpa1_captura\src\main\process_handle.py", line 34, in run
    controller.processar(
    │          └ <function ProcessamentoController.processar at 0x000001FEBB0BFD80>
    └ <src.controllers.processamento_controller.ProcessamentoController object at 0x000001FEBB084C20>

  File "C:\RPA\Dtraf\MVP2\MVP2\DETRAF-UNIFICADO\unificado\rpa1_captura\src\controllers\processamento_controller.py", line 155, in processar
    self._servico.executar(arquivos)
    │    │        │        └ [ArquivoParaProcessar(caminho=WindowsPath('C:/RPA/Dtraf/MVP2/MVP2/DETRAF-UNIFICADO/unificado/arquivos/Entrada/9D024E55DD250D4...
    │    │        └ <function ProcessamentoService.executar at 0x000001FEBB0BF600>
    │    └ <src.services.processamento_service.ProcessamentoService object at 0x000001FEBB085160>
    └ <src.controllers.processamento_controller.ProcessamentoController object at 0x000001FEBB084C20>

  File "C:\RPA\Dtraf\MVP2\MVP2\DETRAF-UNIFICADO\unificado\rpa1_captura\src\services\processamento_service.py", line 151, in executar
    self._notificar_reprovados()
    │    └ <function ProcessamentoService._notificar_reprovados at 0x000001FEBB0BFA60>
    └ <src.services.processamento_service.ProcessamentoService object at 0x000001FEBB085160>

  File "C:\RPA\Dtraf\MVP2\MVP2\DETRAF-UNIFICADO\unificado\rpa1_captura\src\services\processamento_service.py", line 588, in _notificar_reprovados
    sucesso = bool(self._notificar_externo(pacote, recusas))
                   │    │                  │       └ [ArquivoRecusado(nome='RAMAL VIRTUAL - 07.2026  -  VIVO.xlsx', motivos=['posição 0 (Credora): esperado EOT numérica, encontra...
                   │    │                  └ ArquivoParaProcessar(caminho=WindowsPath('C:/RPA/Dtraf/MVP2/MVP2/DETRAF-UNIFICADO/unificado/arquivos/Entrada/9D024E55DD250D4D...
                   │    └ <bound method ProcessamentoController._notificar_operadora of <src.controllers.processamento_controller.ProcessamentoControll...
                   └ <src.services.processamento_service.ProcessamentoService object at 0x000001FEBB085160>

  File "C:\RPA\Dtraf\MVP2\MVP2\DETRAF-UNIFICADO\unificado\rpa1_captura\src\controllers\processamento_controller.py", line 31, in _notificar_operadora
    return notificar_arquivos_recusados(self._outlook.responder, pacote, recusas)
           │                            │    │                   │       └ [ArquivoRecusado(nome='RAMAL VIRTUAL - 07.2026  -  VIVO.xlsx', motivos=['posição 0 (Credora): esperado EOT numérica, encontra...
           │                            │    │                   └ ArquivoParaProcessar(caminho=WindowsPath('C:/RPA/Dtraf/MVP2/MVP2/DETRAF-UNIFICADO/unificado/arquivos/Entrada/9D024E55DD250D4D...
           │                            │    └ <property object at 0x000001FEA15B03B0>
           │                            └ <src.controllers.processamento_controller.ProcessamentoController object at 0x000001FEBB084C20>
           └ <function notificar_arquivos_recusados at 0x000001FEA17479C0>

  File "C:\RPA\Dtraf\MVP2\MVP2\DETRAF-UNIFICADO\unificado\rpa1_captura\src\services\notificacao_operadora.py", line 74, in notificar_arquivos_recusados
    return bool(responder(pacote, corpo, configuration.NOTIFICAR_OPERADORA_ENVIAR))
                │         │       │      │             └ False
                │         │       │      └ <module 'comum.config.configuration' from 'C:\\RPA\\Dtraf\\MVP2\\MVP2\\DETRAF-UNIFICADO\\unificado\\comum\\config\\configurat...
                │         │       └ 'Prezados,\n\nOs arquivos de Detraf abaixo, enviados por sua empresa nesta mensagem, não\npuderam ser processados e estão sen...
                │         └ ArquivoParaProcessar(caminho=WindowsPath('C:/RPA/Dtraf/MVP2/MVP2/DETRAF-UNIFICADO/unificado/arquivos/Entrada/9D024E55DD250D4D...
                └ <bound method OutlookController.responder of <src.controllers.outlook_controller.OutlookController object at 0x000001FEBB0855...

> File "C:\RPA\Dtraf\MVP2\MVP2\DETRAF-UNIFICADO\unificado\rpa1_captura\src\controllers\outlook_controller.py", line 234, in responder
    OutlookService(self._config.account).responder_email(
    │              │    │       └ 'detrafTBRA'
    │              │    └ OutlookConfig(account='detrafTBRA', detraf_despesas_folder='Detraf Despesas', processados_folder='PROCESSADOS', dest_root=Win...
    │              └ <src.controllers.outlook_controller.OutlookController object at 0x000001FEBB085550>
    └ <class 'comum.integracoes.outlook.OutlookService'>

  File "C:\RPA\Dtraf\MVP2\MVP2\DETRAF-UNIFICADO\unificado\comum\integracoes\outlook.py", line 303, in responder_email
    raise OutlookError(f"Falha ao responder o e-mail '{entry_id}': {exc}") from exc
          │                                            └ '00000000A949F53E017BB44C86E46D56D2D6BB100700F25FC41A3584FC499D024E55DD250D4D00005211FBDF0000137D0D4C70E1CF4091747B97613AB5A6...
          └ <class 'comum.integracoes.outlook.OutlookError'>

comum.integracoes.outlook.OutlookError: Falha ao responder o e-mail '00000000A949F53E017BB44C86E46D56D2D6BB100700F25FC41A3584FC499D024E55DD250D4D00005211FBDF0000137D0D4C70E1CF4091747B97613AB5A60000A35B1B5E0000': (-2147467260, 'Operação anulada', None, None)
2026-08-13 11:54:41.366 | INFO    |src.services.processamento_service:executar:151 - [RPA 1] E-mail de origem de 'RAMAL VIRTUAL - 07.2026  -  VIVO.xlsx': 1 arquivo(s) recusado(s), operadora NÃO notificada.
2026-08-13 11:54:41.367 | INFO    |src.controllers.outlook_controller:responder:234 - Conectando ao Outlook (conta configurada: 'detrafTBRA')...
2026-08-13 11:54:41.375 | INFO    |src.controllers.outlook_controller:responder:234 - Conectado ao Outlook com sucesso.
2026-08-13 11:54:41.644 | ERROR   |src.services.notificacao_operadora:notificar_arquivos_recusados:74 - [RPA 1] Falha ao criar rascunho de resposta para 'ROCKETNET - 07.2026 - VIVO.xlsx': Falha ao responder o e-mail '00000000A949F53E017BB44C86E46D56D2D6BB100700F25FC41A3584FC499D024E55DD250D4D00005211FBDF0000137D0D4C70E1CF4091747B97613AB5A60000A35B1B5F0000': (-2147467260, 'Operação anulada', None, None)
Traceback (most recent call last):

  File "C:\RPA\Dtraf\MVP2\MVP2\DETRAF-UNIFICADO\unificado\comum\integracoes\outlook.py", line 301, in responder_email
    reply.Save()
    └ <COMObject Reply>

  File "<COMObject Reply>", line 2, in Save

pywintypes.com_error: (-2147467260, 'Operação anulada', None, None)


The above exception was the direct cause of the following exception:


Traceback (most recent call last):

  File "C:\RPA\Dtraf\MVP2\MVP2\DETRAF-UNIFICADO\unificado\rpa1_captura\main.py", line 118, in <module>
    raise SystemExit(main())
                     └ <function main at 0x000001FE9ED014E0>

  File "C:\RPA\Dtraf\MVP2\MVP2\DETRAF-UNIFICADO\unificado\rpa1_captura\main.py", line 94, in main
    run(pasta_entrada=recorte.pasta_entrada, etapa=recorte.etapa, diagnostico=diagnostico)
    │                 │       │                    │       │                  └ <comum.config.diagnostico_execucao.DiagnosticoDeExecucao object at 0x000001FEA1555D30>
    │                 │       │                    │       └ None
    │                 │       │                    └ Argumentos(referencia=None, operadoras=[], etapa=None, pasta_entrada=None, de_pasta=None, dry_run=False, pausar=False)
    │                 │       └ None
    │                 └ Argumentos(referencia=None, operadoras=[], etapa=None, pasta_entrada=None, de_pasta=None, dry_run=False, pausar=False)
    └ <function run at 0x000001FEA15AAAC0>

  File "C:\RPA\Dtraf\MVP2\MVP2\DETRAF-UNIFICADO\unificado\rpa1_captura\src\main\process_handle.py", line 34, in run
    controller.processar(
    │          └ <function ProcessamentoController.processar at 0x000001FEBB0BFD80>
    └ <src.controllers.processamento_controller.ProcessamentoController object at 0x000001FEBB084C20>

  File "C:\RPA\Dtraf\MVP2\MVP2\DETRAF-UNIFICADO\unificado\rpa1_captura\src\controllers\processamento_controller.py", line 155, in processar
    self._servico.executar(arquivos)
    │    │        │        └ [ArquivoParaProcessar(caminho=WindowsPath('C:/RPA/Dtraf/MVP2/MVP2/DETRAF-UNIFICADO/unificado/arquivos/Entrada/9D024E55DD250D4...
    │    │        └ <function ProcessamentoService.executar at 0x000001FEBB0BF600>
    │    └ <src.services.processamento_service.ProcessamentoService object at 0x000001FEBB085160>
    └ <src.controllers.processamento_controller.ProcessamentoController object at 0x000001FEBB084C20>

  File "C:\RPA\Dtraf\MVP2\MVP2\DETRAF-UNIFICADO\unificado\rpa1_captura\src\services\processamento_service.py", line 151, in executar
    self._notificar_reprovados()
    │    └ <function ProcessamentoService._notificar_reprovados at 0x000001FEBB0BFA60>
    └ <src.services.processamento_service.ProcessamentoService object at 0x000001FEBB085160>

  File "C:\RPA\Dtraf\MVP2\MVP2\DETRAF-UNIFICADO\unificado\rpa1_captura\src\services\processamento_service.py", line 588, in _notificar_reprovados
    sucesso = bool(self._notificar_externo(pacote, recusas))
                   │    │                  │       └ [ArquivoRecusado(nome='ROCKETNET - 07.2026 - VIVO.xlsx', motivos=['posição 0 (Credora): esperado EOT numérica, encontrado "A4...
                   │    │                  └ ArquivoParaProcessar(caminho=WindowsPath('C:/RPA/Dtraf/MVP2/MVP2/DETRAF-UNIFICADO/unificado/arquivos/Entrada/9D024E55DD250D4D...
                   │    └ <bound method ProcessamentoController._notificar_operadora of <src.controllers.processamento_controller.ProcessamentoControll...
                   └ <src.services.processamento_service.ProcessamentoService object at 0x000001FEBB085160>

  File "C:\RPA\Dtraf\MVP2\MVP2\DETRAF-UNIFICADO\unificado\rpa1_captura\src\controllers\processamento_controller.py", line 31, in _notificar_operadora
    return notificar_arquivos_recusados(self._outlook.responder, pacote, recusas)
           │                            │    │                   │       └ [ArquivoRecusado(nome='ROCKETNET - 07.2026 - VIVO.xlsx', motivos=['posição 0 (Credora): esperado EOT numérica, encontrado "A4...
           │                            │    │                   └ ArquivoParaProcessar(caminho=WindowsPath('C:/RPA/Dtraf/MVP2/MVP2/DETRAF-UNIFICADO/unificado/arquivos/Entrada/9D024E55DD250D4D...
           │                            │    └ <property object at 0x000001FEA15B03B0>
           │                            └ <src.controllers.processamento_controller.ProcessamentoController object at 0x000001FEBB084C20>
           └ <function notificar_arquivos_recusados at 0x000001FEA17479C0>

  File "C:\RPA\Dtraf\MVP2\MVP2\DETRAF-UNIFICADO\unificado\rpa1_captura\src\services\notificacao_operadora.py", line 74, in notificar_arquivos_recusados
    return bool(responder(pacote, corpo, configuration.NOTIFICAR_OPERADORA_ENVIAR))
                │         │       │      │             └ False
                │         │       │      └ <module 'comum.config.configuration' from 'C:\\RPA\\Dtraf\\MVP2\\MVP2\\DETRAF-UNIFICADO\\unificado\\comum\\config\\configurat...
                │         │       └ 'Prezados,\n\nOs arquivos de Detraf abaixo, enviados por sua empresa nesta mensagem, não\npuderam ser processados e estão sen...
                │         └ ArquivoParaProcessar(caminho=WindowsPath('C:/RPA/Dtraf/MVP2/MVP2/DETRAF-UNIFICADO/unificado/arquivos/Entrada/9D024E55DD250D4D...
                └ <bound method OutlookController.responder of <src.controllers.outlook_controller.OutlookController object at 0x000001FEBB0855...

> File "C:\RPA\Dtraf\MVP2\MVP2\DETRAF-UNIFICADO\unificado\rpa1_captura\src\controllers\outlook_controller.py", line 234, in responder
    OutlookService(self._config.account).responder_email(
    │              │    │       └ 'detrafTBRA'
    │              │    └ OutlookConfig(account='detrafTBRA', detraf_despesas_folder='Detraf Despesas', processados_folder='PROCESSADOS', dest_root=Win...
    │              └ <src.controllers.outlook_controller.OutlookController object at 0x000001FEBB085550>
    └ <class 'comum.integracoes.outlook.OutlookService'>

  File "C:\RPA\Dtraf\MVP2\MVP2\DETRAF-UNIFICADO\unificado\comum\integracoes\outlook.py", line 303, in responder_email
    raise OutlookError(f"Falha ao responder o e-mail '{entry_id}': {exc}") from exc
          │                                            └ '00000000A949F53E017BB44C86E46D56D2D6BB100700F25FC41A3584FC499D024E55DD250D4D00005211FBDF0000137D0D4C70E1CF4091747B97613AB5A6...
          └ <class 'comum.integracoes.outlook.OutlookError'>

comum.integracoes.outlook.OutlookError: Falha ao responder o e-mail '00000000A949F53E017BB44C86E46D56D2D6BB100700F25FC41A3584FC499D024E55DD250D4D00005211FBDF0000137D0D4C70E1CF4091747B97613AB5A60000A35B1B5F0000': (-2147467260, 'Operação anulada', None, None)
2026-08-13 11:54:41.654 | INFO    |src.services.processamento_service:executar:151 - [RPA 1] E-mail de origem de 'ROCKETNET - 07.2026 - VIVO.xlsx': 1 arquivo(s) recusado(s), operadora NÃO notificada.
2026-08-13 11:54:41.655 | INFO    |src.controllers.outlook_controller:responder:234 - Conectando ao Outlook (conta configurada: 'detrafTBRA')...
2026-08-13 11:54:41.663 | INFO    |src.controllers.outlook_controller:responder:234 - Conectado ao Outlook com sucesso.
2026-08-13 11:54:41.766 | ERROR   |src.services.notificacao_operadora:notificar_arquivos_recusados:74 - [RPA 1] Falha ao criar rascunho de resposta para '202607 Detraf RS-SC C LD STFC Unifique X STFC Telefonica Brasil.xlsx': Falha ao responder o e-mail '00000000A949F53E017BB44C86E46D56D2D6BB100700F25FC41A3584FC499D024E55DD250D4D00005211FBDF0000137D0D4C70E1CF4091747B97613AB5A60000A35B1B610000': (-2147467260, 'Operação anulada', None, None)
Traceback (most recent call last):

  File "C:\RPA\Dtraf\MVP2\MVP2\DETRAF-UNIFICADO\unificado\comum\integracoes\outlook.py", line 301, in responder_email
    reply.Save()
    └ <COMObject Reply>

  File "<COMObject Reply>", line 2, in Save

pywintypes.com_error: (-2147467260, 'Operação anulada', None, None)


The above exception was the direct cause of the following exception:


Traceback (most recent call last):

  File "C:\RPA\Dtraf\MVP2\MVP2\DETRAF-UNIFICADO\unificado\rpa1_captura\main.py", line 118, in <module>
    raise SystemExit(main())
                     └ <function main at 0x000001FE9ED014E0>

  File "C:\RPA\Dtraf\MVP2\MVP2\DETRAF-UNIFICADO\unificado\rpa1_captura\main.py", line 94, in main
    run(pasta_entrada=recorte.pasta_entrada, etapa=recorte.etapa, diagnostico=diagnostico)
    │                 │       │                    │       │                  └ <comum.config.diagnostico_execucao.DiagnosticoDeExecucao object at 0x000001FEA1555D30>
    │                 │       │                    │       └ None
    │                 │       │                    └ Argumentos(referencia=None, operadoras=[], etapa=None, pasta_entrada=None, de_pasta=None, dry_run=False, pausar=False)
    │                 │       └ None
    │                 └ Argumentos(referencia=None, operadoras=[], etapa=None, pasta_entrada=None, de_pasta=None, dry_run=False, pausar=False)
    └ <function run at 0x000001FEA15AAAC0>

  File "C:\RPA\Dtraf\MVP2\MVP2\DETRAF-UNIFICADO\unificado\rpa1_captura\src\main\process_handle.py", line 34, in run
    controller.processar(
    │          └ <function ProcessamentoController.processar at 0x000001FEBB0BFD80>
    └ <src.controllers.processamento_controller.ProcessamentoController object at 0x000001FEBB084C20>

  File "C:\RPA\Dtraf\MVP2\MVP2\DETRAF-UNIFICADO\unificado\rpa1_captura\src\controllers\processamento_controller.py", line 155, in processar
    self._servico.executar(arquivos)
    │    │        │        └ [ArquivoParaProcessar(caminho=WindowsPath('C:/RPA/Dtraf/MVP2/MVP2/DETRAF-UNIFICADO/unificado/arquivos/Entrada/9D024E55DD250D4...
    │    │        └ <function ProcessamentoService.executar at 0x000001FEBB0BF600>
    │    └ <src.services.processamento_service.ProcessamentoService object at 0x000001FEBB085160>
    └ <src.controllers.processamento_controller.ProcessamentoController object at 0x000001FEBB084C20>

  File "C:\RPA\Dtraf\MVP2\MVP2\DETRAF-UNIFICADO\unificado\rpa1_captura\src\services\processamento_service.py", line 151, in executar
    self._notificar_reprovados()
    │    └ <function ProcessamentoService._notificar_reprovados at 0x000001FEBB0BFA60>
    └ <src.services.processamento_service.ProcessamentoService object at 0x000001FEBB085160>

  File "C:\RPA\Dtraf\MVP2\MVP2\DETRAF-UNIFICADO\unificado\rpa1_captura\src\services\processamento_service.py", line 588, in _notificar_reprovados
    sucesso = bool(self._notificar_externo(pacote, recusas))
                   │    │                  │       └ [ArquivoRecusado(nome='202607 Detraf RS-SC C LD STFC Unifique X STFC Telefonica Brasil.xlsx', motivos=['Coluna 10 (Minutos): ...
                   │    │                  └ ArquivoParaProcessar(caminho=WindowsPath('C:/RPA/Dtraf/MVP2/MVP2/DETRAF-UNIFICADO/unificado/arquivos/Entrada/9D024E55DD250D4D...
                   │    └ <bound method ProcessamentoController._notificar_operadora of <src.controllers.processamento_controller.ProcessamentoControll...
                   └ <src.services.processamento_service.ProcessamentoService object at 0x000001FEBB085160>

  File "C:\RPA\Dtraf\MVP2\MVP2\DETRAF-UNIFICADO\unificado\rpa1_captura\src\controllers\processamento_controller.py", line 31, in _notificar_operadora
    return notificar_arquivos_recusados(self._outlook.responder, pacote, recusas)
           │                            │    │                   │       └ [ArquivoRecusado(nome='202607 Detraf RS-SC C LD STFC Unifique X STFC Telefonica Brasil.xlsx', motivos=['Coluna 10 (Minutos): ...
           │                            │    │                   └ ArquivoParaProcessar(caminho=WindowsPath('C:/RPA/Dtraf/MVP2/MVP2/DETRAF-UNIFICADO/unificado/arquivos/Entrada/9D024E55DD250D4D...
           │                            │    └ <property object at 0x000001FEA15B03B0>
           │                            └ <src.controllers.processamento_controller.ProcessamentoController object at 0x000001FEBB084C20>
           └ <function notificar_arquivos_recusados at 0x000001FEA17479C0>

  File "C:\RPA\Dtraf\MVP2\MVP2\DETRAF-UNIFICADO\unificado\rpa1_captura\src\services\notificacao_operadora.py", line 74, in notificar_arquivos_recusados
    return bool(responder(pacote, corpo, configuration.NOTIFICAR_OPERADORA_ENVIAR))
                │         │       │      │             └ False
                │         │       │      └ <module 'comum.config.configuration' from 'C:\\RPA\\Dtraf\\MVP2\\MVP2\\DETRAF-UNIFICADO\\unificado\\comum\\config\\configurat...
                │         │       └ 'Prezados,\n\nOs arquivos de Detraf abaixo, enviados por sua empresa nesta mensagem, não\npuderam ser processados e estão sen...
                │         └ ArquivoParaProcessar(caminho=WindowsPath('C:/RPA/Dtraf/MVP2/MVP2/DETRAF-UNIFICADO/unificado/arquivos/Entrada/9D024E55DD250D4D...
                └ <bound method OutlookController.responder of <src.controllers.outlook_controller.OutlookController object at 0x000001FEBB0855...

> File "C:\RPA\Dtraf\MVP2\MVP2\DETRAF-UNIFICADO\unificado\rpa1_captura\src\controllers\outlook_controller.py", line 234, in responder
    OutlookService(self._config.account).responder_email(
    │              │    │       └ 'detrafTBRA'
    │              │    └ OutlookConfig(account='detrafTBRA', detraf_despesas_folder='Detraf Despesas', processados_folder='PROCESSADOS', dest_root=Win...
    │              └ <src.controllers.outlook_controller.OutlookController object at 0x000001FEBB085550>
    └ <class 'comum.integracoes.outlook.OutlookService'>

  File "C:\RPA\Dtraf\MVP2\MVP2\DETRAF-UNIFICADO\unificado\comum\integracoes\outlook.py", line 303, in responder_email
    raise OutlookError(f"Falha ao responder o e-mail '{entry_id}': {exc}") from exc
          │                                            └ '00000000A949F53E017BB44C86E46D56D2D6BB100700F25FC41A3584FC499D024E55DD250D4D00005211FBDF0000137D0D4C70E1CF4091747B97613AB5A6...
          └ <class 'comum.integracoes.outlook.OutlookError'>

comum.integracoes.outlook.OutlookError: Falha ao responder o e-mail '00000000A949F53E017BB44C86E46D56D2D6BB100700F25FC41A3584FC499D024E55DD250D4D00005211FBDF0000137D0D4C70E1CF4091747B97613AB5A60000A35B1B610000': (-2147467260, 'Operação anulada', None, None)
2026-08-13 11:54:41.775 | INFO    |src.services.processamento_service:executar:151 - [RPA 1] E-mail de origem de '202607 Detraf RS-SC C LD STFC Unifique X STFC Telefonica Brasil.xlsx': 1 arquivo(s) recusado(s), operadora NÃO notificada.
2026-08-13 11:54:41.776 | INFO    |src.controllers.outlook_controller:responder:234 - Conectando ao Outlook (conta configurada: 'detrafTBRA')...
2026-08-13 11:54:41.783 | INFO    |src.controllers.outlook_controller:responder:234 - Conectado ao Outlook com sucesso.
2026-08-13 11:54:42.028 | ERROR   |src.services.notificacao_operadora:notificar_arquivos_recusados:74 - [RPA 1] Falha ao criar rascunho de resposta para 'MEGALINK - 07.2026  -  VIVO.xlsx': Falha ao responder o e-mail '00000000A949F53E017BB44C86E46D56D2D6BB100700F25FC41A3584FC499D024E55DD250D4D00005211FBDF0000137D0D4C70E1CF4091747B97613AB5A60000A35B1B620000': (-2147467260, 'Operação anulada', None, None)
Traceback (most recent call last):

  File "C:\RPA\Dtraf\MVP2\MVP2\DETRAF-UNIFICADO\unificado\comum\integracoes\outlook.py", line 301, in responder_email
    reply.Save()
    └ <COMObject Reply>

  File "<COMObject Reply>", line 2, in Save

pywintypes.com_error: (-2147467260, 'Operação anulada', None, None)


The above exception was the direct cause of the following exception:


Traceback (most recent call last):

  File "C:\RPA\Dtraf\MVP2\MVP2\DETRAF-UNIFICADO\unificado\rpa1_captura\main.py", line 118, in <module>
    raise SystemExit(main())
                     └ <function main at 0x000001FE9ED014E0>

  File "C:\RPA\Dtraf\MVP2\MVP2\DETRAF-UNIFICADO\unificado\rpa1_captura\main.py", line 94, in main
    run(pasta_entrada=recorte.pasta_entrada, etapa=recorte.etapa, diagnostico=diagnostico)
    │                 │       │                    │       │                  └ <comum.config.diagnostico_execucao.DiagnosticoDeExecucao object at 0x000001FEA1555D30>
    │                 │       │                    │       └ None
    │                 │       │                    └ Argumentos(referencia=None, operadoras=[], etapa=None, pasta_entrada=None, de_pasta=None, dry_run=False, pausar=False)
    │                 │       └ None
    │                 └ Argumentos(referencia=None, operadoras=[], etapa=None, pasta_entrada=None, de_pasta=None, dry_run=False, pausar=False)
    └ <function run at 0x000001FEA15AAAC0>

  File "C:\RPA\Dtraf\MVP2\MVP2\DETRAF-UNIFICADO\unificado\rpa1_captura\src\main\process_handle.py", line 34, in run
    controller.processar(
    │          └ <function ProcessamentoController.processar at 0x000001FEBB0BFD80>
    └ <src.controllers.processamento_controller.ProcessamentoController object at 0x000001FEBB084C20>

  File "C:\RPA\Dtraf\MVP2\MVP2\DETRAF-UNIFICADO\unificado\rpa1_captura\src\controllers\processamento_controller.py", line 155, in processar
    self._servico.executar(arquivos)
    │    │        │        └ [ArquivoParaProcessar(caminho=WindowsPath('C:/RPA/Dtraf/MVP2/MVP2/DETRAF-UNIFICADO/unificado/arquivos/Entrada/9D024E55DD250D4...
    │    │        └ <function ProcessamentoService.executar at 0x000001FEBB0BF600>
    │    └ <src.services.processamento_service.ProcessamentoService object at 0x000001FEBB085160>
    └ <src.controllers.processamento_controller.ProcessamentoController object at 0x000001FEBB084C20>

  File "C:\RPA\Dtraf\MVP2\MVP2\DETRAF-UNIFICADO\unificado\rpa1_captura\src\services\processamento_service.py", line 151, in executar
    self._notificar_reprovados()
    │    └ <function ProcessamentoService._notificar_reprovados at 0x000001FEBB0BFA60>
    └ <src.services.processamento_service.ProcessamentoService object at 0x000001FEBB085160>

  File "C:\RPA\Dtraf\MVP2\MVP2\DETRAF-UNIFICADO\unificado\rpa1_captura\src\services\processamento_service.py", line 588, in _notificar_reprovados
    sucesso = bool(self._notificar_externo(pacote, recusas))
                   │    │                  │       └ [ArquivoRecusado(nome='MEGALINK - 07.2026  -  VIVO.xlsx', motivos=['posição 0 (Credora): esperado EOT numérica, encontrado "M...
                   │    │                  └ ArquivoParaProcessar(caminho=WindowsPath('C:/RPA/Dtraf/MVP2/MVP2/DETRAF-UNIFICADO/unificado/arquivos/Entrada/9D024E55DD250D4D...
                   │    └ <bound method ProcessamentoController._notificar_operadora of <src.controllers.processamento_controller.ProcessamentoControll...
                   └ <src.services.processamento_service.ProcessamentoService object at 0x000001FEBB085160>

  File "C:\RPA\Dtraf\MVP2\MVP2\DETRAF-UNIFICADO\unificado\rpa1_captura\src\controllers\processamento_controller.py", line 31, in _notificar_operadora
    return notificar_arquivos_recusados(self._outlook.responder, pacote, recusas)
           │                            │    │                   │       └ [ArquivoRecusado(nome='MEGALINK - 07.2026  -  VIVO.xlsx', motivos=['posição 0 (Credora): esperado EOT numérica, encontrado "M...
           │                            │    │                   └ ArquivoParaProcessar(caminho=WindowsPath('C:/RPA/Dtraf/MVP2/MVP2/DETRAF-UNIFICADO/unificado/arquivos/Entrada/9D024E55DD250D4D...
           │                            │    └ <property object at 0x000001FEA15B03B0>
           │                            └ <src.controllers.processamento_controller.ProcessamentoController object at 0x000001FEBB084C20>
           └ <function notificar_arquivos_recusados at 0x000001FEA17479C0>

  File "C:\RPA\Dtraf\MVP2\MVP2\DETRAF-UNIFICADO\unificado\rpa1_captura\src\services\notificacao_operadora.py", line 74, in notificar_arquivos_recusados
    return bool(responder(pacote, corpo, configuration.NOTIFICAR_OPERADORA_ENVIAR))
                │         │       │      │             └ False
                │         │       │      └ <module 'comum.config.configuration' from 'C:\\RPA\\Dtraf\\MVP2\\MVP2\\DETRAF-UNIFICADO\\unificado\\comum\\config\\configurat...
                │         │       └ 'Prezados,\n\nOs arquivos de Detraf abaixo, enviados por sua empresa nesta mensagem, não\npuderam ser processados e estão sen...
                │         └ ArquivoParaProcessar(caminho=WindowsPath('C:/RPA/Dtraf/MVP2/MVP2/DETRAF-UNIFICADO/unificado/arquivos/Entrada/9D024E55DD250D4D...
                └ <bound method OutlookController.responder of <src.controllers.outlook_controller.OutlookController object at 0x000001FEBB0855...

> File "C:\RPA\Dtraf\MVP2\MVP2\DETRAF-UNIFICADO\unificado\rpa1_captura\src\controllers\outlook_controller.py", line 234, in responder
    OutlookService(self._config.account).responder_email(
    │              │    │       └ 'detrafTBRA'
    │              │    └ OutlookConfig(account='detrafTBRA', detraf_despesas_folder='Detraf Despesas', processados_folder='PROCESSADOS', dest_root=Win...
    │              └ <src.controllers.outlook_controller.OutlookController object at 0x000001FEBB085550>
    └ <class 'comum.integracoes.outlook.OutlookService'>

  File "C:\RPA\Dtraf\MVP2\MVP2\DETRAF-UNIFICADO\unificado\comum\integracoes\outlook.py", line 303, in responder_email
    raise OutlookError(f"Falha ao responder o e-mail '{entry_id}': {exc}") from exc
          │                                            └ '00000000A949F53E017BB44C86E46D56D2D6BB100700F25FC41A3584FC499D024E55DD250D4D00005211FBDF0000137D0D4C70E1CF4091747B97613AB5A6...
          └ <class 'comum.integracoes.outlook.OutlookError'>

comum.integracoes.outlook.OutlookError: Falha ao responder o e-mail '00000000A949F53E017BB44C86E46D56D2D6BB100700F25FC41A3584FC499D024E55DD250D4D00005211FBDF0000137D0D4C70E1CF4091747B97613AB5A60000A35B1B620000': (-2147467260, 'Operação anulada', None, None)
2026-08-13 11:54:42.037 | INFO    |src.services.processamento_service:executar:151 - [RPA 1] E-mail de origem de 'MEGALINK - 07.2026  -  VIVO.xlsx': 1 arquivo(s) recusado(s), operadora NÃO notificada.
2026-08-13 11:54:42.039 | INFO    |src.controllers.outlook_controller:responder:234 - Conectando ao Outlook (conta configurada: 'detrafTBRA')...
2026-08-13 11:54:42.046 | INFO    |src.controllers.outlook_controller:responder:234 - Conectado ao Outlook com sucesso.
2026-08-13 11:54:42.375 | ERROR   |src.services.notificacao_operadora:notificar_arquivos_recusados:74 - [RPA 1] Falha ao criar rascunho de resposta para 'ITANET -  07.2026 - VIVO.xlsx': Falha ao responder o e-mail '00000000A949F53E017BB44C86E46D56D2D6BB100700F25FC41A3584FC499D024E55DD250D4D00005211FBDF0000137D0D4C70E1CF4091747B97613AB5A60000A35B1B630000': (-2147467260, 'Operação anulada', None, None)
Traceback (most recent call last):

  File "C:\RPA\Dtraf\MVP2\MVP2\DETRAF-UNIFICADO\unificado\comum\integracoes\outlook.py", line 301, in responder_email
    reply.Save()
    └ <COMObject Reply>

  File "<COMObject Reply>", line 2, in Save

pywintypes.com_error: (-2147467260, 'Operação anulada', None, None)


The above exception was the direct cause of the following exception:


Traceback (most recent call last):

  File "C:\RPA\Dtraf\MVP2\MVP2\DETRAF-UNIFICADO\unificado\rpa1_captura\main.py", line 118, in <module>
    raise SystemExit(main())
                     └ <function main at 0x000001FE9ED014E0>

  File "C:\RPA\Dtraf\MVP2\MVP2\DETRAF-UNIFICADO\unificado\rpa1_captura\main.py", line 94, in main
    run(pasta_entrada=recorte.pasta_entrada, etapa=recorte.etapa, diagnostico=diagnostico)
    │                 │       │                    │       │                  └ <comum.config.diagnostico_execucao.DiagnosticoDeExecucao object at 0x000001FEA1555D30>
    │                 │       │                    │       └ None
    │                 │       │                    └ Argumentos(referencia=None, operadoras=[], etapa=None, pasta_entrada=None, de_pasta=None, dry_run=False, pausar=False)
    │                 │       └ None
    │                 └ Argumentos(referencia=None, operadoras=[], etapa=None, pasta_entrada=None, de_pasta=None, dry_run=False, pausar=False)
    └ <function run at 0x000001FEA15AAAC0>

  File "C:\RPA\Dtraf\MVP2\MVP2\DETRAF-UNIFICADO\unificado\rpa1_captura\src\main\process_handle.py", line 34, in run
    controller.processar(
    │          └ <function ProcessamentoController.processar at 0x000001FEBB0BFD80>
    └ <src.controllers.processamento_controller.ProcessamentoController object at 0x000001FEBB084C20>

  File "C:\RPA\Dtraf\MVP2\MVP2\DETRAF-UNIFICADO\unificado\rpa1_captura\src\controllers\processamento_controller.py", line 155, in processar
    self._servico.executar(arquivos)
    │    │        │        └ [ArquivoParaProcessar(caminho=WindowsPath('C:/RPA/Dtraf/MVP2/MVP2/DETRAF-UNIFICADO/unificado/arquivos/Entrada/9D024E55DD250D4...
    │    │        └ <function ProcessamentoService.executar at 0x000001FEBB0BF600>
    │    └ <src.services.processamento_service.ProcessamentoService object at 0x000001FEBB085160>
    └ <src.controllers.processamento_controller.ProcessamentoController object at 0x000001FEBB084C20>

  File "C:\RPA\Dtraf\MVP2\MVP2\DETRAF-UNIFICADO\unificado\rpa1_captura\src\services\processamento_service.py", line 151, in executar
    self._notificar_reprovados()
    │    └ <function ProcessamentoService._notificar_reprovados at 0x000001FEBB0BFA60>
    └ <src.services.processamento_service.ProcessamentoService object at 0x000001FEBB085160>

  File "C:\RPA\Dtraf\MVP2\MVP2\DETRAF-UNIFICADO\unificado\rpa1_captura\src\services\processamento_service.py", line 588, in _notificar_reprovados
    sucesso = bool(self._notificar_externo(pacote, recusas))
                   │    │                  │       └ [ArquivoRecusado(nome='ITANET -  07.2026 - VIVO.xlsx', motivos=['posição 0 (Credora): esperado EOT numérica, encontrado "A82"...
                   │    │                  └ ArquivoParaProcessar(caminho=WindowsPath('C:/RPA/Dtraf/MVP2/MVP2/DETRAF-UNIFICADO/unificado/arquivos/Entrada/9D024E55DD250D4D...
                   │    └ <bound method ProcessamentoController._notificar_operadora of <src.controllers.processamento_controller.ProcessamentoControll...
                   └ <src.services.processamento_service.ProcessamentoService object at 0x000001FEBB085160>

  File "C:\RPA\Dtraf\MVP2\MVP2\DETRAF-UNIFICADO\unificado\rpa1_captura\src\controllers\processamento_controller.py", line 31, in _notificar_operadora
    return notificar_arquivos_recusados(self._outlook.responder, pacote, recusas)
           │                            │    │                   │       └ [ArquivoRecusado(nome='ITANET -  07.2026 - VIVO.xlsx', motivos=['posição 0 (Credora): esperado EOT numérica, encontrado "A82"...
           │                            │    │                   └ ArquivoParaProcessar(caminho=WindowsPath('C:/RPA/Dtraf/MVP2/MVP2/DETRAF-UNIFICADO/unificado/arquivos/Entrada/9D024E55DD250D4D...
           │                            │    └ <property object at 0x000001FEA15B03B0>
           │                            └ <src.controllers.processamento_controller.ProcessamentoController object at 0x000001FEBB084C20>
           └ <function notificar_arquivos_recusados at 0x000001FEA17479C0>

  File "C:\RPA\Dtraf\MVP2\MVP2\DETRAF-UNIFICADO\unificado\rpa1_captura\src\services\notificacao_operadora.py", line 74, in notificar_arquivos_recusados
    return bool(responder(pacote, corpo, configuration.NOTIFICAR_OPERADORA_ENVIAR))
                │         │       │      │             └ False
                │         │       │      └ <module 'comum.config.configuration' from 'C:\\RPA\\Dtraf\\MVP2\\MVP2\\DETRAF-UNIFICADO\\unificado\\comum\\config\\configurat...
                │         │       └ 'Prezados,\n\nOs arquivos de Detraf abaixo, enviados por sua empresa nesta mensagem, não\npuderam ser processados e estão sen...
                │         └ ArquivoParaProcessar(caminho=WindowsPath('C:/RPA/Dtraf/MVP2/MVP2/DETRAF-UNIFICADO/unificado/arquivos/Entrada/9D024E55DD250D4D...
                └ <bound method OutlookController.responder of <src.controllers.outlook_controller.OutlookController object at 0x000001FEBB0855...

> File "C:\RPA\Dtraf\MVP2\MVP2\DETRAF-UNIFICADO\unificado\rpa1_captura\src\controllers\outlook_controller.py", line 234, in responder
    OutlookService(self._config.account).responder_email(
    │              │    │       └ 'detrafTBRA'
    │              │    └ OutlookConfig(account='detrafTBRA', detraf_despesas_folder='Detraf Despesas', processados_folder='PROCESSADOS', dest_root=Win...
    │              └ <src.controllers.outlook_controller.OutlookController object at 0x000001FEBB085550>
    └ <class 'comum.integracoes.outlook.OutlookService'>

  File "C:\RPA\Dtraf\MVP2\MVP2\DETRAF-UNIFICADO\unificado\comum\integracoes\outlook.py", line 303, in responder_email
    raise OutlookError(f"Falha ao responder o e-mail '{entry_id}': {exc}") from exc
          │                                            └ '00000000A949F53E017BB44C86E46D56D2D6BB100700F25FC41A3584FC499D024E55DD250D4D00005211FBDF0000137D0D4C70E1CF4091747B97613AB5A6...
          └ <class 'comum.integracoes.outlook.OutlookError'>

comum.integracoes.outlook.OutlookError: Falha ao responder o e-mail '00000000A949F53E017BB44C86E46D56D2D6BB100700F25FC41A3584FC499D024E55DD250D4D00005211FBDF0000137D0D4C70E1CF4091747B97613AB5A60000A35B1B630000': (-2147467260, 'Operação anulada', None, None)
2026-08-13 11:54:42.385 | INFO    |src.services.processamento_service:executar:151 - [RPA 1] E-mail de origem de 'ITANET -  07.2026 - VIVO.xlsx': 1 arquivo(s) recusado(s), operadora NÃO notificada.
2026-08-13 11:54:42.387 | INFO    |src.controllers.outlook_controller:responder:234 - Conectando ao Outlook (conta configurada: 'detrafTBRA')...
2026-08-13 11:54:42.394 | INFO    |src.controllers.outlook_controller:responder:234 - Conectado ao Outlook com sucesso.
2026-08-13 11:54:42.582 | ERROR   |src.services.notificacao_operadora:notificar_arquivos_recusados:74 - [RPA 1] Falha ao criar rascunho de resposta para 'FORZA -  07.2026 - VIVO.xlsx': Falha ao responder o e-mail '00000000A949F53E017BB44C86E46D56D2D6BB100700F25FC41A3584FC499D024E55DD250D4D00005211FBDF0000137D0D4C70E1CF4091747B97613AB5A60000A35B1B640000': (-2147467260, 'Operação anulada', None, None)
Traceback (most recent call last):

  File "C:\RPA\Dtraf\MVP2\MVP2\DETRAF-UNIFICADO\unificado\comum\integracoes\outlook.py", line 301, in responder_email
    reply.Save()
    └ <COMObject Reply>

  File "<COMObject Reply>", line 2, in Save

pywintypes.com_error: (-2147467260, 'Operação anulada', None, None)


The above exception was the direct cause of the following exception:


Traceback (most recent call last):

  File "C:\RPA\Dtraf\MVP2\MVP2\DETRAF-UNIFICADO\unificado\rpa1_captura\main.py", line 118, in <module>
    raise SystemExit(main())
                     └ <function main at 0x000001FE9ED014E0>

  File "C:\RPA\Dtraf\MVP2\MVP2\DETRAF-UNIFICADO\unificado\rpa1_captura\main.py", line 94, in main
    run(pasta_entrada=recorte.pasta_entrada, etapa=recorte.etapa, diagnostico=diagnostico)
    │                 │       │                    │       │                  └ <comum.config.diagnostico_execucao.DiagnosticoDeExecucao object at 0x000001FEA1555D30>
    │                 │       │                    │       └ None
    │                 │       │                    └ Argumentos(referencia=None, operadoras=[], etapa=None, pasta_entrada=None, de_pasta=None, dry_run=False, pausar=False)
    │                 │       └ None
    │                 └ Argumentos(referencia=None, operadoras=[], etapa=None, pasta_entrada=None, de_pasta=None, dry_run=False, pausar=False)
    └ <function run at 0x000001FEA15AAAC0>

  File "C:\RPA\Dtraf\MVP2\MVP2\DETRAF-UNIFICADO\unificado\rpa1_captura\src\main\process_handle.py", line 34, in run
    controller.processar(
    │          └ <function ProcessamentoController.processar at 0x000001FEBB0BFD80>
    └ <src.controllers.processamento_controller.ProcessamentoController object at 0x000001FEBB084C20>

  File "C:\RPA\Dtraf\MVP2\MVP2\DETRAF-UNIFICADO\unificado\rpa1_captura\src\controllers\processamento_controller.py", line 155, in processar
    self._servico.executar(arquivos)
    │    │        │        └ [ArquivoParaProcessar(caminho=WindowsPath('C:/RPA/Dtraf/MVP2/MVP2/DETRAF-UNIFICADO/unificado/arquivos/Entrada/9D024E55DD250D4...
    │    │        └ <function ProcessamentoService.executar at 0x000001FEBB0BF600>
    │    └ <src.services.processamento_service.ProcessamentoService object at 0x000001FEBB085160>
    └ <src.controllers.processamento_controller.ProcessamentoController object at 0x000001FEBB084C20>

  File "C:\RPA\Dtraf\MVP2\MVP2\DETRAF-UNIFICADO\unificado\rpa1_captura\src\services\processamento_service.py", line 151, in executar
    self._notificar_reprovados()
    │    └ <function ProcessamentoService._notificar_reprovados at 0x000001FEBB0BFA60>
    └ <src.services.processamento_service.ProcessamentoService object at 0x000001FEBB085160>

  File "C:\RPA\Dtraf\MVP2\MVP2\DETRAF-UNIFICADO\unificado\rpa1_captura\src\services\processamento_service.py", line 588, in _notificar_reprovados
    sucesso = bool(self._notificar_externo(pacote, recusas))
                   │    │                  │       └ [ArquivoRecusado(nome='FORZA -  07.2026 - VIVO.xlsx', motivos=['posição 0 (Credora): esperado EOT numérica, encontrado "B47",...
                   │    │                  └ ArquivoParaProcessar(caminho=WindowsPath('C:/RPA/Dtraf/MVP2/MVP2/DETRAF-UNIFICADO/unificado/arquivos/Entrada/9D024E55DD250D4D...
                   │    └ <bound method ProcessamentoController._notificar_operadora of <src.controllers.processamento_controller.ProcessamentoControll...
                   └ <src.services.processamento_service.ProcessamentoService object at 0x000001FEBB085160>

  File "C:\RPA\Dtraf\MVP2\MVP2\DETRAF-UNIFICADO\unificado\rpa1_captura\src\controllers\processamento_controller.py", line 31, in _notificar_operadora
    return notificar_arquivos_recusados(self._outlook.responder, pacote, recusas)
           │                            │    │                   │       └ [ArquivoRecusado(nome='FORZA -  07.2026 - VIVO.xlsx', motivos=['posição 0 (Credora): esperado EOT numérica, encontrado "B47",...
           │                            │    │                   └ ArquivoParaProcessar(caminho=WindowsPath('C:/RPA/Dtraf/MVP2/MVP2/DETRAF-UNIFICADO/unificado/arquivos/Entrada/9D024E55DD250D4D...
           │                            │    └ <property object at 0x000001FEA15B03B0>
           │                            └ <src.controllers.processamento_controller.ProcessamentoController object at 0x000001FEBB084C20>
           └ <function notificar_arquivos_recusados at 0x000001FEA17479C0>

  File "C:\RPA\Dtraf\MVP2\MVP2\DETRAF-UNIFICADO\unificado\rpa1_captura\src\services\notificacao_operadora.py", line 74, in notificar_arquivos_recusados
    return bool(responder(pacote, corpo, configuration.NOTIFICAR_OPERADORA_ENVIAR))
                │         │       │      │             └ False
                │         │       │      └ <module 'comum.config.configuration' from 'C:\\RPA\\Dtraf\\MVP2\\MVP2\\DETRAF-UNIFICADO\\unificado\\comum\\config\\configurat...
                │         │       └ 'Prezados,\n\nOs arquivos de Detraf abaixo, enviados por sua empresa nesta mensagem, não\npuderam ser processados e estão sen...
                │         └ ArquivoParaProcessar(caminho=WindowsPath('C:/RPA/Dtraf/MVP2/MVP2/DETRAF-UNIFICADO/unificado/arquivos/Entrada/9D024E55DD250D4D...
                └ <bound method OutlookController.responder of <src.controllers.outlook_controller.OutlookController object at 0x000001FEBB0855...

> File "C:\RPA\Dtraf\MVP2\MVP2\DETRAF-UNIFICADO\unificado\rpa1_captura\src\controllers\outlook_controller.py", line 234, in responder
    OutlookService(self._config.account).responder_email(
    │              │    │       └ 'detrafTBRA'
    │              │    └ OutlookConfig(account='detrafTBRA', detraf_despesas_folder='Detraf Despesas', processados_folder='PROCESSADOS', dest_root=Win...
    │              └ <src.controllers.outlook_controller.OutlookController object at 0x000001FEBB085550>
    └ <class 'comum.integracoes.outlook.OutlookService'>

  File "C:\RPA\Dtraf\MVP2\MVP2\DETRAF-UNIFICADO\unificado\comum\integracoes\outlook.py", line 303, in responder_email
    raise OutlookError(f"Falha ao responder o e-mail '{entry_id}': {exc}") from exc
          │                                            └ '00000000A949F53E017BB44C86E46D56D2D6BB100700F25FC41A3584FC499D024E55DD250D4D00005211FBDF0000137D0D4C70E1CF4091747B97613AB5A6...
          └ <class 'comum.integracoes.outlook.OutlookError'>

comum.integracoes.outlook.OutlookError: Falha ao responder o e-mail '00000000A949F53E017BB44C86E46D56D2D6BB100700F25FC41A3584FC499D024E55DD250D4D00005211FBDF0000137D0D4C70E1CF4091747B97613AB5A60000A35B1B640000': (-2147467260, 'Operação anulada', None, None)
2026-08-13 11:54:42.592 | INFO    |src.services.processamento_service:executar:151 - [RPA 1] E-mail de origem de 'FORZA -  07.2026 - VIVO.xlsx': 1 arquivo(s) recusado(s), operadora NÃO notificada.
2026-08-13 11:54:42.593 | INFO    |src.controllers.outlook_controller:responder:234 - Conectando ao Outlook (conta configurada: 'detrafTBRA')...
2026-08-13 11:54:42.601 | INFO    |src.controllers.outlook_controller:responder:234 - Conectado ao Outlook com sucesso.
2026-08-13 11:54:42.974 | ERROR   |src.services.notificacao_operadora:notificar_arquivos_recusados:74 - [RPA 1] Falha ao criar rascunho de resposta para 'GMARX - 07.2026 - VIVO.xlsx': Falha ao responder o e-mail '00000000A949F53E017BB44C86E46D56D2D6BB100700F25FC41A3584FC499D024E55DD250D4D00005211FBDF0000137D0D4C70E1CF4091747B97613AB5A60000A35B1B650000': (-2147467260, 'Operação anulada', None, None)
Traceback (most recent call last):

  File "C:\RPA\Dtraf\MVP2\MVP2\DETRAF-UNIFICADO\unificado\comum\integracoes\outlook.py", line 301, in responder_email
    reply.Save()
    └ <COMObject Reply>

  File "<COMObject Reply>", line 2, in Save

pywintypes.com_error: (-2147467260, 'Operação anulada', None, None)


The above exception was the direct cause of the following exception:


Traceback (most recent call last):

  File "C:\RPA\Dtraf\MVP2\MVP2\DETRAF-UNIFICADO\unificado\rpa1_captura\main.py", line 118, in <module>
    raise SystemExit(main())
                     └ <function main at 0x000001FE9ED014E0>

  File "C:\RPA\Dtraf\MVP2\MVP2\DETRAF-UNIFICADO\unificado\rpa1_captura\main.py", line 94, in main
    run(pasta_entrada=recorte.pasta_entrada, etapa=recorte.etapa, diagnostico=diagnostico)
    │                 │       │                    │       │                  └ <comum.config.diagnostico_execucao.DiagnosticoDeExecucao object at 0x000001FEA1555D30>
    │                 │       │                    │       └ None
    │                 │       │                    └ Argumentos(referencia=None, operadoras=[], etapa=None, pasta_entrada=None, de_pasta=None, dry_run=False, pausar=False)
    │                 │       └ None
    │                 └ Argumentos(referencia=None, operadoras=[], etapa=None, pasta_entrada=None, de_pasta=None, dry_run=False, pausar=False)
    └ <function run at 0x000001FEA15AAAC0>

  File "C:\RPA\Dtraf\MVP2\MVP2\DETRAF-UNIFICADO\unificado\rpa1_captura\src\main\process_handle.py", line 34, in run
    controller.processar(
    │          └ <function ProcessamentoController.processar at 0x000001FEBB0BFD80>
    └ <src.controllers.processamento_controller.ProcessamentoController object at 0x000001FEBB084C20>

  File "C:\RPA\Dtraf\MVP2\MVP2\DETRAF-UNIFICADO\unificado\rpa1_captura\src\controllers\processamento_controller.py", line 155, in processar
    self._servico.executar(arquivos)
    │    │        │        └ [ArquivoParaProcessar(caminho=WindowsPath('C:/RPA/Dtraf/MVP2/MVP2/DETRAF-UNIFICADO/unificado/arquivos/Entrada/9D024E55DD250D4...
    │    │        └ <function ProcessamentoService.executar at 0x000001FEBB0BF600>
    │    └ <src.services.processamento_service.ProcessamentoService object at 0x000001FEBB085160>
    └ <src.controllers.processamento_controller.ProcessamentoController object at 0x000001FEBB084C20>

  File "C:\RPA\Dtraf\MVP2\MVP2\DETRAF-UNIFICADO\unificado\rpa1_captura\src\services\processamento_service.py", line 151, in executar
    self._notificar_reprovados()
    │    └ <function ProcessamentoService._notificar_reprovados at 0x000001FEBB0BFA60>
    └ <src.services.processamento_service.ProcessamentoService object at 0x000001FEBB085160>

  File "C:\RPA\Dtraf\MVP2\MVP2\DETRAF-UNIFICADO\unificado\rpa1_captura\src\services\processamento_service.py", line 588, in _notificar_reprovados
    sucesso = bool(self._notificar_externo(pacote, recusas))
                   │    │                  │       └ [ArquivoRecusado(nome='GMARX - 07.2026 - VIVO.xlsx', motivos=['posição 0 (Credora): esperado EOT numérica, encontrado "A62", ...
                   │    │                  └ ArquivoParaProcessar(caminho=WindowsPath('C:/RPA/Dtraf/MVP2/MVP2/DETRAF-UNIFICADO/unificado/arquivos/Entrada/9D024E55DD250D4D...
                   │    └ <bound method ProcessamentoController._notificar_operadora of <src.controllers.processamento_controller.ProcessamentoControll...
                   └ <src.services.processamento_service.ProcessamentoService object at 0x000001FEBB085160>

  File "C:\RPA\Dtraf\MVP2\MVP2\DETRAF-UNIFICADO\unificado\rpa1_captura\src\controllers\processamento_controller.py", line 31, in _notificar_operadora
    return notificar_arquivos_recusados(self._outlook.responder, pacote, recusas)
           │                            │    │                   │       └ [ArquivoRecusado(nome='GMARX - 07.2026 - VIVO.xlsx', motivos=['posição 0 (Credora): esperado EOT numérica, encontrado "A62", ...
           │                            │    │                   └ ArquivoParaProcessar(caminho=WindowsPath('C:/RPA/Dtraf/MVP2/MVP2/DETRAF-UNIFICADO/unificado/arquivos/Entrada/9D024E55DD250D4D...
           │                            │    └ <property object at 0x000001FEA15B03B0>
           │                            └ <src.controllers.processamento_controller.ProcessamentoController object at 0x000001FEBB084C20>
           └ <function notificar_arquivos_recusados at 0x000001FEA17479C0>

  File "C:\RPA\Dtraf\MVP2\MVP2\DETRAF-UNIFICADO\unificado\rpa1_captura\src\services\notificacao_operadora.py", line 74, in notificar_arquivos_recusados
    return bool(responder(pacote, corpo, configuration.NOTIFICAR_OPERADORA_ENVIAR))
                │         │       │      │             └ False
                │         │       │      └ <module 'comum.config.configuration' from 'C:\\RPA\\Dtraf\\MVP2\\MVP2\\DETRAF-UNIFICADO\\unificado\\comum\\config\\configurat...
                │         │       └ 'Prezados,\n\nOs arquivos de Detraf abaixo, enviados por sua empresa nesta mensagem, não\npuderam ser processados e estão sen...
                │         └ ArquivoParaProcessar(caminho=WindowsPath('C:/RPA/Dtraf/MVP2/MVP2/DETRAF-UNIFICADO/unificado/arquivos/Entrada/9D024E55DD250D4D...
                └ <bound method OutlookController.responder of <src.controllers.outlook_controller.OutlookController object at 0x000001FEBB0855...

> File "C:\RPA\Dtraf\MVP2\MVP2\DETRAF-UNIFICADO\unificado\rpa1_captura\src\controllers\outlook_controller.py", line 234, in responder
    OutlookService(self._config.account).responder_email(
    │              │    │       └ 'detrafTBRA'
    │              │    └ OutlookConfig(account='detrafTBRA', detraf_despesas_folder='Detraf Despesas', processados_folder='PROCESSADOS', dest_root=Win...
    │              └ <src.controllers.outlook_controller.OutlookController object at 0x000001FEBB085550>
    └ <class 'comum.integracoes.outlook.OutlookService'>

  File "C:\RPA\Dtraf\MVP2\MVP2\DETRAF-UNIFICADO\unificado\comum\integracoes\outlook.py", line 303, in responder_email
    raise OutlookError(f"Falha ao responder o e-mail '{entry_id}': {exc}") from exc
          │                                            └ '00000000A949F53E017BB44C86E46D56D2D6BB100700F25FC41A3584FC499D024E55DD250D4D00005211FBDF0000137D0D4C70E1CF4091747B97613AB5A6...
          └ <class 'comum.integracoes.outlook.OutlookError'>

comum.integracoes.outlook.OutlookError: Falha ao responder o e-mail '00000000A949F53E017BB44C86E46D56D2D6BB100700F25FC41A3584FC499D024E55DD250D4D00005211FBDF0000137D0D4C70E1CF4091747B97613AB5A60000A35B1B650000': (-2147467260, 'Operação anulada', None, None)
2026-08-13 11:54:42.983 | INFO    |src.services.processamento_service:executar:151 - [RPA 1] E-mail de origem de 'GMARX - 07.2026 - VIVO.xlsx': 1 arquivo(s) recusado(s), operadora NÃO notificada.
2026-08-13 11:54:42.984 | INFO    |src.controllers.outlook_controller:responder:234 - Conectando ao Outlook (conta configurada: 'detrafTBRA')...
2026-08-13 11:54:42.992 | INFO    |src.controllers.outlook_controller:responder:234 - Conectado ao Outlook com sucesso.
2026-08-13 11:54:43.213 | ERROR   |src.services.notificacao_operadora:notificar_arquivos_recusados:74 - [RPA 1] Falha ao criar rascunho de resposta para 'CDI - 07.2026 - VIVO.xlsx': Falha ao responder o e-mail '00000000A949F53E017BB44C86E46D56D2D6BB100700F25FC41A3584FC499D024E55DD250D4D00005211FBDF0000137D0D4C70E1CF4091747B97613AB5A60000A35B1B660000': (-2147467260, 'Operação anulada', None, None)
Traceback (most recent call last):

  File "C:\RPA\Dtraf\MVP2\MVP2\DETRAF-UNIFICADO\unificado\comum\integracoes\outlook.py", line 301, in responder_email
    reply.Save()
    └ <COMObject Reply>

  File "<COMObject Reply>", line 2, in Save

pywintypes.com_error: (-2147467260, 'Operação anulada', None, None)


The above exception was the direct cause of the following exception:


Traceback (most recent call last):

  File "C:\RPA\Dtraf\MVP2\MVP2\DETRAF-UNIFICADO\unificado\rpa1_captura\main.py", line 118, in <module>
    raise SystemExit(main())
                     └ <function main at 0x000001FE9ED014E0>

  File "C:\RPA\Dtraf\MVP2\MVP2\DETRAF-UNIFICADO\unificado\rpa1_captura\main.py", line 94, in main
    run(pasta_entrada=recorte.pasta_entrada, etapa=recorte.etapa, diagnostico=diagnostico)
    │                 │       │                    │       │                  └ <comum.config.diagnostico_execucao.DiagnosticoDeExecucao object at 0x000001FEA1555D30>
    │                 │       │                    │       └ None
    │                 │       │                    └ Argumentos(referencia=None, operadoras=[], etapa=None, pasta_entrada=None, de_pasta=None, dry_run=False, pausar=False)
    │                 │       └ None
    │                 └ Argumentos(referencia=None, operadoras=[], etapa=None, pasta_entrada=None, de_pasta=None, dry_run=False, pausar=False)
    └ <function run at 0x000001FEA15AAAC0>

  File "C:\RPA\Dtraf\MVP2\MVP2\DETRAF-UNIFICADO\unificado\rpa1_captura\src\main\process_handle.py", line 34, in run
    controller.processar(
    │          └ <function ProcessamentoController.processar at 0x000001FEBB0BFD80>
    └ <src.controllers.processamento_controller.ProcessamentoController object at 0x000001FEBB084C20>

  File "C:\RPA\Dtraf\MVP2\MVP2\DETRAF-UNIFICADO\unificado\rpa1_captura\src\controllers\processamento_controller.py", line 155, in processar
    self._servico.executar(arquivos)
    │    │        │        └ [ArquivoParaProcessar(caminho=WindowsPath('C:/RPA/Dtraf/MVP2/MVP2/DETRAF-UNIFICADO/unificado/arquivos/Entrada/9D024E55DD250D4...
    │    │        └ <function ProcessamentoService.executar at 0x000001FEBB0BF600>
    │    └ <src.services.processamento_service.ProcessamentoService object at 0x000001FEBB085160>
    └ <src.controllers.processamento_controller.ProcessamentoController object at 0x000001FEBB084C20>

  File "C:\RPA\Dtraf\MVP2\MVP2\DETRAF-UNIFICADO\unificado\rpa1_captura\src\services\processamento_service.py", line 151, in executar
    self._notificar_reprovados()
    │    └ <function ProcessamentoService._notificar_reprovados at 0x000001FEBB0BFA60>
    └ <src.services.processamento_service.ProcessamentoService object at 0x000001FEBB085160>

  File "C:\RPA\Dtraf\MVP2\MVP2\DETRAF-UNIFICADO\unificado\rpa1_captura\src\services\processamento_service.py", line 588, in _notificar_reprovados
    sucesso = bool(self._notificar_externo(pacote, recusas))
                   │    │                  │       └ [ArquivoRecusado(nome='CDI - 07.2026 - VIVO.xlsx', motivos=['posição 0 (Credora): esperado EOT numérica, encontrado "C61", "C...
                   │    │                  └ ArquivoParaProcessar(caminho=WindowsPath('C:/RPA/Dtraf/MVP2/MVP2/DETRAF-UNIFICADO/unificado/arquivos/Entrada/9D024E55DD250D4D...
                   │    └ <bound method ProcessamentoController._notificar_operadora of <src.controllers.processamento_controller.ProcessamentoControll...
                   └ <src.services.processamento_service.ProcessamentoService object at 0x000001FEBB085160>

  File "C:\RPA\Dtraf\MVP2\MVP2\DETRAF-UNIFICADO\unificado\rpa1_captura\src\controllers\processamento_controller.py", line 31, in _notificar_operadora
    return notificar_arquivos_recusados(self._outlook.responder, pacote, recusas)
           │                            │    │                   │       └ [ArquivoRecusado(nome='CDI - 07.2026 - VIVO.xlsx', motivos=['posição 0 (Credora): esperado EOT numérica, encontrado "C61", "C...
           │                            │    │                   └ ArquivoParaProcessar(caminho=WindowsPath('C:/RPA/Dtraf/MVP2/MVP2/DETRAF-UNIFICADO/unificado/arquivos/Entrada/9D024E55DD250D4D...
           │                            │    └ <property object at 0x000001FEA15B03B0>
           │                            └ <src.controllers.processamento_controller.ProcessamentoController object at 0x000001FEBB084C20>
           └ <function notificar_arquivos_recusados at 0x000001FEA17479C0>

  File "C:\RPA\Dtraf\MVP2\MVP2\DETRAF-UNIFICADO\unificado\rpa1_captura\src\services\notificacao_operadora.py", line 74, in notificar_arquivos_recusados
    return bool(responder(pacote, corpo, configuration.NOTIFICAR_OPERADORA_ENVIAR))
                │         │       │      │             └ False
                │         │       │      └ <module 'comum.config.configuration' from 'C:\\RPA\\Dtraf\\MVP2\\MVP2\\DETRAF-UNIFICADO\\unificado\\comum\\config\\configurat...
                │         │       └ 'Prezados,\n\nOs arquivos de Detraf abaixo, enviados por sua empresa nesta mensagem, não\npuderam ser processados e estão sen...
                │         └ ArquivoParaProcessar(caminho=WindowsPath('C:/RPA/Dtraf/MVP2/MVP2/DETRAF-UNIFICADO/unificado/arquivos/Entrada/9D024E55DD250D4D...
                └ <bound method OutlookController.responder of <src.controllers.outlook_controller.OutlookController object at 0x000001FEBB0855...

> File "C:\RPA\Dtraf\MVP2\MVP2\DETRAF-UNIFICADO\unificado\rpa1_captura\src\controllers\outlook_controller.py", line 234, in responder
    OutlookService(self._config.account).responder_email(
    │              │    │       └ 'detrafTBRA'
    │              │    └ OutlookConfig(account='detrafTBRA', detraf_despesas_folder='Detraf Despesas', processados_folder='PROCESSADOS', dest_root=Win...
    │              └ <src.controllers.outlook_controller.OutlookController object at 0x000001FEBB085550>
    └ <class 'comum.integracoes.outlook.OutlookService'>

  File "C:\RPA\Dtraf\MVP2\MVP2\DETRAF-UNIFICADO\unificado\comum\integracoes\outlook.py", line 303, in responder_email
    raise OutlookError(f"Falha ao responder o e-mail '{entry_id}': {exc}") from exc
          │                                            └ '00000000A949F53E017BB44C86E46D56D2D6BB100700F25FC41A3584FC499D024E55DD250D4D00005211FBDF0000137D0D4C70E1CF4091747B97613AB5A6...
          └ <class 'comum.integracoes.outlook.OutlookError'>

comum.integracoes.outlook.OutlookError: Falha ao responder o e-mail '00000000A949F53E017BB44C86E46D56D2D6BB100700F25FC41A3584FC499D024E55DD250D4D00005211FBDF0000137D0D4C70E1CF4091747B97613AB5A60000A35B1B660000': (-2147467260, 'Operação anulada', None, None)
2026-08-13 11:54:43.224 | INFO    |src.services.processamento_service:executar:151 - [RPA 1] E-mail de origem de 'CDI - 07.2026 - VIVO.xlsx': 1 arquivo(s) recusado(s), operadora NÃO notificada.
2026-08-13 11:54:43.225 | INFO    |src.controllers.outlook_controller:responder:234 - Conectando ao Outlook (conta configurada: 'detrafTBRA')...
2026-08-13 11:54:43.231 | INFO    |src.controllers.outlook_controller:responder:234 - Conectado ao Outlook com sucesso.
2026-08-13 11:54:43.328 | ERROR   |src.services.notificacao_operadora:notificar_arquivos_recusados:74 - [RPA 1] Falha ao criar rascunho de resposta para '202607 Detraf RS-SC C LC STFC Unifique X SMP Telefonica Brasil.xlsx': Falha ao responder o e-mail '00000000A949F53E017BB44C86E46D56D2D6BB100700F25FC41A3584FC499D024E55DD250D4D00005211FBDF0000137D0D4C70E1CF4091747B97613AB5A60000A35B1B670000': (-2147467260, 'Operação anulada', None, None)
Traceback (most recent call last):

  File "C:\RPA\Dtraf\MVP2\MVP2\DETRAF-UNIFICADO\unificado\comum\integracoes\outlook.py", line 301, in responder_email
    reply.Save()
    └ <COMObject Reply>

  File "<COMObject Reply>", line 2, in Save

pywintypes.com_error: (-2147467260, 'Operação anulada', None, None)


The above exception was the direct cause of the following exception:


Traceback (most recent call last):

  File "C:\RPA\Dtraf\MVP2\MVP2\DETRAF-UNIFICADO\unificado\rpa1_captura\main.py", line 118, in <module>
    raise SystemExit(main())
                     └ <function main at 0x000001FE9ED014E0>

  File "C:\RPA\Dtraf\MVP2\MVP2\DETRAF-UNIFICADO\unificado\rpa1_captura\main.py", line 94, in main
    run(pasta_entrada=recorte.pasta_entrada, etapa=recorte.etapa, diagnostico=diagnostico)
    │                 │       │                    │       │                  └ <comum.config.diagnostico_execucao.DiagnosticoDeExecucao object at 0x000001FEA1555D30>
    │                 │       │                    │       └ None
    │                 │       │                    └ Argumentos(referencia=None, operadoras=[], etapa=None, pasta_entrada=None, de_pasta=None, dry_run=False, pausar=False)
    │                 │       └ None
    │                 └ Argumentos(referencia=None, operadoras=[], etapa=None, pasta_entrada=None, de_pasta=None, dry_run=False, pausar=False)
    └ <function run at 0x000001FEA15AAAC0>

  File "C:\RPA\Dtraf\MVP2\MVP2\DETRAF-UNIFICADO\unificado\rpa1_captura\src\main\process_handle.py", line 34, in run
    controller.processar(
    │          └ <function ProcessamentoController.processar at 0x000001FEBB0BFD80>
    └ <src.controllers.processamento_controller.ProcessamentoController object at 0x000001FEBB084C20>

  File "C:\RPA\Dtraf\MVP2\MVP2\DETRAF-UNIFICADO\unificado\rpa1_captura\src\controllers\processamento_controller.py", line 155, in processar
    self._servico.executar(arquivos)
    │    │        │        └ [ArquivoParaProcessar(caminho=WindowsPath('C:/RPA/Dtraf/MVP2/MVP2/DETRAF-UNIFICADO/unificado/arquivos/Entrada/9D024E55DD250D4...
    │    │        └ <function ProcessamentoService.executar at 0x000001FEBB0BF600>
    │    └ <src.services.processamento_service.ProcessamentoService object at 0x000001FEBB085160>
    └ <src.controllers.processamento_controller.ProcessamentoController object at 0x000001FEBB084C20>

  File "C:\RPA\Dtraf\MVP2\MVP2\DETRAF-UNIFICADO\unificado\rpa1_captura\src\services\processamento_service.py", line 151, in executar
    self._notificar_reprovados()
    │    └ <function ProcessamentoService._notificar_reprovados at 0x000001FEBB0BFA60>
    └ <src.services.processamento_service.ProcessamentoService object at 0x000001FEBB085160>

  File "C:\RPA\Dtraf\MVP2\MVP2\DETRAF-UNIFICADO\unificado\rpa1_captura\src\services\processamento_service.py", line 588, in _notificar_reprovados
    sucesso = bool(self._notificar_externo(pacote, recusas))
                   │    │                  │       └ [ArquivoRecusado(nome='202607 Detraf RS-SC C LC STFC Unifique X SMP Telefonica Brasil.xlsx', motivos=['Coluna 10 (Minutos): o...
                   │    │                  └ ArquivoParaProcessar(caminho=WindowsPath('C:/RPA/Dtraf/MVP2/MVP2/DETRAF-UNIFICADO/unificado/arquivos/Entrada/9D024E55DD250D4D...
                   │    └ <bound method ProcessamentoController._notificar_operadora of <src.controllers.processamento_controller.ProcessamentoControll...
                   └ <src.services.processamento_service.ProcessamentoService object at 0x000001FEBB085160>

  File "C:\RPA\Dtraf\MVP2\MVP2\DETRAF-UNIFICADO\unificado\rpa1_captura\src\controllers\processamento_controller.py", line 31, in _notificar_operadora
    return notificar_arquivos_recusados(self._outlook.responder, pacote, recusas)
           │                            │    │                   │       └ [ArquivoRecusado(nome='202607 Detraf RS-SC C LC STFC Unifique X SMP Telefonica Brasil.xlsx', motivos=['Coluna 10 (Minutos): o...
           │                            │    │                   └ ArquivoParaProcessar(caminho=WindowsPath('C:/RPA/Dtraf/MVP2/MVP2/DETRAF-UNIFICADO/unificado/arquivos/Entrada/9D024E55DD250D4D...
           │                            │    └ <property object at 0x000001FEA15B03B0>
           │                            └ <src.controllers.processamento_controller.ProcessamentoController object at 0x000001FEBB084C20>
           └ <function notificar_arquivos_recusados at 0x000001FEA17479C0>

  File "C:\RPA\Dtraf\MVP2\MVP2\DETRAF-UNIFICADO\unificado\rpa1_captura\src\services\notificacao_operadora.py", line 74, in notificar_arquivos_recusados
    return bool(responder(pacote, corpo, configuration.NOTIFICAR_OPERADORA_ENVIAR))
                │         │       │      │             └ False
                │         │       │      └ <module 'comum.config.configuration' from 'C:\\RPA\\Dtraf\\MVP2\\MVP2\\DETRAF-UNIFICADO\\unificado\\comum\\config\\configurat...
                │         │       └ 'Prezados,\n\nOs arquivos de Detraf abaixo, enviados por sua empresa nesta mensagem, não\npuderam ser processados e estão sen...
                │         └ ArquivoParaProcessar(caminho=WindowsPath('C:/RPA/Dtraf/MVP2/MVP2/DETRAF-UNIFICADO/unificado/arquivos/Entrada/9D024E55DD250D4D...
                └ <bound method OutlookController.responder of <src.controllers.outlook_controller.OutlookController object at 0x000001FEBB0855...

> File "C:\RPA\Dtraf\MVP2\MVP2\DETRAF-UNIFICADO\unificado\rpa1_captura\src\controllers\outlook_controller.py", line 234, in responder
    OutlookService(self._config.account).responder_email(
    │              │    │       └ 'detrafTBRA'
    │              │    └ OutlookConfig(account='detrafTBRA', detraf_despesas_folder='Detraf Despesas', processados_folder='PROCESSADOS', dest_root=Win...
    │              └ <src.controllers.outlook_controller.OutlookController object at 0x000001FEBB085550>
    └ <class 'comum.integracoes.outlook.OutlookService'>

  File "C:\RPA\Dtraf\MVP2\MVP2\DETRAF-UNIFICADO\unificado\comum\integracoes\outlook.py", line 303, in responder_email
    raise OutlookError(f"Falha ao responder o e-mail '{entry_id}': {exc}") from exc
          │                                            └ '00000000A949F53E017BB44C86E46D56D2D6BB100700F25FC41A3584FC499D024E55DD250D4D00005211FBDF0000137D0D4C70E1CF4091747B97613AB5A6...
          └ <class 'comum.integracoes.outlook.OutlookError'>

comum.integracoes.outlook.OutlookError: Falha ao responder o e-mail '00000000A949F53E017BB44C86E46D56D2D6BB100700F25FC41A3584FC499D024E55DD250D4D00005211FBDF0000137D0D4C70E1CF4091747B97613AB5A60000A35B1B670000': (-2147467260, 'Operação anulada', None, None)
2026-08-13 11:54:43.337 | INFO    |src.services.processamento_service:executar:151 - [RPA 1] E-mail de origem de '202607 Detraf RS-SC C LC STFC Unifique X SMP Telefonica Brasil.xlsx': 1 arquivo(s) recusado(s), operadora NÃO notificada.
2026-08-13 11:54:43.338 | INFO    |src.controllers.outlook_controller:responder:234 - Conectando ao Outlook (conta configurada: 'detrafTBRA')...
2026-08-13 11:54:43.346 | INFO    |src.controllers.outlook_controller:responder:234 - Conectado ao Outlook com sucesso.
2026-08-13 11:54:43.720 | ERROR   |src.services.notificacao_operadora:notificar_arquivos_recusados:74 - [RPA 1] Falha ao criar rascunho de resposta para 'DETRAT_DATORA_STFC_X_TELEFONICA_BRASIL___STFC_STFC_R_072026_V00.xlsx': Falha ao responder o e-mail '00000000A949F53E017BB44C86E46D56D2D6BB100700F25FC41A3584FC499D024E55DD250D4D00005211FBDF0000137D0D4C70E1CF4091747B97613AB5A60000A35B1B680000': (-2147467260, 'Operação anulada', None, None)
Traceback (most recent call last):

  File "C:\RPA\Dtraf\MVP2\MVP2\DETRAF-UNIFICADO\unificado\comum\integracoes\outlook.py", line 301, in responder_email
    reply.Save()
    └ <COMObject Reply>

  File "<COMObject Reply>", line 2, in Save

pywintypes.com_error: (-2147467260, 'Operação anulada', None, None)


The above exception was the direct cause of the following exception:


Traceback (most recent call last):

  File "C:\RPA\Dtraf\MVP2\MVP2\DETRAF-UNIFICADO\unificado\rpa1_captura\main.py", line 118, in <module>
    raise SystemExit(main())
                     └ <function main at 0x000001FE9ED014E0>

  File "C:\RPA\Dtraf\MVP2\MVP2\DETRAF-UNIFICADO\unificado\rpa1_captura\main.py", line 94, in main
    run(pasta_entrada=recorte.pasta_entrada, etapa=recorte.etapa, diagnostico=diagnostico)
    │                 │       │                    │       │                  └ <comum.config.diagnostico_execucao.DiagnosticoDeExecucao object at 0x000001FEA1555D30>
    │                 │       │                    │       └ None
    │                 │       │                    └ Argumentos(referencia=None, operadoras=[], etapa=None, pasta_entrada=None, de_pasta=None, dry_run=False, pausar=False)
    │                 │       └ None
    │                 └ Argumentos(referencia=None, operadoras=[], etapa=None, pasta_entrada=None, de_pasta=None, dry_run=False, pausar=False)
    └ <function run at 0x000001FEA15AAAC0>

  File "C:\RPA\Dtraf\MVP2\MVP2\DETRAF-UNIFICADO\unificado\rpa1_captura\src\main\process_handle.py", line 34, in run
    controller.processar(
    │          └ <function ProcessamentoController.processar at 0x000001FEBB0BFD80>
    └ <src.controllers.processamento_controller.ProcessamentoController object at 0x000001FEBB084C20>

  File "C:\RPA\Dtraf\MVP2\MVP2\DETRAF-UNIFICADO\unificado\rpa1_captura\src\controllers\processamento_controller.py", line 155, in processar
    self._servico.executar(arquivos)
    │    │        │        └ [ArquivoParaProcessar(caminho=WindowsPath('C:/RPA/Dtraf/MVP2/MVP2/DETRAF-UNIFICADO/unificado/arquivos/Entrada/9D024E55DD250D4...
    │    │        └ <function ProcessamentoService.executar at 0x000001FEBB0BF600>
    │    └ <src.services.processamento_service.ProcessamentoService object at 0x000001FEBB085160>
    └ <src.controllers.processamento_controller.ProcessamentoController object at 0x000001FEBB084C20>

  File "C:\RPA\Dtraf\MVP2\MVP2\DETRAF-UNIFICADO\unificado\rpa1_captura\src\services\processamento_service.py", line 151, in executar
    self._notificar_reprovados()
    │    └ <function ProcessamentoService._notificar_reprovados at 0x000001FEBB0BFA60>
    └ <src.services.processamento_service.ProcessamentoService object at 0x000001FEBB085160>

  File "C:\RPA\Dtraf\MVP2\MVP2\DETRAF-UNIFICADO\unificado\rpa1_captura\src\services\processamento_service.py", line 588, in _notificar_reprovados
    sucesso = bool(self._notificar_externo(pacote, recusas))
                   │    │                  │       └ [ArquivoRecusado(nome='DETRAT_DATORA_STFC_X_TELEFONICA_BRASIL___STFC_STFC_R_072026_V00.xlsx', motivos=['posição 7 (GH): esper...
                   │    │                  └ ArquivoParaProcessar(caminho=WindowsPath('C:/RPA/Dtraf/MVP2/MVP2/DETRAF-UNIFICADO/unificado/arquivos/Entrada/9D024E55DD250D4D...
                   │    └ <bound method ProcessamentoController._notificar_operadora of <src.controllers.processamento_controller.ProcessamentoControll...
                   └ <src.services.processamento_service.ProcessamentoService object at 0x000001FEBB085160>

  File "C:\RPA\Dtraf\MVP2\MVP2\DETRAF-UNIFICADO\unificado\rpa1_captura\src\controllers\processamento_controller.py", line 31, in _notificar_operadora
    return notificar_arquivos_recusados(self._outlook.responder, pacote, recusas)
           │                            │    │                   │       └ [ArquivoRecusado(nome='DETRAT_DATORA_STFC_X_TELEFONICA_BRASIL___STFC_STFC_R_072026_V00.xlsx', motivos=['posição 7 (GH): esper...
           │                            │    │                   └ ArquivoParaProcessar(caminho=WindowsPath('C:/RPA/Dtraf/MVP2/MVP2/DETRAF-UNIFICADO/unificado/arquivos/Entrada/9D024E55DD250D4D...
           │                            │    └ <property object at 0x000001FEA15B03B0>
           │                            └ <src.controllers.processamento_controller.ProcessamentoController object at 0x000001FEBB084C20>
           └ <function notificar_arquivos_recusados at 0x000001FEA17479C0>

  File "C:\RPA\Dtraf\MVP2\MVP2\DETRAF-UNIFICADO\unificado\rpa1_captura\src\services\notificacao_operadora.py", line 74, in notificar_arquivos_recusados
    return bool(responder(pacote, corpo, configuration.NOTIFICAR_OPERADORA_ENVIAR))
                │         │       │      │             └ False
                │         │       │      └ <module 'comum.config.configuration' from 'C:\\RPA\\Dtraf\\MVP2\\MVP2\\DETRAF-UNIFICADO\\unificado\\comum\\config\\configurat...
                │         │       └ 'Prezados,\n\nOs arquivos de Detraf abaixo, enviados por sua empresa nesta mensagem, não\npuderam ser processados e estão sen...
                │         └ ArquivoParaProcessar(caminho=WindowsPath('C:/RPA/Dtraf/MVP2/MVP2/DETRAF-UNIFICADO/unificado/arquivos/Entrada/9D024E55DD250D4D...
                └ <bound method OutlookController.responder of <src.controllers.outlook_controller.OutlookController object at 0x000001FEBB0855...

> File "C:\RPA\Dtraf\MVP2\MVP2\DETRAF-UNIFICADO\unificado\rpa1_captura\src\controllers\outlook_controller.py", line 234, in responder
    OutlookService(self._config.account).responder_email(
    │              │    │       └ 'detrafTBRA'
    │              │    └ OutlookConfig(account='detrafTBRA', detraf_despesas_folder='Detraf Despesas', processados_folder='PROCESSADOS', dest_root=Win...
    │              └ <src.controllers.outlook_controller.OutlookController object at 0x000001FEBB085550>
    └ <class 'comum.integracoes.outlook.OutlookService'>

  File "C:\RPA\Dtraf\MVP2\MVP2\DETRAF-UNIFICADO\unificado\comum\integracoes\outlook.py", line 303, in responder_email
    raise OutlookError(f"Falha ao responder o e-mail '{entry_id}': {exc}") from exc
          │                                            └ '00000000A949F53E017BB44C86E46D56D2D6BB100700F25FC41A3584FC499D024E55DD250D4D00005211FBDF0000137D0D4C70E1CF4091747B97613AB5A6...
          └ <class 'comum.integracoes.outlook.OutlookError'>

comum.integracoes.outlook.OutlookError: Falha ao responder o e-mail '00000000A949F53E017BB44C86E46D56D2D6BB100700F25FC41A3584FC499D024E55DD250D4D00005211FBDF0000137D0D4C70E1CF4091747B97613AB5A60000A35B1B680000': (-2147467260, 'Operação anulada', None, None)
2026-08-13 11:54:43.729 | INFO    |src.services.processamento_service:executar:151 - [RPA 1] E-mail de origem de 'DETRAT_DATORA_STFC_X_TELEFONICA_BRASIL___STFC_STFC_R_072026_V00.xlsx': 2 arquivo(s) recusado(s), operadora NÃO notificada.
2026-08-13 11:54:43.730 | INFO    |src.controllers.outlook_controller:responder:234 - Conectando ao Outlook (conta configurada: 'detrafTBRA')...
2026-08-13 11:54:43.738 | INFO    |src.controllers.outlook_controller:responder:234 - Conectado ao Outlook com sucesso.
2026-08-13 11:54:43.938 | ERROR   |src.services.notificacao_operadora:notificar_arquivos_recusados:74 - [RPA 1] Falha ao criar rascunho de resposta para 'ATLANET - 07.2026 - VIVO.xlsx': Falha ao responder o e-mail '00000000A949F53E017BB44C86E46D56D2D6BB100700F25FC41A3584FC499D024E55DD250D4D00005211FBDF0000137D0D4C70E1CF4091747B97613AB5A60000A35B1B690000': (-2147467260, 'Operação anulada', None, None)
Traceback (most recent call last):

  File "C:\RPA\Dtraf\MVP2\MVP2\DETRAF-UNIFICADO\unificado\comum\integracoes\outlook.py", line 301, in responder_email
    reply.Save()
    └ <COMObject Reply>

  File "<COMObject Reply>", line 2, in Save

pywintypes.com_error: (-2147467260, 'Operação anulada', None, None)


The above exception was the direct cause of the following exception:


Traceback (most recent call last):

  File "C:\RPA\Dtraf\MVP2\MVP2\DETRAF-UNIFICADO\unificado\rpa1_captura\main.py", line 118, in <module>
    raise SystemExit(main())
                     └ <function main at 0x000001FE9ED014E0>

  File "C:\RPA\Dtraf\MVP2\MVP2\DETRAF-UNIFICADO\unificado\rpa1_captura\main.py", line 94, in main
    run(pasta_entrada=recorte.pasta_entrada, etapa=recorte.etapa, diagnostico=diagnostico)
    │                 │       │                    │       │                  └ <comum.config.diagnostico_execucao.DiagnosticoDeExecucao object at 0x000001FEA1555D30>
    │                 │       │                    │       └ None
    │                 │       │                    └ Argumentos(referencia=None, operadoras=[], etapa=None, pasta_entrada=None, de_pasta=None, dry_run=False, pausar=False)
    │                 │       └ None
    │                 └ Argumentos(referencia=None, operadoras=[], etapa=None, pasta_entrada=None, de_pasta=None, dry_run=False, pausar=False)
    └ <function run at 0x000001FEA15AAAC0>

  File "C:\RPA\Dtraf\MVP2\MVP2\DETRAF-UNIFICADO\unificado\rpa1_captura\src\main\process_handle.py", line 34, in run
    controller.processar(
    │          └ <function ProcessamentoController.processar at 0x000001FEBB0BFD80>
    └ <src.controllers.processamento_controller.ProcessamentoController object at 0x000001FEBB084C20>

  File "C:\RPA\Dtraf\MVP2\MVP2\DETRAF-UNIFICADO\unificado\rpa1_captura\src\controllers\processamento_controller.py", line 155, in processar
    self._servico.executar(arquivos)
    │    │        │        └ [ArquivoParaProcessar(caminho=WindowsPath('C:/RPA/Dtraf/MVP2/MVP2/DETRAF-UNIFICADO/unificado/arquivos/Entrada/9D024E55DD250D4...
    │    │        └ <function ProcessamentoService.executar at 0x000001FEBB0BF600>
    │    └ <src.services.processamento_service.ProcessamentoService object at 0x000001FEBB085160>
    └ <src.controllers.processamento_controller.ProcessamentoController object at 0x000001FEBB084C20>

  File "C:\RPA\Dtraf\MVP2\MVP2\DETRAF-UNIFICADO\unificado\rpa1_captura\src\services\processamento_service.py", line 151, in executar
    self._notificar_reprovados()
    │    └ <function ProcessamentoService._notificar_reprovados at 0x000001FEBB0BFA60>
    └ <src.services.processamento_service.ProcessamentoService object at 0x000001FEBB085160>

  File "C:\RPA\Dtraf\MVP2\MVP2\DETRAF-UNIFICADO\unificado\rpa1_captura\src\services\processamento_service.py", line 588, in _notificar_reprovados
    sucesso = bool(self._notificar_externo(pacote, recusas))
                   │    │                  │       └ [ArquivoRecusado(nome='ATLANET - 07.2026 - VIVO.xlsx', motivos=['posição 0 (Credora): esperado EOT numérica, encontrado "D58"...
                   │    │                  └ ArquivoParaProcessar(caminho=WindowsPath('C:/RPA/Dtraf/MVP2/MVP2/DETRAF-UNIFICADO/unificado/arquivos/Entrada/9D024E55DD250D4D...
                   │    └ <bound method ProcessamentoController._notificar_operadora of <src.controllers.processamento_controller.ProcessamentoControll...
                   └ <src.services.processamento_service.ProcessamentoService object at 0x000001FEBB085160>

  File "C:\RPA\Dtraf\MVP2\MVP2\DETRAF-UNIFICADO\unificado\rpa1_captura\src\controllers\processamento_controller.py", line 31, in _notificar_operadora
    return notificar_arquivos_recusados(self._outlook.responder, pacote, recusas)
           │                            │    │                   │       └ [ArquivoRecusado(nome='ATLANET - 07.2026 - VIVO.xlsx', motivos=['posição 0 (Credora): esperado EOT numérica, encontrado "D58"...
           │                            │    │                   └ ArquivoParaProcessar(caminho=WindowsPath('C:/RPA/Dtraf/MVP2/MVP2/DETRAF-UNIFICADO/unificado/arquivos/Entrada/9D024E55DD250D4D...
           │                            │    └ <property object at 0x000001FEA15B03B0>
           │                            └ <src.controllers.processamento_controller.ProcessamentoController object at 0x000001FEBB084C20>
           └ <function notificar_arquivos_recusados at 0x000001FEA17479C0>

  File "C:\RPA\Dtraf\MVP2\MVP2\DETRAF-UNIFICADO\unificado\rpa1_captura\src\services\notificacao_operadora.py", line 74, in notificar_arquivos_recusados
    return bool(responder(pacote, corpo, configuration.NOTIFICAR_OPERADORA_ENVIAR))
                │         │       │      │             └ False
                │         │       │      └ <module 'comum.config.configuration' from 'C:\\RPA\\Dtraf\\MVP2\\MVP2\\DETRAF-UNIFICADO\\unificado\\comum\\config\\configurat...
                │         │       └ 'Prezados,\n\nOs arquivos de Detraf abaixo, enviados por sua empresa nesta mensagem, não\npuderam ser processados e estão sen...
                │         └ ArquivoParaProcessar(caminho=WindowsPath('C:/RPA/Dtraf/MVP2/MVP2/DETRAF-UNIFICADO/unificado/arquivos/Entrada/9D024E55DD250D4D...
                └ <bound method OutlookController.responder of <src.controllers.outlook_controller.OutlookController object at 0x000001FEBB0855...

> File "C:\RPA\Dtraf\MVP2\MVP2\DETRAF-UNIFICADO\unificado\rpa1_captura\src\controllers\outlook_controller.py", line 234, in responder
    OutlookService(self._config.account).responder_email(
    │              │    │       └ 'detrafTBRA'
    │              │    └ OutlookConfig(account='detrafTBRA', detraf_despesas_folder='Detraf Despesas', processados_folder='PROCESSADOS', dest_root=Win...
    │              └ <src.controllers.outlook_controller.OutlookController object at 0x000001FEBB085550>
    └ <class 'comum.integracoes.outlook.OutlookService'>

  File "C:\RPA\Dtraf\MVP2\MVP2\DETRAF-UNIFICADO\unificado\comum\integracoes\outlook.py", line 303, in responder_email
    raise OutlookError(f"Falha ao responder o e-mail '{entry_id}': {exc}") from exc
          │                                            └ '00000000A949F53E017BB44C86E46D56D2D6BB100700F25FC41A3584FC499D024E55DD250D4D00005211FBDF0000137D0D4C70E1CF4091747B97613AB5A6...
          └ <class 'comum.integracoes.outlook.OutlookError'>

comum.integracoes.outlook.OutlookError: Falha ao responder o e-mail '00000000A949F53E017BB44C86E46D56D2D6BB100700F25FC41A3584FC499D024E55DD250D4D00005211FBDF0000137D0D4C70E1CF4091747B97613AB5A60000A35B1B690000': (-2147467260, 'Operação anulada', None, None)
2026-08-13 11:54:43.947 | INFO    |src.services.processamento_service:executar:151 - [RPA 1] E-mail de origem de 'ATLANET - 07.2026 - VIVO.xlsx': 1 arquivo(s) recusado(s), operadora NÃO notificada.
2026-08-13 11:54:43.948 | INFO    |src.controllers.outlook_controller:responder:234 - Conectando ao Outlook (conta configurada: 'detrafTBRA')...
2026-08-13 11:54:43.956 | INFO    |src.controllers.outlook_controller:responder:234 - Conectado ao Outlook com sucesso.
2026-08-13 11:54:44.695 | ERROR   |src.services.notificacao_operadora:notificar_arquivos_recusados:74 - [RPA 1] Falha ao criar rascunho de resposta para 'detraf_202607_VIVO_STFC.csv': Falha ao responder o e-mail '00000000A949F53E017BB44C86E46D56D2D6BB100700F25FC41A3584FC499D024E55DD250D4D00005211FBDF0000137D0D4C70E1CF4091747B97613AB5A60000A35B1B6B0000': (-2147467260, 'Operação anulada', None, None)
Traceback (most recent call last):

  File "C:\RPA\Dtraf\MVP2\MVP2\DETRAF-UNIFICADO\unificado\comum\integracoes\outlook.py", line 301, in responder_email
    reply.Save()
    └ <COMObject Reply>

  File "<COMObject Reply>", line 2, in Save

pywintypes.com_error: (-2147467260, 'Operação anulada', None, None)


The above exception was the direct cause of the following exception:


Traceback (most recent call last):

  File "C:\RPA\Dtraf\MVP2\MVP2\DETRAF-UNIFICADO\unificado\rpa1_captura\main.py", line 118, in <module>
    raise SystemExit(main())
                     └ <function main at 0x000001FE9ED014E0>

  File "C:\RPA\Dtraf\MVP2\MVP2\DETRAF-UNIFICADO\unificado\rpa1_captura\main.py", line 94, in main
    run(pasta_entrada=recorte.pasta_entrada, etapa=recorte.etapa, diagnostico=diagnostico)
    │                 │       │                    │       │                  └ <comum.config.diagnostico_execucao.DiagnosticoDeExecucao object at 0x000001FEA1555D30>
    │                 │       │                    │       └ None
    │                 │       │                    └ Argumentos(referencia=None, operadoras=[], etapa=None, pasta_entrada=None, de_pasta=None, dry_run=False, pausar=False)
    │                 │       └ None
    │                 └ Argumentos(referencia=None, operadoras=[], etapa=None, pasta_entrada=None, de_pasta=None, dry_run=False, pausar=False)
    └ <function run at 0x000001FEA15AAAC0>

  File "C:\RPA\Dtraf\MVP2\MVP2\DETRAF-UNIFICADO\unificado\rpa1_captura\src\main\process_handle.py", line 34, in run
    controller.processar(
    │          └ <function ProcessamentoController.processar at 0x000001FEBB0BFD80>
    └ <src.controllers.processamento_controller.ProcessamentoController object at 0x000001FEBB084C20>

  File "C:\RPA\Dtraf\MVP2\MVP2\DETRAF-UNIFICADO\unificado\rpa1_captura\src\controllers\processamento_controller.py", line 155, in processar
    self._servico.executar(arquivos)
    │    │        │        └ [ArquivoParaProcessar(caminho=WindowsPath('C:/RPA/Dtraf/MVP2/MVP2/DETRAF-UNIFICADO/unificado/arquivos/Entrada/9D024E55DD250D4...
    │    │        └ <function ProcessamentoService.executar at 0x000001FEBB0BF600>
    │    └ <src.services.processamento_service.ProcessamentoService object at 0x000001FEBB085160>
    └ <src.controllers.processamento_controller.ProcessamentoController object at 0x000001FEBB084C20>

  File "C:\RPA\Dtraf\MVP2\MVP2\DETRAF-UNIFICADO\unificado\rpa1_captura\src\services\processamento_service.py", line 151, in executar
    self._notificar_reprovados()
    │    └ <function ProcessamentoService._notificar_reprovados at 0x000001FEBB0BFA60>
    └ <src.services.processamento_service.ProcessamentoService object at 0x000001FEBB085160>

  File "C:\RPA\Dtraf\MVP2\MVP2\DETRAF-UNIFICADO\unificado\rpa1_captura\src\services\processamento_service.py", line 588, in _notificar_reprovados
    sucesso = bool(self._notificar_externo(pacote, recusas))
                   │    │                  │       └ [ArquivoRecusado(nome='detraf_202607_VIVO_STFC.csv', motivos=['posição 0 (Credora): esperado EOT numérica, encontrado "E90", ...
                   │    │                  └ ArquivoParaProcessar(caminho=WindowsPath('C:/RPA/Dtraf/MVP2/MVP2/DETRAF-UNIFICADO/unificado/arquivos/Entrada/9D024E55DD250D4D...
                   │    └ <bound method ProcessamentoController._notificar_operadora of <src.controllers.processamento_controller.ProcessamentoControll...
                   └ <src.services.processamento_service.ProcessamentoService object at 0x000001FEBB085160>

  File "C:\RPA\Dtraf\MVP2\MVP2\DETRAF-UNIFICADO\unificado\rpa1_captura\src\controllers\processamento_controller.py", line 31, in _notificar_operadora
    return notificar_arquivos_recusados(self._outlook.responder, pacote, recusas)
           │                            │    │                   │       └ [ArquivoRecusado(nome='detraf_202607_VIVO_STFC.csv', motivos=['posição 0 (Credora): esperado EOT numérica, encontrado "E90", ...
           │                            │    │                   └ ArquivoParaProcessar(caminho=WindowsPath('C:/RPA/Dtraf/MVP2/MVP2/DETRAF-UNIFICADO/unificado/arquivos/Entrada/9D024E55DD250D4D...
           │                            │    └ <property object at 0x000001FEA15B03B0>
           │                            └ <src.controllers.processamento_controller.ProcessamentoController object at 0x000001FEBB084C20>
           └ <function notificar_arquivos_recusados at 0x000001FEA17479C0>

  File "C:\RPA\Dtraf\MVP2\MVP2\DETRAF-UNIFICADO\unificado\rpa1_captura\src\services\notificacao_operadora.py", line 74, in notificar_arquivos_recusados
    return bool(responder(pacote, corpo, configuration.NOTIFICAR_OPERADORA_ENVIAR))
                │         │       │      │             └ False
                │         │       │      └ <module 'comum.config.configuration' from 'C:\\RPA\\Dtraf\\MVP2\\MVP2\\DETRAF-UNIFICADO\\unificado\\comum\\config\\configurat...
                │         │       └ 'Prezados,\n\nOs arquivos de Detraf abaixo, enviados por sua empresa nesta mensagem, não\npuderam ser processados e estão sen...
                │         └ ArquivoParaProcessar(caminho=WindowsPath('C:/RPA/Dtraf/MVP2/MVP2/DETRAF-UNIFICADO/unificado/arquivos/Entrada/9D024E55DD250D4D...
                └ <bound method OutlookController.responder of <src.controllers.outlook_controller.OutlookController object at 0x000001FEBB0855...

> File "C:\RPA\Dtraf\MVP2\MVP2\DETRAF-UNIFICADO\unificado\rpa1_captura\src\controllers\outlook_controller.py", line 234, in responder
    OutlookService(self._config.account).responder_email(
    │              │    │       └ 'detrafTBRA'
    │              │    └ OutlookConfig(account='detrafTBRA', detraf_despesas_folder='Detraf Despesas', processados_folder='PROCESSADOS', dest_root=Win...
    │              └ <src.controllers.outlook_controller.OutlookController object at 0x000001FEBB085550>
    └ <class 'comum.integracoes.outlook.OutlookService'>

  File "C:\RPA\Dtraf\MVP2\MVP2\DETRAF-UNIFICADO\unificado\comum\integracoes\outlook.py", line 303, in responder_email
    raise OutlookError(f"Falha ao responder o e-mail '{entry_id}': {exc}") from exc
          │                                            └ '00000000A949F53E017BB44C86E46D56D2D6BB100700F25FC41A3584FC499D024E55DD250D4D00005211FBDF0000137D0D4C70E1CF4091747B97613AB5A6...
          └ <class 'comum.integracoes.outlook.OutlookError'>

comum.integracoes.outlook.OutlookError: Falha ao responder o e-mail '00000000A949F53E017BB44C86E46D56D2D6BB100700F25FC41A3584FC499D024E55DD250D4D00005211FBDF0000137D0D4C70E1CF4091747B97613AB5A60000A35B1B6B0000': (-2147467260, 'Operação anulada', None, None)
2026-08-13 11:54:44.742 | INFO    |src.services.processamento_service:executar:151 - [RPA 1] E-mail de origem de 'detraf_202607_VIVO_STFC.csv': 2 arquivo(s) recusado(s), operadora NÃO notificada.
2026-08-13 11:54:44.743 | INFO    |src.controllers.outlook_controller:responder:234 - Conectando ao Outlook (conta configurada: 'detrafTBRA')...
2026-08-13 11:54:44.749 | INFO    |src.controllers.outlook_controller:responder:234 - Conectado ao Outlook com sucesso.
2026-08-13 11:54:44.904 | ERROR   |src.services.notificacao_operadora:notificar_arquivos_recusados:74 - [RPA 1] Falha ao criar rascunho de resposta para 'Detraf TVN Vivo_072026.csv': Falha ao responder o e-mail '00000000A949F53E017BB44C86E46D56D2D6BB100700F25FC41A3584FC499D024E55DD250D4D00005211FBDF0000137D0D4C70E1CF4091747B97613AB5A60000A35B1B6D0000': (-2147467260, 'Operação anulada', None, None)
Traceback (most recent call last):

  File "C:\RPA\Dtraf\MVP2\MVP2\DETRAF-UNIFICADO\unificado\comum\integracoes\outlook.py", line 301, in responder_email
    reply.Save()
    └ <COMObject Reply>

  File "<COMObject Reply>", line 2, in Save

pywintypes.com_error: (-2147467260, 'Operação anulada', None, None)


The above exception was the direct cause of the following exception:


Traceback (most recent call last):

  File "C:\RPA\Dtraf\MVP2\MVP2\DETRAF-UNIFICADO\unificado\rpa1_captura\main.py", line 118, in <module>
    raise SystemExit(main())
                     └ <function main at 0x000001FE9ED014E0>

  File "C:\RPA\Dtraf\MVP2\MVP2\DETRAF-UNIFICADO\unificado\rpa1_captura\main.py", line 94, in main
    run(pasta_entrada=recorte.pasta_entrada, etapa=recorte.etapa, diagnostico=diagnostico)
    │                 │       │                    │       │                  └ <comum.config.diagnostico_execucao.DiagnosticoDeExecucao object at 0x000001FEA1555D30>
    │                 │       │                    │       └ None
    │                 │       │                    └ Argumentos(referencia=None, operadoras=[], etapa=None, pasta_entrada=None, de_pasta=None, dry_run=False, pausar=False)
    │                 │       └ None
    │                 └ Argumentos(referencia=None, operadoras=[], etapa=None, pasta_entrada=None, de_pasta=None, dry_run=False, pausar=False)
    └ <function run at 0x000001FEA15AAAC0>

  File "C:\RPA\Dtraf\MVP2\MVP2\DETRAF-UNIFICADO\unificado\rpa1_captura\src\main\process_handle.py", line 34, in run
    controller.processar(
    │          └ <function ProcessamentoController.processar at 0x000001FEBB0BFD80>
    └ <src.controllers.processamento_controller.ProcessamentoController object at 0x000001FEBB084C20>

  File "C:\RPA\Dtraf\MVP2\MVP2\DETRAF-UNIFICADO\unificado\rpa1_captura\src\controllers\processamento_controller.py", line 155, in processar
    self._servico.executar(arquivos)
    │    │        │        └ [ArquivoParaProcessar(caminho=WindowsPath('C:/RPA/Dtraf/MVP2/MVP2/DETRAF-UNIFICADO/unificado/arquivos/Entrada/9D024E55DD250D4...
    │    │        └ <function ProcessamentoService.executar at 0x000001FEBB0BF600>
    │    └ <src.services.processamento_service.ProcessamentoService object at 0x000001FEBB085160>
    └ <src.controllers.processamento_controller.ProcessamentoController object at 0x000001FEBB084C20>

  File "C:\RPA\Dtraf\MVP2\MVP2\DETRAF-UNIFICADO\unificado\rpa1_captura\src\services\processamento_service.py", line 151, in executar
    self._notificar_reprovados()
    │    └ <function ProcessamentoService._notificar_reprovados at 0x000001FEBB0BFA60>
    └ <src.services.processamento_service.ProcessamentoService object at 0x000001FEBB085160>

  File "C:\RPA\Dtraf\MVP2\MVP2\DETRAF-UNIFICADO\unificado\rpa1_captura\src\services\processamento_service.py", line 588, in _notificar_reprovados
    sucesso = bool(self._notificar_externo(pacote, recusas))
                   │    │                  │       └ [ArquivoRecusado(nome='Detraf TVN Vivo_072026.csv', motivos=['Tarifas remuneradas: há linhas cuja tarifa não corresponde à ta...
                   │    │                  └ ArquivoParaProcessar(caminho=WindowsPath('C:/RPA/Dtraf/MVP2/MVP2/DETRAF-UNIFICADO/unificado/arquivos/Entrada/9D024E55DD250D4D...
                   │    └ <bound method ProcessamentoController._notificar_operadora of <src.controllers.processamento_controller.ProcessamentoControll...
                   └ <src.services.processamento_service.ProcessamentoService object at 0x000001FEBB085160>

  File "C:\RPA\Dtraf\MVP2\MVP2\DETRAF-UNIFICADO\unificado\rpa1_captura\src\controllers\processamento_controller.py", line 31, in _notificar_operadora
    return notificar_arquivos_recusados(self._outlook.responder, pacote, recusas)
           │                            │    │                   │       └ [ArquivoRecusado(nome='Detraf TVN Vivo_072026.csv', motivos=['Tarifas remuneradas: há linhas cuja tarifa não corresponde à ta...
           │                            │    │                   └ ArquivoParaProcessar(caminho=WindowsPath('C:/RPA/Dtraf/MVP2/MVP2/DETRAF-UNIFICADO/unificado/arquivos/Entrada/9D024E55DD250D4D...
           │                            │    └ <property object at 0x000001FEA15B03B0>
           │                            └ <src.controllers.processamento_controller.ProcessamentoController object at 0x000001FEBB084C20>
           └ <function notificar_arquivos_recusados at 0x000001FEA17479C0>

  File "C:\RPA\Dtraf\MVP2\MVP2\DETRAF-UNIFICADO\unificado\rpa1_captura\src\services\notificacao_operadora.py", line 74, in notificar_arquivos_recusados
    return bool(responder(pacote, corpo, configuration.NOTIFICAR_OPERADORA_ENVIAR))
                │         │       │      │             └ False
                │         │       │      └ <module 'comum.config.configuration' from 'C:\\RPA\\Dtraf\\MVP2\\MVP2\\DETRAF-UNIFICADO\\unificado\\comum\\config\\configurat...
                │         │       └ 'Prezados,\n\nOs arquivos de Detraf abaixo, enviados por sua empresa nesta mensagem, não\npuderam ser processados e estão sen...
                │         └ ArquivoParaProcessar(caminho=WindowsPath('C:/RPA/Dtraf/MVP2/MVP2/DETRAF-UNIFICADO/unificado/arquivos/Entrada/9D024E55DD250D4D...
                └ <bound method OutlookController.responder of <src.controllers.outlook_controller.OutlookController object at 0x000001FEBB0855...

> File "C:\RPA\Dtraf\MVP2\MVP2\DETRAF-UNIFICADO\unificado\rpa1_captura\src\controllers\outlook_controller.py", line 234, in responder
    OutlookService(self._config.account).responder_email(
    │              │    │       └ 'detrafTBRA'
    │              │    └ OutlookConfig(account='detrafTBRA', detraf_despesas_folder='Detraf Despesas', processados_folder='PROCESSADOS', dest_root=Win...
    │              └ <src.controllers.outlook_controller.OutlookController object at 0x000001FEBB085550>
    └ <class 'comum.integracoes.outlook.OutlookService'>

  File "C:\RPA\Dtraf\MVP2\MVP2\DETRAF-UNIFICADO\unificado\comum\integracoes\outlook.py", line 303, in responder_email
    raise OutlookError(f"Falha ao responder o e-mail '{entry_id}': {exc}") from exc
          │                                            └ '00000000A949F53E017BB44C86E46D56D2D6BB100700F25FC41A3584FC499D024E55DD250D4D00005211FBDF0000137D0D4C70E1CF4091747B97613AB5A6...
          └ <class 'comum.integracoes.outlook.OutlookError'>

comum.integracoes.outlook.OutlookError: Falha ao responder o e-mail '00000000A949F53E017BB44C86E46D56D2D6BB100700F25FC41A3584FC499D024E55DD250D4D00005211FBDF0000137D0D4C70E1CF4091747B97613AB5A60000A35B1B6D0000': (-2147467260, 'Operação anulada', None, None)
2026-08-13 11:54:44.914 | INFO    |src.services.processamento_service:executar:151 - [RPA 1] E-mail de origem de 'Detraf TVN Vivo_072026.csv': 1 arquivo(s) recusado(s), operadora NÃO notificada.
2026-08-13 11:54:44.915 | INFO    |src.controllers.outlook_controller:responder:234 - Conectando ao Outlook (conta configurada: 'detrafTBRA')...
2026-08-13 11:54:44.922 | INFO    |src.controllers.outlook_controller:responder:234 - Conectado ao Outlook com sucesso.
2026-08-13 11:54:45.097 | ERROR   |src.services.notificacao_operadora:notificar_arquivos_recusados:74 - [RPA 1] Falha ao criar rascunho de resposta para 'Solução Network - VIVO (FIXA) - DETRAF - JULHO 2026.csv': Falha ao responder o e-mail '00000000A949F53E017BB44C86E46D56D2D6BB100700F25FC41A3584FC499D024E55DD250D4D00005211FBDF0000137D0D4C70E1CF4091747B97613AB5A60000A35B1B6E0000': (-2147467260, 'Operação anulada', None, None)
Traceback (most recent call last):

  File "C:\RPA\Dtraf\MVP2\MVP2\DETRAF-UNIFICADO\unificado\comum\integracoes\outlook.py", line 301, in responder_email
    reply.Save()
    └ <COMObject Reply>

  File "<COMObject Reply>", line 2, in Save

pywintypes.com_error: (-2147467260, 'Operação anulada', None, None)


The above exception was the direct cause of the following exception:


Traceback (most recent call last):

  File "C:\RPA\Dtraf\MVP2\MVP2\DETRAF-UNIFICADO\unificado\rpa1_captura\main.py", line 118, in <module>
    raise SystemExit(main())
                     └ <function main at 0x000001FE9ED014E0>

  File "C:\RPA\Dtraf\MVP2\MVP2\DETRAF-UNIFICADO\unificado\rpa1_captura\main.py", line 94, in main
    run(pasta_entrada=recorte.pasta_entrada, etapa=recorte.etapa, diagnostico=diagnostico)
    │                 │       │                    │       │                  └ <comum.config.diagnostico_execucao.DiagnosticoDeExecucao object at 0x000001FEA1555D30>
    │                 │       │                    │       └ None
    │                 │       │                    └ Argumentos(referencia=None, operadoras=[], etapa=None, pasta_entrada=None, de_pasta=None, dry_run=False, pausar=False)
    │                 │       └ None
    │                 └ Argumentos(referencia=None, operadoras=[], etapa=None, pasta_entrada=None, de_pasta=None, dry_run=False, pausar=False)
    └ <function run at 0x000001FEA15AAAC0>

  File "C:\RPA\Dtraf\MVP2\MVP2\DETRAF-UNIFICADO\unificado\rpa1_captura\src\main\process_handle.py", line 34, in run
    controller.processar(
    │          └ <function ProcessamentoController.processar at 0x000001FEBB0BFD80>
    └ <src.controllers.processamento_controller.ProcessamentoController object at 0x000001FEBB084C20>

  File "C:\RPA\Dtraf\MVP2\MVP2\DETRAF-UNIFICADO\unificado\rpa1_captura\src\controllers\processamento_controller.py", line 155, in processar
    self._servico.executar(arquivos)
    │    │        │        └ [ArquivoParaProcessar(caminho=WindowsPath('C:/RPA/Dtraf/MVP2/MVP2/DETRAF-UNIFICADO/unificado/arquivos/Entrada/9D024E55DD250D4...
    │    │        └ <function ProcessamentoService.executar at 0x000001FEBB0BF600>
    │    └ <src.services.processamento_service.ProcessamentoService object at 0x000001FEBB085160>
    └ <src.controllers.processamento_controller.ProcessamentoController object at 0x000001FEBB084C20>

  File "C:\RPA\Dtraf\MVP2\MVP2\DETRAF-UNIFICADO\unificado\rpa1_captura\src\services\processamento_service.py", line 151, in executar
    self._notificar_reprovados()
    │    └ <function ProcessamentoService._notificar_reprovados at 0x000001FEBB0BFA60>
    └ <src.services.processamento_service.ProcessamentoService object at 0x000001FEBB085160>

  File "C:\RPA\Dtraf\MVP2\MVP2\DETRAF-UNIFICADO\unificado\rpa1_captura\src\services\processamento_service.py", line 588, in _notificar_reprovados
    sucesso = bool(self._notificar_externo(pacote, recusas))
                   │    │                  │       └ [ArquivoRecusado(nome='Solução Network - VIVO (FIXA) - DETRAF - JULHO 2026.csv', motivos=['posição 0 (Credora): esperado EOT ...
                   │    │                  └ ArquivoParaProcessar(caminho=WindowsPath('C:/RPA/Dtraf/MVP2/MVP2/DETRAF-UNIFICADO/unificado/arquivos/Entrada/9D024E55DD250D4D...
                   │    └ <bound method ProcessamentoController._notificar_operadora of <src.controllers.processamento_controller.ProcessamentoControll...
                   └ <src.services.processamento_service.ProcessamentoService object at 0x000001FEBB085160>

  File "C:\RPA\Dtraf\MVP2\MVP2\DETRAF-UNIFICADO\unificado\rpa1_captura\src\controllers\processamento_controller.py", line 31, in _notificar_operadora
    return notificar_arquivos_recusados(self._outlook.responder, pacote, recusas)
           │                            │    │                   │       └ [ArquivoRecusado(nome='Solução Network - VIVO (FIXA) - DETRAF - JULHO 2026.csv', motivos=['posição 0 (Credora): esperado EOT ...
           │                            │    │                   └ ArquivoParaProcessar(caminho=WindowsPath('C:/RPA/Dtraf/MVP2/MVP2/DETRAF-UNIFICADO/unificado/arquivos/Entrada/9D024E55DD250D4D...
           │                            │    └ <property object at 0x000001FEA15B03B0>
           │                            └ <src.controllers.processamento_controller.ProcessamentoController object at 0x000001FEBB084C20>
           └ <function notificar_arquivos_recusados at 0x000001FEA17479C0>

  File "C:\RPA\Dtraf\MVP2\MVP2\DETRAF-UNIFICADO\unificado\rpa1_captura\src\services\notificacao_operadora.py", line 74, in notificar_arquivos_recusados
    return bool(responder(pacote, corpo, configuration.NOTIFICAR_OPERADORA_ENVIAR))
                │         │       │      │             └ False
                │         │       │      └ <module 'comum.config.configuration' from 'C:\\RPA\\Dtraf\\MVP2\\MVP2\\DETRAF-UNIFICADO\\unificado\\comum\\config\\configurat...
                │         │       └ 'Prezados,\n\nOs arquivos de Detraf abaixo, enviados por sua empresa nesta mensagem, não\npuderam ser processados e estão sen...
                │         └ ArquivoParaProcessar(caminho=WindowsPath('C:/RPA/Dtraf/MVP2/MVP2/DETRAF-UNIFICADO/unificado/arquivos/Entrada/9D024E55DD250D4D...
                └ <bound method OutlookController.responder of <src.controllers.outlook_controller.OutlookController object at 0x000001FEBB0855...

> File "C:\RPA\Dtraf\MVP2\MVP2\DETRAF-UNIFICADO\unificado\rpa1_captura\src\controllers\outlook_controller.py", line 234, in responder
    OutlookService(self._config.account).responder_email(
    │              │    │       └ 'detrafTBRA'
    │              │    └ OutlookConfig(account='detrafTBRA', detraf_despesas_folder='Detraf Despesas', processados_folder='PROCESSADOS', dest_root=Win...
    │              └ <src.controllers.outlook_controller.OutlookController object at 0x000001FEBB085550>
    └ <class 'comum.integracoes.outlook.OutlookService'>

  File "C:\RPA\Dtraf\MVP2\MVP2\DETRAF-UNIFICADO\unificado\comum\integracoes\outlook.py", line 303, in responder_email
    raise OutlookError(f"Falha ao responder o e-mail '{entry_id}': {exc}") from exc
          │                                            └ '00000000A949F53E017BB44C86E46D56D2D6BB100700F25FC41A3584FC499D024E55DD250D4D00005211FBDF0000137D0D4C70E1CF4091747B97613AB5A6...
          └ <class 'comum.integracoes.outlook.OutlookError'>

comum.integracoes.outlook.OutlookError: Falha ao responder o e-mail '00000000A949F53E017BB44C86E46D56D2D6BB100700F25FC41A3584FC499D024E55DD250D4D00005211FBDF0000137D0D4C70E1CF4091747B97613AB5A60000A35B1B6E0000': (-2147467260, 'Operação anulada', None, None)
2026-08-13 11:54:45.105 | INFO    |src.services.processamento_service:executar:151 - [RPA 1] E-mail de origem de 'Solução Network - VIVO (FIXA) - DETRAF - JULHO 2026.csv': 2 arquivo(s) recusado(s), operadora NÃO notificada.
2026-08-13 11:54:45.106 | INFO    |src.controllers.outlook_controller:responder:234 - Conectando ao Outlook (conta configurada: 'detrafTBRA')...
2026-08-13 11:54:45.113 | INFO    |src.controllers.outlook_controller:responder:234 - Conectado ao Outlook com sucesso.
2026-08-13 11:54:46.014 | ERROR   |src.services.notificacao_operadora:notificar_arquivos_recusados:74 - [RPA 1] Falha ao criar rascunho de resposta para 'EC VIVO - FSM 202602.xlsx': Falha ao responder o e-mail '00000000A949F53E017BB44C86E46D56D2D6BB100700F25FC41A3584FC499D024E55DD250D4D00005211FBDF0000137D0D4C70E1CF4091747B97613AB5A60000A35B1B6F0000': (-2147467260, 'Operação anulada', None, None)
Traceback (most recent call last):

  File "C:\RPA\Dtraf\MVP2\MVP2\DETRAF-UNIFICADO\unificado\comum\integracoes\outlook.py", line 301, in responder_email
    reply.Save()
    └ <COMObject Reply>

  File "<COMObject Reply>", line 2, in Save

pywintypes.com_error: (-2147467260, 'Operação anulada', None, None)


The above exception was the direct cause of the following exception:


Traceback (most recent call last):

  File "C:\RPA\Dtraf\MVP2\MVP2\DETRAF-UNIFICADO\unificado\rpa1_captura\main.py", line 118, in <module>
    raise SystemExit(main())
                     └ <function main at 0x000001FE9ED014E0>

  File "C:\RPA\Dtraf\MVP2\MVP2\DETRAF-UNIFICADO\unificado\rpa1_captura\main.py", line 94, in main
    run(pasta_entrada=recorte.pasta_entrada, etapa=recorte.etapa, diagnostico=diagnostico)
    │                 │       │                    │       │                  └ <comum.config.diagnostico_execucao.DiagnosticoDeExecucao object at 0x000001FEA1555D30>
    │                 │       │                    │       └ None
    │                 │       │                    └ Argumentos(referencia=None, operadoras=[], etapa=None, pasta_entrada=None, de_pasta=None, dry_run=False, pausar=False)
    │                 │       └ None
    │                 └ Argumentos(referencia=None, operadoras=[], etapa=None, pasta_entrada=None, de_pasta=None, dry_run=False, pausar=False)
    └ <function run at 0x000001FEA15AAAC0>

  File "C:\RPA\Dtraf\MVP2\MVP2\DETRAF-UNIFICADO\unificado\rpa1_captura\src\main\process_handle.py", line 34, in run
    controller.processar(
    │          └ <function ProcessamentoController.processar at 0x000001FEBB0BFD80>
    └ <src.controllers.processamento_controller.ProcessamentoController object at 0x000001FEBB084C20>

  File "C:\RPA\Dtraf\MVP2\MVP2\DETRAF-UNIFICADO\unificado\rpa1_captura\src\controllers\processamento_controller.py", line 155, in processar
    self._servico.executar(arquivos)
    │    │        │        └ [ArquivoParaProcessar(caminho=WindowsPath('C:/RPA/Dtraf/MVP2/MVP2/DETRAF-UNIFICADO/unificado/arquivos/Entrada/9D024E55DD250D4...
    │    │        └ <function ProcessamentoService.executar at 0x000001FEBB0BF600>
    │    └ <src.services.processamento_service.ProcessamentoService object at 0x000001FEBB085160>
    └ <src.controllers.processamento_controller.ProcessamentoController object at 0x000001FEBB084C20>

  File "C:\RPA\Dtraf\MVP2\MVP2\DETRAF-UNIFICADO\unificado\rpa1_captura\src\services\processamento_service.py", line 151, in executar
    self._notificar_reprovados()
    │    └ <function ProcessamentoService._notificar_reprovados at 0x000001FEBB0BFA60>
    └ <src.services.processamento_service.ProcessamentoService object at 0x000001FEBB085160>

  File "C:\RPA\Dtraf\MVP2\MVP2\DETRAF-UNIFICADO\unificado\rpa1_captura\src\services\processamento_service.py", line 588, in _notificar_reprovados
    sucesso = bool(self._notificar_externo(pacote, recusas))
                   │    │                  │       └ [ArquivoRecusado(nome='EC VIVO - FSM 202602.xlsx', motivos=['o arquivo não pôde ser lido (formato, codificação ou conteúdo co...
                   │    │                  └ ArquivoParaProcessar(caminho=WindowsPath('C:/RPA/Dtraf/MVP2/MVP2/DETRAF-UNIFICADO/unificado/arquivos/Entrada/9D024E55DD250D4D...
                   │    └ <bound method ProcessamentoController._notificar_operadora of <src.controllers.processamento_controller.ProcessamentoControll...
                   └ <src.services.processamento_service.ProcessamentoService object at 0x000001FEBB085160>

  File "C:\RPA\Dtraf\MVP2\MVP2\DETRAF-UNIFICADO\unificado\rpa1_captura\src\controllers\processamento_controller.py", line 31, in _notificar_operadora
    return notificar_arquivos_recusados(self._outlook.responder, pacote, recusas)
           │                            │    │                   │       └ [ArquivoRecusado(nome='EC VIVO - FSM 202602.xlsx', motivos=['o arquivo não pôde ser lido (formato, codificação ou conteúdo co...
           │                            │    │                   └ ArquivoParaProcessar(caminho=WindowsPath('C:/RPA/Dtraf/MVP2/MVP2/DETRAF-UNIFICADO/unificado/arquivos/Entrada/9D024E55DD250D4D...
           │                            │    └ <property object at 0x000001FEA15B03B0>
           │                            └ <src.controllers.processamento_controller.ProcessamentoController object at 0x000001FEBB084C20>
           └ <function notificar_arquivos_recusados at 0x000001FEA17479C0>

  File "C:\RPA\Dtraf\MVP2\MVP2\DETRAF-UNIFICADO\unificado\rpa1_captura\src\services\notificacao_operadora.py", line 74, in notificar_arquivos_recusados
    return bool(responder(pacote, corpo, configuration.NOTIFICAR_OPERADORA_ENVIAR))
                │         │       │      │             └ False
                │         │       │      └ <module 'comum.config.configuration' from 'C:\\RPA\\Dtraf\\MVP2\\MVP2\\DETRAF-UNIFICADO\\unificado\\comum\\config\\configurat...
                │         │       └ 'Prezados,\n\nOs arquivos de Detraf abaixo, enviados por sua empresa nesta mensagem, não\npuderam ser processados e estão sen...
                │         └ ArquivoParaProcessar(caminho=WindowsPath('C:/RPA/Dtraf/MVP2/MVP2/DETRAF-UNIFICADO/unificado/arquivos/Entrada/9D024E55DD250D4D...
                └ <bound method OutlookController.responder of <src.controllers.outlook_controller.OutlookController object at 0x000001FEBB0855...

> File "C:\RPA\Dtraf\MVP2\MVP2\DETRAF-UNIFICADO\unificado\rpa1_captura\src\controllers\outlook_controller.py", line 234, in responder
    OutlookService(self._config.account).responder_email(
    │              │    │       └ 'detrafTBRA'
    │              │    └ OutlookConfig(account='detrafTBRA', detraf_despesas_folder='Detraf Despesas', processados_folder='PROCESSADOS', dest_root=Win...
    │              └ <src.controllers.outlook_controller.OutlookController object at 0x000001FEBB085550>
    └ <class 'comum.integracoes.outlook.OutlookService'>

  File "C:\RPA\Dtraf\MVP2\MVP2\DETRAF-UNIFICADO\unificado\comum\integracoes\outlook.py", line 303, in responder_email
    raise OutlookError(f"Falha ao responder o e-mail '{entry_id}': {exc}") from exc
          │                                            └ '00000000A949F53E017BB44C86E46D56D2D6BB100700F25FC41A3584FC499D024E55DD250D4D00005211FBDF0000137D0D4C70E1CF4091747B97613AB5A6...
          └ <class 'comum.integracoes.outlook.OutlookError'>

comum.integracoes.outlook.OutlookError: Falha ao responder o e-mail '00000000A949F53E017BB44C86E46D56D2D6BB100700F25FC41A3584FC499D024E55DD250D4D00005211FBDF0000137D0D4C70E1CF4091747B97613AB5A60000A35B1B6F0000': (-2147467260, 'Operação anulada', None, None)
2026-08-13 11:54:46.025 | INFO    |src.services.processamento_service:executar:151 - [RPA 1] E-mail de origem de 'EC VIVO - FSM 202602.xlsx': 4 arquivo(s) recusado(s), operadora NÃO notificada.
2026-08-13 11:54:46.026 | INFO    |src.controllers.outlook_controller:responder:234 - Conectando ao Outlook (conta configurada: 'detrafTBRA')...
2026-08-13 11:54:46.034 | INFO    |src.controllers.outlook_controller:responder:234 - Conectado ao Outlook com sucesso.
2026-08-13 11:54:46.255 | ERROR   |src.services.notificacao_operadora:notificar_arquivos_recusados:74 - [RPA 1] Falha ao criar rascunho de resposta para 'EC VIVO AGERA 202606.xlsx': Falha ao responder o e-mail '00000000A949F53E017BB44C86E46D56D2D6BB100700F25FC41A3584FC499D024E55DD250D4D00005211FBDF0000137D0D4C70E1CF4091747B97613AB5A60000A35B1B700000': (-2147467260, 'Operação anulada', None, None)
Traceback (most recent call last):

  File "C:\RPA\Dtraf\MVP2\MVP2\DETRAF-UNIFICADO\unificado\comum\integracoes\outlook.py", line 301, in responder_email
    reply.Save()
    └ <COMObject Reply>

  File "<COMObject Reply>", line 2, in Save

pywintypes.com_error: (-2147467260, 'Operação anulada', None, None)


The above exception was the direct cause of the following exception:


Traceback (most recent call last):

  File "C:\RPA\Dtraf\MVP2\MVP2\DETRAF-UNIFICADO\unificado\rpa1_captura\main.py", line 118, in <module>
    raise SystemExit(main())
                     └ <function main at 0x000001FE9ED014E0>

  File "C:\RPA\Dtraf\MVP2\MVP2\DETRAF-UNIFICADO\unificado\rpa1_captura\main.py", line 94, in main
    run(pasta_entrada=recorte.pasta_entrada, etapa=recorte.etapa, diagnostico=diagnostico)
    │                 │       │                    │       │                  └ <comum.config.diagnostico_execucao.DiagnosticoDeExecucao object at 0x000001FEA1555D30>
    │                 │       │                    │       └ None
    │                 │       │                    └ Argumentos(referencia=None, operadoras=[], etapa=None, pasta_entrada=None, de_pasta=None, dry_run=False, pausar=False)
    │                 │       └ None
    │                 └ Argumentos(referencia=None, operadoras=[], etapa=None, pasta_entrada=None, de_pasta=None, dry_run=False, pausar=False)
    └ <function run at 0x000001FEA15AAAC0>

  File "C:\RPA\Dtraf\MVP2\MVP2\DETRAF-UNIFICADO\unificado\rpa1_captura\src\main\process_handle.py", line 34, in run
    controller.processar(
    │          └ <function ProcessamentoController.processar at 0x000001FEBB0BFD80>
    └ <src.controllers.processamento_controller.ProcessamentoController object at 0x000001FEBB084C20>

  File "C:\RPA\Dtraf\MVP2\MVP2\DETRAF-UNIFICADO\unificado\rpa1_captura\src\controllers\processamento_controller.py", line 155, in processar
    self._servico.executar(arquivos)
    │    │        │        └ [ArquivoParaProcessar(caminho=WindowsPath('C:/RPA/Dtraf/MVP2/MVP2/DETRAF-UNIFICADO/unificado/arquivos/Entrada/9D024E55DD250D4...
    │    │        └ <function ProcessamentoService.executar at 0x000001FEBB0BF600>
    │    └ <src.services.processamento_service.ProcessamentoService object at 0x000001FEBB085160>
    └ <src.controllers.processamento_controller.ProcessamentoController object at 0x000001FEBB084C20>

  File "C:\RPA\Dtraf\MVP2\MVP2\DETRAF-UNIFICADO\unificado\rpa1_captura\src\services\processamento_service.py", line 151, in executar
    self._notificar_reprovados()
    │    └ <function ProcessamentoService._notificar_reprovados at 0x000001FEBB0BFA60>
    └ <src.services.processamento_service.ProcessamentoService object at 0x000001FEBB085160>

  File "C:\RPA\Dtraf\MVP2\MVP2\DETRAF-UNIFICADO\unificado\rpa1_captura\src\services\processamento_service.py", line 588, in _notificar_reprovados
    sucesso = bool(self._notificar_externo(pacote, recusas))
                   │    │                  │       └ [ArquivoRecusado(nome='EC VIVO AGERA 202606.xlsx', motivos=['o arquivo não pôde ser lido (formato, codificação ou conteúdo co...
                   │    │                  └ ArquivoParaProcessar(caminho=WindowsPath('C:/RPA/Dtraf/MVP2/MVP2/DETRAF-UNIFICADO/unificado/arquivos/Entrada/9D024E55DD250D4D...
                   │    └ <bound method ProcessamentoController._notificar_operadora of <src.controllers.processamento_controller.ProcessamentoControll...
                   └ <src.services.processamento_service.ProcessamentoService object at 0x000001FEBB085160>

  File "C:\RPA\Dtraf\MVP2\MVP2\DETRAF-UNIFICADO\unificado\rpa1_captura\src\controllers\processamento_controller.py", line 31, in _notificar_operadora
    return notificar_arquivos_recusados(self._outlook.responder, pacote, recusas)
           │                            │    │                   │       └ [ArquivoRecusado(nome='EC VIVO AGERA 202606.xlsx', motivos=['o arquivo não pôde ser lido (formato, codificação ou conteúdo co...
           │                            │    │                   └ ArquivoParaProcessar(caminho=WindowsPath('C:/RPA/Dtraf/MVP2/MVP2/DETRAF-UNIFICADO/unificado/arquivos/Entrada/9D024E55DD250D4D...
           │                            │    └ <property object at 0x000001FEA15B03B0>
           │                            └ <src.controllers.processamento_controller.ProcessamentoController object at 0x000001FEBB084C20>
           └ <function notificar_arquivos_recusados at 0x000001FEA17479C0>

  File "C:\RPA\Dtraf\MVP2\MVP2\DETRAF-UNIFICADO\unificado\rpa1_captura\src\services\notificacao_operadora.py", line 74, in notificar_arquivos_recusados
    return bool(responder(pacote, corpo, configuration.NOTIFICAR_OPERADORA_ENVIAR))
                │         │       │      │             └ False
                │         │       │      └ <module 'comum.config.configuration' from 'C:\\RPA\\Dtraf\\MVP2\\MVP2\\DETRAF-UNIFICADO\\unificado\\comum\\config\\configurat...
                │         │       └ 'Prezados,\n\nOs arquivos de Detraf abaixo, enviados por sua empresa nesta mensagem, não\npuderam ser processados e estão sen...
                │         └ ArquivoParaProcessar(caminho=WindowsPath('C:/RPA/Dtraf/MVP2/MVP2/DETRAF-UNIFICADO/unificado/arquivos/Entrada/9D024E55DD250D4D...
                └ <bound method OutlookController.responder of <src.controllers.outlook_controller.OutlookController object at 0x000001FEBB0855...

> File "C:\RPA\Dtraf\MVP2\MVP2\DETRAF-UNIFICADO\unificado\rpa1_captura\src\controllers\outlook_controller.py", line 234, in responder
    OutlookService(self._config.account).responder_email(
    │              │    │       └ 'detrafTBRA'
    │              │    └ OutlookConfig(account='detrafTBRA', detraf_despesas_folder='Detraf Despesas', processados_folder='PROCESSADOS', dest_root=Win...
    │              └ <src.controllers.outlook_controller.OutlookController object at 0x000001FEBB085550>
    └ <class 'comum.integracoes.outlook.OutlookService'>

  File "C:\RPA\Dtraf\MVP2\MVP2\DETRAF-UNIFICADO\unificado\comum\integracoes\outlook.py", line 303, in responder_email
    raise OutlookError(f"Falha ao responder o e-mail '{entry_id}': {exc}") from exc
          │                                            └ '00000000A949F53E017BB44C86E46D56D2D6BB100700F25FC41A3584FC499D024E55DD250D4D00005211FBDF0000137D0D4C70E1CF4091747B97613AB5A6...
          └ <class 'comum.integracoes.outlook.OutlookError'>

comum.integracoes.outlook.OutlookError: Falha ao responder o e-mail '00000000A949F53E017BB44C86E46D56D2D6BB100700F25FC41A3584FC499D024E55DD250D4D00005211FBDF0000137D0D4C70E1CF4091747B97613AB5A60000A35B1B700000': (-2147467260, 'Operação anulada', None, None)
2026-08-13 11:54:46.264 | INFO    |src.services.processamento_service:executar:151 - [RPA 1] E-mail de origem de 'EC VIVO AGERA 202606.xlsx': 1 arquivo(s) recusado(s), operadora NÃO notificada.
2026-08-13 11:54:46.265 | INFO    |src.controllers.outlook_controller:responder:234 - Conectando ao Outlook (conta configurada: 'detrafTBRA')...
2026-08-13 11:54:46.272 | INFO    |src.controllers.outlook_controller:responder:234 - Conectado ao Outlook com sucesso.
2026-08-13 11:54:46.831 | ERROR   |src.services.notificacao_operadora:notificar_arquivos_recusados:74 - [RPA 1] Falha ao criar rascunho de resposta para 'EC VIVO FSM 202604.xlsx': Falha ao responder o e-mail '00000000A949F53E017BB44C86E46D56D2D6BB100700F25FC41A3584FC499D024E55DD250D4D00005211FBDF0000137D0D4C70E1CF4091747B97613AB5A60000A35B1B710000': (-2147467260, 'Operação anulada', None, None)
Traceback (most recent call last):

  File "C:\RPA\Dtraf\MVP2\MVP2\DETRAF-UNIFICADO\unificado\comum\integracoes\outlook.py", line 301, in responder_email
    reply.Save()
    └ <COMObject Reply>

  File "<COMObject Reply>", line 2, in Save

pywintypes.com_error: (-2147467260, 'Operação anulada', None, None)


The above exception was the direct cause of the following exception:


Traceback (most recent call last):

  File "C:\RPA\Dtraf\MVP2\MVP2\DETRAF-UNIFICADO\unificado\rpa1_captura\main.py", line 118, in <module>
    raise SystemExit(main())
                     └ <function main at 0x000001FE9ED014E0>

  File "C:\RPA\Dtraf\MVP2\MVP2\DETRAF-UNIFICADO\unificado\rpa1_captura\main.py", line 94, in main
    run(pasta_entrada=recorte.pasta_entrada, etapa=recorte.etapa, diagnostico=diagnostico)
    │                 │       │                    │       │                  └ <comum.config.diagnostico_execucao.DiagnosticoDeExecucao object at 0x000001FEA1555D30>
    │                 │       │                    │       └ None
    │                 │       │                    └ Argumentos(referencia=None, operadoras=[], etapa=None, pasta_entrada=None, de_pasta=None, dry_run=False, pausar=False)
    │                 │       └ None
    │                 └ Argumentos(referencia=None, operadoras=[], etapa=None, pasta_entrada=None, de_pasta=None, dry_run=False, pausar=False)
    └ <function run at 0x000001FEA15AAAC0>

  File "C:\RPA\Dtraf\MVP2\MVP2\DETRAF-UNIFICADO\unificado\rpa1_captura\src\main\process_handle.py", line 34, in run
    controller.processar(
    │          └ <function ProcessamentoController.processar at 0x000001FEBB0BFD80>
    └ <src.controllers.processamento_controller.ProcessamentoController object at 0x000001FEBB084C20>

  File "C:\RPA\Dtraf\MVP2\MVP2\DETRAF-UNIFICADO\unificado\rpa1_captura\src\controllers\processamento_controller.py", line 155, in processar
    self._servico.executar(arquivos)
    │    │        │        └ [ArquivoParaProcessar(caminho=WindowsPath('C:/RPA/Dtraf/MVP2/MVP2/DETRAF-UNIFICADO/unificado/arquivos/Entrada/9D024E55DD250D4...
    │    │        └ <function ProcessamentoService.executar at 0x000001FEBB0BF600>
    │    └ <src.services.processamento_service.ProcessamentoService object at 0x000001FEBB085160>
    └ <src.controllers.processamento_controller.ProcessamentoController object at 0x000001FEBB084C20>

  File "C:\RPA\Dtraf\MVP2\MVP2\DETRAF-UNIFICADO\unificado\rpa1_captura\src\services\processamento_service.py", line 151, in executar
    self._notificar_reprovados()
    │    └ <function ProcessamentoService._notificar_reprovados at 0x000001FEBB0BFA60>
    └ <src.services.processamento_service.ProcessamentoService object at 0x000001FEBB085160>

  File "C:\RPA\Dtraf\MVP2\MVP2\DETRAF-UNIFICADO\unificado\rpa1_captura\src\services\processamento_service.py", line 588, in _notificar_reprovados
    sucesso = bool(self._notificar_externo(pacote, recusas))
                   │    │                  │       └ [ArquivoRecusado(nome='EC VIVO FSM 202604.xlsx', motivos=['o arquivo não pôde ser lido (formato, codificação ou conteúdo corr...
                   │    │                  └ ArquivoParaProcessar(caminho=WindowsPath('C:/RPA/Dtraf/MVP2/MVP2/DETRAF-UNIFICADO/unificado/arquivos/Entrada/9D024E55DD250D4D...
                   │    └ <bound method ProcessamentoController._notificar_operadora of <src.controllers.processamento_controller.ProcessamentoControll...
                   └ <src.services.processamento_service.ProcessamentoService object at 0x000001FEBB085160>

  File "C:\RPA\Dtraf\MVP2\MVP2\DETRAF-UNIFICADO\unificado\rpa1_captura\src\controllers\processamento_controller.py", line 31, in _notificar_operadora
    return notificar_arquivos_recusados(self._outlook.responder, pacote, recusas)
           │                            │    │                   │       └ [ArquivoRecusado(nome='EC VIVO FSM 202604.xlsx', motivos=['o arquivo não pôde ser lido (formato, codificação ou conteúdo corr...
           │                            │    │                   └ ArquivoParaProcessar(caminho=WindowsPath('C:/RPA/Dtraf/MVP2/MVP2/DETRAF-UNIFICADO/unificado/arquivos/Entrada/9D024E55DD250D4D...
           │                            │    └ <property object at 0x000001FEA15B03B0>
           │                            └ <src.controllers.processamento_controller.ProcessamentoController object at 0x000001FEBB084C20>
           └ <function notificar_arquivos_recusados at 0x000001FEA17479C0>

  File "C:\RPA\Dtraf\MVP2\MVP2\DETRAF-UNIFICADO\unificado\rpa1_captura\src\services\notificacao_operadora.py", line 74, in notificar_arquivos_recusados
    return bool(responder(pacote, corpo, configuration.NOTIFICAR_OPERADORA_ENVIAR))
                │         │       │      │             └ False
                │         │       │      └ <module 'comum.config.configuration' from 'C:\\RPA\\Dtraf\\MVP2\\MVP2\\DETRAF-UNIFICADO\\unificado\\comum\\config\\configurat...
                │         │       └ 'Prezados,\n\nOs arquivos de Detraf abaixo, enviados por sua empresa nesta mensagem, não\npuderam ser processados e estão sen...
                │         └ ArquivoParaProcessar(caminho=WindowsPath('C:/RPA/Dtraf/MVP2/MVP2/DETRAF-UNIFICADO/unificado/arquivos/Entrada/9D024E55DD250D4D...
                └ <bound method OutlookController.responder of <src.controllers.outlook_controller.OutlookController object at 0x000001FEBB0855...

> File "C:\RPA\Dtraf\MVP2\MVP2\DETRAF-UNIFICADO\unificado\rpa1_captura\src\controllers\outlook_controller.py", line 234, in responder
    OutlookService(self._config.account).responder_email(
    │              │    │       └ 'detrafTBRA'
    │              │    └ OutlookConfig(account='detrafTBRA', detraf_despesas_folder='Detraf Despesas', processados_folder='PROCESSADOS', dest_root=Win...
    │              └ <src.controllers.outlook_controller.OutlookController object at 0x000001FEBB085550>
    └ <class 'comum.integracoes.outlook.OutlookService'>

  File "C:\RPA\Dtraf\MVP2\MVP2\DETRAF-UNIFICADO\unificado\comum\integracoes\outlook.py", line 303, in responder_email
    raise OutlookError(f"Falha ao responder o e-mail '{entry_id}': {exc}") from exc
          │                                            └ '00000000A949F53E017BB44C86E46D56D2D6BB100700F25FC41A3584FC499D024E55DD250D4D00005211FBDF0000137D0D4C70E1CF4091747B97613AB5A6...
          └ <class 'comum.integracoes.outlook.OutlookError'>

comum.integracoes.outlook.OutlookError: Falha ao responder o e-mail '00000000A949F53E017BB44C86E46D56D2D6BB100700F25FC41A3584FC499D024E55DD250D4D00005211FBDF0000137D0D4C70E1CF4091747B97613AB5A60000A35B1B710000': (-2147467260, 'Operação anulada', None, None)
2026-08-13 11:54:46.840 | INFO    |src.services.processamento_service:executar:151 - [RPA 1] E-mail de origem de 'EC VIVO FSM 202604.xlsx': 3 arquivo(s) recusado(s), operadora NÃO notificada.
2026-08-13 11:54:46.841 | INFO    |src.controllers.outlook_controller:responder:234 - Conectando ao Outlook (conta configurada: 'detrafTBRA')...
2026-08-13 11:54:46.848 | INFO    |src.controllers.outlook_controller:responder:234 - Conectado ao Outlook com sucesso.
2026-08-13 11:54:47.103 | ERROR   |src.services.notificacao_operadora:notificar_arquivos_recusados:74 - [RPA 1] Falha ao criar rascunho de resposta para 'EC INTEREDE 202605.xlsx': Falha ao responder o e-mail '00000000A949F53E017BB44C86E46D56D2D6BB100700F25FC41A3584FC499D024E55DD250D4D00005211FBDF0000137D0D4C70E1CF4091747B97613AB5A60000A35B1B720000': (-2147467260, 'Operação anulada', None, None)
Traceback (most recent call last):

  File "C:\RPA\Dtraf\MVP2\MVP2\DETRAF-UNIFICADO\unificado\comum\integracoes\outlook.py", line 301, in responder_email
    reply.Save()
    └ <COMObject Reply>

  File "<COMObject Reply>", line 2, in Save

pywintypes.com_error: (-2147467260, 'Operação anulada', None, None)


The above exception was the direct cause of the following exception:


Traceback (most recent call last):

  File "C:\RPA\Dtraf\MVP2\MVP2\DETRAF-UNIFICADO\unificado\rpa1_captura\main.py", line 118, in <module>
    raise SystemExit(main())
                     └ <function main at 0x000001FE9ED014E0>

  File "C:\RPA\Dtraf\MVP2\MVP2\DETRAF-UNIFICADO\unificado\rpa1_captura\main.py", line 94, in main
    run(pasta_entrada=recorte.pasta_entrada, etapa=recorte.etapa, diagnostico=diagnostico)
    │                 │       │                    │       │                  └ <comum.config.diagnostico_execucao.DiagnosticoDeExecucao object at 0x000001FEA1555D30>
    │                 │       │                    │       └ None
    │                 │       │                    └ Argumentos(referencia=None, operadoras=[], etapa=None, pasta_entrada=None, de_pasta=None, dry_run=False, pausar=False)
    │                 │       └ None
    │                 └ Argumentos(referencia=None, operadoras=[], etapa=None, pasta_entrada=None, de_pasta=None, dry_run=False, pausar=False)
    └ <function run at 0x000001FEA15AAAC0>

  File "C:\RPA\Dtraf\MVP2\MVP2\DETRAF-UNIFICADO\unificado\rpa1_captura\src\main\process_handle.py", line 34, in run
    controller.processar(
    │          └ <function ProcessamentoController.processar at 0x000001FEBB0BFD80>
    └ <src.controllers.processamento_controller.ProcessamentoController object at 0x000001FEBB084C20>

  File "C:\RPA\Dtraf\MVP2\MVP2\DETRAF-UNIFICADO\unificado\rpa1_captura\src\controllers\processamento_controller.py", line 155, in processar
    self._servico.executar(arquivos)
    │    │        │        └ [ArquivoParaProcessar(caminho=WindowsPath('C:/RPA/Dtraf/MVP2/MVP2/DETRAF-UNIFICADO/unificado/arquivos/Entrada/9D024E55DD250D4...
    │    │        └ <function ProcessamentoService.executar at 0x000001FEBB0BF600>
    │    └ <src.services.processamento_service.ProcessamentoService object at 0x000001FEBB085160>
    └ <src.controllers.processamento_controller.ProcessamentoController object at 0x000001FEBB084C20>

  File "C:\RPA\Dtraf\MVP2\MVP2\DETRAF-UNIFICADO\unificado\rpa1_captura\src\services\processamento_service.py", line 151, in executar
    self._notificar_reprovados()
    │    └ <function ProcessamentoService._notificar_reprovados at 0x000001FEBB0BFA60>
    └ <src.services.processamento_service.ProcessamentoService object at 0x000001FEBB085160>

  File "C:\RPA\Dtraf\MVP2\MVP2\DETRAF-UNIFICADO\unificado\rpa1_captura\src\services\processamento_service.py", line 588, in _notificar_reprovados
    sucesso = bool(self._notificar_externo(pacote, recusas))
                   │    │                  │       └ [ArquivoRecusado(nome='EC INTEREDE 202605.xlsx', motivos=['o arquivo não pôde ser lido (formato, codificação ou conteúdo corr...
                   │    │                  └ ArquivoParaProcessar(caminho=WindowsPath('C:/RPA/Dtraf/MVP2/MVP2/DETRAF-UNIFICADO/unificado/arquivos/Entrada/9D024E55DD250D4D...
                   │    └ <bound method ProcessamentoController._notificar_operadora of <src.controllers.processamento_controller.ProcessamentoControll...
                   └ <src.services.processamento_service.ProcessamentoService object at 0x000001FEBB085160>

  File "C:\RPA\Dtraf\MVP2\MVP2\DETRAF-UNIFICADO\unificado\rpa1_captura\src\controllers\processamento_controller.py", line 31, in _notificar_operadora
    return notificar_arquivos_recusados(self._outlook.responder, pacote, recusas)
           │                            │    │                   │       └ [ArquivoRecusado(nome='EC INTEREDE 202605.xlsx', motivos=['o arquivo não pôde ser lido (formato, codificação ou conteúdo corr...
           │                            │    │                   └ ArquivoParaProcessar(caminho=WindowsPath('C:/RPA/Dtraf/MVP2/MVP2/DETRAF-UNIFICADO/unificado/arquivos/Entrada/9D024E55DD250D4D...
           │                            │    └ <property object at 0x000001FEA15B03B0>
           │                            └ <src.controllers.processamento_controller.ProcessamentoController object at 0x000001FEBB084C20>
           └ <function notificar_arquivos_recusados at 0x000001FEA17479C0>

  File "C:\RPA\Dtraf\MVP2\MVP2\DETRAF-UNIFICADO\unificado\rpa1_captura\src\services\notificacao_operadora.py", line 74, in notificar_arquivos_recusados
    return bool(responder(pacote, corpo, configuration.NOTIFICAR_OPERADORA_ENVIAR))
                │         │       │      │             └ False
                │         │       │      └ <module 'comum.config.configuration' from 'C:\\RPA\\Dtraf\\MVP2\\MVP2\\DETRAF-UNIFICADO\\unificado\\comum\\config\\configurat...
                │         │       └ 'Prezados,\n\nOs arquivos de Detraf abaixo, enviados por sua empresa nesta mensagem, não\npuderam ser processados e estão sen...
                │         └ ArquivoParaProcessar(caminho=WindowsPath('C:/RPA/Dtraf/MVP2/MVP2/DETRAF-UNIFICADO/unificado/arquivos/Entrada/9D024E55DD250D4D...
                └ <bound method OutlookController.responder of <src.controllers.outlook_controller.OutlookController object at 0x000001FEBB0855...

> File "C:\RPA\Dtraf\MVP2\MVP2\DETRAF-UNIFICADO\unificado\rpa1_captura\src\controllers\outlook_controller.py", line 234, in responder
    OutlookService(self._config.account).responder_email(
    │              │    │       └ 'detrafTBRA'
    │              │    └ OutlookConfig(account='detrafTBRA', detraf_despesas_folder='Detraf Despesas', processados_folder='PROCESSADOS', dest_root=Win...
    │              └ <src.controllers.outlook_controller.OutlookController object at 0x000001FEBB085550>
    └ <class 'comum.integracoes.outlook.OutlookService'>

  File "C:\RPA\Dtraf\MVP2\MVP2\DETRAF-UNIFICADO\unificado\comum\integracoes\outlook.py", line 303, in responder_email
    raise OutlookError(f"Falha ao responder o e-mail '{entry_id}': {exc}") from exc
          │                                            └ '00000000A949F53E017BB44C86E46D56D2D6BB100700F25FC41A3584FC499D024E55DD250D4D00005211FBDF0000137D0D4C70E1CF4091747B97613AB5A6...
          └ <class 'comum.integracoes.outlook.OutlookError'>

comum.integracoes.outlook.OutlookError: Falha ao responder o e-mail '00000000A949F53E017BB44C86E46D56D2D6BB100700F25FC41A3584FC499D024E55DD250D4D00005211FBDF0000137D0D4C70E1CF4091747B97613AB5A60000A35B1B720000': (-2147467260, 'Operação anulada', None, None)
2026-08-13 11:54:47.118 | INFO    |src.services.processamento_service:executar:151 - [RPA 1] E-mail de origem de 'EC INTEREDE 202605.xlsx': 3 arquivo(s) recusado(s), operadora NÃO notificada.
2026-08-13 11:54:47.143 | INFO    |src.services.processamento_service:executar:153 - Resumo — Sucesso: 19 | Reprovados: 94 | Não identificados: 0 | Erros: 0
2026-08-13 11:54:47.145 | INFO    |src.controllers.processamento_controller:processar:158 - [RPA 1 — etapa 2/2: identificação e salvamento] Arquivos salvos:          19
2026-08-13 11:54:47.145 | INFO    |src.controllers.processamento_controller:processar:158 - [RPA 1 — etapa 2/2: identificação e salvamento] Reprovados na validação:  94
2026-08-13 11:54:47.146 | INFO    |src.controllers.processamento_controller:processar:158 - [RPA 1 — etapa 2/2: identificação e salvamento] Não identificados:        0
2026-08-13 11:54:47.147 | INFO    |src.controllers.processamento_controller:processar:158 - [RPA 1 — etapa 2/2: identificação e salvamento] Com erro:                 0
2026-08-13 11:54:47.147 | INFO    |src.controllers.processamento_controller:processar:158 - [RPA 1 — etapa 2/2: identificação e salvamento] Reprovados (vão para a quarentena, não para a operadora):
2026-08-13 11:54:47.148 | INFO    |src.controllers.processamento_controller:processar:158 - [RPA 1 — etapa 2/2: identificação e salvamento]   Claro SMP - Receita - Rede SIP - 07.2026 - Enviado TLF.xlsx (Claro STFC)
2026-08-13 11:54:47.148 | INFO    |src.controllers.processamento_controller:processar:158 - [RPA 1 — etapa 2/2: identificação e salvamento]       o arquivo não pôde ser lido (formato, codificação ou conteúdo corrompido).
2026-08-13 11:54:47.149 | INFO    |src.controllers.processamento_controller:processar:158 - [RPA 1 — etapa 2/2: identificação e salvamento]       operadora notificada: NÃO
2026-08-13 11:54:47.149 | INFO    |src.controllers.processamento_controller:processar:158 - [RPA 1 — etapa 2/2: identificação e salvamento]   Agil_Vivo_202607.csv (Agil Telecom)
2026-08-13 11:54:47.149 | INFO    |src.controllers.processamento_controller:processar:158 - [RPA 1 — etapa 2/2: identificação e salvamento]       posição 0 (Credora): esperado EOT numérica, encontrado "B67", "B67", "B67" [0/10 válidos]
2026-08-13 11:54:47.150 | INFO    |src.controllers.processamento_controller:processar:158 - [RPA 1 — etapa 2/2: identificação e salvamento]       operadora notificada: NÃO
2026-08-13 11:54:47.151 | INFO    |src.controllers.processamento_controller:processar:158 - [RPA 1 — etapa 2/2: identificação e salvamento]   Agil_Vivo_SMP_202607.csv (Agil Telecom)
2026-08-13 11:54:47.151 | INFO    |src.controllers.processamento_controller:processar:158 - [RPA 1 — etapa 2/2: identificação e salvamento]       posição 0 (Credora): esperado EOT numérica, encontrado "B67", "B67", "B68" [0/4 válidos]
2026-08-13 11:54:47.152 | INFO    |src.controllers.processamento_controller:processar:158 - [RPA 1 — etapa 2/2: identificação e salvamento]       operadora notificada: NÃO
2026-08-13 11:54:47.152 | INFO    |src.controllers.processamento_controller:processar:158 - [RPA 1 — etapa 2/2: identificação e salvamento]   Ampernet_Vivo_202607.csv (Ampernet)
2026-08-13 11:54:47.153 | INFO    |src.controllers.processamento_controller:processar:158 - [RPA 1 — etapa 2/2: identificação e salvamento]       Coluna 10 (Minutos): os minutos admitem no máximo 1 casa decimal.
2026-08-13 11:54:47.153 | INFO    |src.controllers.processamento_controller:processar:158 - [RPA 1 — etapa 2/2: identificação e salvamento]       operadora notificada: NÃO
2026-08-13 11:54:47.153 | INFO    |src.controllers.processamento_controller:processar:158 - [RPA 1 — etapa 2/2: identificação e salvamento]   Detraf Nova x Vivo SMP 202605.csv (Nova Tecnologia e Telecomunicacoes)
2026-08-13 11:54:47.154 | INFO    |src.controllers.processamento_controller:processar:158 - [RPA 1 — etapa 2/2: identificação e salvamento]       Coluna 3 (Referência): a referência precisa ser 202607 (AAAAMM) em todas as linhas.
2026-08-13 11:54:47.154 | INFO    |src.controllers.processamento_controller:processar:158 - [RPA 1 — etapa 2/2: identificação e salvamento]       operadora notificada: NÃO
2026-08-13 11:54:47.154 | INFO    |src.controllers.processamento_controller:processar:158 - [RPA 1 — etapa 2/2: identificação e salvamento]   Detraf Nova x TLF_011 202605.csv (Nova Tecnologia e Telecomunicacoes)
2026-08-13 11:54:47.155 | INFO    |src.controllers.processamento_controller:processar:158 - [RPA 1 — etapa 2/2: identificação e salvamento]       Coluna 3 (Referência): a referência precisa ser 202607 (AAAAMM) em todas as linhas.
2026-08-13 11:54:47.155 | INFO    |src.controllers.processamento_controller:processar:158 - [RPA 1 — etapa 2/2: identificação e salvamento]       operadora notificada: NÃO
2026-08-13 11:54:47.155 | INFO    |src.controllers.processamento_controller:processar:158 - [RPA 1 — etapa 2/2: identificação e salvamento]   VIVO.xlsx (Tcheturbo Internet Provider)
2026-08-13 11:54:47.156 | INFO    |src.controllers.processamento_controller:processar:158 - [RPA 1 — etapa 2/2: identificação e salvamento]       Tarifas remuneradas: há linhas cuja tarifa não corresponde à tarifa regulada vigente para a região, o grupo horário e o mês de tráfego da linha.
2026-08-13 11:54:47.156 | INFO    |src.controllers.processamento_controller:processar:158 - [RPA 1 — etapa 2/2: identificação e salvamento]       operadora notificada: NÃO
2026-08-13 11:54:47.156 | INFO    |src.controllers.processamento_controller:processar:158 - [RPA 1 — etapa 2/2: identificação e salvamento]   Declaração de Tráfego UFINET x VIVO SMP 07-2026.xlsx (UFINET BRASIL)
2026-08-13 11:54:47.157 | INFO    |src.controllers.processamento_controller:processar:158 - [RPA 1 — etapa 2/2: identificação e salvamento]       Coluna 10 (Minutos): os minutos admitem no máximo 1 casa decimal.
2026-08-13 11:54:47.157 | INFO    |src.controllers.processamento_controller:processar:158 - [RPA 1 — etapa 2/2: identificação e salvamento]       operadora notificada: NÃO
2026-08-13 11:54:47.157 | INFO    |src.controllers.processamento_controller:processar:158 - [RPA 1 — etapa 2/2: identificação e salvamento]   detraf_202607_O51_010.csv (Union)
2026-08-13 11:54:47.157 | INFO    |src.controllers.processamento_controller:processar:158 - [RPA 1 — etapa 2/2: identificação e salvamento]       posição 0 (Credora): esperado EOT numérica, encontrado "O51", "O31", "H90" [0/5 válidos]
2026-08-13 11:54:47.158 | INFO    |src.controllers.processamento_controller:processar:158 - [RPA 1 — etapa 2/2: identificação e salvamento]       operadora notificada: NÃO
2026-08-13 11:54:47.158 | INFO    |src.controllers.processamento_controller:processar:158 - [RPA 1 — etapa 2/2: identificação e salvamento]   detraf_202607_O51_011.csv (Union)
2026-08-13 11:54:47.158 | INFO    |src.controllers.processamento_controller:processar:158 - [RPA 1 — etapa 2/2: identificação e salvamento]       posição 0 (Credora): esperado EOT numérica, encontrado "H90", "H90", "nan" [0/3 válidos]
2026-08-13 11:54:47.159 | INFO    |src.controllers.processamento_controller:processar:158 - [RPA 1 — etapa 2/2: identificação e salvamento]       operadora notificada: NÃO
2026-08-13 11:54:47.159 | INFO    |src.controllers.processamento_controller:processar:158 - [RPA 1 — etapa 2/2: identificação e salvamento]   DETRAF_IDT_TELEFONICA_07-2026_CRED.csv (IDT Brasil)
2026-08-13 11:54:47.159 | INFO    |src.controllers.processamento_controller:processar:158 - [RPA 1 — etapa 2/2: identificação e salvamento]       Tarifas remuneradas: há linhas cuja tarifa não corresponde à tarifa regulada vigente para a região, o grupo horário e o mês de tráfego da linha.
2026-08-13 11:54:47.160 | INFO    |src.controllers.processamento_controller:processar:158 - [RPA 1 — etapa 2/2: identificação e salvamento]       operadora notificada: NÃO
2026-08-13 11:54:47.161 | INFO    |src.controllers.processamento_controller:processar:158 - [RPA 1 — etapa 2/2: identificação e salvamento]   DETRAF_IDT_VIVO_07-2026_CRED.csv (IDT Brasil)
2026-08-13 11:54:47.161 | INFO    |src.controllers.processamento_controller:processar:158 - [RPA 1 — etapa 2/2: identificação e salvamento]       Tarifas remuneradas: há linhas cuja tarifa não corresponde à tarifa regulada vigente para a região, o grupo horário e o mês de tráfego da linha.
2026-08-13 11:54:47.162 | INFO    |src.controllers.processamento_controller:processar:158 - [RPA 1 — etapa 2/2: identificação e salvamento]       operadora notificada: NÃO
2026-08-13 11:54:47.162 | INFO    |src.controllers.processamento_controller:processar:158 - [RPA 1 — etapa 2/2: identificação e salvamento]   expectativa-telefonica-brasil-smp-c-vc1-202607.xlsx (Gigalink)
2026-08-13 11:54:47.163 | INFO    |src.controllers.processamento_controller:processar:158 - [RPA 1 — etapa 2/2: identificação e salvamento]       posição 0 (Credora): esperado EOT numérica, encontrado "B19", "B19", "B19" [0/4 válidos]
2026-08-13 11:54:47.163 | INFO    |src.controllers.processamento_controller:processar:158 - [RPA 1 — etapa 2/2: identificação e salvamento]       operadora notificada: NÃO
2026-08-13 11:54:47.163 | INFO    |src.controllers.processamento_controller:processar:158 - [RPA 1 — etapa 2/2: identificação e salvamento]   expectativa-telefonica-brasil-stfc-c-ldn-202607.xlsx (Gigalink)
2026-08-13 11:54:47.164 | INFO    |src.controllers.processamento_controller:processar:158 - [RPA 1 — etapa 2/2: identificação e salvamento]       posição 0 (Credora): esperado EOT numérica, encontrado "B19", "B19", "B19" [0/7 válidos]
2026-08-13 11:54:47.164 | INFO    |src.controllers.processamento_controller:processar:158 - [RPA 1 — etapa 2/2: identificação e salvamento]       operadora notificada: NÃO
2026-08-13 11:54:47.164 | INFO    |src.controllers.processamento_controller:processar:158 - [RPA 1 — etapa 2/2: identificação e salvamento]   DETRAF VMAX x TELEFONICA LDN_202607.xlsx ((não identificada))
2026-08-13 11:54:47.164 | INFO    |src.controllers.processamento_controller:processar:158 - [RPA 1 — etapa 2/2: identificação e salvamento]       o arquivo não pôde ser lido (formato, codificação ou conteúdo corrompido).
2026-08-13 11:54:47.165 | INFO    |src.controllers.processamento_controller:processar:158 - [RPA 1 — etapa 2/2: identificação e salvamento]       operadora notificada: NÃO
2026-08-13 11:54:47.165 | INFO    |src.controllers.processamento_controller:processar:158 - [RPA 1 — etapa 2/2: identificação e salvamento]   DETRAF VMAX x TELEFONICA SMP_202607.xlsx ((não identificada))
2026-08-13 11:54:47.165 | INFO    |src.controllers.processamento_controller:processar:158 - [RPA 1 — etapa 2/2: identificação e salvamento]       o arquivo não pôde ser lido (formato, codificação ou conteúdo corrompido).
2026-08-13 11:54:47.166 | INFO    |src.controllers.processamento_controller:processar:158 - [RPA 1 — etapa 2/2: identificação e salvamento]       operadora notificada: NÃO
2026-08-13 11:54:47.166 | INFO    |src.controllers.processamento_controller:processar:158 - [RPA 1 — etapa 2/2: identificação e salvamento]   Declaração de Tráfego G30 x VIVO SMP 07-2026.xls ((não identificada))
2026-08-13 11:54:47.167 | INFO    |src.controllers.processamento_controller:processar:158 - [RPA 1 — etapa 2/2: identificação e salvamento]       o arquivo não pôde ser lido (formato, codificação ou conteúdo corrompido).
2026-08-13 11:54:47.167 | INFO    |src.controllers.processamento_controller:processar:158 - [RPA 1 — etapa 2/2: identificação e salvamento]       operadora notificada: NÃO
2026-08-13 11:54:47.167 | INFO    |src.controllers.processamento_controller:processar:158 - [RPA 1 — etapa 2/2: identificação e salvamento]   Declaração de Tráfego VOCÊ TELECOM x VIVO SMP_202607.xls ((não identificada))
2026-08-13 11:54:47.167 | INFO    |src.controllers.processamento_controller:processar:158 - [RPA 1 — etapa 2/2: identificação e salvamento]       o arquivo não pôde ser lido (formato, codificação ou conteúdo corrompido).
2026-08-13 11:54:47.168 | INFO    |src.controllers.processamento_controller:processar:158 - [RPA 1 — etapa 2/2: identificação e salvamento]       operadora notificada: NÃO
2026-08-13 11:54:47.168 | INFO    |src.controllers.processamento_controller:processar:158 - [RPA 1 — etapa 2/2: identificação e salvamento]   DETRAF_FINAL_202607_HOME_TELEFONICA_C_20260804195316_ITX.csv (Claro SMP)
2026-08-13 11:54:47.168 | INFO    |src.controllers.processamento_controller:processar:158 - [RPA 1 — etapa 2/2: identificação e salvamento]       Tarifas remuneradas: há linhas cuja tarifa não corresponde à tarifa regulada vigente para a região, o grupo horário e o mês de tráfego da linha.
2026-08-13 11:54:47.169 | INFO    |src.controllers.processamento_controller:processar:158 - [RPA 1 — etapa 2/2: identificação e salvamento]       operadora notificada: NÃO
2026-08-13 11:54:47.169 | INFO    |src.controllers.processamento_controller:processar:158 - [RPA 1 — etapa 2/2: identificação e salvamento]   DETRAF_FINAL_202607_HOME_VIVO_STFC_C_20260804195317_ITX.csv (Claro SMP)
2026-08-13 11:54:47.169 | INFO    |src.controllers.processamento_controller:processar:158 - [RPA 1 — etapa 2/2: identificação e salvamento]       Tarifas remuneradas: há linhas cuja tarifa não corresponde à tarifa regulada vigente para a região, o grupo horário e o mês de tráfego da linha.
2026-08-13 11:54:47.169 | INFO    |src.controllers.processamento_controller:processar:158 - [RPA 1 — etapa 2/2: identificação e salvamento]       operadora notificada: NÃO
2026-08-13 11:54:47.170 | INFO    |src.controllers.processamento_controller:processar:158 - [RPA 1 — etapa 2/2: identificação e salvamento]   DETRAF_FINAL_202607_HOME_VIVO_C_20260804195317_ITX.csv (Claro SMP)
2026-08-13 11:54:47.170 | INFO    |src.controllers.processamento_controller:processar:158 - [RPA 1 — etapa 2/2: identificação e salvamento]       Colunas 12 a 15 (valores financeiros): os valores financeiros admitem no máximo 2 casas decimais.
2026-08-13 11:54:47.170 | INFO    |src.controllers.processamento_controller:processar:158 - [RPA 1 — etapa 2/2: identificação e salvamento]       operadora notificada: NÃO
2026-08-13 11:54:47.171 | INFO    |src.controllers.processamento_controller:processar:158 - [RPA 1 — etapa 2/2: identificação e salvamento]   expectativa-telefonica-brasil-smp-c-vc1-202607.xlsx (T1 Telecom)
2026-08-13 11:54:47.171 | INFO    |src.controllers.processamento_controller:processar:158 - [RPA 1 — etapa 2/2: identificação e salvamento]       posição 0 (Credora): esperado EOT numérica, encontrado "E39", "E39", "E39" [0/7 válidos]
2026-08-13 11:54:47.171 | INFO    |src.controllers.processamento_controller:processar:158 - [RPA 1 — etapa 2/2: identificação e salvamento]       operadora notificada: NÃO
2026-08-13 11:54:47.172 | INFO    |src.controllers.processamento_controller:processar:158 - [RPA 1 — etapa 2/2: identificação e salvamento]   expectativa-telefonica-brasil-stfc-c-ldn-202607.xlsx (T1 Telecom)
2026-08-13 11:54:47.172 | INFO    |src.controllers.processamento_controller:processar:158 - [RPA 1 — etapa 2/2: identificação e salvamento]       posição 0 (Credora): esperado EOT numérica, encontrado "E39", "E39", "E39" [0/4 válidos]
2026-08-13 11:54:47.173 | INFO    |src.controllers.processamento_controller:processar:158 - [RPA 1 — etapa 2/2: identificação e salvamento]       operadora notificada: NÃO
2026-08-13 11:54:47.173 | INFO    |src.controllers.processamento_controller:processar:158 - [RPA 1 — etapa 2/2: identificação e salvamento]   DETRAF-TMCO ( ITELCO X VIVO 07-26).xlsx (Itelco Telecom)
2026-08-13 11:54:47.173 | INFO    |src.controllers.processamento_controller:processar:158 - [RPA 1 — etapa 2/2: identificação e salvamento]       posição 0 (Credora): esperado EOT numérica, encontrado "H35", "H35", "nan" [0/3 válidos]
2026-08-13 11:54:47.174 | INFO    |src.controllers.processamento_controller:processar:158 - [RPA 1 — etapa 2/2: identificação e salvamento]       operadora notificada: NÃO
2026-08-13 11:54:47.174 | INFO    |src.controllers.processamento_controller:processar:158 - [RPA 1 — etapa 2/2: identificação e salvamento]   DETRAF-TMCO-0128-2026-ITELCO-VIVO SMP- RESUMO_EOT -10_202607.xls ((não identificada))
2026-08-13 11:54:47.174 | INFO    |src.controllers.processamento_controller:processar:158 - [RPA 1 — etapa 2/2: identificação e salvamento]       o arquivo não pôde ser lido (formato, codificação ou conteúdo corrompido).
2026-08-13 11:54:47.175 | INFO    |src.controllers.processamento_controller:processar:158 - [RPA 1 — etapa 2/2: identificação e salvamento]       operadora notificada: NÃO
2026-08-13 11:54:47.175 | INFO    |src.controllers.processamento_controller:processar:158 - [RPA 1 — etapa 2/2: identificação e salvamento]   Declaração de Tráfego DUARTE DIAS x VIVO LD_07-2026.xls ((não identificada))
2026-08-13 11:54:47.176 | INFO    |src.controllers.processamento_controller:processar:158 - [RPA 1 — etapa 2/2: identificação e salvamento]       o arquivo não pôde ser lido (formato, codificação ou conteúdo corrompido).
2026-08-13 11:54:47.177 | INFO    |src.controllers.processamento_controller:processar:158 - [RPA 1 — etapa 2/2: identificação e salvamento]       operadora notificada: NÃO
2026-08-13 11:54:47.177 | INFO    |src.controllers.processamento_controller:processar:158 - [RPA 1 — etapa 2/2: identificação e salvamento]   Declaração de Tráfego DUARTE DIAS x VIVO SMP_07-2026.xls ((não identificada))
2026-08-13 11:54:47.178 | INFO    |src.controllers.processamento_controller:processar:158 - [RPA 1 — etapa 2/2: identificação e salvamento]       o arquivo não pôde ser lido (formato, codificação ou conteúdo corrompido).
2026-08-13 11:54:47.179 | INFO    |src.controllers.processamento_controller:processar:158 - [RPA 1 — etapa 2/2: identificação e salvamento]       operadora notificada: NÃO
2026-08-13 11:54:47.179 | INFO    |src.controllers.processamento_controller:processar:158 - [RPA 1 — etapa 2/2: identificação e salvamento]   expectativa-telefonica-brasil-smp-c-vc1-202607.xlsx (LH Telecomunicacoes LTDA)
2026-08-13 11:54:47.179 | INFO    |src.controllers.processamento_controller:processar:158 - [RPA 1 — etapa 2/2: identificação e salvamento]       posição 0 (Credora): esperado EOT numérica, encontrado "N33", "N33", "nan" [0/3 válidos]
2026-08-13 11:54:47.180 | INFO    |src.controllers.processamento_controller:processar:158 - [RPA 1 — etapa 2/2: identificação e salvamento]       operadora notificada: NÃO
2026-08-13 11:54:47.180 | INFO    |src.controllers.processamento_controller:processar:158 - [RPA 1 — etapa 2/2: identificação e salvamento]   expectativa-telefonica-brasil-stfc-c-ldn-202607.xlsx (LH Telecomunicacoes LTDA)
2026-08-13 11:54:47.181 | INFO    |src.controllers.processamento_controller:processar:158 - [RPA 1 — etapa 2/2: identificação e salvamento]       posição 0 (Credora): esperado EOT numérica, encontrado "N33", "N33", "N33" [0/4 válidos]
2026-08-13 11:54:47.181 | INFO    |src.controllers.processamento_controller:processar:158 - [RPA 1 — etapa 2/2: identificação e salvamento]       operadora notificada: NÃO
2026-08-13 11:54:47.182 | INFO    |src.controllers.processamento_controller:processar:158 - [RPA 1 — etapa 2/2: identificação e salvamento]   Declaração de Tráfego JP x VIVO LD_07-2026.xls ((não identificada))
2026-08-13 11:54:47.182 | INFO    |src.controllers.processamento_controller:processar:158 - [RPA 1 — etapa 2/2: identificação e salvamento]       o arquivo não pôde ser lido (formato, codificação ou conteúdo corrompido).
2026-08-13 11:54:47.187 | INFO    |src.controllers.processamento_controller:processar:158 - [RPA 1 — etapa 2/2: identificação e salvamento]       operadora notificada: NÃO
2026-08-13 11:54:47.187 | INFO    |src.controllers.processamento_controller:processar:158 - [RPA 1 — etapa 2/2: identificação e salvamento]   Declaração de Tráfego JP x VIVO SMP_07-2026.xls ((não identificada))
2026-08-13 11:54:47.188 | INFO    |src.controllers.processamento_controller:processar:158 - [RPA 1 — etapa 2/2: identificação e salvamento]       o arquivo não pôde ser lido (formato, codificação ou conteúdo corrompido).
2026-08-13 11:54:47.189 | INFO    |src.controllers.processamento_controller:processar:158 - [RPA 1 — etapa 2/2: identificação e salvamento]       operadora notificada: NÃO
2026-08-13 11:54:47.189 | INFO    |src.controllers.processamento_controller:processar:158 - [RPA 1 — etapa 2/2: identificação e salvamento]   expectativa-telefonica-brasil-smp-c-vc1-202607.xlsx (Invista Net)
2026-08-13 11:54:47.190 | INFO    |src.controllers.processamento_controller:processar:158 - [RPA 1 — etapa 2/2: identificação e salvamento]       posição 0 (Credora): esperado EOT numérica, encontrado "L40", "L40", "nan" [0/3 válidos]
2026-08-13 11:54:47.190 | INFO    |src.controllers.processamento_controller:processar:158 - [RPA 1 — etapa 2/2: identificação e salvamento]       operadora notificada: NÃO
2026-08-13 11:54:47.191 | INFO    |src.controllers.processamento_controller:processar:158 - [RPA 1 — etapa 2/2: identificação e salvamento]   expectativa-telefonica-brasil-stfc-c-ldn-202607.xlsx (Invista Net)
2026-08-13 11:54:47.192 | INFO    |src.controllers.processamento_controller:processar:158 - [RPA 1 — etapa 2/2: identificação e salvamento]       posição 0 (Credora): esperado EOT numérica, encontrado "L40", "L40", "L40" [0/6 válidos]
2026-08-13 11:54:47.192 | INFO    |src.controllers.processamento_controller:processar:158 - [RPA 1 — etapa 2/2: identificação e salvamento]       operadora notificada: NÃO
2026-08-13 11:54:47.193 | INFO    |src.controllers.processamento_controller:processar:158 - [RPA 1 — etapa 2/2: identificação e salvamento]   Declaração de Tráfego FLEXUS x VIVO LD_07-2026.xls ((não identificada))
2026-08-13 11:54:47.193 | INFO    |src.controllers.processamento_controller:processar:158 - [RPA 1 — etapa 2/2: identificação e salvamento]       o arquivo não pôde ser lido (formato, codificação ou conteúdo corrompido).
2026-08-13 11:54:47.195 | INFO    |src.controllers.processamento_controller:processar:158 - [RPA 1 — etapa 2/2: identificação e salvamento]       operadora notificada: NÃO
2026-08-13 11:54:47.196 | INFO    |src.controllers.processamento_controller:processar:158 - [RPA 1 — etapa 2/2: identificação e salvamento]   Declaração de Tráfego FLEXUS x VIVO SMP_07-2026.xls ((não identificada))
2026-08-13 11:54:47.196 | INFO    |src.controllers.processamento_controller:processar:158 - [RPA 1 — etapa 2/2: identificação e salvamento]       o arquivo não pôde ser lido (formato, codificação ou conteúdo corrompido).
2026-08-13 11:54:47.197 | INFO    |src.controllers.processamento_controller:processar:158 - [RPA 1 — etapa 2/2: identificação e salvamento]       operadora notificada: NÃO
2026-08-13 11:54:47.198 | INFO    |src.controllers.processamento_controller:processar:158 - [RPA 1 — etapa 2/2: identificação e salvamento]   Declaração de Tráfego BRA x VIVO LD_07-2026.xls ((não identificada))
2026-08-13 11:54:47.199 | INFO    |src.controllers.processamento_controller:processar:158 - [RPA 1 — etapa 2/2: identificação e salvamento]       o arquivo não pôde ser lido (formato, codificação ou conteúdo corrompido).
2026-08-13 11:54:47.199 | INFO    |src.controllers.processamento_controller:processar:158 - [RPA 1 — etapa 2/2: identificação e salvamento]       operadora notificada: NÃO
2026-08-13 11:54:47.200 | INFO    |src.controllers.processamento_controller:processar:158 - [RPA 1 — etapa 2/2: identificação e salvamento]   Declaração de Tráfego BRA x VIVO SMP_07-2026.xls ((não identificada))
2026-08-13 11:54:47.200 | INFO    |src.controllers.processamento_controller:processar:158 - [RPA 1 — etapa 2/2: identificação e salvamento]       o arquivo não pôde ser lido (formato, codificação ou conteúdo corrompido).
2026-08-13 11:54:47.201 | INFO    |src.controllers.processamento_controller:processar:158 - [RPA 1 — etapa 2/2: identificação e salvamento]       operadora notificada: NÃO
2026-08-13 11:54:47.201 | INFO    |src.controllers.processamento_controller:processar:158 - [RPA 1 — etapa 2/2: identificação e salvamento]   DETRAF-TMCO-0122-2026-GGNET-VIVO STFC - RESUMO_EOT_200_948_202607.xls ((não identificada))
2026-08-13 11:54:47.202 | INFO    |src.controllers.processamento_controller:processar:158 - [RPA 1 — etapa 2/2: identificação e salvamento]       o arquivo não pôde ser lido (formato, codificação ou conteúdo corrompido).
2026-08-13 11:54:47.203 | INFO    |src.controllers.processamento_controller:processar:158 - [RPA 1 — etapa 2/2: identificação e salvamento]       operadora notificada: NÃO
2026-08-13 11:54:47.204 | INFO    |src.controllers.processamento_controller:processar:158 - [RPA 1 — etapa 2/2: identificação e salvamento]   DETRAF-TMCO-0123-2026-GGNET-VIVO SMP - RESUMO EOT_044_045_202607.xls ((não identificada))
2026-08-13 11:54:47.204 | INFO    |src.controllers.processamento_controller:processar:158 - [RPA 1 — etapa 2/2: identificação e salvamento]       o arquivo não pôde ser lido (formato, codificação ou conteúdo corrompido).
2026-08-13 11:54:47.205 | INFO    |src.controllers.processamento_controller:processar:158 - [RPA 1 — etapa 2/2: identificação e salvamento]       operadora notificada: NÃO
2026-08-13 11:54:47.206 | INFO    |src.controllers.processamento_controller:processar:158 - [RPA 1 — etapa 2/2: identificação e salvamento]   BALANCE_ALGAR_X_VIVO_SMP_R_202607_V00.csv (Algar)
2026-08-13 11:54:47.206 | INFO    |src.controllers.processamento_controller:processar:158 - [RPA 1 — etapa 2/2: identificação e salvamento]       o arquivo não pôde ser lido (formato, codificação ou conteúdo corrompido).
2026-08-13 11:54:47.207 | INFO    |src.controllers.processamento_controller:processar:158 - [RPA 1 — etapa 2/2: identificação e salvamento]       operadora notificada: NÃO
2026-08-13 11:54:47.207 | INFO    |src.controllers.processamento_controller:processar:158 - [RPA 1 — etapa 2/2: identificação e salvamento]   DETRAT_ALGAR_X_VIVO_SMP_R_202607_V00.csv (Algar)
2026-08-13 11:54:47.208 | INFO    |src.controllers.processamento_controller:processar:158 - [RPA 1 — etapa 2/2: identificação e salvamento]       Tarifas remuneradas: há linhas cuja tarifa não corresponde à tarifa regulada vigente para a região, o grupo horário e o mês de tráfego da linha.
2026-08-13 11:54:47.209 | INFO    |src.controllers.processamento_controller:processar:158 - [RPA 1 — etapa 2/2: identificação e salvamento]       operadora notificada: NÃO
2026-08-13 11:54:47.210 | INFO    |src.controllers.processamento_controller:processar:158 - [RPA 1 — etapa 2/2: identificação e salvamento]   DETRAT_ALGAR_X_VIVO_STFC_R_202607_V00.csv (Algar)
2026-08-13 11:54:47.214 | INFO    |src.controllers.processamento_controller:processar:158 - [RPA 1 — etapa 2/2: identificação e salvamento]       Tarifas remuneradas: há linhas cuja tarifa não corresponde à tarifa regulada vigente para a região, o grupo horário e o mês de tráfego da linha.
2026-08-13 11:54:47.215 | INFO    |src.controllers.processamento_controller:processar:158 - [RPA 1 — etapa 2/2: identificação e salvamento]       operadora notificada: NÃO
2026-08-13 11:54:47.216 | INFO    |src.controllers.processamento_controller:processar:158 - [RPA 1 — etapa 2/2: identificação e salvamento]   DETRAF_ONE_Vivo-Julho-2026.xlsx (One Telecom)
2026-08-13 11:54:47.216 | INFO    |src.controllers.processamento_controller:processar:158 - [RPA 1 — etapa 2/2: identificação e salvamento]       Coluna 10 (Minutos): os minutos admitem no máximo 1 casa decimal.
2026-08-13 11:54:47.217 | INFO    |src.controllers.processamento_controller:processar:158 - [RPA 1 — etapa 2/2: identificação e salvamento]       operadora notificada: NÃO
2026-08-13 11:54:47.218 | INFO    |src.controllers.processamento_controller:processar:158 - [RPA 1 — etapa 2/2: identificação e salvamento]   DETRAF_ONE_Telefonica-GVT-Julho-2026.xlsx ((não identificada))
2026-08-13 11:54:47.219 | INFO    |src.controllers.processamento_controller:processar:158 - [RPA 1 — etapa 2/2: identificação e salvamento]       o arquivo não pôde ser lido (formato, codificação ou conteúdo corrompido).
2026-08-13 11:54:47.220 | INFO    |src.controllers.processamento_controller:processar:158 - [RPA 1 — etapa 2/2: identificação e salvamento]       operadora notificada: NÃO
2026-08-13 11:54:47.222 | INFO    |src.controllers.processamento_controller:processar:158 - [RPA 1 — etapa 2/2: identificação e salvamento]   DETRAF VIVO - CICLO 072026.csv (Duo Telecom)
2026-08-13 11:54:47.223 | INFO    |src.controllers.processamento_controller:processar:158 - [RPA 1 — etapa 2/2: identificação e salvamento]       posição 0 (Credora): esperado EOT numérica, encontrado "L74", "J07", "J07" [0/103 válidos]
2026-08-13 11:54:47.223 | INFO    |src.controllers.processamento_controller:processar:158 - [RPA 1 — etapa 2/2: identificação e salvamento]       operadora notificada: NÃO
2026-08-13 11:54:47.224 | INFO    |src.controllers.processamento_controller:processar:158 - [RPA 1 — etapa 2/2: identificação e salvamento]   MUNDIVOX_VIVO_202607.csv (Mundivox)
2026-08-13 11:54:47.225 | INFO    |src.controllers.processamento_controller:processar:158 - [RPA 1 — etapa 2/2: identificação e salvamento]       Coluna 10 (Minutos): os minutos admitem no máximo 1 casa decimal.
2026-08-13 11:54:47.226 | INFO    |src.controllers.processamento_controller:processar:158 - [RPA 1 — etapa 2/2: identificação e salvamento]       operadora notificada: NÃO
2026-08-13 11:54:47.227 | INFO    |src.controllers.processamento_controller:processar:158 - [RPA 1 — etapa 2/2: identificação e salvamento]   DETRAF_SOTHIS_X_VIVO_202607.xlsx (Sothis)
2026-08-13 11:54:47.229 | INFO    |src.controllers.processamento_controller:processar:158 - [RPA 1 — etapa 2/2: identificação e salvamento]       Coluna 11 (Tarifa): a tarifa admite no máximo 5 casas decimais e não pode ser zero.
2026-08-13 11:54:47.230 | INFO    |src.controllers.processamento_controller:processar:158 - [RPA 1 — etapa 2/2: identificação e salvamento]       operadora notificada: NÃO
2026-08-13 11:54:47.230 | INFO    |src.controllers.processamento_controller:processar:158 - [RPA 1 — etapa 2/2: identificação e salvamento]   DETRAF_FINAL_202607_HOME_VIVO_C_20260804195236_SMS.csv (Claro STFC)
2026-08-13 11:54:47.231 | INFO    |src.controllers.processamento_controller:processar:158 - [RPA 1 — etapa 2/2: identificação e salvamento]       posição 7 (GH): esperado S, R, N ou D, encontrado "F", "nan", "F" [0/200 válidos]
2026-08-13 11:54:47.232 | INFO    |src.controllers.processamento_controller:processar:158 - [RPA 1 — etapa 2/2: identificação e salvamento]       operadora notificada: NÃO
2026-08-13 11:54:47.232 | INFO    |src.controllers.processamento_controller:processar:158 - [RPA 1 — etapa 2/2: identificação e salvamento]   DETRAF CLARO STFC LD X TELEFONICA 202607.xls (Claro STFC)
2026-08-13 11:54:47.232 | INFO    |src.controllers.processamento_controller:processar:158 - [RPA 1 — etapa 2/2: identificação e salvamento]       o arquivo não pôde ser lido (formato, codificação ou conteúdo corrompido).
2026-08-13 11:54:47.233 | INFO    |src.controllers.processamento_controller:processar:158 - [RPA 1 — etapa 2/2: identificação e salvamento]       operadora notificada: NÃO
2026-08-13 11:54:47.233 | INFO    |src.controllers.processamento_controller:processar:158 - [RPA 1 — etapa 2/2: identificação e salvamento]   DETRAF CLARO STFC LD X VIVO SMP 202607.xls (Claro STFC)
2026-08-13 11:54:47.233 | INFO    |src.controllers.processamento_controller:processar:158 - [RPA 1 — etapa 2/2: identificação e salvamento]       o arquivo não pôde ser lido (formato, codificação ou conteúdo corrompido).
2026-08-13 11:54:47.234 | INFO    |src.controllers.processamento_controller:processar:158 - [RPA 1 — etapa 2/2: identificação e salvamento]       operadora notificada: NÃO
2026-08-13 11:54:47.234 | INFO    |src.controllers.processamento_controller:processar:158 - [RPA 1 — etapa 2/2: identificação e salvamento]   DETRAF CLARO STFC LD X VIVO STFC 202607.xls (Claro STFC)
2026-08-13 11:54:47.235 | INFO    |src.controllers.processamento_controller:processar:158 - [RPA 1 — etapa 2/2: identificação e salvamento]       o arquivo não pôde ser lido (formato, codificação ou conteúdo corrompido).
2026-08-13 11:54:47.235 | INFO    |src.controllers.processamento_controller:processar:158 - [RPA 1 — etapa 2/2: identificação e salvamento]       operadora notificada: NÃO
2026-08-13 11:54:47.235 | INFO    |src.controllers.processamento_controller:processar:158 - [RPA 1 — etapa 2/2: identificação e salvamento]   DETRAF CLARO STFC LC X TELEFONICA 202607.xls ((não identificada))
2026-08-13 11:54:47.236 | INFO    |src.controllers.processamento_controller:processar:158 - [RPA 1 — etapa 2/2: identificação e salvamento]       o arquivo não pôde ser lido (formato, codificação ou conteúdo corrompido).
2026-08-13 11:54:47.236 | INFO    |src.controllers.processamento_controller:processar:158 - [RPA 1 — etapa 2/2: identificação e salvamento]       operadora notificada: NÃO
2026-08-13 11:54:47.236 | INFO    |src.controllers.processamento_controller:processar:158 - [RPA 1 — etapa 2/2: identificação e salvamento]   DETRAF CLARO STFC LC X VIVO SMP 202607.xls (Claro STFC)
2026-08-13 11:54:47.236 | INFO    |src.controllers.processamento_controller:processar:158 - [RPA 1 — etapa 2/2: identificação e salvamento]       o arquivo não pôde ser lido (formato, codificação ou conteúdo corrompido).
2026-08-13 11:54:47.237 | INFO    |src.controllers.processamento_controller:processar:158 - [RPA 1 — etapa 2/2: identificação e salvamento]       operadora notificada: NÃO
2026-08-13 11:54:47.237 | INFO    |src.controllers.processamento_controller:processar:158 - [RPA 1 — etapa 2/2: identificação e salvamento]   DETRAF CLARO STFC LC X VIVO STFC 202607.xls (Claro STFC)
2026-08-13 11:54:47.237 | INFO    |src.controllers.processamento_controller:processar:158 - [RPA 1 — etapa 2/2: identificação e salvamento]       o arquivo não pôde ser lido (formato, codificação ou conteúdo corrompido).
2026-08-13 11:54:47.237 | INFO    |src.controllers.processamento_controller:processar:158 - [RPA 1 — etapa 2/2: identificação e salvamento]       operadora notificada: NÃO
2026-08-13 11:54:47.238 | INFO    |src.controllers.processamento_controller:processar:158 - [RPA 1 — etapa 2/2: identificação e salvamento]   D_IPCorp_Telecom_Vivo_-_Fixa_LD_202607.XLS ((não identificada))
2026-08-13 11:54:47.238 | INFO    |src.controllers.processamento_controller:processar:158 - [RPA 1 — etapa 2/2: identificação e salvamento]       o arquivo não pôde ser lido (formato, codificação ou conteúdo corrompido).
2026-08-13 11:54:47.239 | INFO    |src.controllers.processamento_controller:processar:158 - [RPA 1 — etapa 2/2: identificação e salvamento]       operadora notificada: NÃO
2026-08-13 11:54:47.239 | INFO    |src.controllers.processamento_controller:processar:158 - [RPA 1 — etapa 2/2: identificação e salvamento]   D_IPCorp_Telecom_Vivo_-_Móvel_LC_202607.xls ((não identificada))
2026-08-13 11:54:47.240 | INFO    |src.controllers.processamento_controller:processar:158 - [RPA 1 — etapa 2/2: identificação e salvamento]       o arquivo não pôde ser lido (formato, codificação ou conteúdo corrompido).
2026-08-13 11:54:47.240 | INFO    |src.controllers.processamento_controller:processar:158 - [RPA 1 — etapa 2/2: identificação e salvamento]       operadora notificada: NÃO
2026-08-13 11:54:47.240 | INFO    |src.controllers.processamento_controller:processar:158 - [RPA 1 — etapa 2/2: identificação e salvamento]   D_IPCorp_Telecom_Vivo_-_Móvel_LD_202607.XLS ((não identificada))
2026-08-13 11:54:47.241 | INFO    |src.controllers.processamento_controller:processar:158 - [RPA 1 — etapa 2/2: identificação e salvamento]       o arquivo não pôde ser lido (formato, codificação ou conteúdo corrompido).
2026-08-13 11:54:47.241 | INFO    |src.controllers.processamento_controller:processar:158 - [RPA 1 — etapa 2/2: identificação e salvamento]       operadora notificada: NÃO
2026-08-13 11:54:47.242 | INFO    |src.controllers.processamento_controller:processar:158 - [RPA 1 — etapa 2/2: identificação e salvamento]   detraf_072026_credor.xlsx (Xturbo Provedor de Internet EIRELI)
2026-08-13 11:54:47.242 | INFO    |src.controllers.processamento_controller:processar:158 - [RPA 1 — etapa 2/2: identificação e salvamento]       posição 0 (Credora): esperado EOT numérica, encontrado "I55", "I55", "I55" [0/5 válidos]
2026-08-13 11:54:47.243 | INFO    |src.controllers.processamento_controller:processar:158 - [RPA 1 — etapa 2/2: identificação e salvamento]       operadora notificada: NÃO
2026-08-13 11:54:47.243 | INFO    |src.controllers.processamento_controller:processar:158 - [RPA 1 — etapa 2/2: identificação e salvamento]   LYTUX - 07.2026  - VIVO.xlsx (Lytux - PABX Virtual & Telefonia IP)
2026-08-13 11:54:47.244 | INFO    |src.controllers.processamento_controller:processar:158 - [RPA 1 — etapa 2/2: identificação e salvamento]       posição 0 (Credora): esperado EOT numérica, encontrado "E65", "E68", "E66" [0/77 válidos]
2026-08-13 11:54:47.246 | INFO    |src.controllers.processamento_controller:processar:158 - [RPA 1 — etapa 2/2: identificação e salvamento]       operadora notificada: NÃO
2026-08-13 11:54:47.246 | INFO    |src.controllers.processamento_controller:processar:158 - [RPA 1 — etapa 2/2: identificação e salvamento]   NOVACIA - 07.2026 - VIVO.xlsx (Novacia Telecom)
2026-08-13 11:54:47.247 | INFO    |src.controllers.processamento_controller:processar:158 - [RPA 1 — etapa 2/2: identificação e salvamento]       posição 0 (Credora): esperado EOT numérica, encontrado "D67", "D67", "D67" [0/4 válidos]
2026-08-13 11:54:47.249 | INFO    |src.controllers.processamento_controller:processar:158 - [RPA 1 — etapa 2/2: identificação e salvamento]       operadora notificada: NÃO
2026-08-13 11:54:47.249 | INFO    |src.controllers.processamento_controller:processar:158 - [RPA 1 — etapa 2/2: identificação e salvamento]   DETRAF-TMCO-0116-2026-PREDLINK-VIVO SMP - RESUMO_EOT 20-202607.xls ((não identificada))
2026-08-13 11:54:47.251 | INFO    |src.controllers.processamento_controller:processar:158 - [RPA 1 — etapa 2/2: identificação e salvamento]       o arquivo não pôde ser lido (formato, codificação ou conteúdo corrompido).
2026-08-13 11:54:47.252 | INFO    |src.controllers.processamento_controller:processar:158 - [RPA 1 — etapa 2/2: identificação e salvamento]       operadora notificada: NÃO
2026-08-13 11:54:47.253 | INFO    |src.controllers.processamento_controller:processar:158 - [RPA 1 — etapa 2/2: identificação e salvamento]   Detraf Credora Mundo (EOT A04) x Devedora Vivo (EOT 931) - Agosto.2026.csv (Mundo Telecom)
2026-08-13 11:54:47.253 | INFO    |src.controllers.processamento_controller:processar:158 - [RPA 1 — etapa 2/2: identificação e salvamento]       posição 0 (Credora): esperado EOT numérica, encontrado "A04", "nan" [0/2 válidos]
2026-08-13 11:54:47.254 | INFO    |src.controllers.processamento_controller:processar:158 - [RPA 1 — etapa 2/2: identificação e salvamento]       operadora notificada: NÃO
2026-08-13 11:54:47.254 | INFO    |src.controllers.processamento_controller:processar:158 - [RPA 1 — etapa 2/2: identificação e salvamento]   Detraf Credora Mundo (EOT A04) x Devedora Vivo (EOT 030) - Agosto.2026.csv (Mundo Telecom)
2026-08-13 11:54:47.255 | INFO    |src.controllers.processamento_controller:processar:158 - [RPA 1 — etapa 2/2: identificação e salvamento]       posição 0 (Credora): esperado EOT numérica, encontrado "A04", "A04", "A04" [0/8 válidos]
2026-08-13 11:54:47.255 | INFO    |src.controllers.processamento_controller:processar:158 - [RPA 1 — etapa 2/2: identificação e salvamento]       operadora notificada: NÃO
2026-08-13 11:54:47.255 | INFO    |src.controllers.processamento_controller:processar:158 - [RPA 1 — etapa 2/2: identificação e salvamento]   SISTEL - 07.2026 - VIVO.xlsx (Sistel Fibra)
2026-08-13 11:54:47.256 | INFO    |src.controllers.processamento_controller:processar:158 - [RPA 1 — etapa 2/2: identificação e salvamento]       posição 0 (Credora): esperado EOT numérica, encontrado "G19", "G19", "G19" [0/9 válidos]
2026-08-13 11:54:47.257 | INFO    |src.controllers.processamento_controller:processar:158 - [RPA 1 — etapa 2/2: identificação e salvamento]       operadora notificada: NÃO
2026-08-13 11:54:47.257 | INFO    |src.controllers.processamento_controller:processar:158 - [RPA 1 — etapa 2/2: identificação e salvamento]   SEA - 07.2026 - VIVO.xlsx (Sea Telecom)
2026-08-13 11:54:47.257 | INFO    |src.controllers.processamento_controller:processar:158 - [RPA 1 — etapa 2/2: identificação e salvamento]       posição 0 (Credora): esperado EOT numérica, encontrado "D85", "D85", "D85" [0/4 válidos]
2026-08-13 11:54:47.258 | INFO    |src.controllers.processamento_controller:processar:158 - [RPA 1 — etapa 2/2: identificação e salvamento]       operadora notificada: NÃO
2026-08-13 11:54:47.258 | INFO    |src.controllers.processamento_controller:processar:158 - [RPA 1 — etapa 2/2: identificação e salvamento]   202607 Detraf C SMS SMP Unifique X SMP Telefonica Brasil.xlsx (Unifique)
2026-08-13 11:54:47.259 | INFO    |src.controllers.processamento_controller:processar:158 - [RPA 1 — etapa 2/2: identificação e salvamento]       posição 0 (Credora): esperado EOT numérica, encontrado "L06", "L06", "L05" [0/73 válidos]
2026-08-13 11:54:47.259 | INFO    |src.controllers.processamento_controller:processar:158 - [RPA 1 — etapa 2/2: identificação e salvamento]       operadora notificada: NÃO
2026-08-13 11:54:47.260 | INFO    |src.controllers.processamento_controller:processar:158 - [RPA 1 — etapa 2/2: identificação e salvamento]   RAMAL VIRTUAL - 07.2026  -  VIVO.xlsx (Ramalvirtual Telecomunicacoes)
2026-08-13 11:54:47.260 | INFO    |src.controllers.processamento_controller:processar:158 - [RPA 1 — etapa 2/2: identificação e salvamento]       posição 0 (Credora): esperado EOT numérica, encontrado "F47", "F47", "F47" [0/4 válidos]
2026-08-13 11:54:47.261 | INFO    |src.controllers.processamento_controller:processar:158 - [RPA 1 — etapa 2/2: identificação e salvamento]       operadora notificada: NÃO
2026-08-13 11:54:47.262 | INFO    |src.controllers.processamento_controller:processar:158 - [RPA 1 — etapa 2/2: identificação e salvamento]   ROCKETNET - 07.2026 - VIVO.xlsx (Rocketnet)
2026-08-13 11:54:47.262 | INFO    |src.controllers.processamento_controller:processar:158 - [RPA 1 — etapa 2/2: identificação e salvamento]       posição 0 (Credora): esperado EOT numérica, encontrado "A41", "A41", "A41" [0/11 válidos]
2026-08-13 11:54:47.263 | INFO    |src.controllers.processamento_controller:processar:158 - [RPA 1 — etapa 2/2: identificação e salvamento]       operadora notificada: NÃO
2026-08-13 11:54:47.263 | INFO    |src.controllers.processamento_controller:processar:158 - [RPA 1 — etapa 2/2: identificação e salvamento]   202607 Detraf RS-SC C LD STFC Unifique X STFC Telefonica Brasil.xlsx (Unifique)
2026-08-13 11:54:47.264 | INFO    |src.controllers.processamento_controller:processar:158 - [RPA 1 — etapa 2/2: identificação e salvamento]       Coluna 10 (Minutos): os minutos admitem no máximo 1 casa decimal.
2026-08-13 11:54:47.264 | INFO    |src.controllers.processamento_controller:processar:158 - [RPA 1 — etapa 2/2: identificação e salvamento]       operadora notificada: NÃO
2026-08-13 11:54:47.264 | INFO    |src.controllers.processamento_controller:processar:158 - [RPA 1 — etapa 2/2: identificação e salvamento]   MEGALINK - 07.2026  -  VIVO.xlsx (Megalink Servicos)
2026-08-13 11:54:47.264 | INFO    |src.controllers.processamento_controller:processar:158 - [RPA 1 — etapa 2/2: identificação e salvamento]       posição 0 (Credora): esperado EOT numérica, encontrado "M68", "M68", "M68" [0/10 válidos]
2026-08-13 11:54:47.265 | INFO    |src.controllers.processamento_controller:processar:158 - [RPA 1 — etapa 2/2: identificação e salvamento]       operadora notificada: NÃO
2026-08-13 11:54:47.265 | INFO    |src.controllers.processamento_controller:processar:158 - [RPA 1 — etapa 2/2: identificação e salvamento]   ITANET -  07.2026 - VIVO.xlsx (ITANET)
2026-08-13 11:54:47.265 | INFO    |src.controllers.processamento_controller:processar:158 - [RPA 1 — etapa 2/2: identificação e salvamento]       posição 0 (Credora): esperado EOT numérica, encontrado "A82", "A82", "A82" [0/18 válidos]
2026-08-13 11:54:47.266 | INFO    |src.controllers.processamento_controller:processar:158 - [RPA 1 — etapa 2/2: identificação e salvamento]       operadora notificada: NÃO
2026-08-13 11:54:47.266 | INFO    |src.controllers.processamento_controller:processar:158 - [RPA 1 — etapa 2/2: identificação e salvamento]   FORZA -  07.2026 - VIVO.xlsx (FORZA TELECOMUNICACOES LTDA)
2026-08-13 11:54:47.266 | INFO    |src.controllers.processamento_controller:processar:158 - [RPA 1 — etapa 2/2: identificação e salvamento]       posição 0 (Credora): esperado EOT numérica, encontrado "B47", "B47", "B47" [0/4 válidos]
2026-08-13 11:54:47.266 | INFO    |src.controllers.processamento_controller:processar:158 - [RPA 1 — etapa 2/2: identificação e salvamento]       operadora notificada: NÃO
2026-08-13 11:54:47.267 | INFO    |src.controllers.processamento_controller:processar:158 - [RPA 1 — etapa 2/2: identificação e salvamento]   GMARX - 07.2026 - VIVO.xlsx (Vivo)
2026-08-13 11:54:47.267 | INFO    |src.controllers.processamento_controller:processar:158 - [RPA 1 — etapa 2/2: identificação e salvamento]       posição 0 (Credora): esperado EOT numérica, encontrado "A62", "E46", "C81" [5/22 válidos]
2026-08-13 11:54:47.267 | INFO    |src.controllers.processamento_controller:processar:158 - [RPA 1 — etapa 2/2: identificação e salvamento]       operadora notificada: NÃO
2026-08-13 11:54:47.268 | INFO    |src.controllers.processamento_controller:processar:158 - [RPA 1 — etapa 2/2: identificação e salvamento]   CDI - 07.2026 - VIVO.xlsx (CDI Telecom)
2026-08-13 11:54:47.268 | INFO    |src.controllers.processamento_controller:processar:158 - [RPA 1 — etapa 2/2: identificação e salvamento]       posição 0 (Credora): esperado EOT numérica, encontrado "C61", "C61", "C61" [0/5 válidos]
2026-08-13 11:54:47.269 | INFO    |src.controllers.processamento_controller:processar:158 - [RPA 1 — etapa 2/2: identificação e salvamento]       operadora notificada: NÃO
2026-08-13 11:54:47.269 | INFO    |src.controllers.processamento_controller:processar:158 - [RPA 1 — etapa 2/2: identificação e salvamento]   202607 Detraf RS-SC C LC STFC Unifique X SMP Telefonica Brasil.xlsx (Unifique)
2026-08-13 11:54:47.269 | INFO    |src.controllers.processamento_controller:processar:158 - [RPA 1 — etapa 2/2: identificação e salvamento]       Coluna 10 (Minutos): os minutos admitem no máximo 1 casa decimal.
2026-08-13 11:54:47.270 | INFO    |src.controllers.processamento_controller:processar:158 - [RPA 1 — etapa 2/2: identificação e salvamento]       operadora notificada: NÃO
2026-08-13 11:54:47.270 | INFO    |src.controllers.processamento_controller:processar:158 - [RPA 1 — etapa 2/2: identificação e salvamento]   DETRAT_DATORA_STFC_X_TELEFONICA_BRASIL___STFC_STFC_R_072026_V00.xlsx (Datora)
2026-08-13 11:54:47.270 | INFO    |src.controllers.processamento_controller:processar:158 - [RPA 1 — etapa 2/2: identificação e salvamento]       posição 7 (GH): esperado S, R, N ou D, encontrado "TNENL", "TNENI", "TNENI" [0/200 válidos]
2026-08-13 11:54:47.271 | INFO    |src.controllers.processamento_controller:processar:158 - [RPA 1 — etapa 2/2: identificação e salvamento]       operadora notificada: NÃO
2026-08-13 11:54:47.271 | INFO    |src.controllers.processamento_controller:processar:158 - [RPA 1 — etapa 2/2: identificação e salvamento]   DETRAT_DATORA_STFC_X_TELEFONICA_BRASIL___STFC_STFC_R_072026_V00.csv (Datora)
2026-08-13 11:54:47.271 | INFO    |src.controllers.processamento_controller:processar:158 - [RPA 1 — etapa 2/2: identificação e salvamento]       o arquivo não pôde ser lido (formato, codificação ou conteúdo corrompido).
2026-08-13 11:54:47.271 | INFO    |src.controllers.processamento_controller:processar:158 - [RPA 1 — etapa 2/2: identificação e salvamento]       operadora notificada: NÃO
2026-08-13 11:54:47.272 | INFO    |src.controllers.processamento_controller:processar:158 - [RPA 1 — etapa 2/2: identificação e salvamento]   ATLANET - 07.2026 - VIVO.xlsx (Atlanet Telecomunicacoes)
2026-08-13 11:54:47.272 | INFO    |src.controllers.processamento_controller:processar:158 - [RPA 1 — etapa 2/2: identificação e salvamento]       posição 0 (Credora): esperado EOT numérica, encontrado "D58", "D58", "D58" [0/5 válidos]
2026-08-13 11:54:47.273 | INFO    |src.controllers.processamento_controller:processar:158 - [RPA 1 — etapa 2/2: identificação e salvamento]       operadora notificada: NÃO
2026-08-13 11:54:47.273 | INFO    |src.controllers.processamento_controller:processar:158 - [RPA 1 — etapa 2/2: identificação e salvamento]   detraf_202607_VIVO_STFC.csv (FALE SEMPRE)
2026-08-13 11:54:47.274 | INFO    |src.controllers.processamento_controller:processar:158 - [RPA 1 — etapa 2/2: identificação e salvamento]       posição 0 (Credora): esperado EOT numérica, encontrado "E90", "E90", "E90" [0/102 válidos]
2026-08-13 11:54:47.274 | INFO    |src.controllers.processamento_controller:processar:158 - [RPA 1 — etapa 2/2: identificação e salvamento]       operadora notificada: NÃO
2026-08-13 11:54:47.274 | INFO    |src.controllers.processamento_controller:processar:158 - [RPA 1 — etapa 2/2: identificação e salvamento]   detraf_202607_VIVO_SMP.csv (FALE SEMPRE)
2026-08-13 11:54:47.275 | INFO    |src.controllers.processamento_controller:processar:158 - [RPA 1 — etapa 2/2: identificação e salvamento]       posição 0 (Credora): esperado EOT numérica, encontrado "E90", "E90", "E90" [0/200 válidos]
2026-08-13 11:54:47.275 | INFO    |src.controllers.processamento_controller:processar:158 - [RPA 1 — etapa 2/2: identificação e salvamento]       operadora notificada: NÃO
2026-08-13 11:54:47.275 | INFO    |src.controllers.processamento_controller:processar:158 - [RPA 1 — etapa 2/2: identificação e salvamento]   Detraf TVN Vivo_072026.csv (TVN VOZ)
2026-08-13 11:54:47.276 | INFO    |src.controllers.processamento_controller:processar:158 - [RPA 1 — etapa 2/2: identificação e salvamento]       Tarifas remuneradas: há linhas cuja tarifa não corresponde à tarifa regulada vigente para a região, o grupo horário e o mês de tráfego da linha.
2026-08-13 11:54:47.276 | INFO    |src.controllers.processamento_controller:processar:158 - [RPA 1 — etapa 2/2: identificação e salvamento]       operadora notificada: NÃO
2026-08-13 11:54:47.277 | INFO    |src.controllers.processamento_controller:processar:158 - [RPA 1 — etapa 2/2: identificação e salvamento]   Solução Network - VIVO (FIXA) - DETRAF - JULHO 2026.csv (Solucao Network)
2026-08-13 11:54:47.277 | INFO    |src.controllers.processamento_controller:processar:158 - [RPA 1 — etapa 2/2: identificação e salvamento]       posição 0 (Credora): esperado EOT numérica, encontrado "B38", "B38", "B38" [0/9 válidos]
2026-08-13 11:54:47.278 | INFO    |src.controllers.processamento_controller:processar:158 - [RPA 1 — etapa 2/2: identificação e salvamento]       operadora notificada: NÃO
2026-08-13 11:54:47.278 | INFO    |src.controllers.processamento_controller:processar:158 - [RPA 1 — etapa 2/2: identificação e salvamento]   Solução Network - VIVO (MOVEL) - DETRAF - JULHO 2026.csv (Solucao Network)
2026-08-13 11:54:47.278 | INFO    |src.controllers.processamento_controller:processar:158 - [RPA 1 — etapa 2/2: identificação e salvamento]       posição 0 (Credora): esperado EOT numérica, encontrado "B38", "B38", "B38" [0/19 válidos]
2026-08-13 11:54:47.279 | INFO    |src.controllers.processamento_controller:processar:158 - [RPA 1 — etapa 2/2: identificação e salvamento]       operadora notificada: NÃO
2026-08-13 11:54:47.279 | INFO    |src.controllers.processamento_controller:processar:158 - [RPA 1 — etapa 2/2: identificação e salvamento]   EC VIVO - FSM 202602.xlsx ((não identificada))
2026-08-13 11:54:47.280 | INFO    |src.controllers.processamento_controller:processar:158 - [RPA 1 — etapa 2/2: identificação e salvamento]       o arquivo não pôde ser lido (formato, codificação ou conteúdo corrompido).
2026-08-13 11:54:47.280 | INFO    |src.controllers.processamento_controller:processar:158 - [RPA 1 — etapa 2/2: identificação e salvamento]       operadora notificada: NÃO
2026-08-13 11:54:47.280 | INFO    |src.controllers.processamento_controller:processar:158 - [RPA 1 — etapa 2/2: identificação e salvamento]   EC VIVO FSM 202606.xlsx ((não identificada))
2026-08-13 11:54:47.281 | INFO    |src.controllers.processamento_controller:processar:158 - [RPA 1 — etapa 2/2: identificação e salvamento]       o arquivo não pôde ser lido (formato, codificação ou conteúdo corrompido).
2026-08-13 11:54:47.281 | INFO    |src.controllers.processamento_controller:processar:158 - [RPA 1 — etapa 2/2: identificação e salvamento]       operadora notificada: NÃO
2026-08-13 11:54:47.281 | INFO    |src.controllers.processamento_controller:processar:158 - [RPA 1 — etapa 2/2: identificação e salvamento]   EC FALE SEMPRE - 202605.xlsx ((não identificada))
2026-08-13 11:54:47.282 | INFO    |src.controllers.processamento_controller:processar:158 - [RPA 1 — etapa 2/2: identificação e salvamento]       o arquivo não pôde ser lido (formato, codificação ou conteúdo corrompido).
2026-08-13 11:54:47.282 | INFO    |src.controllers.processamento_controller:processar:158 - [RPA 1 — etapa 2/2: identificação e salvamento]       operadora notificada: NÃO
2026-08-13 11:54:47.282 | INFO    |src.controllers.processamento_controller:processar:158 - [RPA 1 — etapa 2/2: identificação e salvamento]   DÉBITOS VIVO.xlsx ((não identificada))
2026-08-13 11:54:47.282 | INFO    |src.controllers.processamento_controller:processar:158 - [RPA 1 — etapa 2/2: identificação e salvamento]       o arquivo não pôde ser lido (formato, codificação ou conteúdo corrompido).
2026-08-13 11:54:47.283 | INFO    |src.controllers.processamento_controller:processar:158 - [RPA 1 — etapa 2/2: identificação e salvamento]       operadora notificada: NÃO
2026-08-13 11:54:47.283 | INFO    |src.controllers.processamento_controller:processar:158 - [RPA 1 — etapa 2/2: identificação e salvamento]   EC VIVO AGERA 202606.xlsx ((não identificada))
2026-08-13 11:54:47.284 | INFO    |src.controllers.processamento_controller:processar:158 - [RPA 1 — etapa 2/2: identificação e salvamento]       o arquivo não pôde ser lido (formato, codificação ou conteúdo corrompido).
2026-08-13 11:54:47.284 | INFO    |src.controllers.processamento_controller:processar:158 - [RPA 1 — etapa 2/2: identificação e salvamento]       operadora notificada: NÃO
2026-08-13 11:54:47.285 | INFO    |src.controllers.processamento_controller:processar:158 - [RPA 1 — etapa 2/2: identificação e salvamento]   EC VIVO FSM 202604.xlsx ((não identificada))
2026-08-13 11:54:47.285 | INFO    |src.controllers.processamento_controller:processar:158 - [RPA 1 — etapa 2/2: identificação e salvamento]       o arquivo não pôde ser lido (formato, codificação ou conteúdo corrompido).
2026-08-13 11:54:47.286 | INFO    |src.controllers.processamento_controller:processar:158 - [RPA 1 — etapa 2/2: identificação e salvamento]       operadora notificada: NÃO
2026-08-13 11:54:47.286 | INFO    |src.controllers.processamento_controller:processar:158 - [RPA 1 — etapa 2/2: identificação e salvamento]   EC VIVO FSM 202605.xlsx ((não identificada))
2026-08-13 11:54:47.286 | INFO    |src.controllers.processamento_controller:processar:158 - [RPA 1 — etapa 2/2: identificação e salvamento]       o arquivo não pôde ser lido (formato, codificação ou conteúdo corrompido).
2026-08-13 11:54:47.287 | INFO    |src.controllers.processamento_controller:processar:158 - [RPA 1 — etapa 2/2: identificação e salvamento]       operadora notificada: NÃO
2026-08-13 11:54:47.287 | INFO    |src.controllers.processamento_controller:processar:158 - [RPA 1 — etapa 2/2: identificação e salvamento]   EC VIVO FSM 202606.xlsx ((não identificada))
2026-08-13 11:54:47.288 | INFO    |src.controllers.processamento_controller:processar:158 - [RPA 1 — etapa 2/2: identificação e salvamento]       o arquivo não pôde ser lido (formato, codificação ou conteúdo corrompido).
2026-08-13 11:54:47.288 | INFO    |src.controllers.processamento_controller:processar:158 - [RPA 1 — etapa 2/2: identificação e salvamento]       operadora notificada: NÃO
2026-08-13 11:54:47.288 | INFO    |src.controllers.processamento_controller:processar:158 - [RPA 1 — etapa 2/2: identificação e salvamento]   EC INTEREDE 202605.xlsx ((não identificada))
2026-08-13 11:54:47.289 | INFO    |src.controllers.processamento_controller:processar:158 - [RPA 1 — etapa 2/2: identificação e salvamento]       o arquivo não pôde ser lido (formato, codificação ou conteúdo corrompido).
2026-08-13 11:54:47.289 | INFO    |src.controllers.processamento_controller:processar:158 - [RPA 1 — etapa 2/2: identificação e salvamento]       operadora notificada: NÃO
2026-08-13 11:54:47.289 | INFO    |src.controllers.processamento_controller:processar:158 - [RPA 1 — etapa 2/2: identificação e salvamento]   EC INTEREDE 202604.xlsx ((não identificada))
2026-08-13 11:54:47.290 | INFO    |src.controllers.processamento_controller:processar:158 - [RPA 1 — etapa 2/2: identificação e salvamento]       o arquivo não pôde ser lido (formato, codificação ou conteúdo corrompido).
2026-08-13 11:54:47.290 | INFO    |src.controllers.processamento_controller:processar:158 - [RPA 1 — etapa 2/2: identificação e salvamento]       operadora notificada: NÃO
2026-08-13 11:54:47.290 | INFO    |src.controllers.processamento_controller:processar:158 - [RPA 1 — etapa 2/2: identificação e salvamento]   EC INTEREDE 202606.xlsx ((não identificada))
2026-08-13 11:54:47.291 | INFO    |src.controllers.processamento_controller:processar:158 - [RPA 1 — etapa 2/2: identificação e salvamento]       o arquivo não pôde ser lido (formato, codificação ou conteúdo corrompido).
2026-08-13 11:54:47.291 | INFO    |src.controllers.processamento_controller:processar:158 - [RPA 1 — etapa 2/2: identificação e salvamento]       operadora notificada: NÃO
2026-08-13 11:54:47.291 | INFO    |src.controllers.processamento_controller:processar:158 - [RPA 1 — etapa 2/2: identificação e salvamento] Pasta: C:\RPA\Dtraf\MVP2\MVP2\DETRAF-UNIFICADO\unificado\arquivos\Operadoras
2026-08-13 11:54:47.292 | INFO    |src.controllers.processamento_controller:processar:158 - [RPA 1 — etapa 2/2: identificação e salvamento] ────────────────────────────────────────────────────────────
2026-08-13 11:54:47.292 | INFO    |src.controllers.processamento_controller:processar:158 - [RPA 1 — etapa 2/2: identificação e salvamento] Esta é a última etapa da execução.
2026-08-13 11:54:47.293 | INFO    |__main__:main:94 - Aplicação finalizada
2026-08-13 11:54:47.296 | INFO    |__main__:main:110 - [Diagnóstico] Etapas desta execução em [C:\RPA\Dtraf\MVP2\MVP2\DETRAF-UNIFICADO\unificado\logs\NALPE0881WP\rpa1_captura\diagnosticos\2026-08-13_11-53-14.txt].
2026-08-13 11:54:47.297 | INFO    |__main__:<module>:118 - [RPA 1] Diagnóstico das etapas em [C:\RPA\Dtraf\MVP2\MVP2\DETRAF-UNIFICADO\unificado\logs\NALPE0881WP\rpa1_captura\diagnosticos\2026-08-13_11-53-14.txt]
