006;951;202607;202607;5105001F;00; IENV;N;45061;22915,60;0,016860;386,36;14,64;0,00;400,99;;
006;951;202607;202607;5105001G;00; IENV;N;70512;35938,40;0,016860;605,92;22,95;0,00;628,88;;
006;951;202607;202607;5105001I;00; IENV;N;70930;36126,90;0,016860;609,10;23,07;0,00;632,17;;
006;951;202607;202607;5105001K;00; IENV;N;70679;36093,80;0,016860;608,54;23,05;0,00;631,59;;
006;951;202607;202607;5121100P;00; IENV;N;9;15,70;0,016860;0,26;0,01;0,00;0,27;;
006;951;202607;202607;51211010;00; IENV;N;34;22,00;0,016860;0,37;0,01;0,00;0,38;;
006;951;202607;202607;53050005;00; IENV;N;2248;1315,70;0,016860;22,18;0,84;0,00;23,02;;
006;951;202607;202607;53050009;00; IENV;N;92425;47779,00;0,016860;805,55;30,52;0,00;836,07;;
006;951;202607;202607;53211002;00; IENV;N;12;6,00;0,016860;0,10;0,00;0,00;0,10;;
006;951;202607;202607;53211003;00; IENV;N;10;5,30;0,016860;0,09;0,00;0,00;0,09;;
006;951;202607;202607;5405000A;00; IENV;N;195799;103122,00;0,016860;1738,64;65,86;0,00;1804,50;;
006;951;202607;202607;54211001;00; IENV;N;12;6,00;0,016860;0,10;0,00;0,00;0,10;;
006;951;202607;202607;55050007;00; IENV;N;76348;40155,80;0,016860;677,03;25,65;0,00;702,67;;
006;951;202607;202607;55050009;00; IENV;N;75860;40010,60;0,016860;674,58;25,55;0,00;700,13;;
006;951;202607;202607;55211001;00; IENV;N;155;79,00;0,016860;1,33;0,05;0,00;1,38;;
006;951;202607;202607;5105001F;00; IENV;R;401;212,30;0,011800;2,51;0,09;0,00;2,60;;
006;951;202607;202607;5105001G;00; IENV;R;649;384,80;0,011800;4,54;0,17;0,00;4,71;;
006;951;202607;202607;5105001I;00; IENV;R;721;389,70;0,011800;4,60;0,17;0,00;4,77;;
006;951;202607;202607;5105001K;00; IENV;R;894;486,40;0,011800;5,74;0,22;0,00;5,96;;
006;951;202607;202607;53050005;00; IENV;R;41;26,30;0,011800;0,31;0,01;0,00;0,32;;
006;951;202607;202607;53050009;00; IENV;R;1066;696,90;0,011800;8,22;0,31;0,00;8,53;;
006;951;202607;202607;5405000A;00; IENV;R;3503;2510,00;0,011800;29,62;1,12;0,00;30,74;;
006;951;202607;202607;55050007;00; IENV;R;1348;874,60;0,011800;10,32;0,39;0,00;10,71;;
006;951;202607;202607;55050009;00; IENV;R;1291;846,50;0,011800;9,99;0,38;0,00;10,37;;
006;951;202607;202606;53050009;00; LENV;N;1;0,50;0,016860;0,01;0,00;0,00;0,01;;
006;951;202607;202607;5100101M;00; LENV;N;678;461,00;0,016860;7,77;0,29;0,00;8,07;;
006;951;202607;202607;5100101O;00; LENV;N;698;506,00;0,016860;8,53;0,32;0,00;8,85;;
006;951;202607;202607;5105000P;00; LENV;N;274;238,80;0,016860;4,03;0,15;0,00;4,18;;
006;951;202607;202607;5105000T;00; LENV;N;254;245,20;0,016860;4,13;0,16;0,00;4,29;;
006;951;202607;202607;5105000V;00; LENV;N;136;115,10;0,016860;1,94;0,07;0,00;2,01;;
006;951;202607;202607;51050013;00; LENV;N;123;134,90;0,016860;2,27;0,09;0,00;2,36;;
006;951;202607;202607;5105001F;00; LENV;N;928442;490836,70;0,016860;8275,51;313,50;0,00;8589,01;;
006;951;202607;202607;5105001G;00; LENV;N;1180449;596327,50;0,016860;10054,08;380,88;0,00;10434,96;;
006;951;202607;202607;5105001I;00; LENV;N;1187208;598943,10;0,016860;10098,18;382,55;0,00;10480,73;;
006;951;202607;202607;5105001K;00; LENV;N;1178777;595512,20;0,016860;10040,34;380,36;0,00;10420,69;;
006;951;202607;202607;5121100P;00; LENV;N;529;470,70;0,016860;7,94;0,30;0,00;8,24;;
006;951;202607;202607;5121100R;00; LENV;N;184731;166385,20;0,016860;2805,25;106,27;0,00;2911,53;;
006;951;202607;202607;5121100V;00; LENV;N;198004;175797,50;0,016860;2963,95;112,28;0,00;3076,23;;
006;951;202607;202607;51211010;00; LENV;N;2188;2024,90;0,016860;34,14;1,29;0,00;35,43;;
006;951;202607;202607;51211012;00; LENV;N;7068;6197,70;0,016860;104,49;3,96;0,00;108,45;;
006;951;202607;202607;51895002;00; LENV;N;395;231,80;0,016860;3,91;0,15;0,00;4,06;;
006;951;202607;202607;5300100I;00; LENV;N;30;21,40;0,016860;0,36;0,01;0,00;0,37;;
006;951;202607;202607;53050005;00; LENV;N;82293;41763,10;0,016860;704,13;26,67;0,00;730,80;;
006;951;202607;202607;53050009;00; LENV;N;1732379;871961,10;0,016860;14701,26;556,92;0,00;15258,19;;
006;951;202607;202607;53211002;00; LENV;N;1;0,50;0,016860;0,01;0,00;0,00;0,01;;
006;951;202607;202607;53211003;00; LENV;N;1;0,50;0,016860;0,01;0,00;0,00;0,01;;
006;951;202607;202607;53211007;00; LENV;N;9427;7280,50;0,016860;122,75;4,65;0,00;127,40;;
006;951;202607;202607;5400100S;00; LENV;N;361;270,10;0,016860;4,55;0,17;0,00;4,73;;
006;951;202607;202607;5405000A;00; LENV;N;3841819;1937173,10;0,016860;32660,74;1237,28;0,00;33898,02;;
006;951;202607;202607;54211001;00; LENV;N;14;11,40;0,016860;0,19;0,01;0,00;0,20;;
006;951;202607;202607;54211002;00; LENV;N;62530;55290,50;0,016860;932,20;35,31;0,00;967,51;;
006;951;202607;202607;5500100I;00; LENV;N;334;226,50;0,016860;3,82;0,14;0,00;3,96;;
006;951;202607;202607;55050007;00; LENV;N;1365577;687348,70;0,016860;11588,70;439,01;0,00;12027,71;;
006;951;202607;202607;55050009;00; LENV;N;1367230;687941,90;0,016860;11598,70;439,39;0,00;12038,09;;
006;951;202607;202607;5505000E;00; LENV;N;129;185,70;0,016860;3,13;0,12;0,00;3,25;;
006;951;202607;202607;55211001;00; LENV;N;25;12,70;0,016860;0,21;0,01;0,00;0,22;;
006;951;202607;202607;55211005;00; LENV;N;47210;35606,20;0,016860;600,32;22,74;0,00;623,06;;
006;951;202607;202607;5100101M;00; LENV;R;6;3,40;0,011800;0,04;0,00;0,00;0,04;;
006;951;202607;202607;5100101O;00; LENV;R;3;2,20;0,011800;0,03;0,00;0,00;0,03;;
006;951;202607;202607;5105000P;00; LENV;R;15;10,30;0,011800;0,12;0,00;0,00;0,13;;
006;951;202607;202607;5105000T;00; LENV;R;10;48,30;0,011800;0,57;0,02;0,00;0,59;;
006;951;202607;202607;5105000V;00; LENV;R;7;4,90;0,011800;0,06;0,00;0,00;0,06;;
006;951;202607;202607;51050013;00; LENV;R;2;2,70;0,011800;0,03;0,00;0,00;0,03;;
006;951;202607;202607;5105001F;00; LENV;R;1837;22868,80;0,011800;269,85;10,22;0,00;280,07;;
006;951;202607;202607;5105001G;00; LENV;R;2383;1237,90;0,011800;14,61;0,55;0,00;15,16;;
006;951;202607;202607;5105001I;00; LENV;R;2530;1302,30;0,011800;15,37;0,58;0,00;15,95;;
006;951;202607;202607;5105001K;00; LENV;R;3183;1676,40;0,011800;19,78;0,75;0,00;20,53;;
006;951;202607;202607;5121100P;00; LENV;R;64;40,50;0,011800;0,48;0,02;0,00;0,50;;
006;951;202607;202607;5121100R;00; LENV;R;7657;11527,10;0,011800;136,02;5,15;0,00;141,17;;
006;951;202607;202607;5121100V;00; LENV;R;7603;12015,40;0,011800;141,78;5,37;0,00;147,15;;
006;951;202607;202607;51211010;00; LENV;R;233;237,50;0,011800;2,80;0,11;0,00;2,91;;
006;951;202607;202607;51211012;00; LENV;R;143;173,20;0,011800;2,04;0,08;0,00;2,12;;
006;951;202607;202607;53050005;00; LENV;R;434;218,10;0,011800;2,57;0,10;0,00;2,67;;
006;951;202607;202607;53050009;00; LENV;R;1293;723,70;0,011800;8,54;0,32;0,00;8,86;;
006;951;202607;202607;53211007;00; LENV;R;150;217,20;0,011800;2,56;0,10;0,00;2,66;;
006;951;202607;202607;5400100S;00; LENV;R;2;1,50;0,011800;0,02;0,00;0,00;0,02;;
006;951;202607;202607;5405000A;00; LENV;R;3843;2254,50;0,011800;26,60;1,01;0,00;27,61;;
006;951;202607;202607;54211002;00; LENV;R;1556;3023,00;0,011800;35,67;1,35;0,00;37,02;;
006;951;202607;202607;5500100I;00; LENV;R;13;6,90;0,011800;0,08;0,00;0,00;0,08;;
006;951;202607;202607;55050007;00; LENV;R;30;261,50;0,011800;3,09;0,12;0,00;3,20;;
006;951;202607;202607;55050009;00; LENV;R;25;25,60;0,011800;0,30;0,01;0,00;0,31;;
006;951;202607;202607;5505000E;00; LENV;R;13;30,90;0,011800;0,36;0,01;0,00;0,38;;
006;951;202607;202607;55211005;00; LENV;R;4763;3719,00;0,011800;43,88;1,66;0,00;45,55;;
006;951;202607;202607;51211014;00; LSAV;N;450;922,50;0,016860;15,55;0,59;0,00;16,14;;
006;951;202607;202607;53211009;00; LSAV;N;5;3,30;0,016860;0,06;0,00;0,00;0,06;;
006;951;202607;202607;54211002;00; LSAV;N;53;209,30;0,016860;3,53;0,13;0,00;3,66;;
006;951;202607;202607;55211003;00; LSAV;N;2;3,30;0,016860;0,06;0,00;0,00;0,06;;
006;951;202607;202607;51211014;00; LSAV;R;84;204,80;0,011800;2,42;0,09;0,00;2,51;;
006;951;202607;202607;53211009;00; LSAV;R;1;1,30;0,011800;0,02;0,00;0,00;0,02;;
006;951;202607;202607;54211002;00; LSAV;R;14;40,30;0,011800;0,48;0,02;0,00;0,49;;
006;951;202607;202607;53211003;00; NEAV;N;1;3,00;0,016860;0,05;0,00;0,00;0,05;;
006;951;202607;202607;55211001;00; NEAV;N;1;0,50;0,016860;0,01;0,00;0,00;0,01;;
006;951;202607;202607;55211001;00; NEAV;R;5;2,50;0,011800;0,03;0,00;0,00;0,03;;
006;951;202607;202606;5105001F;00; NENV;N;147;73,50;0,016860;1,24;0,05;0,00;1,29;;
006;951;202607;202606;5405000A;00; NENV;N;18;9,80;0,016860;0,17;0,01;0,00;0,17;;
006;951;202607;202606;54361001;00; NENV;N;9;4,50;0,016860;0,08;0,00;0,00;0,08;;
006;951;202607;202607;5105000V;00; NENV;N;2;9,30;0,016860;0,16;0,01;0,00;0,16;;
006;951;202607;202607;5105001F;00; NENV;N;205452;211679,70;0,016860;3568,92;135,20;0,00;3704,12;;
006;951;202607;202607;5105001G;00; NENV;N;292952;338639,00;0,016860;5709,45;216,29;0,00;5925,74;;
006;951;202607;202607;5105001I;00; NENV;N;294704;340753,10;0,016860;5745,10;217,64;0,00;5962,74;;
006;951;202607;202607;5105001K;00; NENV;N;289999;339478,40;0,016860;5723,61;216,83;0,00;5940,43;;
006;951;202607;202607;5121100P;00; NENV;N;14744;12344,40;0,016860;208,13;7,88;0,00;216,01;;
006;951;202607;202607;5121100R;00; NENV;N;27;43,60;0,016860;0,74;0,03;0,00;0,76;;
006;951;202607;202607;5121100V;00; NENV;N;34;43,80;0,016860;0,74;0,03;0,00;0,77;;
006;951;202607;202607;51211010;00; NENV;N;58161;47090,60;0,016860;793,95;30,08;0,00;824,02;;
006;951;202607;202607;51211012;00; NENV;N;1;0,50;0,016860;0,01;0,00;0,00;0,01;;
006;951;202607;202607;53050005;00; NENV;N;17651;16999,00;0,016860;286,60;10,86;0,00;297,46;;
006;951;202607;202607;53050009;00; NENV;N;437072;375481,40;0,016860;6330,62;239,82;0,00;6570,44;;
006;951;202607;202607;53211002;00; NENV;N;12179;9232,60;0,016860;155,66;5,90;0,00;161,56;;
006;951;202607;202607;53211003;00; NENV;N;11204;8526,70;0,016860;143,76;5,45;0,00;149,21;;
006;951;202607;202607;5405000A;00; NENV;N;1275510;1028670,40;0,016860;17343,38;657,01;0,00;18000,40;;
006;951;202607;202607;54211001;00; NENV;N;52429;41755,40;0,016860;704,00;26,67;0,00;730,67;;
006;951;202607;202607;54211002;00; NENV;N;6;13,80;0,016860;0,23;0,01;0,00;0,24;;
006;951;202607;202607;54361001;00; NENV;N;32;16,00;0,016860;0,27;0,01;0,00;0,28;;
006;951;202607;202607;55050007;00; NENV;N;628576;508696,60;0,016860;8576,62;324,91;0,00;8901,53;;
006;951;202607;202607;55050009;00; NENV;N;632588;516528,90;0,016860;8708,68;329,91;0,00;9038,59;;
006;951;202607;202607;5505000E;00; NENV;N;1;4,80;0,016860;0,08;0,00;0,00;0,08;;
006;951;202607;202607;55211001;00; NENV;N;115868;67197,30;0,016860;1132,95;42,92;0,00;1175,87;;
006;951;202607;202607;55211005;00; NENV;N;11;12,90;0,016860;0,22;0,01;0,00;0,23;;
006;951;202607;202607;5105001F;00; NENV;R;10397;42303,80;0,011800;499,18;18,91;0,00;518,10;;
006;951;202607;202607;5105001G;00; NENV;R;15705;74715,70;0,011800;881,65;33,40;0,00;915,04;;
006;951;202607;202607;5105001I;00; NENV;R;15948;71428,40;0,011800;842,86;31,93;0,00;874,78;;
006;951;202607;202607;5105001K;00; NENV;R;15669;77248,50;0,011800;911,53;34,53;0,00;946,06;;
006;951;202607;202607;5121100P;00; NENV;R;510;720,50;0,011800;8,50;0,32;0,00;8,82;;
006;951;202607;202607;51211010;00; NENV;R;1853;2597,10;0,011800;30,65;1,16;0,00;31,81;;
006;951;202607;202607;53050005;00; NENV;R;394;2281,50;0,011800;26,92;1,02;0,00;27,94;;
006;951;202607;202607;53050009;00; NENV;R;13497;64233,60;0,011800;757,96;28,71;0,00;786,67;;
006;951;202607;202607;53211002;00; NENV;R;590;838,80;0,011800;9,90;0,37;0,00;10,27;;
006;951;202607;202607;53211003;00; NENV;R;609;675,30;0,011800;7,97;0,30;0,00;8,27;;
006;951;202607;202607;5405000A;00; NENV;R;28442;116741,30;0,011800;1377,55;52,19;0,00;1429,73;;
006;951;202607;202607;54211001;00; NENV;R;1703;1933,50;0,011800;22,82;0,86;0,00;23,68;;
006;951;202607;202607;54211002;00; NENV;R;2;1,00;0,011800;0,01;0,00;0,00;0,01;;
006;951;202607;202607;55050007;00; NENV;R;15013;74250,80;0,011800;876,16;33,19;0,00;909,35;;
006;951;202607;202607;55050009;00; NENV;R;14660;71101,00;0,011800;838,99;31,78;0,00;870,78;;
006;951;202607;202607;55211001;00; NENV;R;1444;1499,80;0,011800;17,70;0,67;0,00;18,37;;
006;951;202607;202607;55211005;00; NENV;R;4;2,00;0,011800;0,02;0,00;0,00;0,02;;
006;951;202607;202607;54211001;00; NSAV;N;6;5,50;0,016860;0,09;0,00;0,00;0,10;;
006;951;202607;202607;5121100Y;00; NSNV;N;756;1829,70;0,016860;30,85;1,17;0,00;32,02;;
006;951;202607;202607;53211008;00; NSNV;N;774;2234,00;0,016860;37,67;1,43;0,00;39,09;;
006;951;202607;202607;54211001;00; NSNV;N;1049;2680,20;0,016860;45,19;1,71;0,00;46,90;;
006;951;202607;202607;55211002;00; NSNV;N;738;1848,90;0,016860;31,17;1,18;0,00;32,35;;
006;951;202607;202607;5121100Y;00; NSNV;R;140;338,30;0,011800;3,99;0,15;0,00;4,14;;
006;951;202607;202607;53211008;00; NSNV;R;119;576,00;0,011800;6,80;0,26;0,00;7,05;;
006;951;202607;202607;54211001;00; NSNV;R;148;379,50;0,011800;4,48;0,17;0,00;4,65;;
006;951;202607;202607;55211002;00; NSNV;R;128;319,50;0,011800;3,77;0,14;0,00;3,91;;
;;;;;01;;;18607412;11868655,80;;196702,76;7451,55;0,00;204154,28;;
006;953;202607;202607;51211012;00; LENV;N;1588;2333,40;0,016860;39,34;1,49;0,00;40,83;;
006;953;202607;202607;53050005;00; LENV;N;1;0,50;0,016860;0,01;0,00;0,00;0,01;;
006;953;202607;202607;53050009;00; LENV;N;30;27,30;0,016860;0,46;0,02;0,00;0,48;;
006;953;202607;202607;53211002;00; LENV;N;2;3,80;0,016860;0,06;0,00;0,00;0,07;;
006;953;202607;202607;53211003;00; LENV;N;6;3,30;0,016860;0,06;0,00;0,00;0,06;;
006;953;202607;202607;53211007;00; LENV;N;1952;2607,10;0,016860;43,96;1,67;0,00;45,62;;
006;953;202607;202607;53953002;00; LENV;N;10;9,10;0,016860;0,15;0,01;0,00;0,16;;
006;953;202607;202607;51211012;00; LENV;R;65;92,10;0,011800;1,09;0,04;0,00;1,13;;
006;953;202607;202607;53050009;00; LENV;R;6;3,00;0,011800;0,04;0,00;0,00;0,04;;
006;953;202607;202607;53211007;00; LENV;R;74;115,60;0,011800;1,36;0,05;0,00;1,42;;
;;;;;01;;;3734;5195,20;;86,53;3,28;0,00;89,82;;
014;921;202607;202607;11010026;00; NENV;N;7770;22667,60;0,017790;403,26;15,28;0,00;418,53;;
014;921;202607;202607;11010028;00; NENV;N;7541;22270,90;0,017790;396,20;15,01;0,00;411,21;;
014;921;202607;202607;1101002B;00; NENV;N;7640;22639,20;0,017790;402,75;15,26;0,00;418,01;;
014;921;202607;202607;1101002D;00; NENV;N;16922;50071,10;0,017790;890,76;33,74;0,00;924,51;;
014;921;202607;202607;1101002F;00; NENV;N;17029;51701,80;0,017790;919,78;34,84;0,00;954,62;;
014;921;202607;202607;1101002H;00; NENV;N;17107;50722,60;0,017790;902,36;34,18;0,00;936,54;;
014;921;202607;202607;1101002N;00; NENV;N;8309;24515,20;0,017790;436,13;16,52;0,00;452,65;;
014;921;202607;202607;1101002P;00; NENV;N;8333;23896,60;0,017790;425,12;16,10;0,00;441,23;;
014;921;202607;202607;1101002Q;00; NENV;N;8275;25132,70;0,017790;447,11;16,94;0,00;464,05;;
014;921;202607;202607;110110KL;00; NENV;N;3;1,80;0,017790;0,03;0,00;0,00;0,03;;
014;921;202607;202607;110110KN;00; NENV;N;27779;15160,40;0,017790;269,70;10,22;0,00;279,92;;
014;921;202607;202607;110110KP;00; NENV;N;15096;8585,20;0,017790;152,73;5,79;0,00;158,52;;
014;921;202607;202607;110110KY;00; NENV;N;3;3,30;0,017790;0,06;0,00;0,00;0,06;;
014;921;202607;202607;110110L0;00; NENV;N;28367;15759,60;0,017790;280,36;10,62;0,00;290,98;;
014;921;202607;202607;110110L2;00; NENV;N;15123;8660,90;0,017790;154,08;5,84;0,00;159,91;;
014;921;202607;202607;110110L4;00; NENV;N;1;0,50;0,017790;0,01;0,00;0,00;0,01;;
014;921;202607;202607;110110LC;00; NENV;N;28023;15358,80;0,017790;273,23;10,35;0,00;283,58;;
014;921;202607;202607;110110LE;00; NENV;N;15224;9052,30;0,017790;161,04;6,10;0,00;167,14;;
014;921;202607;202607;110110LO;00; NENV;N;40872;21325,70;0,017790;379,38;14,37;0,00;393,76;;
014;921;202607;202607;11010026;00; NENV;R;875;7802,00;0,012450;97,13;3,68;0,00;100,81;;
014;921;202607;202607;11010028;00; NENV;R;879;6724,50;0,012450;83,72;3,17;0,00;86,89;;
014;921;202607;202607;1101002B;00; NENV;R;867;6356,90;0,012450;79,14;3,00;0,00;82,14;;
014;921;202607;202607;1101002D;00; NENV;R;1839;15727,60;0,012450;195,81;7,42;0,00;203,23;;
014;921;202607;202607;1101002F;00; NENV;R;1926;13535,80;0,012450;168,52;6,38;0,00;174,90;;
014;921;202607;202607;1101002H;00; NENV;R;1920;16926,20;0,012450;210,73;7,98;0,00;218,71;;
014;921;202607;202607;1101002N;00; NENV;R;886;7868,40;0,012450;97,96;3,71;0,00;101,67;;
014;921;202607;202607;1101002P;00; NENV;R;963;8955,90;0,012450;111,50;4,22;0,00;115,72;;
014;921;202607;202607;1101002Q;00; NENV;R;864;7228,20;0,012450;89,99;3,41;0,00;93,40;;
014;921;202607;202607;110110KN;00; NENV;R;467;274,20;0,012450;3,41;0,13;0,00;3,54;;
014;921;202607;202607;110110KP;00; NENV;R;491;272,60;0,012450;3,39;0,13;0,00;3,52;;
014;921;202607;202607;110110L0;00; NENV;R;491;285,90;0,012450;3,56;0,13;0,00;3,69;;
014;921;202607;202607;110110L2;00; NENV;R;492;362,00;0,012450;4,51;0,17;0,00;4,68;;
014;921;202607;202607;110110LA;00; NENV;R;1;0,50;0,012450;0,01;0,00;0,00;0,01;;
014;921;202607;202607;110110LC;00; NENV;R;493;289,20;0,012450;3,60;0,14;0,00;3,74;;
014;921;202607;202607;110110LE;00; NENV;R;488;292,40;0,012450;3,64;0,14;0,00;3,78;;
;;;;;01;;;283359;480428,50;;8050,71;304,97;0,00;8355,69;;
014;927;202607;202607;11010026;00; NENV;N;2412;8033,40;0,017790;142,91;5,41;0,00;148,33;;
014;927;202607;202607;11010028;00; NENV;N;2384;9096,80;0,017790;161,83;6,13;0,00;167,96;;
014;927;202607;202607;1101002B;00; NENV;N;2352;8225,70;0,017790;146,34;5,54;0,00;151,88;;
014;927;202607;202607;1101002D;00; NENV;N;5169;18261,30;0,017790;324,87;12,31;0,00;337,18;;
014;927;202607;202607;1101002F;00; NENV;N;5221;18510,50;0,017790;329,30;12,47;0,00;341,78;;
014;927;202607;202607;1101002H;00; NENV;N;5302;19243,30;0,017790;342,34;12,97;0,00;355,31;;
014;927;202607;202607;1101002N;00; NENV;N;2541;8976,30;0,017790;159,69;6,05;0,00;165,74;;
014;927;202607;202607;1101002P;00; NENV;N;2506;9529,30;0,017790;169,53;6,42;0,00;175,95;;
014;927;202607;202607;1101002Q;00; NENV;N;2548;8773,20;0,017790;156,08;5,91;0,00;161,99;;
014;927;202607;202607;110110KL;00; NENV;N;8;32,10;0,017790;0,57;0,02;0,00;0,59;;
014;927;202607;202607;110110KN;00; NENV;N;11224;5711,40;0,017790;101,61;3,85;0,00;105,45;;
014;927;202607;202607;110110KP;00; NENV;N;8047;4157,70;0,017790;73,97;2,80;0,00;76,77;;
014;927;202607;202607;110110KR;00; NENV;N;4;9,50;0,017790;0,17;0,01;0,00;0,18;;
014;927;202607;202607;110110KY;00; NENV;N;6;11,20;0,017790;0,20;0,01;0,00;0,21;;
014;927;202607;202607;110110L0;00; NENV;N;11315;5805,20;0,017790;103,27;3,91;0,00;107,19;;
014;927;202607;202607;110110L2;00; NENV;N;7900;4132,30;0,017790;73,51;2,78;0,00;76,30;;
014;927;202607;202607;110110L4;00; NENV;N;6;7,50;0,017790;0,13;0,01;0,00;0,14;;
014;927;202607;202607;110110LA;00; NENV;N;7;8,60;0,017790;0,15;0,01;0,00;0,16;;
014;927;202607;202607;110110LC;00; NENV;N;11267;5755,30;0,017790;102,39;3,88;0,00;106,27;;
014;927;202607;202607;110110LE;00; NENV;N;8038;4115,60;0,017790;73,22;2,77;0,00;75,99;;
014;927;202607;202607;110110LG;00; NENV;N;5;8,20;0,017790;0,15;0,01;0,00;0,15;;
014;927;202607;202607;110110LO;00; NENV;N;11977;6031,90;0,017790;107,31;4,07;0,00;111,37;;
014;927;202607;202607;11010026;00; NENV;R;316;1976,60;0,012450;24,61;0,93;0,00;25,54;;
014;927;202607;202607;11010028;00; NENV;R;285;2035,30;0,012450;25,34;0,96;0,00;26,30;;
014;927;202607;202607;1101002B;00; NENV;R;352;2616,60;0,012450;32,58;1,23;0,00;33,81;;
014;927;202607;202607;1101002D;00; NENV;R;702;4899,40;0,012450;61,00;2,31;0,00;63,31;;
014;927;202607;202607;1101002F;00; NENV;R;668;5137,00;0,012450;63,96;2,42;0,00;66,38;;
014;927;202607;202607;1101002H;00; NENV;R;678;5295,00;0,012450;65,92;2,50;0,00;68,42;;
014;927;202607;202607;1101002N;00; NENV;R;321;2428,50;0,012450;30,23;1,15;0,00;31,38;;
014;927;202607;202607;1101002P;00; NENV;R;295;2058,80;0,012450;25,63;0,97;0,00;26,60;;
014;927;202607;202607;1101002Q;00; NENV;R;345;2426,90;0,012450;30,21;1,14;0,00;31,36;;
014;927;202607;202607;110110KN;00; NENV;R;45;49,30;0,012450;0,61;0,02;0,00;0,64;;
014;927;202607;202607;110110KP;00; NENV;R;42;22,50;0,012450;0,28;0,01;0,00;0,29;;
014;927;202607;202607;110110L0;00; NENV;R;49;68,30;0,012450;0,85;0,03;0,00;0,88;;
014;927;202607;202607;110110L2;00; NENV;R;45;29,60;0,012450;0,37;0,01;0,00;0,38;;
014;927;202607;202607;110110LC;00; NENV;R;49;25,00;0,012450;0,31;0,01;0,00;0,32;;
014;927;202607;202607;110110LE;00; NENV;R;51;32,50;0,012450;0,40;0,02;0,00;0,42;;
;;;;;01;;;104482;173537,60;;2931,84;111,05;0,00;3042,92;;
014;931;202607;202606;1101002N;00; NENV;N;1;1,10;0,017790;0,02;0,00;0,00;0,02;;
014;931;202607;202606;1101002P;00; NENV;N;1;5,40;0,017790;0,10;0,00;0,00;0,10;;
014;931;202607;202606;1101002Q;00; NENV;N;1;0,90;0,017790;0,02;0,00;0,00;0,02;;
014;931;202607;202607;11010026;00; NENV;N;223;240,30;0,017790;4,27;0,16;0,00;4,44;;
014;931;202607;202607;11010028;00; NENV;N;220;199,70;0,017790;3,55;0,13;0,00;3,69;;
014;931;202607;202607;1101002B;00; NENV;N;246;312,50;0,017790;5,56;0,21;0,00;5,77;;
014;931;202607;202607;1101002D;00; NENV;N;509;580,90;0,017790;10,33;0,39;0,00;10,73;;
014;931;202607;202607;1101002F;00; NENV;N;537;505,40;0,017790;8,99;0,34;0,00;9,33;;
014;931;202607;202607;1101002H;00; NENV;N;557;612,60;0,017790;10,90;0,41;0,00;11,31;;
014;931;202607;202607;1101002N;00; NENV;N;282;283,70;0,017790;5,05;0,19;0,00;5,24;;
014;931;202607;202607;1101002P;00; NENV;N;279;327,10;0,017790;5,82;0,22;0,00;6,04;;
014;931;202607;202607;1101002Q;00; NENV;N;282;279,60;0,017790;4,97;0,19;0,00;5,16;;
014;931;202607;202607;110110KL;00; NENV;N;7;4,10;0,017790;0,07;0,00;0,00;0,08;;
014;931;202607;202607;110110KN;00; NENV;N;28876;15541,60;0,017790;276,49;10,47;0,00;286,96;;
014;931;202607;202607;110110KP;00; NENV;N;20482;11320,10;0,017790;201,38;7,63;0,00;209,01;;
014;931;202607;202607;110110KR;00; NENV;N;3;2,60;0,017790;0,05;0,00;0,00;0,05;;
014;931;202607;202607;110110KY;00; NENV;N;4;22,10;0,017790;0,39;0,01;0,00;0,41;;
014;931;202607;202607;110110L0;00; NENV;N;28730;15476,00;0,017790;275,32;10,43;0,00;285,75;;
014;931;202607;202607;110110L2;00; NENV;N;21058;11521,90;0,017790;204,97;7,76;0,00;212,74;;
014;931;202607;202607;110110L4;00; NENV;N;7;6,10;0,017790;0,11;0,00;0,00;0,11;;
014;931;202607;202607;110110LA;00; NENV;N;6;3,70;0,017790;0,07;0,00;0,00;0,07;;
014;931;202607;202607;110110LC;00; NENV;N;28467;15293,60;0,017790;272,07;10,31;0,00;282,38;;
014;931;202607;202607;110110LE;00; NENV;N;20774;11449,80;0,017790;203,69;7,72;0,00;211,41;;
014;931;202607;202607;110110LG;00; NENV;N;2;1,00;0,017790;0,02;0,00;0,00;0,02;;
014;931;202607;202607;110110LO;00; NENV;N;29743;15041,90;0,017790;267,60;10,14;0,00;277,73;;
014;931;202607;202607;11010026;00; NENV;R;9;14,80;0,012450;0,18;0,01;0,00;0,19;;
014;931;202607;202607;11010028;00; NENV;R;15;17,50;0,012450;0,22;0,01;0,00;0,23;;
014;931;202607;202607;1101002B;00; NENV;R;13;36,40;0,012450;0,45;0,02;0,00;0,47;;
014;931;202607;202607;1101002D;00; NENV;R;26;65,40;0,012450;0,81;0,03;0,00;0,85;;
014;931;202607;202607;1101002F;00; NENV;R;29;71,20;0,012450;0,89;0,03;0,00;0,92;;
014;931;202607;202607;1101002H;00; NENV;R;27;53,70;0,012450;0,67;0,03;0,00;0,69;;
014;931;202607;202607;1101002N;00; NENV;R;17;69,00;0,012450;0,86;0,03;0,00;0,89;;
014;931;202607;202607;1101002P;00; NENV;R;8;17,10;0,012450;0,21;0,01;0,00;0,22;;
014;931;202607;202607;1101002Q;00; NENV;R;16;42,80;0,012450;0,53;0,02;0,00;0,55;;
014;931;202607;202607;110110KN;00; NENV;R;23;53,90;0,012450;0,67;0,03;0,00;0,70;;
014;931;202607;202607;110110KP;00; NENV;R;27;96,60;0,012450;1,20;0,05;0,00;1,25;;
014;931;202607;202607;110110KR;00; NENV;R;5;4,30;0,012450;0,05;0,00;0,00;0,06;;
014;931;202607;202607;110110L0;00; NENV;R;25;62,10;0,012450;0,77;0,03;0,00;0,80;;
014;931;202607;202607;110110L2;00; NENV;R;24;118,70;0,012450;1,48;0,06;0,00;1,53;;
014;931;202607;202607;110110L4;00; NENV;R;1;0,50;0,012450;0,01;0,00;0,00;0,01;;
014;931;202607;202607;110110LC;00; NENV;R;30;28,30;0,012450;0,35;0,01;0,00;0,37;;
014;931;202607;202607;110110LE;00; NENV;R;29;38,00;0,012450;0,47;0,02;0,00;0,49;;
014;931;202607;202607;110110LG;00; NENV;R;1;1,10;0,012450;0,01;0,00;0,00;0,01;;
;;;;;01;;;181622;99825,10;;1771,64;67,10;0,00;1838,80;;
014;934;202607;202607;11010026;00; NENV;N;58;29,00;0,017790;0,52;0,02;0,00;0,54;;
014;934;202607;202607;11010028;00; NENV;N;58;29,80;0,017790;0,53;0,02;0,00;0,55;;
014;934;202607;202607;1101002B;00; NENV;N;57;28,50;0,017790;0,51;0,02;0,00;0,53;;
014;934;202607;202607;1101002D;00; NENV;N;126;63,00;0,017790;1,12;0,04;0,00;1,16;;
014;934;202607;202607;1101002F;00; NENV;N;136;75,20;0,017790;1,34;0,05;0,00;1,39;;
014;934;202607;202607;1101002H;00; NENV;N;144;82,60;0,017790;1,47;0,06;0,00;1,53;;
014;934;202607;202607;1101002N;00; NENV;N;67;33,80;0,017790;0,60;0,02;0,00;0,62;;
014;934;202607;202607;1101002P;00; NENV;N;59;33,00;0,017790;0,59;0,02;0,00;0,61;;
014;934;202607;202607;1101002Q;00; NENV;N;59;30,20;0,017790;0,54;0,02;0,00;0,56;;
014;934;202607;202607;110110KN;00; NENV;N;19;26,70;0,017790;0,47;0,02;0,00;0,49;;
014;934;202607;202607;110110KP;00; NENV;N;26;36,70;0,017790;0,65;0,02;0,00;0,68;;
014;934;202607;202607;110110KY;00; NENV;N;1;0,50;0,017790;0,01;0,00;0,00;0,01;;
014;934;202607;202607;110110L0;00; NENV;N;13;31,60;0,017790;0,56;0,02;0,00;0,58;;
014;934;202607;202607;110110L2;00; NENV;N;24;34,60;0,017790;0,62;0,02;0,00;0,64;;
014;934;202607;202607;110110LC;00; NENV;N;35;44,70;0,017790;0,80;0,03;0,00;0,83;;
014;934;202607;202607;110110LE;00; NENV;N;20;22,30;0,017790;0,40;0,02;0,00;0,41;;
014;934;202607;202607;110110L2;00; NENV;R;1;0,50;0,012450;0,01;0,00;0,00;0,01;;
;;;;;01;;;903;602,70;;10,74;0,40;0,00;11,14;;
014;941;202607;202606;1101002N;00; NENV;N;12;23,70;0,017790;0,42;0,02;0,00;0,44;;
014;941;202607;202606;1101002P;00; NENV;N;15;13,90;0,017790;0,25;0,01;0,00;0,26;;
014;941;202607;202606;1101002Q;00; NENV;N;9;6,20;0,017790;0,11;0,00;0,00;0,11;;
014;941;202607;202607;11010026;00; NENV;N;199;109,60;0,017790;1,95;0,07;0,00;2,02;;
014;941;202607;202607;11010028;00; NENV;N;214;140,80;0,017790;2,50;0,09;0,00;2,60;;
014;941;202607;202607;1101002B;00; NENV;N;189;102,40;0,017790;1,82;0,07;0,00;1,89;;
014;941;202607;202607;1101002D;00; NENV;N;1180;683,00;0,017790;12,15;0,46;0,00;12,61;;
014;941;202607;202607;1101002F;00; NENV;N;1084;591,10;0,017790;10,52;0,40;0,00;10,91;;
014;941;202607;202607;1101002H;00; NENV;N;1204;614,80;0,017790;10,94;0,41;0,00;11,35;;
014;941;202607;202607;1101002N;00; NENV;N;686;456,30;0,017790;8,12;0,31;0,00;8,43;;
014;941;202607;202607;1101002P;00; NENV;N;673;428,80;0,017790;7,63;0,29;0,00;7,92;;
014;941;202607;202607;1101002Q;00; NENV;N;663;430,70;0,017790;7,66;0,29;0,00;7,95;;
014;941;202607;202607;110110KL;00; NENV;N;8;4,70;0,017790;0,08;0,00;0,00;0,09;;
014;941;202607;202607;110110KN;00; NENV;N;437660;221996,20;0,017790;3949,31;149,61;0,00;4098,92;;
014;941;202607;202607;110110KP;00; NENV;N;419727;213360,00;0,017790;3795,67;143,79;0,00;3939,46;;
014;941;202607;202607;110110KR;00; NENV;N;12;13,00;0,017790;0,23;0,01;0,00;0,24;;
014;941;202607;202607;110110KY;00; NENV;N;9;5,00;0,017790;0,09;0,00;0,00;0,09;;
014;941;202607;202607;110110L0;00; NENV;N;438216;222537,60;0,017790;3958,94;149,98;0,00;4108,92;;
014;941;202607;202607;110110L2;00; NENV;N;420058;213316,00;0,017790;3794,89;143,76;0,00;3938,65;;
014;941;202607;202607;110110L4;00; NENV;N;7;3,50;0,017790;0,06;0,00;0,00;0,06;;
014;941;202607;202607;110110LA;00; NENV;N;5;2,50;0,017790;0,04;0,00;0,00;0,05;;
014;941;202607;202607;110110LC;00; NENV;N;439227;223042,30;0,017790;3967,92;150,32;0,00;4118,24;;
014;941;202607;202607;110110LE;00; NENV;N;421852;214330,40;0,017790;3812,94;144,44;0,00;3957,38;;
014;941;202607;202607;110110LG;00; NENV;N;9;5,20;0,017790;0,09;0,00;0,00;0,10;;
014;941;202607;202607;110110LO;00; NENV;N;85413;42990,80;0,017790;764,81;28,97;0,00;793,78;;
014;941;202607;202607;11010026;00; NENV;R;1;0,70;0,012450;0,01;0,00;0,00;0,01;;
014;941;202607;202607;11010028;00; NENV;R;4;2,00;0,012450;0,02;0,00;0,00;0,03;;
014;941;202607;202607;1101002D;00; NENV;R;272;137,50;0,012450;1,71;0,06;0,00;1,78;;
014;941;202607;202607;1101002F;00; NENV;R;324;162,20;0,012450;2,02;0,08;0,00;2,10;;
014;941;202607;202607;1101002H;00; NENV;R;300;150,40;0,012450;1,87;0,07;0,00;1,94;;
014;941;202607;202607;1101002N;00; NENV;R;123;62,10;0,012450;0,77;0,03;0,00;0,80;;
014;941;202607;202607;1101002P;00; NENV;R;136;68,00;0,012450;0,85;0,03;0,00;0,88;;
014;941;202607;202607;1101002Q;00; NENV;R;156;78,00;0,012450;0,97;0,04;0,00;1,01;;
014;941;202607;202607;110110KN;00; NENV;R;71;97,20;0,012450;1,21;0,05;0,00;1,26;;
014;941;202607;202607;110110KP;00; NENV;R;71;54,50;0,012450;0,68;0,03;0,00;0,70;;
014;941;202607;202607;110110L0;00; NENV;R;59;52,50;0,012450;0,65;0,02;0,00;0,68;;
014;941;202607;202607;110110L2;00; NENV;R;45;135,50;0,012450;1,69;0,06;0,00;1,75;;
014;941;202607;202607;110110LC;00; NENV;R;77;55,40;0,012450;0,69;0,03;0,00;0,72;;
014;941;202607;202607;110110LE;00; NENV;R;57;39,50;0,012450;0,49;0,02;0,00;0,51;;
;;;;;01;;;2670027;1356304,00;;24122,77;913,82;0,00;25036,64;;
014;943;202607;202607;11010026;00; NENV;N;58;45,00;0,017790;0,80;0,03;0,00;0,83;;
014;943;202607;202607;11010028;00; NENV;N;55;39,90;0,017790;0,71;0,03;0,00;0,74;;
014;943;202607;202607;1101002B;00; NENV;N;35;28,20;0,017790;0,50;0,02;0,00;0,52;;
014;943;202607;202607;1101002D;00; NENV;N;94;80,70;0,017790;1,44;0,05;0,00;1,49;;
014;943;202607;202607;1101002F;00; NENV;N;106;82,50;0,017790;1,47;0,06;0,00;1,52;;
014;943;202607;202607;1101002H;00; NENV;N;111;88,00;0,017790;1,57;0,06;0,00;1,62;;
014;943;202607;202607;1101002N;00; NENV;N;42;30,10;0,017790;0,54;0,02;0,00;0,56;;
014;943;202607;202607;1101002P;00; NENV;N;53;39,00;0,017790;0,69;0,03;0,00;0,72;;
014;943;202607;202607;1101002Q;00; NENV;N;49;38,40;0,017790;0,68;0,03;0,00;0,71;;
014;943;202607;202607;110110KN;00; NENV;N;5420;2792,20;0,017790;49,67;1,88;0,00;51,55;;
014;943;202607;202607;110110KP;00; NENV;N;3709;1972,30;0,017790;35,09;1,33;0,00;36,42;;
014;943;202607;202607;110110L0;00; NENV;N;5466;2748,10;0,017790;48,89;1,85;0,00;50,74;;
014;943;202607;202607;110110L2;00; NENV;N;3693;1880,60;0,017790;33,46;1,27;0,00;34,72;;
014;943;202607;202607;110110LA;00; NENV;N;1;1,40;0,017790;0,02;0,00;0,00;0,03;;
014;943;202607;202607;110110LC;00; NENV;N;5351;2736,80;0,017790;48,69;1,84;0,00;50,53;;
014;943;202607;202607;110110LE;00; NENV;N;3656;1878,30;0,017790;33,41;1,27;0,00;34,68;;
014;943;202607;202607;110110LO;00; NENV;N;5960;2991,90;0,017790;53,23;2,02;0,00;55,24;;
014;943;202607;202607;110110KN;00; NENV;R;1;6,80;0,012450;0,08;0,00;0,00;0,09;;
014;943;202607;202607;110110KP;00; NENV;R;2;1,00;0,012450;0,01;0,00;0,00;0,01;;
014;943;202607;202607;110110L0;00; NENV;R;1;9,70;0,012450;0,12;0,00;0,00;0,13;;
014;943;202607;202607;110110L2;00; NENV;R;4;24,40;0,012450;0,30;0,01;0,00;0,32;;
;;;;;01;;;33867;17515,30;;311,37;11,80;0,00;323,17;;
014;948;202607;202606;1101002N;00; NENV;N;1;0,50;0,017790;0,01;0,00;0,00;0,01;;
014;948;202607;202606;1101002Q;00; NENV;N;1;0,50;0,017790;0,01;0,00;0,00;0,01;;
014;948;202607;202607;11010026;00; NENV;N;1480;5179,90;0,017790;92,15;3,49;0,00;95,64;;
014;948;202607;202607;11010028;00; NENV;N;1478;5679,50;0,017790;101,04;3,83;0,00;104,87;;
014;948;202607;202607;1101002B;00; NENV;N;1474;4679,00;0,017790;83,24;3,15;0,00;86,39;;
014;948;202607;202607;1101002D;00; NENV;N;3387;12331,50;0,017790;219,38;8,31;0,00;227,69;;
014;948;202607;202607;1101002F;00; NENV;N;3299;11618,00;0,017790;206,68;7,83;0,00;214,51;;
014;948;202607;202607;1101002H;00; NENV;N;3387;11297,90;0,017790;200,99;7,61;0,00;208,60;;
014;948;202607;202607;1101002N;00; NENV;N;1590;5117,70;0,017790;91,04;3,45;0,00;94,49;;
014;948;202607;202607;1101002P;00; NENV;N;1673;5073,10;0,017790;90,25;3,42;0,00;93,67;;
014;948;202607;202607;1101002Q;00; NENV;N;1653;5497,80;0,017790;97,81;3,71;0,00;101,51;;
014;948;202607;202607;110110KL;00; NENV;N;5;2,90;0,017790;0,05;0,00;0,00;0,05;;
014;948;202607;202607;110110KN;00; NENV;N;37972;19539,20;0,017790;347,60;13,17;0,00;360,77;;
014;948;202607;202607;110110KP;00; NENV;N;26375;13591,80;0,017790;241,80;9,16;0,00;250,96;;
014;948;202607;202607;110110KR;00; NENV;N;5;3,40;0,017790;0,06;0,00;0,00;0,06;;
014;948;202607;202607;110110KY;00; NENV;N;2;1,20;0,017790;0,02;0,00;0,00;0,02;;
014;948;202607;202607;110110L0;00; NENV;N;37635;19372,00;0,017790;344,63;13,06;0,00;357,68;;
014;948;202607;202607;110110L2;00; NENV;N;26286;13679,90;0,017790;243,37;9,22;0,00;252,58;;
014;948;202607;202607;110110L4;00; NENV;N;4;4,40;0,017790;0,08;0,00;0,00;0,08;;
014;948;202607;202607;110110LA;00; NENV;N;2;1,00;0,017790;0,02;0,00;0,00;0,02;;
014;948;202607;202607;110110LC;00; NENV;N;38054;19549,90;0,017790;347,79;13,18;0,00;360,97;;
014;948;202607;202607;110110LE;00; NENV;N;26509;13697,00;0,017790;243,67;9,23;0,00;252,90;;
014;948;202607;202607;110110LG;00; NENV;N;5;10,40;0,017790;0,19;0,01;0,00;0,19;;
014;948;202607;202607;110110LO;00; NENV;N;42062;21124,70;0,017790;375,81;14,24;0,00;390,05;;
014;948;202607;202607;11010026;00; NENV;R;129;938,20;0,012450;11,68;0,44;0,00;12,12;;
014;948;202607;202607;11010028;00; NENV;R;135;1391,50;0,012450;17,32;0,66;0,00;17,98;;
014;948;202607;202607;1101002B;00; NENV;R;131;1348,70;0,012450;16,79;0,64;0,00;17,43;;
014;948;202607;202607;1101002D;00; NENV;R;285;4746,60;0,012450;59,10;2,24;0,00;61,33;;
014;948;202607;202607;1101002F;00; NENV;R;327;2899,50;0,012450;36,10;1,37;0,00;37,47;;
014;948;202607;202607;1101002H;00; NENV;R;306;2891,60;0,012450;36,00;1,36;0,00;37,36;;
014;948;202607;202607;1101002N;00; NENV;R;159;1628,00;0,012450;20,27;0,77;0,00;21,04;;
014;948;202607;202607;1101002P;00; NENV;R;135;1391,10;0,012450;17,32;0,66;0,00;17,98;;
014;948;202607;202607;1101002Q;00; NENV;R;150;1521,10;0,012450;18,94;0,72;0,00;19,66;;
014;948;202607;202607;110110KN;00; NENV;R;31;34,00;0,012450;0,42;0,02;0,00;0,44;;
014;948;202607;202607;110110KP;00; NENV;R;25;69,90;0,012450;0,87;0,03;0,00;0,90;;
014;948;202607;202607;110110L0;00; NENV;R;24;59,60;0,012450;0,74;0,03;0,00;0,77;;
014;948;202607;202607;110110L2;00; NENV;R;24;33,00;0,012450;0,41;0,02;0,00;0,43;;
014;948;202607;202607;110110LC;00; NENV;R;26;48,00;0,012450;0,60;0,02;0,00;0,62;;
014;948;202607;202607;110110LE;00; NENV;R;19;42,40;0,012450;0,53;0,02;0,00;0,55;;
;;;;;01;;;256245;206096,40;;3564,78;135,07;0,00;3699,80;;
014;951;202607;202606;1101002Q;00; NENV;N;1;1,80;0,017790;0,03;0,00;0,00;0,03;;
014;951;202607;202607;11010026;00; NENV;N;64;45,60;0,017790;0,81;0,03;0,00;0,84;;
014;951;202607;202607;11010028;00; NENV;N;76;48,60;0,017790;0,86;0,03;0,00;0,90;;
014;951;202607;202607;1101002B;00; NENV;N;59;58,90;0,017790;1,05;0,04;0,00;1,09;;
014;951;202607;202607;1101002D;00; NENV;N;164;136,00;0,017790;2,42;0,09;0,00;2,51;;
014;951;202607;202607;1101002F;00; NENV;N;171;132,60;0,017790;2,36;0,09;0,00;2,45;;
014;951;202607;202607;1101002H;00; NENV;N;157;175,40;0,017790;3,12;0,12;0,00;3,24;;
014;951;202607;202607;1101002N;00; NENV;N;76;57,50;0,017790;1,02;0,04;0,00;1,06;;
014;951;202607;202607;1101002P;00; NENV;N;105;70,80;0,017790;1,26;0,05;0,00;1,31;;
014;951;202607;202607;1101002Q;00; NENV;N;101;81,30;0,017790;1,45;0,05;0,00;1,50;;
014;951;202607;202607;110110KL;00; NENV;N;2;1,00;0,017790;0,02;0,00;0,00;0,02;;
014;951;202607;202607;110110KN;00; NENV;N;37774;19168,00;0,017790;341,00;12,92;0,00;353,92;;
014;951;202607;202607;110110KP;00; NENV;N;26299;13402,80;0,017790;238,44;9,03;0,00;247,47;;
014;951;202607;202607;110110KR;00; NENV;N;2;1,00;0,017790;0,02;0,00;0,00;0,02;;
014;951;202607;202607;110110KY;00; NENV;N;2;1,00;0,017790;0,02;0,00;0,00;0,02;;
014;951;202607;202607;110110L0;00; NENV;N;37940;19280,00;0,017790;342,99;12,99;0,00;355,98;;
014;951;202607;202607;110110L2;00; NENV;N;26525;13685,60;0,017790;243,47;9,22;0,00;252,69;;
014;951;202607;202607;110110LA;00; NENV;N;1;0,50;0,017790;0,01;0,00;0,00;0,01;;
014;951;202607;202607;110110LC;00; NENV;N;37744;19194,10;0,017790;341,46;12,94;0,00;354,40;;
014;951;202607;202607;110110LE;00; NENV;N;26665;13638,10;0,017790;242,62;9,19;0,00;251,81;;
014;951;202607;202607;110110LO;00; NENV;N;41697;20935,00;0,017790;372,43;14,11;0,00;386,54;;
014;951;202607;202607;11010026;00; NENV;R;1;0,50;0,012450;0,01;0,00;0,00;0,01;;
014;951;202607;202607;11010028;00; NENV;R;1;0,50;0,012450;0,01;0,00;0,00;0,01;;
014;951;202607;202607;1101002B;00; NENV;R;3;1,50;0,012450;0,02;0,00;0,00;0,02;;
014;951;202607;202607;1101002D;00; NENV;R;6;9,60;0,012450;0,12;0,00;0,00;0,12;;
014;951;202607;202607;1101002F;00; NENV;R;2;1,00;0,012450;0,01;0,00;0,00;0,01;;
014;951;202607;202607;1101002H;00; NENV;R;6;3,30;0,012450;0,04;0,00;0,00;0,04;;
014;951;202607;202607;1101002N;00; NENV;R;1;0,50;0,012450;0,01;0,00;0,00;0,01;;
014;951;202607;202607;1101002Q;00; NENV;R;3;1,50;0,012450;0,02;0,00;0,00;0,02;;
014;951;202607;202607;110110KP;00; NENV;R;2;3,10;0,012450;0,04;0,00;0,00;0,04;;
014;951;202607;202607;110110L2;00; NENV;R;4;2,00;0,012450;0,02;0,00;0,00;0,03;;
014;951;202607;202607;110110LC;00; NENV;R;3;240,30;0,012450;2,99;0,11;0,00;3,11;;
;;;;;01;;;235657;120379,40;;2140,15;81,05;0,00;2221,23;;
014;953;202607;202607;1101002D;00; NENV;N;4;2,00;0,017790;0,04;0,00;0,00;0,04;;
014;953;202607;202607;1101002F;00; NENV;N;5;2,50;0,017790;0,04;0,00;0,00;0,05;;
014;953;202607;202607;1101002H;00; NENV;N;8;4,00;0,017790;0,07;0,00;0,00;0,07;;
014;953;202607;202607;1101002N;00; NENV;N;5;2,50;0,017790;0,04;0,00;0,00;0,05;;
014;953;202607;202607;1101002Q;00; NENV;N;3;1,50;0,017790;0,03;0,00;0,00;0,03;;
014;953;202607;202607;110110KN;00; NENV;N;5294;2678,00;0,017790;47,64;1,80;0,00;49,45;;
014;953;202607;202607;110110KP;00; NENV;N;3664;1840,50;0,017790;32,74;1,24;0,00;33,98;;
014;953;202607;202607;110110L0;00; NENV;N;5296;2655,20;0,017790;47,24;1,79;0,00;49,03;;
014;953;202607;202607;110110L2;00; NENV;N;3590;1809,30;0,017790;32,19;1,22;0,00;33,41;;
014;953;202607;202607;110110LC;00; NENV;N;5289;2660,10;0,017790;47,32;1,79;0,00;49,12;;
014;953;202607;202607;110110LE;00; NENV;N;3814;1908,00;0,017790;33,94;1,29;0,00;35,23;;
014;953;202607;202607;110110LO;00; NENV;N;6086;3103,60;0,017790;55,21;2,09;0,00;57,30;;
014;953;202607;202607;110110LC;00; NENV;R;1;0,50;0,012450;0,01;0,00;0,00;0,01;;
;;;;;01;;;33059;16667,70;;296,51;11,22;0,00;307,77;;
014;960;202607;202607;11010026;00; NENV;N;927;2729,20;0,017790;48,55;1,84;0,00;50,39;;
014;960;202607;202607;11010028;00; NENV;N;985;2980,90;0,017790;53,03;2,01;0,00;55,04;;
014;960;202607;202607;1101002B;00; NENV;N;970;2840,60;0,017790;50,53;1,91;0,00;52,45;;
014;960;202607;202607;1101002D;00; NENV;N;2019;6164,30;0,017790;109,66;4,15;0,00;113,82;;
014;960;202607;202607;1101002F;00; NENV;N;2045;6393,50;0,017790;113,74;4,31;0,00;118,05;;
014;960;202607;202607;1101002H;00; NENV;N;2009;6667,10;0,017790;118,61;4,49;0,00;123,10;;
014;960;202607;202607;1101002N;00; NENV;N;1039;3002,10;0,017790;53,41;2,02;0,00;55,43;;
014;960;202607;202607;1101002P;00; NENV;N;1063;3476,10;0,017790;61,84;2,34;0,00;64,18;;
014;960;202607;202607;1101002Q;00; NENV;N;993;2956,40;0,017790;52,59;1,99;0,00;54,59;;
014;960;202607;202607;110110KN;00; NENV;N;16108;8231,00;0,017790;146,43;5,55;0,00;151,98;;
014;960;202607;202607;110110KP;00; NENV;N;11087;5642,30;0,017790;100,38;3,80;0,00;104,18;;
014;960;202607;202607;110110KR;00; NENV;N;1;1,50;0,017790;0,03;0,00;0,00;0,03;;
014;960;202607;202607;110110KY;00; NENV;N;2;1,00;0,017790;0,02;0,00;0,00;0,02;;
014;960;202607;202607;110110L0;00; NENV;N;16185;8339,60;0,017790;148,36;5,62;0,00;153,98;;
014;960;202607;202607;110110L2;00; NENV;N;11141;5708,70;0,017790;101,56;3,85;0,00;105,41;;
014;960;202607;202607;110110L4;00; NENV;N;1;0,50;0,017790;0,01;0,00;0,00;0,01;;
014;960;202607;202607;110110LA;00; NENV;N;3;9,10;0,017790;0,16;0,01;0,00;0,17;;
014;960;202607;202607;110110LC;00; NENV;N;16393;8363,80;0,017790;148,79;5,64;0,00;154,43;;
014;960;202607;202607;110110LE;00; NENV;N;11275;5759,70;0,017790;102,47;3,88;0,00;106,35;;
014;960;202607;202607;110110LO;00; NENV;N;18002;9041,20;0,017790;160,84;6,09;0,00;166,94;;
014;960;202607;202607;11010026;00; NENV;R;123;930,90;0,012450;11,59;0,44;0,00;12,03;;
014;960;202607;202607;11010028;00; NENV;R;94;817,10;0,012450;10,17;0,39;0,00;10,56;;
014;960;202607;202607;1101002B;00; NENV;R;98;708,40;0,012450;8,82;0,33;0,00;9,15;;
014;960;202607;202607;1101002D;00; NENV;R;209;1432,90;0,012450;17,84;0,68;0,00;18,52;;
014;960;202607;202607;1101002F;00; NENV;R;236;1249,70;0,012450;15,56;0,59;0,00;16,15;;
014;960;202607;202607;1101002H;00; NENV;R;203;1218,70;0,012450;15,17;0,57;0,00;15,75;;
014;960;202607;202607;1101002N;00; NENV;R;106;1099,00;0,012450;13,68;0,52;0,00;14,20;;
014;960;202607;202607;1101002P;00; NENV;R;103;1026,50;0,012450;12,78;0,48;0,00;13,26;;
014;960;202607;202607;1101002Q;00; NENV;R;111;639,50;0,012450;7,96;0,30;0,00;8,26;;
014;960;202607;202607;110110KN;00; NENV;R;3;10,50;0,012450;0,13;0,00;0,00;0,14;;
014;960;202607;202607;110110KP;00; NENV;R;1;0,50;0,012450;0,01;0,00;0,00;0,01;;
014;960;202607;202607;110110L0;00; NENV;R;7;10,30;0,012450;0,13;0,00;0,00;0,13;;
014;960;202607;202607;110110L2;00; NENV;R;2;24,80;0,012450;0,31;0,01;0,00;0,32;;
014;960;202607;202607;110110LC;00; NENV;R;6;6,20;0,012450;0,08;0,00;0,00;0,08;;
014;960;202607;202607;110110LE;00; NENV;R;2;1,00;0,012450;0,01;0,00;0,00;0,01;;
;;;;;01;;;113552;97484,60;;1685,25;63,81;0,00;1749,12;;
014;961;202607;202607;11010026;00; NENV;N;1238;3895,20;0,017790;69,30;2,63;0,00;71,92;;
014;961;202607;202607;11010028;00; NENV;N;1193;4628,50;0,017790;82,34;3,12;0,00;85,46;;
014;961;202607;202607;1101002B;00; NENV;N;1246;4352,40;0,017790;77,43;2,93;0,00;80,36;;
014;961;202607;202607;1101002D;00; NENV;N;2592;9133,20;0,017790;162,48;6,16;0,00;168,63;;
014;961;202607;202607;1101002F;00; NENV;N;2718;9581,20;0,017790;170,45;6,46;0,00;176,91;;
014;961;202607;202607;1101002H;00; NENV;N;2760;9308,60;0,017790;165,60;6,27;0,00;171,87;;
014;961;202607;202607;1101002N;00; NENV;N;1265;4289,00;0,017790;76,30;2,89;0,00;79,19;;
014;961;202607;202607;1101002P;00; NENV;N;1306;4474,80;0,017790;79,61;3,02;0,00;82,62;;
014;961;202607;202607;1101002Q;00; NENV;N;1358;5222,80;0,017790;92,91;3,52;0,00;96,43;;
014;961;202607;202607;110110KL;00; NENV;N;4;31,10;0,017790;0,55;0,02;0,00;0,57;;
014;961;202607;202607;110110KN;00; NENV;N;5981;3413,00;0,017790;60,72;2,30;0,00;63,02;;
014;961;202607;202607;110110KP;00; NENV;N;4216;2449,10;0,017790;43,57;1,65;0,00;45,22;;
014;961;202607;202607;110110KR;00; NENV;N;3;1,50;0,017790;0,03;0,00;0,00;0,03;;
014;961;202607;202607;110110KY;00; NENV;N;8;5,50;0,017790;0,10;0,00;0,00;0,10;;
014;961;202607;202607;110110L0;00; NENV;N;5824;3207,00;0,017790;57,05;2,16;0,00;59,21;;
014;961;202607;202607;110110L2;00; NENV;N;4391;2705,00;0,017790;48,12;1,82;0,00;49,94;;
014;961;202607;202607;110110L4;00; NENV;N;1;0,50;0,017790;0,01;0,00;0,00;0,01;;
014;961;202607;202607;110110LA;00; NENV;N;2;2,20;0,017790;0,04;0,00;0,00;0,04;;
014;961;202607;202607;110110LC;00; NENV;N;5954;3582,60;0,017790;63,73;2,41;0,00;66,15;;
014;961;202607;202607;110110LE;00; NENV;N;4314;2596,30;0,017790;46,19;1,75;0,00;47,94;;
014;961;202607;202607;110110LG;00; NENV;N;5;6,10;0,017790;0,11;0,00;0,00;0,11;;
014;961;202607;202607;110110LO;00; NENV;N;5964;2989,30;0,017790;53,18;2,01;0,00;55,19;;
014;961;202607;202607;11010026;00; NENV;R;161;1376,50;0,012450;17,14;0,65;0,00;17,79;;
014;961;202607;202607;11010028;00; NENV;R;176;1002,60;0,012450;12,48;0,47;0,00;12,96;;
014;961;202607;202607;1101002B;00; NENV;R;146;925,00;0,012450;11,52;0,44;0,00;11,95;;
014;961;202607;202607;1101002D;00; NENV;R;331;2534,80;0,012450;31,56;1,20;0,00;32,75;;
014;961;202607;202607;1101002F;00; NENV;R;318;1974,90;0,012450;24,59;0,93;0,00;25,52;;
014;961;202607;202607;1101002H;00; NENV;R;320;2342,90;0,012450;29,17;1,11;0,00;30,27;;
014;961;202607;202607;1101002N;00; NENV;R;163;974,70;0,012450;12,14;0,46;0,00;12,59;;
014;961;202607;202607;1101002P;00; NENV;R;166;1129,70;0,012450;14,06;0,53;0,00;14,60;;
014;961;202607;202607;1101002Q;00; NENV;R;186;1188,70;0,012450;14,80;0,56;0,00;15,36;;
014;961;202607;202607;110110KN;00; NENV;R;4;15,60;0,012450;0,19;0,01;0,00;0,20;;
014;961;202607;202607;110110KP;00; NENV;R;6;11,80;0,012450;0,15;0,01;0,00;0,15;;
014;961;202607;202607;110110L0;00; NENV;R;6;6,00;0,012450;0,07;0,00;0,00;0,08;;
014;961;202607;202607;110110L2;00; NENV;R;6;6,00;0,012450;0,07;0,00;0,00;0,08;;
014;961;202607;202607;110110LC;00; NENV;R;9;7,10;0,012450;0,09;0,00;0,00;0,09;;
014;961;202607;202607;110110LE;00; NENV;R;8;23,60;0,012450;0,29;0,01;0,00;0,30;;
;;;;;01;;;54349;89394,80;;1518,14;57,50;0,00;1575,61;;
014;963;202607;202607;11010026;00; NENV;N;100;228,10;0,017790;4,06;0,15;0,00;4,21;;
014;963;202607;202607;11010028;00; NENV;N;78;115,40;0,017790;2,05;0,08;0,00;2,13;;
014;963;202607;202607;1101002B;00; NENV;N;84;191,50;0,017790;3,41;0,13;0,00;3,54;;
014;963;202607;202607;1101002D;00; NENV;N;217;320,00;0,017790;5,69;0,22;0,00;5,91;;
014;963;202607;202607;1101002F;00; NENV;N;211;343,10;0,017790;6,10;0,23;0,00;6,33;;
014;963;202607;202607;1101002H;00; NENV;N;211;315,30;0,017790;5,61;0,21;0,00;5,82;;
014;963;202607;202607;1101002N;00; NENV;N;105;174,40;0,017790;3,10;0,12;0,00;3,22;;
014;963;202607;202607;1101002P;00; NENV;N;83;107,20;0,017790;1,91;0,07;0,00;1,98;;
014;963;202607;202607;1101002Q;00; NENV;N;96;141,50;0,017790;2,52;0,10;0,00;2,61;;
014;963;202607;202607;110110KN;00; NENV;N;5498;2778,40;0,017790;49,43;1,87;0,00;51,30;;
014;963;202607;202607;110110KP;00; NENV;N;3920;1975,30;0,017790;35,14;1,33;0,00;36,47;;
014;963;202607;202607;110110KY;00; NENV;N;1;0,50;0,017790;0,01;0,00;0,00;0,01;;
014;963;202607;202607;110110L0;00; NENV;N;5580;2843,10;0,017790;50,58;1,92;0,00;52,49;;
014;963;202607;202607;110110L2;00; NENV;N;3827;1926,70;0,017790;34,28;1,30;0,00;35,57;;
014;963;202607;202607;110110LC;00; NENV;N;5664;2840,20;0,017790;50,53;1,91;0,00;52,44;;
014;963;202607;202607;110110LE;00; NENV;N;3806;1909,50;0,017790;33,97;1,29;0,00;35,26;;
014;963;202607;202607;110110LO;00; NENV;N;5864;2939,90;0,017790;52,30;1,98;0,00;54,28;;
014;963;202607;202607;11010026;00; NENV;R;6;86,70;0,012450;1,08;0,04;0,00;1,12;;
014;963;202607;202607;11010028;00; NENV;R;8;21,40;0,012450;0,27;0,01;0,00;0,28;;
014;963;202607;202607;1101002B;00; NENV;R;6;3,10;0,012450;0,04;0,00;0,00;0,04;;
014;963;202607;202607;1101002D;00; NENV;R;14;91,20;0,012450;1,14;0,04;0,00;1,18;;
014;963;202607;202607;1101002F;00; NENV;R;12;98,30;0,012450;1,22;0,05;0,00;1,27;;
014;963;202607;202607;1101002H;00; NENV;R;14;53,20;0,012450;0,66;0,03;0,00;0,69;;
014;963;202607;202607;1101002N;00; NENV;R;9;20,50;0,012450;0,26;0,01;0,00;0,26;;
014;963;202607;202607;1101002P;00; NENV;R;4;8,00;0,012450;0,10;0,00;0,00;0,10;;
014;963;202607;202607;1101002Q;00; NENV;R;6;90,90;0,012450;1,13;0,04;0,00;1,17;;
014;963;202607;202607;110110KP;00; NENV;R;1;0,50;0,012450;0,01;0,00;0,00;0,01;;
014;963;202607;202607;110110L0;00; NENV;R;1;42,80;0,012450;0,53;0,02;0,00;0,55;;
014;963;202607;202607;110110L2;00; NENV;R;1;11,60;0,012450;0,14;0,01;0,00;0,15;;
;;;;;01;;;35427;19678,30;;347,27;13,16;0,00;360,39;;
014;965;202607;202606;1101002Q;00; NENV;N;1;0,50;0,017790;0,01;0,00;0,00;0,01;;
014;965;202607;202607;11010026;00; NENV;N;654;2500,70;0,017790;44,49;1,69;0,00;46,17;;
014;965;202607;202607;11010028;00; NENV;N;610;2418,90;0,017790;43,03;1,63;0,00;44,66;;
014;965;202607;202607;1101002B;00; NENV;N;641;2587,50;0,017790;46,03;1,74;0,00;47,78;;
014;965;202607;202607;1101002D;00; NENV;N;1434;4839,70;0,017790;86,10;3,26;0,00;89,36;;
014;965;202607;202607;1101002F;00; NENV;N;1298;4856,90;0,017790;86,40;3,27;0,00;89,68;;
014;965;202607;202607;1101002H;00; NENV;N;1363;4457,10;0,017790;79,29;3,00;0,00;82,30;;
014;965;202607;202607;1101002N;00; NENV;N;688;2660,90;0,017790;47,34;1,79;0,00;49,13;;
014;965;202607;202607;1101002P;00; NENV;N;734;2405,90;0,017790;42,80;1,62;0,00;44,42;;
014;965;202607;202607;1101002Q;00; NENV;N;666;2423,00;0,017790;43,11;1,63;0,00;44,74;;
014;965;202607;202607;110110KN;00; NENV;N;10931;5540,00;0,017790;98,56;3,73;0,00;102,29;;
014;965;202607;202607;110110KP;00; NENV;N;7727;3939,30;0,017790;70,08;2,65;0,00;72,73;;
014;965;202607;202607;110110L0;00; NENV;N;11202;5690,10;0,017790;101,23;3,83;0,00;105,06;;
014;965;202607;202607;110110L2;00; NENV;N;7635;3904,00;0,017790;69,45;2,63;0,00;72,08;;
014;965;202607;202607;110110LC;00; NENV;N;11020;5592,90;0,017790;99,50;3,77;0,00;103,27;;
014;965;202607;202607;110110LE;00; NENV;N;7662;3901,80;0,017790;69,41;2,63;0,00;72,04;;
014;965;202607;202607;110110LO;00; NENV;N;11966;5999,30;0,017790;106,73;4,04;0,00;110,77;;
014;965;202607;202607;11010026;00; NENV;R;120;891,70;0,012450;11,10;0,42;0,00;11,52;;
014;965;202607;202607;11010028;00; NENV;R;104;1096,70;0,012450;13,65;0,52;0,00;14,17;;
014;965;202607;202607;1101002B;00; NENV;R;115;734,00;0,012450;9,14;0,35;0,00;9,48;;
014;965;202607;202607;1101002D;00; NENV;R;222;1943,80;0,012450;24,20;0,92;0,00;25,12;;
014;965;202607;202607;1101002F;00; NENV;R;218;1251,50;0,012450;15,58;0,59;0,00;16,17;;
014;965;202607;202607;1101002H;00; NENV;R;253;2199,70;0,012450;27,39;1,04;0,00;28,42;;
014;965;202607;202607;1101002N;00; NENV;R;109;942,20;0,012450;11,73;0,44;0,00;12,17;;
014;965;202607;202607;1101002P;00; NENV;R;126;658,50;0,012450;8,20;0,31;0,00;8,51;;
014;965;202607;202607;1101002Q;00; NENV;R;119;1108,10;0,012450;13,80;0,52;0,00;14,32;;
014;965;202607;202607;110110KN;00; NENV;R;7;8,70;0,012450;0,11;0,00;0,00;0,11;;
014;965;202607;202607;110110KP;00; NENV;R;4;2,60;0,012450;0,03;0,00;0,00;0,03;;
014;965;202607;202607;110110L0;00; NENV;R;7;4,20;0,012450;0,05;0,00;0,00;0,05;;
014;965;202607;202607;110110L2;00; NENV;R;3;22,70;0,012450;0,28;0,01;0,00;0,29;;
014;965;202607;202607;110110LC;00; NENV;R;5;10,10;0,012450;0,13;0,00;0,00;0,13;;
014;965;202607;202607;110110LE;00; NENV;R;3;1,70;0,012450;0,02;0,00;0,00;0,02;;
;;;;;01;;;77647;74594,70;;1268,97;48,03;0,00;1317,00;;
014;967;202607;202607;11010026;00; NENV;N;5;6,80;0,017790;0,12;0,00;0,00;0,13;;
014;967;202607;202607;11010028;00; NENV;N;3;1,50;0,017790;0,03;0,00;0,00;0,03;;
014;967;202607;202607;1101002B;00; NENV;N;5;10,50;0,017790;0,19;0,01;0,00;0,19;;
014;967;202607;202607;1101002D;00; NENV;N;23;16,60;0,017790;0,30;0,01;0,00;0,31;;
014;967;202607;202607;1101002F;00; NENV;N;16;8,00;0,017790;0,14;0,01;0,00;0,15;;
014;967;202607;202607;1101002H;00; NENV;N;12;6,00;0,017790;0,11;0,00;0,00;0,11;;
014;967;202607;202607;1101002N;00; NENV;N;7;3,50;0,017790;0,06;0,00;0,00;0,06;;
014;967;202607;202607;1101002P;00; NENV;N;4;2,00;0,017790;0,04;0,00;0,00;0,04;;
014;967;202607;202607;1101002Q;00; NENV;N;8;20,00;0,017790;0,36;0,01;0,00;0,37;;
014;967;202607;202607;110110KN;00; NENV;N;10690;5388,40;0,017790;95,86;3,63;0,00;99,49;;
014;967;202607;202607;110110KP;00; NENV;N;7420;3760,20;0,017790;66,89;2,53;0,00;69,43;;
014;967;202607;202607;110110L0;00; NENV;N;10778;5408,70;0,017790;96,22;3,65;0,00;99,87;;
014;967;202607;202607;110110L2;00; NENV;N;7383;3718,60;0,017790;66,15;2,51;0,00;68,66;;
014;967;202607;202607;110110LC;00; NENV;N;10794;5453,60;0,017790;97,02;3,68;0,00;100,69;;
014;967;202607;202607;110110LE;00; NENV;N;7360;3732,20;0,017790;66,40;2,52;0,00;68,91;;
014;967;202607;202607;110110LO;00; NENV;N;11987;6026,40;0,017790;107,21;4,06;0,00;111,27;;
014;967;202607;202607;11010026;00; NENV;R;1;0,50;0,012450;0,01;0,00;0,00;0,01;;
014;967;202607;202607;110110L2;00; NENV;R;2;2,90;0,012450;0,04;0,00;0,00;0,04;;
014;967;202607;202607;110110LC;00; NENV;R;1;0,50;0,012450;0,01;0,00;0,00;0,01;;
014;967;202607;202607;110110LE;00; NENV;R;1;0,50;0,012450;0,01;0,00;0,00;0,01;;
;;;;;01;;;66500;33567,40;;597,17;22,62;0,00;619,78;;
014;968;202607;202607;11010026;00; NENV;N;65;184,30;0,017790;3,28;0,12;0,00;3,40;;
014;968;202607;202607;11010028;00; NENV;N;57;264,30;0,017790;4,70;0,18;0,00;4,88;;
014;968;202607;202607;1101002B;00; NENV;N;78;159,00;0,017790;2,83;0,11;0,00;2,94;;
014;968;202607;202607;1101002D;00; NENV;N;140;290,30;0,017790;5,16;0,20;0,00;5,36;;
014;968;202607;202607;1101002F;00; NENV;N;170;501,50;0,017790;8,92;0,34;0,00;9,26;;
014;968;202607;202607;1101002H;00; NENV;N;151;461,60;0,017790;8,21;0,31;0,00;8,52;;
014;968;202607;202607;1101002N;00; NENV;N;85;123,90;0,017790;2,20;0,08;0,00;2,29;;
014;968;202607;202607;1101002P;00; NENV;N;80;115,70;0,017790;2,06;0,08;0,00;2,14;;
014;968;202607;202607;1101002Q;00; NENV;N;66;117,80;0,017790;2,10;0,08;0,00;2,18;;
014;968;202607;202607;110110KN;00; NENV;N;5341;2725,60;0,017790;48,49;1,84;0,00;50,33;;
014;968;202607;202607;110110KP;00; NENV;N;3809;1908,40;0,017790;33,95;1,29;0,00;35,24;;
014;968;202607;202607;110110L0;00; NENV;N;5298;2652,60;0,017790;47,19;1,79;0,00;48,98;;
014;968;202607;202607;110110L2;00; NENV;N;3672;1840,30;0,017790;32,74;1,24;0,00;33,98;;
014;968;202607;202607;110110LC;00; NENV;N;5238;2644,30;0,017790;47,04;1,78;0,00;48,82;;
014;968;202607;202607;110110LE;00; NENV;N;3615;1813,80;0,017790;32,27;1,22;0,00;33,49;;
014;968;202607;202607;110110LO;00; NENV;N;6061;3056,70;0,017790;54,38;2,06;0,00;56,44;;
014;968;202607;202607;11010026;00; NENV;R;14;110,60;0,012450;1,38;0,05;0,00;1,43;;
014;968;202607;202607;11010028;00; NENV;R;14;79,10;0,012450;0,98;0,04;0,00;1,02;;
014;968;202607;202607;1101002B;00; NENV;R;12;26,60;0,012450;0,33;0,01;0,00;0,34;;
014;968;202607;202607;1101002D;00; NENV;R;27;216,80;0,012450;2,70;0,10;0,00;2,80;;
014;968;202607;202607;1101002F;00; NENV;R;26;406,20;0,012450;5,06;0,19;0,00;5,25;;
014;968;202607;202607;1101002H;00; NENV;R;21;61,70;0,012450;0,77;0,03;0,00;0,80;;
014;968;202607;202607;1101002N;00; NENV;R;7;39,10;0,012450;0,49;0,02;0,00;0,51;;
014;968;202607;202607;1101002P;00; NENV;R;16;192,80;0,012450;2,40;0,09;0,00;2,49;;
014;968;202607;202607;1101002Q;00; NENV;R;13;79,30;0,012450;0,99;0,04;0,00;1,02;;
;;;;;01;;;34076;20072,30;;350,62;13,29;0,00;363,91;;
014;969;202607;202607;11010026;00; NENV;N;82;506,10;0,017790;9,00;0,34;0,00;9,34;;
014;969;202607;202607;11010028;00; NENV;N;82;227,90;0,017790;4,05;0,15;0,00;4,21;;
014;969;202607;202607;1101002B;00; NENV;N;103;541,10;0,017790;9,63;0,36;0,00;9,99;;
014;969;202607;202607;1101002D;00; NENV;N;161;493,60;0,017790;8,78;0,33;0,00;9,11;;
014;969;202607;202607;1101002F;00; NENV;N;209;642,50;0,017790;11,43;0,43;0,00;11,86;;
014;969;202607;202607;1101002H;00; NENV;N;170;466,00;0,017790;8,29;0,31;0,00;8,60;;
014;969;202607;202607;1101002N;00; NENV;N;88;236,40;0,017790;4,21;0,16;0,00;4,36;;
014;969;202607;202607;1101002P;00; NENV;N;85;261,10;0,017790;4,64;0,18;0,00;4,82;;
014;969;202607;202607;1101002Q;00; NENV;N;92;359,10;0,017790;6,39;0,24;0,00;6,63;;
014;969;202607;202607;110110KN;00; NENV;N;5503;2766,10;0,017790;49,21;1,86;0,00;51,07;;
014;969;202607;202607;110110KP;00; NENV;N;3976;2014,70;0,017790;35,84;1,36;0,00;37,20;;
014;969;202607;202607;110110L0;00; NENV;N;5505;2768,90;0,017790;49,26;1,87;0,00;51,12;;
014;969;202607;202607;110110L2;00; NENV;N;3856;1953,20;0,017790;34,75;1,32;0,00;36,06;;
014;969;202607;202607;110110LC;00; NENV;N;5516;2780,60;0,017790;49,47;1,87;0,00;51,34;;
014;969;202607;202607;110110LE;00; NENV;N;3911;1965,40;0,017790;34,96;1,32;0,00;36,29;;
014;969;202607;202607;110110LO;00; NENV;N;5985;3014,30;0,017790;53,62;2,03;0,00;55,66;;
014;969;202607;202607;11010026;00; NENV;R;13;78,60;0,012450;0,98;0,04;0,00;1,02;;
014;969;202607;202607;11010028;00; NENV;R;12;70,50;0,012450;0,88;0,03;0,00;0,91;;
014;969;202607;202607;1101002B;00; NENV;R;17;233,60;0,012450;2,91;0,11;0,00;3,02;;
014;969;202607;202607;1101002D;00; NENV;R;33;292,40;0,012450;3,64;0,14;0,00;3,78;;
014;969;202607;202607;1101002F;00; NENV;R;42;324,20;0,012450;4,04;0,15;0,00;4,19;;
014;969;202607;202607;1101002H;00; NENV;R;32;432,30;0,012450;5,38;0,20;0,00;5,59;;
014;969;202607;202607;1101002N;00; NENV;R;16;26,40;0,012450;0,33;0,01;0,00;0,34;;
014;969;202607;202607;1101002P;00; NENV;R;15;79,20;0,012450;0,99;0,04;0,00;1,02;;
014;969;202607;202607;1101002Q;00; NENV;R;20;119,70;0,012450;1,49;0,06;0,00;1,55;;
014;969;202607;202607;110110KN;00; NENV;R;2;14,70;0,012450;0,18;0,01;0,00;0,19;;
014;969;202607;202607;110110KP;00; NENV;R;1;0,50;0,012450;0,01;0,00;0,00;0,01;;
;;;;;01;;;35527;22669,10;;394,36;14,92;0,00;409,28;;
014;971;202607;202606;1101002N;00; NENV;N;2;1,00;0,017790;0,02;0,00;0,00;0,02;;
014;971;202607;202606;1101002P;00; NENV;N;1;0,50;0,017790;0,01;0,00;0,00;0,01;;
014;971;202607;202606;1101002Q;00; NENV;N;1;0,50;0,017790;0,01;0,00;0,00;0,01;;
014;971;202607;202607;11010026;00; NENV;N;4118;18461,60;0,017790;328,43;12,44;0,00;340,87;;
014;971;202607;202607;11010028;00; NENV;N;4203;18328,80;0,017790;326,07;12,35;0,00;338,42;;
014;971;202607;202607;1101002B;00; NENV;N;4176;18547,40;0,017790;329,96;12,50;0,00;342,46;;
014;971;202607;202607;1101002D;00; NENV;N;9053;40667,30;0,017790;723,47;27,41;0,00;750,88;;
014;971;202607;202607;1101002F;00; NENV;N;9082;38845,50;0,017790;691,06;26,18;0,00;717,24;;
014;971;202607;202607;1101002H;00; NENV;N;9142;40449,10;0,017790;719,59;27,26;0,00;746,85;;
014;971;202607;202607;1101002N;00; NENV;N;4430;19546,00;0,017790;347,72;13,17;0,00;360,90;;
014;971;202607;202607;1101002P;00; NENV;N;4398;19456,60;0,017790;346,13;13,11;0,00;359,25;;
014;971;202607;202607;1101002Q;00; NENV;N;4409;20021,50;0,017790;356,18;13,49;0,00;369,68;;
014;971;202607;202607;110110KL;00; NENV;N;5;7,10;0,017790;0,13;0,00;0,00;0,13;;
014;971;202607;202607;110110KN;00; NENV;N;16279;8394,20;0,017790;149,33;5,66;0,00;154,99;;
014;971;202607;202607;110110KP;00; NENV;N;11232;5840,50;0,017790;103,90;3,94;0,00;107,84;;
014;971;202607;202607;110110KR;00; NENV;N;1;0,50;0,017790;0,01;0,00;0,00;0,01;;
014;971;202607;202607;110110KY;00; NENV;N;2;1,00;0,017790;0,02;0,00;0,00;0,02;;
014;971;202607;202607;110110L0;00; NENV;N;16201;8348,00;0,017790;148,51;5,63;0,00;154,14;;
014;971;202607;202607;110110L2;00; NENV;N;11323;5873,40;0,017790;104,49;3,96;0,00;108,45;;
014;971;202607;202607;110110L4;00; NENV;N;2;1,00;0,017790;0,02;0,00;0,00;0,02;;
014;971;202607;202607;110110LA;00; NENV;N;4;4,30;0,017790;0,08;0,00;0,00;0,08;;
014;971;202607;202607;110110LC;00; NENV;N;16166;8378,40;0,017790;149,05;5,65;0,00;154,70;;
014;971;202607;202607;110110LE;00; NENV;N;11361;5965,80;0,017790;106,13;4,02;0,00;110,15;;
014;971;202607;202607;110110LO;00; NENV;N;17690;8882,20;0,017790;158,01;5,99;0,00;164,00;;
014;971;202607;202607;11010026;00; NENV;R;753;6128,50;0,012450;76,30;2,89;0,00;79,19;;
014;971;202607;202607;11010028;00; NENV;R;752;6155,60;0,012450;76,64;2,90;0,00;79,54;;
014;971;202607;202607;1101002B;00; NENV;R;769;5683,20;0,012450;70,76;2,68;0,00;73,44;;
014;971;202607;202607;1101002D;00; NENV;R;1651;12963,60;0,012450;161,40;6,11;0,00;167,51;;
014;971;202607;202607;1101002F;00; NENV;R;1617;12484,90;0,012450;155,44;5,89;0,00;161,33;;
014;971;202607;202607;1101002H;00; NENV;R;1598;12198,50;0,012450;151,87;5,75;0,00;157,62;;
014;971;202607;202607;1101002N;00; NENV;R;810;6272,90;0,012450;78,10;2,96;0,00;81,06;;
014;971;202607;202607;1101002P;00; NENV;R;753;5781,60;0,012450;71,98;2,73;0,00;74,71;;
014;971;202607;202607;1101002Q;00; NENV;R;762;5646,80;0,012450;70,30;2,66;0,00;72,97;;
014;971;202607;202607;110110KN;00; NENV;R;9;29,80;0,012450;0,37;0,01;0,00;0,39;;
014;971;202607;202607;110110KP;00; NENV;R;10;62,50;0,012450;0,78;0,03;0,00;0,81;;
014;971;202607;202607;110110L0;00; NENV;R;11;12,50;0,012450;0,16;0,01;0,00;0,16;;
014;971;202607;202607;110110L2;00; NENV;R;8;28,90;0,012450;0,36;0,01;0,00;0,37;;
014;971;202607;202607;110110LC;00; NENV;R;9;26,70;0,012450;0,33;0,01;0,00;0,35;;
014;971;202607;202607;110110LE;00; NENV;R;11;13,90;0,012450;0,17;0,01;0,00;0,18;;
;;;;;01;;;162804;359512,10;;6003,29;227,41;0,00;6230,75;;
014;979;202607;202607;11010026;00; NENV;N;1147;5614,80;0,017790;99,89;3,78;0,00;103,67;;
014;979;202607;202607;11010028;00; NENV;N;1079;5067,10;0,017790;90,14;3,41;0,00;93,56;;
014;979;202607;202607;1101002B;00; NENV;N;1103;5339,50;0,017790;94,99;3,60;0,00;98,59;;
014;979;202607;202607;1101002D;00; NENV;N;2369;10779,30;0,017790;191,76;7,26;0,00;199,03;;
014;979;202607;202607;1101002F;00; NENV;N;2390;11175,80;0,017790;198,82;7,53;0,00;206,35;;
014;979;202607;202607;1101002H;00; NENV;N;2426;11327,00;0,017790;201,51;7,63;0,00;209,14;;
014;979;202607;202607;1101002N;00; NENV;N;1108;5306,30;0,017790;94,40;3,58;0,00;97,98;;
014;979;202607;202607;1101002P;00; NENV;N;1185;5537,80;0,017790;98,52;3,73;0,00;102,25;;
014;979;202607;202607;1101002Q;00; NENV;N;1141;5390,90;0,017790;95,90;3,63;0,00;99,54;;
014;979;202607;202607;110110KN;00; NENV;N;5486;2772,30;0,017790;49,32;1,87;0,00;51,19;;
014;979;202607;202607;110110KP;00; NENV;N;3764;1927,50;0,017790;34,29;1,30;0,00;35,59;;
014;979;202607;202607;110110L0;00; NENV;N;5297;2688,80;0,017790;47,83;1,81;0,00;49,65;;
014;979;202607;202607;110110L2;00; NENV;N;3830;1968,90;0,017790;35,03;1,33;0,00;36,35;;
014;979;202607;202607;110110LC;00; NENV;N;5431;2735,80;0,017790;48,67;1,84;0,00;50,51;;
014;979;202607;202607;110110LE;00; NENV;N;3823;1922,60;0,017790;34,20;1,30;0,00;35,50;;
014;979;202607;202607;110110LO;00; NENV;N;6224;3119,00;0,017790;55,49;2,10;0,00;57,59;;
014;979;202607;202607;11010026;00; NENV;R;228;1521,50;0,012450;18,94;0,72;0,00;19,66;;
014;979;202607;202607;11010028;00; NENV;R;218;1204,40;0,012450;14,99;0,57;0,00;15,56;;
014;979;202607;202607;1101002B;00; NENV;R;204;1184,10;0,012450;14,74;0,56;0,00;15,30;;
014;979;202607;202607;1101002D;00; NENV;R;464;3658,00;0,012450;45,54;1,73;0,00;47,27;;
014;979;202607;202607;1101002F;00; NENV;R;512;3921,60;0,012450;48,82;1,85;0,00;50,67;;
014;979;202607;202607;1101002H;00; NENV;R;475;3426,10;0,012450;42,65;1,62;0,00;44,27;;
014;979;202607;202607;1101002N;00; NENV;R;236;2173,50;0,012450;27,06;1,03;0,00;28,09;;
014;979;202607;202607;1101002P;00; NENV;R;234;1467,80;0,012450;18,27;0,69;0,00;18,97;;
014;979;202607;202607;1101002Q;00; NENV;R;237;1665,10;0,012450;20,73;0,79;0,00;21,52;;
014;979;202607;202607;110110KP;00; NENV;R;2;1,20;0,012450;0,01;0,00;0,00;0,02;;
014;979;202607;202607;110110LE;00; NENV;R;2;2,20;0,012450;0,03;0,00;0,00;0,03;;
;;;;;01;;;50615;102898,90;;1722,54;65,26;0,00;1787,85;;
014;981;202607;202607;11010026;00; NENV;N;2023;9395,10;0,017790;167,14;6,33;0,00;173,47;;
014;981;202607;202607;11010028;00; NENV;N;2046;8713,70;0,017790;155,02;5,87;0,00;160,89;;
014;981;202607;202607;1101002B;00; NENV;N;2075;10034,70;0,017790;178,52;6,76;0,00;185,28;;
014;981;202607;202607;1101002D;00; NENV;N;3545;15556,10;0,017790;276,74;10,48;0,00;287,23;;
014;981;202607;202607;1101002F;00; NENV;N;3519;14925,00;0,017790;265,52;10,06;0,00;275,57;;
014;981;202607;202607;1101002H;00; NENV;N;3629;15957,30;0,017790;283,88;10,75;0,00;294,63;;
014;981;202607;202607;1101002N;00; NENV;N;1886;8325,60;0,017790;148,11;5,61;0,00;153,72;;
014;981;202607;202607;1101002P;00; NENV;N;1810;8308,40;0,017790;147,81;5,60;0,00;153,41;;
014;981;202607;202607;1101002Q;00; NENV;N;1834;7796,70;0,017790;138,70;5,25;0,00;143,96;;
014;981;202607;202607;110110KL;00; NENV;N;1;0,50;0,017790;0,01;0,00;0,00;0,01;;
014;981;202607;202607;110110KN;00; NENV;N;15837;8095,20;0,017790;144,01;5,46;0,00;149,47;;
014;981;202607;202607;110110KP;00; NENV;N;11156;5726,10;0,017790;101,87;3,86;0,00;105,73;;
014;981;202607;202607;110110L0;00; NENV;N;16005;8224,60;0,017790;146,32;5,54;0,00;151,86;;
014;981;202607;202607;110110L2;00; NENV;N;11374;5838,20;0,017790;103,86;3,93;0,00;107,80;;
014;981;202607;202607;110110LA;00; NENV;N;1;0,50;0,017790;0,01;0,00;0,00;0,01;;
014;981;202607;202607;110110LC;00; NENV;N;16113;8181,20;0,017790;145,54;5,51;0,00;151,06;;
014;981;202607;202607;110110LE;00; NENV;N;11066;5632,70;0,017790;100,21;3,80;0,00;104,00;;
014;981;202607;202607;110110LO;00; NENV;N;17796;8924,90;0,017790;158,77;6,01;0,00;164,79;;
014;981;202607;202607;11010026;00; NENV;R;389;3978,30;0,012450;49,53;1,88;0,00;51,41;;
014;981;202607;202607;11010028;00; NENV;R;410;4927,90;0,012450;61,35;2,32;0,00;63,68;;
014;981;202607;202607;1101002B;00; NENV;R;403;3207,40;0,012450;39,93;1,51;0,00;41,44;;
014;981;202607;202607;1101002D;00; NENV;R;650;5494,80;0,012450;68,41;2,59;0,00;71,00;;
014;981;202607;202607;1101002F;00; NENV;R;700;6122,20;0,012450;76,22;2,89;0,00;79,11;;
014;981;202607;202607;1101002H;00; NENV;R;668;5637,30;0,012450;70,18;2,66;0,00;72,84;;
014;981;202607;202607;1101002N;00; NENV;R;346;3311,40;0,012450;41,23;1,56;0,00;42,79;;
014;981;202607;202607;1101002P;00; NENV;R;352;2430,20;0,012450;30,26;1,15;0,00;31,40;;
014;981;202607;202607;1101002Q;00; NENV;R;351;3519,20;0,012450;43,81;1,66;0,00;45,47;;
014;981;202607;202607;110110KN;00; NENV;R;16;26,00;0,012450;0,32;0,01;0,00;0,34;;
014;981;202607;202607;110110KP;00; NENV;R;10;25,10;0,012450;0,31;0,01;0,00;0,32;;
014;981;202607;202607;110110L0;00; NENV;R;17;32,70;0,012450;0,41;0,02;0,00;0,42;;
014;981;202607;202607;110110L2;00; NENV;R;22;25,40;0,012450;0,32;0,01;0,00;0,33;;
014;981;202607;202607;110110LC;00; NENV;R;16;47,90;0,012450;0,60;0,02;0,00;0,62;;
014;981;202607;202607;110110LE;00; NENV;R;12;21,60;0,012450;0,27;0,01;0,00;0,28;;
;;;;;01;;;126078;188443,90;;3145,19;119,12;0,00;3264,34;;
014;982;202607;202607;11010026;00; NENV;N;558;2062,00;0,017790;36,68;1,39;0,00;38,07;;
014;982;202607;202607;11010028;00; NENV;N;547;2011,70;0,017790;35,79;1,36;0,00;37,14;;
014;982;202607;202607;1101002B;00; NENV;N;559;1774,50;0,017790;31,57;1,20;0,00;32,76;;
014;982;202607;202607;1101002D;00; NENV;N;1025;3383,20;0,017790;60,19;2,28;0,00;62,47;;
014;982;202607;202607;1101002F;00; NENV;N;975;3344,80;0,017790;59,50;2,25;0,00;61,76;;
014;982;202607;202607;1101002H;00; NENV;N;983;3210,20;0,017790;57,11;2,16;0,00;59,27;;
014;982;202607;202607;1101002N;00; NENV;N;524;1776,70;0,017790;31,61;1,20;0,00;32,80;;
014;982;202607;202607;1101002P;00; NENV;N;504;1912,80;0,017790;34,03;1,29;0,00;35,32;;
014;982;202607;202607;1101002Q;00; NENV;N;495;1800,20;0,017790;32,03;1,21;0,00;33,24;;
014;982;202607;202607;110110KN;00; NENV;N;5339;2700,40;0,017790;48,04;1,82;0,00;49,86;;
014;982;202607;202607;110110KP;00; NENV;N;3709;1870,30;0,017790;33,27;1,26;0,00;34,53;;
014;982;202607;202607;110110L0;00; NENV;N;5286;2702,50;0,017790;48,08;1,82;0,00;49,90;;
014;982;202607;202607;110110L2;00; NENV;N;3685;1854,80;0,017790;33,00;1,25;0,00;34,25;;
014;982;202607;202607;110110LC;00; NENV;N;5266;2750,10;0,017790;48,92;1,85;0,00;50,78;;
014;982;202607;202607;110110LE;00; NENV;N;3806;1986,10;0,017790;35,33;1,34;0,00;36,67;;
014;982;202607;202607;110110LO;00; NENV;N;5797;2916,40;0,017790;51,88;1,97;0,00;53,85;;
014;982;202607;202607;11010026;00; NENV;R;137;1162,70;0,012450;14,48;0,55;0,00;15,02;;
014;982;202607;202607;11010028;00; NENV;R;107;651,20;0,012450;8,11;0,31;0,00;8,41;;
014;982;202607;202607;1101002B;00; NENV;R;116;1038,30;0,012450;12,93;0,49;0,00;13,42;;
014;982;202607;202607;1101002D;00; NENV;R;216;1856,10;0,012450;23,11;0,88;0,00;23,98;;
014;982;202607;202607;1101002F;00; NENV;R;193;1791,80;0,012450;22,31;0,85;0,00;23,15;;
014;982;202607;202607;1101002H;00; NENV;R;231;2115,40;0,012450;26,34;1,00;0,00;27,33;;
014;982;202607;202607;1101002N;00; NENV;R;105;907,10;0,012450;11,29;0,43;0,00;11,72;;
014;982;202607;202607;1101002P;00; NENV;R;118;952,80;0,012450;11,86;0,45;0,00;12,31;;
014;982;202607;202607;1101002Q;00; NENV;R;128;1035,10;0,012450;12,89;0,49;0,00;13,38;;
014;982;202607;202607;110110KN;00; NENV;R;3;7,60;0,012450;0,09;0,00;0,00;0,10;;
014;982;202607;202607;110110KP;00; NENV;R;2;1,20;0,012450;0,01;0,00;0,00;0,02;;
014;982;202607;202607;110110L0;00; NENV;R;1;0,50;0,012450;0,01;0,00;0,00;0,01;;
014;982;202607;202607;110110L2;00; NENV;R;1;4,20;0,012450;0,05;0,00;0,00;0,05;;
014;982;202607;202607;110110LE;00; NENV;R;2;4,90;0,012450;0,06;0,00;0,00;0,06;;
;;;;;01;;;40418;49585,60;;820,57;31,10;0,00;851,63;;
014;983;202607;202607;11010026;00; NENV;N;931;3484,10;0,017790;61,98;2,35;0,00;64,33;;
014;983;202607;202607;11010028;00; NENV;N;955;3125,60;0,017790;55,60;2,11;0,00;57,71;;
014;983;202607;202607;1101002B;00; NENV;N;998;4190,20;0,017790;74,54;2,82;0,00;77,37;;
014;983;202607;202607;1101002D;00; NENV;N;1688;6587,40;0,017790;117,19;4,44;0,00;121,63;;
014;983;202607;202607;1101002F;00; NENV;N;1781;6322,30;0,017790;112,47;4,26;0,00;116,73;;
014;983;202607;202607;1101002H;00; NENV;N;1729;6019,30;0,017790;107,08;4,06;0,00;111,14;;
014;983;202607;202607;1101002N;00; NENV;N;840;3183,20;0,017790;56,63;2,15;0,00;58,77;;
014;983;202607;202607;1101002P;00; NENV;N;942;3602,50;0,017790;64,09;2,43;0,00;66,52;;
014;983;202607;202607;1101002Q;00; NENV;N;943;3022,40;0,017790;53,77;2,04;0,00;55,81;;
014;983;202607;202607;110110KN;00; NENV;N;11845;6562,70;0,017790;116,75;4,42;0,00;121,17;;
014;983;202607;202607;110110KP;00; NENV;N;8419;5060,60;0,017790;90,03;3,41;0,00;93,44;;
014;983;202607;202607;110110L0;00; NENV;N;11906;6703,90;0,017790;119,26;4,52;0,00;123,78;;
014;983;202607;202607;110110L2;00; NENV;N;8548;4850,00;0,017790;86,28;3,27;0,00;89,55;;
014;983;202607;202607;110110LC;00; NENV;N;11845;6554,80;0,017790;116,61;4,42;0,00;121,03;;
014;983;202607;202607;110110LE;00; NENV;N;8627;4892,10;0,017790;87,03;3,30;0,00;90,33;;
014;983;202607;202607;110110LO;00; NENV;N;12125;6083,10;0,017790;108,22;4,10;0,00;112,32;;
014;983;202607;202607;11010026;00; NENV;R;188;1406,20;0,012450;17,51;0,66;0,00;18,17;;
014;983;202607;202607;11010028;00; NENV;R;171;1058,10;0,012450;13,17;0,50;0,00;13,67;;
014;983;202607;202607;1101002B;00; NENV;R;189;1537,00;0,012450;19,14;0,72;0,00;19,86;;
014;983;202607;202607;1101002D;00; NENV;R;279;1784,40;0,012450;22,22;0,84;0,00;23,06;;
014;983;202607;202607;1101002F;00; NENV;R;284;2042,20;0,012450;25,43;0,96;0,00;26,39;;
014;983;202607;202607;1101002H;00; NENV;R;331;2067,00;0,012450;25,73;0,97;0,00;26,71;;
014;983;202607;202607;1101002N;00; NENV;R;155;1614,30;0,012450;20,10;0,76;0,00;20,86;;
014;983;202607;202607;1101002P;00; NENV;R;155;680,40;0,012450;8,47;0,32;0,00;8,79;;
014;983;202607;202607;1101002Q;00; NENV;R;177;1273,80;0,012450;15,86;0,60;0,00;16,46;;
014;983;202607;202607;110110KN;00; NENV;R;33;282,40;0,012450;3,52;0,13;0,00;3,65;;
014;983;202607;202607;110110KP;00; NENV;R;30;198,00;0,012450;2,47;0,09;0,00;2,56;;
014;983;202607;202607;110110L0;00; NENV;R;34;235,20;0,012450;2,93;0,11;0,00;3,04;;
014;983;202607;202607;110110L2;00; NENV;R;46;257,00;0,012450;3,20;0,12;0,00;3,32;;
014;983;202607;202607;110110LC;00; NENV;R;42;233,20;0,012450;2,90;0,11;0,00;3,01;;
014;983;202607;202607;110110LE;00; NENV;R;27;236,00;0,012450;2,94;0,11;0,00;3,05;;
;;;;;01;;;86263;95149,40;;1613,12;61,10;0,00;1674,23;;
014;984;202607;202607;11010026;00; NENV;N;533;1672,80;0,017790;29,76;1,13;0,00;30,89;;
014;984;202607;202607;11010028;00; NENV;N;517;1926,20;0,017790;34,27;1,30;0,00;35,57;;
014;984;202607;202607;1101002B;00; NENV;N;535;1871,60;0,017790;33,30;1,26;0,00;34,56;;
014;984;202607;202607;1101002D;00; NENV;N;1121;3551,30;0,017790;63,18;2,39;0,00;65,57;;
014;984;202607;202607;1101002F;00; NENV;N;1011;2737,50;0,017790;48,70;1,84;0,00;50,55;;
014;984;202607;202607;1101002H;00; NENV;N;1058;3176,70;0,017790;56,51;2,14;0,00;58,65;;
014;984;202607;202607;1101002N;00; NENV;N;536;2064,10;0,017790;36,72;1,39;0,00;38,11;;
014;984;202607;202607;1101002P;00; NENV;N;488;1231,60;0,017790;21,91;0,83;0,00;22,74;;
014;984;202607;202607;1101002Q;00; NENV;N;526;1671,50;0,017790;29,74;1,13;0,00;30,86;;
014;984;202607;202607;110110KN;00; NENV;N;5422;2730,10;0,017790;48,57;1,84;0,00;50,41;;
014;984;202607;202607;110110KP;00; NENV;N;3757;1947,40;0,017790;34,64;1,31;0,00;35,96;;
014;984;202607;202607;110110L0;00; NENV;N;5396;2723,30;0,017790;48,45;1,84;0,00;50,28;;
014;984;202607;202607;110110L2;00; NENV;N;3719;1888,10;0,017790;33,59;1,27;0,00;34,86;;
014;984;202607;202607;110110LA;00; NENV;N;1;0,50;0,017790;0,01;0,00;0,00;0,01;;
014;984;202607;202607;110110LC;00; NENV;N;5399;2753,00;0,017790;48,98;1,86;0,00;50,83;;
014;984;202607;202607;110110LE;00; NENV;N;3773;1903,80;0,017790;33,87;1,28;0,00;35,15;;
014;984;202607;202607;110110LG;00; NENV;N;2;1,00;0,017790;0,02;0,00;0,00;0,02;;
014;984;202607;202607;110110LO;00; NENV;N;5959;2989,60;0,017790;53,18;2,01;0,00;55,20;;
014;984;202607;202607;11010026;00; NENV;R;81;1206,80;0,012450;15,02;0,57;0,00;15,59;;
014;984;202607;202607;11010028;00; NENV;R;78;1023,10;0,012450;12,74;0,48;0,00;13,22;;
014;984;202607;202607;1101002B;00; NENV;R;79;1311,60;0,012450;16,33;0,62;0,00;16,95;;
014;984;202607;202607;1101002D;00; NENV;R;120;1442,20;0,012450;17,96;0,68;0,00;18,64;;
014;984;202607;202607;1101002F;00; NENV;R;135;2096,90;0,012450;26,11;0,99;0,00;27,10;;
014;984;202607;202607;1101002H;00; NENV;R;125;835,90;0,012450;10,41;0,39;0,00;10,80;;
014;984;202607;202607;1101002N;00; NENV;R;56;719,80;0,012450;8,96;0,34;0,00;9,30;;
014;984;202607;202607;1101002P;00; NENV;R;70;1122,90;0,012450;13,98;0,53;0,00;14,51;;
014;984;202607;202607;1101002Q;00; NENV;R;54;544,10;0,012450;6,77;0,26;0,00;7,03;;
014;984;202607;202607;110110KN;00; NENV;R;1;1,40;0,012450;0,02;0,00;0,00;0,02;;
014;984;202607;202607;110110KP;00; NENV;R;1;1,80;0,012450;0,02;0,00;0,00;0,02;;
014;984;202607;202607;110110L2;00; NENV;R;3;27,30;0,012450;0,34;0,01;0,00;0,35;;
014;984;202607;202607;110110LE;00; NENV;R;1;0,50;0,012450;0,01;0,00;0,00;0,01;;
;;;;;01;;;40557;47174,40;;784,07;29,69;0,00;813,76;;
014;985;202607;202607;11010026;00; NENV;N;2767;5618,70;0,017790;99,96;3,79;0,00;103,74;;
014;985;202607;202607;11010028;00; NENV;N;2835;5274,80;0,017790;93,84;3,55;0,00;97,39;;
014;985;202607;202607;1101002B;00; NENV;N;2711;5213,20;0,017790;92,74;3,51;0,00;96,26;;
014;985;202607;202607;1101002D;00; NENV;N;4904;9407,70;0,017790;167,36;6,34;0,00;173,70;;
014;985;202607;202607;1101002F;00; NENV;N;4829;8412,30;0,017790;149,65;5,67;0,00;155,32;;
014;985;202607;202607;1101002H;00; NENV;N;4883;8788,40;0,017790;156,35;5,92;0,00;162,27;;
014;985;202607;202607;1101002N;00; NENV;N;2479;4448,50;0,017790;79,14;3,00;0,00;82,14;;
014;985;202607;202607;1101002P;00; NENV;N;2553;4572,80;0,017790;81,35;3,08;0,00;84,43;;
014;985;202607;202607;1101002Q;00; NENV;N;2619;4927,60;0,017790;87,66;3,32;0,00;90,98;;
014;985;202607;202607;110110KN;00; NENV;N;5662;3654,20;0,017790;65,01;2,46;0,00;67,47;;
014;985;202607;202607;110110KP;00; NENV;N;4068;2824,50;0,017790;50,25;1,90;0,00;52,15;;
014;985;202607;202607;110110L0;00; NENV;N;5712;3399,90;0,017790;60,48;2,29;0,00;62,78;;
014;985;202607;202607;110110L2;00; NENV;N;4080;2836,30;0,017790;50,46;1,91;0,00;52,37;;
014;985;202607;202607;110110LC;00; NENV;N;5679;3795,60;0,017790;67,52;2,56;0,00;70,08;;
014;985;202607;202607;110110LE;00; NENV;N;4084;2717,70;0,017790;48,35;1,83;0,00;50,18;;
014;985;202607;202607;110110LG;00; NENV;N;1;0,80;0,017790;0,01;0,00;0,00;0,01;;
014;985;202607;202607;110110LO;00; NENV;N;5965;2990,90;0,017790;53,21;2,02;0,00;55,22;;
014;985;202607;202607;11010026;00; NENV;R;182;1128,20;0,012450;14,05;0,53;0,00;14,58;;
014;985;202607;202607;11010028;00; NENV;R;209;1564,70;0,012450;19,48;0,74;0,00;20,22;;
014;985;202607;202607;1101002B;00; NENV;R;202;1237,10;0,012450;15,40;0,58;0,00;15,99;;
014;985;202607;202607;1101002D;00; NENV;R;293;1584,90;0,012450;19,73;0,75;0,00;20,48;;
014;985;202607;202607;1101002F;00; NENV;R;289;1685,70;0,012450;20,99;0,80;0,00;21,78;;
014;985;202607;202607;1101002H;00; NENV;R;330;1608,40;0,012450;20,02;0,76;0,00;20,78;;
014;985;202607;202607;1101002N;00; NENV;R;183;1073,30;0,012450;13,36;0,51;0,00;13,87;;
014;985;202607;202607;1101002P;00; NENV;R;164;871,20;0,012450;10,85;0,41;0,00;11,26;;
014;985;202607;202607;1101002Q;00; NENV;R;195;1329,40;0,012450;16,55;0,63;0,00;17,18;;
014;985;202607;202607;110110KN;00; NENV;R;40;252,60;0,012450;3,14;0,12;0,00;3,26;;
014;985;202607;202607;110110KP;00; NENV;R;54;524,10;0,012450;6,53;0,25;0,00;6,77;;
014;985;202607;202607;110110L0;00; NENV;R;48;480,30;0,012450;5,98;0,23;0,00;6,21;;
014;985;202607;202607;110110L2;00; NENV;R;52;564,90;0,012450;7,03;0,27;0,00;7,30;;
014;985;202607;202607;110110LC;00; NENV;R;45;492,00;0,012450;6,13;0,23;0,00;6,36;;
014;985;202607;202607;110110LE;00; NENV;R;51;544,70;0,012450;6,78;0,26;0,00;7,04;;
;;;;;01;;;68168;93825,40;;1589,36;60,22;0,00;1649,57;;
014;986;202607;202607;11010026;00; NENV;N;380;1697,60;0,017790;30,20;1,14;0,00;31,34;;
014;986;202607;202607;11010028;00; NENV;N;360;1852,60;0,017790;32,96;1,25;0,00;34,21;;
014;986;202607;202607;1101002B;00; NENV;N;375;2011,20;0,017790;35,78;1,36;0,00;37,13;;
014;986;202607;202607;1101002D;00; NENV;N;709;3068,10;0,017790;54,58;2,07;0,00;56,65;;
014;986;202607;202607;1101002F;00; NENV;N;731;3190,80;0,017790;56,76;2,15;0,00;58,91;;
014;986;202607;202607;1101002H;00; NENV;N;709;3316,80;0,017790;59,01;2,24;0,00;61,24;;
014;986;202607;202607;1101002N;00; NENV;N;354;1746,60;0,017790;31,07;1,18;0,00;32,25;;
014;986;202607;202607;1101002P;00; NENV;N;398;1613,20;0,017790;28,70;1,09;0,00;29,79;;
014;986;202607;202607;1101002Q;00; NENV;N;369;1756,90;0,017790;31,26;1,18;0,00;32,44;;
014;986;202607;202607;110110KN;00; NENV;N;28620;16636,60;0,017790;295,97;11,21;0,00;307,18;;
014;986;202607;202607;110110KP;00; NENV;N;23158;13576,10;0,017790;241,52;9,15;0,00;250,67;;
014;986;202607;202607;110110KY;00; NENV;N;1;0,50;0,017790;0,01;0,00;0,00;0,01;;
014;986;202607;202607;110110L0;00; NENV;N;29031;16938,20;0,017790;301,33;11,42;0,00;312,75;;
014;986;202607;202607;110110L2;00; NENV;N;23430;13685,20;0,017790;243,46;9,22;0,00;252,68;;
014;986;202607;202607;110110LC;00; NENV;N;28688;16326,10;0,017790;290,44;11,00;0,00;301,44;;
014;986;202607;202607;110110LE;00; NENV;N;22965;13296,10;0,017790;236,54;8,96;0,00;245,50;;
014;986;202607;202607;110110LG;00; NENV;N;1;0,50;0,017790;0,01;0,00;0,00;0,01;;
014;986;202607;202607;110110LO;00; NENV;N;17511;9909,50;0,017790;176,29;6,68;0,00;182,97;;
014;986;202607;202607;11010026;00; NENV;R;98;547,20;0,012450;6,81;0,26;0,00;7,07;;
014;986;202607;202607;11010028;00; NENV;R;93;455,30;0,012450;5,67;0,21;0,00;5,88;;
014;986;202607;202607;1101002B;00; NENV;R;91;676,70;0,012450;8,42;0,32;0,00;8,74;;
014;986;202607;202607;1101002D;00; NENV;R;156;823,10;0,012450;10,25;0,39;0,00;10,64;;
014;986;202607;202607;1101002F;00; NENV;R;166;1202,80;0,012450;14,97;0,57;0,00;15,54;;
014;986;202607;202607;1101002H;00; NENV;R;152;1347,20;0,012450;16,77;0,64;0,00;17,41;;
014;986;202607;202607;1101002N;00; NENV;R;81;623,50;0,012450;7,76;0,29;0,00;8,06;;
014;986;202607;202607;1101002P;00; NENV;R;68;480,80;0,012450;5,99;0,23;0,00;6,21;;
014;986;202607;202607;1101002Q;00; NENV;R;90;426,50;0,012450;5,31;0,20;0,00;5,51;;
014;986;202607;202607;110110KN;00; NENV;R;71;41,40;0,012450;0,52;0,02;0,00;0,53;;
014;986;202607;202607;110110KP;00; NENV;R;41;22,10;0,012450;0,28;0,01;0,00;0,29;;
014;986;202607;202607;110110L0;00; NENV;R;73;52,40;0,012450;0,65;0,02;0,00;0,68;;
014;986;202607;202607;110110L2;00; NENV;R;42;21,80;0,012450;0,27;0,01;0,00;0,28;;
014;986;202607;202607;110110LC;00; NENV;R;77;42,80;0,012450;0,53;0,02;0,00;0,55;;
014;986;202607;202607;110110LE;00; NENV;R;58;29,20;0,012450;0,36;0,01;0,00;0,38;;
014;986;202607;202607;110110LO;00; NENV;R;52;32,40;0,012450;0,40;0,02;0,00;0,42;;
;;;;;01;;;179199;127447,80;;2230,85;84,52;0,00;2315,36;;
014;991;202607;202607;11010026;00; NENV;N;499;1522,70;0,017790;27,09;1,03;0,00;28,12;;
014;991;202607;202607;11010028;00; NENV;N;469;1261,30;0,017790;22,44;0,85;0,00;23,29;;
014;991;202607;202607;1101002B;00; NENV;N;461;1370,70;0,017790;24,38;0,92;0,00;25,31;;
014;991;202607;202607;1101002D;00; NENV;N;1025;3446,00;0,017790;61,30;2,32;0,00;63,63;;
014;991;202607;202607;1101002F;00; NENV;N;1079;3601,80;0,017790;64,08;2,43;0,00;66,50;;
014;991;202607;202607;1101002H;00; NENV;N;1008;3096,20;0,017790;55,08;2,09;0,00;57,17;;
014;991;202607;202607;1101002N;00; NENV;N;502;1731,20;0,017790;30,80;1,17;0,00;31,96;;
014;991;202607;202607;1101002P;00; NENV;N;503;1465,30;0,017790;26,07;0,99;0,00;27,06;;
014;991;202607;202607;1101002Q;00; NENV;N;528;1454,50;0,017790;25,88;0,98;0,00;26,86;;
014;991;202607;202607;110110KN;00; NENV;N;62;142,90;0,017790;2,54;0,10;0,00;2,64;;
014;991;202607;202607;110110KP;00; NENV;N;45;146,20;0,017790;2,60;0,10;0,00;2,70;;
014;991;202607;202607;110110L0;00; NENV;N;55;149,40;0,017790;2,66;0,10;0,00;2,76;;
014;991;202607;202607;110110L2;00; NENV;N;56;124,60;0,017790;2,22;0,08;0,00;2,30;;
014;991;202607;202607;110110LC;00; NENV;N;62;88,80;0,017790;1,58;0,06;0,00;1,64;;
014;991;202607;202607;110110LE;00; NENV;N;56;92,90;0,017790;1,65;0,06;0,00;1,72;;
014;991;202607;202607;11010026;00; NENV;R;90;272,70;0,012450;3,40;0,13;0,00;3,52;;
014;991;202607;202607;11010028;00; NENV;R;95;609,20;0,012450;7,58;0,29;0,00;7,87;;
014;991;202607;202607;1101002B;00; NENV;R;83;339,80;0,012450;4,23;0,16;0,00;4,39;;
014;991;202607;202607;1101002D;00; NENV;R;195;743,30;0,012450;9,25;0,35;0,00;9,60;;
014;991;202607;202607;1101002F;00; NENV;R;196;754,00;0,012450;9,39;0,36;0,00;9,74;;
014;991;202607;202607;1101002H;00; NENV;R;173;1026,90;0,012450;12,78;0,48;0,00;13,27;;
014;991;202607;202607;1101002N;00; NENV;R;102;307,70;0,012450;3,83;0,15;0,00;3,98;;
014;991;202607;202607;1101002P;00; NENV;R;81;387,20;0,012450;4,82;0,18;0,00;5,00;;
014;991;202607;202607;1101002Q;00; NENV;R;92;275,80;0,012450;3,43;0,13;0,00;3,56;;
014;991;202607;202607;110110KN;00; NENV;R;4;13,80;0,012450;0,17;0,01;0,00;0,18;;
014;991;202607;202607;110110KP;00; NENV;R;4;9,70;0,012450;0,12;0,00;0,00;0,13;;
014;991;202607;202607;110110L0;00; NENV;R;1;1,90;0,012450;0,02;0,00;0,00;0,02;;
014;991;202607;202607;110110L2;00; NENV;R;5;95,10;0,012450;1,18;0,04;0,00;1,23;;
014;991;202607;202607;110110LC;00; NENV;R;2;3,30;0,012450;0,04;0,00;0,00;0,04;;
014;991;202607;202607;110110LE;00; NENV;R;1;2,10;0,012450;0,03;0,00;0,00;0,03;;
;;;;;01;;;7534;24537,00;;410,64;15,56;0,00;426,22;;
014;992;202607;202607;11010026;00; NENV;N;410;1466,20;0,017790;26,08;0,99;0,00;27,07;;
014;992;202607;202607;11010028;00; NENV;N;353;1579,80;0,017790;28,10;1,06;0,00;29,17;;
014;992;202607;202607;1101002B;00; NENV;N;409;1490,50;0,017790;26,52;1,00;0,00;27,52;;
014;992;202607;202607;1101002D;00; NENV;N;769;2945,20;0,017790;52,40;1,98;0,00;54,38;;
014;992;202607;202607;1101002F;00; NENV;N;788;2975,50;0,017790;52,93;2,01;0,00;54,94;;
014;992;202607;202607;1101002H;00; NENV;N;801;2239,80;0,017790;39,85;1,51;0,00;41,36;;
014;992;202607;202607;1101002N;00; NENV;N;407;1285,70;0,017790;22,87;0,87;0,00;23,74;;
014;992;202607;202607;1101002P;00; NENV;N;383;1185,60;0,017790;21,09;0,80;0,00;21,89;;
014;992;202607;202607;1101002Q;00; NENV;N;380;1605,00;0,017790;28,55;1,08;0,00;29,63;;
014;992;202607;202607;110110KN;00; NENV;N;24;16,10;0,017790;0,29;0,01;0,00;0,30;;
014;992;202607;202607;110110KP;00; NENV;N;27;64,90;0,017790;1,15;0,04;0,00;1,20;;
014;992;202607;202607;110110L0;00; NENV;N;29;32,40;0,017790;0,58;0,02;0,00;0,60;;
014;992;202607;202607;110110L2;00; NENV;N;29;79,40;0,017790;1,41;0,05;0,00;1,47;;
014;992;202607;202607;110110L4;00; NENV;N;1;0,50;0,017790;0,01;0,00;0,00;0,01;;
014;992;202607;202607;110110LC;00; NENV;N;30;66,20;0,017790;1,18;0,04;0,00;1,22;;
014;992;202607;202607;110110LE;00; NENV;N;18;15,20;0,017790;0,27;0,01;0,00;0,28;;
014;992;202607;202607;11010026;00; NENV;R;58;474,80;0,012450;5,91;0,22;0,00;6,14;;
014;992;202607;202607;11010028;00; NENV;R;69;553,70;0,012450;6,89;0,26;0,00;7,15;;
014;992;202607;202607;1101002B;00; NENV;R;68;856,80;0,012450;10,67;0,40;0,00;11,07;;
014;992;202607;202607;1101002D;00; NENV;R;111;1088,90;0,012450;13,56;0,51;0,00;14,07;;
014;992;202607;202607;1101002F;00; NENV;R;136;1167,60;0,012450;14,54;0,55;0,00;15,09;;
014;992;202607;202607;1101002H;00; NENV;R;145;1183,30;0,012450;14,73;0,56;0,00;15,29;;
014;992;202607;202607;1101002N;00; NENV;R;68;545,80;0,012450;6,80;0,26;0,00;7,05;;
014;992;202607;202607;1101002P;00; NENV;R;58;596,00;0,012450;7,42;0,28;0,00;7,70;;
014;992;202607;202607;1101002Q;00; NENV;R;54;714,30;0,012450;8,89;0,34;0,00;9,23;;
014;992;202607;202607;110110KN;00; NENV;R;1;7,80;0,012450;0,10;0,00;0,00;0,10;;
014;992;202607;202607;110110KP;00; NENV;R;1;27,20;0,012450;0,34;0,01;0,00;0,35;;
014;992;202607;202607;110110L2;00; NENV;R;1;1,70;0,012450;0,02;0,00;0,00;0,02;;
014;992;202607;202607;110110LE;00; NENV;R;1;2,00;0,012450;0,02;0,00;0,00;0,03;;
;;;;;01;;;5629;24267,90;;393,17;14,86;0,00;408,07;;
014;995;202607;202607;11010026;00; NENV;N;40;57,00;0,017790;1,01;0,04;0,00;1,05;;
014;995;202607;202607;11010028;00; NENV;N;29;59,50;0,017790;1,06;0,04;0,00;1,10;;
014;995;202607;202607;1101002B;00; NENV;N;30;36,20;0,017790;0,64;0,02;0,00;0,67;;
014;995;202607;202607;1101002D;00; NENV;N;72;271,20;0,017790;4,82;0,18;0,00;5,01;;
014;995;202607;202607;1101002F;00; NENV;N;62;166,60;0,017790;2,96;0,11;0,00;3,08;;
014;995;202607;202607;1101002H;00; NENV;N;65;270,50;0,017790;4,81;0,18;0,00;4,99;;
014;995;202607;202607;1101002N;00; NENV;N;29;168,00;0,017790;2,99;0,11;0,00;3,10;;
014;995;202607;202607;1101002P;00; NENV;N;41;49,40;0,017790;0,88;0,03;0,00;0,91;;
014;995;202607;202607;1101002Q;00; NENV;N;42;99,60;0,017790;1,77;0,07;0,00;1,84;;
014;995;202607;202607;110110KP;00; NENV;N;1;0,50;0,017790;0,01;0,00;0,00;0,01;;
014;995;202607;202607;110110L0;00; NENV;N;1;0,50;0,017790;0,01;0,00;0,00;0,01;;
014;995;202607;202607;110110LC;00; NENV;N;1;0,50;0,017790;0,01;0,00;0,00;0,01;;
014;995;202607;202607;110110LE;00; NENV;N;3;1,50;0,017790;0,03;0,00;0,00;0,03;;
014;995;202607;202607;11010026;00; NENV;R;8;30,20;0,012450;0,38;0,01;0,00;0,39;;
014;995;202607;202607;11010028;00; NENV;R;7;253,00;0,012450;3,15;0,12;0,00;3,27;;
014;995;202607;202607;1101002B;00; NENV;R;11;263,20;0,012450;3,28;0,12;0,00;3,40;;
014;995;202607;202607;1101002D;00; NENV;R;20;526,00;0,012450;6,55;0,25;0,00;6,80;;
014;995;202607;202607;1101002F;00; NENV;R;17;206,70;0,012450;2,57;0,10;0,00;2,67;;
014;995;202607;202607;1101002H;00; NENV;R;19;347,20;0,012450;4,32;0,16;0,00;4,49;;
014;995;202607;202607;1101002N;00; NENV;R;11;426,50;0,012450;5,31;0,20;0,00;5,51;;
014;995;202607;202607;1101002P;00; NENV;R;8;17,70;0,012450;0,22;0,01;0,00;0,23;;
014;995;202607;202607;1101002Q;00; NENV;R;5;243,90;0,012450;3,04;0,12;0,00;3,15;;
014;995;202607;202607;110110LE;00; NENV;R;1;3,80;0,012450;0,05;0,00;0,00;0,05;;
;;;;;01;;;523;3499,20;;49,87;1,87;0,00;51,77;;
014;996;202607;202607;11010026;00; NENV;N;40;67,80;0,017790;1,21;0,05;0,00;1,25;;
014;996;202607;202607;11010028;00; NENV;N;46;115,40;0,017790;2,05;0,08;0,00;2,13;;
014;996;202607;202607;1101002B;00; NENV;N;52;68,80;0,017790;1,22;0,05;0,00;1,27;;
014;996;202607;202607;1101002D;00; NENV;N;96;226,50;0,017790;4,03;0,15;0,00;4,18;;
014;996;202607;202607;1101002F;00; NENV;N;101;145,10;0,017790;2,58;0,10;0,00;2,68;;
014;996;202607;202607;1101002H;00; NENV;N;82;219,80;0,017790;3,91;0,15;0,00;4,06;;
014;996;202607;202607;1101002N;00; NENV;N;41;57,80;0,017790;1,03;0,04;0,00;1,07;;
014;996;202607;202607;1101002P;00; NENV;N;54;56,60;0,017790;1,01;0,04;0,00;1,05;;
014;996;202607;202607;1101002Q;00; NENV;N;46;88,60;0,017790;1,58;0,06;0,00;1,64;;
014;996;202607;202607;110110KN;00; NENV;N;5;2,50;0,017790;0,04;0,00;0,00;0,05;;
014;996;202607;202607;110110KP;00; NENV;N;8;5,50;0,017790;0,10;0,00;0,00;0,10;;
014;996;202607;202607;110110L0;00; NENV;N;3;1,50;0,017790;0,03;0,00;0,00;0,03;;
014;996;202607;202607;110110L2;00; NENV;N;9;4,90;0,017790;0,09;0,00;0,00;0,09;;
014;996;202607;202607;110110LC;00; NENV;N;4;2,00;0,017790;0,04;0,00;0,00;0,04;;
014;996;202607;202607;110110LE;00; NENV;N;5;2,50;0,017790;0,04;0,00;0,00;0,05;;
014;996;202607;202607;11010026;00; NENV;R;7;5,50;0,012450;0,07;0,00;0,00;0,07;;
014;996;202607;202607;11010028;00; NENV;R;9;17,00;0,012450;0,21;0,01;0,00;0,22;;
014;996;202607;202607;1101002B;00; NENV;R;11;54,60;0,012450;0,68;0,03;0,00;0,71;;
014;996;202607;202607;1101002D;00; NENV;R;14;82,90;0,012450;1,03;0,04;0,00;1,07;;
014;996;202607;202607;1101002F;00; NENV;R;23;19,00;0,012450;0,24;0,01;0,00;0,25;;
014;996;202607;202607;1101002H;00; NENV;R;19;14,10;0,012450;0,18;0,01;0,00;0,18;;
014;996;202607;202607;1101002N;00; NENV;R;8;6,10;0,012450;0,08;0,00;0,00;0,08;;
014;996;202607;202607;1101002P;00; NENV;R;8;4,70;0,012450;0,06;0,00;0,00;0,06;;
014;996;202607;202607;1101002Q;00; NENV;R;11;9,20;0,012450;0,11;0,00;0,00;0,12;;
;;;;;01;;;702;1278,40;;21,62;0,82;0,00;22,45;;
014;998;202607;202607;11010026;00; NENV;N;382;1385,70;0,017790;24,65;0,93;0,00;25,59;;
014;998;202607;202607;11010028;00; NENV;N;411;1585,30;0,017790;28,20;1,07;0,00;29,27;;
014;998;202607;202607;1101002B;00; NENV;N;420;1698,30;0,017790;30,21;1,14;0,00;31,36;;
014;998;202607;202607;1101002D;00; NENV;N;739;3268,10;0,017790;58,14;2,20;0,00;60,34;;
014;998;202607;202607;1101002F;00; NENV;N;759;3007,10;0,017790;53,50;2,03;0,00;55,52;;
014;998;202607;202607;1101002H;00; NENV;N;746;2836,70;0,017790;50,46;1,91;0,00;52,38;;
014;998;202607;202607;1101002N;00; NENV;N;418;2080,30;0,017790;37,01;1,40;0,00;38,41;;
014;998;202607;202607;1101002P;00; NENV;N;401;1464,40;0,017790;26,05;0,99;0,00;27,04;;
014;998;202607;202607;1101002Q;00; NENV;N;384;1136,40;0,017790;20,22;0,77;0,00;20,98;;
014;998;202607;202607;110110KN;00; NENV;N;300;192,00;0,017790;3,42;0,13;0,00;3,55;;
014;998;202607;202607;110110KP;00; NENV;N;319;193,00;0,017790;3,43;0,13;0,00;3,56;;
014;998;202607;202607;110110L0;00; NENV;N;309;189,00;0,017790;3,36;0,13;0,00;3,49;;
014;998;202607;202607;110110L2;00; NENV;N;293;198,60;0,017790;3,53;0,13;0,00;3,67;;
014;998;202607;202607;110110LC;00; NENV;N;315;198,60;0,017790;3,53;0,13;0,00;3,67;;
014;998;202607;202607;110110LE;00; NENV;N;328;174,60;0,017790;3,11;0,12;0,00;3,22;;
014;998;202607;202607;11010026;00; NENV;R;84;590,80;0,012450;7,36;0,28;0,00;7,63;;
014;998;202607;202607;11010028;00; NENV;R;69;596,20;0,012450;7,42;0,28;0,00;7,70;;
014;998;202607;202607;1101002B;00; NENV;R;75;484,70;0,012450;6,03;0,23;0,00;6,26;;
014;998;202607;202607;1101002D;00; NENV;R;141;836,90;0,012450;10,42;0,39;0,00;10,81;;
014;998;202607;202607;1101002F;00; NENV;R;171;1093,60;0,012450;13,62;0,52;0,00;14,13;;
014;998;202607;202607;1101002H;00; NENV;R;186;1285,90;0,012450;16,01;0,61;0,00;16,62;;
014;998;202607;202607;1101002N;00; NENV;R;84;718,90;0,012450;8,95;0,34;0,00;9,29;;
014;998;202607;202607;1101002P;00; NENV;R;80;744,80;0,012450;9,27;0,35;0,00;9,62;;
014;998;202607;202607;1101002Q;00; NENV;R;83;488,90;0,012450;6,09;0,23;0,00;6,32;;
014;998;202607;202607;110110KN;00; NENV;R;2;1,40;0,012450;0,02;0,00;0,00;0,02;;
014;998;202607;202607;110110KP;00; NENV;R;1;0,50;0,012450;0,01;0,00;0,00;0,01;;
014;998;202607;202607;110110L0;00; NENV;R;5;5,20;0,012450;0,06;0,00;0,00;0,07;;
014;998;202607;202607;110110L2;00; NENV;R;3;10,90;0,012450;0,14;0,01;0,00;0,14;;
014;998;202607;202607;110110LC;00; NENV;R;2;14,30;0,012450;0,18;0,01;0,00;0,18;;
014;998;202607;202607;110110LE;00; NENV;R;2;7,00;0,012450;0,09;0,00;0,00;0,09;;
;;;;;01;;;7512;26488,10;;434,49;16,46;0,00;450,94;;
017;921;202607;202607;12010009;00; NENV;N;4142;12928,60;0,017790;230,00;8,71;0,00;238,71;;
017;921;202607;202607;1201000B;00; NENV;N;4140;13983,20;0,017790;248,76;9,42;0,00;258,18;;
017;921;202607;202607;1201000D;00; NENV;N;4225;14126,30;0,017790;251,31;9,52;0,00;260,83;;
017;921;202607;202607;1201102D;00; NENV;N;1952;1061,90;0,017790;18,89;0,72;0,00;19,61;;
017;921;202607;202607;1201102F;00; NENV;N;2014;1155,60;0,017790;20,56;0,78;0,00;21,34;;
017;921;202607;202607;1201102H;00; NENV;N;2032;1199,50;0,017790;21,34;0,81;0,00;22,15;;
017;921;202607;202607;1201102M;00; NENV;N;1575;921,40;0,017790;16,39;0,62;0,00;17,01;;
017;921;202607;202607;1201102P;00; NENV;N;1507;876,90;0,017790;15,60;0,59;0,00;16,19;;
017;921;202607;202607;1201102R;00; NENV;N;1522;840,00;0,017790;14,94;0,57;0,00;15,51;;
017;921;202607;202607;1201102S;00; NENV;N;1508;867,90;0,017790;15,44;0,58;0,00;16,02;;
017;921;202607;202607;13011028;00; NENV;N;8233;6386,70;0,017790;113,62;4,30;0,00;117,92;;
017;921;202607;202607;1301102A;00; NENV;N;8271;6593,50;0,017790;117,30;4,44;0,00;121,74;;
017;921;202607;202607;1301102C;00; NENV;N;8545;5990,60;0,017790;106,57;4,04;0,00;110,61;;
017;921;202607;202607;1301102L;00; NENV;N;6341;4825,00;0,017790;85,84;3,25;0,00;89,09;;
017;921;202607;202607;1301102O;00; NENV;N;6393;5022,40;0,017790;89,35;3,38;0,00;92,73;;
017;921;202607;202607;1301102Q;00; NENV;N;6392;5231,00;0,017790;93,06;3,53;0,00;96,58;;
017;921;202607;202607;1301102R;00; NENV;N;6359;5202,90;0,017790;92,56;3,51;0,00;96,07;;
017;921;202607;202607;1401101U;00; NENV;N;5423;3483,00;0,017790;61,96;2,35;0,00;64,31;;
017;921;202607;202607;1401101Z;00; NENV;N;5396;3779,70;0,017790;67,24;2,55;0,00;69,79;;
017;921;202607;202607;14011024;00; NENV;N;5684;3730,80;0,017790;66,37;2,51;0,00;68,89;;
017;921;202607;202607;14011029;00; NENV;N;5552;3644,60;0,017790;64,84;2,46;0,00;67,29;;
017;921;202607;202607;1401102E;00; NENV;N;5591;3635,40;0,017790;64,67;2,45;0,00;67,12;;
017;921;202607;202607;1401102G;00; NENV;N;5623;3723,40;0,017790;66,24;2,51;0,00;68,75;;
017;921;202607;202607;1401102I;00; NENV;N;5595;3936,50;0,017790;70,03;2,65;0,00;72,68;;
017;921;202607;202607;1401102K;00; NENV;N;5431;3750,00;0,017790;66,71;2,53;0,00;69,24;;
017;921;202607;202607;1501101G;00; NENV;N;3;1,50;0,017790;0,03;0,00;0,00;0,03;;
017;921;202607;202607;1501101I;00; NENV;N;834;1356,70;0,017790;24,14;0,91;0,00;25,05;;
017;921;202607;202607;1501101K;00; NENV;N;6;3,10;0,017790;0,06;0,00;0,00;0,06;;
017;921;202607;202607;1501101M;00; NENV;N;624;701,90;0,017790;12,49;0,47;0,00;12,96;;
017;921;202607;202607;1501101O;00; NENV;N;793;924,90;0,017790;16,45;0,62;0,00;17,08;;
017;921;202607;202607;1501101Q;00; NENV;N;1;0,50;0,017790;0,01;0,00;0,00;0,01;;
017;921;202607;202607;1501101S;00; NENV;N;788;839,70;0,017790;14,94;0,57;0,00;15,50;;
017;921;202607;202607;1501101U;00; NENV;N;2;1,00;0,017790;0,02;0,00;0,00;0,02;;
017;921;202607;202607;1501101X;00; NENV;N;2;1,00;0,017790;0,02;0,00;0,00;0,02;;
017;921;202607;202607;1501101Y;00; NENV;N;2;1,60;0,017790;0,03;0,00;0,00;0,03;;
017;921;202607;202607;15011020;00; NENV;N;3;2,50;0,017790;0,04;0,00;0,00;0,05;;
017;921;202607;202607;15011023;00; NENV;N;785;872,20;0,017790;15,52;0,59;0,00;16,10;;
017;921;202607;202607;15011025;00; NENV;N;874;1070,00;0,017790;19,04;0,72;0,00;19,76;;
017;921;202607;202607;15011027;00; NENV;N;809;968,00;0,017790;17,22;0,65;0,00;17,87;;
017;921;202607;202607;15011029;00; NENV;N;815;1018,30;0,017790;18,12;0,69;0,00;18,80;;
017;921;202607;202607;1501102C;00; NENV;N;2;1,10;0,017790;0,02;0,00;0,00;0,02;;
017;921;202607;202607;1601101M;00; NENV;N;2825;3421,40;0,017790;60,87;2,31;0,00;63,17;;
017;921;202607;202607;1601101O;00; NENV;N;2;1,00;0,017790;0,02;0,00;0,00;0,02;;
017;921;202607;202607;1601101Q;00; NENV;N;3389;3531,50;0,017790;62,83;2,38;0,00;65,21;;
017;921;202607;202607;1601101U;00; NENV;N;3227;3295,40;0,017790;58,63;2,22;0,00;60,85;;
017;921;202607;202607;1601101X;00; NENV;N;1;0,50;0,017790;0,01;0,00;0,00;0,01;;
017;921;202607;202607;1601101Z;00; NENV;N;3425;3288,70;0,017790;58,51;2,22;0,00;60,72;;
017;921;202607;202607;16011029;00; NENV;N;3291;3415,60;0,017790;60,76;2,30;0,00;63,07;;
017;921;202607;202607;1601102B;00; NENV;N;3433;3593,90;0,017790;63,94;2,42;0,00;66,36;;
017;921;202607;202607;1601102D;00; NENV;N;3493;3645,80;0,017790;64,86;2,46;0,00;67,32;;
017;921;202607;202607;1601102F;00; NENV;N;3547;3736,10;0,017790;66,47;2,52;0,00;68,98;;
017;921;202607;202607;1701000P;00; NENV;N;108;202,60;0,017790;3,60;0,14;0,00;3,74;;
017;921;202607;202607;1701000R;00; NENV;N;93;176,10;0,017790;3,13;0,12;0,00;3,25;;
017;921;202607;202607;1701000T;00; NENV;N;113;226,70;0,017790;4,03;0,15;0,00;4,19;;
017;921;202607;202607;1701000U;00; NENV;N;111;289,10;0,017790;5,14;0,19;0,00;5,34;;
017;921;202607;202607;1701101K;00; NENV;N;3535;2206,90;0,017790;39,26;1,49;0,00;40,75;;
017;921;202607;202607;1701101L;00; NENV;N;3882;2483,20;0,017790;44,18;1,67;0,00;45,85;;
017;921;202607;202607;1701101M;00; NENV;N;3844;2243,10;0,017790;39,90;1,51;0,00;41,42;;
017;921;202607;202607;1701101P;00; NENV;N;3871;2661,30;0,017790;47,34;1,79;0,00;49,14;;
017;921;202607;202607;1701101Z;00; NENV;N;3884;2338,30;0,017790;41,60;1,58;0,00;43,17;;
017;921;202607;202607;17011028;00; NENV;N;3790;2401,70;0,017790;42,73;1,62;0,00;44,34;;
017;921;202607;202607;17011029;00; NENV;N;3887;2557,20;0,017790;45,49;1,72;0,00;47,22;;
017;921;202607;202607;1701102D;00; NENV;N;3749;2310,20;0,017790;41,10;1,56;0,00;42,66;;
017;921;202607;202607;18011029;00; NENV;N;442;242,40;0,017790;4,31;0,16;0,00;4,48;;
017;921;202607;202607;1801102D;00; NENV;N;449;241,50;0,017790;4,30;0,16;0,00;4,46;;
017;921;202607;202607;1801102F;00; NENV;N;440;232,10;0,017790;4,13;0,16;0,00;4,29;;
017;921;202607;202607;1801102J;00; NENV;N;397;210,90;0,017790;3,75;0,14;0,00;3,89;;
017;921;202607;202607;1801102Q;00; NENV;N;436;239,10;0,017790;4,25;0,16;0,00;4,41;;
017;921;202607;202607;1801102S;00; NENV;N;464;278,80;0,017790;4,96;0,19;0,00;5,15;;
017;921;202607;202607;1801102U;00; NENV;N;431;220,00;0,017790;3,91;0,15;0,00;4,06;;
017;921;202607;202607;1801102X;00; NENV;N;433;251,60;0,017790;4,48;0,17;0,00;4,65;;
017;921;202607;202607;1901105H;00; NENV;N;8189;8391,10;0,017790;149,28;5,66;0,00;154,93;;
017;921;202607;202607;1901105I;00; NENV;N;8259;8489,50;0,017790;151,03;5,72;0,00;156,75;;
017;921;202607;202607;1901105K;00; NENV;N;7827;7316,10;0,017790;130,15;4,93;0,00;135,08;;
017;921;202607;202607;1901105M;00; NENV;N;8320;8132,80;0,017790;144,68;5,48;0,00;150,16;;
017;921;202607;202607;1901105O;00; NENV;N;8165;8026,60;0,017790;142,79;5,41;0,00;148,20;;
017;921;202607;202607;1901105Q;00; NENV;N;8154;7799,50;0,017790;138,75;5,26;0,00;144,01;;
017;921;202607;202607;1901105S;00; NENV;N;8373;8188,70;0,017790;145,68;5,52;0,00;151,20;;
017;921;202607;202607;1901105U;00; NENV;N;8397;8065,30;0,017790;143,48;5,44;0,00;148,92;;
017;921;202607;202607;12010009;00; NENV;R;603;4792,70;0,012450;59,67;2,26;0,00;61,93;;
017;921;202607;202607;1201000B;00; NENV;R;670;5108,60;0,012450;63,60;2,41;0,00;66,01;;
017;921;202607;202607;1201000D;00; NENV;R;586;4291,70;0,012450;53,43;2,02;0,00;55,46;;
017;921;202607;202607;1201102D;00; NENV;R;54;55,90;0,012450;0,70;0,03;0,00;0,72;;
017;921;202607;202607;1201102F;00; NENV;R;52;26,00;0,012450;0,32;0,01;0,00;0,34;;
017;921;202607;202607;1201102H;00; NENV;R;52;30,60;0,012450;0,38;0,01;0,00;0,40;;
017;921;202607;202607;1201102M;00; NENV;R;43;86,20;0,012450;1,07;0,04;0,00;1,11;;
017;921;202607;202607;1201102P;00; NENV;R;39;20,60;0,012450;0,26;0,01;0,00;0,27;;
017;921;202607;202607;1201102R;00; NENV;R;32;19,70;0,012450;0,25;0,01;0,00;0,25;;
017;921;202607;202607;1201102S;00; NENV;R;34;17,00;0,012450;0,21;0,01;0,00;0,22;;
017;921;202607;202607;13011028;00; NENV;R;157;663,90;0,012450;8,27;0,31;0,00;8,58;;
017;921;202607;202607;1301102A;00; NENV;R;121;582,10;0,012450;7,25;0,27;0,00;7,52;;
017;921;202607;202607;1301102C;00; NENV;R;149;650,70;0,012450;8,10;0,31;0,00;8,41;;
017;921;202607;202607;1301102L;00; NENV;R;105;311,10;0,012450;3,87;0,15;0,00;4,02;;
017;921;202607;202607;1301102O;00; NENV;R;109;748,60;0,012450;9,32;0,35;0,00;9,67;;
017;921;202607;202607;1301102Q;00; NENV;R;111;793,60;0,012450;9,88;0,37;0,00;10,25;;
017;921;202607;202607;1301102R;00; NENV;R;100;452,50;0,012450;5,63;0,21;0,00;5,85;;
017;921;202607;202607;1401101U;00; NENV;R;103;452,40;0,012450;5,63;0,21;0,00;5,85;;
017;921;202607;202607;1401101Z;00; NENV;R;101;481,60;0,012450;6,00;0,23;0,00;6,22;;
017;921;202607;202607;14011024;00; NENV;R;90;369,70;0,012450;4,60;0,17;0,00;4,78;;
017;921;202607;202607;14011029;00; NENV;R;114;530,90;0,012450;6,61;0,25;0,00;6,86;;
017;921;202607;202607;1401102E;00; NENV;R;92;420,40;0,012450;5,23;0,20;0,00;5,43;;
017;921;202607;202607;1401102G;00; NENV;R;103;522,30;0,012450;6,50;0,25;0,00;6,75;;
017;921;202607;202607;1401102I;00; NENV;R;113;325,90;0,012450;4,06;0,15;0,00;4,21;;
017;921;202607;202607;1401102K;00; NENV;R;86;171,30;0,012450;2,13;0,08;0,00;2,21;;
017;921;202607;202607;1501101I;00; NENV;R;45;102,90;0,012450;1,28;0,05;0,00;1,33;;
017;921;202607;202607;1501101M;00; NENV;R;45;205,80;0,012450;2,56;0,10;0,00;2,66;;
017;921;202607;202607;1501101O;00; NENV;R;63;233,20;0,012450;2,90;0,11;0,00;3,01;;
017;921;202607;202607;1501101S;00; NENV;R;44;148,10;0,012450;1,84;0,07;0,00;1,91;;
017;921;202607;202607;15011023;00; NENV;R;49;89,80;0,012450;1,12;0,04;0,00;1,16;;
017;921;202607;202607;15011025;00; NENV;R;39;124,20;0,012450;1,55;0,06;0,00;1,60;;
017;921;202607;202607;15011027;00; NENV;R;38;91,80;0,012450;1,14;0,04;0,00;1,19;;
017;921;202607;202607;15011029;00; NENV;R;45;141,10;0,012450;1,76;0,07;0,00;1,82;;
017;921;202607;202607;1601101M;00; NENV;R;146;593,80;0,012450;7,39;0,28;0,00;7,67;;
017;921;202607;202607;1601101Q;00; NENV;R;125;885,80;0,012450;11,03;0,42;0,00;11,45;;
017;921;202607;202607;1601101U;00; NENV;R;99;475,30;0,012450;5,92;0,22;0,00;6,14;;
017;921;202607;202607;1601101Z;00; NENV;R;129;542,60;0,012450;6,76;0,26;0,00;7,01;;
017;921;202607;202607;16011029;00; NENV;R;104;448,80;0,012450;5,59;0,21;0,00;5,80;;
017;921;202607;202607;1601102B;00; NENV;R;136;743,40;0,012450;9,26;0,35;0,00;9,61;;
017;921;202607;202607;1601102D;00; NENV;R;135;922,40;0,012450;11,48;0,44;0,00;11,92;;
017;921;202607;202607;1601102F;00; NENV;R;126;751,10;0,012450;9,35;0,35;0,00;9,71;;
017;921;202607;202607;1701000P;00; NENV;R;12;94,30;0,012450;1,17;0,04;0,00;1,22;;
017;921;202607;202607;1701000R;00; NENV;R;17;75,40;0,012450;0,94;0,04;0,00;0,97;;
017;921;202607;202607;1701000T;00; NENV;R;10;19,80;0,012450;0,25;0,01;0,00;0,26;;
017;921;202607;202607;1701000U;00; NENV;R;10;54,20;0,012450;0,67;0,03;0,00;0,70;;
017;921;202607;202607;1701101K;00; NENV;R;52;101,20;0,012450;1,26;0,05;0,00;1,31;;
017;921;202607;202607;1701101L;00; NENV;R;45;152,60;0,012450;1,90;0,07;0,00;1,97;;
017;921;202607;202607;1701101M;00; NENV;R;46;97,40;0,012450;1,21;0,05;0,00;1,26;;
017;921;202607;202607;1701101P;00; NENV;R;69;477,60;0,012450;5,95;0,23;0,00;6,17;;
017;921;202607;202607;1701101Z;00; NENV;R;51;124,30;0,012450;1,55;0,06;0,00;1,61;;
017;921;202607;202607;17011028;00; NENV;R;51;94,90;0,012450;1,18;0,04;0,00;1,23;;
017;921;202607;202607;17011029;00; NENV;R;45;128,60;0,012450;1,60;0,06;0,00;1,66;;
017;921;202607;202607;1701102D;00; NENV;R;47;91,00;0,012450;1,13;0,04;0,00;1,18;;
017;921;202607;202607;18011029;00; NENV;R;8;4,00;0,012450;0,05;0,00;0,00;0,05;;
017;921;202607;202607;1801102D;00; NENV;R;8;4,00;0,012450;0,05;0,00;0,00;0,05;;
017;921;202607;202607;1801102F;00; NENV;R;11;5,50;0,012450;0,07;0,00;0,00;0,07;;
017;921;202607;202607;1801102J;00; NENV;R;10;9,50;0,012450;0,12;0,00;0,00;0,12;;
017;921;202607;202607;1801102Q;00; NENV;R;5;2,50;0,012450;0,03;0,00;0,00;0,03;;
017;921;202607;202607;1801102S;00; NENV;R;8;5,30;0,012450;0,07;0,00;0,00;0,07;;
017;921;202607;202607;1801102U;00; NENV;R;9;12,20;0,012450;0,15;0,01;0,00;0,16;;
017;921;202607;202607;1801102X;00; NENV;R;4;2,00;0,012450;0,02;0,00;0,00;0,03;;
017;921;202607;202607;1901105H;00; NENV;R;465;2320,00;0,012450;28,88;1,09;0,00;29,98;;
017;921;202607;202607;1901105I;00; NENV;R;422;1426,90;0,012450;17,76;0,67;0,00;18,44;;
017;921;202607;202607;1901105K;00; NENV;R;426;1237,30;0,012450;15,40;0,58;0,00;15,99;;
017;921;202607;202607;1901105M;00; NENV;R;438;2054,20;0,012450;25,57;0,97;0,00;26,54;;
017;921;202607;202607;1901105O;00; NENV;R;438;1636,40;0,012450;20,37;0,77;0,00;21,14;;
017;921;202607;202607;1901105Q;00; NENV;R;435;1475,30;0,012450;18,37;0,70;0,00;19,06;;
017;921;202607;202607;1901105S;00; NENV;R;489;2065,70;0,012450;25,72;0,97;0,00;26,69;;
017;921;202607;202607;1901105U;00; NENV;R;440;2238,70;0,012450;27,87;1,06;0,00;28,93;;
;;;;;01;;;261723;283450,00;;4805,28;182,01;0,00;4987,34;;
017;927;202607;202607;12010009;00; NENV;N;868;2979,50;0,017790;53,01;2,01;0,00;55,01;;
017;927;202607;202607;1201000B;00; NENV;N;862;2848,50;0,017790;50,67;1,92;0,00;52,59;;
017;927;202607;202607;1201000D;00; NENV;N;927;3091,20;0,017790;54,99;2,08;0,00;57,08;;
017;927;202607;202607;1201102D;00; NENV;N;1502;756,10;0,017790;13,45;0,51;0,00;13,96;;
017;927;202607;202607;1201102F;00; NENV;N;1430;727,30;0,017790;12,94;0,49;0,00;13,43;;
017;927;202607;202607;1201102H;00; NENV;N;1480;742,40;0,017790;13,21;0,50;0,00;13,71;;
017;927;202607;202607;1201102M;00; NENV;N;1112;575,50;0,017790;10,24;0,39;0,00;10,63;;
017;927;202607;202607;1201102P;00; NENV;N;1045;548,90;0,017790;9,76;0,37;0,00;10,13;;
017;927;202607;202607;1201102R;00; NENV;N;1049;524,70;0,017790;9,33;0,35;0,00;9,69;;
017;927;202607;202607;1201102S;00; NENV;N;1064;542,00;0,017790;9,64;0,37;0,00;10,01;;
017;927;202607;202607;13011028;00; NENV;N;1642;1736,30;0,017790;30,89;1,17;0,00;32,06;;
017;927;202607;202607;1301102A;00; NENV;N;1680;1586,60;0,017790;28,23;1,07;0,00;29,29;;
017;927;202607;202607;1301102C;00; NENV;N;1661;1707,10;0,017790;30,37;1,15;0,00;31,52;;
017;927;202607;202607;1301102L;00; NENV;N;1204;1193,00;0,017790;21,22;0,80;0,00;22,03;;
017;927;202607;202607;1301102O;00; NENV;N;1198;1271,90;0,017790;22,63;0,86;0,00;23,48;;
017;927;202607;202607;1301102Q;00; NENV;N;1309;1137,30;0,017790;20,23;0,77;0,00;21,00;;
017;927;202607;202607;1301102R;00; NENV;N;1196;1314,40;0,017790;23,38;0,89;0,00;24,27;;
017;927;202607;202607;1401101U;00; NENV;N;740;585,30;0,017790;10,41;0,39;0,00;10,81;;
017;927;202607;202607;1401101Z;00; NENV;N;643;743,10;0,017790;13,22;0,50;0,00;13,72;;
017;927;202607;202607;14011024;00; NENV;N;702;612,30;0,017790;10,89;0,41;0,00;11,31;;
017;927;202607;202607;14011029;00; NENV;N;733;814,00;0,017790;14,48;0,55;0,00;15,03;;
017;927;202607;202607;1401102E;00; NENV;N;740;706,50;0,017790;12,57;0,48;0,00;13,04;;
017;927;202607;202607;1401102G;00; NENV;N;693;632,90;0,017790;11,26;0,43;0,00;11,69;;
017;927;202607;202607;1401102I;00; NENV;N;742;768,40;0,017790;13,67;0,52;0,00;14,19;;
017;927;202607;202607;1401102K;00; NENV;N;749;726,90;0,017790;12,93;0,49;0,00;13,42;;
017;927;202607;202607;1501101I;00; NENV;N;311;354,00;0,017790;6,30;0,24;0,00;6,54;;
017;927;202607;202607;1501101M;00; NENV;N;253;353,40;0,017790;6,29;0,24;0,00;6,53;;
017;927;202607;202607;1501101O;00; NENV;N;321;412,60;0,017790;7,34;0,28;0,00;7,62;;
017;927;202607;202607;1501101S;00; NENV;N;343;377,00;0,017790;6,71;0,25;0,00;6,96;;
017;927;202607;202607;15011023;00; NENV;N;367;414,20;0,017790;7,37;0,28;0,00;7,65;;
017;927;202607;202607;15011025;00; NENV;N;353;356,90;0,017790;6,35;0,24;0,00;6,59;;
017;927;202607;202607;15011027;00; NENV;N;371;303,10;0,017790;5,39;0,20;0,00;5,60;;
017;927;202607;202607;15011029;00; NENV;N;349;381,60;0,017790;6,79;0,26;0,00;7,05;;
017;927;202607;202607;1601101M;00; NENV;N;1758;1746,70;0,017790;31,07;1,18;0,00;32,25;;
017;927;202607;202607;1601101Q;00; NENV;N;2170;2008,70;0,017790;35,73;1,35;0,00;37,09;;
017;927;202607;202607;1601101U;00; NENV;N;2072;2010,70;0,017790;35,77;1,36;0,00;37,13;;
017;927;202607;202607;1601101Z;00; NENV;N;2194;2083,70;0,017790;37,07;1,40;0,00;38,47;;
017;927;202607;202607;16011029;00; NENV;N;2175;1997,70;0,017790;35,54;1,35;0,00;36,89;;
017;927;202607;202607;1601102B;00; NENV;N;2163;2344,60;0,017790;41,71;1,58;0,00;43,29;;
017;927;202607;202607;1601102D;00; NENV;N;2127;1986,90;0,017790;35,35;1,34;0,00;36,69;;
017;927;202607;202607;1601102F;00; NENV;N;2170;2207,00;0,017790;39,26;1,49;0,00;40,75;;
017;927;202607;202607;1701000P;00; NENV;N;97;273,60;0,017790;4,87;0,18;0,00;5,05;;
017;927;202607;202607;1701000R;00; NENV;N;81;231,40;0,017790;4,12;0,16;0,00;4,27;;
017;927;202607;202607;1701000T;00; NENV;N;80;337,10;0,017790;6,00;0,23;0,00;6,22;;
017;927;202607;202607;1701000U;00; NENV;N;72;251,00;0,017790;4,47;0,17;0,00;4,63;;
017;927;202607;202607;1701101K;00; NENV;N;1096;1093,40;0,017790;19,45;0,74;0,00;20,19;;
017;927;202607;202607;1701101L;00; NENV;N;1167;1195,10;0,017790;21,26;0,81;0,00;22,07;;
017;927;202607;202607;1701101M;00; NENV;N;1217;997,70;0,017790;17,75;0,67;0,00;18,42;;
017;927;202607;202607;1701101P;00; NENV;N;1146;1037,80;0,017790;18,46;0,70;0,00;19,16;;
017;927;202607;202607;1701101Z;00; NENV;N;1241;1219,50;0,017790;21,69;0,82;0,00;22,52;;
017;927;202607;202607;17011028;00; NENV;N;1162;1211,70;0,017790;21,56;0,82;0,00;22,37;;
017;927;202607;202607;17011029;00; NENV;N;1222;1075,80;0,017790;19,14;0,73;0,00;19,86;;
017;927;202607;202607;1701102D;00; NENV;N;1281;1179,80;0,017790;20,99;0,80;0,00;21,78;;
017;927;202607;202607;18011029;00; NENV;N;366;191,70;0,017790;3,41;0,13;0,00;3,54;;
017;927;202607;202607;1801102D;00; NENV;N;328;180,90;0,017790;3,22;0,12;0,00;3,34;;
017;927;202607;202607;1801102F;00; NENV;N;347;174,10;0,017790;3,10;0,12;0,00;3,21;;
017;927;202607;202607;1801102J;00; NENV;N;281;140,70;0,017790;2,50;0,09;0,00;2,60;;
017;927;202607;202607;1801102Q;00; NENV;N;337;169,00;0,017790;3,01;0,11;0,00;3,12;;
017;927;202607;202607;1801102S;00; NENV;N;323;161,70;0,017790;2,88;0,11;0,00;2,99;;
017;927;202607;202607;1801102U;00; NENV;N;330;165,20;0,017790;2,94;0,11;0,00;3,05;;
017;927;202607;202607;1801102X;00; NENV;N;325;163,00;0,017790;2,90;0,11;0,00;3,01;;
017;927;202607;202607;1901105H;00; NENV;N;1484;2368,10;0,017790;42,13;1,60;0,00;43,72;;
017;927;202607;202607;1901105I;00; NENV;N;1390;2552,40;0,017790;45,41;1,72;0,00;47,13;;
017;927;202607;202607;1901105K;00; NENV;N;1232;2231,90;0,017790;39,71;1,50;0,00;41,21;;
017;927;202607;202607;1901105M;00; NENV;N;1450;2655,60;0,017790;47,24;1,79;0,00;49,03;;
017;927;202607;202607;1901105O;00; NENV;N;1491;2389,50;0,017790;42,51;1,61;0,00;44,12;;
017;927;202607;202607;1901105Q;00; NENV;N;1424;2298,00;0,017790;40,88;1,55;0,00;42,43;;
017;927;202607;202607;1901105S;00; NENV;N;1409;2141,40;0,017790;38,10;1,44;0,00;39,54;;
017;927;202607;202607;1901105U;00; NENV;N;1485;1831,30;0,017790;32,58;1,23;0,00;33,81;;
017;927;202607;202607;12010009;00; NENV;R;105;554,10;0,012450;6,90;0,26;0,00;7,16;;
017;927;202607;202607;1201000B;00; NENV;R;115;660,50;0,012450;8,22;0,31;0,00;8,53;;
017;927;202607;202607;1201000D;00; NENV;R;104;965,60;0,012450;12,02;0,46;0,00;12,48;;
017;927;202607;202607;1201102D;00; NENV;R;4;2,00;0,012450;0,02;0,00;0,00;0,03;;
017;927;202607;202607;1201102F;00; NENV;R;4;2,00;0,012450;0,02;0,00;0,00;0,03;;
017;927;202607;202607;1201102H;00; NENV;R;2;1,00;0,012450;0,01;0,00;0,00;0,01;;
017;927;202607;202607;1201102M;00; NENV;R;6;3,00;0,012450;0,04;0,00;0,00;0,04;;
017;927;202607;202607;1201102P;00; NENV;R;2;1,00;0,012450;0,01;0,00;0,00;0,01;;
017;927;202607;202607;1201102R;00; NENV;R;5;2,50;0,012450;0,03;0,00;0,00;0,03;;
017;927;202607;202607;1201102S;00; NENV;R;2;1,00;0,012450;0,01;0,00;0,00;0,01;;
017;927;202607;202607;13011028;00; NENV;R;55;474,50;0,012450;5,91;0,22;0,00;6,13;;
017;927;202607;202607;1301102A;00; NENV;R;47;251,00;0,012450;3,12;0,12;0,00;3,24;;
017;927;202607;202607;1301102C;00; NENV;R;52;164,60;0,012450;2,05;0,08;0,00;2,13;;
017;927;202607;202607;1301102L;00; NENV;R;35;60,20;0,012450;0,75;0,03;0,00;0,78;;
017;927;202607;202607;1301102O;00; NENV;R;31;142,30;0,012450;1,77;0,07;0,00;1,84;;
017;927;202607;202607;1301102Q;00; NENV;R;49;215,80;0,012450;2,69;0,10;0,00;2,79;;
017;927;202607;202607;1301102R;00; NENV;R;39;155,90;0,012450;1,94;0,07;0,00;2,01;;
017;927;202607;202607;1401101U;00; NENV;R;23;93,60;0,012450;1,17;0,04;0,00;1,21;;
017;927;202607;202607;1401101Z;00; NENV;R;22;86,10;0,012450;1,07;0,04;0,00;1,11;;
017;927;202607;202607;14011024;00; NENV;R;26;85,10;0,012450;1,06;0,04;0,00;1,10;;
017;927;202607;202607;14011029;00; NENV;R;43;175,50;0,012450;2,18;0,08;0,00;2,27;;
017;927;202607;202607;1401102E;00; NENV;R;30;82,70;0,012450;1,03;0,04;0,00;1,07;;
017;927;202607;202607;1401102G;00; NENV;R;32;75,40;0,012450;0,94;0,04;0,00;0,97;;
017;927;202607;202607;1401102I;00; NENV;R;19;46,10;0,012450;0,57;0,02;0,00;0,60;;
017;927;202607;202607;1401102K;00; NENV;R;30;110,50;0,012450;1,38;0,05;0,00;1,43;;
017;927;202607;202607;1501101I;00; NENV;R;12;19,70;0,012450;0,25;0,01;0,00;0,25;;
017;927;202607;202607;1501101M;00; NENV;R;8;15,90;0,012450;0,20;0,01;0,00;0,21;;
017;927;202607;202607;1501101O;00; NENV;R;7;26,30;0,012450;0,33;0,01;0,00;0,34;;
017;927;202607;202607;1501101S;00; NENV;R;9;104,00;0,012450;1,29;0,05;0,00;1,34;;
017;927;202607;202607;15011023;00; NENV;R;18;68,40;0,012450;0,85;0,03;0,00;0,88;;
017;927;202607;202607;15011025;00; NENV;R;8;14,00;0,012450;0,17;0,01;0,00;0,18;;
017;927;202607;202607;15011027;00; NENV;R;14;33,50;0,012450;0,42;0,02;0,00;0,43;;
017;927;202607;202607;15011029;00; NENV;R;14;29,60;0,012450;0,37;0,01;0,00;0,38;;
017;927;202607;202607;1601101M;00; NENV;R;43;771,40;0,012450;9,60;0,36;0,00;9,97;;
017;927;202607;202607;1601101Q;00; NENV;R;38;702,40;0,012450;8,74;0,33;0,00;9,08;;
017;927;202607;202607;1601101U;00; NENV;R;26;430,60;0,012450;5,36;0,20;0,00;5,56;;
017;927;202607;202607;1601101Z;00; NENV;R;35;213,80;0,012450;2,66;0,10;0,00;2,76;;
017;927;202607;202607;16011029;00; NENV;R;42;156,10;0,012450;1,94;0,07;0,00;2,02;;
017;927;202607;202607;1601102B;00; NENV;R;45;204,80;0,012450;2,55;0,10;0,00;2,65;;
017;927;202607;202607;1601102D;00; NENV;R;51;260,00;0,012450;3,24;0,12;0,00;3,36;;
017;927;202607;202607;1601102F;00; NENV;R;41;172,70;0,012450;2,15;0,08;0,00;2,23;;
017;927;202607;202607;1701000P;00; NENV;R;7;99,70;0,012450;1,24;0,05;0,00;1,29;;
017;927;202607;202607;1701000R;00; NENV;R;7;163,90;0,012450;2,04;0,08;0,00;2,12;;
017;927;202607;202607;1701000T;00; NENV;R;5;83,00;0,012450;1,03;0,04;0,00;1,07;;
017;927;202607;202607;1701000U;00; NENV;R;17;240,60;0,012450;3,00;0,11;0,00;3,11;;
017;927;202607;202607;1701101K;00; NENV;R;19;83,10;0,012450;1,03;0,04;0,00;1,07;;
017;927;202607;202607;1701101L;00; NENV;R;15;37,10;0,012450;0,46;0,02;0,00;0,48;;
017;927;202607;202607;1701101M;00; NENV;R;16;106,80;0,012450;1,33;0,05;0,00;1,38;;
017;927;202607;202607;1701101P;00; NENV;R;8;127,00;0,012450;1,58;0,06;0,00;1,64;;
017;927;202607;202607;1701101Z;00; NENV;R;10;23,60;0,012450;0,29;0,01;0,00;0,30;;
017;927;202607;202607;17011028;00; NENV;R;14;32,20;0,012450;0,40;0,02;0,00;0,42;;
017;927;202607;202607;17011029;00; NENV;R;14;33,50;0,012450;0,42;0,02;0,00;0,43;;
017;927;202607;202607;1701102D;00; NENV;R;19;36,10;0,012450;0,45;0,02;0,00;0,47;;
017;927;202607;202607;18011029;00; NENV;R;2;1,00;0,012450;0,01;0,00;0,00;0,01;;
017;927;202607;202607;1801102D;00; NENV;R;1;0,50;0,012450;0,01;0,00;0,00;0,01;;
017;927;202607;202607;1801102X;00; NENV;R;2;1,00;0,012450;0,01;0,00;0,00;0,01;;
017;927;202607;202607;1901105H;00; NENV;R;88;554,10;0,012450;6,90;0,26;0,00;7,16;;
017;927;202607;202607;1901105I;00; NENV;R;87;706,00;0,012450;8,79;0,33;0,00;9,12;;
017;927;202607;202607;1901105K;00; NENV;R;101;637,90;0,012450;7,94;0,30;0,00;8,24;;
017;927;202607;202607;1901105M;00; NENV;R;91;846,40;0,012450;10,54;0,40;0,00;10,94;;
017;927;202607;202607;1901105O;00; NENV;R;94;896,20;0,012450;11,16;0,42;0,00;11,58;;
017;927;202607;202607;1901105Q;00; NENV;R;99;740,70;0,012450;9,22;0,35;0,00;9,57;;
017;927;202607;202607;1901105S;00; NENV;R;102;667,00;0,012450;8,30;0,31;0,00;8,62;;
017;927;202607;202607;1901105U;00; NENV;R;96;675,30;0,012450;8,41;0,32;0,00;8,73;;
;;;;;01;;;72539;92557,20;;1569,53;59,47;0,00;1629,01;;
017;931;202607;202606;13010007;00; NENV;N;1;0,50;0,017790;0,01;0,00;0,00;0,01;;
017;931;202607;202606;1401000M;00; NENV;N;1;0,50;0,017790;0,01;0,00;0,00;0,01;;
017;931;202607;202607;12010009;00; NENV;N;71;72,70;0,017790;1,29;0,05;0,00;1,34;;
017;931;202607;202607;1201000B;00; NENV;N;46;33,20;0,017790;0,59;0,02;0,00;0,61;;
017;931;202607;202607;1201000D;00; NENV;N;61;34,80;0,017790;0,62;0,02;0,00;0,64;;
017;931;202607;202607;1201000J;00; NENV;N;4;2,00;0,017790;0,04;0,00;0,00;0,04;;
017;931;202607;202607;1201000L;00; NENV;N;4;2,00;0,017790;0,04;0,00;0,00;0,04;;
017;931;202607;202607;1201000N;00; NENV;N;3;1,70;0,017790;0,03;0,00;0,00;0,03;;
017;931;202607;202607;1201102D;00; NENV;N;3952;2375,40;0,017790;42,26;1,60;0,00;43,86;;
017;931;202607;202607;1201102F;00; NENV;N;3754;2213,00;0,017790;39,37;1,49;0,00;40,86;;
017;931;202607;202607;1201102H;00; NENV;N;3703;2283,00;0,017790;40,61;1,54;0,00;42,15;;
017;931;202607;202607;1201102M;00; NENV;N;2788;1789,30;0,017790;31,83;1,21;0,00;33,04;;
017;931;202607;202607;1201102P;00; NENV;N;2847;1634,00;0,017790;29,07;1,10;0,00;30,17;;
017;931;202607;202607;1201102R;00; NENV;N;2788;1560,30;0,017790;27,76;1,05;0,00;28,81;;
017;931;202607;202607;1201102S;00; NENV;N;2946;1662,90;0,017790;29,58;1,12;0,00;30,70;;
017;931;202607;202607;13010007;00; NENV;N;6;3,00;0,017790;0,05;0,00;0,00;0,06;;
017;931;202607;202607;13010009;00; NENV;N;2;1,00;0,017790;0,02;0,00;0,00;0,02;;
017;931;202607;202607;1301000B;00; NENV;N;8;8,30;0,017790;0,15;0,01;0,00;0,15;;
017;931;202607;202607;13011028;00; NENV;N;3569;1998,30;0,017790;35,55;1,35;0,00;36,90;;
017;931;202607;202607;1301102A;00; NENV;N;3477;1939,60;0,017790;34,51;1,31;0,00;35,81;;
017;931;202607;202607;1301102C;00; NENV;N;3538;2160,30;0,017790;38,43;1,46;0,00;39,89;;
017;931;202607;202607;1301102L;00; NENV;N;2728;1579,80;0,017790;28,10;1,06;0,00;29,17;;
017;931;202607;202607;1301102O;00; NENV;N;2659;1568,90;0,017790;27,91;1,06;0,00;28,97;;
017;931;202607;202607;1301102Q;00; NENV;N;2672;1406,90;0,017790;25,03;0,95;0,00;25,98;;
017;931;202607;202607;1301102R;00; NENV;N;2665;1446,30;0,017790;25,73;0,97;0,00;26,70;;
017;931;202607;202607;1401101U;00; NENV;N;1793;964,20;0,017790;17,15;0,65;0,00;17,80;;
017;931;202607;202607;1401101Z;00; NENV;N;1622;960,00;0,017790;17,08;0,65;0,00;17,73;;
017;931;202607;202607;14011024;00; NENV;N;1771;1114,40;0,017790;19,83;0,75;0,00;20,58;;
017;931;202607;202607;14011029;00; NENV;N;1737;1013,70;0,017790;18,03;0,68;0,00;18,72;;
017;931;202607;202607;1401102E;00; NENV;N;1775;1035,80;0,017790;18,43;0,70;0,00;19,12;;
017;931;202607;202607;1401102G;00; NENV;N;1837;1087,40;0,017790;19,34;0,73;0,00;20,08;;
017;931;202607;202607;1401102I;00; NENV;N;1800;1178,20;0,017790;20,96;0,79;0,00;21,75;;
017;931;202607;202607;1401102K;00; NENV;N;1752;1024,80;0,017790;18,23;0,69;0,00;18,92;;
017;931;202607;202607;1501101G;00; NENV;N;3;2,70;0,017790;0,05;0,00;0,00;0,05;;
017;931;202607;202607;1501101I;00; NENV;N;1017;636,60;0,017790;11,33;0,43;0,00;11,75;;
017;931;202607;202607;1501101K;00; NENV;N;3;1,50;0,017790;0,03;0,00;0,00;0,03;;
017;931;202607;202607;1501101M;00; NENV;N;825;486,60;0,017790;8,66;0,33;0,00;8,98;;
017;931;202607;202607;1501101O;00; NENV;N;992;575,90;0,017790;10,25;0,39;0,00;10,63;;
017;931;202607;202607;1501101Q;00; NENV;N;6;3,50;0,017790;0,06;0,00;0,00;0,06;;
017;931;202607;202607;1501101S;00; NENV;N;1037;632,90;0,017790;11,26;0,43;0,00;11,69;;
017;931;202607;202607;1501101U;00; NENV;N;5;2,50;0,017790;0,04;0,00;0,00;0,05;;
017;931;202607;202607;1501101X;00; NENV;N;5;7,10;0,017790;0,13;0,00;0,00;0,13;;
017;931;202607;202607;1501101Y;00; NENV;N;3;2,10;0,017790;0,04;0,00;0,00;0,04;;
017;931;202607;202607;15011020;00; NENV;N;3;1,90;0,017790;0,03;0,00;0,00;0,04;;
017;931;202607;202607;15011023;00; NENV;N;985;565,30;0,017790;10,06;0,38;0,00;10,44;;
017;931;202607;202607;15011025;00; NENV;N;1009;597,10;0,017790;10,62;0,40;0,00;11,02;;
017;931;202607;202607;15011027;00; NENV;N;1052;605,80;0,017790;10,78;0,41;0,00;11,19;;
017;931;202607;202607;15011029;00; NENV;N;1064;610,20;0,017790;10,86;0,41;0,00;11,27;;
017;931;202607;202607;1501102C;00; NENV;N;3;1,50;0,017790;0,03;0,00;0,00;0,03;;
017;931;202607;202607;1601101M;00; NENV;N;4035;2251,60;0,017790;40,06;1,52;0,00;41,57;;
017;931;202607;202607;1601101Q;00; NENV;N;4927;2843,80;0,017790;50,59;1,92;0,00;52,51;;
017;931;202607;202607;1601101U;00; NENV;N;4778;2663,00;0,017790;47,37;1,79;0,00;49,17;;
017;931;202607;202607;1601101Z;00; NENV;N;4822;2967,70;0,017790;52,80;2,00;0,00;54,80;;
017;931;202607;202607;16011029;00; NENV;N;4817;2812,20;0,017790;50,03;1,90;0,00;51,92;;
017;931;202607;202607;1601102B;00; NENV;N;4869;2843,70;0,017790;50,59;1,92;0,00;52,51;;
017;931;202607;202607;1601102D;00; NENV;N;4784;2776,50;0,017790;49,39;1,87;0,00;51,27;;
017;931;202607;202607;1601102F;00; NENV;N;4903;2776,70;0,017790;49,40;1,87;0,00;51,27;;
017;931;202607;202607;1701000P;00; NENV;N;16;8,40;0,017790;0,15;0,01;0,00;0,16;;
017;931;202607;202607;1701000R;00; NENV;N;11;5,50;0,017790;0,10;0,00;0,00;0,10;;
017;931;202607;202607;1701000T;00; NENV;N;16;8,00;0,017790;0,14;0,01;0,00;0,15;;
017;931;202607;202607;1701000U;00; NENV;N;15;7,50;0,017790;0,13;0,01;0,00;0,14;;
017;931;202607;202607;1701101K;00; NENV;N;2423;1390,40;0,017790;24,74;0,94;0,00;25,67;;
017;931;202607;202607;1701101L;00; NENV;N;2864;1589,10;0,017790;28,27;1,07;0,00;29,34;;
017;931;202607;202607;1701101M;00; NENV;N;2727;1594,80;0,017790;28,37;1,07;0,00;29,45;;
017;931;202607;202607;1701101P;00; NENV;N;2697;1565,30;0,017790;27,85;1,05;0,00;28,90;;
017;931;202607;202607;1701101Z;00; NENV;N;2808;1507,20;0,017790;26,81;1,02;0,00;27,83;;
017;931;202607;202607;17011028;00; NENV;N;2827;1548,90;0,017790;27,55;1,04;0,00;28,60;;
017;931;202607;202607;17011029;00; NENV;N;2679;1485,80;0,017790;26,43;1,00;0,00;27,43;;
017;931;202607;202607;1701102D;00; NENV;N;2745;1498,90;0,017790;26,67;1,01;0,00;27,68;;
017;931;202607;202607;18011029;00; NENV;N;1007;533,00;0,017790;9,48;0,36;0,00;9,84;;
017;931;202607;202607;1801102D;00; NENV;N;991;616,40;0,017790;10,97;0,42;0,00;11,38;;
017;931;202607;202607;1801102F;00; NENV;N;1014;588,10;0,017790;10,46;0,40;0,00;10,86;;
017;931;202607;202607;1801102J;00; NENV;N;920;557,70;0,017790;9,92;0,38;0,00;10,30;;
017;931;202607;202607;1801102Q;00; NENV;N;983;569,80;0,017790;10,14;0,38;0,00;10,52;;
017;931;202607;202607;1801102S;00; NENV;N;999;560,60;0,017790;9,97;0,38;0,00;10,35;;
017;931;202607;202607;1801102U;00; NENV;N;968;537,60;0,017790;9,56;0,36;0,00;9,93;;
017;931;202607;202607;1801102X;00; NENV;N;1050;617,30;0,017790;10,98;0,42;0,00;11,40;;
017;931;202607;202607;1901105H;00; NENV;N;2751;1617,00;0,017790;28,77;1,09;0,00;29,86;;
017;931;202607;202607;1901105I;00; NENV;N;2691;1612,50;0,017790;28,69;1,09;0,00;29,77;;
017;931;202607;202607;1901105K;00; NENV;N;2197;1416,00;0,017790;25,19;0,95;0,00;26,14;;
017;931;202607;202607;1901105M;00; NENV;N;2831;1770,40;0,017790;31,50;1,19;0,00;32,69;;
017;931;202607;202607;1901105O;00; NENV;N;2821;1610,50;0,017790;28,65;1,09;0,00;29,74;;
017;931;202607;202607;1901105Q;00; NENV;N;2713;1756,90;0,017790;31,26;1,18;0,00;32,44;;
017;931;202607;202607;1901105S;00; NENV;N;2758;1526,10;0,017790;27,15;1,03;0,00;28,18;;
017;931;202607;202607;1901105U;00; NENV;N;2835;1890,60;0,017790;33,63;1,27;0,00;34,91;;
017;931;202607;202607;12010009;00; NENV;R;1;0,50;0,012450;0,01;0,00;0,00;0,01;;
017;931;202607;202607;1201000B;00; NENV;R;1;0,50;0,012450;0,01;0,00;0,00;0,01;;
017;931;202607;202607;1201000D;00; NENV;R;1;19,90;0,012450;0,25;0,01;0,00;0,26;;
017;931;202607;202607;1201102D;00; NENV;R;6;65,30;0,012450;0,81;0,03;0,00;0,84;;
017;931;202607;202607;1201102F;00; NENV;R;6;9,40;0,012450;0,12;0,00;0,00;0,12;;
017;931;202607;202607;1201102H;00; NENV;R;10;76,10;0,012450;0,95;0,04;0,00;0,98;;
017;931;202607;202607;1201102M;00; NENV;R;6;45,20;0,012450;0,56;0,02;0,00;0,58;;
017;931;202607;202607;1201102P;00; NENV;R;3;7,30;0,012450;0,09;0,00;0,00;0,09;;
017;931;202607;202607;1201102R;00; NENV;R;4;5,10;0,012450;0,06;0,00;0,00;0,07;;
017;931;202607;202607;1201102S;00; NENV;R;3;69,20;0,012450;0,86;0,03;0,00;0,89;;
017;931;202607;202607;13011028;00; NENV;R;6;55,60;0,012450;0,69;0,03;0,00;0,72;;
017;931;202607;202607;1301102A;00; NENV;R;6;39,70;0,012450;0,49;0,02;0,00;0,51;;
017;931;202607;202607;1301102C;00; NENV;R;10;10,00;0,012450;0,12;0,00;0,00;0,13;;
017;931;202607;202607;1301102L;00; NENV;R;4;2,00;0,012450;0,02;0,00;0,00;0,03;;
017;931;202607;202607;1301102O;00; NENV;R;3;61,70;0,012450;0,77;0,03;0,00;0,80;;
017;931;202607;202607;1301102Q;00; NENV;R;3;1,50;0,012450;0,02;0,00;0,00;0,02;;
017;931;202607;202607;1301102R;00; NENV;R;4;3,90;0,012450;0,05;0,00;0,00;0,05;;
017;931;202607;202607;1401101U;00; NENV;R;6;3,00;0,012450;0,04;0,00;0,00;0,04;;
017;931;202607;202607;1401101Z;00; NENV;R;4;2,60;0,012450;0,03;0,00;0,00;0,03;;
017;931;202607;202607;14011024;00; NENV;R;5;2,60;0,012450;0,03;0,00;0,00;0,03;;
017;931;202607;202607;14011029;00; NENV;R;4;2,00;0,012450;0,02;0,00;0,00;0,03;;
017;931;202607;202607;1401102E;00; NENV;R;6;3,00;0,012450;0,04;0,00;0,00;0,04;;
017;931;202607;202607;1401102G;00; NENV;R;4;2,00;0,012450;0,02;0,00;0,00;0,03;;
017;931;202607;202607;1401102I;00; NENV;R;5;10,50;0,012450;0,13;0,00;0,00;0,14;;
017;931;202607;202607;1401102K;00; NENV;R;5;2,50;0,012450;0,03;0,00;0,00;0,03;;
017;931;202607;202607;1501101I;00; NENV;R;3;2,70;0,012450;0,03;0,00;0,00;0,03;;
017;931;202607;202607;1501101O;00; NENV;R;1;0,50;0,012450;0,01;0,00;0,00;0,01;;
017;931;202607;202607;1501101S;00; NENV;R;3;1,50;0,012450;0,02;0,00;0,00;0,02;;
017;931;202607;202607;15011025;00; NENV;R;4;5,20;0,012450;0,06;0,00;0,00;0,07;;
017;931;202607;202607;1601101M;00; NENV;R;15;9,50;0,012450;0,12;0,00;0,00;0,12;;
017;931;202607;202607;1601101Q;00; NENV;R;15;56,10;0,012450;0,70;0,03;0,00;0,72;;
017;931;202607;202607;1601101U;00; NENV;R;5;80,40;0,012450;1,00;0,04;0,00;1,04;;
017;931;202607;202607;1601101Z;00; NENV;R;15;79,70;0,012450;0,99;0,04;0,00;1,03;;
017;931;202607;202607;16011029;00; NENV;R;13;25,90;0,012450;0,32;0,01;0,00;0,33;;
017;931;202607;202607;1601102B;00; NENV;R;11;30,80;0,012450;0,38;0,01;0,00;0,40;;
017;931;202607;202607;1601102D;00; NENV;R;13;31,00;0,012450;0,39;0,01;0,00;0,40;;
017;931;202607;202607;1601102F;00; NENV;R;10;17,80;0,012450;0,22;0,01;0,00;0,23;;
017;931;202607;202607;1701101K;00; NENV;R;1;1,70;0,012450;0,02;0,00;0,00;0,02;;
017;931;202607;202607;1701101L;00; NENV;R;2;5,20;0,012450;0,06;0,00;0,00;0,07;;
017;931;202607;202607;1701101P;00; NENV;R;3;1,50;0,012450;0,02;0,00;0,00;0,02;;
017;931;202607;202607;1701101Z;00; NENV;R;2;1,90;0,012450;0,02;0,00;0,00;0,02;;
017;931;202607;202607;17011028;00; NENV;R;2;1,30;0,012450;0,02;0,00;0,00;0,02;;
017;931;202607;202607;17011029;00; NENV;R;1;0,50;0,012450;0,01;0,00;0,00;0,01;;
017;931;202607;202607;18011029;00; NENV;R;1;15,90;0,012450;0,20;0,01;0,00;0,21;;
017;931;202607;202607;1801102J;00; NENV;R;1;5,90;0,012450;0,07;0,00;0,00;0,08;;
017;931;202607;202607;1801102Q;00; NENV;R;1;1,40;0,012450;0,02;0,00;0,00;0,02;;
017;931;202607;202607;1801102S;00; NENV;R;1;1,50;0,012450;0,02;0,00;0,00;0,02;;
017;931;202607;202607;1901105H;00; NENV;R;15;99,60;0,012450;1,24;0,05;0,00;1,29;;
017;931;202607;202607;1901105I;00; NENV;R;14;77,50;0,012450;0,96;0,04;0,00;1,00;;
017;931;202607;202607;1901105K;00; NENV;R;12;14,10;0,012450;0,18;0,01;0,00;0,18;;
017;931;202607;202607;1901105M;00; NENV;R;12;8,50;0,012450;0,11;0,00;0,00;0,11;;
017;931;202607;202607;1901105O;00; NENV;R;14;30,60;0,012450;0,38;0,01;0,00;0,40;;
017;931;202607;202607;1901105Q;00; NENV;R;22;23,90;0,012450;0,30;0,01;0,00;0,31;;
017;931;202607;202607;1901105S;00; NENV;R;17;41,40;0,012450;0,52;0,02;0,00;0,53;;
017;931;202607;202607;1901105U;00; NENV;R;16;9,50;0,012450;0,12;0,00;0,00;0,12;;
017;931;202607;202607;1201102N;00; NSAV;N;1;16,00;0,017790;0,28;0,01;0,00;0,30;;
;;;;;01;;;156046;92015,00;;1630,64;61,72;0,00;1692,45;;
017;934;202607;202607;12010009;00; NENV;N;25;36,50;0,017790;0,65;0,02;0,00;0,67;;
017;934;202607;202607;1201000B;00; NENV;N;27;13,60;0,017790;0,24;0,01;0,00;0,25;;
017;934;202607;202607;1201000D;00; NENV;N;14;7,00;0,017790;0,12;0,00;0,00;0,13;;
017;934;202607;202607;1201102D;00; NENV;N;3;5,70;0,017790;0,10;0,00;0,00;0,11;;
017;934;202607;202607;1201102F;00; NENV;N;5;2,80;0,017790;0,05;0,00;0,00;0,05;;
017;934;202607;202607;1201102H;00; NENV;N;3;2,50;0,017790;0,04;0,00;0,00;0,05;;
017;934;202607;202607;1201102M;00; NENV;N;2;4,00;0,017790;0,07;0,00;0,00;0,07;;
017;934;202607;202607;1201102P;00; NENV;N;2;1,30;0,017790;0,02;0,00;0,00;0,02;;
017;934;202607;202607;1201102R;00; NENV;N;2;1,00;0,017790;0,02;0,00;0,00;0,02;;
017;934;202607;202607;1201102S;00; NENV;N;2;1,10;0,017790;0,02;0,00;0,00;0,02;;
017;934;202607;202607;13011028;00; NENV;N;15;13,00;0,017790;0,23;0,01;0,00;0,24;;
017;934;202607;202607;1301102A;00; NENV;N;16;21,20;0,017790;0,38;0,01;0,00;0,39;;
017;934;202607;202607;1301102C;00; NENV;N;24;12,00;0,017790;0,21;0,01;0,00;0,22;;
017;934;202607;202607;1301102L;00; NENV;N;15;10,10;0,017790;0,18;0,01;0,00;0,19;;
017;934;202607;202607;1301102O;00; NENV;N;12;16,30;0,017790;0,29;0,01;0,00;0,30;;
017;934;202607;202607;1301102Q;00; NENV;N;11;11,90;0,017790;0,21;0,01;0,00;0,22;;
017;934;202607;202607;1301102R;00; NENV;N;11;5,50;0,017790;0,10;0,00;0,00;0,10;;
017;934;202607;202607;1401101U;00; NENV;N;23;12,10;0,017790;0,22;0,01;0,00;0,22;;
017;934;202607;202607;1401101Z;00; NENV;N;21;10,70;0,017790;0,19;0,01;0,00;0,20;;
017;934;202607;202607;14011024;00; NENV;N;22;11,00;0,017790;0,20;0,01;0,00;0,20;;
017;934;202607;202607;14011029;00; NENV;N;20;10,40;0,017790;0,19;0,01;0,00;0,19;;
017;934;202607;202607;1401102E;00; NENV;N;27;24,00;0,017790;0,43;0,02;0,00;0,44;;
017;934;202607;202607;1401102G;00; NENV;N;15;38,60;0,017790;0,69;0,03;0,00;0,71;;
017;934;202607;202607;1401102I;00; NENV;N;26;18,50;0,017790;0,33;0,01;0,00;0,34;;
017;934;202607;202607;1401102K;00; NENV;N;22;12,00;0,017790;0,21;0,01;0,00;0,22;;
017;934;202607;202607;1501101I;00; NENV;N;46;123,40;0,017790;2,20;0,08;0,00;2,28;;
017;934;202607;202607;1501101M;00; NENV;N;64;97,80;0,017790;1,74;0,07;0,00;1,81;;
017;934;202607;202607;1501101O;00; NENV;N;42;82,20;0,017790;1,46;0,06;0,00;1,52;;
017;934;202607;202607;1501101S;00; NENV;N;46;48,40;0,017790;0,86;0,03;0,00;0,89;;
017;934;202607;202607;15011023;00; NENV;N;49;100,60;0,017790;1,79;0,07;0,00;1,86;;
017;934;202607;202607;15011025;00; NENV;N;51;116,40;0,017790;2,07;0,08;0,00;2,15;;
017;934;202607;202607;15011027;00; NENV;N;57;101,00;0,017790;1,80;0,07;0,00;1,86;;
017;934;202607;202607;15011029;00; NENV;N;52;145,00;0,017790;2,58;0,10;0,00;2,68;;
017;934;202607;202607;1601101M;00; NENV;N;62;69,80;0,017790;1,24;0,05;0,00;1,29;;
017;934;202607;202607;1601101Q;00; NENV;N;80;129,70;0,017790;2,31;0,09;0,00;2,39;;
017;934;202607;202607;1601101U;00; NENV;N;75;115,20;0,017790;2,05;0,08;0,00;2,13;;
017;934;202607;202607;1601101Z;00; NENV;N;68;91,60;0,017790;1,63;0,06;0,00;1,69;;
017;934;202607;202607;16011029;00; NENV;N;72;145,70;0,017790;2,59;0,10;0,00;2,69;;
017;934;202607;202607;1601102B;00; NENV;N;74;91,20;0,017790;1,62;0,06;0,00;1,68;;
017;934;202607;202607;1601102D;00; NENV;N;60;60,20;0,017790;1,07;0,04;0,00;1,11;;
017;934;202607;202607;1601102F;00; NENV;N;79;110,50;0,017790;1,97;0,07;0,00;2,04;;
017;934;202607;202607;1701000P;00; NENV;N;3;1,60;0,017790;0,03;0,00;0,00;0,03;;
017;934;202607;202607;1701000T;00; NENV;N;2;1,00;0,017790;0,02;0,00;0,00;0,02;;
017;934;202607;202607;1701101K;00; NENV;N;17;28,30;0,017790;0,50;0,02;0,00;0,52;;
017;934;202607;202607;1701101L;00; NENV;N;30;30,40;0,017790;0,54;0,02;0,00;0,56;;
017;934;202607;202607;1701101M;00; NENV;N;19;25,50;0,017790;0,45;0,02;0,00;0,47;;
017;934;202607;202607;1701101P;00; NENV;N;29;36,20;0,017790;0,64;0,02;0,00;0,67;;
017;934;202607;202607;1701101Z;00; NENV;N;24;33,50;0,017790;0,60;0,02;0,00;0,62;;
017;934;202607;202607;17011028;00; NENV;N;30;33,20;0,017790;0,59;0,02;0,00;0,61;;
017;934;202607;202607;17011029;00; NENV;N;26;30,80;0,017790;0,55;0,02;0,00;0,57;;
017;934;202607;202607;1701102D;00; NENV;N;26;44,50;0,017790;0,79;0,03;0,00;0,82;;
017;934;202607;202607;18011029;00; NENV;N;45;36,00;0,017790;0,64;0,02;0,00;0,66;;
017;934;202607;202607;1801102D;00; NENV;N;23;31,60;0,017790;0,56;0,02;0,00;0,58;;
017;934;202607;202607;1801102F;00; NENV;N;32;52,20;0,017790;0,93;0,04;0,00;0,96;;
017;934;202607;202607;1801102J;00; NENV;N;31;21,70;0,017790;0,39;0,01;0,00;0,40;;
017;934;202607;202607;1801102Q;00; NENV;N;38;46,50;0,017790;0,83;0,03;0,00;0,86;;
017;934;202607;202607;1801102S;00; NENV;N;42;39,80;0,017790;0,71;0,03;0,00;0,73;;
017;934;202607;202607;1801102U;00; NENV;N;35;85,30;0,017790;1,52;0,06;0,00;1,57;;
017;934;202607;202607;1801102X;00; NENV;N;38;47,10;0,017790;0,84;0,03;0,00;0,87;;
017;934;202607;202607;1901105H;00; NENV;N;48;68,00;0,017790;1,21;0,05;0,00;1,26;;
017;934;202607;202607;1901105I;00; NENV;N;43;24,20;0,017790;0,43;0,02;0,00;0,45;;
017;934;202607;202607;1901105K;00; NENV;N;45;52,50;0,017790;0,93;0,04;0,00;0,97;;
017;934;202607;202607;1901105M;00; NENV;N;46;25,10;0,017790;0,45;0,02;0,00;0,46;;
017;934;202607;202607;1901105O;00; NENV;N;50;33,20;0,017790;0,59;0,02;0,00;0,61;;
017;934;202607;202607;1901105Q;00; NENV;N;45;22,80;0,017790;0,41;0,02;0,00;0,42;;
017;934;202607;202607;1901105S;00; NENV;N;37;19,10;0,017790;0,34;0,01;0,00;0,35;;
017;934;202607;202607;1901105U;00; NENV;N;41;20,60;0,017790;0,37;0,01;0,00;0,38;;
017;934;202607;202607;1201102D;00; NENV;R;1;0,60;0,012450;0,01;0,00;0,00;0,01;;
017;934;202607;202607;1201102F;00; NENV;R;2;1,50;0,012450;0,02;0,00;0,00;0,02;;
017;934;202607;202607;1201102H;00; NENV;R;4;3,10;0,012450;0,04;0,00;0,00;0,04;;
017;934;202607;202607;1201102M;00; NENV;R;2;1,50;0,012450;0,02;0,00;0,00;0,02;;
017;934;202607;202607;1201102P;00; NENV;R;1;1,30;0,012450;0,02;0,00;0,00;0,02;;
017;934;202607;202607;1201102R;00; NENV;R;2;1,30;0,012450;0,02;0,00;0,00;0,02;;
017;934;202607;202607;1201102S;00; NENV;R;1;0,60;0,012450;0,01;0,00;0,00;0,01;;
017;934;202607;202607;1301102Q;00; NENV;R;1;0,60;0,012450;0,01;0,00;0,00;0,01;;
017;934;202607;202607;1401101U;00; NENV;R;1;0,50;0,012450;0,01;0,00;0,00;0,01;;
017;934;202607;202607;1401102G;00; NENV;R;2;1,00;0,012450;0,01;0,00;0,00;0,01;;
017;934;202607;202607;1401102I;00; NENV;R;2;1,20;0,012450;0,01;0,00;0,00;0,02;;
017;934;202607;202607;1501101I;00; NENV;R;3;1,60;0,012450;0,02;0,00;0,00;0,02;;
017;934;202607;202607;1501101M;00; NENV;R;4;2,00;0,012450;0,02;0,00;0,00;0,03;;
017;934;202607;202607;1501101O;00; NENV;R;4;2,00;0,012450;0,02;0,00;0,00;0,03;;
017;934;202607;202607;1501101S;00; NENV;R;4;2,70;0,012450;0,03;0,00;0,00;0,03;;
017;934;202607;202607;15011023;00; NENV;R;3;1,50;0,012450;0,02;0,00;0,00;0,02;;
017;934;202607;202607;15011025;00; NENV;R;3;1,60;0,012450;0,02;0,00;0,00;0,02;;
017;934;202607;202607;15011027;00; NENV;R;2;1,00;0,012450;0,01;0,00;0,00;0,01;;
017;934;202607;202607;15011029;00; NENV;R;1;0,50;0,012450;0,01;0,00;0,00;0,01;;
017;934;202607;202607;1601101Q;00; NENV;R;1;0,80;0,012450;0,01;0,00;0,00;0,01;;
017;934;202607;202607;1601101U;00; NENV;R;1;0,50;0,012450;0,01;0,00;0,00;0,01;;
017;934;202607;202607;1601101Z;00; NENV;R;3;3,30;0,012450;0,04;0,00;0,00;0,04;;
017;934;202607;202607;16011029;00; NENV;R;3;20,50;0,012450;0,26;0,01;0,00;0,26;;
017;934;202607;202607;1601102B;00; NENV;R;4;3,20;0,012450;0,04;0,00;0,00;0,04;;
017;934;202607;202607;1601102D;00; NENV;R;4;2,40;0,012450;0,03;0,00;0,00;0,03;;
017;934;202607;202607;1601102F;00; NENV;R;4;6,00;0,012450;0,07;0,00;0,00;0,08;;
017;934;202607;202607;1701101Z;00; NENV;R;1;0,50;0,012450;0,01;0,00;0,00;0,01;;
017;934;202607;202607;18011029;00; NENV;R;5;3,80;0,012450;0,05;0,00;0,00;0,05;;
017;934;202607;202607;1801102D;00; NENV;R;3;1,90;0,012450;0,02;0,00;0,00;0,02;;
017;934;202607;202607;1801102F;00; NENV;R;1;0,50;0,012450;0,01;0,00;0,00;0,01;;
017;934;202607;202607;1801102J;00; NENV;R;5;3,10;0,012450;0,04;0,00;0,00;0,04;;
017;934;202607;202607;1801102Q;00; NENV;R;5;10,20;0,012450;0,13;0,00;0,00;0,13;;
017;934;202607;202607;1801102S;00; NENV;R;1;0,50;0,012450;0,01;0,00;0,00;0,01;;
017;934;202607;202607;1801102U;00; NENV;R;4;2,00;0,012450;0,02;0,00;0,00;0,03;;
017;934;202607;202607;1901105H;00; NENV;R;6;4,20;0,012450;0,05;0,00;0,00;0,05;;
017;934;202607;202607;1901105I;00; NENV;R;4;3,10;0,012450;0,04;0,00;0,00;0,04;;
017;934;202607;202607;1901105K;00; NENV;R;2;1,00;0,012450;0,01;0,00;0,00;0,01;;
017;934;202607;202607;1901105M;00; NENV;R;6;4,60;0,012450;0,06;0,00;0,00;0,06;;
017;934;202607;202607;1901105O;00; NENV;R;1;0,80;0,012450;0,01;0,00;0,00;0,01;;
017;934;202607;202607;1901105Q;00; NENV;R;7;3,70;0,012450;0,05;0,00;0,00;0,05;;
017;934;202607;202607;1901105S;00; NENV;R;4;2,20;0,012450;0,03;0,00;0,00;0,03;;
017;934;202607;202607;1901105U;00; NENV;R;5;2,70;0,012450;0,03;0,00;0,00;0,03;;
;;;;;01;;;2310;2929,80;;51,59;1,92;0,00;53,47;;
017;941;202607;202606;1201000J;00; NENV;N;3;1,50;0,017790;0,03;0,00;0,00;0,03;;
017;941;202607;202606;1201000L;00; NENV;N;1;0,50;0,017790;0,01;0,00;0,00;0,01;;
017;941;202607;202606;1201000N;00; NENV;N;6;3,00;0,017790;0,05;0,00;0,00;0,06;;
017;941;202607;202606;13010007;00; NENV;N;5;2,50;0,017790;0,04;0,00;0,00;0,05;;
017;941;202607;202606;1301000B;00; NENV;N;3;1,50;0,017790;0,03;0,00;0,00;0,03;;
017;941;202607;202607;12010009;00; NENV;N;32;19,40;0,017790;0,35;0,01;0,00;0,36;;
017;941;202607;202607;1201000B;00; NENV;N;31;16,00;0,017790;0,28;0,01;0,00;0,30;;
017;941;202607;202607;1201000D;00; NENV;N;36;23,10;0,017790;0,41;0,02;0,00;0,43;;
017;941;202607;202607;1201000J;00; NENV;N;19;41,40;0,017790;0,74;0,03;0,00;0,76;;
017;941;202607;202607;1201000L;00; NENV;N;26;13,70;0,017790;0,24;0,01;0,00;0,25;;
017;941;202607;202607;1201000N;00; NENV;N;18;9,00;0,017790;0,16;0,01;0,00;0,17;;
017;941;202607;202607;1201102D;00; NENV;N;27806;14236,20;0,017790;253,26;9,59;0,00;262,86;;
017;941;202607;202607;1201102F;00; NENV;N;27128;13913,00;0,017790;247,51;9,38;0,00;256,89;;
017;941;202607;202607;1201102H;00; NENV;N;27012;13749,60;0,017790;244,61;9,27;0,00;253,87;;
017;941;202607;202607;1201102M;00; NENV;N;20384;10398,40;0,017790;184,99;7,01;0,00;192,00;;
017;941;202607;202607;1201102P;00; NENV;N;20367;10389,20;0,017790;184,82;7,00;0,00;191,83;;
017;941;202607;202607;1201102R;00; NENV;N;20321;10380,90;0,017790;184,68;7,00;0,00;191,67;;
017;941;202607;202607;1201102S;00; NENV;N;20498;10438,10;0,017790;185,69;7,03;0,00;192,73;;
017;941;202607;202607;13010007;00; NENV;N;39;19,50;0,017790;0,35;0,01;0,00;0,36;;
017;941;202607;202607;1301000B;00; NENV;N;28;14,20;0,017790;0,25;0,01;0,00;0,26;;
017;941;202607;202607;13011028;00; NENV;N;29962;15364,60;0,017790;273,34;10,35;0,00;283,69;;
017;941;202607;202607;1301102A;00; NENV;N;29862;15223,80;0,017790;270,83;10,26;0,00;281,09;;
017;941;202607;202607;1301102C;00; NENV;N;30170;15429,80;0,017790;274,50;10,40;0,00;284,89;;
017;941;202607;202607;1301102L;00; NENV;N;22655;11559,20;0,017790;205,64;7,79;0,00;213,43;;
017;941;202607;202607;1301102O;00; NENV;N;22507;11487,70;0,017790;204,37;7,74;0,00;212,11;;
017;941;202607;202607;1301102Q;00; NENV;N;22540;11507,00;0,017790;204,71;7,75;0,00;212,46;;
017;941;202607;202607;1301102R;00; NENV;N;22432;11480,60;0,017790;204,24;7,74;0,00;211,98;;
017;941;202607;202607;1401101U;00; NENV;N;13218;6809,30;0,017790;121,14;4,59;0,00;125,73;;
017;941;202607;202607;1401101Z;00; NENV;N;12656;6681,00;0,017790;118,85;4,50;0,00;123,36;;
017;941;202607;202607;14011024;00; NENV;N;13440;7009,30;0,017790;124,70;4,72;0,00;129,42;;
017;941;202607;202607;14011029;00; NENV;N;13591;6991,60;0,017790;124,38;4,71;0,00;129,09;;
017;941;202607;202607;1401102E;00; NENV;N;13408;6961,60;0,017790;123,85;4,69;0,00;128,54;;
017;941;202607;202607;1401102G;00; NENV;N;13643;7102,00;0,017790;126,34;4,79;0,00;131,13;;
017;941;202607;202607;1401102I;00; NENV;N;13559;7018,10;0,017790;124,85;4,73;0,00;129,58;;
017;941;202607;202607;1401102K;00; NENV;N;13494;7028,20;0,017790;125,03;4,74;0,00;129,77;;
017;941;202607;202607;1501101I;00; NENV;N;10609;5474,60;0,017790;97,39;3,69;0,00;101,08;;
017;941;202607;202607;1501101M;00; NENV;N;10100;5137,80;0,017790;91,40;3,46;0,00;94,86;;
017;941;202607;202607;1501101O;00; NENV;N;10451;5343,70;0,017790;95,06;3,60;0,00;98,67;;
017;941;202607;202607;1501101Q;00; NENV;N;2;1,00;0,017790;0,02;0,00;0,00;0,02;;
017;941;202607;202607;1501101S;00; NENV;N;10460;5428,50;0,017790;96,57;3,66;0,00;100,23;;
017;941;202607;202607;1501101U;00; NENV;N;2;1,60;0,017790;0,03;0,00;0,00;0,03;;
017;941;202607;202607;1501101X;00; NENV;N;2;1,00;0,017790;0,02;0,00;0,00;0,02;;
017;941;202607;202607;1501101Y;00; NENV;N;2;1,00;0,017790;0,02;0,00;0,00;0,02;;
017;941;202607;202607;15011020;00; NENV;N;1;0,50;0,017790;0,01;0,00;0,00;0,01;;
017;941;202607;202607;15011023;00; NENV;N;10640;5506,90;0,017790;97,97;3,71;0,00;101,68;;
017;941;202607;202607;15011025;00; NENV;N;10537;5389,40;0,017790;95,88;3,63;0,00;99,51;;
017;941;202607;202607;15011027;00; NENV;N;10538;5392,50;0,017790;95,93;3,63;0,00;99,57;;
017;941;202607;202607;15011029;00; NENV;N;10517;5419,80;0,017790;96,42;3,65;0,00;100,07;;
017;941;202607;202607;1501102C;00; NENV;N;1;1,40;0,017790;0,02;0,00;0,00;0,03;;
017;941;202607;202607;1601101M;00; NENV;N;32978;16938,20;0,017790;301,33;11,42;0,00;312,75;;
017;941;202607;202607;1601101O;00; NENV;N;1;0,50;0,017790;0,01;0,00;0,00;0,01;;
017;941;202607;202607;1601101Q;00; NENV;N;35569;18247,20;0,017790;324,62;12,30;0,00;336,92;;
017;941;202607;202607;1601101U;00; NENV;N;34476;17932,70;0,017790;319,02;12,09;0,00;331,11;;
017;941;202607;202607;1601101Z;00; NENV;N;35626;18338,10;0,017790;326,23;12,36;0,00;338,59;;
017;941;202607;202607;16011022;00; NENV;N;1;0,50;0,017790;0,01;0,00;0,00;0,01;;
017;941;202607;202607;16011026;00; NENV;N;1;0,50;0,017790;0,01;0,00;0,00;0,01;;
017;941;202607;202607;16011029;00; NENV;N;34534;17693,50;0,017790;314,77;11,92;0,00;326,69;;
017;941;202607;202607;1601102B;00; NENV;N;35281;18057,50;0,017790;321,24;12,17;0,00;333,41;;
017;941;202607;202607;1601102D;00; NENV;N;35575;18315,50;0,017790;325,83;12,34;0,00;338,18;;
017;941;202607;202607;1601102F;00; NENV;N;35311;18132,90;0,017790;322,58;12,22;0,00;334,80;;
017;941;202607;202607;1701000P;00; NENV;N;14;7,10;0,017790;0,13;0,00;0,00;0,13;;
017;941;202607;202607;1701000R;00; NENV;N;13;17,50;0,017790;0,31;0,01;0,00;0,32;;
017;941;202607;202607;1701000T;00; NENV;N;18;10,50;0,017790;0,19;0,01;0,00;0,19;;
017;941;202607;202607;1701000U;00; NENV;N;8;4,00;0,017790;0,07;0,00;0,00;0,07;;
017;941;202607;202607;1701101K;00; NENV;N;17807;9237,70;0,017790;164,34;6,23;0,00;170,56;;
017;941;202607;202607;1701101L;00; NENV;N;18790;9582,30;0,017790;170,47;6,46;0,00;176,93;;
017;941;202607;202607;1701101M;00; NENV;N;18916;9765,90;0,017790;173,74;6,58;0,00;180,32;;
017;941;202607;202607;1701101P;00; NENV;N;18830;9690,30;0,017790;172,39;6,53;0,00;178,92;;
017;941;202607;202607;1701101Z;00; NENV;N;18875;9780,90;0,017790;174,00;6,59;0,00;180,59;;
017;941;202607;202607;17011028;00; NENV;N;18740;9661,30;0,017790;171,87;6,51;0,00;178,39;;
017;941;202607;202607;17011029;00; NENV;N;18599;9543,40;0,017790;169,78;6,43;0,00;176,21;;
017;941;202607;202607;1701102D;00; NENV;N;18902;9715,50;0,017790;172,84;6,55;0,00;179,39;;
017;941;202607;202607;18011029;00; NENV;N;6767;3463,60;0,017790;61,62;2,33;0,00;63,95;;
017;941;202607;202607;1801102D;00; NENV;N;6630;3469,80;0,017790;61,73;2,34;0,00;64,07;;
017;941;202607;202607;1801102F;00; NENV;N;6894;3614,60;0,017790;64,30;2,44;0,00;66,74;;
017;941;202607;202607;1801102J;00; NENV;N;6491;3433,50;0,017790;61,08;2,31;0,00;63,40;;
017;941;202607;202607;1801102Q;00; NENV;N;6672;3500,00;0,017790;62,27;2,36;0,00;64,62;;
017;941;202607;202607;1801102S;00; NENV;N;6716;3459,50;0,017790;61,54;2,33;0,00;63,88;;
017;941;202607;202607;1801102U;00; NENV;N;6790;3529,60;0,017790;62,79;2,38;0,00;65,17;;
017;941;202607;202607;1801102X;00; NENV;N;6783;3498,80;0,017790;62,24;2,36;0,00;64,60;;
017;941;202607;202607;1901105H;00; NENV;N;24623;12680,30;0,017790;225,58;8,55;0,00;234,13;;
017;941;202607;202607;1901105I;00; NENV;N;24610;12557,30;0,017790;223,39;8,46;0,00;231,86;;
017;941;202607;202607;1901105K;00; NENV;N;23011;11806,30;0,017790;210,03;7,96;0,00;217,99;;
017;941;202607;202607;1901105M;00; NENV;N;24714;12707,00;0,017790;226,06;8,56;0,00;234,62;;
017;941;202607;202607;1901105O;00; NENV;N;24636;12707,10;0,017790;226,06;8,56;0,00;234,62;;
017;941;202607;202607;1901105Q;00; NENV;N;24247;12489,30;0,017790;222,18;8,42;0,00;230,60;;
017;941;202607;202607;1901105S;00; NENV;N;24467;12555,20;0,017790;223,36;8,46;0,00;231,82;;
017;941;202607;202607;1901105U;00; NENV;N;24595;12583,10;0,017790;223,85;8,48;0,00;232,33;;
017;941;202607;202607;1201000B;00; NENV;R;2;1,00;0,012450;0,01;0,00;0,00;0,01;;
017;941;202607;202607;1201000D;00; NENV;R;2;1,00;0,012450;0,01;0,00;0,00;0,01;;
017;941;202607;202607;1201102D;00; NENV;R;13;63,70;0,012450;0,79;0,03;0,00;0,82;;
017;941;202607;202607;1201102F;00; NENV;R;7;3,80;0,012450;0,05;0,00;0,00;0,05;;
017;941;202607;202607;1201102H;00; NENV;R;7;3,90;0,012450;0,05;0,00;0,00;0,05;;
017;941;202607;202607;1201102M;00; NENV;R;3;1,50;0,012450;0,02;0,00;0,00;0,02;;
017;941;202607;202607;1201102P;00; NENV;R;4;3,40;0,012450;0,04;0,00;0,00;0,04;;
017;941;202607;202607;1201102R;00; NENV;R;6;20,70;0,012450;0,26;0,01;0,00;0,27;;
017;941;202607;202607;1201102S;00; NENV;R;11;12,90;0,012450;0,16;0,01;0,00;0,17;;
017;941;202607;202607;13011028;00; NENV;R;89;52,60;0,012450;0,65;0,02;0,00;0,68;;
017;941;202607;202607;1301102A;00; NENV;R;87;97,60;0,012450;1,22;0,05;0,00;1,26;;
017;941;202607;202607;1301102C;00; NENV;R;79;40,00;0,012450;0,50;0,02;0,00;0,52;;
017;941;202607;202607;1301102L;00; NENV;R;49;26,70;0,012450;0,33;0,01;0,00;0,35;;
017;941;202607;202607;1301102O;00; NENV;R;55;28,10;0,012450;0,35;0,01;0,00;0,36;;
017;941;202607;202607;1301102Q;00; NENV;R;61;31,90;0,012450;0,40;0,02;0,00;0,41;;
017;941;202607;202607;1301102R;00; NENV;R;54;27,00;0,012450;0,34;0,01;0,00;0,35;;
017;941;202607;202607;1401101U;00; NENV;R;78;39,00;0,012450;0,49;0,02;0,00;0,50;;
017;941;202607;202607;1401101Z;00; NENV;R;76;38,00;0,012450;0,47;0,02;0,00;0,49;;
017;941;202607;202607;14011024;00; NENV;R;66;33,30;0,012450;0,41;0,02;0,00;0,43;;
017;941;202607;202607;14011029;00; NENV;R;70;35,10;0,012450;0,44;0,02;0,00;0,45;;
017;941;202607;202607;1401102E;00; NENV;R;78;39,50;0,012450;0,49;0,02;0,00;0,51;;
017;941;202607;202607;1401102G;00; NENV;R;60;42,60;0,012450;0,53;0,02;0,00;0,55;;
017;941;202607;202607;1401102I;00; NENV;R;67;33,50;0,012450;0,42;0,02;0,00;0,43;;
017;941;202607;202607;1401102K;00; NENV;R;75;37,60;0,012450;0,47;0,02;0,00;0,49;;
017;941;202607;202607;1501101I;00; NENV;R;5;2,60;0,012450;0,03;0,00;0,00;0,03;;
017;941;202607;202607;1501101M;00; NENV;R;2;1,00;0,012450;0,01;0,00;0,00;0,01;;
017;941;202607;202607;1501101O;00; NENV;R;3;7,30;0,012450;0,09;0,00;0,00;0,09;;
017;941;202607;202607;1501101S;00; NENV;R;4;2,00;0,012450;0,02;0,00;0,00;0,03;;
017;941;202607;202607;15011023;00; NENV;R;4;2,10;0,012450;0,03;0,00;0,00;0,03;;
017;941;202607;202607;15011025;00; NENV;R;8;5,60;0,012450;0,07;0,00;0,00;0,07;;
017;941;202607;202607;15011027;00; NENV;R;1;1,20;0,012450;0,01;0,00;0,00;0,02;;
017;941;202607;202607;15011029;00; NENV;R;7;4,20;0,012450;0,05;0,00;0,00;0,05;;
017;941;202607;202607;1601101M;00; NENV;R;101;51,00;0,012450;0,63;0,02;0,00;0,66;;
017;941;202607;202607;1601101Q;00; NENV;R;92;60,70;0,012450;0,76;0,03;0,00;0,78;;
017;941;202607;202607;1601101U;00; NENV;R;98;49,80;0,012450;0,62;0,02;0,00;0,64;;
017;941;202607;202607;1601101Z;00; NENV;R;85;42,60;0,012450;0,53;0,02;0,00;0,55;;
017;941;202607;202607;16011029;00; NENV;R;119;60,70;0,012450;0,76;0,03;0,00;0,78;;
017;941;202607;202607;1601102B;00; NENV;R;101;67,40;0,012450;0,84;0,03;0,00;0,87;;
017;941;202607;202607;1601102D;00; NENV;R;102;57,00;0,012450;0,71;0,03;0,00;0,74;;
017;941;202607;202607;1601102F;00; NENV;R;104;53,20;0,012450;0,66;0,03;0,00;0,69;;
017;941;202607;202607;1701101K;00; NENV;R;6;3,00;0,012450;0,04;0,00;0,00;0,04;;
017;941;202607;202607;1701101L;00; NENV;R;8;14,00;0,012450;0,17;0,01;0,00;0,18;;
017;941;202607;202607;1701101M;00; NENV;R;12;77,90;0,012450;0,97;0,04;0,00;1,01;;
017;941;202607;202607;1701101P;00; NENV;R;10;9,50;0,012450;0,12;0,00;0,00;0,12;;
017;941;202607;202607;1701101Z;00; NENV;R;11;37,40;0,012450;0,47;0,02;0,00;0,48;;
017;941;202607;202607;17011028;00; NENV;R;7;9,60;0,012450;0,12;0,00;0,00;0,12;;
017;941;202607;202607;17011029;00; NENV;R;11;5,50;0,012450;0,07;0,00;0,00;0,07;;
017;941;202607;202607;1701102D;00; NENV;R;5;17,30;0,012450;0,22;0,01;0,00;0,22;;
017;941;202607;202607;18011029;00; NENV;R;2;8,10;0,012450;0,10;0,00;0,00;0,10;;
017;941;202607;202607;1801102D;00; NENV;R;3;1,80;0,012450;0,02;0,00;0,00;0,02;;
017;941;202607;202607;1801102F;00; NENV;R;2;1,00;0,012450;0,01;0,00;0,00;0,01;;
017;941;202607;202607;1801102Q;00; NENV;R;2;43,50;0,012450;0,54;0,02;0,00;0,56;;
017;941;202607;202607;1801102S;00; NENV;R;1;0,50;0,012450;0,01;0,00;0,00;0,01;;
017;941;202607;202607;1801102U;00; NENV;R;3;1,50;0,012450;0,02;0,00;0,00;0,02;;
017;941;202607;202607;1801102X;00; NENV;R;4;19,80;0,012450;0,25;0,01;0,00;0,26;;
017;941;202607;202607;1901105H;00; NENV;R;24;12,70;0,012450;0,16;0,01;0,00;0,16;;
017;941;202607;202607;1901105I;00; NENV;R;40;21,40;0,012450;0,27;0,01;0,00;0,28;;
017;941;202607;202607;1901105K;00; NENV;R;38;19,00;0,012450;0,24;0,01;0,00;0,25;;
017;941;202607;202607;1901105M;00; NENV;R;57;29,40;0,012450;0,37;0,01;0,00;0,38;;
017;941;202607;202607;1901105O;00; NENV;R;44;33,70;0,012450;0,42;0,02;0,00;0,44;;
017;941;202607;202607;1901105Q;00; NENV;R;46;23,80;0,012450;0,30;0,01;0,00;0,31;;
017;941;202607;202607;1901105S;00; NENV;R;40;20,30;0,012450;0,25;0,01;0,00;0,26;;
017;941;202607;202607;1901105U;00; NENV;R;41;22,50;0,012450;0,28;0,01;0,00;0,29;;
017;941;202607;202607;1301102M;00; NSAV;N;1;6,30;0,017790;0,11;0,00;0,00;0,12;;
;;;;;01;;;1214626;624775,00;;11106,12;420,70;0,00;11526,86;;
017;943;202607;202607;12010009;00; NENV;N;33;23,20;0,017790;0,41;0,02;0,00;0,43;;
017;943;202607;202607;1201000B;00; NENV;N;28;24,00;0,017790;0,43;0,02;0,00;0,44;;
017;943;202607;202607;1201000D;00; NENV;N;26;16,30;0,017790;0,29;0,01;0,00;0,30;;
017;943;202607;202607;1201102D;00; NENV;N;694;360,90;0,017790;6,42;0,24;0,00;6,66;;
017;943;202607;202607;1201102F;00; NENV;N;714;398,30;0,017790;7,09;0,27;0,00;7,35;;
017;943;202607;202607;1201102H;00; NENV;N;680;387,90;0,017790;6,90;0,26;0,00;7,16;;
017;943;202607;202607;1201102M;00; NENV;N;494;253,30;0,017790;4,51;0,17;0,00;4,68;;
017;943;202607;202607;1201102P;00; NENV;N;510;296,20;0,017790;5,27;0,20;0,00;5,47;;
017;943;202607;202607;1201102R;00; NENV;N;503;267,90;0,017790;4,77;0,18;0,00;4,95;;
017;943;202607;202607;1201102S;00; NENV;N;501;257,20;0,017790;4,58;0,17;0,00;4,75;;
017;943;202607;202607;13011028;00; NENV;N;643;330,80;0,017790;5,88;0,22;0,00;6,11;;
017;943;202607;202607;1301102A;00; NENV;N;638;335,40;0,017790;5,97;0,23;0,00;6,19;;
017;943;202607;202607;1301102C;00; NENV;N;686;360,20;0,017790;6,41;0,24;0,00;6,65;;
017;943;202607;202607;1301102L;00; NENV;N;479;258,30;0,017790;4,60;0,17;0,00;4,77;;
017;943;202607;202607;1301102O;00; NENV;N;512;265,70;0,017790;4,73;0,18;0,00;4,91;;
017;943;202607;202607;1301102Q;00; NENV;N;489;256,20;0,017790;4,56;0,17;0,00;4,73;;
017;943;202607;202607;1301102R;00; NENV;N;466;248,70;0,017790;4,42;0,17;0,00;4,59;;
017;943;202607;202607;1401101U;00; NENV;N;289;199,90;0,017790;3,56;0,13;0,00;3,69;;
017;943;202607;202607;1401101Z;00; NENV;N;235;150,50;0,017790;2,68;0,10;0,00;2,78;;
017;943;202607;202607;14011024;00; NENV;N;309;233,70;0,017790;4,16;0,16;0,00;4,32;;
017;943;202607;202607;14011029;00; NENV;N;283;261,50;0,017790;4,65;0,18;0,00;4,83;;
017;943;202607;202607;1401102E;00; NENV;N;310;172,00;0,017790;3,06;0,12;0,00;3,18;;
017;943;202607;202607;1401102G;00; NENV;N;270;259,70;0,017790;4,62;0,18;0,00;4,80;;
017;943;202607;202607;1401102I;00; NENV;N;302;291,30;0,017790;5,18;0,20;0,00;5,38;;
017;943;202607;202607;1401102K;00; NENV;N;295;223,00;0,017790;3,97;0,15;0,00;4,12;;
017;943;202607;202607;1501101I;00; NENV;N;125;67,30;0,017790;1,20;0,05;0,00;1,24;;
017;943;202607;202607;1501101M;00; NENV;N;98;49,00;0,017790;0,87;0,03;0,00;0,90;;
017;943;202607;202607;1501101O;00; NENV;N;139;75,70;0,017790;1,35;0,05;0,00;1,40;;
017;943;202607;202607;1501101S;00; NENV;N;122;63,80;0,017790;1,14;0,04;0,00;1,18;;
017;943;202607;202607;1501101X;00; NENV;N;2;2,30;0,017790;0,04;0,00;0,00;0,04;;
017;943;202607;202607;15011020;00; NENV;N;2;1,00;0,017790;0,02;0,00;0,00;0,02;;
017;943;202607;202607;15011023;00; NENV;N;138;76,40;0,017790;1,36;0,05;0,00;1,41;;
017;943;202607;202607;15011025;00; NENV;N;129;69,60;0,017790;1,24;0,05;0,00;1,29;;
017;943;202607;202607;15011027;00; NENV;N;126;64,90;0,017790;1,15;0,04;0,00;1,20;;
017;943;202607;202607;15011029;00; NENV;N;134;79,50;0,017790;1,41;0,05;0,00;1,47;;
017;943;202607;202607;1501102C;00; NENV;N;1;0,80;0,017790;0,01;0,00;0,00;0,01;;
017;943;202607;202607;1601101M;00; NENV;N;727;379,40;0,017790;6,75;0,26;0,00;7,01;;
017;943;202607;202607;1601101Q;00; NENV;N;978;502,50;0,017790;8,94;0,34;0,00;9,28;;
017;943;202607;202607;1601101U;00; NENV;N;920;484,00;0,017790;8,61;0,33;0,00;8,94;;
017;943;202607;202607;1601101Z;00; NENV;N;872;444,50;0,017790;7,91;0,30;0,00;8,21;;
017;943;202607;202607;16011029;00; NENV;N;829;471,30;0,017790;8,38;0,32;0,00;8,70;;
017;943;202607;202607;1601102B;00; NENV;N;926;482,30;0,017790;8,58;0,33;0,00;8,91;;
017;943;202607;202607;1601102D;00; NENV;N;901;482,70;0,017790;8,59;0,33;0,00;8,91;;
017;943;202607;202607;1601102F;00; NENV;N;905;480,40;0,017790;8,55;0,32;0,00;8,87;;
017;943;202607;202607;1701000P;00; NENV;N;2;1,40;0,017790;0,02;0,00;0,00;0,03;;
017;943;202607;202607;1701000T;00; NENV;N;2;1,40;0,017790;0,02;0,00;0,00;0,03;;
017;943;202607;202607;1701000U;00; NENV;N;7;4,50;0,017790;0,08;0,00;0,00;0,08;;
017;943;202607;202607;1701101K;00; NENV;N;446;235,10;0,017790;4,18;0,16;0,00;4,34;;
017;943;202607;202607;1701101L;00; NENV;N;515;262,00;0,017790;4,66;0,18;0,00;4,84;;
017;943;202607;202607;1701101M;00; NENV;N;553;278,50;0,017790;4,95;0,19;0,00;5,14;;
017;943;202607;202607;1701101P;00; NENV;N;507;256,70;0,017790;4,57;0,17;0,00;4,74;;
017;943;202607;202607;1701101Z;00; NENV;N;490;246,80;0,017790;4,39;0,17;0,00;4,56;;
017;943;202607;202607;17011028;00; NENV;N;560;286,00;0,017790;5,09;0,19;0,00;5,28;;
017;943;202607;202607;17011029;00; NENV;N;499;258,20;0,017790;4,59;0,17;0,00;4,77;;
017;943;202607;202607;1701102D;00; NENV;N;528;278,40;0,017790;4,95;0,19;0,00;5,14;;
017;943;202607;202607;18011029;00; NENV;N;166;83,30;0,017790;1,48;0,06;0,00;1,54;;
017;943;202607;202607;1801102D;00; NENV;N;169;84,80;0,017790;1,51;0,06;0,00;1,57;;
017;943;202607;202607;1801102F;00; NENV;N;178;99,50;0,017790;1,77;0,07;0,00;1,84;;
017;943;202607;202607;1801102J;00; NENV;N;161;86,50;0,017790;1,54;0,06;0,00;1,60;;
017;943;202607;202607;1801102Q;00; NENV;N;180;90,00;0,017790;1,60;0,06;0,00;1,66;;
017;943;202607;202607;1801102S;00; NENV;N;169;84,80;0,017790;1,51;0,06;0,00;1,57;;
017;943;202607;202607;1801102U;00; NENV;N;174;88,70;0,017790;1,58;0,06;0,00;1,64;;
017;943;202607;202607;1801102X;00; NENV;N;162;82,00;0,017790;1,46;0,06;0,00;1,51;;
017;943;202607;202607;1901105H;00; NENV;N;446;237,50;0,017790;4,23;0,16;0,00;4,39;;
017;943;202607;202607;1901105I;00; NENV;N;463;239,30;0,017790;4,26;0,16;0,00;4,42;;
017;943;202607;202607;1901105K;00; NENV;N;378;247,00;0,017790;4,39;0,17;0,00;4,56;;
017;943;202607;202607;1901105M;00; NENV;N;509;303,70;0,017790;5,40;0,20;0,00;5,61;;
017;943;202607;202607;1901105O;00; NENV;N;511;263,40;0,017790;4,69;0,18;0,00;4,86;;
017;943;202607;202607;1901105Q;00; NENV;N;485;255,60;0,017790;4,55;0,17;0,00;4,72;;
017;943;202607;202607;1901105S;00; NENV;N;443;232,20;0,017790;4,13;0,16;0,00;4,29;;
017;943;202607;202607;1901105U;00; NENV;N;475;272,20;0,017790;4,84;0,18;0,00;5,03;;
017;943;202607;202607;1401102K;00; NENV;R;1;18,20;0,012450;0,23;0,01;0,00;0,24;;
017;943;202607;202607;1701101M;00; NENV;R;1;0,50;0,012450;0,01;0,00;0,00;0,01;;
017;943;202607;202607;1801102F;00; NENV;R;1;4,70;0,012450;0,06;0,00;0,00;0,06;;
017;943;202607;202607;1901105I;00; NENV;R;1;0,50;0,012450;0,01;0,00;0,00;0,01;;
017;943;202607;202607;1901105K;00; NENV;R;1;0,50;0,012450;0,01;0,00;0,00;0,01;;
017;943;202607;202607;1901105S;00; NENV;R;1;0,50;0,012450;0,01;0,00;0,00;0,01;;
;;;;;01;;;27647;15293,90;;271,99;10,33;0,00;282,33;;
017;948;202607;202607;12010009;00; NENV;N;500;1391,30;0,017790;24,75;0,94;0,00;25,69;;
017;948;202607;202607;1201000B;00; NENV;N;550;1702,40;0,017790;30,29;1,15;0,00;31,43;;
017;948;202607;202607;1201000D;00; NENV;N;537;1266,00;0,017790;22,52;0,85;0,00;23,38;;
017;948;202607;202607;1201000J;00; NENV;N;4;2,00;0,017790;0,04;0,00;0,00;0,04;;
017;948;202607;202607;1201000L;00; NENV;N;8;4,00;0,017790;0,07;0,00;0,00;0,07;;
017;948;202607;202607;1201000N;00; NENV;N;3;1,50;0,017790;0,03;0,00;0,00;0,03;;
017;948;202607;202607;1201102D;00; NENV;N;4892;2587,20;0,017790;46,03;1,74;0,00;47,77;;
017;948;202607;202607;1201102F;00; NENV;N;4824;2533,80;0,017790;45,08;1,71;0,00;46,78;;
017;948;202607;202607;1201102H;00; NENV;N;5025;2567,60;0,017790;45,68;1,73;0,00;47,41;;
017;948;202607;202607;1201102M;00; NENV;N;3610;1880,30;0,017790;33,45;1,27;0,00;34,72;;
017;948;202607;202607;1201102P;00; NENV;N;3659;1879,70;0,017790;33,44;1,27;0,00;34,71;;
017;948;202607;202607;1201102R;00; NENV;N;3585;1822,10;0,017790;32,42;1,23;0,00;33,64;;
017;948;202607;202607;1201102S;00; NENV;N;3622;1843,30;0,017790;32,79;1,24;0,00;34,03;;
017;948;202607;202607;13010007;00; NENV;N;2;1,00;0,017790;0,02;0,00;0,00;0,02;;
017;948;202607;202607;1301000B;00; NENV;N;6;3,00;0,017790;0,05;0,00;0,00;0,06;;
017;948;202607;202607;13011028;00; NENV;N;5152;3603,20;0,017790;64,10;2,43;0,00;66,53;;
017;948;202607;202607;1301102A;00; NENV;N;5011;3678,50;0,017790;65,44;2,48;0,00;67,92;;
017;948;202607;202607;1301102C;00; NENV;N;5080;3694,30;0,017790;65,72;2,49;0,00;68,21;;
017;948;202607;202607;1301102L;00; NENV;N;3811;2583,20;0,017790;45,96;1,74;0,00;47,70;;
017;948;202607;202607;1301102O;00; NENV;N;3807;2642,10;0,017790;47,00;1,78;0,00;48,78;;
017;948;202607;202607;1301102Q;00; NENV;N;3750;2496,70;0,017790;44,42;1,68;0,00;46,10;;
017;948;202607;202607;1301102R;00; NENV;N;3784;2787,50;0,017790;49,59;1,88;0,00;51,47;;
017;948;202607;202607;1401101U;00; NENV;N;2295;1694,70;0,017790;30,15;1,14;0,00;31,29;;
017;948;202607;202607;1401101Z;00; NENV;N;1945;1734,70;0,017790;30,86;1,17;0,00;32,03;;
017;948;202607;202607;14011024;00; NENV;N;2399;1703,20;0,017790;30,30;1,15;0,00;31,45;;
017;948;202607;202607;14011029;00; NENV;N;2361;1900,10;0,017790;33,80;1,28;0,00;35,08;;
017;948;202607;202607;1401102E;00; NENV;N;2343;1670,10;0,017790;29,71;1,13;0,00;30,84;;
017;948;202607;202607;1401102G;00; NENV;N;2382;1590,40;0,017790;28,29;1,07;0,00;29,37;;
017;948;202607;202607;1401102I;00; NENV;N;2295;1719,60;0,017790;30,59;1,16;0,00;31,75;;
017;948;202607;202607;1401102K;00; NENV;N;2358;1676,30;0,017790;29,82;1,13;0,00;30,95;;
017;948;202607;202607;1501101G;00; NENV;N;3;1,50;0,017790;0,03;0,00;0,00;0,03;;
017;948;202607;202607;1501101I;00; NENV;N;967;605,70;0,017790;10,78;0,41;0,00;11,18;;
017;948;202607;202607;1501101K;00; NENV;N;1;0,50;0,017790;0,01;0,00;0,00;0,01;;
017;948;202607;202607;1501101M;00; NENV;N;822;676,30;0,017790;12,03;0,46;0,00;12,49;;
017;948;202607;202607;1501101O;00; NENV;N;941;598,70;0,017790;10,65;0,40;0,00;11,05;;
017;948;202607;202607;1501101Q;00; NENV;N;2;1,10;0,017790;0,02;0,00;0,00;0,02;;
017;948;202607;202607;1501101S;00; NENV;N;1021;657,30;0,017790;11,69;0,44;0,00;12,14;;
017;948;202607;202607;1501101U;00; NENV;N;5;4,20;0,017790;0,07;0,00;0,00;0,08;;
017;948;202607;202607;1501101X;00; NENV;N;2;1,10;0,017790;0,02;0,00;0,00;0,02;;
017;948;202607;202607;1501101Y;00; NENV;N;4;2,50;0,017790;0,04;0,00;0,00;0,05;;
017;948;202607;202607;15011020;00; NENV;N;2;1,00;0,017790;0,02;0,00;0,00;0,02;;
017;948;202607;202607;15011023;00; NENV;N;1013;702,40;0,017790;12,50;0,47;0,00;12,97;;
017;948;202607;202607;15011025;00; NENV;N;962;595,40;0,017790;10,59;0,40;0,00;10,99;;
017;948;202607;202607;15011027;00; NENV;N;1058;660,10;0,017790;11,74;0,44;0,00;12,19;;
017;948;202607;202607;15011029;00; NENV;N;1030;649,80;0,017790;11,56;0,44;0,00;12,00;;
017;948;202607;202607;1501102C;00; NENV;N;3;1,60;0,017790;0,03;0,00;0,00;0,03;;
017;948;202607;202607;1601101M;00; NENV;N;5504;3504,40;0,017790;62,34;2,36;0,00;64,71;;
017;948;202607;202607;1601101Q;00; NENV;N;6642;4003,50;0,017790;71,22;2,70;0,00;73,92;;
017;948;202607;202607;1601101U;00; NENV;N;6326;3964,70;0,017790;70,53;2,67;0,00;73,20;;
017;948;202607;202607;1601101Z;00; NENV;N;6575;4112,70;0,017790;73,16;2,77;0,00;75,94;;
017;948;202607;202607;16011029;00; NENV;N;6456;3754,10;0,017790;66,79;2,53;0,00;69,32;;
017;948;202607;202607;1601102B;00; NENV;N;6659;4045,50;0,017790;71,97;2,73;0,00;74,70;;
017;948;202607;202607;1601102D;00; NENV;N;6452;3865,70;0,017790;68,77;2,61;0,00;71,38;;
017;948;202607;202607;1601102F;00; NENV;N;6363;4034,50;0,017790;71,77;2,72;0,00;74,49;;
017;948;202607;202607;1701000P;00; NENV;N;86;272,80;0,017790;4,85;0,18;0,00;5,04;;
017;948;202607;202607;1701000R;00; NENV;N;62;192,60;0,017790;3,43;0,13;0,00;3,56;;
017;948;202607;202607;1701000T;00; NENV;N;88;300,60;0,017790;5,35;0,20;0,00;5,55;;
017;948;202607;202607;1701000U;00; NENV;N;76;291,00;0,017790;5,18;0,20;0,00;5,37;;
017;948;202607;202607;1701101K;00; NENV;N;3386;2000,10;0,017790;35,58;1,35;0,00;36,93;;
017;948;202607;202607;1701101L;00; NENV;N;3932;2315,20;0,017790;41,19;1,56;0,00;42,75;;
017;948;202607;202607;1701101M;00; NENV;N;3985;2315,50;0,017790;41,19;1,56;0,00;42,75;;
017;948;202607;202607;1701101P;00; NENV;N;3828;2161,60;0,017790;38,45;1,46;0,00;39,91;;
017;948;202607;202607;1701101Z;00; NENV;N;3921;2235,30;0,017790;39,77;1,51;0,00;41,27;;
017;948;202607;202607;17011028;00; NENV;N;3902;2196,10;0,017790;39,07;1,48;0,00;40,55;;
017;948;202607;202607;17011029;00; NENV;N;3864;2290,00;0,017790;40,74;1,54;0,00;42,28;;
017;948;202607;202607;1701102D;00; NENV;N;3876;2386,70;0,017790;42,46;1,61;0,00;44,07;;
017;948;202607;202607;18011029;00; NENV;N;1151;659,20;0,017790;11,73;0,44;0,00;12,17;;
017;948;202607;202607;1801102D;00; NENV;N;1161;605,90;0,017790;10,78;0,41;0,00;11,19;;
017;948;202607;202607;1801102F;00; NENV;N;1170;639,20;0,017790;11,37;0,43;0,00;11,80;;
017;948;202607;202607;1801102J;00; NENV;N;1060;593,40;0,017790;10,56;0,40;0,00;10,96;;
017;948;202607;202607;1801102Q;00; NENV;N;1155;592,20;0,017790;10,54;0,40;0,00;10,93;;
017;948;202607;202607;1801102S;00; NENV;N;1115;597,30;0,017790;10,63;0,40;0,00;11,03;;
017;948;202607;202607;1801102U;00; NENV;N;1157;604,40;0,017790;10,75;0,41;0,00;11,16;;
017;948;202607;202607;1801102X;00; NENV;N;1220;715,70;0,017790;12,73;0,48;0,00;13,21;;
017;948;202607;202607;1901105H;00; NENV;N;3854;3331,90;0,017790;59,27;2,25;0,00;61,52;;
017;948;202607;202607;1901105I;00; NENV;N;3694;2913,60;0,017790;51,83;1,96;0,00;53,80;;
017;948;202607;202607;1901105K;00; NENV;N;3170;2656,10;0,017790;47,25;1,79;0,00;49,04;;
017;948;202607;202607;1901105M;00; NENV;N;3909;3274,60;0,017790;58,26;2,21;0,00;60,46;;
017;948;202607;202607;1901105O;00; NENV;N;3715;2756,90;0,017790;49,05;1,86;0,00;50,90;;
017;948;202607;202607;1901105Q;00; NENV;N;3706;3197,00;0,017790;56,87;2,15;0,00;59,03;;
017;948;202607;202607;1901105S;00; NENV;N;3748;3419,60;0,017790;60,83;2,30;0,00;63,14;;
017;948;202607;202607;1901105U;00; NENV;N;3707;3003,40;0,017790;53,43;2,02;0,00;55,45;;
017;948;202607;202607;12010009;00; NENV;R;39;192,70;0,012450;2,40;0,09;0,00;2,49;;
017;948;202607;202607;1201000B;00; NENV;R;46;152,90;0,012450;1,90;0,07;0,00;1,98;;
017;948;202607;202607;1201000D;00; NENV;R;34;118,90;0,012450;1,48;0,06;0,00;1,54;;
017;948;202607;202607;1201102F;00; NENV;R;2;2,90;0,012450;0,04;0,00;0,00;0,04;;
017;948;202607;202607;1201102P;00; NENV;R;2;1,00;0,012450;0,01;0,00;0,00;0,01;;
017;948;202607;202607;1201102R;00; NENV;R;1;0,50;0,012450;0,01;0,00;0,00;0,01;;
017;948;202607;202607;13011028;00; NENV;R;41;269,40;0,012450;3,35;0,13;0,00;3,48;;
017;948;202607;202607;1301102A;00; NENV;R;35;78,20;0,012450;0,97;0,04;0,00;1,01;;
017;948;202607;202607;1301102C;00; NENV;R;46;347,00;0,012450;4,32;0,16;0,00;4,48;;
017;948;202607;202607;1301102L;00; NENV;R;27;321,50;0,012450;4,00;0,15;0,00;4,15;;
017;948;202607;202607;1301102O;00; NENV;R;43;275,30;0,012450;3,43;0,13;0,00;3,56;;
017;948;202607;202607;1301102Q;00; NENV;R;29;199,20;0,012450;2,48;0,09;0,00;2,57;;
017;948;202607;202607;1301102R;00; NENV;R;33;116,50;0,012450;1,45;0,05;0,00;1,51;;
017;948;202607;202607;1401101U;00; NENV;R;23;214,80;0,012450;2,67;0,10;0,00;2,78;;
017;948;202607;202607;1401101Z;00; NENV;R;24;229,50;0,012450;2,86;0,11;0,00;2,97;;
017;948;202607;202607;14011024;00; NENV;R;18;75,40;0,012450;0,94;0,04;0,00;0,97;;
017;948;202607;202607;14011029;00; NENV;R;21;108,80;0,012450;1,35;0,05;0,00;1,41;;
017;948;202607;202607;1401102E;00; NENV;R;18;183,00;0,012450;2,28;0,09;0,00;2,36;;
017;948;202607;202607;1401102G;00; NENV;R;21;76,60;0,012450;0,95;0,04;0,00;0,99;;
017;948;202607;202607;1401102I;00; NENV;R;16;98,20;0,012450;1,22;0,05;0,00;1,27;;
017;948;202607;202607;1401102K;00; NENV;R;25;167,10;0,012450;2,08;0,08;0,00;2,16;;
017;948;202607;202607;1501101I;00; NENV;R;7;4,30;0,012450;0,05;0,00;0,00;0,06;;
017;948;202607;202607;1501101M;00; NENV;R;10;56,90;0,012450;0,71;0,03;0,00;0,74;;
017;948;202607;202607;1501101O;00; NENV;R;4;10,50;0,012450;0,13;0,00;0,00;0,14;;
017;948;202607;202607;1501101S;00; NENV;R;7;20,30;0,012450;0,25;0,01;0,00;0,26;;
017;948;202607;202607;15011023;00; NENV;R;5;9,60;0,012450;0,12;0,00;0,00;0,12;;
017;948;202607;202607;15011025;00; NENV;R;9;23,00;0,012450;0,29;0,01;0,00;0,30;;
017;948;202607;202607;15011027;00; NENV;R;5;2,80;0,012450;0,03;0,00;0,00;0,04;;
017;948;202607;202607;15011029;00; NENV;R;11;64,10;0,012450;0,80;0,03;0,00;0,83;;
017;948;202607;202607;1601101M;00; NENV;R;26;185,50;0,012450;2,31;0,09;0,00;2,40;;
017;948;202607;202607;1601101Q;00; NENV;R;27;237,90;0,012450;2,96;0,11;0,00;3,07;;
017;948;202607;202607;1601101U;00; NENV;R;27;96,30;0,012450;1,20;0,05;0,00;1,24;;
017;948;202607;202607;1601101Z;00; NENV;R;32;136,80;0,012450;1,70;0,06;0,00;1,77;;
017;948;202607;202607;16011029;00; NENV;R;35;278,60;0,012450;3,47;0,13;0,00;3,60;;
017;948;202607;202607;1601102B;00; NENV;R;27;72,40;0,012450;0,90;0,03;0,00;0,94;;
017;948;202607;202607;1601102D;00; NENV;R;31;140,30;0,012450;1,75;0,07;0,00;1,81;;
017;948;202607;202607;1601102F;00; NENV;R;25;170,10;0,012450;2,12;0,08;0,00;2,20;;
017;948;202607;202607;1701000P;00; NENV;R;10;21,70;0,012450;0,27;0,01;0,00;0,28;;
017;948;202607;202607;1701000R;00; NENV;R;8;131,20;0,012450;1,63;0,06;0,00;1,70;;
017;948;202607;202607;1701000T;00; NENV;R;4;18,40;0,012450;0,23;0,01;0,00;0,24;;
017;948;202607;202607;1701000U;00; NENV;R;8;47,30;0,012450;0,59;0,02;0,00;0,61;;
017;948;202607;202607;1701101K;00; NENV;R;98;196,20;0,012450;2,44;0,09;0,00;2,54;;
017;948;202607;202607;1701101L;00; NENV;R;87;136,50;0,012450;1,70;0,06;0,00;1,76;;
017;948;202607;202607;1701101M;00; NENV;R;80;105,70;0,012450;1,32;0,05;0,00;1,37;;
017;948;202607;202607;1701101P;00; NENV;R;97;65,90;0,012450;0,82;0,03;0,00;0,85;;
017;948;202607;202607;1701101Z;00; NENV;R;106;116,90;0,012450;1,46;0,06;0,00;1,51;;
017;948;202607;202607;17011028;00; NENV;R;64;40,40;0,012450;0,50;0,02;0,00;0,52;;
017;948;202607;202607;17011029;00; NENV;R;79;59,30;0,012450;0,74;0,03;0,00;0,77;;
017;948;202607;202607;1701102D;00; NENV;R;91;117,30;0,012450;1,46;0,06;0,00;1,52;;
017;948;202607;202607;18011029;00; NENV;R;1;0,50;0,012450;0,01;0,00;0,00;0,01;;
017;948;202607;202607;1801102D;00; NENV;R;1;0,50;0,012450;0,01;0,00;0,00;0,01;;
017;948;202607;202607;1801102J;00; NENV;R;1;0,50;0,012450;0,01;0,00;0,00;0,01;;
017;948;202607;202607;1801102Q;00; NENV;R;1;0,50;0,012450;0,01;0,00;0,00;0,01;;
017;948;202607;202607;1801102S;00; NENV;R;3;1,50;0,012450;0,02;0,00;0,00;0,02;;
017;948;202607;202607;1801102U;00; NENV;R;1;0,50;0,012450;0,01;0,00;0,00;0,01;;
017;948;202607;202607;1801102X;00; NENV;R;2;1,00;0,012450;0,01;0,00;0,00;0,01;;
017;948;202607;202607;1901105H;00; NENV;R;77;691,10;0,012450;8,60;0,33;0,00;8,93;;
017;948;202607;202607;1901105I;00; NENV;R;62;380,20;0,012450;4,73;0,18;0,00;4,91;;
017;948;202607;202607;1901105K;00; NENV;R;94;402,40;0,012450;5,01;0,19;0,00;5,20;;
017;948;202607;202607;1901105M;00; NENV;R;78;495,60;0,012450;6,17;0,23;0,00;6,40;;
017;948;202607;202607;1901105O;00; NENV;R;86;232,90;0,012450;2,90;0,11;0,00;3,01;;
017;948;202607;202607;1901105Q;00; NENV;R;79;241,50;0,012450;3,01;0,11;0,00;3,12;;
017;948;202607;202607;1901105S;00; NENV;R;84;238,40;0,012450;2,97;0,11;0,00;3,08;;
017;948;202607;202607;1901105U;00; NENV;R;93;457,60;0,012450;5,70;0,22;0,00;5,91;;
;;;;;01;;;210338;148562,30;;2595,19;98,29;0,00;2693,57;;
017;951;202607;202606;1201000J;00; NENV;N;1;2,50;0,017790;0,04;0,00;0,00;0,05;;
017;951;202607;202607;12010009;00; NENV;N;13;9,30;0,017790;0,17;0,01;0,00;0,17;;
017;951;202607;202607;1201000B;00; NENV;N;6;25,50;0,017790;0,45;0,02;0,00;0,47;;
017;951;202607;202607;1201000D;00; NENV;N;8;4,30;0,017790;0,08;0,00;0,00;0,08;;
017;951;202607;202607;1201000J;00; NENV;N;2;1,00;0,017790;0,02;0,00;0,00;0,02;;
017;951;202607;202607;1201000L;00; NENV;N;5;2,50;0,017790;0,04;0,00;0,00;0,05;;
017;951;202607;202607;1201000N;00; NENV;N;7;3,50;0,017790;0,06;0,00;0,00;0,06;;
017;951;202607;202607;1201102D;00; NENV;N;5060;2575,70;0,017790;45,82;1,74;0,00;47,56;;
017;951;202607;202607;1201102F;00; NENV;N;4778;2445,90;0,017790;43,51;1,65;0,00;45,16;;
017;951;202607;202607;1201102H;00; NENV;N;4741;2391,00;0,017790;42,54;1,61;0,00;44,15;;
017;951;202607;202607;1201102M;00; NENV;N;3773;1913,40;0,017790;34,04;1,29;0,00;35,33;;
017;951;202607;202607;1201102P;00; NENV;N;3672;1865,90;0,017790;33,19;1,26;0,00;34,45;;
017;951;202607;202607;1201102R;00; NENV;N;3592;1845,80;0,017790;32,84;1,24;0,00;34,08;;
017;951;202607;202607;1201102S;00; NENV;N;3714;1912,00;0,017790;34,01;1,29;0,00;35,30;;
017;951;202607;202607;13010007;00; NENV;N;4;2,00;0,017790;0,04;0,00;0,00;0,04;;
017;951;202607;202607;1301000B;00; NENV;N;2;1,00;0,017790;0,02;0,00;0,00;0,02;;
017;951;202607;202607;13011028;00; NENV;N;4500;2330,60;0,017790;41,46;1,57;0,00;43,03;;
017;951;202607;202607;1301102A;00; NENV;N;4374;2281,50;0,017790;40,59;1,54;0,00;42,13;;
017;951;202607;202607;1301102C;00; NENV;N;4454;2318,00;0,017790;41,24;1,56;0,00;42,80;;
017;951;202607;202607;1301102L;00; NENV;N;3269;1674,30;0,017790;29,79;1,13;0,00;30,91;;
017;951;202607;202607;1301102O;00; NENV;N;3394;1767,50;0,017790;31,44;1,19;0,00;32,64;;
017;951;202607;202607;1301102Q;00; NENV;N;3343;1742,40;0,017790;31,00;1,17;0,00;32,17;;
017;951;202607;202607;1301102R;00; NENV;N;3315;1759,20;0,017790;31,30;1,19;0,00;32,48;;
017;951;202607;202607;1401101U;00; NENV;N;2036;1048,60;0,017790;18,65;0,71;0,00;19,36;;
017;951;202607;202607;1401101Z;00; NENV;N;1679;888,50;0,017790;15,81;0,60;0,00;16,41;;
017;951;202607;202607;14011024;00; NENV;N;2053;1089,20;0,017790;19,38;0,73;0,00;20,11;;
017;951;202607;202607;14011029;00; NENV;N;2084;1100,00;0,017790;19,57;0,74;0,00;20,31;;
017;951;202607;202607;1401102E;00; NENV;N;2039;1036,30;0,017790;18,44;0,70;0,00;19,13;;
017;951;202607;202607;1401102G;00; NENV;N;2062;1066,70;0,017790;18,98;0,72;0,00;19,70;;
017;951;202607;202607;1401102I;00; NENV;N;2080;1066,00;0,017790;18,96;0,72;0,00;19,68;;
017;951;202607;202607;1401102K;00; NENV;N;1994;1069,20;0,017790;19,02;0,72;0,00;19,74;;
017;951;202607;202607;1501101I;00; NENV;N;915;492,30;0,017790;8,76;0,33;0,00;9,09;;
017;951;202607;202607;1501101M;00; NENV;N;682;357,40;0,017790;6,36;0,24;0,00;6,60;;
017;951;202607;202607;1501101O;00; NENV;N;892;511,30;0,017790;9,10;0,34;0,00;9,44;;
017;951;202607;202607;1501101S;00; NENV;N;943;473,40;0,017790;8,42;0,32;0,00;8,74;;
017;951;202607;202607;1501101U;00; NENV;N;1;0,50;0,017790;0,01;0,00;0,00;0,01;;
017;951;202607;202607;1501101X;00; NENV;N;1;0,50;0,017790;0,01;0,00;0,00;0,01;;
017;951;202607;202607;1501101Y;00; NENV;N;1;0,80;0,017790;0,01;0,00;0,00;0,01;;
017;951;202607;202607;15011023;00; NENV;N;876;456,30;0,017790;8,12;0,31;0,00;8,43;;
017;951;202607;202607;15011025;00; NENV;N;849;477,00;0,017790;8,49;0,32;0,00;8,81;;
017;951;202607;202607;15011027;00; NENV;N;912;473,10;0,017790;8,42;0,32;0,00;8,74;;
017;951;202607;202607;15011029;00; NENV;N;892;480,90;0,017790;8,56;0,32;0,00;8,88;;
017;951;202607;202607;1501102C;00; NENV;N;3;1,50;0,017790;0,03;0,00;0,00;0,03;;
017;951;202607;202607;1601101M;00; NENV;N;5772;3023,60;0,017790;53,79;2,04;0,00;55,83;;
017;951;202607;202607;1601101Q;00; NENV;N;6901;3671,40;0,017790;65,31;2,47;0,00;67,79;;
017;951;202607;202607;1601101U;00; NENV;N;6842;3546,60;0,017790;63,09;2,39;0,00;65,48;;
017;951;202607;202607;1601101Z;00; NENV;N;6939;3592,20;0,017790;63,91;2,42;0,00;66,33;;
017;951;202607;202607;16011029;00; NENV;N;6703;3518,70;0,017790;62,60;2,37;0,00;64,97;;
017;951;202607;202607;1601102B;00; NENV;N;7011;3605,00;0,017790;64,13;2,43;0,00;66,56;;
017;951;202607;202607;1601102D;00; NENV;N;6965;3569,30;0,017790;63,50;2,41;0,00;65,90;;
017;951;202607;202607;1601102F;00; NENV;N;6848;3556,40;0,017790;63,27;2,40;0,00;65,67;;
017;951;202607;202607;1701000P;00; NENV;N;4;2,00;0,017790;0,04;0,00;0,00;0,04;;
017;951;202607;202607;1701000R;00; NENV;N;3;1,50;0,017790;0,03;0,00;0,00;0,03;;
017;951;202607;202607;1701000T;00; NENV;N;6;3,00;0,017790;0,05;0,00;0,00;0,06;;
017;951;202607;202607;1701000U;00; NENV;N;4;2,00;0,017790;0,04;0,00;0,00;0,04;;
017;951;202607;202607;1701101K;00; NENV;N;3142;1624,80;0,017790;28,91;1,10;0,00;30,00;;
017;951;202607;202607;1701101L;00; NENV;N;3491;1795,00;0,017790;31,93;1,21;0,00;33,14;;
017;951;202607;202607;1701101M;00; NENV;N;3585;1870,10;0,017790;33,27;1,26;0,00;34,53;;
017;951;202607;202607;1701101P;00; NENV;N;3493;1784,50;0,017790;31,75;1,20;0,00;32,95;;
017;951;202607;202607;1701101Z;00; NENV;N;3675;1874,30;0,017790;33,34;1,26;0,00;34,61;;
017;951;202607;202607;17011028;00; NENV;N;3641;1943,40;0,017790;34,57;1,31;0,00;35,88;;
017;951;202607;202607;17011029;00; NENV;N;3529;1794,70;0,017790;31,93;1,21;0,00;33,14;;
017;951;202607;202607;1701102D;00; NENV;N;3586;1852,00;0,017790;32,95;1,25;0,00;34,20;;
017;951;202607;202607;18011029;00; NENV;N;1171;592,70;0,017790;10,54;0,40;0,00;10,94;;
017;951;202607;202607;1801102D;00; NENV;N;1162;605,10;0,017790;10,76;0,41;0,00;11,17;;
017;951;202607;202607;1801102F;00; NENV;N;1154;594,60;0,017790;10,58;0,40;0,00;10,98;;
017;951;202607;202607;1801102J;00; NENV;N;1034;530,90;0,017790;9,44;0,36;0,00;9,80;;
017;951;202607;202607;1801102Q;00; NENV;N;1104;568,20;0,017790;10,11;0,38;0,00;10,49;;
017;951;202607;202607;1801102S;00; NENV;N;1093;558,70;0,017790;9,94;0,38;0,00;10,32;;
017;951;202607;202607;1801102U;00; NENV;N;1251;637,40;0,017790;11,34;0,43;0,00;11,77;;
017;951;202607;202607;1801102X;00; NENV;N;1161;607,10;0,017790;10,80;0,41;0,00;11,21;;
017;951;202607;202607;1901105H;00; NENV;N;3269;1707,70;0,017790;30,38;1,15;0,00;31,53;;
017;951;202607;202607;1901105I;00; NENV;N;3230;1658,00;0,017790;29,50;1,12;0,00;30,61;;
017;951;202607;202607;1901105K;00; NENV;N;2560;1304,20;0,017790;23,20;0,88;0,00;24,08;;
017;951;202607;202607;1901105M;00; NENV;N;3284;1768,30;0,017790;31,46;1,19;0,00;32,65;;
017;951;202607;202607;1901105O;00; NENV;N;3139;1621,40;0,017790;28,84;1,09;0,00;29,94;;
017;951;202607;202607;1901105Q;00; NENV;N;3234;1663,40;0,017790;29,59;1,12;0,00;30,71;;
017;951;202607;202607;1901105S;00; NENV;N;3185;1613,50;0,017790;28,70;1,09;0,00;29,79;;
017;951;202607;202607;1901105U;00; NENV;N;3176;1627,90;0,017790;28,96;1,10;0,00;30,06;;
017;951;202607;202607;1201102D;00; NENV;R;1;0,60;0,012450;0,01;0,00;0,00;0,01;;
017;951;202607;202607;1201102F;00; NENV;R;4;13,10;0,012450;0,16;0,01;0,00;0,17;;
017;951;202607;202607;1201102H;00; NENV;R;1;3,90;0,012450;0,05;0,00;0,00;0,05;;
017;951;202607;202607;1201102M;00; NENV;R;4;2,10;0,012450;0,03;0,00;0,00;0,03;;
017;951;202607;202607;1201102P;00; NENV;R;1;1,80;0,012450;0,02;0,00;0,00;0,02;;
017;951;202607;202607;1201102R;00; NENV;R;2;14,30;0,012450;0,18;0,01;0,00;0,18;;
017;951;202607;202607;1201102S;00; NENV;R;3;1,50;0,012450;0,02;0,00;0,00;0,02;;
017;951;202607;202607;1301102A;00; NENV;R;2;1,00;0,012450;0,01;0,00;0,00;0,01;;
017;951;202607;202607;1301102O;00; NENV;R;1;0,50;0,012450;0,01;0,00;0,00;0,01;;
017;951;202607;202607;1301102Q;00; NENV;R;2;13,30;0,012450;0,17;0,01;0,00;0,17;;
017;951;202607;202607;1401101U;00; NENV;R;4;2,00;0,012450;0,02;0,00;0,00;0,03;;
017;951;202607;202607;14011024;00; NENV;R;2;6,00;0,012450;0,07;0,00;0,00;0,08;;
017;951;202607;202607;14011029;00; NENV;R;1;0,50;0,012450;0,01;0,00;0,00;0,01;;
017;951;202607;202607;1401102E;00; NENV;R;1;1,20;0,012450;0,01;0,00;0,00;0,02;;
017;951;202607;202607;1401102G;00; NENV;R;1;0,50;0,012450;0,01;0,00;0,00;0,01;;
017;951;202607;202607;1401102I;00; NENV;R;2;1,00;0,012450;0,01;0,00;0,00;0,01;;
017;951;202607;202607;1401102K;00; NENV;R;1;0,50;0,012450;0,01;0,00;0,00;0,01;;
017;951;202607;202607;1501101I;00; NENV;R;1;45,20;0,012450;0,56;0,02;0,00;0,58;;
017;951;202607;202607;1501101O;00; NENV;R;1;0,60;0,012450;0,01;0,00;0,00;0,01;;
017;951;202607;202607;1601101M;00; NENV;R;94;48,40;0,012450;0,60;0,02;0,00;0,63;;
017;951;202607;202607;1601101Q;00; NENV;R;117;59,60;0,012450;0,74;0,03;0,00;0,77;;
017;951;202607;202607;1601101U;00; NENV;R;111;60,30;0,012450;0,75;0,03;0,00;0,78;;
017;951;202607;202607;1601101Z;00; NENV;R;120;62,40;0,012450;0,78;0,03;0,00;0,81;;
017;951;202607;202607;16011029;00; NENV;R;93;49,00;0,012450;0,61;0,02;0,00;0,63;;
017;951;202607;202607;1601102B;00; NENV;R;102;55,00;0,012450;0,68;0,03;0,00;0,71;;
017;951;202607;202607;1601102D;00; NENV;R;130;66,50;0,012450;0,83;0,03;0,00;0,86;;
017;951;202607;202607;1601102F;00; NENV;R;116;60,70;0,012450;0,76;0,03;0,00;0,78;;
017;951;202607;202607;1701101K;00; NENV;R;1;0,60;0,012450;0,01;0,00;0,00;0,01;;
017;951;202607;202607;1701101L;00; NENV;R;2;1,20;0,012450;0,01;0,00;0,00;0,02;;
017;951;202607;202607;1701101Z;00; NENV;R;1;0,90;0,012450;0,01;0,00;0,00;0,01;;
017;951;202607;202607;1801102J;00; NENV;R;1;0,60;0,012450;0,01;0,00;0,00;0,01;;
017;951;202607;202607;1801102S;00; NENV;R;1;6,80;0,012450;0,08;0,00;0,00;0,09;;
017;951;202607;202607;1801102X;00; NENV;R;1;0,50;0,012450;0,01;0,00;0,00;0,01;;
017;951;202607;202607;1901105H;00; NENV;R;6;3,10;0,012450;0,04;0,00;0,00;0,04;;
017;951;202607;202607;1901105I;00; NENV;R;6;3,10;0,012450;0,04;0,00;0,00;0,04;;
017;951;202607;202607;1901105K;00; NENV;R;9;6,30;0,012450;0,08;0,00;0,00;0,08;;
017;951;202607;202607;1901105M;00; NENV;R;1;0,50;0,012450;0,01;0,00;0,00;0,01;;
017;951;202607;202607;1901105O;00; NENV;R;8;4,40;0,012450;0,05;0,00;0,00;0,06;;
017;951;202607;202607;1901105Q;00; NENV;R;8;4,00;0,012450;0,05;0,00;0,00;0,05;;
017;951;202607;202607;1901105S;00; NENV;R;4;2,10;0,012450;0,03;0,00;0,00;0,03;;
017;951;202607;202607;1901105U;00; NENV;R;3;1,50;0,012450;0,02;0,00;0,00;0,02;;
;;;;;01;;;196338;101861,00;;1808,91;68,51;0,00;1877,46;;
017;953;202607;202607;1201000L;00; NENV;N;1;0,50;0,017790;0,01;0,00;0,00;0,01;;
017;953;202607;202607;1201000N;00; NENV;N;2;1,00;0,017790;0,02;0,00;0,00;0,02;;
017;953;202607;202607;1201102D;00; NENV;N;689;347,80;0,017790;6,19;0,23;0,00;6,42;;
017;953;202607;202607;1201102F;00; NENV;N;683;347,40;0,017790;6,18;0,23;0,00;6,41;;
017;953;202607;202607;1201102H;00; NENV;N;706;355,10;0,017790;6,32;0,24;0,00;6,56;;
017;953;202607;202607;1201102M;00; NENV;N;544;272,60;0,017790;4,85;0,18;0,00;5,03;;
017;953;202607;202607;1201102P;00; NENV;N;497;248,80;0,017790;4,43;0,17;0,00;4,59;;
017;953;202607;202607;1201102R;00; NENV;N;544;273,50;0,017790;4,87;0,18;0,00;5,05;;
017;953;202607;202607;1201102S;00; NENV;N;521;260,70;0,017790;4,64;0,18;0,00;4,81;;
017;953;202607;202607;13011028;00; NENV;N;620;314,00;0,017790;5,59;0,21;0,00;5,80;;
017;953;202607;202607;1301102A;00; NENV;N;594;297,70;0,017790;5,30;0,20;0,00;5,50;;
017;953;202607;202607;1301102C;00; NENV;N;646;323,30;0,017790;5,75;0,22;0,00;5,97;;
017;953;202607;202607;1301102L;00; NENV;N;463;232,10;0,017790;4,13;0,16;0,00;4,29;;
017;953;202607;202607;1301102O;00; NENV;N;485;244,40;0,017790;4,35;0,16;0,00;4,51;;
017;953;202607;202607;1301102Q;00; NENV;N;458;229,30;0,017790;4,08;0,15;0,00;4,23;;
017;953;202607;202607;1301102R;00; NENV;N;449;226,90;0,017790;4,04;0,15;0,00;4,19;;
017;953;202607;202607;1401101U;00; NENV;N;262;139,60;0,017790;2,48;0,09;0,00;2,58;;
017;953;202607;202607;1401101Z;00; NENV;N;229;114,70;0,017790;2,04;0,08;0,00;2,12;;
017;953;202607;202607;14011024;00; NENV;N;312;156,20;0,017790;2,78;0,11;0,00;2,88;;
017;953;202607;202607;14011029;00; NENV;N;277;138,90;0,017790;2,47;0,09;0,00;2,56;;
017;953;202607;202607;1401102E;00; NENV;N;283;142,60;0,017790;2,54;0,10;0,00;2,63;;
017;953;202607;202607;1401102G;00; NENV;N;257;128,50;0,017790;2,29;0,09;0,00;2,37;;
017;953;202607;202607;1401102I;00; NENV;N;279;159,60;0,017790;2,84;0,11;0,00;2,95;;
017;953;202607;202607;1401102K;00; NENV;N;279;139,70;0,017790;2,49;0,09;0,00;2,58;;
017;953;202607;202607;1501101I;00; NENV;N;115;57,70;0,017790;1,03;0,04;0,00;1,07;;
017;953;202607;202607;1501101M;00; NENV;N;92;46,00;0,017790;0,82;0,03;0,00;0,85;;
017;953;202607;202607;1501101O;00; NENV;N;118;60,80;0,017790;1,08;0,04;0,00;1,12;;
017;953;202607;202607;1501101S;00; NENV;N;130;65,00;0,017790;1,16;0,04;0,00;1,20;;
017;953;202607;202607;15011023;00; NENV;N;106;53,00;0,017790;0,94;0,04;0,00;0,98;;
017;953;202607;202607;15011025;00; NENV;N;101;50,50;0,017790;0,90;0,03;0,00;0,93;;
017;953;202607;202607;15011027;00; NENV;N;116;58,00;0,017790;1,03;0,04;0,00;1,07;;
017;953;202607;202607;15011029;00; NENV;N;122;61,20;0,017790;1,09;0,04;0,00;1,13;;
017;953;202607;202607;1601101M;00; NENV;N;730;367,10;0,017790;6,53;0,25;0,00;6,78;;
017;953;202607;202607;1601101Q;00; NENV;N;891;446,50;0,017790;7,94;0,30;0,00;8,24;;
017;953;202607;202607;1601101U;00; NENV;N;818;411,90;0,017790;7,33;0,28;0,00;7,61;;
017;953;202607;202607;1601101Z;00; NENV;N;832;418,50;0,017790;7,45;0,28;0,00;7,73;;
017;953;202607;202607;16011029;00; NENV;N;799;400,40;0,017790;7,12;0,27;0,00;7,39;;
017;953;202607;202607;1601102B;00; NENV;N;824;413,60;0,017790;7,36;0,28;0,00;7,64;;
017;953;202607;202607;1601102D;00; NENV;N;909;468,50;0,017790;8,33;0,32;0,00;8,65;;
017;953;202607;202607;1601102F;00; NENV;N;880;444,90;0,017790;7,91;0,30;0,00;8,21;;
017;953;202607;202607;1701000R;00; NENV;N;1;0,50;0,017790;0,01;0,00;0,00;0,01;;
017;953;202607;202607;1701000T;00; NENV;N;1;0,50;0,017790;0,01;0,00;0,00;0,01;;
017;953;202607;202607;1701101K;00; NENV;N;443;228,30;0,017790;4,06;0,15;0,00;4,22;;
017;953;202607;202607;1701101L;00; NENV;N;496;249,00;0,017790;4,43;0,17;0,00;4,60;;
017;953;202607;202607;1701101M;00; NENV;N;504;252,70;0,017790;4,50;0,17;0,00;4,67;;
017;953;202607;202607;1701101P;00; NENV;N;479;240,20;0,017790;4,27;0,16;0,00;4,44;;
017;953;202607;202607;1701101Z;00; NENV;N;531;265,80;0,017790;4,73;0,18;0,00;4,91;;
017;953;202607;202607;17011028;00; NENV;N;489;245,30;0,017790;4,36;0,17;0,00;4,53;;
017;953;202607;202607;17011029;00; NENV;N;464;232,00;0,017790;4,13;0,16;0,00;4,28;;
017;953;202607;202607;1701102D;00; NENV;N;481;245,70;0,017790;4,37;0,17;0,00;4,54;;
017;953;202607;202607;18011029;00; NENV;N;168;84,00;0,017790;1,49;0,06;0,00;1,55;;
017;953;202607;202607;1801102D;00; NENV;N;183;91,50;0,017790;1,63;0,06;0,00;1,69;;
017;953;202607;202607;1801102F;00; NENV;N;181;90,50;0,017790;1,61;0,06;0,00;1,67;;
017;953;202607;202607;1801102J;00; NENV;N;156;78,40;0,017790;1,39;0,05;0,00;1,45;;
017;953;202607;202607;1801102Q;00; NENV;N;142;71,00;0,017790;1,26;0,05;0,00;1,31;;
017;953;202607;202607;1801102S;00; NENV;N;152;76,40;0,017790;1,36;0,05;0,00;1,41;;
017;953;202607;202607;1801102U;00; NENV;N;162;81,00;0,017790;1,44;0,05;0,00;1,50;;
017;953;202607;202607;1801102X;00; NENV;N;147;73,70;0,017790;1,31;0,05;0,00;1,36;;
017;953;202607;202607;1901105H;00; NENV;N;476;238,50;0,017790;4,24;0,16;0,00;4,40;;
017;953;202607;202607;1901105I;00; NENV;N;422;211,30;0,017790;3,76;0,14;0,00;3,90;;
017;953;202607;202607;1901105K;00; NENV;N;384;192,20;0,017790;3,42;0,13;0,00;3,55;;
017;953;202607;202607;1901105M;00; NENV;N;445;223,30;0,017790;3,97;0,15;0,00;4,12;;
017;953;202607;202607;1901105O;00; NENV;N;443;232,50;0,017790;4,14;0,16;0,00;4,29;;
017;953;202607;202607;1901105Q;00; NENV;N;415;207,90;0,017790;3,70;0,14;0,00;3,84;;
017;953;202607;202607;1901105S;00; NENV;N;427;215,50;0,017790;3,83;0,15;0,00;3,98;;
017;953;202607;202607;1901105U;00; NENV;N;449;224,90;0,017790;4,00;0,15;0,00;4,15;;
017;953;202607;202607;1401102K;00; NENV;R;1;0,50;0,012450;0,01;0,00;0,00;0,01;;
;;;;;01;;;26305;13271,60;;236,13;8,94;0,00;245,05;;
017;960;202607;202607;12010009;00; NENV;N;313;716,80;0,017790;12,75;0,48;0,00;13,23;;
017;960;202607;202607;1201000B;00; NENV;N;325;1007,70;0,017790;17,93;0,68;0,00;18,61;;
017;960;202607;202607;1201000D;00; NENV;N;375;949,40;0,017790;16,89;0,64;0,00;17,53;;
017;960;202607;202607;1201000J;00; NENV;N;2;1,00;0,017790;0,02;0,00;0,00;0,02;;
017;960;202607;202607;1201000L;00; NENV;N;2;1,00;0,017790;0,02;0,00;0,00;0,02;;
017;960;202607;202607;1201000N;00; NENV;N;3;1,50;0,017790;0,03;0,00;0,00;0,03;;
017;960;202607;202607;1201102D;00; NENV;N;2105;1102,60;0,017790;19,62;0,74;0,00;20,36;;
017;960;202607;202607;1201102F;00; NENV;N;2020;1045,70;0,017790;18,60;0,70;0,00;19,31;;
017;960;202607;202607;1201102H;00; NENV;N;2012;1121,60;0,017790;19,95;0,76;0,00;20,71;;
017;960;202607;202607;1201102M;00; NENV;N;1497;749,90;0,017790;13,34;0,51;0,00;13,85;;
017;960;202607;202607;1201102P;00; NENV;N;1593;828,10;0,017790;14,73;0,56;0,00;15,29;;
017;960;202607;202607;1201102R;00; NENV;N;1509;756,60;0,017790;13,46;0,51;0,00;13,97;;
017;960;202607;202607;1201102S;00; NENV;N;1585;863,10;0,017790;15,35;0,58;0,00;15,94;;
017;960;202607;202607;13010007;00; NENV;N;1;0,50;0,017790;0,01;0,00;0,00;0,01;;
017;960;202607;202607;13011028;00; NENV;N;5156;2952,20;0,017790;52,52;1,99;0,00;54,51;;
017;960;202607;202607;1301102A;00; NENV;N;5137;2735,60;0,017790;48,67;1,84;0,00;50,51;;
017;960;202607;202607;1301102C;00; NENV;N;5382;2904,10;0,017790;51,66;1,96;0,00;53,62;;
017;960;202607;202607;1301102L;00; NENV;N;3964;2166,70;0,017790;38,55;1,46;0,00;40,01;;
017;960;202607;202607;1301102O;00; NENV;N;3947;2161,80;0,017790;38,46;1,46;0,00;39,92;;
017;960;202607;202607;1301102Q;00; NENV;N;3908;2208,30;0,017790;39,29;1,49;0,00;40,77;;
017;960;202607;202607;1301102R;00; NENV;N;3950;2295,80;0,017790;40,84;1,55;0,00;42,39;;
017;960;202607;202607;1401101U;00; NENV;N;3356;1970,00;0,017790;35,05;1,33;0,00;36,37;;
017;960;202607;202607;1401101Z;00; NENV;N;3255;1817,80;0,017790;32,34;1,23;0,00;33,56;;
017;960;202607;202607;14011024;00; NENV;N;3489;2066,50;0,017790;36,76;1,39;0,00;38,16;;
017;960;202607;202607;14011029;00; NENV;N;3476;1932,40;0,017790;34,38;1,30;0,00;35,68;;
017;960;202607;202607;1401102E;00; NENV;N;3501;2081,40;0,017790;37,03;1,40;0,00;38,43;;
017;960;202607;202607;1401102G;00; NENV;N;3528;2059,20;0,017790;36,63;1,39;0,00;38,02;;
017;960;202607;202607;1401102I;00; NENV;N;3546;2263,90;0,017790;40,27;1,53;0,00;41,80;;
017;960;202607;202607;1401102K;00; NENV;N;3412;2036,60;0,017790;36,23;1,37;0,00;37,60;;
017;960;202607;202607;1501101I;00; NENV;N;404;314,90;0,017790;5,60;0,21;0,00;5,81;;
017;960;202607;202607;1501101M;00; NENV;N;324;225,30;0,017790;4,01;0,15;0,00;4,16;;
017;960;202607;202607;1501101O;00; NENV;N;474;490,80;0,017790;8,73;0,33;0,00;9,06;;
017;960;202607;202607;1501101S;00; NENV;N;454;372,00;0,017790;6,62;0,25;0,00;6,87;;
017;960;202607;202607;1501101Y;00; NENV;N;1;0,50;0,017790;0,01;0,00;0,00;0,01;;
017;960;202607;202607;15011020;00; NENV;N;1;0,50;0,017790;0,01;0,00;0,00;0,01;;
017;960;202607;202607;15011023;00; NENV;N;400;439,10;0,017790;7,81;0,30;0,00;8,11;;
017;960;202607;202607;15011025;00; NENV;N;439;429,50;0,017790;7,64;0,29;0,00;7,93;;
017;960;202607;202607;15011027;00; NENV;N;464;477,90;0,017790;8,50;0,32;0,00;8,82;;
017;960;202607;202607;15011029;00; NENV;N;412;409,70;0,017790;7,29;0,28;0,00;7,56;;
017;960;202607;202607;1601101M;00; NENV;N;2744;2731,20;0,017790;48,59;1,84;0,00;50,43;;
017;960;202607;202607;1601101Q;00; NENV;N;3170;3061,70;0,017790;54,47;2,06;0,00;56,53;;
017;960;202607;202607;1601101U;00; NENV;N;3170;3040,70;0,017790;54,09;2,05;0,00;56,14;;
017;960;202607;202607;1601101Z;00; NENV;N;3262;3208,30;0,017790;57,08;2,16;0,00;59,24;;
017;960;202607;202607;16011029;00; NENV;N;3112;2971,20;0,017790;52,86;2,00;0,00;54,86;;
017;960;202607;202607;1601102B;00; NENV;N;3162;3085,00;0,017790;54,88;2,08;0,00;56,96;;
017;960;202607;202607;1601102D;00; NENV;N;3261;3179,80;0,017790;56,57;2,14;0,00;58,71;;
017;960;202607;202607;1601102F;00; NENV;N;3231;3054,80;0,017790;54,34;2,06;0,00;56,40;;
017;960;202607;202607;1701000P;00; NENV;N;127;649,50;0,017790;11,55;0,44;0,00;11,99;;
017;960;202607;202607;1701000R;00; NENV;N;114;442,60;0,017790;7,87;0,30;0,00;8,17;;
017;960;202607;202607;1701000T;00; NENV;N;114;504,60;0,017790;8,98;0,34;0,00;9,32;;
017;960;202607;202607;1701000U;00; NENV;N;112;486,00;0,017790;8,65;0,33;0,00;8,97;;
017;960;202607;202607;1701101K;00; NENV;N;2904;2175,00;0,017790;38,69;1,47;0,00;40,16;;
017;960;202607;202607;1701101L;00; NENV;N;3055;2208,30;0,017790;39,29;1,49;0,00;40,77;;
017;960;202607;202607;1701101M;00; NENV;N;3157;2532,10;0,017790;45,05;1,71;0,00;46,75;;
017;960;202607;202607;1701101P;00; NENV;N;3087;2190,40;0,017790;38,97;1,48;0,00;40,44;;
017;960;202607;202607;1701101Z;00; NENV;N;3129;2125,80;0,017790;37,82;1,43;0,00;39,25;;
017;960;202607;202607;17011028;00; NENV;N;3079;2056,50;0,017790;36,59;1,39;0,00;37,97;;
017;960;202607;202607;17011029;00; NENV;N;3124;2152,50;0,017790;38,29;1,45;0,00;39,74;;
017;960;202607;202607;1701102D;00; NENV;N;3256;2290,70;0,017790;40,75;1,54;0,00;42,30;;
017;960;202607;202607;18011029;00; NENV;N;520;306,50;0,017790;5,45;0,21;0,00;5,66;;
017;960;202607;202607;1801102D;00; NENV;N;496;269,30;0,017790;4,79;0,18;0,00;4,97;;
017;960;202607;202607;1801102F;00; NENV;N;509;273,50;0,017790;4,87;0,18;0,00;5,05;;
017;960;202607;202607;1801102J;00; NENV;N;461;240,70;0,017790;4,28;0,16;0,00;4,44;;
017;960;202607;202607;1801102Q;00; NENV;N;504;278,40;0,017790;4,95;0,19;0,00;5,14;;
017;960;202607;202607;1801102S;00; NENV;N;499;259,50;0,017790;4,62;0,17;0,00;4,79;;
017;960;202607;202607;1801102U;00; NENV;N;521;271,80;0,017790;4,84;0,18;0,00;5,02;;
017;960;202607;202607;1801102X;00; NENV;N;506;273,60;0,017790;4,87;0,18;0,00;5,05;;
017;960;202607;202607;1901105H;00; NENV;N;4259;2959,60;0,017790;52,65;1,99;0,00;54,65;;
017;960;202607;202607;1901105I;00; NENV;N;4132;3037,60;0,017790;54,04;2,05;0,00;56,09;;
017;960;202607;202607;1901105K;00; NENV;N;3984;2659,60;0,017790;47,31;1,79;0,00;49,11;;
017;960;202607;202607;1901105M;00; NENV;N;4173;2900,40;0,017790;51,60;1,95;0,00;53,55;;
017;960;202607;202607;1901105O;00; NENV;N;4098;2689,20;0,017790;47,84;1,81;0,00;49,65;;
017;960;202607;202607;1901105Q;00; NENV;N;4096;2876,00;0,017790;51,16;1,94;0,00;53,10;;
017;960;202607;202607;1901105S;00; NENV;N;4156;2873,70;0,017790;51,12;1,94;0,00;53,06;;
017;960;202607;202607;1901105U;00; NENV;N;4152;2644,50;0,017790;47,05;1,78;0,00;48,83;;
017;960;202607;202607;12010009;00; NENV;R;35;233,00;0,012450;2,90;0,11;0,00;3,01;;
017;960;202607;202607;1201000B;00; NENV;R;29;299,80;0,012450;3,73;0,14;0,00;3,87;;
017;960;202607;202607;1201000D;00; NENV;R;21;19,10;0,012450;0,24;0,01;0,00;0,25;;
017;960;202607;202607;1201102D;00; NENV;R;1;0,50;0,012450;0,01;0,00;0,00;0,01;;
017;960;202607;202607;1201102F;00; NENV;R;1;0,50;0,012450;0,01;0,00;0,00;0,01;;
017;960;202607;202607;13011028;00; NENV;R;12;23,30;0,012450;0,29;0,01;0,00;0,30;;
017;960;202607;202607;1301102A;00; NENV;R;18;39,90;0,012450;0,50;0,02;0,00;0,52;;
017;960;202607;202607;1301102C;00; NENV;R;15;33,50;0,012450;0,42;0,02;0,00;0,43;;
017;960;202607;202607;1301102L;00; NENV;R;13;39,60;0,012450;0,49;0,02;0,00;0,51;;
017;960;202607;202607;1301102O;00; NENV;R;8;101,90;0,012450;1,27;0,05;0,00;1,32;;
017;960;202607;202607;1301102Q;00; NENV;R;7;41,60;0,012450;0,52;0,02;0,00;0,54;;
017;960;202607;202607;1301102R;00; NENV;R;16;45,20;0,012450;0,56;0,02;0,00;0,58;;
017;960;202607;202607;1401101U;00; NENV;R;21;149,30;0,012450;1,86;0,07;0,00;1,93;;
017;960;202607;202607;1401101Z;00; NENV;R;17;35,90;0,012450;0,45;0,02;0,00;0,46;;
017;960;202607;202607;14011024;00; NENV;R;16;105,10;0,012450;1,31;0,05;0,00;1,36;;
017;960;202607;202607;14011029;00; NENV;R;27;148,50;0,012450;1,85;0,07;0,00;1,92;;
017;960;202607;202607;1401102E;00; NENV;R;18;66,30;0,012450;0,83;0,03;0,00;0,86;;
017;960;202607;202607;1401102G;00; NENV;R;18;148,40;0,012450;1,85;0,07;0,00;1,92;;
017;960;202607;202607;1401102I;00; NENV;R;24;141,10;0,012450;1,76;0,07;0,00;1,82;;
017;960;202607;202607;1401102K;00; NENV;R;19;21,10;0,012450;0,26;0,01;0,00;0,27;;
017;960;202607;202607;1501101I;00; NENV;R;10;33,20;0,012450;0,41;0,02;0,00;0,43;;
017;960;202607;202607;1501101M;00; NENV;R;10;19,00;0,012450;0,24;0,01;0,00;0,25;;
017;960;202607;202607;1501101O;00; NENV;R;10;33,60;0,012450;0,42;0,02;0,00;0,43;;
017;960;202607;202607;1501101S;00; NENV;R;7;4,80;0,012450;0,06;0,00;0,00;0,06;;
017;960;202607;202607;15011023;00; NENV;R;11;23,10;0,012450;0,29;0,01;0,00;0,30;;
017;960;202607;202607;15011025;00; NENV;R;17;82,20;0,012450;1,02;0,04;0,00;1,06;;
017;960;202607;202607;15011027;00; NENV;R;12;8,60;0,012450;0,11;0,00;0,00;0,11;;
017;960;202607;202607;15011029;00; NENV;R;12;20,00;0,012450;0,25;0,01;0,00;0,26;;
017;960;202607;202607;1601101M;00; NENV;R;72;407,00;0,012450;5,07;0,19;0,00;5,26;;
017;960;202607;202607;1601101Q;00; NENV;R;64;319,30;0,012450;3,98;0,15;0,00;4,13;;
017;960;202607;202607;1601101U;00; NENV;R;64;387,00;0,012450;4,82;0,18;0,00;5,00;;
017;960;202607;202607;1601101Z;00; NENV;R;64;264,70;0,012450;3,30;0,12;0,00;3,42;;
017;960;202607;202607;16011029;00; NENV;R;64;262,80;0,012450;3,27;0,12;0,00;3,40;;
017;960;202607;202607;1601102B;00; NENV;R;62;292,40;0,012450;3,64;0,14;0,00;3,78;;
017;960;202607;202607;1601102D;00; NENV;R;68;340,30;0,012450;4,24;0,16;0,00;4,40;;
017;960;202607;202607;1601102F;00; NENV;R;66;446,90;0,012450;5,56;0,21;0,00;5,77;;
017;960;202607;202607;1701000P;00; NENV;R;14;71,70;0,012450;0,89;0,03;0,00;0,93;;
017;960;202607;202607;1701000R;00; NENV;R;11;98,50;0,012450;1,23;0,05;0,00;1,27;;
017;960;202607;202607;1701000T;00; NENV;R;10;138,20;0,012450;1,72;0,07;0,00;1,79;;
017;960;202607;202607;1701000U;00; NENV;R;17;263,90;0,012450;3,29;0,12;0,00;3,41;;
017;960;202607;202607;1701101K;00; NENV;R;38;425,00;0,012450;5,29;0,20;0,00;5,49;;
017;960;202607;202607;1701101L;00; NENV;R;38;276,10;0,012450;3,44;0,13;0,00;3,57;;
017;960;202607;202607;1701101M;00; NENV;R;36;336,20;0,012450;4,19;0,16;0,00;4,34;;
017;960;202607;202607;1701101P;00; NENV;R;41;482,10;0,012450;6,00;0,23;0,00;6,23;;
017;960;202607;202607;1701101Z;00; NENV;R;44;302,30;0,012450;3,76;0,14;0,00;3,91;;
017;960;202607;202607;17011028;00; NENV;R;43;274,20;0,012450;3,41;0,13;0,00;3,54;;
017;960;202607;202607;17011029;00; NENV;R;56;358,70;0,012450;4,47;0,17;0,00;4,63;;
017;960;202607;202607;1701102D;00; NENV;R;41;405,60;0,012450;5,05;0,19;0,00;5,24;;
017;960;202607;202607;1801102D;00; NENV;R;1;0,50;0,012450;0,01;0,00;0,00;0,01;;
017;960;202607;202607;1801102F;00; NENV;R;3;14,50;0,012450;0,18;0,01;0,00;0,19;;
017;960;202607;202607;1801102J;00; NENV;R;2;4,50;0,012450;0,06;0,00;0,00;0,06;;
017;960;202607;202607;1801102Q;00; NENV;R;2;2,90;0,012450;0,04;0,00;0,00;0,04;;
017;960;202607;202607;1801102S;00; NENV;R;2;1,80;0,012450;0,02;0,00;0,00;0,02;;
017;960;202607;202607;1801102U;00; NENV;R;1;0,50;0,012450;0,01;0,00;0,00;0,01;;
017;960;202607;202607;1801102X;00; NENV;R;1;0,50;0,012450;0,01;0,00;0,00;0,01;;
017;960;202607;202607;1901105H;00; NENV;R;68;683,70;0,012450;8,51;0,32;0,00;8,83;;
017;960;202607;202607;1901105I;00; NENV;R;66;923,80;0,012450;11,50;0,44;0,00;11,94;;
017;960;202607;202607;1901105K;00; NENV;R;78;396,90;0,012450;4,94;0,19;0,00;5,13;;
017;960;202607;202607;1901105M;00; NENV;R;75;248,60;0,012450;3,10;0,12;0,00;3,21;;
017;960;202607;202607;1901105O;00; NENV;R;68;188,90;0,012450;2,35;0,09;0,00;2,44;;
017;960;202607;202607;1901105Q;00; NENV;R;62;404,40;0,012450;5,03;0,19;0,00;5,23;;
017;960;202607;202607;1901105S;00; NENV;R;73;502,60;0,012450;6,26;0,24;0,00;6,49;;
017;960;202607;202607;1901105U;00; NENV;R;66;170,70;0,012450;2,13;0,08;0,00;2,21;;
;;;;;01;;;165064;126534,40;;2189,10;82,93;0,00;2271,95;;
017;961;202607;202607;12010009;00; NENV;N;320;1104,50;0,017790;19,65;0,74;0,00;20,39;;
017;961;202607;202607;1201000B;00; NENV;N;290;1336,70;0,017790;23,78;0,90;0,00;24,68;;
017;961;202607;202607;1201000D;00; NENV;N;307;1098,60;0,017790;19,54;0,74;0,00;20,28;;
017;961;202607;202607;1201102D;00; NENV;N;916;579,80;0,017790;10,31;0,39;0,00;10,71;;
017;961;202607;202607;1201102F;00; NENV;N;835;543,50;0,017790;9,67;0,37;0,00;10,04;;
017;961;202607;202607;1201102H;00; NENV;N;868;486,10;0,017790;8,65;0,33;0,00;8,98;;
017;961;202607;202607;1201102M;00; NENV;N;696;382,10;0,017790;6,80;0,26;0,00;7,06;;
017;961;202607;202607;1201102P;00; NENV;N;729;425,70;0,017790;7,57;0,29;0,00;7,86;;
017;961;202607;202607;1201102R;00; NENV;N;665;419,20;0,017790;7,46;0,28;0,00;7,74;;
017;961;202607;202607;1201102S;00; NENV;N;672;375,60;0,017790;6,68;0,25;0,00;6,94;;
017;961;202607;202607;13011028;00; NENV;N;1277;1096,60;0,017790;19,51;0,74;0,00;20,25;;
017;961;202607;202607;1301102A;00; NENV;N;1291;1095,90;0,017790;19,50;0,74;0,00;20,23;;
017;961;202607;202607;1301102C;00; NENV;N;1384;1093,20;0,017790;19,45;0,74;0,00;20,18;;
017;961;202607;202607;1301102L;00; NENV;N;961;762,10;0,017790;13,56;0,51;0,00;14,07;;
017;961;202607;202607;1301102O;00; NENV;N;994;807,20;0,017790;14,36;0,54;0,00;14,90;;
017;961;202607;202607;1301102Q;00; NENV;N;976;952,60;0,017790;16,95;0,64;0,00;17,59;;
017;961;202607;202607;1301102R;00; NENV;N;1012;1016,20;0,017790;18,08;0,68;0,00;18,76;;
017;961;202607;202607;1401101U;00; NENV;N;688;719,90;0,017790;12,81;0,49;0,00;13,29;;
017;961;202607;202607;1401101Z;00; NENV;N;698;695,70;0,017790;12,38;0,47;0,00;12,85;;
017;961;202607;202607;14011024;00; NENV;N;669;711,80;0,017790;12,66;0,48;0,00;13,14;;
017;961;202607;202607;14011029;00; NENV;N;683;794,70;0,017790;14,14;0,54;0,00;14,67;;
017;961;202607;202607;1401102E;00; NENV;N;727;764,60;0,017790;13,60;0,52;0,00;14,12;;
017;961;202607;202607;1401102G;00; NENV;N;729;765,10;0,017790;13,61;0,52;0,00;14,13;;
017;961;202607;202607;1401102I;00; NENV;N;766;779,50;0,017790;13,87;0,53;0,00;14,39;;
017;961;202607;202607;1401102K;00; NENV;N;661;903,70;0,017790;16,08;0,61;0,00;16,69;;
017;961;202607;202607;1501101I;00; NENV;N;284;306,60;0,017790;5,45;0,21;0,00;5,66;;
017;961;202607;202607;1501101K;00; NENV;N;3;2,30;0,017790;0,04;0,00;0,00;0,04;;
017;961;202607;202607;1501101M;00; NENV;N;270;283,70;0,017790;5,05;0,19;0,00;5,24;;
017;961;202607;202607;1501101O;00; NENV;N;290;336,70;0,017790;5,99;0,23;0,00;6,22;;
017;961;202607;202607;1501101Q;00; NENV;N;2;1,00;0,017790;0,02;0,00;0,00;0,02;;
017;961;202607;202607;1501101S;00; NENV;N;333;340,70;0,017790;6,06;0,23;0,00;6,29;;
017;961;202607;202607;1501101Y;00; NENV;N;1;0,50;0,017790;0,01;0,00;0,00;0,01;;
017;961;202607;202607;15011020;00; NENV;N;1;0,50;0,017790;0,01;0,00;0,00;0,01;;
017;961;202607;202607;15011023;00; NENV;N;275;183,40;0,017790;3,26;0,12;0,00;3,39;;
017;961;202607;202607;15011025;00; NENV;N;302;331,30;0,017790;5,89;0,22;0,00;6,12;;
017;961;202607;202607;15011027;00; NENV;N;329;243,00;0,017790;4,32;0,16;0,00;4,49;;
017;961;202607;202607;15011029;00; NENV;N;339;274,60;0,017790;4,89;0,19;0,00;5,07;;
017;961;202607;202607;1601101M;00; NENV;N;1136;1247,50;0,017790;22,19;0,84;0,00;23,03;;
017;961;202607;202607;1601101Q;00; NENV;N;1319;1592,80;0,017790;28,34;1,07;0,00;29,41;;
017;961;202607;202607;1601101S;00; NENV;N;1;0,50;0,017790;0,01;0,00;0,00;0,01;;
017;961;202607;202607;1601101U;00; NENV;N;1249;1657,20;0,017790;29,48;1,12;0,00;30,60;;
017;961;202607;202607;1601101Z;00; NENV;N;1299;1617,40;0,017790;28,77;1,09;0,00;29,86;;
017;961;202607;202607;16011029;00; NENV;N;1263;1465,00;0,017790;26,06;0,99;0,00;27,05;;
017;961;202607;202607;1601102B;00; NENV;N;1307;1530,10;0,017790;27,22;1,03;0,00;28,25;;
017;961;202607;202607;1601102D;00; NENV;N;1294;1415,60;0,017790;25,18;0,95;0,00;26,14;;
017;961;202607;202607;1601102F;00; NENV;N;1289;1329,80;0,017790;23,66;0,90;0,00;24,55;;
017;961;202607;202607;1701000P;00; NENV;N;81;529,50;0,017790;9,42;0,36;0,00;9,78;;
017;961;202607;202607;1701000R;00; NENV;N;94;565,50;0,017790;10,06;0,38;0,00;10,44;;
017;961;202607;202607;1701000T;00; NENV;N;80;348,30;0,017790;6,20;0,23;0,00;6,43;;
017;961;202607;202607;1701000U;00; NENV;N;79;372,00;0,017790;6,62;0,25;0,00;6,87;;
017;961;202607;202607;1701101K;00; NENV;N;1048;1040,10;0,017790;18,50;0,70;0,00;19,20;;
017;961;202607;202607;1701101L;00; NENV;N;1055;1164,00;0,017790;20,71;0,78;0,00;21,49;;
017;961;202607;202607;1701101M;00; NENV;N;1079;1096,80;0,017790;19,51;0,74;0,00;20,25;;
017;961;202607;202607;1701101P;00; NENV;N;990;1182,70;0,017790;21,04;0,80;0,00;21,84;;
017;961;202607;202607;1701101Z;00; NENV;N;1084;1018,60;0,017790;18,12;0,69;0,00;18,81;;
017;961;202607;202607;17011028;00; NENV;N;1037;1211,60;0,017790;21,55;0,82;0,00;22,37;;
017;961;202607;202607;17011029;00; NENV;N;1061;1065,30;0,017790;18,95;0,72;0,00;19,67;;
017;961;202607;202607;1701102D;00; NENV;N;976;1446,00;0,017790;25,72;0,97;0,00;26,70;;
017;961;202607;202607;18011029;00; NENV;N;216;119,00;0,017790;2,12;0,08;0,00;2,20;;
017;961;202607;202607;1801102D;00; NENV;N;240;141,10;0,017790;2,51;0,10;0,00;2,61;;
017;961;202607;202607;1801102F;00; NENV;N;242;138,60;0,017790;2,47;0,09;0,00;2,56;;
017;961;202607;202607;1801102J;00; NENV;N;222;158,60;0,017790;2,82;0,11;0,00;2,93;;
017;961;202607;202607;1801102Q;00; NENV;N;277;166,70;0,017790;2,97;0,11;0,00;3,08;;
017;961;202607;202607;1801102S;00; NENV;N;204;133,80;0,017790;2,38;0,09;0,00;2,47;;
017;961;202607;202607;1801102U;00; NENV;N;229;133,60;0,017790;2,38;0,09;0,00;2,47;;
017;961;202607;202607;1801102X;00; NENV;N;229;121,80;0,017790;2,17;0,08;0,00;2,25;;
017;961;202607;202607;1901105H;00; NENV;N;1318;1852,60;0,017790;32,96;1,25;0,00;34,21;;
017;961;202607;202607;1901105I;00; NENV;N;1254;1487,70;0,017790;26,47;1,00;0,00;27,47;;
017;961;202607;202607;1901105K;00; NENV;N;1218;1624,00;0,017790;28,89;1,09;0,00;29,99;;
017;961;202607;202607;1901105M;00; NENV;N;1362;1626,40;0,017790;28,93;1,10;0,00;30,03;;
017;961;202607;202607;1901105O;00; NENV;N;1284;1606,60;0,017790;28,58;1,08;0,00;29,66;;
017;961;202607;202607;1901105Q;00; NENV;N;1226;1463,60;0,017790;26,04;0,99;0,00;27,02;;
017;961;202607;202607;1901105S;00; NENV;N;1254;1489,10;0,017790;26,49;1,00;0,00;27,49;;
017;961;202607;202607;1901105U;00; NENV;N;1300;1582,30;0,017790;28,15;1,07;0,00;29,22;;
017;961;202607;202607;12010009;00; NENV;R;31;303,20;0,012450;3,77;0,14;0,00;3,92;;
017;961;202607;202607;1201000B;00; NENV;R;29;169,10;0,012450;2,11;0,08;0,00;2,19;;
017;961;202607;202607;1201000D;00; NENV;R;28;289,10;0,012450;3,60;0,14;0,00;3,74;;
017;961;202607;202607;1201102D;00; NENV;R;1;0,50;0,012450;0,01;0,00;0,00;0,01;;
017;961;202607;202607;1201102F;00; NENV;R;1;0,50;0,012450;0,01;0,00;0,00;0,01;;
017;961;202607;202607;1201102H;00; NENV;R;3;6,80;0,012450;0,08;0,00;0,00;0,09;;
017;961;202607;202607;1201102P;00; NENV;R;1;1,00;0,012450;0,01;0,00;0,00;0,01;;
017;961;202607;202607;1201102R;00; NENV;R;2;1,00;0,012450;0,01;0,00;0,00;0,01;;
017;961;202607;202607;13011028;00; NENV;R;16;18,50;0,012450;0,23;0,01;0,00;0,24;;
017;961;202607;202607;1301102A;00; NENV;R;16;161,70;0,012450;2,01;0,08;0,00;2,09;;
017;961;202607;202607;1301102C;00; NENV;R;12;40,70;0,012450;0,51;0,02;0,00;0,53;;
017;961;202607;202607;1301102L;00; NENV;R;6;6,10;0,012450;0,08;0,00;0,00;0,08;;
017;961;202607;202607;1301102O;00; NENV;R;8;73,70;0,012450;0,92;0,03;0,00;0,95;;
017;961;202607;202607;1301102Q;00; NENV;R;8;61,20;0,012450;0,76;0,03;0,00;0,79;;
017;961;202607;202607;1301102R;00; NENV;R;11;9,60;0,012450;0,12;0,00;0,00;0,12;;
017;961;202607;202607;1401101U;00; NENV;R;13;26,20;0,012450;0,33;0,01;0,00;0,34;;
017;961;202607;202607;1401101Z;00; NENV;R;12;92,70;0,012450;1,15;0,04;0,00;1,20;;
017;961;202607;202607;14011024;00; NENV;R;14;50,50;0,012450;0,63;0,02;0,00;0,65;;
017;961;202607;202607;14011029;00; NENV;R;21;160,70;0,012450;2,00;0,08;0,00;2,08;;
017;961;202607;202607;1401102E;00; NENV;R;12;22,30;0,012450;0,28;0,01;0,00;0,29;;
017;961;202607;202607;1401102G;00; NENV;R;11;82,10;0,012450;1,02;0,04;0,00;1,06;;
017;961;202607;202607;1401102I;00; NENV;R;20;103,50;0,012450;1,29;0,05;0,00;1,34;;
017;961;202607;202607;1401102K;00; NENV;R;12;61,10;0,012450;0,76;0,03;0,00;0,79;;
017;961;202607;202607;1501101I;00; NENV;R;8;52,40;0,012450;0,65;0,02;0,00;0,68;;
017;961;202607;202607;1501101M;00; NENV;R;9;8,40;0,012450;0,10;0,00;0,00;0,11;;
017;961;202607;202607;1501101O;00; NENV;R;6;6,90;0,012450;0,09;0,00;0,00;0,09;;
017;961;202607;202607;1501101S;00; NENV;R;11;18,80;0,012450;0,23;0,01;0,00;0,24;;
017;961;202607;202607;15011023;00; NENV;R;5;2,70;0,012450;0,03;0,00;0,00;0,03;;
017;961;202607;202607;15011025;00; NENV;R;7;10,60;0,012450;0,13;0,00;0,00;0,14;;
017;961;202607;202607;15011027;00; NENV;R;6;37,60;0,012450;0,47;0,02;0,00;0,49;;
017;961;202607;202607;15011029;00; NENV;R;5;2,90;0,012450;0,04;0,00;0,00;0,04;;
017;961;202607;202607;1601101M;00; NENV;R;46;207,00;0,012450;2,58;0,10;0,00;2,67;;
017;961;202607;202607;1601101Q;00; NENV;R;62;318,80;0,012450;3,97;0,15;0,00;4,12;;
017;961;202607;202607;1601101U;00; NENV;R;41;180,60;0,012450;2,25;0,09;0,00;2,33;;
017;961;202607;202607;1601101Z;00; NENV;R;51;225,70;0,012450;2,81;0,11;0,00;2,92;;
017;961;202607;202607;16011029;00; NENV;R;48;256,90;0,012450;3,20;0,12;0,00;3,32;;
017;961;202607;202607;1601102B;00; NENV;R;46;307,60;0,012450;3,83;0,15;0,00;3,97;;
017;961;202607;202607;1601102D;00; NENV;R;41;339,20;0,012450;4,22;0,16;0,00;4,38;;
017;961;202607;202607;1601102F;00; NENV;R;59;344,60;0,012450;4,29;0,16;0,00;4,45;;
017;961;202607;202607;1701000P;00; NENV;R;12;100,20;0,012450;1,25;0,05;0,00;1,29;;
017;961;202607;202607;1701000R;00; NENV;R;5;81,30;0,012450;1,01;0,04;0,00;1,05;;
017;961;202607;202607;1701000T;00; NENV;R;9;17,30;0,012450;0,22;0,01;0,00;0,22;;
017;961;202607;202607;1701000U;00; NENV;R;10;37,20;0,012450;0,46;0,02;0,00;0,48;;
017;961;202607;202607;1701101K;00; NENV;R;15;99,00;0,012450;1,23;0,05;0,00;1,28;;
017;961;202607;202607;1701101L;00; NENV;R;9;58,50;0,012450;0,73;0,03;0,00;0,76;;
017;961;202607;202607;1701101M;00; NENV;R;9;55,20;0,012450;0,69;0,03;0,00;0,71;;
017;961;202607;202607;1701101P;00; NENV;R;26;216,70;0,012450;2,70;0,10;0,00;2,80;;
017;961;202607;202607;1701101Z;00; NENV;R;9;45,70;0,012450;0,57;0,02;0,00;0,59;;
017;961;202607;202607;17011028;00; NENV;R;14;94,60;0,012450;1,18;0,04;0,00;1,22;;
017;961;202607;202607;17011029;00; NENV;R;16;184,20;0,012450;2,29;0,09;0,00;2,38;;
017;961;202607;202607;1701102D;00; NENV;R;17;82,60;0,012450;1,03;0,04;0,00;1,07;;
017;961;202607;202607;18011029;00; NENV;R;2;1,00;0,012450;0,01;0,00;0,00;0,01;;
017;961;202607;202607;1801102D;00; NENV;R;1;0,50;0,012450;0,01;0,00;0,00;0,01;;
017;961;202607;202607;1801102X;00; NENV;R;1;1,10;0,012450;0,01;0,00;0,00;0,01;;
017;961;202607;202607;1901105H;00; NENV;R;61;344,40;0,012450;4,29;0,16;0,00;4,45;;
017;961;202607;202607;1901105I;00; NENV;R;48;355,00;0,012450;4,42;0,17;0,00;4,59;;
017;961;202607;202607;1901105K;00; NENV;R;53;351,10;0,012450;4,37;0,17;0,00;4,54;;
017;961;202607;202607;1901105M;00; NENV;R;61;326,20;0,012450;4,06;0,15;0,00;4,22;;
017;961;202607;202607;1901105O;00; NENV;R;52;358,70;0,012450;4,47;0,17;0,00;4,63;;
017;961;202607;202607;1901105Q;00; NENV;R;44;215,50;0,012450;2,68;0,10;0,00;2,78;;
017;961;202607;202607;1901105S;00; NENV;R;55;230,50;0,012450;2,87;0,11;0,00;2,98;;
017;961;202607;202607;1901105U;00; NENV;R;56;330,10;0,012450;4,11;0,16;0,00;4,27;;
;;;;;01;;;54463;66405,80;;1140,54;43,22;0,00;1183,76;;
017;963;202607;202607;12010009;00; NENV;N;25;22,70;0,017790;0,40;0,02;0,00;0,42;;
017;963;202607;202607;1201000B;00; NENV;N;31;24,20;0,017790;0,43;0,02;0,00;0,45;;
017;963;202607;202607;1201000D;00; NENV;N;29;14,60;0,017790;0,26;0,01;0,00;0,27;;
017;963;202607;202607;1201102D;00; NENV;N;701;351,60;0,017790;6,25;0,24;0,00;6,49;;
017;963;202607;202607;1201102F;00; NENV;N;672;336,90;0,017790;5,99;0,23;0,00;6,22;;
017;963;202607;202607;1201102H;00; NENV;N;713;360,50;0,017790;6,41;0,24;0,00;6,66;;
017;963;202607;202607;1201102M;00; NENV;N;563;283,70;0,017790;5,05;0,19;0,00;5,24;;
017;963;202607;202607;1201102P;00; NENV;N;492;246,30;0,017790;4,38;0,17;0,00;4,55;;
017;963;202607;202607;1201102R;00; NENV;N;517;327,90;0,017790;5,83;0,22;0,00;6,05;;
017;963;202607;202607;1201102S;00; NENV;N;544;272,00;0,017790;4,84;0,18;0,00;5,02;;
017;963;202607;202607;13011028;00; NENV;N;650;402,00;0,017790;7,15;0,27;0,00;7,42;;
017;963;202607;202607;1301102A;00; NENV;N;672;371,50;0,017790;6,61;0,25;0,00;6,86;;
017;963;202607;202607;1301102C;00; NENV;N;669;337,10;0,017790;6,00;0,23;0,00;6,22;;
017;963;202607;202607;1301102L;00; NENV;N;427;217,20;0,017790;3,86;0,15;0,00;4,01;;
017;963;202607;202607;1301102O;00; NENV;N;484;245,80;0,017790;4,37;0,17;0,00;4,54;;
017;963;202607;202607;1301102Q;00; NENV;N;479;241,90;0,017790;4,30;0,16;0,00;4,47;;
017;963;202607;202607;1301102R;00; NENV;N;514;258,00;0,017790;4,59;0,17;0,00;4,76;;
017;963;202607;202607;1401101U;00; NENV;N;314;197,50;0,017790;3,51;0,13;0,00;3,65;;
017;963;202607;202607;1401101Z;00; NENV;N;241;165,80;0,017790;2,95;0,11;0,00;3,06;;
017;963;202607;202607;14011024;00; NENV;N;280;216,90;0,017790;3,86;0,15;0,00;4,00;;
017;963;202607;202607;14011029;00; NENV;N;289;157,30;0,017790;2,80;0,11;0,00;2,90;;
017;963;202607;202607;1401102E;00; NENV;N;322;231,30;0,017790;4,11;0,16;0,00;4,27;;
017;963;202607;202607;1401102G;00; NENV;N;282;175,10;0,017790;3,12;0,12;0,00;3,23;;
017;963;202607;202607;1401102I;00; NENV;N;288;190,20;0,017790;3,38;0,13;0,00;3,51;;
017;963;202607;202607;1401102K;00; NENV;N;313;182,40;0,017790;3,24;0,12;0,00;3,37;;
017;963;202607;202607;1501101I;00; NENV;N;125;62,50;0,017790;1,11;0,04;0,00;1,15;;
017;963;202607;202607;1501101M;00; NENV;N;104;52,60;0,017790;0,94;0,04;0,00;0,97;;
017;963;202607;202607;1501101O;00; NENV;N;114;61,60;0,017790;1,10;0,04;0,00;1,14;;
017;963;202607;202607;1501101S;00; NENV;N;131;65,50;0,017790;1,17;0,04;0,00;1,21;;
017;963;202607;202607;15011023;00; NENV;N;114;58,80;0,017790;1,05;0,04;0,00;1,09;;
017;963;202607;202607;15011025;00; NENV;N;140;70,00;0,017790;1,25;0,05;0,00;1,29;;
017;963;202607;202607;15011027;00; NENV;N;124;62,00;0,017790;1,10;0,04;0,00;1,14;;
017;963;202607;202607;15011029;00; NENV;N;124;62,30;0,017790;1,11;0,04;0,00;1,15;;
017;963;202607;202607;1601101M;00; NENV;N;746;448,60;0,017790;7,98;0,30;0,00;8,28;;
017;963;202607;202607;1601101Q;00; NENV;N;917;482,30;0,017790;8,58;0,33;0,00;8,91;;
017;963;202607;202607;1601101U;00; NENV;N;917;575,10;0,017790;10,23;0,39;0,00;10,62;;
017;963;202607;202607;1601101Z;00; NENV;N;1027;563,30;0,017790;10,02;0,38;0,00;10,40;;
017;963;202607;202607;16011029;00; NENV;N;890;469,20;0,017790;8,35;0,32;0,00;8,66;;
017;963;202607;202607;1601102B;00; NENV;N;945;507,20;0,017790;9,02;0,34;0,00;9,36;;
017;963;202607;202607;1601102D;00; NENV;N;933;579,00;0,017790;10,30;0,39;0,00;10,69;;
017;963;202607;202607;1601102F;00; NENV;N;910;539,60;0,017790;9,60;0,36;0,00;9,96;;
017;963;202607;202607;1701000P;00; NENV;N;8;51,60;0,017790;0,92;0,03;0,00;0,95;;
017;963;202607;202607;1701000R;00; NENV;N;5;5,80;0,017790;0,10;0,00;0,00;0,11;;
017;963;202607;202607;1701000T;00; NENV;N;10;25,00;0,017790;0,44;0,02;0,00;0,46;;
017;963;202607;202607;1701000U;00; NENV;N;9;88,20;0,017790;1,57;0,06;0,00;1,63;;
017;963;202607;202607;1701101K;00; NENV;N;474;296,60;0,017790;5,28;0,20;0,00;5,48;;
017;963;202607;202607;1701101L;00; NENV;N;538;297,60;0,017790;5,29;0,20;0,00;5,49;;
017;963;202607;202607;1701101M;00; NENV;N;563;425,20;0,017790;7,56;0,29;0,00;7,85;;
017;963;202607;202607;1701101P;00; NENV;N;545;305,60;0,017790;5,44;0,21;0,00;5,64;;
017;963;202607;202607;1701101Z;00; NENV;N;545;521,40;0,017790;9,28;0,35;0,00;9,63;;
017;963;202607;202607;17011028;00; NENV;N;541;300,70;0,017790;5,35;0,20;0,00;5,55;;
017;963;202607;202607;17011029;00; NENV;N;567;308,40;0,017790;5,49;0,21;0,00;5,69;;
017;963;202607;202607;1701102D;00; NENV;N;540;290,00;0,017790;5,16;0,20;0,00;5,35;;
017;963;202607;202607;18011029;00; NENV;N;178;89,00;0,017790;1,58;0,06;0,00;1,64;;
017;963;202607;202607;1801102D;00; NENV;N;161;80,60;0,017790;1,43;0,05;0,00;1,49;;
017;963;202607;202607;1801102F;00; NENV;N;180;91,20;0,017790;1,62;0,06;0,00;1,68;;
017;963;202607;202607;1801102J;00; NENV;N;158;88,70;0,017790;1,58;0,06;0,00;1,64;;
017;963;202607;202607;1801102Q;00; NENV;N;160;80,00;0,017790;1,42;0,05;0,00;1,48;;
017;963;202607;202607;1801102S;00; NENV;N;148;74,80;0,017790;1,33;0,05;0,00;1,38;;
017;963;202607;202607;1801102U;00; NENV;N;176;88,00;0,017790;1,57;0,06;0,00;1,62;;
017;963;202607;202607;1801102X;00; NENV;N;177;89,90;0,017790;1,60;0,06;0,00;1,66;;
017;963;202607;202607;1901105H;00; NENV;N;490;272,90;0,017790;4,85;0,18;0,00;5,04;;
017;963;202607;202607;1901105I;00; NENV;N;517;280,30;0,017790;4,99;0,19;0,00;5,18;;
017;963;202607;202607;1901105K;00; NENV;N;406;333,00;0,017790;5,92;0,22;0,00;6,15;;
017;963;202607;202607;1901105M;00; NENV;N;527;325,10;0,017790;5,78;0,22;0,00;6,00;;
017;963;202607;202607;1901105O;00; NENV;N;464;276,00;0,017790;4,91;0,19;0,00;5,10;;
017;963;202607;202607;1901105Q;00; NENV;N;475;247,60;0,017790;4,40;0,17;0,00;4,57;;
017;963;202607;202607;1901105S;00; NENV;N;521;274,90;0,017790;4,89;0,19;0,00;5,08;;
017;963;202607;202607;1901105U;00; NENV;N;494;314,70;0,017790;5,60;0,21;0,00;5,81;;
017;963;202607;202607;12010009;00; NENV;R;1;2,60;0,012450;0,03;0,00;0,00;0,03;;
017;963;202607;202607;1201000D;00; NENV;R;1;0,60;0,012450;0,01;0,00;0,00;0,01;;
017;963;202607;202607;1201102F;00; NENV;R;1;3,10;0,012450;0,04;0,00;0,00;0,04;;
017;963;202607;202607;13011028;00; NENV;R;2;14,60;0,012450;0,18;0,01;0,00;0,19;;
017;963;202607;202607;1301102A;00; NENV;R;3;4,30;0,012450;0,05;0,00;0,00;0,06;;
017;963;202607;202607;1301102C;00; NENV;R;2;1,00;0,012450;0,01;0,00;0,00;0,01;;
017;963;202607;202607;1301102L;00; NENV;R;3;3,40;0,012450;0,04;0,00;0,00;0,04;;
017;963;202607;202607;1301102O;00; NENV;R;2;1,00;0,012450;0,01;0,00;0,00;0,01;;
017;963;202607;202607;1301102Q;00; NENV;R;6;3,00;0,012450;0,04;0,00;0,00;0,04;;
017;963;202607;202607;1301102R;00; NENV;R;1;0,50;0,012450;0,01;0,00;0,00;0,01;;
017;963;202607;202607;1401101U;00; NENV;R;5;37,90;0,012450;0,47;0,02;0,00;0,49;;
017;963;202607;202607;1401101Z;00; NENV;R;3;1,50;0,012450;0,02;0,00;0,00;0,02;;
017;963;202607;202607;14011024;00; NENV;R;3;15,90;0,012450;0,20;0,01;0,00;0,21;;
017;963;202607;202607;14011029;00; NENV;R;1;24,60;0,012450;0,31;0,01;0,00;0,32;;
017;963;202607;202607;1401102E;00; NENV;R;4;6,90;0,012450;0,09;0,00;0,00;0,09;;
017;963;202607;202607;1401102G;00; NENV;R;2;1,00;0,012450;0,01;0,00;0,00;0,01;;
017;963;202607;202607;1401102I;00; NENV;R;1;0,50;0,012450;0,01;0,00;0,00;0,01;;
017;963;202607;202607;1401102K;00; NENV;R;3;17,70;0,012450;0,22;0,01;0,00;0,23;;
017;963;202607;202607;1501101I;00; NENV;R;1;18,70;0,012450;0,23;0,01;0,00;0,24;;
017;963;202607;202607;15011029;00; NENV;R;1;0,50;0,012450;0,01;0,00;0,00;0,01;;
017;963;202607;202607;1601101M;00; NENV;R;3;1,60;0,012450;0,02;0,00;0,00;0,02;;
017;963;202607;202607;1601101Q;00; NENV;R;3;38,70;0,012450;0,48;0,02;0,00;0,50;;
017;963;202607;202607;1601101U;00; NENV;R;6;59,90;0,012450;0,75;0,03;0,00;0,77;;
017;963;202607;202607;1601101Z;00; NENV;R;1;0,50;0,012450;0,01;0,00;0,00;0,01;;
017;963;202607;202607;16011029;00; NENV;R;2;1,00;0,012450;0,01;0,00;0,00;0,01;;
017;963;202607;202607;1601102B;00; NENV;R;3;2,10;0,012450;0,03;0,00;0,00;0,03;;
017;963;202607;202607;1601102D;00; NENV;R;5;94,20;0,012450;1,17;0,04;0,00;1,22;;
017;963;202607;202607;1601102F;00; NENV;R;2;1,00;0,012450;0,01;0,00;0,00;0,01;;
017;963;202607;202607;1701000P;00; NENV;R;2;22,30;0,012450;0,28;0,01;0,00;0,29;;
017;963;202607;202607;1701000R;00; NENV;R;3;58,80;0,012450;0,73;0,03;0,00;0,76;;
017;963;202607;202607;1701000T;00; NENV;R;2;50,00;0,012450;0,62;0,02;0,00;0,65;;
017;963;202607;202607;1701000U;00; NENV;R;2;1,00;0,012450;0,01;0,00;0,00;0,01;;
017;963;202607;202607;1701101K;00; NENV;R;2;1,00;0,012450;0,01;0,00;0,00;0,01;;
017;963;202607;202607;1701101L;00; NENV;R;2;14,90;0,012450;0,19;0,01;0,00;0,19;;
017;963;202607;202607;1701101M;00; NENV;R;6;76,20;0,012450;0,95;0,04;0,00;0,98;;
017;963;202607;202607;1701101P;00; NENV;R;3;20,00;0,012450;0,25;0,01;0,00;0,26;;
017;963;202607;202607;1701101Z;00; NENV;R;7;14,90;0,012450;0,19;0,01;0,00;0,19;;
017;963;202607;202607;17011028;00; NENV;R;2;4,20;0,012450;0,05;0,00;0,00;0,05;;
017;963;202607;202607;17011029;00; NENV;R;2;19,50;0,012450;0,24;0,01;0,00;0,25;;
017;963;202607;202607;1701102D;00; NENV;R;3;6,30;0,012450;0,08;0,00;0,00;0,08;;
017;963;202607;202607;1901105H;00; NENV;R;1;0,50;0,012450;0,01;0,00;0,00;0,01;;
017;963;202607;202607;1901105I;00; NENV;R;2;2,20;0,012450;0,03;0,00;0,00;0,03;;
017;963;202607;202607;1901105K;00; NENV;R;4;2,00;0,012450;0,02;0,00;0,00;0,03;;
017;963;202607;202607;1901105M;00; NENV;R;2;63,60;0,012450;0,79;0,03;0,00;0,82;;
017;963;202607;202607;1901105O;00; NENV;R;2;1,00;0,012450;0,01;0,00;0,00;0,01;;
017;963;202607;202607;1901105Q;00; NENV;R;2;1,00;0,012450;0,01;0,00;0,00;0,01;;
017;963;202607;202607;1901105S;00; NENV;R;2;1,10;0,012450;0,01;0,00;0,00;0,01;;
017;963;202607;202607;1901105U;00; NENV;R;5;2,50;0,012450;0,03;0,00;0,00;0,03;;
;;;;;01;;;28476;17134,10;;300,93;11,41;0,00;312,32;;
017;965;202607;202607;12010009;00; NENV;N;167;417,60;0,017790;7,43;0,28;0,00;7,71;;
017;965;202607;202607;1201000B;00; NENV;N;183;506,10;0,017790;9,00;0,34;0,00;9,34;;
017;965;202607;202607;1201000D;00; NENV;N;156;280,70;0,017790;4,99;0,19;0,00;5,18;;
017;965;202607;202607;1201000J;00; NENV;N;1;0,50;0,017790;0,01;0,00;0,00;0,01;;
017;965;202607;202607;1201000L;00; NENV;N;1;0,50;0,017790;0,01;0,00;0,00;0,01;;
017;965;202607;202607;1201000N;00; NENV;N;3;1,50;0,017790;0,03;0,00;0,00;0,03;;
017;965;202607;202607;1201102D;00; NENV;N;1424;720,20;0,017790;12,81;0,49;0,00;13,30;;
017;965;202607;202607;1201102F;00; NENV;N;1402;705,00;0,017790;12,54;0,48;0,00;13,02;;
017;965;202607;202607;1201102H;00; NENV;N;1413;708,40;0,017790;12,60;0,48;0,00;13,08;;
017;965;202607;202607;1201102M;00; NENV;N;1042;532,00;0,017790;9,46;0,36;0,00;9,82;;
017;965;202607;202607;1201102P;00; NENV;N;1095;548,50;0,017790;9,76;0,37;0,00;10,13;;
017;965;202607;202607;1201102R;00; NENV;N;1047;529,90;0,017790;9,43;0,36;0,00;9,78;;
017;965;202607;202607;1201102S;00; NENV;N;1069;535,70;0,017790;9,53;0,36;0,00;9,89;;
017;965;202607;202607;13010007;00; NENV;N;1;0,50;0,017790;0,01;0,00;0,00;0,01;;
017;965;202607;202607;13011028;00; NENV;N;1315;871,20;0,017790;15,50;0,59;0,00;16,09;;
017;965;202607;202607;1301102A;00; NENV;N;1283;741,20;0,017790;13,19;0,50;0,00;13,69;;
017;965;202607;202607;1301102C;00; NENV;N;1339;987,80;0,017790;17,57;0,67;0,00;18,24;;
017;965;202607;202607;1301102L;00; NENV;N;992;654,50;0,017790;11,64;0,44;0,00;12,08;;
017;965;202607;202607;1301102O;00; NENV;N;1024;702,30;0,017790;12,49;0,47;0,00;12,97;;
017;965;202607;202607;1301102Q;00; NENV;N;986;644,50;0,017790;11,47;0,43;0,00;11,90;;
017;965;202607;202607;1301102R;00; NENV;N;1031;648,90;0,017790;11,54;0,44;0,00;11,98;;
017;965;202607;202607;1401101U;00; NENV;N;714;694,20;0,017790;12,35;0,47;0,00;12,82;;
017;965;202607;202607;1401101Z;00; NENV;N;647;726,10;0,017790;12,92;0,49;0,00;13,41;;
017;965;202607;202607;14011024;00; NENV;N;722;767,80;0,017790;13,66;0,52;0,00;14,18;;
017;965;202607;202607;14011029;00; NENV;N;725;692,90;0,017790;12,33;0,47;0,00;12,79;;
017;965;202607;202607;1401102E;00; NENV;N;673;754,50;0,017790;13,42;0,51;0,00;13,93;;
017;965;202607;202607;1401102G;00; NENV;N;655;638,00;0,017790;11,35;0,43;0,00;11,78;;
017;965;202607;202607;1401102I;00; NENV;N;675;705,30;0,017790;12,55;0,48;0,00;13,02;;
017;965;202607;202607;1401102K;00; NENV;N;751;729,70;0,017790;12,98;0,49;0,00;13,47;;
017;965;202607;202607;1501101I;00; NENV;N;237;167,20;0,017790;2,97;0,11;0,00;3,09;;
017;965;202607;202607;1501101M;00; NENV;N;209;204,60;0,017790;3,64;0,14;0,00;3,78;;
017;965;202607;202607;1501101O;00; NENV;N;303;207,50;0,017790;3,69;0,14;0,00;3,83;;
017;965;202607;202607;1501101S;00; NENV;N;258;201,20;0,017790;3,58;0,14;0,00;3,71;;
017;965;202607;202607;15011023;00; NENV;N;288;297,00;0,017790;5,28;0,20;0,00;5,48;;
017;965;202607;202607;15011025;00; NENV;N;277;244,50;0,017790;4,35;0,16;0,00;4,51;;
017;965;202607;202607;15011027;00; NENV;N;270;209,30;0,017790;3,72;0,14;0,00;3,86;;
017;965;202607;202607;15011029;00; NENV;N;291;227,70;0,017790;4,05;0,15;0,00;4,20;;
017;965;202607;202607;1601101M;00; NENV;N;1671;1339,50;0,017790;23,83;0,90;0,00;24,73;;
017;965;202607;202607;1601101Q;00; NENV;N;2032;1446,10;0,017790;25,73;0,97;0,00;26,70;;
017;965;202607;202607;1601101U;00; NENV;N;2010;1600,30;0,017790;28,47;1,08;0,00;29,55;;
017;965;202607;202607;1601101Z;00; NENV;N;2024;1726,90;0,017790;30,72;1,16;0,00;31,89;;
017;965;202607;202607;16011029;00; NENV;N;1893;1457,20;0,017790;25,92;0,98;0,00;26,91;;
017;965;202607;202607;1601102B;00; NENV;N;1990;1657,40;0,017790;29,49;1,12;0,00;30,60;;
017;965;202607;202607;1601102D;00; NENV;N;1954;1816,00;0,017790;32,31;1,22;0,00;33,53;;
017;965;202607;202607;1601102F;00; NENV;N;2008;1451,00;0,017790;25,81;0,98;0,00;26,79;;
017;965;202607;202607;1701000P;00; NENV;N;139;664,40;0,017790;11,82;0,45;0,00;12,27;;
017;965;202607;202607;1701000R;00; NENV;N;126;619,40;0,017790;11,02;0,42;0,00;11,44;;
017;965;202607;202607;1701000T;00; NENV;N;160;701,90;0,017790;12,49;0,47;0,00;12,96;;
017;965;202607;202607;1701000U;00; NENV;N;166;822,10;0,017790;14,63;0,55;0,00;15,18;;
017;965;202607;202607;1701101K;00; NENV;N;1179;1667,90;0,017790;29,67;1,12;0,00;30,80;;
017;965;202607;202607;1701101L;00; NENV;N;1308;1880,40;0,017790;33,45;1,27;0,00;34,72;;
017;965;202607;202607;1701101M;00; NENV;N;1358;1571,30;0,017790;27,95;1,06;0,00;29,01;;
017;965;202607;202607;1701101P;00; NENV;N;1230;1179,30;0,017790;20,98;0,79;0,00;21,77;;
017;965;202607;202607;1701101Z;00; NENV;N;1334;2023,60;0,017790;36,00;1,36;0,00;37,36;;
017;965;202607;202607;17011028;00; NENV;N;1373;2205,60;0,017790;39,24;1,49;0,00;40,72;;
017;965;202607;202607;17011029;00; NENV;N;1310;1368,30;0,017790;24,34;0,92;0,00;25,26;;
017;965;202607;202607;1701102D;00; NENV;N;1398;2109,70;0,017790;37,53;1,42;0,00;38,95;;
017;965;202607;202607;18011029;00; NENV;N;418;219,00;0,017790;3,90;0,15;0,00;4,04;;
017;965;202607;202607;1801102D;00; NENV;N;415;240,10;0,017790;4,27;0,16;0,00;4,43;;
017;965;202607;202607;1801102F;00; NENV;N;408;219,40;0,017790;3,90;0,15;0,00;4,05;;
017;965;202607;202607;1801102J;00; NENV;N;400;216,90;0,017790;3,86;0,15;0,00;4,00;;
017;965;202607;202607;1801102Q;00; NENV;N;386;204,10;0,017790;3,63;0,14;0,00;3,77;;
017;965;202607;202607;1801102S;00; NENV;N;423;219,10;0,017790;3,90;0,15;0,00;4,05;;
017;965;202607;202607;1801102U;00; NENV;N;416;228,40;0,017790;4,06;0,15;0,00;4,22;;
017;965;202607;202607;1801102X;00; NENV;N;405;209,10;0,017790;3,72;0,14;0,00;3,86;;
017;965;202607;202607;1901105H;00; NENV;N;1223;1565,70;0,017790;27,85;1,06;0,00;28,91;;
017;965;202607;202607;1901105I;00; NENV;N;1147;1714,10;0,017790;30,49;1,16;0,00;31,65;;
017;965;202607;202607;1901105K;00; NENV;N;956;1783,40;0,017790;31,73;1,20;0,00;32,93;;
017;965;202607;202607;1901105M;00; NENV;N;1137;1783,00;0,017790;31,72;1,20;0,00;32,92;;
017;965;202607;202607;1901105O;00; NENV;N;1209;1528,30;0,017790;27,19;1,03;0,00;28,22;;
017;965;202607;202607;1901105Q;00; NENV;N;1150;1688,50;0,017790;30,04;1,14;0,00;31,18;;
017;965;202607;202607;1901105S;00; NENV;N;1148;1578,70;0,017790;28,09;1,06;0,00;29,15;;
017;965;202607;202607;1901105U;00; NENV;N;1162;1553,30;0,017790;27,63;1,05;0,00;28,68;;
017;965;202607;202607;12010009;00; NENV;R;43;85,20;0,012450;1,06;0,04;0,00;1,10;;
017;965;202607;202607;1201000B;00; NENV;R;45;45,80;0,012450;0,57;0,02;0,00;0,59;;
017;965;202607;202607;1201000D;00; NENV;R;28;78,80;0,012450;0,98;0,04;0,00;1,02;;
017;965;202607;202607;1201102D;00; NENV;R;1;0,50;0,012450;0,01;0,00;0,00;0,01;;
017;965;202607;202607;1201102S;00; NENV;R;1;0,80;0,012450;0,01;0,00;0,00;0,01;;
017;965;202607;202607;13011028;00; NENV;R;10;75,70;0,012450;0,94;0,04;0,00;0,98;;
017;965;202607;202607;1301102A;00; NENV;R;12;54,20;0,012450;0,67;0,03;0,00;0,70;;
017;965;202607;202607;1301102C;00; NENV;R;11;138,10;0,012450;1,72;0,07;0,00;1,78;;
017;965;202607;202607;1301102L;00; NENV;R;8;59,40;0,012450;0,74;0,03;0,00;0,77;;
017;965;202607;202607;1301102O;00; NENV;R;7;104,10;0,012450;1,30;0,05;0,00;1,35;;
017;965;202607;202607;1301102Q;00; NENV;R;10;16,50;0,012450;0,21;0,01;0,00;0,21;;
017;965;202607;202607;1301102R;00; NENV;R;14;218,40;0,012450;2,72;0,10;0,00;2,82;;
017;965;202607;202607;1401101U;00; NENV;R;25;169,80;0,012450;2,11;0,08;0,00;2,19;;
017;965;202607;202607;1401101Z;00; NENV;R;28;286,50;0,012450;3,57;0,14;0,00;3,70;;
017;965;202607;202607;14011024;00; NENV;R;26;103,70;0,012450;1,29;0,05;0,00;1,34;;
017;965;202607;202607;14011029;00; NENV;R;40;250,40;0,012450;3,12;0,12;0,00;3,24;;
017;965;202607;202607;1401102E;00; NENV;R;28;91,80;0,012450;1,14;0,04;0,00;1,19;;
017;965;202607;202607;1401102G;00; NENV;R;34;73,10;0,012450;0,91;0,03;0,00;0,94;;
017;965;202607;202607;1401102I;00; NENV;R;23;260,80;0,012450;3,25;0,12;0,00;3,37;;
017;965;202607;202607;1401102K;00; NENV;R;21;109,80;0,012450;1,37;0,05;0,00;1,42;;
017;965;202607;202607;1501101I;00; NENV;R;6;3,00;0,012450;0,04;0,00;0,00;0,04;;
017;965;202607;202607;1501101M;00; NENV;R;4;3,90;0,012450;0,05;0,00;0,00;0,05;;
017;965;202607;202607;1501101O;00; NENV;R;3;62,30;0,012450;0,78;0,03;0,00;0,81;;
017;965;202607;202607;1501101S;00; NENV;R;4;25,40;0,012450;0,32;0,01;0,00;0,33;;
017;965;202607;202607;15011023;00; NENV;R;4;2,00;0,012450;0,02;0,00;0,00;0,03;;
017;965;202607;202607;15011025;00; NENV;R;7;5,90;0,012450;0,07;0,00;0,00;0,08;;
017;965;202607;202607;15011027;00; NENV;R;4;2,70;0,012450;0,03;0,00;0,00;0,03;;
017;965;202607;202607;15011029;00; NENV;R;5;29,90;0,012450;0,37;0,01;0,00;0,39;;
017;965;202607;202607;1601101M;00; NENV;R;33;760,20;0,012450;9,46;0,36;0,00;9,82;;
017;965;202607;202607;1601101Q;00; NENV;R;48;678,50;0,012450;8,45;0,32;0,00;8,77;;
017;965;202607;202607;1601101U;00; NENV;R;52;1333,70;0,012450;16,60;0,63;0,00;17,23;;
017;965;202607;202607;1601101Z;00; NENV;R;38;489,70;0,012450;6,10;0,23;0,00;6,33;;
017;965;202607;202607;16011029;00; NENV;R;42;486,10;0,012450;6,05;0,23;0,00;6,28;;
017;965;202607;202607;1601102B;00; NENV;R;40;736,70;0,012450;9,17;0,35;0,00;9,52;;
017;965;202607;202607;1601102D;00; NENV;R;35;544,80;0,012450;6,78;0,26;0,00;7,04;;
017;965;202607;202607;1601102F;00; NENV;R;45;509,90;0,012450;6,35;0,24;0,00;6,59;;
017;965;202607;202607;1701000P;00; NENV;R;31;213,10;0,012450;2,65;0,10;0,00;2,75;;
017;965;202607;202607;1701000R;00; NENV;R;28;147,50;0,012450;1,84;0,07;0,00;1,91;;
017;965;202607;202607;1701000T;00; NENV;R;37;213,90;0,012450;2,66;0,10;0,00;2,76;;
017;965;202607;202607;1701000U;00; NENV;R;46;386,20;0,012450;4,81;0,18;0,00;4,99;;
017;965;202607;202607;1701101K;00; NENV;R;44;420,30;0,012450;5,23;0,20;0,00;5,43;;
017;965;202607;202607;1701101L;00; NENV;R;43;436,70;0,012450;5,44;0,21;0,00;5,64;;
017;965;202607;202607;1701101M;00; NENV;R;21;340,20;0,012450;4,24;0,16;0,00;4,40;;
017;965;202607;202607;1701101P;00; NENV;R;46;375,40;0,012450;4,67;0,18;0,00;4,85;;
017;965;202607;202607;1701101Z;00; NENV;R;52;504,90;0,012450;6,29;0,24;0,00;6,52;;
017;965;202607;202607;17011028;00; NENV;R;50;481,60;0,012450;6,00;0,23;0,00;6,22;;
017;965;202607;202607;17011029;00; NENV;R;54;488,50;0,012450;6,08;0,23;0,00;6,31;;
017;965;202607;202607;1701102D;00; NENV;R;48;322,00;0,012450;4,01;0,15;0,00;4,16;;
017;965;202607;202607;1801102S;00; NENV;R;1;0,50;0,012450;0,01;0,00;0,00;0,01;;
017;965;202607;202607;1901105H;00; NENV;R;77;615,10;0,012450;7,66;0,29;0,00;7,95;;
017;965;202607;202607;1901105I;00; NENV;R;57;441,70;0,012450;5,50;0,21;0,00;5,71;;
017;965;202607;202607;1901105K;00; NENV;R;81;662,00;0,012450;8,24;0,31;0,00;8,55;;
017;965;202607;202607;1901105M;00; NENV;R;70;560,70;0,012450;6,98;0,26;0,00;7,25;;
017;965;202607;202607;1901105O;00; NENV;R;84;564,80;0,012450;7,03;0,27;0,00;7,30;;
017;965;202607;202607;1901105Q;00; NENV;R;74;795,70;0,012450;9,91;0,38;0,00;10,28;;
017;965;202607;202607;1901105S;00; NENV;R;65;629,00;0,012450;7,83;0,30;0,00;8,13;;
017;965;202607;202607;1901105U;00; NENV;R;54;252,70;0,012450;3,15;0,12;0,00;3,27;;
;;;;;01;;;65583;79215,00;;1319,79;50,03;0,00;1369,78;;
017;966;202607;202607;14011029;00; NENV;N;1;0,50;0,017790;0,01;0,00;0,00;0,01;;
017;966;202607;202607;1501101I;00; NENV;N;1;0,50;0,017790;0,01;0,00;0,00;0,01;;
017;966;202607;202607;1801102J;00; NENV;N;1;0,50;0,017790;0,01;0,00;0,00;0,01;;
017;966;202607;202607;1801102Q;00; NENV;N;1;0,50;0,017790;0,01;0,00;0,00;0,01;;
017;966;202607;202607;1801102S;00; NENV;N;2;3,60;0,017790;0,06;0,00;0,00;0,07;;
017;966;202607;202607;1801102X;00; NENV;N;1;11,50;0,017790;0,20;0,01;0,00;0,21;;
;;;;;01;;;7;17,10;;0,30;0,01;0,00;0,32;;
017;967;202607;202607;12010009;00; NENV;N;1;0,50;0,017790;0,01;0,00;0,00;0,01;;
017;967;202607;202607;1201000B;00; NENV;N;1;1,60;0,017790;0,03;0,00;0,00;0,03;;
017;967;202607;202607;1201102D;00; NENV;N;1408;704,20;0,017790;12,53;0,47;0,00;13,00;;
017;967;202607;202607;1201102F;00; NENV;N;1386;697,60;0,017790;12,41;0,47;0,00;12,88;;
017;967;202607;202607;1201102H;00; NENV;N;1380;690,50;0,017790;12,28;0,47;0,00;12,75;;
017;967;202607;202607;1201102M;00; NENV;N;1015;509,40;0,017790;9,06;0,34;0,00;9,41;;
017;967;202607;202607;1201102P;00; NENV;N;1079;545,80;0,017790;9,71;0,37;0,00;10,08;;
017;967;202607;202607;1201102R;00; NENV;N;1034;520,10;0,017790;9,25;0,35;0,00;9,60;;
017;967;202607;202607;1201102S;00; NENV;N;1006;503,30;0,017790;8,95;0,34;0,00;9,29;;
017;967;202607;202607;13011028;00; NENV;N;1173;587,30;0,017790;10,45;0,40;0,00;10,84;;
017;967;202607;202607;1301102A;00; NENV;N;1290;662,20;0,017790;11,78;0,45;0,00;12,23;;
017;967;202607;202607;1301102C;00; NENV;N;1235;618,40;0,017790;11,00;0,42;0,00;11,42;;
017;967;202607;202607;1301102L;00; NENV;N;916;461,90;0,017790;8,22;0,31;0,00;8,53;;
017;967;202607;202607;1301102O;00; NENV;N;938;470,30;0,017790;8,37;0,32;0,00;8,68;;
017;967;202607;202607;1301102Q;00; NENV;N;911;458,20;0,017790;8,15;0,31;0,00;8,46;;
017;967;202607;202607;1301102R;00; NENV;N;915;458,70;0,017790;8,16;0,31;0,00;8,47;;
017;967;202607;202607;1401101U;00; NENV;N;582;338,10;0,017790;6,01;0,23;0,00;6,24;;
017;967;202607;202607;1401101Z;00; NENV;N;480;241,10;0,017790;4,29;0,16;0,00;4,45;;
017;967;202607;202607;14011024;00; NENV;N;591;302,40;0,017790;5,38;0,20;0,00;5,58;;
017;967;202607;202607;14011029;00; NENV;N;618;329,10;0,017790;5,85;0,22;0,00;6,08;;
017;967;202607;202607;1401102E;00; NENV;N;577;340,20;0,017790;6,05;0,23;0,00;6,28;;
017;967;202607;202607;1401102G;00; NENV;N;568;285,80;0,017790;5,08;0,19;0,00;5,28;;
017;967;202607;202607;1401102I;00; NENV;N;612;313,30;0,017790;5,57;0,21;0,00;5,78;;
017;967;202607;202607;1401102K;00; NENV;N;568;341,00;0,017790;6,07;0,23;0,00;6,30;;
017;967;202607;202607;1501101I;00; NENV;N;214;107,60;0,017790;1,91;0,07;0,00;1,99;;
017;967;202607;202607;1501101M;00; NENV;N;211;119,60;0,017790;2,13;0,08;0,00;2,21;;
017;967;202607;202607;1501101O;00; NENV;N;249;131,80;0,017790;2,34;0,09;0,00;2,43;;
017;967;202607;202607;1501101S;00; NENV;N;220;110,10;0,017790;1,96;0,07;0,00;2,03;;
017;967;202607;202607;15011020;00; NENV;N;1;0,50;0,017790;0,01;0,00;0,00;0,01;;
017;967;202607;202607;15011023;00; NENV;N;228;114,00;0,017790;2,03;0,08;0,00;2,10;;
017;967;202607;202607;15011025;00; NENV;N;247;123,50;0,017790;2,20;0,08;0,00;2,28;;
017;967;202607;202607;15011027;00; NENV;N;255;135,80;0,017790;2,42;0,09;0,00;2,51;;
017;967;202607;202607;15011029;00; NENV;N;250;125,00;0,017790;2,22;0,08;0,00;2,31;;
017;967;202607;202607;1601101M;00; NENV;N;1366;684,60;0,017790;12,18;0,46;0,00;12,64;;
017;967;202607;202607;1601101Q;00; NENV;N;1711;864,00;0,017790;15,37;0,58;0,00;15,95;;
017;967;202607;202607;1601101U;00; NENV;N;1690;881,70;0,017790;15,69;0,59;0,00;16,28;;
017;967;202607;202607;1601101Z;00; NENV;N;1680;846,70;0,017790;15,06;0,57;0,00;15,63;;
017;967;202607;202607;16011029;00; NENV;N;1619;812,10;0,017790;14,45;0,55;0,00;14,99;;
017;967;202607;202607;1601102B;00; NENV;N;1734;871,90;0,017790;15,51;0,59;0,00;16,10;;
017;967;202607;202607;1601102D;00; NENV;N;1709;855,40;0,017790;15,22;0,58;0,00;15,79;;
017;967;202607;202607;1601102F;00; NENV;N;1699;876,90;0,017790;15,60;0,59;0,00;16,19;;
017;967;202607;202607;1701000P;00; NENV;N;2;1,00;0,017790;0,02;0,00;0,00;0,02;;
017;967;202607;202607;1701000R;00; NENV;N;1;0,50;0,017790;0,01;0,00;0,00;0,01;;
017;967;202607;202607;1701000T;00; NENV;N;1;0,50;0,017790;0,01;0,00;0,00;0,01;;
017;967;202607;202607;1701101K;00; NENV;N;890;461,00;0,017790;8,20;0,31;0,00;8,51;;
017;967;202607;202607;1701101L;00; NENV;N;1080;540,70;0,017790;9,62;0,36;0,00;9,98;;
017;967;202607;202607;1701101M;00; NENV;N;1054;541,70;0,017790;9,64;0,37;0,00;10,00;;
017;967;202607;202607;1701101P;00; NENV;N;1025;528,90;0,017790;9,41;0,36;0,00;9,77;;
017;967;202607;202607;1701101Z;00; NENV;N;1044;527,40;0,017790;9,38;0,36;0,00;9,74;;
017;967;202607;202607;17011028;00; NENV;N;1077;550,30;0,017790;9,79;0,37;0,00;10,16;;
017;967;202607;202607;17011029;00; NENV;N;1012;510,70;0,017790;9,09;0,34;0,00;9,43;;
017;967;202607;202607;1701102D;00; NENV;N;1035;523,60;0,017790;9,31;0,35;0,00;9,67;;
017;967;202607;202607;18011029;00; NENV;N;373;204,30;0,017790;3,63;0,14;0,00;3,77;;
017;967;202607;202607;1801102D;00; NENV;N;353;223,50;0,017790;3,98;0,15;0,00;4,13;;
017;967;202607;202607;1801102F;00; NENV;N;373;264,40;0,017790;4,70;0,18;0,00;4,88;;
017;967;202607;202607;1801102J;00; NENV;N;324;175,50;0,017790;3,12;0,12;0,00;3,24;;
017;967;202607;202607;1801102Q;00; NENV;N;374;201,30;0,017790;3,58;0,14;0,00;3,72;;
017;967;202607;202607;1801102S;00; NENV;N;373;318,80;0,017790;5,67;0,21;0,00;5,89;;
017;967;202607;202607;1801102U;00; NENV;N;386;231,90;0,017790;4,13;0,16;0,00;4,28;;
017;967;202607;202607;1801102X;00; NENV;N;375;227,10;0,017790;4,04;0,15;0,00;4,19;;
017;967;202607;202607;1901105H;00; NENV;N;905;483,40;0,017790;8,60;0,33;0,00;8,93;;
017;967;202607;202607;1901105I;00; NENV;N;917;460,50;0,017790;8,19;0,31;0,00;8,50;;
017;967;202607;202607;1901105K;00; NENV;N;673;354,10;0,017790;6,30;0,24;0,00;6,54;;
017;967;202607;202607;1901105M;00; NENV;N;915;461,40;0,017790;8,21;0,31;0,00;8,52;;
017;967;202607;202607;1901105O;00; NENV;N;914;459,80;0,017790;8,18;0,31;0,00;8,49;;
017;967;202607;202607;1901105Q;00; NENV;N;863;464,00;0,017790;8,25;0,31;0,00;8,57;;
017;967;202607;202607;1901105S;00; NENV;N;874;448,40;0,017790;7,98;0,30;0,00;8,28;;
017;967;202607;202607;1901105U;00; NENV;N;886;479,70;0,017790;8,53;0,32;0,00;8,86;;
017;967;202607;202607;1201102D;00; NENV;R;2;1,00;0,012450;0,01;0,00;0,00;0,01;;
017;967;202607;202607;1201102R;00; NENV;R;3;2,50;0,012450;0,03;0,00;0,00;0,03;;
017;967;202607;202607;1201102S;00; NENV;R;2;1,00;0,012450;0,01;0,00;0,00;0,01;;
017;967;202607;202607;13011028;00; NENV;R;1;0,70;0,012450;0,01;0,00;0,00;0,01;;
017;967;202607;202607;1301102R;00; NENV;R;2;1,20;0,012450;0,01;0,00;0,00;0,02;;
017;967;202607;202607;14011029;00; NENV;R;1;0,50;0,012450;0,01;0,00;0,00;0,01;;
017;967;202607;202607;1401102G;00; NENV;R;1;0,50;0,012450;0,01;0,00;0,00;0,01;;
017;967;202607;202607;1601101U;00; NENV;R;1;0,50;0,012450;0,01;0,00;0,00;0,01;;
017;967;202607;202607;17011029;00; NENV;R;1;0,50;0,012450;0,01;0,00;0,00;0,01;;
017;967;202607;202607;18011029;00; NENV;R;3;21,80;0,012450;0,27;0,01;0,00;0,28;;
017;967;202607;202607;1801102D;00; NENV;R;2;1,00;0,012450;0,01;0,00;0,00;0,01;;
017;967;202607;202607;1801102F;00; NENV;R;4;2,00;0,012450;0,02;0,00;0,00;0,03;;
017;967;202607;202607;1801102J;00; NENV;R;3;11,60;0,012450;0,14;0,01;0,00;0,15;;
017;967;202607;202607;1801102Q;00; NENV;R;5;3,20;0,012450;0,04;0,00;0,00;0,04;;
017;967;202607;202607;1801102S;00; NENV;R;3;1,50;0,012450;0,02;0,00;0,00;0,02;;
017;967;202607;202607;1801102U;00; NENV;R;5;2,70;0,012450;0,03;0,00;0,00;0,03;;
017;967;202607;202607;1801102X;00; NENV;R;1;1,50;0,012450;0,02;0,00;0,00;0,02;;
017;967;202607;202607;1901105K;00; NENV;R;2;1,00;0,012450;0,01;0,00;0,00;0,01;;
017;967;202607;202607;1901105M;00; NENV;R;1;0,50;0,012450;0,01;0,00;0,00;0,01;;
017;967;202607;202607;1901105Q;00; NENV;R;1;0,50;0,012450;0,01;0,00;0,00;0,01;;
017;967;202607;202607;1901105S;00; NENV;R;1;0,50;0,012450;0,01;0,00;0,00;0,01;;
017;967;202607;202607;1901105U;00; NENV;R;1;0,50;0,012450;0,01;0,00;0,00;0,01;;
;;;;;01;;;53512;27743,30;;493,24;18,67;0,00;511,95;;
017;968;202607;202607;12010009;00; NENV;N;19;23,90;0,017790;0,43;0,02;0,00;0,44;;
017;968;202607;202607;1201000B;00; NENV;N;23;65,40;0,017790;1,16;0,04;0,00;1,21;;
017;968;202607;202607;1201000D;00; NENV;N;43;63,70;0,017790;1,13;0,04;0,00;1,18;;
017;968;202607;202607;1201102D;00; NENV;N;669;335,40;0,017790;5,97;0,23;0,00;6,19;;
017;968;202607;202607;1201102F;00; NENV;N;657;329,30;0,017790;5,86;0,22;0,00;6,08;;
017;968;202607;202607;1201102H;00; NENV;N;703;351,60;0,017790;6,25;0,24;0,00;6,49;;
017;968;202607;202607;1201102M;00; NENV;N;580;290,10;0,017790;5,16;0,20;0,00;5,36;;
017;968;202607;202607;1201102P;00; NENV;N;528;273,70;0,017790;4,87;0,18;0,00;5,05;;
017;968;202607;202607;1201102R;00; NENV;N;503;252,90;0,017790;4,50;0,17;0,00;4,67;;
017;968;202607;202607;1201102S;00; NENV;N;547;273,50;0,017790;4,87;0,18;0,00;5,05;;
017;968;202607;202607;13011028;00; NENV;N;578;295,20;0,017790;5,25;0,20;0,00;5,45;;
017;968;202607;202607;1301102A;00; NENV;N;645;324,80;0,017790;5,78;0,22;0,00;6,00;;
017;968;202607;202607;1301102C;00; NENV;N;653;326,90;0,017790;5,82;0,22;0,00;6,04;;
017;968;202607;202607;1301102L;00; NENV;N;470;255,80;0,017790;4,55;0,17;0,00;4,72;;
017;968;202607;202607;1301102O;00; NENV;N;488;245,30;0,017790;4,36;0,17;0,00;4,53;;
017;968;202607;202607;1301102Q;00; NENV;N;457;228,50;0,017790;4,07;0,15;0,00;4,22;;
017;968;202607;202607;1301102R;00; NENV;N;454;232,00;0,017790;4,13;0,16;0,00;4,28;;
017;968;202607;202607;1401101U;00; NENV;N;297;152,60;0,017790;2,71;0,10;0,00;2,82;;
017;968;202607;202607;1401101Z;00; NENV;N;241;140,70;0,017790;2,50;0,09;0,00;2,60;;
017;968;202607;202607;14011024;00; NENV;N;287;150,60;0,017790;2,68;0,10;0,00;2,78;;
017;968;202607;202607;14011029;00; NENV;N;270;137,40;0,017790;2,44;0,09;0,00;2,54;;
017;968;202607;202607;1401102E;00; NENV;N;293;151,40;0,017790;2,69;0,10;0,00;2,80;;
017;968;202607;202607;1401102G;00; NENV;N;301;169,50;0,017790;3,02;0,11;0,00;3,13;;
017;968;202607;202607;1401102I;00; NENV;N;306;157,90;0,017790;2,81;0,11;0,00;2,92;;
017;968;202607;202607;1401102K;00; NENV;N;277;139,10;0,017790;2,47;0,09;0,00;2,57;;
017;968;202607;202607;1501101I;00; NENV;N;117;58,60;0,017790;1,04;0,04;0,00;1,08;;
017;968;202607;202607;1501101M;00; NENV;N;94;47,20;0,017790;0,84;0,03;0,00;0,87;;
017;968;202607;202607;1501101O;00; NENV;N;115;57,50;0,017790;1,02;0,04;0,00;1,06;;
017;968;202607;202607;1501101S;00; NENV;N;124;62,00;0,017790;1,10;0,04;0,00;1,14;;
017;968;202607;202607;15011023;00; NENV;N;115;57,60;0,017790;1,02;0,04;0,00;1,06;;
017;968;202607;202607;15011025;00; NENV;N;114;58,90;0,017790;1,05;0,04;0,00;1,09;;
017;968;202607;202607;15011027;00; NENV;N;124;99,20;0,017790;1,76;0,07;0,00;1,83;;
017;968;202607;202607;15011029;00; NENV;N;110;55,00;0,017790;0,98;0,04;0,00;1,02;;
017;968;202607;202607;1601101M;00; NENV;N;739;409,80;0,017790;7,29;0,28;0,00;7,57;;
017;968;202607;202607;1601101Q;00; NENV;N;878;483,70;0,017790;8,61;0,33;0,00;8,93;;
017;968;202607;202607;1601101U;00; NENV;N;880;521,00;0,017790;9,27;0,35;0,00;9,62;;
017;968;202607;202607;1601101Z;00; NENV;N;869;528,60;0,017790;9,40;0,36;0,00;9,76;;
017;968;202607;202607;16011029;00; NENV;N;911;518,50;0,017790;9,22;0,35;0,00;9,57;;
017;968;202607;202607;1601102B;00; NENV;N;843;450,30;0,017790;8,01;0,30;0,00;8,31;;
017;968;202607;202607;1601102D;00; NENV;N;897;481,10;0,017790;8,56;0,32;0,00;8,88;;
017;968;202607;202607;1601102F;00; NENV;N;816;422,30;0,017790;7,51;0,28;0,00;7,80;;
017;968;202607;202607;1701000P;00; NENV;N;8;13,30;0,017790;0,24;0,01;0,00;0,25;;
017;968;202607;202607;1701000R;00; NENV;N;6;27,20;0,017790;0,48;0,02;0,00;0,50;;
017;968;202607;202607;1701000T;00; NENV;N;11;8,40;0,017790;0,15;0,01;0,00;0,16;;
017;968;202607;202607;1701000U;00; NENV;N;4;62,70;0,017790;1,12;0,04;0,00;1,16;;
017;968;202607;202607;1701101K;00; NENV;N;446;250,30;0,017790;4,45;0,17;0,00;4,62;;
017;968;202607;202607;1701101L;00; NENV;N;531;275,50;0,017790;4,90;0,19;0,00;5,09;;
017;968;202607;202607;1701101M;00; NENV;N;545;300,50;0,017790;5,35;0,20;0,00;5,55;;
017;968;202607;202607;1701101P;00; NENV;N;503;277,20;0,017790;4,93;0,19;0,00;5,12;;
017;968;202607;202607;1701101Z;00; NENV;N;512;259,00;0,017790;4,61;0,17;0,00;4,78;;
017;968;202607;202607;17011028;00; NENV;N;539;286,30;0,017790;5,09;0,19;0,00;5,29;;
017;968;202607;202607;17011029;00; NENV;N;506;294,60;0,017790;5,24;0,20;0,00;5,44;;
017;968;202607;202607;1701102D;00; NENV;N;542;321,40;0,017790;5,72;0,22;0,00;5,93;;
017;968;202607;202607;18011029;00; NENV;N;156;78,20;0,017790;1,39;0,05;0,00;1,44;;
017;968;202607;202607;1801102D;00; NENV;N;178;89,20;0,017790;1,59;0,06;0,00;1,65;;
017;968;202607;202607;1801102F;00; NENV;N;171;85,50;0,017790;1,52;0,06;0,00;1,58;;
017;968;202607;202607;1801102J;00; NENV;N;118;59,00;0,017790;1,05;0,04;0,00;1,09;;
017;968;202607;202607;1801102Q;00; NENV;N;176;88,00;0,017790;1,57;0,06;0,00;1,62;;
017;968;202607;202607;1801102S;00; NENV;N;179;89,70;0,017790;1,60;0,06;0,00;1,66;;
017;968;202607;202607;1801102U;00; NENV;N;167;83,70;0,017790;1,49;0,06;0,00;1,55;;
017;968;202607;202607;1801102X;00; NENV;N;170;85,20;0,017790;1,52;0,06;0,00;1,57;;
017;968;202607;202607;1901105H;00; NENV;N;488;251,40;0,017790;4,47;0,17;0,00;4,64;;
017;968;202607;202607;1901105I;00; NENV;N;430;218,70;0,017790;3,89;0,15;0,00;4,04;;
017;968;202607;202607;1901105K;00; NENV;N;327;176,00;0,017790;3,13;0,12;0,00;3,25;;
017;968;202607;202607;1901105M;00; NENV;N;474;296,70;0,017790;5,28;0,20;0,00;5,48;;
017;968;202607;202607;1901105O;00; NENV;N;424;226,60;0,017790;4,03;0,15;0,00;4,18;;
017;968;202607;202607;1901105Q;00; NENV;N;471;271,80;0,017790;4,84;0,18;0,00;5,02;;
017;968;202607;202607;1901105S;00; NENV;N;489;301,30;0,017790;5,36;0,20;0,00;5,56;;
017;968;202607;202607;1901105U;00; NENV;N;462;242,70;0,017790;4,32;0,16;0,00;4,48;;
017;968;202607;202607;12010009;00; NENV;R;7;256,50;0,012450;3,19;0,12;0,00;3,31;;
017;968;202607;202607;1201000B;00; NENV;R;5;129,40;0,012450;1,61;0,06;0,00;1,67;;
017;968;202607;202607;1201000D;00; NENV;R;11;179,90;0,012450;2,24;0,08;0,00;2,32;;
017;968;202607;202607;13011028;00; NENV;R;3;78,70;0,012450;0,98;0,04;0,00;1,02;;
017;968;202607;202607;1301102A;00; NENV;R;1;59,70;0,012450;0,74;0,03;0,00;0,77;;
017;968;202607;202607;1301102L;00; NENV;R;2;53,30;0,012450;0,66;0,03;0,00;0,69;;
017;968;202607;202607;1301102Q;00; NENV;R;2;31,70;0,012450;0,39;0,01;0,00;0,41;;
017;968;202607;202607;1401101U;00; NENV;R;3;8,30;0,012450;0,10;0,00;0,00;0,11;;
017;968;202607;202607;14011024;00; NENV;R;3;5,40;0,012450;0,07;0,00;0,00;0,07;;
017;968;202607;202607;14011029;00; NENV;R;1;0,90;0,012450;0,01;0,00;0,00;0,01;;
017;968;202607;202607;1401102E;00; NENV;R;1;0,60;0,012450;0,01;0,00;0,00;0,01;;
017;968;202607;202607;1401102G;00; NENV;R;2;1,20;0,012450;0,01;0,00;0,00;0,02;;
017;968;202607;202607;1401102I;00; NENV;R;1;0,70;0,012450;0,01;0,00;0,00;0,01;;
017;968;202607;202607;1401102K;00; NENV;R;2;12,40;0,012450;0,15;0,01;0,00;0,16;;
017;968;202607;202607;1501101M;00; NENV;R;1;0,50;0,012450;0,01;0,00;0,00;0,01;;
017;968;202607;202607;1601101M;00; NENV;R;2;19,50;0,012450;0,24;0,01;0,00;0,25;;
017;968;202607;202607;1601101Q;00; NENV;R;2;14,00;0,012450;0,17;0,01;0,00;0,18;;
017;968;202607;202607;1601101U;00; NENV;R;1;0,50;0,012450;0,01;0,00;0,00;0,01;;
017;968;202607;202607;1601101Z;00; NENV;R;2;2,50;0,012450;0,03;0,00;0,00;0,03;;
017;968;202607;202607;16011029;00; NENV;R;4;79,80;0,012450;0,99;0,04;0,00;1,03;;
017;968;202607;202607;1601102D;00; NENV;R;4;38,70;0,012450;0,48;0,02;0,00;0,50;;
017;968;202607;202607;1601102F;00; NENV;R;1;1,80;0,012450;0,02;0,00;0,00;0,02;;
017;968;202607;202607;1701000P;00; NENV;R;1;0,50;0,012450;0,01;0,00;0,00;0,01;;
017;968;202607;202607;1701000U;00; NENV;R;1;10,90;0,012450;0,14;0,01;0,00;0,14;;
017;968;202607;202607;1701101K;00; NENV;R;1;0,60;0,012450;0,01;0,00;0,00;0,01;;
017;968;202607;202607;1701101M;00; NENV;R;2;30,50;0,012450;0,38;0,01;0,00;0,39;;
017;968;202607;202607;1701101P;00; NENV;R;1;3,20;0,012450;0,04;0,00;0,00;0,04;;
017;968;202607;202607;17011028;00; NENV;R;1;0,50;0,012450;0,01;0,00;0,00;0,01;;
017;968;202607;202607;17011029;00; NENV;R;2;60,50;0,012450;0,75;0,03;0,00;0,78;;
017;968;202607;202607;1701102D;00; NENV;R;3;2,00;0,012450;0,02;0,00;0,00;0,03;;
017;968;202607;202607;1901105H;00; NENV;R;1;18,80;0,012450;0,23;0,01;0,00;0,24;;
017;968;202607;202607;1901105I;00; NENV;R;2;1,00;0,012450;0,01;0,00;0,00;0,01;;
017;968;202607;202607;1901105K;00; NENV;R;2;1,50;0,012450;0,02;0,00;0,00;0,02;;
017;968;202607;202607;1901105M;00; NENV;R;5;2,80;0,012450;0,03;0,00;0,00;0,04;;
017;968;202607;202607;1901105O;00; NENV;R;4;6,90;0,012450;0,09;0,00;0,00;0,09;;
017;968;202607;202607;1901105Q;00; NENV;R;6;28,90;0,012450;0,36;0,01;0,00;0,37;;
017;968;202607;202607;1901105S;00; NENV;R;2;3,00;0,012450;0,04;0,00;0,00;0,04;;
017;968;202607;202607;1901105U;00; NENV;R;3;2,40;0,012450;0,03;0,00;0,00;0,03;;
;;;;;01;;;27166;15848,60;;275,78;10,43;0,00;286,27;;
017;969;202607;202607;12010009;00; NENV;N;73;206,30;0,017790;3,67;0,14;0,00;3,81;;
017;969;202607;202607;1201000B;00; NENV;N;91;228,90;0,017790;4,07;0,15;0,00;4,23;;
017;969;202607;202607;1201000D;00; NENV;N;96;344,80;0,017790;6,13;0,23;0,00;6,37;;
017;969;202607;202607;1201102D;00; NENV;N;683;344,00;0,017790;6,12;0,23;0,00;6,35;;
017;969;202607;202607;1201102F;00; NENV;N;722;361,90;0,017790;6,44;0,24;0,00;6,68;;
017;969;202607;202607;1201102H;00; NENV;N;681;340,60;0,017790;6,06;0,23;0,00;6,29;;
017;969;202607;202607;1201102M;00; NENV;N;515;257,90;0,017790;4,59;0,17;0,00;4,76;;
017;969;202607;202607;1201102P;00; NENV;N;547;274,90;0,017790;4,89;0,19;0,00;5,08;;
017;969;202607;202607;1201102R;00; NENV;N;474;237,90;0,017790;4,23;0,16;0,00;4,39;;
017;969;202607;202607;1201102S;00; NENV;N;547;274,40;0,017790;4,88;0,18;0,00;5,07;;
017;969;202607;202607;13011028;00; NENV;N;616;336,20;0,017790;5,98;0,23;0,00;6,21;;
017;969;202607;202607;1301102A;00; NENV;N;647;349,20;0,017790;6,21;0,24;0,00;6,45;;
017;969;202607;202607;1301102C;00; NENV;N;682;372,30;0,017790;6,62;0,25;0,00;6,87;;
017;969;202607;202607;1301102L;00; NENV;N;441;231,10;0,017790;4,11;0,16;0,00;4,27;;
017;969;202607;202607;1301102O;00; NENV;N;467;331,10;0,017790;5,89;0,22;0,00;6,11;;
017;969;202607;202607;1301102Q;00; NENV;N;516;292,70;0,017790;5,21;0,20;0,00;5,40;;
017;969;202607;202607;1301102R;00; NENV;N;488;256,10;0,017790;4,56;0,17;0,00;4,73;;
017;969;202607;202607;1401101U;00; NENV;N;287;192,10;0,017790;3,42;0,13;0,00;3,55;;
017;969;202607;202607;1401101Z;00; NENV;N;230;164,30;0,017790;2,92;0,11;0,00;3,03;;
017;969;202607;202607;14011024;00; NENV;N;279;161,80;0,017790;2,88;0,11;0,00;2,99;;
017;969;202607;202607;14011029;00; NENV;N;288;147,90;0,017790;2,63;0,10;0,00;2,73;;
017;969;202607;202607;1401102E;00; NENV;N;272;201,00;0,017790;3,58;0,14;0,00;3,71;;
017;969;202607;202607;1401102G;00; NENV;N;267;173,00;0,017790;3,08;0,12;0,00;3,19;;
017;969;202607;202607;1401102I;00; NENV;N;287;155,10;0,017790;2,76;0,10;0,00;2,86;;
017;969;202607;202607;1401102K;00; NENV;N;293;241,40;0,017790;4,29;0,16;0,00;4,46;;
017;969;202607;202607;1501101I;00; NENV;N;126;64,60;0,017790;1,15;0,04;0,00;1,19;;
017;969;202607;202607;1501101M;00; NENV;N;115;61,50;0,017790;1,09;0,04;0,00;1,14;;
017;969;202607;202607;1501101O;00; NENV;N;134;71,50;0,017790;1,27;0,05;0,00;1,32;;
017;969;202607;202607;1501101S;00; NENV;N;125;65,90;0,017790;1,17;0,04;0,00;1,22;;
017;969;202607;202607;15011023;00; NENV;N;125;62,50;0,017790;1,11;0,04;0,00;1,15;;
017;969;202607;202607;15011025;00; NENV;N;128;65,80;0,017790;1,17;0,04;0,00;1,21;;
017;969;202607;202607;15011027;00; NENV;N;143;73,50;0,017790;1,31;0,05;0,00;1,36;;
017;969;202607;202607;15011029;00; NENV;N;128;74,30;0,017790;1,32;0,05;0,00;1,37;;
017;969;202607;202607;1601101M;00; NENV;N;715;411,00;0,017790;7,31;0,28;0,00;7,59;;
017;969;202607;202607;1601101Q;00; NENV;N;877;454,70;0,017790;8,09;0,31;0,00;8,40;;
017;969;202607;202607;1601101U;00; NENV;N;867;460,00;0,017790;8,18;0,31;0,00;8,49;;
017;969;202607;202607;1601101Z;00; NENV;N;879;467,10;0,017790;8,31;0,31;0,00;8,62;;
017;969;202607;202607;16011029;00; NENV;N;906;476,40;0,017790;8,48;0,32;0,00;8,80;;
017;969;202607;202607;1601102B;00; NENV;N;923;487,40;0,017790;8,67;0,33;0,00;9,00;;
017;969;202607;202607;1601102D;00; NENV;N;917;475,80;0,017790;8,46;0,32;0,00;8,79;;
017;969;202607;202607;1601102F;00; NENV;N;881;485,60;0,017790;8,64;0,33;0,00;8,97;;
017;969;202607;202607;1701000P;00; NENV;N;8;21,60;0,017790;0,38;0,01;0,00;0,40;;
017;969;202607;202607;1701000R;00; NENV;N;12;62,70;0,017790;1,12;0,04;0,00;1,16;;
017;969;202607;202607;1701000T;00; NENV;N;11;35,70;0,017790;0,64;0,02;0,00;0,66;;
017;969;202607;202607;1701000U;00; NENV;N;6;32,10;0,017790;0,57;0,02;0,00;0,59;;
017;969;202607;202607;1701101K;00; NENV;N;453;305,40;0,017790;5,43;0,21;0,00;5,64;;
017;969;202607;202607;1701101L;00; NENV;N;550;304,70;0,017790;5,42;0,21;0,00;5,63;;
017;969;202607;202607;1701101M;00; NENV;N;574;387,90;0,017790;6,90;0,26;0,00;7,16;;
017;969;202607;202607;1701101P;00; NENV;N;509;303,40;0,017790;5,40;0,20;0,00;5,60;;
017;969;202607;202607;1701101Z;00; NENV;N;553;344,40;0,017790;6,13;0,23;0,00;6,36;;
017;969;202607;202607;17011028;00; NENV;N;581;339,20;0,017790;6,03;0,23;0,00;6,26;;
017;969;202607;202607;17011029;00; NENV;N;567;302,60;0,017790;5,38;0,20;0,00;5,59;;
017;969;202607;202607;1701102D;00; NENV;N;543;299,10;0,017790;5,32;0,20;0,00;5,52;;
017;969;202607;202607;18011029;00; NENV;N;180;90,70;0,017790;1,61;0,06;0,00;1,67;;
017;969;202607;202607;1801102D;00; NENV;N;210;105,70;0,017790;1,88;0,07;0,00;1,95;;
017;969;202607;202607;1801102F;00; NENV;N;201;100,60;0,017790;1,79;0,07;0,00;1,86;;
017;969;202607;202607;1801102J;00; NENV;N;170;86,70;0,017790;1,54;0,06;0,00;1,60;;
017;969;202607;202607;1801102Q;00; NENV;N;202;101,80;0,017790;1,81;0,07;0,00;1,88;;
017;969;202607;202607;1801102S;00; NENV;N;184;92,40;0,017790;1,64;0,06;0,00;1,71;;
017;969;202607;202607;1801102U;00; NENV;N;191;96,40;0,017790;1,71;0,06;0,00;1,78;;
017;969;202607;202607;1801102X;00; NENV;N;189;100,30;0,017790;1,78;0,07;0,00;1,85;;
017;969;202607;202607;1901105H;00; NENV;N;483;341,50;0,017790;6,08;0,23;0,00;6,31;;
017;969;202607;202607;1901105I;00; NENV;N;458;330,70;0,017790;5,88;0,22;0,00;6,11;;
017;969;202607;202607;1901105K;00; NENV;N;362;225,30;0,017790;4,01;0,15;0,00;4,16;;
017;969;202607;202607;1901105M;00; NENV;N;508;304,20;0,017790;5,41;0,21;0,00;5,62;;
017;969;202607;202607;1901105O;00; NENV;N;466;264,10;0,017790;4,70;0,18;0,00;4,88;;
017;969;202607;202607;1901105Q;00; NENV;N;446;328,40;0,017790;5,84;0,22;0,00;6,06;;
017;969;202607;202607;1901105S;00; NENV;N;504;289,70;0,017790;5,15;0,20;0,00;5,35;;
017;969;202607;202607;1901105U;00; NENV;N;483;285,30;0,017790;5,08;0,19;0,00;5,27;;
017;969;202607;202607;1201000B;00; NENV;R;1;1,40;0,012450;0,02;0,00;0,00;0,02;;
017;969;202607;202607;1201000D;00; NENV;R;1;5,80;0,012450;0,07;0,00;0,00;0,07;;
017;969;202607;202607;1301102A;00; NENV;R;1;0,50;0,012450;0,01;0,00;0,00;0,01;;
017;969;202607;202607;1301102C;00; NENV;R;1;1,40;0,012450;0,02;0,00;0,00;0,02;;
017;969;202607;202607;1301102L;00; NENV;R;3;1,50;0,012450;0,02;0,00;0,00;0,02;;
017;969;202607;202607;1301102Q;00; NENV;R;2;1,40;0,012450;0,02;0,00;0,00;0,02;;
017;969;202607;202607;1401101U;00; NENV;R;2;15,00;0,012450;0,19;0,01;0,00;0,19;;
017;969;202607;202607;1401101Z;00; NENV;R;2;41,00;0,012450;0,51;0,02;0,00;0,53;;
017;969;202607;202607;14011024;00; NENV;R;1;2,70;0,012450;0,03;0,00;0,00;0,03;;
017;969;202607;202607;14011029;00; NENV;R;1;12,30;0,012450;0,15;0,01;0,00;0,16;;
017;969;202607;202607;1401102E;00; NENV;R;3;28,80;0,012450;0,36;0,01;0,00;0,37;;
017;969;202607;202607;1401102G;00; NENV;R;3;29,20;0,012450;0,36;0,01;0,00;0,38;;
017;969;202607;202607;1401102I;00; NENV;R;1;39,80;0,012450;0,50;0,02;0,00;0,51;;
017;969;202607;202607;1401102K;00; NENV;R;3;21,00;0,012450;0,26;0,01;0,00;0,27;;
017;969;202607;202607;1501101I;00; NENV;R;1;0,50;0,012450;0,01;0,00;0,00;0,01;;
017;969;202607;202607;1501101O;00; NENV;R;1;0,50;0,012450;0,01;0,00;0,00;0,01;;
017;969;202607;202607;15011025;00; NENV;R;1;0,50;0,012450;0,01;0,00;0,00;0,01;;
017;969;202607;202607;1601101M;00; NENV;R;1;13,70;0,012450;0,17;0,01;0,00;0,18;;
017;969;202607;202607;1601101Q;00; NENV;R;2;1,00;0,012450;0,01;0,00;0,00;0,01;;
017;969;202607;202607;1601101U;00; NENV;R;6;19,50;0,012450;0,24;0,01;0,00;0,25;;
017;969;202607;202607;1601101Z;00; NENV;R;2;11,70;0,012450;0,15;0,01;0,00;0,15;;
017;969;202607;202607;16011029;00; NENV;R;2;23,50;0,012450;0,29;0,01;0,00;0,30;;
017;969;202607;202607;1601102B;00; NENV;R;7;8,90;0,012450;0,11;0,00;0,00;0,12;;
017;969;202607;202607;1601102D;00; NENV;R;2;8,20;0,012450;0,10;0,00;0,00;0,11;;
017;969;202607;202607;1601102F;00; NENV;R;1;0,50;0,012450;0,01;0,00;0,00;0,01;;
017;969;202607;202607;1701000P;00; NENV;R;4;19,60;0,012450;0,24;0,01;0,00;0,25;;
017;969;202607;202607;1701000R;00; NENV;R;1;5,10;0,012450;0,06;0,00;0,00;0,07;;
017;969;202607;202607;1701000T;00; NENV;R;2;26,50;0,012450;0,33;0,01;0,00;0,34;;
017;969;202607;202607;1701000U;00; NENV;R;1;0,70;0,012450;0,01;0,00;0,00;0,01;;
017;969;202607;202607;1701101K;00; NENV;R;3;40,10;0,012450;0,50;0,02;0,00;0,52;;
017;969;202607;202607;1701101L;00; NENV;R;3;42,40;0,012450;0,53;0,02;0,00;0,55;;
017;969;202607;202607;1701101M;00; NENV;R;2;4,40;0,012450;0,05;0,00;0,00;0,06;;
017;969;202607;202607;1701101P;00; NENV;R;6;9,10;0,012450;0,11;0,00;0,00;0,12;;
017;969;202607;202607;1701101Z;00; NENV;R;2;7,40;0,012450;0,09;0,00;0,00;0,10;;
017;969;202607;202607;17011028;00; NENV;R;1;5,40;0,012450;0,07;0,00;0,00;0,07;;
017;969;202607;202607;17011029;00; NENV;R;4;12,10;0,012450;0,15;0,01;0,00;0,16;;
017;969;202607;202607;1701102D;00; NENV;R;4;12,90;0,012450;0,16;0,01;0,00;0,17;;
017;969;202607;202607;1801102D;00; NENV;R;1;0,80;0,012450;0,01;0,00;0,00;0,01;;
017;969;202607;202607;1901105H;00; NENV;R;6;41,00;0,012450;0,51;0,02;0,00;0,53;;
017;969;202607;202607;1901105I;00; NENV;R;7;11,20;0,012450;0,14;0,01;0,00;0,14;;
017;969;202607;202607;1901105K;00; NENV;R;3;8,20;0,012450;0,10;0,00;0,00;0,11;;
017;969;202607;202607;1901105M;00; NENV;R;5;10,10;0,012450;0,13;0,00;0,00;0,13;;
017;969;202607;202607;1901105O;00; NENV;R;6;42,90;0,012450;0,53;0,02;0,00;0,55;;
017;969;202607;202607;1901105Q;00; NENV;R;7;14,10;0,012450;0,18;0,01;0,00;0,18;;
017;969;202607;202607;1901105S;00; NENV;R;6;4,30;0,012450;0,05;0,00;0,00;0,06;;
017;969;202607;202607;1901105U;00; NENV;R;5;44,40;0,012450;0,55;0,02;0,00;0,57;;
;;;;;01;;;28212;17270,10;;303,71;11,46;0,00;315,30;;
017;971;202607;202607;12010009;00; NENV;N;842;2540,60;0,017790;45,20;1,71;0,00;46,91;;
017;971;202607;202607;1201000B;00; NENV;N;826;2504,70;0,017790;44,56;1,69;0,00;46,25;;
017;971;202607;202607;1201000D;00; NENV;N;871;2896,40;0,017790;51,53;1,95;0,00;53,48;;
017;971;202607;202607;1201000J;00; NENV;N;2;1,00;0,017790;0,02;0,00;0,00;0,02;;
017;971;202607;202607;1201000N;00; NENV;N;3;1,50;0,017790;0,03;0,00;0,00;0,03;;
017;971;202607;202607;1201102D;00; NENV;N;2022;1022,30;0,017790;18,19;0,69;0,00;18,88;;
017;971;202607;202607;1201102F;00; NENV;N;2031;1025,00;0,017790;18,23;0,69;0,00;18,93;;
017;971;202607;202607;1201102H;00; NENV;N;1993;1013,80;0,017790;18,04;0,68;0,00;18,72;;
017;971;202607;202607;1201102M;00; NENV;N;1509;767,70;0,017790;13,66;0,52;0,00;14,17;;
017;971;202607;202607;1201102P;00; NENV;N;1574;804,50;0,017790;14,31;0,54;0,00;14,85;;
017;971;202607;202607;1201102R;00; NENV;N;1507;759,00;0,017790;13,50;0,51;0,00;14,01;;
017;971;202607;202607;1201102S;00; NENV;N;1488;744,60;0,017790;13,25;0,50;0,00;13,75;;
017;971;202607;202607;13010007;00; NENV;N;2;1,00;0,017790;0,02;0,00;0,00;0,02;;
017;971;202607;202607;1301000B;00; NENV;N;2;1,00;0,017790;0,02;0,00;0,00;0,02;;
017;971;202607;202607;13011028;00; NENV;N;4767;4093,60;0,017790;72,83;2,76;0,00;75,58;;
017;971;202607;202607;1301102A;00; NENV;N;4832;4300,60;0,017790;76,51;2,90;0,00;79,41;;
017;971;202607;202607;1301102C;00; NENV;N;4955;4280,60;0,017790;76,15;2,88;0,00;79,04;;
017;971;202607;202607;1301102L;00; NENV;N;3717;2956,10;0,017790;52,59;1,99;0,00;54,58;;
017;971;202607;202607;1301102O;00; NENV;N;3589;2978,70;0,017790;52,99;2,01;0,00;55,00;;
017;971;202607;202607;1301102Q;00; NENV;N;3573;2795,00;0,017790;49,72;1,88;0,00;51,61;;
017;971;202607;202607;1301102R;00; NENV;N;3619;3592,20;0,017790;63,91;2,42;0,00;66,33;;
017;971;202607;202607;1401101U;00; NENV;N;2903;2021,10;0,017790;35,96;1,36;0,00;37,32;;
017;971;202607;202607;1401101Z;00; NENV;N;2726;1761,40;0,017790;31,34;1,19;0,00;32,52;;
017;971;202607;202607;14011024;00; NENV;N;2953;1865,50;0,017790;33,19;1,26;0,00;34,44;;
017;971;202607;202607;14011029;00; NENV;N;2999;1930,30;0,017790;34,34;1,30;0,00;35,64;;
017;971;202607;202607;1401102E;00; NENV;N;2925;1941,20;0,017790;34,53;1,31;0,00;35,84;;
017;971;202607;202607;1401102G;00; NENV;N;2891;1997,70;0,017790;35,54;1,35;0,00;36,89;;
017;971;202607;202607;1401102I;00; NENV;N;2998;2038,10;0,017790;36,26;1,37;0,00;37,63;;
017;971;202607;202607;1401102K;00; NENV;N;2869;2131,20;0,017790;37,91;1,44;0,00;39,35;;
017;971;202607;202607;1501101I;00; NENV;N;479;343,10;0,017790;6,10;0,23;0,00;6,33;;
017;971;202607;202607;1501101M;00; NENV;N;399;384,40;0,017790;6,84;0,26;0,00;7,10;;
017;971;202607;202607;1501101O;00; NENV;N;434;369,70;0,017790;6,58;0,25;0,00;6,83;;
017;971;202607;202607;1501101S;00; NENV;N;480;396,00;0,017790;7,04;0,27;0,00;7,31;;
017;971;202607;202607;15011023;00; NENV;N;465;486,20;0,017790;8,65;0,33;0,00;8,98;;
017;971;202607;202607;15011025;00; NENV;N;433;374,20;0,017790;6,66;0,25;0,00;6,91;;
017;971;202607;202607;15011027;00; NENV;N;487;359,80;0,017790;6,40;0,24;0,00;6,64;;
017;971;202607;202607;15011029;00; NENV;N;473;396,80;0,017790;7,06;0,27;0,00;7,33;;
017;971;202607;202607;1501102C;00; NENV;N;2;5,50;0,017790;0,10;0,00;0,00;0,10;;
017;971;202607;202607;1601101M;00; NENV;N;2505;2882,70;0,017790;51,28;1,94;0,00;53,23;;
017;971;202607;202607;1601101Q;00; NENV;N;3056;2931,30;0,017790;52,15;1,98;0,00;54,12;;
017;971;202607;202607;1601101U;00; NENV;N;3107;2946,00;0,017790;52,41;1,99;0,00;54,39;;
017;971;202607;202607;1601101Z;00; NENV;N;3099;2868,40;0,017790;51,03;1,93;0,00;52,96;;
017;971;202607;202607;16011029;00; NENV;N;2904;2750,00;0,017790;48,92;1,85;0,00;50,78;;
017;971;202607;202607;1601102B;00; NENV;N;2986;2707,50;0,017790;48,17;1,82;0,00;49,99;;
017;971;202607;202607;1601102D;00; NENV;N;3068;2764,80;0,017790;49,19;1,86;0,00;51,05;;
017;971;202607;202607;1601102F;00; NENV;N;2960;2508,00;0,017790;44,62;1,69;0,00;46,31;;
017;971;202607;202607;1701000P;00; NENV;N;80;297,30;0,017790;5,29;0,20;0,00;5,49;;
017;971;202607;202607;1701000R;00; NENV;N;78;208,60;0,017790;3,71;0,14;0,00;3,85;;
017;971;202607;202607;1701000T;00; NENV;N;99;426,30;0,017790;7,58;0,29;0,00;7,87;;
017;971;202607;202607;1701000U;00; NENV;N;90;288,70;0,017790;5,14;0,19;0,00;5,33;;
017;971;202607;202607;1701101K;00; NENV;N;2447;2067,00;0,017790;36,77;1,39;0,00;38,16;;
017;971;202607;202607;1701101L;00; NENV;N;2655;2091,70;0,017790;37,21;1,41;0,00;38,62;;
017;971;202607;202607;1701101M;00; NENV;N;2723;2273,80;0,017790;40,45;1,53;0,00;41,98;;
017;971;202607;202607;1701101P;00; NENV;N;2745;2502,20;0,017790;44,51;1,69;0,00;46,20;;
017;971;202607;202607;1701101Z;00; NENV;N;2638;1829,60;0,017790;32,55;1,23;0,00;33,78;;
017;971;202607;202607;17011028;00; NENV;N;2739;2124,00;0,017790;37,79;1,43;0,00;39,22;;
017;971;202607;202607;17011029;00; NENV;N;2638;1909,00;0,017790;33,96;1,29;0,00;35,25;;
017;971;202607;202607;1701102D;00; NENV;N;2752;2496,90;0,017790;44,42;1,68;0,00;46,10;;
017;971;202607;202607;18011029;00; NENV;N;473;238,70;0,017790;4,25;0,16;0,00;4,41;;
017;971;202607;202607;1801102D;00; NENV;N;485;244,90;0,017790;4,36;0,17;0,00;4,52;;
017;971;202607;202607;1801102F;00; NENV;N;491;255,50;0,017790;4,55;0,17;0,00;4,72;;
017;971;202607;202607;1801102J;00; NENV;N;480;240,70;0,017790;4,28;0,16;0,00;4,44;;
017;971;202607;202607;1801102Q;00; NENV;N;525;268,30;0,017790;4,77;0,18;0,00;4,95;;
017;971;202607;202607;1801102S;00; NENV;N;490;245,80;0,017790;4,37;0,17;0,00;4,54;;
017;971;202607;202607;1801102U;00; NENV;N;503;261,20;0,017790;4,65;0,18;0,00;4,82;;
017;971;202607;202607;1801102X;00; NENV;N;513;263,00;0,017790;4,68;0,18;0,00;4,86;;
017;971;202607;202607;1901105H;00; NENV;N;4138;4468,60;0,017790;79,50;3,01;0,00;82,51;;
017;971;202607;202607;1901105I;00; NENV;N;4051;4470,80;0,017790;79,54;3,01;0,00;82,55;;
017;971;202607;202607;1901105K;00; NENV;N;3691;4392,20;0,017790;78,14;2,96;0,00;81,10;;
017;971;202607;202607;1901105M;00; NENV;N;4119;4852,40;0,017790;86,32;3,27;0,00;89,59;;
017;971;202607;202607;1901105O;00; NENV;N;3923;4431,50;0,017790;78,84;2,99;0,00;81,82;;
017;971;202607;202607;1901105Q;00; NENV;N;4002;4768,20;0,017790;84,83;3,21;0,00;88,04;;
017;971;202607;202607;1901105S;00; NENV;N;4005;4485,10;0,017790;79,79;3,02;0,00;82,81;;
017;971;202607;202607;1901105U;00; NENV;N;4051;4157,70;0,017790;73,97;2,80;0,00;76,77;;
017;971;202607;202607;12010009;00; NENV;R;97;443,00;0,012450;5,52;0,21;0,00;5,72;;
017;971;202607;202607;1201000B;00; NENV;R;83;409,30;0,012450;5,10;0,19;0,00;5,29;;
017;971;202607;202607;1201000D;00; NENV;R;106;851,50;0,012450;10,60;0,40;0,00;11,00;;
017;971;202607;202607;1201102D;00; NENV;R;3;21,30;0,012450;0,27;0,01;0,00;0,28;;
017;971;202607;202607;1201102S;00; NENV;R;1;0,90;0,012450;0,01;0,00;0,00;0,01;;
017;971;202607;202607;13011028;00; NENV;R;71;374,40;0,012450;4,66;0,18;0,00;4,84;;
017;971;202607;202607;1301102A;00; NENV;R;81;500,50;0,012450;6,23;0,24;0,00;6,47;;
017;971;202607;202607;1301102C;00; NENV;R;83;429,00;0,012450;5,34;0,20;0,00;5,54;;
017;971;202607;202607;1301102L;00; NENV;R;50;236,20;0,012450;2,94;0,11;0,00;3,05;;
017;971;202607;202607;1301102O;00; NENV;R;66;491,90;0,012450;6,12;0,23;0,00;6,36;;
017;971;202607;202607;1301102Q;00; NENV;R;60;433,20;0,012450;5,39;0,20;0,00;5,60;;
017;971;202607;202607;1301102R;00; NENV;R;73;541,00;0,012450;6,74;0,26;0,00;6,99;;
017;971;202607;202607;1401101U;00; NENV;R;28;274,50;0,012450;3,42;0,13;0,00;3,55;;
017;971;202607;202607;1401101Z;00; NENV;R;36;282,50;0,012450;3,52;0,13;0,00;3,65;;
017;971;202607;202607;14011024;00; NENV;R;21;62,80;0,012450;0,78;0,03;0,00;0,81;;
017;971;202607;202607;14011029;00; NENV;R;27;154,90;0,012450;1,93;0,07;0,00;2,00;;
017;971;202607;202607;1401102E;00; NENV;R;33;277,40;0,012450;3,45;0,13;0,00;3,58;;
017;971;202607;202607;1401102G;00; NENV;R;24;95,00;0,012450;1,18;0,04;0,00;1,23;;
017;971;202607;202607;1401102I;00; NENV;R;27;99,80;0,012450;1,24;0,05;0,00;1,29;;
017;971;202607;202607;1401102K;00; NENV;R;36;156,40;0,012450;1,95;0,07;0,00;2,02;;
017;971;202607;202607;1501101I;00; NENV;R;18;23,30;0,012450;0,29;0,01;0,00;0,30;;
017;971;202607;202607;1501101M;00; NENV;R;13;76,60;0,012450;0,95;0,04;0,00;0,99;;
017;971;202607;202607;1501101O;00; NENV;R;12;42,20;0,012450;0,53;0,02;0,00;0,55;;
017;971;202607;202607;1501101S;00; NENV;R;10;129,60;0,012450;1,61;0,06;0,00;1,67;;
017;971;202607;202607;15011023;00; NENV;R;12;80,80;0,012450;1,01;0,04;0,00;1,04;;
017;971;202607;202607;15011025;00; NENV;R;18;86,50;0,012450;1,08;0,04;0,00;1,12;;
017;971;202607;202607;15011027;00; NENV;R;20;66,80;0,012450;0,83;0,03;0,00;0,86;;
017;971;202607;202607;15011029;00; NENV;R;12;28,30;0,012450;0,35;0,01;0,00;0,37;;
017;971;202607;202607;1601101M;00; NENV;R;61;338,70;0,012450;4,22;0,16;0,00;4,38;;
017;971;202607;202607;1601101Q;00; NENV;R;66;437,10;0,012450;5,44;0,21;0,00;5,65;;
017;971;202607;202607;1601101U;00; NENV;R;62;624,90;0,012450;7,78;0,29;0,00;8,07;;
017;971;202607;202607;1601101Z;00; NENV;R;63;273,10;0,012450;3,40;0,13;0,00;3,53;;
017;971;202607;202607;16011029;00; NENV;R;63;416,30;0,012450;5,18;0,20;0,00;5,38;;
017;971;202607;202607;1601102B;00; NENV;R;76;668,80;0,012450;8,33;0,32;0,00;8,64;;
017;971;202607;202607;1601102D;00; NENV;R;66;154,20;0,012450;1,92;0,07;0,00;1,99;;
017;971;202607;202607;1601102F;00; NENV;R;73;479,60;0,012450;5,97;0,23;0,00;6,20;;
017;971;202607;202607;1701000P;00; NENV;R;20;184,20;0,012450;2,29;0,09;0,00;2,38;;
017;971;202607;202607;1701000R;00; NENV;R;12;183,30;0,012450;2,28;0,09;0,00;2,37;;
017;971;202607;202607;1701000T;00; NENV;R;11;162,30;0,012450;2,02;0,08;0,00;2,10;;
017;971;202607;202607;1701000U;00; NENV;R;21;254,70;0,012450;3,17;0,12;0,00;3,29;;
017;971;202607;202607;1701101K;00; NENV;R;21;194,50;0,012450;2,42;0,09;0,00;2,51;;
017;971;202607;202607;1701101L;00; NENV;R;22;144,30;0,012450;1,80;0,07;0,00;1,86;;
017;971;202607;202607;1701101M;00; NENV;R;33;232,60;0,012450;2,90;0,11;0,00;3,01;;
017;971;202607;202607;1701101P;00; NENV;R;41;340,50;0,012450;4,24;0,16;0,00;4,40;;
017;971;202607;202607;1701101Z;00; NENV;R;28;314,10;0,012450;3,91;0,15;0,00;4,06;;
017;971;202607;202607;17011028;00; NENV;R;25;93,30;0,012450;1,16;0,04;0,00;1,21;;
017;971;202607;202607;17011029;00; NENV;R;35;261,40;0,012450;3,25;0,12;0,00;3,38;;
017;971;202607;202607;1701102D;00; NENV;R;41;180,80;0,012450;2,25;0,09;0,00;2,34;;
017;971;202607;202607;18011029;00; NENV;R;1;3,10;0,012450;0,04;0,00;0,00;0,04;;
017;971;202607;202607;1801102D;00; NENV;R;1;2,00;0,012450;0,02;0,00;0,00;0,03;;
017;971;202607;202607;1801102F;00; NENV;R;2;1,80;0,012450;0,02;0,00;0,00;0,02;;
017;971;202607;202607;1801102Q;00; NENV;R;1;1,10;0,012450;0,01;0,00;0,00;0,01;;
017;971;202607;202607;1801102S;00; NENV;R;1;1,60;0,012450;0,02;0,00;0,00;0,02;;
017;971;202607;202607;1801102U;00; NENV;R;1;2,10;0,012450;0,03;0,00;0,00;0,03;;
017;971;202607;202607;1901105H;00; NENV;R;158;616,10;0,012450;7,67;0,29;0,00;7,96;;
017;971;202607;202607;1901105I;00; NENV;R;164;1170,10;0,012450;14,57;0,55;0,00;15,12;;
017;971;202607;202607;1901105K;00; NENV;R;177;1056,30;0,012450;13,15;0,50;0,00;13,65;;
017;971;202607;202607;1901105M;00; NENV;R;173;1431,70;0,012450;17,82;0,68;0,00;18,50;;
017;971;202607;202607;1901105O;00; NENV;R;188;965,10;0,012450;12,02;0,46;0,00;12,47;;
017;971;202607;202607;1901105Q;00; NENV;R;143;1146,20;0,012450;14,27;0,54;0,00;14,81;;
017;971;202607;202607;1901105S;00; NENV;R;173;1195,40;0,012450;14,88;0,56;0,00;15,45;;
017;971;202607;202607;1901105U;00; NENV;R;138;943,70;0,012450;11,75;0,45;0,00;12,19;;
017;971;202607;202607;1201102N;00; NSAV;N;1;0,50;0,017790;0,01;0,00;0,00;0,01;;
017;971;202607;202607;1301102N;00; NSAV;N;1;0,80;0,017790;0,01;0,00;0,00;0,01;;
;;;;;01;;;155233;157946,40;;2697,01;102,15;0,00;2799,13;;
017;979;202607;202607;12010009;00; NENV;N;182;1093,60;0,017790;19,46;0,74;0,00;20,19;;
017;979;202607;202607;1201000B;00; NENV;N;203;904,60;0,017790;16,09;0,61;0,00;16,70;;
017;979;202607;202607;1201000D;00; NENV;N;204;1545,80;0,017790;27,50;1,04;0,00;28,54;;
017;979;202607;202607;1201102D;00; NENV;N;690;383,20;0,017790;6,82;0,26;0,00;7,08;;
017;979;202607;202607;1201102F;00; NENV;N;667;349,80;0,017790;6,22;0,24;0,00;6,46;;
017;979;202607;202607;1201102H;00; NENV;N;661;368,80;0,017790;6,56;0,25;0,00;6,81;;
017;979;202607;202607;1201102M;00; NENV;N;522;271,20;0,017790;4,82;0,18;0,00;5,01;;
017;979;202607;202607;1201102P;00; NENV;N;480;242,50;0,017790;4,31;0,16;0,00;4,48;;
017;979;202607;202607;1201102R;00; NENV;N;526;266,10;0,017790;4,73;0,18;0,00;4,91;;
017;979;202607;202607;1201102S;00; NENV;N;501;290,00;0,017790;5,16;0,20;0,00;5,35;;
017;979;202607;202607;13011028;00; NENV;N;1345;4344,40;0,017790;77,29;2,93;0,00;80,21;;
017;979;202607;202607;1301102A;00; NENV;N;1330;4493,50;0,017790;79,94;3,03;0,00;82,97;;
017;979;202607;202607;1301102C;00; NENV;N;1357;4406,30;0,017790;78,39;2,97;0,00;81,36;;
017;979;202607;202607;1301102L;00; NENV;N;1023;3812,40;0,017790;67,82;2,57;0,00;70,39;;
017;979;202607;202607;1301102O;00; NENV;N;1017;3369,10;0,017790;59,94;2,27;0,00;62,21;;
017;979;202607;202607;1301102Q;00; NENV;N;1034;3087,00;0,017790;54,92;2,08;0,00;57,00;;
017;979;202607;202607;1301102R;00; NENV;N;987;3130,60;0,017790;55,69;2,11;0,00;57,80;;
017;979;202607;202607;1401101U;00; NENV;N;322;258,70;0,017790;4,60;0,17;0,00;4,78;;
017;979;202607;202607;1401101Z;00; NENV;N;294;285,90;0,017790;5,09;0,19;0,00;5,28;;
017;979;202607;202607;14011024;00; NENV;N;343;349,10;0,017790;6,21;0,24;0,00;6,45;;
017;979;202607;202607;14011029;00; NENV;N;355;304,70;0,017790;5,42;0,21;0,00;5,63;;
017;979;202607;202607;1401102E;00; NENV;N;313;273,00;0,017790;4,86;0,18;0,00;5,04;;
017;979;202607;202607;1401102G;00; NENV;N;323;254,90;0,017790;4,53;0,17;0,00;4,71;;
017;979;202607;202607;1401102I;00; NENV;N;351;353,50;0,017790;6,29;0,24;0,00;6,53;;
017;979;202607;202607;1401102K;00; NENV;N;292;303,70;0,017790;5,40;0,20;0,00;5,61;;
017;979;202607;202607;1501101I;00; NENV;N;176;172,90;0,017790;3,08;0,12;0,00;3,19;;
017;979;202607;202607;1501101M;00; NENV;N;157;149,10;0,017790;2,65;0,10;0,00;2,75;;
017;979;202607;202607;1501101O;00; NENV;N;141;196,00;0,017790;3,49;0,13;0,00;3,62;;
017;979;202607;202607;1501101S;00; NENV;N;168;177,60;0,017790;3,16;0,12;0,00;3,28;;
017;979;202607;202607;15011023;00; NENV;N;164;262,70;0,017790;4,67;0,18;0,00;4,85;;
017;979;202607;202607;15011025;00; NENV;N;156;163,80;0,017790;2,91;0,11;0,00;3,02;;
017;979;202607;202607;15011027;00; NENV;N;187;202,50;0,017790;3,60;0,14;0,00;3,74;;
017;979;202607;202607;15011029;00; NENV;N;178;215,20;0,017790;3,83;0,15;0,00;3,97;;
017;979;202607;202607;1601101M;00; NENV;N;857;995,90;0,017790;17,72;0,67;0,00;18,39;;
017;979;202607;202607;1601101Q;00; NENV;N;1021;1161,20;0,017790;20,66;0,78;0,00;21,44;;
017;979;202607;202607;1601101U;00; NENV;N;985;1038,20;0,017790;18,47;0,70;0,00;19,17;;
017;979;202607;202607;1601101Z;00; NENV;N;1027;950,30;0,017790;16,91;0,64;0,00;17,55;;
017;979;202607;202607;16011029;00; NENV;N;997;1064,30;0,017790;18,93;0,72;0,00;19,65;;
017;979;202607;202607;1601102B;00; NENV;N;977;1209,00;0,017790;21,51;0,81;0,00;22,32;;
017;979;202607;202607;1601102D;00; NENV;N;1061;1085,70;0,017790;19,31;0,73;0,00;20,05;;
017;979;202607;202607;1601102F;00; NENV;N;1045;1223,80;0,017790;21,77;0,82;0,00;22,60;;
017;979;202607;202607;1701000P;00; NENV;N;20;140,90;0,017790;2,51;0,09;0,00;2,60;;
017;979;202607;202607;1701000R;00; NENV;N;32;224,60;0,017790;4,00;0,15;0,00;4,15;;
017;979;202607;202607;1701000T;00; NENV;N;22;122,90;0,017790;2,19;0,08;0,00;2,27;;
017;979;202607;202607;1701000U;00; NENV;N;16;79,70;0,017790;1,42;0,05;0,00;1,47;;
017;979;202607;202607;1701101K;00; NENV;N;480;309,70;0,017790;5,51;0,21;0,00;5,72;;
017;979;202607;202607;1701101L;00; NENV;N;557;497,80;0,017790;8,86;0,34;0,00;9,19;;
017;979;202607;202607;1701101M;00; NENV;N;570;470,70;0,017790;8,37;0,32;0,00;8,69;;
017;979;202607;202607;1701101P;00; NENV;N;554;389,00;0,017790;6,92;0,26;0,00;7,18;;
017;979;202607;202607;1701101Z;00; NENV;N;565;415,50;0,017790;7,39;0,28;0,00;7,67;;
017;979;202607;202607;17011028;00; NENV;N;547;470,00;0,017790;8,36;0,32;0,00;8,68;;
017;979;202607;202607;17011029;00; NENV;N;520;551,50;0,017790;9,81;0,37;0,00;10,18;;
017;979;202607;202607;1701102D;00; NENV;N;569;540,10;0,017790;9,61;0,36;0,00;9,97;;
017;979;202607;202607;18011029;00; NENV;N;163;82,20;0,017790;1,46;0,06;0,00;1,52;;
017;979;202607;202607;1801102D;00; NENV;N;167;83,50;0,017790;1,49;0,06;0,00;1,54;;
017;979;202607;202607;1801102F;00; NENV;N;149;74,50;0,017790;1,33;0,05;0,00;1,38;;
017;979;202607;202607;1801102J;00; NENV;N;147;73,90;0,017790;1,31;0,05;0,00;1,36;;
017;979;202607;202607;1801102Q;00; NENV;N;134;67,20;0,017790;1,20;0,05;0,00;1,24;;
017;979;202607;202607;1801102S;00; NENV;N;162;81,00;0,017790;1,44;0,05;0,00;1,50;;
017;979;202607;202607;1801102U;00; NENV;N;159;79,70;0,017790;1,42;0,05;0,00;1,47;;
017;979;202607;202607;1801102X;00; NENV;N;182;91,00;0,017790;1,62;0,06;0,00;1,68;;
017;979;202607;202607;1901105H;00; NENV;N;601;1223,40;0,017790;21,76;0,82;0,00;22,59;;
017;979;202607;202607;1901105I;00; NENV;N;595;887,20;0,017790;15,78;0,60;0,00;16,38;;
017;979;202607;202607;1901105K;00; NENV;N;552;792,20;0,017790;14,09;0,53;0,00;14,63;;
017;979;202607;202607;1901105M;00; NENV;N;634;979,70;0,017790;17,43;0,66;0,00;18,09;;
017;979;202607;202607;1901105O;00; NENV;N;676;1202,60;0,017790;21,39;0,81;0,00;22,20;;
017;979;202607;202607;1901105Q;00; NENV;N;624;1227,30;0,017790;21,83;0,83;0,00;22,66;;
017;979;202607;202607;1901105S;00; NENV;N;646;1208,50;0,017790;21,50;0,81;0,00;22,31;;
017;979;202607;202607;1901105U;00; NENV;N;632;895,00;0,017790;15,92;0,60;0,00;16,53;;
017;979;202607;202607;12010009;00; NENV;R;43;198,50;0,012450;2,47;0,09;0,00;2,56;;
017;979;202607;202607;1201000B;00; NENV;R;44;323,10;0,012450;4,02;0,15;0,00;4,17;;
017;979;202607;202607;1201000D;00; NENV;R;56;608,90;0,012450;7,58;0,29;0,00;7,87;;
017;979;202607;202607;1201102D;00; NENV;R;1;11,20;0,012450;0,14;0,01;0,00;0,14;;
017;979;202607;202607;1201102F;00; NENV;R;3;13,80;0,012450;0,17;0,01;0,00;0,18;;
017;979;202607;202607;1201102H;00; NENV;R;3;24,60;0,012450;0,31;0,01;0,00;0,32;;
017;979;202607;202607;1201102M;00; NENV;R;3;12,80;0,012450;0,16;0,01;0,00;0,17;;
017;979;202607;202607;1201102P;00; NENV;R;5;32,20;0,012450;0,40;0,02;0,00;0,42;;
017;979;202607;202607;1201102R;00; NENV;R;1;0,50;0,012450;0,01;0,00;0,00;0,01;;
017;979;202607;202607;1201102S;00; NENV;R;0;31,30;0,012450;0,39;0,01;0,00;0,40;;
017;979;202607;202607;13011028;00; NENV;R;146;1423,50;0,012450;17,72;0,67;0,00;18,39;;
017;979;202607;202607;1301102A;00; NENV;R;166;1557,00;0,012450;19,38;0,73;0,00;20,12;;
017;979;202607;202607;1301102C;00; NENV;R;147;1393,70;0,012450;17,35;0,66;0,00;18,01;;
017;979;202607;202607;1301102L;00; NENV;R;99;888,70;0,012450;11,06;0,42;0,00;11,48;;
017;979;202607;202607;1301102O;00; NENV;R;108;1077,20;0,012450;13,41;0,51;0,00;13,92;;
017;979;202607;202607;1301102Q;00; NENV;R;119;1026,60;0,012450;12,78;0,48;0,00;13,27;;
017;979;202607;202607;1301102R;00; NENV;R;125;1294,40;0,012450;16,12;0,61;0,00;16,73;;
017;979;202607;202607;1401101U;00; NENV;R;12;52,80;0,012450;0,66;0,02;0,00;0,68;;
017;979;202607;202607;1401101Z;00; NENV;R;13;458,70;0,012450;5,71;0,22;0,00;5,93;;
017;979;202607;202607;14011024;00; NENV;R;8;17,10;0,012450;0,21;0,01;0,00;0,22;;
017;979;202607;202607;14011029;00; NENV;R;9;78,70;0,012450;0,98;0,04;0,00;1,02;;
017;979;202607;202607;1401102E;00; NENV;R;16;113,30;0,012450;1,41;0,05;0,00;1,46;;
017;979;202607;202607;1401102G;00; NENV;R;17;239,10;0,012450;2,98;0,11;0,00;3,09;;
017;979;202607;202607;1401102I;00; NENV;R;17;115,50;0,012450;1,44;0,05;0,00;1,49;;
017;979;202607;202607;1401102K;00; NENV;R;9;62,50;0,012450;0,78;0,03;0,00;0,81;;
017;979;202607;202607;1501101I;00; NENV;R;5;27,50;0,012450;0,34;0,01;0,00;0,36;;
017;979;202607;202607;1501101M;00; NENV;R;6;11,40;0,012450;0,14;0,01;0,00;0,15;;
017;979;202607;202607;1501101O;00; NENV;R;5;7,70;0,012450;0,10;0,00;0,00;0,10;;
017;979;202607;202607;1501101S;00; NENV;R;4;33,10;0,012450;0,41;0,02;0,00;0,43;;
017;979;202607;202607;15011023;00; NENV;R;5;101,20;0,012450;1,26;0,05;0,00;1,31;;
017;979;202607;202607;15011025;00; NENV;R;14;122,40;0,012450;1,52;0,06;0,00;1,58;;
017;979;202607;202607;15011027;00; NENV;R;7;4,90;0,012450;0,06;0,00;0,00;0,06;;
017;979;202607;202607;15011029;00; NENV;R;6;74,20;0,012450;0,92;0,03;0,00;0,96;;
017;979;202607;202607;1601101M;00; NENV;R;24;113,50;0,012450;1,41;0,05;0,00;1,47;;
017;979;202607;202607;1601101Q;00; NENV;R;26;134,00;0,012450;1,67;0,06;0,00;1,73;;
017;979;202607;202607;1601101U;00; NENV;R;26;151,40;0,012450;1,88;0,07;0,00;1,96;;
017;979;202607;202607;1601101Z;00; NENV;R;21;96,40;0,012450;1,20;0,05;0,00;1,25;;
017;979;202607;202607;16011029;00; NENV;R;22;142,60;0,012450;1,78;0,07;0,00;1,84;;
017;979;202607;202607;1601102B;00; NENV;R;19;187,30;0,012450;2,33;0,09;0,00;2,42;;
017;979;202607;202607;1601102D;00; NENV;R;20;66,70;0,012450;0,83;0,03;0,00;0,86;;
017;979;202607;202607;1601102F;00; NENV;R;28;191,00;0,012450;2,38;0,09;0,00;2,47;;
017;979;202607;202607;1701000P;00; NENV;R;5;31,40;0,012450;0,39;0,01;0,00;0,41;;
017;979;202607;202607;1701000R;00; NENV;R;3;2,50;0,012450;0,03;0,00;0,00;0,03;;
017;979;202607;202607;1701000T;00; NENV;R;2;23,40;0,012450;0,29;0,01;0,00;0,30;;
017;979;202607;202607;1701000U;00; NENV;R;7;44,30;0,012450;0,55;0,02;0,00;0,57;;
017;979;202607;202607;1701101K;00; NENV;R;20;20,60;0,012450;0,26;0,01;0,00;0,27;;
017;979;202607;202607;1701101L;00; NENV;R;12;108,30;0,012450;1,35;0,05;0,00;1,40;;
017;979;202607;202607;1701101M;00; NENV;R;20;119,90;0,012450;1,49;0,06;0,00;1,55;;
017;979;202607;202607;1701101P;00; NENV;R;10;30,50;0,012450;0,38;0,01;0,00;0,39;;
017;979;202607;202607;1701101Z;00; NENV;R;12;59,80;0,012450;0,74;0,03;0,00;0,77;;
017;979;202607;202607;17011028;00; NENV;R;8;145,30;0,012450;1,81;0,07;0,00;1,88;;
017;979;202607;202607;17011029;00; NENV;R;12;19,70;0,012450;0,25;0,01;0,00;0,25;;
017;979;202607;202607;1701102D;00; NENV;R;11;114,40;0,012450;1,42;0,05;0,00;1,48;;
017;979;202607;202607;1801102X;00; NENV;R;1;1,00;0,012450;0,01;0,00;0,00;0,01;;
017;979;202607;202607;1901105H;00; NENV;R;49;166,30;0,012450;2,07;0,08;0,00;2,15;;
017;979;202607;202607;1901105I;00; NENV;R;57;502,90;0,012450;6,26;0,24;0,00;6,50;;
017;979;202607;202607;1901105K;00; NENV;R;51;324,20;0,012450;4,04;0,15;0,00;4,19;;
017;979;202607;202607;1901105M;00; NENV;R;51;360,30;0,012450;4,49;0,17;0,00;4,66;;
017;979;202607;202607;1901105O;00; NENV;R;56;167,60;0,012450;2,09;0,08;0,00;2,17;;
017;979;202607;202607;1901105Q;00; NENV;R;34;287,10;0,012450;3,57;0,14;0,00;3,71;;
017;979;202607;202607;1901105S;00; NENV;R;50;459,20;0,012450;5,72;0,22;0,00;5,93;;
017;979;202607;202607;1901105U;00; NENV;R;45;105,90;0,012450;1,32;0,05;0,00;1,37;;
;;;;;01;;;37218;73887,50;;1231,05;46,62;0,00;1277,74;;
017;981;202607;202607;12010009;00; NENV;N;217;969,40;0,017790;17,25;0,65;0,00;17,90;;
017;981;202607;202607;1201000B;00; NENV;N;235;912,20;0,017790;16,23;0,61;0,00;16,84;;
017;981;202607;202607;1201000D;00; NENV;N;240;1062,90;0,017790;18,91;0,72;0,00;19,63;;
017;981;202607;202607;1201102D;00; NENV;N;2098;1071,50;0,017790;19,06;0,72;0,00;19,78;;
017;981;202607;202607;1201102F;00; NENV;N;2052;1028,00;0,017790;18,29;0,69;0,00;18,98;;
017;981;202607;202607;1201102H;00; NENV;N;2043;1025,70;0,017790;18,25;0,69;0,00;18,94;;
017;981;202607;202607;1201102M;00; NENV;N;1497;778,90;0,017790;13,86;0,52;0,00;14,38;;
017;981;202607;202607;1201102P;00; NENV;N;1607;841,70;0,017790;14,97;0,57;0,00;15,54;;
017;981;202607;202607;1201102R;00; NENV;N;1618;809,90;0,017790;14,41;0,55;0,00;14,95;;
017;981;202607;202607;1201102S;00; NENV;N;1604;816,50;0,017790;14,53;0,55;0,00;15,08;;
017;981;202607;202607;13011028;00; NENV;N;2481;2023,90;0,017790;36,01;1,36;0,00;37,37;;
017;981;202607;202607;1301102A;00; NENV;N;2468;2141,60;0,017790;38,10;1,44;0,00;39,54;;
017;981;202607;202607;1301102C;00; NENV;N;2628;2513,30;0,017790;44,71;1,69;0,00;46,41;;
017;981;202607;202607;1301102L;00; NENV;N;1898;1737,90;0,017790;30,92;1,17;0,00;32,09;;
017;981;202607;202607;1301102O;00; NENV;N;1972;1870,20;0,017790;33,27;1,26;0,00;34,53;;
017;981;202607;202607;1301102Q;00; NENV;N;1946;1494,00;0,017790;26,58;1,01;0,00;27,59;;
017;981;202607;202607;1301102R;00; NENV;N;2019;1854,60;0,017790;32,99;1,25;0,00;34,24;;
017;981;202607;202607;1401101U;00; NENV;N;1256;756,40;0,017790;13,46;0,51;0,00;13,97;;
017;981;202607;202607;1401101Z;00; NENV;N;1073;696,70;0,017790;12,39;0,47;0,00;12,86;;
017;981;202607;202607;14011024;00; NENV;N;1369;899,20;0,017790;16,00;0,61;0,00;16,60;;
017;981;202607;202607;14011029;00; NENV;N;1198;659,10;0,017790;11,73;0,44;0,00;12,17;;
017;981;202607;202607;1401102E;00; NENV;N;1284;840,40;0,017790;14,95;0,57;0,00;15,52;;
017;981;202607;202607;1401102G;00; NENV;N;1262;802,90;0,017790;14,28;0,54;0,00;14,82;;
017;981;202607;202607;1401102I;00; NENV;N;1248;742,30;0,017790;13,21;0,50;0,00;13,71;;
017;981;202607;202607;1401102K;00; NENV;N;1263;831,80;0,017790;14,80;0,56;0,00;15,36;;
017;981;202607;202607;1501101I;00; NENV;N;435;308,80;0,017790;5,49;0,21;0,00;5,70;;
017;981;202607;202607;1501101K;00; NENV;N;1;6,20;0,017790;0,11;0,00;0,00;0,11;;
017;981;202607;202607;1501101M;00; NENV;N;327;281,70;0,017790;5,01;0,19;0,00;5,20;;
017;981;202607;202607;1501101O;00; NENV;N;399;265,90;0,017790;4,73;0,18;0,00;4,91;;
017;981;202607;202607;1501101S;00; NENV;N;423;260,10;0,017790;4,63;0,18;0,00;4,80;;
017;981;202607;202607;15011023;00; NENV;N;447;320,30;0,017790;5,70;0,22;0,00;5,91;;
017;981;202607;202607;15011025;00; NENV;N;430;278,00;0,017790;4,95;0,19;0,00;5,13;;
017;981;202607;202607;15011027;00; NENV;N;417;274,50;0,017790;4,88;0,18;0,00;5,07;;
017;981;202607;202607;15011029;00; NENV;N;433;348,00;0,017790;6,19;0,23;0,00;6,43;;
017;981;202607;202607;1601101M;00; NENV;N;2363;2302,90;0,017790;40,97;1,55;0,00;42,52;;
017;981;202607;202607;1601101Q;00; NENV;N;2842;2347,90;0,017790;41,77;1,58;0,00;43,35;;
017;981;202607;202607;1601101U;00; NENV;N;2744;2071,70;0,017790;36,86;1,40;0,00;38,25;;
017;981;202607;202607;1601101Z;00; NENV;N;2873;2469,30;0,017790;43,93;1,66;0,00;45,59;;
017;981;202607;202607;16011029;00; NENV;N;2789;2106,30;0,017790;37,47;1,42;0,00;38,89;;
017;981;202607;202607;1601102B;00; NENV;N;2887;2007,10;0,017790;35,71;1,35;0,00;37,06;;
017;981;202607;202607;1601102D;00; NENV;N;2822;2535,60;0,017790;45,11;1,71;0,00;46,82;;
017;981;202607;202607;1601102F;00; NENV;N;2855;2224,20;0,017790;39,57;1,50;0,00;41,07;;
017;981;202607;202607;1701000P;00; NENV;N;23;43,50;0,017790;0,77;0,03;0,00;0,80;;
017;981;202607;202607;1701000R;00; NENV;N;35;59,30;0,017790;1,05;0,04;0,00;1,09;;
017;981;202607;202607;1701000T;00; NENV;N;28;133,40;0,017790;2,37;0,09;0,00;2,46;;
017;981;202607;202607;1701000U;00; NENV;N;42;109,30;0,017790;1,94;0,07;0,00;2,02;;
017;981;202607;202607;1701101K;00; NENV;N;1539;1121,20;0,017790;19,95;0,76;0,00;20,70;;
017;981;202607;202607;1701101L;00; NENV;N;1695;1132,50;0,017790;20,15;0,76;0,00;20,91;;
017;981;202607;202607;1701101M;00; NENV;N;1660;1160,60;0,017790;20,65;0,78;0,00;21,43;;
017;981;202607;202607;1701101P;00; NENV;N;1674;995,50;0,017790;17,71;0,67;0,00;18,38;;
017;981;202607;202607;1701101Z;00; NENV;N;1704;1017,20;0,017790;18,10;0,69;0,00;18,78;;
017;981;202607;202607;17011028;00; NENV;N;1765;1234,60;0,017790;21,96;0,83;0,00;22,80;;
017;981;202607;202607;17011029;00; NENV;N;1739;1023,50;0,017790;18,21;0,69;0,00;18,90;;
017;981;202607;202607;1701102D;00; NENV;N;1782;1156,80;0,017790;20,58;0,78;0,00;21,36;;
017;981;202607;202607;18011029;00; NENV;N;477;262,10;0,017790;4,66;0,18;0,00;4,84;;
017;981;202607;202607;1801102D;00; NENV;N;501;255,50;0,017790;4,55;0,17;0,00;4,72;;
017;981;202607;202607;1801102F;00; NENV;N;521;261,00;0,017790;4,64;0,18;0,00;4,82;;
017;981;202607;202607;1801102J;00; NENV;N;468;234,20;0,017790;4,17;0,16;0,00;4,32;;
017;981;202607;202607;1801102Q;00; NENV;N;502;251,20;0,017790;4,47;0,17;0,00;4,64;;
017;981;202607;202607;1801102S;00; NENV;N;496;248,80;0,017790;4,43;0,17;0,00;4,59;;
017;981;202607;202607;1801102U;00; NENV;N;480;240,30;0,017790;4,27;0,16;0,00;4,44;;
017;981;202607;202607;1801102X;00; NENV;N;463;233,10;0,017790;4,15;0,16;0,00;4,30;;
017;981;202607;202607;1901105H;00; NENV;N;2209;2438,70;0,017790;43,38;1,64;0,00;45,03;;
017;981;202607;202607;1901105I;00; NENV;N;2199;2267,20;0,017790;40,33;1,53;0,00;41,86;;
017;981;202607;202607;1901105K;00; NENV;N;1939;1773,20;0,017790;31,55;1,20;0,00;32,74;;
017;981;202607;202607;1901105M;00; NENV;N;2212;2193,40;0,017790;39,02;1,48;0,00;40,50;;
017;981;202607;202607;1901105O;00; NENV;N;2162;1996,50;0,017790;35,52;1,35;0,00;36,86;;
017;981;202607;202607;1901105Q;00; NENV;N;2217;2561,70;0,017790;45,57;1,73;0,00;47,30;;
017;981;202607;202607;1901105S;00; NENV;N;2223;2334,50;0,017790;41,53;1,57;0,00;43,10;;
017;981;202607;202607;1901105U;00; NENV;N;2310;2873,40;0,017790;51,12;1,94;0,00;53,05;;
017;981;202607;202607;12010009;00; NENV;R;43;440,20;0,012450;5,48;0,21;0,00;5,69;;
017;981;202607;202607;1201000B;00; NENV;R;49;948,50;0,012450;11,81;0,45;0,00;12,26;;
017;981;202607;202607;1201000D;00; NENV;R;45;1178,20;0,012450;14,67;0,56;0,00;15,22;;
017;981;202607;202607;1201102H;00; NENV;R;4;2,00;0,012450;0,02;0,00;0,00;0,03;;
017;981;202607;202607;1201102M;00; NENV;R;2;1,00;0,012450;0,01;0,00;0,00;0,01;;
017;981;202607;202607;1201102P;00; NENV;R;2;1,00;0,012450;0,01;0,00;0,00;0,01;;
017;981;202607;202607;1201102R;00; NENV;R;2;1,00;0,012450;0,01;0,00;0,00;0,01;;
017;981;202607;202607;1201102S;00; NENV;R;1;0,50;0,012450;0,01;0,00;0,00;0,01;;
017;981;202607;202607;13011028;00; NENV;R;41;362,70;0,012450;4,52;0,17;0,00;4,69;;
017;981;202607;202607;1301102A;00; NENV;R;44;154,20;0,012450;1,92;0,07;0,00;1,99;;
017;981;202607;202607;1301102C;00; NENV;R;44;266,00;0,012450;3,31;0,13;0,00;3,44;;
017;981;202607;202607;1301102L;00; NENV;R;33;148,50;0,012450;1,85;0,07;0,00;1,92;;
017;981;202607;202607;1301102O;00; NENV;R;38;335,70;0,012450;4,18;0,16;0,00;4,34;;
017;981;202607;202607;1301102Q;00; NENV;R;40;267,80;0,012450;3,33;0,13;0,00;3,46;;
017;981;202607;202607;1301102R;00; NENV;R;32;87,50;0,012450;1,09;0,04;0,00;1,13;;
017;981;202607;202607;1401101U;00; NENV;R;14;31,10;0,012450;0,39;0,01;0,00;0,40;;
017;981;202607;202607;1401101Z;00; NENV;R;15;67,90;0,012450;0,85;0,03;0,00;0,88;;
017;981;202607;202607;14011024;00; NENV;R;10;25,70;0,012450;0,32;0,01;0,00;0,33;;
017;981;202607;202607;14011029;00; NENV;R;15;7,50;0,012450;0,09;0,00;0,00;0,10;;
017;981;202607;202607;1401102E;00; NENV;R;23;65,40;0,012450;0,81;0,03;0,00;0,85;;
017;981;202607;202607;1401102G;00; NENV;R;16;11,60;0,012450;0,14;0,01;0,00;0,15;;
017;981;202607;202607;1401102I;00; NENV;R;15;104,80;0,012450;1,30;0,05;0,00;1,35;;
017;981;202607;202607;1401102K;00; NENV;R;15;7,80;0,012450;0,10;0,00;0,00;0,10;;
017;981;202607;202607;1501101I;00; NENV;R;10;514,10;0,012450;6,40;0,24;0,00;6,64;;
017;981;202607;202607;1501101M;00; NENV;R;5;32,60;0,012450;0,41;0,02;0,00;0,42;;
017;981;202607;202607;1501101O;00; NENV;R;7;174,50;0,012450;2,17;0,08;0,00;2,25;;
017;981;202607;202607;1501101S;00; NENV;R;13;30,20;0,012450;0,38;0,01;0,00;0,39;;
017;981;202607;202607;15011023;00; NENV;R;6;7,70;0,012450;0,10;0,00;0,00;0,10;;
017;981;202607;202607;15011025;00; NENV;R;15;297,20;0,012450;3,70;0,14;0,00;3,84;;
017;981;202607;202607;15011027;00; NENV;R;7;40,20;0,012450;0,50;0,02;0,00;0,52;;
017;981;202607;202607;15011029;00; NENV;R;9;180,10;0,012450;2,24;0,08;0,00;2,33;;
017;981;202607;202607;1601101M;00; NENV;R;48;235,00;0,012450;2,93;0,11;0,00;3,04;;
017;981;202607;202607;1601101Q;00; NENV;R;53;445,50;0,012450;5,55;0,21;0,00;5,76;;
017;981;202607;202607;1601101U;00; NENV;R;35;273,50;0,012450;3,41;0,13;0,00;3,53;;
017;981;202607;202607;1601101Z;00; NENV;R;52;384,00;0,012450;4,78;0,18;0,00;4,96;;
017;981;202607;202607;16011029;00; NENV;R;35;275,00;0,012450;3,42;0,13;0,00;3,55;;
017;981;202607;202607;1601102B;00; NENV;R;46;252,90;0,012450;3,15;0,12;0,00;3,27;;
017;981;202607;202607;1601102D;00; NENV;R;48;221,50;0,012450;2,76;0,10;0,00;2,86;;
017;981;202607;202607;1601102F;00; NENV;R;48;189,60;0,012450;2,36;0,09;0,00;2,45;;
017;981;202607;202607;1701000P;00; NENV;R;2;5,70;0,012450;0,07;0,00;0,00;0,07;;
017;981;202607;202607;1701000R;00; NENV;R;1;0,50;0,012450;0,01;0,00;0,00;0,01;;
017;981;202607;202607;1701000T;00; NENV;R;7;28,20;0,012450;0,35;0,01;0,00;0,36;;
017;981;202607;202607;1701000U;00; NENV;R;4;167,20;0,012450;2,08;0,08;0,00;2,16;;
017;981;202607;202607;1701101K;00; NENV;R;21;274,10;0,012450;3,41;0,13;0,00;3,54;;
017;981;202607;202607;1701101L;00; NENV;R;16;163,90;0,012450;2,04;0,08;0,00;2,12;;
017;981;202607;202607;1701101M;00; NENV;R;18;106,30;0,012450;1,32;0,05;0,00;1,37;;
017;981;202607;202607;1701101P;00; NENV;R;24;57,40;0,012450;0,71;0,03;0,00;0,74;;
017;981;202607;202607;1701101Z;00; NENV;R;20;108,80;0,012450;1,35;0,05;0,00;1,41;;
017;981;202607;202607;17011028;00; NENV;R;23;207,20;0,012450;2,58;0,10;0,00;2,68;;
017;981;202607;202607;17011029;00; NENV;R;22;215,00;0,012450;2,68;0,10;0,00;2,78;;
017;981;202607;202607;1701102D;00; NENV;R;30;240,70;0,012450;3,00;0,11;0,00;3,11;;
017;981;202607;202607;1801102Q;00; NENV;R;1;0,50;0,012450;0,01;0,00;0,00;0,01;;
017;981;202607;202607;1901105H;00; NENV;R;93;441,00;0,012450;5,49;0,21;0,00;5,70;;
017;981;202607;202607;1901105I;00; NENV;R;85;533,40;0,012450;6,64;0,25;0,00;6,89;;
017;981;202607;202607;1901105K;00; NENV;R;91;567,40;0,012450;7,06;0,27;0,00;7,33;;
017;981;202607;202607;1901105M;00; NENV;R;108;594,90;0,012450;7,41;0,28;0,00;7,69;;
017;981;202607;202607;1901105O;00; NENV;R;106;412,80;0,012450;5,14;0,19;0,00;5,33;;
017;981;202607;202607;1901105Q;00; NENV;R;97;520,70;0,012450;6,48;0,25;0,00;6,73;;
017;981;202607;202607;1901105S;00; NENV;R;98;817,40;0,012450;10,18;0,39;0,00;10,56;;
017;981;202607;202607;1901105U;00; NENV;R;104;773,20;0,012450;9,63;0,36;0,00;9,99;;
;;;;;01;;;101079;93508,20;;1587,16;60,11;0,00;1647,21;;
017;982;202607;202607;12010009;00; NENV;N;80;305,20;0,017790;5,43;0,21;0,00;5,64;;
017;982;202607;202607;1201000B;00; NENV;N;76;288,20;0,017790;5,13;0,19;0,00;5,32;;
017;982;202607;202607;1201000D;00; NENV;N;80;336,00;0,017790;5,98;0,23;0,00;6,20;;
017;982;202607;202607;1201102D;00; NENV;N;705;353,00;0,017790;6,28;0,24;0,00;6,52;;
017;982;202607;202607;1201102F;00; NENV;N;643;324,40;0,017790;5,77;0,22;0,00;5,99;;
017;982;202607;202607;1201102H;00; NENV;N;642;333,30;0,017790;5,93;0,22;0,00;6,15;;
017;982;202607;202607;1201102M;00; NENV;N;498;250,80;0,017790;4,46;0,17;0,00;4,63;;
017;982;202607;202607;1201102P;00; NENV;N;501;251,00;0,017790;4,47;0,17;0,00;4,63;;
017;982;202607;202607;1201102R;00; NENV;N;494;247,50;0,017790;4,40;0,17;0,00;4,57;;
017;982;202607;202607;1201102S;00; NENV;N;500;250,40;0,017790;4,45;0,17;0,00;4,62;;
017;982;202607;202607;13011028;00; NENV;N;1724;1067,90;0,017790;19,00;0,72;0,00;19,72;;
017;982;202607;202607;1301102A;00; NENV;N;1760;1050,80;0,017790;18,69;0,71;0,00;19,40;;
017;982;202607;202607;1301102C;00; NENV;N;1766;1055,20;0,017790;18,77;0,71;0,00;19,48;;
017;982;202607;202607;1301102L;00; NENV;N;1320;770,80;0,017790;13,71;0,52;0,00;14,23;;
017;982;202607;202607;1301102O;00; NENV;N;1375;770,10;0,017790;13,70;0,52;0,00;14,22;;
017;982;202607;202607;1301102Q;00; NENV;N;1307;960,10;0,017790;17,08;0,65;0,00;17,73;;
017;982;202607;202607;1301102R;00; NENV;N;1268;862,60;0,017790;15,35;0,58;0,00;15,93;;
017;982;202607;202607;1401101U;00; NENV;N;1077;612,90;0,017790;10,90;0,41;0,00;11,32;;
017;982;202607;202607;1401101Z;00; NENV;N;1062;589,80;0,017790;10,49;0,40;0,00;10,89;;
017;982;202607;202607;14011024;00; NENV;N;1128;590,80;0,017790;10,51;0,40;0,00;10,91;;
017;982;202607;202607;14011029;00; NENV;N;1080;559,10;0,017790;9,95;0,38;0,00;10,32;;
017;982;202607;202607;1401102E;00; NENV;N;1158;656,60;0,017790;11,68;0,44;0,00;12,12;;
017;982;202607;202607;1401102G;00; NENV;N;1142;742,00;0,017790;13,20;0,50;0,00;13,70;;
017;982;202607;202607;1401102I;00; NENV;N;1110;604,90;0,017790;10,76;0,41;0,00;11,17;;
017;982;202607;202607;1401102K;00; NENV;N;1119;649,80;0,017790;11,56;0,44;0,00;12,00;;
017;982;202607;202607;1501101I;00; NENV;N;114;96,20;0,017790;1,71;0,06;0,00;1,78;;
017;982;202607;202607;1501101M;00; NENV;N;108;93,80;0,017790;1,67;0,06;0,00;1,73;;
017;982;202607;202607;1501101O;00; NENV;N;139;113,00;0,017790;2,01;0,08;0,00;2,09;;
017;982;202607;202607;1501101S;00; NENV;N;128;68,90;0,017790;1,23;0,05;0,00;1,27;;
017;982;202607;202607;15011023;00; NENV;N;142;76,80;0,017790;1,37;0,05;0,00;1,42;;
017;982;202607;202607;15011025;00; NENV;N;136;69,90;0,017790;1,24;0,05;0,00;1,29;;
017;982;202607;202607;15011027;00; NENV;N;137;84,80;0,017790;1,51;0,06;0,00;1,57;;
017;982;202607;202607;15011029;00; NENV;N;113;75,10;0,017790;1,34;0,05;0,00;1,39;;
017;982;202607;202607;1601101M;00; NENV;N;763;539,60;0,017790;9,60;0,36;0,00;9,96;;
017;982;202607;202607;1601101Q;00; NENV;N;952;741,00;0,017790;13,18;0,50;0,00;13,68;;
017;982;202607;202607;1601101U;00; NENV;N;928;646,70;0,017790;11,50;0,44;0,00;11,94;;
017;982;202607;202607;1601101Z;00; NENV;N;1006;676,20;0,017790;12,03;0,46;0,00;12,49;;
017;982;202607;202607;16011029;00; NENV;N;894;526,40;0,017790;9,36;0,35;0,00;9,72;;
017;982;202607;202607;1601102B;00; NENV;N;966;634,80;0,017790;11,29;0,43;0,00;11,72;;
017;982;202607;202607;1601102D;00; NENV;N;940;563,10;0,017790;10,02;0,38;0,00;10,40;;
017;982;202607;202607;1601102F;00; NENV;N;925;592,60;0,017790;10,54;0,40;0,00;10,94;;
017;982;202607;202607;1701000P;00; NENV;N;13;50,20;0,017790;0,89;0,03;0,00;0,93;;
017;982;202607;202607;1701000R;00; NENV;N;13;49,30;0,017790;0,88;0,03;0,00;0,91;;
017;982;202607;202607;1701000T;00; NENV;N;15;62,00;0,017790;1,10;0,04;0,00;1,14;;
017;982;202607;202607;1701000U;00; NENV;N;9;40,70;0,017790;0,72;0,03;0,00;0,75;;
017;982;202607;202607;1701101K;00; NENV;N;914;644,40;0,017790;11,46;0,43;0,00;11,90;;
017;982;202607;202607;1701101L;00; NENV;N;945;604,20;0,017790;10,75;0,41;0,00;11,16;;
017;982;202607;202607;1701101M;00; NENV;N;968;622,00;0,017790;11,07;0,42;0,00;11,48;;
017;982;202607;202607;1701101P;00; NENV;N;965;646,90;0,017790;11,51;0,44;0,00;11,94;;
017;982;202607;202607;1701101Z;00; NENV;N;952;590,80;0,017790;10,51;0,40;0,00;10,91;;
017;982;202607;202607;17011028;00; NENV;N;1010;574,90;0,017790;10,23;0,39;0,00;10,61;;
017;982;202607;202607;17011029;00; NENV;N;973;541,40;0,017790;9,63;0,36;0,00;10,00;;
017;982;202607;202607;1701102D;00; NENV;N;974;550,00;0,017790;9,78;0,37;0,00;10,16;;
017;982;202607;202607;18011029;00; NENV;N;139;69,50;0,017790;1,24;0,05;0,00;1,28;;
017;982;202607;202607;1801102D;00; NENV;N;152;96,80;0,017790;1,72;0,07;0,00;1,79;;
017;982;202607;202607;1801102F;00; NENV;N;142;71,10;0,017790;1,26;0,05;0,00;1,31;;
017;982;202607;202607;1801102J;00; NENV;N;150;75,00;0,017790;1,33;0,05;0,00;1,38;;
017;982;202607;202607;1801102Q;00; NENV;N;158;79,30;0,017790;1,41;0,05;0,00;1,46;;
017;982;202607;202607;1801102S;00; NENV;N;167;92,50;0,017790;1,65;0,06;0,00;1,71;;
017;982;202607;202607;1801102U;00; NENV;N;157;86,00;0,017790;1,53;0,06;0,00;1,59;;
017;982;202607;202607;1801102X;00; NENV;N;178;89,20;0,017790;1,59;0,06;0,00;1,65;;
017;982;202607;202607;1901105H;00; NENV;N;1332;978,50;0,017790;17,41;0,66;0,00;18,07;;
017;982;202607;202607;1901105I;00; NENV;N;1319;1130,80;0,017790;20,12;0,76;0,00;20,88;;
017;982;202607;202607;1901105K;00; NENV;N;1188;993,30;0,017790;17,67;0,67;0,00;18,34;;
017;982;202607;202607;1901105M;00; NENV;N;1295;1241,60;0,017790;22,09;0,84;0,00;22,92;;
017;982;202607;202607;1901105O;00; NENV;N;1254;1047,50;0,017790;18,64;0,71;0,00;19,34;;
017;982;202607;202607;1901105Q;00; NENV;N;1340;1128,60;0,017790;20,08;0,76;0,00;20,84;;
017;982;202607;202607;1901105S;00; NENV;N;1263;1006,30;0,017790;17,90;0,68;0,00;18,58;;
017;982;202607;202607;1901105U;00; NENV;N;1315;1235,80;0,017790;21,98;0,83;0,00;22,82;;
017;982;202607;202607;12010009;00; NENV;R;11;137,80;0,012450;1,72;0,06;0,00;1,78;;
017;982;202607;202607;1201000B;00; NENV;R;13;117,30;0,012450;1,46;0,06;0,00;1,52;;
017;982;202607;202607;1201000D;00; NENV;R;9;84,00;0,012450;1,05;0,04;0,00;1,09;;
017;982;202607;202607;1201102F;00; NENV;R;1;57,90;0,012450;0,72;0,03;0,00;0,75;;
017;982;202607;202607;13011028;00; NENV;R;12;47,40;0,012450;0,59;0,02;0,00;0,61;;
017;982;202607;202607;1301102A;00; NENV;R;16;86,50;0,012450;1,08;0,04;0,00;1,12;;
017;982;202607;202607;1301102C;00; NENV;R;19;227,20;0,012450;2,83;0,11;0,00;2,94;;
017;982;202607;202607;1301102L;00; NENV;R;12;14,70;0,012450;0,18;0,01;0,00;0,19;;
017;982;202607;202607;1301102O;00; NENV;R;8;7,90;0,012450;0,10;0,00;0,00;0,10;;
017;982;202607;202607;1301102Q;00; NENV;R;16;20,60;0,012450;0,26;0,01;0,00;0,27;;
017;982;202607;202607;1301102R;00; NENV;R;18;165,60;0,012450;2,06;0,08;0,00;2,14;;
017;982;202607;202607;1401101U;00; NENV;R;12;19,90;0,012450;0,25;0,01;0,00;0,26;;
017;982;202607;202607;1401101Z;00; NENV;R;5;14,10;0,012450;0,18;0,01;0,00;0,18;;
017;982;202607;202607;14011024;00; NENV;R;10;123,20;0,012450;1,53;0,06;0,00;1,59;;
017;982;202607;202607;14011029;00; NENV;R;14;94,40;0,012450;1,18;0,04;0,00;1,22;;
017;982;202607;202607;1401102E;00; NENV;R;5;3,10;0,012450;0,04;0,00;0,00;0,04;;
017;982;202607;202607;1401102G;00; NENV;R;7;8,10;0,012450;0,10;0,00;0,00;0,10;;
017;982;202607;202607;1401102I;00; NENV;R;7;115,10;0,012450;1,43;0,05;0,00;1,49;;
017;982;202607;202607;1401102K;00; NENV;R;8;53,40;0,012450;0,66;0,03;0,00;0,69;;
017;982;202607;202607;1501101I;00; NENV;R;3;1,80;0,012450;0,02;0,00;0,00;0,02;;
017;982;202607;202607;1501101M;00; NENV;R;3;1,50;0,012450;0,02;0,00;0,00;0,02;;
017;982;202607;202607;1501101O;00; NENV;R;3;6,10;0,012450;0,08;0,00;0,00;0,08;;
017;982;202607;202607;1501101S;00; NENV;R;3;1,80;0,012450;0,02;0,00;0,00;0,02;;
017;982;202607;202607;15011025;00; NENV;R;2;1,00;0,012450;0,01;0,00;0,00;0,01;;
017;982;202607;202607;15011027;00; NENV;R;3;1,90;0,012450;0,02;0,00;0,00;0,02;;
017;982;202607;202607;15011029;00; NENV;R;1;0,50;0,012450;0,01;0,00;0,00;0,01;;
017;982;202607;202607;1601101M;00; NENV;R;14;104,80;0,012450;1,30;0,05;0,00;1,35;;
017;982;202607;202607;1601101Q;00; NENV;R;24;308,90;0,012450;3,85;0,15;0,00;3,99;;
017;982;202607;202607;1601101U;00; NENV;R;17;187,10;0,012450;2,33;0,09;0,00;2,42;;
017;982;202607;202607;1601101Z;00; NENV;R;18;171,30;0,012450;2,13;0,08;0,00;2,21;;
017;982;202607;202607;16011029;00; NENV;R;24;230,60;0,012450;2,87;0,11;0,00;2,98;;
017;982;202607;202607;1601102B;00; NENV;R;20;257,70;0,012450;3,21;0,12;0,00;3,33;;
017;982;202607;202607;1601102D;00; NENV;R;15;48,50;0,012450;0,60;0,02;0,00;0,63;;
017;982;202607;202607;1601102F;00; NENV;R;20;273,30;0,012450;3,40;0,13;0,00;3,53;;
017;982;202607;202607;1701000P;00; NENV;R;2;26,70;0,012450;0,33;0,01;0,00;0,35;;
017;982;202607;202607;1701000R;00; NENV;R;2;1,00;0,012450;0,01;0,00;0,00;0,01;;
017;982;202607;202607;1701000T;00; NENV;R;6;47,40;0,012450;0,59;0,02;0,00;0,61;;
017;982;202607;202607;1701000U;00; NENV;R;1;0,50;0,012450;0,01;0,00;0,00;0,01;;
017;982;202607;202607;1701101K;00; NENV;R;18;368,80;0,012450;4,59;0,17;0,00;4,77;;
017;982;202607;202607;1701101L;00; NENV;R;13;234,90;0,012450;2,92;0,11;0,00;3,04;;
017;982;202607;202607;1701101M;00; NENV;R;11;162,90;0,012450;2,03;0,08;0,00;2,10;;
017;982;202607;202607;1701101P;00; NENV;R;11;248,30;0,012450;3,09;0,12;0,00;3,21;;
017;982;202607;202607;1701101Z;00; NENV;R;10;139,90;0,012450;1,74;0,07;0,00;1,81;;
017;982;202607;202607;17011028;00; NENV;R;10;162,80;0,012450;2,03;0,08;0,00;2,10;;
017;982;202607;202607;17011029;00; NENV;R;13;108,50;0,012450;1,35;0,05;0,00;1,40;;
017;982;202607;202607;1701102D;00; NENV;R;14;143,50;0,012450;1,79;0,07;0,00;1,85;;
017;982;202607;202607;1901105H;00; NENV;R;68;1116,80;0,012450;13,90;0,53;0,00;14,43;;
017;982;202607;202607;1901105I;00; NENV;R;67;936,40;0,012450;11,66;0,44;0,00;12,10;;
017;982;202607;202607;1901105K;00; NENV;R;69;1423,10;0,012450;17,72;0,67;0,00;18,39;;
017;982;202607;202607;1901105M;00; NENV;R;60;928,40;0,012450;11,56;0,44;0,00;12,00;;
017;982;202607;202607;1901105O;00; NENV;R;67;1345,30;0,012450;16,75;0,63;0,00;17,38;;
017;982;202607;202607;1901105Q;00; NENV;R;64;859,00;0,012450;10,69;0,41;0,00;11,10;;
017;982;202607;202607;1901105S;00; NENV;R;70;1021,10;0,012450;12,71;0,48;0,00;13,19;;
017;982;202607;202607;1901105U;00; NENV;R;76;1070,60;0,012450;13,33;0,50;0,00;13,83;;
017;982;202607;202607;1501102A;00; NSAV;R;1;2,00;0,012450;0,02;0,00;0,00;0,03;;
;;;;;01;;;52332;47823,60;;779,51;29,56;0,00;809,06;;
017;983;202607;202607;12010009;00; NENV;N;181;439,60;0,017790;7,82;0,30;0,00;8,12;;
017;983;202607;202607;1201000B;00; NENV;N;158;326,70;0,017790;5,81;0,22;0,00;6,03;;
017;983;202607;202607;1201000D;00; NENV;N;164;322,60;0,017790;5,74;0,22;0,00;5,96;;
017;983;202607;202607;1201102D;00; NENV;N;1407;706,80;0,017790;12,57;0,48;0,00;13,05;;
017;983;202607;202607;1201102F;00; NENV;N;1369;694,80;0,017790;12,36;0,47;0,00;12,83;;
017;983;202607;202607;1201102H;00; NENV;N;1389;696,90;0,017790;12,40;0,47;0,00;12,87;;
017;983;202607;202607;1201102M;00; NENV;N;1096;555,00;0,017790;9,87;0,37;0,00;10,25;;
017;983;202607;202607;1201102P;00; NENV;N;1143;592,40;0,017790;10,54;0,40;0,00;10,94;;
017;983;202607;202607;1201102R;00; NENV;N;1080;541,70;0,017790;9,64;0,37;0,00;10,00;;
017;983;202607;202607;1201102S;00; NENV;N;1011;512,20;0,017790;9,11;0,35;0,00;9,46;;
017;983;202607;202607;13011028;00; NENV;N;1555;1370,20;0,017790;24,38;0,92;0,00;25,30;;
017;983;202607;202607;1301102A;00; NENV;N;1492;1599,40;0,017790;28,45;1,08;0,00;29,53;;
017;983;202607;202607;1301102C;00; NENV;N;1554;1871,30;0,017790;33,29;1,26;0,00;34,55;;
017;983;202607;202607;1301102L;00; NENV;N;1188;1163,70;0,017790;20,70;0,78;0,00;21,49;;
017;983;202607;202607;1301102O;00; NENV;N;1120;1091,10;0,017790;19,41;0,74;0,00;20,15;;
017;983;202607;202607;1301102Q;00; NENV;N;1138;1151,70;0,017790;20,49;0,78;0,00;21,26;;
017;983;202607;202607;1301102R;00; NENV;N;1147;1087,50;0,017790;19,35;0,73;0,00;20,08;;
017;983;202607;202607;1401101U;00; NENV;N;654;344,70;0,017790;6,13;0,23;0,00;6,36;;
017;983;202607;202607;1401101Z;00; NENV;N;561;306,50;0,017790;5,45;0,21;0,00;5,66;;
017;983;202607;202607;14011024;00; NENV;N;706;425,00;0,017790;7,56;0,29;0,00;7,85;;
017;983;202607;202607;14011029;00; NENV;N;675;357,30;0,017790;6,36;0,24;0,00;6,60;;
017;983;202607;202607;1401102E;00; NENV;N;669;395,20;0,017790;7,03;0,27;0,00;7,30;;
017;983;202607;202607;1401102G;00; NENV;N;680;424,30;0,017790;7,55;0,29;0,00;7,83;;
017;983;202607;202607;1401102I;00; NENV;N;740;439,50;0,017790;7,82;0,30;0,00;8,11;;
017;983;202607;202607;1401102K;00; NENV;N;696;356,00;0,017790;6,33;0,24;0,00;6,57;;
017;983;202607;202607;1501101I;00; NENV;N;265;138,10;0,017790;2,46;0,09;0,00;2,55;;
017;983;202607;202607;1501101M;00; NENV;N;224;129,90;0,017790;2,31;0,09;0,00;2,40;;
017;983;202607;202607;1501101O;00; NENV;N;245;132,70;0,017790;2,36;0,09;0,00;2,45;;
017;983;202607;202607;1501101S;00; NENV;N;242;152,70;0,017790;2,72;0,10;0,00;2,82;;
017;983;202607;202607;1501101X;00; NENV;N;1;0,50;0,017790;0,01;0,00;0,00;0,01;;
017;983;202607;202607;15011023;00; NENV;N;246;123,30;0,017790;2,19;0,08;0,00;2,28;;
017;983;202607;202607;15011025;00; NENV;N;252;161,10;0,017790;2,87;0,11;0,00;2,97;;
017;983;202607;202607;15011027;00; NENV;N;250;146,10;0,017790;2,60;0,10;0,00;2,70;;
017;983;202607;202607;15011029;00; NENV;N;272;136,50;0,017790;2,43;0,09;0,00;2,52;;
017;983;202607;202607;1601101M;00; NENV;N;1457;870,70;0,017790;15,49;0,59;0,00;16,08;;
017;983;202607;202607;1601101Q;00; NENV;N;1805;1030,50;0,017790;18,33;0,69;0,00;19,03;;
017;983;202607;202607;1601101U;00; NENV;N;1773;924,50;0,017790;16,45;0,62;0,00;17,07;;
017;983;202607;202607;1601101Z;00; NENV;N;1894;1122,40;0,017790;19,97;0,76;0,00;20,72;;
017;983;202607;202607;16011029;00; NENV;N;1736;991,90;0,017790;17,65;0,67;0,00;18,31;;
017;983;202607;202607;1601102B;00; NENV;N;1734;1040,30;0,017790;18,51;0,70;0,00;19,21;;
017;983;202607;202607;1601102D;00; NENV;N;1793;1026,30;0,017790;18,26;0,69;0,00;18,95;;
017;983;202607;202607;1601102F;00; NENV;N;1863;1052,40;0,017790;18,72;0,71;0,00;19,43;;
017;983;202607;202607;1701000P;00; NENV;N;11;22,60;0,017790;0,40;0,02;0,00;0,42;;
017;983;202607;202607;1701000R;00; NENV;N;9;36,80;0,017790;0,65;0,02;0,00;0,68;;
017;983;202607;202607;1701000T;00; NENV;N;9;6,90;0,017790;0,12;0,00;0,00;0,13;;
017;983;202607;202607;1701000U;00; NENV;N;10;13,30;0,017790;0,24;0,01;0,00;0,25;;
017;983;202607;202607;1701101K;00; NENV;N;891;500,60;0,017790;8,91;0,34;0,00;9,24;;
017;983;202607;202607;1701101L;00; NENV;N;1084;590,10;0,017790;10,50;0,40;0,00;10,90;;
017;983;202607;202607;1701101M;00; NENV;N;1068;579,60;0,017790;10,31;0,39;0,00;10,70;;
017;983;202607;202607;1701101P;00; NENV;N;1031;602,90;0,017790;10,73;0,41;0,00;11,13;;
017;983;202607;202607;1701101Z;00; NENV;N;1040;701,40;0,017790;12,48;0,47;0,00;12,95;;
017;983;202607;202607;17011028;00; NENV;N;1086;687,00;0,017790;12,22;0,46;0,00;12,68;;
017;983;202607;202607;17011029;00; NENV;N;1040;635,90;0,017790;11,31;0,43;0,00;11,74;;
017;983;202607;202607;1701102D;00; NENV;N;1048;548,90;0,017790;9,76;0,37;0,00;10,13;;
017;983;202607;202607;18011029;00; NENV;N;359;181,20;0,017790;3,22;0,12;0,00;3,35;;
017;983;202607;202607;1801102D;00; NENV;N;351;188,50;0,017790;3,35;0,13;0,00;3,48;;
017;983;202607;202607;1801102F;00; NENV;N;336;171,60;0,017790;3,05;0,12;0,00;3,17;;
017;983;202607;202607;1801102J;00; NENV;N;312;156,10;0,017790;2,78;0,11;0,00;2,88;;
017;983;202607;202607;1801102Q;00; NENV;N;340;170,30;0,017790;3,03;0,11;0,00;3,14;;
017;983;202607;202607;1801102S;00; NENV;N;330;168,80;0,017790;3,00;0,11;0,00;3,12;;
017;983;202607;202607;1801102U;00; NENV;N;338;179,20;0,017790;3,19;0,12;0,00;3,31;;
017;983;202607;202607;1801102X;00; NENV;N;366;184,60;0,017790;3,28;0,12;0,00;3,41;;
017;983;202607;202607;1901105H;00; NENV;N;1229;1079,40;0,017790;19,20;0,73;0,00;19,93;;
017;983;202607;202607;1901105I;00; NENV;N;1219;1030,80;0,017790;18,34;0,69;0,00;19,03;;
017;983;202607;202607;1901105K;00; NENV;N;1016;845,40;0,017790;15,04;0,57;0,00;15,61;;
017;983;202607;202607;1901105M;00; NENV;N;1322;1077,30;0,017790;19,17;0,73;0,00;19,89;;
017;983;202607;202607;1901105O;00; NENV;N;1179;966,40;0,017790;17,19;0,65;0,00;17,84;;
017;983;202607;202607;1901105Q;00; NENV;N;1194;983,00;0,017790;17,49;0,66;0,00;18,15;;
017;983;202607;202607;1901105S;00; NENV;N;1222;1052,10;0,017790;18,72;0,71;0,00;19,43;;
017;983;202607;202607;1901105U;00; NENV;N;1304;1029,70;0,017790;18,32;0,69;0,00;19,01;;
017;983;202607;202607;12010009;00; NENV;R;29;171,90;0,012450;2,14;0,08;0,00;2,22;;
017;983;202607;202607;1201000B;00; NENV;R;25;106,30;0,012450;1,32;0,05;0,00;1,37;;
017;983;202607;202607;1201000D;00; NENV;R;29;163,60;0,012450;2,04;0,08;0,00;2,11;;
017;983;202607;202607;1201102F;00; NENV;R;1;0,50;0,012450;0,01;0,00;0,00;0,01;;
017;983;202607;202607;1201102H;00; NENV;R;3;6,00;0,012450;0,07;0,00;0,00;0,08;;
017;983;202607;202607;13011028;00; NENV;R;51;505,50;0,012450;6,29;0,24;0,00;6,53;;
017;983;202607;202607;1301102A;00; NENV;R;28;363,90;0,012450;4,53;0,17;0,00;4,70;;
017;983;202607;202607;1301102C;00; NENV;R;34;343,60;0,012450;4,28;0,16;0,00;4,44;;
017;983;202607;202607;1301102L;00; NENV;R;25;136,10;0,012450;1,69;0,06;0,00;1,76;;
017;983;202607;202607;1301102O;00; NENV;R;24;160,40;0,012450;2,00;0,08;0,00;2,07;;
017;983;202607;202607;1301102Q;00; NENV;R;21;77,70;0,012450;0,97;0,04;0,00;1,00;;
017;983;202607;202607;1301102R;00; NENV;R;26;137,50;0,012450;1,71;0,06;0,00;1,78;;
017;983;202607;202607;1401101U;00; NENV;R;2;30,90;0,012450;0,38;0,01;0,00;0,40;;
017;983;202607;202607;1401101Z;00; NENV;R;2;1,00;0,012450;0,01;0,00;0,00;0,01;;
017;983;202607;202607;14011024;00; NENV;R;1;0,60;0,012450;0,01;0,00;0,00;0,01;;
017;983;202607;202607;14011029;00; NENV;R;4;3,50;0,012450;0,04;0,00;0,00;0,05;;
017;983;202607;202607;1401102E;00; NENV;R;5;16,00;0,012450;0,20;0,01;0,00;0,21;;
017;983;202607;202607;1401102G;00; NENV;R;3;5,00;0,012450;0,06;0,00;0,00;0,06;;
017;983;202607;202607;1401102I;00; NENV;R;2;1,10;0,012450;0,01;0,00;0,00;0,01;;
017;983;202607;202607;1401102K;00; NENV;R;2;2,30;0,012450;0,03;0,00;0,00;0,03;;
017;983;202607;202607;1501101I;00; NENV;R;5;2,50;0,012450;0,03;0,00;0,00;0,03;;
017;983;202607;202607;1501101M;00; NENV;R;1;1,10;0,012450;0,01;0,00;0,00;0,01;;
017;983;202607;202607;1501101O;00; NENV;R;5;69,50;0,012450;0,87;0,03;0,00;0,90;;
017;983;202607;202607;1501101S;00; NENV;R;5;2,50;0,012450;0,03;0,00;0,00;0,03;;
017;983;202607;202607;15011023;00; NENV;R;3;1,50;0,012450;0,02;0,00;0,00;0,02;;
017;983;202607;202607;15011025;00; NENV;R;2;1,30;0,012450;0,02;0,00;0,00;0,02;;
017;983;202607;202607;15011027;00; NENV;R;2;1,00;0,012450;0,01;0,00;0,00;0,01;;
017;983;202607;202607;15011029;00; NENV;R;4;2,90;0,012450;0,04;0,00;0,00;0,04;;
017;983;202607;202607;1601101M;00; NENV;R;7;4,20;0,012450;0,05;0,00;0,00;0,05;;
017;983;202607;202607;1601101Q;00; NENV;R;5;6,50;0,012450;0,08;0,00;0,00;0,08;;
017;983;202607;202607;1601101U;00; NENV;R;5;3,80;0,012450;0,05;0,00;0,00;0,05;;
017;983;202607;202607;1601101Z;00; NENV;R;8;27,50;0,012450;0,34;0,01;0,00;0,36;;
017;983;202607;202607;16011029;00; NENV;R;5;96,70;0,012450;1,20;0,05;0,00;1,25;;
017;983;202607;202607;1601102B;00; NENV;R;11;11,10;0,012450;0,14;0,01;0,00;0,14;;
017;983;202607;202607;1601102D;00; NENV;R;8;9,50;0,012450;0,12;0,00;0,00;0,12;;
017;983;202607;202607;1601102F;00; NENV;R;8;52,80;0,012450;0,66;0,02;0,00;0,68;;
017;983;202607;202607;1701000P;00; NENV;R;2;1,60;0,012450;0,02;0,00;0,00;0,02;;
017;983;202607;202607;1701000R;00; NENV;R;2;1,90;0,012450;0,02;0,00;0,00;0,02;;
017;983;202607;202607;1701000U;00; NENV;R;1;3,00;0,012450;0,04;0,00;0,00;0,04;;
017;983;202607;202607;1701101K;00; NENV;R;3;3,20;0,012450;0,04;0,00;0,00;0,04;;
017;983;202607;202607;1701101L;00; NENV;R;11;54,50;0,012450;0,68;0,03;0,00;0,70;;
017;983;202607;202607;1701101M;00; NENV;R;4;2,00;0,012450;0,02;0,00;0,00;0,03;;
017;983;202607;202607;1701101P;00; NENV;R;8;60,20;0,012450;0,75;0,03;0,00;0,78;;
017;983;202607;202607;1701101Z;00; NENV;R;10;33,40;0,012450;0,42;0,02;0,00;0,43;;
017;983;202607;202607;17011028;00; NENV;R;8;70,90;0,012450;0,88;0,03;0,00;0,92;;
017;983;202607;202607;17011029;00; NENV;R;9;29,80;0,012450;0,37;0,01;0,00;0,39;;
017;983;202607;202607;1701102D;00; NENV;R;7;89,50;0,012450;1,11;0,04;0,00;1,16;;
017;983;202607;202607;18011029;00; NENV;R;2;13,10;0,012450;0,16;0,01;0,00;0,17;;
017;983;202607;202607;1801102X;00; NENV;R;1;2,60;0,012450;0,03;0,00;0,00;0,03;;
017;983;202607;202607;1901105H;00; NENV;R;32;86,70;0,012450;1,08;0,04;0,00;1,12;;
017;983;202607;202607;1901105I;00; NENV;R;36;224,10;0,012450;2,79;0,11;0,00;2,90;;
017;983;202607;202607;1901105K;00; NENV;R;33;195,30;0,012450;2,43;0,09;0,00;2,52;;
017;983;202607;202607;1901105M;00; NENV;R;33;93,10;0,012450;1,16;0,04;0,00;1,20;;
017;983;202607;202607;1901105O;00; NENV;R;42;168,00;0,012450;2,09;0,08;0,00;2,17;;
017;983;202607;202607;1901105Q;00; NENV;R;28;87,50;0,012450;1,09;0,04;0,00;1,13;;
017;983;202607;202607;1901105S;00; NENV;R;42;222,70;0,012450;2,77;0,11;0,00;2,88;;
017;983;202607;202607;1901105U;00; NENV;R;30;281,20;0,012450;3,50;0,13;0,00;3,63;;
;;;;;01;;;61114;45594,50;;788,40;29,85;0,00;818,27;;
017;984;202607;202607;12010009;00; NENV;N;132;200,30;0,017790;3,56;0,13;0,00;3,70;;
017;984;202607;202607;1201000B;00; NENV;N;133;159,70;0,017790;2,84;0,11;0,00;2,95;;
017;984;202607;202607;1201000D;00; NENV;N;125;345,70;0,017790;6,15;0,23;0,00;6,38;;
017;984;202607;202607;1201102D;00; NENV;N;685;401,00;0,017790;7,13;0,27;0,00;7,40;;
017;984;202607;202607;1201102F;00; NENV;N;708;355,40;0,017790;6,32;0,24;0,00;6,56;;
017;984;202607;202607;1201102H;00; NENV;N;717;358,60;0,017790;6,38;0,24;0,00;6,62;;
017;984;202607;202607;1201102M;00; NENV;N;522;261,50;0,017790;4,65;0,18;0,00;4,83;;
017;984;202607;202607;1201102P;00; NENV;N;500;250,50;0,017790;4,46;0,17;0,00;4,63;;
017;984;202607;202607;1201102R;00; NENV;N;534;267,20;0,017790;4,75;0,18;0,00;4,93;;
017;984;202607;202607;1201102S;00; NENV;N;543;271,60;0,017790;4,83;0,18;0,00;5,01;;
017;984;202607;202607;13011028;00; NENV;N;679;617,00;0,017790;10,98;0,42;0,00;11,39;;
017;984;202607;202607;1301102A;00; NENV;N;732;809,10;0,017790;14,39;0,55;0,00;14,94;;
017;984;202607;202607;1301102C;00; NENV;N;691;712,50;0,017790;12,68;0,48;0,00;13,16;;
017;984;202607;202607;1301102L;00; NENV;N;542;526,80;0,017790;9,37;0,36;0,00;9,73;;
017;984;202607;202607;1301102O;00; NENV;N;489;347,80;0,017790;6,19;0,23;0,00;6,42;;
017;984;202607;202607;1301102Q;00; NENV;N;543;409,10;0,017790;7,28;0,28;0,00;7,55;;
017;984;202607;202607;1301102R;00; NENV;N;539;426,30;0,017790;7,58;0,29;0,00;7,87;;
017;984;202607;202607;1401101U;00; NENV;N;282;316,10;0,017790;5,62;0,21;0,00;5,84;;
017;984;202607;202607;1401101Z;00; NENV;N;248;125,40;0,017790;2,23;0,08;0,00;2,32;;
017;984;202607;202607;14011024;00; NENV;N;321;178,00;0,017790;3,17;0,12;0,00;3,29;;
017;984;202607;202607;14011029;00; NENV;N;318;220,00;0,017790;3,91;0,15;0,00;4,06;;
017;984;202607;202607;1401102E;00; NENV;N;330;172,80;0,017790;3,07;0,12;0,00;3,19;;
017;984;202607;202607;1401102G;00; NENV;N;306;199,40;0,017790;3,55;0,13;0,00;3,68;;
017;984;202607;202607;1401102I;00; NENV;N;321;190,20;0,017790;3,38;0,13;0,00;3,51;;
017;984;202607;202607;1401102K;00; NENV;N;299;168,80;0,017790;3,00;0,11;0,00;3,12;;
017;984;202607;202607;1501101I;00; NENV;N;125;68,50;0,017790;1,22;0,05;0,00;1,26;;
017;984;202607;202607;1501101M;00; NENV;N;101;75,70;0,017790;1,35;0,05;0,00;1,40;;
017;984;202607;202607;1501101O;00; NENV;N;107;54,70;0,017790;0,97;0,04;0,00;1,01;;
017;984;202607;202607;1501101S;00; NENV;N;114;102,20;0,017790;1,82;0,07;0,00;1,89;;
017;984;202607;202607;15011023;00; NENV;N;134;72,60;0,017790;1,29;0,05;0,00;1,34;;
017;984;202607;202607;15011025;00; NENV;N;124;128,70;0,017790;2,29;0,09;0,00;2,38;;
017;984;202607;202607;15011027;00; NENV;N;124;64,70;0,017790;1,15;0,04;0,00;1,19;;
017;984;202607;202607;15011029;00; NENV;N;138;116,50;0,017790;2,07;0,08;0,00;2,15;;
017;984;202607;202607;1601101M;00; NENV;N;752;442,70;0,017790;7,88;0,30;0,00;8,17;;
017;984;202607;202607;1601101Q;00; NENV;N;947;548,60;0,017790;9,76;0,37;0,00;10,13;;
017;984;202607;202607;1601101U;00; NENV;N;878;519,10;0,017790;9,23;0,35;0,00;9,58;;
017;984;202607;202607;1601101Z;00; NENV;N;897;539,90;0,017790;9,60;0,36;0,00;9,97;;
017;984;202607;202607;16011029;00; NENV;N;878;507,20;0,017790;9,02;0,34;0,00;9,36;;
017;984;202607;202607;1601102B;00; NENV;N;888;611,90;0,017790;10,89;0,41;0,00;11,30;;
017;984;202607;202607;1601102D;00; NENV;N;999;593,10;0,017790;10,55;0,40;0,00;10,95;;
017;984;202607;202607;1601102F;00; NENV;N;941;529,70;0,017790;9,42;0,36;0,00;9,78;;
017;984;202607;202607;1701000P;00; NENV;N;5;40,30;0,017790;0,72;0,03;0,00;0,74;;
017;984;202607;202607;1701000R;00; NENV;N;5;14,30;0,017790;0,25;0,01;0,00;0,26;;
017;984;202607;202607;1701000T;00; NENV;N;6;43,80;0,017790;0,78;0,03;0,00;0,81;;
017;984;202607;202607;1701000U;00; NENV;N;10;23,40;0,017790;0,42;0,02;0,00;0,43;;
017;984;202607;202607;1701101K;00; NENV;N;452;287,30;0,017790;5,11;0,19;0,00;5,30;;
017;984;202607;202607;1701101L;00; NENV;N;540;289,60;0,017790;5,15;0,20;0,00;5,35;;
017;984;202607;202607;1701101M;00; NENV;N;504;283,10;0,017790;5,04;0,19;0,00;5,23;;
017;984;202607;202607;1701101P;00; NENV;N;496;263,90;0,017790;4,69;0,18;0,00;4,87;;
017;984;202607;202607;1701101Z;00; NENV;N;521;306,00;0,017790;5,44;0,21;0,00;5,65;;
017;984;202607;202607;17011028;00; NENV;N;526;318,80;0,017790;5,67;0,21;0,00;5,89;;
017;984;202607;202607;17011029;00; NENV;N;495;283,40;0,017790;5,04;0,19;0,00;5,23;;
017;984;202607;202607;1701102D;00; NENV;N;521;307,10;0,017790;5,46;0,21;0,00;5,67;;
017;984;202607;202607;18011029;00; NENV;N;172;86,00;0,017790;1,53;0,06;0,00;1,59;;
017;984;202607;202607;1801102D;00; NENV;N;167;83,50;0,017790;1,49;0,06;0,00;1,54;;
017;984;202607;202607;1801102F;00; NENV;N;156;78,00;0,017790;1,39;0,05;0,00;1,44;;
017;984;202607;202607;1801102J;00; NENV;N;160;80,30;0,017790;1,43;0,05;0,00;1,48;;
017;984;202607;202607;1801102Q;00; NENV;N;167;83,50;0,017790;1,49;0,06;0,00;1,54;;
017;984;202607;202607;1801102S;00; NENV;N;178;89,10;0,017790;1,59;0,06;0,00;1,65;;
017;984;202607;202607;1801102U;00; NENV;N;160;80,20;0,017790;1,43;0,05;0,00;1,48;;
017;984;202607;202607;1801102X;00; NENV;N;162;81,40;0,017790;1,45;0,05;0,00;1,50;;
017;984;202607;202607;1901105H;00; NENV;N;529;473,80;0,017790;8,43;0,32;0,00;8,75;;
017;984;202607;202607;1901105I;00; NENV;N;546;424,40;0,017790;7,55;0,29;0,00;7,84;;
017;984;202607;202607;1901105K;00; NENV;N;430;321,00;0,017790;5,71;0,22;0,00;5,93;;
017;984;202607;202607;1901105M;00; NENV;N;538;352,50;0,017790;6,27;0,24;0,00;6,51;;
017;984;202607;202607;1901105O;00; NENV;N;560;397,80;0,017790;7,08;0,27;0,00;7,34;;
017;984;202607;202607;1901105Q;00; NENV;N;525;404,50;0,017790;7,20;0,27;0,00;7,47;;
017;984;202607;202607;1901105S;00; NENV;N;527;480,80;0,017790;8,55;0,32;0,00;8,88;;
017;984;202607;202607;1901105U;00; NENV;N;551;429,90;0,017790;7,65;0,29;0,00;7,94;;
017;984;202607;202607;12010009;00; NENV;R;9;22,10;0,012450;0,28;0,01;0,00;0,29;;
017;984;202607;202607;1201000B;00; NENV;R;15;74,40;0,012450;0,93;0,04;0,00;0,96;;
017;984;202607;202607;1201000D;00; NENV;R;12;81,80;0,012450;1,02;0,04;0,00;1,06;;
017;984;202607;202607;1201102H;00; NENV;R;1;0,50;0,012450;0,01;0,00;0,00;0,01;;
017;984;202607;202607;13011028;00; NENV;R;11;92,20;0,012450;1,15;0,04;0,00;1,19;;
017;984;202607;202607;1301102A;00; NENV;R;16;676,50;0,012450;8,42;0,32;0,00;8,74;;
017;984;202607;202607;1301102C;00; NENV;R;15;575,30;0,012450;7,16;0,27;0,00;7,43;;
017;984;202607;202607;1301102L;00; NENV;R;10;285,90;0,012450;3,56;0,13;0,00;3,69;;
017;984;202607;202607;1301102O;00; NENV;R;9;206,50;0,012450;2,57;0,10;0,00;2,67;;
017;984;202607;202607;1301102Q;00; NENV;R;8;289,40;0,012450;3,60;0,14;0,00;3,74;;
017;984;202607;202607;1301102R;00; NENV;R;10;223,70;0,012450;2,79;0,11;0,00;2,89;;
017;984;202607;202607;1401101U;00; NENV;R;4;2,80;0,012450;0,03;0,00;0,00;0,04;;
017;984;202607;202607;1401101Z;00; NENV;R;5;16,60;0,012450;0,21;0,01;0,00;0,21;;
017;984;202607;202607;14011024;00; NENV;R;3;6,20;0,012450;0,08;0,00;0,00;0,08;;
017;984;202607;202607;14011029;00; NENV;R;3;1,50;0,012450;0,02;0,00;0,00;0,02;;
017;984;202607;202607;1401102G;00; NENV;R;3;26,90;0,012450;0,33;0,01;0,00;0,35;;
017;984;202607;202607;1401102I;00; NENV;R;2;1,00;0,012450;0,01;0,00;0,00;0,01;;
017;984;202607;202607;1401102K;00; NENV;R;2;12,10;0,012450;0,15;0,01;0,00;0,16;;
017;984;202607;202607;1501101I;00; NENV;R;3;5,30;0,012450;0,07;0,00;0,00;0,07;;
017;984;202607;202607;1501101O;00; NENV;R;3;1,90;0,012450;0,02;0,00;0,00;0,02;;
017;984;202607;202607;1501101S;00; NENV;R;1;61,90;0,012450;0,77;0,03;0,00;0,80;;
017;984;202607;202607;15011023;00; NENV;R;2;112,60;0,012450;1,40;0,05;0,00;1,45;;
017;984;202607;202607;15011025;00; NENV;R;3;78,00;0,012450;0,97;0,04;0,00;1,01;;
017;984;202607;202607;15011027;00; NENV;R;2;5,20;0,012450;0,06;0,00;0,00;0,07;;
017;984;202607;202607;15011029;00; NENV;R;2;69,20;0,012450;0,86;0,03;0,00;0,89;;
017;984;202607;202607;1601101M;00; NENV;R;11;52,90;0,012450;0,66;0,02;0,00;0,68;;
017;984;202607;202607;1601101Q;00; NENV;R;5;2,50;0,012450;0,03;0,00;0,00;0,03;;
017;984;202607;202607;1601101U;00; NENV;R;5;45,10;0,012450;0,56;0,02;0,00;0,58;;
017;984;202607;202607;1601101Z;00; NENV;R;8;16,30;0,012450;0,20;0,01;0,00;0,21;;
017;984;202607;202607;16011029;00; NENV;R;6;6,00;0,012450;0,07;0,00;0,00;0,08;;
017;984;202607;202607;1601102B;00; NENV;R;9;7,00;0,012450;0,09;0,00;0,00;0,09;;
017;984;202607;202607;1601102D;00; NENV;R;10;10,50;0,012450;0,13;0,00;0,00;0,14;;
017;984;202607;202607;1601102F;00; NENV;R;13;35,90;0,012450;0,45;0,02;0,00;0,46;;
017;984;202607;202607;1701000T;00; NENV;R;2;66,10;0,012450;0,82;0,03;0,00;0,85;;
017;984;202607;202607;1701000U;00; NENV;R;1;0,70;0,012450;0,01;0,00;0,00;0,01;;
017;984;202607;202607;1701101K;00; NENV;R;3;1,50;0,012450;0,02;0,00;0,00;0,02;;
017;984;202607;202607;1701101L;00; NENV;R;4;2,00;0,012450;0,02;0,00;0,00;0,03;;
017;984;202607;202607;1701101M;00; NENV;R;4;31,50;0,012450;0,39;0,01;0,00;0,41;;
017;984;202607;202607;1701101P;00; NENV;R;1;0,50;0,012450;0,01;0,00;0,00;0,01;;
017;984;202607;202607;1701101Z;00; NENV;R;3;2,30;0,012450;0,03;0,00;0,00;0,03;;
017;984;202607;202607;17011028;00; NENV;R;3;7,20;0,012450;0,09;0,00;0,00;0,09;;
017;984;202607;202607;17011029;00; NENV;R;2;1,00;0,012450;0,01;0,00;0,00;0,01;;
017;984;202607;202607;1701102D;00; NENV;R;2;1,50;0,012450;0,02;0,00;0,00;0,02;;
017;984;202607;202607;1901105H;00; NENV;R;21;101,80;0,012450;1,27;0,05;0,00;1,32;;
017;984;202607;202607;1901105I;00; NENV;R;12;40,20;0,012450;0,50;0,02;0,00;0,52;;
017;984;202607;202607;1901105K;00; NENV;R;15;13,60;0,012450;0,17;0,01;0,00;0,18;;
017;984;202607;202607;1901105M;00; NENV;R;13;10,70;0,012450;0,13;0,01;0,00;0,14;;
017;984;202607;202607;1901105O;00; NENV;R;19;52,80;0,012450;0,66;0,02;0,00;0,68;;
017;984;202607;202607;1901105Q;00; NENV;R;14;180,80;0,012450;2,25;0,09;0,00;2,34;;
017;984;202607;202607;1901105S;00; NENV;R;19;37,70;0,012450;0,47;0,02;0,00;0,49;;
017;984;202607;202607;1901105U;00; NENV;R;20;27,70;0,012450;0,34;0,01;0,00;0,36;;
;;;;;01;;;29374;23359,60;;395,86;15,00;0,00;410,88;;
017;985;202607;202607;12010009;00; NENV;N;479;1204,50;0,017790;21,43;0,81;0,00;22,24;;
017;985;202607;202607;1201000B;00; NENV;N;423;904,50;0,017790;16,09;0,61;0,00;16,70;;
017;985;202607;202607;1201000D;00; NENV;N;469;1099,30;0,017790;19,56;0,74;0,00;20,30;;
017;985;202607;202607;1201102D;00; NENV;N;777;394,60;0,017790;7,02;0,27;0,00;7,29;;
017;985;202607;202607;1201102F;00; NENV;N;795;421,70;0,017790;7,50;0,28;0,00;7,79;;
017;985;202607;202607;1201102H;00; NENV;N;730;389,60;0,017790;6,93;0,26;0,00;7,19;;
017;985;202607;202607;1201102M;00; NENV;N;539;279,00;0,017790;4,96;0,19;0,00;5,15;;
017;985;202607;202607;1201102P;00; NENV;N;590;308,70;0,017790;5,49;0,21;0,00;5,70;;
017;985;202607;202607;1201102R;00; NENV;N;577;297,40;0,017790;5,29;0,20;0,00;5,49;;
017;985;202607;202607;1201102S;00; NENV;N;594;310,60;0,017790;5,53;0,21;0,00;5,73;;
017;985;202607;202607;13011028;00; NENV;N;2938;1970,80;0,017790;35,06;1,33;0,00;36,39;;
017;985;202607;202607;1301102A;00; NENV;N;2768;1583,50;0,017790;28,17;1,07;0,00;29,24;;
017;985;202607;202607;1301102C;00; NENV;N;3058;1853,40;0,017790;32,97;1,25;0,00;34,22;;
017;985;202607;202607;1301102L;00; NENV;N;2228;1359,60;0,017790;24,19;0,92;0,00;25,10;;
017;985;202607;202607;1301102O;00; NENV;N;2172;1239,70;0,017790;22,05;0,84;0,00;22,89;;
017;985;202607;202607;1301102Q;00; NENV;N;2155;1208,50;0,017790;21,50;0,81;0,00;22,31;;
017;985;202607;202607;1301102R;00; NENV;N;2192;1404,40;0,017790;24,98;0,95;0,00;25,93;;
017;985;202607;202607;1401101U;00; NENV;N;2252;1318,40;0,017790;23,45;0,89;0,00;24,34;;
017;985;202607;202607;1401101Z;00; NENV;N;2102;1176,40;0,017790;20,93;0,79;0,00;21,72;;
017;985;202607;202607;14011024;00; NENV;N;2270;1308,10;0,017790;23,27;0,88;0,00;24,15;;
017;985;202607;202607;14011029;00; NENV;N;2206;1225,60;0,017790;21,80;0,83;0,00;22,63;;
017;985;202607;202607;1401102E;00; NENV;N;2249;1244,80;0,017790;22,14;0,84;0,00;22,98;;
017;985;202607;202607;1401102G;00; NENV;N;2155;1217,80;0,017790;21,66;0,82;0,00;22,49;;
017;985;202607;202607;1401102I;00; NENV;N;2161;1166,30;0,017790;20,75;0,79;0,00;21,53;;
017;985;202607;202607;1401102K;00; NENV;N;2167;1180,60;0,017790;21,00;0,80;0,00;21,80;;
017;985;202607;202607;1501101I;00; NENV;N;203;122,60;0,017790;2,18;0,08;0,00;2,26;;
017;985;202607;202607;1501101M;00; NENV;N;163;153,20;0,017790;2,73;0,10;0,00;2,83;;
017;985;202607;202607;1501101O;00; NENV;N;213;154,80;0,017790;2,75;0,10;0,00;2,86;;
017;985;202607;202607;1501101S;00; NENV;N;220;135,70;0,017790;2,41;0,09;0,00;2,51;;
017;985;202607;202607;15011023;00; NENV;N;207;180,00;0,017790;3,20;0,12;0,00;3,32;;
017;985;202607;202607;15011025;00; NENV;N;192;165,70;0,017790;2,95;0,11;0,00;3,06;;
017;985;202607;202607;15011027;00; NENV;N;200;169,00;0,017790;3,01;0,11;0,00;3,12;;
017;985;202607;202607;15011029;00; NENV;N;224;239,30;0,017790;4,26;0,16;0,00;4,42;;
017;985;202607;202607;1601101M;00; NENV;N;1739;1056,80;0,017790;18,80;0,71;0,00;19,51;;
017;985;202607;202607;1601101Q;00; NENV;N;1895;1220,30;0,017790;21,71;0,82;0,00;22,53;;
017;985;202607;202607;1601101U;00; NENV;N;1817;1111,30;0,017790;19,77;0,75;0,00;20,52;;
017;985;202607;202607;1601101Z;00; NENV;N;1923;1213,00;0,017790;21,58;0,82;0,00;22,40;;
017;985;202607;202607;16011029;00; NENV;N;1852;1210,00;0,017790;21,53;0,82;0,00;22,34;;
017;985;202607;202607;1601102B;00; NENV;N;1772;1090,20;0,017790;19,39;0,73;0,00;20,13;;
017;985;202607;202607;1601102D;00; NENV;N;1872;1153,00;0,017790;20,51;0,78;0,00;21,29;;
017;985;202607;202607;1601102F;00; NENV;N;1876;1118,90;0,017790;19,91;0,75;0,00;20,66;;
017;985;202607;202607;1701000P;00; NENV;N;25;89,40;0,017790;1,59;0,06;0,00;1,65;;
017;985;202607;202607;1701000R;00; NENV;N;32;56,00;0,017790;1,00;0,04;0,00;1,03;;
017;985;202607;202607;1701000T;00; NENV;N;30;71,50;0,017790;1,27;0,05;0,00;1,32;;
017;985;202607;202607;1701000U;00; NENV;N;35;76,70;0,017790;1,36;0,05;0,00;1,42;;
017;985;202607;202607;1701101K;00; NENV;N;1429;922,80;0,017790;16,42;0,62;0,00;17,04;;
017;985;202607;202607;1701101L;00; NENV;N;1496;871,00;0,017790;15,50;0,59;0,00;16,08;;
017;985;202607;202607;1701101M;00; NENV;N;1490;864,10;0,017790;15,37;0,58;0,00;15,95;;
017;985;202607;202607;1701101P;00; NENV;N;1408;872,40;0,017790;15,52;0,59;0,00;16,11;;
017;985;202607;202607;1701101Z;00; NENV;N;1429;809,80;0,017790;14,41;0,55;0,00;14,95;;
017;985;202607;202607;17011028;00; NENV;N;1515;914,60;0,017790;16,27;0,62;0,00;16,89;;
017;985;202607;202607;17011029;00; NENV;N;1417;796,30;0,017790;14,17;0,54;0,00;14,70;;
017;985;202607;202607;1701102D;00; NENV;N;1423;948,40;0,017790;16,87;0,64;0,00;17,51;;
017;985;202607;202607;18011029;00; NENV;N;163;84,70;0,017790;1,51;0,06;0,00;1,56;;
017;985;202607;202607;1801102D;00; NENV;N;179;93,00;0,017790;1,65;0,06;0,00;1,72;;
017;985;202607;202607;1801102F;00; NENV;N;184;95,90;0,017790;1,71;0,06;0,00;1,77;;
017;985;202607;202607;1801102J;00; NENV;N;150;78,40;0,017790;1,39;0,05;0,00;1,45;;
017;985;202607;202607;1801102Q;00; NENV;N;186;99,60;0,017790;1,77;0,07;0,00;1,84;;
017;985;202607;202607;1801102S;00; NENV;N;173;93,10;0,017790;1,66;0,06;0,00;1,72;;
017;985;202607;202607;1801102U;00; NENV;N;180;93,60;0,017790;1,67;0,06;0,00;1,73;;
017;985;202607;202607;1801102X;00; NENV;N;166;87,70;0,017790;1,56;0,06;0,00;1,62;;
017;985;202607;202607;1901105H;00; NENV;N;2314;1796,30;0,017790;31,96;1,21;0,00;33,17;;
017;985;202607;202607;1901105I;00; NENV;N;2373;2161,90;0,017790;38,46;1,46;0,00;39,92;;
017;985;202607;202607;1901105K;00; NENV;N;2218;2184,30;0,017790;38,86;1,47;0,00;40,33;;
017;985;202607;202607;1901105M;00; NENV;N;2297;1888,30;0,017790;33,59;1,27;0,00;34,87;;
017;985;202607;202607;1901105O;00; NENV;N;2427;1890,00;0,017790;33,62;1,27;0,00;34,90;;
017;985;202607;202607;1901105Q;00; NENV;N;2217;1634,90;0,017790;29,08;1,10;0,00;30,19;;
017;985;202607;202607;1901105S;00; NENV;N;2262;1659,60;0,017790;29,52;1,12;0,00;30,64;;
017;985;202607;202607;1901105U;00; NENV;N;2415;1944,30;0,017790;34,59;1,31;0,00;35,90;;
017;985;202607;202607;12010009;00; NENV;R;47;826,60;0,012450;10,29;0,39;0,00;10,68;;
017;985;202607;202607;1201000B;00; NENV;R;42;326,80;0,012450;4,07;0,15;0,00;4,22;;
017;985;202607;202607;1201000D;00; NENV;R;33;419,60;0,012450;5,22;0,20;0,00;5,42;;
017;985;202607;202607;1201102H;00; NENV;R;2;2,40;0,012450;0,03;0,00;0,00;0,03;;
017;985;202607;202607;1201102P;00; NENV;R;1;0,50;0,012450;0,01;0,00;0,00;0,01;;
017;985;202607;202607;1201102R;00; NENV;R;1;0,90;0,012450;0,01;0,00;0,00;0,01;;
017;985;202607;202607;1201102S;00; NENV;R;3;5,20;0,012450;0,06;0,00;0,00;0,07;;
017;985;202607;202607;13011028;00; NENV;R;13;139,20;0,012450;1,73;0,07;0,00;1,80;;
017;985;202607;202607;1301102A;00; NENV;R;19;72,30;0,012450;0,90;0,03;0,00;0,93;;
017;985;202607;202607;1301102C;00; NENV;R;14;45,90;0,012450;0,57;0,02;0,00;0,59;;
017;985;202607;202607;1301102L;00; NENV;R;11;154,40;0,012450;1,92;0,07;0,00;2,00;;
017;985;202607;202607;1301102O;00; NENV;R;13;204,90;0,012450;2,55;0,10;0,00;2,65;;
017;985;202607;202607;1301102Q;00; NENV;R;15;63,10;0,012450;0,79;0,03;0,00;0,82;;
017;985;202607;202607;1301102R;00; NENV;R;10;81,60;0,012450;1,02;0,04;0,00;1,05;;
017;985;202607;202607;1401101U;00; NENV;R;24;82,20;0,012450;1,02;0,04;0,00;1,06;;
017;985;202607;202607;1401101Z;00; NENV;R;14;62,40;0,012450;0,78;0,03;0,00;0,81;;
017;985;202607;202607;14011024;00; NENV;R;21;30,80;0,012450;0,38;0,01;0,00;0,40;;
017;985;202607;202607;14011029;00; NENV;R;15;32,40;0,012450;0,40;0,02;0,00;0,42;;
017;985;202607;202607;1401102E;00; NENV;R;26;30,00;0,012450;0,37;0,01;0,00;0,39;;
017;985;202607;202607;1401102G;00; NENV;R;19;132,90;0,012450;1,65;0,06;0,00;1,72;;
017;985;202607;202607;1401102I;00; NENV;R;17;9,40;0,012450;0,12;0,00;0,00;0,12;;
017;985;202607;202607;1401102K;00; NENV;R;20;56,50;0,012450;0,70;0,03;0,00;0,73;;
017;985;202607;202607;1501101I;00; NENV;R;7;35,50;0,012450;0,44;0,02;0,00;0,46;;
017;985;202607;202607;1501101M;00; NENV;R;9;32,70;0,012450;0,41;0,02;0,00;0,42;;
017;985;202607;202607;1501101O;00; NENV;R;4;3,90;0,012450;0,05;0,00;0,00;0,05;;
017;985;202607;202607;1501101S;00; NENV;R;13;30,80;0,012450;0,38;0,01;0,00;0,40;;
017;985;202607;202607;15011023;00; NENV;R;5;2,50;0,012450;0,03;0,00;0,00;0,03;;
017;985;202607;202607;15011025;00; NENV;R;5;12,10;0,012450;0,15;0,01;0,00;0,16;;
017;985;202607;202607;15011027;00; NENV;R;9;8,00;0,012450;0,10;0,00;0,00;0,10;;
017;985;202607;202607;15011029;00; NENV;R;11;12,90;0,012450;0,16;0,01;0,00;0,17;;
017;985;202607;202607;1601101M;00; NENV;R;22;58,30;0,012450;0,73;0,03;0,00;0,75;;
017;985;202607;202607;1601101Q;00; NENV;R;15;522,20;0,012450;6,50;0,25;0,00;6,75;;
017;985;202607;202607;1601101U;00; NENV;R;21;46,00;0,012450;0,57;0,02;0,00;0,59;;
017;985;202607;202607;1601101Z;00; NENV;R;30;103,10;0,012450;1,28;0,05;0,00;1,33;;
017;985;202607;202607;16011029;00; NENV;R;11;31,60;0,012450;0,39;0,01;0,00;0,41;;
017;985;202607;202607;1601102B;00; NENV;R;16;204,50;0,012450;2,55;0,10;0,00;2,64;;
017;985;202607;202607;1601102D;00; NENV;R;26;483,80;0,012450;6,02;0,23;0,00;6,25;;
017;985;202607;202607;1601102F;00; NENV;R;21;31,20;0,012450;0,39;0,01;0,00;0,40;;
017;985;202607;202607;1701000P;00; NENV;R;2;1,90;0,012450;0,02;0,00;0,00;0,02;;
017;985;202607;202607;1701000R;00; NENV;R;1;22,70;0,012450;0,28;0,01;0,00;0,29;;
017;985;202607;202607;1701000U;00; NENV;R;1;0,50;0,012450;0,01;0,00;0,00;0,01;;
017;985;202607;202607;1701101K;00; NENV;R;11;26,20;0,012450;0,33;0,01;0,00;0,34;;
017;985;202607;202607;1701101L;00; NENV;R;6;8,60;0,012450;0,11;0,00;0,00;0,11;;
017;985;202607;202607;1701101M;00; NENV;R;7;6,30;0,012450;0,08;0,00;0,00;0,08;;
017;985;202607;202607;1701101P;00; NENV;R;4;25,70;0,012450;0,32;0,01;0,00;0,33;;
017;985;202607;202607;1701101Z;00; NENV;R;10;42,00;0,012450;0,52;0,02;0,00;0,54;;
017;985;202607;202607;17011028;00; NENV;R;8;6,80;0,012450;0,08;0,00;0,00;0,09;;
017;985;202607;202607;17011029;00; NENV;R;5;11,90;0,012450;0,15;0,01;0,00;0,15;;
017;985;202607;202607;1701102D;00; NENV;R;2;1,00;0,012450;0,01;0,00;0,00;0,01;;
017;985;202607;202607;1901105H;00; NENV;R;54;346,50;0,012450;4,31;0,16;0,00;4,48;;
017;985;202607;202607;1901105I;00; NENV;R;47;192,10;0,012450;2,39;0,09;0,00;2,48;;
017;985;202607;202607;1901105K;00; NENV;R;50;368,50;0,012450;4,59;0,17;0,00;4,76;;
017;985;202607;202607;1901105M;00; NENV;R;46;565,30;0,012450;7,04;0,27;0,00;7,30;;
017;985;202607;202607;1901105O;00; NENV;R;66;585,10;0,012450;7,28;0,28;0,00;7,56;;
017;985;202607;202607;1901105Q;00; NENV;R;53;740,20;0,012450;9,22;0,35;0,00;9,56;;
017;985;202607;202607;1901105S;00; NENV;R;48;260,00;0,012450;3,24;0,12;0,00;3,36;;
017;985;202607;202607;1901105U;00; NENV;R;48;357,40;0,012450;4,45;0,17;0,00;4,62;;
017;985;202607;202607;1401102O;00; NSAV;R;1;0,50;0,012450;0,01;0,00;0,00;0,01;;
;;;;;01;;;90122;67708,50;;1161,94;44,00;0,00;1205,98;;
017;986;202607;202607;12010009;00; NENV;N;31;95,00;0,017790;1,69;0,06;0,00;1,75;;
017;986;202607;202607;1201000B;00; NENV;N;37;154,30;0,017790;2,74;0,10;0,00;2,85;;
017;986;202607;202607;1201000D;00; NENV;N;51;103,70;0,017790;1,84;0,07;0,00;1,91;;
017;986;202607;202607;1201102D;00; NENV;N;3588;1996,00;0,017790;35,51;1,35;0,00;36,85;;
017;986;202607;202607;1201102F;00; NENV;N;3784;2123,70;0,017790;37,78;1,43;0,00;39,21;;
017;986;202607;202607;1201102H;00; NENV;N;3774;2112,30;0,017790;37,58;1,42;0,00;39,00;;
017;986;202607;202607;1201102M;00; NENV;N;2769;1463,80;0,017790;26,04;0,99;0,00;27,03;;
017;986;202607;202607;1201102P;00; NENV;N;2861;1560,50;0,017790;27,76;1,05;0,00;28,81;;
017;986;202607;202607;1201102R;00; NENV;N;2837;1541,30;0,017790;27,42;1,04;0,00;28,46;;
017;986;202607;202607;1201102S;00; NENV;N;2789;1486,90;0,017790;26,45;1,00;0,00;27,45;;
017;986;202607;202607;13011028;00; NENV;N;4421;2679,90;0,017790;47,68;1,81;0,00;49,48;;
017;986;202607;202607;1301102A;00; NENV;N;4456;2654,30;0,017790;47,22;1,79;0,00;49,01;;
017;986;202607;202607;1301102C;00; NENV;N;4514;2646,10;0,017790;47,07;1,78;0,00;48,86;;
017;986;202607;202607;1301102L;00; NENV;N;3243;1959,90;0,017790;34,87;1,32;0,00;36,19;;
017;986;202607;202607;1301102O;00; NENV;N;3350;1983,60;0,017790;35,29;1,34;0,00;36,63;;
017;986;202607;202607;1301102Q;00; NENV;N;3281;1927,90;0,017790;34,30;1,30;0,00;35,60;;
017;986;202607;202607;1301102R;00; NENV;N;3303;1910,10;0,017790;33,98;1,29;0,00;35,27;;
017;986;202607;202607;1401101U;00; NENV;N;2477;1433,30;0,017790;25,50;0,97;0,00;26,46;;
017;986;202607;202607;1401101Z;00; NENV;N;2211;1248,60;0,017790;22,21;0,84;0,00;23,05;;
017;986;202607;202607;14011024;00; NENV;N;2488;1449,10;0,017790;25,78;0,98;0,00;26,76;;
017;986;202607;202607;14011029;00; NENV;N;2360;1376,40;0,017790;24,49;0,93;0,00;25,41;;
017;986;202607;202607;1401102E;00; NENV;N;2478;1429,20;0,017790;25,43;0,96;0,00;26,39;;
017;986;202607;202607;1401102G;00; NENV;N;2534;1455,90;0,017790;25,90;0,98;0,00;26,88;;
017;986;202607;202607;1401102I;00; NENV;N;2466;1460,40;0,017790;25,98;0,98;0,00;26,96;;
017;986;202607;202607;1401102K;00; NENV;N;2437;1390,70;0,017790;24,74;0,94;0,00;25,68;;
017;986;202607;202607;1501101I;00; NENV;N;2230;1228,70;0,017790;21,86;0,83;0,00;22,69;;
017;986;202607;202607;1501101M;00; NENV;N;1977;1092,90;0,017790;19,44;0,74;0,00;20,18;;
017;986;202607;202607;1501101O;00; NENV;N;2193;1213,50;0,017790;21,59;0,82;0,00;22,41;;
017;986;202607;202607;1501101S;00; NENV;N;2187;1206,30;0,017790;21,46;0,81;0,00;22,27;;
017;986;202607;202607;15011023;00; NENV;N;2270;1288,10;0,017790;22,92;0,87;0,00;23,78;;
017;986;202607;202607;15011025;00; NENV;N;2147;1207,20;0,017790;21,48;0,81;0,00;22,29;;
017;986;202607;202607;15011027;00; NENV;N;2195;1163,10;0,017790;20,69;0,78;0,00;21,48;;
017;986;202607;202607;15011029;00; NENV;N;2202;1226,20;0,017790;21,81;0,83;0,00;22,64;;
017;986;202607;202607;1601101M;00; NENV;N;5742;3408,90;0,017790;60,64;2,30;0,00;62,94;;
017;986;202607;202607;1601101Q;00; NENV;N;6335;3770,60;0,017790;67,08;2,54;0,00;69,62;;
017;986;202607;202607;1601101U;00; NENV;N;6218;3811,70;0,017790;67,81;2,57;0,00;70,38;;
017;986;202607;202607;1601101Z;00; NENV;N;6227;3731,00;0,017790;66,37;2,51;0,00;68,89;;
017;986;202607;202607;16011029;00; NENV;N;6152;3592,30;0,017790;63,91;2,42;0,00;66,33;;
017;986;202607;202607;1601102B;00; NENV;N;6204;3760,70;0,017790;66,90;2,53;0,00;69,44;;
017;986;202607;202607;1601102D;00; NENV;N;6382;4092,00;0,017790;72,80;2,76;0,00;75,55;;
017;986;202607;202607;1601102F;00; NENV;N;6276;3650,50;0,017790;64,94;2,46;0,00;67,40;;
017;986;202607;202607;1701000P;00; NENV;N;12;91,90;0,017790;1,63;0,06;0,00;1,70;;
017;986;202607;202607;1701000R;00; NENV;N;17;157,40;0,017790;2,80;0,11;0,00;2,91;;
017;986;202607;202607;1701000T;00; NENV;N;20;69,40;0,017790;1,23;0,05;0,00;1,28;;
017;986;202607;202607;1701000U;00; NENV;N;8;44,90;0,017790;0,80;0,03;0,00;0,83;;
017;986;202607;202607;1701101K;00; NENV;N;3166;1832,80;0,017790;32,61;1,24;0,00;33,84;;
017;986;202607;202607;1701101L;00; NENV;N;3314;1927,80;0,017790;34,30;1,30;0,00;35,59;;
017;986;202607;202607;1701101M;00; NENV;N;3363;1934,80;0,017790;34,42;1,30;0,00;35,72;;
017;986;202607;202607;1701101P;00; NENV;N;3364;1993,40;0,017790;35,46;1,34;0,00;36,81;;
017;986;202607;202607;1701101Z;00; NENV;N;3354;2029,40;0,017790;36,10;1,37;0,00;37,47;;
017;986;202607;202607;17011028;00; NENV;N;3470;2035,20;0,017790;36,21;1,37;0,00;37,58;;
017;986;202607;202607;17011029;00; NENV;N;3371;1970,90;0,017790;35,06;1,33;0,00;36,39;;
017;986;202607;202607;1701102D;00; NENV;N;3394;1988,80;0,017790;35,38;1,34;0,00;36,72;;
017;986;202607;202607;18011029;00; NENV;N;1264;721,30;0,017790;12,83;0,49;0,00;13,32;;
017;986;202607;202607;1801102D;00; NENV;N;1240;706,60;0,017790;12,57;0,48;0,00;13,05;;
017;986;202607;202607;1801102F;00; NENV;N;1271;704,00;0,017790;12,52;0,47;0,00;13,00;;
017;986;202607;202607;1801102J;00; NENV;N;1247;688,10;0,017790;12,24;0,46;0,00;12,71;;
017;986;202607;202607;1801102Q;00; NENV;N;1326;762,20;0,017790;13,56;0,51;0,00;14,07;;
017;986;202607;202607;1801102S;00; NENV;N;1323;745,30;0,017790;13,26;0,50;0,00;13,76;;
017;986;202607;202607;1801102U;00; NENV;N;1305;722,10;0,017790;12,85;0,49;0,00;13,33;;
017;986;202607;202607;1801102X;00; NENV;N;1249;700,90;0,017790;12,47;0,47;0,00;12,94;;
017;986;202607;202607;1901105H;00; NENV;N;3023;1944,30;0,017790;34,59;1,31;0,00;35,90;;
017;986;202607;202607;1901105I;00; NENV;N;3060;1991,00;0,017790;35,42;1,34;0,00;36,76;;
017;986;202607;202607;1901105K;00; NENV;N;2701;1709,60;0,017790;30,41;1,15;0,00;31,57;;
017;986;202607;202607;1901105M;00; NENV;N;3087;2019,50;0,017790;35,93;1,36;0,00;37,29;;
017;986;202607;202607;1901105O;00; NENV;N;3054;1805,30;0,017790;32,12;1,22;0,00;33,33;;
017;986;202607;202607;1901105Q;00; NENV;N;3108;1947,20;0,017790;34,64;1,31;0,00;35,95;;
017;986;202607;202607;1901105S;00; NENV;N;2993;1845,50;0,017790;32,83;1,24;0,00;34,08;;
017;986;202607;202607;1901105U;00; NENV;N;2916;1778,20;0,017790;31,63;1,20;0,00;32,83;;
017;986;202607;202607;12010009;00; NENV;R;4;5,00;0,012450;0,06;0,00;0,00;0,06;;
017;986;202607;202607;1201000B;00; NENV;R;10;58,00;0,012450;0,72;0,03;0,00;0,75;;
017;986;202607;202607;1201000D;00; NENV;R;7;6,20;0,012450;0,08;0,00;0,00;0,08;;
017;986;202607;202607;1201102D;00; NENV;R;11;6,00;0,012450;0,07;0,00;0,00;0,08;;
017;986;202607;202607;1201102F;00; NENV;R;15;7,50;0,012450;0,09;0,00;0,00;0,10;;
017;986;202607;202607;1201102H;00; NENV;R;18;9,60;0,012450;0,12;0,00;0,00;0,12;;
017;986;202607;202607;1201102M;00; NENV;R;9;4,50;0,012450;0,06;0,00;0,00;0,06;;
017;986;202607;202607;1201102P;00; NENV;R;9;4,50;0,012450;0,06;0,00;0,00;0,06;;
017;986;202607;202607;1201102R;00; NENV;R;12;6,00;0,012450;0,07;0,00;0,00;0,08;;
017;986;202607;202607;1201102S;00; NENV;R;14;7,00;0,012450;0,09;0,00;0,00;0,09;;
017;986;202607;202607;13011028;00; NENV;R;23;26,80;0,012450;0,33;0,01;0,00;0,35;;
017;986;202607;202607;1301102A;00; NENV;R;21;84,60;0,012450;1,05;0,04;0,00;1,09;;
017;986;202607;202607;1301102C;00; NENV;R;31;130,70;0,012450;1,63;0,06;0,00;1,69;;
017;986;202607;202607;1301102L;00; NENV;R;28;19,20;0,012450;0,24;0,01;0,00;0,25;;
017;986;202607;202607;1301102O;00; NENV;R;15;74,80;0,012450;0,93;0,04;0,00;0,97;;
017;986;202607;202607;1301102Q;00; NENV;R;22;196,20;0,012450;2,44;0,09;0,00;2,54;;
017;986;202607;202607;1301102R;00; NENV;R;18;86,20;0,012450;1,07;0,04;0,00;1,11;;
017;986;202607;202607;1401101U;00; NENV;R;9;7,40;0,012450;0,09;0,00;0,00;0,10;;
017;986;202607;202607;1401101Z;00; NENV;R;6;3,00;0,012450;0,04;0,00;0,00;0,04;;
017;986;202607;202607;14011024;00; NENV;R;8;4,10;0,012450;0,05;0,00;0,00;0,05;;
017;986;202607;202607;14011029;00; NENV;R;5;3,00;0,012450;0,04;0,00;0,00;0,04;;
017;986;202607;202607;1401102E;00; NENV;R;9;4,50;0,012450;0,06;0,00;0,00;0,06;;
017;986;202607;202607;1401102G;00; NENV;R;7;3,70;0,012450;0,05;0,00;0,00;0,05;;
017;986;202607;202607;1401102I;00; NENV;R;7;4,20;0,012450;0,05;0,00;0,00;0,05;;
017;986;202607;202607;1401102K;00; NENV;R;8;4,20;0,012450;0,05;0,00;0,00;0,05;;
017;986;202607;202607;1501101I;00; NENV;R;5;2,50;0,012450;0,03;0,00;0,00;0,03;;
017;986;202607;202607;1501101M;00; NENV;R;4;2,00;0,012450;0,02;0,00;0,00;0,03;;
017;986;202607;202607;1501101O;00; NENV;R;3;1,50;0,012450;0,02;0,00;0,00;0,02;;
017;986;202607;202607;1501101S;00; NENV;R;6;3,00;0,012450;0,04;0,00;0,00;0,04;;
017;986;202607;202607;15011023;00; NENV;R;6;3,00;0,012450;0,04;0,00;0,00;0,04;;
017;986;202607;202607;15011025;00; NENV;R;7;3,50;0,012450;0,04;0,00;0,00;0,05;;
017;986;202607;202607;15011027;00; NENV;R;7;3,50;0,012450;0,04;0,00;0,00;0,05;;
017;986;202607;202607;15011029;00; NENV;R;8;5,70;0,012450;0,07;0,00;0,00;0,07;;
017;986;202607;202607;1601101M;00; NENV;R;24;27,90;0,012450;0,35;0,01;0,00;0,36;;
017;986;202607;202607;1601101Q;00; NENV;R;24;13,10;0,012450;0,16;0,01;0,00;0,17;;
017;986;202607;202607;1601101U;00; NENV;R;26;29,00;0,012450;0,36;0,01;0,00;0,37;;
017;986;202607;202607;1601101Z;00; NENV;R;30;58,40;0,012450;0,73;0,03;0,00;0,75;;
017;986;202607;202607;16011029;00; NENV;R;25;80,60;0,012450;1,00;0,04;0,00;1,04;;
017;986;202607;202607;1601102B;00; NENV;R;28;33,80;0,012450;0,42;0,02;0,00;0,44;;
017;986;202607;202607;1601102D;00; NENV;R;23;29,10;0,012450;0,36;0,01;0,00;0,38;;
017;986;202607;202607;1601102F;00; NENV;R;30;49,60;0,012450;0,62;0,02;0,00;0,64;;
017;986;202607;202607;1701000P;00; NENV;R;1;38,00;0,012450;0,47;0,02;0,00;0,49;;
017;986;202607;202607;1701000R;00; NENV;R;3;40,40;0,012450;0,50;0,02;0,00;0,52;;
017;986;202607;202607;1701000T;00; NENV;R;1;0,50;0,012450;0,01;0,00;0,00;0,01;;
017;986;202607;202607;1701000U;00; NENV;R;2;27,10;0,012450;0,34;0,01;0,00;0,35;;
017;986;202607;202607;1701101K;00; NENV;R;13;18,50;0,012450;0,23;0,01;0,00;0,24;;
017;986;202607;202607;1701101L;00; NENV;R;18;59,30;0,012450;0,74;0,03;0,00;0,77;;
017;986;202607;202607;1701101M;00; NENV;R;14;203,70;0,012450;2,54;0,10;0,00;2,63;;
017;986;202607;202607;1701101P;00; NENV;R;17;37,50;0,012450;0,47;0,02;0,00;0,48;;
017;986;202607;202607;1701101Z;00; NENV;R;20;66,20;0,012450;0,82;0,03;0,00;0,86;;
017;986;202607;202607;17011028;00; NENV;R;15;56,50;0,012450;0,70;0,03;0,00;0,73;;
017;986;202607;202607;17011029;00; NENV;R;17;21,00;0,012450;0,26;0,01;0,00;0,27;;
017;986;202607;202607;1701102D;00; NENV;R;22;57,70;0,012450;0,72;0,03;0,00;0,75;;
017;986;202607;202607;1801102D;00; NENV;R;1;0,50;0,012450;0,01;0,00;0,00;0,01;;
017;986;202607;202607;1801102F;00; NENV;R;1;0,50;0,012450;0,01;0,00;0,00;0,01;;
017;986;202607;202607;1801102J;00; NENV;R;2;1,00;0,012450;0,01;0,00;0,00;0,01;;
017;986;202607;202607;1801102Q;00; NENV;R;4;2,00;0,012450;0,02;0,00;0,00;0,03;;
017;986;202607;202607;1801102U;00; NENV;R;5;2,50;0,012450;0,03;0,00;0,00;0,03;;
017;986;202607;202607;1801102X;00; NENV;R;5;3,10;0,012450;0,04;0,00;0,00;0,04;;
017;986;202607;202607;1901105H;00; NENV;R;42;106,60;0,012450;1,33;0,05;0,00;1,38;;
017;986;202607;202607;1901105I;00; NENV;R;37;36,10;0,012450;0,45;0,02;0,00;0,47;;
017;986;202607;202607;1901105K;00; NENV;R;24;25,70;0,012450;0,32;0,01;0,00;0,33;;
017;986;202607;202607;1901105M;00; NENV;R;35;32,80;0,012450;0,41;0,02;0,00;0,42;;
017;986;202607;202607;1901105O;00; NENV;R;46;52,80;0,012450;0,66;0,02;0,00;0,68;;
017;986;202607;202607;1901105Q;00; NENV;R;35;53,90;0,012450;0,67;0,03;0,00;0,70;;
017;986;202607;202607;1901105S;00; NENV;R;44;113,70;0,012450;1,42;0,05;0,00;1,47;;
017;986;202607;202607;1901105U;00; NENV;R;47;346,60;0,012450;4,32;0,16;0,00;4,48;;
;;;;;01;;;197550;118471,70;;2094,16;79,28;0,00;2173,53;;
017;991;202607;202607;12010009;00; NENV;N;113;311,40;0,017790;5,54;0,21;0,00;5,75;;
017;991;202607;202607;1201000B;00; NENV;N;117;408,90;0,017790;7,27;0,28;0,00;7,55;;
017;991;202607;202607;1201000D;00; NENV;N;112;555,60;0,017790;9,88;0,37;0,00;10,26;;
017;991;202607;202607;1201102D;00; NENV;N;3;72,70;0,017790;1,29;0,05;0,00;1,34;;
017;991;202607;202607;1201102F;00; NENV;N;3;1,50;0,017790;0,03;0,00;0,00;0,03;;
017;991;202607;202607;1201102H;00; NENV;N;5;4,50;0,017790;0,08;0,00;0,00;0,08;;
017;991;202607;202607;1201102M;00; NENV;N;1;0,50;0,017790;0,01;0,00;0,00;0,01;;
017;991;202607;202607;1201102P;00; NENV;N;2;1,00;0,017790;0,02;0,00;0,00;0,02;;
017;991;202607;202607;1201102R;00; NENV;N;3;24,90;0,017790;0,44;0,02;0,00;0,46;;
017;991;202607;202607;1201102S;00; NENV;N;3;1,50;0,017790;0,03;0,00;0,00;0,03;;
017;991;202607;202607;13011028;00; NENV;N;402;357,20;0,017790;6,35;0,24;0,00;6,60;;
017;991;202607;202607;1301102A;00; NENV;N;368;309,30;0,017790;5,50;0,21;0,00;5,71;;
017;991;202607;202607;1301102C;00; NENV;N;423;303,20;0,017790;5,39;0,20;0,00;5,60;;
017;991;202607;202607;1301102L;00; NENV;N;299;209,40;0,017790;3,73;0,14;0,00;3,87;;
017;991;202607;202607;1301102O;00; NENV;N;287;279,60;0,017790;4,97;0,19;0,00;5,16;;
017;991;202607;202607;1301102Q;00; NENV;N;268;282,00;0,017790;5,02;0,19;0,00;5,21;;
017;991;202607;202607;1301102R;00; NENV;N;246;151,40;0,017790;2,69;0,10;0,00;2,80;;
017;991;202607;202607;1401101U;00; NENV;N;288;348,00;0,017790;6,19;0,23;0,00;6,43;;
017;991;202607;202607;1401101Z;00; NENV;N;278;346,50;0,017790;6,16;0,23;0,00;6,40;;
017;991;202607;202607;14011024;00; NENV;N;305;607,70;0,017790;10,81;0,41;0,00;11,22;;
017;991;202607;202607;14011029;00; NENV;N;299;341,50;0,017790;6,08;0,23;0,00;6,31;;
017;991;202607;202607;1401102E;00; NENV;N;264;270,00;0,017790;4,80;0,18;0,00;4,99;;
017;991;202607;202607;1401102G;00; NENV;N;288;387,20;0,017790;6,89;0,26;0,00;7,15;;
017;991;202607;202607;1401102I;00; NENV;N;276;321,20;0,017790;5,71;0,22;0,00;5,93;;
017;991;202607;202607;1401102K;00; NENV;N;272;269,70;0,017790;4,80;0,18;0,00;4,98;;
017;991;202607;202607;1501101I;00; NENV;N;9;9,70;0,017790;0,17;0,01;0,00;0,18;;
017;991;202607;202607;1501101M;00; NENV;N;13;60,70;0,017790;1,08;0,04;0,00;1,12;;
017;991;202607;202607;1501101O;00; NENV;N;15;30,80;0,017790;0,55;0,02;0,00;0,57;;
017;991;202607;202607;1501101S;00; NENV;N;19;15,40;0,017790;0,27;0,01;0,00;0,28;;
017;991;202607;202607;1501101Y;00; NENV;N;1;0,50;0,017790;0,01;0,00;0,00;0,01;;
017;991;202607;202607;15011020;00; NENV;N;1;0,50;0,017790;0,01;0,00;0,00;0,01;;
017;991;202607;202607;15011023;00; NENV;N;14;106,10;0,017790;1,89;0,07;0,00;1,96;;
017;991;202607;202607;15011025;00; NENV;N;18;34,10;0,017790;0,61;0,02;0,00;0,63;;
017;991;202607;202607;15011027;00; NENV;N;17;43,30;0,017790;0,77;0,03;0,00;0,80;;
017;991;202607;202607;15011029;00; NENV;N;28;65,70;0,017790;1,17;0,04;0,00;1,21;;
017;991;202607;202607;1601101M;00; NENV;N;59;98,80;0,017790;1,76;0,07;0,00;1,82;;
017;991;202607;202607;1601101Q;00; NENV;N;76;139,90;0,017790;2,49;0,09;0,00;2,58;;
017;991;202607;202607;1601101U;00; NENV;N;68;150,70;0,017790;2,68;0,10;0,00;2,78;;
017;991;202607;202607;1601101Z;00; NENV;N;70;155,90;0,017790;2,77;0,11;0,00;2,88;;
017;991;202607;202607;16011029;00; NENV;N;63;171,10;0,017790;3,04;0,12;0,00;3,16;;
017;991;202607;202607;1601102B;00; NENV;N;78;225,80;0,017790;4,02;0,15;0,00;4,17;;
017;991;202607;202607;1601102D;00; NENV;N;66;188,40;0,017790;3,35;0,13;0,00;3,48;;
017;991;202607;202607;1601102F;00; NENV;N;52;86,90;0,017790;1,55;0,06;0,00;1,60;;
017;991;202607;202607;1701000P;00; NENV;N;18;69,40;0,017790;1,23;0,05;0,00;1,28;;
017;991;202607;202607;1701000R;00; NENV;N;13;52,10;0,017790;0,93;0,04;0,00;0,96;;
017;991;202607;202607;1701000T;00; NENV;N;18;35,70;0,017790;0,64;0,02;0,00;0,66;;
017;991;202607;202607;1701000U;00; NENV;N;15;44,70;0,017790;0,80;0,03;0,00;0,83;;
017;991;202607;202607;1701101K;00; NENV;N;168;204,20;0,017790;3,63;0,14;0,00;3,77;;
017;991;202607;202607;1701101L;00; NENV;N;172;222,60;0,017790;3,96;0,15;0,00;4,11;;
017;991;202607;202607;1701101M;00; NENV;N;158;105,00;0,017790;1,87;0,07;0,00;1,94;;
017;991;202607;202607;1701101P;00; NENV;N;144;145,60;0,017790;2,59;0,10;0,00;2,69;;
017;991;202607;202607;1701101Z;00; NENV;N;181;307,10;0,017790;5,46;0,21;0,00;5,67;;
017;991;202607;202607;17011028;00; NENV;N;158;219,30;0,017790;3,90;0,15;0,00;4,05;;
017;991;202607;202607;17011029;00; NENV;N;145;184,20;0,017790;3,28;0,12;0,00;3,40;;
017;991;202607;202607;1701102D;00; NENV;N;163;309,40;0,017790;5,50;0,21;0,00;5,71;;
017;991;202607;202607;1801102D;00; NENV;N;4;2,00;0,017790;0,04;0,00;0,00;0,04;;
017;991;202607;202607;1801102J;00; NENV;N;2;1,10;0,017790;0,02;0,00;0,00;0,02;;
017;991;202607;202607;1801102Q;00; NENV;N;2;7,20;0,017790;0,13;0,00;0,00;0,13;;
017;991;202607;202607;1801102S;00; NENV;N;2;5,50;0,017790;0,10;0,00;0,00;0,10;;
017;991;202607;202607;1801102U;00; NENV;N;1;0,50;0,017790;0,01;0,00;0,00;0,01;;
017;991;202607;202607;1801102X;00; NENV;N;4;2,00;0,017790;0,04;0,00;0,00;0,04;;
017;991;202607;202607;1901105H;00; NENV;N;469;527,80;0,017790;9,39;0,36;0,00;9,75;;
017;991;202607;202607;1901105I;00; NENV;N;472;547,80;0,017790;9,75;0,37;0,00;10,11;;
017;991;202607;202607;1901105K;00; NENV;N;478;523,50;0,017790;9,31;0,35;0,00;9,67;;
017;991;202607;202607;1901105M;00; NENV;N;515;471,30;0,017790;8,38;0,32;0,00;8,70;;
017;991;202607;202607;1901105O;00; NENV;N;461;450,30;0,017790;8,01;0,30;0,00;8,31;;
017;991;202607;202607;1901105Q;00; NENV;N;505;407,50;0,017790;7,25;0,27;0,00;7,52;;
017;991;202607;202607;1901105S;00; NENV;N;492;402,70;0,017790;7,16;0,27;0,00;7,44;;
017;991;202607;202607;1901105U;00; NENV;N;486;654,40;0,017790;11,64;0,44;0,00;12,08;;
017;991;202607;202607;12010009;00; NENV;R;23;85,80;0,012450;1,07;0,04;0,00;1,11;;
017;991;202607;202607;1201000B;00; NENV;R;27;181,20;0,012450;2,26;0,09;0,00;2,34;;
017;991;202607;202607;1201000D;00; NENV;R;22;105,90;0,012450;1,32;0,05;0,00;1,37;;
017;991;202607;202607;13011028;00; NENV;R;12;53,60;0,012450;0,67;0,03;0,00;0,69;;
017;991;202607;202607;1301102A;00; NENV;R;14;42,10;0,012450;0,52;0,02;0,00;0,54;;
017;991;202607;202607;1301102C;00; NENV;R;5;4,90;0,012450;0,06;0,00;0,00;0,06;;
017;991;202607;202607;1301102L;00; NENV;R;10;12,50;0,012450;0,16;0,01;0,00;0,16;;
017;991;202607;202607;1301102O;00; NENV;R;4;90,30;0,012450;1,12;0,04;0,00;1,17;;
017;991;202607;202607;1301102Q;00; NENV;R;3;4,20;0,012450;0,05;0,00;0,00;0,05;;
017;991;202607;202607;1301102R;00; NENV;R;5;21,80;0,012450;0,27;0,01;0,00;0,28;;
017;991;202607;202607;1401101U;00; NENV;R;21;129,50;0,012450;1,61;0,06;0,00;1,67;;
017;991;202607;202607;1401101Z;00; NENV;R;26;146,20;0,012450;1,82;0,07;0,00;1,89;;
017;991;202607;202607;14011024;00; NENV;R;23;125,80;0,012450;1,57;0,06;0,00;1,63;;
017;991;202607;202607;14011029;00; NENV;R;19;202,30;0,012450;2,52;0,10;0,00;2,61;;
017;991;202607;202607;1401102E;00; NENV;R;19;159,30;0,012450;1,98;0,08;0,00;2,06;;
017;991;202607;202607;1401102G;00; NENV;R;15;58,70;0,012450;0,73;0,03;0,00;0,76;;
017;991;202607;202607;1401102I;00; NENV;R;24;163,30;0,012450;2,03;0,08;0,00;2,11;;
017;991;202607;202607;1401102K;00; NENV;R;20;185,10;0,012450;2,30;0,09;0,00;2,39;;
017;991;202607;202607;1501101I;00; NENV;R;2;19,70;0,012450;0,25;0,01;0,00;0,25;;
017;991;202607;202607;1501101M;00; NENV;R;2;1,00;0,012450;0,01;0,00;0,00;0,01;;
017;991;202607;202607;1501101O;00; NENV;R;2;1,00;0,012450;0,01;0,00;0,00;0,01;;
017;991;202607;202607;1501101S;00; NENV;R;4;12,90;0,012450;0,16;0,01;0,00;0,17;;
017;991;202607;202607;15011023;00; NENV;R;5;21,10;0,012450;0,26;0,01;0,00;0,27;;
017;991;202607;202607;15011025;00; NENV;R;5;10,00;0,012450;0,12;0,00;0,00;0,13;;
017;991;202607;202607;15011027;00; NENV;R;1;0,50;0,012450;0,01;0,00;0,00;0,01;;
017;991;202607;202607;15011029;00; NENV;R;4;2,00;0,012450;0,02;0,00;0,00;0,03;;
017;991;202607;202607;1601101M;00; NENV;R;11;20,40;0,012450;0,25;0,01;0,00;0,26;;
017;991;202607;202607;1601101Q;00; NENV;R;10;59,80;0,012450;0,74;0,03;0,00;0,77;;
017;991;202607;202607;1601101U;00; NENV;R;12;16,30;0,012450;0,20;0,01;0,00;0,21;;
017;991;202607;202607;1601101Z;00; NENV;R;11;8,00;0,012450;0,10;0,00;0,00;0,10;;
017;991;202607;202607;16011029;00; NENV;R;12;131,00;0,012450;1,63;0,06;0,00;1,69;;
017;991;202607;202607;1601102B;00; NENV;R;6;69,40;0,012450;0,86;0,03;0,00;0,90;;
017;991;202607;202607;1601102D;00; NENV;R;11;36,50;0,012450;0,45;0,02;0,00;0,47;;
017;991;202607;202607;1601102F;00; NENV;R;8;9,60;0,012450;0,12;0,00;0,00;0,12;;
017;991;202607;202607;1701000P;00; NENV;R;1;1,50;0,012450;0,02;0,00;0,00;0,02;;
017;991;202607;202607;1701000T;00; NENV;R;3;1,90;0,012450;0,02;0,00;0,00;0,02;;
017;991;202607;202607;1701000U;00; NENV;R;3;1,50;0,012450;0,02;0,00;0,00;0,02;;
017;991;202607;202607;1701101K;00; NENV;R;16;104,80;0,012450;1,30;0,05;0,00;1,35;;
017;991;202607;202607;1701101L;00; NENV;R;17;65,00;0,012450;0,81;0,03;0,00;0,84;;
017;991;202607;202607;1701101M;00; NENV;R;14;202,70;0,012450;2,52;0,10;0,00;2,62;;
017;991;202607;202607;1701101P;00; NENV;R;15;105,30;0,012450;1,31;0,05;0,00;1,36;;
017;991;202607;202607;1701101Z;00; NENV;R;12;59,40;0,012450;0,74;0,03;0,00;0,77;;
017;991;202607;202607;17011028;00; NENV;R;11;161,10;0,012450;2,01;0,08;0,00;2,08;;
017;991;202607;202607;17011029;00; NENV;R;10;51,30;0,012450;0,64;0,02;0,00;0,66;;
017;991;202607;202607;1701102D;00; NENV;R;13;101,00;0,012450;1,26;0,05;0,00;1,31;;
017;991;202607;202607;1901105H;00; NENV;R;22;62,70;0,012450;0,78;0,03;0,00;0,81;;
017;991;202607;202607;1901105I;00; NENV;R;32;264,90;0,012450;3,30;0,12;0,00;3,42;;
017;991;202607;202607;1901105K;00; NENV;R;24;111,20;0,012450;1,38;0,05;0,00;1,44;;
017;991;202607;202607;1901105M;00; NENV;R;16;42,10;0,012450;0,52;0,02;0,00;0,54;;
017;991;202607;202607;1901105O;00; NENV;R;21;260,80;0,012450;3,25;0,12;0,00;3,37;;
017;991;202607;202607;1901105Q;00; NENV;R;19;49,60;0,012450;0,62;0,02;0,00;0,64;;
017;991;202607;202607;1901105S;00; NENV;R;20;101,50;0,012450;1,26;0,05;0,00;1,31;;
017;991;202607;202607;1901105U;00; NENV;R;24;198,50;0,012450;2,47;0,09;0,00;2,56;;
;;;;;01;;;11529;17792,10;;294,37;11,14;0,00;305,55;;
017;992;202607;202607;12010009;00; NENV;N;110;460,50;0,017790;8,19;0,31;0,00;8,50;;
017;992;202607;202607;1201000B;00; NENV;N;106;308,00;0,017790;5,48;0,21;0,00;5,69;;
017;992;202607;202607;1201000D;00; NENV;N;108;291,60;0,017790;5,19;0,20;0,00;5,38;;
017;992;202607;202607;1201102D;00; NENV;N;2;1,00;0,017790;0,02;0,00;0,00;0,02;;
017;992;202607;202607;1201102F;00; NENV;N;3;1,50;0,017790;0,03;0,00;0,00;0,03;;
017;992;202607;202607;1201102M;00; NENV;N;2;1,00;0,017790;0,02;0,00;0,00;0,02;;
017;992;202607;202607;1201102P;00; NENV;N;5;51,00;0,017790;0,91;0,03;0,00;0,94;;
017;992;202607;202607;1201102R;00; NENV;N;2;2,60;0,017790;0,05;0,00;0,00;0,05;;
017;992;202607;202607;13011028;00; NENV;N;99;316,60;0,017790;5,63;0,21;0,00;5,85;;
017;992;202607;202607;1301102A;00; NENV;N;68;210,30;0,017790;3,74;0,14;0,00;3,88;;
017;992;202607;202607;1301102C;00; NENV;N;81;186,50;0,017790;3,32;0,13;0,00;3,44;;
017;992;202607;202607;1301102L;00; NENV;N;81;242,50;0,017790;4,31;0,16;0,00;4,48;;
017;992;202607;202607;1301102O;00; NENV;N;65;167,00;0,017790;2,97;0,11;0,00;3,08;;
017;992;202607;202607;1301102Q;00; NENV;N;74;285,80;0,017790;5,08;0,19;0,00;5,28;;
017;992;202607;202607;1301102R;00; NENV;N;71;224,50;0,017790;3,99;0,15;0,00;4,15;;
017;992;202607;202607;1401101U;00; NENV;N;18;15,00;0,017790;0,27;0,01;0,00;0,28;;
017;992;202607;202607;1401101Z;00; NENV;N;23;49,50;0,017790;0,88;0,03;0,00;0,91;;
017;992;202607;202607;14011024;00; NENV;N;35;100,70;0,017790;1,79;0,07;0,00;1,86;;
017;992;202607;202607;14011029;00; NENV;N;23;61,10;0,017790;1,09;0,04;0,00;1,13;;
017;992;202607;202607;1401102E;00; NENV;N;24;64,70;0,017790;1,15;0,04;0,00;1,19;;
017;992;202607;202607;1401102G;00; NENV;N;30;95,70;0,017790;1,70;0,06;0,00;1,77;;
017;992;202607;202607;1401102I;00; NENV;N;23;49,70;0,017790;0,88;0,03;0,00;0,92;;
017;992;202607;202607;1401102K;00; NENV;N;14;58,40;0,017790;1,04;0,04;0,00;1,08;;
017;992;202607;202607;1501101I;00; NENV;N;9;53,90;0,017790;0,96;0,04;0,00;1,00;;
017;992;202607;202607;1501101M;00; NENV;N;12;13,40;0,017790;0,24;0,01;0,00;0,25;;
017;992;202607;202607;1501101O;00; NENV;N;14;43,00;0,017790;0,76;0,03;0,00;0,79;;
017;992;202607;202607;1501101S;00; NENV;N;10;9,90;0,017790;0,18;0,01;0,00;0,18;;
017;992;202607;202607;15011023;00; NENV;N;5;2,50;0,017790;0,04;0,00;0,00;0,05;;
017;992;202607;202607;15011025;00; NENV;N;8;29,10;0,017790;0,52;0,02;0,00;0,54;;
017;992;202607;202607;15011027;00; NENV;N;11;55,30;0,017790;0,98;0,04;0,00;1,02;;
017;992;202607;202607;15011029;00; NENV;N;12;40,30;0,017790;0,72;0,03;0,00;0,74;;
017;992;202607;202607;1601101M;00; NENV;N;22;39,00;0,017790;0,69;0,03;0,00;0,72;;
017;992;202607;202607;1601101Q;00; NENV;N;30;70,80;0,017790;1,26;0,05;0,00;1,31;;
017;992;202607;202607;1601101U;00; NENV;N;28;49,40;0,017790;0,88;0,03;0,00;0,91;;
017;992;202607;202607;1601101Z;00; NENV;N;31;47,70;0,017790;0,85;0,03;0,00;0,88;;
017;992;202607;202607;16011029;00; NENV;N;25;46,90;0,017790;0,83;0,03;0,00;0,87;;
017;992;202607;202607;1601102B;00; NENV;N;20;133,60;0,017790;2,38;0,09;0,00;2,47;;
017;992;202607;202607;1601102D;00; NENV;N;19;31,80;0,017790;0,57;0,02;0,00;0,59;;
017;992;202607;202607;1601102F;00; NENV;N;24;52,70;0,017790;0,94;0,04;0,00;0,97;;
017;992;202607;202607;1701000P;00; NENV;N;4;2,00;0,017790;0,04;0,00;0,00;0,04;;
017;992;202607;202607;1701000R;00; NENV;N;3;28,20;0,017790;0,50;0,02;0,00;0,52;;
017;992;202607;202607;1701000T;00; NENV;N;7;20,30;0,017790;0,36;0,01;0,00;0,37;;
017;992;202607;202607;1701000U;00; NENV;N;2;1,20;0,017790;0,02;0,00;0,00;0,02;;
017;992;202607;202607;1701101K;00; NENV;N;10;33,40;0,017790;0,59;0,02;0,00;0,62;;
017;992;202607;202607;1701101L;00; NENV;N;9;45,20;0,017790;0,80;0,03;0,00;0,83;;
017;992;202607;202607;1701101M;00; NENV;N;15;87,40;0,017790;1,55;0,06;0,00;1,61;;
017;992;202607;202607;1701101P;00; NENV;N;10;24,40;0,017790;0,43;0,02;0,00;0,45;;
017;992;202607;202607;1701101Z;00; NENV;N;12;86,90;0,017790;1,55;0,06;0,00;1,60;;
017;992;202607;202607;17011028;00; NENV;N;14;19,80;0,017790;0,35;0,01;0,00;0,37;;
017;992;202607;202607;17011029;00; NENV;N;9;28,80;0,017790;0,51;0,02;0,00;0,53;;
017;992;202607;202607;1701102D;00; NENV;N;14;56,00;0,017790;1,00;0,04;0,00;1,03;;
017;992;202607;202607;18011029;00; NENV;N;3;1,50;0,017790;0,03;0,00;0,00;0,03;;
017;992;202607;202607;1801102D;00; NENV;N;1;0,80;0,017790;0,01;0,00;0,00;0,01;;
017;992;202607;202607;1801102F;00; NENV;N;1;0,50;0,017790;0,01;0,00;0,00;0,01;;
017;992;202607;202607;1801102U;00; NENV;N;2;9,50;0,017790;0,17;0,01;0,00;0,18;;
017;992;202607;202607;1801102X;00; NENV;N;1;0,50;0,017790;0,01;0,00;0,00;0,01;;
017;992;202607;202607;1901105H;00; NENV;N;95;343,90;0,017790;6,12;0,23;0,00;6,35;;
017;992;202607;202607;1901105I;00; NENV;N;73;223,70;0,017790;3,98;0,15;0,00;4,13;;
017;992;202607;202607;1901105K;00; NENV;N;92;281,80;0,017790;5,01;0,19;0,00;5,20;;
017;992;202607;202607;1901105M;00; NENV;N;104;497,70;0,017790;8,85;0,34;0,00;9,19;;
017;992;202607;202607;1901105O;00; NENV;N;102;329,20;0,017790;5,86;0,22;0,00;6,08;;
017;992;202607;202607;1901105Q;00; NENV;N;106;534,10;0,017790;9,50;0,36;0,00;9,86;;
017;992;202607;202607;1901105S;00; NENV;N;109;252,10;0,017790;4,48;0,17;0,00;4,65;;
017;992;202607;202607;1901105U;00; NENV;N;91;299,50;0,017790;5,33;0,20;0,00;5,53;;
017;992;202607;202607;12010009;00; NENV;R;27;484,60;0,012450;6,03;0,23;0,00;6,26;;
017;992;202607;202607;1201000B;00; NENV;R;25;319,50;0,012450;3,98;0,15;0,00;4,13;;
017;992;202607;202607;1201000D;00; NENV;R;18;197,20;0,012450;2,46;0,09;0,00;2,55;;
017;992;202607;202607;13011028;00; NENV;R;13;22,90;0,012450;0,29;0,01;0,00;0,30;;
017;992;202607;202607;1301102A;00; NENV;R;14;60,50;0,012450;0,75;0,03;0,00;0,78;;
017;992;202607;202607;1301102C;00; NENV;R;14;33,00;0,012450;0,41;0,02;0,00;0,43;;
017;992;202607;202607;1301102L;00; NENV;R;13;43,50;0,012450;0,54;0,02;0,00;0,56;;
017;992;202607;202607;1301102O;00; NENV;R;12;56,10;0,012450;0,70;0,03;0,00;0,72;;
017;992;202607;202607;1301102Q;00; NENV;R;10;39,60;0,012450;0,49;0,02;0,00;0,51;;
017;992;202607;202607;1301102R;00; NENV;R;13;171,60;0,012450;2,14;0,08;0,00;2,22;;
017;992;202607;202607;1401101U;00; NENV;R;4;2,60;0,012450;0,03;0,00;0,00;0,03;;
017;992;202607;202607;1401101Z;00; NENV;R;4;4,80;0,012450;0,06;0,00;0,00;0,06;;
017;992;202607;202607;14011024;00; NENV;R;7;4,90;0,012450;0,06;0,00;0,00;0,06;;
017;992;202607;202607;14011029;00; NENV;R;5;6,20;0,012450;0,08;0,00;0,00;0,08;;
017;992;202607;202607;1401102E;00; NENV;R;4;6,00;0,012450;0,07;0,00;0,00;0,08;;
017;992;202607;202607;1401102G;00; NENV;R;4;11,60;0,012450;0,14;0,01;0,00;0,15;;
017;992;202607;202607;1401102I;00; NENV;R;2;2,80;0,012450;0,03;0,00;0,00;0,04;;
017;992;202607;202607;1401102K;00; NENV;R;8;26,60;0,012450;0,33;0,01;0,00;0,34;;
017;992;202607;202607;1501101I;00; NENV;R;4;49,20;0,012450;0,61;0,02;0,00;0,64;;
017;992;202607;202607;1501101M;00; NENV;R;4;9,60;0,012450;0,12;0,00;0,00;0,12;;
017;992;202607;202607;1501101O;00; NENV;R;4;35,80;0,012450;0,45;0,02;0,00;0,46;;
017;992;202607;202607;15011023;00; NENV;R;2;1,70;0,012450;0,02;0,00;0,00;0,02;;
017;992;202607;202607;15011025;00; NENV;R;1;0,50;0,012450;0,01;0,00;0,00;0,01;;
017;992;202607;202607;15011027;00; NENV;R;3;5,80;0,012450;0,07;0,00;0,00;0,07;;
017;992;202607;202607;15011029;00; NENV;R;2;17,70;0,012450;0,22;0,01;0,00;0,23;;
017;992;202607;202607;1601101M;00; NENV;R;8;9,60;0,012450;0,12;0,00;0,00;0,12;;
017;992;202607;202607;1601101Q;00; NENV;R;7;85,40;0,012450;1,06;0,04;0,00;1,10;;
017;992;202607;202607;1601101U;00; NENV;R;7;37,20;0,012450;0,46;0,02;0,00;0,48;;
017;992;202607;202607;1601101Z;00; NENV;R;7;112,30;0,012450;1,40;0,05;0,00;1,45;;
017;992;202607;202607;16011029;00; NENV;R;9;22,00;0,012450;0,27;0,01;0,00;0,28;;
017;992;202607;202607;1601102B;00; NENV;R;7;82,20;0,012450;1,02;0,04;0,00;1,06;;
017;992;202607;202607;1601102D;00; NENV;R;7;72,50;0,012450;0,90;0,03;0,00;0,94;;
017;992;202607;202607;1601102F;00; NENV;R;8;10,50;0,012450;0,13;0,00;0,00;0,14;;
017;992;202607;202607;1701000T;00; NENV;R;2;1,00;0,012450;0,01;0,00;0,00;0,01;;
017;992;202607;202607;1701000U;00; NENV;R;1;0,50;0,012450;0,01;0,00;0,00;0,01;;
017;992;202607;202607;1701101K;00; NENV;R;10;189,00;0,012450;2,35;0,09;0,00;2,44;;
017;992;202607;202607;1701101L;00; NENV;R;8;192,60;0,012450;2,40;0,09;0,00;2,49;;
017;992;202607;202607;1701101M;00; NENV;R;4;2,30;0,012450;0,03;0,00;0,00;0,03;;
017;992;202607;202607;1701101P;00; NENV;R;5;68,10;0,012450;0,85;0,03;0,00;0,88;;
017;992;202607;202607;1701101Z;00; NENV;R;6;139,80;0,012450;1,74;0,07;0,00;1,81;;
017;992;202607;202607;17011028;00; NENV;R;6;178,90;0,012450;2,23;0,08;0,00;2,31;;
017;992;202607;202607;17011029;00; NENV;R;5;86,70;0,012450;1,08;0,04;0,00;1,12;;
017;992;202607;202607;1701102D;00; NENV;R;5;206,90;0,012450;2,58;0,10;0,00;2,67;;
017;992;202607;202607;1901105H;00; NENV;R;30;183,90;0,012450;2,29;0,09;0,00;2,38;;
017;992;202607;202607;1901105I;00; NENV;R;25;106,00;0,012450;1,32;0,05;0,00;1,37;;
017;992;202607;202607;1901105K;00; NENV;R;29;90,80;0,012450;1,13;0,04;0,00;1,17;;
017;992;202607;202607;1901105M;00; NENV;R;32;94,10;0,012450;1,17;0,04;0,00;1,22;;
017;992;202607;202607;1901105O;00; NENV;R;33;73,80;0,012450;0,92;0,03;0,00;0,95;;
017;992;202607;202607;1901105Q;00; NENV;R;30;478,80;0,012450;5,96;0,23;0,00;6,19;;
017;992;202607;202607;1901105S;00; NENV;R;17;75,60;0,012450;0,94;0,04;0,00;0,98;;
017;992;202607;202607;1901105U;00; NENV;R;28;69,50;0,012450;0,87;0,03;0,00;0,90;;
;;;;;01;;;2789;11457,20;;180,92;6,81;0,00;187,79;;
017;995;202607;202607;12010009;00; NENV;N;7;10,50;0,017790;0,19;0,01;0,00;0,19;;
017;995;202607;202607;1201000B;00; NENV;N;5;2,60;0,017790;0,05;0,00;0,00;0,05;;
017;995;202607;202607;1201000D;00; NENV;N;11;13,20;0,017790;0,23;0,01;0,00;0,24;;
017;995;202607;202607;13011028;00; NENV;N;14;97,20;0,017790;1,73;0,07;0,00;1,79;;
017;995;202607;202607;1301102A;00; NENV;N;18;126,10;0,017790;2,24;0,08;0,00;2,33;;
017;995;202607;202607;1301102C;00; NENV;N;22;81,60;0,017790;1,45;0,05;0,00;1,51;;
017;995;202607;202607;1301102L;00; NENV;N;19;115,60;0,017790;2,06;0,08;0,00;2,13;;
017;995;202607;202607;1301102O;00; NENV;N;8;56,70;0,017790;1,01;0,04;0,00;1,05;;
017;995;202607;202607;1301102Q;00; NENV;N;18;121,10;0,017790;2,15;0,08;0,00;2,24;;
017;995;202607;202607;1301102R;00; NENV;N;11;66,20;0,017790;1,18;0,04;0,00;1,22;;
017;995;202607;202607;1401101U;00; NENV;N;1;0,50;0,017790;0,01;0,00;0,00;0,01;;
017;995;202607;202607;1401101Z;00; NENV;N;4;3,60;0,017790;0,06;0,00;0,00;0,07;;
017;995;202607;202607;14011024;00; NENV;N;4;13,20;0,017790;0,23;0,01;0,00;0,24;;
017;995;202607;202607;14011029;00; NENV;N;1;0,50;0,017790;0,01;0,00;0,00;0,01;;
017;995;202607;202607;1401102E;00; NENV;N;4;3,10;0,017790;0,06;0,00;0,00;0,06;;
017;995;202607;202607;1401102G;00; NENV;N;3;4,30;0,017790;0,08;0,00;0,00;0,08;;
017;995;202607;202607;1401102I;00; NENV;N;2;20,90;0,017790;0,37;0,01;0,00;0,39;;
017;995;202607;202607;1401102K;00; NENV;N;1;0,50;0,017790;0,01;0,00;0,00;0,01;;
017;995;202607;202607;1501101M;00; NENV;N;1;2,90;0,017790;0,05;0,00;0,00;0,05;;
017;995;202607;202607;1501101O;00; NENV;N;1;0,50;0,017790;0,01;0,00;0,00;0,01;;
017;995;202607;202607;1501101S;00; NENV;N;1;0,60;0,017790;0,01;0,00;0,00;0,01;;
017;995;202607;202607;15011023;00; NENV;N;4;11,60;0,017790;0,21;0,01;0,00;0,21;;
017;995;202607;202607;15011025;00; NENV;N;1;0,50;0,017790;0,01;0,00;0,00;0,01;;
017;995;202607;202607;15011029;00; NENV;N;1;0,50;0,017790;0,01;0,00;0,00;0,01;;
017;995;202607;202607;1601101M;00; NENV;N;11;21,00;0,017790;0,37;0,01;0,00;0,39;;
017;995;202607;202607;1601101Q;00; NENV;N;3;13,90;0,017790;0,25;0,01;0,00;0,26;;
017;995;202607;202607;1601101U;00; NENV;N;9;12,70;0,017790;0,23;0,01;0,00;0,23;;
017;995;202607;202607;1601101Z;00; NENV;N;9;8,40;0,017790;0,15;0,01;0,00;0,16;;
017;995;202607;202607;16011029;00; NENV;N;3;16,10;0,017790;0,29;0,01;0,00;0,30;;
017;995;202607;202607;1601102B;00; NENV;N;6;24,30;0,017790;0,43;0,02;0,00;0,45;;
017;995;202607;202607;1601102D;00; NENV;N;8;4,40;0,017790;0,08;0,00;0,00;0,08;;
017;995;202607;202607;1601102F;00; NENV;N;7;4,40;0,017790;0,08;0,00;0,00;0,08;;
017;995;202607;202607;1701000T;00; NENV;N;1;0,50;0,017790;0,01;0,00;0,00;0,01;;
017;995;202607;202607;1701000U;00; NENV;N;1;26,10;0,017790;0,46;0,02;0,00;0,48;;
017;995;202607;202607;1701101K;00; NENV;N;35;42,20;0,017790;0,75;0,03;0,00;0,78;;
017;995;202607;202607;1701101L;00; NENV;N;31;87,30;0,017790;1,55;0,06;0,00;1,61;;
017;995;202607;202607;1701101M;00; NENV;N;43;64,30;0,017790;1,14;0,04;0,00;1,19;;
017;995;202607;202607;1701101P;00; NENV;N;39;76,10;0,017790;1,35;0,05;0,00;1,41;;
017;995;202607;202607;1701101Z;00; NENV;N;35;98,80;0,017790;1,76;0,07;0,00;1,82;;
017;995;202607;202607;17011028;00; NENV;N;36;191,90;0,017790;3,41;0,13;0,00;3,54;;
017;995;202607;202607;17011029;00; NENV;N;29;149,90;0,017790;2,67;0,10;0,00;2,77;;
017;995;202607;202607;1701102D;00; NENV;N;38;81,50;0,017790;1,45;0,05;0,00;1,50;;
017;995;202607;202607;1901105H;00; NENV;N;7;46,40;0,017790;0,83;0,03;0,00;0,86;;
017;995;202607;202607;1901105I;00; NENV;N;8;39,00;0,017790;0,69;0,03;0,00;0,72;;
017;995;202607;202607;1901105K;00; NENV;N;12;9,30;0,017790;0,17;0,01;0,00;0,17;;
017;995;202607;202607;1901105M;00; NENV;N;9;12,00;0,017790;0,21;0,01;0,00;0,22;;
017;995;202607;202607;1901105O;00; NENV;N;7;17,00;0,017790;0,30;0,01;0,00;0,31;;
017;995;202607;202607;1901105Q;00; NENV;N;8;32,50;0,017790;0,58;0,02;0,00;0,60;;
017;995;202607;202607;1901105S;00; NENV;N;8;35,00;0,017790;0,62;0,02;0,00;0,65;;
017;995;202607;202607;1901105U;00; NENV;N;9;59,90;0,017790;1,07;0,04;0,00;1,11;;
017;995;202607;202607;1201000B;00; NENV;R;2;8,40;0,012450;0,10;0,00;0,00;0,11;;
017;995;202607;202607;1201000D;00; NENV;R;1;0,50;0,012450;0,01;0,00;0,00;0,01;;
017;995;202607;202607;13011028;00; NENV;R;9;41,50;0,012450;0,52;0,02;0,00;0,54;;
017;995;202607;202607;1301102A;00; NENV;R;5;2,90;0,012450;0,04;0,00;0,00;0,04;;
017;995;202607;202607;1301102C;00; NENV;R;3;1,50;0,012450;0,02;0,00;0,00;0,02;;
017;995;202607;202607;1301102L;00; NENV;R;3;1,70;0,012450;0,02;0,00;0,00;0,02;;
017;995;202607;202607;1301102O;00; NENV;R;7;59,50;0,012450;0,74;0,03;0,00;0,77;;
017;995;202607;202607;1301102Q;00; NENV;R;2;30,50;0,012450;0,38;0,01;0,00;0,39;;
017;995;202607;202607;1401101U;00; NENV;R;1;0,50;0,012450;0,01;0,00;0,00;0,01;;
017;995;202607;202607;1401101Z;00; NENV;R;1;1,40;0,012450;0,02;0,00;0,00;0,02;;
017;995;202607;202607;1401102G;00; NENV;R;2;1,20;0,012450;0,01;0,00;0,00;0,02;;
017;995;202607;202607;1401102K;00; NENV;R;1;0,50;0,012450;0,01;0,00;0,00;0,01;;
017;995;202607;202607;1501101M;00; NENV;R;1;18,90;0,012450;0,24;0,01;0,00;0,24;;
017;995;202607;202607;1601101Q;00; NENV;R;2;1,10;0,012450;0,01;0,00;0,00;0,01;;
017;995;202607;202607;1601101Z;00; NENV;R;1;0,50;0,012450;0,01;0,00;0,00;0,01;;
017;995;202607;202607;1601102B;00; NENV;R;4;3,40;0,012450;0,04;0,00;0,00;0,04;;
017;995;202607;202607;1601102F;00; NENV;R;1;2,70;0,012450;0,03;0,00;0,00;0,03;;
017;995;202607;202607;1701000U;00; NENV;R;1;0,60;0,012450;0,01;0,00;0,00;0,01;;
017;995;202607;202607;1701101K;00; NENV;R;10;35,30;0,012450;0,44;0,02;0,00;0,46;;
017;995;202607;202607;1701101L;00; NENV;R;7;13,70;0,012450;0,17;0,01;0,00;0,18;;
017;995;202607;202607;1701101M;00; NENV;R;5;39,20;0,012450;0,49;0,02;0,00;0,51;;
017;995;202607;202607;1701101P;00; NENV;R;3;169,60;0,012450;2,11;0,08;0,00;2,19;;
017;995;202607;202607;1701101Z;00; NENV;R;6;42,20;0,012450;0,53;0,02;0,00;0,55;;
017;995;202607;202607;17011028;00; NENV;R;6;25,50;0,012450;0,32;0,01;0,00;0,33;;
017;995;202607;202607;17011029;00; NENV;R;8;14,20;0,012450;0,18;0,01;0,00;0,18;;
017;995;202607;202607;1701102D;00; NENV;R;9;16,20;0,012450;0,20;0,01;0,00;0,21;;
017;995;202607;202607;1901105H;00; NENV;R;2;16,10;0,012450;0,20;0,01;0,00;0,21;;
017;995;202607;202607;1901105I;00; NENV;R;2;13,00;0,012450;0,16;0,01;0,00;0,17;;
017;995;202607;202607;1901105K;00; NENV;R;3;1,80;0,012450;0,02;0,00;0,00;0,02;;
017;995;202607;202607;1901105M;00; NENV;R;1;0,50;0,012450;0,01;0,00;0,00;0,01;;
017;995;202607;202607;1901105O;00; NENV;R;3;5,90;0,012450;0,07;0,00;0,00;0,08;;
017;995;202607;202607;1901105Q;00; NENV;R;2;86,70;0,012450;1,08;0,04;0,00;1,12;;
017;995;202607;202607;1901105S;00; NENV;R;6;32,40;0,012450;0,40;0,02;0,00;0,42;;
017;995;202607;202607;1901105U;00; NENV;R;2;1,20;0,012450;0,01;0,00;0,00;0,02;;
;;;;;01;;;696;2619,70;;42,93;1,61;0,00;44,58;;
017;996;202607;202607;12010009;00; NENV;N;9;8,30;0,017790;0,15;0,01;0,00;0,15;;
017;996;202607;202607;1201000B;00; NENV;N;9;9,30;0,017790;0,17;0,01;0,00;0,17;;
017;996;202607;202607;1201000D;00; NENV;N;9;14,60;0,017790;0,26;0,01;0,00;0,27;;
017;996;202607;202607;1201102D;00; NENV;N;1;0,50;0,017790;0,01;0,00;0,00;0,01;;
017;996;202607;202607;1201102F;00; NENV;N;1;0,50;0,017790;0,01;0,00;0,00;0,01;;
017;996;202607;202607;1201102M;00; NENV;N;1;0,50;0,017790;0,01;0,00;0,00;0,01;;
017;996;202607;202607;1201102P;00; NENV;N;1;0,50;0,017790;0,01;0,00;0,00;0,01;;
017;996;202607;202607;1201102S;00; NENV;N;1;0,50;0,017790;0,01;0,00;0,00;0,01;;
017;996;202607;202607;13011028;00; NENV;N;143;88,60;0,017790;1,58;0,06;0,00;1,64;;
017;996;202607;202607;1301102A;00; NENV;N;132;72,10;0,017790;1,28;0,05;0,00;1,33;;
017;996;202607;202607;1301102C;00; NENV;N;136;73,10;0,017790;1,30;0,05;0,00;1,35;;
017;996;202607;202607;1301102L;00; NENV;N;84;46,50;0,017790;0,83;0,03;0,00;0,86;;
017;996;202607;202607;1301102O;00; NENV;N;92;57,30;0,017790;1,02;0,04;0,00;1,06;;
017;996;202607;202607;1301102Q;00; NENV;N;93;48,20;0,017790;0,86;0,03;0,00;0,89;;
017;996;202607;202607;1301102R;00; NENV;N;93;55,00;0,017790;0,98;0,04;0,00;1,02;;
017;996;202607;202607;1401101U;00; NENV;N;126;150,60;0,017790;2,68;0,10;0,00;2,78;;
017;996;202607;202607;1401101Z;00; NENV;N;113;134,10;0,017790;2,39;0,09;0,00;2,48;;
017;996;202607;202607;14011024;00; NENV;N;108;188,80;0,017790;3,36;0,13;0,00;3,49;;
017;996;202607;202607;14011029;00; NENV;N;100;73,00;0,017790;1,30;0,05;0,00;1,35;;
017;996;202607;202607;1401102E;00; NENV;N;98;127,20;0,017790;2,26;0,09;0,00;2,35;;
017;996;202607;202607;1401102G;00; NENV;N;101;199,70;0,017790;3,55;0,13;0,00;3,69;;
017;996;202607;202607;1401102I;00; NENV;N;115;147,20;0,017790;2,62;0,10;0,00;2,72;;
017;996;202607;202607;1401102K;00; NENV;N;116;74,50;0,017790;1,33;0,05;0,00;1,38;;
017;996;202607;202607;1501101I;00; NENV;N;1;0,50;0,017790;0,01;0,00;0,00;0,01;;
017;996;202607;202607;1501101S;00; NENV;N;2;1,20;0,017790;0,02;0,00;0,00;0,02;;
017;996;202607;202607;15011025;00; NENV;N;3;1,50;0,017790;0,03;0,00;0,00;0,03;;
017;996;202607;202607;15011029;00; NENV;N;1;0,50;0,017790;0,01;0,00;0,00;0,01;;
017;996;202607;202607;1601101M;00; NENV;N;3;3,20;0,017790;0,06;0,00;0,00;0,06;;
017;996;202607;202607;1601101Q;00; NENV;N;2;1,90;0,017790;0,03;0,00;0,00;0,04;;
017;996;202607;202607;1601101U;00; NENV;N;4;2,00;0,017790;0,04;0,00;0,00;0,04;;
017;996;202607;202607;1601101Z;00; NENV;N;5;4,70;0,017790;0,08;0,00;0,00;0,09;;
017;996;202607;202607;16011029;00; NENV;N;9;18,70;0,017790;0,33;0,01;0,00;0,35;;
017;996;202607;202607;1601102B;00; NENV;N;4;4,70;0,017790;0,08;0,00;0,00;0,09;;
017;996;202607;202607;1601102D;00; NENV;N;2;2,70;0,017790;0,05;0,00;0,00;0,05;;
017;996;202607;202607;1601102F;00; NENV;N;2;1,10;0,017790;0,02;0,00;0,00;0,02;;
017;996;202607;202607;1701000R;00; NENV;N;1;0,60;0,017790;0,01;0,00;0,00;0,01;;
017;996;202607;202607;1701000T;00; NENV;N;3;2,00;0,017790;0,04;0,00;0,00;0,04;;
017;996;202607;202607;1701000U;00; NENV;N;4;3,60;0,017790;0,06;0,00;0,00;0,07;;
017;996;202607;202607;1701101K;00; NENV;N;54;28,10;0,017790;0,50;0,02;0,00;0,52;;
017;996;202607;202607;1701101L;00; NENV;N;43;83,30;0,017790;1,48;0,06;0,00;1,54;;
017;996;202607;202607;1701101M;00; NENV;N;42;46,20;0,017790;0,82;0,03;0,00;0,85;;
017;996;202607;202607;1701101P;00; NENV;N;41;53,90;0,017790;0,96;0,04;0,00;1,00;;
017;996;202607;202607;1701101Z;00; NENV;N;50;47,20;0,017790;0,84;0,03;0,00;0,87;;
017;996;202607;202607;17011028;00; NENV;N;55;36,90;0,017790;0,66;0,02;0,00;0,68;;
017;996;202607;202607;17011029;00; NENV;N;33;42,60;0,017790;0,76;0,03;0,00;0,79;;
017;996;202607;202607;1701102D;00; NENV;N;58;90,50;0,017790;1,61;0,06;0,00;1,67;;
017;996;202607;202607;1801102S;00; NENV;N;1;0,50;0,017790;0,01;0,00;0,00;0,01;;
017;996;202607;202607;1801102U;00; NENV;N;1;0,50;0,017790;0,01;0,00;0,00;0,01;;
017;996;202607;202607;1801102X;00; NENV;N;1;0,50;0,017790;0,01;0,00;0,00;0,01;;
017;996;202607;202607;1901105H;00; NENV;N;325;182,70;0,017790;3,25;0,12;0,00;3,37;;
017;996;202607;202607;1901105I;00; NENV;N;329;202,00;0,017790;3,59;0,14;0,00;3,73;;
017;996;202607;202607;1901105K;00; NENV;N;355;190,60;0,017790;3,39;0,13;0,00;3,52;;
017;996;202607;202607;1901105M;00; NENV;N;349;191,60;0,017790;3,41;0,13;0,00;3,54;;
017;996;202607;202607;1901105O;00; NENV;N;298;163,80;0,017790;2,91;0,11;0,00;3,02;;
017;996;202607;202607;1901105Q;00; NENV;N;306;167,10;0,017790;2,97;0,11;0,00;3,09;;
017;996;202607;202607;1901105S;00; NENV;N;372;236,40;0,017790;4,21;0,16;0,00;4,36;;
017;996;202607;202607;1901105U;00; NENV;N;331;171,50;0,017790;3,05;0,12;0,00;3,17;;
017;996;202607;202607;12010009;00; NENV;R;2;1,00;0,012450;0,01;0,00;0,00;0,01;;
017;996;202607;202607;1201000B;00; NENV;R;3;2,70;0,012450;0,03;0,00;0,00;0,03;;
017;996;202607;202607;13011028;00; NENV;R;2;1,00;0,012450;0,01;0,00;0,00;0,01;;
017;996;202607;202607;1401102E;00; NENV;R;1;7,60;0,012450;0,09;0,00;0,00;0,10;;
017;996;202607;202607;1401102G;00; NENV;R;1;105,40;0,012450;1,31;0,05;0,00;1,36;;
017;996;202607;202607;1401102I;00; NENV;R;2;47,90;0,012450;0,60;0,02;0,00;0,62;;
017;996;202607;202607;1401102K;00; NENV;R;2;83,60;0,012450;1,04;0,04;0,00;1,08;;
017;996;202607;202607;1501101S;00; NENV;R;1;0,50;0,012450;0,01;0,00;0,00;0,01;;
017;996;202607;202607;1601101Q;00; NENV;R;1;0,50;0,012450;0,01;0,00;0,00;0,01;;
017;996;202607;202607;1701101K;00; NENV;R;3;6,80;0,012450;0,08;0,00;0,00;0,09;;
017;996;202607;202607;1701101M;00; NENV;R;4;2,50;0,012450;0,03;0,00;0,00;0,03;;
017;996;202607;202607;1701101P;00; NENV;R;2;14,40;0,012450;0,18;0,01;0,00;0,19;;
017;996;202607;202607;1701101Z;00; NENV;R;3;17,00;0,012450;0,21;0,01;0,00;0,22;;
017;996;202607;202607;17011029;00; NENV;R;2;3,90;0,012450;0,05;0,00;0,00;0,05;;
017;996;202607;202607;1701102D;00; NENV;R;2;1,20;0,012450;0,01;0,00;0,00;0,02;;
017;996;202607;202607;1901105H;00; NENV;R;2;1,30;0,012450;0,02;0,00;0,00;0,02;;
017;996;202607;202607;1901105I;00; NENV;R;1;0,50;0,012450;0,01;0,00;0,00;0,01;;
017;996;202607;202607;1901105K;00; NENV;R;3;5,10;0,012450;0,06;0,00;0,00;0,07;;
017;996;202607;202607;1901105O;00; NENV;R;3;3,90;0,012450;0,05;0,00;0,00;0,05;;
017;996;202607;202607;1901105Q;00; NENV;R;1;0,50;0,012450;0,01;0,00;0,00;0,01;;
017;996;202607;202607;1901105U;00; NENV;R;1;0,50;0,012450;0,01;0,00;0,00;0,01;;
;;;;;01;;;4814;3863,20;;67,11;2,52;0,00;69,71;;
017;998;202607;202607;12010009;00; NENV;N;75;216,40;0,017790;3,85;0,15;0,00;4,00;;
017;998;202607;202607;1201000B;00; NENV;N;91;415,60;0,017790;7,39;0,28;0,00;7,67;;
017;998;202607;202607;1201000D;00; NENV;N;66;295,20;0,017790;5,25;0,20;0,00;5,45;;
017;998;202607;202607;1201102D;00; NENV;N;41;20,90;0,017790;0,37;0,01;0,00;0,39;;
017;998;202607;202607;1201102F;00; NENV;N;22;15,20;0,017790;0,27;0,01;0,00;0,28;;
017;998;202607;202607;1201102H;00; NENV;N;38;28,40;0,017790;0,51;0,02;0,00;0,52;;
017;998;202607;202607;1201102M;00; NENV;N;28;14,00;0,017790;0,25;0,01;0,00;0,26;;
017;998;202607;202607;1201102P;00; NENV;N;29;26,40;0,017790;0,47;0,02;0,00;0,49;;
017;998;202607;202607;1201102R;00; NENV;N;24;13,50;0,017790;0,24;0,01;0,00;0,25;;
017;998;202607;202607;1201102S;00; NENV;N;32;19,00;0,017790;0,34;0,01;0,00;0,35;;
017;998;202607;202607;13011028;00; NENV;N;64;113,80;0,017790;2,02;0,08;0,00;2,10;;
017;998;202607;202607;1301102A;00; NENV;N;76;232,20;0,017790;4,13;0,16;0,00;4,29;;
017;998;202607;202607;1301102C;00; NENV;N;69;216,60;0,017790;3,85;0,15;0,00;4,00;;
017;998;202607;202607;1301102L;00; NENV;N;66;202,90;0,017790;3,61;0,14;0,00;3,75;;
017;998;202607;202607;1301102O;00; NENV;N;69;190,60;0,017790;3,39;0,13;0,00;3,52;;
017;998;202607;202607;1301102Q;00; NENV;N;49;105,60;0,017790;1,88;0,07;0,00;1,95;;
017;998;202607;202607;1301102R;00; NENV;N;65;115,90;0,017790;2,06;0,08;0,00;2,14;;
017;998;202607;202607;1401101U;00; NENV;N;34;84,50;0,017790;1,50;0,06;0,00;1,56;;
017;998;202607;202607;1401101Z;00; NENV;N;46;133,30;0,017790;2,37;0,09;0,00;2,46;;
017;998;202607;202607;14011024;00; NENV;N;41;90,60;0,017790;1,61;0,06;0,00;1,67;;
017;998;202607;202607;14011029;00; NENV;N;36;88,80;0,017790;1,58;0,06;0,00;1,64;;
017;998;202607;202607;1401102E;00; NENV;N;31;47,10;0,017790;0,84;0,03;0,00;0,87;;
017;998;202607;202607;1401102G;00; NENV;N;36;42,70;0,017790;0,76;0,03;0,00;0,79;;
017;998;202607;202607;1401102I;00; NENV;N;40;47,60;0,017790;0,85;0,03;0,00;0,88;;
017;998;202607;202607;1401102K;00; NENV;N;35;64,10;0,017790;1,14;0,04;0,00;1,18;;
017;998;202607;202607;1501101I;00; NENV;N;33;77,60;0,017790;1,38;0,05;0,00;1,43;;
017;998;202607;202607;1501101M;00; NENV;N;23;69,40;0,017790;1,23;0,05;0,00;1,28;;
017;998;202607;202607;1501101O;00; NENV;N;30;118,00;0,017790;2,10;0,08;0,00;2,18;;
017;998;202607;202607;1501101S;00; NENV;N;27;56,40;0,017790;1,00;0,04;0,00;1,04;;
017;998;202607;202607;15011023;00; NENV;N;23;101,70;0,017790;1,81;0,07;0,00;1,88;;
017;998;202607;202607;15011025;00; NENV;N;25;54,60;0,017790;0,97;0,04;0,00;1,01;;
017;998;202607;202607;15011027;00; NENV;N;24;105,70;0,017790;1,88;0,07;0,00;1,95;;
017;998;202607;202607;15011029;00; NENV;N;28;24,30;0,017790;0,43;0,02;0,00;0,45;;
017;998;202607;202607;1601101M;00; NENV;N;214;1033,80;0,017790;18,39;0,70;0,00;19,09;;
017;998;202607;202607;1601101Q;00; NENV;N;209;788,60;0,017790;14,03;0,53;0,00;14,56;;
017;998;202607;202607;1601101U;00; NENV;N;198;745,20;0,017790;13,26;0,50;0,00;13,76;;
017;998;202607;202607;1601101Z;00; NENV;N;223;832,00;0,017790;14,80;0,56;0,00;15,36;;
017;998;202607;202607;16011029;00; NENV;N;182;844,80;0,017790;15,03;0,57;0,00;15,60;;
017;998;202607;202607;1601102B;00; NENV;N;169;660,60;0,017790;11,75;0,45;0,00;12,20;;
017;998;202607;202607;1601102D;00; NENV;N;201;721,60;0,017790;12,84;0,49;0,00;13,32;;
017;998;202607;202607;1601102F;00; NENV;N;174;572,10;0,017790;10,18;0,39;0,00;10,56;;
017;998;202607;202607;1701000P;00; NENV;N;17;79,70;0,017790;1,42;0,05;0,00;1,47;;
017;998;202607;202607;1701000R;00; NENV;N;17;27,90;0,017790;0,50;0,02;0,00;0,52;;
017;998;202607;202607;1701000T;00; NENV;N;14;65,80;0,017790;1,17;0,04;0,00;1,21;;
017;998;202607;202607;1701000U;00; NENV;N;13;18,30;0,017790;0,33;0,01;0,00;0,34;;
017;998;202607;202607;1701101K;00; NENV;N;127;369,00;0,017790;6,56;0,25;0,00;6,81;;
017;998;202607;202607;1701101L;00; NENV;N;111;439,30;0,017790;7,82;0,30;0,00;8,11;;
017;998;202607;202607;1701101M;00; NENV;N;99;558,10;0,017790;9,93;0,38;0,00;10,30;;
017;998;202607;202607;1701101P;00; NENV;N;122;498,00;0,017790;8,86;0,34;0,00;9,20;;
017;998;202607;202607;1701101Z;00; NENV;N;98;328,00;0,017790;5,84;0,22;0,00;6,06;;
017;998;202607;202607;17011028;00; NENV;N;118;372,60;0,017790;6,63;0,25;0,00;6,88;;
017;998;202607;202607;17011029;00; NENV;N;125;258,00;0,017790;4,59;0,17;0,00;4,76;;
017;998;202607;202607;1701102D;00; NENV;N;107;428,00;0,017790;7,61;0,29;0,00;7,90;;
017;998;202607;202607;18011029;00; NENV;N;13;6,50;0,017790;0,12;0,00;0,00;0,12;;
017;998;202607;202607;1801102D;00; NENV;N;9;4,50;0,017790;0,08;0,00;0,00;0,08;;
017;998;202607;202607;1801102F;00; NENV;N;7;5,70;0,017790;0,10;0,00;0,00;0,11;;
017;998;202607;202607;1801102J;00; NENV;N;4;2,00;0,017790;0,04;0,00;0,00;0,04;;
017;998;202607;202607;1801102Q;00; NENV;N;5;2,50;0,017790;0,04;0,00;0,00;0,05;;
017;998;202607;202607;1801102S;00; NENV;N;6;46,00;0,017790;0,82;0,03;0,00;0,85;;
017;998;202607;202607;1801102U;00; NENV;N;12;6,00;0,017790;0,11;0,00;0,00;0,11;;
017;998;202607;202607;1801102X;00; NENV;N;6;9,00;0,017790;0,16;0,01;0,00;0,17;;
017;998;202607;202607;1901105H;00; NENV;N;120;309,50;0,017790;5,51;0,21;0,00;5,71;;
017;998;202607;202607;1901105I;00; NENV;N;109;437,10;0,017790;7,78;0,29;0,00;8,07;;
017;998;202607;202607;1901105K;00; NENV;N;132;436,20;0,017790;7,76;0,29;0,00;8,05;;
017;998;202607;202607;1901105M;00; NENV;N;104;282,20;0,017790;5,02;0,19;0,00;5,21;;
017;998;202607;202607;1901105O;00; NENV;N;111;457,70;0,017790;8,14;0,31;0,00;8,45;;
017;998;202607;202607;1901105Q;00; NENV;N;122;285,70;0,017790;5,08;0,19;0,00;5,28;;
017;998;202607;202607;1901105S;00; NENV;N;115;305,20;0,017790;5,43;0,21;0,00;5,64;;
017;998;202607;202607;1901105U;00; NENV;N;119;338,70;0,017790;6,03;0,23;0,00;6,25;;
017;998;202607;202607;12010009;00; NENV;R;22;69,60;0,012450;0,87;0,03;0,00;0,90;;
017;998;202607;202607;1201000B;00; NENV;R;24;138,30;0,012450;1,72;0,07;0,00;1,79;;
017;998;202607;202607;1201000D;00; NENV;R;26;280,20;0,012450;3,49;0,13;0,00;3,62;;
017;998;202607;202607;1201102R;00; NENV;R;1;0,50;0,012450;0,01;0,00;0,00;0,01;;
017;998;202607;202607;1201102S;00; NENV;R;1;0,50;0,012450;0,01;0,00;0,00;0,01;;
017;998;202607;202607;13011028;00; NENV;R;6;8,50;0,012450;0,11;0,00;0,00;0,11;;
017;998;202607;202607;1301102A;00; NENV;R;3;40,70;0,012450;0,51;0,02;0,00;0,53;;
017;998;202607;202607;1301102C;00; NENV;R;4;53,90;0,012450;0,67;0,03;0,00;0,70;;
017;998;202607;202607;1301102L;00; NENV;R;5;123,70;0,012450;1,54;0,06;0,00;1,60;;
017;998;202607;202607;1301102O;00; NENV;R;7;25,10;0,012450;0,31;0,01;0,00;0,32;;
017;998;202607;202607;1301102Q;00; NENV;R;6;21,80;0,012450;0,27;0,01;0,00;0,28;;
017;998;202607;202607;1301102R;00; NENV;R;7;65,60;0,012450;0,82;0,03;0,00;0,85;;
017;998;202607;202607;1401101U;00; NENV;R;3;32,00;0,012450;0,40;0,02;0,00;0,41;;
017;998;202607;202607;1401101Z;00; NENV;R;4;24,80;0,012450;0,31;0,01;0,00;0,32;;
017;998;202607;202607;14011024;00; NENV;R;3;70,80;0,012450;0,88;0,03;0,00;0,91;;
017;998;202607;202607;14011029;00; NENV;R;5;2,50;0,012450;0,03;0,00;0,00;0,03;;
017;998;202607;202607;1401102E;00; NENV;R;7;40,40;0,012450;0,50;0,02;0,00;0,52;;
017;998;202607;202607;1401102G;00; NENV;R;6;40,20;0,012450;0,50;0,02;0,00;0,52;;
017;998;202607;202607;1401102I;00; NENV;R;3;14,20;0,012450;0,18;0,01;0,00;0,18;;
017;998;202607;202607;1401102K;00; NENV;R;6;3,60;0,012450;0,04;0,00;0,00;0,05;;
017;998;202607;202607;1501101I;00; NENV;R;4;28,90;0,012450;0,36;0,01;0,00;0,37;;
017;998;202607;202607;1501101O;00; NENV;R;2;20,90;0,012450;0,26;0,01;0,00;0,27;;
017;998;202607;202607;15011023;00; NENV;R;3;1,50;0,012450;0,02;0,00;0,00;0,02;;
017;998;202607;202607;15011029;00; NENV;R;2;1,00;0,012450;0,01;0,00;0,00;0,01;;
017;998;202607;202607;1601101M;00; NENV;R;22;158,60;0,012450;1,97;0,07;0,00;2,05;;
017;998;202607;202607;1601101Q;00; NENV;R;22;154,90;0,012450;1,93;0,07;0,00;2,00;;
017;998;202607;202607;1601101U;00; NENV;R;23;204,70;0,012450;2,55;0,10;0,00;2,65;;
017;998;202607;202607;1601101Z;00; NENV;R;25;281,40;0,012450;3,50;0,13;0,00;3,64;;
017;998;202607;202607;16011029;00; NENV;R;18;92,30;0,012450;1,15;0,04;0,00;1,19;;
017;998;202607;202607;1601102B;00; NENV;R;19;237,80;0,012450;2,96;0,11;0,00;3,07;;
017;998;202607;202607;1601102D;00; NENV;R;17;253,40;0,012450;3,15;0,12;0,00;3,27;;
017;998;202607;202607;1601102F;00; NENV;R;16;160,90;0,012450;2,00;0,08;0,00;2,08;;
017;998;202607;202607;1701000P;00; NENV;R;2;16,00;0,012450;0,20;0,01;0,00;0,21;;
017;998;202607;202607;1701000T;00; NENV;R;1;0,50;0,012450;0,01;0,00;0,00;0,01;;
017;998;202607;202607;1701000U;00; NENV;R;1;0,50;0,012450;0,01;0,00;0,00;0,01;;
017;998;202607;202607;1701101K;00; NENV;R;39;399,20;0,012450;4,97;0,19;0,00;5,16;;
017;998;202607;202607;1701101L;00; NENV;R;25;227,00;0,012450;2,83;0,11;0,00;2,93;;
017;998;202607;202607;1701101M;00; NENV;R;17;225,10;0,012450;2,80;0,11;0,00;2,91;;
017;998;202607;202607;1701101P;00; NENV;R;25;199,40;0,012450;2,48;0,09;0,00;2,58;;
017;998;202607;202607;1701101Z;00; NENV;R;25;104,30;0,012450;1,30;0,05;0,00;1,35;;
017;998;202607;202607;17011028;00; NENV;R;18;61,80;0,012450;0,77;0,03;0,00;0,80;;
017;998;202607;202607;17011029;00; NENV;R;29;207,20;0,012450;2,58;0,10;0,00;2,68;;
017;998;202607;202607;1701102D;00; NENV;R;32;359,10;0,012450;4,47;0,17;0,00;4,64;;
017;998;202607;202607;1901105H;00; NENV;R;29;81,60;0,012450;1,02;0,04;0,00;1,05;;
017;998;202607;202607;1901105I;00; NENV;R;37;444,20;0,012450;5,53;0,21;0,00;5,74;;
017;998;202607;202607;1901105K;00; NENV;R;34;1242,20;0,012450;15,47;0,59;0,00;16,05;;
017;998;202607;202607;1901105M;00; NENV;R;27;257,40;0,012450;3,20;0,12;0,00;3,33;;
017;998;202607;202607;1901105O;00; NENV;R;32;105,20;0,012450;1,31;0,05;0,00;1,36;;
017;998;202607;202607;1901105Q;00; NENV;R;28;326,40;0,012450;4,06;0,15;0,00;4,22;;
017;998;202607;202607;1901105S;00; NENV;R;24;558,40;0,012450;6,95;0,26;0,00;7,22;;
017;998;202607;202607;1901105U;00; NENV;R;24;335,50;0,012450;4,18;0,16;0,00;4,34;;
;;;;;01;;;5719;23828,70;;382,26;14,50;0,00;396,75;;
018;921;202607;202607;21020088;00; IENV;N;76424;41863,40;0,014990;627,53;23,77;0,00;651,30;;
018;921;202607;202607;2102008A;00; IENV;N;76481;41647,00;0,014990;624,29;23,65;0,00;647,94;;
018;921;202607;202607;2102008C;00; IENV;N;76350;41081,90;0,014990;615,82;23,33;0,00;639,15;;
018;921;202607;202607;2102008E;00; IENV;N;76366;41392,20;0,014990;620,47;23,51;0,00;643,97;;
018;921;202607;202607;2102008G;00; IENV;N;76488;42475,70;0,014990;636,71;24,12;0,00;660,83;;
018;921;202607;202607;2102008J;00; IENV;N;76608;41815,00;0,014990;626,81;23,75;0,00;650,55;;
018;921;202607;202607;2102008L;00; IENV;N;76243;42286,00;0,014990;633,87;24,01;0,00;657,88;;
018;921;202607;202607;2102008N;00; IENV;N;76483;41237,30;0,014990;618,15;23,42;0,00;641,56;;
018;921;202607;202607;2102008O;00; IENV;N;24781;12788,50;0,014990;191,70;7,26;0,00;198,96;;
018;921;202607;202607;2102008P;00; IENV;N;24790;12942,30;0,014990;194,01;7,35;0,00;201,35;;
018;921;202607;202607;2121100T;00; IENV;N;39573;34670,60;0,014990;519,71;19,69;0,00;539,40;;
018;921;202607;202607;2121100V;00; IENV;N;62117;50868,70;0,014990;762,52;28,89;0,00;791,41;;
018;921;202607;202607;2121102B;00; IENV;N;1;1,10;0,014990;0,02;0,00;0,00;0,02;;
018;921;202607;202607;2121102J;00; IENV;N;1;0,50;0,014990;0,01;0,00;0,00;0,01;;
018;921;202607;202607;2202000N;00; IENV;N;24771;12689,80;0,014990;190,22;7,21;0,00;197,43;;
018;921;202607;202607;2202000P;00; IENV;N;24853;12831,20;0,014990;192,34;7,29;0,00;199,63;;
018;921;202607;202607;24020005;00; IENV;N;16305;8259,50;0,014990;123,81;4,69;0,00;128,50;;
018;921;202607;202607;24020007;00; IENV;N;16368;8316,20;0,014990;124,66;4,72;0,00;129,38;;
018;921;202607;202607;24020009;00; IENV;N;16306;8289,30;0,014990;124,26;4,71;0,00;128,96;;
018;921;202607;202607;2402000B;00; IENV;N;16542;8380,20;0,014990;125,62;4,76;0,00;130,38;;
018;921;202607;202607;2402000D;00; IENV;N;16452;8388,20;0,014990;125,74;4,76;0,00;130,50;;
018;921;202607;202607;2402000G;00; IENV;N;16235;8218,70;0,014990;123,20;4,67;0,00;127,87;;
018;921;202607;202607;2402000I;00; IENV;N;16380;8263,70;0,014990;123,87;4,69;0,00;128,57;;
018;921;202607;202607;2402000K;00; IENV;N;16473;8347,80;0,014990;125,13;4,74;0,00;129,87;;
018;921;202607;202607;24211014;00; IENV;N;1;1,10;0,014990;0,02;0,00;0,00;0,02;;
018;921;202607;202607;21020088;00; IENV;R;553;768,20;0,010490;8,06;0,31;0,00;8,36;;
018;921;202607;202607;2102008A;00; IENV;R;551;551,30;0,010490;5,78;0,22;0,00;6,00;;
018;921;202607;202607;2102008C;00; IENV;R;575;682,50;0,010490;7,16;0,27;0,00;7,43;;
018;921;202607;202607;2102008E;00; IENV;R;580;615,80;0,010490;6,46;0,24;0,00;6,70;;
018;921;202607;202607;2102008G;00; IENV;R;554;609,20;0,010490;6,39;0,24;0,00;6,63;;
018;921;202607;202607;2102008J;00; IENV;R;589;542,10;0,010490;5,69;0,22;0,00;5,90;;
018;921;202607;202607;2102008L;00; IENV;R;519;663,70;0,010490;6,96;0,26;0,00;7,23;;
018;921;202607;202607;2102008N;00; IENV;R;570;663,50;0,010490;6,96;0,26;0,00;7,22;;
018;921;202607;202607;2102008O;00; IENV;R;151;105,80;0,010490;1,11;0,04;0,00;1,15;;
018;921;202607;202607;2102008P;00; IENV;R;160;97,90;0,010490;1,03;0,04;0,00;1,07;;
018;921;202607;202607;2121100T;00; IENV;R;8738;7652,40;0,010490;80,27;3,04;0,00;83,31;;
018;921;202607;202607;2121100V;00; IENV;R;13942;11284,00;0,010490;118,37;4,48;0,00;122,85;;
018;921;202607;202607;2121102H;00; IENV;R;1;0,70;0,010490;0,01;0,00;0,00;0,01;;
018;921;202607;202607;2202000N;00; IENV;R;151;112,90;0,010490;1,18;0,04;0,00;1,23;;
018;921;202607;202607;2202000P;00; IENV;R;129;91,10;0,010490;0,96;0,04;0,00;0,99;;
018;921;202607;202607;24020005;00; IENV;R;108;74,80;0,010490;0,78;0,03;0,00;0,81;;
018;921;202607;202607;24020007;00; IENV;R;115;62,10;0,010490;0,65;0,02;0,00;0,68;;
018;921;202607;202607;24020009;00; IENV;R;103;53,10;0,010490;0,56;0,02;0,00;0,58;;
018;921;202607;202607;2402000B;00; IENV;R;107;59,10;0,010490;0,62;0,02;0,00;0,64;;
018;921;202607;202607;2402000D;00; IENV;R;99;51,50;0,010490;0,54;0,02;0,00;0,56;;
018;921;202607;202607;2402000G;00; IENV;R;88;53,50;0,010490;0,56;0,02;0,00;0,58;;
018;921;202607;202607;2402000I;00; IENV;R;110;57,00;0,010490;0,60;0,02;0,00;0,62;;
018;921;202607;202607;2402000K;00; IENV;R;102;57,80;0,010490;0,61;0,02;0,00;0,63;;
018;921;202607;202607;2121101C;00; ISNV;N;1;1,60;0,014990;0,02;0,00;0,00;0,02;;
018;921;202607;202607;2121101E;00; ISNV;N;5;17,50;0,014990;0,26;0,01;0,00;0,27;;
018;921;202607;202607;2121101I;00; ISNV;N;1;5,70;0,014990;0,09;0,00;0,00;0,09;;
018;921;202607;202607;24211011;00; ISNV;N;1;0,50;0,014990;0,01;0,00;0,00;0,01;;
018;921;202607;202607;2121101C;00; ISNV;R;1;0,50;0,010490;0,01;0,00;0,00;0,01;;
018;921;202607;202607;2121101G;00; ISNV;R;2;1,30;0,010490;0,01;0,00;0,00;0,01;;
018;921;202607;202606;2192100B;00; LENV;N;7;4,30;0,014990;0,06;0,00;0,00;0,07;;
018;921;202607;202606;2192100E;00; LENV;N;15;11,90;0,014990;0,18;0,01;0,00;0,19;;
018;921;202607;202606;2192100G;00; LENV;N;10;15,80;0,014990;0,24;0,01;0,00;0,25;;
018;921;202607;202606;2192100I;00; LENV;N;7;4,50;0,014990;0,07;0,00;0,00;0,07;;
018;921;202607;202606;2192100K;00; LENV;N;11;7,90;0,014990;0,12;0,00;0,00;0,12;;
018;921;202607;202606;2192100M;00; LENV;N;9;10,80;0,014990;0,16;0,01;0,00;0,17;;
018;921;202607;202606;2192100O;00; LENV;N;12;39,30;0,014990;0,59;0,02;0,00;0,61;;
018;921;202607;202606;2192100Q;00; LENV;N;12;18,90;0,014990;0,28;0,01;0,00;0,29;;
018;921;202607;202607;21001088;00; LENV;N;1;0,50;0,014990;0,01;0,00;0,00;0,01;;
018;921;202607;202607;21001089;00; LENV;N;62;38,50;0,014990;0,58;0,02;0,00;0,60;;
018;921;202607;202607;2100108A;00; LENV;N;66;36,20;0,014990;0,54;0,02;0,00;0,56;;
018;921;202607;202607;2100108B;00; LENV;N;132;98,30;0,014990;1,47;0,06;0,00;1,53;;
018;921;202607;202607;2100108D;00; LENV;N;313;22892,20;0,014990;343,15;13,00;0,00;356,15;;
018;921;202607;202607;2100108F;00; LENV;N;163;112,90;0,014990;1,69;0,06;0,00;1,76;;
018;921;202607;202607;2100108H;00; LENV;N;250;188,60;0,014990;2,83;0,11;0,00;2,93;;
018;921;202607;202607;2100108J;00; LENV;N;137;91,80;0,014990;1,38;0,05;0,00;1,43;;
018;921;202607;202607;2100108L;00; LENV;N;250;197,90;0,014990;2,97;0,11;0,00;3,08;;
018;921;202607;202607;2100108N;00; LENV;N;153;135,30;0,014990;2,03;0,08;0,00;2,10;;
018;921;202607;202607;2100108P;00; LENV;N;251;183,20;0,014990;2,75;0,10;0,00;2,85;;
018;921;202607;202607;2101200H;00; LENV;N;492;386,90;0,014990;5,80;0,22;0,00;6,02;;
018;921;202607;202607;2101200J;00; LENV;N;611;411,90;0,014990;6,17;0,23;0,00;6,41;;
018;921;202607;202607;2102006Y;00; LENV;N;6;3,00;0,014990;0,04;0,00;0,00;0,05;;
018;921;202607;202607;21020071;00; LENV;N;6;3,00;0,014990;0,04;0,00;0,00;0,05;;
018;921;202607;202607;21020073;00; LENV;N;8;4,10;0,014990;0,06;0,00;0,00;0,06;;
018;921;202607;202607;21020075;00; LENV;N;7;3,50;0,014990;0,05;0,00;0,00;0,05;;
018;921;202607;202607;21020088;00; LENV;N;1228464;647963,60;0,014990;9712,97;367,95;0,00;10080,93;;
018;921;202607;202607;2102008A;00; LENV;N;1247958;656718,20;0,014990;9844,21;372,93;0,00;10217,13;;
018;921;202607;202607;2102008C;00; LENV;N;1220529;621514,60;0,014990;9316,50;352,93;0,00;9669,44;;
018;921;202607;202607;2102008E;00; LENV;N;1239281;629530,70;0,014990;9436,67;357,49;0,00;9794,15;;
018;921;202607;202607;2102008G;00; LENV;N;1219400;620483,50;0,014990;9301,05;352,35;0,00;9653,40;;
018;921;202607;202607;2102008J;00; LENV;N;1239676;652055,60;0,014990;9774,31;370,28;0,00;10144,59;;
018;921;202607;202607;2102008L;00; LENV;N;1220023;621717,80;0,014990;9319,55;353,05;0,00;9672,60;;
018;921;202607;202607;2102008N;00; LENV;N;1238620;629678,20;0,014990;9438,88;357,57;0,00;9796,45;;
018;921;202607;202607;2102008O;00; LENV;N;499868;251964,40;0,014990;3776,95;143,08;0,00;3920,03;;
018;921;202607;202607;2102008P;00; LENV;N;497366;250741,00;0,014990;3758,61;142,39;0,00;3900,99;;
018;921;202607;202607;2121100T;00; LENV;N;3432;3638,30;0,014990;54,54;2,07;0,00;56,60;;
018;921;202607;202607;2121100V;00; LENV;N;5284;5218,10;0,014990;78,22;2,96;0,00;81,18;;
018;921;202607;202607;2121102B;00; LENV;N;55;154,40;0,014990;2,31;0,09;0,00;2,40;;
018;921;202607;202607;2121102D;00; LENV;N;52;102,70;0,014990;1,54;0,06;0,00;1,60;;
018;921;202607;202607;2121102F;00; LENV;N;66;127,80;0,014990;1,92;0,07;0,00;1,99;;
018;921;202607;202607;2121102H;00; LENV;N;75;145,60;0,014990;2,18;0,08;0,00;2,27;;
018;921;202607;202607;2121102J;00; LENV;N;60;154,80;0,014990;2,32;0,09;0,00;2,41;;
018;921;202607;202607;2121102L;00; LENV;N;65;146,10;0,014990;2,19;0,08;0,00;2,27;;
018;921;202607;202607;2121102N;00; LENV;N;53;174,30;0,014990;2,61;0,10;0,00;2,71;;
018;921;202607;202607;2121102P;00; LENV;N;57;62,40;0,014990;0,94;0,04;0,00;0,97;;
018;921;202607;202607;21895004;00; LENV;N;539;305,00;0,014990;4,57;0,17;0,00;4,75;;
018;921;202607;202607;2192100B;00; LENV;N;89996;93771,60;0,014990;1405,64;53,25;0,00;1458,89;;
018;921;202607;202607;2192100E;00; LENV;N;89189;93541,00;0,014990;1402,18;53,12;0,00;1455,30;;
018;921;202607;202607;2192100G;00; LENV;N;89708;69566,90;0,014990;1042,81;39,50;0,00;1082,31;;
018;921;202607;202607;2192100I;00; LENV;N;89536;71983,90;0,014990;1079,04;40,88;0,00;1119,92;;
018;921;202607;202607;2192100K;00; LENV;N;87154;67614,70;0,014990;1013,54;38,40;0,00;1051,94;;
018;921;202607;202607;2192100M;00; LENV;N;87098;66893,80;0,014990;1002,74;37,99;0,00;1040,72;;
018;921;202607;202607;2192100O;00; LENV;N;89508;71873,70;0,014990;1077,39;40,81;0,00;1118,20;;
018;921;202607;202607;2192100Q;00; LENV;N;89475;116547,80;0,014990;1747,05;66,18;0,00;1813,23;;
018;921;202607;202607;2200101A;00; LENV;N;2;1,00;0,014990;0,01;0,00;0,00;0,02;;
018;921;202607;202607;2202000N;00; LENV;N;497401;251323,40;0,014990;3767,34;142,72;0,00;3910,05;;
018;921;202607;202607;2202000P;00; LENV;N;499415;251921,70;0,014990;3776,31;143,06;0,00;3919,36;;
018;921;202607;202607;22211008;00; LENV;N;17597;12264,20;0,014990;183,84;6,96;0,00;190,80;;
018;921;202607;202607;2221100C;00; LENV;N;3;1,80;0,014990;0,03;0,00;0,00;0,03;;
018;921;202607;202607;2221100E;00; LENV;N;17809;12753,60;0,014990;191,18;7,24;0,00;198,42;;
018;921;202607;202607;2221100F;00; LENV;N;17532;12373,20;0,014990;185,47;7,03;0,00;192,50;;
018;921;202607;202607;2221100G;00; LENV;N;1;0,50;0,014990;0,01;0,00;0,00;0,01;;
018;921;202607;202607;2221100H;00; LENV;N;17465;12285,90;0,014990;184,17;6,98;0,00;191,14;;
018;921;202607;202607;2221100I;00; LENV;N;1;0,50;0,014990;0,01;0,00;0,00;0,01;;
018;921;202607;202607;2221100J;00; LENV;N;17577;12725,40;0,014990;190,75;7,23;0,00;197,98;;
018;921;202607;202607;2221100L;00; LENV;N;1;0,50;0,014990;0,01;0,00;0,00;0,01;;
018;921;202607;202607;2221100M;00; LENV;N;17699;13081,60;0,014990;196,09;7,43;0,00;203,52;;
018;921;202607;202607;24020005;00; LENV;N;66;33,10;0,014990;0,50;0,02;0,00;0,51;;
018;921;202607;202607;24020007;00; LENV;N;73;36,80;0,014990;0,55;0,02;0,00;0,57;;
018;921;202607;202607;24020009;00; LENV;N;82;43,00;0,014990;0,64;0,02;0,00;0,67;;
018;921;202607;202607;2402000B;00; LENV;N;72;38,80;0,014990;0,58;0,02;0,00;0,60;;
018;921;202607;202607;2402000D;00; LENV;N;70;38,30;0,014990;0,57;0,02;0,00;0,60;;
018;921;202607;202607;2402000G;00; LENV;N;87;43,50;0,014990;0,65;0,02;0,00;0,68;;
018;921;202607;202607;2402000I;00; LENV;N;65;32,60;0,014990;0,49;0,02;0,00;0,51;;
018;921;202607;202607;2402000K;00; LENV;N;79;42,90;0,014990;0,64;0,02;0,00;0,67;;
018;921;202607;202607;2421100P;00; LENV;N;2101;2837,80;0,014990;42,54;1,61;0,00;44,15;;
018;921;202607;202607;2421100R;00; LENV;N;2091;2848,10;0,014990;42,69;1,62;0,00;44,31;;
018;921;202607;202607;2421100T;00; LENV;N;2181;2731,60;0,014990;40,95;1,55;0,00;42,50;;
018;921;202607;202607;2421100V;00; LENV;N;2149;3026,10;0,014990;45,36;1,72;0,00;47,08;;
018;921;202607;202607;24211016;00; LENV;N;8286;11490,90;0,014990;172,25;6,53;0,00;178,77;;
018;921;202607;202607;24211018;00; LENV;N;13;27,80;0,014990;0,42;0,02;0,00;0,43;;
018;921;202607;202607;2421101A;00; LENV;N;18;34,50;0,014990;0,52;0,02;0,00;0,54;;
018;921;202607;202607;2421101C;00; LENV;N;15;32,10;0,014990;0,48;0,02;0,00;0,50;;
018;921;202607;202607;2421101K;00; LENV;N;1;6,00;0,014990;0,09;0,00;0,00;0,09;;
018;921;202607;202607;2421101M;00; LENV;N;8239;10674,80;0,014990;160,02;6,06;0,00;166,08;;
018;921;202607;202607;2421101O;00; LENV;N;10;35,30;0,014990;0,53;0,02;0,00;0,55;;
018;921;202607;202607;2421101Q;00; LENV;N;17;56,10;0,014990;0,84;0,03;0,00;0,87;;
018;921;202607;202607;2421101S;00; LENV;N;17;61,10;0,014990;0,92;0,03;0,00;0,95;;
018;921;202607;202607;2100108B;00; LENV;R;1;0,50;0,010490;0,01;0,00;0,00;0,01;;
018;921;202607;202607;2100108D;00; LENV;R;45;21989,40;0,010490;230,67;8,74;0,00;239,41;;
018;921;202607;202607;2100108F;00; LENV;R;1;0,70;0,010490;0,01;0,00;0,00;0,01;;
018;921;202607;202607;2100108H;00; LENV;R;1;0,50;0,010490;0,01;0,00;0,00;0,01;;
018;921;202607;202607;2100108L;00; LENV;R;2;1,50;0,010490;0,02;0,00;0,00;0,02;;
018;921;202607;202607;2100108P;00; LENV;R;2;1,00;0,010490;0,01;0,00;0,00;0,01;;
018;921;202607;202607;21020088;00; LENV;R;5072;24938,00;0,010490;261,60;9,91;0,00;271,51;;
018;921;202607;202607;2102008A;00; LENV;R;5068;24818,40;0,010490;260,35;9,86;0,00;270,21;;
018;921;202607;202607;2102008C;00; LENV;R;5050;2884,40;0,010490;30,26;1,15;0,00;31,40;;
018;921;202607;202607;2102008E;00; LENV;R;4947;2788,00;0,010490;29,25;1,11;0,00;30,35;;
018;921;202607;202607;2102008G;00; LENV;R;4988;2773,10;0,010490;29,09;1,10;0,00;30,19;;
018;921;202607;202607;2102008J;00; LENV;R;5110;25162,40;0,010490;263,95;10,00;0,00;273,95;;
018;921;202607;202607;2102008L;00; LENV;R;5018;2811,10;0,010490;29,49;1,12;0,00;30,61;;
018;921;202607;202607;2102008N;00; LENV;R;5079;2909,20;0,010490;30,52;1,16;0,00;31,67;;
018;921;202607;202607;2102008O;00; LENV;R;497;257,40;0,010490;2,70;0,10;0,00;2,80;;
018;921;202607;202607;2102008P;00; LENV;R;500;252,80;0,010490;2,65;0,10;0,00;2,75;;
018;921;202607;202607;2121100T;00; LENV;R;193;144,30;0,010490;1,51;0,06;0,00;1,57;;
018;921;202607;202607;2121100V;00; LENV;R;280;199,80;0,010490;2,10;0,08;0,00;2,18;;
018;921;202607;202607;2121102B;00; LENV;R;6;30,00;0,010490;0,31;0,01;0,00;0,33;;
018;921;202607;202607;2121102D;00; LENV;R;2;4,50;0,010490;0,05;0,00;0,00;0,05;;
018;921;202607;202607;2121102F;00; LENV;R;4;10,70;0,010490;0,11;0,00;0,00;0,12;;
018;921;202607;202607;2121102H;00; LENV;R;6;15,00;0,010490;0,16;0,01;0,00;0,16;;
018;921;202607;202607;2121102J;00; LENV;R;7;9,60;0,010490;0,10;0,00;0,00;0,10;;
018;921;202607;202607;2121102L;00; LENV;R;3;1,50;0,010490;0,02;0,00;0,00;0,02;;
018;921;202607;202607;2121102N;00; LENV;R;3;10,00;0,010490;0,10;0,00;0,00;0,11;;
018;921;202607;202607;2121102P;00; LENV;R;9;4,50;0,010490;0,05;0,00;0,00;0,05;;
018;921;202607;202607;2192100B;00; LENV;R;2778;27660,90;0,010490;290,16;10,99;0,00;301,15;;
018;921;202607;202607;2192100E;00; LENV;R;2807;27478,60;0,010490;288,25;10,92;0,00;299,17;;
018;921;202607;202607;2192100G;00; LENV;R;2744;4497,10;0,010490;47,17;1,79;0,00;48,96;;
018;921;202607;202607;2192100I;00; LENV;R;2752;6221,10;0,010490;65,26;2,47;0,00;67,73;;
018;921;202607;202607;2192100K;00; LENV;R;2722;5403,70;0,010490;56,68;2,15;0,00;58,83;;
018;921;202607;202607;2192100M;00; LENV;R;2665;4885,70;0,010490;51,25;1,94;0,00;53,19;;
018;921;202607;202607;2192100O;00; LENV;R;2769;4859,80;0,010490;50,98;1,93;0,00;52,91;;
018;921;202607;202607;2192100Q;00; LENV;R;2851;49266,10;0,010490;516,80;19,58;0,00;536,38;;
018;921;202607;202607;2202000N;00; LENV;R;523;263,10;0,010490;2,76;0,10;0,00;2,86;;
018;921;202607;202607;2202000P;00; LENV;R;500;308,30;0,010490;3,23;0,12;0,00;3,36;;
018;921;202607;202607;22211008;00; LENV;R;345;1281,50;0,010490;13,44;0,51;0,00;13,95;;
018;921;202607;202607;2221100E;00; LENV;R;328;1083,20;0,010490;11,36;0,43;0,00;11,79;;
018;921;202607;202607;2221100F;00; LENV;R;358;1223,20;0,010490;12,83;0,49;0,00;13,32;;
018;921;202607;202607;2221100H;00; LENV;R;354;1491,00;0,010490;15,64;0,59;0,00;16,23;;
018;921;202607;202607;2221100J;00; LENV;R;346;1084,70;0,010490;11,38;0,43;0,00;11,81;;
018;921;202607;202607;2221100M;00; LENV;R;338;1411,90;0,010490;14,81;0,56;0,00;15,37;;
018;921;202607;202607;2421100P;00; LENV;R;161;317,40;0,010490;3,33;0,13;0,00;3,46;;
018;921;202607;202607;2421100R;00; LENV;R;147;315,70;0,010490;3,31;0,13;0,00;3,44;;
018;921;202607;202607;2421100T;00; LENV;R;146;269,90;0,010490;2,83;0,11;0,00;2,94;;
018;921;202607;202607;2421100V;00; LENV;R;165;301,90;0,010490;3,17;0,12;0,00;3,29;;
018;921;202607;202607;24211016;00; LENV;R;627;1130,90;0,010490;11,86;0,45;0,00;12,31;;
018;921;202607;202607;2421101A;00; LENV;R;1;0,50;0,010490;0,01;0,00;0,00;0,01;;
018;921;202607;202607;2421101M;00; LENV;R;598;998,80;0,010490;10,48;0,40;0,00;10,87;;
018;921;202607;202607;2421101O;00; LENV;R;1;1,70;0,010490;0,02;0,00;0,00;0,02;;
018;921;202607;202607;2421101S;00; LENV;R;1;0,50;0,010490;0,01;0,00;0,00;0,01;;
018;921;202607;202607;21211021;00; LSAV;N;36;74,60;0,014990;1,12;0,04;0,00;1,16;;
018;921;202607;202607;21211023;00; LSAV;N;22;54,40;0,014990;0,82;0,03;0,00;0,85;;
018;921;202607;202607;21211025;00; LSAV;N;42;118,80;0,014990;1,78;0,07;0,00;1,85;;
018;921;202607;202607;21211027;00; LSAV;N;35;58,60;0,014990;0,88;0,03;0,00;0,91;;
018;921;202607;202607;2121102V;00; LSAV;N;1;1,00;0,014990;0,01;0,00;0,00;0,02;;
018;921;202607;202607;2121102X;00; LSAV;N;2;2,30;0,014990;0,03;0,00;0,00;0,04;;
018;921;202607;202607;2121102Z;00; LSAV;N;1;0,60;0,014990;0,01;0,00;0,00;0,01;;
018;921;202607;202607;2192100C;00; LSAV;N;21;120,60;0,014990;1,81;0,07;0,00;1,88;;
018;921;202607;202607;2192100D;00; LSAV;N;21;36,90;0,014990;0,55;0,02;0,00;0,57;;
018;921;202607;202607;2192100F;00; LSAV;N;24;40,80;0,014990;0,61;0,02;0,00;0,63;;
018;921;202607;202607;2192100H;00; LSAV;N;22;39,90;0,014990;0,60;0,02;0,00;0,62;;
018;921;202607;202607;2192100J;00; LSAV;N;35;92,70;0,014990;1,39;0,05;0,00;1,44;;
018;921;202607;202607;2192100L;00; LSAV;N;19;33,70;0,014990;0,51;0,02;0,00;0,52;;
018;921;202607;202607;2192100N;00; LSAV;N;25;53,30;0,014990;0,80;0,03;0,00;0,83;;
018;921;202607;202607;2192100P;00; LSAV;N;28;47,30;0,014990;0,71;0,03;0,00;0,74;;
018;921;202607;202607;2421100Q;00; LSAV;N;7;9,60;0,014990;0,14;0,01;0,00;0,15;;
018;921;202607;202607;2421100S;00; LSAV;N;5;4,10;0,014990;0,06;0,00;0,00;0,06;;
018;921;202607;202607;2421100U;00; LSAV;N;9;18,20;0,014990;0,27;0,01;0,00;0,28;;
018;921;202607;202607;2421100X;00; LSAV;N;2;1,40;0,014990;0,02;0,00;0,00;0,02;;
018;921;202607;202607;24211019;00; LSAV;N;1;1,00;0,014990;0,01;0,00;0,00;0,02;;
018;921;202607;202607;2421101B;00; LSAV;N;10;17,90;0,014990;0,27;0,01;0,00;0,28;;
018;921;202607;202607;2421101D;00; LSAV;N;3;4,90;0,014990;0,07;0,00;0,00;0,08;;
018;921;202607;202607;2421101N;00; LSAV;N;3;10,10;0,014990;0,15;0,01;0,00;0,16;;
018;921;202607;202607;2421101R;00; LSAV;N;8;38,60;0,014990;0,58;0,02;0,00;0,60;;
018;921;202607;202607;2421101T;00; LSAV;N;1;3,60;0,014990;0,05;0,00;0,00;0,06;;
018;921;202607;202607;24211022;00; LSAV;N;7;8,60;0,014990;0,13;0,00;0,00;0,13;;
018;921;202607;202607;21211021;00; LSAV;R;11;17,00;0,010490;0,18;0,01;0,00;0,19;;
018;921;202607;202607;21211023;00; LSAV;R;8;44,40;0,010490;0,47;0,02;0,00;0,48;;
018;921;202607;202607;21211025;00; LSAV;R;5;17,10;0,010490;0,18;0,01;0,00;0,19;;
018;921;202607;202607;21211027;00; LSAV;R;3;4,40;0,010490;0,05;0,00;0,00;0,05;;
018;921;202607;202607;2192100C;00; LSAV;R;5;6,20;0,010490;0,07;0,00;0,00;0,07;;
018;921;202607;202607;2192100D;00; LSAV;R;2;2,00;0,010490;0,02;0,00;0,00;0,02;;
018;921;202607;202607;2192100F;00; LSAV;R;5;7,20;0,010490;0,08;0,00;0,00;0,08;;
018;921;202607;202607;2192100H;00; LSAV;R;6;21,50;0,010490;0,23;0,01;0,00;0,23;;
018;921;202607;202607;2192100J;00; LSAV;R;6;19,10;0,010490;0,20;0,01;0,00;0,21;;
018;921;202607;202607;2192100L;00; LSAV;R;3;15,10;0,010490;0,16;0,01;0,00;0,16;;
018;921;202607;202607;2192100N;00; LSAV;R;6;9,00;0,010490;0,09;0,00;0,00;0,10;;
018;921;202607;202607;2192100P;00; LSAV;R;5;7,10;0,010490;0,07;0,00;0,00;0,08;;
018;921;202607;202607;2421100S;00; LSAV;R;1;3,70;0,010490;0,04;0,00;0,00;0,04;;
018;921;202607;202607;2421100U;00; LSAV;R;3;12,20;0,010490;0,13;0,00;0,00;0,13;;
018;921;202607;202607;2421101P;00; LSAV;R;1;0,50;0,010490;0,01;0,00;0,00;0,01;;
018;921;202607;202607;2121100T;00; NEAV;N;8;18,00;0,014990;0,27;0,01;0,00;0,28;;
018;921;202607;202607;2121100V;00; NEAV;N;10;62,90;0,014990;0,94;0,04;0,00;0,98;;
018;921;202607;202607;2121100T;00; NEAV;R;1;0,70;0,010490;0,01;0,00;0,00;0,01;;
018;921;202607;202607;2121100V;00; NEAV;R;2;1,20;0,010490;0,01;0,00;0,00;0,01;;
018;921;202607;202607;2121102D;00; NEAV;R;1;0,50;0,010490;0,01;0,00;0,00;0,01;;
018;921;202607;202606;2102008P;00; NENV;N;2;1,10;0,014990;0,02;0,00;0,00;0,02;;
018;921;202607;202606;2202000P;00; NENV;N;2;1,20;0,014990;0,02;0,00;0,00;0,02;;
018;921;202607;202606;24020007;00; NENV;N;1;0,50;0,014990;0,01;0,00;0,00;0,01;;
018;921;202607;202606;24020009;00; NENV;N;1;0,50;0,014990;0,01;0,00;0,00;0,01;;
018;921;202607;202606;2402000B;00; NENV;N;1;0,50;0,014990;0,01;0,00;0,00;0,01;;
018;921;202607;202606;2402000G;00; NENV;N;2;1,80;0,014990;0,03;0,00;0,00;0,03;;
018;921;202607;202606;2402000I;00; NENV;N;2;1,00;0,014990;0,01;0,00;0,00;0,02;;
018;921;202607;202606;2402000K;00; NENV;N;1;0,50;0,014990;0,01;0,00;0,00;0,01;;
018;921;202607;202607;2102006Y;00; NENV;N;15;7,60;0,014990;0,11;0,00;0,00;0,12;;
018;921;202607;202607;21020071;00; NENV;N;22;24,30;0,014990;0,36;0,01;0,00;0,38;;
018;921;202607;202607;21020073;00; NENV;N;21;12,00;0,014990;0,18;0,01;0,00;0,19;;
018;921;202607;202607;21020075;00; NENV;N;19;9,50;0,014990;0,14;0,01;0,00;0,15;;
018;921;202607;202607;21020088;00; NENV;N;1323013;966861,40;0,014990;14493,25;549,04;0,00;15042,30;;
018;921;202607;202607;2102008A;00; NENV;N;1303573;954696,10;0,014990;14310,89;542,14;0,00;14853,03;;
018;921;202607;202607;2102008C;00; NENV;N;1320482;942948,20;0,014990;14134,79;535,46;0,00;14670,26;;
018;921;202607;202607;2102008E;00; NENV;N;1298558;950436,10;0,014990;14247,04;539,72;0,00;14786,75;;
018;921;202607;202607;2102008G;00; NENV;N;1306488;930158,20;0,014990;13943,07;528,20;0,00;14471,27;;
018;921;202607;202607;2102008J;00; NENV;N;1303475;1037745,70;0,014990;15555,81;589,30;0,00;16145,10;;
018;921;202607;202607;2102008L;00; NENV;N;1321075;1101404,00;0,014990;16510,05;625,45;0,00;17135,49;;
018;921;202607;202607;2102008N;00; NENV;N;1289466;943589,10;0,014990;14144,40;535,83;0,00;14680,23;;
018;921;202607;202607;2102008O;00; NENV;N;281523;295735,80;0,014990;4433,08;167,94;0,00;4601,02;;
018;921;202607;202607;2102008P;00; NENV;N;281165;294051,30;0,014990;4407,83;166,98;0,00;4574,81;;
018;921;202607;202607;2121100T;00; NENV;N;342457;200685,30;0,014990;3008,27;113,96;0,00;3122,23;;
018;921;202607;202607;2121100V;00; NENV;N;496506;289182,50;0,014990;4334,85;164,22;0,00;4499,06;;
018;921;202607;202607;2121102B;00; NENV;N;33659;23515,60;0,014990;352,50;13,35;0,00;365,85;;
018;921;202607;202607;2121102D;00; NENV;N;33440;23778,70;0,014990;356,44;13,50;0,00;369,95;;
018;921;202607;202607;2121102F;00; NENV;N;30568;21504,60;0,014990;322,35;12,21;0,00;334,57;;
018;921;202607;202607;2121102H;00; NENV;N;30873;22055,30;0,014990;330,61;12,52;0,00;343,13;;
018;921;202607;202607;2121102J;00; NENV;N;33285;22965,60;0,014990;344,25;13,04;0,00;357,30;;
018;921;202607;202607;2121102L;00; NENV;N;32564;23550,60;0,014990;353,02;13,37;0,00;366,40;;
018;921;202607;202607;2121102N;00; NENV;N;33740;24015,60;0,014990;359,99;13,64;0,00;373,63;;
018;921;202607;202607;2121102P;00; NENV;N;33377;23248,90;0,014990;348,50;13,20;0,00;361,70;;
018;921;202607;202607;2202000N;00; NENV;N;280551;292588,20;0,014990;4385,90;166,15;0,00;4552,05;;
018;921;202607;202607;2202000P;00; NENV;N;282203;295502,70;0,014990;4429,59;167,80;0,00;4597,39;;
018;921;202607;202607;22211008;00; NENV;N;4;5,90;0,014990;0,09;0,00;0,00;0,09;;
018;921;202607;202607;2221100B;00; NENV;N;3289;3026,10;0,014990;45,36;1,72;0,00;47,08;;
018;921;202607;202607;2221100C;00; NENV;N;3297;2760,70;0,014990;41,38;1,57;0,00;42,95;;
018;921;202607;202607;2221100E;00; NENV;N;3;9,60;0,014990;0,14;0,01;0,00;0,15;;
018;921;202607;202607;2221100F;00; NENV;N;2;10,80;0,014990;0,16;0,01;0,00;0,17;;
018;921;202607;202607;2221100G;00; NENV;N;3244;2657,30;0,014990;39,83;1,51;0,00;41,34;;
018;921;202607;202607;2221100H;00; NENV;N;4;8,50;0,014990;0,13;0,00;0,00;0,13;;
018;921;202607;202607;2221100I;00; NENV;N;3215;2617,70;0,014990;39,24;1,49;0,00;40,73;;
018;921;202607;202607;2221100J;00; NENV;N;2;4,90;0,014990;0,07;0,00;0,00;0,08;;
018;921;202607;202607;2221100K;00; NENV;N;3236;2585,40;0,014990;38,76;1,47;0,00;40,22;;
018;921;202607;202607;2221100L;00; NENV;N;3287;2758,60;0,014990;41,35;1,57;0,00;42,92;;
018;921;202607;202607;2221100M;00; NENV;N;2;1,00;0,014990;0,01;0,00;0,00;0,02;;
018;921;202607;202607;24020005;00; NENV;N;404473;258582,10;0,014990;3876,15;146,84;0,00;4022,98;;
018;921;202607;202607;24020007;00; NENV;N;403540;258080,40;0,014990;3868,63;146,55;0,00;4015,18;;
018;921;202607;202607;24020009;00; NENV;N;403331;259845,60;0,014990;3895,09;147,56;0,00;4042,64;;
018;921;202607;202607;2402000B;00; NENV;N;407102;261401,80;0,014990;3918,41;148,44;0,00;4066,85;;
018;921;202607;202607;2402000D;00; NENV;N;406924;260182,20;0,014990;3900,13;147,75;0,00;4047,88;;
018;921;202607;202607;2402000G;00; NENV;N;404782;260872,30;0,014990;3910,48;148,14;0,00;4058,62;;
018;921;202607;202607;2402000I;00; NENV;N;403206;257622,20;0,014990;3861,76;146,29;0,00;4008,05;;
018;921;202607;202607;2402000K;00; NENV;N;405670;258198,20;0,014990;3870,39;146,62;0,00;4017,01;;
018;921;202607;202607;2421100Y;00; NENV;N;2372;1817,80;0,014990;27,25;1,03;0,00;28,28;;
018;921;202607;202607;24211010;00; NENV;N;2355;1781,30;0,014990;26,70;1,01;0,00;27,71;;
018;921;202607;202607;24211012;00; NENV;N;2414;1775,20;0,014990;26,61;1,01;0,00;27,62;;
018;921;202607;202607;24211014;00; NENV;N;2372;1730,20;0,014990;25,94;0,98;0,00;26,92;;
018;921;202607;202607;2421101E;00; NENV;N;4;2,00;0,014990;0,03;0,00;0,00;0,03;;
018;921;202607;202607;2421101G;00; NENV;N;6;3,00;0,014990;0,04;0,00;0,00;0,05;;
018;921;202607;202607;2421101I;00; NENV;N;3;14,20;0,014990;0,21;0,01;0,00;0,22;;
018;921;202607;202607;2421101K;00; NENV;N;10780;30981,70;0,014990;464,42;17,59;0,00;482,01;;
018;921;202607;202607;2421101U;00; NENV;N;5;5,80;0,014990;0,09;0,00;0,00;0,09;;
018;921;202607;202607;2421101X;00; NENV;N;4;6,70;0,014990;0,10;0,00;0,00;0,10;;
018;921;202607;202607;2421101Z;00; NENV;N;7;3,50;0,014990;0,05;0,00;0,00;0,05;;
018;921;202607;202607;24211021;00; NENV;N;9407;7382,30;0,014990;110,66;4,19;0,00;114,85;;
018;921;202607;202607;21020088;00; NENV;R;20313;115295,80;0,010490;1209,45;45,82;0,00;1255,27;;
018;921;202607;202607;2102008A;00; NENV;R;20232;99611,30;0,010490;1044,92;39,58;0,00;1084,51;;
018;921;202607;202607;2102008C;00; NENV;R;19943;95257,40;0,010490;999,25;37,85;0,00;1037,10;;
018;921;202607;202607;2102008E;00; NENV;R;20102;101370,50;0,010490;1063,38;40,28;0,00;1103,66;;
018;921;202607;202607;2102008G;00; NENV;R;18846;88377,30;0,010490;927,08;35,12;0,00;962,20;;
018;921;202607;202607;2102008J;00; NENV;R;20549;185280,90;0,010490;1943,60;73,63;0,00;2017,23;;
018;921;202607;202607;2102008L;00; NENV;R;20268;253193,40;0,010490;2656,00;100,62;0,00;2756,62;;
018;921;202607;202607;2102008N;00; NENV;R;19318;98997,80;0,010490;1038,49;39,34;0,00;1077,83;;
018;921;202607;202607;2102008O;00; NENV;R;11235;49780,40;0,010490;522,20;19,78;0,00;541,98;;
018;921;202607;202607;2102008P;00; NENV;R;11126;52174,70;0,010490;547,31;20,73;0,00;568,05;;
018;921;202607;202607;2121100T;00; NENV;R;8158;4605,60;0,010490;48,31;1,83;0,00;50,14;;
018;921;202607;202607;2121100V;00; NENV;R;12548;7398,80;0,010490;77,61;2,94;0,00;80,55;;
018;921;202607;202607;2121102B;00; NENV;R;390;737,50;0,010490;7,74;0,29;0,00;8,03;;
018;921;202607;202607;2121102D;00; NENV;R;389;671,40;0,010490;7,04;0,27;0,00;7,31;;
018;921;202607;202607;2121102F;00; NENV;R;331;973,20;0,010490;10,21;0,39;0,00;10,60;;
018;921;202607;202607;2121102H;00; NENV;R;333;797,60;0,010490;8,37;0,32;0,00;8,68;;
018;921;202607;202607;2121102J;00; NENV;R;375;889,00;0,010490;9,33;0,35;0,00;9,68;;
018;921;202607;202607;2121102L;00; NENV;R;409;945,50;0,010490;9,92;0,38;0,00;10,29;;
018;921;202607;202607;2121102N;00; NENV;R;355;581,50;0,010490;6,10;0,23;0,00;6,33;;
018;921;202607;202607;2121102P;00; NENV;R;383;871,30;0,010490;9,14;0,35;0,00;9,49;;
018;921;202607;202607;2202000N;00; NENV;R;11282;53467,50;0,010490;560,87;21,25;0,00;582,12;;
018;921;202607;202607;2202000P;00; NENV;R;11354;51203,70;0,010490;537,13;20,35;0,00;557,47;;
018;921;202607;202607;2221100B;00; NENV;R;39;81,60;0,010490;0,86;0,03;0,00;0,89;;
018;921;202607;202607;2221100C;00; NENV;R;41;119,30;0,010490;1,25;0,05;0,00;1,30;;
018;921;202607;202607;2221100G;00; NENV;R;38;101,40;0,010490;1,06;0,04;0,00;1,10;;
018;921;202607;202607;2221100I;00; NENV;R;35;109,20;0,010490;1,15;0,04;0,00;1,19;;
018;921;202607;202607;2221100K;00; NENV;R;33;213,60;0,010490;2,24;0,08;0,00;2,33;;
018;921;202607;202607;2221100L;00; NENV;R;45;265,20;0,010490;2,78;0,11;0,00;2,89;;
018;921;202607;202607;24020005;00; NENV;R;3872;17562,10;0,010490;184,23;6,98;0,00;191,21;;
018;921;202607;202607;24020007;00; NENV;R;3615;16516,90;0,010490;173,26;6,56;0,00;179,83;;
018;921;202607;202607;24020009;00; NENV;R;3815;17677,60;0,010490;185,44;7,02;0,00;192,46;;
018;921;202607;202607;2402000B;00; NENV;R;3770;16399,30;0,010490;172,03;6,52;0,00;178,55;;
018;921;202607;202607;2402000D;00; NENV;R;3823;16980,30;0,010490;178,12;6,75;0,00;184,87;;
018;921;202607;202607;2402000G;00; NENV;R;3788;17678,40;0,010490;185,45;7,03;0,00;192,47;;
018;921;202607;202607;2402000I;00; NENV;R;3617;17471,00;0,010490;183,27;6,94;0,00;190,21;;
018;921;202607;202607;2402000K;00; NENV;R;3794;16899,40;0,010490;177,27;6,72;0,00;183,99;;
018;921;202607;202607;2421100Y;00; NENV;R;37;111,60;0,010490;1,17;0,04;0,00;1,22;;
018;921;202607;202607;24211010;00; NENV;R;26;114,60;0,010490;1,20;0,05;0,00;1,25;;
018;921;202607;202607;24211012;00; NENV;R;29;88,10;0,010490;0,92;0,04;0,00;0,96;;
018;921;202607;202607;24211014;00; NENV;R;31;71,40;0,010490;0,75;0,03;0,00;0,78;;
018;921;202607;202607;2421101K;00; NENV;R;193;22321,30;0,010490;234,15;8,87;0,00;243,02;;
018;921;202607;202607;24211021;00; NENV;R;140;572,30;0,010490;6,00;0,23;0,00;6,23;;
018;921;202607;202607;2121101C;00; NSAV;N;12;68,50;0,014990;1,03;0,04;0,00;1,07;;
018;921;202607;202607;2121101I;00; NSAV;N;2;9,50;0,014990;0,14;0,01;0,00;0,15;;
018;921;202607;202607;2121102C;00; NSAV;N;4;12,40;0,014990;0,19;0,01;0,00;0,19;;
018;921;202607;202607;2121102E;00; NSAV;N;1;1,30;0,014990;0,02;0,00;0,00;0,02;;
018;921;202607;202607;2121102G;00; NSAV;N;1;1,90;0,014990;0,03;0,00;0,00;0,03;;
018;921;202607;202607;2121102I;00; NSAV;N;3;7,70;0,014990;0,12;0,00;0,00;0,12;;
018;921;202607;202607;2121102K;00; NSAV;N;1;11,80;0,014990;0,18;0,01;0,00;0,18;;
018;921;202607;202607;2121102O;00; NSAV;N;6;47,50;0,014990;0,71;0,03;0,00;0,74;;
018;921;202607;202607;2121102R;00; NSAV;N;2;6,80;0,014990;0,10;0,00;0,00;0,11;;
018;921;202607;202607;2121102S;00; NSAV;N;2;3,20;0,014990;0,05;0,00;0,00;0,05;;
018;921;202607;202607;2121102T;00; NSAV;N;1;11,10;0,014990;0,17;0,01;0,00;0,17;;
018;921;202607;202607;2121102U;00; NSAV;N;3;10,00;0,014990;0,15;0,01;0,00;0,16;;
018;921;202607;202607;2221100G;00; NSAV;N;7;5,00;0,014990;0,07;0,00;0,00;0,08;;
018;921;202607;202607;2221100I;00; NSAV;N;14;24,00;0,014990;0,36;0,01;0,00;0,37;;
018;921;202607;202607;2221100K;00; NSAV;N;1;0,50;0,014990;0,01;0,00;0,00;0,01;;
018;921;202607;202607;2221100L;00; NSAV;N;1;0,50;0,014990;0,01;0,00;0,00;0,01;;
018;921;202607;202607;24211011;00; NSAV;N;2;1,00;0,014990;0,01;0,00;0,00;0,02;;
018;921;202607;202607;24211013;00; NSAV;N;3;1,90;0,014990;0,03;0,00;0,00;0,03;;
018;921;202607;202607;24211015;00; NSAV;N;2;4,30;0,014990;0,06;0,00;0,00;0,07;;
018;921;202607;202607;24211017;00; NSAV;N;1;0,60;0,014990;0,01;0,00;0,00;0,01;;
018;921;202607;202607;2421101L;00; NSAV;N;1;1,40;0,014990;0,02;0,00;0,00;0,02;;
018;921;202607;202607;2421101V;00; NSAV;N;1;1,20;0,014990;0,02;0,00;0,00;0,02;;
018;921;202607;202607;2421101Y;00; NSAV;N;2;1,90;0,014990;0,03;0,00;0,00;0,03;;
018;921;202607;202607;24211020;00; NSAV;N;1;0,90;0,014990;0,01;0,00;0,00;0,01;;
018;921;202607;202607;2121101C;00; NSAV;R;11;290,40;0,010490;3,05;0,12;0,00;3,16;;
018;921;202607;202607;2121102C;00; NSAV;R;12;129,80;0,010490;1,36;0,05;0,00;1,41;;
018;921;202607;202607;2121102G;00; NSAV;R;1;2,00;0,010490;0,02;0,00;0,00;0,02;;
018;921;202607;202607;2121102K;00; NSAV;R;1;0,60;0,010490;0,01;0,00;0,00;0,01;;
018;921;202607;202607;2121102O;00; NSAV;R;8;18,20;0,010490;0,19;0,01;0,00;0,20;;
018;921;202607;202607;2121102Q;00; NSAV;R;1;4,30;0,010490;0,05;0,00;0,00;0,05;;
018;921;202607;202607;2121102S;00; NSAV;R;2;7,80;0,010490;0,08;0,00;0,00;0,08;;
018;921;202607;202607;2121102T;00; NSAV;R;1;2,10;0,010490;0,02;0,00;0,00;0,02;;
018;921;202607;202607;2121102U;00; NSAV;R;1;1,20;0,010490;0,01;0,00;0,00;0,01;;
018;921;202607;202607;2221100G;00; NSAV;R;2;1,10;0,010490;0,01;0,00;0,00;0,01;;
018;921;202607;202607;2221100I;00; NSAV;R;3;2,80;0,010490;0,03;0,00;0,00;0,03;;
018;921;202607;202607;2221100K;00; NSAV;R;1;4,10;0,010490;0,04;0,00;0,00;0,04;;
018;921;202607;202607;24211013;00; NSAV;R;1;0,50;0,010490;0,01;0,00;0,00;0,01;;
018;921;202607;202607;24211015;00; NSAV;R;1;5,90;0,010490;0,06;0,00;0,00;0,06;;
018;921;202607;202607;21020078;00; NSNV;N;14;8,10;0,014990;0,12;0,00;0,00;0,13;;
018;921;202607;202607;2102007J;00; NSNV;N;17;10,10;0,014990;0,15;0,01;0,00;0,16;;
018;921;202607;202607;2102008O;00; NSNV;N;4;5,80;0,014990;0,09;0,00;0,00;0,09;;
018;921;202607;202607;2102008P;00; NSNV;N;11;6,90;0,014990;0,10;0,00;0,00;0,11;;
018;921;202607;202607;2121101C;00; NSNV;N;122;218,90;0,014990;3,28;0,12;0,00;3,41;;
018;921;202607;202607;2121101E;00; NSNV;N;123;270,30;0,014990;4,05;0,15;0,00;4,21;;
018;921;202607;202607;2121101G;00; NSNV;N;118;267,70;0,014990;4,01;0,15;0,00;4,16;;
018;921;202607;202607;2121101I;00; NSNV;N;88;172,60;0,014990;2,59;0,10;0,00;2,69;;
018;921;202607;202607;2121102C;00; NSNV;N;99;214,10;0,014990;3,21;0,12;0,00;3,33;;
018;921;202607;202607;2121102E;00; NSNV;N;66;119,60;0,014990;1,79;0,07;0,00;1,86;;
018;921;202607;202607;2121102G;00; NSNV;N;80;183,00;0,014990;2,74;0,10;0,00;2,85;;
018;921;202607;202607;2121102I;00; NSNV;N;93;237,70;0,014990;3,56;0,13;0,00;3,70;;
018;921;202607;202607;2121102K;00; NSNV;N;86;178,50;0,014990;2,68;0,10;0,00;2,78;;
018;921;202607;202607;2121102M;00; NSNV;N;103;311,90;0,014990;4,68;0,18;0,00;4,85;;
018;921;202607;202607;2121102O;00; NSNV;N;91;235,90;0,014990;3,54;0,13;0,00;3,67;;
018;921;202607;202607;2121102Q;00; NSNV;N;83;234,40;0,014990;3,51;0,13;0,00;3,65;;
018;921;202607;202607;2121102R;00; NSNV;N;52;176,60;0,014990;2,65;0,10;0,00;2,75;;
018;921;202607;202607;2121102S;00; NSNV;N;71;216,50;0,014990;3,25;0,12;0,00;3,37;;
018;921;202607;202607;2121102T;00; NSNV;N;62;230,80;0,014990;3,46;0,13;0,00;3,59;;
018;921;202607;202607;2121102U;00; NSNV;N;64;221,20;0,014990;3,32;0,13;0,00;3,44;;
018;921;202607;202607;2221100G;00; NSNV;N;334;851,10;0,014990;12,76;0,48;0,00;13,24;;
018;921;202607;202607;2221100I;00; NSNV;N;291;815,20;0,014990;12,22;0,46;0,00;12,68;;
018;921;202607;202607;2221100K;00; NSNV;N;143;316,20;0,014990;4,74;0,18;0,00;4,92;;
018;921;202607;202607;2221100L;00; NSNV;N;149;270,80;0,014990;4,06;0,15;0,00;4,21;;
018;921;202607;202607;2242100D;00; NSNV;N;8;37,30;0,014990;0,56;0,02;0,00;0,58;;
018;921;202607;202607;2242100F;00; NSNV;N;12;11,50;0,014990;0,17;0,01;0,00;0,18;;
018;921;202607;202607;2242100P;00; NSNV;N;12;11,80;0,014990;0,18;0,01;0,00;0,18;;
018;921;202607;202607;2242100Q;00; NSNV;N;5;3,80;0,014990;0,06;0,00;0,00;0,06;;
018;921;202607;202607;2421100Z;00; NSNV;N;105;272,20;0,014990;4,08;0,15;0,00;4,23;;
018;921;202607;202607;24211011;00; NSNV;N;61;133,20;0,014990;2,00;0,08;0,00;2,07;;
018;921;202607;202607;24211013;00; NSNV;N;94;326,30;0,014990;4,89;0,19;0,00;5,08;;
018;921;202607;202607;24211015;00; NSNV;N;57;195,60;0,014990;2,93;0,11;0,00;3,04;;
018;921;202607;202607;24211017;00; NSNV;N;59;159,30;0,014990;2,39;0,09;0,00;2,48;;
018;921;202607;202607;2421101F;00; NSNV;N;36;92,90;0,014990;1,39;0,05;0,00;1,45;;
018;921;202607;202607;2421101H;00; NSNV;N;82;260,00;0,014990;3,90;0,15;0,00;4,05;;
018;921;202607;202607;2421101J;00; NSNV;N;42;106,90;0,014990;1,60;0,06;0,00;1,66;;
018;921;202607;202607;2421101L;00; NSNV;N;60;217,30;0,014990;3,26;0,12;0,00;3,38;;
018;921;202607;202607;2421101V;00; NSNV;N;35;127,80;0,014990;1,92;0,07;0,00;1,99;;
018;921;202607;202607;2421101Y;00; NSNV;N;67;243,40;0,014990;3,65;0,14;0,00;3,79;;
018;921;202607;202607;24211020;00; NSNV;N;52;173,70;0,014990;2,60;0,10;0,00;2,70;;
018;921;202607;202607;2102007J;00; NSNV;R;1;0,50;0,010490;0,01;0,00;0,00;0,01;;
018;921;202607;202607;2102008O;00; NSNV;R;1;0,50;0,010490;0,01;0,00;0,00;0,01;;
018;921;202607;202607;2121101C;00; NSNV;R;23;38,00;0,010490;0,40;0,02;0,00;0,41;;
018;921;202607;202607;2121101E;00; NSNV;R;19;78,30;0,010490;0,82;0,03;0,00;0,85;;
018;921;202607;202607;2121101G;00; NSNV;R;17;30,90;0,010490;0,32;0,01;0,00;0,34;;
018;921;202607;202607;2121101I;00; NSNV;R;25;72,30;0,010490;0,76;0,03;0,00;0,79;;
018;921;202607;202607;2121102C;00; NSNV;R;16;28,40;0,010490;0,30;0,01;0,00;0,31;;
018;921;202607;202607;2121102E;00; NSNV;R;27;62,40;0,010490;0,65;0,02;0,00;0,68;;
018;921;202607;202607;2121102G;00; NSNV;R;18;20,00;0,010490;0,21;0,01;0,00;0,22;;
018;921;202607;202607;2121102I;00; NSNV;R;17;35,50;0,010490;0,37;0,01;0,00;0,39;;
018;921;202607;202607;2121102K;00; NSNV;R;10;94,70;0,010490;0,99;0,04;0,00;1,03;;
018;921;202607;202607;2121102M;00; NSNV;R;9;39,50;0,010490;0,41;0,02;0,00;0,43;;
018;921;202607;202607;2121102O;00; NSNV;R;17;28,30;0,010490;0,30;0,01;0,00;0,31;;
018;921;202607;202607;2121102Q;00; NSNV;R;17;23,50;0,010490;0,25;0,01;0,00;0,26;;
018;921;202607;202607;2121102R;00; NSNV;R;5;10,80;0,010490;0,11;0,00;0,00;0,12;;
018;921;202607;202607;2121102S;00; NSNV;R;2;1,50;0,010490;0,02;0,00;0,00;0,02;;
018;921;202607;202607;2121102T;00; NSNV;R;3;5,70;0,010490;0,06;0,00;0,00;0,06;;
018;921;202607;202607;2121102U;00; NSNV;R;3;4,70;0,010490;0,05;0,00;0,00;0,05;;
018;921;202607;202607;2221100G;00; NSNV;R;52;94,00;0,010490;0,99;0,04;0,00;1,02;;
018;921;202607;202607;2221100I;00; NSNV;R;56;167,40;0,010490;1,76;0,07;0,00;1,82;;
018;921;202607;202607;2221100K;00; NSNV;R;22;36,70;0,010490;0,38;0,01;0,00;0,40;;
018;921;202607;202607;2221100L;00; NSNV;R;20;34,40;0,010490;0,36;0,01;0,00;0,37;;
018;921;202607;202607;2242100D;00; NSNV;R;3;4,60;0,010490;0,05;0,00;0,00;0,05;;
018;921;202607;202607;2242100F;00; NSNV;R;2;3,40;0,010490;0,04;0,00;0,00;0,04;;
018;921;202607;202607;2242100P;00; NSNV;R;3;1,50;0,010490;0,02;0,00;0,00;0,02;;
018;921;202607;202607;2242100Q;00; NSNV;R;3;5,60;0,010490;0,06;0,00;0,00;0,06;;
018;921;202607;202607;2421100Z;00; NSNV;R;16;109,40;0,010490;1,15;0,04;0,00;1,19;;
018;921;202607;202607;24211011;00; NSNV;R;13;24,50;0,010490;0,26;0,01;0,00;0,27;;
018;921;202607;202607;24211013;00; NSNV;R;17;72,20;0,010490;0,76;0,03;0,00;0,79;;
018;921;202607;202607;24211015;00; NSNV;R;8;21,20;0,010490;0,22;0,01;0,00;0,23;;
018;921;202607;202607;24211017;00; NSNV;R;14;39,20;0,010490;0,41;0,02;0,00;0,43;;
018;921;202607;202607;2421101F;00; NSNV;R;6;42,90;0,010490;0,45;0,02;0,00;0,47;;
018;921;202607;202607;2421101H;00; NSNV;R;10;16,80;0,010490;0,18;0,01;0,00;0,18;;
018;921;202607;202607;2421101J;00; NSNV;R;14;39,00;0,010490;0,41;0,02;0,00;0,42;;
018;921;202607;202607;2421101L;00; NSNV;R;14;31,50;0,010490;0,33;0,01;0,00;0,34;;
018;921;202607;202607;2421101V;00; NSNV;R;9;13,50;0,010490;0,14;0,01;0,00;0,15;;
018;921;202607;202607;2421101Y;00; NSNV;R;13;78,70;0,010490;0,83;0,03;0,00;0,86;;
018;921;202607;202607;24211020;00; NSNV;R;6;60,40;0,010490;0,63;0,02;0,00;0,66;;
;;;;;01;;;29988508;20950304,70;;306374,24;11606,17;0,00;317980,50;;
019;927;202607;202607;2702600M;00; IENV;N;22361;11546,60;0,014990;173,08;6,56;0,00;179,64;;
019;927;202607;202607;2702600O;00; IENV;N;22614;11747,10;0,014990;176,09;6,67;0,00;182,76;;
019;927;202607;202607;2702600R;00; IENV;N;22679;11706,50;0,014990;175,48;6,65;0,00;182,13;;
019;927;202607;202607;2702600S;00; IENV;N;22360;11529,30;0,014990;172,82;6,55;0,00;179,37;;
019;927;202607;202607;2721100P;00; IENV;N;4130;3846,70;0,014990;57,66;2,18;0,00;59,85;;
019;927;202607;202607;2721100Q;00; IENV;N;4250;3602,70;0,014990;54,00;2,05;0,00;56,05;;
019;927;202607;202607;2721100S;00; IENV;N;4103;3164,40;0,014990;47,43;1,80;0,00;49,23;;
019;927;202607;202607;2721100T;00; IENV;N;4149;3452,90;0,014990;51,76;1,96;0,00;53,72;;
019;927;202607;202607;2721100U;00; IENV;N;4065;3626,00;0,014990;54,35;2,06;0,00;56,41;;
019;927;202607;202607;2721100X;00; IENV;N;4151;3486,40;0,014990;52,26;1,98;0,00;54,24;;
019;927;202607;202607;2802600G;00; IENV;N;1845;939,00;0,014990;14,08;0,53;0,00;14,61;;
019;927;202607;202607;2802600I;00; IENV;N;1866;973,90;0,014990;14,60;0,55;0,00;15,15;;
019;927;202607;202607;2802600L;00; IENV;N;1841;951,80;0,014990;14,27;0,54;0,00;14,81;;
019;927;202607;202607;2802600M;00; IENV;N;1871;959,40;0,014990;14,38;0,54;0,00;14,93;;
019;927;202607;202607;2821100H;00; IENV;N;271;160,00;0,014990;2,40;0,09;0,00;2,49;;
019;927;202607;202607;2821100I;00; IENV;N;269;151,20;0,014990;2,27;0,09;0,00;2,35;;
019;927;202607;202607;2821100L;00; IENV;N;268;147,40;0,014990;2,21;0,08;0,00;2,29;;
019;927;202607;202607;2821100M;00; IENV;N;276;154,70;0,014990;2,32;0,09;0,00;2,41;;
019;927;202607;202607;2821100O;00; IENV;N;258;149,20;0,014990;2,24;0,08;0,00;2,32;;
019;927;202607;202607;2821100P;00; IENV;N;236;128,20;0,014990;1,92;0,07;0,00;1,99;;
019;927;202607;202607;2702600M;00; IENV;R;82;66,70;0,010490;0,70;0,03;0,00;0,73;;
019;927;202607;202607;2702600O;00; IENV;R;77;93,20;0,010490;0,98;0,04;0,00;1,01;;
019;927;202607;202607;2702600R;00; IENV;R;81;53,80;0,010490;0,56;0,02;0,00;0,59;;
019;927;202607;202607;2702600S;00; IENV;R;84;54,30;0,010490;0,57;0,02;0,00;0,59;;
019;927;202607;202607;2721100P;00; IENV;R;789;464,30;0,010490;4,87;0,18;0,00;5,06;;
019;927;202607;202607;2721100Q;00; IENV;R;840;676,20;0,010490;7,09;0,27;0,00;7,36;;
019;927;202607;202607;2721100S;00; IENV;R;815;535,20;0,010490;5,61;0,21;0,00;5,83;;
019;927;202607;202607;2721100T;00; IENV;R;817;528,00;0,010490;5,54;0,21;0,00;5,75;;
019;927;202607;202607;2721100U;00; IENV;R;861;687,50;0,010490;7,21;0,27;0,00;7,49;;
019;927;202607;202607;2721100X;00; IENV;R;809;790,40;0,010490;8,29;0,31;0,00;8,61;;
019;927;202607;202607;2802600G;00; IENV;R;3;1,50;0,010490;0,02;0,00;0,00;0,02;;
019;927;202607;202607;2802600I;00; IENV;R;5;4,50;0,010490;0,05;0,00;0,00;0,05;;
019;927;202607;202607;2802600L;00; IENV;R;8;4,20;0,010490;0,04;0,00;0,00;0,05;;
019;927;202607;202607;2802600M;00; IENV;R;2;1,00;0,010490;0,01;0,00;0,00;0,01;;
019;927;202607;202607;2821100H;00; IENV;R;71;36,20;0,010490;0,38;0,01;0,00;0,39;;
019;927;202607;202607;2821100I;00; IENV;R;61;46,80;0,010490;0,49;0,02;0,00;0,51;;
019;927;202607;202607;2821100L;00; IENV;R;93;63,00;0,010490;0,66;0,03;0,00;0,69;;
019;927;202607;202607;2821100M;00; IENV;R;79;40,70;0,010490;0,43;0,02;0,00;0,44;;
019;927;202607;202607;2821100O;00; IENV;R;74;52,30;0,010490;0,55;0,02;0,00;0,57;;
019;927;202607;202607;2821100P;00; IENV;R;90;64,50;0,010490;0,68;0,03;0,00;0,70;;
019;927;202607;202606;2802600L;00; LENV;N;2;1,00;0,014990;0,01;0,00;0,00;0,02;;
019;927;202607;202607;2702600M;00; LENV;N;657459;338472,30;0,014990;5073,70;192,21;0,00;5265,91;;
019;927;202607;202607;2702600O;00; LENV;N;654075;336588,40;0,014990;5045,46;191,14;0,00;5236,60;;
019;927;202607;202607;2702600R;00; LENV;N;654484;336772,80;0,014990;5048,22;191,24;0,00;5239,46;;
019;927;202607;202607;2702600S;00; LENV;N;657482;338012,70;0,014990;5066,81;191,94;0,00;5258,75;;
019;927;202607;202607;2721100L;00; LENV;N;14354;13420,10;0,014990;201,17;7,62;0,00;208,79;;
019;927;202607;202607;2721100M;00; LENV;N;14507;13320,70;0,014990;199,68;7,56;0,00;207,24;;
019;927;202607;202607;2721100P;00; LENV;N;163;83,50;0,014990;1,25;0,05;0,00;1,30;;
019;927;202607;202607;2721100Q;00; LENV;N;159;83,70;0,014990;1,25;0,05;0,00;1,30;;
019;927;202607;202607;2721100R;00; LENV;N;14427;14193,30;0,014990;212,76;8,06;0,00;220,82;;
019;927;202607;202607;2721100S;00; LENV;N;160;85,50;0,014990;1,28;0,05;0,00;1,33;;
019;927;202607;202607;2721100T;00; LENV;N;135;73,20;0,014990;1,10;0,04;0,00;1,14;;
019;927;202607;202607;2721100U;00; LENV;N;146;78,20;0,014990;1,17;0,04;0,00;1,22;;
019;927;202607;202607;2721100V;00; LENV;N;14459;14378,30;0,014990;215,53;8,16;0,00;223,70;;
019;927;202607;202607;2721100X;00; LENV;N;161;83,50;0,014990;1,25;0,05;0,00;1,30;;
019;927;202607;202607;2721100Y;00; LENV;N;14499;12940,80;0,014990;193,98;7,35;0,00;201,33;;
019;927;202607;202607;2721100Z;00; LENV;N;14548;14414,50;0,014990;216,07;8,19;0,00;224,26;;
019;927;202607;202607;2742700R;00; LENV;N;710;386,00;0,014990;5,79;0,22;0,00;6,01;;
019;927;202607;202607;2742700S;00; LENV;N;668;379,60;0,014990;5,69;0,22;0,00;5,91;;
019;927;202607;202607;2742700T;00; LENV;N;326;169,80;0,014990;2,55;0,10;0,00;2,64;;
019;927;202607;202607;2742700U;00; LENV;N;372;205,10;0,014990;3,07;0,12;0,00;3,19;;
019;927;202607;202607;2802600G;00; LENV;N;50378;25687,30;0,014990;385,05;14,59;0,00;399,64;;
019;927;202607;202607;2802600I;00; LENV;N;50031;25514,80;0,014990;382,47;14,49;0,00;396,96;;
019;927;202607;202607;2802600L;00; LENV;N;50183;25626,80;0,014990;384,15;14,55;0,00;398,70;;
019;927;202607;202607;2802600M;00; LENV;N;49943;25427,00;0,014990;381,15;14,44;0,00;395,59;;
019;927;202607;202607;2821100E;00; LENV;N;1115;1399,90;0,014990;20,98;0,79;0,00;21,78;;
019;927;202607;202607;2821100H;00; LENV;N;20;10,00;0,014990;0,15;0,01;0,00;0,16;;
019;927;202607;202607;2821100I;00; LENV;N;18;11,30;0,014990;0,17;0,01;0,00;0,18;;
019;927;202607;202607;2821100K;00; LENV;N;1118;1257,50;0,014990;18,85;0,71;0,00;19,56;;
019;927;202607;202607;2821100L;00; LENV;N;11;5,60;0,014990;0,08;0,00;0,00;0,09;;
019;927;202607;202607;2821100M;00; LENV;N;8;4,00;0,014990;0,06;0,00;0,00;0,06;;
019;927;202607;202607;2821100N;00; LENV;N;1158;1189,80;0,014990;17,84;0,68;0,00;18,51;;
019;927;202607;202607;2821100O;00; LENV;N;14;7,60;0,014990;0,11;0,00;0,00;0,12;;
019;927;202607;202607;2821100P;00; LENV;N;8;4,00;0,014990;0,06;0,00;0,00;0,06;;
019;927;202607;202607;2821100Q;00; LENV;N;1166;1471,50;0,014990;22,06;0,84;0,00;22,89;;
019;927;202607;202607;2821100R;00; LENV;N;1105;1188,90;0,014990;17,82;0,68;0,00;18,50;;
019;927;202607;202607;2821100S;00; LENV;N;1146;1240,40;0,014990;18,59;0,70;0,00;19,30;;
019;927;202607;202607;2842700H;00; LENV;N;59;237,40;0,014990;3,56;0,13;0,00;3,69;;
019;927;202607;202607;2842700I;00; LENV;N;21;11,70;0,014990;0,18;0,01;0,00;0,18;;
019;927;202607;202607;2842700J;00; LENV;N;45;28,10;0,014990;0,42;0,02;0,00;0,44;;
019;927;202607;202607;2842700K;00; LENV;N;42;23,10;0,014990;0,35;0,01;0,00;0,36;;
019;927;202607;202607;2702600M;00; LENV;R;564;359,20;0,010490;3,77;0,14;0,00;3,91;;
019;927;202607;202607;2702600O;00; LENV;R;550;342,70;0,010490;3,59;0,14;0,00;3,73;;
019;927;202607;202607;2702600R;00; LENV;R;552;384,10;0,010490;4,03;0,15;0,00;4,18;;
019;927;202607;202607;2702600S;00; LENV;R;539;351,10;0,010490;3,68;0,14;0,00;3,82;;
019;927;202607;202607;2721100L;00; LENV;R;360;1016,30;0,010490;10,66;0,40;0,00;11,06;;
019;927;202607;202607;2721100M;00; LENV;R;383;817,30;0,010490;8,57;0,32;0,00;8,90;;
019;927;202607;202607;2721100P;00; LENV;R;34;17,00;0,010490;0,18;0,01;0,00;0,19;;
019;927;202607;202607;2721100Q;00; LENV;R;36;18,10;0,010490;0,19;0,01;0,00;0,20;;
019;927;202607;202607;2721100R;00; LENV;R;392;759,70;0,010490;7,97;0,30;0,00;8,27;;
019;927;202607;202607;2721100S;00; LENV;R;39;19,60;0,010490;0,21;0,01;0,00;0,21;;
019;927;202607;202607;2721100T;00; LENV;R;31;15,50;0,010490;0,16;0,01;0,00;0,17;;
019;927;202607;202607;2721100U;00; LENV;R;38;19,00;0,010490;0,20;0,01;0,00;0,21;;
019;927;202607;202607;2721100V;00; LENV;R;383;905,10;0,010490;9,49;0,36;0,00;9,85;;
019;927;202607;202607;2721100X;00; LENV;R;39;19,50;0,010490;0,20;0,01;0,00;0,21;;
019;927;202607;202607;2721100Y;00; LENV;R;413;1422,90;0,010490;14,93;0,57;0,00;15,49;;
019;927;202607;202607;2721100Z;00; LENV;R;370;1010,50;0,010490;10,60;0,40;0,00;11,00;;
019;927;202607;202607;2742700R;00; LENV;R;2;1,20;0,010490;0,01;0,00;0,00;0,01;;
019;927;202607;202607;2742700S;00; LENV;R;1;0,50;0,010490;0,01;0,00;0,00;0,01;;
019;927;202607;202607;2742700U;00; LENV;R;1;0,60;0,010490;0,01;0,00;0,00;0,01;;
019;927;202607;202607;2802600G;00; LENV;R;30;15,20;0,010490;0,16;0,01;0,00;0,17;;
019;927;202607;202607;2802600I;00; LENV;R;35;17,70;0,010490;0,19;0,01;0,00;0,19;;
019;927;202607;202607;2802600L;00; LENV;R;25;12,50;0,010490;0,13;0,00;0,00;0,14;;
019;927;202607;202607;2802600M;00; LENV;R;31;15,50;0,010490;0,16;0,01;0,00;0,17;;
019;927;202607;202607;2821100E;00; LENV;R;73;111,60;0,010490;1,17;0,04;0,00;1,22;;
019;927;202607;202607;2821100H;00; LENV;R;2;1,00;0,010490;0,01;0,00;0,00;0,01;;
019;927;202607;202607;2821100I;00; LENV;R;2;1,00;0,010490;0,01;0,00;0,00;0,01;;
019;927;202607;202607;2821100K;00; LENV;R;67;73,80;0,010490;0,77;0,03;0,00;0,80;;
019;927;202607;202607;2821100L;00; LENV;R;3;1,50;0,010490;0,02;0,00;0,00;0,02;;
019;927;202607;202607;2821100M;00; LENV;R;2;1,00;0,010490;0,01;0,00;0,00;0,01;;
019;927;202607;202607;2821100N;00; LENV;R;78;127,50;0,010490;1,34;0,05;0,00;1,39;;
019;927;202607;202607;2821100O;00; LENV;R;1;0,50;0,010490;0,01;0,00;0,00;0,01;;
019;927;202607;202607;2821100P;00; LENV;R;4;2,00;0,010490;0,02;0,00;0,00;0,02;;
019;927;202607;202607;2821100Q;00; LENV;R;69;217,80;0,010490;2,28;0,09;0,00;2,37;;
019;927;202607;202607;2821100R;00; LENV;R;72;130,60;0,010490;1,37;0,05;0,00;1,42;;
019;927;202607;202607;2821100S;00; LENV;R;65;65,40;0,010490;0,69;0,03;0,00;0,71;;
019;927;202607;202607;2721100R;00; LSAV;N;7;9,80;0,014990;0,15;0,01;0,00;0,15;;
019;927;202607;202607;2721100V;00; LSAV;N;16;25,50;0,014990;0,38;0,01;0,00;0,40;;
019;927;202607;202607;2721100Y;00; LSAV;N;14;31,70;0,014990;0,48;0,02;0,00;0,49;;
019;927;202607;202607;2721100Z;00; LSAV;N;5;10,30;0,014990;0,15;0,01;0,00;0,16;;
019;927;202607;202607;2821100N;00; LSAV;N;2;1,40;0,014990;0,02;0,00;0,00;0,02;;
019;927;202607;202607;2821100Q;00; LSAV;N;2;1,30;0,014990;0,02;0,00;0,00;0,02;;
019;927;202607;202607;2721100R;00; LSAV;R;1;1,20;0,010490;0,01;0,00;0,00;0,01;;
019;927;202607;202607;2721100V;00; LSAV;R;3;41,90;0,010490;0,44;0,02;0,00;0,46;;
019;927;202607;202607;2721100Y;00; LSAV;R;5;21,50;0,010490;0,23;0,01;0,00;0,23;;
019;927;202607;202607;2721100Z;00; LSAV;R;1;0,70;0,010490;0,01;0,00;0,00;0,01;;
019;927;202607;202606;27008001;00; NENV;N;3;1,50;0,014990;0,02;0,00;0,00;0,02;;
019;927;202607;202606;27008002;00; NENV;N;4;10,50;0,014990;0,16;0,01;0,00;0,16;;
019;927;202607;202606;2702600M;00; NENV;N;2;2,40;0,014990;0,04;0,00;0,00;0,04;;
019;927;202607;202606;2702600R;00; NENV;N;2;11,90;0,014990;0,18;0,01;0,00;0,19;;
019;927;202607;202606;27351002;00; NENV;N;1;0,50;0,014990;0,01;0,00;0,00;0,01;;
019;927;202607;202607;27008001;00; NENV;N;21;25,70;0,014990;0,39;0,01;0,00;0,40;;
019;927;202607;202607;27008002;00; NENV;N;23;79,90;0,014990;1,20;0,05;0,00;1,24;;
019;927;202607;202607;2702600M;00; NENV;N;212036;253177,50;0,014990;3795,13;143,77;0,00;3938,90;;
019;927;202607;202607;2702600O;00; NENV;N;212865;256114,00;0,014990;3839,15;145,44;0,00;3984,59;;
019;927;202607;202607;2702600R;00; NENV;N;214369;253817,40;0,014990;3804,72;144,13;0,00;3948,86;;
019;927;202607;202607;2702600S;00; NENV;N;212904;253496,70;0,014990;3799,92;143,95;0,00;3943,87;;
019;927;202607;202607;2721100L;00; NENV;N;2;1,10;0,014990;0,02;0,00;0,00;0,02;;
019;927;202607;202607;2721100P;00; NENV;N;44158;27437,50;0,014990;411,29;15,58;0,00;426,87;;
019;927;202607;202607;2721100Q;00; NENV;N;43908;26698,60;0,014990;400,21;15,16;0,00;415,37;;
019;927;202607;202607;2721100R;00; NENV;N;2;4,30;0,014990;0,06;0,00;0,00;0,07;;
019;927;202607;202607;2721100S;00; NENV;N;44421;27510,60;0,014990;412,38;15,62;0,00;428,01;;
019;927;202607;202607;2721100T;00; NENV;N;44303;27240,60;0,014990;408,34;15,47;0,00;423,81;;
019;927;202607;202607;2721100U;00; NENV;N;44265;26862,60;0,014990;402,67;15,25;0,00;417,92;;
019;927;202607;202607;2721100X;00; NENV;N;44309;27280,00;0,014990;408,93;15,49;0,00;424,42;;
019;927;202607;202607;27351002;00; NENV;N;2;1,00;0,014990;0,01;0,00;0,00;0,02;;
019;927;202607;202607;2802600G;00; NENV;N;28236;52081,40;0,014990;780,70;29,58;0,00;810,28;;
019;927;202607;202607;2802600I;00; NENV;N;28288;50563,70;0,014990;757,95;28,71;0,00;786,66;;
019;927;202607;202607;2802600L;00; NENV;N;28238;51069,60;0,014990;765,53;29,00;0,00;794,53;;
019;927;202607;202607;2802600M;00; NENV;N;28508;50593,20;0,014990;758,39;28,73;0,00;787,12;;
019;927;202607;202607;2821100H;00; NENV;N;3366;2419,80;0,014990;36,27;1,37;0,00;37,65;;
019;927;202607;202607;2821100I;00; NENV;N;3362;2223,10;0,014990;33,32;1,26;0,00;34,59;;
019;927;202607;202607;2821100L;00; NENV;N;3431;2247,30;0,014990;33,69;1,28;0,00;34,96;;
019;927;202607;202607;2821100M;00; NENV;N;3631;2496,60;0,014990;37,42;1,42;0,00;38,84;;
019;927;202607;202607;2821100O;00; NENV;N;3540;2389,50;0,014990;35,82;1,36;0,00;37,18;;
019;927;202607;202607;2821100P;00; NENV;N;3494;2374,50;0,014990;35,59;1,35;0,00;36,94;;
019;927;202607;202607;2842700H;00; NENV;N;1;0,50;0,014990;0,01;0,00;0,00;0,01;;
019;927;202607;202607;2842700K;00; NENV;N;1;0,50;0,014990;0,01;0,00;0,00;0,01;;
019;927;202607;202607;2702600M;00; NENV;R;10012;49577,60;0,010490;520,07;19,70;0,00;539,77;;
019;927;202607;202607;2702600O;00; NENV;R;10040;50711,50;0,010490;531,96;20,15;0,00;552,12;;
019;927;202607;202607;2702600R;00; NENV;R;9819;46825,50;0,010490;491,20;18,61;0,00;509,81;;
019;927;202607;202607;2702600S;00; NENV;R;9955;49614,50;0,010490;520,46;19,72;0,00;540,17;;
019;927;202607;202607;2721100P;00; NENV;R;2131;1348,70;0,010490;14,15;0,54;0,00;14,68;;
019;927;202607;202607;2721100Q;00; NENV;R;2124;1320,40;0,010490;13,85;0,52;0,00;14,38;;
019;927;202607;202607;2721100S;00; NENV;R;2109;1268,20;0,010490;13,30;0,50;0,00;13,81;;
019;927;202607;202607;2721100T;00; NENV;R;2139;1218,60;0,010490;12,78;0,48;0,00;13,27;;
019;927;202607;202607;2721100U;00; NENV;R;2083;1205,90;0,010490;12,65;0,48;0,00;13,13;;
019;927;202607;202607;2721100X;00; NENV;R;2122;1404,50;0,010490;14,73;0,56;0,00;15,29;;
019;927;202607;202607;2802600G;00; NENV;R;2318;9658,60;0,010490;101,32;3,84;0,00;105,16;;
019;927;202607;202607;2802600I;00; NENV;R;2283;9874,30;0,010490;103,58;3,92;0,00;107,51;;
019;927;202607;202607;2802600L;00; NENV;R;2266;11217,50;0,010490;117,67;4,46;0,00;122,13;;
019;927;202607;202607;2802600M;00; NENV;R;2298;10570,50;0,010490;110,88;4,20;0,00;115,09;;
019;927;202607;202607;2821100H;00; NENV;R;156;91,30;0,010490;0,96;0,04;0,00;0,99;;
019;927;202607;202607;2821100I;00; NENV;R;183;95,80;0,010490;1,00;0,04;0,00;1,04;;
019;927;202607;202607;2821100L;00; NENV;R;168;119,60;0,010490;1,25;0,05;0,00;1,30;;
019;927;202607;202607;2821100M;00; NENV;R;157;86,90;0,010490;0,91;0,03;0,00;0,95;;
019;927;202607;202607;2821100O;00; NENV;R;159;81,30;0,010490;0,85;0,03;0,00;0,89;;
019;927;202607;202607;2821100P;00; NENV;R;153;79,60;0,010490;0,84;0,03;0,00;0,87;;
019;927;202607;202607;2721100S;00; NENV;R;1;0,50;0,014990;0,01;0,00;0,00;0,01;;
019;927;202607;202607;2721100T;00; NSAV;N;5;64,80;0,014990;0,97;0,04;0,00;1,01;;
019;927;202607;202607;2721100U;00; NSAV;N;4;8,40;0,014990;0,13;0,00;0,00;0,13;;
019;927;202607;202607;2721100X;00; NSAV;N;5;11,60;0,014990;0,17;0,01;0,00;0,18;;
019;927;202607;202607;2821100M;00; NSAV;N;1;0,70;0,014990;0,01;0,00;0,00;0,01;;
019;927;202607;202607;2721100T;00; NSAV;R;5;40,70;0,010490;0,43;0,02;0,00;0,44;;
019;927;202607;202607;2721100U;00; NSAV;R;1;0,50;0,010490;0,01;0,00;0,00;0,01;;
019;927;202607;202607;2721100X;00; NSAV;R;1;3,70;0,010490;0,04;0,00;0,00;0,04;;
019;927;202607;202607;2821100M;00; NSAV;R;1;77,70;0,010490;0,82;0,03;0,00;0,85;;
019;927;202607;202607;2700100S;00; NSNV;N;1;49,30;0,014990;0,74;0,03;0,00;0,77;;
019;927;202607;202607;2700100U;00; NSNV;N;4;5,90;0,014990;0,09;0,00;0,00;0,09;;
019;927;202607;202607;2721100S;00; NSNV;N;1;0,50;0,014990;0,01;0,00;0,00;0,01;;
019;927;202607;202607;2721100T;00; NSNV;N;259;763,50;0,014990;11,44;0,43;0,00;11,88;;
019;927;202607;202607;2721100U;00; NSNV;N;228;575,70;0,014990;8,63;0,33;0,00;8,96;;
019;927;202607;202607;2721100X;00; NSNV;N;254;576,40;0,014990;8,64;0,33;0,00;8,97;;
019;927;202607;202607;2742700R;00; NSNV;N;1;2,40;0,014990;0,04;0,00;0,00;0,04;;
019;927;202607;202607;2742700S;00; NSNV;N;1;7,20;0,014990;0,11;0,00;0,00;0,11;;
019;927;202607;202607;2742700T;00; NSNV;N;4;6,60;0,014990;0,10;0,00;0,00;0,10;;
019;927;202607;202607;2742700U;00; NSNV;N;2;1,00;0,014990;0,01;0,00;0,00;0,02;;
019;927;202607;202607;2800100P;00; NSNV;N;9;24,30;0,014990;0,36;0,01;0,00;0,38;;
019;927;202607;202607;2800100V;00; NSNV;N;2;1,40;0,014990;0,02;0,00;0,00;0,02;;
019;927;202607;202607;2821100L;00; NSNV;N;23;36,00;0,014990;0,54;0,02;0,00;0,56;;
019;927;202607;202607;2821100M;00; NSNV;N;130;284,00;0,014990;4,26;0,16;0,00;4,42;;
019;927;202607;202607;2821100O;00; NSNV;N;105;205,20;0,014990;3,08;0,12;0,00;3,19;;
019;927;202607;202607;2821100P;00; NSNV;N;19;89,80;0,014990;1,35;0,05;0,00;1,40;;
019;927;202607;202607;2842700H;00; NSNV;N;12;13,70;0,014990;0,21;0,01;0,00;0,21;;
019;927;202607;202607;2842700I;00; NSNV;N;18;100,90;0,014990;1,51;0,06;0,00;1,57;;
019;927;202607;202607;2842700J;00; NSNV;N;18;17,90;0,014990;0,27;0,01;0,00;0,28;;
019;927;202607;202607;2842700K;00; NSNV;N;18;18,00;0,014990;0,27;0,01;0,00;0,28;;
019;927;202607;202607;2700100U;00; NSNV;R;1;9,00;0,010490;0,09;0,00;0,00;0,10;;
019;927;202607;202607;2721100T;00; NSNV;R;52;70,90;0,010490;0,74;0,03;0,00;0,77;;
019;927;202607;202607;2721100U;00; NSNV;R;51;114,70;0,010490;1,20;0,05;0,00;1,25;;
019;927;202607;202607;2721100X;00; NSNV;R;49;60,10;0,010490;0,63;0,02;0,00;0,65;;
019;927;202607;202607;2742700T;00; NSNV;R;1;2,10;0,010490;0,02;0,00;0,00;0,02;;
019;927;202607;202607;2742700U;00; NSNV;R;3;2,90;0,010490;0,03;0,00;0,00;0,03;;
019;927;202607;202607;2800100V;00; NSNV;R;1;0,80;0,010490;0,01;0,00;0,00;0,01;;
019;927;202607;202607;2821100L;00; NSNV;R;5;4,90;0,010490;0,05;0,00;0,00;0,05;;
019;927;202607;202607;2821100M;00; NSNV;R;21;29,10;0,010490;0,31;0,01;0,00;0,32;;
019;927;202607;202607;2821100O;00; NSNV;R;8;7,20;0,010490;0,08;0,00;0,00;0,08;;
019;927;202607;202607;2821100P;00; NSNV;R;4;9,50;0,010490;0,10;0,00;0,00;0,10;;
019;927;202607;202607;2842700H;00; NSNV;R;5;4,00;0,010490;0,04;0,00;0,00;0,04;;
019;927;202607;202607;2842700J;00; NSNV;R;4;5,20;0,010490;0,05;0,00;0,00;0,06;;
019;927;202607;202607;2842700K;00; NSNV;R;4;4,10;0,010490;0,04;0,00;0,00;0,04;;
;;;;;01;;;4371544;3277514,80;;47962,53;1816,94;0,00;49779,61;;
022;982;202607;202607;82211006;00; IENV;N;49;25,10;0,014990;0,38;0,01;0,00;0,39;;
022;982;202607;202607;82231001;00; IENV;N;1;0,50;0,014990;0,01;0,00;0,00;0,01;;
022;982;202607;202607;82231002;00; IENV;N;6;3,20;0,014990;0,05;0,00;0,00;0,05;;
022;982;202607;202607;82452005;00; IENV;N;72;36,20;0,014990;0,54;0,02;0,00;0,56;;
022;982;202607;202607;82452006;00; IENV;N;198873;101389,60;0,014990;1519,83;57,58;0,00;1577,41;;
022;982;202607;202607;82452006;00; IENV;R;2089;1081,10;0,010490;11,34;0,43;0,00;11,77;;
022;982;202607;202607;82211006;00; LENV;N;7;3,80;0,014990;0,06;0,00;0,00;0,06;;
022;982;202607;202607;82211007;00; LENV;N;50129;36874,20;0,014990;552,74;20,94;0,00;573,68;;
022;982;202607;202607;82452005;00; LENV;N;429;215,30;0,014990;3,23;0,12;0,00;3,35;;
022;982;202607;202607;82452006;00; LENV;N;1245334;627936,00;0,014990;9412,76;356,58;0,00;9769,34;;
022;982;202607;202607;82211007;00; LENV;R;2321;1996,90;0,010490;20,95;0,79;0,00;21,74;;
022;982;202607;202607;82452006;00; LENV;R;2;1,00;0,010490;0,01;0,00;0,00;0,01;;
022;982;202607;202606;8207200S;00; NENV;N;1;0,50;0,014990;0,01;0,00;0,00;0,01;;
022;982;202607;202606;82282001;00; NENV;N;3;1,60;0,014990;0,02;0,00;0,00;0,02;;
022;982;202607;202607;8207200Q;00; NENV;N;2;1,60;0,014990;0,02;0,00;0,00;0,02;;
022;982;202607;202607;8207200S;00; NENV;N;2;1,00;0,014990;0,01;0,00;0,00;0,02;;
022;982;202607;202607;82211006;00; NENV;N;110718;70015,70;0,014990;1049,54;39,76;0,00;1089,29;;
022;982;202607;202607;82231001;00; NENV;N;125;68,30;0,014990;1,02;0,04;0,00;1,06;;
022;982;202607;202607;82231002;00; NENV;N;129;66,30;0,014990;0,99;0,04;0,00;1,03;;
022;982;202607;202607;82282001;00; NENV;N;5;2,50;0,014990;0,04;0,00;0,00;0,04;;
022;982;202607;202607;82452005;00; NENV;N;854;492,00;0,014990;7,38;0,28;0,00;7,65;;
022;982;202607;202607;82452006;00; NENV;N;2748883;1733426,80;0,014990;25984,07;984,35;0,00;26968,41;;
022;982;202607;202607;82211006;00; NENV;R;431;1099,10;0,010490;11,53;0,44;0,00;11,97;;
022;982;202607;202607;82452006;00; NENV;R;31395;121910,80;0,010490;1278,84;48,45;0,00;1327,29;;
022;982;202607;202607;82211006;00; NSAV;N;1;1,60;0,014990;0,02;0,00;0,00;0,02;;
022;982;202607;202607;8207200S;00; NSNV;N;6;3,00;0,014990;0,04;0,00;0,00;0,05;;
022;982;202607;202607;82211006;00; NSNV;N;497;1094,50;0,014990;16,41;0,62;0,00;17,03;;
022;982;202607;202607;82452006;00; NSNV;N;4;2,00;0,014990;0,03;0,00;0,00;0,03;;
022;982;202607;202607;82211006;00; NSNV;R;123;194,40;0,010490;2,04;0,08;0,00;2,12;;
;;;;;01;;;4392491;2697944,60;;39873,91;1510,53;0,00;41384,43;;
023;981;202607;202607;81211017;00; IENV;N;34;17,20;0,014990;0,26;0,01;0,00;0,27;;
023;981;202607;202607;8145700L;00; IENV;N;356469;181962,90;0,014990;2727,62;103,33;0,00;2830,95;;
023;981;202607;202607;8145700M;00; IENV;N;261494;133452,90;0,014990;2000,46;75,78;0,00;2076,24;;
023;981;202607;202607;8721100B;00; IENV;N;5;2,80;0,014990;0,04;0,00;0,00;0,04;;
023;981;202607;202607;87231001;00; IENV;N;16;8,00;0,014990;0,12;0,00;0,00;0,12;;
023;981;202607;202607;87231002;00; IENV;N;21;10,50;0,014990;0,16;0,01;0,00;0,16;;
023;981;202607;202607;87231003;00; IENV;N;18;9,00;0,014990;0,13;0,01;0,00;0,14;;
023;981;202607;202607;87231004;00; IENV;N;18;9,00;0,014990;0,13;0,01;0,00;0,14;;
023;981;202607;202607;87457006;00; IENV;N;1;0,50;0,014990;0,01;0,00;0,00;0,01;;
023;981;202607;202607;87457008;00; IENV;N;72382;36592,10;0,014990;548,52;20,78;0,00;569,29;;
023;981;202607;202607;8745700B;00; IENV;N;97205;49276,30;0,014990;738,65;27,98;0,00;766,63;;
023;981;202607;202607;8145700L;00; IENV;R;3902;2089,10;0,010490;21,91;0,83;0,00;22,74;;
023;981;202607;202607;8145700M;00; IENV;R;2936;1640,00;0,010490;17,20;0,65;0,00;17,86;;
023;981;202607;202607;87231001;00; IENV;R;1;0,50;0,010490;0,01;0,00;0,00;0,01;;
023;981;202607;202607;87231003;00; IENV;R;1;0,50;0,010490;0,01;0,00;0,00;0,01;;
023;981;202607;202607;87457008;00; IENV;R;932;476,20;0,010490;5,00;0,19;0,00;5,18;;
023;981;202607;202607;8745700B;00; IENV;R;1300;663,60;0,010490;6,96;0,26;0,00;7,22;;
023;981;202607;202607;8100101A;00; LENV;N;20;26,80;0,014990;0,40;0,02;0,00;0,42;;
023;981;202607;202607;8100101H;00; LENV;N;18;17,50;0,014990;0,26;0,01;0,00;0,27;;
023;981;202607;202607;8108101E;00; LENV;N;8;4,90;0,014990;0,07;0,00;0,00;0,08;;
023;981;202607;202607;8108101F;00; LENV;N;26;13,30;0,014990;0,20;0,01;0,00;0,21;;
023;981;202607;202607;8108101G;00; LENV;N;7;3,90;0,014990;0,06;0,00;0,00;0,06;;
023;981;202607;202607;8108101J;00; LENV;N;34;21,30;0,014990;0,32;0,01;0,00;0,33;;
023;981;202607;202607;81211017;00; LENV;N;1;0,50;0,014990;0,01;0,00;0,00;0,01;;
023;981;202607;202607;81211018;00; LENV;N;146962;118230,80;0,014990;1772,28;67,14;0,00;1839,42;;
023;981;202607;202607;8145700D;00; LENV;N;14;9,70;0,014990;0,15;0,01;0,00;0,15;;
023;981;202607;202607;8145700G;00; LENV;N;16;40,20;0,014990;0,60;0,02;0,00;0,63;;
023;981;202607;202607;8145700L;00; LENV;N;7205462;3630417,80;0,014990;54419,96;2061,58;0,00;56481,54;;
023;981;202607;202607;8145700M;00; LENV;N;5339507;2689599,00;0,014990;40317,09;1527,32;0,00;41844,41;;
023;981;202607;202607;8145700O;00; LENV;N;34;56,70;0,014990;0,85;0,03;0,00;0,88;;
023;981;202607;202607;81895002;00; LENV;N;244;141,80;0,014990;2,13;0,08;0,00;2,21;;
023;981;202607;202607;81895007;00; LENV;N;12;9,20;0,014990;0,14;0,01;0,00;0,14;;
023;981;202607;202607;8700100K;00; LENV;N;1;0,50;0,014990;0,01;0,00;0,00;0,01;;
023;981;202607;202607;8708100D;00; LENV;N;2;1,80;0,014990;0,03;0,00;0,00;0,03;;
023;981;202607;202607;8708100E;00; LENV;N;7;4,00;0,014990;0,06;0,00;0,00;0,06;;
023;981;202607;202607;8708100F;00; LENV;N;2;1,00;0,014990;0,01;0,00;0,00;0,02;;
023;981;202607;202607;8708100G;00; LENV;N;6;3,30;0,014990;0,05;0,00;0,00;0,05;;
023;981;202607;202607;8721100A;00; LENV;N;8567;8372,40;0,014990;125,50;4,75;0,00;130,26;;
023;981;202607;202607;87457005;00; LENV;N;1;0,80;0,014990;0,01;0,00;0,00;0,01;;
023;981;202607;202607;87457008;00; LENV;N;2955;2520,60;0,014990;37,78;1,43;0,00;39,22;;
023;981;202607;202607;8745700B;00; LENV;N;3854;3295,70;0,014990;49,40;1,87;0,00;51,27;;
023;981;202607;202607;8100101A;00; LENV;R;2;1,60;0,010490;0,02;0,00;0,00;0,02;;
023;981;202607;202607;8100101H;00; LENV;R;1;0,50;0,010490;0,01;0,00;0,00;0,01;;
023;981;202607;202607;81211018;00; LENV;R;9584;10414,00;0,010490;109,24;4,14;0,00;113,38;;
023;981;202607;202607;8145700L;00; LENV;R;11466;5905,30;0,010490;61,95;2,35;0,00;64,29;;
023;981;202607;202607;8145700M;00; LENV;R;8356;4231,80;0,010490;44,39;1,68;0,00;46,07;;
023;981;202607;202607;8721100A;00; LENV;R;146;282,10;0,010490;2,96;0,11;0,00;3,07;;
023;981;202607;202607;87457008;00; LENV;R;67;83,70;0,010490;0,88;0,03;0,00;0,91;;
023;981;202607;202607;8745700B;00; LENV;R;85;181,70;0,010490;1,91;0,07;0,00;1,98;;
023;981;202607;202607;81211018;00; LSAV;N;16;54,60;0,014990;0,82;0,03;0,00;0,85;;
023;981;202607;202607;81211019;00; LSAV;N;14;46,20;0,014990;0,69;0,03;0,00;0,72;;
023;981;202607;202607;8721100A;00; LSAV;N;11;21,20;0,014990;0,32;0,01;0,00;0,33;;
023;981;202607;202607;8721100G;00; LSAV;N;39;119,70;0,014990;1,79;0,07;0,00;1,86;;
023;981;202607;202607;81211018;00; LSAV;R;1;1,30;0,010490;0,01;0,00;0,00;0,01;;
023;981;202607;202607;81211019;00; LSAV;R;2;28,40;0,010490;0,30;0,01;0,00;0,31;;
023;981;202607;202607;8721100A;00; LSAV;R;1;0,80;0,010490;0,01;0,00;0,00;0,01;;
023;981;202607;202607;8721100G;00; LSAV;R;4;6,10;0,010490;0,06;0,00;0,00;0,07;;
023;981;202607;202607;81211017;00; NEAV;N;2;1,00;0,014990;0,01;0,00;0,00;0,02;;
023;981;202607;202607;81211017;00; NEAV;R;1;0,50;0,010490;0,01;0,00;0,00;0,01;;
023;981;202607;202607;8721100B;00; NEAV;R;1;0,50;0,010490;0,01;0,00;0,00;0,01;;
023;981;202607;202606;8135700D;00; NENV;N;3;1,50;0,014990;0,02;0,00;0,00;0,02;;
023;981;202607;202606;8135700G;00; NENV;N;2;1,00;0,014990;0,01;0,00;0,00;0,02;;
023;981;202607;202606;8135700I;00; NENV;N;3;1,50;0,014990;0,02;0,00;0,00;0,02;;
023;981;202607;202607;81211017;00; NENV;N;209472;151640,60;0,014990;2273,09;86,11;0,00;2359,20;;
023;981;202607;202607;81211018;00; NENV;N;231;140,50;0,014990;2,11;0,08;0,00;2,19;;
023;981;202607;202607;8135700D;00; NENV;N;1;0,50;0,014990;0,01;0,00;0,00;0,01;;
023;981;202607;202607;8135700G;00; NENV;N;2;1,00;0,014990;0,01;0,00;0,00;0,02;;
023;981;202607;202607;8135700I;00; NENV;N;6;3,00;0,014990;0,04;0,00;0,00;0,05;;
023;981;202607;202607;8145700L;00; NENV;N;2588620;1836030,10;0,014990;27522,09;1042,61;0,00;28564,70;;
023;981;202607;202607;8145700M;00; NENV;N;1919193;1361940,60;0,014990;20415,49;773,39;0,00;21188,88;;
023;981;202607;202607;8721100A;00; NENV;N;1;0,50;0,014990;0,01;0,00;0,00;0,01;;
023;981;202607;202607;8721100B;00; NENV;N;35965;27075,80;0,014990;405,87;15,38;0,00;421,24;;
023;981;202607;202607;87231001;00; NENV;N;671;346,50;0,014990;5,19;0,20;0,00;5,39;;
023;981;202607;202607;87231002;00; NENV;N;660;347,60;0,014990;5,21;0,20;0,00;5,41;;
023;981;202607;202607;87231003;00; NENV;N;787;430,80;0,014990;6,46;0,24;0,00;6,70;;
023;981;202607;202607;87231004;00; NENV;N;612;320,80;0,014990;4,81;0,18;0,00;4,99;;
023;981;202607;202607;87457005;00; NENV;N;111;83,40;0,014990;1,25;0,05;0,00;1,30;;
023;981;202607;202607;87457006;00; NENV;N;86;68,30;0,014990;1,02;0,04;0,00;1,06;;
023;981;202607;202607;87457008;00; NENV;N;1607133;914660,10;0,014990;13710,75;519,40;0,00;14230,16;;
023;981;202607;202607;8745700B;00; NENV;N;2239607;1265161,20;0,014990;18964,77;718,44;0,00;19683,20;;
023;981;202607;202607;81211017;00; NENV;R;2057;5844,00;0,010490;61,30;2,32;0,00;63,63;;
023;981;202607;202607;81211018;00; NENV;R;2;1,00;0,010490;0,01;0,00;0,00;0,01;;
023;981;202607;202607;8145700L;00; NENV;R;38792;164933,00;0,010490;1730,15;65,54;0,00;1795,69;;
023;981;202607;202607;8145700M;00; NENV;R;28773;117342,80;0,010490;1230,93;46,63;0,00;1277,56;;
023;981;202607;202607;8721100B;00; NENV;R;2088;2108,90;0,010490;22,12;0,84;0,00;22,96;;
023;981;202607;202607;87231001;00; NENV;R;5;13,70;0,010490;0,14;0,01;0,00;0,15;;
023;981;202607;202607;87231002;00; NENV;R;2;1,10;0,010490;0,01;0,00;0,00;0,01;;
023;981;202607;202607;87231003;00; NENV;R;2;1,40;0,010490;0,01;0,00;0,00;0,02;;
023;981;202607;202607;87231004;00; NENV;R;5;2,60;0,010490;0,03;0,00;0,00;0,03;;
023;981;202607;202607;87457008;00; NENV;R;11134;42157,70;0,010490;442,23;16,75;0,00;458,99;;
023;981;202607;202607;8745700B;00; NENV;R;14784;56306,60;0,010490;590,66;22,38;0,00;613,03;;
023;981;202607;202607;8121101A;00; NSAV;N;1;1,10;0,014990;0,02;0,00;0,00;0,02;;
023;981;202607;202607;8721100E;00; NSAV;N;9;4,50;0,014990;0,07;0,00;0,00;0,07;;
023;981;202607;202607;81211017;00; NSAV;R;1;15,60;0,010490;0,16;0,01;0,00;0,17;;
023;981;202607;202607;8721100E;00; NSAV;R;2;1,00;0,010490;0,01;0,00;0,00;0,01;;
023;981;202607;202607;8108001E;00; NSNV;N;5;3,60;0,014990;0,05;0,00;0,00;0,06;;
023;981;202607;202607;8108001J;00; NSNV;N;10;6,30;0,014990;0,09;0,00;0,00;0,10;;
023;981;202607;202607;81211017;00; NSNV;N;472;1033,90;0,014990;15,50;0,59;0,00;16,09;;
023;981;202607;202607;8121101A;00; NSNV;N;321;806,80;0,014990;12,09;0,46;0,00;12,55;;
023;981;202607;202607;8135700G;00; NSNV;N;2;5,00;0,014990;0,07;0,00;0,00;0,08;;
023;981;202607;202607;8145700G;00; NSNV;N;14;21,70;0,014990;0,33;0,01;0,00;0,34;;
023;981;202607;202607;8145700L;00; NSNV;N;11;9,00;0,014990;0,13;0,01;0,00;0,14;;
023;981;202607;202607;8145700M;00; NSNV;N;4;3,00;0,014990;0,04;0,00;0,00;0,05;;
023;981;202607;202607;8145700O;00; NSNV;N;7;7,50;0,014990;0,11;0,00;0,00;0,12;;
023;981;202607;202607;81G13001;00; NSNV;N;25;12,50;0,014990;0,19;0,01;0,00;0,19;;
023;981;202607;202607;8708000P;00; NSNV;N;7;3,60;0,014990;0,05;0,00;0,00;0,06;;
023;981;202607;202607;8708000Q;00; NSNV;N;7;25,80;0,014990;0,39;0,01;0,00;0,40;;
023;981;202607;202607;8708000X;00; NSNV;N;4;2,00;0,014990;0,03;0,00;0,00;0,03;;
023;981;202607;202607;8708000Y;00; NSNV;N;5;3,70;0,014990;0,06;0,00;0,00;0,06;;
023;981;202607;202607;8721100B;00; NSNV;N;152;296,40;0,014990;4,44;0,17;0,00;4,61;;
023;981;202607;202607;8721100E;00; NSNV;N;177;384,20;0,014990;5,76;0,22;0,00;5,98;;
023;981;202607;202607;87457005;00; NSNV;N;22;56,20;0,014990;0,84;0,03;0,00;0,87;;
023;981;202607;202607;87457008;00; NSNV;N;4;4,20;0,014990;0,06;0,00;0,00;0,07;;
023;981;202607;202607;8745700B;00; NSNV;N;26;32,40;0,014990;0,49;0,02;0,00;0,50;;
023;981;202607;202607;8745700D;00; NSNV;N;23;29,30;0,014990;0,44;0,02;0,00;0,46;;
023;981;202607;202607;8108001E;00; NSNV;R;3;3,20;0,010490;0,03;0,00;0,00;0,03;;
023;981;202607;202607;8108001J;00; NSNV;R;1;1,80;0,010490;0,02;0,00;0,00;0,02;;
023;981;202607;202607;81211017;00; NSNV;R;119;142,50;0,010490;1,49;0,06;0,00;1,55;;
023;981;202607;202607;8121101A;00; NSNV;R;68;126,20;0,010490;1,32;0,05;0,00;1,37;;
023;981;202607;202607;8708000X;00; NSNV;R;1;0,70;0,010490;0,01;0,00;0,00;0,01;;
023;981;202607;202607;8721100B;00; NSNV;R;24;31,90;0,010490;0,33;0,01;0,00;0,35;;
023;981;202607;202607;8721100E;00; NSNV;R;40;77,50;0,010490;0,81;0,03;0,00;0,84;;
023;981;202607;202607;87457005;00; NSNV;R;3;2,10;0,010490;0,02;0,00;0,00;0,02;;
023;981;202607;202607;87457008;00; NSNV;R;4;7,60;0,010490;0,08;0,00;0,00;0,08;;
023;981;202607;202607;8745700B;00; NSNV;R;6;5,30;0,010490;0,06;0,00;0,00;0,06;;
023;981;202607;202607;8745700D;00; NSNV;R;1;0,50;0,010490;0,01;0,00;0,00;0,01;;
;;;;;01;;;22236685;12830522,30;;190461,37;7215,16;0,00;197676,65;;
024;983;202607;202607;83211008;00; IENV;N;96;59,00;0,014990;0,88;0,03;0,00;0,92;;
024;983;202607;202607;83231002;00; IENV;N;1;0,50;0,014990;0,01;0,00;0,00;0,01;;
024;983;202607;202607;83453003;00; IENV;N;15822;8177,50;0,014990;122,58;4,64;0,00;127,22;;
024;983;202607;202607;83453004;00; IENV;N;10668;5371,70;0,014990;80,52;3,05;0,00;83,57;;
024;983;202607;202607;83453005;00; IENV;N;93;46,50;0,014990;0,70;0,03;0,00;0,72;;
024;983;202607;202607;83453006;00; IENV;N;225462;115564,40;0,014990;1732,31;65,62;0,00;1797,93;;
024;983;202607;202607;83453003;00; IENV;R;170;122,80;0,010490;1,29;0,05;0,00;1,34;;
024;983;202607;202607;83453004;00; IENV;R;96;56,70;0,010490;0,59;0,02;0,00;0,62;;
024;983;202607;202607;83453006;00; IENV;R;2182;1318,90;0,010490;13,84;0,52;0,00;14,36;;
024;983;202607;202607;83211007;00; LENV;N;59056;47706,80;0,014990;715,12;27,09;0,00;742,22;;
024;983;202607;202607;83453003;00; LENV;N;335763;169796,10;0,014990;2545,24;96,42;0,00;2641,66;;
024;983;202607;202607;83453004;00; LENV;N;224156;113287,50;0,014990;1698,18;64,33;0,00;1762,51;;
024;983;202607;202607;83453005;00; LENV;N;1480;745,10;0,014990;11,17;0,42;0,00;11,59;;
024;983;202607;202607;83453006;00; LENV;N;4690462;2370909,10;0,014990;35539,93;1346,35;0,00;36886,28;;
024;983;202607;202607;83211007;00; LENV;R;1431;1573,40;0,010490;16,50;0,63;0,00;17,13;;
024;983;202607;202607;83453003;00; LENV;R;582;310,10;0,010490;3,25;0,12;0,00;3,38;;
024;983;202607;202607;83453004;00; LENV;R;392;206,00;0,010490;2,16;0,08;0,00;2,24;;
024;983;202607;202607;83453006;00; LENV;R;8490;5177,90;0,010490;54,32;2,06;0,00;56,37;;
024;983;202607;202606;8300100J;00; NENV;N;1;0,50;0,014990;0,01;0,00;0,00;0,01;;
024;983;202607;202606;83453004;00; NENV;N;1;0,50;0,014990;0,01;0,00;0,00;0,01;;
024;983;202607;202607;8300100J;00; NENV;N;1;0,50;0,014990;0,01;0,00;0,00;0,01;;
024;983;202607;202607;8307300L;00; NENV;N;2;2,00;0,014990;0,03;0,00;0,00;0,03;;
024;983;202607;202607;83211008;00; NENV;N;59610;46547,20;0,014990;697,74;26,43;0,00;724,17;;
024;983;202607;202607;83231001;00; NENV;N;147;81,40;0,014990;1,22;0,05;0,00;1,27;;
024;983;202607;202607;83231002;00; NENV;N;154;77,20;0,014990;1,16;0,04;0,00;1,20;;
024;983;202607;202607;83283001;00; NENV;N;2;1,00;0,014990;0,01;0,00;0,00;0,02;;
024;983;202607;202607;83453003;00; NENV;N;78454;42767,50;0,014990;641,08;24,29;0,00;665,37;;
024;983;202607;202607;83453004;00; NENV;N;52202;28548,90;0,014990;427,95;16,21;0,00;444,16;;
024;983;202607;202607;83453005;00; NENV;N;380;287,60;0,014990;4,31;0,16;0,00;4,47;;
024;983;202607;202607;83453006;00; NENV;N;1419428;1027857,30;0,014990;15407,58;583,68;0,00;15991,26;;
024;983;202607;202607;83211008;00; NENV;R;1079;2681,20;0,010490;28,13;1,07;0,00;29,19;;
024;983;202607;202607;83453003;00; NENV;R;598;418,40;0,010490;4,39;0,17;0,00;4,56;;
024;983;202607;202607;83453004;00; NENV;R;377;280,10;0,010490;2,94;0,11;0,00;3,05;;
024;983;202607;202607;83453006;00; NENV;R;21430;111534,40;0,010490;1170,00;44,32;0,00;1214,32;;
024;983;202607;202607;8307300K;00; NSNV;N;10;19,30;0,014990;0,29;0,01;0,00;0,30;;
024;983;202607;202607;8307300L;00; NSNV;N;1;0,50;0,014990;0,01;0,00;0,00;0,01;;
024;983;202607;202607;83211008;00; NSNV;N;469;1392,10;0,014990;20,87;0,79;0,00;21,66;;
024;983;202607;202607;83453006;00; NSNV;N;7;4,50;0,014990;0,07;0,00;0,00;0,07;;
024;983;202607;202607;83211008;00; NSNV;R;120;340,70;0,010490;3,57;0,14;0,00;3,71;;
024;983;202607;202607;83453006;00; NSNV;R;1;0,50;0,010490;0,01;0,00;0,00;0,01;;
;;;;;01;;;7210876;4103273,30;;60949,98;2308,93;0,00;63258,93;;
028;985;202607;202606;85455008;00; IENV;N;1;0,50;0,014990;0,01;0,00;0,00;0,01;;
028;985;202607;202607;8521100H;00; IENV;N;80;49,20;0,014990;0,74;0,03;0,00;0,77;;
028;985;202607;202607;85455008;00; IENV;N;305310;155748,90;0,014990;2334,68;88,44;0,00;2423,12;;
028;985;202607;202607;88211006;00; IENV;N;153217;77481,20;0,014990;1161,44;44,00;0,00;1205,44;;
028;985;202607;202607;88231002;00; IENV;N;1;0,50;0,014990;0,01;0,00;0,00;0,01;;
028;985;202607;202607;88455009;00; IENV;N;2450;1386,60;0,014990;20,79;0,79;0,00;21,57;;
028;985;202607;202607;85455008;00; IENV;R;3667;2131,70;0,010490;22,36;0,85;0,00;23,21;;
028;985;202607;202607;88211006;00; IENV;R;3121;1590,80;0,010490;16,69;0,63;0,00;17,32;;
028;985;202607;202606;8521100F;00; LENV;N;1;1,00;0,014990;0,01;0,00;0,00;0,02;;
028;985;202607;202606;85455008;00; LENV;N;122;61,30;0,014990;0,92;0,03;0,00;0,95;;
028;985;202607;202606;88211006;00; LENV;N;1;0,50;0,014990;0,01;0,00;0,00;0,01;;
028;985;202607;202607;8508800L;00; LENV;N;2649;1641,50;0,014990;24,61;0,93;0,00;25,54;;
028;985;202607;202607;8508800N;00; LENV;N;2558;1554,10;0,014990;23,30;0,88;0,00;24,18;;
028;985;202607;202607;8521100F;00; LENV;N;124837;100488,20;0,014990;1506,32;57,06;0,00;1563,38;;
028;985;202607;202607;8521100H;00; LENV;N;540;292,40;0,014990;4,38;0,17;0,00;4,55;;
028;985;202607;202607;85455008;00; LENV;N;4653687;2346926,20;0,014990;35180,42;1332,73;0,00;36513,15;;
028;985;202607;202607;8808800M;00; LENV;N;558;336,90;0,014990;5,05;0,19;0,00;5,24;;
028;985;202607;202607;8808800O;00; LENV;N;828;482,40;0,014990;7,23;0,27;0,00;7,51;;
028;985;202607;202607;88211005;00; LENV;N;2025;2074,20;0,014990;31,09;1,18;0,00;32,27;;
028;985;202607;202607;88211006;00; LENV;N;66800;37753,20;0,014990;565,92;21,44;0,00;587,36;;
028;985;202607;202606;8521100F;00; LENV;R;3;14,40;0,010490;0,15;0,01;0,00;0,16;;
028;985;202607;202607;8508800L;00; LENV;R;9;9,80;0,010490;0,10;0,00;0,00;0,11;;
028;985;202607;202607;8508800N;00; LENV;R;6;5,30;0,010490;0,06;0,00;0,00;0,06;;
028;985;202607;202607;8521100F;00; LENV;R;6115;7144,40;0,010490;74,94;2,84;0,00;77,78;;
028;985;202607;202607;8521100H;00; LENV;R;43;24,70;0,010490;0,26;0,01;0,00;0,27;;
028;985;202607;202607;85455008;00; LENV;R;11899;6116,90;0,010490;64,17;2,43;0,00;66,60;;
028;985;202607;202607;88211005;00; LENV;R;95;221,40;0,010490;2,32;0,09;0,00;2,41;;
028;985;202607;202607;88211006;00; LENV;R;440;301,90;0,010490;3,17;0,12;0,00;3,29;;
028;985;202607;202607;8521100F;00; LSAV;N;38;78,70;0,014990;1,18;0,04;0,00;1,22;;
028;985;202607;202607;88211005;00; LSAV;N;5;29,40;0,014990;0,44;0,02;0,00;0,46;;
028;985;202607;202607;8521100F;00; LSAV;R;4;9,10;0,010490;0,10;0,00;0,00;0,10;;
028;985;202607;202607;8521100H;00; NEAV;N;2;1,00;0,014990;0,01;0,00;0,00;0,02;;
028;985;202607;202607;8521100H;00; NEAV;R;2;1,00;0,010490;0,01;0,00;0,00;0,01;;
028;985;202607;202606;8508800N;00; NENV;N;1;0,50;0,014990;0,01;0,00;0,00;0,01;;
028;985;202607;202606;8521100H;00; NENV;N;3;1,60;0,014990;0,02;0,00;0,00;0,02;;
028;985;202607;202606;85285001;00; NENV;N;6;3,10;0,014990;0,05;0,00;0,00;0,05;;
028;985;202607;202606;85318007;00; NENV;N;1;0,50;0,014990;0,01;0,00;0,00;0,01;;
028;985;202607;202606;85455008;00; NENV;N;51;64,60;0,014990;0,97;0,04;0,00;1,01;;
028;985;202607;202606;88211006;00; NENV;N;40;20,00;0,014990;0,30;0,01;0,00;0,31;;
028;985;202607;202606;88455009;00; NENV;N;4;2,00;0,014990;0,03;0,00;0,00;0,03;;
028;985;202607;202607;8521100F;00; NENV;N;1;0,50;0,014990;0,01;0,00;0,00;0,01;;
028;985;202607;202607;8521100H;00; NENV;N;111449;85531,90;0,014990;1282,12;48,57;0,00;1330,69;;
028;985;202607;202607;85231001;00; NENV;N;9;5,30;0,014990;0,08;0,00;0,00;0,08;;
028;985;202607;202607;85231002;00; NENV;N;4;2,00;0,014990;0,03;0,00;0,00;0,03;;
028;985;202607;202607;85285001;00; NENV;N;7;3,50;0,014990;0,05;0,00;0,00;0,05;;
028;985;202607;202607;85318006;00; NENV;N;2;1,00;0,014990;0,01;0,00;0,00;0,02;;
028;985;202607;202607;85318007;00; NENV;N;1;0,50;0,014990;0,01;0,00;0,00;0,01;;
028;985;202607;202607;85455008;00; NENV;N;2481691;1586471,00;0,014990;23781,20;900,90;0,00;24682,10;;
028;985;202607;202607;88211005;00; NENV;N;32;154,20;0,014990;2,31;0,09;0,00;2,40;;
028;985;202607;202607;88211006;00; NENV;N;1779007;947865,70;0,014990;14208,51;538,26;0,00;14746,76;;
028;985;202607;202607;88231001;00; NENV;N;48;24,00;0,014990;0,36;0,01;0,00;0,37;;
028;985;202607;202607;88231002;00; NENV;N;41;20,50;0,014990;0,31;0,01;0,00;0,32;;
028;985;202607;202607;88455009;00; NENV;N;435359;442793,40;0,014990;6637,47;251,45;0,00;6888,92;;
028;985;202607;202606;85455008;00; NENV;R;16;175,30;0,010490;1,84;0,07;0,00;1,91;;
028;985;202607;202606;88211006;00; NENV;R;2;25,40;0,010490;0,27;0,01;0,00;0,28;;
028;985;202607;202606;88455009;00; NENV;R;7;34,60;0,010490;0,36;0,01;0,00;0,38;;
028;985;202607;202607;8521100H;00; NENV;R;2732;8039,00;0,010490;84,33;3,19;0,00;87,52;;
028;985;202607;202607;85455008;00; NENV;R;36955;120834,60;0,010490;1267,55;48,02;0,00;1315,57;;
028;985;202607;202607;88211006;00; NENV;R;14807;13635,80;0,010490;143,04;5,42;0,00;148,46;;
028;985;202607;202607;88455009;00; NENV;R;18177;100708,60;0,010490;1056,43;40,02;0,00;1096,45;;
028;985;202607;202607;88211006;00; NSAV;N;4;3,40;0,014990;0,05;0,00;0,00;0,05;;
028;985;202607;202607;8521100H;00; NSAV;R;1;1,00;0,010490;0,01;0,00;0,00;0,01;;
028;985;202607;202607;8521100H;00; NSNV;N;687;1559,30;0,014990;23,37;0,89;0,00;24,26;;
028;985;202607;202607;85985005;00; NSNV;N;4;5,30;0,014990;0,08;0,00;0,00;0,08;;
028;985;202607;202607;8808800M;00; NSNV;N;29;16,20;0,014990;0,24;0,01;0,00;0,25;;
028;985;202607;202607;8808800O;00; NSNV;N;56;30,80;0,014990;0,46;0,02;0,00;0,48;;
028;985;202607;202607;88211006;00; NSNV;N;543;1650,10;0,014990;24,73;0,94;0,00;25,67;;
028;985;202607;202607;88455008;00; NSNV;N;17;9,60;0,014990;0,14;0,01;0,00;0,15;;
028;985;202607;202607;88455009;00; NSNV;N;17;11,70;0,014990;0,18;0,01;0,00;0,18;;
028;985;202607;202607;8521100H;00; NSNV;R;162;506,70;0,010490;5,32;0,20;0,00;5,52;;
028;985;202607;202607;85985005;00; NSNV;R;1;0,50;0,010490;0,01;0,00;0,00;0,01;;
028;985;202607;202607;8808800M;00; NSNV;R;3;2,70;0,010490;0,03;0,00;0,00;0,03;;
028;985;202607;202607;8808800O;00; NSNV;R;2;4,20;0,010490;0,04;0,00;0,00;0,05;;
028;985;202607;202607;88211006;00; NSNV;R;89;227,20;0,010490;2,38;0,09;0,00;2,47;;
028;985;202607;202607;88455009;00; NSNV;R;1;0,50;0,010490;0,01;0,00;0,00;0,01;;
;;;;;01;;;10223183;6054407,60;;89577,62;3393,43;0,00;92971,09;;
029;986;202607;202607;86211005;00; IENV;N;13;6,80;0,014990;0,10;0,00;0,00;0,11;;
029;986;202607;202607;86231001;00; IENV;N;3;1,50;0,014990;0,02;0,00;0,00;0,02;;
029;986;202607;202607;86231002;00; IENV;N;7;3,50;0,014990;0,05;0,00;0,00;0,05;;
029;986;202607;202607;86456004;00; IENV;N;175435;88778,90;0,014990;1330,80;50,41;0,00;1381,21;;
029;986;202607;202607;89211008;00; IENV;N;1;0,50;0,014990;0,01;0,00;0,00;0,01;;
029;986;202607;202607;89456004;00; IENV;N;89086;45014,40;0,014990;674,77;25,56;0,00;700,33;;
029;986;202607;202607;86456004;00; IENV;R;2193;1126,00;0,010490;11,81;0,45;0,00;12,26;;
029;986;202607;202607;89456004;00; IENV;R;1392;704,00;0,010490;7,38;0,28;0,00;7,66;;
029;986;202607;202607;86211006;00; LENV;N;33749;25124,50;0,014990;376,62;14,27;0,00;390,88;;
029;986;202607;202607;86456001;00; LENV;N;2;1,00;0,014990;0,01;0,00;0,00;0,02;;
029;986;202607;202607;86456002;00; LENV;N;10;5,20;0,014990;0,08;0,00;0,00;0,08;;
029;986;202607;202607;86456004;00; LENV;N;73;64,10;0,014990;0,96;0,04;0,00;1,00;;
029;986;202607;202607;89211005;00; LENV;N;20;14,10;0,014990;0,21;0,01;0,00;0,22;;
029;986;202607;202607;89211008;00; LENV;N;1;0,50;0,014990;0,01;0,00;0,00;0,01;;
029;986;202607;202607;89456004;00; LENV;N;9;11,00;0,014990;0,16;0,01;0,00;0,17;;
029;986;202607;202607;86211006;00; LENV;R;1417;1248,30;0,010490;13,09;0,50;0,00;13,59;;
029;986;202607;202607;86456004;00; LENV;R;16;20,60;0,010490;0,22;0,01;0,00;0,22;;
029;986;202607;202606;8608700D;00; NENV;N;1;1,80;0,014990;0,03;0,00;0,00;0,03;;
029;986;202607;202606;8608700E;00; NENV;N;1;2,10;0,014990;0,03;0,00;0,00;0,03;;
029;986;202607;202606;89456004;00; NENV;N;10;5,90;0,014990;0,09;0,00;0,00;0,09;;
029;986;202607;202607;86211005;00; NENV;N;87308;55184,30;0,014990;827,21;31,34;0,00;858,55;;
029;986;202607;202607;86231001;00; NENV;N;188;94,20;0,014990;1,41;0,05;0,00;1,47;;
029;986;202607;202607;86231002;00; NENV;N;180;100,80;0,014990;1,51;0,06;0,00;1,57;;
029;986;202607;202607;86456004;00; NENV;N;4467867;2443011,40;0,014990;36620,74;1387,29;0,00;38008,03;;
029;986;202607;202607;89211008;00; NENV;N;36227;26681,60;0,014990;399,96;15,15;0,00;415,11;;
029;986;202607;202607;89231001;00; NENV;N;193;116,30;0,014990;1,74;0,07;0,00;1,81;;
029;986;202607;202607;89231002;00; NENV;N;215;127,00;0,014990;1,90;0,07;0,00;1,98;;
029;986;202607;202607;89456004;00; NENV;N;1678940;940382,00;0,014990;14096,33;534,01;0,00;14630,33;;
029;986;202607;202607;86211005;00; NENV;R;744;1476,20;0,010490;15,49;0,59;0,00;16,07;;
029;986;202607;202607;86456004;00; NENV;R;25615;79281,70;0,010490;831,67;31,51;0,00;863,17;;
029;986;202607;202607;89211008;00; NENV;R;806;2310,20;0,010490;24,23;0,92;0,00;25,15;;
029;986;202607;202607;89231001;00; NENV;R;7;3,60;0,010490;0,04;0,00;0,00;0,04;;
029;986;202607;202607;89231002;00; NENV;R;5;3,00;0,010490;0,03;0,00;0,00;0,03;;
029;986;202607;202607;89456004;00; NENV;R;10973;34939,60;0,010490;366,52;13,88;0,00;380,40;;
029;986;202607;202607;86211005;00; NSAV;N;7;4,10;0,014990;0,06;0,00;0,00;0,06;;
029;986;202607;202607;86211005;00; NSAV;R;2;1,10;0,010490;0,01;0,00;0,00;0,01;;
029;986;202607;202607;8608700D;00; NSNV;N;13;9,50;0,014990;0,14;0,01;0,00;0,15;;
029;986;202607;202607;86211005;00; NSNV;N;311;691,20;0,014990;10,36;0,39;0,00;10,75;;
029;986;202607;202607;86456004;00; NSNV;N;1;3,20;0,014990;0,05;0,00;0,00;0,05;;
029;986;202607;202607;89001006;00; NSNV;N;1;17,10;0,014990;0,26;0,01;0,00;0,27;;
029;986;202607;202607;8908700C;00; NSNV;N;58;30,90;0,014990;0,46;0,02;0,00;0,48;;
029;986;202607;202607;8908700E;00; NSNV;N;36;23,50;0,014990;0,35;0,01;0,00;0,37;;
029;986;202607;202607;89211008;00; NSNV;N;753;3572,90;0,014990;53,56;2,03;0,00;55,59;;
029;986;202607;202607;89456004;00; NSNV;N;434;280,50;0,014990;4,20;0,16;0,00;4,36;;
029;986;202607;202607;86211005;00; NSNV;R;78;304,80;0,010490;3,20;0,12;0,00;3,32;;
029;986;202607;202607;86456004;00; NSNV;R;1;0,50;0,010490;0,01;0,00;0,00;0,01;;
029;986;202607;202607;8908700E;00; NSNV;R;1;2,00;0,010490;0,02;0,00;0,00;0,02;;
029;986;202607;202607;89211008;00; NSNV;R;174;1136,30;0,010490;11,92;0,45;0,00;12,37;;
029;986;202607;202607;89456004;00; NSNV;R;13;48,90;0,010490;0,51;0,02;0,00;0,53;;
;;;;;01;;;6614590;3751973,10;;55690,34;2109,70;0,00;57800,04;;
032;984;202607;202607;84211006;00; IENV;N;31;19,20;0,014990;0,29;0,01;0,00;0,30;;
032;984;202607;202607;84454006;00; IENV;N;218704;111033,70;0,014990;1664,40;63,05;0,00;1727,45;;
032;984;202607;202607;84454006;00; IENV;R;2522;1380,00;0,010490;14,48;0,55;0,00;15,02;;
032;984;202607;202607;84284001;00; ISNV;N;1;0,50;0,014990;0,01;0,00;0,00;0,01;;
032;984;202607;202607;84211006;00; LENV;N;3;16,60;0,014990;0,25;0,01;0,00;0,26;;
032;984;202607;202607;84211007;00; LENV;N;33168;23602,00;0,014990;353,79;13,40;0,00;367,20;;
032;984;202607;202607;84454006;00; LENV;N;3995058;2014087,00;0,014990;30191,16;1143,72;0,00;31334,89;;
032;984;202607;202607;84211007;00; LENV;R;814;1148,90;0,010490;12,05;0,46;0,00;12,51;;
032;984;202607;202607;84454006;00; LENV;R;8195;4451,60;0,010490;46,70;1,77;0,00;48,47;;
032;984;202607;202606;84284001;00; NENV;N;1;0,50;0,014990;0,01;0,00;0,00;0,01;;
032;984;202607;202606;84454006;00; NENV;N;3;2,60;0,014990;0,04;0,00;0,00;0,04;;
032;984;202607;202607;84211006;00; NENV;N;58443;45129,40;0,014990;676,49;25,63;0,00;702,12;;
032;984;202607;202607;84454006;00; NENV;N;1561110;995287,40;0,014990;14919,36;565,19;0,00;15484,54;;
032;984;202607;202607;84211006;00; NENV;R;1192;3457,00;0,010490;36,26;1,37;0,00;37,64;;
032;984;202607;202607;84454006;00; NENV;R;19768;85491,80;0,010490;896,81;33,97;0,00;930,78;;
032;984;202607;202607;84211006;00; NSNV;N;489;1602,00;0,014990;24,01;0,91;0,00;24,92;;
032;984;202607;202607;84231001;00; NSNV;N;3;1,50;0,014990;0,02;0,00;0,00;0,02;;
032;984;202607;202607;84211006;00; NSNV;R;88;413,00;0,010490;4,33;0,16;0,00;4,50;;
;;;;;01;;;5899593;3287124,70;;48840,46;1850,20;0,00;50690,68;;
054;967;202607;202607;67967001;00; GS8V;N;211;1126,70;0,016860;19,00;0,72;0,00;19,72;;
054;967;202607;202607;67967001;00; GS8V;R;9;13,10;0,011800;0,15;0,01;0,00;0,16;;
054;967;202607;202607;67066004;00; IENV;N;223328;114258,50;0,016860;1926,40;72,98;0,00;1999,38;;
054;967;202607;202607;67066006;00; IENV;N;267;134,30;0,016860;2,26;0,09;0,00;2,35;;
054;967;202607;202607;67211003;00; IENV;N;23702;16390,20;0,016860;276,34;10,47;0,00;286,81;;
054;967;202607;202607;67066004;00; IENV;R;55;147,00;0,011800;1,73;0,07;0,00;1,80;;
054;967;202607;202607;67211003;00; IENV;R;5130;3775,20;0,011800;44,55;1,69;0,00;46,23;;
054;967;202607;202607;67012007;00; LENV;N;1336;787,10;0,016860;13,27;0,50;0,00;13,77;;
054;967;202607;202607;67066003;00; LENV;N;118;83,80;0,016860;1,41;0,05;0,00;1,47;;
054;967;202607;202607;67066004;00; LENV;N;6010343;3038059,40;0,016860;51221,68;1940,42;0,00;53162,10;;
054;967;202607;202607;67066006;00; LENV;N;59332;29858,50;0,016860;503,41;19,07;0,00;522,49;;
054;967;202607;202607;67211003;00; LENV;N;28930;16265,60;0,016860;274,24;10,39;0,00;284,63;;
054;967;202607;202607;67211004;00; LENV;N;118544;93180,00;0,016860;1571,01;59,51;0,00;1630,53;;
054;967;202607;202607;6746700D;00; LENV;N;1916;1123,80;0,016860;18,95;0,72;0,00;19,67;;
054;967;202607;202607;6746700E;00; LENV;N;5363;3149,80;0,016860;53,11;2,01;0,00;55,12;;
054;967;202607;202607;67012007;00; LENV;R;1;0,50;0,011800;0,01;0,00;0,00;0,01;;
054;967;202607;202607;67066003;00; LENV;R;5;8,40;0,011800;0,10;0,00;0,00;0,10;;
054;967;202607;202607;67066004;00; LENV;R;1116;770,70;0,011800;9,09;0,34;0,00;9,44;;
054;967;202607;202607;67066006;00; LENV;R;0;10,80;0,011800;0,13;0,00;0,00;0,13;;
054;967;202607;202607;67211003;00; LENV;R;8981;4615,00;0,011800;54,46;2,06;0,00;56,52;;
054;967;202607;202607;67211004;00; LENV;R;3893;4044,30;0,011800;47,72;1,81;0,00;49,53;;
054;967;202607;202607;6746700D;00; LENV;R;2;1,00;0,011800;0,01;0,00;0,00;0,01;;
054;967;202607;202607;6746700E;00; LENV;R;1;2,70;0,011800;0,03;0,00;0,00;0,03;;
054;967;202607;202607;67211003;00; NEAV;N;1;0,50;0,016860;0,01;0,00;0,00;0,01;;
054;967;202607;202607;67211003;00; NEAV;R;1;1,60;0,011800;0,02;0,00;0,00;0,02;;
054;967;202607;202606;67066003;00; NENV;N;22;11,00;0,016860;0,19;0,01;0,00;0,19;;
054;967;202607;202606;6746700E;00; NENV;N;1;0,50;0,016860;0,01;0,00;0,00;0,01;;
054;967;202607;202607;67066003;00; NENV;N;44;22,40;0,016860;0,38;0,01;0,00;0,39;;
054;967;202607;202607;67066004;00; NENV;N;2267162;1455487,50;0,016860;24539,52;929,62;0,00;25469,14;;
054;967;202607;202607;67066006;00; NENV;N;752;668,50;0,016860;11,27;0,43;0,00;11,70;;
054;967;202607;202607;67211003;00; NENV;N;604683;345302,50;0,016860;5821,80;220,55;0,00;6042,35;;
054;967;202607;202607;6746700D;00; NENV;N;1;0,50;0,016860;0,01;0,00;0,00;0,01;;
054;967;202607;202607;6746700E;00; NENV;N;5;2,50;0,016860;0,04;0,00;0,00;0,04;;
054;967;202607;202606;67066003;00; NENV;R;2;1,00;0,011800;0,01;0,00;0,00;0,01;;
054;967;202607;202607;67066004;00; NENV;R;29005;87343,00;0,011800;1030,65;39,04;0,00;1069,69;;
054;967;202607;202607;67211003;00; NENV;R;8698;5235,90;0,011800;61,78;2,34;0,00;64,12;;
054;967;202607;202607;67211003;00; NSAV;N;1;1,10;0,016860;0,02;0,00;0,00;0,02;;
054;967;202607;202607;67211003;00; NSNV;N;502;2100,30;0,016860;35,41;1,34;0,00;36,75;;
054;967;202607;202607;6746700D;00; NSNV;N;6;3,10;0,016860;0,05;0,00;0,00;0,05;;
054;967;202607;202607;67211003;00; NSNV;R;34;81,90;0,011800;0,97;0,04;0,00;1,00;;
;;;;;01;;;9403503;5224070,20;;87541,20;3316,29;0,00;90857,50;;
057;965;202607;202607;6506400C;00; IENV;N;149285;76650,70;0,016860;1292,33;48,96;0,00;1341,29;;
057;965;202607;202607;65211006;00; IENV;N;8810;6006,00;0,016860;101,26;3,84;0,00;105,10;;
057;965;202607;202607;65211008;00; IENV;N;14282;9026,70;0,016860;152,19;5,77;0,00;157,96;;
057;965;202607;202607;66064004;00; IENV;N;38872;19734,10;0,016860;332,72;12,60;0,00;345,32;;
057;965;202607;202607;6606400A;00; IENV;N;429;229,50;0,016860;3,87;0,15;0,00;4,02;;
057;965;202607;202607;6606400B;00; IENV;N;1730;929,70;0,016860;15,67;0,59;0,00;16,27;;
057;965;202607;202607;66211006;00; IENV;N;25;30,50;0,016860;0,51;0,02;0,00;0,53;;
057;965;202607;202607;66211008;00; IENV;N;10;5,00;0,016860;0,08;0,00;0,00;0,09;;
057;965;202607;202607;6506400C;00; IENV;R;27;37,00;0,011800;0,44;0,02;0,00;0,45;;
057;965;202607;202607;65211006;00; IENV;R;1407;833,00;0,011800;9,83;0,37;0,00;10,20;;
057;965;202607;202607;65211008;00; IENV;R;2324;1440,10;0,011800;16,99;0,64;0,00;17,64;;
057;965;202607;202607;66064004;00; IENV;R;6;26,80;0,011800;0,32;0,01;0,00;0,33;;
057;965;202607;202607;6606400B;00; IENV;R;1;31,60;0,011800;0,37;0,01;0,00;0,39;;
057;965;202607;202606;66064008;00; LENV;N;4;2,00;0,016860;0,03;0,00;0,00;0,03;;
057;965;202607;202606;6606400B;00; LENV;N;1;0,50;0,016860;0,01;0,00;0,00;0,01;;
057;965;202607;202607;6506400C;00; LENV;N;2766899;1410400,30;0,016860;23779,35;900,83;0,00;24680,18;;
057;965;202607;202607;6506400G;00; LENV;N;287;191,30;0,016860;3,23;0,12;0,00;3,35;;
057;965;202607;202607;6506400H;00; LENV;N;247;182,10;0,016860;3,07;0,12;0,00;3,19;;
057;965;202607;202607;6506400J;00; LENV;N;61;37,60;0,016860;0,63;0,02;0,00;0,66;;
057;965;202607;202607;65211004;00; LENV;N;36999;29861,50;0,016860;503,46;19,07;0,00;522,54;;
057;965;202607;202607;65211006;00; LENV;N;7722;4200,00;0,016860;70,81;2,68;0,00;73,49;;
057;965;202607;202607;65211007;00; LENV;N;59268;48301,00;0,016860;814,35;30,85;0,00;845,20;;
057;965;202607;202607;65211008;00; LENV;N;12769;6746,90;0,016860;113,75;4,31;0,00;118,06;;
057;965;202607;202607;6546500J;00; LENV;N;2041;1240,20;0,016860;20,91;0,79;0,00;21,70;;
057;965;202607;202607;6546500L;00; LENV;N;1477;841,80;0,016860;14,19;0,54;0,00;14,73;;
057;965;202607;202607;6546500M;00; LENV;N;1510;888,10;0,016860;14,97;0,57;0,00;15,54;;
057;965;202607;202607;66064004;00; LENV;N;480790;244824,90;0,016860;4127,75;156,37;0,00;4284,12;;
057;965;202607;202607;66064008;00; LENV;N;46;29,50;0,016860;0,50;0,02;0,00;0,52;;
057;965;202607;202607;6606400A;00; LENV;N;35284;18018,50;0,016860;303,79;11,51;0,00;315,30;;
057;965;202607;202607;6606400B;00; LENV;N;140810;71851,80;0,016860;1211,42;45,89;0,00;1257,31;;
057;965;202607;202607;66211006;00; LENV;N;10;5,00;0,016860;0,08;0,00;0,00;0,09;;
057;965;202607;202607;66211007;00; LENV;N;16772;13322,30;0,016860;224,61;8,51;0,00;233,12;;
057;965;202607;202607;66211008;00; LENV;N;6;3,00;0,016860;0,05;0,00;0,00;0,05;;
057;965;202607;202607;6621100A;00; LENV;N;10740;8503,10;0,016860;143,36;5,43;0,00;148,79;;
057;965;202607;202607;6646500G;00; LENV;N;443;244,50;0,016860;4,12;0,16;0,00;4,28;;
057;965;202607;202607;6646500H;00; LENV;N;228;125,70;0,016860;2,12;0,08;0,00;2,20;;
057;965;202607;202607;6646500I;00; LENV;N;234;136,40;0,016860;2,30;0,09;0,00;2,39;;
057;965;202607;202607;6506400C;00; LENV;R;852;501,70;0,011800;5,92;0,22;0,00;6,14;;
057;965;202607;202607;6506400G;00; LENV;R;10;5,00;0,011800;0,06;0,00;0,00;0,06;;
057;965;202607;202607;6506400H;00; LENV;R;13;11,80;0,011800;0,14;0,01;0,00;0,14;;
057;965;202607;202607;6506400J;00; LENV;R;2;1,00;0,011800;0,01;0,00;0,00;0,01;;
057;965;202607;202607;65211004;00; LENV;R;1415;1603,10;0,011800;18,92;0,72;0,00;19,63;;
057;965;202607;202607;65211006;00; LENV;R;2394;1249,20;0,011800;14,74;0,56;0,00;15,30;;
057;965;202607;202607;65211007;00; LENV;R;2184;2236,10;0,011800;26,39;1,00;0,00;27,39;;
057;965;202607;202607;65211008;00; LENV;R;4436;2281,30;0,011800;26,92;1,02;0,00;27,94;;
057;965;202607;202607;6546500J;00; LENV;R;4;2,10;0,011800;0,02;0,00;0,00;0,03;;
057;965;202607;202607;6546500L;00; LENV;R;2;1,30;0,011800;0,02;0,00;0,00;0,02;;
057;965;202607;202607;6546500M;00; LENV;R;2;2,30;0,011800;0,03;0,00;0,00;0,03;;
057;965;202607;202607;66211006;00; LENV;R;1;0,50;0,011800;0,01;0,00;0,00;0,01;;
057;965;202607;202607;66211007;00; LENV;R;345;282,70;0,011800;3,34;0,13;0,00;3,46;;
057;965;202607;202607;6621100A;00; LENV;R;206;174,30;0,011800;2,06;0,08;0,00;2,13;;
057;965;202607;202607;65211008;00; NEAV;N;2;1,00;0,016860;0,02;0,00;0,00;0,02;;
057;965;202607;202606;6506400G;00; NENV;N;5;4,50;0,016860;0,08;0,00;0,00;0,08;;
057;965;202607;202606;6506400H;00; NENV;N;6;3,00;0,016860;0,05;0,00;0,00;0,05;;
057;965;202607;202606;6546500M;00; NENV;N;1;0,80;0,016860;0,01;0,00;0,00;0,01;;
057;965;202607;202606;66064008;00; NENV;N;3;1,50;0,016860;0,03;0,00;0,00;0,03;;
057;965;202607;202606;6606400B;00; NENV;N;2;1,20;0,016860;0,02;0,00;0,00;0,02;;
057;965;202607;202606;6646500H;00; NENV;N;1;0,50;0,016860;0,01;0,00;0,00;0,01;;
057;965;202607;202606;6646500I;00; NENV;N;2;1,00;0,016860;0,02;0,00;0,00;0,02;;
057;965;202607;202607;6506400C;00; NENV;N;1104882;1006811,80;0,016860;16974,85;643,05;0,00;17617,90;;
057;965;202607;202607;6506400G;00; NENV;N;45;24,30;0,016860;0,41;0,02;0,00;0,43;;
057;965;202607;202607;6506400H;00; NENV;N;30;16,20;0,016860;0,27;0,01;0,00;0,28;;
057;965;202607;202607;6506500F;00; NENV;N;1;0,50;0,016860;0,01;0,00;0,00;0,01;;
057;965;202607;202607;65211006;00; NENV;N;430009;237087,40;0,016860;3997,29;151,43;0,00;4148,72;;
057;965;202607;202607;65211008;00; NENV;N;695027;380292,90;0,016860;6411,74;242,89;0,00;6654,63;;
057;965;202607;202607;66064004;00; NENV;N;406956;226256,10;0,016860;3814,68;144,51;0,00;3959,19;;
057;965;202607;202607;66064008;00; NENV;N;18;9,80;0,016860;0,17;0,01;0,00;0,17;;
057;965;202607;202607;6606400A;00; NENV;N;24326;13933,70;0,016860;234,92;8,90;0,00;243,82;;
057;965;202607;202607;6606400B;00; NENV;N;97009;54837,70;0,016860;924,56;35,02;0,00;959,59;;
057;965;202607;202607;66211006;00; NENV;N;63273;38880,80;0,016860;655,53;24,83;0,00;680,36;;
057;965;202607;202607;66211008;00; NENV;N;37589;23717,80;0,016860;399,88;15,15;0,00;415,03;;
057;965;202607;202607;6506400C;00; NENV;R;38676;127869,80;0,011800;1508,86;57,16;0,00;1566,02;;
057;965;202607;202607;65211006;00; NENV;R;5882;3981,70;0,011800;46,98;1,78;0,00;48,76;;
057;965;202607;202607;65211008;00; NENV;R;10112;6244,30;0,011800;73,68;2,79;0,00;76,47;;
057;965;202607;202607;66064004;00; NENV;R;1122;2645,20;0,011800;31,21;1,18;0,00;32,40;;
057;965;202607;202607;6606400A;00; NENV;R;36;50,30;0,011800;0,59;0,02;0,00;0,62;;
057;965;202607;202607;6606400B;00; NENV;R;164;405,60;0,011800;4,79;0,18;0,00;4,97;;
057;965;202607;202607;66211006;00; NENV;R;970;628,50;0,011800;7,42;0,28;0,00;7,70;;
057;965;202607;202607;66211008;00; NENV;R;565;420,90;0,011800;4,97;0,19;0,00;5,15;;
057;965;202607;202607;66211009;00; NSAV;N;2;1,00;0,016860;0,02;0,00;0,00;0,02;;
057;965;202607;202607;66211009;00; NSAV;R;1;0,50;0,011800;0,01;0,00;0,00;0,01;;
057;965;202607;202607;6506500G;00; NSNV;N;15;80,20;0,016860;1,35;0,05;0,00;1,40;;
057;965;202607;202607;6506500M;00; NSNV;N;12;15,60;0,016860;0,26;0,01;0,00;0,27;;
057;965;202607;202607;65211005;00; NSNV;N;72;425,30;0,016860;7,17;0,27;0,00;7,44;;
057;965;202607;202607;65211008;00; NSNV;N;465;1708,70;0,016860;28,81;1,09;0,00;29,90;;
057;965;202607;202607;6606500E;00; NSNV;N;22;75,50;0,016860;1,27;0,05;0,00;1,32;;
057;965;202607;202607;6606500F;00; NSNV;N;12;44,10;0,016860;0,74;0,03;0,00;0,77;;
057;965;202607;202607;66211006;00; NSNV;N;3122;10946,40;0,016860;184,56;6,99;0,00;191,55;;
057;965;202607;202607;66211009;00; NSNV;N;260;1144,70;0,016860;19,30;0,73;0,00;20,03;;
057;965;202607;202607;6506500G;00; NSNV;R;7;10,90;0,011800;0,13;0,00;0,00;0,13;;
057;965;202607;202607;6506500M;00; NSNV;R;3;5,60;0,011800;0,07;0,00;0,00;0,07;;
057;965;202607;202607;65211005;00; NSNV;R;6;20,90;0,011800;0,25;0,01;0,00;0,26;;
057;965;202607;202607;65211008;00; NSNV;R;36;76,50;0,011800;0,90;0,03;0,00;0,94;;
057;965;202607;202607;6606500E;00; NSNV;R;9;38,40;0,011800;0,45;0,02;0,00;0,47;;
057;965;202607;202607;6606500F;00; NSNV;R;5;9,80;0,011800;0,12;0,00;0,00;0,12;;
057;965;202607;202607;66211006;00; NSNV;R;581;2617,50;0,011800;30,89;1,17;0,00;32,06;;
057;965;202607;202607;66211009;00; NSNV;R;54;341,30;0,011800;4,03;0,15;0,00;4,18;;
;;;;;01;;;6725120;4124982,80;;68757,40;2604,68;0,00;71362,13;;
058;969;202607;202607;69969006;00; GS8V;N;54;342,90;0,016860;5,78;0,22;0,00;6,00;;
058;969;202607;202607;69969006;00; GS8V;R;4;6,80;0,011800;0,08;0,00;0,00;0,08;;
058;969;202607;202607;69004005;00; IENV;N;9242;4701,60;0,016860;79,27;3,00;0,00;82,27;;
058;969;202607;202607;69004006;00; IENV;N;248117;125303,00;0,016860;2112,61;80,03;0,00;2192,64;;
058;969;202607;202607;69211003;00; IENV;N;25162;15158,40;0,016860;255,57;9,68;0,00;265,25;;
058;969;202607;202607;69004006;00; IENV;R;186;108,20;0,011800;1,28;0,05;0,00;1,33;;
058;969;202607;202607;69211003;00; IENV;R;3275;2264,80;0,011800;26,72;1,01;0,00;27,74;;
058;969;202607;202607;69004005;00; LENV;N;240350;121943,30;0,016860;2055,96;77,89;0,00;2133,85;;
058;969;202607;202607;69004006;00; LENV;N;4049331;2052936,80;0,016860;34612,51;1311,22;0,00;35923,73;;
058;969;202607;202607;6900400A;00; LENV;N;115;62,00;0,016860;1,05;0,04;0,00;1,08;;
058;969;202607;202607;69211003;00; LENV;N;707382;363369,80;0,016860;6126,41;232,09;0,00;6358,50;;
058;969;202607;202607;69211004;00; LENV;N;31462;20052,60;0,016860;338,09;12,81;0,00;350,89;;
058;969;202607;202607;69969006;00; LENV;N;1305;904,30;0,016860;15,25;0,58;0,00;15,82;;
058;969;202607;202607;69004005;00; LENV;R;0;5,00;0,011800;0,06;0,00;0,00;0,06;;
058;969;202607;202607;69004006;00; LENV;R;854;663,90;0,011800;7,83;0,30;0,00;8,13;;
058;969;202607;202607;69211003;00; LENV;R;9444;4788,20;0,011800;56,50;2,14;0,00;58,64;;
058;969;202607;202607;69211004;00; LENV;R;319;219,60;0,011800;2,59;0,10;0,00;2,69;;
058;969;202607;202607;69969006;00; LENV;R;21;11,70;0,011800;0,14;0,01;0,00;0,14;;
058;969;202607;202607;69211003;00; NEAV;N;1;0,50;0,016860;0,01;0,00;0,00;0,01;;
058;969;202607;202606;6900400A;00; NENV;N;12;18,80;0,016860;0,32;0,01;0,00;0,33;;
058;969;202607;202607;69004005;00; NENV;N;49600;33247,50;0,016860;560,55;21,24;0,00;581,79;;
058;969;202607;202607;69004006;00; NENV;N;1396544;850340,10;0,016860;14336,73;543,11;0,00;14879,85;;
058;969;202607;202607;6900400A;00; NENV;N;3;11,80;0,016860;0,20;0,01;0,00;0,21;;
058;969;202607;202607;69094009;00; NENV;N;1;0,50;0,016860;0,01;0,00;0,00;0,01;;
058;969;202607;202607;6909400B;00; NENV;N;4;2,00;0,016860;0,03;0,00;0,00;0,03;;
058;969;202607;202607;69211003;00; NENV;N;1387581;793118,80;0,016860;13371,98;506,57;0,00;13878,55;;
058;969;202607;202607;69004005;00; NENV;R;1;56,40;0,011800;0,67;0,03;0,00;0,69;;
058;969;202607;202607;69004006;00; NENV;R;14903;46234,60;0,011800;545,57;20,67;0,00;566,24;;
058;969;202607;202607;6900400A;00; NENV;R;2;21,50;0,011800;0,25;0,01;0,00;0,26;;
058;969;202607;202607;69211003;00; NENV;R;12252;19747,90;0,011800;233,03;8,83;0,00;241,85;;
058;969;202607;202607;69211003;00; NSNV;N;755;2904,00;0,016860;48,96;1,85;0,00;50,82;;
058;969;202607;202607;69211003;00; NSNV;R;102;584,50;0,011800;6,90;0,26;0,00;7,16;;
;;;;;01;;;8188384;4459131,80;;74802,91;2833,76;0,00;77636,64;;
059;968;202607;202607;68003009;00; IENV;N;44769;23024,10;0,016860;388,19;14,71;0,00;402,89;;
059;968;202607;202607;68211005;00; IENV;N;9088;5423,90;0,016860;91,45;3,46;0,00;94,91;;
059;968;202607;202607;68003009;00; IENV;R;769;417,00;0,011800;4,92;0,19;0,00;5,11;;
059;968;202607;202607;68211005;00; IENV;R;2859;1547,60;0,011800;18,26;0,69;0,00;18,95;;
059;968;202607;202607;68003009;00; LENV;N;1388151;704553,20;0,016860;11878,77;450,00;0,00;12328,77;;
059;968;202607;202607;68211005;00; LENV;N;8692;4588,40;0,016860;77,36;2,93;0,00;80,29;;
059;968;202607;202607;68211006;00; LENV;N;11243;6729,90;0,016860;113,47;4,30;0,00;117,76;;
059;968;202607;202607;68003009;00; LENV;R;141064;73733,90;0,011800;870,06;32,96;0,00;903,02;;
059;968;202607;202607;68211005;00; LENV;R;4458;2275,60;0,011800;26,85;1,02;0,00;27,87;;
059;968;202607;202607;68211006;00; LENV;R;519;316,30;0,011800;3,73;0,14;0,00;3,87;;
059;968;202607;202606;68003009;00; NENV;N;1;3,10;0,016860;0,05;0,00;0,00;0,05;;
059;968;202607;202606;6846800B;00; NENV;N;1;0,50;0,016860;0,01;0,00;0,00;0,01;;
059;968;202607;202607;68003009;00; NENV;N;608517;381996,40;0,016860;6440,46;243,98;0,00;6684,44;;
059;968;202607;202607;68211005;00; NENV;N;139146;82704,20;0,016860;1394,39;52,82;0,00;1447,22;;
059;968;202607;202607;68003009;00; NENV;R;13927;32148,60;0,011800;379,35;14,37;0,00;393,72;;
059;968;202607;202607;68211005;00; NENV;R;5387;3656,20;0,011800;43,14;1,63;0,00;44,78;;
059;968;202607;202607;6800100E;00; NSNV;N;213;166,00;0,016860;2,80;0,11;0,00;2,90;;
059;968;202607;202607;6800100F;00; NSNV;N;169;85,80;0,016860;1,45;0,05;0,00;1,50;;
059;968;202607;202607;6800100G;00; NSNV;N;184;104,80;0,016860;1,77;0,07;0,00;1,83;;
059;968;202607;202607;6800100H;00; NSNV;N;213;114,70;0,016860;1,93;0,07;0,00;2,01;;
059;968;202607;202607;6800100K;00; NSNV;N;48;50,60;0,016860;0,85;0,03;0,00;0,89;;
059;968;202607;202607;68211005;00; NSNV;N;291;959,90;0,016860;16,18;0,61;0,00;16,80;;
059;968;202607;202607;6800100H;00; NSNV;R;1;0,50;0,011800;0,01;0,00;0,00;0,01;;
059;968;202607;202607;68211005;00; NSNV;R;58;153,60;0,011800;1,81;0,07;0,00;1,88;;
;;;;;01;;;2379768;1324754,80;;21757,26;824,21;0,00;22581,48;;
063;961;202607;202607;61060010;00; IENV;N;247546;126316,60;0,016860;2129,70;80,68;0,00;2210,38;;
063;961;202607;202607;61060014;00; IENV;N;67307;34401,60;0,016860;580,01;21,97;0,00;601,98;;
063;961;202607;202607;6106001E;00; IENV;N;84826;43124,50;0,016860;727,08;27,54;0,00;754,62;;
063;961;202607;202607;61061029;00; IENV;N;1;0,50;0,016860;0,01;0,00;0,00;0,01;;
063;961;202607;202607;6121101F;00; IENV;N;24;13,80;0,016860;0,23;0,01;0,00;0,24;;
063;961;202607;202607;61060010;00; IENV;R;1145;687,70;0,011800;8,11;0,31;0,00;8,42;;
063;961;202607;202607;61060014;00; IENV;R;314;192,80;0,011800;2,28;0,09;0,00;2,36;;
063;961;202607;202607;6106001E;00; IENV;R;393;226,60;0,011800;2,67;0,10;0,00;2,78;;
063;961;202607;202607;6121101F;00; ISNV;N;9;131,50;0,016860;2,22;0,08;0,00;2,30;;
063;961;202607;202607;61001020;00; LENV;N;112;157,90;0,016860;2,66;0,10;0,00;2,76;;
063;961;202607;202607;6100103L;00; LENV;N;106;160,90;0,016860;2,71;0,10;0,00;2,82;;
063;961;202607;202607;6101200G;00; LENV;N;2021;1341,10;0,016860;22,61;0,86;0,00;23,47;;
063;961;202607;202607;6101200J;00; LENV;N;505;309,10;0,016860;5,21;0,20;0,00;5,41;;
063;961;202607;202607;6101200L;00; LENV;N;472;289,00;0,016860;4,87;0,18;0,00;5,06;;
063;961;202607;202607;6101200M;00; LENV;N;1062;679,30;0,016860;11,45;0,43;0,00;11,89;;
063;961;202607;202607;6101200N;00; LENV;N;1;2,50;0,016860;0,04;0,00;0,00;0,04;;
063;961;202607;202607;6101200O;00; LENV;N;969;593,90;0,016860;10,01;0,38;0,00;10,39;;
063;961;202607;202607;61060010;00; LENV;N;5687436;2868099,80;0,016860;48356,16;1831,86;0,00;50188,03;;
063;961;202607;202607;61060014;00; LENV;N;1505852;759340,70;0,016860;12802,48;484,99;0,00;13287,48;;
063;961;202607;202607;6106001E;00; LENV;N;1929154;973656,40;0,016860;16415,85;621,88;0,00;17037,72;;
063;961;202607;202607;6121101E;00; LENV;N;207844;214324,70;0,016860;3613,51;136,89;0,00;3750,40;;
063;961;202607;202607;6121101F;00; LENV;N;6;3,60;0,016860;0,06;0,00;0,00;0,06;;
063;961;202607;202607;6121101J;00; LENV;N;50537;52019,50;0,016860;877,05;33,22;0,00;910,27;;
063;961;202607;202607;6146100F;00; LENV;N;719;487,10;0,016860;8,21;0,31;0,00;8,52;;
063;961;202607;202607;6146100R;00; LENV;N;1591;1234,70;0,016860;20,82;0,79;0,00;21,61;;
063;961;202607;202607;6101200G;00; LENV;R;1;0,50;0,011800;0,01;0,00;0,00;0,01;;
063;961;202607;202607;61060010;00; LENV;R;7319;3725,60;0,011800;43,96;1,67;0,00;45,63;;
063;961;202607;202607;61060014;00; LENV;R;1923;977,30;0,011800;11,53;0,44;0,00;11,97;;
063;961;202607;202607;6106001E;00; LENV;R;2408;1218,80;0,011800;14,38;0,54;0,00;14,93;;
063;961;202607;202607;6121101E;00; LENV;R;4217;8883,20;0,011800;104,82;3,97;0,00;108,79;;
063;961;202607;202607;6121101J;00; LENV;R;1096;2842,90;0,011800;33,55;1,27;0,00;34,82;;
063;961;202607;202607;6146100F;00; LENV;R;22;11,00;0,011800;0,13;0,00;0,00;0,13;;
063;961;202607;202607;6146100R;00; LENV;R;24;12,00;0,011800;0,14;0,01;0,00;0,15;;
063;961;202607;202607;6121101E;00; LSAV;N;155;289,40;0,016860;4,88;0,18;0,00;5,06;;
063;961;202607;202607;6121101H;00; LSAV;N;3;6,90;0,016860;0,12;0,00;0,00;0,12;;
063;961;202607;202607;6121101I;00; LSAV;N;24;31,60;0,016860;0,53;0,02;0,00;0,55;;
063;961;202607;202607;6121101L;00; LSAV;N;2;1,80;0,016860;0,03;0,00;0,00;0,03;;
063;961;202607;202607;6121101N;00; LSAV;N;49;130,20;0,016860;2,20;0,08;0,00;2,28;;
063;961;202607;202607;6121101E;00; LSAV;R;28;26,80;0,011800;0,32;0,01;0,00;0,33;;
063;961;202607;202607;6121101I;00; LSAV;R;2;5,10;0,011800;0,06;0,00;0,00;0,06;;
063;961;202607;202607;6121101L;00; LSAV;R;1;1,30;0,011800;0,02;0,00;0,00;0,02;;
063;961;202607;202607;6121101N;00; LSAV;R;9;17,40;0,011800;0,21;0,01;0,00;0,21;;
063;961;202607;202607;6121101F;00; NEAV;N;14;7,30;0,016860;0,12;0,00;0,00;0,13;;
063;961;202607;202607;6121101F;00; NEAV;R;2;1,10;0,011800;0,01;0,00;0,00;0,01;;
063;961;202607;202606;61060010;00; NENV;N;10;11,60;0,016860;0,20;0,01;0,00;0,20;;
063;961;202607;202606;6106001E;00; NENV;N;2;1,00;0,016860;0,02;0,00;0,00;0,02;;
063;961;202607;202606;6146100R;00; NENV;N;1;2,40;0,016860;0,04;0,00;0,00;0,04;;
063;961;202607;202607;61060010;00; NENV;N;1371500;1130603,00;0,016860;19061,97;722,12;0,00;19784,09;;
063;961;202607;202607;61060014;00; NENV;N;406986;346149,40;0,016860;5836,08;221,09;0,00;6057,17;;
063;961;202607;202607;6106001E;00; NENV;N;543927;450464,70;0,016860;7594,83;287,71;0,00;7882,55;;
063;961;202607;202607;61061029;00; NENV;N;4;2,00;0,016860;0,03;0,00;0,00;0,03;;
063;961;202607;202607;6106102P;00; NENV;N;2;1,00;0,016860;0,02;0,00;0,00;0,02;;
063;961;202607;202607;6106102T;00; NENV;N;1;0,50;0,016860;0,01;0,00;0,00;0,01;;
063;961;202607;202607;6121101E;00; NENV;N;13;24,30;0,016860;0,41;0,02;0,00;0,43;;
063;961;202607;202607;6121101F;00; NENV;N;237073;147574,40;0,016860;2488,10;94,26;0,00;2582,36;;
063;961;202607;202607;6121101J;00; NENV;N;3;3,10;0,016860;0,05;0,00;0,00;0,05;;
063;961;202607;202607;6121101P;00; NENV;N;7;3,50;0,016860;0,06;0,00;0,00;0,06;;
063;961;202607;202607;6146100F;00; NENV;N;3;1,50;0,016860;0,03;0,00;0,00;0,03;;
063;961;202607;202607;6146100R;00; NENV;N;5;3,10;0,016860;0,05;0,00;0,00;0,05;;
063;961;202607;202607;61060010;00; NENV;R;38930;151865,10;0,011800;1792,01;67,89;0,00;1859,89;;
063;961;202607;202607;61060014;00; NENV;R;12183;50345,20;0,011800;594,07;22,51;0,00;616,58;;
063;961;202607;202607;6106001E;00; NENV;R;15762;60546,90;0,011800;714,45;27,07;0,00;741,52;;
063;961;202607;202607;6121101F;00; NENV;R;867;2004,80;0,011800;23,66;0,90;0,00;24,55;;
063;961;202607;202607;6121101F;00; NSAV;N;4;4,10;0,016860;0,07;0,00;0,00;0,07;;
063;961;202607;202607;6121101O;00; NSAV;N;14;73,40;0,016860;1,24;0,05;0,00;1,28;;
063;961;202607;202607;6121101F;00; NSAV;R;1;0,50;0,011800;0,01;0,00;0,00;0,01;;
063;961;202607;202607;6121101O;00; NSAV;R;12;202,80;0,011800;2,39;0,09;0,00;2,48;;
063;961;202607;202607;6100102D;00; NSNV;N;1;0,50;0,016860;0,01;0,00;0,00;0,01;;
063;961;202607;202607;6121101F;00; NSNV;N;641;1935,90;0,016860;32,64;1,24;0,00;33,88;;
063;961;202607;202607;6121101G;00; NSNV;N;26;54,40;0,016860;0,92;0,03;0,00;0,95;;
063;961;202607;202607;6121101K;00; NSNV;N;98;462,10;0,016860;7,79;0,30;0,00;8,09;;
063;961;202607;202607;6121101M;00; NSNV;N;80;342,90;0,016860;5,78;0,22;0,00;6,00;;
063;961;202607;202607;6121101O;00; NSNV;N;498;1452,60;0,016860;24,49;0,93;0,00;25,42;;
063;961;202607;202607;6121101F;00; NSNV;R;99;225,70;0,011800;2,66;0,10;0,00;2,76;;
063;961;202607;202607;6121101G;00; NSNV;R;3;7,80;0,011800;0,09;0,00;0,00;0,10;;
063;961;202607;202607;6121101K;00; NSNV;R;11;58,80;0,011800;0,69;0,03;0,00;0,72;;
063;961;202607;202607;6121101M;00; NSNV;R;18;208,60;0,011800;2,46;0,09;0,00;2,55;;
063;961;202607;202607;6121101O;00; NSNV;R;61;135,60;0,011800;1,60;0,06;0,00;1,66;;
;;;;;01;;;12436097;7440759,20;;124011,96;4697,89;0,00;128709,88;;
069;963;202607;202607;6305600D;00; IENV;N;217548;110366,20;0,016860;1860,77;70,49;0,00;1931,27;;
069;963;202607;202607;6321100G;00; IENV;N;14127;8566,90;0,016860;144,44;5,47;0,00;149,91;;
069;963;202607;202607;6305600D;00; IENV;R;2178;1140,20;0,011800;13,45;0,51;0,00;13,96;;
069;963;202607;202607;6321100G;00; IENV;R;3611;2115,00;0,011800;24,96;0,95;0,00;25,90;;
069;963;202607;202607;6305600D;00; LENV;N;4746484;2402532,70;0,016860;40506,70;1534,50;0,00;42041,21;;
069;963;202607;202607;6321100G;00; LENV;N;21207;11378,60;0,016860;191,84;7,27;0,00;199,11;;
069;963;202607;202607;6321100H;00; LENV;N;52038;33584,70;0,016860;566,24;21,45;0,00;587,69;;
069;963;202607;202607;6305600D;00; LENV;R;10425;5368,00;0,011800;63,34;2,40;0,00;65,74;;
069;963;202607;202607;6321100G;00; LENV;R;9557;4869,90;0,011800;57,46;2,18;0,00;59,64;;
069;963;202607;202607;6321100H;00; LENV;R;426;1139,50;0,011800;13,45;0,51;0,00;13,96;;
069;963;202607;202607;6321100G;00; NEAV;N;2;8,10;0,016860;0,14;0,01;0,00;0,14;;
069;963;202607;202606;6305600D;00; NENV;N;7;3,80;0,016860;0,06;0,00;0,00;0,07;;
069;963;202607;202607;6305600D;00; NENV;N;2555208;1646963,90;0,016860;27767,81;1051,92;0,00;28819,73;;
069;963;202607;202607;6321100G;00; NENV;N;1981668;1156016,70;0,016860;19490,44;738,35;0,00;20228,79;;
069;963;202607;202607;6346300H;00; NENV;N;1;0,50;0,016860;0,01;0,00;0,00;0,01;;
069;963;202607;202607;6305600D;00; NENV;R;25722;105693,00;0,011800;1247,18;47,25;0,00;1294,42;;
069;963;202607;202607;6321100G;00; NENV;R;125490;85551,50;0,011800;1009,51;38,24;0,00;1047,75;;
069;963;202607;202607;6321100B;00; NSNV;N;402;1473,30;0,016860;24,84;0,94;0,00;25,78;;
069;963;202607;202607;6321100C;00; NSNV;N;295;1128,90;0,016860;19,03;0,72;0,00;19,75;;
069;963;202607;202607;6321100E;00; NSNV;N;312;1108,50;0,016860;18,69;0,71;0,00;19,40;;
069;963;202607;202607;6321100G;00; NSNV;N;1352;4933,50;0,016860;83,18;3,15;0,00;86,33;;
069;963;202607;202607;6321100B;00; NSNV;R;93;560,10;0,011800;6,61;0,25;0,00;6,86;;
069;963;202607;202607;6321100C;00; NSNV;R;68;590,20;0,011800;6,96;0,26;0,00;7,23;;
069;963;202607;202607;6321100E;00; NSNV;R;80;309,90;0,011800;3,66;0,14;0,00;3,80;;
069;963;202607;202607;6321100G;00; NSNV;R;231;1412,70;0,011800;16,67;0,63;0,00;17,30;;
;;;;;01;;;9768532;5586816,30;;93137,44;3528,30;0,00;96665,75;;
077;960;202607;202607;6206800S;00; IENV;N;30379;15649,10;0,016860;263,84;10,00;0,00;273,84;;
077;960;202607;202607;6206800U;00; IENV;N;4952;3096,00;0,016860;52,20;1,98;0,00;54,18;;
077;960;202607;202607;6206800V;00; IENV;N;143309;73555,80;0,016860;1240,15;46,98;0,00;1287,13;;
077;960;202607;202607;6406800P;00; IENV;N;3266;1850,50;0,016860;31,20;1,18;0,00;32,38;;
077;960;202607;202607;6421100E;00; IENV;N;6;3,00;0,016860;0,05;0,00;0,00;0,05;;
077;960;202607;202607;6421100F;00; IENV;N;2;1,60;0,016860;0,03;0,00;0,00;0,03;;
077;960;202607;202607;6421100H;00; IENV;N;35;17,50;0,016860;0,30;0,01;0,00;0,31;;
077;960;202607;202607;6206800S;00; IENV;R;576;306,90;0,011800;3,62;0,14;0,00;3,76;;
077;960;202607;202607;6206800U;00; IENV;R;1;0,50;0,011800;0,01;0,00;0,00;0,01;;
077;960;202607;202607;6206800V;00; IENV;R;2326;1241,80;0,011800;14,65;0,56;0,00;15,21;;
077;960;202607;202607;6406800P;00; IENV;R;0;0,10;0,011800;0,00;0,00;0,00;0,00;;
077;960;202607;202606;6406800Q;00; LENV;N;1;0,70;0,016860;0,01;0,00;0,00;0,01;;
077;960;202607;202607;62012009;00; LENV;N;3;1,70;0,016860;0,03;0,00;0,00;0,03;;
077;960;202607;202607;6201200B;00; LENV;N;281;222,70;0,016860;3,75;0,14;0,00;3,90;;
077;960;202607;202607;6201200G;00; LENV;N;144;103,40;0,016860;1,74;0,07;0,00;1,81;;
077;960;202607;202607;6201200H;00; LENV;N;304;217,80;0,016860;3,67;0,14;0,00;3,81;;
077;960;202607;202607;6201200I;00; LENV;N;2;3,40;0,016860;0,06;0,00;0,00;0,06;;
077;960;202607;202607;6201200J;00; LENV;N;130;94,50;0,016860;1,59;0,06;0,00;1,65;;
077;960;202607;202607;6201200K;00; LENV;N;6;4,20;0,016860;0,07;0,00;0,00;0,07;;
077;960;202607;202607;6201200L;00; LENV;N;254;183,40;0,016860;3,09;0,12;0,00;3,21;;
077;960;202607;202607;6201200M;00; LENV;N;7;5,80;0,016860;0,10;0,00;0,00;0,10;;
077;960;202607;202607;6201200N;00; LENV;N;60;57,10;0,016860;0,96;0,04;0,00;1,00;;
077;960;202607;202607;6201200P;00; LENV;N;2;1,00;0,016860;0,02;0,00;0,00;0,02;;
077;960;202607;202607;6206800K;00; LENV;N;220;302,40;0,016860;5,10;0,19;0,00;5,29;;
077;960;202607;202607;6206800O;00; LENV;N;203;326,00;0,016860;5,50;0,21;0,00;5,70;;
077;960;202607;202607;6206800S;00; LENV;N;531931;269658,10;0,016860;4546,44;172,23;0,00;4718,67;;
077;960;202607;202607;6206800U;00; LENV;N;98177;53012,40;0,016860;893,79;33,86;0,00;927,65;;
077;960;202607;202607;6206800V;00; LENV;N;2709205;1369868,10;0,016860;23095,98;874,94;0,00;23970,91;;
077;960;202607;202607;6206800X;00; LENV;N;49;53,80;0,016860;0,91;0,03;0,00;0,94;;
077;960;202607;202607;6221100L;00; LENV;N;43533;40367,90;0,016860;680,60;25,78;0,00;706,39;;
077;960;202607;202607;6221100O;00; LENV;N;60678;55672,40;0,016860;938,64;35,56;0,00;974,19;;
077;960;202607;202607;6221100Q;00; LENV;N;45993;41305,00;0,016860;696,40;26,38;0,00;722,78;;
077;960;202607;202607;6221100R;00; LENV;N;16;8,00;0,016860;0,13;0,01;0,00;0,14;;
077;960;202607;202607;6246200L;00; LENV;N;3247;1979,20;0,016860;33,37;1,26;0,00;34,63;;
077;960;202607;202607;6246200P;00; LENV;N;708;415,30;0,016860;7,00;0,27;0,00;7,27;;
077;960;202607;202607;6246200U;00; LENV;N;3357;1998,10;0,016860;33,69;1,28;0,00;34,96;;
077;960;202607;202607;6246200X;00; LENV;N;3512;2124,50;0,016860;35,82;1,36;0,00;37,18;;
077;960;202607;202607;62895002;00; LENV;N;794;473,60;0,016860;7,98;0,30;0,00;8,29;;
077;960;202607;202607;6401200B;00; LENV;N;151;89,60;0,016860;1,51;0,06;0,00;1,57;;
077;960;202607;202607;6401200F;00; LENV;N;65;43,10;0,016860;0,73;0,03;0,00;0,75;;
077;960;202607;202607;6401200G;00; LENV;N;103;63,10;0,016860;1,06;0,04;0,00;1,10;;
077;960;202607;202607;6401200I;00; LENV;N;1;0,50;0,016860;0,01;0,00;0,00;0,01;;
077;960;202607;202607;6401200J;00; LENV;N;51;40,20;0,016860;0,68;0,03;0,00;0,70;;
077;960;202607;202607;6401200K;00; LENV;N;115;67,30;0,016860;1,13;0,04;0,00;1,18;;
077;960;202607;202607;6406800P;00; LENV;N;36157;19307,90;0,016860;325,53;12,33;0,00;337,86;;
077;960;202607;202607;6406800Q;00; LENV;N;316;202,80;0,016860;3,42;0,13;0,00;3,55;;
077;960;202607;202607;6421100E;00; LENV;N;67;33,90;0,016860;0,57;0,02;0,00;0,59;;
077;960;202607;202607;6421100F;00; LENV;N;21007;17737,80;0,016860;299,06;11,33;0,00;310,39;;
077;960;202607;202607;6421100G;00; LENV;N;21161;17376,60;0,016860;292,97;11,10;0,00;304,07;;
077;960;202607;202607;6421100H;00; LENV;N;640;320,00;0,016860;5,40;0,20;0,00;5,60;;
077;960;202607;202607;6446200I;00; LENV;N;755;422,00;0,016860;7,11;0,27;0,00;7,38;;
077;960;202607;202607;6446200L;00; LENV;N;719;411,10;0,016860;6,93;0,26;0,00;7,19;;
077;960;202607;202607;6446200P;00; LENV;N;1902;1083,80;0,016860;18,27;0,69;0,00;18,97;;
077;960;202607;202607;6206800K;00; LENV;R;19;33,60;0,011800;0,40;0,02;0,00;0,41;;
077;960;202607;202607;6206800O;00; LENV;R;19;43,10;0,011800;0,51;0,02;0,00;0,53;;
077;960;202607;202607;6206800S;00; LENV;R;2277;1192,70;0,011800;14,07;0,53;0,00;14,61;;
077;960;202607;202607;6206800U;00; LENV;R;29;61,80;0,011800;0,73;0,03;0,00;0,76;;
077;960;202607;202607;6206800V;00; LENV;R;8702;4424,10;0,011800;52,20;1,98;0,00;54,18;;
077;960;202607;202607;6206800X;00; LENV;R;5;17,30;0,011800;0,20;0,01;0,00;0,21;;
077;960;202607;202607;6221100L;00; LENV;R;1087;1817,70;0,011800;21,45;0,81;0,00;22,26;;
077;960;202607;202607;6221100O;00; LENV;R;1502;2606,30;0,011800;30,75;1,17;0,00;31,92;;
077;960;202607;202607;6221100Q;00; LENV;R;1153;2239,40;0,011800;26,42;1,00;0,00;27,43;;
077;960;202607;202607;6221100R;00; LENV;R;1;0,50;0,011800;0,01;0,00;0,00;0,01;;
077;960;202607;202607;6246200L;00; LENV;R;1;0,50;0,011800;0,01;0,00;0,00;0,01;;
077;960;202607;202607;6246200U;00; LENV;R;2;1,30;0,011800;0,02;0,00;0,00;0,02;;
077;960;202607;202607;6246200X;00; LENV;R;1;0,50;0,011800;0,01;0,00;0,00;0,01;;
077;960;202607;202607;62895002;00; LENV;R;3;1,50;0,011800;0,02;0,00;0,00;0,02;;
077;960;202607;202607;6406800P;00; LENV;R;10;10,20;0,011800;0,12;0,00;0,00;0,12;;
077;960;202607;202607;6406800Q;00; LENV;R;6;3,30;0,011800;0,04;0,00;0,00;0,04;;
077;960;202607;202607;6421100F;00; LENV;R;422;683,20;0,011800;8,06;0,31;0,00;8,37;;
077;960;202607;202607;6421100G;00; LENV;R;416;619,60;0,011800;7,31;0,28;0,00;7,59;;
077;960;202607;202607;62062016;00; NEAV;N;1;0,50;0,016860;0,01;0,00;0,00;0,01;;
077;960;202607;202606;6206800K;00; NENV;N;14;8,20;0,016860;0,14;0,01;0,00;0,14;;
077;960;202607;202606;6206800O;00; NENV;N;2;1,00;0,016860;0,02;0,00;0,00;0,02;;
077;960;202607;202606;6206800U;00; NENV;N;16;9,10;0,016860;0,15;0,01;0,00;0,16;;
077;960;202607;202606;6206800V;00; NENV;N;13;6,60;0,016860;0,11;0,00;0,00;0,12;;
077;960;202607;202606;6206800X;00; NENV;N;1;7,20;0,016860;0,12;0,00;0,00;0,13;;
077;960;202607;202606;6406800P;00; NENV;N;8;4,00;0,016860;0,07;0,00;0,00;0,07;;
077;960;202607;202606;6406800Q;00; NENV;N;10;5,00;0,016860;0,08;0,00;0,00;0,09;;
077;960;202607;202606;6446200I;00; NENV;N;1;0,50;0,016860;0,01;0,00;0,00;0,01;;
077;960;202607;202606;6446200L;00; NENV;N;1;0,50;0,016860;0,01;0,00;0,00;0,01;;
077;960;202607;202607;6206800K;00; NENV;N;20;11,70;0,016860;0,20;0,01;0,00;0,20;;
077;960;202607;202607;6206800S;00; NENV;N;329306;216462,30;0,016860;3649,55;138,26;0,00;3787,81;;
077;960;202607;202607;6206800U;00; NENV;N;1491025;1041609,50;0,016860;17561,54;665,28;0,00;18226,81;;
077;960;202607;202607;6206800V;00; NENV;N;1489771;951274,20;0,016860;16038,48;607,58;0,00;16646,06;;
077;960;202607;202607;6206800X;00; NENV;N;9;4,50;0,016860;0,08;0,00;0,00;0,08;;
077;960;202607;202607;6221100L;00; NENV;N;13;12,40;0,016860;0,21;0,01;0,00;0,22;;
077;960;202607;202607;6221100N;00; NENV;N;130750;75523,60;0,016860;1273,33;48,24;0,00;1321,57;;
077;960;202607;202607;6221100O;00; NENV;N;8;5,70;0,016860;0,10;0,00;0,00;0,10;;
077;960;202607;202607;6221100P;00; NENV;N;178820;103453,20;0,016860;1744,22;66,08;0,00;1810,30;;
077;960;202607;202607;6221100Q;00; NENV;N;11;25,70;0,016860;0,43;0,02;0,00;0,45;;
077;960;202607;202607;6221100R;00; NENV;N;136449;78235,30;0,016860;1319,05;49,97;0,00;1369,02;;
077;960;202607;202607;6406800P;00; NENV;N;857786;649048,60;0,016860;10942,96;414,55;0,00;11357,51;;
077;960;202607;202607;6406800Q;00; NENV;N;32;16,00;0,016860;0,27;0,01;0,00;0,28;;
077;960;202607;202607;6421100E;00; NENV;N;64016;42593,00;0,016860;718,12;27,20;0,00;745,32;;
077;960;202607;202607;6421100F;00; NENV;N;10;7,20;0,016860;0,12;0,00;0,00;0,13;;
077;960;202607;202607;6421100G;00; NENV;N;8;10,70;0,016860;0,18;0,01;0,00;0,19;;
077;960;202607;202607;6421100H;00; NENV;N;70494;45510,80;0,016860;767,31;29,07;0,00;796,38;;
077;960;202607;202606;6206800U;00; NENV;R;1;0,50;0,011800;0,01;0,00;0,00;0,01;;
077;960;202607;202607;6206800K;00; NENV;R;2;6,60;0,011800;0,08;0,00;0,00;0,08;;
077;960;202607;202607;6206800S;00; NENV;R;3584;15259,90;0,011800;180,07;6,82;0,00;186,89;;
077;960;202607;202607;6206800U;00; NENV;R;19588;77739,10;0,011800;917,32;34,75;0,00;952,07;;
077;960;202607;202607;6206800V;00; NENV;R;14980;52265,10;0,011800;616,73;23,36;0,00;640,09;;
077;960;202607;202607;6221100N;00; NENV;R;684;698,90;0,011800;8,25;0,31;0,00;8,56;;
077;960;202607;202607;6221100P;00; NENV;R;1083;1097,10;0,011800;12,95;0,49;0,00;13,44;;
077;960;202607;202607;6221100R;00; NENV;R;807;812,20;0,011800;9,58;0,36;0,00;9,95;;
077;960;202607;202607;6406800P;00; NENV;R;12597;57783,30;0,011800;681,84;25,83;0,00;707,67;;
077;960;202607;202607;6421100E;00; NENV;R;307;462,90;0,011800;5,46;0,21;0,00;5,67;;
077;960;202607;202607;6421100H;00; NENV;R;344;402,80;0,011800;4,75;0,18;0,00;4,93;;
077;960;202607;202607;6221100P;00; NSAV;N;4;3,80;0,016860;0,06;0,00;0,00;0,07;;
077;960;202607;202607;6421100E;00; NSAV;N;5;20,60;0,016860;0,35;0,01;0,00;0,36;;
077;960;202607;202607;6421100H;00; NSAV;N;6;45,90;0,016860;0,77;0,03;0,00;0,80;;
077;960;202607;202607;6221100P;00; NSAV;R;4;2,20;0,011800;0,03;0,00;0,00;0,03;;
077;960;202607;202607;6421100E;00; NSAV;R;4;15,30;0,011800;0,18;0,01;0,00;0,19;;
077;960;202607;202607;6421100H;00; NSAV;R;1;1,00;0,011800;0,01;0,00;0,00;0,01;;
077;960;202607;202607;6221100I;00; NSNV;N;348;1555,60;0,016860;26,23;0,99;0,00;27,22;;
077;960;202607;202607;6221100J;00; NSNV;N;189;695,10;0,016860;11,72;0,44;0,00;12,16;;
077;960;202607;202607;6221100P;00; NSNV;N;1399;3809,20;0,016860;64,22;2,43;0,00;66,66;;
077;960;202607;202607;6221100R;00; NSNV;N;415;1433,90;0,016860;24,18;0,92;0,00;25,09;;
077;960;202607;202607;6221100S;00; NSNV;N;349;1405,40;0,016860;23,70;0,90;0,00;24,59;;
077;960;202607;202607;6421100C;00; NSNV;N;543;1955,20;0,016860;32,96;1,25;0,00;34,21;;
077;960;202607;202607;6421100E;00; NSNV;N;1061;3765,90;0,016860;63,49;2,41;0,00;65,90;;
077;960;202607;202607;6421100H;00; NSNV;N;1070;2794,00;0,016860;47,11;1,78;0,00;48,89;;
077;960;202607;202607;6421100I;00; NSNV;N;496;1740,90;0,016860;29,35;1,11;0,00;30,46;;
077;960;202607;202607;6446200L;00; NSNV;N;27;16,80;0,016860;0,28;0,01;0,00;0,29;;
077;960;202607;202607;6221100I;00; NSNV;R;76;453,50;0,011800;5,35;0,20;0,00;5,55;;
077;960;202607;202607;6221100J;00; NSNV;R;29;85,70;0,011800;1,01;0,04;0,00;1,05;;
077;960;202607;202607;6221100P;00; NSNV;R;256;1104,10;0,011800;13,03;0,49;0,00;13,52;;
077;960;202607;202607;6221100R;00; NSNV;R;63;397,10;0,011800;4,69;0,18;0,00;4,86;;
077;960;202607;202607;6221100S;00; NSNV;R;86;515,60;0,011800;6,08;0,23;0,00;6,31;;
077;960;202607;202607;6421100C;00; NSNV;R;87;438,90;0,011800;5,18;0,20;0,00;5,38;;
077;960;202607;202607;6421100E;00; NSNV;R;223;1053,00;0,011800;12,43;0,47;0,00;12,90;;
077;960;202607;202607;6421100H;00; NSNV;R;184;617,70;0,011800;7,29;0,28;0,00;7,56;;
077;960;202607;202607;6421100I;00; NSNV;R;83;572,00;0,011800;6,75;0,26;0,00;7,01;;
;;;;;01;;;8596114;5440013,40;;90569,56;3431,03;0,00;94000,59;;
077;964;202607;202607;6406800Q;00; LENV;N;1;1,10;0,016860;0,02;0,00;0,00;0,02;;
;;;;;01;;;1;1,10;;0,02;0,00;0,00;0,02;;
430;931;202607;202607;31931003;00; GS8V;N;17;128,00;0,014990;1,92;0,07;0,00;1,99;;
430;931;202607;202607;32931005;00; GS8V;N;14;138,10;0,014990;2,07;0,08;0,00;2,15;;
430;931;202607;202607;33931005;00; GS8V;N;1;9,00;0,014990;0,13;0,01;0,00;0,14;;
430;931;202607;202607;37931003;00; GS8V;N;1;2,40;0,014990;0,04;0,00;0,00;0,04;;
430;931;202607;202607;3103000R;00; IENV;N;60817;31238,90;0,014990;468,27;17,74;0,00;486,01;;
430;931;202607;202607;3103000V;00; IENV;N;57222;29244,50;0,014990;438,38;16,61;0,00;454,98;;
430;931;202607;202607;31030010;00; IENV;N;60932;31158,60;0,014990;467,07;17,69;0,00;484,76;;
430;931;202607;202607;3103001I;00; IENV;N;69679;35636,10;0,014990;534,19;20,24;0,00;554,42;;
430;931;202607;202607;3103001N;00; IENV;N;70002;35837,70;0,014990;537,21;20,35;0,00;557,56;;
430;931;202607;202607;3103001R;00; IENV;N;69679;35407,00;0,014990;530,75;20,11;0,00;550,86;;
430;931;202607;202607;3121100S;00; IENV;N;15041;13272,30;0,014990;198,95;7,54;0,00;206,49;;
430;931;202607;202607;3121100Y;00; IENV;N;15239;13017,50;0,014990;195,13;7,39;0,00;202,52;;
430;931;202607;202607;31211011;00; IENV;N;15295;12543,30;0,014990;188,02;7,12;0,00;195,15;;
430;931;202607;202607;32030007;00; IENV;N;77216;39108,80;0,014990;586,24;22,21;0,00;608,45;;
430;931;202607;202607;3221100K;00; IENV;N;2794;1805,10;0,014990;27,06;1,03;0,00;28,08;;
430;931;202607;202607;32931006;00; IENV;N;2806;1590,60;0,014990;23,84;0,90;0,00;24,75;;
430;931;202607;202607;3303000D;00; IENV;N;98537;50140,70;0,014990;751,61;28,47;0,00;780,08;;
430;931;202607;202607;3321100F;00; IENV;N;2748;1416,70;0,014990;21,24;0,80;0,00;22,04;;
430;931;202607;202607;3321100H;00; IENV;N;2464;1313,80;0,014990;19,69;0,75;0,00;20,44;;
430;931;202607;202607;34030007;00; IENV;N;91619;46144,40;0,014990;691,70;26,20;0,00;717,91;;
430;931;202607;202607;3421100F;00; IENV;N;2422;1220,90;0,014990;18,30;0,69;0,00;18,99;;
430;931;202607;202607;3421100H;00; IENV;N;2201;1101,70;0,014990;16,51;0,63;0,00;17,14;;
430;931;202607;202607;3503000C;00; IENV;N;107187;55250,90;0,014990;828,21;31,37;0,00;859,59;;
430;931;202607;202607;35211008;00; IENV;N;20;43,40;0,014990;0,65;0,02;0,00;0,68;;
430;931;202607;202607;3521100E;00; IENV;N;21;10,50;0,014990;0,16;0,01;0,00;0,16;;
430;931;202607;202607;37030009;00; IENV;N;23436;11871,80;0,014990;177,96;6,74;0,00;184,70;;
430;931;202607;202607;3721100E;00; IENV;N;739;505,20;0,014990;7,57;0,29;0,00;7,86;;
430;931;202607;202607;37931004;00; IENV;N;742;464,60;0,014990;6,96;0,26;0,00;7,23;;
430;931;202607;202607;3803000A;00; IENV;N;45856;23515,80;0,014990;352,50;13,35;0,00;365,86;;
430;931;202607;202607;3821100F;00; IENV;N;5;2,50;0,014990;0,04;0,00;0,00;0,04;;
430;931;202607;202607;3821100J;00; IENV;N;9;6,60;0,014990;0,10;0,00;0,00;0,10;;
430;931;202607;202607;3103000R;00; IENV;R;119;79,50;0,010490;0,83;0,03;0,00;0,87;;
430;931;202607;202607;3103000V;00; IENV;R;117;71,80;0,010490;0,75;0,03;0,00;0,78;;
430;931;202607;202607;31030010;00; IENV;R;113;105,20;0,010490;1,10;0,04;0,00;1,15;;
430;931;202607;202607;3103001I;00; IENV;R;683;375,90;0,010490;3,94;0,15;0,00;4,09;;
430;931;202607;202607;3103001N;00; IENV;R;707;478,50;0,010490;5,02;0,19;0,00;5,21;;
430;931;202607;202607;3103001R;00; IENV;R;707;473,90;0,010490;4,97;0,19;0,00;5,16;;
430;931;202607;202607;3121100S;00; IENV;R;2808;2350,80;0,010490;24,66;0,93;0,00;25,59;;
430;931;202607;202607;3121100Y;00; IENV;R;2790;2781,40;0,010490;29,18;1,11;0,00;30,28;;
430;931;202607;202607;31211011;00; IENV;R;2925;2374,20;0,010490;24,91;0,94;0,00;25,85;;
430;931;202607;202607;32030007;00; IENV;R;467;293,20;0,010490;3,08;0,12;0,00;3,19;;
430;931;202607;202607;3221100K;00; IENV;R;423;239,60;0,010490;2,51;0,10;0,00;2,61;;
430;931;202607;202607;32931006;00; IENV;R;507;261,60;0,010490;2,74;0,10;0,00;2,85;;
430;931;202607;202607;3303000D;00; IENV;R;795;430,60;0,010490;4,52;0,17;0,00;4,69;;
430;931;202607;202607;3321100F;00; IENV;R;521;281,20;0,010490;2,95;0,11;0,00;3,06;;
430;931;202607;202607;3321100H;00; IENV;R;475;244,30;0,010490;2,56;0,10;0,00;2,66;;
430;931;202607;202607;34030007;00; IENV;R;533;270,60;0,010490;2,84;0,11;0,00;2,95;;
430;931;202607;202607;3421100H;00; IENV;R;1;0,50;0,010490;0,01;0,00;0,00;0,01;;
430;931;202607;202607;3503000C;00; IENV;R;1769;1024,70;0,010490;10,75;0,41;0,00;11,16;;
430;931;202607;202607;37030009;00; IENV;R;137;121,50;0,010490;1,27;0,05;0,00;1,32;;
430;931;202607;202607;3721100E;00; IENV;R;146;74,30;0,010490;0,78;0,03;0,00;0,81;;
430;931;202607;202607;37931004;00; IENV;R;123;150,60;0,010490;1,58;0,06;0,00;1,64;;
430;931;202607;202607;3803000A;00; IENV;R;849;570,80;0,010490;5,99;0,23;0,00;6,21;;
430;931;202607;202606;3101200H;00; LENV;N;1;0,50;0,014990;0,01;0,00;0,00;0,01;;
430;931;202607;202606;31030010;00; LENV;N;1;0,50;0,014990;0,01;0,00;0,00;0,01;;
430;931;202607;202606;3103001I;00; LENV;N;1;0,50;0,014990;0,01;0,00;0,00;0,01;;
430;931;202607;202606;3103001N;00; LENV;N;1;0,80;0,014990;0,01;0,00;0,00;0,01;;
430;931;202607;202606;3121100Q;00; LENV;N;2;1,00;0,014990;0,01;0,00;0,00;0,02;;
430;931;202607;202606;3121100U;00; LENV;N;3;1,50;0,014990;0,02;0,00;0,00;0,02;;
430;931;202607;202606;3121100Z;00; LENV;N;5;6,00;0,014990;0,09;0,00;0,00;0,09;;
430;931;202607;202606;3221100J;00; LENV;N;1;0,50;0,014990;0,01;0,00;0,00;0,01;;
430;931;202607;202606;32931003;00; LENV;N;1;0,50;0,014990;0,01;0,00;0,00;0,01;;
430;931;202607;202606;3303000D;00; LENV;N;1;0,50;0,014990;0,01;0,00;0,00;0,01;;
430;931;202607;202606;3307600O;00; LENV;N;1;0,50;0,014990;0,01;0,00;0,00;0,01;;
430;931;202607;202606;3401200G;00; LENV;N;4;2,00;0,014990;0,03;0,00;0,00;0,03;;
430;931;202607;202606;3401200L;00; LENV;N;1;0,50;0,014990;0,01;0,00;0,00;0,01;;
430;931;202607;202606;3421100E;00; LENV;N;2;1,50;0,014990;0,02;0,00;0,00;0,02;;
430;931;202607;202606;3807600M;00; LENV;N;1;0,50;0,014990;0,01;0,00;0,00;0,01;;
430;931;202607;202606;3821100D;00; LENV;N;1;1,70;0,014990;0,03;0,00;0,00;0,03;;
430;931;202607;202607;31001012;00; LENV;N;668;901,10;0,014990;13,51;0,51;0,00;14,02;;
430;931;202607;202607;31001013;00; LENV;N;662;902,00;0,014990;13,52;0,51;0,00;14,03;;
430;931;202607;202607;31001016;00; LENV;N;452;560,20;0,014990;8,40;0,32;0,00;8,72;;
430;931;202607;202607;3100101C;00; LENV;N;479;760,30;0,014990;11,40;0,43;0,00;11,83;;
430;931;202607;202607;31012009;00; LENV;N;282;228,00;0,014990;3,42;0,13;0,00;3,55;;
430;931;202607;202607;3101200B;00; LENV;N;17;52,00;0,014990;0,78;0,03;0,00;0,81;;
430;931;202607;202607;3101200C;00; LENV;N;250;166,80;0,014990;2,50;0,09;0,00;2,60;;
430;931;202607;202607;3101200G;00; LENV;N;259;191,10;0,014990;2,86;0,11;0,00;2,97;;
430;931;202607;202607;3101200H;00; LENV;N;14;14,60;0,014990;0,22;0,01;0,00;0,23;;
430;931;202607;202607;3101200J;00; LENV;N;17;33,00;0,014990;0,49;0,02;0,00;0,51;;
430;931;202607;202607;3101200L;00; LENV;N;430;357,40;0,014990;5,36;0,20;0,00;5,56;;
430;931;202607;202607;3101200N;00; LENV;N;8;17,10;0,014990;0,26;0,01;0,00;0,27;;
430;931;202607;202607;3101200P;00; LENV;N;8;22,00;0,014990;0,33;0,01;0,00;0,34;;
430;931;202607;202607;3101200R;00; LENV;N;466;344,80;0,014990;5,17;0,20;0,00;5,36;;
430;931;202607;202607;3101200T;00; LENV;N;474;306,70;0,014990;4,60;0,17;0,00;4,77;;
430;931;202607;202607;3103000R;00; LENV;N;481530;245148,90;0,014990;3674,78;139,21;0,00;3813,99;;
430;931;202607;202607;3103000V;00; LENV;N;479032;244217,20;0,014990;3660,82;138,68;0,00;3799,50;;
430;931;202607;202607;31030010;00; LENV;N;481909;245579,30;0,014990;3681,23;139,46;0,00;3820,69;;
430;931;202607;202607;3103001I;00; LENV;N;520564;264985,50;0,014990;3972,13;150,48;0,00;4122,61;;
430;931;202607;202607;3103001N;00; LENV;N;522649;265770,30;0,014990;3983,90;150,92;0,00;4134,82;;
430;931;202607;202607;3103001R;00; LENV;N;521945;265661,00;0,014990;3982,26;150,86;0,00;4133,12;;
430;931;202607;202607;31031022;00; LENV;N;200;135,80;0,014990;2,04;0,08;0,00;2,11;;
430;931;202607;202607;31031024;00; LENV;N;2425;1301,60;0,014990;19,51;0,74;0,00;20,25;;
430;931;202607;202607;31031026;00; LENV;N;183;132,60;0,014990;1,99;0,08;0,00;2,06;;
430;931;202607;202607;31031028;00; LENV;N;2338;1259,50;0,014990;18,88;0,72;0,00;19,60;;
430;931;202607;202607;3103102A;00; LENV;N;186;122,50;0,014990;1,84;0,07;0,00;1,91;;
430;931;202607;202607;3103102C;00; LENV;N;2382;1345,20;0,014990;20,16;0,76;0,00;20,93;;
430;931;202607;202607;3103102E;00; LENV;N;3;1,50;0,014990;0,02;0,00;0,00;0,02;;
430;931;202607;202607;3103102G;00; LENV;N;2594;1455,80;0,014990;21,82;0,83;0,00;22,65;;
430;931;202607;202607;3103102I;00; LENV;N;190;137,00;0,014990;2,05;0,08;0,00;2,13;;
430;931;202607;202607;3103102K;00; LENV;N;2373;1297,80;0,014990;19,45;0,74;0,00;20,19;;
430;931;202607;202607;3103102M;00; LENV;N;166;148,70;0,014990;2,23;0,08;0,00;2,31;;
430;931;202607;202607;3103102O;00; LENV;N;2270;1236,50;0,014990;18,54;0,70;0,00;19,24;;
430;931;202607;202607;3103102Q;00; LENV;N;201;182,10;0,014990;2,73;0,10;0,00;2,83;;
430;931;202607;202607;3103102S;00; LENV;N;2324;1289,80;0,014990;19,33;0,73;0,00;20,07;;
430;931;202607;202607;3103102U;00; LENV;N;183;138,90;0,014990;2,08;0,08;0,00;2,16;;
430;931;202607;202607;3103102X;00; LENV;N;2403;1339,00;0,014990;20,07;0,76;0,00;20,83;;
430;931;202607;202607;3103102Z;00; LENV;N;173;124,00;0,014990;1,86;0,07;0,00;1,93;;
430;931;202607;202607;31031031;00; LENV;N;2368;1310,40;0,014990;19,64;0,74;0,00;20,39;;
430;931;202607;202607;3107601I;00; LENV;N;9827;5775,20;0,014990;86,57;3,28;0,00;89,85;;
430;931;202607;202607;3107601M;00; LENV;N;15525;9195,10;0,014990;137,83;5,22;0,00;143,06;;
430;931;202607;202607;3107601N;00; LENV;N;15511;9040,80;0,014990;135,52;5,13;0,00;140,66;;
430;931;202607;202607;31076022;00; LENV;N;10303;6043,40;0,014990;90,59;3,43;0,00;94,02;;
430;931;202607;202607;31076027;00; LENV;N;10052;5861,70;0,014990;87,87;3,33;0,00;91,20;;
430;931;202607;202607;3121100Q;00; LENV;N;1081170;604268,00;0,014990;9057,98;343,14;0,00;9401,12;;
430;931;202607;202607;3121100S;00; LENV;N;9717;5693,80;0,014990;85,35;3,23;0,00;88,58;;
430;931;202607;202607;3121100U;00; LENV;N;1057809;588525,00;0,014990;8821,99;334,20;0,00;9156,19;;
430;931;202607;202607;3121100Y;00; LENV;N;10172;5861,80;0,014990;87,87;3,33;0,00;91,20;;
430;931;202607;202607;3121100Z;00; LENV;N;1071938;600160,70;0,014990;8996,41;340,81;0,00;9337,22;;
430;931;202607;202607;31211011;00; LENV;N;10182;6042,20;0,014990;90,57;3,43;0,00;94,00;;
430;931;202607;202607;31895002;00; LENV;N;292;161,10;0,014990;2,41;0,09;0,00;2,51;;
430;931;202607;202607;3200100C;00; LENV;N;33;147,20;0,014990;2,21;0,08;0,00;2,29;;
430;931;202607;202607;32012006;00; LENV;N;185;207,10;0,014990;3,10;0,12;0,00;3,22;;
430;931;202607;202607;32012008;00; LENV;N;1;0,50;0,014990;0,01;0,00;0,00;0,01;;
430;931;202607;202607;3201200E;00; LENV;N;158;144,70;0,014990;2,17;0,08;0,00;2,25;;
430;931;202607;202607;32030006;00; LENV;N;936;1262,10;0,014990;18,92;0,72;0,00;19,64;;
430;931;202607;202607;32030007;00; LENV;N;2083449;1051701,10;0,014990;15765,00;597,22;0,00;16362,22;;
430;931;202607;202607;3203100V;00; LENV;N;112;72,00;0,014990;1,08;0,04;0,00;1,12;;
430;931;202607;202607;3203100Y;00; LENV;N;354;190,80;0,014990;2,86;0,11;0,00;2,97;;
430;931;202607;202607;32031010;00; LENV;N;110;107,10;0,014990;1,61;0,06;0,00;1,67;;
430;931;202607;202607;32031012;00; LENV;N;345;192,00;0,014990;2,88;0,11;0,00;2,99;;
430;931;202607;202607;3207600N;00; LENV;N;1168;702,90;0,014990;10,54;0,40;0,00;10,94;;
430;931;202607;202607;3207600O;00; LENV;N;1148;709,30;0,014990;10,63;0,40;0,00;11,04;;
430;931;202607;202607;3221100J;00; LENV;N;26189;27668,20;0,014990;414,75;15,71;0,00;430,46;;
430;931;202607;202607;3221100K;00; LENV;N;20739;11903,90;0,014990;178,44;6,76;0,00;185,20;;
430;931;202607;202607;32931003;00; LENV;N;28645;30079,10;0,014990;450,89;17,08;0,00;467,97;;
430;931;202607;202607;32931006;00; LENV;N;24041;14464,00;0,014990;216,82;8,21;0,00;225,03;;
430;931;202607;202607;33001010;00; LENV;N;1;1,90;0,014990;0,03;0,00;0,00;0,03;;
430;931;202607;202607;33012007;00; LENV;N;226;231,10;0,014990;3,46;0,13;0,00;3,60;;
430;931;202607;202607;3301200F;00; LENV;N;202;226,20;0,014990;3,39;0,13;0,00;3,52;;
430;931;202607;202607;3303000D;00; LENV;N;2722063;1368630,80;0,014990;20515,78;777,19;0,00;21292,97;;
430;931;202607;202607;3303100Y;00; LENV;N;147;105,00;0,014990;1,57;0,06;0,00;1,63;;
430;931;202607;202607;33031010;00; LENV;N;83;64,40;0,014990;0,97;0,04;0,00;1,00;;
430;931;202607;202607;33031012;00; LENV;N;141;76,00;0,014990;1,14;0,04;0,00;1,18;;
430;931;202607;202607;33031014;00; LENV;N;73;88,80;0,014990;1,33;0,05;0,00;1,38;;
430;931;202607;202607;3307600N;00; LENV;N;863;940,50;0,014990;14,10;0,53;0,00;14,63;;
430;931;202607;202607;3307600O;00; LENV;N;885;762,50;0,014990;11,43;0,43;0,00;11,86;;
430;931;202607;202607;3321100D;00; LENV;N;48893;32841,20;0,014990;492,29;18,65;0,00;510,94;;
430;931;202607;202607;3321100F;00; LENV;N;40777;20959,90;0,014990;314,19;11,90;0,00;326,09;;
430;931;202607;202607;3321100H;00; LENV;N;38354;19551,60;0,014990;293,08;11,10;0,00;304,18;;
430;931;202607;202607;3321100J;00; LENV;N;43535;30130,80;0,014990;451,66;17,11;0,00;468,77;;
430;931;202607;202607;3400100M;00; LENV;N;4;2,30;0,014990;0,03;0,00;0,00;0,04;;
430;931;202607;202607;3401200F;00; LENV;N;153;215,90;0,014990;3,24;0,12;0,00;3,36;;
430;931;202607;202607;3401200G;00; LENV;N;6;3,00;0,014990;0,04;0,00;0,00;0,05;;
430;931;202607;202607;3401200J;00; LENV;N;148;263,20;0,014990;3,95;0,15;0,00;4,09;;
430;931;202607;202607;3401200L;00; LENV;N;2;1,20;0,014990;0,02;0,00;0,00;0,02;;
430;931;202607;202607;34030007;00; LENV;N;12;10,20;0,014990;0,15;0,01;0,00;0,16;;
430;931;202607;202607;34031014;00; LENV;N;1;0,50;0,014990;0,01;0,00;0,00;0,01;;
430;931;202607;202607;34076010;00; LENV;N;6;3,00;0,014990;0,04;0,00;0,00;0,05;;
430;931;202607;202607;34076011;00; LENV;N;7;4,10;0,014990;0,06;0,00;0,00;0,06;;
430;931;202607;202607;3421100E;00; LENV;N;4385;4814,60;0,014990;72,17;2,73;0,00;74,90;;
430;931;202607;202607;3421100F;00; LENV;N;55379;27985,80;0,014990;419,51;15,89;0,00;435,40;;
430;931;202607;202607;3421100H;00; LENV;N;52797;26606,60;0,014990;398,83;15,11;0,00;413,94;;
430;931;202607;202607;3421100K;00; LENV;N;4089;4369,00;0,014990;65,49;2,48;0,00;67,97;;
430;931;202607;202607;3500100G;00; LENV;N;4590;5444,50;0,014990;81,61;3,09;0,00;84,70;;
430;931;202607;202607;3501200A;00; LENV;N;282;293,80;0,014990;4,40;0,17;0,00;4,57;;
430;931;202607;202607;3501200C;00; LENV;N;8;4,00;0,014990;0,06;0,00;0,00;0,06;;
430;931;202607;202607;3501200K;00; LENV;N;319;282,50;0,014990;4,23;0,16;0,00;4,40;;
430;931;202607;202607;3503000C;00; LENV;N;349;224,60;0,014990;3,37;0,13;0,00;3,49;;
430;931;202607;202607;3503100L;00; LENV;N;91;65,90;0,014990;0,99;0,04;0,00;1,03;;
430;931;202607;202607;3503100O;00; LENV;N;102;71,50;0,014990;1,07;0,04;0,00;1,11;;
430;931;202607;202607;3503100Q;00; LENV;N;458;253,90;0,014990;3,81;0,14;0,00;3,95;;
430;931;202607;202607;3503100S;00; LENV;N;406;228,20;0,014990;3,42;0,13;0,00;3,55;;
430;931;202607;202607;3507600X;00; LENV;N;1740;1077,10;0,014990;16,15;0,61;0,00;16,76;;
430;931;202607;202607;35076010;00; LENV;N;1769;1091,80;0,014990;16,37;0,62;0,00;16,99;;
430;931;202607;202607;35211007;00; LENV;N;28882;38800,60;0,014990;581,62;22,03;0,00;603,65;;
430;931;202607;202607;35211008;00; LENV;N;191;283,10;0,014990;4,24;0,16;0,00;4,40;;
430;931;202607;202607;3521100D;00; LENV;N;28179;37560,00;0,014990;563,02;21,33;0,00;584,35;;
430;931;202607;202607;3521100E;00; LENV;N;217;260,10;0,014990;3,90;0,15;0,00;4,05;;
430;931;202607;202607;3700100I;00; LENV;N;2;1,40;0,014990;0,02;0,00;0,00;0,02;;
430;931;202607;202607;3701200A;00; LENV;N;307;522,50;0,014990;7,83;0,30;0,00;8,13;;
430;931;202607;202607;3701200H;00; LENV;N;308;431,70;0,014990;6,47;0,25;0,00;6,72;;
430;931;202607;202607;37030009;00; LENV;N;18;12,60;0,014990;0,19;0,01;0,00;0,20;;
430;931;202607;202607;3703100N;00; LENV;N;33;25,20;0,014990;0,38;0,01;0,00;0,39;;
430;931;202607;202607;3703100P;00; LENV;N;80;44,20;0,014990;0,66;0,03;0,00;0,69;;
430;931;202607;202607;3703100R;00; LENV;N;25;15,30;0,014990;0,23;0,01;0,00;0,24;;
430;931;202607;202607;3703100T;00; LENV;N;88;47,50;0,014990;0,71;0,03;0,00;0,74;;
430;931;202607;202607;3707600Q;00; LENV;N;350;202,20;0,014990;3,03;0,11;0,00;3,15;;
430;931;202607;202607;3707600S;00; LENV;N;399;227,40;0,014990;3,41;0,13;0,00;3,54;;
430;931;202607;202607;3721100E;00; LENV;N;4882;3372,80;0,014990;50,56;1,92;0,00;52,47;;
430;931;202607;202607;3721100G;00; LENV;N;4438;6996,60;0,014990;104,88;3,97;0,00;108,85;;
430;931;202607;202607;37931001;00; LENV;N;4952;8076,50;0,014990;121,07;4,59;0,00;125,65;;
430;931;202607;202607;37931004;00; LENV;N;6060;4360,00;0,014990;65,36;2,48;0,00;67,83;;
430;931;202607;202607;3801200B;00; LENV;N;38;24,20;0,014990;0,36;0,01;0,00;0,38;;
430;931;202607;202607;3801200H;00; LENV;N;1;0,50;0,014990;0,01;0,00;0,00;0,01;;
430;931;202607;202607;3803000A;00; LENV;N;568;790,70;0,014990;11,85;0,45;0,00;12,30;;
430;931;202607;202607;3803100V;00; LENV;N;21;15,00;0,014990;0,22;0,01;0,00;0,23;;
430;931;202607;202607;3803100Y;00; LENV;N;132;72,70;0,014990;1,09;0,04;0,00;1,13;;
430;931;202607;202607;38031010;00; LENV;N;27;15,20;0,014990;0,23;0,01;0,00;0,24;;
430;931;202607;202607;38031012;00; LENV;N;131;68,70;0,014990;1,03;0,04;0,00;1,07;;
430;931;202607;202607;3807600I;00; LENV;N;658;419,40;0,014990;6,29;0,24;0,00;6,52;;
430;931;202607;202607;3807600M;00; LENV;N;637;346,50;0,014990;5,19;0,20;0,00;5,39;;
430;931;202607;202607;3821100D;00; LENV;N;4618;5387,80;0,014990;80,76;3,06;0,00;83,82;;
430;931;202607;202607;3821100F;00; LENV;N;247;251,30;0,014990;3,77;0,14;0,00;3,91;;
430;931;202607;202607;3821100I;00; LENV;N;4352;5094,00;0,014990;76,36;2,89;0,00;79,25;;
430;931;202607;202607;3821100J;00; LENV;N;197;161,70;0,014990;2,42;0,09;0,00;2,52;;
430;931;202607;202607;31001013;00; LENV;R;1;0,50;0,010490;0,01;0,00;0,00;0,01;;
430;931;202607;202607;31001016;00; LENV;R;1;1,40;0,010490;0,01;0,00;0,00;0,02;;
430;931;202607;202607;31012009;00; LENV;R;3;1,70;0,010490;0,02;0,00;0,00;0,02;;
430;931;202607;202607;3101200C;00; LENV;R;1;0,60;0,010490;0,01;0,00;0,00;0,01;;
430;931;202607;202607;3101200G;00; LENV;R;3;1,50;0,010490;0,02;0,00;0,00;0,02;;
430;931;202607;202607;3103000R;00; LENV;R;680;430,90;0,010490;4,52;0,17;0,00;4,69;;
430;931;202607;202607;3103000V;00; LENV;R;750;396,20;0,010490;4,16;0,16;0,00;4,31;;
430;931;202607;202607;31030010;00; LENV;R;686;372,10;0,010490;3,90;0,15;0,00;4,05;;
430;931;202607;202607;3103001I;00; LENV;R;3657;2013,70;0,010490;21,12;0,80;0,00;21,92;;
430;931;202607;202607;3103001N;00; LENV;R;3668;2015,80;0,010490;21,15;0,80;0,00;21,95;;
430;931;202607;202607;3103001R;00; LENV;R;3607;2225,80;0,010490;23,35;0,88;0,00;24,23;;
430;931;202607;202607;31031026;00; LENV;R;1;0,50;0,010490;0,01;0,00;0,00;0,01;;
430;931;202607;202607;3103102A;00; LENV;R;1;0,50;0,010490;0,01;0,00;0,00;0,01;;
430;931;202607;202607;3103102U;00; LENV;R;1;3,70;0,010490;0,04;0,00;0,00;0,04;;
430;931;202607;202607;3103102Z;00; LENV;R;1;0,50;0,010490;0,01;0,00;0,00;0,01;;
430;931;202607;202607;3107601I;00; LENV;R;3;1,50;0,010490;0,02;0,00;0,00;0,02;;
430;931;202607;202607;3107601M;00; LENV;R;3;1,50;0,010490;0,02;0,00;0,00;0,02;;
430;931;202607;202607;3107601N;00; LENV;R;4;2,00;0,010490;0,02;0,00;0,00;0,02;;
430;931;202607;202607;31076022;00; LENV;R;4;2,00;0,010490;0,02;0,00;0,00;0,02;;
430;931;202607;202607;3121100Q;00; LENV;R;2642;6622,10;0,010490;69,47;2,63;0,00;72,10;;
430;931;202607;202607;3121100S;00; LENV;R;207;109,00;0,010490;1,14;0,04;0,00;1,19;;
430;931;202607;202607;3121100U;00; LENV;R;2636;7461,20;0,010490;78,27;2,97;0,00;81,23;;
430;931;202607;202607;3121100Y;00; LENV;R;189;129,40;0,010490;1,36;0,05;0,00;1,41;;
430;931;202607;202607;3121100Z;00; LENV;R;2604;6617,90;0,010490;69,42;2,63;0,00;72,05;;
430;931;202607;202607;31211011;00; LENV;R;199;152,90;0,010490;1,60;0,06;0,00;1,66;;
430;931;202607;202607;31895002;00; LENV;R;1;2,10;0,010490;0,02;0,00;0,00;0,02;;
430;931;202607;202607;3200100C;00; LENV;R;2;1,00;0,010490;0,01;0,00;0,00;0,01;;
430;931;202607;202607;32030006;00; LENV;R;61;182,00;0,010490;1,91;0,07;0,00;1,98;;
430;931;202607;202607;32030007;00; LENV;R;1933;1590,90;0,010490;16,69;0,63;0,00;17,32;;
430;931;202607;202607;3221100J;00; LENV;R;911;2307,70;0,010490;24,21;0,92;0,00;25,12;;
430;931;202607;202607;3221100K;00; LENV;R;187;118,90;0,010490;1,25;0,05;0,00;1,29;;
430;931;202607;202607;32931003;00; LENV;R;952;2193,00;0,010490;23,00;0,87;0,00;23,88;;
430;931;202607;202607;32931006;00; LENV;R;706;420,30;0,010490;4,41;0,17;0,00;4,58;;
430;931;202607;202607;3301200F;00; LENV;R;1;1,30;0,010490;0,01;0,00;0,00;0,01;;
430;931;202607;202607;3303000D;00; LENV;R;2098;1093,60;0,010490;11,47;0,43;0,00;11,91;;
430;931;202607;202607;33031010;00; LENV;R;1;20,10;0,010490;0,21;0,01;0,00;0,22;;
430;931;202607;202607;33031014;00; LENV;R;1;0,50;0,010490;0,01;0,00;0,00;0,01;;
430;931;202607;202607;3307600N;00; LENV;R;13;44,40;0,010490;0,47;0,02;0,00;0,48;;
430;931;202607;202607;3307600O;00; LENV;R;8;41,10;0,010490;0,43;0,02;0,00;0,45;;
430;931;202607;202607;3321100D;00; LENV;R;959;930,90;0,010490;9,77;0,37;0,00;10,14;;
430;931;202607;202607;3321100F;00; LENV;R;257;150,80;0,010490;1,58;0,06;0,00;1,64;;
430;931;202607;202607;3321100H;00; LENV;R;207;107,60;0,010490;1,13;0,04;0,00;1,17;;
430;931;202607;202607;3321100J;00; LENV;R;873;1035,60;0,010490;10,86;0,41;0,00;11,27;;
430;931;202607;202607;3401200F;00; LENV;R;8;9,80;0,010490;0,10;0,00;0,00;0,11;;
430;931;202607;202607;3401200J;00; LENV;R;8;12,80;0,010490;0,13;0,01;0,00;0,14;;
430;931;202607;202607;34076010;00; LENV;R;1;0,50;0,010490;0,01;0,00;0,00;0,01;;
430;931;202607;202607;3421100E;00; LENV;R;267;345,40;0,010490;3,62;0,14;0,00;3,76;;
430;931;202607;202607;3421100F;00; LENV;R;187;103,70;0,010490;1,09;0,04;0,00;1,13;;
430;931;202607;202607;3421100H;00; LENV;R;169;88,30;0,010490;0,93;0,04;0,00;0,96;;
430;931;202607;202607;3421100K;00; LENV;R;275;375,30;0,010490;3,94;0,15;0,00;4,09;;
430;931;202607;202607;3500100G;00; LENV;R;232;574,70;0,010490;6,03;0,23;0,00;6,26;;
430;931;202607;202607;3501200A;00; LENV;R;13;49,80;0,010490;0,52;0,02;0,00;0,54;;
430;931;202607;202607;3501200K;00; LENV;R;22;60,60;0,010490;0,64;0,02;0,00;0,66;;
430;931;202607;202607;3503000C;00; LENV;R;64;35,40;0,010490;0,37;0,01;0,00;0,39;;
430;931;202607;202607;3503100L;00; LENV;R;2;4,30;0,010490;0,05;0,00;0,00;0,05;;
430;931;202607;202607;3507600X;00; LENV;R;17;10,40;0,010490;0,11;0,00;0,00;0,11;;
430;931;202607;202607;35076010;00; LENV;R;23;16,90;0,010490;0,18;0,01;0,00;0,18;;
430;931;202607;202607;35211007;00; LENV;R;1669;3235,00;0,010490;33,94;1,29;0,00;35,22;;
430;931;202607;202607;35211008;00; LENV;R;2;2,10;0,010490;0,02;0,00;0,00;0,02;;
430;931;202607;202607;3521100D;00; LENV;R;1549;3137,50;0,010490;32,91;1,25;0,00;34,16;;
430;931;202607;202607;3521100E;00; LENV;R;2;1,70;0,010490;0,02;0,00;0,00;0,02;;
430;931;202607;202607;3701200A;00; LENV;R;9;15,20;0,010490;0,16;0,01;0,00;0,17;;
430;931;202607;202607;3701200H;00; LENV;R;10;58,00;0,010490;0,61;0,02;0,00;0,63;;
430;931;202607;202607;3721100E;00; LENV;R;101;75,60;0,010490;0,79;0,03;0,00;0,82;;
430;931;202607;202607;3721100G;00; LENV;R;195;925,40;0,010490;9,71;0,37;0,00;10,08;;
430;931;202607;202607;37931001;00; LENV;R;234;765,70;0,010490;8,03;0,30;0,00;8,34;;
430;931;202607;202607;37931004;00; LENV;R;229;176,10;0,010490;1,85;0,07;0,00;1,92;;
430;931;202607;202607;3803000A;00; LENV;R;51;58,90;0,010490;0,62;0,02;0,00;0,64;;
430;931;202607;202607;3807600M;00; LENV;R;1;0,50;0,010490;0,01;0,00;0,00;0,01;;
430;931;202607;202607;3821100D;00; LENV;R;241;333,50;0,010490;3,50;0,13;0,00;3,63;;
430;931;202607;202607;3821100F;00; LENV;R;11;18,10;0,010490;0,19;0,01;0,00;0,20;;
430;931;202607;202607;3821100I;00; LENV;R;218;338,30;0,010490;3,55;0,13;0,00;3,68;;
430;931;202607;202607;3821100J;00; LENV;R;5;2,50;0,010490;0,03;0,00;0,00;0,03;;
430;931;202607;202607;3121100P;00; LSAV;N;15;13,50;0,014990;0,20;0,01;0,00;0,21;;
430;931;202607;202607;3121100T;00; LSAV;N;18;17,40;0,014990;0,26;0,01;0,00;0,27;;
430;931;202607;202607;31211010;00; LSAV;N;493;1021,90;0,014990;15,32;0,58;0,00;15,90;;
430;931;202607;202607;3221100I;00; LSAV;N;145;364,70;0,014990;5,47;0,21;0,00;5,67;;
430;931;202607;202607;3321100I;00; LSAV;N;149;129,00;0,014990;1,93;0,07;0,00;2,01;;
430;931;202607;202607;3321100O;00; LSAV;N;13;16,20;0,014990;0,24;0,01;0,00;0,25;;
430;931;202607;202607;3321100R;00; LSAV;N;5;3,70;0,014990;0,06;0,00;0,00;0,06;;
430;931;202607;202607;3421100J;00; LSAV;N;21;32,30;0,014990;0,48;0,02;0,00;0,50;;
430;931;202607;202607;3521100G;00; LSAV;N;430;562,40;0,014990;8,43;0,32;0,00;8,75;;
430;931;202607;202607;3721100F;00; LSAV;N;20;34,00;0,014990;0,51;0,02;0,00;0,53;;
430;931;202607;202607;3821100H;00; LSAV;N;45;97,60;0,014990;1,46;0,06;0,00;1,52;;
430;931;202607;202607;31211010;00; LSAV;R;78;143,20;0,010490;1,50;0,06;0,00;1,56;;
430;931;202607;202607;3221100I;00; LSAV;R;24;24,10;0,010490;0,25;0,01;0,00;0,26;;
430;931;202607;202607;3321100I;00; LSAV;R;52;42,20;0,010490;0,44;0,02;0,00;0,46;;
430;931;202607;202607;3321100O;00; LSAV;R;1;0,50;0,010490;0,01;0,00;0,00;0,01;;
430;931;202607;202607;3421100J;00; LSAV;R;1;0,50;0,010490;0,01;0,00;0,00;0,01;;
430;931;202607;202607;3521100G;00; LSAV;R;153;226,10;0,010490;2,37;0,09;0,00;2,46;;
430;931;202607;202607;3721100F;00; LSAV;R;3;1,50;0,010490;0,02;0,00;0,00;0,02;;
430;931;202607;202607;3821100H;00; LSAV;R;14;8,90;0,010490;0,09;0,00;0,00;0,10;;
430;931;202607;202607;3121100S;00; NEAV;N;2;1,00;0,014990;0,01;0,00;0,00;0,02;;
430;931;202607;202607;3121100Y;00; NEAV;N;3;1,90;0,014990;0,03;0,00;0,00;0,03;;
430;931;202607;202607;31211011;00; NEAV;N;1;0,50;0,014990;0,01;0,00;0,00;0,01;;
430;931;202607;202607;3221100K;00; NEAV;N;1;0,60;0,014990;0,01;0,00;0,00;0,01;;
430;931;202607;202607;32931006;00; NEAV;N;1;0,70;0,014990;0,01;0,00;0,00;0,01;;
430;931;202607;202607;3321100F;00; NEAV;N;3;1,50;0,014990;0,02;0,00;0,00;0,02;;
430;931;202607;202607;3521100E;00; NEAV;N;1;0,50;0,014990;0,01;0,00;0,00;0,01;;
430;931;202607;202607;3121100S;00; NEAV;R;1;0,50;0,010490;0,01;0,00;0,00;0,01;;
430;931;202607;202607;3121100Y;00; NEAV;R;1;0,50;0,010490;0,01;0,00;0,00;0,01;;
430;931;202607;202607;3521100E;00; NEAV;R;1;0,50;0,010490;0,01;0,00;0,00;0,01;;
430;931;202607;202606;31076027;00; NENV;N;1;0,50;0,014990;0,01;0,00;0,00;0,01;;
430;931;202607;202606;3401200G;00; NENV;N;497;262,00;0,014990;3,93;0,15;0,00;4,08;;
430;931;202607;202606;3401200L;00; NENV;N;548;307,90;0,014990;4,62;0,17;0,00;4,79;;
430;931;202607;202606;34076011;00; NENV;N;1;0,50;0,014990;0,01;0,00;0,00;0,01;;
430;931;202607;202606;3707600S;00; NENV;N;1;0,50;0,014990;0,01;0,00;0,00;0,01;;
430;931;202607;202606;3807600M;00; NENV;N;1;1,20;0,014990;0,02;0,00;0,00;0,02;;
430;931;202607;202607;3103000R;00; NENV;N;802224;479747,10;0,014990;7191,41;272,43;0,00;7463,84;;
430;931;202607;202607;3103000V;00; NENV;N;793966;473962,30;0,014990;7104,69;269,15;0,00;7373,84;;
430;931;202607;202607;31030010;00; NENV;N;801690;479733,40;0,014990;7191,20;272,42;0,00;7463,63;;
430;931;202607;202607;3103001I;00; NENV;N;830316;521989,20;0,014990;7824,62;296,42;0,00;8121,04;;
430;931;202607;202607;3103001N;00; NENV;N;830507;520738,10;0,014990;7805,86;295,71;0,00;8101,57;;
430;931;202607;202607;3103001R;00; NENV;N;828725;520365,30;0,014990;7800,28;295,50;0,00;8095,77;;
430;931;202607;202607;31031024;00; NENV;N;2;8,30;0,014990;0,12;0,00;0,00;0,13;;
430;931;202607;202607;3103102C;00; NENV;N;1;0,50;0,014990;0,01;0,00;0,00;0,01;;
430;931;202607;202607;3103102G;00; NENV;N;1;0,50;0,014990;0,01;0,00;0,00;0,01;;
430;931;202607;202607;3103102K;00; NENV;N;1;0,50;0,014990;0,01;0,00;0,00;0,01;;
430;931;202607;202607;3103102S;00; NENV;N;1;0,50;0,014990;0,01;0,00;0,00;0,01;;
430;931;202607;202607;3103102X;00; NENV;N;2;1,00;0,014990;0,01;0,00;0,00;0,02;;
430;931;202607;202607;31031031;00; NENV;N;1;0,50;0,014990;0,01;0,00;0,00;0,01;;
430;931;202607;202607;31076022;00; NENV;N;1;0,50;0,014990;0,01;0,00;0,00;0,01;;
430;931;202607;202607;3121100S;00; NENV;N;269190;155472,60;0,014990;2330,53;88,29;0,00;2418,82;;
430;931;202607;202607;3121100Y;00; NENV;N;276437;160332,30;0,014990;2403,38;91,05;0,00;2494,43;;
430;931;202607;202607;31211011;00; NENV;N;276052;159970,90;0,014990;2397,96;90,84;0,00;2488,81;;
430;931;202607;202607;32030007;00; NENV;N;295646;150886,90;0,014990;2261,79;85,68;0,00;2347,48;;
430;931;202607;202607;3221100K;00; NENV;N;208115;132817,00;0,014990;1990,93;75,42;0,00;2066,35;;
430;931;202607;202607;32931006;00; NENV;N;228265;150820,40;0,014990;2260,80;85,65;0,00;2346,44;;
430;931;202607;202607;3303000D;00; NENV;N;396647;201764,40;0,014990;3024,45;114,57;0,00;3139,02;;
430;931;202607;202607;3321100F;00; NENV;N;236111;125468,10;0,014990;1880,77;71,25;0,00;1952,02;;
430;931;202607;202607;3321100H;00; NENV;N;220012;115065,60;0,014990;1724,83;65,34;0,00;1790,17;;
430;931;202607;202607;3401200G;00; NENV;N;12;6,00;0,014990;0,09;0,00;0,00;0,09;;
430;931;202607;202607;3401200L;00; NENV;N;4;2,30;0,014990;0,03;0,00;0,00;0,04;;
430;931;202607;202607;34030007;00; NENV;N;2193121;1104219,20;0,014990;16552,25;627,04;0,00;17179,29;;
430;931;202607;202607;34076011;00; NENV;N;2;1,00;0,014990;0,01;0,00;0,00;0,02;;
430;931;202607;202607;3421100F;00; NENV;N;547217;279974,30;0,014990;4196,81;158,99;0,00;4355,80;;
430;931;202607;202607;3421100H;00; NENV;N;502434;255441,70;0,014990;3829,07;145,06;0,00;3974,13;;
430;931;202607;202607;3503000C;00; NENV;N;2882728;1506389,50;0,014990;22580,78;855,42;0,00;23436,20;;
430;931;202607;202607;3503100Q;00; NENV;N;9;7,10;0,014990;0,11;0,00;0,00;0,11;;
430;931;202607;202607;3503100S;00; NENV;N;8;6,00;0,014990;0,09;0,00;0,00;0,09;;
430;931;202607;202607;3507600X;00; NENV;N;1;0,50;0,014990;0,01;0,00;0,00;0,01;;
430;931;202607;202607;35211008;00; NENV;N;21360;13386,50;0,014990;200,66;7,60;0,00;208,27;;
430;931;202607;202607;3521100E;00; NENV;N;20737;13555,00;0,014990;203,19;7,70;0,00;210,89;;
430;931;202607;202607;37030009;00; NENV;N;586156;295551,10;0,014990;4430,31;167,83;0,00;4598,14;;
430;931;202607;202607;3721100E;00; NENV;N;53850;57732,20;0,014990;865,41;32,78;0,00;898,19;;
430;931;202607;202607;37931004;00; NENV;N;58713;64634,70;0,014990;968,87;36,70;0,00;1005,58;;
430;931;202607;202607;3803000A;00; NENV;N;1272737;724108,00;0,014990;10854,38;411,19;0,00;11265,57;;
430;931;202607;202607;3807600M;00; NENV;N;1;0,50;0,014990;0,01;0,00;0,00;0,01;;
430;931;202607;202607;3821100F;00; NENV;N;14516;8841,20;0,014990;132,53;5,02;0,00;137,55;;
430;931;202607;202607;3821100J;00; NENV;N;13533;8113,60;0,014990;121,62;4,61;0,00;126,23;;
430;931;202607;202607;3103000R;00; NENV;R;2166;6560,50;0,010490;68,82;2,61;0,00;71,43;;
430;931;202607;202607;3103000V;00; NENV;R;2108;6453,80;0,010490;67,70;2,56;0,00;70,27;;
430;931;202607;202607;31030010;00; NENV;R;2163;6209,10;0,010490;65,13;2,47;0,00;67,60;;
430;931;202607;202607;3103001I;00; NENV;R;11762;36017,60;0,010490;377,82;14,31;0,00;392,14;;
430;931;202607;202607;3103001N;00; NENV;R;12169;35269,30;0,010490;369,97;14,02;0,00;383,99;;
430;931;202607;202607;3103001R;00; NENV;R;12018;37145,00;0,010490;389,65;14,76;0,00;404,41;;
430;931;202607;202607;3121100S;00; NENV;R;4239;3444,40;0,010490;36,13;1,37;0,00;37,50;;
430;931;202607;202607;3121100Y;00; NENV;R;4312;3255,10;0,010490;34,15;1,29;0,00;35,44;;
430;931;202607;202607;31211011;00; NENV;R;4438;3485,80;0,010490;36,57;1,39;0,00;37,95;;
430;931;202607;202607;32030007;00; NENV;R;66;182,40;0,010490;1,91;0,07;0,00;1,99;;
430;931;202607;202607;3221100K;00; NENV;R;3013;6781,50;0,010490;71,14;2,69;0,00;73,83;;
430;931;202607;202607;32931006;00; NENV;R;3516;8839,80;0,010490;92,73;3,51;0,00;96,24;;
430;931;202607;202607;3303000D;00; NENV;R;99;240,70;0,010490;2,52;0,10;0,00;2,62;;
430;931;202607;202607;3321100F;00; NENV;R;5028;3343,30;0,010490;35,07;1,33;0,00;36,40;;
430;931;202607;202607;3321100H;00; NENV;R;4509;2735,90;0,010490;28,70;1,09;0,00;29,79;;
430;931;202607;202607;34030007;00; NENV;R;2364;1425,00;0,010490;14,95;0,57;0,00;15,51;;
430;931;202607;202607;3421100F;00; NENV;R;4022;2286,20;0,010490;23,98;0,91;0,00;24,89;;
430;931;202607;202607;3421100H;00; NENV;R;3662;1964,70;0,010490;20,61;0,78;0,00;21,39;;
430;931;202607;202607;3503000C;00; NENV;R;9473;19815,70;0,010490;207,87;7,87;0,00;215,74;;
430;931;202607;202607;35211008;00; NENV;R;156;191,00;0,010490;2,00;0,08;0,00;2,08;;
430;931;202607;202607;3521100E;00; NENV;R;168;228,10;0,010490;2,39;0,09;0,00;2,48;;
430;931;202607;202607;37030009;00; NENV;R;437;256,20;0,010490;2,69;0,10;0,00;2,79;;
430;931;202607;202607;3721100E;00; NENV;R;2063;8991,40;0,010490;94,32;3,57;0,00;97,89;;
430;931;202607;202607;37931004;00; NENV;R;2212;11198,40;0,010490;117,47;4,45;0,00;121,92;;
430;931;202607;202607;3803000A;00; NENV;R;7099;25702,10;0,010490;269,62;10,21;0,00;279,83;;
430;931;202607;202607;3821100F;00; NENV;R;114;95,90;0,010490;1,01;0,04;0,00;1,04;;
430;931;202607;202607;3821100J;00; NENV;R;102;88,40;0,010490;0,93;0,04;0,00;0,96;;
430;931;202607;202607;3121100R;00; NSAV;N;1;0,50;0,014990;0,01;0,00;0,00;0,01;;
430;931;202607;202607;3121100X;00; NSAV;N;9;85,70;0,014990;1,28;0,05;0,00;1,33;;
430;931;202607;202607;3221100H;00; NSAV;N;6;22,30;0,014990;0,33;0,01;0,00;0,35;;
430;931;202607;202607;3321100C;00; NSAV;N;1;0,90;0,014990;0,01;0,00;0,00;0,01;;
430;931;202607;202607;3321100K;00; NSAV;N;8;45,00;0,014990;0,67;0,03;0,00;0,70;;
430;931;202607;202607;3321100L;00; NSAV;N;4;45,30;0,014990;0,68;0,03;0,00;0,70;;
430;931;202607;202607;3421100I;00; NSAV;N;3;16,70;0,014990;0,25;0,01;0,00;0,26;;
430;931;202607;202607;3521100F;00; NSAV;N;9;13,10;0,014990;0,20;0,01;0,00;0,20;;
430;931;202607;202607;3521100H;00; NSAV;N;2;8,80;0,014990;0,13;0,00;0,00;0,14;;
430;931;202607;202607;37931003;00; NSAV;N;2;7,90;0,014990;0,12;0,00;0,00;0,12;;
430;931;202607;202607;3821100K;00; NSAV;N;3;7,00;0,014990;0,10;0,00;0,00;0,11;;
430;931;202607;202607;3121100X;00; NSAV;R;11;5,50;0,010490;0,06;0,00;0,00;0,06;;
430;931;202607;202607;3221100H;00; NSAV;R;5;3,10;0,010490;0,03;0,00;0,00;0,03;;
430;931;202607;202607;3321100K;00; NSAV;R;1;0,60;0,010490;0,01;0,00;0,00;0,01;;
430;931;202607;202607;3521100F;00; NSAV;R;1;13,40;0,010490;0,14;0,01;0,00;0,15;;
430;931;202607;202607;3821100K;00; NSAV;R;1;103,00;0,010490;1,08;0,04;0,00;1,12;;
430;931;202607;202607;3121100H;00; NSNV;N;2;1,20;0,014990;0,02;0,00;0,00;0,02;;
430;931;202607;202607;3121100R;00; NSNV;N;60;202,70;0,014990;3,04;0,12;0,00;3,15;;
430;931;202607;202607;3121100V;00; NSNV;N;478;1783,10;0,014990;26,73;1,01;0,00;27,74;;
430;931;202607;202607;3121100X;00; NSNV;N;1325;2784,60;0,014990;41,74;1,58;0,00;43,32;;
430;931;202607;202607;31931003;00; NSNV;N;1;1,40;0,014990;0,02;0,00;0,00;0,02;;
430;931;202607;202607;3203100Z;00; NSNV;N;2;2,40;0,014990;0,04;0,00;0,00;0,04;;
430;931;202607;202607;32031013;00; NSNV;N;1;4,30;0,014990;0,06;0,00;0,00;0,07;;
430;931;202607;202607;3203101B;00; NSNV;N;3;6,70;0,014990;0,10;0,00;0,00;0,10;;
430;931;202607;202607;3221100H;00; NSNV;N;557;1326,90;0,014990;19,89;0,75;0,00;20,64;;
430;931;202607;202607;3321100G;00; NSNV;N;1;3,00;0,014990;0,04;0,00;0,00;0,05;;
430;931;202607;202607;3321100K;00; NSNV;N;427;896,80;0,014990;13,44;0,51;0,00;13,95;;
430;931;202607;202607;3321100L;00; NSNV;N;23;50,40;0,014990;0,76;0,03;0,00;0,78;;
430;931;202607;202607;3321100P;00; NSNV;N;1;0,70;0,014990;0,01;0,00;0,00;0,01;;
430;931;202607;202607;3421100G;00; NSNV;N;6;17,40;0,014990;0,26;0,01;0,00;0,27;;
430;931;202607;202607;3421100I;00; NSNV;N;1244;4187,90;0,014990;62,78;2,38;0,00;65,15;;
430;931;202607;202607;3421100O;00; NSNV;N;3;4,40;0,014990;0,07;0,00;0,00;0,07;;
430;931;202607;202607;3421100S;00; NSNV;N;2;2,40;0,014990;0,04;0,00;0,00;0,04;;
430;931;202607;202607;3503100M;00; NSNV;N;3;2,10;0,014990;0,03;0,00;0,00;0,03;;
430;931;202607;202607;3503100P;00; NSNV;N;1;4,60;0,014990;0,07;0,00;0,00;0,07;;
430;931;202607;202607;35031011;00; NSNV;N;2;2,10;0,014990;0,03;0,00;0,00;0,03;;
430;931;202607;202607;35031015;00; NSNV;N;2;2,60;0,014990;0,04;0,00;0,00;0,04;;
430;931;202607;202607;35211006;00; NSNV;N;2;21,80;0,014990;0,33;0,01;0,00;0,34;;
430;931;202607;202607;3521100F;00; NSNV;N;1561;4269,60;0,014990;64,00;2,42;0,00;66,43;;
430;931;202607;202607;3521100H;00; NSNV;N;16;74,80;0,014990;1,12;0,04;0,00;1,16;;
430;931;202607;202607;3521100O;00; NSNV;N;2;6,50;0,014990;0,10;0,00;0,00;0,10;;
430;931;202607;202607;3721100D;00; NSNV;N;379;1157,70;0,014990;17,35;0,66;0,00;18,01;;
430;931;202607;202607;3721100K;00; NSNV;N;1;1,70;0,014990;0,03;0,00;0,00;0,03;;
430;931;202607;202607;3721100O;00; NSNV;N;4;10,50;0,014990;0,16;0,01;0,00;0,16;;
430;931;202607;202607;3821100K;00; NSNV;N;414;1037,60;0,014990;15,55;0,59;0,00;16,14;;
430;931;202607;202607;3821100O;00; NSNV;N;7;36,00;0,014990;0,54;0,02;0,00;0,56;;
430;931;202607;202607;3821100Q;00; NSNV;N;21;74,00;0,014990;1,11;0,04;0,00;1,15;;
430;931;202607;202607;3121100R;00; NSNV;R;5;5,70;0,010490;0,06;0,00;0,00;0,06;;
430;931;202607;202607;3121100V;00; NSNV;R;60;653,60;0,010490;6,86;0,26;0,00;7,12;;
430;931;202607;202607;3121100X;00; NSNV;R;196;460,70;0,010490;4,83;0,18;0,00;5,02;;
430;931;202607;202607;32031013;00; NSNV;R;1;0,50;0,010490;0,01;0,00;0,00;0,01;;
430;931;202607;202607;3221100H;00; NSNV;R;84;235,00;0,010490;2,47;0,09;0,00;2,56;;
430;931;202607;202607;3321100G;00; NSNV;R;1;1,10;0,010490;0,01;0,00;0,00;0,01;;
430;931;202607;202607;3321100K;00; NSNV;R;67;128,20;0,010490;1,34;0,05;0,00;1,40;;
430;931;202607;202607;3321100L;00; NSNV;R;3;12,00;0,010490;0,13;0,00;0,00;0,13;;
430;931;202607;202607;3421100I;00; NSNV;R;254;1011,20;0,010490;10,61;0,40;0,00;11,01;;
430;931;202607;202607;3421100O;00; NSNV;R;1;4,80;0,010490;0,05;0,00;0,00;0,05;;
430;931;202607;202607;3503100M;00; NSNV;R;2;1,00;0,010490;0,01;0,00;0,00;0,01;;
430;931;202607;202607;35031011;00; NSNV;R;1;0,50;0,010490;0,01;0,00;0,00;0,01;;
430;931;202607;202607;3521100F;00; NSNV;R;306;924,70;0,010490;9,70;0,37;0,00;10,07;;
430;931;202607;202607;3521100H;00; NSNV;R;2;1,40;0,010490;0,01;0,00;0,00;0,02;;
430;931;202607;202607;3721100D;00; NSNV;R;50;166,30;0,010490;1,74;0,07;0,00;1,81;;
430;931;202607;202607;3721100K;00; NSNV;R;1;0,60;0,010490;0,01;0,00;0,00;0,01;;
430;931;202607;202607;37931003;00; NSNV;R;1;5,80;0,010490;0,06;0,00;0,00;0,06;;
430;931;202607;202607;3821100K;00; NSNV;R;52;96,50;0,010490;1,01;0,04;0,00;1,05;;
430;931;202607;202607;3821100O;00; NSNV;R;1;2,20;0,010490;0,02;0,00;0,00;0,02;;
430;931;202607;202607;3821100Q;00; NSNV;R;5;27,00;0,010490;0,28;0,01;0,00;0,29;;
;;;;;01;;;28163598;15671773,50;;233573,51;8848,28;0,00;242421,99;;
430;934;202607;202607;3103000R;00; LENV;N;1;0,50;0,014990;0,01;0,00;0,00;0,01;;
430;934;202607;202607;3103001I;00; LENV;N;1;0,50;0,014990;0,01;0,00;0,00;0,01;;
430;934;202607;202607;3103001N;00; LENV;N;1;5,80;0,014990;0,09;0,00;0,00;0,09;;
430;934;202607;202607;3400100M;00; LENV;N;10;7,20;0,014990;0,11;0,00;0,00;0,11;;
430;934;202607;202607;3401200F;00; LENV;N;165;124,80;0,014990;1,87;0,07;0,00;1,94;;
430;934;202607;202607;3401200G;00; LENV;N;10;6,60;0,014990;0,10;0,00;0,00;0,10;;
430;934;202607;202607;3401200J;00; LENV;N;159;144,30;0,014990;2,16;0,08;0,00;2,24;;
430;934;202607;202607;3401200L;00; LENV;N;8;4,60;0,014990;0,07;0,00;0,00;0,07;;
430;934;202607;202607;34030007;00; LENV;N;35;23,80;0,014990;0,36;0,01;0,00;0,37;;
430;934;202607;202607;34076010;00; LENV;N;2215;1239,40;0,014990;18,58;0,70;0,00;19,28;;
430;934;202607;202607;34076011;00; LENV;N;2080;1186,30;0,014990;17,78;0,67;0,00;18,46;;
430;934;202607;202607;3421100E;00; LENV;N;2739;4319,70;0,014990;64,75;2,45;0,00;67,21;;
430;934;202607;202607;3421100F;00; LENV;N;58;32,10;0,014990;0,48;0,02;0,00;0,50;;
430;934;202607;202607;3421100H;00; LENV;N;40;20,90;0,014990;0,31;0,01;0,00;0,33;;
430;934;202607;202607;3421100K;00; LENV;N;2651;4564,20;0,014990;68,42;2,59;0,00;71,01;;
430;934;202607;202607;3503000C;00; LENV;N;1;0,50;0,014990;0,01;0,00;0,00;0,01;;
430;934;202607;202607;3507600X;00; LENV;N;1;0,50;0,014990;0,01;0,00;0,00;0,01;;
430;934;202607;202607;3701200A;00; LENV;N;3;1,70;0,014990;0,03;0,00;0,00;0,03;;
430;934;202607;202607;3701200H;00; LENV;N;6;11,80;0,014990;0,18;0,01;0,00;0,18;;
430;934;202607;202607;37030009;00; LENV;N;2;1,80;0,014990;0,03;0,00;0,00;0,03;;
430;934;202607;202607;3707600Q;00; LENV;N;7;3,80;0,014990;0,06;0,00;0,00;0,06;;
430;934;202607;202607;3707600S;00; LENV;N;9;20,00;0,014990;0,30;0,01;0,00;0,31;;
430;934;202607;202607;3721100G;00; LENV;N;97;82,90;0,014990;1,24;0,05;0,00;1,29;;
430;934;202607;202607;3401200F;00; LENV;R;2;9,00;0,010490;0,09;0,00;0,00;0,10;;
430;934;202607;202607;3421100E;00; LENV;R;132;269,30;0,010490;2,82;0,11;0,00;2,93;;
430;934;202607;202607;3421100K;00; LENV;R;110;161,60;0,010490;1,70;0,06;0,00;1,76;;
430;934;202607;202607;3421100J;00; LSAV;N;1;5,50;0,014990;0,08;0,00;0,00;0,09;;
;;;;;01;;;10544;12249,10;;181,65;6,84;0,00;188,53;;
441;941;202607;202607;4104400J;00; IENV;N;141731;72196,50;0,016860;1217,23;46,11;0,00;1263,35;;
441;941;202607;202607;41044010;00; IENV;N;9376;4981,50;0,016860;83,99;3,18;0,00;87,17;;
441;941;202607;202607;4121100F;00; IENV;N;8073;6874,70;0,016860;115,91;4,39;0,00;120,30;;
441;941;202607;202607;4121100R;00; IENV;N;9047;8807,50;0,016860;148,49;5,63;0,00;154,12;;
441;941;202607;202607;4221100B;00; IENV;N;25251;13110,10;0,016860;221,04;8,37;0,00;229,41;;
441;941;202607;202607;4221100F;00; IENV;N;29972;15434,00;0,016860;260,22;9,86;0,00;270,07;;
441;941;202607;202607;4321100L;00; IENV;N;55030;28602,20;0,016860;482,23;18,27;0,00;500,50;;
441;941;202607;202607;4321100P;00; IENV;N;61010;31605,70;0,016860;532,87;20,19;0,00;553,06;;
441;941;202607;202607;4421100L;00; IENV;N;51820;26738,40;0,016860;450,81;17,08;0,00;467,89;;
441;941;202607;202607;4421100N;00; IENV;N;1;0,50;0,016860;0,01;0,00;0,00;0,01;;
441;941;202607;202607;4421100P;00; IENV;N;52023;26747,40;0,016860;450,96;17,08;0,00;468,04;;
441;941;202607;202607;4521100M;00; IENV;N;32586;18312,10;0,016860;308,74;11,70;0,00;320,44;;
441;941;202607;202607;4521100Q;00; IENV;N;32911;18649,70;0,016860;314,43;11,91;0,00;326,35;;
441;941;202607;202607;4621100I;00; IENV;N;11434;5845,20;0,016860;98,55;3,73;0,00;102,28;;
441;941;202607;202607;4621100M;00; IENV;N;11852;6073,60;0,016860;102,40;3,88;0,00;106,28;;
441;941;202607;202607;4104400J;00; IENV;R;2124;1159,00;0,011800;13,68;0,52;0,00;14,19;;
441;941;202607;202607;41044010;00; IENV;R;3;21,40;0,011800;0,25;0,01;0,00;0,26;;
441;941;202607;202607;4121100F;00; IENV;R;1648;1338,00;0,011800;15,79;0,60;0,00;16,39;;
441;941;202607;202607;4121100R;00; IENV;R;2075;1659,00;0,011800;19,58;0,74;0,00;20,32;;
441;941;202607;202607;4221100B;00; IENV;R;745;455,30;0,011800;5,37;0,20;0,00;5,58;;
441;941;202607;202607;4221100F;00; IENV;R;699;379,60;0,011800;4,48;0,17;0,00;4,65;;
441;941;202607;202607;4321100L;00; IENV;R;1314;904,40;0,011800;10,67;0,40;0,00;11,08;;
441;941;202607;202607;4321100P;00; IENV;R;1298;766,10;0,011800;9,04;0,34;0,00;9,38;;
441;941;202607;202607;4421100L;00; IENV;R;917;534,90;0,011800;6,31;0,24;0,00;6,55;;
441;941;202607;202607;4421100P;00; IENV;R;899;613,80;0,011800;7,24;0,27;0,00;7,52;;
441;941;202607;202607;4521100M;00; IENV;R;753;725,60;0,011800;8,56;0,32;0,00;8,89;;
441;941;202607;202607;4521100Q;00; IENV;R;776;771,10;0,011800;9,10;0,34;0,00;9,44;;
441;941;202607;202607;4621100I;00; IENV;R;215;121,80;0,011800;1,44;0,05;0,00;1,49;;
441;941;202607;202607;4621100M;00; IENV;R;208;111,10;0,011800;1,31;0,05;0,00;1,36;;
441;941;202607;202607;4121100G;00; ISNV;N;3;1,90;0,016860;0,03;0,00;0,00;0,03;;
441;941;202607;202607;4121100S;00; ISNV;N;4;6,70;0,016860;0,11;0,00;0,00;0,12;;
441;941;202607;202607;4121100G;00; ISNV;R;2;7,00;0,011800;0,08;0,00;0,00;0,09;;
441;941;202607;202607;4121100S;00; ISNV;R;3;6,00;0,011800;0,07;0,00;0,00;0,07;;
441;941;202607;202606;41040017;00; LENV;N;1;0,50;0,016860;0,01;0,00;0,00;0,01;;
441;941;202607;202606;4104400J;00; LENV;N;139;69,60;0,016860;1,17;0,04;0,00;1,22;;
441;941;202607;202606;42044009;00; LENV;N;10;5,00;0,016860;0,08;0,00;0,00;0,09;;
441;941;202607;202606;4204400B;00; LENV;N;13;6,50;0,016860;0,11;0,00;0,00;0,11;;
441;941;202607;202606;4304400H;00; LENV;N;4;2,00;0,016860;0,03;0,00;0,00;0,03;;
441;941;202607;202606;4304400L;00; LENV;N;1;0,50;0,016860;0,01;0,00;0,00;0,01;;
441;941;202607;202606;4504400D;00; LENV;N;1;0,50;0,016860;0,01;0,00;0,00;0,01;;
441;941;202607;202607;4100100B;00; LENV;N;32;39,00;0,016860;0,66;0,02;0,00;0,68;;
441;941;202607;202607;41001049;00; LENV;N;1493;854,30;0,016860;14,40;0,55;0,00;14,95;;
441;941;202607;202607;4100104B;00; LENV;N;1523;871,70;0,016860;14,70;0,56;0,00;15,25;;
441;941;202607;202607;41012009;00; LENV;N;742;475,70;0,016860;8,02;0,30;0,00;8,32;;
441;941;202607;202607;4101200M;00; LENV;N;1580;1041,40;0,016860;17,56;0,67;0,00;18,22;;
441;941;202607;202607;4104000Z;00; LENV;N;6996;3952,70;0,016860;66,64;2,52;0,00;69,17;;
441;941;202607;202607;41040017;00; LENV;N;6312;3739,30;0,016860;63,04;2,39;0,00;65,43;;
441;941;202607;202607;4104400I;00; LENV;N;5;2,50;0,016860;0,04;0,00;0,00;0,04;;
441;941;202607;202607;4104400J;00; LENV;N;1627993;820872,60;0,016860;13839,91;524,29;0,00;14364,21;;
441;941;202607;202607;41044010;00; LENV;N;438909;221711,90;0,016860;3738,06;141,61;0,00;3879,67;;
441;941;202607;202607;41211009;00; LENV;N;109439;88452,70;0,016860;1491,31;56,49;0,00;1547,81;;
441;941;202607;202607;4121100F;00; LENV;N;7557;5000,20;0,016860;84,30;3,19;0,00;87,50;;
441;941;202607;202607;4121100L;00; LENV;N;125350;98638,40;0,016860;1663,04;63,00;0,00;1726,04;;
441;941;202607;202607;4121100R;00; LENV;N;7741;5197,00;0,016860;87,62;3,32;0,00;90,94;;
441;941;202607;202607;41895002;00; LENV;N;186;125,30;0,016860;2,11;0,08;0,00;2,19;;
441;941;202607;202607;4200101N;00; LENV;N;39;26,50;0,016860;0,45;0,02;0,00;0,46;;
441;941;202607;202607;4200101P;00; LENV;N;31;17,00;0,016860;0,29;0,01;0,00;0,30;;
441;941;202607;202607;42012002;00; LENV;N;22;16,40;0,016860;0,28;0,01;0,00;0,29;;
441;941;202607;202607;4201200E;00; LENV;N;50;39,00;0,016860;0,66;0,02;0,00;0,68;;
441;941;202607;202607;4204000D;00; LENV;N;126;68,20;0,016860;1,15;0,04;0,00;1,19;;
441;941;202607;202607;4204000V;00; LENV;N;109;60,10;0,016860;1,01;0,04;0,00;1,05;;
441;941;202607;202607;42044009;00; LENV;N;12;6,80;0,016860;0,11;0,00;0,00;0,12;;
441;941;202607;202607;4204400B;00; LENV;N;14;8,30;0,016860;0,14;0,01;0,00;0,15;;
441;941;202607;202607;42211009;00; LENV;N;3455;2889,50;0,016860;48,72;1,85;0,00;50,56;;
441;941;202607;202607;4221100B;00; LENV;N;327740;164969,80;0,016860;2781,39;105,37;0,00;2886,76;;
441;941;202607;202607;4221100D;00; LENV;N;4556;3646,10;0,016860;61,47;2,33;0,00;63,80;;
441;941;202607;202607;4221100F;00; LENV;N;422071;212875,00;0,016860;3589,07;135,96;0,00;3725,04;;
441;941;202607;202607;43001023;00; LENV;N;220;157,10;0,016860;2,65;0,10;0,00;2,75;;
441;941;202607;202607;43001025;00; LENV;N;207;142,10;0,016860;2,40;0,09;0,00;2,49;;
441;941;202607;202607;43012002;00; LENV;N;68;40,20;0,016860;0,68;0,03;0,00;0,70;;
441;941;202607;202607;4301200A;00; LENV;N;114;67,90;0,016860;1,14;0,04;0,00;1,19;;
441;941;202607;202607;4304000K;00; LENV;N;76;40,90;0,016860;0,69;0,03;0,00;0,72;;
441;941;202607;202607;4304000R;00; LENV;N;92;48,90;0,016860;0,82;0,03;0,00;0,86;;
441;941;202607;202607;4304400H;00; LENV;N;124;63,30;0,016860;1,07;0,04;0,00;1,11;;
441;941;202607;202607;4304400L;00; LENV;N;131;66,50;0,016860;1,12;0,04;0,00;1,16;;
441;941;202607;202607;4321100J;00; LENV;N;597;1336,80;0,016860;22,54;0,85;0,00;23,39;;
441;941;202607;202607;4321100L;00; LENV;N;341763;177146,00;0,016860;2986,68;113,14;0,00;3099,83;;
441;941;202607;202607;4321100N;00; LENV;N;882;1537,90;0,016860;25,93;0,98;0,00;26,91;;
441;941;202607;202607;4321100P;00; LENV;N;368528;191128,70;0,016860;3222,43;122,07;0,00;3344,50;;
441;941;202607;202607;4400101X;00; LENV;N;63;40,90;0,016860;0,69;0,03;0,00;0,72;;
441;941;202607;202607;4400101Z;00; LENV;N;69;42,30;0,016860;0,71;0,03;0,00;0,74;;
441;941;202607;202607;44012001;00; LENV;N;31;18,50;0,016860;0,31;0,01;0,00;0,32;;
441;941;202607;202607;4401200A;00; LENV;N;92;82,00;0,016860;1,38;0,05;0,00;1,43;;
441;941;202607;202607;4404000J;00; LENV;N;968;566,90;0,016860;9,56;0,36;0,00;9,92;;
441;941;202607;202607;4404000R;00; LENV;N;965;533,60;0,016860;9,00;0,34;0,00;9,34;;
441;941;202607;202607;4404400D;00; LENV;N;40;60,20;0,016860;1,01;0,04;0,00;1,05;;
441;941;202607;202607;4404400H;00; LENV;N;33;27,20;0,016860;0,46;0,02;0,00;0,48;;
441;941;202607;202607;4421100J;00; LENV;N;9794;9692,00;0,016860;163,41;6,19;0,00;169,60;;
441;941;202607;202607;4421100L;00; LENV;N;785139;397995,30;0,016860;6710,20;254,20;0,00;6964,40;;
441;941;202607;202607;4421100N;00; LENV;N;12968;12390,20;0,016860;208,90;7,91;0,00;216,81;;
441;941;202607;202607;4421100P;00; LENV;N;786094;399385,60;0,016860;6733,64;255,09;0,00;6988,73;;
441;941;202607;202607;45001021;00; LENV;N;132;80,80;0,016860;1,36;0,05;0,00;1,41;;
441;941;202607;202607;45001023;00; LENV;N;115;66,40;0,016860;1,12;0,04;0,00;1,16;;
441;941;202607;202607;45012001;00; LENV;N;36;21,40;0,016860;0,36;0,01;0,00;0,37;;
441;941;202607;202607;45012007;00; LENV;N;67;51,70;0,016860;0,87;0,03;0,00;0,90;;
441;941;202607;202607;4504000M;00; LENV;N;615;348,60;0,016860;5,88;0,22;0,00;6,10;;
441;941;202607;202607;4504000R;00; LENV;N;676;376,80;0,016860;6,35;0,24;0,00;6,59;;
441;941;202607;202607;4504400D;00; LENV;N;11;6,00;0,016860;0,10;0,00;0,00;0,10;;
441;941;202607;202607;4504400H;00; LENV;N;7;6,60;0,016860;0,11;0,00;0,00;0,12;;
441;941;202607;202607;4521100M;00; LENV;N;435569;220879,70;0,016860;3724,03;141,08;0,00;3865,11;;
441;941;202607;202607;4521100O;00; LENV;N;5734;4389,60;0,016860;74,01;2,80;0,00;76,81;;
441;941;202607;202607;4521100Q;00; LENV;N;435983;221272,60;0,016860;3730,66;141,33;0,00;3871,98;;
441;941;202607;202607;4521100S;00; LENV;N;4572;4008,40;0,016860;67,58;2,56;0,00;70,14;;
441;941;202607;202607;4600101L;00; LENV;N;10;6,50;0,016860;0,11;0,00;0,00;0,11;;
441;941;202607;202607;4600101R;00; LENV;N;8;9,20;0,016860;0,16;0,01;0,00;0,16;;
441;941;202607;202607;46012001;00; LENV;N;1;0,70;0,016860;0,01;0,00;0,00;0,01;;
441;941;202607;202607;4601200A;00; LENV;N;4;2,00;0,016860;0,03;0,00;0,00;0,03;;
441;941;202607;202607;4604000G;00; LENV;N;107;67,30;0,016860;1,13;0,04;0,00;1,18;;
441;941;202607;202607;4604000T;00; LENV;N;151;83,80;0,016860;1,41;0,05;0,00;1,47;;
441;941;202607;202607;4604400F;00; LENV;N;3;1,70;0,016860;0,03;0,00;0,00;0,03;;
441;941;202607;202607;4604400J;00; LENV;N;3;1,80;0,016860;0,03;0,00;0,00;0,03;;
441;941;202607;202607;4621100I;00; LENV;N;172890;87414,80;0,016860;1473,81;55,83;0,00;1529,65;;
441;941;202607;202607;4621100K;00; LENV;N;1259;1383,10;0,016860;23,32;0,88;0,00;24,20;;
441;941;202607;202607;4621100M;00; LENV;N;172796;87447,20;0,016860;1474,36;55,85;0,00;1530,21;;
441;941;202607;202607;4621100O;00; LENV;N;926;1013,90;0,016860;17,09;0,65;0,00;17,74;;
441;941;202607;202607;4100100B;00; LENV;R;1;0,50;0,011800;0,01;0,00;0,00;0,01;;
441;941;202607;202607;41001049;00; LENV;R;2;2,40;0,011800;0,03;0,00;0,00;0,03;;
441;941;202607;202607;4100104B;00; LENV;R;7;4,50;0,011800;0,05;0,00;0,00;0,06;;
441;941;202607;202607;4104000Z;00; LENV;R;1;0,50;0,011800;0,01;0,00;0,00;0,01;;
441;941;202607;202607;41040017;00; LENV;R;1;0,50;0,011800;0,01;0,00;0,00;0,01;;
441;941;202607;202607;4104400J;00; LENV;R;6317;3201,50;0,011800;37,78;1,43;0,00;39,21;;
441;941;202607;202607;41044010;00; LENV;R;4;8,10;0,011800;0,10;0,00;0,00;0,10;;
441;941;202607;202607;41211009;00; LENV;R;2125;4149,80;0,011800;48,97;1,86;0,00;50,82;;
441;941;202607;202607;4121100F;00; LENV;R;282;141,90;0,011800;1,67;0,06;0,00;1,74;;
441;941;202607;202607;4121100L;00; LENV;R;2362;4482,90;0,011800;52,90;2,00;0,00;54,90;;
441;941;202607;202607;4121100R;00; LENV;R;330;172,30;0,011800;2,03;0,08;0,00;2,11;;
441;941;202607;202607;4204000D;00; LENV;R;1;0,50;0,011800;0,01;0,00;0,00;0,01;;
441;941;202607;202607;4204400B;00; LENV;R;1;0,70;0,011800;0,01;0,00;0,00;0,01;;
441;941;202607;202607;42211009;00; LENV;R;199;195,40;0,011800;2,31;0,09;0,00;2,39;;
441;941;202607;202607;4221100B;00; LENV;R;1290;678,20;0,011800;8,00;0,30;0,00;8,31;;
441;941;202607;202607;4221100D;00; LENV;R;238;400,10;0,011800;4,72;0,18;0,00;4,90;;
441;941;202607;202607;4221100F;00; LENV;R;1243;662,80;0,011800;7,82;0,30;0,00;8,12;;
441;941;202607;202607;43001023;00; LENV;R;2;1,00;0,011800;0,01;0,00;0,00;0,01;;
441;941;202607;202607;43001025;00; LENV;R;1;0,90;0,011800;0,01;0,00;0,00;0,01;;
441;941;202607;202607;4301200A;00; LENV;R;1;0,90;0,011800;0,01;0,00;0,00;0,01;;
441;941;202607;202607;4304000K;00; LENV;R;4;2,00;0,011800;0,02;0,00;0,00;0,02;;
441;941;202607;202607;4304000R;00; LENV;R;1;0,50;0,011800;0,01;0,00;0,00;0,01;;
441;941;202607;202607;4304400L;00; LENV;R;1;0,50;0,011800;0,01;0,00;0,00;0,01;;
441;941;202607;202607;4321100J;00; LENV;R;67;265,60;0,011800;3,13;0,12;0,00;3,25;;
441;941;202607;202607;4321100L;00; LENV;R;1227;873,30;0,011800;10,30;0,39;0,00;10,70;;
441;941;202607;202607;4321100N;00; LENV;R;104;319,40;0,011800;3,77;0,14;0,00;3,91;;
441;941;202607;202607;4321100P;00; LENV;R;1407;926,30;0,011800;10,93;0,41;0,00;11,34;;
441;941;202607;202607;4404000J;00; LENV;R;6;5,00;0,011800;0,06;0,00;0,00;0,06;;
441;941;202607;202607;4404000R;00; LENV;R;1;0,80;0,011800;0,01;0,00;0,00;0,01;;
441;941;202607;202607;4404400D;00; LENV;R;2;1,50;0,011800;0,02;0,00;0,00;0,02;;
441;941;202607;202607;4404400H;00; LENV;R;2;1,10;0,011800;0,01;0,00;0,00;0,01;;
441;941;202607;202607;4421100J;00; LENV;R;835;749,40;0,011800;8,84;0,33;0,00;9,18;;
441;941;202607;202607;4421100L;00; LENV;R;1586;822,10;0,011800;9,70;0,37;0,00;10,07;;
441;941;202607;202607;4421100N;00; LENV;R;1046;921,80;0,011800;10,88;0,41;0,00;11,29;;
441;941;202607;202607;4421100P;00; LENV;R;1589;854,10;0,011800;10,08;0,38;0,00;10,46;;
441;941;202607;202607;4504000M;00; LENV;R;1;1,30;0,011800;0,02;0,00;0,00;0,02;;
441;941;202607;202607;4504000R;00; LENV;R;1;0,50;0,011800;0,01;0,00;0,00;0,01;;
441;941;202607;202607;4521100M;00; LENV;R;1059;677,90;0,011800;8,00;0,30;0,00;8,30;;
441;941;202607;202607;4521100O;00; LENV;R;250;239,00;0,011800;2,82;0,11;0,00;2,93;;
441;941;202607;202607;4521100Q;00; LENV;R;1049;554,30;0,011800;6,54;0,25;0,00;6,79;;
441;941;202607;202607;4521100S;00; LENV;R;251;201,40;0,011800;2,38;0,09;0,00;2,47;;
441;941;202607;202607;4621100I;00; LENV;R;426;236,40;0,011800;2,79;0,11;0,00;2,90;;
441;941;202607;202607;4621100K;00; LENV;R;33;206,10;0,011800;2,43;0,09;0,00;2,52;;
441;941;202607;202607;4621100M;00; LENV;R;400;206,50;0,011800;2,44;0,09;0,00;2,53;;
441;941;202607;202607;4621100O;00; LENV;R;24;55,20;0,011800;0,65;0,02;0,00;0,68;;
441;941;202607;202607;4121100M;00; LSAV;N;75;196,40;0,016860;3,31;0,13;0,00;3,44;;
441;941;202607;202607;4121100X;00; LSAV;N;65;165,40;0,016860;2,79;0,11;0,00;2,89;;
441;941;202607;202607;4321100K;00; LSAV;N;10;15,60;0,016860;0,26;0,01;0,00;0,27;;
441;941;202607;202607;4321100O;00; LSAV;N;4;3,50;0,016860;0,06;0,00;0,00;0,06;;
441;941;202607;202607;4421100K;00; LSAV;N;27;47,40;0,016860;0,80;0,03;0,00;0,83;;
441;941;202607;202607;4421100O;00; LSAV;N;29;56,20;0,016860;0,95;0,04;0,00;0,98;;
441;941;202607;202607;4521100N;00; LSAV;N;4;5,50;0,016860;0,09;0,00;0,00;0,10;;
441;941;202607;202607;4521100R;00; LSAV;N;8;6,00;0,016860;0,10;0,00;0,00;0,10;;
441;941;202607;202607;4621100J;00; LSAV;N;1;1,20;0,016860;0,02;0,00;0,00;0,02;;
441;941;202607;202607;4621100N;00; LSAV;N;2;7,60;0,016860;0,13;0,00;0,00;0,13;;
441;941;202607;202607;4121100M;00; LSAV;R;12;20,40;0,011800;0,24;0,01;0,00;0,25;;
441;941;202607;202607;4121100X;00; LSAV;R;8;9,20;0,011800;0,11;0,00;0,00;0,11;;
441;941;202607;202607;4321100K;00; LSAV;R;2;1,20;0,011800;0,01;0,00;0,00;0,01;;
441;941;202607;202607;4321100O;00; LSAV;R;2;1,30;0,011800;0,02;0,00;0,00;0,02;;
441;941;202607;202607;4421100K;00; LSAV;R;11;8,90;0,011800;0,11;0,00;0,00;0,11;;
441;941;202607;202607;4421100O;00; LSAV;R;15;19,10;0,011800;0,23;0,01;0,00;0,23;;
441;941;202607;202607;4521100N;00; LSAV;R;1;0,50;0,011800;0,01;0,00;0,00;0,01;;
441;941;202607;202607;4121100F;00; NEAV;N;5;2,50;0,016860;0,04;0,00;0,00;0,04;;
441;941;202607;202607;4121100R;00; NEAV;N;4;10,10;0,016860;0,17;0,01;0,00;0,18;;
441;941;202607;202607;4221100F;00; NEAV;N;1;0,50;0,016860;0,01;0,00;0,00;0,01;;
441;941;202607;202607;4121100R;00; NEAV;R;3;9,50;0,011800;0,11;0,00;0,00;0,12;;
441;941;202607;202606;41040017;00; NENV;N;1;0,50;0,016860;0,01;0,00;0,00;0,01;;
441;941;202607;202606;41541005;00; NENV;N;12;6,00;0,016860;0,10;0,00;0,00;0,10;;
441;941;202607;202606;4204000D;00; NENV;N;2;1,00;0,016860;0,02;0,00;0,00;0,02;;
441;941;202607;202606;4204000V;00; NENV;N;1;0,50;0,016860;0,01;0,00;0,00;0,01;;
441;941;202607;202606;4304000R;00; NENV;N;2;1,00;0,016860;0,02;0,00;0,00;0,02;;
441;941;202607;202606;4404000J;00; NENV;N;2;1,00;0,016860;0,02;0,00;0,00;0,02;;
441;941;202607;202606;4504000M;00; NENV;N;2;1,00;0,016860;0,02;0,00;0,00;0,02;;
441;941;202607;202606;4504000R;00; NENV;N;3;1,50;0,016860;0,03;0,00;0,00;0,03;;
441;941;202607;202606;4604000T;00; NENV;N;1;0,50;0,016860;0,01;0,00;0,00;0,01;;
441;941;202607;202607;41040017;00; NENV;N;1;0,50;0,016860;0,01;0,00;0,00;0,01;;
441;941;202607;202607;4104400I;00; NENV;N;2;2,70;0,016860;0,05;0,00;0,00;0,05;;
441;941;202607;202607;4104400J;00; NENV;N;612761;443041,30;0,016860;7469,68;282,97;0,00;7752,65;;
441;941;202607;202607;41044010;00; NENV;N;243830;169854,30;0,016860;2863,74;108,49;0,00;2972,23;;
441;941;202607;202607;41211009;00; NENV;N;9;36,90;0,016860;0,62;0,02;0,00;0,65;;
441;941;202607;202607;4121100F;00; NENV;N;98292;62240,80;0,016860;1049,38;39,75;0,00;1089,13;;
441;941;202607;202607;4121100L;00; NENV;N;4;6,60;0,016860;0,11;0,00;0,00;0,12;;
441;941;202607;202607;4121100R;00; NENV;N;103827;66816,90;0,016860;1126,53;42,68;0,00;1169,21;;
441;941;202607;202607;41541005;00; NENV;N;16;8,00;0,016860;0,13;0,01;0,00;0,14;;
441;941;202607;202607;4204000D;00; NENV;N;3;1,50;0,016860;0,03;0,00;0,00;0,03;;
441;941;202607;202607;4204000V;00; NENV;N;1;0,50;0,016860;0,01;0,00;0,00;0,01;;
441;941;202607;202607;42211009;00; NENV;N;18;13,90;0,016860;0,23;0,01;0,00;0,24;;
441;941;202607;202607;4221100B;00; NENV;N;141780;98168,60;0,016860;1655,12;62,70;0,00;1717,82;;
441;941;202607;202607;4221100D;00; NENV;N;9;5,30;0,016860;0,09;0,00;0,00;0,09;;
441;941;202607;202607;4221100F;00; NENV;N;157700;107316,00;0,016860;1809,35;68,54;0,00;1877,89;;
441;941;202607;202607;4304000K;00; NENV;N;2;1,00;0,016860;0,02;0,00;0,00;0,02;;
441;941;202607;202607;4304000R;00; NENV;N;1;1,00;0,016860;0,02;0,00;0,00;0,02;;
441;941;202607;202607;4321100L;00; NENV;N;323397;228490,80;0,016860;3852,35;145,94;0,00;3998,29;;
441;941;202607;202607;4321100P;00; NENV;N;337728;234638,80;0,016860;3956,01;149,86;0,00;4105,87;;
441;941;202607;202607;4404000J;00; NENV;N;1;0,50;0,016860;0,01;0,00;0,00;0,01;;
441;941;202607;202607;4404000R;00; NENV;N;5;2,60;0,016860;0,04;0,00;0,00;0,05;;
441;941;202607;202607;4421100J;00; NENV;N;3;1,90;0,016860;0,03;0,00;0,00;0,03;;
441;941;202607;202607;4421100L;00; NENV;N;231270;166469,40;0,016860;2806,67;106,32;0,00;2913,00;;
441;941;202607;202607;4421100P;00; NENV;N;235263;169757,40;0,016860;2862,11;108,42;0,00;2970,53;;
441;941;202607;202607;4504000M;00; NENV;N;2;1,00;0,016860;0,02;0,00;0,00;0,02;;
441;941;202607;202607;4504000R;00; NENV;N;3;1,50;0,016860;0,03;0,00;0,00;0,03;;
441;941;202607;202607;4521100M;00; NENV;N;140167;96781,90;0,016860;1631,74;61,81;0,00;1693,56;;
441;941;202607;202607;4521100Q;00; NENV;N;137317;93505,40;0,016860;1576,50;59,72;0,00;1636,22;;
441;941;202607;202607;4521100S;00; NENV;N;1;0,50;0,016860;0,01;0,00;0,00;0,01;;
441;941;202607;202607;4604000G;00; NENV;N;6;3,00;0,016860;0,05;0,00;0,00;0,05;;
441;941;202607;202607;4604000T;00; NENV;N;11;5,50;0,016860;0,09;0,00;0,00;0,10;;
441;941;202607;202607;4604400J;00; NENV;N;12;6,00;0,016860;0,10;0,00;0,00;0,10;;
441;941;202607;202607;4621100I;00; NENV;N;45994;33441,60;0,016860;563,83;21,36;0,00;585,18;;
441;941;202607;202607;4621100K;00; NENV;N;1;0,50;0,016860;0,01;0,00;0,00;0,01;;
441;941;202607;202607;4621100M;00; NENV;N;44652;32643,40;0,016860;550,37;20,85;0,00;571,22;;
441;941;202607;202607;4104400J;00; NENV;R;11075;41449,40;0,011800;489,10;18,53;0,00;507,63;;
441;941;202607;202607;41044010;00; NENV;R;4297;12680,30;0,011800;149,63;5,67;0,00;155,30;;
441;941;202607;202607;4121100F;00; NENV;R;3858;2725,70;0,011800;32,16;1,22;0,00;33,38;;
441;941;202607;202607;4121100R;00; NENV;R;4285;2987,30;0,011800;35,25;1,34;0,00;36,59;;
441;941;202607;202607;4221100B;00; NENV;R;4579;9718,60;0,011800;114,68;4,34;0,00;119,02;;
441;941;202607;202607;4221100F;00; NENV;R;5386;9623,80;0,011800;113,56;4,30;0,00;117,86;;
441;941;202607;202607;4321100L;00; NENV;R;12377;25250,10;0,011800;297,95;11,29;0,00;309,24;;
441;941;202607;202607;4321100P;00; NENV;R;12221;23305,30;0,011800;275,00;10,42;0,00;285,42;;
441;941;202607;202607;4421100L;00; NENV;R;7120;15595,80;0,011800;184,03;6,97;0,00;191,00;;
441;941;202607;202607;4421100P;00; NENV;R;6996;16874,70;0,011800;199,12;7,54;0,00;206,66;;
441;941;202607;202607;4521100M;00; NENV;R;4818;9784,90;0,011800;115,46;4,37;0,00;119,84;;
441;941;202607;202607;4521100Q;00; NENV;R;4862;9336,90;0,011800;110,18;4,17;0,00;114,35;;
441;941;202607;202607;4604400J;00; NENV;R;9;4,50;0,011800;0,05;0,00;0,00;0,06;;
441;941;202607;202607;4621100I;00; NENV;R;1716;3916,80;0,011800;46,22;1,75;0,00;47,97;;
441;941;202607;202607;4621100M;00; NENV;R;1683;4132,80;0,011800;48,77;1,85;0,00;50,61;;
441;941;202607;202607;4121100F;00; NETV;N;1;0,80;0,016860;0,01;0,00;0,00;0,01;;
441;941;202607;202607;4121100G;00; NSAV;N;2;10,40;0,016860;0,18;0,01;0,00;0,18;;
441;941;202607;202607;4121100S;00; NSAV;N;2;7,50;0,016860;0,13;0,00;0,00;0,13;;
441;941;202607;202607;4221100G;00; NSAV;N;1;0,50;0,016860;0,01;0,00;0,00;0,01;;
441;941;202607;202607;4121100S;00; NSAV;R;1;5,50;0,011800;0,06;0,00;0,00;0,07;;
441;941;202607;202607;4121100G;00; NSNV;N;206;469,20;0,016860;7,91;0,30;0,00;8,21;;
441;941;202607;202607;4121100S;00; NSNV;N;185;329,70;0,016860;5,56;0,21;0,00;5,77;;
441;941;202607;202607;4221100C;00; NSNV;N;213;890,40;0,016860;15,01;0,57;0,00;15,58;;
441;941;202607;202607;4221100G;00; NSNV;N;223;906,50;0,016860;15,28;0,58;0,00;15,86;;
441;941;202607;202607;4321100M;00; NSNV;N;295;775,30;0,016860;13,07;0,50;0,00;13,57;;
441;941;202607;202607;4321100Q;00; NSNV;N;295;854,00;0,016860;14,40;0,55;0,00;14,94;;
441;941;202607;202607;4421100M;00; NSNV;N;241;659,30;0,016860;11,12;0,42;0,00;11,54;;
441;941;202607;202607;4421100Q;00; NSNV;N;263;765,70;0,016860;12,91;0,49;0,00;13,40;;
441;941;202607;202607;4521100L;00; NSNV;N;210;884,00;0,016860;14,90;0,56;0,00;15,47;;
441;941;202607;202607;4521100P;00; NSNV;N;219;916,70;0,016860;15,46;0,59;0,00;16,04;;
441;941;202607;202607;4621100H;00; NSNV;N;71;153,10;0,016860;2,58;0,10;0,00;2,68;;
441;941;202607;202607;4621100L;00; NSNV;N;59;250,60;0,016860;4,23;0,16;0,00;4,39;;
441;941;202607;202607;4121100G;00; NSNV;R;22;61,80;0,011800;0,73;0,03;0,00;0,76;;
441;941;202607;202607;4121100S;00; NSNV;R;34;98,80;0,011800;1,17;0,04;0,00;1,21;;
441;941;202607;202607;4221100C;00; NSNV;R;38;236,20;0,011800;2,79;0,11;0,00;2,89;;
441;941;202607;202607;4221100G;00; NSNV;R;34;165,60;0,011800;1,95;0,07;0,00;2,03;;
441;941;202607;202607;4321100M;00; NSNV;R;54;145,40;0,011800;1,72;0,06;0,00;1,78;;
441;941;202607;202607;4321100Q;00; NSNV;R;55;194,80;0,011800;2,30;0,09;0,00;2,39;;
441;941;202607;202607;4421100M;00; NSNV;R;32;58,30;0,011800;0,69;0,03;0,00;0,71;;
441;941;202607;202607;4421100Q;00; NSNV;R;31;107,90;0,011800;1,27;0,05;0,00;1,32;;
441;941;202607;202607;4521100L;00; NSNV;R;42;409,30;0,011800;4,83;0,18;0,00;5,01;;
441;941;202607;202607;4521100P;00; NSNV;R;48;396,70;0,011800;4,68;0,18;0,00;4,86;;
441;941;202607;202607;4621100H;00; NSNV;R;6;19,60;0,011800;0,23;0,01;0,00;0,24;;
441;941;202607;202607;4621100L;00; NSNV;R;6;23,70;0,011800;0,28;0,01;0,00;0,29;;
;;;;;01;;;10149143;5974075,50;;99603,73;3773,07;0,00;103377,01;;
441;943;202607;202606;4104400J;00; LENV;N;11;5,50;0,016860;0,09;0,00;0,00;0,10;;
441;943;202607;202607;4104400J;00; LENV;N;212;106,40;0,016860;1,79;0,07;0,00;1,86;;
441;943;202607;202607;4304400H;00; LENV;N;305;168,70;0,016860;2,84;0,11;0,00;2,95;;
441;943;202607;202607;4304400L;00; LENV;N;253;142,40;0,016860;2,40;0,09;0,00;2,49;;
441;943;202607;202607;4321100J;00; LENV;N;7141;6620,20;0,016860;111,62;4,23;0,00;115,84;;
441;943;202607;202607;4321100L;00; LENV;N;538978;274787,00;0,016860;4632,91;175,51;0,00;4808,42;;
441;943;202607;202607;4321100N;00; LENV;N;10543;9627,40;0,016860;162,32;6,15;0,00;168,47;;
441;943;202607;202607;4321100P;00; LENV;N;597582;304978,50;0,016860;5141,94;194,79;0,00;5336,73;;
441;943;202607;202607;4404400D;00; LENV;N;1;0,50;0,016860;0,01;0,00;0,00;0,01;;
441;943;202607;202607;4304400H;00; LENV;R;2;1,00;0,011800;0,01;0,00;0,00;0,01;;
441;943;202607;202607;4304400L;00; LENV;R;1;1,80;0,011800;0,02;0,00;0,00;0,02;;
441;943;202607;202607;4321100J;00; LENV;R;184;534,60;0,011800;6,31;0,24;0,00;6,55;;
441;943;202607;202607;4321100L;00; LENV;R;1099;800,30;0,011800;9,44;0,36;0,00;9,80;;
441;943;202607;202607;4321100N;00; LENV;R;301;613,90;0,011800;7,24;0,27;0,00;7,52;;
441;943;202607;202607;4321100P;00; LENV;R;1166;1112,70;0,011800;13,13;0,50;0,00;13,63;;
;;;;;01;;;1157779;599500,90;;10092,07;382,32;0,00;10474,40;;
447;948;202607;202607;4721101F;00; IENV;N;110017;57299,50;0,016860;966,07;36,60;0,00;1002,67;;
447;948;202607;202607;4721101J;00; IENV;N;110000;57294,40;0,016860;965,98;36,59;0,00;1002,58;;
447;948;202607;202607;4821101E;00; IENV;N;84900;44845,50;0,016860;756,10;28,64;0,00;784,74;;
447;948;202607;202607;4821101I;00; IENV;N;85388;45404,40;0,016860;765,52;29,00;0,00;794,52;;
447;948;202607;202607;4921100T;00; IENV;N;53993;27567,50;0,016860;464,79;17,61;0,00;482,40;;
447;948;202607;202607;4921100Y;00; IENV;N;54559;27846,40;0,016860;469,49;17,79;0,00;487,28;;
447;948;202607;202607;4721101F;00; IENV;R;2433;1684,60;0,011800;19,88;0,75;0,00;20,63;;
447;948;202607;202607;4721101J;00; IENV;R;2423;1432,80;0,011800;16,91;0,64;0,00;17,55;;
447;948;202607;202607;4821101E;00; IENV;R;1814;1421,50;0,011800;16,77;0,64;0,00;17,41;;
447;948;202607;202607;4821101I;00; IENV;R;1790;1348,00;0,011800;15,91;0,60;0,00;16,51;;
447;948;202607;202607;4921100T;00; IENV;R;1062;601,00;0,011800;7,09;0,27;0,00;7,36;;
447;948;202607;202607;4921100Y;00; IENV;R;1065;568,50;0,011800;6,71;0,25;0,00;6,96;;
447;948;202607;202606;4704500T;00; LENV;N;1;0,70;0,016860;0,01;0,00;0,00;0,01;;
447;948;202607;202606;4804500M;00; LENV;N;28;26,10;0,016860;0,44;0,02;0,00;0,46;;
447;948;202607;202606;4804500N;00; LENV;N;22;13,90;0,016860;0,23;0,01;0,00;0,24;;
447;948;202607;202606;4904500T;00; LENV;N;1;0,50;0,016860;0,01;0,00;0,00;0,01;;
447;948;202607;202607;47001023;00; LENV;N;211;201,20;0,016860;3,39;0,13;0,00;3,52;;
447;948;202607;202607;47001025;00; LENV;N;229;236,00;0,016860;3,98;0,15;0,00;4,13;;
447;948;202607;202607;4704500S;00; LENV;N;591;334,80;0,016860;5,64;0,21;0,00;5,86;;
447;948;202607;202607;4704500T;00; LENV;N;579;341,50;0,016860;5,76;0,22;0,00;5,98;;
447;948;202607;202607;4704600R;00; LENV;N;2518;1381,20;0,016860;23,29;0,88;0,00;24,17;;
447;948;202607;202607;47046013;00; LENV;N;2541;1459,80;0,016860;24,61;0,93;0,00;25,54;;
447;948;202607;202607;4721101D;00; LENV;N;27473;22263,40;0,016860;375,36;14,22;0,00;389,58;;
447;948;202607;202607;4721101F;00; LENV;N;2032096;1026657,80;0,016860;17309,45;655,73;0,00;17965,18;;
447;948;202607;202607;4721101H;00; LENV;N;27457;22490,80;0,016860;379,19;14,36;0,00;393,56;;
447;948;202607;202607;4721101J;00; LENV;N;2033054;1026838,10;0,016860;17312,49;655,84;0,00;17968,33;;
447;948;202607;202607;47895002;00; LENV;N;143;89,10;0,016860;1,50;0,06;0,00;1,56;;
447;948;202607;202607;48001025;00; LENV;N;314;356,80;0,016860;6,02;0,23;0,00;6,24;;
447;948;202607;202607;48001027;00; LENV;N;297;268,00;0,016860;4,52;0,17;0,00;4,69;;
447;948;202607;202607;4804500M;00; LENV;N;608;351,70;0,016860;5,93;0,22;0,00;6,15;;
447;948;202607;202607;4804500N;00; LENV;N;614;368,90;0,016860;6,22;0,24;0,00;6,46;;
447;948;202607;202607;4804600O;00; LENV;N;2744;1569,00;0,016860;26,45;1,00;0,00;27,46;;
447;948;202607;202607;48046011;00; LENV;N;2899;1641,40;0,016860;27,67;1,05;0,00;28,72;;
447;948;202607;202607;4821101C;00; LENV;N;26498;22473,50;0,016860;378,90;14,35;0,00;393,26;;
447;948;202607;202607;4821101E;00; LENV;N;1528373;773594,70;0,016860;13042,81;494,10;0,00;13536,90;;
447;948;202607;202607;4821101G;00; LENV;N;26641;21639,80;0,016860;364,85;13,82;0,00;378,67;;
447;948;202607;202607;4821101I;00; LENV;N;1530577;775597,20;0,016860;13076,57;495,38;0,00;13571,94;;
447;948;202607;202607;48895002;00; LENV;N;110;62,20;0,016860;1,05;0,04;0,00;1,09;;
447;948;202607;202607;4900101X;00; LENV;N;13;6,60;0,016860;0,11;0,00;0,00;0,12;;
447;948;202607;202607;4900101Z;00; LENV;N;22;13,80;0,016860;0,23;0,01;0,00;0,24;;
447;948;202607;202607;4904500S;00; LENV;N;88;50,60;0,016860;0,85;0,03;0,00;0,89;;
447;948;202607;202607;4904500T;00; LENV;N;67;40,60;0,016860;0,68;0,03;0,00;0,71;;
447;948;202607;202607;4904600M;00; LENV;N;722;394,90;0,016860;6,66;0,25;0,00;6,91;;
447;948;202607;202607;4904600Z;00; LENV;N;784;440,80;0,016860;7,43;0,28;0,00;7,71;;
447;948;202607;202607;4921100R;00; LENV;N;6059;4415,00;0,016860;74,44;2,82;0,00;77,26;;
447;948;202607;202607;4921100T;00; LENV;N;894127;451775,80;0,016860;7616,94;288,55;0,00;7905,49;;
447;948;202607;202607;4921100V;00; LENV;N;6086;4488,30;0,016860;75,67;2,87;0,00;78,54;;
447;948;202607;202607;4921100Y;00; LENV;N;894947;452220,90;0,016860;7624,44;288,83;0,00;7913,28;;
447;948;202607;202607;47001023;00; LENV;R;1;0,70;0,011800;0,01;0,00;0,00;0,01;;
447;948;202607;202607;47001025;00; LENV;R;1;0,60;0,011800;0,01;0,00;0,00;0,01;;
447;948;202607;202607;4704500S;00; LENV;R;2;2,30;0,011800;0,03;0,00;0,00;0,03;;
447;948;202607;202607;4704600R;00; LENV;R;1;0,50;0,011800;0,01;0,00;0,00;0,01;;
447;948;202607;202607;47046013;00; LENV;R;1;0,50;0,011800;0,01;0,00;0,00;0,01;;
447;948;202607;202607;4721101D;00; LENV;R;421;1142,20;0,011800;13,48;0,51;0,00;13,99;;
447;948;202607;202607;4721101F;00; LENV;R;6253;3478,40;0,011800;41,05;1,55;0,00;42,60;;
447;948;202607;202607;4721101H;00; LENV;R;422;922,50;0,011800;10,89;0,41;0,00;11,30;;
447;948;202607;202607;4721101J;00; LENV;R;6234;3287,80;0,011800;38,80;1,47;0,00;40,27;;
447;948;202607;202607;48001025;00; LENV;R;5;2,50;0,011800;0,03;0,00;0,00;0,03;;
447;948;202607;202607;48001027;00; LENV;R;5;2,80;0,011800;0,03;0,00;0,00;0,03;;
447;948;202607;202607;4804500M;00; LENV;R;1;0,50;0,011800;0,01;0,00;0,00;0,01;;
447;948;202607;202607;4804500N;00; LENV;R;2;1,90;0,011800;0,02;0,00;0,00;0,02;;
447;948;202607;202607;4821101C;00; LENV;R;1754;2825,80;0,011800;33,34;1,26;0,00;34,61;;
447;948;202607;202607;4821101E;00; LENV;R;4148;2222,40;0,011800;26,22;0,99;0,00;27,22;;
447;948;202607;202607;4821101G;00; LENV;R;1726;2368,30;0,011800;27,95;1,06;0,00;29,00;;
447;948;202607;202607;4821101I;00; LENV;R;4036;2147,20;0,011800;25,34;0,96;0,00;26,30;;
447;948;202607;202607;4904500T;00; LENV;R;1;2,90;0,011800;0,03;0,00;0,00;0,04;;
447;948;202607;202607;4904600M;00; LENV;R;1;0,50;0,011800;0,01;0,00;0,00;0,01;;
447;948;202607;202607;4921100R;00; LENV;R;380;451,30;0,011800;5,33;0,20;0,00;5,53;;
447;948;202607;202607;4921100T;00; LENV;R;2989;1711,80;0,011800;20,20;0,77;0,00;20,96;;
447;948;202607;202607;4921100V;00; LENV;R;392;359,20;0,011800;4,24;0,16;0,00;4,40;;
447;948;202607;202607;4921100Y;00; LENV;R;2995;1549,40;0,011800;18,28;0,69;0,00;18,98;;
447;948;202607;202607;4721101E;00; LSAV;N;24;37,40;0,016860;0,63;0,02;0,00;0,65;;
447;948;202607;202607;4721101I;00; LSAV;N;27;28,80;0,016860;0,49;0,02;0,00;0,50;;
447;948;202607;202607;4821101D;00; LSAV;N;42;92,30;0,016860;1,56;0,06;0,00;1,62;;
447;948;202607;202607;4821101H;00; LSAV;N;49;67,20;0,016860;1,13;0,04;0,00;1,18;;
447;948;202607;202607;4921100S;00; LSAV;N;1;0,50;0,016860;0,01;0,00;0,00;0,01;;
447;948;202607;202607;4921100X;00; LSAV;N;1;0,50;0,016860;0,01;0,00;0,00;0,01;;
447;948;202607;202607;4821101D;00; LSAV;R;8;20,80;0,011800;0,25;0,01;0,00;0,25;;
447;948;202607;202607;4821101H;00; LSAV;R;8;17,40;0,011800;0,21;0,01;0,00;0,21;;
447;948;202607;202607;4821101E;00; NEAV;N;1;0,50;0,016860;0,01;0,00;0,00;0,01;;
447;948;202607;202606;47363001;00; NENV;N;1;0,50;0,016860;0,01;0,00;0,00;0,01;;
447;948;202607;202606;4804600O;00; NENV;N;3;5,40;0,016860;0,09;0,00;0,00;0,09;;
447;948;202607;202606;4904600M;00; NENV;N;1;0,50;0,016860;0,01;0,00;0,00;0,01;;
447;948;202607;202607;4704600R;00; NENV;N;1;0,50;0,016860;0,01;0,00;0,00;0,01;;
447;948;202607;202607;4721101D;00; NENV;N;8;5,50;0,016860;0,09;0,00;0,00;0,10;;
447;948;202607;202607;4721101F;00; NENV;N;310701;229330,10;0,016860;3866,51;146,47;0,00;4012,98;;
447;948;202607;202607;4721101H;00; NENV;N;5;12,10;0,016860;0,20;0,01;0,00;0,21;;
447;948;202607;202607;4721101J;00; NENV;N;310988;228988,70;0,016860;3860,75;146,26;0,00;4007,01;;
447;948;202607;202607;4804600O;00; NENV;N;3;2,40;0,016860;0,04;0,00;0,00;0,04;;
447;948;202607;202607;48046011;00; NENV;N;1;0,50;0,016860;0,01;0,00;0,00;0,01;;
447;948;202607;202607;4821101C;00; NENV;N;10;7,60;0,016860;0,13;0,00;0,00;0,13;;
447;948;202607;202607;4821101E;00; NENV;N;300876;232426,20;0,016860;3918,71;148,45;0,00;4067,16;;
447;948;202607;202607;4821101G;00; NENV;N;4;2,00;0,016860;0,03;0,00;0,00;0,03;;
447;948;202607;202607;4821101I;00; NENV;N;300181;233148,10;0,016860;3930,88;148,91;0,00;4079,79;;
447;948;202607;202607;4921100R;00; NENV;N;1;3,50;0,016860;0,06;0,00;0,00;0,06;;
447;948;202607;202607;4921100T;00; NENV;N;408939;253532,50;0,016860;4274,56;161,93;0,00;4436,49;;
447;948;202607;202607;4921100Y;00; NENV;N;408844;255159,20;0,016860;4301,98;162,97;0,00;4464,95;;
447;948;202607;202607;4721101F;00; NENV;R;9391;25651,10;0,011800;302,68;11,47;0,00;314,15;;
447;948;202607;202607;4721101J;00; NENV;R;9521;27259,90;0,011800;321,67;12,19;0,00;333,85;;
447;948;202607;202607;4821101E;00; NENV;R;7734;28215,40;0,011800;332,94;12,61;0,00;345,55;;
447;948;202607;202607;4821101I;00; NENV;R;7866;28404,50;0,011800;335,17;12,70;0,00;347,87;;
447;948;202607;202607;4921100T;00; NENV;R;4174;13244,10;0,011800;156,28;5,92;0,00;162,20;;
447;948;202607;202607;4921100Y;00; NENV;R;4155;12248,80;0,011800;144,54;5,48;0,00;150,01;;
447;948;202607;202607;4821100X;00; NSAV;N;1;0,50;0,016860;0,01;0,00;0,00;0,01;;
447;948;202607;202607;4921100C;00; NSAV;N;1;0,90;0,016860;0,02;0,00;0,00;0,02;;
447;948;202607;202607;4721100Y;00; NSAV;R;1;0,50;0,011800;0,01;0,00;0,00;0,01;;
447;948;202607;202607;4721100Y;00; NSNV;N;265;595,00;0,016860;10,03;0,38;0,00;10,41;;
447;948;202607;202607;4721101G;00; NSNV;N;316;794,20;0,016860;13,39;0,51;0,00;13,90;;
447;948;202607;202607;4821100X;00; NSNV;N;370;968,40;0,016860;16,33;0,62;0,00;16,95;;
447;948;202607;202607;4821101F;00; NSNV;N;353;972,80;0,016860;16,40;0,62;0,00;17,02;;
447;948;202607;202607;4921100C;00; NSNV;N;107;315,00;0,016860;5,31;0,20;0,00;5,51;;
447;948;202607;202607;4921100U;00; NSNV;N;111;319,10;0,016860;5,38;0,20;0,00;5,58;;
447;948;202607;202607;4721100Y;00; NSNV;R;51;133,00;0,011800;1,57;0,06;0,00;1,63;;
447;948;202607;202607;4721101G;00; NSNV;R;46;112,80;0,011800;1,33;0,05;0,00;1,38;;
447;948;202607;202607;4821100X;00; NSNV;R;61;140,10;0,011800;1,65;0,06;0,00;1,72;;
447;948;202607;202607;4821101F;00; NSNV;R;45;149,60;0,011800;1,77;0,07;0,00;1,83;;
447;948;202607;202607;4921100C;00; NSNV;R;13;38,00;0,011800;0,45;0,02;0,00;0,47;;
447;948;202607;202607;4921100U;00; NSNV;R;16;39,50;0,011800;0,47;0,02;0,00;0,48;;
;;;;;01;;;11676075;6476395,40;;108356,10;4104,78;0,00;112460,91;;
471;971;202607;202607;71971004;00; GS8V;N;181;1165,20;0,014990;17,47;0,66;0,00;18,13;;
471;971;202607;202607;71971004;00; GS8V;R;7;35,80;0,010490;0,38;0,01;0,00;0,39;;
471;971;202607;202607;7107000P;00; IENV;N;255232;139284,90;0,014990;2087,88;79,09;0,00;2166,98;;
471;971;202607;202607;7107000Z;00; IENV;N;170681;93122,20;0,014990;1395,90;52,88;0,00;1448,78;;
471;971;202607;202607;7121100M;00; IENV;N;47;37,50;0,014990;0,56;0,02;0,00;0,58;;
471;971;202607;202607;7307000Q;00; IENV;N;34233;17581,80;0,014990;263,55;9,98;0,00;273,54;;
471;971;202607;202607;7307000S;00; IENV;N;84832;43407,80;0,014990;650,68;24,65;0,00;675,33;;
471;971;202607;202607;7407000U;00; IENV;N;73166;37767,00;0,014990;566,13;21,45;0,00;587,57;;
471;971;202607;202607;7407000X;00; IENV;N;20542;10641,30;0,014990;159,51;6,04;0,00;165,56;;
471;971;202607;202607;7507000U;00; IENV;N;152371;107190,10;0,014990;1606,78;60,87;0,00;1667,65;;
471;971;202607;202607;7507000V;00; IENV;N;114641;79860,10;0,014990;1197,10;45,35;0,00;1242,45;;
471;971;202607;202607;7707000L;00; IENV;N;55566;28145,40;0,014990;421,90;15,98;0,00;437,88;;
471;971;202607;202607;7707000O;00; IENV;N;112504;56945,90;0,014990;853,62;32,34;0,00;885,96;;
471;971;202607;202607;7107000P;00; IENV;R;950;1979,70;0,010490;20,77;0,79;0,00;21,55;;
471;971;202607;202607;7107000Z;00; IENV;R;615;1125,40;0,010490;11,81;0,45;0,00;12,25;;
471;971;202607;202607;7121100M;00; IENV;R;16;14,70;0,010490;0,15;0,01;0,00;0,16;;
471;971;202607;202607;7307000Q;00; IENV;R;339;199,80;0,010490;2,10;0,08;0,00;2,18;;
471;971;202607;202607;7307000S;00; IENV;R;626;321,90;0,010490;3,38;0,13;0,00;3,50;;
471;971;202607;202607;7407000U;00; IENV;R;776;484,50;0,010490;5,08;0,19;0,00;5,27;;
471;971;202607;202607;7407000X;00; IENV;R;260;236,00;0,010490;2,48;0,09;0,00;2,57;;
471;971;202607;202607;7507000U;00; IENV;R;1258;3857,40;0,010490;40,46;1,53;0,00;42,00;;
471;971;202607;202607;7507000V;00; IENV;R;955;2645,50;0,010490;27,75;1,05;0,00;28,80;;
471;971;202607;202607;7707000L;00; IENV;R;475;239,70;0,010490;2,51;0,10;0,00;2,61;;
471;971;202607;202607;7707000O;00; IENV;R;886;532,30;0,010490;5,58;0,21;0,00;5,80;;
471;971;202607;202606;71074010;00; LENV;N;1;0,50;0,014990;0,01;0,00;0,00;0,01;;
471;971;202607;202606;7307000T;00; LENV;N;1;0,50;0,014990;0,01;0,00;0,00;0,01;;
471;971;202607;202606;7407000P;00; LENV;N;1;0,50;0,014990;0,01;0,00;0,00;0,01;;
471;971;202607;202606;7407400Q;00; LENV;N;1;0,50;0,014990;0,01;0,00;0,00;0,01;;
471;971;202607;202606;7507000V;00; LENV;N;6;3,10;0,014990;0,05;0,00;0,00;0,05;;
471;971;202607;202606;7707000J;00; LENV;N;1;0,50;0,014990;0,01;0,00;0,00;0,01;;
471;971;202607;202607;71001019;00; LENV;N;119;146,40;0,014990;2,19;0,08;0,00;2,28;;
471;971;202607;202607;7100101Y;00; LENV;N;132;111,50;0,014990;1,67;0,06;0,00;1,73;;
471;971;202607;202607;7107000P;00; LENV;N;5903925;2975274,70;0,014990;44599,37;1689,55;0,00;46288,91;;
471;971;202607;202607;7107000Z;00; LENV;N;4043285;2038842,10;0,014990;30562,24;1157,78;0,00;31720,02;;
471;971;202607;202607;7107100R;00; LENV;N;26;21,80;0,014990;0,33;0,01;0,00;0,34;;
471;971;202607;202607;7107100S;00; LENV;N;29;16,70;0,014990;0,25;0,01;0,00;0,26;;
471;971;202607;202607;7107400Z;00; LENV;N;4003;2464,60;0,014990;36,94;1,40;0,00;38,34;;
471;971;202607;202607;71074010;00; LENV;N;5977;3690,30;0,014990;55,32;2,10;0,00;57,41;;
471;971;202607;202607;71074017;00; LENV;N;1949;1209,00;0,014990;18,12;0,69;0,00;18,81;;
471;971;202607;202607;7121100M;00; LENV;N;69;103,10;0,014990;1,55;0,06;0,00;1,60;;
471;971;202607;202607;71211011;00; LENV;N;181641;188810,40;0,014990;2830,27;107,22;0,00;2937,49;;
471;971;202607;202607;71895003;00; LENV;N;32;17,30;0,014990;0,26;0,01;0,00;0,27;;
471;971;202607;202607;7300100Y;00; LENV;N;1;0,50;0,014990;0,01;0,00;0,00;0,01;;
471;971;202607;202607;73001010;00; LENV;N;2;2,60;0,014990;0,04;0,00;0,00;0,04;;
471;971;202607;202607;7307000L;00; LENV;N;3;1,80;0,014990;0,03;0,00;0,00;0,03;;
471;971;202607;202607;7307000Q;00; LENV;N;23;14,40;0,014990;0,22;0,01;0,00;0,22;;
471;971;202607;202607;7307000S;00; LENV;N;25;19,50;0,014990;0,29;0,01;0,00;0,30;;
471;971;202607;202607;7307000T;00; LENV;N;16;69,50;0,014990;1,04;0,04;0,00;1,08;;
471;971;202607;202607;7307100F;00; LENV;N;15;9,00;0,014990;0,13;0,01;0,00;0,14;;
471;971;202607;202607;7307100G;00; LENV;N;15;9,30;0,014990;0,14;0,01;0,00;0,14;;
471;971;202607;202607;7307400L;00; LENV;N;279;159,70;0,014990;2,39;0,09;0,00;2,48;;
471;971;202607;202607;7307400V;00; LENV;N;133;78,40;0,014990;1,18;0,04;0,00;1,22;;
471;971;202607;202607;7307400Y;00; LENV;N;532;354,80;0,014990;5,32;0,20;0,00;5,52;;
471;971;202607;202607;73211008;00; LENV;N;12;9,10;0,014990;0,14;0,01;0,00;0,14;;
471;971;202607;202607;7321100A;00; LENV;N;12405;14882,80;0,014990;223,09;8,45;0,00;231,54;;
471;971;202607;202607;7407000P;00; LENV;N;9;11,60;0,014990;0,17;0,01;0,00;0,18;;
471;971;202607;202607;7407000Q;00; LENV;N;4;3,70;0,014990;0,06;0,00;0,00;0,06;;
471;971;202607;202607;7407000U;00; LENV;N;6;5,10;0,014990;0,08;0,00;0,00;0,08;;
471;971;202607;202607;7407000X;00; LENV;N;3;3,60;0,014990;0,05;0,00;0,00;0,06;;
471;971;202607;202607;7407100E;00; LENV;N;433;345,10;0,014990;5,17;0,20;0,00;5,37;;
471;971;202607;202607;7407100F;00; LENV;N;436;351,80;0,014990;5,27;0,20;0,00;5,47;;
471;971;202607;202607;7407400H;00; LENV;N;255;146,70;0,014990;2,20;0,08;0,00;2,28;;
471;971;202607;202607;7407400Q;00; LENV;N;343;194,50;0,014990;2,92;0,11;0,00;3,03;;
471;971;202607;202607;74211005;00; LENV;N;532;505,10;0,014990;7,57;0,29;0,00;7,86;;
471;971;202607;202607;74211006;00; LENV;N;10;11,70;0,014990;0,18;0,01;0,00;0,18;;
471;971;202607;202607;7507000P;00; LENV;N;65;94,70;0,014990;1,42;0,05;0,00;1,47;;
471;971;202607;202607;7507000Q;00; LENV;N;57;40,40;0,014990;0,61;0,02;0,00;0,63;;
471;971;202607;202607;7507000U;00; LENV;N;2900109;1459729,80;0,014990;21881,35;828,93;0,00;22710,27;;
471;971;202607;202607;7507000V;00; LENV;N;2155389;1085028,40;0,014990;16264,58;616,15;0,00;16880,72;;
471;971;202607;202607;7507100F;00; LENV;N;11;6,60;0,014990;0,10;0,00;0,00;0,10;;
471;971;202607;202607;7507100I;00; LENV;N;13;7,90;0,014990;0,12;0,00;0,00;0,12;;
471;971;202607;202607;7507400O;00; LENV;N;554;386,70;0,014990;5,80;0,22;0,00;6,02;;
471;971;202607;202607;7507400P;00; LENV;N;839;489,30;0,014990;7,33;0,28;0,00;7,61;;
471;971;202607;202607;7507400Q;00; LENV;N;752;469,60;0,014990;7,04;0,27;0,00;7,31;;
471;971;202607;202607;7507400U;00; LENV;N;267;175,60;0,014990;2,63;0,10;0,00;2,73;;
471;971;202607;202607;75211004;00; LENV;N;5;2,50;0,014990;0,04;0,00;0,00;0,04;;
471;971;202607;202607;75211005;00; LENV;N;69635;56714,90;0,014990;850,16;32,21;0,00;882,36;;
471;971;202607;202607;77001012;00; LENV;N;9;9,30;0,014990;0,14;0,01;0,00;0,14;;
471;971;202607;202607;7700101R;00; LENV;N;7;3,60;0,014990;0,05;0,00;0,00;0,06;;
471;971;202607;202607;7707000J;00; LENV;N;10446;10498,60;0,014990;157,37;5,96;0,00;163,34;;
471;971;202607;202607;7707000L;00; LENV;N;7;4,90;0,014990;0,07;0,00;0,00;0,08;;
471;971;202607;202607;7707000O;00; LENV;N;9;5,70;0,014990;0,09;0,00;0,00;0,09;;
471;971;202607;202607;7707100O;00; LENV;N;10;5,80;0,014990;0,09;0,00;0,00;0,09;;
471;971;202607;202607;7707100R;00; LENV;N;20;13,90;0,014990;0,21;0,01;0,00;0,22;;
471;971;202607;202607;7707400U;00; LENV;N;534;340,60;0,014990;5,11;0,19;0,00;5,30;;
471;971;202607;202607;7721100A;00; LENV;N;12402;12393,00;0,014990;185,77;7,04;0,00;192,81;;
471;971;202607;202607;7721100C;00; LENV;N;1;1,70;0,014990;0,03;0,00;0,00;0,03;;
471;971;202607;202607;7107000P;00; LENV;R;6992;3669,50;0,010490;38,49;1,46;0,00;39,95;;
471;971;202607;202607;7107000Z;00; LENV;R;4593;2505,00;0,010490;26,28;1,00;0,00;27,27;;
471;971;202607;202607;7107400Z;00; LENV;R;1;0,50;0,010490;0,01;0,00;0,00;0,01;;
471;971;202607;202607;71074017;00; LENV;R;1;7,70;0,010490;0,08;0,00;0,00;0,08;;
471;971;202607;202607;7121100M;00; LENV;R;1;0,50;0,010490;0,01;0,00;0,00;0,01;;
471;971;202607;202607;71211011;00; LENV;R;8580;18746,70;0,010490;196,65;7,45;0,00;204,10;;
471;971;202607;202607;7321100A;00; LENV;R;1094;1873,80;0,010490;19,66;0,74;0,00;20,40;;
471;971;202607;202607;7407100E;00; LENV;R;1;0,50;0,010490;0,01;0,00;0,00;0,01;;
471;971;202607;202607;7407100F;00; LENV;R;2;1,00;0,010490;0,01;0,00;0,00;0,01;;
471;971;202607;202607;74211005;00; LENV;R;3;1,50;0,010490;0,02;0,00;0,00;0,02;;
471;971;202607;202607;7507000P;00; LENV;R;4;4,10;0,010490;0,04;0,00;0,00;0,04;;
471;971;202607;202607;7507000Q;00; LENV;R;5;3,50;0,010490;0,04;0,00;0,00;0,04;;
471;971;202607;202607;7507000U;00; LENV;R;3940;2026,10;0,010490;21,25;0,81;0,00;22,06;;
471;971;202607;202607;7507000V;00; LENV;R;2894;1461,80;0,010490;15,33;0,58;0,00;15,92;;
471;971;202607;202607;7507400P;00; LENV;R;2;5,70;0,010490;0,06;0,00;0,00;0,06;;
471;971;202607;202607;7507400Q;00; LENV;R;2;1,10;0,010490;0,01;0,00;0,00;0,01;;
471;971;202607;202607;75211005;00; LENV;R;1034;4301,20;0,010490;45,12;1,71;0,00;46,83;;
471;971;202607;202607;7707000J;00; LENV;R;1585;1404,30;0,010490;14,73;0,56;0,00;15,29;;
471;971;202607;202607;7721100A;00; LENV;R;2538;1970,80;0,010490;20,67;0,78;0,00;21,46;;
471;971;202607;202607;7121100Z;00; LSAV;N;27;98,20;0,014990;1,47;0,06;0,00;1,53;;
471;971;202607;202607;71211011;00; LSAV;N;664;1909,50;0,014990;28,62;1,08;0,00;29,71;;
471;971;202607;202607;71971003;00; LSAV;N;4;9,50;0,014990;0,14;0,01;0,00;0,15;;
471;971;202607;202607;7321100A;00; LSAV;N;19;88,70;0,014990;1,33;0,05;0,00;1,38;;
471;971;202607;202607;75211005;00; LSAV;N;30;357,40;0,014990;5,36;0,20;0,00;5,56;;
471;971;202607;202607;77211005;00; LSAV;N;7;14,70;0,014990;0,22;0,01;0,00;0,23;;
471;971;202607;202607;7721100A;00; LSAV;N;31;66,10;0,014990;0,99;0,04;0,00;1,03;;
471;971;202607;202607;7121100Z;00; LSAV;R;3;8,20;0,010490;0,09;0,00;0,00;0,09;;
471;971;202607;202607;71211011;00; LSAV;R;188;570,00;0,010490;5,98;0,23;0,00;6,21;;
471;971;202607;202607;7321100A;00; LSAV;R;2;17,50;0,010490;0,18;0,01;0,00;0,19;;
471;971;202607;202607;75211005;00; LSAV;R;1;1,40;0,010490;0,01;0,00;0,00;0,02;;
471;971;202607;202607;77211005;00; LSAV;R;1;0,90;0,010490;0,01;0,00;0,00;0,01;;
471;971;202607;202607;7721100A;00; LSAV;R;1;0,50;0,010490;0,01;0,00;0,00;0,01;;
471;971;202607;202607;7121100M;00; NEAV;N;2;7,10;0,014990;0,11;0,00;0,00;0,11;;
471;971;202607;202606;7107000P;00; NENV;N;5;3,20;0,014990;0,05;0,00;0,00;0,05;;
471;971;202607;202606;7107000Z;00; NENV;N;2;4,20;0,014990;0,06;0,00;0,00;0,07;;
471;971;202607;202606;71074010;00; NENV;N;1;2,00;0,014990;0,03;0,00;0,00;0,03;;
471;971;202607;202606;7307000L;00; NENV;N;3;2,10;0,014990;0,03;0,00;0,00;0,03;;
471;971;202607;202606;7307000T;00; NENV;N;1;0,50;0,014990;0,01;0,00;0,00;0,01;;
471;971;202607;202606;7307400Y;00; NENV;N;3;1,50;0,014990;0,02;0,00;0,00;0,02;;
471;971;202607;202606;7407000P;00; NENV;N;2;1,00;0,014990;0,01;0,00;0,00;0,02;;
471;971;202607;202606;7407000Q;00; NENV;N;3;3,20;0,014990;0,05;0,00;0,00;0,05;;
471;971;202607;202606;7407000U;00; NENV;N;5;11,10;0,014990;0,17;0,01;0,00;0,17;;
471;971;202607;202606;7507000U;00; NENV;N;3;1,50;0,014990;0,02;0,00;0,00;0,02;;
471;971;202607;202606;7507000V;00; NENV;N;4;2,00;0,014990;0,03;0,00;0,00;0,03;;
471;971;202607;202606;7707000J;00; NENV;N;1;0,50;0,014990;0,01;0,00;0,00;0,01;;
471;971;202607;202606;7707400U;00; NENV;N;5;2,60;0,014990;0,04;0,00;0,00;0,04;;
471;971;202607;202607;7107000P;00; NENV;N;2401617;1824609,10;0,014990;27350,89;1036,13;0,00;28387,02;;
471;971;202607;202607;7107000Z;00; NENV;N;1627012;1227884,10;0,014990;18405,98;697,27;0,00;19103,25;;
471;971;202607;202607;71074010;00; NENV;N;4;2,00;0,014990;0,03;0,00;0,00;0,03;;
471;971;202607;202607;7121100M;00; NENV;N;327427;194691,30;0,014990;2918,42;110,56;0,00;3028,98;;
471;971;202607;202607;71211011;00; NENV;N;9;10,50;0,014990;0,16;0,01;0,00;0,16;;
471;971;202607;202607;71231001;00; NENV;N;58;32,10;0,014990;0,48;0,02;0,00;0,50;;
471;971;202607;202607;71231002;00; NENV;N;68;34,50;0,014990;0,52;0,02;0,00;0,54;;
471;971;202607;202607;7307000Q;00; NENV;N;654402;433809,70;0,014990;6502,81;246,34;0,00;6749,15;;
471;971;202607;202607;7307000S;00; NENV;N;1825532;1126420,00;0,014990;16885,04;639,65;0,00;17524,69;;
471;971;202607;202607;7307000T;00; NENV;N;12;6,60;0,014990;0,10;0,00;0,00;0,10;;
471;971;202607;202607;7307400L;00; NENV;N;3;1,50;0,014990;0,02;0,00;0,00;0,02;;
471;971;202607;202607;7307400Y;00; NENV;N;11;5,70;0,014990;0,09;0,00;0,00;0,09;;
471;971;202607;202607;73211008;00; NENV;N;52487;34023,00;0,014990;510,00;19,32;0,00;529,33;;
471;971;202607;202607;7321100A;00; NENV;N;5;15,50;0,014990;0,23;0,01;0,00;0,24;;
471;971;202607;202607;7407000P;00; NENV;N;1;0,50;0,014990;0,01;0,00;0,00;0,01;;
471;971;202607;202607;7407000Q;00; NENV;N;9;6,30;0,014990;0,09;0,00;0,00;0,10;;
471;971;202607;202607;7407000U;00; NENV;N;1418818;856750,30;0,014990;12842,69;486,52;0,00;13329,20;;
471;971;202607;202607;7407000X;00; NENV;N;327671;214520,70;0,014990;3215,67;121,82;0,00;3337,48;;
471;971;202607;202607;74211005;00; NENV;N;2;2,70;0,014990;0,04;0,00;0,00;0,04;;
471;971;202607;202607;74211006;00; NENV;N;49495;33155,60;0,014990;497,00;18,83;0,00;515,83;;
471;971;202607;202607;7507000U;00; NENV;N;1070702;855570,30;0,014990;12825,00;485,85;0,00;13310,84;;
471;971;202607;202607;7507000V;00; NENV;N;798827;635252,20;0,014990;9522,43;360,74;0,00;9883,17;;
471;971;202607;202607;75211004;00; NENV;N;183478;108941,70;0,014990;1633,04;61,86;0,00;1694,90;;
471;971;202607;202607;75211005;00; NENV;N;5;11,60;0,014990;0,17;0,01;0,00;0,18;;
471;971;202607;202607;7707000J;00; NENV;N;3;1,50;0,014990;0,02;0,00;0,00;0,02;;
471;971;202607;202607;7707000L;00; NENV;N;1100565;609198,70;0,014990;9131,89;345,94;0,00;9477,83;;
471;971;202607;202607;7707000O;00; NENV;N;2226764;1238206,60;0,014990;18560,72;703,13;0,00;19263,85;;
471;971;202607;202607;7707400U;00; NENV;N;2;1,00;0,014990;0,01;0,00;0,00;0,02;;
471;971;202607;202607;7721100C;00; NENV;N;39556;27448,60;0,014990;411,45;15,59;0,00;427,04;;
471;971;202607;202606;7407000P;00; NENV;R;1;0,70;0,010490;0,01;0,00;0,00;0,01;;
471;971;202607;202606;7407000Q;00; NENV;R;2;5,20;0,010490;0,05;0,00;0,00;0,06;;
471;971;202607;202606;7407000U;00; NENV;R;2;1,40;0,010490;0,01;0,00;0,00;0,02;;
471;971;202607;202607;7107000P;00; NENV;R;41632;184935,80;0,010490;1939,98;73,49;0,00;2013,47;;
471;971;202607;202607;7107000Q;00; NENV;R;1;1,20;0,010490;0,01;0,00;0,00;0,01;;
471;971;202607;202607;7107000S;00; NENV;R;2;5,80;0,010490;0,06;0,00;0,00;0,06;;
471;971;202607;202607;7107000Z;00; NENV;R;27762;122167,00;0,010490;1281,53;48,55;0,00;1330,08;;
471;971;202607;202607;7121100M;00; NENV;R;1468;1746,80;0,010490;18,32;0,69;0,00;19,02;;
471;971;202607;202607;7307000Q;00; NENV;R;8450;34447,10;0,010490;361,35;13,69;0,00;375,04;;
471;971;202607;202607;7307000S;00; NENV;R;16056;65567,40;0,010490;687,80;26,06;0,00;713,86;;
471;971;202607;202607;73211008;00; NENV;R;363;770,40;0,010490;8,08;0,31;0,00;8,39;;
471;971;202607;202607;7407000U;00; NENV;R;14016;54571,80;0,010490;572,46;21,69;0,00;594,14;;
471;971;202607;202607;7407000X;00; NENV;R;5166;19366,20;0,010490;203,15;7,70;0,00;210,85;;
471;971;202607;202607;74211006;00; NENV;R;432;976,80;0,010490;10,25;0,39;0,00;10,63;;
471;971;202607;202607;7507000U;00; NENV;R;21566;109419,40;0,010490;1147,81;43,48;0,00;1191,29;;
471;971;202607;202607;7507000V;00; NENV;R;16153;79004,60;0,010490;828,76;31,40;0,00;860,15;;
471;971;202607;202607;75211004;00; NENV;R;769;1363,70;0,010490;14,31;0,54;0,00;14,85;;
471;971;202607;202607;7707000L;00; NENV;R;6107;22528,70;0,010490;236,33;8,95;0,00;245,28;;
471;971;202607;202607;7707000O;00; NENV;R;12551;45301,00;0,010490;475,21;18,00;0,00;493,21;;
471;971;202607;202607;7721100C;00; NENV;R;367;552,20;0,010490;5,79;0,22;0,00;6,01;;
471;971;202607;202607;7121100E;00; NSAV;N;33;1062,80;0,014990;15,93;0,60;0,00;16,53;;
471;971;202607;202607;7121100M;00; NSAV;N;3;2,50;0,014990;0,04;0,00;0,00;0,04;;
471;971;202607;202607;71211010;00; NSAV;N;2;26,00;0,014990;0,39;0,01;0,00;0,40;;
471;971;202607;202607;73211007;00; NSAV;N;20;23,20;0,014990;0,35;0,01;0,00;0,36;;
471;971;202607;202607;74211004;00; NSAV;N;1;0,50;0,014990;0,01;0,00;0,00;0,01;;
471;971;202607;202607;74211006;00; NSAV;N;4;3,00;0,014990;0,04;0,00;0,00;0,05;;
471;971;202607;202607;75211004;00; NSAV;N;1;3,90;0,014990;0,06;0,00;0,00;0,06;;
471;971;202607;202607;7721100C;00; NSAV;N;2;1,00;0,014990;0,01;0,00;0,00;0,02;;
471;971;202607;202607;7121100E;00; NSAV;R;13;778,30;0,010490;8,16;0,31;0,00;8,47;;
471;971;202607;202607;73211007;00; NSAV;R;5;4,30;0,010490;0,05;0,00;0,00;0,05;;
471;971;202607;202607;73211008;00; NSAV;R;2;22,70;0,010490;0,24;0,01;0,00;0,25;;
471;971;202607;202607;74211004;00; NSAV;R;1;0,50;0,010490;0,01;0,00;0,00;0,01;;
471;971;202607;202607;7100101N;00; NSNV;N;267;142,20;0,014990;2,13;0,08;0,00;2,21;;
471;971;202607;202607;7100101R;00; NSNV;N;253;161,00;0,014990;2,41;0,09;0,00;2,50;;
471;971;202607;202607;7100101T;00; NSNV;N;293;175,30;0,014990;2,63;0,10;0,00;2,73;;
471;971;202607;202607;7100101U;00; NSNV;N;246;192,90;0,014990;2,89;0,11;0,00;3,00;;
471;971;202607;202607;7121100E;00; NSNV;N;147;301,50;0,014990;4,52;0,17;0,00;4,69;;
471;971;202607;202607;7121100I;00; NSNV;N;11;9,70;0,014990;0,15;0,01;0,00;0,15;;
471;971;202607;202607;7121100M;00; NSNV;N;842;2185,20;0,014990;32,76;1,24;0,00;34,00;;
471;971;202607;202607;7121100V;00; NSNV;N;13;29,30;0,014990;0,44;0,02;0,00;0,46;;
471;971;202607;202607;71211010;00; NSNV;N;186;646,80;0,014990;9,70;0,37;0,00;10,06;;
471;971;202607;202607;71971004;00; NSNV;N;5;3,80;0,014990;0,06;0,00;0,00;0,06;;
471;971;202607;202607;73211007;00; NSNV;N;925;2631,40;0,014990;39,44;1,49;0,00;40,94;;
471;971;202607;202607;73211008;00; NSNV;N;976;2821,30;0,014990;42,29;1,60;0,00;43,89;;
471;971;202607;202607;7407000U;00; NSNV;N;13;8,10;0,014990;0,12;0,00;0,00;0,13;;
471;971;202607;202607;7407000Z;00; NSNV;N;6;5,10;0,014990;0,08;0,00;0,00;0,08;;
471;971;202607;202607;74211001;00; NSNV;N;70;148,20;0,014990;2,22;0,08;0,00;2,31;;
471;971;202607;202607;74211004;00; NSNV;N;284;677,00;0,014990;10,15;0,38;0,00;10,53;;
471;971;202607;202607;74211006;00; NSNV;N;362;867,30;0,014990;13,00;0,49;0,00;13,49;;
471;971;202607;202607;7507000T;00; NSNV;N;7;25,00;0,014990;0,37;0,01;0,00;0,39;;
471;971;202607;202607;7507000V;00; NSNV;N;10;9,10;0,014990;0,14;0,01;0,00;0,14;;
471;971;202607;202607;7507000Z;00; NSNV;N;12;6,90;0,014990;0,10;0,00;0,00;0,11;;
471;971;202607;202607;7507400P;00; NSNV;N;77;79,20;0,014990;1,19;0,04;0,00;1,23;;
471;971;202607;202607;75211004;00; NSNV;N;2168;6217,80;0,014990;93,20;3,53;0,00;96,74;;
471;971;202607;202607;75211008;00; NSNV;N;552;1711,10;0,014990;25,65;0,97;0,00;26,62;;
471;971;202607;202607;7521100C;00; NSNV;N;7;6,60;0,014990;0,10;0,00;0,00;0,10;;
471;971;202607;202607;7521100D;00; NSNV;N;5;19,00;0,014990;0,28;0,01;0,00;0,30;;
471;971;202607;202607;77211007;00; NSNV;N;189;519,40;0,014990;7,79;0,29;0,00;8,08;;
471;971;202607;202607;77211008;00; NSNV;N;235;683,50;0,014990;10,25;0,39;0,00;10,63;;
471;971;202607;202607;7721100C;00; NSNV;N;1854;7578,00;0,014990;113,59;4,30;0,00;117,90;;
471;971;202607;202607;7100101R;00; NSNV;R;1;0,50;0,010490;0,01;0,00;0,00;0,01;;
471;971;202607;202607;7100101T;00; NSNV;R;2;4,20;0,010490;0,04;0,00;0,00;0,05;;
471;971;202607;202607;7100101U;00; NSNV;R;3;44,80;0,010490;0,47;0,02;0,00;0,49;;
471;971;202607;202607;7121100C;00; NSNV;R;1;0,50;0,010490;0,01;0,00;0,00;0,01;;
471;971;202607;202607;7121100E;00; NSNV;R;36;71,00;0,010490;0,74;0,03;0,00;0,77;;
471;971;202607;202607;7121100I;00; NSNV;R;2;10,60;0,010490;0,11;0,00;0,00;0,12;;
471;971;202607;202607;7121100M;00; NSNV;R;139;449,00;0,010490;4,71;0,18;0,00;4,89;;
471;971;202607;202607;7121100V;00; NSNV;R;1;0,50;0,010490;0,01;0,00;0,00;0,01;;
471;971;202607;202607;71211010;00; NSNV;R;34;124,20;0,010490;1,30;0,05;0,00;1,35;;
471;971;202607;202607;7307000U;00; NSNV;R;1;0,50;0,010490;0,01;0,00;0,00;0,01;;
471;971;202607;202607;73211007;00; NSNV;R;222;895,60;0,010490;9,39;0,36;0,00;9,75;;
471;971;202607;202607;73211008;00; NSNV;R;174;453,60;0,010490;4,76;0,18;0,00;4,94;;
471;971;202607;202607;74211001;00; NSNV;R;12;90,00;0,010490;0,94;0,04;0,00;0,98;;
471;971;202607;202607;74211004;00; NSNV;R;64;177,30;0,010490;1,86;0,07;0,00;1,93;;
471;971;202607;202607;74211006;00; NSNV;R;53;115,40;0,010490;1,21;0,05;0,00;1,26;;
471;971;202607;202607;7507000V;00; NSNV;R;1;11,00;0,010490;0,12;0,00;0,00;0,12;;
471;971;202607;202607;7507400P;00; NSNV;R;3;2,20;0,010490;0,02;0,00;0,00;0,02;;
471;971;202607;202607;75211004;00; NSNV;R;480;1581,60;0,010490;16,59;0,63;0,00;17,22;;
471;971;202607;202607;75211008;00; NSNV;R;85;441,40;0,010490;4,63;0,18;0,00;4,81;;
471;971;202607;202607;7521100C;00; NSNV;R;5;3,00;0,010490;0,03;0,00;0,00;0,03;;
471;971;202607;202607;77211007;00; NSNV;R;43;148,00;0,010490;1,55;0,06;0,00;1,61;;
471;971;202607;202607;77211008;00; NSNV;R;49;145,10;0,010490;1,52;0,06;0,00;1,58;;
471;971;202607;202607;7721100C;00; NSNV;R;337;1497,30;0,010490;15,71;0,60;0,00;16,30;;
;;;;;01;;;30712541;18721724,40;;277038,41;10494,93;0,00;287533,39;;
479;979;202607;202607;79078001;00; IENV;N;67631;34869,40;0,014990;522,69;19,80;0,00;542,49;;
479;979;202607;202607;79078001;00; IENV;R;1960;1226,70;0,010490;12,87;0,49;0,00;13,36;;
479;979;202607;202607;79078001;00; LENV;N;1619967;819088,60;0,014990;12278,14;465,13;0,00;12743,27;;
479;979;202607;202607;79211001;00; LENV;N;17;8,50;0,014990;0,13;0,00;0,00;0,13;;
479;979;202607;202607;79211002;00; LENV;N;104300;67226,90;0,014990;1007,73;38,18;0,00;1045,91;;
479;979;202607;202607;79078001;00; LENV;R;1460;807,80;0,010490;8,47;0,32;0,00;8,79;;
479;979;202607;202607;79211002;00; LENV;R;2004;2301,70;0,010490;24,14;0,91;0,00;25,06;;
479;979;202607;202606;7907500I;00; NENV;N;2;1,00;0,014990;0,01;0,00;0,00;0,02;;
479;979;202607;202606;79364001;00; NENV;N;6;3,00;0,014990;0,04;0,00;0,00;0,05;;
479;979;202607;202606;79364002;00; NENV;N;1;0,50;0,014990;0,01;0,00;0,00;0,01;;
479;979;202607;202607;7907500I;00; NENV;N;2;1,00;0,014990;0,01;0,00;0,00;0,02;;
479;979;202607;202607;79078001;00; NENV;N;512384;435881,40;0,014990;6533,86;247,52;0,00;6781,38;;
479;979;202607;202607;79211001;00; NENV;N;28307;19712,40;0,014990;295,49;11,19;0,00;306,68;;
479;979;202607;202607;79231001;00; NENV;N;12;6,30;0,014990;0,09;0,00;0,00;0,10;;
479;979;202607;202607;79231002;00; NENV;N;9;4,50;0,014990;0,07;0,00;0,00;0,07;;
479;979;202607;202607;79364001;00; NENV;N;4;2,00;0,014990;0,03;0,00;0,00;0,03;;
479;979;202607;202607;79364002;00; NENV;N;3;1,50;0,014990;0,02;0,00;0,00;0,02;;
479;979;202607;202607;79078001;00; NENV;R;15097;62186,40;0,010490;652,34;24,71;0,00;677,05;;
479;979;202607;202607;79211001;00; NENV;R;316;514,40;0,010490;5,40;0,20;0,00;5,60;;
479;979;202607;202607;79078001;00; NSNV;N;11;7,70;0,014990;0,12;0,00;0,00;0,12;;
479;979;202607;202607;7907800K;00; NSNV;N;37;157,60;0,014990;2,36;0,09;0,00;2,45;;
479;979;202607;202607;7907800N;00; NSNV;N;72;528,00;0,014990;7,91;0,30;0,00;8,21;;
479;979;202607;202607;79231001;00; NSNV;N;7;10,10;0,014990;0,15;0,01;0,00;0,16;;
479;979;202607;202607;79231002;00; NSNV;N;13;18,90;0,014990;0,28;0,01;0,00;0,29;;
479;979;202607;202607;7907800K;00; NSNV;R;3;23,50;0,010490;0,25;0,01;0,00;0,26;;
479;979;202607;202607;7907800N;00; NSNV;R;12;77,80;0,010490;0,82;0,03;0,00;0,85;;
479;979;202607;202607;79231001;00; NSNV;R;1;0,60;0,010490;0,01;0,00;0,00;0,01;;
479;979;202607;202607;79231002;00; NSNV;R;3;9,10;0,010490;0,10;0,00;0,00;0,10;;
;;;;;01;;;2353641;1444677,30;;21353,54;808,90;0,00;22162,49;;
490;996;202607;202607;96038006;00; IENV;N;3964;2345,20;0,014990;35,15;1,33;0,00;36,49;;
490;996;202607;202607;96211004;00; IENV;N;5;2,80;0,014990;0,04;0,00;0,00;0,04;;
490;996;202607;202607;96701003;00; IENV;N;51;25,60;0,014990;0,38;0,01;0,00;0,40;;
490;996;202607;202607;96701004;00; IENV;N;37;18,90;0,014990;0,28;0,01;0,00;0,29;;
490;996;202607;202607;96038006;00; IENV;R;1670;851,60;0,010490;8,93;0,34;0,00;9,27;;
490;996;202607;202607;96701003;00; IENV;R;14;7,70;0,010490;0,08;0,00;0,00;0,08;;
490;996;202607;202607;96701004;00; IENV;R;7;3,20;0,010490;0,03;0,00;0,00;0,03;;
490;996;202607;202607;96038006;00; LENV;N;75;37,90;0,014990;0,57;0,02;0,00;0,59;;
490;996;202607;202607;96211001;00; LENV;N;13;9,30;0,014990;0,14;0,01;0,00;0,14;;
490;996;202607;202607;96211005;00; LENV;N;2878;2578,00;0,014990;38,64;1,46;0,00;40,11;;
490;996;202607;202607;96038006;00; LENV;R;43;21,50;0,010490;0,23;0,01;0,00;0,23;;
490;996;202607;202607;96211005;00; LENV;R;294;272,80;0,010490;2,86;0,11;0,00;2,97;;
490;996;202607;202607;96038006;00; NENV;N;272594;175408,60;0,014990;2629,37;99,61;0,00;2728,98;;
490;996;202607;202607;96211004;00; NENV;N;39983;22440,90;0,014990;336,39;12,74;0,00;349,13;;
490;996;202607;202607;96496006;00; NENV;N;3;1,50;0,014990;0,02;0,00;0,00;0,02;;
490;996;202607;202607;96496007;00; NENV;N;4;2,00;0,014990;0,03;0,00;0,00;0,03;;
490;996;202607;202607;96701003;00; NENV;N;25260;12833,70;0,014990;192,38;7,29;0,00;199,66;;
490;996;202607;202607;96701004;00; NENV;N;12544;6367,30;0,014990;95,45;3,62;0,00;99,06;;
490;996;202607;202607;96038006;00; NENV;R;14664;18546,90;0,010490;194,56;7,37;0,00;201,93;;
490;996;202607;202607;96211004;00; NENV;R;1612;840,10;0,010490;8,81;0,33;0,00;9,15;;
490;996;202607;202607;96701003;00; NENV;R;126;282,00;0,010490;2,96;0,11;0,00;3,07;;
490;996;202607;202607;96701004;00; NENV;R;46;34,60;0,010490;0,36;0,01;0,00;0,38;;
490;996;202607;202607;96211004;00; NSAV;R;1;0,50;0,010490;0,01;0,00;0,00;0,01;;
490;996;202607;202607;96211004;00; NSNV;N;219;723,60;0,014990;10,85;0,41;0,00;11,26;;
490;996;202607;202607;96496005;00; NSNV;N;2;12,20;0,014990;0,18;0,01;0,00;0,19;;
490;996;202607;202607;96211004;00; NSNV;R;58;140,60;0,010490;1,47;0,06;0,00;1,53;;
;;;;;01;;;376167;243809,00;;3560,17;134,86;0,00;3695,04;;
493;992;202607;202607;92033006;00; IENV;N;139662;71309,30;0,014990;1068,93;40,49;0,00;1109,42;;
493;992;202607;202607;92211005;00; IENV;N;1280;641,40;0,014990;9,61;0,36;0,00;9,98;;
493;992;202607;202607;92701003;00; IENV;N;42;21,10;0,014990;0,32;0,01;0,00;0,33;;
493;992;202607;202607;92701004;00; IENV;N;45;22,50;0,014990;0,34;0,01;0,00;0,35;;
493;992;202607;202607;97033006;00; IENV;N;4209;2200,70;0,014990;32,99;1,25;0,00;34,24;;
493;992;202607;202607;97211001;00; IENV;N;89;44,50;0,014990;0,67;0,03;0,00;0,69;;
493;992;202607;202607;92033006;00; IENV;R;2479;1429,20;0,010490;14,99;0,57;0,00;15,56;;
493;992;202607;202607;92211005;00; IENV;R;2;1,00;0,010490;0,01;0,00;0,00;0,01;;
493;992;202607;202607;97033006;00; IENV;R;1515;792,20;0,010490;8,31;0,31;0,00;8,62;;
493;992;202607;202607;92033005;00; LENV;N;46;37,70;0,014990;0,57;0,02;0,00;0,59;;
493;992;202607;202607;92033006;00; LENV;N;1150;772,60;0,014990;11,58;0,44;0,00;12,02;;
493;992;202607;202607;92211005;00; LENV;N;332;166,80;0,014990;2,50;0,09;0,00;2,60;;
493;992;202607;202607;92211006;00; LENV;N;4920;10262,00;0,014990;153,83;5,83;0,00;159,65;;
493;992;202607;202607;92895005;00; LENV;N;22;14,70;0,014990;0,22;0,01;0,00;0,23;;
493;992;202607;202607;92895006;00; LENV;N;65;44,20;0,014990;0,66;0,03;0,00;0,69;;
493;992;202607;202607;97033005;00; LENV;N;1;0,50;0,014990;0,01;0,00;0,00;0,01;;
493;992;202607;202607;97033006;00; LENV;N;1;0,50;0,014990;0,01;0,00;0,00;0,01;;
493;992;202607;202607;92033005;00; LENV;R;2;1,00;0,010490;0,01;0,00;0,00;0,01;;
493;992;202607;202607;92033006;00; LENV;R;116;58,70;0,010490;0,62;0,02;0,00;0,64;;
493;992;202607;202607;92211006;00; LENV;R;293;837,90;0,010490;8,79;0,33;0,00;9,12;;
493;992;202607;202606;9200100E;00; NENV;N;1;0,50;0,014990;0,01;0,00;0,00;0,01;;
493;992;202607;202606;92033006;00; NENV;N;123;225,80;0,014990;3,38;0,13;0,00;3,51;;
493;992;202607;202606;92492006;00; NENV;N;1;0,50;0,014990;0,01;0,00;0,00;0,01;;
493;992;202607;202606;97033006;00; NENV;N;23539;12009,30;0,014990;180,02;6,82;0,00;186,84;;
493;992;202607;202607;9200100E;00; NENV;N;38;21,40;0,014990;0,32;0,01;0,00;0,33;;
493;992;202607;202607;92033006;00; NENV;N;3754219;2103455,70;0,014990;31530,80;1194,47;0,00;32725,27;;
493;992;202607;202607;92211005;00; NENV;N;149844;79711,10;0,014990;1194,87;45,26;0,00;1240,13;;
493;992;202607;202607;92492006;00; NENV;N;4;2,00;0,014990;0,03;0,00;0,00;0,03;;
493;992;202607;202607;92701003;00; NENV;N;11109;5755,10;0,014990;86,27;3,27;0,00;89,54;;
493;992;202607;202607;92701004;00; NENV;N;11377;5826,50;0,014990;87,34;3,31;0,00;90,65;;
493;992;202607;202607;97033006;00; NENV;N;201409;144577,40;0,014990;2167,22;82,10;0,00;2249,32;;
493;992;202607;202607;97211001;00; NENV;N;19818;11478,30;0,014990;172,06;6,52;0,00;178,58;;
493;992;202607;202606;92033006;00; NENV;R;2;74,20;0,010490;0,78;0,03;0,00;0,81;;
493;992;202607;202606;97033006;00; NENV;R;1;0,10;0,010490;0,00;0,00;0,00;0,00;;
493;992;202607;202607;92033006;00; NENV;R;28326;74005,50;0,010490;776,32;29,41;0,00;805,73;;
493;992;202607;202607;92211005;00; NENV;R;966;618,90;0,010490;6,49;0,25;0,00;6,74;;
493;992;202607;202607;92701003;00; NENV;R;33;44,20;0,010490;0,46;0,02;0,00;0,48;;
493;992;202607;202607;92701004;00; NENV;R;21;25,50;0,010490;0,27;0,01;0,00;0,28;;
493;992;202607;202607;97033006;00; NENV;R;7713;20938,50;0,010490;219,64;8,32;0,00;227,97;;
493;992;202607;202607;97211001;00; NENV;R;90;162,90;0,010490;1,71;0,06;0,00;1,77;;
493;992;202607;202607;92211005;00; NSAV;N;2;1,00;0,014990;0,01;0,00;0,00;0,02;;
493;992;202607;202607;92033006;00; NSNV;N;1;0,50;0,014990;0,01;0,00;0,00;0,01;;
493;992;202607;202607;97033006;00; NSNV;N;2;1,00;0,014990;0,01;0,00;0,00;0,02;;
493;992;202607;202607;97492007;00; NSNV;N;4;2,00;0,014990;0,03;0,00;0,00;0,03;;
;;;;;01;;;4364914;2547596,40;;37743,03;1429,79;0,00;39172,85;;
494;991;202607;202607;91037005;00; IENV;N;219514;112311,50;0,014990;1683,55;63,78;0,00;1747,33;;
494;991;202607;202607;91037006;00; IENV;N;222873;114137,60;0,014990;1710,92;64,81;0,00;1775,74;;
494;991;202607;202607;91037007;00; IENV;N;3109;1768,90;0,014990;26,52;1,00;0,00;27,52;;
494;991;202607;202607;91211005;00; IENV;N;1300;651,60;0,014990;9,77;0,37;0,00;10,14;;
494;991;202607;202607;91701001;00; IENV;N;8;4,00;0,014990;0,06;0,00;0,00;0,06;;
494;991;202607;202607;91701002;00; IENV;N;5;2,50;0,014990;0,04;0,00;0,00;0,04;;
494;991;202607;202607;93211003;00; IENV;N;20;16,40;0,014990;0,25;0,01;0,00;0,26;;
494;991;202607;202607;94037006;00; IENV;N;3636;2117,70;0,014990;31,74;1,20;0,00;32,95;;
494;991;202607;202607;94211002;00; IENV;N;51;25,50;0,014990;0,38;0,01;0,00;0,40;;
494;991;202607;202607;91037005;00; IENV;R;6733;3577,20;0,010490;37,52;1,42;0,00;38,95;;
494;991;202607;202607;91037006;00; IENV;R;6620;3501,40;0,010490;36,73;1,39;0,00;38,12;;
494;991;202607;202607;91037007;00; IENV;R;879;460,60;0,010490;4,83;0,18;0,00;5,01;;
494;991;202607;202607;94037006;00; IENV;R;357;182,30;0,010490;1,91;0,07;0,00;1,98;;
494;991;202607;202607;91037005;00; LENV;N;304;181,40;0,014990;2,72;0,10;0,00;2,82;;
494;991;202607;202607;91037006;00; LENV;N;296;166,00;0,014990;2,49;0,09;0,00;2,58;;
494;991;202607;202607;91037007;00; LENV;N;41;21,00;0,014990;0,31;0,01;0,00;0,33;;
494;991;202607;202607;91211001;00; LENV;N;382;378,40;0,014990;5,67;0,21;0,00;5,89;;
494;991;202607;202607;91211004;00; LENV;N;44496;41768,70;0,014990;626,11;23,72;0,00;649,83;;
494;991;202607;202607;91211005;00; LENV;N;31;15,50;0,014990;0,23;0,01;0,00;0,24;;
494;991;202607;202607;91491007;00; LENV;N;3677;2180,90;0,014990;32,69;1,24;0,00;33,93;;
494;991;202607;202607;91491008;00; LENV;N;3786;2244,10;0,014990;33,64;1,27;0,00;34,91;;
494;991;202607;202607;93211006;00; LENV;N;5;3,00;0,014990;0,04;0,00;0,00;0,05;;
494;991;202607;202607;93491006;00; LENV;N;36;20,00;0,014990;0,30;0,01;0,00;0,31;;
494;991;202607;202607;93491007;00; LENV;N;44;27,20;0,014990;0,41;0,02;0,00;0,42;;
494;991;202607;202607;94037006;00; LENV;N;132;68,00;0,014990;1,02;0,04;0,00;1,06;;
494;991;202607;202607;94211001;00; LENV;N;179;612,20;0,014990;9,18;0,35;0,00;9,52;;
494;991;202607;202607;94491006;00; LENV;N;195;106,60;0,014990;1,60;0,06;0,00;1,66;;
494;991;202607;202607;94491007;00; LENV;N;185;111,60;0,014990;1,67;0,06;0,00;1,74;;
494;991;202607;202607;91037005;00; LENV;R;96;48,00;0,010490;0,50;0,02;0,00;0,52;;
494;991;202607;202607;91037006;00; LENV;R;88;45,70;0,010490;0,48;0,02;0,00;0,50;;
494;991;202607;202607;91037007;00; LENV;R;24;12,00;0,010490;0,13;0,00;0,00;0,13;;
494;991;202607;202607;91211001;00; LENV;R;55;32,00;0,010490;0,34;0,01;0,00;0,35;;
494;991;202607;202607;91211004;00; LENV;R;6338;5559,30;0,010490;58,32;2,21;0,00;60,53;;
494;991;202607;202607;94037006;00; LENV;R;78;39,00;0,010490;0,41;0,02;0,00;0,42;;
494;991;202607;202607;94211001;00; LENV;R;3;1,50;0,010490;0,02;0,00;0,00;0,02;;
494;991;202607;202607;91211005;00; NEAV;N;1;0,50;0,014990;0,01;0,00;0,00;0,01;;
494;991;202607;202606;91480005;00; NENV;N;1;0,50;0,014990;0,01;0,00;0,00;0,01;;
494;991;202607;202606;91480008;00; NENV;N;1;0,50;0,014990;0,01;0,00;0,00;0,01;;
494;991;202607;202606;91491007;00; NENV;N;3;1,50;0,014990;0,02;0,00;0,00;0,02;;
494;991;202607;202606;91491008;00; NENV;N;3;1,80;0,014990;0,03;0,00;0,00;0,03;;
494;991;202607;202606;94037006;00; NENV;N;10;5,20;0,014990;0,08;0,00;0,00;0,08;;
494;991;202607;202607;9100100G;00; NENV;N;1;0,50;0,014990;0,01;0,00;0,00;0,01;;
494;991;202607;202607;91037005;00; NENV;N;4946031;2767213,70;0,014990;41480,53;1571,40;0,00;43051,93;;
494;991;202607;202607;91037006;00; NENV;N;5054731;2825695,70;0,014990;42357,18;1604,61;0,00;43961,78;;
494;991;202607;202607;91037007;00; NENV;N;163878;123476,00;0,014990;1850,91;70,12;0,00;1921,02;;
494;991;202607;202607;91211005;00; NENV;N;409977;227041,30;0,014990;3403,35;128,93;0,00;3532,28;;
494;991;202607;202607;91480005;00; NENV;N;5;3,10;0,014990;0,05;0,00;0,00;0,05;;
494;991;202607;202607;91480008;00; NENV;N;13;13,50;0,014990;0,20;0,01;0,00;0,21;;
494;991;202607;202607;91491007;00; NENV;N;3;1,50;0,014990;0,02;0,00;0,00;0,02;;
494;991;202607;202607;91491008;00; NENV;N;5;2,50;0,014990;0,04;0,00;0,00;0,04;;
494;991;202607;202607;91701001;00; NENV;N;1023;1825,90;0,014990;27,37;1,04;0,00;28,41;;
494;991;202607;202607;91701002;00; NENV;N;1093;1791,80;0,014990;26,86;1,02;0,00;27,88;;
494;991;202607;202607;93211003;00; NENV;N;11511;6902,30;0,014990;103,47;3,92;0,00;107,39;;
494;991;202607;202607;9400100G;00; NENV;N;1;0,50;0,014990;0,01;0,00;0,00;0,01;;
494;991;202607;202607;94037006;00; NENV;N;361174;240936,90;0,014990;3611,64;136,82;0,00;3748,46;;
494;991;202607;202607;94211002;00; NENV;N;28035;17728,00;0,014990;265,74;10,07;0,00;275,81;;
494;991;202607;202607;94491007;00; NENV;N;1;0,50;0,014990;0,01;0,00;0,00;0,01;;
494;991;202607;202607;91037005;00; NENV;R;37102;73612,40;0,010490;772,19;29,25;0,00;801,45;;
494;991;202607;202607;91037006;00; NENV;R;37435;73368,50;0,010490;769,64;29,16;0,00;798,79;;
494;991;202607;202607;91037007;00; NENV;R;6377;16724,40;0,010490;175,44;6,65;0,00;182,09;;
494;991;202607;202607;91211005;00; NENV;R;3382;2181,30;0,010490;22,88;0,87;0,00;23,75;;
494;991;202607;202607;91701001;00; NENV;R;207;535,60;0,010490;5,62;0,21;0,00;5,83;;
494;991;202607;202607;91701002;00; NENV;R;190;555,60;0,010490;5,83;0,22;0,00;6,05;;
494;991;202607;202607;93211003;00; NENV;R;69;38,70;0,010490;0,41;0,02;0,00;0,42;;
494;991;202607;202607;94037006;00; NENV;R;6387;18192,10;0,010490;190,84;7,23;0,00;198,06;;
494;991;202607;202607;94211002;00; NENV;R;336;559,10;0,010490;5,86;0,22;0,00;6,09;;
494;991;202607;202607;91037006;00; NENV;R;1;0,50;0,014990;0,01;0,00;0,00;0,01;;
494;991;202607;202607;91211005;00; NSAV;N;3;4,00;0,014990;0,06;0,00;0,00;0,06;;
494;991;202607;202607;94211002;00; NSAV;N;1;0,90;0,014990;0,01;0,00;0,00;0,01;;
494;991;202607;202607;91211005;00; NSAV;R;2;1,00;0,010490;0,01;0,00;0,00;0,01;;
494;991;202607;202607;91037007;00; NSNV;N;3;1,50;0,014990;0,02;0,00;0,00;0,02;;
494;991;202607;202607;91037008;00; NSNV;N;12;6,30;0,014990;0,09;0,00;0,00;0,10;;
494;991;202607;202607;91211005;00; NSNV;N;674;1425,60;0,014990;21,37;0,81;0,00;22,18;;
494;991;202607;202607;91491005;00; NSNV;N;9;4,50;0,014990;0,07;0,00;0,00;0,07;;
494;991;202607;202607;93001A09;00; NSNV;N;96;48,00;0,014990;0,72;0,03;0,00;0,75;;
494;991;202607;202607;93001A0A;00; NSNV;N;79;39,50;0,014990;0,59;0,02;0,00;0,61;;
494;991;202607;202607;93001A0B;00; NSNV;N;101;50,50;0,014990;0,76;0,03;0,00;0,79;;
494;991;202607;202607;93211003;00; NSNV;N;520;1560,00;0,014990;23,38;0,89;0,00;24,27;;
494;991;202607;202607;93491007;00; NSNV;N;9;4,50;0,014990;0,07;0,00;0,00;0,07;;
494;991;202607;202607;94037006;00; NSNV;N;9;4,90;0,014990;0,07;0,00;0,00;0,08;;
494;991;202607;202607;94491005;00; NSNV;N;10;5,20;0,014990;0,08;0,00;0,00;0,08;;
494;991;202607;202607;91037008;00; NSNV;R;1;0,80;0,010490;0,01;0,00;0,00;0,01;;
494;991;202607;202607;91211005;00; NSNV;R;107;216,90;0,010490;2,28;0,09;0,00;2,36;;
494;991;202607;202607;93001A09;00; NSNV;R;1;0,50;0,010490;0,01;0,00;0,00;0,01;;
494;991;202607;202607;93001A0A;00; NSNV;R;5;2,50;0,010490;0,03;0,00;0,00;0,03;;
494;991;202607;202607;93001A0B;00; NSNV;R;1;0,50;0,010490;0,01;0,00;0,00;0,01;;
494;991;202607;202607;93211003;00; NSNV;R;115;339,00;0,010490;3,56;0,13;0,00;3,69;;
;;;;;01;;;11596321;6694527,80;;99451,97;3767,48;0,00;103219,48;;
497;995;202607;202607;95211003;00; GS3V;N;1;2,00;0,014990;0,03;0,00;0,00;0,03;;
497;995;202607;202607;95036003;00; IENV;N;15955;8471,10;0,014990;126,98;4,81;0,00;131,79;;
497;995;202607;202607;95036004;00; IENV;N;4852;2642,60;0,014990;39,61;1,50;0,00;41,11;;
497;995;202607;202607;95211003;00; IENV;N;4;2,00;0,014990;0,03;0,00;0,00;0,03;;
497;995;202607;202607;95701001;00; IENV;N;81;40,50;0,014990;0,61;0,02;0,00;0,63;;
497;995;202607;202607;95701003;00; IENV;N;61;32,60;0,014990;0,49;0,02;0,00;0,51;;
497;995;202607;202607;95036003;00; IENV;R;1466;789,00;0,010490;8,28;0,31;0,00;8,59;;
497;995;202607;202607;95036004;00; IENV;R;1;0,50;0,010490;0,01;0,00;0,00;0,01;;
497;995;202607;202607;95701001;00; IENV;R;8;4,00;0,010490;0,04;0,00;0,00;0,04;;
497;995;202607;202607;95701003;00; IENV;R;9;4,50;0,010490;0,05;0,00;0,00;0,05;;
497;995;202607;202607;95036003;00; LENV;N;3;1,60;0,014990;0,02;0,00;0,00;0,02;;
497;995;202607;202607;95036004;00; LENV;N;1;0,70;0,014990;0,01;0,00;0,00;0,01;;
497;995;202607;202607;95036006;00; LENV;N;8;5,10;0,014990;0,08;0,00;0,00;0,08;;
497;995;202607;202607;95495006;00; LENV;N;132;90,30;0,014990;1,35;0,05;0,00;1,40;;
497;995;202607;202607;95495007;00; LENV;N;130;71,70;0,014990;1,07;0,04;0,00;1,12;;
497;995;202607;202607;95036003;00; LENV;R;1;0,50;0,010490;0,01;0,00;0,00;0,01;;
497;995;202607;202606;95036006;00; NENV;N;1;2,00;0,014990;0,03;0,00;0,00;0,03;;
497;995;202607;202607;95036003;00; NENV;N;364782;207098,60;0,014990;3104,41;117,60;0,00;3222,01;;
497;995;202607;202607;95036004;00; NENV;N;105160;57427,30;0,014990;860,84;32,61;0,00;893,45;;
497;995;202607;202607;95036006;00; NENV;N;3;1,50;0,014990;0,02;0,00;0,00;0,02;;
497;995;202607;202607;95211003;00; NENV;N;10901;6321,10;0,014990;94,75;3,59;0,00;98,34;;
497;995;202607;202607;95495007;00; NENV;N;1;0,50;0,014990;0,01;0,00;0,00;0,01;;
497;995;202607;202607;95701001;00; NENV;N;24059;12457,50;0,014990;186,74;7,07;0,00;193,81;;
497;995;202607;202607;95701003;00; NENV;N;24253;12599,80;0,014990;188,87;7,15;0,00;196,03;;
497;995;202607;202607;95036003;00; NENV;R;20136;17595,40;0,010490;184,58;6,99;0,00;191,57;;
497;995;202607;202607;95036004;00; NENV;R;7;3,50;0,010490;0,04;0,00;0,00;0,04;;
497;995;202607;202607;95211003;00; NENV;R;44;33,80;0,010490;0,35;0,01;0,00;0,37;;
497;995;202607;202607;95701001;00; NENV;R;63;206,00;0,010490;2,16;0,08;0,00;2,24;;
497;995;202607;202607;95701003;00; NENV;R;58;40,10;0,010490;0,42;0,02;0,00;0,44;;
497;995;202607;202607;95495006;00; NSNV;N;3;1,50;0,014990;0,02;0,00;0,00;0,02;;
;;;;;01;;;572184;325947,30;;4801,91;181,87;0,00;4983,81;;
499;998;202607;202607;98039003;00; IENV;N;117240;59635,80;0,014990;893,94;33,86;0,00;927,81;;
499;998;202607;202607;98039004;00; IENV;N;158840;80967,00;0,014990;1213,70;45,98;0,00;1259,67;;
499;998;202607;202607;98039006;00; IENV;N;12065;6510,40;0,014990;97,59;3,70;0,00;101,29;;
499;998;202607;202607;98039007;00; IENV;N;22427;12055,30;0,014990;180,71;6,85;0,00;187,55;;
499;998;202607;202607;98039008;00; IENV;N;4793;2463,10;0,014990;36,92;1,40;0,00;38,32;;
499;998;202607;202607;98211002;00; IENV;N;33;16,50;0,014990;0,25;0,01;0,00;0,26;;
499;998;202607;202607;99039003;00; IENV;N;102528;51888,70;0,014990;777,81;29,47;0,00;807,28;;
499;998;202607;202607;99039004;00; IENV;N;87072;43893,30;0,014990;657,96;24,93;0,00;682,89;;
499;998;202607;202607;99211002;00; IENV;N;19;9,50;0,014990;0,14;0,01;0,00;0,15;;
499;998;202607;202607;98039003;00; IENV;R;1281;661,70;0,010490;6,94;0,26;0,00;7,20;;
499;998;202607;202607;98039004;00; IENV;R;5886;3161,30;0,010490;33,16;1,26;0,00;34,42;;
499;998;202607;202607;98039006;00; IENV;R;3561;1877,20;0,010490;19,69;0,75;0,00;20,44;;
499;998;202607;202607;98039007;00; IENV;R;1848;1010,50;0,010490;10,60;0,40;0,00;11,00;;
499;998;202607;202607;98039008;00; IENV;R;0;0,20;0,010490;0,00;0,00;0,00;0,00;;
499;998;202607;202607;99039003;00; IENV;R;1890;984,30;0,010490;10,33;0,39;0,00;10,72;;
499;998;202607;202607;99039004;00; IENV;R;677;341,60;0,010490;3,58;0,14;0,00;3,72;;
499;998;202607;202607;98039003;00; LENV;N;121919;61510,50;0,014990;922,04;34,93;0,00;956,97;;
499;998;202607;202607;98039004;00; LENV;N;164004;82766,20;0,014990;1240,67;47,00;0,00;1287,67;;
499;998;202607;202607;98039006;00; LENV;N;165;84,10;0,014990;1,26;0,05;0,00;1,31;;
499;998;202607;202607;98039007;00; LENV;N;3320;2044,00;0,014990;30,64;1,16;0,00;31,80;;
499;998;202607;202607;98039008;00; LENV;N;6060;3121,70;0,014990;46,79;1,77;0,00;48,57;;
499;998;202607;202607;98211002;00; LENV;N;34;29,00;0,014990;0,43;0,02;0,00;0,45;;
499;998;202607;202607;98211004;00; LENV;N;10520;15257,30;0,014990;228,71;8,66;0,00;237,37;;
499;998;202607;202607;98701001;00; LENV;N;26;15,30;0,014990;0,23;0,01;0,00;0,24;;
499;998;202607;202607;98701002;00; LENV;N;11;6,20;0,014990;0,09;0,00;0,00;0,10;;
499;998;202607;202607;98701003;00; LENV;N;693;461,80;0,014990;6,92;0,26;0,00;7,18;;
499;998;202607;202607;98701004;00; LENV;N;706;438,80;0,014990;6,58;0,25;0,00;6,83;;
499;998;202607;202607;99039003;00; LENV;N;24;13,60;0,014990;0,20;0,01;0,00;0,21;;
499;998;202607;202607;99039004;00; LENV;N;29;15,50;0,014990;0,23;0,01;0,00;0,24;;
499;998;202607;202607;99211002;00; LENV;N;3;10,80;0,014990;0,16;0,01;0,00;0,17;;
499;998;202607;202607;99211003;00; LENV;N;398;684,10;0,014990;10,25;0,39;0,00;10,64;;
499;998;202607;202607;99701001;00; LENV;N;14;9,10;0,014990;0,14;0,01;0,00;0,14;;
499;998;202607;202607;99701002;00; LENV;N;14;9,90;0,014990;0,15;0,01;0,00;0,15;;
499;998;202607;202607;99701003;00; LENV;N;61;47,00;0,014990;0,70;0,03;0,00;0,73;;
499;998;202607;202607;99701004;00; LENV;N;45;23,80;0,014990;0,36;0,01;0,00;0,37;;
499;998;202607;202607;98039003;00; LENV;R;2977;1499,70;0,010490;15,73;0,60;0,00;16,33;;
499;998;202607;202607;98039004;00; LENV;R;5288;2687,60;0,010490;28,19;1,07;0,00;29,26;;
499;998;202607;202607;98039006;00; LENV;R;78;39,00;0,010490;0,41;0,02;0,00;0,42;;
499;998;202607;202607;98039007;00; LENV;R;35;29,20;0,010490;0,31;0,01;0,00;0,32;;
499;998;202607;202607;98039008;00; LENV;R;22;15,00;0,010490;0,16;0,01;0,00;0,16;;
499;998;202607;202607;98211002;00; LENV;R;1;1,50;0,010490;0,02;0,00;0,00;0,02;;
499;998;202607;202607;98211004;00; LENV;R;803;1093,90;0,010490;11,48;0,43;0,00;11,91;;
499;998;202607;202607;99039003;00; LENV;R;5;3,80;0,010490;0,04;0,00;0,00;0,04;;
499;998;202607;202607;99211003;00; LENV;R;7;3,90;0,010490;0,04;0,00;0,00;0,04;;
499;998;202607;202606;98039008;00; NENV;N;1;0,50;0,014990;0,01;0,00;0,00;0,01;;
499;998;202607;202607;98039003;00; NENV;N;1824857;1004725,30;0,014990;15060,83;570,55;0,00;15631,38;;
499;998;202607;202607;98039004;00; NENV;N;2444662;1364262,10;0,014990;20450,29;774,71;0,00;21225,00;;
499;998;202607;202607;98039006;00; NENV;N;701228;389226,00;0,014990;5834,50;221,03;0,00;6055,52;;
499;998;202607;202607;98039007;00; NENV;N;2080204;1144388,30;0,014990;17154,38;649,85;0,00;17804,24;;
499;998;202607;202607;98039008;00; NENV;N;87021;47699,50;0,014990;715,02;27,09;0,00;742,10;;
499;998;202607;202607;98211002;00; NENV;N;62615;39588,00;0,014990;593,42;22,48;0,00;615,90;;
499;998;202607;202607;98498009;00; NENV;N;1;0,50;0,014990;0,01;0,00;0,00;0,01;;
499;998;202607;202607;99039003;00; NENV;N;1861008;1007849,30;0,014990;15107,66;572,32;0,00;15679,98;;
499;998;202607;202607;99039004;00; NENV;N;1555726;836371,10;0,014990;12537,20;474,94;0,00;13012,15;;
499;998;202607;202607;99211002;00; NENV;N;62305;34390,20;0,014990;515,51;19,53;0,00;535,04;;
499;998;202607;202607;98039003;00; NENV;R;1138;4972,70;0,010490;52,16;1,98;0,00;54,14;;
499;998;202607;202607;98039004;00; NENV;R;30025;81456,10;0,010490;854,47;32,37;0,00;886,84;;
499;998;202607;202607;98039006;00; NENV;R;33611;23921,80;0,010490;250,94;9,51;0,00;260,45;;
499;998;202607;202607;98039007;00; NENV;R;12918;36410,70;0,010490;381,95;14,47;0,00;396,42;;
499;998;202607;202607;98039008;00; NENV;R;2;48,60;0,010490;0,51;0,02;0,00;0,53;;
499;998;202607;202607;98211002;00; NENV;R;431;581,70;0,010490;6,10;0,23;0,00;6,33;;
499;998;202607;202607;99039003;00; NENV;R;16016;37758,40;0,010490;396,09;15,00;0,00;411,09;;
499;998;202607;202607;99039004;00; NENV;R;994;1722,40;0,010490;18,07;0,68;0,00;18,75;;
499;998;202607;202607;99211002;00; NENV;R;224;284,20;0,010490;2,98;0,11;0,00;3,09;;
499;998;202607;202607;98039006;00; NENV;R;1;0,50;0,014990;0,01;0,00;0,00;0,01;;
499;998;202607;202607;98039007;00; NENV;R;1;0,50;0,014990;0,01;0,00;0,00;0,01;;
499;998;202607;202607;98001A0G;00; NSNV;N;12;6,00;0,014990;0,09;0,00;0,00;0,09;;
499;998;202607;202607;98039004;00; NSNV;N;13;7,30;0,014990;0,11;0,00;0,00;0,11;;
499;998;202607;202607;98211002;00; NSNV;N;253;635,10;0,014990;9,52;0,36;0,00;9,88;;
499;998;202607;202607;99211002;00; NSNV;N;1362;4343,30;0,014990;65,11;2,47;0,00;67,57;;
499;998;202607;202607;99498007;00; NSNV;N;1;0,50;0,014990;0,01;0,00;0,00;0,01;;
499;998;202607;202607;98039004;00; NSNV;R;1;8,10;0,010490;0,08;0,00;0,00;0,09;;
499;998;202607;202607;98211002;00; NSNV;R;27;87,60;0,010490;0,92;0,03;0,00;0,95;;
499;998;202607;202607;99211002;00; NSNV;R;281;1344,90;0,010490;14,11;0,53;0,00;14,64;;
;;;;;01;;;11614361;6499489,90;;96518,32;3656,40;0,00;100174,69;;
;;;;;01;;;288125628;174024883,30;;2699754,42;102272,57;0,00;2802029,17;;
