006;011;202607;202607;5121100Y;0; GS3V;N;1209;6787,8;0,01686;114,44;4,34;0;118,78
006;011;202607;202607;53211008;0; GS3V;N;135;457,9;0,01686;7,72;0,29;0;8,01
006;011;202607;202607;54211001;0; GS3V;N;251;1106,4;0,01686;18,65;0,71;0;19,36
006;011;202607;202607;55211002;0; GS3V;N;181;779,6;0,01686;13,14;0,5;0;13,64
006;011;202607;202607;5121100Y;0; GS3V;R;50;207,6;0,0118;2,45;0,09;0;2,54
006;011;202607;202607;53211008;0; GS3V;R;6;12,1;0,0118;0,14;0,01;0;0,15
006;011;202607;202607;54211001;0; GS3V;R;6;16,6;0,0118;0,2;0,01;0;0,2
006;011;202607;202607;55211002;0; GS3V;R;14;45,5;0,0118;0,54;0,02;0;0,56
006;011;202607;202607;5100101N;0; GS8V;N;89;699;0,01686;11,79;0,45;0;12,23
006;011;202607;202607;5100101Z;0; GS8V;N;72;602,6;0,01686;10,16;0,38;0;10,54
006;011;202607;202607;51001A1I;0; GS8V;N;5;2,5;0,01686;0,04;0;0;0,04
006;011;202607;202607;51001A1K;0; GS8V;N;5;2,5;0,01686;0,04;0;0;0,04
006;011;202607;202607;5121100Y;0; GS8V;N;223649;1606931,8;0,01686;27092,87;1026,35;0;28119,22
006;011;202607;202607;5300100H;0; GS8V;N;5;15,2;0,01686;0,26;0,01;0;0,27
006;011;202607;202607;53001A0N;0; GS8V;N;11;115,4;0,01686;1,95;0,07;0;2,02
006;011;202607;202607;53211008;0; GS8V;N;35863;206255,2;0,01686;3477,46;131,74;0;3609,2
006;011;202607;202607;5400100S;0; GS8V;N;40;251,7;0,01686;4,24;0,16;0;4,4
006;011;202607;202607;5400100T;0; GS8V;N;73;553,5;0,01686;9,33;0,35;0;9,69
006;011;202607;202607;54001A07;0; GS8V;N;75;782,4;0,01686;13,19;0,5;0;13,69
006;011;202607;202607;54211001;0; GS8V;N;55923;424486,5;0,01686;7156,84;271,12;0;7427,96
006;011;202607;202607;5500100H;0; GS8V;N;9;70,6;0,01686;1,19;0,05;0;1,24
006;011;202607;202607;55001A0M;0; GS8V;N;32;217,7;0,01686;3,67;0,14;0;3,81
006;011;202607;202607;55211002;0; GS8V;N;11658;70373,8;0,01686;1186,5;44,95;0;1231,45
006;011;202607;202607;5100101N;0; GS8V;R;6;45,2;0,0118;0,53;0,02;0;0,55
006;011;202607;202607;5100101Z;0; GS8V;R;3;37,8;0,0118;0,45;0,02;0;0,46
006;011;202607;202607;5121100Y;0; GS8V;R;34862;157195,7;0,0118;1854,91;70,27;0;1925,18
006;011;202607;202607;53211008;0; GS8V;R;5953;21823,6;0,0118;257,52;9,76;0;267,27
006;011;202607;202607;5400100T;0; GS8V;R;7;33;0,0118;0,39;0,01;0;0,4
006;011;202607;202607;54211001;0; GS8V;R;9279;38339,9;0,0118;452,41;17,14;0;469,55
006;011;202607;202607;5500100H;0; GS8V;R;1;0,5;0,0118;0,01;0;0;0,01
006;011;202607;202607;55211002;0; GS8V;R;2733;4963;0,0118;58,56;2,22;0;60,78
006;011;202607;202606;5105000T;0; NENV;N;5;2,5;0,01686;0,04;0;0;0,04
006;011;202607;202606;5105000V;0; NENV;N;4;2;0,01686;0,03;0;0;0,03
006;011;202607;202606;51050013;0; NENV;N;1;1,4;0,01686;0,02;0;0;0,02
006;011;202607;202606;5105001F;0; NENV;N;8449;4387,2;0,01686;73,97;2,8;0;76,77
006;011;202607;202606;5405000A;0; NENV;N;16;18,9;0,01686;0,32;0,01;0;0,33
006;011;202607;202606;5505000E;0; NENV;N;24;15;0,01686;0,25;0,01;0;0,26
006;011;202607;202607;5105000T;0; NENV;N;16;8,6;0,01686;0,14;0,01;0;0,15
006;011;202607;202607;5105000V;0; NENV;N;22;14,2;0,01686;0,24;0,01;0;0,25
006;011;202607;202607;5105001F;0; NENV;N;430964;232052,3;0,01686;3912,4;148,21;0;4060,61
006;011;202607;202607;5105001G;0; NENV;N;569297;315337,5;0,01686;5316,59;201,41;0;5518
006;011;202607;202607;5105001I;0; NENV;N;571980;316421;0,01686;5334,86;202,1;0;5536,96
006;011;202607;202607;5105001K;0; NENV;N;567333;314280,3;0,01686;5298,77;200,73;0;5499,5
006;011;202607;202607;5121100P;0; NENV;N;11508;9555,1;0,01686;161,1;6,1;0;167,2
006;011;202607;202607;5121100R;0; NENV;N;7;13,4;0,01686;0,23;0,01;0;0,23
006;011;202607;202607;5121100V;0; NENV;N;3;2,7;0,01686;0,05;0;0;0,05
006;011;202607;202607;51211010;0; NENV;N;45546;37237,6;0,01686;627,83;23,78;0;651,61
006;011;202607;202607;53050005;0; NENV;N;76478;39286,3;0,01686;662,37;25,09;0;687,46
006;011;202607;202607;53050009;0; NENV;N;970494;500848;0,01686;8444,3;319,89;0;8764,19
006;011;202607;202607;53211002;0; NENV;N;65;64,1;0,01686;1,08;0,04;0;1,12
006;011;202607;202607;53211003;0; NENV;N;66;49,3;0,01686;0,83;0,03;0;0,86
006;011;202607;202607;5405000A;0; NENV;N;2576126;1357461,2;0,01686;22886,8;867,01;0;23753,81
006;011;202607;202607;54211001;0; NENV;N;637;624,8;0,01686;10,53;0,4;0;10,93
006;011;202607;202607;54211002;0; NENV;N;6;6,4;0,01686;0,11;0;0;0,11
006;011;202607;202607;55050007;0; NENV;N;1847679;945091,2;0,01686;15934,24;603,63;0;16537,87
006;011;202607;202607;55050009;0; NENV;N;1803065;922643,8;0,01686;15555,77;589,3;0;16145,07
006;011;202607;202607;5505000E;0; NENV;N;38;27,4;0,01686;0,46;0,02;0;0,48
006;011;202607;202607;55211001;0; NENV;N;10346;5277,1;0,01686;88,97;3,37;0;92,34
006;011;202607;202607;55211005;0; NENV;N;85;75,3;0,01686;1,27;0,05;0;1,32
006;011;202607;202607;5105001F;0; NENV;R;512;4198,7;0,0118;49,54;1,88;0;51,42
006;011;202607;202607;5105001G;0; NENV;R;948;7143,2;0,0118;84,29;3,19;0;87,48
006;011;202607;202607;5105001I;0; NENV;R;1020;7198,8;0,0118;84,95;3,22;0;88,16
006;011;202607;202607;5105001K;0; NENV;R;971;7597,1;0,0118;89,65;3,4;0;93,04
006;011;202607;202607;5121100P;0; NENV;R;294;374,9;0,0118;4,42;0,17;0;4,59
006;011;202607;202607;5121100R;0; NENV;R;1;0,5;0,0118;0,01;0;0;0,01
006;011;202607;202607;5121100V;0; NENV;R;1;0,5;0,0118;0,01;0;0;0,01
006;011;202607;202607;51211010;0; NENV;R;949;1221,3;0,0118;14,41;0,55;0;14,96
006;011;202607;202607;53050005;0; NENV;R;11;43,2;0,0118;0,51;0,02;0;0,53
006;011;202607;202607;53050009;0; NENV;R;781;3548,5;0,0118;41,87;1,59;0;43,46
006;011;202607;202607;53211002;0; NENV;R;1;0,5;0,0118;0,01;0;0;0,01
006;011;202607;202607;53211003;0; NENV;R;2;1;0,0118;0,01;0;0;0,01
006;011;202607;202607;5405000A;0; NENV;R;2344;12331,5;0,0118;145,51;5,51;0;151,02
006;011;202607;202607;54211001;0; NENV;R;36;47,7;0,0118;0,56;0,02;0;0,58
006;011;202607;202607;54211002;0; NENV;R;3;1,5;0,0118;0,02;0;0;0,02
006;011;202607;202607;55050007;0; NENV;R;930;6196,1;0,0118;73,11;2,77;0;75,88
006;011;202607;202607;55050009;0; NENV;R;880;5263,7;0,0118;62,11;2,35;0;64,46
006;011;202607;202607;55211001;0; NENV;R;24;21,2;0,0118;0,25;0,01;0;0,26
006;011;202607;202607;55211005;0; NENV;R;10;7,7;0,0118;0,09;0;0;0,09
014;011;202607;202607;110110KK;0; GS3V;N;770;5585,4;0,01779;99,36;3,76;0;103,13
014;011;202607;202607;110110KO;0; GS3V;N;733;5355,5;0,01779;95,27;3,61;0;98,88
014;011;202607;202607;110110KS;0; GS3V;N;627;4704,3;0,01779;83,69;3,17;0;86,86
014;011;202607;202607;110110KX;0; GS3V;N;714;5278,6;0,01779;93,91;3,56;0;97,46
014;011;202607;202607;110110L1;0; GS3V;N;749;5516,3;0,01779;98,13;3,72;0;101,85
014;011;202607;202607;110110L5;0; GS3V;N;628;4866,9;0,01779;86,58;3,28;0;89,86
014;011;202607;202607;110110L9;0; GS3V;N;768;5389,9;0,01779;95,89;3,63;0;99,52
014;011;202607;202607;110110LD;0; GS3V;N;719;5355,1;0,01779;95,27;3,61;0;98,88
014;011;202607;202607;110110LH;0; GS3V;N;683;5036;0,01779;89,59;3,39;0;92,98
014;011;202607;202607;110110LL;0; GS3V;N;620;4247,6;0,01779;75,56;2,86;0;78,43
014;011;202607;202607;110110LP;0; GS3V;N;797;5729,8;0,01779;101,93;3,86;0;105,79
014;011;202607;202607;110110LT;0; GS3V;N;796;5505,6;0,01779;97,94;3,71;0;101,66
014;011;202607;202607;110110KK;0; GS3V;R;67;388,9;0,01245;4,84;0,18;0;5,03
014;011;202607;202607;110110KO;0; GS3V;R;93;500,1;0,01245;6,23;0,24;0;6,46
014;011;202607;202607;110110KS;0; GS3V;R;73;368;0,01245;4,58;0,17;0;4,76
014;011;202607;202607;110110KX;0; GS3V;R;67;392,9;0,01245;4,89;0,19;0;5,08
014;011;202607;202607;110110L1;0; GS3V;R;87;430,3;0,01245;5,36;0,2;0;5,56
014;011;202607;202607;110110L5;0; GS3V;R;59;401,8;0,01245;5;0,19;0;5,19
014;011;202607;202607;110110L9;0; GS3V;R;86;605,2;0,01245;7,53;0,29;0;7,82
014;011;202607;202607;110110LD;0; GS3V;R;65;428,9;0,01245;5,34;0,2;0;5,54
014;011;202607;202607;110110LH;0; GS3V;R;61;365,1;0,01245;4,55;0,17;0;4,72
014;011;202607;202607;110110LL;0; GS3V;R;70;454,8;0,01245;5,66;0,21;0;5,88
014;011;202607;202607;110110LP;0; GS3V;R;74;382,6;0,01245;4,76;0,18;0;4,94
014;011;202607;202607;110110LT;0; GS3V;R;80;421,4;0,01245;5,25;0,2;0;5,45
014;011;202607;202607;110110KK;0; GS8V;N;102688;757295,3;0,01779;13472,28;510,37;0;13982,65
014;011;202607;202607;110110KM;0; GS8V;N;161;1005,1;0,01779;17,88;0,68;0;18,56
014;011;202607;202607;110110KO;0; GS8V;N;104211;770598,6;0,01779;13708,95;519,33;0;14228,28
014;011;202607;202607;110110KQ;0; GS8V;N;154;1139;0,01779;20,26;0,77;0;21,03
014;011;202607;202607;110110KS;0; GS8V;N;89945;663740,2;0,01779;11807,94;447,32;0;12255,25
014;011;202607;202607;110110KU;0; GS8V;N;267;2059,9;0,01779;36,65;1,39;0;38,03
014;011;202607;202607;110110KX;0; GS8V;N;101268;749792,8;0,01779;13338,81;505,31;0;13844,12
014;011;202607;202607;110110KZ;0; GS8V;N;171;1131,1;0,01779;20,12;0,76;0;20,88
014;011;202607;202607;110110L1;0; GS8V;N;102966;761148,5;0,01779;13540,83;512,96;0;14053,8
014;011;202607;202607;110110L3;0; GS8V;N;192;1383,5;0,01779;24,61;0,93;0;25,54
014;011;202607;202607;110110L5;0; GS8V;N;88736;659017,4;0,01779;11723,92;444,13;0;12168,05
014;011;202607;202607;110110L7;0; GS8V;N;235;1422,8;0,01779;25,31;0,96;0;26,27
014;011;202607;202607;110110L9;0; GS8V;N;102802;765917,6;0,01779;13625,67;516,18;0;14141,85
014;011;202607;202607;110110LB;0; GS8V;N;170;1157;0,01779;20,58;0,78;0;21,36
014;011;202607;202607;110110LD;0; GS8V;N;103905;771013,8;0,01779;13716,34;519,61;0;14235,95
014;011;202607;202607;110110LF;0; GS8V;N;157;1181,5;0,01779;21,02;0,8;0;21,82
014;011;202607;202607;110110LH;0; GS8V;N;89741;665218,7;0,01779;11834,24;448,31;0;12282,55
014;011;202607;202607;110110LK;0; GS8V;N;199;1798;0,01779;31,99;1,21;0;33,2
014;011;202607;202607;110110LL;0; GS8V;N;91942;677518,3;0,01779;12053,05;456,6;0;12509,65
014;011;202607;202607;110110LN;0; GS8V;N;162;1267,3;0,01779;22,55;0,85;0;23,4
014;011;202607;202607;110110LP;0; GS8V;N;106388;785006,4;0,01779;13965,26;529,04;0;14494,31
014;011;202607;202607;110110LR;0; GS8V;N;153;977,3;0,01779;17,39;0,66;0;18,04
014;011;202607;202607;110110LT;0; GS8V;N;105038;776720,8;0,01779;13817,86;523,46;0;14341,32
014;011;202607;202607;110110LV;0; GS8V;N;223;1592,8;0,01779;28,34;1,07;0;29,41
014;011;202607;202607;110110LY;0; GS8V;N;3;18,7;0,01779;0,33;0,01;0;0,35
014;011;202607;202607;1111500Y;0; GS8V;N;1;0,5;0,01779;0,01;0;0;0,01
014;011;202607;202607;11115012;0; GS8V;N;1;0,5;0,01779;0,01;0;0;0,01
014;011;202607;202607;11115016;0; GS8V;N;2;3;0,01779;0,05;0;0;0,06
014;011;202607;202607;1111501A;0; GS8V;N;2;2,4;0,01779;0,04;0;0;0,04
014;011;202607;202607;1111501E;0; GS8V;N;5;3,1;0,01779;0,06;0;0;0,06
014;011;202607;202607;1111501I;0; GS8V;N;3;4,7;0,01779;0,08;0;0;0,09
014;011;202607;202607;1111501M;0; GS8V;N;3;1,6;0,01779;0,03;0;0;0,03
014;011;202607;202607;1111501Q;0; GS8V;N;1;0,5;0,01779;0,01;0;0;0,01
014;011;202607;202607;110110KK;0; GS8V;R;11529;52101;0,01245;648,66;24,57;0;673,23
014;011;202607;202607;110110KM;0; GS8V;R;16;116,6;0,01245;1,45;0,05;0;1,51
014;011;202607;202607;110110KO;0; GS8V;R;11657;52003,6;0,01245;647,44;24,53;0;671,97
014;011;202607;202607;110110KQ;0; GS8V;R;13;156,5;0,01245;1,95;0,07;0;2,02
014;011;202607;202607;110110KS;0; GS8V;R;10198;45893,8;0,01245;571,38;21,65;0;593,02
014;011;202607;202607;110110KU;0; GS8V;R;18;174;0,01245;2,17;0,08;0;2,25
014;011;202607;202607;110110KX;0; GS8V;R;11164;49093,9;0,01245;611,22;23,15;0;634,37
014;011;202607;202607;110110KZ;0; GS8V;R;15;125,6;0,01245;1,56;0,06;0;1,62
014;011;202607;202607;110110L1;0; GS8V;R;11363;49554,6;0,01245;616,95;23,37;0;640,33
014;011;202607;202607;110110L3;0; GS8V;R;17;198,9;0,01245;2,48;0,09;0;2,57
014;011;202607;202607;110110L5;0; GS8V;R;9722;42300,8;0,01245;526,64;19,95;0;546,6
014;011;202607;202607;110110L7;0; GS8V;R;14;80,5;0,01245;1;0,04;0;1,04
014;011;202607;202607;110110L9;0; GS8V;R;11465;50850,7;0,01245;633,09;23,98;0;657,07
014;011;202607;202607;110110LB;0; GS8V;R;12;115,8;0,01245;1,44;0,05;0;1,5
014;011;202607;202607;110110LD;0; GS8V;R;11542;51419,5;0,01245;640,17;24,25;0;664,42
014;011;202607;202607;110110LF;0; GS8V;R;8;74,5;0,01245;0,93;0,04;0;0,96
014;011;202607;202607;110110LH;0; GS8V;R;10070;45246,4;0,01245;563,32;21,34;0;584,66
014;011;202607;202607;110110LK;0; GS8V;R;23;197,9;0,01245;2,46;0,09;0;2,56
014;011;202607;202607;110110LL;0; GS8V;R;10061;43705,9;0,01245;544,14;20,61;0;564,75
014;011;202607;202607;110110LN;0; GS8V;R;11;51,3;0,01245;0,64;0,02;0;0,66
014;011;202607;202607;110110LP;0; GS8V;R;11648;51415,4;0,01245;640,12;24,25;0;664,37
014;011;202607;202607;110110LR;0; GS8V;R;15;72,2;0,01245;0,9;0,03;0;0,93
014;011;202607;202607;110110LT;0; GS8V;R;11343;50762,8;0,01245;632;23,94;0;655,94
014;011;202607;202607;110110LV;0; GS8V;R;15;144,3;0,01245;1,8;0,07;0;1,86
014;011;202607;202607;110110LY;0; GS8V;R;1;0,5;0,01245;0,01;0;0;0,01
014;011;202607;202607;1111500Y;0; GS8V;R;1;3,1;0,01245;0,04;0;0;0,04
014;011;202607;202607;1111501A;0; GS8V;R;1;5,8;0,01245;0,07;0;0;0,07
014;011;202607;202607;1111501E;0; GS8V;R;2;14,3;0,01245;0,18;0,01;0;0,18
014;011;202607;202607;1111501I;0; GS8V;R;1;10,5;0,01245;0,13;0;0;0,14
014;011;202607;202607;11010026;0; IENV;N;3680;2110,5;0,01779;37,55;1,42;0;38,97
014;011;202607;202607;11010028;0; IENV;N;3622;2084,5;0,01779;37,08;1,4;0;38,49
014;011;202607;202607;1101002B;0; IENV;N;3666;1996,8;0,01779;35,52;1,35;0;36,87
014;011;202607;202607;1101002D;0; IENV;N;8394;4819,8;0,01779;85,74;3,25;0;88,99
014;011;202607;202607;1101002F;0; IENV;N;8218;4566,1;0,01779;81,23;3,08;0;84,31
014;011;202607;202607;1101002H;0; IENV;N;8137;4507,6;0,01779;80,19;3,04;0;83,23
014;011;202607;202607;1101002N;0; IENV;N;3897;2246,2;0,01779;39,96;1,51;0;41,47
014;011;202607;202607;1101002P;0; IENV;N;3905;2207,3;0,01779;39,27;1,49;0;40,76
014;011;202607;202607;1101002Q;0; IENV;N;3935;2232,9;0,01779;39,72;1,5;0;41,23
014;011;202607;202607;110110KN;0; IENV;N;275927;161190;0,01779;2867,57;108,63;0;2976,2
014;011;202607;202607;110110KP;0; IENV;N;286959;168987;0,01779;3006,28;113,89;0;3120,16
014;011;202607;202607;110110L0;0; IENV;N;275658;161258,7;0,01779;2868,79;108,68;0;2977,47
014;011;202607;202607;110110L2;0; IENV;N;287889;167736;0,01779;2984,02;113,04;0;3097,07
014;011;202607;202607;110110LC;0; IENV;N;275614;160651,8;0,01779;2858;108,27;0;2966,26
014;011;202607;202607;110110LE;0; IENV;N;287390;167762,9;0,01779;2984,5;113,06;0;3097,56
014;011;202607;202607;11010026;0; IENV;R;2;1;0,01245;0,01;0;0;0,01
014;011;202607;202607;1101002B;0; IENV;R;2;26,5;0,01245;0,33;0,01;0;0,34
014;011;202607;202607;1101002D;0; IENV;R;4;8;0,01245;0,1;0;0;0,1
014;011;202607;202607;1101002F;0; IENV;R;4;26,9;0,01245;0,33;0,01;0;0,35
014;011;202607;202607;1101002H;0; IENV;R;6;4,1;0,01245;0,05;0;0;0,05
014;011;202607;202607;1101002N;0; IENV;R;1;0,5;0,01245;0,01;0;0;0,01
014;011;202607;202607;1101002P;0; IENV;R;1;0,5;0,01245;0,01;0;0;0,01
014;011;202607;202607;1101002Q;0; IENV;R;1;0,5;0,01245;0,01;0;0;0,01
014;011;202607;202607;110110KN;0; IENV;R;7333;7575,8;0,01245;94,32;3,57;0;97,89
014;011;202607;202607;110110KP;0; IENV;R;7572;7843,4;0,01245;97,65;3,7;0;101,35
014;011;202607;202607;110110L0;0; IENV;R;7306;7254,4;0,01245;90,32;3,42;0;93,74
014;011;202607;202607;110110L2;0; IENV;R;7594;7755,2;0,01245;96,55;3,66;0;100,21
014;011;202607;202607;110110LC;0; IENV;R;7348;7505,8;0,01245;93,45;3,54;0;96,99
014;011;202607;202607;110110LE;0; IENV;R;7696;7641,3;0,01245;95,13;3,6;0;98,74
014;011;202607;202606;11212002;0; LENV;N;16;8;0,01779;0,14;0,01;0;0,15
014;011;202607;202606;11212004;0; LENV;N;15;7,5;0,01779;0,13;0,01;0;0,14
014;011;202607;202606;11212006;0; LENV;N;26;13,7;0,01779;0,24;0,01;0;0,25
014;011;202607;202606;11212008;0; LENV;N;28;26,2;0,01779;0,47;0,02;0;0,48
014;011;202607;202606;1121200A;0; LENV;N;46;34,7;0,01779;0,62;0,02;0;0,64
014;011;202607;202606;1121200B;0; LENV;N;37;23,5;0,01779;0,42;0,02;0;0,43
014;011;202607;202606;1121200H;0; LENV;N;31;21,9;0,01779;0,39;0,01;0;0,4
014;011;202607;202606;1121200L;0; LENV;N;46;27,1;0,01779;0,48;0,02;0;0,5
014;011;202607;202606;1121200N;0; LENV;N;43;45,8;0,01779;0,81;0,03;0;0,85
014;011;202607;202607;110110KL;0; LENV;N;1661426;1269918,2;0,01779;22591,84;855,84;0;23447,69
014;011;202607;202607;110110KN;0; LENV;N;6100820;3082073,5;0,01779;54830,09;2077,11;0;56907,2
014;011;202607;202607;110110KP;0; LENV;N;4791534;2423815,5;0,01779;43119,68;1633,49;0;44753,17
014;011;202607;202607;110110KR;0; LENV;N;1306682;1068912,4;0,01779;19015,95;720,38;0;19736,33
014;011;202607;202607;110110KY;0; LENV;N;1668540;1272042,4;0,01779;22629,63;857,27;0;23486,91
014;011;202607;202607;110110L0;0; LENV;N;6097552;3080984,1;0,01779;54810,71;2076,38;0;56887,09
014;011;202607;202607;110110L2;0; LENV;N;4798087;2425892,8;0,01779;43156,63;1634,89;0;44791,52
014;011;202607;202607;110110L4;0; LENV;N;1312203;1073156,4;0,01779;19091,45;723,24;0;19814,69
014;011;202607;202607;110110LA;0; LENV;N;1661784;1268081,9;0,01779;22559,18;854,6;0;23413,78
014;011;202607;202607;110110LC;0; LENV;N;6097113;3081158,5;0,01779;54813,81;2076,5;0;56890,31
014;011;202607;202607;110110LE;0; LENV;N;4802827;2429330,3;0,01779;43217,79;1637,21;0;44854,99
014;011;202607;202607;110110LG;0; LENV;N;1305985;1066378,3;0,01779;18970,87;718,67;0;19689,54
014;011;202607;202607;110110LM;0; LENV;N;1062800;599098,3;0,01779;10657,96;403,75;0;11061,71
014;011;202607;202607;110110LO;0; LENV;N;5399801;2721584;0,01779;48416,98;1834,17;0;50251,15
014;011;202607;202607;110110LZ;0; LENV;N;116446;112896,1;0,01779;2008,42;76,08;0;2084,51
014;011;202607;202607;1101200F;0; LENV;N;6721;4508,6;0,01779;80,21;3,04;0;83,25
014;011;202607;202607;1101200H;0; LENV;N;6524;4490,5;0,01779;79,89;3,03;0;82,91
014;011;202607;202607;1101200J;0; LENV;N;6679;4607,1;0,01779;81,96;3,1;0;85,07
014;011;202607;202607;11212002;0; LENV;N;2971;1555;0,01779;27,66;1,05;0;28,71
014;011;202607;202607;11212004;0; LENV;N;2964;1529,9;0,01779;27,22;1,03;0;28,25
014;011;202607;202607;11212006;0; LENV;N;2955;1558,6;0,01779;27,73;1,05;0;28,78
014;011;202607;202607;11212008;0; LENV;N;2197;2306,4;0,01779;41,03;1,55;0;42,59
014;011;202607;202607;1121200A;0; LENV;N;2130;2404,8;0,01779;42,78;1,62;0;44,4
014;011;202607;202607;1121200B;0; LENV;N;2288;2322,3;0,01779;41,31;1,57;0;42,88
014;011;202607;202607;1121200G;0; LENV;N;6;3;0,01779;0,05;0;0;0,06
014;011;202607;202607;1121200H;0; LENV;N;2083;1945,9;0,01779;34,62;1,31;0;35,93
014;011;202607;202607;1121200L;0; LENV;N;2159;2181,6;0,01779;38,81;1,47;0;40,28
014;011;202607;202607;1121200N;0; LENV;N;2239;2504;0,01779;44,55;1,69;0;46,23
014;011;202607;202607;11895002;0; LENV;N;15570;10031;0,01779;178,45;6,76;0;185,21
014;011;202607;202607;110110KL;0; LENV;R;34383;72382,2;0,01245;901,16;34,14;0;935,3
014;011;202607;202607;110110KN;0; LENV;R;7091;3690,9;0,01245;45,95;1,74;0;47,69
014;011;202607;202607;110110KP;0; LENV;R;6940;3614,7;0,01245;45;1,7;0;46,71
014;011;202607;202607;110110KR;0; LENV;R;33850;70894,5;0,01245;882,64;33,44;0;916,07
014;011;202607;202607;110110KY;0; LENV;R;34654;70303,6;0,01245;875,28;33,16;0;908,44
014;011;202607;202607;110110L0;0; LENV;R;7001;3625,6;0,01245;45,14;1,71;0;46,85
014;011;202607;202607;110110L2;0; LENV;R;7104;3672,8;0,01245;45,73;1,73;0;47,46
014;011;202607;202607;110110L4;0; LENV;R;33982;72220;0,01245;899,14;34,06;0;933,2
014;011;202607;202607;110110LA;0; LENV;R;34310;71632,2;0,01245;891,82;33,78;0;925,61
014;011;202607;202607;110110LC;0; LENV;R;7087;3770,2;0,01245;46,94;1,78;0;48,72
014;011;202607;202607;110110LE;0; LENV;R;7233;3798,9;0,01245;47,3;1,79;0;49,09
014;011;202607;202607;110110LG;0; LENV;R;33563;69417,4;0,01245;864,25;32,74;0;896,99
014;011;202607;202607;110110LM;0; LENV;R;2057;3048,9;0,01245;37,96;1,44;0;39,4
014;011;202607;202607;110110LO;0; LENV;R;83;136,6;0,01245;1,7;0,06;0;1,77
014;011;202607;202607;110110LZ;0; LENV;R;5681;10935,9;0,01245;136,15;5,16;0;141,31
014;011;202607;202607;1101200F;0; LENV;R;13;10,8;0,01245;0,13;0,01;0;0,14
014;011;202607;202607;1101200H;0; LENV;R;14;10,7;0,01245;0,13;0,01;0;0,14
014;011;202607;202607;1101200J;0; LENV;R;12;9;0,01245;0,11;0;0;0,12
014;011;202607;202607;11212002;0; LENV;R;2;1;0,01245;0,01;0;0;0,01
014;011;202607;202607;11212004;0; LENV;R;1;0,5;0,01245;0,01;0;0;0,01
014;011;202607;202607;11212006;0; LENV;R;2;3;0,01245;0,04;0;0;0,04
014;011;202607;202607;11212008;0; LENV;R;72;273,1;0,01245;3,4;0,13;0;3,53
014;011;202607;202607;1121200A;0; LENV;R;80;179,2;0,01245;2,23;0,08;0;2,32
014;011;202607;202607;1121200B;0; LENV;R;105;446,1;0,01245;5,55;0,21;0;5,76
014;011;202607;202607;1121200H;0; LENV;R;80;108,2;0,01245;1,35;0,05;0;1,4
014;011;202607;202607;1121200L;0; LENV;R;86;201,2;0,01245;2,5;0,09;0;2,6
014;011;202607;202607;1121200N;0; LENV;R;60;254,5;0,01245;3,17;0,12;0;3,29
014;011;202607;202607;11895002;0; LENV;R;18;14,3;0,01245;0,18;0,01;0;0,18
014;011;202607;202607;110110KL;0; LETV;N;58;39,9;0,01779;0,71;0,03;0;0,74
014;011;202607;202607;110110KR;0; LETV;N;56;33,9;0,01779;0,6;0,02;0;0,63
014;011;202607;202607;110110KY;0; LETV;N;40;30,2;0,01779;0,54;0,02;0;0,56
014;011;202607;202607;110110L4;0; LETV;N;46;25,1;0,01779;0,45;0,02;0;0,46
014;011;202607;202607;110110LA;0; LETV;N;54;36;0,01779;0,64;0,02;0;0,66
014;011;202607;202607;110110LG;0; LETV;N;66;39,7;0,01779;0,71;0,03;0;0,73
014;011;202607;202607;110110LZ;0; LETV;N;85;52,9;0,01779;0,94;0,04;0;0,98
014;011;202607;202607;110110KL;0; LETV;R;11;5,6;0,01245;0,07;0;0;0,07
014;011;202607;202607;110110KR;0; LETV;R;14;7,8;0,01245;0,1;0;0;0,1
014;011;202607;202607;110110KY;0; LETV;R;14;7,6;0,01245;0,09;0;0;0,1
014;011;202607;202607;110110L4;0; LETV;R;15;10,2;0,01245;0,13;0;0;0,13
014;011;202607;202607;110110LA;0; LETV;R;9;4,7;0,01245;0,06;0;0;0,06
014;011;202607;202607;110110LG;0; LETV;R;16;9,1;0,01245;0,11;0;0;0,12
014;011;202607;202607;110110LZ;0; LETV;R;17;10,8;0,01245;0,13;0,01;0;0,14
014;011;202607;202607;110110KM;0; LSAV;N;950;2607;0,01779;46,38;1,76;0;48,14
014;011;202607;202607;110110KQ;0; LSAV;N;923;2250,9;0,01779;40,04;1,52;0;41,56
014;011;202607;202607;110110KU;0; LSAV;N;1249;3300,1;0,01779;58,71;2,22;0;60,93
014;011;202607;202607;110110KZ;0; LSAV;N;1005;2292,1;0,01779;40,78;1,54;0;42,32
014;011;202607;202607;110110L3;0; LSAV;N;1000;2778,6;0,01779;49,43;1,87;0;51,3
014;011;202607;202607;110110L7;0; LSAV;N;1352;3992,3;0,01779;71,02;2,69;0;73,71
014;011;202607;202607;110110LB;0; LSAV;N;965;2568;0,01779;45,68;1,73;0;47,42
014;011;202607;202607;110110LF;0; LSAV;N;1022;2521,7;0,01779;44,86;1,7;0;46,56
014;011;202607;202607;110110LK;0; LSAV;N;1277;3135,5;0,01779;55,78;2,11;0;57,89
014;011;202607;202607;110110LN;0; LSAV;N;1006;2699,3;0,01779;48,02;1,82;0;49,84
014;011;202607;202607;110110LR;0; LSAV;N;971;2562,9;0,01779;45,59;1,73;0;47,32
014;011;202607;202607;110110LV;0; LSAV;N;1309;3339,2;0,01779;59,4;2,25;0;61,65
014;011;202607;202607;110110LY;0; LSAV;N;643;1331,6;0,01779;23,69;0,9;0;24,59
014;011;202607;202607;110110KM;0; LSAV;R;213;571,9;0,01245;7,12;0,27;0;7,39
014;011;202607;202607;110110KQ;0; LSAV;R;233;658,4;0,01245;8,2;0,31;0;8,51
014;011;202607;202607;110110KU;0; LSAV;R;270;556,2;0,01245;6,92;0,26;0;7,19
014;011;202607;202607;110110KZ;0; LSAV;R;214;499,1;0,01245;6,21;0,24;0;6,45
014;011;202607;202607;110110L3;0; LSAV;R;232;513;0,01245;6,39;0,24;0;6,63
014;011;202607;202607;110110L7;0; LSAV;R;322;1114,7;0,01245;13,88;0,53;0;14,4
014;011;202607;202607;110110LB;0; LSAV;R;203;719,9;0,01245;8,96;0,34;0;9,3
014;011;202607;202607;110110LF;0; LSAV;R;222;786,2;0,01245;9,79;0,37;0;10,16
014;011;202607;202607;110110LK;0; LSAV;R;306;697,9;0,01245;8,69;0,33;0;9,02
014;011;202607;202607;110110LN;0; LSAV;R;216;544,8;0,01245;6,78;0,26;0;7,04
014;011;202607;202607;110110LR;0; LSAV;R;217;587,4;0,01245;7,31;0,28;0;7,59
014;011;202607;202607;110110LV;0; LSAV;R;270;1017;0,01245;12,66;0,48;0;13,14
014;011;202607;202607;110110LY;0; LSAV;R;128;314,7;0,01245;3,92;0,15;0;4,07
014;011;202607;202607;110110KM;0; LSEV;N;498;2589,6;0,01779;46,07;1,75;0;47,81
014;011;202607;202607;110110KQ;0; LSEV;N;504;2579,6;0,01779;45,89;1,74;0;47,63
014;011;202607;202607;110110KU;0; LSEV;N;1349;4319,7;0,01779;76,85;2,91;0;79,76
014;011;202607;202607;110110KZ;0; LSEV;N;508;2661,3;0,01779;47,34;1,79;0;49,14
014;011;202607;202607;110110L3;0; LSEV;N;474;2458,8;0,01779;43,74;1,66;0;45,4
014;011;202607;202607;110110L7;0; LSEV;N;1297;4660,7;0,01779;82,91;3,14;0;86,05
014;011;202607;202607;110110LB;0; LSEV;N;512;2543,7;0,01779;45,25;1,71;0;46,97
014;011;202607;202607;110110LF;0; LSEV;N;543;2842,7;0,01779;50,57;1,92;0;52,49
014;011;202607;202607;110110LK;0; LSEV;N;1740;4547;0,01779;80,89;3,06;0;83,96
014;011;202607;202607;110110LN;0; LSEV;N;738;3540;0,01779;62,98;2,39;0;65,36
014;011;202607;202607;110110LR;0; LSEV;N;669;3075,2;0,01779;54,71;2,07;0;56,78
014;011;202607;202607;110110LV;0; LSEV;N;742;2336,6;0,01779;41,57;1,57;0;43,14
014;011;202607;202607;110110LY;0; LSEV;N;176;466,4;0,01779;8,3;0,31;0;8,61
014;011;202607;202607;1141101S;0; LSEV;N;1;0,5;0,01779;0,01;0;0;0,01
014;011;202607;202607;1141101X;0; LSEV;N;1;0,5;0,01779;0,01;0;0;0,01
014;011;202607;202607;11411021;0; LSEV;N;1;0,5;0,01779;0,01;0;0;0,01
014;011;202607;202607;11411023;0; LSEV;N;1;0,5;0,01779;0,01;0;0;0,01
014;011;202607;202607;110110KM;0; LSEV;R;8;4,7;0,01245;0,06;0;0;0,06
014;011;202607;202607;110110KQ;0; LSEV;R;13;6,5;0,01245;0,08;0;0;0,08
014;011;202607;202607;110110KU;0; LSEV;R;144;358,4;0,01245;4,46;0,17;0;4,63
014;011;202607;202607;110110KZ;0; LSEV;R;9;20,3;0,01245;0,25;0,01;0;0,26
014;011;202607;202607;110110L3;0; LSEV;R;5;2,5;0,01245;0,03;0;0;0,03
014;011;202607;202607;110110L7;0; LSEV;R;141;338,9;0,01245;4,22;0,16;0;4,38
014;011;202607;202607;110110LB;0; LSEV;R;5;5,1;0,01245;0,06;0;0;0,07
014;011;202607;202607;110110LF;0; LSEV;R;6;3;0,01245;0,04;0;0;0,04
014;011;202607;202607;110110LK;0; LSEV;R;186;423,4;0,01245;5,27;0,2;0;5,47
014;011;202607;202607;110110LN;0; LSEV;R;39;73,7;0,01245;0,92;0,03;0;0,95
014;011;202607;202607;110110LR;0; LSEV;R;35;104;0,01245;1,29;0,05;0;1,34
014;011;202607;202607;110110LV;0; LSEV;R;64;109;0,01245;1,36;0,05;0;1,41
014;011;202607;202607;110110LY;0; LSEV;R;10;6,9;0,01245;0,09;0;0;0,09
014;011;202607;202607;110110KN;0; NEAV;N;38;71,6;0,01779;1,27;0,05;0;1,32
014;011;202607;202607;110110KP;0; NEAV;N;28;86,5;0,01779;1,54;0,06;0;1,6
014;011;202607;202607;110110L0;0; NEAV;N;26;72,6;0,01779;1,29;0,05;0;1,34
014;011;202607;202607;110110L2;0; NEAV;N;38;227,7;0,01779;4,05;0,15;0;4,2
014;011;202607;202607;110110LC;0; NEAV;N;38;88;0,01779;1,57;0,06;0;1,62
014;011;202607;202607;110110LE;0; NEAV;N;28;98;0,01779;1,74;0,07;0;1,81
014;011;202607;202607;11115017;0; NEAV;N;1;0,5;0,01779;0,01;0;0;0,01
014;011;202607;202607;110110KN;0; NEAV;R;2;24,6;0,01245;0,31;0,01;0;0,32
014;011;202607;202607;110110KP;0; NEAV;R;12;44,7;0,01245;0,56;0,02;0;0,58
014;011;202607;202607;110110L0;0; NEAV;R;8;8,6;0,01245;0,11;0;0;0,11
014;011;202607;202607;110110L2;0; NEAV;R;7;15,1;0,01245;0,19;0,01;0;0,2
014;011;202607;202607;110110LC;0; NEAV;R;7;9,5;0,01245;0,12;0;0;0,12
014;011;202607;202607;110110LE;0; NEAV;R;8;23,6;0,01245;0,29;0,01;0;0,3
014;011;202607;202606;1101002N;0; NENV;N;24;12;0,01779;0,21;0,01;0;0,22
014;011;202607;202606;1101002P;0; NENV;N;29;14,5;0,01779;0,26;0,01;0;0,27
014;011;202607;202606;1101002Q;0; NENV;N;15;7,5;0,01779;0,13;0,01;0;0,14
014;011;202607;202607;11010026;0; NENV;N;1614216;1255282,7;0,01779;22331,48;845,98;0;23177,46
014;011;202607;202607;11010028;0; NENV;N;1594286;1248362,5;0,01779;22208,37;841,31;0;23049,68
014;011;202607;202607;1101002B;0; NENV;N;1612286;1260406,7;0,01779;22422,64;849,43;0;23272,07
014;011;202607;202607;1101002D;0; NENV;N;3268522;2525160,6;0,01779;44922,61;1701,79;0;46624,4
014;011;202607;202607;1101002F;0; NENV;N;3315037;2550281;0,01779;45369,5;1718,72;0;47088,22
014;011;202607;202607;1101002H;0; NENV;N;3306998;2545357,9;0,01779;45281,92;1715,4;0;46997,32
014;011;202607;202607;1101002N;0; NENV;N;1620577;1257395;0,01779;22369,06;847,4;0;23216,46
014;011;202607;202607;1101002P;0; NENV;N;1641628;1268570,8;0,01779;22567,87;854,93;0;23422,81
014;011;202607;202607;1101002Q;0; NENV;N;1640628;1262143,3;0,01779;22453,53;850,6;0;23304,13
014;011;202607;202607;110110KL;0; NENV;N;31;38,1;0,01779;0,68;0,03;0;0,7
014;011;202607;202607;110110KN;0; NENV;N;1144490;713457;0,01779;12692,4;480,82;0;13173,22
014;011;202607;202607;110110KP;0; NENV;N;976998;636634,2;0,01779;11325,72;429,05;0;11754,77
014;011;202607;202607;110110KR;0; NENV;N;46;75,4;0,01779;1,34;0,05;0;1,39
014;011;202607;202607;110110KY;0; NENV;N;34;44,5;0,01779;0,79;0,03;0;0,82
014;011;202607;202607;110110L0;0; NENV;N;1147917;718850,3;0,01779;12788,35;484,46;0;13272,8
014;011;202607;202607;110110L2;0; NENV;N;980340;634357;0,01779;11285,21;427,51;0;11712,73
014;011;202607;202607;110110L4;0; NENV;N;31;24,4;0,01779;0,43;0,02;0;0,45
014;011;202607;202607;110110LA;0; NENV;N;31;51,4;0,01779;0,91;0,03;0;0,95
014;011;202607;202607;110110LC;0; NENV;N;1136979;710263,5;0,01779;12635,59;478,67;0;13114,26
014;011;202607;202607;110110LE;0; NENV;N;972172;631616,1;0,01779;11236,45;425,67;0;11662,12
014;011;202607;202607;110110LG;0; NENV;N;35;71,1;0,01779;1,26;0,05;0;1,31
014;011;202607;202607;110110LO;0; NENV;N;601535;303109,2;0,01779;5392,31;204,28;0;5596,59
014;011;202607;202607;11212002;0; NENV;N;73;69,5;0,01779;1,24;0,05;0;1,28
014;011;202607;202607;11212004;0; NENV;N;61;40;0,01779;0,71;0,03;0;0,74
014;011;202607;202607;11212006;0; NENV;N;65;36,2;0,01779;0,64;0,02;0;0,67
014;011;202607;202607;11010026;0; NENV;R;25237;103970,7;0,01245;1294,44;49,04;0;1343,47
014;011;202607;202607;11010028;0; NENV;R;25299;105557,9;0,01245;1314,2;49,79;0;1363,98
014;011;202607;202607;1101002B;0; NENV;R;25765;104351,9;0,01245;1299,18;49,22;0;1348,4
014;011;202607;202607;1101002D;0; NENV;R;47989;205468;0,01245;2558,08;96,91;0;2654,98
014;011;202607;202607;1101002F;0; NENV;R;48289;201718,6;0,01245;2511,4;95,14;0;2606,54
014;011;202607;202607;1101002H;0; NENV;R;48314;204445,7;0,01245;2545,35;96,42;0;2641,77
014;011;202607;202607;1101002N;0; NENV;R;24037;100891,1;0,01245;1256,09;47,58;0;1303,68
014;011;202607;202607;1101002P;0; NENV;R;24376;104202,2;0,01245;1297,32;49,15;0;1346,46
014;011;202607;202607;1101002Q;0; NENV;R;24673;100783,9;0,01245;1254,76;47,53;0;1302,29
014;011;202607;202607;110110KL;0; NENV;R;1;0,5;0,01245;0,01;0;0;0,01
014;011;202607;202607;110110KN;0; NENV;R;11894;30804,7;0,01245;383,52;14,53;0;398,05
014;011;202607;202607;110110KP;0; NENV;R;11910;32715;0,01245;407,3;15,43;0;422,73
014;011;202607;202607;110110KR;0; NENV;R;1;4,8;0,01245;0,06;0;0;0,06
014;011;202607;202607;110110L0;0; NENV;R;12074;32170,3;0,01245;400,52;15,17;0;415,69
014;011;202607;202607;110110L2;0; NENV;R;12203;31339,6;0,01245;390,18;14,78;0;404,96
014;011;202607;202607;110110LA;0; NENV;R;1;0,5;0,01245;0,01;0;0;0,01
014;011;202607;202607;110110LC;0; NENV;R;11624;30447,4;0,01245;379,07;14,36;0;393,43
014;011;202607;202607;110110LE;0; NENV;R;11820;32088,7;0,01245;399,5;15,13;0;414,64
014;011;202607;202607;110110LG;0; NENV;R;1;0,5;0,01245;0,01;0;0;0,01
014;011;202607;202607;110110LO;0; NENV;R;24;19,2;0,01245;0,24;0,01;0;0,25
014;011;202607;202607;11212002;0; NENV;R;8;5,5;0,01245;0,07;0;0;0,07
014;011;202607;202607;11212004;0; NENV;R;7;3,5;0,01245;0,04;0;0;0,05
014;011;202607;202607;11212006;0; NENV;R;3;1,5;0,01245;0,02;0;0;0,02
014;011;202607;202607;110110KN;0; NETV;N;6;7,2;0,01779;0,13;0;0;0,13
014;011;202607;202607;110110KP;0; NETV;N;7;4;0,01779;0,07;0;0;0,07
014;011;202607;202607;110110L0;0; NETV;N;13;9,1;0,01779;0,16;0,01;0;0,17
014;011;202607;202607;110110L2;0; NETV;N;3;1,7;0,01779;0,03;0;0;0,03
014;011;202607;202607;110110LC;0; NETV;N;15;14,3;0,01779;0,25;0,01;0;0,26
014;011;202607;202607;110110LE;0; NETV;N;8;7;0,01779;0,12;0;0;0,13
014;011;202607;202607;110110KP;0; NETV;R;2;1;0,01245;0,01;0;0;0,01
014;011;202607;202607;110110L0;0; NETV;R;1;0,5;0,01245;0,01;0;0;0,01
014;011;202607;202607;110110LE;0; NETV;R;2;1;0,01245;0,01;0;0;0,01
014;011;202607;202606;11212001;0; NSNV;N;1;2;0,01779;0,04;0;0;0,04
014;011;202607;202606;11212003;0; NSNV;N;1;3,2;0,01779;0,06;0;0;0,06
014;011;202607;202606;1121200C;0; NSNV;N;1;0,5;0,01779;0,01;0;0;0,01
014;011;202607;202606;1121200O;0; NSNV;N;1;2,1;0,01779;0,04;0;0;0,04
014;011;202607;202607;110110KK;0; NSNV;N;14;20,9;0,01779;0,37;0,01;0;0,39
014;011;202607;202607;110110KO;0; NSNV;N;2836;10131,7;0,01779;180,24;6,83;0;187,07
014;011;202607;202607;110110KS;0; NSNV;N;2893;11227;0,01779;199,73;7,57;0;207,29
014;011;202607;202607;110110KX;0; NSNV;N;18;54,5;0,01779;0,97;0,04;0;1,01
014;011;202607;202607;110110L1;0; NSNV;N;2916;10302,4;0,01779;183,28;6,94;0;190,22
014;011;202607;202607;110110L5;0; NSNV;N;2805;9946,3;0,01779;176,94;6,7;0;183,65
014;011;202607;202607;110110L9;0; NSNV;N;16;30,4;0,01779;0,54;0,02;0;0,56
014;011;202607;202607;110110LD;0; NSNV;N;2823;9700,2;0,01779;172,57;6,54;0;179,1
014;011;202607;202607;110110LH;0; NSNV;N;2914;10327,8;0,01779;183,73;6,96;0;190,69
014;011;202607;202607;110110LL;0; NSNV;N;2849;9551,8;0,01779;169,93;6,44;0;176,36
014;011;202607;202607;110110LP;0; NSNV;N;2844;9798,8;0,01779;174,32;6,6;0;180,92
014;011;202607;202607;110110LT;0; NSNV;N;20;49,3;0,01779;0,88;0,03;0;0,91
014;011;202607;202607;11212007;0; NSNV;N;2;5,4;0,01779;0,1;0;0;0,1
014;011;202607;202607;1121200C;0; NSNV;N;3;10,6;0,01779;0,19;0,01;0;0,2
014;011;202607;202607;1121200D;0; NSNV;N;1;1,3;0,01779;0,02;0;0;0,02
014;011;202607;202607;1121200K;0; NSNV;N;1;4,9;0,01779;0,09;0;0;0,09
014;011;202607;202607;1121200M;0; NSNV;N;1;2,6;0,01779;0,05;0;0;0,05
014;011;202607;202606;11212007;0; NSNV;R;1;1,8;0,01245;0,02;0;0;0,02
014;011;202607;202606;1121200C;0; NSNV;R;1;3,4;0,01245;0,04;0;0;0,04
014;011;202607;202607;110110KK;0; NSNV;R;0;0;0,01245;0;0;0;0
014;011;202607;202607;110110KO;0; NSNV;R;320;1212,1;0,01245;15,09;0,57;0;15,66
014;011;202607;202607;110110KS;0; NSNV;R;321;1425;0,01245;17,74;0,67;0;18,41
014;011;202607;202607;110110L1;0; NSNV;R;283;1109,3;0,01245;13,81;0,52;0;14,33
014;011;202607;202607;110110L5;0; NSNV;R;274;1419,7;0,01245;17,68;0,67;0;18,34
014;011;202607;202607;110110LD;0; NSNV;R;276;1745,4;0,01245;21,73;0,82;0;22,55
014;011;202607;202607;110110LH;0; NSNV;R;299;1129,1;0,01245;14,06;0,53;0;14,59
014;011;202607;202607;110110LL;0; NSNV;R;283;999,4;0,01245;12,44;0,47;0;12,91
014;011;202607;202607;110110LP;0; NSNV;R;243;1010,2;0,01245;12,58;0,48;0;13,05
014;011;202607;202607;1121200D;0; NSNV;R;1;5,5;0,01245;0,07;0;0;0,07
014;011;202607;202607;1121200I;0; NSNV;R;1;2,4;0,01245;0,03;0;0;0,03
017;011;202607;202607;1201102E;0; GS3V;N;1;0,9;0,01779;0,02;0;0;0,02
017;011;202607;202607;1201102L;0; GS3V;N;136;747,1;0,01779;13,29;0,5;0;13,79
017;011;202607;202607;1201102N;0; GS3V;N;170;844,5;0,01779;15,02;0,57;0;15,59
017;011;202607;202607;1201102O;0; GS3V;N;162;855,4;0,01779;15,22;0,58;0;15,79
017;011;202607;202607;1201102Q;0; GS3V;N;176;1000,9;0,01779;17,81;0,67;0;18,48
017;011;202607;202607;1301102K;0; GS3V;N;221;1406;0,01779;25,01;0,95;0;25,96
017;011;202607;202607;1301102M;0; GS3V;N;185;1172,3;0,01779;20,86;0,79;0;21,65
017;011;202607;202607;1301102N;0; GS3V;N;226;1430,1;0,01779;25,44;0,96;0;26,41
017;011;202607;202607;1301102P;0; GS3V;N;259;1953,6;0,01779;34,75;1,32;0;36,07
017;011;202607;202607;1401101Y;0; GS3V;N;2;10,6;0,01779;0,19;0,01;0;0,2
017;011;202607;202607;14011023;0; GS3V;N;1;5;0,01779;0,09;0;0;0,09
017;011;202607;202607;1401102F;0; GS3V;N;68;405,3;0,01779;7,21;0,27;0;7,48
017;011;202607;202607;1401102H;0; GS3V;N;79;504,7;0,01779;8,98;0,34;0;9,32
017;011;202607;202607;1401102O;0; GS3V;N;60;343,5;0,01779;6,11;0,23;0;6,34
017;011;202607;202607;1401102P;0; GS3V;N;70;376,2;0,01779;6,69;0,25;0;6,95
017;011;202607;202607;1501101J;0; GS3V;N;1;9,8;0,01779;0,17;0,01;0;0,18
017;011;202607;202607;1501101N;0; GS3V;N;1;13,8;0,01779;0,25;0,01;0;0,25
017;011;202607;202607;1501101T;0; GS3V;N;3;19,7;0,01779;0,35;0,01;0;0,36
017;011;202607;202607;15011024;0; GS3V;N;101;585,3;0,01779;10,41;0,39;0;10,81
017;011;202607;202607;15011026;0; GS3V;N;72;493,5;0,01779;8,78;0,33;0;9,11
017;011;202607;202607;15011028;0; GS3V;N;101;547,9;0,01779;9,75;0,37;0;10,12
017;011;202607;202607;1501102A;0; GS3V;N;93;528,3;0,01779;9,4;0,36;0;9,75
017;011;202607;202607;1601101L;0; GS3V;N;8;8,3;0,01779;0,15;0,01;0;0,15
017;011;202607;202607;1601101P;0; GS3V;N;4;2;0,01779;0,04;0;0;0,04
017;011;202607;202607;1601101V;0; GS3V;N;10;32,1;0,01779;0,57;0,02;0;0,59
017;011;202607;202607;16011020;0; GS3V;N;13;65;0,01779;1,16;0,04;0;1,2
017;011;202607;202607;1601102A;0; GS3V;N;178;1069,4;0,01779;19,02;0,72;0;19,75
017;011;202607;202607;1601102C;0; GS3V;N;206;1064,5;0,01779;18,94;0,72;0;19,65
017;011;202607;202607;1601102E;0; GS3V;N;180;1028,5;0,01779;18,3;0,69;0;18,99
017;011;202607;202607;1601102G;0; GS3V;N;228;1406,5;0,01779;25,02;0,95;0;25,97
017;011;202607;202607;1701101H;0; GS3V;N;2;1;0,01779;0,02;0;0;0,02
017;011;202607;202607;1701101I;0; GS3V;N;1;0,5;0,01779;0,01;0;0;0,01
017;011;202607;202607;1701101J;0; GS3V;N;81;401,7;0,01779;7,15;0,27;0;7,42
017;011;202607;202607;1701101O;0; GS3V;N;5;9,9;0,01779;0,18;0,01;0;0,18
017;011;202607;202607;1701101Y;0; GS3V;N;1;0,5;0,01779;0,01;0;0;0,01
017;011;202607;202607;1701102A;0; GS3V;N;112;581,8;0,01779;10,35;0,39;0;10,74
017;011;202607;202607;1701102B;0; GS3V;N;88;450,6;0,01779;8,02;0,3;0;8,32
017;011;202607;202607;1701102C;0; GS3V;N;106;566,7;0,01779;10,08;0,38;0;10,46
017;011;202607;202607;1801102R;0; GS3V;N;23;208,9;0,01779;3,72;0,14;0;3,86
017;011;202607;202607;1801102T;0; GS3V;N;30;140,3;0,01779;2,5;0,09;0;2,59
017;011;202607;202607;1801102V;0; GS3V;N;22;88,8;0,01779;1,58;0,06;0;1,64
017;011;202607;202607;1801102Z;0; GS3V;N;31;150,8;0,01779;2,68;0,1;0;2,78
017;011;202607;202607;1901105P;0; GS3V;N;381;2399,1;0,01779;42,68;1,62;0;44,3
017;011;202607;202607;1901105R;0; GS3V;N;398;2310,7;0,01779;41,11;1,56;0;42,66
017;011;202607;202607;1901105T;0; GS3V;N;396;2228,6;0,01779;39,65;1,5;0;41,15
017;011;202607;202607;1901105V;0; GS3V;N;459;2740,5;0,01779;48,75;1,85;0;50,6
017;011;202607;202607;1201102L;0; GS3V;R;9;29,9;0,01245;0,37;0,01;0;0,39
017;011;202607;202607;1201102N;0; GS3V;R;23;62;0,01245;0,77;0,03;0;0,8
017;011;202607;202607;1201102O;0; GS3V;R;10;57,3;0,01245;0,71;0,03;0;0,74
017;011;202607;202607;1201102Q;0; GS3V;R;9;22,5;0,01245;0,28;0,01;0;0,29
017;011;202607;202607;1301102K;0; GS3V;R;24;157,7;0,01245;1,96;0,07;0;2,04
017;011;202607;202607;1301102M;0; GS3V;R;14;80,9;0,01245;1,01;0,04;0;1,05
017;011;202607;202607;1301102N;0; GS3V;R;13;124,8;0,01245;1,55;0,06;0;1,61
017;011;202607;202607;1301102P;0; GS3V;R;32;208;0,01245;2,59;0,1;0;2,69
017;011;202607;202607;1401102F;0; GS3V;R;6;23,4;0,01245;0,29;0,01;0;0,3
017;011;202607;202607;1401102H;0; GS3V;R;7;18,7;0,01245;0,23;0,01;0;0,24
017;011;202607;202607;1401102O;0; GS3V;R;5;11,7;0,01245;0,15;0,01;0;0,15
017;011;202607;202607;1401102P;0; GS3V;R;12;37,9;0,01245;0,47;0,02;0;0,49
017;011;202607;202607;15011024;0; GS3V;R;9;21,8;0,01245;0,27;0,01;0;0,28
017;011;202607;202607;15011026;0; GS3V;R;8;36,7;0,01245;0,46;0,02;0;0,47
017;011;202607;202607;15011028;0; GS3V;R;6;26,4;0,01245;0,33;0,01;0;0,34
017;011;202607;202607;1501102A;0; GS3V;R;10;60,1;0,01245;0,75;0,03;0;0,78
017;011;202607;202607;1601102A;0; GS3V;R;19;115,4;0,01245;1,44;0,05;0;1,49
017;011;202607;202607;1601102C;0; GS3V;R;18;127,6;0,01245;1,59;0,06;0;1,65
017;011;202607;202607;1601102E;0; GS3V;R;14;75,7;0,01245;0,94;0,04;0;0,98
017;011;202607;202607;1601102G;0; GS3V;R;11;82,5;0,01245;1,03;0,04;0;1,07
017;011;202607;202607;1701101J;0; GS3V;R;13;54,3;0,01245;0,68;0,03;0;0,7
017;011;202607;202607;1701102A;0; GS3V;R;4;9,5;0,01245;0,12;0;0;0,12
017;011;202607;202607;1701102B;0; GS3V;R;12;68,3;0,01245;0,85;0,03;0;0,88
017;011;202607;202607;1701102C;0; GS3V;R;2;14,8;0,01245;0,18;0,01;0;0,19
017;011;202607;202607;1801102R;0; GS3V;R;3;4,6;0,01245;0,06;0;0;0,06
017;011;202607;202607;1901105P;0; GS3V;R;29;147,7;0,01245;1,84;0,07;0;1,91
017;011;202607;202607;1901105R;0; GS3V;R;38;166,4;0,01245;2,07;0,08;0;2,15
017;011;202607;202607;1901105T;0; GS3V;R;23;120,6;0,01245;1,5;0,06;0;1,56
017;011;202607;202607;1901105V;0; GS3V;R;42;238,1;0,01245;2,96;0,11;0;3,08
017;011;202607;202607;12001027;0; GS8V;N;10;51,5;0,01779;0,92;0,03;0;0,95
017;011;202607;202607;12001029;0; GS8V;N;9;95,7;0,01779;1,7;0,06;0;1,77
017;011;202607;202607;1200102B;0; GS8V;N;12;83,1;0,01779;1,48;0,06;0;1,53
017;011;202607;202607;1200102D;0; GS8V;N;16;186,8;0,01779;3,32;0,13;0;3,45
017;011;202607;202607;1201101Z;0; GS8V;N;2;33,2;0,01779;0,59;0,02;0;0,61
017;011;202607;202607;12011021;0; GS8V;N;5;31,6;0,01779;0,56;0,02;0;0,58
017;011;202607;202607;12011023;0; GS8V;N;11;72,9;0,01779;1,3;0,05;0;1,35
017;011;202607;202607;12011026;0; GS8V;N;33;222,7;0,01779;3,96;0,15;0;4,11
017;011;202607;202607;1201102E;0; GS8V;N;35;237,9;0,01779;4,23;0,16;0;4,39
017;011;202607;202607;1201102G;0; GS8V;N;37;235,6;0,01779;4,19;0,16;0;4,35
017;011;202607;202607;1201102I;0; GS8V;N;24;114,5;0,01779;2,04;0,08;0;2,11
017;011;202607;202607;1201102L;0; GS8V;N;18464;135242,4;0,01779;2405,96;91,14;0;2497,11
017;011;202607;202607;1201102N;0; GS8V;N;19109;138652,7;0,01779;2466,63;93,44;0;2560,07
017;011;202607;202607;1201102O;0; GS8V;N;19005;137193,8;0,01779;2440,68;92,46;0;2533,14
017;011;202607;202607;1201102Q;0; GS8V;N;19126;139185,2;0,01779;2476,1;93,8;0;2569,91
017;011;202607;202607;12115007;0; GS8V;N;1;0,6;0,01779;0,01;0;0;0,01
017;011;202607;202607;13001026;0; GS8V;N;13;95,9;0,01779;1,71;0,06;0;1,77
017;011;202607;202607;13001027;0; GS8V;N;7;112,9;0,01779;2,01;0,08;0;2,08
017;011;202607;202607;13001029;0; GS8V;N;14;107,5;0,01779;1,91;0,07;0;1,98
017;011;202607;202607;1300102C;0; GS8V;N;16;168,1;0,01779;2,99;0,11;0;3,1
017;011;202607;202607;1301101X;0; GS8V;N;2;8,3;0,01779;0,15;0,01;0;0,15
017;011;202607;202607;13011020;0; GS8V;N;5;8,2;0,01779;0,15;0,01;0;0,15
017;011;202607;202607;13011022;0; GS8V;N;1;1,1;0,01779;0,02;0;0;0,02
017;011;202607;202607;13011025;0; GS8V;N;50;368,4;0,01779;6,55;0,25;0;6,8
017;011;202607;202607;13011027;0; GS8V;N;55;598,2;0,01779;10,64;0,4;0;11,05
017;011;202607;202607;13011029;0; GS8V;N;49;319,8;0,01779;5,69;0,22;0;5,9
017;011;202607;202607;1301102B;0; GS8V;N;45;338,8;0,01779;6,03;0,23;0;6,26
017;011;202607;202607;1301102K;0; GS8V;N;28627;217397,7;0,01779;3867,51;146,51;0;4014,02
017;011;202607;202607;1301102M;0; GS8V;N;29356;222461,2;0,01779;3957,58;149,92;0;4107,51
017;011;202607;202607;1301102N;0; GS8V;N;29011;217630,4;0,01779;3871,64;146,67;0;4018,31
017;011;202607;202607;1301102P;0; GS8V;N;29289;220601,9;0,01779;3924,51;148,67;0;4073,18
017;011;202607;202607;13115015;0; GS8V;N;1;4,2;0,01779;0,07;0;0;0,08
017;011;202607;202607;1311501C;0; GS8V;N;1;0,5;0,01779;0,01;0;0;0,01
017;011;202607;202607;1311501P;0; GS8V;N;1;0,5;0,01779;0,01;0;0;0,01
017;011;202607;202607;1400101D;0; GS8V;N;3;19,9;0,01779;0,35;0,01;0;0,37
017;011;202607;202607;1400101H;0; GS8V;N;1;5,1;0,01779;0,09;0;0;0,09
017;011;202607;202607;1400101K;0; GS8V;N;4;3;0,01779;0,05;0;0;0,06
017;011;202607;202607;1401101T;0; GS8V;N;36;287,4;0,01779;5,11;0,19;0;5,31
017;011;202607;202607;1401101Y;0; GS8V;N;35;251,3;0,01779;4,47;0,17;0;4,64
017;011;202607;202607;14011020;0; GS8V;N;27;171,5;0,01779;3,05;0,12;0;3,17
017;011;202607;202607;14011023;0; GS8V;N;8;46,8;0,01779;0,83;0,03;0;0,86
017;011;202607;202607;1401102C;0; GS8V;N;2;8,2;0,01779;0,15;0,01;0;0,15
017;011;202607;202607;1401102D;0; GS8V;N;6;22,1;0,01779;0,39;0,01;0;0,41
017;011;202607;202607;1401102F;0; GS8V;N;18705;136797,8;0,01779;2433,63;92,19;0;2525,83
017;011;202607;202607;1401102H;0; GS8V;N;18781;137871,4;0,01779;2452,73;92,92;0;2545,65
017;011;202607;202607;1401102J;0; GS8V;N;1;0,5;0,01779;0,01;0;0;0,01
017;011;202607;202607;1401102O;0; GS8V;N;18362;133224,9;0,01779;2370,07;89,78;0;2459,86
017;011;202607;202607;1401102P;0; GS8V;N;19117;141250,8;0,01779;2512,85;95,19;0;2608,05
017;011;202607;202607;1411500K;0; GS8V;N;1;0,5;0,01779;0,01;0;0;0,01
017;011;202607;202607;1500101I;0; GS8V;N;3;6,6;0,01779;0,12;0;0;0,12
017;011;202607;202607;1500101K;0; GS8V;N;7;38,1;0,01779;0,68;0,03;0;0,7
017;011;202607;202607;1500101N;0; GS8V;N;3;9,1;0,01779;0,16;0,01;0;0,17
017;011;202607;202607;1500101P;0; GS8V;N;2;2,5;0,01779;0,04;0;0;0,05
017;011;202607;202607;1501101H;0; GS8V;N;2;14,2;0,01779;0,25;0,01;0;0,26
017;011;202607;202607;1501101J;0; GS8V;N;63;552,7;0,01779;9,83;0,37;0;10,21
017;011;202607;202607;1501101N;0; GS8V;N;7;101,6;0,01779;1,81;0,07;0;1,88
017;011;202607;202607;1501101P;0; GS8V;N;6;35,8;0,01779;0,64;0,02;0;0,66
017;011;202607;202607;1501101T;0; GS8V;N;9;150,8;0,01779;2,68;0,1;0;2,78
017;011;202607;202607;1501101Z;0; GS8V;N;10;60,4;0,01779;1,07;0,04;0;1,12
017;011;202607;202607;15011021;0; GS8V;N;4;27,6;0,01779;0,49;0,02;0;0,51
017;011;202607;202607;15011022;0; GS8V;N;4;30,4;0,01779;0,54;0,02;0;0,56
017;011;202607;202607;15011024;0; GS8V;N;17205;134830,4;0,01779;2398,63;90,87;0;2489,5
017;011;202607;202607;15011026;0; GS8V;N;16194;132296,9;0,01779;2353,56;89,16;0;2442,72
017;011;202607;202607;15011028;0; GS8V;N;17626;138467,5;0,01779;2463,34;93,32;0;2556,65
017;011;202607;202607;1501102A;0; GS8V;N;17332;135109,3;0,01779;2403,59;91,05;0;2494,65
017;011;202607;202607;1511500C;0; GS8V;N;1;0,5;0,01779;0,01;0;0;0,01
017;011;202607;202607;1511500Q;0; GS8V;N;1;6,7;0,01779;0,12;0;0;0,12
017;011;202607;202607;1600102A;0; GS8V;N;13;68,6;0,01779;1,22;0,05;0;1,27
017;011;202607;202607;1600102C;0; GS8V;N;39;246,6;0,01779;4,39;0,17;0;4,55
017;011;202607;202607;1600102E;0; GS8V;N;22;190,9;0,01779;3,4;0,13;0;3,52
017;011;202607;202607;1600102G;0; GS8V;N;20;102,9;0,01779;1,83;0,07;0;1,9
017;011;202607;202607;1601101L;0; GS8V;N;9;118,1;0,01779;2,1;0,08;0;2,18
017;011;202607;202607;1601101P;0; GS8V;N;4;43,4;0,01779;0,77;0,03;0;0,8
017;011;202607;202607;1601101V;0; GS8V;N;3;15;0,01779;0,27;0,01;0;0,28
017;011;202607;202607;16011020;0; GS8V;N;8;68,1;0,01779;1,21;0,05;0;1,26
017;011;202607;202607;16011021;0; GS8V;N;21;120,7;0,01779;2,15;0,08;0;2,23
017;011;202607;202607;16011023;0; GS8V;N;38;140;0,01779;2,49;0,09;0;2,58
017;011;202607;202607;16011025;0; GS8V;N;45;166;0,01779;2,95;0,11;0;3,07
017;011;202607;202607;16011028;0; GS8V;N;42;141;0,01779;2,51;0,1;0;2,6
017;011;202607;202607;1601102A;0; GS8V;N;54563;392686,6;0,01779;6985,89;264,64;0;7250,54
017;011;202607;202607;1601102C;0; GS8V;N;52330;377215,1;0,01779;6710,66;254,22;0;6964,87
017;011;202607;202607;1601102E;0; GS8V;N;54216;393099,3;0,01779;6993,24;264,92;0;7258,16
017;011;202607;202607;1601102G;0; GS8V;N;54740;388255,4;0,01779;6907,06;261,66;0;7168,72
017;011;202607;202607;1611500A;0; GS8V;N;1;0,5;0,01779;0,01;0;0;0,01
017;011;202607;202607;1611500G;0; GS8V;N;1;0,5;0,01779;0,01;0;0;0,01
017;011;202607;202607;1611500K;0; GS8V;N;1;0,5;0,01779;0,01;0;0;0,01
017;011;202607;202607;1611500U;0; GS8V;N;1;6,2;0,01779;0,11;0;0;0,11
017;011;202607;202607;1611500Z;0; GS8V;N;1;0,5;0,01779;0,01;0;0;0,01
017;011;202607;202607;1700102B;0; GS8V;N;12;93,6;0,01779;1,67;0,06;0;1,73
017;011;202607;202607;1700102D;0; GS8V;N;15;180,2;0,01779;3,21;0,12;0;3,33
017;011;202607;202607;1700102F;0; GS8V;N;26;217;0,01779;3,86;0,15;0;4,01
017;011;202607;202607;1700102H;0; GS8V;N;9;42,5;0,01779;0,76;0,03;0;0,78
017;011;202607;202607;1701101F;0; GS8V;N;171;1358,4;0,01779;24,17;0,92;0;25,08
017;011;202607;202607;1701101H;0; GS8V;N;3;6,6;0,01779;0,12;0;0;0,12
017;011;202607;202607;1701101I;0; GS8V;N;2;8,8;0,01779;0,16;0,01;0;0,16
017;011;202607;202607;1701101J;0; GS8V;N;27359;183729,8;0,01779;3268,55;123,82;0;3392,37
017;011;202607;202607;1701101Y;0; GS8V;N;1;19,7;0,01779;0,35;0,01;0;0,36
017;011;202607;202607;17011021;0; GS8V;N;606;2797,2;0,01779;49,76;1,89;0;51,65
017;011;202607;202607;17011023;0; GS8V;N;670;2892,6;0,01779;51,46;1,95;0;53,41
017;011;202607;202607;17011025;0; GS8V;N;590;2475,2;0,01779;44,03;1,67;0;45,7
017;011;202607;202607;17011026;0; GS8V;N;605;2708,3;0,01779;48,18;1,83;0;50,01
017;011;202607;202607;1701102A;0; GS8V;N;27028;177126,3;0,01779;3151,08;119,37;0;3270,45
017;011;202607;202607;1701102B;0; GS8V;N;26611;176228,1;0,01779;3135,1;118,77;0;3253,86
017;011;202607;202607;1701102C;0; GS8V;N;28313;186537,5;0,01779;3318,5;125,71;0;3444,22
017;011;202607;202607;1711500S;0; GS8V;N;2;2,1;0,01779;0,04;0;0;0,04
017;011;202607;202607;18001049;0; GS8V;N;5;55,7;0,01779;0,99;0,04;0;1,03
017;011;202607;202607;1800104C;0; GS8V;N;6;42;0,01779;0,75;0,03;0;0,78
017;011;202607;202607;1800104E;0; GS8V;N;10;61,9;0,01779;1,1;0,04;0;1,14
017;011;202607;202607;18011028;0; GS8V;N;18;185,7;0,01779;3,3;0,13;0;3,43
017;011;202607;202607;1801102C;0; GS8V;N;14;101,4;0,01779;1,8;0,07;0;1,87
017;011;202607;202607;1801102G;0; GS8V;N;8;47,3;0,01779;0,84;0,03;0;0,87
017;011;202607;202607;1801102K;0; GS8V;N;12;111,4;0,01779;1,98;0,08;0;2,06
017;011;202607;202607;1801102O;0; GS8V;N;7;27,7;0,01779;0,49;0,02;0;0,51
017;011;202607;202607;1801102P;0; GS8V;N;16;74,1;0,01779;1,32;0,05;0;1,37
017;011;202607;202607;1801102R;0; GS8V;N;7985;57612,6;0,01779;1024,93;38,83;0;1063,76
017;011;202607;202607;1801102T;0; GS8V;N;7897;57032,1;0,01779;1014,6;38,44;0;1053,04
017;011;202607;202607;1801102V;0; GS8V;N;7331;53293;0,01779;948,08;35,92;0;984
017;011;202607;202607;1801102Y;0; GS8V;N;12;74,2;0,01779;1,32;0,05;0;1,37
017;011;202607;202607;1801102Z;0; GS8V;N;7820;55563;0,01779;988,47;37,45;0;1025,91
017;011;202607;202607;18011030;0; GS8V;N;7;28,5;0,01779;0,51;0,02;0;0,53
017;011;202607;202607;1900102Q;0; GS8V;N;61;656,1;0,01779;11,67;0,44;0;12,11
017;011;202607;202607;1900102S;0; GS8V;N;51;416,4;0,01779;7,41;0,28;0;7,69
017;011;202607;202607;1900102U;0; GS8V;N;60;587,8;0,01779;10,46;0,4;0;10,85
017;011;202607;202607;1900102V;0; GS8V;N;44;315;0,01779;5,6;0,21;0;5,82
017;011;202607;202607;19001A1F;0; GS8V;N;19;203,3;0,01779;3,62;0,14;0;3,75
017;011;202607;202607;1901104X;0; GS8V;N;2;9,8;0,01779;0,17;0,01;0;0,18
017;011;202607;202607;19011058;0; GS8V;N;9;36,6;0,01779;0,65;0,02;0;0,68
017;011;202607;202607;1901105A;0; GS8V;N;19;141,5;0,01779;2,52;0,1;0;2,61
017;011;202607;202607;1901105D;0; GS8V;N;11;74;0,01779;1,32;0,05;0;1,37
017;011;202607;202607;1901105F;0; GS8V;N;7;38,6;0,01779;0,69;0,03;0;0,71
017;011;202607;202607;1901105G;0; GS8V;N;124;1650,7;0,01779;29,37;1,11;0;30,48
017;011;202607;202607;1901105J;0; GS8V;N;107;1769,1;0,01779;31,47;1,19;0;32,66
017;011;202607;202607;1901105L;0; GS8V;N;107;1469,2;0,01779;26,14;0,99;0;27,13
017;011;202607;202607;1901105N;0; GS8V;N;117;1461;0,01779;25,99;0,98;0;26,98
017;011;202607;202607;1901105P;0; GS8V;N;82673;619426,3;0,01779;11019,59;417,45;0;11437,05
017;011;202607;202607;1901105R;0; GS8V;N;84549;627539,2;0,01779;11163,92;422,92;0;11586,84
017;011;202607;202607;1901105T;0; GS8V;N;81337;614487,2;0,01779;10931,73;414,12;0;11345,85
017;011;202607;202607;1901105V;0; GS8V;N;85829;635732,5;0,01779;11309,68;428,44;0;11738,12
017;011;202607;202607;1911500L;0; GS8V;N;2;1,7;0,01779;0,03;0;0;0,03
017;011;202607;202607;19115012;0; GS8V;N;1;0,5;0,01779;0,01;0;0;0,01
017;011;202607;202607;12001027;0; GS8V;R;1;0,7;0,01245;0,01;0;0;0,01
017;011;202607;202607;12001029;0; GS8V;R;1;1;0,01245;0,01;0;0;0,01
017;011;202607;202607;1200102B;0; GS8V;R;1;0,6;0,01245;0,01;0;0;0,01
017;011;202607;202607;1200102D;0; GS8V;R;1;0,6;0,01245;0,01;0;0;0,01
017;011;202607;202607;1201101Z;0; GS8V;R;1;1,7;0,01245;0,02;0;0;0,02
017;011;202607;202607;12011021;0; GS8V;R;1;4,7;0,01245;0,06;0;0;0,06
017;011;202607;202607;1201102E;0; GS8V;R;2;5,2;0,01245;0,06;0;0;0,07
017;011;202607;202607;1201102G;0; GS8V;R;1;0,7;0,01245;0,01;0;0;0,01
017;011;202607;202607;1201102I;0; GS8V;R;1;1,5;0,01245;0,02;0;0;0,02
017;011;202607;202607;1201102L;0; GS8V;R;2474;7991,8;0,01245;99,5;3,77;0;103,27
017;011;202607;202607;1201102N;0; GS8V;R;2555;8742,3;0,01245;108,84;4,12;0;112,96
017;011;202607;202607;1201102O;0; GS8V;R;2589;8557,8;0,01245;106,54;4,04;0;110,58
017;011;202607;202607;1201102Q;0; GS8V;R;2610;8796,5;0,01245;109,52;4,15;0;113,67
017;011;202607;202607;13001026;0; GS8V;R;1;0,5;0,01245;0,01;0;0;0,01
017;011;202607;202607;13001027;0; GS8V;R;2;10,7;0,01245;0,13;0,01;0;0,14
017;011;202607;202607;1300102C;0; GS8V;R;1;2,5;0,01245;0,03;0;0;0,03
017;011;202607;202607;13011027;0; GS8V;R;1;1,8;0,01245;0,02;0;0;0,02
017;011;202607;202607;1301102B;0; GS8V;R;3;16,6;0,01245;0,21;0,01;0;0,21
017;011;202607;202607;1301102K;0; GS8V;R;4047;15422,1;0,01245;192,01;7,27;0;199,28
017;011;202607;202607;1301102M;0; GS8V;R;4067;15644,3;0,01245;194,77;7,38;0;202,15
017;011;202607;202607;1301102N;0; GS8V;R;4006;14464,7;0,01245;180,09;6,82;0;186,91
017;011;202607;202607;1301102P;0; GS8V;R;4260;15401,5;0,01245;191,75;7,26;0;199,01
017;011;202607;202607;13115015;0; GS8V;R;2;2,7;0,01245;0,03;0;0;0,03
017;011;202607;202607;1311501C;0; GS8V;R;1;1;0,01245;0,01;0;0;0,01
017;011;202607;202607;1401101T;0; GS8V;R;1;5,5;0,01245;0,07;0;0;0,07
017;011;202607;202607;1401101Y;0; GS8V;R;2;9,6;0,01245;0,12;0;0;0,12
017;011;202607;202607;14011020;0; GS8V;R;1;0,7;0,01245;0,01;0;0;0,01
017;011;202607;202607;1401102C;0; GS8V;R;1;0,5;0,01245;0,01;0;0;0,01
017;011;202607;202607;1401102D;0; GS8V;R;3;3,5;0,01245;0,04;0;0;0,05
017;011;202607;202607;1401102F;0; GS8V;R;2671;11181,9;0,01245;139,21;5,27;0;144,49
017;011;202607;202607;1401102H;0; GS8V;R;2560;11177,8;0,01245;139,16;5,27;0;144,44
017;011;202607;202607;1401102J;0; GS8V;R;3;3;0,01245;0,04;0;0;0,04
017;011;202607;202607;1401102O;0; GS8V;R;2559;11541;0,01245;143,69;5,44;0;149,13
017;011;202607;202607;1401102P;0; GS8V;R;2699;11403,8;0,01245;141,98;5,38;0;147,36
017;011;202607;202607;1411500X;0; GS8V;R;1;6,9;0,01245;0,09;0;0;0,09
017;011;202607;202607;1500101I;0; GS8V;R;1;2,3;0,01245;0,03;0;0;0,03
017;011;202607;202607;1500101P;0; GS8V;R;2;9,4;0,01245;0,12;0;0;0,12
017;011;202607;202607;1501101H;0; GS8V;R;1;0,9;0,01245;0,01;0;0;0,01
017;011;202607;202607;1501101J;0; GS8V;R;7;70,7;0,01245;0,88;0,03;0;0,91
017;011;202607;202607;1501101T;0; GS8V;R;1;11,3;0,01245;0,14;0,01;0;0,15
017;011;202607;202607;15011021;0; GS8V;R;1;0,5;0,01245;0,01;0;0;0,01
017;011;202607;202607;15011024;0; GS8V;R;1899;7995,8;0,01245;99,55;3,77;0;103,32
017;011;202607;202607;15011026;0; GS8V;R;1760;8395,3;0,01245;104,52;3,96;0;108,48
017;011;202607;202607;15011028;0; GS8V;R;1895;7458,8;0,01245;92,86;3,52;0;96,38
017;011;202607;202607;1501102A;0; GS8V;R;1746;7366,4;0,01245;91,71;3,47;0;95,19
017;011;202607;202607;1600102A;0; GS8V;R;1;8,3;0,01245;0,1;0;0;0,11
017;011;202607;202607;16011021;0; GS8V;R;9;32,9;0,01245;0,41;0,02;0;0,43
017;011;202607;202607;16011023;0; GS8V;R;9;29,2;0,01245;0,36;0,01;0;0,38
017;011;202607;202607;16011025;0; GS8V;R;10;26,3;0,01245;0,33;0,01;0;0,34
017;011;202607;202607;16011028;0; GS8V;R;2;3,7;0,01245;0,05;0;0;0,05
017;011;202607;202607;1601102A;0; GS8V;R;7810;41023,6;0,01245;510,74;19,35;0;530,09
017;011;202607;202607;1601102C;0; GS8V;R;7556;40594,1;0,01245;505,4;19,15;0;524,54
017;011;202607;202607;1601102E;0; GS8V;R;7539;39606,2;0,01245;493,1;18,68;0;511,78
017;011;202607;202607;1601102G;0; GS8V;R;8000;41535,9;0,01245;517,12;19,59;0;536,71
017;011;202607;202607;1611500K;0; GS8V;R;1;2,4;0,01245;0,03;0;0;0,03
017;011;202607;202607;1700102H;0; GS8V;R;1;0,5;0,01245;0,01;0;0;0,01
017;011;202607;202607;1701101F;0; GS8V;R;33;232,5;0,01245;2,89;0,11;0;3
017;011;202607;202607;1701101J;0; GS8V;R;3508;13142,7;0,01245;163,63;6,2;0;169,83
017;011;202607;202607;17011021;0; GS8V;R;93;945,3;0,01245;11,77;0,45;0;12,21
017;011;202607;202607;17011023;0; GS8V;R;90;1263,2;0,01245;15,73;0,6;0;16,32
017;011;202607;202607;17011025;0; GS8V;R;100;1020,6;0,01245;12,71;0,48;0;13,19
017;011;202607;202607;17011026;0; GS8V;R;115;1019,2;0,01245;12,69;0,48;0;13,17
017;011;202607;202607;1701102A;0; GS8V;R;3230;11880;0,01245;147,91;5,6;0;153,51
017;011;202607;202607;1701102B;0; GS8V;R;3223;12651;0,01245;157,5;5,97;0;163,47
017;011;202607;202607;1701102C;0; GS8V;R;3432;12766,3;0,01245;158,94;6,02;0;164,96
017;011;202607;202607;1711500I;0; GS8V;R;1;7,2;0,01245;0,09;0;0;0,09
017;011;202607;202607;1801102G;0; GS8V;R;1;1,7;0,01245;0,02;0;0;0,02
017;011;202607;202607;1801102R;0; GS8V;R;1097;4090,1;0,01245;50,92;1,93;0;52,85
017;011;202607;202607;1801102T;0; GS8V;R;1003;4020,2;0,01245;50,05;1,9;0;51,95
017;011;202607;202607;1801102V;0; GS8V;R;1000;4317,7;0,01245;53,76;2,04;0;55,79
017;011;202607;202607;1801102Y;0; GS8V;R;2;5,3;0,01245;0,07;0;0;0,07
017;011;202607;202607;1801102Z;0; GS8V;R;922;3813,1;0,01245;47,47;1,8;0;49,27
017;011;202607;202607;1900102Q;0; GS8V;R;2;1;0,01245;0,01;0;0;0,01
017;011;202607;202607;1900102S;0; GS8V;R;2;3,8;0,01245;0,05;0;0;0,05
017;011;202607;202607;1900102U;0; GS8V;R;2;1;0,01245;0,01;0;0;0,01
017;011;202607;202607;1900102V;0; GS8V;R;3;69,2;0,01245;0,86;0,03;0;0,89
017;011;202607;202607;1901105D;0; GS8V;R;3;13,8;0,01245;0,17;0,01;0;0,18
017;011;202607;202607;1901105G;0; GS8V;R;1;3,3;0,01245;0,04;0;0;0,04
017;011;202607;202607;1901105J;0; GS8V;R;1;2,2;0,01245;0,03;0;0;0,03
017;011;202607;202607;1901105P;0; GS8V;R;9552;38703;0,01245;481,85;18,25;0;500,11
017;011;202607;202607;1901105R;0; GS8V;R;9894;40340,4;0,01245;502,24;19,03;0;521,26
017;011;202607;202607;1901105T;0; GS8V;R;9484;38114,7;0,01245;474,53;17,98;0;492,5
017;011;202607;202607;1901105V;0; GS8V;R;9892;40564;0,01245;505,02;19,13;0;524,15
017;011;202607;202607;1911500P;0; GS8V;R;1;0,8;0,01245;0,01;0;0;0,01
017;011;202607;202607;1911500R;0; GS8V;R;1;10,5;0,01245;0,13;0;0;0,14
017;011;202607;202607;19115016;0; GS8V;R;1;5,8;0,01245;0,07;0;0;0,07
017;011;202607;202607;12010009;0; IENV;N;1290;706,6;0,01779;12,57;0,48;0;13,05
017;011;202607;202607;1201000B;0; IENV;N;1290;756,7;0,01779;13,46;0,51;0;13,97
017;011;202607;202607;1201000D;0; IENV;N;1224;710,6;0,01779;12,64;0,48;0;13,12
017;011;202607;202607;1201102D;0; IENV;N;33940;18394,2;0,01779;327,23;12,4;0;339,63
017;011;202607;202607;1201102F;0; IENV;N;32918;17916,7;0,01779;318,74;12,07;0;330,81
017;011;202607;202607;1201102H;0; IENV;N;32992;18555,9;0,01779;330,11;12,51;0;342,61
017;011;202607;202607;1201102M;0; IENV;N;25055;13791,4;0,01779;245,35;9,29;0;254,64
017;011;202607;202607;1201102P;0; IENV;N;25258;13724,5;0,01779;244,16;9,25;0;253,41
017;011;202607;202607;1201102R;0; IENV;N;25100;13882,2;0,01779;246,96;9,36;0;256,32
017;011;202607;202607;1201102S;0; IENV;N;24948;13619,5;0,01779;242,29;9,18;0;251,47
017;011;202607;202607;13011028;0; IENV;N;29339;15882,5;0,01779;282,55;10,7;0;293,25
017;011;202607;202607;1301102A;0; IENV;N;29370;16268,6;0,01779;289,42;10,96;0;300,38
017;011;202607;202607;1301102C;0; IENV;N;30723;17034,1;0,01779;303,04;11,48;0;314,52
017;011;202607;202607;1301102L;0; IENV;N;22371;12262,6;0,01779;218,15;8,26;0;226,42
017;011;202607;202607;1301102O;0; IENV;N;22392;12191,6;0,01779;216,89;8,22;0;225,1
017;011;202607;202607;1301102Q;0; IENV;N;22654;12560,5;0,01779;223,45;8,46;0;231,92
017;011;202607;202607;1301102R;0; IENV;N;22513;12149,9;0,01779;216,15;8,19;0;224,33
017;011;202607;202607;1401101U;0; IENV;N;15120;8274,9;0,01779;147,21;5,58;0;152,79
017;011;202607;202607;1401101Z;0; IENV;N;15114;8438,1;0,01779;150,11;5,69;0;155,8
017;011;202607;202607;14011024;0; IENV;N;15608;8627,2;0,01779;153,48;5,81;0;159,29
017;011;202607;202607;14011029;0; IENV;N;15302;8640,1;0,01779;153,71;5,82;0;159,53
017;011;202607;202607;1401102E;0; IENV;N;15222;8132,5;0,01779;144,68;5,48;0;150,16
017;011;202607;202607;1401102G;0; IENV;N;15311;8241,4;0,01779;146,61;5,55;0;152,17
017;011;202607;202607;1401102I;0; IENV;N;15229;8352,3;0,01779;148,59;5,63;0;154,22
017;011;202607;202607;1401102K;0; IENV;N;14995;8149,5;0,01779;144,98;5,49;0;150,47
017;011;202607;202607;1501101I;0; IENV;N;13068;7139,2;0,01779;127,01;4,81;0;131,82
017;011;202607;202607;1501101M;0; IENV;N;13071;7367,8;0,01779;131,07;4,97;0;136,04
017;011;202607;202607;1501101O;0; IENV;N;13043;7568,6;0,01779;134,65;5,1;0;139,75
017;011;202607;202607;1501101S;0; IENV;N;12962;7506,5;0,01779;133,54;5,06;0;138,6
017;011;202607;202607;15011023;0; IENV;N;13107;7402,6;0,01779;131,69;4,99;0;136,68
017;011;202607;202607;15011025;0; IENV;N;13004;7341,8;0,01779;130,61;4,95;0;135,56
017;011;202607;202607;15011027;0; IENV;N;13067;7227;0,01779;128,57;4,87;0;133,44
017;011;202607;202607;15011029;0; IENV;N;12931;7087,5;0,01779;126,09;4,78;0;130,86
017;011;202607;202607;1601101M;0; IENV;N;39395;22438,9;0,01779;399,19;15,12;0;414,31
017;011;202607;202607;1601101Q;0; IENV;N;39916;23631,8;0,01779;420,41;15,93;0;436,34
017;011;202607;202607;1601101U;0; IENV;N;38728;22548,8;0,01779;401,14;15,2;0;416,34
017;011;202607;202607;1601101Z;0; IENV;N;39860;22651,9;0,01779;402,98;15,27;0;418,24
017;011;202607;202607;16011029;0; IENV;N;38384;21586,8;0,01779;384,03;14,55;0;398,58
017;011;202607;202607;1601102B;0; IENV;N;39903;22949,7;0,01779;408,28;15,47;0;423,74
017;011;202607;202607;1601102D;0; IENV;N;40237;23489,7;0,01779;417,88;15,83;0;433,71
017;011;202607;202607;1601102F;0; IENV;N;40472;22625,5;0,01779;402,51;15,25;0;417,76
017;011;202607;202607;1701000P;0; IENV;N;106;54;0,01779;0,96;0,04;0;1
017;011;202607;202607;1701000R;0; IENV;N;104;53,6;0,01779;0,95;0,04;0;0,99
017;011;202607;202607;1701000T;0; IENV;N;128;64,5;0,01779;1,15;0,04;0;1,19
017;011;202607;202607;1701000U;0; IENV;N;108;56;0,01779;1;0,04;0;1,03
017;011;202607;202607;1701101K;0; IENV;N;24407;12750,7;0,01779;226,83;8,59;0;235,43
017;011;202607;202607;1701101L;0; IENV;N;24250;12915,4;0,01779;229,76;8,7;0;238,47
017;011;202607;202607;1701101M;0; IENV;N;24462;12856,6;0,01779;228,72;8,66;0;237,38
017;011;202607;202607;1701101P;0; IENV;N;24178;12745;0,01779;226,73;8,59;0;235,32
017;011;202607;202607;1701101Z;0; IENV;N;24501;12907,5;0,01779;229,62;8,7;0;238,32
017;011;202607;202607;17011028;0; IENV;N;24516;12781,2;0,01779;227,38;8,61;0;235,99
017;011;202607;202607;17011029;0; IENV;N;24010;12775,2;0,01779;227,27;8,61;0;235,88
017;011;202607;202607;1701102D;0; IENV;N;23998;12696,5;0,01779;225,87;8,56;0;234,43
017;011;202607;202607;18011029;0; IENV;N;8509;4455,2;0,01779;79,26;3;0;82,26
017;011;202607;202607;1801102D;0; IENV;N;8520;4500,8;0,01779;80,07;3,03;0;83,1
017;011;202607;202607;1801102F;0; IENV;N;8302;4401,1;0,01779;78,3;2,97;0;81,26
017;011;202607;202607;1801102J;0; IENV;N;8436;4480,1;0,01779;79,7;3,02;0;82,72
017;011;202607;202607;1801102Q;0; IENV;N;8454;4465,2;0,01779;79,44;3,01;0;82,45
017;011;202607;202607;1801102S;0; IENV;N;8419;4509;0,01779;80,22;3,04;0;83,25
017;011;202607;202607;1801102U;0; IENV;N;8449;4473,7;0,01779;79,59;3,01;0;82,6
017;011;202607;202607;1801102X;0; IENV;N;8391;4410,2;0,01779;78,46;2,97;0;81,43
017;011;202607;202607;1901105H;0; IENV;N;23501;14368,4;0,01779;255,61;9,68;0;265,3
017;011;202607;202607;1901105I;0; IENV;N;23649;14315,3;0,01779;254,67;9,65;0;264,32
017;011;202607;202607;1901105K;0; IENV;N;23722;14156,7;0,01779;251,85;9,54;0;261,39
017;011;202607;202607;1901105M;0; IENV;N;24091;14467,3;0,01779;257,37;9,75;0;267,12
017;011;202607;202607;1901105O;0; IENV;N;23877;14330;0,01779;254,93;9,66;0;264,59
017;011;202607;202607;1901105Q;0; IENV;N;23671;14644,7;0,01779;260,53;9,87;0;270,4
017;011;202607;202607;1901105S;0; IENV;N;23877;14429,2;0,01779;256,7;9,72;0;266,42
017;011;202607;202607;1901105U;0; IENV;N;23929;14880,1;0,01779;264,72;10,03;0;274,75
017;011;202607;202607;1201102D;0; IENV;R;690;453,3;0,01245;5,64;0,21;0;5,86
017;011;202607;202607;1201102F;0; IENV;R;593;682,3;0,01245;8,49;0,32;0;8,82
017;011;202607;202607;1201102H;0; IENV;R;627;552,9;0,01245;6,88;0,26;0;7,14
017;011;202607;202607;1201102M;0; IENV;R;476;677,1;0,01245;8,43;0,32;0;8,75
017;011;202607;202607;1201102P;0; IENV;R;520;653,9;0,01245;8,14;0,31;0;8,45
017;011;202607;202607;1201102R;0; IENV;R;481;355,7;0,01245;4,43;0,17;0;4,6
017;011;202607;202607;1201102S;0; IENV;R;502;345,4;0,01245;4,3;0,16;0;4,46
017;011;202607;202607;13011028;0; IENV;R;640;511,4;0,01245;6,37;0,24;0;6,61
017;011;202607;202607;1301102A;0; IENV;R;651;388,3;0,01245;4,83;0,18;0;5,02
017;011;202607;202607;1301102C;0; IENV;R;651;425,2;0,01245;5,29;0,2;0;5,49
017;011;202607;202607;1301102L;0; IENV;R;475;303,3;0,01245;3,78;0,14;0;3,92
017;011;202607;202607;1301102O;0; IENV;R;525;668;0,01245;8,32;0,32;0;8,63
017;011;202607;202607;1301102Q;0; IENV;R;501;465,8;0,01245;5,8;0,22;0;6,02
017;011;202607;202607;1301102R;0; IENV;R;501;372;0,01245;4,63;0,18;0;4,81
017;011;202607;202607;1401101U;0; IENV;R;351;459,3;0,01245;5,72;0,22;0;5,93
017;011;202607;202607;1401101Z;0; IENV;R;305;224,7;0,01245;2,8;0,11;0;2,9
017;011;202607;202607;14011024;0; IENV;R;333;488,9;0,01245;6,09;0,23;0;6,32
017;011;202607;202607;14011029;0; IENV;R;324;219,4;0,01245;2,73;0,1;0;2,84
017;011;202607;202607;1401102E;0; IENV;R;376;293,2;0,01245;3,65;0,14;0;3,79
017;011;202607;202607;1401102G;0; IENV;R;333;298,1;0,01245;3,71;0,14;0;3,85
017;011;202607;202607;1401102I;0; IENV;R;353;272,7;0,01245;3,4;0,13;0;3,52
017;011;202607;202607;1401102K;0; IENV;R;356;347,8;0,01245;4,33;0,16;0;4,49
017;011;202607;202607;1501101I;0; IENV;R;319;240,9;0,01245;3;0,11;0;3,11
017;011;202607;202607;1501101M;0; IENV;R;334;264;0,01245;3,29;0,12;0;3,41
017;011;202607;202607;1501101O;0; IENV;R;342;225,8;0,01245;2,81;0,11;0;2,92
017;011;202607;202607;1501101S;0; IENV;R;308;193,8;0,01245;2,41;0,09;0;2,5
017;011;202607;202607;15011023;0; IENV;R;314;189,2;0,01245;2,36;0,09;0;2,44
017;011;202607;202607;15011025;0; IENV;R;316;256,4;0,01245;3,19;0,12;0;3,31
017;011;202607;202607;15011027;0; IENV;R;331;274,1;0,01245;3,41;0,13;0;3,54
017;011;202607;202607;15011029;0; IENV;R;310;260,3;0,01245;3,24;0,12;0;3,36
017;011;202607;202607;1601101M;0; IENV;R;789;726,7;0,01245;9,05;0,34;0;9,39
017;011;202607;202607;1601101Q;0; IENV;R;844;804,8;0,01245;10,02;0,38;0;10,4
017;011;202607;202607;1601101U;0; IENV;R;721;888,7;0,01245;11,06;0,42;0;11,48
017;011;202607;202607;1601101Z;0; IENV;R;836;724,2;0,01245;9,02;0,34;0;9,36
017;011;202607;202607;16011029;0; IENV;R;759;1095,1;0,01245;13,63;0,52;0;14,15
017;011;202607;202607;1601102B;0; IENV;R;762;807,2;0,01245;10,05;0,38;0;10,43
017;011;202607;202607;1601102D;0; IENV;R;814;1057,3;0,01245;13,16;0,5;0;13,66
017;011;202607;202607;1601102F;0; IENV;R;762;819,4;0,01245;10,2;0,39;0;10,59
017;011;202607;202607;1701000T;0; IENV;R;1;25,1;0,01245;0,31;0,01;0;0,32
017;011;202607;202607;1701101K;0; IENV;R;396;267,2;0,01245;3,33;0,13;0;3,45
017;011;202607;202607;1701101L;0; IENV;R;401;284,5;0,01245;3,54;0,13;0;3,68
017;011;202607;202607;1701101M;0; IENV;R;409;363,7;0,01245;4,53;0,17;0;4,7
017;011;202607;202607;1701101P;0; IENV;R;463;302,5;0,01245;3,77;0,14;0;3,91
017;011;202607;202607;1701101Z;0; IENV;R;432;329,3;0,01245;4,1;0,16;0;4,26
017;011;202607;202607;17011028;0; IENV;R;433;319,4;0,01245;3,98;0,15;0;4,13
017;011;202607;202607;17011029;0; IENV;R;391;353,1;0,01245;4,4;0,17;0;4,56
017;011;202607;202607;1701102D;0; IENV;R;406;274,9;0,01245;3,42;0,13;0;3,55
017;011;202607;202607;18011029;0; IENV;R;171;127,6;0,01245;1,59;0,06;0;1,65
017;011;202607;202607;1801102D;0; IENV;R;155;100,5;0,01245;1,25;0,05;0;1,3
017;011;202607;202607;1801102F;0; IENV;R;210;167,6;0,01245;2,09;0,08;0;2,17
017;011;202607;202607;1801102J;0; IENV;R;159;169,9;0,01245;2,12;0,08;0;2,2
017;011;202607;202607;1801102Q;0; IENV;R;143;114;0,01245;1,42;0,05;0;1,47
017;011;202607;202607;1801102S;0; IENV;R;166;105,8;0,01245;1,32;0,05;0;1,37
017;011;202607;202607;1801102U;0; IENV;R;173;109,6;0,01245;1,36;0,05;0;1,42
017;011;202607;202607;1801102X;0; IENV;R;169;89,7;0,01245;1,12;0,04;0;1,16
017;011;202607;202607;1901105H;0; IENV;R;1647;1322,3;0,01245;16,46;0,62;0;17,09
017;011;202607;202607;1901105I;0; IENV;R;1725;1475,1;0,01245;18,36;0,7;0;19,06
017;011;202607;202607;1901105K;0; IENV;R;1713;1406,6;0,01245;17,51;0,66;0;18,18
017;011;202607;202607;1901105M;0; IENV;R;1640;1125;0,01245;14,01;0,53;0;14,54
017;011;202607;202607;1901105O;0; IENV;R;1658;1153,2;0,01245;14,36;0,54;0;14,9
017;011;202607;202607;1901105Q;0; IENV;R;1704;1165,7;0,01245;14,51;0,55;0;15,06
017;011;202607;202607;1901105S;0; IENV;R;1627;1220,7;0,01245;15,2;0,58;0;15,77
017;011;202607;202607;1901105U;0; IENV;R;1686;1109,9;0,01245;13,82;0,52;0;14,34
017;011;202607;202607;12011020;0; LENV;N;112593;109610,1;0,01779;1949,96;73,87;0;2023,83
017;011;202607;202607;12011022;0; LENV;N;112675;110967,8;0,01779;1974,12;74,78;0;2048,9
017;011;202607;202607;12011024;0; LENV;N;112655;113305,5;0,01779;2015,7;76,36;0;2092,07
017;011;202607;202607;12011025;0; LENV;N;131;112,8;0,01779;2,01;0,08;0;2,08
017;011;202607;202607;12011027;0; LENV;N;123;97,5;0,01779;1,73;0,07;0;1,8
017;011;202607;202607;12011029;0; LENV;N;133;125;0,01779;2,22;0,08;0;2,31
017;011;202607;202607;1201102D;0; LENV;N;731438;369161,1;0,01779;6567,38;248,79;0;6816,17
017;011;202607;202607;1201102F;0; LENV;N;714692;360279,8;0,01779;6409,38;242,8;0;6652,18
017;011;202607;202607;1201102H;0; LENV;N;715716;360770,5;0,01779;6418,11;243,14;0;6661,24
017;011;202607;202607;1201102M;0; LENV;N;541132;272908;0,01779;4855,03;183,92;0;5038,96
017;011;202607;202607;1201102P;0; LENV;N;540355;272391,4;0,01779;4845,84;183,57;0;5029,42
017;011;202607;202607;1201102R;0; LENV;N;540212;272173,9;0,01779;4841,97;183,43;0;5025,4
017;011;202607;202607;1201102S;0; LENV;N;539552;271933,5;0,01779;4837,7;183,27;0;5020,96
017;011;202607;202607;12895002;0; LENV;N;644;478;0,01779;8,5;0,32;0;8,83
017;011;202607;202607;1301101V;0; LENV;N;8114;7708,9;0,01779;137,14;5,2;0;142,34
017;011;202607;202607;1301101Z;0; LENV;N;7998;8401,3;0,01779;149,46;5,66;0;155,12
017;011;202607;202607;13011021;0; LENV;N;8231;8076,5;0,01779;143,68;5,44;0;149,12
017;011;202607;202607;13011023;0; LENV;N;8028;7704,2;0,01779;137,06;5,19;0;142,25
017;011;202607;202607;13011028;0; LENV;N;647814;329730,1;0,01779;5865,9;222,22;0;6088,11
017;011;202607;202607;1301102A;0; LENV;N;645076;327607,4;0,01779;5828,14;220,79;0;6048,92
017;011;202607;202607;1301102C;0; LENV;N;661085;336147,1;0,01779;5980,06;226,54;0;6206,6
017;011;202607;202607;1301102F;0; LENV;N;104758;99886,3;0,01779;1776,98;67,32;0;1844,29
017;011;202607;202607;1301102H;0; LENV;N;106255;103062,7;0,01779;1833,49;69,46;0;1902,94
017;011;202607;202607;1301102J;0; LENV;N;108954;104030,5;0,01779;1850,7;70,11;0;1920,81
017;011;202607;202607;1301102L;0; LENV;N;489121;248759,5;0,01779;4425,43;167,65;0;4593,08
017;011;202607;202607;1301102O;0; LENV;N;489762;248819,8;0,01779;4426,5;167,69;0;4594,19
017;011;202607;202607;1301102Q;0; LENV;N;487117;247717,2;0,01779;4406,89;166,94;0;4573,83
017;011;202607;202607;1301102R;0; LENV;N;489503;249052,7;0,01779;4430,65;167,84;0;4598,49
017;011;202607;202607;13895004;0; LENV;N;856;499,8;0,01779;8,89;0,34;0;9,23
017;011;202607;202607;1401101U;0; LENV;N;290063;146471,7;0,01779;2605,73;98,71;0;2704,44
017;011;202607;202607;1401101X;0; LENV;N;81277;60983,6;0,01779;1084,9;41,1;0;1126
017;011;202607;202607;1401101Z;0; LENV;N;254765;128548,2;0,01779;2286,87;86,63;0;2373,51
017;011;202607;202607;14011022;0; LENV;N;71728;55576,3;0,01779;988,7;37,45;0;1026,16
017;011;202607;202607;14011024;0; LENV;N;294307;148426,2;0,01779;2640,5;100,03;0;2740,53
017;011;202607;202607;14011026;0; LENV;N;81976;61465,3;0,01779;1093,47;41,42;0;1134,89
017;011;202607;202607;14011027;0; LENV;N;82432;61271,4;0,01779;1090,02;41,29;0;1131,31
017;011;202607;202607;14011029;0; LENV;N;291345;147278,4;0,01779;2620,08;99,26;0;2719,34
017;011;202607;202607;1401102A;0; LENV;N;81958;61641,4;0,01779;1096,6;41,54;0;1138,14
017;011;202607;202607;1401102B;0; LENV;N;81751;60390,7;0,01779;1074,35;40,7;0;1115,05
017;011;202607;202607;1401102E;0; LENV;N;291360;147355,1;0,01779;2621,45;99,31;0;2720,75
017;011;202607;202607;1401102G;0; LENV;N;291248;146896,9;0,01779;2613,3;99;0;2712,29
017;011;202607;202607;1401102I;0; LENV;N;294432;148542,1;0,01779;2642,56;100,11;0;2742,67
017;011;202607;202607;1401102K;0; LENV;N;290807;146543,1;0,01779;2607;98,76;0;2705,76
017;011;202607;202607;1401102L;0; LENV;N;81320;60183,6;0,01779;1070,67;40,56;0;1111,23
017;011;202607;202607;1401102N;0; LENV;N;81377;60295,6;0,01779;1072,66;40,64;0;1113,29
017;011;202607;202607;1501101G;0; LENV;N;31844;29638,3;0,01779;527,27;19,97;0;547,24
017;011;202607;202607;1501101I;0; LENV;N;212620;107788,5;0,01779;1917,56;72,64;0;1990,2
017;011;202607;202607;1501101K;0; LENV;N;31698;29228,6;0,01779;519,98;19,7;0;539,67
017;011;202607;202607;1501101M;0; LENV;N;179082;91090,5;0,01779;1620,5;61,39;0;1681,89
017;011;202607;202607;1501101O;0; LENV;N;210983;106898,7;0,01779;1901,73;72,04;0;1973,77
017;011;202607;202607;1501101Q;0; LENV;N;32734;28900,3;0,01779;514,14;19,48;0;533,61
017;011;202607;202607;1501101S;0; LENV;N;212765;108018,3;0,01779;1921,65;72,8;0;1994,44
017;011;202607;202607;1501101U;0; LENV;N;32055;28957,5;0,01779;515,15;19,52;0;534,67
017;011;202607;202607;1501101X;0; LENV;N;32009;28890,1;0,01779;513,95;19,47;0;533,42
017;011;202607;202607;1501101Y;0; LENV;N;31505;28942,5;0,01779;514,89;19,51;0;534,39
017;011;202607;202607;15011020;0; LENV;N;32396;29173,5;0,01779;519;19,66;0;538,66
017;011;202607;202607;15011023;0; LENV;N;211590;107601,4;0,01779;1914,23;72,52;0;1986,75
017;011;202607;202607;15011025;0; LENV;N;212337;107651,8;0,01779;1915,13;72,55;0;1987,68
017;011;202607;202607;15011027;0; LENV;N;214077;108420,9;0,01779;1928,81;73,07;0;2001,88
017;011;202607;202607;15011029;0; LENV;N;212766;107863,3;0,01779;1918,89;72,69;0;1991,58
017;011;202607;202607;1501102C;0; LENV;N;31432;29047,4;0,01779;516,75;19,58;0;536,33
017;011;202607;202607;15895002;0; LENV;N;1090;678,6;0,01779;12,07;0,46;0;12,53
017;011;202607;202607;1601101K;0; LENV;N;47530;56882,1;0,01779;1011,93;38,33;0;1050,27
017;011;202607;202607;1601101M;0; LENV;N;798319;402874,4;0,01779;7167,14;271,51;0;7438,65
017;011;202607;202607;1601101O;0; LENV;N;49035;58321,3;0,01779;1037,54;39,3;0;1076,84
017;011;202607;202607;1601101Q;0; LENV;N;943824;475816;0,01779;8464,77;320,67;0;8785,44
017;011;202607;202607;1601101S;0; LENV;N;49444;58633,1;0,01779;1043,08;39,51;0;1082,6
017;011;202607;202607;1601101U;0; LENV;N;923935;465737,8;0,01779;8285,48;313,88;0;8599,35
017;011;202607;202607;1601101X;0; LENV;N;51194;59785,8;0,01779;1063,59;40,29;0;1103,88
017;011;202607;202607;1601101Z;0; LENV;N;939643;473529,2;0,01779;8424,08;319,13;0;8743,21
017;011;202607;202607;16011022;0; LENV;N;47382;54684,7;0,01779;972,84;36,85;0;1009,69
017;011;202607;202607;16011024;0; LENV;N;50859;59055,3;0,01779;1050,59;39,8;0;1090,39
017;011;202607;202607;16011026;0; LENV;N;49422;56851,5;0,01779;1011,39;38,31;0;1049,7
017;011;202607;202607;16011027;0; LENV;N;49232;58427,3;0,01779;1039,42;39,38;0;1078,8
017;011;202607;202607;16011029;0; LENV;N;923622;465663,8;0,01779;8284,16;313,83;0;8597,99
017;011;202607;202607;1601102B;0; LENV;N;936137;471958,6;0,01779;8396,14;318,07;0;8714,21
017;011;202607;202607;1601102D;0; LENV;N;944451;476147,1;0,01779;8470,66;320,89;0;8791,55
017;011;202607;202607;1601102F;0; LENV;N;937415;472664,1;0,01779;8408,69;318,54;0;8727,24
017;011;202607;202607;16895002;0; LENV;N;3452;2102,3;0,01779;37,4;1,42;0;38,82
017;011;202607;202607;1701101K;0; LENV;N;518768;261261;0,01779;4647,83;176,07;0;4823,91
017;011;202607;202607;1701101L;0; LENV;N;579246;291694,9;0,01779;5189,25;196,58;0;5385,84
017;011;202607;202607;1701101M;0; LENV;N;584412;294193,3;0,01779;5233,7;198,27;0;5431,97
017;011;202607;202607;1701101N;0; LENV;N;40912;48597,7;0,01779;864,55;32,75;0;897,3
017;011;202607;202607;1701101P;0; LENV;N;577929;291178,3;0,01779;5180,06;196,23;0;5376,3
017;011;202607;202607;1701101R;0; LENV;N;38816;48397,7;0,01779;861;32,62;0;893,61
017;011;202607;202607;1701101T;0; LENV;N;39612;48960,7;0,01779;871,01;33;0;904,01
017;011;202607;202607;1701101V;0; LENV;N;39293;49622,8;0,01779;882,79;33,44;0;916,23
017;011;202607;202607;1701101Z;0; LENV;N;580694;292382,7;0,01779;5201,49;197,05;0;5398,53
017;011;202607;202607;17011020;0; LENV;N;39252;49218,9;0,01779;875,6;33,17;0;908,77
017;011;202607;202607;17011022;0; LENV;N;39793;48931,7;0,01779;870,49;32,98;0;903,47
017;011;202607;202607;17011024;0; LENV;N;38995;47572,9;0,01779;846,32;32,06;0;878,38
017;011;202607;202607;17011027;0; LENV;N;41061;49040,5;0,01779;872,43;33,05;0;905,48
017;011;202607;202607;17011028;0; LENV;N;583800;294061,6;0,01779;5231,36;198,18;0;5429,53
017;011;202607;202607;17011029;0; LENV;N;576791;290665,8;0,01779;5170,94;195,89;0;5366,83
017;011;202607;202607;1701102D;0; LENV;N;579088;292111,8;0,01779;5196,67;196,86;0;5393,53
017;011;202607;202607;17390002;0; LENV;N;1124;739,5;0,01779;13,16;0,5;0;13,65
017;011;202607;202607;18011026;0; LENV;N;17840;20318,6;0,01779;361,47;13,69;0;375,16
017;011;202607;202607;18011029;0; LENV;N;190942;96138,6;0,01779;1710,31;64,79;0;1775,1
017;011;202607;202607;1801102B;0; LENV;N;18326;20334,7;0,01779;361,75;13,7;0;375,46
017;011;202607;202607;1801102D;0; LENV;N;189838;95643,8;0,01779;1701,5;64,46;0;1765,96
017;011;202607;202607;1801102F;0; LENV;N;192968;97184,7;0,01779;1728,92;65,5;0;1794,41
017;011;202607;202607;1801102H;0; LENV;N;17649;20102,1;0,01779;357,62;13,55;0;371,16
017;011;202607;202607;1801102J;0; LENV;N;173784;87725,3;0,01779;1560,63;59,12;0;1619,75
017;011;202607;202607;1801102L;0; LENV;N;17746;20397,5;0,01779;362,87;13,75;0;376,62
017;011;202607;202607;1801102M;0; LENV;N;17726;20403,7;0,01779;362,98;13,75;0;376,73
017;011;202607;202607;1801102N;0; LENV;N;18240;20322,3;0,01779;361,53;13,7;0;375,23
017;011;202607;202607;1801102Q;0; LENV;N;191164;96460,1;0,01779;1716,03;65,01;0;1781,03
017;011;202607;202607;1801102S;0; LENV;N;189982;95812,4;0,01779;1704,5;64,57;0;1769,07
017;011;202607;202607;1801102U;0; LENV;N;190741;96046,1;0,01779;1708,66;64,73;0;1773,39
017;011;202607;202607;1801102X;0; LENV;N;192274;96943,4;0,01779;1724,62;65,33;0;1789,96
017;011;202607;202607;18011031;0; LENV;N;17748;20824,1;0,01779;370,46;14,03;0;384,49
017;011;202607;202607;18011032;0; LENV;N;17433;20669,2;0,01779;367,71;13,93;0;381,63
017;011;202607;202607;19011051;0; LENV;N;128534;154867,6;0,01779;2755,09;104,37;0;2859,47
017;011;202607;202607;19011053;0; LENV;N;132570;158405,7;0,01779;2818,04;106,75;0;2924,79
017;011;202607;202607;19011055;0; LENV;N;127401;154762,5;0,01779;2753,22;104,3;0;2857,52
017;011;202607;202607;19011056;0; LENV;N;128170;154213,9;0,01779;2743,47;103,93;0;2847,4
017;011;202607;202607;19011059;0; LENV;N;128534;153868,4;0,01779;2737,32;103,7;0;2841,02
017;011;202607;202607;1901105B;0; LENV;N;128239;155882,4;0,01779;2773,15;105,05;0;2878,2
017;011;202607;202607;1901105C;0; LENV;N;127221;153727,5;0,01779;2734,81;103,6;0;2838,41
017;011;202607;202607;1901105E;0; LENV;N;131315;156712,5;0,01779;2787,92;105,61;0;2893,53
017;011;202607;202607;1901105H;0; LENV;N;407114;207377,2;0,01779;3689,24;139,76;0;3829
017;011;202607;202607;1901105I;0; LENV;N;404696;206108,6;0,01779;3666,67;138,9;0;3805,58
017;011;202607;202607;1901105K;0; LENV;N;352037;179437,4;0,01779;3192,19;120,93;0;3313,12
017;011;202607;202607;1901105M;0; LENV;N;407672;208183,6;0,01779;3703,59;140,3;0;3843,89
017;011;202607;202607;1901105O;0; LENV;N;406769;207221,3;0,01779;3686,47;139,65;0;3826,12
017;011;202607;202607;1901105Q;0; LENV;N;404576;206036,3;0,01779;3665,39;138,85;0;3804,24
017;011;202607;202607;1901105S;0; LENV;N;404893;206265,4;0,01779;3669,46;139,01;0;3808,47
017;011;202607;202607;1901105U;0; LENV;N;408415;208141,7;0,01779;3702,84;140,27;0;3843,11
017;011;202607;202607;19390006;0; LENV;N;6300;3996,5;0,01779;71,1;2,69;0;73,79
017;011;202607;202606;1601101K;0; LENV;R;1;1,2;0,01245;0,01;0;0;0,02
017;011;202607;202607;12011020;0; LENV;R;5139;8651,1;0,01245;107,71;4,08;0;111,79
017;011;202607;202607;12011022;0; LENV;R;5131;9553,2;0,01245;118,94;4,51;0;123,44
017;011;202607;202607;12011024;0; LENV;R;5236;9564,6;0,01245;119,08;4,51;0;123,59
017;011;202607;202607;12011025;0; LENV;R;3;3,9;0,01245;0,05;0;0;0,05
017;011;202607;202607;12011027;0; LENV;R;3;2,4;0,01245;0,03;0;0;0,03
017;011;202607;202607;12011029;0; LENV;R;2;1,1;0,01245;0,01;0;0;0,01
017;011;202607;202607;1201102D;0; LENV;R;631;326,3;0,01245;4,06;0,15;0;4,22
017;011;202607;202607;1201102F;0; LENV;R;562;298,3;0,01245;3,71;0,14;0;3,85
017;011;202607;202607;1201102H;0; LENV;R;613;330;0,01245;4,11;0,16;0;4,26
017;011;202607;202607;1201102M;0; LENV;R;443;224,6;0,01245;2,8;0,11;0;2,9
017;011;202607;202607;1201102P;0; LENV;R;432;218,2;0,01245;2,72;0,1;0;2,82
017;011;202607;202607;1201102R;0; LENV;R;421;215,3;0,01245;2,68;0,1;0;2,78
017;011;202607;202607;1201102S;0; LENV;R;444;232,1;0,01245;2,89;0,11;0;3
017;011;202607;202607;12895002;0; LENV;R;1;0,5;0,01245;0,01;0;0;0,01
017;011;202607;202607;1301101V;0; LENV;R;473;867,5;0,01245;10,8;0,41;0;11,21
017;011;202607;202607;1301101Z;0; LENV;R;456;808,8;0,01245;10,07;0,38;0;10,45
017;011;202607;202607;13011021;0; LENV;R;454;759,6;0,01245;9,46;0,36;0;9,82
017;011;202607;202607;13011023;0; LENV;R;478;770,8;0,01245;9,6;0,36;0;9,96
017;011;202607;202607;13011028;0; LENV;R;1150;674,2;0,01245;8,39;0,32;0;8,71
017;011;202607;202607;1301102A;0; LENV;R;1106;700,2;0,01245;8,72;0,33;0;9,05
017;011;202607;202607;1301102C;0; LENV;R;1172;881,5;0,01245;10,97;0,42;0;11,39
017;011;202607;202607;1301102F;0; LENV;R;5947;11178,2;0,01245;139,17;5,27;0;144,44
017;011;202607;202607;1301102H;0; LENV;R;5823;10999,8;0,01245;136,95;5,19;0;142,14
017;011;202607;202607;1301102J;0; LENV;R;6003;10175,9;0,01245;126,69;4,8;0;131,49
017;011;202607;202607;1301102L;0; LENV;R;902;523,3;0,01245;6,52;0,25;0;6,76
017;011;202607;202607;1301102O;0; LENV;R;866;525,5;0,01245;6,54;0,25;0;6,79
017;011;202607;202607;1301102Q;0; LENV;R;831;521;0,01245;6,49;0,25;0;6,73
017;011;202607;202607;1301102R;0; LENV;R;898;562;0,01245;7;0,27;0;7,26
017;011;202607;202607;13895004;0; LENV;R;2;1;0,01245;0,01;0;0;0,01
017;011;202607;202607;1401101U;0; LENV;R;389;214,8;0,01245;2,67;0,1;0;2,78
017;011;202607;202607;1401101X;0; LENV;R;1341;2988,1;0,01245;37,2;1,41;0;38,61
017;011;202607;202607;1401101Z;0; LENV;R;359;199,5;0,01245;2,48;0,09;0;2,58
017;011;202607;202607;14011022;0; LENV;R;1314;2717,8;0,01245;33,84;1,28;0;35,12
017;011;202607;202607;14011024;0; LENV;R;360;221,5;0,01245;2,76;0,1;0;2,86
017;011;202607;202607;14011026;0; LENV;R;1347;3242,1;0,01245;40,36;1,53;0;41,89
017;011;202607;202607;14011027;0; LENV;R;1422;3209,7;0,01245;39,96;1,51;0;41,47
017;011;202607;202607;14011029;0; LENV;R;378;210,5;0,01245;2,62;0,1;0;2,72
017;011;202607;202607;1401102A;0; LENV;R;1425;2749,8;0,01245;34,24;1,3;0;35,53
017;011;202607;202607;1401102B;0; LENV;R;1359;3207;0,01245;39,93;1,51;0;41,44
017;011;202607;202607;1401102E;0; LENV;R;365;232,9;0,01245;2,9;0,11;0;3,01
017;011;202607;202607;1401102G;0; LENV;R;337;183,9;0,01245;2,29;0,09;0;2,38
017;011;202607;202607;1401102I;0; LENV;R;381;206,5;0,01245;2,57;0,1;0;2,67
017;011;202607;202607;1401102K;0; LENV;R;396;209,9;0,01245;2,61;0,1;0;2,71
017;011;202607;202607;1401102L;0; LENV;R;1304;3214,1;0,01245;40,02;1,52;0;41,53
017;011;202607;202607;1401102N;0; LENV;R;1369;3058,1;0,01245;38,07;1,44;0;39,52
017;011;202607;202607;1501101G;0; LENV;R;1446;2300,5;0,01245;28,64;1,09;0;29,73
017;011;202607;202607;1501101I;0; LENV;R;227;121,8;0,01245;1,52;0,06;0;1,57
017;011;202607;202607;1501101K;0; LENV;R;1468;2338,6;0,01245;29,12;1,1;0;30,22
017;011;202607;202607;1501101M;0; LENV;R;237;141,5;0,01245;1,76;0,07;0;1,83
017;011;202607;202607;1501101O;0; LENV;R;213;108,1;0,01245;1,35;0,05;0;1,4
017;011;202607;202607;1501101Q;0; LENV;R;1452;2096,2;0,01245;26,1;0,99;0;27,09
017;011;202607;202607;1501101S;0; LENV;R;224;127;0,01245;1,58;0,06;0;1,64
017;011;202607;202607;1501101U;0; LENV;R;1491;2621,2;0,01245;32,63;1,24;0;33,87
017;011;202607;202607;1501101X;0; LENV;R;1442;2300,7;0,01245;28,64;1,09;0;29,73
017;011;202607;202607;1501101Y;0; LENV;R;1474;2759,9;0,01245;34,36;1,3;0;35,66
017;011;202607;202607;15011020;0; LENV;R;1504;2709,6;0,01245;33,73;1,28;0;35,01
017;011;202607;202607;15011023;0; LENV;R;239;131,5;0,01245;1,64;0,06;0;1,7
017;011;202607;202607;15011025;0; LENV;R;224;128;0,01245;1,59;0,06;0;1,65
017;011;202607;202607;15011027;0; LENV;R;233;127;0,01245;1,58;0,06;0;1,64
017;011;202607;202607;15011029;0; LENV;R;246;188;0,01245;2,34;0,09;0;2,43
017;011;202607;202607;1501102C;0; LENV;R;1469;2644,7;0,01245;32,93;1,25;0;34,17
017;011;202607;202607;15895002;0; LENV;R;1;0,5;0,01245;0,01;0;0;0,01
017;011;202607;202607;1601101K;0; LENV;R;2652;5372;0,01245;66,88;2,53;0;69,42
017;011;202607;202607;1601101M;0; LENV;R;1216;664,3;0,01245;8,27;0,31;0;8,58
017;011;202607;202607;1601101O;0; LENV;R;2915;5905,9;0,01245;73,53;2,79;0;76,31
017;011;202607;202607;1601101Q;0; LENV;R;1235;800,1;0,01245;9,96;0,38;0;10,34
017;011;202607;202607;1601101S;0; LENV;R;2792;5454,5;0,01245;67,91;2,57;0;70,48
017;011;202607;202607;1601101U;0; LENV;R;1200;619,5;0,01245;7,71;0,29;0;8
017;011;202607;202607;1601101X;0; LENV;R;2857;5784,5;0,01245;72,02;2,73;0;74,75
017;011;202607;202607;1601101Z;0; LENV;R;1202;632,8;0,01245;7,88;0,3;0;8,18
017;011;202607;202607;16011022;0; LENV;R;2648;6391,1;0,01245;79,57;3,01;0;82,58
017;011;202607;202607;16011024;0; LENV;R;3032;5833;0,01245;72,62;2,75;0;75,37
017;011;202607;202607;16011026;0; LENV;R;2835;5516,7;0,01245;68,68;2,6;0;71,28
017;011;202607;202607;16011027;0; LENV;R;2835;6042,1;0,01245;75,22;2,85;0;78,07
017;011;202607;202607;16011029;0; LENV;R;1167;610,7;0,01245;7,6;0,29;0;7,89
017;011;202607;202607;1601102B;0; LENV;R;1219;684,9;0,01245;8,53;0,32;0;8,85
017;011;202607;202607;1601102D;0; LENV;R;1222;685;0,01245;8,53;0,32;0;8,85
017;011;202607;202607;1601102F;0; LENV;R;1188;794,7;0,01245;9,89;0,37;0;10,27
017;011;202607;202607;16895002;0; LENV;R;4;2,2;0,01245;0,03;0;0;0,03
017;011;202607;202607;1701101K;0; LENV;R;755;381,5;0,01245;4,75;0,18;0;4,93
017;011;202607;202607;1701101L;0; LENV;R;736;390,9;0,01245;4,87;0,18;0;5,05
017;011;202607;202607;1701101M;0; LENV;R;742;441,2;0,01245;5,49;0,21;0;5,7
017;011;202607;202607;1701101N;0; LENV;R;2404;4563,9;0,01245;56,82;2,15;0;58,97
017;011;202607;202607;1701101P;0; LENV;R;781;436,9;0,01245;5,44;0,21;0;5,65
017;011;202607;202607;1701101R;0; LENV;R;2242;4109,8;0,01245;51,17;1,94;0;53,11
017;011;202607;202607;1701101T;0; LENV;R;2326;4373,2;0,01245;54,45;2,06;0;56,51
017;011;202607;202607;1701101V;0; LENV;R;2259;4630;0,01245;57,64;2,18;0;59,83
017;011;202607;202607;1701101Z;0; LENV;R;729;367,2;0,01245;4,57;0,17;0;4,74
017;011;202607;202607;17011020;0; LENV;R;2309;5441,4;0,01245;67,75;2,57;0;70,31
017;011;202607;202607;17011022;0; LENV;R;2327;4399,1;0,01245;54,77;2,07;0;56,84
017;011;202607;202607;17011024;0; LENV;R;2319;4644,6;0,01245;57,83;2,19;0;60,02
017;011;202607;202607;17011027;0; LENV;R;2452;4882,8;0,01245;60,79;2,3;0;63,09
017;011;202607;202607;17011028;0; LENV;R;783;397,3;0,01245;4,95;0,19;0;5,13
017;011;202607;202607;17011029;0; LENV;R;808;544;0,01245;6,77;0,26;0;7,03
017;011;202607;202607;1701102D;0; LENV;R;776;394,3;0,01245;4,91;0,19;0;5,1
017;011;202607;202607;18011026;0; LENV;R;910;1862,7;0,01245;23,19;0,88;0;24,07
017;011;202607;202607;18011029;0; LENV;R;128;66,4;0,01245;0,83;0,03;0;0,86
017;011;202607;202607;1801102B;0; LENV;R;989;1900,4;0,01245;23,66;0,9;0;24,56
017;011;202607;202607;1801102D;0; LENV;R;171;86,5;0,01245;1,08;0,04;0;1,12
017;011;202607;202607;1801102F;0; LENV;R;147;75,3;0,01245;0,94;0,04;0;0,97
017;011;202607;202607;1801102H;0; LENV;R;968;1796,5;0,01245;22,37;0,85;0;23,21
017;011;202607;202607;1801102J;0; LENV;R;166;83,6;0,01245;1,04;0,04;0;1,08
017;011;202607;202607;1801102L;0; LENV;R;856;1638,7;0,01245;20,4;0,77;0;21,17
017;011;202607;202607;1801102M;0; LENV;R;932;1668,7;0,01245;20,78;0,79;0;21,56
017;011;202607;202607;1801102N;0; LENV;R;939;2011,6;0,01245;25,04;0,95;0;25,99
017;011;202607;202607;1801102Q;0; LENV;R;162;94,8;0,01245;1,18;0,04;0;1,22
017;011;202607;202607;1801102S;0; LENV;R;146;74,9;0,01245;0,93;0,04;0;0,97
017;011;202607;202607;1801102U;0; LENV;R;139;71,3;0,01245;0,89;0,03;0;0,92
017;011;202607;202607;1801102X;0; LENV;R;150;75,4;0,01245;0,94;0,04;0;0,97
017;011;202607;202607;18011031;0; LENV;R;892;1985,9;0,01245;24,72;0,94;0;25,66
017;011;202607;202607;18011032;0; LENV;R;903;1482,2;0,01245;18,45;0,7;0;19,15
017;011;202607;202607;19011051;0; LENV;R;6747;13874,1;0,01245;172,73;6,54;0;179,28
017;011;202607;202607;19011053;0; LENV;R;7293;14427,9;0,01245;179,63;6,8;0;186,43
017;011;202607;202607;19011055;0; LENV;R;6958;15126,1;0,01245;188,32;7,13;0;195,45
017;011;202607;202607;19011056;0; LENV;R;7021;15766,2;0,01245;196,29;7,44;0;203,73
017;011;202607;202607;19011059;0; LENV;R;7058;15117,3;0,01245;188,21;7,13;0;195,34
017;011;202607;202607;1901105B;0; LENV;R;6866;14871,3;0,01245;185,15;7,01;0;192,16
017;011;202607;202607;1901105C;0; LENV;R;6940;15189;0,01245;189,1;7,16;0;196,27
017;011;202607;202607;1901105E;0; LENV;R;7244;15348,9;0,01245;191,09;7,24;0;198,33
017;011;202607;202607;1901105H;0; LENV;R;1394;769,4;0,01245;9,58;0,36;0;9,94
017;011;202607;202607;1901105I;0; LENV;R;1478;789,2;0,01245;9,83;0,37;0;10,2
017;011;202607;202607;1901105K;0; LENV;R;1495;807,1;0,01245;10,05;0,38;0;10,43
017;011;202607;202607;1901105M;0; LENV;R;1520;1148,3;0,01245;14,3;0,54;0;14,84
017;011;202607;202607;1901105O;0; LENV;R;1379;812,4;0,01245;10,11;0,38;0;10,5
017;011;202607;202607;1901105Q;0; LENV;R;1497;819,6;0,01245;10,2;0,39;0;10,59
017;011;202607;202607;1901105S;0; LENV;R;1487;927,5;0,01245;11,55;0,44;0;11,98
017;011;202607;202607;1901105U;0; LENV;R;1540;796,4;0,01245;9,92;0,38;0;10,29
017;011;202607;202607;19390006;0; LENV;R;2;2,3;0,01245;0,03;0;0;0,03
017;011;202607;202607;12011020;0; LETV;N;79;50,2;0,01779;0,89;0,03;0;0,93
017;011;202607;202607;12011022;0; LETV;N;101;68,3;0,01779;1,22;0,05;0;1,26
017;011;202607;202607;12011024;0; LETV;N;83;57,5;0,01779;1,02;0,04;0;1,06
017;011;202607;202607;13011021;0; LETV;N;2;1;0,01779;0,02;0;0;0,02
017;011;202607;202607;13011023;0; LETV;N;1;0,5;0,01779;0,01;0;0;0,01
017;011;202607;202607;1301102F;0; LETV;N;1;0,5;0,01779;0,01;0;0;0,01
017;011;202607;202607;1301102H;0; LETV;N;4;2;0,01779;0,04;0;0;0,04
017;011;202607;202607;1301102J;0; LETV;N;5;2,5;0,01779;0,04;0;0;0,05
017;011;202607;202607;1401101X;0; LETV;N;9;110,5;0,01779;1,97;0,07;0;2,04
017;011;202607;202607;14011022;0; LETV;N;5;40;0,01779;0,71;0,03;0;0,74
017;011;202607;202607;14011026;0; LETV;N;15;111,1;0,01779;1,98;0,07;0;2,05
017;011;202607;202607;14011027;0; LETV;N;3;23;0,01779;0,41;0,02;0;0,42
017;011;202607;202607;1401102A;0; LETV;N;4;39,4;0,01779;0,7;0,03;0;0,73
017;011;202607;202607;1401102B;0; LETV;N;6;60,5;0,01779;1,08;0,04;0;1,12
017;011;202607;202607;1401102L;0; LETV;N;10;84;0,01779;1,49;0,06;0;1,55
017;011;202607;202607;1401102N;0; LETV;N;3;31,1;0,01779;0,55;0,02;0;0,57
017;011;202607;202607;1501101G;0; LETV;N;7;3,5;0,01779;0,06;0;0;0,06
017;011;202607;202607;1501101K;0; LETV;N;5;2,5;0,01779;0,04;0;0;0,05
017;011;202607;202607;1501101Q;0; LETV;N;1;0,5;0,01779;0,01;0;0;0,01
017;011;202607;202607;1501101U;0; LETV;N;2;1;0,01779;0,02;0;0;0,02
017;011;202607;202607;1501101X;0; LETV;N;3;1,5;0,01779;0,03;0;0;0,03
017;011;202607;202607;1501101Y;0; LETV;N;2;1;0,01779;0,02;0;0;0,02
017;011;202607;202607;15011020;0; LETV;N;3;1,5;0,01779;0,03;0;0;0,03
017;011;202607;202607;1501102C;0; LETV;N;1;0,5;0,01779;0,01;0;0;0,01
017;011;202607;202607;1601101K;0; LETV;N;3;1,5;0,01779;0,03;0;0;0,03
017;011;202607;202607;1601101S;0; LETV;N;2;1;0,01779;0,02;0;0;0,02
017;011;202607;202607;1601101X;0; LETV;N;1;0,6;0,01779;0,01;0;0;0,01
017;011;202607;202607;16011024;0; LETV;N;1;0,5;0,01779;0,01;0;0;0,01
017;011;202607;202607;16011026;0; LETV;N;1;0,9;0,01779;0,02;0;0;0,02
017;011;202607;202607;16011027;0; LETV;N;2;1;0,01779;0,02;0;0;0,02
017;011;202607;202607;1701101N;0; LETV;N;1;0,5;0,01779;0,01;0;0;0,01
017;011;202607;202607;18011032;0; LETV;N;1;0,5;0,01779;0,01;0;0;0,01
017;011;202607;202607;19011051;0; LETV;N;30;35,5;0,01779;0,63;0,02;0;0,66
017;011;202607;202607;19011053;0; LETV;N;28;18,8;0,01779;0,33;0,01;0;0,35
017;011;202607;202607;19011055;0; LETV;N;32;18,6;0,01779;0,33;0,01;0;0,34
017;011;202607;202607;19011056;0; LETV;N;30;25,3;0,01779;0,45;0,02;0;0,47
017;011;202607;202607;19011059;0; LETV;N;36;49,4;0,01779;0,88;0,03;0;0,91
017;011;202607;202607;1901105B;0; LETV;N;28;17,7;0,01779;0,31;0,01;0;0,33
017;011;202607;202607;1901105C;0; LETV;N;23;22,3;0,01779;0,4;0,02;0;0,41
017;011;202607;202607;1901105E;0; LETV;N;37;45,8;0,01779;0,81;0,03;0;0,85
017;011;202607;202607;12011020;0; LETV;R;9;4,5;0,01245;0,06;0;0;0,06
017;011;202607;202607;12011022;0; LETV;R;7;3,7;0,01245;0,05;0;0;0,05
017;011;202607;202607;12011024;0; LETV;R;14;7;0,01245;0,09;0;0;0,09
017;011;202607;202607;1501101G;0; LETV;R;1;0,5;0,01245;0,01;0;0;0,01
017;011;202607;202607;1501101K;0; LETV;R;1;0,5;0,01245;0,01;0;0;0,01
017;011;202607;202607;1501101Q;0; LETV;R;1;0,5;0,01245;0,01;0;0;0,01
017;011;202607;202607;1501101U;0; LETV;R;2;1;0,01245;0,01;0;0;0,01
017;011;202607;202607;15011020;0; LETV;R;1;0,5;0,01245;0,01;0;0;0,01
017;011;202607;202607;1601101K;0; LETV;R;1;0,5;0,01245;0,01;0;0;0,01
017;011;202607;202607;1601101S;0; LETV;R;2;1;0,01245;0,01;0;0;0,01
017;011;202607;202607;16011022;0; LETV;R;1;0,5;0,01245;0,01;0;0;0,01
017;011;202607;202607;16011024;0; LETV;R;1;0,5;0,01245;0,01;0;0;0,01
017;011;202607;202607;19011051;0; LETV;R;10;9,1;0,01245;0,11;0;0;0,12
017;011;202607;202607;19011053;0; LETV;R;11;10,8;0,01245;0,13;0,01;0;0,14
017;011;202607;202607;19011055;0; LETV;R;8;7;0,01245;0,09;0;0;0,09
017;011;202607;202607;19011056;0; LETV;R;10;19,2;0,01245;0,24;0,01;0;0,25
017;011;202607;202607;19011059;0; LETV;R;13;10,7;0,01245;0,13;0,01;0;0,14
017;011;202607;202607;1901105B;0; LETV;R;8;5,6;0,01245;0,07;0;0;0,07
017;011;202607;202607;1901105C;0; LETV;R;7;3,5;0,01245;0,04;0;0;0,05
017;011;202607;202607;1901105E;0; LETV;R;11;5,5;0,01245;0,07;0;0;0,07
017;011;202607;202607;1201101Z;0; LSAV;N;723;1963,3;0,01779;34,93;1,32;0;36,25
017;011;202607;202607;12011021;0; LSAV;N;727;1966,6;0,01779;34,99;1,33;0;36,31
017;011;202607;202607;12011023;0; LSAV;N;724;1876;0,01779;33,37;1,26;0;34,64
017;011;202607;202607;12011028;0; LSAV;N;1;0,5;0,01779;0,01;0;0;0,01
017;011;202607;202607;1201102A;0; LSAV;N;1;0,5;0,01779;0,01;0;0;0,01
017;011;202607;202607;1401102C;0; LSAV;N;75;132,4;0,01779;2,36;0,09;0;2,44
017;011;202607;202607;1401102D;0; LSAV;N;68;67,5;0,01779;1,2;0,05;0;1,25
017;011;202607;202607;1401102J;0; LSAV;N;85;132,6;0,01779;2,36;0,09;0;2,45
017;011;202607;202607;1401102M;0; LSAV;N;105;148,9;0,01779;2,65;0,1;0;2,75
017;011;202607;202607;1501101V;0; LSAV;N;164;322,5;0,01779;5,74;0,22;0;5,95
017;011;202607;202607;1501101Z;0; LSAV;N;161;399,5;0,01779;7,11;0,27;0;7,38
017;011;202607;202607;15011021;0; LSAV;N;150;367,4;0,01779;6,54;0,25;0;6,78
017;011;202607;202607;15011022;0; LSAV;N;123;307,1;0,01779;5,46;0,21;0;5,67
017;011;202607;202607;16011021;0; LSAV;N;187;395,3;0,01779;7,03;0,27;0;7,3
017;011;202607;202607;16011023;0; LSAV;N;180;273,1;0,01779;4,86;0,18;0;5,04
017;011;202607;202607;16011025;0; LSAV;N;139;269,1;0,01779;4,79;0,18;0;4,97
017;011;202607;202607;16011028;0; LSAV;N;141;308,5;0,01779;5,49;0,21;0;5,7
017;011;202607;202607;17011021;0; LSAV;N;157;287,4;0,01779;5,11;0,19;0;5,31
017;011;202607;202607;17011023;0; LSAV;N;96;189,7;0,01779;3,37;0,13;0;3,5
017;011;202607;202607;17011025;0; LSAV;N;94;216,8;0,01779;3,86;0,15;0;4
017;011;202607;202607;17011026;0; LSAV;N;78;195,7;0,01779;3,48;0,13;0;3,61
017;011;202607;202607;1801102A;0; LSAV;N;1;0,5;0,01779;0,01;0;0;0,01
017;011;202607;202607;1801102O;0; LSAV;N;39;114,5;0,01779;2,04;0,08;0;2,11
017;011;202607;202607;1801102P;0; LSAV;N;40;65,9;0,01779;1,17;0,04;0;1,22
017;011;202607;202607;1801102Y;0; LSAV;N;43;113,2;0,01779;2,01;0,08;0;2,09
017;011;202607;202607;18011030;0; LSAV;N;33;148,7;0,01779;2,65;0,1;0;2,75
017;011;202607;202607;19011058;0; LSAV;N;1256;2412,9;0,01779;42,93;1,63;0;44,55
017;011;202607;202607;1901105A;0; LSAV;N;1329;2180,5;0,01779;38,79;1,47;0;40,26
017;011;202607;202607;1901105D;0; LSAV;N;1309;2556,4;0,01779;45,48;1,72;0;47,2
017;011;202607;202607;1901105F;0; LSAV;N;1202;1867,1;0,01779;33,22;1,26;0;34,47
017;011;202607;202607;1201101Z;0; LSAV;R;111;541,3;0,01245;6,74;0,26;0;6,99
017;011;202607;202607;12011021;0; LSAV;R;146;452,3;0,01245;5,63;0,21;0;5,84
017;011;202607;202607;12011023;0; LSAV;R;140;321,3;0,01245;4;0,15;0;4,15
017;011;202607;202607;1401102C;0; LSAV;R;23;24,7;0,01245;0,31;0,01;0;0,32
017;011;202607;202607;1401102D;0; LSAV;R;34;34;0,01245;0,42;0,02;0;0,44
017;011;202607;202607;1401102J;0; LSAV;R;23;53,7;0,01245;0,67;0,03;0;0,69
017;011;202607;202607;1401102M;0; LSAV;R;20;30,3;0,01245;0,38;0,01;0;0,39
017;011;202607;202607;1501101V;0; LSAV;R;24;56,9;0,01245;0,71;0,03;0;0,74
017;011;202607;202607;1501101Z;0; LSAV;R;25;78,1;0,01245;0,97;0,04;0;1,01
017;011;202607;202607;15011021;0; LSAV;R;22;43,6;0,01245;0,54;0,02;0;0,56
017;011;202607;202607;15011022;0; LSAV;R;27;55,4;0,01245;0,69;0,03;0;0,72
017;011;202607;202607;16011021;0; LSAV;R;41;56,7;0,01245;0,71;0,03;0;0,73
017;011;202607;202607;16011023;0; LSAV;R;32;65,7;0,01245;0,82;0,03;0;0,85
017;011;202607;202607;16011025;0; LSAV;R;35;49;0,01245;0,61;0,02;0;0,63
017;011;202607;202607;16011028;0; LSAV;R;29;44;0,01245;0,55;0,02;0;0,57
017;011;202607;202607;17011021;0; LSAV;R;15;31,7;0,01245;0,39;0,01;0;0,41
017;011;202607;202607;17011023;0; LSAV;R;5;5,2;0,01245;0,06;0;0;0,07
017;011;202607;202607;17011025;0; LSAV;R;7;10,6;0,01245;0,13;0;0;0,14
017;011;202607;202607;17011026;0; LSAV;R;16;28,4;0,01245;0,35;0,01;0;0,37
017;011;202607;202607;1801102O;0; LSAV;R;7;13,4;0,01245;0,17;0,01;0;0,17
017;011;202607;202607;1801102P;0; LSAV;R;1;1,2;0,01245;0,01;0;0;0,02
017;011;202607;202607;1801102Y;0; LSAV;R;10;57,2;0,01245;0,71;0,03;0;0,74
017;011;202607;202607;18011030;0; LSAV;R;6;9,4;0,01245;0,12;0;0;0,12
017;011;202607;202607;19011058;0; LSAV;R;269;306,2;0,01245;3,81;0,14;0;3,96
017;011;202607;202607;1901105A;0; LSAV;R;277;334;0,01245;4,16;0,16;0;4,32
017;011;202607;202607;1901105D;0; LSAV;R;266;511,5;0,01245;6,37;0,24;0;6,61
017;011;202607;202607;1901105F;0; LSAV;R;222;328,6;0,01245;4,09;0,15;0;4,25
017;011;202607;202607;1201101Z;0; LSEV;N;144;462,4;0,01779;8,23;0,31;0;8,54
017;011;202607;202607;12011021;0; LSEV;N;163;421,2;0,01779;7,49;0,28;0;7,78
017;011;202607;202607;12011023;0; LSEV;N;126;331,8;0,01779;5,9;0,22;0;6,13
017;011;202607;202607;1401102C;0; LSEV;N;17;40,6;0,01779;0,72;0,03;0;0,75
017;011;202607;202607;1401102D;0; LSEV;N;22;40,3;0,01779;0,72;0,03;0;0,74
017;011;202607;202607;1401102J;0; LSEV;N;7;19,1;0,01779;0,34;0,01;0;0,35
017;011;202607;202607;1401102M;0; LSEV;N;39;48,4;0,01779;0,86;0,03;0;0,89
017;011;202607;202607;1501101V;0; LSEV;N;126;1115,3;0,01779;19,84;0,75;0;20,59
017;011;202607;202607;1501101Z;0; LSEV;N;128;898,3;0,01779;15,98;0,61;0;16,59
017;011;202607;202607;15011021;0; LSEV;N;135;856;0,01779;15,23;0,58;0;15,81
017;011;202607;202607;15011022;0; LSEV;N;137;810,3;0,01779;14,42;0,55;0;14,96
017;011;202607;202607;16011021;0; LSEV;N;139;514,3;0,01779;9,15;0,35;0;9,5
017;011;202607;202607;16011023;0; LSEV;N;144;565;0,01779;10,05;0,38;0;10,43
017;011;202607;202607;16011025;0; LSEV;N;141;418,8;0,01779;7,45;0,28;0;7,73
017;011;202607;202607;16011028;0; LSEV;N;163;569,3;0,01779;10,13;0,38;0;10,51
017;011;202607;202607;1801102O;0; LSEV;N;2;4,7;0,01779;0,08;0;0;0,09
017;011;202607;202607;1801102P;0; LSEV;N;17;73,1;0,01779;1,3;0,05;0;1,35
017;011;202607;202607;1801102Y;0; LSEV;N;2;3,2;0,01779;0,06;0;0;0,06
017;011;202607;202607;18011030;0; LSEV;N;2;4,3;0,01779;0,08;0;0;0,08
017;011;202607;202607;19011058;0; LSEV;N;970;4608,4;0,01779;81,98;3,11;0;85,09
017;011;202607;202607;1901105A;0; LSEV;N;1071;5154,5;0,01779;91,7;3,47;0;95,17
017;011;202607;202607;1901105D;0; LSEV;N;1117;5086,9;0,01779;90,5;3,43;0;93,92
017;011;202607;202607;1901105F;0; LSEV;N;1057;5093,5;0,01779;90,61;3,43;0;94,05
017;011;202607;202607;1201101Z;0; LSEV;R;15;14,6;0,01245;0,18;0,01;0;0,19
017;011;202607;202607;12011021;0; LSEV;R;13;18,4;0,01245;0,23;0,01;0;0,24
017;011;202607;202607;12011023;0; LSEV;R;12;8,4;0,01245;0,1;0;0;0,11
017;011;202607;202607;1401102C;0; LSEV;R;1;0,5;0,01245;0,01;0;0;0,01
017;011;202607;202607;1401102D;0; LSEV;R;1;0,5;0,01245;0,01;0;0;0,01
017;011;202607;202607;1401102J;0; LSEV;R;1;0,5;0,01245;0,01;0;0;0,01
017;011;202607;202607;1401102M;0; LSEV;R;3;2,6;0,01245;0,03;0;0;0,03
017;011;202607;202607;1501101V;0; LSEV;R;13;62,7;0,01245;0,78;0,03;0;0,81
017;011;202607;202607;1501101Z;0; LSEV;R;7;13,8;0,01245;0,17;0,01;0;0,18
017;011;202607;202607;15011021;0; LSEV;R;15;69,1;0,01245;0,86;0,03;0;0,89
017;011;202607;202607;15011022;0; LSEV;R;4;9,2;0,01245;0,11;0;0;0,12
017;011;202607;202607;16011021;0; LSEV;R;2;1,5;0,01245;0,02;0;0;0,02
017;011;202607;202607;16011025;0; LSEV;R;1;3,5;0,01245;0,04;0;0;0,05
017;011;202607;202607;19011058;0; LSEV;R;35;35,1;0,01245;0,44;0,02;0;0,45
017;011;202607;202607;1901105A;0; LSEV;R;20;13,7;0,01245;0,17;0,01;0;0,18
017;011;202607;202607;1901105D;0; LSEV;R;30;21,6;0,01245;0,27;0,01;0;0,28
017;011;202607;202607;1901105F;0; LSEV;R;25;15;0,01245;0,19;0,01;0;0,19
017;011;202607;202607;1201102D;0; NEAV;N;1;2,2;0,01779;0,04;0;0;0,04
017;011;202607;202607;1201102F;0; NEAV;N;1;13,7;0,01779;0,24;0,01;0;0,25
017;011;202607;202607;1201102H;0; NEAV;N;2;1,2;0,01779;0,02;0;0;0,02
017;011;202607;202607;1201102M;0; NEAV;N;3;44,4;0,01779;0,79;0,03;0;0,82
017;011;202607;202607;1201102P;0; NEAV;N;4;39,3;0,01779;0,7;0,03;0;0,73
017;011;202607;202607;1201102R;0; NEAV;N;1;3,6;0,01779;0,06;0;0;0,07
017;011;202607;202607;1201102S;0; NEAV;N;1;0,9;0,01779;0,02;0;0;0,02
017;011;202607;202607;13011028;0; NEAV;N;6;9;0,01779;0,16;0,01;0;0,17
017;011;202607;202607;1301102A;0; NEAV;N;7;28,4;0,01779;0,51;0,02;0;0,52
017;011;202607;202607;1301102C;0; NEAV;N;5;12;0,01779;0,21;0,01;0;0,22
017;011;202607;202607;1301102L;0; NEAV;N;4;7,9;0,01779;0,14;0,01;0;0,15
017;011;202607;202607;1301102O;0; NEAV;N;4;6;0,01779;0,11;0;0;0,11
017;011;202607;202607;1301102Q;0; NEAV;N;3;3,3;0,01779;0,06;0;0;0,06
017;011;202607;202607;1301102R;0; NEAV;N;4;5,4;0,01779;0,1;0;0;0,1
017;011;202607;202607;1401101U;0; NEAV;N;2;1;0,01779;0,02;0;0;0,02
017;011;202607;202607;1401101Z;0; NEAV;N;1;0,7;0,01779;0,01;0;0;0,01
017;011;202607;202607;14011024;0; NEAV;N;1;0,5;0,01779;0,01;0;0;0,01
017;011;202607;202607;1401102E;0; NEAV;N;2;1;0,01779;0,02;0;0;0,02
017;011;202607;202607;1401102G;0; NEAV;N;3;1,8;0,01779;0,03;0;0;0,03
017;011;202607;202607;1401102I;0; NEAV;N;2;1;0,01779;0,02;0;0;0,02
017;011;202607;202607;1401102K;0; NEAV;N;1;0,5;0,01779;0,01;0;0;0,01
017;011;202607;202607;1501101M;0; NEAV;N;1;7,9;0,01779;0,14;0,01;0;0,15
017;011;202607;202607;1501101O;0; NEAV;N;1;1;0,01779;0,02;0;0;0,02
017;011;202607;202607;15011027;0; NEAV;N;1;2,1;0,01779;0,04;0;0;0,04
017;011;202607;202607;15011029;0; NEAV;N;1;11,1;0,01779;0,2;0,01;0;0,2
017;011;202607;202607;1601101M;0; NEAV;N;2;4,7;0,01779;0,08;0;0;0,09
017;011;202607;202607;1601101Q;0; NEAV;N;10;19,3;0,01779;0,34;0,01;0;0,36
017;011;202607;202607;1601101U;0; NEAV;N;6;6;0,01779;0,11;0;0;0,11
017;011;202607;202607;1601101Z;0; NEAV;N;6;14,4;0,01779;0,26;0,01;0;0,27
017;011;202607;202607;16011029;0; NEAV;N;5;11,3;0,01779;0,2;0,01;0;0,21
017;011;202607;202607;1601102B;0; NEAV;N;5;6,7;0,01779;0,12;0;0;0,12
017;011;202607;202607;1601102D;0; NEAV;N;7;12,4;0,01779;0,22;0,01;0;0,23
017;011;202607;202607;1601102F;0; NEAV;N;4;7,4;0,01779;0,13;0;0;0,14
017;011;202607;202607;1701101K;0; NEAV;N;1;2,3;0,01779;0,04;0;0;0,04
017;011;202607;202607;1701101L;0; NEAV;N;1;3,4;0,01779;0,06;0;0;0,06
017;011;202607;202607;1701101M;0; NEAV;N;1;0,5;0,01779;0,01;0;0;0,01
017;011;202607;202607;1701101Z;0; NEAV;N;2;1;0,01779;0,02;0;0;0,02
017;011;202607;202607;17011028;0; NEAV;N;1;2;0,01779;0,04;0;0;0,04
017;011;202607;202607;1701102D;0; NEAV;N;1;0,5;0,01779;0,01;0;0;0,01
017;011;202607;202607;1801102F;0; NEAV;N;1;0,5;0,01779;0,01;0;0;0,01
017;011;202607;202607;1801102X;0; NEAV;N;1;0,5;0,01779;0,01;0;0;0,01
017;011;202607;202607;1901105H;0; NEAV;N;6;6,9;0,01779;0,12;0;0;0,13
017;011;202607;202607;1901105I;0; NEAV;N;3;2,1;0,01779;0,04;0;0;0,04
017;011;202607;202607;1901105K;0; NEAV;N;2;1;0,01779;0,02;0;0;0,02
017;011;202607;202607;1901105M;0; NEAV;N;10;38,8;0,01779;0,69;0,03;0;0,72
017;011;202607;202607;1901105O;0; NEAV;N;6;5,5;0,01779;0,1;0;0;0,1
017;011;202607;202607;1901105Q;0; NEAV;N;8;17,5;0,01779;0,31;0,01;0;0,32
017;011;202607;202607;1901105S;0; NEAV;N;6;23;0,01779;0,41;0,02;0;0,42
017;011;202607;202607;1901105U;0; NEAV;N;3;26,9;0,01779;0,48;0,02;0;0,5
017;011;202607;202607;1201102P;0; NEAV;R;1;3,8;0,01245;0,05;0;0;0,05
017;011;202607;202607;1201102R;0; NEAV;R;1;0,8;0,01245;0,01;0;0;0,01
017;011;202607;202607;13011028;0; NEAV;R;4;4,7;0,01245;0,06;0;0;0,06
017;011;202607;202607;1301102A;0; NEAV;R;3;3,2;0,01245;0,04;0;0;0,04
017;011;202607;202607;1301102C;0; NEAV;R;3;2,3;0,01245;0,03;0;0;0,03
017;011;202607;202607;1301102L;0; NEAV;R;1;1,4;0,01245;0,02;0;0;0,02
017;011;202607;202607;1301102O;0; NEAV;R;1;6;0,01245;0,07;0;0;0,08
017;011;202607;202607;1301102Q;0; NEAV;R;2;5,1;0,01245;0,06;0;0;0,07
017;011;202607;202607;1301102R;0; NEAV;R;2;1,2;0,01245;0,01;0;0;0,02
017;011;202607;202607;1401101U;0; NEAV;R;2;1,6;0,01245;0,02;0;0;0,02
017;011;202607;202607;1401102E;0; NEAV;R;1;0,5;0,01245;0,01;0;0;0,01
017;011;202607;202607;1401102G;0; NEAV;R;1;1,4;0,01245;0,02;0;0;0,02
017;011;202607;202607;1401102I;0; NEAV;R;2;7,6;0,01245;0,09;0;0;0,1
017;011;202607;202607;1501101M;0; NEAV;R;3;5,7;0,01245;0,07;0;0;0,07
017;011;202607;202607;15011027;0; NEAV;R;1;0,5;0,01245;0,01;0;0;0,01
017;011;202607;202607;15011029;0; NEAV;R;1;0,5;0,01245;0,01;0;0;0,01
017;011;202607;202607;1601101M;0; NEAV;R;3;2,1;0,01245;0,03;0;0;0,03
017;011;202607;202607;1601101Q;0; NEAV;R;2;3;0,01245;0,04;0;0;0,04
017;011;202607;202607;1601101U;0; NEAV;R;1;1;0,01245;0,01;0;0;0,01
017;011;202607;202607;16011029;0; NEAV;R;2;3,3;0,01245;0,04;0;0;0,04
017;011;202607;202607;1601102B;0; NEAV;R;2;5,2;0,01245;0,06;0;0;0,07
017;011;202607;202607;1601102D;0; NEAV;R;1;4,5;0,01245;0,06;0;0;0,06
017;011;202607;202607;1701101L;0; NEAV;R;1;3,5;0,01245;0,04;0;0;0,05
017;011;202607;202607;1701101P;0; NEAV;R;1;0,5;0,01245;0,01;0;0;0,01
017;011;202607;202607;17011029;0; NEAV;R;1;5,1;0,01245;0,06;0;0;0,07
017;011;202607;202607;1901105H;0; NEAV;R;2;5,7;0,01245;0,07;0;0;0,07
017;011;202607;202607;1901105O;0; NEAV;R;2;1;0,01245;0,01;0;0;0,01
017;011;202607;202607;1901105U;0; NEAV;R;1;1;0,01245;0,01;0;0;0,01
017;011;202607;202606;12007001;0; NENV;N;1;0,5;0,01779;0,01;0;0;0,01
017;011;202607;202606;1200700F;0; NENV;N;5;5,8;0,01779;0,1;0;0;0,11
017;011;202607;202606;1200700J;0; NENV;N;1;0,5;0,01779;0,01;0;0;0,01
017;011;202607;202606;1200700P;0; NENV;N;2;44,1;0,01779;0,78;0,03;0;0,81
017;011;202607;202606;1201000J;0; NENV;N;580;290,3;0,01779;5,16;0,2;0;5,36
017;011;202607;202606;1201000L;0; NENV;N;571;349;0,01779;6,21;0,24;0;6,44
017;011;202607;202606;1201000N;0; NENV;N;618;310,5;0,01779;5,52;0,21;0;5,73
017;011;202607;202606;12143004;0; NENV;N;3;23,6;0,01779;0,42;0,02;0;0,44
017;011;202607;202606;12143006;0; NENV;N;6;53,2;0,01779;0,95;0,04;0;0,98
017;011;202607;202606;1241100V;0; NENV;N;2;1;0,01779;0,02;0;0;0,02
017;011;202607;202606;13007001;0; NENV;N;1;0,5;0,01779;0,01;0;0;0,01
017;011;202607;202606;13010007;0; NENV;N;539;272,3;0,01779;4,84;0,18;0;5,03
017;011;202607;202606;13010009;0; NENV;N;181;94,6;0,01779;1,68;0,06;0;1,75
017;011;202607;202606;1301000B;0; NENV;N;519;267,5;0,01779;4,76;0,18;0;4,94
017;011;202607;202606;1341100G;0; NENV;N;3;1,5;0,01779;0,03;0;0;0,03
017;011;202607;202606;1341100I;0; NENV;N;2;1;0,01779;0,02;0;0;0,02
017;011;202607;202606;1341100Q;0; NENV;N;1;0,5;0,01779;0,01;0;0;0,01
017;011;202607;202606;1341100V;0; NENV;N;2;1;0,01779;0,02;0;0;0,02
017;011;202607;202606;13411010;0; NENV;N;2;1;0,01779;0,02;0;0;0,02
017;011;202607;202606;13411015;0; NENV;N;1;0,5;0,01779;0,01;0;0;0,01
017;011;202607;202606;1600700E;0; NENV;N;1;3,6;0,01779;0,06;0;0;0,07
017;011;202607;202606;1741100R;0; NENV;N;1;0,5;0,01779;0,01;0;0;0,01
017;011;202607;202606;1741100T;0; NENV;N;1;0,5;0,01779;0,01;0;0;0,01
017;011;202607;202606;17411014;0; NENV;N;1;0,5;0,01779;0,01;0;0;0,01
017;011;202607;202606;17411018;0; NENV;N;1;0,5;0,01779;0,01;0;0;0,01
017;011;202607;202606;1741101D;0; NENV;N;1;0,5;0,01779;0,01;0;0;0,01
017;011;202607;202606;1841101H;0; NENV;N;1;0,5;0,01779;0,01;0;0;0,01
017;011;202607;202606;19007001;0; NENV;N;1;0,5;0,01779;0,01;0;0;0,01
017;011;202607;202607;12007001;0; NENV;N;3;1,5;0,01779;0,03;0;0;0,03
017;011;202607;202607;1200700F;0; NENV;N;12;74,1;0,01779;1,32;0,05;0;1,37
017;011;202607;202607;1200700J;0; NENV;N;10;8,1;0,01779;0,14;0,01;0;0,15
017;011;202607;202607;1200700P;0; NENV;N;15;22,7;0,01779;0,4;0,02;0;0,42
017;011;202607;202607;12010009;0; NENV;N;398601;376825;0,01779;6703,72;253,96;0;6957,67
017;011;202607;202607;1201000B;0; NENV;N;400716;381777,6;0,01779;6791,82;257,29;0;7049,12
017;011;202607;202607;1201000D;0; NENV;N;395368;370861,4;0,01779;6597,62;249,94;0;6847,56
017;011;202607;202607;1201000H;0; NENV;N;1;0,5;0,01779;0,01;0;0;0,01
017;011;202607;202607;1201000J;0; NENV;N;1821;914;0,01779;16,26;0,62;0;16,88
017;011;202607;202607;1201000L;0; NENV;N;1754;880,9;0,01779;15,67;0,59;0;16,26
017;011;202607;202607;1201000N;0; NENV;N;1718;865;0,01779;15,39;0,58;0;15,97
017;011;202607;202607;1201102D;0; NENV;N;336376;187926,7;0,01779;3343,22;126,65;0;3469,87
017;011;202607;202607;1201102F;0; NENV;N;327144;181083,6;0,01779;3221,48;122,04;0;3343,52
017;011;202607;202607;1201102H;0; NENV;N;327020;182166,2;0,01779;3240,74;122,77;0;3363,5
017;011;202607;202607;1201102M;0; NENV;N;246373;138495,8;0,01779;2463,84;93,34;0;2557,18
017;011;202607;202607;1201102P;0; NENV;N;246273;136671,6;0,01779;2431,39;92,11;0;2523,5
017;011;202607;202607;1201102R;0; NENV;N;247151;137035,8;0,01779;2437,87;92,35;0;2530,22
017;011;202607;202607;1201102S;0; NENV;N;250033;139603,3;0,01779;2483,54;94,08;0;2577,63
017;011;202607;202607;12143003;0; NENV;N;9;14,6;0,01779;0,26;0,01;0;0,27
017;011;202607;202607;12143004;0; NENV;N;14;7,4;0,01779;0,13;0;0;0,14
017;011;202607;202607;12143006;0; NENV;N;11;5,6;0,01779;0,1;0;0;0,1
017;011;202607;202607;1241100J;0; NENV;N;1;0,5;0,01779;0,01;0;0;0,01
017;011;202607;202607;12411016;0; NENV;N;1;0,5;0,01779;0,01;0;0;0,01
017;011;202607;202607;13007005;0; NENV;N;2;1;0,01779;0,02;0;0;0,02
017;011;202607;202607;13007008;0; NENV;N;3;1,9;0,01779;0,03;0;0;0,04
017;011;202607;202607;13007009;0; NENV;N;1;0,9;0,01779;0,02;0;0;0,02
017;011;202607;202607;13010007;0; NENV;N;1907;961,1;0,01779;17,1;0,65;0;17,75
017;011;202607;202607;13010009;0; NENV;N;475;238,3;0,01779;4,24;0,16;0;4,4
017;011;202607;202607;1301000B;0; NENV;N;1901;970;0,01779;17,26;0,65;0;17,91
017;011;202607;202607;13011028;0; NENV;N;558854;390999,6;0,01779;6955,88;263,51;0;7219,39
017;011;202607;202607;1301102A;0; NENV;N;559471;389384;0,01779;6927,14;262,42;0;7189,56
017;011;202607;202607;1301102C;0; NENV;N;573128;395621,2;0,01779;7038,1;266,62;0;7304,72
017;011;202607;202607;1301102L;0; NENV;N;422365;292383,6;0,01779;5201,5;197,05;0;5398,55
017;011;202607;202607;1301102O;0; NENV;N;420712;291643,3;0,01779;5188,33;196,55;0;5384,88
017;011;202607;202607;1301102Q;0; NENV;N;424430;296730,3;0,01779;5278,83;199,98;0;5478,81
017;011;202607;202607;1301102R;0; NENV;N;420469;290453,8;0,01779;5167,17;195,75;0;5362,92
017;011;202607;202607;1341100E;0; NENV;N;3;1,5;0,01779;0,03;0;0;0,03
017;011;202607;202607;1341100G;0; NENV;N;5;2,5;0,01779;0,04;0;0;0,05
017;011;202607;202607;1341100I;0; NENV;N;6;3,2;0,01779;0,06;0;0;0,06
017;011;202607;202607;1341100O;0; NENV;N;4;2;0,01779;0,04;0;0;0,04
017;011;202607;202607;1341100Q;0; NENV;N;1;0,5;0,01779;0,01;0;0;0,01
017;011;202607;202607;1341100T;0; NENV;N;5;2,5;0,01779;0,04;0;0;0,05
017;011;202607;202607;1341100V;0; NENV;N;2;1;0,01779;0,02;0;0;0,02
017;011;202607;202607;1341100X;0; NENV;N;3;1,5;0,01779;0,03;0;0;0,03
017;011;202607;202607;13411010;0; NENV;N;2;1;0,01779;0,02;0;0;0,02
017;011;202607;202607;13411012;0; NENV;N;3;1,5;0,01779;0,03;0;0;0,03
017;011;202607;202607;13411015;0; NENV;N;1;0,5;0,01779;0,01;0;0;0,01
017;011;202607;202607;1401101U;0; NENV;N;291352;247169,9;0,01779;4397,15;166,58;0;4563,73
017;011;202607;202607;1401101X;0; NENV;N;1;0,5;0,01779;0,01;0;0;0,01
017;011;202607;202607;1401101Z;0; NENV;N;284870;246809,2;0,01779;4390,74;166,33;0;4557,07
017;011;202607;202607;14011022;0; NENV;N;6;3;0,01779;0,05;0;0;0,06
017;011;202607;202607;14011024;0; NENV;N;295806;254265,3;0,01779;4523,38;171,36;0;4694,74
017;011;202607;202607;14011026;0; NENV;N;5;2,5;0,01779;0,04;0;0;0,05
017;011;202607;202607;14011027;0; NENV;N;9;6,4;0,01779;0,11;0;0;0,12
017;011;202607;202607;14011029;0; NENV;N;294356;249752,4;0,01779;4443,1;168,32;0;4611,41
017;011;202607;202607;1401102A;0; NENV;N;3;1,5;0,01779;0,03;0;0;0,03
017;011;202607;202607;1401102B;0; NENV;N;8;4,3;0,01779;0,08;0;0;0,08
017;011;202607;202607;1401102E;0; NENV;N;293355;249653,9;0,01779;4441,34;168,25;0;4609,59
017;011;202607;202607;1401102G;0; NENV;N;291407;248973,7;0,01779;4429,24;167,79;0;4597,03
017;011;202607;202607;1401102I;0; NENV;N;297182;254296;0,01779;4523,93;171,38;0;4695,3
017;011;202607;202607;1401102K;0; NENV;N;289407;245063,8;0,01779;4359,69;165,16;0;4524,84
017;011;202607;202607;1401102L;0; NENV;N;7;3,8;0,01779;0,07;0;0;0,07
017;011;202607;202607;1401102N;0; NENV;N;5;2,7;0,01779;0,05;0;0;0,05
017;011;202607;202607;1501101G;0; NENV;N;424;291,3;0,01779;5,18;0,2;0;5,38
017;011;202607;202607;1501101I;0; NENV;N;168972;128512;0,01779;2286,23;86,61;0;2372,84
017;011;202607;202607;1501101K;0; NENV;N;467;315,7;0,01779;5,62;0,21;0;5,83
017;011;202607;202607;1501101M;0; NENV;N;156688;121248;0,01779;2157;81,71;0;2238,72
017;011;202607;202607;1501101O;0; NENV;N;165768;126488,5;0,01779;2250,23;85,24;0;2335,48
017;011;202607;202607;1501101Q;0; NENV;N;505;550,6;0,01779;9,8;0,37;0;10,17
017;011;202607;202607;1501101S;0; NENV;N;168718;129463,2;0,01779;2303,15;87,25;0;2390,4
017;011;202607;202607;1501101U;0; NENV;N;476;401,9;0,01779;7,15;0,27;0;7,42
017;011;202607;202607;1501101X;0; NENV;N;489;387,8;0,01779;6,9;0,26;0;7,16
017;011;202607;202607;1501101Y;0; NENV;N;462;341,8;0,01779;6,08;0,23;0;6,31
017;011;202607;202607;15011020;0; NENV;N;487;454;0,01779;8,08;0,31;0;8,38
017;011;202607;202607;15011023;0; NENV;N;165398;124848,8;0,01779;2221,06;84,14;0;2305,2
017;011;202607;202607;15011025;0; NENV;N;165909;127132;0,01779;2261,68;85,68;0;2347,36
017;011;202607;202607;15011027;0; NENV;N;170481;129671,6;0,01779;2306,86;87,39;0;2394,25
017;011;202607;202607;15011029;0; NENV;N;167744;126692,4;0,01779;2253,86;85,38;0;2339,24
017;011;202607;202607;1501102C;0; NENV;N;465;470,1;0,01779;8,36;0,32;0;8,68
017;011;202607;202607;1600700E;0; NENV;N;4;2;0,01779;0,04;0;0;0,04
017;011;202607;202607;1601001A;0; NENV;N;1;0,5;0,01779;0,01;0;0;0,01
017;011;202607;202607;1601001B;0; NENV;N;1;0,5;0,01779;0,01;0;0;0,01
017;011;202607;202607;1601001D;0; NENV;N;1;1,7;0,01779;0,03;0;0;0,03
017;011;202607;202607;1601101K;0; NENV;N;1;0,5;0,01779;0,01;0;0;0,01
017;011;202607;202607;1601101M;0; NENV;N;534190;440949,7;0,01779;7844,5;297,17;0;8141,67
017;011;202607;202607;1601101O;0; NENV;N;7;10,9;0,01779;0,19;0,01;0;0,2
017;011;202607;202607;1601101Q;0; NENV;N;557495;452922,6;0,01779;8057,49;305,24;0;8362,73
017;011;202607;202607;1601101S;0; NENV;N;4;8,8;0,01779;0,16;0,01;0;0,16
017;011;202607;202607;1601101U;0; NENV;N;534899;431412,2;0,01779;7674,82;290,74;0;7965,57
017;011;202607;202607;1601101X;0; NENV;N;7;18,9;0,01779;0,34;0,01;0;0,35
017;011;202607;202607;1601101Z;0; NENV;N;557647;448684,9;0,01779;7982,1;302,38;0;8284,49
017;011;202607;202607;16011022;0; NENV;N;3;2,1;0,01779;0,04;0;0;0,04
017;011;202607;202607;16011024;0; NENV;N;4;2,9;0,01779;0,05;0;0;0,05
017;011;202607;202607;16011026;0; NENV;N;3;6,1;0,01779;0,11;0;0;0,11
017;011;202607;202607;16011027;0; NENV;N;3;11,2;0,01779;0,2;0,01;0;0,21
017;011;202607;202607;16011029;0; NENV;N;534081;429123,5;0,01779;7634,11;289,2;0;7923,31
017;011;202607;202607;1601102B;0; NENV;N;552253;447834,6;0,01779;7966,98;301,81;0;8268,79
017;011;202607;202607;1601102D;0; NENV;N;556992;450825,1;0,01779;8020,18;303,83;0;8324
017;011;202607;202607;1601102F;0; NENV;N;555976;450536,5;0,01779;8015,04;303,63;0;8318,68
017;011;202607;202607;1701000P;0; NENV;N;27616;47329,5;0,01779;841,99;31,9;0;873,89
017;011;202607;202607;1701000R;0; NENV;N;27113;46540,4;0,01779;827,95;31,37;0;859,32
017;011;202607;202607;1701000T;0; NENV;N;27705;47754,1;0,01779;849,55;32,18;0;881,73
017;011;202607;202607;1701000U;0; NENV;N;27555;46984,3;0,01779;835,85;31,66;0;867,51
017;011;202607;202607;1701101K;0; NENV;N;284587;223563,3;0,01779;3977,19;150,67;0;4127,86
017;011;202607;202607;1701101L;0; NENV;N;293803;230220,1;0,01779;4095,62;155,15;0;4250,77
017;011;202607;202607;1701101M;0; NENV;N;296335;231173,4;0,01779;4112,57;155,8;0;4268,37
017;011;202607;202607;1701101P;0; NENV;N;293331;228524,2;0,01779;4065,45;154,01;0;4219,46
017;011;202607;202607;1701101Z;0; NENV;N;298420;232158,3;0,01779;4130,1;156,46;0;4286,56
017;011;202607;202607;17011028;0; NENV;N;298266;232347,6;0,01779;4133,46;156,59;0;4290,05
017;011;202607;202607;17011029;0; NENV;N;292642;226481,1;0,01779;4029,1;152,63;0;4181,73
017;011;202607;202607;1701102D;0; NENV;N;296363;229703,5;0,01779;4086,43;154,8;0;4241,23
017;011;202607;202607;1741101B;0; NENV;N;1;0,5;0,01779;0,01;0;0;0,01
017;011;202607;202607;18010010;0; NENV;N;1;0,5;0,01779;0,01;0;0;0,01
017;011;202607;202607;18011029;0; NENV;N;102941;60890,7;0,01779;1083,25;41,04;0;1124,28
017;011;202607;202607;1801102D;0; NENV;N;101973;61153,4;0,01779;1087,92;41,21;0;1129,13
017;011;202607;202607;1801102F;0; NENV;N;103052;60805;0,01779;1081,72;40,98;0;1122,7
017;011;202607;202607;1801102J;0; NENV;N;97808;58060,3;0,01779;1032,89;39,13;0;1072,02
017;011;202607;202607;1801102Q;0; NENV;N;102038;59927,2;0,01779;1066,1;40,39;0;1106,49
017;011;202607;202607;1801102S;0; NENV;N;100424;59543;0,01779;1059,27;40,13;0;1099,4
017;011;202607;202607;1801102U;0; NENV;N;101217;59658,6;0,01779;1061,33;40,21;0;1101,53
017;011;202607;202607;1801102X;0; NENV;N;104281;61619,5;0,01779;1096,21;41,53;0;1137,74
017;011;202607;202607;1901000H;0; NENV;N;0;595,4;0,01779;10,59;0,4;0;10,99
017;011;202607;202607;19011051;0; NENV;N;12;17,2;0,01779;0,31;0,01;0;0,32
017;011;202607;202607;19011053;0; NENV;N;6;13,7;0,01779;0,24;0,01;0;0,25
017;011;202607;202607;19011055;0; NENV;N;12;6,3;0,01779;0,11;0;0;0,12
017;011;202607;202607;19011056;0; NENV;N;8;4;0,01779;0,07;0;0;0,07
017;011;202607;202607;19011059;0; NENV;N;11;15,4;0,01779;0,27;0,01;0;0,28
017;011;202607;202607;1901105B;0; NENV;N;12;51;0,01779;0,91;0,03;0;0,94
017;011;202607;202607;1901105C;0; NENV;N;16;9,5;0,01779;0,17;0,01;0;0,18
017;011;202607;202607;1901105E;0; NENV;N;13;7,4;0,01779;0,13;0;0;0,14
017;011;202607;202607;1901105H;0; NENV;N;713961;617959,4;0,01779;10993,5;416,46;0;11409,96
017;011;202607;202607;1901105I;0; NENV;N;703916;613325,3;0,01779;10911,06;413,34;0;11324,4
017;011;202607;202607;1901105K;0; NENV;N;690230;601542;0,01779;10701,43;405,4;0;11106,83
017;011;202607;202607;1901105M;0; NENV;N;714213;622666,1;0,01779;11077,23;419,64;0;11496,87
017;011;202607;202607;1901105O;0; NENV;N;710637;612811,7;0,01779;10901,92;412,99;0;11314,91
017;011;202607;202607;1901105Q;0; NENV;N;702515;608903,8;0,01779;10832,4;410,36;0;11242,76
017;011;202607;202607;1901105S;0; NENV;N;704992;611434,4;0,01779;10877,42;412,07;0;11289,48
017;011;202607;202607;1901105U;0; NENV;N;715130;621630,4;0,01779;11058,8;418,94;0;11477,74
017;011;202607;202607;12010009;0; NENV;R;10687;50629,8;0,01245;630,34;23,88;0;654,22
017;011;202607;202607;1201000B;0; NENV;R;10457;48026;0,01245;597,92;22,65;0;620,57
017;011;202607;202607;1201000D;0; NENV;R;10458;50949,6;0,01245;634,32;24,03;0;658,35
017;011;202607;202607;1201102D;0; NENV;R;1241;2979,8;0,01245;37,1;1,41;0;38,5
017;011;202607;202607;1201102F;0; NENV;R;1149;3223,6;0,01245;40,13;1,52;0;41,65
017;011;202607;202607;1201102H;0; NENV;R;1200;3612,7;0,01245;44,98;1,7;0;46,68
017;011;202607;202607;1201102M;0; NENV;R;862;2180,8;0,01245;27,15;1,03;0;28,18
017;011;202607;202607;1201102P;0; NENV;R;895;2338,7;0,01245;29,12;1,1;0;30,22
017;011;202607;202607;1201102R;0; NENV;R;888;2867,3;0,01245;35,7;1,35;0;37,05
017;011;202607;202607;1201102S;0; NENV;R;881;2227,1;0,01245;27,73;1,05;0;28,78
017;011;202607;202607;13010007;0; NENV;R;1;0,5;0,01245;0,01;0;0;0,01
017;011;202607;202607;1301000B;0; NENV;R;1;0,5;0,01245;0,01;0;0;0,01
017;011;202607;202607;13011028;0; NENV;R;7312;26375,2;0,01245;328,37;12,44;0;340,81
017;011;202607;202607;1301102A;0; NENV;R;7377;26344,7;0,01245;327,99;12,43;0;340,42
017;011;202607;202607;1301102C;0; NENV;R;7572;28839,4;0,01245;359,05;13,6;0;372,65
017;011;202607;202607;1301102L;0; NENV;R;5449;18933,8;0,01245;235,73;8,93;0;244,66
017;011;202607;202607;1301102O;0; NENV;R;5497;18161,3;0,01245;226,11;8,57;0;234,67
017;011;202607;202607;1301102Q;0; NENV;R;5572;19623,6;0,01245;244,31;9,26;0;253,57
017;011;202607;202607;1301102R;0; NENV;R;5483;20566;0,01245;256,05;9,7;0;265,75
017;011;202607;202607;1341100Q;0; NENV;R;1;0,5;0,01245;0,01;0;0;0,01
017;011;202607;202607;1401101U;0; NENV;R;8016;28184,3;0,01245;350,89;13,29;0;364,19
017;011;202607;202607;1401101Z;0; NENV;R;8227;27454,2;0,01245;341,8;12,95;0;354,75
017;011;202607;202607;14011024;0; NENV;R;8017;26082,7;0,01245;324,73;12,3;0;337,03
017;011;202607;202607;14011029;0; NENV;R;8453;28359;0,01245;353,07;13,38;0;366,44
017;011;202607;202607;1401102E;0; NENV;R;8251;27599,3;0,01245;343,61;13,02;0;356,63
017;011;202607;202607;1401102G;0; NENV;R;8296;29305,4;0,01245;364,85;13,82;0;378,67
017;011;202607;202607;1401102I;0; NENV;R;8173;28621,9;0,01245;356,34;13,5;0;369,84
017;011;202607;202607;1401102K;0; NENV;R;8371;28593;0,01245;355,98;13,49;0;369,47
017;011;202607;202607;1501101G;0; NENV;R;12;9,6;0,01245;0,12;0;0;0,12
017;011;202607;202607;1501101I;0; NENV;R;2281;10796,1;0,01245;134,41;5,09;0;139,5
017;011;202607;202607;1501101K;0; NENV;R;8;17,3;0,01245;0,22;0,01;0;0,22
017;011;202607;202607;1501101M;0; NENV;R;2275;10132,9;0,01245;126,15;4,78;0;130,93
017;011;202607;202607;1501101O;0; NENV;R;2239;9610,6;0,01245;119,65;4,53;0;124,18
017;011;202607;202607;1501101Q;0; NENV;R;8;8,1;0,01245;0,1;0;0;0,1
017;011;202607;202607;1501101S;0; NENV;R;2350;9217,9;0,01245;114,76;4,35;0;119,11
017;011;202607;202607;1501101U;0; NENV;R;10;14,7;0,01245;0,18;0,01;0;0,19
017;011;202607;202607;1501101X;0; NENV;R;10;14,7;0,01245;0,18;0,01;0;0,19
017;011;202607;202607;1501101Y;0; NENV;R;22;24,3;0,01245;0,3;0,01;0;0,31
017;011;202607;202607;15011020;0; NENV;R;9;17,1;0,01245;0,21;0,01;0;0,22
017;011;202607;202607;15011023;0; NENV;R;2318;10381,2;0,01245;129,25;4,9;0;134,14
017;011;202607;202607;15011025;0; NENV;R;2345;10108,8;0,01245;125,85;4,77;0;130,62
017;011;202607;202607;15011027;0; NENV;R;2227;9863,5;0,01245;122,8;4,65;0;127,45
017;011;202607;202607;15011029;0; NENV;R;2395;9556,5;0,01245;118,98;4,51;0;123,49
017;011;202607;202607;1501102C;0; NENV;R;15;14,8;0,01245;0,18;0,01;0;0,19
017;011;202607;202607;1601101M;0; NENV;R;9755;44054,9;0,01245;548,48;20,78;0;569,26
017;011;202607;202607;1601101O;0; NENV;R;1;0,5;0,01245;0,01;0;0;0,01
017;011;202607;202607;1601101Q;0; NENV;R;9490;48268,6;0,01245;600,94;22,77;0;623,71
017;011;202607;202607;1601101U;0; NENV;R;9124;43974,5;0,01245;547,48;20,74;0;568,22
017;011;202607;202607;1601101Z;0; NENV;R;10016;45006,8;0,01245;560,33;21,23;0;581,56
017;011;202607;202607;16011029;0; NENV;R;9124;41864,3;0,01245;521,21;19,74;0;540,96
017;011;202607;202607;1601102B;0; NENV;R;9675;46774,6;0,01245;582,34;22,06;0;604,4
017;011;202607;202607;1601102D;0; NENV;R;9395;44815;0,01245;557,95;21,14;0;579,08
017;011;202607;202607;1601102F;0; NENV;R;9963;43458,3;0,01245;541,06;20,5;0;561,55
017;011;202607;202607;1701000P;0; NENV;R;1734;10588,2;0,01245;131,82;4,99;0;136,82
017;011;202607;202607;1701000R;0; NENV;R;1757;10332,7;0,01245;128,64;4,87;0;133,52
017;011;202607;202607;1701000T;0; NENV;R;1810;10462,1;0,01245;130,25;4,93;0;135,19
017;011;202607;202607;1701000U;0; NENV;R;1668;10110,2;0,01245;125,87;4,77;0;130,64
017;011;202607;202607;1701101K;0; NENV;R;4814;21707,2;0,01245;270,25;10,24;0;280,49
017;011;202607;202607;1701101L;0; NENV;R;4891;22774,4;0,01245;283,54;10,74;0;294,28
017;011;202607;202607;1701101M;0; NENV;R;4716;22576;0,01245;281,07;10,65;0;291,72
017;011;202607;202607;1701101P;0; NENV;R;4817;20995,1;0,01245;261,39;9,9;0;271,29
017;011;202607;202607;1701101Z;0; NENV;R;5057;21605,8;0,01245;268,99;10,19;0;279,18
017;011;202607;202607;17011028;0; NENV;R;4815;22992;0,01245;286,25;10,84;0;297,09
017;011;202607;202607;17011029;0; NENV;R;4861;24207,7;0,01245;301,39;11,42;0;312,8
017;011;202607;202607;1701102D;0; NENV;R;5094;19375,5;0,01245;241,22;9,14;0;250,36
017;011;202607;202607;18011029;0; NENV;R;539;2235;0,01245;27,83;1,05;0;28,88
017;011;202607;202607;1801102D;0; NENV;R;487;2067,3;0,01245;25,74;0,98;0;26,71
017;011;202607;202607;1801102F;0; NENV;R;527;1948,6;0,01245;24,26;0,92;0;25,18
017;011;202607;202607;1801102J;0; NENV;R;498;2079;0,01245;25,88;0,98;0;26,86
017;011;202607;202607;1801102Q;0; NENV;R;546;2517,6;0,01245;31,34;1,19;0;32,53
017;011;202607;202607;1801102S;0; NENV;R;498;2456,5;0,01245;30,58;1,16;0;31,74
017;011;202607;202607;1801102U;0; NENV;R;546;2121,3;0,01245;26,41;1;0;27,41
017;011;202607;202607;1801102X;0; NENV;R;518;2305,5;0,01245;28,7;1,09;0;29,79
017;011;202607;202607;1901000H;0; NENV;R;3;830,4;0,01245;10,34;0,39;0;10,73
017;011;202607;202607;1901105E;0; NENV;R;1;0,8;0,01245;0,01;0;0;0,01
017;011;202607;202607;1901105H;0; NENV;R;41932;97357,5;0,01245;1212,1;45,92;0;1258,02
017;011;202607;202607;1901105I;0; NENV;R;40806;98297,3;0,01245;1223,8;46,36;0;1270,16
017;011;202607;202607;1901105K;0; NENV;R;41219;98706,4;0,01245;1228,89;46,55;0;1275,45
017;011;202607;202607;1901105M;0; NENV;R;41200;101604,5;0,01245;1264,98;47,92;0;1312,9
017;011;202607;202607;1901105O;0; NENV;R;41837;97208,9;0,01245;1210,25;45,85;0;1256,1
017;011;202607;202607;1901105Q;0; NENV;R;40986;96113,9;0,01245;1196,62;45,33;0;1241,95
017;011;202607;202607;1901105S;0; NENV;R;41257;98369,1;0,01245;1224,7;46,39;0;1271,09
017;011;202607;202607;1901105U;0; NENV;R;40798;96530,7;0,01245;1201,81;45,53;0;1247,33
017;011;202607;202607;1901105M;0; NENV;R;3;1,5;0,01779;0,03;0;0;0,03
017;011;202607;202607;1901105S;0; NENV;R;1;0,5;0,01779;0,01;0;0;0,01
017;011;202607;202607;1201102D;0; NETV;N;5;2,5;0,01779;0,04;0;0;0,05
017;011;202607;202607;1201102F;0; NETV;N;9;4,5;0,01779;0,08;0;0;0,08
017;011;202607;202607;1201102H;0; NETV;N;8;4;0,01779;0,07;0;0;0,07
017;011;202607;202607;1201102M;0; NETV;N;5;3,1;0,01779;0,06;0;0;0,06
017;011;202607;202607;1201102P;0; NETV;N;3;1,5;0,01779;0,03;0;0;0,03
017;011;202607;202607;1201102R;0; NETV;N;4;2;0,01779;0,04;0;0;0,04
017;011;202607;202607;1201102S;0; NETV;N;4;2;0,01779;0,04;0;0;0,04
017;011;202607;202607;13011028;0; NETV;N;1;0,5;0,01779;0,01;0;0;0,01
017;011;202607;202607;1301102A;0; NETV;N;1;0,5;0,01779;0,01;0;0;0,01
017;011;202607;202607;1301102L;0; NETV;N;1;1,3;0,01779;0,02;0;0;0,02
017;011;202607;202607;1501101I;0; NETV;N;9;15,9;0,01779;0,28;0,01;0;0,29
017;011;202607;202607;1501101M;0; NETV;N;8;16,1;0,01779;0,29;0,01;0;0,3
017;011;202607;202607;1501101O;0; NETV;N;10;8,5;0,01779;0,15;0,01;0;0,16
017;011;202607;202607;1501101S;0; NETV;N;6;5,2;0,01779;0,09;0;0;0,1
017;011;202607;202607;15011023;0; NETV;N;8;4;0,01779;0,07;0;0;0,07
017;011;202607;202607;15011025;0; NETV;N;9;25,3;0,01779;0,45;0,02;0;0,47
017;011;202607;202607;15011027;0; NETV;N;6;9,2;0,01779;0,16;0,01;0;0,17
017;011;202607;202607;15011029;0; NETV;N;8;5,9;0,01779;0,1;0;0;0,11
017;011;202607;202607;1601101U;0; NETV;N;1;0,9;0,01779;0,02;0;0;0,02
017;011;202607;202607;1601101Z;0; NETV;N;1;0,5;0,01779;0,01;0;0;0,01
017;011;202607;202607;16011029;0; NETV;N;2;1;0,01779;0,02;0;0;0,02
017;011;202607;202607;1801102X;0; NETV;N;1;0,5;0,01779;0,01;0;0;0,01
017;011;202607;202607;1901105H;0; NETV;N;21;16,1;0,01779;0,29;0,01;0;0,3
017;011;202607;202607;1901105I;0; NETV;N;16;20,8;0,01779;0,37;0,01;0;0,38
017;011;202607;202607;1901105K;0; NETV;N;23;44,8;0,01779;0,8;0,03;0;0,83
017;011;202607;202607;1901105M;0; NETV;N;24;56;0,01779;1;0,04;0;1,03
017;011;202607;202607;1901105O;0; NETV;N;21;48,2;0,01779;0,86;0,03;0;0,89
017;011;202607;202607;1901105Q;0; NETV;N;28;33,3;0,01779;0,59;0,02;0;0,61
017;011;202607;202607;1901105S;0; NETV;N;31;57,1;0,01779;1,02;0,04;0;1,05
017;011;202607;202607;1901105U;0; NETV;N;25;114,9;0,01779;2,04;0,08;0;2,12
017;011;202607;202607;1201102F;0; NETV;R;1;0,5;0,01245;0,01;0;0;0,01
017;011;202607;202607;1501101M;0; NETV;R;2;1;0,01245;0,01;0;0;0,01
017;011;202607;202607;1501101O;0; NETV;R;2;1;0,01245;0,01;0;0;0,01
017;011;202607;202607;15011023;0; NETV;R;2;1;0,01245;0,01;0;0;0,01
017;011;202607;202607;15011025;0; NETV;R;1;0,8;0,01245;0,01;0;0;0,01
017;011;202607;202607;15011027;0; NETV;R;2;1;0,01245;0,01;0;0;0,01
017;011;202607;202607;15011029;0; NETV;R;1;0,5;0,01245;0,01;0;0;0,01
017;011;202607;202607;1901105H;0; NETV;R;9;20;0,01245;0,25;0,01;0;0,26
017;011;202607;202607;1901105I;0; NETV;R;3;7,7;0,01245;0,1;0;0;0,1
017;011;202607;202607;1901105K;0; NETV;R;6;3,4;0,01245;0,04;0;0;0,04
017;011;202607;202607;1901105M;0; NETV;R;7;8,9;0,01245;0,11;0;0;0,12
017;011;202607;202607;1901105O;0; NETV;R;12;40,1;0,01245;0,5;0,02;0;0,52
017;011;202607;202607;1901105Q;0; NETV;R;5;6,9;0,01245;0,09;0;0;0,09
017;011;202607;202607;1901105S;0; NETV;R;8;13,4;0,01245;0,17;0,01;0;0,17
017;011;202607;202607;1901105U;0; NETV;R;5;2,9;0,01245;0,04;0;0;0,04
017;011;202607;202607;1201102L;0; NSAV;N;12;17,3;0,01779;0,31;0,01;0;0,32
017;011;202607;202607;1201102N;0; NSAV;N;7;7,2;0,01779;0,13;0;0;0,13
017;011;202607;202607;1201102O;0; NSAV;N;20;152,3;0,01779;2,71;0,1;0;2,81
017;011;202607;202607;1201102Q;0; NSAV;N;45;143,6;0,01779;2,55;0,1;0;2,65
017;011;202607;202607;13011025;0; NSAV;N;2;5,7;0,01779;0,1;0;0;0,11
017;011;202607;202607;13011027;0; NSAV;N;3;3,7;0,01779;0,07;0;0;0,07
017;011;202607;202607;13011029;0; NSAV;N;1;1,2;0,01779;0,02;0;0;0,02
017;011;202607;202607;1301102K;0; NSAV;N;26;117,5;0,01779;2,09;0,08;0;2,17
017;011;202607;202607;1301102M;0; NSAV;N;32;102,6;0,01779;1,83;0,07;0;1,89
017;011;202607;202607;1301102N;0; NSAV;N;9;19,8;0,01779;0,35;0,01;0;0,37
017;011;202607;202607;1301102P;0; NSAV;N;21;80,5;0,01779;1,43;0,05;0;1,49
017;011;202607;202607;1401102F;0; NSAV;N;1;0,5;0,01779;0,01;0;0;0,01
017;011;202607;202607;1201102G;0; NSAV;R;1;4;0,01245;0,05;0;0;0,05
017;011;202607;202607;1201102I;0; NSAV;R;1;2,6;0,01245;0,03;0;0;0,03
017;011;202607;202607;1201102L;0; NSAV;R;7;158,8;0,01245;1,98;0,07;0;2,05
017;011;202607;202607;1201102N;0; NSAV;R;2;6,4;0,01245;0,08;0;0;0,08
017;011;202607;202607;1201102O;0; NSAV;R;2;13,1;0,01245;0,16;0,01;0;0,17
017;011;202607;202607;1201102Q;0; NSAV;R;13;33,2;0,01245;0,41;0,02;0;0,43
017;011;202607;202607;13011029;0; NSAV;R;1;0,9;0,01245;0,01;0;0;0,01
017;011;202607;202607;1301102B;0; NSAV;R;1;1,1;0,01245;0,01;0;0;0,01
017;011;202607;202607;1301102K;0; NSAV;R;5;18,5;0,01245;0,23;0,01;0;0,24
017;011;202607;202607;1301102M;0; NSAV;R;2;16,3;0,01245;0,2;0,01;0;0,21
017;011;202607;202607;1301102N;0; NSAV;R;1;1,1;0,01245;0,01;0;0;0,01
017;011;202607;202607;1301102P;0; NSAV;R;5;20,5;0,01245;0,26;0,01;0;0,26
017;011;202607;202607;12011026;0; NSNV;N;2;1;0,01779;0,02;0;0;0,02
017;011;202607;202607;1201102E;0; NSNV;N;3;9,7;0,01779;0,17;0,01;0;0,18
017;011;202607;202607;1201102G;0; NSNV;N;7;36,2;0,01779;0,64;0,02;0;0,67
017;011;202607;202607;1201102I;0; NSNV;N;1;9,2;0,01779;0,16;0,01;0;0,17
017;011;202607;202607;1201102L;0; NSNV;N;1244;4278,9;0,01779;76,12;2,88;0;79,01
017;011;202607;202607;1201102N;0; NSNV;N;1207;4124,2;0,01779;73,37;2,78;0;76,15
017;011;202607;202607;1201102O;0; NSNV;N;1179;4228,3;0,01779;75,22;2,85;0;78,07
017;011;202607;202607;1201102Q;0; NSNV;N;1336;4507,1;0,01779;80,18;3,04;0;83,22
017;011;202607;202607;13011025;0; NSNV;N;4;101,6;0,01779;1,81;0,07;0;1,88
017;011;202607;202607;13011027;0; NSNV;N;8;41,4;0,01779;0,74;0,03;0;0,76
017;011;202607;202607;13011029;0; NSNV;N;2;9,8;0,01779;0,17;0,01;0;0,18
017;011;202607;202607;1301102B;0; NSNV;N;10;31,3;0,01779;0,56;0,02;0;0,58
017;011;202607;202607;1301102K;0; NSNV;N;1735;6464,2;0,01779;115;4,36;0;119,35
017;011;202607;202607;1301102M;0; NSNV;N;1731;6498,4;0,01779;115,61;4,38;0;119,99
017;011;202607;202607;1301102N;0; NSNV;N;1766;6396,8;0,01779;113,8;4,31;0;118,11
017;011;202607;202607;1301102P;0; NSNV;N;1800;6628,7;0,01779;117,92;4,47;0;122,39
017;011;202607;202607;1401101T;0; NSNV;N;3;6,8;0,01779;0,12;0;0;0,13
017;011;202607;202607;14011023;0; NSNV;N;2;14,7;0,01779;0,26;0,01;0;0,27
017;011;202607;202607;1401102F;0; NSNV;N;727;2358,9;0,01779;41,96;1,59;0;43,55
017;011;202607;202607;1401102H;0; NSNV;N;718;2397,9;0,01779;42,66;1,62;0;44,27
017;011;202607;202607;1401102O;0; NSNV;N;784;2584;0,01779;45,97;1,74;0;47,71
017;011;202607;202607;1401102P;0; NSNV;N;712;2441,8;0,01779;43,44;1,65;0;45,09
017;011;202607;202607;1501101J;0; NSNV;N;2;9,8;0,01779;0,17;0,01;0;0,18
017;011;202607;202607;1501101P;0; NSNV;N;9;36,3;0,01779;0,65;0,02;0;0,67
017;011;202607;202607;1501101T;0; NSNV;N;1;1,1;0,01779;0,02;0;0;0,02
017;011;202607;202607;15011024;0; NSNV;N;4003;16120,1;0,01779;286,78;10,86;0;297,64
017;011;202607;202607;15011026;0; NSNV;N;4071;16118,5;0,01779;286,75;10,86;0;297,61
017;011;202607;202607;15011028;0; NSNV;N;4328;16042,4;0,01779;285,39;10,81;0;296,21
017;011;202607;202607;1501102A;0; NSNV;N;4003;15828,8;0,01779;281,59;10,67;0;292,26
017;011;202607;202607;1601102A;0; NSNV;N;305;630,5;0,01779;11,22;0,42;0;11,64
017;011;202607;202607;1601102C;0; NSNV;N;281;614,3;0,01779;10,93;0,41;0;11,34
017;011;202607;202607;1601102E;0; NSNV;N;285;558,4;0,01779;9,93;0,38;0;10,31
017;011;202607;202607;1601102G;0; NSNV;N;299;606,8;0,01779;10,79;0,41;0;11,2
017;011;202607;202607;1701101J;0; NSNV;N;265;484,4;0,01779;8,62;0,33;0;8,94
017;011;202607;202607;1701101O;0; NSNV;N;2;1,1;0,01779;0,02;0;0;0,02
017;011;202607;202607;1701102A;0; NSNV;N;250;504,1;0,01779;8,97;0,34;0;9,31
017;011;202607;202607;1701102B;0; NSNV;N;306;607,6;0,01779;10,81;0,41;0;11,22
017;011;202607;202607;1701102C;0; NSNV;N;272;555,5;0,01779;9,88;0,37;0;10,26
017;011;202607;202607;18011028;0; NSNV;N;2;13,2;0,01779;0,23;0,01;0;0,24
017;011;202607;202607;1801102C;0; NSNV;N;1;2,7;0,01779;0,05;0;0;0,05
017;011;202607;202607;1801102R;0; NSNV;N;180;641,4;0,01779;11,41;0,43;0;11,84
017;011;202607;202607;1801102T;0; NSNV;N;220;704,1;0,01779;12,53;0,47;0;13
017;011;202607;202607;1801102V;0; NSNV;N;166;659,3;0,01779;11,73;0,44;0;12,17
017;011;202607;202607;1801102Z;0; NSNV;N;177;758,8;0,01779;13,5;0,51;0;14,01
017;011;202607;202607;1901105L;0; NSNV;N;1;3,6;0,01779;0,06;0;0;0,07
017;011;202607;202607;1901105P;0; NSNV;N;852;2470,5;0,01779;43,95;1,66;0;45,62
017;011;202607;202607;1901105R;0; NSNV;N;787;1675;0,01779;29,8;1,13;0;30,93
017;011;202607;202607;1901105T;0; NSNV;N;803;1991,2;0,01779;35,42;1,34;0;36,77
017;011;202607;202607;1901105V;0; NSNV;N;901;2233,7;0,01779;39,74;1,51;0;41,24
017;011;202607;202607;1201102G;0; NSNV;R;2;9,3;0,01245;0,12;0;0;0,12
017;011;202607;202607;1201102L;0; NSNV;R;173;565,2;0,01245;7,04;0,27;0;7,3
017;011;202607;202607;1201102N;0; NSNV;R;145;261,3;0,01245;3,25;0,12;0;3,38
017;011;202607;202607;1201102O;0; NSNV;R;138;605;0,01245;7,53;0,29;0;7,82
017;011;202607;202607;1201102Q;0; NSNV;R;167;457,4;0,01245;5,69;0,22;0;5,91
017;011;202607;202607;13011029;0; NSNV;R;2;4,4;0,01245;0,05;0;0;0,06
017;011;202607;202607;1301102B;0; NSNV;R;1;0,5;0,01245;0,01;0;0;0,01
017;011;202607;202607;1301102K;0; NSNV;R;217;834,5;0,01245;10,39;0,39;0;10,78
017;011;202607;202607;1301102M;0; NSNV;R;223;808,2;0,01245;10,06;0,38;0;10,44
017;011;202607;202607;1301102N;0; NSNV;R;221;633,9;0,01245;7,89;0,3;0;8,19
017;011;202607;202607;1301102P;0; NSNV;R;287;805,6;0,01245;10,03;0,38;0;10,41
017;011;202607;202607;1401102F;0; NSNV;R;92;189,7;0,01245;2,36;0,09;0;2,45
017;011;202607;202607;1401102H;0; NSNV;R;107;279,7;0,01245;3,48;0,13;0;3,61
017;011;202607;202607;1401102O;0; NSNV;R;96;274,8;0,01245;3,42;0,13;0;3,55
017;011;202607;202607;1401102P;0; NSNV;R;78;285,4;0,01245;3,55;0,13;0;3,69
017;011;202607;202607;15011024;0; NSNV;R;402;1559,3;0,01245;19,41;0,74;0;20,15
017;011;202607;202607;15011026;0; NSNV;R;421;1651,8;0,01245;20,56;0,78;0;21,34
017;011;202607;202607;15011028;0; NSNV;R;411;1888,1;0,01245;23,51;0,89;0;24,4
017;011;202607;202607;1501102A;0; NSNV;R;401;1361,2;0,01245;16,95;0,64;0;17,59
017;011;202607;202607;1601102A;0; NSNV;R;45;49,6;0,01245;0,62;0,02;0;0,64
017;011;202607;202607;1601102C;0; NSNV;R;31;45,4;0,01245;0,57;0,02;0;0,59
017;011;202607;202607;1601102E;0; NSNV;R;42;77,8;0,01245;0,97;0,04;0;1,01
017;011;202607;202607;1601102G;0; NSNV;R;45;103,1;0,01245;1,28;0,05;0;1,33
017;011;202607;202607;1701101J;0; NSNV;R;21;22,3;0,01245;0,28;0,01;0;0,29
017;011;202607;202607;1701102A;0; NSNV;R;35;102,5;0,01245;1,28;0,05;0;1,32
017;011;202607;202607;1701102B;0; NSNV;R;22;120,7;0,01245;1,5;0,06;0;1,56
017;011;202607;202607;1701102C;0; NSNV;R;37;46,9;0,01245;0,58;0,02;0;0,61
017;011;202607;202607;1801102R;0; NSNV;R;20;92,1;0,01245;1,15;0,04;0;1,19
017;011;202607;202607;1801102T;0; NSNV;R;18;96,1;0,01245;1,2;0,05;0;1,24
017;011;202607;202607;1801102V;0; NSNV;R;27;201,7;0,01245;2,51;0,1;0;2,61
017;011;202607;202607;1801102Z;0; NSNV;R;28;116,5;0,01245;1,45;0,05;0;1,51
017;011;202607;202607;1901105P;0; NSNV;R;80;243,3;0,01245;3,03;0,11;0;3,14
017;011;202607;202607;1901105R;0; NSNV;R;93;185,7;0,01245;2,31;0,09;0;2,4
017;011;202607;202607;1901105T;0; NSNV;R;106;316,4;0,01245;3,94;0,15;0;4,09
017;011;202607;202607;1901105V;0; NSNV;R;95;210,3;0,01245;2,62;0,1;0;2,72
018;011;202607;202607;2121101C;0; GS3V;N;94;569,9;0,01499;8,54;0,32;0;8,87
018;011;202607;202607;2121101E;0; GS3V;N;88;610;0,01499;9,14;0,35;0;9,49
018;011;202607;202607;2121101G;0; GS3V;N;123;827,1;0,01499;12,4;0,47;0;12,87
018;011;202607;202607;2121101I;0; GS3V;N;86;648,9;0,01499;9,73;0,37;0;10,1
018;011;202607;202607;2121102C;0; GS3V;N;2;9,7;0,01499;0,15;0,01;0;0,15
018;011;202607;202607;2121102E;0; GS3V;N;13;77,4;0,01499;1,16;0,04;0;1,2
018;011;202607;202607;2121102G;0; GS3V;N;11;129;0,01499;1,93;0,07;0;2,01
018;011;202607;202607;2121102I;0; GS3V;N;6;28,2;0,01499;0,42;0,02;0;0,44
018;011;202607;202607;2121102K;0; GS3V;N;5;21,6;0,01499;0,32;0,01;0;0,34
018;011;202607;202607;2121102M;0; GS3V;N;8;61,3;0,01499;0,92;0,03;0;0,95
018;011;202607;202607;2121102O;0; GS3V;N;3;25,2;0,01499;0,38;0,01;0;0,39
018;011;202607;202607;2121102Q;0; GS3V;N;10;49;0,01499;0,73;0,03;0;0,76
018;011;202607;202607;2121102R;0; GS3V;N;712;5184,7;0,01499;77,72;2,94;0;80,66
018;011;202607;202607;2121102S;0; GS3V;N;674;4727,9;0,01499;70,87;2,68;0;73,56
018;011;202607;202607;2121102T;0; GS3V;N;669;4712,1;0,01499;70,63;2,68;0;73,31
018;011;202607;202607;2121102U;0; GS3V;N;700;5288,7;0,01499;79,28;3;0;82,28
018;011;202607;202607;2221100G;0; GS3V;N;96;602;0,01499;9,02;0,34;0;9,37
018;011;202607;202607;2221100I;0; GS3V;N;107;734,1;0,01499;11;0,42;0;11,42
018;011;202607;202607;2221100K;0; GS3V;N;69;548,1;0,01499;8,22;0,31;0;8,53
018;011;202607;202607;2221100L;0; GS3V;N;66;452,6;0,01499;6,78;0,26;0;7,04
018;011;202607;202607;2421100Z;0; GS3V;N;17;84,8;0,01499;1,27;0,05;0;1,32
018;011;202607;202607;24211011;0; GS3V;N;14;42,9;0,01499;0,64;0,02;0;0,67
018;011;202607;202607;24211013;0; GS3V;N;32;172;0,01499;2,58;0,1;0;2,68
018;011;202607;202607;24211015;0; GS3V;N;7;32,2;0,01499;0,48;0,02;0;0,5
018;011;202607;202607;24211017;0; GS3V;N;18;49,4;0,01499;0,74;0,03;0;0,77
018;011;202607;202607;2421101F;0; GS3V;N;14;102,1;0,01499;1,53;0,06;0;1,59
018;011;202607;202607;2421101H;0; GS3V;N;18;116,5;0,01499;1,75;0,07;0;1,81
018;011;202607;202607;2421101J;0; GS3V;N;9;24,9;0,01499;0,37;0,01;0;0,39
018;011;202607;202607;2421101L;0; GS3V;N;13;64,7;0,01499;0,97;0,04;0;1,01
018;011;202607;202607;2421101V;0; GS3V;N;2;6,9;0,01499;0,1;0;0;0,11
018;011;202607;202607;2421101Y;0; GS3V;N;24;70,7;0,01499;1,06;0,04;0;1,1
018;011;202607;202607;24211020;0; GS3V;N;6;13,2;0,01499;0,2;0,01;0;0,21
018;011;202607;202607;2121101C;0; GS3V;R;4;8,9;0,01049;0,09;0;0;0,1
018;011;202607;202607;2121101E;0; GS3V;R;5;30,6;0,01049;0,32;0,01;0;0,33
018;011;202607;202607;2121101G;0; GS3V;R;23;90,8;0,01049;0,95;0,04;0;0,99
018;011;202607;202607;2121101I;0; GS3V;R;2;11,3;0,01049;0,12;0;0;0,12
018;011;202607;202607;2121102C;0; GS3V;R;1;9,6;0,01049;0,1;0;0;0,1
018;011;202607;202607;2121102E;0; GS3V;R;2;11,2;0,01049;0,12;0;0;0,12
018;011;202607;202607;2121102G;0; GS3V;R;2;1,1;0,01049;0,01;0;0;0,01
018;011;202607;202607;2121102I;0; GS3V;R;2;2;0,01049;0,02;0;0;0,02
018;011;202607;202607;2121102K;0; GS3V;R;1;4,1;0,01049;0,04;0;0;0,04
018;011;202607;202607;2121102Q;0; GS3V;R;1;2,5;0,01049;0,03;0;0;0,03
018;011;202607;202607;2121102R;0; GS3V;R;68;268,1;0,01049;2,81;0,11;0;2,92
018;011;202607;202607;2121102S;0; GS3V;R;73;301,6;0,01049;3,16;0,12;0;3,28
018;011;202607;202607;2121102T;0; GS3V;R;72;403,2;0,01049;4,23;0,16;0;4,39
018;011;202607;202607;2121102U;0; GS3V;R;77;413,9;0,01049;4,34;0,16;0;4,51
018;011;202607;202607;2221100G;0; GS3V;R;12;77,8;0,01049;0,82;0,03;0;0,85
018;011;202607;202607;2221100I;0; GS3V;R;4;20;0,01049;0,21;0,01;0;0,22
018;011;202607;202607;2221100K;0; GS3V;R;6;23,7;0,01049;0,25;0,01;0;0,26
018;011;202607;202607;2221100L;0; GS3V;R;4;20;0,01049;0,21;0,01;0;0,22
018;011;202607;202607;2421100Z;0; GS3V;R;2;12,3;0,01049;0,13;0;0;0,13
018;011;202607;202607;24211013;0; GS3V;R;1;0,6;0,01049;0,01;0;0;0,01
018;011;202607;202607;24211017;0; GS3V;R;1;1,6;0,01049;0,02;0;0;0,02
018;011;202607;202607;2421101L;0; GS3V;R;2;3,4;0,01049;0,04;0;0;0,04
018;011;202607;202607;24211020;0; GS3V;R;1;0,5;0,01049;0,01;0;0;0,01
018;011;202607;202607;2100102Z;0; GS8V;N;12;125,1;0,01499;1,88;0,07;0;1,95
018;011;202607;202607;21001034;0; GS8V;N;12;207,1;0,01499;3,1;0,12;0;3,22
018;011;202607;202607;2100103K;0; GS8V;N;11;68,4;0,01499;1,03;0,04;0;1,06
018;011;202607;202607;2100103O;0; GS8V;N;13;56,5;0,01499;0,85;0,03;0;0,88
018;011;202607;202607;21001085;0; GS8V;N;40;353,7;0,01499;5,3;0,2;0;5,5
018;011;202607;202607;21001086;0; GS8V;N;40;295,6;0,01499;4,43;0,17;0;4,6
018;011;202607;202607;21001089;0; GS8V;N;25;275,7;0,01499;4,13;0,16;0;4,29
018;011;202607;202607;2100108A;0; GS8V;N;10;72,9;0,01499;1,09;0,04;0;1,13
018;011;202607;202607;2100108C;0; GS8V;N;24;128,2;0,01499;1,92;0,07;0;1,99
018;011;202607;202607;2100108E;0; GS8V;N;13;66,8;0,01499;1;0,04;0;1,04
018;011;202607;202607;2100108G;0; GS8V;N;17;129,8;0,01499;1,95;0,07;0;2,02
018;011;202607;202607;2100108I;0; GS8V;N;14;51,3;0,01499;0,77;0,03;0;0,8
018;011;202607;202607;2100108K;0; GS8V;N;9;23,7;0,01499;0,36;0,01;0;0,37
018;011;202607;202607;2100108M;0; GS8V;N;7;29,7;0,01499;0,45;0,02;0;0,46
018;011;202607;202607;2100108O;0; GS8V;N;13;128,9;0,01499;1,93;0,07;0;2,01
018;011;202607;202607;2100108Q;0; GS8V;N;19;121,2;0,01499;1,82;0,07;0;1,89
018;011;202607;202607;2100108S;0; GS8V;N;31;171,2;0,01499;2,57;0,1;0;2,66
018;011;202607;202607;2100108U;0; GS8V;N;4;36,1;0,01499;0,54;0,02;0;0,56
018;011;202607;202607;2100109H;0; GS8V;N;5;11,9;0,01499;0,18;0,01;0;0,19
018;011;202607;202607;2100109P;0; GS8V;N;5;23,2;0,01499;0,35;0,01;0;0,36
018;011;202607;202607;2121100U;0; GS8V;N;6;33,4;0,01499;0,5;0,02;0;0,52
018;011;202607;202607;21211010;0; GS8V;N;5;23,1;0,01499;0,35;0,01;0;0,36
018;011;202607;202607;2121101C;0; GS8V;N;49927;352767,4;0,01499;5287,98;200,32;0;5488,31
018;011;202607;202607;2121101E;0; GS8V;N;50097;352918,6;0,01499;5290,25;200,41;0;5490,66
018;011;202607;202607;2121101G;0; GS8V;N;49538;351306;0,01499;5266,08;199,49;0;5465,57
018;011;202607;202607;2121101I;0; GS8V;N;47495;342336,5;0,01499;5131,62;194,4;0;5326,02
018;011;202607;202607;2121102C;0; GS8V;N;39953;286898,4;0,01499;4300,61;162,92;0;4463,53
018;011;202607;202607;2121102E;0; GS8V;N;38111;274274,1;0,01499;4111,37;155,75;0;4267,12
018;011;202607;202607;2121102G;0; GS8V;N;39416;283414,4;0,01499;4248,38;160,94;0;4409,32
018;011;202607;202607;2121102I;0; GS8V;N;39475;283393,9;0,01499;4248,07;160,93;0;4409
018;011;202607;202607;2121102K;0; GS8V;N;40096;285780,8;0,01499;4283,85;162,28;0;4446,14
018;011;202607;202607;2121102M;0; GS8V;N;40050;286965,4;0,01499;4301,61;162,96;0;4464,57
018;011;202607;202607;2121102O;0; GS8V;N;39807;289072;0,01499;4333,19;164,15;0;4497,34
018;011;202607;202607;2121102Q;0; GS8V;N;38252;275651,4;0,01499;4132,01;156,53;0;4288,55
018;011;202607;202607;2121102R;0; GS8V;N;45157;356770,5;0,01499;5347,99;202,6;0;5550,59
018;011;202607;202607;2121102S;0; GS8V;N;45277;355533,6;0,01499;5329,45;201,89;0;5531,34
018;011;202607;202607;2121102T;0; GS8V;N;45046;359161,8;0,01499;5383,84;203,95;0;5587,79
018;011;202607;202607;2121102U;0; GS8V;N;45209;359583,5;0,01499;5390,16;204,19;0;5594,35
018;011;202607;202607;2200101F;0; GS8V;N;18;194,3;0,01499;2,91;0,11;0;3,02
018;011;202607;202607;2221100G;0; GS8V;N;24401;182266,5;0,01499;2732,17;103,5;0;2835,68
018;011;202607;202607;2221100I;0; GS8V;N;24658;183430,6;0,01499;2749,62;104,16;0;2853,79
018;011;202607;202607;2221100K;0; GS8V;N;12505;87265,3;0,01499;1308,11;49,55;0;1357,66
018;011;202607;202607;2221100L;0; GS8V;N;12311;87660,3;0,01499;1314,03;49,78;0;1363,81
018;011;202607;202607;24001017;0; GS8V;N;8;36,1;0,01499;0,54;0,02;0;0,56
018;011;202607;202607;24001019;0; GS8V;N;8;88,4;0,01499;1,33;0,05;0;1,38
018;011;202607;202607;2421100Z;0; GS8V;N;4248;28887,3;0,01499;433,02;16,4;0;449,42
018;011;202607;202607;24211011;0; GS8V;N;4499;31272,6;0,01499;468,78;17,76;0;486,53
018;011;202607;202607;24211013;0; GS8V;N;9541;64641,1;0,01499;968,97;36,71;0;1005,68
018;011;202607;202607;24211015;0; GS8V;N;4528;31809,8;0,01499;476,83;18,06;0;494,89
018;011;202607;202607;24211017;0; GS8V;N;3208;22308,9;0,01499;334,41;12,67;0;347,08
018;011;202607;202607;2421101F;0; GS8V;N;3416;24327,2;0,01499;364,66;13,81;0;378,48
018;011;202607;202607;2421101H;0; GS8V;N;7063;48857,6;0,01499;732,38;27,74;0;760,12
018;011;202607;202607;2421101J;0; GS8V;N;3330;23169,3;0,01499;347,31;13,16;0;360,46
018;011;202607;202607;2421101L;0; GS8V;N;3170;22174,7;0,01499;332,4;12,59;0;344,99
018;011;202607;202607;2421101V;0; GS8V;N;3489;23905,3;0,01499;358,34;13,57;0;371,92
018;011;202607;202607;2421101Y;0; GS8V;N;7027;48019,5;0,01499;719,81;27,27;0;747,08
018;011;202607;202607;24211020;0; GS8V;N;3408;23891,5;0,01499;358,13;13,57;0;371,7
018;011;202607;202607;2100103K;0; GS8V;R;1;0,5;0,01049;0,01;0;0;0,01
018;011;202607;202607;21001085;0; GS8V;R;4;39,5;0,01049;0,41;0,02;0;0,43
018;011;202607;202607;21001086;0; GS8V;R;3;26,4;0,01049;0,28;0,01;0;0,29
018;011;202607;202607;2100108E;0; GS8V;R;2;2;0,01049;0,02;0;0;0,02
018;011;202607;202607;2100108G;0; GS8V;R;1;0,8;0,01049;0,01;0;0;0,01
018;011;202607;202607;2100108I;0; GS8V;R;1;2,2;0,01049;0,02;0;0;0,02
018;011;202607;202607;2100108K;0; GS8V;R;1;0,5;0,01049;0,01;0;0;0,01
018;011;202607;202607;2100108M;0; GS8V;R;2;3,4;0,01049;0,04;0;0;0,04
018;011;202607;202607;2100108U;0; GS8V;R;1;4,9;0,01049;0,05;0;0;0,05
018;011;202607;202607;2100109H;0; GS8V;R;2;5,7;0,01049;0,06;0;0;0,06
018;011;202607;202607;2100109P;0; GS8V;R;2;15,6;0,01049;0,16;0,01;0;0,17
018;011;202607;202607;2121101C;0; GS8V;R;12082;46143,5;0,01049;484,05;18,34;0;502,38
018;011;202607;202607;2121101E;0; GS8V;R;12564;45175,2;0,01049;473,89;17,95;0;491,84
018;011;202607;202607;2121101G;0; GS8V;R;11959;43768,4;0,01049;459,13;17,39;0;476,52
018;011;202607;202607;2121101I;0; GS8V;R;12013;46561,2;0,01049;488,43;18,5;0;506,93
018;011;202607;202607;2121102C;0; GS8V;R;9273;37015;0,01049;388,29;14,71;0;403
018;011;202607;202607;2121102E;0; GS8V;R;9235;36552,9;0,01049;383,44;14,53;0;397,97
018;011;202607;202607;2121102G;0; GS8V;R;9113;34804,4;0,01049;365,1;13,83;0;378,93
018;011;202607;202607;2121102I;0; GS8V;R;9214;35335,1;0,01049;370,67;14,04;0;384,71
018;011;202607;202607;2121102K;0; GS8V;R;9639;34640;0,01049;363,37;13,77;0;377,14
018;011;202607;202607;2121102M;0; GS8V;R;9612;34817,7;0,01049;365,24;13,84;0;379,07
018;011;202607;202607;2121102O;0; GS8V;R;9266;36858,1;0,01049;386,64;14,65;0;401,29
018;011;202607;202607;2121102Q;0; GS8V;R;9301;36042,6;0,01049;378,09;14,32;0;392,41
018;011;202607;202607;2121102R;0; GS8V;R;7740;35971,6;0,01049;377,34;14,29;0;391,64
018;011;202607;202607;2121102S;0; GS8V;R;7818;36223,7;0,01049;379,99;14,39;0;394,38
018;011;202607;202607;2121102T;0; GS8V;R;7887;37921,7;0,01049;397,8;15,07;0;412,87
018;011;202607;202607;2121102U;0; GS8V;R;7757;36276,6;0,01049;380,54;14,42;0;394,96
018;011;202607;202607;2221100G;0; GS8V;R;4765;18871,8;0,01049;197,97;7,5;0;205,46
018;011;202607;202607;2221100I;0; GS8V;R;4819;18215,4;0,01049;191,08;7,24;0;198,32
018;011;202607;202607;2221100K;0; GS8V;R;2729;8972,5;0,01049;94,12;3,57;0;97,69
018;011;202607;202607;2221100L;0; GS8V;R;2814;9385,3;0,01049;98,45;3,73;0;102,18
018;011;202607;202607;24001017;0; GS8V;R;2;16,7;0,01049;0,18;0,01;0;0,18
018;011;202607;202607;24001019;0; GS8V;R;2;17,3;0,01049;0,18;0,01;0;0,19
018;011;202607;202607;2421100Z;0; GS8V;R;934;3911,9;0,01049;41,04;1,55;0;42,59
018;011;202607;202607;24211011;0; GS8V;R;919;3909,3;0,01049;41,01;1,55;0;42,56
018;011;202607;202607;24211013;0; GS8V;R;1864;7433,5;0,01049;77,98;2,95;0;80,93
018;011;202607;202607;24211015;0; GS8V;R;902;3513,1;0,01049;36,85;1,4;0;38,25
018;011;202607;202607;24211017;0; GS8V;R;683;2725,3;0,01049;28,59;1,08;0;29,67
018;011;202607;202607;2421101F;0; GS8V;R;646;2712,7;0,01049;28,46;1,08;0;29,53
018;011;202607;202607;2421101H;0; GS8V;R;1411;5386,6;0,01049;56,51;2,14;0;58,65
018;011;202607;202607;2421101J;0; GS8V;R;680;2681,2;0,01049;28,13;1,07;0;29,19
018;011;202607;202607;2421101L;0; GS8V;R;701;2713,8;0,01049;28,47;1,08;0;29,55
018;011;202607;202607;2421101V;0; GS8V;R;647;2617;0,01049;27,45;1,04;0;28,49
018;011;202607;202607;2421101Y;0; GS8V;R;1381;5315,1;0,01049;55,76;2,11;0;57,87
018;011;202607;202607;24211020;0; GS8V;R;689;2497,9;0,01049;26,2;0,99;0;27,2
018;011;202607;202606;2102008O;0; NENV;N;1;0,5;0,01499;0,01;0;0;0,01
018;011;202607;202606;2102008P;0; NENV;N;2;1;0,01499;0,01;0;0;0,02
018;011;202607;202606;2202000P;0; NENV;N;2;1;0,01499;0,01;0;0;0,02
018;011;202607;202606;24020005;0; NENV;N;2;11,6;0,01499;0,17;0,01;0;0,18
018;011;202607;202606;24020007;0; NENV;N;1;0,5;0,01499;0,01;0;0;0,01
018;011;202607;202606;2402000D;0; NENV;N;2;1;0,01499;0,01;0;0;0,02
018;011;202607;202606;2402000I;0; NENV;N;1;0,5;0,01499;0,01;0;0;0,01
018;011;202607;202607;2102006Y;0; NENV;N;30;15;0,01499;0,22;0,01;0;0,23
018;011;202607;202607;21020071;0; NENV;N;40;20,4;0,01499;0,31;0,01;0;0,32
018;011;202607;202607;21020073;0; NENV;N;34;17;0,01499;0,25;0,01;0;0,26
018;011;202607;202607;21020075;0; NENV;N;32;19,1;0,01499;0,29;0,01;0;0,3
018;011;202607;202607;21020088;0; NENV;N;575216;398465,3;0,01499;5972,99;226,27;0;6199,27
018;011;202607;202607;2102008A;0; NENV;N;579985;349791,4;0,01499;5243,37;198,63;0;5442,01
018;011;202607;202607;2102008C;0; NENV;N;575779;345276,4;0,01499;5175,69;196,07;0;5371,76
018;011;202607;202607;2102008E;0; NENV;N;578432;350347,4;0,01499;5251,71;198,95;0;5450,66
018;011;202607;202607;2102008G;0; NENV;N;573528;342875,8;0,01499;5139,71;194,71;0;5334,41
018;011;202607;202607;2102008J;0; NENV;N;579070;393273,5;0,01499;5895,17;223,33;0;6118,49
018;011;202607;202607;2102008L;0; NENV;N;578203;347784,9;0,01499;5213,3;197,49;0;5410,79
018;011;202607;202607;2102008N;0; NENV;N;578552;351439,1;0,01499;5268,07;199,57;0;5467,64
018;011;202607;202607;2102008O;0; NENV;N;160703;90338,7;0,01499;1354,18;51,3;0;1405,48
018;011;202607;202607;2102008P;0; NENV;N;161032;91211,6;0,01499;1367,26;51,8;0;1419,06
018;011;202607;202607;2121100T;0; NENV;N;62904;73123,6;0,01499;1096,12;41,52;0;1137,65
018;011;202607;202607;2121100V;0; NENV;N;98905;108984,4;0,01499;1633,68;61,89;0;1695,56
018;011;202607;202607;2121102B;0; NENV;N;278;439,9;0,01499;6,59;0,25;0;6,84
018;011;202607;202607;2121102D;0; NENV;N;311;418,3;0,01499;6,27;0,24;0;6,51
018;011;202607;202607;2121102F;0; NENV;N;202;369,5;0,01499;5,54;0,21;0;5,75
018;011;202607;202607;2121102H;0; NENV;N;203;700,2;0,01499;10,5;0,4;0;10,89
018;011;202607;202607;2121102J;0; NENV;N;282;537,6;0,01499;8,06;0,31;0;8,36
018;011;202607;202607;2121102L;0; NENV;N;296;418,8;0,01499;6,28;0,24;0;6,52
018;011;202607;202607;2121102N;0; NENV;N;273;557;0,01499;8,35;0,32;0;8,67
018;011;202607;202607;2121102P;0; NENV;N;273;491,1;0,01499;7,36;0,28;0;7,64
018;011;202607;202607;2202000N;0; NENV;N;159985;90335;0,01499;1354,12;51,3;0;1405,42
018;011;202607;202607;2202000P;0; NENV;N;160761;90884,3;0,01499;1362,36;51,61;0;1413,97
018;011;202607;202607;2221100B;0; NENV;N;32;44,6;0,01499;0,67;0,03;0;0,69
018;011;202607;202607;2221100C;0; NENV;N;35;121,4;0,01499;1,82;0,07;0;1,89
018;011;202607;202607;2221100G;0; NENV;N;30;68,6;0,01499;1,03;0,04;0;1,07
018;011;202607;202607;2221100I;0; NENV;N;38;73,1;0,01499;1,1;0,04;0;1,14
018;011;202607;202607;2221100K;0; NENV;N;36;50,8;0,01499;0,76;0,03;0;0,79
018;011;202607;202607;2221100L;0; NENV;N;28;52,2;0,01499;0,78;0,03;0;0,81
018;011;202607;202607;24020005;0; NENV;N;168043;95040,5;0,01499;1424,66;53,97;0;1478,63
018;011;202607;202607;24020007;0; NENV;N;167269;94192,6;0,01499;1411,95;53,49;0;1465,44
018;011;202607;202607;24020009;0; NENV;N;167716;95582,2;0,01499;1432,78;54,28;0;1487,05
018;011;202607;202607;2402000B;0; NENV;N;167428;95529,5;0,01499;1431,99;54,25;0;1486,23
018;011;202607;202607;2402000D;0; NENV;N;168470;96687,5;0,01499;1449,35;54,91;0;1504,25
018;011;202607;202607;2402000G;0; NENV;N;167344;94025,7;0,01499;1409,45;53,39;0;1462,84
018;011;202607;202607;2402000I;0; NENV;N;167718;94427,9;0,01499;1415,47;53,62;0;1469,1
018;011;202607;202607;2402000K;0; NENV;N;167537;94546,8;0,01499;1417,26;53,69;0;1470,95
018;011;202607;202607;2421100Y;0; NENV;N;22;38,4;0,01499;0,58;0,02;0;0,6
018;011;202607;202607;24211010;0; NENV;N;5;6,5;0,01499;0,1;0;0;0,1
018;011;202607;202607;24211012;0; NENV;N;18;21;0,01499;0,31;0,01;0;0,33
018;011;202607;202607;24211014;0; NENV;N;23;34,8;0,01499;0,52;0,02;0;0,54
018;011;202607;202607;2421101K;0; NENV;N;91;94,7;0,01499;1,42;0,05;0;1,47
018;011;202607;202607;24211021;0; NENV;N;72;126;0,01499;1,89;0,07;0;1,96
018;011;202607;202606;2402000K;0; NENV;R;1;0,5;0,01049;0,01;0;0;0,01
018;011;202607;202607;21020088;0; NENV;R;3131;68338,1;0,01049;716,87;27,16;0;744,02
018;011;202607;202607;2102008A;0; NENV;R;3086;15838,7;0,01049;166,15;6,29;0;172,44
018;011;202607;202607;2102008C;0; NENV;R;3206;16788,7;0,01049;176,11;6,67;0;182,79
018;011;202607;202607;2102008E;0; NENV;R;3124;16784,4;0,01049;176,07;6,67;0;182,74
018;011;202607;202607;2102008G;0; NENV;R;2965;15279,7;0,01049;160,28;6,07;0;166,36
018;011;202607;202607;2102008J;0; NENV;R;3243;60368,7;0,01049;633,27;23,99;0;657,26
018;011;202607;202607;2102008L;0; NENV;R;3149;14704,9;0,01049;154,25;5,84;0;160,1
018;011;202607;202607;2102008N;0; NENV;R;3032;16440,9;0,01049;172,47;6,53;0;179
018;011;202607;202607;2102008O;0; NENV;R;510;3122,3;0,01049;32,75;1,24;0;33,99
018;011;202607;202607;2102008P;0; NENV;R;549;2977,8;0,01049;31,24;1,18;0;32,42
018;011;202607;202607;2121100T;0; NENV;R;5005;5278;0,01049;55,37;2,1;0;57,46
018;011;202607;202607;2121100V;0; NENV;R;7734;7846,9;0,01049;82,31;3,12;0;85,43
018;011;202607;202607;2121102B;0; NENV;R;6;5,3;0,01049;0,06;0;0;0,06
018;011;202607;202607;2121102D;0; NENV;R;4;2;0,01049;0,02;0;0;0,02
018;011;202607;202607;2121102F;0; NENV;R;2;1,2;0,01049;0,01;0;0;0,01
018;011;202607;202607;2121102H;0; NENV;R;4;4,6;0,01049;0,05;0;0;0,05
018;011;202607;202607;2121102J;0; NENV;R;1;0,5;0,01049;0,01;0;0;0,01
018;011;202607;202607;2121102L;0; NENV;R;2;46;0,01049;0,48;0,02;0;0,5
018;011;202607;202607;2121102N;0; NENV;R;3;7,5;0,01049;0,08;0;0;0,08
018;011;202607;202607;2121102P;0; NENV;R;3;177,5;0,01049;1,86;0,07;0;1,93
018;011;202607;202607;2202000N;0; NENV;R;483;2587,1;0,01049;27,14;1,03;0;28,17
018;011;202607;202607;2202000P;0; NENV;R;529;3345,5;0,01049;35,09;1,33;0;36,42
018;011;202607;202607;24020005;0; NENV;R;525;2516,6;0,01049;26,4;1;0;27,4
018;011;202607;202607;24020007;0; NENV;R;519;2595,5;0,01049;27,23;1,03;0;28,26
018;011;202607;202607;24020009;0; NENV;R;571;2365,8;0,01049;24,82;0,94;0;25,76
018;011;202607;202607;2402000B;0; NENV;R;517;2728,1;0,01049;28,62;1,08;0;29,7
018;011;202607;202607;2402000D;0; NENV;R;537;2602,4;0,01049;27,3;1,03;0;28,33
018;011;202607;202607;2402000G;0; NENV;R;557;2298,1;0,01049;24,11;0,91;0;25,02
018;011;202607;202607;2402000I;0; NENV;R;506;2951,3;0,01049;30,96;1,17;0;32,13
018;011;202607;202607;2402000K;0; NENV;R;533;1982,9;0,01049;20,8;0,79;0;21,59
018;011;202607;202607;2421100Y;0; NENV;R;1;1,3;0,01049;0,01;0;0;0,01
018;011;202607;202607;2121100V;0; NENV;R;1;0,5;0,01499;0,01;0;0;0,01
018;011;202607;202607;2121101G;0; NSAV;R;1;0,5;0,01049;0,01;0;0;0,01
018;011;202607;202607;2121102I;0; NSAV;R;1;0,5;0,01049;0,01;0;0;0,01
019;011;202607;202607;2721100S;0; GS3V;N;70;423,8;0,01499;6,35;0,24;0;6,59
019;011;202607;202607;2721100T;0; GS3V;N;70;436,7;0,01499;6,55;0,25;0;6,79
019;011;202607;202607;2721100U;0; GS3V;N;131;852,3;0,01499;12,78;0,48;0;13,26
019;011;202607;202607;2721100X;0; GS3V;N;151;1352,1;0,01499;20,27;0,77;0;21,04
019;011;202607;202607;2821100M;0; GS3V;N;2;4,4;0,01499;0,07;0;0;0,07
019;011;202607;202607;2821100O;0; GS3V;N;5;12;0,01499;0,18;0,01;0;0,19
019;011;202607;202607;2721100S;0; GS3V;R;1;0,9;0,01049;0,01;0;0;0,01
019;011;202607;202607;2721100T;0; GS3V;R;2;8,8;0,01049;0,09;0;0;0,1
019;011;202607;202607;2721100U;0; GS3V;R;6;25,2;0,01049;0,26;0,01;0;0,27
019;011;202607;202607;2721100X;0; GS3V;R;8;30,2;0,01049;0,32;0,01;0;0,33
019;011;202607;202607;2821100O;0; GS3V;R;1;0,5;0,01049;0,01;0;0;0,01
019;011;202607;202607;2721100S;0; GS8V;N;5678;35455,9;0,01499;531,48;20,13;0;551,62
019;011;202607;202607;2721100T;0; GS8V;N;5653;33145;0,01499;496,84;18,82;0;515,67
019;011;202607;202607;2721100U;0; GS8V;N;25465;126057;0,01499;1889,59;71,58;0;1961,18
019;011;202607;202607;2721100X;0; GS8V;N;25491;126583;0,01499;1897,48;71,88;0;1969,36
019;011;202607;202607;2821100L;0; GS8V;N;225;1829,1;0,01499;27,42;1,04;0;28,46
019;011;202607;202607;2821100M;0; GS8V;N;1657;11721,8;0,01499;175,71;6,66;0;182,37
019;011;202607;202607;2821100O;0; GS8V;N;1590;10787;0,01499;161,7;6,13;0;167,82
019;011;202607;202607;2821100P;0; GS8V;N;222;1955,2;0,01499;29,31;1,11;0;30,42
019;011;202607;202607;2721100S;0; GS8V;R;1555;3118,4;0,01049;32,71;1,24;0;33,95
019;011;202607;202607;2721100T;0; GS8V;R;1594;2986;0,01049;31,32;1,19;0;32,51
019;011;202607;202607;2721100U;0; GS8V;R;10891;14654,1;0,01049;153,72;5,82;0;159,54
019;011;202607;202607;2721100X;0; GS8V;R;10866;15337,3;0,01049;160,89;6,09;0;166,98
019;011;202607;202607;2821100L;0; GS8V;R;36;150,8;0,01049;1,58;0,06;0;1,64
019;011;202607;202607;2821100M;0; GS8V;R;455;830,5;0,01049;8,71;0,33;0;9,04
019;011;202607;202607;2821100O;0; GS8V;R;469;1058,1;0,01049;11,1;0,42;0;11,52
019;011;202607;202607;2821100P;0; GS8V;R;35;118,3;0,01049;1,24;0,05;0;1,29
019;011;202607;202606;2702600M;0; NENV;N;1;0,5;0,01499;0,01;0;0;0,01
019;011;202607;202606;2702600O;0; NENV;N;1;0,5;0,01499;0,01;0;0;0,01
019;011;202607;202606;2702600R;0; NENV;N;2;1;0,01499;0,01;0;0;0,02
019;011;202607;202607;2702600M;0; NENV;N;228675;133011,6;0,01499;1993,84;75,53;0;2069,38
019;011;202607;202607;2702600O;0; NENV;N;227880;132665,7;0,01499;1988,66;75,34;0;2063,99
019;011;202607;202607;2702600R;0; NENV;N;227234;132925,1;0,01499;1992,55;75,48;0;2068,03
019;011;202607;202607;2702600S;0; NENV;N;228634;133011,2;0,01499;1993,84;75,53;0;2069,37
019;011;202607;202607;2721100P;0; NENV;N;5418;5513,1;0,01499;82,64;3,13;0;85,77
019;011;202607;202607;2721100Q;0; NENV;N;5328;4863,9;0,01499;72,91;2,76;0;75,67
019;011;202607;202607;2721100S;0; NENV;N;5303;5195,9;0,01499;77,89;2,95;0;80,84
019;011;202607;202607;2721100T;0; NENV;N;5276;4818,1;0,01499;72,22;2,74;0;74,96
019;011;202607;202607;2721100U;0; NENV;N;5356;5452,5;0,01499;81,73;3,1;0;84,83
019;011;202607;202607;2721100X;0; NENV;N;5369;5021,8;0,01499;75,28;2,85;0;78,13
019;011;202607;202607;2802600G;0; NENV;N;38514;20727,8;0,01499;310,71;11,77;0;322,48
019;011;202607;202607;2802600I;0; NENV;N;38600;20610,7;0,01499;308,95;11,7;0;320,66
019;011;202607;202607;2802600L;0; NENV;N;38602;20788,8;0,01499;311,62;11,81;0;323,43
019;011;202607;202607;2802600M;0; NENV;N;38425;20841,1;0,01499;312,41;11,83;0;324,24
019;011;202607;202607;2821100H;0; NENV;N;371;310,7;0,01499;4,66;0,18;0;4,83
019;011;202607;202607;2821100I;0; NENV;N;369;360,2;0,01499;5,4;0,2;0;5,6
019;011;202607;202607;2821100L;0; NENV;N;370;354,8;0,01499;5,32;0,2;0;5,52
019;011;202607;202607;2821100M;0; NENV;N;355;285,3;0,01499;4,28;0,16;0;4,44
019;011;202607;202607;2821100O;0; NENV;N;311;310,7;0,01499;4,66;0,18;0;4,83
019;011;202607;202607;2821100P;0; NENV;N;346;274;0,01499;4,11;0,16;0;4,26
019;011;202607;202607;2702600M;0; NENV;R;739;4453,9;0,01049;46,72;1,77;0;48,49
019;011;202607;202607;2702600O;0; NENV;R;695;4562,4;0,01049;47,86;1,81;0;49,67
019;011;202607;202607;2702600R;0; NENV;R;740;4949,6;0,01049;51,92;1,97;0;53,89
019;011;202607;202607;2702600S;0; NENV;R;742;4723,1;0,01049;49,55;1,88;0;51,42
019;011;202607;202607;2721100P;0; NENV;R;270;281,5;0,01049;2,95;0,11;0;3,06
019;011;202607;202607;2721100Q;0; NENV;R;259;244,1;0,01049;2,56;0,1;0;2,66
019;011;202607;202607;2721100S;0; NENV;R;282;214,1;0,01049;2,25;0,09;0;2,33
019;011;202607;202607;2721100T;0; NENV;R;268;185,9;0,01049;1,95;0,07;0;2,02
019;011;202607;202607;2721100U;0; NENV;R;269;171,6;0,01049;1,8;0,07;0;1,87
019;011;202607;202607;2721100X;0; NENV;R;242;169,9;0,01049;1,78;0,07;0;1,85
019;011;202607;202607;2802600G;0; NENV;R;67;388,7;0,01049;4,08;0,15;0;4,23
019;011;202607;202607;2802600I;0; NENV;R;61;561,9;0,01049;5,89;0,22;0;6,12
019;011;202607;202607;2802600L;0; NENV;R;55;531,2;0,01049;5,57;0,21;0;5,78
019;011;202607;202607;2802600M;0; NENV;R;54;393,2;0,01049;4,12;0,16;0;4,28
019;011;202607;202607;2821100H;0; NENV;R;14;8,4;0,01049;0,09;0;0;0,09
019;011;202607;202607;2821100I;0; NENV;R;28;18,9;0,01049;0,2;0,01;0;0,21
019;011;202607;202607;2821100L;0; NENV;R;14;7;0,01049;0,07;0;0;0,08
019;011;202607;202607;2821100M;0; NENV;R;24;12,2;0,01049;0,13;0;0;0,13
019;011;202607;202607;2821100O;0; NENV;R;15;11;0,01049;0,12;0;0;0,12
019;011;202607;202607;2821100P;0; NENV;R;23;11,9;0,01049;0,12;0;0;0,13
019;011;202607;202607;2821100I;0; NETV;N;1;0,5;0,01499;0,01;0;0;0,01
019;011;202607;202607;2821100M;0; NETV;N;2;1;0,01499;0,01;0;0;0,02
019;011;202607;202607;2821100P;0; NETV;N;1;0,5;0,01499;0,01;0;0;0,01
019;011;202607;202607;2721100U;0; NSAV;N;1;0,5;0,01499;0,01;0;0;0,01
019;011;202607;202607;2721100X;0; NSAV;N;3;1,5;0,01499;0,02;0;0;0,02
019;011;202607;202607;2721100U;0; NSAV;R;1;0,5;0,01049;0,01;0;0;0,01
019;011;202607;202607;2721100X;0; NSAV;R;2;1,2;0,01049;0,01;0;0;0,01
022;011;202607;202607;8200100S;0; GS8V;N;12;78,6;0,01499;1,18;0,04;0;1,22
022;011;202607;202607;8200100Z;0; GS8V;N;12;51,1;0,01499;0,77;0,03;0;0,8
022;011;202607;202607;82211006;0; NENV;N;637;598,2;0,01499;8,97;0,34;0;9,31
022;011;202607;202607;82452005;0; NENV;N;2067;1042,8;0,01499;15,63;0,59;0;16,22
022;011;202607;202607;82452006;0; NENV;N;2796399;1510946,5;0,01499;22649,09;858,01;0;23507,1
022;011;202607;202607;82211006;0; NENV;R;28;20,4;0,01049;0,21;0,01;0;0,22
022;011;202607;202607;82452006;0; NENV;R;4639;34981,1;0,01049;366,95;13,9;0;380,85
023;011;202607;202607;81211017;0; GS3V;N;409;2130,9;0,01499;31,94;1,21;0;33,15
023;011;202607;202607;8121101A;0; GS3V;N;362;2401,9;0,01499;36;1,36;0;37,37
023;011;202607;202607;8721100B;0; GS3V;N;71;159,5;0,01499;2,39;0,09;0;2,48
023;011;202607;202607;8721100E;0; GS3V;N;48;178,8;0,01499;2,68;0,1;0;2,78
023;011;202607;202607;81211017;0; GS3V;R;18;65,2;0,01049;0,68;0,03;0;0,71
023;011;202607;202607;8121101A;0; GS3V;R;17;89,3;0,01049;0,94;0,04;0;0,97
023;011;202607;202607;81001011;0; GS8V;N;203;1493,5;0,01499;22,39;0,85;0;23,24
023;011;202607;202607;81001012;0; GS8V;N;116;852,1;0,01499;12,77;0,48;0;13,26
023;011;202607;202607;8100101A;0; GS8V;N;28;152,7;0,01499;2,29;0,09;0;2,38
023;011;202607;202607;8100101B;0; GS8V;N;17;52,3;0,01499;0,78;0,03;0;0,81
023;011;202607;202607;81211017;0; GS8V;N;64819;401137,3;0,01499;6013,05;227,79;0;6240,84
023;011;202607;202607;8121101A;0; GS8V;N;49991;268876,7;0,01499;4030,46;152,68;0;4183,15
023;011;202607;202607;8700100K;0; GS8V;N;1;7,7;0,01499;0,12;0;0;0,12
023;011;202607;202607;8700100N;0; GS8V;N;2;14,7;0,01499;0,22;0,01;0;0,23
023;011;202607;202607;8700100V;0; GS8V;N;2;13,5;0,01499;0,2;0,01;0;0,21
023;011;202607;202607;8721100B;0; GS8V;N;10328;66547,9;0,01499;997,55;37,79;0;1035,34
023;011;202607;202607;8721100E;0; GS8V;N;14169;83684;0,01499;1254,42;47,52;0;1301,94
023;011;202607;202607;87457008;0; GS8V;N;18;210,8;0,01499;3,16;0,12;0;3,28
023;011;202607;202607;8745700B;0; GS8V;N;10;98;0,01499;1,47;0,06;0;1,52
023;011;202607;202607;81001011;0; GS8V;R;10;27,6;0,01049;0,29;0,01;0;0,3
023;011;202607;202607;81001012;0; GS8V;R;3;21;0,01049;0,22;0,01;0;0,23
023;011;202607;202607;8100101A;0; GS8V;R;2;1;0,01049;0,01;0;0;0,01
023;011;202607;202607;81211017;0; GS8V;R;15552;30594,9;0,01049;320,94;12,16;0;333,1
023;011;202607;202607;8121101A;0; GS8V;R;13013;23843,1;0,01049;250,11;9,48;0;259,59
023;011;202607;202607;8721100B;0; GS8V;R;1716;4570,1;0,01049;47,94;1,82;0;49,76
023;011;202607;202607;8721100E;0; GS8V;R;3496;6896;0,01049;72,34;2,74;0;75,08
023;011;202607;202607;87457008;0; GS8V;R;1;0,9;0,01049;0,01;0;0;0,01
023;011;202607;202606;8145700M;0; NENV;N;1;0,5;0,01499;0,01;0;0;0,01
023;011;202607;202606;8745700B;0; NENV;N;1;0,5;0,01499;0,01;0;0;0,01
023;011;202607;202607;81211017;0; NENV;N;4546;3538,6;0,01499;53,04;2,01;0;55,05
023;011;202607;202607;8145700L;0; NENV;N;1826761;1062922,4;0,01499;15933,21;603,59;0;16536,8
023;011;202607;202607;8145700M;0; NENV;N;1361371;792325,3;0,01499;11876,96;449,93;0;12326,89
023;011;202607;202607;8721100B;0; NENV;N;1424;853,9;0,01499;12,8;0,48;0;13,28
023;011;202607;202607;87457005;0; NENV;N;5;3;0,01499;0,04;0;0;0,05
023;011;202607;202607;87457006;0; NENV;N;7;10,8;0,01499;0,16;0,01;0;0,17
023;011;202607;202607;87457008;0; NENV;N;961118;520325;0,01499;7799,67;295,47;0;8095,14
023;011;202607;202607;8745700B;0; NENV;N;1288901;698661,4;0,01499;10472,93;396,74;0;10869,68
023;011;202607;202607;81211017;0; NENV;R;399;255,6;0,01049;2,68;0,1;0;2,78
023;011;202607;202607;8145700L;0; NENV;R;5668;44361,1;0,01049;465,35;17,63;0;482,98
023;011;202607;202607;8145700M;0; NENV;R;4227;33935,2;0,01049;355,98;13,49;0;369,47
023;011;202607;202607;8721100B;0; NENV;R;561;287,4;0,01049;3,01;0,11;0;3,13
023;011;202607;202607;87457008;0; NENV;R;1631;11513;0,01049;120,77;4,58;0;125,35
023;011;202607;202607;8745700B;0; NENV;R;2333;16881,7;0,01049;177,09;6,71;0;183,8
023;011;202607;202607;81211017;0; NSAV;N;4;20,5;0,01499;0,31;0,01;0;0,32
023;011;202607;202607;8121101A;0; NSAV;N;1;2,5;0,01499;0,04;0;0;0,04
024;011;202607;202607;8300100J;0; GS8V;N;7;54,9;0,01499;0,82;0,03;0;0,85
024;011;202607;202607;8300100J;0; GS8V;R;2;19,4;0,01049;0,2;0,01;0;0,21
024;011;202607;202606;83453004;0; NENV;N;1;2,1;0,01499;0,03;0;0;0,03
024;011;202607;202606;83453006;0; NENV;N;6;7,7;0,01499;0,12;0;0;0,12
024;011;202607;202607;83211008;0; NENV;N;768;616,7;0,01499;9,24;0,35;0;9,59
024;011;202607;202607;83453003;0; NENV;N;634488;319975,3;0,01499;4796,43;181,7;0;4978,13
024;011;202607;202607;83453004;0; NENV;N;435633;219742,9;0,01499;3293,95;124,78;0;3418,73
024;011;202607;202607;83453005;0; NENV;N;2026;1022,9;0,01499;15,33;0,58;0;15,91
024;011;202607;202607;83453006;0; NENV;N;2423599;1299610,5;0,01499;19481,16;738;0;20219,16
024;011;202607;202607;83211008;0; NENV;R;68;34,6;0,01049;0,36;0,01;0;0,38
024;011;202607;202607;83453003;0; NENV;R;124;231,3;0,01049;2,43;0,09;0;2,52
024;011;202607;202607;83453004;0; NENV;R;65;75,4;0,01049;0,79;0,03;0;0,82
024;011;202607;202607;83453006;0; NENV;R;3696;28727,4;0,01049;301,35;11,42;0;312,77
028;011;202607;202607;8521100H;0; GS3V;N;393;2220;0,01499;33,28;1,26;0;34,54
028;011;202607;202607;88211006;0; GS3V;N;100;492,8;0,01499;7,39;0,28;0;7,67
028;011;202607;202607;8521100H;0; GS3V;R;27;103,9;0,01049;1,09;0,04;0;1,13
028;011;202607;202607;88211006;0; GS3V;R;3;4,3;0,01049;0,05;0;0;0,05
028;011;202607;202606;8521100H;0; GS8V;N;7;54,7;0,01499;0,82;0,03;0;0,85
028;011;202607;202606;88211006;0; GS8V;N;3;10,3;0,01499;0,15;0,01;0;0,16
028;011;202607;202607;8500100N;0; GS8V;N;1;0,6;0,01499;0,01;0;0;0,01
028;011;202607;202607;85001010;0; GS8V;N;19;99,3;0,01499;1,49;0,06;0;1,54
028;011;202607;202607;8521100H;0; GS8V;N;234049;1437812,1;0,01499;21552,8;816,48;0;22369,28
028;011;202607;202607;85455008;0; GS8V;N;40;267,5;0,01499;4,01;0,15;0;4,16
028;011;202607;202607;88001011;0; GS8V;N;1;3,9;0,01499;0,06;0;0;0,06
028;011;202607;202607;88211006;0; GS8V;N;82117;503755,3;0,01499;7551,29;286,06;0;7837,36
028;011;202607;202607;88455009;0; GS8V;N;90;578,3;0,01499;8,67;0,33;0;9
028;011;202607;202606;8521100H;0; GS8V;R;22;83,1;0,01049;0,87;0,03;0;0,9
028;011;202607;202606;88211006;0; GS8V;R;3;3,8;0,01049;0,04;0;0;0,04
028;011;202607;202607;85001010;0; GS8V;R;3;5,7;0,01049;0,06;0;0;0,06
028;011;202607;202607;8521100H;0; GS8V;R;35874;139125,7;0,01049;1459,43;55,29;0;1514,72
028;011;202607;202607;85455008;0; GS8V;R;3;17,3;0,01049;0,18;0,01;0;0,19
028;011;202607;202607;88211006;0; GS8V;R;11725;53466,7;0,01049;560,87;21,25;0;582,11
028;011;202607;202607;88455009;0; GS8V;R;8;24,9;0,01049;0,26;0,01;0;0,27
028;011;202607;202606;8521100H;0; NENV;N;1;0,5;0,01499;0,01;0;0;0,01
028;011;202607;202606;85455008;0; NENV;N;19;9,5;0,01499;0,14;0,01;0;0,15
028;011;202607;202606;88211006;0; NENV;N;22;11;0,01499;0,16;0,01;0;0,17
028;011;202607;202606;88455009;0; NENV;N;5;2,5;0,01499;0,04;0;0;0,04
028;011;202607;202607;8521100H;0; NENV;N;1921;1638,5;0,01499;24,56;0,93;0;25,49
028;011;202607;202607;85455008;0; NENV;N;2185642;1181167,6;0,01499;17705,7;670,74;0;18376,44
028;011;202607;202607;88211006;0; NENV;N;842417;434622,9;0,01499;6515;246,81;0;6761,8
028;011;202607;202607;88455009;0; NENV;N;19135;44693,7;0,01499;669,96;25,38;0;695,34
028;011;202607;202606;8521100H;0; NENV;R;1;0,5;0,01049;0,01;0;0;0,01
028;011;202607;202606;85455008;0; NENV;R;6;3;0,01049;0,03;0;0;0,03
028;011;202607;202606;88455009;0; NENV;R;1;0,5;0,01049;0,01;0;0;0,01
028;011;202607;202607;8521100H;0; NENV;R;127;78,1;0,01049;0,82;0,03;0;0,85
028;011;202607;202607;85455008;0; NENV;R;5019;20384,5;0,01049;213,83;8,1;0;221,93
028;011;202607;202607;88211006;0; NENV;R;858;2670,7;0,01049;28,02;1,06;0;29,08
028;011;202607;202607;88455009;0; NENV;R;1780;16725,4;0,01049;175,45;6,65;0;182,1
028;011;202607;202607;8521100H;0; NSAV;N;1;0,6;0,01499;0,01;0;0;0,01
029;011;202607;202607;86001009;0; GS8V;N;52;411,3;0,01499;6,17;0,23;0;6,4
029;011;202607;202607;8600100C;0; GS8V;N;5;20,5;0,01499;0,31;0,01;0;0,32
029;011;202607;202607;89001006;0; GS8V;N;3;17,1;0,01499;0,26;0,01;0;0,27
029;011;202607;202607;86001009;0; GS8V;R;3;37,5;0,01049;0,39;0,01;0;0,41
029;011;202607;202607;8600100C;0; GS8V;R;1;9,3;0,01049;0,1;0;0;0,1
029;011;202607;202607;8900100C;0; GS8V;R;1;1,4;0,01049;0,01;0;0;0,02
029;011;202607;202606;86456001;0; NENV;N;4;2;0,01499;0,03;0;0;0,03
029;011;202607;202606;86456002;0; NENV;N;4;2;0,01499;0,03;0;0;0,03
029;011;202607;202606;86456004;0; NENV;N;1;0,5;0,01499;0,01;0;0;0,01
029;011;202607;202606;89456004;0; NENV;N;16;8,2;0,01499;0,12;0;0;0,13
029;011;202607;202607;86211005;0; NENV;N;1646;994;0,01499;14,9;0,56;0;15,46
029;011;202607;202607;86456001;0; NENV;N;9;6,2;0,01499;0,09;0;0;0,1
029;011;202607;202607;86456002;0; NENV;N;8;6;0,01499;0,09;0;0;0,09
029;011;202607;202607;86456004;0; NENV;N;2228849;1185260,2;0,01499;17767,05;673,06;0;18440,11
029;011;202607;202607;89211008;0; NENV;N;503;318,3;0,01499;4,77;0,18;0;4,95
029;011;202607;202607;89456004;0; NENV;N;1245218;676952,4;0,01499;10147,52;384,42;0;10531,93
029;011;202607;202607;86211005;0; NENV;R;145;79,9;0,01049;0,84;0,03;0;0,87
029;011;202607;202607;86456004;0; NENV;R;3443;25433,9;0,01049;266,8;10,11;0;276,91
029;011;202607;202607;89211008;0; NENV;R;80;40,8;0,01049;0,43;0,02;0;0,44
029;011;202607;202607;89456004;0; NENV;R;2168;22765,1;0,01049;238,81;9,05;0;247,85
032;011;202607;202607;8400100D;0; GS8V;N;36;224,8;0,01499;3,37;0,13;0;3,5
032;011;202607;202607;8400100I;0; GS8V;N;2;6,4;0,01499;0,1;0;0;0,1
032;011;202607;202607;8400100D;0; GS8V;R;2;4,1;0,01049;0,04;0;0;0,04
032;011;202607;202606;84454006;0; NENV;N;9;4,5;0,01499;0,07;0;0;0,07
032;011;202607;202607;84211006;0; NENV;N;1265;931;0,01499;13,96;0,53;0;14,48
032;011;202607;202607;84454006;0; NENV;N;1468871;787372,5;0,01499;11802,71;447,12;0;12249,83
032;011;202607;202606;84454006;0; NENV;R;1;0,7;0,01049;0,01;0;0;0,01
032;011;202607;202607;84211006;0; NENV;R;78;39,7;0,01049;0,42;0,02;0;0,43
032;011;202607;202607;84454006;0; NENV;R;2524;20281,6;0,01049;212,75;8,06;0;220,81
054;011;202607;202607;6706700E;0; GS8V;N;22;169;0,01686;2,85;0,11;0;2,96
054;011;202607;202607;6706700G;0; GS8V;N;28;246,5;0,01686;4,16;0,16;0;4,31
054;011;202607;202607;6706700E;0; GS8V;R;1;0,5;0,0118;0,01;0;0;0,01
054;011;202607;202606;67066003;0; NENV;N;16;9,3;0,01686;0,16;0,01;0;0,16
054;011;202607;202607;67066003;0; NENV;N;26;18,2;0,01686;0,31;0,01;0;0,32
054;011;202607;202607;67066004;0; NENV;N;5236502;2814756;0,01686;47456,79;1797,79;0;49254,58
054;011;202607;202607;67066006;0; NENV;N;56918;28641;0,01686;482,89;18,29;0;501,18
054;011;202607;202607;67211003;0; NENV;N;55081;45698,7;0,01686;770,48;29,19;0;799,67
054;011;202607;202607;67066004;0; NENV;R;7716;47192,1;0,0118;556,87;21,1;0;577,96
054;011;202607;202607;67211003;0; NENV;R;1539;2110,5;0,0118;24,9;0,94;0;25,85
057;011;202607;202607;6500100V;0; GS8V;N;3495;30169,3;0,01686;508,65;19,27;0;527,92
057;011;202607;202607;6506500C;0; GS8V;N;26;141,1;0,01686;2,38;0,09;0;2,47
057;011;202607;202607;6506500G;0; GS8V;N;16;174;0,01686;2,93;0,11;0;3,04
057;011;202607;202607;6506500M;0; GS8V;N;22;227,7;0,01686;3,84;0,15;0;3,98
057;011;202607;202607;65211005;0; GS8V;N;693;4275,2;0,01686;72,08;2,73;0;74,81
057;011;202607;202607;65211008;0; GS8V;N;14892;78392,1;0,01686;1321,69;50,07;0;1371,76
057;011;202607;202607;6600100Q;0; GS8V;N;2187;18331;0,01686;309,06;11,71;0;320,77
057;011;202607;202607;6606500E;0; GS8V;N;15;125,7;0,01686;2,12;0,08;0;2,2
057;011;202607;202607;6606500F;0; GS8V;N;14;150,4;0,01686;2,54;0,1;0;2,63
057;011;202607;202607;6606500G;0; GS8V;N;20;77;0,01686;1,3;0,05;0;1,35
057;011;202607;202607;66211006;0; GS8V;N;6911;45058,2;0,01686;759,68;28,78;0;788,46
057;011;202607;202607;66211009;0; GS8V;N;1244;9330,6;0,01686;157,31;5,96;0;163,27
057;011;202607;202607;6500100V;0; GS8V;R;401;3174,1;0,0118;37,45;1,42;0;38,87
057;011;202607;202607;65211005;0; GS8V;R;69;198,5;0,0118;2,34;0,09;0;2,43
057;011;202607;202607;65211008;0; GS8V;R;4202;6713,4;0,0118;79,22;3;0;82,22
057;011;202607;202607;6600100P;0; GS8V;R;1;0,5;0,0118;0,01;0;0;0,01
057;011;202607;202607;6600100Q;0; GS8V;R;212;1611,9;0,0118;19,02;0,72;0;19,74
057;011;202607;202607;6606500G;0; GS8V;R;1;0,5;0,0118;0,01;0;0;0,01
057;011;202607;202607;66211006;0; GS8V;R;1446;3341,6;0,0118;39,43;1,49;0;40,92
057;011;202607;202607;66211009;0; GS8V;R;79;334,6;0,0118;3,95;0,15;0;4,1
057;011;202607;202606;6506400G;0; NENV;N;14;10,7;0,01686;0,18;0,01;0;0,19
057;011;202607;202606;6506400H;0; NENV;N;12;6;0,01686;0,1;0;0;0,1
057;011;202607;202606;6506400J;0; NENV;N;1;0,5;0,01686;0,01;0;0;0,01
057;011;202607;202606;66064008;0; NENV;N;20;10,1;0,01686;0,17;0,01;0;0,18
057;011;202607;202606;6606400A;0; NENV;N;2;1;0,01686;0,02;0;0;0,02
057;011;202607;202606;6606400B;0; NENV;N;11;8,2;0,01686;0,14;0,01;0;0,14
057;011;202607;202607;6506400C;0; NENV;N;6980922;3603206,2;0,01686;60750,06;2301,38;0;63051,43
057;011;202607;202607;6506400G;0; NENV;N;41;40,8;0,01686;0,69;0,03;0;0,71
057;011;202607;202607;6506400H;0; NENV;N;23;11,6;0,01686;0,2;0,01;0;0,2
057;011;202607;202607;6506500C;0; NENV;N;8;4,4;0,01686;0,07;0;0;0,08
057;011;202607;202607;6506500F;0; NENV;N;6;3,1;0,01686;0,05;0;0;0,05
057;011;202607;202607;6506500I;0; NENV;N;4;2;0,01686;0,03;0;0;0,03
057;011;202607;202607;6506500L;0; NENV;N;6;3;0,01686;0,05;0;0;0,05
057;011;202607;202607;65211006;0; NENV;N;88387;51457;0,01686;867,57;32,87;0;900,43
057;011;202607;202607;65211008;0; NENV;N;146636;83481,2;0,01686;1407,49;53,32;0;1460,81
057;011;202607;202607;66064004;0; NENV;N;220399;113251,3;0,01686;1909,42;72,33;0;1981,75
057;011;202607;202607;66064008;0; NENV;N;34;17,1;0,01686;0,29;0,01;0;0,3
057;011;202607;202607;6606400A;0; NENV;N;96583;48868,6;0,01686;823,92;31,21;0;855,14
057;011;202607;202607;6606400B;0; NENV;N;385194;194884,3;0,01686;3285,75;124,47;0;3410,22
057;011;202607;202607;66211006;0; NENV;N;1039;602,2;0,01686;10,15;0,38;0;10,54
057;011;202607;202607;66211008;0; NENV;N;552;349,2;0,01686;5,89;0,22;0;6,11
057;011;202607;202607;6506400C;0; NENV;R;4278;24342,4;0,0118;287,24;10,88;0;298,12
057;011;202607;202607;65211006;0; NENV;R;677;543,7;0,0118;6,42;0,24;0;6,66
057;011;202607;202607;65211008;0; NENV;R;1121;933,2;0,0118;11,01;0,42;0;11,43
057;011;202607;202607;66064004;0; NENV;R;183;330,8;0,0118;3,9;0,15;0;4,05
057;011;202607;202607;6606400A;0; NENV;R;10;13,8;0,0118;0,16;0,01;0;0,17
057;011;202607;202607;6606400B;0; NENV;R;58;86,9;0,0118;1,03;0,04;0;1,06
057;011;202607;202607;66211006;0; NENV;R;107;56,1;0,0118;0,66;0,03;0;0,69
057;011;202607;202607;66211008;0; NENV;R;53;29,4;0,0118;0,35;0,01;0;0,36
058;011;202607;202607;6900100G;0; GS8V;N;12;76;0,01686;1,28;0,05;0;1,33
058;011;202607;202607;69094009;0; GS8V;N;12;103,8;0,01686;1,75;0,07;0;1,82
058;011;202607;202607;6909400B;0; GS8V;N;9;38,9;0,01686;0,66;0,02;0;0,68
058;011;202607;202606;6900400A;0; NENV;N;47;24,4;0,01686;0,41;0,02;0;0,43
058;011;202607;202606;69211004;0; NENV;N;1;0,5;0,01686;0,01;0;0;0,01
058;011;202607;202607;69004005;0; NENV;N;200955;102382;0,01686;1726,16;65,39;0;1791,55
058;011;202607;202607;69004006;0; NENV;N;3739649;1908476,1;0,01686;32176,91;1218,95;0;33395,86
058;011;202607;202607;6900400A;0; NENV;N;65;32,8;0,01686;0,55;0,02;0;0,57
058;011;202607;202607;6909400B;0; NENV;N;1;0,5;0,01686;0,01;0;0;0,01
058;011;202607;202607;69211003;0; NENV;N;663343;355316,5;0,01686;5990,64;226,94;0;6217,58
058;011;202607;202607;69004005;0; NENV;R;0;2,3;0,0118;0,03;0;0;0,03
058;011;202607;202607;69004006;0; NENV;R;1813;6654,5;0,0118;78,52;2,97;0;81,5
058;011;202607;202607;69211003;0; NENV;R;2236;4079,7;0,0118;48,14;1,82;0;49,96
059;011;202607;202607;68093007;0; GS8V;N;2;12,1;0,01686;0,2;0,01;0;0,21
059;011;202607;202607;68093009;0; GS8V;N;3;20;0,01686;0,34;0,01;0;0,35
059;011;202607;202606;68003009;0; NENV;N;2;1;0,01686;0,02;0;0;0,02
059;011;202607;202607;68003009;0; NENV;N;2613641;1327596,6;0,01686;22383,28;847,94;0;23231,22
059;011;202607;202607;68211005;0; NENV;N;12387;9182,7;0,01686;154,82;5,87;0;160,69
059;011;202607;202607;68003009;0; NENV;R;3349;3963,2;0,0118;46,77;1,77;0;48,54
059;011;202607;202607;68211005;0; NENV;R;840;604,3;0,0118;7,13;0,27;0;7,4
063;011;202607;202607;6121101F;0; GS3V;N;624;4430,1;0,01686;74,69;2,83;0;77,52
063;011;202607;202607;6121101G;0; GS3V;N;4;51,2;0,01686;0,86;0,03;0;0,9
063;011;202607;202607;6121101K;0; GS3V;N;127;969,4;0,01686;16,34;0,62;0;16,96
063;011;202607;202607;6121101M;0; GS3V;N;4;49,3;0,01686;0,83;0,03;0;0,86
063;011;202607;202607;6121101O;0; GS3V;N;141;1080,1;0,01686;18,21;0,69;0;18,9
063;011;202607;202607;6121101F;0; GS3V;R;61;271,9;0,0118;3,21;0,12;0;3,33
063;011;202607;202607;6121101K;0; GS3V;R;9;38;0,0118;0,45;0,02;0;0,47
063;011;202607;202607;6121101O;0; GS3V;R;6;5,9;0,0118;0,07;0;0;0,07
063;011;202607;202607;6100103I;0; GS8V;N;5;18;0,01686;0,3;0,01;0;0,31
063;011;202607;202607;6100103K;0; GS8V;N;37;431,6;0,01686;7,28;0,28;0;7,55
063;011;202607;202607;6100103L;0; GS8V;N;117;937,5;0,01686;15,81;0,6;0;16,41
063;011;202607;202607;6121101F;0; GS8V;N;96947;551947,8;0,01686;9305,84;352,53;0;9658,37
063;011;202607;202607;6121101G;0; GS8V;N;575;3440;0,01686;58;2,2;0;60,2
063;011;202607;202607;6121101K;0; GS8V;N;8591;64778,9;0,01686;1092,17;41,37;0;1133,55
063;011;202607;202607;6121101M;0; GS8V;N;658;4680,6;0,01686;78,91;2,99;0;81,9
063;011;202607;202607;6121101O;0; GS8V;N;47340;258166,8;0,01686;4352,69;164,89;0;4517,58
063;011;202607;202607;6100103I;0; GS8V;R;3;9;0,0118;0,11;0;0;0,11
063;011;202607;202607;6100103K;0; GS8V;R;1;0,5;0,0118;0,01;0;0;0,01
063;011;202607;202607;6100103L;0; GS8V;R;1;22,8;0,0118;0,27;0,01;0;0,28
063;011;202607;202607;6121101F;0; GS8V;R;25257;47118,9;0,0118;556;21,06;0;577,07
063;011;202607;202607;6121101G;0; GS8V;R;72;269,8;0,0118;3,18;0,12;0;3,3
063;011;202607;202607;6121101K;0; GS8V;R;1422;4196;0,0118;49,51;1,88;0;51,39
063;011;202607;202607;6121101M;0; GS8V;R;83;271,3;0,0118;3,2;0,12;0;3,32
063;011;202607;202607;6121101O;0; GS8V;R;10764;27398,9;0,0118;323,31;12,25;0;335,55
063;011;202607;202606;61060010;0; NENV;N;16;8;0,01686;0,13;0,01;0;0,14
063;011;202607;202606;6106001E;0; NENV;N;3;1,5;0,01686;0,03;0;0;0,03
063;011;202607;202607;61060010;0; NENV;N;1769758;978839,7;0,01686;16503,24;625,19;0;17128,42
063;011;202607;202607;61060014;0; NENV;N;548560;304624;0,01686;5135,96;194,56;0;5330,52
063;011;202607;202607;6106001E;0; NENV;N;1842672;963840,3;0,01686;16250,35;615,61;0;16865,95
063;011;202607;202607;6106102J;0; NENV;N;1;0,5;0,01686;0,01;0;0;0,01
063;011;202607;202607;6121101E;0; NENV;N;1;3,6;0,01686;0,06;0;0;0,06
063;011;202607;202607;6121101F;0; NENV;N;8032;5096,9;0,01686;85,93;3,26;0;89,19
063;011;202607;202607;61060010;0; NENV;R;4261;23407,8;0,0118;276,21;10,46;0;286,68
063;011;202607;202607;61060014;0; NENV;R;1277;7938,6;0,0118;93,68;3,55;0;97,22
063;011;202607;202607;6106001E;0; NENV;R;1548;7834,2;0,0118;92,44;3,5;0;95,95
063;011;202607;202607;6121101F;0; NENV;R;198;113,7;0,0118;1,34;0,05;0;1,39
063;011;202607;202607;6121101O;0; NSAV;N;1;3,1;0,01686;0,05;0;0;0,05
063;011;202607;202607;6121101O;0; NSAV;R;1;1,4;0,0118;0,02;0;0;0,02
069;011;202607;202607;6300100V;0; GS8V;N;17;176,9;0,01686;2,98;0,11;0;3,1
069;011;202607;202607;6305500J;0; GS8V;N;19;122,2;0,01686;2,06;0,08;0;2,14
069;011;202607;202607;6305500N;0; GS8V;N;1;0,6;0,01686;0,01;0;0;0,01
069;011;202607;202607;6305500R;0; GS8V;N;18;113,7;0,01686;1,92;0,07;0;1,99
069;011;202607;202607;6300100V;0; GS8V;R;3;8,1;0,0118;0,1;0;0;0,1
069;011;202607;202606;6305600D;0; NENV;N;36;24,3;0,01686;0,41;0,02;0;0,43
069;011;202607;202607;6305600D;0; NENV;N;2815115;1468246,5;0,01686;24754,64;937,77;0;25692,41
069;011;202607;202607;6321100G;0; NENV;N;268853;149543,9;0,01686;2521,31;95,51;0;2616,82
069;011;202607;202607;6305600D;0; NENV;R;6139;15697,9;0,0118;185,24;7,02;0;192,25
069;011;202607;202607;6321100G;0; NENV;R;2443;2576,4;0,0118;30,4;1,15;0;31,55
077;011;202607;202607;6221100J;0; GS3V;N;3;12,8;0,01686;0,22;0,01;0;0,22
077;011;202607;202607;6221100P;0; GS3V;N;440;2193,6;0,01686;36,98;1,4;0;38,39
077;011;202607;202607;6221100R;0; GS3V;N;173;920;0,01686;15,51;0,59;0;16,1
077;011;202607;202607;6221100S;0; GS3V;N;3;5,9;0,01686;0,1;0;0;0,1
077;011;202607;202607;6421100C;0; GS3V;N;1;6,2;0,01686;0,1;0;0;0,11
077;011;202607;202607;6421100E;0; GS3V;N;86;703;0,01686;11,85;0,45;0;12,3
077;011;202607;202607;6421100H;0; GS3V;N;206;1007,6;0,01686;16,99;0,64;0;17,63
077;011;202607;202607;6421100I;0; GS3V;N;16;136;0,01686;2,29;0,09;0;2,38
077;011;202607;202607;6221100J;0; GS3V;R;1;15,3;0,0118;0,18;0,01;0;0,19
077;011;202607;202607;6221100P;0; GS3V;R;22;65,4;0,0118;0,77;0,03;0;0,8
077;011;202607;202607;6221100R;0; GS3V;R;10;57,6;0,0118;0,68;0,03;0;0,71
077;011;202607;202607;6221100S;0; GS3V;R;1;1,7;0,0118;0,02;0;0;0,02
077;011;202607;202607;6421100E;0; GS3V;R;10;79,8;0,0118;0,94;0,04;0;0,98
077;011;202607;202607;6421100H;0; GS3V;R;13;67;0,0118;0,79;0,03;0;0,82
077;011;202607;202607;6200101C;0; GS8V;N;8;49,9;0,01686;0,84;0,03;0;0,87
077;011;202607;202607;6200101D;0; GS8V;N;26;230,8;0,01686;3,89;0,15;0;4,04
077;011;202607;202607;6206200N;0; GS8V;N;40;306,7;0,01686;5,17;0,2;0;5,37
077;011;202607;202607;6206200Y;0; GS8V;N;45;398,8;0,01686;6,72;0,25;0;6,98
077;011;202607;202607;6221100I;0; GS8V;N;1239;7936,4;0,01686;133,81;5,07;0;138,88
077;011;202607;202607;6221100J;0; GS8V;N;2173;13281,9;0,01686;223,93;8,48;0;232,42
077;011;202607;202607;6221100P;0; GS8V;N;160216;939733,5;0,01686;15843,91;600,21;0;16444,12
077;011;202607;202607;6221100R;0; GS8V;N;15377;97709,6;0,01686;1647,38;62,41;0;1709,79
077;011;202607;202607;6221100S;0; GS8V;N;1398;9043,7;0,01686;152,48;5,78;0;158,25
077;011;202607;202607;64001010;0; GS8V;N;19;121,5;0,01686;2,05;0,08;0;2,13
077;011;202607;202607;64001012;0; GS8V;N;7;28,3;0,01686;0,48;0,02;0;0,5
077;011;202607;202607;6406200A;0; GS8V;N;10;64,4;0,01686;1,09;0,04;0;1,13
077;011;202607;202607;6406200G;0; GS8V;N;8;58;0,01686;0,98;0,04;0;1,01
077;011;202607;202607;6421100C;0; GS8V;N;663;3947,9;0,01686;66,56;2,52;0;69,08
077;011;202607;202607;6421100E;0; GS8V;N;16108;100566;0,01686;1695,54;64,23;0;1759,77
077;011;202607;202607;6421100H;0; GS8V;N;44893;257150,6;0,01686;4335,56;164,24;0;4499,8
077;011;202607;202607;6421100I;0; GS8V;N;594;3671,5;0,01686;61,9;2,34;0;64,25
077;011;202607;202607;6200101D;0; GS8V;R;2;1,2;0,0118;0,01;0;0;0,01
077;011;202607;202607;6221100I;0; GS8V;R;144;663;0,0118;7,82;0,3;0;8,12
077;011;202607;202607;6221100J;0; GS8V;R;192;911,5;0,0118;10,76;0,41;0;11,16
077;011;202607;202607;6221100P;0; GS8V;R;25375;108623,9;0,0118;1281,76;48,56;0;1330,32
077;011;202607;202607;6221100R;0; GS8V;R;2037;8008,9;0,0118;94,51;3,58;0;98,09
077;011;202607;202607;6221100S;0; GS8V;R;154;770,7;0,0118;9,09;0,34;0;9,44
077;011;202607;202607;64001010;0; GS8V;R;1;0,5;0,0118;0,01;0;0;0,01
077;011;202607;202607;6421100C;0; GS8V;R;129;507,9;0,0118;5,99;0,23;0;6,22
077;011;202607;202607;6421100E;0; GS8V;R;2054;7857,3;0,0118;92,72;3,51;0;96,23
077;011;202607;202607;6421100H;0; GS8V;R;7727;24739,4;0,0118;291,92;11,06;0;302,98
077;011;202607;202607;6421100I;0; GS8V;R;95;382,5;0,0118;4,51;0,17;0;4,68
077;011;202607;202606;6206800K;0; NENV;N;10;5,5;0,01686;0,09;0;0;0,1
077;011;202607;202606;6206800U;0; NENV;N;11;6;0,01686;0,1;0;0;0,1
077;011;202607;202606;6206800V;0; NENV;N;15;7,5;0,01686;0,13;0;0;0,13
077;011;202607;202606;6406800P;0; NENV;N;112;63;0,01686;1,06;0,04;0;1,1
077;011;202607;202606;6406800Q;0; NENV;N;103;51,5;0,01686;0,87;0,03;0;0,9
077;011;202607;202607;6206800K;0; NENV;N;46;26,9;0,01686;0,45;0,02;0;0,47
077;011;202607;202607;6206800O;0; NENV;N;3;1,5;0,01686;0,03;0;0;0,03
077;011;202607;202607;6206800S;0; NENV;N;173214;99900,1;0,01686;1684,32;63,81;0;1748,12
077;011;202607;202607;6206800U;0; NENV;N;752209;428691,9;0,01686;7227,75;273,81;0;7501,55
077;011;202607;202607;6206800V;0; NENV;N;915837;506454,4;0,01686;8538,82;323,47;0;8862,29
077;011;202607;202607;6206800X;0; NENV;N;4;2;0,01686;0,03;0;0;0,03
077;011;202607;202607;6221100N;0; NENV;N;216;324,4;0,01686;5,47;0,21;0;5,68
077;011;202607;202607;6221100P;0; NENV;N;323;494,1;0,01686;8,33;0,32;0;8,65
077;011;202607;202607;6221100R;0; NENV;N;258;384,7;0,01686;6,49;0,25;0;6,73
077;011;202607;202607;6406800P;0; NENV;N;765904;412095,6;0,01686;6947,93;263,21;0;7211,14
077;011;202607;202607;6406800Q;0; NENV;N;349;176,8;0,01686;2,98;0,11;0;3,09
077;011;202607;202607;6421100E;0; NENV;N;200;134;0,01686;2,26;0,09;0;2,34
077;011;202607;202607;6421100G;0; NENV;N;1;3,2;0,01686;0,05;0;0;0,06
077;011;202607;202607;6421100H;0; NENV;N;2060;1071,1;0,01686;18,06;0,68;0;18,74
077;011;202607;202606;6406800P;0; NENV;R;2;4,9;0,0118;0,06;0;0;0,06
077;011;202607;202606;6406800Q;0; NENV;R;1;0,5;0,0118;0,01;0;0;0,01
077;011;202607;202607;6206800S;0; NENV;R;809;3467,1;0,0118;40,91;1,55;0;42,46
077;011;202607;202607;6206800U;0; NENV;R;2470;17000,5;0,0118;200,61;7,6;0;208,21
077;011;202607;202607;6206800V;0; NENV;R;3453;11618,3;0,0118;137,1;5,19;0;142,29
077;011;202607;202607;6221100N;0; NENV;R;3;12,8;0,0118;0,15;0,01;0;0,16
077;011;202607;202607;6221100P;0; NENV;R;5;4,9;0,0118;0,06;0;0;0,06
077;011;202607;202607;6221100R;0; NENV;R;3;12,5;0,0118;0,15;0,01;0;0,15
077;011;202607;202607;6406800P;0; NENV;R;1339;8717,1;0,0118;102,86;3,9;0;106,76
077;011;202607;202607;6421100E;0; NENV;R;3;12,3;0,0118;0,15;0,01;0;0,15
077;011;202607;202607;6421100G;0; NENV;R;1;1;0,0118;0,01;0;0;0,01
077;011;202607;202607;6421100H;0; NSAV;N;2;9,5;0,01686;0,16;0,01;0;0,17
430;011;202607;202607;3121100R;0; GS3V;N;331;2043,9;0,01499;30,64;1,16;0;31,8
430;011;202607;202607;3121100V;0; GS3V;N;402;2459,9;0,01499;36,87;1,4;0;38,27
430;011;202607;202607;3121100X;0; GS3V;N;1007;5889,4;0,01499;88,28;3,34;0;91,63
430;011;202607;202607;3221100H;0; GS3V;N;172;611,1;0,01499;9,16;0,35;0;9,51
430;011;202607;202607;3221100M;0; GS3V;N;25;98,5;0,01499;1,48;0,06;0;1,53
430;011;202607;202607;3221100N;0; GS3V;N;32;117,8;0,01499;1,77;0,07;0;1,83
430;011;202607;202607;3321100K;0; GS3V;N;103;471,6;0,01499;7,07;0,27;0;7,34
430;011;202607;202607;3321100L;0; GS3V;N;3;8,9;0,01499;0,13;0,01;0;0,14
430;011;202607;202607;3321100P;0; GS3V;N;2;8,9;0,01499;0,13;0,01;0;0,14
430;011;202607;202607;3421100I;0; GS3V;N;140;549,2;0,01499;8,23;0,31;0;8,54
430;011;202607;202607;3421100O;0; GS3V;N;25;231,7;0,01499;3,47;0,13;0;3,6
430;011;202607;202607;3421100S;0; GS3V;N;33;253,1;0,01499;3,79;0,14;0;3,94
430;011;202607;202607;3521100F;0; GS3V;N;223;923,3;0,01499;13,84;0,52;0;14,36
430;011;202607;202607;3521100H;0; GS3V;N;28;121;0,01499;1,81;0,07;0;1,88
430;011;202607;202607;3521100O;0; GS3V;N;30;121,6;0,01499;1,82;0,07;0;1,89
430;011;202607;202607;3721100D;0; GS3V;N;53;220,5;0,01499;3,31;0,13;0;3,43
430;011;202607;202607;3721100K;0; GS3V;N;5;14,4;0,01499;0,22;0,01;0;0,22
430;011;202607;202607;3721100O;0; GS3V;N;3;42,8;0,01499;0,64;0,02;0;0,67
430;011;202607;202607;3821100K;0; GS3V;N;35;101;0,01499;1,51;0,06;0;1,57
430;011;202607;202607;3821100Q;0; GS3V;N;1;0,6;0,01499;0,01;0;0;0,01
430;011;202607;202607;3121100L;0; GS3V;R;1;4;0,01049;0,04;0;0;0,04
430;011;202607;202607;3121100R;0; GS3V;R;30;146,1;0,01049;1,53;0,06;0;1,59
430;011;202607;202607;3121100V;0; GS3V;R;37;143,1;0,01049;1,5;0,06;0;1,56
430;011;202607;202607;3121100X;0; GS3V;R;113;542,3;0,01049;5,69;0,22;0;5,9
430;011;202607;202607;3221100H;0; GS3V;R;20;96,9;0,01049;1,02;0,04;0;1,05
430;011;202607;202607;3221100M;0; GS3V;R;4;32,6;0,01049;0,34;0,01;0;0,35
430;011;202607;202607;3221100N;0; GS3V;R;2;10,4;0,01049;0,11;0;0;0,11
430;011;202607;202607;3321100K;0; GS3V;R;6;10,5;0,01049;0,11;0;0;0,11
430;011;202607;202607;3421100I;0; GS3V;R;7;20,4;0,01049;0,21;0,01;0;0,22
430;011;202607;202607;3421100O;0; GS3V;R;1;5,2;0,01049;0,05;0;0;0,06
430;011;202607;202607;3421100S;0; GS3V;R;1;9;0,01049;0,09;0;0;0,1
430;011;202607;202607;3521100F;0; GS3V;R;18;45,3;0,01049;0,48;0,02;0;0,49
430;011;202607;202607;3521100H;0; GS3V;R;1;2,3;0,01049;0,02;0;0;0,03
430;011;202607;202607;3521100O;0; GS3V;R;1;1,8;0,01049;0,02;0;0;0,02
430;011;202607;202607;3721100D;0; GS3V;R;2;7,9;0,01049;0,08;0;0;0,09
430;011;202607;202607;3721100K;0; GS3V;R;1;1,7;0,01049;0,02;0;0;0,02
430;011;202607;202607;3821100K;0; GS3V;R;2;7,2;0,01049;0,08;0;0;0,08
430;011;202607;202607;3100102F;0; GS8V;N;87;564,2;0,01499;8,46;0,32;0;8,78
430;011;202607;202607;3100102J;0; GS8V;N;11;128;0,01499;1,92;0,07;0;1,99
430;011;202607;202607;3100103B;0; GS8V;N;2;26,5;0,01499;0,4;0,02;0;0,41
430;011;202607;202607;3100103D;0; GS8V;N;18;130,4;0,01499;1,95;0,07;0;2,03
430;011;202607;202607;3100103U;0; GS8V;N;4;26,8;0,01499;0,4;0,02;0;0,42
430;011;202607;202607;3100103Z;0; GS8V;N;20;118,6;0,01499;1,78;0,07;0;1,85
430;011;202607;202607;31031023;0; GS8V;N;6;18,7;0,01499;0,28;0,01;0;0,29
430;011;202607;202607;31031025;0; GS8V;N;1;0,5;0,01499;0,01;0;0;0,01
430;011;202607;202607;31031029;0; GS8V;N;1;0,5;0,01499;0,01;0;0;0,01
430;011;202607;202607;3103102H;0; GS8V;N;1;0,5;0,01499;0,01;0;0;0,01
430;011;202607;202607;3103102T;0; GS8V;N;7;3,5;0,01499;0,05;0;0;0,05
430;011;202607;202607;3103102Y;0; GS8V;N;8;4;0,01499;0,06;0;0;0,06
430;011;202607;202607;3121100H;0; GS8V;N;124;907,8;0,01499;13,61;0,52;0;14,12
430;011;202607;202607;3121100L;0; GS8V;N;15;149,5;0,01499;2,24;0,08;0;2,33
430;011;202607;202607;3121100R;0; GS8V;N;8869;61855,8;0,01499;927,22;35,13;0;962,34
430;011;202607;202607;3121100V;0; GS8V;N;9479;64984,9;0,01499;974,12;36,9;0;1011,03
430;011;202607;202607;3121100X;0; GS8V;N;104753;619138,7;0,01499;9280,89;351,59;0;9632,47
430;011;202607;202607;3200100L;0; GS8V;N;4;8,6;0,01499;0,13;0;0;0,13
430;011;202607;202607;3200100Y;0; GS8V;N;3;24,1;0,01499;0,36;0,01;0;0,37
430;011;202607;202607;32001017;0; GS8V;N;21;200,3;0,01499;3;0,11;0;3,12
430;011;202607;202607;3200101R;0; GS8V;N;3;25;0,01499;0,37;0,01;0;0,39
430;011;202607;202607;3203100Z;0; GS8V;N;16;8;0,01499;0,12;0;0;0,12
430;011;202607;202607;32031013;0; GS8V;N;6;3;0,01499;0,04;0;0;0,05
430;011;202607;202607;3221100C;0; GS8V;N;3;31,7;0,01499;0,48;0,02;0;0,49
430;011;202607;202607;3221100G;0; GS8V;N;4;38,1;0,01499;0,57;0,02;0;0,59
430;011;202607;202607;3221100H;0; GS8V;N;13576;90716,8;0,01499;1359,84;51,51;0;1411,36
430;011;202607;202607;3221100M;0; GS8V;N;802;5778,2;0,01499;86,62;3,28;0;89,9
430;011;202607;202607;3221100N;0; GS8V;N;794;5671,3;0,01499;85,01;3,22;0;88,23
430;011;202607;202607;3303100G;0; GS8V;N;1;0,5;0,01499;0,01;0;0;0,01
430;011;202607;202607;3303100Z;0; GS8V;N;7;12,6;0,01499;0,19;0,01;0;0,2
430;011;202607;202607;33031013;0; GS8V;N;8;40,2;0,01499;0,6;0,02;0;0,63
430;011;202607;202607;3321100C;0; GS8V;N;1;4,4;0,01499;0,07;0;0;0,07
430;011;202607;202607;3321100G;0; GS8V;N;13;80,4;0,01499;1,21;0,05;0;1,25
430;011;202607;202607;3321100K;0; GS8V;N;16634;99254,1;0,01499;1487,82;56,36;0;1544,18
430;011;202607;202607;3321100L;0; GS8V;N;855;5592,3;0,01499;83,83;3,18;0;87
430;011;202607;202607;3321100P;0; GS8V;N;573;3915,3;0,01499;58,69;2,22;0;60,91
430;011;202607;202607;34001018;0; GS8V;N;2;2,1;0,01499;0,03;0;0;0,03
430;011;202607;202607;3400101L;0; GS8V;N;1;14,2;0,01499;0,21;0,01;0;0,22
430;011;202607;202607;34001022;0; GS8V;N;11;98,2;0,01499;1,47;0,06;0;1,53
430;011;202607;202607;3403100H;0; GS8V;N;2;31,8;0,01499;0,48;0,02;0;0,49
430;011;202607;202607;3403100K;0; GS8V;N;4;25;0,01499;0,37;0,01;0;0,39
430;011;202607;202607;3403100Q;0; GS8V;N;3;35,6;0,01499;0,53;0,02;0;0,55
430;011;202607;202607;34031013;0; GS8V;N;9;92,2;0,01499;1,38;0,05;0;1,43
430;011;202607;202607;3421100A;0; GS8V;N;2;10,8;0,01499;0,16;0,01;0;0,17
430;011;202607;202607;3421100G;0; GS8V;N;20;119,6;0,01499;1,79;0,07;0;1,86
430;011;202607;202607;3421100I;0; GS8V;N;18520;105640,2;0,01499;1583,55;59,99;0;1643,54
430;011;202607;202607;3421100O;0; GS8V;N;1331;9054,7;0,01499;135,73;5,14;0;140,87
430;011;202607;202607;3421100S;0; GS8V;N;1400;9231,4;0,01499;138,38;5,24;0;143,62
430;011;202607;202607;3500100S;0; GS8V;N;2;11,7;0,01499;0,18;0,01;0;0,18
430;011;202607;202607;3503100M;0; GS8V;N;27;100,9;0,01499;1,51;0,06;0;1,57
430;011;202607;202607;3503100P;0; GS8V;N;29;136,7;0,01499;2,05;0,08;0;2,13
430;011;202607;202607;35031011;0; GS8V;N;3;58,5;0,01499;0,88;0,03;0;0,91
430;011;202607;202607;35031015;0; GS8V;N;3;29,4;0,01499;0,44;0,02;0;0,46
430;011;202607;202607;3503101H;0; GS8V;N;2;1;0,01499;0,01;0;0;0,02
430;011;202607;202607;35211006;0; GS8V;N;21;141,5;0,01499;2,12;0,08;0;2,2
430;011;202607;202607;3521100F;0; GS8V;N;22809;126223,2;0,01499;1892,09;71,68;0;1963,76
430;011;202607;202607;3521100H;0; GS8V;N;1140;7001,2;0,01499;104,95;3,98;0;108,92
430;011;202607;202607;3521100O;0; GS8V;N;1041;7507,4;0,01499;112,54;4,26;0;116,8
430;011;202607;202607;3703100Q;0; GS8V;N;8;41,9;0,01499;0,63;0,02;0;0,65
430;011;202607;202607;3703100U;0; GS8V;N;7;28,6;0,01499;0,43;0,02;0;0,44
430;011;202607;202607;37031013;0; GS8V;N;1;15,7;0,01499;0,24;0,01;0;0,24
430;011;202607;202607;37211008;0; GS8V;N;2;5,4;0,01499;0,08;0;0;0,08
430;011;202607;202607;3721100D;0; GS8V;N;4785;27714,4;0,01499;415,44;15,74;0;431,18
430;011;202607;202607;3721100K;0; GS8V;N;277;1923,2;0,01499;28,83;1,09;0;29,92
430;011;202607;202607;3721100O;0; GS8V;N;295;2195,4;0,01499;32,91;1,25;0;34,16
430;011;202607;202607;3800101C;0; GS8V;N;1;1;0,01499;0,01;0;0;0,02
430;011;202607;202607;38001024;0; GS8V;N;1;15,3;0,01499;0,23;0,01;0;0,24
430;011;202607;202607;38031004;0; GS8V;N;5;7,1;0,01499;0,11;0;0;0,11
430;011;202607;202607;3803100Z;0; GS8V;N;5;3,7;0,01499;0,06;0;0;0,06
430;011;202607;202607;3821100G;0; GS8V;N;11;18,3;0,01499;0,27;0,01;0;0,28
430;011;202607;202607;3821100K;0; GS8V;N;10267;55862,7;0,01499;837,38;31,72;0;869,1
430;011;202607;202607;3821100O;0; GS8V;N;229;1143,4;0,01499;17,14;0,65;0;17,79
430;011;202607;202607;3821100Q;0; GS8V;N;377;2122,9;0,01499;31,82;1,21;0;33,03
430;011;202607;202607;3100102F;0; GS8V;R;2;1;0,01049;0,01;0;0;0,01
430;011;202607;202607;3100102J;0; GS8V;R;1;0,5;0,01049;0,01;0;0;0,01
430;011;202607;202607;3100103D;0; GS8V;R;2;1,6;0,01049;0,02;0;0;0,02
430;011;202607;202607;3100103Z;0; GS8V;R;1;0,7;0,01049;0,01;0;0;0,01
430;011;202607;202607;31031023;0; GS8V;R;1;8;0,01049;0,08;0;0;0,09
430;011;202607;202607;3121100H;0; GS8V;R;13;26,6;0,01049;0,28;0,01;0;0,29
430;011;202607;202607;3121100L;0; GS8V;R;1;0,5;0,01049;0,01;0;0;0,01
430;011;202607;202607;3121100R;0; GS8V;R;1506;4334,3;0,01049;45,47;1,72;0;47,19
430;011;202607;202607;3121100V;0; GS8V;R;1536;4903,8;0,01049;51,44;1,95;0;53,39
430;011;202607;202607;3121100X;0; GS8V;R;24874;52666,5;0,01049;552,47;20,93;0;573,4
430;011;202607;202607;3200100L;0; GS8V;R;2;2,1;0,01049;0,02;0;0;0,02
430;011;202607;202607;32001017;0; GS8V;R;1;0,9;0,01049;0,01;0;0;0,01
430;011;202607;202607;3203100S;0; GS8V;R;2;1;0,01049;0,01;0;0;0,01
430;011;202607;202607;3203100Z;0; GS8V;R;63;31,5;0,01049;0,33;0,01;0;0,34
430;011;202607;202607;32031013;0; GS8V;R;56;29,1;0,01049;0,31;0,01;0;0,32
430;011;202607;202607;3203101B;0; GS8V;R;1;0,5;0,01049;0,01;0;0;0,01
430;011;202607;202607;3221100H;0; GS8V;R;2741;7194,4;0,01049;75,47;2,86;0;78,33
430;011;202607;202607;3221100M;0; GS8V;R;164;692,5;0,01049;7,26;0,28;0;7,54
430;011;202607;202607;3221100N;0; GS8V;R;156;585,7;0,01049;6,14;0,23;0;6,38
430;011;202607;202607;3303100Z;0; GS8V;R;1;7,3;0,01049;0,08;0;0;0,08
430;011;202607;202607;3321100G;0; GS8V;R;1;0,8;0,01049;0,01;0;0;0,01
430;011;202607;202607;3321100K;0; GS8V;R;3824;9816,2;0,01049;102,97;3,9;0;106,87
430;011;202607;202607;3321100L;0; GS8V;R;141;586,6;0,01049;6,15;0,23;0;6,39
430;011;202607;202607;3321100P;0; GS8V;R;70;227,8;0,01049;2,39;0,09;0;2,48
430;011;202607;202607;3403100Q;0; GS8V;R;1;15,4;0,01049;0,16;0,01;0;0,17
430;011;202607;202607;34031013;0; GS8V;R;1;8,2;0,01049;0,09;0;0;0,09
430;011;202607;202607;3421100G;0; GS8V;R;2;1,5;0,01049;0,02;0;0;0,02
430;011;202607;202607;3421100I;0; GS8V;R;3861;8342,1;0,01049;87,51;3,32;0;90,82
430;011;202607;202607;3421100O;0; GS8V;R;262;489,3;0,01049;5,13;0,19;0;5,33
430;011;202607;202607;3421100S;0; GS8V;R;263;534,4;0,01049;5,61;0,21;0;5,82
430;011;202607;202607;3500101J;0; GS8V;R;1;0,5;0,01049;0,01;0;0;0,01
430;011;202607;202607;35001020;0; GS8V;R;1;0,5;0,01049;0,01;0;0;0,01
430;011;202607;202607;3503100M;0; GS8V;R;10;5;0,01049;0,05;0;0;0,05
430;011;202607;202607;3503100P;0; GS8V;R;11;5,5;0,01049;0,06;0;0;0,06
430;011;202607;202607;35211006;0; GS8V;R;1;0,6;0,01049;0,01;0;0;0,01
430;011;202607;202607;3521100F;0; GS8V;R;3709;8401,9;0,01049;88,14;3,34;0;91,47
430;011;202607;202607;3521100H;0; GS8V;R;146;499,9;0,01049;5,24;0,2;0;5,44
430;011;202607;202607;3521100O;0; GS8V;R;127;506,2;0,01049;5,31;0,2;0;5,51
430;011;202607;202607;3703100Q;0; GS8V;R;1;0,5;0,01049;0,01;0;0;0,01
430;011;202607;202607;3703100U;0; GS8V;R;1;0,5;0,01049;0,01;0;0;0,01
430;011;202607;202607;3721100D;0; GS8V;R;1240;2658,5;0,01049;27,89;1,06;0;28,94
430;011;202607;202607;3721100K;0; GS8V;R;57;174,3;0,01049;1,83;0,07;0;1,9
430;011;202607;202607;3721100O;0; GS8V;R;50;107,1;0,01049;1,12;0,04;0;1,17
430;011;202607;202607;3821100G;0; GS8V;R;3;2,6;0,01049;0,03;0;0;0,03
430;011;202607;202607;3821100K;0; GS8V;R;3432;7422,7;0,01049;77,86;2,95;0;80,81
430;011;202607;202607;3821100O;0; GS8V;R;47;151,2;0,01049;1,59;0,06;0;1,65
430;011;202607;202607;3821100Q;0; GS8V;R;103;245,1;0,01049;2,57;0,1;0;2,67
430;011;202607;202606;3103001I;0; NENV;N;2;1;0,01499;0,01;0;0;0,02
430;011;202607;202606;3503000C;0; NENV;N;30;19,2;0,01499;0,29;0,01;0;0,3
430;011;202607;202607;3103000R;0; NENV;N;3713776;1873769,6;0,01499;28087,81;1064,04;0;29151,85
430;011;202607;202607;3103000V;0; NENV;N;3691262;1863316,1;0,01499;27931,11;1058,11;0;28989,21
430;011;202607;202607;31030010;0; NENV;N;3713698;1873953,9;0,01499;28090,57;1064,15;0;29154,72
430;011;202607;202607;3103001I;0; NENV;N;518431;270369,5;0,01499;4052,84;153,53;0;4206,37
430;011;202607;202607;3103001N;0; NENV;N;521783;271516,8;0,01499;4070,04;154,18;0;4224,22
430;011;202607;202607;3103001R;0; NENV;N;517648;271163,6;0,01499;4064,74;153,98;0;4218,73
430;011;202607;202607;31031024;0; NENV;N;1;0,5;0,01499;0,01;0;0;0,01
430;011;202607;202607;31031028;0; NENV;N;2;1;0,01499;0,01;0;0;0,02
430;011;202607;202607;3103102G;0; NENV;N;2;1;0,01499;0,01;0;0;0,02
430;011;202607;202607;3103102K;0; NENV;N;2;1;0,01499;0,01;0;0;0,02
430;011;202607;202607;3103102S;0; NENV;N;2;1;0,01499;0,01;0;0;0,02
430;011;202607;202607;31031031;0; NENV;N;1;0,5;0,01499;0,01;0;0;0,01
430;011;202607;202607;3121100S;0; NENV;N;23882;28430,1;0,01499;426,17;16,14;0;442,31
430;011;202607;202607;3121100Y;0; NENV;N;24659;29314,8;0,01499;439,43;16,65;0;456,08
430;011;202607;202607;31211011;0; NENV;N;24583;29096,7;0,01499;436,16;16,52;0;452,68
430;011;202607;202607;32030007;0; NENV;N;4382652;2203079,7;0,01499;33024,16;1251,05;0;34275,21
430;011;202607;202607;32031012;0; NENV;N;1;0,5;0,01499;0,01;0;0;0,01
430;011;202607;202607;3221100K;0; NENV;N;10955;12071,3;0,01499;180,95;6,85;0;187,8
430;011;202607;202607;3303000D;0; NENV;N;3452769;1735797;0,01499;26019,6;985,69;0;27005,29
430;011;202607;202607;3321100F;0; NENV;N;15726;9518,2;0,01499;142,68;5,41;0;148,08
430;011;202607;202607;3321100H;0; NENV;N;14437;8762;0,01499;131,34;4,98;0;136,32
430;011;202607;202607;34030007;0; NENV;N;3446262;1732505,6;0,01499;25970,26;983,82;0;26954,08
430;011;202607;202607;3421100F;0; NENV;N;20296;12342,1;0,01499;185,01;7,01;0;192,02
430;011;202607;202607;3421100H;0; NENV;N;18773;11545,8;0,01499;173,07;6,56;0;179,63
430;011;202607;202607;3503000C;0; NENV;N;4982073;2536723,8;0,01499;38025,49;1440,51;0;39466
430;011;202607;202607;35211008;0; NENV;N;2044;3667,8;0,01499;54,98;2,08;0;57,06
430;011;202607;202607;3521100E;0; NENV;N;2051;3958,7;0,01499;59,34;2,25;0;61,59
430;011;202607;202607;37030009;0; NENV;N;1273175;640269,9;0,01499;9597,65;363,58;0;9961,23
430;011;202607;202607;3721100E;0; NENV;N;4642;6330,3;0,01499;94,89;3,59;0;98,49
430;011;202607;202607;3803000A;0; NENV;N;2246000;1142153,4;0,01499;17120,88;648,59;0;17769,46
430;011;202607;202607;3821100F;0; NENV;N;803;885,7;0,01499;13,28;0,5;0;13,78
430;011;202607;202607;3821100J;0; NENV;N;728;897,2;0,01499;13,45;0,51;0;13,96
430;011;202607;202607;3103000R;0; NENV;R;144;393,1;0,01049;4,12;0,16;0;4,28
430;011;202607;202607;3103000V;0; NENV;R;150;1063;0,01049;11,15;0,42;0;11,57
430;011;202607;202607;31030010;0; NENV;R;151;721,2;0,01049;7,57;0,29;0;7,85
430;011;202607;202607;3103001I;0; NENV;R;815;2428,3;0,01049;25,47;0,96;0;26,44
430;011;202607;202607;3103001N;0; NENV;R;808;3122,9;0,01049;32,76;1,24;0;34
430;011;202607;202607;3103001R;0; NENV;R;804;2568,4;0,01049;26,94;1,02;0;27,96
430;011;202607;202607;3121100S;0; NENV;R;1654;1879,4;0,01049;19,71;0,75;0;20,46
430;011;202607;202607;3121100Y;0; NENV;R;1563;1887,7;0,01049;19,8;0,75;0;20,55
430;011;202607;202607;31211011;0; NENV;R;1701;2100,4;0,01049;22,03;0,83;0;22,87
430;011;202607;202607;32030007;0; NENV;R;1;0,5;0,01049;0,01;0;0;0,01
430;011;202607;202607;3221100K;0; NENV;R;385;1070,9;0,01049;11,23;0,43;0;11,66
430;011;202607;202607;3303000D;0; NENV;R;11;21,6;0,01049;0,23;0,01;0;0,24
430;011;202607;202607;3321100F;0; NENV;R;852;624,8;0,01049;6,55;0,25;0;6,8
430;011;202607;202607;3321100H;0; NENV;R;716;467,1;0,01049;4,9;0,19;0;5,09
430;011;202607;202607;34030007;0; NENV;R;12;9,4;0,01049;0,1;0;0;0,1
430;011;202607;202607;3421100F;0; NENV;R;566;407,9;0,01049;4,28;0,16;0;4,44
430;011;202607;202607;3421100H;0; NENV;R;509;397,8;0,01049;4,17;0,16;0;4,33
430;011;202607;202607;3503000C;0; NENV;R;1830;8694;0,01049;91,2;3,45;0;94,65
430;011;202607;202607;35211008;0; NENV;R;80;146,4;0,01049;1,54;0,06;0;1,59
430;011;202607;202607;3521100E;0; NENV;R;73;196,8;0,01049;2,06;0,08;0;2,14
430;011;202607;202607;37030009;0; NENV;R;1;1,1;0,01049;0,01;0;0;0,01
430;011;202607;202607;3721100E;0; NENV;R;184;933,4;0,01049;9,79;0,37;0;10,16
430;011;202607;202607;3803000A;0; NENV;R;733;4239,3;0,01049;44,47;1,68;0;46,15
430;011;202607;202607;3821100F;0; NENV;R;36;56,3;0,01049;0,59;0,02;0;0,61
430;011;202607;202607;3821100J;0; NENV;R;28;26,2;0,01049;0,27;0,01;0;0,29
430;011;202607;202607;3121100X;0; NSAV;N;2;3;0,01499;0,04;0;0;0,05
430;011;202607;202607;3321100K;0; NSAV;N;2;4,8;0,01499;0,07;0;0;0,07
430;011;202607;202607;3521100F;0; NSAV;N;1;2,2;0,01499;0,03;0;0;0,03
430;011;202607;202607;3721100D;0; NSAV;N;3;3,9;0,01499;0,06;0;0;0,06
430;011;202607;202607;3521100F;0; NSAV;R;2;2,8;0,01049;0,03;0;0;0,03
441;011;202607;202607;4121100G;0; GS3V;N;261;1501,5;0,01686;25,32;0,96;0;26,27
441;011;202607;202607;4121100S;0; GS3V;N;233;1529,6;0,01686;25,79;0,98;0;26,77
441;011;202607;202607;4221100C;0; GS3V;N;37;176,9;0,01686;2,98;0,11;0;3,1
441;011;202607;202607;4221100G;0; GS3V;N;44;183,4;0,01686;3,09;0,12;0;3,21
441;011;202607;202607;4321100M;0; GS3V;N;111;402,4;0,01686;6,78;0,26;0;7,04
441;011;202607;202607;4321100Q;0; GS3V;N;110;507,8;0,01686;8,56;0,32;0;8,89
441;011;202607;202607;4421100M;0; GS3V;N;42;206,2;0,01686;3,48;0,13;0;3,61
441;011;202607;202607;4421100Q;0; GS3V;N;38;198,7;0,01686;3,35;0,13;0;3,48
441;011;202607;202607;4521100L;0; GS3V;N;39;187,7;0,01686;3,16;0,12;0;3,28
441;011;202607;202607;4521100P;0; GS3V;N;27;166,2;0,01686;2,8;0,11;0;2,91
441;011;202607;202607;4621100H;0; GS3V;N;13;48,8;0,01686;0,82;0,03;0;0,85
441;011;202607;202607;4621100L;0; GS3V;N;16;62,6;0,01686;1,06;0,04;0;1,1
441;011;202607;202607;4121100G;0; GS3V;R;19;73,8;0,0118;0,87;0,03;0;0,9
441;011;202607;202607;4121100S;0; GS3V;R;20;89,7;0,0118;1,06;0,04;0;1,1
441;011;202607;202607;4221100G;0; GS3V;R;4;21,9;0,0118;0,26;0,01;0;0,27
441;011;202607;202607;4321100M;0; GS3V;R;6;10,2;0,0118;0,12;0;0;0,12
441;011;202607;202607;4321100Q;0; GS3V;R;1;2,6;0,0118;0,03;0;0;0,03
441;011;202607;202607;4421100M;0; GS3V;R;3;23,1;0,0118;0,27;0,01;0;0,28
441;011;202607;202607;4421100Q;0; GS3V;R;1;15,7;0,0118;0,19;0,01;0;0,19
441;011;202607;202607;4521100L;0; GS3V;R;2;3,3;0,0118;0,04;0;0;0,04
441;011;202607;202607;4521100P;0; GS3V;R;3;11,2;0,0118;0,13;0,01;0;0,14
441;011;202607;202607;4621100H;0; GS3V;R;1;1,8;0,0118;0,02;0;0;0,02
441;011;202607;202607;4100100N;0; GS8V;N;2;13,2;0,01686;0,22;0,01;0;0,23
441;011;202607;202607;4100103B;0; GS8V;N;2;11;0,01686;0,19;0,01;0;0,19
441;011;202607;202607;4100103U;0; GS8V;N;22;173,1;0,01686;2,92;0,11;0;3,03
441;011;202607;202607;41001048;0; GS8V;N;28;213,5;0,01686;3,6;0,14;0;3,74
441;011;202607;202607;4100104A;0; GS8V;N;22;187,4;0,01686;3,16;0,12;0;3,28
441;011;202607;202607;4100104C;0; GS8V;N;17;110,8;0,01686;1,87;0,07;0;1,94
441;011;202607;202607;4121100A;0; GS8V;N;15;83,5;0,01686;1,41;0,05;0;1,46
441;011;202607;202607;4121100G;0; GS8V;N;41558;271387,5;0,01686;4575,59;173,34;0;4748,93
441;011;202607;202607;4121100I;0; GS8V;N;58;277;0,01686;4,67;0,18;0;4,85
441;011;202607;202607;4121100K;0; GS8V;N;13;72,3;0,01686;1,22;0,05;0;1,27
441;011;202607;202607;4121100S;0; GS8V;N;41748;271553,1;0,01686;4578,39;173,44;0;4751,83
441;011;202607;202607;4121100U;0; GS8V;N;73;276,7;0,01686;4,67;0,18;0;4,84
441;011;202607;202607;4200101C;0; GS8V;N;4;2,6;0,01686;0,04;0;0;0,05
441;011;202607;202607;4200101F;0; GS8V;N;6;96,5;0,01686;1,63;0,06;0;1,69
441;011;202607;202607;4200101M;0; GS8V;N;1;12,3;0,01686;0,21;0,01;0;0,22
441;011;202607;202607;4200101O;0; GS8V;N;1;11,7;0,01686;0,2;0,01;0;0,2
441;011;202607;202607;4221100C;0; GS8V;N;7031;43461,9;0,01686;732,77;27,76;0;760,53
441;011;202607;202607;4221100G;0; GS8V;N;7048;42788,8;0,01686;721,42;27,33;0;748,75
441;011;202607;202607;4300101K;0; GS8V;N;17;179,4;0,01686;3,02;0,11;0;3,14
441;011;202607;202607;4300101T;0; GS8V;N;2;50,8;0,01686;0,86;0,03;0;0,89
441;011;202607;202607;4300101V;0; GS8V;N;1;2,8;0,01686;0,05;0;0;0,05
441;011;202607;202607;43001024;0; GS8V;N;2;5,6;0,01686;0,09;0;0;0,1
441;011;202607;202607;4321100M;0; GS8V;N;16923;101880,5;0,01686;1717,71;65,07;0;1782,78
441;011;202607;202607;4321100Q;0; GS8V;N;16738;101495;0,01686;1711,21;64,83;0;1776,03
441;011;202607;202607;4400100P;0; GS8V;N;1;5,6;0,01686;0,09;0;0;0,1
441;011;202607;202607;4400101D;0; GS8V;N;36;214;0,01686;3,61;0,14;0;3,74
441;011;202607;202607;4400101P;0; GS8V;N;3;25,7;0,01686;0,43;0,02;0;0,45
441;011;202607;202607;4400101Y;0; GS8V;N;1;4;0,01686;0,07;0;0;0,07
441;011;202607;202607;4421100M;0; GS8V;N;11274;66627,8;0,01686;1123,34;42,56;0;1165,9
441;011;202607;202607;4421100Q;0; GS8V;N;11293;65832,7;0,01686;1109,94;42,05;0;1151,99
441;011;202607;202607;4500100T;0; GS8V;N;1;7,7;0,01686;0,13;0;0;0,13
441;011;202607;202607;4500101H;0; GS8V;N;4;77,2;0,01686;1,3;0,05;0;1,35
441;011;202607;202607;4500101P;0; GS8V;N;1;4,1;0,01686;0,07;0;0;0,07
441;011;202607;202607;4500101T;0; GS8V;N;1;0,5;0,01686;0,01;0;0;0,01
441;011;202607;202607;45001022;0; GS8V;N;5;33,6;0,01686;0,57;0,02;0;0,59
441;011;202607;202607;4521100L;0; GS8V;N;8748;52693,1;0,01686;888,41;33,66;0;922,06
441;011;202607;202607;4521100P;0; GS8V;N;8649;51197,7;0,01686;863,19;32,7;0;895,89
441;011;202607;202607;4600101N;0; GS8V;N;1;13,9;0,01686;0,23;0,01;0;0,24
441;011;202607;202607;4600101P;0; GS8V;N;1;0,5;0,01686;0,01;0;0;0,01
441;011;202607;202607;4621100H;0; GS8V;N;2026;12034,9;0,01686;202,91;7,69;0;210,6
441;011;202607;202607;4621100L;0; GS8V;N;2064;12776,6;0,01686;215,41;8,16;0;223,57
441;011;202607;202607;4100103U;0; GS8V;R;1;0,6;0,0118;0,01;0;0;0,01
441;011;202607;202607;4121100A;0; GS8V;R;1;0,5;0,0118;0,01;0;0;0,01
441;011;202607;202607;4121100G;0; GS8V;R;6726;19918,7;0,0118;235,04;8,9;0;243,94
441;011;202607;202607;4121100I;0; GS8V;R;30;124;0,0118;1,46;0,06;0;1,52
441;011;202607;202607;4121100K;0; GS8V;R;4;4,2;0,0118;0,05;0;0;0,05
441;011;202607;202607;4121100S;0; GS8V;R;6635;19412,8;0,0118;229,07;8,68;0;237,75
441;011;202607;202607;4121100U;0; GS8V;R;38;181,8;0,0118;2,15;0,08;0;2,23
441;011;202607;202607;4221100C;0; GS8V;R;1015;3711,9;0,0118;43,8;1,66;0;45,46
441;011;202607;202607;4221100G;0; GS8V;R;1027;3780,8;0,0118;44,61;1,69;0;46,3
441;011;202607;202607;4300101V;0; GS8V;R;1;0,5;0,0118;0,01;0;0;0,01
441;011;202607;202607;43001024;0; GS8V;R;1;0,5;0,0118;0,01;0;0;0,01
441;011;202607;202607;4321100M;0; GS8V;R;3210;8845;0,0118;104,37;3,95;0;108,32
441;011;202607;202607;4321100Q;0; GS8V;R;3208;9106;0,0118;107,45;4,07;0;111,52
441;011;202607;202607;4400101P;0; GS8V;R;1;1;0,0118;0,01;0;0;0,01
441;011;202607;202607;4400101Y;0; GS8V;R;1;4,5;0,0118;0,05;0;0;0,06
441;011;202607;202607;4421100M;0; GS8V;R;2338;7135,3;0,0118;84,2;3,19;0;87,39
441;011;202607;202607;4421100Q;0; GS8V;R;2175;6722,1;0,0118;79,32;3;0;82,33
441;011;202607;202607;4500101P;0; GS8V;R;2;1;0,0118;0,01;0;0;0,01
441;011;202607;202607;4521100L;0; GS8V;R;1732;4754,3;0,0118;56,1;2,13;0;58,23
441;011;202607;202607;4521100P;0; GS8V;R;1731;4746,6;0,0118;56,01;2,12;0;58,13
441;011;202607;202607;4621100H;0; GS8V;R;231;886,4;0,0118;10,46;0,4;0;10,86
441;011;202607;202607;4621100L;0; GS8V;R;225;966,6;0,0118;11,41;0,43;0;11,84
441;011;202607;202606;4204400B;0; NENV;N;1;2,6;0,01686;0,04;0;0;0,05
441;011;202607;202606;4604400J;0; NENV;N;5;2,5;0,01686;0,04;0;0;0,04
441;011;202607;202607;4104400I;0; NENV;N;1;9,8;0,01686;0,17;0,01;0;0,17
441;011;202607;202607;4104400J;0; NENV;N;1679725;901439,6;0,01686;15198,27;575,75;0;15774,02
441;011;202607;202607;41044010;0; NENV;N;607679;324041,6;0,01686;5463,34;206,97;0;5670,31
441;011;202607;202607;41211009;0; NENV;N;35;25,2;0,01686;0,42;0,02;0;0,44
441;011;202607;202607;4121100F;0; NENV;N;14513;17148,3;0,01686;289,12;10,95;0;300,07
441;011;202607;202607;4121100L;0; NENV;N;29;25,8;0,01686;0,43;0,02;0;0,45
441;011;202607;202607;4121100R;0; NENV;N;15307;18247,8;0,01686;307,66;11,65;0;319,31
441;011;202607;202607;42044009;0; NENV;N;4;2,8;0,01686;0,05;0;0;0,05
441;011;202607;202607;4204400B;0; NENV;N;4;2;0,01686;0,03;0;0;0,03
441;011;202607;202607;42211009;0; NENV;N;9;9,1;0,01686;0,15;0,01;0;0,16
441;011;202607;202607;4221100B;0; NENV;N;184153;103200;0,01686;1739,95;65,91;0;1805,87
441;011;202607;202607;4221100D;0; NENV;N;9;15;0,01686;0,25;0,01;0;0,26
441;011;202607;202607;4221100F;0; NENV;N;231948;126658,5;0,01686;2135,46;80,9;0;2216,36
441;011;202607;202607;4321100L;0; NENV;N;314938;219560,6;0,01686;3701,79;140,23;0;3842,03
441;011;202607;202607;4321100P;0; NENV;N;367149;244630,2;0,01686;4124,47;156,25;0;4280,71
441;011;202607;202607;4421100J;0; NENV;N;1;1,3;0,01686;0,02;0;0;0,02
441;011;202607;202607;4421100L;0; NENV;N;200341;130829,8;0,01686;2205,79;83,56;0;2289,35
441;011;202607;202607;4421100N;0; NENV;N;1;4;0,01686;0,07;0;0;0,07
441;011;202607;202607;4421100P;0; NENV;N;201170;133691;0,01686;2254,03;85,39;0;2339,42
441;011;202607;202607;4521100M;0; NENV;N;138835;77755,4;0,01686;1310,96;49,66;0;1360,62
441;011;202607;202607;4521100O;0; NENV;N;2;1,4;0,01686;0,02;0;0;0,02
441;011;202607;202607;4521100Q;0; NENV;N;137625;76898,1;0,01686;1296,5;49,12;0;1345,62
441;011;202607;202607;4521100S;0; NENV;N;1;1,5;0,01686;0,03;0;0;0,03
441;011;202607;202607;4604400J;0; NENV;N;3;16;0,01686;0,27;0,01;0;0,28
441;011;202607;202607;4621100I;0; NENV;N;54723;29369,4;0,01686;495,17;18,76;0;513,93
441;011;202607;202607;4621100M;0; NENV;N;54571;29425;0,01686;496,11;18,79;0;514,9
441;011;202607;202607;4104400J;0; NENV;R;2796;17294,8;0,0118;204,08;7,73;0;211,81
441;011;202607;202607;41044010;0; NENV;R;751;5352,1;0,0118;63,15;2,39;0;65,55
441;011;202607;202607;41211009;0; NENV;R;5;3,8;0,0118;0,04;0;0;0,05
441;011;202607;202607;4121100F;0; NENV;R;1135;1447,3;0,0118;17,08;0,65;0;17,73
441;011;202607;202607;4121100L;0; NENV;R;4;2;0,0118;0,02;0;0;0,02
441;011;202607;202607;4121100R;0; NENV;R;1184;1568,5;0,0118;18,51;0,7;0;19,21
441;011;202607;202607;4221100B;0; NENV;R;703;4420,1;0,0118;52,16;1,98;0;54,13
441;011;202607;202607;4221100F;0; NENV;R;696;2642,3;0,0118;31,18;1,18;0;32,36
441;011;202607;202607;4321100L;0; NENV;R;2533;18586,4;0,0118;219,32;8,31;0;227,63
441;011;202607;202607;4321100P;0; NENV;R;2495;18787,4;0,0118;221,69;8,4;0;230,09
441;011;202607;202607;4421100J;0; NENV;R;1;2,7;0,0118;0,03;0;0;0,03
441;011;202607;202607;4421100L;0; NENV;R;1231;9126,5;0,0118;107,69;4,08;0;111,77
441;011;202607;202607;4421100N;0; NENV;R;1;0,9;0,0118;0,01;0;0;0,01
441;011;202607;202607;4421100P;0; NENV;R;1231;9410,5;0,0118;111,04;4,21;0;115,25
441;011;202607;202607;4521100M;0; NENV;R;483;2528,9;0,0118;29,84;1,13;0;30,97
441;011;202607;202607;4521100O;0; NENV;R;1;0,5;0,0118;0,01;0;0;0,01
441;011;202607;202607;4521100Q;0; NENV;R;427;2656,5;0,0118;31,35;1,19;0;32,53
441;011;202607;202607;4521100S;0; NENV;R;1;3,4;0,0118;0,04;0;0;0,04
441;011;202607;202607;4621100I;0; NENV;R;127;762,6;0,0118;9;0,34;0;9,34
441;011;202607;202607;4621100K;0; NENV;R;1;3,4;0,0118;0,04;0;0;0,04
441;011;202607;202607;4621100M;0; NENV;R;144;945,6;0,0118;11,16;0,42;0;11,58
441;011;202607;202607;4321100M;0; NSAV;N;1;3,7;0,01686;0,06;0;0;0,06
441;011;202607;202607;4421100Q;0; NSAV;N;1;0,9;0,01686;0,02;0;0;0,02
441;011;202607;202607;4321100Q;0; NSAV;R;1;0,9;0,0118;0,01;0;0;0,01
441;011;202607;202607;4421100M;0; NSAV;R;1;22;0,0118;0,26;0,01;0;0,27
441;011;202607;202607;4421100Q;0; NSAV;R;1;13,5;0,0118;0,16;0,01;0;0,17
447;011;202607;202607;4721100Y;0; GS3V;N;197;1122,5;0,01686;18,93;0,72;0;19,64
447;011;202607;202607;4721101G;0; GS3V;N;152;983,3;0,01686;16,58;0,63;0;17,21
447;011;202607;202607;4821100X;0; GS3V;N;209;1403,5;0,01686;23,66;0,9;0;24,56
447;011;202607;202607;4821101F;0; GS3V;N;204;1257,9;0,01686;21,21;0,8;0;22,01
447;011;202607;202607;4921100C;0; GS3V;N;44;219,9;0,01686;3,71;0,14;0;3,85
447;011;202607;202607;4921100U;0; GS3V;N;45;189,3;0,01686;3,19;0,12;0;3,31
447;011;202607;202607;4721100Y;0; GS3V;R;16;63,2;0,0118;0,75;0,03;0;0,77
447;011;202607;202607;4721101G;0; GS3V;R;17;49,6;0,0118;0,59;0,02;0;0,61
447;011;202607;202607;4821100X;0; GS3V;R;13;71,2;0,0118;0,84;0,03;0;0,87
447;011;202607;202607;4821101F;0; GS3V;R;9;85;0,0118;1;0,04;0;1,04
447;011;202607;202607;4921100U;0; GS3V;R;2;2,1;0,0118;0,02;0;0;0,03
447;011;202607;202607;47001013;0; GS8V;N;2;1;0,01686;0,02;0;0;0,02
447;011;202607;202607;4700101Z;0; GS8V;N;20;226,7;0,01686;3,82;0,14;0;3,97
447;011;202607;202607;47001021;0; GS8V;N;7;37,6;0,01686;0,63;0,02;0;0,66
447;011;202607;202607;47001022;0; GS8V;N;18;195,2;0,01686;3,29;0,12;0;3,42
447;011;202607;202607;47001024;0; GS8V;N;13;150,8;0,01686;2,54;0,1;0;2,64
447;011;202607;202607;4700102C;0; GS8V;N;10;110,6;0,01686;1,86;0,07;0;1,94
447;011;202607;202607;4721100Y;0; GS8V;N;16928;106179,3;0,01686;1790,18;67,82;0;1858
447;011;202607;202607;4721101G;0; GS8V;N;17105;104722,8;0,01686;1765,63;66,89;0;1832,51
447;011;202607;202607;4800101Z;0; GS8V;N;23;211,2;0,01686;3,56;0,13;0;3,7
447;011;202607;202607;48001023;0; GS8V;N;11;95,2;0,01686;1,61;0,06;0;1,67
447;011;202607;202607;48001024;0; GS8V;N;9;47,2;0,01686;0,8;0,03;0;0,83
447;011;202607;202607;48001026;0; GS8V;N;11;86,4;0,01686;1,46;0,06;0;1,51
447;011;202607;202607;4800102E;0; GS8V;N;5;52,6;0,01686;0,89;0,03;0;0,92
447;011;202607;202607;4821100X;0; GS8V;N;17910;97468,6;0,01686;1643,32;62,25;0;1705,57
447;011;202607;202607;4821100Z;0; GS8V;N;2;16;0,01686;0,27;0,01;0;0,28
447;011;202607;202607;48211013;0; GS8V;N;4;20,8;0,01686;0,35;0,01;0;0,36
447;011;202607;202607;4821101F;0; GS8V;N;17834;98140,6;0,01686;1654,65;62,68;0;1717,33
447;011;202607;202607;4900101S;0; GS8V;N;6;53,9;0,01686;0,91;0,03;0;0,94
447;011;202607;202607;4900101V;0; GS8V;N;6;52;0,01686;0,88;0,03;0;0,91
447;011;202607;202607;4900101Y;0; GS8V;N;5;33,4;0,01686;0,56;0,02;0;0,58
447;011;202607;202607;4921100C;0; GS8V;N;5214;31866,6;0,01686;537,27;20,35;0;557,62
447;011;202607;202607;4921100U;0; GS8V;N;5123;30827,4;0,01686;519,75;19,69;0;539,44
447;011;202607;202607;47001022;0; GS8V;R;3;26,2;0,0118;0,31;0,01;0;0,32
447;011;202607;202607;47001024;0; GS8V;R;2;37,8;0,0118;0,45;0,02;0;0,46
447;011;202607;202607;4700102C;0; GS8V;R;1;2,3;0,0118;0,03;0;0;0,03
447;011;202607;202607;4721100Y;0; GS8V;R;3308;6879,4;0,0118;81,18;3,08;0;84,25
447;011;202607;202607;4721101G;0; GS8V;R;3386;7875,1;0,0118;92,93;3,52;0;96,45
447;011;202607;202607;4821100X;0; GS8V;R;6132;10532,7;0,0118;124,29;4,71;0;128,99
447;011;202607;202607;4821101F;0; GS8V;R;6161;10605,6;0,0118;125,15;4,74;0;129,89
447;011;202607;202607;4900101V;0; GS8V;R;1;24,2;0,0118;0,29;0,01;0;0,3
447;011;202607;202607;4900101Y;0; GS8V;R;1;6,9;0,0118;0,08;0;0;0,08
447;011;202607;202607;4921100C;0; GS8V;R;959;1819;0,0118;21,46;0,81;0;22,28
447;011;202607;202607;4921100U;0; GS8V;R;991;2018;0,0118;23,81;0,9;0;24,71
447;011;202607;202607;4721101D;0; NENV;N;8;11,6;0,01686;0,2;0,01;0;0,2
447;011;202607;202607;4721101F;0; NENV;N;701169;385166,5;0,01686;6493,91;246,01;0;6739,91
447;011;202607;202607;4721101H;0; NENV;N;10;17,1;0,01686;0,29;0,01;0;0,3
447;011;202607;202607;4721101J;0; NENV;N;701567;387386,7;0,01686;6531,34;247,42;0;6778,76
447;011;202607;202607;4821101C;0; NENV;N;2;6,9;0,01686;0,12;0;0;0,12
447;011;202607;202607;4821101E;0; NENV;N;399277;231719,8;0,01686;3906,8;148;0;4054,8
447;011;202607;202607;4821101G;0; NENV;N;2;1,8;0,01686;0,03;0;0;0,03
447;011;202607;202607;4821101I;0; NENV;N;399935;230012,4;0,01686;3878,01;146,91;0;4024,92
447;011;202607;202607;4921100R;0; NENV;N;17;25,4;0,01686;0,43;0,02;0;0,44
447;011;202607;202607;4921100T;0; NENV;N;291947;156118,8;0,01686;2632,16;99,71;0;2731,88
447;011;202607;202607;4921100V;0; NENV;N;26;52,4;0,01686;0,88;0,03;0;0,92
447;011;202607;202607;4921100Y;0; NENV;N;293301;157113,1;0,01686;2648,93;100,35;0;2749,28
447;011;202607;202607;4721101D;0; NENV;R;2;4,3;0,0118;0,05;0;0;0,05
447;011;202607;202607;4721101F;0; NENV;R;1880;6698,4;0,0118;79,04;2,99;0;82,04
447;011;202607;202607;4721101H;0; NENV;R;3;5;0,0118;0,06;0;0;0,06
447;011;202607;202607;4721101J;0; NENV;R;1859;6958,5;0,0118;82,11;3,11;0;85,22
447;011;202607;202607;4821101C;0; NENV;R;2;1,2;0,0118;0,01;0;0;0,01
447;011;202607;202607;4821101E;0; NENV;R;1403;6797,7;0,0118;80,21;3,04;0;83,25
447;011;202607;202607;4821101I;0; NENV;R;1345;7207,9;0,0118;85,05;3,22;0;88,28
447;011;202607;202607;4921100R;0; NENV;R;12;23,9;0,0118;0,28;0,01;0;0,29
447;011;202607;202607;4921100T;0; NENV;R;578;2250,9;0,0118;26,56;1,01;0;27,57
447;011;202607;202607;4921100V;0; NENV;R;17;34,1;0,0118;0,4;0,02;0;0,42
447;011;202607;202607;4921100Y;0; NENV;R;615;2136,3;0,0118;25,21;0,95;0;26,16
447;011;202607;202607;4721100Y;0; NSAV;N;1;15,2;0,01686;0,26;0,01;0;0,27
447;011;202607;202607;4921100C;0; NSAV;N;1;0,5;0,01686;0,01;0;0;0,01
447;011;202607;202607;4721100Y;0; NSAV;R;1;1,6;0,0118;0,02;0;0;0,02
447;011;202607;202607;4821101F;0; NSAV;R;1;3,5;0,0118;0,04;0;0;0,04
447;011;202607;202607;4921100U;0; NSAV;R;1;0,5;0,0118;0,01;0;0;0,01
471;011;202607;202607;7121100E;0; GS3V;N;85;383,3;0,01499;5,75;0,22;0;5,96
471;011;202607;202607;7121100I;0; GS3V;N;1;2,4;0,01499;0,04;0;0;0,04
471;011;202607;202607;7121100M;0; GS3V;N;248;1676,9;0,01499;25,14;0,95;0;26,09
471;011;202607;202607;7121100V;0; GS3V;N;2;17,9;0,01499;0,27;0,01;0;0,28
471;011;202607;202607;71211010;0; GS3V;N;146;855,2;0,01499;12,82;0,49;0;13,31
471;011;202607;202607;73211007;0; GS3V;N;16;76,6;0,01499;1,15;0,04;0;1,19
471;011;202607;202607;73211008;0; GS3V;N;12;59,6;0,01499;0,89;0,03;0;0,93
471;011;202607;202607;74211006;0; GS3V;N;3;3,5;0,01499;0,05;0;0;0,05
471;011;202607;202607;75211004;0; GS3V;N;153;632,9;0,01499;9,49;0,36;0;9,85
471;011;202607;202607;7521100C;0; GS3V;N;1;1,6;0,01499;0,02;0;0;0,02
471;011;202607;202607;77211007;0; GS3V;N;21;104,4;0,01499;1,56;0,06;0;1,62
471;011;202607;202607;77211008;0; GS3V;N;13;30,1;0,01499;0,45;0,02;0;0,47
471;011;202607;202607;7121100E;0; GS3V;R;21;40,4;0,01049;0,42;0,02;0;0,44
471;011;202607;202607;7121100M;0; GS3V;R;15;94,9;0,01049;1;0,04;0;1,03
471;011;202607;202607;71211010;0; GS3V;R;10;64,6;0,01049;0,68;0,03;0;0,7
471;011;202607;202607;73211007;0; GS3V;R;5;13,3;0,01049;0,14;0,01;0;0,14
471;011;202607;202607;73211008;0; GS3V;R;4;6,4;0,01049;0,07;0;0;0,07
471;011;202607;202607;74211006;0; GS3V;R;1;1,1;0,01049;0,01;0;0;0,01
471;011;202607;202607;75211004;0; GS3V;R;30;40,6;0,01049;0,43;0,02;0;0,44
471;011;202607;202607;77211008;0; GS3V;R;2;1,3;0,01049;0,01;0;0;0,01
471;011;202607;202607;7721100C;0; GS3V;R;1;1,1;0,01049;0,01;0;0;0,01
471;011;202607;202607;71001018;0; GS8V;N;2;23,1;0,01499;0,35;0,01;0;0,36
471;011;202607;202607;71001019;0; GS8V;N;21;192,2;0,01499;2,88;0,11;0;2,99
471;011;202607;202607;7100101I;0; GS8V;N;1521;11229;0,01499;168,32;6,38;0;174,7
471;011;202607;202607;7100101O;0; GS8V;N;5077;45225,6;0,01499;677,93;25,68;0;703,61
471;011;202607;202607;7100101X;0; GS8V;N;4;14,3;0,01499;0,21;0,01;0;0,22
471;011;202607;202607;7100101Y;0; GS8V;N;5112;44321,8;0,01499;664,38;25,17;0;689,55
471;011;202607;202607;7121100C;0; GS8V;N;8;70,3;0,01499;1,05;0,04;0;1,09
471;011;202607;202607;7121100E;0; GS8V;N;12761;72255,3;0,01499;1083,11;41,03;0;1124,14
471;011;202607;202607;7121100I;0; GS8V;N;232;1373,1;0,01499;20,58;0,78;0;21,36
471;011;202607;202607;7121100M;0; GS8V;N;19304;131497,9;0,01499;1971,15;74,67;0;2045,83
471;011;202607;202607;7121100Q;0; GS8V;N;13;112,5;0,01499;1,69;0,06;0;1,75
471;011;202607;202607;7121100V;0; GS8V;N;253;1860,9;0,01499;27,89;1,06;0;28,95
471;011;202607;202607;71211010;0; GS8V;N;6264;45157,1;0,01499;676,9;25,64;0;702,55
471;011;202607;202607;7300100N;0; GS8V;N;29;155,2;0,01499;2,33;0,09;0;2,41
471;011;202607;202607;7300100S;0; GS8V;N;1;0,5;0,01499;0,01;0;0;0,01
471;011;202607;202607;7300100Y;0; GS8V;N;1284;10117,9;0,01499;151,67;5,75;0;157,41
471;011;202607;202607;73001010;0; GS8V;N;1270;10993,3;0,01499;164,79;6,24;0;171,03
471;011;202607;202607;73001011;0; GS8V;N;2;36;0,01499;0,54;0,02;0;0,56
471;011;202607;202607;7307000P;0; GS8V;N;1554;10144,1;0,01499;152,06;5,76;0;157,82
471;011;202607;202607;73211007;0; GS8V;N;4644;32363,3;0,01499;485,13;18,38;0;503,5
471;011;202607;202607;73211008;0; GS8V;N;4061;25439,9;0,01499;381,34;14,45;0;395,79
471;011;202607;202607;7400100T;0; GS8V;N;3;34,3;0,01499;0,51;0,02;0;0,53
471;011;202607;202607;74001013;0; GS8V;N;580;5855,4;0,01499;87,77;3,33;0;91,1
471;011;202607;202607;7400101B;0; GS8V;N;562;5319,9;0,01499;79,75;3,02;0;82,77
471;011;202607;202607;74211001;0; GS8V;N;201;998,4;0,01499;14,97;0,57;0;15,53
471;011;202607;202607;74211004;0; GS8V;N;1086;5403,4;0,01499;81;3,07;0;84,07
471;011;202607;202607;74211006;0; GS8V;N;6226;44414;0,01499;665,77;25,22;0;690,99
471;011;202607;202607;7500101T;0; GS8V;N;4;39,3;0,01499;0,59;0,02;0;0,61
471;011;202607;202607;7500102C;0; GS8V;N;110;883,7;0,01499;13,25;0,5;0;13,75
471;011;202607;202607;7500102H;0; GS8V;N;8;42,2;0,01499;0,63;0,02;0;0,66
471;011;202607;202607;7500102I;0; GS8V;N;130;1081,2;0,01499;16,21;0,61;0;16,82
471;011;202607;202607;75211004;0; GS8V;N;36945;223772;0,01499;3354,34;127,07;0;3481,41
471;011;202607;202607;75211008;0; GS8V;N;137;1089,5;0,01499;16,33;0,62;0;16,95
471;011;202607;202607;7521100C;0; GS8V;N;108;711,8;0,01499;10,67;0,4;0;11,07
471;011;202607;202607;7521100D;0; GS8V;N;104;551,6;0,01499;8,27;0,31;0;8,58
471;011;202607;202607;77001012;0; GS8V;N;1;0,5;0,01499;0,01;0;0;0,01
471;011;202607;202607;7700101O;0; GS8V;N;1667;11324,8;0,01499;169,76;6,43;0;176,19
471;011;202607;202607;7700101Q;0; GS8V;N;2;48,3;0,01499;0,72;0,03;0;0,75
471;011;202607;202607;7700101R;0; GS8V;N;1667;12049,3;0,01499;180,62;6,84;0;187,46
471;011;202607;202607;7707000O;0; GS8V;N;2;12,7;0,01499;0,19;0,01;0;0,2
471;011;202607;202607;7707000Z;0; GS8V;N;2;8,4;0,01499;0,13;0;0;0,13
471;011;202607;202607;77211007;0; GS8V;N;1380;9813,7;0,01499;147,11;5,57;0;152,68
471;011;202607;202607;77211008;0; GS8V;N;580;4270,8;0,01499;64,02;2,43;0;66,44
471;011;202607;202607;7721100C;0; GS8V;N;2810;19619,3;0,01499;294,09;11,14;0;305,23
471;011;202607;202607;71001019;0; GS8V;R;2;12,2;0,01049;0,13;0;0;0,13
471;011;202607;202607;7100101I;0; GS8V;R;201;694,6;0,01049;7,29;0,28;0;7,56
471;011;202607;202607;7100101O;0; GS8V;R;740;6871,7;0,01049;72,08;2,73;0;74,81
471;011;202607;202607;7100101Y;0; GS8V;R;709;6798,9;0,01049;71,32;2,7;0;74,02
471;011;202607;202607;7121100E;0; GS8V;R;2335;5409,2;0,01049;56,74;2,15;0;58,89
471;011;202607;202607;7121100I;0; GS8V;R;11;68;0,01049;0,71;0,03;0;0,74
471;011;202607;202607;7121100M;0; GS8V;R;4219;9962;0,01049;104,5;3,96;0;108,46
471;011;202607;202607;7121100Q;0; GS8V;R;1;0,5;0,01049;0,01;0;0;0,01
471;011;202607;202607;7121100V;0; GS8V;R;11;51,9;0,01049;0,54;0,02;0;0,57
471;011;202607;202607;71211010;0; GS8V;R;1094;3607,2;0,01049;37,84;1,43;0;39,27
471;011;202607;202607;7300100Y;0; GS8V;R;122;1021,4;0,01049;10,71;0,41;0;11,12
471;011;202607;202607;73001010;0; GS8V;R;165;1298,3;0,01049;13,62;0,52;0;14,14
471;011;202607;202607;7307000P;0; GS8V;R;235;658,3;0,01049;6,91;0,26;0;7,17
471;011;202607;202607;73211007;0; GS8V;R;489;1806,7;0,01049;18,95;0,72;0;19,67
471;011;202607;202607;73211008;0; GS8V;R;781;2128,4;0,01049;22,33;0,85;0;23,17
471;011;202607;202607;74001013;0; GS8V;R;74;812,8;0,01049;8,53;0,32;0;8,85
471;011;202607;202607;7400101B;0; GS8V;R;50;496,4;0,01049;5,21;0,2;0;5,4
471;011;202607;202607;74211001;0; GS8V;R;20;118,7;0,01049;1,25;0,05;0;1,29
471;011;202607;202607;74211004;0; GS8V;R;217;435,3;0,01049;4,57;0,17;0;4,74
471;011;202607;202607;74211006;0; GS8V;R;502;1605,5;0,01049;16,84;0,64;0;17,48
471;011;202607;202607;7500102C;0; GS8V;R;17;126,6;0,01049;1,33;0,05;0;1,38
471;011;202607;202607;7500102I;0; GS8V;R;16;66,2;0,01049;0,69;0,03;0;0,72
471;011;202607;202607;75211004;0; GS8V;R;6156;15026,2;0,01049;157,62;5,97;0;163,6
471;011;202607;202607;75211008;0; GS8V;R;16;121,7;0,01049;1,28;0,05;0;1,32
471;011;202607;202607;7521100C;0; GS8V;R;10;30,6;0,01049;0,32;0,01;0;0,33
471;011;202607;202607;7521100D;0; GS8V;R;9;27,1;0,01049;0,28;0,01;0;0,3
471;011;202607;202607;7700101O;0; GS8V;R;185;1379,3;0,01049;14,47;0,55;0;15,02
471;011;202607;202607;7700101R;0; GS8V;R;181;1374,7;0,01049;14,42;0,55;0;14,97
471;011;202607;202607;77211007;0; GS8V;R;149;388,7;0,01049;4,08;0,15;0;4,23
471;011;202607;202607;77211008;0; GS8V;R;36;118,2;0,01049;1,24;0,05;0;1,29
471;011;202607;202607;7721100C;0; GS8V;R;658;1669,8;0,01049;17,52;0,66;0;18,18
471;011;202607;202606;7107000P;0; NENV;N;6;3;0,01499;0,04;0;0;0,05
471;011;202607;202606;7307000L;0; NENV;N;30;15;0,01499;0,22;0,01;0;0,23
471;011;202607;202606;7307000T;0; NENV;N;12;7;0,01499;0,1;0;0;0,11
471;011;202607;202606;7407000P;0; NENV;N;1;0,5;0,01499;0,01;0;0;0,01
471;011;202607;202606;7407000Q;0; NENV;N;18;9;0,01499;0,13;0,01;0;0,14
471;011;202607;202606;7407000U;0; NENV;N;13;8,1;0,01499;0,12;0;0;0,13
471;011;202607;202606;7507000U;0; NENV;N;10;5,7;0,01499;0,09;0;0;0,09
471;011;202607;202606;7507000V;0; NENV;N;14;13,1;0,01499;0,2;0,01;0;0,2
471;011;202607;202606;7707000J;0; NENV;N;16;10,1;0,01499;0,15;0,01;0;0,16
471;011;202607;202607;7107000P;0; NENV;N;2069882;1136486;0,01499;17035,93;645,37;0;17681,29
471;011;202607;202607;7107000Z;0; NENV;N;1402092;770605,4;0,01499;11551,37;437,6;0;11988,97
471;011;202607;202607;7121100M;0; NENV;N;694;1198,5;0,01499;17,97;0,68;0;18,65
471;011;202607;202607;7307000L;0; NENV;N;13;6,6;0,01499;0,1;0;0;0,1
471;011;202607;202607;7307000Q;0; NENV;N;688162;377969,2;0,01499;5665,76;214,63;0;5880,39
471;011;202607;202607;7307000S;0; NENV;N;2199016;1173529;0,01499;17591,2;666,4;0;18257,6
471;011;202607;202607;7307000T;0; NENV;N;56;33,6;0,01499;0,5;0,02;0;0,52
471;011;202607;202607;73211008;0; NENV;N;143;152,4;0,01499;2,28;0,09;0;2,37
471;011;202607;202607;7407000P;0; NENV;N;1;0,5;0,01499;0,01;0;0;0,01
471;011;202607;202607;7407000Q;0; NENV;N;25;12,5;0,01499;0,19;0,01;0;0,19
471;011;202607;202607;7407000U;0; NENV;N;1881645;1006470,7;0,01499;15087;571,54;0;15658,53
471;011;202607;202607;7407000X;0; NENV;N;376310;209198,6;0,01499;3135,89;118,8;0;3254,68
471;011;202607;202607;74211006;0; NENV;N;108;111,3;0,01499;1,67;0,06;0;1,73
471;011;202607;202607;7507000U;0; NENV;N;2070858;1105034;0,01499;16564,46;627,51;0;17191,97
471;011;202607;202607;7507000V;0; NENV;N;1553794;829358,7;0,01499;12432,09;470,96;0;12903,05
471;011;202607;202607;75211004;0; NENV;N;253;304,4;0,01499;4,56;0,17;0;4,74
471;011;202607;202607;7707000J;0; NENV;N;25;12,5;0,01499;0,19;0,01;0;0,19
471;011;202607;202607;7707000L;0; NENV;N;1146544;617985,4;0,01499;9263,6;350,93;0;9614,53
471;011;202607;202607;7707000O;0; NENV;N;2236964;1210282,4;0,01499;18142,13;687,27;0;18829,41
471;011;202607;202607;7721100C;0; NENV;N;122;180,8;0,01499;2,71;0,1;0;2,81
471;011;202607;202606;7307000T;0; NENV;R;1;5,5;0,01049;0,06;0;0;0,06
471;011;202607;202607;7107000P;0; NENV;R;6709;29673;0,01049;311,27;11,79;0;323,06
471;011;202607;202607;7107000S;0; NENV;R;1;3;0,01049;0,03;0;0;0,03
471;011;202607;202607;7107000Z;0; NENV;R;4307;18373,7;0,01049;192,74;7,3;0;200,04
471;011;202607;202607;7121100M;0; NENV;R;8;58,4;0,01049;0,61;0,02;0;0,64
471;011;202607;202607;7307000Q;0; NENV;R;2200;11645;0,01049;122,16;4,63;0;126,78
471;011;202607;202607;7307000S;0; NENV;R;3156;21937;0,01049;230,12;8,72;0;238,84
471;011;202607;202607;73211008;0; NENV;R;3;1,5;0,01049;0,02;0;0;0,02
471;011;202607;202607;7407000U;0; NENV;R;2691;20965;0,01049;219,92;8,33;0;228,25
471;011;202607;202607;7407000X;0; NENV;R;1532;7845,6;0,01049;82,3;3,12;0;85,42
471;011;202607;202607;74211006;0; NENV;R;1;0,5;0,01049;0,01;0;0;0,01
471;011;202607;202607;7507000U;0; NENV;R;2864;22150,9;0,01049;232,36;8,8;0;241,17
471;011;202607;202607;7507000V;0; NENV;R;2685;18461;0,01049;193,66;7,34;0;200,99
471;011;202607;202607;75211004;0; NENV;R;4;6,2;0,01049;0,07;0;0;0,07
471;011;202607;202607;7707000L;0; NENV;R;1980;17144;0,01049;179,84;6,81;0;186,65
471;011;202607;202607;7707000O;0; NENV;R;3468;29308,6;0,01049;307,45;11,65;0;319,09
471;011;202607;202607;7721100C;0; NENV;R;1;0,5;0,01049;0,01;0;0;0,01
471;011;202607;202607;7121100M;0; NSAV;N;2;14;0,01499;0,21;0,01;0;0,22
471;011;202607;202607;73211008;0; NSAV;N;1;4,6;0,01499;0,07;0;0;0,07
471;011;202607;202607;74211006;0; NSAV;N;1;0,5;0,01499;0,01;0;0;0,01
471;011;202607;202607;75211004;0; NSAV;N;5;26,5;0,01499;0,4;0,02;0;0,41
479;011;202607;202607;79078001;0; NENV;N;1905404;1002505,4;0,01499;15027,56;569,28;0;15596,84
479;011;202607;202607;79211001;0; NENV;N;76;86;0,01499;1,29;0,05;0;1,34
479;011;202607;202607;79078001;0; NENV;R;2872;17753,7;0,01049;186,24;7,06;0;193,29
490;011;202607;202606;96038006;0; NENV;N;1;0,5;0,01499;0,01;0;0;0,01
490;011;202607;202607;96038006;0; NENV;N;932521;472521,7;0,01499;7083,1;268,33;0;7351,43
490;011;202607;202607;96211004;0; NENV;N;1180;683;0,01499;10,24;0,39;0;10,63
490;011;202607;202607;96038006;0; NENV;R;1434;1615,5;0,01049;16,95;0,64;0;17,59
490;011;202607;202607;96211004;0; NENV;R;43;24,8;0,01049;0,26;0,01;0;0,27
493;011;202607;202606;92033006;0; NENV;N;636;747,1;0,01499;11,2;0,42;0;11,62
493;011;202607;202606;97033006;0; NENV;N;123991;62425,7;0,01499;935,76;35,45;0;971,21
493;011;202607;202607;92033006;0; NENV;N;3518374;1800127,6;0,01499;26983,91;1022,22;0;28006,14
493;011;202607;202607;92211005;0; NENV;N;18528;9542,9;0,01499;143,05;5,42;0;148,47
493;011;202607;202607;97033006;0; NENV;N;699166;352000,8;0,01499;5276,49;199,89;0;5476,38
493;011;202607;202607;97211001;0; NENV;N;240;127,1;0,01499;1,91;0,07;0;1,98
493;011;202607;202606;92033006;0; NENV;R;15;26;0,01049;0,27;0,01;0;0,28
493;011;202607;202606;97033006;0; NENV;R;1;0,5;0,01049;0,01;0;0;0,01
493;011;202607;202607;92033006;0; NENV;R;5334;6908,4;0,01049;72,47;2,75;0;75,21
493;011;202607;202607;92211005;0; NENV;R;516;259,3;0,01049;2,72;0,1;0;2,82
493;011;202607;202607;97033006;0; NENV;R;640;426,3;0,01049;4,47;0,17;0;4,64
493;011;202607;202607;97211001;0; NENV;R;17;8,8;0,01049;0,09;0;0;0,1
494;011;202607;202607;9100100G;0; GS8V;N;30;325,3;0,01499;4,88;0,18;0;5,06
494;011;202607;202607;91211001;0; GS8V;N;198;1401,3;0,01499;21,01;0,8;0;21,8
494;011;202607;202607;9400100G;0; GS8V;N;3;9;0,01499;0,13;0,01;0;0,14
494;011;202607;202607;9100100G;0; GS8V;R;2;3,7;0,01049;0,04;0;0;0,04
494;011;202607;202607;91211001;0; GS8V;R;9;17,1;0,01049;0,18;0,01;0;0,19
494;011;202607;202606;94037006;0; NENV;N;669;475,2;0,01499;7,12;0,27;0;7,39
494;011;202607;202607;91037005;0; NENV;N;1626407;852572,2;0,01499;12780,06;484,14;0;13264,2
494;011;202607;202607;91037006;0; NENV;N;1648733;866930,4;0,01499;12995,29;492,3;0;13487,58
494;011;202607;202607;91037007;0; NENV;N;680443;344244,4;0,01499;5160,22;195,48;0;5355,71
494;011;202607;202607;91211005;0; NENV;N;43672;22816,7;0,01499;342,02;12,96;0;354,98
494;011;202607;202607;93211003;0; NENV;N;353;190,8;0,01499;2,86;0,11;0;2,97
494;011;202607;202607;94037006;0; NENV;N;1518066;769422,2;0,01499;11533,64;436,93;0;11970,56
494;011;202607;202607;94211002;0; NENV;N;878;485,8;0,01499;7,28;0,28;0;7,56
494;011;202607;202606;94037006;0; NENV;R;7;4,1;0,01049;0,04;0;0;0,04
494;011;202607;202607;91037005;0; NENV;R;4150;13070,4;0,01049;137,11;5,19;0;142,3
494;011;202607;202607;91037006;0; NENV;R;4090;15229,1;0,01049;159,75;6,05;0;165,81
494;011;202607;202607;91037007;0; NENV;R;750;935,5;0,01049;9,81;0,37;0;10,19
494;011;202607;202607;91211005;0; NENV;R;150;88;0,01049;0,92;0,03;0;0,96
494;011;202607;202607;93211003;0; NENV;R;32;16,3;0,01049;0,17;0,01;0;0,18
494;011;202607;202607;94037006;0; NENV;R;1142;1810,3;0,01049;18,99;0,72;0;19,71
494;011;202607;202607;94211002;0; NENV;R;35;66;0,01049;0,69;0,03;0;0,72
497;011;202607;202607;95211003;0; GS8V;N;2870;20821,4;0,01499;312,11;11,82;0;323,94
497;011;202607;202607;95211003;0; GS8V;R;516;1041,8;0,01049;10,93;0,41;0;11,34
497;011;202607;202606;95036006;0; NENV;N;4;4;0,01499;0,06;0;0;0,06
497;011;202607;202607;95036003;0; NENV;N;329359;169110,1;0,01499;2534,96;96,03;0;2630,99
497;011;202607;202607;95036004;0; NENV;N;257396;129851,1;0,01499;1946,47;73,74;0;2020,21
497;011;202607;202607;95036006;0; NENV;N;19;12,2;0,01499;0,18;0,01;0;0,19
497;011;202607;202607;95211003;0; NENV;N;620;340,4;0,01499;5,1;0,19;0;5,3
497;011;202607;202607;95036003;0; NENV;R;721;1031,4;0,01049;10,82;0,41;0;11,23
497;011;202607;202607;95211003;0; NENV;R;18;10,7;0,01049;0,11;0;0;0,12
499;011;202607;202607;9800100A;0; GS8V;N;11;64,8;0,01499;0,97;0,04;0;1,01
499;011;202607;202607;98211002;0; GS8V;N;113;939;0,01499;14,08;0,53;0;14,61
499;011;202607;202607;98701001;0; GS8V;N;18;183,8;0,01499;2,76;0,1;0;2,86
499;011;202607;202607;98701002;0; GS8V;N;8;75,1;0,01499;1,13;0,04;0;1,17
499;011;202607;202607;98701003;0; GS8V;N;17126;122807,4;0,01499;1840,88;69,74;0;1910,62
499;011;202607;202607;98701004;0; GS8V;N;16988;121207,7;0,01499;1816,9;68,83;0;1885,73
499;011;202607;202607;9900100A;0; GS8V;N;3;3,8;0,01499;0,06;0;0;0,06
499;011;202607;202607;99211002;0; GS8V;N;11960;92153,7;0,01499;1381,38;52,33;0;1433,71
499;011;202607;202607;99701001;0; GS8V;N;9;64,2;0,01499;0,96;0,04;0;1
499;011;202607;202607;99701002;0; GS8V;N;5;73,6;0,01499;1,1;0,04;0;1,15
499;011;202607;202607;99701003;0; GS8V;N;4;2;0,01499;0,03;0;0;0,03
499;011;202607;202607;99701004;0; GS8V;N;5;2,6;0,01499;0,04;0;0;0,04
499;011;202607;202607;9800100A;0; GS8V;R;1;0,5;0,01049;0,01;0;0;0,01
499;011;202607;202607;98211002;0; GS8V;R;3;19,2;0,01049;0,2;0,01;0;0,21
499;011;202607;202607;98701003;0; GS8V;R;2834;6895,8;0,01049;72,34;2,74;0;75,08
499;011;202607;202607;98701004;0; GS8V;R;2807;6836,1;0,01049;71,71;2,72;0;74,43
499;011;202607;202607;99211002;0; GS8V;R;960;4060,6;0,01049;42,6;1,61;0;44,21
499;011;202607;202607;99701004;0; GS8V;R;1;3;0,01049;0,03;0;0;0,03
499;011;202607;202607;98039003;0; NENV;N;1087058;565959,4;0,01499;8483,73;321,39;0;8805,12
499;011;202607;202607;98039004;0; NENV;N;1489054;778948;0,01499;11676,43;442,33;0;12118,77
499;011;202607;202607;98039006;0; NENV;N;2572824;1303400;0,01499;19537,97;740,15;0;20278,12
499;011;202607;202607;98039007;0; NENV;N;1576473;817432,7;0,01499;12253,32;464,19;0;12717,51
499;011;202607;202607;98039008;0; NENV;N;844528;425128,8;0,01499;6372,68;241,41;0;6614,1
499;011;202607;202607;98211002;0; NENV;N;2235;1573,1;0,01499;23,58;0,89;0;24,47
499;011;202607;202607;99039003;0; NENV;N;1081989;554677,5;0,01499;8314,62;314,98;0;8629,6
499;011;202607;202607;99039004;0; NENV;N;901520;461636,3;0,01499;6919,93;262,15;0;7182,07
499;011;202607;202607;99211002;0; NENV;N;958;712,7;0,01499;10,68;0,4;0;11,09
499;011;202607;202607;98039003;0; NENV;R;655;1405,9;0,01049;14,75;0,56;0;15,31
499;011;202607;202607;98039004;0; NENV;R;5802;19116,2;0,01049;200,53;7,6;0;208,13
499;011;202607;202607;98039006;0; NENV;R;3030;3111,9;0,01049;32,64;1,24;0;33,88
499;011;202607;202607;98039007;0; NENV;R;2062;7038,1;0,01049;73,83;2,8;0;76,63
499;011;202607;202607;98039008;0; NENV;R;382;394,9;0,01049;4,14;0,16;0;4,3
499;011;202607;202607;98211002;0; NENV;R;64;53,3;0,01049;0,56;0,02;0;0,58
499;011;202607;202607;99039003;0; NENV;R;2673;8992,1;0,01049;94,33;3,57;0;97,9
499;011;202607;202607;99039004;0; NENV;R;360;450;0,01049;4,72;0,18;0;4,9
499;011;202607;202607;99211002;0; NENV;R;68;41,7;0,01049;0,44;0,02;0;0,45
014;013;202607;202607;110110KL;0; LENV;N;23290;23054,4;0,01779;410,14;15,54;0;425,67
014;013;202607;202607;110110KR;0; LENV;N;23614;22981,4;0,01779;408,84;15,49;0;424,33
014;013;202607;202607;110110KY;0; LENV;N;23702;23322,9;0,01779;414,91;15,72;0;430,63
014;013;202607;202607;110110L4;0; LENV;N;23354;22903,6;0,01779;407,46;15,44;0;422,89
014;013;202607;202607;110110LA;0; LENV;N;23499;23773,2;0,01779;422,93;16,02;0;438,95
014;013;202607;202607;110110LC;0; LENV;N;1;1,3;0,01779;0,02;0;0;0,02
014;013;202607;202607;110110LG;0; LENV;N;23380;23431,9;0,01779;416,85;15,79;0;432,65
014;013;202607;202607;110110LM;0; LENV;N;60;127;0,01779;2,26;0,09;0;2,34
014;013;202607;202607;1101200F;0; LENV;N;81;50,3;0,01779;0,89;0,03;0;0,93
014;013;202607;202607;1101200H;0; LENV;N;82;53,1;0,01779;0,94;0,04;0;0,98
014;013;202607;202607;1101200J;0; LENV;N;68;36,6;0,01779;0,65;0,02;0;0,68
014;013;202607;202607;11895002;0; LENV;N;194;124,4;0,01779;2,21;0,08;0;2,3
014;013;202607;202607;110110KL;0; LENV;R;983;1597,6;0,01245;19,89;0,75;0;20,64
014;013;202607;202607;110110KR;0; LENV;R;1009;1674,1;0,01245;20,84;0,79;0;21,63
014;013;202607;202607;110110KY;0; LENV;R;1003;1943;0,01245;24,19;0,92;0;25,11
014;013;202607;202607;110110L4;0; LENV;R;969;1744;0,01245;21,71;0,82;0;22,54
014;013;202607;202607;110110LA;0; LENV;R;971;1582,1;0,01245;19,7;0,75;0;20,44
014;013;202607;202607;110110LG;0; LENV;R;1006;1657,5;0,01245;20,64;0,78;0;21,42
014;013;202607;202607;1101200F;0; LENV;R;1;0,5;0,01245;0,01;0;0;0,01
014;013;202607;202607;110110KL;0; LETV;N;3;1,5;0,01779;0,03;0;0;0,03
014;013;202607;202607;110110KY;0; LETV;N;3;21,8;0,01779;0,39;0,01;0;0,4
014;013;202607;202607;110110LG;0; LETV;N;1;0,5;0,01779;0,01;0;0;0,01
014;013;202607;202607;110110KL;0; LETV;R;2;2;0,01245;0,02;0;0;0,03
014;013;202607;202607;110110KR;0; LETV;R;1;0,5;0,01245;0,01;0;0;0,01
014;013;202607;202607;110110L4;0; LETV;R;1;0,7;0,01245;0,01;0;0;0,01
014;013;202607;202607;110110LA;0; LETV;R;1;0,5;0,01245;0,01;0;0;0,01
014;013;202607;202607;110110KM;0; LSAV;N;53;233,8;0,01779;4,16;0,16;0;4,32
014;013;202607;202607;110110KQ;0; LSAV;N;66;224,1;0,01779;3,99;0,15;0;4,14
014;013;202607;202607;110110KU;0; LSAV;N;30;206,8;0,01779;3,68;0,14;0;3,82
014;013;202607;202607;110110KZ;0; LSAV;N;22;117,3;0,01779;2,09;0,08;0;2,17
014;013;202607;202607;110110L3;0; LSAV;N;24;98,5;0,01779;1,75;0,07;0;1,82
014;013;202607;202607;110110L7;0; LSAV;N;59;226,4;0,01779;4,03;0,15;0;4,18
014;013;202607;202607;110110LB;0; LSAV;N;48;96,6;0,01779;1,72;0,07;0;1,78
014;013;202607;202607;110110LF;0; LSAV;N;42;112,2;0,01779;2;0,08;0;2,07
014;013;202607;202607;110110LK;0; LSAV;N;74;182,1;0,01779;3,24;0,12;0;3,36
014;013;202607;202607;110110LN;0; LSAV;N;45;93,2;0,01779;1,66;0,06;0;1,72
014;013;202607;202607;110110LR;0; LSAV;N;36;72,9;0,01779;1,3;0,05;0;1,35
014;013;202607;202607;110110LV;0; LSAV;N;51;75,8;0,01779;1,35;0,05;0;1,4
014;013;202607;202607;110110KM;0; LSAV;R;8;22,5;0,01245;0,28;0,01;0;0,29
014;013;202607;202607;110110KQ;0; LSAV;R;4;22,8;0,01245;0,28;0,01;0;0,29
014;013;202607;202607;110110KU;0; LSAV;R;1;0,9;0,01245;0,01;0;0;0,01
014;013;202607;202607;110110KZ;0; LSAV;R;4;5,5;0,01245;0,07;0;0;0,07
014;013;202607;202607;110110L3;0; LSAV;R;8;9,1;0,01245;0,11;0;0;0,12
014;013;202607;202607;110110L7;0; LSAV;R;7;15,5;0,01245;0,19;0,01;0;0,2
014;013;202607;202607;110110LB;0; LSAV;R;10;12,2;0,01245;0,15;0,01;0;0,16
014;013;202607;202607;110110LF;0; LSAV;R;11;11,5;0,01245;0,14;0,01;0;0,15
014;013;202607;202607;110110LK;0; LSAV;R;4;15,8;0,01245;0,2;0,01;0;0,2
014;013;202607;202607;110110LN;0; LSAV;R;3;3,6;0,01245;0,04;0;0;0,05
014;013;202607;202607;110110LR;0; LSAV;R;1;1,1;0,01245;0,01;0;0;0,01
014;013;202607;202607;110110LV;0; LSAV;R;7;8,9;0,01245;0,11;0;0;0,12
017;016;202607;202607;1601101K;0; LENV;N;2879;4277,7;0,01779;76,1;2,88;0;78,98
017;016;202607;202607;1601101M;0; LENV;N;1157;632,3;0,01779;11,25;0,43;0;11,67
017;016;202607;202607;1601101O;0; LENV;N;3032;4415,4;0,01779;78,55;2,98;0;81,53
017;016;202607;202607;1601101Q;0; LENV;N;1275;675,8;0,01779;12,02;0,46;0;12,48
017;016;202607;202607;1601101S;0; LENV;N;3020;4280,6;0,01779;76,15;2,88;0;79,04
017;016;202607;202607;1601101U;0; LENV;N;1253;663,8;0,01779;11,81;0,45;0;12,26
017;016;202607;202607;1601101X;0; LENV;N;3156;4728,6;0,01779;84,12;3,19;0;87,31
017;016;202607;202607;1601101Z;0; LENV;N;1267;658,7;0,01779;11,72;0,44;0;12,16
017;016;202607;202607;16011022;0; LENV;N;2853;4167,9;0,01779;74,15;2,81;0;76,96
017;016;202607;202607;16011024;0; LENV;N;3113;4540,5;0,01779;80,78;3,06;0;83,84
017;016;202607;202607;16011026;0; LENV;N;3167;4905,1;0,01779;87,26;3,31;0;90,57
017;016;202607;202607;16011027;0; LENV;N;3124;4765,1;0,01779;84,77;3,21;0;87,98
017;016;202607;202607;16011029;0; LENV;N;1251;663,3;0,01779;11,8;0,45;0;12,25
017;016;202607;202607;1601102B;0; LENV;N;1221;632,8;0,01779;11,26;0,43;0;11,68
017;016;202607;202607;1601102D;0; LENV;N;1285;683,4;0,01779;12,16;0,46;0;12,62
017;016;202607;202607;1601102F;0; LENV;N;1277;687,5;0,01779;12,23;0,46;0;12,69
017;016;202607;202607;1601200P;0; LENV;N;100;57,8;0,01779;1,03;0,04;0;1,07
017;016;202607;202607;1601200S;0; LENV;N;98;67,3;0,01779;1,2;0,05;0;1,24
017;016;202607;202607;1601200U;0; LENV;N;95;55,9;0,01779;0,99;0,04;0;1,03
017;016;202607;202607;1601200X;0; LENV;N;104;59,1;0,01779;1,05;0,04;0;1,09
017;016;202607;202607;16895002;0; LENV;N;142;92,5;0,01779;1,65;0,06;0;1,71
017;016;202607;202607;1601101K;0; LENV;R;259;431;0,01245;5,37;0,2;0;5,57
017;016;202607;202607;1601101O;0; LENV;R;275;514,3;0,01245;6,4;0,24;0;6,65
017;016;202607;202607;1601101S;0; LENV;R;274;542,1;0,01245;6,75;0,26;0;7
017;016;202607;202607;1601101X;0; LENV;R;302;677;0,01245;8,43;0,32;0;8,75
017;016;202607;202607;16011022;0; LENV;R;240;779,7;0,01245;9,71;0,37;0;10,08
017;016;202607;202607;16011024;0; LENV;R;256;481,5;0,01245;5,99;0,23;0;6,22
017;016;202607;202607;16011026;0; LENV;R;289;683,4;0,01245;8,51;0,32;0;8,83
017;016;202607;202607;16011027;0; LENV;R;258;442,5;0,01245;5,51;0,21;0;5,72
017;016;202607;202607;16011021;0; LSAV;N;40;64;0,01779;1,14;0,04;0;1,18
017;016;202607;202607;16011023;0; LSAV;N;65;216,4;0,01779;3,85;0,15;0;4
017;016;202607;202607;16011025;0; LSAV;N;42;95,3;0,01779;1,7;0,06;0;1,76
017;016;202607;202607;16011028;0; LSAV;N;41;62,3;0,01779;1,11;0,04;0;1,15
017;016;202607;202607;16011021;0; LSAV;R;4;6,2;0,01245;0,08;0;0;0,08
017;016;202607;202607;16011023;0; LSAV;R;80;429,8;0,01245;5,35;0,2;0;5,55
017;016;202607;202607;16011025;0; LSAV;R;28;59,8;0,01245;0,74;0,03;0;0,77
017;016;202607;202607;16011028;0; LSAV;R;20;34,4;0,01245;0,43;0,02;0;0,44
006;011;202607;202607;5121100Y;0; GS8V;N;1206;3605,4;0,01686;60,79;2,3;0;63,09
006;011;202607;202607;51211014;0; GS8V;N;7;57,4;0,01686;0,97;0,04;0;1
006;011;202607;202607;53211008;0; GS8V;N;1;3;0,01686;0,05;0;0;0,05
006;011;202607;202607;53211009;0; GS8V;N;3;3,7;0,01686;0,06;0;0;0,06
006;011;202607;202607;54211001;0; GS8V;N;1;2,1;0,01686;0,04;0;0;0,04
006;011;202607;202607;54211002;0; GS8V;N;3;7,2;0,01686;0,12;0;0;0,13
006;011;202607;202607;55211002;0; GS8V;N;2;7;0,01686;0,12;0;0;0,12
006;011;202607;202607;55211003;0; GS8V;N;2;11,2;0,01686;0,19;0,01;0;0,2
006;011;202607;202607;5121100Y;0; GS8V;R;27;23,3;0,0118;0,27;0,01;0;0,29
018;011;202607;202607;2121101C;0; GS8V;N;2;10,6;0,01499;0,16;0,01;0;0,16
018;011;202607;202607;2121101E;0; GS8V;N;1;0,5;0,01499;0,01;0;0;0,01
018;011;202607;202607;2121101G;0; GS8V;N;3;17,7;0,01499;0,27;0,01;0;0,28
018;011;202607;202607;2121101I;0; GS8V;N;3;4,3;0,01499;0,06;0;0;0,07
018;011;202607;202607;2121102C;0; GS8V;N;175;773,6;0,01499;11,6;0,44;0;12,04
018;011;202607;202607;2121102E;0; GS8V;N;165;836,8;0,01499;12,54;0,48;0;13,02
018;011;202607;202607;2121102G;0; GS8V;N;136;664,8;0,01499;9,97;0,38;0;10,34
018;011;202607;202607;2121102I;0; GS8V;N;140;762;0,01499;11,42;0,43;0;11,86
018;011;202607;202607;2121102K;0; GS8V;N;141;815,1;0,01499;12,22;0,46;0;12,68
018;011;202607;202607;2121102M;0; GS8V;N;154;745;0,01499;11,17;0,42;0;11,59
018;011;202607;202607;2121102O;0; GS8V;N;170;1058,9;0,01499;15,87;0,6;0;16,47
018;011;202607;202607;2121102Q;0; GS8V;N;153;767,9;0,01499;11,51;0,44;0;11,95
018;011;202607;202607;2121102R;0; GS8V;N;106;463,4;0,01499;6,95;0,26;0;7,21
018;011;202607;202607;2121102S;0; GS8V;N;125;651,1;0,01499;9,76;0,37;0;10,13
018;011;202607;202607;2121102T;0; GS8V;N;115;598,8;0,01499;8,98;0,34;0;9,32
018;011;202607;202607;2121102U;0; GS8V;N;108;511,2;0,01499;7,66;0,29;0;7,95
018;011;202607;202607;2221100G;0; GS8V;N;51;309,5;0,01499;4,64;0,18;0;4,82
018;011;202607;202607;2221100I;0; GS8V;N;38;251,3;0,01499;3,77;0,14;0;3,91
018;011;202607;202607;2221100K;0; GS8V;N;20;93;0,01499;1,39;0,05;0;1,45
018;011;202607;202607;2221100L;0; GS8V;N;13;157,1;0,01499;2,35;0,09;0;2,44
018;011;202607;202607;2421100Z;0; GS8V;N;1;0,5;0,01499;0,01;0;0;0,01
018;011;202607;202607;2421101F;0; GS8V;N;2;2,8;0,01499;0,04;0;0;0,04
018;011;202607;202607;2421101H;0; GS8V;N;1;2,1;0,01499;0,03;0;0;0,03
018;011;202607;202607;2421101J;0; GS8V;N;1;0,5;0,01499;0,01;0;0;0,01
018;011;202607;202607;2121102C;0; GS8V;R;2;8,9;0,01049;0,09;0;0;0,1
018;011;202607;202607;2121102E;0; GS8V;R;7;23,6;0,01049;0,25;0,01;0;0,26
018;011;202607;202607;2121102G;0; GS8V;R;6;92,5;0,01049;0,97;0,04;0;1,01
018;011;202607;202607;2121102I;0; GS8V;R;8;19;0,01049;0,2;0,01;0;0,21
018;011;202607;202607;2121102K;0; GS8V;R;1;0,5;0,01049;0,01;0;0;0,01
018;011;202607;202607;2121102M;0; GS8V;R;1;30,4;0,01049;0,32;0,01;0;0,33
018;011;202607;202607;2121102O;0; GS8V;R;4;4,9;0,01049;0,05;0;0;0,05
018;011;202607;202607;2121102Q;0; GS8V;R;8;56;0,01049;0,59;0,02;0;0,61
018;011;202607;202607;2121102R;0; GS8V;R;6;6,1;0,01049;0,06;0;0;0,07
018;011;202607;202607;2121102S;0; GS8V;R;2;1;0,01049;0,01;0;0;0,01
018;011;202607;202607;2121102T;0; GS8V;R;10;13,3;0,01049;0,14;0,01;0;0,14
018;011;202607;202607;2121102U;0; GS8V;R;6;14,7;0,01049;0,15;0,01;0;0,16
018;011;202607;202607;2221100G;0; GS8V;R;2;1;0,01049;0,01;0;0;0,01
019;011;202607;202607;2721100S;0; GS8V;N;8;40;0,01499;0,6;0,02;0;0,62
019;011;202607;202607;2721100T;0; GS8V;N;8;17,9;0,01499;0,27;0,01;0;0,28
019;011;202607;202607;2721100U;0; GS8V;N;13;69,9;0,01499;1,05;0,04;0;1,09
019;011;202607;202607;2721100X;0; GS8V;N;13;19,2;0,01499;0,29;0,01;0;0,3
019;011;202607;202607;2821100O;0; GS8V;N;1;3,7;0,01499;0,06;0;0;0,06
019;011;202607;202607;2721100X;0; GS8V;R;1;0,6;0,01049;0,01;0;0;0,01
019;011;202607;202607;2821100O;0; GS8V;R;1;0,9;0,01049;0,01;0;0;0,01
022;011;202607;202607;82211006;0; GS3V;N;182;829,6;0,01499;12,44;0,47;0;12,91
022;011;202607;202607;82211006;0; GS3V;R;10;28,4;0,01049;0,3;0,01;0;0,31
022;011;202607;202607;82211006;0; GS8V;N;46131;279671,2;0,01499;4192,27;158,81;0;4351,09
022;011;202607;202607;82211006;0; GS8V;R;11408;22149,3;0,01049;232,35;8,8;0;241,15
023;011;202607;202607;81211017;0; GS8V;N;327;1052,6;0,01499;15,78;0,6;0;16,38
023;011;202607;202607;8121101A;0; GS8V;N;260;717,7;0,01499;10,76;0,41;0;11,17
023;011;202607;202607;8721100B;0; GS8V;N;45;106,5;0,01499;1,6;0,06;0;1,66
023;011;202607;202607;8721100E;0; GS8V;N;72;192,1;0,01499;2,88;0,11;0;2,99
023;011;202607;202607;81211017;0; GS8V;R;2;6,4;0,01049;0,07;0;0;0,07
024;011;202607;202607;83211008;0; GS3V;N;241;1245,1;0,01499;18,66;0,71;0;19,37
024;011;202607;202607;83211008;0; GS3V;R;23;129;0,01049;1,35;0,05;0;1,4
024;011;202607;202607;83211008;0; GS8V;N;44158;273141,7;0,01499;4094,39;155,11;0;4249,5
024;011;202607;202607;83211008;0; GS8V;R;9626;20512,8;0,01049;215,18;8,15;0;223,33
028;011;202607;202607;8521100H;0; GS3V;N;14;138,8;0,01499;2,08;0,08;0;2,16
028;011;202607;202607;88211006;0; GS3V;N;4;48,5;0,01499;0,73;0,03;0;0,75
028;011;202607;202607;8521100H;0; GS8V;N;256;1884,2;0,01499;28,24;1,07;0;29,31
028;011;202607;202607;88211006;0; GS8V;N;88;1246;0,01499;18,68;0,71;0;19,39
028;011;202607;202606;8521100H;0; GS8V;R;1;0,5;0,01049;0,01;0;0;0,01
028;011;202607;202607;8521100H;0; GS8V;R;8;16,8;0,01049;0,18;0,01;0;0,18
029;011;202607;202607;86211005;0; GS3V;N;104;447,2;0,01499;6,7;0,25;0;6,96
029;011;202607;202607;89211008;0; GS3V;N;36;87,6;0,01499;1,31;0,05;0;1,36
029;011;202607;202607;86211005;0; GS3V;R;2;3,3;0,01049;0,03;0;0;0,04
029;011;202607;202607;89211008;0; GS3V;R;4;22,7;0,01049;0,24;0,01;0;0,25
029;011;202607;202607;86211005;0; GS8V;N;40179;320250,7;0,01499;4800,56;181,86;0;4982,42
029;011;202607;202607;89211008;0; GS8V;N;13678;110575,6;0,01499;1657,53;62,79;0;1720,32
029;011;202607;202607;86211005;0; GS8V;R;6348;20259,3;0,01049;212,52;8,05;0;220,57
029;011;202607;202607;89211008;0; GS8V;R;1099;4733,5;0,01049;49,65;1,88;0;51,54
032;011;202607;202607;84211006;0; GS3V;N;173;995,9;0,01499;14,93;0,57;0;15,49
032;011;202607;202607;84211006;0; GS3V;R;13;31,6;0,01049;0,33;0,01;0;0,34
032;011;202607;202607;84211006;0; GS8V;N;30671;195655,9;0,01499;2932,88;111,11;0;3043,99
032;011;202607;202607;84211006;0; GS8V;R;6221;15005,6;0,01049;157,41;5,96;0;163,37
054;011;202607;202607;67211003;0; GS3V;N;327;1721,3;0,01686;29,02;1,1;0;30,12
054;011;202607;202607;67211003;0; GS3V;R;14;77,3;0,0118;0,91;0,03;0;0,95
054;011;202607;202607;67211003;0; GS8V;N;76203;534674,1;0,01686;9014,61;341,5;0;9356,1
054;011;202607;202607;67211003;0; GS8V;R;13163;34169,8;0,0118;403,2;15,27;0;418,48
057;011;202607;202607;65211005;0; GS3V;N;10;13,2;0,01686;0,22;0,01;0;0,23
057;011;202607;202607;65211008;0; GS3V;N;142;731,7;0,01686;12,34;0,47;0;12,8
057;011;202607;202607;66211006;0; GS3V;N;56;242,4;0,01686;4,09;0,15;0;4,24
057;011;202607;202607;66211009;0; GS3V;N;18;94,4;0,01686;1,59;0,06;0;1,65
057;011;202607;202607;65211008;0; GS3V;R;5;27,8;0,0118;0,33;0,01;0;0,34
057;011;202607;202607;66211009;0; GS3V;R;1;1,1;0,0118;0,01;0;0;0,01
057;011;202607;202607;65211005;0; GS8V;N;25;195,3;0,01686;3,29;0,12;0;3,42
057;011;202607;202607;65211008;0; GS8V;N;13559;66971,2;0,01686;1129,13;42,77;0;1171,91
057;011;202607;202607;66211006;0; GS8V;N;7034;50750;0,01686;855,65;32,41;0;888,06
057;011;202607;202607;66211009;0; GS8V;N;55;279,9;0,01686;4,72;0,18;0;4,9
057;011;202607;202607;65211008;0; GS8V;R;4143;7704;0,0118;90,91;3,44;0;94,35
057;011;202607;202607;66211006;0; GS8V;R;1721;4354,7;0,0118;51,39;1,95;0;53,33
057;011;202607;202607;66211009;0; GS8V;R;2;1,1;0,0118;0,01;0;0;0,01
058;011;202607;202607;69211003;0; GS3V;N;215;981,5;0,01686;16,55;0,63;0;17,17
058;011;202607;202607;69211003;0; GS3V;R;6;14,9;0,0118;0,18;0,01;0;0,18
058;011;202607;202607;69211003;0; GS8V;N;37018;216248,5;0,01686;3645,95;138,12;0;3784,07
058;011;202607;202607;69211003;0; GS8V;R;9680;16872,4;0,0118;199,09;7,54;0;206,64
059;011;202607;202607;68211005;0; GS3V;N;65;283,4;0,01686;4,78;0,18;0;4,96
059;011;202607;202607;68211005;0; GS3V;R;1;1,4;0,0118;0,02;0;0;0,02
059;011;202607;202607;68211005;0; GS8V;N;9027;62772,9;0,01686;1058,35;40,09;0;1098,44
059;011;202607;202607;68211005;0; GS8V;R;3179;5333,7;0,0118;62,94;2,38;0;65,32
063;011;202607;202607;6121101F;0; GS3V;N;27;194,6;0,01686;3,28;0,12;0;3,41
063;011;202607;202607;6121101K;0; GS3V;N;2;17,8;0,01686;0,3;0,01;0;0,31
063;011;202607;202607;6121101M;0; GS3V;N;1;10,5;0,01686;0,18;0,01;0;0,18
063;011;202607;202607;6121101O;0; GS3V;N;2;28,5;0,01686;0,48;0,02;0;0,5
063;011;202607;202607;6121101F;0; GS8V;N;129;511,4;0,01686;8,62;0,33;0;8,95
063;011;202607;202607;6121101K;0; GS8V;N;18;46,1;0,01686;0,78;0,03;0;0,81
063;011;202607;202607;6121101O;0; GS8V;N;24;71,9;0,01686;1,21;0,05;0;1,26
063;011;202607;202607;6121101F;0; GS8V;R;4;3,9;0,0118;0,05;0;0;0,05
063;011;202607;202607;6121101O;0; GS8V;R;3;3,2;0,0118;0,04;0;0;0,04
069;011;202607;202607;6321100B;0; GS3V;N;2;9,8;0,01686;0,17;0,01;0;0,17
069;011;202607;202607;6321100C;0; GS3V;N;1;0,5;0,01686;0,01;0;0;0,01
069;011;202607;202607;6321100G;0; GS3V;N;146;635,5;0,01686;10,71;0,41;0;11,12
069;011;202607;202607;6321100G;0; GS3V;R;4;13,8;0,0118;0,16;0,01;0;0,17
069;011;202607;202607;6321100B;0; GS8V;N;283;1989,8;0,01686;33,55;1,27;0;34,82
069;011;202607;202607;6321100C;0; GS8V;N;202;1535,4;0,01686;25,89;0,98;0;26,87
069;011;202607;202607;6321100E;0; GS8V;N;219;1451,3;0,01686;24,47;0,93;0;25,4
069;011;202607;202607;6321100G;0; GS8V;N;50729;309295,2;0,01686;5214,72;197,55;0;5412,26
069;011;202607;202607;6321100H;0; GS8V;N;76;304,7;0,01686;5,14;0,19;0;5,33
069;011;202607;202607;6321100B;0; GS8V;R;31;167,3;0,0118;1,97;0,07;0;2,05
069;011;202607;202607;6321100C;0; GS8V;R;8;22,5;0,0118;0,27;0,01;0;0,28
069;011;202607;202607;6321100E;0; GS8V;R;28;120,7;0,0118;1,42;0,05;0;1,48
069;011;202607;202607;6321100G;0; GS8V;R;9807;26716,8;0,0118;315,26;11,94;0;327,2
069;011;202607;202607;6321100H;0; GS8V;R;1;0,6;0,0118;0,01;0;0;0,01
077;011;202607;202607;6221100P;0; GS3V;N;8;67;0,01686;1,13;0,04;0;1,17
077;011;202607;202607;6221100R;0; GS3V;N;6;104,9;0,01686;1,77;0,07;0;1,84
077;011;202607;202607;6421100E;0; GS3V;N;1;9,5;0,01686;0,16;0,01;0;0,17
077;011;202607;202607;6421100H;0; GS3V;N;1;0,5;0,01686;0,01;0;0;0,01
077;011;202607;202607;6221100P;0; GS3V;R;3;14,5;0,0118;0,17;0,01;0;0,18
077;011;202607;202607;6221100I;0; GS8V;N;1;7,8;0,01686;0,13;0;0;0,14
077;011;202607;202607;6221100J;0; GS8V;N;1;9,2;0,01686;0,16;0,01;0;0,16
077;011;202607;202607;6221100P;0; GS8V;N;328;4715;0,01686;79,49;3,01;0;82,51
077;011;202607;202607;6221100R;0; GS8V;N;28;179;0,01686;3,02;0,11;0;3,13
077;011;202607;202607;6421100E;0; GS8V;N;15;60,8;0,01686;1,03;0,04;0;1,06
077;011;202607;202607;6421100H;0; GS8V;N;27;159;0,01686;2,68;0,1;0;2,78
077;011;202607;202607;6221100P;0; GS8V;R;13;71,1;0,0118;0,84;0,03;0;0,87
077;011;202607;202607;6221100R;0; GS8V;R;1;7,1;0,0118;0,08;0;0;0,09
077;011;202607;202607;6421100E;0; GS8V;R;1;2,4;0,0118;0,03;0;0;0,03
077;011;202607;202607;6421100H;0; GS8V;R;3;4;0,0118;0,05;0;0;0,05
430;011;202607;202607;3121100R;0; GS8V;N;10;77,3;0,01499;1,16;0,04;0;1,2
430;011;202607;202607;3121100V;0; GS8V;N;6;10,9;0,01499;0,16;0,01;0;0,17
430;011;202607;202607;3121100X;0; GS8V;N;127;489,5;0,01499;7,34;0,28;0;7,62
430;011;202607;202607;3221100H;0; GS8V;N;14;67,8;0,01499;1,02;0,04;0;1,05
430;011;202607;202607;3221100M;0; GS8V;N;1;22,8;0,01499;0,34;0,01;0;0,35
430;011;202607;202607;3321100K;0; GS8V;N;13;35,6;0,01499;0,53;0,02;0;0,55
430;011;202607;202607;3321100L;0; GS8V;N;2;6,8;0,01499;0,1;0;0;0,11
430;011;202607;202607;3421100I;0; GS8V;N;37;121,4;0,01499;1,82;0,07;0;1,89
430;011;202607;202607;3421100O;0; GS8V;N;1;0,9;0,01499;0,01;0;0;0,01
430;011;202607;202607;3421100S;0; GS8V;N;3;4,8;0,01499;0,07;0;0;0,07
430;011;202607;202607;3521100F;0; GS8V;N;45;292,5;0,01499;4,38;0,17;0;4,55
430;011;202607;202607;3521100H;0; GS8V;N;5;29,9;0,01499;0,45;0,02;0;0,47
430;011;202607;202607;3721100D;0; GS8V;N;1;0,5;0,01499;0,01;0;0;0,01
430;011;202607;202607;3821100K;0; GS8V;N;60;145;0,01499;2,17;0,08;0;2,26
430;011;202607;202607;3821100O;0; GS8V;N;1;2,2;0,01499;0,03;0;0;0,03
430;011;202607;202607;3821100Q;0; GS8V;N;2;4,7;0,01499;0,07;0;0;0,07
430;011;202607;202607;3121100X;0; GS8V;R;3;1,9;0,01049;0,02;0;0;0,02
430;011;202607;202607;3321100K;0; GS8V;R;1;0,9;0,01049;0,01;0;0;0,01
430;011;202607;202607;3521100F;0; GS8V;R;3;4,5;0,01049;0,05;0;0;0,05
430;011;202607;202607;3521100H;0; GS8V;R;1;0,9;0,01049;0,01;0;0;0,01
441;011;202607;202607;4121100G;0; GS8V;N;22;59;0,01686;0,99;0,04;0;1,03
441;011;202607;202607;4121100S;0; GS8V;N;21;66,5;0,01686;1,12;0,04;0;1,16
441;011;202607;202607;4221100C;0; GS8V;N;2;4,7;0,01686;0,08;0;0;0,08
441;011;202607;202607;4221100G;0; GS8V;N;3;15,4;0,01686;0,26;0,01;0;0,27
441;011;202607;202607;4321100M;0; GS8V;N;8;29;0,01686;0,49;0,02;0;0,51
441;011;202607;202607;4321100Q;0; GS8V;N;10;23,4;0,01686;0,39;0,01;0;0,41
441;011;202607;202607;4421100M;0; GS8V;N;3;5;0,01686;0,08;0;0;0,09
441;011;202607;202607;4421100Q;0; GS8V;N;3;10,9;0,01686;0,18;0,01;0;0,19
441;011;202607;202607;4521100L;0; GS8V;N;283;2078,8;0,01686;35,05;1,33;0;36,38
441;011;202607;202607;4521100P;0; GS8V;N;296;1946,7;0,01686;32,82;1,24;0;34,06
441;011;202607;202607;4621100H;0; GS8V;N;2;3,7;0,01686;0,06;0;0;0,06
441;011;202607;202607;4121100S;0; GS8V;R;2;3,9;0,0118;0,05;0;0;0,05
441;011;202607;202607;4321100Q;0; GS8V;R;2;1,4;0,0118;0,02;0;0;0,02
441;011;202607;202607;4521100L;0; GS8V;R;27;221,1;0,0118;2,61;0,1;0;2,71
441;011;202607;202607;4521100P;0; GS8V;R;24;148,6;0,0118;1,75;0,07;0;1,82
447;011;202607;202607;4721100Y;0; GS8V;N;5;36,5;0,01686;0,62;0,02;0;0,64
447;011;202607;202607;4721101G;0; GS8V;N;5;22,5;0,01686;0,38;0,01;0;0,39
447;011;202607;202607;4821100X;0; GS8V;N;1;0,5;0,01686;0,01;0;0;0,01
447;011;202607;202607;4821101F;0; GS8V;N;4;15,8;0,01686;0,27;0,01;0;0,28
447;011;202607;202607;4921100U;0; GS8V;N;1;0,5;0,01686;0,01;0;0;0,01
447;011;202607;202607;4721100Y;0; GS8V;R;2;1,4;0,0118;0,02;0;0;0,02
447;011;202607;202607;4721101G;0; GS8V;R;1;14,1;0,0118;0,17;0,01;0;0,17
447;011;202607;202607;4821101F;0; GS8V;R;1;1,7;0,0118;0,02;0;0;0,02
471;011;202607;202607;7121100M;0; GS3V;N;12;83,6;0,01499;1,25;0,05;0;1,3
471;011;202607;202607;71211010;0; GS3V;N;8;59,1;0,01499;0,89;0,03;0;0,92
471;011;202607;202607;73211007;0; GS3V;N;3;16,9;0,01499;0,25;0,01;0;0,26
471;011;202607;202607;75211004;0; GS3V;N;10;51,4;0,01499;0,77;0,03;0;0,8
471;011;202607;202607;73211007;0; GS3V;R;2;1;0,01049;0,01;0;0;0,01
471;011;202607;202607;7121100C;0; GS8V;N;21;51,1;0,01499;0,77;0,03;0;0,8
471;011;202607;202607;7121100E;0; GS8V;N;15;54,3;0,01499;0,81;0,03;0;0,84
471;011;202607;202607;7121100M;0; GS8V;N;4101;38805,8;0,01499;581,7;22,04;0;603,74
471;011;202607;202607;7121100V;0; GS8V;N;1;2,7;0,01499;0,04;0;0;0,04
471;011;202607;202607;71211010;0; GS8V;N;21;82,9;0,01499;1,24;0,05;0;1,29
471;011;202607;202607;73211007;0; GS8V;N;11;37,9;0,01499;0,57;0,02;0;0,59
471;011;202607;202607;73211008;0; GS8V;N;1190;8853,3;0,01499;132,71;5,03;0;137,74
471;011;202607;202607;74211004;0; GS8V;N;477;3757,3;0,01499;56,32;2,13;0;58,46
471;011;202607;202607;74211006;0; GS8V;N;19;61,9;0,01499;0,93;0,04;0;0,96
471;011;202607;202607;75211004;0; GS8V;N;807;3669,9;0,01499;55,01;2,08;0;57,1
471;011;202607;202607;75211008;0; GS8V;N;34;229,7;0,01499;3,44;0,13;0;3,57
471;011;202607;202607;7521100C;0; GS8V;N;1;2,4;0,01499;0,04;0;0;0,04
471;011;202607;202607;7521100D;0; GS8V;N;10;47,8;0,01499;0,72;0,03;0;0,74
471;011;202607;202607;77211007;0; GS8V;N;4;18,3;0,01499;0,27;0,01;0;0,28
471;011;202607;202607;7721100C;0; GS8V;N;650;4908,7;0,01499;73,58;2,79;0;76,37
471;011;202607;202607;7121100M;0; GS8V;R;344;2154,9;0,01049;22,6;0,86;0;23,46
471;011;202607;202607;73211008;0; GS8V;R;105;440,9;0,01049;4,63;0,18;0;4,8
471;011;202607;202607;74211004;0; GS8V;R;23;93,5;0,01049;0,98;0,04;0;1,02
471;011;202607;202607;75211004;0; GS8V;R;8;4,4;0,01049;0,05;0;0;0,05
471;011;202607;202607;75211008;0; GS8V;R;3;24,1;0,01049;0,25;0,01;0;0,26
471;011;202607;202607;7721100C;0; GS8V;R;70;368,2;0,01049;3,86;0,15;0;4,01
479;011;202607;202607;79211001;0; GS3V;N;275;689,7;0,01499;10,34;0,39;0;10,73
479;011;202607;202607;79211001;0; GS3V;R;29;33,1;0,01049;0,35;0,01;0;0,36
479;011;202607;202607;79211001;0; GS8V;N;30435;212431,3;0,01499;3184,35;120,63;0;3304,98
479;011;202607;202607;79211001;0; GS8V;R;4426;13886;0,01049;145,66;5,52;0;151,18
490;011;202607;202607;96211004;0; GS3V;N;35;201,1;0,01499;3,01;0,11;0;3,13
490;011;202607;202607;96211004;0; GS3V;R;1;2,1;0,01049;0,02;0;0;0,02
490;011;202607;202607;96211004;0; GS8V;N;4974;36674;0,01499;549,74;20,83;0;570,57
490;011;202607;202607;96211004;0; GS8V;R;1045;2878,4;0,01049;30,19;1,14;0;31,34
493;011;202607;202607;92211005;0; GS3V;N;298;1552,5;0,01499;23,27;0,88;0;24,15
493;011;202607;202607;97211001;0; GS3V;N;44;294,3;0,01499;4,41;0,17;0;4,58
493;011;202607;202607;92211005;0; GS3V;R;6;5,4;0,01049;0,06;0;0;0,06
493;011;202607;202607;92211005;0; GS8V;N;65751;503812,3;0,01499;7552,15;286,1;0;7838,24
493;011;202607;202607;97211001;0; GS8V;N;3996;29048;0,01499;435,43;16,5;0;451,92
493;011;202607;202607;92211005;0; GS8V;R;14492;30310,6;0,01049;317,96;12,05;0;330
493;011;202607;202607;97211001;0; GS8V;R;293;981,9;0,01049;10,3;0,39;0;10,69
494;011;202607;202607;91211005;0; GS3V;N;141;1077;0,01499;16,14;0,61;0;16,76
494;011;202607;202607;93211003;0; GS3V;N;7;36,1;0,01499;0,54;0,02;0;0,56
494;011;202607;202607;94211002;0; GS3V;N;1;6,8;0,01499;0,1;0;0;0,11
494;011;202607;202607;91211005;0; GS3V;R;6;16,2;0,01049;0,17;0,01;0;0,18
494;011;202607;202607;91211005;0; GS8V;N;52735;377750;0,01499;5662,47;214,51;0;5876,98
494;011;202607;202607;93211003;0; GS8V;N;2692;17428,2;0,01499;261,25;9,9;0;271,15
494;011;202607;202607;94211002;0; GS8V;N;7899;53301,1;0,01499;798,98;30,27;0;829,25
494;011;202607;202607;91211005;0; GS8V;R;7172;19423,7;0,01049;203,75;7,72;0;211,47
494;011;202607;202607;93211003;0; GS8V;R;560;1275,8;0,01049;13,38;0,51;0;13,89
494;011;202607;202607;94211002;0; GS8V;R;1565;3760,3;0,01049;39,45;1,49;0;40,94
497;011;202607;202607;95211003;0; GS8V;N;31;245,4;0,01499;3,68;0,14;0;3,82
497;011;202607;202607;95211003;0; GS8V;R;4;23,9;0,01049;0,25;0,01;0;0,26
499;011;202607;202607;98211002;0; GS3V;N;1;11,1;0,01499;0,17;0,01;0;0,17
499;011;202607;202607;99211002;0; GS3V;N;83;427,1;0,01499;6,4;0,24;0;6,64
499;011;202607;202607;98211002;0; GS3V;R;1;14,2;0,01049;0,15;0,01;0;0,15
499;011;202607;202607;99211002;0; GS3V;R;5;10,2;0,01049;0,11;0;0;0,11
499;011;202607;202607;98211002;0; GS8V;N;24;248,4;0,01499;3,72;0,14;0;3,86
499;011;202607;202607;99211002;0; GS8V;N;199;1513,5;0,01499;22,69;0,86;0;23,55
499;011;202607;202607;98211002;0; GS8V;R;1;0,5;0,01049;0,01;0;0;0,01
499;011;202607;202607;99211002;0; GS8V;R;19;93,7;0,01049;0,98;0,04;0;1,02
017;916;202607;202607;1600102D;0; LENV;N;1;2,9;0,01779;0,05;0;0;0,05
017;916;202607;202607;1601101K;0; LENV;N;778;1087,6;0,01779;19,35;0,73;0;20,08
017;916;202607;202607;1601101O;0; LENV;N;802;1054,2;0,01779;18,75;0,71;0;19,46
017;916;202607;202607;1601101Q;0; LENV;N;1;0,9;0,01779;0,02;0;0;0,02
017;916;202607;202607;1601101S;0; LENV;N;830;1287,6;0,01779;22,91;0,87;0;23,77
017;916;202607;202607;1601101X;0; LENV;N;764;1135,5;0,01779;20,2;0,77;0;20,97
017;916;202607;202607;16011022;0; LENV;N;788;1108,1;0,01779;19,71;0,75;0;20,46
017;916;202607;202607;16011024;0; LENV;N;806;1138,1;0,01779;20,25;0,77;0;21,01
017;916;202607;202607;16011026;0; LENV;N;786;1115,6;0,01779;19,85;0,75;0;20,6
017;916;202607;202607;16011027;0; LENV;N;765;1121,5;0,01779;19,95;0,76;0;20,71
017;916;202607;202607;16011029;0; LENV;N;1;0,5;0,01779;0,01;0;0;0,01
017;916;202607;202607;1601200P;0; LENV;N;21;15,1;0,01779;0,27;0,01;0;0,28
017;916;202607;202607;1601200S;0; LENV;N;13;9,1;0,01779;0,16;0,01;0;0,17
017;916;202607;202607;1601200U;0; LENV;N;10;13,4;0,01779;0,24;0,01;0;0,25
017;916;202607;202607;1601200X;0; LENV;N;18;10,3;0,01779;0,18;0,01;0;0,19
017;916;202607;202607;16895002;0; LENV;N;46;25,5;0,01779;0,45;0,02;0;0,47
017;916;202607;202607;1701101N;0; LENV;N;12;8,5;0,01779;0,15;0,01;0;0,16
017;916;202607;202607;1701101R;0; LENV;N;12;9;0,01779;0,16;0,01;0;0,17
017;916;202607;202607;1701101T;0; LENV;N;23;18,9;0,01779;0,34;0,01;0;0,35
017;916;202607;202607;1701101V;0; LENV;N;16;14,5;0,01779;0,26;0,01;0;0,27
017;916;202607;202607;17011020;0; LENV;N;17;24,6;0,01779;0,44;0,02;0;0,45
017;916;202607;202607;17011022;0; LENV;N;11;8,5;0,01779;0,15;0,01;0;0,16
017;916;202607;202607;17011024;0; LENV;N;18;25,9;0,01779;0,46;0,02;0;0,48
017;916;202607;202607;17011027;0; LENV;N;16;13,5;0,01779;0,24;0,01;0;0,25
017;916;202607;202607;1701200Q;0; LENV;N;1;0,5;0,01779;0,01;0;0;0,01
017;916;202607;202607;1601101K;0; LENV;R;55;78,5;0,01245;0,98;0,04;0;1,01
017;916;202607;202607;1601101O;0; LENV;R;50;66,7;0,01245;0,83;0,03;0;0,86
017;916;202607;202607;1601101S;0; LENV;R;57;78;0,01245;0,97;0,04;0;1,01
017;916;202607;202607;1601101X;0; LENV;R;52;43,9;0,01245;0,55;0,02;0;0,57
017;916;202607;202607;16011022;0; LENV;R;51;97,3;0,01245;1,21;0,05;0;1,26
017;916;202607;202607;16011024;0; LENV;R;56;77,6;0,01245;0,97;0,04;0;1
017;916;202607;202607;16011026;0; LENV;R;54;154,9;0,01245;1,93;0,07;0;2
017;916;202607;202607;16011027;0; LENV;R;50;78,3;0,01245;0,97;0,04;0;1,01
017;916;202607;202607;1701101T;0; LENV;R;2;7,6;0,01245;0,09;0;0;0,1
017;916;202607;202607;1701101V;0; LENV;R;1;2,7;0,01245;0,03;0;0;0,03
017;916;202607;202607;17011022;0; LENV;R;1;0,5;0,01245;0,01;0;0;0,01
017;916;202607;202607;17011024;0; LENV;R;2;1;0,01245;0,01;0;0;0,01
017;916;202607;202607;17011027;0; LENV;R;3;3;0,01245;0,04;0;0;0,04
