CREDORA;DEVEDORA;REFERENCIA;PERIODO_TRAFEGO;POI;TIPO_RELATORIO;DESCRITOR;GRUPO_HORARIO;CHAMADAS;MINUTOS;TARIFA;VALOR_LIQUIDO;VALOR_PIS_COFINS;VALOR_ICMS;VALOR_TOTAL;VALOR_TOTAL_REAL;OPERATOR_TYPE;EOT_CREDORA
012;010;202607;202605;FACX_5107;00;1LENI;D;1;3,4;0,00787;0,03;0,00;0,00;0,03;0,00;M;143
012;010;202607;202606;FACX_0127;00;1LENI;D;1;0,5;0,00787;0,00;0,00;0,00;0,00;0,00;M;143
012;010;202607;202607;FACX_0068;00;1LENI;D;9;20,1;0,00787;0,16;0,01;0,00;0,17;0,00;M;143
012;010;202607;202607;FACX_0068;00;1LENI;N;11;45,1;0,00787;0,35;0,01;0,00;0,36;0,00;M;143
012;010;202607;202607;FACX_0068;00;1LENI;R;4;5,6;0,00787;0,04;0,00;0,00;0,04;0,00;M;143
012;010;202607;202607;FACX_0068;00;1LENI;S;1;1,2;0,00787;0,01;0,00;0,00;0,01;0,00;M;143
012;010;202607;202607;FACX_0127;00;1LENI;D;153;501,6;0,00787;3,95;0,15;0,00;4,10;0,00;M;011
012;010;202607;202607;FACX_0127;00;1LENI;D;2819;6223,6;0,00787;48,98;1,86;0,00;50,84;0,00;M;025
012;010;202607;202607;FACX_0127;00;1LENI;D;66506;161220,3;0,00787;1268,80;48,07;0,00;1316,87;0,00;M;143
012;010;202607;202607;FACX_0127;00;1LENI;D;1099;2751,1;0,00787;21,65;0,82;0,00;22,47;0,00;M;D56
012;010;202607;202607;FACX_0127;00;1LENI;D;2;2,6;0,00787;0,02;0,00;0,00;0,02;0,00;M;H92
012;010;202607;202607;FACX_0127;00;1LENI;N;120;355,7;0,00787;2,80;0,11;0,00;2,91;0,00;M;011
012;010;202607;202607;FACX_0127;00;1LENI;N;1477;3043,6;0,00787;23,95;0,91;0,00;24,86;0,00;M;025
012;010;202607;202607;FACX_0127;00;1LENI;N;33470;72171,2;0,00787;567,99;21,52;0,00;589,51;0,00;M;143
012;010;202607;202607;FACX_0127;00;1LENI;N;671;1878,7;0,00787;14,79;0,56;0,00;15,35;0,00;M;D56
012;010;202607;202607;FACX_0127;00;1LENI;N;3;2,7;0,00787;0,02;0,00;0,00;0,02;0,00;M;H92
012;010;202607;202607;FACX_0127;00;1LENI;R;52;125,1;0,00787;0,98;0,04;0,00;1,02;0,00;M;011
012;010;202607;202607;FACX_0127;00;1LENI;R;472;1327,8;0,00787;10,45;0,40;0,00;10,85;0,00;M;025
012;010;202607;202607;FACX_0127;00;1LENI;R;4191;7140,7;0,00787;56,20;2,13;0,00;58,33;0,00;M;143
012;010;202607;202607;FACX_0127;00;1LENI;R;155;590,6;0,00787;4,65;0,18;0,00;4,83;0,00;M;D56
012;010;202607;202607;FACX_0127;00;1LENI;S;8;9,0;0,00787;0,07;0,00;0,00;0,07;0,00;M;011
012;010;202607;202607;FACX_0127;00;1LENI;S;36;37,9;0,00787;0,30;0,01;0,00;0,31;0,00;M;025
012;010;202607;202607;FACX_0127;00;1LENI;S;370;668,0;0,00787;5,26;0,20;0,00;5,46;0,00;M;143
012;010;202607;202607;FACX_0127;00;1LENI;S;5;34,8;0,00787;0,27;0,01;0,00;0,28;0,00;M;D56
012;010;202607;202607;FACX_0155;00;1LENI;D;8;20,3;0,00787;0,16;0,01;0,00;0,17;0,00;M;143
012;010;202607;202607;FACX_0155;00;1LENI;N;3;27,2;0,00787;0,21;0,01;0,00;0,22;0,00;M;143
012;010;202607;202607;FACX_0155;00;1LENI;R;2;12,6;0,00787;0,10;0,00;0,00;0,10;0,00;M;143
012;010;202607;202607;FACX_0175;00;1LENI;N;1;1,2;0,00787;0,01;0,00;0,00;0,01;0,00;M;143
012;010;202607;202607;FACX_0248;00;1LENI;D;5;21,6;0,00787;0,17;0,01;0,00;0,18;0,00;M;143
012;010;202607;202607;FACX_0248;00;1LENI;N;1;2,2;0,00787;0,02;0,00;0,00;0,02;0,00;M;143
012;010;202607;202607;FACX_0273;00;1LENI;D;2;1,0;0,00787;0,01;0,00;0,00;0,01;0,00;M;011
012;010;202607;202607;FACX_0273;00;1LENI;D;82;101,2;0,00787;0,80;0,03;0,00;0,83;0,00;M;325
012;010;202607;202607;FACX_0273;00;1LENI;N;60;113,3;0,00787;0,89;0,03;0,00;0,92;0,00;M;325
012;010;202607;202607;FACX_0273;00;1LENI;R;27;28,2;0,00787;0,22;0,01;0,00;0,23;0,00;M;325
012;010;202607;202607;FACX_0273;00;1LENI;S;4;2,1;0,00787;0,02;0,00;0,00;0,02;0,00;M;325
012;010;202607;202607;FACX_4955;00;1LENI;D;1033;1701,8;0,00787;13,39;0,51;0,00;13,90;0,00;M;025
012;010;202607;202607;FACX_4955;00;1LENI;D;6536;13792,7;0,00787;108,55;4,11;0,00;112,66;0,00;M;143
012;010;202607;202607;FACX_4955;00;1LENI;D;1323;3144,0;0,00787;24,74;0,94;0,00;25,68;0,00;M;325
012;010;202607;202607;FACX_4955;00;1LENI;N;795;1337,8;0,00787;10,53;0,40;0,00;10,93;0,00;M;025
012;010;202607;202607;FACX_4955;00;1LENI;N;3627;6883,7;0,00787;54,17;2,05;0,00;56,22;0,00;M;143
012;010;202607;202607;FACX_4955;00;1LENI;N;1024;2572,8;0,00787;20,25;0,77;0,00;21,02;0,00;M;325
012;010;202607;202607;FACX_4955;00;1LENI;R;272;411,9;0,00787;3,24;0,12;0,00;3,36;0,00;M;025
012;010;202607;202607;FACX_4955;00;1LENI;R;318;528,4;0,00787;4,16;0,16;0,00;4,32;0,00;M;143
012;010;202607;202607;FACX_4955;00;1LENI;R;366;1130,7;0,00787;8,90;0,34;0,00;9,24;0,00;M;325
012;010;202607;202607;FACX_4955;00;1LENI;S;38;43,9;0,00787;0,35;0,01;0,00;0,36;0,00;M;025
012;010;202607;202607;FACX_4955;00;1LENI;S;53;79,3;0,00787;0,62;0,02;0,00;0,64;0,00;M;143
012;010;202607;202607;FACX_4955;00;1LENI;S;18;24,7;0,00787;0,19;0,01;0,00;0,20;0,00;M;325
012;010;202607;202607;FACX_5020;00;1LENI;D;5;39,3;0,00787;0,31;0,01;0,00;0,32;0,00;M;325
012;010;202607;202607;FACX_5020;00;1LENI;N;5;8,0;0,00787;0,06;0,00;0,00;0,06;0,00;M;325
012;010;202607;202607;FACX_5020;00;1LENI;R;3;18,6;0,00787;0,15;0,01;0,00;0,16;0,00;M;325
012;010;202607;202607;FACX_5042;00;1LENI;D;12701;26439,4;0,00787;208,08;7,88;0,00;215,96;0,00;M;025
012;010;202607;202607;FACX_5042;00;1LENI;N;7645;15423,4;0,00787;121,38;4,60;0,00;125,98;0,00;M;025
012;010;202607;202607;FACX_5042;00;1LENI;N;2;1,0;0,00787;0,01;0,00;0,00;0,01;0,00;M;143
012;010;202607;202607;FACX_5042;00;1LENI;R;2340;5314,3;0,00787;41,82;1,58;0,00;43,40;0,00;M;025
012;010;202607;202607;FACX_5042;00;1LENI;S;102;126,8;0,00787;1,00;0,04;0,00;1,04;0,00;M;025
012;010;202607;202607;FACX_5043;00;1LENI;D;443;844,1;0,00787;6,64;0,25;0,00;6,89;0,00;M;025
012;010;202607;202607;FACX_5043;00;1LENI;N;334;580,6;0,00787;4,57;0,17;0,00;4,74;0,00;M;025
012;010;202607;202607;FACX_5043;00;1LENI;R;79;105,0;0,00787;0,83;0,03;0,00;0,86;0,00;M;025
012;010;202607;202607;FACX_5043;00;1LENI;S;4;5,8;0,00787;0,05;0,00;0,00;0,05;0,00;M;025
012;010;202607;202607;FACX_5060;00;1LENI;D;113038;339634,9;0,00787;2672,93;101,26;0,00;2774,19;0,00;M;143
012;010;202607;202607;FACX_5060;00;1LENI;D;21396;53404,1;0,00787;420,29;15,92;0,00;436,21;0,00;M;325
012;010;202607;202607;FACX_5060;00;1LENI;N;56345;141268,9;0,00787;1111,79;42,12;0,00;1153,91;0,00;M;143
012;010;202607;202607;FACX_5060;00;1LENI;N;16143;46286,0;0,00787;364,27;13,80;0,00;378,07;0,00;M;325
012;010;202607;202607;FACX_5060;00;1LENI;R;9046;15930,7;0,00787;125,37;4,75;0,00;130,12;0,00;M;143
012;010;202607;202607;FACX_5060;00;1LENI;R;6450;22708,8;0,00787;178,72;6,77;0,00;185,49;0,00;M;325
012;010;202607;202607;FACX_5060;00;1LENI;S;918;1890,5;0,00787;14,88;0,56;0,00;15,44;0,00;M;143
012;010;202607;202607;FACX_5060;00;1LENI;S;396;974,6;0,00787;7,67;0,29;0,00;7,96;0,00;M;325
012;010;202607;202607;FACX_5061;00;1LENI;D;26;106,4;0,00787;0,84;0,03;0,00;0,87;0,00;M;025
012;010;202607;202607;FACX_5061;00;1LENI;D;26;70,8;0,00787;0,56;0,02;0,00;0,58;0,00;M;143
012;010;202607;202607;FACX_5061;00;1LENI;N;18;69,0;0,00787;0,54;0,02;0,00;0,56;0,00;M;025
012;010;202607;202607;FACX_5061;00;1LENI;N;19;24,7;0,00787;0,19;0,01;0,00;0,20;0,00;M;143
012;010;202607;202607;FACX_5061;00;1LENI;R;4;3,9;0,00787;0,03;0,00;0,00;0,03;0,00;M;143
012;010;202607;202607;FACX_5064;00;1LENI;D;129;235,7;0,00787;1,85;0,07;0,00;1,92;0,00;M;025
012;010;202607;202607;FACX_5064;00;1LENI;N;92;208,3;0,00787;1,64;0,06;0,00;1,70;0,00;M;025
012;010;202607;202607;FACX_5064;00;1LENI;R;16;58,3;0,00787;0,46;0,02;0,00;0,48;0,00;M;025
012;010;202607;202607;FACX_5064;00;1LENI;S;1;0,7;0,00787;0,01;0,00;0,00;0,01;0,00;M;025
012;010;202607;202607;FACX_5065;00;1LENI;D;2;1,7;0,00787;0,01;0,00;0,00;0,01;0,00;M;143
012;010;202607;202607;FACX_5101;00;1LENI;D;431;951,6;0,00787;7,49;0,28;0,00;7,77;0,00;M;143
012;010;202607;202607;FACX_5101;00;1LENI;N;420;913,5;0,00787;7,19;0,27;0,00;7,46;0,00;M;143
012;010;202607;202607;FACX_5101;00;1LENI;R;323;659,3;0,00787;5,19;0,20;0,00;5,39;0,00;M;143
012;010;202607;202607;FACX_5101;00;1LENI;S;98;204,0;0,00787;1,61;0,06;0,00;1,67;0,00;M;143
012;010;202607;202607;FACX_5107;00;1LENI;D;3;3,1;0,00787;0,02;0,00;0,00;0,02;0,00;M;011
012;010;202607;202607;FACX_5107;00;1LENI;D;252;540,4;0,00787;4,25;0,16;0,00;4,41;0,00;M;025
012;010;202607;202607;FACX_5107;00;1LENI;D;82783;256568,7;0,00787;2019,20;76,49;0,00;2095,69;0,00;M;143
012;010;202607;202607;FACX_5107;00;1LENI;D;4;56,3;0,00787;0,44;0,02;0,00;0,46;0,00;M;203
012;010;202607;202607;FACX_5107;00;1LENI;D;3;16,6;0,00787;0,13;0,00;0,00;0,13;0,00;M;212
012;010;202607;202607;FACX_5107;00;1LENI;D;1;5,8;0,00787;0,05;0,00;0,00;0,05;0,00;M;225
012;010;202607;202607;FACX_5107;00;1LENI;N;240;474,2;0,00787;3,73;0,14;0,00;3,87;0,00;M;025
012;010;202607;202607;FACX_5107;00;1LENI;N;41029;106969,8;0,00787;841,85;31,89;0,00;873,74;0,00;M;143
012;010;202607;202607;FACX_5107;00;1LENI;N;4;41,8;0,00787;0,33;0,01;0,00;0,34;0,00;M;203
012;010;202607;202607;FACX_5107;00;1LENI;R;116;305,4;0,00787;2,40;0,09;0,00;2,49;0,00;M;025
012;010;202607;202607;FACX_5107;00;1LENI;R;3761;6477,4;0,00787;50,98;1,93;0,00;52,91;0,00;M;143
012;010;202607;202607;FACX_5107;00;1LENI;R;1;25,7;0,00787;0,20;0,01;0,00;0,21;0,00;M;203
012;010;202607;202607;FACX_5107;00;1LENI;S;8;11,8;0,00787;0,09;0,00;0,00;0,09;0,00;M;025
012;010;202607;202607;FACX_5107;00;1LENI;S;344;517,7;0,00787;4,07;0,15;0,00;4,22;0,00;M;143
012;010;202607;202607;FACX_5111;00;1LENI;D;7;12,1;0,00787;0,10;0,00;0,00;0,10;0,00;M;143
012;010;202607;202607;FACX_5111;00;1LENI;N;9;14,4;0,00787;0,11;0,00;0,00;0,11;0,00;M;143
012;010;202607;202607;FACX_5132;00;1LENI;D;135;367,6;0,00787;2,89;0,11;0,00;3,00;0,00;M;143
012;010;202607;202607;FACX_5132;00;1LENI;N;71;155,3;0,00787;1,22;0,05;0,00;1,27;0,00;M;143
012;010;202607;202607;FACX_5132;00;1LENI;R;3;2,4;0,00787;0,02;0,00;0,00;0,02;0,00;M;143
012;010;202607;202607;FACX_5135;00;1LENI;D;295;461,9;0,00787;3,64;0,14;0,00;3,78;0,00;M;025
012;010;202607;202607;FACX_5135;00;1LENI;D;7787;20602,1;0,00787;162,14;6,14;0,00;168,28;0,00;M;143
012;010;202607;202607;FACX_5135;00;1LENI;N;229;358,2;0,00787;2,82;0,11;0,00;2,93;0,00;M;025
012;010;202607;202607;FACX_5135;00;1LENI;N;4283;10134,6;0,00787;79,76;3,02;0,00;82,78;0,00;M;143
012;010;202607;202607;FACX_5135;00;1LENI;R;84;308,5;0,00787;2,43;0,09;0,00;2,52;0,00;M;025
012;010;202607;202607;FACX_5135;00;1LENI;R;725;1442,3;0,00787;11,35;0,43;0,00;11,78;0,00;M;143
012;010;202607;202607;FACX_5135;00;1LENI;S;2;2,2;0,00787;0,02;0,00;0,00;0,02;0,00;M;025
012;010;202607;202607;FACX_5135;00;1LENI;S;47;70,6;0,00787;0,56;0,02;0,00;0,58;0,00;M;143
012;010;202607;202607;FACX_6176;00;1LENI;D;7327;15029,5;0,00787;118,28;4,48;0,00;122,76;0,00;M;025
012;010;202607;202607;FACX_6176;00;1LENI;D;19246;55165,9;0,00787;434,16;16,45;0,00;450,61;0,00;M;143
012;010;202607;202607;FACX_6176;00;1LENI;N;4842;10503,2;0,00787;82,66;3,13;0,00;85,79;0,00;M;025
012;010;202607;202607;FACX_6176;00;1LENI;N;9982;24460,8;0,00787;192,51;7,29;0,00;199,80;0,00;M;143
012;010;202607;202607;FACX_6176;00;1LENI;R;1284;3565,7;0,00787;28,06;1,06;0,00;29,12;0,00;M;025
012;010;202607;202607;FACX_6176;00;1LENI;R;1835;3252,7;0,00787;25,60;0,97;0,00;26,57;0,00;M;143
012;010;202607;202607;FACX_6176;00;1LENI;S;61;70,4;0,00787;0,55;0,02;0,00;0,57;0,00;M;025
012;010;202607;202607;FACX_6176;00;1LENI;S;116;233,2;0,00787;1,84;0,07;0,00;1,91;0,00;M;143
012;010;202607;202607;SPOX_0046;00;1LENI;D;45;84,9;0,00787;0,67;0,03;0,00;0,70;0,00;M;025
012;010;202607;202607;SPOX_0046;00;1LENI;N;39;55,5;0,00787;0,44;0,02;0,00;0,46;0,00;M;025
012;010;202607;202607;SPOX_0046;00;1LENI;R;40;76,3;0,00787;0,60;0,02;0,00;0,62;0,00;M;025
012;010;202607;202607;SPOX_0046;00;1LENI;S;10;17,1;0,00787;0,13;0,01;0,00;0,14;0,00;M;025
012;010;202607;202607;SPOX_0089;00;1LENI;D;6;10,6;0,00787;0,08;0,00;0,00;0,08;0,00;M;143
012;010;202607;202607;SPOX_0089;00;1LENI;N;1;4,0;0,00787;0,03;0,00;0,00;0,03;0,00;M;143
012;010;202607;202607;SPOX_0090;00;1LENI;D;4;9,3;0,00787;0,07;0,00;0,00;0,07;0,00;M;143
012;010;202607;202607;SPOX_0090;00;1LENI;N;2;4,0;0,00787;0,03;0,00;0,00;0,03;0,00;M;143
012;010;202607;202607;SPOX_0134;00;1LENI;D;946;2427,9;0,00787;19,11;0,72;0,00;19,83;0,00;M;143
012;010;202607;202607;SPOX_0134;00;1LENI;N;574;1226,0;0,00787;9,65;0,37;0,00;10,02;0,00;M;143
012;010;202607;202607;SPOX_0134;00;1LENI;R;107;195,5;0,00787;1,54;0,06;0,00;1,60;0,00;M;143
012;010;202607;202607;SPOX_0134;00;1LENI;S;3;2,8;0,00787;0,02;0,00;0,00;0,02;0,00;M;143
012;010;202607;202607;SPOX_0346;00;1LENI;D;905;2264,5;0,00787;17,82;0,68;0,00;18,50;0,00;M;143
012;010;202607;202607;SPOX_0346;00;1LENI;N;587;1272,8;0,00787;10,02;0,38;0,00;10,40;0,00;M;143
012;010;202607;202607;SPOX_0346;00;1LENI;R;136;242,9;0,00787;1,91;0,07;0,00;1,98;0,00;M;143
012;010;202607;202607;SPOX_0346;00;1LENI;S;3;2,5;0,00787;0,02;0,00;0,00;0,02;0,00;M;143
012;010;202607;202607;SPOX_0738;00;1LENI;D;2782;6157,4;0,00787;48,46;1,84;0,00;50,30;0,00;M;143
012;010;202607;202607;SPOX_0738;00;1LENI;D;3;23,4;0,00787;0,18;0,01;0,00;0,19;0,00;M;203
012;010;202607;202607;SPOX_0738;00;1LENI;N;1275;2375,0;0,00787;18,69;0,71;0,00;19,40;0,00;M;143
012;010;202607;202607;SPOX_0738;00;1LENI;N;2;22,7;0,00787;0,18;0,01;0,00;0,19;0,00;M;203
012;010;202607;202607;SPOX_0738;00;1LENI;R;248;280,6;0,00787;2,21;0,08;0,00;2,29;0,00;M;143
012;010;202607;202607;SPOX_0738;00;1LENI;R;2;8,7;0,00787;0,07;0,00;0,00;0,07;0,00;M;203
012;010;202607;202607;SPOX_0738;00;1LENI;S;22;34,1;0,00787;0,27;0,01;0,00;0,28;0,00;M;143
012;010;202607;202607;SPOX_0738;00;1LENI;S;1;0,5;0,00787;0,00;0,00;0,00;0,00;0,00;M;203
012;010;202607;202607;SPOX_0810;00;1LENI;D;311;925,4;0,00787;7,28;0,28;0,00;7,56;0,00;M;143
012;010;202607;202607;SPOX_0810;00;1LENI;N;166;458,5;0,00787;3,61;0,14;0,00;3,75;0,00;M;143
012;010;202607;202607;SPOX_0810;00;1LENI;R;4;5,1;0,00787;0,04;0,00;0,00;0,04;0,00;M;143
012;010;202607;202607;SPOX_1007;00;1LENI;D;2;5,3;0,00787;0,04;0,00;0,00;0,04;0,00;M;143
012;010;202607;202607;SPOX_1007;00;1LENI;N;2;4,0;0,00787;0,03;0,00;0,00;0,03;0,00;M;143
012;010;202607;202607;SPOX_1270;00;1LENI;D;5;18,8;0,00787;0,15;0,01;0,00;0,16;0,00;M;143
012;010;202607;202607;SPOX_1270;00;1LENI;N;1;1,5;0,00787;0,01;0,00;0,00;0,01;0,00;M;143
012;010;202607;202607;SPOX_1285;00;1LENI;D;1;8,6;0,00787;0,07;0,00;0,00;0,07;0,00;M;011
012;010;202607;202607;SPOX_1285;00;1LENI;D;2959;6426,2;0,00787;50,57;1,92;0,00;52,49;0,00;M;143
012;010;202607;202607;SPOX_1285;00;1LENI;D;1;4,7;0,00787;0,04;0,00;0,00;0,04;0,00;M;203
012;010;202607;202607;SPOX_1285;00;1LENI;N;1313;2381,8;0,00787;18,74;0,71;0,00;19,45;0,00;M;143
012;010;202607;202607;SPOX_1285;00;1LENI;N;3;79,5;0,00787;0,63;0,02;0,00;0,65;0,00;M;203
012;010;202607;202607;SPOX_1285;00;1LENI;R;243;300,5;0,00787;2,36;0,09;0,00;2,45;0,00;M;143
012;010;202607;202607;SPOX_1285;00;1LENI;R;5;25,4;0,00787;0,20;0,01;0,00;0,21;0,00;M;203
012;010;202607;202607;SPOX_1285;00;1LENI;S;12;16,3;0,00787;0,13;0,00;0,00;0,13;0,00;M;143
012;010;202607;202607;SPOX_1285;00;1LENI;S;1;0,5;0,00787;0,00;0,00;0,00;0,00;0,00;M;203
012;010;202607;202607;SPOX_6685;00;1LENI;D;100;278,8;0,00787;2,19;0,08;0,00;2,27;0,00;M;325
012;010;202607;202607;SPOX_6685;00;1LENI;N;77;315,1;0,00787;2,48;0,09;0,00;2,57;0,00;M;325
012;010;202607;202607;SPOX_6685;00;1LENI;R;30;34,0;0,00787;0,27;0,01;0,00;0,28;0,00;M;325
012;010;202607;202607;SPOX_6685;00;1LENI;S;5;7,1;0,00787;0,06;0,00;0,00;0,06;0,00;M;325
012;010;202607;202607;SPOX_6693;00;1LENI;D;12;21,4;0,00787;0,17;0,01;0,00;0,18;0,00;M;143
012;010;202607;202607;SPOX_6693;00;1LENI;N;4;9,6;0,00787;0,08;0,00;0,00;0,08;0,00;M;143
012;010;202607;202607;SPOX_8441;00;1LENI;D;2;8,4;0,00787;0,07;0,00;0,00;0,07;0,00;M;143
012;010;202607;202607;SPOX_8441;00;1LENI;N;1;3,7;0,00787;0,03;0,00;0,00;0,03;0,00;M;143
012;010;202607;202607;SPOX_9655;00;1LENI;D;59;394,4;0,00787;3,10;0,12;0,00;3,22;0,00;M;143
012;010;202607;202607;SPOX_9655;00;1LENI;N;56;185,8;0,00787;1,46;0,06;0,00;1,52;0,00;M;143
012;010;202607;202607;SPOX_9655;00;1LENI;R;24;42,0;0,00787;0,33;0,01;0,00;0,34;0,00;M;143
012;010;202607;202607;SPOX_9655;00;1LENI;S;10;5,0;0,00787;0,04;0,00;0,00;0,04;0,00;M;143
012;010;202607;202607;SPO_10151;00;1LENI;D;1;0,5;0,00787;0,00;0,00;0,00;0,00;0,00;M;025
012;010;202607;202607;SPO_10151;00;1LENI;D;2337;7442,7;0,00787;58,57;2,22;0,00;60,79;0,00;M;143
012;010;202607;202607;SPO_10151;00;1LENI;N;1426;4194,8;0,00787;33,01;1,25;0,00;34,26;0,00;M;143
012;010;202607;202607;SPO_10151;00;1LENI;R;101;219,4;0,00787;1,73;0,07;0,00;1,80;0,00;M;143
012;010;202607;202607;SPO_10151;00;1LENI;S;7;7,5;0,00787;0,06;0,00;0,00;0,06;0,00;M;143
012;010;202607;202607;SPO_10155;00;1LENI;D;2438;7767,0;0,00787;61,13;2,32;0,00;63,45;0,00;M;143
012;010;202607;202607;SPO_10155;00;1LENI;N;1408;4077,9;0,00787;32,09;1,22;0,00;33,31;0,00;M;143
012;010;202607;202607;SPO_10155;00;1LENI;R;73;139,2;0,00787;1,10;0,04;0,00;1,14;0,00;M;143
012;010;202607;202607;SPO_10155;00;1LENI;S;3;1,6;0,00787;0,01;0,00;0,00;0,01;0,00;M;143
012;010;202607;202607;SPO_10402;00;1LENI;D;52;134,5;0,00787;1,06;0,04;0,00;1,10;0,00;M;325
012;010;202607;202607;SPO_10402;00;1LENI;N;34;78,6;0,00787;0,62;0,02;0,00;0,64;0,00;M;325
012;010;202607;202607;SPO_10402;00;1LENI;R;11;15,4;0,00787;0,12;0,00;0,00;0,12;0,00;M;325
012;010;202607;202607;SPO_10416;00;1LENI;D;38;103,9;0,00787;0,82;0,03;0,00;0,85;0,00;M;325
012;010;202607;202607;SPO_10416;00;1LENI;N;33;84,5;0,00787;0,67;0,03;0,00;0,70;0,00;M;325
012;010;202607;202607;SPO_10416;00;1LENI;R;5;2,7;0,00787;0,02;0,00;0,00;0,02;0,00;M;325
012;010;202607;202607;SPO_10619;00;1LENI;D;5;11,4;0,00787;0,09;0,00;0,00;0,09;0,00;M;325
012;010;202607;202607;SPO_10619;00;1LENI;N;11;24,2;0,00787;0,19;0,01;0,00;0,20;0,00;M;325
012;010;202607;202607;SPO_10619;00;1LENI;R;5;23,0;0,00787;0,18;0,01;0,00;0,19;0,00;M;325
012;010;202607;202607;SPO_10808;00;1LENI;D;123;189,8;0,00787;1,49;0,06;0,00;1,55;0,00;M;325
012;010;202607;202607;SPO_10808;00;1LENI;N;72;131,1;0,00787;1,03;0,04;0,00;1,07;0,00;M;325
012;010;202607;202607;SPO_10808;00;1LENI;R;41;62,3;0,00787;0,49;0,02;0,00;0,51;0,00;M;325
012;010;202607;202607;SPO_10808;00;1LENI;S;2;1,0;0,00787;0,01;0,00;0,00;0,01;0,00;M;325
012;010;202607;202607;SPO_10809;00;1LENI;D;3;1,5;0,00787;0,01;0,00;0,00;0,01;0,00;M;143
012;010;202607;202607;SPO_10809;00;1LENI;N;2;1,8;0,00787;0,01;0,00;0,00;0,01;0,00;M;143
012;010;202607;202607;SPO_11141;00;1LENI;D;2;10,9;0,00787;0,09;0,00;0,00;0,09;0,00;M;143
012;010;202607;202607;SPO_11141;00;1LENI;N;1;4,5;0,00787;0,04;0,00;0,00;0,04;0,00;M;143
012;010;202607;202607;SPO_11400;00;1LENI;D;74;219,5;0,00787;1,73;0,07;0,00;1,80;0,00;M;325
012;010;202607;202607;SPO_11400;00;1LENI;N;62;169,4;0,00787;1,33;0,05;0,00;1,38;0,00;M;325
012;010;202607;202607;SPO_11400;00;1LENI;R;15;27,1;0,00787;0,21;0,01;0,00;0,22;0,00;M;325
012;010;202607;202607;SPO_11401;00;1LENI;D;1967;3786,6;0,00787;29,80;1,13;0,00;30,93;0,00;M;143
012;010;202607;202607;SPO_11401;00;1LENI;N;1577;2917,5;0,00787;22,96;0,87;0,00;23,83;0,00;M;143
012;010;202607;202607;SPO_11401;00;1LENI;R;276;411,2;0,00787;3,24;0,12;0,00;3,36;0,00;M;143
012;010;202607;202607;SPO_11401;00;1LENI;S;15;15,4;0,00787;0,12;0,00;0,00;0,12;0,00;M;143
012;010;202607;202607;SPO_11404;00;1LENI;D;5249;13860,2;0,00787;109,08;4,13;0,00;113,21;0,00;M;143
012;010;202607;202607;SPO_11404;00;1LENI;N;1;1,7;0,00787;0,01;0,00;0,00;0,01;0,00;M;025
012;010;202607;202607;SPO_11404;00;1LENI;N;3436;8101,6;0,00787;63,76;2,42;0,00;66,18;0,00;M;143
012;010;202607;202607;SPO_11404;00;1LENI;R;461;856,6;0,00787;6,74;0,26;0,00;7,00;0,00;M;143
012;010;202607;202607;SPO_11404;00;1LENI;S;45;50,4;0,00787;0,40;0,02;0,00;0,42;0,00;M;143
012;010;202607;202607;SPO_14657;00;1LENI;D;133;386,5;0,00787;3,04;0,12;0,00;3,16;0,00;M;325
012;010;202607;202607;SPO_14657;00;1LENI;N;110;391,7;0,00787;3,08;0,12;0,00;3,20;0,00;M;325
012;010;202607;202607;SPO_14657;00;1LENI;R;41;82,5;0,00787;0,65;0,02;0,00;0,67;0,00;M;325
012;010;202607;202607;SPO_14657;00;1LENI;S;2;1,0;0,00787;0,01;0,00;0,00;0,01;0,00;M;325
012;010;202607;;;01;;;598003;1567661,50;;12337,49;467,38;0,00;12804,87;0,00;;
012;020;202607;202607;FACX_5135;00;1LENI;D;1;0,5;0,00787;0,00;0,00;0,00;0,00;0,00;M;351
012;020;202607;202607;SPOX_9655;00;1LENI;D;19;134,1;0,00787;1,06;0,04;0,00;1,10;0,00;M;351
012;020;202607;202607;SPOX_9655;00;1LENI;N;11;68,5;0,00787;0,54;0,02;0,00;0,56;0,00;M;351
012;020;202607;202607;SPOX_9655;00;1LENI;R;2;2,0;0,00787;0,02;0,00;0,00;0,02;0,00;M;351
012;020;202607;202607;SPOX_9655;00;1LENI;S;1;0,5;0,00787;0,00;0,00;0,00;0,00;0,00;M;351
012;020;202607;202607;SPO_10151;00;1LENI;D;4;13,8;0,00787;0,11;0,00;0,00;0,11;0,00;M;351
012;020;202607;202607;SPO_10151;00;1LENI;R;1;0,5;0,00787;0,00;0,00;0,00;0,00;0,00;M;351
012;020;202607;202607;SPO_10151;00;1LENI;S;1;0,5;0,00787;0,00;0,00;0,00;0,00;0,00;M;351
012;020;202607;202607;SPO_10155;00;1LENI;D;3;4,4;0,00787;0,03;0,00;0,00;0,03;0,00;M;351
012;020;202607;202607;SPO_10155;00;1LENI;N;3;2,9;0,00787;0,02;0,00;0,00;0,02;0,00;M;351
012;020;202607;202607;SPO_11401;00;1LENI;D;2;4,0;0,00787;0,03;0,00;0,00;0,03;0,00;M;351
012;020;202607;202607;SPO_11401;00;1LENI;N;4;2,5;0,00787;0,02;0,00;0,00;0,02;0,00;M;351
012;020;202607;202607;SPO_11401;00;1LENI;S;2;3,0;0,00787;0,02;0,00;0,00;0,02;0,00;M;351
012;020;202607;202607;SPO_11404;00;1LENI;D;3;13,6;0,00787;0,11;0,00;0,00;0,11;0,00;M;351
012;020;202607;202607;SPO_11404;00;1LENI;N;3;22,1;0,00787;0,17;0,01;0,00;0,18;0,00;M;351
012;020;202607;202607;SPO_11404;00;1LENI;S;2;3,2;0,00787;0,03;0,00;0,00;0,03;0,00;M;351
012;020;202607;202607;SPO_11460;00;1LENI;D;23206;70033,3;0,00787;551,16;20,88;0,00;572,04;0,00;M;351
012;020;202607;202607;SPO_11460;00;1LENI;N;13923;41990,5;0,00787;330,47;12,52;0,00;342,99;0,00;M;351
012;020;202607;202607;SPO_11460;00;1LENI;R;2495;8648,3;0,00787;68,06;2,58;0,00;70,64;0,00;M;351
012;020;202607;202607;SPO_11460;00;1LENI;S;145;334,5;0,00787;2,63;0,10;0,00;2,73;0,00;M;351
012;020;202607;202607;SPO_11461;00;1LENI;N;1;1,2;0,00787;0,01;0,00;0,00;0,01;0,00;M;351
012;020;202607;202607;ULAX_4759;00;1LENI;D;3;2,5;0,00787;0,02;0,00;0,00;0,02;0,00;M;018
012;020;202607;202607;ULAX_4759;00;1LENI;D;1;0,9;0,00787;0,01;0,00;0,00;0,01;0,00;M;020
012;020;202607;202607;ULAX_4759;00;1LENI;D;5;4,8;0,00787;0,04;0,00;0,00;0,04;0,00;M;421
012;020;202607;202607;ULAX_4759;00;1LENI;N;1;0,5;0,00787;0,00;0,00;0,00;0,00;0,00;M;018
012;020;202607;202607;ULAX_4759;00;1LENI;N;2;4,0;0,00787;0,03;0,00;0,00;0,03;0,00;M;421
012;020;202607;;;01;;;39844;121296,60;;954,59;36,15;0,00;990,74;0,00;;
012;026;202607;202607;SPOX_9655;00;1LENI;D;1;1,5;0,00787;0,01;0,00;0,00;0,01;0,00;M;319
012;026;202607;202607;SPO_10151;00;1LENI;N;2;3,1;0,00787;0,02;0,00;0,00;0,02;0,00;M;319
012;026;202607;202607;SPO_10155;00;1LENI;D;1;1,4;0,00787;0,01;0,00;0,00;0,01;0,00;M;319
012;026;202607;202607;SPO_10155;00;1LENI;N;1;2,1;0,00787;0,02;0,00;0,00;0,02;0,00;M;319
012;026;202607;202607;SPO_14636;00;1LENI;D;59;92,4;0,00787;0,73;0,03;0,00;0,76;0,00;M;319
012;026;202607;202607;SPO_14636;00;1LENI;N;41;45,7;0,00787;0,36;0,01;0,00;0,37;0,00;M;319
012;026;202607;202607;SPO_14636;00;1LENI;R;6;7,8;0,00787;0,06;0,00;0,00;0,06;0,00;M;319
012;026;202607;202607;SPO_14637;00;1LENI;D;48;72,6;0,00787;0,57;0,02;0,00;0,59;0,00;M;319
012;026;202607;202607;SPO_14637;00;1LENI;N;31;45,4;0,00787;0,36;0,01;0,00;0,37;0,00;M;319
012;026;202607;202607;SPO_14637;00;1LENI;R;8;9,9;0,00787;0,08;0,00;0,00;0,08;0,00;M;319
012;026;202607;;;01;;;198;281,90;;2,22;0,07;0,00;2,29;0,00;;
012;030;202607;202605;ULAX_4758;00;1LENI;R;3;3,6;0,00787;0,03;0,00;0,00;0,03;0,00;M;035
012;030;202607;202606;ULAX_4758;00;1LENI;D;1;1,1;0,00787;0,01;0,00;0,00;0,01;0,00;M;035
012;030;202607;202606;ULAX_4758;00;1LENI;D;1;1,9;0,00787;0,01;0,00;0,00;0,01;0,00;M;355
012;030;202607;202606;ULAX_4765;00;1LENI;D;2;4,1;0,00787;0,03;0,00;0,00;0,03;0,00;M;035
012;030;202607;202607;FACX_0068;00;1LENI;D;1;6,4;0,00787;0,05;0,00;0,00;0,05;0,00;M;035
012;030;202607;202607;FACX_0068;00;1LENI;D;1;8,1;0,00787;0,06;0,00;0,00;0,06;0,00;M;355
012;030;202607;202607;FACX_0248;00;1LENI;D;1;2,2;0,00787;0,02;0,00;0,00;0,02;0,00;M;035
012;030;202607;202607;FACX_0248;00;1LENI;N;1;1,7;0,00787;0,01;0,00;0,00;0,01;0,00;M;035
012;030;202607;202607;FACX_5042;00;1LENI;D;25;52,0;0,00787;0,41;0,02;0,00;0,43;0,00;M;035
012;030;202607;202607;FACX_5042;00;1LENI;D;1;1,1;0,00787;0,01;0,00;0,00;0,01;0,00;M;355
012;030;202607;202607;FACX_5042;00;1LENI;N;32;40,8;0,00787;0,32;0,01;0,00;0,33;0,00;M;035
012;030;202607;202607;FACX_5042;00;1LENI;R;16;18,7;0,00787;0,15;0,01;0,00;0,16;0,00;M;035
012;030;202607;202607;FACX_5043;00;1LENI;N;1;0,6;0,00787;0,00;0,00;0,00;0,00;0,00;M;035
012;030;202607;202607;FACX_5070;00;1LENI;D;7474;19633,9;0,00787;154,52;5,85;0,00;160,37;0,00;M;035
012;030;202607;202607;FACX_5070;00;1LENI;D;8;17,2;0,00787;0,14;0,01;0,00;0,15;0,00;M;232
012;030;202607;202607;FACX_5070;00;1LENI;D;122684;371717,1;0,00787;2925,41;110,82;0,00;3036,23;0,00;M;355
012;030;202607;202607;FACX_5070;00;1LENI;D;18;28,3;0,00787;0,22;0,01;0,00;0,23;0,00;M;931
012;030;202607;202607;FACX_5070;00;1LENI;D;93;148,4;0,00787;1,17;0,04;0,00;1,21;0,00;M;934
012;030;202607;202607;FACX_5070;00;1LENI;N;6672;16120,4;0,00787;126,87;4,81;0,00;131,68;0,00;M;035
012;030;202607;202607;FACX_5070;00;1LENI;N;62946;147310,4;0,00787;1159,33;43,92;0,00;1203,25;0,00;M;355
012;030;202607;202607;FACX_5070;00;1LENI;N;19;54,7;0,00787;0,43;0,02;0,00;0,45;0,00;M;931
012;030;202607;202607;FACX_5070;00;1LENI;N;19;17,6;0,00787;0,14;0,01;0,00;0,15;0,00;M;934
012;030;202607;202607;FACX_5070;00;1LENI;R;4476;11948,8;0,00787;94,04;3,56;0,00;97,60;0,00;M;035
012;030;202607;202607;FACX_5070;00;1LENI;R;8624;15248,1;0,00787;120,00;4,55;0,00;124,55;0,00;M;355
012;030;202607;202607;FACX_5070;00;1LENI;R;3;7,4;0,00787;0,06;0,00;0,00;0,06;0,00;M;931
012;030;202607;202607;FACX_5070;00;1LENI;S;1417;4623,0;0,00787;36,38;1,38;0,00;37,76;0,00;M;035
012;030;202607;202607;FACX_5070;00;1LENI;S;474;587,3;0,00787;4,62;0,18;0,00;4,80;0,00;M;355
012;030;202607;202607;FACX_5071;00;1LENI;N;1;1,3;0,00787;0,01;0,00;0,00;0,01;0,00;M;355
012;030;202607;202607;FACX_5075;00;1LENI;D;1;11,1;0,00787;0,09;0,00;0,00;0,09;0,00;M;035
012;030;202607;202607;FACX_5080;00;1LENI;D;4065;7028,5;0,00787;55,31;2,10;0,00;57,41;0,00;M;355
012;030;202607;202607;FACX_5080;00;1LENI;N;2855;4518,3;0,00787;35,56;1,35;0,00;36,91;0,00;M;355
012;030;202607;202607;FACX_5080;00;1LENI;R;959;1491,7;0,00787;11,74;0,44;0,00;12,18;0,00;M;355
012;030;202607;202607;FACX_5080;00;1LENI;S;39;28,6;0,00787;0,23;0,01;0,00;0,24;0,00;M;355
012;030;202607;202607;FACX_5101;00;1LENI;D;1;4,0;0,00787;0,03;0,00;0,00;0,03;0,00;M;355
012;030;202607;202607;FACX_5101;00;1LENI;N;4;11,8;0,00787;0,09;0,00;0,00;0,09;0,00;M;355
012;030;202607;202607;FACX_5101;00;1LENI;R;1;1,1;0,00787;0,01;0,00;0,00;0,01;0,00;M;355
012;030;202607;202607;FACX_5135;00;1LENI;D;3;15,3;0,00787;0,12;0,00;0,00;0,12;0,00;M;355
012;030;202607;202607;FACX_5135;00;1LENI;N;1;0,5;0,00787;0,00;0,00;0,00;0,00;0,00;M;035
012;030;202607;202607;FACX_5135;00;1LENI;N;4;17,6;0,00787;0,14;0,01;0,00;0,15;0,00;M;355
012;030;202607;202607;FACX_6176;00;1LENI;D;9;13,6;0,00787;0,11;0,00;0,00;0,11;0,00;M;035
012;030;202607;202607;FACX_6176;00;1LENI;D;11;15,5;0,00787;0,12;0,00;0,00;0,12;0,00;M;355
012;030;202607;202607;FACX_6176;00;1LENI;N;3;5,5;0,00787;0,04;0,00;0,00;0,04;0,00;M;035
012;030;202607;202607;FACX_6176;00;1LENI;N;4;6,4;0,00787;0,05;0,00;0,00;0,05;0,00;M;355
012;030;202607;202607;FACX_6176;00;1LENI;R;4;9,8;0,00787;0,08;0,00;0,00;0,08;0,00;M;035
012;030;202607;202607;FACX_6176;00;1LENI;R;2;2,7;0,00787;0,02;0,00;0,00;0,02;0,00;M;355
012;030;202607;202607;FACX_6176;00;1LENI;S;2;1,0;0,00787;0,01;0,00;0,00;0,01;0,00;M;355
012;030;202607;202607;SPOX_0346;00;1LENI;D;1;1,1;0,00787;0,01;0,00;0,00;0,01;0,00;M;035
012;030;202607;202607;SPOX_9655;00;1LENI;D;5;4,6;0,00787;0,04;0,00;0,00;0,04;0,00;M;035
012;030;202607;202607;SPOX_9655;00;1LENI;D;13;29,4;0,00787;0,23;0,01;0,00;0,24;0,00;M;355
012;030;202607;202607;SPOX_9655;00;1LENI;N;3;5,2;0,00787;0,04;0,00;0,00;0,04;0,00;M;035
012;030;202607;202607;SPOX_9655;00;1LENI;N;11;35,5;0,00787;0,28;0,01;0,00;0,29;0,00;M;355
012;030;202607;202607;SPOX_9655;00;1LENI;R;2;3,1;0,00787;0,02;0,00;0,00;0,02;0,00;M;355
012;030;202607;202607;SPOX_9655;00;1LENI;S;1;0,5;0,00787;0,00;0,00;0,00;0,00;0,00;M;355
012;030;202607;202607;SPO_10151;00;1LENI;D;2;3,3;0,00787;0,03;0,00;0,00;0,03;0,00;M;035
012;030;202607;202607;SPO_10151;00;1LENI;D;4;16,1;0,00787;0,13;0,00;0,00;0,13;0,00;M;355
012;030;202607;202607;SPO_10151;00;1LENI;N;1;0,5;0,00787;0,00;0,00;0,00;0,00;0,00;M;035
012;030;202607;202607;SPO_10151;00;1LENI;N;5;16,1;0,00787;0,13;0,00;0,00;0,13;0,00;M;355
012;030;202607;202607;SPO_10155;00;1LENI;D;3;6,1;0,00787;0,05;0,00;0,00;0,05;0,00;M;355
012;030;202607;202607;SPO_10155;00;1LENI;N;2;5,4;0,00787;0,04;0,00;0,00;0,04;0,00;M;035
012;030;202607;202607;SPO_10155;00;1LENI;N;7;33,1;0,00787;0,26;0,01;0,00;0,27;0,00;M;355
012;030;202607;202607;SPO_11401;00;1LENI;D;2;8,4;0,00787;0,07;0,00;0,00;0,07;0,00;M;035
012;030;202607;202607;SPO_11401;00;1LENI;D;8;27,4;0,00787;0,22;0,01;0,00;0,23;0,00;M;355
012;030;202607;202607;SPO_11401;00;1LENI;N;3;33,7;0,00787;0,27;0,01;0,00;0,28;0,00;M;355
012;030;202607;202607;SPO_11401;00;1LENI;R;3;2,8;0,00787;0,02;0,00;0,00;0,02;0,00;M;355
012;030;202607;202607;SPO_11404;00;1LENI;D;2;1,9;0,00787;0,01;0,00;0,00;0,01;0,00;M;035
012;030;202607;202607;SPO_11404;00;1LENI;D;9;14,1;0,00787;0,11;0,00;0,00;0,11;0,00;M;355
012;030;202607;202607;SPO_11407;00;1LENI;D;10;63,4;0,00787;0,50;0,02;0,00;0,52;0,00;M;035
012;030;202607;202607;SPO_11407;00;1LENI;N;0;0,1;0,00787;0,00;0,00;0,00;0,00;0,00;M;035
012;030;202607;202607;ULAX_0226;00;1LENI;D;25079;50943,9;0,00787;400,93;15,19;0,00;416,12;0,00;M;355
012;030;202607;202607;ULAX_0226;00;1LENI;N;14265;26505,8;0,00787;208,60;7,90;0,00;216,50;0,00;M;355
012;030;202607;202607;ULAX_0226;00;1LENI;R;2797;4607,1;0,00787;36,26;1,37;0,00;37,63;0,00;M;355
012;030;202607;202607;ULAX_0226;00;1LENI;S;285;524,1;0,00787;4,12;0,16;0,00;4,28;0,00;M;355
012;030;202607;202607;ULAX_2826;00;1LENI;D;16;40,2;0,00787;0,32;0,01;0,00;0,33;0,00;M;B86
012;030;202607;202607;ULAX_2826;00;1LENI;D;3;1,9;0,00787;0,01;0,00;0,00;0,01;0,00;M;C02
012;030;202607;202607;ULAX_2826;00;1LENI;D;76;120,6;0,00787;0,95;0,04;0,00;0,99;0,00;M;K78
012;030;202607;202607;ULAX_2826;00;1LENI;N;1;0,5;0,00787;0,00;0,00;0,00;0,00;0,00;M;934
012;030;202607;202607;ULAX_2826;00;1LENI;N;9;21,9;0,00787;0,17;0,01;0,00;0,18;0,00;M;B86
012;030;202607;202607;ULAX_2826;00;1LENI;N;1;0,5;0,00787;0,00;0,00;0,00;0,00;0,00;M;C02
012;030;202607;202607;ULAX_2826;00;1LENI;N;59;82,3;0,00787;0,65;0,02;0,00;0,67;0,00;M;K78
012;030;202607;202607;ULAX_2826;00;1LENI;R;1;0,6;0,00787;0,00;0,00;0,00;0,00;0,00;M;321
012;030;202607;202607;ULAX_2826;00;1LENI;R;27;24,4;0,00787;0,19;0,01;0,00;0,20;0,00;M;K78
012;030;202607;202607;ULAX_4610;00;1LENI;D;17;14,1;0,00787;0,11;0,00;0,00;0,11;0,00;M;031
012;030;202607;202607;ULAX_4610;00;1LENI;D;8;83,1;0,00787;0,65;0,02;0,00;0,67;0,00;M;205
012;030;202607;202607;ULAX_4610;00;1LENI;D;1;1,1;0,00787;0,01;0,00;0,00;0,01;0,00;M;232
012;030;202607;202607;ULAX_4610;00;1LENI;D;997;1095,8;0,00787;8,62;0,33;0,00;8,95;0,00;M;355
012;030;202607;202607;ULAX_4610;00;1LENI;D;24;39,4;0,00787;0,31;0,01;0,00;0,32;0,00;M;C02
012;030;202607;202607;ULAX_4610;00;1LENI;N;13;9,2;0,00787;0,07;0,00;0,00;0,07;0,00;M;031
012;030;202607;202607;ULAX_4610;00;1LENI;N;2;10,3;0,00787;0,08;0,00;0,00;0,08;0,00;M;205
012;030;202607;202607;ULAX_4610;00;1LENI;N;561;549,5;0,00787;4,32;0,16;0,00;4,48;0,00;M;355
012;030;202607;202607;ULAX_4610;00;1LENI;N;18;21,7;0,00787;0,17;0,01;0,00;0,18;0,00;M;C02
012;030;202607;202607;ULAX_4610;00;1LENI;R;30;43,9;0,00787;0,35;0,01;0,00;0,36;0,00;M;031
012;030;202607;202607;ULAX_4610;00;1LENI;R;1;9,4;0,00787;0,07;0,00;0,00;0,07;0,00;M;205
012;030;202607;202607;ULAX_4610;00;1LENI;R;1;8,9;0,00787;0,07;0,00;0,00;0,07;0,00;M;232
012;030;202607;202607;ULAX_4610;00;1LENI;R;87;66,7;0,00787;0,52;0,02;0,00;0,54;0,00;M;355
012;030;202607;202607;ULAX_4610;00;1LENI;R;26;13,0;0,00787;0,10;0,00;0,00;0,10;0,00;M;C02
012;030;202607;202607;ULAX_4610;00;1LENI;S;8;12,5;0,00787;0,10;0,00;0,00;0,10;0,00;M;031
012;030;202607;202607;ULAX_4610;00;1LENI;S;8;5,1;0,00787;0,04;0,00;0,00;0,04;0,00;M;355
012;030;202607;202607;ULAX_4721;00;1LENI;D;49790;134192,5;0,00787;1056,09;40,01;0,00;1096,10;0,00;M;034
012;030;202607;202607;ULAX_4721;00;1LENI;D;38462;70838,9;0,00787;557,50;21,12;0,00;578,62;0,00;M;035
012;030;202607;202607;ULAX_4721;00;1LENI;D;103476;254119,6;0,00787;1999,92;75,76;0,00;2075,68;0,00;M;355
012;030;202607;202607;ULAX_4721;00;1LENI;N;42241;137071,3;0,00787;1078,75;40,87;0,00;1119,62;0,00;M;034
012;030;202607;202607;ULAX_4721;00;1LENI;N;26685;48443,0;0,00787;381,25;14,44;0,00;395,69;0,00;M;035
012;030;202607;202607;ULAX_4721;00;1LENI;N;56143;122427,9;0,00787;963,51;36,50;0,00;1000,01;0,00;M;355
012;030;202607;202607;ULAX_4721;00;1LENI;R;15848;66453,6;0,00787;522,99;19,81;0,00;542,80;0,00;M;034
012;030;202607;202607;ULAX_4721;00;1LENI;R;5904;12954,0;0,00787;101,95;3,86;0,00;105,81;0,00;M;035
012;030;202607;202607;ULAX_4721;00;1LENI;R;6780;12008,3;0,00787;94,51;3,58;0,00;98,09;0,00;M;355
012;030;202607;202607;ULAX_4721;00;1LENI;S;952;3460,5;0,00787;27,23;1,03;0,00;28,26;0,00;M;034
012;030;202607;202607;ULAX_4721;00;1LENI;S;195;189,8;0,00787;1,49;0,06;0,00;1,55;0,00;M;035
012;030;202607;202607;ULAX_4721;00;1LENI;S;423;670,8;0,00787;5,28;0,20;0,00;5,48;0,00;M;355
012;030;202607;202607;ULAX_4725;00;1LENI;D;617;1694,7;0,00787;13,34;0,51;0,00;13,85;0,00;M;035
012;030;202607;202607;ULAX_4725;00;1LENI;N;202;487,7;0,00787;3,84;0,15;0,00;3,99;0,00;M;035
012;030;202607;202607;ULAX_4725;00;1LENI;R;1;0,5;0,00787;0,00;0,00;0,00;0,00;0,00;M;035
012;030;202607;202607;ULAX_4728;00;1LENI;D;48436;129556,5;0,00787;1019,61;38,63;0,00;1058,24;0,00;M;034
012;030;202607;202607;ULAX_4728;00;1LENI;D;38849;71517,6;0,00787;562,84;21,32;0,00;584,16;0,00;M;035
012;030;202607;202607;ULAX_4728;00;1LENI;D;103780;252786,9;0,00787;1989,43;75,37;0,00;2064,80;0,00;M;355
012;030;202607;202607;ULAX_4728;00;1LENI;N;42519;140282,2;0,00787;1104,02;41,82;0,00;1145,84;0,00;M;034
012;030;202607;202607;ULAX_4728;00;1LENI;N;26047;47097,4;0,00787;370,66;14,04;0,00;384,70;0,00;M;035
012;030;202607;202607;ULAX_4728;00;1LENI;N;55608;121639,7;0,00787;957,30;36,27;0,00;993,57;0,00;M;355
012;030;202607;202607;ULAX_4728;00;1LENI;R;15944;64315,3;0,00787;506,16;19,18;0,00;525,34;0,00;M;034
012;030;202607;202607;ULAX_4728;00;1LENI;R;5940;12077,7;0,00787;95,05;3,60;0,00;98,65;0,00;M;035
012;030;202607;202607;ULAX_4728;00;1LENI;R;6772;11407,1;0,00787;89,77;3,40;0,00;93,17;0,00;M;355
012;030;202607;202607;ULAX_4728;00;1LENI;S;898;3288,3;0,00787;25,88;0,98;0,00;26,86;0,00;M;034
012;030;202607;202607;ULAX_4728;00;1LENI;S;214;258,2;0,00787;2,03;0,08;0,00;2,11;0,00;M;035
012;030;202607;202607;ULAX_4728;00;1LENI;S;437;624,5;0,00787;4,91;0,19;0,00;5,10;0,00;M;355
012;030;202607;202607;ULAX_4758;00;1LENI;D;182327;371240,4;0,00787;2921,66;110,69;0,00;3032,35;0,00;M;035
012;030;202607;202607;ULAX_4758;00;1LENI;D;62494;122274,1;0,00787;962,30;36,46;0,00;998,76;0,00;M;355
012;030;202607;202607;ULAX_4758;00;1LENI;N;110404;210362,6;0,00787;1655,55;62,72;0,00;1718,27;0,00;M;035
012;030;202607;202607;ULAX_4758;00;1LENI;N;39485;71809,2;0,00787;565,14;21,41;0,00;586,55;0,00;M;355
012;030;202607;202607;ULAX_4758;00;1LENI;R;25372;53048,1;0,00787;417,49;15,82;0,00;433,31;0,00;M;035
012;030;202607;202607;ULAX_4758;00;1LENI;R;9843;18074,1;0,00787;142,24;5,39;0,00;147,63;0,00;M;355
012;030;202607;202607;ULAX_4758;00;1LENI;S;2093;2802,7;0,00787;22,06;0,84;0,00;22,90;0,00;M;035
012;030;202607;202607;ULAX_4758;00;1LENI;S;541;656,6;0,00787;5,17;0,20;0,00;5,37;0,00;M;355
012;030;202607;202607;ULAX_4759;00;1LENI;D;1;1,3;0,00787;0,01;0,00;0,00;0,01;0,00;M;355
012;030;202607;202607;ULAX_4759;00;1LENI;R;1;9,4;0,00787;0,07;0,00;0,00;0,07;0,00;M;355
012;030;202607;202607;ULAX_4762;00;1LENI;D;415;891,7;0,00787;7,02;0,27;0,00;7,29;0,00;M;035
012;030;202607;202607;ULAX_4762;00;1LENI;D;1;0,7;0,00787;0,01;0,00;0,00;0,01;0,00;M;355
012;030;202607;202607;ULAX_4762;00;1LENI;N;264;668,4;0,00787;5,26;0,20;0,00;5,46;0,00;M;035
012;030;202607;202607;ULAX_4762;00;1LENI;R;42;145,2;0,00787;1,14;0,04;0,00;1,18;0,00;M;035
012;030;202607;202607;ULAX_4762;00;1LENI;S;5;6,1;0,00787;0,05;0,00;0,00;0,05;0,00;M;035
012;030;202607;202607;ULAX_4765;00;1LENI;D;173187;348982,3;0,00787;2746,49;104,05;0,00;2850,54;0,00;M;035
012;030;202607;202607;ULAX_4765;00;1LENI;D;58897;115041,0;0,00787;905,37;34,30;0,00;939,67;0,00;M;355
012;030;202607;202607;ULAX_4765;00;1LENI;N;107315;207261,7;0,00787;1631,15;61,80;0,00;1692,95;0,00;M;035
012;030;202607;202607;ULAX_4765;00;1LENI;N;37647;68290,8;0,00787;537,45;20,36;0,00;557,81;0,00;M;355
012;030;202607;202607;ULAX_4765;00;1LENI;R;25423;52104,0;0,00787;410,06;15,54;0,00;425,60;0,00;M;035
012;030;202607;202607;ULAX_4765;00;1LENI;R;9763;17261,3;0,00787;135,85;5,15;0,00;141,00;0,00;M;355
012;030;202607;202607;ULAX_4765;00;1LENI;S;2082;2679,2;0,00787;21,09;0,80;0,00;21,89;0,00;M;035
012;030;202607;202607;ULAX_4765;00;1LENI;S;510;559,1;0,00787;4,40;0,17;0,00;4,57;0,00;M;355
012;030;202607;;;01;;;1808775;4069993,00;;32030,79;1213,44;0,00;33244,23;0,00;;
012;044;202607;202607;FACX_0068;00;1LENI;N;1;6,0;0,00787;0,05;0,00;0,00;0,05;0,00;M;431
012;044;202607;202607;FACX_0068;00;1LENI;R;1;2,3;0,00787;0,02;0,00;0,00;0,02;0,00;M;431
012;044;202607;202607;FACX_5135;00;1LENI;D;1;1,8;0,00787;0,01;0,00;0,00;0,01;0,00;M;431
012;044;202607;202607;FACX_5135;00;1LENI;N;2;5,9;0,00787;0,05;0,00;0,00;0,05;0,00;M;431
012;044;202607;202607;FACX_5135;00;1LENI;R;1;3,9;0,00787;0,03;0,00;0,00;0,03;0,00;M;431
012;044;202607;202607;SPOX_0810;00;1LENI;N;1;2,5;0,00787;0,02;0,00;0,00;0,02;0,00;M;431
012;044;202607;202607;SPOX_9655;00;1LENI;D;4;15,7;0,00787;0,12;0,00;0,00;0,12;0,00;M;431
012;044;202607;202607;SPOX_9655;00;1LENI;S;1;0,5;0,00787;0,00;0,00;0,00;0,00;0,00;M;431
012;044;202607;202607;SPO_10151;00;1LENI;D;12;7,9;0,00787;0,06;0,00;0,00;0,06;0,00;M;431
012;044;202607;202607;SPO_10151;00;1LENI;N;3;1,5;0,00787;0,01;0,00;0,00;0,01;0,00;M;431
012;044;202607;202607;SPO_10155;00;1LENI;D;8;4,3;0,00787;0,03;0,00;0,00;0,03;0,00;M;431
012;044;202607;202607;SPO_10155;00;1LENI;N;5;3,6;0,00787;0,03;0,00;0,00;0,03;0,00;M;431
012;044;202607;202607;SPO_11181;00;1LENI;D;3;6,2;0,00787;0,05;0,00;0,00;0,05;0,00;M;431
012;044;202607;202607;SPO_11181;00;1LENI;N;1;0,5;0,00787;0,00;0,00;0,00;0,00;0,00;M;431
012;044;202607;202607;SPO_11181;00;1LENI;R;1;0,6;0,00787;0,00;0,00;0,00;0,00;0,00;M;431
012;044;202607;202607;SPO_11401;00;1LENI;D;7;30,6;0,00787;0,24;0,01;0,00;0,25;0,00;M;431
012;044;202607;202607;SPO_11401;00;1LENI;N;1;0,9;0,00787;0,01;0,00;0,00;0,01;0,00;M;431
012;044;202607;202607;SPO_11404;00;1LENI;N;4;2,8;0,00787;0,02;0,00;0,00;0,02;0,00;M;431
012;044;202607;202607;SPO_11404;00;1LENI;R;1;1,0;0,00787;0,01;0,00;0,00;0,01;0,00;M;431
012;044;202607;;;01;;;58;98,50;;0,76;0,01;0,00;0,77;0,00;;
012;045;202607;202605;SPO_10064;00;1LENI;D;1;0,5;0,00787;0,00;0,00;0,00;0,00;0,00;M;363
012;045;202607;202606;SPO_10064;00;1LENI;N;1;1,7;0,00787;0,01;0,00;0,00;0,01;0,00;M;363
012;045;202607;202607;FACX_5042;00;1LENI;N;1;1,1;0,00787;0,01;0,00;0,00;0,01;0,00;M;363
012;045;202607;202607;FACX_5135;00;1LENI;D;4;6,3;0,00787;0,05;0,00;0,00;0,05;0,00;M;363
012;045;202607;202607;FACX_5135;00;1LENI;N;2;4,5;0,00787;0,04;0,00;0,00;0,04;0,00;M;363
012;045;202607;202607;FACX_5135;00;1LENI;R;1;0,9;0,00787;0,01;0,00;0,00;0,01;0,00;M;363
012;045;202607;202607;FACX_6176;00;1LENI;D;1;0,9;0,00787;0,01;0,00;0,00;0,01;0,00;M;363
012;045;202607;202607;FACX_6176;00;1LENI;N;1;2,5;0,00787;0,02;0,00;0,00;0,02;0,00;M;363
012;045;202607;202607;SPOX_6698;00;1LENI;D;155;221,2;0,00787;1,74;0,07;0,00;1,81;0,00;M;047
012;045;202607;202607;SPOX_6698;00;1LENI;D;4;9,0;0,00787;0,07;0,00;0,00;0,07;0,00;M;247
012;045;202607;202607;SPOX_6698;00;1LENI;D;20;189,8;0,00787;1,49;0,06;0,00;1,55;0,00;M;258
012;045;202607;202607;SPOX_6698;00;1LENI;D;1;10,0;0,00787;0,08;0,00;0,00;0,08;0,00;M;917
012;045;202607;202607;SPOX_6698;00;1LENI;D;35;276,9;0,00787;2,18;0,08;0,00;2,26;0,00;M;948
012;045;202607;202607;SPOX_6698;00;1LENI;N;164;214,0;0,00787;1,68;0,06;0,00;1,74;0,00;M;047
012;045;202607;202607;SPOX_6698;00;1LENI;N;22;300,9;0,00787;2,37;0,09;0,00;2,46;0,00;M;258
012;045;202607;202607;SPOX_6698;00;1LENI;N;12;64,7;0,00787;0,51;0,02;0,00;0,53;0,00;M;948
012;045;202607;202607;SPOX_6698;00;1LENI;R;141;168,2;0,00787;1,32;0,05;0,00;1,37;0,00;M;047
012;045;202607;202607;SPOX_6698;00;1LENI;R;2;1,2;0,00787;0,01;0,00;0,00;0,01;0,00;M;247
012;045;202607;202607;SPOX_6698;00;1LENI;R;6;34,1;0,00787;0,27;0,01;0,00;0,28;0,00;M;258
012;045;202607;202607;SPOX_6698;00;1LENI;R;14;92,0;0,00787;0,72;0,03;0,00;0,75;0,00;M;948
012;045;202607;202607;SPOX_6698;00;1LENI;S;23;37,8;0,00787;0,30;0,01;0,00;0,31;0,00;M;047
012;045;202607;202607;SPOX_6698;00;1LENI;S;1;0,5;0,00787;0,00;0,00;0,00;0,00;0,00;M;258
012;045;202607;202607;SPOX_6699;00;1LENI;D;4;4,4;0,00787;0,03;0,00;0,00;0,03;0,00;M;363
012;045;202607;202607;SPOX_6699;00;1LENI;N;5;7,4;0,00787;0,06;0,00;0,00;0,06;0,00;M;363
012;045;202607;202607;SPOX_9655;00;1LENI;D;2;4,9;0,00787;0,04;0,00;0,00;0,04;0,00;M;363
012;045;202607;202607;SPOX_9655;00;1LENI;N;5;12,1;0,00787;0,10;0,00;0,00;0,10;0,00;M;363
012;045;202607;202607;SPOX_9655;00;1LENI;R;3;6,8;0,00787;0,05;0,00;0,00;0,05;0,00;M;363
012;045;202607;202607;SPO_10064;00;1LENI;D;10;56,0;0,00787;0,44;0,02;0,00;0,46;0,00;M;247
012;045;202607;202607;SPO_10064;00;1LENI;D;2;5,8;0,00787;0,05;0,00;0,00;0,05;0,00;M;258
012;045;202607;202607;SPO_10064;00;1LENI;D;101268;269130,9;0,00787;2118,06;80,24;0,00;2198,30;0,00;M;363
012;045;202607;202607;SPO_10064;00;1LENI;D;7;12,2;0,00787;0,10;0,00;0,00;0,10;0,00;M;948
012;045;202607;202607;SPO_10064;00;1LENI;D;20;54,0;0,00787;0,42;0,02;0,00;0,44;0,00;M;B21
012;045;202607;202607;SPO_10064;00;1LENI;D;8;19,7;0,00787;0,16;0,01;0,00;0,17;0,00;M;D61
012;045;202607;202607;SPO_10064;00;1LENI;N;1;1,4;0,00787;0,01;0,00;0,00;0,01;0,00;M;247
012;045;202607;202607;SPO_10064;00;1LENI;N;1;0,5;0,00787;0,00;0,00;0,00;0,00;0,00;M;258
012;045;202607;202607;SPO_10064;00;1LENI;N;44952;104816,3;0,00787;824,90;31,25;0,00;856,15;0,00;M;363
012;045;202607;202607;SPO_10064;00;1LENI;N;1;0,6;0,00787;0,00;0,00;0,00;0,00;0,00;M;764
012;045;202607;202607;SPO_10064;00;1LENI;N;1;2,8;0,00787;0,02;0,00;0,00;0,02;0,00;M;917
012;045;202607;202607;SPO_10064;00;1LENI;N;2;4,7;0,00787;0,04;0,00;0,00;0,04;0,00;M;948
012;045;202607;202607;SPO_10064;00;1LENI;N;4;9,0;0,00787;0,07;0,00;0,00;0,07;0,00;M;B21
012;045;202607;202607;SPO_10064;00;1LENI;N;4;7,5;0,00787;0,06;0,00;0,00;0,06;0,00;M;D61
012;045;202607;202607;SPO_10064;00;1LENI;R;8927;16268,0;0,00787;128,03;4,85;0,00;132,88;0,00;M;363
012;045;202607;202607;SPO_10064;00;1LENI;R;2;4,7;0,00787;0,04;0,00;0,00;0,04;0,00;M;D61
012;045;202607;202607;SPO_10064;00;1LENI;S;934;1753,2;0,00787;13,80;0,52;0,00;14,32;0,00;M;363
012;045;202607;202607;SPO_10064;00;1LENI;S;2;6,3;0,00787;0,05;0,00;0,00;0,05;0,00;M;D61
012;045;202607;202607;SPO_10151;00;1LENI;N;5;18,8;0,00787;0,15;0,01;0,00;0,16;0,00;M;363
012;045;202607;202607;SPO_10155;00;1LENI;D;1;0,5;0,00787;0,00;0,00;0,00;0,00;0,00;M;363
012;045;202607;202607;SPO_10155;00;1LENI;N;1;1,3;0,00787;0,01;0,00;0,00;0,01;0,00;M;363
012;045;202607;202607;SPO_10685;00;1LENI;D;2;13,4;0,00787;0,11;0,00;0,00;0,11;0,00;M;258
012;045;202607;202607;SPO_10685;00;1LENI;D;9693;29268,9;0,00787;230,35;8,73;0,00;239,08;0,00;M;363
012;045;202607;202607;SPO_10685;00;1LENI;N;4580;12410,8;0,00787;97,67;3,70;0,00;101,37;0,00;M;363
012;045;202607;202607;SPO_10685;00;1LENI;R;739;1824,3;0,00787;14,36;0,54;0,00;14,90;0,00;M;363
012;045;202607;202607;SPO_10685;00;1LENI;S;123;243,8;0,00787;1,92;0,07;0,00;1,99;0,00;M;363
012;045;202607;202607;SPO_11141;00;1LENI;D;4;8,1;0,00787;0,06;0,00;0,00;0,06;0,00;M;363
012;045;202607;202607;SPO_11181;00;1LENI;D;1;7,8;0,00787;0,06;0,00;0,00;0,06;0,00;M;363
012;045;202607;202607;SPO_11401;00;1LENI;N;1;2,1;0,00787;0,02;0,00;0,00;0,02;0,00;M;363
012;045;202607;202607;SPO_11401;00;1LENI;R;2;1,8;0,00787;0,01;0,00;0,00;0,01;0,00;M;363
012;045;202607;202607;SPO_11404;00;1LENI;D;1;1,4;0,00787;0,01;0,00;0,00;0,01;0,00;M;363
012;045;202607;202607;SPO_11404;00;1LENI;N;1;2,7;0,00787;0,02;0,00;0,00;0,02;0,00;M;363
012;045;202607;;;01;;;171931;437633,60;;3444,17;130,44;0,00;3574,61;0,00;;
012;050;202607;202605;SPO_11364;00;1LENI;D;1;0,5;0,00787;0,00;0,00;0,00;0,00;0,00;M;361
012;050;202607;202607;FACX_0068;00;1LENI;N;1;3,6;0,00787;0,03;0,00;0,00;0,03;0,00;M;361
012;050;202607;202607;FACX_0068;00;1LENI;R;1;5,0;0,00787;0,04;0,00;0,00;0,04;0,00;M;361
012;050;202607;202607;SPOX_0811;00;1LENI;D;23249;60344,1;0,00787;474,91;17,99;0,00;492,90;0,00;M;361
012;050;202607;202607;SPOX_0811;00;1LENI;N;9633;22795,8;0,00787;179,40;6,80;0,00;186,20;0,00;M;361
012;050;202607;202607;SPOX_0811;00;1LENI;R;1155;2156,1;0,00787;16,97;0,64;0,00;17,61;0,00;M;361
012;050;202607;202607;SPOX_0811;00;1LENI;S;163;294,6;0,00787;2,32;0,09;0,00;2,41;0,00;M;361
012;050;202607;202607;SPOX_0812;00;1LENI;D;33;51,2;0,00787;0,40;0,02;0,00;0,42;0,00;M;361
012;050;202607;202607;SPOX_0812;00;1LENI;N;4;5,0;0,00787;0,04;0,00;0,00;0,04;0,00;M;361
012;050;202607;202607;SPOX_0812;00;1LENI;R;3;1,7;0,00787;0,01;0,00;0,00;0,01;0,00;M;361
012;050;202607;202607;SPOX_0835;00;1LENI;D;11300;28198,4;0,00787;221,92;8,41;0,00;230,33;0,00;M;361
012;050;202607;202607;SPOX_0835;00;1LENI;N;4678;10896,8;0,00787;85,76;3,25;0,00;89,01;0,00;M;361
012;050;202607;202607;SPOX_0835;00;1LENI;R;581;1217,3;0,00787;9,58;0,36;0,00;9,94;0,00;M;361
012;050;202607;202607;SPOX_0835;00;1LENI;S;61;109,1;0,00787;0,86;0,03;0,00;0,89;0,00;M;361
012;050;202607;202607;SPOX_9655;00;1LENI;D;7;41,4;0,00787;0,33;0,01;0,00;0,34;0,00;M;361
012;050;202607;202607;SPOX_9655;00;1LENI;N;6;23,9;0,00787;0,19;0,01;0,00;0,20;0,00;M;361
012;050;202607;202607;SPOX_9655;00;1LENI;R;1;17,1;0,00787;0,13;0,01;0,00;0,14;0,00;M;361
012;050;202607;202607;SPO_10151;00;1LENI;D;1;0,5;0,00787;0,00;0,00;0,00;0,00;0,00;M;361
012;050;202607;202607;SPO_10155;00;1LENI;D;1;2,4;0,00787;0,02;0,00;0,00;0,02;0,00;M;361
012;050;202607;202607;SPO_11360;00;1LENI;D;4721;10112,3;0,00787;79,58;3,01;0,00;82,59;0,00;M;361
012;050;202607;202607;SPO_11360;00;1LENI;N;2443;4861,2;0,00787;38,26;1,45;0,00;39,71;0,00;M;361
012;050;202607;202607;SPO_11360;00;1LENI;R;974;1592,6;0,00787;12,53;0,47;0,00;13,00;0,00;M;361
012;050;202607;202607;SPO_11360;00;1LENI;S;100;137,3;0,00787;1,08;0,04;0,00;1,12;0,00;M;361
012;050;202607;202607;SPO_11361;00;1LENI;D;1;6,7;0,00787;0,05;0,00;0,00;0,05;0,00;M;361
012;050;202607;202607;SPO_11364;00;1LENI;D;56763;167118,5;0,00787;1315,22;49,83;0,00;1365,05;0,00;M;361
012;050;202607;202607;SPO_11364;00;1LENI;N;23989;59241,1;0,00787;466,23;17,66;0,00;483,89;0,00;M;361
012;050;202607;202607;SPO_11364;00;1LENI;R;4705;8073,2;0,00787;63,54;2,41;0,00;65,95;0,00;M;361
012;050;202607;202607;SPO_11364;00;1LENI;S;416;738,9;0,00787;5,82;0,22;0,00;6,04;0,00;M;361
012;050;202607;202607;SPO_11365;00;1LENI;D;2;1,2;0,00787;0,01;0,00;0,00;0,01;0,00;M;361
012;050;202607;202607;SPO_11368;00;1LENI;D;15512;33771,1;0,00787;265,78;10,07;0,00;275,85;0,00;M;361
012;050;202607;202607;SPO_11368;00;1LENI;N;6364;11934,6;0,00787;93,93;3,56;0,00;97,49;0,00;M;361
012;050;202607;202607;SPO_11368;00;1LENI;R;1631;2718,2;0,00787;21,39;0,81;0,00;22,20;0,00;M;361
012;050;202607;202607;SPO_11368;00;1LENI;S;213;291,1;0,00787;2,29;0,09;0,00;2,38;0,00;M;361
012;050;202607;;;01;;;168713;426762,50;;3358,62;127,24;0,00;3485,86;0,00;;
012;060;202607;202607;FACX_5135;00;1LENI;D;2;1,0;0,00787;0,01;0,00;0,00;0,01;0,00;M;661
012;060;202607;202607;FACX_5135;00;1LENI;N;3;2,1;0,00787;0,02;0,00;0,00;0,02;0,00;M;661
012;060;202607;202607;FACX_5135;00;1LENI;R;1;0,5;0,00787;0,00;0,00;0,00;0,00;0,00;M;661
012;060;202607;202607;SPOX_9655;00;1LENI;D;6;26,2;0,00787;0,21;0,01;0,00;0,22;0,00;M;661
012;060;202607;202607;SPOX_9655;00;1LENI;N;4;18,0;0,00787;0,14;0,01;0,00;0,15;0,00;M;661
012;060;202607;202607;SPOX_9655;00;1LENI;R;3;3,1;0,00787;0,02;0,00;0,00;0,02;0,00;M;661
012;060;202607;202607;SPOX_9655;00;1LENI;S;1;0,5;0,00787;0,00;0,00;0,00;0,00;0,00;M;661
012;060;202607;202607;SPO_10155;00;1LENI;D;2;2,0;0,00787;0,02;0,00;0,00;0,02;0,00;M;661
012;060;202607;202607;SPO_11401;00;1LENI;D;2;1,7;0,00787;0,01;0,00;0,00;0,01;0,00;M;661
012;060;202607;202607;SPO_11404;00;1LENI;D;3;2,4;0,00787;0,02;0,00;0,00;0,02;0,00;M;661
012;060;202607;202607;SPO_11404;00;1LENI;N;2;2,0;0,00787;0,02;0,00;0,00;0,02;0,00;M;661
012;060;202607;202607;SPO_14635;00;1LENI;D;1;28,6;0,00787;0,23;0,01;0,00;0,24;0,00;M;661
012;060;202607;;;01;;;30;88,10;;0,70;0,03;0,00;0,73;0,00;;
012;068;202607;202605;ULAX_0953;00;1LENI;N;1;1,8;0,00787;0,01;0,00;0,00;0,01;0,00;M;674
012;068;202607;202607;SPOX_0134;00;1LENI;D;1;4,9;0,00787;0,04;0,00;0,00;0,04;0,00;M;048
012;068;202607;202607;ULAX_0953;00;1LENI;D;1171;3969,3;0,00787;31,24;1,18;0,00;32,42;0,00;M;674
012;068;202607;202607;ULAX_0953;00;1LENI;N;361;1053,0;0,00787;8,29;0,31;0,00;8,60;0,00;M;674
012;068;202607;202607;ULAX_0953;00;1LENI;R;20;31,1;0,00787;0,24;0,01;0,00;0,25;0,00;M;674
012;068;202607;202607;ULAX_0953;00;1LENI;S;1;1,8;0,00787;0,01;0,00;0,00;0,01;0,00;M;674
012;068;202607;202607;ULAX_4006;00;1LENI;D;2206;3940,7;0,00787;31,01;1,18;0,00;32,19;0,00;M;048
012;068;202607;202607;ULAX_4006;00;1LENI;D;6353;15378,5;0,00787;121,03;4,59;0,00;125,62;0,00;M;674
012;068;202607;202607;ULAX_4006;00;1LENI;N;1568;2502,7;0,00787;19,70;0,75;0,00;20,45;0,00;M;048
012;068;202607;202607;ULAX_4006;00;1LENI;N;3980;7743,7;0,00787;60,94;2,31;0,00;63,25;0,00;M;674
012;068;202607;202607;ULAX_4006;00;1LENI;R;428;801,5;0,00787;6,31;0,24;0,00;6,55;0,00;M;048
012;068;202607;202607;ULAX_4006;00;1LENI;R;1317;2010,7;0,00787;15,82;0,60;0,00;16,42;0,00;M;674
012;068;202607;202607;ULAX_4006;00;1LENI;S;9;13,2;0,00787;0,10;0,00;0,00;0,10;0,00;M;048
012;068;202607;202607;ULAX_4006;00;1LENI;S;58;81,9;0,00787;0,64;0,02;0,00;0,66;0,00;M;674
012;068;202607;202607;ULAX_4113;00;1LENI;D;26233;91454,9;0,00787;719,75;27,27;0,00;747,02;0,00;M;674
012;068;202607;202607;ULAX_4113;00;1LENI;N;12640;32957,2;0,00787;259,37;9,83;0,00;269,20;0,00;M;674
012;068;202607;202607;ULAX_4113;00;1LENI;R;1392;3268,1;0,00787;25,72;0,97;0,00;26,69;0,00;M;674
012;068;202607;202607;ULAX_4113;00;1LENI;S;121;205,8;0,00787;1,62;0,06;0,00;1,68;0,00;M;674
012;068;202607;;;01;;;57860;165420,80;;1301,84;49,32;0,00;1351,16;0,00;;
012;070;202607;202607;FACX_5135;00;1LENI;S;1;0,5;0,00787;0,00;0,00;0,00;0,00;0,00;M;317
012;070;202607;202607;SPOX_9655;00;1LENI;D;11;73,1;0,00787;0,58;0,02;0,00;0,60;0,00;M;317
012;070;202607;202607;SPOX_9655;00;1LENI;N;7;12,2;0,00787;0,10;0,00;0,00;0,10;0,00;M;317
012;070;202607;202607;SPO_11401;00;1LENI;N;2;2,4;0,00787;0,02;0,00;0,00;0,02;0,00;M;317
012;070;202607;202607;SPO_11404;00;1LENI;D;3;43,6;0,00787;0,34;0,01;0,00;0,35;0,00;M;317
012;070;202607;202607;SPO_11404;00;1LENI;N;3;7,8;0,00787;0,06;0,00;0,00;0,06;0,00;M;317
012;070;202607;;;01;;;27;139,60;;1,10;0,03;0,00;1,13;0,00;;
012;078;202607;202605;SPO_10320;00;1LENI;D;2;1,6;0,00787;0,01;0,00;0,00;0,01;0,00;M;364
012;078;202607;202607;SPOX_9655;00;1LENI;D;2;2,0;0,00787;0,02;0,00;0,00;0,02;0,00;M;364
012;078;202607;202607;SPOX_9655;00;1LENI;N;1;1,3;0,00787;0,01;0,00;0,00;0,01;0,00;M;364
012;078;202607;202607;SPO_10155;00;1LENI;D;1;6,1;0,00787;0,05;0,00;0,00;0,05;0,00;M;364
012;078;202607;202607;SPO_10320;00;1LENI;D;6661;13057,2;0,00787;102,76;3,89;0,00;106,65;0,00;M;364
012;078;202607;202607;SPO_10320;00;1LENI;N;4252;7706,6;0,00787;60,65;2,30;0,00;62,95;0,00;M;364
012;078;202607;202607;SPO_10320;00;1LENI;R;576;794,8;0,00787;6,26;0,24;0,00;6,50;0,00;M;364
012;078;202607;202607;SPO_10320;00;1LENI;S;47;41,2;0,00787;0,32;0,01;0,00;0,33;0,00;M;364
012;078;202607;202607;SPO_11922;00;1LENI;D;1;2,8;0,00787;0,02;0,00;0,00;0,02;0,00;M;364
012;078;202607;;;01;;;11543;21613,60;;170,10;6,44;0,00;176,54;0,00;;
012;452;202607;202607;SPOX_9655;00;1LENI;D;2;4,8;0,00787;0,04;0,00;0,00;0,04;0,00;M;316
012;452;202607;;;01;;;2;4,80;;0,04;0,00;0,00;0,04;0,00;;
012;453;202607;202607;SPOX_9655;00;1LENI;D;5;29,2;0,00787;0,23;0,01;0,00;0,24;0,00;M;356
012;453;202607;202607;SPOX_9655;00;1LENI;N;2;1,3;0,00787;0,01;0,00;0,00;0,01;0,00;M;356
012;453;202607;202607;SPO_14672;00;1LENI;D;14;106,6;0,00787;0,84;0,03;0,00;0,87;0,00;M;356
012;453;202607;202607;SPO_14672;00;1LENI;N;5;27,9;0,00787;0,22;0,01;0,00;0,23;0,00;M;356
012;453;202607;;;01;;;26;165,00;;1,30;0,05;0,00;1,35;0,00;;
012;454;202607;202607;SPOX_9655;00;1LENI;D;10;104,5;0,00787;0,82;0,03;0,00;0,85;0,00;M;359
012;454;202607;202607;SPOX_9655;00;1LENI;N;7;18,5;0,00787;0,15;0,01;0,00;0,16;0,00;M;359
012;454;202607;202607;SPOX_9655;00;1LENI;R;3;5,6;0,00787;0,04;0,00;0,00;0,04;0,00;M;359
012;454;202607;;;01;;;20;128,60;;1,01;0,04;0,00;1,05;0,00;;
012;455;202607;202607;SPOX_9655;00;1LENI;D;986;4786,5;0,00787;37,67;1,43;0,00;39,10;0,00;M;318
012;455;202607;202607;SPOX_9655;00;1LENI;N;670;3425,1;0,00787;26,96;1,02;0,00;27,98;0,00;M;318
012;455;202607;202607;SPOX_9655;00;1LENI;R;158;836,5;0,00787;6,58;0,25;0,00;6,83;0,00;M;318
012;455;202607;202607;SPOX_9655;00;1LENI;S;9;52,2;0,00787;0,41;0,02;0,00;0,43;0,00;M;318
012;455;202607;202607;SPO_10151;00;1LENI;D;1;0,5;0,00787;0,00;0,00;0,00;0,00;0,00;M;318
012;455;202607;202607;SPO_10155;00;1LENI;D;1;0,5;0,00787;0,00;0,00;0,00;0,00;0,00;M;318
012;455;202607;202607;SPO_11401;00;1LENI;D;2;11,5;0,00787;0,09;0,00;0,00;0,09;0,00;M;318
012;455;202607;202607;SPO_11401;00;1LENI;N;1;11,5;0,00787;0,09;0,00;0,00;0,09;0,00;M;318
012;455;202607;202607;SPO_11404;00;1LENI;D;1;0,5;0,00787;0,00;0,00;0,00;0,00;0,00;M;318
012;455;202607;202607;SPO_11404;00;1LENI;N;1;0,5;0,00787;0,00;0,00;0,00;0,00;0,00;M;318
012;455;202607;;;01;;;1830;9125,30;;71,80;2,72;0,00;74,52;0,00;;
012;457;202607;202607;FACX_6176;00;1LENI;N;2;1,8;0,00787;0,01;0,00;0,00;0,01;0,00;M;357
012;457;202607;202607;FACX_6176;00;1LENI;R;2;2,0;0,00787;0,02;0,00;0,00;0,02;0,00;M;357
012;457;202607;202607;SPOX_9655;00;1LENI;D;15;71,9;0,00787;0,57;0,02;0,00;0,59;0,00;M;357
012;457;202607;202607;SPOX_9655;00;1LENI;N;4;39,5;0,00787;0,31;0,01;0,00;0,32;0,00;M;357
012;457;202607;202607;SPOX_9655;00;1LENI;R;3;5,2;0,00787;0,04;0,00;0,00;0,04;0,00;M;357
012;457;202607;202607;SPOX_9655;00;1LENI;S;1;0,5;0,00787;0,00;0,00;0,00;0,00;0,00;M;357
012;457;202607;202607;SPO_10155;00;1LENI;N;1;0,5;0,00787;0,00;0,00;0,00;0,00;0,00;M;357
012;457;202607;;;01;;;28;121,40;;0,95;0,03;0,00;0,98;0,00;;
025;010;202607;202607;FACX_0127;00;4LENL;N;4319;9462,8;0,00631;59,71;2,26;0,00;61,97;0,00;M;025
025;010;202607;202607;FACX_0127;00;4LENL;R;383;961,1;0,00441;4,24;0,16;0,00;4,40;0,00;M;025
025;010;202607;202607;FACX_0127;00;LENL;N;268;494,8;0,00631;3,12;0,12;0,00;3,24;0,00;M;025
025;010;202607;202607;FACX_0127;00;LENL;R;62;102,2;0,00441;0,45;0,02;0,00;0,47;0,00;M;025
025;010;202607;202607;FACX_0273;00;LENL;N;4;4,1;0,00631;0,03;0,00;0,00;0,03;0,00;M;025
025;010;202607;202607;FACX_4955;00;4LENL;N;1879;3088,2;0,00631;19,49;0,74;0,00;20,23;0,00;M;025
025;010;202607;202607;FACX_4955;00;4LENL;R;227;353,7;0,00441;1,56;0,06;0,00;1,62;0,00;M;025
025;010;202607;202607;FACX_4955;00;LENL;N;4214;9028,9;0,00631;56,97;2,16;0,00;59,13;0,00;M;025
025;010;202607;202607;FACX_4955;00;LENL;R;391;769,8;0,00441;3,39;0,13;0,00;3,52;0,00;M;025
025;010;202607;202607;FACX_5042;00;LENL;N;25871;54765,6;0,00631;345,57;13,09;0,00;358,66;0,00;M;025
025;010;202607;202607;FACX_5042;00;LENL;R;2353;5933,6;0,00441;26,17;0,99;0,00;27,16;0,00;M;025
025;010;202607;202607;FACX_5043;00;LENL;N;26;32,4;0,00631;0,20;0,01;0,00;0,21;0,00;M;025
025;010;202607;202607;FACX_5043;00;LENL;R;1;0,5;0,00441;0,00;0,00;0,00;0,00;0,00;M;025
025;010;202607;202607;FACX_5060;00;LENL;N;88356;205710,4;0,00631;1298,03;49,17;0,00;1347,20;0,00;M;025
025;010;202607;202607;FACX_5060;00;LENL;R;7134;14043,9;0,00441;61,93;2,35;0,00;64,28;0,00;M;025
025;010;202607;202607;FACX_5061;00;LENL;N;634;1513,4;0,00631;9,55;0,36;0,00;9,91;0,00;M;025
025;010;202607;202607;FACX_5061;00;LENL;R;61;217,2;0,00441;0,96;0,04;0,00;1,00;0,00;M;025
025;010;202607;202607;FACX_5064;00;LENL;N;33;110,4;0,00631;0,70;0,03;0,00;0,73;0,00;M;025
025;010;202607;202607;FACX_5064;00;LENL;R;5;6,2;0,00441;0,03;0,00;0,00;0,03;0,00;M;025
025;010;202607;202607;FACX_5107;00;LENL;N;1139;2292,2;0,00631;14,46;0,55;0,00;15,01;0,00;M;025
025;010;202607;202607;FACX_5107;00;LENL;R;124;260,5;0,00441;1,15;0,04;0,00;1,19;0,00;M;025
025;010;202607;202607;FACX_5135;00;LENL;N;21;24,1;0,00631;0,15;0,01;0,00;0,16;0,00;M;025
025;010;202607;202607;FACX_5135;00;LENL;R;3;4,5;0,00441;0,02;0,00;0,00;0,02;0,00;M;025
025;010;202607;202607;FACX_6176;00;LENL;N;11769;24321,6;0,00631;153,47;5,81;0,00;159,28;0,00;M;025
025;010;202607;202607;FACX_6176;00;LENL;R;1045;2676,4;0,00441;11,80;0,45;0,00;12,25;0,00;M;025
025;010;202607;202607;SPOX_0046;00;LENL;N;12;17,1;0,00631;0,11;0,00;0,00;0,11;0,00;M;025
025;010;202607;202607;SPOX_0046;00;LENL;R;4;4,4;0,00441;0,02;0,00;0,00;0,02;0,00;M;025
025;010;202607;;;01;;;150338;336200,00;;2073,28;78,55;0,00;2151,83;0,00;;
035;030;202607;202605;ULAX_4758;00;LENL;N;1;1,1;0,00631;0,01;0,00;0,00;0,01;0,00;M;035
035;030;202607;202605;ULAX_4758;00;LENL;R;3;3,6;0,00441;0,02;0,00;0,00;0,02;0,00;M;035
035;030;202607;202605;ULAX_4765;00;LENL;N;3;3,2;0,00631;0,02;0,00;0,00;0,02;0,00;M;035
035;030;202607;202606;ULAX_4758;00;LENL;N;3;2,1;0,00631;0,01;0,00;0,00;0,01;0,00;M;035
035;030;202607;202606;ULAX_4765;00;LENL;N;6;8,7;0,00631;0,05;0,00;0,00;0,05;0,00;M;035
035;030;202607;202607;FACX_0068;00;LENL;N;1;6,4;0,00631;0,04;0,00;0,00;0,04;0,00;M;035
035;030;202607;202607;FACX_0248;00;LENL;N;2;3,9;0,00631;0,02;0,00;0,00;0,02;0,00;M;035
035;030;202607;202607;FACX_5042;00;LENL;N;63;96,5;0,00631;0,61;0,02;0,00;0,63;0,00;M;035
035;030;202607;202607;FACX_5042;00;LENL;R;11;15,7;0,00441;0,07;0,00;0,00;0,07;0,00;M;035
035;030;202607;202607;FACX_5043;00;LENL;N;1;0,6;0,00631;0,00;0,00;0,00;0,00;0,00;M;035
035;030;202607;202607;FACX_5070;00;LENL;N;15715;39866,9;0,00631;251,56;9,53;0,00;261,09;0,00;M;035
035;030;202607;202607;FACX_5070;00;LENL;R;4559;12711,7;0,00441;56,06;2,12;0,00;58,18;0,00;M;035
035;030;202607;202607;FACX_5074;00;LENL;N;3068;6519,8;0,00631;41,14;1,56;0,00;42,70;0,00;M;035
035;030;202607;202607;FACX_5074;00;LENL;R;19;46,1;0,00441;0,20;0,01;0,00;0,21;0,00;M;035
035;030;202607;202607;FACX_5075;00;LENL;N;1;11,1;0,00631;0,07;0,00;0,00;0,07;0,00;M;035
035;030;202607;202607;FACX_5078;00;LENL;N;3063;6942,8;0,00631;43,81;1,66;0,00;45,47;0,00;M;035
035;030;202607;202607;FACX_5078;00;LENL;R;22;99,4;0,00441;0,44;0,02;0,00;0,46;0,00;M;035
035;030;202607;202607;SPOX_0346;00;LENL;N;1;1,1;0,00631;0,01;0,00;0,00;0,01;0,00;M;035
035;030;202607;202607;SPOX_9655;00;LENL;N;8;9,8;0,00631;0,06;0,00;0,00;0,06;0,00;M;035
035;030;202607;202607;SPO_10151;00;LENL;N;3;3,8;0,00631;0,02;0,00;0,00;0,02;0,00;M;035
035;030;202607;202607;SPO_10155;00;LENL;N;2;5,4;0,00631;0,03;0,00;0,00;0,03;0,00;M;035
035;030;202607;202607;SPO_11401;00;LENL;N;2;8,4;0,00631;0,05;0,00;0,00;0,05;0,00;M;035
035;030;202607;202607;SPO_11404;00;LENL;N;2;1,9;0,00631;0,01;0,00;0,00;0,01;0,00;M;035
035;030;202607;202607;SPO_11407;00;LENL;N;10;63,5;0,00631;0,40;0,02;0,00;0,42;0,00;M;035
035;030;202607;202607;ULAX_0873;00;LENL;N;241;727,2;0,00631;4,59;0,17;0,00;4,76;0,00;M;035
035;030;202607;202607;ULAX_0873;00;LENL;R;57;105,5;0,00441;0,47;0,02;0,00;0,49;0,00;M;035
035;030;202607;202607;ULAX_1055;00;LENL;N;8259;22577,5;0,00631;142,46;5,40;0,00;147,86;0,00;M;035
035;030;202607;202607;ULAX_1055;00;LENL;R;3328;9142,2;0,00441;40,32;1,53;0,00;41,85;0,00;M;035
035;030;202607;202607;ULAX_1055;00;LSAL;N;3;1,5;0,00631;0,01;0,00;0,00;0,01;0,00;M;035
035;030;202607;202607;ULAX_1055;00;LSAL;R;1;0,5;0,00441;0,00;0,00;0,00;0,00;0,00;M;035
035;030;202607;202607;ULAX_2826;00;LSAL;N;4;3,2;0,00631;0,02;0,00;0,00;0,02;0,00;M;035
035;030;202607;202607;ULAX_2826;00;LSAL;R;2;1,2;0,00441;0,01;0,00;0,00;0,01;0,00;M;035
035;030;202607;202607;ULAX_4721;00;LENL;N;143722;278794,4;0,00631;1759,19;66,64;0,00;1825,83;0,00;M;035
035;030;202607;202607;ULAX_4721;00;LENL;R;9431;20108,7;0,00441;88,68;3,36;0,00;92,04;0,00;M;035
035;030;202607;202607;ULAX_4721;00;LSAL;N;1;0,5;0,00631;0,00;0,00;0,00;0,00;0,00;M;035
035;030;202607;202607;ULAX_4722;00;LENL;N;246;543,3;0,00631;3,43;0,13;0,00;3,56;0,00;M;035
035;030;202607;202607;ULAX_4722;00;LENL;R;4;6,1;0,00441;0,03;0,00;0,00;0,03;0,00;M;035
035;030;202607;202607;ULAX_4725;00;LENL;N;822;2187,1;0,00631;13,80;0,52;0,00;14,32;0,00;M;035
035;030;202607;202607;ULAX_4725;00;LENL;R;1;0,5;0,00441;0,00;0,00;0,00;0,00;0,00;M;035
035;030;202607;202607;ULAX_4728;00;LENL;N;143510;278475,0;0,00631;1757,18;66,57;0,00;1823,75;0,00;M;035
035;030;202607;202607;ULAX_4728;00;LENL;R;9544;20149,4;0,00441;88,86;3,37;0,00;92,23;0,00;M;035
035;030;202607;202607;ULAX_4758;00;LENL;N;466098;991345,8;0,00631;6255,39;236,97;0,00;6492,36;0,00;M;035
035;030;202607;202607;ULAX_4758;00;LENL;R;32712;67355,5;0,00441;297,04;11,26;0,00;308,30;0,00;M;035
035;030;202607;202607;ULAX_4759;00;LENL;N;423;716,1;0,00631;4,52;0,17;0,00;4,69;0,00;M;035
035;030;202607;202607;ULAX_4759;00;LENL;R;6;7,3;0,00441;0,03;0,00;0,00;0,03;0,00;M;035
035;030;202607;202607;ULAX_4762;00;LENL;N;693;1655,1;0,00631;10,44;0,40;0,00;10,84;0,00;M;035
035;030;202607;202607;ULAX_4762;00;LENL;R;34;56,8;0,00441;0,25;0,01;0,00;0,26;0,00;M;035
035;030;202607;202607;ULAX_4765;00;LENL;N;449393;951961,5;0,00631;6006,88;227,56;0,00;6234,44;0,00;M;035
035;030;202607;202607;ULAX_4765;00;LENL;R;32784;65992,4;0,00441;291,03;11,03;0,00;302,06;0,00;M;035
035;030;202607;;;01;;;1327888;2778347,80;;17159,34;650,05;0,00;17809,39;0,00;;
048;068;202607;202607;SPOX_0134;00;LENL;N;1;4,9;0,00631;0,03;0,00;0,00;0,03;0,00;M;048
048;068;202607;202607;ULAX_4006;00;4LENL;N;3861;6605,9;0,00631;41,68;1,58;0,00;43,26;0,00;M;048
048;068;202607;202607;ULAX_4006;00;4LENL;R;350;653,1;0,00441;2,88;0,11;0,00;2,99;0,00;M;048
048;068;202607;202607;ULAX_4006;00;LENL;N;12313;23913,6;0,00631;150,89;5,72;0,00;156,61;0,00;M;048
048;068;202607;202607;ULAX_4006;00;LENL;R;1191;2017,9;0,00441;8,90;0,34;0,00;9,24;0,00;M;048
048;068;202607;;;01;;;17716;33195,40;;204,38;7,75;0,00;212,13;0,00;;
049;066;202607;202607;ULAX_1051;00;LENL;N;15008;26066,0;0,00631;164,48;6,23;0,00;170,71;0,00;M;049
049;066;202607;202607;ULAX_1051;00;LENL;R;1232;1633,7;0,00441;7,20;0,27;0,00;7,47;0,00;M;049
049;066;202607;202607;ULAX_5040;00;LENL;N;253;544,3;0,00631;3,43;0,13;0,00;3,56;0,00;M;049
049;066;202607;202607;ULAX_5040;00;LENL;R;21;14,9;0,00441;0,07;0,00;0,00;0,07;0,00;M;049
049;066;202607;;;01;;;16514;28258,90;;175,18;6,63;0,00;181,81;0,00;;
143;010;202607;202605;FACX_5107;00;LENL;N;1;3,4;0,00610;0,02;0,00;0,00;0,02;0,00;M;143
143;010;202607;202605;SPO_10619;00;LENL;N;1;2,5;0,00610;0,02;0,00;0,00;0,02;0,00;M;143
143;010;202607;202605;SPO_11400;00;LENL;N;1;5,2;0,00610;0,03;0,00;0,00;0,03;0,00;M;143
143;010;202607;202605;SPO_11400;00;LENL;R;3;14,5;0,00427;0,06;0,00;0,00;0,06;0,00;M;143
143;010;202607;202606;FACX_0127;00;LENL;N;1;0,5;0,00610;0,00;0,00;0,00;0,00;0,00;M;143
143;010;202607;202606;FACX_4955;00;LENL;N;2;7,4;0,00610;0,05;0,00;0,00;0,05;0,00;M;143
143;010;202607;202606;SPO_10416;00;LENL;N;1;1,7;0,00610;0,01;0,00;0,00;0,01;0,00;M;143
143;010;202607;202606;SPO_11400;00;LENL;N;2;1,4;0,00610;0,01;0,00;0,00;0,01;0,00;M;143
143;010;202607;202607;FACX_0068;00;LENL;N;27824;62381,3;0,00610;380,53;14,42;0,00;394,95;0,00;M;143
143;010;202607;202607;FACX_0068;00;LENL;R;1765;2733,8;0,00427;11,67;0,44;0,00;12,11;0,00;M;143
143;010;202607;202607;FACX_0127;00;LENL;N;101096;235384,7;0,00610;1435,85;54,39;0,00;1490,24;0,00;M;143
143;010;202607;202607;FACX_0127;00;LENL;R;3431;5793,7;0,00427;24,74;0,94;0,00;25,68;0,00;M;143
143;010;202607;202607;FACX_0155;00;LENL;N;27;63,5;0,00610;0,39;0,01;0,00;0,40;0,00;M;143
143;010;202607;202607;FACX_0155;00;LENL;R;2;1,4;0,00427;0,01;0,00;0,00;0,01;0,00;M;143
143;010;202607;202607;FACX_0175;00;LENL;N;198;734,7;0,00610;4,48;0,17;0,00;4,65;0,00;M;143
143;010;202607;202607;FACX_0175;00;LENL;R;12;16,5;0,00427;0,07;0,00;0,00;0,07;0,00;M;143
143;010;202607;202607;FACX_0185;00;LENL;N;3;8,2;0,00610;0,05;0,00;0,00;0,05;0,00;M;143
143;010;202607;202607;FACX_0186;00;LENL;N;1;3,3;0,00610;0,02;0,00;0,00;0,02;0,00;M;143
143;010;202607;202607;FACX_0187;00;LENL;N;3;15,8;0,00610;0,10;0,00;0,00;0,10;0,00;M;143
143;010;202607;202607;FACX_0187;00;LENL;R;1;2,0;0,00427;0,01;0,00;0,00;0,01;0,00;M;143
143;010;202607;202607;FACX_0247;00;LENL;N;4;2,4;0,00610;0,01;0,00;0,00;0,01;0,00;M;143
143;010;202607;202607;FACX_0248;00;LENL;N;23762;61237,9;0,00610;373,55;14,15;0,00;387,70;0,00;M;143
143;010;202607;202607;FACX_0248;00;LENL;R;1072;2244,4;0,00427;9,58;0,36;0,00;9,94;0,00;M;143
143;010;202607;202607;FACX_0755;00;LENL;N;236;1535,6;0,00610;9,37;0,35;0,00;9,72;0,00;M;143
143;010;202607;202607;FACX_0755;00;LENL;R;3;4,0;0,00427;0,02;0,00;0,00;0,02;0,00;M;143
143;010;202607;202607;FACX_0891;00;LENL;N;1123;3937,3;0,00610;24,02;0,91;0,00;24,93;0,00;M;143
143;010;202607;202607;FACX_0891;00;LENL;R;12;46,4;0,00427;0,20;0,01;0,00;0,21;0,00;M;143
143;010;202607;202607;FACX_0926;00;LENL;N;1835;10745,3;0,00610;65,55;2,48;0,00;68,03;0,00;M;143
143;010;202607;202607;FACX_0926;00;LENL;R;1;0,5;0,00427;0,00;0,00;0,00;0,00;0,00;M;143
143;010;202607;202607;FACX_4955;00;4LENL;N;10315;20886,7;0,00610;127,41;4,83;0,00;132,24;0,00;M;143
143;010;202607;202607;FACX_4955;00;4LENL;R;233;427,5;0,00427;1,83;0,07;0,00;1,90;0,00;M;143
143;010;202607;202607;FACX_4955;00;LENL;N;27292;73660,1;0,00610;449,33;17,02;0,00;466,35;0,00;M;143
143;010;202607;202607;FACX_4955;00;LENL;R;1425;1919,3;0,00427;8,20;0,31;0,00;8,51;0,00;M;143
143;010;202607;202607;FACX_5020;00;LENL;N;27813;71218,0;0,00610;434,43;16,46;0,00;450,89;0,00;M;143
143;010;202607;202607;FACX_5020;00;LENL;R;1000;1798,4;0,00427;7,68;0,29;0,00;7,97;0,00;M;143
143;010;202607;202607;FACX_5020;00;LSAL;N;3;1,5;0,00610;0,01;0,00;0,00;0,01;0,00;M;143
143;010;202607;202607;FACX_5021;00;LENL;N;6;7,1;0,00610;0,04;0,00;0,00;0,04;0,00;M;143
143;010;202607;202607;FACX_5042;00;LENL;N;2;1,0;0,00610;0,01;0,00;0,00;0,01;0,00;M;143
143;010;202607;202607;FACX_5060;00;LENL;N;176704;498196,4;0,00610;3039,00;115,13;0,00;3154,13;0,00;M;143
143;010;202607;202607;FACX_5060;00;LENL;R;8013;14679,6;0,00427;62,68;2,38;0,00;65,06;0,00;M;143
143;010;202607;202607;FACX_5061;00;LENL;N;48;98,1;0,00610;0,60;0,02;0,00;0,62;0,00;M;143
143;010;202607;202607;FACX_5061;00;LENL;R;1;1,3;0,00427;0,01;0,00;0,00;0,01;0,00;M;143
143;010;202607;202607;FACX_5065;00;LENL;N;2;1,7;0,00610;0,01;0,00;0,00;0,01;0,00;M;143
143;010;202607;202607;FACX_5101;00;LENL;N;943;2045,2;0,00610;12,48;0,47;0,00;12,95;0,00;M;143
143;010;202607;202607;FACX_5101;00;LENL;R;295;617,1;0,00427;2,64;0,10;0,00;2,74;0,00;M;143
143;010;202607;202607;FACX_5107;00;LENL;N;121216;356462,9;0,00610;2174,42;82,37;0,00;2256,79;0,00;M;143
143;010;202607;202607;FACX_5107;00;LENL;R;3003;4895,9;0,00427;20,91;0,79;0,00;21,70;0,00;M;143
143;010;202607;202607;FACX_5132;00;LENL;N;13;25,9;0,00610;0,16;0,01;0,00;0,17;0,00;M;143
143;010;202607;202607;FACX_5132;00;LENL;R;3;2,4;0,00427;0,01;0,00;0,00;0,01;0,00;M;143
143;010;202607;202607;FACX_5135;00;LENL;N;12306;31117,5;0,00610;189,82;7,19;0,00;197,01;0,00;M;143
143;010;202607;202607;FACX_5135;00;LENL;R;605;1209,5;0,00427;5,16;0,20;0,00;5,36;0,00;M;143
143;010;202607;202607;FACX_5663;00;LENL;N;4;7,9;0,00610;0,05;0,00;0,00;0,05;0,00;M;143
143;010;202607;202607;FACX_5666;00;LENL;N;112298;335059,2;0,00610;2043,86;77,43;0,00;2121,29;0,00;M;143
143;010;202607;202607;FACX_5666;00;LENL;R;3050;5965,4;0,00427;25,47;0,97;0,00;26,44;0,00;M;143
143;010;202607;202607;FACX_5666;00;LSAL;N;2;2,1;0,00610;0,01;0,00;0,00;0,01;0,00;M;143
143;010;202607;202607;FACX_6176;00;LENL;N;40451;100590,7;0,00610;613,60;23,25;0,00;636,85;0,00;M;143
143;010;202607;202607;FACX_6176;00;LENL;R;2272;3881,9;0,00427;16,58;0,63;0,00;17,21;0,00;M;143
143;010;202607;202607;SPOX_0012;00;LENL;N;22;55,2;0,00610;0,34;0,01;0,00;0,35;0,00;M;143
143;010;202607;202607;SPOX_0012;00;LENL;R;1;0,5;0,00427;0,00;0,00;0,00;0,00;0,00;M;143
143;010;202607;202607;SPOX_0089;00;LENL;N;7;14,6;0,00610;0,09;0,00;0,00;0,09;0,00;M;143
143;010;202607;202607;SPOX_0090;00;LENL;N;6;13,3;0,00610;0,08;0,00;0,00;0,08;0,00;M;143
143;010;202607;202607;SPOX_0100;00;LENL;N;1;0,5;0,00610;0,00;0,00;0,00;0,00;0,00;M;143
143;010;202607;202607;SPOX_0104;00;LENL;N;12;43,6;0,00610;0,27;0,01;0,00;0,28;0,00;M;143
143;010;202607;202607;SPOX_0125;00;LENL;N;2;3,4;0,00610;0,02;0,00;0,00;0,02;0,00;M;143
143;010;202607;202607;SPOX_0134;00;LENL;N;3913;9721,7;0,00610;59,30;2,25;0,00;61,55;0,00;M;143
143;010;202607;202607;SPOX_0134;00;LENL;R;198;313,3;0,00427;1,34;0,05;0,00;1,39;0,00;M;143
143;010;202607;202607;SPOX_0346;00;LENL;N;4163;11232,8;0,00610;68,52;2,60;0,00;71,12;0,00;M;143
143;010;202607;202607;SPOX_0346;00;LENL;R;218;792,8;0,00427;3,39;0,13;0,00;3,52;0,00;M;143
143;010;202607;202607;SPOX_0738;00;LENL;N;5953;15975,6;0,00610;97,45;3,69;0,00;101,14;0,00;M;143
143;010;202607;202607;SPOX_0738;00;LENL;R;437;1034,8;0,00427;4,42;0,17;0,00;4,59;0,00;M;143
143;010;202607;202607;SPOX_0810;00;LENL;N;419;1229,8;0,00610;7,50;0,28;0,00;7,78;0,00;M;143
143;010;202607;202607;SPOX_0897;00;LENL;N;4184;21050,2;0,00610;128,41;4,86;0,00;133,27;0,00;M;143
143;010;202607;202607;SPOX_0897;00;LENL;R;199;635,6;0,00427;2,71;0,10;0,00;2,81;0,00;M;143
143;010;202607;202607;SPOX_0899;00;LENL;N;58;124,7;0,00610;0,76;0,03;0,00;0,79;0,00;M;143
143;010;202607;202607;SPOX_0899;00;LENL;R;1;0,5;0,00427;0,00;0,00;0,00;0,00;0,00;M;143
143;010;202607;202607;SPOX_0902;00;LENL;N;283;492,2;0,00610;3,00;0,11;0,00;3,11;0,00;M;143
143;010;202607;202607;SPOX_0902;00;LENL;R;50;81,1;0,00427;0,35;0,01;0,00;0,36;0,00;M;143
143;010;202607;202607;SPOX_0905;00;LENL;N;949;3112,5;0,00610;18,99;0,72;0,00;19,71;0,00;M;143
143;010;202607;202607;SPOX_0905;00;LENL;R;50;242,1;0,00427;1,03;0,04;0,00;1,07;0,00;M;143
143;010;202607;202607;SPOX_0916;00;LENL;N;386;934,1;0,00610;5,70;0,22;0,00;5,92;0,00;M;143
143;010;202607;202607;SPOX_0916;00;LENL;R;10;16,7;0,00427;0,07;0,00;0,00;0,07;0,00;M;143
143;010;202607;202607;SPOX_1007;00;LENL;N;4;9,3;0,00610;0,06;0,00;0,00;0,06;0,00;M;143
143;010;202607;202607;SPOX_1270;00;LENL;N;6;20,3;0,00610;0,12;0,00;0,00;0,12;0,00;M;143
143;010;202607;202607;SPOX_1285;00;LENL;N;6292;17034,5;0,00610;103,91;3,94;0,00;107,85;0,00;M;143
143;010;202607;202607;SPOX_1285;00;LENL;R;387;843,2;0,00427;3,60;0,14;0,00;3,74;0,00;M;143
143;010;202607;202607;SPOX_4932;00;LENL;N;1;0,6;0,00610;0,00;0,00;0,00;0,00;0,00;M;143
143;010;202607;202607;SPOX_6685;00;LENL;N;1524;6583,6;0,00610;40,16;1,52;0,00;41,68;0,00;M;143
143;010;202607;202607;SPOX_6685;00;LENL;R;67;152,7;0,00427;0,65;0,02;0,00;0,67;0,00;M;143
143;010;202607;202607;SPOX_6692;00;LENL;N;82253;327049,8;0,00610;1995,00;75,58;0,00;2070,58;0,00;M;143
143;010;202607;202607;SPOX_6692;00;LENL;R;3824;5658,5;0,00427;24,16;0,92;0,00;25,08;0,00;M;143
143;010;202607;202607;SPOX_6693;00;LENL;N;51;100,6;0,00610;0,61;0,02;0,00;0,63;0,00;M;143
143;010;202607;202607;SPOX_8441;00;LENL;N;3;12,1;0,00610;0,07;0,00;0,00;0,07;0,00;M;143
143;010;202607;202607;SPOX_9655;00;LENL;N;122;587,3;0,00610;3,58;0,14;0,00;3,72;0,00;M;143
143;010;202607;202607;SPOX_9655;00;LENL;R;29;43,0;0,00427;0,18;0,01;0,00;0,19;0,00;M;143
143;010;202607;202607;SPO_10150;00;LENL;N;524766;2241789,8;0,00610;13674,92;518,05;0,00;14192,97;0,00;M;143
143;010;202607;202607;SPO_10150;00;LENL;R;18939;53121,3;0,00427;226,83;8,60;0,00;235,43;0,00;M;143
143;010;202607;202607;SPO_10151;00;LENL;N;19681;59696,8;0,00610;364,15;13,80;0,00;377,95;0,00;M;143
143;010;202607;202607;SPO_10151;00;LENL;R;1301;3489,5;0,00427;14,90;0,56;0,00;15,46;0,00;M;143
143;010;202607;202607;SPO_10154;00;LENL;N;523959;2243157,5;0,00610;13683,26;518,36;0,00;14201,62;0,00;M;143
143;010;202607;202607;SPO_10154;00;LENL;R;18904;53056,2;0,00427;226,55;8,59;0,00;235,14;0,00;M;143
143;010;202607;202607;SPO_10155;00;LENL;N;19834;59199,3;0,00610;361,12;13,68;0,00;374,80;0,00;M;143
143;010;202607;202607;SPO_10155;00;LENL;R;1279;2914,8;0,00427;12,45;0,47;0,00;12,92;0,00;M;143
143;010;202607;202607;SPO_10402;00;LENL;N;115382;370801,3;0,00610;2261,89;85,69;0,00;2347,58;0,00;M;143
143;010;202607;202607;SPO_10402;00;LENL;R;5038;9587,9;0,00427;40,94;1,55;0,00;42,49;0,00;M;143
143;010;202607;202607;SPO_10416;00;LENL;N;109908;349280,6;0,00610;2130,61;80,72;0,00;2211,33;0,00;M;143
143;010;202607;202607;SPO_10416;00;LENL;R;5026;9320,4;0,00427;39,80;1,51;0,00;41,31;0,00;M;143
143;010;202607;202607;SPO_10616;00;LENL;N;40;174,6;0,00610;1,07;0,04;0,00;1,11;0,00;M;143
143;010;202607;202607;SPO_10619;00;LENL;N;109897;717236,0;0,00610;4375,14;165,74;0,00;4540,88;0,00;M;143
143;010;202607;202607;SPO_10619;00;LENL;R;6109;19704,5;0,00427;84,14;3,19;0,00;87,33;0,00;M;143
143;010;202607;202607;SPO_10808;00;LENL;N;170043;599463,1;0,00610;3656,72;138,53;0,00;3795,25;0,00;M;143
143;010;202607;202607;SPO_10808;00;LENL;R;6138;16999,0;0,00427;72,59;2,75;0,00;75,34;0,00;M;143
143;010;202607;202607;SPO_10809;00;LENL;N;635;834,7;0,00610;5,09;0,19;0,00;5,28;0,00;M;143
143;010;202607;202607;SPO_10809;00;LENL;R;181;253,9;0,00427;1,08;0,04;0,00;1,12;0,00;M;143
143;010;202607;202607;SPO_11141;00;LENL;N;5;19,8;0,00610;0,12;0,00;0,00;0,12;0,00;M;143
143;010;202607;202607;SPO_11400;00;LENL;N;209000;662971,6;0,00610;4044,13;153,21;0,00;4197,34;0,00;M;143
143;010;202607;202607;SPO_11400;00;LENL;R;10018;19139,4;0,00427;81,73;3,10;0,00;84,83;0,00;M;143
143;010;202607;202607;SPO_11401;00;LENL;N;9729;30478,4;0,00610;185,92;7,04;0,00;192,96;0,00;M;143
143;010;202607;202607;SPO_11401;00;LENL;R;353;740,1;0,00427;3,16;0,12;0,00;3,28;0,00;M;143
143;010;202607;202607;SPO_11404;00;LENL;N;14074;43353,3;0,00610;264,46;10,02;0,00;274,48;0,00;M;143
143;010;202607;202607;SPO_11404;00;LENL;R;468;1335,8;0,00427;5,70;0,22;0,00;5,92;0,00;M;143
143;010;202607;202607;SPO_11407;00;LENL;N;1449;2989,2;0,00610;18,23;0,69;0,00;18,92;0,00;M;143
143;010;202607;202607;SPO_11407;00;LENL;R;248;416,0;0,00427;1,78;0,07;0,00;1,85;0,00;M;143
143;010;202607;202607;SPO_11910;00;LENL;N;2;4,8;0,00610;0,03;0,00;0,00;0,03;0,00;M;143
143;010;202607;202607;SPO_12040;00;LENL;N;4051;20704,9;0,00610;126,30;4,78;0,00;131,08;0,00;M;143
143;010;202607;202607;SPO_12040;00;LENL;R;224;829,2;0,00427;3,54;0,13;0,00;3,67;0,00;M;143
143;010;202607;202607;SPO_12170;00;LENL;N;4169;21107,2;0,00610;128,75;4,88;0,00;133,63;0,00;M;143
143;010;202607;202607;SPO_12170;00;LENL;R;172;541,1;0,00427;2,31;0,09;0,00;2,40;0,00;M;143
143;010;202607;202607;SPO_14657;00;LENL;N;1596;6077,6;0,00610;37,07;1,40;0,00;38,47;0,00;M;143
143;010;202607;202607;SPO_14657;00;LENL;R;93;172,4;0,00427;0,74;0,03;0,00;0,77;0,00;M;143
143;010;202607;;;01;;;2740537;9957888,70;;60289,89;2283,96;0,00;62573,85;0,00;;
316;452;202607;202607;SPOX_5504;00;LENL;N;4663;14567,6;0,00605;88,13;3,34;0,00;91,47;0,00;M;316
316;452;202607;202607;SPOX_5504;00;LENL;R;122;196,0;0,00423;0,83;0,03;0,00;0,86;0,00;M;316
316;452;202607;202607;SPO_13431;00;LENL;N;17;40,8;0,00605;0,25;0,01;0,00;0,26;0,00;M;316
316;452;202607;202607;SPO_13435;00;LENL;N;20;52,1;0,00605;0,32;0,01;0,00;0,33;0,00;M;316
316;452;202607;;;01;;;4822;14856,50;;89,53;3,39;0,00;92,92;0,00;;
317;070;202607;202605;SPO_10802;00;LENL;N;5;45,1;0,00605;0,27;0,01;0,00;0,28;0,00;M;317
317;070;202607;202605;SPO_11230;00;LENL;N;8;31,4;0,00605;0,19;0,01;0,00;0,20;0,00;M;317
317;070;202607;202606;SPO_10802;00;LENL;N;2;1,2;0,00605;0,01;0,00;0,00;0,01;0,00;M;317
317;070;202607;202606;SPO_10815;00;LENL;N;114557;410437,6;0,00605;2483,15;94,07;0,00;2577,22;0,00;M;317
317;070;202607;202606;SPO_10815;00;LENL;R;6016;13086,3;0,00423;55,36;2,10;0,00;57,46;0,00;M;317
317;070;202607;202606;SPO_11230;00;LENL;N;1;0,6;0,00605;0,00;0,00;0,00;0,00;0,00;M;317
317;070;202607;202607;SPOX_9655;00;LENL;N;21;118,7;0,00605;0,72;0,03;0,00;0,75;0,00;M;317
317;070;202607;202607;SPO_10802;00;LENL;N;96;188,2;0,00605;1,14;0,04;0,00;1,18;0,00;M;317
317;070;202607;202607;SPO_10802;00;LENL;R;3;4,1;0,00423;0,02;0,00;0,00;0,02;0,00;M;317
317;070;202607;202607;SPO_10815;00;LENL;N;318254;1212916,3;0,00605;7338,14;278,00;0,00;7616,14;0,00;M;317
317;070;202607;202607;SPO_10815;00;LENL;R;11466;23062,0;0,00423;97,55;3,70;0,00;101,25;0,00;M;317
317;070;202607;202607;SPO_11230;00;LENL;N;151;286,5;0,00605;1,73;0,07;0,00;1,80;0,00;M;317
317;070;202607;202607;SPO_11230;00;LENL;R;3;4,7;0,00423;0,02;0,00;0,00;0,02;0,00;M;317
317;070;202607;202607;SPO_11231;00;LENL;N;58;388,2;0,00605;2,35;0,09;0,00;2,44;0,00;M;317
317;070;202607;202607;SPO_11401;00;LENL;N;1;0,6;0,00605;0,00;0,00;0,00;0,00;0,00;M;317
317;070;202607;202607;SPO_11404;00;LENL;N;5;48,6;0,00605;0,29;0,01;0,00;0,30;0,00;M;317
317;070;202607;202607;SPO_11462;00;LENL;N;120;906,9;0,00605;5,49;0,21;0,00;5,70;0,00;M;317
317;070;202607;202607;SPO_11921;00;LENL;N;50559;166982,6;0,00605;1010,24;38,27;0,00;1048,51;0,00;M;317
317;070;202607;202607;SPO_11921;00;LENL;R;713;2025,2;0,00423;8,57;0,32;0,00;8,89;0,00;M;317
317;070;202607;202607;SPO_11922;00;LENL;N;6;27,6;0,00605;0,17;0,01;0,00;0,18;0,00;M;317
317;070;202607;202607;SPO_13401;00;LENL;N;413;4989,3;0,00605;30,19;1,14;0,00;31,33;0,00;M;317
317;070;202607;202607;SPO_13401;00;LENL;R;5;6,0;0,00423;0,03;0,00;0,00;0,03;0,00;M;317
317;070;202607;202607;SPO_13405;00;LENL;N;321;3059,5;0,00605;18,51;0,70;0,00;19,21;0,00;M;317
317;070;202607;202607;SPO_13405;00;LENL;R;9;11,8;0,00423;0,05;0,00;0,00;0,05;0,00;M;317
317;070;202607;202607;SPO_13409;00;LENL;N;906;3443,6;0,00605;20,83;0,79;0,00;21,62;0,00;M;317
317;070;202607;202607;SPO_13409;00;LENL;R;21;55,6;0,00423;0,24;0,01;0,00;0,25;0,00;M;317
317;070;202607;202607;SPO_13412;00;LENL;N;907;3745,1;0,00605;22,66;0,86;0,00;23,52;0,00;M;317
317;070;202607;202607;SPO_13412;00;LENL;R;19;17,7;0,00423;0,07;0,00;0,00;0,07;0,00;M;317
317;070;202607;;;01;;;504646;1845891,00;;11097,99;420,44;0,00;11518,43;0,00;;
318;455;202607;202606;SPOX_7683;00;LENL;N;3;13,0;0,00605;0,08;0,00;0,00;0,08;0,00;M;318
318;455;202607;202607;SPOX_7683;00;LENL;N;32892;125777,2;0,00605;760,95;28,83;0,00;789,78;0,00;M;318
318;455;202607;202607;SPOX_7683;00;LENL;R;2826;10023,6;0,00423;42,40;1,61;0,00;44,01;0,00;M;318
318;455;202607;202607;SPOX_9655;00;LENL;N;257845;916422,7;0,00605;5544,36;210,04;0,00;5754,40;0,00;M;318
318;455;202607;202607;SPOX_9655;00;LENL;R;16230;38344,0;0,00423;162,20;6,14;0,00;168,34;0,00;M;318
318;455;202607;202607;SPO_13455;00;LENL;N;374;1053,1;0,00605;6,37;0,24;0,00;6,61;0,00;M;318
318;455;202607;202607;SPO_13455;00;LENL;R;26;60,7;0,00423;0,26;0,01;0,00;0,27;0,00;M;318
318;455;202607;202607;SPO_13459;00;LENL;N;352;1161,1;0,00605;7,02;0,27;0,00;7,29;0,00;M;318
318;455;202607;202607;SPO_13459;00;LENL;R;26;45,2;0,00423;0,19;0,01;0,00;0,20;0,00;M;318
318;455;202607;;;01;;;310574;1092900,60;;6523,83;247,15;0,00;6770,98;0,00;;
319;026;202607;202607;SPOX_9655;00;LENL;N;1;1,5;0,00605;0,01;0,00;0,00;0,01;0,00;M;319
319;026;202607;202607;SPO_10151;00;LENL;N;2;3,1;0,00605;0,02;0,00;0,00;0,02;0,00;M;319
319;026;202607;202607;SPO_10155;00;LENL;N;2;3,5;0,00605;0,02;0,00;0,00;0,02;0,00;M;319
319;026;202607;202607;SPO_13376;00;LENL;N;34;64,6;0,00605;0,39;0,01;0,00;0,40;0,00;M;319
319;026;202607;202607;SPO_13390;00;LENL;N;37;65,0;0,00605;0,39;0,01;0,00;0,40;0,00;M;319
319;026;202607;202607;SPO_13390;00;LENL;R;1;0,6;0,00423;0,00;0,00;0,00;0,00;0,00;M;319
319;026;202607;202607;SPO_14635;00;LENL;N;15;107,8;0,00605;0,65;0,02;0,00;0,67;0,00;M;319
319;026;202607;202607;SPO_14636;00;LENL;N;165472;561329,6;0,00605;3396,04;128,66;0,00;3524,70;0,00;M;319
319;026;202607;202607;SPO_14636;00;LENL;R;4759;9917,4;0,00423;41,95;1,59;0,00;43,54;0,00;M;319
319;026;202607;202607;SPO_14637;00;LENL;N;156414;523765,3;0,00605;3168,78;120,05;0,00;3288,83;0,00;M;319
319;026;202607;202607;SPO_14637;00;LENL;R;4636;9368,2;0,00423;39,63;1,50;0,00;41,13;0,00;M;319
319;026;202607;202607;SPO_14638;00;LENL;N;8;49,0;0,00605;0,30;0,01;0,00;0,31;0,00;M;319
319;026;202607;202607;SPO_14638;00;LENL;R;2;1,1;0,00423;0,00;0,00;0,00;0,00;0,00;M;319
319;026;202607;;;01;;;331383;1104676,70;;6648,18;251,85;0,00;6900,03;0,00;;
351;020;202607;202605;SPO_11464;00;LENL;N;1;0,7;0,00605;0,00;0,00;0,00;0,00;0,00;M;351
351;020;202607;202607;SPOX_0012;00;LENL;N;6;8,0;0,00605;0,05;0,00;0,00;0,05;0,00;M;351
351;020;202607;202607;SPOX_0543;00;LENL;N;167551;711281,1;0,00605;4303,25;163,03;0,00;4466,28;0,00;M;351
351;020;202607;202607;SPOX_0543;00;LENL;R;10215;29169,1;0,00423;123,39;4,68;0,00;128,07;0,00;M;351
351;020;202607;202607;SPOX_0544;00;LENL;N;76;520,9;0,00605;3,15;0,12;0,00;3,27;0,00;M;351
351;020;202607;202607;SPOX_0544;00;LENL;R;3;40,4;0,00423;0,17;0,01;0,00;0,18;0,00;M;351
351;020;202607;202607;SPOX_0551;00;LENL;N;164576;694405,7;0,00605;4201,15;159,16;0,00;4360,31;0,00;M;351
351;020;202607;202607;SPOX_0551;00;LENL;R;10384;28391,1;0,00423;120,09;4,55;0,00;124,64;0,00;M;351
351;020;202607;202607;SPOX_9655;00;LENL;N;34;229,2;0,00605;1,39;0,05;0,00;1,44;0,00;M;351
351;020;202607;202607;SPOX_9655;00;LENL;R;3;2,5;0,00423;0,01;0,00;0,00;0,01;0,00;M;351
351;020;202607;202607;SPO_10151;00;LENL;N;4;13,8;0,00605;0,08;0,00;0,00;0,08;0,00;M;351
351;020;202607;202607;SPO_10151;00;LENL;R;2;1,0;0,00423;0,00;0,00;0,00;0,00;0,00;M;351
351;020;202607;202607;SPO_10155;00;LENL;N;6;7,3;0,00605;0,04;0,00;0,00;0,04;0,00;M;351
351;020;202607;202607;SPO_11401;00;LENL;N;3;4,6;0,00605;0,03;0,00;0,00;0,03;0,00;M;351
351;020;202607;202607;SPO_11404;00;LENL;N;3;26,2;0,00605;0,16;0,01;0,00;0,17;0,00;M;351
351;020;202607;202607;SPO_11460;00;LENL;N;90565;412031,9;0,00605;2492,79;94,44;0,00;2587,23;0,00;M;351
351;020;202607;202607;SPO_11460;00;LENL;R;3156;11751,0;0,00423;49,71;1,88;0,00;51,59;0,00;M;351
351;020;202607;202607;SPO_11461;00;LENL;N;1;1,2;0,00605;0,01;0,00;0,00;0,01;0,00;M;351
351;020;202607;202607;SPO_11464;00;LENL;N;37026;104861,9;0,00605;634,41;24,04;0,00;658,45;0,00;M;351
351;020;202607;202607;SPO_11464;00;LENL;R;2189;4086,6;0,00423;17,29;0,66;0,00;17,95;0,00;M;351
351;020;202607;202607;SPO_11465;00;LENL;N;344;1095,7;0,00605;6,63;0,25;0,00;6,88;0,00;M;351
351;020;202607;202607;SPO_11465;00;LENL;R;2;3,1;0,00423;0,01;0,00;0,00;0,01;0,00;M;351
351;020;202607;202607;SPO_13510;00;LENL;N;4;10,0;0,00605;0,06;0,00;0,00;0,06;0,00;M;351
351;020;202607;202607;SPO_13514;00;LENL;N;7;21,0;0,00605;0,13;0,00;0,00;0,13;0,00;M;351
351;020;202607;202607;SPO_13524;00;LENL;N;688;1894,6;0,00605;11,46;0,43;0,00;11,89;0,00;M;351
351;020;202607;202607;SPO_13524;00;LENL;R;13;83,9;0,00423;0,35;0,01;0,00;0,36;0,00;M;351
351;020;202607;202607;SPO_13527;00;LENL;N;667;1768,4;0,00605;10,70;0,41;0,00;11,11;0,00;M;351
351;020;202607;202607;SPO_13527;00;LENL;R;8;51,9;0,00423;0,22;0,01;0,00;0,23;0,00;M;351
351;020;202607;;;01;;;487537;2001762,80;;11976,73;453,74;0,00;12430,47;0,00;;
355;030;202607;202605;FACX_5074;00;LENL;N;2;11,4;0,00605;0,07;0,00;0,00;0,07;0,00;M;355
355;030;202607;202605;FACX_5078;00;LENL;N;1;9,4;0,00605;0,06;0,00;0,00;0,06;0,00;M;355
355;030;202607;202606;FACX_5074;00;LENL;N;1;0,5;0,00605;0,00;0,00;0,00;0,00;0,00;M;355
355;030;202607;202606;FACX_5074;00;LENL;R;1;0,5;0,00423;0,00;0,00;0,00;0,00;0,00;M;355
355;030;202607;202606;FACX_5078;00;LENL;N;1;5,1;0,00605;0,03;0,00;0,00;0,03;0,00;M;355
355;030;202607;202606;ULAX_4758;00;LENL;N;1;1,9;0,00605;0,01;0,00;0,00;0,01;0,00;M;355
355;030;202607;202607;FACX_0051;00;LENL;N;1;2,3;0,00605;0,01;0,00;0,00;0,01;0,00;M;355
355;030;202607;202607;FACX_0068;00;LENL;N;1;8,1;0,00605;0,05;0,00;0,00;0,05;0,00;M;355
355;030;202607;202607;FACX_1256;00;LENL;N;12044;75796,1;0,00605;458,57;17,37;0,00;475,94;0,00;M;355
355;030;202607;202607;FACX_1256;00;LENL;R;473;1189,2;0,00423;5,03;0,19;0,00;5,22;0,00;M;355
355;030;202607;202607;FACX_3004;00;LENL;N;11;18,8;0,00605;0,11;0,00;0,00;0,11;0,00;M;355
355;030;202607;202607;FACX_3269;00;LENL;N;196;759,6;0,00605;4,60;0,17;0,00;4,77;0,00;M;355
355;030;202607;202607;FACX_3269;00;LENL;R;22;53,5;0,00423;0,23;0,01;0,00;0,24;0,00;M;355
355;030;202607;202607;FACX_3386;00;LENL;N;9;16,9;0,00605;0,10;0,00;0,00;0,10;0,00;M;355
355;030;202607;202607;FACX_3386;00;LENL;R;1;0,5;0,00423;0,00;0,00;0,00;0,00;0,00;M;355
355;030;202607;202607;FACX_5042;00;LENL;N;1;1,1;0,00605;0,01;0,00;0,00;0,01;0,00;M;355
355;030;202607;202607;FACX_5070;00;LENL;N;224373;614175,6;0,00605;3715,76;140,77;0,00;3856,53;0,00;M;355
355;030;202607;202607;FACX_5070;00;LENL;R;7722;13117,2;0,00423;55,49;2,10;0,00;57,59;0,00;M;355
355;030;202607;202607;FACX_5071;00;LENL;N;5;8,5;0,00605;0,05;0,00;0,00;0,05;0,00;M;355
355;030;202607;202607;FACX_5074;00;LENL;N;638521;2146016,5;0,00605;12983,40;491,87;0,00;13475,27;0,00;M;355
355;030;202607;202607;FACX_5074;00;LENL;R;24669;56694,5;0,00423;239,82;9,09;0,00;248,91;0,00;M;355
355;030;202607;202607;FACX_5075;00;LENL;N;705;3270,8;0,00605;19,79;0,75;0,00;20,54;0,00;M;355
355;030;202607;202607;FACX_5075;00;LENL;R;33;73,0;0,00423;0,31;0,01;0,00;0,32;0,00;M;355
355;030;202607;202607;FACX_5078;00;LENL;N;639348;2150118,7;0,00605;13008,22;492,81;0,00;13501,03;0,00;M;355
355;030;202607;202607;FACX_5078;00;LENL;R;24863;56808,7;0,00423;240,30;9,11;0,00;249,41;0,00;M;355
355;030;202607;202607;FACX_5080;00;LENL;N;207381;563564,5;0,00605;3409,57;129,17;0,00;3538,74;0,00;M;355
355;030;202607;202607;FACX_5080;00;LENL;R;8070;19320,7;0,00423;81,73;3,10;0,00;84,83;0,00;M;355
355;030;202607;202607;FACX_5081;00;LENL;N;2;1,0;0,00605;0,01;0,00;0,00;0,01;0,00;M;355
355;030;202607;202607;FACX_5122;00;LENL;R;1;0,6;0,00423;0,00;0,00;0,00;0,00;0,00;M;355
355;030;202607;202607;FACX_5135;00;LENL;N;7;32,9;0,00605;0,20;0,01;0,00;0,21;0,00;M;355
355;030;202607;202607;FACX_6176;00;LENL;N;17;24,6;0,00605;0,15;0,01;0,00;0,16;0,00;M;355
355;030;202607;202607;FACX_6176;00;LENL;R;2;1,0;0,00423;0,00;0,00;0,00;0,00;0,00;M;355
355;030;202607;202607;FACX_9000;00;LENL;N;559;3509,7;0,00605;21,23;0,80;0,00;22,03;0,00;M;355
355;030;202607;202607;FACX_9000;00;LENL;R;10;44,3;0,00423;0,19;0,01;0,00;0,20;0,00;M;355
355;030;202607;202607;FACX_9400;00;LENL;N;586;3727,6;0,00605;22,55;0,85;0,00;23,40;0,00;M;355
355;030;202607;202607;FACX_9400;00;LENL;R;8;25,3;0,00423;0,11;0,00;0,00;0,11;0,00;M;355
355;030;202607;202607;SPOX_9655;00;LENL;N;25;67,5;0,00605;0,41;0,02;0,00;0,43;0,00;M;355
355;030;202607;202607;SPOX_9655;00;LENL;R;2;1,0;0,00423;0,00;0,00;0,00;0,00;0,00;M;355
355;030;202607;202607;SPO_10151;00;LENL;N;9;32,2;0,00605;0,19;0,01;0,00;0,20;0,00;M;355
355;030;202607;202607;SPO_10155;00;LENL;N;10;39,2;0,00605;0,24;0,01;0,00;0,25;0,00;M;355
355;030;202607;202607;SPO_11401;00;LENL;N;4;49,4;0,00605;0,30;0,01;0,00;0,31;0,00;M;355
355;030;202607;202607;SPO_11404;00;LENL;N;2;3,4;0,00605;0,02;0,00;0,00;0,02;0,00;M;355
355;030;202607;202607;SPO_13409;00;LENL;N;3;11,3;0,00605;0,07;0,00;0,00;0,07;0,00;M;355
355;030;202607;202607;SPO_13412;00;LENL;N;2;23,8;0,00605;0,14;0,01;0,00;0,15;0,00;M;355
355;030;202607;202607;ULAX_0226;00;4LENL;N;39967;78199,6;0,00605;473,11;17,93;0,00;491,04;0,00;M;355
355;030;202607;202607;ULAX_0226;00;4LENL;R;2370;4108,8;0,00423;17,38;0,66;0,00;18,04;0,00;M;355
355;030;202607;202607;ULAX_1055;00;LENL;N;6;12,5;0,00605;0,08;0,00;0,00;0,08;0,00;M;355
355;030;202607;202607;ULAX_1055;00;LSAL;N;4;2,1;0,00605;0,01;0,00;0,00;0,01;0,00;M;355
355;030;202607;202607;ULAX_4610;00;LENL;N;22618;89663,0;0,00605;542,46;20,55;0,00;563,01;0,00;M;355
355;030;202607;202607;ULAX_4610;00;LENL;R;917;2097,5;0,00423;8,87;0,34;0,00;9,21;0,00;M;355
355;030;202607;202607;ULAX_4615;00;LENL;N;6;63,6;0,00605;0,38;0,01;0,00;0,39;0,00;M;355
355;030;202607;202607;ULAX_4721;00;LENL;N;155305;369443,5;0,00605;2235,13;84,68;0,00;2319,81;0,00;M;355
355;030;202607;202607;ULAX_4721;00;LENL;R;5377;9379,5;0,00423;39,68;1,50;0,00;41,18;0,00;M;355
355;030;202607;202607;ULAX_4728;00;LENL;N;153844;363837,1;0,00605;2201,21;83,40;0,00;2284,61;0,00;M;355
355;030;202607;202607;ULAX_4728;00;LENL;R;5405;8875,8;0,00423;37,54;1,42;0,00;38,96;0,00;M;355
355;030;202607;202607;ULAX_4758;00;LENL;N;103712;198109,5;0,00605;1198,56;45,42;0,00;1243,98;0,00;M;355
355;030;202607;202607;ULAX_4758;00;LENL;R;8178;14421,4;0,00423;61,00;2,31;0,00;63,31;0,00;M;355
355;030;202607;202607;ULAX_4759;00;LENL;N;1;1,3;0,00605;0,01;0,00;0,00;0,01;0,00;M;355
355;030;202607;202607;ULAX_4759;00;LENL;R;1;9,4;0,00423;0,04;0,00;0,00;0,04;0,00;M;355
355;030;202607;202607;ULAX_4762;00;LENL;N;1;0,7;0,00605;0,00;0,00;0,00;0,00;0,00;M;355
355;030;202607;202607;ULAX_4765;00;LENL;N;98700;187924,6;0,00605;1136,94;43,08;0,00;1180,02;0,00;M;355
355;030;202607;202607;ULAX_4765;00;LENL;R;8060;13620,5;0,00423;57,61;2,18;0,00;59,79;0,00;M;355
355;030;202607;;;01;;;2394177;7048408,80;;42279,14;1601,74;0,00;43880,88;0,00;;
356;453;202607;202605;SPO_14671;00;LENL;N;10;20,8;0,00605;0,13;0,00;0,00;0,13;0,00;M;356
356;453;202607;202605;SPO_14671;00;LENL;R;9;10,8;0,00423;0,05;0,00;0,00;0,05;0,00;M;356
356;453;202607;202606;SPO_14671;00;LENL;N;11;18,0;0,00605;0,11;0,00;0,00;0,11;0,00;M;356
356;453;202607;202607;SPO_13439;00;LENL;N;164;661,7;0,00605;4,00;0,15;0,00;4,15;0,00;M;356
356;453;202607;202607;SPO_13439;00;LENL;R;3;21,5;0,00423;0,09;0,00;0,00;0,09;0,00;M;356
356;453;202607;202607;SPO_13443;00;LENL;N;124;420,4;0,00605;2,54;0,10;0,00;2,64;0,00;M;356
356;453;202607;202607;SPO_13443;00;LENL;R;3;4,9;0,00423;0,02;0,00;0,00;0,02;0,00;M;356
356;453;202607;202607;SPO_14671;00;LENL;N;103569;316944,9;0,00605;1917,52;72,65;0,00;1990,17;0,00;M;356
356;453;202607;202607;SPO_14671;00;LENL;R;3542;7346,2;0,00423;31,07;1,18;0,00;32,25;0,00;M;356
356;453;202607;;;01;;;107435;325449,20;;1955,53;74,08;0,00;2029,61;0,00;;
357;457;202607;202605;SPO_10090;00;LENL;N;37;115,7;0,00605;0,70;0,03;0,00;0,73;0,00;M;357
357;457;202607;202605;SPO_10090;00;LENL;R;1;0,5;0,00423;0,00;0,00;0,00;0,00;0,00;M;357
357;457;202607;202606;SPO_10090;00;LENL;N;50;159,6;0,00605;0,97;0,04;0,00;1,01;0,00;M;357
357;457;202607;202606;SPO_10090;00;LENL;R;8;7,8;0,00423;0,03;0,00;0,00;0,03;0,00;M;357
357;457;202607;202607;SPO_10090;00;LENL;N;217096;670433,5;0,00605;4056,12;153,66;0,00;4209,78;0,00;M;357
357;457;202607;202607;SPO_10090;00;LENL;R;9716;19039,1;0,00423;80,54;3,05;0,00;83,59;0,00;M;357
357;457;202607;202607;SPO_13423;00;LENL;N;3;1,6;0,00605;0,01;0,00;0,00;0,01;0,00;M;357
357;457;202607;202607;SPO_13427;00;LENL;N;4;2,0;0,00605;0,01;0,00;0,00;0,01;0,00;M;357
357;457;202607;;;01;;;226915;689759,80;;4138,38;156,78;0,00;4295,16;0,00;;
359;454;202607;202605;SPOX_4511;00;LENL;N;2;10,2;0,00605;0,06;0,00;0,00;0,06;0,00;M;359
359;454;202607;202606;SPOX_4511;00;LENL;N;2;3,2;0,00605;0,02;0,00;0,00;0,02;0,00;M;359
359;454;202607;202607;SPOX_4511;00;LENL;N;110865;441163,2;0,00605;2669,04;101,11;0,00;2770,15;0,00;M;359
359;454;202607;202607;SPOX_4511;00;LENL;R;3169;7077,5;0,00423;29,94;1,13;0,00;31,07;0,00;M;359
359;454;202607;202607;SPO_13447;00;LENL;N;201;834,9;0,00605;5,05;0,19;0,00;5,24;0,00;M;359
359;454;202607;202607;SPO_13447;00;LENL;R;12;55,6;0,00423;0,24;0,01;0,00;0,25;0,00;M;359
359;454;202607;202607;SPO_13451;00;LENL;N;205;856,4;0,00605;5,18;0,20;0,00;5,38;0,00;M;359
359;454;202607;202607;SPO_13451;00;LENL;R;7;16,6;0,00423;0,07;0,00;0,00;0,07;0,00;M;359
359;454;202607;;;01;;;114463;450017,60;;2709,60;102,64;0,00;2812,24;0,00;;
361;050;202607;202605;SPOX_0811;00;LENL;N;4;2,4;0,00608;0,01;0,00;0,00;0,01;0,00;M;361
361;050;202607;202605;SPOX_0835;00;LENL;N;3;21,1;0,00608;0,13;0,00;0,00;0,13;0,00;M;361
361;050;202607;202605;SPO_11364;00;LENL;N;1;0,5;0,00608;0,00;0,00;0,00;0,00;0,00;M;361
361;050;202607;202606;SPOX_0811;00;LENL;N;5;10,0;0,00608;0,06;0,00;0,00;0,06;0,00;M;361
361;050;202607;202606;SPOX_0811;00;LENL;R;6;3,6;0,00425;0,02;0,00;0,00;0,02;0,00;M;361
361;050;202607;202606;SPOX_0835;00;LENL;N;3;5,7;0,00608;0,03;0,00;0,00;0,03;0,00;M;361
361;050;202607;202607;FACX_0068;00;LENL;N;1;3,6;0,00608;0,02;0,00;0,00;0,02;0,00;M;361
361;050;202607;202607;FACX_0068;00;LENL;R;1;5,0;0,00425;0,02;0,00;0,00;0,02;0,00;M;361
361;050;202607;202607;SPOX_0811;00;LENL;N;385839;1262791,0;0,00608;7677,77;290,86;0,00;7968,63;0,00;M;361
361;050;202607;202607;SPOX_0811;00;LENL;R;19618;42300,7;0,00425;179,78;6,81;0,00;186,59;0,00;M;361
361;050;202607;202607;SPOX_0812;00;4LENL;N;36;54,9;0,00608;0,33;0,01;0,00;0,34;0,00;M;361
361;050;202607;202607;SPOX_0812;00;4LENL;R;3;1,7;0,00425;0,01;0,00;0,00;0,01;0,00;M;361
361;050;202607;202607;SPOX_0812;00;LENL;N;105;187,7;0,00608;1,14;0,04;0,00;1,18;0,00;M;361
361;050;202607;202607;SPOX_0812;00;LENL;R;10;38,8;0,00425;0,16;0,01;0,00;0,17;0,00;M;361
361;050;202607;202607;SPOX_0835;00;LENL;N;146329;484280,5;0,00608;2944,43;111,55;0,00;3055,98;0,00;M;361
361;050;202607;202607;SPOX_0835;00;LENL;R;7532;16906,2;0,00425;71,85;2,72;0,00;74,57;0,00;M;361
361;050;202607;202607;SPOX_1885;00;LENL;N;641;1581,0;0,00608;9,61;0,36;0,00;9,97;0,00;M;361
361;050;202607;202607;SPOX_1885;00;LENL;R;6;6,6;0,00425;0,03;0,00;0,00;0,03;0,00;M;361
361;050;202607;202607;SPOX_5224;00;LENL;N;15;30,4;0,00608;0,18;0,01;0,00;0,19;0,00;M;361
361;050;202607;202607;SPOX_5659;00;LENL;N;1;0,5;0,00608;0,00;0,00;0,00;0,00;0,00;M;361
361;050;202607;202607;SPOX_9655;00;LENL;N;12;64,4;0,00608;0,39;0,01;0,00;0,40;0,00;M;361
361;050;202607;202607;SPOX_9655;00;LENL;R;1;17,1;0,00425;0,07;0,00;0,00;0,07;0,00;M;361
361;050;202607;202607;SPO_11360;00;LENL;N;23982;51585,6;0,00608;313,64;11,88;0,00;325,52;0,00;M;361
361;050;202607;202607;SPO_11360;00;LENL;R;1747;2917,2;0,00425;12,40;0,47;0,00;12,87;0,00;M;361
361;050;202607;202607;SPO_11361;00;LENL;N;1;6,7;0,00608;0,04;0,00;0,00;0,04;0,00;M;361
361;050;202607;202607;SPO_11364;00;LENL;N;238147;768551,6;0,00608;4672,79;177,02;0,00;4849,81;0,00;M;361
361;050;202607;202607;SPO_11364;00;LENL;R;10023;19212,7;0,00425;81,65;3,10;0,00;84,75;0,00;M;361
361;050;202607;202607;SPO_11368;00;LENL;N;45511;118805,3;0,00608;722,34;27,36;0,00;749,70;0,00;M;361
361;050;202607;202607;SPO_11368;00;LENL;R;2334;3914,2;0,00425;16,64;0,63;0,00;17,27;0,00;M;361
361;050;202607;;;01;;;881917;2773306,70;;16705,54;632,84;0,00;17338,38;0,00;;
363;045;202607;202605;SPO_10064;00;LENL;N;1;0,5;0,00608;0,00;0,00;0,00;0,00;0,00;M;363
363;045;202607;202606;SPO_10064;00;LENL;N;1;1,7;0,00608;0,01;0,00;0,00;0,01;0,00;M;363
363;045;202607;202607;FACX_5042;00;LENL;N;1;1,1;0,00608;0,01;0,00;0,00;0,01;0,00;M;363
363;045;202607;202607;FACX_6176;00;LENL;N;2;3,4;0,00608;0,02;0,00;0,00;0,02;0,00;M;363
363;045;202607;202607;SPOX_4701;00;4LENL;N;196;381,5;0,00608;2,32;0,09;0,00;2,41;0,00;M;363
363;045;202607;202607;SPOX_4701;00;4LENL;R;9;4,9;0,00425;0,02;0,00;0,00;0,02;0,00;M;363
363;045;202607;202607;SPOX_4701;00;LENL;N;195;329,9;0,00608;2,01;0,08;0,00;2,09;0,00;M;363
363;045;202607;202607;SPOX_4701;00;LENL;R;18;24,1;0,00425;0,10;0,00;0,00;0,10;0,00;M;363
363;045;202607;202607;SPOX_4723;00;4LENL;N;242;437,1;0,00608;2,66;0,10;0,00;2,76;0,00;M;363
363;045;202607;202607;SPOX_4723;00;4LENL;R;8;5,5;0,00425;0,02;0,00;0,00;0,02;0,00;M;363
363;045;202607;202607;SPOX_4723;00;LENL;N;176;288,6;0,00608;1,75;0,07;0,00;1,82;0,00;M;363
363;045;202607;202607;SPOX_4723;00;LENL;R;24;28,4;0,00425;0,12;0,00;0,00;0,12;0,00;M;363
363;045;202607;202607;SPOX_4824;00;LENL;N;127;263,7;0,00608;1,60;0,06;0,00;1,66;0,00;M;363
363;045;202607;202607;SPOX_4824;00;LENL;R;10;9,3;0,00425;0,04;0,00;0,00;0,04;0,00;M;363
363;045;202607;202607;SPOX_4839;00;LENL;N;138;299,5;0,00608;1,82;0,07;0,00;1,89;0,00;M;363
363;045;202607;202607;SPOX_4839;00;LENL;R;3;2,2;0,00425;0,01;0,00;0,00;0,01;0,00;M;363
363;045;202607;202607;SPOX_4912;00;LENL;N;15;29,2;0,00608;0,18;0,01;0,00;0,19;0,00;M;363
363;045;202607;202607;SPOX_4953;00;LENL;N;9;19,9;0,00608;0,12;0,00;0,00;0,12;0,00;M;363
363;045;202607;202607;SPOX_6698;00;LENL;N;204161;633295,5;0,00608;3850,44;145,87;0,00;3996,31;0,00;M;363
363;045;202607;202607;SPOX_6698;00;LENL;R;8156;15648,2;0,00425;66,50;2,52;0,00;69,02;0,00;M;363
363;045;202607;202607;SPOX_6699;00;LENL;N;81;391,5;0,00608;2,38;0,09;0,00;2,47;0,00;M;363
363;045;202607;202607;SPOX_6699;00;LENL;R;1;2,6;0,00425;0,01;0,00;0,00;0,01;0,00;M;363
363;045;202607;202607;SPOX_9655;00;LENL;N;9;18,2;0,00608;0,11;0,00;0,00;0,11;0,00;M;363
363;045;202607;202607;SPOX_9655;00;LENL;R;1;5,6;0,00425;0,02;0,00;0,00;0,02;0,00;M;363
363;045;202607;202607;SPO_10064;00;LENL;N;176768;489432,2;0,00608;2975,75;112,73;0,00;3088,48;0,00;M;363
363;045;202607;202607;SPO_10064;00;LENL;R;7397;14500,3;0,00425;61,63;2,34;0,00;63,97;0,00;M;363
363;045;202607;202607;SPO_10151;00;LENL;N;5;18,8;0,00608;0,11;0,00;0,00;0,11;0,00;M;363
363;045;202607;202607;SPO_10155;00;LENL;N;2;1,8;0,00608;0,01;0,00;0,00;0,01;0,00;M;363
363;045;202607;202607;SPO_10685;00;LENL;N;23460;65444,0;0,00608;397,90;15,07;0,00;412,97;0,00;M;363
363;045;202607;202607;SPO_10685;00;LENL;R;1018;2438,6;0,00425;10,36;0,39;0,00;10,75;0,00;M;363
363;045;202607;202607;SPO_11141;00;LENL;N;4;8,1;0,00608;0,05;0,00;0,00;0,05;0,00;M;363
363;045;202607;202607;SPO_11181;00;LENL;N;1;7,8;0,00608;0,05;0,00;0,00;0,05;0,00;M;363
363;045;202607;;;01;;;422239;1223343,70;;7378,13;279,49;0,00;7657,62;0,00;;
364;078;202607;202605;SPO_10320;00;LENL;N;3;2,0;0,00605;0,01;0,00;0,00;0,01;0,00;M;364
364;078;202607;202605;SPO_10939;00;LENL;N;3;6,4;0,00605;0,04;0,00;0,00;0,04;0,00;M;364
364;078;202607;202606;SPO_10320;00;LENL;N;1;2,2;0,00605;0,01;0,00;0,00;0,01;0,00;M;364
364;078;202607;202606;SPO_10939;00;LENL;N;1;3,4;0,00605;0,02;0,00;0,00;0,02;0,00;M;364
364;078;202607;202607;SPO_10320;00;LENL;N;76068;295987,3;0,00605;1790,72;67,84;0,00;1858,56;0,00;M;364
364;078;202607;202607;SPO_10320;00;LENL;R;2367;4634,1;0,00423;19,60;0,74;0,00;20,34;0,00;M;364
364;078;202607;202607;SPO_10498;00;LENL;N;996;4174,8;0,00605;25,26;0,96;0,00;26,22;0,00;M;364
364;078;202607;202607;SPO_10498;00;LENL;R;59;29,5;0,00423;0,12;0,00;0,00;0,12;0,00;M;364
364;078;202607;202607;SPO_10510;00;LENL;N;1005;3823,5;0,00605;23,13;0,88;0,00;24,01;0,00;M;364
364;078;202607;202607;SPO_10510;00;LENL;R;64;41,7;0,00423;0,18;0,01;0,00;0,19;0,00;M;364
364;078;202607;202607;SPO_10939;00;LENL;N;78351;309347,9;0,00605;1871,55;70,90;0,00;1942,45;0,00;M;364
364;078;202607;202607;SPO_10939;00;LENL;R;2307;4196,1;0,00423;17,75;0,67;0,00;18,42;0,00;M;364
364;078;202607;;;01;;;161225;622248,90;;3748,39;142,00;0,00;3890,39;0,00;;
431;044;202607;202607;FACX_0068;00;LENL;N;1;6,0;0,00608;0,04;0,00;0,00;0,04;0,00;M;431
431;044;202607;202607;FACX_0068;00;LENL;R;1;2,3;0,00425;0,01;0,00;0,00;0,01;0,00;M;431
431;044;202607;202607;SPOX_0810;00;LENL;N;1;2,5;0,00608;0,02;0,00;0,00;0,02;0,00;M;431
431;044;202607;202607;SPOX_5597;00;LENL;N;1760;5597,6;0,00608;34,03;1,29;0,00;35,32;0,00;M;431
431;044;202607;202607;SPOX_5597;00;LENL;R;51;142,0;0,00425;0,60;0,02;0,00;0,62;0,00;M;431
431;044;202607;202607;SPOX_6436;00;LENL;N;2;1,0;0,00608;0,01;0,00;0,00;0,01;0,00;M;431
431;044;202607;202607;SPOX_9655;00;LENL;N;4;15,7;0,00608;0,10;0,00;0,00;0,10;0,00;M;431
431;044;202607;202607;SPOX_9655;00;LENL;R;1;0,5;0,00425;0,00;0,00;0,00;0,00;0,00;M;431
431;044;202607;202607;SPO_10151;00;LENL;N;16;16,0;0,00608;0,10;0,00;0,00;0,10;0,00;M;431
431;044;202607;202607;SPO_10155;00;LENL;N;16;16,2;0,00608;0,10;0,00;0,00;0,10;0,00;M;431
431;044;202607;202607;SPO_11140;00;LENL;N;165;357,2;0,00608;2,17;0,08;0,00;2,25;0,00;M;431
431;044;202607;202607;SPO_11140;00;LENL;R;54;119,8;0,00425;0,51;0,02;0,00;0,53;0,00;M;431
431;044;202607;202607;SPO_11141;00;LENL;N;268;350,2;0,00608;2,13;0,08;0,00;2,21;0,00;M;431
431;044;202607;202607;SPO_11144;00;LENL;N;213787;749599,9;0,00608;4557,57;172,66;0,00;4730,23;0,00;M;431
431;044;202607;202607;SPO_11144;00;LENL;R;13233;27393,8;0,00425;116,42;4,41;0,00;120,83;0,00;M;431
431;044;202607;202607;SPO_11152;00;LENL;N;21732;75563,8;0,00608;459,43;17,40;0,00;476,83;0,00;M;431
431;044;202607;202607;SPO_11152;00;LENL;R;951;2142,0;0,00425;9,10;0,35;0,00;9,45;0,00;M;431
431;044;202607;202607;SPO_11153;00;LENL;N;1;0,5;0,00608;0,00;0,00;0,00;0,00;0,00;M;431
431;044;202607;202607;SPO_11180;00;LENL;N;34798;97132,1;0,00608;590,56;22,37;0,00;612,93;0,00;M;431
431;044;202607;202607;SPO_11180;00;LENL;R;2548;5880,7;0,00425;24,99;0,95;0,00;25,94;0,00;M;431
431;044;202607;202607;SPO_11181;00;LENL;N;71;267,0;0,00608;1,62;0,06;0,00;1,68;0,00;M;431
431;044;202607;202607;SPO_11181;00;LENL;R;1;0,6;0,00425;0,00;0,00;0,00;0,00;0,00;M;431
431;044;202607;202607;SPO_11184;00;LENL;N;14588;44193,5;0,00608;268,70;10,18;0,00;278,88;0,00;M;431
431;044;202607;202607;SPO_11184;00;LENL;R;797;1663,9;0,00425;7,07;0,27;0,00;7,34;0,00;M;431
431;044;202607;202607;SPO_11185;00;LENL;N;12;158,5;0,00608;0,96;0,04;0,00;1,00;0,00;M;431
431;044;202607;202607;SPO_11401;00;LENL;N;4;18,5;0,00608;0,11;0,00;0,00;0,11;0,00;M;431
431;044;202607;202607;SPO_11404;00;LENL;N;2;1,8;0,00608;0,01;0,00;0,00;0,01;0,00;M;431
431;044;202607;202607;SPO_11404;00;LENL;R;1;1,0;0,00425;0,00;0,00;0,00;0,00;0,00;M;431
431;044;202607;;;01;;;304866;1010644,60;;6076,36;230,18;0,00;6306,54;0,00;;
432;044;202607;202607;SPOX_4305;00;LENL;N;128;761,0;0,00607;4,62;0,18;0,00;4,80;0,00;M;432
432;044;202607;202607;SPOX_4305;00;LENL;R;17;68,6;0,00424;0,29;0,01;0,00;0,30;0,00;M;432
432;044;202607;202607;SPOX_4320;00;LENL;N;126;772,0;0,00607;4,69;0,18;0,00;4,87;0,00;M;432
432;044;202607;202607;SPOX_4320;00;LENL;R;11;62,6;0,00424;0,27;0,01;0,00;0,28;0,00;M;432
432;044;202607;202607;SPO_11152;00;LENL;N;45800;129279,7;0,00607;784,73;29,73;0,00;814,46;0,00;M;432
432;044;202607;202607;SPO_11152;00;LENL;R;2275;5808,5;0,00424;24,63;0,93;0,00;25,56;0,00;M;432
432;044;202607;202607;SPO_14478;00;LENL;N;42;62,4;0,00607;0,38;0,01;0,00;0,39;0,00;M;432
432;044;202607;202607;SPO_14478;00;LENL;R;33;43,6;0,00424;0,18;0,01;0,00;0,19;0,00;M;432
432;044;202607;;;01;;;48432;136858,40;;819,79;31,06;0,00;850,85;0,00;;
661;060;202607;202605;ULAX_1008;00;LENL;N;1;6,6;0,00608;0,04;0,00;0,00;0,04;0,00;M;661
661;060;202607;202605;ULAX_1008;00;LENL;R;1;0,5;0,00425;0,00;0,00;0,00;0,00;0,00;M;661
661;060;202607;202605;ULAX_4036;00;LENL;N;1;4,5;0,00608;0,03;0,00;0,00;0,03;0,00;M;661
661;060;202607;202606;ULAX_1008;00;LENL;N;9;9,9;0,00608;0,06;0,00;0,00;0,06;0,00;M;661
661;060;202607;202606;ULAX_1008;00;LENL;R;1;1,9;0,00425;0,01;0,00;0,00;0,01;0,00;M;661
661;060;202607;202606;ULAX_4036;00;LENL;N;2;2,6;0,00608;0,02;0,00;0,00;0,02;0,00;M;661
661;060;202607;202607;FACX_5135;00;LENL;N;5;3,1;0,00608;0,02;0,00;0,00;0,02;0,00;M;661
661;060;202607;202607;FACX_5135;00;LENL;R;1;0,5;0,00425;0,00;0,00;0,00;0,00;0,00;M;661
661;060;202607;202607;SPOX_9655;00;LENL;N;10;44,2;0,00608;0,27;0,01;0,00;0,28;0,00;M;661
661;060;202607;202607;SPOX_9655;00;LENL;R;4;3,6;0,00425;0,02;0,00;0,00;0,02;0,00;M;661
661;060;202607;202607;SPO_10155;00;LENL;N;2;2,0;0,00608;0,01;0,00;0,00;0,01;0,00;M;661
661;060;202607;202607;SPO_14635;00;LENL;N;1;28,6;0,00608;0,17;0,01;0,00;0,18;0,00;M;661
661;060;202607;202607;ULAX_1008;00;LENL;N;306331;983080,9;0,00608;5977,13;226,43;0,00;6203,56;0,00;M;661
661;060;202607;202607;ULAX_1008;00;LENL;R;11165;25235,5;0,00425;107,25;4,07;0,00;111,32;0,00;M;661
661;060;202607;202607;ULAX_4029;00;LENL;N;52;257,3;0,00608;1,56;0,06;0,00;1,62;0,00;M;661
661;060;202607;202607;ULAX_4029;00;LENL;R;1;1,8;0,00425;0,01;0,00;0,00;0,01;0,00;M;661
661;060;202607;202607;ULAX_4036;00;LENL;N;151686;473276,4;0,00608;2877,52;109,01;0,00;2986,53;0,00;M;661
661;060;202607;202607;ULAX_4036;00;LENL;R;4797;9189,0;0,00425;39,05;1,48;0,00;40,53;0,00;M;661
661;060;202607;202607;ULAX_4038;00;LENL;N;57;382,0;0,00608;2,32;0,09;0,00;2,41;0,00;M;661
661;060;202607;;;01;;;474127;1491530,90;;9005,49;341,16;0,00;9346,65;0,00;;
674;060;202607;202607;ULAX_1008;00;LENL;N;3356;5686,0;0,00608;34,57;1,31;0,00;35,88;0,00;M;674
674;060;202607;202607;ULAX_1008;00;LENL;R;348;294,9;0,00425;1,25;0,05;0,00;1,30;0,00;M;674
674;060;202607;202607;ULAX_4036;00;LENL;N;2061;3306,5;0,00608;20,10;0,76;0,00;20,86;0,00;M;674
674;060;202607;202607;ULAX_4036;00;LENL;R;231;209,1;0,00425;0,89;0,03;0,00;0,92;0,00;M;674
674;060;202607;;;01;;;5996;9496,50;;56,81;2,15;0,00;58,96;0,00;;
674;068;202607;202605;ULAX_0953;00;LENL;N;3;8,0;0,00608;0,05;0,00;0,00;0,05;0,00;M;674
674;068;202607;202605;ULAX_4113;00;LENL;R;3;2,5;0,00425;0,01;0,00;0,00;0,01;0,00;M;674
674;068;202607;202606;ULAX_0953;00;LENL;N;1;8,4;0,00608;0,05;0,00;0,00;0,05;0,00;M;674
674;068;202607;202607;FACX_5061;00;LENL;N;1;1,0;0,00608;0,01;0,00;0,00;0,01;0,00;M;674
674;068;202607;202607;SPOX_9655;00;LENL;N;7;11,6;0,00608;0,07;0,00;0,00;0,07;0,00;M;674
674;068;202607;202607;SPO_10151;00;LENL;N;2;1,2;0,00608;0,01;0,00;0,00;0,01;0,00;M;674
674;068;202607;202607;SPO_10151;00;LENL;R;1;0,5;0,00425;0,00;0,00;0,00;0,00;0,00;M;674
674;068;202607;202607;SPO_10155;00;LENL;N;3;1,7;0,00608;0,01;0,00;0,00;0,01;0,00;M;674
674;068;202607;202607;ULAX_0953;00;LENL;N;14240;50764,6;0,00608;308,65;11,69;0,00;320,34;0,00;M;674
674;068;202607;202607;ULAX_0953;00;LENL;R;237;552,6;0,00425;2,35;0,09;0,00;2,44;0,00;M;674
674;068;202607;202607;ULAX_4006;00;LENL;N;11071;24277,8;0,00608;147,61;5,59;0,00;153,20;0,00;M;674
674;068;202607;202607;ULAX_4006;00;LENL;R;1040;1593,8;0,00425;6,77;0,26;0,00;7,03;0,00;M;674
674;068;202607;202607;ULAX_4029;00;LENL;N;1;2,1;0,00608;0,01;0,00;0,00;0,01;0,00;M;674
674;068;202607;202607;ULAX_4038;00;LENL;N;2;2,9;0,00608;0,02;0,00;0,00;0,02;0,00;M;674
674;068;202607;202607;ULAX_4113;00;LENL;N;375135;1140984,6;0,00608;6937,19;262,80;0,00;7199,99;0,00;M;674
674;068;202607;202607;ULAX_4113;00;LENL;R;14606;29737,3;0,00425;126,38;4,79;0,00;131,17;0,00;M;674
674;068;202607;202607;ULAX_4204;00;LENL;N;173;343,9;0,00608;2,09;0,08;0,00;2,17;0,00;M;674
674;068;202607;202607;ULAX_4204;00;LENL;R;14;34,8;0,00425;0,15;0,01;0,00;0,16;0,00;M;674
674;068;202607;;;01;;;416540;1248329,30;;7531,43;285,31;0,00;7816,74;0,00;;
;;202607;;;;;;14309175,00;43043907,6;;272320,40;10316,33;0,00;282636,73;0,00;;
